# vtk DataFile Version 4.0
[MyVLM domain - lattices] 
ASCII
DATASET UNSTRUCTURED_GRID
POINTS 302 float
1.2444999999999997 -1.2445 0.0
1.2399745454545452 -1.2399745454545454 0.0
1.2346178849721705 -1.2346178849721707 0.0
1.2284300185528754 -1.2284300185528756 0.0
1.2214109461966602 -1.2214109461966605 0.0
1.2135606679035247 -1.213560667903525 0.0
1.2048791836734691 -1.2048791836734694 0.0
1.1953664935064932 -1.1953664935064934 0.0
1.1850225974025972 -1.1850225974025974 0.0
1.1738474953617808 -1.173847495361781 0.0
1.1618411873840442 -1.1618411873840444 0.0
1.1490036734693874 -1.1490036734693876 0.0
1.1353349536178106 -1.1353349536178108 0.0
1.1208350278293133 -1.1208350278293135 0.0
1.1055038961038959 -1.105503896103896 0.0
1.0893415584415582 -1.0893415584415584 0.0
1.0723480148423004 -1.0723480148423006 0.0
1.054523265306122 -1.0545232653061223 0.0
1.0358673098330238 -1.035867309833024 0.0
1.0163801484230053 -1.0163801484230055 0.0
0.9960617810760664 -0.9960617810760668 0.0
0.9749122077922076 -0.9749122077922077 0.0
0.9529314285714284 -0.9529314285714284 0.0
0.9301194434137288 -0.930119443413729 0.0
0.9064762523191091 -0.9064762523191096 0.0
0.8820018552875695 -0.8820018552875695 0.0
0.8566962523191093 -0.8566962523191094 0.0
0.8305594434137288 -0.8305594434137291 0.0
0.8035914285714284 -0.8035914285714285 0.0
0.7757922077922076 -0.7757922077922077 0.0
0.7471617810760666 -0.7471617810760667 0.0
0.7177001484230053 -0.7177001484230054 0.0
0.6874073098330239 -0.687407309833024 0.0
0.6562832653061222 -0.6562832653061225 0.0
0.6243280148423004 -0.6243280148423005 0.0
0.5915415584415582 -0.5915415584415583 0.0
0.5579238961038958 -0.5579238961038959 0.0
0.5234750278293133 -0.5234750278293134 0.0
0.48819495361781057 -0.48819495361781057 0.0
0.4520836734693877 -0.4520836734693877 0.0
0.4151411873840445 -0.4151411873840446 0.0
0.37736749536178105 -0.37736749536178116 0.0
0.3387625974025974 -0.3387625974025974 0.0
0.2993264935064933 -0.29932649350649343 0.0
0.25905918367346925 -0.25905918367346925 0.0
0.21796066790352486 -0.21796066790352486 0.0
0.17603094619666027 -0.1760309461966605 0.0
0.13327001855287546 -0.13327001855287568 0.0
0.08967788497217066 -0.08967788497217066 0.0
0.045254545454545436 -0.045254545454545436 0.0
0.0 0.0 0.0
0.04525454545454545 0.04525454545454546 0.0
0.08967788497217066 0.08967788497217068 0.0
0.13327001855287568 0.1332700185528757 0.0
0.17603094619666046 0.1760309461966605 0.0
0.21796066790352497 0.21796066790352508 0.0
0.2590591836734693 0.25905918367346936 0.0
0.29932649350649343 0.2993264935064935 0.0
0.3387625974025973 0.33876259740259734 0.0
0.37736749536178094 0.377367495361781 0.0
0.41514118738404443 0.4151411873840445 0.0
0.45208367346938766 0.4520836734693878 0.0
0.48819495361781057 0.4881949536178107 0.0
0.5234750278293133 0.5234750278293134 0.0
0.5579238961038959 0.557923896103896 0.0
0.5915415584415582 0.5915415584415583 0.0
0.6243280148423003 0.6243280148423004 0.0
0.6562832653061222 0.6562832653061225 0.0
0.687407309833024 0.6874073098330241 0.0
0.7177001484230054 0.7177001484230056 0.0
0.7471617810760667 0.7471617810760669 0.0
0.7757922077922076 0.7757922077922077 0.0
0.8035914285714284 0.8035914285714285 0.0
0.8305594434137288 0.830559443413729 0.0
0.8566962523191093 0.8566962523191094 0.0
0.8820018552875692 0.8820018552875695 0.0
0.9064762523191091 0.9064762523191093 0.0
0.9301194434137288 0.9301194434137292 0.0
0.9529314285714284 0.9529314285714284 0.0
0.9749122077922076 0.9749122077922077 0.0
0.9960617810760666 0.9960617810760668 0.0
1.0163801484230053 1.0163801484230055 0.0
1.0358673098330238 1.035867309833024 0.0
1.054523265306122 1.0545232653061223 0.0
1.0723480148423001 1.0723480148423004 0.0
1.0893415584415582 1.0893415584415584 0.0
1.1055038961038959 1.105503896103896 0.0
1.120835027829313 1.1208350278293133 0.0
1.1353349536178106 1.1353349536178106 0.0
1.1490036734693874 1.1490036734693876 0.0
1.1618411873840444 1.1618411873840446 0.0
1.1738474953617808 1.173847495361781 0.0
1.1850225974025972 1.1850225974025972 0.0
1.1953664935064932 1.1953664935064934 0.0
1.2048791836734691 1.2048791836734694 0.0
1.2135606679035245 1.2135606679035247 0.0
1.22141094619666 1.2214109461966602 0.0
1.2284300185528754 1.2284300185528756 0.0
1.2346178849721703 1.2346178849721705 0.0
1.2399745454545452 1.2399745454545454 0.0
1.2444999999999997 1.2445 0.0
1.7422999999999997 -1.2445 0.0
1.7377745454545452 -1.2399745454545454 0.0
1.7324178849721703 -1.2346178849721707 0.0
1.7262300185528754 -1.2284300185528756 0.0
1.7192109461966603 -1.2214109461966605 0.0
1.7113606679035245 -1.213560667903525 0.0
1.7026791836734692 -1.2048791836734694 0.0
1.6931664935064934 -1.1953664935064934 0.0
1.6828225974025972 -1.1850225974025974 0.0
1.6716474953617806 -1.173847495361781 0.0
1.6596411873840444 -1.1618411873840444 0.0
1.6468036734693878 -1.1490036734693876 0.0
1.6331349536178106 -1.1353349536178108 0.0
1.6186350278293133 -1.1208350278293135 0.0
1.603303896103896 -1.105503896103896 0.0
1.5871415584415582 -1.0893415584415584 0.0
1.5701480148423004 -1.0723480148423006 0.0
1.552323265306122 -1.0545232653061223 0.0
1.5336673098330238 -1.035867309833024 0.0
1.5141801484230053 -1.0163801484230055 0.0
1.4938617810760666 -0.9960617810760668 0.0
1.4727122077922075 -0.9749122077922077 0.0
1.4507314285714283 -0.9529314285714284 0.0
1.4279194434137288 -0.930119443413729 0.0
1.4042762523191092 -0.9064762523191096 0.0
1.3798018552875693 -0.8820018552875695 0.0
1.3544962523191093 -0.8566962523191094 0.0
1.328359443413729 -0.8305594434137291 0.0
1.3013914285714283 -0.8035914285714285 0.0
1.2735922077922077 -0.7757922077922077 0.0
1.2449617810760665 -0.7471617810760667 0.0
1.2155001484230055 -0.7177001484230054 0.0
1.1852073098330238 -0.687407309833024 0.0
1.1540832653061224 -0.6562832653061225 0.0
1.1221280148423003 -0.6243280148423005 0.0
1.0893415584415582 -0.5915415584415583 0.0
1.055723896103896 -0.5579238961038959 0.0
1.0212750278293132 -0.5234750278293134 0.0
0.9859949536178108 -0.48819495361781057 0.0
0.9498836734693876 -0.4520836734693877 0.0
0.9129411873840445 -0.4151411873840446 0.0
0.875167495361781 -0.37736749536178116 0.0
0.8365625974025973 -0.3387625974025974 0.0
0.7971264935064933 -0.29932649350649343 0.0
0.7568591836734693 -0.25905918367346925 0.0
0.7157606679035249 -0.21796066790352486 0.0
0.6738309461966603 -0.1760309461966605 0.0
0.6310700185528755 -0.13327001855287568 0.0
0.5874778849721707 -0.08967788497217066 0.0
0.5430545454545455 -0.045254545454545436 0.0
0.4978 0.0 0.0
0.5430545454545455 0.04525454545454546 0.0
0.5874778849721707 0.08967788497217068 0.0
0.6310700185528757 0.1332700185528757 0.0
0.6738309461966605 0.1760309461966605 0.0
0.715760667903525 0.21796066790352508 0.0
0.7568591836734693 0.25905918367346936 0.0
0.7971264935064934 0.2993264935064935 0.0
0.8365625974025973 0.33876259740259734 0.0
0.875167495361781 0.377367495361781 0.0
0.9129411873840445 0.4151411873840445 0.0
0.9498836734693876 0.4520836734693878 0.0
0.9859949536178105 0.4881949536178107 0.0
1.0212750278293132 0.5234750278293134 0.0
1.055723896103896 0.557923896103896 0.0
1.0893415584415582 0.5915415584415583 0.0
1.1221280148423003 0.6243280148423004 0.0
1.1540832653061224 0.6562832653061225 0.0
1.185207309833024 0.6874073098330241 0.0
1.2155001484230055 0.7177001484230056 0.0
1.2449617810760667 0.7471617810760669 0.0
1.2735922077922077 0.7757922077922077 0.0
1.3013914285714283 0.8035914285714285 0.0
1.3283594434137287 0.830559443413729 0.0
1.3544962523191093 0.8566962523191094 0.0
1.3798018552875693 0.8820018552875695 0.0
1.4042762523191092 0.9064762523191093 0.0
1.427919443413729 0.9301194434137292 0.0
1.4507314285714283 0.9529314285714284 0.0
1.4727122077922075 0.9749122077922077 0.0
1.4938617810760666 0.9960617810760668 0.0
1.5141801484230053 1.0163801484230055 0.0
1.5336673098330238 1.035867309833024 0.0
1.552323265306122 1.0545232653061223 0.0
1.5701480148423002 1.0723480148423004 0.0
1.5871415584415582 1.0893415584415584 0.0
1.603303896103896 1.105503896103896 0.0
1.6186350278293131 1.1208350278293133 0.0
1.6331349536178106 1.1353349536178106 0.0
1.6468036734693874 1.1490036734693876 0.0
1.6596411873840444 1.1618411873840446 0.0
1.6716474953617806 1.173847495361781 0.0
1.6828225974025972 1.1850225974025972 0.0
1.6931664935064934 1.1953664935064934 0.0
1.7026791836734692 1.2048791836734694 0.0
1.7113606679035245 1.2135606679035247 0.0
1.71921094619666 1.2214109461966602 0.0
1.7262300185528754 1.2284300185528756 0.0
1.7324178849721703 1.2346178849721705 0.0
1.7377745454545452 1.2399745454545454 0.0
1.7422999999999997 1.2445 0.0
1.6155872727272724 -1.2422372727272726 0.0
1.6106462152133578 -1.237296215213358 0.0
1.604873951762523 -1.2315239517625232 0.0
1.598270482374768 -1.224920482374768 0.0
1.5908358070500925 -1.2174858070500927 0.0
1.582569925788497 -1.2092199257884972 0.0
1.5734728385899812 -1.2001228385899814 0.0
1.5635445454545454 -1.1901945454545453 0.0
1.552785046382189 -1.1794350463821892 0.0
1.5411943413729126 -1.1678443413729127 0.0
1.5287724304267158 -1.155422430426716 0.0
1.5155193135435991 -1.142169313543599 0.0
1.501434990723562 -1.1280849907235622 0.0
1.4865194619666047 -1.1131694619666048 0.0
1.4707727272727271 -1.0974227272727273 0.0
1.4541947866419294 -1.0808447866419293 0.0
1.4367856400742112 -1.0634356400742113 0.0
1.418545287569573 -1.0451952875695731 0.0
1.3994737291280146 -1.0261237291280147 0.0
1.379570964749536 -1.0062209647495362 0.0
1.358836994434137 -0.9854869944341371 0.0
1.337271818181818 -0.9639218181818181 0.0
1.3148754359925787 -0.9415254359925787 0.0
1.291647847866419 -0.9182978478664192 0.0
1.2675890538033394 -0.8942390538033393 0.0
1.2426990538033393 -0.8693490538033395 0.0
1.2169778478664193 -0.8436278478664192 0.0
1.1904254359925788 -0.8170754359925788 0.0
1.163041818181818 -0.7896918181818181 0.0
1.1348269944341371 -0.7614769944341371 0.0
1.105780964749536 -0.7324309647495362 0.0
1.0759037291280147 -0.7025537291280148 0.0
1.0451952875695731 -0.6718452875695733 0.0
1.0136556400742114 -0.6403056400742114 0.0
0.9812847866419293 -0.6079347866419293 0.0
0.9480827272727271 -0.5747327272727272 0.0
0.9140494619666047 -0.5406994619666048 0.0
0.8791849907235622 -0.5058349907235622 0.0
0.8434893135435992 -0.47013931354359917 0.0
0.8069624304267162 -0.43361243042671627 0.0
0.7696043413729128 -0.3962543413729128 0.0
0.7314150463821893 -0.3580650463821894 0.0
0.6923945454545455 -0.3190445454545454 0.0
0.6525428385899814 -0.27919283858998134 0.0
0.6118599257884971 -0.23850992578849706 0.0
0.5703458070500929 -0.19699580705009279 0.0
0.5280004823747682 -0.15465048237476808 0.0
0.4848239517625232 -0.11147395176252317 0.0
0.4408162152133581 -0.06746621521335805 0.0
0.39597727272727273 -0.022627272727272718 0.0
0.39597727272727273 0.02262727272727273 0.0
0.4408162152133581 0.06746621521335806 0.0
0.4848239517625232 0.11147395176252319 0.0
0.528000482374768 0.15465048237476808 0.0
0.5703458070500929 0.19699580705009276 0.0
0.6118599257884971 0.23850992578849717 0.0
0.6525428385899814 0.2791928385899814 0.0
0.6923945454545455 0.3190445454545454 0.0
0.7314150463821891 0.3580650463821891 0.0
0.7696043413729128 0.39625434137291277 0.0
0.8069624304267162 0.43361243042671616 0.0
0.8434893135435992 0.4701393135435992 0.0
0.8791849907235619 0.5058349907235621 0.0
0.9140494619666046 0.5406994619666047 0.0
0.9480827272727271 0.5747327272727272 0.0
0.9812847866419294 0.6079347866419295 0.0
1.0136556400742114 0.6403056400742114 0.0
1.0451952875695731 0.6718452875695732 0.0
1.0759037291280147 0.7025537291280147 0.0
1.105780964749536 0.7324309647495362 0.0
1.1348269944341371 0.7614769944341373 0.0
1.163041818181818 0.789691818181818 0.0
1.1904254359925786 0.8170754359925786 0.0
1.216977847866419 0.843627847866419 0.0
1.2426990538033393 0.8693490538033394 0.0
1.2675890538033392 0.8942390538033393 0.0
1.291647847866419 0.9182978478664192 0.0
1.3148754359925787 0.9415254359925787 0.0
1.3372718181818182 0.9639218181818181 0.0
1.3588369944341372 0.9854869944341373 0.0
1.379570964749536 1.0062209647495362 0.0
1.3994737291280148 1.0261237291280147 0.0
1.418545287569573 1.0451952875695731 0.0
1.4367856400742112 1.0634356400742113 0.0
1.4541947866419291 1.0808447866419293 0.0
1.470772727272727 1.097422727272727 0.0
1.4865194619666047 1.1131694619666048 0.0
1.501434990723562 1.128084990723562 0.0
1.5155193135435991 1.1421693135435993 0.0
1.528772430426716 1.1554224304267162 0.0
1.5411943413729128 1.1678443413729127 0.0
1.5527850463821888 1.179435046382189 0.0
1.5635445454545451 1.1901945454545453 0.0
1.573472838589981 1.2001228385899811 0.0
1.5825699257884969 1.209219925788497 0.0
1.5908358070500925 1.2174858070500927 0.0
1.5982704823747678 1.224920482374768 0.0
1.604873951762523 1.2315239517625232 0.0
1.6106462152133578 1.237296215213358 0.0
1.6155872727272724 1.2422372727272726 0.0

CELLS 200 700
4 0 101 102 1
4 1 102 103 2
4 2 103 104 3
4 3 104 105 4
4 4 105 106 5
4 5 106 107 6
4 6 107 108 7
4 7 108 109 8
4 8 109 110 9
4 9 110 111 10
4 10 111 112 11
4 11 112 113 12
4 12 113 114 13
4 13 114 115 14
4 14 115 116 15
4 15 116 117 16
4 16 117 118 17
4 17 118 119 18
4 18 119 120 19
4 19 120 121 20
4 20 121 122 21
4 21 122 123 22
4 22 123 124 23
4 23 124 125 24
4 24 125 126 25
4 25 126 127 26
4 26 127 128 27
4 27 128 129 28
4 28 129 130 29
4 29 130 131 30
4 30 131 132 31
4 31 132 133 32
4 32 133 134 33
4 33 134 135 34
4 34 135 136 35
4 35 136 137 36
4 36 137 138 37
4 37 138 139 38
4 38 139 140 39
4 39 140 141 40
4 40 141 142 41
4 41 142 143 42
4 42 143 144 43
4 43 144 145 44
4 44 145 146 45
4 45 146 147 46
4 46 147 148 47
4 47 148 149 48
4 48 149 150 49
4 49 150 151 50
4 50 151 152 51
4 51 152 153 52
4 52 153 154 53
4 53 154 155 54
4 54 155 156 55
4 55 156 157 56
4 56 157 158 57
4 57 158 159 58
4 58 159 160 59
4 59 160 161 60
4 60 161 162 61
4 61 162 163 62
4 62 163 164 63
4 63 164 165 64
4 64 165 166 65
4 65 166 167 66
4 66 167 168 67
4 67 168 169 68
4 68 169 170 69
4 69 170 171 70
4 70 171 172 71
4 71 172 173 72
4 72 173 174 73
4 73 174 175 74
4 74 175 176 75
4 75 176 177 76
4 76 177 178 77
4 77 178 179 78
4 78 179 180 79
4 79 180 181 80
4 80 181 182 81
4 81 182 183 82
4 82 183 184 83
4 83 184 185 84
4 84 185 186 85
4 85 186 187 86
4 86 187 188 87
4 87 188 189 88
4 88 189 190 89
4 89 190 191 90
4 90 191 192 91
4 91 192 193 92
4 92 193 194 93
4 93 194 195 94
4 94 195 196 95
4 95 196 197 96
4 96 197 198 97
4 97 198 199 98
4 98 199 200 99
4 99 200 201 100
1 202
1 203
1 204
1 205
1 206
1 207
1 208
1 209
1 210
1 211
1 212
1 213
1 214
1 215
1 216
1 217
1 218
1 219
1 220
1 221
1 222
1 223
1 224
1 225
1 226
1 227
1 228
1 229
1 230
1 231
1 232
1 233
1 234
1 235
1 236
1 237
1 238
1 239
1 240
1 241
1 242
1 243
1 244
1 245
1 246
1 247
1 248
1 249
1 250
1 251
1 252
1 253
1 254
1 255
1 256
1 257
1 258
1 259
1 260
1 261
1 262
1 263
1 264
1 265
1 266
1 267
1 268
1 269
1 270
1 271
1 272
1 273
1 274
1 275
1 276
1 277
1 278
1 279
1 280
1 281
1 282
1 283
1 284
1 285
1 286
1 287
1 288
1 289
1 290
1 291
1 292
1 293
1 294
1 295
1 296
1 297
1 298
1 299
1 300
1 301

CELL_TYPES 200
9
9
9
9
9
9
9
9
9
9
9
9
9
9
9
9
9
9
9
9
9
9
9
9
9
9
9
9
9
9
9
9
9
9
9
9
9
9
9
9
9
9
9
9
9
9
9
9
9
9
9
9
9
9
9
9
9
9
9
9
9
9
9
9
9
9
9
9
9
9
9
9
9
9
9
9
9
9
9
9
9
9
9
9
9
9
9
9
9
9
9
9
9
9
9
9
9
9
9
9
1
1
1
1
1
1
1
1
1
1
1
1
1
1
1
1
1
1
1
1
1
1
1
1
1
1
1
1
1
1
1
1
1
1
1
1
1
1
1
1
1
1
1
1
1
1
1
1
1
1
1
1
1
1
1
1
1
1
1
1
1
1
1
1
1
1
1
1
1
1
1
1
1
1
1
1
1
1
1
1
1
1
1
1
1
1
1
1
1
1
1
1
1
1
1
1
1
1
1
1

CELL_DATA 200

VECTORS Vinf float
9.154633272049352 0.15269313752651215 3.9694448785592624
9.153375360724851 0.15510953962802887 3.999489046793133
9.153847936150953 0.15405260026454926 3.9874800966788833
9.15294134950392 0.1562415212392807 4.011050455432088
9.153336051461622 0.1551894098520279 4.0003742949773375
9.154132384416982 0.15349045395851135 3.980509199361951
9.154352131841108 0.15309050679206848 3.9752433972169463
9.155848878977224 0.15126267075538635 3.945105262260586
9.157091635820791 0.1504177302122116 3.924573399286419
9.159269619343206 0.1496984362602234 3.8944242970754215
9.161889750120565 0.1495445966720581 3.864654190998227
9.165520879981443 0.14996254444122314 3.8300137297917907
9.163092452642843 0.1496233344078064 3.8524954097081725
9.161288160440847 0.14953413605690002 3.8709867076684543
9.161232832429334 0.14953464269638062 3.8715905921269957
9.161954301950857 0.14954529702663422 3.863911487322003
9.16116725241892 0.1495332270860672 3.8723055200387546
9.164089042303488 0.14973369240760803 3.8429041878987853
9.16258266901724 0.14957846701145172 3.85756254957214
9.158556509373113 0.14985111355781555 3.903645135622174
9.157891396043226 0.1500590592622757 3.912756718855053
9.158326971886083 0.14991727471351624 3.906771101217419
9.158770564553663 0.1498008519411087 3.9009159283448764
9.16054977810137 0.1495528221130371 3.8793190495778624
9.157650220749304 0.1501554697751999 3.9163211362172667
9.157986346242353 0.1500295102596283 3.9115571753789484
9.158326852676794 0.14992046356201172 3.9068889097978174
9.159865233657285 0.14961214363574982 3.887370951633603
9.160265255329534 0.149573415517807 3.8826806025315825
9.159315291402265 0.14969252049922943 3.8941059486676757
9.160822067019865 0.1495312750339508 3.876160599451214
9.15819536483042 0.14994513988494873 3.908541061144025
9.156789663789198 0.15056456625461578 3.9292530195523807
9.157024535891935 0.1504340022802353 3.925594963293225
9.157261836883947 0.15031446516513824 3.9219942169000217
9.159364241716787 0.14966684579849243 3.893337197761685
9.159650493023321 0.1496247500181198 3.88984040186897
9.159938487765714 0.14959047734737396 3.886400409202725
9.16022776400797 0.14956356585025787 3.8830188588906833
9.160517919418737 0.14954330027103424 3.8796963767816135
9.160807627794668 0.14953026175498962 3.8764359133054325
9.16347447371237 0.14964446425437927 3.8488931433965266
9.163827497122213 0.14968612790107727 3.845536209802777
9.160366493818685 0.1495526283979416 3.881497539739758
9.160620007274076 0.14953751862049103 3.878609873514325
9.160874817130491 0.1495271623134613 3.875759460191876
9.166657346842214 0.15016169846057892 3.820297368030698
9.166995245573446 0.1502338945865631 3.81747592256561
9.166703004000112 0.1501726508140564 3.8198934273530543
9.173440131900236 0.15197639167308807 3.7687625365068023
9.173459607717916 0.15198305249214172 3.7686249987889826
9.16675451731436 0.15018612146377563 3.8194457666684687
9.167045417783186 0.15024776756763458 3.8170402722169468
9.16670534348242 0.1501748263835907 3.819870866995007
9.166363555548116 0.15010428428649902 3.8227486686517302
9.166020664927885 0.15003624558448792 3.825674571256787
9.160387429950163 0.14955288171768188 3.881232895116955
9.163854438421652 0.1496921181678772 3.845282145004422
9.160194832441732 0.1495743840932846 3.8835270182897155
9.158257294056341 0.1499398946762085 3.9078914301206176
9.158009204623625 0.15002013742923737 3.911313571195752
9.157762292382642 0.15011009573936462 3.9147930519391605
9.15751786863558 0.15020966529846191 3.91832647488609
9.157275709865019 0.15031951665878296 3.92191306517616
9.155762884375974 0.15134625136852264 3.94690141842857
9.155563909170553 0.15153363347053528 3.9505471067239344
9.155367318150923 0.1517338901758194 3.954246558408887
9.155173096415922 0.1519477814435959 3.9579965250302855
9.156290892121717 0.15091067552566528 3.937578566532285
9.158436838147566 0.14988595247268677 3.9053355531503264
9.159351322410032 0.1496894806623459 3.893652804355771
9.160302195308134 0.14957298338413239 3.882243789892346
9.15989961063616 0.14961063861846924 3.886948920946271
9.158353302237913 0.14991553127765656 3.906510181884915
9.158011111972257 0.1500234603881836 3.911192216138989
9.157673049328253 0.1501486748456955 3.915970243673474
9.159259859082624 0.14970530569553375 3.8946966306974
9.158807519433424 0.1497962325811386 3.9004298226644103
9.15706354713194 0.15043644607067108 3.925076283674389
9.156674507615492 0.15065762400627136 3.9311765210439265
9.157247293350622 0.15033933520317078 3.9222156779576847
9.160926911590025 0.14954392611980438 3.8750621156503264
9.160300228354856 0.14957588911056519 3.882121540765912
9.158212679979727 0.1499606817960739 3.908348776559979
9.159004125354215 0.14975740015506744 3.8978649453927576
9.159766379353925 0.14963127672672272 3.888391889791638
9.15880498623602 0.14980150759220123 3.9004182593633234
9.163436460850164 0.1496613472700119 3.8491486089040343
9.163110781071111 0.14962902665138245 3.8523499743749205
9.160810175893232 0.14954957365989685 3.8763524071981017
9.158385980484411 0.14990603923797607 3.9059225098897525
9.156483295915052 0.150784432888031 3.9342958109189574
9.154780003783628 0.1524529606103897 3.9659413473416874
9.153561535832807 0.1546310931444168 3.9942991064597675
9.153166789171621 0.1556234359741211 4.004879214029462
9.153043660876676 0.15594981610774994 4.008169926862866
9.152333724853918 0.15813951194286346 4.028170682649762
9.152857545373365 0.15650810301303864 4.013525955538899
9.152470025775358 0.15770377218723297 4.024393178682477
9.153408724424764 0.15504206717014313 3.99869117901817
9.154633272049352 0.15269313752651215 3.9694448785592624
9.153375360724851 0.15510953962802887 3.999489046793133
9.153847936150953 0.15405260026454926 3.9874800966788833
9.15294134950392 0.1562415212392807 4.011050455432088
9.153336051461622 0.1551894098520279 4.0003742949773375
9.154132384416982 0.15349045395851135 3.980509199361951
9.154352131841108 0.15309050679206848 3.9752433972169463
9.155848878977224 0.15126267075538635 3.945105262260586
9.157091635820791 0.1504177302122116 3.924573399286419
9.159269619343206 0.1496984362602234 3.8944242970754215
9.161889750120565 0.1495445966720581 3.864654190998227
9.165520879981443 0.14996254444122314 3.8300137297917907
9.163092452642843 0.1496233344078064 3.8524954097081725
9.161288160440847 0.14953413605690002 3.8709867076684543
9.161232832429334 0.14953464269638062 3.8715905921269957
9.161954301950857 0.14954529702663422 3.863911487322003
9.16116725241892 0.1495332270860672 3.8723055200387546
9.164089042303488 0.14973369240760803 3.8429041878987853
9.16258266901724 0.14957846701145172 3.85756254957214
9.158556509373113 0.14985111355781555 3.903645135622174
9.157891396043226 0.1500590592622757 3.912756718855053
9.158326971886083 0.14991727471351624 3.906771101217419
9.158770564553663 0.1498008519411087 3.9009159283448764
9.16054977810137 0.1495528221130371 3.8793190495778624
9.157650220749304 0.1501554697751999 3.9163211362172667
9.157986346242353 0.1500295102596283 3.9115571753789484
9.158326852676794 0.14992046356201172 3.9068889097978174
9.159865233657285 0.14961214363574982 3.887370951633603
9.160265255329534 0.149573415517807 3.8826806025315825
9.159315291402265 0.14969252049922943 3.8941059486676757
9.160822067019865 0.1495312750339508 3.876160599451214
9.15819536483042 0.14994513988494873 3.908541061144025
9.156789663789198 0.15056456625461578 3.9292530195523807
9.157024535891935 0.1504340022802353 3.925594963293225
9.157261836883947 0.15031446516513824 3.9219942169000217
9.159364241716787 0.14966684579849243 3.893337197761685
9.159650493023321 0.1496247500181198 3.88984040186897
9.159938487765714 0.14959047734737396 3.886400409202725
9.16022776400797 0.14956356585025787 3.8830188588906833
9.160517919418737 0.14954330027103424 3.8796963767816135
9.160807627794668 0.14953026175498962 3.8764359133054325
9.16347447371237 0.14964446425437927 3.8488931433965266
9.163827497122213 0.14968612790107727 3.845536209802777
9.160366493818685 0.1495526283979416 3.881497539739758
9.160620007274076 0.14953751862049103 3.878609873514325
9.160874817130491 0.1495271623134613 3.875759460191876
9.166657346842214 0.15016169846057892 3.820297368030698
9.166995245573446 0.1502338945865631 3.81747592256561
9.166703004000112 0.1501726508140564 3.8198934273530543
9.173440131900236 0.15197639167308807 3.7687625365068023
9.173459607717916 0.15198305249214172 3.7686249987889826
9.16675451731436 0.15018612146377563 3.8194457666684687
9.167045417783186 0.15024776756763458 3.8170402722169468
9.16670534348242 0.1501748263835907 3.819870866995007
9.166363555548116 0.15010428428649902 3.8227486686517302
9.166020664927885 0.15003624558448792 3.825674571256787
9.160387429950163 0.14955288171768188 3.881232895116955
9.163854438421652 0.1496921181678772 3.845282145004422
9.160194832441732 0.1495743840932846 3.8835270182897155
9.158257294056341 0.1499398946762085 3.9078914301206176
9.158009204623625 0.15002013742923737 3.911313571195752
9.157762292382642 0.15011009573936462 3.9147930519391605
9.15751786863558 0.15020966529846191 3.91832647488609
9.157275709865019 0.15031951665878296 3.92191306517616
9.155762884375974 0.15134625136852264 3.94690141842857
9.155563909170553 0.15153363347053528 3.9505471067239344
9.155367318150923 0.1517338901758194 3.954246558408887
9.155173096415922 0.1519477814435959 3.9579965250302855
9.156290892121717 0.15091067552566528 3.937578566532285
9.158436838147566 0.14988595247268677 3.9053355531503264
9.159351322410032 0.1496894806623459 3.893652804355771
9.160302195308134 0.14957298338413239 3.882243789892346
9.15989961063616 0.14961063861846924 3.886948920946271
9.158353302237913 0.14991553127765656 3.906510181884915
9.158011111972257 0.1500234603881836 3.911192216138989
9.157673049328253 0.1501486748456955 3.915970243673474
9.159259859082624 0.14970530569553375 3.8946966306974
9.158807519433424 0.1497962325811386 3.9004298226644103
9.15706354713194 0.15043644607067108 3.925076283674389
9.156674507615492 0.15065762400627136 3.9311765210439265
9.157247293350622 0.15033933520317078 3.9222156779576847
9.160926911590025 0.14954392611980438 3.8750621156503264
9.160300228354856 0.14957588911056519 3.882121540765912
9.158212679979727 0.1499606817960739 3.908348776559979
9.159004125354215 0.14975740015506744 3.8978649453927576
9.159766379353925 0.14963127672672272 3.888391889791638
9.15880498623602 0.14980150759220123 3.9004182593633234
9.163436460850164 0.1496613472700119 3.8491486089040343
9.163110781071111 0.14962902665138245 3.8523499743749205
9.160810175893232 0.14954957365989685 3.8763524071981017
9.158385980484411 0.14990603923797607 3.9059225098897525
9.156483295915052 0.150784432888031 3.9342958109189574
9.154780003783628 0.1524529606103897 3.9659413473416874
9.153561535832807 0.1546310931444168 3.9942991064597675
9.153166789171621 0.1556234359741211 4.004879214029462
9.153043660876676 0.15594981610774994 4.008169926862866
9.152333724853918 0.15813951194286346 4.028170682649762
9.152857545373365 0.15650810301303864 4.013525955538899
9.152470025775358 0.15770377218723297 4.024393178682477
9.153408724424764 0.15504206717014313 3.99869117901817

VECTORS L float
-0.013517853342960906 0.0 0.028989130044412937
-0.021960871698083754 0.0 0.047095241336963106
-0.03041197354418063 0.0 0.06521868773184897
-0.03936028380549486 0.0 0.08440840101410403
-0.04893554325446571 0.0 0.10494261116809656
-0.059169288293259494 0.0 0.1268889482265202
-0.07003513464001822 0.0 0.15019083091433777
-0.08153936781041932 0.0 0.17486173856341855
-0.09363206827246168 0.0 0.20079461839191753
-0.10629820747624873 0.0 0.22795724157057629
-0.11950427379524901 0.0 0.2562777421843806
-0.1332502037462412 0.0 0.2857559840931229
-0.1473521443564881 0.0 0.31599769332441224
-0.16178097196190167 0.0 0.346940413979061
-0.176515987085799 0.0 0.37853975588607175
-0.1915191898410073 0.0 0.41071422802442414
-0.20666109373468172 0.0 0.4431861457140995
-0.22209660036242876 0.0 0.4762876964988742
-0.23757621114556862 0.0 0.509483828950112
-0.2529174134265364 0.0 0.5423831434105845
-0.2682507012569717 0.0 0.575265485277118
-0.28354222935423534 0.0 0.6080582731068661
-0.298727958043677 0.0 0.6406241733743544
-0.3139190261745782 0.0 0.6732015241110041
-0.32865249327614426 0.0 0.7047975462734125
-0.3432399318201142 0.0 0.736080409183464
-0.3575454960227738 0.0 0.7667587906178612
-0.37167017601053876 0.0 0.7970492646016061
-0.38547708015597854 0.0 0.8266582660923136
-0.39882810364754506 0.0 0.855289628365864
-0.4120037974597576 0.0 0.8835449949286686
-0.42447771328537254 0.0 0.9102953937425535
-0.4363357237727422 0.0 0.9357249792961928
-0.4476526573003363 0.0 0.959994221565065
-0.4582849069180621 0.0 0.9827951544508632
-0.4684474669802762 0.0 1.0045888348343752
-0.47784940484525207 0.0 1.0247513556520167
-0.4865021427753167 0.0 1.043307212024396
-0.49433571712422014 0.0 1.0601063664279455
-0.5012693493267817 0.0 1.0749755886706067
-0.5071917349769409 0.0 1.0876761856832997
-0.5122921718361513 0.0 1.0986141078254983
-0.5163058514126968 0.0 1.107221471454108
-0.518720387905379 0.0 1.112399461672488
-0.5196292934425326 0.0 1.1143486158870035
-0.5185131476341605 0.0 1.1119550334766517
-0.5152065296999335 0.0 1.1048639684332209
-0.5072925119460092 0.0 1.0878923025908946
-0.48651459232443345 0.0 1.043333910168634
-0.3723250399257098 0.0 0.7984536247996824
-0.3548944706913271 0.0 0.7610736484481276
-0.46905367619226235 0.0 1.0058888546847562
-0.48976901940802325 0.0 1.050313051571686
-0.4976125093418304 0.0 1.0671334700156825
-0.500973035141478 0.0 1.0743401408495779
-0.5019297259340986 0.0 1.0763917708751405
-0.5010864370821442 0.0 1.0745833320961355
-0.49932928399708165 0.0 1.0708151051448245
-0.49583605342312953 0.0 1.0633238480040486
-0.4915084625532765 0.0 1.0540432994345148
-0.48621776763132724 0.0 1.0426973675600897
-0.47986174358291617 0.0 1.0290668300013468
-0.47256406450753 0.0 1.0134169067205236
-0.46441360988218083 0.0 0.995938200371163
-0.4554188883601856 0.0 0.9766489578191881
-0.44585898864474066 0.0 0.9561476867200388
-0.43555901601717856 0.0 0.934059324139173
-0.42459701711927655 0.0 0.9105512416400041
-0.41309830122582875 0.0 0.885892165829532
-0.40097948103481085 0.0 0.8599032720614832
-0.3882249657984092 0.0 0.8325511258692753
-0.37509662427450263 0.0 0.8043973066164446
-0.3615878924947952 0.0 0.7754277378275547
-0.3478065118544395 0.0 0.7458734716701353
-0.3338825741358224 0.0 0.7160134908718169
-0.31970771351832394 0.0 0.6856154041803331
-0.30538051240242703 0.0 0.6548906222357599
-0.29073064284598416 0.0 0.6234738755874057
-0.2759520730443357 0.0 0.5917811303725372
-0.2611869895216766 0.0 0.5601173065762931
-0.24636363459144006 0.0 0.5283285193432313
-0.23152607482656484 0.0 0.49650926974398224
-0.21649738360527424 0.0 0.4642801374137233
-0.20158743844000668 0.0 0.4323056568223889
-0.1869231314221671 0.0 0.400857948938155
-0.17238375925319938 0.0 0.3696781647019397
-0.15802646206617055 0.0 0.33888884152454396
-0.1440380274099348 0.0 0.30889054659715065
-0.13025076050037726 0.0 0.2793236572946921
-0.11688704090180922 0.0 0.2506650681318137
-0.10401644923505744 0.0 0.22306399523141182
-0.09167133843836425 0.0 0.19658981969344605
-0.07987454328156758 0.0 0.17129151083986194
-0.06866099369221212 0.0 0.14724397614201207
-0.05805637800084026 0.0 0.12450230440252083
-0.04806707782828364 0.0 0.10308018105142584
-0.03869944793757225 0.0 0.08299123392202305
-0.029943693151095723 0.0 0.06421445718813945
-0.0216646868510186 0.0 0.04646007088268182
-0.013372612642037986 0.0 0.028677660356144066
-0.013517853342960906 0.0 0.028989130044412937
-0.021960871698083754 0.0 0.047095241336963106
-0.03041197354418063 0.0 0.06521868773184897
-0.03936028380549486 0.0 0.08440840101410403
-0.04893554325446571 0.0 0.10494261116809656
-0.059169288293259494 0.0 0.1268889482265202
-0.07003513464001822 0.0 0.15019083091433777
-0.08153936781041932 0.0 0.17486173856341855
-0.09363206827246168 0.0 0.20079461839191753
-0.10629820747624873 0.0 0.22795724157057629
-0.11950427379524901 0.0 0.2562777421843806
-0.1332502037462412 0.0 0.2857559840931229
-0.1473521443564881 0.0 0.31599769332441224
-0.16178097196190167 0.0 0.346940413979061
-0.176515987085799 0.0 0.37853975588607175
-0.1915191898410073 0.0 0.41071422802442414
-0.20666109373468172 0.0 0.4431861457140995
-0.22209660036242876 0.0 0.4762876964988742
-0.23757621114556862 0.0 0.509483828950112
-0.2529174134265364 0.0 0.5423831434105845
-0.2682507012569717 0.0 0.575265485277118
-0.28354222935423534 0.0 0.6080582731068661
-0.298727958043677 0.0 0.6406241733743544
-0.3139190261745782 0.0 0.6732015241110041
-0.32865249327614426 0.0 0.7047975462734125
-0.3432399318201142 0.0 0.736080409183464
-0.3575454960227738 0.0 0.7667587906178612
-0.37167017601053876 0.0 0.7970492646016061
-0.38547708015597854 0.0 0.8266582660923136
-0.39882810364754506 0.0 0.855289628365864
-0.4120037974597576 0.0 0.8835449949286686
-0.42447771328537254 0.0 0.9102953937425535
-0.4363357237727422 0.0 0.9357249792961928
-0.4476526573003363 0.0 0.959994221565065
-0.4582849069180621 0.0 0.9827951544508632
-0.4684474669802762 0.0 1.0045888348343752
-0.47784940484525207 0.0 1.0247513556520167
-0.4865021427753167 0.0 1.043307212024396
-0.49433571712422014 0.0 1.0601063664279455
-0.5012693493267817 0.0 1.0749755886706067
-0.5071917349769409 0.0 1.0876761856832997
-0.5122921718361513 0.0 1.0986141078254983
-0.5163058514126968 0.0 1.107221471454108
-0.518720387905379 0.0 1.112399461672488
-0.5196292934425326 0.0 1.1143486158870035
-0.5185131476341605 0.0 1.1119550334766517
-0.5152065296999335 0.0 1.1048639684332209
-0.5072925119460092 0.0 1.0878923025908946
-0.48651459232443345 0.0 1.043333910168634
-0.3723250399257098 0.0 0.7984536247996824
-0.3548944706913271 0.0 0.7610736484481276
-0.46905367619226235 0.0 1.0058888546847562
-0.48976901940802325 0.0 1.050313051571686
-0.4976125093418304 0.0 1.0671334700156825
-0.500973035141478 0.0 1.0743401408495779
-0.5019297259340986 0.0 1.0763917708751405
-0.5010864370821442 0.0 1.0745833320961355
-0.49932928399708165 0.0 1.0708151051448245
-0.49583605342312953 0.0 1.0633238480040486
-0.4915084625532765 0.0 1.0540432994345148
-0.48621776763132724 0.0 1.0426973675600897
-0.47986174358291617 0.0 1.0290668300013468
-0.47256406450753 0.0 1.0134169067205236
-0.46441360988218083 0.0 0.995938200371163
-0.4554188883601856 0.0 0.9766489578191881
-0.44585898864474066 0.0 0.9561476867200388
-0.43555901601717856 0.0 0.934059324139173
-0.42459701711927655 0.0 0.9105512416400041
-0.41309830122582875 0.0 0.885892165829532
-0.40097948103481085 0.0 0.8599032720614832
-0.3882249657984092 0.0 0.8325511258692753
-0.37509662427450263 0.0 0.8043973066164446
-0.3615878924947952 0.0 0.7754277378275547
-0.3478065118544395 0.0 0.7458734716701353
-0.3338825741358224 0.0 0.7160134908718169
-0.31970771351832394 0.0 0.6856154041803331
-0.30538051240242703 0.0 0.6548906222357599
-0.29073064284598416 0.0 0.6234738755874057
-0.2759520730443357 0.0 0.5917811303725372
-0.2611869895216766 0.0 0.5601173065762931
-0.24636363459144006 0.0 0.5283285193432313
-0.23152607482656484 0.0 0.49650926974398224
-0.21649738360527424 0.0 0.4642801374137233
-0.20158743844000668 0.0 0.4323056568223889
-0.1869231314221671 0.0 0.400857948938155
-0.17238375925319938 0.0 0.3696781647019397
-0.15802646206617055 0.0 0.33888884152454396
-0.1440380274099348 0.0 0.30889054659715065
-0.13025076050037726 0.0 0.2793236572946921
-0.11688704090180922 0.0 0.2506650681318137
-0.10401644923505744 0.0 0.22306399523141182
-0.09167133843836425 0.0 0.19658981969344605
-0.07987454328156758 0.0 0.17129151083986194
-0.06866099369221212 0.0 0.14724397614201207
-0.05805637800084026 0.0 0.12450230440252083
-0.04806707782828364 0.0 0.10308018105142584
-0.03869944793757225 0.0 0.08299123392202305
-0.029943693151095723 0.0 0.06421445718813945
-0.0216646868510186 0.0 0.04646007088268182
-0.013372612642037986 0.0 0.028677660356144066

SCALARS Gamma float
LOOKUP_TABLE default
0.4355406442582657
0.6704773518877174
0.8633302815112281
1.0377773905078083
1.2011056681149141
1.356895167732993
1.5070917396001482
1.6521939378213533
1.7930040096866595
1.9295556187322294
2.062079116700766
2.1906837367431677
2.3162464457290737
2.4374530917613972
2.553445978451923
2.6640418162755015
2.7694336974272034
2.868589313491968
2.963222555293522
3.052898687654016
3.135504107087971
3.2111714293513702
3.2804106094062635
3.343300771139294
3.4018562942702366
3.453360925599842
3.498737157007412
3.5380150256151777
3.5725373099678213
3.6025947758673493
3.6270196237386623
3.6483382147109777
3.6642272951133616
3.673668659527904
3.677393064113019
3.674931376012724
3.668511484819027
3.657461094274377
3.641603522177542
3.620778555340986
3.5947536555049813
3.5626572762053716
3.5268328410205925
3.4875409665404944
3.4404037973782877
3.3864462970161275
3.3245685055372176
3.261840357429488
3.1993704099312623
3.1420686715430954
3.1418663592740472
3.1987185292405553
3.2606274209767
3.3224288281691297
3.3813579710050066
3.436475970478269
3.488951557382163
3.532171422697252
3.573198824953069
3.608353622751263
3.636787748551151
3.6594930459449246
3.6768127321236106
3.6890317411282028
3.6968386050210453
3.698379286328227
3.694180337577057
3.684116904706934
3.6673563243486766
3.6447660608380295
3.6179637134023093
3.5866397975078574
3.551248169773246
3.5113826558411363
3.465668871065093
3.4140952365414448
3.3559965587085565
3.292867447365478
3.2242936619900697
3.14886526139796
3.0663995655394514
2.9768463984460167
2.882715541630845
2.7833072902575555
2.6773469634081795
2.565763666522405
2.449188892013963
2.3267094527833923
2.2008363120474828
2.07144354016911
1.938253975206354
1.801074768651704
1.6598052881696048
1.514069614278803
1.3632315061139708
1.206571513242755
1.042593437074506
0.8674572497912209
0.6737256421609514
0.43769551915458976
0.4355406442582657
0.6704773518877174
0.8633302815112281
1.0377773905078083
1.2011056681149141
1.356895167732993
1.5070917396001482
1.6521939378213533
1.7930040096866595
1.9295556187322294
2.062079116700766
2.1906837367431677
2.3162464457290737
2.4374530917613972
2.553445978451923
2.6640418162755015
2.7694336974272034
2.868589313491968
2.963222555293522
3.052898687654016
3.135504107087971
3.2111714293513702
3.2804106094062635
3.343300771139294
3.4018562942702366
3.453360925599842
3.498737157007412
3.5380150256151777
3.5725373099678213
3.6025947758673493
3.6270196237386623
3.6483382147109777
3.6642272951133616
3.673668659527904
3.677393064113019
3.674931376012724
3.668511484819027
3.657461094274377
3.641603522177542
3.620778555340986
3.5947536555049813
3.5626572762053716
3.5268328410205925
3.4875409665404944
3.4404037973782877
3.3864462970161275
3.3245685055372176
3.261840357429488
3.1993704099312623
3.1420686715430954
3.1418663592740472
3.1987185292405553
3.2606274209767
3.3224288281691297
3.3813579710050066
3.436475970478269
3.488951557382163
3.532171422697252
3.573198824953069
3.608353622751263
3.636787748551151
3.6594930459449246
3.6768127321236106
3.6890317411282028
3.6968386050210453
3.698379286328227
3.694180337577057
3.684116904706934
3.6673563243486766
3.6447660608380295
3.6179637134023093
3.5866397975078574
3.551248169773246
3.5113826558411363
3.465668871065093
3.4140952365414448
3.3559965587085565
3.292867447365478
3.2242936619900697
3.14886526139796
3.0663995655394514
2.9768463984460167
2.882715541630845
2.7833072902575555
2.6773469634081795
2.565763666522405
2.449188892013963
2.3267094527833923
2.2008363120474828
2.07144354016911
1.938253975206354
1.801074768651704
1.6598052881696048
1.514069614278803
1.3632315061139708
1.206571513242755
1.042593437074506
0.8674572497912209
0.6737256421609514
0.43769551915458976

VECTORS Vvpm float
0.0915554016828537 0.15269313752651215 -0.25673773884773254
0.09029749035835266 0.15510953962802887 -0.22669357061386106
0.09077006578445435 0.15405260026454926 -0.2387025207281113
0.08986347913742065 0.1562415212392807 -0.21513216197490692
0.09025818109512329 0.1551894098520279 -0.22580832242965695
0.0910545140504837 0.15349045395851135 -0.24567341804504392
0.09127426147460938 0.15309050679206848 -0.2509392201900482
0.0927710086107254 0.15126267075538635 -0.2810773551464081
0.0940137654542923 0.1504177302122116 -0.30160921812057495
0.09619174897670746 0.1496984362602234 -0.3317583203315735
0.09881187975406647 0.1495445966720581 -0.3615284264087677
0.10244300961494444 0.14996254444122314 -0.39616888761520386
0.1000145822763443 0.1496233344078064 -0.373687207698822
0.09821029007434845 0.14953413605690002 -0.35519590973854065
0.0981549620628357 0.14953464269638062 -0.3545920252799988
0.09887643158435822 0.14954529702663422 -0.36227113008499146
0.09808938205242157 0.1495332270860672 -0.35387709736824036
0.10101117193698883 0.14973369240760803 -0.38327842950820923
0.09950479865074158 0.14957846701145172 -0.3686200678348541
0.09547863900661469 0.14985111355781555 -0.32253748178482056
0.0948135256767273 0.1500590592622757 -0.3134258985519409
0.09524910151958466 0.14991727471351624 -0.3194115161895752
0.0956926941871643 0.1498008519411087 -0.32526668906211853
0.09747190773487091 0.1495528221130371 -0.3468635678291321
0.09457235038280487 0.1501554697751999 -0.3098614811897278
0.09490847587585449 0.1500295102596283 -0.31462544202804565
0.0952489823102951 0.14992046356201172 -0.31929370760917664
0.09678736329078674 0.14961214363574982 -0.3388116657733917
0.09718738496303558 0.149573415517807 -0.343502014875412
0.0962374210357666 0.14969252049922943 -0.33207666873931885
0.09774419665336609 0.1495312750339508 -0.35002201795578003
0.0951174944639206 0.14994513988494873 -0.31764155626296997
0.09371179342269897 0.15056456625461578 -0.29692959785461426
0.0939466655254364 0.1504340022802353 -0.30058765411376953
0.09418396651744843 0.15031446516513824 -0.30418840050697327
0.09628637135028839 0.14966684579849243 -0.33284541964530945
0.0965726226568222 0.1496247500181198 -0.3363422155380249
0.0968606173992157 0.14959047734737396 -0.3397822082042694
0.09714989364147186 0.14956356585025787 -0.34316375851631165
0.09744004905223846 0.14954330027103424 -0.34648624062538147
0.09772975742816925 0.14953026175498962 -0.3497467041015625
0.10039660334587097 0.14964446425437927 -0.37728947401046753
0.10074962675571442 0.14968612790107727 -0.38064640760421753
0.09728862345218658 0.1495526283979416 -0.34468507766723633
0.09754213690757751 0.14953751862049103 -0.3475727438926697
0.09779694676399231 0.1495271623134613 -0.3504231572151184
0.10357947647571564 0.15016169846057892 -0.405885249376297
0.10391737520694733 0.1502338945865631 -0.4087066948413849
0.10362513363361359 0.1501726508140564 -0.4062891900539399
0.11036226153373718 0.15197639167308807 -0.45742008090019226
0.11038173735141754 0.15198305249214172 -0.45755761861801153
0.1036766469478607 0.15018612146377563 -0.4067368507385254
0.10396754741668703 0.15024776756763458 -0.4091423451900482
0.103627473115921 0.1501748263835907 -0.40631175041198736
0.10328568518161772 0.15010428428649902 -0.4034339487552643
0.10294279456138611 0.15003624558448792 -0.4005080461502075
0.09730955958366394 0.14955288171768188 -0.34494972229003906
0.1007765680551529 0.1496921181678772 -0.38090047240257263
0.09711696207523346 0.1495743840932846 -0.34265559911727905
0.09517942368984222 0.1499398946762085 -0.31829118728637695
0.09493133425712585 0.15002013742923737 -0.3148690462112427
0.0946844220161438 0.15011009573936462 -0.3113895654678345
0.09443999826908112 0.15020966529846191 -0.30785614252090454
0.0941978394985199 0.15031951665878296 -0.30426955223083496
0.09268501400947571 0.15134625136852264 -0.2792811989784241
0.09248603880405426 0.15153363347053528 -0.2756355106830597
0.09228944778442383 0.1517338901758194 -0.2719360589981079
0.09209522604942322 0.1519477814435959 -0.268186092376709
0.0932130217552185 0.15091067552566528 -0.2886040508747101
0.0953589677810669 0.14988595247268677 -0.3208470642566681
0.09627345204353333 0.1496894806623459 -0.33252981305122375
0.09722432494163513 0.14957298338413239 -0.34393882751464844
0.09682174026966095 0.14961063861846924 -0.3392336964607239
0.09527543187141418 0.14991553127765656 -0.31967243552207947
0.09493324160575867 0.1500234603881836 -0.31499040126800537
0.09459517896175385 0.1501486748456955 -0.3102123737335205
0.09618198871612549 0.14970530569553375 -0.3314859867095947
0.09572964906692505 0.1497962325811386 -0.32575279474258423
0.0939856767654419 0.15043644607067108 -0.301106333732605
0.09359663724899292 0.15065762400627136 -0.2950060963630676
0.09416942298412323 0.15033933520317078 -0.3039669394493103
0.097849041223526 0.14954392611980438 -0.3511205017566681
0.09722235798835754 0.14957588911056519 -0.34406107664108276
0.09513480961322784 0.1499606817960739 -0.3178338408470154
0.09592625498771667 0.14975740015506744 -0.32831767201423645
0.09668850898742676 0.14963127672672272 -0.33779072761535645
0.0957271158695221 0.14980150759220123 -0.32576435804367065
0.10035859048366547 0.1496613472700119 -0.3770340085029602
0.10003291070461273 0.14962902665138245 -0.373832643032074
0.0977323055267334 0.14954957365989685 -0.3498302102088928
0.09530811011791229 0.14990603923797607 -0.32026010751724243
0.09340542554855347 0.150784432888031 -0.2918868064880371
0.09170213341712952 0.1524529606103897 -0.2602412700653076
0.0904836654663086 0.1546310931444168 -0.23188351094722748
0.09008891880512238 0.1556234359741211 -0.22130340337753296
0.08996579051017761 0.15594981610774994 -0.21801269054412845
0.08925585448741913 0.15813951194286346 -0.19801193475723267
0.08977967500686646 0.15650810301303864 -0.21265666186809543
0.08939215540885925 0.15770377218723297 -0.20178943872451782
0.09033085405826569 0.15504206717014313 -0.22749143838882446
0.0915554016828537 0.15269313752651215 -0.25673773884773254
0.09029749035835266 0.15510953962802887 -0.22669357061386106
0.09077006578445435 0.15405260026454926 -0.2387025207281113
0.08986347913742065 0.1562415212392807 -0.21513216197490692
0.09025818109512329 0.1551894098520279 -0.22580832242965695
0.0910545140504837 0.15349045395851135 -0.24567341804504392
0.09127426147460938 0.15309050679206848 -0.2509392201900482
0.0927710086107254 0.15126267075538635 -0.2810773551464081
0.0940137654542923 0.1504177302122116 -0.30160921812057495
0.09619174897670746 0.1496984362602234 -0.3317583203315735
0.09881187975406647 0.1495445966720581 -0.3615284264087677
0.10244300961494444 0.14996254444122314 -0.39616888761520386
0.1000145822763443 0.1496233344078064 -0.373687207698822
0.09821029007434845 0.14953413605690002 -0.35519590973854065
0.0981549620628357 0.14953464269638062 -0.3545920252799988
0.09887643158435822 0.14954529702663422 -0.36227113008499146
0.09808938205242157 0.1495332270860672 -0.35387709736824036
0.10101117193698883 0.14973369240760803 -0.38327842950820923
0.09950479865074158 0.14957846701145172 -0.3686200678348541
0.09547863900661469 0.14985111355781555 -0.32253748178482056
0.0948135256767273 0.1500590592622757 -0.3134258985519409
0.09524910151958466 0.14991727471351624 -0.3194115161895752
0.0956926941871643 0.1498008519411087 -0.32526668906211853
0.09747190773487091 0.1495528221130371 -0.3468635678291321
0.09457235038280487 0.1501554697751999 -0.3098614811897278
0.09490847587585449 0.1500295102596283 -0.31462544202804565
0.0952489823102951 0.14992046356201172 -0.31929370760917664
0.09678736329078674 0.14961214363574982 -0.3388116657733917
0.09718738496303558 0.149573415517807 -0.343502014875412
0.0962374210357666 0.14969252049922943 -0.33207666873931885
0.09774419665336609 0.1495312750339508 -0.35002201795578003
0.0951174944639206 0.14994513988494873 -0.31764155626296997
0.09371179342269897 0.15056456625461578 -0.29692959785461426
0.0939466655254364 0.1504340022802353 -0.30058765411376953
0.09418396651744843 0.15031446516513824 -0.30418840050697327
0.09628637135028839 0.14966684579849243 -0.33284541964530945
0.0965726226568222 0.1496247500181198 -0.3363422155380249
0.0968606173992157 0.14959047734737396 -0.3397822082042694
0.09714989364147186 0.14956356585025787 -0.34316375851631165
0.09744004905223846 0.14954330027103424 -0.34648624062538147
0.09772975742816925 0.14953026175498962 -0.3497467041015625
0.10039660334587097 0.14964446425437927 -0.37728947401046753
0.10074962675571442 0.14968612790107727 -0.38064640760421753
0.09728862345218658 0.1495526283979416 -0.34468507766723633
0.09754213690757751 0.14953751862049103 -0.3475727438926697
0.09779694676399231 0.1495271623134613 -0.3504231572151184
0.10357947647571564 0.15016169846057892 -0.405885249376297
0.10391737520694733 0.1502338945865631 -0.4087066948413849
0.10362513363361359 0.1501726508140564 -0.4062891900539399
0.11036226153373718 0.15197639167308807 -0.45742008090019226
0.11038173735141754 0.15198305249214172 -0.45755761861801153
0.1036766469478607 0.15018612146377563 -0.4067368507385254
0.10396754741668703 0.15024776756763458 -0.4091423451900482
0.103627473115921 0.1501748263835907 -0.40631175041198736
0.10328568518161772 0.15010428428649902 -0.4034339487552643
0.10294279456138611 0.15003624558448792 -0.4005080461502075
0.09730955958366394 0.14955288171768188 -0.34494972229003906
0.1007765680551529 0.1496921181678772 -0.38090047240257263
0.09711696207523346 0.1495743840932846 -0.34265559911727905
0.09517942368984222 0.1499398946762085 -0.31829118728637695
0.09493133425712585 0.15002013742923737 -0.3148690462112427
0.0946844220161438 0.15011009573936462 -0.3113895654678345
0.09443999826908112 0.15020966529846191 -0.30785614252090454
0.0941978394985199 0.15031951665878296 -0.30426955223083496
0.09268501400947571 0.15134625136852264 -0.2792811989784241
0.09248603880405426 0.15153363347053528 -0.2756355106830597
0.09228944778442383 0.1517338901758194 -0.2719360589981079
0.09209522604942322 0.1519477814435959 -0.268186092376709
0.0932130217552185 0.15091067552566528 -0.2886040508747101
0.0953589677810669 0.14988595247268677 -0.3208470642566681
0.09627345204353333 0.1496894806623459 -0.33252981305122375
0.09722432494163513 0.14957298338413239 -0.34393882751464844
0.09682174026966095 0.14961063861846924 -0.3392336964607239
0.09527543187141418 0.14991553127765656 -0.31967243552207947
0.09493324160575867 0.1500234603881836 -0.31499040126800537
0.09459517896175385 0.1501486748456955 -0.3102123737335205
0.09618198871612549 0.14970530569553375 -0.3314859867095947
0.09572964906692505 0.1497962325811386 -0.32575279474258423
0.0939856767654419 0.15043644607067108 -0.301106333732605
0.09359663724899292 0.15065762400627136 -0.2950060963630676
0.09416942298412323 0.15033933520317078 -0.3039669394493103
0.097849041223526 0.14954392611980438 -0.3511205017566681
0.09722235798835754 0.14957588911056519 -0.34406107664108276
0.09513480961322784 0.1499606817960739 -0.3178338408470154
0.09592625498771667 0.14975740015506744 -0.32831767201423645
0.09668850898742676 0.14963127672672272 -0.33779072761535645
0.0957271158695221 0.14980150759220123 -0.32576435804367065
0.10035859048366547 0.1496613472700119 -0.3770340085029602
0.10003291070461273 0.14962902665138245 -0.373832643032074
0.0977323055267334 0.14954957365989685 -0.3498302102088928
0.09530811011791229 0.14990603923797607 -0.32026010751724243
0.09340542554855347 0.150784432888031 -0.2918868064880371
0.09170213341712952 0.1524529606103897 -0.2602412700653076
0.0904836654663086 0.1546310931444168 -0.23188351094722748
0.09008891880512238 0.1556234359741211 -0.22130340337753296
0.08996579051017761 0.15594981610774994 -0.21801269054412845
0.08925585448741913 0.15813951194286346 -0.19801193475723267
0.08977967500686646 0.15650810301303864 -0.21265666186809543
0.08939215540885925 0.15770377218723297 -0.20178943872451782
0.09033085405826569 0.15504206717014313 -0.22749143838882446

VECTORS Vvpm_BBp float
0.09950907528400421 0.1495620757341385 -0.36859211325645447
0.10459350049495698 0.15039125084877014 -0.4142603576183319
0.10798363387584686 0.15127357840538025 -0.4404116570949554
0.1123208999633789 0.15261003375053406 -0.47063782811164856
0.1134762316942215 0.15299326181411743 -0.47823193669319153
0.12068898975849152 0.155551940202713 -0.5223361253738403
0.12150663137435913 0.15585605800151825 -0.5270439982414246
0.12814024090766907 0.1583889126777649 -0.5635681748390198
0.13173562288284302 0.15979784727096558 -0.5823125839233398
0.13323456048965454 0.1603911966085434 -0.5899519920349121
0.13108086585998535 0.1595369130373001 -0.5789408683776855
0.13360287249088287 0.16053712368011475 -0.5918211340904236
0.1315186321735382 0.1597093641757965 -0.5812047719955444
0.13022640347480774 0.15919777750968933 -0.5745161771774292
0.12721523642539978 0.1580207645893097 -0.558616578578949
0.1280156821012497 0.1583293080329895 -0.5628762245178223
0.13039147853851318 0.15925823152065277 -0.5753602385520935
0.129851832985878 0.15904510021209717 -0.5725476145744324
0.1305357813835144 0.15931206941604614 -0.5760968923568726
0.12573471665382385 0.15743964910507202 -0.5505861043930054
0.1249733567237854 0.15714527666568756 -0.5464078783988953
0.12559331953525543 0.15738153457641602 -0.5497902035713196
0.12453962862491606 0.1569778323173523 -0.5440122485160828
0.1222371459007263 0.15610457956790924 -0.5311233997344971
0.12277981638908385 0.15630792081356049 -0.5341876149177551
0.12942512333393097 0.15886513888835907 -0.5702766180038452
0.12844735383987427 0.1584804654121399 -0.5651124715805054
0.12769922614097595 0.15818770229816437 -0.561133861541748
0.12818260490894318 0.15837478637695312 -0.5636998414993286
0.1224980354309082 0.15619319677352905 -0.5325763821601868
0.12299898266792297 0.1563803106546402 -0.535389244556427
0.12349209189414978 0.15656539797782898 -0.5381422638893127
0.11681546270847319 0.15410657227039337 -0.4991489052772522
0.11724451184272766 0.15425843000411987 -0.5017635822296143
0.11767004430294035 0.15441027283668518 -0.5043405890464783
0.11809132993221284 0.15456148982048035 -0.5068782567977905
0.11850899457931519 0.15471194684505463 -0.509377658367157
0.11892302334308623 0.15486161410808563 -0.5118380784988403
0.11677089333534242 0.1540863811969757 -0.49883949756622314
0.11721470952033997 0.15424425899982452 -0.5015518069267273
0.11549703776836395 0.15363749861717224 -0.4909386932849884
0.12488311529159546 0.15708114206790924 -0.545837938785553
0.1252519190311432 0.15722228586673737 -0.5478608012199402
0.12561608850955963 0.15736187994480133 -0.5498493909835815
0.12597550451755524 0.15749983489513397 -0.551803708076477
0.12633027136325836 0.15763631463050842 -0.5537246465682983
0.1266801357269287 0.15777108073234558 -0.5556125044822693
0.1217704564332962 0.1558961719274521 -0.5283801555633545
0.12611517310142517 0.15755559504032135 -0.5525708198547363
0.1392618715763092 0.1627555936574936 -0.6196398138999939
0.1261151134967804 0.15755659341812134 -0.552570104598999
0.12177170813083647 0.15589819848537445 -0.5283787846565247
0.1266794502735138 0.15777233242988586 -0.5556111335754395
0.1263291984796524 0.15763729810714722 -0.5537227988243103
0.1259743720293045 0.15750111639499664 -0.551801860332489
0.12561491131782532 0.1573628932237625 -0.5498473644256592
0.1252516508102417 0.1572231501340866 -0.5478599667549133
0.12488381564617157 0.15708181262016296 -0.5458378791809082
0.11549724638462068 0.1536390632390976 -0.49093765020370483
0.11721470952033997 0.1542450189590454 -0.5015512704849243
0.11677122116088866 0.15408733487129211 -0.498839408159256
0.11892388761043549 0.1548628807067871 -0.511837899684906
0.11851014196872711 0.154712975025177 -0.5093777179718018
0.11809243261814117 0.15456242859363556 -0.5068783164024353
0.11767123639583588 0.15441113710403442 -0.504340648651123
0.11724571883678436 0.15425942838191986 -0.5017638206481934
0.11681662499904633 0.15410760045051575 -0.4991488456726074
0.12349410355091095 0.15656691789627075 -0.5381418466567993
0.12300056219100952 0.1563819944858551 -0.5353886485099792
0.1224994957447052 0.15619468688964844 -0.5325755476951599
0.12818288803100586 0.15837566554546356 -0.5636991262435913
0.12769918143749237 0.15818840265274048 -0.5611331462860107
0.12844674289226532 0.15848110616207123 -0.5651118755340576
0.12942489981651306 0.15886586904525757 -0.5702759027481079
0.12277914583683013 0.15630905330181122 -0.5341861844062805
0.1222364455461502 0.15610577166080475 -0.5311219692230225
0.1245398074388504 0.15697918832302094 -0.544011116027832
0.125593900680542 0.15738297998905182 -0.549789309501648
0.12497417628765105 0.15714676678180695 -0.5464071035385132
0.12573610246181488 0.1574408859014511 -0.5505855679512024
0.13053686916828156 0.15931282937526703 -0.576096773147583
0.1298528015613556 0.15904586017131805 -0.572547197341919
0.13039280474185944 0.15925903618335724 -0.5753601789474487
0.1280170977115631 0.1583309769630432 -0.5628754496574402
0.12721674144268036 0.15802209079265594 -0.5586159229278564
0.13022758066654205 0.15919895470142365 -0.5745154619216919
0.13151997327804565 0.15971055626869202 -0.5812044143676758
0.13360488414764404 0.16053831577301025 -0.5918208360671997
0.13108272850513458 0.1595386266708374 -0.5789399743080139
0.13323639333248138 0.16039258241653442 -0.5899515151977539
0.13173727691173553 0.15979893505573273 -0.5823124647140503
0.12814129889011383 0.15838943421840668 -0.5635679960250854
0.12150675058364868 0.15585656464099884 -0.5270436406135559
0.12068809568881987 0.15555188059806824 -0.5223363041877747
0.1134745180606842 0.15299323201179504 -0.4782314598560333
0.11231847107410431 0.15260925889015198 -0.47063785791397095
0.10798102617263795 0.15127240121364594 -0.44041171669960016
0.10458993911743165 0.15038935840129852 -0.41426026821136475
0.09950505197048187 0.14956003427505493 -0.3685912489891052
0.09955815970897675 0.14957788586616516 -0.3691248595714569
0.09950907528400421 0.1495620757341385 -0.36859211325645447
0.10459350049495698 0.15039125084877014 -0.4142603576183319
0.10798363387584686 0.15127357840538025 -0.4404116570949554
0.1123208999633789 0.15261003375053406 -0.47063782811164856
0.1134762316942215 0.15299326181411743 -0.47823193669319153
0.12068898975849152 0.155551940202713 -0.5223361253738403
0.12150663137435913 0.15585605800151825 -0.5270439982414246
0.12814024090766907 0.1583889126777649 -0.5635681748390198
0.13173562288284302 0.15979784727096558 -0.5823125839233398
0.13323456048965454 0.1603911966085434 -0.5899519920349121
0.13108086585998535 0.1595369130373001 -0.5789408683776855
0.13360287249088287 0.16053712368011475 -0.5918211340904236
0.1315186321735382 0.1597093641757965 -0.5812047719955444
0.13022640347480774 0.15919777750968933 -0.5745161771774292
0.12721523642539978 0.1580207645893097 -0.558616578578949
0.1280156821012497 0.1583293080329895 -0.5628762245178223
0.13039147853851318 0.15925823152065277 -0.5753602385520935
0.129851832985878 0.15904510021209717 -0.5725476145744324
0.1305357813835144 0.15931206941604614 -0.5760968923568726
0.12573471665382385 0.15743964910507202 -0.5505861043930054
0.1249733567237854 0.15714527666568756 -0.5464078783988953
0.12559331953525543 0.15738153457641602 -0.5497902035713196
0.12453962862491606 0.1569778323173523 -0.5440122485160828
0.1222371459007263 0.15610457956790924 -0.5311233997344971
0.12277981638908385 0.15630792081356049 -0.5341876149177551
0.12942512333393097 0.15886513888835907 -0.5702766180038452
0.12844735383987427 0.1584804654121399 -0.5651124715805054
0.12769922614097595 0.15818770229816437 -0.561133861541748
0.12818260490894318 0.15837478637695312 -0.5636998414993286
0.1224980354309082 0.15619319677352905 -0.5325763821601868
0.12299898266792297 0.1563803106546402 -0.535389244556427
0.12349209189414978 0.15656539797782898 -0.5381422638893127
0.11681546270847319 0.15410657227039337 -0.4991489052772522
0.11724451184272766 0.15425843000411987 -0.5017635822296143
0.11767004430294035 0.15441027283668518 -0.5043405890464783
0.11809132993221284 0.15456148982048035 -0.5068782567977905
0.11850899457931519 0.15471194684505463 -0.509377658367157
0.11892302334308623 0.15486161410808563 -0.5118380784988403
0.11677089333534242 0.1540863811969757 -0.49883949756622314
0.11721470952033997 0.15424425899982452 -0.5015518069267273
0.11549703776836395 0.15363749861717224 -0.4909386932849884
0.12488311529159546 0.15708114206790924 -0.545837938785553
0.1252519190311432 0.15722228586673737 -0.5478608012199402
0.12561608850955963 0.15736187994480133 -0.5498493909835815
0.12597550451755524 0.15749983489513397 -0.551803708076477
0.12633027136325836 0.15763631463050842 -0.5537246465682983
0.1266801357269287 0.15777108073234558 -0.5556125044822693
0.1217704564332962 0.1558961719274521 -0.5283801555633545
0.12611517310142517 0.15755559504032135 -0.5525708198547363
0.1392618715763092 0.1627555936574936 -0.6196398138999939
0.1261151134967804 0.15755659341812134 -0.552570104598999
0.12177170813083647 0.15589819848537445 -0.5283787846565247
0.1266794502735138 0.15777233242988586 -0.5556111335754395
0.1263291984796524 0.15763729810714722 -0.5537227988243103
0.1259743720293045 0.15750111639499664 -0.551801860332489
0.12561491131782532 0.1573628932237625 -0.5498473644256592
0.1252516508102417 0.1572231501340866 -0.5478599667549133
0.12488381564617157 0.15708181262016296 -0.5458378791809082
0.11549724638462068 0.1536390632390976 -0.49093765020370483
0.11721470952033997 0.1542450189590454 -0.5015512704849243
0.11677122116088866 0.15408733487129211 -0.498839408159256
0.11892388761043549 0.1548628807067871 -0.511837899684906
0.11851014196872711 0.154712975025177 -0.5093777179718018
0.11809243261814117 0.15456242859363556 -0.5068783164024353
0.11767123639583588 0.15441113710403442 -0.504340648651123
0.11724571883678436 0.15425942838191986 -0.5017638206481934
0.11681662499904633 0.15410760045051575 -0.4991488456726074
0.12349410355091095 0.15656691789627075 -0.5381418466567993
0.12300056219100952 0.1563819944858551 -0.5353886485099792
0.1224994957447052 0.15619468688964844 -0.5325755476951599
0.12818288803100586 0.15837566554546356 -0.5636991262435913
0.12769918143749237 0.15818840265274048 -0.5611331462860107
0.12844674289226532 0.15848110616207123 -0.5651118755340576
0.12942489981651306 0.15886586904525757 -0.5702759027481079
0.12277914583683013 0.15630905330181122 -0.5341861844062805
0.1222364455461502 0.15610577166080475 -0.5311219692230225
0.1245398074388504 0.15697918832302094 -0.544011116027832
0.125593900680542 0.15738297998905182 -0.549789309501648
0.12497417628765105 0.15714676678180695 -0.5464071035385132
0.12573610246181488 0.1574408859014511 -0.5505855679512024
0.13053686916828156 0.15931282937526703 -0.576096773147583
0.1298528015613556 0.15904586017131805 -0.572547197341919
0.13039280474185944 0.15925903618335724 -0.5753601789474487
0.1280170977115631 0.1583309769630432 -0.5628754496574402
0.12721674144268036 0.15802209079265594 -0.5586159229278564
0.13022758066654205 0.15919895470142365 -0.5745154619216919
0.13151997327804565 0.15971055626869202 -0.5812044143676758
0.13360488414764404 0.16053831577301025 -0.5918208360671997
0.13108272850513458 0.1595386266708374 -0.5789399743080139
0.13323639333248138 0.16039258241653442 -0.5899515151977539
0.13173727691173553 0.15979893505573273 -0.5823124647140503
0.12814129889011383 0.15838943421840668 -0.5635679960250854
0.12150675058364868 0.15585656464099884 -0.5270436406135559
0.12068809568881987 0.15555188059806824 -0.5223363041877747
0.1134745180606842 0.15299323201179504 -0.4782314598560333
0.11231847107410431 0.15260925889015198 -0.47063785791397095
0.10798102617263795 0.15127240121364594 -0.44041171669960016
0.10458993911743165 0.15038935840129852 -0.41426026821136475
0.09950505197048187 0.14956003427505493 -0.3685912489891052
0.09955815970897675 0.14957788586616516 -0.3691248595714569

VECTORS ftot float
-5.727234300854717 -9.208046237833077 5.128034900782325
-7.5536413328159 -11.034444319418228 7.181318935203104
-8.502472667104339 -11.983261283585998 8.866799100062284
-9.112029191297914 -12.59286725934632 10.391444554558161
-9.555686394871962 -13.036545652447096 11.81890013811463
-9.894173159035674 -13.375056552922285 13.180468266773932
-10.140108136986909 -13.621002713803554 14.493150523656944
-10.33513190186657 -13.81602800579632 15.761305116858033
-10.471807794340556 -13.95278585031503 16.99197057151574
-10.57142640105133 -14.05238808748407 18.18538802256087
-10.637707710509453 -14.118644197355785 19.343599211647874
-10.688415186721699 -14.16935685825575 20.467567529659426
-10.651445976752804 -14.132377878938785 21.56494887048697
-10.564323591947641 -14.0452479621256 22.62426036554138
-10.456287353516242 -13.937203370098379 23.63800564924526
-10.335663888370407 -13.816570014821137 24.60458120210515
-10.174067434759825 -13.654993350534077 25.52567746363647
-10.0558538733171 -13.536769781115268 26.392269091596667
-9.886618461791596 -13.36752483239808 27.219336767259684
-9.640879163438814 -13.121783420443036 28.00308152132492
-9.41276854142406 -12.893660558274714 28.725031579466837
-9.20421933844026 -12.685105232649072 29.38634340010081
-9.002031073149983 -12.482911785698894 29.991474545083314
-8.843084844379037 -12.3239828715052 30.541112123567256
-8.591418355605379 -12.07231909831853 31.05287167114424
-8.38403314675431 -11.864929413455917 31.50300669475277
-8.182917794864167 -11.663809349861248 31.899581885506283
-8.018516436353835 -11.499401634682457 32.24286002716373
-7.845051295534023 -11.325930607386189 32.54457633586011
-7.638618467548299 -11.119483421026498 32.807271596007936
-7.484303368726819 -10.965317416566702 33.02073542880005
-7.241839505247982 -10.72284684386633 33.20705481405472
-6.98195042423742 -10.462975090547271 33.34592218787596
-6.746134795249587 -10.227157341882437 33.428437021127614
-6.50353046059143 -9.984550179991729 33.46098721277028
-6.307190103552742 -9.788207349856695 33.43947176118846
-6.073151042016783 -9.554253092077952 33.38334586983756
-5.823661470294223 -9.304757280261194 33.28676910773223
-5.558281595191685 -9.039371046557921 33.14817903547985
-5.274925602647244 -8.756009285360756 32.966175526071844
-4.9687913253645695 -8.449871824674528 32.73872409506379
-4.691435045258494 -8.172512006309578 32.45820741220915
-4.366702987055186 -7.847774295083141 32.14511215419173
-3.925732586140974 -7.406798948341575 31.80171340957283
-3.4743141546820207 -6.955374628524557 31.389748124455945
-2.9332429398604267 -6.414297878643107 30.91817511222539
-2.314154341268317 -5.795202570117959 30.37738271529031
-1.1870741879709805 -4.668117235655836 29.829157501770847
1.4799762716733942 -2.001089850285702 29.283188279554793
15.659818672839732 12.178590480862912 28.782381891224315
15.654035377505389 -12.17280754183268 27.77408480104726
1.470705235707669 2.0103594646753185 28.252665498573784
-1.1993829701465013 4.680424596379514 28.77390301249809
-2.3333093760088586 5.814356655029592 29.294228678026997
-3.0096832434373777 6.490737586406968 29.790370018616606
-3.4977821117823455 6.978841754357897 30.254426302920614
-3.8445534829403987 7.325618660334579 30.6962340589584
-4.2832539030251215 7.764324261459106 31.060114133132164
-4.562244796755697 8.043320572878772 31.405537305095272
-4.868466617947025 8.349545579029474 31.701521254894125
-5.192414135205926 8.673496514904517 31.9409196798334
-5.49317790490427 8.974266642904565 32.13208151349721
-5.775230066600708 9.256324456363508 32.27790005479934
-6.039478140219141 9.520578888041028 32.38077431062708
-6.266844213939068 9.747859564781493 32.44646000731187
-6.529414257348106 10.010432317098065 32.459430516123376
-6.7810498419849985 10.262070610642322 32.4240786496871
-7.028868628960296 10.509892107242283 32.33935222916346
-7.302087500879773 10.783093772667414 32.19821621015159
-7.561010584458932 11.042023449055478 32.008019524408525
-7.76304256702215 11.243907280939027 31.78234933546761
-7.954564158006384 11.435442757779125 31.518610181420453
-8.11747401500837 11.598358265445171 31.22063413185533
-8.27247280468115 11.753363530048725 30.884991314444903
-8.464412788139295 11.945308107364479 30.500113325598146
-8.661726485488709 12.14262592688859 30.06589904665951
-8.889197488804413 12.370095159532045 29.576738570971116
-9.068436101597097 12.549316102244914 29.04522265017273
-9.240520307835258 12.721405490618901 28.46787875297194
-9.456147419403536 12.937038488778285 27.832821942814014
-9.68900369288878 13.169907001521825 27.13851094878683
-9.938587116272405 13.419492540295334 26.38452950208591
-10.091607407850676 13.572522486731591 25.592012487665535
-10.232972758410146 13.713897963469988 24.755064476023442
-10.411840732790887 13.892745794454413 23.86294080861175
-10.557100808225034 14.038016584583772 22.92348812139402
-10.656280868214592 14.137204645345445 21.942005842785562
-10.774551009393456 14.255482437869077 20.910813766615295
-10.781923362154453 14.262865150519893 19.851050742274925
-10.744229772288584 14.225166139260388 18.761650438905423
-10.676328519568436 14.157289494805624 17.640294877100565
-10.575900761931754 14.056877752812868 16.48535021303374
-10.431972489083508 13.912867526677635 15.295943451604955
-10.24101855126171 13.721911705940757 14.068954042051873
-9.994484178680818 13.475366504387551 12.799002877968814
-9.662997912864022 13.143855747297376 11.48002915086644
-9.21109957846111 12.691936223432503 10.099442724877072
-8.597520168990322 12.078307597980919 8.624898589865005
-7.646157165409397 11.126958493013161 6.993818801594615
-5.80793453031926 9.288744335128749 5.00661184264168
-5.727234300854717 -9.208046237833077 5.128034900782325
-7.5536413328159 -11.034444319418228 7.181318935203104
-8.502472667104339 -11.983261283585998 8.866799100062284
-9.112029191297914 -12.59286725934632 10.391444554558161
-9.555686394871962 -13.036545652447096 11.81890013811463
-9.894173159035674 -13.375056552922285 13.180468266773932
-10.140108136986909 -13.621002713803554 14.493150523656944
-10.33513190186657 -13.81602800579632 15.761305116858033
-10.471807794340556 -13.95278585031503 16.99197057151574
-10.57142640105133 -14.05238808748407 18.18538802256087
-10.637707710509453 -14.118644197355785 19.343599211647874
-10.688415186721699 -14.16935685825575 20.467567529659426
-10.651445976752804 -14.132377878938785 21.56494887048697
-10.564323591947641 -14.0452479621256 22.62426036554138
-10.456287353516242 -13.937203370098379 23.63800564924526
-10.335663888370407 -13.816570014821137 24.60458120210515
-10.174067434759825 -13.654993350534077 25.52567746363647
-10.0558538733171 -13.536769781115268 26.392269091596667
-9.886618461791596 -13.36752483239808 27.219336767259684
-9.640879163438814 -13.121783420443036 28.00308152132492
-9.41276854142406 -12.893660558274714 28.725031579466837
-9.20421933844026 -12.685105232649072 29.38634340010081
-9.002031073149983 -12.482911785698894 29.991474545083314
-8.843084844379037 -12.3239828715052 30.541112123567256
-8.591418355605379 -12.07231909831853 31.05287167114424
-8.38403314675431 -11.864929413455917 31.50300669475277
-8.182917794864167 -11.663809349861248 31.899581885506283
-8.018516436353835 -11.499401634682457 32.24286002716373
-7.845051295534023 -11.325930607386189 32.54457633586011
-7.638618467548299 -11.119483421026498 32.807271596007936
-7.484303368726819 -10.965317416566702 33.02073542880005
-7.241839505247982 -10.72284684386633 33.20705481405472
-6.98195042423742 -10.462975090547271 33.34592218787596
-6.746134795249587 -10.227157341882437 33.428437021127614
-6.50353046059143 -9.984550179991729 33.46098721277028
-6.307190103552742 -9.788207349856695 33.43947176118846
-6.073151042016783 -9.554253092077952 33.38334586983756
-5.823661470294223 -9.304757280261194 33.28676910773223
-5.558281595191685 -9.039371046557921 33.14817903547985
-5.274925602647244 -8.756009285360756 32.966175526071844
-4.9687913253645695 -8.449871824674528 32.73872409506379
-4.691435045258494 -8.172512006309578 32.45820741220915
-4.366702987055186 -7.847774295083141 32.14511215419173
-3.925732586140974 -7.406798948341575 31.80171340957283
-3.4743141546820207 -6.955374628524557 31.389748124455945
-2.9332429398604267 -6.414297878643107 30.91817511222539
-2.314154341268317 -5.795202570117959 30.37738271529031
-1.1870741879709805 -4.668117235655836 29.829157501770847
1.4799762716733942 -2.001089850285702 29.283188279554793
15.659818672839732 12.178590480862912 28.782381891224315
15.654035377505389 -12.17280754183268 27.77408480104726
1.470705235707669 2.0103594646753185 28.252665498573784
-1.1993829701465013 4.680424596379514 28.77390301249809
-2.3333093760088586 5.814356655029592 29.294228678026997
-3.0096832434373777 6.490737586406968 29.790370018616606
-3.4977821117823455 6.978841754357897 30.254426302920614
-3.8445534829403987 7.325618660334579 30.6962340589584
-4.2832539030251215 7.764324261459106 31.060114133132164
-4.562244796755697 8.043320572878772 31.405537305095272
-4.868466617947025 8.349545579029474 31.701521254894125
-5.192414135205926 8.673496514904517 31.9409196798334
-5.49317790490427 8.974266642904565 32.13208151349721
-5.775230066600708 9.256324456363508 32.27790005479934
-6.039478140219141 9.520578888041028 32.38077431062708
-6.266844213939068 9.747859564781493 32.44646000731187
-6.529414257348106 10.010432317098065 32.459430516123376
-6.7810498419849985 10.262070610642322 32.4240786496871
-7.028868628960296 10.509892107242283 32.33935222916346
-7.302087500879773 10.783093772667414 32.19821621015159
-7.561010584458932 11.042023449055478 32.008019524408525
-7.76304256702215 11.243907280939027 31.78234933546761
-7.954564158006384 11.435442757779125 31.518610181420453
-8.11747401500837 11.598358265445171 31.22063413185533
-8.27247280468115 11.753363530048725 30.884991314444903
-8.464412788139295 11.945308107364479 30.500113325598146
-8.661726485488709 12.14262592688859 30.06589904665951
-8.889197488804413 12.370095159532045 29.576738570971116
-9.068436101597097 12.549316102244914 29.04522265017273
-9.240520307835258 12.721405490618901 28.46787875297194
-9.456147419403536 12.937038488778285 27.832821942814014
-9.68900369288878 13.169907001521825 27.13851094878683
-9.938587116272405 13.419492540295334 26.38452950208591
-10.091607407850676 13.572522486731591 25.592012487665535
-10.232972758410146 13.713897963469988 24.755064476023442
-10.411840732790887 13.892745794454413 23.86294080861175
-10.557100808225034 14.038016584583772 22.92348812139402
-10.656280868214592 14.137204645345445 21.942005842785562
-10.774551009393456 14.255482437869077 20.910813766615295
-10.781923362154453 14.262865150519893 19.851050742274925
-10.744229772288584 14.225166139260388 18.761650438905423
-10.676328519568436 14.157289494805624 17.640294877100565
-10.575900761931754 14.056877752812868 16.48535021303374
-10.431972489083508 13.912867526677635 15.295943451604955
-10.24101855126171 13.721911705940757 14.068954042051873
-9.994484178680818 13.475366504387551 12.799002877968814
-9.662997912864022 13.143855747297376 11.48002915086644
-9.21109957846111 12.691936223432503 10.099442724877072
-8.597520168990322 12.078307597980919 8.624898589865005
-7.646157165409397 11.126958493013161 6.993818801594615
-5.80793453031926 9.288744335128749 5.00661184264168

VECTORS D float
-0.012400485156724995 -0.0 -0.005782441193418253
-0.018501420327443403 -0.0 -0.008627353985431421
-0.022200191553569094 -0.0 -0.010352119333937185
-0.024597708400169598 -0.0 -0.011470099800062623
-0.02607925422720844 -0.0 -0.012160955965118417
-0.026726819956347573 -0.0 -0.012462920823774721
-0.02642457232677024 -0.0 -0.012321980439443615
-0.025366162802549188 -0.0 -0.011828435972835151
-0.023391452381110497 -0.0 -0.010907613380679804
-0.020625593658749237 -0.0 -0.009617872277067946
-0.0170574469584682 -0.0 -0.007954018145306411
-0.012846749098396755 -0.0 -0.005990537486978232
-0.007093031846615026 -0.0 -0.003307535069613878
-0.00018206461618276048 -0.0 -8.48981248050717e-5
0.007517940183838557 0.0 0.0035056730812751172
0.01587963492670968 0.0 0.007404795375030315
0.025310889945899813 0.0 0.011802661816491441
0.03449503825784197 0.0 0.016085300507981373
0.04491408138136703 0.0 0.020943780107128288
0.05703048903633841 0.0 0.02659375378596929
0.0691746631861208 0.0 0.03225667519398078
0.08122631617635322 0.0 0.03787645327675275
0.09337375881383041 0.0 0.043540898805606916
0.10484028133299063 0.0 0.04888782606869808
0.11838270937699795 0.0 0.055202763975631716
0.13107691773394065 0.0 0.061122170546689274
0.1436701373299732 0.0 0.06699448528514684
0.15542670574171719 0.0 0.07247666316916622
0.1673907671671159 0.0 0.07805559663446646
0.18013119739984212 0.0 0.08399655682017615
0.19150400094625933 0.0 0.08929978220856283
0.20510183805834437 0.0 0.09564055778827234
0.21902918788415765 0.0 0.10213498766985275
0.23207823025543137 0.0 0.10821985605916676
0.2450571890209825 0.0 0.11427204392642118
0.2564144797795942 0.0 0.11956803558305482
0.26863622458717257 0.0 0.12526712878284468
0.281042933920667 0.0 0.13105247235755624
0.29361905329643023 0.0 0.1369168131323461
0.30640048364976574 0.0 0.1428768919882812
0.31950214172972563 0.0 0.1489862954854948
0.3311798006318085 0.0 0.15443167726085796
0.34410009873176095 0.0 0.16045651121051127
0.36064169753764114 0.0 0.16816998541182077
0.3768401383665927 0.0 0.17572344242053148
0.3955230874671881 0.0 0.18443544466305917
0.41625114335640856 0.0 0.1941010958628675
0.45554541537377125 0.0 0.21242431582618934
0.5522600807190099 0.0 0.25752310493257197
1.081003015865675 0.0 0.5040799847868137
1.0633107262297072 0.0 0.4958299346392656
0.5343873142084531 0.0 0.2491888970362832
0.4374853567589744 0.0 0.2040027721873814
0.3978380359437511 0.0 0.18551492286591473
0.3747778543183352 0.0 0.17476178357553812
0.35817607265318263 0.0 0.16702024564606024
0.3462766108149511 0.0 0.16147143546296971
0.33041443806399057 0.0 0.1540747828342193
0.31971105857955945 0.0 0.14908371501248993
0.30760850390627464 0.0 0.14344020108509767
0.29439708069214293 0.0 0.1372796132652213
0.28149605735379113 0.0 0.13126376728451153
0.26881351916935503 0.0 0.12534980260426576
0.2563604229825504 0.0 0.11954282848461797
0.2447422356532494 0.0 0.11412517875908554
0.2317826327738133 0.0 0.10808201668975691
0.21886886990888688 0.0 0.10206023017024406
0.20583019693777413 0.0 0.09598019711163562
0.1918973431917568 0.0 0.08948320070991418
0.17821976470957313 0.0 0.08310524111865591
0.16596574448899998 0.0 0.07739109764661645
0.15396593904360648 0.0 0.0717954964710594
0.14267573277606097 0.0 0.06653078682635337
0.1315904709835321 0.0 0.06136164435984416
0.11968550475801326 0.0 0.05581026743880812
0.10771718053386888 0.0 0.050229346197807605
0.09521151749681023 0.0 0.04439785975332126
0.08386161309280639 0.0 0.03910531241040712
0.07283823627268095 0.0 0.03396502738045432
0.061193506692027215 0.0 0.028535000799851443
0.04949889833348016 0.0 0.023081715363137495
0.037851223504234206 0.0 0.017650315390560892
0.028228805152423254 0.0 0.013163308023140245
0.01918726201081253 0.0 0.008947167214668362
0.009989061980953892 0.0 0.004657976099503741
0.001756331255328608 0.0 0.0008189907146167121
-0.005346383627470801 -0.0 -0.0024930596289241356
-0.012192162630648309 -0.0 -0.0056852988041425
-0.01712432939808544 -0.0 -0.007985205939096018
-0.0210421583022179 -0.0 -0.00981211956043399
-0.02416683904237157 -0.0 -0.011269182118857076
-0.026515431749768642 -0.0 -0.012364348884203312
-0.02803269630421555 -0.0 -0.013071860965389039
-0.02875864278019371 -0.0 -0.013410375366548285
-0.0287105787839147 -0.0 -0.013387962757001852
-0.027790144933687012 -0.0 -0.012958757403815592
-0.02595392648395096 -0.0 -0.012102514678658171
-0.02325661319181026 -0.0 -0.01084473683408969
-0.019293181078957836 -0.0 -0.008996558087289157
-0.012910931077897451 -0.0 -0.006020466035534952
-0.012400485156724995 -0.0 -0.005782441193418253
-0.018501420327443403 -0.0 -0.008627353985431421
-0.022200191553569094 -0.0 -0.010352119333937185
-0.024597708400169598 -0.0 -0.011470099800062623
-0.02607925422720844 -0.0 -0.012160955965118417
-0.026726819956347573 -0.0 -0.012462920823774721
-0.02642457232677024 -0.0 -0.012321980439443615
-0.025366162802549188 -0.0 -0.011828435972835151
-0.023391452381110497 -0.0 -0.010907613380679804
-0.020625593658749237 -0.0 -0.009617872277067946
-0.0170574469584682 -0.0 -0.007954018145306411
-0.012846749098396755 -0.0 -0.005990537486978232
-0.007093031846615026 -0.0 -0.003307535069613878
-0.00018206461618276048 -0.0 -8.48981248050717e-5
0.007517940183838557 0.0 0.0035056730812751172
0.01587963492670968 0.0 0.007404795375030315
0.025310889945899813 0.0 0.011802661816491441
0.03449503825784197 0.0 0.016085300507981373
0.04491408138136703 0.0 0.020943780107128288
0.05703048903633841 0.0 0.02659375378596929
0.0691746631861208 0.0 0.03225667519398078
0.08122631617635322 0.0 0.03787645327675275
0.09337375881383041 0.0 0.043540898805606916
0.10484028133299063 0.0 0.04888782606869808
0.11838270937699795 0.0 0.055202763975631716
0.13107691773394065 0.0 0.061122170546689274
0.1436701373299732 0.0 0.06699448528514684
0.15542670574171719 0.0 0.07247666316916622
0.1673907671671159 0.0 0.07805559663446646
0.18013119739984212 0.0 0.08399655682017615
0.19150400094625933 0.0 0.08929978220856283
0.20510183805834437 0.0 0.09564055778827234
0.21902918788415765 0.0 0.10213498766985275
0.23207823025543137 0.0 0.10821985605916676
0.2450571890209825 0.0 0.11427204392642118
0.2564144797795942 0.0 0.11956803558305482
0.26863622458717257 0.0 0.12526712878284468
0.281042933920667 0.0 0.13105247235755624
0.29361905329643023 0.0 0.1369168131323461
0.30640048364976574 0.0 0.1428768919882812
0.31950214172972563 0.0 0.1489862954854948
0.3311798006318085 0.0 0.15443167726085796
0.34410009873176095 0.0 0.16045651121051127
0.36064169753764114 0.0 0.16816998541182077
0.3768401383665927 0.0 0.17572344242053148
0.3955230874671881 0.0 0.18443544466305917
0.41625114335640856 0.0 0.1941010958628675
0.45554541537377125 0.0 0.21242431582618934
0.5522600807190099 0.0 0.25752310493257197
1.081003015865675 0.0 0.5040799847868137
1.0633107262297072 0.0 0.4958299346392656
0.5343873142084531 0.0 0.2491888970362832
0.4374853567589744 0.0 0.2040027721873814
0.3978380359437511 0.0 0.18551492286591473
0.3747778543183352 0.0 0.17476178357553812
0.35817607265318263 0.0 0.16702024564606024
0.3462766108149511 0.0 0.16147143546296971
0.33041443806399057 0.0 0.1540747828342193
0.31971105857955945 0.0 0.14908371501248993
0.30760850390627464 0.0 0.14344020108509767
0.29439708069214293 0.0 0.1372796132652213
0.28149605735379113 0.0 0.13126376728451153
0.26881351916935503 0.0 0.12534980260426576
0.2563604229825504 0.0 0.11954282848461797
0.2447422356532494 0.0 0.11412517875908554
0.2317826327738133 0.0 0.10808201668975691
0.21886886990888688 0.0 0.10206023017024406
0.20583019693777413 0.0 0.09598019711163562
0.1918973431917568 0.0 0.08948320070991418
0.17821976470957313 0.0 0.08310524111865591
0.16596574448899998 0.0 0.07739109764661645
0.15396593904360648 0.0 0.0717954964710594
0.14267573277606097 0.0 0.06653078682635337
0.1315904709835321 0.0 0.06136164435984416
0.11968550475801326 0.0 0.05581026743880812
0.10771718053386888 0.0 0.050229346197807605
0.09521151749681023 0.0 0.04439785975332126
0.08386161309280639 0.0 0.03910531241040712
0.07283823627268095 0.0 0.03396502738045432
0.061193506692027215 0.0 0.028535000799851443
0.04949889833348016 0.0 0.023081715363137495
0.037851223504234206 0.0 0.017650315390560892
0.028228805152423254 0.0 0.013163308023140245
0.01918726201081253 0.0 0.008947167214668362
0.009989061980953892 0.0 0.004657976099503741
0.001756331255328608 0.0 0.0008189907146167121
-0.005346383627470801 -0.0 -0.0024930596289241356
-0.012192162630648309 -0.0 -0.0056852988041425
-0.01712432939808544 -0.0 -0.007985205939096018
-0.0210421583022179 -0.0 -0.00981211956043399
-0.02416683904237157 -0.0 -0.011269182118857076
-0.026515431749768642 -0.0 -0.012364348884203312
-0.02803269630421555 -0.0 -0.013071860965389039
-0.02875864278019371 -0.0 -0.013410375366548285
-0.0287105787839147 -0.0 -0.013387962757001852
-0.027790144933687012 -0.0 -0.012958757403815592
-0.02595392648395096 -0.0 -0.012102514678658171
-0.02325661319181026 -0.0 -0.01084473683408969
-0.019293181078957836 -0.0 -0.008996558087289157
-0.012910931077897451 -0.0 -0.006020466035534952

VECTORS funs-vector float
0.0 0.0 -1.345020824413982e-7
0.0 0.0 -2.3203578888600623e-7
0.0 0.0 -3.611314297299632e-7
0.0 0.0 -4.0738255048143995e-7
0.0 0.0 -4.838997450013434e-7
0.0 0.0 -4.719531461396609e-7
0.0 0.0 -5.159220425422396e-7
0.0 0.0 -5.157491219552994e-7
0.0 0.0 -5.819940766891499e-7
0.0 0.0 -6.767156909988486e-7
0.0 0.0 -5.630244450055054e-7
0.0 0.0 -6.280663145926986e-7
0.0 0.0 -7.19914629728051e-7
0.0 0.0 -7.749839945538707e-7
0.0 0.0 -7.921461750790762e-7
0.0 0.0 -7.64282862452216e-7
0.0 0.0 -8.449330602450742e-7
0.0 0.0 -8.704871606565495e-7
0.0 0.0 -7.72289833538377e-7
0.0 0.0 -1.0898105380554381e-6
0.0 0.0 -7.744894723125322e-7
0.0 0.0 -6.715679319313497e-7
0.0 0.0 -3.732797092032509e-7
0.0 0.0 -1.1711742848257765e-7
0.0 0.0 1.9168173472714694e-7
0.0 0.0 1.4482725418929476e-7
0.0 0.0 1.7334542431771388e-7
0.0 0.0 3.3081225128936154e-7
0.0 0.0 5.469726567432853e-7
0.0 0.0 3.146126229839039e-7
0.0 0.0 3.7071236262549567e-7
0.0 0.0 1.193342481800838e-7
0.0 0.0 -1.270156828199602e-8
0.0 0.0 -1.1024926426340575e-8
0.0 0.0 -4.831943059002697e-7
0.0 0.0 -7.217018061954732e-7
0.0 0.0 -8.86003156417494e-7
0.0 0.0 -1.7699382943512563e-6
0.0 0.0 -2.0481937406719397e-6
0.0 0.0 -2.007996447420365e-6
0.0 0.0 -1.3874743003002139e-6
0.0 0.0 -1.1822942469889728e-6
0.0 0.0 -5.340085687583435e-7
0.0 0.0 -7.013649394593814e-7
0.0 0.0 -1.2272423659128026e-6
0.0 0.0 -1.9828209881273495e-6
0.0 0.0 -1.6575644226887482e-6
0.0 0.0 -1.2301869719263698e-6
0.0 0.0 -9.557910458242575e-7
0.0 0.0 -8.300101067055205e-7
0.0 0.0 -7.549568049502011e-7
0.0 0.0 -3.477336585950236e-7
0.0 0.0 -3.01636580440407e-7
0.0 0.0 -2.196347966529092e-7
0.0 0.0 -8.022193624542112e-8
0.0 0.0 -2.8350373781904636e-7
0.0 0.0 -2.7585005697842874e-7
0.0 0.0 -6.272719071437843e-9
0.0 0.0 -1.8918977996339567e-7
0.0 0.0 -4.957513381627494e-7
0.0 0.0 -8.465997299564071e-7
0.0 0.0 -8.054538214578728e-7
0.0 0.0 -9.155002787379504e-7
0.0 0.0 -1.0822784452877636e-6
0.0 0.0 -1.3226896639780126e-6
0.0 0.0 -1.6159294586063057e-6
0.0 0.0 -1.6042854182077555e-6
0.0 0.0 -1.5369053811427466e-6
0.0 0.0 -1.5190768691426957e-6
0.0 0.0 -1.3639287459454867e-6
0.0 0.0 -1.1880988760088427e-6
0.0 0.0 -1.030271910451575e-6
0.0 0.0 -1.022877325143864e-6
0.0 0.0 -9.041125705070129e-7
0.0 0.0 -7.113422500734406e-7
0.0 0.0 -7.923715695700266e-7
0.0 0.0 -5.15729988654295e-7
0.0 0.0 -6.876143736824569e-7
0.0 0.0 -7.155918853837565e-7
0.0 0.0 -6.647223552197995e-7
0.0 0.0 -5.291764641025443e-7
0.0 0.0 -4.62650306913433e-7
0.0 0.0 -5.942694559476796e-7
0.0 0.0 -5.024202997881071e-7
0.0 0.0 -4.4076523473470607e-7
0.0 0.0 -3.972653595176533e-7
0.0 0.0 -3.57129701326771e-7
0.0 0.0 -3.249259828469969e-7
0.0 0.0 -2.9799001956896315e-7
0.0 0.0 -2.7563295258336123e-7
0.0 0.0 -2.856294866081624e-7
0.0 0.0 -1.4475880082510567e-7
0.0 0.0 -1.9164367838119364e-7
0.0 0.0 -1.7348416327742852e-7
0.0 0.0 -1.50532341985416e-7
0.0 0.0 -1.9103111238326747e-7
0.0 0.0 -1.612668146900764e-7
0.0 0.0 -8.481534020564724e-8
0.0 0.0 -4.4655397440413434e-8
0.0 0.0 -4.508193188454162e-8
0.0 0.0 -1.345020824413982e-7
0.0 0.0 -2.3203578888600623e-7
0.0 0.0 -3.611314297299632e-7
0.0 0.0 -4.0738255048143995e-7
0.0 0.0 -4.838997450013434e-7
0.0 0.0 -4.719531461396609e-7
0.0 0.0 -5.159220425422396e-7
0.0 0.0 -5.157491219552994e-7
0.0 0.0 -5.819940766891499e-7
0.0 0.0 -6.767156909988486e-7
0.0 0.0 -5.630244450055054e-7
0.0 0.0 -6.280663145926986e-7
0.0 0.0 -7.19914629728051e-7
0.0 0.0 -7.749839945538707e-7
0.0 0.0 -7.921461750790762e-7
0.0 0.0 -7.64282862452216e-7
0.0 0.0 -8.449330602450742e-7
0.0 0.0 -8.704871606565495e-7
0.0 0.0 -7.72289833538377e-7
0.0 0.0 -1.0898105380554381e-6
0.0 0.0 -7.744894723125322e-7
0.0 0.0 -6.715679319313497e-7
0.0 0.0 -3.732797092032509e-7
0.0 0.0 -1.1711742848257765e-7
0.0 0.0 1.9168173472714694e-7
0.0 0.0 1.4482725418929476e-7
0.0 0.0 1.7334542431771388e-7
0.0 0.0 3.3081225128936154e-7
0.0 0.0 5.469726567432853e-7
0.0 0.0 3.146126229839039e-7
0.0 0.0 3.7071236262549567e-7
0.0 0.0 1.193342481800838e-7
0.0 0.0 -1.270156828199602e-8
0.0 0.0 -1.1024926426340575e-8
0.0 0.0 -4.831943059002697e-7
0.0 0.0 -7.217018061954732e-7
0.0 0.0 -8.86003156417494e-7
0.0 0.0 -1.7699382943512563e-6
0.0 0.0 -2.0481937406719397e-6
0.0 0.0 -2.007996447420365e-6
0.0 0.0 -1.3874743003002139e-6
0.0 0.0 -1.1822942469889728e-6
0.0 0.0 -5.340085687583435e-7
0.0 0.0 -7.013649394593814e-7
0.0 0.0 -1.2272423659128026e-6
0.0 0.0 -1.9828209881273495e-6
0.0 0.0 -1.6575644226887482e-6
0.0 0.0 -1.2301869719263698e-6
0.0 0.0 -9.557910458242575e-7
0.0 0.0 -8.300101067055205e-7
0.0 0.0 -7.549568049502011e-7
0.0 0.0 -3.477336585950236e-7
0.0 0.0 -3.01636580440407e-7
0.0 0.0 -2.196347966529092e-7
0.0 0.0 -8.022193624542112e-8
0.0 0.0 -2.8350373781904636e-7
0.0 0.0 -2.7585005697842874e-7
0.0 0.0 -6.272719071437843e-9
0.0 0.0 -1.8918977996339567e-7
0.0 0.0 -4.957513381627494e-7
0.0 0.0 -8.465997299564071e-7
0.0 0.0 -8.054538214578728e-7
0.0 0.0 -9.155002787379504e-7
0.0 0.0 -1.0822784452877636e-6
0.0 0.0 -1.3226896639780126e-6
0.0 0.0 -1.6159294586063057e-6
0.0 0.0 -1.6042854182077555e-6
0.0 0.0 -1.5369053811427466e-6
0.0 0.0 -1.5190768691426957e-6
0.0 0.0 -1.3639287459454867e-6
0.0 0.0 -1.1880988760088427e-6
0.0 0.0 -1.030271910451575e-6
0.0 0.0 -1.022877325143864e-6
0.0 0.0 -9.041125705070129e-7
0.0 0.0 -7.113422500734406e-7
0.0 0.0 -7.923715695700266e-7
0.0 0.0 -5.15729988654295e-7
0.0 0.0 -6.876143736824569e-7
0.0 0.0 -7.155918853837565e-7
0.0 0.0 -6.647223552197995e-7
0.0 0.0 -5.291764641025443e-7
0.0 0.0 -4.62650306913433e-7
0.0 0.0 -5.942694559476796e-7
0.0 0.0 -5.024202997881071e-7
0.0 0.0 -4.4076523473470607e-7
0.0 0.0 -3.972653595176533e-7
0.0 0.0 -3.57129701326771e-7
0.0 0.0 -3.249259828469969e-7
0.0 0.0 -2.9799001956896315e-7
0.0 0.0 -2.7563295258336123e-7
0.0 0.0 -2.856294866081624e-7
0.0 0.0 -1.4475880082510567e-7
0.0 0.0 -1.9164367838119364e-7
0.0 0.0 -1.7348416327742852e-7
0.0 0.0 -1.50532341985416e-7
0.0 0.0 -1.9103111238326747e-7
0.0 0.0 -1.612668146900764e-7
0.0 0.0 -8.481534020564724e-8
0.0 0.0 -4.4655397440413434e-8
0.0 0.0 -4.508193188454162e-8

VECTORS S float
-0.0 -0.0416705947017569 0.0
-0.0 -0.05910777183079171 0.0
-0.0 -0.07415082009034138 0.0
-0.0 -0.08839024646556431 0.0
-0.0 -0.10234051135287618 0.0
-0.0 -0.11611534254029592 0.0
-0.0 -0.12957237857995219 0.0
-0.0 -0.1429115582604741 0.0
-0.0 -0.15592380563092964 0.0
-0.0 -0.1687172992010109 0.0
-0.0 -0.18124829133964362 0.0
-0.0 -0.1936769693725163 0.0
-0.0 -0.20491843045961236 0.0
-0.0 -0.2153295466234985 0.0
-0.0 -0.22525778693620033 0.0
-0.0 -0.23479248493906188 0.0
-0.0 -0.24339683639145007 0.0
-0.0 -0.2525413742860688 0.0
-0.0 -0.2604951140613718 0.0
-0.0 -0.26661321578353286 0.0
-0.0 -0.2726954188744337 0.0
-0.0 -0.27882849751121064 0.0
-0.0 -0.28475999838023464 0.0
-0.0 -0.2913782820778155 0.0
-0.0 -0.2954627307036904 0.0
-0.0 -0.3002491929857193 0.0
-0.0 -0.3048547560861113 0.0
-0.0 -0.3101160339616923 0.0
-0.0 -0.3148520454848631 0.0
-0.0 -0.3183555552070442 0.0
-0.0 -0.3230561536511026 0.0
-0.0 -0.32482546866633466 0.0
-0.0 -0.32565010260205496 0.0
-0.0 -0.326811374392769 0.0
-0.0 -0.3273580191573213 0.0
-0.0 -0.3290566495785076 0.0
-0.0 -0.3291332062310158 0.0
-0.0 -0.32827252736763596 0.0
-0.0 -0.3264232602277959 0.0
-0.0 -0.32346875118757484 0.0
-0.0 -0.3191828559328568 0.0
-0.0 -0.3154989920737854 0.0
-0.0 -0.30948564245407284 0.0
-0.0 -0.29825186812378784 0.0
-0.0 -0.28585557385628757 0.0
-0.0 -0.268949724996436 0.0
-0.0 -0.2478082377818898 0.0
-0.0 -0.20349319010710068 0.0
-0.0 -0.08889509382451558 0.0
0.0 0.551136576488505 -0.0
-0.0 -0.5508748722113008 0.0
0.0 0.08930688105174296 -0.0
0.0 0.20402969421979322 -0.0
0.0 0.2486272842208789 -0.0
0.0 0.27215482067033003 -0.0
0.0 0.2868200378974238 -0.0
0.0 0.29498295631427557 -0.0
0.0 0.3061946982579412 -0.0
0.0 0.31051156996898754 -0.0
0.0 0.3153931632281115 -0.0
0.0 0.3204205243131331 -0.0
0.0 0.32407225686857355 -0.0
0.0 0.32656381374625243 -0.0
0.0 0.32797316801189746 -0.0
0.0 0.3277002513637758 -0.0
0.0 0.3282066027171151 -0.0
0.0 0.32792703664050304 -0.0
0.0 0.32711034991874105 -0.0
0.0 0.326650519156048 -0.0
0.0 0.32531603860256186 -0.0
0.0 0.3219178634100068 -0.0
0.0 0.3178963979316436 -0.0
0.0 0.31278469784884394 -0.0
0.0 0.30719541658035066 -0.0
0.0 0.3022832243008927 -0.0
0.0 0.29718344794014107 -0.0
0.0 0.2924685237154471 -0.0
0.0 0.2862748126636882 -0.0
0.0 0.2796264054673042 -0.0
0.0 0.27361284359452115 -0.0
0.0 0.26759100838194044 -0.0
0.0 0.26150781717327426 -0.0
0.0 0.25320837517008976 -0.0
0.0 0.24444679636355518 -0.0
0.0 0.23608698137147047 -0.0
0.0 0.22688716414953897 -0.0
0.0 0.21673934664697134 -0.0
0.0 0.2067034374283273 -0.0
0.0 0.19495510802327742 -0.0
0.0 0.18261576825106338 -0.0
0.0 0.1699767778046083 -0.0
0.0 0.1570870432629626 -0.0
0.0 0.14391325620322457 -0.0
0.0 0.1305322945572152 -0.0
0.0 0.11698618180205628 -0.0
0.0 0.10318292546111367 -0.0
0.0 0.08908561869274333 -0.0
0.0 0.07473895398746079 -0.0
0.0 0.059603338848549715 -0.0
0.0 0.04203579027297313 -0.0
-0.0 -0.0416705947017569 0.0
-0.0 -0.05910777183079171 0.0
-0.0 -0.07415082009034138 0.0
-0.0 -0.08839024646556431 0.0
-0.0 -0.10234051135287618 0.0
-0.0 -0.11611534254029592 0.0
-0.0 -0.12957237857995219 0.0
-0.0 -0.1429115582604741 0.0
-0.0 -0.15592380563092964 0.0
-0.0 -0.1687172992010109 0.0
-0.0 -0.18124829133964362 0.0
-0.0 -0.1936769693725163 0.0
-0.0 -0.20491843045961236 0.0
-0.0 -0.2153295466234985 0.0
-0.0 -0.22525778693620033 0.0
-0.0 -0.23479248493906188 0.0
-0.0 -0.24339683639145007 0.0
-0.0 -0.2525413742860688 0.0
-0.0 -0.2604951140613718 0.0
-0.0 -0.26661321578353286 0.0
-0.0 -0.2726954188744337 0.0
-0.0 -0.27882849751121064 0.0
-0.0 -0.28475999838023464 0.0
-0.0 -0.2913782820778155 0.0
-0.0 -0.2954627307036904 0.0
-0.0 -0.3002491929857193 0.0
-0.0 -0.3048547560861113 0.0
-0.0 -0.3101160339616923 0.0
-0.0 -0.3148520454848631 0.0
-0.0 -0.3183555552070442 0.0
-0.0 -0.3230561536511026 0.0
-0.0 -0.32482546866633466 0.0
-0.0 -0.32565010260205496 0.0
-0.0 -0.326811374392769 0.0
-0.0 -0.3273580191573213 0.0
-0.0 -0.3290566495785076 0.0
-0.0 -0.3291332062310158 0.0
-0.0 -0.32827252736763596 0.0
-0.0 -0.3264232602277959 0.0
-0.0 -0.32346875118757484 0.0
-0.0 -0.3191828559328568 0.0
-0.0 -0.3154989920737854 0.0
-0.0 -0.30948564245407284 0.0
-0.0 -0.29825186812378784 0.0
-0.0 -0.28585557385628757 0.0
-0.0 -0.268949724996436 0.0
-0.0 -0.2478082377818898 0.0
-0.0 -0.20349319010710068 0.0
-0.0 -0.08889509382451558 0.0
0.0 0.551136576488505 -0.0
-0.0 -0.5508748722113008 0.0
0.0 0.08930688105174296 -0.0
0.0 0.20402969421979322 -0.0
0.0 0.2486272842208789 -0.0
0.0 0.27215482067033003 -0.0
0.0 0.2868200378974238 -0.0
0.0 0.29498295631427557 -0.0
0.0 0.3061946982579412 -0.0
0.0 0.31051156996898754 -0.0
0.0 0.3153931632281115 -0.0
0.0 0.3204205243131331 -0.0
0.0 0.32407225686857355 -0.0
0.0 0.32656381374625243 -0.0
0.0 0.32797316801189746 -0.0
0.0 0.3277002513637758 -0.0
0.0 0.3282066027171151 -0.0
0.0 0.32792703664050304 -0.0
0.0 0.32711034991874105 -0.0
0.0 0.326650519156048 -0.0
0.0 0.32531603860256186 -0.0
0.0 0.3219178634100068 -0.0
0.0 0.3178963979316436 -0.0
0.0 0.31278469784884394 -0.0
0.0 0.30719541658035066 -0.0
0.0 0.3022832243008927 -0.0
0.0 0.29718344794014107 -0.0
0.0 0.2924685237154471 -0.0
0.0 0.2862748126636882 -0.0
0.0 0.2796264054673042 -0.0
0.0 0.27361284359452115 -0.0
0.0 0.26759100838194044 -0.0
0.0 0.26150781717327426 -0.0
0.0 0.25320837517008976 -0.0
0.0 0.24444679636355518 -0.0
0.0 0.23608698137147047 -0.0
0.0 0.22688716414953897 -0.0
0.0 0.21673934664697134 -0.0
0.0 0.2067034374283273 -0.0
0.0 0.19495510802327742 -0.0
0.0 0.18261576825106338 -0.0
0.0 0.1699767778046083 -0.0
0.0 0.1570870432629626 -0.0
0.0 0.14391325620322457 -0.0
0.0 0.1305322945572152 -0.0
0.0 0.11698618180205628 -0.0
0.0 0.10318292546111367 -0.0
0.0 0.08908561869274333 -0.0
0.0 0.07473895398746079 -0.0
0.0 0.059603338848549715 -0.0
0.0 0.04203579027297313 -0.0

VECTORS Vvpm_ApA float
0.09956230223178864 0.14958028495311737 -0.3691253662109375
0.09950907528400421 0.1495620757341385 -0.36859211325645447
0.10459350049495698 0.15039125084877014 -0.4142603576183319
0.10798363387584686 0.15127357840538025 -0.4404116570949554
0.1123208999633789 0.15261003375053406 -0.47063782811164856
0.1134762316942215 0.15299326181411743 -0.47823193669319153
0.12068898975849152 0.155551940202713 -0.5223361253738403
0.12150663137435913 0.15585605800151825 -0.5270439982414246
0.12814024090766907 0.1583889126777649 -0.5635681748390198
0.13173562288284302 0.15979784727096558 -0.5823125839233398
0.13323456048965454 0.1603911966085434 -0.5899519920349121
0.13108086585998535 0.1595369130373001 -0.5789408683776855
0.13360287249088287 0.16053712368011475 -0.5918211340904236
0.1315186321735382 0.1597093641757965 -0.5812047719955444
0.13022640347480774 0.15919777750968933 -0.5745161771774292
0.12721523642539978 0.1580207645893097 -0.558616578578949
0.1280156821012497 0.1583293080329895 -0.5628762245178223
0.13039147853851318 0.15925823152065277 -0.5753602385520935
0.129851832985878 0.15904510021209717 -0.5725476145744324
0.1305357813835144 0.15931206941604614 -0.5760968923568726
0.12573471665382385 0.15743964910507202 -0.5505861043930054
0.1249733567237854 0.15714527666568756 -0.5464078783988953
0.12559331953525543 0.15738153457641602 -0.5497902035713196
0.12453962862491606 0.1569778323173523 -0.5440122485160828
0.12223710119724274 0.15610457956790924 -0.5311233997344971
0.12277980148792267 0.15630792081356049 -0.5341875553131104
0.12942516803741455 0.15886513888835907 -0.57027667760849
0.12844735383987427 0.1584804654121399 -0.5651124715805054
0.12769922614097595 0.15818770229816437 -0.561133861541748
0.12818260490894318 0.15837478637695312 -0.5636998414993286
0.1224980354309082 0.15619319677352905 -0.5325763821601868
0.12299898266792297 0.1563803106546402 -0.535389244556427
0.12349209189414978 0.15656539797782898 -0.5381422638893127
0.11681546270847319 0.15410657227039337 -0.4991489052772522
0.11724451184272766 0.15425843000411987 -0.5017635822296143
0.11767004430294035 0.15441027283668518 -0.5043405890464783
0.11809132993221284 0.15456148982048035 -0.5068782567977905
0.11850899457931519 0.15471194684505463 -0.509377658367157
0.11892302334308623 0.15486161410808563 -0.5118380784988403
0.11677089333534242 0.1540863811969757 -0.49883949756622314
0.11721470952033997 0.15424425899982452 -0.5015518069267273
0.11549703776836395 0.15363749861717224 -0.4909386932849884
0.12488311529159546 0.15708114206790924 -0.545837938785553
0.1252519190311432 0.15722228586673737 -0.5478608012199402
0.12561608850955963 0.15736187994480133 -0.5498493909835815
0.12597550451755524 0.15749983489513397 -0.551803708076477
0.12633027136325836 0.15763631463050842 -0.5537246465682983
0.1266801357269287 0.15777108073234558 -0.5556125044822693
0.1217704564332962 0.1558961719274521 -0.5283801555633545
0.12611517310142517 0.15755559504032135 -0.5525708198547363
0.1392618715763092 0.1627555936574936 -0.6196398138999939
0.1261151134967804 0.15755659341812134 -0.552570104598999
0.12177170813083647 0.15589819848537445 -0.5283787846565247
0.1266794502735138 0.15777233242988586 -0.5556111335754395
0.1263291984796524 0.15763729810714722 -0.5537227988243103
0.1259743720293045 0.15750111639499664 -0.551801860332489
0.12561491131782532 0.1573628932237625 -0.5498473644256592
0.1252516508102417 0.1572231501340866 -0.5478599667549133
0.12488381564617157 0.15708181262016296 -0.5458378791809082
0.11549724638462068 0.1536390632390976 -0.49093765020370483
0.11721470952033997 0.1542450189590454 -0.5015512704849243
0.11677122116088866 0.15408733487129211 -0.498839408159256
0.11892388761043549 0.1548628807067871 -0.511837899684906
0.11851014196872711 0.154712975025177 -0.5093777179718018
0.11809243261814117 0.15456242859363556 -0.5068783164024353
0.11767123639583588 0.15441113710403442 -0.504340648651123
0.11724571883678436 0.15425942838191986 -0.5017638206481934
0.11681662499904633 0.15410760045051575 -0.4991488456726074
0.12349410355091095 0.15656691789627075 -0.5381418466567993
0.12300056219100952 0.1563819944858551 -0.5353886485099792
0.1224994957447052 0.15619468688964844 -0.5325755476951599
0.12818288803100586 0.15837566554546356 -0.5636991262435913
0.12769918143749237 0.15818840265274048 -0.5611331462860107
0.12844674289226532 0.15848110616207123 -0.5651118755340576
0.12942489981651306 0.15886586904525757 -0.5702759027481079
0.12277914583683013 0.15630905330181122 -0.5341861844062805
0.1222364455461502 0.15610577166080475 -0.5311219692230225
0.1245398074388504 0.15697918832302094 -0.544011116027832
0.125593900680542 0.15738297998905182 -0.549789309501648
0.12497417628765105 0.15714676678180695 -0.5464071035385132
0.12573610246181488 0.1574408859014511 -0.5505855679512024
0.13053686916828156 0.15931282937526703 -0.576096773147583
0.1298528015613556 0.15904586017131805 -0.572547197341919
0.13039280474185944 0.15925903618335724 -0.5753601789474487
0.1280170977115631 0.1583309769630432 -0.5628754496574402
0.12721674144268036 0.15802209079265594 -0.5586159229278564
0.13022758066654205 0.15919895470142365 -0.5745154619216919
0.13151997327804565 0.15971055626869202 -0.5812044143676758
0.13360488414764404 0.16053831577301025 -0.5918208360671997
0.13108272850513458 0.1595386266708374 -0.5789399743080139
0.13323639333248138 0.16039258241653442 -0.5899515151977539
0.13173727691173553 0.15979893505573273 -0.5823124647140503
0.12814129889011383 0.15838943421840668 -0.5635679960250854
0.12150675058364868 0.15585656464099884 -0.5270436406135559
0.12068809568881987 0.15555188059806824 -0.5223363041877747
0.1134745180606842 0.15299323201179504 -0.4782314598560333
0.11231847107410431 0.15260925889015198 -0.47063785791397095
0.10798102617263795 0.15127240121364594 -0.44041171669960016
0.10458993911743165 0.15038935840129852 -0.41426026821136475
0.09950506687164307 0.14956000447273254 -0.3685912489891052
0.09956230223178864 0.14958028495311737 -0.3691253662109375
0.09950907528400421 0.1495620757341385 -0.36859211325645447
0.10459350049495698 0.15039125084877014 -0.4142603576183319
0.10798363387584686 0.15127357840538025 -0.4404116570949554
0.1123208999633789 0.15261003375053406 -0.47063782811164856
0.1134762316942215 0.15299326181411743 -0.47823193669319153
0.12068898975849152 0.155551940202713 -0.5223361253738403
0.12150663137435913 0.15585605800151825 -0.5270439982414246
0.12814024090766907 0.1583889126777649 -0.5635681748390198
0.13173562288284302 0.15979784727096558 -0.5823125839233398
0.13323456048965454 0.1603911966085434 -0.5899519920349121
0.13108086585998535 0.1595369130373001 -0.5789408683776855
0.13360287249088287 0.16053712368011475 -0.5918211340904236
0.1315186321735382 0.1597093641757965 -0.5812047719955444
0.13022640347480774 0.15919777750968933 -0.5745161771774292
0.12721523642539978 0.1580207645893097 -0.558616578578949
0.1280156821012497 0.1583293080329895 -0.5628762245178223
0.13039147853851318 0.15925823152065277 -0.5753602385520935
0.129851832985878 0.15904510021209717 -0.5725476145744324
0.1305357813835144 0.15931206941604614 -0.5760968923568726
0.12573471665382385 0.15743964910507202 -0.5505861043930054
0.1249733567237854 0.15714527666568756 -0.5464078783988953
0.12559331953525543 0.15738153457641602 -0.5497902035713196
0.12453962862491606 0.1569778323173523 -0.5440122485160828
0.12223710119724274 0.15610457956790924 -0.5311233997344971
0.12277980148792267 0.15630792081356049 -0.5341875553131104
0.12942516803741455 0.15886513888835907 -0.57027667760849
0.12844735383987427 0.1584804654121399 -0.5651124715805054
0.12769922614097595 0.15818770229816437 -0.561133861541748
0.12818260490894318 0.15837478637695312 -0.5636998414993286
0.1224980354309082 0.15619319677352905 -0.5325763821601868
0.12299898266792297 0.1563803106546402 -0.535389244556427
0.12349209189414978 0.15656539797782898 -0.5381422638893127
0.11681546270847319 0.15410657227039337 -0.4991489052772522
0.11724451184272766 0.15425843000411987 -0.5017635822296143
0.11767004430294035 0.15441027283668518 -0.5043405890464783
0.11809132993221284 0.15456148982048035 -0.5068782567977905
0.11850899457931519 0.15471194684505463 -0.509377658367157
0.11892302334308623 0.15486161410808563 -0.5118380784988403
0.11677089333534242 0.1540863811969757 -0.49883949756622314
0.11721470952033997 0.15424425899982452 -0.5015518069267273
0.11549703776836395 0.15363749861717224 -0.4909386932849884
0.12488311529159546 0.15708114206790924 -0.545837938785553
0.1252519190311432 0.15722228586673737 -0.5478608012199402
0.12561608850955963 0.15736187994480133 -0.5498493909835815
0.12597550451755524 0.15749983489513397 -0.551803708076477
0.12633027136325836 0.15763631463050842 -0.5537246465682983
0.1266801357269287 0.15777108073234558 -0.5556125044822693
0.1217704564332962 0.1558961719274521 -0.5283801555633545
0.12611517310142517 0.15755559504032135 -0.5525708198547363
0.1392618715763092 0.1627555936574936 -0.6196398138999939
0.1261151134967804 0.15755659341812134 -0.552570104598999
0.12177170813083647 0.15589819848537445 -0.5283787846565247
0.1266794502735138 0.15777233242988586 -0.5556111335754395
0.1263291984796524 0.15763729810714722 -0.5537227988243103
0.1259743720293045 0.15750111639499664 -0.551801860332489
0.12561491131782532 0.1573628932237625 -0.5498473644256592
0.1252516508102417 0.1572231501340866 -0.5478599667549133
0.12488381564617157 0.15708181262016296 -0.5458378791809082
0.11549724638462068 0.1536390632390976 -0.49093765020370483
0.11721470952033997 0.1542450189590454 -0.5015512704849243
0.11677122116088866 0.15408733487129211 -0.498839408159256
0.11892388761043549 0.1548628807067871 -0.511837899684906
0.11851014196872711 0.154712975025177 -0.5093777179718018
0.11809243261814117 0.15456242859363556 -0.5068783164024353
0.11767123639583588 0.15441113710403442 -0.504340648651123
0.11724571883678436 0.15425942838191986 -0.5017638206481934
0.11681662499904633 0.15410760045051575 -0.4991488456726074
0.12349410355091095 0.15656691789627075 -0.5381418466567993
0.12300056219100952 0.1563819944858551 -0.5353886485099792
0.1224994957447052 0.15619468688964844 -0.5325755476951599
0.12818288803100586 0.15837566554546356 -0.5636991262435913
0.12769918143749237 0.15818840265274048 -0.5611331462860107
0.12844674289226532 0.15848110616207123 -0.5651118755340576
0.12942489981651306 0.15886586904525757 -0.5702759027481079
0.12277914583683013 0.15630905330181122 -0.5341861844062805
0.1222364455461502 0.15610577166080475 -0.5311219692230225
0.1245398074388504 0.15697918832302094 -0.544011116027832
0.125593900680542 0.15738297998905182 -0.549789309501648
0.12497417628765105 0.15714676678180695 -0.5464071035385132
0.12573610246181488 0.1574408859014511 -0.5505855679512024
0.13053686916828156 0.15931282937526703 -0.576096773147583
0.1298528015613556 0.15904586017131805 -0.572547197341919
0.13039280474185944 0.15925903618335724 -0.5753601789474487
0.1280170977115631 0.1583309769630432 -0.5628754496574402
0.12721674144268036 0.15802209079265594 -0.5586159229278564
0.13022758066654205 0.15919895470142365 -0.5745154619216919
0.13151997327804565 0.15971055626869202 -0.5812044143676758
0.13360488414764404 0.16053831577301025 -0.5918208360671997
0.13108272850513458 0.1595386266708374 -0.5789399743080139
0.13323639333248138 0.16039258241653442 -0.5899515151977539
0.13173727691173553 0.15979893505573273 -0.5823124647140503
0.12814129889011383 0.15838943421840668 -0.5635679960250854
0.12150675058364868 0.15585656464099884 -0.5270436406135559
0.12068809568881987 0.15555188059806824 -0.5223363041877747
0.1134745180606842 0.15299323201179504 -0.4782314598560333
0.11231847107410431 0.15260925889015198 -0.47063785791397095
0.10798102617263795 0.15127240121364594 -0.44041171669960016
0.10458993911743165 0.15038935840129852 -0.41426026821136475
0.09950506687164307 0.14956000447273254 -0.3685912489891052

VECTORS Vkin float
-0.0 -0.0 -0.0
-0.0 -0.0 -0.0
-0.0 -0.0 -0.0
-0.0 -0.0 -0.0
-0.0 -0.0 -0.0
-0.0 -0.0 -0.0
-0.0 -0.0 -0.0
-0.0 -0.0 -0.0
-0.0 -0.0 -0.0
-0.0 -0.0 -0.0
-0.0 -0.0 -0.0
-0.0 -0.0 -0.0
-0.0 -0.0 -0.0
-0.0 -0.0 -0.0
-0.0 -0.0 -0.0
-0.0 -0.0 -0.0
-0.0 -0.0 -0.0
-0.0 -0.0 -0.0
-0.0 -0.0 -0.0
-0.0 -0.0 -0.0
-0.0 -0.0 -0.0
-0.0 -0.0 -0.0
-0.0 -0.0 -0.0
-0.0 -0.0 -0.0
-0.0 -0.0 -0.0
-0.0 -0.0 -0.0
-0.0 -0.0 -0.0
-0.0 -0.0 -0.0
-0.0 -0.0 -0.0
-0.0 -0.0 -0.0
-0.0 -0.0 -0.0
-0.0 -0.0 -0.0
-0.0 -0.0 -0.0
-0.0 -0.0 -0.0
-0.0 -0.0 -0.0
-0.0 -0.0 -0.0
-0.0 -0.0 -0.0
-0.0 -0.0 -0.0
-0.0 -0.0 -0.0
-0.0 -0.0 -0.0
-0.0 -0.0 -0.0
-0.0 -0.0 -0.0
-0.0 -0.0 -0.0
-0.0 -0.0 -0.0
-0.0 -0.0 -0.0
-0.0 -0.0 -0.0
-0.0 -0.0 -0.0
-0.0 -0.0 -0.0
-0.0 -0.0 -0.0
-0.0 -0.0 -0.0
-0.0 -0.0 -0.0
-0.0 -0.0 -0.0
-0.0 -0.0 -0.0
-0.0 -0.0 -0.0
-0.0 -0.0 -0.0
-0.0 -0.0 -0.0
-0.0 -0.0 -0.0
-0.0 -0.0 -0.0
-0.0 -0.0 -0.0
-0.0 -0.0 -0.0
-0.0 -0.0 -0.0
-0.0 -0.0 -0.0
-0.0 -0.0 -0.0
-0.0 -0.0 -0.0
-0.0 -0.0 -0.0
-0.0 -0.0 -0.0
-0.0 -0.0 -0.0
-0.0 -0.0 -0.0
-0.0 -0.0 -0.0
-0.0 -0.0 -0.0
-0.0 -0.0 -0.0
-0.0 -0.0 -0.0
-0.0 -0.0 -0.0
-0.0 -0.0 -0.0
-0.0 -0.0 -0.0
-0.0 -0.0 -0.0
-0.0 -0.0 -0.0
-0.0 -0.0 -0.0
-0.0 -0.0 -0.0
-0.0 -0.0 -0.0
-0.0 -0.0 -0.0
-0.0 -0.0 -0.0
-0.0 -0.0 -0.0
-0.0 -0.0 -0.0
-0.0 -0.0 -0.0
-0.0 -0.0 -0.0
-0.0 -0.0 -0.0
-0.0 -0.0 -0.0
-0.0 -0.0 -0.0
-0.0 -0.0 -0.0
-0.0 -0.0 -0.0
-0.0 -0.0 -0.0
-0.0 -0.0 -0.0
-0.0 -0.0 -0.0
-0.0 -0.0 -0.0
-0.0 -0.0 -0.0
-0.0 -0.0 -0.0
-0.0 -0.0 -0.0
-0.0 -0.0 -0.0
-0.0 -0.0 -0.0
-0.0 -0.0 -0.0
-0.0 -0.0 -0.0
-0.0 -0.0 -0.0
-0.0 -0.0 -0.0
-0.0 -0.0 -0.0
-0.0 -0.0 -0.0
-0.0 -0.0 -0.0
-0.0 -0.0 -0.0
-0.0 -0.0 -0.0
-0.0 -0.0 -0.0
-0.0 -0.0 -0.0
-0.0 -0.0 -0.0
-0.0 -0.0 -0.0
-0.0 -0.0 -0.0
-0.0 -0.0 -0.0
-0.0 -0.0 -0.0
-0.0 -0.0 -0.0
-0.0 -0.0 -0.0
-0.0 -0.0 -0.0
-0.0 -0.0 -0.0
-0.0 -0.0 -0.0
-0.0 -0.0 -0.0
-0.0 -0.0 -0.0
-0.0 -0.0 -0.0
-0.0 -0.0 -0.0
-0.0 -0.0 -0.0
-0.0 -0.0 -0.0
-0.0 -0.0 -0.0
-0.0 -0.0 -0.0
-0.0 -0.0 -0.0
-0.0 -0.0 -0.0
-0.0 -0.0 -0.0
-0.0 -0.0 -0.0
-0.0 -0.0 -0.0
-0.0 -0.0 -0.0
-0.0 -0.0 -0.0
-0.0 -0.0 -0.0
-0.0 -0.0 -0.0
-0.0 -0.0 -0.0
-0.0 -0.0 -0.0
-0.0 -0.0 -0.0
-0.0 -0.0 -0.0
-0.0 -0.0 -0.0
-0.0 -0.0 -0.0
-0.0 -0.0 -0.0
-0.0 -0.0 -0.0
-0.0 -0.0 -0.0
-0.0 -0.0 -0.0
-0.0 -0.0 -0.0
-0.0 -0.0 -0.0
-0.0 -0.0 -0.0
-0.0 -0.0 -0.0
-0.0 -0.0 -0.0
-0.0 -0.0 -0.0
-0.0 -0.0 -0.0
-0.0 -0.0 -0.0
-0.0 -0.0 -0.0
-0.0 -0.0 -0.0
-0.0 -0.0 -0.0
-0.0 -0.0 -0.0
-0.0 -0.0 -0.0
-0.0 -0.0 -0.0
-0.0 -0.0 -0.0
-0.0 -0.0 -0.0
-0.0 -0.0 -0.0
-0.0 -0.0 -0.0
-0.0 -0.0 -0.0
-0.0 -0.0 -0.0
-0.0 -0.0 -0.0
-0.0 -0.0 -0.0
-0.0 -0.0 -0.0
-0.0 -0.0 -0.0
-0.0 -0.0 -0.0
-0.0 -0.0 -0.0
-0.0 -0.0 -0.0
-0.0 -0.0 -0.0
-0.0 -0.0 -0.0
-0.0 -0.0 -0.0
-0.0 -0.0 -0.0
-0.0 -0.0 -0.0
-0.0 -0.0 -0.0
-0.0 -0.0 -0.0
-0.0 -0.0 -0.0
-0.0 -0.0 -0.0
-0.0 -0.0 -0.0
-0.0 -0.0 -0.0
-0.0 -0.0 -0.0
-0.0 -0.0 -0.0
-0.0 -0.0 -0.0
-0.0 -0.0 -0.0
-0.0 -0.0 -0.0
-0.0 -0.0 -0.0
-0.0 -0.0 -0.0
-0.0 -0.0 -0.0
-0.0 -0.0 -0.0
-0.0 -0.0 -0.0
-0.0 -0.0 -0.0
-0.0 -0.0 -0.0
-0.0 -0.0 -0.0
-0.0 -0.0 -0.0

VECTORS Funs-vector float
0.0 0.0 -6.086830603575212e-10
0.0 0.0 -1.24293694082231e-9
0.0 0.0 -2.234633046978082e-9
0.0 0.0 -2.8594475984886886e-9
0.0 0.0 -3.798747664237878e-9
0.0 0.0 -4.0972537955365666e-9
0.0 0.0 -4.9078065410177255e-9
0.0 0.0 -5.334855333181187e-9
0.0 0.0 -6.503843194151975e-9
0.0 0.0 -8.124856999499017e-9
0.0 0.0 -7.227834147050107e-9
0.0 0.0 -8.584862502379902e-9
0.0 0.0 -1.0438708705110206e-8
0.0 0.0 -1.1881381705595587e-8
0.0 0.0 -1.2802933959557275e-8
0.0 0.0 -1.2987874145247334e-8
0.0 0.0 -1.5060720173705095e-8
0.0 0.0 -1.623976970911234e-8
0.0 0.0 -1.5049736641478665e-8
0.0 0.0 -2.2143170850775433e-8
0.0 0.0 -1.6380121852251204e-8
0.0 0.0 -1.4761586443538295e-8
0.0 0.0 -8.515251186014925e-9
0.0 0.0 -2.769029742124021e-9
0.0 0.0 4.691294879406518e-9
0.0 0.0 3.66494099352654e-9
0.0 0.0 4.530696230014148e-9
0.0 0.0 8.92134970278638e-9
0.0 0.0 1.520541364500355e-8
0.0 0.0 9.007493646313566e-9
0.0 0.0 1.0921791447620781e-8
0.0 0.0 3.6149731183760656e-9
0.0 0.0 -3.953241767703244e-10
0.0 0.0 -3.523042852989228e-10
0.0 0.0 -1.5842229043486077e-8
0.0 0.0 -2.426192762916048e-8
0.0 0.0 -3.052180602629056e-8
0.0 0.0 -6.244355437449304e-8
0.0 0.0 -7.396289796765067e-8
0.0 0.0 -7.418038081824526e-8
0.0 0.0 -5.241002690834574e-8
0.0 0.0 -4.5642348762739297e-8
0.0 0.0 -2.1059217398963814e-8
0.0 0.0 -2.8242079323231152e-8
0.0 0.0 -5.0437839729011184e-8
0.0 0.0 -8.313913222670959e-8
0.0 0.0 -7.08789923435055e-8
0.0 0.0 -5.362647480945732e-8
0.0 0.0 -4.2459430136557085e-8
0.0 0.0 -3.756173010163709e-8
0.0 0.0 -3.4165227045837285e-8
0.0 0.0 -1.544749037747271e-8
0.0 0.0 -1.3148982107385302e-8
0.0 0.0 -9.391787647732435e-9
0.0 0.0 -3.36368346155634e-9
0.0 0.0 -1.1651582839594233e-8
0.0 0.0 -1.1107739711807749e-8
0.0 0.0 -2.4737160101229494e-10
0.0 0.0 -7.303652150407297e-9
0.0 0.0 -1.8726358367384725e-8
0.0 0.0 -3.1275498743769904e-8
0.0 0.0 -2.9085968593283052e-8
0.0 0.0 -3.2298917774526345e-8
0.0 0.0 -3.728326759813822e-8
0.0 0.0 -4.446573450112881e-8
0.0 0.0 -5.298060074127039e-8
0.0 0.0 -5.1265342354286366e-8
0.0 0.0 -4.78347115163216e-8
0.0 0.0 -4.601715040271404e-8
0.0 0.0 -4.018356767799656e-8
0.0 0.0 -3.4015777801100425e-8
0.0 0.0 -2.8640756301272943e-8
0.0 0.0 -2.758497088633235e-8
0.0 0.0 -2.363061748429405e-8
0.0 0.0 -1.8000944555049526e-8
0.0 0.0 -1.939281639016124e-8
0.0 0.0 -1.219350267497958e-8
0.0 0.0 -1.568584888666493e-8
0.0 0.0 -1.572926724480159e-8
0.0 0.0 -1.4058594165140521e-8
0.0 0.0 -1.0752001788989617e-8
0.0 0.0 -9.015741207216664e-9
0.0 0.0 -1.1086664509182253e-8
0.0 0.0 -8.95551600561451e-9
0.0 0.0 -7.490163233501454e-9
0.0 0.0 -6.420736882074277e-9
0.0 0.0 -5.4752024940996366e-9
0.0 0.0 -4.7114026380359815e-9
0.0 0.0 -4.073142096054114e-9
0.0 0.0 -3.538441864126904e-9
0.0 0.0 -3.4293555837403283e-9
0.0 0.0 -1.6176943705267406e-9
0.0 0.0 -1.982342298143563e-9
0.0 0.0 -1.6503010941352495e-9
0.0 0.0 -1.306844153059684e-9
0.0 0.0 -1.4996473948559043e-9
0.0 0.0 -1.1319434409660187e-9
0.0 0.0 -5.248259954995987e-10
0.0 0.0 -2.3920380279380927e-10
0.0 0.0 -2.04016233564769e-10
0.0 0.0 -6.086830603575212e-10
0.0 0.0 -1.24293694082231e-9
0.0 0.0 -2.234633046978082e-9
0.0 0.0 -2.8594475984886886e-9
0.0 0.0 -3.798747664237878e-9
0.0 0.0 -4.0972537955365666e-9
0.0 0.0 -4.9078065410177255e-9
0.0 0.0 -5.334855333181187e-9
0.0 0.0 -6.503843194151975e-9
0.0 0.0 -8.124856999499017e-9
0.0 0.0 -7.227834147050107e-9
0.0 0.0 -8.584862502379902e-9
0.0 0.0 -1.0438708705110206e-8
0.0 0.0 -1.1881381705595587e-8
0.0 0.0 -1.2802933959557275e-8
0.0 0.0 -1.2987874145247334e-8
0.0 0.0 -1.5060720173705095e-8
0.0 0.0 -1.623976970911234e-8
0.0 0.0 -1.5049736641478665e-8
0.0 0.0 -2.2143170850775433e-8
0.0 0.0 -1.6380121852251204e-8
0.0 0.0 -1.4761586443538295e-8
0.0 0.0 -8.515251186014925e-9
0.0 0.0 -2.769029742124021e-9
0.0 0.0 4.691294879406518e-9
0.0 0.0 3.66494099352654e-9
0.0 0.0 4.530696230014148e-9
0.0 0.0 8.92134970278638e-9
0.0 0.0 1.520541364500355e-8
0.0 0.0 9.007493646313566e-9
0.0 0.0 1.0921791447620781e-8
0.0 0.0 3.6149731183760656e-9
0.0 0.0 -3.953241767703244e-10
0.0 0.0 -3.523042852989228e-10
0.0 0.0 -1.5842229043486077e-8
0.0 0.0 -2.426192762916048e-8
0.0 0.0 -3.052180602629056e-8
0.0 0.0 -6.244355437449304e-8
0.0 0.0 -7.396289796765067e-8
0.0 0.0 -7.418038081824526e-8
0.0 0.0 -5.241002690834574e-8
0.0 0.0 -4.5642348762739297e-8
0.0 0.0 -2.1059217398963814e-8
0.0 0.0 -2.8242079323231152e-8
0.0 0.0 -5.0437839729011184e-8
0.0 0.0 -8.313913222670959e-8
0.0 0.0 -7.08789923435055e-8
0.0 0.0 -5.362647480945732e-8
0.0 0.0 -4.2459430136557085e-8
0.0 0.0 -3.756173010163709e-8
0.0 0.0 -3.4165227045837285e-8
0.0 0.0 -1.544749037747271e-8
0.0 0.0 -1.3148982107385302e-8
0.0 0.0 -9.391787647732435e-9
0.0 0.0 -3.36368346155634e-9
0.0 0.0 -1.1651582839594233e-8
0.0 0.0 -1.1107739711807749e-8
0.0 0.0 -2.4737160101229494e-10
0.0 0.0 -7.303652150407297e-9
0.0 0.0 -1.8726358367384725e-8
0.0 0.0 -3.1275498743769904e-8
0.0 0.0 -2.9085968593283052e-8
0.0 0.0 -3.2298917774526345e-8
0.0 0.0 -3.728326759813822e-8
0.0 0.0 -4.446573450112881e-8
0.0 0.0 -5.298060074127039e-8
0.0 0.0 -5.1265342354286366e-8
0.0 0.0 -4.78347115163216e-8
0.0 0.0 -4.601715040271404e-8
0.0 0.0 -4.018356767799656e-8
0.0 0.0 -3.4015777801100425e-8
0.0 0.0 -2.8640756301272943e-8
0.0 0.0 -2.758497088633235e-8
0.0 0.0 -2.363061748429405e-8
0.0 0.0 -1.8000944555049526e-8
0.0 0.0 -1.939281639016124e-8
0.0 0.0 -1.219350267497958e-8
0.0 0.0 -1.568584888666493e-8
0.0 0.0 -1.572926724480159e-8
0.0 0.0 -1.4058594165140521e-8
0.0 0.0 -1.0752001788989617e-8
0.0 0.0 -9.015741207216664e-9
0.0 0.0 -1.1086664509182253e-8
0.0 0.0 -8.95551600561451e-9
0.0 0.0 -7.490163233501454e-9
0.0 0.0 -6.420736882074277e-9
0.0 0.0 -5.4752024940996366e-9
0.0 0.0 -4.7114026380359815e-9
0.0 0.0 -4.073142096054114e-9
0.0 0.0 -3.538441864126904e-9
0.0 0.0 -3.4293555837403283e-9
0.0 0.0 -1.6176943705267406e-9
0.0 0.0 -1.982342298143563e-9
0.0 0.0 -1.6503010941352495e-9
0.0 0.0 -1.306844153059684e-9
0.0 0.0 -1.4996473948559043e-9
0.0 0.0 -1.1319434409660187e-9
0.0 0.0 -5.248259954995987e-10
0.0 0.0 -2.3920380279380927e-10
0.0 0.0 -2.04016233564769e-10

VECTORS Ftot float
-0.025918338499685903 -0.0416705947017569 0.02320668885099468
-0.04046229202552716 -0.05910777183079171 0.03846788735153169
-0.05261216509774973 -0.07415082009034138 0.05486656839791178
-0.06395799220566446 -0.08839024646556431 0.0729383012140414
-0.07501479748167415 -0.10234051135287618 0.09278165520297815
-0.08589610824960707 -0.11611534254029592 0.11442602740274546
-0.09645970696678847 -0.12957237857995219 0.13786885047489417
-0.10690553061296851 -0.1429115582604741 0.1630333025905834
-0.11702352065357219 -0.15592380563092964 0.18988700501123773
-0.12692380113499796 -0.1687172992010109 0.21833936929350833
-0.13656172075371723 -0.18124829133964362 0.24832372403907418
-0.14609695284463792 -0.1936769693725163 0.27976544660614466
-0.1544451762031031 -0.20491843045961236 0.31269015825479834
-0.16196303657808447 -0.2153295466234985 0.34685551585425595
-0.16899804690196046 -0.22525778693620033 0.38204542896734695
-0.17563955491429759 -0.23479248493906188 0.4181190233994544
-0.18135020378878192 -0.24339683639145007 0.45498880753059096
-0.18760156210458673 -0.2525413742860688 0.4923729970068555
-0.1926621297642016 -0.2604951140613718 0.5304276090572404
-0.19588692439019803 -0.26661321578353286 0.5689768971965539
-0.19907603807085095 -0.2726954188744337 0.6075221604710987
-0.2023159131778821 -0.27882849751121064 0.6459347263836189
-0.2053541992298466 -0.28475999838023464 0.6841650721799614
-0.2090787448415875 -0.2913782820778155 0.7220893501797022
-0.21026978389914633 -0.2954627307036904 0.7600003102490442
-0.2121630140861735 -0.3002491929857193 0.7972025797301532
-0.21387535869280055 -0.3048547560861113 0.8337532759030082
-0.21624347026882157 -0.3101160339616923 0.8695259277707722
-0.21808631298886258 -0.3148520454848631 0.9047138627267801
-0.21869690624770302 -0.3183555552070442 0.9392861851860401
-0.22049979651349827 -0.3230561536511026 0.9728447771372314
-0.2193758752270282 -0.32482546866633466 1.005935951530826
-0.21730653588858456 -0.32565010260205496 1.0378599669660455
-0.21557442704490493 -0.326811374392769 1.0682140776242317
-0.2132277178970797 -0.3273580191573213 1.0970671983772844
-0.21203298720068198 -0.3290566495785076 1.12415687041743
-0.20921318025807956 -0.3291332062310158 1.1500184844348615
-0.2054592088546498 -0.32827252736763596 1.1743596843819524
-0.20071666382778997 -0.3264232602277959 1.1970231795602917
-0.19486886567701595 -0.32346875118757484 1.217852480658888
-0.1876895932472154 -0.3191828559328568 1.2366624811687947
-0.18111237120434276 -0.3154989920737854 1.2530457850863563
-0.17220575268093588 -0.30948564245407284 1.2676779826646194
-0.1580786903677379 -0.29825186812378784 1.280569447084309
-0.14278915507594003 -0.28585557385628757 1.2900720583075351
-0.12299006016697239 -0.268949724996436 1.2963904781397109
-0.09895538634352499 -0.2478082377818898 1.2989650642960884
-0.051747096572237916 -0.20349319010710068 1.300316618417084
0.06574548839457633 -0.08889509382451558 1.3008570151012062
0.7086779759399651 0.551136576488505 1.302533609586496
0.7084162555383803 -0.5508748722113008 1.2569035830873934
0.06533363801619081 0.08930688105174296 1.2550777517210394
-0.05228366264904905 0.20402969421979322 1.2543158237590677
-0.09977447339807938 0.2486272842208789 1.2526483928815975
-0.1261951808231428 0.27215482067033003 1.249101924425116
-0.14375365328091583 0.2868200378974238 1.2434120165212006
-0.15480982626719306 0.29498295631427557 1.2360547675591054
-0.16891484593309108 0.3061946982579412 1.2248898879790437
-0.1761249948435702 0.31051156996898754 1.2124075630165385
-0.1838999586470019 0.3153931632281115 1.1974835005196125
-0.1918206869391844 0.3204205243131331 1.179976980825311
-0.19836568622912495 0.32407225686857355 1.1603305972858584
-0.203750545338175 0.32656381374625243 1.1387667093247893
-0.2080531868996303 0.32797316801189746 1.1154810288557808
-0.2106766527069362 0.3277002513637758 1.0907741365782737
-0.21407635587092733 0.3282066027171151 1.0642297034097958
-0.21669014610829176 0.32792703664050304 1.0361195543094173
-0.2187668201815024 0.32711034991874105 1.0065314387516398
-0.22120095803407192 0.326650519156048 0.9753753665394461
-0.22275971632523772 0.32531603860256186 0.9430085131801392
-0.22225922130940926 0.3219178634100068 0.9099422235158917
-0.22113068523089618 0.3178963979316436 0.876192803087504
-0.2189121597187343 0.31278469784884394 0.8419585246539082
-0.2162160408709074 0.30719541658035066 0.8072351160299795
-0.2141970693778091 0.3022832243008927 0.771823758310625
-0.21199053298445508 0.29718344794014107 0.7358447503781407
-0.21016899490561688 0.2924685237154471 0.6992884819890812
-0.20686902975317778 0.2862748126636882 0.6625791879978129
-0.20311383677165482 0.2796264054673042 0.6257461577529915
-0.19999348282964946 0.27361284359452115 0.5886523073761446
-0.19686473625795992 0.26759100838194044 0.5514102347063689
-0.19367485132233064 0.26150781717327426 0.5141595851345431
-0.188268578452851 0.25320837517008976 0.4774434454368635
-0.18240017642919412 0.24444679636355518 0.44125282403705723
-0.1769340694412132 0.23608698137147047 0.4055159250376588
-0.17062742799787078 0.22688716414953897 0.3704971554165564
-0.16337284569364133 0.21673934664697134 0.3363957818956198
-0.1562301900405831 0.2067034374283273 0.30320524779300817
-0.1473750898984627 0.19495510802327742 0.2713384513555961
-0.13792919920402713 0.18261576825106338 0.24085294857137973
-0.128183288277429 0.1699767778046083 0.2117948131125548
-0.11818677018813291 0.1570870432629626 0.18422547080924276
-0.10790723958578313 0.14391325620322457 0.15821964987447293
-0.09741963647240584 0.1305322945572152 0.13383360077546377
-0.08676695678475496 0.11698618180205628 0.11111434164551898
-0.07585722276197066 0.10318292546111367 0.09012142364761026
-0.06465337442152322 0.08908561869274333 0.07088871924336489
-0.053200306342905984 0.07473895398746079 0.05336972035404975
-0.04095786792997644 0.059603338848549715 0.037463512795392666
-0.026283543719935437 0.04203579027297313 0.022657194320609118
-0.025918338499685903 -0.0416705947017569 0.02320668885099468
-0.04046229202552716 -0.05910777183079171 0.03846788735153169
-0.05261216509774973 -0.07415082009034138 0.05486656839791178
-0.06395799220566446 -0.08839024646556431 0.0729383012140414
-0.07501479748167415 -0.10234051135287618 0.09278165520297815
-0.08589610824960707 -0.11611534254029592 0.11442602740274546
-0.09645970696678847 -0.12957237857995219 0.13786885047489417
-0.10690553061296851 -0.1429115582604741 0.1630333025905834
-0.11702352065357219 -0.15592380563092964 0.18988700501123773
-0.12692380113499796 -0.1687172992010109 0.21833936929350833
-0.13656172075371723 -0.18124829133964362 0.24832372403907418
-0.14609695284463792 -0.1936769693725163 0.27976544660614466
-0.1544451762031031 -0.20491843045961236 0.31269015825479834
-0.16196303657808447 -0.2153295466234985 0.34685551585425595
-0.16899804690196046 -0.22525778693620033 0.38204542896734695
-0.17563955491429759 -0.23479248493906188 0.4181190233994544
-0.18135020378878192 -0.24339683639145007 0.45498880753059096
-0.18760156210458673 -0.2525413742860688 0.4923729970068555
-0.1926621297642016 -0.2604951140613718 0.5304276090572404
-0.19588692439019803 -0.26661321578353286 0.5689768971965539
-0.19907603807085095 -0.2726954188744337 0.6075221604710987
-0.2023159131778821 -0.27882849751121064 0.6459347263836189
-0.2053541992298466 -0.28475999838023464 0.6841650721799614
-0.2090787448415875 -0.2913782820778155 0.7220893501797022
-0.21026978389914633 -0.2954627307036904 0.7600003102490442
-0.2121630140861735 -0.3002491929857193 0.7972025797301532
-0.21387535869280055 -0.3048547560861113 0.8337532759030082
-0.21624347026882157 -0.3101160339616923 0.8695259277707722
-0.21808631298886258 -0.3148520454848631 0.9047138627267801
-0.21869690624770302 -0.3183555552070442 0.9392861851860401
-0.22049979651349827 -0.3230561536511026 0.9728447771372314
-0.2193758752270282 -0.32482546866633466 1.005935951530826
-0.21730653588858456 -0.32565010260205496 1.0378599669660455
-0.21557442704490493 -0.326811374392769 1.0682140776242317
-0.2132277178970797 -0.3273580191573213 1.0970671983772844
-0.21203298720068198 -0.3290566495785076 1.12415687041743
-0.20921318025807956 -0.3291332062310158 1.1500184844348615
-0.2054592088546498 -0.32827252736763596 1.1743596843819524
-0.20071666382778997 -0.3264232602277959 1.1970231795602917
-0.19486886567701595 -0.32346875118757484 1.217852480658888
-0.1876895932472154 -0.3191828559328568 1.2366624811687947
-0.18111237120434276 -0.3154989920737854 1.2530457850863563
-0.17220575268093588 -0.30948564245407284 1.2676779826646194
-0.1580786903677379 -0.29825186812378784 1.280569447084309
-0.14278915507594003 -0.28585557385628757 1.2900720583075351
-0.12299006016697239 -0.268949724996436 1.2963904781397109
-0.09895538634352499 -0.2478082377818898 1.2989650642960884
-0.051747096572237916 -0.20349319010710068 1.300316618417084
0.06574548839457633 -0.08889509382451558 1.3008570151012062
0.7086779759399651 0.551136576488505 1.302533609586496
0.7084162555383803 -0.5508748722113008 1.2569035830873934
0.06533363801619081 0.08930688105174296 1.2550777517210394
-0.05228366264904905 0.20402969421979322 1.2543158237590677
-0.09977447339807938 0.2486272842208789 1.2526483928815975
-0.1261951808231428 0.27215482067033003 1.249101924425116
-0.14375365328091583 0.2868200378974238 1.2434120165212006
-0.15480982626719306 0.29498295631427557 1.2360547675591054
-0.16891484593309108 0.3061946982579412 1.2248898879790437
-0.1761249948435702 0.31051156996898754 1.2124075630165385
-0.1838999586470019 0.3153931632281115 1.1974835005196125
-0.1918206869391844 0.3204205243131331 1.179976980825311
-0.19836568622912495 0.32407225686857355 1.1603305972858584
-0.203750545338175 0.32656381374625243 1.1387667093247893
-0.2080531868996303 0.32797316801189746 1.1154810288557808
-0.2106766527069362 0.3277002513637758 1.0907741365782737
-0.21407635587092733 0.3282066027171151 1.0642297034097958
-0.21669014610829176 0.32792703664050304 1.0361195543094173
-0.2187668201815024 0.32711034991874105 1.0065314387516398
-0.22120095803407192 0.326650519156048 0.9753753665394461
-0.22275971632523772 0.32531603860256186 0.9430085131801392
-0.22225922130940926 0.3219178634100068 0.9099422235158917
-0.22113068523089618 0.3178963979316436 0.876192803087504
-0.2189121597187343 0.31278469784884394 0.8419585246539082
-0.2162160408709074 0.30719541658035066 0.8072351160299795
-0.2141970693778091 0.3022832243008927 0.771823758310625
-0.21199053298445508 0.29718344794014107 0.7358447503781407
-0.21016899490561688 0.2924685237154471 0.6992884819890812
-0.20686902975317778 0.2862748126636882 0.6625791879978129
-0.20311383677165482 0.2796264054673042 0.6257461577529915
-0.19999348282964946 0.27361284359452115 0.5886523073761446
-0.19686473625795992 0.26759100838194044 0.5514102347063689
-0.19367485132233064 0.26150781717327426 0.5141595851345431
-0.188268578452851 0.25320837517008976 0.4774434454368635
-0.18240017642919412 0.24444679636355518 0.44125282403705723
-0.1769340694412132 0.23608698137147047 0.4055159250376588
-0.17062742799787078 0.22688716414953897 0.3704971554165564
-0.16337284569364133 0.21673934664697134 0.3363957818956198
-0.1562301900405831 0.2067034374283273 0.30320524779300817
-0.1473750898984627 0.19495510802327742 0.2713384513555961
-0.13792919920402713 0.18261576825106338 0.24085294857137973
-0.128183288277429 0.1699767778046083 0.2117948131125548
-0.11818677018813291 0.1570870432629626 0.18422547080924276
-0.10790723958578313 0.14391325620322457 0.15821964987447293
-0.09741963647240584 0.1305322945572152 0.13383360077546377
-0.08676695678475496 0.11698618180205628 0.11111434164551898
-0.07585722276197066 0.10318292546111367 0.09012142364761026
-0.06465337442152322 0.08908561869274333 0.07088871924336489
-0.053200306342905984 0.07473895398746079 0.05336972035404975
-0.04095786792997644 0.059603338848549715 0.037463512795392666
-0.026283543719935437 0.04203579027297313 0.022657194320609118

VECTORS Vvpm_AB float
0.16222524642944336 0.17227885127067566 -0.7237226963043213
0.16222673654556274 0.17227892577648163 -0.7237272262573242
0.162228524684906 0.1722792685031891 -0.7237344980239868
0.16221752762794495 0.17228065431118011 -0.7237094640731812
0.1622118204832077 0.17228193581104279 -0.7236987352371216
0.1622062772512436 0.1722823977470398 -0.7236865162849426
0.16220316290855408 0.17228330671787262 -0.723680853843689
0.16220194101333618 0.17228375375270844 -0.7236800789833069
0.16218475997447968 0.17228512465953827 -0.7236385941505432
0.16218751668930054 0.17228484153747559 -0.723646879196167
0.16219237446784973 0.17228403687477112 -0.7236596345901489
0.162192240357399 0.17228233814239502 -0.7236570119857788
0.16219520568847656 0.1722812056541443 -0.7236619591712952
0.16219773888587952 0.17228014767169952 -0.7236657738685608
0.16220110654830933 0.17227862775325775 -0.7236700057983398
0.1622033417224884 0.17227797210216522 -0.723675012588501
0.1622011363506317 0.17227554321289062 -0.7236649990081787
0.1622033715248108 0.1722750961780548 -0.7236700654029846
0.16220545768737793 0.17227470874786377 -0.7236748933792114
0.16220736503601074 0.1722732037305832 -0.7236759662628174
0.1622113287448883 0.172272190451622 -0.723682165145874
0.16221266984939575 0.1722719818353653 -0.7236852645874023
0.16221356391906738 0.17227183282375336 -0.7236878871917725
0.1622113585472107 0.17226892709732056 -0.7236791253089905
0.16221264004707336 0.17226725816726685 -0.7236777544021606
0.16221317648887634 0.17226707935333252 -0.7236800193786621
0.16221371293067932 0.1722671538591385 -0.7236824035644531
0.1622154712677002 0.1722666323184967 -0.723685622215271
0.1622169315814972 0.17226649820804596 -0.7236886024475098
0.16222165524959564 0.17226473987102509 -0.7236958742141724
0.16219693422317505 0.17226234078407288 -0.7236204147338867
0.16219893097877502 0.17226187884807587 -0.7236238121986389
0.16220000386238098 0.17225836217403412 -0.7236150503158569
0.16220039129257202 0.17225836217403412 -0.7236161231994629
0.1622006595134735 0.17225857079029083 -0.7236175537109375
0.16220107674598694 0.17225828766822815 -0.7236188054084778
0.16218975186347961 0.1722497045993805 -0.7235758900642395
0.16219118237495422 0.1722494512796402 -0.7235790491104126
0.1621924489736557 0.17224937677383423 -0.7235822677612305
0.1621938943862915 0.17224906384944916 -0.7235851883888245
0.16219350695610046 0.1722494512796402 -0.7235867977142334
0.16219279170036316 0.17224949598312378 -0.7235885858535767
0.1621936857700348 0.1722494214773178 -0.7235914468765259
0.1621946096420288 0.17224948108196259 -0.7235939502716064
0.1621955931186676 0.17224934697151184 -0.7235969305038452
0.16219651699066162 0.1722491979598999 -0.7235997319221497
0.16219833493232727 0.1722489446401596 -0.7236031293869019
0.16219934821128845 0.17224891483783722 -0.723605751991272
0.16219347715377808 0.17224985361099243 -0.723594069480896
0.16217206418514252 0.17223627865314484 -0.7235120534896851
0.1621713787317276 0.1722363382577896 -0.7235122323036194
0.16219162940979004 0.17224949598312378 -0.7235947847366333
0.1621975302696228 0.17224831879138947 -0.7236064672470093
0.1621965765953064 0.17224840819835663 -0.7236036062240601
0.1621948778629303 0.17224858701229095 -0.7236000299453735
0.16219401359558105 0.17224851250648499 -0.7235973477363586
0.16219303011894226 0.1722487211227417 -0.7235945463180542
0.1621919870376587 0.17224904894828796 -0.7235919237136841
0.16219118237495422 0.172248974442482 -0.7235891819000244
0.1621919572353363 0.17224881052970886 -0.7235875725746155
0.1621922254562378 0.17224884033203125 -0.723585844039917
0.16219088435173035 0.1722489446401596 -0.7235826253890991
0.16218967735767365 0.17224909365177155 -0.7235797643661499
0.16218827664852142 0.1722491979598999 -0.723576545715332
0.16219860315322876 0.17225733399391174 -0.7236197590827942
0.16219821572303772 0.1722576916217804 -0.7236183881759644
0.16219782829284668 0.172257661819458 -0.7236170172691345
0.16219761967658997 0.1722577065229416 -0.7236156463623047
0.16219738125801086 0.17226150631904602 -0.7236243486404419
0.16219574213027954 0.17226175963878632 -0.7236210107803345
0.16222068667411804 0.17226442694664001 -0.7236959934234619
0.1622156798839569 0.1722659170627594 -0.7236889600753784
0.16221418976783752 0.17226630449295044 -0.7236860990524292
0.162212535738945 0.1722666323184967 -0.7236828207969666
0.16221199929714203 0.17226673662662506 -0.7236804962158203
0.16221138834953308 0.17226682603359222 -0.7236784100532532
0.1622106432914734 0.17226888239383698 -0.7236793041229248
0.16221235692501068 0.17227129638195038 -0.7236882448196411
0.1622115820646286 0.17227157950401306 -0.723685622215271
0.162210151553154 0.17227204144001007 -0.7236826419830322
0.16220596432685852 0.17227302491664886 -0.7236764430999756
0.16220450401306152 0.1722744107246399 -0.7236753702163696
0.1622023731470108 0.17227494716644287 -0.723670482635498
0.1622002273797989 0.1722753942012787 -0.7236653566360474
0.16220229864120483 0.17227782309055328 -0.723675549030304
0.1621999740600586 0.17227832973003387 -0.7236701250076294
0.1621967852115631 0.17227976024150848 -0.7236660718917847
0.16219462454319 0.17228102684020996 -0.7236621975898743
0.1621919870376587 0.17228221893310547 -0.723656952381134
0.16219186782836914 0.17228388786315918 -0.7236596941947937
0.16218648850917816 0.17228436470031738 -0.7236472368240356
0.16218364238739014 0.17228464782238007 -0.7236391305923462
0.16220051050186157 0.17228330671787262 -0.7236806154251099
0.1622011661529541 0.17228254675865173 -0.7236815690994263
0.16220438480377197 0.17228201031684875 -0.7236870527267456
0.16220957040786743 0.17228101193904877 -0.7236994504928589
0.16221529245376587 0.17228008806705475 -0.7237101793289185
0.16222625970840454 0.17227865755558014 -0.7237350940704346
0.1622244417667389 0.17227812111377716 -0.7237280607223511
0.1622225046157837 0.17227792739868164 -0.7237237691879272
0.16222524642944336 0.17227885127067566 -0.7237226963043213
0.16222673654556274 0.17227892577648163 -0.7237272262573242
0.162228524684906 0.1722792685031891 -0.7237344980239868
0.16221752762794495 0.17228065431118011 -0.7237094640731812
0.1622118204832077 0.17228193581104279 -0.7236987352371216
0.1622062772512436 0.1722823977470398 -0.7236865162849426
0.16220316290855408 0.17228330671787262 -0.723680853843689
0.16220194101333618 0.17228375375270844 -0.7236800789833069
0.16218475997447968 0.17228512465953827 -0.7236385941505432
0.16218751668930054 0.17228484153747559 -0.723646879196167
0.16219237446784973 0.17228403687477112 -0.7236596345901489
0.162192240357399 0.17228233814239502 -0.7236570119857788
0.16219520568847656 0.1722812056541443 -0.7236619591712952
0.16219773888587952 0.17228014767169952 -0.7236657738685608
0.16220110654830933 0.17227862775325775 -0.7236700057983398
0.1622033417224884 0.17227797210216522 -0.723675012588501
0.1622011363506317 0.17227554321289062 -0.7236649990081787
0.1622033715248108 0.1722750961780548 -0.7236700654029846
0.16220545768737793 0.17227470874786377 -0.7236748933792114
0.16220736503601074 0.1722732037305832 -0.7236759662628174
0.1622113287448883 0.172272190451622 -0.723682165145874
0.16221266984939575 0.1722719818353653 -0.7236852645874023
0.16221356391906738 0.17227183282375336 -0.7236878871917725
0.1622113585472107 0.17226892709732056 -0.7236791253089905
0.16221264004707336 0.17226725816726685 -0.7236777544021606
0.16221317648887634 0.17226707935333252 -0.7236800193786621
0.16221371293067932 0.1722671538591385 -0.7236824035644531
0.1622154712677002 0.1722666323184967 -0.723685622215271
0.1622169315814972 0.17226649820804596 -0.7236886024475098
0.16222165524959564 0.17226473987102509 -0.7236958742141724
0.16219693422317505 0.17226234078407288 -0.7236204147338867
0.16219893097877502 0.17226187884807587 -0.7236238121986389
0.16220000386238098 0.17225836217403412 -0.7236150503158569
0.16220039129257202 0.17225836217403412 -0.7236161231994629
0.1622006595134735 0.17225857079029083 -0.7236175537109375
0.16220107674598694 0.17225828766822815 -0.7236188054084778
0.16218975186347961 0.1722497045993805 -0.7235758900642395
0.16219118237495422 0.1722494512796402 -0.7235790491104126
0.1621924489736557 0.17224937677383423 -0.7235822677612305
0.1621938943862915 0.17224906384944916 -0.7235851883888245
0.16219350695610046 0.1722494512796402 -0.7235867977142334
0.16219279170036316 0.17224949598312378 -0.7235885858535767
0.1621936857700348 0.1722494214773178 -0.7235914468765259
0.1621946096420288 0.17224948108196259 -0.7235939502716064
0.1621955931186676 0.17224934697151184 -0.7235969305038452
0.16219651699066162 0.1722491979598999 -0.7235997319221497
0.16219833493232727 0.1722489446401596 -0.7236031293869019
0.16219934821128845 0.17224891483783722 -0.723605751991272
0.16219347715377808 0.17224985361099243 -0.723594069480896
0.16217206418514252 0.17223627865314484 -0.7235120534896851
0.1621713787317276 0.1722363382577896 -0.7235122323036194
0.16219162940979004 0.17224949598312378 -0.7235947847366333
0.1621975302696228 0.17224831879138947 -0.7236064672470093
0.1621965765953064 0.17224840819835663 -0.7236036062240601
0.1621948778629303 0.17224858701229095 -0.7236000299453735
0.16219401359558105 0.17224851250648499 -0.7235973477363586
0.16219303011894226 0.1722487211227417 -0.7235945463180542
0.1621919870376587 0.17224904894828796 -0.7235919237136841
0.16219118237495422 0.172248974442482 -0.7235891819000244
0.1621919572353363 0.17224881052970886 -0.7235875725746155
0.1621922254562378 0.17224884033203125 -0.723585844039917
0.16219088435173035 0.1722489446401596 -0.7235826253890991
0.16218967735767365 0.17224909365177155 -0.7235797643661499
0.16218827664852142 0.1722491979598999 -0.723576545715332
0.16219860315322876 0.17225733399391174 -0.7236197590827942
0.16219821572303772 0.1722576916217804 -0.7236183881759644
0.16219782829284668 0.172257661819458 -0.7236170172691345
0.16219761967658997 0.1722577065229416 -0.7236156463623047
0.16219738125801086 0.17226150631904602 -0.7236243486404419
0.16219574213027954 0.17226175963878632 -0.7236210107803345
0.16222068667411804 0.17226442694664001 -0.7236959934234619
0.1622156798839569 0.1722659170627594 -0.7236889600753784
0.16221418976783752 0.17226630449295044 -0.7236860990524292
0.162212535738945 0.1722666323184967 -0.7236828207969666
0.16221199929714203 0.17226673662662506 -0.7236804962158203
0.16221138834953308 0.17226682603359222 -0.7236784100532532
0.1622106432914734 0.17226888239383698 -0.7236793041229248
0.16221235692501068 0.17227129638195038 -0.7236882448196411
0.1622115820646286 0.17227157950401306 -0.723685622215271
0.162210151553154 0.17227204144001007 -0.7236826419830322
0.16220596432685852 0.17227302491664886 -0.7236764430999756
0.16220450401306152 0.1722744107246399 -0.7236753702163696
0.1622023731470108 0.17227494716644287 -0.723670482635498
0.1622002273797989 0.1722753942012787 -0.7236653566360474
0.16220229864120483 0.17227782309055328 -0.723675549030304
0.1621999740600586 0.17227832973003387 -0.7236701250076294
0.1621967852115631 0.17227976024150848 -0.7236660718917847
0.16219462454319 0.17228102684020996 -0.7236621975898743
0.1621919870376587 0.17228221893310547 -0.723656952381134
0.16219186782836914 0.17228388786315918 -0.7236596941947937
0.16218648850917816 0.17228436470031738 -0.7236472368240356
0.16218364238739014 0.17228464782238007 -0.7236391305923462
0.16220051050186157 0.17228330671787262 -0.7236806154251099
0.1622011661529541 0.17228254675865173 -0.7236815690994263
0.16220438480377197 0.17228201031684875 -0.7236870527267456
0.16220957040786743 0.17228101193904877 -0.7236994504928589
0.16221529245376587 0.17228008806705475 -0.7237101793289185
0.16222625970840454 0.17227865755558014 -0.7237350940704346
0.1622244417667389 0.17227812111377716 -0.7237280607223511
0.1622225046157837 0.17227792739868164 -0.7237237691879272