# vtk DataFile Version 4.0
[MyVLM domain - lattices] 
ASCII
DATASET UNSTRUCTURED_GRID
POINTS 302 float
1.2444999999999997 -1.2445 0.0
1.2399745454545452 -1.2399745454545454 0.0
1.2346178849721705 -1.2346178849721707 0.0
1.2284300185528754 -1.2284300185528756 0.0
1.2214109461966602 -1.2214109461966605 0.0
1.2135606679035247 -1.213560667903525 0.0
1.2048791836734691 -1.2048791836734694 0.0
1.1953664935064932 -1.1953664935064934 0.0
1.1850225974025972 -1.1850225974025974 0.0
1.1738474953617808 -1.173847495361781 0.0
1.1618411873840442 -1.1618411873840444 0.0
1.1490036734693874 -1.1490036734693876 0.0
1.1353349536178106 -1.1353349536178108 0.0
1.1208350278293133 -1.1208350278293135 0.0
1.1055038961038959 -1.105503896103896 0.0
1.0893415584415582 -1.0893415584415584 0.0
1.0723480148423004 -1.0723480148423006 0.0
1.054523265306122 -1.0545232653061223 0.0
1.0358673098330238 -1.035867309833024 0.0
1.0163801484230053 -1.0163801484230055 0.0
0.9960617810760664 -0.9960617810760668 0.0
0.9749122077922076 -0.9749122077922077 0.0
0.9529314285714284 -0.9529314285714284 0.0
0.9301194434137288 -0.930119443413729 0.0
0.9064762523191091 -0.9064762523191096 0.0
0.8820018552875695 -0.8820018552875695 0.0
0.8566962523191093 -0.8566962523191094 0.0
0.8305594434137288 -0.8305594434137291 0.0
0.8035914285714284 -0.8035914285714285 0.0
0.7757922077922076 -0.7757922077922077 0.0
0.7471617810760666 -0.7471617810760667 0.0
0.7177001484230053 -0.7177001484230054 0.0
0.6874073098330239 -0.687407309833024 0.0
0.6562832653061222 -0.6562832653061225 0.0
0.6243280148423004 -0.6243280148423005 0.0
0.5915415584415582 -0.5915415584415583 0.0
0.5579238961038958 -0.5579238961038959 0.0
0.5234750278293133 -0.5234750278293134 0.0
0.48819495361781057 -0.48819495361781057 0.0
0.4520836734693877 -0.4520836734693877 0.0
0.4151411873840445 -0.4151411873840446 0.0
0.37736749536178105 -0.37736749536178116 0.0
0.3387625974025974 -0.3387625974025974 0.0
0.2993264935064933 -0.29932649350649343 0.0
0.25905918367346925 -0.25905918367346925 0.0
0.21796066790352486 -0.21796066790352486 0.0
0.17603094619666027 -0.1760309461966605 0.0
0.13327001855287546 -0.13327001855287568 0.0
0.08967788497217066 -0.08967788497217066 0.0
0.045254545454545436 -0.045254545454545436 0.0
0.0 0.0 0.0
0.04525454545454545 0.04525454545454546 0.0
0.08967788497217066 0.08967788497217068 0.0
0.13327001855287568 0.1332700185528757 0.0
0.17603094619666046 0.1760309461966605 0.0
0.21796066790352497 0.21796066790352508 0.0
0.2590591836734693 0.25905918367346936 0.0
0.29932649350649343 0.2993264935064935 0.0
0.3387625974025973 0.33876259740259734 0.0
0.37736749536178094 0.377367495361781 0.0
0.41514118738404443 0.4151411873840445 0.0
0.45208367346938766 0.4520836734693878 0.0
0.48819495361781057 0.4881949536178107 0.0
0.5234750278293133 0.5234750278293134 0.0
0.5579238961038959 0.557923896103896 0.0
0.5915415584415582 0.5915415584415583 0.0
0.6243280148423003 0.6243280148423004 0.0
0.6562832653061222 0.6562832653061225 0.0
0.687407309833024 0.6874073098330241 0.0
0.7177001484230054 0.7177001484230056 0.0
0.7471617810760667 0.7471617810760669 0.0
0.7757922077922076 0.7757922077922077 0.0
0.8035914285714284 0.8035914285714285 0.0
0.8305594434137288 0.830559443413729 0.0
0.8566962523191093 0.8566962523191094 0.0
0.8820018552875692 0.8820018552875695 0.0
0.9064762523191091 0.9064762523191093 0.0
0.9301194434137288 0.9301194434137292 0.0
0.9529314285714284 0.9529314285714284 0.0
0.9749122077922076 0.9749122077922077 0.0
0.9960617810760666 0.9960617810760668 0.0
1.0163801484230053 1.0163801484230055 0.0
1.0358673098330238 1.035867309833024 0.0
1.054523265306122 1.0545232653061223 0.0
1.0723480148423001 1.0723480148423004 0.0
1.0893415584415582 1.0893415584415584 0.0
1.1055038961038959 1.105503896103896 0.0
1.120835027829313 1.1208350278293133 0.0
1.1353349536178106 1.1353349536178106 0.0
1.1490036734693874 1.1490036734693876 0.0
1.1618411873840444 1.1618411873840446 0.0
1.1738474953617808 1.173847495361781 0.0
1.1850225974025972 1.1850225974025972 0.0
1.1953664935064932 1.1953664935064934 0.0
1.2048791836734691 1.2048791836734694 0.0
1.2135606679035245 1.2135606679035247 0.0
1.22141094619666 1.2214109461966602 0.0
1.2284300185528754 1.2284300185528756 0.0
1.2346178849721703 1.2346178849721705 0.0
1.2399745454545452 1.2399745454545454 0.0
1.2444999999999997 1.2445 0.0
1.7422999999999997 -1.2445 0.0
1.7377745454545452 -1.2399745454545454 0.0
1.7324178849721703 -1.2346178849721707 0.0
1.7262300185528754 -1.2284300185528756 0.0
1.7192109461966603 -1.2214109461966605 0.0
1.7113606679035245 -1.213560667903525 0.0
1.7026791836734692 -1.2048791836734694 0.0
1.6931664935064934 -1.1953664935064934 0.0
1.6828225974025972 -1.1850225974025974 0.0
1.6716474953617806 -1.173847495361781 0.0
1.6596411873840444 -1.1618411873840444 0.0
1.6468036734693878 -1.1490036734693876 0.0
1.6331349536178106 -1.1353349536178108 0.0
1.6186350278293133 -1.1208350278293135 0.0
1.603303896103896 -1.105503896103896 0.0
1.5871415584415582 -1.0893415584415584 0.0
1.5701480148423004 -1.0723480148423006 0.0
1.552323265306122 -1.0545232653061223 0.0
1.5336673098330238 -1.035867309833024 0.0
1.5141801484230053 -1.0163801484230055 0.0
1.4938617810760666 -0.9960617810760668 0.0
1.4727122077922075 -0.9749122077922077 0.0
1.4507314285714283 -0.9529314285714284 0.0
1.4279194434137288 -0.930119443413729 0.0
1.4042762523191092 -0.9064762523191096 0.0
1.3798018552875693 -0.8820018552875695 0.0
1.3544962523191093 -0.8566962523191094 0.0
1.328359443413729 -0.8305594434137291 0.0
1.3013914285714283 -0.8035914285714285 0.0
1.2735922077922077 -0.7757922077922077 0.0
1.2449617810760665 -0.7471617810760667 0.0
1.2155001484230055 -0.7177001484230054 0.0
1.1852073098330238 -0.687407309833024 0.0
1.1540832653061224 -0.6562832653061225 0.0
1.1221280148423003 -0.6243280148423005 0.0
1.0893415584415582 -0.5915415584415583 0.0
1.055723896103896 -0.5579238961038959 0.0
1.0212750278293132 -0.5234750278293134 0.0
0.9859949536178108 -0.48819495361781057 0.0
0.9498836734693876 -0.4520836734693877 0.0
0.9129411873840445 -0.4151411873840446 0.0
0.875167495361781 -0.37736749536178116 0.0
0.8365625974025973 -0.3387625974025974 0.0
0.7971264935064933 -0.29932649350649343 0.0
0.7568591836734693 -0.25905918367346925 0.0
0.7157606679035249 -0.21796066790352486 0.0
0.6738309461966603 -0.1760309461966605 0.0
0.6310700185528755 -0.13327001855287568 0.0
0.5874778849721707 -0.08967788497217066 0.0
0.5430545454545455 -0.045254545454545436 0.0
0.4978 0.0 0.0
0.5430545454545455 0.04525454545454546 0.0
0.5874778849721707 0.08967788497217068 0.0
0.6310700185528757 0.1332700185528757 0.0
0.6738309461966605 0.1760309461966605 0.0
0.715760667903525 0.21796066790352508 0.0
0.7568591836734693 0.25905918367346936 0.0
0.7971264935064934 0.2993264935064935 0.0
0.8365625974025973 0.33876259740259734 0.0
0.875167495361781 0.377367495361781 0.0
0.9129411873840445 0.4151411873840445 0.0
0.9498836734693876 0.4520836734693878 0.0
0.9859949536178105 0.4881949536178107 0.0
1.0212750278293132 0.5234750278293134 0.0
1.055723896103896 0.557923896103896 0.0
1.0893415584415582 0.5915415584415583 0.0
1.1221280148423003 0.6243280148423004 0.0
1.1540832653061224 0.6562832653061225 0.0
1.185207309833024 0.6874073098330241 0.0
1.2155001484230055 0.7177001484230056 0.0
1.2449617810760667 0.7471617810760669 0.0
1.2735922077922077 0.7757922077922077 0.0
1.3013914285714283 0.8035914285714285 0.0
1.3283594434137287 0.830559443413729 0.0
1.3544962523191093 0.8566962523191094 0.0
1.3798018552875693 0.8820018552875695 0.0
1.4042762523191092 0.9064762523191093 0.0
1.427919443413729 0.9301194434137292 0.0
1.4507314285714283 0.9529314285714284 0.0
1.4727122077922075 0.9749122077922077 0.0
1.4938617810760666 0.9960617810760668 0.0
1.5141801484230053 1.0163801484230055 0.0
1.5336673098330238 1.035867309833024 0.0
1.552323265306122 1.0545232653061223 0.0
1.5701480148423002 1.0723480148423004 0.0
1.5871415584415582 1.0893415584415584 0.0
1.603303896103896 1.105503896103896 0.0
1.6186350278293131 1.1208350278293133 0.0
1.6331349536178106 1.1353349536178106 0.0
1.6468036734693874 1.1490036734693876 0.0
1.6596411873840444 1.1618411873840446 0.0
1.6716474953617806 1.173847495361781 0.0
1.6828225974025972 1.1850225974025972 0.0
1.6931664935064934 1.1953664935064934 0.0
1.7026791836734692 1.2048791836734694 0.0
1.7113606679035245 1.2135606679035247 0.0
1.71921094619666 1.2214109461966602 0.0
1.7262300185528754 1.2284300185528756 0.0
1.7324178849721703 1.2346178849721705 0.0
1.7377745454545452 1.2399745454545454 0.0
1.7422999999999997 1.2445 0.0
1.6155872727272724 -1.2422372727272726 0.0
1.6106462152133578 -1.237296215213358 0.0
1.604873951762523 -1.2315239517625232 0.0
1.598270482374768 -1.224920482374768 0.0
1.5908358070500925 -1.2174858070500927 0.0
1.582569925788497 -1.2092199257884972 0.0
1.5734728385899812 -1.2001228385899814 0.0
1.5635445454545454 -1.1901945454545453 0.0
1.552785046382189 -1.1794350463821892 0.0
1.5411943413729126 -1.1678443413729127 0.0
1.5287724304267158 -1.155422430426716 0.0
1.5155193135435991 -1.142169313543599 0.0
1.501434990723562 -1.1280849907235622 0.0
1.4865194619666047 -1.1131694619666048 0.0
1.4707727272727271 -1.0974227272727273 0.0
1.4541947866419294 -1.0808447866419293 0.0
1.4367856400742112 -1.0634356400742113 0.0
1.418545287569573 -1.0451952875695731 0.0
1.3994737291280146 -1.0261237291280147 0.0
1.379570964749536 -1.0062209647495362 0.0
1.358836994434137 -0.9854869944341371 0.0
1.337271818181818 -0.9639218181818181 0.0
1.3148754359925787 -0.9415254359925787 0.0
1.291647847866419 -0.9182978478664192 0.0
1.2675890538033394 -0.8942390538033393 0.0
1.2426990538033393 -0.8693490538033395 0.0
1.2169778478664193 -0.8436278478664192 0.0
1.1904254359925788 -0.8170754359925788 0.0
1.163041818181818 -0.7896918181818181 0.0
1.1348269944341371 -0.7614769944341371 0.0
1.105780964749536 -0.7324309647495362 0.0
1.0759037291280147 -0.7025537291280148 0.0
1.0451952875695731 -0.6718452875695733 0.0
1.0136556400742114 -0.6403056400742114 0.0
0.9812847866419293 -0.6079347866419293 0.0
0.9480827272727271 -0.5747327272727272 0.0
0.9140494619666047 -0.5406994619666048 0.0
0.8791849907235622 -0.5058349907235622 0.0
0.8434893135435992 -0.47013931354359917 0.0
0.8069624304267162 -0.43361243042671627 0.0
0.7696043413729128 -0.3962543413729128 0.0
0.7314150463821893 -0.3580650463821894 0.0
0.6923945454545455 -0.3190445454545454 0.0
0.6525428385899814 -0.27919283858998134 0.0
0.6118599257884971 -0.23850992578849706 0.0
0.5703458070500929 -0.19699580705009279 0.0
0.5280004823747682 -0.15465048237476808 0.0
0.4848239517625232 -0.11147395176252317 0.0
0.4408162152133581 -0.06746621521335805 0.0
0.39597727272727273 -0.022627272727272718 0.0
0.39597727272727273 0.02262727272727273 0.0
0.4408162152133581 0.06746621521335806 0.0
0.4848239517625232 0.11147395176252319 0.0
0.528000482374768 0.15465048237476808 0.0
0.5703458070500929 0.19699580705009276 0.0
0.6118599257884971 0.23850992578849717 0.0
0.6525428385899814 0.2791928385899814 0.0
0.6923945454545455 0.3190445454545454 0.0
0.7314150463821891 0.3580650463821891 0.0
0.7696043413729128 0.39625434137291277 0.0
0.8069624304267162 0.43361243042671616 0.0
0.8434893135435992 0.4701393135435992 0.0
0.8791849907235619 0.5058349907235621 0.0
0.9140494619666046 0.5406994619666047 0.0
0.9480827272727271 0.5747327272727272 0.0
0.9812847866419294 0.6079347866419295 0.0
1.0136556400742114 0.6403056400742114 0.0
1.0451952875695731 0.6718452875695732 0.0
1.0759037291280147 0.7025537291280147 0.0
1.105780964749536 0.7324309647495362 0.0
1.1348269944341371 0.7614769944341373 0.0
1.163041818181818 0.789691818181818 0.0
1.1904254359925786 0.8170754359925786 0.0
1.216977847866419 0.843627847866419 0.0
1.2426990538033393 0.8693490538033394 0.0
1.2675890538033392 0.8942390538033393 0.0
1.291647847866419 0.9182978478664192 0.0
1.3148754359925787 0.9415254359925787 0.0
1.3372718181818182 0.9639218181818181 0.0
1.3588369944341372 0.9854869944341373 0.0
1.379570964749536 1.0062209647495362 0.0
1.3994737291280148 1.0261237291280147 0.0
1.418545287569573 1.0451952875695731 0.0
1.4367856400742112 1.0634356400742113 0.0
1.4541947866419291 1.0808447866419293 0.0
1.470772727272727 1.097422727272727 0.0
1.4865194619666047 1.1131694619666048 0.0
1.501434990723562 1.128084990723562 0.0
1.5155193135435991 1.1421693135435993 0.0
1.528772430426716 1.1554224304267162 0.0
1.5411943413729128 1.1678443413729127 0.0
1.5527850463821888 1.179435046382189 0.0
1.5635445454545451 1.1901945454545453 0.0
1.573472838589981 1.2001228385899811 0.0
1.5825699257884969 1.209219925788497 0.0
1.5908358070500925 1.2174858070500927 0.0
1.5982704823747678 1.224920482374768 0.0
1.604873951762523 1.2315239517625232 0.0
1.6106462152133578 1.237296215213358 0.0
1.6155872727272724 1.2422372727272726 0.0

CELLS 200 700
4 0 101 102 1
4 1 102 103 2
4 2 103 104 3
4 3 104 105 4
4 4 105 106 5
4 5 106 107 6
4 6 107 108 7
4 7 108 109 8
4 8 109 110 9
4 9 110 111 10
4 10 111 112 11
4 11 112 113 12
4 12 113 114 13
4 13 114 115 14
4 14 115 116 15
4 15 116 117 16
4 16 117 118 17
4 17 118 119 18
4 18 119 120 19
4 19 120 121 20
4 20 121 122 21
4 21 122 123 22
4 22 123 124 23
4 23 124 125 24
4 24 125 126 25
4 25 126 127 26
4 26 127 128 27
4 27 128 129 28
4 28 129 130 29
4 29 130 131 30
4 30 131 132 31
4 31 132 133 32
4 32 133 134 33
4 33 134 135 34
4 34 135 136 35
4 35 136 137 36
4 36 137 138 37
4 37 138 139 38
4 38 139 140 39
4 39 140 141 40
4 40 141 142 41
4 41 142 143 42
4 42 143 144 43
4 43 144 145 44
4 44 145 146 45
4 45 146 147 46
4 46 147 148 47
4 47 148 149 48
4 48 149 150 49
4 49 150 151 50
4 50 151 152 51
4 51 152 153 52
4 52 153 154 53
4 53 154 155 54
4 54 155 156 55
4 55 156 157 56
4 56 157 158 57
4 57 158 159 58
4 58 159 160 59
4 59 160 161 60
4 60 161 162 61
4 61 162 163 62
4 62 163 164 63
4 63 164 165 64
4 64 165 166 65
4 65 166 167 66
4 66 167 168 67
4 67 168 169 68
4 68 169 170 69
4 69 170 171 70
4 70 171 172 71
4 71 172 173 72
4 72 173 174 73
4 73 174 175 74
4 74 175 176 75
4 75 176 177 76
4 76 177 178 77
4 77 178 179 78
4 78 179 180 79
4 79 180 181 80
4 80 181 182 81
4 81 182 183 82
4 82 183 184 83
4 83 184 185 84
4 84 185 186 85
4 85 186 187 86
4 86 187 188 87
4 87 188 189 88
4 88 189 190 89
4 89 190 191 90
4 90 191 192 91
4 91 192 193 92
4 92 193 194 93
4 93 194 195 94
4 94 195 196 95
4 95 196 197 96
4 96 197 198 97
4 97 198 199 98
4 98 199 200 99
4 99 200 201 100
1 202
1 203
1 204
1 205
1 206
1 207
1 208
1 209
1 210
1 211
1 212
1 213
1 214
1 215
1 216
1 217
1 218
1 219
1 220
1 221
1 222
1 223
1 224
1 225
1 226
1 227
1 228
1 229
1 230
1 231
1 232
1 233
1 234
1 235
1 236
1 237
1 238
1 239
1 240
1 241
1 242
1 243
1 244
1 245
1 246
1 247
1 248
1 249
1 250
1 251
1 252
1 253
1 254
1 255
1 256
1 257
1 258
1 259
1 260
1 261
1 262
1 263
1 264
1 265
1 266
1 267
1 268
1 269
1 270
1 271
1 272
1 273
1 274
1 275
1 276
1 277
1 278
1 279
1 280
1 281
1 282
1 283
1 284
1 285
1 286
1 287
1 288
1 289
1 290
1 291
1 292
1 293
1 294
1 295
1 296
1 297
1 298
1 299
1 300
1 301

CELL_TYPES 200
9
9
9
9
9
9
9
9
9
9
9
9
9
9
9
9
9
9
9
9
9
9
9
9
9
9
9
9
9
9
9
9
9
9
9
9
9
9
9
9
9
9
9
9
9
9
9
9
9
9
9
9
9
9
9
9
9
9
9
9
9
9
9
9
9
9
9
9
9
9
9
9
9
9
9
9
9
9
9
9
9
9
9
9
9
9
9
9
9
9
9
9
9
9
9
9
9
9
9
9
1
1
1
1
1
1
1
1
1
1
1
1
1
1
1
1
1
1
1
1
1
1
1
1
1
1
1
1
1
1
1
1
1
1
1
1
1
1
1
1
1
1
1
1
1
1
1
1
1
1
1
1
1
1
1
1
1
1
1
1
1
1
1
1
1
1
1
1
1
1
1
1
1
1
1
1
1
1
1
1
1
1
1
1
1
1
1
1
1
1
1
1
1
1
1
1
1
1
1
1

CELL_DATA 200

VECTORS Vinf float
8.793598267791197 0.8076862692832947 4.0925506429483
8.79789886212103 0.8235793113708495 4.113874800663144
8.796109828708097 0.8168572783470154 4.1047816352655
8.796923730132505 0.8199876546859741 4.109048165540845
8.79669002032034 0.8191161751747131 4.107862092714459
8.799904737231657 0.8316667675971984 4.125049330454022
8.792783710715696 0.8050983548164368 4.0892550127317016
8.787764940020963 0.787944495677948 4.067079372863919
8.78398809170477 0.7754697203636169 4.05137924120918
8.77721092438452 0.7532644271850586 4.0241437183429305
8.772253665683195 0.7369011044502258 4.004618965249211
8.766027722117826 0.7158794403076172 3.980157442550808
8.770323011634275 0.7304206490516663 3.9970042930652205
8.77626756167166 0.7501095533370972 4.020328290920407
8.774241361377165 0.7434818744659424 4.012419961552769
8.775855753180906 0.7487454414367676 4.018690012555272
8.773332986590788 0.740445613861084 4.008814864020497
8.773205551860258 0.7400012612342834 4.008283235292584
8.772059712169096 0.7361538410186768 4.003727100949437
8.780025574920103 0.7623840570449829 4.035198606710583
8.781599673983976 0.7675227522850037 4.041499890546948
8.780543181655332 0.7640330791473389 4.037201233368069
8.779513272998258 0.7606343030929565 4.0330370144654815
8.775356862304136 0.7470237016677856 4.016620211463124
8.779002580401823 0.7589844465255737 4.0310460703183715
8.778185937163755 0.7562905550003052 4.027768843035847
8.777390811202451 0.7536629438400269 4.024584375481755
8.77406892513983 0.7427459359169006 4.011512406330258
8.773296806571409 0.7401665449142456 4.008444927792699
8.777940783259794 0.7555541396141052 4.026909165244252
8.777121755835935 0.7528424263000488 4.023625649671704
8.782748553512022 0.771221399307251 4.0460738019754
8.78636208510153 0.7831583619117737 4.061019994478375
8.78570530152075 0.7809547781944275 4.058231569986493
8.785056862590238 0.7787890434265137 4.055501975279004
8.784417841193601 0.7766631245613098 4.052832909088284
8.783788892981931 0.7745774388313293 4.050223685960919
8.779404494521543 0.7602283954620361 4.03255707786575
8.778798017260954 0.7582307457923889 4.030121483068616
8.778202030417845 0.756271243095398 4.027741216282994
8.77761832213156 0.7543515563011169 4.025415755968243
8.773474368808195 0.7407509684562683 4.009152345519215
8.765954468009397 0.7154867649078369 3.9797198550511905
8.765419635531828 0.7136232256889343 3.977576367716939
8.764377984759733 0.710049569606781 3.9735164718438685
8.763951871154234 0.7085347771644592 3.9717812018205234
8.763537082431242 0.7070478200912476 3.97007880375877
8.763131174800321 0.7055894136428833 3.968412317495495
8.77120653128378 0.7332059741020203 4.000271164040715
8.76598158812277 0.7158522605895996 3.9801900909949843
8.756354245898649 0.681213915348053 3.9410460965444147
8.7635455462908 0.707085907459259 3.970127262334973
8.763201210257932 0.7058383822441101 3.9687006847669184
8.763607415912077 0.7072916626930237 3.970360405903012
8.764021429774687 0.7087737321853638 3.972057797174603
8.764446530101225 0.7102840542793274 3.973788000803143
8.75949439739935 0.6925651431083679 3.9536880628873408
8.76740911936514 0.7204633951187134 3.985443748693616
8.767924878356382 0.7222368121147156 3.9875001685430114
8.772361430880949 0.7371081113815308 4.004877589802891
8.77289179301016 0.7388818860054016 4.0069773124267165
8.773435506579801 0.7406952381134033 4.0091282205392424
8.77399042582266 0.7425479888916016 4.011333115558774
8.77455821966879 0.7444390058517456 4.013588689427525
8.775139186141416 0.746367871761322 4.015895150761754
8.780060205218717 0.7624478340148926 4.035310082297475
8.780681226012632 0.7644959092140198 4.0378243552257125
8.781313571689054 0.7665844559669495 4.040397234420926
8.782858404872343 0.7715808749198914 4.046522475938946
8.777225348708555 0.7531838417053223 4.024037979703099
8.77804246878378 0.7558848857879639 4.027310259800107
8.77337870335333 0.7404341697692871 4.0087628589679305
8.774148795363828 0.7430052757263184 4.011822126965672
8.777464959380552 0.7538999915122986 4.024873070578725
8.778257462737486 0.7565200924873352 4.028050266366154
8.779071423766538 0.7592069506645203 4.031319879155308
8.772792908904478 0.7385959625244141 4.006615989070088
8.77640810942404 0.7505106925964355 4.02081086502567
8.777394864318296 0.7537789940834045 4.024756901126057
8.778411481139585 0.7571402788162231 4.028834916811139
8.77683911061041 0.7520067691802979 4.022637508969456
8.769257995841429 0.7268149256706238 3.9928092585612838
8.770337078330442 0.7304949164390564 3.9971177654077117
8.768201026675627 0.7233483791351318 3.9888068513681
8.773068103549406 0.7396053075790405 4.007829748253972
8.771482560393736 0.7343899607658386 4.001691065888554
8.771389279124662 0.7340745329856873 4.0013223366548125
8.765783939120695 0.715058445930481 3.97922395930782
8.764975163695738 0.712255597114563 3.9759970681478087
8.770367238280699 0.7306469678878784 3.9972853885699813
8.777287397143766 0.7535198926925659 4.024455078106076
8.782187554595396 0.7695837616920471 4.044085540037305
8.784094247577116 0.7757955193519592 4.051787503223569
8.789470288512632 0.7936853766441345 4.074441768388898
8.7948274943804 0.8123823404312134 4.098906137209088
8.79388240313284 0.8088760375976562 4.094207443456799
8.797255728003904 0.8212230801582336 4.11072526143089
8.793260726687834 0.8065612316131592 4.0911138133813445
8.793746623752043 0.8082784414291382 4.093385704021603
8.790336463210508 0.7963178157806396 4.0777319745828216
8.793598267791197 0.8076862692832947 4.0925506429483
8.79789886212103 0.8235793113708495 4.113874800663144
8.796109828708097 0.8168572783470154 4.1047816352655
8.796923730132505 0.8199876546859741 4.109048165540845
8.79669002032034 0.8191161751747131 4.107862092714459
8.799904737231657 0.8316667675971984 4.125049330454022
8.792783710715696 0.8050983548164368 4.0892550127317016
8.787764940020963 0.787944495677948 4.067079372863919
8.78398809170477 0.7754697203636169 4.05137924120918
8.77721092438452 0.7532644271850586 4.0241437183429305
8.772253665683195 0.7369011044502258 4.004618965249211
8.766027722117826 0.7158794403076172 3.980157442550808
8.770323011634275 0.7304206490516663 3.9970042930652205
8.77626756167166 0.7501095533370972 4.020328290920407
8.774241361377165 0.7434818744659424 4.012419961552769
8.775855753180906 0.7487454414367676 4.018690012555272
8.773332986590788 0.740445613861084 4.008814864020497
8.773205551860258 0.7400012612342834 4.008283235292584
8.772059712169096 0.7361538410186768 4.003727100949437
8.780025574920103 0.7623840570449829 4.035198606710583
8.781599673983976 0.7675227522850037 4.041499890546948
8.780543181655332 0.7640330791473389 4.037201233368069
8.779513272998258 0.7606343030929565 4.0330370144654815
8.775356862304136 0.7470237016677856 4.016620211463124
8.779002580401823 0.7589844465255737 4.0310460703183715
8.778185937163755 0.7562905550003052 4.027768843035847
8.777390811202451 0.7536629438400269 4.024584375481755
8.77406892513983 0.7427459359169006 4.011512406330258
8.773296806571409 0.7401665449142456 4.008444927792699
8.777940783259794 0.7555541396141052 4.026909165244252
8.777121755835935 0.7528424263000488 4.023625649671704
8.782748553512022 0.771221399307251 4.0460738019754
8.78636208510153 0.7831583619117737 4.061019994478375
8.78570530152075 0.7809547781944275 4.058231569986493
8.785056862590238 0.7787890434265137 4.055501975279004
8.784417841193601 0.7766631245613098 4.052832909088284
8.783788892981931 0.7745774388313293 4.050223685960919
8.779404494521543 0.7602283954620361 4.03255707786575
8.778798017260954 0.7582307457923889 4.030121483068616
8.778202030417845 0.756271243095398 4.027741216282994
8.77761832213156 0.7543515563011169 4.025415755968243
8.773474368808195 0.7407509684562683 4.009152345519215
8.765954468009397 0.7154867649078369 3.9797198550511905
8.765419635531828 0.7136232256889343 3.977576367716939
8.764377984759733 0.710049569606781 3.9735164718438685
8.763951871154234 0.7085347771644592 3.9717812018205234
8.763537082431242 0.7070478200912476 3.97007880375877
8.763131174800321 0.7055894136428833 3.968412317495495
8.77120653128378 0.7332059741020203 4.000271164040715
8.76598158812277 0.7158522605895996 3.9801900909949843
8.756354245898649 0.681213915348053 3.9410460965444147
8.7635455462908 0.707085907459259 3.970127262334973
8.763201210257932 0.7058383822441101 3.9687006847669184
8.763607415912077 0.7072916626930237 3.970360405903012
8.764021429774687 0.7087737321853638 3.972057797174603
8.764446530101225 0.7102840542793274 3.973788000803143
8.75949439739935 0.6925651431083679 3.9536880628873408
8.76740911936514 0.7204633951187134 3.985443748693616
8.767924878356382 0.7222368121147156 3.9875001685430114
8.772361430880949 0.7371081113815308 4.004877589802891
8.77289179301016 0.7388818860054016 4.0069773124267165
8.773435506579801 0.7406952381134033 4.0091282205392424
8.77399042582266 0.7425479888916016 4.011333115558774
8.77455821966879 0.7444390058517456 4.013588689427525
8.775139186141416 0.746367871761322 4.015895150761754
8.780060205218717 0.7624478340148926 4.035310082297475
8.780681226012632 0.7644959092140198 4.0378243552257125
8.781313571689054 0.7665844559669495 4.040397234420926
8.782858404872343 0.7715808749198914 4.046522475938946
8.777225348708555 0.7531838417053223 4.024037979703099
8.77804246878378 0.7558848857879639 4.027310259800107
8.77337870335333 0.7404341697692871 4.0087628589679305
8.774148795363828 0.7430052757263184 4.011822126965672
8.777464959380552 0.7538999915122986 4.024873070578725
8.778257462737486 0.7565200924873352 4.028050266366154
8.779071423766538 0.7592069506645203 4.031319879155308
8.772792908904478 0.7385959625244141 4.006615989070088
8.77640810942404 0.7505106925964355 4.02081086502567
8.777394864318296 0.7537789940834045 4.024756901126057
8.778411481139585 0.7571402788162231 4.028834916811139
8.77683911061041 0.7520067691802979 4.022637508969456
8.769257995841429 0.7268149256706238 3.9928092585612838
8.770337078330442 0.7304949164390564 3.9971177654077117
8.768201026675627 0.7233483791351318 3.9888068513681
8.773068103549406 0.7396053075790405 4.007829748253972
8.771482560393736 0.7343899607658386 4.001691065888554
8.771389279124662 0.7340745329856873 4.0013223366548125
8.765783939120695 0.715058445930481 3.97922395930782
8.764975163695738 0.712255597114563 3.9759970681478087
8.770367238280699 0.7306469678878784 3.9972853885699813
8.777287397143766 0.7535198926925659 4.024455078106076
8.782187554595396 0.7695837616920471 4.044085540037305
8.784094247577116 0.7757955193519592 4.051787503223569
8.789470288512632 0.7936853766441345 4.074441768388898
8.7948274943804 0.8123823404312134 4.098906137209088
8.79388240313284 0.8088760375976562 4.094207443456799
8.797255728003904 0.8212230801582336 4.11072526143089
8.793260726687834 0.8065612316131592 4.0911138133813445
8.793746623752043 0.8082784414291382 4.093385704021603
8.790336463210508 0.7963178157806396 4.0777319745828216

VECTORS L float
-0.014551344360744576 0.0 0.031205458684334487
-0.023442485364282558 0.0 0.05027257209764798
-0.0323276002015707 0.0 0.06932676235573457
-0.04173692240940875 0.0 0.08950511894774754
-0.05179771652025606 0.0 0.11108056154428142
-0.06250950220821354 0.0 0.13405206008312145
-0.07391342687710963 0.0 0.1585078554565388
-0.08596642190104534 0.0 0.1843555866982362
-0.09862990807664497 0.0 0.2115125204395868
-0.11189087905245487 0.0 0.2399507644698875
-0.12569490637077763 0.0 0.2695535965849336
-0.140033131536829 0.0 0.3003020196813551
-0.15475118329328819 0.0 0.33186498352949967
-0.16977596550331692 0.0 0.36408573295805524
-0.18514500899286912 0.0 0.3970447530830123
-0.20071646364470175 0.0 0.43043784534626817
-0.21651752286813314 0.0 0.46432332620229816
-0.23244858667033133 0.0 0.49848760277719134
-0.24851379218113834 0.0 0.5329395471745254
-0.26445926262777564 0.0 0.5671347188981197
-0.28038862309824214 0.0 0.6012953426663264
-0.29626520734144235 0.0 0.6353427874499223
-0.3120256151348352 0.0 0.6691410910329061
-0.3277395922411048 0.0 0.7028398236860302
-0.3431376257092934 0.0 0.7358610130207983
-0.3583525878808593 0.0 0.7684896046930124
-0.3733064546588754 0.0 0.8005582754868461
-0.3880618318905252 0.0 0.8322012840748483
-0.4025234139890635 0.0 0.8632142469666807
-0.41649047898181324 0.0 0.8931667145028394
-0.4301650100202731 0.0 0.9224918409495391
-0.44320924457079125 0.0 0.9504652922158753
-0.4556448730679938 0.0 0.9771335835890118
-0.4675266144580282 0.0 1.0026140602276457
-0.4787497204096855 0.0 1.0266820886105867
-0.4892544613177692 0.0 1.0492095781861321
-0.49896056376849324 0.0 1.0700243820628847
-0.5079725516783418 0.0 1.0893506525031034
-0.5160610158093648 0.0 1.1066964198083755
-0.5231850521682251 0.0 1.121973965081913
-0.5292266228968462 0.0 1.134930155320189
-0.5342120340252976 0.0 1.1456214039867383
-0.5382126793427329 0.0 1.1542008155564825
-0.5408754011258717 0.0 1.1599110408478153
-0.5420936888443723 0.0 1.1625236672913115
-0.5414807439377719 0.0 1.161209202697216
-0.5382519556128509 0.0 1.1542850437895624
-0.5302222818196541 0.0 1.1370653527706178
-0.508053753395105 0.0 1.0895247901466592
-0.38448740037704215 0.0 0.8245358909572965
-0.32591186058919075 0.0 0.698920240509666
-0.4489771044298543 0.0 0.9628345076001652
-0.4708439465300569 0.0 1.0097281018137396
-0.4789163003135533 0.0 1.0270393203672492
-0.4822244029912606 0.0 1.0341335694533487
-0.4830046397696644 0.0 1.0358067926242716
-0.48212451616954766 0.0 1.0339193614729174
-0.4796255356076027 0.0 1.0285602803636076
-0.4762803587192435 0.0 1.0213865253761927
-0.4717783158837771 0.0 1.0117318633591046
-0.46642045600569376 0.0 1.0002418957714343
-0.4601153341222298 0.0 0.9867205182576896
-0.4529624282937034 0.0 0.9713810622066615
-0.445038354881437 0.0 0.9543878319354304
-0.43641004919793763 0.0 0.9358843706848942
-0.4270775470440682 0.0 0.9158707552302507
-0.41728572418511467 0.0 0.8948721233448214
-0.4068916926576862 0.0 0.8725820508022565
-0.39594906422979614 0.0 0.8491155084100814
-0.3846234913591118 0.0 0.8248277390101635
-0.3726505169741382 0.0 0.7991516125825041
-0.3604009615975007 0.0 0.7728823563041398
-0.3476618581911592 0.0 0.7455632608881536
-0.3346385944080855 0.0 0.7176347815777308
-0.32143355915783867 0.0 0.6893164920980036
-0.3079823979546883 0.0 0.660470383808958
-0.2943870703428166 0.0 0.6313151096587043
-0.280419163131054 0.0 0.6013608359780441
-0.2664184673899312 0.0 0.5713362470692576
-0.2523174970320978 0.0 0.5410966185509838
-0.23817134001274362 0.0 0.5107600869243638
-0.22400794057251794 0.0 0.4803865788068586
-0.2097145987483557 0.0 0.449734408347734
-0.19554590916140105 0.0 0.419349555473958
-0.18143119178911252 0.0 0.3890804463880488
-0.1675566049117322 0.0 0.35932629881029554
-0.15384753023997697 0.0 0.3299270933029342
-0.14040903090461151 0.0 0.3011081384769799
-0.12721666700723014 0.0 0.27281702280116504
-0.11437313404924125 0.0 0.24527397748896526
-0.10197322692713937 0.0 0.218682290851942
-0.0900576915843717 0.0 0.19312934284780053
-0.07864809618025759 0.0 0.16866138654346377
-0.06775768418190062 0.0 0.14530682264578693
-0.05744067333647861 0.0 0.12318192148880726
-0.04772138031953154 0.0 0.10233883035150404
-0.03857717331151691 0.0 0.08272901514024465
-0.03000595580337687 0.0 0.06434797987684565
-0.021870006932304877 0.0 0.046900381217919826
-0.01367629961433234 0.0 0.02932891916989791
-0.014551344360744576 0.0 0.031205458684334487
-0.023442485364282558 0.0 0.05027257209764798
-0.0323276002015707 0.0 0.06932676235573457
-0.04173692240940875 0.0 0.08950511894774754
-0.05179771652025606 0.0 0.11108056154428142
-0.06250950220821354 0.0 0.13405206008312145
-0.07391342687710963 0.0 0.1585078554565388
-0.08596642190104534 0.0 0.1843555866982362
-0.09862990807664497 0.0 0.2115125204395868
-0.11189087905245487 0.0 0.2399507644698875
-0.12569490637077763 0.0 0.2695535965849336
-0.140033131536829 0.0 0.3003020196813551
-0.15475118329328819 0.0 0.33186498352949967
-0.16977596550331692 0.0 0.36408573295805524
-0.18514500899286912 0.0 0.3970447530830123
-0.20071646364470175 0.0 0.43043784534626817
-0.21651752286813314 0.0 0.46432332620229816
-0.23244858667033133 0.0 0.49848760277719134
-0.24851379218113834 0.0 0.5329395471745254
-0.26445926262777564 0.0 0.5671347188981197
-0.28038862309824214 0.0 0.6012953426663264
-0.29626520734144235 0.0 0.6353427874499223
-0.3120256151348352 0.0 0.6691410910329061
-0.3277395922411048 0.0 0.7028398236860302
-0.3431376257092934 0.0 0.7358610130207983
-0.3583525878808593 0.0 0.7684896046930124
-0.3733064546588754 0.0 0.8005582754868461
-0.3880618318905252 0.0 0.8322012840748483
-0.4025234139890635 0.0 0.8632142469666807
-0.41649047898181324 0.0 0.8931667145028394
-0.4301650100202731 0.0 0.9224918409495391
-0.44320924457079125 0.0 0.9504652922158753
-0.4556448730679938 0.0 0.9771335835890118
-0.4675266144580282 0.0 1.0026140602276457
-0.4787497204096855 0.0 1.0266820886105867
-0.4892544613177692 0.0 1.0492095781861321
-0.49896056376849324 0.0 1.0700243820628847
-0.5079725516783418 0.0 1.0893506525031034
-0.5160610158093648 0.0 1.1066964198083755
-0.5231850521682251 0.0 1.121973965081913
-0.5292266228968462 0.0 1.134930155320189
-0.5342120340252976 0.0 1.1456214039867383
-0.5382126793427329 0.0 1.1542008155564825
-0.5408754011258717 0.0 1.1599110408478153
-0.5420936888443723 0.0 1.1625236672913115
-0.5414807439377719 0.0 1.161209202697216
-0.5382519556128509 0.0 1.1542850437895624
-0.5302222818196541 0.0 1.1370653527706178
-0.508053753395105 0.0 1.0895247901466592
-0.38448740037704215 0.0 0.8245358909572965
-0.32591186058919075 0.0 0.698920240509666
-0.4489771044298543 0.0 0.9628345076001652
-0.4708439465300569 0.0 1.0097281018137396
-0.4789163003135533 0.0 1.0270393203672492
-0.4822244029912606 0.0 1.0341335694533487
-0.4830046397696644 0.0 1.0358067926242716
-0.48212451616954766 0.0 1.0339193614729174
-0.4796255356076027 0.0 1.0285602803636076
-0.4762803587192435 0.0 1.0213865253761927
-0.4717783158837771 0.0 1.0117318633591046
-0.46642045600569376 0.0 1.0002418957714343
-0.4601153341222298 0.0 0.9867205182576896
-0.4529624282937034 0.0 0.9713810622066615
-0.445038354881437 0.0 0.9543878319354304
-0.43641004919793763 0.0 0.9358843706848942
-0.4270775470440682 0.0 0.9158707552302507
-0.41728572418511467 0.0 0.8948721233448214
-0.4068916926576862 0.0 0.8725820508022565
-0.39594906422979614 0.0 0.8491155084100814
-0.3846234913591118 0.0 0.8248277390101635
-0.3726505169741382 0.0 0.7991516125825041
-0.3604009615975007 0.0 0.7728823563041398
-0.3476618581911592 0.0 0.7455632608881536
-0.3346385944080855 0.0 0.7176347815777308
-0.32143355915783867 0.0 0.6893164920980036
-0.3079823979546883 0.0 0.660470383808958
-0.2943870703428166 0.0 0.6313151096587043
-0.280419163131054 0.0 0.6013608359780441
-0.2664184673899312 0.0 0.5713362470692576
-0.2523174970320978 0.0 0.5410966185509838
-0.23817134001274362 0.0 0.5107600869243638
-0.22400794057251794 0.0 0.4803865788068586
-0.2097145987483557 0.0 0.449734408347734
-0.19554590916140105 0.0 0.419349555473958
-0.18143119178911252 0.0 0.3890804463880488
-0.1675566049117322 0.0 0.35932629881029554
-0.15384753023997697 0.0 0.3299270933029342
-0.14040903090461151 0.0 0.3011081384769799
-0.12721666700723014 0.0 0.27281702280116504
-0.11437313404924125 0.0 0.24527397748896526
-0.10197322692713937 0.0 0.218682290851942
-0.0900576915843717 0.0 0.19312934284780053
-0.07864809618025759 0.0 0.16866138654346377
-0.06775768418190062 0.0 0.14530682264578693
-0.05744067333647861 0.0 0.12318192148880726
-0.04772138031953154 0.0 0.10233883035150404
-0.03857717331151691 0.0 0.08272901514024465
-0.03000595580337687 0.0 0.06434797987684565
-0.021870006932304877 0.0 0.046900381217919826
-0.01367629961433234 0.0 0.02932891916989791

SCALARS Gamma float
LOOKUP_TABLE default
0.4501803554554678
0.6929693598321928
0.892349231262959
1.0726245845943985
1.2417892809849693
1.4034991374551637
1.5587944638855369
1.7092470980524965
1.8553595310284274
1.9971372550087811
2.134898152529801
2.2685606922134687
2.398694545987303
2.5243536439053122
2.644355347918331
2.759067627264515
2.8677647931841808
2.9707634486788463
3.0678281418601787
3.15959188625307
3.244405250743541
3.3223169965300676
3.393674992876279
3.458495974255132
3.5180749737372072
3.5712495588327506
3.6185003205997623
3.659891674837561
3.696424081746382
3.728628775010185
3.7552069603911717
3.7775172145603797
3.794264605878026
3.804783952830397
3.809701451618768
3.809155850525816
3.803128252441524
3.7911628309755017
3.774525346790232
3.752618038043511
3.7250968275586662
3.6911970422158564
3.6512410155360517
3.6073526343910784
3.5584358732127574
3.5046316695763284
3.4463030965258974
3.38479253273312
3.3240570388004613
3.2671652208235673
3.2638150470628355
3.318999255183174
3.380346593869529
3.4412621990927783
3.498664376323437
3.5511609958235213
3.597710112852831
3.641513143367279
3.6789623157909537
3.7115379171926683
3.738015130579983
3.759080909417534
3.774988058009406
3.7859186870671233
3.7920479539723235
3.793875274835349
3.7899304717288205
3.780602813849497
3.7658556966136403
3.7446957980055378
3.718962238274699
3.6873877914546616
3.651311294142859
3.610217378181783
3.5631096554117616
3.509897946932249
3.4499029009926065
3.384885712372811
3.3134758832565296
3.2355883372958774
3.1508680330901133
3.0592681180233656
2.962330137968471
2.8593473307672763
2.751090721826418
2.636684067147124
2.5168622042441924
2.391647235843504
2.262216484460805
2.1289926426294765
1.9917335152092905
1.8501882778220748
1.7042815318384918
1.5541662284799966
1.3991810408626644
1.2380970757005236
1.069592243952246
0.8897183803931812
0.6908499691607313
0.44880967078311507
0.4501803554554678
0.6929693598321928
0.892349231262959
1.0726245845943985
1.2417892809849693
1.4034991374551637
1.5587944638855369
1.7092470980524965
1.8553595310284274
1.9971372550087811
2.134898152529801
2.2685606922134687
2.398694545987303
2.5243536439053122
2.644355347918331
2.759067627264515
2.8677647931841808
2.9707634486788463
3.0678281418601787
3.15959188625307
3.244405250743541
3.3223169965300676
3.393674992876279
3.458495974255132
3.5180749737372072
3.5712495588327506
3.6185003205997623
3.659891674837561
3.696424081746382
3.728628775010185
3.7552069603911717
3.7775172145603797
3.794264605878026
3.804783952830397
3.809701451618768
3.809155850525816
3.803128252441524
3.7911628309755017
3.774525346790232
3.752618038043511
3.7250968275586662
3.6911970422158564
3.6512410155360517
3.6073526343910784
3.5584358732127574
3.5046316695763284
3.4463030965258974
3.38479253273312
3.3240570388004613
3.2671652208235673
3.2638150470628355
3.318999255183174
3.380346593869529
3.4412621990927783
3.498664376323437
3.5511609958235213
3.597710112852831
3.641513143367279
3.6789623157909537
3.7115379171926683
3.738015130579983
3.759080909417534
3.774988058009406
3.7859186870671233
3.7920479539723235
3.793875274835349
3.7899304717288205
3.780602813849497
3.7658556966136403
3.7446957980055378
3.718962238274699
3.6873877914546616
3.651311294142859
3.610217378181783
3.5631096554117616
3.509897946932249
3.4499029009926065
3.384885712372811
3.3134758832565296
3.2355883372958774
3.1508680330901133
3.0592681180233656
2.962330137968471
2.8593473307672763
2.751090721826418
2.636684067147124
2.5168622042441924
2.391647235843504
2.262216484460805
2.1289926426294765
1.9917335152092905
1.8501882778220748
1.7042815318384918
1.5541662284799966
1.3991810408626644
1.2380970757005236
1.069592243952246
0.8897183803931812
0.6908499691607313
0.44880967078311507

VECTORS Vvpm float
-0.2694796025753021 0.8076862692832947 -0.13363197445869446
-0.26517900824546814 0.8235793113708495 -0.11230781674385072
-0.2669680416584015 0.8168572783470154 -0.12140098214149475
-0.26615414023399353 0.8199876546859741 -0.11713445186614992
-0.26638785004615784 0.8191161751747131 -0.1183205246925354
-0.2631731331348419 0.8316667675971984 -0.10113328695297241
-0.2702941596508026 0.8050983548164368 -0.13692760467529297
-0.2753129303455353 0.787944495677948 -0.15910324454307556
-0.2790897786617279 0.7754697203636169 -0.17480337619781494
-0.28586694598197937 0.7532644271850586 -0.20203889906406403
-0.29082420468330383 0.7369011044502258 -0.2215636521577835
-0.2970501482486725 0.7158794403076172 -0.2460251748561859
-0.2927548587322235 0.7304206490516663 -0.22917832434177396
-0.2868103086948395 0.7501095533370972 -0.20585432648658752
-0.2888365089893341 0.7434818744659424 -0.21376265585422516
-0.28722211718559265 0.7487454414367676 -0.20749260485172272
-0.28974488377571106 0.740445613861084 -0.21736775338649753
-0.28987231850624084 0.7400012612342834 -0.21789938211441037
-0.29101815819740295 0.7361538410186768 -0.22245551645755768
-0.2830522954463959 0.7623840570449829 -0.19098401069641113
-0.2814781963825226 0.7675227522850037 -0.1846827268600464
-0.2825346887111664 0.7640330791473389 -0.18898138403892517
-0.28356459736824036 0.7606343030929565 -0.19314560294151306
-0.28772100806236267 0.7470237016677856 -0.20956240594387054
-0.2840752899646759 0.7589844465255737 -0.19513654708862305
-0.28489193320274353 0.7562905550003052 -0.19841377437114716
-0.28568705916404724 0.7536629438400269 -0.20159824192523956
-0.2890089452266693 0.7427459359169006 -0.21467021107673645
-0.2897810637950897 0.7401665449142456 -0.21773768961429596
-0.2851370871067047 0.7555541396141052 -0.19927345216274261
-0.28595611453056335 0.7528424263000488 -0.20255696773529053
-0.28032931685447693 0.771221399307251 -0.18010881543159485
-0.27671578526496887 0.7831583619117737 -0.16516262292861938
-0.2773725688457489 0.7809547781944275 -0.1679510474205017
-0.2780210077762604 0.7787890434265137 -0.17068064212799072
-0.27866002917289734 0.7766631245613098 -0.17334970831871033
-0.27928897738456726 0.7745774388313293 -0.17595893144607544
-0.28367337584495544 0.7602283954620361 -0.1936255395412445
-0.28427985310554504 0.7582307457923889 -0.1960611343383789
-0.2848758399486542 0.756271243095398 -0.19844140112400055
-0.2854595482349396 0.7543515563011169 -0.20076686143875122
-0.28960350155830383 0.7407509684562683 -0.21703027188777924
-0.29712340235710144 0.7154867649078369 -0.24646276235580444
-0.297658234834671 0.7136232256889343 -0.24860624969005585
-0.29869988560676575 0.710049569606781 -0.2526661455631256
-0.299125999212265 0.7085347771644592 -0.25440141558647156
-0.29954078793525696 0.7070478200912476 -0.2561038136482239
-0.29994669556617737 0.7055894136428833 -0.257770299911499
-0.2918713390827179 0.7332059741020203 -0.2259114533662796
-0.29709628224372864 0.7158522605895996 -0.24599252641201022
-0.30672362446784973 0.681213915348053 -0.28513652086257935
-0.29953232407569885 0.707085907459259 -0.2560553550720215
-0.2998766601085663 0.7058383822441101 -0.2574819326400757
-0.299470454454422 0.7072916626930237 -0.25582221150398254
-0.29905644059181213 0.7087737321853638 -0.25412482023239136
-0.29863134026527405 0.7102840542793274 -0.2523946166038513
-0.3035834729671478 0.6925651431083679 -0.2724945545196533
-0.29566875100135803 0.7204633951187134 -0.2407388687133789
-0.2951529920101166 0.7222368121147156 -0.23868244886398315
-0.2907164394855499 0.7371081113815308 -0.2213050276041031
-0.2901860773563385 0.7388818860054016 -0.21920530498027802
-0.2896423637866974 0.7406952381134033 -0.2170543968677521
-0.2890874445438385 0.7425479888916016 -0.21484950184822083
-0.28851965069770813 0.7444390058517456 -0.2125939279794693
-0.2879386842250824 0.746367871761322 -0.21028746664524078
-0.28301766514778137 0.7624478340148926 -0.19087253510951996
-0.2823966443538666 0.7644959092140198 -0.18835826218128204
-0.28176429867744446 0.7665844559669495 -0.18578538298606873
-0.2802194654941559 0.7715808749198914 -0.1796601414680481
-0.2858525216579437 0.7531838417053223 -0.20214463770389557
-0.2850354015827179 0.7558848857879639 -0.19887235760688782
-0.28969916701316833 0.7404341697692871 -0.21741975843906405
-0.2889290750026703 0.7430052757263184 -0.21436049044132233
-0.28561291098594666 0.7538999915122986 -0.20130954682826996
-0.28482040762901306 0.7565200924873352 -0.19813235104084015
-0.2840064465999603 0.7592069506645203 -0.1948627382516861
-0.2902849614620209 0.7385959625244141 -0.21956662833690646
-0.2866697609424591 0.7505106925964355 -0.20537175238132477
-0.2856830060482025 0.7537789940834045 -0.2014257162809372
-0.28466638922691345 0.7571402788162231 -0.1973477005958557
-0.28623875975608826 0.7520067691802979 -0.20354510843753817
-0.2938198745250702 0.7268149256706238 -0.23337335884571075
-0.2927407920360565 0.7304949164390564 -0.22906485199928284
-0.2948768436908722 0.7233483791351318 -0.23737576603889465
-0.2900097668170929 0.7396053075790405 -0.21835286915302277
-0.29159530997276306 0.7343899607658386 -0.22449155151844025
-0.29168859124183655 0.7340745329856873 -0.224860280752182
-0.29729393124580383 0.715058445930481 -0.2469586580991745
-0.2981027066707611 0.712255597114563 -0.2501855492591858
-0.29271063208580017 0.7306469678878784 -0.22889722883701324
-0.28579047322273254 0.7535198926925659 -0.20172753930091858
-0.2808903157711029 0.7695837616920471 -0.18209707736968994
-0.27898362278938293 0.7757955193519592 -0.1743951141834259
-0.2736075818538666 0.7936853766441345 -0.15174084901809692
-0.26825037598609924 0.8123823404312134 -0.1272764801979065
-0.26919546723365784 0.8088760375976562 -0.1319751739501953
-0.2658221423625946 0.8212230801582336 -0.11545735597610474
-0.26981714367866516 0.8065612316131592 -0.13506880402565002
-0.2693312466144562 0.8082784414291382 -0.13279691338539124
-0.2727414071559906 0.7963178157806396 -0.14845064282417297
-0.2694796025753021 0.8076862692832947 -0.13363197445869446
-0.26517900824546814 0.8235793113708495 -0.11230781674385072
-0.2669680416584015 0.8168572783470154 -0.12140098214149475
-0.26615414023399353 0.8199876546859741 -0.11713445186614992
-0.26638785004615784 0.8191161751747131 -0.1183205246925354
-0.2631731331348419 0.8316667675971984 -0.10113328695297241
-0.2702941596508026 0.8050983548164368 -0.13692760467529297
-0.2753129303455353 0.787944495677948 -0.15910324454307556
-0.2790897786617279 0.7754697203636169 -0.17480337619781494
-0.28586694598197937 0.7532644271850586 -0.20203889906406403
-0.29082420468330383 0.7369011044502258 -0.2215636521577835
-0.2970501482486725 0.7158794403076172 -0.2460251748561859
-0.2927548587322235 0.7304206490516663 -0.22917832434177396
-0.2868103086948395 0.7501095533370972 -0.20585432648658752
-0.2888365089893341 0.7434818744659424 -0.21376265585422516
-0.28722211718559265 0.7487454414367676 -0.20749260485172272
-0.28974488377571106 0.740445613861084 -0.21736775338649753
-0.28987231850624084 0.7400012612342834 -0.21789938211441037
-0.29101815819740295 0.7361538410186768 -0.22245551645755768
-0.2830522954463959 0.7623840570449829 -0.19098401069641113
-0.2814781963825226 0.7675227522850037 -0.1846827268600464
-0.2825346887111664 0.7640330791473389 -0.18898138403892517
-0.28356459736824036 0.7606343030929565 -0.19314560294151306
-0.28772100806236267 0.7470237016677856 -0.20956240594387054
-0.2840752899646759 0.7589844465255737 -0.19513654708862305
-0.28489193320274353 0.7562905550003052 -0.19841377437114716
-0.28568705916404724 0.7536629438400269 -0.20159824192523956
-0.2890089452266693 0.7427459359169006 -0.21467021107673645
-0.2897810637950897 0.7401665449142456 -0.21773768961429596
-0.2851370871067047 0.7555541396141052 -0.19927345216274261
-0.28595611453056335 0.7528424263000488 -0.20255696773529053
-0.28032931685447693 0.771221399307251 -0.18010881543159485
-0.27671578526496887 0.7831583619117737 -0.16516262292861938
-0.2773725688457489 0.7809547781944275 -0.1679510474205017
-0.2780210077762604 0.7787890434265137 -0.17068064212799072
-0.27866002917289734 0.7766631245613098 -0.17334970831871033
-0.27928897738456726 0.7745774388313293 -0.17595893144607544
-0.28367337584495544 0.7602283954620361 -0.1936255395412445
-0.28427985310554504 0.7582307457923889 -0.1960611343383789
-0.2848758399486542 0.756271243095398 -0.19844140112400055
-0.2854595482349396 0.7543515563011169 -0.20076686143875122
-0.28960350155830383 0.7407509684562683 -0.21703027188777924
-0.29712340235710144 0.7154867649078369 -0.24646276235580444
-0.297658234834671 0.7136232256889343 -0.24860624969005585
-0.29869988560676575 0.710049569606781 -0.2526661455631256
-0.299125999212265 0.7085347771644592 -0.25440141558647156
-0.29954078793525696 0.7070478200912476 -0.2561038136482239
-0.29994669556617737 0.7055894136428833 -0.257770299911499
-0.2918713390827179 0.7332059741020203 -0.2259114533662796
-0.29709628224372864 0.7158522605895996 -0.24599252641201022
-0.30672362446784973 0.681213915348053 -0.28513652086257935
-0.29953232407569885 0.707085907459259 -0.2560553550720215
-0.2998766601085663 0.7058383822441101 -0.2574819326400757
-0.299470454454422 0.7072916626930237 -0.25582221150398254
-0.29905644059181213 0.7087737321853638 -0.25412482023239136
-0.29863134026527405 0.7102840542793274 -0.2523946166038513
-0.3035834729671478 0.6925651431083679 -0.2724945545196533
-0.29566875100135803 0.7204633951187134 -0.2407388687133789
-0.2951529920101166 0.7222368121147156 -0.23868244886398315
-0.2907164394855499 0.7371081113815308 -0.2213050276041031
-0.2901860773563385 0.7388818860054016 -0.21920530498027802
-0.2896423637866974 0.7406952381134033 -0.2170543968677521
-0.2890874445438385 0.7425479888916016 -0.21484950184822083
-0.28851965069770813 0.7444390058517456 -0.2125939279794693
-0.2879386842250824 0.746367871761322 -0.21028746664524078
-0.28301766514778137 0.7624478340148926 -0.19087253510951996
-0.2823966443538666 0.7644959092140198 -0.18835826218128204
-0.28176429867744446 0.7665844559669495 -0.18578538298606873
-0.2802194654941559 0.7715808749198914 -0.1796601414680481
-0.2858525216579437 0.7531838417053223 -0.20214463770389557
-0.2850354015827179 0.7558848857879639 -0.19887235760688782
-0.28969916701316833 0.7404341697692871 -0.21741975843906405
-0.2889290750026703 0.7430052757263184 -0.21436049044132233
-0.28561291098594666 0.7538999915122986 -0.20130954682826996
-0.28482040762901306 0.7565200924873352 -0.19813235104084015
-0.2840064465999603 0.7592069506645203 -0.1948627382516861
-0.2902849614620209 0.7385959625244141 -0.21956662833690646
-0.2866697609424591 0.7505106925964355 -0.20537175238132477
-0.2856830060482025 0.7537789940834045 -0.2014257162809372
-0.28466638922691345 0.7571402788162231 -0.1973477005958557
-0.28623875975608826 0.7520067691802979 -0.20354510843753817
-0.2938198745250702 0.7268149256706238 -0.23337335884571075
-0.2927407920360565 0.7304949164390564 -0.22906485199928284
-0.2948768436908722 0.7233483791351318 -0.23737576603889465
-0.2900097668170929 0.7396053075790405 -0.21835286915302277
-0.29159530997276306 0.7343899607658386 -0.22449155151844025
-0.29168859124183655 0.7340745329856873 -0.224860280752182
-0.29729393124580383 0.715058445930481 -0.2469586580991745
-0.2981027066707611 0.712255597114563 -0.2501855492591858
-0.29271063208580017 0.7306469678878784 -0.22889722883701324
-0.28579047322273254 0.7535198926925659 -0.20172753930091858
-0.2808903157711029 0.7695837616920471 -0.18209707736968994
-0.27898362278938293 0.7757955193519592 -0.1743951141834259
-0.2736075818538666 0.7936853766441345 -0.15174084901809692
-0.26825037598609924 0.8123823404312134 -0.1272764801979065
-0.26919546723365784 0.8088760375976562 -0.1319751739501953
-0.2658221423625946 0.8212230801582336 -0.11545735597610474
-0.26981714367866516 0.8065612316131592 -0.13506880402565002
-0.2693312466144562 0.8082784414291382 -0.13279691338539124
-0.2727414071559906 0.7963178157806396 -0.14845064282417297

VECTORS Vvpm_BBp float
-0.30068716406822205 0.7034946084022522 -0.2601003646850586
-0.30447670817375183 0.6897139549255371 -0.2756638824939728
-0.30818477272987366 0.6756850481033325 -0.29131200909614563
-0.31163129210472107 0.661715030670166 -0.3067777156829834
-0.3137432634830475 0.6529422402381897 -0.3163999319076538
-0.31631574034690857 0.6412886381149292 -0.3291703164577484
-0.3175441324710846 0.635417103767395 -0.3355872631072998
-0.3208164870738983 0.6188892126083374 -0.3535654544830322
-0.3221283257007599 0.6115089654922485 -0.3615892827510834
-0.3227887451648712 0.6076241135597229 -0.36580777168273926
-0.3218976557254791 0.6126582622528076 -0.3603498339653015
-0.32284989953041077 0.6074028611183167 -0.3660314679145813
-0.32243165373802185 0.6097387671470642 -0.36350110173225403
-0.3216404616832733 0.6141476035118103 -0.3587145209312439
-0.320916086435318 0.6180481314659119 -0.35448652505874634
-0.3212098181247711 0.6163561940193176 -0.3563307523727417
-0.32262590527534485 0.6086333394050598 -0.36468949913978577
-0.32246145606040955 0.6095442175865173 -0.3637004494667053
-0.32267507910728455 0.6082160472869873 -0.3651474118232727
-0.32189980149269104 0.6125631928443909 -0.36043107509613037
-0.32078567147254944 0.6186349391937256 -0.3538443148136139
-0.32101544737815857 0.6173267960548401 -0.3552703261375427
-0.32064303755760193 0.6193318963050842 -0.3530883491039276
-0.3208666145801544 0.6180707216262817 -0.35446232557296753
-0.32249870896339417 0.6095221042633057 -0.3636915683746338
-0.3226630985736847 0.6085065603256226 -0.36479753255844116
-0.32232555747032166 0.61039799451828 -0.36274993419647217
-0.3220541179180145 0.6118613481521606 -0.3611644506454468
-0.3222251832485199 0.6108202934265137 -0.3622996509075165
-0.3211997449398041 0.6164829134941101 -0.3561563491821289
-0.32137367129325867 0.6154613494873047 -0.3572712242603302
-0.3207031190395355 0.6191295385360718 -0.35327810049057007
-0.3190790116786957 0.6275529265403748 -0.3441086411476135
-0.31926873326301575 0.626547634601593 -0.34520667791366577
-0.319454163312912 0.6255638003349304 -0.34627974033355713
-0.3196351230144501 0.6246017813682556 -0.34732872247695923
-0.31981077790260315 0.6236600875854492 -0.3483555018901825
-0.31998077034950256 0.6227390170097351 -0.34935927391052246
-0.31913092732429504 0.6271034479141235 -0.3446120321750641
-0.3193260133266449 0.6260870099067688 -0.34571969509124756
-0.3245944678783417 0.5969856977462769 -0.37724244594573975
-0.3242371380329132 0.5991786122322083 -0.3748617172241211
-0.3243246376514435 0.598602294921875 -0.3754875957965851
-0.32440754771232605 0.5980367660522461 -0.37610363960266113
-0.32448723912239075 0.5974827408790588 -0.3767075836658478
-0.3245639503002167 0.5969403386116028 -0.37729915976524353
-0.32463791966438293 0.5964086651802063 -0.3778793513774872
-0.3235394060611725 0.6031755805015564 -0.370538592338562
-0.32456615567207336 0.5970239043235779 -0.3772099018096924
-0.32957741618156433 0.5601019859313965 -0.4172056317329407
-0.32456669211387634 0.5970262289047241 -0.3772065043449402
-0.32354167103767395 0.6031839847564697 -0.37052810192108154
-0.32463857531547546 0.5964109897613525 -0.37787628173828125
-0.32456347346305847 0.5969412922859192 -0.37729763984680176
-0.32448747754096985 0.5974844694137573 -0.37670469284057617
-0.3244076669216156 0.5980382561683655 -0.37610092759132385
-0.3243257701396942 0.5986047983169556 -0.37548378109931946
-0.324239045381546 0.599181592464447 -0.37485647201538086
-0.3245972692966461 0.5969870686531067 -0.3772384226322174
-0.31932780146598816 0.6260865330696106 -0.34571564197540283
-0.3191339075565338 0.6271046996116638 -0.3446064591407776
-0.31998398900032043 0.6227419972419739 -0.34935182332992554
-0.3198145925998688 0.6236633658409119 -0.3483469784259796
-0.31963905692100525 0.6246050596237183 -0.34732022881507874
-0.3194582760334015 0.6255673766136169 -0.3462710976600647
-0.3192727267742157 0.62655109167099 -0.34519824385643005
-0.3190818727016449 0.6275557279586792 -0.3441019654273987
-0.3207043707370758 0.6191338896751404 -0.35327136516571045
-0.3213742673397064 0.6154661774635315 -0.35726502537727356
-0.32119986414909363 0.6164872646331787 -0.3561510741710663
-0.32222452759742737 0.6108205914497375 -0.36229830980300903
-0.32205358147621155 0.6118621826171875 -0.3611631989479065
-0.3223249614238739 0.6103968024253845 -0.3627500832080841
-0.32266250252723694 0.6085071563720703 -0.36479616165161133
-0.32249853014945984 0.6095227003097534 -0.363689661026001
-0.32086679339408875 0.6180731058120728 -0.35445845127105713
-0.3206431567668915 0.6193342208862305 -0.35308417677879333
-0.3210161030292511 0.6173302531242371 -0.35526514053344727
-0.3207866847515106 0.6186386346817017 -0.35383880138397217
-0.321900874376297 0.612565279006958 -0.360426664352417
-0.3226763904094696 0.6082188487052917 -0.36514246463775635
-0.3224627673625946 0.6095471978187561 -0.36369556188583374
-0.32262763381004333 0.6086371541023254 -0.36468368768692017
-0.3212110698223114 0.6163614392280579 -0.35632386803627014
-0.3209172785282135 0.6180530786514282 -0.35447993874549866
-0.3216414153575897 0.6141509413719177 -0.3587093949317932
-0.3224327862262726 0.6097431182861328 -0.3634951710700989
-0.32285091280937195 0.6074084043502808 -0.3660244345664978
-0.32189878821372986 0.6126648783683777 -0.3603416681289673
-0.3227897584438324 0.6076298356056213 -0.36580073833465576
-0.3221301734447479 0.6115135550498962 -0.3615829050540924
-0.3208182752132416 0.6188918352127075 -0.3535604774951935
-0.317545622587204 0.635417103767395 -0.33558401465415955
-0.31631746888160706 0.6412853598594666 -0.32916930317878723
-0.31374451518058777 0.6529373526573181 -0.31639987230300903
-0.3116322457790375 0.6617069840431213 -0.30677998065948486
-0.3081856071949005 0.6756758093833923 -0.29131507873535156
-0.3044772446155548 0.6897027492523193 -0.275668203830719
-0.30068764090538025 0.7034822106361389 -0.26010507345199585
-0.2948968708515167 0.7235844731330872 -0.23705701529979706
-0.30068716406822205 0.7034946084022522 -0.2601003646850586
-0.30447670817375183 0.6897139549255371 -0.2756638824939728
-0.30818477272987366 0.6756850481033325 -0.29131200909614563
-0.31163129210472107 0.661715030670166 -0.3067777156829834
-0.3137432634830475 0.6529422402381897 -0.3163999319076538
-0.31631574034690857 0.6412886381149292 -0.3291703164577484
-0.3175441324710846 0.635417103767395 -0.3355872631072998
-0.3208164870738983 0.6188892126083374 -0.3535654544830322
-0.3221283257007599 0.6115089654922485 -0.3615892827510834
-0.3227887451648712 0.6076241135597229 -0.36580777168273926
-0.3218976557254791 0.6126582622528076 -0.3603498339653015
-0.32284989953041077 0.6074028611183167 -0.3660314679145813
-0.32243165373802185 0.6097387671470642 -0.36350110173225403
-0.3216404616832733 0.6141476035118103 -0.3587145209312439
-0.320916086435318 0.6180481314659119 -0.35448652505874634
-0.3212098181247711 0.6163561940193176 -0.3563307523727417
-0.32262590527534485 0.6086333394050598 -0.36468949913978577
-0.32246145606040955 0.6095442175865173 -0.3637004494667053
-0.32267507910728455 0.6082160472869873 -0.3651474118232727
-0.32189980149269104 0.6125631928443909 -0.36043107509613037
-0.32078567147254944 0.6186349391937256 -0.3538443148136139
-0.32101544737815857 0.6173267960548401 -0.3552703261375427
-0.32064303755760193 0.6193318963050842 -0.3530883491039276
-0.3208666145801544 0.6180707216262817 -0.35446232557296753
-0.32249870896339417 0.6095221042633057 -0.3636915683746338
-0.3226630985736847 0.6085065603256226 -0.36479753255844116
-0.32232555747032166 0.61039799451828 -0.36274993419647217
-0.3220541179180145 0.6118613481521606 -0.3611644506454468
-0.3222251832485199 0.6108202934265137 -0.3622996509075165
-0.3211997449398041 0.6164829134941101 -0.3561563491821289
-0.32137367129325867 0.6154613494873047 -0.3572712242603302
-0.3207031190395355 0.6191295385360718 -0.35327810049057007
-0.3190790116786957 0.6275529265403748 -0.3441086411476135
-0.31926873326301575 0.626547634601593 -0.34520667791366577
-0.319454163312912 0.6255638003349304 -0.34627974033355713
-0.3196351230144501 0.6246017813682556 -0.34732872247695923
-0.31981077790260315 0.6236600875854492 -0.3483555018901825
-0.31998077034950256 0.6227390170097351 -0.34935927391052246
-0.31913092732429504 0.6271034479141235 -0.3446120321750641
-0.3193260133266449 0.6260870099067688 -0.34571969509124756
-0.3245944678783417 0.5969856977462769 -0.37724244594573975
-0.3242371380329132 0.5991786122322083 -0.3748617172241211
-0.3243246376514435 0.598602294921875 -0.3754875957965851
-0.32440754771232605 0.5980367660522461 -0.37610363960266113
-0.32448723912239075 0.5974827408790588 -0.3767075836658478
-0.3245639503002167 0.5969403386116028 -0.37729915976524353
-0.32463791966438293 0.5964086651802063 -0.3778793513774872
-0.3235394060611725 0.6031755805015564 -0.370538592338562
-0.32456615567207336 0.5970239043235779 -0.3772099018096924
-0.32957741618156433 0.5601019859313965 -0.4172056317329407
-0.32456669211387634 0.5970262289047241 -0.3772065043449402
-0.32354167103767395 0.6031839847564697 -0.37052810192108154
-0.32463857531547546 0.5964109897613525 -0.37787628173828125
-0.32456347346305847 0.5969412922859192 -0.37729763984680176
-0.32448747754096985 0.5974844694137573 -0.37670469284057617
-0.3244076669216156 0.5980382561683655 -0.37610092759132385
-0.3243257701396942 0.5986047983169556 -0.37548378109931946
-0.324239045381546 0.599181592464447 -0.37485647201538086
-0.3245972692966461 0.5969870686531067 -0.3772384226322174
-0.31932780146598816 0.6260865330696106 -0.34571564197540283
-0.3191339075565338 0.6271046996116638 -0.3446064591407776
-0.31998398900032043 0.6227419972419739 -0.34935182332992554
-0.3198145925998688 0.6236633658409119 -0.3483469784259796
-0.31963905692100525 0.6246050596237183 -0.34732022881507874
-0.3194582760334015 0.6255673766136169 -0.3462710976600647
-0.3192727267742157 0.62655109167099 -0.34519824385643005
-0.3190818727016449 0.6275557279586792 -0.3441019654273987
-0.3207043707370758 0.6191338896751404 -0.35327136516571045
-0.3213742673397064 0.6154661774635315 -0.35726502537727356
-0.32119986414909363 0.6164872646331787 -0.3561510741710663
-0.32222452759742737 0.6108205914497375 -0.36229830980300903
-0.32205358147621155 0.6118621826171875 -0.3611631989479065
-0.3223249614238739 0.6103968024253845 -0.3627500832080841
-0.32266250252723694 0.6085071563720703 -0.36479616165161133
-0.32249853014945984 0.6095227003097534 -0.363689661026001
-0.32086679339408875 0.6180731058120728 -0.35445845127105713
-0.3206431567668915 0.6193342208862305 -0.35308417677879333
-0.3210161030292511 0.6173302531242371 -0.35526514053344727
-0.3207866847515106 0.6186386346817017 -0.35383880138397217
-0.321900874376297 0.612565279006958 -0.360426664352417
-0.3226763904094696 0.6082188487052917 -0.36514246463775635
-0.3224627673625946 0.6095471978187561 -0.36369556188583374
-0.32262763381004333 0.6086371541023254 -0.36468368768692017
-0.3212110698223114 0.6163614392280579 -0.35632386803627014
-0.3209172785282135 0.6180530786514282 -0.35447993874549866
-0.3216414153575897 0.6141509413719177 -0.3587093949317932
-0.3224327862262726 0.6097431182861328 -0.3634951710700989
-0.32285091280937195 0.6074084043502808 -0.3660244345664978
-0.32189878821372986 0.6126648783683777 -0.3603416681289673
-0.3227897584438324 0.6076298356056213 -0.36580073833465576
-0.3221301734447479 0.6115135550498962 -0.3615829050540924
-0.3208182752132416 0.6188918352127075 -0.3535604774951935
-0.317545622587204 0.635417103767395 -0.33558401465415955
-0.31631746888160706 0.6412853598594666 -0.32916930317878723
-0.31374451518058777 0.6529373526573181 -0.31639987230300903
-0.3116322457790375 0.6617069840431213 -0.30677998065948486
-0.3081856071949005 0.6756758093833923 -0.29131507873535156
-0.3044772446155548 0.6897027492523193 -0.275668203830719
-0.30068764090538025 0.7034822106361389 -0.26010507345199585
-0.2948968708515167 0.7235844731330872 -0.23705701529979706

VECTORS ftot float
-5.8742949210937425 -9.92082444588558 5.655698611402338
-7.873814426240623 -11.9203349957849 7.75415225745898
-8.926276474544785 -12.972807834652597 9.477426619230283
-9.6264726515643 -13.673023828903071 11.035570268379669
-10.14136267745548 -14.187934790096273 12.497685093359639
-10.515289412065453 -14.561877698159217 13.895351777187917
-10.826349485087238 -14.872997047631673 15.237571373981869
-11.065911863814048 -15.11255977766908 16.53793178292724
-11.241296099899365 -15.287957428114598 17.800786633113383
-11.376354233968272 -15.423006854366943 19.02619043150038
-11.464930608483066 -15.511563045227875 20.21687159574734
-11.526956438006927 -15.57359268276518 21.37213273880202
-11.509873657542322 -15.556504636206629 22.496906958103338
-11.428050997821265 -15.474677815775596 23.583004826789914
-11.339230315908281 -15.385846533932087 24.620188383270868
-11.206198859148834 -15.252809966703596 25.611673467636585
-11.070917840144045 -15.117541820598838 26.551153428993434
-10.912764382147458 -14.9593829901511 27.4413977060108
-10.753764927483505 -14.800377569441 28.280354569038508
-10.525831345106942 -14.572442127098038 29.073494844250195
-10.306732649871126 -14.353327929645687 29.806538190437273
-10.099747171531904 -14.146339801343645 30.479951133420787
-9.895562292660639 -13.942153535408947 31.096720967511004
-9.722931579405163 -13.769533720806837 31.656977747231878
-9.505265016555732 -13.551869636420061 32.17194437480769
-9.30793038988117 -13.354635016225165 32.63138027371998
-9.11397786070852 -13.16067811369189 33.03978887339067
-8.945389493674144 -12.992084816538199 33.397553186245894
-8.77188862673593 -12.818579294772835 33.71332255765167
-8.552748067857095 -12.599422630180479 33.99164165030921
-8.360901448038012 -12.407571063882116 34.221371266425635
-8.115158557632096 -12.161822983418805 34.41421272890776
-7.854091142717121 -11.900764549087008 34.55896821449244
-7.608840920370904 -11.655513939767477 34.649896766158164
-7.35748932788766 -11.404162115853753 34.69241088752864
-7.095680534267759 -11.142352702919379 34.68770523498027
-6.818915956514372 -10.865640436730109 34.63556478951642
-6.560243076591125 -10.606963286867472 34.53215993840315
-6.267097301413725 -10.313813661360122 34.388373302536834
-5.952519491149564 -9.999241676388932 34.199043876389894
-5.613261671110125 -9.659988786121986 33.96119399832387
-5.275643672712151 -9.32236710011638 33.66820704931337
-4.951184589482399 -8.997905624956529 33.32287618632465
-4.557553270957622 -8.604271669883408 32.94355683449827
-4.1091707667486785 -8.155886391990421 32.520777486049575
-3.560580216061777 -7.607293098305766 32.05575343587878
-2.8134423674454494 -6.860150448552448 31.551624231443544
-1.5783851453234687 -5.625090208114633 31.019993097366015
1.36403251000569 -2.6826922834923472 30.495005937962734
16.77303335992196 12.726218524148887 30.00315045983559
16.66607415425316 -12.619263327230493 26.57394831654922
1.3009599275620056 2.74575427751904 26.993587020729986
-1.5863882576440922 5.633082643967732 27.45998139996626
-2.8259123294134936 6.872610296946689 27.923006931973884
-3.57506055970532 7.621763154421493 28.359319632647978
-4.1279363411360315 8.174641778111079 28.758350018657616
-4.6050557954528175 8.651764269145644 29.11217052248622
-4.949202997723881 8.995914144799588 29.44511662898872
-5.319770177018909 9.366484248224571 29.729763348800564
-5.6414850204429685 9.688202366825163 29.977362922870654
-5.971250401597442 10.017963355499791 30.17861861045414
-6.277399690554589 10.32410699417065 30.33874442351516
-6.5637416207734605 10.610453182064132 30.459640501908964
-6.832194152815453 10.878909989145715 30.54271082815593
-7.083535264842046 11.130192335849562 30.589366426348047
-7.302726014428049 11.34938397392241 30.603246482814278
-7.548485506280634 11.595144147519513 30.573249198679964
-7.783345169909566 11.830004411004328 30.502337629312162
-8.009708313902646 12.056364233968456 30.390225335248104
-8.267051263656818 12.313712286805913 30.229361351309016
-8.467253756010596 12.513920019362692 30.033733031171174
-8.69381186797109 12.740491797167623 29.793723319559025
-8.874404233301924 12.921089080361208 29.519471189515638
-9.049988506031784 13.09667854624519 29.207082113034424
-9.250910572367557 13.29760482322159 28.84898103625425
-9.455927161382355 13.50252472671978 28.444755187043814
-9.691439104117297 13.738037674769535 27.98868925409111
-9.86321032782466 13.909793878460086 27.494472228382566
-10.06370452038561 14.11028966377924 26.951647025477314
-10.267507617499515 14.314095667754486 26.35958166006442
-10.483029326820555 14.529631134341715 25.715579417383942
-10.706331129003662 14.752937448207112 25.019274015500493
-10.864483846292813 14.911096632008649 24.2823949538058
-11.027696529362757 15.074314818525359 23.499567932192377
-11.146341907023373 15.192946516830215 22.676679421553448
-11.279168263767318 15.3257780833017 21.807018793121287
-11.372869321828041 15.419490723802115 20.896204099662935
-11.445782305016841 15.492409506211875 19.94438688867354
-11.448853165929462 15.495487846886569 18.96052463517617
-11.393035103949103 15.439664733456693 17.94784463885856
-11.301463354244863 15.348110132931597 16.90448372325708
-11.175957384498265 15.22261138296185 15.828546439430353
-11.004346619398657 15.050983900899606 14.719483960474648
-10.761289107093063 14.807924193081986 13.578429212391317
-10.45223925802484 14.498816961850933 12.400385058036
-10.068546753094399 14.115105669612186 11.175947907522897
-9.551801494826748 13.598339732919202 9.895089534815686
-8.862067350367969 12.908584507238587 8.527808373146456
-7.812913837705048 11.859420248019022 7.016131062565288
-5.819777997285108 9.866290892268937 5.17629151615262
-5.8742949210937425 -9.92082444588558 5.655698611402338
-7.873814426240623 -11.9203349957849 7.75415225745898
-8.926276474544785 -12.972807834652597 9.477426619230283
-9.6264726515643 -13.673023828903071 11.035570268379669
-10.14136267745548 -14.187934790096273 12.497685093359639
-10.515289412065453 -14.561877698159217 13.895351777187917
-10.826349485087238 -14.872997047631673 15.237571373981869
-11.065911863814048 -15.11255977766908 16.53793178292724
-11.241296099899365 -15.287957428114598 17.800786633113383
-11.376354233968272 -15.423006854366943 19.02619043150038
-11.464930608483066 -15.511563045227875 20.21687159574734
-11.526956438006927 -15.57359268276518 21.37213273880202
-11.509873657542322 -15.556504636206629 22.496906958103338
-11.428050997821265 -15.474677815775596 23.583004826789914
-11.339230315908281 -15.385846533932087 24.620188383270868
-11.206198859148834 -15.252809966703596 25.611673467636585
-11.070917840144045 -15.117541820598838 26.551153428993434
-10.912764382147458 -14.9593829901511 27.4413977060108
-10.753764927483505 -14.800377569441 28.280354569038508
-10.525831345106942 -14.572442127098038 29.073494844250195
-10.306732649871126 -14.353327929645687 29.806538190437273
-10.099747171531904 -14.146339801343645 30.479951133420787
-9.895562292660639 -13.942153535408947 31.096720967511004
-9.722931579405163 -13.769533720806837 31.656977747231878
-9.505265016555732 -13.551869636420061 32.17194437480769
-9.30793038988117 -13.354635016225165 32.63138027371998
-9.11397786070852 -13.16067811369189 33.03978887339067
-8.945389493674144 -12.992084816538199 33.397553186245894
-8.77188862673593 -12.818579294772835 33.71332255765167
-8.552748067857095 -12.599422630180479 33.99164165030921
-8.360901448038012 -12.407571063882116 34.221371266425635
-8.115158557632096 -12.161822983418805 34.41421272890776
-7.854091142717121 -11.900764549087008 34.55896821449244
-7.608840920370904 -11.655513939767477 34.649896766158164
-7.35748932788766 -11.404162115853753 34.69241088752864
-7.095680534267759 -11.142352702919379 34.68770523498027
-6.818915956514372 -10.865640436730109 34.63556478951642
-6.560243076591125 -10.606963286867472 34.53215993840315
-6.267097301413725 -10.313813661360122 34.388373302536834
-5.952519491149564 -9.999241676388932 34.199043876389894
-5.613261671110125 -9.659988786121986 33.96119399832387
-5.275643672712151 -9.32236710011638 33.66820704931337
-4.951184589482399 -8.997905624956529 33.32287618632465
-4.557553270957622 -8.604271669883408 32.94355683449827
-4.1091707667486785 -8.155886391990421 32.520777486049575
-3.560580216061777 -7.607293098305766 32.05575343587878
-2.8134423674454494 -6.860150448552448 31.551624231443544
-1.5783851453234687 -5.625090208114633 31.019993097366015
1.36403251000569 -2.6826922834923472 30.495005937962734
16.77303335992196 12.726218524148887 30.00315045983559
16.66607415425316 -12.619263327230493 26.57394831654922
1.3009599275620056 2.74575427751904 26.993587020729986
-1.5863882576440922 5.633082643967732 27.45998139996626
-2.8259123294134936 6.872610296946689 27.923006931973884
-3.57506055970532 7.621763154421493 28.359319632647978
-4.1279363411360315 8.174641778111079 28.758350018657616
-4.6050557954528175 8.651764269145644 29.11217052248622
-4.949202997723881 8.995914144799588 29.44511662898872
-5.319770177018909 9.366484248224571 29.729763348800564
-5.6414850204429685 9.688202366825163 29.977362922870654
-5.971250401597442 10.017963355499791 30.17861861045414
-6.277399690554589 10.32410699417065 30.33874442351516
-6.5637416207734605 10.610453182064132 30.459640501908964
-6.832194152815453 10.878909989145715 30.54271082815593
-7.083535264842046 11.130192335849562 30.589366426348047
-7.302726014428049 11.34938397392241 30.603246482814278
-7.548485506280634 11.595144147519513 30.573249198679964
-7.783345169909566 11.830004411004328 30.502337629312162
-8.009708313902646 12.056364233968456 30.390225335248104
-8.267051263656818 12.313712286805913 30.229361351309016
-8.467253756010596 12.513920019362692 30.033733031171174
-8.69381186797109 12.740491797167623 29.793723319559025
-8.874404233301924 12.921089080361208 29.519471189515638
-9.049988506031784 13.09667854624519 29.207082113034424
-9.250910572367557 13.29760482322159 28.84898103625425
-9.455927161382355 13.50252472671978 28.444755187043814
-9.691439104117297 13.738037674769535 27.98868925409111
-9.86321032782466 13.909793878460086 27.494472228382566
-10.06370452038561 14.11028966377924 26.951647025477314
-10.267507617499515 14.314095667754486 26.35958166006442
-10.483029326820555 14.529631134341715 25.715579417383942
-10.706331129003662 14.752937448207112 25.019274015500493
-10.864483846292813 14.911096632008649 24.2823949538058
-11.027696529362757 15.074314818525359 23.499567932192377
-11.146341907023373 15.192946516830215 22.676679421553448
-11.279168263767318 15.3257780833017 21.807018793121287
-11.372869321828041 15.419490723802115 20.896204099662935
-11.445782305016841 15.492409506211875 19.94438688867354
-11.448853165929462 15.495487846886569 18.96052463517617
-11.393035103949103 15.439664733456693 17.94784463885856
-11.301463354244863 15.348110132931597 16.90448372325708
-11.175957384498265 15.22261138296185 15.828546439430353
-11.004346619398657 15.050983900899606 14.719483960474648
-10.761289107093063 14.807924193081986 13.578429212391317
-10.45223925802484 14.498816961850933 12.400385058036
-10.068546753094399 14.115105669612186 11.175947907522897
-9.551801494826748 13.598339732919202 9.895089534815686
-8.862067350367969 12.908584507238587 8.527808373146456
-7.812913837705048 11.859420248019022 7.016131062565288
-5.819777997285108 9.866290892268937 5.17629151615262

VECTORS D float
-0.012032510291259376 -0.0 -0.00561085169564308
-0.018734865218312476 -0.0 -0.008736211125800827
-0.02290700624460918 -0.0 -0.010681712437265636
-0.025831985667047162 -0.0 -0.012045652741894253
-0.027814802769387796 -0.0 -0.012970255541436389
-0.028778816997102743 -0.0 -0.013419782758390252
-0.029074281413925197 -0.0 -0.013557560078666863
-0.02849822071311692 -0.0 -0.013288938562317828
-0.026992722910761845 -0.0 -0.012586913407744134
-0.024697133544396007 -0.0 -0.011516462506228562
-0.021486299846198577 -0.0 -0.010019226163696967
-0.017525606755617346 -0.0 -0.008172324643957347
-0.01214113057605472 -0.0 -0.005661502166274125
-0.0054289897090691345 -0.0 -0.0025315794773836157
0.001876539796143794 0.0 0.0008750448777744711
0.010283434749802277 0.0 0.0047952443759700335
0.01918118523195753 0.0 0.00894433356615136
0.028860540268575402 0.0 0.013457890945727429
0.03895343927387145 0.0 0.018164287044881947
0.050591554725969684 0.0 0.023591229406687377
0.06240562560265023 0.0 0.029100221130469457
0.07426489457831002 0.0 0.0346302890739396
0.08628819498757044 0.0 0.04023684613107586
0.0978584629093176 0.0 0.04563215066989168
0.11050199580410108 0.0 0.05152792688486386
0.12280979697646265 0.0 0.057267148826585124
0.13509615694567023 0.0 0.06299637257107564
0.14682243525496105 0.0 0.06846442594835479
0.15867174540369533 0.0 0.07398985001456333
0.17162165220341388 0.0 0.08002849072766559
0.18383920290972947 0.0 0.08572562818591756
0.1973780562523356 0.0 0.0920388991822122
0.21119379062372315 0.0 0.09848128192262544
0.22438419710819824 0.0 0.10463206948051351
0.23752371734197086 0.0 0.11075912839000425
0.25071426906083183 0.0 0.1169099836717987
0.26405662620708104 0.0 0.12313162698693379
0.2765266890907094 0.0 0.1289465128072441
0.2897481094405887 0.0 0.13511176236807917
0.3032841836936987 0.0 0.14142373745365905
0.3171930052919565 0.0 0.1479095274808383
0.33054634837123154 0.0 0.15413629362067532
0.34295724946311607 0.0 0.1599235918444253
0.35735499148370836 0.0 0.1666373692087675
0.37321286928575725 0.0 0.17403201906994908
0.3921866063633346 0.0 0.1828796179730428
0.4179465501085575 0.0 0.19489167701508223
0.461417105722913 0.0 0.21516233000230894
0.5686486327001662 0.0 0.2651652122274565
1.1435434009742376 0.0 0.5332430453068993
1.0801274709516655 0.0 0.5036717114883524
0.5067700889907664 0.0 0.23631077342028448
0.4016898976919738 0.0 0.18731107549726525
0.3580776676678237 0.0 0.16697435864778673
0.3323231086376291 0.0 0.154964810539602
0.31335258295615903 0.0 0.14611870913510647
0.2966913076556857 0.0 0.138349428867867
0.28444825198645507 0.0 0.13264039825008678
0.27091117386912017 0.0 0.12632795505493108
0.25867859817335137 0.0 0.12062381132903338
0.2458276211325802 0.0 0.11463130232014772
0.2334303952929897 0.0 0.10885038097126967
0.22139313680768646 0.0 0.10323731515638152
0.20967699848472396 0.0 0.09777399013238082
0.19827815250755465 0.0 0.09245862095909747
0.18764703896545812 0.0 0.08750125129970254
0.1760719792093863 0.0 0.08210371229184453
0.16464251102117605 0.0 0.07677406374704315
0.15331226312391089 0.0 0.07149068238375383
0.14106266390522815 0.0 0.0657786004587526
0.13022942882570895 0.0 0.06072697997857941
0.11871976606676218 0.0 0.055359936091301146
0.10833679311089865 0.0 0.05051827628756573
0.09810077423004378 0.0 0.04574514229440395
0.0873336891167756 0.0 0.04072436805008031
0.07655428230569485 0.0 0.035697848103705215
0.06525052362230076 0.0 0.03042681886370248
0.05541975552545104 0.0 0.025842656414595617
0.045210400184176054 0.0 0.021081955834133453
0.035164092233211035 0.0 0.016397285500415013
0.025173299241672057 0.0 0.0117385022174191
0.015371937752518045 0.0 0.007168052294681102
0.007027271873721372 0.0 0.0032768706906535013
-0.0010200194354702998 -0.0 -0.00047564287422673926
-0.007984655380126715 -0.0 -0.0037233059514815993
-0.014741121117597965 -0.0 -0.006873897666926302
-0.02051142742892518 -0.0 -0.009564635689798305
-0.025553963109427466 -0.0 -0.011916008694136348
-0.02927449953970038 -0.0 -0.013650923324017267
-0.03188511262788149 -0.0 -0.01486827219951579
-0.03371562270302616 -0.0 -0.015721853065885635
-0.03483477259120947 -0.0 -0.016243721229368818
-0.0351797219420634 -0.0 -0.0164045737533476
-0.03461112489112926 -0.0 -0.016139432594092666
-0.03330027695082921 -0.0 -0.015528174160854046
-0.031319513699705925 -0.0 -0.014604529087863265
-0.028467612512877966 -0.0 -0.01327466572414406
-0.024831333159494987 -0.0 -0.01157904081447067
-0.019981119874330003 -0.0 -0.009317349215913125
-0.012660841177017641 -0.0 -0.005903847199527472
-0.012032510291259376 -0.0 -0.00561085169564308
-0.018734865218312476 -0.0 -0.008736211125800827
-0.02290700624460918 -0.0 -0.010681712437265636
-0.025831985667047162 -0.0 -0.012045652741894253
-0.027814802769387796 -0.0 -0.012970255541436389
-0.028778816997102743 -0.0 -0.013419782758390252
-0.029074281413925197 -0.0 -0.013557560078666863
-0.02849822071311692 -0.0 -0.013288938562317828
-0.026992722910761845 -0.0 -0.012586913407744134
-0.024697133544396007 -0.0 -0.011516462506228562
-0.021486299846198577 -0.0 -0.010019226163696967
-0.017525606755617346 -0.0 -0.008172324643957347
-0.01214113057605472 -0.0 -0.005661502166274125
-0.0054289897090691345 -0.0 -0.0025315794773836157
0.001876539796143794 0.0 0.0008750448777744711
0.010283434749802277 0.0 0.0047952443759700335
0.01918118523195753 0.0 0.00894433356615136
0.028860540268575402 0.0 0.013457890945727429
0.03895343927387145 0.0 0.018164287044881947
0.050591554725969684 0.0 0.023591229406687377
0.06240562560265023 0.0 0.029100221130469457
0.07426489457831002 0.0 0.0346302890739396
0.08628819498757044 0.0 0.04023684613107586
0.0978584629093176 0.0 0.04563215066989168
0.11050199580410108 0.0 0.05152792688486386
0.12280979697646265 0.0 0.057267148826585124
0.13509615694567023 0.0 0.06299637257107564
0.14682243525496105 0.0 0.06846442594835479
0.15867174540369533 0.0 0.07398985001456333
0.17162165220341388 0.0 0.08002849072766559
0.18383920290972947 0.0 0.08572562818591756
0.1973780562523356 0.0 0.0920388991822122
0.21119379062372315 0.0 0.09848128192262544
0.22438419710819824 0.0 0.10463206948051351
0.23752371734197086 0.0 0.11075912839000425
0.25071426906083183 0.0 0.1169099836717987
0.26405662620708104 0.0 0.12313162698693379
0.2765266890907094 0.0 0.1289465128072441
0.2897481094405887 0.0 0.13511176236807917
0.3032841836936987 0.0 0.14142373745365905
0.3171930052919565 0.0 0.1479095274808383
0.33054634837123154 0.0 0.15413629362067532
0.34295724946311607 0.0 0.1599235918444253
0.35735499148370836 0.0 0.1666373692087675
0.37321286928575725 0.0 0.17403201906994908
0.3921866063633346 0.0 0.1828796179730428
0.4179465501085575 0.0 0.19489167701508223
0.461417105722913 0.0 0.21516233000230894
0.5686486327001662 0.0 0.2651652122274565
1.1435434009742376 0.0 0.5332430453068993
1.0801274709516655 0.0 0.5036717114883524
0.5067700889907664 0.0 0.23631077342028448
0.4016898976919738 0.0 0.18731107549726525
0.3580776676678237 0.0 0.16697435864778673
0.3323231086376291 0.0 0.154964810539602
0.31335258295615903 0.0 0.14611870913510647
0.2966913076556857 0.0 0.138349428867867
0.28444825198645507 0.0 0.13264039825008678
0.27091117386912017 0.0 0.12632795505493108
0.25867859817335137 0.0 0.12062381132903338
0.2458276211325802 0.0 0.11463130232014772
0.2334303952929897 0.0 0.10885038097126967
0.22139313680768646 0.0 0.10323731515638152
0.20967699848472396 0.0 0.09777399013238082
0.19827815250755465 0.0 0.09245862095909747
0.18764703896545812 0.0 0.08750125129970254
0.1760719792093863 0.0 0.08210371229184453
0.16464251102117605 0.0 0.07677406374704315
0.15331226312391089 0.0 0.07149068238375383
0.14106266390522815 0.0 0.0657786004587526
0.13022942882570895 0.0 0.06072697997857941
0.11871976606676218 0.0 0.055359936091301146
0.10833679311089865 0.0 0.05051827628756573
0.09810077423004378 0.0 0.04574514229440395
0.0873336891167756 0.0 0.04072436805008031
0.07655428230569485 0.0 0.035697848103705215
0.06525052362230076 0.0 0.03042681886370248
0.05541975552545104 0.0 0.025842656414595617
0.045210400184176054 0.0 0.021081955834133453
0.035164092233211035 0.0 0.016397285500415013
0.025173299241672057 0.0 0.0117385022174191
0.015371937752518045 0.0 0.007168052294681102
0.007027271873721372 0.0 0.0032768706906535013
-0.0010200194354702998 -0.0 -0.00047564287422673926
-0.007984655380126715 -0.0 -0.0037233059514815993
-0.014741121117597965 -0.0 -0.006873897666926302
-0.02051142742892518 -0.0 -0.009564635689798305
-0.025553963109427466 -0.0 -0.011916008694136348
-0.02927449953970038 -0.0 -0.013650923324017267
-0.03188511262788149 -0.0 -0.01486827219951579
-0.03371562270302616 -0.0 -0.015721853065885635
-0.03483477259120947 -0.0 -0.016243721229368818
-0.0351797219420634 -0.0 -0.0164045737533476
-0.03461112489112926 -0.0 -0.016139432594092666
-0.03330027695082921 -0.0 -0.015528174160854046
-0.031319513699705925 -0.0 -0.014604529087863265
-0.028467612512877966 -0.0 -0.01327466572414406
-0.024831333159494987 -0.0 -0.01157904081447067
-0.019981119874330003 -0.0 -0.009317349215913125
-0.012660841177017641 -0.0 -0.005903847199527472

VECTORS funs-vector float
0.0 0.0 -5.72516424571487e-8
0.0 0.0 -7.752732468123793e-8
0.0 0.0 -1.2635246013107093e-7
0.0 0.0 -1.6466383166082537e-7
0.0 0.0 -1.5861863967746686e-7
0.0 0.0 -1.2533519628215636e-7
0.0 0.0 -1.1739379504857347e-7
0.0 0.0 -8.699951014147125e-8
0.0 0.0 -8.228821260755387e-9
0.0 0.0 -5.711740898432669e-8
0.0 0.0 5.103953720270679e-8
0.0 0.0 -1.6299241616996545e-7
0.0 0.0 -2.683058895058822e-7
0.0 0.0 -3.232304179463924e-7
0.0 0.0 -2.7200044883102243e-8
0.0 0.0 1.1307582652038538e-7
0.0 0.0 1.7928119304273923e-7
0.0 0.0 1.5851756658817487e-7
0.0 0.0 6.517006570757905e-8
0.0 0.0 1.2008281980900975e-7
0.0 0.0 8.809788777274334e-9
0.0 0.0 1.1619224176745946e-7
0.0 0.0 2.4107442636084847e-7
0.0 0.0 1.206491294748379e-7
0.0 0.0 1.0423714255383938e-7
0.0 0.0 5.485081867494625e-8
0.0 0.0 1.0657639134850884e-7
0.0 0.0 9.365946079304362e-9
0.0 0.0 -1.8885559298227737e-8
0.0 0.0 -2.1502490261065599e-7
0.0 0.0 -6.957416713052309e-7
0.0 0.0 -4.2549271548544076e-7
0.0 0.0 -4.97433506748993e-7
0.0 0.0 -4.159179551069513e-7
0.0 0.0 -1.6856612396829656e-7
0.0 0.0 -1.1464403632482409e-7
0.0 0.0 3.2263094789703417e-7
0.0 0.0 3.823836762380365e-8
0.0 0.0 2.527570938003588e-7
0.0 0.0 -3.9812885109892127e-7
0.0 0.0 -6.837364710773646e-7
0.0 0.0 -7.514938877245022e-7
0.0 0.0 -8.45940066602163e-7
0.0 0.0 -1.6887203451367651e-6
0.0 0.0 -1.7396736172837676e-6
0.0 0.0 -1.340338797526577e-6
0.0 0.0 -7.045612520073521e-7
0.0 0.0 -5.54129232196746e-8
0.0 0.0 -2.1097849479577823e-7
0.0 0.0 -5.554558277574209e-7
0.0 0.0 -6.597005996023987e-7
0.0 0.0 -1.8979982288866185e-7
0.0 0.0 -4.940611197732573e-7
0.0 0.0 -9.402073476136058e-7
0.0 0.0 -7.25128078794445e-7
0.0 0.0 -7.006858724749194e-7
0.0 0.0 -7.098866173681597e-7
0.0 0.0 -1.168388211877672e-6
0.0 0.0 -1.2951096563669626e-6
0.0 0.0 -1.0986984820120105e-6
0.0 0.0 -8.718519627460742e-7
0.0 0.0 -6.856835022197382e-7
0.0 0.0 -4.823919087212661e-7
0.0 0.0 -4.1707682640890203e-7
0.0 0.0 -3.473588020855543e-7
0.0 0.0 -3.0904119796559836e-7
0.0 0.0 -1.8578152931199434e-7
0.0 0.0 -1.4063637042805904e-7
0.0 0.0 -5.663757463025834e-8
0.0 0.0 1.8845995115994318e-7
0.0 0.0 -3.6832235201183574e-8
0.0 0.0 2.39337591200307e-7
0.0 0.0 1.2511899298446716e-7
0.0 0.0 2.924271249391744e-8
0.0 0.0 -7.384997631602762e-8
0.0 0.0 -2.526924550817389e-7
0.0 0.0 -3.6902148343125945e-7
0.0 0.0 -5.658491449945692e-7
0.0 0.0 -5.393959896919527e-7
0.0 0.0 -3.9505887240342086e-7
0.0 0.0 -5.122742201344659e-7
0.0 0.0 -5.68451634370087e-7
0.0 0.0 -6.585186001343989e-7
0.0 0.0 -6.017810637682821e-7
0.0 0.0 -4.89405149618382e-7
0.0 0.0 -5.839547144019395e-7
0.0 0.0 -5.573583446892952e-7
0.0 0.0 -5.922397641391154e-7
0.0 0.0 -5.889269697366799e-7
0.0 0.0 -6.44893467112566e-7
0.0 0.0 -7.587113773607519e-7
0.0 0.0 -6.789166213459135e-7
0.0 0.0 -5.49767980957809e-7
0.0 0.0 -4.871545988423392e-7
0.0 0.0 -4.850890733946886e-7
0.0 0.0 -4.476215645416399e-7
0.0 0.0 -4.233166854626028e-7
0.0 0.0 -3.6863683499694343e-7
0.0 0.0 -2.133535021380857e-7
0.0 0.0 -1.325776388066464e-7
0.0 0.0 -5.72516424571487e-8
0.0 0.0 -7.752732468123793e-8
0.0 0.0 -1.2635246013107093e-7
0.0 0.0 -1.6466383166082537e-7
0.0 0.0 -1.5861863967746686e-7
0.0 0.0 -1.2533519628215636e-7
0.0 0.0 -1.1739379504857347e-7
0.0 0.0 -8.699951014147125e-8
0.0 0.0 -8.228821260755387e-9
0.0 0.0 -5.711740898432669e-8
0.0 0.0 5.103953720270679e-8
0.0 0.0 -1.6299241616996545e-7
0.0 0.0 -2.683058895058822e-7
0.0 0.0 -3.232304179463924e-7
0.0 0.0 -2.7200044883102243e-8
0.0 0.0 1.1307582652038538e-7
0.0 0.0 1.7928119304273923e-7
0.0 0.0 1.5851756658817487e-7
0.0 0.0 6.517006570757905e-8
0.0 0.0 1.2008281980900975e-7
0.0 0.0 8.809788777274334e-9
0.0 0.0 1.1619224176745946e-7
0.0 0.0 2.4107442636084847e-7
0.0 0.0 1.206491294748379e-7
0.0 0.0 1.0423714255383938e-7
0.0 0.0 5.485081867494625e-8
0.0 0.0 1.0657639134850884e-7
0.0 0.0 9.365946079304362e-9
0.0 0.0 -1.8885559298227737e-8
0.0 0.0 -2.1502490261065599e-7
0.0 0.0 -6.957416713052309e-7
0.0 0.0 -4.2549271548544076e-7
0.0 0.0 -4.97433506748993e-7
0.0 0.0 -4.159179551069513e-7
0.0 0.0 -1.6856612396829656e-7
0.0 0.0 -1.1464403632482409e-7
0.0 0.0 3.2263094789703417e-7
0.0 0.0 3.823836762380365e-8
0.0 0.0 2.527570938003588e-7
0.0 0.0 -3.9812885109892127e-7
0.0 0.0 -6.837364710773646e-7
0.0 0.0 -7.514938877245022e-7
0.0 0.0 -8.45940066602163e-7
0.0 0.0 -1.6887203451367651e-6
0.0 0.0 -1.7396736172837676e-6
0.0 0.0 -1.340338797526577e-6
0.0 0.0 -7.045612520073521e-7
0.0 0.0 -5.54129232196746e-8
0.0 0.0 -2.1097849479577823e-7
0.0 0.0 -5.554558277574209e-7
0.0 0.0 -6.597005996023987e-7
0.0 0.0 -1.8979982288866185e-7
0.0 0.0 -4.940611197732573e-7
0.0 0.0 -9.402073476136058e-7
0.0 0.0 -7.25128078794445e-7
0.0 0.0 -7.006858724749194e-7
0.0 0.0 -7.098866173681597e-7
0.0 0.0 -1.168388211877672e-6
0.0 0.0 -1.2951096563669626e-6
0.0 0.0 -1.0986984820120105e-6
0.0 0.0 -8.718519627460742e-7
0.0 0.0 -6.856835022197382e-7
0.0 0.0 -4.823919087212661e-7
0.0 0.0 -4.1707682640890203e-7
0.0 0.0 -3.473588020855543e-7
0.0 0.0 -3.0904119796559836e-7
0.0 0.0 -1.8578152931199434e-7
0.0 0.0 -1.4063637042805904e-7
0.0 0.0 -5.663757463025834e-8
0.0 0.0 1.8845995115994318e-7
0.0 0.0 -3.6832235201183574e-8
0.0 0.0 2.39337591200307e-7
0.0 0.0 1.2511899298446716e-7
0.0 0.0 2.924271249391744e-8
0.0 0.0 -7.384997631602762e-8
0.0 0.0 -2.526924550817389e-7
0.0 0.0 -3.6902148343125945e-7
0.0 0.0 -5.658491449945692e-7
0.0 0.0 -5.393959896919527e-7
0.0 0.0 -3.9505887240342086e-7
0.0 0.0 -5.122742201344659e-7
0.0 0.0 -5.68451634370087e-7
0.0 0.0 -6.585186001343989e-7
0.0 0.0 -6.017810637682821e-7
0.0 0.0 -4.89405149618382e-7
0.0 0.0 -5.839547144019395e-7
0.0 0.0 -5.573583446892952e-7
0.0 0.0 -5.922397641391154e-7
0.0 0.0 -5.889269697366799e-7
0.0 0.0 -6.44893467112566e-7
0.0 0.0 -7.587113773607519e-7
0.0 0.0 -6.789166213459135e-7
0.0 0.0 -5.49767980957809e-7
0.0 0.0 -4.871545988423392e-7
0.0 0.0 -4.850890733946886e-7
0.0 0.0 -4.476215645416399e-7
0.0 0.0 -4.233166854626028e-7
0.0 0.0 -3.6863683499694343e-7
0.0 0.0 -2.133535021380857e-7
0.0 0.0 -1.325776388066464e-7

VECTORS S float
-0.0 -0.04489624008328901 0.0
-0.0 -0.06385318740858927 0.0
-0.0 -0.08027400196401571 0.0
-0.0 -0.09597194358332428 0.0
-0.0 -0.1113792365071156 0.0
-0.0 -0.1264187115965668 0.0
-0.0 -0.14148221276846856 0.0
-0.0 -0.1563227482041261 0.0
-0.0 -0.17084448425483767 0.0
-0.0 -0.1851733702362722 0.0
-0.0 -0.19912990643118936 0.0
-0.0 -0.21287107546328365 0.0
-0.0 -0.22556816275340932 0.0
-0.0 -0.23724432400205078 0.0
-0.0 -0.24867124690231782 0.0
-0.0 -0.25919929118037244 0.0
-0.0 -0.26946639655487514 0.0
-0.0 -0.2790815829692828 0.0
-0.0 -0.288417346624914 0.0
-0.0 -0.2960882322803844 0.0
-0.0 -0.303566760915302 0.0
-0.0 -0.31094757195545664 0.0
-0.0 -0.31804819951611574 0.0
-0.0 -0.32555571704484365 0.0
-0.0 -0.3316738380014159 0.0
-0.0 -0.33794709150928837 0.0
-0.0 -0.34397812892278556 0.0
-0.0 -0.35037073616483044 0.0
-0.0 -0.35634651589133864 0.0
-0.0 -0.360726846279071 0.0
-0.0 -0.365547300800847 0.0
-0.0 -0.3684161405966324 0.0
-0.0 -0.37039992572995534 0.0
-0.0 -0.3724548672298381 0.0
-0.0 -0.3739020639984348 0.0
-0.0 -0.3745798508138835 0.0
-0.0 -0.37430901612389245 0.0
-0.0 -0.3742144519193702 0.0
-0.0 -0.37244501452400675 0.0
-0.0 -0.36939684649398113 0.0
-0.0 -0.36489344134549034 0.0
-0.0 -0.35988903063804467 0.0
-0.0 -0.35484234107312396 0.0
-0.0 -0.3464708732187075 0.0
-0.0 -0.3351948254990932 0.0
-0.0 -0.3189716825545108 0.0
-0.0 -0.2933463969560291 0.0
-0.0 -0.2452096837556489 0.0
-0.0 -0.11917415013089386 0.0
0.0 0.5759192346655739 -0.0
-0.0 -0.5710790258450309 0.0
0.0 0.12197557450220005 -0.0
0.0 0.24555809108699247 -0.0
0.0 0.2938791916316676 -0.0
0.0 0.3195784079805275 -0.0
0.0 0.3359656440313437 -0.0
0.0 0.3483832724279752 -0.0
0.0 0.35476380485474684 -0.0
0.0 0.36159216863901056 -0.0
0.0 0.3659591724538185 -0.0
0.0 0.3700884718640294 -0.0
0.0 0.3728167199487887 -0.0
0.0 0.37433757568089815 -0.0
0.0 0.37476613718712154 -0.0
0.0 0.3741710476998272 -0.0
0.0 0.3721060828362879 -0.0
0.0 0.3705257353981068 -0.0
0.0 0.3681975840415416 -0.0
0.0 0.36522149572163165 -0.0
0.0 0.36278206798936374 -0.0
0.0 0.3582788700460108 -0.0
0.0 0.3541757443053145 -0.0
0.0 0.34845612209786786 -0.0
0.0 0.3423053844584057 -0.0
0.0 0.33650390808792524 -0.0
0.0 0.33046615108992416 -0.0
0.0 0.3248110500096619 -0.0
0.0 0.31731001150208854 -0.0
0.0 0.31015516184077624 -0.0
0.0 0.3027370153173425 -0.0
0.0 0.29521838280307267 -0.0
0.0 0.28749287332511836 -0.0
0.0 0.27818075482181914 -0.0
0.0 0.2686958860697122 -0.0
0.0 0.25818199903495054 -0.0
0.0 0.2477004003203761 -0.0
0.0 0.23639824342545923 -0.0
0.0 0.2246387881250813 -0.0
0.0 0.21180348234260904 -0.0
0.0 0.1982069108533899 -0.0
0.0 0.1842741371321933 -0.0
0.0 0.1701142355322885 -0.0
0.0 0.15568581373231968 -0.0
0.0 0.1408631948648567 -0.0
0.0 0.12587125080876752 -0.0
0.0 0.11080750764347119 -0.0
0.0 0.095447730509758 -0.0
0.0 0.07987659659297229 -0.0
0.0 0.0635268877864406 -0.0
0.0 0.04464945096519479 -0.0
-0.0 -0.04489624008328901 0.0
-0.0 -0.06385318740858927 0.0
-0.0 -0.08027400196401571 0.0
-0.0 -0.09597194358332428 0.0
-0.0 -0.1113792365071156 0.0
-0.0 -0.1264187115965668 0.0
-0.0 -0.14148221276846856 0.0
-0.0 -0.1563227482041261 0.0
-0.0 -0.17084448425483767 0.0
-0.0 -0.1851733702362722 0.0
-0.0 -0.19912990643118936 0.0
-0.0 -0.21287107546328365 0.0
-0.0 -0.22556816275340932 0.0
-0.0 -0.23724432400205078 0.0
-0.0 -0.24867124690231782 0.0
-0.0 -0.25919929118037244 0.0
-0.0 -0.26946639655487514 0.0
-0.0 -0.2790815829692828 0.0
-0.0 -0.288417346624914 0.0
-0.0 -0.2960882322803844 0.0
-0.0 -0.303566760915302 0.0
-0.0 -0.31094757195545664 0.0
-0.0 -0.31804819951611574 0.0
-0.0 -0.32555571704484365 0.0
-0.0 -0.3316738380014159 0.0
-0.0 -0.33794709150928837 0.0
-0.0 -0.34397812892278556 0.0
-0.0 -0.35037073616483044 0.0
-0.0 -0.35634651589133864 0.0
-0.0 -0.360726846279071 0.0
-0.0 -0.365547300800847 0.0
-0.0 -0.3684161405966324 0.0
-0.0 -0.37039992572995534 0.0
-0.0 -0.3724548672298381 0.0
-0.0 -0.3739020639984348 0.0
-0.0 -0.3745798508138835 0.0
-0.0 -0.37430901612389245 0.0
-0.0 -0.3742144519193702 0.0
-0.0 -0.37244501452400675 0.0
-0.0 -0.36939684649398113 0.0
-0.0 -0.36489344134549034 0.0
-0.0 -0.35988903063804467 0.0
-0.0 -0.35484234107312396 0.0
-0.0 -0.3464708732187075 0.0
-0.0 -0.3351948254990932 0.0
-0.0 -0.3189716825545108 0.0
-0.0 -0.2933463969560291 0.0
-0.0 -0.2452096837556489 0.0
-0.0 -0.11917415013089386 0.0
0.0 0.5759192346655739 -0.0
-0.0 -0.5710790258450309 0.0
0.0 0.12197557450220005 -0.0
0.0 0.24555809108699247 -0.0
0.0 0.2938791916316676 -0.0
0.0 0.3195784079805275 -0.0
0.0 0.3359656440313437 -0.0
0.0 0.3483832724279752 -0.0
0.0 0.35476380485474684 -0.0
0.0 0.36159216863901056 -0.0
0.0 0.3659591724538185 -0.0
0.0 0.3700884718640294 -0.0
0.0 0.3728167199487887 -0.0
0.0 0.37433757568089815 -0.0
0.0 0.37476613718712154 -0.0
0.0 0.3741710476998272 -0.0
0.0 0.3721060828362879 -0.0
0.0 0.3705257353981068 -0.0
0.0 0.3681975840415416 -0.0
0.0 0.36522149572163165 -0.0
0.0 0.36278206798936374 -0.0
0.0 0.3582788700460108 -0.0
0.0 0.3541757443053145 -0.0
0.0 0.34845612209786786 -0.0
0.0 0.3423053844584057 -0.0
0.0 0.33650390808792524 -0.0
0.0 0.33046615108992416 -0.0
0.0 0.3248110500096619 -0.0
0.0 0.31731001150208854 -0.0
0.0 0.31015516184077624 -0.0
0.0 0.3027370153173425 -0.0
0.0 0.29521838280307267 -0.0
0.0 0.28749287332511836 -0.0
0.0 0.27818075482181914 -0.0
0.0 0.2686958860697122 -0.0
0.0 0.25818199903495054 -0.0
0.0 0.2477004003203761 -0.0
0.0 0.23639824342545923 -0.0
0.0 0.2246387881250813 -0.0
0.0 0.21180348234260904 -0.0
0.0 0.1982069108533899 -0.0
0.0 0.1842741371321933 -0.0
0.0 0.1701142355322885 -0.0
0.0 0.15568581373231968 -0.0
0.0 0.1408631948648567 -0.0
0.0 0.12587125080876752 -0.0
0.0 0.11080750764347119 -0.0
0.0 0.095447730509758 -0.0
0.0 0.07987659659297229 -0.0
0.0 0.0635268877864406 -0.0
0.0 0.04464945096519479 -0.0

VECTORS Vvpm_ApA float
-0.2948969304561615 0.7235979437828064 -0.23705200850963593
-0.30068716406822205 0.7034946084022522 -0.2601003646850586
-0.30447670817375183 0.6897139549255371 -0.2756638824939728
-0.30818477272987366 0.6756850481033325 -0.29131200909614563
-0.31163129210472107 0.661715030670166 -0.3067777156829834
-0.3137432634830475 0.6529422402381897 -0.3163999319076538
-0.31631574034690857 0.6412886381149292 -0.3291703164577484
-0.3175441324710846 0.635417103767395 -0.3355872631072998
-0.3208164870738983 0.6188892126083374 -0.3535654544830322
-0.3221283257007599 0.6115089654922485 -0.3615892827510834
-0.3227887451648712 0.6076241135597229 -0.36580777168273926
-0.3218976557254791 0.6126582622528076 -0.3603498339653015
-0.32284989953041077 0.6074028611183167 -0.3660314679145813
-0.32243165373802185 0.6097387671470642 -0.36350110173225403
-0.3216404616832733 0.6141476035118103 -0.3587145209312439
-0.320916086435318 0.6180481314659119 -0.35448652505874634
-0.3212098181247711 0.6163561940193176 -0.3563307523727417
-0.32262590527534485 0.6086333394050598 -0.36468949913978577
-0.32246145606040955 0.6095442175865173 -0.3637004494667053
-0.32267507910728455 0.6082160472869873 -0.3651474118232727
-0.32189980149269104 0.6125631928443909 -0.36043107509613037
-0.32078567147254944 0.6186349391937256 -0.3538443148136139
-0.32101544737815857 0.6173267960548401 -0.3552703261375427
-0.32064303755760193 0.6193318963050842 -0.3530883491039276
-0.3208666145801544 0.6180707216262817 -0.35446232557296753
-0.32249870896339417 0.6095221042633057 -0.3636915683746338
-0.3226630985736847 0.6085065603256226 -0.36479753255844116
-0.32232555747032166 0.61039799451828 -0.36274993419647217
-0.3220541179180145 0.6118613481521606 -0.3611644506454468
-0.3222251832485199 0.6108202934265137 -0.3622996509075165
-0.3211997449398041 0.6164829134941101 -0.3561563491821289
-0.32137367129325867 0.6154613494873047 -0.3572712242603302
-0.3207031190395355 0.6191295385360718 -0.35327810049057007
-0.3190790116786957 0.6275529265403748 -0.3441086411476135
-0.31926873326301575 0.626547634601593 -0.34520667791366577
-0.319454163312912 0.6255638003349304 -0.34627974033355713
-0.3196351230144501 0.6246017813682556 -0.34732872247695923
-0.31981077790260315 0.6236600875854492 -0.3483555018901825
-0.31998077034950256 0.6227390170097351 -0.34935927391052246
-0.31913092732429504 0.6271034479141235 -0.3446120321750641
-0.3193260133266449 0.6260870099067688 -0.34571969509124756
-0.3245944678783417 0.5969856977462769 -0.37724244594573975
-0.3242371380329132 0.5991786122322083 -0.3748617172241211
-0.3243246376514435 0.598602294921875 -0.3754875957965851
-0.32440754771232605 0.5980367660522461 -0.37610363960266113
-0.32448723912239075 0.5974827408790588 -0.3767075836658478
-0.3245639503002167 0.5969403386116028 -0.37729915976524353
-0.32463791966438293 0.5964086651802063 -0.3778793513774872
-0.3235394060611725 0.6031755805015564 -0.370538592338562
-0.32456615567207336 0.5970239043235779 -0.3772099018096924
-0.32957741618156433 0.5601019859313965 -0.4172056317329407
-0.32456669211387634 0.5970262289047241 -0.3772065043449402
-0.32354167103767395 0.6031839847564697 -0.37052810192108154
-0.32463857531547546 0.5964109897613525 -0.37787628173828125
-0.32456347346305847 0.5969412922859192 -0.37729763984680176
-0.32448747754096985 0.5974844694137573 -0.37670469284057617
-0.3244076669216156 0.5980382561683655 -0.37610092759132385
-0.3243257701396942 0.5986047983169556 -0.37548378109931946
-0.324239045381546 0.599181592464447 -0.37485647201538086
-0.3245972692966461 0.5969870686531067 -0.3772384226322174
-0.31932780146598816 0.6260865330696106 -0.34571564197540283
-0.3191339075565338 0.6271046996116638 -0.3446064591407776
-0.31998398900032043 0.6227419972419739 -0.34935182332992554
-0.3198145925998688 0.6236633658409119 -0.3483469784259796
-0.31963905692100525 0.6246050596237183 -0.34732022881507874
-0.3194582760334015 0.6255673766136169 -0.3462710976600647
-0.3192727267742157 0.62655109167099 -0.34519824385643005
-0.3190818727016449 0.6275557279586792 -0.3441019654273987
-0.3207043707370758 0.6191338896751404 -0.35327136516571045
-0.3213742673397064 0.6154661774635315 -0.35726502537727356
-0.32119986414909363 0.6164872646331787 -0.3561510741710663
-0.32222452759742737 0.6108205914497375 -0.36229830980300903
-0.32205358147621155 0.6118621826171875 -0.3611631989479065
-0.3223249614238739 0.6103968024253845 -0.3627500832080841
-0.32266250252723694 0.6085071563720703 -0.36479616165161133
-0.32249853014945984 0.6095227003097534 -0.363689661026001
-0.32086679339408875 0.6180731058120728 -0.35445845127105713
-0.3206431567668915 0.6193342208862305 -0.35308417677879333
-0.3210161030292511 0.6173302531242371 -0.35526514053344727
-0.3207866847515106 0.6186386346817017 -0.35383880138397217
-0.321900874376297 0.612565279006958 -0.360426664352417
-0.3226763904094696 0.6082188487052917 -0.36514246463775635
-0.3224627673625946 0.6095471978187561 -0.36369556188583374
-0.32262763381004333 0.6086371541023254 -0.36468368768692017
-0.3212110698223114 0.6163614392280579 -0.35632386803627014
-0.3209172785282135 0.6180530786514282 -0.35447993874549866
-0.3216414153575897 0.6141509413719177 -0.3587093949317932
-0.3224327862262726 0.6097431182861328 -0.3634951710700989
-0.32285091280937195 0.6074084043502808 -0.3660244345664978
-0.32189878821372986 0.6126648783683777 -0.3603416681289673
-0.3227897584438324 0.6076298356056213 -0.36580073833465576
-0.3221301734447479 0.6115135550498962 -0.3615829050540924
-0.3208182752132416 0.6188918352127075 -0.3535604774951935
-0.317545622587204 0.635417103767395 -0.33558401465415955
-0.31631746888160706 0.6412853598594666 -0.32916930317878723
-0.31374451518058777 0.6529373526573181 -0.31639987230300903
-0.3116322457790375 0.6617069840431213 -0.30677998065948486
-0.3081856071949005 0.6756758093833923 -0.29131507873535156
-0.3044772446155548 0.6897027492523193 -0.275668203830719
-0.30068764090538025 0.7034821510314941 -0.26010507345199585
-0.2948969304561615 0.7235979437828064 -0.23705200850963593
-0.30068716406822205 0.7034946084022522 -0.2601003646850586
-0.30447670817375183 0.6897139549255371 -0.2756638824939728
-0.30818477272987366 0.6756850481033325 -0.29131200909614563
-0.31163129210472107 0.661715030670166 -0.3067777156829834
-0.3137432634830475 0.6529422402381897 -0.3163999319076538
-0.31631574034690857 0.6412886381149292 -0.3291703164577484
-0.3175441324710846 0.635417103767395 -0.3355872631072998
-0.3208164870738983 0.6188892126083374 -0.3535654544830322
-0.3221283257007599 0.6115089654922485 -0.3615892827510834
-0.3227887451648712 0.6076241135597229 -0.36580777168273926
-0.3218976557254791 0.6126582622528076 -0.3603498339653015
-0.32284989953041077 0.6074028611183167 -0.3660314679145813
-0.32243165373802185 0.6097387671470642 -0.36350110173225403
-0.3216404616832733 0.6141476035118103 -0.3587145209312439
-0.320916086435318 0.6180481314659119 -0.35448652505874634
-0.3212098181247711 0.6163561940193176 -0.3563307523727417
-0.32262590527534485 0.6086333394050598 -0.36468949913978577
-0.32246145606040955 0.6095442175865173 -0.3637004494667053
-0.32267507910728455 0.6082160472869873 -0.3651474118232727
-0.32189980149269104 0.6125631928443909 -0.36043107509613037
-0.32078567147254944 0.6186349391937256 -0.3538443148136139
-0.32101544737815857 0.6173267960548401 -0.3552703261375427
-0.32064303755760193 0.6193318963050842 -0.3530883491039276
-0.3208666145801544 0.6180707216262817 -0.35446232557296753
-0.32249870896339417 0.6095221042633057 -0.3636915683746338
-0.3226630985736847 0.6085065603256226 -0.36479753255844116
-0.32232555747032166 0.61039799451828 -0.36274993419647217
-0.3220541179180145 0.6118613481521606 -0.3611644506454468
-0.3222251832485199 0.6108202934265137 -0.3622996509075165
-0.3211997449398041 0.6164829134941101 -0.3561563491821289
-0.32137367129325867 0.6154613494873047 -0.3572712242603302
-0.3207031190395355 0.6191295385360718 -0.35327810049057007
-0.3190790116786957 0.6275529265403748 -0.3441086411476135
-0.31926873326301575 0.626547634601593 -0.34520667791366577
-0.319454163312912 0.6255638003349304 -0.34627974033355713
-0.3196351230144501 0.6246017813682556 -0.34732872247695923
-0.31981077790260315 0.6236600875854492 -0.3483555018901825
-0.31998077034950256 0.6227390170097351 -0.34935927391052246
-0.31913092732429504 0.6271034479141235 -0.3446120321750641
-0.3193260133266449 0.6260870099067688 -0.34571969509124756
-0.3245944678783417 0.5969856977462769 -0.37724244594573975
-0.3242371380329132 0.5991786122322083 -0.3748617172241211
-0.3243246376514435 0.598602294921875 -0.3754875957965851
-0.32440754771232605 0.5980367660522461 -0.37610363960266113
-0.32448723912239075 0.5974827408790588 -0.3767075836658478
-0.3245639503002167 0.5969403386116028 -0.37729915976524353
-0.32463791966438293 0.5964086651802063 -0.3778793513774872
-0.3235394060611725 0.6031755805015564 -0.370538592338562
-0.32456615567207336 0.5970239043235779 -0.3772099018096924
-0.32957741618156433 0.5601019859313965 -0.4172056317329407
-0.32456669211387634 0.5970262289047241 -0.3772065043449402
-0.32354167103767395 0.6031839847564697 -0.37052810192108154
-0.32463857531547546 0.5964109897613525 -0.37787628173828125
-0.32456347346305847 0.5969412922859192 -0.37729763984680176
-0.32448747754096985 0.5974844694137573 -0.37670469284057617
-0.3244076669216156 0.5980382561683655 -0.37610092759132385
-0.3243257701396942 0.5986047983169556 -0.37548378109931946
-0.324239045381546 0.599181592464447 -0.37485647201538086
-0.3245972692966461 0.5969870686531067 -0.3772384226322174
-0.31932780146598816 0.6260865330696106 -0.34571564197540283
-0.3191339075565338 0.6271046996116638 -0.3446064591407776
-0.31998398900032043 0.6227419972419739 -0.34935182332992554
-0.3198145925998688 0.6236633658409119 -0.3483469784259796
-0.31963905692100525 0.6246050596237183 -0.34732022881507874
-0.3194582760334015 0.6255673766136169 -0.3462710976600647
-0.3192727267742157 0.62655109167099 -0.34519824385643005
-0.3190818727016449 0.6275557279586792 -0.3441019654273987
-0.3207043707370758 0.6191338896751404 -0.35327136516571045
-0.3213742673397064 0.6154661774635315 -0.35726502537727356
-0.32119986414909363 0.6164872646331787 -0.3561510741710663
-0.32222452759742737 0.6108205914497375 -0.36229830980300903
-0.32205358147621155 0.6118621826171875 -0.3611631989479065
-0.3223249614238739 0.6103968024253845 -0.3627500832080841
-0.32266250252723694 0.6085071563720703 -0.36479616165161133
-0.32249853014945984 0.6095227003097534 -0.363689661026001
-0.32086679339408875 0.6180731058120728 -0.35445845127105713
-0.3206431567668915 0.6193342208862305 -0.35308417677879333
-0.3210161030292511 0.6173302531242371 -0.35526514053344727
-0.3207866847515106 0.6186386346817017 -0.35383880138397217
-0.321900874376297 0.612565279006958 -0.360426664352417
-0.3226763904094696 0.6082188487052917 -0.36514246463775635
-0.3224627673625946 0.6095471978187561 -0.36369556188583374
-0.32262763381004333 0.6086371541023254 -0.36468368768692017
-0.3212110698223114 0.6163614392280579 -0.35632386803627014
-0.3209172785282135 0.6180530786514282 -0.35447993874549866
-0.3216414153575897 0.6141509413719177 -0.3587093949317932
-0.3224327862262726 0.6097431182861328 -0.3634951710700989
-0.32285091280937195 0.6074084043502808 -0.3660244345664978
-0.32189878821372986 0.6126648783683777 -0.3603416681289673
-0.3227897584438324 0.6076298356056213 -0.36580073833465576
-0.3221301734447479 0.6115135550498962 -0.3615829050540924
-0.3208182752132416 0.6188918352127075 -0.3535604774951935
-0.317545622587204 0.635417103767395 -0.33558401465415955
-0.31631746888160706 0.6412853598594666 -0.32916930317878723
-0.31374451518058777 0.6529373526573181 -0.31639987230300903
-0.3116322457790375 0.6617069840431213 -0.30677998065948486
-0.3081856071949005 0.6756758093833923 -0.29131507873535156
-0.3044772446155548 0.6897027492523193 -0.275668203830719
-0.30068764090538025 0.7034821510314941 -0.26010507345199585

VECTORS Vkin float
-0.0 -0.0 -0.0
-0.0 -0.0 -0.0
-0.0 -0.0 -0.0
-0.0 -0.0 -0.0
-0.0 -0.0 -0.0
-0.0 -0.0 -0.0
-0.0 -0.0 -0.0
-0.0 -0.0 -0.0
-0.0 -0.0 -0.0
-0.0 -0.0 -0.0
-0.0 -0.0 -0.0
-0.0 -0.0 -0.0
-0.0 -0.0 -0.0
-0.0 -0.0 -0.0
-0.0 -0.0 -0.0
-0.0 -0.0 -0.0
-0.0 -0.0 -0.0
-0.0 -0.0 -0.0
-0.0 -0.0 -0.0
-0.0 -0.0 -0.0
-0.0 -0.0 -0.0
-0.0 -0.0 -0.0
-0.0 -0.0 -0.0
-0.0 -0.0 -0.0
-0.0 -0.0 -0.0
-0.0 -0.0 -0.0
-0.0 -0.0 -0.0
-0.0 -0.0 -0.0
-0.0 -0.0 -0.0
-0.0 -0.0 -0.0
-0.0 -0.0 -0.0
-0.0 -0.0 -0.0
-0.0 -0.0 -0.0
-0.0 -0.0 -0.0
-0.0 -0.0 -0.0
-0.0 -0.0 -0.0
-0.0 -0.0 -0.0
-0.0 -0.0 -0.0
-0.0 -0.0 -0.0
-0.0 -0.0 -0.0
-0.0 -0.0 -0.0
-0.0 -0.0 -0.0
-0.0 -0.0 -0.0
-0.0 -0.0 -0.0
-0.0 -0.0 -0.0
-0.0 -0.0 -0.0
-0.0 -0.0 -0.0
-0.0 -0.0 -0.0
-0.0 -0.0 -0.0
-0.0 -0.0 -0.0
-0.0 -0.0 -0.0
-0.0 -0.0 -0.0
-0.0 -0.0 -0.0
-0.0 -0.0 -0.0
-0.0 -0.0 -0.0
-0.0 -0.0 -0.0
-0.0 -0.0 -0.0
-0.0 -0.0 -0.0
-0.0 -0.0 -0.0
-0.0 -0.0 -0.0
-0.0 -0.0 -0.0
-0.0 -0.0 -0.0
-0.0 -0.0 -0.0
-0.0 -0.0 -0.0
-0.0 -0.0 -0.0
-0.0 -0.0 -0.0
-0.0 -0.0 -0.0
-0.0 -0.0 -0.0
-0.0 -0.0 -0.0
-0.0 -0.0 -0.0
-0.0 -0.0 -0.0
-0.0 -0.0 -0.0
-0.0 -0.0 -0.0
-0.0 -0.0 -0.0
-0.0 -0.0 -0.0
-0.0 -0.0 -0.0
-0.0 -0.0 -0.0
-0.0 -0.0 -0.0
-0.0 -0.0 -0.0
-0.0 -0.0 -0.0
-0.0 -0.0 -0.0
-0.0 -0.0 -0.0
-0.0 -0.0 -0.0
-0.0 -0.0 -0.0
-0.0 -0.0 -0.0
-0.0 -0.0 -0.0
-0.0 -0.0 -0.0
-0.0 -0.0 -0.0
-0.0 -0.0 -0.0
-0.0 -0.0 -0.0
-0.0 -0.0 -0.0
-0.0 -0.0 -0.0
-0.0 -0.0 -0.0
-0.0 -0.0 -0.0
-0.0 -0.0 -0.0
-0.0 -0.0 -0.0
-0.0 -0.0 -0.0
-0.0 -0.0 -0.0
-0.0 -0.0 -0.0
-0.0 -0.0 -0.0
-0.0 -0.0 -0.0
-0.0 -0.0 -0.0
-0.0 -0.0 -0.0
-0.0 -0.0 -0.0
-0.0 -0.0 -0.0
-0.0 -0.0 -0.0
-0.0 -0.0 -0.0
-0.0 -0.0 -0.0
-0.0 -0.0 -0.0
-0.0 -0.0 -0.0
-0.0 -0.0 -0.0
-0.0 -0.0 -0.0
-0.0 -0.0 -0.0
-0.0 -0.0 -0.0
-0.0 -0.0 -0.0
-0.0 -0.0 -0.0
-0.0 -0.0 -0.0
-0.0 -0.0 -0.0
-0.0 -0.0 -0.0
-0.0 -0.0 -0.0
-0.0 -0.0 -0.0
-0.0 -0.0 -0.0
-0.0 -0.0 -0.0
-0.0 -0.0 -0.0
-0.0 -0.0 -0.0
-0.0 -0.0 -0.0
-0.0 -0.0 -0.0
-0.0 -0.0 -0.0
-0.0 -0.0 -0.0
-0.0 -0.0 -0.0
-0.0 -0.0 -0.0
-0.0 -0.0 -0.0
-0.0 -0.0 -0.0
-0.0 -0.0 -0.0
-0.0 -0.0 -0.0
-0.0 -0.0 -0.0
-0.0 -0.0 -0.0
-0.0 -0.0 -0.0
-0.0 -0.0 -0.0
-0.0 -0.0 -0.0
-0.0 -0.0 -0.0
-0.0 -0.0 -0.0
-0.0 -0.0 -0.0
-0.0 -0.0 -0.0
-0.0 -0.0 -0.0
-0.0 -0.0 -0.0
-0.0 -0.0 -0.0
-0.0 -0.0 -0.0
-0.0 -0.0 -0.0
-0.0 -0.0 -0.0
-0.0 -0.0 -0.0
-0.0 -0.0 -0.0
-0.0 -0.0 -0.0
-0.0 -0.0 -0.0
-0.0 -0.0 -0.0
-0.0 -0.0 -0.0
-0.0 -0.0 -0.0
-0.0 -0.0 -0.0
-0.0 -0.0 -0.0
-0.0 -0.0 -0.0
-0.0 -0.0 -0.0
-0.0 -0.0 -0.0
-0.0 -0.0 -0.0
-0.0 -0.0 -0.0
-0.0 -0.0 -0.0
-0.0 -0.0 -0.0
-0.0 -0.0 -0.0
-0.0 -0.0 -0.0
-0.0 -0.0 -0.0
-0.0 -0.0 -0.0
-0.0 -0.0 -0.0
-0.0 -0.0 -0.0
-0.0 -0.0 -0.0
-0.0 -0.0 -0.0
-0.0 -0.0 -0.0
-0.0 -0.0 -0.0
-0.0 -0.0 -0.0
-0.0 -0.0 -0.0
-0.0 -0.0 -0.0
-0.0 -0.0 -0.0
-0.0 -0.0 -0.0
-0.0 -0.0 -0.0
-0.0 -0.0 -0.0
-0.0 -0.0 -0.0
-0.0 -0.0 -0.0
-0.0 -0.0 -0.0
-0.0 -0.0 -0.0
-0.0 -0.0 -0.0
-0.0 -0.0 -0.0
-0.0 -0.0 -0.0
-0.0 -0.0 -0.0
-0.0 -0.0 -0.0
-0.0 -0.0 -0.0
-0.0 -0.0 -0.0
-0.0 -0.0 -0.0
-0.0 -0.0 -0.0
-0.0 -0.0 -0.0
-0.0 -0.0 -0.0
-0.0 -0.0 -0.0
-0.0 -0.0 -0.0

VECTORS Funs-vector float
0.0 0.0 -2.590897055924394e-10
0.0 0.0 -4.1528755642422064e-10
0.0 0.0 -7.81852145040382e-10
0.0 0.0 -1.1557873488789608e-9
0.0 0.0 -1.2452004639467088e-9
0.0 0.0 -1.0880955299944572e-9
0.0 0.0 -1.1167307998225582e-9
0.0 0.0 -8.999138939932223e-10
0.0 0.0 -9.195791726458088e-11
0.0 0.0 -6.857692031561661e-10
0.0 0.0 6.552207690373927e-10
0.0 0.0 -2.2278976745588747e-9
0.0 0.0 -3.890415486452031e-9
0.0 0.0 -4.955488115197877e-9
0.0 0.0 -4.3961630983143804e-10
0.0 0.0 1.9215589879962877e-9
0.0 0.0 3.195642362534058e-9
0.0 0.0 2.9572966639728824e-9
0.0 0.0 1.269979589545104e-9
0.0 0.0 2.4398868449357213e-9
0.0 0.0 1.8632327336028232e-10
0.0 0.0 2.5539960134579296e-9
0.0 0.0 5.499386236044582e-9
0.0 0.0 2.852530423573088e-9
0.0 0.0 2.551141212295896e-9
0.0 0.0 1.3880330398831848e-9
0.0 0.0 2.7855667745009997e-9
0.0 0.0 2.5258097287886714e-10
0.0 0.0 -5.250038324704992e-10
0.0 0.0 -6.156254716339746e-9
0.0 0.0 -2.0497685541421585e-8
0.0 0.0 -1.2889382151413353e-8
0.0 0.0 -1.5482142613228436e-8
0.0 0.0 -1.3290762427843292e-8
0.0 0.0 -5.526685874128657e-9
0.0 0.0 -3.854064502194638e-9
0.0 0.0 1.1114271025408616e-8
0.0 0.0 1.3490524474945191e-9
0.0 0.0 9.127382223725964e-9
0.0 0.0 -1.4707869541895541e-8
0.0 0.0 -2.58272508828656e-8
0.0 0.0 -2.9011344852554707e-8
0.0 0.0 -3.336058035640001e-8
0.0 0.0 -6.800022535895365e-8
0.0 0.0 -7.149800359449311e-8
0.0 0.0 -5.6200032773202615e-8
0.0 0.0 -3.0127692717700815e-8
0.0 0.0 -2.4155675510894058e-9
0.0 0.0 -9.372369305230382e-9
0.0 0.0 -2.5136901005240368e-8
0.0 0.0 -2.985445077109764e-8
0.0 0.0 -8.43154197256816e-9
0.0 0.0 -2.153717833018854e-8
0.0 0.0 -4.02041383614602e-8
0.0 0.0 -3.040441854568444e-8
0.0 0.0 -2.879714937968766e-8
0.0 0.0 -2.8585224367881126e-8
0.0 0.0 -4.6076678914590885e-8
0.0 0.0 -4.999757612999998e-8
0.0 0.0 -4.150189808485015e-8
0.0 0.0 -3.2208379002226034e-8
0.0 0.0 -2.4760909041808726e-8
0.0 0.0 -1.7018822338714732e-8
0.0 0.0 -1.4367824653341222e-8
0.0 0.0 -1.1677390918527024e-8
0.0 0.0 -1.013236576313219e-8
0.0 0.0 -5.936695300716683e-9
0.0 0.0 -4.3771726553047445e-9
0.0 0.0 -1.7157129064024437e-9
0.0 0.0 5.552337850888128e-9
0.0 0.0 -1.0545226107191478e-9
0.0 0.0 6.653398538544231e-9
0.0 0.0 3.3742108598588017e-9
0.0 0.0 7.643111883284996e-10
0.0 0.0 -1.8688181798835747e-9
0.0 0.0 -6.184495472545031e-9
0.0 0.0 -8.724845450785328e-9
0.0 0.0 -1.290814229711297e-8
0.0 0.0 -1.1856344161992585e-8
0.0 0.0 -8.355326573334863e-9
0.0 0.0 -1.040857578705862e-8
0.0 0.0 -1.1077508752758703e-8
0.0 0.0 -1.2285293682314359e-8
0.0 0.0 -1.0726596737284434e-8
0.0 0.0 -8.316727747741401e-9
0.0 0.0 -9.438073273678096e-9
0.0 0.0 -8.544934200692082e-9
0.0 0.0 -8.58743262901428e-9
0.0 0.0 -8.049877762368859e-9
0.0 0.0 -8.278828857528988e-9
0.0 0.0 -9.109322462805757e-9
0.0 0.0 -7.58696252074674e-9
0.0 0.0 -5.686742876276355e-9
0.0 0.0 -4.634150762204648e-9
0.0 0.0 -4.2112931408481395e-9
0.0 0.0 -3.5139538516606133e-9
0.0 0.0 -2.971290444855264e-9
0.0 0.0 -2.281075492192748e-9
0.0 0.0 -1.142862273679379e-9
0.0 0.0 -5.999740781631629e-10
0.0 0.0 -2.590897055924394e-10
0.0 0.0 -4.1528755642422064e-10
0.0 0.0 -7.81852145040382e-10
0.0 0.0 -1.1557873488789608e-9
0.0 0.0 -1.2452004639467088e-9
0.0 0.0 -1.0880955299944572e-9
0.0 0.0 -1.1167307998225582e-9
0.0 0.0 -8.999138939932223e-10
0.0 0.0 -9.195791726458088e-11
0.0 0.0 -6.857692031561661e-10
0.0 0.0 6.552207690373927e-10
0.0 0.0 -2.2278976745588747e-9
0.0 0.0 -3.890415486452031e-9
0.0 0.0 -4.955488115197877e-9
0.0 0.0 -4.3961630983143804e-10
0.0 0.0 1.9215589879962877e-9
0.0 0.0 3.195642362534058e-9
0.0 0.0 2.9572966639728824e-9
0.0 0.0 1.269979589545104e-9
0.0 0.0 2.4398868449357213e-9
0.0 0.0 1.8632327336028232e-10
0.0 0.0 2.5539960134579296e-9
0.0 0.0 5.499386236044582e-9
0.0 0.0 2.852530423573088e-9
0.0 0.0 2.551141212295896e-9
0.0 0.0 1.3880330398831848e-9
0.0 0.0 2.7855667745009997e-9
0.0 0.0 2.5258097287886714e-10
0.0 0.0 -5.250038324704992e-10
0.0 0.0 -6.156254716339746e-9
0.0 0.0 -2.0497685541421585e-8
0.0 0.0 -1.2889382151413353e-8
0.0 0.0 -1.5482142613228436e-8
0.0 0.0 -1.3290762427843292e-8
0.0 0.0 -5.526685874128657e-9
0.0 0.0 -3.854064502194638e-9
0.0 0.0 1.1114271025408616e-8
0.0 0.0 1.3490524474945191e-9
0.0 0.0 9.127382223725964e-9
0.0 0.0 -1.4707869541895541e-8
0.0 0.0 -2.58272508828656e-8
0.0 0.0 -2.9011344852554707e-8
0.0 0.0 -3.336058035640001e-8
0.0 0.0 -6.800022535895365e-8
0.0 0.0 -7.149800359449311e-8
0.0 0.0 -5.6200032773202615e-8
0.0 0.0 -3.0127692717700815e-8
0.0 0.0 -2.4155675510894058e-9
0.0 0.0 -9.372369305230382e-9
0.0 0.0 -2.5136901005240368e-8
0.0 0.0 -2.985445077109764e-8
0.0 0.0 -8.43154197256816e-9
0.0 0.0 -2.153717833018854e-8
0.0 0.0 -4.02041383614602e-8
0.0 0.0 -3.040441854568444e-8
0.0 0.0 -2.879714937968766e-8
0.0 0.0 -2.8585224367881126e-8
0.0 0.0 -4.6076678914590885e-8
0.0 0.0 -4.999757612999998e-8
0.0 0.0 -4.150189808485015e-8
0.0 0.0 -3.2208379002226034e-8
0.0 0.0 -2.4760909041808726e-8
0.0 0.0 -1.7018822338714732e-8
0.0 0.0 -1.4367824653341222e-8
0.0 0.0 -1.1677390918527024e-8
0.0 0.0 -1.013236576313219e-8
0.0 0.0 -5.936695300716683e-9
0.0 0.0 -4.3771726553047445e-9
0.0 0.0 -1.7157129064024437e-9
0.0 0.0 5.552337850888128e-9
0.0 0.0 -1.0545226107191478e-9
0.0 0.0 6.653398538544231e-9
0.0 0.0 3.3742108598588017e-9
0.0 0.0 7.643111883284996e-10
0.0 0.0 -1.8688181798835747e-9
0.0 0.0 -6.184495472545031e-9
0.0 0.0 -8.724845450785328e-9
0.0 0.0 -1.290814229711297e-8
0.0 0.0 -1.1856344161992585e-8
0.0 0.0 -8.355326573334863e-9
0.0 0.0 -1.040857578705862e-8
0.0 0.0 -1.1077508752758703e-8
0.0 0.0 -1.2285293682314359e-8
0.0 0.0 -1.0726596737284434e-8
0.0 0.0 -8.316727747741401e-9
0.0 0.0 -9.438073273678096e-9
0.0 0.0 -8.544934200692082e-9
0.0 0.0 -8.58743262901428e-9
0.0 0.0 -8.049877762368859e-9
0.0 0.0 -8.278828857528988e-9
0.0 0.0 -9.109322462805757e-9
0.0 0.0 -7.58696252074674e-9
0.0 0.0 -5.686742876276355e-9
0.0 0.0 -4.634150762204648e-9
0.0 0.0 -4.2112931408481395e-9
0.0 0.0 -3.5139538516606133e-9
0.0 0.0 -2.971290444855264e-9
0.0 0.0 -2.281075492192748e-9
0.0 0.0 -1.142862273679379e-9
0.0 0.0 -5.999740781631629e-10

VECTORS Ftot float
-0.026583854652003955 -0.04489624008328901 0.025594606988691405
-0.04217735058259504 -0.06385318740858927 0.04153636097184716
-0.05523460644617988 -0.08027400196401571 0.05864504991846894
-0.06756890807645592 -0.09597194358332428 0.0774594662058533
-0.07961251928964386 -0.1113792365071156 0.09811030600284504
-0.0912883192053163 -0.1264187115965668 0.12063227732473122
-0.10298770829103482 -0.14148221276846856 0.14495029537787196
-0.11446464261416227 -0.1563227482041261 0.17106664813591838
-0.12562263098740684 -0.17084448425483767 0.19892560703184264
-0.13658801259685088 -0.1851733702362722 0.2284343019636589
-0.1471812062169762 -0.19912990643118936 0.2595343704212366
-0.15755873829244635 -0.21287107546328365 0.2921296950373977
-0.1668923138693429 -0.22556816275340932 0.3262034813632255
-0.17520495521238608 -0.23724432400205078 0.3615541534806716
-0.18326846919672535 -0.24867124690231782 0.3979197979607868
-0.1904330288948995 -0.25919929118037244 0.4352330897222382
-0.1973363376361756 -0.26946639655487514 0.4732676597684495
-0.20358804640175593 -0.2790815829692828 0.5119454937229189
-0.20956035290726688 -0.288417346624914 0.5511038342194073
-0.21386770790180595 -0.2960882322803844 0.5907259483048071
-0.2179829974955919 -0.303566760915302 0.630395563796796
-0.2220003127631323 -0.31094757195545664 0.669973076523862
-0.22573742014726478 -0.31804819951611574 0.709377937163982
-0.22988112933178725 -0.32555571704484365 0.7484719743559218
-0.23263562990519238 -0.3316738380014159 0.7873889399056623
-0.23554279090439662 -0.33794709150928837 0.8257567535195977
-0.2382102977132052 -0.34397812892278556 0.8635546480579217
-0.24123939663556418 -0.35037073616483044 0.9006657100232032
-0.2438516685853682 -0.35634651589133864 0.9372040969812441
-0.24486882677839933 -0.360726846279071 0.973195205230505
-0.24632580711054364 -0.365547300800847 1.0082174691354568
-0.2458311883184556 -0.3684161405966324 1.0425041913980875
-0.24445108244427066 -0.37039992572995534 1.0756148655116375
-0.2431424173498299 -0.3724548672298381 1.107246129708159
-0.2412260030677147 -0.3739020639984348 1.1374412170005912
-0.2385401922569374 -0.3745798508138835 1.166119561857931
-0.23490393756141226 -0.37430901612389245 1.1931560090498186
-0.23144586258763242 -0.3742144519193702 1.2182971653103474
-0.2263129063687762 -0.37244501452400675 1.2418081821764548
-0.2199008684745265 -0.36939684649398113 1.2633977025355723
-0.21203361760488965 -0.36489344134549034 1.2828396828010273
-0.20366568565406606 -0.35988903063804467 1.2997576976074139
-0.1952554298796168 -0.35484234107312396 1.3141244074009077
-0.18352040964216337 -0.3464708732187075 1.326548410056583
-0.16888081955861506 -0.3351948254990932 1.3365556863612609
-0.14929413757443735 -0.3189716825545108 1.3440888206702588
-0.12030540550429346 -0.2933463969560291 1.3491767208046448
-0.0688051760967412 -0.2452096837556489 1.352227682772927
0.06059487930506125 -0.11917415013089386 1.3546900023741157
0.7590560005971954 0.5759192346655739 1.3577789362641957
0.7542156103624748 -0.5710790258450309 1.2025919519980184
0.05779298456091209 0.12197557450220005 1.1991452810204497
-0.06915404883808315 0.24555809108699247 1.1970391773110047
-0.12083863264572973 0.2938791916316676 1.194013679015036
-0.14990129435363156 0.3195784079805275 1.1890983799929506
-0.16965205681350537 0.3359656440313437 1.1819255017593782
-0.18543320851386197 0.3483832724279752 1.1722687903407845
-0.19517728362114764 0.35476380485474684 1.1612006786136944
-0.20536918485012337 0.36159216863901056 1.147714480431124
-0.21309971771042585 0.3659591724538185 1.1323556746881382
-0.22059283487311365 0.3700884718640294 1.1148731980915823
-0.22668493882923996 0.3728167199487887 1.0955708992289592
-0.23156929148601707 0.37433757568089815 1.0746183773630433
-0.235361356396713 0.37476613718712154 1.0521618220678113
-0.238131896690383 0.3741710476998272 1.0283429916439917
-0.2394305080786101 0.3721060828362879 1.0033720065299534
-0.24121374497572848 0.3705257353981068 0.976975835636666
-0.2422491816365102 0.3681975840415416 0.9493561145492996
-0.2426368011058852 0.36522149572163165 0.9206061907938353
-0.24356082745388372 0.36278206798936374 0.8906063394689163
-0.24242108814842928 0.3582788700460108 0.8598785925610835
-0.24168119553073847 0.3541757443053145 0.828242292395441
-0.23932506508026058 0.34845612209786786 0.7960815371757194
-0.23653782017804173 0.3423053844584057 0.7633799238721346
-0.23409987004106314 0.33650390808792524 0.730040860148084
-0.2314281156489935 0.33046615108992416 0.6961682319126633
-0.22913654672051578 0.3248110500096619 0.6617419285224068
-0.22499940760560294 0.31731001150208854 0.6272034923926397
-0.22120806720575514 0.31015516184077624 0.5924182029033911
-0.21715340479888676 0.3027370153173425 0.5574939040513988
-0.21299804077107162 0.29521838280307267 0.5224985891417829
-0.20863600281999992 0.28749287332511836 0.4875546311015396
-0.2026873268746343 0.27818075482181914 0.45301127903838745
-0.19656592859687136 0.2686958860697122 0.41887391259973134
-0.18941584716923926 0.25818199903495054 0.3853571404365672
-0.18229772602933014 0.2477004003203761 0.35245240114336923
-0.17435895766890216 0.23639824342545923 0.3203624576131359
-0.16596299401403902 0.2246387881250813 0.2891921297828436
-0.15649116654693054 0.21180348234260904 0.2591660994771478
-0.14625824667712273 0.1982069108533899 0.23040570528944948
-0.1356888496301655 0.1842741371321933 0.20296043778605635
-0.12489246417558118 0.1701142355322885 0.17688562161843174
-0.11382781812232097 0.15568581373231968 0.15225681279011616
-0.10236880907302988 0.1408631948648567 0.12916739005169425
-0.09074095028730783 0.12587125080876752 0.10765374732795323
-0.07904089401923747 0.11080750764347119 0.08773430126364078
-0.06704478582439488 0.095447730509758 0.0694543494161006
-0.05483728896287186 0.07987659659297229 0.05276893906237498
-0.041851126806634886 0.0635268877864406 0.03758303200200671
-0.026337140791349984 0.04464945096519479 0.023425071970370435
-0.026583854652003955 -0.04489624008328901 0.025594606988691405
-0.04217735058259504 -0.06385318740858927 0.04153636097184716
-0.05523460644617988 -0.08027400196401571 0.05864504991846894
-0.06756890807645592 -0.09597194358332428 0.0774594662058533
-0.07961251928964386 -0.1113792365071156 0.09811030600284504
-0.0912883192053163 -0.1264187115965668 0.12063227732473122
-0.10298770829103482 -0.14148221276846856 0.14495029537787196
-0.11446464261416227 -0.1563227482041261 0.17106664813591838
-0.12562263098740684 -0.17084448425483767 0.19892560703184264
-0.13658801259685088 -0.1851733702362722 0.2284343019636589
-0.1471812062169762 -0.19912990643118936 0.2595343704212366
-0.15755873829244635 -0.21287107546328365 0.2921296950373977
-0.1668923138693429 -0.22556816275340932 0.3262034813632255
-0.17520495521238608 -0.23724432400205078 0.3615541534806716
-0.18326846919672535 -0.24867124690231782 0.3979197979607868
-0.1904330288948995 -0.25919929118037244 0.4352330897222382
-0.1973363376361756 -0.26946639655487514 0.4732676597684495
-0.20358804640175593 -0.2790815829692828 0.5119454937229189
-0.20956035290726688 -0.288417346624914 0.5511038342194073
-0.21386770790180595 -0.2960882322803844 0.5907259483048071
-0.2179829974955919 -0.303566760915302 0.630395563796796
-0.2220003127631323 -0.31094757195545664 0.669973076523862
-0.22573742014726478 -0.31804819951611574 0.709377937163982
-0.22988112933178725 -0.32555571704484365 0.7484719743559218
-0.23263562990519238 -0.3316738380014159 0.7873889399056623
-0.23554279090439662 -0.33794709150928837 0.8257567535195977
-0.2382102977132052 -0.34397812892278556 0.8635546480579217
-0.24123939663556418 -0.35037073616483044 0.9006657100232032
-0.2438516685853682 -0.35634651589133864 0.9372040969812441
-0.24486882677839933 -0.360726846279071 0.973195205230505
-0.24632580711054364 -0.365547300800847 1.0082174691354568
-0.2458311883184556 -0.3684161405966324 1.0425041913980875
-0.24445108244427066 -0.37039992572995534 1.0756148655116375
-0.2431424173498299 -0.3724548672298381 1.107246129708159
-0.2412260030677147 -0.3739020639984348 1.1374412170005912
-0.2385401922569374 -0.3745798508138835 1.166119561857931
-0.23490393756141226 -0.37430901612389245 1.1931560090498186
-0.23144586258763242 -0.3742144519193702 1.2182971653103474
-0.2263129063687762 -0.37244501452400675 1.2418081821764548
-0.2199008684745265 -0.36939684649398113 1.2633977025355723
-0.21203361760488965 -0.36489344134549034 1.2828396828010273
-0.20366568565406606 -0.35988903063804467 1.2997576976074139
-0.1952554298796168 -0.35484234107312396 1.3141244074009077
-0.18352040964216337 -0.3464708732187075 1.326548410056583
-0.16888081955861506 -0.3351948254990932 1.3365556863612609
-0.14929413757443735 -0.3189716825545108 1.3440888206702588
-0.12030540550429346 -0.2933463969560291 1.3491767208046448
-0.0688051760967412 -0.2452096837556489 1.352227682772927
0.06059487930506125 -0.11917415013089386 1.3546900023741157
0.7590560005971954 0.5759192346655739 1.3577789362641957
0.7542156103624748 -0.5710790258450309 1.2025919519980184
0.05779298456091209 0.12197557450220005 1.1991452810204497
-0.06915404883808315 0.24555809108699247 1.1970391773110047
-0.12083863264572973 0.2938791916316676 1.194013679015036
-0.14990129435363156 0.3195784079805275 1.1890983799929506
-0.16965205681350537 0.3359656440313437 1.1819255017593782
-0.18543320851386197 0.3483832724279752 1.1722687903407845
-0.19517728362114764 0.35476380485474684 1.1612006786136944
-0.20536918485012337 0.36159216863901056 1.147714480431124
-0.21309971771042585 0.3659591724538185 1.1323556746881382
-0.22059283487311365 0.3700884718640294 1.1148731980915823
-0.22668493882923996 0.3728167199487887 1.0955708992289592
-0.23156929148601707 0.37433757568089815 1.0746183773630433
-0.235361356396713 0.37476613718712154 1.0521618220678113
-0.238131896690383 0.3741710476998272 1.0283429916439917
-0.2394305080786101 0.3721060828362879 1.0033720065299534
-0.24121374497572848 0.3705257353981068 0.976975835636666
-0.2422491816365102 0.3681975840415416 0.9493561145492996
-0.2426368011058852 0.36522149572163165 0.9206061907938353
-0.24356082745388372 0.36278206798936374 0.8906063394689163
-0.24242108814842928 0.3582788700460108 0.8598785925610835
-0.24168119553073847 0.3541757443053145 0.828242292395441
-0.23932506508026058 0.34845612209786786 0.7960815371757194
-0.23653782017804173 0.3423053844584057 0.7633799238721346
-0.23409987004106314 0.33650390808792524 0.730040860148084
-0.2314281156489935 0.33046615108992416 0.6961682319126633
-0.22913654672051578 0.3248110500096619 0.6617419285224068
-0.22499940760560294 0.31731001150208854 0.6272034923926397
-0.22120806720575514 0.31015516184077624 0.5924182029033911
-0.21715340479888676 0.3027370153173425 0.5574939040513988
-0.21299804077107162 0.29521838280307267 0.5224985891417829
-0.20863600281999992 0.28749287332511836 0.4875546311015396
-0.2026873268746343 0.27818075482181914 0.45301127903838745
-0.19656592859687136 0.2686958860697122 0.41887391259973134
-0.18941584716923926 0.25818199903495054 0.3853571404365672
-0.18229772602933014 0.2477004003203761 0.35245240114336923
-0.17435895766890216 0.23639824342545923 0.3203624576131359
-0.16596299401403902 0.2246387881250813 0.2891921297828436
-0.15649116654693054 0.21180348234260904 0.2591660994771478
-0.14625824667712273 0.1982069108533899 0.23040570528944948
-0.1356888496301655 0.1842741371321933 0.20296043778605635
-0.12489246417558118 0.1701142355322885 0.17688562161843174
-0.11382781812232097 0.15568581373231968 0.15225681279011616
-0.10236880907302988 0.1408631948648567 0.12916739005169425
-0.09074095028730783 0.12587125080876752 0.10765374732795323
-0.07904089401923747 0.11080750764347119 0.08773430126364078
-0.06704478582439488 0.095447730509758 0.0694543494161006
-0.05483728896287186 0.07987659659297229 0.05276893906237498
-0.041851126806634886 0.0635268877864406 0.03758303200200671
-0.026337140791349984 0.04464945096519479 0.023425071970370435

VECTORS Vvpm_AB float
-0.32946380972862244 0.560087263584137 -0.41737961769104004
-0.32946112751960754 0.5600852966308594 -0.41738450527191157
-0.32946839928627014 0.5600885152816772 -0.41737839579582214
-0.3294924199581146 0.5600922107696533 -0.41736659407615667
-0.3295094072818756 0.5600969791412354 -0.4173545837402344
-0.32953163981437683 0.5600998401641846 -0.4173448085784912
-0.3295884430408478 0.5601115822792053 -0.4173103272914887
-0.3295954167842865 0.5601117014884949 -0.4173097610473633
-0.32960453629493713 0.5601136684417725 -0.4173021614551544
-0.32959070801734924 0.5601121783256531 -0.41730752587318426
-0.3295740783214569 0.5601080060005188 -0.417319118976593
-0.3295704424381256 0.5601072907447815 -0.4173173010349274
-0.3295576274394989 0.5601060390472412 -0.41732078790664673
-0.3295471966266632 0.5601051449775696 -0.4173235595226288
-0.3295413553714752 0.5601024031639099 -0.41732949018478394
-0.32953140139579773 0.5601013898849487 -0.41733273863792425
-0.3295353949069977 0.5601018667221069 -0.41732570528984075
-0.32952579855918884 0.560100793838501 -0.4173290729522705
-0.3295165002346039 0.560099720954895 -0.41733273863792425
-0.32950887084007263 0.5600987672805786 -0.41733413934707647
-0.3295036256313324 0.5600947737693787 -0.41734263300895696
-0.32949820160865784 0.5600945353507996 -0.417344331741333
-0.3294925391674042 0.5600941181182861 -0.41734537482261663
-0.3294943869113922 0.560093879699707 -0.41733950376510615
-0.3294889032840729 0.5600938200950623 -0.4173384904861451
-0.3295787274837494 0.5601091980934143 -0.41728064417839045
-0.3295714557170868 0.5601085424423218 -0.4172833561897277
-0.3295641243457794 0.5601074695587158 -0.417286366224289
-0.3295568525791168 0.560106635093689 -0.4172892272472382
-0.3295563757419586 0.5601011514663696 -0.4172977805137635
-0.32955029606819153 0.5601000189781189 -0.4173007309436798
-0.32954439520835876 0.5600990056991577 -0.41730380058288574
-0.3295440971851349 0.5600988268852234 -0.41729906201362615
-0.32954129576683044 0.5600988268852234 -0.41729941964149475
-0.3295380771160126 0.560099184513092 -0.41729971766471863
-0.3295347988605499 0.5600990653038025 -0.41730022430419916
-0.3295608460903168 0.5601010918617249 -0.41727110743522644
-0.32955530285835266 0.5601004362106323 -0.41727367043495184
-0.3295500576496124 0.5600997805595398 -0.417275995016098
-0.3295481503009796 0.5601017475128174 -0.41727301478385925
-0.32954564690589905 0.5601036548614502 -0.4172705411911011
-0.3295404613018036 0.5601029396057129 -0.41727277636528015
-0.3295358121395111 0.5601027607917786 -0.4172742962837219
-0.32953080534935 0.5601021647453308 -0.41727596521377563
-0.32952603697776794 0.5601021647453308 -0.41727769374847407
-0.32952097058296204 0.5601013898849487 -0.41727942228317266
-0.329515665769577 0.560100793838501 -0.4172822535037995
-0.32951053977012634 0.560100257396698 -0.41728413105010986
-0.3295353949069977 0.5601048469543457 -0.4172723293304444
-0.32960936427116394 0.5601089000701904 -0.4172206223011017
-0.3296094834804535 0.5601064562797546 -0.4172227382659912
-0.32953545451164246 0.5600982904434204 -0.4172779321670533
-0.329510360956192 0.5600935220718384 -0.4172897934913635
-0.3295154869556427 0.5600939393043518 -0.41728761792182917
-0.32952138781547546 0.5600955486297607 -0.4172848463058471
-0.32952603697776794 0.5600957870483398 -0.4172830879688263
-0.3295309841632843 0.5600959658622742 -0.41728121042251587
-0.3295356333255768 0.5600963830947876 -0.41727954149246216
-0.32954058051109314 0.5600969791412354 -0.41727772355079645
-0.3295459449291229 0.5600976347923279 -0.41727569699287415
-0.3295481503009796 0.560096263885498 -0.4172779023647309
-0.32954999804496765 0.5600938200950623 -0.4172807931900025
-0.3295556604862213 0.5600947141647339 -0.4172782301902771
-0.32956060767173767 0.5600956082344055 -0.41727569699287415
-0.3295349180698395 0.5600897669792175 -0.4173082113265991
-0.3295383155345917 0.5600895881652832 -0.41730755567550665
-0.32954153418540955 0.5600900053977966 -0.4173070192337036
-0.32954445481300354 0.5600900053977966 -0.4173065423965454
-0.32954445481300354 0.5600936412811279 -0.4173083007335663
-0.3295506536960602 0.560094952583313 -0.41730526089668274
-0.3295566141605377 0.5600962042808533 -0.4173021614551544
-0.32955673336982727 0.5600997805595398 -0.41729491949081426
-0.3295641839504242 0.5601010322570801 -0.4172919094562531
-0.3295716941356659 0.5601019263267517 -0.41728875041007996
-0.3295789062976837 0.5601029396057129 -0.4172861278057098
-0.3294890820980072 0.5600897073745728 -0.4173422157764435
-0.3294946253299713 0.5600917339324951 -0.4173413813114166
-0.3294928967952728 0.5600897073745728 -0.41734942793846125
-0.32949820160865784 0.5600897073745728 -0.4173482954502106
-0.3295038640499115 0.560090184211731 -0.4173464477062225
-0.32950910925865173 0.5600934624671936 -0.41733887791633606
-0.3295166790485382 0.560096025466919 -0.4173360764980316
-0.32952603697776794 0.5600970983505249 -0.41733214259147644
-0.32953545451164246 0.5600983500480652 -0.41732871532440186
-0.32953163981437683 0.5600970983505249 -0.4173361659049988
-0.3295411765575409 0.5600982308387756 -0.4173328876495362
-0.32954731583595276 0.5601016283035278 -0.417326420545578
-0.3295576870441437 0.5601040124893188 -0.41732278466224665
-0.32957032322883606 0.5601062178611755 -0.4173181354999542
-0.3295745551586151 0.5601060390472412 -0.41732057929039
-0.3295905888080597 0.5601083636283875 -0.4173106253147125
-0.3296046555042267 0.5601092576980591 -0.4173060357570649
-0.3295953571796417 0.5601049661636353 -0.41731539368629456
-0.32958880066871643 0.5601040124893188 -0.41731691360473633
-0.32953163981437683 0.5600929260253906 -0.4173504114151001
-0.3295096457004547 0.5600888133049011 -0.4173615574836731
-0.3294928967952728 0.5600841045379639 -0.41737341880798345
-0.32946857810020447 0.5600794553756714 -0.4173859059810638
-0.3294614255428314 0.5600764155387878 -0.41739198565483093
-0.32946404814720154 0.5600769519805908 -0.4173884093761444
-0.32946380972862244 0.560087263584137 -0.41737961769104004
-0.32946112751960754 0.5600852966308594 -0.41738450527191157
-0.32946839928627014 0.5600885152816772 -0.41737839579582214
-0.3294924199581146 0.5600922107696533 -0.41736659407615667
-0.3295094072818756 0.5600969791412354 -0.4173545837402344
-0.32953163981437683 0.5600998401641846 -0.4173448085784912
-0.3295884430408478 0.5601115822792053 -0.4173103272914887
-0.3295954167842865 0.5601117014884949 -0.4173097610473633
-0.32960453629493713 0.5601136684417725 -0.4173021614551544
-0.32959070801734924 0.5601121783256531 -0.41730752587318426
-0.3295740783214569 0.5601080060005188 -0.417319118976593
-0.3295704424381256 0.5601072907447815 -0.4173173010349274
-0.3295576274394989 0.5601060390472412 -0.41732078790664673
-0.3295471966266632 0.5601051449775696 -0.4173235595226288
-0.3295413553714752 0.5601024031639099 -0.41732949018478394
-0.32953140139579773 0.5601013898849487 -0.41733273863792425
-0.3295353949069977 0.5601018667221069 -0.41732570528984075
-0.32952579855918884 0.560100793838501 -0.4173290729522705
-0.3295165002346039 0.560099720954895 -0.41733273863792425
-0.32950887084007263 0.5600987672805786 -0.41733413934707647
-0.3295036256313324 0.5600947737693787 -0.41734263300895696
-0.32949820160865784 0.5600945353507996 -0.417344331741333
-0.3294925391674042 0.5600941181182861 -0.41734537482261663
-0.3294943869113922 0.560093879699707 -0.41733950376510615
-0.3294889032840729 0.5600938200950623 -0.4173384904861451
-0.3295787274837494 0.5601091980934143 -0.41728064417839045
-0.3295714557170868 0.5601085424423218 -0.4172833561897277
-0.3295641243457794 0.5601074695587158 -0.417286366224289
-0.3295568525791168 0.560106635093689 -0.4172892272472382
-0.3295563757419586 0.5601011514663696 -0.4172977805137635
-0.32955029606819153 0.5601000189781189 -0.4173007309436798
-0.32954439520835876 0.5600990056991577 -0.41730380058288574
-0.3295440971851349 0.5600988268852234 -0.41729906201362615
-0.32954129576683044 0.5600988268852234 -0.41729941964149475
-0.3295380771160126 0.560099184513092 -0.41729971766471863
-0.3295347988605499 0.5600990653038025 -0.41730022430419916
-0.3295608460903168 0.5601010918617249 -0.41727110743522644
-0.32955530285835266 0.5601004362106323 -0.41727367043495184
-0.3295500576496124 0.5600997805595398 -0.417275995016098
-0.3295481503009796 0.5601017475128174 -0.41727301478385925
-0.32954564690589905 0.5601036548614502 -0.4172705411911011
-0.3295404613018036 0.5601029396057129 -0.41727277636528015
-0.3295358121395111 0.5601027607917786 -0.4172742962837219
-0.32953080534935 0.5601021647453308 -0.41727596521377563
-0.32952603697776794 0.5601021647453308 -0.41727769374847407
-0.32952097058296204 0.5601013898849487 -0.41727942228317266
-0.329515665769577 0.560100793838501 -0.4172822535037995
-0.32951053977012634 0.560100257396698 -0.41728413105010986
-0.3295353949069977 0.5601048469543457 -0.4172723293304444
-0.32960936427116394 0.5601089000701904 -0.4172206223011017
-0.3296094834804535 0.5601064562797546 -0.4172227382659912
-0.32953545451164246 0.5600982904434204 -0.4172779321670533
-0.329510360956192 0.5600935220718384 -0.4172897934913635
-0.3295154869556427 0.5600939393043518 -0.41728761792182917
-0.32952138781547546 0.5600955486297607 -0.4172848463058471
-0.32952603697776794 0.5600957870483398 -0.4172830879688263
-0.3295309841632843 0.5600959658622742 -0.41728121042251587
-0.3295356333255768 0.5600963830947876 -0.41727954149246216
-0.32954058051109314 0.5600969791412354 -0.41727772355079645
-0.3295459449291229 0.5600976347923279 -0.41727569699287415
-0.3295481503009796 0.560096263885498 -0.4172779023647309
-0.32954999804496765 0.5600938200950623 -0.4172807931900025
-0.3295556604862213 0.5600947141647339 -0.4172782301902771
-0.32956060767173767 0.5600956082344055 -0.41727569699287415
-0.3295349180698395 0.5600897669792175 -0.4173082113265991
-0.3295383155345917 0.5600895881652832 -0.41730755567550665
-0.32954153418540955 0.5600900053977966 -0.4173070192337036
-0.32954445481300354 0.5600900053977966 -0.4173065423965454
-0.32954445481300354 0.5600936412811279 -0.4173083007335663
-0.3295506536960602 0.560094952583313 -0.41730526089668274
-0.3295566141605377 0.5600962042808533 -0.4173021614551544
-0.32955673336982727 0.5600997805595398 -0.41729491949081426
-0.3295641839504242 0.5601010322570801 -0.4172919094562531
-0.3295716941356659 0.5601019263267517 -0.41728875041007996
-0.3295789062976837 0.5601029396057129 -0.4172861278057098
-0.3294890820980072 0.5600897073745728 -0.4173422157764435
-0.3294946253299713 0.5600917339324951 -0.4173413813114166
-0.3294928967952728 0.5600897073745728 -0.41734942793846125
-0.32949820160865784 0.5600897073745728 -0.4173482954502106
-0.3295038640499115 0.560090184211731 -0.4173464477062225
-0.32950910925865173 0.5600934624671936 -0.41733887791633606
-0.3295166790485382 0.560096025466919 -0.4173360764980316
-0.32952603697776794 0.5600970983505249 -0.41733214259147644
-0.32953545451164246 0.5600983500480652 -0.41732871532440186
-0.32953163981437683 0.5600970983505249 -0.4173361659049988
-0.3295411765575409 0.5600982308387756 -0.4173328876495362
-0.32954731583595276 0.5601016283035278 -0.417326420545578
-0.3295576870441437 0.5601040124893188 -0.41732278466224665
-0.32957032322883606 0.5601062178611755 -0.4173181354999542
-0.3295745551586151 0.5601060390472412 -0.41732057929039
-0.3295905888080597 0.5601083636283875 -0.4173106253147125
-0.3296046555042267 0.5601092576980591 -0.4173060357570649
-0.3295953571796417 0.5601049661636353 -0.41731539368629456
-0.32958880066871643 0.5601040124893188 -0.41731691360473633
-0.32953163981437683 0.5600929260253906 -0.4173504114151001
-0.3295096457004547 0.5600888133049011 -0.4173615574836731
-0.3294928967952728 0.5600841045379639 -0.41737341880798345
-0.32946857810020447 0.5600794553756714 -0.4173859059810638
-0.3294614255428314 0.5600764155387878 -0.41739198565483093
-0.32946404814720154 0.5600769519805908 -0.4173884093761444