# vtk DataFile Version 4.0
[MyVLM domain - lattices] 
ASCII
DATASET UNSTRUCTURED_GRID
POINTS 302 float
1.2444999999999997 -1.2445 0.0
1.2399745454545452 -1.2399745454545454 0.0
1.2346178849721705 -1.2346178849721707 0.0
1.2284300185528754 -1.2284300185528756 0.0
1.2214109461966602 -1.2214109461966605 0.0
1.2135606679035247 -1.213560667903525 0.0
1.2048791836734691 -1.2048791836734694 0.0
1.1953664935064932 -1.1953664935064934 0.0
1.1850225974025972 -1.1850225974025974 0.0
1.1738474953617808 -1.173847495361781 0.0
1.1618411873840442 -1.1618411873840444 0.0
1.1490036734693874 -1.1490036734693876 0.0
1.1353349536178106 -1.1353349536178108 0.0
1.1208350278293133 -1.1208350278293135 0.0
1.1055038961038959 -1.105503896103896 0.0
1.0893415584415582 -1.0893415584415584 0.0
1.0723480148423004 -1.0723480148423006 0.0
1.054523265306122 -1.0545232653061223 0.0
1.0358673098330238 -1.035867309833024 0.0
1.0163801484230053 -1.0163801484230055 0.0
0.9960617810760664 -0.9960617810760668 0.0
0.9749122077922076 -0.9749122077922077 0.0
0.9529314285714284 -0.9529314285714284 0.0
0.9301194434137288 -0.930119443413729 0.0
0.9064762523191091 -0.9064762523191096 0.0
0.8820018552875695 -0.8820018552875695 0.0
0.8566962523191093 -0.8566962523191094 0.0
0.8305594434137288 -0.8305594434137291 0.0
0.8035914285714284 -0.8035914285714285 0.0
0.7757922077922076 -0.7757922077922077 0.0
0.7471617810760666 -0.7471617810760667 0.0
0.7177001484230053 -0.7177001484230054 0.0
0.6874073098330239 -0.687407309833024 0.0
0.6562832653061222 -0.6562832653061225 0.0
0.6243280148423004 -0.6243280148423005 0.0
0.5915415584415582 -0.5915415584415583 0.0
0.5579238961038958 -0.5579238961038959 0.0
0.5234750278293133 -0.5234750278293134 0.0
0.48819495361781057 -0.48819495361781057 0.0
0.4520836734693877 -0.4520836734693877 0.0
0.4151411873840445 -0.4151411873840446 0.0
0.37736749536178105 -0.37736749536178116 0.0
0.3387625974025974 -0.3387625974025974 0.0
0.2993264935064933 -0.29932649350649343 0.0
0.25905918367346925 -0.25905918367346925 0.0
0.21796066790352486 -0.21796066790352486 0.0
0.17603094619666027 -0.1760309461966605 0.0
0.13327001855287546 -0.13327001855287568 0.0
0.08967788497217066 -0.08967788497217066 0.0
0.045254545454545436 -0.045254545454545436 0.0
0.0 0.0 0.0
0.04525454545454545 0.04525454545454546 0.0
0.08967788497217066 0.08967788497217068 0.0
0.13327001855287568 0.1332700185528757 0.0
0.17603094619666046 0.1760309461966605 0.0
0.21796066790352497 0.21796066790352508 0.0
0.2590591836734693 0.25905918367346936 0.0
0.29932649350649343 0.2993264935064935 0.0
0.3387625974025973 0.33876259740259734 0.0
0.37736749536178094 0.377367495361781 0.0
0.41514118738404443 0.4151411873840445 0.0
0.45208367346938766 0.4520836734693878 0.0
0.48819495361781057 0.4881949536178107 0.0
0.5234750278293133 0.5234750278293134 0.0
0.5579238961038959 0.557923896103896 0.0
0.5915415584415582 0.5915415584415583 0.0
0.6243280148423003 0.6243280148423004 0.0
0.6562832653061222 0.6562832653061225 0.0
0.687407309833024 0.6874073098330241 0.0
0.7177001484230054 0.7177001484230056 0.0
0.7471617810760667 0.7471617810760669 0.0
0.7757922077922076 0.7757922077922077 0.0
0.8035914285714284 0.8035914285714285 0.0
0.8305594434137288 0.830559443413729 0.0
0.8566962523191093 0.8566962523191094 0.0
0.8820018552875692 0.8820018552875695 0.0
0.9064762523191091 0.9064762523191093 0.0
0.9301194434137288 0.9301194434137292 0.0
0.9529314285714284 0.9529314285714284 0.0
0.9749122077922076 0.9749122077922077 0.0
0.9960617810760666 0.9960617810760668 0.0
1.0163801484230053 1.0163801484230055 0.0
1.0358673098330238 1.035867309833024 0.0
1.054523265306122 1.0545232653061223 0.0
1.0723480148423001 1.0723480148423004 0.0
1.0893415584415582 1.0893415584415584 0.0
1.1055038961038959 1.105503896103896 0.0
1.120835027829313 1.1208350278293133 0.0
1.1353349536178106 1.1353349536178106 0.0
1.1490036734693874 1.1490036734693876 0.0
1.1618411873840444 1.1618411873840446 0.0
1.1738474953617808 1.173847495361781 0.0
1.1850225974025972 1.1850225974025972 0.0
1.1953664935064932 1.1953664935064934 0.0
1.2048791836734691 1.2048791836734694 0.0
1.2135606679035245 1.2135606679035247 0.0
1.22141094619666 1.2214109461966602 0.0
1.2284300185528754 1.2284300185528756 0.0
1.2346178849721703 1.2346178849721705 0.0
1.2399745454545452 1.2399745454545454 0.0
1.2444999999999997 1.2445 0.0
1.7422999999999997 -1.2445 0.0
1.7377745454545452 -1.2399745454545454 0.0
1.7324178849721703 -1.2346178849721707 0.0
1.7262300185528754 -1.2284300185528756 0.0
1.7192109461966603 -1.2214109461966605 0.0
1.7113606679035245 -1.213560667903525 0.0
1.7026791836734692 -1.2048791836734694 0.0
1.6931664935064934 -1.1953664935064934 0.0
1.6828225974025972 -1.1850225974025974 0.0
1.6716474953617806 -1.173847495361781 0.0
1.6596411873840444 -1.1618411873840444 0.0
1.6468036734693878 -1.1490036734693876 0.0
1.6331349536178106 -1.1353349536178108 0.0
1.6186350278293133 -1.1208350278293135 0.0
1.603303896103896 -1.105503896103896 0.0
1.5871415584415582 -1.0893415584415584 0.0
1.5701480148423004 -1.0723480148423006 0.0
1.552323265306122 -1.0545232653061223 0.0
1.5336673098330238 -1.035867309833024 0.0
1.5141801484230053 -1.0163801484230055 0.0
1.4938617810760666 -0.9960617810760668 0.0
1.4727122077922075 -0.9749122077922077 0.0
1.4507314285714283 -0.9529314285714284 0.0
1.4279194434137288 -0.930119443413729 0.0
1.4042762523191092 -0.9064762523191096 0.0
1.3798018552875693 -0.8820018552875695 0.0
1.3544962523191093 -0.8566962523191094 0.0
1.328359443413729 -0.8305594434137291 0.0
1.3013914285714283 -0.8035914285714285 0.0
1.2735922077922077 -0.7757922077922077 0.0
1.2449617810760665 -0.7471617810760667 0.0
1.2155001484230055 -0.7177001484230054 0.0
1.1852073098330238 -0.687407309833024 0.0
1.1540832653061224 -0.6562832653061225 0.0
1.1221280148423003 -0.6243280148423005 0.0
1.0893415584415582 -0.5915415584415583 0.0
1.055723896103896 -0.5579238961038959 0.0
1.0212750278293132 -0.5234750278293134 0.0
0.9859949536178108 -0.48819495361781057 0.0
0.9498836734693876 -0.4520836734693877 0.0
0.9129411873840445 -0.4151411873840446 0.0
0.875167495361781 -0.37736749536178116 0.0
0.8365625974025973 -0.3387625974025974 0.0
0.7971264935064933 -0.29932649350649343 0.0
0.7568591836734693 -0.25905918367346925 0.0
0.7157606679035249 -0.21796066790352486 0.0
0.6738309461966603 -0.1760309461966605 0.0
0.6310700185528755 -0.13327001855287568 0.0
0.5874778849721707 -0.08967788497217066 0.0
0.5430545454545455 -0.045254545454545436 0.0
0.4978 0.0 0.0
0.5430545454545455 0.04525454545454546 0.0
0.5874778849721707 0.08967788497217068 0.0
0.6310700185528757 0.1332700185528757 0.0
0.6738309461966605 0.1760309461966605 0.0
0.715760667903525 0.21796066790352508 0.0
0.7568591836734693 0.25905918367346936 0.0
0.7971264935064934 0.2993264935064935 0.0
0.8365625974025973 0.33876259740259734 0.0
0.875167495361781 0.377367495361781 0.0
0.9129411873840445 0.4151411873840445 0.0
0.9498836734693876 0.4520836734693878 0.0
0.9859949536178105 0.4881949536178107 0.0
1.0212750278293132 0.5234750278293134 0.0
1.055723896103896 0.557923896103896 0.0
1.0893415584415582 0.5915415584415583 0.0
1.1221280148423003 0.6243280148423004 0.0
1.1540832653061224 0.6562832653061225 0.0
1.185207309833024 0.6874073098330241 0.0
1.2155001484230055 0.7177001484230056 0.0
1.2449617810760667 0.7471617810760669 0.0
1.2735922077922077 0.7757922077922077 0.0
1.3013914285714283 0.8035914285714285 0.0
1.3283594434137287 0.830559443413729 0.0
1.3544962523191093 0.8566962523191094 0.0
1.3798018552875693 0.8820018552875695 0.0
1.4042762523191092 0.9064762523191093 0.0
1.427919443413729 0.9301194434137292 0.0
1.4507314285714283 0.9529314285714284 0.0
1.4727122077922075 0.9749122077922077 0.0
1.4938617810760666 0.9960617810760668 0.0
1.5141801484230053 1.0163801484230055 0.0
1.5336673098330238 1.035867309833024 0.0
1.552323265306122 1.0545232653061223 0.0
1.5701480148423002 1.0723480148423004 0.0
1.5871415584415582 1.0893415584415584 0.0
1.603303896103896 1.105503896103896 0.0
1.6186350278293131 1.1208350278293133 0.0
1.6331349536178106 1.1353349536178106 0.0
1.6468036734693874 1.1490036734693876 0.0
1.6596411873840444 1.1618411873840446 0.0
1.6716474953617806 1.173847495361781 0.0
1.6828225974025972 1.1850225974025972 0.0
1.6931664935064934 1.1953664935064934 0.0
1.7026791836734692 1.2048791836734694 0.0
1.7113606679035245 1.2135606679035247 0.0
1.71921094619666 1.2214109461966602 0.0
1.7262300185528754 1.2284300185528756 0.0
1.7324178849721703 1.2346178849721705 0.0
1.7377745454545452 1.2399745454545454 0.0
1.7422999999999997 1.2445 0.0
1.6155872727272724 -1.2422372727272726 0.0
1.6106462152133578 -1.237296215213358 0.0
1.604873951762523 -1.2315239517625232 0.0
1.598270482374768 -1.224920482374768 0.0
1.5908358070500925 -1.2174858070500927 0.0
1.582569925788497 -1.2092199257884972 0.0
1.5734728385899812 -1.2001228385899814 0.0
1.5635445454545454 -1.1901945454545453 0.0
1.552785046382189 -1.1794350463821892 0.0
1.5411943413729126 -1.1678443413729127 0.0
1.5287724304267158 -1.155422430426716 0.0
1.5155193135435991 -1.142169313543599 0.0
1.501434990723562 -1.1280849907235622 0.0
1.4865194619666047 -1.1131694619666048 0.0
1.4707727272727271 -1.0974227272727273 0.0
1.4541947866419294 -1.0808447866419293 0.0
1.4367856400742112 -1.0634356400742113 0.0
1.418545287569573 -1.0451952875695731 0.0
1.3994737291280146 -1.0261237291280147 0.0
1.379570964749536 -1.0062209647495362 0.0
1.358836994434137 -0.9854869944341371 0.0
1.337271818181818 -0.9639218181818181 0.0
1.3148754359925787 -0.9415254359925787 0.0
1.291647847866419 -0.9182978478664192 0.0
1.2675890538033394 -0.8942390538033393 0.0
1.2426990538033393 -0.8693490538033395 0.0
1.2169778478664193 -0.8436278478664192 0.0
1.1904254359925788 -0.8170754359925788 0.0
1.163041818181818 -0.7896918181818181 0.0
1.1348269944341371 -0.7614769944341371 0.0
1.105780964749536 -0.7324309647495362 0.0
1.0759037291280147 -0.7025537291280148 0.0
1.0451952875695731 -0.6718452875695733 0.0
1.0136556400742114 -0.6403056400742114 0.0
0.9812847866419293 -0.6079347866419293 0.0
0.9480827272727271 -0.5747327272727272 0.0
0.9140494619666047 -0.5406994619666048 0.0
0.8791849907235622 -0.5058349907235622 0.0
0.8434893135435992 -0.47013931354359917 0.0
0.8069624304267162 -0.43361243042671627 0.0
0.7696043413729128 -0.3962543413729128 0.0
0.7314150463821893 -0.3580650463821894 0.0
0.6923945454545455 -0.3190445454545454 0.0
0.6525428385899814 -0.27919283858998134 0.0
0.6118599257884971 -0.23850992578849706 0.0
0.5703458070500929 -0.19699580705009279 0.0
0.5280004823747682 -0.15465048237476808 0.0
0.4848239517625232 -0.11147395176252317 0.0
0.4408162152133581 -0.06746621521335805 0.0
0.39597727272727273 -0.022627272727272718 0.0
0.39597727272727273 0.02262727272727273 0.0
0.4408162152133581 0.06746621521335806 0.0
0.4848239517625232 0.11147395176252319 0.0
0.528000482374768 0.15465048237476808 0.0
0.5703458070500929 0.19699580705009276 0.0
0.6118599257884971 0.23850992578849717 0.0
0.6525428385899814 0.2791928385899814 0.0
0.6923945454545455 0.3190445454545454 0.0
0.7314150463821891 0.3580650463821891 0.0
0.7696043413729128 0.39625434137291277 0.0
0.8069624304267162 0.43361243042671616 0.0
0.8434893135435992 0.4701393135435992 0.0
0.8791849907235619 0.5058349907235621 0.0
0.9140494619666046 0.5406994619666047 0.0
0.9480827272727271 0.5747327272727272 0.0
0.9812847866419294 0.6079347866419295 0.0
1.0136556400742114 0.6403056400742114 0.0
1.0451952875695731 0.6718452875695732 0.0
1.0759037291280147 0.7025537291280147 0.0
1.105780964749536 0.7324309647495362 0.0
1.1348269944341371 0.7614769944341373 0.0
1.163041818181818 0.789691818181818 0.0
1.1904254359925786 0.8170754359925786 0.0
1.216977847866419 0.843627847866419 0.0
1.2426990538033393 0.8693490538033394 0.0
1.2675890538033392 0.8942390538033393 0.0
1.291647847866419 0.9182978478664192 0.0
1.3148754359925787 0.9415254359925787 0.0
1.3372718181818182 0.9639218181818181 0.0
1.3588369944341372 0.9854869944341373 0.0
1.379570964749536 1.0062209647495362 0.0
1.3994737291280148 1.0261237291280147 0.0
1.418545287569573 1.0451952875695731 0.0
1.4367856400742112 1.0634356400742113 0.0
1.4541947866419291 1.0808447866419293 0.0
1.470772727272727 1.097422727272727 0.0
1.4865194619666047 1.1131694619666048 0.0
1.501434990723562 1.128084990723562 0.0
1.5155193135435991 1.1421693135435993 0.0
1.528772430426716 1.1554224304267162 0.0
1.5411943413729128 1.1678443413729127 0.0
1.5527850463821888 1.179435046382189 0.0
1.5635445454545451 1.1901945454545453 0.0
1.573472838589981 1.2001228385899811 0.0
1.5825699257884969 1.209219925788497 0.0
1.5908358070500925 1.2174858070500927 0.0
1.5982704823747678 1.224920482374768 0.0
1.604873951762523 1.2315239517625232 0.0
1.6106462152133578 1.237296215213358 0.0
1.6155872727272724 1.2422372727272726 0.0

CELLS 200 700
4 0 101 102 1
4 1 102 103 2
4 2 103 104 3
4 3 104 105 4
4 4 105 106 5
4 5 106 107 6
4 6 107 108 7
4 7 108 109 8
4 8 109 110 9
4 9 110 111 10
4 10 111 112 11
4 11 112 113 12
4 12 113 114 13
4 13 114 115 14
4 14 115 116 15
4 15 116 117 16
4 16 117 118 17
4 17 118 119 18
4 18 119 120 19
4 19 120 121 20
4 20 121 122 21
4 21 122 123 22
4 22 123 124 23
4 23 124 125 24
4 24 125 126 25
4 25 126 127 26
4 26 127 128 27
4 27 128 129 28
4 28 129 130 29
4 29 130 131 30
4 30 131 132 31
4 31 132 133 32
4 32 133 134 33
4 33 134 135 34
4 34 135 136 35
4 35 136 137 36
4 36 137 138 37
4 37 138 139 38
4 38 139 140 39
4 39 140 141 40
4 40 141 142 41
4 41 142 143 42
4 42 143 144 43
4 43 144 145 44
4 44 145 146 45
4 45 146 147 46
4 46 147 148 47
4 47 148 149 48
4 48 149 150 49
4 49 150 151 50
4 50 151 152 51
4 51 152 153 52
4 52 153 154 53
4 53 154 155 54
4 54 155 156 55
4 55 156 157 56
4 56 157 158 57
4 57 158 159 58
4 58 159 160 59
4 59 160 161 60
4 60 161 162 61
4 61 162 163 62
4 62 163 164 63
4 63 164 165 64
4 64 165 166 65
4 65 166 167 66
4 66 167 168 67
4 67 168 169 68
4 68 169 170 69
4 69 170 171 70
4 70 171 172 71
4 71 172 173 72
4 72 173 174 73
4 73 174 175 74
4 74 175 176 75
4 75 176 177 76
4 76 177 178 77
4 77 178 179 78
4 78 179 180 79
4 79 180 181 80
4 80 181 182 81
4 81 182 183 82
4 82 183 184 83
4 83 184 185 84
4 84 185 186 85
4 85 186 187 86
4 86 187 188 87
4 87 188 189 88
4 88 189 190 89
4 89 190 191 90
4 90 191 192 91
4 91 192 193 92
4 92 193 194 93
4 93 194 195 94
4 94 195 196 95
4 95 196 197 96
4 96 197 198 97
4 97 198 199 98
4 98 199 200 99
4 99 200 201 100
1 202
1 203
1 204
1 205
1 206
1 207
1 208
1 209
1 210
1 211
1 212
1 213
1 214
1 215
1 216
1 217
1 218
1 219
1 220
1 221
1 222
1 223
1 224
1 225
1 226
1 227
1 228
1 229
1 230
1 231
1 232
1 233
1 234
1 235
1 236
1 237
1 238
1 239
1 240
1 241
1 242
1 243
1 244
1 245
1 246
1 247
1 248
1 249
1 250
1 251
1 252
1 253
1 254
1 255
1 256
1 257
1 258
1 259
1 260
1 261
1 262
1 263
1 264
1 265
1 266
1 267
1 268
1 269
1 270
1 271
1 272
1 273
1 274
1 275
1 276
1 277
1 278
1 279
1 280
1 281
1 282
1 283
1 284
1 285
1 286
1 287
1 288
1 289
1 290
1 291
1 292
1 293
1 294
1 295
1 296
1 297
1 298
1 299
1 300
1 301

CELL_TYPES 200
9
9
9
9
9
9
9
9
9
9
9
9
9
9
9
9
9
9
9
9
9
9
9
9
9
9
9
9
9
9
9
9
9
9
9
9
9
9
9
9
9
9
9
9
9
9
9
9
9
9
9
9
9
9
9
9
9
9
9
9
9
9
9
9
9
9
9
9
9
9
9
9
9
9
9
9
9
9
9
9
9
9
9
9
9
9
9
9
9
9
9
9
9
9
9
9
9
9
9
9
1
1
1
1
1
1
1
1
1
1
1
1
1
1
1
1
1
1
1
1
1
1
1
1
1
1
1
1
1
1
1
1
1
1
1
1
1
1
1
1
1
1
1
1
1
1
1
1
1
1
1
1
1
1
1
1
1
1
1
1
1
1
1
1
1
1
1
1
1
1
1
1
1
1
1
1
1
1
1
1
1
1
1
1
1
1
1
1
1
1
1
1
1
1
1
1
1
1
1
1

CELL_DATA 200

VECTORS Vinf float
8.793598208186552 0.8076865077018738 4.092550702552945
8.797898921725675 0.8235793709754943 4.113874800663144
8.796109828708097 0.8168572783470154 4.104781605463177
8.796923730132505 0.8199876546859741 4.109048165540845
8.79669013952963 0.8191160559654236 4.107862152319104
8.799904737231657 0.8316668868064879 4.125049390058667
8.792783710715696 0.8050981760025024 4.089254982929379
8.787765118834898 0.7879446744918823 4.067079343061597
8.783988270518705 0.7754697799682617 4.051379300813824
8.77721092438452 0.7532645463943481 4.024143703441769
8.772253546473905 0.7369012236595154 4.004619024853856
8.766027662513181 0.7158795595169067 3.98015745745197
8.77032295202963 0.7304207682609558 3.9970042781640593
8.77626756167166 0.7501096725463867 4.020328261118085
8.77424130177252 0.7434817552566528 4.012420021157414
8.775855872390196 0.7487454414367676 4.018690027456433
8.773332986590788 0.7404455542564392 4.008814923625142
8.773205671069547 0.7400010824203491 4.008283130984456
8.772059652564451 0.7361538410186768 4.003727056245953
8.780025515315458 0.7623841166496277 4.035198636512906
8.781599614379331 0.7675228118896484 4.041499860744626
8.780543181655332 0.7640330195426941 4.037201143961102
8.779513272998258 0.7606344223022461 4.033037088971287
8.775356802699491 0.7470235824584961 4.016620271067769
8.779002520797178 0.7589844465255737 4.031046129923016
8.778186056373045 0.7562904953956604 4.027768843035847
8.777390990016386 0.7536632418632507 4.024584390382916
8.77406892513983 0.7427460551261902 4.011512465934903
8.773296627757475 0.7401664853096008 4.008445047001988
8.77794072365515 0.7555540800094604 4.026909195046574
8.777121755835935 0.7528423070907593 4.023625560264737
8.782748553512022 0.7712214589118958 4.0460738615800445
8.786362025496885 0.783158540725708 4.061020143489987
8.785705361125395 0.7809546589851379 4.058231450777203
8.785056862590238 0.7787891030311584 4.055501975279004
8.784417841193601 0.7766631245613098 4.052832849483639
8.783788773772642 0.7745773792266846 4.050223685960919
8.779404375312254 0.7602285146713257 4.032557226877362
8.778798017260954 0.7582308650016785 4.030121497969777
8.778202030417845 0.756271243095398 4.027741231184155
8.777618262526914 0.7543516159057617 4.025415815572888
8.77347442841284 0.7407510280609131 4.0091524349261825
8.765954348800108 0.7154868841171265 3.979719944458157
8.765419635531828 0.7136232256889343 3.977576367716939
8.764378044364378 0.7100494503974915 3.9735165016461913
8.763951930758878 0.7085347771644592 3.971781380634457
8.763537082431242 0.7070478200912476 3.9700787739564483
8.763131174800321 0.7055894732475281 3.9684123771001407
8.771206352469846 0.7332057952880859 4.000271253447682
8.76598170733206 0.7158522605895996 3.9801900462915007
8.756354245898649 0.681213915348053 3.941046066742093
8.76354566550009 0.7070858478546143 3.970127262334973
8.763201150653288 0.7058383226394653 3.9687006847669184
8.763607415912077 0.7072916626930237 3.970360435705335
8.764021429774687 0.7087737321853638 3.972057737569959
8.764446530101225 0.7102839946746826 3.973788000803143
8.75949451660864 0.692565381526947 3.9536880628873408
8.76740935778372 0.7204633951187134 3.985443748693616
8.767924997565672 0.7222368717193604 3.9875000940372054
8.772361490485594 0.737108051776886 4.004877619605214
8.77289179301016 0.7388820648193359 4.006977223019749
8.773435446975157 0.7406952977180481 4.009128235440404
8.773990366218015 0.7425479888916016 4.011333160262257
8.77455833887808 0.7444391250610352 4.01358874903217
8.775139186141416 0.746367871761322 4.015895180564076
8.780060205218717 0.7624477744102478 4.035310052495152
8.780681285617277 0.7644957900047302 4.037824310522229
8.781313631293699 0.7665845155715942 4.040397204618603
8.782858285663053 0.7715809345245361 4.046522505741269
8.77722552752249 0.7531836628913879 4.024038009505421
8.778042409179136 0.7558848857879639 4.027310215096623
8.77337882256262 0.7404340505599976 4.008762829165608
8.774148795363828 0.7430053353309631 4.011822141866833
8.777464720961973 0.7539001703262329 4.024873115282208
8.778257462737486 0.7565202116966248 4.028050296168477
8.779071364161894 0.7592068910598755 4.031319908957631
8.772792789695188 0.7385960817337036 4.006616033773572
8.77640810942404 0.750510573387146 4.020810760717541
8.777394923922941 0.7537789940834045 4.024756901126057
8.77841142153494 0.7571402788162231 4.028834887008816
8.77683911061041 0.7520067095756531 4.02263755367294
8.769257936236784 0.7268149852752686 3.992809154253156
8.770337018725797 0.7304948568344116 3.9971176909019053
8.768200967070982 0.7233482599258423 3.988806910972744
8.773068103549406 0.7396053671836853 4.007829718451649
8.771482560393736 0.7343900203704834 4.0016910807897155
8.771389279124662 0.7340745329856873 4.0013223366548125
8.76578387951605 0.715058445930481 3.979223989110142
8.764975163695738 0.7122555375099182 3.9759970383454863
8.770367238280699 0.7306469678878784 3.99728537366882
8.777287397143766 0.7535198926925659 4.024454943995625
8.782187554595396 0.7695836424827576 4.044085510234982
8.784094187972471 0.7757954597473145 4.051787562828213
8.789470288512632 0.7936853766441345 4.074441827993542
8.794827434775755 0.8123824000358582 4.098906137209088
8.793882283923551 0.808876097202301 4.094207443456799
8.797255787608549 0.8212229609489441 4.11072526143089
8.793260786292478 0.8065611124038696 4.091113843183667
8.793746683356687 0.8082785606384277 4.093385704021603
8.790336344001219 0.7963179349899292 4.077732034187466
8.793598208186552 0.8076865077018738 4.092550702552945
8.797898921725675 0.8235793709754943 4.113874800663144
8.796109828708097 0.8168572783470154 4.104781605463177
8.796923730132505 0.8199876546859741 4.109048165540845
8.79669013952963 0.8191160559654236 4.107862152319104
8.799904737231657 0.8316668868064879 4.125049390058667
8.792783710715696 0.8050981760025024 4.089254982929379
8.787765118834898 0.7879446744918823 4.067079343061597
8.783988270518705 0.7754697799682617 4.051379300813824
8.77721092438452 0.7532645463943481 4.024143703441769
8.772253546473905 0.7369012236595154 4.004619024853856
8.766027662513181 0.7158795595169067 3.98015745745197
8.77032295202963 0.7304207682609558 3.9970042781640593
8.77626756167166 0.7501096725463867 4.020328261118085
8.77424130177252 0.7434817552566528 4.012420021157414
8.775855872390196 0.7487454414367676 4.018690027456433
8.773332986590788 0.7404455542564392 4.008814923625142
8.773205671069547 0.7400010824203491 4.008283130984456
8.772059652564451 0.7361538410186768 4.003727056245953
8.780025515315458 0.7623841166496277 4.035198636512906
8.781599614379331 0.7675228118896484 4.041499860744626
8.780543181655332 0.7640330195426941 4.037201143961102
8.779513272998258 0.7606344223022461 4.033037088971287
8.775356802699491 0.7470235824584961 4.016620271067769
8.779002520797178 0.7589844465255737 4.031046129923016
8.778186056373045 0.7562904953956604 4.027768843035847
8.777390990016386 0.7536632418632507 4.024584390382916
8.77406892513983 0.7427460551261902 4.011512465934903
8.773296627757475 0.7401664853096008 4.008445047001988
8.77794072365515 0.7555540800094604 4.026909195046574
8.777121755835935 0.7528423070907593 4.023625560264737
8.782748553512022 0.7712214589118958 4.0460738615800445
8.786362025496885 0.783158540725708 4.061020143489987
8.785705361125395 0.7809546589851379 4.058231450777203
8.785056862590238 0.7787891030311584 4.055501975279004
8.784417841193601 0.7766631245613098 4.052832849483639
8.783788773772642 0.7745773792266846 4.050223685960919
8.779404375312254 0.7602285146713257 4.032557226877362
8.778798017260954 0.7582308650016785 4.030121497969777
8.778202030417845 0.756271243095398 4.027741231184155
8.777618262526914 0.7543516159057617 4.025415815572888
8.77347442841284 0.7407510280609131 4.0091524349261825
8.765954348800108 0.7154868841171265 3.979719944458157
8.765419635531828 0.7136232256889343 3.977576367716939
8.764378044364378 0.7100494503974915 3.9735165016461913
8.763951930758878 0.7085347771644592 3.971781380634457
8.763537082431242 0.7070478200912476 3.9700787739564483
8.763131174800321 0.7055894732475281 3.9684123771001407
8.771206352469846 0.7332057952880859 4.000271253447682
8.76598170733206 0.7158522605895996 3.9801900462915007
8.756354245898649 0.681213915348053 3.941046066742093
8.76354566550009 0.7070858478546143 3.970127262334973
8.763201150653288 0.7058383226394653 3.9687006847669184
8.763607415912077 0.7072916626930237 3.970360435705335
8.764021429774687 0.7087737321853638 3.972057737569959
8.764446530101225 0.7102839946746826 3.973788000803143
8.75949451660864 0.692565381526947 3.9536880628873408
8.76740935778372 0.7204633951187134 3.985443748693616
8.767924997565672 0.7222368717193604 3.9875000940372054
8.772361490485594 0.737108051776886 4.004877619605214
8.77289179301016 0.7388820648193359 4.006977223019749
8.773435446975157 0.7406952977180481 4.009128235440404
8.773990366218015 0.7425479888916016 4.011333160262257
8.77455833887808 0.7444391250610352 4.01358874903217
8.775139186141416 0.746367871761322 4.015895180564076
8.780060205218717 0.7624477744102478 4.035310052495152
8.780681285617277 0.7644957900047302 4.037824310522229
8.781313631293699 0.7665845155715942 4.040397204618603
8.782858285663053 0.7715809345245361 4.046522505741269
8.77722552752249 0.7531836628913879 4.024038009505421
8.778042409179136 0.7558848857879639 4.027310215096623
8.77337882256262 0.7404340505599976 4.008762829165608
8.774148795363828 0.7430053353309631 4.011822141866833
8.777464720961973 0.7539001703262329 4.024873115282208
8.778257462737486 0.7565202116966248 4.028050296168477
8.779071364161894 0.7592068910598755 4.031319908957631
8.772792789695188 0.7385960817337036 4.006616033773572
8.77640810942404 0.750510573387146 4.020810760717541
8.777394923922941 0.7537789940834045 4.024756901126057
8.77841142153494 0.7571402788162231 4.028834887008816
8.77683911061041 0.7520067095756531 4.02263755367294
8.769257936236784 0.7268149852752686 3.992809154253156
8.770337018725797 0.7304948568344116 3.9971176909019053
8.768200967070982 0.7233482599258423 3.988806910972744
8.773068103549406 0.7396053671836853 4.007829718451649
8.771482560393736 0.7343900203704834 4.0016910807897155
8.771389279124662 0.7340745329856873 4.0013223366548125
8.76578387951605 0.715058445930481 3.979223989110142
8.764975163695738 0.7122555375099182 3.9759970383454863
8.770367238280699 0.7306469678878784 3.99728537366882
8.777287397143766 0.7535198926925659 4.024454943995625
8.782187554595396 0.7695836424827576 4.044085510234982
8.784094187972471 0.7757954597473145 4.051787562828213
8.789470288512632 0.7936853766441345 4.074441827993542
8.794827434775755 0.8123824000358582 4.098906137209088
8.793882283923551 0.808876097202301 4.094207443456799
8.797255787608549 0.8212229609489441 4.11072526143089
8.793260786292478 0.8065611124038696 4.091113843183667
8.793746683356687 0.8082785606384277 4.093385704021603
8.790336344001219 0.7963179349899292 4.077732034187466

VECTORS L float
-0.014551344451574593 0.0 0.03120545887912008
-0.02344248551078837 0.0 0.05027257241183071
-0.03232760038570761 0.0 0.06932676275061743
-0.04173692264793105 0.0 0.08950511945926028
-0.05179771677223183 0.0 0.11108056208464519
-0.06250950234957184 0.0 0.1340520603862653
-0.07391342721211586 0.0 0.158507856174962
-0.08596642230700885 0.0 0.18435558756882778
-0.09862990886207844 0.0 0.21151252212395427
-0.11189087955969897 0.0 0.23995076555767594
-0.12569490648735476 0.0 0.2695535968349341
-0.14003313355048347 0.0 0.30030202399965106
-0.1547511827840382 0.0 0.3318649824374096
-0.16977596596815236 0.0 0.364085733954898
-0.18514501046562964 0.0 0.3970447562413574
-0.20071646537078874 0.0 0.4304378490478736
-0.21651752197500782 0.0 0.4643233242869847
-0.23244858778447242 0.0 0.4984876051664747
-0.24851379342272387 0.0 0.5329395498371141
-0.26445926381352763 0.0 0.5671347214409731
-0.2803886245281424 0.0 0.6012953457327576
-0.2962652094933687 0.0 0.6353427920647433
-0.31202561721165983 0.0 0.6691410954866709
-0.32773959440303985 0.0 0.7028398283223147
-0.34313762792494235 0.0 0.7358610177722729
-0.3583525904559657 0.0 0.7684896102153459
-0.37330645760970105 0.0 0.800558281814912
-0.38806183474160183 0.0 0.8322012901890018
-0.40252341642270184 0.0 0.863214252185635
-0.4164904867596876 0.0 0.8931667311825445
-0.43016501326132467 0.0 0.9224918478999968
-0.4432092477144202 0.0 0.9504652989574094
-0.4556448752827611 0.0 0.9771335883385959
-0.4675266178467029 0.0 1.002614067494682
-0.47874972386998954 0.0 1.0266820960312326
-0.4892544656533615 0.0 1.0492095874838399
-0.4989605688379337 0.0 1.0700243929343347
-0.5079725560721804 0.0 1.0893506619257207
-0.5160610209317755 0.0 1.1066964307934206
-0.5231850576939348 0.0 1.1219739769318358
-0.5292266363299016 0.0 1.1349301841274693
-0.5342120396357036 0.0 1.145621416018293
-0.5382126847236867 0.0 1.1542008270959754
-0.5408754066716813 0.0 1.1599110527408425
-0.5420936943347723 0.0 1.1625236790655122
-0.5414807477330209 0.0 1.1612092108361538
-0.5382519593976113 0.0 1.1542850519060075
-0.5302222847842727 0.0 1.137065359128263
-0.5080537550051155 0.0 1.0895247935993382
-0.38448740098236817 0.0 0.8245358922554223
-0.3259118613511204 0.0 0.6989202421436295
-0.4489771055798406 0.0 0.9628345100663189
-0.4708439474420451 0.0 1.0097281037695047
-0.478916300907811 0.0 1.027039321641639
-0.48222440390189253 0.0 1.034133571406205
-0.4830046456779854 0.0 1.035806805294707
-0.4821245162241705 0.0 1.0339193615900566
-0.4796255354537679 0.0 1.028560280033708
-0.47628035869471386 0.0 1.0213865253235885
-0.47177831524973723 0.0 1.0117318619994016
-0.46642045896033685 0.0 1.000241902107687
-0.46011533341145305 0.0 0.9867205167334241
-0.4529624350515829 0.0 0.9713810766989807
-0.4450383529915894 0.0 0.9543878278826391
-0.4364100423423799 0.0 0.9358843559831032
-0.4270775472481729 0.0 0.9158707556679546
-0.41728572428695737 0.0 0.8948721235632238
-0.406891692389129 0.0 0.8725820502263336
-0.39594906745884434 0.0 0.8491155153347977
-0.38462349117795913 0.0 0.8248277386216807
-0.3726505169219742 0.0 0.799151612470638
-0.36040096136705047 0.0 0.7728823558099378
-0.34766185964538154 0.0 0.7455632640067436
-0.33463859401601664 0.0 0.7176347807369362
-0.3214335590030093 0.0 0.689316491765971
-0.3079823978442645 0.0 0.6604703835721534
-0.29438707033063094 0.0 0.6313151096325722
-0.2804191659875359 0.0 0.6013608421037894
-0.2664184670463258 0.0 0.5713362463323935
-0.25231749677505777 0.0 0.5410966179997596
-0.2381713382793391 0.0 0.5107600832070658
-0.22400794055824833 0.0 0.48038657877625734
-0.2097145983213457 0.0 0.44973440743200804
-0.19554590861323523 0.0 0.41934955429841264
-0.18143119164975738 0.0 0.3890804460892007
-0.1675566045644485 0.0 0.3593262980655433
-0.1538475300303796 0.0 0.3299270928534512
-0.14040903067762034 0.0 0.3011081379901957
-0.12721666686289584 0.0 0.27281702249163914
-0.11437313387225109 0.0 0.24527397710940865
-0.1019732268251586 0.0 0.21868229063324354
-0.09005769200065088 0.0 0.1931293437405141
-0.07864809551913939 0.0 0.16866138512569123
-0.06775768407915223 0.0 0.14530682242544227
-0.057440673304872916 0.0 0.12318192142102863
-0.047721380129403294 0.0 0.10233882994377268
-0.03857717329761029 0.0 0.08272901511042181
-0.030005955795205076 0.0 0.06434797985932117
-0.021870007022651378 0.0 0.04690038141166853
-0.01367629962032803 0.0 0.02932891918275571
-0.014551344451574593 0.0 0.03120545887912008
-0.02344248551078837 0.0 0.05027257241183071
-0.03232760038570761 0.0 0.06932676275061743
-0.04173692264793105 0.0 0.08950511945926028
-0.05179771677223183 0.0 0.11108056208464519
-0.06250950234957184 0.0 0.1340520603862653
-0.07391342721211586 0.0 0.158507856174962
-0.08596642230700885 0.0 0.18435558756882778
-0.09862990886207844 0.0 0.21151252212395427
-0.11189087955969897 0.0 0.23995076555767594
-0.12569490648735476 0.0 0.2695535968349341
-0.14003313355048347 0.0 0.30030202399965106
-0.1547511827840382 0.0 0.3318649824374096
-0.16977596596815236 0.0 0.364085733954898
-0.18514501046562964 0.0 0.3970447562413574
-0.20071646537078874 0.0 0.4304378490478736
-0.21651752197500782 0.0 0.4643233242869847
-0.23244858778447242 0.0 0.4984876051664747
-0.24851379342272387 0.0 0.5329395498371141
-0.26445926381352763 0.0 0.5671347214409731
-0.2803886245281424 0.0 0.6012953457327576
-0.2962652094933687 0.0 0.6353427920647433
-0.31202561721165983 0.0 0.6691410954866709
-0.32773959440303985 0.0 0.7028398283223147
-0.34313762792494235 0.0 0.7358610177722729
-0.3583525904559657 0.0 0.7684896102153459
-0.37330645760970105 0.0 0.800558281814912
-0.38806183474160183 0.0 0.8322012901890018
-0.40252341642270184 0.0 0.863214252185635
-0.4164904867596876 0.0 0.8931667311825445
-0.43016501326132467 0.0 0.9224918478999968
-0.4432092477144202 0.0 0.9504652989574094
-0.4556448752827611 0.0 0.9771335883385959
-0.4675266178467029 0.0 1.002614067494682
-0.47874972386998954 0.0 1.0266820960312326
-0.4892544656533615 0.0 1.0492095874838399
-0.4989605688379337 0.0 1.0700243929343347
-0.5079725560721804 0.0 1.0893506619257207
-0.5160610209317755 0.0 1.1066964307934206
-0.5231850576939348 0.0 1.1219739769318358
-0.5292266363299016 0.0 1.1349301841274693
-0.5342120396357036 0.0 1.145621416018293
-0.5382126847236867 0.0 1.1542008270959754
-0.5408754066716813 0.0 1.1599110527408425
-0.5420936943347723 0.0 1.1625236790655122
-0.5414807477330209 0.0 1.1612092108361538
-0.5382519593976113 0.0 1.1542850519060075
-0.5302222847842727 0.0 1.137065359128263
-0.5080537550051155 0.0 1.0895247935993382
-0.38448740098236817 0.0 0.8245358922554223
-0.3259118613511204 0.0 0.6989202421436295
-0.4489771055798406 0.0 0.9628345100663189
-0.4708439474420451 0.0 1.0097281037695047
-0.478916300907811 0.0 1.027039321641639
-0.48222440390189253 0.0 1.034133571406205
-0.4830046456779854 0.0 1.035806805294707
-0.4821245162241705 0.0 1.0339193615900566
-0.4796255354537679 0.0 1.028560280033708
-0.47628035869471386 0.0 1.0213865253235885
-0.47177831524973723 0.0 1.0117318619994016
-0.46642045896033685 0.0 1.000241902107687
-0.46011533341145305 0.0 0.9867205167334241
-0.4529624350515829 0.0 0.9713810766989807
-0.4450383529915894 0.0 0.9543878278826391
-0.4364100423423799 0.0 0.9358843559831032
-0.4270775472481729 0.0 0.9158707556679546
-0.41728572428695737 0.0 0.8948721235632238
-0.406891692389129 0.0 0.8725820502263336
-0.39594906745884434 0.0 0.8491155153347977
-0.38462349117795913 0.0 0.8248277386216807
-0.3726505169219742 0.0 0.799151612470638
-0.36040096136705047 0.0 0.7728823558099378
-0.34766185964538154 0.0 0.7455632640067436
-0.33463859401601664 0.0 0.7176347807369362
-0.3214335590030093 0.0 0.689316491765971
-0.3079823978442645 0.0 0.6604703835721534
-0.29438707033063094 0.0 0.6313151096325722
-0.2804191659875359 0.0 0.6013608421037894
-0.2664184670463258 0.0 0.5713362463323935
-0.25231749677505777 0.0 0.5410966179997596
-0.2381713382793391 0.0 0.5107600832070658
-0.22400794055824833 0.0 0.48038657877625734
-0.2097145983213457 0.0 0.44973440743200804
-0.19554590861323523 0.0 0.41934955429841264
-0.18143119164975738 0.0 0.3890804460892007
-0.1675566045644485 0.0 0.3593262980655433
-0.1538475300303796 0.0 0.3299270928534512
-0.14040903067762034 0.0 0.3011081379901957
-0.12721666686289584 0.0 0.27281702249163914
-0.11437313387225109 0.0 0.24527397710940865
-0.1019732268251586 0.0 0.21868229063324354
-0.09005769200065088 0.0 0.1931293437405141
-0.07864809551913939 0.0 0.16866138512569123
-0.06775768407915223 0.0 0.14530682242544227
-0.057440673304872916 0.0 0.12318192142102863
-0.047721380129403294 0.0 0.10233882994377268
-0.03857717329761029 0.0 0.08272901511042181
-0.030005955795205076 0.0 0.06434797985932117
-0.021870007022651378 0.0 0.04690038141166853
-0.01367629962032803 0.0 0.02932891918275571

SCALARS Gamma float
LOOKUP_TABLE default
0.450180357715798
0.6929693626444869
0.8923492347384145
1.0726245890938089
1.2417892867572364
1.4034991435844106
1.5587944690794497
1.7092471037330874
1.855359537922222
1.9971372618610213
2.1348981604134885
2.268560700266005
2.398694553948209
2.5243536523876187
2.6443553576028234
2.75906763633431
2.8677648024046962
2.970763454473959
3.067828149953168
3.1595918972668575
3.2444052621707686
3.322317008270959
3.3936750105453544
3.458495995058928
3.518074996103179
3.5712495810771845
3.618500344267386
3.6598917022647393
3.696424111020649
3.728628801025687
3.7552069821339273
3.7775172396216528
3.794264633655822
3.8047839722835066
3.80970147330581
3.8091558731539874
3.8031282807499394
3.7911628686621905
3.774525381805952
3.7526180746276965
3.7250968676429235
3.6911970850128344
3.651241058347384
3.6073526742743125
3.558435913638229
3.5046317130988904
3.446303125898032
3.384792559094418
3.3240570615482663
3.2671652326931175
3.2638150547643594
3.3189992603759526
3.380346598033316
3.4412622033031965
3.498664372926375
3.5511609950624963
3.597710110670173
3.6415131408094137
3.6789623105059124
3.7115379151580288
3.7380151248295523
3.7590809090056183
3.774988060428757
3.785918690232667
3.792047955150913
3.7938752731280223
3.789930467613946
3.7806028105294116
3.7658556953111186
3.7446957956931173
3.718962233978558
3.6873877872622023
3.6513112928325504
3.61021737870065
3.5631096559093254
3.5098979470882234
3.449902899307345
3.3848857063770166
3.313475878466689
3.2355883321109276
3.1508680292383358
3.059268110779288
2.9623301325656124
2.8593473280330737
2.7510907173737618
2.6366840642025586
2.5168622011056723
2.3916472330531517
2.262216480999209
2.1289926391448537
1.991733510824168
1.8501882754090566
1.7042815313829063
1.5541662287383868
1.3991810409190901
1.2380970757947225
1.0695922442723218
0.8897183811163885
0.6908499694007283
0.4488096712242724
0.450180357715798
0.6929693626444869
0.8923492347384145
1.0726245890938089
1.2417892867572364
1.4034991435844106
1.5587944690794497
1.7092471037330874
1.855359537922222
1.9971372618610213
2.1348981604134885
2.268560700266005
2.398694553948209
2.5243536523876187
2.6443553576028234
2.75906763633431
2.8677648024046962
2.970763454473959
3.067828149953168
3.1595918972668575
3.2444052621707686
3.322317008270959
3.3936750105453544
3.458495995058928
3.518074996103179
3.5712495810771845
3.618500344267386
3.6598917022647393
3.696424111020649
3.728628801025687
3.7552069821339273
3.7775172396216528
3.794264633655822
3.8047839722835066
3.80970147330581
3.8091558731539874
3.8031282807499394
3.7911628686621905
3.774525381805952
3.7526180746276965
3.7250968676429235
3.6911970850128344
3.651241058347384
3.6073526742743125
3.558435913638229
3.5046317130988904
3.446303125898032
3.384792559094418
3.3240570615482663
3.2671652326931175
3.2638150547643594
3.3189992603759526
3.380346598033316
3.4412622033031965
3.498664372926375
3.5511609950624963
3.597710110670173
3.6415131408094137
3.6789623105059124
3.7115379151580288
3.7380151248295523
3.7590809090056183
3.774988060428757
3.785918690232667
3.792047955150913
3.7938752731280223
3.789930467613946
3.7806028105294116
3.7658556953111186
3.7446957956931173
3.718962233978558
3.6873877872622023
3.6513112928325504
3.61021737870065
3.5631096559093254
3.5098979470882234
3.449902899307345
3.3848857063770166
3.313475878466689
3.2355883321109276
3.1508680292383358
3.059268110779288
2.9623301325656124
2.8593473280330737
2.7510907173737618
2.6366840642025586
2.5168622011056723
2.3916472330531517
2.262216480999209
2.1289926391448537
1.991733510824168
1.8501882754090566
1.7042815313829063
1.5541662287383868
1.3991810409190901
1.2380970757947225
1.0695922442723218
0.8897183811163885
0.6908499694007283
0.4488096712242724

VECTORS Vvpm float
-0.2694796621799469 0.8076865077018738 -0.13363191485404968
-0.26517894864082336 0.8235793709754943 -0.11230781674385072
-0.2669680416584015 0.8168572783470154 -0.12140101194381714
-0.26615414023399353 0.8199876546859741 -0.11713445186614992
-0.2663877308368683 0.8191160559654236 -0.11832046508789062
-0.2631731331348419 0.8316668868064879 -0.10113322734832764
-0.2702941596508026 0.8050981760025024 -0.13692763447761536
-0.27531275153160095 0.7879446744918823 -0.15910327434539795
-0.2790895998477936 0.7754697799682617 -0.17480331659317017
-0.28586694598197937 0.7532645463943481 -0.20203891396522522
-0.2908243238925934 0.7369012236595154 -0.22156359255313873
-0.29705020785331726 0.7158795595169067 -0.24602515995502472
-0.2927549183368683 0.7304207682609558 -0.22917833924293515
-0.2868103086948395 0.7501096725463867 -0.2058543562889099
-0.2888365685939789 0.7434817552566528 -0.21376259624958038
-0.2872219979763031 0.7487454414367676 -0.20749258995056152
-0.28974488377571106 0.7404455542564392 -0.2173676937818527
-0.2898721992969513 0.7400010824203491 -0.21789948642253873
-0.29101821780204773 0.7361538410186768 -0.22245556116104126
-0.28305235505104065 0.7623841166496277 -0.19098398089408875
-0.28147825598716736 0.7675228118896484 -0.18468275666236877
-0.2825346887111664 0.7640330195426941 -0.18898147344589233
-0.28356459736824036 0.7606344223022461 -0.1931455284357071
-0.28772106766700745 0.7470235824584961 -0.20956234633922577
-0.2840753495693207 0.7589844465255737 -0.19513648748397827
-0.284891813993454 0.7562904953956604 -0.19841377437114716
-0.2856868803501129 0.7536632418632507 -0.20159822702407837
-0.2890089452266693 0.7427460551261902 -0.2146701514720917
-0.28978124260902405 0.7401664853096008 -0.2177375704050064
-0.2851371467113495 0.7555540800094604 -0.19927342236042023
-0.28595611453056335 0.7528423070907593 -0.2025570571422577
-0.28032931685447693 0.7712214589118958 -0.18010875582695007
-0.27671584486961365 0.783158540725708 -0.16516247391700745
-0.2773725092411041 0.7809546589851379 -0.16795116662979126
-0.2780210077762604 0.7787891030311584 -0.17068064212799072
-0.27866002917289734 0.7766631245613098 -0.1733497679233551
-0.2792890965938568 0.7745773792266846 -0.17595893144607544
-0.283673495054245 0.7602285146713257 -0.19362539052963257
-0.28427985310554504 0.7582308650016785 -0.1960611194372177
-0.2848758399486542 0.756271243095398 -0.19844138622283936
-0.28545960783958435 0.7543516159057617 -0.20076680183410645
-0.28960344195365906 0.7407510280609131 -0.21703018248081207
-0.297123521566391 0.7154868841171265 -0.24646267294883728
-0.297658234834671 0.7136232256889343 -0.24860624969005585
-0.29869982600212097 0.7100494503974915 -0.2526661157608032
-0.29912593960762024 0.7085347771644592 -0.25440123677253723
-0.29954078793525696 0.7070478200912476 -0.25610384345054626
-0.29994669556617737 0.7055894732475281 -0.25777024030685425
-0.2918715178966522 0.7332057952880859 -0.22591136395931244
-0.2970961630344391 0.7158522605895996 -0.2459925711154938
-0.30672362446784973 0.681213915348053 -0.28513655066490173
-0.2995322048664093 0.7070858478546143 -0.2560553550720215
-0.29987671971321106 0.7058383226394653 -0.2574819326400757
-0.299470454454422 0.7072916626930237 -0.25582218170166016
-0.29905644059181213 0.7087737321853638 -0.25412487983703613
-0.29863134026527405 0.7102839946746826 -0.2523946166038513
-0.3035833537578583 0.692565381526947 -0.2724945545196533
-0.29566851258277893 0.7204633951187134 -0.2407388687133789
-0.295152872800827 0.7222368717193604 -0.23868252336978912
-0.29071637988090515 0.737108051776886 -0.2213049978017807
-0.2901860773563385 0.7388820648193359 -0.21920539438724515
-0.28964242339134216 0.7406952977180481 -0.21705438196659085
-0.2890875041484833 0.7425479888916016 -0.21484945714473724
-0.2885195314884186 0.7444391250610352 -0.21259386837482452
-0.2879386842250824 0.746367871761322 -0.2102874368429184
-0.28301766514778137 0.7624477744102478 -0.19087256491184235
-0.2823965847492218 0.7644957900047302 -0.18835830688476562
-0.2817642390727997 0.7665845155715942 -0.1857854127883911
-0.28021958470344543 0.7715809345245361 -0.1796601116657257
-0.2858523428440094 0.7531836628913879 -0.20214460790157318
-0.28503546118736267 0.7558848857879639 -0.1988724023103714
-0.2896990478038788 0.7404340505599976 -0.21741978824138644
-0.2889290750026703 0.7430053353309631 -0.21436047554016113
-0.28561314940452576 0.7539001703262329 -0.20130950212478638
-0.28482040762901306 0.7565202116966248 -0.19813232123851776
-0.2840065062046051 0.7592068910598755 -0.1948627084493637
-0.2902850806713104 0.7385960817337036 -0.21956658363342282
-0.2866697609424591 0.750510573387146 -0.20537185668945312
-0.28568294644355774 0.7537789940834045 -0.2014257162809372
-0.2846664488315582 0.7571402788162231 -0.1973477303981781
-0.28623875975608826 0.7520067095756531 -0.2035450637340546
-0.29381993412971497 0.7268149852752686 -0.2333734631538391
-0.2927408516407013 0.7304948568344116 -0.2290649265050888
-0.29487690329551697 0.7233482599258423 -0.23737570643424988
-0.2900097668170929 0.7396053671836853 -0.21835289895534515
-0.29159530997276306 0.7343900203704834 -0.22449153661727905
-0.29168859124183655 0.7340745329856873 -0.224860280752182
-0.2972939908504486 0.715058445930481 -0.2469586282968521
-0.2981027066707611 0.7122555375099182 -0.2501855790615082
-0.29271063208580017 0.7306469678878784 -0.22889724373817444
-0.28579047322273254 0.7535198926925659 -0.20172767341136932
-0.2808903157711029 0.7695836424827576 -0.18209710717201233
-0.2789836823940277 0.7757954597473145 -0.17439505457878113
-0.2736075818538666 0.7936853766441345 -0.15174078941345215
-0.268250435590744 0.8123824000358582 -0.1272764801979065
-0.2691955864429474 0.808876097202301 -0.1319751739501953
-0.26582208275794983 0.8212229609489441 -0.11545735597610474
-0.2698170840740204 0.8065611124038696 -0.13506877422332764
-0.2693311870098114 0.8082785606384277 -0.13279691338539124
-0.27274152636528015 0.7963179349899292 -0.1484505832195282
-0.2694796621799469 0.8076865077018738 -0.13363191485404968
-0.26517894864082336 0.8235793709754943 -0.11230781674385072
-0.2669680416584015 0.8168572783470154 -0.12140101194381714
-0.26615414023399353 0.8199876546859741 -0.11713445186614992
-0.2663877308368683 0.8191160559654236 -0.11832046508789062
-0.2631731331348419 0.8316668868064879 -0.10113322734832764
-0.2702941596508026 0.8050981760025024 -0.13692763447761536
-0.27531275153160095 0.7879446744918823 -0.15910327434539795
-0.2790895998477936 0.7754697799682617 -0.17480331659317017
-0.28586694598197937 0.7532645463943481 -0.20203891396522522
-0.2908243238925934 0.7369012236595154 -0.22156359255313873
-0.29705020785331726 0.7158795595169067 -0.24602515995502472
-0.2927549183368683 0.7304207682609558 -0.22917833924293515
-0.2868103086948395 0.7501096725463867 -0.2058543562889099
-0.2888365685939789 0.7434817552566528 -0.21376259624958038
-0.2872219979763031 0.7487454414367676 -0.20749258995056152
-0.28974488377571106 0.7404455542564392 -0.2173676937818527
-0.2898721992969513 0.7400010824203491 -0.21789948642253873
-0.29101821780204773 0.7361538410186768 -0.22245556116104126
-0.28305235505104065 0.7623841166496277 -0.19098398089408875
-0.28147825598716736 0.7675228118896484 -0.18468275666236877
-0.2825346887111664 0.7640330195426941 -0.18898147344589233
-0.28356459736824036 0.7606344223022461 -0.1931455284357071
-0.28772106766700745 0.7470235824584961 -0.20956234633922577
-0.2840753495693207 0.7589844465255737 -0.19513648748397827
-0.284891813993454 0.7562904953956604 -0.19841377437114716
-0.2856868803501129 0.7536632418632507 -0.20159822702407837
-0.2890089452266693 0.7427460551261902 -0.2146701514720917
-0.28978124260902405 0.7401664853096008 -0.2177375704050064
-0.2851371467113495 0.7555540800094604 -0.19927342236042023
-0.28595611453056335 0.7528423070907593 -0.2025570571422577
-0.28032931685447693 0.7712214589118958 -0.18010875582695007
-0.27671584486961365 0.783158540725708 -0.16516247391700745
-0.2773725092411041 0.7809546589851379 -0.16795116662979126
-0.2780210077762604 0.7787891030311584 -0.17068064212799072
-0.27866002917289734 0.7766631245613098 -0.1733497679233551
-0.2792890965938568 0.7745773792266846 -0.17595893144607544
-0.283673495054245 0.7602285146713257 -0.19362539052963257
-0.28427985310554504 0.7582308650016785 -0.1960611194372177
-0.2848758399486542 0.756271243095398 -0.19844138622283936
-0.28545960783958435 0.7543516159057617 -0.20076680183410645
-0.28960344195365906 0.7407510280609131 -0.21703018248081207
-0.297123521566391 0.7154868841171265 -0.24646267294883728
-0.297658234834671 0.7136232256889343 -0.24860624969005585
-0.29869982600212097 0.7100494503974915 -0.2526661157608032
-0.29912593960762024 0.7085347771644592 -0.25440123677253723
-0.29954078793525696 0.7070478200912476 -0.25610384345054626
-0.29994669556617737 0.7055894732475281 -0.25777024030685425
-0.2918715178966522 0.7332057952880859 -0.22591136395931244
-0.2970961630344391 0.7158522605895996 -0.2459925711154938
-0.30672362446784973 0.681213915348053 -0.28513655066490173
-0.2995322048664093 0.7070858478546143 -0.2560553550720215
-0.29987671971321106 0.7058383226394653 -0.2574819326400757
-0.299470454454422 0.7072916626930237 -0.25582218170166016
-0.29905644059181213 0.7087737321853638 -0.25412487983703613
-0.29863134026527405 0.7102839946746826 -0.2523946166038513
-0.3035833537578583 0.692565381526947 -0.2724945545196533
-0.29566851258277893 0.7204633951187134 -0.2407388687133789
-0.295152872800827 0.7222368717193604 -0.23868252336978912
-0.29071637988090515 0.737108051776886 -0.2213049978017807
-0.2901860773563385 0.7388820648193359 -0.21920539438724515
-0.28964242339134216 0.7406952977180481 -0.21705438196659085
-0.2890875041484833 0.7425479888916016 -0.21484945714473724
-0.2885195314884186 0.7444391250610352 -0.21259386837482452
-0.2879386842250824 0.746367871761322 -0.2102874368429184
-0.28301766514778137 0.7624477744102478 -0.19087256491184235
-0.2823965847492218 0.7644957900047302 -0.18835830688476562
-0.2817642390727997 0.7665845155715942 -0.1857854127883911
-0.28021958470344543 0.7715809345245361 -0.1796601116657257
-0.2858523428440094 0.7531836628913879 -0.20214460790157318
-0.28503546118736267 0.7558848857879639 -0.1988724023103714
-0.2896990478038788 0.7404340505599976 -0.21741978824138644
-0.2889290750026703 0.7430053353309631 -0.21436047554016113
-0.28561314940452576 0.7539001703262329 -0.20130950212478638
-0.28482040762901306 0.7565202116966248 -0.19813232123851776
-0.2840065062046051 0.7592068910598755 -0.1948627084493637
-0.2902850806713104 0.7385960817337036 -0.21956658363342282
-0.2866697609424591 0.750510573387146 -0.20537185668945312
-0.28568294644355774 0.7537789940834045 -0.2014257162809372
-0.2846664488315582 0.7571402788162231 -0.1973477303981781
-0.28623875975608826 0.7520067095756531 -0.2035450637340546
-0.29381993412971497 0.7268149852752686 -0.2333734631538391
-0.2927408516407013 0.7304948568344116 -0.2290649265050888
-0.29487690329551697 0.7233482599258423 -0.23737570643424988
-0.2900097668170929 0.7396053671836853 -0.21835289895534515
-0.29159530997276306 0.7343900203704834 -0.22449153661727905
-0.29168859124183655 0.7340745329856873 -0.224860280752182
-0.2972939908504486 0.715058445930481 -0.2469586282968521
-0.2981027066707611 0.7122555375099182 -0.2501855790615082
-0.29271063208580017 0.7306469678878784 -0.22889724373817444
-0.28579047322273254 0.7535198926925659 -0.20172767341136932
-0.2808903157711029 0.7695836424827576 -0.18209710717201233
-0.2789836823940277 0.7757954597473145 -0.17439505457878113
-0.2736075818538666 0.7936853766441345 -0.15174078941345215
-0.268250435590744 0.8123824000358582 -0.1272764801979065
-0.2691955864429474 0.808876097202301 -0.1319751739501953
-0.26582208275794983 0.8212229609489441 -0.11545735597610474
-0.2698170840740204 0.8065611124038696 -0.13506877422332764
-0.2693311870098114 0.8082785606384277 -0.13279691338539124
-0.27274152636528015 0.7963179349899292 -0.1484505832195282

VECTORS Vvpm_BBp float
-0.30068716406822205 0.7034946084022522 -0.2601003646850586
-0.30447664856910706 0.6897139549255371 -0.2756638526916504
-0.3081847131252289 0.6756848692893982 -0.29131200909614563
-0.31163129210472107 0.6617150902748108 -0.3067777454853058
-0.31374332308769226 0.6529423594474792 -0.3163999319076538
-0.31631574034690857 0.6412885189056396 -0.32917025685310364
-0.3175441324710846 0.6354170441627502 -0.3355873227119446
-0.3208164870738983 0.6188890933990479 -0.35356542468070984
-0.32212838530540466 0.6115090250968933 -0.36158931255340576
-0.3227887451648712 0.6076241135597229 -0.36580777168273926
-0.32189759612083435 0.6126583218574524 -0.3603498339653015
-0.322849839925766 0.6074028611183167 -0.3660314381122589
-0.32243165373802185 0.6097387075424194 -0.36350107192993164
-0.32164040207862854 0.6141476035118103 -0.3587145507335663
-0.32091620564460754 0.6180481314659119 -0.3544865548610687
-0.3212098181247711 0.6163561940193176 -0.3563307523727417
-0.32262590527534485 0.6086333394050598 -0.36468949913978577
-0.32246145606040955 0.6095442175865173 -0.3637004792690277
-0.32267507910728455 0.6082160472869873 -0.3651474118232727
-0.32189980149269104 0.6125631928443909 -0.36043107509613037
-0.3207857310771942 0.6186349987983704 -0.3538443446159363
-0.3210153877735138 0.6173267960548401 -0.3552703261375427
-0.32064303755760193 0.6193318963050842 -0.3530883193016052
-0.3208666741847992 0.6180707812309265 -0.35446226596832275
-0.32249876856803894 0.6095221042633057 -0.363691508769989
-0.32266297936439514 0.6085065603256226 -0.36479756236076355
-0.32232555747032166 0.61039799451828 -0.36274993419647217
-0.32205405831336975 0.6118614077568054 -0.3611644208431244
-0.3222251832485199 0.6108202934265137 -0.3622996509075165
-0.32119980454444885 0.6164829134941101 -0.3561563789844513
-0.32137373089790344 0.615461528301239 -0.3572711944580078
-0.32070305943489075 0.6191295385360718 -0.35327810049057007
-0.31907907128334045 0.62755286693573 -0.3441086411476135
-0.31926873326301575 0.626547634601593 -0.34520667791366577
-0.319454163312912 0.6255638003349304 -0.34627974033355713
-0.3196351230144501 0.6246017813682556 -0.34732872247695923
-0.31981077790260315 0.6236600875854492 -0.3483555018901825
-0.31998082995414734 0.6227390170097351 -0.34935927391052246
-0.31913086771965027 0.6271035671234131 -0.3446120619773865
-0.3193260133266449 0.6260870099067688 -0.34571972489356995
-0.32459452748298645 0.5969857573509216 -0.37724244594573975
-0.3242371380329132 0.5991786122322083 -0.3748617172241211
-0.3243245780467987 0.598602294921875 -0.3754875361919403
-0.32440754771232605 0.5980368256568909 -0.37610360980033875
-0.32448723912239075 0.5974827408790588 -0.3767075836658478
-0.3245639503002167 0.5969403982162476 -0.37729912996292114
-0.32463791966438293 0.5964087247848511 -0.37787938117980957
-0.3235393464565277 0.6031754612922668 -0.370538592338562
-0.32456615567207336 0.5970239043235779 -0.3772099018096924
-0.32957735657691956 0.5601020455360413 -0.4172055721282959
-0.32456663250923157 0.5970262289047241 -0.3772065043449402
-0.32354167103767395 0.6031839847564697 -0.37052810192108154
-0.32463857531547546 0.596410870552063 -0.37787628173828125
-0.3245634138584137 0.5969412326812744 -0.377297580242157
-0.32448747754096985 0.5974844694137573 -0.37670469284057617
-0.3244077265262604 0.5980382561683655 -0.37610089778900146
-0.3243257701396942 0.5986048579216003 -0.37548378109931946
-0.324239045381546 0.599181592464447 -0.37485644221305847
-0.3245972692966461 0.5969870686531067 -0.3772384524345398
-0.31932780146598816 0.6260866522789001 -0.34571561217308044
-0.31913384795188904 0.6271045804023743 -0.3446064293384552
-0.31998398900032043 0.6227419972419739 -0.34935182332992554
-0.319814532995224 0.6236633658409119 -0.348347008228302
-0.31963905692100525 0.6246050000190735 -0.3473202586174011
-0.3194582760334015 0.6255673766136169 -0.3462710976600647
-0.3192727267742157 0.62655109167099 -0.34519824385643005
-0.3190818130970001 0.6275554299354553 -0.34410202503204346
-0.3207043707370758 0.6191338300704956 -0.35327136516571045
-0.3213742673397064 0.6154661178588867 -0.35726502537727356
-0.3211997449398041 0.6164873242378235 -0.35615110397338867
-0.3222246468067169 0.6108205318450928 -0.36229830980300903
-0.32205358147621155 0.6118621826171875 -0.3611631989479065
-0.3223249614238739 0.6103968024253845 -0.3627501130104065
-0.32266250252723694 0.6085071563720703 -0.36479616165161133
-0.32249853014945984 0.6095227003097534 -0.363689661026001
-0.3208666741847992 0.618073046207428 -0.3544584810733795
-0.32064321637153625 0.61933434009552 -0.3530842065811157
-0.3210160434246063 0.6173302531242371 -0.3552651107311249
-0.32078662514686584 0.6186386942863464 -0.35383883118629456
-0.3219009339809418 0.612565279006958 -0.3604266345500946
-0.3226763904094696 0.6082188487052917 -0.36514246463775635
-0.3224627673625946 0.6095471978187561 -0.36369553208351135
-0.32262763381004333 0.6086371541023254 -0.36468368768692017
-0.3212110102176666 0.6163614392280579 -0.35632380843162537
-0.3209172785282135 0.6180530786514282 -0.35447990894317627
-0.3216414749622345 0.614150881767273 -0.3587094247341156
-0.3224327266216278 0.609743058681488 -0.3634951412677765
-0.32285091280937195 0.6074084043502808 -0.3660244345664978
-0.32189878821372986 0.6126649379730225 -0.3603416681289673
-0.3227897584438324 0.6076298356056213 -0.36580073833465576
-0.3221301734447479 0.611513614654541 -0.3615829050540924
-0.3208182156085968 0.6188918352127075 -0.3535604476928711
-0.317545622587204 0.635417103767395 -0.33558404445648193
-0.31631746888160706 0.6412853598594666 -0.32916930317878723
-0.31374451518058777 0.6529373526573181 -0.31639981269836426
-0.31163230538368225 0.6617069840431213 -0.3067799508571625
-0.3081856071949005 0.6756758093833923 -0.29131510853767395
-0.30447712540626526 0.6897027492523193 -0.27566832304000854
-0.30068764090538025 0.7034822106361389 -0.26010507345199585
-0.2948968708515167 0.7235845327377319 -0.23705697059631348
-0.30068716406822205 0.7034946084022522 -0.2601003646850586
-0.30447664856910706 0.6897139549255371 -0.2756638526916504
-0.3081847131252289 0.6756848692893982 -0.29131200909614563
-0.31163129210472107 0.6617150902748108 -0.3067777454853058
-0.31374332308769226 0.6529423594474792 -0.3163999319076538
-0.31631574034690857 0.6412885189056396 -0.32917025685310364
-0.3175441324710846 0.6354170441627502 -0.3355873227119446
-0.3208164870738983 0.6188890933990479 -0.35356542468070984
-0.32212838530540466 0.6115090250968933 -0.36158931255340576
-0.3227887451648712 0.6076241135597229 -0.36580777168273926
-0.32189759612083435 0.6126583218574524 -0.3603498339653015
-0.322849839925766 0.6074028611183167 -0.3660314381122589
-0.32243165373802185 0.6097387075424194 -0.36350107192993164
-0.32164040207862854 0.6141476035118103 -0.3587145507335663
-0.32091620564460754 0.6180481314659119 -0.3544865548610687
-0.3212098181247711 0.6163561940193176 -0.3563307523727417
-0.32262590527534485 0.6086333394050598 -0.36468949913978577
-0.32246145606040955 0.6095442175865173 -0.3637004792690277
-0.32267507910728455 0.6082160472869873 -0.3651474118232727
-0.32189980149269104 0.6125631928443909 -0.36043107509613037
-0.3207857310771942 0.6186349987983704 -0.3538443446159363
-0.3210153877735138 0.6173267960548401 -0.3552703261375427
-0.32064303755760193 0.6193318963050842 -0.3530883193016052
-0.3208666741847992 0.6180707812309265 -0.35446226596832275
-0.32249876856803894 0.6095221042633057 -0.363691508769989
-0.32266297936439514 0.6085065603256226 -0.36479756236076355
-0.32232555747032166 0.61039799451828 -0.36274993419647217
-0.32205405831336975 0.6118614077568054 -0.3611644208431244
-0.3222251832485199 0.6108202934265137 -0.3622996509075165
-0.32119980454444885 0.6164829134941101 -0.3561563789844513
-0.32137373089790344 0.615461528301239 -0.3572711944580078
-0.32070305943489075 0.6191295385360718 -0.35327810049057007
-0.31907907128334045 0.62755286693573 -0.3441086411476135
-0.31926873326301575 0.626547634601593 -0.34520667791366577
-0.319454163312912 0.6255638003349304 -0.34627974033355713
-0.3196351230144501 0.6246017813682556 -0.34732872247695923
-0.31981077790260315 0.6236600875854492 -0.3483555018901825
-0.31998082995414734 0.6227390170097351 -0.34935927391052246
-0.31913086771965027 0.6271035671234131 -0.3446120619773865
-0.3193260133266449 0.6260870099067688 -0.34571972489356995
-0.32459452748298645 0.5969857573509216 -0.37724244594573975
-0.3242371380329132 0.5991786122322083 -0.3748617172241211
-0.3243245780467987 0.598602294921875 -0.3754875361919403
-0.32440754771232605 0.5980368256568909 -0.37610360980033875
-0.32448723912239075 0.5974827408790588 -0.3767075836658478
-0.3245639503002167 0.5969403982162476 -0.37729912996292114
-0.32463791966438293 0.5964087247848511 -0.37787938117980957
-0.3235393464565277 0.6031754612922668 -0.370538592338562
-0.32456615567207336 0.5970239043235779 -0.3772099018096924
-0.32957735657691956 0.5601020455360413 -0.4172055721282959
-0.32456663250923157 0.5970262289047241 -0.3772065043449402
-0.32354167103767395 0.6031839847564697 -0.37052810192108154
-0.32463857531547546 0.596410870552063 -0.37787628173828125
-0.3245634138584137 0.5969412326812744 -0.377297580242157
-0.32448747754096985 0.5974844694137573 -0.37670469284057617
-0.3244077265262604 0.5980382561683655 -0.37610089778900146
-0.3243257701396942 0.5986048579216003 -0.37548378109931946
-0.324239045381546 0.599181592464447 -0.37485644221305847
-0.3245972692966461 0.5969870686531067 -0.3772384524345398
-0.31932780146598816 0.6260866522789001 -0.34571561217308044
-0.31913384795188904 0.6271045804023743 -0.3446064293384552
-0.31998398900032043 0.6227419972419739 -0.34935182332992554
-0.319814532995224 0.6236633658409119 -0.348347008228302
-0.31963905692100525 0.6246050000190735 -0.3473202586174011
-0.3194582760334015 0.6255673766136169 -0.3462710976600647
-0.3192727267742157 0.62655109167099 -0.34519824385643005
-0.3190818130970001 0.6275554299354553 -0.34410202503204346
-0.3207043707370758 0.6191338300704956 -0.35327136516571045
-0.3213742673397064 0.6154661178588867 -0.35726502537727356
-0.3211997449398041 0.6164873242378235 -0.35615110397338867
-0.3222246468067169 0.6108205318450928 -0.36229830980300903
-0.32205358147621155 0.6118621826171875 -0.3611631989479065
-0.3223249614238739 0.6103968024253845 -0.3627501130104065
-0.32266250252723694 0.6085071563720703 -0.36479616165161133
-0.32249853014945984 0.6095227003097534 -0.363689661026001
-0.3208666741847992 0.618073046207428 -0.3544584810733795
-0.32064321637153625 0.61933434009552 -0.3530842065811157
-0.3210160434246063 0.6173302531242371 -0.3552651107311249
-0.32078662514686584 0.6186386942863464 -0.35383883118629456
-0.3219009339809418 0.612565279006958 -0.3604266345500946
-0.3226763904094696 0.6082188487052917 -0.36514246463775635
-0.3224627673625946 0.6095471978187561 -0.36369553208351135
-0.32262763381004333 0.6086371541023254 -0.36468368768692017
-0.3212110102176666 0.6163614392280579 -0.35632380843162537
-0.3209172785282135 0.6180530786514282 -0.35447990894317627
-0.3216414749622345 0.614150881767273 -0.3587094247341156
-0.3224327266216278 0.609743058681488 -0.3634951412677765
-0.32285091280937195 0.6074084043502808 -0.3660244345664978
-0.32189878821372986 0.6126649379730225 -0.3603416681289673
-0.3227897584438324 0.6076298356056213 -0.36580073833465576
-0.3221301734447479 0.611513614654541 -0.3615829050540924
-0.3208182156085968 0.6188918352127075 -0.3535604476928711
-0.317545622587204 0.635417103767395 -0.33558404445648193
-0.31631746888160706 0.6412853598594666 -0.32916930317878723
-0.31374451518058777 0.6529373526573181 -0.31639981269836426
-0.31163230538368225 0.6617069840431213 -0.3067799508571625
-0.3081856071949005 0.6756758093833923 -0.29131510853767395
-0.30447712540626526 0.6897027492523193 -0.27566832304000854
-0.30068764090538025 0.7034822106361389 -0.26010507345199585
-0.2948968708515167 0.7235845327377319 -0.23705697059631348

VECTORS ftot float
-5.874294991573137 -9.920824516364975 5.6556986309386925
-7.873814487189472 -11.92033510074936 7.754152300444404
-8.926276576737163 -12.972807936844976 9.477426649269129
-9.626472758428994 -13.673023935767766 11.035570307268614
-10.14136275017736 -14.187934862818155 12.497685143249974
-10.515289471881106 -14.561877701686205 13.895351791806617
-10.826349585993196 -14.872997148537628 15.237571418873106
-11.06591197826252 -15.112559892117554 16.53793183202483
-11.24129616517095 -15.287957499524522 17.80078678617584
-11.376354343504987 -15.42300696390366 19.026190490724613
-11.464930684730104 -15.511563177763355 20.216871583901504
-11.526956512056174 -15.57359281924089 21.372133088893428
-11.50987374291806 -15.556504602867399 22.496906826597908
-11.42805109261516 -15.474677854280902 23.58300486174593
-11.339230352335393 -15.385846576496926 24.620188604189856
-11.206198931753132 -15.25281003930789 25.611673698969188
-11.0709178118646 -15.117541736030734 26.551153311363112
-10.912764609103107 -14.959383217106748 27.441397756098524
-10.753765134201696 -14.800377776159191 28.280354638987063
-10.525831467708755 -14.572442249699854 29.07349493944358
-10.306732816601404 -14.353328096375963 29.806538289204088
-10.099747502047189 -14.146340131858928 30.47995123489868
-9.895562474890205 -13.942153717638515 31.09672112022698
-9.722931705766737 -13.76953384716841 31.656977927041574
-9.505265108862172 -13.551869728726505 32.17194456811958
-9.307930547325428 -13.354635173669424 32.63138046597985
-9.11397805413922 -13.160678307122591 33.03978907795141
-8.94538957722866 -12.992084900092715 33.397553423300856
-8.771888574281155 -12.81857924231806 33.71332281067132
-8.552748117853621 -12.5994227303274 33.991642336261435
-8.360901660964961 -12.407571276809064 34.22137145434988
-8.115158674142837 -12.161823099929547 34.4142129455143
-7.854091026266635 -11.900764432636521 34.5589684545781
-7.6088411535376075 -11.655514172934181 34.64989693429296
-7.357489516827589 -11.404162304793681 34.692411074971574
-7.095680836929453 -11.142353005581072 34.68770543055753
-6.818916255741356 -10.865640735957092 34.63556503418789
-6.560243075361239 -10.606963285637585 34.53216026413181
-6.267097446602098 -10.313813806548495 34.388373605180284
-5.952519650519218 -9.999241835758585 34.199044192589824
-5.613261713198164 -9.65998878419826 33.96119490715405
-5.275643693146696 -9.32236712055092 33.668207419211306
-4.951184559923976 -8.997905595398105 33.322876556346834
-4.557553302824 -8.604271701749786 32.9435571792128
-4.109170765420234 -8.155886390661976 32.520777835450886
-3.5605799161454024 -7.607292798389391 32.055753812048735
-2.8134423185853112 -6.8601503996923086 31.551624485310025
-1.578385037482505 -5.6250901002736695 31.019993325209636
1.3640327287219107 -2.6826920647761265 30.495006134574098
16.773033505033286 12.726218669260211 30.003150562424437
16.66607418552857 -12.619263358505906 26.573948375090254
1.300959867270819 2.745754337810227 26.993587060201868
-1.5863883069041904 5.633082693227831 27.459981431616583
-2.825912338588295 6.87261030612149 27.923006963978647
-3.575060736678526 7.621763331394699 28.359319606825828
-4.127936334241373 8.174641777354632 28.75835039720324
-4.60505583862741 8.651764312320237 29.11217050589517
-4.949203017579234 8.995914164654941 29.445116609545597
-5.319770259613002 9.366484330818665 29.729763308627383
-5.641484959630714 9.688202306012908 29.977362907404753
-5.971250498777077 10.017963452679426 30.17861877395028
-6.277399587066164 10.324106890682225 30.338744420384064
-6.563741450075391 10.610452973492674 30.459641081606915
-6.83219397866744 10.878909708559025 30.542710766134512
-7.083535333762428 11.13019244878272 30.589365861793688
-7.3027260771140305 11.349384036608393 30.603246469836357
-7.548485591201368 11.595144232440248 30.573249167401542
-7.783345175719626 11.830004416814388 30.50233760407519
-8.009708339855212 12.056364378636266 30.39022560144454
-8.267051266925257 12.313712290074353 30.22936133373163
-8.467253815840941 12.513920079193035 30.033732998514978
-8.693811889898491 12.740491819095022 29.79372328769096
-8.874404142616303 12.921088995813864 29.519471372588516
-9.049988413586515 13.096678453799923 29.20708211697848
-9.250910530000509 13.297604780854545 28.848981040036364
-9.455927133578545 13.502524698915964 28.444755188229436
-9.691439128703326 13.738037699355566 27.988689241280856
-9.863210559758741 13.909794222971943 27.49447244715215
-10.063704510942827 14.110289654336457 26.951646989068074
-10.26750763397403 14.314095684229006 26.359581620651852
-10.483029266424008 14.5296310678077 25.71557922281299
-10.706331242990178 14.752937562193628 25.01927396043592
-10.864483806213588 14.911096591929425 24.28239491273698
-11.027696401749445 15.074314690912049 23.499567911408874
-11.146341933692641 15.192946543499483 22.67667938770744
-11.279168191461796 15.32577801099618 21.807018770738765
-11.37286929644441 15.419490698418485 20.89620407580614
-11.445782262853385 15.492409464048418 19.944386867463297
-11.448853163235343 15.49548784419245 18.96052460886367
-11.39303508355988 15.439664713067472 17.94784461237104
-11.301463378169633 15.348110156856366 16.9044836899247
-11.175957310106963 15.22261135872052 15.828546571373977
-11.004346533742368 15.050983752816867 14.719483833549631
-10.761289042406165 14.807924128395088 13.578429214355403
-10.452239236721717 14.498816940547808 12.400385058464911
-10.068546743047174 14.115105653427756 11.175947848975893
-9.551801478516236 13.598339716608692 9.895089537248698
-8.8620673311848 12.908584488055416 8.527808378643831
-7.812913846100337 11.859420256414312 7.016131102685016
-5.8197779975115935 9.866290892495423 5.176291519506028
-5.874294991573137 -9.920824516364975 5.6556986309386925
-7.873814487189472 -11.92033510074936 7.754152300444404
-8.926276576737163 -12.972807936844976 9.477426649269129
-9.626472758428994 -13.673023935767766 11.035570307268614
-10.14136275017736 -14.187934862818155 12.497685143249974
-10.515289471881106 -14.561877701686205 13.895351791806617
-10.826349585993196 -14.872997148537628 15.237571418873106
-11.06591197826252 -15.112559892117554 16.53793183202483
-11.24129616517095 -15.287957499524522 17.80078678617584
-11.376354343504987 -15.42300696390366 19.026190490724613
-11.464930684730104 -15.511563177763355 20.216871583901504
-11.526956512056174 -15.57359281924089 21.372133088893428
-11.50987374291806 -15.556504602867399 22.496906826597908
-11.42805109261516 -15.474677854280902 23.58300486174593
-11.339230352335393 -15.385846576496926 24.620188604189856
-11.206198931753132 -15.25281003930789 25.611673698969188
-11.0709178118646 -15.117541736030734 26.551153311363112
-10.912764609103107 -14.959383217106748 27.441397756098524
-10.753765134201696 -14.800377776159191 28.280354638987063
-10.525831467708755 -14.572442249699854 29.07349493944358
-10.306732816601404 -14.353328096375963 29.806538289204088
-10.099747502047189 -14.146340131858928 30.47995123489868
-9.895562474890205 -13.942153717638515 31.09672112022698
-9.722931705766737 -13.76953384716841 31.656977927041574
-9.505265108862172 -13.551869728726505 32.17194456811958
-9.307930547325428 -13.354635173669424 32.63138046597985
-9.11397805413922 -13.160678307122591 33.03978907795141
-8.94538957722866 -12.992084900092715 33.397553423300856
-8.771888574281155 -12.81857924231806 33.71332281067132
-8.552748117853621 -12.5994227303274 33.991642336261435
-8.360901660964961 -12.407571276809064 34.22137145434988
-8.115158674142837 -12.161823099929547 34.4142129455143
-7.854091026266635 -11.900764432636521 34.5589684545781
-7.6088411535376075 -11.655514172934181 34.64989693429296
-7.357489516827589 -11.404162304793681 34.692411074971574
-7.095680836929453 -11.142353005581072 34.68770543055753
-6.818916255741356 -10.865640735957092 34.63556503418789
-6.560243075361239 -10.606963285637585 34.53216026413181
-6.267097446602098 -10.313813806548495 34.388373605180284
-5.952519650519218 -9.999241835758585 34.199044192589824
-5.613261713198164 -9.65998878419826 33.96119490715405
-5.275643693146696 -9.32236712055092 33.668207419211306
-4.951184559923976 -8.997905595398105 33.322876556346834
-4.557553302824 -8.604271701749786 32.9435571792128
-4.109170765420234 -8.155886390661976 32.520777835450886
-3.5605799161454024 -7.607292798389391 32.055753812048735
-2.8134423185853112 -6.8601503996923086 31.551624485310025
-1.578385037482505 -5.6250901002736695 31.019993325209636
1.3640327287219107 -2.6826920647761265 30.495006134574098
16.773033505033286 12.726218669260211 30.003150562424437
16.66607418552857 -12.619263358505906 26.573948375090254
1.300959867270819 2.745754337810227 26.993587060201868
-1.5863883069041904 5.633082693227831 27.459981431616583
-2.825912338588295 6.87261030612149 27.923006963978647
-3.575060736678526 7.621763331394699 28.359319606825828
-4.127936334241373 8.174641777354632 28.75835039720324
-4.60505583862741 8.651764312320237 29.11217050589517
-4.949203017579234 8.995914164654941 29.445116609545597
-5.319770259613002 9.366484330818665 29.729763308627383
-5.641484959630714 9.688202306012908 29.977362907404753
-5.971250498777077 10.017963452679426 30.17861877395028
-6.277399587066164 10.324106890682225 30.338744420384064
-6.563741450075391 10.610452973492674 30.459641081606915
-6.83219397866744 10.878909708559025 30.542710766134512
-7.083535333762428 11.13019244878272 30.589365861793688
-7.3027260771140305 11.349384036608393 30.603246469836357
-7.548485591201368 11.595144232440248 30.573249167401542
-7.783345175719626 11.830004416814388 30.50233760407519
-8.009708339855212 12.056364378636266 30.39022560144454
-8.267051266925257 12.313712290074353 30.22936133373163
-8.467253815840941 12.513920079193035 30.033732998514978
-8.693811889898491 12.740491819095022 29.79372328769096
-8.874404142616303 12.921088995813864 29.519471372588516
-9.049988413586515 13.096678453799923 29.20708211697848
-9.250910530000509 13.297604780854545 28.848981040036364
-9.455927133578545 13.502524698915964 28.444755188229436
-9.691439128703326 13.738037699355566 27.988689241280856
-9.863210559758741 13.909794222971943 27.49447244715215
-10.063704510942827 14.110289654336457 26.951646989068074
-10.26750763397403 14.314095684229006 26.359581620651852
-10.483029266424008 14.5296310678077 25.71557922281299
-10.706331242990178 14.752937562193628 25.01927396043592
-10.864483806213588 14.911096591929425 24.28239491273698
-11.027696401749445 15.074314690912049 23.499567911408874
-11.146341933692641 15.192946543499483 22.67667938770744
-11.279168191461796 15.32577801099618 21.807018770738765
-11.37286929644441 15.419490698418485 20.89620407580614
-11.445782262853385 15.492409464048418 19.944386867463297
-11.448853163235343 15.49548784419245 18.96052460886367
-11.39303508355988 15.439664713067472 17.94784461237104
-11.301463378169633 15.348110156856366 16.9044836899247
-11.175957310106963 15.22261135872052 15.828546571373977
-11.004346533742368 15.050983752816867 14.719483833549631
-10.761289042406165 14.807924128395088 13.578429214355403
-10.452239236721717 14.498816940547808 12.400385058464911
-10.068546743047174 14.115105653427756 11.175947848975893
-9.551801478516236 13.598339716608692 9.895089537248698
-8.8620673311848 12.908584488055416 8.527808378643831
-7.812913846100337 11.859420256414312 7.016131102685016
-5.8197779975115935 9.866290892495423 5.176291519506028

VECTORS D float
-0.01203251051938066 -0.0 -0.005610851802017781
-0.01873486539828896 -0.0 -0.00873621120972524
-0.022907006692825072 -0.0 -0.01068171264627214
-0.025831986178615884 -0.0 -0.012045652980442665
-0.027814803088299027 -0.0 -0.012970255690147143
-0.028778817375033103 -0.0 -0.01341978293462207
-0.029074282038806038 -0.0 -0.013557560370053583
-0.02849822149099655 -0.0 -0.013288938925049053
-0.026992722854745008 -0.0 -0.012586913381623054
-0.02469713435228346 -0.0 -0.011516462882952667
-0.021486300708443873 -0.0 -0.01001922656576855
-0.017525605754121248 -0.0 -0.008172324176952048
-0.01214113232324657 -0.0 -0.005661502981003066
-0.005428990697531447 -0.0 -0.0025315799383111614
0.0018765406801570228 0.0 0.0008750452899966098
0.010283435242084981 0.0 0.004795244605525229
0.019181184842906276 0.0 0.00894433338473378
0.02886053714864203 0.0 0.013457889490878608
0.03895343648710621 0.0 0.018164285745391973
0.05059155342065305 0.0 0.023591228798008235
0.06240562350627634 0.0 0.029100220152914254
0.07426488946525288 0.0 0.0346302866896819
0.08628819290737688 0.0 0.040236845161065675
0.09785846208366177 0.0 0.045632150284882045
0.1105019957606055 0.0 0.05152792686458153
0.12280979556734714 0.0 0.05726714816950378
0.13509615484083456 0.0 0.06299637158957465
0.14682243585273824 0.0 0.06846442622710287
0.1586717492955355 0.0 0.07398985182935822
0.17162165854986644 0.0 0.08002849368706502
0.18383919987760558 0.0 0.08572562677201497
0.19737805586652352 0.0 0.09203889900230507
0.2111937964629005 0.0 0.09848128464547856
0.22438419304597257 0.0 0.10463206758626659
0.23752371460760405 0.0 0.11075912711494808
0.25071426322164553 0.0 0.11690998094894142
0.2640566209684905 0.0 0.12313162454413891
0.2765266935279385 0.0 0.12894651487635803
0.2897481093200613 0.0 0.1351117623118763
0.30328418333189705 0.0 0.1414237372849482
0.3171930171351913 0.0 0.1479095330034294
0.3305463531927641 0.0 0.15413629586899288
0.3429572560097389 0.0 0.15992359489716568
0.35735499574634466 0.0 0.16663737119646746
0.3732128748307544 0.0 0.1740320216556237
0.3921866227339937 0.0 0.18287962560680654
0.41794655598262276 0.0 0.19489167975420382
0.4614171133885492 0.0 0.21516233357685383
0.5686486440262818 0.0 0.2651652175089109
1.1435434081465103 0.0 0.533243048651385
1.0801274731289494 0.0 0.5036717125036366
0.5067700874624168 0.0 0.23631077270760345
0.4016898964566092 0.0 0.1873110749212053
0.3580776678697583 0.0 0.16697435874195038
0.3323231021278237 0.0 0.15496480750402988
0.31335258914784014 0.0 0.14611871202233478
0.29669130597178384 0.0 0.13834942808265066
0.2844482510496026 0.0 0.1326403978132253
0.2709111706560539 0.0 0.1263279535566537
0.2586785998364147 0.0 0.12062381210453257
0.2458276204971659 0.0 0.11463130202384916
0.23343039831931264 0.0 0.1088503823824672
0.2213931495878063 0.0 0.10323732111584925
0.20967700259407837 0.0 0.09777399204860425
0.1982781433350548 0.0 0.09245861668189055
0.18764703711431155 0.0 0.08750125043649873
0.17607197659756554 0.0 0.08210371107393251
0.16464251057178625 0.0 0.07677406353748925
0.15331226556678218 0.0 0.07149068352288343
0.14106266362778191 0.0 0.06577860032937728
0.1302294270605766 0.0 0.06072697915548469
0.11871976522674736 0.0 0.05535993569959582
0.10833679701073214 0.0 0.05051827810608795
0.09810077625419925 0.0 0.045745143238283145
0.08733369003406989 0.0 0.04072436847782167
0.07655428287575253 0.0 0.035697848369527475
0.06525052302882298 0.0 0.030426818586959253
0.05541975309105623 0.0 0.02584265527941867
0.04521040004813034 0.0 0.021081955770694293
0.035164091627742 0.0 0.016397285218080166
0.02517329873542674 0.0 0.011738501981353032
0.015371935516974801 0.0 0.007168051252230167
0.007027272194427618 0.0 0.0032768708402012812
-0.001020017708960841 -0.0 -0.00047564206914215665
-0.007984655972687237 -0.0 -0.003723306227797107
-0.014741120296255357 -0.0 -0.006873897283927955
-0.02051142724936271 -0.0 -0.009564635606066949
-0.0255539627250517 -0.0 -0.011916008514898985
-0.029274499647209542 -0.0 -0.013650923374149615
-0.03188511254312473 -0.0 -0.014868272159993066
-0.03371562309225505 -0.0 -0.015721853247386043
-0.03483477134359989 -0.0 -0.01624372064759892
-0.0351797217171618 -0.0 -0.016404573648474263
-0.03461112437853124 -0.0 -0.016139432355064286
-0.03330027679749219 -0.0 -0.015528174089351818
-0.03131951381096067 -0.0 -0.014604529139742204
-0.028467612412299947 -0.0 -0.013274665677243759
-0.024831333048963886 -0.0 -0.01157904076292917
-0.019981119828954234 -0.0 -0.009317349194754054
-0.012660841172046893 -0.0 -0.005903847197209575
-0.01203251051938066 -0.0 -0.005610851802017781
-0.01873486539828896 -0.0 -0.00873621120972524
-0.022907006692825072 -0.0 -0.01068171264627214
-0.025831986178615884 -0.0 -0.012045652980442665
-0.027814803088299027 -0.0 -0.012970255690147143
-0.028778817375033103 -0.0 -0.01341978293462207
-0.029074282038806038 -0.0 -0.013557560370053583
-0.02849822149099655 -0.0 -0.013288938925049053
-0.026992722854745008 -0.0 -0.012586913381623054
-0.02469713435228346 -0.0 -0.011516462882952667
-0.021486300708443873 -0.0 -0.01001922656576855
-0.017525605754121248 -0.0 -0.008172324176952048
-0.01214113232324657 -0.0 -0.005661502981003066
-0.005428990697531447 -0.0 -0.0025315799383111614
0.0018765406801570228 0.0 0.0008750452899966098
0.010283435242084981 0.0 0.004795244605525229
0.019181184842906276 0.0 0.00894433338473378
0.02886053714864203 0.0 0.013457889490878608
0.03895343648710621 0.0 0.018164285745391973
0.05059155342065305 0.0 0.023591228798008235
0.06240562350627634 0.0 0.029100220152914254
0.07426488946525288 0.0 0.0346302866896819
0.08628819290737688 0.0 0.040236845161065675
0.09785846208366177 0.0 0.045632150284882045
0.1105019957606055 0.0 0.05152792686458153
0.12280979556734714 0.0 0.05726714816950378
0.13509615484083456 0.0 0.06299637158957465
0.14682243585273824 0.0 0.06846442622710287
0.1586717492955355 0.0 0.07398985182935822
0.17162165854986644 0.0 0.08002849368706502
0.18383919987760558 0.0 0.08572562677201497
0.19737805586652352 0.0 0.09203889900230507
0.2111937964629005 0.0 0.09848128464547856
0.22438419304597257 0.0 0.10463206758626659
0.23752371460760405 0.0 0.11075912711494808
0.25071426322164553 0.0 0.11690998094894142
0.2640566209684905 0.0 0.12313162454413891
0.2765266935279385 0.0 0.12894651487635803
0.2897481093200613 0.0 0.1351117623118763
0.30328418333189705 0.0 0.1414237372849482
0.3171930171351913 0.0 0.1479095330034294
0.3305463531927641 0.0 0.15413629586899288
0.3429572560097389 0.0 0.15992359489716568
0.35735499574634466 0.0 0.16663737119646746
0.3732128748307544 0.0 0.1740320216556237
0.3921866227339937 0.0 0.18287962560680654
0.41794655598262276 0.0 0.19489167975420382
0.4614171133885492 0.0 0.21516233357685383
0.5686486440262818 0.0 0.2651652175089109
1.1435434081465103 0.0 0.533243048651385
1.0801274731289494 0.0 0.5036717125036366
0.5067700874624168 0.0 0.23631077270760345
0.4016898964566092 0.0 0.1873110749212053
0.3580776678697583 0.0 0.16697435874195038
0.3323231021278237 0.0 0.15496480750402988
0.31335258914784014 0.0 0.14611871202233478
0.29669130597178384 0.0 0.13834942808265066
0.2844482510496026 0.0 0.1326403978132253
0.2709111706560539 0.0 0.1263279535566537
0.2586785998364147 0.0 0.12062381210453257
0.2458276204971659 0.0 0.11463130202384916
0.23343039831931264 0.0 0.1088503823824672
0.2213931495878063 0.0 0.10323732111584925
0.20967700259407837 0.0 0.09777399204860425
0.1982781433350548 0.0 0.09245861668189055
0.18764703711431155 0.0 0.08750125043649873
0.17607197659756554 0.0 0.08210371107393251
0.16464251057178625 0.0 0.07677406353748925
0.15331226556678218 0.0 0.07149068352288343
0.14106266362778191 0.0 0.06577860032937728
0.1302294270605766 0.0 0.06072697915548469
0.11871976522674736 0.0 0.05535993569959582
0.10833679701073214 0.0 0.05051827810608795
0.09810077625419925 0.0 0.045745143238283145
0.08733369003406989 0.0 0.04072436847782167
0.07655428287575253 0.0 0.035697848369527475
0.06525052302882298 0.0 0.030426818586959253
0.05541975309105623 0.0 0.02584265527941867
0.04521040004813034 0.0 0.021081955770694293
0.035164091627742 0.0 0.016397285218080166
0.02517329873542674 0.0 0.011738501981353032
0.015371935516974801 0.0 0.007168051252230167
0.007027272194427618 0.0 0.0032768708402012812
-0.001020017708960841 -0.0 -0.00047564206914215665
-0.007984655972687237 -0.0 -0.003723306227797107
-0.014741120296255357 -0.0 -0.006873897283927955
-0.02051142724936271 -0.0 -0.009564635606066949
-0.0255539627250517 -0.0 -0.011916008514898985
-0.029274499647209542 -0.0 -0.013650923374149615
-0.03188511254312473 -0.0 -0.014868272159993066
-0.03371562309225505 -0.0 -0.015721853247386043
-0.03483477134359989 -0.0 -0.01624372064759892
-0.0351797217171618 -0.0 -0.016404573648474263
-0.03461112437853124 -0.0 -0.016139432355064286
-0.03330027679749219 -0.0 -0.015528174089351818
-0.03131951381096067 -0.0 -0.014604529139742204
-0.028467612412299947 -0.0 -0.013274665677243759
-0.024831333048963886 -0.0 -0.01157904076292917
-0.019981119828954234 -0.0 -0.009317349194754054
-0.012660841172046893 -0.0 -0.005903847197209575

VECTORS funs-vector float
0.0 0.0 9.227369317117835e-8
0.0 0.0 1.1654288879402559e-7
0.0 0.0 1.4412510409365295e-7
0.0 0.0 1.149390856431348e-7
0.0 0.0 1.1670538668795417e-7
0.0 0.0 1.1904517614105074e-7
0.0 0.0 4.778441303249732e-8
0.0 0.0 9.066619552103562e-8
0.0 0.0 1.8026062582004513e-8
0.0 0.0 3.959190599609678e-8
0.0 0.0 3.170120650834594e-8
0.0 0.0 1.2951953206910822e-8
0.0 0.0 2.3058000599782895e-8
0.0 0.0 5.983340659296039e-8
0.0 0.0 4.4974851479392715e-8
0.0 0.0 1.0302270358021241e-7
0.0 0.0 1.025912581553712e-7
0.0 0.0 1.489068223877026e-7
0.0 0.0 2.221966165000761e-7
0.0 0.0 2.410068440574585e-7
0.0 0.0 2.695125189688952e-7
0.0 0.0 2.3749851152388157e-7
0.0 0.0 -2.58945350010849e-9
0.0 0.0 7.402262657375437e-8
0.0 0.0 1.0504548697554129e-7
0.0 0.0 2.2531327203978435e-7
0.0 0.0 1.9557597723137e-7
0.0 0.0 3.48867659609327e-7
0.0 0.0 1.8673573136270127e-7
0.0 0.0 2.4071867311580386e-7
0.0 0.0 -1.1121445970213081e-7
0.0 0.0 -5.679395707664465e-7
0.0 0.0 -6.526096841112535e-7
0.0 0.0 1.3632840408077262e-7
0.0 0.0 -6.351871465168107e-8
0.0 0.0 1.7223665403000937e-7
0.0 0.0 3.7808345932820564e-7
0.0 0.0 4.9310271260145033e-8
0.0 0.0 4.153387297120307e-7
0.0 0.0 -1.0979829506202973e-7
0.0 0.0 -4.99023282817358e-7
0.0 0.0 -5.272755090727929e-7
0.0 0.0 -4.106075479626271e-7
0.0 0.0 -4.7649674945143333e-7
0.0 0.0 -5.453852235281046e-7
0.0 0.0 -6.348019574240674e-7
0.0 0.0 -2.2402992915327893e-7
0.0 0.0 -2.8809609049899753e-7
0.0 0.0 -3.40436632096829e-7
0.0 0.0 -6.096632629040953e-8
0.0 0.0 -1.8646029593066324e-7
0.0 0.0 -1.5399489877216354e-7
0.0 0.0 -1.602255666326032e-7
0.0 0.0 -1.9564422033950412e-7
0.0 0.0 -3.168021694674198e-7
0.0 0.0 2.450608811634745e-7
0.0 0.0 8.445258843762945e-8
0.0 0.0 -1.239405378328229e-8
0.0 0.0 2.3583490554363548e-7
0.0 0.0 1.8542072992163008e-7
0.0 0.0 3.930953812155994e-7
0.0 0.0 2.9818669909011736e-7
0.0 0.0 1.7828313758627698e-7
0.0 0.0 -1.0636673602510367e-8
0.0 0.0 7.16138130614623e-8
0.0 0.0 4.4903130135377416e-7
0.0 0.0 3.4623561423979326e-7
0.0 0.0 3.972155588691998e-7
0.0 0.0 2.3567300838129265e-7
0.0 0.0 1.351040530359817e-7
0.0 0.0 1.5180943726343032e-7
0.0 0.0 2.2571365964164555e-7
0.0 0.0 2.2990400274445413e-7
0.0 0.0 1.5070457173103274e-7
0.0 0.0 1.4764042013191358e-7
0.0 0.0 9.239480065885308e-8
0.0 0.0 -1.6781569007145502e-7
0.0 0.0 -5.064347486826262e-9
0.0 0.0 -7.644309427880877e-8
0.0 0.0 1.9260878371018078e-7
0.0 0.0 2.0472734198826653e-7
0.0 0.0 3.108856241531365e-7
0.0 0.0 5.288837276008386e-7
0.0 0.0 2.7333136965911447e-7
0.0 0.0 1.2779302949184062e-7
0.0 0.0 1.517405934237104e-7
0.0 0.0 7.621806022681005e-8
0.0 0.0 2.296236413134136e-9
0.0 0.0 1.502058443685945e-7
0.0 0.0 1.4265446811701957e-7
0.0 0.0 1.7317226343813932e-7
0.0 0.0 1.2092273267553954e-7
0.0 0.0 8.311292696496575e-8
0.0 0.0 1.0428685309255513e-7
0.0 0.0 1.2665464313696167e-7
0.0 0.0 1.05256043396325e-7
0.0 0.0 9.207422024815062e-8
0.0 0.0 9.930759923484157e-8
0.0 0.0 5.567326527062217e-8
0.0 0.0 2.141973798330811e-8
0.0 0.0 9.227369317117835e-8
0.0 0.0 1.1654288879402559e-7
0.0 0.0 1.4412510409365295e-7
0.0 0.0 1.149390856431348e-7
0.0 0.0 1.1670538668795417e-7
0.0 0.0 1.1904517614105074e-7
0.0 0.0 4.778441303249732e-8
0.0 0.0 9.066619552103562e-8
0.0 0.0 1.8026062582004513e-8
0.0 0.0 3.959190599609678e-8
0.0 0.0 3.170120650834594e-8
0.0 0.0 1.2951953206910822e-8
0.0 0.0 2.3058000599782895e-8
0.0 0.0 5.983340659296039e-8
0.0 0.0 4.4974851479392715e-8
0.0 0.0 1.0302270358021241e-7
0.0 0.0 1.025912581553712e-7
0.0 0.0 1.489068223877026e-7
0.0 0.0 2.221966165000761e-7
0.0 0.0 2.410068440574585e-7
0.0 0.0 2.695125189688952e-7
0.0 0.0 2.3749851152388157e-7
0.0 0.0 -2.58945350010849e-9
0.0 0.0 7.402262657375437e-8
0.0 0.0 1.0504548697554129e-7
0.0 0.0 2.2531327203978435e-7
0.0 0.0 1.9557597723137e-7
0.0 0.0 3.48867659609327e-7
0.0 0.0 1.8673573136270127e-7
0.0 0.0 2.4071867311580386e-7
0.0 0.0 -1.1121445970213081e-7
0.0 0.0 -5.679395707664465e-7
0.0 0.0 -6.526096841112535e-7
0.0 0.0 1.3632840408077262e-7
0.0 0.0 -6.351871465168107e-8
0.0 0.0 1.7223665403000937e-7
0.0 0.0 3.7808345932820564e-7
0.0 0.0 4.9310271260145033e-8
0.0 0.0 4.153387297120307e-7
0.0 0.0 -1.0979829506202973e-7
0.0 0.0 -4.99023282817358e-7
0.0 0.0 -5.272755090727929e-7
0.0 0.0 -4.106075479626271e-7
0.0 0.0 -4.7649674945143333e-7
0.0 0.0 -5.453852235281046e-7
0.0 0.0 -6.348019574240674e-7
0.0 0.0 -2.2402992915327893e-7
0.0 0.0 -2.8809609049899753e-7
0.0 0.0 -3.40436632096829e-7
0.0 0.0 -6.096632629040953e-8
0.0 0.0 -1.8646029593066324e-7
0.0 0.0 -1.5399489877216354e-7
0.0 0.0 -1.602255666326032e-7
0.0 0.0 -1.9564422033950412e-7
0.0 0.0 -3.168021694674198e-7
0.0 0.0 2.450608811634745e-7
0.0 0.0 8.445258843762945e-8
0.0 0.0 -1.239405378328229e-8
0.0 0.0 2.3583490554363548e-7
0.0 0.0 1.8542072992163008e-7
0.0 0.0 3.930953812155994e-7
0.0 0.0 2.9818669909011736e-7
0.0 0.0 1.7828313758627698e-7
0.0 0.0 -1.0636673602510367e-8
0.0 0.0 7.16138130614623e-8
0.0 0.0 4.4903130135377416e-7
0.0 0.0 3.4623561423979326e-7
0.0 0.0 3.972155588691998e-7
0.0 0.0 2.3567300838129265e-7
0.0 0.0 1.351040530359817e-7
0.0 0.0 1.5180943726343032e-7
0.0 0.0 2.2571365964164555e-7
0.0 0.0 2.2990400274445413e-7
0.0 0.0 1.5070457173103274e-7
0.0 0.0 1.4764042013191358e-7
0.0 0.0 9.239480065885308e-8
0.0 0.0 -1.6781569007145502e-7
0.0 0.0 -5.064347486826262e-9
0.0 0.0 -7.644309427880877e-8
0.0 0.0 1.9260878371018078e-7
0.0 0.0 2.0472734198826653e-7
0.0 0.0 3.108856241531365e-7
0.0 0.0 5.288837276008386e-7
0.0 0.0 2.7333136965911447e-7
0.0 0.0 1.2779302949184062e-7
0.0 0.0 1.517405934237104e-7
0.0 0.0 7.621806022681005e-8
0.0 0.0 2.296236413134136e-9
0.0 0.0 1.502058443685945e-7
0.0 0.0 1.4265446811701957e-7
0.0 0.0 1.7317226343813932e-7
0.0 0.0 1.2092273267553954e-7
0.0 0.0 8.311292696496575e-8
0.0 0.0 1.0428685309255513e-7
0.0 0.0 1.2665464313696167e-7
0.0 0.0 1.05256043396325e-7
0.0 0.0 9.207422024815062e-8
0.0 0.0 9.930759923484157e-8
0.0 0.0 5.567326527062217e-8
0.0 0.0 2.141973798330811e-8

VECTORS S float
-0.0 -0.04489624040224031 0.0
-0.0 -0.06385318797084824 0.0
-0.0 -0.08027400259636851 0.0
-0.0 -0.0959719443334153 0.0
-0.0 -0.11137923707800261 0.0
-0.0 -0.12641871162718632 0.0
-0.0 -0.14148221372835565 0.0
-0.0 -0.15632274938796922 0.0
-0.0 -0.17084448505285083 0.0
-0.0 -0.18517337155140376 0.0
-0.0 -0.19912990813261539 0.0
-0.0 -0.21287107732873192 0.0
-0.0 -0.22556816226999296 0.0
-0.0 -0.23724432459238073 0.0
-0.0 -0.24867124759026515 0.0
-0.0 -0.2591992924141767 0.0
-0.0 -0.26946639504746983 0.0
-0.0 -0.27908158720335724 0.0
-0.0 -0.28841735065326474 0.0
-0.0 -0.29608823477145313 0.0
-0.0 -0.3035667644415762 0.0
-0.0 -0.3109475792204401 0.0
-0.0 -0.3180482036731339 0.0
-0.0 -0.3255557200324345 0.0
-0.0 -0.3316738402605604 0.0
-0.0 -0.33794709549351026 0.0
-0.0 -0.34397813397844684 0.0
-0.0 -0.3503707384181299 0.0
-0.0 -0.3563465144331368 0.0
-0.0 -0.36072684914632 0.0
-0.0 -0.36554730707402255 0.0
-0.0 -0.3684161441260735 0.0
-0.0 -0.37039992210554523 0.0
-0.0 -0.37245487468073857 0.0
-0.0 -0.3739020701931055 0.0
-0.0 -0.37457986098866214 0.0
-0.0 -0.3743090264319234 0.0
-0.0 -0.3742144518759797 0.0
-0.0 -0.3724450197669448 0.0
-0.0 -0.36939685238149234 0.0
-0.0 -0.36489344127282414 0.0
-0.0 -0.359889031426918 0.0
-0.0 -0.3548423399074549 0.0
-0.0 -0.34647087450188085 0.0
-0.0 -0.335194825444496 0.0
-0.0 -0.3189716699791007 0.0
-0.0 -0.29334639486672426 0.0
-0.0 -0.2452096790546312 0.0
-0.0 -0.1191741404147889 0.0
0.0 0.5759192412325209 -0.0
-0.0 -0.5710790272603855 0.0
0.0 0.12197557718053592 -0.0
0.0 0.24555809323434527 -0.0
0.0 0.2938791920239906 -0.0
0.0 0.3195784154009647 -0.0
0.0 0.33596564400025486 -0.0
0.0 0.3483832741664999 -0.0
0.0 0.3547638056377646 -0.0
0.0 0.3615921718275471 -0.0
0.0 0.3659591701567151 -0.0
0.0 0.37008847545408674 -0.0
0.0 0.3728167162116892 -0.0
0.0 0.3743375683224816 -0.0
0.0 0.3747661275212276 -0.0
0.0 0.374171051496376 -0.0
0.0 0.3721060848915391 -0.0
0.0 0.3705257381117702 -0.0
0.0 0.3681975842223742 -0.0
0.0 0.3652215001040303 -0.0
0.0 0.3627820680856573 -0.0
0.0 0.35827887175897905 -0.0
0.0 0.3541757449148791 -0.0
0.0 0.34845611981779384 -0.0
0.0 0.34230538204218136 -0.0
0.0 0.3365039070158016 -0.0
0.0 0.3304661504094426 -0.0
0.0 0.32481105059095405 -0.0
0.0 0.3173100193610878 -0.0
0.0 0.31015516163321655 -0.0
0.0 0.30273701566577155 -0.0
0.0 0.29521838145121004 -0.0
0.0 0.28749287554639197 -0.0
0.0 0.2781807540741029 -0.0
0.0 0.2686958837950369 -0.0
0.0 0.2581819994881559 -0.0
0.0 0.24770039915174982 -0.0
0.0 0.23639824303629942 -0.0
0.0 0.22463878751371424 -0.0
0.0 0.21180348230578386 -0.0
0.0 0.19820691059164297 -0.0
0.0 0.18427413741944143 -0.0
0.0 0.17011423526138922 -0.0
0.0 0.1556858122005672 -0.0
0.0 0.1408631942495103 -0.0
0.0 0.1258712506238248 -0.0
0.0 0.11080750751641893 -0.0
0.0 0.09544773039527335 -0.0
0.0 0.0798765964742694 -0.0
0.0 0.06352688783141132 -0.0
0.0 0.044649450966219736 -0.0
-0.0 -0.04489624040224031 0.0
-0.0 -0.06385318797084824 0.0
-0.0 -0.08027400259636851 0.0
-0.0 -0.0959719443334153 0.0
-0.0 -0.11137923707800261 0.0
-0.0 -0.12641871162718632 0.0
-0.0 -0.14148221372835565 0.0
-0.0 -0.15632274938796922 0.0
-0.0 -0.17084448505285083 0.0
-0.0 -0.18517337155140376 0.0
-0.0 -0.19912990813261539 0.0
-0.0 -0.21287107732873192 0.0
-0.0 -0.22556816226999296 0.0
-0.0 -0.23724432459238073 0.0
-0.0 -0.24867124759026515 0.0
-0.0 -0.2591992924141767 0.0
-0.0 -0.26946639504746983 0.0
-0.0 -0.27908158720335724 0.0
-0.0 -0.28841735065326474 0.0
-0.0 -0.29608823477145313 0.0
-0.0 -0.3035667644415762 0.0
-0.0 -0.3109475792204401 0.0
-0.0 -0.3180482036731339 0.0
-0.0 -0.3255557200324345 0.0
-0.0 -0.3316738402605604 0.0
-0.0 -0.33794709549351026 0.0
-0.0 -0.34397813397844684 0.0
-0.0 -0.3503707384181299 0.0
-0.0 -0.3563465144331368 0.0
-0.0 -0.36072684914632 0.0
-0.0 -0.36554730707402255 0.0
-0.0 -0.3684161441260735 0.0
-0.0 -0.37039992210554523 0.0
-0.0 -0.37245487468073857 0.0
-0.0 -0.3739020701931055 0.0
-0.0 -0.37457986098866214 0.0
-0.0 -0.3743090264319234 0.0
-0.0 -0.3742144518759797 0.0
-0.0 -0.3724450197669448 0.0
-0.0 -0.36939685238149234 0.0
-0.0 -0.36489344127282414 0.0
-0.0 -0.359889031426918 0.0
-0.0 -0.3548423399074549 0.0
-0.0 -0.34647087450188085 0.0
-0.0 -0.335194825444496 0.0
-0.0 -0.3189716699791007 0.0
-0.0 -0.29334639486672426 0.0
-0.0 -0.2452096790546312 0.0
-0.0 -0.1191741404147889 0.0
0.0 0.5759192412325209 -0.0
-0.0 -0.5710790272603855 0.0
0.0 0.12197557718053592 -0.0
0.0 0.24555809323434527 -0.0
0.0 0.2938791920239906 -0.0
0.0 0.3195784154009647 -0.0
0.0 0.33596564400025486 -0.0
0.0 0.3483832741664999 -0.0
0.0 0.3547638056377646 -0.0
0.0 0.3615921718275471 -0.0
0.0 0.3659591701567151 -0.0
0.0 0.37008847545408674 -0.0
0.0 0.3728167162116892 -0.0
0.0 0.3743375683224816 -0.0
0.0 0.3747661275212276 -0.0
0.0 0.374171051496376 -0.0
0.0 0.3721060848915391 -0.0
0.0 0.3705257381117702 -0.0
0.0 0.3681975842223742 -0.0
0.0 0.3652215001040303 -0.0
0.0 0.3627820680856573 -0.0
0.0 0.35827887175897905 -0.0
0.0 0.3541757449148791 -0.0
0.0 0.34845611981779384 -0.0
0.0 0.34230538204218136 -0.0
0.0 0.3365039070158016 -0.0
0.0 0.3304661504094426 -0.0
0.0 0.32481105059095405 -0.0
0.0 0.3173100193610878 -0.0
0.0 0.31015516163321655 -0.0
0.0 0.30273701566577155 -0.0
0.0 0.29521838145121004 -0.0
0.0 0.28749287554639197 -0.0
0.0 0.2781807540741029 -0.0
0.0 0.2686958837950369 -0.0
0.0 0.2581819994881559 -0.0
0.0 0.24770039915174982 -0.0
0.0 0.23639824303629942 -0.0
0.0 0.22463878751371424 -0.0
0.0 0.21180348230578386 -0.0
0.0 0.19820691059164297 -0.0
0.0 0.18427413741944143 -0.0
0.0 0.17011423526138922 -0.0
0.0 0.1556858122005672 -0.0
0.0 0.1408631942495103 -0.0
0.0 0.1258712506238248 -0.0
0.0 0.11080750751641893 -0.0
0.0 0.09544773039527335 -0.0
0.0 0.0798765964742694 -0.0
0.0 0.06352688783141132 -0.0
0.0 0.044649450966219736 -0.0

VECTORS Vvpm_ApA float
-0.2948969304561615 0.7235979437828064 -0.23705202341079712
-0.30068716406822205 0.7034946084022522 -0.2601003646850586
-0.30447664856910706 0.6897139549255371 -0.2756638526916504
-0.3081847131252289 0.6756848692893982 -0.29131200909614563
-0.31163129210472107 0.6617150902748108 -0.3067777454853058
-0.31374332308769226 0.6529423594474792 -0.3163999319076538
-0.31631574034690857 0.6412885189056396 -0.32917025685310364
-0.3175441324710846 0.6354170441627502 -0.3355873227119446
-0.3208164870738983 0.6188890933990479 -0.35356542468070984
-0.32212838530540466 0.6115090250968933 -0.36158931255340576
-0.3227887451648712 0.6076241135597229 -0.36580777168273926
-0.32189759612083435 0.6126583218574524 -0.3603498339653015
-0.322849839925766 0.6074028611183167 -0.3660314381122589
-0.32243165373802185 0.6097387075424194 -0.36350107192993164
-0.32164040207862854 0.6141476035118103 -0.3587145507335663
-0.32091620564460754 0.6180481314659119 -0.3544865548610687
-0.3212098181247711 0.6163561940193176 -0.3563307523727417
-0.32262590527534485 0.6086333394050598 -0.36468949913978577
-0.32246145606040955 0.6095442175865173 -0.3637004792690277
-0.32267507910728455 0.6082160472869873 -0.3651474118232727
-0.32189980149269104 0.6125631928443909 -0.36043107509613037
-0.3207857310771942 0.6186349987983704 -0.3538443446159363
-0.3210153877735138 0.6173267960548401 -0.3552703261375427
-0.32064303755760193 0.6193318963050842 -0.3530883193016052
-0.3208666741847992 0.6180707812309265 -0.35446226596832275
-0.32249876856803894 0.6095221042633057 -0.363691508769989
-0.32266297936439514 0.6085065603256226 -0.36479756236076355
-0.32232555747032166 0.61039799451828 -0.36274993419647217
-0.32205405831336975 0.6118614077568054 -0.3611644208431244
-0.3222251832485199 0.6108202934265137 -0.3622996509075165
-0.32119980454444885 0.6164829134941101 -0.3561563789844513
-0.32137373089790344 0.615461528301239 -0.3572711944580078
-0.32070305943489075 0.6191295385360718 -0.35327810049057007
-0.31907907128334045 0.62755286693573 -0.3441086411476135
-0.31926873326301575 0.626547634601593 -0.34520667791366577
-0.319454163312912 0.6255638003349304 -0.34627974033355713
-0.3196351230144501 0.6246017813682556 -0.34732872247695923
-0.31981077790260315 0.6236600875854492 -0.3483555018901825
-0.31998082995414734 0.6227390170097351 -0.34935927391052246
-0.31913086771965027 0.6271035671234131 -0.3446120619773865
-0.3193260133266449 0.6260870099067688 -0.34571972489356995
-0.32459452748298645 0.5969857573509216 -0.37724244594573975
-0.3242371380329132 0.5991786122322083 -0.3748617172241211
-0.3243245780467987 0.598602294921875 -0.3754875361919403
-0.32440754771232605 0.5980368256568909 -0.37610360980033875
-0.32448723912239075 0.5974827408790588 -0.3767075836658478
-0.3245639503002167 0.5969403982162476 -0.37729912996292114
-0.32463791966438293 0.5964087247848511 -0.37787938117980957
-0.3235393464565277 0.6031754612922668 -0.370538592338562
-0.32456615567207336 0.5970239043235779 -0.3772099018096924
-0.32957735657691956 0.5601020455360413 -0.4172055721282959
-0.32456663250923157 0.5970262289047241 -0.3772065043449402
-0.32354167103767395 0.6031839847564697 -0.37052810192108154
-0.32463857531547546 0.596410870552063 -0.37787628173828125
-0.3245634138584137 0.5969412326812744 -0.377297580242157
-0.32448747754096985 0.5974844694137573 -0.37670469284057617
-0.3244077265262604 0.5980382561683655 -0.37610089778900146
-0.3243257701396942 0.5986048579216003 -0.37548378109931946
-0.324239045381546 0.599181592464447 -0.37485644221305847
-0.3245972692966461 0.5969870686531067 -0.3772384524345398
-0.31932780146598816 0.6260866522789001 -0.34571561217308044
-0.31913384795188904 0.6271045804023743 -0.3446064293384552
-0.31998398900032043 0.6227419972419739 -0.34935182332992554
-0.319814532995224 0.6236633658409119 -0.348347008228302
-0.31963905692100525 0.6246050000190735 -0.3473202586174011
-0.3194582760334015 0.6255673766136169 -0.3462710976600647
-0.3192727267742157 0.62655109167099 -0.34519824385643005
-0.3190818130970001 0.6275554299354553 -0.34410202503204346
-0.3207043707370758 0.6191338300704956 -0.35327136516571045
-0.3213742673397064 0.6154661178588867 -0.35726502537727356
-0.3211997449398041 0.6164873242378235 -0.35615110397338867
-0.3222246468067169 0.6108205318450928 -0.36229830980300903
-0.32205358147621155 0.6118621826171875 -0.3611631989479065
-0.3223249614238739 0.6103968024253845 -0.3627501130104065
-0.32266250252723694 0.6085071563720703 -0.36479616165161133
-0.32249853014945984 0.6095227003097534 -0.363689661026001
-0.3208666741847992 0.618073046207428 -0.3544584810733795
-0.32064321637153625 0.61933434009552 -0.3530842065811157
-0.3210160434246063 0.6173302531242371 -0.3552651107311249
-0.32078662514686584 0.6186386942863464 -0.35383883118629456
-0.3219009339809418 0.612565279006958 -0.3604266345500946
-0.3226763904094696 0.6082188487052917 -0.36514246463775635
-0.3224627673625946 0.6095471978187561 -0.36369553208351135
-0.32262763381004333 0.6086371541023254 -0.36468368768692017
-0.3212110102176666 0.6163614392280579 -0.35632380843162537
-0.3209172785282135 0.6180530786514282 -0.35447990894317627
-0.3216414749622345 0.614150881767273 -0.3587094247341156
-0.3224327266216278 0.609743058681488 -0.3634951412677765
-0.32285091280937195 0.6074084043502808 -0.3660244345664978
-0.32189878821372986 0.6126649379730225 -0.3603416681289673
-0.3227897584438324 0.6076298356056213 -0.36580073833465576
-0.3221301734447479 0.611513614654541 -0.3615829050540924
-0.3208182156085968 0.6188918352127075 -0.3535604476928711
-0.317545622587204 0.635417103767395 -0.33558404445648193
-0.31631746888160706 0.6412853598594666 -0.32916930317878723
-0.31374451518058777 0.6529373526573181 -0.31639981269836426
-0.31163230538368225 0.6617069840431213 -0.3067799508571625
-0.3081856071949005 0.6756758093833923 -0.29131510853767395
-0.30447712540626526 0.6897027492523193 -0.27566832304000854
-0.30068764090538025 0.7034822106361389 -0.26010507345199585
-0.2948969304561615 0.7235979437828064 -0.23705202341079712
-0.30068716406822205 0.7034946084022522 -0.2601003646850586
-0.30447664856910706 0.6897139549255371 -0.2756638526916504
-0.3081847131252289 0.6756848692893982 -0.29131200909614563
-0.31163129210472107 0.6617150902748108 -0.3067777454853058
-0.31374332308769226 0.6529423594474792 -0.3163999319076538
-0.31631574034690857 0.6412885189056396 -0.32917025685310364
-0.3175441324710846 0.6354170441627502 -0.3355873227119446
-0.3208164870738983 0.6188890933990479 -0.35356542468070984
-0.32212838530540466 0.6115090250968933 -0.36158931255340576
-0.3227887451648712 0.6076241135597229 -0.36580777168273926
-0.32189759612083435 0.6126583218574524 -0.3603498339653015
-0.322849839925766 0.6074028611183167 -0.3660314381122589
-0.32243165373802185 0.6097387075424194 -0.36350107192993164
-0.32164040207862854 0.6141476035118103 -0.3587145507335663
-0.32091620564460754 0.6180481314659119 -0.3544865548610687
-0.3212098181247711 0.6163561940193176 -0.3563307523727417
-0.32262590527534485 0.6086333394050598 -0.36468949913978577
-0.32246145606040955 0.6095442175865173 -0.3637004792690277
-0.32267507910728455 0.6082160472869873 -0.3651474118232727
-0.32189980149269104 0.6125631928443909 -0.36043107509613037
-0.3207857310771942 0.6186349987983704 -0.3538443446159363
-0.3210153877735138 0.6173267960548401 -0.3552703261375427
-0.32064303755760193 0.6193318963050842 -0.3530883193016052
-0.3208666741847992 0.6180707812309265 -0.35446226596832275
-0.32249876856803894 0.6095221042633057 -0.363691508769989
-0.32266297936439514 0.6085065603256226 -0.36479756236076355
-0.32232555747032166 0.61039799451828 -0.36274993419647217
-0.32205405831336975 0.6118614077568054 -0.3611644208431244
-0.3222251832485199 0.6108202934265137 -0.3622996509075165
-0.32119980454444885 0.6164829134941101 -0.3561563789844513
-0.32137373089790344 0.615461528301239 -0.3572711944580078
-0.32070305943489075 0.6191295385360718 -0.35327810049057007
-0.31907907128334045 0.62755286693573 -0.3441086411476135
-0.31926873326301575 0.626547634601593 -0.34520667791366577
-0.319454163312912 0.6255638003349304 -0.34627974033355713
-0.3196351230144501 0.6246017813682556 -0.34732872247695923
-0.31981077790260315 0.6236600875854492 -0.3483555018901825
-0.31998082995414734 0.6227390170097351 -0.34935927391052246
-0.31913086771965027 0.6271035671234131 -0.3446120619773865
-0.3193260133266449 0.6260870099067688 -0.34571972489356995
-0.32459452748298645 0.5969857573509216 -0.37724244594573975
-0.3242371380329132 0.5991786122322083 -0.3748617172241211
-0.3243245780467987 0.598602294921875 -0.3754875361919403
-0.32440754771232605 0.5980368256568909 -0.37610360980033875
-0.32448723912239075 0.5974827408790588 -0.3767075836658478
-0.3245639503002167 0.5969403982162476 -0.37729912996292114
-0.32463791966438293 0.5964087247848511 -0.37787938117980957
-0.3235393464565277 0.6031754612922668 -0.370538592338562
-0.32456615567207336 0.5970239043235779 -0.3772099018096924
-0.32957735657691956 0.5601020455360413 -0.4172055721282959
-0.32456663250923157 0.5970262289047241 -0.3772065043449402
-0.32354167103767395 0.6031839847564697 -0.37052810192108154
-0.32463857531547546 0.596410870552063 -0.37787628173828125
-0.3245634138584137 0.5969412326812744 -0.377297580242157
-0.32448747754096985 0.5974844694137573 -0.37670469284057617
-0.3244077265262604 0.5980382561683655 -0.37610089778900146
-0.3243257701396942 0.5986048579216003 -0.37548378109931946
-0.324239045381546 0.599181592464447 -0.37485644221305847
-0.3245972692966461 0.5969870686531067 -0.3772384524345398
-0.31932780146598816 0.6260866522789001 -0.34571561217308044
-0.31913384795188904 0.6271045804023743 -0.3446064293384552
-0.31998398900032043 0.6227419972419739 -0.34935182332992554
-0.319814532995224 0.6236633658409119 -0.348347008228302
-0.31963905692100525 0.6246050000190735 -0.3473202586174011
-0.3194582760334015 0.6255673766136169 -0.3462710976600647
-0.3192727267742157 0.62655109167099 -0.34519824385643005
-0.3190818130970001 0.6275554299354553 -0.34410202503204346
-0.3207043707370758 0.6191338300704956 -0.35327136516571045
-0.3213742673397064 0.6154661178588867 -0.35726502537727356
-0.3211997449398041 0.6164873242378235 -0.35615110397338867
-0.3222246468067169 0.6108205318450928 -0.36229830980300903
-0.32205358147621155 0.6118621826171875 -0.3611631989479065
-0.3223249614238739 0.6103968024253845 -0.3627501130104065
-0.32266250252723694 0.6085071563720703 -0.36479616165161133
-0.32249853014945984 0.6095227003097534 -0.363689661026001
-0.3208666741847992 0.618073046207428 -0.3544584810733795
-0.32064321637153625 0.61933434009552 -0.3530842065811157
-0.3210160434246063 0.6173302531242371 -0.3552651107311249
-0.32078662514686584 0.6186386942863464 -0.35383883118629456
-0.3219009339809418 0.612565279006958 -0.3604266345500946
-0.3226763904094696 0.6082188487052917 -0.36514246463775635
-0.3224627673625946 0.6095471978187561 -0.36369553208351135
-0.32262763381004333 0.6086371541023254 -0.36468368768692017
-0.3212110102176666 0.6163614392280579 -0.35632380843162537
-0.3209172785282135 0.6180530786514282 -0.35447990894317627
-0.3216414749622345 0.614150881767273 -0.3587094247341156
-0.3224327266216278 0.609743058681488 -0.3634951412677765
-0.32285091280937195 0.6074084043502808 -0.3660244345664978
-0.32189878821372986 0.6126649379730225 -0.3603416681289673
-0.3227897584438324 0.6076298356056213 -0.36580073833465576
-0.3221301734447479 0.611513614654541 -0.3615829050540924
-0.3208182156085968 0.6188918352127075 -0.3535604476928711
-0.317545622587204 0.635417103767395 -0.33558404445648193
-0.31631746888160706 0.6412853598594666 -0.32916930317878723
-0.31374451518058777 0.6529373526573181 -0.31639981269836426
-0.31163230538368225 0.6617069840431213 -0.3067799508571625
-0.3081856071949005 0.6756758093833923 -0.29131510853767395
-0.30447712540626526 0.6897027492523193 -0.27566832304000854
-0.30068764090538025 0.7034822106361389 -0.26010507345199585

VECTORS Vkin float
-0.0 -0.0 -0.0
-0.0 -0.0 -0.0
-0.0 -0.0 -0.0
-0.0 -0.0 -0.0
-0.0 -0.0 -0.0
-0.0 -0.0 -0.0
-0.0 -0.0 -0.0
-0.0 -0.0 -0.0
-0.0 -0.0 -0.0
-0.0 -0.0 -0.0
-0.0 -0.0 -0.0
-0.0 -0.0 -0.0
-0.0 -0.0 -0.0
-0.0 -0.0 -0.0
-0.0 -0.0 -0.0
-0.0 -0.0 -0.0
-0.0 -0.0 -0.0
-0.0 -0.0 -0.0
-0.0 -0.0 -0.0
-0.0 -0.0 -0.0
-0.0 -0.0 -0.0
-0.0 -0.0 -0.0
-0.0 -0.0 -0.0
-0.0 -0.0 -0.0
-0.0 -0.0 -0.0
-0.0 -0.0 -0.0
-0.0 -0.0 -0.0
-0.0 -0.0 -0.0
-0.0 -0.0 -0.0
-0.0 -0.0 -0.0
-0.0 -0.0 -0.0
-0.0 -0.0 -0.0
-0.0 -0.0 -0.0
-0.0 -0.0 -0.0
-0.0 -0.0 -0.0
-0.0 -0.0 -0.0
-0.0 -0.0 -0.0
-0.0 -0.0 -0.0
-0.0 -0.0 -0.0
-0.0 -0.0 -0.0
-0.0 -0.0 -0.0
-0.0 -0.0 -0.0
-0.0 -0.0 -0.0
-0.0 -0.0 -0.0
-0.0 -0.0 -0.0
-0.0 -0.0 -0.0
-0.0 -0.0 -0.0
-0.0 -0.0 -0.0
-0.0 -0.0 -0.0
-0.0 -0.0 -0.0
-0.0 -0.0 -0.0
-0.0 -0.0 -0.0
-0.0 -0.0 -0.0
-0.0 -0.0 -0.0
-0.0 -0.0 -0.0
-0.0 -0.0 -0.0
-0.0 -0.0 -0.0
-0.0 -0.0 -0.0
-0.0 -0.0 -0.0
-0.0 -0.0 -0.0
-0.0 -0.0 -0.0
-0.0 -0.0 -0.0
-0.0 -0.0 -0.0
-0.0 -0.0 -0.0
-0.0 -0.0 -0.0
-0.0 -0.0 -0.0
-0.0 -0.0 -0.0
-0.0 -0.0 -0.0
-0.0 -0.0 -0.0
-0.0 -0.0 -0.0
-0.0 -0.0 -0.0
-0.0 -0.0 -0.0
-0.0 -0.0 -0.0
-0.0 -0.0 -0.0
-0.0 -0.0 -0.0
-0.0 -0.0 -0.0
-0.0 -0.0 -0.0
-0.0 -0.0 -0.0
-0.0 -0.0 -0.0
-0.0 -0.0 -0.0
-0.0 -0.0 -0.0
-0.0 -0.0 -0.0
-0.0 -0.0 -0.0
-0.0 -0.0 -0.0
-0.0 -0.0 -0.0
-0.0 -0.0 -0.0
-0.0 -0.0 -0.0
-0.0 -0.0 -0.0
-0.0 -0.0 -0.0
-0.0 -0.0 -0.0
-0.0 -0.0 -0.0
-0.0 -0.0 -0.0
-0.0 -0.0 -0.0
-0.0 -0.0 -0.0
-0.0 -0.0 -0.0
-0.0 -0.0 -0.0
-0.0 -0.0 -0.0
-0.0 -0.0 -0.0
-0.0 -0.0 -0.0
-0.0 -0.0 -0.0
-0.0 -0.0 -0.0
-0.0 -0.0 -0.0
-0.0 -0.0 -0.0
-0.0 -0.0 -0.0
-0.0 -0.0 -0.0
-0.0 -0.0 -0.0
-0.0 -0.0 -0.0
-0.0 -0.0 -0.0
-0.0 -0.0 -0.0
-0.0 -0.0 -0.0
-0.0 -0.0 -0.0
-0.0 -0.0 -0.0
-0.0 -0.0 -0.0
-0.0 -0.0 -0.0
-0.0 -0.0 -0.0
-0.0 -0.0 -0.0
-0.0 -0.0 -0.0
-0.0 -0.0 -0.0
-0.0 -0.0 -0.0
-0.0 -0.0 -0.0
-0.0 -0.0 -0.0
-0.0 -0.0 -0.0
-0.0 -0.0 -0.0
-0.0 -0.0 -0.0
-0.0 -0.0 -0.0
-0.0 -0.0 -0.0
-0.0 -0.0 -0.0
-0.0 -0.0 -0.0
-0.0 -0.0 -0.0
-0.0 -0.0 -0.0
-0.0 -0.0 -0.0
-0.0 -0.0 -0.0
-0.0 -0.0 -0.0
-0.0 -0.0 -0.0
-0.0 -0.0 -0.0
-0.0 -0.0 -0.0
-0.0 -0.0 -0.0
-0.0 -0.0 -0.0
-0.0 -0.0 -0.0
-0.0 -0.0 -0.0
-0.0 -0.0 -0.0
-0.0 -0.0 -0.0
-0.0 -0.0 -0.0
-0.0 -0.0 -0.0
-0.0 -0.0 -0.0
-0.0 -0.0 -0.0
-0.0 -0.0 -0.0
-0.0 -0.0 -0.0
-0.0 -0.0 -0.0
-0.0 -0.0 -0.0
-0.0 -0.0 -0.0
-0.0 -0.0 -0.0
-0.0 -0.0 -0.0
-0.0 -0.0 -0.0
-0.0 -0.0 -0.0
-0.0 -0.0 -0.0
-0.0 -0.0 -0.0
-0.0 -0.0 -0.0
-0.0 -0.0 -0.0
-0.0 -0.0 -0.0
-0.0 -0.0 -0.0
-0.0 -0.0 -0.0
-0.0 -0.0 -0.0
-0.0 -0.0 -0.0
-0.0 -0.0 -0.0
-0.0 -0.0 -0.0
-0.0 -0.0 -0.0
-0.0 -0.0 -0.0
-0.0 -0.0 -0.0
-0.0 -0.0 -0.0
-0.0 -0.0 -0.0
-0.0 -0.0 -0.0
-0.0 -0.0 -0.0
-0.0 -0.0 -0.0
-0.0 -0.0 -0.0
-0.0 -0.0 -0.0
-0.0 -0.0 -0.0
-0.0 -0.0 -0.0
-0.0 -0.0 -0.0
-0.0 -0.0 -0.0
-0.0 -0.0 -0.0
-0.0 -0.0 -0.0
-0.0 -0.0 -0.0
-0.0 -0.0 -0.0
-0.0 -0.0 -0.0
-0.0 -0.0 -0.0
-0.0 -0.0 -0.0
-0.0 -0.0 -0.0
-0.0 -0.0 -0.0
-0.0 -0.0 -0.0
-0.0 -0.0 -0.0
-0.0 -0.0 -0.0
-0.0 -0.0 -0.0
-0.0 -0.0 -0.0
-0.0 -0.0 -0.0
-0.0 -0.0 -0.0
-0.0 -0.0 -0.0
-0.0 -0.0 -0.0
-0.0 -0.0 -0.0
-0.0 -0.0 -0.0

VECTORS Funs-vector float
0.0 0.0 4.1758040418738285e-10
0.0 0.0 6.242806869047471e-10
0.0 0.0 8.918268917985316e-10
0.0 0.0 8.067657586863706e-10
0.0 0.0 9.161697638084383e-10
0.0 0.0 1.033488819332717e-9
0.0 0.0 4.545583159889561e-10
0.0 0.0 9.378417066051103e-10
0.0 0.0 2.0144308874804272e-10
0.0 0.0 4.753526168147346e-10
0.0 0.0 4.0696467966230023e-10
0.0 0.0 1.770366199159958e-10
0.0 0.0 3.343392975279768e-10
0.0 0.0 9.173138380571364e-10
0.0 0.0 7.268987359234313e-10
0.0 0.0 1.7507208050037586e-9
0.0 0.0 1.8286634812209008e-9
0.0 0.0 2.7779990481055345e-9
0.0 0.0 4.329981330496962e-9
0.0 0.0 4.89686559068584e-9
0.0 0.0 5.700074770850095e-9
0.0 0.0 5.220402347070133e-9
0.0 0.0 -5.907057481102774e-11
0.0 0.0 1.7501311054089373e-9
0.0 0.0 2.570924954610859e-9
0.0 0.0 5.701688205763419e-9
0.0 0.0 5.111731943379323e-9
0.0 0.0 9.408268222343005e-9
0.0 0.0 5.191107823521001e-9
0.0 0.0 6.891878329848729e-9
0.0 0.0 -3.2765595574528592e-9
0.0 0.0 -1.7204501746091307e-8
0.0 0.0 -2.0311852866965802e-8
0.0 0.0 4.356408297734219e-9
0.0 0.0 -2.082553568558525e-9
0.0 0.0 5.790193677349633e-9
0.0 0.0 1.3024547287195822e-8
0.0 0.0 1.7396700294472512e-9
0.0 0.0 1.4998413225121243e-8
0.0 0.0 -4.056221987523431e-9
0.0 0.0 -1.8849951797081744e-8
0.0 0.0 -2.035541722413184e-8
0.0 0.0 -1.6192761921978655e-8
0.0 0.0 -1.918724224458976e-8
0.0 0.0 -2.241452320986445e-8
0.0 0.0 -2.6617069413763913e-8
0.0 0.0 -9.579727590565598e-9
0.0 0.0 -1.2558723261111182e-8
0.0 0.0 -1.5123332091874305e-8
0.0 0.0 -2.7590033843059865e-9
0.0 0.0 -8.438175937662197e-9
0.0 0.0 -6.840967672138147e-9
0.0 0.0 -6.984574303692592e-9
0.0 0.0 -8.365928349862223e-9
0.0 0.0 -1.328342680189986e-8
0.0 0.0 1.0071638489093504e-8
0.0 0.0 3.4006785448188958e-9
0.0 0.0 -4.887731926914195e-10
0.0 0.0 9.104382463725762e-9
0.0 0.0 7.004025546602962e-9
0.0 0.0 1.4521920650769974e-8
0.0 0.0 1.076790342737671e-8
0.0 0.0 6.289842324703408e-9
0.0 0.0 -3.6642136781260955e-10
0.0 0.0 2.4074889862127083e-9
0.0 0.0 1.4722145184403989e-8
0.0 0.0 1.1064045772527878e-8
0.0 0.0 1.23629547410231e-8
0.0 0.0 7.13920440290984e-9
0.0 0.0 3.98038598048581e-9
0.0 0.0 4.346368968389216e-9
0.0 0.0 6.274663857264008e-9
0.0 0.0 6.200054558316732e-9
0.0 0.0 3.938936592501194e-9
0.0 0.0 3.736129853954844e-9
0.0 0.0 2.261307034974751e-9
0.0 0.0 -3.967698429034896e-9
0.0 0.0 -1.155278197029126e-10
0.0 0.0 -1.680278778295716e-9
0.0 0.0 4.073593586193421e-9
0.0 0.0 4.159725340479948e-9
0.0 0.0 6.058278337926516e-9
0.0 0.0 9.866831272567487e-9
0.0 0.0 4.872063204554218e-9
0.0 0.0 2.1716564183508683e-9
0.0 0.0 2.4524827079975004e-9
0.0 0.0 1.1685091211930082e-9
0.0 0.0 3.329525758329005e-11
0.0 0.0 2.053121606743897e-9
0.0 0.0 1.8313287194402378e-9
0.0 0.0 2.079159528039999e-9
0.0 0.0 1.3513238767034908e-9
0.0 0.0 8.597114814163178e-10
0.0 0.0 9.920485219584176e-10
0.0 0.0 1.0995502870568178e-9
0.0 0.0 8.262892326955046e-10
0.0 0.0 6.462756140638777e-10
0.0 0.0 6.145021584860739e-10
0.0 0.0 2.982227799999185e-10
0.0 0.0 9.693405061900605e-11
0.0 0.0 4.1758040418738285e-10
0.0 0.0 6.242806869047471e-10
0.0 0.0 8.918268917985316e-10
0.0 0.0 8.067657586863706e-10
0.0 0.0 9.161697638084383e-10
0.0 0.0 1.033488819332717e-9
0.0 0.0 4.545583159889561e-10
0.0 0.0 9.378417066051103e-10
0.0 0.0 2.0144308874804272e-10
0.0 0.0 4.753526168147346e-10
0.0 0.0 4.0696467966230023e-10
0.0 0.0 1.770366199159958e-10
0.0 0.0 3.343392975279768e-10
0.0 0.0 9.173138380571364e-10
0.0 0.0 7.268987359234313e-10
0.0 0.0 1.7507208050037586e-9
0.0 0.0 1.8286634812209008e-9
0.0 0.0 2.7779990481055345e-9
0.0 0.0 4.329981330496962e-9
0.0 0.0 4.89686559068584e-9
0.0 0.0 5.700074770850095e-9
0.0 0.0 5.220402347070133e-9
0.0 0.0 -5.907057481102774e-11
0.0 0.0 1.7501311054089373e-9
0.0 0.0 2.570924954610859e-9
0.0 0.0 5.701688205763419e-9
0.0 0.0 5.111731943379323e-9
0.0 0.0 9.408268222343005e-9
0.0 0.0 5.191107823521001e-9
0.0 0.0 6.891878329848729e-9
0.0 0.0 -3.2765595574528592e-9
0.0 0.0 -1.7204501746091307e-8
0.0 0.0 -2.0311852866965802e-8
0.0 0.0 4.356408297734219e-9
0.0 0.0 -2.082553568558525e-9
0.0 0.0 5.790193677349633e-9
0.0 0.0 1.3024547287195822e-8
0.0 0.0 1.7396700294472512e-9
0.0 0.0 1.4998413225121243e-8
0.0 0.0 -4.056221987523431e-9
0.0 0.0 -1.8849951797081744e-8
0.0 0.0 -2.035541722413184e-8
0.0 0.0 -1.6192761921978655e-8
0.0 0.0 -1.918724224458976e-8
0.0 0.0 -2.241452320986445e-8
0.0 0.0 -2.6617069413763913e-8
0.0 0.0 -9.579727590565598e-9
0.0 0.0 -1.2558723261111182e-8
0.0 0.0 -1.5123332091874305e-8
0.0 0.0 -2.7590033843059865e-9
0.0 0.0 -8.438175937662197e-9
0.0 0.0 -6.840967672138147e-9
0.0 0.0 -6.984574303692592e-9
0.0 0.0 -8.365928349862223e-9
0.0 0.0 -1.328342680189986e-8
0.0 0.0 1.0071638489093504e-8
0.0 0.0 3.4006785448188958e-9
0.0 0.0 -4.887731926914195e-10
0.0 0.0 9.104382463725762e-9
0.0 0.0 7.004025546602962e-9
0.0 0.0 1.4521920650769974e-8
0.0 0.0 1.076790342737671e-8
0.0 0.0 6.289842324703408e-9
0.0 0.0 -3.6642136781260955e-10
0.0 0.0 2.4074889862127083e-9
0.0 0.0 1.4722145184403989e-8
0.0 0.0 1.1064045772527878e-8
0.0 0.0 1.23629547410231e-8
0.0 0.0 7.13920440290984e-9
0.0 0.0 3.98038598048581e-9
0.0 0.0 4.346368968389216e-9
0.0 0.0 6.274663857264008e-9
0.0 0.0 6.200054558316732e-9
0.0 0.0 3.938936592501194e-9
0.0 0.0 3.736129853954844e-9
0.0 0.0 2.261307034974751e-9
0.0 0.0 -3.967698429034896e-9
0.0 0.0 -1.155278197029126e-10
0.0 0.0 -1.680278778295716e-9
0.0 0.0 4.073593586193421e-9
0.0 0.0 4.159725340479948e-9
0.0 0.0 6.058278337926516e-9
0.0 0.0 9.866831272567487e-9
0.0 0.0 4.872063204554218e-9
0.0 0.0 2.1716564183508683e-9
0.0 0.0 2.4524827079975004e-9
0.0 0.0 1.1685091211930082e-9
0.0 0.0 3.329525758329005e-11
0.0 0.0 2.053121606743897e-9
0.0 0.0 1.8313287194402378e-9
0.0 0.0 2.079159528039999e-9
0.0 0.0 1.3513238767034908e-9
0.0 0.0 8.597114814163178e-10
0.0 0.0 9.920485219584176e-10
0.0 0.0 1.0995502870568178e-9
0.0 0.0 8.262892326955046e-10
0.0 0.0 6.462756140638777e-10
0.0 0.0 6.145021584860739e-10
0.0 0.0 2.982227799999185e-10
0.0 0.0 9.693405061900605e-11

VECTORS Ftot float
-0.02658385497095525 -0.04489624040224031 0.025594607077102295
-0.04217735090907733 -0.06385318797084824 0.04153636120210548
-0.05523460707853268 -0.08027400259636851 0.05864505010434531
-0.06756890882654694 -0.0959719443334153 0.07745946647881762
-0.07961251986053086 -0.11137923707800261 0.09811030639449805
-0.09128831972460494 -0.12641871162718632 0.12063227745164323
-0.10298770925092192 -0.14148221372835565 0.14495029580490842
-0.1144646437980054 -0.15632274938796922 0.17106664864377874
-0.12562263171682345 -0.17084448505285083 0.1989256087423312
-0.13658801391198244 -0.18517337155140376 0.2284343026747233
-0.14718120719579864 -0.19912990813261539 0.25953437026916554
-0.15755873930460473 -0.21287107732873192 0.29212969982269904
-0.16689231510728478 -0.22556816226999296 0.32620347945640654
-0.1752049566656838 -0.23724432459238073 0.3615541540165869
-0.18326846978547262 -0.24867124759026515 0.39791980153135403
-0.19043303012870377 -0.2591992924141767 0.43523309365339885
-0.19733633713210158 -0.26946639504746983 0.47326765767171847
-0.20358805063583035 -0.27908158720335724 0.5119454946573533
-0.20956035693561767 -0.28841735065326474 0.5511038355825061
-0.2138677103928746 -0.29608823477145313 0.5907259502389813
-0.2179830010218661 -0.3035667644415762 0.6303955658856719
-0.2220003200281158 -0.3109475792204401 0.6699730787544252
-0.22573742430428295 -0.3180482036731339 0.7093779406477366
-0.2298811323193781 -0.3255557200324345 0.7484719786071968
-0.2326356321643369 -0.3316738402605604 0.7873889446368544
-0.23554279488861848 -0.33794709549351026 0.8257567583848499
-0.23821030276886648 -0.34397813397844684 0.8635546534044867
-0.24123939888886362 -0.3503707384181299 0.9006657164161048
-0.2438516671271663 -0.3563465144331368 0.9372041040149932
-0.24486882820982114 -0.36072684914632 0.9731952248696097
-0.2463258133837192 -0.36554730707402255 1.0082174746720118
-0.24583119184789667 -0.3684161441260735 1.0425041979597145
-0.24445107881986056 -0.37039992210554523 1.0756148729840744
-0.24314242480073037 -0.37245487468073857 1.1072461350809486
-0.24122600926238538 -0.3739020701931055 1.1374412231461808
-0.23854020243171598 -0.37457986098866214 1.1661195684327812
-0.23490394786944316 -0.3743090264319234 1.1931560174784737
-0.23144586254424196 -0.3742144518759797 1.218297176802079
-0.22631291161171424 -0.3724450197669448 1.241808193105297
-0.2199008743620377 -0.36939685238149234 1.263397714216784
-0.2120336191947103 -0.36489344127282414 1.2828397171308987
-0.20366568644293956 -0.359889031426918 1.299757711887286
-0.19525542871394774 -0.3548423399074549 1.314124421993141
-0.18352041092533666 -0.34647087450188085 1.32654842393731
-0.1688808195040179 -0.335194825444496 1.3365557007211362
-0.14929412499902725 -0.3189716699791007 1.3440888364429604
-0.12030540341498863 -0.29334639486672426 1.3491767316602112
-0.06880517139572348 -0.2452096790546312 1.3522276927051167
0.06059488902116619 -0.1191741404147889 1.3546900111082492
0.7590560071641423 0.5759192412325209 1.3577789409068073
0.7542156117778293 -0.5710790272603855 1.202591954647266
0.057792981882576235 0.12197557718053592 1.1991452827739224
-0.06915405098543592 0.24555809323434527 1.19703917869071
-0.12083863303805273 0.2938791920239906 1.1940136803835892
-0.14990130177406882 0.3195784154009647 1.189098378910235
-0.16965205653014515 0.33596564400025486 1.1819255173170415
-0.18543321025238668 0.3483832741664999 1.1722687896727073
-0.1951772844041654 0.3547638056377646 1.1612006778469335
-0.2053691880386599 0.3615921718275471 1.1477144788802423
-0.21309971541332245 0.3659591701567151 1.1323556741039342
-0.22059283846317096 0.37008847545408674 1.1148732041315361
-0.22668493509214052 0.3728167162116892 1.0955708991158915
-0.2315692854637765 0.3743375683224816 1.07461839781483
-0.23536135039751102 0.3747661275212276 1.0521618199312435
-0.2381318990073252 0.374171051496376 1.028342972664994
-0.23943051013386135 0.3721060848915391 1.0033720061044535
-0.24121374768939188 0.3705257381117702 0.9769758346371564
-0.24224918181734273 0.3681975842223742 0.949356113763823
-0.24263680189206213 0.3652215001040303 0.9206061988576812
-0.2435608275501773 0.3627820680856573 0.890606338951058
-0.24242108986139763 0.35827887175897905 0.8598785916261227
-0.24168119614030306 0.3541757449148791 0.8282422915095338
-0.23932506263464945 0.34845611981779384 0.7960815421128316
-0.23653781776181745 0.34230538204218136 0.7633799239752195
-0.23409986896893942 0.3365039070158016 0.7300408602437927
-0.23142811496851193 0.3304661504094426 0.6961682319416808
-0.22913654730180796 0.32481105059095405 0.6617419282195315
-0.22499941289647968 0.3173100193610878 0.627203497383208
-0.22120806699819545 0.31015516163321655 0.5924182021030878
-0.21715340514731576 0.30273701566577155 0.5574939032178398
-0.21299803954391236 0.29521838145121004 0.5224985851884189
-0.20863600504127353 0.28749287554639197 0.4875546300284875
-0.2026873261269181 0.2781807540741029 0.4530112782722094
-0.19656592632219608 0.2686958837950369 0.4188739122292705
-0.18941584762244462 0.2581819994881559 0.38535713986140363
-0.1822977248607039 0.24770039915174982 0.3524524007816154
-0.17435895727974235 0.23639824303629942 0.32036245724738427
-0.16596299340267204 0.22463878751371424 0.2891921294752967
-0.1564911665101054 0.21180348230578386 0.25916609911748956
-0.1462582464153758 0.19820691059164297 0.2304057049494156
-0.13568884991741365 0.18427413741944143 0.20296043738585753
-0.12489246334425078 0.17011423526138922 0.17688562309291522
-0.1138278172363012 0.1556858122005672 0.15225681147721698
-0.10236880845768347 0.1408631942495103 0.129167390070378
-0.0907409501023651 0.1258712506238248 0.1076537473316768
-0.07904089394036395 0.11080750751641893 0.0877343008040305
-0.06704478570991024 0.09544773039527335 0.06945434943317806
-0.05483728884416896 0.0798765964742694 0.052768939096392006
-0.04185112685160561 0.06352688783141132 0.037583032216914475
-0.026337140792374925 0.044649450966219736 0.02342507198554613
-0.02658385497095525 -0.04489624040224031 0.025594607077102295
-0.04217735090907733 -0.06385318797084824 0.04153636120210548
-0.05523460707853268 -0.08027400259636851 0.05864505010434531
-0.06756890882654694 -0.0959719443334153 0.07745946647881762
-0.07961251986053086 -0.11137923707800261 0.09811030639449805
-0.09128831972460494 -0.12641871162718632 0.12063227745164323
-0.10298770925092192 -0.14148221372835565 0.14495029580490842
-0.1144646437980054 -0.15632274938796922 0.17106664864377874
-0.12562263171682345 -0.17084448505285083 0.1989256087423312
-0.13658801391198244 -0.18517337155140376 0.2284343026747233
-0.14718120719579864 -0.19912990813261539 0.25953437026916554
-0.15755873930460473 -0.21287107732873192 0.29212969982269904
-0.16689231510728478 -0.22556816226999296 0.32620347945640654
-0.1752049566656838 -0.23724432459238073 0.3615541540165869
-0.18326846978547262 -0.24867124759026515 0.39791980153135403
-0.19043303012870377 -0.2591992924141767 0.43523309365339885
-0.19733633713210158 -0.26946639504746983 0.47326765767171847
-0.20358805063583035 -0.27908158720335724 0.5119454946573533
-0.20956035693561767 -0.28841735065326474 0.5511038355825061
-0.2138677103928746 -0.29608823477145313 0.5907259502389813
-0.2179830010218661 -0.3035667644415762 0.6303955658856719
-0.2220003200281158 -0.3109475792204401 0.6699730787544252
-0.22573742430428295 -0.3180482036731339 0.7093779406477366
-0.2298811323193781 -0.3255557200324345 0.7484719786071968
-0.2326356321643369 -0.3316738402605604 0.7873889446368544
-0.23554279488861848 -0.33794709549351026 0.8257567583848499
-0.23821030276886648 -0.34397813397844684 0.8635546534044867
-0.24123939888886362 -0.3503707384181299 0.9006657164161048
-0.2438516671271663 -0.3563465144331368 0.9372041040149932
-0.24486882820982114 -0.36072684914632 0.9731952248696097
-0.2463258133837192 -0.36554730707402255 1.0082174746720118
-0.24583119184789667 -0.3684161441260735 1.0425041979597145
-0.24445107881986056 -0.37039992210554523 1.0756148729840744
-0.24314242480073037 -0.37245487468073857 1.1072461350809486
-0.24122600926238538 -0.3739020701931055 1.1374412231461808
-0.23854020243171598 -0.37457986098866214 1.1661195684327812
-0.23490394786944316 -0.3743090264319234 1.1931560174784737
-0.23144586254424196 -0.3742144518759797 1.218297176802079
-0.22631291161171424 -0.3724450197669448 1.241808193105297
-0.2199008743620377 -0.36939685238149234 1.263397714216784
-0.2120336191947103 -0.36489344127282414 1.2828397171308987
-0.20366568644293956 -0.359889031426918 1.299757711887286
-0.19525542871394774 -0.3548423399074549 1.314124421993141
-0.18352041092533666 -0.34647087450188085 1.32654842393731
-0.1688808195040179 -0.335194825444496 1.3365557007211362
-0.14929412499902725 -0.3189716699791007 1.3440888364429604
-0.12030540341498863 -0.29334639486672426 1.3491767316602112
-0.06880517139572348 -0.2452096790546312 1.3522276927051167
0.06059488902116619 -0.1191741404147889 1.3546900111082492
0.7590560071641423 0.5759192412325209 1.3577789409068073
0.7542156117778293 -0.5710790272603855 1.202591954647266
0.057792981882576235 0.12197557718053592 1.1991452827739224
-0.06915405098543592 0.24555809323434527 1.19703917869071
-0.12083863303805273 0.2938791920239906 1.1940136803835892
-0.14990130177406882 0.3195784154009647 1.189098378910235
-0.16965205653014515 0.33596564400025486 1.1819255173170415
-0.18543321025238668 0.3483832741664999 1.1722687896727073
-0.1951772844041654 0.3547638056377646 1.1612006778469335
-0.2053691880386599 0.3615921718275471 1.1477144788802423
-0.21309971541332245 0.3659591701567151 1.1323556741039342
-0.22059283846317096 0.37008847545408674 1.1148732041315361
-0.22668493509214052 0.3728167162116892 1.0955708991158915
-0.2315692854637765 0.3743375683224816 1.07461839781483
-0.23536135039751102 0.3747661275212276 1.0521618199312435
-0.2381318990073252 0.374171051496376 1.028342972664994
-0.23943051013386135 0.3721060848915391 1.0033720061044535
-0.24121374768939188 0.3705257381117702 0.9769758346371564
-0.24224918181734273 0.3681975842223742 0.949356113763823
-0.24263680189206213 0.3652215001040303 0.9206061988576812
-0.2435608275501773 0.3627820680856573 0.890606338951058
-0.24242108986139763 0.35827887175897905 0.8598785916261227
-0.24168119614030306 0.3541757449148791 0.8282422915095338
-0.23932506263464945 0.34845611981779384 0.7960815421128316
-0.23653781776181745 0.34230538204218136 0.7633799239752195
-0.23409986896893942 0.3365039070158016 0.7300408602437927
-0.23142811496851193 0.3304661504094426 0.6961682319416808
-0.22913654730180796 0.32481105059095405 0.6617419282195315
-0.22499941289647968 0.3173100193610878 0.627203497383208
-0.22120806699819545 0.31015516163321655 0.5924182021030878
-0.21715340514731576 0.30273701566577155 0.5574939032178398
-0.21299803954391236 0.29521838145121004 0.5224985851884189
-0.20863600504127353 0.28749287554639197 0.4875546300284875
-0.2026873261269181 0.2781807540741029 0.4530112782722094
-0.19656592632219608 0.2686958837950369 0.4188739122292705
-0.18941584762244462 0.2581819994881559 0.38535713986140363
-0.1822977248607039 0.24770039915174982 0.3524524007816154
-0.17435895727974235 0.23639824303629942 0.32036245724738427
-0.16596299340267204 0.22463878751371424 0.2891921294752967
-0.1564911665101054 0.21180348230578386 0.25916609911748956
-0.1462582464153758 0.19820691059164297 0.2304057049494156
-0.13568884991741365 0.18427413741944143 0.20296043738585753
-0.12489246334425078 0.17011423526138922 0.17688562309291522
-0.1138278172363012 0.1556858122005672 0.15225681147721698
-0.10236880845768347 0.1408631942495103 0.129167390070378
-0.0907409501023651 0.1258712506238248 0.1076537473316768
-0.07904089394036395 0.11080750751641893 0.0877343008040305
-0.06704478570991024 0.09544773039527335 0.06945434943317806
-0.05483728884416896 0.0798765964742694 0.052768939096392006
-0.04185112685160561 0.06352688783141132 0.037583032216914475
-0.026337140792374925 0.044649450966219736 0.02342507198554613

VECTORS Vvpm_AB float
-0.32946380972862244 0.560087263584137 -0.41737961769104004
-0.3294612467288971 0.5600853562355042 -0.4173844754695892
-0.32946839928627014 0.5600885152816772 -0.41737839579582214
-0.3294924199581146 0.5600922107696533 -0.41736659407615667
-0.3295094072818756 0.5600969791412354 -0.4173545837402344
-0.32953163981437683 0.5600998401641846 -0.4173448383808136
-0.3295884430408478 0.5601115822792053 -0.4173103272914887
-0.3295954167842865 0.5601117014884949 -0.4173097610473633
-0.32960447669029236 0.5601136684417725 -0.4173021614551544
-0.32959070801734924 0.5601121783256531 -0.41730752587318426
-0.3295740783214569 0.560107946395874 -0.41731908917427063
-0.32957038283348083 0.5601073503494263 -0.41731727123260504
-0.3295576870441437 0.5601060390472412 -0.4173208475112915
-0.3295471966266632 0.5601051449775696 -0.41732358932495117
-0.32954129576683044 0.5601024031639099 -0.41732949018478394
-0.32953140139579773 0.5601014494895935 -0.41733273863792425
-0.3295353949069977 0.5601018071174622 -0.41732573509216314
-0.32952579855918884 0.560100793838501 -0.4173290729522705
-0.3295165002346039 0.560099720954895 -0.41733273863792425
-0.32950887084007263 0.5600987672805786 -0.41733413934707647
-0.3295036256313324 0.5600947737693787 -0.41734263300895696
-0.32949820160865784 0.5600945353507996 -0.417344331741333
-0.3294925391674042 0.5600941181182861 -0.41734537482261663
-0.3294943869113922 0.560093879699707 -0.41733950376510615
-0.3294889032840729 0.5600938200950623 -0.4173384904861451
-0.3295787274837494 0.5601091980934143 -0.41728064417839045
-0.3295714557170868 0.5601085424423218 -0.4172833561897277
-0.3295641243457794 0.5601074695587158 -0.417286366224289
-0.3295568525791168 0.560106635093689 -0.4172892272472382
-0.3295564353466034 0.560101330280304 -0.4172977507114411
-0.32955029606819153 0.5601000189781189 -0.4173007309436798
-0.32954439520835876 0.5600990056991577 -0.41730380058288574
-0.3295440971851349 0.5600988268852234 -0.41729906201362615
-0.32954129576683044 0.5600988268852234 -0.41729941964149475
-0.3295380771160126 0.560099184513092 -0.41729971766471863
-0.3295347988605499 0.5600990653038025 -0.41730022430419916
-0.3295608460903168 0.5601010918617249 -0.41727110743522644
-0.32955530285835266 0.5601004362106323 -0.41727367043495184
-0.3295500576496124 0.5600997805595398 -0.417275995016098
-0.3295481503009796 0.5601017475128174 -0.41727301478385925
-0.3295455276966095 0.560103714466095 -0.4172705709934234
-0.3295404613018036 0.5601029396057129 -0.41727277636528015
-0.3295358121395111 0.5601027607917786 -0.4172742962837219
-0.32953080534935 0.5601021647453308 -0.41727596521377563
-0.32952603697776794 0.5601021647453308 -0.41727769374847407
-0.32952097058296204 0.5601013898849487 -0.41727942228317266
-0.329515665769577 0.560100793838501 -0.4172822535037995
-0.32951053977012634 0.560100257396698 -0.41728413105010986
-0.3295353949069977 0.5601048469543457 -0.4172723293304444
-0.32960936427116394 0.5601089000701904 -0.4172206223011017
-0.3296094834804535 0.5601064562797546 -0.4172227382659912
-0.32953545451164246 0.5600982904434204 -0.4172779321670533
-0.329510360956192 0.5600935220718384 -0.4172897934913635
-0.3295154869556427 0.5600939393043518 -0.41728761792182917
-0.32952138781547546 0.5600955486297607 -0.4172848463058471
-0.32952597737312317 0.5600957274436951 -0.4172830879688263
-0.3295309841632843 0.5600959658622742 -0.41728121042251587
-0.3295356333255768 0.5600963830947876 -0.41727954149246216
-0.32954058051109314 0.5600969791412354 -0.41727772355079645
-0.3295459449291229 0.5600976347923279 -0.41727569699287415
-0.3295481503009796 0.5600962042808533 -0.4172779023647309
-0.32954999804496765 0.5600938200950623 -0.4172807931900025
-0.329555481672287 0.5600947141647339 -0.4172782599925995
-0.3295605480670929 0.5600956678390503 -0.4172757565975189
-0.32953503727912903 0.5600898265838623 -0.41730818152427673
-0.3295383155345917 0.5600895881652832 -0.41730755567550665
-0.32954153418540955 0.5600900053977966 -0.4173070192337036
-0.32954445481300354 0.5600900053977966 -0.4173065423965454
-0.32954439520835876 0.5600936412811279 -0.4173082411289215
-0.3295506536960602 0.560094952583313 -0.41730526089668274
-0.3295566141605377 0.5600962042808533 -0.4173021614551544
-0.32955673336982727 0.5600997805595398 -0.41729491949081426
-0.3295641243457794 0.5601010322570801 -0.4172919094562531
-0.3295716941356659 0.5601019263267517 -0.41728875041007996
-0.3295789062976837 0.5601029396057129 -0.4172861278057098
-0.3294890820980072 0.5600897073745728 -0.4173422157764435
-0.3294946253299713 0.5600917339324951 -0.4173413813114166
-0.3294928967952728 0.560089647769928 -0.4173493683338165
-0.32949820160865784 0.5600897073745728 -0.4173482954502106
-0.3295038640499115 0.560090184211731 -0.4173464477062225
-0.3295091688632965 0.5600934624671936 -0.41733887791633606
-0.3295166790485382 0.560096025466919 -0.4173360764980316
-0.32952603697776794 0.5600970983505249 -0.41733214259147644
-0.32953545451164246 0.5600983500480652 -0.41732871532440186
-0.32953163981437683 0.5600970983505249 -0.4173361659049988
-0.3295411765575409 0.5600982308387756 -0.4173328876495362
-0.32954731583595276 0.5601016283035278 -0.417326420545578
-0.3295576870441437 0.5601040124893188 -0.41732278466224665
-0.32957032322883606 0.5601062178611755 -0.4173181354999542
-0.3295745551586151 0.5601060390472412 -0.41732057929039
-0.3295905888080597 0.5601083636283875 -0.4173106253147125
-0.32960471510887146 0.5601091384887695 -0.4173060059547425
-0.3295954167842865 0.5601049661636353 -0.41731542348861694
-0.32958880066871643 0.5601040124893188 -0.41731691360473633
-0.32953163981437683 0.5600929260253906 -0.4173504114151001
-0.3295097053050995 0.5600888133049011 -0.4173615574836731
-0.3294928967952728 0.5600841045379639 -0.41737341880798345
-0.32946857810020447 0.5600794553756714 -0.4173859059810638
-0.3294614255428314 0.5600763559341431 -0.41739198565483093
-0.32946404814720154 0.5600769519805908 -0.4173884093761444
-0.32946380972862244 0.560087263584137 -0.41737961769104004
-0.3294612467288971 0.5600853562355042 -0.4173844754695892
-0.32946839928627014 0.5600885152816772 -0.41737839579582214
-0.3294924199581146 0.5600922107696533 -0.41736659407615667
-0.3295094072818756 0.5600969791412354 -0.4173545837402344
-0.32953163981437683 0.5600998401641846 -0.4173448383808136
-0.3295884430408478 0.5601115822792053 -0.4173103272914887
-0.3295954167842865 0.5601117014884949 -0.4173097610473633
-0.32960447669029236 0.5601136684417725 -0.4173021614551544
-0.32959070801734924 0.5601121783256531 -0.41730752587318426
-0.3295740783214569 0.560107946395874 -0.41731908917427063
-0.32957038283348083 0.5601073503494263 -0.41731727123260504
-0.3295576870441437 0.5601060390472412 -0.4173208475112915
-0.3295471966266632 0.5601051449775696 -0.41732358932495117
-0.32954129576683044 0.5601024031639099 -0.41732949018478394
-0.32953140139579773 0.5601014494895935 -0.41733273863792425
-0.3295353949069977 0.5601018071174622 -0.41732573509216314
-0.32952579855918884 0.560100793838501 -0.4173290729522705
-0.3295165002346039 0.560099720954895 -0.41733273863792425
-0.32950887084007263 0.5600987672805786 -0.41733413934707647
-0.3295036256313324 0.5600947737693787 -0.41734263300895696
-0.32949820160865784 0.5600945353507996 -0.417344331741333
-0.3294925391674042 0.5600941181182861 -0.41734537482261663
-0.3294943869113922 0.560093879699707 -0.41733950376510615
-0.3294889032840729 0.5600938200950623 -0.4173384904861451
-0.3295787274837494 0.5601091980934143 -0.41728064417839045
-0.3295714557170868 0.5601085424423218 -0.4172833561897277
-0.3295641243457794 0.5601074695587158 -0.417286366224289
-0.3295568525791168 0.560106635093689 -0.4172892272472382
-0.3295564353466034 0.560101330280304 -0.4172977507114411
-0.32955029606819153 0.5601000189781189 -0.4173007309436798
-0.32954439520835876 0.5600990056991577 -0.41730380058288574
-0.3295440971851349 0.5600988268852234 -0.41729906201362615
-0.32954129576683044 0.5600988268852234 -0.41729941964149475
-0.3295380771160126 0.560099184513092 -0.41729971766471863
-0.3295347988605499 0.5600990653038025 -0.41730022430419916
-0.3295608460903168 0.5601010918617249 -0.41727110743522644
-0.32955530285835266 0.5601004362106323 -0.41727367043495184
-0.3295500576496124 0.5600997805595398 -0.417275995016098
-0.3295481503009796 0.5601017475128174 -0.41727301478385925
-0.3295455276966095 0.560103714466095 -0.4172705709934234
-0.3295404613018036 0.5601029396057129 -0.41727277636528015
-0.3295358121395111 0.5601027607917786 -0.4172742962837219
-0.32953080534935 0.5601021647453308 -0.41727596521377563
-0.32952603697776794 0.5601021647453308 -0.41727769374847407
-0.32952097058296204 0.5601013898849487 -0.41727942228317266
-0.329515665769577 0.560100793838501 -0.4172822535037995
-0.32951053977012634 0.560100257396698 -0.41728413105010986
-0.3295353949069977 0.5601048469543457 -0.4172723293304444
-0.32960936427116394 0.5601089000701904 -0.4172206223011017
-0.3296094834804535 0.5601064562797546 -0.4172227382659912
-0.32953545451164246 0.5600982904434204 -0.4172779321670533
-0.329510360956192 0.5600935220718384 -0.4172897934913635
-0.3295154869556427 0.5600939393043518 -0.41728761792182917
-0.32952138781547546 0.5600955486297607 -0.4172848463058471
-0.32952597737312317 0.5600957274436951 -0.4172830879688263
-0.3295309841632843 0.5600959658622742 -0.41728121042251587
-0.3295356333255768 0.5600963830947876 -0.41727954149246216
-0.32954058051109314 0.5600969791412354 -0.41727772355079645
-0.3295459449291229 0.5600976347923279 -0.41727569699287415
-0.3295481503009796 0.5600962042808533 -0.4172779023647309
-0.32954999804496765 0.5600938200950623 -0.4172807931900025
-0.329555481672287 0.5600947141647339 -0.4172782599925995
-0.3295605480670929 0.5600956678390503 -0.4172757565975189
-0.32953503727912903 0.5600898265838623 -0.41730818152427673
-0.3295383155345917 0.5600895881652832 -0.41730755567550665
-0.32954153418540955 0.5600900053977966 -0.4173070192337036
-0.32954445481300354 0.5600900053977966 -0.4173065423965454
-0.32954439520835876 0.5600936412811279 -0.4173082411289215
-0.3295506536960602 0.560094952583313 -0.41730526089668274
-0.3295566141605377 0.5600962042808533 -0.4173021614551544
-0.32955673336982727 0.5600997805595398 -0.41729491949081426
-0.3295641243457794 0.5601010322570801 -0.4172919094562531
-0.3295716941356659 0.5601019263267517 -0.41728875041007996
-0.3295789062976837 0.5601029396057129 -0.4172861278057098
-0.3294890820980072 0.5600897073745728 -0.4173422157764435
-0.3294946253299713 0.5600917339324951 -0.4173413813114166
-0.3294928967952728 0.560089647769928 -0.4173493683338165
-0.32949820160865784 0.5600897073745728 -0.4173482954502106
-0.3295038640499115 0.560090184211731 -0.4173464477062225
-0.3295091688632965 0.5600934624671936 -0.41733887791633606
-0.3295166790485382 0.560096025466919 -0.4173360764980316
-0.32952603697776794 0.5600970983505249 -0.41733214259147644
-0.32953545451164246 0.5600983500480652 -0.41732871532440186
-0.32953163981437683 0.5600970983505249 -0.4173361659049988
-0.3295411765575409 0.5600982308387756 -0.4173328876495362
-0.32954731583595276 0.5601016283035278 -0.417326420545578
-0.3295576870441437 0.5601040124893188 -0.41732278466224665
-0.32957032322883606 0.5601062178611755 -0.4173181354999542
-0.3295745551586151 0.5601060390472412 -0.41732057929039
-0.3295905888080597 0.5601083636283875 -0.4173106253147125
-0.32960471510887146 0.5601091384887695 -0.4173060059547425
-0.3295954167842865 0.5601049661636353 -0.41731542348861694
-0.32958880066871643 0.5601040124893188 -0.41731691360473633
-0.32953163981437683 0.5600929260253906 -0.4173504114151001
-0.3295097053050995 0.5600888133049011 -0.4173615574836731
-0.3294928967952728 0.5600841045379639 -0.41737341880798345
-0.32946857810020447 0.5600794553756714 -0.4173859059810638
-0.3294614255428314 0.5600763559341431 -0.41739198565483093
-0.32946404814720154 0.5600769519805908 -0.4173884093761444