# vtk DataFile Version 4.0
[MyVLM domain - lattices] 
ASCII
DATASET UNSTRUCTURED_GRID
POINTS 302 float
1.2444999999999997 -1.2445 0.0
1.2399745454545452 -1.2399745454545454 0.0
1.2346178849721705 -1.2346178849721707 0.0
1.2284300185528754 -1.2284300185528756 0.0
1.2214109461966602 -1.2214109461966605 0.0
1.2135606679035247 -1.213560667903525 0.0
1.2048791836734691 -1.2048791836734694 0.0
1.1953664935064932 -1.1953664935064934 0.0
1.1850225974025972 -1.1850225974025974 0.0
1.1738474953617808 -1.173847495361781 0.0
1.1618411873840442 -1.1618411873840444 0.0
1.1490036734693874 -1.1490036734693876 0.0
1.1353349536178106 -1.1353349536178108 0.0
1.1208350278293133 -1.1208350278293135 0.0
1.1055038961038959 -1.105503896103896 0.0
1.0893415584415582 -1.0893415584415584 0.0
1.0723480148423004 -1.0723480148423006 0.0
1.054523265306122 -1.0545232653061223 0.0
1.0358673098330238 -1.035867309833024 0.0
1.0163801484230053 -1.0163801484230055 0.0
0.9960617810760664 -0.9960617810760668 0.0
0.9749122077922076 -0.9749122077922077 0.0
0.9529314285714284 -0.9529314285714284 0.0
0.9301194434137288 -0.930119443413729 0.0
0.9064762523191091 -0.9064762523191096 0.0
0.8820018552875695 -0.8820018552875695 0.0
0.8566962523191093 -0.8566962523191094 0.0
0.8305594434137288 -0.8305594434137291 0.0
0.8035914285714284 -0.8035914285714285 0.0
0.7757922077922076 -0.7757922077922077 0.0
0.7471617810760666 -0.7471617810760667 0.0
0.7177001484230053 -0.7177001484230054 0.0
0.6874073098330239 -0.687407309833024 0.0
0.6562832653061222 -0.6562832653061225 0.0
0.6243280148423004 -0.6243280148423005 0.0
0.5915415584415582 -0.5915415584415583 0.0
0.5579238961038958 -0.5579238961038959 0.0
0.5234750278293133 -0.5234750278293134 0.0
0.48819495361781057 -0.48819495361781057 0.0
0.4520836734693877 -0.4520836734693877 0.0
0.4151411873840445 -0.4151411873840446 0.0
0.37736749536178105 -0.37736749536178116 0.0
0.3387625974025974 -0.3387625974025974 0.0
0.2993264935064933 -0.29932649350649343 0.0
0.25905918367346925 -0.25905918367346925 0.0
0.21796066790352486 -0.21796066790352486 0.0
0.17603094619666027 -0.1760309461966605 0.0
0.13327001855287546 -0.13327001855287568 0.0
0.08967788497217066 -0.08967788497217066 0.0
0.045254545454545436 -0.045254545454545436 0.0
0.0 0.0 0.0
0.04525454545454545 0.04525454545454546 0.0
0.08967788497217066 0.08967788497217068 0.0
0.13327001855287568 0.1332700185528757 0.0
0.17603094619666046 0.1760309461966605 0.0
0.21796066790352497 0.21796066790352508 0.0
0.2590591836734693 0.25905918367346936 0.0
0.29932649350649343 0.2993264935064935 0.0
0.3387625974025973 0.33876259740259734 0.0
0.37736749536178094 0.377367495361781 0.0
0.41514118738404443 0.4151411873840445 0.0
0.45208367346938766 0.4520836734693878 0.0
0.48819495361781057 0.4881949536178107 0.0
0.5234750278293133 0.5234750278293134 0.0
0.5579238961038959 0.557923896103896 0.0
0.5915415584415582 0.5915415584415583 0.0
0.6243280148423003 0.6243280148423004 0.0
0.6562832653061222 0.6562832653061225 0.0
0.687407309833024 0.6874073098330241 0.0
0.7177001484230054 0.7177001484230056 0.0
0.7471617810760667 0.7471617810760669 0.0
0.7757922077922076 0.7757922077922077 0.0
0.8035914285714284 0.8035914285714285 0.0
0.8305594434137288 0.830559443413729 0.0
0.8566962523191093 0.8566962523191094 0.0
0.8820018552875692 0.8820018552875695 0.0
0.9064762523191091 0.9064762523191093 0.0
0.9301194434137288 0.9301194434137292 0.0
0.9529314285714284 0.9529314285714284 0.0
0.9749122077922076 0.9749122077922077 0.0
0.9960617810760666 0.9960617810760668 0.0
1.0163801484230053 1.0163801484230055 0.0
1.0358673098330238 1.035867309833024 0.0
1.054523265306122 1.0545232653061223 0.0
1.0723480148423001 1.0723480148423004 0.0
1.0893415584415582 1.0893415584415584 0.0
1.1055038961038959 1.105503896103896 0.0
1.120835027829313 1.1208350278293133 0.0
1.1353349536178106 1.1353349536178106 0.0
1.1490036734693874 1.1490036734693876 0.0
1.1618411873840444 1.1618411873840446 0.0
1.1738474953617808 1.173847495361781 0.0
1.1850225974025972 1.1850225974025972 0.0
1.1953664935064932 1.1953664935064934 0.0
1.2048791836734691 1.2048791836734694 0.0
1.2135606679035245 1.2135606679035247 0.0
1.22141094619666 1.2214109461966602 0.0
1.2284300185528754 1.2284300185528756 0.0
1.2346178849721703 1.2346178849721705 0.0
1.2399745454545452 1.2399745454545454 0.0
1.2444999999999997 1.2445 0.0
1.7422999999999997 -1.2445 0.0
1.7377745454545452 -1.2399745454545454 0.0
1.7324178849721703 -1.2346178849721707 0.0
1.7262300185528754 -1.2284300185528756 0.0
1.7192109461966603 -1.2214109461966605 0.0
1.7113606679035245 -1.213560667903525 0.0
1.7026791836734692 -1.2048791836734694 0.0
1.6931664935064934 -1.1953664935064934 0.0
1.6828225974025972 -1.1850225974025974 0.0
1.6716474953617806 -1.173847495361781 0.0
1.6596411873840444 -1.1618411873840444 0.0
1.6468036734693878 -1.1490036734693876 0.0
1.6331349536178106 -1.1353349536178108 0.0
1.6186350278293133 -1.1208350278293135 0.0
1.603303896103896 -1.105503896103896 0.0
1.5871415584415582 -1.0893415584415584 0.0
1.5701480148423004 -1.0723480148423006 0.0
1.552323265306122 -1.0545232653061223 0.0
1.5336673098330238 -1.035867309833024 0.0
1.5141801484230053 -1.0163801484230055 0.0
1.4938617810760666 -0.9960617810760668 0.0
1.4727122077922075 -0.9749122077922077 0.0
1.4507314285714283 -0.9529314285714284 0.0
1.4279194434137288 -0.930119443413729 0.0
1.4042762523191092 -0.9064762523191096 0.0
1.3798018552875693 -0.8820018552875695 0.0
1.3544962523191093 -0.8566962523191094 0.0
1.328359443413729 -0.8305594434137291 0.0
1.3013914285714283 -0.8035914285714285 0.0
1.2735922077922077 -0.7757922077922077 0.0
1.2449617810760665 -0.7471617810760667 0.0
1.2155001484230055 -0.7177001484230054 0.0
1.1852073098330238 -0.687407309833024 0.0
1.1540832653061224 -0.6562832653061225 0.0
1.1221280148423003 -0.6243280148423005 0.0
1.0893415584415582 -0.5915415584415583 0.0
1.055723896103896 -0.5579238961038959 0.0
1.0212750278293132 -0.5234750278293134 0.0
0.9859949536178108 -0.48819495361781057 0.0
0.9498836734693876 -0.4520836734693877 0.0
0.9129411873840445 -0.4151411873840446 0.0
0.875167495361781 -0.37736749536178116 0.0
0.8365625974025973 -0.3387625974025974 0.0
0.7971264935064933 -0.29932649350649343 0.0
0.7568591836734693 -0.25905918367346925 0.0
0.7157606679035249 -0.21796066790352486 0.0
0.6738309461966603 -0.1760309461966605 0.0
0.6310700185528755 -0.13327001855287568 0.0
0.5874778849721707 -0.08967788497217066 0.0
0.5430545454545455 -0.045254545454545436 0.0
0.4978 0.0 0.0
0.5430545454545455 0.04525454545454546 0.0
0.5874778849721707 0.08967788497217068 0.0
0.6310700185528757 0.1332700185528757 0.0
0.6738309461966605 0.1760309461966605 0.0
0.715760667903525 0.21796066790352508 0.0
0.7568591836734693 0.25905918367346936 0.0
0.7971264935064934 0.2993264935064935 0.0
0.8365625974025973 0.33876259740259734 0.0
0.875167495361781 0.377367495361781 0.0
0.9129411873840445 0.4151411873840445 0.0
0.9498836734693876 0.4520836734693878 0.0
0.9859949536178105 0.4881949536178107 0.0
1.0212750278293132 0.5234750278293134 0.0
1.055723896103896 0.557923896103896 0.0
1.0893415584415582 0.5915415584415583 0.0
1.1221280148423003 0.6243280148423004 0.0
1.1540832653061224 0.6562832653061225 0.0
1.185207309833024 0.6874073098330241 0.0
1.2155001484230055 0.7177001484230056 0.0
1.2449617810760667 0.7471617810760669 0.0
1.2735922077922077 0.7757922077922077 0.0
1.3013914285714283 0.8035914285714285 0.0
1.3283594434137287 0.830559443413729 0.0
1.3544962523191093 0.8566962523191094 0.0
1.3798018552875693 0.8820018552875695 0.0
1.4042762523191092 0.9064762523191093 0.0
1.427919443413729 0.9301194434137292 0.0
1.4507314285714283 0.9529314285714284 0.0
1.4727122077922075 0.9749122077922077 0.0
1.4938617810760666 0.9960617810760668 0.0
1.5141801484230053 1.0163801484230055 0.0
1.5336673098330238 1.035867309833024 0.0
1.552323265306122 1.0545232653061223 0.0
1.5701480148423002 1.0723480148423004 0.0
1.5871415584415582 1.0893415584415584 0.0
1.603303896103896 1.105503896103896 0.0
1.6186350278293131 1.1208350278293133 0.0
1.6331349536178106 1.1353349536178106 0.0
1.6468036734693874 1.1490036734693876 0.0
1.6596411873840444 1.1618411873840446 0.0
1.6716474953617806 1.173847495361781 0.0
1.6828225974025972 1.1850225974025972 0.0
1.6931664935064934 1.1953664935064934 0.0
1.7026791836734692 1.2048791836734694 0.0
1.7113606679035245 1.2135606679035247 0.0
1.71921094619666 1.2214109461966602 0.0
1.7262300185528754 1.2284300185528756 0.0
1.7324178849721703 1.2346178849721705 0.0
1.7377745454545452 1.2399745454545454 0.0
1.7422999999999997 1.2445 0.0
1.6155872727272724 -1.2422372727272726 0.0
1.6106462152133578 -1.237296215213358 0.0
1.604873951762523 -1.2315239517625232 0.0
1.598270482374768 -1.224920482374768 0.0
1.5908358070500925 -1.2174858070500927 0.0
1.582569925788497 -1.2092199257884972 0.0
1.5734728385899812 -1.2001228385899814 0.0
1.5635445454545454 -1.1901945454545453 0.0
1.552785046382189 -1.1794350463821892 0.0
1.5411943413729126 -1.1678443413729127 0.0
1.5287724304267158 -1.155422430426716 0.0
1.5155193135435991 -1.142169313543599 0.0
1.501434990723562 -1.1280849907235622 0.0
1.4865194619666047 -1.1131694619666048 0.0
1.4707727272727271 -1.0974227272727273 0.0
1.4541947866419294 -1.0808447866419293 0.0
1.4367856400742112 -1.0634356400742113 0.0
1.418545287569573 -1.0451952875695731 0.0
1.3994737291280146 -1.0261237291280147 0.0
1.379570964749536 -1.0062209647495362 0.0
1.358836994434137 -0.9854869944341371 0.0
1.337271818181818 -0.9639218181818181 0.0
1.3148754359925787 -0.9415254359925787 0.0
1.291647847866419 -0.9182978478664192 0.0
1.2675890538033394 -0.8942390538033393 0.0
1.2426990538033393 -0.8693490538033395 0.0
1.2169778478664193 -0.8436278478664192 0.0
1.1904254359925788 -0.8170754359925788 0.0
1.163041818181818 -0.7896918181818181 0.0
1.1348269944341371 -0.7614769944341371 0.0
1.105780964749536 -0.7324309647495362 0.0
1.0759037291280147 -0.7025537291280148 0.0
1.0451952875695731 -0.6718452875695733 0.0
1.0136556400742114 -0.6403056400742114 0.0
0.9812847866419293 -0.6079347866419293 0.0
0.9480827272727271 -0.5747327272727272 0.0
0.9140494619666047 -0.5406994619666048 0.0
0.8791849907235622 -0.5058349907235622 0.0
0.8434893135435992 -0.47013931354359917 0.0
0.8069624304267162 -0.43361243042671627 0.0
0.7696043413729128 -0.3962543413729128 0.0
0.7314150463821893 -0.3580650463821894 0.0
0.6923945454545455 -0.3190445454545454 0.0
0.6525428385899814 -0.27919283858998134 0.0
0.6118599257884971 -0.23850992578849706 0.0
0.5703458070500929 -0.19699580705009279 0.0
0.5280004823747682 -0.15465048237476808 0.0
0.4848239517625232 -0.11147395176252317 0.0
0.4408162152133581 -0.06746621521335805 0.0
0.39597727272727273 -0.022627272727272718 0.0
0.39597727272727273 0.02262727272727273 0.0
0.4408162152133581 0.06746621521335806 0.0
0.4848239517625232 0.11147395176252319 0.0
0.528000482374768 0.15465048237476808 0.0
0.5703458070500929 0.19699580705009276 0.0
0.6118599257884971 0.23850992578849717 0.0
0.6525428385899814 0.2791928385899814 0.0
0.6923945454545455 0.3190445454545454 0.0
0.7314150463821891 0.3580650463821891 0.0
0.7696043413729128 0.39625434137291277 0.0
0.8069624304267162 0.43361243042671616 0.0
0.8434893135435992 0.4701393135435992 0.0
0.8791849907235619 0.5058349907235621 0.0
0.9140494619666046 0.5406994619666047 0.0
0.9480827272727271 0.5747327272727272 0.0
0.9812847866419294 0.6079347866419295 0.0
1.0136556400742114 0.6403056400742114 0.0
1.0451952875695731 0.6718452875695732 0.0
1.0759037291280147 0.7025537291280147 0.0
1.105780964749536 0.7324309647495362 0.0
1.1348269944341371 0.7614769944341373 0.0
1.163041818181818 0.789691818181818 0.0
1.1904254359925786 0.8170754359925786 0.0
1.216977847866419 0.843627847866419 0.0
1.2426990538033393 0.8693490538033394 0.0
1.2675890538033392 0.8942390538033393 0.0
1.291647847866419 0.9182978478664192 0.0
1.3148754359925787 0.9415254359925787 0.0
1.3372718181818182 0.9639218181818181 0.0
1.3588369944341372 0.9854869944341373 0.0
1.379570964749536 1.0062209647495362 0.0
1.3994737291280148 1.0261237291280147 0.0
1.418545287569573 1.0451952875695731 0.0
1.4367856400742112 1.0634356400742113 0.0
1.4541947866419291 1.0808447866419293 0.0
1.470772727272727 1.097422727272727 0.0
1.4865194619666047 1.1131694619666048 0.0
1.501434990723562 1.128084990723562 0.0
1.5155193135435991 1.1421693135435993 0.0
1.528772430426716 1.1554224304267162 0.0
1.5411943413729128 1.1678443413729127 0.0
1.5527850463821888 1.179435046382189 0.0
1.5635445454545451 1.1901945454545453 0.0
1.573472838589981 1.2001228385899811 0.0
1.5825699257884969 1.209219925788497 0.0
1.5908358070500925 1.2174858070500927 0.0
1.5982704823747678 1.224920482374768 0.0
1.604873951762523 1.2315239517625232 0.0
1.6106462152133578 1.237296215213358 0.0
1.6155872727272724 1.2422372727272726 0.0

CELLS 200 700
4 0 101 102 1
4 1 102 103 2
4 2 103 104 3
4 3 104 105 4
4 4 105 106 5
4 5 106 107 6
4 6 107 108 7
4 7 108 109 8
4 8 109 110 9
4 9 110 111 10
4 10 111 112 11
4 11 112 113 12
4 12 113 114 13
4 13 114 115 14
4 14 115 116 15
4 15 116 117 16
4 16 117 118 17
4 17 118 119 18
4 18 119 120 19
4 19 120 121 20
4 20 121 122 21
4 21 122 123 22
4 22 123 124 23
4 23 124 125 24
4 24 125 126 25
4 25 126 127 26
4 26 127 128 27
4 27 128 129 28
4 28 129 130 29
4 29 130 131 30
4 30 131 132 31
4 31 132 133 32
4 32 133 134 33
4 33 134 135 34
4 34 135 136 35
4 35 136 137 36
4 36 137 138 37
4 37 138 139 38
4 38 139 140 39
4 39 140 141 40
4 40 141 142 41
4 41 142 143 42
4 42 143 144 43
4 43 144 145 44
4 44 145 146 45
4 45 146 147 46
4 46 147 148 47
4 47 148 149 48
4 48 149 150 49
4 49 150 151 50
4 50 151 152 51
4 51 152 153 52
4 52 153 154 53
4 53 154 155 54
4 54 155 156 55
4 55 156 157 56
4 56 157 158 57
4 57 158 159 58
4 58 159 160 59
4 59 160 161 60
4 60 161 162 61
4 61 162 163 62
4 62 163 164 63
4 63 164 165 64
4 64 165 166 65
4 65 166 167 66
4 66 167 168 67
4 67 168 169 68
4 68 169 170 69
4 69 170 171 70
4 70 171 172 71
4 71 172 173 72
4 72 173 174 73
4 73 174 175 74
4 74 175 176 75
4 75 176 177 76
4 76 177 178 77
4 77 178 179 78
4 78 179 180 79
4 79 180 181 80
4 80 181 182 81
4 81 182 183 82
4 82 183 184 83
4 83 184 185 84
4 84 185 186 85
4 85 186 187 86
4 86 187 188 87
4 87 188 189 88
4 88 189 190 89
4 89 190 191 90
4 90 191 192 91
4 91 192 193 92
4 92 193 194 93
4 93 194 195 94
4 94 195 196 95
4 95 196 197 96
4 96 197 198 97
4 97 198 199 98
4 98 199 200 99
4 99 200 201 100
1 202
1 203
1 204
1 205
1 206
1 207
1 208
1 209
1 210
1 211
1 212
1 213
1 214
1 215
1 216
1 217
1 218
1 219
1 220
1 221
1 222
1 223
1 224
1 225
1 226
1 227
1 228
1 229
1 230
1 231
1 232
1 233
1 234
1 235
1 236
1 237
1 238
1 239
1 240
1 241
1 242
1 243
1 244
1 245
1 246
1 247
1 248
1 249
1 250
1 251
1 252
1 253
1 254
1 255
1 256
1 257
1 258
1 259
1 260
1 261
1 262
1 263
1 264
1 265
1 266
1 267
1 268
1 269
1 270
1 271
1 272
1 273
1 274
1 275
1 276
1 277
1 278
1 279
1 280
1 281
1 282
1 283
1 284
1 285
1 286
1 287
1 288
1 289
1 290
1 291
1 292
1 293
1 294
1 295
1 296
1 297
1 298
1 299
1 300
1 301

CELL_TYPES 200
9
9
9
9
9
9
9
9
9
9
9
9
9
9
9
9
9
9
9
9
9
9
9
9
9
9
9
9
9
9
9
9
9
9
9
9
9
9
9
9
9
9
9
9
9
9
9
9
9
9
9
9
9
9
9
9
9
9
9
9
9
9
9
9
9
9
9
9
9
9
9
9
9
9
9
9
9
9
9
9
9
9
9
9
9
9
9
9
9
9
9
9
9
9
9
9
9
9
9
9
1
1
1
1
1
1
1
1
1
1
1
1
1
1
1
1
1
1
1
1
1
1
1
1
1
1
1
1
1
1
1
1
1
1
1
1
1
1
1
1
1
1
1
1
1
1
1
1
1
1
1
1
1
1
1
1
1
1
1
1
1
1
1
1
1
1
1
1
1
1
1
1
1
1
1
1
1
1
1
1
1
1
1
1
1
1
1
1
1
1
1
1
1
1
1
1
1
1
1
1

CELL_DATA 200

VECTORS Vinf float
8.793598267791197 0.8076863884925842 4.0925505237390105
8.797898742911741 0.8235792517662047 4.1138746218492095
8.796109888312742 0.8168572783470154 4.1047814564515654
8.796923730132505 0.8199875354766846 4.109047897319943
8.79669013952963 0.8191159963607788 4.107861943702847
8.799904677627012 0.8316668868064879 4.125049211244733
8.792783710715696 0.805098295211792 4.089254893522412
8.787764999625608 0.7879446148872375 4.067079223852307
8.78398809170477 0.7754697203636169 4.051379271011502
8.77721092438452 0.7532644271850586 4.024143673639447
8.772253665683195 0.7369012832641602 4.004619039755017
8.766027662513181 0.7158793210983276 3.9801574276496474
8.770323011634275 0.730420708656311 3.997004203658253
8.776267502067014 0.7501095533370972 4.020328261118085
8.77424130177252 0.7434818744659424 4.012419976453931
8.775855872390196 0.7487453818321228 4.018689997654111
8.773333105800077 0.7404456734657288 4.008814789514691
8.773205611464903 0.7400012612342834 4.008283220391423
8.772059712169096 0.736153781414032 4.003727026443631
8.780025515315458 0.7623839974403381 4.03519844279781
8.781599554774687 0.7675228118896484 4.041499741535336
8.780543122050688 0.7640331983566284 4.037201129059941
8.779513451812193 0.7606343030929565 4.033036984663159
8.775356743094846 0.7470237612724304 4.016620181660802
8.779002580401823 0.7589844465255737 4.03104605541721
8.7781859967684 0.7562904953956604 4.027768768530041
8.777390751597807 0.7536629438400269 4.024584405284077
8.774068984744474 0.7427459955215454 4.011512331824452
8.77329656815283 0.7401666045188904 4.008444927792699
8.77794072365515 0.7555539608001709 4.026909180145413
8.777121755835935 0.7528423070907593 4.023625619869382
8.782748493907377 0.771221399307251 4.0460738019754
8.78636208510153 0.7831584811210632 4.061019964676053
8.78570530152075 0.7809546589851379 4.058231361370236
8.785056862590238 0.778789222240448 4.055501885872037
8.784417841193601 0.7766631245613098 4.052832849483639
8.783788833377287 0.7745773792266846 4.050223596553952
8.779404434916898 0.7602283954620361 4.0325569586564605
8.778797957656309 0.7582308650016785 4.030121378760487
8.7782019708132 0.7562711834907532 4.027741141777188
8.777618143317625 0.7543514966964722 4.02541559205547
8.77347430920355 0.7407509088516235 4.009152300815732
8.765954289195463 0.7154868245124817 3.9797198848535125
8.765419516322538 0.7136232852935791 3.9775760547925536
8.764378103969023 0.7100493907928467 3.973516263227612
8.763951811549589 0.7085347175598145 3.9717811720182006
8.763537082431242 0.7070478200912476 3.970078684549481
8.763131174800321 0.7055892944335938 3.968412198286206
8.77120653128378 0.7332060933113098 4.000271178941876
8.76598170733206 0.7158521413803101 3.980190120797307
8.756354365107939 0.681213915348053 3.9410459475328032
8.763545605895445 0.7070860266685486 3.970127381544262
8.763201150653288 0.7058384418487549 3.9687007145692412
8.763607356307432 0.7072916030883789 3.970360495309979
8.764021250960752 0.7087737321853638 3.972057677965313
8.764446530101225 0.7102839350700378 3.973787971000821
8.759494337794706 0.6925652623176575 3.9536879436780517
8.76740911936514 0.7204635143280029 3.9854435698796813
8.767924818751737 0.7222369313240051 3.987500049333722
8.772361371276304 0.7371081113815308 4.004877500395924
8.772891852614805 0.7388818860054016 4.006977208118588
8.773435387370512 0.7406951785087585 4.009128056626469
8.773990366218015 0.7425479888916016 4.011333085756451
8.774558100459501 0.7444391250610352 4.013588585119397
8.775139186141416 0.7463679313659668 4.015895076255948
8.780060205218717 0.7624478340148926 4.035309963088185
8.780681226012632 0.764495849609375 4.03782432542339
8.781313631293699 0.7665843367576599 4.040397204618603
8.782858464476988 0.771580696105957 4.046522356729657
8.7772254083132 0.7531836628913879 4.024037934999615
8.778042289969846 0.7558850646018982 4.027310066085011
8.77337870335333 0.7404340505599976 4.008762814264447
8.774148616549894 0.7430052757263184 4.01182209716335
8.777464840171262 0.7538999319076538 4.024872981171757
8.77825752234213 0.75652015209198 4.028050191860348
8.779071423766538 0.7592068314552307 4.03131989405647
8.772792908904478 0.7385959625244141 4.006615959267766
8.77640799021475 0.7505106329917908 4.020810805421025
8.777394923922941 0.7537791132926941 4.024756871323735
8.778411481139585 0.7571401596069336 4.0288347379972045
8.776839051005766 0.7520067095756531 4.022637359957844
8.769257876632139 0.7268147468566895 3.9928091095496723
8.770336959121153 0.7304949164390564 3.997117705803067
8.768200907466337 0.7233483195304871 3.9888068513681
8.773068103549406 0.7396054267883301 4.007829748253972
8.771482560393736 0.7343900799751282 4.0016910062839095
8.771389219520017 0.734074592590332 4.001322247247845
8.76578411793463 0.715058445930481 3.9792239444066584
8.764975163695738 0.712255597114563 3.9759969489385187
8.770367238280699 0.7306471467018127 3.9972852991630137
8.777287277934477 0.7535200119018555 4.024454914193303
8.78218773340933 0.7695837616920471 4.044085420828015
8.784094128367826 0.7757955193519592 4.051787533025891
8.789470348117277 0.7936853766441345 4.07444179819122
8.794827553985044 0.8123824000358582 4.098906077604443
8.793882283923551 0.8088762164115906 4.094207383852154
8.797255787608549 0.8212231397628784 4.1107251422216
8.793260786292478 0.8065612316131592 4.091113664369733
8.793746683356687 0.8082783222198486 4.093385525207669
8.790336284396574 0.7963180541992188 4.077731914978177
8.793598267791197 0.8076863884925842 4.0925505237390105
8.797898742911741 0.8235792517662047 4.1138746218492095
8.796109888312742 0.8168572783470154 4.1047814564515654
8.796923730132505 0.8199875354766846 4.109047897319943
8.79669013952963 0.8191159963607788 4.107861943702847
8.799904677627012 0.8316668868064879 4.125049211244733
8.792783710715696 0.805098295211792 4.089254893522412
8.787764999625608 0.7879446148872375 4.067079223852307
8.78398809170477 0.7754697203636169 4.051379271011502
8.77721092438452 0.7532644271850586 4.024143673639447
8.772253665683195 0.7369012832641602 4.004619039755017
8.766027662513181 0.7158793210983276 3.9801574276496474
8.770323011634275 0.730420708656311 3.997004203658253
8.776267502067014 0.7501095533370972 4.020328261118085
8.77424130177252 0.7434818744659424 4.012419976453931
8.775855872390196 0.7487453818321228 4.018689997654111
8.773333105800077 0.7404456734657288 4.008814789514691
8.773205611464903 0.7400012612342834 4.008283220391423
8.772059712169096 0.736153781414032 4.003727026443631
8.780025515315458 0.7623839974403381 4.03519844279781
8.781599554774687 0.7675228118896484 4.041499741535336
8.780543122050688 0.7640331983566284 4.037201129059941
8.779513451812193 0.7606343030929565 4.033036984663159
8.775356743094846 0.7470237612724304 4.016620181660802
8.779002580401823 0.7589844465255737 4.03104605541721
8.7781859967684 0.7562904953956604 4.027768768530041
8.777390751597807 0.7536629438400269 4.024584405284077
8.774068984744474 0.7427459955215454 4.011512331824452
8.77329656815283 0.7401666045188904 4.008444927792699
8.77794072365515 0.7555539608001709 4.026909180145413
8.777121755835935 0.7528423070907593 4.023625619869382
8.782748493907377 0.771221399307251 4.0460738019754
8.78636208510153 0.7831584811210632 4.061019964676053
8.78570530152075 0.7809546589851379 4.058231361370236
8.785056862590238 0.778789222240448 4.055501885872037
8.784417841193601 0.7766631245613098 4.052832849483639
8.783788833377287 0.7745773792266846 4.050223596553952
8.779404434916898 0.7602283954620361 4.0325569586564605
8.778797957656309 0.7582308650016785 4.030121378760487
8.7782019708132 0.7562711834907532 4.027741141777188
8.777618143317625 0.7543514966964722 4.02541559205547
8.77347430920355 0.7407509088516235 4.009152300815732
8.765954289195463 0.7154868245124817 3.9797198848535125
8.765419516322538 0.7136232852935791 3.9775760547925536
8.764378103969023 0.7100493907928467 3.973516263227612
8.763951811549589 0.7085347175598145 3.9717811720182006
8.763537082431242 0.7070478200912476 3.970078684549481
8.763131174800321 0.7055892944335938 3.968412198286206
8.77120653128378 0.7332060933113098 4.000271178941876
8.76598170733206 0.7158521413803101 3.980190120797307
8.756354365107939 0.681213915348053 3.9410459475328032
8.763545605895445 0.7070860266685486 3.970127381544262
8.763201150653288 0.7058384418487549 3.9687007145692412
8.763607356307432 0.7072916030883789 3.970360495309979
8.764021250960752 0.7087737321853638 3.972057677965313
8.764446530101225 0.7102839350700378 3.973787971000821
8.759494337794706 0.6925652623176575 3.9536879436780517
8.76740911936514 0.7204635143280029 3.9854435698796813
8.767924818751737 0.7222369313240051 3.987500049333722
8.772361371276304 0.7371081113815308 4.004877500395924
8.772891852614805 0.7388818860054016 4.006977208118588
8.773435387370512 0.7406951785087585 4.009128056626469
8.773990366218015 0.7425479888916016 4.011333085756451
8.774558100459501 0.7444391250610352 4.013588585119397
8.775139186141416 0.7463679313659668 4.015895076255948
8.780060205218717 0.7624478340148926 4.035309963088185
8.780681226012632 0.764495849609375 4.03782432542339
8.781313631293699 0.7665843367576599 4.040397204618603
8.782858464476988 0.771580696105957 4.046522356729657
8.7772254083132 0.7531836628913879 4.024037934999615
8.778042289969846 0.7558850646018982 4.027310066085011
8.77337870335333 0.7404340505599976 4.008762814264447
8.774148616549894 0.7430052757263184 4.01182209716335
8.777464840171262 0.7538999319076538 4.024872981171757
8.77825752234213 0.75652015209198 4.028050191860348
8.779071423766538 0.7592068314552307 4.03131989405647
8.772792908904478 0.7385959625244141 4.006615959267766
8.77640799021475 0.7505106329917908 4.020810805421025
8.777394923922941 0.7537791132926941 4.024756871323735
8.778411481139585 0.7571401596069336 4.0288347379972045
8.776839051005766 0.7520067095756531 4.022637359957844
8.769257876632139 0.7268147468566895 3.9928091095496723
8.770336959121153 0.7304949164390564 3.997117705803067
8.768200907466337 0.7233483195304871 3.9888068513681
8.773068103549406 0.7396054267883301 4.007829748253972
8.771482560393736 0.7343900799751282 4.0016910062839095
8.771389219520017 0.734074592590332 4.001322247247845
8.76578411793463 0.715058445930481 3.9792239444066584
8.764975163695738 0.712255597114563 3.9759969489385187
8.770367238280699 0.7306471467018127 3.9972852991630137
8.777287277934477 0.7535200119018555 4.024454914193303
8.78218773340933 0.7695837616920471 4.044085420828015
8.784094128367826 0.7757955193519592 4.051787533025891
8.789470348117277 0.7936853766441345 4.07444179819122
8.794827553985044 0.8123824000358582 4.098906077604443
8.793882283923551 0.8088762164115906 4.094207383852154
8.797255787608549 0.8212231397628784 4.1107251422216
8.793260786292478 0.8065612316131592 4.091113664369733
8.793746683356687 0.8082783222198486 4.093385525207669
8.790336284396574 0.7963180541992188 4.077731914978177

VECTORS L float
-0.014551343934101357 0.0 0.03120545776939515
-0.023442484758530623 0.0 0.050272570798608765
-0.0323275993157091 0.0 0.06932676045599824
-0.041736921299285586 0.0 0.08950511656708074
-0.05179771547069325 0.0 0.1110805592934867
-0.0625095010094341 0.0 0.13405205751233068
-0.07391342554921833 0.0 0.1585078526088667
-0.08596642079549666 0.0 0.18435558432737942
-0.09862990649236189 0.0 0.21151251704208074
-0.11189087737551424 0.0 0.23995076087367673
-0.12569490286391916 0.0 0.26955358906445137
-0.14003313007984397 0.0 0.30030201655684063
-0.15475118004283764 0.0 0.33186497655888597
-0.16977596280056373 0.0 0.3640857271619823
-0.1851450067188883 0.0 0.3970447482064447
-0.2007164612244839 0.0 0.4304378401560941
-0.2165175183347564 0.0 0.46432331648044023
-0.23244858267349613 0.0 0.49848759420595073
-0.2485137878209356 0.0 0.5329395378240405
-0.26445925844811424 0.0 0.5671347099348069
-0.2803886184510405 0.0 0.6012953327003705
-0.29626520311241467 0.0 0.6353427783807433
-0.31202561069138945 0.0 0.6691410815039059
-0.3277395875959052 0.0 0.7028398137243673
-0.34313762057355696 0.0 0.735861002007176
-0.35835258229213 0.0 0.7684895927079439
-0.3733064488626658 0.0 0.8005582630568343
-0.38806182613737755 0.0 0.8322012717371832
-0.4025234076546814 0.0 0.8632142333825547
-0.41649047206882467 0.0 0.8931666996778875
-0.4301650023526283 0.0 0.9224918245062219
-0.4432092362493595 0.0 0.9504652743705073
-0.4556448635814669 0.0 0.9771335632450895
-0.4675266036809908 0.0 1.0026140371162147
-0.4787497107851572 0.0 1.0266820679707194
-0.489254450893074 0.0 1.0492095558303012
-0.49896055330377803 0.0 1.0700243596212304
-0.5079725409379751 0.0 1.0893506294703126
-0.516061005102345 0.0 1.1066963968470975
-0.5231850409618053 0.0 1.1219739410496683
-0.5292266200537616 0.0 1.1349301492231745
-0.5342120199589727 0.0 1.1456213738214074
-0.538212667122204 0.0 1.154200789349474
-0.5408753906127821 0.0 1.159911018302422
-0.5420936793909148 0.0 1.1625236470183065
-0.5414807345569431 0.0 1.1612091825799638
-0.5382519476159908 0.0 1.1542850266402407
-0.5302222754414024 0.0 1.1370653390924128
-0.5080537478912092 0.0 1.0895247783435165
-0.38448739473836446 0.0 0.8245358788651129
-0.3259118624592569 0.0 0.6989202445200358
-0.4489770992150795 0.0 0.9628344964170448
-0.4708439423754288 0.0 1.0097280929041108
-0.4789162956575126 0.0 1.0270393103823376
-0.48222439880125 0.0 1.0341335604678419
-0.48300463382632297 0.0 1.0358067798787347
-0.4821245098869461 0.0 1.033919347999835
-0.47962552663645125 0.0 1.0285602611249114
-0.4762803505043291 0.0 1.021386507759252
-0.4717783075060503 0.0 1.0117318453930115
-0.46642045051733994 0.0 1.0002418840016216
-0.4601153258310065 0.0 0.9867205004771041
-0.45296242476466325 0.0 0.9713810546386107
-0.44503834642861007 0.0 0.9543878138082846
-0.4364100409182383 0.0 0.9358843529290217
-0.4270775390982682 0.0 0.9158707381904277
-0.41728571608179843 0.0 0.8948721059672036
-0.40689168495485106 0.0 0.8725820342834733
-0.3959490619427854 0.0 0.849115503505571
-0.38462348416572456 0.0 0.8248277235838949
-0.37265051035901864 0.0 0.7991515983963344
-0.3604009480678173 0.0 0.7728823272896402
-0.3476618540569343 0.0 0.7455632520222797
-0.3346385883204057 0.0 0.7176347685226592
-0.32143355316494915 0.0 0.6893164792462105
-0.3079823919506202 0.0 0.6604703709331924
-0.29438706509316265 0.0 0.6313150984007851
-0.2804191581883633 0.0 0.6013608253784098
-0.2664184626873563 0.0 0.5713362369845533
-0.25231749288438327 0.0 0.5410966096561812
-0.23817133683903607 0.0 0.510760080118326
-0.22400793620605897 0.0 0.48038656944295716
-0.20971459439794418 0.0 0.4497343990182464
-0.19554590514675105 0.0 0.4193495468645133
-0.18143118832802288 0.0 0.38908043896571815
-0.16755660180761658 0.0 0.35932629215349815
-0.15384752739021093 0.0 0.3299270871915912
-0.14040902815752723 0.0 0.30110813258583863
-0.1272166646420244 0.0 0.27281701772896505
-0.11437313181876058 0.0 0.24527397270568405
-0.10197322492570586 0.0 0.218682286559854
-0.09005769035411859 0.0 0.19312934020951422
-0.07864809446410259 0.0 0.1686613828631575
-0.06775768278141966 0.0 0.14530681964244582
-0.05744067219887826 0.0 0.12318191904921541
-0.047721379335987434 0.0 0.10233882824228689
-0.038577172494742726 0.0 0.08272901338866677
-0.03000595526815716 0.0 0.06434797872906327
-0.021870006399180245 0.0 0.04690038007463037
-0.013676299248021176 0.0 0.029328918384341082
-0.014551343934101357 0.0 0.03120545776939515
-0.023442484758530623 0.0 0.050272570798608765
-0.0323275993157091 0.0 0.06932676045599824
-0.041736921299285586 0.0 0.08950511656708074
-0.05179771547069325 0.0 0.1110805592934867
-0.0625095010094341 0.0 0.13405205751233068
-0.07391342554921833 0.0 0.1585078526088667
-0.08596642079549666 0.0 0.18435558432737942
-0.09862990649236189 0.0 0.21151251704208074
-0.11189087737551424 0.0 0.23995076087367673
-0.12569490286391916 0.0 0.26955358906445137
-0.14003313007984397 0.0 0.30030201655684063
-0.15475118004283764 0.0 0.33186497655888597
-0.16977596280056373 0.0 0.3640857271619823
-0.1851450067188883 0.0 0.3970447482064447
-0.2007164612244839 0.0 0.4304378401560941
-0.2165175183347564 0.0 0.46432331648044023
-0.23244858267349613 0.0 0.49848759420595073
-0.2485137878209356 0.0 0.5329395378240405
-0.26445925844811424 0.0 0.5671347099348069
-0.2803886184510405 0.0 0.6012953327003705
-0.29626520311241467 0.0 0.6353427783807433
-0.31202561069138945 0.0 0.6691410815039059
-0.3277395875959052 0.0 0.7028398137243673
-0.34313762057355696 0.0 0.735861002007176
-0.35835258229213 0.0 0.7684895927079439
-0.3733064488626658 0.0 0.8005582630568343
-0.38806182613737755 0.0 0.8322012717371832
-0.4025234076546814 0.0 0.8632142333825547
-0.41649047206882467 0.0 0.8931666996778875
-0.4301650023526283 0.0 0.9224918245062219
-0.4432092362493595 0.0 0.9504652743705073
-0.4556448635814669 0.0 0.9771335632450895
-0.4675266036809908 0.0 1.0026140371162147
-0.4787497107851572 0.0 1.0266820679707194
-0.489254450893074 0.0 1.0492095558303012
-0.49896055330377803 0.0 1.0700243596212304
-0.5079725409379751 0.0 1.0893506294703126
-0.516061005102345 0.0 1.1066963968470975
-0.5231850409618053 0.0 1.1219739410496683
-0.5292266200537616 0.0 1.1349301492231745
-0.5342120199589727 0.0 1.1456213738214074
-0.538212667122204 0.0 1.154200789349474
-0.5408753906127821 0.0 1.159911018302422
-0.5420936793909148 0.0 1.1625236470183065
-0.5414807345569431 0.0 1.1612091825799638
-0.5382519476159908 0.0 1.1542850266402407
-0.5302222754414024 0.0 1.1370653390924128
-0.5080537478912092 0.0 1.0895247783435165
-0.38448739473836446 0.0 0.8245358788651129
-0.3259118624592569 0.0 0.6989202445200358
-0.4489770992150795 0.0 0.9628344964170448
-0.4708439423754288 0.0 1.0097280929041108
-0.4789162956575126 0.0 1.0270393103823376
-0.48222439880125 0.0 1.0341335604678419
-0.48300463382632297 0.0 1.0358067798787347
-0.4821245098869461 0.0 1.033919347999835
-0.47962552663645125 0.0 1.0285602611249114
-0.4762803505043291 0.0 1.021386507759252
-0.4717783075060503 0.0 1.0117318453930115
-0.46642045051733994 0.0 1.0002418840016216
-0.4601153258310065 0.0 0.9867205004771041
-0.45296242476466325 0.0 0.9713810546386107
-0.44503834642861007 0.0 0.9543878138082846
-0.4364100409182383 0.0 0.9358843529290217
-0.4270775390982682 0.0 0.9158707381904277
-0.41728571608179843 0.0 0.8948721059672036
-0.40689168495485106 0.0 0.8725820342834733
-0.3959490619427854 0.0 0.849115503505571
-0.38462348416572456 0.0 0.8248277235838949
-0.37265051035901864 0.0 0.7991515983963344
-0.3604009480678173 0.0 0.7728823272896402
-0.3476618540569343 0.0 0.7455632520222797
-0.3346385883204057 0.0 0.7176347685226592
-0.32143355316494915 0.0 0.6893164792462105
-0.3079823919506202 0.0 0.6604703709331924
-0.29438706509316265 0.0 0.6313150984007851
-0.2804191581883633 0.0 0.6013608253784098
-0.2664184626873563 0.0 0.5713362369845533
-0.25231749288438327 0.0 0.5410966096561812
-0.23817133683903607 0.0 0.510760080118326
-0.22400793620605897 0.0 0.48038656944295716
-0.20971459439794418 0.0 0.4497343990182464
-0.19554590514675105 0.0 0.4193495468645133
-0.18143118832802288 0.0 0.38908043896571815
-0.16755660180761658 0.0 0.35932629215349815
-0.15384752739021093 0.0 0.3299270871915912
-0.14040902815752723 0.0 0.30110813258583863
-0.1272166646420244 0.0 0.27281701772896505
-0.11437313181876058 0.0 0.24527397270568405
-0.10197322492570586 0.0 0.218682286559854
-0.09005769035411859 0.0 0.19312934020951422
-0.07864809446410259 0.0 0.1686613828631575
-0.06775768278141966 0.0 0.14530681964244582
-0.05744067219887826 0.0 0.12318191904921541
-0.047721379335987434 0.0 0.10233882824228689
-0.038577172494742726 0.0 0.08272901338866677
-0.03000595526815716 0.0 0.06434797872906327
-0.021870006399180245 0.0 0.04690038007463037
-0.013676299248021176 0.0 0.029328918384341082

SCALARS Gamma float
LOOKUP_TABLE default
0.4501803464730892
0.6929693456558861
0.8923492132958133
1.0726245631998494
1.241789258102197
1.4034991133935995
1.5587944383265206
1.7092470709905654
1.855359505082566
1.9971372280419104
2.13489812572667
2.268560663045627
2.3986945135406605
2.5243536107136975
2.644355312746714
2.7590675883769595
2.867764750150868
2.9707634040215973
3.0678280938897653
3.1595918334758286
3.244405197524424
3.322316944588359
3.3936749434542737
3.458495926384169
3.5180749269849843
3.57124950979032
3.6185002730143925
3.6598916237780696
3.6964240307804457
3.728628722674211
3.755206904113313
3.7775171535821483
3.7942645403041753
3.804783876768837
3.8097013749195483
3.809155773590176
3.803128170932468
3.7911627482748087
3.7745252632448048
3.752617956487364
3.725096743438948
3.6911969635905977
3.65124093822246
3.6073525441866163
3.5584357907881956
3.5046316014722363
3.44630303056492
3.3847924750005207
3.3240569959314556
3.2671651836351896
3.263815005934267
3.318999227744278
3.380346564496663
3.441262167236528
3.4986643270311846
3.5511609415060357
3.5977100476036843
3.6415130710913646
3.6789622435543903
3.711537843972743
3.7380150554384524
3.7590808312804884
3.774987985062693
3.7859186129560225
3.792047880730468
3.7938752014328783
3.7899304020066418
3.7806027454928812
3.7658556250648436
3.744695726988679
3.7189621645879747
3.687387723719311
3.6513112289416543
3.610217312979956
3.563109592880965
3.50989788961994
3.4499028440210795
3.3848856555372775
3.3134758258488297
3.235588275867654
3.150867973108684
3.0592680609552403
2.962330086594049
2.8593472842892345
2.7510906772647843
2.6366840237841407
2.5168621622400638
2.3916471967719297
2.2622164459295
2.128992606040973
1.9917334803663376
1.850188246644012
1.704281505564403
1.5541662050169727
1.3991810188497564
1.2380970557693678
1.0695922258158996
0.889718364637128
0.6908499563614994
0.44880966287458857
0.4501803464730892
0.6929693456558861
0.8923492132958133
1.0726245631998494
1.241789258102197
1.4034991133935995
1.5587944383265206
1.7092470709905654
1.855359505082566
1.9971372280419104
2.13489812572667
2.268560663045627
2.3986945135406605
2.5243536107136975
2.644355312746714
2.7590675883769595
2.867764750150868
2.9707634040215973
3.0678280938897653
3.1595918334758286
3.244405197524424
3.322316944588359
3.3936749434542737
3.458495926384169
3.5180749269849843
3.57124950979032
3.6185002730143925
3.6598916237780696
3.6964240307804457
3.728628722674211
3.755206904113313
3.7775171535821483
3.7942645403041753
3.804783876768837
3.8097013749195483
3.809155773590176
3.803128170932468
3.7911627482748087
3.7745252632448048
3.752617956487364
3.725096743438948
3.6911969635905977
3.65124093822246
3.6073525441866163
3.5584357907881956
3.5046316014722363
3.44630303056492
3.3847924750005207
3.3240569959314556
3.2671651836351896
3.263815005934267
3.318999227744278
3.380346564496663
3.441262167236528
3.4986643270311846
3.5511609415060357
3.5977100476036843
3.6415130710913646
3.6789622435543903
3.711537843972743
3.7380150554384524
3.7590808312804884
3.774987985062693
3.7859186129560225
3.792047880730468
3.7938752014328783
3.7899304020066418
3.7806027454928812
3.7658556250648436
3.744695726988679
3.7189621645879747
3.687387723719311
3.6513112289416543
3.610217312979956
3.563109592880965
3.50989788961994
3.4499028440210795
3.3848856555372775
3.3134758258488297
3.235588275867654
3.150867973108684
3.0592680609552403
2.962330086594049
2.8593472842892345
2.7510906772647843
2.6366840237841407
2.5168621622400638
2.3916471967719297
2.2622164459295
2.128992606040973
1.9917334803663376
1.850188246644012
1.704281505564403
1.5541662050169727
1.3991810188497564
1.2380970557693678
1.0695922258158996
0.889718364637128
0.6908499563614994
0.44880966287458857

VECTORS Vvpm float
-0.2694796025753021 0.8076863884925842 -0.133632093667984
-0.2651791274547577 0.8235792517662047 -0.11230799555778503
-0.2669679820537567 0.8168572783470154 -0.12140116095542906
-0.26615414023399353 0.8199875354766846 -0.11713472008705139
-0.2663877308368683 0.8191159963607788 -0.11832067370414735
-0.2631731927394867 0.8316668868064879 -0.10113340616226196
-0.2702941596508026 0.805098295211792 -0.13692772388458252
-0.2753128707408905 0.7879446148872375 -0.1591033935546875
-0.2790897786617279 0.7754697203636169 -0.17480334639549255
-0.28586694598197937 0.7532644271850586 -0.2020389437675476
-0.29082420468330383 0.7369012832641602 -0.22156357765197754
-0.29705020785331726 0.7158793210983276 -0.2460251897573471
-0.2927548587322235 0.730420708656311 -0.22917841374874112
-0.28681036829948425 0.7501095533370972 -0.2058543562889099
-0.2888365685939789 0.7434818744659424 -0.21376264095306396
-0.2872219979763031 0.7487453818321228 -0.2074926197528839
-0.2897447645664215 0.7404456734657288 -0.2173678278923035
-0.28987225890159607 0.7400012612342834 -0.21789939701557157
-0.29101815819740295 0.736153781414032 -0.22245559096336365
-0.28305235505104065 0.7623839974403381 -0.19098417460918427
-0.28147831559181213 0.7675228118896484 -0.18468287587165833
-0.28253474831581116 0.7640331983566284 -0.18898148834705353
-0.28356441855430603 0.7606343030929565 -0.19314563274383545
-0.2877211272716522 0.7470237612724304 -0.20956243574619293
-0.2840752899646759 0.7589844465255737 -0.19513656198978424
-0.28489187359809875 0.7562904953956604 -0.19841384887695312
-0.285687118768692 0.7536629438400269 -0.20159821212291718
-0.28900888562202454 0.7427459955215454 -0.21467028558254242
-0.2897813022136688 0.7401666045188904 -0.21773768961429596
-0.2851371467113495 0.7555539608001709 -0.19927343726158142
-0.28595611453056335 0.7528423070907593 -0.20255699753761292
-0.2803293764591217 0.771221399307251 -0.18010881543159485
-0.27671578526496887 0.7831584811210632 -0.16516265273094177
-0.2773725688457489 0.7809546589851379 -0.16795125603675842
-0.2780210077762604 0.778789222240448 -0.17068073153495789
-0.27866002917289734 0.7766631245613098 -0.1733497679233551
-0.27928903698921204 0.7745773792266846 -0.1759590208530426
-0.2836734354496002 0.7602283954620361 -0.19362565875053406
-0.2842799127101898 0.7582308650016785 -0.19606123864650726
-0.28487589955329895 0.7562711834907532 -0.19844147562980652
-0.2854597270488739 0.7543514966964722 -0.20076702535152435
-0.2896035611629486 0.7407509088516235 -0.21703031659126282
-0.29712358117103577 0.7154868245124817 -0.24646273255348206
-0.29765835404396057 0.7136232852935791 -0.24860656261444095
-0.2986997663974762 0.7100493907928467 -0.2526663541793823
-0.2991260588169098 0.7085347175598145 -0.25440144538879395
-0.29954078793525696 0.7070478200912476 -0.2561039328575134
-0.29994669556617737 0.7055892944335938 -0.2577704191207886
-0.2918713390827179 0.7332060933113098 -0.2259114384651184
-0.2970961630344391 0.7158521413803101 -0.24599249660968783
-0.3067235052585602 0.681213915348053 -0.2851366698741913
-0.2995322644710541 0.7070860266685486 -0.25605523586273193
-0.29987671971321106 0.7058384418487549 -0.2574819028377533
-0.2994705140590668 0.7072916030883789 -0.2558221220970154
-0.29905661940574646 0.7087737321853638 -0.2541249394416809
-0.29863134026527405 0.7102839350700378 -0.2523946464061737
-0.3035835325717926 0.6925652623176575 -0.27249467372894287
-0.29566875100135803 0.7204635143280029 -0.2407390475273132
-0.29515305161476135 0.7222369313240051 -0.2386825680732727
-0.2907164990901947 0.7371081113815308 -0.22130511701107025
-0.2901860177516937 0.7388818860054016 -0.21920540928840634
-0.28964248299598694 0.7406951785087585 -0.2170545607805252
-0.2890875041484833 0.7425479888916016 -0.2148495316505432
-0.2885197699069977 0.7444391250610352 -0.21259403228759763
-0.2879386842250824 0.7463679313659668 -0.21028754115104675
-0.28301766514778137 0.7624478340148926 -0.1908726543188095
-0.2823966443538666 0.764495849609375 -0.18835829198360443
-0.2817642390727997 0.7665843367576599 -0.1857854127883911
-0.2802194058895111 0.771580696105957 -0.17966026067733765
-0.28585246205329895 0.7531836628913879 -0.20214468240737915
-0.2850355803966522 0.7558850646018982 -0.19887255132198334
-0.28969916701316833 0.7404340505599976 -0.21741980314254764
-0.2889292538166046 0.7430052757263184 -0.21436052024364471
-0.2856130301952362 0.7538999319076538 -0.20130963623523712
-0.2848203480243683 0.75652015209198 -0.19813242554664612
-0.2840064465999603 0.7592068314552307 -0.1948627233505249
-0.2902849614620209 0.7385959625244141 -0.21956665813922885
-0.28666988015174866 0.7505106329917908 -0.20537181198596954
-0.28568294644355774 0.7537791132926941 -0.20142574608325958
-0.28466638922691345 0.7571401596069336 -0.19734787940979004
-0.28623881936073303 0.7520067095756531 -0.20354525744915009
-0.29381999373435974 0.7268147468566895 -0.2333735078573227
-0.29274091124534607 0.7304949164390564 -0.2290649116039276
-0.29487696290016174 0.7233483195304871 -0.23737576603889465
-0.2900097668170929 0.7396054267883301 -0.21835286915302277
-0.29159530997276306 0.7343900799751282 -0.22449161112308502
-0.2916886508464813 0.734074592590332 -0.22486037015914917
-0.2972937524318695 0.715058445930481 -0.2469586730003357
-0.2981027066707611 0.712255597114563 -0.25018566846847534
-0.29271063208580017 0.7306471467018127 -0.22889731824398038
-0.2857905924320221 0.7535200119018555 -0.2017277032136917
-0.2808901369571686 0.7695837616920471 -0.1820971965789795
-0.2789837419986725 0.7757955193519592 -0.17439508438110352
-0.2736075222492218 0.7936853766441345 -0.15174081921577454
-0.26825031638145447 0.8123824000358582 -0.12727653980255127
-0.2691955864429474 0.8088762164115906 -0.1319752335548401
-0.26582208275794983 0.8212231397628784 -0.11545747518539427
-0.2698170840740204 0.8065612316131592 -0.13506895303726196
-0.2693311870098114 0.8082783222198486 -0.13279709219932556
-0.2727415859699249 0.7963180541992188 -0.14845070242881775
-0.2694796025753021 0.8076863884925842 -0.133632093667984
-0.2651791274547577 0.8235792517662047 -0.11230799555778503
-0.2669679820537567 0.8168572783470154 -0.12140116095542906
-0.26615414023399353 0.8199875354766846 -0.11713472008705139
-0.2663877308368683 0.8191159963607788 -0.11832067370414735
-0.2631731927394867 0.8316668868064879 -0.10113340616226196
-0.2702941596508026 0.805098295211792 -0.13692772388458252
-0.2753128707408905 0.7879446148872375 -0.1591033935546875
-0.2790897786617279 0.7754697203636169 -0.17480334639549255
-0.28586694598197937 0.7532644271850586 -0.2020389437675476
-0.29082420468330383 0.7369012832641602 -0.22156357765197754
-0.29705020785331726 0.7158793210983276 -0.2460251897573471
-0.2927548587322235 0.730420708656311 -0.22917841374874112
-0.28681036829948425 0.7501095533370972 -0.2058543562889099
-0.2888365685939789 0.7434818744659424 -0.21376264095306396
-0.2872219979763031 0.7487453818321228 -0.2074926197528839
-0.2897447645664215 0.7404456734657288 -0.2173678278923035
-0.28987225890159607 0.7400012612342834 -0.21789939701557157
-0.29101815819740295 0.736153781414032 -0.22245559096336365
-0.28305235505104065 0.7623839974403381 -0.19098417460918427
-0.28147831559181213 0.7675228118896484 -0.18468287587165833
-0.28253474831581116 0.7640331983566284 -0.18898148834705353
-0.28356441855430603 0.7606343030929565 -0.19314563274383545
-0.2877211272716522 0.7470237612724304 -0.20956243574619293
-0.2840752899646759 0.7589844465255737 -0.19513656198978424
-0.28489187359809875 0.7562904953956604 -0.19841384887695312
-0.285687118768692 0.7536629438400269 -0.20159821212291718
-0.28900888562202454 0.7427459955215454 -0.21467028558254242
-0.2897813022136688 0.7401666045188904 -0.21773768961429596
-0.2851371467113495 0.7555539608001709 -0.19927343726158142
-0.28595611453056335 0.7528423070907593 -0.20255699753761292
-0.2803293764591217 0.771221399307251 -0.18010881543159485
-0.27671578526496887 0.7831584811210632 -0.16516265273094177
-0.2773725688457489 0.7809546589851379 -0.16795125603675842
-0.2780210077762604 0.778789222240448 -0.17068073153495789
-0.27866002917289734 0.7766631245613098 -0.1733497679233551
-0.27928903698921204 0.7745773792266846 -0.1759590208530426
-0.2836734354496002 0.7602283954620361 -0.19362565875053406
-0.2842799127101898 0.7582308650016785 -0.19606123864650726
-0.28487589955329895 0.7562711834907532 -0.19844147562980652
-0.2854597270488739 0.7543514966964722 -0.20076702535152435
-0.2896035611629486 0.7407509088516235 -0.21703031659126282
-0.29712358117103577 0.7154868245124817 -0.24646273255348206
-0.29765835404396057 0.7136232852935791 -0.24860656261444095
-0.2986997663974762 0.7100493907928467 -0.2526663541793823
-0.2991260588169098 0.7085347175598145 -0.25440144538879395
-0.29954078793525696 0.7070478200912476 -0.2561039328575134
-0.29994669556617737 0.7055892944335938 -0.2577704191207886
-0.2918713390827179 0.7332060933113098 -0.2259114384651184
-0.2970961630344391 0.7158521413803101 -0.24599249660968783
-0.3067235052585602 0.681213915348053 -0.2851366698741913
-0.2995322644710541 0.7070860266685486 -0.25605523586273193
-0.29987671971321106 0.7058384418487549 -0.2574819028377533
-0.2994705140590668 0.7072916030883789 -0.2558221220970154
-0.29905661940574646 0.7087737321853638 -0.2541249394416809
-0.29863134026527405 0.7102839350700378 -0.2523946464061737
-0.3035835325717926 0.6925652623176575 -0.27249467372894287
-0.29566875100135803 0.7204635143280029 -0.2407390475273132
-0.29515305161476135 0.7222369313240051 -0.2386825680732727
-0.2907164990901947 0.7371081113815308 -0.22130511701107025
-0.2901860177516937 0.7388818860054016 -0.21920540928840634
-0.28964248299598694 0.7406951785087585 -0.2170545607805252
-0.2890875041484833 0.7425479888916016 -0.2148495316505432
-0.2885197699069977 0.7444391250610352 -0.21259403228759763
-0.2879386842250824 0.7463679313659668 -0.21028754115104675
-0.28301766514778137 0.7624478340148926 -0.1908726543188095
-0.2823966443538666 0.764495849609375 -0.18835829198360443
-0.2817642390727997 0.7665843367576599 -0.1857854127883911
-0.2802194058895111 0.771580696105957 -0.17966026067733765
-0.28585246205329895 0.7531836628913879 -0.20214468240737915
-0.2850355803966522 0.7558850646018982 -0.19887255132198334
-0.28969916701316833 0.7404340505599976 -0.21741980314254764
-0.2889292538166046 0.7430052757263184 -0.21436052024364471
-0.2856130301952362 0.7538999319076538 -0.20130963623523712
-0.2848203480243683 0.75652015209198 -0.19813242554664612
-0.2840064465999603 0.7592068314552307 -0.1948627233505249
-0.2902849614620209 0.7385959625244141 -0.21956665813922885
-0.28666988015174866 0.7505106329917908 -0.20537181198596954
-0.28568294644355774 0.7537791132926941 -0.20142574608325958
-0.28466638922691345 0.7571401596069336 -0.19734787940979004
-0.28623881936073303 0.7520067095756531 -0.20354525744915009
-0.29381999373435974 0.7268147468566895 -0.2333735078573227
-0.29274091124534607 0.7304949164390564 -0.2290649116039276
-0.29487696290016174 0.7233483195304871 -0.23737576603889465
-0.2900097668170929 0.7396054267883301 -0.21835286915302277
-0.29159530997276306 0.7343900799751282 -0.22449161112308502
-0.2916886508464813 0.734074592590332 -0.22486037015914917
-0.2972937524318695 0.715058445930481 -0.2469586730003357
-0.2981027066707611 0.712255597114563 -0.25018566846847534
-0.29271063208580017 0.7306471467018127 -0.22889731824398038
-0.2857905924320221 0.7535200119018555 -0.2017277032136917
-0.2808901369571686 0.7695837616920471 -0.1820971965789795
-0.2789837419986725 0.7757955193519592 -0.17439508438110352
-0.2736075222492218 0.7936853766441345 -0.15174081921577454
-0.26825031638145447 0.8123824000358582 -0.12727653980255127
-0.2691955864429474 0.8088762164115906 -0.1319752335548401
-0.26582208275794983 0.8212231397628784 -0.11545747518539427
-0.2698170840740204 0.8065612316131592 -0.13506895303726196
-0.2693311870098114 0.8082783222198486 -0.13279709219932556
-0.2727415859699249 0.7963180541992188 -0.14845070242881775

VECTORS Vvpm_BBp float
-0.3006872236728668 0.7034945487976074 -0.260100394487381
-0.30447664856910706 0.6897139549255371 -0.2756638526916504
-0.30818477272987366 0.675684928894043 -0.291312038898468
-0.3116312325000763 0.661715030670166 -0.3067777156829834
-0.31374332308769226 0.6529422402381897 -0.31639987230300903
-0.31631574034690857 0.6412886381149292 -0.329170286655426
-0.31754425168037415 0.6354171633720398 -0.3355872929096222
-0.3208164870738983 0.6188891530036926 -0.3535654544830322
-0.3221283257007599 0.6115090250968933 -0.3615892827510834
-0.32278868556022644 0.6076241135597229 -0.36580777168273926
-0.3218976557254791 0.6126582622528076 -0.3603498339653015
-0.32284989953041077 0.6074028611183167 -0.3660314083099365
-0.3224315345287323 0.609738826751709 -0.36350104212760925
-0.3216404616832733 0.6141476035118103 -0.3587145507335663
-0.32091620564460754 0.6180481910705566 -0.35448649525642395
-0.3212098777294159 0.6163561344146729 -0.3563307225704193
-0.3226258456707001 0.608633279800415 -0.36468949913978577
-0.32246139645576477 0.6095441579818726 -0.3637004792690277
-0.32267507910728455 0.6082161068916321 -0.3651473820209503
-0.3218998610973358 0.6125631928443909 -0.36043107509613037
-0.32078567147254944 0.6186349391937256 -0.3538443148136139
-0.3210153877735138 0.6173267960548401 -0.3552703261375427
-0.32064297795295715 0.6193318963050842 -0.3530883491039276
-0.3208666741847992 0.6180707216262817 -0.35446232557296753
-0.32249876856803894 0.6095221638679504 -0.363691508769989
-0.3226630985736847 0.6085065603256226 -0.36479756236076355
-0.3223254978656769 0.61039799451828 -0.3627499043941498
-0.32205405831336975 0.6118612885475159 -0.36116448044776917
-0.32222506403923035 0.6108203530311584 -0.3622996509075165
-0.32119980454444885 0.6164828538894653 -0.3561563491821289
-0.32137373089790344 0.6154614090919495 -0.3572711944580078
-0.3207031190395355 0.6191294193267822 -0.35327810049057007
-0.31907907128334045 0.6275528073310852 -0.3441086709499359
-0.31926867365837097 0.6265475749969482 -0.34520670771598816
-0.3194541037082672 0.6255637407302856 -0.34627968072891235
-0.3196350634098053 0.6246017813682556 -0.3473287522792816
-0.31981077790260315 0.6236600875854492 -0.3483554720878601
-0.3199808895587921 0.6227390170097351 -0.34935927391052246
-0.31913092732429504 0.6271035671234131 -0.3446120619773865
-0.3193260133266449 0.626086950302124 -0.34571975469589233
-0.32459452748298645 0.5969857573509216 -0.37724244594573975
-0.3242371380329132 0.5991785526275635 -0.3748617470264435
-0.3243246376514435 0.598602294921875 -0.3754875957965851
-0.3244076073169708 0.5980367660522461 -0.37610360980033875
-0.32448723912239075 0.5974828004837036 -0.3767075836658478
-0.32456400990486145 0.5969403982162476 -0.37729912996292114
-0.32463791966438293 0.5964086651802063 -0.37787938117980957
-0.3235394060611725 0.6031755805015564 -0.3705385625362396
-0.32456615567207336 0.5970239043235779 -0.3772099018096924
-0.32957741618156433 0.5601019859313965 -0.4172056317329407
-0.32456663250923157 0.5970262289047241 -0.3772065043449402
-0.3235417902469635 0.6031840443611145 -0.37052804231643677
-0.3246385157108307 0.5964109301567078 -0.37787628173828125
-0.3245634138584137 0.5969412326812744 -0.377297580242157
-0.3244875371456146 0.5974844694137573 -0.37670475244522095
-0.3244077265262604 0.5980384349822998 -0.37610089778900146
-0.3243257701396942 0.5986047983169556 -0.3754836916923523
-0.32423916459083557 0.5991815328598022 -0.37485650181770325
-0.3245972692966461 0.5969871282577515 -0.3772384226322174
-0.31932786107063293 0.6260866522789001 -0.34571564197540283
-0.3191339671611786 0.6271045804023743 -0.3446064889431
-0.31998398900032043 0.6227419972419739 -0.34935182332992554
-0.319814532995224 0.6236633658409119 -0.3483469486236572
-0.31963905692100525 0.6246051788330078 -0.3473202884197235
-0.31945833563804626 0.6255673170089722 -0.3462710976600647
-0.3192726671695709 0.6265510320663452 -0.34519821405410767
-0.3190818130970001 0.6275554895401001 -0.34410208463668823
-0.32070431113243103 0.6191338896751404 -0.35327136516571045
-0.32137438654899597 0.6154661774635315 -0.35726502537727356
-0.3211997449398041 0.6164873242378235 -0.35615110397338867
-0.32222452759742737 0.6108206510543823 -0.3622983694076538
-0.3220534026622772 0.6118619441986084 -0.3611631691455841
-0.3223249614238739 0.6103968024253845 -0.3627500832080841
-0.32266244292259216 0.6085070967674255 -0.36479616165161133
-0.32249853014945984 0.6095227003097534 -0.363689661026001
-0.3208668529987335 0.618073046207428 -0.3544585108757019
-0.3206431567668915 0.6193342208862305 -0.3530842363834381
-0.3210160434246063 0.6173302531242371 -0.35526514053344727
-0.3207866847515106 0.6186386346817017 -0.3538387417793274
-0.321900874376297 0.612565279006958 -0.3604266047477722
-0.3226764500141144 0.6082189083099365 -0.36514249444007874
-0.32246270775794983 0.6095471978187561 -0.36369550228118896
-0.32262763381004333 0.6086371541023254 -0.36468371748924255
-0.3212110102176666 0.6163614392280579 -0.35632386803627014
-0.3209172785282135 0.6180530786514282 -0.35447993874549866
-0.3216414749622345 0.614150881767273 -0.358709454536438
-0.3224327862262726 0.6097431778907776 -0.36349523067474365
-0.32285091280937195 0.6074084639549255 -0.3660244047641754
-0.32189878821372986 0.6126649379730225 -0.3603416383266449
-0.3227897584438324 0.6076298356056213 -0.36580076813697815
-0.3221300542354584 0.611513614654541 -0.36158287525177
-0.3208182752132416 0.6188918352127075 -0.3535604476928711
-0.317545622587204 0.635417103767395 -0.33558404445648193
-0.31631746888160706 0.6412853002548218 -0.32916927337646484
-0.31374457478523254 0.6529373526573181 -0.31639981269836426
-0.3116321861743927 0.6617069244384766 -0.30677998065948486
-0.30818554759025574 0.6756758093833923 -0.29131513833999634
-0.3044772446155548 0.6897028088569641 -0.275668203830719
-0.30068764090538025 0.7034822106361389 -0.26010504364967346
-0.2948968708515167 0.7235844731330872 -0.23705703020095825
-0.3006872236728668 0.7034945487976074 -0.260100394487381
-0.30447664856910706 0.6897139549255371 -0.2756638526916504
-0.30818477272987366 0.675684928894043 -0.291312038898468
-0.3116312325000763 0.661715030670166 -0.3067777156829834
-0.31374332308769226 0.6529422402381897 -0.31639987230300903
-0.31631574034690857 0.6412886381149292 -0.329170286655426
-0.31754425168037415 0.6354171633720398 -0.3355872929096222
-0.3208164870738983 0.6188891530036926 -0.3535654544830322
-0.3221283257007599 0.6115090250968933 -0.3615892827510834
-0.32278868556022644 0.6076241135597229 -0.36580777168273926
-0.3218976557254791 0.6126582622528076 -0.3603498339653015
-0.32284989953041077 0.6074028611183167 -0.3660314083099365
-0.3224315345287323 0.609738826751709 -0.36350104212760925
-0.3216404616832733 0.6141476035118103 -0.3587145507335663
-0.32091620564460754 0.6180481910705566 -0.35448649525642395
-0.3212098777294159 0.6163561344146729 -0.3563307225704193
-0.3226258456707001 0.608633279800415 -0.36468949913978577
-0.32246139645576477 0.6095441579818726 -0.3637004792690277
-0.32267507910728455 0.6082161068916321 -0.3651473820209503
-0.3218998610973358 0.6125631928443909 -0.36043107509613037
-0.32078567147254944 0.6186349391937256 -0.3538443148136139
-0.3210153877735138 0.6173267960548401 -0.3552703261375427
-0.32064297795295715 0.6193318963050842 -0.3530883491039276
-0.3208666741847992 0.6180707216262817 -0.35446232557296753
-0.32249876856803894 0.6095221638679504 -0.363691508769989
-0.3226630985736847 0.6085065603256226 -0.36479756236076355
-0.3223254978656769 0.61039799451828 -0.3627499043941498
-0.32205405831336975 0.6118612885475159 -0.36116448044776917
-0.32222506403923035 0.6108203530311584 -0.3622996509075165
-0.32119980454444885 0.6164828538894653 -0.3561563491821289
-0.32137373089790344 0.6154614090919495 -0.3572711944580078
-0.3207031190395355 0.6191294193267822 -0.35327810049057007
-0.31907907128334045 0.6275528073310852 -0.3441086709499359
-0.31926867365837097 0.6265475749969482 -0.34520670771598816
-0.3194541037082672 0.6255637407302856 -0.34627968072891235
-0.3196350634098053 0.6246017813682556 -0.3473287522792816
-0.31981077790260315 0.6236600875854492 -0.3483554720878601
-0.3199808895587921 0.6227390170097351 -0.34935927391052246
-0.31913092732429504 0.6271035671234131 -0.3446120619773865
-0.3193260133266449 0.626086950302124 -0.34571975469589233
-0.32459452748298645 0.5969857573509216 -0.37724244594573975
-0.3242371380329132 0.5991785526275635 -0.3748617470264435
-0.3243246376514435 0.598602294921875 -0.3754875957965851
-0.3244076073169708 0.5980367660522461 -0.37610360980033875
-0.32448723912239075 0.5974828004837036 -0.3767075836658478
-0.32456400990486145 0.5969403982162476 -0.37729912996292114
-0.32463791966438293 0.5964086651802063 -0.37787938117980957
-0.3235394060611725 0.6031755805015564 -0.3705385625362396
-0.32456615567207336 0.5970239043235779 -0.3772099018096924
-0.32957741618156433 0.5601019859313965 -0.4172056317329407
-0.32456663250923157 0.5970262289047241 -0.3772065043449402
-0.3235417902469635 0.6031840443611145 -0.37052804231643677
-0.3246385157108307 0.5964109301567078 -0.37787628173828125
-0.3245634138584137 0.5969412326812744 -0.377297580242157
-0.3244875371456146 0.5974844694137573 -0.37670475244522095
-0.3244077265262604 0.5980384349822998 -0.37610089778900146
-0.3243257701396942 0.5986047983169556 -0.3754836916923523
-0.32423916459083557 0.5991815328598022 -0.37485650181770325
-0.3245972692966461 0.5969871282577515 -0.3772384226322174
-0.31932786107063293 0.6260866522789001 -0.34571564197540283
-0.3191339671611786 0.6271045804023743 -0.3446064889431
-0.31998398900032043 0.6227419972419739 -0.34935182332992554
-0.319814532995224 0.6236633658409119 -0.3483469486236572
-0.31963905692100525 0.6246051788330078 -0.3473202884197235
-0.31945833563804626 0.6255673170089722 -0.3462710976600647
-0.3192726671695709 0.6265510320663452 -0.34519821405410767
-0.3190818130970001 0.6275554895401001 -0.34410208463668823
-0.32070431113243103 0.6191338896751404 -0.35327136516571045
-0.32137438654899597 0.6154661774635315 -0.35726502537727356
-0.3211997449398041 0.6164873242378235 -0.35615110397338867
-0.32222452759742737 0.6108206510543823 -0.3622983694076538
-0.3220534026622772 0.6118619441986084 -0.3611631691455841
-0.3223249614238739 0.6103968024253845 -0.3627500832080841
-0.32266244292259216 0.6085070967674255 -0.36479616165161133
-0.32249853014945984 0.6095227003097534 -0.363689661026001
-0.3208668529987335 0.618073046207428 -0.3544585108757019
-0.3206431567668915 0.6193342208862305 -0.3530842363834381
-0.3210160434246063 0.6173302531242371 -0.35526514053344727
-0.3207866847515106 0.6186386346817017 -0.3538387417793274
-0.321900874376297 0.612565279006958 -0.3604266047477722
-0.3226764500141144 0.6082189083099365 -0.36514249444007874
-0.32246270775794983 0.6095471978187561 -0.36369550228118896
-0.32262763381004333 0.6086371541023254 -0.36468371748924255
-0.3212110102176666 0.6163614392280579 -0.35632386803627014
-0.3209172785282135 0.6180530786514282 -0.35447993874549866
-0.3216414749622345 0.614150881767273 -0.358709454536438
-0.3224327862262726 0.6097431778907776 -0.36349523067474365
-0.32285091280937195 0.6074084639549255 -0.3660244047641754
-0.32189878821372986 0.6126649379730225 -0.3603416383266449
-0.3227897584438324 0.6076298356056213 -0.36580076813697815
-0.3221300542354584 0.611513614654541 -0.36158287525177
-0.3208182752132416 0.6188918352127075 -0.3535604476928711
-0.317545622587204 0.635417103767395 -0.33558404445648193
-0.31631746888160706 0.6412853002548218 -0.32916927337646484
-0.31374457478523254 0.6529373526573181 -0.31639981269836426
-0.3116321861743927 0.6617069244384766 -0.30677998065948486
-0.30818554759025574 0.6756758093833923 -0.29131513833999634
-0.3044772446155548 0.6897028088569641 -0.275668203830719
-0.30068764090538025 0.7034822106361389 -0.26010504364967346
-0.2948968708515167 0.7235844731330872 -0.23705703020095825

VECTORS ftot float
-5.8742946085689605 -9.920824083208556 5.655698510997034
-7.8738140158001055 -11.920334629359994 7.7541521536095015
-8.926276092014103 -12.972807445985097 9.477426423840253
-9.626472352279706 -13.673023467192541 11.035569995016887
-10.141362353031962 -14.187934465672758 12.497684895581349
-10.515289084927247 -14.561877371021009 13.895351569221633
-10.826349177265005 -14.87299673980944 15.23757115307404
-11.065911646072147 -15.11255950363886 16.537931605419846
-11.241295787055321 -15.287957115270553 17.800786408862372
-11.376353951792353 -15.423006572191024 19.026190198424437
-11.464930234823708 -15.511562721718962 20.216871056784264
-11.526956049989643 -15.57359235717436 21.37213264144382
-11.509873351149768 -15.55650426738764 22.49690651570984
-11.428050625990698 -15.47467744394503 23.583004539912086
-11.339229885815085 -15.385846109976617 24.620188216494718
-11.206198454556311 -15.252809562111068 25.611673284469365
-11.070917534616749 -15.117541508933796 26.551152907453474
-10.912764010372236 -14.959382618375875 27.441397320033854
-10.753764563882783 -14.80037720584028 28.280354154425194
-10.525831171600762 -14.572441953591865 29.073494388090634
-10.306732488305508 -14.35332771179124 29.80653769210155
-10.099747057071763 -14.146339686883506 30.479950684482525
-9.895562118122196 -13.942153360870506 31.09672054035058
-9.722931366681493 -13.769533508083166 31.6569773334774
-9.505264708237561 -13.551869328101894 32.17194397072238
-9.307930144629562 -13.354634714685107 32.63137981148564
-9.113977501070384 -13.160677754053754 33.03978846210737
-8.945389245639753 -12.99208456850381 33.39755274493524
-8.77188829561825 -12.818578963655154 33.713322117149325
-8.552747665931097 -12.59942222211631 33.99164120733352
-8.360901033990734 -12.40757064983484 34.221370780011966
-8.115158149853698 -12.16182257564041 34.41421220186813
-7.85409065160469 -11.900764057974577 34.55896764773251
-7.608840791874523 -11.655513861421664 34.64989594556925
-7.357489105948544 -11.404161893914637 34.692410224610825
-7.095680224083845 -11.142352392735466 34.68770457001882
-6.81891576648337 -10.865640246699105 34.635564085028356
-6.560242904973878 -10.606963115250224 34.532159223615324
-6.267097189858469 -10.313813549804866 34.38837258044755
-5.9525193043874065 -9.999241489626774 34.1990431714938
-5.613261602847598 -9.659988673847694 33.96119383364896
-5.275643528780396 -9.322366956184622 33.66820616513692
-4.951184287502616 -8.997905322976743 33.322875518096346
-4.557553481135709 -8.604271880061495 32.94355605485264
-4.109171006644973 -8.155886631886716 32.52077677364599
-3.5605802257545225 -7.607293107998511 32.05575284724815
-2.813442542975138 -6.860150624082137 31.55162366133578
-1.5783853961960324 -5.625090458987198 31.019992598376756
1.3640324091066476 -2.6826923843913897 30.495005567441982
16.773032999959078 12.726218170325335 30.003149966676876
16.666073640441844 -12.61926281341918 26.573948184842486
1.300960137525066 2.74575406755598 26.993586812158625
-1.5863881827506976 5.633082562936278 27.459981186061157
-2.8259122390657287 6.872610206598922 27.923006689824145
-3.5750608037267573 7.62176339844293 28.35931925796186
-4.12793641689926 8.174641853874308 28.758349605773343
-4.605055985527854 8.651764459220681 29.11217002650727
-4.9492030667422595 8.995914101240546 29.445116002881825
-5.3197701631320955 9.366484234337758 29.729762799708816
-5.641484972235596 9.68820231861779 29.97736236630448
-5.9712503503239 10.01796330422625 30.178618246488185
-6.277399678747587 10.324106982363649 30.33874382957253
-6.5637413724099165 10.61045293983899 30.4596403565649
-6.832194007167879 10.878909849636598 30.54271025544875
-7.083535079805888 11.130192150813405 30.589365869613896
-7.302725854069796 11.349383813564158 30.603245924859458
-7.548485223035661 11.59514386427454 30.573248668700412
-7.783344898529501 11.830004139624263 30.502337109712855
-8.009708182279853 12.056364108483656 30.39022519951681
-8.26705105426776 12.313712077416858 30.22936081148914
-8.46725366353878 12.513919926890875 30.033732471057355
-8.693811522011586 12.740491438931697 29.79372221021768
-8.874403941608268 12.921088851094353 29.51947092529401
-9.049988264809178 13.096678305022586 29.207081617418005
-9.250910265741478 13.297604516595511 28.848980560941516
-9.455926722112611 13.502524287450035 28.44475475139266
-9.691438789655258 13.7380373603075 27.988688821030756
-9.86321004118898 13.909793591824409 27.494471796355754
-10.063704258363899 14.110289401757527 26.95164658910154
-10.267507520827532 14.314095571082502 26.35958119312761
-10.483029075570064 14.529630889228695 25.715579126737488
-10.706330804736918 14.75293712394037 25.019273581707264
-10.864483378132192 14.911096163848027 24.28239456329274
-11.027696025966787 15.074314315129387 23.4995675788987
-11.146341493090297 15.192946102897139 22.676679082826762
-11.279167895310184 15.325777714844566 21.807018463506335
-11.372868965807093 15.419490367781169 20.896203780377416
-11.445781881180409 15.49240908237544 19.944386591679677
-11.44885282520352 15.495487506160627 18.96052434228958
-11.393034727582286 15.439664357089878 17.947844360739854
-11.301462988887081 15.348109767573819 16.90448345840735
-11.17595695406295 15.22261100267651 15.828546352724297
-11.004346118775617 15.050983400276564 14.719483760758965
-10.76128866527727 14.807923751266195 13.57842903404305
-10.452238883191281 14.498816587017373 12.400384890709029
-10.06854637651939 14.115105293037177 11.175947756019486
-9.55180113895322 13.598339377045676 9.895089396954862
-8.862066955000923 12.908584174297259 8.527808331686641
-7.812913489113732 11.859419899427706 7.016130965273305
-5.819777673002239 9.866290567986068 5.1762914560368305
-5.8742946085689605 -9.920824083208556 5.655698510997034
-7.8738140158001055 -11.920334629359994 7.7541521536095015
-8.926276092014103 -12.972807445985097 9.477426423840253
-9.626472352279706 -13.673023467192541 11.035569995016887
-10.141362353031962 -14.187934465672758 12.497684895581349
-10.515289084927247 -14.561877371021009 13.895351569221633
-10.826349177265005 -14.87299673980944 15.23757115307404
-11.065911646072147 -15.11255950363886 16.537931605419846
-11.241295787055321 -15.287957115270553 17.800786408862372
-11.376353951792353 -15.423006572191024 19.026190198424437
-11.464930234823708 -15.511562721718962 20.216871056784264
-11.526956049989643 -15.57359235717436 21.37213264144382
-11.509873351149768 -15.55650426738764 22.49690651570984
-11.428050625990698 -15.47467744394503 23.583004539912086
-11.339229885815085 -15.385846109976617 24.620188216494718
-11.206198454556311 -15.252809562111068 25.611673284469365
-11.070917534616749 -15.117541508933796 26.551152907453474
-10.912764010372236 -14.959382618375875 27.441397320033854
-10.753764563882783 -14.80037720584028 28.280354154425194
-10.525831171600762 -14.572441953591865 29.073494388090634
-10.306732488305508 -14.35332771179124 29.80653769210155
-10.099747057071763 -14.146339686883506 30.479950684482525
-9.895562118122196 -13.942153360870506 31.09672054035058
-9.722931366681493 -13.769533508083166 31.6569773334774
-9.505264708237561 -13.551869328101894 32.17194397072238
-9.307930144629562 -13.354634714685107 32.63137981148564
-9.113977501070384 -13.160677754053754 33.03978846210737
-8.945389245639753 -12.99208456850381 33.39755274493524
-8.77188829561825 -12.818578963655154 33.713322117149325
-8.552747665931097 -12.59942222211631 33.99164120733352
-8.360901033990734 -12.40757064983484 34.221370780011966
-8.115158149853698 -12.16182257564041 34.41421220186813
-7.85409065160469 -11.900764057974577 34.55896764773251
-7.608840791874523 -11.655513861421664 34.64989594556925
-7.357489105948544 -11.404161893914637 34.692410224610825
-7.095680224083845 -11.142352392735466 34.68770457001882
-6.81891576648337 -10.865640246699105 34.635564085028356
-6.560242904973878 -10.606963115250224 34.532159223615324
-6.267097189858469 -10.313813549804866 34.38837258044755
-5.9525193043874065 -9.999241489626774 34.1990431714938
-5.613261602847598 -9.659988673847694 33.96119383364896
-5.275643528780396 -9.322366956184622 33.66820616513692
-4.951184287502616 -8.997905322976743 33.322875518096346
-4.557553481135709 -8.604271880061495 32.94355605485264
-4.109171006644973 -8.155886631886716 32.52077677364599
-3.5605802257545225 -7.607293107998511 32.05575284724815
-2.813442542975138 -6.860150624082137 31.55162366133578
-1.5783853961960324 -5.625090458987198 31.019992598376756
1.3640324091066476 -2.6826923843913897 30.495005567441982
16.773032999959078 12.726218170325335 30.003149966676876
16.666073640441844 -12.61926281341918 26.573948184842486
1.300960137525066 2.74575406755598 26.993586812158625
-1.5863881827506976 5.633082562936278 27.459981186061157
-2.8259122390657287 6.872610206598922 27.923006689824145
-3.5750608037267573 7.62176339844293 28.35931925796186
-4.12793641689926 8.174641853874308 28.758349605773343
-4.605055985527854 8.651764459220681 29.11217002650727
-4.9492030667422595 8.995914101240546 29.445116002881825
-5.3197701631320955 9.366484234337758 29.729762799708816
-5.641484972235596 9.68820231861779 29.97736236630448
-5.9712503503239 10.01796330422625 30.178618246488185
-6.277399678747587 10.324106982363649 30.33874382957253
-6.5637413724099165 10.61045293983899 30.4596403565649
-6.832194007167879 10.878909849636598 30.54271025544875
-7.083535079805888 11.130192150813405 30.589365869613896
-7.302725854069796 11.349383813564158 30.603245924859458
-7.548485223035661 11.59514386427454 30.573248668700412
-7.783344898529501 11.830004139624263 30.502337109712855
-8.009708182279853 12.056364108483656 30.39022519951681
-8.26705105426776 12.313712077416858 30.22936081148914
-8.46725366353878 12.513919926890875 30.033732471057355
-8.693811522011586 12.740491438931697 29.79372221021768
-8.874403941608268 12.921088851094353 29.51947092529401
-9.049988264809178 13.096678305022586 29.207081617418005
-9.250910265741478 13.297604516595511 28.848980560941516
-9.455926722112611 13.502524287450035 28.44475475139266
-9.691438789655258 13.7380373603075 27.988688821030756
-9.86321004118898 13.909793591824409 27.494471796355754
-10.063704258363899 14.110289401757527 26.95164658910154
-10.267507520827532 14.314095571082502 26.35958119312761
-10.483029075570064 14.529630889228695 25.715579126737488
-10.706330804736918 14.75293712394037 25.019273581707264
-10.864483378132192 14.911096163848027 24.28239456329274
-11.027696025966787 15.074314315129387 23.4995675788987
-11.146341493090297 15.192946102897139 22.676679082826762
-11.279167895310184 15.325777714844566 21.807018463506335
-11.372868965807093 15.419490367781169 20.896203780377416
-11.445781881180409 15.49240908237544 19.944386591679677
-11.44885282520352 15.495487506160627 18.96052434228958
-11.393034727582286 15.439664357089878 17.947844360739854
-11.301462988887081 15.348109767573819 16.90448345840735
-11.17595695406295 15.22261100267651 15.828546352724297
-11.004346118775617 15.050983400276564 14.719483760758965
-10.76128866527727 14.807923751266195 13.57842903404305
-10.452238883191281 14.498816587017373 12.400384890709029
-10.06854637651939 14.115105293037177 11.175947756019486
-9.55180113895322 13.598339377045676 9.895089396954862
-8.862066955000923 12.908584174297259 8.527808331686641
-7.812913489113732 11.859419899427706 7.016130965273305
-5.819777673002239 9.866290567986068 5.1762914560368305

VECTORS D float
-0.012032509303585903 -0.0 -0.005610851235083376
-0.018734863625473913 -0.0 -0.008736210383048006
-0.022907004763422015 -0.0 -0.010681711746576717
-0.025831984676470094 -0.0 -0.012045652279980579
-0.02781480127213571 -0.0 -0.012970254843256278
-0.028778815355836988 -0.0 -0.01341978199305546
-0.029074279813598974 -0.0 -0.013557559332422487
-0.02849821956636602 -0.0 -0.0132889380275791
-0.026992720998980813 -0.0 -0.012586912516265997
-0.024697131833445653 -0.0 -0.01151646170839931
-0.021486298556199847 -0.0 -0.010019225562160679
-0.01752560290890285 -0.0 -0.00817232285020492
-0.012141129383836017 -0.0 -0.005661501610333414
-0.005428986711238944 -0.0 -0.0025315780794724395
0.001876544473474459 0.0 0.00087504705884958
0.010283439205045104 0.0 0.004795246453483883
0.01918118614452831 0.0 0.008944333991690102
0.028860543207562216 0.0 0.013457892316199491
0.03895344199921467 0.0 0.01816428831573036
0.05059155407167059 0.0 0.0235912291015827
0.06240562437249247 0.0 0.029100220556837465
0.07426489286520549 0.0 0.034630288275105836
0.08628819452569307 0.0 0.040236845915698906
0.0978584632935843 0.0 0.045632150849078186
0.11050199821426586 0.0 0.05152792800874215
0.12280979759397322 0.0 0.05726714911453504
0.13509616054925389 0.0 0.06299637425145428
0.1468224361908085 0.0 0.06846442638474763
0.15867174827412675 0.0 0.07398985135306749
0.17162165679773822 0.0 0.0800284928700342
0.18383920744059346 0.0 0.08572563029869414
0.197378060283669 0.0 0.09203890106205383
0.21119379642260136 0.0 0.09848128462668676
0.2243841904372949 0.0 0.10463206636982024
0.23752371499403965 0.0 0.11075912729514595
0.2507142690637947 0.0 0.11690998367318031
0.26405662228871885 0.0 0.12313162515977151
0.2765266844050119 0.0 0.12894651062226747
0.28974810276197177 0.0 0.13511175925378896
0.3032841793867373 0.0 0.14142373544528997
0.3171930050273996 0.0 0.1479095273574734
0.33054633986137727 0.0 0.15413628965246512
0.34295724915149334 0.0 0.15992359169911324
0.3573549725073127 0.0 0.1666373603599289
0.3732128499729181 0.0 0.17403201006422425
0.3921865965760916 0.0 0.1828796134091765
0.41794653460588505 0.0 0.19489166978606734
0.4614170884085909 0.0 0.21516232192850798
0.5686486227139981 0.0 0.2651652075708298
1.1435433790456033 0.0 0.5332430350814091
1.0801274495694342 0.0 0.5036717015176542
0.5067700931032519 0.0 0.23631077533796802
0.40168989680210837 0.0 0.1873110750823142
0.35807766687513715 0.0 0.1669743582781509
0.3323230942158675 0.0 0.15496480381462413
0.31335257389906135 0.0 0.14611870491171244
0.2966912937192738 0.0 0.13834942236921138
0.2844482402934878 0.0 0.1326403927975666
0.2709111661903048 0.0 0.1263279514742407
0.2586785916165949 0.0 0.12062380827156763
0.24582761753839844 0.0 0.11463130064415324
0.23343038742813252 0.0 0.10885037730382649
0.22139314204093052 0.0 0.1032373175966833
0.2096769950492912 0.0 0.0977739885304122
0.19827815044833838 0.0 0.09245861999886916
0.18764703627723697 0.0 0.08750125004616445
0.17607198015723402 0.0 0.08210371273383318
0.16464251176478614 0.0 0.07677406409379424
0.15331226482412819 0.0 0.07149068317657818
0.14106266288078434 0.0 0.0657785999810466
0.13022942485809694 0.0 0.06072697812845154
0.11871976215448354 0.0 0.055359934266975656
0.1083367968430725 0.0 0.05051827802790699
0.09810077444715311 0.0 0.045745142395643694
0.08733369088324389 0.0 0.04072436887379801
0.07655428705248887 0.0 0.03569785031717162
0.06525052580753288 0.0 0.030426819882692954
0.05541975712148932 0.0 0.025842657158840494
0.04521040124104252 0.0 0.02108195632695838
0.0351640901300677 0.0 0.01639728451970317
0.025173301172964284 0.0 0.011738503117995455
0.015371939705097443 0.0 0.007168053205183829
0.0070272762572935864 0.0 0.0032768727347467956
-0.0010200144772132265 -0.0 -0.0004756405621534949
-0.007984651807026583 -0.0 -0.003723304285317644
-0.014741118266584927 -0.0 -0.006873896337477089
-0.02051142482048712 -0.0 -0.009564634473463661
-0.025553959710914984 -0.0 -0.01191600710938395
-0.02927449724761866 -0.0 -0.013650922255202012
-0.03188511002674792 -0.0 -0.014868270986587285
-0.033715620317861614 -0.0 -0.01572185195366514
-0.03483476901130403 -0.0 -0.016243719560031497
-0.035179718479825664 -0.0 -0.016404572138879633
-0.03461112208875348 -0.0 -0.01613943128732338
-0.03330027483431797 -0.0 -0.015528173173908645
-0.031319511727031436 -0.0 -0.014604528167990046
-0.028467610831750124 -0.0 -0.013274664940221273
-0.024831331248236225 -0.0 -0.011579039923236074
-0.01998111854016931 -0.0 -0.009317348593783777
-0.012660840075801419 -0.0 -0.0059038466860219145
-0.012032509303585903 -0.0 -0.005610851235083376
-0.018734863625473913 -0.0 -0.008736210383048006
-0.022907004763422015 -0.0 -0.010681711746576717
-0.025831984676470094 -0.0 -0.012045652279980579
-0.02781480127213571 -0.0 -0.012970254843256278
-0.028778815355836988 -0.0 -0.01341978199305546
-0.029074279813598974 -0.0 -0.013557559332422487
-0.02849821956636602 -0.0 -0.0132889380275791
-0.026992720998980813 -0.0 -0.012586912516265997
-0.024697131833445653 -0.0 -0.01151646170839931
-0.021486298556199847 -0.0 -0.010019225562160679
-0.01752560290890285 -0.0 -0.00817232285020492
-0.012141129383836017 -0.0 -0.005661501610333414
-0.005428986711238944 -0.0 -0.0025315780794724395
0.001876544473474459 0.0 0.00087504705884958
0.010283439205045104 0.0 0.004795246453483883
0.01918118614452831 0.0 0.008944333991690102
0.028860543207562216 0.0 0.013457892316199491
0.03895344199921467 0.0 0.01816428831573036
0.05059155407167059 0.0 0.0235912291015827
0.06240562437249247 0.0 0.029100220556837465
0.07426489286520549 0.0 0.034630288275105836
0.08628819452569307 0.0 0.040236845915698906
0.0978584632935843 0.0 0.045632150849078186
0.11050199821426586 0.0 0.05152792800874215
0.12280979759397322 0.0 0.05726714911453504
0.13509616054925389 0.0 0.06299637425145428
0.1468224361908085 0.0 0.06846442638474763
0.15867174827412675 0.0 0.07398985135306749
0.17162165679773822 0.0 0.0800284928700342
0.18383920744059346 0.0 0.08572563029869414
0.197378060283669 0.0 0.09203890106205383
0.21119379642260136 0.0 0.09848128462668676
0.2243841904372949 0.0 0.10463206636982024
0.23752371499403965 0.0 0.11075912729514595
0.2507142690637947 0.0 0.11690998367318031
0.26405662228871885 0.0 0.12313162515977151
0.2765266844050119 0.0 0.12894651062226747
0.28974810276197177 0.0 0.13511175925378896
0.3032841793867373 0.0 0.14142373544528997
0.3171930050273996 0.0 0.1479095273574734
0.33054633986137727 0.0 0.15413628965246512
0.34295724915149334 0.0 0.15992359169911324
0.3573549725073127 0.0 0.1666373603599289
0.3732128499729181 0.0 0.17403201006422425
0.3921865965760916 0.0 0.1828796134091765
0.41794653460588505 0.0 0.19489166978606734
0.4614170884085909 0.0 0.21516232192850798
0.5686486227139981 0.0 0.2651652075708298
1.1435433790456033 0.0 0.5332430350814091
1.0801274495694342 0.0 0.5036717015176542
0.5067700931032519 0.0 0.23631077533796802
0.40168989680210837 0.0 0.1873110750823142
0.35807766687513715 0.0 0.1669743582781509
0.3323230942158675 0.0 0.15496480381462413
0.31335257389906135 0.0 0.14611870491171244
0.2966912937192738 0.0 0.13834942236921138
0.2844482402934878 0.0 0.1326403927975666
0.2709111661903048 0.0 0.1263279514742407
0.2586785916165949 0.0 0.12062380827156763
0.24582761753839844 0.0 0.11463130064415324
0.23343038742813252 0.0 0.10885037730382649
0.22139314204093052 0.0 0.1032373175966833
0.2096769950492912 0.0 0.0977739885304122
0.19827815044833838 0.0 0.09245861999886916
0.18764703627723697 0.0 0.08750125004616445
0.17607198015723402 0.0 0.08210371273383318
0.16464251176478614 0.0 0.07677406409379424
0.15331226482412819 0.0 0.07149068317657818
0.14106266288078434 0.0 0.0657785999810466
0.13022942485809694 0.0 0.06072697812845154
0.11871976215448354 0.0 0.055359934266975656
0.1083367968430725 0.0 0.05051827802790699
0.09810077444715311 0.0 0.045745142395643694
0.08733369088324389 0.0 0.04072436887379801
0.07655428705248887 0.0 0.03569785031717162
0.06525052580753288 0.0 0.030426819882692954
0.05541975712148932 0.0 0.025842657158840494
0.04521040124104252 0.0 0.02108195632695838
0.0351640901300677 0.0 0.01639728451970317
0.025173301172964284 0.0 0.011738503117995455
0.015371939705097443 0.0 0.007168053205183829
0.0070272762572935864 0.0 0.0032768727347467956
-0.0010200144772132265 -0.0 -0.0004756405621534949
-0.007984651807026583 -0.0 -0.003723304285317644
-0.014741118266584927 -0.0 -0.006873896337477089
-0.02051142482048712 -0.0 -0.009564634473463661
-0.025553959710914984 -0.0 -0.01191600710938395
-0.02927449724761866 -0.0 -0.013650922255202012
-0.03188511002674792 -0.0 -0.014868270986587285
-0.033715620317861614 -0.0 -0.01572185195366514
-0.03483476901130403 -0.0 -0.016243719560031497
-0.035179718479825664 -0.0 -0.016404572138879633
-0.03461112208875348 -0.0 -0.01613943128732338
-0.03330027483431797 -0.0 -0.015528173173908645
-0.031319511727031436 -0.0 -0.014604528167990046
-0.028467610831750124 -0.0 -0.013274664940221273
-0.024831331248236225 -0.0 -0.011579039923236074
-0.01998111854016931 -0.0 -0.009317348593783777
-0.012660840075801419 -0.0 -0.0059038466860219145

VECTORS funs-vector float
0.0 0.0 4.253577611347159e-9
0.0 0.0 1.456494755106261e-8
0.0 0.0 2.7953091962341542e-8
0.0 0.0 7.791740973640451e-8
0.0 0.0 3.1769089177528676e-9
0.0 0.0 6.884338917116525e-8
0.0 0.0 1.4580296243076943e-8
0.0 0.0 -1.1368301597061958e-7
0.0 0.0 -2.2160717866819895e-7
0.0 0.0 -1.786158527750104e-7
0.0 0.0 -1.5187563788417315e-7
0.0 0.0 -9.825746034990026e-8
0.0 0.0 -1.649479777008558e-7
0.0 0.0 -1.9533304137811777e-7
0.0 0.0 -2.1309613370848729e-7
0.0 0.0 -3.052152586426681e-7
0.0 0.0 -3.224453819102152e-7
0.0 0.0 -3.117477941249161e-7
0.0 0.0 -6.161205267186566e-8
0.0 0.0 -6.819504960731139e-9
0.0 0.0 4.597068422898787e-8
0.0 0.0 5.269419228232603e-8
0.0 0.0 1.1838737505472227e-8
0.0 0.0 8.615818555571507e-8
0.0 0.0 2.845295470747673e-7
0.0 0.0 4.058848966017402e-8
0.0 0.0 -1.8059120841164927e-7
0.0 0.0 -1.8723638106621368e-7
0.0 0.0 -4.785180310177981e-7
0.0 0.0 -6.514514736140469e-7
0.0 0.0 -9.152729619059261e-7
0.0 0.0 -1.023898268473741e-6
0.0 0.0 -3.590055457762405e-7
0.0 0.0 6.366781623124884e-8
0.0 0.0 -1.621834710166778e-7
0.0 0.0 4.081298305374567e-8
0.0 0.0 1.371673858133446e-7
0.0 0.0 5.528293091184754e-7
0.0 0.0 7.524003316141468e-7
0.0 0.0 6.862727598321396e-7
0.0 0.0 7.746233753829821e-7
0.0 0.0 7.205417334303508e-7
0.0 0.0 5.67842132103248e-7
0.0 0.0 9.318583199625542e-7
0.0 0.0 9.926252033665155e-7
0.0 0.0 9.442287049213603e-7
0.0 0.0 1.028352512962143e-6
0.0 0.0 1.5949786441896407e-6
0.0 0.0 1.2424628618067472e-6
0.0 0.0 5.197140405305785e-7
0.0 0.0 5.400643035810309e-7
0.0 0.0 1.7515620953645342e-7
0.0 0.0 1.2534366659751456e-7
0.0 0.0 -4.158022542035477e-7
0.0 0.0 -2.606198893059545e-7
0.0 0.0 -2.4535596051836445e-7
0.0 0.0 1.141987140003535e-7
0.0 0.0 3.589579077614955e-7
0.0 0.0 5.859040883974973e-7
0.0 0.0 6.165140659804409e-7
0.0 0.0 8.647722809355816e-7
0.0 0.0 8.513089850029328e-7
0.0 0.0 7.764948344918758e-7
0.0 0.0 9.930176613114454e-7
0.0 0.0 8.107619458221717e-7
0.0 0.0 8.353236977272489e-7
0.0 0.0 5.989485542686041e-7
0.0 0.0 8.038930006519382e-7
0.0 0.0 8.002310610519012e-7
0.0 0.0 5.439706207901262e-7
0.0 0.0 6.233514126692669e-7
0.0 0.0 6.621428137908549e-7
0.0 0.0 3.951308400473863e-7
0.0 0.0 2.692174996871638e-7
0.0 0.0 2.0505726377512645e-7
0.0 0.0 2.634338962727933e-7
0.0 0.0 3.0544257547469244e-7
0.0 0.0 3.842403573499229e-7
0.0 0.0 2.1755548441536698e-7
0.0 0.0 3.513301785253795e-7
0.0 0.0 2.7990745818132473e-7
0.0 0.0 3.086975194254262e-7
0.0 0.0 2.6657043602798785e-7
0.0 0.0 3.486315120229931e-7
0.0 0.0 2.5792999348471906e-7
0.0 0.0 3.397758273525722e-7
0.0 0.0 4.111528320229562e-7
0.0 0.0 3.7270216585677035e-7
0.0 0.0 4.973052505554487e-7
0.0 0.0 3.559875904360608e-7
0.0 0.0 3.1081657005736173e-7
0.0 0.0 2.9576920500641223e-7
0.0 0.0 2.3874535996655643e-7
0.0 0.0 2.1332071721179676e-7
0.0 0.0 2.1193879427207992e-7
0.0 0.0 2.2691659460540658e-7
0.0 0.0 2.159227560386254e-7
0.0 0.0 1.9615206380375521e-7
0.0 0.0 1.847528966178206e-7
0.0 0.0 1.0382379416801711e-7
0.0 0.0 4.253577611347159e-9
0.0 0.0 1.456494755106261e-8
0.0 0.0 2.7953091962341542e-8
0.0 0.0 7.791740973640451e-8
0.0 0.0 3.1769089177528676e-9
0.0 0.0 6.884338917116525e-8
0.0 0.0 1.4580296243076943e-8
0.0 0.0 -1.1368301597061958e-7
0.0 0.0 -2.2160717866819895e-7
0.0 0.0 -1.786158527750104e-7
0.0 0.0 -1.5187563788417315e-7
0.0 0.0 -9.825746034990026e-8
0.0 0.0 -1.649479777008558e-7
0.0 0.0 -1.9533304137811777e-7
0.0 0.0 -2.1309613370848729e-7
0.0 0.0 -3.052152586426681e-7
0.0 0.0 -3.224453819102152e-7
0.0 0.0 -3.117477941249161e-7
0.0 0.0 -6.161205267186566e-8
0.0 0.0 -6.819504960731139e-9
0.0 0.0 4.597068422898787e-8
0.0 0.0 5.269419228232603e-8
0.0 0.0 1.1838737505472227e-8
0.0 0.0 8.615818555571507e-8
0.0 0.0 2.845295470747673e-7
0.0 0.0 4.058848966017402e-8
0.0 0.0 -1.8059120841164927e-7
0.0 0.0 -1.8723638106621368e-7
0.0 0.0 -4.785180310177981e-7
0.0 0.0 -6.514514736140469e-7
0.0 0.0 -9.152729619059261e-7
0.0 0.0 -1.023898268473741e-6
0.0 0.0 -3.590055457762405e-7
0.0 0.0 6.366781623124884e-8
0.0 0.0 -1.621834710166778e-7
0.0 0.0 4.081298305374567e-8
0.0 0.0 1.371673858133446e-7
0.0 0.0 5.528293091184754e-7
0.0 0.0 7.524003316141468e-7
0.0 0.0 6.862727598321396e-7
0.0 0.0 7.746233753829821e-7
0.0 0.0 7.205417334303508e-7
0.0 0.0 5.67842132103248e-7
0.0 0.0 9.318583199625542e-7
0.0 0.0 9.926252033665155e-7
0.0 0.0 9.442287049213603e-7
0.0 0.0 1.028352512962143e-6
0.0 0.0 1.5949786441896407e-6
0.0 0.0 1.2424628618067472e-6
0.0 0.0 5.197140405305785e-7
0.0 0.0 5.400643035810309e-7
0.0 0.0 1.7515620953645342e-7
0.0 0.0 1.2534366659751456e-7
0.0 0.0 -4.158022542035477e-7
0.0 0.0 -2.606198893059545e-7
0.0 0.0 -2.4535596051836445e-7
0.0 0.0 1.141987140003535e-7
0.0 0.0 3.589579077614955e-7
0.0 0.0 5.859040883974973e-7
0.0 0.0 6.165140659804409e-7
0.0 0.0 8.647722809355816e-7
0.0 0.0 8.513089850029328e-7
0.0 0.0 7.764948344918758e-7
0.0 0.0 9.930176613114454e-7
0.0 0.0 8.107619458221717e-7
0.0 0.0 8.353236977272489e-7
0.0 0.0 5.989485542686041e-7
0.0 0.0 8.038930006519382e-7
0.0 0.0 8.002310610519012e-7
0.0 0.0 5.439706207901262e-7
0.0 0.0 6.233514126692669e-7
0.0 0.0 6.621428137908549e-7
0.0 0.0 3.951308400473863e-7
0.0 0.0 2.692174996871638e-7
0.0 0.0 2.0505726377512645e-7
0.0 0.0 2.634338962727933e-7
0.0 0.0 3.0544257547469244e-7
0.0 0.0 3.842403573499229e-7
0.0 0.0 2.1755548441536698e-7
0.0 0.0 3.513301785253795e-7
0.0 0.0 2.7990745818132473e-7
0.0 0.0 3.086975194254262e-7
0.0 0.0 2.6657043602798785e-7
0.0 0.0 3.486315120229931e-7
0.0 0.0 2.5792999348471906e-7
0.0 0.0 3.397758273525722e-7
0.0 0.0 4.111528320229562e-7
0.0 0.0 3.7270216585677035e-7
0.0 0.0 4.973052505554487e-7
0.0 0.0 3.559875904360608e-7
0.0 0.0 3.1081657005736173e-7
0.0 0.0 2.9576920500641223e-7
0.0 0.0 2.3874535996655643e-7
0.0 0.0 2.1332071721179676e-7
0.0 0.0 2.1193879427207992e-7
0.0 0.0 2.2691659460540658e-7
0.0 0.0 2.159227560386254e-7
0.0 0.0 1.9615206380375521e-7
0.0 0.0 1.847528966178206e-7
0.0 0.0 1.0382379416801711e-7

VECTORS S float
-0.0 -0.04489623844201063 0.0
-0.0 -0.06385318544577545 0.0
-0.0 -0.08027399955899314 0.0
-0.0 -0.09597194104445189 0.0
-0.0 -0.1113792339603007 0.0
-0.0 -0.12641870875652161 0.0
-0.0 -0.14148220984025103 0.0
-0.0 -0.15632274536958596 0.0
-0.0 -0.17084448075877354 0.0
-0.0 -0.18517336684838123 0.0
-0.0 -0.19912990227813912 0.0
-0.0 -0.21287107101287397 0.0
-0.0 -0.22556815740556135 0.0
-0.0 -0.23724431830146736 0.0
-0.0 -0.24867124005020638 0.0
-0.0 -0.25919928430491174 0.0
-0.0 -0.2694663909995238 0.0
-0.0 -0.2790815760334608 0.0
-0.0 -0.28841733953936805 0.0
-0.0 -0.2960882287550222 0.0
-0.0 -0.30356675630777336 0.0
-0.0 -0.3109475694395336 0.0
-0.0 -0.3180481955345474 0.0
-0.0 -0.3255557120153773 0.0
-0.0 -0.33167383045551463 0.0
-0.0 -0.33794708387863537 0.0
-0.0 -0.34397811952299234 0.0
-0.0 -0.3503707294758353 0.0
-0.0 -0.3563465066865252 0.0
-0.0 -0.3607268345960197 0.0
-0.0 -0.36554728860233826 0.0
-0.0 -0.3684161282438673 0.0
-0.0 -0.3703999104445502 0.0
-0.0 -0.37245486472627803 0.0
-0.0 -0.37390205672183763 0.0
-0.0 -0.3745798403862255 0.0
-0.0 -0.37430900957753943 0.0
-0.0 -0.37421444586470093 0.0
-0.0 -0.3724450104956037 0.0
-0.0 -0.3693968395945227 0.0
-0.0 -0.36489343710447586 0.0
-0.0 -0.35988902508157383 0.0
-0.0 -0.3548423291642178 0.0
-0.0 -0.3464708816820137 0.0
-0.0 -0.33519483535847483 0.0
-0.0 -0.31897168296092493 0.0
-0.0 -0.2933464044618414 0.0
-0.0 -0.24520969469171922 0.0
-0.0 -0.11917415461316627 0.0
0.0 0.57591921865345 -0.0
-0.0 -0.5710790025927335 0.0
0.0 0.12197556517493975 -0.0
0.0 0.24555808755465852 -0.0
0.0 0.2938791877683133 -0.0
0.0 0.3195784182122784 -0.0
0.0 0.33596564714509997 -0.0
0.0 0.34838328008178554 -0.0
0.0 0.3547638031369479 -0.0
0.0 0.36159216810291156 -0.0
0.0 0.36595917063284805 -0.0
0.0 0.3700884699698573 -0.0
0.0 0.3728167195224228 -0.0
0.0 0.37433756713517713 -0.0
0.0 0.37476613238119033 -0.0
0.0 0.37417104147934416 -0.0
0.0 0.372106077578709 -0.0
0.0 0.37052572634694275 -0.0
0.0 0.3681975755950964 -0.0
0.0 0.36522149192034087 -0.0
0.0 0.36278206182042033 -0.0
0.0 0.35827886739850323 -0.0
0.0 0.3541757343466349 -0.0
0.0 0.3484561159149959 -0.0
0.0 0.3423053781536165 -0.0
0.0 0.3365039003285674 -0.0
0.0 0.330466140339062 -0.0
0.0 0.32481104257477583 -0.0
0.0 0.31731000496335965 -0.0
0.0 0.31015515608133487 -0.0
0.0 0.3027370132727713 -0.0
0.0 0.29521837782277627 -0.0
0.0 0.28749286700608 -0.0
0.0 0.27818074608783544 -0.0
0.0 0.2686958770968051 -0.0
0.0 0.25818199200076075 -0.0
0.0 0.2477003943652475 -0.0
0.0 0.23639823796725515 -0.0
0.0 0.22463878197948445 -0.0
0.0 0.21180347768532154 -0.0
0.0 0.19820690602177565 -0.0
0.0 0.18427413274559526 -0.0
0.0 0.17011423128256103 -0.0
0.0 0.15568580855392697 -0.0
0.0 0.14086319066199998 -0.0
0.0 0.1258712475546559 -0.0
0.0 0.11080750468725258 -0.0
0.0 0.09544772801185597 -0.0
0.0 0.07987659453277583 -0.0
0.0 0.06352688591915527 -0.0
0.0 0.04464944949766741 -0.0
-0.0 -0.04489623844201063 0.0
-0.0 -0.06385318544577545 0.0
-0.0 -0.08027399955899314 0.0
-0.0 -0.09597194104445189 0.0
-0.0 -0.1113792339603007 0.0
-0.0 -0.12641870875652161 0.0
-0.0 -0.14148220984025103 0.0
-0.0 -0.15632274536958596 0.0
-0.0 -0.17084448075877354 0.0
-0.0 -0.18517336684838123 0.0
-0.0 -0.19912990227813912 0.0
-0.0 -0.21287107101287397 0.0
-0.0 -0.22556815740556135 0.0
-0.0 -0.23724431830146736 0.0
-0.0 -0.24867124005020638 0.0
-0.0 -0.25919928430491174 0.0
-0.0 -0.2694663909995238 0.0
-0.0 -0.2790815760334608 0.0
-0.0 -0.28841733953936805 0.0
-0.0 -0.2960882287550222 0.0
-0.0 -0.30356675630777336 0.0
-0.0 -0.3109475694395336 0.0
-0.0 -0.3180481955345474 0.0
-0.0 -0.3255557120153773 0.0
-0.0 -0.33167383045551463 0.0
-0.0 -0.33794708387863537 0.0
-0.0 -0.34397811952299234 0.0
-0.0 -0.3503707294758353 0.0
-0.0 -0.3563465066865252 0.0
-0.0 -0.3607268345960197 0.0
-0.0 -0.36554728860233826 0.0
-0.0 -0.3684161282438673 0.0
-0.0 -0.3703999104445502 0.0
-0.0 -0.37245486472627803 0.0
-0.0 -0.37390205672183763 0.0
-0.0 -0.3745798403862255 0.0
-0.0 -0.37430900957753943 0.0
-0.0 -0.37421444586470093 0.0
-0.0 -0.3724450104956037 0.0
-0.0 -0.3693968395945227 0.0
-0.0 -0.36489343710447586 0.0
-0.0 -0.35988902508157383 0.0
-0.0 -0.3548423291642178 0.0
-0.0 -0.3464708816820137 0.0
-0.0 -0.33519483535847483 0.0
-0.0 -0.31897168296092493 0.0
-0.0 -0.2933464044618414 0.0
-0.0 -0.24520969469171922 0.0
-0.0 -0.11917415461316627 0.0
0.0 0.57591921865345 -0.0
-0.0 -0.5710790025927335 0.0
0.0 0.12197556517493975 -0.0
0.0 0.24555808755465852 -0.0
0.0 0.2938791877683133 -0.0
0.0 0.3195784182122784 -0.0
0.0 0.33596564714509997 -0.0
0.0 0.34838328008178554 -0.0
0.0 0.3547638031369479 -0.0
0.0 0.36159216810291156 -0.0
0.0 0.36595917063284805 -0.0
0.0 0.3700884699698573 -0.0
0.0 0.3728167195224228 -0.0
0.0 0.37433756713517713 -0.0
0.0 0.37476613238119033 -0.0
0.0 0.37417104147934416 -0.0
0.0 0.372106077578709 -0.0
0.0 0.37052572634694275 -0.0
0.0 0.3681975755950964 -0.0
0.0 0.36522149192034087 -0.0
0.0 0.36278206182042033 -0.0
0.0 0.35827886739850323 -0.0
0.0 0.3541757343466349 -0.0
0.0 0.3484561159149959 -0.0
0.0 0.3423053781536165 -0.0
0.0 0.3365039003285674 -0.0
0.0 0.330466140339062 -0.0
0.0 0.32481104257477583 -0.0
0.0 0.31731000496335965 -0.0
0.0 0.31015515608133487 -0.0
0.0 0.3027370132727713 -0.0
0.0 0.29521837782277627 -0.0
0.0 0.28749286700608 -0.0
0.0 0.27818074608783544 -0.0
0.0 0.2686958770968051 -0.0
0.0 0.25818199200076075 -0.0
0.0 0.2477003943652475 -0.0
0.0 0.23639823796725515 -0.0
0.0 0.22463878197948445 -0.0
0.0 0.21180347768532154 -0.0
0.0 0.19820690602177565 -0.0
0.0 0.18427413274559526 -0.0
0.0 0.17011423128256103 -0.0
0.0 0.15568580855392697 -0.0
0.0 0.14086319066199998 -0.0
0.0 0.1258712475546559 -0.0
0.0 0.11080750468725258 -0.0
0.0 0.09544772801185597 -0.0
0.0 0.07987659453277583 -0.0
0.0 0.06352688591915527 -0.0
0.0 0.04464944949766741 -0.0

VECTORS Vvpm_ApA float
-0.2948969304561615 0.723598062992096 -0.23705197870731354
-0.3006872236728668 0.7034945487976074 -0.260100394487381
-0.30447664856910706 0.6897139549255371 -0.2756638526916504
-0.30818477272987366 0.675684928894043 -0.291312038898468
-0.3116312325000763 0.661715030670166 -0.3067777156829834
-0.31374332308769226 0.6529422402381897 -0.31639987230300903
-0.31631574034690857 0.6412886381149292 -0.329170286655426
-0.31754425168037415 0.6354171633720398 -0.3355872929096222
-0.3208164870738983 0.6188891530036926 -0.3535654544830322
-0.3221283257007599 0.6115090250968933 -0.3615892827510834
-0.32278868556022644 0.6076241135597229 -0.36580777168273926
-0.3218976557254791 0.6126582622528076 -0.3603498339653015
-0.32284989953041077 0.6074028611183167 -0.3660314083099365
-0.3224315345287323 0.609738826751709 -0.36350104212760925
-0.3216404616832733 0.6141476035118103 -0.3587145507335663
-0.32091620564460754 0.6180481910705566 -0.35448649525642395
-0.3212098777294159 0.6163561344146729 -0.3563307225704193
-0.3226258456707001 0.608633279800415 -0.36468949913978577
-0.32246139645576477 0.6095441579818726 -0.3637004792690277
-0.32267507910728455 0.6082161068916321 -0.3651473820209503
-0.3218998610973358 0.6125631928443909 -0.36043107509613037
-0.32078567147254944 0.6186349391937256 -0.3538443148136139
-0.3210153877735138 0.6173267960548401 -0.3552703261375427
-0.32064297795295715 0.6193318963050842 -0.3530883491039276
-0.3208666741847992 0.6180707216262817 -0.35446232557296753
-0.32249876856803894 0.6095221638679504 -0.363691508769989
-0.3226630985736847 0.6085065603256226 -0.36479756236076355
-0.3223254978656769 0.61039799451828 -0.3627499043941498
-0.32205405831336975 0.6118612885475159 -0.36116448044776917
-0.32222506403923035 0.6108203530311584 -0.3622996509075165
-0.32119980454444885 0.6164828538894653 -0.3561563491821289
-0.32137373089790344 0.6154614090919495 -0.3572711944580078
-0.3207031190395355 0.6191294193267822 -0.35327810049057007
-0.31907907128334045 0.6275528073310852 -0.3441086709499359
-0.31926867365837097 0.6265475749969482 -0.34520670771598816
-0.3194541037082672 0.6255637407302856 -0.34627968072891235
-0.3196350634098053 0.6246017813682556 -0.3473287522792816
-0.31981077790260315 0.6236600875854492 -0.3483554720878601
-0.3199808895587921 0.6227390170097351 -0.34935927391052246
-0.31913092732429504 0.6271035671234131 -0.3446120619773865
-0.3193260133266449 0.626086950302124 -0.34571975469589233
-0.32459452748298645 0.5969857573509216 -0.37724244594573975
-0.3242371380329132 0.5991785526275635 -0.3748617470264435
-0.3243246376514435 0.598602294921875 -0.3754875957965851
-0.3244076073169708 0.5980367660522461 -0.37610360980033875
-0.32448723912239075 0.5974828004837036 -0.3767075836658478
-0.32456400990486145 0.5969403982162476 -0.37729912996292114
-0.32463791966438293 0.5964086651802063 -0.37787938117980957
-0.3235394060611725 0.6031755805015564 -0.3705385625362396
-0.32456615567207336 0.5970239043235779 -0.3772099018096924
-0.32957741618156433 0.5601019859313965 -0.4172056317329407
-0.32456663250923157 0.5970262289047241 -0.3772065043449402
-0.3235417902469635 0.6031840443611145 -0.37052804231643677
-0.3246385157108307 0.5964109301567078 -0.37787628173828125
-0.3245634138584137 0.5969412326812744 -0.377297580242157
-0.3244875371456146 0.5974844694137573 -0.37670475244522095
-0.3244077265262604 0.5980384349822998 -0.37610089778900146
-0.3243257701396942 0.5986047983169556 -0.3754836916923523
-0.32423916459083557 0.5991815328598022 -0.37485650181770325
-0.3245972692966461 0.5969871282577515 -0.3772384226322174
-0.31932786107063293 0.6260866522789001 -0.34571564197540283
-0.3191339671611786 0.6271045804023743 -0.3446064889431
-0.31998398900032043 0.6227419972419739 -0.34935182332992554
-0.319814532995224 0.6236633658409119 -0.3483469486236572
-0.31963905692100525 0.6246051788330078 -0.3473202884197235
-0.31945833563804626 0.6255673170089722 -0.3462710976600647
-0.3192726671695709 0.6265510320663452 -0.34519821405410767
-0.3190818130970001 0.6275554895401001 -0.34410208463668823
-0.32070431113243103 0.6191338896751404 -0.35327136516571045
-0.32137438654899597 0.6154661774635315 -0.35726502537727356
-0.3211997449398041 0.6164873242378235 -0.35615110397338867
-0.32222452759742737 0.6108206510543823 -0.3622983694076538
-0.3220534026622772 0.6118619441986084 -0.3611631691455841
-0.3223249614238739 0.6103968024253845 -0.3627500832080841
-0.32266244292259216 0.6085070967674255 -0.36479616165161133
-0.32249853014945984 0.6095227003097534 -0.363689661026001
-0.3208668529987335 0.618073046207428 -0.3544585108757019
-0.3206431567668915 0.6193342208862305 -0.3530842363834381
-0.3210160434246063 0.6173302531242371 -0.35526514053344727
-0.3207866847515106 0.6186386346817017 -0.3538387417793274
-0.321900874376297 0.612565279006958 -0.3604266047477722
-0.3226764500141144 0.6082189083099365 -0.36514249444007874
-0.32246270775794983 0.6095471978187561 -0.36369550228118896
-0.32262763381004333 0.6086371541023254 -0.36468371748924255
-0.3212110102176666 0.6163614392280579 -0.35632386803627014
-0.3209172785282135 0.6180530786514282 -0.35447993874549866
-0.3216414749622345 0.614150881767273 -0.358709454536438
-0.3224327862262726 0.6097431778907776 -0.36349523067474365
-0.32285091280937195 0.6074084639549255 -0.3660244047641754
-0.32189878821372986 0.6126649379730225 -0.3603416383266449
-0.3227897584438324 0.6076298356056213 -0.36580076813697815
-0.3221300542354584 0.611513614654541 -0.36158287525177
-0.3208182752132416 0.6188918352127075 -0.3535604476928711
-0.317545622587204 0.635417103767395 -0.33558404445648193
-0.31631746888160706 0.6412853002548218 -0.32916927337646484
-0.31374457478523254 0.6529373526573181 -0.31639981269836426
-0.3116321861743927 0.6617069244384766 -0.30677998065948486
-0.30818554759025574 0.6756758093833923 -0.29131513833999634
-0.3044772446155548 0.6897028088569641 -0.275668203830719
-0.30068764090538025 0.7034822702407837 -0.26010504364967346
-0.2948969304561615 0.723598062992096 -0.23705197870731354
-0.3006872236728668 0.7034945487976074 -0.260100394487381
-0.30447664856910706 0.6897139549255371 -0.2756638526916504
-0.30818477272987366 0.675684928894043 -0.291312038898468
-0.3116312325000763 0.661715030670166 -0.3067777156829834
-0.31374332308769226 0.6529422402381897 -0.31639987230300903
-0.31631574034690857 0.6412886381149292 -0.329170286655426
-0.31754425168037415 0.6354171633720398 -0.3355872929096222
-0.3208164870738983 0.6188891530036926 -0.3535654544830322
-0.3221283257007599 0.6115090250968933 -0.3615892827510834
-0.32278868556022644 0.6076241135597229 -0.36580777168273926
-0.3218976557254791 0.6126582622528076 -0.3603498339653015
-0.32284989953041077 0.6074028611183167 -0.3660314083099365
-0.3224315345287323 0.609738826751709 -0.36350104212760925
-0.3216404616832733 0.6141476035118103 -0.3587145507335663
-0.32091620564460754 0.6180481910705566 -0.35448649525642395
-0.3212098777294159 0.6163561344146729 -0.3563307225704193
-0.3226258456707001 0.608633279800415 -0.36468949913978577
-0.32246139645576477 0.6095441579818726 -0.3637004792690277
-0.32267507910728455 0.6082161068916321 -0.3651473820209503
-0.3218998610973358 0.6125631928443909 -0.36043107509613037
-0.32078567147254944 0.6186349391937256 -0.3538443148136139
-0.3210153877735138 0.6173267960548401 -0.3552703261375427
-0.32064297795295715 0.6193318963050842 -0.3530883491039276
-0.3208666741847992 0.6180707216262817 -0.35446232557296753
-0.32249876856803894 0.6095221638679504 -0.363691508769989
-0.3226630985736847 0.6085065603256226 -0.36479756236076355
-0.3223254978656769 0.61039799451828 -0.3627499043941498
-0.32205405831336975 0.6118612885475159 -0.36116448044776917
-0.32222506403923035 0.6108203530311584 -0.3622996509075165
-0.32119980454444885 0.6164828538894653 -0.3561563491821289
-0.32137373089790344 0.6154614090919495 -0.3572711944580078
-0.3207031190395355 0.6191294193267822 -0.35327810049057007
-0.31907907128334045 0.6275528073310852 -0.3441086709499359
-0.31926867365837097 0.6265475749969482 -0.34520670771598816
-0.3194541037082672 0.6255637407302856 -0.34627968072891235
-0.3196350634098053 0.6246017813682556 -0.3473287522792816
-0.31981077790260315 0.6236600875854492 -0.3483554720878601
-0.3199808895587921 0.6227390170097351 -0.34935927391052246
-0.31913092732429504 0.6271035671234131 -0.3446120619773865
-0.3193260133266449 0.626086950302124 -0.34571975469589233
-0.32459452748298645 0.5969857573509216 -0.37724244594573975
-0.3242371380329132 0.5991785526275635 -0.3748617470264435
-0.3243246376514435 0.598602294921875 -0.3754875957965851
-0.3244076073169708 0.5980367660522461 -0.37610360980033875
-0.32448723912239075 0.5974828004837036 -0.3767075836658478
-0.32456400990486145 0.5969403982162476 -0.37729912996292114
-0.32463791966438293 0.5964086651802063 -0.37787938117980957
-0.3235394060611725 0.6031755805015564 -0.3705385625362396
-0.32456615567207336 0.5970239043235779 -0.3772099018096924
-0.32957741618156433 0.5601019859313965 -0.4172056317329407
-0.32456663250923157 0.5970262289047241 -0.3772065043449402
-0.3235417902469635 0.6031840443611145 -0.37052804231643677
-0.3246385157108307 0.5964109301567078 -0.37787628173828125
-0.3245634138584137 0.5969412326812744 -0.377297580242157
-0.3244875371456146 0.5974844694137573 -0.37670475244522095
-0.3244077265262604 0.5980384349822998 -0.37610089778900146
-0.3243257701396942 0.5986047983169556 -0.3754836916923523
-0.32423916459083557 0.5991815328598022 -0.37485650181770325
-0.3245972692966461 0.5969871282577515 -0.3772384226322174
-0.31932786107063293 0.6260866522789001 -0.34571564197540283
-0.3191339671611786 0.6271045804023743 -0.3446064889431
-0.31998398900032043 0.6227419972419739 -0.34935182332992554
-0.319814532995224 0.6236633658409119 -0.3483469486236572
-0.31963905692100525 0.6246051788330078 -0.3473202884197235
-0.31945833563804626 0.6255673170089722 -0.3462710976600647
-0.3192726671695709 0.6265510320663452 -0.34519821405410767
-0.3190818130970001 0.6275554895401001 -0.34410208463668823
-0.32070431113243103 0.6191338896751404 -0.35327136516571045
-0.32137438654899597 0.6154661774635315 -0.35726502537727356
-0.3211997449398041 0.6164873242378235 -0.35615110397338867
-0.32222452759742737 0.6108206510543823 -0.3622983694076538
-0.3220534026622772 0.6118619441986084 -0.3611631691455841
-0.3223249614238739 0.6103968024253845 -0.3627500832080841
-0.32266244292259216 0.6085070967674255 -0.36479616165161133
-0.32249853014945984 0.6095227003097534 -0.363689661026001
-0.3208668529987335 0.618073046207428 -0.3544585108757019
-0.3206431567668915 0.6193342208862305 -0.3530842363834381
-0.3210160434246063 0.6173302531242371 -0.35526514053344727
-0.3207866847515106 0.6186386346817017 -0.3538387417793274
-0.321900874376297 0.612565279006958 -0.3604266047477722
-0.3226764500141144 0.6082189083099365 -0.36514249444007874
-0.32246270775794983 0.6095471978187561 -0.36369550228118896
-0.32262763381004333 0.6086371541023254 -0.36468371748924255
-0.3212110102176666 0.6163614392280579 -0.35632386803627014
-0.3209172785282135 0.6180530786514282 -0.35447993874549866
-0.3216414749622345 0.614150881767273 -0.358709454536438
-0.3224327862262726 0.6097431778907776 -0.36349523067474365
-0.32285091280937195 0.6074084639549255 -0.3660244047641754
-0.32189878821372986 0.6126649379730225 -0.3603416383266449
-0.3227897584438324 0.6076298356056213 -0.36580076813697815
-0.3221300542354584 0.611513614654541 -0.36158287525177
-0.3208182752132416 0.6188918352127075 -0.3535604476928711
-0.317545622587204 0.635417103767395 -0.33558404445648193
-0.31631746888160706 0.6412853002548218 -0.32916927337646484
-0.31374457478523254 0.6529373526573181 -0.31639981269836426
-0.3116321861743927 0.6617069244384766 -0.30677998065948486
-0.30818554759025574 0.6756758093833923 -0.29131513833999634
-0.3044772446155548 0.6897028088569641 -0.275668203830719
-0.30068764090538025 0.7034822702407837 -0.26010504364967346

VECTORS Vkin float
-0.0 -0.0 -0.0
-0.0 -0.0 -0.0
-0.0 -0.0 -0.0
-0.0 -0.0 -0.0
-0.0 -0.0 -0.0
-0.0 -0.0 -0.0
-0.0 -0.0 -0.0
-0.0 -0.0 -0.0
-0.0 -0.0 -0.0
-0.0 -0.0 -0.0
-0.0 -0.0 -0.0
-0.0 -0.0 -0.0
-0.0 -0.0 -0.0
-0.0 -0.0 -0.0
-0.0 -0.0 -0.0
-0.0 -0.0 -0.0
-0.0 -0.0 -0.0
-0.0 -0.0 -0.0
-0.0 -0.0 -0.0
-0.0 -0.0 -0.0
-0.0 -0.0 -0.0
-0.0 -0.0 -0.0
-0.0 -0.0 -0.0
-0.0 -0.0 -0.0
-0.0 -0.0 -0.0
-0.0 -0.0 -0.0
-0.0 -0.0 -0.0
-0.0 -0.0 -0.0
-0.0 -0.0 -0.0
-0.0 -0.0 -0.0
-0.0 -0.0 -0.0
-0.0 -0.0 -0.0
-0.0 -0.0 -0.0
-0.0 -0.0 -0.0
-0.0 -0.0 -0.0
-0.0 -0.0 -0.0
-0.0 -0.0 -0.0
-0.0 -0.0 -0.0
-0.0 -0.0 -0.0
-0.0 -0.0 -0.0
-0.0 -0.0 -0.0
-0.0 -0.0 -0.0
-0.0 -0.0 -0.0
-0.0 -0.0 -0.0
-0.0 -0.0 -0.0
-0.0 -0.0 -0.0
-0.0 -0.0 -0.0
-0.0 -0.0 -0.0
-0.0 -0.0 -0.0
-0.0 -0.0 -0.0
-0.0 -0.0 -0.0
-0.0 -0.0 -0.0
-0.0 -0.0 -0.0
-0.0 -0.0 -0.0
-0.0 -0.0 -0.0
-0.0 -0.0 -0.0
-0.0 -0.0 -0.0
-0.0 -0.0 -0.0
-0.0 -0.0 -0.0
-0.0 -0.0 -0.0
-0.0 -0.0 -0.0
-0.0 -0.0 -0.0
-0.0 -0.0 -0.0
-0.0 -0.0 -0.0
-0.0 -0.0 -0.0
-0.0 -0.0 -0.0
-0.0 -0.0 -0.0
-0.0 -0.0 -0.0
-0.0 -0.0 -0.0
-0.0 -0.0 -0.0
-0.0 -0.0 -0.0
-0.0 -0.0 -0.0
-0.0 -0.0 -0.0
-0.0 -0.0 -0.0
-0.0 -0.0 -0.0
-0.0 -0.0 -0.0
-0.0 -0.0 -0.0
-0.0 -0.0 -0.0
-0.0 -0.0 -0.0
-0.0 -0.0 -0.0
-0.0 -0.0 -0.0
-0.0 -0.0 -0.0
-0.0 -0.0 -0.0
-0.0 -0.0 -0.0
-0.0 -0.0 -0.0
-0.0 -0.0 -0.0
-0.0 -0.0 -0.0
-0.0 -0.0 -0.0
-0.0 -0.0 -0.0
-0.0 -0.0 -0.0
-0.0 -0.0 -0.0
-0.0 -0.0 -0.0
-0.0 -0.0 -0.0
-0.0 -0.0 -0.0
-0.0 -0.0 -0.0
-0.0 -0.0 -0.0
-0.0 -0.0 -0.0
-0.0 -0.0 -0.0
-0.0 -0.0 -0.0
-0.0 -0.0 -0.0
-0.0 -0.0 -0.0
-0.0 -0.0 -0.0
-0.0 -0.0 -0.0
-0.0 -0.0 -0.0
-0.0 -0.0 -0.0
-0.0 -0.0 -0.0
-0.0 -0.0 -0.0
-0.0 -0.0 -0.0
-0.0 -0.0 -0.0
-0.0 -0.0 -0.0
-0.0 -0.0 -0.0
-0.0 -0.0 -0.0
-0.0 -0.0 -0.0
-0.0 -0.0 -0.0
-0.0 -0.0 -0.0
-0.0 -0.0 -0.0
-0.0 -0.0 -0.0
-0.0 -0.0 -0.0
-0.0 -0.0 -0.0
-0.0 -0.0 -0.0
-0.0 -0.0 -0.0
-0.0 -0.0 -0.0
-0.0 -0.0 -0.0
-0.0 -0.0 -0.0
-0.0 -0.0 -0.0
-0.0 -0.0 -0.0
-0.0 -0.0 -0.0
-0.0 -0.0 -0.0
-0.0 -0.0 -0.0
-0.0 -0.0 -0.0
-0.0 -0.0 -0.0
-0.0 -0.0 -0.0
-0.0 -0.0 -0.0
-0.0 -0.0 -0.0
-0.0 -0.0 -0.0
-0.0 -0.0 -0.0
-0.0 -0.0 -0.0
-0.0 -0.0 -0.0
-0.0 -0.0 -0.0
-0.0 -0.0 -0.0
-0.0 -0.0 -0.0
-0.0 -0.0 -0.0
-0.0 -0.0 -0.0
-0.0 -0.0 -0.0
-0.0 -0.0 -0.0
-0.0 -0.0 -0.0
-0.0 -0.0 -0.0
-0.0 -0.0 -0.0
-0.0 -0.0 -0.0
-0.0 -0.0 -0.0
-0.0 -0.0 -0.0
-0.0 -0.0 -0.0
-0.0 -0.0 -0.0
-0.0 -0.0 -0.0
-0.0 -0.0 -0.0
-0.0 -0.0 -0.0
-0.0 -0.0 -0.0
-0.0 -0.0 -0.0
-0.0 -0.0 -0.0
-0.0 -0.0 -0.0
-0.0 -0.0 -0.0
-0.0 -0.0 -0.0
-0.0 -0.0 -0.0
-0.0 -0.0 -0.0
-0.0 -0.0 -0.0
-0.0 -0.0 -0.0
-0.0 -0.0 -0.0
-0.0 -0.0 -0.0
-0.0 -0.0 -0.0
-0.0 -0.0 -0.0
-0.0 -0.0 -0.0
-0.0 -0.0 -0.0
-0.0 -0.0 -0.0
-0.0 -0.0 -0.0
-0.0 -0.0 -0.0
-0.0 -0.0 -0.0
-0.0 -0.0 -0.0
-0.0 -0.0 -0.0
-0.0 -0.0 -0.0
-0.0 -0.0 -0.0
-0.0 -0.0 -0.0
-0.0 -0.0 -0.0
-0.0 -0.0 -0.0
-0.0 -0.0 -0.0
-0.0 -0.0 -0.0
-0.0 -0.0 -0.0
-0.0 -0.0 -0.0
-0.0 -0.0 -0.0
-0.0 -0.0 -0.0
-0.0 -0.0 -0.0
-0.0 -0.0 -0.0
-0.0 -0.0 -0.0
-0.0 -0.0 -0.0
-0.0 -0.0 -0.0
-0.0 -0.0 -0.0
-0.0 -0.0 -0.0
-0.0 -0.0 -0.0
-0.0 -0.0 -0.0
-0.0 -0.0 -0.0
-0.0 -0.0 -0.0

VECTORS Funs-vector float
0.0 0.0 1.9249372135714493e-11
0.0 0.0 7.801947897463737e-11
0.0 0.0 1.7296999906924213e-10
0.0 0.0 5.469079367486844e-10
0.0 0.0 2.4939619116304124e-11
0.0 0.0 5.97662797433048e-10
0.0 0.0 1.3869784070311483e-10
0.0 0.0 -1.175925305977635e-9
0.0 0.0 -2.476482834594554e-9
0.0 0.0 -2.1445169381228348e-9
0.0 0.0 -1.9497056146354527e-9
0.0 0.0 -1.3430536988502026e-9
0.0 0.0 -2.3917334356251063e-9
0.0 0.0 -2.9946765876943397e-9
0.0 0.0 -3.4441316675352247e-9
0.0 0.0 -5.1866888049029464e-9
0.0 0.0 -5.747508171646942e-9
0.0 0.0 -5.815952966031045e-9
0.0 0.0 -1.2006440152192073e-9
0.0 0.0 -1.3856120691640685e-10
0.0 0.0 9.722603550101211e-10
0.0 0.0 1.1582594067750976e-9
0.0 0.0 2.700651042607322e-10
0.0 0.0 2.0370544454594607e-9
0.0 0.0 6.963689102312099e-9
0.0 0.0 1.0271162044298106e-9
0.0 0.0 -4.720077904246981e-9
0.0 0.0 -5.049393503612302e-9
0.0 0.0 -1.3302428391101801e-8
0.0 0.0 -1.8651333674429046e-8
0.0 0.0 -2.6965435780951705e-8
0.0 0.0 -3.101678497943652e-8
0.0 0.0 -1.1173704592144299e-8
0.0 0.0 2.0345210141541464e-9
0.0 0.0 -5.31742130140934e-9
0.0 0.0 1.3720370832935592e-9
0.0 0.0 4.725261205452742e-9
0.0 0.0 1.9503859051993637e-8
0.0 0.0 2.717013915868475e-8
0.0 0.0 2.5352621880848836e-8
0.0 0.0 2.9260384814962925e-8
0.0 0.0 2.7816440094412076e-8
0.0 0.0 2.239348131820888e-8
0.0 0.0 3.752342769041355e-8
0.0 0.0 4.079542257420299e-8
0.0 0.0 3.95912468249856e-8
0.0 0.0 4.397330739907847e-8
0.0 0.0 6.95285221158866e-8
0.0 0.0 5.5194349548081403e-8
0.0 0.0 2.3519422670556534e-8
0.0 0.0 2.4440364574785195e-8
0.0 0.0 7.781023764858174e-9
0.0 0.0 5.46399785781421e-9
0.0 0.0 -1.778009010612051e-8
0.0 0.0 -1.0927719429872521e-8
0.0 0.0 -1.0083765812613834e-8
0.0 0.0 4.5984749991851445e-9
0.0 0.0 1.41559013448104e-8
0.0 0.0 2.26187675464539e-8
0.0 0.0 2.3288012455738643e-8
0.0 0.0 3.194683795545325e-8
0.0 0.0 3.074185725031047e-8
0.0 0.0 2.739479538572193e-8
0.0 0.0 3.420833460885206e-8
0.0 0.0 2.725592133087581e-8
0.0 0.0 2.7387303996041094e-8
0.0 0.0 1.9139551066597377e-8
0.0 0.0 2.5020401547155508e-8
0.0 0.0 2.4241270367134823e-8
0.0 0.0 1.6026262603776432e-8
0.0 0.0 1.7846816938830287e-8
0.0 0.0 1.840705426794647e-8
0.0 0.0 1.0655894359048575e-8
0.0 0.0 7.036486343307706e-9
0.0 0.0 5.189097702892141e-9
0.0 0.0 6.447385768945831e-9
0.0 0.0 7.2216371803809735e-9
0.0 0.0 8.765285328855528e-9
0.0 0.0 4.7820390712038836e-9
0.0 0.0 7.430483357553789e-9
0.0 0.0 5.6872625584760396e-9
0.0 0.0 6.015638387915601e-9
0.0 0.0 4.973126184982537e-9
0.0 0.0 6.214269382228907e-9
0.0 0.0 4.3831445898389275e-9
0.0 0.0 5.491571651172415e-9
0.0 0.0 6.303438227022283e-9
0.0 0.0 5.4041537461353586e-9
0.0 0.0 6.797526150560749e-9
0.0 0.0 4.569995645668162e-9
0.0 0.0 3.731759464692362e-9
0.0 0.0 3.3052510464777354e-9
0.0 0.0 2.4695571987813564e-9
0.0 0.0 2.029253889032923e-9
0.0 0.0 1.8399433002100015e-9
0.0 0.0 1.7813584169830652e-9
0.0 0.0 1.5155774479885464e-9
0.0 0.0 1.2137627686866511e-9
0.0 0.0 9.896585403169806e-10
0.0 0.0 4.698498612439853e-10
0.0 0.0 1.9249372135714493e-11
0.0 0.0 7.801947897463737e-11
0.0 0.0 1.7296999906924213e-10
0.0 0.0 5.469079367486844e-10
0.0 0.0 2.4939619116304124e-11
0.0 0.0 5.97662797433048e-10
0.0 0.0 1.3869784070311483e-10
0.0 0.0 -1.175925305977635e-9
0.0 0.0 -2.476482834594554e-9
0.0 0.0 -2.1445169381228348e-9
0.0 0.0 -1.9497056146354527e-9
0.0 0.0 -1.3430536988502026e-9
0.0 0.0 -2.3917334356251063e-9
0.0 0.0 -2.9946765876943397e-9
0.0 0.0 -3.4441316675352247e-9
0.0 0.0 -5.1866888049029464e-9
0.0 0.0 -5.747508171646942e-9
0.0 0.0 -5.815952966031045e-9
0.0 0.0 -1.2006440152192073e-9
0.0 0.0 -1.3856120691640685e-10
0.0 0.0 9.722603550101211e-10
0.0 0.0 1.1582594067750976e-9
0.0 0.0 2.700651042607322e-10
0.0 0.0 2.0370544454594607e-9
0.0 0.0 6.963689102312099e-9
0.0 0.0 1.0271162044298106e-9
0.0 0.0 -4.720077904246981e-9
0.0 0.0 -5.049393503612302e-9
0.0 0.0 -1.3302428391101801e-8
0.0 0.0 -1.8651333674429046e-8
0.0 0.0 -2.6965435780951705e-8
0.0 0.0 -3.101678497943652e-8
0.0 0.0 -1.1173704592144299e-8
0.0 0.0 2.0345210141541464e-9
0.0 0.0 -5.31742130140934e-9
0.0 0.0 1.3720370832935592e-9
0.0 0.0 4.725261205452742e-9
0.0 0.0 1.9503859051993637e-8
0.0 0.0 2.717013915868475e-8
0.0 0.0 2.5352621880848836e-8
0.0 0.0 2.9260384814962925e-8
0.0 0.0 2.7816440094412076e-8
0.0 0.0 2.239348131820888e-8
0.0 0.0 3.752342769041355e-8
0.0 0.0 4.079542257420299e-8
0.0 0.0 3.95912468249856e-8
0.0 0.0 4.397330739907847e-8
0.0 0.0 6.95285221158866e-8
0.0 0.0 5.5194349548081403e-8
0.0 0.0 2.3519422670556534e-8
0.0 0.0 2.4440364574785195e-8
0.0 0.0 7.781023764858174e-9
0.0 0.0 5.46399785781421e-9
0.0 0.0 -1.778009010612051e-8
0.0 0.0 -1.0927719429872521e-8
0.0 0.0 -1.0083765812613834e-8
0.0 0.0 4.5984749991851445e-9
0.0 0.0 1.41559013448104e-8
0.0 0.0 2.26187675464539e-8
0.0 0.0 2.3288012455738643e-8
0.0 0.0 3.194683795545325e-8
0.0 0.0 3.074185725031047e-8
0.0 0.0 2.739479538572193e-8
0.0 0.0 3.420833460885206e-8
0.0 0.0 2.725592133087581e-8
0.0 0.0 2.7387303996041094e-8
0.0 0.0 1.9139551066597377e-8
0.0 0.0 2.5020401547155508e-8
0.0 0.0 2.4241270367134823e-8
0.0 0.0 1.6026262603776432e-8
0.0 0.0 1.7846816938830287e-8
0.0 0.0 1.840705426794647e-8
0.0 0.0 1.0655894359048575e-8
0.0 0.0 7.036486343307706e-9
0.0 0.0 5.189097702892141e-9
0.0 0.0 6.447385768945831e-9
0.0 0.0 7.2216371803809735e-9
0.0 0.0 8.765285328855528e-9
0.0 0.0 4.7820390712038836e-9
0.0 0.0 7.430483357553789e-9
0.0 0.0 5.6872625584760396e-9
0.0 0.0 6.015638387915601e-9
0.0 0.0 4.973126184982537e-9
0.0 0.0 6.214269382228907e-9
0.0 0.0 4.3831445898389275e-9
0.0 0.0 5.491571651172415e-9
0.0 0.0 6.303438227022283e-9
0.0 0.0 5.4041537461353586e-9
0.0 0.0 6.797526150560749e-9
0.0 0.0 4.569995645668162e-9
0.0 0.0 3.731759464692362e-9
0.0 0.0 3.3052510464777354e-9
0.0 0.0 2.4695571987813564e-9
0.0 0.0 2.029253889032923e-9
0.0 0.0 1.8399433002100015e-9
0.0 0.0 1.7813584169830652e-9
0.0 0.0 1.5155774479885464e-9
0.0 0.0 1.2137627686866511e-9
0.0 0.0 9.896585403169806e-10
0.0 0.0 4.698498612439853e-10

VECTORS Ftot float
-0.02658385323768726 -0.04489623844201063 0.02559460653431177
-0.04217734838400454 -0.06385318544577545 0.04153636041556076
-0.05523460407913113 -0.08027399955899314 0.058645048709421534
-0.06756890597575568 -0.09597194104445189 0.07745946428710015
-0.07961251674282896 -0.1113792339603007 0.09811030445023042
-0.0912883163652711 -0.12641870875652161 0.12063227551927523
-0.10298770536281729 -0.14148220984025103 0.14495029327644424
-0.11446464036186269 -0.15632274536958596 0.1710666462998003
-0.1256226274913427 -0.17084448075877354 0.1989256045258147
-0.13658800920895992 -0.18517336684838123 0.22843429916527738
-0.14718120142011903 -0.19912990227813912 0.2595343635022907
-0.1575587329887468 -0.21287107101287397 0.2921296937066357
-0.16689230942667366 -0.22556815740556135 0.3262034749485526
-0.17520494951180268 -0.23724431830146736 0.3615541490825099
-0.18326846224541385 -0.24867124005020638 0.3979197952652943
-0.1904330220194388 -0.25919928430491174 0.43523308660957805
-0.19733633219022806 -0.2694663909995238 0.4732676504721304
-0.2035880394659339 -0.2790815760334608 0.5119454865221502
-0.20956034582172098 -0.28841733953936805 0.5511038261397708
-0.21386770437644365 -0.2960882287550222 0.5907259390363896
-0.21798299407854804 -0.30356675630777336 0.630395553257208
-0.22200031024720926 -0.3109475694395336 0.6699730666558492
-0.22573741616569643 -0.3180481955345474 0.7093779274196049
-0.2298811243023209 -0.3255557120153773 0.7484719645734456
-0.23263562235929108 -0.33167383045551463 0.7873889300159181
-0.23554278469815684 -0.33794708387863537 0.825756741822479
-0.2382102883134119 -0.34397811952299234 0.8635546373082887
-0.24123938994656907 -0.3503707294758353 0.900665698121931
-0.24385165938055473 -0.3563465066865252 0.9372040847356221
-0.24486881527108648 -0.3607268345960197 0.9731951925479218
-0.24632579491203482 -0.36554728860233826 1.008217454804916
-0.24583117596569054 -0.3684161282438673 1.0425041754325612
-0.2444510671588655 -0.3703999104445502 1.0756148478717762
-0.2431424132436959 -0.37245486472627803 1.1072461034860348
-0.24122599579111753 -0.37390205672183763 1.1374411952658652
-0.2385401818292793 -0.3745798403862255 1.1661195395034816
-0.23490393101505924 -0.37430900957753943 1.193155984781002
-0.23144585653296318 -0.37421444586470093 1.21829714009258
-0.22631290234037313 -0.3724450104956037 1.2418081561008865
-0.21990086157506808 -0.3693968395945227 1.2633976764949584
-0.21203361502636203 -0.36489343710447586 1.282839676580648
-0.20366568009759534 -0.35988902508157383 1.2997576634738723
-0.19525541797071067 -0.3548423291642178 1.314124381048587
-0.18352041810546954 -0.3464708816820137 1.326548378662351
-0.1688808294179967 -0.33519483535847483 1.336555657082531
-0.14929413798085148 -0.31897168296092493 1.3440887959891403
-0.12030541301010578 -0.2933464044618414 1.349176696426308
-0.0688051870328115 -0.24520969469171922 1.3522276610209207
0.06059487482278883 -0.11917415461316627 1.3546899859143464
0.7590559843072388 0.57591921865345 1.3577789139465222
0.7542155871101773 -0.5710790025927335 1.20259194603769
0.0577929938881724 0.12197556517493975 1.199145271755013
-0.06915404557332036 0.24555808755465852 1.197039167986425
-0.12083862878237547 0.2938791877683133 1.1940136686604885
-0.1499013045853825 0.3195784182122784 1.189098364282466
-0.16965205992726162 0.33596564714509997 1.1819254847904472
-0.18543321616767233 0.34838328008178554 1.1722687703690464
-0.19517728634296355 0.3547638031369479 1.1612006539224782
-0.2053691843140243 0.36159216810291156 1.1477144592334927
-0.21309971588945542 0.36595917063284805 1.1323556536645791
-0.22059283297894153 0.3700884699698573 1.114873184645775
-0.2266849384028741 0.3728167195224228 1.0955708777809305
-0.2315692827237328 0.37433756713517713 1.074618372235294
-0.2353613513793189 0.37476613238119033 1.052161802338697
-0.23813189046989997 0.37417104147934416 1.028342972927891
-0.23943050282103123 0.372106077578709 1.0033719882365921
-0.2412137359245644 0.37052572634694275 0.9769758187010367
-0.242249173190065 0.3681975755950964 0.9493560983772674
-0.2426367971186572 0.36522149192034087 0.9206061866821493
-0.24356082128494022 0.36278206182042033 0.8906063235649415
-0.2424210855009217 0.35827886739850323 0.8598785765247859
-0.24168118591333376 0.3541757343466349 0.828242261556616
-0.23932505721386174 0.3484561159149959 0.7960815300501867
-0.23653781387325257 0.3423053781536165 0.7633799109183028
-0.23409986228170532 0.3365039003285674 0.7300408481200087
-0.23142810489813134 0.330466140339062 0.696168221250364
-0.22913653928562971 0.32481104257477583 0.6617419182834782
-0.22499940106687402 0.31731000496335965 0.6272034825372503
-0.2212080614463138 0.31015515608133487 0.5924181933115116
-0.21715340275431558 0.3027370132727713 0.5574938941758845
-0.21299803566607178 0.29521837782277627 0.5224985832363215
-0.20863599650096154 0.28749286700608 0.48755462264814103
-0.2026873181406506 0.27818074608783544 0.4530112717529932
-0.19656591962396427 0.2686958770968051 0.4188739063023599
-0.18941584013504947 0.25818199200076075 0.3853571346804005
-0.18229772007420153 0.2477003943652475 0.3524523958160211
-0.17435895221069808 0.23639823796725515 0.3203624527181276
-0.1659629878684422 0.22463878197948445 0.2891921254764547
-0.1564911618896431 0.21180347768532154 0.259166095473763
-0.14625824184550848 0.19820690602177565 0.23040570171909677
-0.13568884524356747 0.18427413274559526 0.2029604346061889
-0.12489245936542262 0.17011423128256103 0.17688562064948274
-0.11382781294392826 0.15568580855392697 0.15225681072427788
-0.10236880487017315 0.14086319066199998 0.12916738835512245
-0.09074094703319621 0.1258712475546559 0.10765374587530677
-0.07904089106301887 0.11080750468725258 0.08773430007429685
-0.06704478332649286 0.09544772801185597 0.0694543484484455
-0.05483728651639339 0.07987659453277583 0.052768938805827205
-0.04185112493934956 0.06352688591915527 0.037583031480846595
-0.026337139323822596 0.04464944949766741 0.023425071698319165
-0.02658385323768726 -0.04489623844201063 0.02559460653431177
-0.04217734838400454 -0.06385318544577545 0.04153636041556076
-0.05523460407913113 -0.08027399955899314 0.058645048709421534
-0.06756890597575568 -0.09597194104445189 0.07745946428710015
-0.07961251674282896 -0.1113792339603007 0.09811030445023042
-0.0912883163652711 -0.12641870875652161 0.12063227551927523
-0.10298770536281729 -0.14148220984025103 0.14495029327644424
-0.11446464036186269 -0.15632274536958596 0.1710666462998003
-0.1256226274913427 -0.17084448075877354 0.1989256045258147
-0.13658800920895992 -0.18517336684838123 0.22843429916527738
-0.14718120142011903 -0.19912990227813912 0.2595343635022907
-0.1575587329887468 -0.21287107101287397 0.2921296937066357
-0.16689230942667366 -0.22556815740556135 0.3262034749485526
-0.17520494951180268 -0.23724431830146736 0.3615541490825099
-0.18326846224541385 -0.24867124005020638 0.3979197952652943
-0.1904330220194388 -0.25919928430491174 0.43523308660957805
-0.19733633219022806 -0.2694663909995238 0.4732676504721304
-0.2035880394659339 -0.2790815760334608 0.5119454865221502
-0.20956034582172098 -0.28841733953936805 0.5511038261397708
-0.21386770437644365 -0.2960882287550222 0.5907259390363896
-0.21798299407854804 -0.30356675630777336 0.630395553257208
-0.22200031024720926 -0.3109475694395336 0.6699730666558492
-0.22573741616569643 -0.3180481955345474 0.7093779274196049
-0.2298811243023209 -0.3255557120153773 0.7484719645734456
-0.23263562235929108 -0.33167383045551463 0.7873889300159181
-0.23554278469815684 -0.33794708387863537 0.825756741822479
-0.2382102883134119 -0.34397811952299234 0.8635546373082887
-0.24123938994656907 -0.3503707294758353 0.900665698121931
-0.24385165938055473 -0.3563465066865252 0.9372040847356221
-0.24486881527108648 -0.3607268345960197 0.9731951925479218
-0.24632579491203482 -0.36554728860233826 1.008217454804916
-0.24583117596569054 -0.3684161282438673 1.0425041754325612
-0.2444510671588655 -0.3703999104445502 1.0756148478717762
-0.2431424132436959 -0.37245486472627803 1.1072461034860348
-0.24122599579111753 -0.37390205672183763 1.1374411952658652
-0.2385401818292793 -0.3745798403862255 1.1661195395034816
-0.23490393101505924 -0.37430900957753943 1.193155984781002
-0.23144585653296318 -0.37421444586470093 1.21829714009258
-0.22631290234037313 -0.3724450104956037 1.2418081561008865
-0.21990086157506808 -0.3693968395945227 1.2633976764949584
-0.21203361502636203 -0.36489343710447586 1.282839676580648
-0.20366568009759534 -0.35988902508157383 1.2997576634738723
-0.19525541797071067 -0.3548423291642178 1.314124381048587
-0.18352041810546954 -0.3464708816820137 1.326548378662351
-0.1688808294179967 -0.33519483535847483 1.336555657082531
-0.14929413798085148 -0.31897168296092493 1.3440887959891403
-0.12030541301010578 -0.2933464044618414 1.349176696426308
-0.0688051870328115 -0.24520969469171922 1.3522276610209207
0.06059487482278883 -0.11917415461316627 1.3546899859143464
0.7590559843072388 0.57591921865345 1.3577789139465222
0.7542155871101773 -0.5710790025927335 1.20259194603769
0.0577929938881724 0.12197556517493975 1.199145271755013
-0.06915404557332036 0.24555808755465852 1.197039167986425
-0.12083862878237547 0.2938791877683133 1.1940136686604885
-0.1499013045853825 0.3195784182122784 1.189098364282466
-0.16965205992726162 0.33596564714509997 1.1819254847904472
-0.18543321616767233 0.34838328008178554 1.1722687703690464
-0.19517728634296355 0.3547638031369479 1.1612006539224782
-0.2053691843140243 0.36159216810291156 1.1477144592334927
-0.21309971588945542 0.36595917063284805 1.1323556536645791
-0.22059283297894153 0.3700884699698573 1.114873184645775
-0.2266849384028741 0.3728167195224228 1.0955708777809305
-0.2315692827237328 0.37433756713517713 1.074618372235294
-0.2353613513793189 0.37476613238119033 1.052161802338697
-0.23813189046989997 0.37417104147934416 1.028342972927891
-0.23943050282103123 0.372106077578709 1.0033719882365921
-0.2412137359245644 0.37052572634694275 0.9769758187010367
-0.242249173190065 0.3681975755950964 0.9493560983772674
-0.2426367971186572 0.36522149192034087 0.9206061866821493
-0.24356082128494022 0.36278206182042033 0.8906063235649415
-0.2424210855009217 0.35827886739850323 0.8598785765247859
-0.24168118591333376 0.3541757343466349 0.828242261556616
-0.23932505721386174 0.3484561159149959 0.7960815300501867
-0.23653781387325257 0.3423053781536165 0.7633799109183028
-0.23409986228170532 0.3365039003285674 0.7300408481200087
-0.23142810489813134 0.330466140339062 0.696168221250364
-0.22913653928562971 0.32481104257477583 0.6617419182834782
-0.22499940106687402 0.31731000496335965 0.6272034825372503
-0.2212080614463138 0.31015515608133487 0.5924181933115116
-0.21715340275431558 0.3027370132727713 0.5574938941758845
-0.21299803566607178 0.29521837782277627 0.5224985832363215
-0.20863599650096154 0.28749286700608 0.48755462264814103
-0.2026873181406506 0.27818074608783544 0.4530112717529932
-0.19656591962396427 0.2686958770968051 0.4188739063023599
-0.18941584013504947 0.25818199200076075 0.3853571346804005
-0.18229772007420153 0.2477003943652475 0.3524523958160211
-0.17435895221069808 0.23639823796725515 0.3203624527181276
-0.1659629878684422 0.22463878197948445 0.2891921254764547
-0.1564911618896431 0.21180347768532154 0.259166095473763
-0.14625824184550848 0.19820690602177565 0.23040570171909677
-0.13568884524356747 0.18427413274559526 0.2029604346061889
-0.12489245936542262 0.17011423128256103 0.17688562064948274
-0.11382781294392826 0.15568580855392697 0.15225681072427788
-0.10236880487017315 0.14086319066199998 0.12916738835512245
-0.09074094703319621 0.1258712475546559 0.10765374587530677
-0.07904089106301887 0.11080750468725258 0.08773430007429685
-0.06704478332649286 0.09544772801185597 0.0694543484484455
-0.05483728651639339 0.07987659453277583 0.052768938805827205
-0.04185112493934956 0.06352688591915527 0.037583031480846595
-0.026337139323822596 0.04464944949766741 0.023425071698319165

VECTORS Vvpm_AB float
-0.32946375012397766 0.560087263584137 -0.4173796474933624
-0.3294612467288971 0.5600853562355042 -0.4173844754695892
-0.3294684588909149 0.5600885152816772 -0.41737839579582214
-0.3294924795627594 0.5600922107696533 -0.41736662387847906
-0.3295094072818756 0.5600969791412354 -0.4173545837402344
-0.32953163981437683 0.5600998401641846 -0.4173448085784912
-0.3295884430408478 0.5601115822792053 -0.4173103272914887
-0.3295954167842865 0.5601117610931396 -0.41730979084968567
-0.32960453629493713 0.5601136684417725 -0.4173021614551544
-0.32959070801734924 0.5601121783256531 -0.41730752587318426
-0.3295741379261017 0.5601078867912292 -0.41731908917427063
-0.32957038283348083 0.5601072907447815 -0.41731727123260504
-0.3295576870441437 0.5601060390472412 -0.4173208177089691
-0.3295471966266632 0.5601051449775696 -0.4173235595226288
-0.32954129576683044 0.5601024031639099 -0.41732949018478394
-0.32953140139579773 0.5601014494895935 -0.41733273863792425
-0.32953545451164246 0.5601018667221069 -0.41732570528984075
-0.32952579855918884 0.560100793838501 -0.4173290729522705
-0.3295165002346039 0.560099720954895 -0.41733273863792425
-0.32950887084007263 0.5600987672805786 -0.41733413934707647
-0.3295036256313324 0.5600947737693787 -0.41734266281127935
-0.32949820160865784 0.5600945353507996 -0.417344331741333
-0.3294925391674042 0.5600941181182861 -0.41734537482261663
-0.3294943869113922 0.560093879699707 -0.41733950376510615
-0.3294889032840729 0.5600938200950623 -0.4173384904861451
-0.3295787274837494 0.5601091980934143 -0.41728067398071295
-0.3295714557170868 0.5601085424423218 -0.4172833561897277
-0.3295641243457794 0.5601074695587158 -0.417286366224289
-0.3295568525791168 0.560106635093689 -0.4172892272472382
-0.3295564353466034 0.5601012110710144 -0.4172977805137635
-0.32955029606819153 0.5601000189781189 -0.4173007309436798
-0.32954439520835876 0.5600990056991577 -0.41730380058288574
-0.3295440971851349 0.5600988268852234 -0.41729906201362615
-0.3295413553714752 0.5600988268852234 -0.41729938983917236
-0.3295380771160126 0.560099184513092 -0.41729971766471863
-0.3295347988605499 0.5600990653038025 -0.41730022430419916
-0.3295608460903168 0.5601010918617249 -0.41727110743522644
-0.32955530285835266 0.5601004362106323 -0.41727367043495184
-0.3295500576496124 0.5600997805595398 -0.417275995016098
-0.3295481503009796 0.5601017475128174 -0.41727301478385925
-0.3295455276966095 0.560103714466095 -0.4172705709934234
-0.3295404613018036 0.5601028800010681 -0.41727277636528015
-0.3295358121395111 0.5601027607917786 -0.4172742962837219
-0.32953080534935 0.5601021647453308 -0.41727596521377563
-0.32952603697776794 0.5601021647453308 -0.41727769374847407
-0.32952097058296204 0.5601013898849487 -0.41727942228317266
-0.329515665769577 0.560100793838501 -0.4172822535037995
-0.32951053977012634 0.560100257396698 -0.41728413105010986
-0.3295353949069977 0.5601048469543457 -0.4172723293304444
-0.3296094238758087 0.5601089000701904 -0.4172206223011017
-0.3296094834804535 0.5601063966751099 -0.4172227382659912
-0.32953545451164246 0.5600982904434204 -0.4172779321670533
-0.3295104205608368 0.5600934624671936 -0.4172897934913635
-0.3295154869556427 0.5600939393043518 -0.41728761792182917
-0.32952138781547546 0.5600955486297607 -0.4172848463058471
-0.32952603697776794 0.5600957870483398 -0.4172830879688263
-0.3295309841632843 0.5600959658622742 -0.41728121042251587
-0.3295356333255768 0.5600963830947876 -0.41727960109710693
-0.32954058051109314 0.5600969791412354 -0.41727772355079645
-0.3295459449291229 0.5600976347923279 -0.41727569699287415
-0.3295481503009796 0.5600962042808533 -0.4172779023647309
-0.32954999804496765 0.5600938200950623 -0.4172807931900025
-0.32955560088157654 0.5600946545600891 -0.4172782301902771
-0.3295605480670929 0.5600956678390503 -0.41727569699287415
-0.3295349180698395 0.5600897669792175 -0.4173082113265991
-0.3295383155345917 0.5600895881652832 -0.41730755567550665
-0.32954153418540955 0.5600900053977966 -0.4173070192337036
-0.32954445481300354 0.5600900053977966 -0.4173065423965454
-0.32954439520835876 0.5600935816764832 -0.4173083007335663
-0.3295506536960602 0.560094952583313 -0.41730526089668274
-0.3295566141605377 0.5600962042808533 -0.4173021614551544
-0.3295568525791168 0.5600998401641846 -0.41729491949081426
-0.3295641243457794 0.5601010322570801 -0.4172918796539306
-0.3295716941356659 0.5601019263267517 -0.41728875041007996
-0.3295789062976837 0.5601029396057129 -0.4172861278057098
-0.3294890820980072 0.5600897073745728 -0.4173422157764435
-0.3294946253299713 0.5600917339324951 -0.4173413813114166
-0.3294928967952728 0.5600897073745728 -0.41734942793846125
-0.32949820160865784 0.5600897073745728 -0.4173482954502106
-0.3295038640499115 0.560090184211731 -0.4173464477062225
-0.32950904965400696 0.5600934624671936 -0.41733887791633606
-0.3295166790485382 0.560096025466919 -0.4173360764980316
-0.32952603697776794 0.5600970983505249 -0.41733214259147644
-0.32953545451164246 0.5600983500480652 -0.41732871532440186
-0.32953163981437683 0.5600970983505249 -0.4173361659049988
-0.3295411765575409 0.5600982308387756 -0.4173328876495362
-0.32954731583595276 0.5601016283035278 -0.417326420545578
-0.3295576870441437 0.5601040124893188 -0.41732278466224665
-0.32957032322883606 0.5601062178611755 -0.4173181354999542
-0.3295745551586151 0.5601060390472412 -0.41732057929039
-0.3295905888080597 0.5601083636283875 -0.4173106253147125
-0.32960471510887146 0.5601091384887695 -0.4173060059547425
-0.3295953571796417 0.5601049661636353 -0.41731539368629456
-0.32958880066871643 0.5601040124893188 -0.41731691360473633
-0.32953163981437683 0.5600929260253906 -0.4173504114151001
-0.3295096457004547 0.5600888133049011 -0.4173615574836731
-0.3294928967952728 0.5600841045379639 -0.41737341880798345
-0.3294685184955597 0.5600794553756714 -0.4173858761787414
-0.3294614255428314 0.5600764155387878 -0.41739198565483093
-0.32946404814720154 0.5600769519805908 -0.4173884093761444
-0.32946375012397766 0.560087263584137 -0.4173796474933624
-0.3294612467288971 0.5600853562355042 -0.4173844754695892
-0.3294684588909149 0.5600885152816772 -0.41737839579582214
-0.3294924795627594 0.5600922107696533 -0.41736662387847906
-0.3295094072818756 0.5600969791412354 -0.4173545837402344
-0.32953163981437683 0.5600998401641846 -0.4173448085784912
-0.3295884430408478 0.5601115822792053 -0.4173103272914887
-0.3295954167842865 0.5601117610931396 -0.41730979084968567
-0.32960453629493713 0.5601136684417725 -0.4173021614551544
-0.32959070801734924 0.5601121783256531 -0.41730752587318426
-0.3295741379261017 0.5601078867912292 -0.41731908917427063
-0.32957038283348083 0.5601072907447815 -0.41731727123260504
-0.3295576870441437 0.5601060390472412 -0.4173208177089691
-0.3295471966266632 0.5601051449775696 -0.4173235595226288
-0.32954129576683044 0.5601024031639099 -0.41732949018478394
-0.32953140139579773 0.5601014494895935 -0.41733273863792425
-0.32953545451164246 0.5601018667221069 -0.41732570528984075
-0.32952579855918884 0.560100793838501 -0.4173290729522705
-0.3295165002346039 0.560099720954895 -0.41733273863792425
-0.32950887084007263 0.5600987672805786 -0.41733413934707647
-0.3295036256313324 0.5600947737693787 -0.41734266281127935
-0.32949820160865784 0.5600945353507996 -0.417344331741333
-0.3294925391674042 0.5600941181182861 -0.41734537482261663
-0.3294943869113922 0.560093879699707 -0.41733950376510615
-0.3294889032840729 0.5600938200950623 -0.4173384904861451
-0.3295787274837494 0.5601091980934143 -0.41728067398071295
-0.3295714557170868 0.5601085424423218 -0.4172833561897277
-0.3295641243457794 0.5601074695587158 -0.417286366224289
-0.3295568525791168 0.560106635093689 -0.4172892272472382
-0.3295564353466034 0.5601012110710144 -0.4172977805137635
-0.32955029606819153 0.5601000189781189 -0.4173007309436798
-0.32954439520835876 0.5600990056991577 -0.41730380058288574
-0.3295440971851349 0.5600988268852234 -0.41729906201362615
-0.3295413553714752 0.5600988268852234 -0.41729938983917236
-0.3295380771160126 0.560099184513092 -0.41729971766471863
-0.3295347988605499 0.5600990653038025 -0.41730022430419916
-0.3295608460903168 0.5601010918617249 -0.41727110743522644
-0.32955530285835266 0.5601004362106323 -0.41727367043495184
-0.3295500576496124 0.5600997805595398 -0.417275995016098
-0.3295481503009796 0.5601017475128174 -0.41727301478385925
-0.3295455276966095 0.560103714466095 -0.4172705709934234
-0.3295404613018036 0.5601028800010681 -0.41727277636528015
-0.3295358121395111 0.5601027607917786 -0.4172742962837219
-0.32953080534935 0.5601021647453308 -0.41727596521377563
-0.32952603697776794 0.5601021647453308 -0.41727769374847407
-0.32952097058296204 0.5601013898849487 -0.41727942228317266
-0.329515665769577 0.560100793838501 -0.4172822535037995
-0.32951053977012634 0.560100257396698 -0.41728413105010986
-0.3295353949069977 0.5601048469543457 -0.4172723293304444
-0.3296094238758087 0.5601089000701904 -0.4172206223011017
-0.3296094834804535 0.5601063966751099 -0.4172227382659912
-0.32953545451164246 0.5600982904434204 -0.4172779321670533
-0.3295104205608368 0.5600934624671936 -0.4172897934913635
-0.3295154869556427 0.5600939393043518 -0.41728761792182917
-0.32952138781547546 0.5600955486297607 -0.4172848463058471
-0.32952603697776794 0.5600957870483398 -0.4172830879688263
-0.3295309841632843 0.5600959658622742 -0.41728121042251587
-0.3295356333255768 0.5600963830947876 -0.41727960109710693
-0.32954058051109314 0.5600969791412354 -0.41727772355079645
-0.3295459449291229 0.5600976347923279 -0.41727569699287415
-0.3295481503009796 0.5600962042808533 -0.4172779023647309
-0.32954999804496765 0.5600938200950623 -0.4172807931900025
-0.32955560088157654 0.5600946545600891 -0.4172782301902771
-0.3295605480670929 0.5600956678390503 -0.41727569699287415
-0.3295349180698395 0.5600897669792175 -0.4173082113265991
-0.3295383155345917 0.5600895881652832 -0.41730755567550665
-0.32954153418540955 0.5600900053977966 -0.4173070192337036
-0.32954445481300354 0.5600900053977966 -0.4173065423965454
-0.32954439520835876 0.5600935816764832 -0.4173083007335663
-0.3295506536960602 0.560094952583313 -0.41730526089668274
-0.3295566141605377 0.5600962042808533 -0.4173021614551544
-0.3295568525791168 0.5600998401641846 -0.41729491949081426
-0.3295641243457794 0.5601010322570801 -0.4172918796539306
-0.3295716941356659 0.5601019263267517 -0.41728875041007996
-0.3295789062976837 0.5601029396057129 -0.4172861278057098
-0.3294890820980072 0.5600897073745728 -0.4173422157764435
-0.3294946253299713 0.5600917339324951 -0.4173413813114166
-0.3294928967952728 0.5600897073745728 -0.41734942793846125
-0.32949820160865784 0.5600897073745728 -0.4173482954502106
-0.3295038640499115 0.560090184211731 -0.4173464477062225
-0.32950904965400696 0.5600934624671936 -0.41733887791633606
-0.3295166790485382 0.560096025466919 -0.4173360764980316
-0.32952603697776794 0.5600970983505249 -0.41733214259147644
-0.32953545451164246 0.5600983500480652 -0.41732871532440186
-0.32953163981437683 0.5600970983505249 -0.4173361659049988
-0.3295411765575409 0.5600982308387756 -0.4173328876495362
-0.32954731583595276 0.5601016283035278 -0.417326420545578
-0.3295576870441437 0.5601040124893188 -0.41732278466224665
-0.32957032322883606 0.5601062178611755 -0.4173181354999542
-0.3295745551586151 0.5601060390472412 -0.41732057929039
-0.3295905888080597 0.5601083636283875 -0.4173106253147125
-0.32960471510887146 0.5601091384887695 -0.4173060059547425
-0.3295953571796417 0.5601049661636353 -0.41731539368629456
-0.32958880066871643 0.5601040124893188 -0.41731691360473633
-0.32953163981437683 0.5600929260253906 -0.4173504114151001
-0.3295096457004547 0.5600888133049011 -0.4173615574836731
-0.3294928967952728 0.5600841045379639 -0.41737341880798345
-0.3294685184955597 0.5600794553756714 -0.4173858761787414
-0.3294614255428314 0.5600764155387878 -0.41739198565483093
-0.32946404814720154 0.5600769519805908 -0.4173884093761444