# vtk DataFile Version 4.0
[MyVLM domain - lattices] 
ASCII
DATASET UNSTRUCTURED_GRID
POINTS 302 float
1.2444999999999997 -1.2445 0.0
1.2399745454545452 -1.2399745454545454 0.0
1.2346178849721705 -1.2346178849721707 0.0
1.2284300185528754 -1.2284300185528756 0.0
1.2214109461966602 -1.2214109461966605 0.0
1.2135606679035247 -1.213560667903525 0.0
1.2048791836734691 -1.2048791836734694 0.0
1.1953664935064932 -1.1953664935064934 0.0
1.1850225974025972 -1.1850225974025974 0.0
1.1738474953617808 -1.173847495361781 0.0
1.1618411873840442 -1.1618411873840444 0.0
1.1490036734693874 -1.1490036734693876 0.0
1.1353349536178106 -1.1353349536178108 0.0
1.1208350278293133 -1.1208350278293135 0.0
1.1055038961038959 -1.105503896103896 0.0
1.0893415584415582 -1.0893415584415584 0.0
1.0723480148423004 -1.0723480148423006 0.0
1.054523265306122 -1.0545232653061223 0.0
1.0358673098330238 -1.035867309833024 0.0
1.0163801484230053 -1.0163801484230055 0.0
0.9960617810760664 -0.9960617810760668 0.0
0.9749122077922076 -0.9749122077922077 0.0
0.9529314285714284 -0.9529314285714284 0.0
0.9301194434137288 -0.930119443413729 0.0
0.9064762523191091 -0.9064762523191096 0.0
0.8820018552875695 -0.8820018552875695 0.0
0.8566962523191093 -0.8566962523191094 0.0
0.8305594434137288 -0.8305594434137291 0.0
0.8035914285714284 -0.8035914285714285 0.0
0.7757922077922076 -0.7757922077922077 0.0
0.7471617810760666 -0.7471617810760667 0.0
0.7177001484230053 -0.7177001484230054 0.0
0.6874073098330239 -0.687407309833024 0.0
0.6562832653061222 -0.6562832653061225 0.0
0.6243280148423004 -0.6243280148423005 0.0
0.5915415584415582 -0.5915415584415583 0.0
0.5579238961038958 -0.5579238961038959 0.0
0.5234750278293133 -0.5234750278293134 0.0
0.48819495361781057 -0.48819495361781057 0.0
0.4520836734693877 -0.4520836734693877 0.0
0.4151411873840445 -0.4151411873840446 0.0
0.37736749536178105 -0.37736749536178116 0.0
0.3387625974025974 -0.3387625974025974 0.0
0.2993264935064933 -0.29932649350649343 0.0
0.25905918367346925 -0.25905918367346925 0.0
0.21796066790352486 -0.21796066790352486 0.0
0.17603094619666027 -0.1760309461966605 0.0
0.13327001855287546 -0.13327001855287568 0.0
0.08967788497217066 -0.08967788497217066 0.0
0.045254545454545436 -0.045254545454545436 0.0
0.0 0.0 0.0
0.04525454545454545 0.04525454545454546 0.0
0.08967788497217066 0.08967788497217068 0.0
0.13327001855287568 0.1332700185528757 0.0
0.17603094619666046 0.1760309461966605 0.0
0.21796066790352497 0.21796066790352508 0.0
0.2590591836734693 0.25905918367346936 0.0
0.29932649350649343 0.2993264935064935 0.0
0.3387625974025973 0.33876259740259734 0.0
0.37736749536178094 0.377367495361781 0.0
0.41514118738404443 0.4151411873840445 0.0
0.45208367346938766 0.4520836734693878 0.0
0.48819495361781057 0.4881949536178107 0.0
0.5234750278293133 0.5234750278293134 0.0
0.5579238961038959 0.557923896103896 0.0
0.5915415584415582 0.5915415584415583 0.0
0.6243280148423003 0.6243280148423004 0.0
0.6562832653061222 0.6562832653061225 0.0
0.687407309833024 0.6874073098330241 0.0
0.7177001484230054 0.7177001484230056 0.0
0.7471617810760667 0.7471617810760669 0.0
0.7757922077922076 0.7757922077922077 0.0
0.8035914285714284 0.8035914285714285 0.0
0.8305594434137288 0.830559443413729 0.0
0.8566962523191093 0.8566962523191094 0.0
0.8820018552875692 0.8820018552875695 0.0
0.9064762523191091 0.9064762523191093 0.0
0.9301194434137288 0.9301194434137292 0.0
0.9529314285714284 0.9529314285714284 0.0
0.9749122077922076 0.9749122077922077 0.0
0.9960617810760666 0.9960617810760668 0.0
1.0163801484230053 1.0163801484230055 0.0
1.0358673098330238 1.035867309833024 0.0
1.054523265306122 1.0545232653061223 0.0
1.0723480148423001 1.0723480148423004 0.0
1.0893415584415582 1.0893415584415584 0.0
1.1055038961038959 1.105503896103896 0.0
1.120835027829313 1.1208350278293133 0.0
1.1353349536178106 1.1353349536178106 0.0
1.1490036734693874 1.1490036734693876 0.0
1.1618411873840444 1.1618411873840446 0.0
1.1738474953617808 1.173847495361781 0.0
1.1850225974025972 1.1850225974025972 0.0
1.1953664935064932 1.1953664935064934 0.0
1.2048791836734691 1.2048791836734694 0.0
1.2135606679035245 1.2135606679035247 0.0
1.22141094619666 1.2214109461966602 0.0
1.2284300185528754 1.2284300185528756 0.0
1.2346178849721703 1.2346178849721705 0.0
1.2399745454545452 1.2399745454545454 0.0
1.2444999999999997 1.2445 0.0
1.7422999999999997 -1.2445 0.0
1.7377745454545452 -1.2399745454545454 0.0
1.7324178849721703 -1.2346178849721707 0.0
1.7262300185528754 -1.2284300185528756 0.0
1.7192109461966603 -1.2214109461966605 0.0
1.7113606679035245 -1.213560667903525 0.0
1.7026791836734692 -1.2048791836734694 0.0
1.6931664935064934 -1.1953664935064934 0.0
1.6828225974025972 -1.1850225974025974 0.0
1.6716474953617806 -1.173847495361781 0.0
1.6596411873840444 -1.1618411873840444 0.0
1.6468036734693878 -1.1490036734693876 0.0
1.6331349536178106 -1.1353349536178108 0.0
1.6186350278293133 -1.1208350278293135 0.0
1.603303896103896 -1.105503896103896 0.0
1.5871415584415582 -1.0893415584415584 0.0
1.5701480148423004 -1.0723480148423006 0.0
1.552323265306122 -1.0545232653061223 0.0
1.5336673098330238 -1.035867309833024 0.0
1.5141801484230053 -1.0163801484230055 0.0
1.4938617810760666 -0.9960617810760668 0.0
1.4727122077922075 -0.9749122077922077 0.0
1.4507314285714283 -0.9529314285714284 0.0
1.4279194434137288 -0.930119443413729 0.0
1.4042762523191092 -0.9064762523191096 0.0
1.3798018552875693 -0.8820018552875695 0.0
1.3544962523191093 -0.8566962523191094 0.0
1.328359443413729 -0.8305594434137291 0.0
1.3013914285714283 -0.8035914285714285 0.0
1.2735922077922077 -0.7757922077922077 0.0
1.2449617810760665 -0.7471617810760667 0.0
1.2155001484230055 -0.7177001484230054 0.0
1.1852073098330238 -0.687407309833024 0.0
1.1540832653061224 -0.6562832653061225 0.0
1.1221280148423003 -0.6243280148423005 0.0
1.0893415584415582 -0.5915415584415583 0.0
1.055723896103896 -0.5579238961038959 0.0
1.0212750278293132 -0.5234750278293134 0.0
0.9859949536178108 -0.48819495361781057 0.0
0.9498836734693876 -0.4520836734693877 0.0
0.9129411873840445 -0.4151411873840446 0.0
0.875167495361781 -0.37736749536178116 0.0
0.8365625974025973 -0.3387625974025974 0.0
0.7971264935064933 -0.29932649350649343 0.0
0.7568591836734693 -0.25905918367346925 0.0
0.7157606679035249 -0.21796066790352486 0.0
0.6738309461966603 -0.1760309461966605 0.0
0.6310700185528755 -0.13327001855287568 0.0
0.5874778849721707 -0.08967788497217066 0.0
0.5430545454545455 -0.045254545454545436 0.0
0.4978 0.0 0.0
0.5430545454545455 0.04525454545454546 0.0
0.5874778849721707 0.08967788497217068 0.0
0.6310700185528757 0.1332700185528757 0.0
0.6738309461966605 0.1760309461966605 0.0
0.715760667903525 0.21796066790352508 0.0
0.7568591836734693 0.25905918367346936 0.0
0.7971264935064934 0.2993264935064935 0.0
0.8365625974025973 0.33876259740259734 0.0
0.875167495361781 0.377367495361781 0.0
0.9129411873840445 0.4151411873840445 0.0
0.9498836734693876 0.4520836734693878 0.0
0.9859949536178105 0.4881949536178107 0.0
1.0212750278293132 0.5234750278293134 0.0
1.055723896103896 0.557923896103896 0.0
1.0893415584415582 0.5915415584415583 0.0
1.1221280148423003 0.6243280148423004 0.0
1.1540832653061224 0.6562832653061225 0.0
1.185207309833024 0.6874073098330241 0.0
1.2155001484230055 0.7177001484230056 0.0
1.2449617810760667 0.7471617810760669 0.0
1.2735922077922077 0.7757922077922077 0.0
1.3013914285714283 0.8035914285714285 0.0
1.3283594434137287 0.830559443413729 0.0
1.3544962523191093 0.8566962523191094 0.0
1.3798018552875693 0.8820018552875695 0.0
1.4042762523191092 0.9064762523191093 0.0
1.427919443413729 0.9301194434137292 0.0
1.4507314285714283 0.9529314285714284 0.0
1.4727122077922075 0.9749122077922077 0.0
1.4938617810760666 0.9960617810760668 0.0
1.5141801484230053 1.0163801484230055 0.0
1.5336673098330238 1.035867309833024 0.0
1.552323265306122 1.0545232653061223 0.0
1.5701480148423002 1.0723480148423004 0.0
1.5871415584415582 1.0893415584415584 0.0
1.603303896103896 1.105503896103896 0.0
1.6186350278293131 1.1208350278293133 0.0
1.6331349536178106 1.1353349536178106 0.0
1.6468036734693874 1.1490036734693876 0.0
1.6596411873840444 1.1618411873840446 0.0
1.6716474953617806 1.173847495361781 0.0
1.6828225974025972 1.1850225974025972 0.0
1.6931664935064934 1.1953664935064934 0.0
1.7026791836734692 1.2048791836734694 0.0
1.7113606679035245 1.2135606679035247 0.0
1.71921094619666 1.2214109461966602 0.0
1.7262300185528754 1.2284300185528756 0.0
1.7324178849721703 1.2346178849721705 0.0
1.7377745454545452 1.2399745454545454 0.0
1.7422999999999997 1.2445 0.0
1.6155872727272724 -1.2422372727272726 0.0
1.6106462152133578 -1.237296215213358 0.0
1.604873951762523 -1.2315239517625232 0.0
1.598270482374768 -1.224920482374768 0.0
1.5908358070500925 -1.2174858070500927 0.0
1.582569925788497 -1.2092199257884972 0.0
1.5734728385899812 -1.2001228385899814 0.0
1.5635445454545454 -1.1901945454545453 0.0
1.552785046382189 -1.1794350463821892 0.0
1.5411943413729126 -1.1678443413729127 0.0
1.5287724304267158 -1.155422430426716 0.0
1.5155193135435991 -1.142169313543599 0.0
1.501434990723562 -1.1280849907235622 0.0
1.4865194619666047 -1.1131694619666048 0.0
1.4707727272727271 -1.0974227272727273 0.0
1.4541947866419294 -1.0808447866419293 0.0
1.4367856400742112 -1.0634356400742113 0.0
1.418545287569573 -1.0451952875695731 0.0
1.3994737291280146 -1.0261237291280147 0.0
1.379570964749536 -1.0062209647495362 0.0
1.358836994434137 -0.9854869944341371 0.0
1.337271818181818 -0.9639218181818181 0.0
1.3148754359925787 -0.9415254359925787 0.0
1.291647847866419 -0.9182978478664192 0.0
1.2675890538033394 -0.8942390538033393 0.0
1.2426990538033393 -0.8693490538033395 0.0
1.2169778478664193 -0.8436278478664192 0.0
1.1904254359925788 -0.8170754359925788 0.0
1.163041818181818 -0.7896918181818181 0.0
1.1348269944341371 -0.7614769944341371 0.0
1.105780964749536 -0.7324309647495362 0.0
1.0759037291280147 -0.7025537291280148 0.0
1.0451952875695731 -0.6718452875695733 0.0
1.0136556400742114 -0.6403056400742114 0.0
0.9812847866419293 -0.6079347866419293 0.0
0.9480827272727271 -0.5747327272727272 0.0
0.9140494619666047 -0.5406994619666048 0.0
0.8791849907235622 -0.5058349907235622 0.0
0.8434893135435992 -0.47013931354359917 0.0
0.8069624304267162 -0.43361243042671627 0.0
0.7696043413729128 -0.3962543413729128 0.0
0.7314150463821893 -0.3580650463821894 0.0
0.6923945454545455 -0.3190445454545454 0.0
0.6525428385899814 -0.27919283858998134 0.0
0.6118599257884971 -0.23850992578849706 0.0
0.5703458070500929 -0.19699580705009279 0.0
0.5280004823747682 -0.15465048237476808 0.0
0.4848239517625232 -0.11147395176252317 0.0
0.4408162152133581 -0.06746621521335805 0.0
0.39597727272727273 -0.022627272727272718 0.0
0.39597727272727273 0.02262727272727273 0.0
0.4408162152133581 0.06746621521335806 0.0
0.4848239517625232 0.11147395176252319 0.0
0.528000482374768 0.15465048237476808 0.0
0.5703458070500929 0.19699580705009276 0.0
0.6118599257884971 0.23850992578849717 0.0
0.6525428385899814 0.2791928385899814 0.0
0.6923945454545455 0.3190445454545454 0.0
0.7314150463821891 0.3580650463821891 0.0
0.7696043413729128 0.39625434137291277 0.0
0.8069624304267162 0.43361243042671616 0.0
0.8434893135435992 0.4701393135435992 0.0
0.8791849907235619 0.5058349907235621 0.0
0.9140494619666046 0.5406994619666047 0.0
0.9480827272727271 0.5747327272727272 0.0
0.9812847866419294 0.6079347866419295 0.0
1.0136556400742114 0.6403056400742114 0.0
1.0451952875695731 0.6718452875695732 0.0
1.0759037291280147 0.7025537291280147 0.0
1.105780964749536 0.7324309647495362 0.0
1.1348269944341371 0.7614769944341373 0.0
1.163041818181818 0.789691818181818 0.0
1.1904254359925786 0.8170754359925786 0.0
1.216977847866419 0.843627847866419 0.0
1.2426990538033393 0.8693490538033394 0.0
1.2675890538033392 0.8942390538033393 0.0
1.291647847866419 0.9182978478664192 0.0
1.3148754359925787 0.9415254359925787 0.0
1.3372718181818182 0.9639218181818181 0.0
1.3588369944341372 0.9854869944341373 0.0
1.379570964749536 1.0062209647495362 0.0
1.3994737291280148 1.0261237291280147 0.0
1.418545287569573 1.0451952875695731 0.0
1.4367856400742112 1.0634356400742113 0.0
1.4541947866419291 1.0808447866419293 0.0
1.470772727272727 1.097422727272727 0.0
1.4865194619666047 1.1131694619666048 0.0
1.501434990723562 1.128084990723562 0.0
1.5155193135435991 1.1421693135435993 0.0
1.528772430426716 1.1554224304267162 0.0
1.5411943413729128 1.1678443413729127 0.0
1.5527850463821888 1.179435046382189 0.0
1.5635445454545451 1.1901945454545453 0.0
1.573472838589981 1.2001228385899811 0.0
1.5825699257884969 1.209219925788497 0.0
1.5908358070500925 1.2174858070500927 0.0
1.5982704823747678 1.224920482374768 0.0
1.604873951762523 1.2315239517625232 0.0
1.6106462152133578 1.237296215213358 0.0
1.6155872727272724 1.2422372727272726 0.0

CELLS 200 700
4 0 101 102 1
4 1 102 103 2
4 2 103 104 3
4 3 104 105 4
4 4 105 106 5
4 5 106 107 6
4 6 107 108 7
4 7 108 109 8
4 8 109 110 9
4 9 110 111 10
4 10 111 112 11
4 11 112 113 12
4 12 113 114 13
4 13 114 115 14
4 14 115 116 15
4 15 116 117 16
4 16 117 118 17
4 17 118 119 18
4 18 119 120 19
4 19 120 121 20
4 20 121 122 21
4 21 122 123 22
4 22 123 124 23
4 23 124 125 24
4 24 125 126 25
4 25 126 127 26
4 26 127 128 27
4 27 128 129 28
4 28 129 130 29
4 29 130 131 30
4 30 131 132 31
4 31 132 133 32
4 32 133 134 33
4 33 134 135 34
4 34 135 136 35
4 35 136 137 36
4 36 137 138 37
4 37 138 139 38
4 38 139 140 39
4 39 140 141 40
4 40 141 142 41
4 41 142 143 42
4 42 143 144 43
4 43 144 145 44
4 44 145 146 45
4 45 146 147 46
4 46 147 148 47
4 47 148 149 48
4 48 149 150 49
4 49 150 151 50
4 50 151 152 51
4 51 152 153 52
4 52 153 154 53
4 53 154 155 54
4 54 155 156 55
4 55 156 157 56
4 56 157 158 57
4 57 158 159 58
4 58 159 160 59
4 59 160 161 60
4 60 161 162 61
4 61 162 163 62
4 62 163 164 63
4 63 164 165 64
4 64 165 166 65
4 65 166 167 66
4 66 167 168 67
4 67 168 169 68
4 68 169 170 69
4 69 170 171 70
4 70 171 172 71
4 71 172 173 72
4 72 173 174 73
4 73 174 175 74
4 74 175 176 75
4 75 176 177 76
4 76 177 178 77
4 77 178 179 78
4 78 179 180 79
4 79 180 181 80
4 80 181 182 81
4 81 182 183 82
4 82 183 184 83
4 83 184 185 84
4 84 185 186 85
4 85 186 187 86
4 86 187 188 87
4 87 188 189 88
4 88 189 190 89
4 89 190 191 90
4 90 191 192 91
4 91 192 193 92
4 92 193 194 93
4 93 194 195 94
4 94 195 196 95
4 95 196 197 96
4 96 197 198 97
4 97 198 199 98
4 98 199 200 99
4 99 200 201 100
1 202
1 203
1 204
1 205
1 206
1 207
1 208
1 209
1 210
1 211
1 212
1 213
1 214
1 215
1 216
1 217
1 218
1 219
1 220
1 221
1 222
1 223
1 224
1 225
1 226
1 227
1 228
1 229
1 230
1 231
1 232
1 233
1 234
1 235
1 236
1 237
1 238
1 239
1 240
1 241
1 242
1 243
1 244
1 245
1 246
1 247
1 248
1 249
1 250
1 251
1 252
1 253
1 254
1 255
1 256
1 257
1 258
1 259
1 260
1 261
1 262
1 263
1 264
1 265
1 266
1 267
1 268
1 269
1 270
1 271
1 272
1 273
1 274
1 275
1 276
1 277
1 278
1 279
1 280
1 281
1 282
1 283
1 284
1 285
1 286
1 287
1 288
1 289
1 290
1 291
1 292
1 293
1 294
1 295
1 296
1 297
1 298
1 299
1 300
1 301

CELL_TYPES 200
9
9
9
9
9
9
9
9
9
9
9
9
9
9
9
9
9
9
9
9
9
9
9
9
9
9
9
9
9
9
9
9
9
9
9
9
9
9
9
9
9
9
9
9
9
9
9
9
9
9
9
9
9
9
9
9
9
9
9
9
9
9
9
9
9
9
9
9
9
9
9
9
9
9
9
9
9
9
9
9
9
9
9
9
9
9
9
9
9
9
9
9
9
9
9
9
9
9
9
9
1
1
1
1
1
1
1
1
1
1
1
1
1
1
1
1
1
1
1
1
1
1
1
1
1
1
1
1
1
1
1
1
1
1
1
1
1
1
1
1
1
1
1
1
1
1
1
1
1
1
1
1
1
1
1
1
1
1
1
1
1
1
1
1
1
1
1
1
1
1
1
1
1
1
1
1
1
1
1
1
1
1
1
1
1
1
1
1
1
1
1
1
1
1
1
1
1
1
1
1

CELL_DATA 200

VECTORS Vinf float
9.154633212444708 0.15269315242767334 3.9694449679662287
9.153375420329496 0.15510953962802887 3.99948925540939
9.153847980854437 0.15405263006687164 3.987480156283528
9.152941289899275 0.1562415510416031 4.0110506044436995
9.153335887548849 0.1551893800497055 4.000374280076176
9.154132324812338 0.1534905582666397 3.9805093781758845
9.154352042434141 0.15309055149555206 3.975243546228558
9.15584883427374 0.15126267075538635 3.945105351667553
9.157091591117307 0.1504177749156952 3.924573518495709
9.159269574639723 0.14969848096370697 3.8944243864823886
9.161889720318243 0.1495446413755417 3.8646543102075164
9.16552083527796 0.14996257424354553 3.8300137893964354
9.163092467544004 0.14962328970432281 3.8524955587197844
9.161288026330396 0.14953425526618958 3.870986856680066
9.161232802627012 0.1495346873998642 3.8715906517316405
9.161954301950857 0.1495453417301178 3.863911606531293
9.161167222616598 0.14953327178955078 3.8723057584573337
9.164088997600004 0.14973372220993042 3.8429043071080753
9.162582639214918 0.14957836270332336 3.857562758188397
9.158556390163824 0.14985115826129913 3.9036453144361083
9.157891381142065 0.15005908906459808 3.912756718855053
9.1583269271826 0.14991723001003265 3.906771220426709
9.158770475146696 0.14980091154575348 3.90091610715881
9.16054965889208 0.1495528221130371 3.8793191985894744
9.157650161144659 0.1501554548740387 3.9163211958219115
9.15798631644003 0.1500295251607895 3.9115573243905613
9.158326852676794 0.1499205380678177 3.9068889992047846
9.159865144250318 0.14961224794387817 3.8873710112382476
9.160265091416761 0.14957351982593536 3.882680721740872
9.159315187094137 0.1496926248073578 3.894105978469998
9.160821992514059 0.14953123033046722 3.8761606888581817
9.158195349929258 0.14994513988494873 3.9085412101556365
9.156789514777586 0.15056459605693817 3.9292531983663146
9.157024580595419 0.1504339724779129 3.925595201711804
9.157261807081625 0.15031439065933228 3.921994395713955
9.159364256617948 0.1496669054031372 3.8933372871686522
9.159650493023321 0.14962470531463623 3.889840521078259
9.159938472864553 0.14959049224853516 3.8864004986096927
9.160227734205648 0.14956353604793549 3.883019007902295
9.160517874715254 0.14954330027103424 3.8796965853978698
9.16080752348654 0.14953018724918365 3.876435972910077
9.163474384305403 0.1496446132659912 3.8488932030011718
9.163827482221052 0.14968612790107727 3.845536358814389
9.160366374609396 0.14955256879329681 3.881497718553693
9.160619947669431 0.149537593126297 3.8786099927236144
9.160874787328169 0.1495271623134613 3.8757595197965204
9.166657182929441 0.15016178786754608 3.8202975170423095
9.166995096561834 0.1502339243888855 3.8174760119725764
9.166702914593145 0.1501726359128952 3.8198933975507323
9.173440102097913 0.15197640657424927 3.768762566309125
9.17345953321211 0.1519830822944641 3.7686250285913054
9.166754457709715 0.15018615126609802 3.8194459156800815
9.167045373079702 0.15024776756763458 3.817040361623913
9.166705268976614 0.15017488598823547 3.8198709564019744
9.166363540646955 0.15010426938533783 3.8227487580586974
9.166020650026724 0.15003637969493866 3.825674690466077
9.160387355444357 0.14955280721187592 3.881233014326245
9.163854319212362 0.1496920883655548 3.845282234411389
9.160194713232443 0.1495743989944458 3.8835271971036494
9.158257234451696 0.1499398648738861 3.907891608934552
9.158009085414335 0.15002025663852692 3.911313720207364
9.157762307283804 0.150110125541687 3.9147930519391605
9.157517823932096 0.15020973980426788 3.918326415281445
9.157275694963857 0.15031951665878296 3.921913094978482
9.155762809870168 0.1513461470603943 3.9469014780332157
9.155563834664747 0.15153343975543976 3.950547196130902
9.155367198941633 0.151733860373497 3.9542467372228205
9.155173007008955 0.15194784104824066 3.9579965548326075
9.15629080271475 0.15091075003147125 3.937578655939251
9.158436838147566 0.149885892868042 3.9053357021619384
9.15935130750887 0.14968961477279663 3.893652804355771
9.16030215060465 0.14957280457019806 3.8822438792993132
9.159899580833837 0.14961053431034088 3.8869489805509154
9.158353227732107 0.14991553127765656 3.906510390501172
9.158011007664129 0.15002359449863434 3.9111922459413115
9.157673094031736 0.15014870464801788 3.915970243673474
9.15925981437914 0.14970524609088898 3.894696839313657
9.158807549235746 0.14979620277881622 3.9004299716760222
9.15706354713194 0.15043634176254272 3.925076313476712
9.15667449271433 0.150657519698143 3.9311765210439265
9.157247218844816 0.15033945441246033 3.922215737562329
9.160926822183058 0.14954392611980438 3.8750622646619384
9.16030015384905 0.14957594871520996 3.8821215109635894
9.158212694880888 0.1499606817960739 3.908348776559979
9.159004095551893 0.14975744485855103 3.8978649751950805
9.159766409156248 0.14963139593601227 3.8883919493962833
9.158804926631376 0.14980153739452362 3.9004182593633234
9.163436490652487 0.14966139197349548 3.8491486387063563
9.163110781071111 0.14962899684906006 3.8523500041772434
9.160810131189749 0.14954954385757446 3.876352526407391
9.158385980484411 0.14990605413913727 3.9059225396920745
9.156483295915052 0.1507844775915146 3.9342959003259246
9.154779959080145 0.15245293080806732 3.9659414069463317
9.153561595437452 0.15463124215602875 3.9942990915586054
9.153166804072782 0.1556234061717987 4.004879273634106
9.153043616173193 0.15594983100891113 4.008169941764027
9.152333680150434 0.15813951194286346 4.028170727353245
9.15285760497801 0.15650807321071625 4.013526000242383
9.152469995973036 0.1577039211988449 4.024393282990605
9.153408635017797 0.1550421416759491 3.998691313128621
9.154633212444708 0.15269315242767334 3.9694449679662287
9.153375420329496 0.15510953962802887 3.99948925540939
9.153847980854437 0.15405263006687164 3.987480156283528
9.152941289899275 0.1562415510416031 4.0110506044436995
9.153335887548849 0.1551893800497055 4.000374280076176
9.154132324812338 0.1534905582666397 3.9805093781758845
9.154352042434141 0.15309055149555206 3.975243546228558
9.15584883427374 0.15126267075538635 3.945105351667553
9.157091591117307 0.1504177749156952 3.924573518495709
9.159269574639723 0.14969848096370697 3.8944243864823886
9.161889720318243 0.1495446413755417 3.8646543102075164
9.16552083527796 0.14996257424354553 3.8300137893964354
9.163092467544004 0.14962328970432281 3.8524955587197844
9.161288026330396 0.14953425526618958 3.870986856680066
9.161232802627012 0.1495346873998642 3.8715906517316405
9.161954301950857 0.1495453417301178 3.863911606531293
9.161167222616598 0.14953327178955078 3.8723057584573337
9.164088997600004 0.14973372220993042 3.8429043071080753
9.162582639214918 0.14957836270332336 3.857562758188397
9.158556390163824 0.14985115826129913 3.9036453144361083
9.157891381142065 0.15005908906459808 3.912756718855053
9.1583269271826 0.14991723001003265 3.906771220426709
9.158770475146696 0.14980091154575348 3.90091610715881
9.16054965889208 0.1495528221130371 3.8793191985894744
9.157650161144659 0.1501554548740387 3.9163211958219115
9.15798631644003 0.1500295251607895 3.9115573243905613
9.158326852676794 0.1499205380678177 3.9068889992047846
9.159865144250318 0.14961224794387817 3.8873710112382476
9.160265091416761 0.14957351982593536 3.882680721740872
9.159315187094137 0.1496926248073578 3.894105978469998
9.160821992514059 0.14953123033046722 3.8761606888581817
9.158195349929258 0.14994513988494873 3.9085412101556365
9.156789514777586 0.15056459605693817 3.9292531983663146
9.157024580595419 0.1504339724779129 3.925595201711804
9.157261807081625 0.15031439065933228 3.921994395713955
9.159364256617948 0.1496669054031372 3.8933372871686522
9.159650493023321 0.14962470531463623 3.889840521078259
9.159938472864553 0.14959049224853516 3.8864004986096927
9.160227734205648 0.14956353604793549 3.883019007902295
9.160517874715254 0.14954330027103424 3.8796965853978698
9.16080752348654 0.14953018724918365 3.876435972910077
9.163474384305403 0.1496446132659912 3.8488932030011718
9.163827482221052 0.14968612790107727 3.845536358814389
9.160366374609396 0.14955256879329681 3.881497718553693
9.160619947669431 0.149537593126297 3.8786099927236144
9.160874787328169 0.1495271623134613 3.8757595197965204
9.166657182929441 0.15016178786754608 3.8202975170423095
9.166995096561834 0.1502339243888855 3.8174760119725764
9.166702914593145 0.1501726359128952 3.8198933975507323
9.173440102097913 0.15197640657424927 3.768762566309125
9.17345953321211 0.1519830822944641 3.7686250285913054
9.166754457709715 0.15018615126609802 3.8194459156800815
9.167045373079702 0.15024776756763458 3.817040361623913
9.166705268976614 0.15017488598823547 3.8198709564019744
9.166363540646955 0.15010426938533783 3.8227487580586974
9.166020650026724 0.15003637969493866 3.825674690466077
9.160387355444357 0.14955280721187592 3.881233014326245
9.163854319212362 0.1496920883655548 3.845282234411389
9.160194713232443 0.1495743989944458 3.8835271971036494
9.158257234451696 0.1499398648738861 3.907891608934552
9.158009085414335 0.15002025663852692 3.911313720207364
9.157762307283804 0.150110125541687 3.9147930519391605
9.157517823932096 0.15020973980426788 3.918326415281445
9.157275694963857 0.15031951665878296 3.921913094978482
9.155762809870168 0.1513461470603943 3.9469014780332157
9.155563834664747 0.15153343975543976 3.950547196130902
9.155367198941633 0.151733860373497 3.9542467372228205
9.155173007008955 0.15194784104824066 3.9579965548326075
9.15629080271475 0.15091075003147125 3.937578655939251
9.158436838147566 0.149885892868042 3.9053357021619384
9.15935130750887 0.14968961477279663 3.893652804355771
9.16030215060465 0.14957280457019806 3.8822438792993132
9.159899580833837 0.14961053431034088 3.8869489805509154
9.158353227732107 0.14991553127765656 3.906510390501172
9.158011007664129 0.15002359449863434 3.9111922459413115
9.157673094031736 0.15014870464801788 3.915970243673474
9.15925981437914 0.14970524609088898 3.894696839313657
9.158807549235746 0.14979620277881622 3.9004299716760222
9.15706354713194 0.15043634176254272 3.925076313476712
9.15667449271433 0.150657519698143 3.9311765210439265
9.157247218844816 0.15033945441246033 3.922215737562329
9.160926822183058 0.14954392611980438 3.8750622646619384
9.16030015384905 0.14957594871520996 3.8821215109635894
9.158212694880888 0.1499606817960739 3.908348776559979
9.159004095551893 0.14975744485855103 3.8978649751950805
9.159766409156248 0.14963139593601227 3.8883919493962833
9.158804926631376 0.14980153739452362 3.9004182593633234
9.163436490652487 0.14966139197349548 3.8491486387063563
9.163110781071111 0.14962899684906006 3.8523500041772434
9.160810131189749 0.14954954385757446 3.876352526407391
9.158385980484411 0.14990605413913727 3.9059225396920745
9.156483295915052 0.1507844775915146 3.9342959003259246
9.154779959080145 0.15245293080806732 3.9659414069463317
9.153561595437452 0.15463124215602875 3.9942990915586054
9.153166804072782 0.1556234061717987 4.004879273634106
9.153043616173193 0.15594983100891113 4.008169941764027
9.152333680150434 0.15813951194286346 4.028170727353245
9.15285760497801 0.15650807321071625 4.013526000242383
9.152469995973036 0.1577039211988449 4.024393282990605
9.153408635017797 0.1550421416759491 3.998691313128621

VECTORS L float
-0.013517853989562782 0.0 0.028989131431055127
-0.021960872705738085 0.0 0.0470952434978848
-0.030411974834300023 0.0 0.06521869049851893
-0.03936028535767136 0.0 0.08440840434275727
-0.048935545266606595 0.0 0.10494261548314661
-0.05916929051818393 0.0 0.12688895299788602
-0.0700351373275695 0.0 0.15019083667781008
-0.08153937093500442 0.0 0.17486174526411294
-0.09363207152386564 0.0 0.20079462536457582
-0.10629821143527464 0.0 0.22795725006073475
-0.11950427816652813 0.0 0.2562777515586189
-0.13325020873666907 0.0 0.28575599479513003
-0.14735214972672614 0.0 0.3159977048409249
-0.16178097774565706 0.0 0.34694042638236444
-0.17651599398508638 0.0 0.37853977068164135
-0.1915191961261287 0.0 0.4107142415029104
-0.20666110078121952 0.0 0.4431861608254486
-0.22209660814654822 0.0 0.4762877131919722
-0.23757621903053064 0.0 0.5094838458594676
-0.2529174205292501 0.0 0.5423831586424032
-0.26825071134130984 0.0 0.5752655069030509
-0.28354223845881604 0.0 0.6080582926317024
-0.2987279672443216 0.0 0.6406241931052004
-0.31391903561779005 0.0 0.6732015443620373
-0.32865250341152014 0.0 0.7047975680087962
-0.3432399420625339 0.0 0.7360804311484039
-0.3575455061497137 0.0 0.766758812335154
-0.371670188839946 0.0 0.7970492921143587
-0.3854770917906997 0.0 0.8266582910430538
-0.3988281136065315 0.0 0.8552896497229792
-0.4120038109885672 0.0 0.8835450239412945
-0.42447772727225114 0.0 0.9102954237375115
-0.4363357382836614 0.0 0.9357250104149594
-0.4476526722292658 0.0 0.9599942535802576
-0.4582849212187789 0.0 0.9827951851188491
-0.4684474818731 0.0 1.004588866772139
-0.47784942069112196 0.0 1.0247513896335945
-0.48650215615224107 0.0 1.0433072407113029
-0.4943357325529516 0.0 1.0601063995149669
-0.5012693665567154 0.0 1.074975625620319
-0.5071917512081139 0.0 1.0876762204911623
-0.5122921867778885 0.0 1.098614139868157
-0.5163058661784385 0.0 1.1072215031193435
-0.5187204003036708 0.0 1.1123994882607107
-0.5196293070529939 0.0 1.114348645074732
-0.5185131608502096 0.0 1.1119550618185603
-0.5152065457546519 0.0 1.1048640028626755
-0.5072925196578774 0.0 1.0878923191290493
-0.4865146020832374 0.0 1.0433339310964567
-0.3723250482823768 0.0 0.7984536427206125
-0.35489447392044843 0.0 0.7610736553730008
-0.4690536854461787 0.0 1.0058888745298438
-0.4897690311990227 0.0 1.050313076857566
-0.4976125208329316 0.0 1.0671334946584288
-0.5009730469089836 0.0 1.074340166085075
-0.5019297379331822 0.0 1.0763917966072583
-0.50108644947189 0.0 1.0745833586660312
-0.4993292966823882 0.0 1.070815132348552
-0.49583606565735344 0.0 1.0633238742404265
-0.49150847517589424 0.0 1.0540433265038058
-0.48621778013273004 0.0 1.0426973943694344
-0.47986175671570497 0.0 1.0290668581647033
-0.4725640744047007 0.0 1.0134169279450747
-0.46441361990933466 0.0 0.9959382218744641
-0.45541889465290386 0.0 0.9766489713139661
-0.44585899924009176 0.0 0.9561477094418429
-0.4355590265674765 0.0 0.9340593467643601
-0.42459702695392376 0.0 0.910551262730473
-0.41309831255874707 0.0 0.8858921901330539
-0.4009794898687276 0.0 0.8599032910058788
-0.38822497494179226 0.0 0.8325511454773235
-0.37509663255069553 0.0 0.8043973243647975
-0.3615879015512518 0.0 0.7754277572491884
-0.34780651771462895 0.0 0.7458734842373522
-0.333882582086237 0.0 0.716013507921536
-0.3197077199112674 0.0 0.6856154178900445
-0.3053805186234588 0.0 0.6548906355768054
-0.29073064886344874 0.0 0.6234738884919002
-0.27595207870713934 0.0 0.5917811425164587
-0.2611869952758604 0.0 0.5601173189161801
-0.24636363972897513 0.0 0.5283285303607108
-0.23152607945629705 0.0 0.49650927967247493
-0.21649739048674943 0.0 0.4642801521710943
-0.20158744295898126 0.0 0.43230566651336116
-0.18692313493694915 0.0 0.40085795647562944
-0.17238376242168643 0.0 0.3696781714967821
-0.15802646502910422 0.0 0.3388888478785757
-0.1440380300080953 0.0 0.30889055216892386
-0.13025076350625092 0.0 0.2793236637408089
-0.11688704221706707 0.0 0.2506650709523933
-0.1040164513408381 0.0 0.22306399974727303
-0.09167134013178811 0.0 0.19658982332500524
-0.0798745451660226 0.0 0.17129151488108876
-0.06866099502695235 0.0 0.14724397900437167
-0.05805637908331389 0.0 0.12450230672389302
-0.04806707875341005 0.0 0.10308018303536583
-0.03869944879544116 0.0 0.08299123576172887
-0.029943693758867965 0.0 0.06421445849151122
-0.021664687309731295 0.0 0.04646007186639437
-0.013372612956291333 0.0 0.028677661030062553
-0.013517853989562782 0.0 0.028989131431055127
-0.021960872705738085 0.0 0.0470952434978848
-0.030411974834300023 0.0 0.06521869049851893
-0.03936028535767136 0.0 0.08440840434275727
-0.048935545266606595 0.0 0.10494261548314661
-0.05916929051818393 0.0 0.12688895299788602
-0.0700351373275695 0.0 0.15019083667781008
-0.08153937093500442 0.0 0.17486174526411294
-0.09363207152386564 0.0 0.20079462536457582
-0.10629821143527464 0.0 0.22795725006073475
-0.11950427816652813 0.0 0.2562777515586189
-0.13325020873666907 0.0 0.28575599479513003
-0.14735214972672614 0.0 0.3159977048409249
-0.16178097774565706 0.0 0.34694042638236444
-0.17651599398508638 0.0 0.37853977068164135
-0.1915191961261287 0.0 0.4107142415029104
-0.20666110078121952 0.0 0.4431861608254486
-0.22209660814654822 0.0 0.4762877131919722
-0.23757621903053064 0.0 0.5094838458594676
-0.2529174205292501 0.0 0.5423831586424032
-0.26825071134130984 0.0 0.5752655069030509
-0.28354223845881604 0.0 0.6080582926317024
-0.2987279672443216 0.0 0.6406241931052004
-0.31391903561779005 0.0 0.6732015443620373
-0.32865250341152014 0.0 0.7047975680087962
-0.3432399420625339 0.0 0.7360804311484039
-0.3575455061497137 0.0 0.766758812335154
-0.371670188839946 0.0 0.7970492921143587
-0.3854770917906997 0.0 0.8266582910430538
-0.3988281136065315 0.0 0.8552896497229792
-0.4120038109885672 0.0 0.8835450239412945
-0.42447772727225114 0.0 0.9102954237375115
-0.4363357382836614 0.0 0.9357250104149594
-0.4476526722292658 0.0 0.9599942535802576
-0.4582849212187789 0.0 0.9827951851188491
-0.4684474818731 0.0 1.004588866772139
-0.47784942069112196 0.0 1.0247513896335945
-0.48650215615224107 0.0 1.0433072407113029
-0.4943357325529516 0.0 1.0601063995149669
-0.5012693665567154 0.0 1.074975625620319
-0.5071917512081139 0.0 1.0876762204911623
-0.5122921867778885 0.0 1.098614139868157
-0.5163058661784385 0.0 1.1072215031193435
-0.5187204003036708 0.0 1.1123994882607107
-0.5196293070529939 0.0 1.114348645074732
-0.5185131608502096 0.0 1.1119550618185603
-0.5152065457546519 0.0 1.1048640028626755
-0.5072925196578774 0.0 1.0878923191290493
-0.4865146020832374 0.0 1.0433339310964567
-0.3723250482823768 0.0 0.7984536427206125
-0.35489447392044843 0.0 0.7610736553730008
-0.4690536854461787 0.0 1.0058888745298438
-0.4897690311990227 0.0 1.050313076857566
-0.4976125208329316 0.0 1.0671334946584288
-0.5009730469089836 0.0 1.074340166085075
-0.5019297379331822 0.0 1.0763917966072583
-0.50108644947189 0.0 1.0745833586660312
-0.4993292966823882 0.0 1.070815132348552
-0.49583606565735344 0.0 1.0633238742404265
-0.49150847517589424 0.0 1.0540433265038058
-0.48621778013273004 0.0 1.0426973943694344
-0.47986175671570497 0.0 1.0290668581647033
-0.4725640744047007 0.0 1.0134169279450747
-0.46441361990933466 0.0 0.9959382218744641
-0.45541889465290386 0.0 0.9766489713139661
-0.44585899924009176 0.0 0.9561477094418429
-0.4355590265674765 0.0 0.9340593467643601
-0.42459702695392376 0.0 0.910551262730473
-0.41309831255874707 0.0 0.8858921901330539
-0.4009794898687276 0.0 0.8599032910058788
-0.38822497494179226 0.0 0.8325511454773235
-0.37509663255069553 0.0 0.8043973243647975
-0.3615879015512518 0.0 0.7754277572491884
-0.34780651771462895 0.0 0.7458734842373522
-0.333882582086237 0.0 0.716013507921536
-0.3197077199112674 0.0 0.6856154178900445
-0.3053805186234588 0.0 0.6548906355768054
-0.29073064886344874 0.0 0.6234738884919002
-0.27595207870713934 0.0 0.5917811425164587
-0.2611869952758604 0.0 0.5601173189161801
-0.24636363972897513 0.0 0.5283285303607108
-0.23152607945629705 0.0 0.49650927967247493
-0.21649739048674943 0.0 0.4642801521710943
-0.20158744295898126 0.0 0.43230566651336116
-0.18692313493694915 0.0 0.40085795647562944
-0.17238376242168643 0.0 0.3696781714967821
-0.15802646502910422 0.0 0.3388888478785757
-0.1440380300080953 0.0 0.30889055216892386
-0.13025076350625092 0.0 0.2793236637408089
-0.11688704221706707 0.0 0.2506650709523933
-0.1040164513408381 0.0 0.22306399974727303
-0.09167134013178811 0.0 0.19658982332500524
-0.0798745451660226 0.0 0.17129151488108876
-0.06866099502695235 0.0 0.14724397900437167
-0.05805637908331389 0.0 0.12450230672389302
-0.04806707875341005 0.0 0.10308018303536583
-0.03869944879544116 0.0 0.08299123576172887
-0.029943693758867965 0.0 0.06421445849151122
-0.021664687309731295 0.0 0.04646007186639437
-0.013372612956291333 0.0 0.028677661030062553

SCALARS Gamma float
LOOKUP_TABLE default
0.43554065807232023
0.6704773735013559
0.8633303082963719
1.0377774228455987
1.2011057043654336
1.3568952105794516
1.5070917870662883
1.6521939893162627
1.7930040661224471
1.9295556792770976
2.0620791817662756
2.190683805383987
2.316246520353806
2.437453170847852
2.553446060407618
2.6640419037437413
2.769433791702755
2.8685894082328875
2.963222654095724
3.0528987876274485
3.135504203260864
3.2111715301044415
3.2804107126572637
3.3433008738575234
3.401856394877675
3.4533610281848466
3.498737259268591
3.5380151270012856
3.5725374138954766
3.6025948801193644
3.6270197325727103
3.6483383305385138
3.664227415848588
3.673668784940153
3.6773931880556905
3.6749314949991247
3.6685116033411824
3.6574612134330406
3.641603642913386
3.620778676645542
3.5947537655820483
3.5626573829033354
3.526832948513738
3.487541073932725
3.4404038980993397
3.3864463920331307
3.3245685985069695
3.261840438088716
3.199370478854882
3.1420687399388676
3.1418664299140406
3.1987186084250694
3.2606275018527526
3.322428911025585
3.381358057537017
3.4364760619180403
3.4889516508025125
3.532171515979607
3.5731989242602715
3.608353721198939
3.6367878421105866
3.659493126989089
3.6768128066822188
3.689031817151985
3.6968386831317246
3.6983793688648063
3.6941804234148843
3.6841169860035965
3.667356407752145
3.644766144686891
3.6179637916672784
3.5866398761387206
3.5512482473651175
3.511382735888374
3.4656689436282617
3.414095306126668
3.3559966320059367
3.2928675175227182
3.224293724897674
3.148865319420498
3.0663996211448525
2.9768464520464524
2.882715588631323
2.783307333904962
2.6773470049563
2.5657637060209106
2.44918892826225
2.3267094873185137
2.2008363452718243
2.0714435726802356
1.9382540045718213
1.8010747961773177
1.659805312870728
1.514069635730213
1.3632315258204577
1.2065715305433022
1.0425934522822
0.8674572625312603
0.6737256526138427
0.4376955263032201
0.43554065807232023
0.6704773735013559
0.8633303082963719
1.0377774228455987
1.2011057043654336
1.3568952105794516
1.5070917870662883
1.6521939893162627
1.7930040661224471
1.9295556792770976
2.0620791817662756
2.190683805383987
2.316246520353806
2.437453170847852
2.553446060407618
2.6640419037437413
2.769433791702755
2.8685894082328875
2.963222654095724
3.0528987876274485
3.135504203260864
3.2111715301044415
3.2804107126572637
3.3433008738575234
3.401856394877675
3.4533610281848466
3.498737259268591
3.5380151270012856
3.5725374138954766
3.6025948801193644
3.6270197325727103
3.6483383305385138
3.664227415848588
3.673668784940153
3.6773931880556905
3.6749314949991247
3.6685116033411824
3.6574612134330406
3.641603642913386
3.620778676645542
3.5947537655820483
3.5626573829033354
3.526832948513738
3.487541073932725
3.4404038980993397
3.3864463920331307
3.3245685985069695
3.261840438088716
3.199370478854882
3.1420687399388676
3.1418664299140406
3.1987186084250694
3.2606275018527526
3.322428911025585
3.381358057537017
3.4364760619180403
3.4889516508025125
3.532171515979607
3.5731989242602715
3.608353721198939
3.6367878421105866
3.659493126989089
3.6768128066822188
3.689031817151985
3.6968386831317246
3.6983793688648063
3.6941804234148843
3.6841169860035965
3.667356407752145
3.644766144686891
3.6179637916672784
3.5866398761387206
3.5512482473651175
3.511382735888374
3.4656689436282617
3.414095306126668
3.3559966320059367
3.2928675175227182
3.224293724897674
3.148865319420498
3.0663996211448525
2.9768464520464524
2.882715588631323
2.783307333904962
2.6773470049563
2.5657637060209106
2.44918892826225
2.3267094873185137
2.2008363452718243
2.0714435726802356
1.9382540045718213
1.8010747961773177
1.659805312870728
1.514069635730213
1.3632315258204577
1.2065715305433022
1.0425934522822
0.8674572625312603
0.6737256526138427
0.4376955263032201

VECTORS Vvpm float
0.09155534207820892 0.15269315242767334 -0.2567376494407654
0.09029754996299744 0.15510953962802887 -0.22669336199760437
0.09077011048793793 0.15405263006687164 -0.23870246112346646
0.08986341953277588 0.1562415510416031 -0.21513201296329498
0.09025801718235016 0.1551893800497055 -0.22580833733081815
0.09105445444583893 0.1534905582666397 -0.24567323923110962
0.09127417206764221 0.15309055149555206 -0.2509390711784363
0.09277096390724182 0.15126267075538635 -0.2810772657394409
0.09401372075080872 0.1504177749156952 -0.3016090989112854
0.09619170427322388 0.14969848096370697 -0.3317582309246063
0.09881184995174408 0.1495446413755417 -0.36152830719947815
0.10244296491146088 0.14996257424354553 -0.3961688280105591
0.1000145971775055 0.14962328970432281 -0.3736870586872101
0.0982101559638977 0.14953425526618958 -0.3551957607269287
0.0981549322605133 0.1495346873998642 -0.354591965675354
0.09887643158435822 0.1495453417301178 -0.3622710108757019
0.09808935225009918 0.14953327178955078 -0.35387685894966125
0.10101112723350525 0.14973372220993042 -0.3832783102989197
0.09950476884841919 0.14957836270332336 -0.3686198592185974
0.09547851979732513 0.14985115826129913 -0.32253730297088623
0.0948135107755661 0.15005908906459808 -0.3134258985519409
0.09524905681610107 0.14991723001003265 -0.31941139698028564
0.09569260478019714 0.14980091154575348 -0.3252665102481842
0.09747178852558136 0.1495528221130371 -0.34686341881752014
0.0945722907781601 0.1501554548740387 -0.309861421585083
0.0949084460735321 0.1500295251607895 -0.3146252930164337
0.0952489823102951 0.1499205380678177 -0.3192936182022095
0.09678727388381958 0.14961224794387817 -0.33881160616874695
0.09718722105026245 0.14957351982593536 -0.34350189566612244
0.09623731672763824 0.1496926248073578 -0.33207663893699646
0.09774412214756012 0.14953123033046722 -0.35002192854881287
0.0951174795627594 0.14994513988494873 -0.31764140725135803
0.09371164441108704 0.15056459605693817 -0.29692941904067993
0.09394671022891998 0.1504339724779129 -0.30058741569519043
0.09418393671512604 0.15031439065933228 -0.30418822169303894
0.09628638625144958 0.1496669054031372 -0.3328453302383423
0.0965726226568222 0.14962470531463623 -0.33634209632873535
0.0968606024980545 0.14959049224853516 -0.33978211879730225
0.09714986383914948 0.14956353604793549 -0.3431636095046997
0.09744000434875488 0.14954330027103424 -0.34648603200912476
0.0977296531200409 0.14953018724918365 -0.3497466444969177
0.10039651393890381 0.1496446132659912 -0.37728941440582275
0.10074961185455322 0.14968612790107727 -0.3806462585926056
0.09728850424289703 0.14955256879329681 -0.344684898853302
0.09754207730293274 0.149537593126297 -0.3475726246833801
0.09779691696166992 0.1495271623134613 -0.35042309761047363
0.10357931256294249 0.15016178786754608 -0.40588510036468506
0.10391722619533537 0.1502339243888855 -0.4087066054344177
0.10362504422664644 0.1501726359128952 -0.40628921985626226
0.11036223173141481 0.15197640657424927 -0.4574200510978699
0.11038166284561157 0.1519830822944641 -0.45755758881568914
0.10367658734321594 0.15018615126609802 -0.40673670172691345
0.10396750271320342 0.15024776756763458 -0.40914225578308105
0.10362739861011505 0.15017488598823547 -0.4063116610050202
0.10328567028045653 0.15010426938533783 -0.4034338593482971
0.10294277966022491 0.15003637969493866 -0.40050792694091797
0.09730948507785797 0.14955280721187592 -0.3449496030807495
0.10077644884586334 0.1496920883655548 -0.38090038299560547
0.09711684286594391 0.1495743989944458 -0.3426554203033447
0.09517936408519745 0.1499398648738861 -0.3182910084724426
0.0949312150478363 0.15002025663852692 -0.31486889719963074
0.09468443691730499 0.150110125541687 -0.3113895654678345
0.09443995356559753 0.15020973980426788 -0.3078562021255493
0.0941978245973587 0.15031951665878296 -0.3042695224285126
0.09268493950366974 0.1513461470603943 -0.2792811393737793
0.09248596429824829 0.15153343975543976 -0.27563542127609253
0.09228932857513428 0.151733860373497 -0.2719358801841736
0.09209513664245605 0.15194784104824066 -0.2681860625743866
0.09321293234825134 0.15091075003147125 -0.2886039614677429
0.0953589677810669 0.149885892868042 -0.32084691524505615
0.09627343714237213 0.14968961477279663 -0.33252981305122375
0.09722428023815155 0.14957280457019806 -0.3439387381076813
0.09682171046733856 0.14961053431034088 -0.3392336368560791
0.09527535736560822 0.14991553127765656 -0.31967222690582275
0.09493313729763031 0.15002359449863434 -0.314990371465683
0.09459522366523743 0.15014870464801788 -0.3102123737335205
0.0961819440126419 0.14970524609088898 -0.331485778093338
0.09572967886924744 0.14979620277881622 -0.3257526457309723
0.0939856767654419 0.15043634176254272 -0.3011063039302826
0.09359662234783173 0.150657519698143 -0.2950060963630676
0.09416934847831726 0.15033945441246033 -0.3039668798446655
0.09784895181655884 0.14954392611980438 -0.35112035274505615
0.09722228348255157 0.14957594871520996 -0.34406110644340515
0.09513482451438904 0.1499606817960739 -0.3178338408470154
0.09592622518539429 0.14975744485855103 -0.32831764221191406
0.09668853878974915 0.14963139593601227 -0.33779066801071167
0.09572705626487732 0.14980153739452362 -0.32576435804367065
0.10035862028598785 0.14966139197349548 -0.3770339787006378
0.10003291070461273 0.14962899684906006 -0.3738326132297516
0.09773226082324982 0.14954954385757446 -0.34983009099960327
0.09530811011791229 0.14990605413913727 -0.32026007771492004
0.09340542554855347 0.1507844775915146 -0.29188671708106995
0.09170208871364594 0.15245293080806732 -0.26024121046066284
0.09048372507095337 0.15463124215602875 -0.23188352584838867
0.09008893370628357 0.1556234061717987 -0.2213033437728882
0.08996574580669403 0.15594983100891113 -0.21801267564296725
0.08925580978393555 0.15813951194286346 -0.19801189005374908
0.08977973461151123 0.15650807321071625 -0.2126566171646118
0.08939212560653687 0.1577039211988449 -0.20178933441638947
0.09033076465129852 0.1550421416759491 -0.22749130427837372
0.09155534207820892 0.15269315242767334 -0.2567376494407654
0.09029754996299744 0.15510953962802887 -0.22669336199760437
0.09077011048793793 0.15405263006687164 -0.23870246112346646
0.08986341953277588 0.1562415510416031 -0.21513201296329498
0.09025801718235016 0.1551893800497055 -0.22580833733081815
0.09105445444583893 0.1534905582666397 -0.24567323923110962
0.09127417206764221 0.15309055149555206 -0.2509390711784363
0.09277096390724182 0.15126267075538635 -0.2810772657394409
0.09401372075080872 0.1504177749156952 -0.3016090989112854
0.09619170427322388 0.14969848096370697 -0.3317582309246063
0.09881184995174408 0.1495446413755417 -0.36152830719947815
0.10244296491146088 0.14996257424354553 -0.3961688280105591
0.1000145971775055 0.14962328970432281 -0.3736870586872101
0.0982101559638977 0.14953425526618958 -0.3551957607269287
0.0981549322605133 0.1495346873998642 -0.354591965675354
0.09887643158435822 0.1495453417301178 -0.3622710108757019
0.09808935225009918 0.14953327178955078 -0.35387685894966125
0.10101112723350525 0.14973372220993042 -0.3832783102989197
0.09950476884841919 0.14957836270332336 -0.3686198592185974
0.09547851979732513 0.14985115826129913 -0.32253730297088623
0.0948135107755661 0.15005908906459808 -0.3134258985519409
0.09524905681610107 0.14991723001003265 -0.31941139698028564
0.09569260478019714 0.14980091154575348 -0.3252665102481842
0.09747178852558136 0.1495528221130371 -0.34686341881752014
0.0945722907781601 0.1501554548740387 -0.309861421585083
0.0949084460735321 0.1500295251607895 -0.3146252930164337
0.0952489823102951 0.1499205380678177 -0.3192936182022095
0.09678727388381958 0.14961224794387817 -0.33881160616874695
0.09718722105026245 0.14957351982593536 -0.34350189566612244
0.09623731672763824 0.1496926248073578 -0.33207663893699646
0.09774412214756012 0.14953123033046722 -0.35002192854881287
0.0951174795627594 0.14994513988494873 -0.31764140725135803
0.09371164441108704 0.15056459605693817 -0.29692941904067993
0.09394671022891998 0.1504339724779129 -0.30058741569519043
0.09418393671512604 0.15031439065933228 -0.30418822169303894
0.09628638625144958 0.1496669054031372 -0.3328453302383423
0.0965726226568222 0.14962470531463623 -0.33634209632873535
0.0968606024980545 0.14959049224853516 -0.33978211879730225
0.09714986383914948 0.14956353604793549 -0.3431636095046997
0.09744000434875488 0.14954330027103424 -0.34648603200912476
0.0977296531200409 0.14953018724918365 -0.3497466444969177
0.10039651393890381 0.1496446132659912 -0.37728941440582275
0.10074961185455322 0.14968612790107727 -0.3806462585926056
0.09728850424289703 0.14955256879329681 -0.344684898853302
0.09754207730293274 0.149537593126297 -0.3475726246833801
0.09779691696166992 0.1495271623134613 -0.35042309761047363
0.10357931256294249 0.15016178786754608 -0.40588510036468506
0.10391722619533537 0.1502339243888855 -0.4087066054344177
0.10362504422664644 0.1501726359128952 -0.40628921985626226
0.11036223173141481 0.15197640657424927 -0.4574200510978699
0.11038166284561157 0.1519830822944641 -0.45755758881568914
0.10367658734321594 0.15018615126609802 -0.40673670172691345
0.10396750271320342 0.15024776756763458 -0.40914225578308105
0.10362739861011505 0.15017488598823547 -0.4063116610050202
0.10328567028045653 0.15010426938533783 -0.4034338593482971
0.10294277966022491 0.15003637969493866 -0.40050792694091797
0.09730948507785797 0.14955280721187592 -0.3449496030807495
0.10077644884586334 0.1496920883655548 -0.38090038299560547
0.09711684286594391 0.1495743989944458 -0.3426554203033447
0.09517936408519745 0.1499398648738861 -0.3182910084724426
0.0949312150478363 0.15002025663852692 -0.31486889719963074
0.09468443691730499 0.150110125541687 -0.3113895654678345
0.09443995356559753 0.15020973980426788 -0.3078562021255493
0.0941978245973587 0.15031951665878296 -0.3042695224285126
0.09268493950366974 0.1513461470603943 -0.2792811393737793
0.09248596429824829 0.15153343975543976 -0.27563542127609253
0.09228932857513428 0.151733860373497 -0.2719358801841736
0.09209513664245605 0.15194784104824066 -0.2681860625743866
0.09321293234825134 0.15091075003147125 -0.2886039614677429
0.0953589677810669 0.149885892868042 -0.32084691524505615
0.09627343714237213 0.14968961477279663 -0.33252981305122375
0.09722428023815155 0.14957280457019806 -0.3439387381076813
0.09682171046733856 0.14961053431034088 -0.3392336368560791
0.09527535736560822 0.14991553127765656 -0.31967222690582275
0.09493313729763031 0.15002359449863434 -0.314990371465683
0.09459522366523743 0.15014870464801788 -0.3102123737335205
0.0961819440126419 0.14970524609088898 -0.331485778093338
0.09572967886924744 0.14979620277881622 -0.3257526457309723
0.0939856767654419 0.15043634176254272 -0.3011063039302826
0.09359662234783173 0.150657519698143 -0.2950060963630676
0.09416934847831726 0.15033945441246033 -0.3039668798446655
0.09784895181655884 0.14954392611980438 -0.35112035274505615
0.09722228348255157 0.14957594871520996 -0.34406110644340515
0.09513482451438904 0.1499606817960739 -0.3178338408470154
0.09592622518539429 0.14975744485855103 -0.32831764221191406
0.09668853878974915 0.14963139593601227 -0.33779066801071167
0.09572705626487732 0.14980153739452362 -0.32576435804367065
0.10035862028598785 0.14966139197349548 -0.3770339787006378
0.10003291070461273 0.14962899684906006 -0.3738326132297516
0.09773226082324982 0.14954954385757446 -0.34983009099960327
0.09530811011791229 0.14990605413913727 -0.32026007771492004
0.09340542554855347 0.1507844775915146 -0.29188671708106995
0.09170208871364594 0.15245293080806732 -0.26024121046066284
0.09048372507095337 0.15463124215602875 -0.23188352584838867
0.09008893370628357 0.1556234061717987 -0.2213033437728882
0.08996574580669403 0.15594983100891113 -0.21801267564296725
0.08925580978393555 0.15813951194286346 -0.19801189005374908
0.08977973461151123 0.15650807321071625 -0.2126566171646118
0.08939212560653687 0.1577039211988449 -0.20178933441638947
0.09033076465129852 0.1550421416759491 -0.22749130427837372

VECTORS Vvpm_BBp float
0.09950906038284302 0.1495620161294937 -0.3685920536518097
0.1045934706926346 0.1503911167383194 -0.4142603576183319
0.10798360407352448 0.15127350389957428 -0.440411627292633
0.1123209148645401 0.15261003375053406 -0.47063779830932617
0.11347627639770508 0.152993306517601 -0.47823193669319153
0.1206890344619751 0.1555519849061966 -0.5223361253738403
0.12150664627552032 0.15585599839687347 -0.5270439982414246
0.12814022600650787 0.1583888828754425 -0.5635681748390198
0.1317356377840042 0.1597978174686432 -0.5823125839233398
0.13323457539081573 0.16039124131202698 -0.5899519920349121
0.13108083605766296 0.1595369279384613 -0.5789408683776855
0.13360287249088287 0.16053715348243713 -0.5918211340904236
0.13151861727237701 0.1597093641757965 -0.5812046527862549
0.13022640347480774 0.15919779241085052 -0.5745161771774292
0.1272152215242386 0.15802079439163208 -0.558616578578949
0.1280156373977661 0.1583293378353119 -0.5628761649131775
0.13039149343967438 0.15925823152065277 -0.5753601789474487
0.12985177338123322 0.15904510021209717 -0.5725475549697876
0.1305357962846756 0.15931212902069092 -0.5760968923568726
0.12573470175266266 0.15743961930274963 -0.5505862832069397
0.1249733567237854 0.15714533627033234 -0.5464078783988953
0.12559333443641663 0.15738138556480408 -0.5497902631759644
0.12453953921794891 0.1569778472185135 -0.544012188911438
0.12223713099956511 0.15610463917255402 -0.5311233997344971
0.12277984619140624 0.15630781650543213 -0.5341875553131104
0.12942516803741455 0.15886510908603668 -0.5702767372131348
0.12844732403755188 0.15848039090633392 -0.5651124119758606
0.12769922614097595 0.15818770229816437 -0.5611339211463928
0.12818261981010437 0.15837478637695312 -0.5636998414993286
0.1224980503320694 0.15619319677352905 -0.5325764417648315
0.12299893796443939 0.1563802808523178 -0.5353891849517822
0.12349209189414978 0.1565653681755066 -0.5381422638893127
0.11681546270847319 0.15410664677619934 -0.4991489052772522
0.11724452674388885 0.15425853431224823 -0.5017635822296143
0.11767007410526274 0.154410257935524 -0.5043405890464783
0.11809130012989046 0.15456153452396393 -0.5068782567977905
0.11850903928279877 0.15471197664737701 -0.509377658367157
0.11892303824424742 0.1548616886138916 -0.5118380188941956
0.1167708784341812 0.1540864259004593 -0.49883949756622314
0.11721456050872804 0.15424425899982452 -0.5015518069267273
0.11549702286720276 0.15363754332065582 -0.4909387528896332
0.12488313019275665 0.15708114206790924 -0.545837938785553
0.1252518892288208 0.15722227096557617 -0.547860860824585
0.12561608850955963 0.15736190974712372 -0.5498493313789368
0.12597550451755524 0.15749980509281158 -0.551803708076477
0.12633024156093597 0.15763625502586365 -0.5537246465682983
0.1266801357269287 0.15777108073234558 -0.5556125640869141
0.12177044153213501 0.1558961421251297 -0.5283800959587097
0.12611515820026398 0.15755553543567657 -0.5525708198547363
0.1392618715763092 0.16275560855865479 -0.6196397542953491
0.1261151283979416 0.1575564742088318 -0.5525700449943542
0.12177172303199767 0.15589816868305206 -0.5283787250518799
0.1266794204711914 0.15777228772640228 -0.5556111335754395
0.12632909417152405 0.15763726830482483 -0.5537227988243103
0.1259744018316269 0.15750108659267426 -0.5518019199371338
0.12561491131782532 0.15736286342144012 -0.5498473644256592
0.12525169551372528 0.15722312033176422 -0.5478600859642029
0.12488383054733276 0.157081738114357 -0.5458377599716187
0.11549727618694307 0.15363909304141998 -0.4909376800060272
0.11721467971801758 0.1542450487613678 -0.5015512704849243
0.11677117645740508 0.15408724546432495 -0.498839408159256
0.11892390251159668 0.15486283600330353 -0.511837899684906
0.1185101568698883 0.154712975025177 -0.5093777179718018
0.11809246242046356 0.15456239879131317 -0.5068783760070801
0.11767129600048065 0.15441113710403442 -0.5043407082557678
0.11724571883678436 0.15425939857959747 -0.5017638206481934
0.11681665480136871 0.15410755574703217 -0.49914878606796265
0.12349413335323334 0.15656693279743195 -0.5381418466567993
0.12300059199333191 0.15638196468353271 -0.5353886485099792
0.12249945104122162 0.15619470179080963 -0.5325755476951599
0.12818287312984467 0.1583755761384964 -0.5636990666389465
0.12769916653633118 0.15818840265274048 -0.5611331462860107
0.12844672799110413 0.15848104655742645 -0.5651118755340576
0.12942488491535187 0.15886594355106354 -0.5702759027481079
0.12277914583683013 0.15630905330181122 -0.5341861844062805
0.1222364455461502 0.15610580146312714 -0.5311219096183777
0.12453983724117279 0.15697918832302094 -0.544011116027832
0.1255938708782196 0.1573830097913742 -0.5497892498970032
0.12497416138648985 0.15714675188064575 -0.5464070439338684
0.12573611736297607 0.15744085609912872 -0.5505855083465576
0.13053685426712036 0.1593128740787506 -0.5760968327522278
0.1298527866601944 0.15904587507247925 -0.572547197341919
0.13039276003837585 0.15925909578800201 -0.5753601789474487
0.1280171424150467 0.15833093225955963 -0.5628753900527954
0.1272166520357132 0.15802210569381714 -0.5586159825325012
0.13022762537002563 0.15919901430606842 -0.5745154619216919
0.13152001798152924 0.15971051156520844 -0.5812044143676758
0.13360486924648285 0.16053831577301025 -0.5918208360671997
0.1310826689004898 0.15953859686851501 -0.5789399743080139
0.1332363784313202 0.16039250791072845 -0.5899515151977539
0.13173723220825195 0.15979903936386108 -0.5823124051094055
0.12814128398895264 0.1583893895149231 -0.5635680556297302
0.1215067207813263 0.15585657954216003 -0.5270437002182007
0.12068812549114229 0.15555191040039062 -0.5223362445831299
0.1134745329618454 0.152993306517601 -0.47823143005371094
0.11231842637062073 0.15260925889015198 -0.47063782811164856
0.10798102617263795 0.15127232670783997 -0.44041174650192255
0.10458984971046448 0.15038935840129852 -0.41426026821136475
0.09950506687164307 0.14955992996692657 -0.36859130859375
0.09955811500549316 0.1495780348777771 -0.3691248297691345
0.09950906038284302 0.1495620161294937 -0.3685920536518097
0.1045934706926346 0.1503911167383194 -0.4142603576183319
0.10798360407352448 0.15127350389957428 -0.440411627292633
0.1123209148645401 0.15261003375053406 -0.47063779830932617
0.11347627639770508 0.152993306517601 -0.47823193669319153
0.1206890344619751 0.1555519849061966 -0.5223361253738403
0.12150664627552032 0.15585599839687347 -0.5270439982414246
0.12814022600650787 0.1583888828754425 -0.5635681748390198
0.1317356377840042 0.1597978174686432 -0.5823125839233398
0.13323457539081573 0.16039124131202698 -0.5899519920349121
0.13108083605766296 0.1595369279384613 -0.5789408683776855
0.13360287249088287 0.16053715348243713 -0.5918211340904236
0.13151861727237701 0.1597093641757965 -0.5812046527862549
0.13022640347480774 0.15919779241085052 -0.5745161771774292
0.1272152215242386 0.15802079439163208 -0.558616578578949
0.1280156373977661 0.1583293378353119 -0.5628761649131775
0.13039149343967438 0.15925823152065277 -0.5753601789474487
0.12985177338123322 0.15904510021209717 -0.5725475549697876
0.1305357962846756 0.15931212902069092 -0.5760968923568726
0.12573470175266266 0.15743961930274963 -0.5505862832069397
0.1249733567237854 0.15714533627033234 -0.5464078783988953
0.12559333443641663 0.15738138556480408 -0.5497902631759644
0.12453953921794891 0.1569778472185135 -0.544012188911438
0.12223713099956511 0.15610463917255402 -0.5311233997344971
0.12277984619140624 0.15630781650543213 -0.5341875553131104
0.12942516803741455 0.15886510908603668 -0.5702767372131348
0.12844732403755188 0.15848039090633392 -0.5651124119758606
0.12769922614097595 0.15818770229816437 -0.5611339211463928
0.12818261981010437 0.15837478637695312 -0.5636998414993286
0.1224980503320694 0.15619319677352905 -0.5325764417648315
0.12299893796443939 0.1563802808523178 -0.5353891849517822
0.12349209189414978 0.1565653681755066 -0.5381422638893127
0.11681546270847319 0.15410664677619934 -0.4991489052772522
0.11724452674388885 0.15425853431224823 -0.5017635822296143
0.11767007410526274 0.154410257935524 -0.5043405890464783
0.11809130012989046 0.15456153452396393 -0.5068782567977905
0.11850903928279877 0.15471197664737701 -0.509377658367157
0.11892303824424742 0.1548616886138916 -0.5118380188941956
0.1167708784341812 0.1540864259004593 -0.49883949756622314
0.11721456050872804 0.15424425899982452 -0.5015518069267273
0.11549702286720276 0.15363754332065582 -0.4909387528896332
0.12488313019275665 0.15708114206790924 -0.545837938785553
0.1252518892288208 0.15722227096557617 -0.547860860824585
0.12561608850955963 0.15736190974712372 -0.5498493313789368
0.12597550451755524 0.15749980509281158 -0.551803708076477
0.12633024156093597 0.15763625502586365 -0.5537246465682983
0.1266801357269287 0.15777108073234558 -0.5556125640869141
0.12177044153213501 0.1558961421251297 -0.5283800959587097
0.12611515820026398 0.15755553543567657 -0.5525708198547363
0.1392618715763092 0.16275560855865479 -0.6196397542953491
0.1261151283979416 0.1575564742088318 -0.5525700449943542
0.12177172303199767 0.15589816868305206 -0.5283787250518799
0.1266794204711914 0.15777228772640228 -0.5556111335754395
0.12632909417152405 0.15763726830482483 -0.5537227988243103
0.1259744018316269 0.15750108659267426 -0.5518019199371338
0.12561491131782532 0.15736286342144012 -0.5498473644256592
0.12525169551372528 0.15722312033176422 -0.5478600859642029
0.12488383054733276 0.157081738114357 -0.5458377599716187
0.11549727618694307 0.15363909304141998 -0.4909376800060272
0.11721467971801758 0.1542450487613678 -0.5015512704849243
0.11677117645740508 0.15408724546432495 -0.498839408159256
0.11892390251159668 0.15486283600330353 -0.511837899684906
0.1185101568698883 0.154712975025177 -0.5093777179718018
0.11809246242046356 0.15456239879131317 -0.5068783760070801
0.11767129600048065 0.15441113710403442 -0.5043407082557678
0.11724571883678436 0.15425939857959747 -0.5017638206481934
0.11681665480136871 0.15410755574703217 -0.49914878606796265
0.12349413335323334 0.15656693279743195 -0.5381418466567993
0.12300059199333191 0.15638196468353271 -0.5353886485099792
0.12249945104122162 0.15619470179080963 -0.5325755476951599
0.12818287312984467 0.1583755761384964 -0.5636990666389465
0.12769916653633118 0.15818840265274048 -0.5611331462860107
0.12844672799110413 0.15848104655742645 -0.5651118755340576
0.12942488491535187 0.15886594355106354 -0.5702759027481079
0.12277914583683013 0.15630905330181122 -0.5341861844062805
0.1222364455461502 0.15610580146312714 -0.5311219096183777
0.12453983724117279 0.15697918832302094 -0.544011116027832
0.1255938708782196 0.1573830097913742 -0.5497892498970032
0.12497416138648985 0.15714675188064575 -0.5464070439338684
0.12573611736297607 0.15744085609912872 -0.5505855083465576
0.13053685426712036 0.1593128740787506 -0.5760968327522278
0.1298527866601944 0.15904587507247925 -0.572547197341919
0.13039276003837585 0.15925909578800201 -0.5753601789474487
0.1280171424150467 0.15833093225955963 -0.5628753900527954
0.1272166520357132 0.15802210569381714 -0.5586159825325012
0.13022762537002563 0.15919901430606842 -0.5745154619216919
0.13152001798152924 0.15971051156520844 -0.5812044143676758
0.13360486924648285 0.16053831577301025 -0.5918208360671997
0.1310826689004898 0.15953859686851501 -0.5789399743080139
0.1332363784313202 0.16039250791072845 -0.5899515151977539
0.13173723220825195 0.15979903936386108 -0.5823124051094055
0.12814128398895264 0.1583893895149231 -0.5635680556297302
0.1215067207813263 0.15585657954216003 -0.5270437002182007
0.12068812549114229 0.15555191040039062 -0.5223362445831299
0.1134745329618454 0.152993306517601 -0.47823143005371094
0.11231842637062073 0.15260925889015198 -0.47063782811164856
0.10798102617263795 0.15127232670783997 -0.44041174650192255
0.10458984971046448 0.15038935840129852 -0.41426026821136475
0.09950506687164307 0.14955992996692657 -0.36859130859375
0.09955811500549316 0.1495780348777771 -0.3691248297691345

VECTORS ftot float
-5.727234841923743 -9.208046778902103 5.128035021513725
-7.5536418566967 -11.034444961145331 7.181319182040106
-8.502473332411537 -11.983261948893196 8.86679933415787
-9.112029849646902 -12.592867917635825 10.391444824912648
-9.555687150531227 -13.03654640810636 11.818900454934804
-9.894173894753257 -13.375057170793736 13.18046859281287
-10.140108829175853 -13.621003405992498 14.493150938498417
-10.335132627992445 -13.816028731922195 15.761305566909853
-10.471808509787818 -13.95278644791633 16.99197099751558
-10.571427112510875 -14.05238879894362 18.185388551706172
-10.637708397500443 -14.118644884346772 19.343599780302565
-10.68841594438125 -14.1693576159153 20.46756812956123
-10.651446651735952 -14.132378553921933 21.56494952268664
-10.564324221897458 -14.045248592075414 22.624261056735392
-10.456288064788344 -13.937204081489723 23.638006432063406
-10.335664538603432 -13.81657054714844 24.604581864515396
-10.174067881188746 -13.654993796963 25.525678287578938
-10.055854433766102 -13.536770341564269 26.392269919606477
-9.886618875450413 -13.367525246056896 27.219337630764144
-9.640879362873958 -13.121783384305038 28.00308234099206
-9.412769119922242 -12.89366113665375 28.725032554572458
-9.204219769188711 -12.68510566339752 29.386344280655766
-9.002031396156937 -12.482912108705845 29.99147544746957
-8.8430851554253 -12.323983182551462 30.541113021296745
-8.591418788609072 -12.072319531322227 31.052872550425953
-8.384033490217854 -11.864929756919459 31.50300759131791
-8.182918151568883 -11.663809706565969 31.899582730755558
-8.018516893307398 -11.499402091755133 32.242861056117235
-7.8450516955022875 -11.325931007413999 32.54457724204793
-7.638618991966659 -11.119483945385337 32.807272259629684
-7.484303899943831 -10.965317947783715 33.02073637997802
-7.241839919506858 -10.722847258125206 33.20705582635391
-6.98195077174551 -10.462975438055363 33.34592324306667
-6.746134955791784 -10.227157502484417 33.428438165992084
-6.503530579731235 -9.984550299131532 33.46098829599322
-6.307190353816162 -9.788207600120115 33.43947280109505
-6.073151287011561 -9.554253337072728 33.38334695652313
-5.82366169050165 -9.304757500528527 33.286769994974
-5.558281724483578 -9.039371175849814 33.148180090674096
-5.274925590105856 -8.75600939078531 32.966176749600955
-4.968791454424669 -8.449871953734627 32.73872515673648
-4.691435212505882 -8.172512173556964 32.45820834471668
-4.366703068737225 -7.847774376765178 32.14511309364898
-3.9257325226705047 -7.406798885110536 31.801714243038568
-3.4743141211066386 -6.955374594949175 31.389749004727342
-2.933242923769198 -6.414297862551878 30.918175942645195
-2.3141541352890966 -5.795202364497693 30.37738379157815
-1.1870740363625853 -4.668117083808176 29.829158034345244
1.4799763335090095 -2.001089788450087 29.283188881926183
15.65981943030078 12.178591356170005 28.78238272654506
15.654036198073815 -12.172808480187012 27.77408536997831
1.4707054990847812 2.0103592012982068 28.252666165252652
-1.1993829770436424 4.680424721122833 28.773903715466954
-2.3333093846020168 5.814356663622751 29.294229375621526
-3.009683252402856 6.4907375953724475 29.790370747156633
-3.4977820954648102 6.978841738040358 30.25442707278055
-3.8445535189250784 7.325618696319258 30.69623484549334
-4.283254019773712 7.764324378207698 31.060114918505167
-4.562244778080445 8.043320554203522 31.40553814119327
-4.868466711403473 8.349545672485922 31.70152208375558
-5.19241434064627 8.673496720344861 31.940920467539264
-5.4931783735907835 8.974267111650976 32.132082244434464
-5.775230509636401 9.256324899399202 32.27790058062402
-6.0394783972845625 9.52057914510645 32.38077495069455
-6.266844325440591 9.74785955843685 32.44646044402289
-6.529414356663504 10.010432416413463 32.45943131352905
-6.781049996505321 10.262070883008807 32.42407943961573
-7.028868930284253 10.509892408566241 32.339352913624985
-7.302087662730937 10.783093934638103 32.19821711141656
-7.5610107493507375 11.042023613947283 32.00802023035733
-7.76304294198716 11.243907655904035 31.78234999440556
-7.954564405173046 11.435443004945787 31.51861084343851
-8.11747429228484 11.598358542840755 31.220634879328546
-8.272472858753755 11.753363466215548 30.884991874606715
-8.464413237035021 11.945308556260201 30.500113936530063
-8.66172689452207 12.14262633592195 30.06589953789352
-8.889197638594311 12.370095309321943 29.57673918808436
-9.068436405129958 12.549316405718221 29.045223197327335
-9.240520806086499 12.721405988870142 28.467879193245317
-9.45614785211081 12.937038803639373 27.832822451366013
-9.689004104613774 13.169907413246817 27.138511416945388
-9.938587478684687 13.419492902707614 26.384529953363923
-10.09160794363542 13.57252302257595 25.59201320085559
-10.232973224362805 13.713898429422649 24.75506492064632
-10.41184114065498 13.892746202318506 23.86294115841752
-10.557101192688682 14.038016969047424 22.923488453943378
-10.656281295803598 14.137205072934453 21.942006147970233
-10.774551389091961 14.255482817567579 20.910814057376225
-10.7819237185396 14.262865624751052 19.851051150231253
-10.74423008325936 14.225166332325493 18.76165056138642
-10.676328909227795 14.157289884405275 17.64029515330895
-10.575901113385058 14.056878104266174 16.48535044477928
-10.43197286580164 13.912867903395766 15.295943751577617
-10.241018949543488 13.721912104222534 14.06895422265744
-9.994484520990511 13.475366846697243 12.799003043883447
-9.66299826030944 13.143856094742796 11.480029296524869
-9.211099904284232 12.691936549374594 10.099442892036226
-8.597520488890321 12.078307917880919 8.624898697127396
-7.646157456137089 11.126958783740854 6.993818889600772
-5.8079347900442695 9.288744594853759 5.006611902828221
-5.727234841923743 -9.208046778902103 5.128035021513725
-7.5536418566967 -11.034444961145331 7.181319182040106
-8.502473332411537 -11.983261948893196 8.86679933415787
-9.112029849646902 -12.592867917635825 10.391444824912648
-9.555687150531227 -13.03654640810636 11.818900454934804
-9.894173894753257 -13.375057170793736 13.18046859281287
-10.140108829175853 -13.621003405992498 14.493150938498417
-10.335132627992445 -13.816028731922195 15.761305566909853
-10.471808509787818 -13.95278644791633 16.99197099751558
-10.571427112510875 -14.05238879894362 18.185388551706172
-10.637708397500443 -14.118644884346772 19.343599780302565
-10.68841594438125 -14.1693576159153 20.46756812956123
-10.651446651735952 -14.132378553921933 21.56494952268664
-10.564324221897458 -14.045248592075414 22.624261056735392
-10.456288064788344 -13.937204081489723 23.638006432063406
-10.335664538603432 -13.81657054714844 24.604581864515396
-10.174067881188746 -13.654993796963 25.525678287578938
-10.055854433766102 -13.536770341564269 26.392269919606477
-9.886618875450413 -13.367525246056896 27.219337630764144
-9.640879362873958 -13.121783384305038 28.00308234099206
-9.412769119922242 -12.89366113665375 28.725032554572458
-9.204219769188711 -12.68510566339752 29.386344280655766
-9.002031396156937 -12.482912108705845 29.99147544746957
-8.8430851554253 -12.323983182551462 30.541113021296745
-8.591418788609072 -12.072319531322227 31.052872550425953
-8.384033490217854 -11.864929756919459 31.50300759131791
-8.182918151568883 -11.663809706565969 31.899582730755558
-8.018516893307398 -11.499402091755133 32.242861056117235
-7.8450516955022875 -11.325931007413999 32.54457724204793
-7.638618991966659 -11.119483945385337 32.807272259629684
-7.484303899943831 -10.965317947783715 33.02073637997802
-7.241839919506858 -10.722847258125206 33.20705582635391
-6.98195077174551 -10.462975438055363 33.34592324306667
-6.746134955791784 -10.227157502484417 33.428438165992084
-6.503530579731235 -9.984550299131532 33.46098829599322
-6.307190353816162 -9.788207600120115 33.43947280109505
-6.073151287011561 -9.554253337072728 33.38334695652313
-5.82366169050165 -9.304757500528527 33.286769994974
-5.558281724483578 -9.039371175849814 33.148180090674096
-5.274925590105856 -8.75600939078531 32.966176749600955
-4.968791454424669 -8.449871953734627 32.73872515673648
-4.691435212505882 -8.172512173556964 32.45820834471668
-4.366703068737225 -7.847774376765178 32.14511309364898
-3.9257325226705047 -7.406798885110536 31.801714243038568
-3.4743141211066386 -6.955374594949175 31.389749004727342
-2.933242923769198 -6.414297862551878 30.918175942645195
-2.3141541352890966 -5.795202364497693 30.37738379157815
-1.1870740363625853 -4.668117083808176 29.829158034345244
1.4799763335090095 -2.001089788450087 29.283188881926183
15.65981943030078 12.178591356170005 28.78238272654506
15.654036198073815 -12.172808480187012 27.77408536997831
1.4707054990847812 2.0103592012982068 28.252666165252652
-1.1993829770436424 4.680424721122833 28.773903715466954
-2.3333093846020168 5.814356663622751 29.294229375621526
-3.009683252402856 6.4907375953724475 29.790370747156633
-3.4977820954648102 6.978841738040358 30.25442707278055
-3.8445535189250784 7.325618696319258 30.69623484549334
-4.283254019773712 7.764324378207698 31.060114918505167
-4.562244778080445 8.043320554203522 31.40553814119327
-4.868466711403473 8.349545672485922 31.70152208375558
-5.19241434064627 8.673496720344861 31.940920467539264
-5.4931783735907835 8.974267111650976 32.132082244434464
-5.775230509636401 9.256324899399202 32.27790058062402
-6.0394783972845625 9.52057914510645 32.38077495069455
-6.266844325440591 9.74785955843685 32.44646044402289
-6.529414356663504 10.010432416413463 32.45943131352905
-6.781049996505321 10.262070883008807 32.42407943961573
-7.028868930284253 10.509892408566241 32.339352913624985
-7.302087662730937 10.783093934638103 32.19821711141656
-7.5610107493507375 11.042023613947283 32.00802023035733
-7.76304294198716 11.243907655904035 31.78234999440556
-7.954564405173046 11.435443004945787 31.51861084343851
-8.11747429228484 11.598358542840755 31.220634879328546
-8.272472858753755 11.753363466215548 30.884991874606715
-8.464413237035021 11.945308556260201 30.500113936530063
-8.66172689452207 12.14262633592195 30.06589953789352
-8.889197638594311 12.370095309321943 29.57673918808436
-9.068436405129958 12.549316405718221 29.045223197327335
-9.240520806086499 12.721405988870142 28.467879193245317
-9.45614785211081 12.937038803639373 27.832822451366013
-9.689004104613774 13.169907413246817 27.138511416945388
-9.938587478684687 13.419492902707614 26.384529953363923
-10.09160794363542 13.57252302257595 25.59201320085559
-10.232973224362805 13.713898429422649 24.75506492064632
-10.41184114065498 13.892746202318506 23.86294115841752
-10.557101192688682 14.038016969047424 22.923488453943378
-10.656281295803598 14.137205072934453 21.942006147970233
-10.774551389091961 14.255482817567579 20.910814057376225
-10.7819237185396 14.262865624751052 19.851051150231253
-10.74423008325936 14.225166332325493 18.76165056138642
-10.676328909227795 14.157289884405275 17.64029515330895
-10.575901113385058 14.056878104266174 16.48535044477928
-10.43197286580164 13.912867903395766 15.295943751577617
-10.241018949543488 13.721912104222534 14.06895422265744
-9.994484520990511 13.475366846697243 12.799003043883447
-9.66299826030944 13.143856094742796 11.480029296524869
-9.211099904284232 12.691936549374594 10.099442892036226
-8.597520488890321 12.078307917880919 8.624898697127396
-7.646157456137089 11.126958783740854 6.993818889600772
-5.8079347900442695 9.288744594853759 5.006611902828221

VECTORS D float
-0.012400486958706401 -0.0 -0.005782442033695982
-0.018501422126040654 -0.0 -0.008627354824131092
-0.02220019438028177 -0.0 -0.010352120652054953
-0.024597711468992298 -0.0 -0.01147010123107815
-0.02607925814720308 -0.0 -0.012160957793041938
-0.02672682411854373 -0.0 -0.012462922764638663
-0.026424576223797954 -0.0 -0.01232198225665748
-0.025366167188934703 -0.0 -0.011828438018240305
-0.02339145712490272 -0.0 -0.010907615592746445
-0.02062559824172575 -0.0 -0.009617874414144991
-0.017057451406445445 -0.0 -0.007954020219432263
-0.012846754464204996 -0.0 -0.005990539989095706
-0.007093036263582566 -0.0 -0.003307537129279668
-0.00018206849027099082 -0.0 -8.489993132208187e-5
0.007517935587306006 0.0 0.0035056709378767877
0.015879630162067847 0.0 0.007404793153241339
0.025310889034953956 0.0 0.011802661391710411
0.034495035586249806 0.0 0.016085299262197487
0.044914081205292916 0.0 0.02094378002502358
0.057030492086855546 0.0 0.026593755208448793
0.06917466103546921 0.0 0.03225667419111548
0.08122631581274738 0.0 0.03787645310720056
0.09337376064604522 0.0 0.043540899659982715
0.10484028342207635 0.0 0.04888782704285475
0.11838270891486952 0.0 0.05520276376013768
0.13107691928480836 0.0 0.06112217126987077
0.1436701381337902 0.0 0.06699448565997287
0.15542670624799396 0.0 0.07247666340524694
0.16739076768303107 0.0 0.07805559687504164
0.18013119234450709 0.0 0.0839965544628347
0.19150399882454847 0.0 0.08929978121919281
0.20510183949614572 0.0 0.09564055845873011
0.21902919157921957 0.0 0.1021349893928884
0.23207824005419478 0.0 0.10821986062840518
0.24505719941552723 0.0 0.11427204877347699
0.25641448625914676 0.0 0.1195680386045198
0.2686362319932495 0.0 0.12526713223635508
0.28104293952865694 0.0 0.1310524749726049
0.2936190640562658 0.0 0.13691681814973986
0.3064005013430094 0.0 0.14287690023877622
0.31950215308582197 0.0 0.14898630078092953
0.3311798091169773 0.0 0.15443168121755715
0.34410011027628135 0.0 0.16045651659380955
0.36064171249171795 0.0 0.1681699923850213
0.37684015335695226 0.0 0.17572344941065096
0.39552310135793783 0.0 0.18443545114042215
0.41625116821898933 0.0 0.19410110745647932
0.45554542969457285 0.0 0.21242432250408882
0.5522600932247582 0.0 0.25752311076409823
1.0810030585008974 0.0 0.5040800046679443
1.0633107665932797 0.0 0.4958299534611086
0.5343873351624604 0.0 0.24918890680729722
0.4374853682493125 0.0 0.20400277754541413
0.3978380470674009 0.0 0.1855149280529578
0.3747778657099209 0.0 0.17476178888752175
0.35817608532289286 0.0 0.16702025155404313
0.34627662175569063 0.0 0.16147144056472032
0.3304144461451876 0.0 0.15407478660254334
0.31971107153473943 0.0 0.14908372105358958
0.3076085129986972 0.0 0.14344020532496393
0.2943970856040686 0.0 0.13727961555568988
0.28149605356171 0.0 0.13126376551623503
0.2688135134361936 0.0 0.1253497999308487
0.25636042415409166 0.0 0.11954282903091659
0.24474223819754712 0.0 0.11412517994551105
0.2317826401129645 0.0 0.10808202011205932
0.21886887552144904 0.0 0.1020602327874248
0.20583019739400107 0.0 0.09598019732437774
0.191897349621744 0.0 0.08948320370826647
0.1782197686855081 0.0 0.08310524297266483
0.1659657428969748 0.0 0.07739109690424292
0.15396594044875872 0.0 0.07179549712629266
0.1426757343549216 0.0 0.06653078756258816
0.13159047543043625 0.0 0.06136164643346963
0.11968550134885088 0.0 0.055810265849089574
0.10771717691596744 0.0 0.05022934451075245
0.09521152017633072 0.0 0.04439786100280218
0.08386161218608378 0.0 0.03910531198759542
0.07283823098353404 0.0 0.03396502491408462
0.06119350329463675 0.0 0.028534999215622255
0.04949889510543555 0.0 0.023081713857875573
0.037851221071579795 0.0 0.01765031425619551
0.02822880203832212 0.0 0.013163306571011037
0.019187258224297662 0.0 0.008947165448987479
0.0099890585646797 0.0 0.004657974506468923
0.0017563282099843428 0.0 0.0008189892945493596
-0.005346387219960479 -0.0 -0.0024930613041295843
-0.012192165538087895 -0.0 -0.005685300159903845
-0.017124331263540533 -0.0 -0.007985206808972014
-0.021042160979051705 -0.0 -0.009812120808662093
-0.02416684161496117 -0.0 -0.011269183318475307
-0.02651543398387129 -0.0 -0.012364349925982487
-0.02803269831649375 -0.0 -0.013071861903729772
-0.02875864523418466 -0.0 -0.01341037651086306
-0.028710580673197282 -0.0 -0.01338796363798879
-0.02779014673610382 -0.0 -0.01295875824429635
-0.02595392791305815 -0.0 -0.012102515345061796
-0.023256614563536483 -0.0 -0.010844737473736132
-0.01929318217757468 -0.0 -0.008996558599582606
-0.012910931939017824 -0.0 -0.006020466437081977
-0.012400486958706401 -0.0 -0.005782442033695982
-0.018501422126040654 -0.0 -0.008627354824131092
-0.02220019438028177 -0.0 -0.010352120652054953
-0.024597711468992298 -0.0 -0.01147010123107815
-0.02607925814720308 -0.0 -0.012160957793041938
-0.02672682411854373 -0.0 -0.012462922764638663
-0.026424576223797954 -0.0 -0.01232198225665748
-0.025366167188934703 -0.0 -0.011828438018240305
-0.02339145712490272 -0.0 -0.010907615592746445
-0.02062559824172575 -0.0 -0.009617874414144991
-0.017057451406445445 -0.0 -0.007954020219432263
-0.012846754464204996 -0.0 -0.005990539989095706
-0.007093036263582566 -0.0 -0.003307537129279668
-0.00018206849027099082 -0.0 -8.489993132208187e-5
0.007517935587306006 0.0 0.0035056709378767877
0.015879630162067847 0.0 0.007404793153241339
0.025310889034953956 0.0 0.011802661391710411
0.034495035586249806 0.0 0.016085299262197487
0.044914081205292916 0.0 0.02094378002502358
0.057030492086855546 0.0 0.026593755208448793
0.06917466103546921 0.0 0.03225667419111548
0.08122631581274738 0.0 0.03787645310720056
0.09337376064604522 0.0 0.043540899659982715
0.10484028342207635 0.0 0.04888782704285475
0.11838270891486952 0.0 0.05520276376013768
0.13107691928480836 0.0 0.06112217126987077
0.1436701381337902 0.0 0.06699448565997287
0.15542670624799396 0.0 0.07247666340524694
0.16739076768303107 0.0 0.07805559687504164
0.18013119234450709 0.0 0.0839965544628347
0.19150399882454847 0.0 0.08929978121919281
0.20510183949614572 0.0 0.09564055845873011
0.21902919157921957 0.0 0.1021349893928884
0.23207824005419478 0.0 0.10821986062840518
0.24505719941552723 0.0 0.11427204877347699
0.25641448625914676 0.0 0.1195680386045198
0.2686362319932495 0.0 0.12526713223635508
0.28104293952865694 0.0 0.1310524749726049
0.2936190640562658 0.0 0.13691681814973986
0.3064005013430094 0.0 0.14287690023877622
0.31950215308582197 0.0 0.14898630078092953
0.3311798091169773 0.0 0.15443168121755715
0.34410011027628135 0.0 0.16045651659380955
0.36064171249171795 0.0 0.1681699923850213
0.37684015335695226 0.0 0.17572344941065096
0.39552310135793783 0.0 0.18443545114042215
0.41625116821898933 0.0 0.19410110745647932
0.45554542969457285 0.0 0.21242432250408882
0.5522600932247582 0.0 0.25752311076409823
1.0810030585008974 0.0 0.5040800046679443
1.0633107665932797 0.0 0.4958299534611086
0.5343873351624604 0.0 0.24918890680729722
0.4374853682493125 0.0 0.20400277754541413
0.3978380470674009 0.0 0.1855149280529578
0.3747778657099209 0.0 0.17476178888752175
0.35817608532289286 0.0 0.16702025155404313
0.34627662175569063 0.0 0.16147144056472032
0.3304144461451876 0.0 0.15407478660254334
0.31971107153473943 0.0 0.14908372105358958
0.3076085129986972 0.0 0.14344020532496393
0.2943970856040686 0.0 0.13727961555568988
0.28149605356171 0.0 0.13126376551623503
0.2688135134361936 0.0 0.1253497999308487
0.25636042415409166 0.0 0.11954282903091659
0.24474223819754712 0.0 0.11412517994551105
0.2317826401129645 0.0 0.10808202011205932
0.21886887552144904 0.0 0.1020602327874248
0.20583019739400107 0.0 0.09598019732437774
0.191897349621744 0.0 0.08948320370826647
0.1782197686855081 0.0 0.08310524297266483
0.1659657428969748 0.0 0.07739109690424292
0.15396594044875872 0.0 0.07179549712629266
0.1426757343549216 0.0 0.06653078756258816
0.13159047543043625 0.0 0.06136164643346963
0.11968550134885088 0.0 0.055810265849089574
0.10771717691596744 0.0 0.05022934451075245
0.09521152017633072 0.0 0.04439786100280218
0.08386161218608378 0.0 0.03910531198759542
0.07283823098353404 0.0 0.03396502491408462
0.06119350329463675 0.0 0.028534999215622255
0.04949889510543555 0.0 0.023081713857875573
0.037851221071579795 0.0 0.01765031425619551
0.02822880203832212 0.0 0.013163306571011037
0.019187258224297662 0.0 0.008947165448987479
0.0099890585646797 0.0 0.004657974506468923
0.0017563282099843428 0.0 0.0008189892945493596
-0.005346387219960479 -0.0 -0.0024930613041295843
-0.012192165538087895 -0.0 -0.005685300159903845
-0.017124331263540533 -0.0 -0.007985206808972014
-0.021042160979051705 -0.0 -0.009812120808662093
-0.02416684161496117 -0.0 -0.011269183318475307
-0.02651543398387129 -0.0 -0.012364349925982487
-0.02803269831649375 -0.0 -0.013071861903729772
-0.02875864523418466 -0.0 -0.01341037651086306
-0.028710580673197282 -0.0 -0.01338796363798879
-0.02779014673610382 -0.0 -0.01295875824429635
-0.02595392791305815 -0.0 -0.012102515345061796
-0.023256614563536483 -0.0 -0.010844737473736132
-0.01929318217757468 -0.0 -0.008996558599582606
-0.012910931939017824 -0.0 -0.006020466437081977

VECTORS funs-vector float
0.0 0.0 1.127202234582373e-8
0.0 0.0 -9.513571361000318e-8
0.0 0.0 -1.3582769430410158e-7
0.0 0.0 -2.3006821272340205e-7
0.0 0.0 -2.806092928928841e-7
0.0 0.0 -3.6239601477270555e-7
0.0 0.0 -4.2853941583199583e-7
0.0 0.0 -3.6924618708088613e-7
0.0 0.0 -3.622915475499544e-7
0.0 0.0 -4.4063460565139817e-7
0.0 0.0 -3.9540609525994884e-7
0.0 0.0 -5.070015990068817e-7
0.0 0.0 -6.107490251720681e-7
0.0 0.0 -6.307749532394075e-7
0.0 0.0 -5.66318256289833e-7
0.0 0.0 -5.930722579705618e-7
0.0 0.0 -6.127456166702609e-7
0.0 0.0 -8.56635732046388e-7
0.0 0.0 -8.13383057876846e-7
0.0 0.0 -9.373520103136719e-7
0.0 0.0 -8.334717623948899e-7
0.0 0.0 -7.694884419348374e-7
0.0 0.0 -9.015257001527229e-7
0.0 0.0 -9.128246202552958e-7
0.0 0.0 -7.185339683246639e-7
0.0 0.0 -1.0999737750952674e-6
0.0 0.0 -8.673080290319297e-7
0.0 0.0 -9.874861849435879e-7
0.0 0.0 -9.595131186560222e-7
0.0 0.0 -9.415064296676561e-7
0.0 0.0 -1.1079832692540883e-6
0.0 0.0 -1.1401594742272376e-6
0.0 0.0 -1.1970679788026413e-6
0.0 0.0 -8.07643367941389e-7
0.0 0.0 -6.410659058143542e-7
0.0 0.0 -5.50423919776222e-7
0.0 0.0 -4.576134128600726e-7
0.0 0.0 -4.0330493466068546e-7
0.0 0.0 -6.270408657759287e-7
0.0 0.0 -3.8828538348215347e-7
0.0 0.0 -1.6882023342904262e-7
0.0 0.0 -3.6157853923090115e-8
0.0 0.0 1.5859764410854707e-7
0.0 0.0 4.421586917208681e-7
0.0 0.0 3.1796740852417904e-7
0.0 0.0 4.4580435149493336e-7
0.0 0.0 6.962545158599328e-7
0.0 0.0 2.5493102126264694e-7
0.0 0.0 5.087544737007607e-7
0.0 0.0 3.3181733530537627e-7
0.0 0.0 2.686201922715141e-7
0.0 0.0 1.2505519529006714e-7
0.0 0.0 3.9555621808321206e-7
0.0 0.0 2.948803925888074e-7
0.0 0.0 7.017370926767152e-7
0.0 0.0 7.64835355291573e-7
0.0 0.0 7.442057520537757e-7
0.0 0.0 8.146935538310243e-7
0.0 0.0 1.031084279774901e-6
0.0 0.0 8.721774991923586e-7
0.0 0.0 1.007687706853424e-6
0.0 0.0 1.1364406453460354e-6
0.0 0.0 1.1994540245878356e-6
0.0 0.0 6.956381652530169e-7
0.0 0.0 2.6380490810011425e-7
0.0 0.0 3.423908119450724e-7
0.0 0.0 1.4547424210708087e-7
0.0 0.0 4.869897881318058e-7
0.0 0.0 7.215439339347544e-7
0.0 0.0 6.815675296872378e-7
0.0 0.0 9.789143459474048e-7
0.0 0.0 6.929939851054523e-7
0.0 0.0 5.665626338988906e-7
0.0 0.0 4.250439089177732e-7
0.0 0.0 5.038997214641811e-7
0.0 0.0 2.720743388160621e-7
0.0 0.0 3.1666243930058884e-7
0.0 0.0 4.545943161298801e-7
0.0 0.0 4.5914684030569996e-7
0.0 0.0 4.102470489380556e-7
0.0 0.0 1.9537617390597014e-7
0.0 0.0 -2.5359883889822503e-9
0.0 0.0 1.2695002285764453e-7
0.0 0.0 4.749570143241562e-8
0.0 0.0 -2.890780463489634e-9
0.0 0.0 -6.96961576936288e-8
0.0 0.0 -3.533503187017315e-8
0.0 0.0 -7.125391476847655e-8
0.0 0.0 1.6356659541956607e-8
0.0 0.0 -4.8527217638200635e-8
0.0 0.0 -4.203826523249437e-8
0.0 0.0 2.3626953484588084e-8
0.0 0.0 -1.0555124289753212e-8
0.0 0.0 3.216821524305985e-8
0.0 0.0 1.2056592815022011e-8
0.0 0.0 2.35512312682121e-8
0.0 0.0 1.5087944469562655e-8
0.0 0.0 1.1664825711415527e-8
0.0 0.0 1.1193446654415727e-8
0.0 0.0 -1.051317820678254e-8
0.0 0.0 1.127202234582373e-8
0.0 0.0 -9.513571361000318e-8
0.0 0.0 -1.3582769430410158e-7
0.0 0.0 -2.3006821272340205e-7
0.0 0.0 -2.806092928928841e-7
0.0 0.0 -3.6239601477270555e-7
0.0 0.0 -4.2853941583199583e-7
0.0 0.0 -3.6924618708088613e-7
0.0 0.0 -3.622915475499544e-7
0.0 0.0 -4.4063460565139817e-7
0.0 0.0 -3.9540609525994884e-7
0.0 0.0 -5.070015990068817e-7
0.0 0.0 -6.107490251720681e-7
0.0 0.0 -6.307749532394075e-7
0.0 0.0 -5.66318256289833e-7
0.0 0.0 -5.930722579705618e-7
0.0 0.0 -6.127456166702609e-7
0.0 0.0 -8.56635732046388e-7
0.0 0.0 -8.13383057876846e-7
0.0 0.0 -9.373520103136719e-7
0.0 0.0 -8.334717623948899e-7
0.0 0.0 -7.694884419348374e-7
0.0 0.0 -9.015257001527229e-7
0.0 0.0 -9.128246202552958e-7
0.0 0.0 -7.185339683246639e-7
0.0 0.0 -1.0999737750952674e-6
0.0 0.0 -8.673080290319297e-7
0.0 0.0 -9.874861849435879e-7
0.0 0.0 -9.595131186560222e-7
0.0 0.0 -9.415064296676561e-7
0.0 0.0 -1.1079832692540883e-6
0.0 0.0 -1.1401594742272376e-6
0.0 0.0 -1.1970679788026413e-6
0.0 0.0 -8.07643367941389e-7
0.0 0.0 -6.410659058143542e-7
0.0 0.0 -5.50423919776222e-7
0.0 0.0 -4.576134128600726e-7
0.0 0.0 -4.0330493466068546e-7
0.0 0.0 -6.270408657759287e-7
0.0 0.0 -3.8828538348215347e-7
0.0 0.0 -1.6882023342904262e-7
0.0 0.0 -3.6157853923090115e-8
0.0 0.0 1.5859764410854707e-7
0.0 0.0 4.421586917208681e-7
0.0 0.0 3.1796740852417904e-7
0.0 0.0 4.4580435149493336e-7
0.0 0.0 6.962545158599328e-7
0.0 0.0 2.5493102126264694e-7
0.0 0.0 5.087544737007607e-7
0.0 0.0 3.3181733530537627e-7
0.0 0.0 2.686201922715141e-7
0.0 0.0 1.2505519529006714e-7
0.0 0.0 3.9555621808321206e-7
0.0 0.0 2.948803925888074e-7
0.0 0.0 7.017370926767152e-7
0.0 0.0 7.64835355291573e-7
0.0 0.0 7.442057520537757e-7
0.0 0.0 8.146935538310243e-7
0.0 0.0 1.031084279774901e-6
0.0 0.0 8.721774991923586e-7
0.0 0.0 1.007687706853424e-6
0.0 0.0 1.1364406453460354e-6
0.0 0.0 1.1994540245878356e-6
0.0 0.0 6.956381652530169e-7
0.0 0.0 2.6380490810011425e-7
0.0 0.0 3.423908119450724e-7
0.0 0.0 1.4547424210708087e-7
0.0 0.0 4.869897881318058e-7
0.0 0.0 7.215439339347544e-7
0.0 0.0 6.815675296872378e-7
0.0 0.0 9.789143459474048e-7
0.0 0.0 6.929939851054523e-7
0.0 0.0 5.665626338988906e-7
0.0 0.0 4.250439089177732e-7
0.0 0.0 5.038997214641811e-7
0.0 0.0 2.720743388160621e-7
0.0 0.0 3.1666243930058884e-7
0.0 0.0 4.545943161298801e-7
0.0 0.0 4.5914684030569996e-7
0.0 0.0 4.102470489380556e-7
0.0 0.0 1.9537617390597014e-7
0.0 0.0 -2.5359883889822503e-9
0.0 0.0 1.2695002285764453e-7
0.0 0.0 4.749570143241562e-8
0.0 0.0 -2.890780463489634e-9
0.0 0.0 -6.96961576936288e-8
0.0 0.0 -3.533503187017315e-8
0.0 0.0 -7.125391476847655e-8
0.0 0.0 1.6356659541956607e-8
0.0 0.0 -4.8527217638200635e-8
0.0 0.0 -4.203826523249437e-8
0.0 0.0 2.3626953484588084e-8
0.0 0.0 -1.0555124289753212e-8
0.0 0.0 3.216821524305985e-8
0.0 0.0 1.2056592815022011e-8
0.0 0.0 2.35512312682121e-8
0.0 0.0 1.5087944469562655e-8
0.0 0.0 1.1664825711415527e-8
0.0 0.0 1.1193446654415727e-8
0.0 0.0 -1.051317820678254e-8

VECTORS S float
-0.0 -0.04167059715034018 0.0
-0.0 -0.05910777526830592 0.0
-0.0 -0.07415082420717345 0.0
-0.0 -0.08839025108614598 0.0
-0.0 -0.10234051728501171 0.0
-0.0 -0.11611534790433717 0.0
-0.0 -0.12957238516453115 0.0
-0.0 -0.14291156577144473 0.0
-0.0 -0.15592381230918517 0.0
-0.0 -0.1687173077430133 0.0
-0.0 -0.1812483001589 0.0
-0.0 -0.19367697972875245 0.0
-0.0 -0.20491844024681796 0.0
-0.0 -0.21532955628134212 0.0
-0.0 -0.22525779843394744 0.0
-0.0 -0.23479249398518912 0.0
-0.0 -0.24339684434893377 0.0
-0.0 -0.25254138474178045 0.0
-0.0 -0.26049512212240794 0.0
-0.0 -0.26661321504926777 0.0
-0.0 -0.27269543110690353 0.0
-0.0 -0.2788285069793972 0.0
-0.0 -0.2847600057486644 0.0
-0.0 -0.2913782894319417 0.0
-0.0 -0.29546274130119476 0.0
-0.0 -0.3002492016772713 0.0
-0.0 -0.3048547654092344 0.0
-0.0 -0.310116046288035 0.0
-0.0 -0.31485205660532456 0.0
-0.0 -0.31835557021966154 0.0
-0.0 -0.32305616930162306 0.0
-0.0 -0.32482548121541194 0.0
-0.0 -0.3256501134179123 0.0
-0.0 -0.3268113795248455 0.0
-0.0 -0.3273580230634933 0.0
-0.0 -0.32905665799177874 0.0
-0.0 -0.3291332146708086 0.0
-0.0 -0.3282725351386838 0.0
-0.0 -0.32642326489669166 0.0
-0.0 -0.32346875508222 0.0
-0.0 -0.3191828608079333 0.0
-0.0 -0.3154989985303537 0.0
-0.0 -0.3094856456752942 0.0
-0.0 -0.29825186557764405 0.0
-0.0 -0.2858555724763892 0.0
-0.0 -0.26894972432173525 0.0
-0.0 -0.24780822898937652 0.0
-0.0 -0.20349318348773718 0.0
-0.0 -0.08889509107757106 0.0
0.0 0.5511366161001297 -0.0
-0.0 -0.5508749146760995 0.0
0.0 0.0893068693516521 -0.0
0.0 0.20402969965762063 -0.0
0.0 0.2486272845883303 -0.0
0.0 0.27215482104625005 -0.0
0.0 0.2868200372267972 -0.0
0.0 0.2949829577632818 -0.0
0.0 0.30619470286205075 -0.0
0.0 0.3105115692480314 -0.0
0.0 0.31539316675830664 -0.0
0.0 0.32042053190261016 -0.0
0.0 0.3240722737956065 -0.0
0.0 0.3265638293765846 -0.0
0.0 0.3279731768675103 -0.0
0.0 0.3277002511504838 -0.0
0.0 0.32820660597331514 -0.0
0.0 0.32792704534404227 -0.0
0.0 0.3271103592971613 -0.0
0.0 0.3266505240625999 -0.0
0.0 0.32531604346054366 -0.0
0.0 0.32191787414541495 -0.0
0.0 0.3178964048026842 -0.0
0.0 0.3127847053296522 -0.0
0.0 0.3071954149119551 -0.0
0.0 0.30228323566046966 -0.0
0.0 0.29718345795098594 -0.0
0.0 0.29246852725695827 -0.0
0.0 0.2862748195865168 -0.0
0.0 0.27962641641925473 -0.0
0.0 0.2736128502536988 -0.0
0.0 0.2675910167475201 -0.0
0.0 0.2615078242356609 -0.0
0.0 0.2532083851667783 -0.0
0.0 0.24444680466904462 -0.0
0.0 0.23608698830252672 -0.0
0.0 0.22688717036337025 -0.0
0.0 0.21673935320239468 -0.0
0.0 0.20670344293392742 -0.0
0.0 0.19495511450541028 -0.0
0.0 0.18261577072953938 -0.0
0.0 0.1699767824822617 -0.0
0.0 0.15708704719048916 -0.0
0.0 0.14391326009995778 -0.0
0.0 0.13053229834594637 -0.0
0.0 0.1169861847738125 -0.0
0.0 0.10318292818865689 -0.0
0.0 0.08908562098055445 -0.0
0.0 0.07473895596695926 -0.0
0.0 0.05960334040587925 -0.0
0.0 0.04203579144834685 -0.0
-0.0 -0.04167059715034018 0.0
-0.0 -0.05910777526830592 0.0
-0.0 -0.07415082420717345 0.0
-0.0 -0.08839025108614598 0.0
-0.0 -0.10234051728501171 0.0
-0.0 -0.11611534790433717 0.0
-0.0 -0.12957238516453115 0.0
-0.0 -0.14291156577144473 0.0
-0.0 -0.15592381230918517 0.0
-0.0 -0.1687173077430133 0.0
-0.0 -0.1812483001589 0.0
-0.0 -0.19367697972875245 0.0
-0.0 -0.20491844024681796 0.0
-0.0 -0.21532955628134212 0.0
-0.0 -0.22525779843394744 0.0
-0.0 -0.23479249398518912 0.0
-0.0 -0.24339684434893377 0.0
-0.0 -0.25254138474178045 0.0
-0.0 -0.26049512212240794 0.0
-0.0 -0.26661321504926777 0.0
-0.0 -0.27269543110690353 0.0
-0.0 -0.2788285069793972 0.0
-0.0 -0.2847600057486644 0.0
-0.0 -0.2913782894319417 0.0
-0.0 -0.29546274130119476 0.0
-0.0 -0.3002492016772713 0.0
-0.0 -0.3048547654092344 0.0
-0.0 -0.310116046288035 0.0
-0.0 -0.31485205660532456 0.0
-0.0 -0.31835557021966154 0.0
-0.0 -0.32305616930162306 0.0
-0.0 -0.32482548121541194 0.0
-0.0 -0.3256501134179123 0.0
-0.0 -0.3268113795248455 0.0
-0.0 -0.3273580230634933 0.0
-0.0 -0.32905665799177874 0.0
-0.0 -0.3291332146708086 0.0
-0.0 -0.3282725351386838 0.0
-0.0 -0.32642326489669166 0.0
-0.0 -0.32346875508222 0.0
-0.0 -0.3191828608079333 0.0
-0.0 -0.3154989985303537 0.0
-0.0 -0.3094856456752942 0.0
-0.0 -0.29825186557764405 0.0
-0.0 -0.2858555724763892 0.0
-0.0 -0.26894972432173525 0.0
-0.0 -0.24780822898937652 0.0
-0.0 -0.20349318348773718 0.0
-0.0 -0.08889509107757106 0.0
0.0 0.5511366161001297 -0.0
-0.0 -0.5508749146760995 0.0
0.0 0.0893068693516521 -0.0
0.0 0.20402969965762063 -0.0
0.0 0.2486272845883303 -0.0
0.0 0.27215482104625005 -0.0
0.0 0.2868200372267972 -0.0
0.0 0.2949829577632818 -0.0
0.0 0.30619470286205075 -0.0
0.0 0.3105115692480314 -0.0
0.0 0.31539316675830664 -0.0
0.0 0.32042053190261016 -0.0
0.0 0.3240722737956065 -0.0
0.0 0.3265638293765846 -0.0
0.0 0.3279731768675103 -0.0
0.0 0.3277002511504838 -0.0
0.0 0.32820660597331514 -0.0
0.0 0.32792704534404227 -0.0
0.0 0.3271103592971613 -0.0
0.0 0.3266505240625999 -0.0
0.0 0.32531604346054366 -0.0
0.0 0.32191787414541495 -0.0
0.0 0.3178964048026842 -0.0
0.0 0.3127847053296522 -0.0
0.0 0.3071954149119551 -0.0
0.0 0.30228323566046966 -0.0
0.0 0.29718345795098594 -0.0
0.0 0.29246852725695827 -0.0
0.0 0.2862748195865168 -0.0
0.0 0.27962641641925473 -0.0
0.0 0.2736128502536988 -0.0
0.0 0.2675910167475201 -0.0
0.0 0.2615078242356609 -0.0
0.0 0.2532083851667783 -0.0
0.0 0.24444680466904462 -0.0
0.0 0.23608698830252672 -0.0
0.0 0.22688717036337025 -0.0
0.0 0.21673935320239468 -0.0
0.0 0.20670344293392742 -0.0
0.0 0.19495511450541028 -0.0
0.0 0.18261577072953938 -0.0
0.0 0.1699767824822617 -0.0
0.0 0.15708704719048916 -0.0
0.0 0.14391326009995778 -0.0
0.0 0.13053229834594637 -0.0
0.0 0.1169861847738125 -0.0
0.0 0.10318292818865689 -0.0
0.0 0.08908562098055445 -0.0
0.0 0.07473895596695926 -0.0
0.0 0.05960334040587925 -0.0
0.0 0.04203579144834685 -0.0

VECTORS Vvpm_ApA float
0.09956225752830505 0.14958027005195618 -0.3691253662109375
0.09950906038284302 0.1495620161294937 -0.3685920536518097
0.1045934706926346 0.1503911167383194 -0.4142603576183319
0.10798360407352448 0.15127350389957428 -0.440411627292633
0.1123209148645401 0.15261003375053406 -0.47063779830932617
0.11347627639770508 0.152993306517601 -0.47823193669319153
0.1206890344619751 0.1555519849061966 -0.5223361253738403
0.12150664627552032 0.15585599839687347 -0.5270439982414246
0.12814022600650787 0.1583888828754425 -0.5635681748390198
0.1317356377840042 0.1597978174686432 -0.5823125839233398
0.13323457539081573 0.16039124131202698 -0.5899519920349121
0.13108083605766296 0.1595369279384613 -0.5789408683776855
0.13360287249088287 0.16053715348243713 -0.5918211340904236
0.13151861727237701 0.1597093641757965 -0.5812046527862549
0.13022640347480774 0.15919779241085052 -0.5745161771774292
0.1272152215242386 0.15802079439163208 -0.558616578578949
0.1280156373977661 0.1583293378353119 -0.5628761649131775
0.13039149343967438 0.15925823152065277 -0.5753601789474487
0.12985177338123322 0.15904510021209717 -0.5725475549697876
0.1305357962846756 0.15931212902069092 -0.5760968923568726
0.12573470175266266 0.15743961930274963 -0.5505862832069397
0.1249733567237854 0.15714533627033234 -0.5464078783988953
0.12559333443641663 0.15738138556480408 -0.5497902631759644
0.12453953921794891 0.1569778472185135 -0.544012188911438
0.12223713099956511 0.15610463917255402 -0.5311233997344971
0.12277984619140624 0.15630781650543213 -0.5341875553131104
0.12942516803741455 0.15886510908603668 -0.5702767372131348
0.12844732403755188 0.15848039090633392 -0.5651124119758606
0.12769922614097595 0.15818770229816437 -0.5611339211463928
0.12818261981010437 0.15837478637695312 -0.5636998414993286
0.1224980503320694 0.15619319677352905 -0.5325764417648315
0.12299893796443939 0.1563802808523178 -0.5353891849517822
0.12349209189414978 0.1565653681755066 -0.5381422638893127
0.11681546270847319 0.15410664677619934 -0.4991489052772522
0.11724452674388885 0.15425853431224823 -0.5017635822296143
0.11767007410526274 0.154410257935524 -0.5043405890464783
0.11809130012989046 0.15456153452396393 -0.5068782567977905
0.11850903928279877 0.15471197664737701 -0.509377658367157
0.11892303824424742 0.1548616886138916 -0.5118380188941956
0.1167708784341812 0.1540864259004593 -0.49883949756622314
0.11721456050872804 0.15424425899982452 -0.5015518069267273
0.11549702286720276 0.15363754332065582 -0.4909387528896332
0.12488313019275665 0.15708114206790924 -0.545837938785553
0.1252518892288208 0.15722227096557617 -0.547860860824585
0.12561608850955963 0.15736190974712372 -0.5498493313789368
0.12597550451755524 0.15749980509281158 -0.551803708076477
0.12633024156093597 0.15763625502586365 -0.5537246465682983
0.1266801357269287 0.15777108073234558 -0.5556125640869141
0.12177044153213501 0.1558961421251297 -0.5283800959587097
0.12611515820026398 0.15755553543567657 -0.5525708198547363
0.1392618715763092 0.16275560855865479 -0.6196397542953491
0.1261151283979416 0.1575564742088318 -0.5525700449943542
0.12177172303199767 0.15589816868305206 -0.5283787250518799
0.1266794204711914 0.15777228772640228 -0.5556111335754395
0.12632909417152405 0.15763726830482483 -0.5537227988243103
0.1259744018316269 0.15750108659267426 -0.5518019199371338
0.12561491131782532 0.15736286342144012 -0.5498473644256592
0.12525169551372528 0.15722312033176422 -0.5478600859642029
0.12488383054733276 0.157081738114357 -0.5458377599716187
0.11549727618694307 0.15363909304141998 -0.4909376800060272
0.11721467971801758 0.1542450487613678 -0.5015512704849243
0.11677117645740508 0.15408724546432495 -0.498839408159256
0.11892390251159668 0.15486283600330353 -0.511837899684906
0.1185101568698883 0.154712975025177 -0.5093777179718018
0.11809246242046356 0.15456239879131317 -0.5068783760070801
0.11767129600048065 0.15441113710403442 -0.5043407082557678
0.11724571883678436 0.15425939857959747 -0.5017638206481934
0.11681665480136871 0.15410755574703217 -0.49914878606796265
0.12349413335323334 0.15656693279743195 -0.5381418466567993
0.12300059199333191 0.15638196468353271 -0.5353886485099792
0.12249945104122162 0.15619470179080963 -0.5325755476951599
0.12818287312984467 0.1583755761384964 -0.5636990666389465
0.12769916653633118 0.15818840265274048 -0.5611331462860107
0.12844672799110413 0.15848104655742645 -0.5651118755340576
0.12942488491535187 0.15886594355106354 -0.5702759027481079
0.12277914583683013 0.15630905330181122 -0.5341861844062805
0.1222364455461502 0.15610580146312714 -0.5311219096183777
0.12453983724117279 0.15697918832302094 -0.544011116027832
0.1255938708782196 0.1573830097913742 -0.5497892498970032
0.12497416138648985 0.15714675188064575 -0.5464070439338684
0.12573611736297607 0.15744085609912872 -0.5505855083465576
0.13053685426712036 0.1593128740787506 -0.5760968327522278
0.1298527866601944 0.15904587507247925 -0.572547197341919
0.13039276003837585 0.15925909578800201 -0.5753601789474487
0.1280171424150467 0.15833093225955963 -0.5628753900527954
0.1272166520357132 0.15802210569381714 -0.5586159825325012
0.13022762537002563 0.15919901430606842 -0.5745154619216919
0.13152001798152924 0.15971051156520844 -0.5812044143676758
0.13360486924648285 0.16053831577301025 -0.5918208360671997
0.1310826689004898 0.15953859686851501 -0.5789399743080139
0.1332363784313202 0.16039250791072845 -0.5899515151977539
0.13173723220825195 0.15979903936386108 -0.5823124051094055
0.12814128398895264 0.1583893895149231 -0.5635680556297302
0.1215067207813263 0.15585657954216003 -0.5270437002182007
0.12068812549114229 0.15555191040039062 -0.5223362445831299
0.1134745329618454 0.152993306517601 -0.47823143005371094
0.11231842637062073 0.15260925889015198 -0.47063782811164856
0.10798102617263795 0.15127232670783997 -0.44041174650192255
0.10458993911743165 0.15038932859897614 -0.41426029801368713
0.09950508177280426 0.14955994486808777 -0.3685912787914276
0.09956225752830505 0.14958027005195618 -0.3691253662109375
0.09950906038284302 0.1495620161294937 -0.3685920536518097
0.1045934706926346 0.1503911167383194 -0.4142603576183319
0.10798360407352448 0.15127350389957428 -0.440411627292633
0.1123209148645401 0.15261003375053406 -0.47063779830932617
0.11347627639770508 0.152993306517601 -0.47823193669319153
0.1206890344619751 0.1555519849061966 -0.5223361253738403
0.12150664627552032 0.15585599839687347 -0.5270439982414246
0.12814022600650787 0.1583888828754425 -0.5635681748390198
0.1317356377840042 0.1597978174686432 -0.5823125839233398
0.13323457539081573 0.16039124131202698 -0.5899519920349121
0.13108083605766296 0.1595369279384613 -0.5789408683776855
0.13360287249088287 0.16053715348243713 -0.5918211340904236
0.13151861727237701 0.1597093641757965 -0.5812046527862549
0.13022640347480774 0.15919779241085052 -0.5745161771774292
0.1272152215242386 0.15802079439163208 -0.558616578578949
0.1280156373977661 0.1583293378353119 -0.5628761649131775
0.13039149343967438 0.15925823152065277 -0.5753601789474487
0.12985177338123322 0.15904510021209717 -0.5725475549697876
0.1305357962846756 0.15931212902069092 -0.5760968923568726
0.12573470175266266 0.15743961930274963 -0.5505862832069397
0.1249733567237854 0.15714533627033234 -0.5464078783988953
0.12559333443641663 0.15738138556480408 -0.5497902631759644
0.12453953921794891 0.1569778472185135 -0.544012188911438
0.12223713099956511 0.15610463917255402 -0.5311233997344971
0.12277984619140624 0.15630781650543213 -0.5341875553131104
0.12942516803741455 0.15886510908603668 -0.5702767372131348
0.12844732403755188 0.15848039090633392 -0.5651124119758606
0.12769922614097595 0.15818770229816437 -0.5611339211463928
0.12818261981010437 0.15837478637695312 -0.5636998414993286
0.1224980503320694 0.15619319677352905 -0.5325764417648315
0.12299893796443939 0.1563802808523178 -0.5353891849517822
0.12349209189414978 0.1565653681755066 -0.5381422638893127
0.11681546270847319 0.15410664677619934 -0.4991489052772522
0.11724452674388885 0.15425853431224823 -0.5017635822296143
0.11767007410526274 0.154410257935524 -0.5043405890464783
0.11809130012989046 0.15456153452396393 -0.5068782567977905
0.11850903928279877 0.15471197664737701 -0.509377658367157
0.11892303824424742 0.1548616886138916 -0.5118380188941956
0.1167708784341812 0.1540864259004593 -0.49883949756622314
0.11721456050872804 0.15424425899982452 -0.5015518069267273
0.11549702286720276 0.15363754332065582 -0.4909387528896332
0.12488313019275665 0.15708114206790924 -0.545837938785553
0.1252518892288208 0.15722227096557617 -0.547860860824585
0.12561608850955963 0.15736190974712372 -0.5498493313789368
0.12597550451755524 0.15749980509281158 -0.551803708076477
0.12633024156093597 0.15763625502586365 -0.5537246465682983
0.1266801357269287 0.15777108073234558 -0.5556125640869141
0.12177044153213501 0.1558961421251297 -0.5283800959587097
0.12611515820026398 0.15755553543567657 -0.5525708198547363
0.1392618715763092 0.16275560855865479 -0.6196397542953491
0.1261151283979416 0.1575564742088318 -0.5525700449943542
0.12177172303199767 0.15589816868305206 -0.5283787250518799
0.1266794204711914 0.15777228772640228 -0.5556111335754395
0.12632909417152405 0.15763726830482483 -0.5537227988243103
0.1259744018316269 0.15750108659267426 -0.5518019199371338
0.12561491131782532 0.15736286342144012 -0.5498473644256592
0.12525169551372528 0.15722312033176422 -0.5478600859642029
0.12488383054733276 0.157081738114357 -0.5458377599716187
0.11549727618694307 0.15363909304141998 -0.4909376800060272
0.11721467971801758 0.1542450487613678 -0.5015512704849243
0.11677117645740508 0.15408724546432495 -0.498839408159256
0.11892390251159668 0.15486283600330353 -0.511837899684906
0.1185101568698883 0.154712975025177 -0.5093777179718018
0.11809246242046356 0.15456239879131317 -0.5068783760070801
0.11767129600048065 0.15441113710403442 -0.5043407082557678
0.11724571883678436 0.15425939857959747 -0.5017638206481934
0.11681665480136871 0.15410755574703217 -0.49914878606796265
0.12349413335323334 0.15656693279743195 -0.5381418466567993
0.12300059199333191 0.15638196468353271 -0.5353886485099792
0.12249945104122162 0.15619470179080963 -0.5325755476951599
0.12818287312984467 0.1583755761384964 -0.5636990666389465
0.12769916653633118 0.15818840265274048 -0.5611331462860107
0.12844672799110413 0.15848104655742645 -0.5651118755340576
0.12942488491535187 0.15886594355106354 -0.5702759027481079
0.12277914583683013 0.15630905330181122 -0.5341861844062805
0.1222364455461502 0.15610580146312714 -0.5311219096183777
0.12453983724117279 0.15697918832302094 -0.544011116027832
0.1255938708782196 0.1573830097913742 -0.5497892498970032
0.12497416138648985 0.15714675188064575 -0.5464070439338684
0.12573611736297607 0.15744085609912872 -0.5505855083465576
0.13053685426712036 0.1593128740787506 -0.5760968327522278
0.1298527866601944 0.15904587507247925 -0.572547197341919
0.13039276003837585 0.15925909578800201 -0.5753601789474487
0.1280171424150467 0.15833093225955963 -0.5628753900527954
0.1272166520357132 0.15802210569381714 -0.5586159825325012
0.13022762537002563 0.15919901430606842 -0.5745154619216919
0.13152001798152924 0.15971051156520844 -0.5812044143676758
0.13360486924648285 0.16053831577301025 -0.5918208360671997
0.1310826689004898 0.15953859686851501 -0.5789399743080139
0.1332363784313202 0.16039250791072845 -0.5899515151977539
0.13173723220825195 0.15979903936386108 -0.5823124051094055
0.12814128398895264 0.1583893895149231 -0.5635680556297302
0.1215067207813263 0.15585657954216003 -0.5270437002182007
0.12068812549114229 0.15555191040039062 -0.5223362445831299
0.1134745329618454 0.152993306517601 -0.47823143005371094
0.11231842637062073 0.15260925889015198 -0.47063782811164856
0.10798102617263795 0.15127232670783997 -0.44041174650192255
0.10458993911743165 0.15038932859897614 -0.41426029801368713
0.09950508177280426 0.14955994486808777 -0.3685912787914276

VECTORS Vkin float
-0.0 -0.0 -0.0
-0.0 -0.0 -0.0
-0.0 -0.0 -0.0
-0.0 -0.0 -0.0
-0.0 -0.0 -0.0
-0.0 -0.0 -0.0
-0.0 -0.0 -0.0
-0.0 -0.0 -0.0
-0.0 -0.0 -0.0
-0.0 -0.0 -0.0
-0.0 -0.0 -0.0
-0.0 -0.0 -0.0
-0.0 -0.0 -0.0
-0.0 -0.0 -0.0
-0.0 -0.0 -0.0
-0.0 -0.0 -0.0
-0.0 -0.0 -0.0
-0.0 -0.0 -0.0
-0.0 -0.0 -0.0
-0.0 -0.0 -0.0
-0.0 -0.0 -0.0
-0.0 -0.0 -0.0
-0.0 -0.0 -0.0
-0.0 -0.0 -0.0
-0.0 -0.0 -0.0
-0.0 -0.0 -0.0
-0.0 -0.0 -0.0
-0.0 -0.0 -0.0
-0.0 -0.0 -0.0
-0.0 -0.0 -0.0
-0.0 -0.0 -0.0
-0.0 -0.0 -0.0
-0.0 -0.0 -0.0
-0.0 -0.0 -0.0
-0.0 -0.0 -0.0
-0.0 -0.0 -0.0
-0.0 -0.0 -0.0
-0.0 -0.0 -0.0
-0.0 -0.0 -0.0
-0.0 -0.0 -0.0
-0.0 -0.0 -0.0
-0.0 -0.0 -0.0
-0.0 -0.0 -0.0
-0.0 -0.0 -0.0
-0.0 -0.0 -0.0
-0.0 -0.0 -0.0
-0.0 -0.0 -0.0
-0.0 -0.0 -0.0
-0.0 -0.0 -0.0
-0.0 -0.0 -0.0
-0.0 -0.0 -0.0
-0.0 -0.0 -0.0
-0.0 -0.0 -0.0
-0.0 -0.0 -0.0
-0.0 -0.0 -0.0
-0.0 -0.0 -0.0
-0.0 -0.0 -0.0
-0.0 -0.0 -0.0
-0.0 -0.0 -0.0
-0.0 -0.0 -0.0
-0.0 -0.0 -0.0
-0.0 -0.0 -0.0
-0.0 -0.0 -0.0
-0.0 -0.0 -0.0
-0.0 -0.0 -0.0
-0.0 -0.0 -0.0
-0.0 -0.0 -0.0
-0.0 -0.0 -0.0
-0.0 -0.0 -0.0
-0.0 -0.0 -0.0
-0.0 -0.0 -0.0
-0.0 -0.0 -0.0
-0.0 -0.0 -0.0
-0.0 -0.0 -0.0
-0.0 -0.0 -0.0
-0.0 -0.0 -0.0
-0.0 -0.0 -0.0
-0.0 -0.0 -0.0
-0.0 -0.0 -0.0
-0.0 -0.0 -0.0
-0.0 -0.0 -0.0
-0.0 -0.0 -0.0
-0.0 -0.0 -0.0
-0.0 -0.0 -0.0
-0.0 -0.0 -0.0
-0.0 -0.0 -0.0
-0.0 -0.0 -0.0
-0.0 -0.0 -0.0
-0.0 -0.0 -0.0
-0.0 -0.0 -0.0
-0.0 -0.0 -0.0
-0.0 -0.0 -0.0
-0.0 -0.0 -0.0
-0.0 -0.0 -0.0
-0.0 -0.0 -0.0
-0.0 -0.0 -0.0
-0.0 -0.0 -0.0
-0.0 -0.0 -0.0
-0.0 -0.0 -0.0
-0.0 -0.0 -0.0
-0.0 -0.0 -0.0
-0.0 -0.0 -0.0
-0.0 -0.0 -0.0
-0.0 -0.0 -0.0
-0.0 -0.0 -0.0
-0.0 -0.0 -0.0
-0.0 -0.0 -0.0
-0.0 -0.0 -0.0
-0.0 -0.0 -0.0
-0.0 -0.0 -0.0
-0.0 -0.0 -0.0
-0.0 -0.0 -0.0
-0.0 -0.0 -0.0
-0.0 -0.0 -0.0
-0.0 -0.0 -0.0
-0.0 -0.0 -0.0
-0.0 -0.0 -0.0
-0.0 -0.0 -0.0
-0.0 -0.0 -0.0
-0.0 -0.0 -0.0
-0.0 -0.0 -0.0
-0.0 -0.0 -0.0
-0.0 -0.0 -0.0
-0.0 -0.0 -0.0
-0.0 -0.0 -0.0
-0.0 -0.0 -0.0
-0.0 -0.0 -0.0
-0.0 -0.0 -0.0
-0.0 -0.0 -0.0
-0.0 -0.0 -0.0
-0.0 -0.0 -0.0
-0.0 -0.0 -0.0
-0.0 -0.0 -0.0
-0.0 -0.0 -0.0
-0.0 -0.0 -0.0
-0.0 -0.0 -0.0
-0.0 -0.0 -0.0
-0.0 -0.0 -0.0
-0.0 -0.0 -0.0
-0.0 -0.0 -0.0
-0.0 -0.0 -0.0
-0.0 -0.0 -0.0
-0.0 -0.0 -0.0
-0.0 -0.0 -0.0
-0.0 -0.0 -0.0
-0.0 -0.0 -0.0
-0.0 -0.0 -0.0
-0.0 -0.0 -0.0
-0.0 -0.0 -0.0
-0.0 -0.0 -0.0
-0.0 -0.0 -0.0
-0.0 -0.0 -0.0
-0.0 -0.0 -0.0
-0.0 -0.0 -0.0
-0.0 -0.0 -0.0
-0.0 -0.0 -0.0
-0.0 -0.0 -0.0
-0.0 -0.0 -0.0
-0.0 -0.0 -0.0
-0.0 -0.0 -0.0
-0.0 -0.0 -0.0
-0.0 -0.0 -0.0
-0.0 -0.0 -0.0
-0.0 -0.0 -0.0
-0.0 -0.0 -0.0
-0.0 -0.0 -0.0
-0.0 -0.0 -0.0
-0.0 -0.0 -0.0
-0.0 -0.0 -0.0
-0.0 -0.0 -0.0
-0.0 -0.0 -0.0
-0.0 -0.0 -0.0
-0.0 -0.0 -0.0
-0.0 -0.0 -0.0
-0.0 -0.0 -0.0
-0.0 -0.0 -0.0
-0.0 -0.0 -0.0
-0.0 -0.0 -0.0
-0.0 -0.0 -0.0
-0.0 -0.0 -0.0
-0.0 -0.0 -0.0
-0.0 -0.0 -0.0
-0.0 -0.0 -0.0
-0.0 -0.0 -0.0
-0.0 -0.0 -0.0
-0.0 -0.0 -0.0
-0.0 -0.0 -0.0
-0.0 -0.0 -0.0
-0.0 -0.0 -0.0
-0.0 -0.0 -0.0
-0.0 -0.0 -0.0
-0.0 -0.0 -0.0
-0.0 -0.0 -0.0
-0.0 -0.0 -0.0
-0.0 -0.0 -0.0
-0.0 -0.0 -0.0
-0.0 -0.0 -0.0
-0.0 -0.0 -0.0
-0.0 -0.0 -0.0
-0.0 -0.0 -0.0

VECTORS Funs-vector float
0.0 0.0 5.1011024761372685e-11
0.0 0.0 -5.096097175572218e-10
0.0 0.0 -8.40483628394636e-10
0.0 0.0 -1.6148654319706527e-9
0.0 0.0 -2.2028610408491266e-9
0.0 0.0 -3.146135287284221e-9
0.0 0.0 -4.076562687146657e-9
0.0 0.0 -3.819444195924419e-9
0.0 0.0 -4.048645012396027e-9
0.0 0.0 -5.290394781099206e-9
0.0 0.0 -5.0760312498397125e-9
0.0 0.0 -6.930062821126546e-9
0.0 0.0 -8.855815540392018e-9
0.0 0.0 -9.670493897207385e-9
0.0 0.0 -9.153026882502557e-9
0.0 0.0 -1.0078399273333051e-8
0.0 0.0 -1.0922037146538518e-8
0.0 0.0 -1.5981358073722367e-8
0.0 0.0 -1.5850526937020512e-8
0.0 0.0 -1.9045462478944766e-8
0.0 0.0 -1.762757211879786e-8
0.0 0.0 -1.6913955555111063e-8
0.0 0.0 -2.0565590891168514e-8
0.0 0.0 -2.1582086932569473e-8
0.0 0.0 -1.7585685621425793e-8
0.0 0.0 -2.7835499628279033e-8
0.0 0.0 -2.2668664216909562e-8
0.0 0.0 -2.6630542092125475e-8
0.0 0.0 -2.6673717026077455e-8
0.0 0.0 -2.6955730837375415e-8
0.0 0.0 -3.264299606450178e-8
0.0 0.0 -3.4538666919603814e-8
0.0 0.0 -3.725759707398144e-8
0.0 0.0 -2.580844610801181e-8
0.0 0.0 -2.1018279370984618e-8
0.0 0.0 -1.8503965477609603e-8
0.0 0.0 -1.5764264180298774e-8
0.0 0.0 -1.4228628024694275e-8
0.0 0.0 -2.2643248368544207e-8
0.0 0.0 -1.4344227376431572e-8
0.0 0.0 -6.376963504675279e-9
0.0 0.0 -1.395870261123966e-9
0.0 0.0 6.2544731707419836e-9
0.0 0.0 1.780454103488882e-8
0.0 0.0 1.3067988553559324e-8
0.0 0.0 1.8692452393891706e-8
0.0 0.0 2.977248897434501e-8
0.0 0.0 1.1112987132746855e-8
0.0 0.0 2.2600572716319624e-8
0.0 0.0 1.5016242683183296e-8
0.0 0.0 1.2156284701159976e-8
0.0 0.0 5.555369398813579e-9
0.0 0.0 1.7243139497361874e-8
0.0 0.0 1.2609359131060845e-8
0.0 0.0 2.9423641007318898e-8
0.0 0.0 3.143359791086167e-8
0.0 0.0 2.996716359746811e-8
0.0 0.0 3.212833963236636e-8
0.0 0.0 3.980490340802841e-8
0.0 0.0 3.2945364243240174e-8
0.0 0.0 3.722648908880405e-8
0.0 0.0 4.103832651614521e-8
0.0 0.0 4.231682700074449e-8
0.0 0.0 2.3963947521573503e-8
0.0 0.0 8.86850432352767e-9
0.0 0.0 1.1225781427851794e-8
0.0 0.0 4.648665842566462e-9
0.0 0.0 1.5157091849960724e-8
0.0 0.0 2.1857613926265748e-8
0.0 0.0 2.008009218789988e-8
0.0 0.0 2.8026735443026076e-8
0.0 0.0 1.9264692790618527e-8
0.0 0.0 1.5279069520078143e-8
0.0 0.0 1.1109291423779746e-8
0.0 0.0 1.2751486287290185e-8
0.0 0.0 6.658855390278e-9
0.0 0.0 7.486910564872254e-9
0.0 0.0 1.0370198792329303e-8
0.0 0.0 1.0092405326678023e-8
0.0 0.0 8.676550026002306e-9
0.0 0.0 3.969724872260881e-9
0.0 0.0 -4.941921507002988e-11
0.0 0.0 2.368373973741026e-9
0.0 0.0 8.465989820779028e-10
0.0 0.0 -4.91246038421946e-11
0.0 0.0 -1.1264528344119611e-9
0.0 0.0 -5.417260281234403e-10
0.0 0.0 -1.0331764762828172e-9
0.0 0.0 2.2357459698662906e-10
0.0 0.0 -6.229688316699912e-10
0.0 0.0 -5.047243592310953e-10
0.0 0.0 2.6403361610388917e-10
0.0 0.0 -1.0918110901691828e-10
0.0 0.0 3.0600626483182226e-10
0.0 0.0 1.0466912039181192e-10
0.0 0.0 1.848837196014609e-10
0.0 0.0 1.059033739384195e-10
0.0 0.0 7.21803833065961e-11
0.0 0.0 5.99594933552806e-11
0.0 0.0 -4.757691010305722e-11
0.0 0.0 5.1011024761372685e-11
0.0 0.0 -5.096097175572218e-10
0.0 0.0 -8.40483628394636e-10
0.0 0.0 -1.6148654319706527e-9
0.0 0.0 -2.2028610408491266e-9
0.0 0.0 -3.146135287284221e-9
0.0 0.0 -4.076562687146657e-9
0.0 0.0 -3.819444195924419e-9
0.0 0.0 -4.048645012396027e-9
0.0 0.0 -5.290394781099206e-9
0.0 0.0 -5.0760312498397125e-9
0.0 0.0 -6.930062821126546e-9
0.0 0.0 -8.855815540392018e-9
0.0 0.0 -9.670493897207385e-9
0.0 0.0 -9.153026882502557e-9
0.0 0.0 -1.0078399273333051e-8
0.0 0.0 -1.0922037146538518e-8
0.0 0.0 -1.5981358073722367e-8
0.0 0.0 -1.5850526937020512e-8
0.0 0.0 -1.9045462478944766e-8
0.0 0.0 -1.762757211879786e-8
0.0 0.0 -1.6913955555111063e-8
0.0 0.0 -2.0565590891168514e-8
0.0 0.0 -2.1582086932569473e-8
0.0 0.0 -1.7585685621425793e-8
0.0 0.0 -2.7835499628279033e-8
0.0 0.0 -2.2668664216909562e-8
0.0 0.0 -2.6630542092125475e-8
0.0 0.0 -2.6673717026077455e-8
0.0 0.0 -2.6955730837375415e-8
0.0 0.0 -3.264299606450178e-8
0.0 0.0 -3.4538666919603814e-8
0.0 0.0 -3.725759707398144e-8
0.0 0.0 -2.580844610801181e-8
0.0 0.0 -2.1018279370984618e-8
0.0 0.0 -1.8503965477609603e-8
0.0 0.0 -1.5764264180298774e-8
0.0 0.0 -1.4228628024694275e-8
0.0 0.0 -2.2643248368544207e-8
0.0 0.0 -1.4344227376431572e-8
0.0 0.0 -6.376963504675279e-9
0.0 0.0 -1.395870261123966e-9
0.0 0.0 6.2544731707419836e-9
0.0 0.0 1.780454103488882e-8
0.0 0.0 1.3067988553559324e-8
0.0 0.0 1.8692452393891706e-8
0.0 0.0 2.977248897434501e-8
0.0 0.0 1.1112987132746855e-8
0.0 0.0 2.2600572716319624e-8
0.0 0.0 1.5016242683183296e-8
0.0 0.0 1.2156284701159976e-8
0.0 0.0 5.555369398813579e-9
0.0 0.0 1.7243139497361874e-8
0.0 0.0 1.2609359131060845e-8
0.0 0.0 2.9423641007318898e-8
0.0 0.0 3.143359791086167e-8
0.0 0.0 2.996716359746811e-8
0.0 0.0 3.212833963236636e-8
0.0 0.0 3.980490340802841e-8
0.0 0.0 3.2945364243240174e-8
0.0 0.0 3.722648908880405e-8
0.0 0.0 4.103832651614521e-8
0.0 0.0 4.231682700074449e-8
0.0 0.0 2.3963947521573503e-8
0.0 0.0 8.86850432352767e-9
0.0 0.0 1.1225781427851794e-8
0.0 0.0 4.648665842566462e-9
0.0 0.0 1.5157091849960724e-8
0.0 0.0 2.1857613926265748e-8
0.0 0.0 2.008009218789988e-8
0.0 0.0 2.8026735443026076e-8
0.0 0.0 1.9264692790618527e-8
0.0 0.0 1.5279069520078143e-8
0.0 0.0 1.1109291423779746e-8
0.0 0.0 1.2751486287290185e-8
0.0 0.0 6.658855390278e-9
0.0 0.0 7.486910564872254e-9
0.0 0.0 1.0370198792329303e-8
0.0 0.0 1.0092405326678023e-8
0.0 0.0 8.676550026002306e-9
0.0 0.0 3.969724872260881e-9
0.0 0.0 -4.941921507002988e-11
0.0 0.0 2.368373973741026e-9
0.0 0.0 8.465989820779028e-10
0.0 0.0 -4.91246038421946e-11
0.0 0.0 -1.1264528344119611e-9
0.0 0.0 -5.417260281234403e-10
0.0 0.0 -1.0331764762828172e-9
0.0 0.0 2.2357459698662906e-10
0.0 0.0 -6.229688316699912e-10
0.0 0.0 -5.047243592310953e-10
0.0 0.0 2.6403361610388917e-10
0.0 0.0 -1.0918110901691828e-10
0.0 0.0 3.0600626483182226e-10
0.0 0.0 1.0466912039181192e-10
0.0 0.0 1.848837196014609e-10
0.0 0.0 1.059033739384195e-10
0.0 0.0 7.21803833065961e-11
0.0 0.0 5.99594933552806e-11
0.0 0.0 -4.757691010305722e-11

VECTORS Ftot float
-0.025918340948269183 -0.04167059715034018 0.023206689397359145
-0.04046229483177874 -0.05910777526830592 0.038467888673753704
-0.0526121692145818 -0.07415082420717345 0.054866569846463986
-0.06395799682666366 -0.08839025108614598 0.07293830311167912
-0.07501480341380969 -0.10234051728501171 0.09278165769010469
-0.08589611463672767 -0.11611534790433717 0.11442603023324739
-0.09645971355136744 -0.12957238516453115 0.1378688544211526
-0.10690553812393915 -0.14291156577144473 0.16303330724587264
-0.11702352864876839 -0.15592381230918517 0.1898870097718294
-0.1269238096770004 -0.1687173077430133 0.21833937564658976
-0.1365617295729736 -0.1812483001589 0.2483237313391867
-0.14609696320087406 -0.19367697972875245 0.2797654548060343
-0.1544451859903087 -0.20491844024681796 0.3126901677116452
-0.16196304623592808 -0.21532955628134212 0.3468555264510424
-0.16899805839778037 -0.22525779843394744 0.38204544161951814
-0.17563956596406083 -0.23479249398518912 0.4181190346561518
-0.1813502117462656 -0.24339684434893377 0.4549888222171591
-0.18760157256029836 -0.25254138474178045 0.49237301245416965
-0.19266213782523772 -0.26049512212240794 0.5304276258844912
-0.19588692844239453 -0.26661321504926777 0.5689769138508519
-0.19907605030584063 -0.27269543110690353 0.6075221810941663
-0.20231592264606868 -0.2788285069793972 0.6459347457389031
-0.20535420659827644 -0.2847600057486644 0.6841650927651832
-0.20907875219571367 -0.2913782894319417 0.7220893714048922
-0.21026979449665065 -0.29546274130119476 0.760000331768934
-0.21216302277772559 -0.3002492016772713 0.7972026024182747
-0.21387536801592352 -0.3048547654092344 0.8337532979951268
-0.21624348259195206 -0.310116046288035 0.8695259555196057
-0.21808632410766865 -0.31485205660532456 0.9047138879180954
-0.21869692126202445 -0.31835557021966154 0.939286204185814
-0.2204998121640187 -0.32305616930162306 0.9728448051604873
-0.21937588777610545 -0.32482548121541194 1.0059359821962417
-0.21730654670444186 -0.3256501134179123 1.037859999807848
-0.215574432175071 -0.3268113795248455 1.0682141142086627
-0.21322772180325164 -0.3273580230634933 1.0970672338923262
-0.21203299561395317 -0.32905665799177874 1.1241569053766587
-0.20921318869787237 -0.3291332146708086 1.1500185218699495
-0.20545921662358416 -0.3282725351386838 1.1743597156839078
-0.20071666849668574 -0.32642326489669166 1.1970232176647069
-0.19486886521370597 -0.32346875508222 1.217852525859095
-0.1876895981222919 -0.3191828608079333 1.236662521272092
-0.1811123776609111 -0.3154989985303537 1.2530458210857143
-0.17220575590215723 -0.3094856456752942 1.2676780197131532
-0.15807868781195283 -0.29825186557764405 1.280569480645732
-0.14278915369604167 -0.2858555724763892 1.290072094485383
-0.12299005949227164 -0.26894972432173525 1.2963905129589823
-0.09895537753566247 -0.24780822898937652 1.2989651103191546
-0.05174708996330448 -0.20349318348773718 1.3003166416331382
0.06574549114152085 -0.08889509107757106 1.300857041860555
0.7086780102185206 0.5511366161001297 1.302533647388557
0.7084162926728313 -0.5508749146760995 1.2569036088341095
0.0653336497162817 0.0893068693516521 1.255077781337141
-0.052283662949710125 0.20402969965762063 1.2543158544029802
-0.09977447376553081 0.2486272845883303 1.2526484227113868
-0.1261951811990628 0.27215482104625005 1.249101954972597
-0.14375365261028933 0.2868200372267972 1.2434120481613014
-0.1548098277161993 0.2949829577632818 1.2360547992307516
-0.16891485053720062 0.30619470286205075 1.2248899189510953
-0.17612499412261406 0.3105115692480314 1.212407595294016
-0.18389996217719703 0.31539316675830664 1.1974835318287698
-0.19182069452866143 0.32042053190261016 1.1799770099251243
-0.19836570315399493 0.3240722737956065 1.1603306236809383
-0.2037505609685071 0.3265638293765846 1.1387667278759233
-0.20805319575524317 0.3279731768675103 1.1154810509053807
-0.21067665645535671 0.3277002511504838 1.090774151259477
-0.21407635912712736 0.32820660597331514 1.0642297295539023
-0.21669015104602743 0.32792704534404227 1.0361195795517848
-0.21876682955992266 0.3271103592971613 1.0065314600548507
-0.22120096293700311 0.3266505240625999 0.9753753938413203
-0.22275972118321952 0.32531604346054366 0.9430085339785436
-0.22225923204481743 0.32191787414541495 0.9099422423815664
-0.2211306921019368 0.3178964048026842 0.8761928214910903
-0.21891216719633025 0.3127847053296522 0.8419585448117767
-0.21621604228419272 0.3071954149119551 0.8072351306708219
-0.21419708073738614 0.30228323566046966 0.7718237737706256
-0.21199054299529993 0.29718345795098594 0.735844762400797
-0.210168998447128 0.29246852725695827 0.6992884965796076
-0.2068690366773649 0.2862748195865168 0.6625792004794956
-0.2031138477236053 0.27962641641925473 0.6257461674305433
-0.19999349198122368 0.2736128502536988 0.5886523181318023
-0.1968647446235396 0.2675910167475201 0.5514102442185864
-0.19367485838471726 0.2615078242356609 0.5141595939286705
-0.1882685884484273 0.2532083851667783 0.47744345874210536
-0.18240018473468358 0.24444680466904462 0.44125283196234866
-0.17693407637226946 0.23608698830252672 0.4055159309820984
-0.17062743421170207 0.22688717036337025 0.37049716079133144
-0.1633728522490647 0.21673935320239468 0.3363957865744462
-0.15623019554618323 0.20670344293392742 0.30320525200902004
-0.14737509476979144 0.19495511450541028 0.2713384569318369
-0.1379292031961188 0.18261577072953938 0.24085295014373126
-0.12818329295579928 0.1699767824822617 0.21179481642879774
-0.11818677411565942 0.15708704719048916 0.18422547339902276
-0.10790724348251636 0.14391326009995778 0.158219652977359
-0.097419640261137 0.13053229834594637 0.13383360249350862
-0.08676695975651118 0.1169861847738125 0.11111434308590425
-0.07585722548951387 0.10318292818865689 0.09012142479106947
-0.06465337670849931 0.08908562098055445 0.07088872041666708
-0.05320030832240445 0.07473895596695926 0.0533697210177751
-0.040957869487305974 0.05960334040587925 0.03746351326681177
-0.02628354489530916 0.04203579144834685 0.022657194592980576
-0.025918340948269183 -0.04167059715034018 0.023206689397359145
-0.04046229483177874 -0.05910777526830592 0.038467888673753704
-0.0526121692145818 -0.07415082420717345 0.054866569846463986
-0.06395799682666366 -0.08839025108614598 0.07293830311167912
-0.07501480341380969 -0.10234051728501171 0.09278165769010469
-0.08589611463672767 -0.11611534790433717 0.11442603023324739
-0.09645971355136744 -0.12957238516453115 0.1378688544211526
-0.10690553812393915 -0.14291156577144473 0.16303330724587264
-0.11702352864876839 -0.15592381230918517 0.1898870097718294
-0.1269238096770004 -0.1687173077430133 0.21833937564658976
-0.1365617295729736 -0.1812483001589 0.2483237313391867
-0.14609696320087406 -0.19367697972875245 0.2797654548060343
-0.1544451859903087 -0.20491844024681796 0.3126901677116452
-0.16196304623592808 -0.21532955628134212 0.3468555264510424
-0.16899805839778037 -0.22525779843394744 0.38204544161951814
-0.17563956596406083 -0.23479249398518912 0.4181190346561518
-0.1813502117462656 -0.24339684434893377 0.4549888222171591
-0.18760157256029836 -0.25254138474178045 0.49237301245416965
-0.19266213782523772 -0.26049512212240794 0.5304276258844912
-0.19588692844239453 -0.26661321504926777 0.5689769138508519
-0.19907605030584063 -0.27269543110690353 0.6075221810941663
-0.20231592264606868 -0.2788285069793972 0.6459347457389031
-0.20535420659827644 -0.2847600057486644 0.6841650927651832
-0.20907875219571367 -0.2913782894319417 0.7220893714048922
-0.21026979449665065 -0.29546274130119476 0.760000331768934
-0.21216302277772559 -0.3002492016772713 0.7972026024182747
-0.21387536801592352 -0.3048547654092344 0.8337532979951268
-0.21624348259195206 -0.310116046288035 0.8695259555196057
-0.21808632410766865 -0.31485205660532456 0.9047138879180954
-0.21869692126202445 -0.31835557021966154 0.939286204185814
-0.2204998121640187 -0.32305616930162306 0.9728448051604873
-0.21937588777610545 -0.32482548121541194 1.0059359821962417
-0.21730654670444186 -0.3256501134179123 1.037859999807848
-0.215574432175071 -0.3268113795248455 1.0682141142086627
-0.21322772180325164 -0.3273580230634933 1.0970672338923262
-0.21203299561395317 -0.32905665799177874 1.1241569053766587
-0.20921318869787237 -0.3291332146708086 1.1500185218699495
-0.20545921662358416 -0.3282725351386838 1.1743597156839078
-0.20071666849668574 -0.32642326489669166 1.1970232176647069
-0.19486886521370597 -0.32346875508222 1.217852525859095
-0.1876895981222919 -0.3191828608079333 1.236662521272092
-0.1811123776609111 -0.3154989985303537 1.2530458210857143
-0.17220575590215723 -0.3094856456752942 1.2676780197131532
-0.15807868781195283 -0.29825186557764405 1.280569480645732
-0.14278915369604167 -0.2858555724763892 1.290072094485383
-0.12299005949227164 -0.26894972432173525 1.2963905129589823
-0.09895537753566247 -0.24780822898937652 1.2989651103191546
-0.05174708996330448 -0.20349318348773718 1.3003166416331382
0.06574549114152085 -0.08889509107757106 1.300857041860555
0.7086780102185206 0.5511366161001297 1.302533647388557
0.7084162926728313 -0.5508749146760995 1.2569036088341095
0.0653336497162817 0.0893068693516521 1.255077781337141
-0.052283662949710125 0.20402969965762063 1.2543158544029802
-0.09977447376553081 0.2486272845883303 1.2526484227113868
-0.1261951811990628 0.27215482104625005 1.249101954972597
-0.14375365261028933 0.2868200372267972 1.2434120481613014
-0.1548098277161993 0.2949829577632818 1.2360547992307516
-0.16891485053720062 0.30619470286205075 1.2248899189510953
-0.17612499412261406 0.3105115692480314 1.212407595294016
-0.18389996217719703 0.31539316675830664 1.1974835318287698
-0.19182069452866143 0.32042053190261016 1.1799770099251243
-0.19836570315399493 0.3240722737956065 1.1603306236809383
-0.2037505609685071 0.3265638293765846 1.1387667278759233
-0.20805319575524317 0.3279731768675103 1.1154810509053807
-0.21067665645535671 0.3277002511504838 1.090774151259477
-0.21407635912712736 0.32820660597331514 1.0642297295539023
-0.21669015104602743 0.32792704534404227 1.0361195795517848
-0.21876682955992266 0.3271103592971613 1.0065314600548507
-0.22120096293700311 0.3266505240625999 0.9753753938413203
-0.22275972118321952 0.32531604346054366 0.9430085339785436
-0.22225923204481743 0.32191787414541495 0.9099422423815664
-0.2211306921019368 0.3178964048026842 0.8761928214910903
-0.21891216719633025 0.3127847053296522 0.8419585448117767
-0.21621604228419272 0.3071954149119551 0.8072351306708219
-0.21419708073738614 0.30228323566046966 0.7718237737706256
-0.21199054299529993 0.29718345795098594 0.735844762400797
-0.210168998447128 0.29246852725695827 0.6992884965796076
-0.2068690366773649 0.2862748195865168 0.6625792004794956
-0.2031138477236053 0.27962641641925473 0.6257461674305433
-0.19999349198122368 0.2736128502536988 0.5886523181318023
-0.1968647446235396 0.2675910167475201 0.5514102442185864
-0.19367485838471726 0.2615078242356609 0.5141595939286705
-0.1882685884484273 0.2532083851667783 0.47744345874210536
-0.18240018473468358 0.24444680466904462 0.44125283196234866
-0.17693407637226946 0.23608698830252672 0.4055159309820984
-0.17062743421170207 0.22688717036337025 0.37049716079133144
-0.1633728522490647 0.21673935320239468 0.3363957865744462
-0.15623019554618323 0.20670344293392742 0.30320525200902004
-0.14737509476979144 0.19495511450541028 0.2713384569318369
-0.1379292031961188 0.18261577072953938 0.24085295014373126
-0.12818329295579928 0.1699767824822617 0.21179481642879774
-0.11818677411565942 0.15708704719048916 0.18422547339902276
-0.10790724348251636 0.14391326009995778 0.158219652977359
-0.097419640261137 0.13053229834594637 0.13383360249350862
-0.08676695975651118 0.1169861847738125 0.11111434308590425
-0.07585722548951387 0.10318292818865689 0.09012142479106947
-0.06465337670849931 0.08908562098055445 0.07088872041666708
-0.05320030832240445 0.07473895596695926 0.0533697210177751
-0.040957869487305974 0.05960334040587925 0.03746351326681177
-0.02628354489530916 0.04203579144834685 0.022657194592980576

VECTORS Vvpm_AB float
0.16222524642944336 0.17227885127067566 -0.7237226963043213
0.16222673654556274 0.17227891087532043 -0.7237271666526794
0.162228524684906 0.1722792685031891 -0.7237344980239868
0.16221751272678375 0.17228065431118011 -0.7237094640731812
0.1622118204832077 0.17228193581104279 -0.7236987352371216
0.1622062772512436 0.172282412648201 -0.7236865758895874
0.16220316290855408 0.17228330671787262 -0.723680853843689
0.16220194101333618 0.17228375375270844 -0.7236800789833069
0.16218475997447968 0.17228512465953827 -0.723638653755188
0.16218751668930054 0.17228484153747559 -0.723646879196167
0.16219237446784973 0.17228403687477112 -0.7236596345901489
0.162192240357399 0.17228233814239502 -0.7236570119857788
0.16219520568847656 0.1722812056541443 -0.7236619591712952
0.16219773888587952 0.17228014767169952 -0.7236657738685608
0.1622011363506317 0.17227862775325775 -0.7236700057983398
0.1622033268213272 0.17227797210216522 -0.7236750721931458
0.1622011363506317 0.17227554321289062 -0.7236649990081787
0.1622033715248108 0.1722750961780548 -0.7236700654029846
0.16220545768737793 0.17227470874786377 -0.7236748933792114
0.16220739483833313 0.1722732037305832 -0.7236760854721069
0.16221129894256592 0.17227226495742798 -0.723682165145874
0.16221266984939575 0.1722719818353653 -0.7236852645874023
0.16221356391906738 0.17227183282375336 -0.7236878871917725
0.1622113585472107 0.17226892709732056 -0.7236791253089905
0.16221264004707336 0.17226725816726685 -0.7236777544021606
0.16221317648887634 0.17226707935333252 -0.7236800193786621
0.16221371293067932 0.1722671389579773 -0.7236824035644531
0.16221550107002258 0.1722666472196579 -0.723685622215271
0.1622169464826584 0.17226648330688477 -0.7236886024475098
0.16222164034843445 0.1722646802663803 -0.7236958742141724
0.16219693422317505 0.17226234078407288 -0.7236204147338867
0.16219893097877502 0.17226187884807587 -0.7236238121986389
0.16220000386238098 0.17225836217403412 -0.7236150503158569
0.16220040619373322 0.17225836217403412 -0.7236161231994629
0.1622006595134735 0.17225857079029083 -0.7236175537109375
0.16220107674598694 0.17225828766822815 -0.7236188054084778
0.16218975186347961 0.1722497195005417 -0.7235758900642395
0.16219119727611542 0.17224939167499542 -0.7235790491104126
0.1621924489736557 0.17224937677383423 -0.7235822677612305
0.1621939241886139 0.17224906384944916 -0.7235851287841797
0.16219350695610046 0.17224948108196259 -0.7235867977142334
0.16219279170036316 0.17224949598312378 -0.7235885858535767
0.1621936857700348 0.1722494214773178 -0.7235914468765259
0.16219466924667358 0.17224939167499542 -0.7235939502716064
0.1621955931186676 0.17224934697151184 -0.7235969305038452
0.16219651699066162 0.1722491979598999 -0.7235997319221497
0.16219842433929443 0.1722489446401596 -0.7236031293869019
0.16219928860664368 0.17224891483783722 -0.723605751991272
0.16219347715377808 0.17224985361099243 -0.723594069480896
0.16217206418514252 0.1722363829612732 -0.7235121130943298
0.1621713936328888 0.1722363382577896 -0.7235122919082642
0.16219162940979004 0.17224949598312378 -0.7235947847366333
0.1621975302696228 0.17224833369255066 -0.7236064076423645
0.1621965765953064 0.17224840819835663 -0.7236036062240601
0.1621948778629303 0.17224858701229095 -0.7236000299453735
0.16219401359558105 0.17224851250648499 -0.7235973477363586
0.16219303011894226 0.1722487211227417 -0.7235945463180542
0.1621919870376587 0.17224904894828796 -0.7235919237136841
0.16219118237495422 0.172248974442482 -0.7235891819000244
0.1621919572353363 0.17224881052970886 -0.7235875725746155
0.1621922254562378 0.17224884033203125 -0.723585844039917
0.16219089925289154 0.1722489446401596 -0.7235826253890991
0.16218967735767365 0.17224912345409393 -0.7235797643661499
0.16218827664852142 0.1722491979598999 -0.723576545715332
0.16219860315322876 0.17225737869739532 -0.723619818687439
0.16219821572303772 0.172257661819458 -0.7236183881759644
0.16219782829284668 0.172257661819458 -0.7236169576644897
0.16219761967658997 0.1722577065229416 -0.7236156463623047
0.16219741106033325 0.17226147651672363 -0.7236243486404419
0.16219574213027954 0.17226175963878632 -0.7236210107803345
0.16222068667411804 0.17226442694664001 -0.7236959934234619
0.1622156798839569 0.1722659170627594 -0.7236889600753784
0.1622142195701599 0.17226630449295044 -0.7236860990524292
0.1622125208377838 0.1722666323184967 -0.7236828804016113
0.16221199929714203 0.17226673662662506 -0.7236804962158203
0.16221138834953308 0.1722668558359146 -0.7236784100532532
0.1622106432914734 0.17226888239383698 -0.7236793041229248
0.1622123420238495 0.17227129638195038 -0.7236882448196411
0.1622115820646286 0.17227160930633545 -0.723685622215271
0.162210151553154 0.17227201163768768 -0.723682701587677
0.16220596432685852 0.17227302491664886 -0.7236764430999756
0.16220450401306152 0.1722744107246399 -0.7236753702163696
0.162202388048172 0.17227484285831451 -0.723670482635498
0.1622002273797989 0.1722753643989563 -0.7236653566360474
0.16220229864120483 0.17227782309055328 -0.723675549030304
0.1621999740600586 0.17227832973003387 -0.7236701250076294
0.1621967852115631 0.17227976024150848 -0.7236660718917847
0.16219462454319 0.17228102684020996 -0.7236621975898743
0.1621919870376587 0.17228218913078308 -0.7236568927764893
0.16219185292720795 0.17228391766548157 -0.7236597537994385
0.16218647360801697 0.172284334897995 -0.7236472368240356
0.16218364238739014 0.17228464782238007 -0.7236391305923462
0.16220051050186157 0.17228324711322784 -0.7236806154251099
0.1622011661529541 0.17228254675865173 -0.7236815690994263
0.16220438480377197 0.17228201031684875 -0.7236870527267456
0.16220957040786743 0.17228101193904877 -0.7236994504928589
0.16221532225608826 0.17228007316589355 -0.7237101793289185
0.16222625970840454 0.17227865755558014 -0.7237350940704346
0.1622244417667389 0.17227812111377716 -0.7237280607223511
0.1622225046157837 0.17227792739868164 -0.7237237691879272
0.16222524642944336 0.17227885127067566 -0.7237226963043213
0.16222673654556274 0.17227891087532043 -0.7237271666526794
0.162228524684906 0.1722792685031891 -0.7237344980239868
0.16221751272678375 0.17228065431118011 -0.7237094640731812
0.1622118204832077 0.17228193581104279 -0.7236987352371216
0.1622062772512436 0.172282412648201 -0.7236865758895874
0.16220316290855408 0.17228330671787262 -0.723680853843689
0.16220194101333618 0.17228375375270844 -0.7236800789833069
0.16218475997447968 0.17228512465953827 -0.723638653755188
0.16218751668930054 0.17228484153747559 -0.723646879196167
0.16219237446784973 0.17228403687477112 -0.7236596345901489
0.162192240357399 0.17228233814239502 -0.7236570119857788
0.16219520568847656 0.1722812056541443 -0.7236619591712952
0.16219773888587952 0.17228014767169952 -0.7236657738685608
0.1622011363506317 0.17227862775325775 -0.7236700057983398
0.1622033268213272 0.17227797210216522 -0.7236750721931458
0.1622011363506317 0.17227554321289062 -0.7236649990081787
0.1622033715248108 0.1722750961780548 -0.7236700654029846
0.16220545768737793 0.17227470874786377 -0.7236748933792114
0.16220739483833313 0.1722732037305832 -0.7236760854721069
0.16221129894256592 0.17227226495742798 -0.723682165145874
0.16221266984939575 0.1722719818353653 -0.7236852645874023
0.16221356391906738 0.17227183282375336 -0.7236878871917725
0.1622113585472107 0.17226892709732056 -0.7236791253089905
0.16221264004707336 0.17226725816726685 -0.7236777544021606
0.16221317648887634 0.17226707935333252 -0.7236800193786621
0.16221371293067932 0.1722671389579773 -0.7236824035644531
0.16221550107002258 0.1722666472196579 -0.723685622215271
0.1622169464826584 0.17226648330688477 -0.7236886024475098
0.16222164034843445 0.1722646802663803 -0.7236958742141724
0.16219693422317505 0.17226234078407288 -0.7236204147338867
0.16219893097877502 0.17226187884807587 -0.7236238121986389
0.16220000386238098 0.17225836217403412 -0.7236150503158569
0.16220040619373322 0.17225836217403412 -0.7236161231994629
0.1622006595134735 0.17225857079029083 -0.7236175537109375
0.16220107674598694 0.17225828766822815 -0.7236188054084778
0.16218975186347961 0.1722497195005417 -0.7235758900642395
0.16219119727611542 0.17224939167499542 -0.7235790491104126
0.1621924489736557 0.17224937677383423 -0.7235822677612305
0.1621939241886139 0.17224906384944916 -0.7235851287841797
0.16219350695610046 0.17224948108196259 -0.7235867977142334
0.16219279170036316 0.17224949598312378 -0.7235885858535767
0.1621936857700348 0.1722494214773178 -0.7235914468765259
0.16219466924667358 0.17224939167499542 -0.7235939502716064
0.1621955931186676 0.17224934697151184 -0.7235969305038452
0.16219651699066162 0.1722491979598999 -0.7235997319221497
0.16219842433929443 0.1722489446401596 -0.7236031293869019
0.16219928860664368 0.17224891483783722 -0.723605751991272
0.16219347715377808 0.17224985361099243 -0.723594069480896
0.16217206418514252 0.1722363829612732 -0.7235121130943298
0.1621713936328888 0.1722363382577896 -0.7235122919082642
0.16219162940979004 0.17224949598312378 -0.7235947847366333
0.1621975302696228 0.17224833369255066 -0.7236064076423645
0.1621965765953064 0.17224840819835663 -0.7236036062240601
0.1621948778629303 0.17224858701229095 -0.7236000299453735
0.16219401359558105 0.17224851250648499 -0.7235973477363586
0.16219303011894226 0.1722487211227417 -0.7235945463180542
0.1621919870376587 0.17224904894828796 -0.7235919237136841
0.16219118237495422 0.172248974442482 -0.7235891819000244
0.1621919572353363 0.17224881052970886 -0.7235875725746155
0.1621922254562378 0.17224884033203125 -0.723585844039917
0.16219089925289154 0.1722489446401596 -0.7235826253890991
0.16218967735767365 0.17224912345409393 -0.7235797643661499
0.16218827664852142 0.1722491979598999 -0.723576545715332
0.16219860315322876 0.17225737869739532 -0.723619818687439
0.16219821572303772 0.172257661819458 -0.7236183881759644
0.16219782829284668 0.172257661819458 -0.7236169576644897
0.16219761967658997 0.1722577065229416 -0.7236156463623047
0.16219741106033325 0.17226147651672363 -0.7236243486404419
0.16219574213027954 0.17226175963878632 -0.7236210107803345
0.16222068667411804 0.17226442694664001 -0.7236959934234619
0.1622156798839569 0.1722659170627594 -0.7236889600753784
0.1622142195701599 0.17226630449295044 -0.7236860990524292
0.1622125208377838 0.1722666323184967 -0.7236828804016113
0.16221199929714203 0.17226673662662506 -0.7236804962158203
0.16221138834953308 0.1722668558359146 -0.7236784100532532
0.1622106432914734 0.17226888239383698 -0.7236793041229248
0.1622123420238495 0.17227129638195038 -0.7236882448196411
0.1622115820646286 0.17227160930633545 -0.723685622215271
0.162210151553154 0.17227201163768768 -0.723682701587677
0.16220596432685852 0.17227302491664886 -0.7236764430999756
0.16220450401306152 0.1722744107246399 -0.7236753702163696
0.162202388048172 0.17227484285831451 -0.723670482635498
0.1622002273797989 0.1722753643989563 -0.7236653566360474
0.16220229864120483 0.17227782309055328 -0.723675549030304
0.1621999740600586 0.17227832973003387 -0.7236701250076294
0.1621967852115631 0.17227976024150848 -0.7236660718917847
0.16219462454319 0.17228102684020996 -0.7236621975898743
0.1621919870376587 0.17228218913078308 -0.7236568927764893
0.16219185292720795 0.17228391766548157 -0.7236597537994385
0.16218647360801697 0.172284334897995 -0.7236472368240356
0.16218364238739014 0.17228464782238007 -0.7236391305923462
0.16220051050186157 0.17228324711322784 -0.7236806154251099
0.1622011661529541 0.17228254675865173 -0.7236815690994263
0.16220438480377197 0.17228201031684875 -0.7236870527267456
0.16220957040786743 0.17228101193904877 -0.7236994504928589
0.16221532225608826 0.17228007316589355 -0.7237101793289185
0.16222625970840454 0.17227865755558014 -0.7237350940704346
0.1622244417667389 0.17227812111377716 -0.7237280607223511
0.1622225046157837 0.17227792739868164 -0.7237237691879272