# vtk DataFile Version 4.0
[MyVLM domain - lattices] 
ASCII
DATASET UNSTRUCTURED_GRID
POINTS 302 float
1.2444999999999997 -1.2445 0.0
1.2399745454545452 -1.2399745454545454 0.0
1.2346178849721705 -1.2346178849721707 0.0
1.2284300185528754 -1.2284300185528756 0.0
1.2214109461966602 -1.2214109461966605 0.0
1.2135606679035247 -1.213560667903525 0.0
1.2048791836734691 -1.2048791836734694 0.0
1.1953664935064932 -1.1953664935064934 0.0
1.1850225974025972 -1.1850225974025974 0.0
1.1738474953617808 -1.173847495361781 0.0
1.1618411873840442 -1.1618411873840444 0.0
1.1490036734693874 -1.1490036734693876 0.0
1.1353349536178106 -1.1353349536178108 0.0
1.1208350278293133 -1.1208350278293135 0.0
1.1055038961038959 -1.105503896103896 0.0
1.0893415584415582 -1.0893415584415584 0.0
1.0723480148423004 -1.0723480148423006 0.0
1.054523265306122 -1.0545232653061223 0.0
1.0358673098330238 -1.035867309833024 0.0
1.0163801484230053 -1.0163801484230055 0.0
0.9960617810760664 -0.9960617810760668 0.0
0.9749122077922076 -0.9749122077922077 0.0
0.9529314285714284 -0.9529314285714284 0.0
0.9301194434137288 -0.930119443413729 0.0
0.9064762523191091 -0.9064762523191096 0.0
0.8820018552875695 -0.8820018552875695 0.0
0.8566962523191093 -0.8566962523191094 0.0
0.8305594434137288 -0.8305594434137291 0.0
0.8035914285714284 -0.8035914285714285 0.0
0.7757922077922076 -0.7757922077922077 0.0
0.7471617810760666 -0.7471617810760667 0.0
0.7177001484230053 -0.7177001484230054 0.0
0.6874073098330239 -0.687407309833024 0.0
0.6562832653061222 -0.6562832653061225 0.0
0.6243280148423004 -0.6243280148423005 0.0
0.5915415584415582 -0.5915415584415583 0.0
0.5579238961038958 -0.5579238961038959 0.0
0.5234750278293133 -0.5234750278293134 0.0
0.48819495361781057 -0.48819495361781057 0.0
0.4520836734693877 -0.4520836734693877 0.0
0.4151411873840445 -0.4151411873840446 0.0
0.37736749536178105 -0.37736749536178116 0.0
0.3387625974025974 -0.3387625974025974 0.0
0.2993264935064933 -0.29932649350649343 0.0
0.25905918367346925 -0.25905918367346925 0.0
0.21796066790352486 -0.21796066790352486 0.0
0.17603094619666027 -0.1760309461966605 0.0
0.13327001855287546 -0.13327001855287568 0.0
0.08967788497217066 -0.08967788497217066 0.0
0.045254545454545436 -0.045254545454545436 0.0
0.0 0.0 0.0
0.04525454545454545 0.04525454545454546 0.0
0.08967788497217066 0.08967788497217068 0.0
0.13327001855287568 0.1332700185528757 0.0
0.17603094619666046 0.1760309461966605 0.0
0.21796066790352497 0.21796066790352508 0.0
0.2590591836734693 0.25905918367346936 0.0
0.29932649350649343 0.2993264935064935 0.0
0.3387625974025973 0.33876259740259734 0.0
0.37736749536178094 0.377367495361781 0.0
0.41514118738404443 0.4151411873840445 0.0
0.45208367346938766 0.4520836734693878 0.0
0.48819495361781057 0.4881949536178107 0.0
0.5234750278293133 0.5234750278293134 0.0
0.5579238961038959 0.557923896103896 0.0
0.5915415584415582 0.5915415584415583 0.0
0.6243280148423003 0.6243280148423004 0.0
0.6562832653061222 0.6562832653061225 0.0
0.687407309833024 0.6874073098330241 0.0
0.7177001484230054 0.7177001484230056 0.0
0.7471617810760667 0.7471617810760669 0.0
0.7757922077922076 0.7757922077922077 0.0
0.8035914285714284 0.8035914285714285 0.0
0.8305594434137288 0.830559443413729 0.0
0.8566962523191093 0.8566962523191094 0.0
0.8820018552875692 0.8820018552875695 0.0
0.9064762523191091 0.9064762523191093 0.0
0.9301194434137288 0.9301194434137292 0.0
0.9529314285714284 0.9529314285714284 0.0
0.9749122077922076 0.9749122077922077 0.0
0.9960617810760666 0.9960617810760668 0.0
1.0163801484230053 1.0163801484230055 0.0
1.0358673098330238 1.035867309833024 0.0
1.054523265306122 1.0545232653061223 0.0
1.0723480148423001 1.0723480148423004 0.0
1.0893415584415582 1.0893415584415584 0.0
1.1055038961038959 1.105503896103896 0.0
1.120835027829313 1.1208350278293133 0.0
1.1353349536178106 1.1353349536178106 0.0
1.1490036734693874 1.1490036734693876 0.0
1.1618411873840444 1.1618411873840446 0.0
1.1738474953617808 1.173847495361781 0.0
1.1850225974025972 1.1850225974025972 0.0
1.1953664935064932 1.1953664935064934 0.0
1.2048791836734691 1.2048791836734694 0.0
1.2135606679035245 1.2135606679035247 0.0
1.22141094619666 1.2214109461966602 0.0
1.2284300185528754 1.2284300185528756 0.0
1.2346178849721703 1.2346178849721705 0.0
1.2399745454545452 1.2399745454545454 0.0
1.2444999999999997 1.2445 0.0
1.7422999999999997 -1.2445 0.0
1.7377745454545452 -1.2399745454545454 0.0
1.7324178849721703 -1.2346178849721707 0.0
1.7262300185528754 -1.2284300185528756 0.0
1.7192109461966603 -1.2214109461966605 0.0
1.7113606679035245 -1.213560667903525 0.0
1.7026791836734692 -1.2048791836734694 0.0
1.6931664935064934 -1.1953664935064934 0.0
1.6828225974025972 -1.1850225974025974 0.0
1.6716474953617806 -1.173847495361781 0.0
1.6596411873840444 -1.1618411873840444 0.0
1.6468036734693878 -1.1490036734693876 0.0
1.6331349536178106 -1.1353349536178108 0.0
1.6186350278293133 -1.1208350278293135 0.0
1.603303896103896 -1.105503896103896 0.0
1.5871415584415582 -1.0893415584415584 0.0
1.5701480148423004 -1.0723480148423006 0.0
1.552323265306122 -1.0545232653061223 0.0
1.5336673098330238 -1.035867309833024 0.0
1.5141801484230053 -1.0163801484230055 0.0
1.4938617810760666 -0.9960617810760668 0.0
1.4727122077922075 -0.9749122077922077 0.0
1.4507314285714283 -0.9529314285714284 0.0
1.4279194434137288 -0.930119443413729 0.0
1.4042762523191092 -0.9064762523191096 0.0
1.3798018552875693 -0.8820018552875695 0.0
1.3544962523191093 -0.8566962523191094 0.0
1.328359443413729 -0.8305594434137291 0.0
1.3013914285714283 -0.8035914285714285 0.0
1.2735922077922077 -0.7757922077922077 0.0
1.2449617810760665 -0.7471617810760667 0.0
1.2155001484230055 -0.7177001484230054 0.0
1.1852073098330238 -0.687407309833024 0.0
1.1540832653061224 -0.6562832653061225 0.0
1.1221280148423003 -0.6243280148423005 0.0
1.0893415584415582 -0.5915415584415583 0.0
1.055723896103896 -0.5579238961038959 0.0
1.0212750278293132 -0.5234750278293134 0.0
0.9859949536178108 -0.48819495361781057 0.0
0.9498836734693876 -0.4520836734693877 0.0
0.9129411873840445 -0.4151411873840446 0.0
0.875167495361781 -0.37736749536178116 0.0
0.8365625974025973 -0.3387625974025974 0.0
0.7971264935064933 -0.29932649350649343 0.0
0.7568591836734693 -0.25905918367346925 0.0
0.7157606679035249 -0.21796066790352486 0.0
0.6738309461966603 -0.1760309461966605 0.0
0.6310700185528755 -0.13327001855287568 0.0
0.5874778849721707 -0.08967788497217066 0.0
0.5430545454545455 -0.045254545454545436 0.0
0.4978 0.0 0.0
0.5430545454545455 0.04525454545454546 0.0
0.5874778849721707 0.08967788497217068 0.0
0.6310700185528757 0.1332700185528757 0.0
0.6738309461966605 0.1760309461966605 0.0
0.715760667903525 0.21796066790352508 0.0
0.7568591836734693 0.25905918367346936 0.0
0.7971264935064934 0.2993264935064935 0.0
0.8365625974025973 0.33876259740259734 0.0
0.875167495361781 0.377367495361781 0.0
0.9129411873840445 0.4151411873840445 0.0
0.9498836734693876 0.4520836734693878 0.0
0.9859949536178105 0.4881949536178107 0.0
1.0212750278293132 0.5234750278293134 0.0
1.055723896103896 0.557923896103896 0.0
1.0893415584415582 0.5915415584415583 0.0
1.1221280148423003 0.6243280148423004 0.0
1.1540832653061224 0.6562832653061225 0.0
1.185207309833024 0.6874073098330241 0.0
1.2155001484230055 0.7177001484230056 0.0
1.2449617810760667 0.7471617810760669 0.0
1.2735922077922077 0.7757922077922077 0.0
1.3013914285714283 0.8035914285714285 0.0
1.3283594434137287 0.830559443413729 0.0
1.3544962523191093 0.8566962523191094 0.0
1.3798018552875693 0.8820018552875695 0.0
1.4042762523191092 0.9064762523191093 0.0
1.427919443413729 0.9301194434137292 0.0
1.4507314285714283 0.9529314285714284 0.0
1.4727122077922075 0.9749122077922077 0.0
1.4938617810760666 0.9960617810760668 0.0
1.5141801484230053 1.0163801484230055 0.0
1.5336673098330238 1.035867309833024 0.0
1.552323265306122 1.0545232653061223 0.0
1.5701480148423002 1.0723480148423004 0.0
1.5871415584415582 1.0893415584415584 0.0
1.603303896103896 1.105503896103896 0.0
1.6186350278293131 1.1208350278293133 0.0
1.6331349536178106 1.1353349536178106 0.0
1.6468036734693874 1.1490036734693876 0.0
1.6596411873840444 1.1618411873840446 0.0
1.6716474953617806 1.173847495361781 0.0
1.6828225974025972 1.1850225974025972 0.0
1.6931664935064934 1.1953664935064934 0.0
1.7026791836734692 1.2048791836734694 0.0
1.7113606679035245 1.2135606679035247 0.0
1.71921094619666 1.2214109461966602 0.0
1.7262300185528754 1.2284300185528756 0.0
1.7324178849721703 1.2346178849721705 0.0
1.7377745454545452 1.2399745454545454 0.0
1.7422999999999997 1.2445 0.0
1.6155872727272724 -1.2422372727272726 0.0
1.6106462152133578 -1.237296215213358 0.0
1.604873951762523 -1.2315239517625232 0.0
1.598270482374768 -1.224920482374768 0.0
1.5908358070500925 -1.2174858070500927 0.0
1.582569925788497 -1.2092199257884972 0.0
1.5734728385899812 -1.2001228385899814 0.0
1.5635445454545454 -1.1901945454545453 0.0
1.552785046382189 -1.1794350463821892 0.0
1.5411943413729126 -1.1678443413729127 0.0
1.5287724304267158 -1.155422430426716 0.0
1.5155193135435991 -1.142169313543599 0.0
1.501434990723562 -1.1280849907235622 0.0
1.4865194619666047 -1.1131694619666048 0.0
1.4707727272727271 -1.0974227272727273 0.0
1.4541947866419294 -1.0808447866419293 0.0
1.4367856400742112 -1.0634356400742113 0.0
1.418545287569573 -1.0451952875695731 0.0
1.3994737291280146 -1.0261237291280147 0.0
1.379570964749536 -1.0062209647495362 0.0
1.358836994434137 -0.9854869944341371 0.0
1.337271818181818 -0.9639218181818181 0.0
1.3148754359925787 -0.9415254359925787 0.0
1.291647847866419 -0.9182978478664192 0.0
1.2675890538033394 -0.8942390538033393 0.0
1.2426990538033393 -0.8693490538033395 0.0
1.2169778478664193 -0.8436278478664192 0.0
1.1904254359925788 -0.8170754359925788 0.0
1.163041818181818 -0.7896918181818181 0.0
1.1348269944341371 -0.7614769944341371 0.0
1.105780964749536 -0.7324309647495362 0.0
1.0759037291280147 -0.7025537291280148 0.0
1.0451952875695731 -0.6718452875695733 0.0
1.0136556400742114 -0.6403056400742114 0.0
0.9812847866419293 -0.6079347866419293 0.0
0.9480827272727271 -0.5747327272727272 0.0
0.9140494619666047 -0.5406994619666048 0.0
0.8791849907235622 -0.5058349907235622 0.0
0.8434893135435992 -0.47013931354359917 0.0
0.8069624304267162 -0.43361243042671627 0.0
0.7696043413729128 -0.3962543413729128 0.0
0.7314150463821893 -0.3580650463821894 0.0
0.6923945454545455 -0.3190445454545454 0.0
0.6525428385899814 -0.27919283858998134 0.0
0.6118599257884971 -0.23850992578849706 0.0
0.5703458070500929 -0.19699580705009279 0.0
0.5280004823747682 -0.15465048237476808 0.0
0.4848239517625232 -0.11147395176252317 0.0
0.4408162152133581 -0.06746621521335805 0.0
0.39597727272727273 -0.022627272727272718 0.0
0.39597727272727273 0.02262727272727273 0.0
0.4408162152133581 0.06746621521335806 0.0
0.4848239517625232 0.11147395176252319 0.0
0.528000482374768 0.15465048237476808 0.0
0.5703458070500929 0.19699580705009276 0.0
0.6118599257884971 0.23850992578849717 0.0
0.6525428385899814 0.2791928385899814 0.0
0.6923945454545455 0.3190445454545454 0.0
0.7314150463821891 0.3580650463821891 0.0
0.7696043413729128 0.39625434137291277 0.0
0.8069624304267162 0.43361243042671616 0.0
0.8434893135435992 0.4701393135435992 0.0
0.8791849907235619 0.5058349907235621 0.0
0.9140494619666046 0.5406994619666047 0.0
0.9480827272727271 0.5747327272727272 0.0
0.9812847866419294 0.6079347866419295 0.0
1.0136556400742114 0.6403056400742114 0.0
1.0451952875695731 0.6718452875695732 0.0
1.0759037291280147 0.7025537291280147 0.0
1.105780964749536 0.7324309647495362 0.0
1.1348269944341371 0.7614769944341373 0.0
1.163041818181818 0.789691818181818 0.0
1.1904254359925786 0.8170754359925786 0.0
1.216977847866419 0.843627847866419 0.0
1.2426990538033393 0.8693490538033394 0.0
1.2675890538033392 0.8942390538033393 0.0
1.291647847866419 0.9182978478664192 0.0
1.3148754359925787 0.9415254359925787 0.0
1.3372718181818182 0.9639218181818181 0.0
1.3588369944341372 0.9854869944341373 0.0
1.379570964749536 1.0062209647495362 0.0
1.3994737291280148 1.0261237291280147 0.0
1.418545287569573 1.0451952875695731 0.0
1.4367856400742112 1.0634356400742113 0.0
1.4541947866419291 1.0808447866419293 0.0
1.470772727272727 1.097422727272727 0.0
1.4865194619666047 1.1131694619666048 0.0
1.501434990723562 1.128084990723562 0.0
1.5155193135435991 1.1421693135435993 0.0
1.528772430426716 1.1554224304267162 0.0
1.5411943413729128 1.1678443413729127 0.0
1.5527850463821888 1.179435046382189 0.0
1.5635445454545451 1.1901945454545453 0.0
1.573472838589981 1.2001228385899811 0.0
1.5825699257884969 1.209219925788497 0.0
1.5908358070500925 1.2174858070500927 0.0
1.5982704823747678 1.224920482374768 0.0
1.604873951762523 1.2315239517625232 0.0
1.6106462152133578 1.237296215213358 0.0
1.6155872727272724 1.2422372727272726 0.0

CELLS 200 700
4 0 101 102 1
4 1 102 103 2
4 2 103 104 3
4 3 104 105 4
4 4 105 106 5
4 5 106 107 6
4 6 107 108 7
4 7 108 109 8
4 8 109 110 9
4 9 110 111 10
4 10 111 112 11
4 11 112 113 12
4 12 113 114 13
4 13 114 115 14
4 14 115 116 15
4 15 116 117 16
4 16 117 118 17
4 17 118 119 18
4 18 119 120 19
4 19 120 121 20
4 20 121 122 21
4 21 122 123 22
4 22 123 124 23
4 23 124 125 24
4 24 125 126 25
4 25 126 127 26
4 26 127 128 27
4 27 128 129 28
4 28 129 130 29
4 29 130 131 30
4 30 131 132 31
4 31 132 133 32
4 32 133 134 33
4 33 134 135 34
4 34 135 136 35
4 35 136 137 36
4 36 137 138 37
4 37 138 139 38
4 38 139 140 39
4 39 140 141 40
4 40 141 142 41
4 41 142 143 42
4 42 143 144 43
4 43 144 145 44
4 44 145 146 45
4 45 146 147 46
4 46 147 148 47
4 47 148 149 48
4 48 149 150 49
4 49 150 151 50
4 50 151 152 51
4 51 152 153 52
4 52 153 154 53
4 53 154 155 54
4 54 155 156 55
4 55 156 157 56
4 56 157 158 57
4 57 158 159 58
4 58 159 160 59
4 59 160 161 60
4 60 161 162 61
4 61 162 163 62
4 62 163 164 63
4 63 164 165 64
4 64 165 166 65
4 65 166 167 66
4 66 167 168 67
4 67 168 169 68
4 68 169 170 69
4 69 170 171 70
4 70 171 172 71
4 71 172 173 72
4 72 173 174 73
4 73 174 175 74
4 74 175 176 75
4 75 176 177 76
4 76 177 178 77
4 77 178 179 78
4 78 179 180 79
4 79 180 181 80
4 80 181 182 81
4 81 182 183 82
4 82 183 184 83
4 83 184 185 84
4 84 185 186 85
4 85 186 187 86
4 86 187 188 87
4 87 188 189 88
4 88 189 190 89
4 89 190 191 90
4 90 191 192 91
4 91 192 193 92
4 92 193 194 93
4 93 194 195 94
4 94 195 196 95
4 95 196 197 96
4 96 197 198 97
4 97 198 199 98
4 98 199 200 99
4 99 200 201 100
1 202
1 203
1 204
1 205
1 206
1 207
1 208
1 209
1 210
1 211
1 212
1 213
1 214
1 215
1 216
1 217
1 218
1 219
1 220
1 221
1 222
1 223
1 224
1 225
1 226
1 227
1 228
1 229
1 230
1 231
1 232
1 233
1 234
1 235
1 236
1 237
1 238
1 239
1 240
1 241
1 242
1 243
1 244
1 245
1 246
1 247
1 248
1 249
1 250
1 251
1 252
1 253
1 254
1 255
1 256
1 257
1 258
1 259
1 260
1 261
1 262
1 263
1 264
1 265
1 266
1 267
1 268
1 269
1 270
1 271
1 272
1 273
1 274
1 275
1 276
1 277
1 278
1 279
1 280
1 281
1 282
1 283
1 284
1 285
1 286
1 287
1 288
1 289
1 290
1 291
1 292
1 293
1 294
1 295
1 296
1 297
1 298
1 299
1 300
1 301

CELL_TYPES 200
9
9
9
9
9
9
9
9
9
9
9
9
9
9
9
9
9
9
9
9
9
9
9
9
9
9
9
9
9
9
9
9
9
9
9
9
9
9
9
9
9
9
9
9
9
9
9
9
9
9
9
9
9
9
9
9
9
9
9
9
9
9
9
9
9
9
9
9
9
9
9
9
9
9
9
9
9
9
9
9
9
9
9
9
9
9
9
9
9
9
9
9
9
9
9
9
9
9
9
9
1
1
1
1
1
1
1
1
1
1
1
1
1
1
1
1
1
1
1
1
1
1
1
1
1
1
1
1
1
1
1
1
1
1
1
1
1
1
1
1
1
1
1
1
1
1
1
1
1
1
1
1
1
1
1
1
1
1
1
1
1
1
1
1
1
1
1
1
1
1
1
1
1
1
1
1
1
1
1
1
1
1
1
1
1
1
1
1
1
1
1
1
1
1
1
1
1
1
1
1

CELL_DATA 200

VECTORS Vinf float
8.793598267791197 0.8076862096786499 4.092550583343655
8.797898742911741 0.8235794901847838 4.113874741058499
8.796109828708097 0.816857099533081 4.104781486253888
8.79692367052786 0.8199875950813293 4.10904798672691
8.79669013952963 0.8191160559654236 4.107861884098202
8.799904796836302 0.8316668272018432 4.125049270849377
8.79278377032034 0.8050982356071472 4.089254893522412
8.787764880416319 0.7879446148872375 4.067079253654629
8.78398809170477 0.7754697799682617 4.051379300813824
8.777210983989164 0.753264307975769 4.024143688540608
8.772253665683195 0.7369012832641602 4.004618980150372
8.766027722117826 0.7158793807029724 3.980157442550808
8.770322892424986 0.7304207682609558 3.997004218559415
8.77626744246237 0.7501096725463867 4.020328350525052
8.77424118256323 0.7434819340705872 4.012420006256253
8.775855872390196 0.7487455010414124 4.018690027456433
8.773332926986143 0.7404456734657288 4.00881477461353
8.773205551860258 0.7400012612342834 4.008283205490262
8.772059712169096 0.736153781414032 4.003727086048276
8.780025634524748 0.7623838782310486 4.0351985620071
8.781599554774687 0.767522931098938 4.041499741535336
8.780543181655332 0.7640330791473389 4.037201173763425
8.779513451812193 0.7606343030929565 4.033036910157353
8.775356683490202 0.7470237612724304 4.016620226364285
8.779002699611112 0.758984386920929 4.031046100120694
8.77818587755911 0.7562904953956604 4.027768798332364
8.777390811202451 0.7536629438400269 4.024584375481755
8.77406892513983 0.7427460551261902 4.011512376527936
8.77329668736212 0.7401664853096008 4.00844494269386
8.777940783259794 0.7555539608001709 4.026909254651219
8.777121755835935 0.7528421878814697 4.023625575165898
8.782748613116667 0.7712212800979614 4.046073593359143
8.786362025496885 0.783158540725708 4.06101993487373
8.785705361125395 0.7809546589851379 4.058231361370236
8.785056981799528 0.7787891626358032 4.055501826267392
8.784417900798246 0.7766631245613098 4.052832819681317
8.783788892981931 0.7745775580406189 4.050223656158597
8.779404375312254 0.7602285742759705 4.032556973557622
8.778798017260954 0.7582308053970337 4.030121453266293
8.778202030417845 0.756271243095398 4.027741186480672
8.77761820292227 0.7543515563011169 4.025415741067082
8.77347442841284 0.7407509684562683 4.009152330618054
8.765954229590818 0.7154868841171265 3.979719840150029
8.765419635531828 0.7136232256889343 3.9775762038041655
8.764377984759733 0.7100494503974915 3.9735164718438685
8.763951811549589 0.7085345387458801 3.9717811422158777
8.763537201640531 0.7070477604866028 3.970078684549481
8.763131234404966 0.705589234828949 3.968412317495495
8.77120653128378 0.7332060933113098 4.000271164040715
8.765981766936704 0.7158521413803101 3.9801900909949843
8.756354424712583 0.6812138557434082 3.9410459475328032
8.763545605895445 0.7070860862731934 3.970127381544262
8.763201210257932 0.7058385014533997 3.9687007443715636
8.763607296702787 0.7072915434837341 3.970360495309979
8.764021429774687 0.7087737321853638 3.972057737569959
8.76444658970587 0.7102840542793274 3.973788000803143
8.759494337794706 0.6925652623176575 3.9536880032826964
8.767409059760496 0.7204635143280029 3.985443614583165
8.767924878356382 0.7222369313240051 3.987500049333722
8.772361371276304 0.737108051776886 4.00487757490173
8.77289191221945 0.7388818264007568 4.006977208118588
8.773435387370512 0.7406952977180481 4.009128160934598
8.773990366218015 0.7425479292869568 4.011333160262257
8.774558100459501 0.7444393038749695 4.0135886298228804
8.775139245746061 0.7463678121566772 4.015895031552464
8.780060264823362 0.7624478340148926 4.035310037593991
8.780681166407987 0.7644957900047302 4.037824265818745
8.781313631293699 0.7665843963623047 4.040397174816281
8.782858464476988 0.7715808153152466 4.046522416334302
8.777225587127134 0.7531836628913879 4.024037920098454
8.778042409179136 0.7558849453926086 4.027310200195462
8.773378762957975 0.7404340505599976 4.008762844066769
8.774148735759184 0.7430052757263184 4.011822112064511
8.777464899775907 0.7539000511169434 4.024872996072919
8.77825752234213 0.75652015209198 4.02805020676151
8.779071423766538 0.7592068314552307 4.031319908957631
8.772792968509123 0.7385959625244141 4.006615929465443
8.77640810942404 0.7505106925964355 4.020810805421025
8.777394864318296 0.7537789940834045 4.024756856422574
8.77841154074423 0.7571402788162231 4.028834827404172
8.776839051005766 0.7520068287849426 4.022637345056683
8.769257936236784 0.7268147468566895 3.992809124450833
8.770337018725797 0.7304949760437012 3.997117720704228
8.768200967070982 0.7233483791351318 3.9888068960715835
8.773068103549406 0.7396054267883301 4.007829718451649
8.771482560393736 0.7343899607658386 4.001690991382748
8.771389219520017 0.7340745329856873 4.001322247247845
8.76578387951605 0.715058445930481 3.979223735790402
8.764975104091093 0.7122556567192078 3.9759968893338744
8.770367178676054 0.730647087097168 3.9972851799537246
8.777287456748411 0.7535196542739868 4.0244548098851745
8.78218761420004 0.7695836424827576 4.044085331421048
8.784094128367826 0.7757954001426697 4.051787384014279
8.789470467326566 0.793685257434845 4.074441559772641
8.796321246383116 0.8178462982177734 4.1062152461816375
8.793882283923551 0.8088759779930115 4.094207145433575
8.797255787608549 0.8212230205535889 4.110724993209988
8.793260845897123 0.8065610527992249 4.091113604765088
8.793746862170622 0.8082782626152039 4.093385346393735
8.790336463210508 0.7963178753852844 4.077731885175854
8.793598267791197 0.8076862096786499 4.092550583343655
8.797898742911741 0.8235794901847838 4.113874741058499
8.796109828708097 0.816857099533081 4.104781486253888
8.79692367052786 0.8199875950813293 4.10904798672691
8.79669013952963 0.8191160559654236 4.107861884098202
8.799904796836302 0.8316668272018432 4.125049270849377
8.79278377032034 0.8050982356071472 4.089254893522412
8.787764880416319 0.7879446148872375 4.067079253654629
8.78398809170477 0.7754697799682617 4.051379300813824
8.777210983989164 0.753264307975769 4.024143688540608
8.772253665683195 0.7369012832641602 4.004618980150372
8.766027722117826 0.7158793807029724 3.980157442550808
8.770322892424986 0.7304207682609558 3.997004218559415
8.77626744246237 0.7501096725463867 4.020328350525052
8.77424118256323 0.7434819340705872 4.012420006256253
8.775855872390196 0.7487455010414124 4.018690027456433
8.773332926986143 0.7404456734657288 4.00881477461353
8.773205551860258 0.7400012612342834 4.008283205490262
8.772059712169096 0.736153781414032 4.003727086048276
8.780025634524748 0.7623838782310486 4.0351985620071
8.781599554774687 0.767522931098938 4.041499741535336
8.780543181655332 0.7640330791473389 4.037201173763425
8.779513451812193 0.7606343030929565 4.033036910157353
8.775356683490202 0.7470237612724304 4.016620226364285
8.779002699611112 0.758984386920929 4.031046100120694
8.77818587755911 0.7562904953956604 4.027768798332364
8.777390811202451 0.7536629438400269 4.024584375481755
8.77406892513983 0.7427460551261902 4.011512376527936
8.77329668736212 0.7401664853096008 4.00844494269386
8.777940783259794 0.7555539608001709 4.026909254651219
8.777121755835935 0.7528421878814697 4.023625575165898
8.782748613116667 0.7712212800979614 4.046073593359143
8.786362025496885 0.783158540725708 4.06101993487373
8.785705361125395 0.7809546589851379 4.058231361370236
8.785056981799528 0.7787891626358032 4.055501826267392
8.784417900798246 0.7766631245613098 4.052832819681317
8.783788892981931 0.7745775580406189 4.050223656158597
8.779404375312254 0.7602285742759705 4.032556973557622
8.778798017260954 0.7582308053970337 4.030121453266293
8.778202030417845 0.756271243095398 4.027741186480672
8.77761820292227 0.7543515563011169 4.025415741067082
8.77347442841284 0.7407509684562683 4.009152330618054
8.765954229590818 0.7154868841171265 3.979719840150029
8.765419635531828 0.7136232256889343 3.9775762038041655
8.764377984759733 0.7100494503974915 3.9735164718438685
8.763951811549589 0.7085345387458801 3.9717811422158777
8.763537201640531 0.7070477604866028 3.970078684549481
8.763131234404966 0.705589234828949 3.968412317495495
8.77120653128378 0.7332060933113098 4.000271164040715
8.765981766936704 0.7158521413803101 3.9801900909949843
8.756354424712583 0.6812138557434082 3.9410459475328032
8.763545605895445 0.7070860862731934 3.970127381544262
8.763201210257932 0.7058385014533997 3.9687007443715636
8.763607296702787 0.7072915434837341 3.970360495309979
8.764021429774687 0.7087737321853638 3.972057737569959
8.76444658970587 0.7102840542793274 3.973788000803143
8.759494337794706 0.6925652623176575 3.9536880032826964
8.767409059760496 0.7204635143280029 3.985443614583165
8.767924878356382 0.7222369313240051 3.987500049333722
8.772361371276304 0.737108051776886 4.00487757490173
8.77289191221945 0.7388818264007568 4.006977208118588
8.773435387370512 0.7406952977180481 4.009128160934598
8.773990366218015 0.7425479292869568 4.011333160262257
8.774558100459501 0.7444393038749695 4.0135886298228804
8.775139245746061 0.7463678121566772 4.015895031552464
8.780060264823362 0.7624478340148926 4.035310037593991
8.780681166407987 0.7644957900047302 4.037824265818745
8.781313631293699 0.7665843963623047 4.040397174816281
8.782858464476988 0.7715808153152466 4.046522416334302
8.777225587127134 0.7531836628913879 4.024037920098454
8.778042409179136 0.7558849453926086 4.027310200195462
8.773378762957975 0.7404340505599976 4.008762844066769
8.774148735759184 0.7430052757263184 4.011822112064511
8.777464899775907 0.7539000511169434 4.024872996072919
8.77825752234213 0.75652015209198 4.02805020676151
8.779071423766538 0.7592068314552307 4.031319908957631
8.772792968509123 0.7385959625244141 4.006615929465443
8.77640810942404 0.7505106925964355 4.020810805421025
8.777394864318296 0.7537789940834045 4.024756856422574
8.77841154074423 0.7571402788162231 4.028834827404172
8.776839051005766 0.7520068287849426 4.022637345056683
8.769257936236784 0.7268147468566895 3.992809124450833
8.770337018725797 0.7304949760437012 3.997117720704228
8.768200967070982 0.7233483791351318 3.9888068960715835
8.773068103549406 0.7396054267883301 4.007829718451649
8.771482560393736 0.7343899607658386 4.001690991382748
8.771389219520017 0.7340745329856873 4.001322247247845
8.76578387951605 0.715058445930481 3.979223735790402
8.764975104091093 0.7122556567192078 3.9759968893338744
8.770367178676054 0.730647087097168 3.9972851799537246
8.777287456748411 0.7535196542739868 4.0244548098851745
8.78218761420004 0.7695836424827576 4.044085331421048
8.784094128367826 0.7757954001426697 4.051787384014279
8.789470467326566 0.793685257434845 4.074441559772641
8.796321246383116 0.8178462982177734 4.1062152461816375
8.793882283923551 0.8088759779930115 4.094207145433575
8.797255787608549 0.8212230205535889 4.110724993209988
8.793260845897123 0.8065610527992249 4.091113604765088
8.793746862170622 0.8082782626152039 4.093385346393735
8.790336463210508 0.7963178753852844 4.077731885175854

VECTORS L float
-0.014551342680454162 0.0 0.031205455080940064
-0.023442482809675317 0.0 0.05027256661927507
-0.032327596696998924 0.0 0.06932675484015614
-0.04173691808469144 0.0 0.08950510967336134
-0.051797711573053504 0.0 0.11108055093497128
-0.06250949620402886 0.0 0.13405204720710587
-0.07391341998542579 0.0 0.1585078406772751
-0.08596641436992644 0.0 0.18435557054769963
-0.09862989956751099 0.0 0.21151250219169002
-0.11189086915815415 0.0 0.23995074325149113
-0.12569489536516193 0.0 0.2695535729833146
-0.1400331206357505 0.0 0.3003019963039168
-0.15475116930237906 0.0 0.3318649535258983
-0.1697759509395951 0.0 0.364085701726053
-0.18514499397309966 0.0 0.3970447208730127
-0.20071644754632773 0.0 0.43043781082319366
-0.21651750379774914 0.0 0.46432328530572764
-0.23244856738937036 0.0 0.4984875614290373
-0.2485137715850618 0.0 0.5329395030060967
-0.26445924103297247 0.0 0.5671346725879148
-0.2803885993604522 0.0 0.6012952917604717
-0.2962651839575281 0.0 0.6353427373029564
-0.3120255913135977 0.0 0.6691410399480975
-0.32773956731602316 0.0 0.70283977023402
-0.34313759977232955 0.0 0.7358609573987999
-0.3583525614920729 0.0 0.7684895481020775
-0.37330642751618615 0.0 0.8005582172791611
-0.388061804471949 0.0 0.8322012252755216
-0.4025233859781997 0.0 0.8632141868971893
-0.41649045298897086 0.0 0.8931666587610089
-0.4301649806816272 0.0 0.9224917780326101
-0.443209216563263 0.0 0.9504652321535371
-0.45564484480041606 0.0 0.9771335229689959
-0.467526586537569 0.0 1.0026140003520279
-0.47874969597451006 0.0 1.026682036209184
-0.48925443891833725 0.0 1.0492095301503952
-0.49896054368608334 0.0 1.0700243389960176
-0.5079725349966583 0.0 1.0893506167291176
-0.5160610025757906 0.0 1.1066963914288839
-0.5231850429083296 0.0 1.121973945224003
-0.5292266259111523 0.0 1.1349301617843894
-0.5342120340603298 0.0 1.145621404061865
-0.5382126847279473 0.0 1.154200827105112
-0.5408754136639664 0.0 1.1599110677358462
-0.5420937075427941 0.0 1.1625237073902064
-0.5414807697820427 0.0 1.1612092581204336
-0.5382519896433791 0.0 1.1542851167682655
-0.5302223228613454 0.0 1.1370654407848086
-0.5080537985334734 0.0 1.0895248869462026
-0.3844874237190667 0.0 0.8245359410144295
-0.32591187834868873 0.0 0.6989202785950324
-0.44897715161066015 0.0 0.96283460877973
-0.4708440088325502 0.0 1.0097282354218675
-0.47891637543507265 0.0 1.0270394814658672
-0.4822244916657086 0.0 1.034133759616316
-0.48300474141710087 0.0 1.0358070106079027
-0.48212463303520386 0.0 1.033919612092126
-0.4796256682770709 0.0 1.0285605648742004
-0.4762805085645143 0.0 1.021386846720413
-0.47177848492784613 0.0 1.0117322258752806
-0.4664206489395306 0.0 1.0002423095193824
-0.4601155483450095 0.0 0.9867209776599233
-0.45296267350997926 0.0 0.9713815880746622
-0.44503862360691115 0.0 0.9543884082190695
-0.4364103484340743 0.0 0.93588501239886
-0.4270778786689912 0.0 0.9158714664021933
-0.4172860922365326 0.0 0.8948729126336341
-0.4068920996449815 0.0 0.8725829235893278
-0.39594951839985854 0.0 0.8491164823809233
-0.38462398697025507 0.0 0.8248288018516903
-0.3726510614930177 0.0 0.7991527803070095
-0.36040155293142956 0.0 0.7728836244238426
-0.347662514801037 0.0 0.7455646689925807
-0.33463930868465447 0.0 0.7176363133487759
-0.32143433731865273 0.0 0.6893181608692546
-0.3079832441889494 0.0 0.6604721985641873
-0.2943879902032681 0.0 0.6313170823058085
-0.28042015944435206 0.0 0.6013629725788068
-0.2664195424664186 0.0 0.5713385525782249
-0.25231865917571505 0.0 0.5410991107760136
-0.23817259374010943 0.0 0.5107627755513763
-0.2240092882348614 0.0 0.4803894688780808
-0.2097160443051992 0.0 0.4497375083543889
-0.19554745675925242 0.0 0.4193528743082605
-0.1814328469443866 0.0 0.3890839958799886
-0.167558371834012 0.0 0.35933008798735266
-0.15384941269048785 0.0 0.3299311302310823
-0.14041103297513446 0.0 0.3011124319310717
-0.1272187957777168 0.0 0.2728215879642059
-0.11437539519999933 0.0 0.2452788265424143
-0.10197563268550289 0.0 0.21868745001740172
-0.09006026420687757 0.0 0.19313485985456824
-0.07865086745110622 0.0 0.16866732955297728
-0.06776070142151641 0.0 0.14531329313702382
-0.05744162621105507 0.0 0.12318396493493086
-0.047727956546532925 0.0 0.10235293311581933
-0.038581563554661844 0.0 0.08273843004705168
-0.030009048265068193 0.0 0.0643546116823441
-0.021872150204321435 0.0 0.04690497747959187
-0.013677626164605088 0.0 0.029331763966138222
-0.014551342680454162 0.0 0.031205455080940064
-0.023442482809675317 0.0 0.05027256661927507
-0.032327596696998924 0.0 0.06932675484015614
-0.04173691808469144 0.0 0.08950510967336134
-0.051797711573053504 0.0 0.11108055093497128
-0.06250949620402886 0.0 0.13405204720710587
-0.07391341998542579 0.0 0.1585078406772751
-0.08596641436992644 0.0 0.18435557054769963
-0.09862989956751099 0.0 0.21151250219169002
-0.11189086915815415 0.0 0.23995074325149113
-0.12569489536516193 0.0 0.2695535729833146
-0.1400331206357505 0.0 0.3003019963039168
-0.15475116930237906 0.0 0.3318649535258983
-0.1697759509395951 0.0 0.364085701726053
-0.18514499397309966 0.0 0.3970447208730127
-0.20071644754632773 0.0 0.43043781082319366
-0.21651750379774914 0.0 0.46432328530572764
-0.23244856738937036 0.0 0.4984875614290373
-0.2485137715850618 0.0 0.5329395030060967
-0.26445924103297247 0.0 0.5671346725879148
-0.2803885993604522 0.0 0.6012952917604717
-0.2962651839575281 0.0 0.6353427373029564
-0.3120255913135977 0.0 0.6691410399480975
-0.32773956731602316 0.0 0.70283977023402
-0.34313759977232955 0.0 0.7358609573987999
-0.3583525614920729 0.0 0.7684895481020775
-0.37330642751618615 0.0 0.8005582172791611
-0.388061804471949 0.0 0.8322012252755216
-0.4025233859781997 0.0 0.8632141868971893
-0.41649045298897086 0.0 0.8931666587610089
-0.4301649806816272 0.0 0.9224917780326101
-0.443209216563263 0.0 0.9504652321535371
-0.45564484480041606 0.0 0.9771335229689959
-0.467526586537569 0.0 1.0026140003520279
-0.47874969597451006 0.0 1.026682036209184
-0.48925443891833725 0.0 1.0492095301503952
-0.49896054368608334 0.0 1.0700243389960176
-0.5079725349966583 0.0 1.0893506167291176
-0.5160610025757906 0.0 1.1066963914288839
-0.5231850429083296 0.0 1.121973945224003
-0.5292266259111523 0.0 1.1349301617843894
-0.5342120340603298 0.0 1.145621404061865
-0.5382126847279473 0.0 1.154200827105112
-0.5408754136639664 0.0 1.1599110677358462
-0.5420937075427941 0.0 1.1625237073902064
-0.5414807697820427 0.0 1.1612092581204336
-0.5382519896433791 0.0 1.1542851167682655
-0.5302223228613454 0.0 1.1370654407848086
-0.5080537985334734 0.0 1.0895248869462026
-0.3844874237190667 0.0 0.8245359410144295
-0.32591187834868873 0.0 0.6989202785950324
-0.44897715161066015 0.0 0.96283460877973
-0.4708440088325502 0.0 1.0097282354218675
-0.47891637543507265 0.0 1.0270394814658672
-0.4822244916657086 0.0 1.034133759616316
-0.48300474141710087 0.0 1.0358070106079027
-0.48212463303520386 0.0 1.033919612092126
-0.4796256682770709 0.0 1.0285605648742004
-0.4762805085645143 0.0 1.021386846720413
-0.47177848492784613 0.0 1.0117322258752806
-0.4664206489395306 0.0 1.0002423095193824
-0.4601155483450095 0.0 0.9867209776599233
-0.45296267350997926 0.0 0.9713815880746622
-0.44503862360691115 0.0 0.9543884082190695
-0.4364103484340743 0.0 0.93588501239886
-0.4270778786689912 0.0 0.9158714664021933
-0.4172860922365326 0.0 0.8948729126336341
-0.4068920996449815 0.0 0.8725829235893278
-0.39594951839985854 0.0 0.8491164823809233
-0.38462398697025507 0.0 0.8248288018516903
-0.3726510614930177 0.0 0.7991527803070095
-0.36040155293142956 0.0 0.7728836244238426
-0.347662514801037 0.0 0.7455646689925807
-0.33463930868465447 0.0 0.7176363133487759
-0.32143433731865273 0.0 0.6893181608692546
-0.3079832441889494 0.0 0.6604721985641873
-0.2943879902032681 0.0 0.6313170823058085
-0.28042015944435206 0.0 0.6013629725788068
-0.2664195424664186 0.0 0.5713385525782249
-0.25231865917571505 0.0 0.5410991107760136
-0.23817259374010943 0.0 0.5107627755513763
-0.2240092882348614 0.0 0.4803894688780808
-0.2097160443051992 0.0 0.4497375083543889
-0.19554745675925242 0.0 0.4193528743082605
-0.1814328469443866 0.0 0.3890839958799886
-0.167558371834012 0.0 0.35933008798735266
-0.15384941269048785 0.0 0.3299311302310823
-0.14041103297513446 0.0 0.3011124319310717
-0.1272187957777168 0.0 0.2728215879642059
-0.11437539519999933 0.0 0.2452788265424143
-0.10197563268550289 0.0 0.21868745001740172
-0.09006026420687757 0.0 0.19313485985456824
-0.07865086745110622 0.0 0.16866732955297728
-0.06776070142151641 0.0 0.14531329313702382
-0.05744162621105507 0.0 0.12318396493493086
-0.047727956546532925 0.0 0.10235293311581933
-0.038581563554661844 0.0 0.08273843004705168
-0.030009048265068193 0.0 0.0643546116823441
-0.021872150204321435 0.0 0.04690497747959187
-0.013677626164605088 0.0 0.029331763966138222

SCALARS Gamma float
LOOKUP_TABLE default
0.4501803219414707
0.6929693077876314
0.8923491639855623
1.072624503681808
1.2417891879050014
1.4034990346970797
1.558794350560103
1.7092469752596648
1.8553594009445802
1.9971371152303725
2.1348980040084222
2.268560534766566
2.398694379195349
2.524353471407178
2.644355165897867
2.75906743483743
2.8677645902864595
2.970763238783099
3.0678279255125793
3.1595916619985553
3.244405019781545
3.322316762120655
3.3936747546625843
3.4584957373378233
3.518074736082765
3.5712493178373164
3.6185000792710973
3.6598914324232585
3.696423841468669
3.728628536809089
3.7552067180695468
3.777516966934838
3.7942643668442813
3.804783715449778
3.8097012267906143
3.8091556429091953
3.8031280635098303
3.7911626599305928
3.774525199963152
3.7526179170311487
3.72509673398595
3.6911969789423575
3.651240982471458
3.6073526316078524
3.5584359162411157
3.5046317526348383
3.4463032215361804
3.3847927135360427
3.324057275905277
3.2671655132515585
3.2638153952195177
3.3189996978596215
3.380347128460988
3.4412628357226493
3.498665118645069
3.5511618669920892
3.597711124104429
3.64151431694281
3.678963681565171
3.7115395043050183
3.738016962070805
3.7590830263249084
3.774990500683656
3.7859214887991497
3.792051163963084
3.7938789531216504
3.7899346751168648
3.7806076114042124
3.765861160771191
3.7447020100532145
3.7189692897628
3.687395780016028
3.6513203247270933
3.610227564375534
3.5631211268506773
3.5099108421561915
3.4499173626644297
3.3849019009142665
3.3134939702446924
3.2356085049751013
3.1508904795531056
3.0592930593058556
2.9623578073509376
2.859377980174798
2.7511246313504385
2.6367215684925833
2.516903700902512
2.39169323948493
2.262267683487237
2.129050000362163
1.9917984741599954
1.8502631908710199
1.7043707823824916
1.5542803881193095
1.399375170655337
1.238209679694412
1.069674747908032
0.8897805865014269
0.690895151894144
0.4488376614688058
0.4501803219414707
0.6929693077876314
0.8923491639855623
1.072624503681808
1.2417891879050014
1.4034990346970797
1.558794350560103
1.7092469752596648
1.8553594009445802
1.9971371152303725
2.1348980040084222
2.268560534766566
2.398694379195349
2.524353471407178
2.644355165897867
2.75906743483743
2.8677645902864595
2.970763238783099
3.0678279255125793
3.1595916619985553
3.244405019781545
3.322316762120655
3.3936747546625843
3.4584957373378233
3.518074736082765
3.5712493178373164
3.6185000792710973
3.6598914324232585
3.696423841468669
3.728628536809089
3.7552067180695468
3.777516966934838
3.7942643668442813
3.804783715449778
3.8097012267906143
3.8091556429091953
3.8031280635098303
3.7911626599305928
3.774525199963152
3.7526179170311487
3.72509673398595
3.6911969789423575
3.651240982471458
3.6073526316078524
3.5584359162411157
3.5046317526348383
3.4463032215361804
3.3847927135360427
3.324057275905277
3.2671655132515585
3.2638153952195177
3.3189996978596215
3.380347128460988
3.4412628357226493
3.498665118645069
3.5511618669920892
3.597711124104429
3.64151431694281
3.678963681565171
3.7115395043050183
3.738016962070805
3.7590830263249084
3.774990500683656
3.7859214887991497
3.792051163963084
3.7938789531216504
3.7899346751168648
3.7806076114042124
3.765861160771191
3.7447020100532145
3.7189692897628
3.687395780016028
3.6513203247270933
3.610227564375534
3.5631211268506773
3.5099108421561915
3.4499173626644297
3.3849019009142665
3.3134939702446924
3.2356085049751013
3.1508904795531056
3.0592930593058556
2.9623578073509376
2.859377980174798
2.7511246313504385
2.6367215684925833
2.516903700902512
2.39169323948493
2.262267683487237
2.129050000362163
1.9917984741599954
1.8502631908710199
1.7043707823824916
1.5542803881193095
1.399375170655337
1.238209679694412
1.069674747908032
0.8897805865014269
0.690895151894144
0.4488376614688058

VECTORS Vvpm float
-0.2694796025753021 0.8076862096786499 -0.13363203406333923
-0.2651791274547577 0.8235794901847838 -0.11230787634849548
-0.2669680416584015 0.816857099533081 -0.12140113115310668
-0.2661541998386383 0.8199875950813293 -0.11713463068008423
-0.2663877308368683 0.8191160559654236 -0.11832073330879211
-0.26317307353019714 0.8316668272018432 -0.10113334655761719
-0.27029410004615784 0.8050982356071472 -0.13692772388458252
-0.27531298995018005 0.7879446148872375 -0.1591033637523651
-0.2790897786617279 0.7754697799682617 -0.17480331659317017
-0.2858668863773346 0.753264307975769 -0.2020389288663864
-0.29082420468330383 0.7369012832641602 -0.22156363725662231
-0.2970501482486725 0.7158793807029724 -0.2460251748561859
-0.29275497794151306 0.7304207682609558 -0.22917839884757993
-0.28681042790412903 0.7501096725463867 -0.20585426688194278
-0.28883668780326843 0.7434819340705872 -0.21376261115074158
-0.2872219979763031 0.7487455010414124 -0.20749258995056152
-0.28974494338035583 0.7404456734657288 -0.2173678427934647
-0.28987231850624084 0.7400012612342834 -0.21789941191673276
-0.29101815819740295 0.736153781414032 -0.22245553135871887
-0.2830522358417511 0.7623838782310486 -0.19098405539989471
-0.28147831559181213 0.767522931098938 -0.18468287587165833
-0.2825346887111664 0.7640330791473389 -0.18898144364356995
-0.28356441855430603 0.7606343030929565 -0.19314570724964142
-0.287721186876297 0.7470237612724304 -0.20956239104270935
-0.28407517075538635 0.758984386920929 -0.19513651728630066
-0.2848919928073883 0.7562904953956604 -0.19841381907463074
-0.28568705916404724 0.7536629438400269 -0.20159824192523956
-0.2890089452266693 0.7427460551261902 -0.21467024087905884
-0.2897811830043793 0.7401664853096008 -0.21773767471313477
-0.2851370871067047 0.7555539608001709 -0.19927336275577545
-0.28595611453056335 0.7528421878814697 -0.2025570422410965
-0.28032925724983215 0.7712212800979614 -0.18010902404785156
-0.27671584486961365 0.783158540725708 -0.16516268253326416
-0.2773725092411041 0.7809546589851379 -0.16795125603675842
-0.2780208885669708 0.7787891626358032 -0.17068079113960266
-0.27865996956825256 0.7766631245613098 -0.1733497977256775
-0.27928897738456726 0.7745775580406189 -0.17595896124839783
-0.283673495054245 0.7602285742759705 -0.19362564384937286
-0.28427985310554504 0.7582308053970337 -0.1960611641407013
-0.2848758399486542 0.756271243095398 -0.19844143092632294
-0.2854596674442291 0.7543515563011169 -0.20076687633991241
-0.28960344195365906 0.7407509684562683 -0.21703028678894043
-0.29712364077568054 0.7154868841171265 -0.24646277725696564
-0.297658234834671 0.7136232256889343 -0.24860641360282898
-0.29869988560676575 0.7100494503974915 -0.2526661455631256
-0.2991260588169098 0.7085345387458801 -0.25440147519111633
-0.2995406687259674 0.7070477604866028 -0.2561039328575134
-0.2999466359615326 0.705589234828949 -0.257770299911499
-0.2918713390827179 0.7332060933113098 -0.2259114533662796
-0.2970961034297943 0.7158521413803101 -0.24599252641201022
-0.3067234456539154 0.6812138557434082 -0.2851366698741913
-0.2995322644710541 0.7070860862731934 -0.25605523586273193
-0.2998766601085663 0.7058385014533997 -0.2574818730354309
-0.29947057366371155 0.7072915434837341 -0.2558221220970154
-0.29905644059181213 0.7087737321853638 -0.25412487983703613
-0.2986312806606293 0.7102840542793274 -0.2523946166038513
-0.3035835325717926 0.6925652623176575 -0.2724946141242981
-0.2956688106060028 0.7204635143280029 -0.24073900282382962
-0.2951529920101166 0.7222369313240051 -0.2386825680732727
-0.2907164990901947 0.737108051776886 -0.22130504250526428
-0.29018595814704895 0.7388818264007568 -0.21920540928840634
-0.28964248299598694 0.7406952977180481 -0.21705445647239688
-0.2890875041484833 0.7425479292869568 -0.21484945714473724
-0.2885197699069977 0.7444393038749695 -0.21259398758411405
-0.2879386246204376 0.7463678121566772 -0.21028758585453033
-0.2830176055431366 0.7624478340148926 -0.19087257981300354
-0.28239670395851135 0.7644957900047302 -0.1883583515882492
-0.2817642390727997 0.7665843963623047 -0.1857854425907135
-0.2802194058895111 0.7715808153152466 -0.17966020107269287
-0.2858522832393646 0.7531836628913879 -0.20214469730854034
-0.28503546118736267 0.7558849453926086 -0.1988724172115326
-0.28969910740852356 0.7404340505599976 -0.21741977334022525
-0.28892913460731506 0.7430052757263184 -0.21436050534248352
-0.28561297059059143 0.7539000511169434 -0.20130962133407593
-0.2848203480243683 0.75652015209198 -0.19813241064548492
-0.2840064465999603 0.7592068314552307 -0.1948627084493637
-0.2902849018573761 0.7385959625244141 -0.21956668794155124
-0.2866697609424591 0.7505106925964355 -0.20537181198596954
-0.2856830060482025 0.7537789940834045 -0.20142576098442078
-0.2846663296222687 0.7571402788162231 -0.19734779000282288
-0.28623881936073303 0.7520068287849426 -0.20354527235031128
-0.29381993412971497 0.7268147468566895 -0.2333734929561615
-0.2927408516407013 0.7304949760437012 -0.22906489670276642
-0.29487690329551697 0.7233483791351318 -0.23737572133541107
-0.2900097668170929 0.7396054267883301 -0.21835289895534515
-0.29159530997276306 0.7343899607658386 -0.22449162602424622
-0.2916886508464813 0.7340745329856873 -0.22486037015914917
-0.2972939908504486 0.715058445930481 -0.2469588816165924
-0.2981027662754059 0.7122556567192078 -0.2501857280731201
-0.29271069169044495 0.730647087097168 -0.22889743745327
-0.28579041361808777 0.7535196542739868 -0.20172780752182007
-0.28089025616645813 0.7695836424827576 -0.18209728598594666
-0.2789837419986725 0.7757954001426697 -0.17439523339271545
-0.27360740303993225 0.793685257434845 -0.15174105763435364
-0.2667566239833832 0.8178462982177734 -0.11996737122535707
-0.2691955864429474 0.8088759779930115 -0.1319754719734192
-0.26582208275794983 0.8212230205535889 -0.11545762419700623
-0.2698170244693756 0.8065610527992249 -0.13506901264190674
-0.2693310081958771 0.8082782626152039 -0.1327972710132599
-0.2727414071559906 0.7963178753852844 -0.14845073223114014
-0.2694796025753021 0.8076862096786499 -0.13363203406333923
-0.2651791274547577 0.8235794901847838 -0.11230787634849548
-0.2669680416584015 0.816857099533081 -0.12140113115310668
-0.2661541998386383 0.8199875950813293 -0.11713463068008423
-0.2663877308368683 0.8191160559654236 -0.11832073330879211
-0.26317307353019714 0.8316668272018432 -0.10113334655761719
-0.27029410004615784 0.8050982356071472 -0.13692772388458252
-0.27531298995018005 0.7879446148872375 -0.1591033637523651
-0.2790897786617279 0.7754697799682617 -0.17480331659317017
-0.2858668863773346 0.753264307975769 -0.2020389288663864
-0.29082420468330383 0.7369012832641602 -0.22156363725662231
-0.2970501482486725 0.7158793807029724 -0.2460251748561859
-0.29275497794151306 0.7304207682609558 -0.22917839884757993
-0.28681042790412903 0.7501096725463867 -0.20585426688194278
-0.28883668780326843 0.7434819340705872 -0.21376261115074158
-0.2872219979763031 0.7487455010414124 -0.20749258995056152
-0.28974494338035583 0.7404456734657288 -0.2173678427934647
-0.28987231850624084 0.7400012612342834 -0.21789941191673276
-0.29101815819740295 0.736153781414032 -0.22245553135871887
-0.2830522358417511 0.7623838782310486 -0.19098405539989471
-0.28147831559181213 0.767522931098938 -0.18468287587165833
-0.2825346887111664 0.7640330791473389 -0.18898144364356995
-0.28356441855430603 0.7606343030929565 -0.19314570724964142
-0.287721186876297 0.7470237612724304 -0.20956239104270935
-0.28407517075538635 0.758984386920929 -0.19513651728630066
-0.2848919928073883 0.7562904953956604 -0.19841381907463074
-0.28568705916404724 0.7536629438400269 -0.20159824192523956
-0.2890089452266693 0.7427460551261902 -0.21467024087905884
-0.2897811830043793 0.7401664853096008 -0.21773767471313477
-0.2851370871067047 0.7555539608001709 -0.19927336275577545
-0.28595611453056335 0.7528421878814697 -0.2025570422410965
-0.28032925724983215 0.7712212800979614 -0.18010902404785156
-0.27671584486961365 0.783158540725708 -0.16516268253326416
-0.2773725092411041 0.7809546589851379 -0.16795125603675842
-0.2780208885669708 0.7787891626358032 -0.17068079113960266
-0.27865996956825256 0.7766631245613098 -0.1733497977256775
-0.27928897738456726 0.7745775580406189 -0.17595896124839783
-0.283673495054245 0.7602285742759705 -0.19362564384937286
-0.28427985310554504 0.7582308053970337 -0.1960611641407013
-0.2848758399486542 0.756271243095398 -0.19844143092632294
-0.2854596674442291 0.7543515563011169 -0.20076687633991241
-0.28960344195365906 0.7407509684562683 -0.21703028678894043
-0.29712364077568054 0.7154868841171265 -0.24646277725696564
-0.297658234834671 0.7136232256889343 -0.24860641360282898
-0.29869988560676575 0.7100494503974915 -0.2526661455631256
-0.2991260588169098 0.7085345387458801 -0.25440147519111633
-0.2995406687259674 0.7070477604866028 -0.2561039328575134
-0.2999466359615326 0.705589234828949 -0.257770299911499
-0.2918713390827179 0.7332060933113098 -0.2259114533662796
-0.2970961034297943 0.7158521413803101 -0.24599252641201022
-0.3067234456539154 0.6812138557434082 -0.2851366698741913
-0.2995322644710541 0.7070860862731934 -0.25605523586273193
-0.2998766601085663 0.7058385014533997 -0.2574818730354309
-0.29947057366371155 0.7072915434837341 -0.2558221220970154
-0.29905644059181213 0.7087737321853638 -0.25412487983703613
-0.2986312806606293 0.7102840542793274 -0.2523946166038513
-0.3035835325717926 0.6925652623176575 -0.2724946141242981
-0.2956688106060028 0.7204635143280029 -0.24073900282382962
-0.2951529920101166 0.7222369313240051 -0.2386825680732727
-0.2907164990901947 0.737108051776886 -0.22130504250526428
-0.29018595814704895 0.7388818264007568 -0.21920540928840634
-0.28964248299598694 0.7406952977180481 -0.21705445647239688
-0.2890875041484833 0.7425479292869568 -0.21484945714473724
-0.2885197699069977 0.7444393038749695 -0.21259398758411405
-0.2879386246204376 0.7463678121566772 -0.21028758585453033
-0.2830176055431366 0.7624478340148926 -0.19087257981300354
-0.28239670395851135 0.7644957900047302 -0.1883583515882492
-0.2817642390727997 0.7665843963623047 -0.1857854425907135
-0.2802194058895111 0.7715808153152466 -0.17966020107269287
-0.2858522832393646 0.7531836628913879 -0.20214469730854034
-0.28503546118736267 0.7558849453926086 -0.1988724172115326
-0.28969910740852356 0.7404340505599976 -0.21741977334022525
-0.28892913460731506 0.7430052757263184 -0.21436050534248352
-0.28561297059059143 0.7539000511169434 -0.20130962133407593
-0.2848203480243683 0.75652015209198 -0.19813241064548492
-0.2840064465999603 0.7592068314552307 -0.1948627084493637
-0.2902849018573761 0.7385959625244141 -0.21956668794155124
-0.2866697609424591 0.7505106925964355 -0.20537181198596954
-0.2856830060482025 0.7537789940834045 -0.20142576098442078
-0.2846663296222687 0.7571402788162231 -0.19734779000282288
-0.28623881936073303 0.7520068287849426 -0.20354527235031128
-0.29381993412971497 0.7268147468566895 -0.2333734929561615
-0.2927408516407013 0.7304949760437012 -0.22906489670276642
-0.29487690329551697 0.7233483791351318 -0.23737572133541107
-0.2900097668170929 0.7396054267883301 -0.21835289895534515
-0.29159530997276306 0.7343899607658386 -0.22449162602424622
-0.2916886508464813 0.7340745329856873 -0.22486037015914917
-0.2972939908504486 0.715058445930481 -0.2469588816165924
-0.2981027662754059 0.7122556567192078 -0.2501857280731201
-0.29271069169044495 0.730647087097168 -0.22889743745327
-0.28579041361808777 0.7535196542739868 -0.20172780752182007
-0.28089025616645813 0.7695836424827576 -0.18209728598594666
-0.2789837419986725 0.7757954001426697 -0.17439523339271545
-0.27360740303993225 0.793685257434845 -0.15174105763435364
-0.2667566239833832 0.8178462982177734 -0.11996737122535707
-0.2691955864429474 0.8088759779930115 -0.1319754719734192
-0.26582208275794983 0.8212230205535889 -0.11545762419700623
-0.2698170244693756 0.8065610527992249 -0.13506901264190674
-0.2693310081958771 0.8082782626152039 -0.1327972710132599
-0.2727414071559906 0.7963178753852844 -0.14845073223114014

VECTORS Vvpm_BBp float
-0.3006872236728668 0.7034947276115417 -0.2601003646850586
-0.30447670817375183 0.6897138953208923 -0.27566391229629517
-0.30818477272987366 0.675684928894043 -0.291312038898468
-0.3116312325000763 0.661715030670166 -0.3067777156829834
-0.3137432634830475 0.6529422402381897 -0.3163999319076538
-0.31631574034690857 0.6412886381149292 -0.329170286655426
-0.31754419207572937 0.6354171633720398 -0.3355872929096222
-0.3208165466785431 0.6188892126083374 -0.35356542468070984
-0.32212838530540466 0.6115089654922485 -0.3615892827510834
-0.32278868556022644 0.6076239347457886 -0.36580777168273926
-0.3218976557254791 0.6126583218574524 -0.3603498339653015
-0.32284989953041077 0.6074028611183167 -0.3660314083099365
-0.3224315345287323 0.609738826751709 -0.36350107192993164
-0.3216404616832733 0.6141476035118103 -0.35871458053588867
-0.32091620564460754 0.6180481910705566 -0.35448652505874634
-0.3212098181247711 0.6163561940193176 -0.3563307225704193
-0.3226258456707001 0.608633279800415 -0.36468949913978577
-0.3224615156650543 0.6095442175865173 -0.3637004792690277
-0.32267507910728455 0.6082161068916321 -0.3651474118232727
-0.3218998610973358 0.6125630736351013 -0.36043110489845276
-0.32078567147254944 0.6186349391937256 -0.3538443148136139
-0.3210153877735138 0.6173267960548401 -0.35527029633522034
-0.32064303755760193 0.619331955909729 -0.35308837890625
-0.3208666741847992 0.6180707216262817 -0.35446232557296753
-0.3224988281726837 0.6095221638679504 -0.363691508769989
-0.3226630389690399 0.6085065603256226 -0.36479759216308594
-0.3223254978656769 0.61039799451828 -0.36274993419647217
-0.322053998708725 0.6118614077568054 -0.3611644208431244
-0.3222251832485199 0.6108202934265137 -0.36229968070983887
-0.3211997449398041 0.6164829134941101 -0.3561563789844513
-0.32137373089790344 0.6154614090919495 -0.3572711944580078
-0.32070305943489075 0.619129478931427 -0.35327810049057007
-0.3190790116786957 0.6275528073310852 -0.3441086411476135
-0.31926873326301575 0.626547634601593 -0.34520670771598816
-0.31945422291755676 0.6255637407302856 -0.34627974033355713
-0.3196351230144501 0.6246017813682556 -0.34732869267463684
-0.31981077790260315 0.6236602067947388 -0.3483554720878601
-0.31998077034950256 0.6227388978004456 -0.3493592441082001
-0.31913092732429504 0.6271035671234131 -0.3446120619773865
-0.3193260133266449 0.6260870099067688 -0.34571972489356995
-0.3245945870876312 0.5969856977462769 -0.37724244594573975
-0.32423707842826843 0.5991785526275635 -0.3748617470264435
-0.32432469725608826 0.5986023545265198 -0.3754875957965851
-0.3244076073169708 0.5980367660522461 -0.37610360980033875
-0.32448717951774597 0.5974827408790588 -0.3767075836658478
-0.3245640695095062 0.5969403982162476 -0.37729912996292114
-0.32463791966438293 0.5964087247848511 -0.37787938117980957
-0.3235394060611725 0.6031754612922668 -0.370538592338562
-0.32456615567207336 0.5970239043235779 -0.37720993161201477
-0.32957735657691956 0.5601020455360413 -0.4172055721282959
-0.3245668113231659 0.5970261693000793 -0.3772065043449402
-0.32354167103767395 0.6031839847564697 -0.37052810192108154
-0.3246385157108307 0.5964109301567078 -0.37787631154060364
-0.3245633542537689 0.5969411730766296 -0.377297580242157
-0.32448747754096985 0.5974845290184021 -0.37670472264289856
-0.3244076669216156 0.5980382561683655 -0.37610089778900146
-0.324325829744339 0.5986048579216003 -0.3754836916923523
-0.32423898577690125 0.599181592464447 -0.37485647201538086
-0.3245972692966461 0.5969871282577515 -0.3772384226322174
-0.31932780146598816 0.6260865926742554 -0.34571564197540283
-0.3191339671611786 0.6271046996116638 -0.3446064591407776
-0.31998398900032043 0.6227419376373291 -0.3493518531322479
-0.3198144733905792 0.6236633658409119 -0.3483469486236572
-0.31963905692100525 0.6246050596237183 -0.3473202586174011
-0.31945833563804626 0.6255673170089722 -0.3462710976600647
-0.3192727267742157 0.6265511512756348 -0.34519824385643005
-0.3190818130970001 0.6275555491447449 -0.34410208463668823
-0.3207043707370758 0.6191338896751404 -0.35327136516571045
-0.3213742673397064 0.6154661774635315 -0.35726499557495117
-0.3211996853351593 0.6164873838424683 -0.35615110397338867
-0.3222247064113617 0.6108206510543823 -0.36229830980300903
-0.32205358147621155 0.611862063407898 -0.3611631393432617
-0.3223249018192291 0.6103967428207397 -0.3627500832080841
-0.3226625621318817 0.6085071563720703 -0.36479616165161133
-0.32249853014945984 0.6095227003097534 -0.363689661026001
-0.32086679339408875 0.6180731058120728 -0.35445845127105713
-0.32064321637153625 0.6193342804908752 -0.3530842065811157
-0.3210161030292511 0.6173302531242371 -0.35526514053344727
-0.3207866847515106 0.6186386346817017 -0.35383880138397217
-0.321900874376297 0.612565279006958 -0.3604266047477722
-0.3226763904094696 0.6082189083099365 -0.36514249444007874
-0.32246270775794983 0.6095471978187561 -0.36369550228118896
-0.32262763381004333 0.6086371541023254 -0.36468368768692017
-0.32121118903160095 0.6163614392280579 -0.35632383823394775
-0.3209172785282135 0.6180530786514282 -0.35447990894317627
-0.3216414153575897 0.6141510605812073 -0.3587094247341156
-0.3224327862262726 0.6097431182861328 -0.36349520087242126
-0.3228508532047272 0.6074084043502808 -0.366024374961853
-0.32189878821372986 0.6126651167869568 -0.36034175753593445
-0.3227897584438324 0.607629656791687 -0.3658008873462677
-0.3221299946308136 0.6115136742591858 -0.36158302426338196
-0.320818156003952 0.6188917756080627 -0.3535606265068054
-0.317545622587204 0.6354169249534607 -0.3355841338634491
-0.31631729006767273 0.6412851810455322 -0.32916945219039917
-0.3137443959712982 0.6529372334480286 -0.31640005111694336
-0.3116322457790375 0.661706805229187 -0.30678021907806396
-0.30818548798561096 0.6756755709648132 -0.2913152873516083
-0.30447712540626526 0.6897026896476746 -0.27566853165626526
-0.30068764090538025 0.7034822702407837 -0.26010531187057495
-0.2948967516422272 0.7235842943191528 -0.23705728352069858
-0.3006872236728668 0.7034947276115417 -0.2601003646850586
-0.30447670817375183 0.6897138953208923 -0.27566391229629517
-0.30818477272987366 0.675684928894043 -0.291312038898468
-0.3116312325000763 0.661715030670166 -0.3067777156829834
-0.3137432634830475 0.6529422402381897 -0.3163999319076538
-0.31631574034690857 0.6412886381149292 -0.329170286655426
-0.31754419207572937 0.6354171633720398 -0.3355872929096222
-0.3208165466785431 0.6188892126083374 -0.35356542468070984
-0.32212838530540466 0.6115089654922485 -0.3615892827510834
-0.32278868556022644 0.6076239347457886 -0.36580777168273926
-0.3218976557254791 0.6126583218574524 -0.3603498339653015
-0.32284989953041077 0.6074028611183167 -0.3660314083099365
-0.3224315345287323 0.609738826751709 -0.36350107192993164
-0.3216404616832733 0.6141476035118103 -0.35871458053588867
-0.32091620564460754 0.6180481910705566 -0.35448652505874634
-0.3212098181247711 0.6163561940193176 -0.3563307225704193
-0.3226258456707001 0.608633279800415 -0.36468949913978577
-0.3224615156650543 0.6095442175865173 -0.3637004792690277
-0.32267507910728455 0.6082161068916321 -0.3651474118232727
-0.3218998610973358 0.6125630736351013 -0.36043110489845276
-0.32078567147254944 0.6186349391937256 -0.3538443148136139
-0.3210153877735138 0.6173267960548401 -0.35527029633522034
-0.32064303755760193 0.619331955909729 -0.35308837890625
-0.3208666741847992 0.6180707216262817 -0.35446232557296753
-0.3224988281726837 0.6095221638679504 -0.363691508769989
-0.3226630389690399 0.6085065603256226 -0.36479759216308594
-0.3223254978656769 0.61039799451828 -0.36274993419647217
-0.322053998708725 0.6118614077568054 -0.3611644208431244
-0.3222251832485199 0.6108202934265137 -0.36229968070983887
-0.3211997449398041 0.6164829134941101 -0.3561563789844513
-0.32137373089790344 0.6154614090919495 -0.3572711944580078
-0.32070305943489075 0.619129478931427 -0.35327810049057007
-0.3190790116786957 0.6275528073310852 -0.3441086411476135
-0.31926873326301575 0.626547634601593 -0.34520670771598816
-0.31945422291755676 0.6255637407302856 -0.34627974033355713
-0.3196351230144501 0.6246017813682556 -0.34732869267463684
-0.31981077790260315 0.6236602067947388 -0.3483554720878601
-0.31998077034950256 0.6227388978004456 -0.3493592441082001
-0.31913092732429504 0.6271035671234131 -0.3446120619773865
-0.3193260133266449 0.6260870099067688 -0.34571972489356995
-0.3245945870876312 0.5969856977462769 -0.37724244594573975
-0.32423707842826843 0.5991785526275635 -0.3748617470264435
-0.32432469725608826 0.5986023545265198 -0.3754875957965851
-0.3244076073169708 0.5980367660522461 -0.37610360980033875
-0.32448717951774597 0.5974827408790588 -0.3767075836658478
-0.3245640695095062 0.5969403982162476 -0.37729912996292114
-0.32463791966438293 0.5964087247848511 -0.37787938117980957
-0.3235394060611725 0.6031754612922668 -0.370538592338562
-0.32456615567207336 0.5970239043235779 -0.37720993161201477
-0.32957735657691956 0.5601020455360413 -0.4172055721282959
-0.3245668113231659 0.5970261693000793 -0.3772065043449402
-0.32354167103767395 0.6031839847564697 -0.37052810192108154
-0.3246385157108307 0.5964109301567078 -0.37787631154060364
-0.3245633542537689 0.5969411730766296 -0.377297580242157
-0.32448747754096985 0.5974845290184021 -0.37670472264289856
-0.3244076669216156 0.5980382561683655 -0.37610089778900146
-0.324325829744339 0.5986048579216003 -0.3754836916923523
-0.32423898577690125 0.599181592464447 -0.37485647201538086
-0.3245972692966461 0.5969871282577515 -0.3772384226322174
-0.31932780146598816 0.6260865926742554 -0.34571564197540283
-0.3191339671611786 0.6271046996116638 -0.3446064591407776
-0.31998398900032043 0.6227419376373291 -0.3493518531322479
-0.3198144733905792 0.6236633658409119 -0.3483469486236572
-0.31963905692100525 0.6246050596237183 -0.3473202586174011
-0.31945833563804626 0.6255673170089722 -0.3462710976600647
-0.3192727267742157 0.6265511512756348 -0.34519824385643005
-0.3190818130970001 0.6275555491447449 -0.34410208463668823
-0.3207043707370758 0.6191338896751404 -0.35327136516571045
-0.3213742673397064 0.6154661774635315 -0.35726499557495117
-0.3211996853351593 0.6164873838424683 -0.35615110397338867
-0.3222247064113617 0.6108206510543823 -0.36229830980300903
-0.32205358147621155 0.611862063407898 -0.3611631393432617
-0.3223249018192291 0.6103967428207397 -0.3627500832080841
-0.3226625621318817 0.6085071563720703 -0.36479616165161133
-0.32249853014945984 0.6095227003097534 -0.363689661026001
-0.32086679339408875 0.6180731058120728 -0.35445845127105713
-0.32064321637153625 0.6193342804908752 -0.3530842065811157
-0.3210161030292511 0.6173302531242371 -0.35526514053344727
-0.3207866847515106 0.6186386346817017 -0.35383880138397217
-0.321900874376297 0.612565279006958 -0.3604266047477722
-0.3226763904094696 0.6082189083099365 -0.36514249444007874
-0.32246270775794983 0.6095471978187561 -0.36369550228118896
-0.32262763381004333 0.6086371541023254 -0.36468368768692017
-0.32121118903160095 0.6163614392280579 -0.35632383823394775
-0.3209172785282135 0.6180530786514282 -0.35447990894317627
-0.3216414153575897 0.6141510605812073 -0.3587094247341156
-0.3224327862262726 0.6097431182861328 -0.36349520087242126
-0.3228508532047272 0.6074084043502808 -0.366024374961853
-0.32189878821372986 0.6126651167869568 -0.36034175753593445
-0.3227897584438324 0.607629656791687 -0.3658008873462677
-0.3221299946308136 0.6115136742591858 -0.36158302426338196
-0.320818156003952 0.6188917756080627 -0.3535606265068054
-0.317545622587204 0.6354169249534607 -0.3355841338634491
-0.31631729006767273 0.6412851810455322 -0.32916945219039917
-0.3137443959712982 0.6529372334480286 -0.31640005111694336
-0.3116322457790375 0.661706805229187 -0.30678021907806396
-0.30818548798561096 0.6756755709648132 -0.2913152873516083
-0.30447712540626526 0.6897026896476746 -0.27566853165626526
-0.30068764090538025 0.7034822702407837 -0.26010531187057495
-0.2948967516422272 0.7235842943191528 -0.23705728352069858

VECTORS ftot float
-5.874293512252165 -9.92082298689176 5.655698298966765
-7.87381268070852 -11.920333294268408 7.754151826308767
-8.926274636529689 -12.972805990500683 9.477425997644895
-9.626470783852577 -13.67302190490248 11.035569530685834
-10.141360771964221 -14.187932934756516 12.497684336583694
-10.515287444452444 -14.561875730546204 13.895350889040463
-10.826347529325918 -14.872995091870353 15.237570394504594
-11.065909942439157 -15.112557800005872 16.537930778013592
-11.24129404732728 -15.28795538168085 17.800785602273155
-11.376352210755432 -15.423004831154103 19.026189223388965
-11.46492856138962 -15.511560998134431 20.216870312068302
-11.526954394699889 -15.573590814461527 21.372131609434703
-11.509871694004424 -15.556502610242296 22.496905354553583
-11.428048876446857 -15.474675694401187 23.583003335874512
-11.339228192322096 -15.385844416483629 24.62018694726776
-11.206196793857835 -15.252807901412593 25.611671957412998
-11.070915931528592 -15.117539905845637 26.551151525731132
-10.91276248612056 -14.959381094124202 27.44139589186146
-10.753763020013746 -14.800375661971245 28.280352699123522
-10.525829551068405 -14.572440333059507 29.073492905993522
-10.30673101230436 -14.353326285941515 29.806536023729546
-10.099745560048634 -14.146338189860375 30.4799491073928
-9.895560861389374 -13.942152104137683 31.096718908601005
-9.722930068249518 -13.76953220965119 31.656975699527166
-9.505263488042672 -13.551868107907003 32.171942320730636
-9.307929018187737 -13.354633644531733 32.631378190782996
-9.113976519375818 -13.160676772359189 33.039786787572076
-8.945388294399649 -12.992083617263704 33.39755109104266
-8.77188743877894 -12.818578106815844 33.713320480913694
-8.552746854246172 -12.599421466719951 33.99163984593257
-8.360900363963687 -12.407569979807795 34.22136917202199
-8.115157970881729 -12.161822396668438 34.41421058866083
-7.85409048818175 -11.900763894551638 34.55896614850506
-7.60884077823166 -11.655513847778801 34.64989455127558
-7.357489322341964 -11.404162110308055 34.69240894431997
-7.095680651924142 -11.142352820575761 34.68770344053172
-6.818916194428138 -10.865640674643874 34.63556315656754
-6.560243599564126 -10.606963809840472 34.532158460050134
-6.267097971060038 -10.313814331006435 34.38837203349956
-5.952520330724134 -9.999242515963504 34.19904283047069
-5.613262646257222 -9.65998971725732 33.961193751945935
-5.275644850577114 -9.32236827798134 33.66820650243511
-4.951185966901725 -8.997907002375852 33.3228759005444
-4.557555065886468 -8.604273464812254 32.94355681044258
-4.109172516523027 -8.15588814176477 32.520777857947905
-3.5605821275628804 -7.607295009806868 32.05575415376197
-2.8134445061480795 -6.860152587255078 31.55162531192074
-1.5783870654379815 -5.625092128229146 31.019994660065716
1.3640312157550682 -2.682693577742969 30.49500798728147
16.773035441644446 12.726220668299037 30.003152777201315
16.66607763230253 -12.619266805279866 26.573950962967054
1.3009611972034594 2.7457530078775862 26.99359038564781
-1.5863875452529577 5.633081931576598 27.459985463572785
-2.825911787699157 6.872609755232352 27.92301177120485
-3.5750602998320096 7.621762894548183 28.359325275271253
-4.127935987732107 8.174641424707154 28.758356640683555
-4.605055560395667 8.651764034088494 29.11217820932246
-4.949202702853747 8.995913849929455 29.445125549693845
-5.319769645700677 9.36648371690634 29.729773730459424
-5.641484205010564 9.688201551392758 29.977374986978063
-5.971249622466362 10.017962688945985 30.178632608868426
-6.277398397178008 10.32410570079407 30.338760514749783
-6.5637398408520795 10.610451408281152 30.45965947852354
-6.832192157222827 10.878907993553089 30.542732124911538
-7.083532775357918 11.130189846365434 30.589390826487605
-7.302722685719468 11.349380645213829 30.60327444260309
-7.548481473276428 11.595140114515306 30.57328114991488
-7.783340177768964 11.829999418863727 30.502374096976194
-8.009702309738989 12.056358235942792 30.3902672780765
-8.267044187222169 12.313705210371268 30.22940857089737
-8.467245294681103 12.513911558033199 30.033786631544004
-8.69380201903621 12.740481935956325 29.793783448398447
-8.87439285040477 12.921077759890856 29.519540064849778
-9.049975470340861 13.096665510554267 29.20715954100218
-9.25089574647583 13.297589997329865 28.849068233624564
-9.455910543945556 13.502508109282978 28.44485320820779
-9.69142119318381 13.738019763836052 27.988799182278367
-9.863190886096023 13.909774493020336 27.49459532151866
-10.063683917592801 14.11026906098643 26.951784327251694
-10.267486514984048 14.314074565239022 26.359734961450293
-10.483008546021841 14.529610359680472 25.715750205695542
-10.70631175951361 14.75291807871706 25.01946360223486
-10.864466637380417 14.911079423096252 24.282605277439778
-11.027683365881849 15.074301655044449 23.499800749123196
-11.146334474538923 15.192939084345765 22.67693717827925
-11.279169045066315 15.325778864600698 21.80730385201492
-11.372880352657397 15.419501754631469 20.896519527751266
-11.445806097745615 15.492433236514238 19.944736280953013
-11.448890548459511 15.49552522941662 18.960913812453523
-11.3930861381194 15.439715717476545 17.948280700160314
-11.30152634275374 15.348173121440473 16.904977491987026
-11.176024839239627 15.222678887853185 15.829116020921209
-11.004392163400542 15.051029438763354 14.720162195792819
-10.761203549872505 14.807838754576222 13.579297207794934
-10.449688976123184 14.496266692224143 12.401860835481795
-10.07140155098886 14.11796046136944 11.1768037890295
-9.553958553937704 13.60049679203016 9.895716676739198
-8.863851438547922 12.910368595418538 8.528281225584514
-7.814417502488145 11.86092391280212 7.016474514243857
-5.820962927772909 9.867475822756738 5.17650428425103
-5.874293512252165 -9.92082298689176 5.655698298966765
-7.87381268070852 -11.920333294268408 7.754151826308767
-8.926274636529689 -12.972805990500683 9.477425997644895
-9.626470783852577 -13.67302190490248 11.035569530685834
-10.141360771964221 -14.187932934756516 12.497684336583694
-10.515287444452444 -14.561875730546204 13.895350889040463
-10.826347529325918 -14.872995091870353 15.237570394504594
-11.065909942439157 -15.112557800005872 16.537930778013592
-11.24129404732728 -15.28795538168085 17.800785602273155
-11.376352210755432 -15.423004831154103 19.026189223388965
-11.46492856138962 -15.511560998134431 20.216870312068302
-11.526954394699889 -15.573590814461527 21.372131609434703
-11.509871694004424 -15.556502610242296 22.496905354553583
-11.428048876446857 -15.474675694401187 23.583003335874512
-11.339228192322096 -15.385844416483629 24.62018694726776
-11.206196793857835 -15.252807901412593 25.611671957412998
-11.070915931528592 -15.117539905845637 26.551151525731132
-10.91276248612056 -14.959381094124202 27.44139589186146
-10.753763020013746 -14.800375661971245 28.280352699123522
-10.525829551068405 -14.572440333059507 29.073492905993522
-10.30673101230436 -14.353326285941515 29.806536023729546
-10.099745560048634 -14.146338189860375 30.4799491073928
-9.895560861389374 -13.942152104137683 31.096718908601005
-9.722930068249518 -13.76953220965119 31.656975699527166
-9.505263488042672 -13.551868107907003 32.171942320730636
-9.307929018187737 -13.354633644531733 32.631378190782996
-9.113976519375818 -13.160676772359189 33.039786787572076
-8.945388294399649 -12.992083617263704 33.39755109104266
-8.77188743877894 -12.818578106815844 33.713320480913694
-8.552746854246172 -12.599421466719951 33.99163984593257
-8.360900363963687 -12.407569979807795 34.22136917202199
-8.115157970881729 -12.161822396668438 34.41421058866083
-7.85409048818175 -11.900763894551638 34.55896614850506
-7.60884077823166 -11.655513847778801 34.64989455127558
-7.357489322341964 -11.404162110308055 34.69240894431997
-7.095680651924142 -11.142352820575761 34.68770344053172
-6.818916194428138 -10.865640674643874 34.63556315656754
-6.560243599564126 -10.606963809840472 34.532158460050134
-6.267097971060038 -10.313814331006435 34.38837203349956
-5.952520330724134 -9.999242515963504 34.19904283047069
-5.613262646257222 -9.65998971725732 33.961193751945935
-5.275644850577114 -9.32236827798134 33.66820650243511
-4.951185966901725 -8.997907002375852 33.3228759005444
-4.557555065886468 -8.604273464812254 32.94355681044258
-4.109172516523027 -8.15588814176477 32.520777857947905
-3.5605821275628804 -7.607295009806868 32.05575415376197
-2.8134445061480795 -6.860152587255078 31.55162531192074
-1.5783870654379815 -5.625092128229146 31.019994660065716
1.3640312157550682 -2.682693577742969 30.49500798728147
16.773035441644446 12.726220668299037 30.003152777201315
16.66607763230253 -12.619266805279866 26.573950962967054
1.3009611972034594 2.7457530078775862 26.99359038564781
-1.5863875452529577 5.633081931576598 27.459985463572785
-2.825911787699157 6.872609755232352 27.92301177120485
-3.5750602998320096 7.621762894548183 28.359325275271253
-4.127935987732107 8.174641424707154 28.758356640683555
-4.605055560395667 8.651764034088494 29.11217820932246
-4.949202702853747 8.995913849929455 29.445125549693845
-5.319769645700677 9.36648371690634 29.729773730459424
-5.641484205010564 9.688201551392758 29.977374986978063
-5.971249622466362 10.017962688945985 30.178632608868426
-6.277398397178008 10.32410570079407 30.338760514749783
-6.5637398408520795 10.610451408281152 30.45965947852354
-6.832192157222827 10.878907993553089 30.542732124911538
-7.083532775357918 11.130189846365434 30.589390826487605
-7.302722685719468 11.349380645213829 30.60327444260309
-7.548481473276428 11.595140114515306 30.57328114991488
-7.783340177768964 11.829999418863727 30.502374096976194
-8.009702309738989 12.056358235942792 30.3902672780765
-8.267044187222169 12.313705210371268 30.22940857089737
-8.467245294681103 12.513911558033199 30.033786631544004
-8.69380201903621 12.740481935956325 29.793783448398447
-8.87439285040477 12.921077759890856 29.519540064849778
-9.049975470340861 13.096665510554267 29.20715954100218
-9.25089574647583 13.297589997329865 28.849068233624564
-9.455910543945556 13.502508109282978 28.44485320820779
-9.69142119318381 13.738019763836052 27.988799182278367
-9.863190886096023 13.909774493020336 27.49459532151866
-10.063683917592801 14.11026906098643 26.951784327251694
-10.267486514984048 14.314074565239022 26.359734961450293
-10.483008546021841 14.529610359680472 25.715750205695542
-10.70631175951361 14.75291807871706 25.01946360223486
-10.864466637380417 14.911079423096252 24.282605277439778
-11.027683365881849 15.074301655044449 23.499800749123196
-11.146334474538923 15.192939084345765 22.67693717827925
-11.279169045066315 15.325778864600698 21.80730385201492
-11.372880352657397 15.419501754631469 20.896519527751266
-11.445806097745615 15.492433236514238 19.944736280953013
-11.448890548459511 15.49552522941662 18.960913812453523
-11.3930861381194 15.439715717476545 17.948280700160314
-11.30152634275374 15.348173121440473 16.904977491987026
-11.176024839239627 15.222678887853185 15.829116020921209
-11.004392163400542 15.051029438763354 14.720162195792819
-10.761203549872505 14.807838754576222 13.579297207794934
-10.449688976123184 14.496266692224143 12.401860835481795
-10.07140155098886 14.11796046136944 11.1768037890295
-9.553958553937704 13.60049679203016 9.895716676739198
-8.863851438547922 12.910368595418538 8.528281225584514
-7.814417502488145 11.86092391280212 7.016474514243857
-5.820962927772909 9.867475822756738 5.17650428425103

VECTORS D float
-0.012032505595901273 -0.0 -0.005610849506161639
-0.018734858422696878 -0.0 -0.008736207956953233
-0.022906998375789068 -0.0 -0.010681708767974557
-0.02583197688216076 -0.0 -0.012045648645434448
-0.027814792757953705 -0.0 -0.012970250873028007
-0.028778805919486092 -0.0 -0.013419777592812774
-0.029074269701057552 -0.0 -0.013557554616866979
-0.028498208369733585 -0.0 -0.01328893280650365
-0.026992708482193338 -0.0 -0.012586906679592141
-0.024697119147380275 -0.0 -0.011516455792789872
-0.021486284572223634 -0.0 -0.010019219041325479
-0.017525589727304353 -0.0 -0.008172316703524593
-0.012141116095810062 -0.0 -0.00566149541402515
-0.005428971749720481 -0.0 -0.002531571102801803
0.0018765590984913128 0.0 0.0008750538786069395
0.010283453748040905 0.0 0.004795253234994197
0.019181200182165962 0.0 0.008944340537548043
0.028860556359807842 0.0 0.013457898449192346
0.03895345584896598 0.0 0.018164294773975458
0.05059156958310057 0.0 0.023591236334681288
0.062405636498698666 0.0 0.029100226211380278
0.07426490661605381 0.0 0.034630294687231715
0.0862882038164718 0.0 0.04023685024806018
0.0978584737127776 0.0 0.04563215570762782
0.1105020072765727 0.0 0.05152793223456523
0.12280980529920564 0.0 0.057267152707543935
0.13509616486113746 0.0 0.06299637626211861
0.14682244017843715 0.0 0.06846442824420941
0.15867175041711018 0.0 0.07398985235235708
0.1716216609567701 0.0 0.08002849480942262
0.18383920550968313 0.0 0.08572562939829587
0.1973780460191415 0.0 0.09203889441039542
0.21119378272793346 0.0 0.09848127824075825
0.2243841737298343 0.0 0.10463205857900339
0.23752369308861931 0.0 0.1107591170804807
0.25071424270606724 0.0 0.11690997138237016
0.2640565979288111 0.0 0.12313161380055995
0.2765266539584996 0.0 0.12894649642482564
0.2897480720252286 0.0 0.13511174492101025
0.30328414341783116 0.0 0.14142371867271358
0.31719297147135656 0.0 0.14790951171003358
0.33054630293490705 0.0 0.15413627243336925
0.3429572005282789 0.0 0.15992356902573598
0.35735493174484706 0.0 0.16663734135207903
0.3732128160710503 0.0 0.17403199425552368
0.39218655205889613 0.0 0.1828795926504673
0.4179464926861772 0.0 0.19489165023858648
0.4614170630627159 0.0 0.21516231010953238
0.5686486203435999 0.0 0.26516520646549496
1.1435435185236669 0.0 0.5332431001210984
1.080127646108707 0.0 0.5036717931654222
0.5067701925732855 0.0 0.23631082172160645
0.40168999104911635 0.0 0.1873111190304158
0.3580777659535505 0.0 0.16697440447917383
0.33232320820849265 0.0 0.15496485697025822
0.31335269912797237 0.0 0.14611876330691267
0.296691433986461 0.0 0.13834948777687497
0.2844483962844525 0.0 0.13264046553734807
0.27091134422587715 0.0 0.12632803449359148
0.25867879801931276 0.0 0.12062390451873564
0.245827842849456 0.0 0.11463140570842482
0.23343065622125356 0.0 0.1088505026441173
0.22139344481972054 0.0 0.1032374587847518
0.2096773359561057 0.0 0.09777414749787051
0.19827853543432802 0.0 0.09245879952078441
0.18764747972693996 0.0 0.08750145683015695
0.17607247613646373 0.0 0.08210394401274627
0.16464307338407771 0.0 0.07677432598117086
0.1533128991771338 0.0 0.07149097898024268
0.14106336799968947 0.0 0.06577892878339196
0.13023021559606232 0.0 0.06072734685562039
0.11872063119340631 0.0 0.055360339506480574
0.10833775669491577 0.0 0.0505187256141722
0.09810182921797529 0.0 0.045745634243355676
0.08733484245571929 0.0 0.040724905860862214
0.07655553524170187 0.0 0.03569843235736046
0.06525186695437535 0.0 0.030427445269736307
0.05542119534317424 0.0 0.0258433278126263
0.045211928126103494 0.0 0.021082668325155436
0.03516570068602563 0.0 0.01639803553428024
0.0251749752009399 0.0 0.011739283730060451
0.015373662871240614 0.0 0.007168856730752663
0.007029038479268314 0.0 0.003277694472348979
-0.0010182372018687016 -0.0 -0.0004748118050496928
-0.007982873920604068 -0.0 -0.003722475243263495
-0.014739366822936343 -0.0 -0.006873079625890929
-0.020509714093512203 -0.0 -0.009563836748374245
-0.025552306031706086 -0.0 -0.01191523598610471
-0.029272881740544314 -0.0 -0.013650168931881437
-0.031883506628994716 -0.0 -0.014867523309935902
-0.03371397320409921 -0.0 -0.015721083891903877
-0.03483295378232145 -0.0 -0.016242873104855615
-0.0351774217736384 -0.0 -0.01640350116719598
-0.03460729377218275 -0.0 -0.01613764611398861
-0.03327718384414132 -0.0 -0.015517405668354895
-0.03133534843064672 -0.0 -0.014611912944165783
-0.028478362823709486 -0.0 -0.013279678676412344
-0.024839280397141447 -0.0 -0.011582746672246392
-0.019987031224035806 -0.0 -0.009320105723550973
-0.012664876975806958 -0.0 -0.005905729123409704
-0.012032505595901273 -0.0 -0.005610849506161639
-0.018734858422696878 -0.0 -0.008736207956953233
-0.022906998375789068 -0.0 -0.010681708767974557
-0.02583197688216076 -0.0 -0.012045648645434448
-0.027814792757953705 -0.0 -0.012970250873028007
-0.028778805919486092 -0.0 -0.013419777592812774
-0.029074269701057552 -0.0 -0.013557554616866979
-0.028498208369733585 -0.0 -0.01328893280650365
-0.026992708482193338 -0.0 -0.012586906679592141
-0.024697119147380275 -0.0 -0.011516455792789872
-0.021486284572223634 -0.0 -0.010019219041325479
-0.017525589727304353 -0.0 -0.008172316703524593
-0.012141116095810062 -0.0 -0.00566149541402515
-0.005428971749720481 -0.0 -0.002531571102801803
0.0018765590984913128 0.0 0.0008750538786069395
0.010283453748040905 0.0 0.004795253234994197
0.019181200182165962 0.0 0.008944340537548043
0.028860556359807842 0.0 0.013457898449192346
0.03895345584896598 0.0 0.018164294773975458
0.05059156958310057 0.0 0.023591236334681288
0.062405636498698666 0.0 0.029100226211380278
0.07426490661605381 0.0 0.034630294687231715
0.0862882038164718 0.0 0.04023685024806018
0.0978584737127776 0.0 0.04563215570762782
0.1105020072765727 0.0 0.05152793223456523
0.12280980529920564 0.0 0.057267152707543935
0.13509616486113746 0.0 0.06299637626211861
0.14682244017843715 0.0 0.06846442824420941
0.15867175041711018 0.0 0.07398985235235708
0.1716216609567701 0.0 0.08002849480942262
0.18383920550968313 0.0 0.08572562939829587
0.1973780460191415 0.0 0.09203889441039542
0.21119378272793346 0.0 0.09848127824075825
0.2243841737298343 0.0 0.10463205857900339
0.23752369308861931 0.0 0.1107591170804807
0.25071424270606724 0.0 0.11690997138237016
0.2640565979288111 0.0 0.12313161380055995
0.2765266539584996 0.0 0.12894649642482564
0.2897480720252286 0.0 0.13511174492101025
0.30328414341783116 0.0 0.14142371867271358
0.31719297147135656 0.0 0.14790951171003358
0.33054630293490705 0.0 0.15413627243336925
0.3429572005282789 0.0 0.15992356902573598
0.35735493174484706 0.0 0.16663734135207903
0.3732128160710503 0.0 0.17403199425552368
0.39218655205889613 0.0 0.1828795926504673
0.4179464926861772 0.0 0.19489165023858648
0.4614170630627159 0.0 0.21516231010953238
0.5686486203435999 0.0 0.26516520646549496
1.1435435185236669 0.0 0.5332431001210984
1.080127646108707 0.0 0.5036717931654222
0.5067701925732855 0.0 0.23631082172160645
0.40168999104911635 0.0 0.1873111190304158
0.3580777659535505 0.0 0.16697440447917383
0.33232320820849265 0.0 0.15496485697025822
0.31335269912797237 0.0 0.14611876330691267
0.296691433986461 0.0 0.13834948777687497
0.2844483962844525 0.0 0.13264046553734807
0.27091134422587715 0.0 0.12632803449359148
0.25867879801931276 0.0 0.12062390451873564
0.245827842849456 0.0 0.11463140570842482
0.23343065622125356 0.0 0.1088505026441173
0.22139344481972054 0.0 0.1032374587847518
0.2096773359561057 0.0 0.09777414749787051
0.19827853543432802 0.0 0.09245879952078441
0.18764747972693996 0.0 0.08750145683015695
0.17607247613646373 0.0 0.08210394401274627
0.16464307338407771 0.0 0.07677432598117086
0.1533128991771338 0.0 0.07149097898024268
0.14106336799968947 0.0 0.06577892878339196
0.13023021559606232 0.0 0.06072734685562039
0.11872063119340631 0.0 0.055360339506480574
0.10833775669491577 0.0 0.0505187256141722
0.09810182921797529 0.0 0.045745634243355676
0.08733484245571929 0.0 0.040724905860862214
0.07655553524170187 0.0 0.03569843235736046
0.06525186695437535 0.0 0.030427445269736307
0.05542119534317424 0.0 0.0258433278126263
0.045211928126103494 0.0 0.021082668325155436
0.03516570068602563 0.0 0.01639803553428024
0.0251749752009399 0.0 0.011739283730060451
0.015373662871240614 0.0 0.007168856730752663
0.007029038479268314 0.0 0.003277694472348979
-0.0010182372018687016 -0.0 -0.0004748118050496928
-0.007982873920604068 -0.0 -0.003722475243263495
-0.014739366822936343 -0.0 -0.006873079625890929
-0.020509714093512203 -0.0 -0.009563836748374245
-0.025552306031706086 -0.0 -0.01191523598610471
-0.029272881740544314 -0.0 -0.013650168931881437
-0.031883506628994716 -0.0 -0.014867523309935902
-0.03371397320409921 -0.0 -0.015721083891903877
-0.03483295378232145 -0.0 -0.016242873104855615
-0.0351774217736384 -0.0 -0.01640350116719598
-0.03460729377218275 -0.0 -0.01613764611398861
-0.03327718384414132 -0.0 -0.015517405668354895
-0.03133534843064672 -0.0 -0.014611912944165783
-0.028478362823709486 -0.0 -0.013279678676412344
-0.024839280397141447 -0.0 -0.011582746672246392
-0.019987031224035806 -0.0 -0.009320105723550973
-0.012664876975806958 -0.0 -0.005905729123409704

VECTORS funs-vector float
0.0 0.0 -1.4517820158165376e-8
0.0 0.0 -8.570376214772132e-8
0.0 0.0 4.414309354413863e-8
0.0 0.0 6.426689580507629e-8
0.0 0.0 1.1269081764711787e-7
0.0 0.0 1.299102478924397e-7
0.0 0.0 2.124952219033235e-7
0.0 0.0 2.3614806691925477e-7
0.0 0.0 1.7774914727975893e-7
0.0 0.0 2.388523502619675e-7
0.0 0.0 3.067338480181292e-7
0.0 0.0 2.417585995637887e-7
0.0 0.0 3.034449026596453e-7
0.0 0.0 3.756872011060545e-7
0.0 0.0 3.9693447656025637e-7
0.0 0.0 3.338177714857177e-7
0.0 0.0 5.42447345708297e-7
0.0 0.0 4.6850023109486365e-7
0.0 0.0 5.234161690736986e-7
0.0 0.0 5.544747129316753e-7
0.0 0.0 9.875571914170162e-7
0.0 0.0 7.225791146032119e-7
0.0 0.0 6.818084230530987e-7
0.0 0.0 3.8645177046315776e-7
0.0 0.0 3.554842374404127e-7
0.0 0.0 3.2540776957871875e-7
0.0 0.0 2.0872875500737633e-7
0.0 0.0 7.713213340759303e-8
0.0 0.0 1.8232479962162792e-7
0.0 0.0 8.282382488935334e-8
0.0 0.0 4.860472402738611e-7
0.0 0.0 4.1540649223489634e-7
0.0 0.0 3.056220139993374e-7
0.0 0.0 5.507843587276348e-8
0.0 0.0 -8.959767424957218e-8
0.0 0.0 -4.203290069943417e-7
0.0 0.0 -5.761131847944771e-7
0.0 0.0 -7.444516915649562e-7
0.0 0.0 -9.145552078073459e-7
0.0 0.0 -1.3023174141515237e-6
0.0 0.0 -1.4599660825741596e-6
0.0 0.0 -8.178505184601323e-7
0.0 0.0 -6.684290493229709e-7
0.0 0.0 -5.109547732796604e-7
0.0 0.0 -4.420635358376951e-7
0.0 0.0 6.244004101641954e-10
0.0 0.0 -7.928815906862757e-9
0.0 0.0 2.059990907551682e-7
0.0 0.0 7.039179285522387e-7
0.0 0.0 7.758250788469926e-7
0.0 0.0 4.1026519103194347e-7
0.0 0.0 8.143432672434097e-7
0.0 0.0 7.646970668805476e-7
0.0 0.0 1.500829947593213e-7
0.0 0.0 4.214257626503324e-7
0.0 0.0 3.5560798814706435e-7
0.0 0.0 -1.0561095561714949e-7
0.0 0.0 -4.358695126039824e-7
0.0 0.0 -4.755570851051002e-7
0.0 0.0 -1.0727808789180353e-6
0.0 0.0 -1.5620797591189086e-6
0.0 0.0 -1.7700723776411824e-6
0.0 0.0 -1.9249965481032465e-6
0.0 0.0 -2.211348774882151e-6
0.0 0.0 -2.622794823992082e-6
0.0 0.0 -3.00985435460048e-6
0.0 0.0 -3.260157519946462e-6
0.0 0.0 -3.708512818046861e-6
0.0 0.0 -4.338090152797041e-6
0.0 0.0 -4.839190945657183e-6
0.0 0.0 -5.227916605318488e-6
0.0 0.0 -5.63127332304186e-6
0.0 0.0 -6.419697124923376e-6
0.0 0.0 -7.4447542046259105e-6
0.0 0.0 -8.344784083130273e-6
0.0 0.0 -9.466461329245915e-6
0.0 0.0 -1.052919983831916e-5
0.0 0.0 -1.2030703085873611e-5
0.0 0.0 -1.3504515851278402e-5
0.0 0.0 -1.505692311098983e-5
0.0 0.0 -1.6858553300509857e-5
0.0 0.0 -1.8911422294820578e-5
0.0 0.0 -2.100951616509665e-5
0.0 0.0 -2.3312056895783627e-5
0.0 0.0 -2.5825861769135382e-5
0.0 0.0 -2.8716812239663763e-5
0.0 0.0 -3.177792029227725e-5
0.0 0.0 -3.5254782840933216e-5
0.0 0.0 -3.92882288506061e-5
0.0 0.0 -4.405333613536043e-5
0.0 0.0 -4.994910833163019e-5
0.0 0.0 -5.753174070768164e-5
0.0 0.0 -6.860159939363217e-5
0.0 0.0 -8.770599406495518e-5
0.0 0.0 -0.00014915081264503405
0.0 0.0 -8.645249360128562e-5
0.0 0.0 -6.336553581673149e-5
0.0 0.0 -4.776219380337406e-5
0.0 0.0 -3.472863352336411e-5
0.0 0.0 -2.1529643674159366e-5
0.0 0.0 -1.4517820158165376e-8
0.0 0.0 -8.570376214772132e-8
0.0 0.0 4.414309354413863e-8
0.0 0.0 6.426689580507629e-8
0.0 0.0 1.1269081764711787e-7
0.0 0.0 1.299102478924397e-7
0.0 0.0 2.124952219033235e-7
0.0 0.0 2.3614806691925477e-7
0.0 0.0 1.7774914727975893e-7
0.0 0.0 2.388523502619675e-7
0.0 0.0 3.067338480181292e-7
0.0 0.0 2.417585995637887e-7
0.0 0.0 3.034449026596453e-7
0.0 0.0 3.756872011060545e-7
0.0 0.0 3.9693447656025637e-7
0.0 0.0 3.338177714857177e-7
0.0 0.0 5.42447345708297e-7
0.0 0.0 4.6850023109486365e-7
0.0 0.0 5.234161690736986e-7
0.0 0.0 5.544747129316753e-7
0.0 0.0 9.875571914170162e-7
0.0 0.0 7.225791146032119e-7
0.0 0.0 6.818084230530987e-7
0.0 0.0 3.8645177046315776e-7
0.0 0.0 3.554842374404127e-7
0.0 0.0 3.2540776957871875e-7
0.0 0.0 2.0872875500737633e-7
0.0 0.0 7.713213340759303e-8
0.0 0.0 1.8232479962162792e-7
0.0 0.0 8.282382488935334e-8
0.0 0.0 4.860472402738611e-7
0.0 0.0 4.1540649223489634e-7
0.0 0.0 3.056220139993374e-7
0.0 0.0 5.507843587276348e-8
0.0 0.0 -8.959767424957218e-8
0.0 0.0 -4.203290069943417e-7
0.0 0.0 -5.761131847944771e-7
0.0 0.0 -7.444516915649562e-7
0.0 0.0 -9.145552078073459e-7
0.0 0.0 -1.3023174141515237e-6
0.0 0.0 -1.4599660825741596e-6
0.0 0.0 -8.178505184601323e-7
0.0 0.0 -6.684290493229709e-7
0.0 0.0 -5.109547732796604e-7
0.0 0.0 -4.420635358376951e-7
0.0 0.0 6.244004101641954e-10
0.0 0.0 -7.928815906862757e-9
0.0 0.0 2.059990907551682e-7
0.0 0.0 7.039179285522387e-7
0.0 0.0 7.758250788469926e-7
0.0 0.0 4.1026519103194347e-7
0.0 0.0 8.143432672434097e-7
0.0 0.0 7.646970668805476e-7
0.0 0.0 1.500829947593213e-7
0.0 0.0 4.214257626503324e-7
0.0 0.0 3.5560798814706435e-7
0.0 0.0 -1.0561095561714949e-7
0.0 0.0 -4.358695126039824e-7
0.0 0.0 -4.755570851051002e-7
0.0 0.0 -1.0727808789180353e-6
0.0 0.0 -1.5620797591189086e-6
0.0 0.0 -1.7700723776411824e-6
0.0 0.0 -1.9249965481032465e-6
0.0 0.0 -2.211348774882151e-6
0.0 0.0 -2.622794823992082e-6
0.0 0.0 -3.00985435460048e-6
0.0 0.0 -3.260157519946462e-6
0.0 0.0 -3.708512818046861e-6
0.0 0.0 -4.338090152797041e-6
0.0 0.0 -4.839190945657183e-6
0.0 0.0 -5.227916605318488e-6
0.0 0.0 -5.63127332304186e-6
0.0 0.0 -6.419697124923376e-6
0.0 0.0 -7.4447542046259105e-6
0.0 0.0 -8.344784083130273e-6
0.0 0.0 -9.466461329245915e-6
0.0 0.0 -1.052919983831916e-5
0.0 0.0 -1.2030703085873611e-5
0.0 0.0 -1.3504515851278402e-5
0.0 0.0 -1.505692311098983e-5
0.0 0.0 -1.6858553300509857e-5
0.0 0.0 -1.8911422294820578e-5
0.0 0.0 -2.100951616509665e-5
0.0 0.0 -2.3312056895783627e-5
0.0 0.0 -2.5825861769135382e-5
0.0 0.0 -2.8716812239663763e-5
0.0 0.0 -3.177792029227725e-5
0.0 0.0 -3.5254782840933216e-5
0.0 0.0 -3.92882288506061e-5
0.0 0.0 -4.405333613536043e-5
0.0 0.0 -4.994910833163019e-5
0.0 0.0 -5.753174070768164e-5
0.0 0.0 -6.860159939363217e-5
0.0 0.0 -8.770599406495518e-5
0.0 0.0 -0.00014915081264503405
0.0 0.0 -8.645249360128562e-5
0.0 0.0 -6.336553581673149e-5
0.0 0.0 -4.776219380337406e-5
0.0 0.0 -3.472863352336411e-5
0.0 0.0 -2.1529643674159366e-5

VECTORS S float
-0.0 -0.0448962334806788 0.0
-0.0 -0.06385317829414311 0.0
-0.0 -0.08027399055265001 0.0
-0.0 -0.0959719300786249 0.0
-0.0 -0.11137922194218215 0.0
-0.0 -0.12641869451476548 0.0
-0.0 -0.14148219416391708 0.0
-0.0 -0.15632272774738332 0.0
-0.0 -0.1708444613857317 0.0
-0.0 -0.18517334594495574 0.0
-0.0 -0.19912988015159874 0.0
-0.0 -0.21287104992596442 0.0
-0.0 -0.22556813337707685 0.0
-0.0 -0.23724429147898032 0.0
-0.0 -0.2486712126794009 0.0
-0.0 -0.25919925608375977 0.0
-0.0 -0.2694663624248789 0.0
-0.0 -0.2790815475970894 0.0
-0.0 -0.28841730945374294 0.0
-0.0 -0.2960881958284505 0.0
-0.0 -0.30356672615166014 0.0
-0.0 -0.31094753653379864 0.0
-0.0 -0.3180481668659769 0.0
-0.0 -0.32555568131630197 0.0
-0.0 -0.3316738005919804 0.0
-0.0 -0.337947056797759 0.0
-0.0 -0.34397809386462913 0.0
-0.0 -0.35037070382277813 0.0
-0.0 -0.35634648286706 0.0
-0.0 -0.3607268129686996 0.0
-0.0 -0.3655472688622476 0.0
-0.0 -0.36841612282229824 0.0
-0.0 -0.37039990535816736 0.0
-0.0 -0.37245486429031693 0.0
-0.0 -0.373902063816611 0.0
-0.0 -0.37457985476921607 0.0
-0.0 -0.37430902431975244 0.0
-0.0 -0.37421447036989647 0.0
-0.0 -0.3724450387057924 0.0
-0.0 -0.36939687750995304 0.0
-0.0 -0.36489347651790965 0.0
-0.0 -0.35988907610940124 0.0
-0.0 -0.3548423953931755 0.0
-0.0 -0.3464709454956635 0.0
-0.0 -0.3351948974122218 0.0
-0.0 -0.3189717627032201 0.0
-0.0 -0.2933464884089375 0.0
-0.0 -0.2452097674575372 0.0
-0.0 -0.11917420762582864 0.0
0.0 0.5759193316981144 -0.0
-0.0 -0.5710791832425743 0.0
0.0 0.12197551810048668 -0.0
0.0 0.24555806003234298 -0.0
0.0 0.29387916846746004 -0.0
0.0 0.3195783970841119 -0.0
0.0 0.33596562950696696 -0.0
0.0 0.34838326296285604 -0.0
0.0 0.3547637932262176 -0.0
0.0 0.36159214812752444 -0.0
0.0 0.365959141651926 -0.0
0.0 0.3700884472398747 -0.0
0.0 0.37281667324330464 -0.0
0.0 0.37433751310170293 -0.0
0.0 0.374766068441214 -0.0
0.0 0.37417096400919037 -0.0
0.0 0.3721059736997291 -0.0
0.0 0.37052560652244726 -0.0
0.0 0.3681974286659353 -0.0
0.0 0.3652213140244084 -0.0
0.0 0.36278185950604575 -0.0
0.0 0.35827862779453684 -0.0
0.0 0.35417547017132445 -0.0
0.0 0.3484558168072554 -0.0
0.0 0.34230504374704307 -0.0
0.0 0.33650353290979557 -0.0
0.0 0.3304657443881783 -0.0
0.0 0.3248106265380388 -0.0
0.0 0.3173095692817247 -0.0
0.0 0.3101547089753362 -0.0
0.0 0.30273656900814516 -0.0
0.0 0.295217960695874 -0.0
0.0 0.2874924958687393 -0.0
0.0 0.27818043377311574 -0.0
0.0 0.26869565143396196 -0.0
0.0 0.258181872730702 -0.0
0.0 0.2477004129479943 -0.0
0.0 0.2363984125405571 -0.0
0.0 0.2246391322127045 -0.0
0.0 0.2118039933139396 -0.0
0.0 0.19820756536145412 -0.0
0.0 0.18427489339162992 -0.0
0.0 0.17011498990633747 -0.0
0.0 0.1556862847712511 -0.0
0.0 0.14086238211482305 -0.0
0.0 0.1258491106832202 -0.0
0.0 0.11082991855323462 -0.0
0.0 0.09546287106373445 -0.0
0.0 0.07988763629231008 -0.0
0.0 0.06353494240816296 -0.0
0.0 0.04465481331425686 -0.0
-0.0 -0.0448962334806788 0.0
-0.0 -0.06385317829414311 0.0
-0.0 -0.08027399055265001 0.0
-0.0 -0.0959719300786249 0.0
-0.0 -0.11137922194218215 0.0
-0.0 -0.12641869451476548 0.0
-0.0 -0.14148219416391708 0.0
-0.0 -0.15632272774738332 0.0
-0.0 -0.1708444613857317 0.0
-0.0 -0.18517334594495574 0.0
-0.0 -0.19912988015159874 0.0
-0.0 -0.21287104992596442 0.0
-0.0 -0.22556813337707685 0.0
-0.0 -0.23724429147898032 0.0
-0.0 -0.2486712126794009 0.0
-0.0 -0.25919925608375977 0.0
-0.0 -0.2694663624248789 0.0
-0.0 -0.2790815475970894 0.0
-0.0 -0.28841730945374294 0.0
-0.0 -0.2960881958284505 0.0
-0.0 -0.30356672615166014 0.0
-0.0 -0.31094753653379864 0.0
-0.0 -0.3180481668659769 0.0
-0.0 -0.32555568131630197 0.0
-0.0 -0.3316738005919804 0.0
-0.0 -0.337947056797759 0.0
-0.0 -0.34397809386462913 0.0
-0.0 -0.35037070382277813 0.0
-0.0 -0.35634648286706 0.0
-0.0 -0.3607268129686996 0.0
-0.0 -0.3655472688622476 0.0
-0.0 -0.36841612282229824 0.0
-0.0 -0.37039990535816736 0.0
-0.0 -0.37245486429031693 0.0
-0.0 -0.373902063816611 0.0
-0.0 -0.37457985476921607 0.0
-0.0 -0.37430902431975244 0.0
-0.0 -0.37421447036989647 0.0
-0.0 -0.3724450387057924 0.0
-0.0 -0.36939687750995304 0.0
-0.0 -0.36489347651790965 0.0
-0.0 -0.35988907610940124 0.0
-0.0 -0.3548423953931755 0.0
-0.0 -0.3464709454956635 0.0
-0.0 -0.3351948974122218 0.0
-0.0 -0.3189717627032201 0.0
-0.0 -0.2933464884089375 0.0
-0.0 -0.2452097674575372 0.0
-0.0 -0.11917420762582864 0.0
0.0 0.5759193316981144 -0.0
-0.0 -0.5710791832425743 0.0
0.0 0.12197551810048668 -0.0
0.0 0.24555806003234298 -0.0
0.0 0.29387916846746004 -0.0
0.0 0.3195783970841119 -0.0
0.0 0.33596562950696696 -0.0
0.0 0.34838326296285604 -0.0
0.0 0.3547637932262176 -0.0
0.0 0.36159214812752444 -0.0
0.0 0.365959141651926 -0.0
0.0 0.3700884472398747 -0.0
0.0 0.37281667324330464 -0.0
0.0 0.37433751310170293 -0.0
0.0 0.374766068441214 -0.0
0.0 0.37417096400919037 -0.0
0.0 0.3721059736997291 -0.0
0.0 0.37052560652244726 -0.0
0.0 0.3681974286659353 -0.0
0.0 0.3652213140244084 -0.0
0.0 0.36278185950604575 -0.0
0.0 0.35827862779453684 -0.0
0.0 0.35417547017132445 -0.0
0.0 0.3484558168072554 -0.0
0.0 0.34230504374704307 -0.0
0.0 0.33650353290979557 -0.0
0.0 0.3304657443881783 -0.0
0.0 0.3248106265380388 -0.0
0.0 0.3173095692817247 -0.0
0.0 0.3101547089753362 -0.0
0.0 0.30273656900814516 -0.0
0.0 0.295217960695874 -0.0
0.0 0.2874924958687393 -0.0
0.0 0.27818043377311574 -0.0
0.0 0.26869565143396196 -0.0
0.0 0.258181872730702 -0.0
0.0 0.2477004129479943 -0.0
0.0 0.2363984125405571 -0.0
0.0 0.2246391322127045 -0.0
0.0 0.2118039933139396 -0.0
0.0 0.19820756536145412 -0.0
0.0 0.18427489339162992 -0.0
0.0 0.17011498990633747 -0.0
0.0 0.1556862847712511 -0.0
0.0 0.14086238211482305 -0.0
0.0 0.1258491106832202 -0.0
0.0 0.11082991855323462 -0.0
0.0 0.09546287106373445 -0.0
0.0 0.07988763629231008 -0.0
0.0 0.06353494240816296 -0.0
0.0 0.04465481331425686 -0.0

VECTORS Vvpm_ApA float
-0.2948968708515167 0.723598062992096 -0.2370520383119583
-0.3006872236728668 0.7034947276115417 -0.2601003646850586
-0.30447670817375183 0.6897138953208923 -0.27566391229629517
-0.30818477272987366 0.675684928894043 -0.291312038898468
-0.3116312325000763 0.661715030670166 -0.3067777156829834
-0.3137432634830475 0.6529422402381897 -0.3163999319076538
-0.31631574034690857 0.6412886381149292 -0.329170286655426
-0.31754419207572937 0.6354171633720398 -0.3355872929096222
-0.3208165466785431 0.6188892126083374 -0.35356542468070984
-0.32212838530540466 0.6115089654922485 -0.3615892827510834
-0.32278868556022644 0.6076239347457886 -0.36580777168273926
-0.3218976557254791 0.6126583218574524 -0.3603498339653015
-0.32284989953041077 0.6074028611183167 -0.3660314083099365
-0.3224315345287323 0.609738826751709 -0.36350107192993164
-0.3216404616832733 0.6141476035118103 -0.35871458053588867
-0.32091620564460754 0.6180481910705566 -0.35448652505874634
-0.3212098181247711 0.6163561940193176 -0.3563307225704193
-0.3226258456707001 0.608633279800415 -0.36468949913978577
-0.3224615156650543 0.6095442175865173 -0.3637004792690277
-0.32267507910728455 0.6082161068916321 -0.3651474118232727
-0.3218998610973358 0.6125630736351013 -0.36043110489845276
-0.32078567147254944 0.6186349391937256 -0.3538443148136139
-0.3210153877735138 0.6173267960548401 -0.35527029633522034
-0.32064303755760193 0.619331955909729 -0.35308837890625
-0.3208666741847992 0.6180707216262817 -0.35446232557296753
-0.3224988281726837 0.6095221638679504 -0.363691508769989
-0.3226630389690399 0.6085065603256226 -0.36479759216308594
-0.3223254978656769 0.61039799451828 -0.36274993419647217
-0.322053998708725 0.6118614077568054 -0.3611644208431244
-0.3222251832485199 0.6108202934265137 -0.36229968070983887
-0.3211997449398041 0.6164829134941101 -0.3561563789844513
-0.32137373089790344 0.6154614090919495 -0.3572711944580078
-0.32070305943489075 0.619129478931427 -0.35327810049057007
-0.3190790116786957 0.6275528073310852 -0.3441086411476135
-0.31926873326301575 0.626547634601593 -0.34520670771598816
-0.31945422291755676 0.6255637407302856 -0.34627974033355713
-0.3196351230144501 0.6246017813682556 -0.34732869267463684
-0.31981077790260315 0.6236602067947388 -0.3483554720878601
-0.31998077034950256 0.6227388978004456 -0.3493592441082001
-0.31913092732429504 0.6271035671234131 -0.3446120619773865
-0.3193260133266449 0.6260870099067688 -0.34571972489356995
-0.3245945870876312 0.5969856977462769 -0.37724244594573975
-0.32423707842826843 0.5991785526275635 -0.3748617470264435
-0.32432469725608826 0.5986023545265198 -0.3754875957965851
-0.3244076073169708 0.5980367660522461 -0.37610360980033875
-0.32448717951774597 0.5974827408790588 -0.3767075836658478
-0.3245640695095062 0.5969403982162476 -0.37729912996292114
-0.32463791966438293 0.5964087247848511 -0.37787938117980957
-0.3235394060611725 0.6031754612922668 -0.370538592338562
-0.32456615567207336 0.5970239043235779 -0.37720993161201477
-0.32957735657691956 0.5601020455360413 -0.4172055721282959
-0.3245668113231659 0.5970261693000793 -0.3772065043449402
-0.32354167103767395 0.6031839847564697 -0.37052810192108154
-0.3246385157108307 0.5964109301567078 -0.37787631154060364
-0.3245633542537689 0.5969411730766296 -0.377297580242157
-0.32448747754096985 0.5974845290184021 -0.37670472264289856
-0.3244076669216156 0.5980382561683655 -0.37610089778900146
-0.324325829744339 0.5986048579216003 -0.3754836916923523
-0.32423898577690125 0.599181592464447 -0.37485647201538086
-0.3245972692966461 0.5969871282577515 -0.3772384226322174
-0.31932780146598816 0.6260865926742554 -0.34571564197540283
-0.3191339671611786 0.6271046996116638 -0.3446064591407776
-0.31998398900032043 0.6227419376373291 -0.3493518531322479
-0.3198144733905792 0.6236633658409119 -0.3483469486236572
-0.31963905692100525 0.6246050596237183 -0.3473202586174011
-0.31945833563804626 0.6255673170089722 -0.3462710976600647
-0.3192727267742157 0.6265511512756348 -0.34519824385643005
-0.3190818130970001 0.6275555491447449 -0.34410208463668823
-0.3207043707370758 0.6191338896751404 -0.35327136516571045
-0.3213742673397064 0.6154661774635315 -0.35726499557495117
-0.3211996853351593 0.6164873838424683 -0.35615110397338867
-0.3222247064113617 0.6108206510543823 -0.36229830980300903
-0.32205358147621155 0.611862063407898 -0.3611631393432617
-0.3223249018192291 0.6103967428207397 -0.3627500832080841
-0.3226625621318817 0.6085071563720703 -0.36479616165161133
-0.32249853014945984 0.6095227003097534 -0.363689661026001
-0.32086679339408875 0.6180731058120728 -0.35445845127105713
-0.32064321637153625 0.6193342804908752 -0.3530842065811157
-0.3210161030292511 0.6173302531242371 -0.35526514053344727
-0.3207866847515106 0.6186386346817017 -0.35383880138397217
-0.321900874376297 0.612565279006958 -0.3604266047477722
-0.3226763904094696 0.6082189083099365 -0.36514249444007874
-0.32246270775794983 0.6095471978187561 -0.36369550228118896
-0.32262763381004333 0.6086371541023254 -0.36468368768692017
-0.32121118903160095 0.6163614392280579 -0.35632383823394775
-0.3209172785282135 0.6180530786514282 -0.35447990894317627
-0.3216414153575897 0.6141510605812073 -0.3587094247341156
-0.3224327862262726 0.6097431182861328 -0.36349520087242126
-0.3228508532047272 0.6074084043502808 -0.366024374961853
-0.32189878821372986 0.6126651167869568 -0.36034175753593445
-0.3227897584438324 0.607629656791687 -0.3658008873462677
-0.3221299946308136 0.6115136742591858 -0.36158302426338196
-0.320818156003952 0.6188917756080627 -0.3535606265068054
-0.317545622587204 0.6354169249534607 -0.3355841338634491
-0.31631729006767273 0.6412851810455322 -0.32916945219039917
-0.3137443959712982 0.6529372334480286 -0.31640005111694336
-0.3116322457790375 0.661706805229187 -0.30678021907806396
-0.30818548798561096 0.6756755709648132 -0.2913152873516083
-0.30447712540626526 0.6897026896476746 -0.27566853165626526
-0.30068764090538025 0.7034822702407837 -0.26010531187057495
-0.2948968708515167 0.723598062992096 -0.2370520383119583
-0.3006872236728668 0.7034947276115417 -0.2601003646850586
-0.30447670817375183 0.6897138953208923 -0.27566391229629517
-0.30818477272987366 0.675684928894043 -0.291312038898468
-0.3116312325000763 0.661715030670166 -0.3067777156829834
-0.3137432634830475 0.6529422402381897 -0.3163999319076538
-0.31631574034690857 0.6412886381149292 -0.329170286655426
-0.31754419207572937 0.6354171633720398 -0.3355872929096222
-0.3208165466785431 0.6188892126083374 -0.35356542468070984
-0.32212838530540466 0.6115089654922485 -0.3615892827510834
-0.32278868556022644 0.6076239347457886 -0.36580777168273926
-0.3218976557254791 0.6126583218574524 -0.3603498339653015
-0.32284989953041077 0.6074028611183167 -0.3660314083099365
-0.3224315345287323 0.609738826751709 -0.36350107192993164
-0.3216404616832733 0.6141476035118103 -0.35871458053588867
-0.32091620564460754 0.6180481910705566 -0.35448652505874634
-0.3212098181247711 0.6163561940193176 -0.3563307225704193
-0.3226258456707001 0.608633279800415 -0.36468949913978577
-0.3224615156650543 0.6095442175865173 -0.3637004792690277
-0.32267507910728455 0.6082161068916321 -0.3651474118232727
-0.3218998610973358 0.6125630736351013 -0.36043110489845276
-0.32078567147254944 0.6186349391937256 -0.3538443148136139
-0.3210153877735138 0.6173267960548401 -0.35527029633522034
-0.32064303755760193 0.619331955909729 -0.35308837890625
-0.3208666741847992 0.6180707216262817 -0.35446232557296753
-0.3224988281726837 0.6095221638679504 -0.363691508769989
-0.3226630389690399 0.6085065603256226 -0.36479759216308594
-0.3223254978656769 0.61039799451828 -0.36274993419647217
-0.322053998708725 0.6118614077568054 -0.3611644208431244
-0.3222251832485199 0.6108202934265137 -0.36229968070983887
-0.3211997449398041 0.6164829134941101 -0.3561563789844513
-0.32137373089790344 0.6154614090919495 -0.3572711944580078
-0.32070305943489075 0.619129478931427 -0.35327810049057007
-0.3190790116786957 0.6275528073310852 -0.3441086411476135
-0.31926873326301575 0.626547634601593 -0.34520670771598816
-0.31945422291755676 0.6255637407302856 -0.34627974033355713
-0.3196351230144501 0.6246017813682556 -0.34732869267463684
-0.31981077790260315 0.6236602067947388 -0.3483554720878601
-0.31998077034950256 0.6227388978004456 -0.3493592441082001
-0.31913092732429504 0.6271035671234131 -0.3446120619773865
-0.3193260133266449 0.6260870099067688 -0.34571972489356995
-0.3245945870876312 0.5969856977462769 -0.37724244594573975
-0.32423707842826843 0.5991785526275635 -0.3748617470264435
-0.32432469725608826 0.5986023545265198 -0.3754875957965851
-0.3244076073169708 0.5980367660522461 -0.37610360980033875
-0.32448717951774597 0.5974827408790588 -0.3767075836658478
-0.3245640695095062 0.5969403982162476 -0.37729912996292114
-0.32463791966438293 0.5964087247848511 -0.37787938117980957
-0.3235394060611725 0.6031754612922668 -0.370538592338562
-0.32456615567207336 0.5970239043235779 -0.37720993161201477
-0.32957735657691956 0.5601020455360413 -0.4172055721282959
-0.3245668113231659 0.5970261693000793 -0.3772065043449402
-0.32354167103767395 0.6031839847564697 -0.37052810192108154
-0.3246385157108307 0.5964109301567078 -0.37787631154060364
-0.3245633542537689 0.5969411730766296 -0.377297580242157
-0.32448747754096985 0.5974845290184021 -0.37670472264289856
-0.3244076669216156 0.5980382561683655 -0.37610089778900146
-0.324325829744339 0.5986048579216003 -0.3754836916923523
-0.32423898577690125 0.599181592464447 -0.37485647201538086
-0.3245972692966461 0.5969871282577515 -0.3772384226322174
-0.31932780146598816 0.6260865926742554 -0.34571564197540283
-0.3191339671611786 0.6271046996116638 -0.3446064591407776
-0.31998398900032043 0.6227419376373291 -0.3493518531322479
-0.3198144733905792 0.6236633658409119 -0.3483469486236572
-0.31963905692100525 0.6246050596237183 -0.3473202586174011
-0.31945833563804626 0.6255673170089722 -0.3462710976600647
-0.3192727267742157 0.6265511512756348 -0.34519824385643005
-0.3190818130970001 0.6275555491447449 -0.34410208463668823
-0.3207043707370758 0.6191338896751404 -0.35327136516571045
-0.3213742673397064 0.6154661774635315 -0.35726499557495117
-0.3211996853351593 0.6164873838424683 -0.35615110397338867
-0.3222247064113617 0.6108206510543823 -0.36229830980300903
-0.32205358147621155 0.611862063407898 -0.3611631393432617
-0.3223249018192291 0.6103967428207397 -0.3627500832080841
-0.3226625621318817 0.6085071563720703 -0.36479616165161133
-0.32249853014945984 0.6095227003097534 -0.363689661026001
-0.32086679339408875 0.6180731058120728 -0.35445845127105713
-0.32064321637153625 0.6193342804908752 -0.3530842065811157
-0.3210161030292511 0.6173302531242371 -0.35526514053344727
-0.3207866847515106 0.6186386346817017 -0.35383880138397217
-0.321900874376297 0.612565279006958 -0.3604266047477722
-0.3226763904094696 0.6082189083099365 -0.36514249444007874
-0.32246270775794983 0.6095471978187561 -0.36369550228118896
-0.32262763381004333 0.6086371541023254 -0.36468368768692017
-0.32121118903160095 0.6163614392280579 -0.35632383823394775
-0.3209172785282135 0.6180530786514282 -0.35447990894317627
-0.3216414153575897 0.6141510605812073 -0.3587094247341156
-0.3224327862262726 0.6097431182861328 -0.36349520087242126
-0.3228508532047272 0.6074084043502808 -0.366024374961853
-0.32189878821372986 0.6126651167869568 -0.36034175753593445
-0.3227897584438324 0.607629656791687 -0.3658008873462677
-0.3221299946308136 0.6115136742591858 -0.36158302426338196
-0.320818156003952 0.6188917756080627 -0.3535606265068054
-0.317545622587204 0.6354169249534607 -0.3355841338634491
-0.31631729006767273 0.6412851810455322 -0.32916945219039917
-0.3137443959712982 0.6529372334480286 -0.31640005111694336
-0.3116322457790375 0.661706805229187 -0.30678021907806396
-0.30818548798561096 0.6756755709648132 -0.2913152873516083
-0.30447712540626526 0.6897026896476746 -0.27566853165626526
-0.30068764090538025 0.7034822702407837 -0.26010531187057495

VECTORS Vkin float
-0.0 -0.0 -0.0
-0.0 -0.0 -0.0
-0.0 -0.0 -0.0
-0.0 -0.0 -0.0
-0.0 -0.0 -0.0
-0.0 -0.0 -0.0
-0.0 -0.0 -0.0
-0.0 -0.0 -0.0
-0.0 -0.0 -0.0
-0.0 -0.0 -0.0
-0.0 -0.0 -0.0
-0.0 -0.0 -0.0
-0.0 -0.0 -0.0
-0.0 -0.0 -0.0
-0.0 -0.0 -0.0
-0.0 -0.0 -0.0
-0.0 -0.0 -0.0
-0.0 -0.0 -0.0
-0.0 -0.0 -0.0
-0.0 -0.0 -0.0
-0.0 -0.0 -0.0
-0.0 -0.0 -0.0
-0.0 -0.0 -0.0
-0.0 -0.0 -0.0
-0.0 -0.0 -0.0
-0.0 -0.0 -0.0
-0.0 -0.0 -0.0
-0.0 -0.0 -0.0
-0.0 -0.0 -0.0
-0.0 -0.0 -0.0
-0.0 -0.0 -0.0
-0.0 -0.0 -0.0
-0.0 -0.0 -0.0
-0.0 -0.0 -0.0
-0.0 -0.0 -0.0
-0.0 -0.0 -0.0
-0.0 -0.0 -0.0
-0.0 -0.0 -0.0
-0.0 -0.0 -0.0
-0.0 -0.0 -0.0
-0.0 -0.0 -0.0
-0.0 -0.0 -0.0
-0.0 -0.0 -0.0
-0.0 -0.0 -0.0
-0.0 -0.0 -0.0
-0.0 -0.0 -0.0
-0.0 -0.0 -0.0
-0.0 -0.0 -0.0
-0.0 -0.0 -0.0
-0.0 -0.0 -0.0
-0.0 -0.0 -0.0
-0.0 -0.0 -0.0
-0.0 -0.0 -0.0
-0.0 -0.0 -0.0
-0.0 -0.0 -0.0
-0.0 -0.0 -0.0
-0.0 -0.0 -0.0
-0.0 -0.0 -0.0
-0.0 -0.0 -0.0
-0.0 -0.0 -0.0
-0.0 -0.0 -0.0
-0.0 -0.0 -0.0
-0.0 -0.0 -0.0
-0.0 -0.0 -0.0
-0.0 -0.0 -0.0
-0.0 -0.0 -0.0
-0.0 -0.0 -0.0
-0.0 -0.0 -0.0
-0.0 -0.0 -0.0
-0.0 -0.0 -0.0
-0.0 -0.0 -0.0
-0.0 -0.0 -0.0
-0.0 -0.0 -0.0
-0.0 -0.0 -0.0
-0.0 -0.0 -0.0
-0.0 -0.0 -0.0
-0.0 -0.0 -0.0
-0.0 -0.0 -0.0
-0.0 -0.0 -0.0
-0.0 -0.0 -0.0
-0.0 -0.0 -0.0
-0.0 -0.0 -0.0
-0.0 -0.0 -0.0
-0.0 -0.0 -0.0
-0.0 -0.0 -0.0
-0.0 -0.0 -0.0
-0.0 -0.0 -0.0
-0.0 -0.0 -0.0
-0.0 -0.0 -0.0
-0.0 -0.0 -0.0
-0.0 -0.0 -0.0
-0.0 -0.0 -0.0
-0.0 -0.0 -0.0
-0.0 -0.0 -0.0
-0.0 -0.0 -0.0
-0.0 -0.0 -0.0
-0.0 -0.0 -0.0
-0.0 -0.0 -0.0
-0.0 -0.0 -0.0
-0.0 -0.0 -0.0
-0.0 -0.0 -0.0
-0.0 -0.0 -0.0
-0.0 -0.0 -0.0
-0.0 -0.0 -0.0
-0.0 -0.0 -0.0
-0.0 -0.0 -0.0
-0.0 -0.0 -0.0
-0.0 -0.0 -0.0
-0.0 -0.0 -0.0
-0.0 -0.0 -0.0
-0.0 -0.0 -0.0
-0.0 -0.0 -0.0
-0.0 -0.0 -0.0
-0.0 -0.0 -0.0
-0.0 -0.0 -0.0
-0.0 -0.0 -0.0
-0.0 -0.0 -0.0
-0.0 -0.0 -0.0
-0.0 -0.0 -0.0
-0.0 -0.0 -0.0
-0.0 -0.0 -0.0
-0.0 -0.0 -0.0
-0.0 -0.0 -0.0
-0.0 -0.0 -0.0
-0.0 -0.0 -0.0
-0.0 -0.0 -0.0
-0.0 -0.0 -0.0
-0.0 -0.0 -0.0
-0.0 -0.0 -0.0
-0.0 -0.0 -0.0
-0.0 -0.0 -0.0
-0.0 -0.0 -0.0
-0.0 -0.0 -0.0
-0.0 -0.0 -0.0
-0.0 -0.0 -0.0
-0.0 -0.0 -0.0
-0.0 -0.0 -0.0
-0.0 -0.0 -0.0
-0.0 -0.0 -0.0
-0.0 -0.0 -0.0
-0.0 -0.0 -0.0
-0.0 -0.0 -0.0
-0.0 -0.0 -0.0
-0.0 -0.0 -0.0
-0.0 -0.0 -0.0
-0.0 -0.0 -0.0
-0.0 -0.0 -0.0
-0.0 -0.0 -0.0
-0.0 -0.0 -0.0
-0.0 -0.0 -0.0
-0.0 -0.0 -0.0
-0.0 -0.0 -0.0
-0.0 -0.0 -0.0
-0.0 -0.0 -0.0
-0.0 -0.0 -0.0
-0.0 -0.0 -0.0
-0.0 -0.0 -0.0
-0.0 -0.0 -0.0
-0.0 -0.0 -0.0
-0.0 -0.0 -0.0
-0.0 -0.0 -0.0
-0.0 -0.0 -0.0
-0.0 -0.0 -0.0
-0.0 -0.0 -0.0
-0.0 -0.0 -0.0
-0.0 -0.0 -0.0
-0.0 -0.0 -0.0
-0.0 -0.0 -0.0
-0.0 -0.0 -0.0
-0.0 -0.0 -0.0
-0.0 -0.0 -0.0
-0.0 -0.0 -0.0
-0.0 -0.0 -0.0
-0.0 -0.0 -0.0
-0.0 -0.0 -0.0
-0.0 -0.0 -0.0
-0.0 -0.0 -0.0
-0.0 -0.0 -0.0
-0.0 -0.0 -0.0
-0.0 -0.0 -0.0
-0.0 -0.0 -0.0
-0.0 -0.0 -0.0
-0.0 -0.0 -0.0
-0.0 -0.0 -0.0
-0.0 -0.0 -0.0
-0.0 -0.0 -0.0
-0.0 -0.0 -0.0
-0.0 -0.0 -0.0
-0.0 -0.0 -0.0
-0.0 -0.0 -0.0
-0.0 -0.0 -0.0
-0.0 -0.0 -0.0
-0.0 -0.0 -0.0
-0.0 -0.0 -0.0
-0.0 -0.0 -0.0
-0.0 -0.0 -0.0
-0.0 -0.0 -0.0
-0.0 -0.0 -0.0
-0.0 -0.0 -0.0
-0.0 -0.0 -0.0

VECTORS Funs-vector float
0.0 0.0 -6.569973522486047e-11
0.0 0.0 -4.590859558875402e-10
0.0 0.0 2.7315156618557954e-10
0.0 0.0 4.510939917651689e-10
0.0 0.0 8.846542796108671e-10
0.0 0.0 1.1278137684008222e-9
0.0 0.0 2.0214012079291243e-9
0.0 0.0 2.4426910693486432e-9
0.0 0.0 1.9863648585194086e-9
0.0 0.0 2.8677348784513986e-9
0.0 0.0 3.937700042028962e-9
0.0 0.0 3.304530569146966e-9
0.0 0.0 4.399928569462624e-9
0.0 0.0 5.759709967710317e-9
0.0 0.0 6.4153890399901135e-9
0.0 0.0 5.672746853949644e-9
0.0 0.0 9.668988073815115e-9
0.0 0.0 8.740319450442033e-9
0.0 0.0 1.0199895371352694e-8
0.0 0.0 1.1266020901934223e-8
0.0 0.0 2.0886413191876182e-8
0.0 0.0 1.5882851987639337e-8
0.0 0.0 1.555340362708175e-8
0.0 0.0 9.136953057914487e-9
0.0 0.0 8.700262365570886e-9
0.0 0.0 8.234639819811196e-9
0.0 0.0 5.455503582685733e-9
0.0 0.0 2.080100518554279e-9
0.0 0.0 5.06848735820883e-9
0.0 0.0 2.371281448845128e-9
0.0 0.0 1.4319745244982684e-8
0.0 0.0 1.2583841818502096e-8
0.0 0.0 9.512193172116704e-9
0.0 0.0 1.7600452134697138e-9
0.0 0.0 -2.9375902403914994e-9
0.0 0.0 -1.4130478627860714e-8
0.0 0.0 -1.984644721423514e-8
0.0 0.0 -2.6264310925290456e-8
0.0 0.0 -3.30257593203302e-8
0.0 0.0 -4.81108429509927e-8
0.0 0.0 -5.514830916610672e-8
0.0 0.0 -3.157303581101894e-8
0.0 0.0 -2.6360237436274684e-8
0.0 0.0 -2.0574774166314712e-8
0.0 0.0 -1.816815519894289e-8
0.0 0.0 2.6180935431836683e-11
0.0 0.0 -3.3904352329424836e-10
0.0 0.0 8.979939881703068e-9
0.0 0.0 3.127038513261955e-8
0.0 0.0 3.510961129545752e-8
0.0 0.0 1.8566364735972862e-8
0.0 0.0 3.6175847444646194e-8
0.0 0.0 3.333477668823016e-8
0.0 0.0 6.417688079465869e-9
0.0 0.0 1.7670264948031598e-8
0.0 0.0 1.461496050878029e-8
0.0 0.0 -4.252669071597518e-9
0.0 0.0 -1.71889953841948e-8
0.0 0.0 -1.8358832744249207e-8
0.0 0.0 -4.052289452762307e-8
0.0 0.0 -5.7707109765446575e-8
0.0 0.0 -6.391957951198577e-8
0.0 0.0 -6.791402107396917e-8
0.0 0.0 -7.617846265507484e-8
0.0 0.0 -8.817223077393418e-8
0.0 0.0 -9.868245856969231e-8
0.0 0.0 -1.0417915010140223e-7
0.0 0.0 -1.1542391807747601e-7
0.0 0.0 -1.314130647874687e-7
0.0 0.0 -1.4257046597897247e-7
0.0 0.0 -1.4967748324666656e-7
0.0 0.0 -1.5654501037537712e-7
0.0 0.0 -1.731264873480074e-7
0.0 0.0 -1.9458211799383465e-7
0.0 0.0 -2.1116979286521977e-7
0.0 0.0 -2.316859330556831e-7
0.0 0.0 -2.489438838508194e-7
0.0 0.0 -2.744442202316364e-7
0.0 0.0 -2.9683978141046555e-7
0.0 0.0 -3.1844749876531e-7
0.0 0.0 -3.425382788977052e-7
0.0 0.0 -3.6852993875219095e-7
0.0 0.0 -3.9195259808738173e-7
0.0 0.0 -4.1553157534047613e-7
0.0 0.0 -4.388729079622147e-7
0.0 0.0 -4.6413081600339666e-7
0.0 0.0 -4.871914819607115e-7
0.0 0.0 -5.111917348831175e-7
0.0 0.0 -5.370197936235809e-7
0.0 0.0 -5.655353156247533e-7
0.0 0.0 -5.997043778428706e-7
0.0 0.0 -6.429230729941201e-7
0.0 0.0 -7.09607816688839e-7
0.0 0.0 -8.343199473265527e-7
0.0 0.0 -1.2948504278777995e-6
0.0 0.0 -6.786761339056134e-7
0.0 0.0 -4.447672807879937e-7
0.0 0.0 -2.955460751477542e-7
0.0 0.0 -1.860294988014858e-7
0.0 0.0 -9.743142382724019e-8
0.0 0.0 -6.569973522486047e-11
0.0 0.0 -4.590859558875402e-10
0.0 0.0 2.7315156618557954e-10
0.0 0.0 4.510939917651689e-10
0.0 0.0 8.846542796108671e-10
0.0 0.0 1.1278137684008222e-9
0.0 0.0 2.0214012079291243e-9
0.0 0.0 2.4426910693486432e-9
0.0 0.0 1.9863648585194086e-9
0.0 0.0 2.8677348784513986e-9
0.0 0.0 3.937700042028962e-9
0.0 0.0 3.304530569146966e-9
0.0 0.0 4.399928569462624e-9
0.0 0.0 5.759709967710317e-9
0.0 0.0 6.4153890399901135e-9
0.0 0.0 5.672746853949644e-9
0.0 0.0 9.668988073815115e-9
0.0 0.0 8.740319450442033e-9
0.0 0.0 1.0199895371352694e-8
0.0 0.0 1.1266020901934223e-8
0.0 0.0 2.0886413191876182e-8
0.0 0.0 1.5882851987639337e-8
0.0 0.0 1.555340362708175e-8
0.0 0.0 9.136953057914487e-9
0.0 0.0 8.700262365570886e-9
0.0 0.0 8.234639819811196e-9
0.0 0.0 5.455503582685733e-9
0.0 0.0 2.080100518554279e-9
0.0 0.0 5.06848735820883e-9
0.0 0.0 2.371281448845128e-9
0.0 0.0 1.4319745244982684e-8
0.0 0.0 1.2583841818502096e-8
0.0 0.0 9.512193172116704e-9
0.0 0.0 1.7600452134697138e-9
0.0 0.0 -2.9375902403914994e-9
0.0 0.0 -1.4130478627860714e-8
0.0 0.0 -1.984644721423514e-8
0.0 0.0 -2.6264310925290456e-8
0.0 0.0 -3.30257593203302e-8
0.0 0.0 -4.81108429509927e-8
0.0 0.0 -5.514830916610672e-8
0.0 0.0 -3.157303581101894e-8
0.0 0.0 -2.6360237436274684e-8
0.0 0.0 -2.0574774166314712e-8
0.0 0.0 -1.816815519894289e-8
0.0 0.0 2.6180935431836683e-11
0.0 0.0 -3.3904352329424836e-10
0.0 0.0 8.979939881703068e-9
0.0 0.0 3.127038513261955e-8
0.0 0.0 3.510961129545752e-8
0.0 0.0 1.8566364735972862e-8
0.0 0.0 3.6175847444646194e-8
0.0 0.0 3.333477668823016e-8
0.0 0.0 6.417688079465869e-9
0.0 0.0 1.7670264948031598e-8
0.0 0.0 1.461496050878029e-8
0.0 0.0 -4.252669071597518e-9
0.0 0.0 -1.71889953841948e-8
0.0 0.0 -1.8358832744249207e-8
0.0 0.0 -4.052289452762307e-8
0.0 0.0 -5.7707109765446575e-8
0.0 0.0 -6.391957951198577e-8
0.0 0.0 -6.791402107396917e-8
0.0 0.0 -7.617846265507484e-8
0.0 0.0 -8.817223077393418e-8
0.0 0.0 -9.868245856969231e-8
0.0 0.0 -1.0417915010140223e-7
0.0 0.0 -1.1542391807747601e-7
0.0 0.0 -1.314130647874687e-7
0.0 0.0 -1.4257046597897247e-7
0.0 0.0 -1.4967748324666656e-7
0.0 0.0 -1.5654501037537712e-7
0.0 0.0 -1.731264873480074e-7
0.0 0.0 -1.9458211799383465e-7
0.0 0.0 -2.1116979286521977e-7
0.0 0.0 -2.316859330556831e-7
0.0 0.0 -2.489438838508194e-7
0.0 0.0 -2.744442202316364e-7
0.0 0.0 -2.9683978141046555e-7
0.0 0.0 -3.1844749876531e-7
0.0 0.0 -3.425382788977052e-7
0.0 0.0 -3.6852993875219095e-7
0.0 0.0 -3.9195259808738173e-7
0.0 0.0 -4.1553157534047613e-7
0.0 0.0 -4.388729079622147e-7
0.0 0.0 -4.6413081600339666e-7
0.0 0.0 -4.871914819607115e-7
0.0 0.0 -5.111917348831175e-7
0.0 0.0 -5.370197936235809e-7
0.0 0.0 -5.655353156247533e-7
0.0 0.0 -5.997043778428706e-7
0.0 0.0 -6.429230729941201e-7
0.0 0.0 -7.09607816688839e-7
0.0 0.0 -8.343199473265527e-7
0.0 0.0 -1.2948504278777995e-6
0.0 0.0 -6.786761339056134e-7
0.0 0.0 -4.447672807879937e-7
0.0 0.0 -2.955460751477542e-7
0.0 0.0 -1.860294988014858e-7
0.0 0.0 -9.743142382724019e-8

VECTORS Ftot float
-0.026583848276355442 -0.0448962334806788 0.025594605574778426
-0.0421773412323722 -0.06385317829414311 0.041536358662321846
-0.055234595072787995 -0.08027399055265001 0.058645046072181586
-0.0675688949668522 -0.0959719300786249 0.07745946102792689
-0.0796125043310072 -0.11137922194218215 0.09811030006194327
-0.09128830212351496 -0.12641869451476548 0.12063226961429312
-0.10298768968648336 -0.14148219416391708 0.14495028606040813
-0.11446462273966004 -0.15632272774738332 0.171066637741196
-0.12562260804970432 -0.1708444613857317 0.19892559551209787
-0.13658798830553442 -0.18517334594495574 0.22843428745870123
-0.14718117993738558 -0.19912988015159874 0.25953435394198915
-0.15755871036305488 -0.21287104992596442 0.29212967960039227
-0.16689228539818912 -0.22556813337707685 0.3262034581118731
-0.17520492268931562 -0.23724429147898032 0.3615541306232512
-0.18326843487460834 -0.2486712126794009 0.39791977475161966
-0.19043299379828682 -0.25919925608375977 0.4352330640581878
-0.1973363036155832 -0.2694663624248789 0.4732676258432757
-0.20358801102956253 -0.2790815475970894 0.5119454598782296
-0.20956031573609588 -0.28841730945374294 0.5511037977800722
-0.21386767144987193 -0.2960881958284505 0.5907259089225961
-0.21798296286175353 -0.30356672615166014 0.630395517971852
-0.22200027734147432 -0.31094753653379864 0.6699730319901882
-0.22573738749712594 -0.3180481668659769 0.7093778901961577
-0.22988109360324557 -0.32555568131630197 0.7484719259416479
-0.23263559249575688 -0.3316738005919804 0.7873888896333652
-0.23554275619286724 -0.337947056797759 0.8257567008096214
-0.2382102626550487 -0.34397809386462913 0.8635545935412796
-0.2412393642935118 -0.35037070382277813 0.9006656535197312
-0.24385163556108952 -0.35634648286706 0.9372040392495465
-0.2448687920322007 -0.3607268129686996 0.9731951535704315
-0.24632577517194412 -0.3655472688622476 1.008217407430906
-0.24583117054412149 -0.36841612282229824 1.0425041265639325
-0.2444510620724827 -0.37039990535816736 1.0756148012097544
-0.2431424128077348 -0.37245486429031693 1.1072460589310313
-0.2412260028858909 -0.373902063816611 1.1374411532896649
-0.23854019621227 -0.37457985476921607 1.1661195015327654
-0.23490394575727222 -0.37430902431975244 1.1931559527965776
-0.23144588103815866 -0.37421447036989647 1.2182971131539433
-0.2263129305505618 -0.3724450387057924 1.2418081363498943
-0.21990089949049837 -0.36939687750995304 1.2633976638967168
-0.2120336544397958 -0.36489347651790965 1.282839673494423
-0.20366573112542274 -0.35988907610940124 1.2997576764952345
-0.19525548419966837 -0.3548423953931755 1.3141243961308482
-0.18352048191911935 -0.3464709454956635 1.3265484090879252
-0.16888089147174368 -0.3351948974122218 1.3365557016457301
-0.14929421772314663 -0.3189717627032201 1.344088850770901
-0.12030549695720189 -0.2933464884089375 1.349176767006852
-0.0688052597986295 -0.2452097674575372 1.3522277508943412
0.06059482181012645 -0.11917420762582864 1.3546900934116977
0.7590560948046001 0.5759193316981144 1.357779041135528
0.7542157677600182 -0.5710791832425743 1.2025920717604546
0.05779304096262545 0.12197551810048668 1.1991454305013365
-0.06915401778343366 0.24555806003234298 1.1970393544522833
-0.12083860948152217 0.29387916846746004 1.194013885945041
-0.14990128345721596 0.3195783970841119 1.1890986165865742
-0.1696520422891286 0.33596562950696696 1.1819257739148155
-0.18543319904874284 0.34838326296285604 1.1722690998690009
-0.1951772719926184 0.3547637932262176 1.1612010304115485
-0.20536916433863717 0.36159214812752444 1.1477148812140046
-0.21309968690853337 0.365959141651926 1.1323561303940162
-0.22059280609007462 0.3700884472398747 1.1148737152278074
-0.22668489212375592 0.37281667324330464 1.0955714803040406
-0.23156922869025864 0.37433751310170293 1.074619046859414
-0.23536128765080547 0.374766068441214 1.05216255571694
-0.2381318129997462 0.37417096400919037 1.0283438119196444
-0.23943039894205131 0.3721059736997291 1.0033729232323503
-0.24121361610006894 0.37052560652244726 0.9769768566463806
-0.24224902626090383 0.3681974286659353 0.9493572495704988
-0.24263661922272473 0.3652213140244084 0.9206074613611661
-0.2435606189705656 0.36278185950604575 0.8906077306350823
-0.24242084589695534 0.35827862779453684 0.8598801271626298
-0.24168092173802327 0.35417547017132445 0.8282439639303233
-0.2393247581061212 0.3484558168072554 0.7960833946067528
-0.23653747946667916 0.34230504374704307 0.7633819475921315
-0.23409949486293347 0.33650353290979557 0.7300430667301169
-0.2314277089472476 0.3304657443881783 0.6961706309215479
-0.22913612324889274 0.3248106265380388 0.6617445275755448
-0.2249989641011778 0.3173095692817247 0.6272063003914331
-0.22120761434031516 0.3101547089753362 0.5924212209033805
-0.21715295848968946 0.30273656900814516 0.5574971463102938
-0.21299761853916954 0.295217960695874 0.5225020592814367
-0.20863562536362082 0.2874924958687393 0.4875583256088335
-0.2026870058259309 0.27818043377311574 0.45301520282673796
-0.19656569396112114 0.26869565143396196 0.4188780625032108
-0.1894157208649907 0.258181872730702 0.38536152063672513
-0.18229773865694837 0.2477004129479943 0.35245700836146177
-0.17435912678400003 0.2363984125405571 0.32036729348270804
-0.16596333900684057 0.2246391322127045 0.289197195944967
-0.15649167751826112 0.2118039933139396 0.2591714190323245
-0.14625890182899404 0.19820756536145412 0.2304113032324784
-0.13568960588960213 0.18427489339162992 0.20296636612549784
-0.12489321798919904 0.17011498990633747 0.17689198674971263
-0.11382828922474465 0.1556862847712511 0.1522638283857813
-0.10236799519369916 0.14086238211482305 0.12917564702303522
-0.0907188100551964 0.1258491106832202 0.10766655926657596
-0.07906330497717964 0.11082991855323462 0.08774102017165356
-0.06705992637837134 0.09546287106373445 0.06945875137063935
-0.05484832866220964 0.07988763629231008 0.05277186501009772
-0.04185918142835725 0.06353494240816296 0.0375848717560409
-0.026342503140412046 0.04465481331425686 0.023426034842728514
-0.026583848276355442 -0.0448962334806788 0.025594605574778426
-0.0421773412323722 -0.06385317829414311 0.041536358662321846
-0.055234595072787995 -0.08027399055265001 0.058645046072181586
-0.0675688949668522 -0.0959719300786249 0.07745946102792689
-0.0796125043310072 -0.11137922194218215 0.09811030006194327
-0.09128830212351496 -0.12641869451476548 0.12063226961429312
-0.10298768968648336 -0.14148219416391708 0.14495028606040813
-0.11446462273966004 -0.15632272774738332 0.171066637741196
-0.12562260804970432 -0.1708444613857317 0.19892559551209787
-0.13658798830553442 -0.18517334594495574 0.22843428745870123
-0.14718117993738558 -0.19912988015159874 0.25953435394198915
-0.15755871036305488 -0.21287104992596442 0.29212967960039227
-0.16689228539818912 -0.22556813337707685 0.3262034581118731
-0.17520492268931562 -0.23724429147898032 0.3615541306232512
-0.18326843487460834 -0.2486712126794009 0.39791977475161966
-0.19043299379828682 -0.25919925608375977 0.4352330640581878
-0.1973363036155832 -0.2694663624248789 0.4732676258432757
-0.20358801102956253 -0.2790815475970894 0.5119454598782296
-0.20956031573609588 -0.28841730945374294 0.5511037977800722
-0.21386767144987193 -0.2960881958284505 0.5907259089225961
-0.21798296286175353 -0.30356672615166014 0.630395517971852
-0.22200027734147432 -0.31094753653379864 0.6699730319901882
-0.22573738749712594 -0.3180481668659769 0.7093778901961577
-0.22988109360324557 -0.32555568131630197 0.7484719259416479
-0.23263559249575688 -0.3316738005919804 0.7873888896333652
-0.23554275619286724 -0.337947056797759 0.8257567008096214
-0.2382102626550487 -0.34397809386462913 0.8635545935412796
-0.2412393642935118 -0.35037070382277813 0.9006656535197312
-0.24385163556108952 -0.35634648286706 0.9372040392495465
-0.2448687920322007 -0.3607268129686996 0.9731951535704315
-0.24632577517194412 -0.3655472688622476 1.008217407430906
-0.24583117054412149 -0.36841612282229824 1.0425041265639325
-0.2444510620724827 -0.37039990535816736 1.0756148012097544
-0.2431424128077348 -0.37245486429031693 1.1072460589310313
-0.2412260028858909 -0.373902063816611 1.1374411532896649
-0.23854019621227 -0.37457985476921607 1.1661195015327654
-0.23490394575727222 -0.37430902431975244 1.1931559527965776
-0.23144588103815866 -0.37421447036989647 1.2182971131539433
-0.2263129305505618 -0.3724450387057924 1.2418081363498943
-0.21990089949049837 -0.36939687750995304 1.2633976638967168
-0.2120336544397958 -0.36489347651790965 1.282839673494423
-0.20366573112542274 -0.35988907610940124 1.2997576764952345
-0.19525548419966837 -0.3548423953931755 1.3141243961308482
-0.18352048191911935 -0.3464709454956635 1.3265484090879252
-0.16888089147174368 -0.3351948974122218 1.3365557016457301
-0.14929421772314663 -0.3189717627032201 1.344088850770901
-0.12030549695720189 -0.2933464884089375 1.349176767006852
-0.0688052597986295 -0.2452097674575372 1.3522277508943412
0.06059482181012645 -0.11917420762582864 1.3546900934116977
0.7590560948046001 0.5759193316981144 1.357779041135528
0.7542157677600182 -0.5710791832425743 1.2025920717604546
0.05779304096262545 0.12197551810048668 1.1991454305013365
-0.06915401778343366 0.24555806003234298 1.1970393544522833
-0.12083860948152217 0.29387916846746004 1.194013885945041
-0.14990128345721596 0.3195783970841119 1.1890986165865742
-0.1696520422891286 0.33596562950696696 1.1819257739148155
-0.18543319904874284 0.34838326296285604 1.1722690998690009
-0.1951772719926184 0.3547637932262176 1.1612010304115485
-0.20536916433863717 0.36159214812752444 1.1477148812140046
-0.21309968690853337 0.365959141651926 1.1323561303940162
-0.22059280609007462 0.3700884472398747 1.1148737152278074
-0.22668489212375592 0.37281667324330464 1.0955714803040406
-0.23156922869025864 0.37433751310170293 1.074619046859414
-0.23536128765080547 0.374766068441214 1.05216255571694
-0.2381318129997462 0.37417096400919037 1.0283438119196444
-0.23943039894205131 0.3721059736997291 1.0033729232323503
-0.24121361610006894 0.37052560652244726 0.9769768566463806
-0.24224902626090383 0.3681974286659353 0.9493572495704988
-0.24263661922272473 0.3652213140244084 0.9206074613611661
-0.2435606189705656 0.36278185950604575 0.8906077306350823
-0.24242084589695534 0.35827862779453684 0.8598801271626298
-0.24168092173802327 0.35417547017132445 0.8282439639303233
-0.2393247581061212 0.3484558168072554 0.7960833946067528
-0.23653747946667916 0.34230504374704307 0.7633819475921315
-0.23409949486293347 0.33650353290979557 0.7300430667301169
-0.2314277089472476 0.3304657443881783 0.6961706309215479
-0.22913612324889274 0.3248106265380388 0.6617445275755448
-0.2249989641011778 0.3173095692817247 0.6272063003914331
-0.22120761434031516 0.3101547089753362 0.5924212209033805
-0.21715295848968946 0.30273656900814516 0.5574971463102938
-0.21299761853916954 0.295217960695874 0.5225020592814367
-0.20863562536362082 0.2874924958687393 0.4875583256088335
-0.2026870058259309 0.27818043377311574 0.45301520282673796
-0.19656569396112114 0.26869565143396196 0.4188780625032108
-0.1894157208649907 0.258181872730702 0.38536152063672513
-0.18229773865694837 0.2477004129479943 0.35245700836146177
-0.17435912678400003 0.2363984125405571 0.32036729348270804
-0.16596333900684057 0.2246391322127045 0.289197195944967
-0.15649167751826112 0.2118039933139396 0.2591714190323245
-0.14625890182899404 0.19820756536145412 0.2304113032324784
-0.13568960588960213 0.18427489339162992 0.20296636612549784
-0.12489321798919904 0.17011498990633747 0.17689198674971263
-0.11382828922474465 0.1556862847712511 0.1522638283857813
-0.10236799519369916 0.14086238211482305 0.12917564702303522
-0.0907188100551964 0.1258491106832202 0.10766655926657596
-0.07906330497717964 0.11082991855323462 0.08774102017165356
-0.06705992637837134 0.09546287106373445 0.06945875137063935
-0.05484832866220964 0.07988763629231008 0.05277186501009772
-0.04185918142835725 0.06353494240816296 0.0375848717560409
-0.026342503140412046 0.04465481331425686 0.023426034842728514

VECTORS Vvpm_AB float
-0.32946375012397766 0.560087263584137 -0.4173796474933624
-0.3294612467288971 0.5600853562355042 -0.4173844754695892
-0.3294684588909149 0.5600885152816772 -0.41737839579582214
-0.3294924199581146 0.5600922107696533 -0.41736662387847906
-0.3295094668865204 0.5600970387458801 -0.417354553937912
-0.32953163981437683 0.5600998401641846 -0.4173448085784912
-0.3295884430408478 0.5601115822792053 -0.4173103272914887
-0.3295954167842865 0.5601117610931396 -0.41730979084968567
-0.32960447669029236 0.5601136684417725 -0.4173021614551544
-0.32959070801734924 0.5601121783256531 -0.41730752587318426
-0.3295740783214569 0.5601080060005188 -0.417319118976593
-0.32957038283348083 0.5601072907447815 -0.41731721162796026
-0.3295576870441437 0.5601060390472412 -0.4173208177089691
-0.3295471966266632 0.5601051449775696 -0.4173235595226288
-0.32954129576683044 0.5601024031639099 -0.41732949018478394
-0.32953140139579773 0.5601014494895935 -0.41733273863792425
-0.32953545451164246 0.5601018667221069 -0.41732570528984075
-0.32952579855918884 0.560100793838501 -0.4173290729522705
-0.3295165002346039 0.560099720954895 -0.41733273863792425
-0.32950887084007263 0.5600987672805786 -0.41733413934707647
-0.3295036852359772 0.5600947737693787 -0.41734263300895696
-0.32949820160865784 0.5600945353507996 -0.417344331741333
-0.3294925391674042 0.5600941181182861 -0.41734537482261663
-0.3294943869113922 0.560093879699707 -0.41733950376510615
-0.3294889032840729 0.5600938200950623 -0.4173384904861451
-0.3295787274837494 0.5601091980934143 -0.41728064417839045
-0.3295714557170868 0.5601085424423218 -0.4172833561897277
-0.3295641243457794 0.5601074695587158 -0.417286366224289
-0.3295568525791168 0.560106635093689 -0.4172892272472382
-0.3295564353466034 0.5601012706756592 -0.4172977507114411
-0.32955029606819153 0.5601000189781189 -0.4173007309436798
-0.32954439520835876 0.5600990056991577 -0.41730380058288574
-0.3295440971851349 0.5600988268852234 -0.41729906201362615
-0.3295413553714752 0.5600988268852234 -0.41729938983917236
-0.3295380771160126 0.560099184513092 -0.41729971766471863
-0.3295347988605499 0.5600990653038025 -0.41730022430419916
-0.3295608460903168 0.5601010918617249 -0.41727110743522644
-0.32955530285835266 0.5601004362106323 -0.41727367043495184
-0.3295500576496124 0.5600997805595398 -0.417275995016098
-0.3295481503009796 0.5601017475128174 -0.41727301478385925
-0.3295455276966095 0.560103714466095 -0.4172705709934234
-0.3295404613018036 0.5601029396057129 -0.41727277636528015
-0.3295358121395111 0.5601027607917786 -0.4172742962837219
-0.32953080534935 0.5601021647453308 -0.41727596521377563
-0.32952603697776794 0.5601021647453308 -0.41727769374847407
-0.32952097058296204 0.5601013898849487 -0.41727942228317266
-0.329515665769577 0.560100793838501 -0.4172822535037995
-0.32951053977012634 0.560100257396698 -0.41728413105010986
-0.3295353949069977 0.5601048469543457 -0.4172723293304444
-0.3296094238758087 0.5601089000701904 -0.4172206521034241
-0.3296094834804535 0.5601064562797546 -0.4172227382659912
-0.32953545451164246 0.5600982904434204 -0.4172779321670533
-0.329510360956192 0.5600935220718384 -0.4172897934913635
-0.3295154869556427 0.5600939393043518 -0.41728761792182917
-0.32952138781547546 0.5600955486297607 -0.4172848463058471
-0.32952603697776794 0.5600957870483398 -0.4172830879688263
-0.3295309841632843 0.5600959658622742 -0.41728121042251587
-0.3295356333255768 0.5600963830947876 -0.41727954149246216
-0.32954058051109314 0.5600969791412354 -0.41727772355079645
-0.3295459449291229 0.5600976347923279 -0.41727569699287415
-0.3295481503009796 0.560096263885498 -0.417277842760086
-0.32954999804496765 0.5600938200950623 -0.4172807931900025
-0.32955560088157654 0.5600946545600891 -0.4172782301902771
-0.32956060767173767 0.5600956082344055 -0.41727569699287415
-0.3295349180698395 0.5600897669792175 -0.4173082113265991
-0.3295383155345917 0.5600895881652832 -0.41730755567550665
-0.32954153418540955 0.5600900053977966 -0.4173070192337036
-0.32954445481300354 0.5600900053977966 -0.4173065423965454
-0.32954439520835876 0.5600935816764832 -0.4173083007335663
-0.3295506536960602 0.560094952583313 -0.41730526089668274
-0.3295566141605377 0.5600962042808533 -0.4173021614551544
-0.3295568525791168 0.5600998401641846 -0.41729491949081426
-0.3295641243457794 0.5601010322570801 -0.4172918796539306
-0.3295716941356659 0.5601019263267517 -0.41728875041007996
-0.3295789062976837 0.5601029396057129 -0.4172861278057098
-0.3294890820980072 0.5600897073745728 -0.4173422157764435
-0.3294946253299713 0.5600917339324951 -0.4173413813114166
-0.3294928967952728 0.5600897073745728 -0.41734939813613886
-0.32949820160865784 0.5600897669792175 -0.4173482954502106
-0.3295038640499115 0.560090184211731 -0.4173464477062225
-0.32950904965400696 0.5600934624671936 -0.41733887791633606
-0.3295166790485382 0.560096025466919 -0.4173360764980316
-0.32952603697776794 0.5600970983505249 -0.41733214259147644
-0.32953545451164246 0.56009840965271 -0.41732871532440186
-0.32953163981437683 0.5600970983505249 -0.4173361659049988
-0.3295411765575409 0.5600982308387756 -0.4173328876495362
-0.32954731583595276 0.5601016283035278 -0.417326420545578
-0.32955774664878845 0.5601040720939636 -0.41732281446456904
-0.32957032322883606 0.5601062178611755 -0.4173181354999542
-0.32957449555397034 0.5601060390472412 -0.4173206090927124
-0.3295905888080597 0.5601083636283875 -0.4173106253147125
-0.32960471510887146 0.5601091384887695 -0.4173060059547425
-0.3295954167842865 0.56010502576828 -0.41731539368629456
-0.32958874106407166 0.5601039528846741 -0.41731685400009155
-0.3295315206050873 0.5600929260253906 -0.4173504114151001
-0.3295097053050995 0.5600888133049011 -0.4173615574836731
-0.3294928967952728 0.5600841045379639 -0.41737341880798345
-0.32946857810020447 0.5600794553756714 -0.4173859059810638
-0.3294614255428314 0.5600764155387878 -0.41739198565483093
-0.32946404814720154 0.5600769519805908 -0.4173884093761444
-0.32946375012397766 0.560087263584137 -0.4173796474933624
-0.3294612467288971 0.5600853562355042 -0.4173844754695892
-0.3294684588909149 0.5600885152816772 -0.41737839579582214
-0.3294924199581146 0.5600922107696533 -0.41736662387847906
-0.3295094668865204 0.5600970387458801 -0.417354553937912
-0.32953163981437683 0.5600998401641846 -0.4173448085784912
-0.3295884430408478 0.5601115822792053 -0.4173103272914887
-0.3295954167842865 0.5601117610931396 -0.41730979084968567
-0.32960447669029236 0.5601136684417725 -0.4173021614551544
-0.32959070801734924 0.5601121783256531 -0.41730752587318426
-0.3295740783214569 0.5601080060005188 -0.417319118976593
-0.32957038283348083 0.5601072907447815 -0.41731721162796026
-0.3295576870441437 0.5601060390472412 -0.4173208177089691
-0.3295471966266632 0.5601051449775696 -0.4173235595226288
-0.32954129576683044 0.5601024031639099 -0.41732949018478394
-0.32953140139579773 0.5601014494895935 -0.41733273863792425
-0.32953545451164246 0.5601018667221069 -0.41732570528984075
-0.32952579855918884 0.560100793838501 -0.4173290729522705
-0.3295165002346039 0.560099720954895 -0.41733273863792425
-0.32950887084007263 0.5600987672805786 -0.41733413934707647
-0.3295036852359772 0.5600947737693787 -0.41734263300895696
-0.32949820160865784 0.5600945353507996 -0.417344331741333
-0.3294925391674042 0.5600941181182861 -0.41734537482261663
-0.3294943869113922 0.560093879699707 -0.41733950376510615
-0.3294889032840729 0.5600938200950623 -0.4173384904861451
-0.3295787274837494 0.5601091980934143 -0.41728064417839045
-0.3295714557170868 0.5601085424423218 -0.4172833561897277
-0.3295641243457794 0.5601074695587158 -0.417286366224289
-0.3295568525791168 0.560106635093689 -0.4172892272472382
-0.3295564353466034 0.5601012706756592 -0.4172977507114411
-0.32955029606819153 0.5601000189781189 -0.4173007309436798
-0.32954439520835876 0.5600990056991577 -0.41730380058288574
-0.3295440971851349 0.5600988268852234 -0.41729906201362615
-0.3295413553714752 0.5600988268852234 -0.41729938983917236
-0.3295380771160126 0.560099184513092 -0.41729971766471863
-0.3295347988605499 0.5600990653038025 -0.41730022430419916
-0.3295608460903168 0.5601010918617249 -0.41727110743522644
-0.32955530285835266 0.5601004362106323 -0.41727367043495184
-0.3295500576496124 0.5600997805595398 -0.417275995016098
-0.3295481503009796 0.5601017475128174 -0.41727301478385925
-0.3295455276966095 0.560103714466095 -0.4172705709934234
-0.3295404613018036 0.5601029396057129 -0.41727277636528015
-0.3295358121395111 0.5601027607917786 -0.4172742962837219
-0.32953080534935 0.5601021647453308 -0.41727596521377563
-0.32952603697776794 0.5601021647453308 -0.41727769374847407
-0.32952097058296204 0.5601013898849487 -0.41727942228317266
-0.329515665769577 0.560100793838501 -0.4172822535037995
-0.32951053977012634 0.560100257396698 -0.41728413105010986
-0.3295353949069977 0.5601048469543457 -0.4172723293304444
-0.3296094238758087 0.5601089000701904 -0.4172206521034241
-0.3296094834804535 0.5601064562797546 -0.4172227382659912
-0.32953545451164246 0.5600982904434204 -0.4172779321670533
-0.329510360956192 0.5600935220718384 -0.4172897934913635
-0.3295154869556427 0.5600939393043518 -0.41728761792182917
-0.32952138781547546 0.5600955486297607 -0.4172848463058471
-0.32952603697776794 0.5600957870483398 -0.4172830879688263
-0.3295309841632843 0.5600959658622742 -0.41728121042251587
-0.3295356333255768 0.5600963830947876 -0.41727954149246216
-0.32954058051109314 0.5600969791412354 -0.41727772355079645
-0.3295459449291229 0.5600976347923279 -0.41727569699287415
-0.3295481503009796 0.560096263885498 -0.417277842760086
-0.32954999804496765 0.5600938200950623 -0.4172807931900025
-0.32955560088157654 0.5600946545600891 -0.4172782301902771
-0.32956060767173767 0.5600956082344055 -0.41727569699287415
-0.3295349180698395 0.5600897669792175 -0.4173082113265991
-0.3295383155345917 0.5600895881652832 -0.41730755567550665
-0.32954153418540955 0.5600900053977966 -0.4173070192337036
-0.32954445481300354 0.5600900053977966 -0.4173065423965454
-0.32954439520835876 0.5600935816764832 -0.4173083007335663
-0.3295506536960602 0.560094952583313 -0.41730526089668274
-0.3295566141605377 0.5600962042808533 -0.4173021614551544
-0.3295568525791168 0.5600998401641846 -0.41729491949081426
-0.3295641243457794 0.5601010322570801 -0.4172918796539306
-0.3295716941356659 0.5601019263267517 -0.41728875041007996
-0.3295789062976837 0.5601029396057129 -0.4172861278057098
-0.3294890820980072 0.5600897073745728 -0.4173422157764435
-0.3294946253299713 0.5600917339324951 -0.4173413813114166
-0.3294928967952728 0.5600897073745728 -0.41734939813613886
-0.32949820160865784 0.5600897669792175 -0.4173482954502106
-0.3295038640499115 0.560090184211731 -0.4173464477062225
-0.32950904965400696 0.5600934624671936 -0.41733887791633606
-0.3295166790485382 0.560096025466919 -0.4173360764980316
-0.32952603697776794 0.5600970983505249 -0.41733214259147644
-0.32953545451164246 0.56009840965271 -0.41732871532440186
-0.32953163981437683 0.5600970983505249 -0.4173361659049988
-0.3295411765575409 0.5600982308387756 -0.4173328876495362
-0.32954731583595276 0.5601016283035278 -0.417326420545578
-0.32955774664878845 0.5601040720939636 -0.41732281446456904
-0.32957032322883606 0.5601062178611755 -0.4173181354999542
-0.32957449555397034 0.5601060390472412 -0.4173206090927124
-0.3295905888080597 0.5601083636283875 -0.4173106253147125
-0.32960471510887146 0.5601091384887695 -0.4173060059547425
-0.3295954167842865 0.56010502576828 -0.41731539368629456
-0.32958874106407166 0.5601039528846741 -0.41731685400009155
-0.3295315206050873 0.5600929260253906 -0.4173504114151001
-0.3295097053050995 0.5600888133049011 -0.4173615574836731
-0.3294928967952728 0.5600841045379639 -0.41737341880798345
-0.32946857810020447 0.5600794553756714 -0.4173859059810638
-0.3294614255428314 0.5600764155387878 -0.41739198565483093
-0.32946404814720154 0.5600769519805908 -0.4173884093761444