# vtk DataFile Version 4.0
[MyVLM domain - lattices] 
ASCII
DATASET UNSTRUCTURED_GRID
POINTS 302 float
1.2444999999999997 -1.2445 0.0
1.2399745454545452 -1.2399745454545454 0.0
1.2346178849721705 -1.2346178849721707 0.0
1.2284300185528754 -1.2284300185528756 0.0
1.2214109461966602 -1.2214109461966605 0.0
1.2135606679035247 -1.213560667903525 0.0
1.2048791836734691 -1.2048791836734694 0.0
1.1953664935064932 -1.1953664935064934 0.0
1.1850225974025972 -1.1850225974025974 0.0
1.1738474953617808 -1.173847495361781 0.0
1.1618411873840442 -1.1618411873840444 0.0
1.1490036734693874 -1.1490036734693876 0.0
1.1353349536178106 -1.1353349536178108 0.0
1.1208350278293133 -1.1208350278293135 0.0
1.1055038961038959 -1.105503896103896 0.0
1.0893415584415582 -1.0893415584415584 0.0
1.0723480148423004 -1.0723480148423006 0.0
1.054523265306122 -1.0545232653061223 0.0
1.0358673098330238 -1.035867309833024 0.0
1.0163801484230053 -1.0163801484230055 0.0
0.9960617810760664 -0.9960617810760668 0.0
0.9749122077922076 -0.9749122077922077 0.0
0.9529314285714284 -0.9529314285714284 0.0
0.9301194434137288 -0.930119443413729 0.0
0.9064762523191091 -0.9064762523191096 0.0
0.8820018552875695 -0.8820018552875695 0.0
0.8566962523191093 -0.8566962523191094 0.0
0.8305594434137288 -0.8305594434137291 0.0
0.8035914285714284 -0.8035914285714285 0.0
0.7757922077922076 -0.7757922077922077 0.0
0.7471617810760666 -0.7471617810760667 0.0
0.7177001484230053 -0.7177001484230054 0.0
0.6874073098330239 -0.687407309833024 0.0
0.6562832653061222 -0.6562832653061225 0.0
0.6243280148423004 -0.6243280148423005 0.0
0.5915415584415582 -0.5915415584415583 0.0
0.5579238961038958 -0.5579238961038959 0.0
0.5234750278293133 -0.5234750278293134 0.0
0.48819495361781057 -0.48819495361781057 0.0
0.4520836734693877 -0.4520836734693877 0.0
0.4151411873840445 -0.4151411873840446 0.0
0.37736749536178105 -0.37736749536178116 0.0
0.3387625974025974 -0.3387625974025974 0.0
0.2993264935064933 -0.29932649350649343 0.0
0.25905918367346925 -0.25905918367346925 0.0
0.21796066790352486 -0.21796066790352486 0.0
0.17603094619666027 -0.1760309461966605 0.0
0.13327001855287546 -0.13327001855287568 0.0
0.08967788497217066 -0.08967788497217066 0.0
0.045254545454545436 -0.045254545454545436 0.0
0.0 0.0 0.0
0.04525454545454545 0.04525454545454546 0.0
0.08967788497217066 0.08967788497217068 0.0
0.13327001855287568 0.1332700185528757 0.0
0.17603094619666046 0.1760309461966605 0.0
0.21796066790352497 0.21796066790352508 0.0
0.2590591836734693 0.25905918367346936 0.0
0.29932649350649343 0.2993264935064935 0.0
0.3387625974025973 0.33876259740259734 0.0
0.37736749536178094 0.377367495361781 0.0
0.41514118738404443 0.4151411873840445 0.0
0.45208367346938766 0.4520836734693878 0.0
0.48819495361781057 0.4881949536178107 0.0
0.5234750278293133 0.5234750278293134 0.0
0.5579238961038959 0.557923896103896 0.0
0.5915415584415582 0.5915415584415583 0.0
0.6243280148423003 0.6243280148423004 0.0
0.6562832653061222 0.6562832653061225 0.0
0.687407309833024 0.6874073098330241 0.0
0.7177001484230054 0.7177001484230056 0.0
0.7471617810760667 0.7471617810760669 0.0
0.7757922077922076 0.7757922077922077 0.0
0.8035914285714284 0.8035914285714285 0.0
0.8305594434137288 0.830559443413729 0.0
0.8566962523191093 0.8566962523191094 0.0
0.8820018552875692 0.8820018552875695 0.0
0.9064762523191091 0.9064762523191093 0.0
0.9301194434137288 0.9301194434137292 0.0
0.9529314285714284 0.9529314285714284 0.0
0.9749122077922076 0.9749122077922077 0.0
0.9960617810760666 0.9960617810760668 0.0
1.0163801484230053 1.0163801484230055 0.0
1.0358673098330238 1.035867309833024 0.0
1.054523265306122 1.0545232653061223 0.0
1.0723480148423001 1.0723480148423004 0.0
1.0893415584415582 1.0893415584415584 0.0
1.1055038961038959 1.105503896103896 0.0
1.120835027829313 1.1208350278293133 0.0
1.1353349536178106 1.1353349536178106 0.0
1.1490036734693874 1.1490036734693876 0.0
1.1618411873840444 1.1618411873840446 0.0
1.1738474953617808 1.173847495361781 0.0
1.1850225974025972 1.1850225974025972 0.0
1.1953664935064932 1.1953664935064934 0.0
1.2048791836734691 1.2048791836734694 0.0
1.2135606679035245 1.2135606679035247 0.0
1.22141094619666 1.2214109461966602 0.0
1.2284300185528754 1.2284300185528756 0.0
1.2346178849721703 1.2346178849721705 0.0
1.2399745454545452 1.2399745454545454 0.0
1.2444999999999997 1.2445 0.0
1.7422999999999997 -1.2445 0.0
1.7377745454545452 -1.2399745454545454 0.0
1.7324178849721703 -1.2346178849721707 0.0
1.7262300185528754 -1.2284300185528756 0.0
1.7192109461966603 -1.2214109461966605 0.0
1.7113606679035245 -1.213560667903525 0.0
1.7026791836734692 -1.2048791836734694 0.0
1.6931664935064934 -1.1953664935064934 0.0
1.6828225974025972 -1.1850225974025974 0.0
1.6716474953617806 -1.173847495361781 0.0
1.6596411873840444 -1.1618411873840444 0.0
1.6468036734693878 -1.1490036734693876 0.0
1.6331349536178106 -1.1353349536178108 0.0
1.6186350278293133 -1.1208350278293135 0.0
1.603303896103896 -1.105503896103896 0.0
1.5871415584415582 -1.0893415584415584 0.0
1.5701480148423004 -1.0723480148423006 0.0
1.552323265306122 -1.0545232653061223 0.0
1.5336673098330238 -1.035867309833024 0.0
1.5141801484230053 -1.0163801484230055 0.0
1.4938617810760666 -0.9960617810760668 0.0
1.4727122077922075 -0.9749122077922077 0.0
1.4507314285714283 -0.9529314285714284 0.0
1.4279194434137288 -0.930119443413729 0.0
1.4042762523191092 -0.9064762523191096 0.0
1.3798018552875693 -0.8820018552875695 0.0
1.3544962523191093 -0.8566962523191094 0.0
1.328359443413729 -0.8305594434137291 0.0
1.3013914285714283 -0.8035914285714285 0.0
1.2735922077922077 -0.7757922077922077 0.0
1.2449617810760665 -0.7471617810760667 0.0
1.2155001484230055 -0.7177001484230054 0.0
1.1852073098330238 -0.687407309833024 0.0
1.1540832653061224 -0.6562832653061225 0.0
1.1221280148423003 -0.6243280148423005 0.0
1.0893415584415582 -0.5915415584415583 0.0
1.055723896103896 -0.5579238961038959 0.0
1.0212750278293132 -0.5234750278293134 0.0
0.9859949536178108 -0.48819495361781057 0.0
0.9498836734693876 -0.4520836734693877 0.0
0.9129411873840445 -0.4151411873840446 0.0
0.875167495361781 -0.37736749536178116 0.0
0.8365625974025973 -0.3387625974025974 0.0
0.7971264935064933 -0.29932649350649343 0.0
0.7568591836734693 -0.25905918367346925 0.0
0.7157606679035249 -0.21796066790352486 0.0
0.6738309461966603 -0.1760309461966605 0.0
0.6310700185528755 -0.13327001855287568 0.0
0.5874778849721707 -0.08967788497217066 0.0
0.5430545454545455 -0.045254545454545436 0.0
0.4978 0.0 0.0
0.5430545454545455 0.04525454545454546 0.0
0.5874778849721707 0.08967788497217068 0.0
0.6310700185528757 0.1332700185528757 0.0
0.6738309461966605 0.1760309461966605 0.0
0.715760667903525 0.21796066790352508 0.0
0.7568591836734693 0.25905918367346936 0.0
0.7971264935064934 0.2993264935064935 0.0
0.8365625974025973 0.33876259740259734 0.0
0.875167495361781 0.377367495361781 0.0
0.9129411873840445 0.4151411873840445 0.0
0.9498836734693876 0.4520836734693878 0.0
0.9859949536178105 0.4881949536178107 0.0
1.0212750278293132 0.5234750278293134 0.0
1.055723896103896 0.557923896103896 0.0
1.0893415584415582 0.5915415584415583 0.0
1.1221280148423003 0.6243280148423004 0.0
1.1540832653061224 0.6562832653061225 0.0
1.185207309833024 0.6874073098330241 0.0
1.2155001484230055 0.7177001484230056 0.0
1.2449617810760667 0.7471617810760669 0.0
1.2735922077922077 0.7757922077922077 0.0
1.3013914285714283 0.8035914285714285 0.0
1.3283594434137287 0.830559443413729 0.0
1.3544962523191093 0.8566962523191094 0.0
1.3798018552875693 0.8820018552875695 0.0
1.4042762523191092 0.9064762523191093 0.0
1.427919443413729 0.9301194434137292 0.0
1.4507314285714283 0.9529314285714284 0.0
1.4727122077922075 0.9749122077922077 0.0
1.4938617810760666 0.9960617810760668 0.0
1.5141801484230053 1.0163801484230055 0.0
1.5336673098330238 1.035867309833024 0.0
1.552323265306122 1.0545232653061223 0.0
1.5701480148423002 1.0723480148423004 0.0
1.5871415584415582 1.0893415584415584 0.0
1.603303896103896 1.105503896103896 0.0
1.6186350278293131 1.1208350278293133 0.0
1.6331349536178106 1.1353349536178106 0.0
1.6468036734693874 1.1490036734693876 0.0
1.6596411873840444 1.1618411873840446 0.0
1.6716474953617806 1.173847495361781 0.0
1.6828225974025972 1.1850225974025972 0.0
1.6931664935064934 1.1953664935064934 0.0
1.7026791836734692 1.2048791836734694 0.0
1.7113606679035245 1.2135606679035247 0.0
1.71921094619666 1.2214109461966602 0.0
1.7262300185528754 1.2284300185528756 0.0
1.7324178849721703 1.2346178849721705 0.0
1.7377745454545452 1.2399745454545454 0.0
1.7422999999999997 1.2445 0.0
1.6155872727272724 -1.2422372727272726 0.0
1.6106462152133578 -1.237296215213358 0.0
1.604873951762523 -1.2315239517625232 0.0
1.598270482374768 -1.224920482374768 0.0
1.5908358070500925 -1.2174858070500927 0.0
1.582569925788497 -1.2092199257884972 0.0
1.5734728385899812 -1.2001228385899814 0.0
1.5635445454545454 -1.1901945454545453 0.0
1.552785046382189 -1.1794350463821892 0.0
1.5411943413729126 -1.1678443413729127 0.0
1.5287724304267158 -1.155422430426716 0.0
1.5155193135435991 -1.142169313543599 0.0
1.501434990723562 -1.1280849907235622 0.0
1.4865194619666047 -1.1131694619666048 0.0
1.4707727272727271 -1.0974227272727273 0.0
1.4541947866419294 -1.0808447866419293 0.0
1.4367856400742112 -1.0634356400742113 0.0
1.418545287569573 -1.0451952875695731 0.0
1.3994737291280146 -1.0261237291280147 0.0
1.379570964749536 -1.0062209647495362 0.0
1.358836994434137 -0.9854869944341371 0.0
1.337271818181818 -0.9639218181818181 0.0
1.3148754359925787 -0.9415254359925787 0.0
1.291647847866419 -0.9182978478664192 0.0
1.2675890538033394 -0.8942390538033393 0.0
1.2426990538033393 -0.8693490538033395 0.0
1.2169778478664193 -0.8436278478664192 0.0
1.1904254359925788 -0.8170754359925788 0.0
1.163041818181818 -0.7896918181818181 0.0
1.1348269944341371 -0.7614769944341371 0.0
1.105780964749536 -0.7324309647495362 0.0
1.0759037291280147 -0.7025537291280148 0.0
1.0451952875695731 -0.6718452875695733 0.0
1.0136556400742114 -0.6403056400742114 0.0
0.9812847866419293 -0.6079347866419293 0.0
0.9480827272727271 -0.5747327272727272 0.0
0.9140494619666047 -0.5406994619666048 0.0
0.8791849907235622 -0.5058349907235622 0.0
0.8434893135435992 -0.47013931354359917 0.0
0.8069624304267162 -0.43361243042671627 0.0
0.7696043413729128 -0.3962543413729128 0.0
0.7314150463821893 -0.3580650463821894 0.0
0.6923945454545455 -0.3190445454545454 0.0
0.6525428385899814 -0.27919283858998134 0.0
0.6118599257884971 -0.23850992578849706 0.0
0.5703458070500929 -0.19699580705009279 0.0
0.5280004823747682 -0.15465048237476808 0.0
0.4848239517625232 -0.11147395176252317 0.0
0.4408162152133581 -0.06746621521335805 0.0
0.39597727272727273 -0.022627272727272718 0.0
0.39597727272727273 0.02262727272727273 0.0
0.4408162152133581 0.06746621521335806 0.0
0.4848239517625232 0.11147395176252319 0.0
0.528000482374768 0.15465048237476808 0.0
0.5703458070500929 0.19699580705009276 0.0
0.6118599257884971 0.23850992578849717 0.0
0.6525428385899814 0.2791928385899814 0.0
0.6923945454545455 0.3190445454545454 0.0
0.7314150463821891 0.3580650463821891 0.0
0.7696043413729128 0.39625434137291277 0.0
0.8069624304267162 0.43361243042671616 0.0
0.8434893135435992 0.4701393135435992 0.0
0.8791849907235619 0.5058349907235621 0.0
0.9140494619666046 0.5406994619666047 0.0
0.9480827272727271 0.5747327272727272 0.0
0.9812847866419294 0.6079347866419295 0.0
1.0136556400742114 0.6403056400742114 0.0
1.0451952875695731 0.6718452875695732 0.0
1.0759037291280147 0.7025537291280147 0.0
1.105780964749536 0.7324309647495362 0.0
1.1348269944341371 0.7614769944341373 0.0
1.163041818181818 0.789691818181818 0.0
1.1904254359925786 0.8170754359925786 0.0
1.216977847866419 0.843627847866419 0.0
1.2426990538033393 0.8693490538033394 0.0
1.2675890538033392 0.8942390538033393 0.0
1.291647847866419 0.9182978478664192 0.0
1.3148754359925787 0.9415254359925787 0.0
1.3372718181818182 0.9639218181818181 0.0
1.3588369944341372 0.9854869944341373 0.0
1.379570964749536 1.0062209647495362 0.0
1.3994737291280148 1.0261237291280147 0.0
1.418545287569573 1.0451952875695731 0.0
1.4367856400742112 1.0634356400742113 0.0
1.4541947866419291 1.0808447866419293 0.0
1.470772727272727 1.097422727272727 0.0
1.4865194619666047 1.1131694619666048 0.0
1.501434990723562 1.128084990723562 0.0
1.5155193135435991 1.1421693135435993 0.0
1.528772430426716 1.1554224304267162 0.0
1.5411943413729128 1.1678443413729127 0.0
1.5527850463821888 1.179435046382189 0.0
1.5635445454545451 1.1901945454545453 0.0
1.573472838589981 1.2001228385899811 0.0
1.5825699257884969 1.209219925788497 0.0
1.5908358070500925 1.2174858070500927 0.0
1.5982704823747678 1.224920482374768 0.0
1.604873951762523 1.2315239517625232 0.0
1.6106462152133578 1.237296215213358 0.0
1.6155872727272724 1.2422372727272726 0.0

CELLS 200 700
4 0 101 102 1
4 1 102 103 2
4 2 103 104 3
4 3 104 105 4
4 4 105 106 5
4 5 106 107 6
4 6 107 108 7
4 7 108 109 8
4 8 109 110 9
4 9 110 111 10
4 10 111 112 11
4 11 112 113 12
4 12 113 114 13
4 13 114 115 14
4 14 115 116 15
4 15 116 117 16
4 16 117 118 17
4 17 118 119 18
4 18 119 120 19
4 19 120 121 20
4 20 121 122 21
4 21 122 123 22
4 22 123 124 23
4 23 124 125 24
4 24 125 126 25
4 25 126 127 26
4 26 127 128 27
4 27 128 129 28
4 28 129 130 29
4 29 130 131 30
4 30 131 132 31
4 31 132 133 32
4 32 133 134 33
4 33 134 135 34
4 34 135 136 35
4 35 136 137 36
4 36 137 138 37
4 37 138 139 38
4 38 139 140 39
4 39 140 141 40
4 40 141 142 41
4 41 142 143 42
4 42 143 144 43
4 43 144 145 44
4 44 145 146 45
4 45 146 147 46
4 46 147 148 47
4 47 148 149 48
4 48 149 150 49
4 49 150 151 50
4 50 151 152 51
4 51 152 153 52
4 52 153 154 53
4 53 154 155 54
4 54 155 156 55
4 55 156 157 56
4 56 157 158 57
4 57 158 159 58
4 58 159 160 59
4 59 160 161 60
4 60 161 162 61
4 61 162 163 62
4 62 163 164 63
4 63 164 165 64
4 64 165 166 65
4 65 166 167 66
4 66 167 168 67
4 67 168 169 68
4 68 169 170 69
4 69 170 171 70
4 70 171 172 71
4 71 172 173 72
4 72 173 174 73
4 73 174 175 74
4 74 175 176 75
4 75 176 177 76
4 76 177 178 77
4 77 178 179 78
4 78 179 180 79
4 79 180 181 80
4 80 181 182 81
4 81 182 183 82
4 82 183 184 83
4 83 184 185 84
4 84 185 186 85
4 85 186 187 86
4 86 187 188 87
4 87 188 189 88
4 88 189 190 89
4 89 190 191 90
4 90 191 192 91
4 91 192 193 92
4 92 193 194 93
4 93 194 195 94
4 94 195 196 95
4 95 196 197 96
4 96 197 198 97
4 97 198 199 98
4 98 199 200 99
4 99 200 201 100
1 202
1 203
1 204
1 205
1 206
1 207
1 208
1 209
1 210
1 211
1 212
1 213
1 214
1 215
1 216
1 217
1 218
1 219
1 220
1 221
1 222
1 223
1 224
1 225
1 226
1 227
1 228
1 229
1 230
1 231
1 232
1 233
1 234
1 235
1 236
1 237
1 238
1 239
1 240
1 241
1 242
1 243
1 244
1 245
1 246
1 247
1 248
1 249
1 250
1 251
1 252
1 253
1 254
1 255
1 256
1 257
1 258
1 259
1 260
1 261
1 262
1 263
1 264
1 265
1 266
1 267
1 268
1 269
1 270
1 271
1 272
1 273
1 274
1 275
1 276
1 277
1 278
1 279
1 280
1 281
1 282
1 283
1 284
1 285
1 286
1 287
1 288
1 289
1 290
1 291
1 292
1 293
1 294
1 295
1 296
1 297
1 298
1 299
1 300
1 301

CELL_TYPES 200
9
9
9
9
9
9
9
9
9
9
9
9
9
9
9
9
9
9
9
9
9
9
9
9
9
9
9
9
9
9
9
9
9
9
9
9
9
9
9
9
9
9
9
9
9
9
9
9
9
9
9
9
9
9
9
9
9
9
9
9
9
9
9
9
9
9
9
9
9
9
9
9
9
9
9
9
9
9
9
9
9
9
9
9
9
9
9
9
9
9
9
9
9
9
9
9
9
9
9
9
1
1
1
1
1
1
1
1
1
1
1
1
1
1
1
1
1
1
1
1
1
1
1
1
1
1
1
1
1
1
1
1
1
1
1
1
1
1
1
1
1
1
1
1
1
1
1
1
1
1
1
1
1
1
1
1
1
1
1
1
1
1
1
1
1
1
1
1
1
1
1
1
1
1
1
1
1
1
1
1
1
1
1
1
1
1
1
1
1
1
1
1
1
1
1
1
1
1
1
1

CELL_DATA 200

VECTORS Vinf float
9.154632974026129 0.15269313752651215 3.9694450871755187
9.153375167009756 0.1551094651222229 3.999489538531453
9.153847727534696 0.154052734375 3.987480260591656
9.152941096184179 0.15624147653579712 4.011050813059956
9.153335664031431 0.15518948435783386 4.000374473791272
9.154132086393759 0.1534905582666397 3.9805095569898192
9.154351714608595 0.15309052169322968 3.9752436952401697
9.155848625657484 0.15126267075538635 3.9451054410745208
9.157091412303373 0.15041787922382355 3.924573548298032
9.159269395825788 0.14969851076602936 3.894424356680066
9.161889481899664 0.14954449236392975 3.8646543400098388
9.165520686266348 0.1499626338481903 3.8300138490010798
9.163092303631231 0.14962336421012878 3.8524954991151397
9.161287981626913 0.14953413605690002 3.8709866480638087
9.16123253440611 0.14953473210334778 3.8715905623246734
9.161954197642729 0.1495453417301178 3.8639115767289702
9.161167177913114 0.14953331649303436 3.8723056988526885
9.16408883368723 0.1497337520122528 3.8429041580964634
9.162582520005628 0.14957846701145172 3.857562698583753
9.158556285855695 0.1498512625694275 3.903645284633786
9.157891291735098 0.15005913376808167 3.912756718855053
9.158326733467504 0.14991723001003265 3.9067711608220645
9.158770311233923 0.1498008817434311 3.9009159581471984
9.16054953968279 0.1495528519153595 3.8793191389848296
9.15765005683653 0.1501554697751999 3.9163212554265563
9.157986241934225 0.1500294804573059 3.9115571753789484
9.158326629159376 0.1499205380678177 3.9068888799954955
9.15986503994219 0.14961206912994385 3.8873708920289585
9.1602650765156 0.14957356452941895 3.88268057272926
9.159315157291815 0.1496925950050354 3.8941055910398075
9.160821903107092 0.14953120052814484 3.8761603014279906
9.158195290324613 0.14994513988494873 3.908540822725446
9.156789514777586 0.15056464076042175 3.9292527215291564
9.157024506089613 0.15043412148952484 3.925594665270001
9.157261941192075 0.15031449496746063 3.9219938890744754
9.159364211914465 0.1496669501066208 3.893336869936139
9.159650522825643 0.14962483942508698 3.889840193252713
9.159938457963392 0.14959044754505157 3.886400200586468
9.160227793810293 0.14956341683864594 3.883018650274426
9.160517993924543 0.14954330027103424 3.8796961085607116
9.16080764269583 0.14953021705150604 3.8764356152822077
9.163474548218176 0.14964449405670166 3.8488928751756255
9.163827437517568 0.14968623220920563 3.8455358521749083
9.16036643421404 0.14955264329910278 3.881497420530468
9.160620022175237 0.14953744411468506 3.878609575491101
9.160874712822363 0.14952720701694489 3.8757592515756194
9.166657257435247 0.15016163885593414 3.820297159414441
9.16699517106764 0.15023404359817505 3.8174756245423858
9.166703004000112 0.1501726359128952 3.819893337946087
9.173440102097913 0.15197643637657166 3.7687624172975123
9.173459637520239 0.15198305249214172 3.7686249093820154
9.16675453221552 0.15018612146377563 3.8194458858777587
9.167045328376219 0.15024782717227936 3.8170404212285587
9.166705656406805 0.15017472207546234 3.8198706881810724
9.166364494321272 0.15010401606559753 3.82274804280296
9.161189604160711 0.14952073991298676 3.8722255902101104
9.157485831139013 0.15022829174995422 3.918939359645993
9.160266551730558 0.14956948161125183 3.8827277200032775
9.157691273448393 0.15014837682247162 3.9159945027638976
9.1582577708935 0.14993971586227417 3.9078911320973937
9.158009383437559 0.15002025663852692 3.911313571195752
9.157762158272192 0.15011020004749298 3.914793200950772
9.157517734525129 0.15020981431007385 3.91832659409538
9.157275635359213 0.15031957626342773 3.921913452606351
9.155762869474813 0.1513461470603943 3.9469017164517948
9.155563789961263 0.15153351426124573 3.950547434549481
9.155367064831182 0.15173393487930298 3.954246796827466
9.155172887799665 0.15194785594940186 3.9579969422627985
9.1562906686043 0.1509108543395996 3.937578834753186
9.158436748740598 0.14988602697849274 3.9053359107781955
9.159351158497259 0.14968940615653992 3.8936531619836394
9.160301956889555 0.14957290887832642 3.882244236927182
9.159899461624548 0.14961068332195282 3.8869494573880736
9.158353227732107 0.14991553127765656 3.9065107481290404
9.158010918257162 0.1500236988067627 3.9111927823831145
9.157672989723608 0.1501489132642746 3.9159706013013422
9.159259620664045 0.1497054547071457 3.894697196941525
9.158807400224134 0.14979630708694458 3.9004304485131804
9.157063517329618 0.1504366546869278 3.9250769989301264
9.156674448010847 0.15065763890743256 3.931177295904309
9.157247218844816 0.15033942461013794 3.922216512422711
9.159447643515989 0.149678036570549 3.892377890806347
9.160300138947889 0.14957596361637115 3.8821221368123595
9.158212620375082 0.14996078610420227 3.9083494322110717
9.159004199860021 0.149757519364357 3.897865511636883
9.159766409156248 0.14963127672672272 3.8883923368264743
9.158804926631376 0.14980171620845795 3.900418944816739
9.163436386344358 0.14966139197349548 3.8491493539620936
9.16311064696066 0.149629145860672 3.8523505704213687
9.160810086486265 0.14954954385757446 3.8763530628491942
9.157563659903929 0.150198295712471 3.917493797998578
9.156483355519697 0.15078452229499817 3.9342966453839843
9.154779795167372 0.15245302021503448 3.9659420625974247
9.153561506030485 0.15463119745254517 3.994299657802731
9.152872237918302 0.15644563734531403 4.012975834469945
9.15304358637087 0.15594983100891113 4.008170612316281
9.152333709952757 0.15813957154750824 4.0281711892892424
9.15257315671198 0.15738418698310852 4.02155777082935
9.152469817159101 0.15770410001277924 4.024394042949826
9.153408575413152 0.15504221618175507 3.9986921326924865
9.154632974026129 0.15269313752651215 3.9694450871755187
9.153375167009756 0.1551094651222229 3.999489538531453
9.153847727534696 0.154052734375 3.987480260591656
9.152941096184179 0.15624147653579712 4.011050813059956
9.153335664031431 0.15518948435783386 4.000374473791272
9.154132086393759 0.1534905582666397 3.9805095569898192
9.154351714608595 0.15309052169322968 3.9752436952401697
9.155848625657484 0.15126267075538635 3.9451054410745208
9.157091412303373 0.15041787922382355 3.924573548298032
9.159269395825788 0.14969851076602936 3.894424356680066
9.161889481899664 0.14954449236392975 3.8646543400098388
9.165520686266348 0.1499626338481903 3.8300138490010798
9.163092303631231 0.14962336421012878 3.8524954991151397
9.161287981626913 0.14953413605690002 3.8709866480638087
9.16123253440611 0.14953473210334778 3.8715905623246734
9.161954197642729 0.1495453417301178 3.8639115767289702
9.161167177913114 0.14953331649303436 3.8723056988526885
9.16408883368723 0.1497337520122528 3.8429041580964634
9.162582520005628 0.14957846701145172 3.857562698583753
9.158556285855695 0.1498512625694275 3.903645284633786
9.157891291735098 0.15005913376808167 3.912756718855053
9.158326733467504 0.14991723001003265 3.9067711608220645
9.158770311233923 0.1498008817434311 3.9009159581471984
9.16054953968279 0.1495528519153595 3.8793191389848296
9.15765005683653 0.1501554697751999 3.9163212554265563
9.157986241934225 0.1500294804573059 3.9115571753789484
9.158326629159376 0.1499205380678177 3.9068888799954955
9.15986503994219 0.14961206912994385 3.8873708920289585
9.1602650765156 0.14957356452941895 3.88268057272926
9.159315157291815 0.1496925950050354 3.8941055910398075
9.160821903107092 0.14953120052814484 3.8761603014279906
9.158195290324613 0.14994513988494873 3.908540822725446
9.156789514777586 0.15056464076042175 3.9292527215291564
9.157024506089613 0.15043412148952484 3.925594665270001
9.157261941192075 0.15031449496746063 3.9219938890744754
9.159364211914465 0.1496669501066208 3.893336869936139
9.159650522825643 0.14962483942508698 3.889840193252713
9.159938457963392 0.14959044754505157 3.886400200586468
9.160227793810293 0.14956341683864594 3.883018650274426
9.160517993924543 0.14954330027103424 3.8796961085607116
9.16080764269583 0.14953021705150604 3.8764356152822077
9.163474548218176 0.14964449405670166 3.8488928751756255
9.163827437517568 0.14968623220920563 3.8455358521749083
9.16036643421404 0.14955264329910278 3.881497420530468
9.160620022175237 0.14953744411468506 3.878609575491101
9.160874712822363 0.14952720701694489 3.8757592515756194
9.166657257435247 0.15016163885593414 3.820297159414441
9.16699517106764 0.15023404359817505 3.8174756245423858
9.166703004000112 0.1501726359128952 3.819893337946087
9.173440102097913 0.15197643637657166 3.7687624172975123
9.173459637520239 0.15198305249214172 3.7686249093820154
9.16675453221552 0.15018612146377563 3.8194458858777587
9.167045328376219 0.15024782717227936 3.8170404212285587
9.166705656406805 0.15017472207546234 3.8198706881810724
9.166364494321272 0.15010401606559753 3.82274804280296
9.161189604160711 0.14952073991298676 3.8722255902101104
9.157485831139013 0.15022829174995422 3.918939359645993
9.160266551730558 0.14956948161125183 3.8827277200032775
9.157691273448393 0.15014837682247162 3.9159945027638976
9.1582577708935 0.14993971586227417 3.9078911320973937
9.158009383437559 0.15002025663852692 3.911313571195752
9.157762158272192 0.15011020004749298 3.914793200950772
9.157517734525129 0.15020981431007385 3.91832659409538
9.157275635359213 0.15031957626342773 3.921913452606351
9.155762869474813 0.1513461470603943 3.9469017164517948
9.155563789961263 0.15153351426124573 3.950547434549481
9.155367064831182 0.15173393487930298 3.954246796827466
9.155172887799665 0.15194785594940186 3.9579969422627985
9.1562906686043 0.1509108543395996 3.937578834753186
9.158436748740598 0.14988602697849274 3.9053359107781955
9.159351158497259 0.14968940615653992 3.8936531619836394
9.160301956889555 0.14957290887832642 3.882244236927182
9.159899461624548 0.14961068332195282 3.8869494573880736
9.158353227732107 0.14991553127765656 3.9065107481290404
9.158010918257162 0.1500236988067627 3.9111927823831145
9.157672989723608 0.1501489132642746 3.9159706013013422
9.159259620664045 0.1497054547071457 3.894697196941525
9.158807400224134 0.14979630708694458 3.9004304485131804
9.157063517329618 0.1504366546869278 3.9250769989301264
9.156674448010847 0.15065763890743256 3.931177295904309
9.157247218844816 0.15033942461013794 3.922216512422711
9.159447643515989 0.149678036570549 3.892377890806347
9.160300138947889 0.14957596361637115 3.8821221368123595
9.158212620375082 0.14996078610420227 3.9083494322110717
9.159004199860021 0.149757519364357 3.897865511636883
9.159766409156248 0.14963127672672272 3.8883923368264743
9.158804926631376 0.14980171620845795 3.900418944816739
9.163436386344358 0.14966139197349548 3.8491493539620936
9.16311064696066 0.149629145860672 3.8523505704213687
9.160810086486265 0.14954954385757446 3.8763530628491942
9.157563659903929 0.150198295712471 3.917493797998578
9.156483355519697 0.15078452229499817 3.9342966453839843
9.154779795167372 0.15245302021503448 3.9659420625974247
9.153561506030485 0.15463119745254517 3.994299657802731
9.152872237918302 0.15644563734531403 4.012975834469945
9.15304358637087 0.15594983100891113 4.008170612316281
9.152333709952757 0.15813957154750824 4.0281711892892424
9.15257315671198 0.15738418698310852 4.02155777082935
9.152469817159101 0.15770410001277924 4.024394042949826
9.153408575413152 0.15504221618175507 3.9986921326924865

VECTORS L float
-0.013631296954056274 0.0 0.029232410653494537
-0.022134067169857326 0.0 0.04746666022478246
-0.03064213280298354 0.0 0.06571226585517115
-0.03964839807989868 0.0 0.08502626406946061
-0.04928687892606478 0.0 0.10569605294726264
-0.05958553998748975 0.0 0.12778160286547083
-0.07052024336401486 0.0 0.15123114993014813
-0.08209414134408312 0.0 0.17605145424567611
-0.09426415096022782 0.0 0.2021501240901663
-0.10700835572365933 0.0 0.22948015940173605
-0.12029609288014513 0.0 0.2579758036917319
-0.1341215099839048 0.0 0.2876245063496757
-0.1483055264158808 0.0 0.31804222774866947
-0.16281923204104976 0.0 0.34916696990408286
-0.17763960883211855 0.0 0.38094937049708916
-0.19271227539492555 0.0 0.41327280825156176
-0.2079290090396812 0.0 0.445905198860291
-0.22342105900816037 0.0 0.4791280072305744
-0.23896331785476768 0.0 0.5124584888874747
-0.25438863484135305 0.0 0.5455381879162606
-0.2697982391759714 0.0 0.5785841910541638
-0.2851682088425466 0.0 0.6115451973721563
-0.30043539465530117 0.0 0.6442857830043138
-0.3157038793490436 0.0 0.6770291540957387
-0.33052024104151123 0.0 0.7088029442820083
-0.3451922901129774 0.0 0.7402672550538233
-0.3595853376327979 0.0 0.7711332450673012
-0.37378907731295863 0.0 0.8015932631085222
-0.3877081264600421 0.0 0.8314427603313554
-0.4011821598587825 0.0 0.8603379182021311
-0.41440004262988145 0.0 0.8886837592792367
-0.42697314001688547 0.0 0.9156468536379078
-0.4389201559324238 0.0 0.9412673119482173
-0.45032810003312884 0.0 0.9657317270209657
-0.4610578146335524 0.0 0.9887416742366661
-0.47129275971944024 0.0 1.0106905848043881
-0.4807690632678799 0.0 1.0310125833448662
-0.4894886922428283 0.0 1.0497118880259189
-0.49739271318968736 0.0 1.0666621156463105
-0.5043923754605485 0.0 1.0816729398274019
-0.510382071835117 0.0 1.094517885154415
-0.5155280405988151 0.0 1.1055534507808917
-0.5195805663633806 0.0 1.1142441203285454
-0.5220224356530792 0.0 1.1194807259192838
-0.5229420160219104 0.0 1.1214527723842072
-0.5218828239506969 0.0 1.1191813276573408
-0.5185684330689927 0.0 1.1120735934742527
-0.5105946202992223 0.0 1.0949736968066326
-0.48956166622984393 0.0 1.049868381246091
-0.3737698042478268 0.0 0.8015519318869676
-0.3561756106080048 0.0 0.7638210618655841
-0.4720463418467432 0.0 1.0123066468915618
-0.4931670613985893 0.0 1.0576001761366371
-0.5012463747094467 0.0 1.0749263194447358
-0.504810956085668 0.0 1.0825705888747617
-0.50585580119174 0.0 1.0848112664355938
-0.5053922879098003 0.0 1.0838172589947261
-0.5036952639328417 0.0 1.0801779793318675
-0.5001799915970802 0.0 1.0726394534803512
-0.49575193995958583 0.0 1.063143466099371
-0.4901190037050071 0.0 1.0510635953186376
-0.4834993013391918 0.0 1.0368675977834332
-0.475971960172575 0.0 1.020725162558587
-0.46762369718363667 0.0 1.0028222548045749
-0.4584541224608338 0.0 0.9831580383533945
-0.44871769055541455 0.0 0.9622781927511531
-0.43826243136517373 0.0 0.9398568170619606
-0.4271613502179609 0.0 0.9160504717166243
-0.4155361320141454 0.0 0.8911201108261084
-0.4033033542008987 0.0 0.864886834148545
-0.3904496841511957 0.0 0.8373220497730105
-0.37721778477562146 0.0 0.8089461499906054
-0.36360553005420404 0.0 0.7797545755367868
-0.34975090215274673 0.0 0.7500432301210269
-0.33574359289045075 0.0 0.7200044584703155
-0.32148721765089605 0.0 0.6894315631077094
-0.307082880245872 0.0 0.6585413618572804
-0.29234898071975607 0.0 0.6269444123574325
-0.27749861051675917 0.0 0.5950976906849765
-0.262650181015738 0.0 0.5632551308613385
-0.2477492498613782 0.0 0.5312999808787773
-0.23280313066344988 0.0 0.4992479248240593
-0.21777434769538045 0.0 0.46701859574219823
-0.20279365258884285 0.0 0.4348923914121846
-0.18804618686779678 0.0 0.40326634911342385
-0.17342396499504098 0.0 0.3719088931140728
-0.15899140450344923 0.0 0.34095816725918143
-0.14491817993380235 0.0 0.3107780397756886
-0.13106256854596668 0.0 0.2810645852665839
-0.11762409078845673 0.0 0.25224567671449005
-0.10467300857675442 0.0 0.22447199128340622
-0.09227176535308945 0.0 0.19787743936733443
-0.08039953815725022 0.0 0.17241736598399543
-0.06911797232490767 0.0 0.14822396998235263
-0.05844621030667428 0.0 0.12533830248022007
-0.04840002367611262 0.0 0.10379418572624999
-0.03897225683484335 0.0 0.0835762744901975
-0.03016076254617332 0.0 0.06467996400811418
-0.021829158140700425 0.0 0.04681278070162963
-0.013479721677777402 0.0 0.028907356424536363
-0.013631296954056274 0.0 0.029232410653494537
-0.022134067169857326 0.0 0.04746666022478246
-0.03064213280298354 0.0 0.06571226585517115
-0.03964839807989868 0.0 0.08502626406946061
-0.04928687892606478 0.0 0.10569605294726264
-0.05958553998748975 0.0 0.12778160286547083
-0.07052024336401486 0.0 0.15123114993014813
-0.08209414134408312 0.0 0.17605145424567611
-0.09426415096022782 0.0 0.2021501240901663
-0.10700835572365933 0.0 0.22948015940173605
-0.12029609288014513 0.0 0.2579758036917319
-0.1341215099839048 0.0 0.2876245063496757
-0.1483055264158808 0.0 0.31804222774866947
-0.16281923204104976 0.0 0.34916696990408286
-0.17763960883211855 0.0 0.38094937049708916
-0.19271227539492555 0.0 0.41327280825156176
-0.2079290090396812 0.0 0.445905198860291
-0.22342105900816037 0.0 0.4791280072305744
-0.23896331785476768 0.0 0.5124584888874747
-0.25438863484135305 0.0 0.5455381879162606
-0.2697982391759714 0.0 0.5785841910541638
-0.2851682088425466 0.0 0.6115451973721563
-0.30043539465530117 0.0 0.6442857830043138
-0.3157038793490436 0.0 0.6770291540957387
-0.33052024104151123 0.0 0.7088029442820083
-0.3451922901129774 0.0 0.7402672550538233
-0.3595853376327979 0.0 0.7711332450673012
-0.37378907731295863 0.0 0.8015932631085222
-0.3877081264600421 0.0 0.8314427603313554
-0.4011821598587825 0.0 0.8603379182021311
-0.41440004262988145 0.0 0.8886837592792367
-0.42697314001688547 0.0 0.9156468536379078
-0.4389201559324238 0.0 0.9412673119482173
-0.45032810003312884 0.0 0.9657317270209657
-0.4610578146335524 0.0 0.9887416742366661
-0.47129275971944024 0.0 1.0106905848043881
-0.4807690632678799 0.0 1.0310125833448662
-0.4894886922428283 0.0 1.0497118880259189
-0.49739271318968736 0.0 1.0666621156463105
-0.5043923754605485 0.0 1.0816729398274019
-0.510382071835117 0.0 1.094517885154415
-0.5155280405988151 0.0 1.1055534507808917
-0.5195805663633806 0.0 1.1142441203285454
-0.5220224356530792 0.0 1.1194807259192838
-0.5229420160219104 0.0 1.1214527723842072
-0.5218828239506969 0.0 1.1191813276573408
-0.5185684330689927 0.0 1.1120735934742527
-0.5105946202992223 0.0 1.0949736968066326
-0.48956166622984393 0.0 1.049868381246091
-0.3737698042478268 0.0 0.8015519318869676
-0.3561756106080048 0.0 0.7638210618655841
-0.4720463418467432 0.0 1.0123066468915618
-0.4931670613985893 0.0 1.0576001761366371
-0.5012463747094467 0.0 1.0749263194447358
-0.504810956085668 0.0 1.0825705888747617
-0.50585580119174 0.0 1.0848112664355938
-0.5053922879098003 0.0 1.0838172589947261
-0.5036952639328417 0.0 1.0801779793318675
-0.5001799915970802 0.0 1.0726394534803512
-0.49575193995958583 0.0 1.063143466099371
-0.4901190037050071 0.0 1.0510635953186376
-0.4834993013391918 0.0 1.0368675977834332
-0.475971960172575 0.0 1.020725162558587
-0.46762369718363667 0.0 1.0028222548045749
-0.4584541224608338 0.0 0.9831580383533945
-0.44871769055541455 0.0 0.9622781927511531
-0.43826243136517373 0.0 0.9398568170619606
-0.4271613502179609 0.0 0.9160504717166243
-0.4155361320141454 0.0 0.8911201108261084
-0.4033033542008987 0.0 0.864886834148545
-0.3904496841511957 0.0 0.8373220497730105
-0.37721778477562146 0.0 0.8089461499906054
-0.36360553005420404 0.0 0.7797545755367868
-0.34975090215274673 0.0 0.7500432301210269
-0.33574359289045075 0.0 0.7200044584703155
-0.32148721765089605 0.0 0.6894315631077094
-0.307082880245872 0.0 0.6585413618572804
-0.29234898071975607 0.0 0.6269444123574325
-0.27749861051675917 0.0 0.5950976906849765
-0.262650181015738 0.0 0.5632551308613385
-0.2477492498613782 0.0 0.5312999808787773
-0.23280313066344988 0.0 0.4992479248240593
-0.21777434769538045 0.0 0.46701859574219823
-0.20279365258884285 0.0 0.4348923914121846
-0.18804618686779678 0.0 0.40326634911342385
-0.17342396499504098 0.0 0.3719088931140728
-0.15899140450344923 0.0 0.34095816725918143
-0.14491817993380235 0.0 0.3107780397756886
-0.13106256854596668 0.0 0.2810645852665839
-0.11762409078845673 0.0 0.25224567671449005
-0.10467300857675442 0.0 0.22447199128340622
-0.09227176535308945 0.0 0.19787743936733443
-0.08039953815725022 0.0 0.17241736598399543
-0.06911797232490767 0.0 0.14822396998235263
-0.05844621030667428 0.0 0.12533830248022007
-0.04840002367611262 0.0 0.10379418572624999
-0.03897225683484335 0.0 0.0835762744901975
-0.03016076254617332 0.0 0.06467996400811418
-0.021829158140700425 0.0 0.04681278070162963
-0.013479721677777402 0.0 0.028907356424536363

SCALARS Gamma float
LOOKUP_TABLE default
0.43796716450969947
0.6742024062934133
0.8681282370210421
1.0435430249706839
1.2077525578942043
1.3644417466919625
1.515503045906235
1.6614628309919153
1.803064288292996
1.940444164777393
2.0737859651146118
2.203217497373682
2.3295408765326293
2.4514717697312447
2.56819034353475
2.6795380254680885
2.785506043868335
2.885188918368465
2.980109705883988
3.06992200124858
3.1528040691133095
3.2287878801860717
3.29836020889788
3.361610288581614
3.420474032617989
3.472297908404266
3.517998165451135
3.5576227281919213
3.5923671143691283
3.622818262480856
3.6479806140604025
3.6694778063020292
3.685607706034244
3.69531770120389
3.699332795785386
3.6972678487245063
3.6910797148363144
3.6801815242604956
3.664389359541825
3.6436423884505182
3.6176954608475764
3.5857438009757336
3.5499080781624825
3.51050246924167
3.463210361991496
3.408903485247945
3.347261962171265
3.2845254161903323
3.221989385347929
3.1645329005427443
3.1648505141894216
3.222993468838582
3.286280701978116
3.3496815628272594
3.410648375425563
3.4696499147206668
3.522475184090241
3.5653950912507266
3.6047158365907586
3.6368595856362087
3.6635900697460535
3.6849822030887305
3.7012576594475877
3.7125354009612326
3.7194176070129843
3.720241278822283
3.7154433106015707
3.7048746270280444
3.6877018317745396
3.6647504727042537
3.637559976773283
3.6059452049435317
3.570380865391915
3.5301904869977294
3.4841528318617687
3.4322369008586247
3.37375617889189
3.310273114614596
3.2412703314403517
3.1655203258834343
3.082842320439469
2.9934686825705175
2.898625614695676
2.798505944466305
2.6918896209365397
2.5796749426686274
2.4624136579822555
2.3393516354807478
2.212755906160499
2.0826483763179056
1.948844280178408
1.8107381306896186
1.6686567587723349
1.5221054047807072
1.3705097224085034
1.2129449620309842
1.0481035995899477
0.8720725186059674
0.6772649140061275
0.43998467095167854
0.43796716450969947
0.6742024062934133
0.8681282370210421
1.0435430249706839
1.2077525578942043
1.3644417466919625
1.515503045906235
1.6614628309919153
1.803064288292996
1.940444164777393
2.0737859651146118
2.203217497373682
2.3295408765326293
2.4514717697312447
2.56819034353475
2.6795380254680885
2.785506043868335
2.885188918368465
2.980109705883988
3.06992200124858
3.1528040691133095
3.2287878801860717
3.29836020889788
3.361610288581614
3.420474032617989
3.472297908404266
3.517998165451135
3.5576227281919213
3.5923671143691283
3.622818262480856
3.6479806140604025
3.6694778063020292
3.685607706034244
3.69531770120389
3.699332795785386
3.6972678487245063
3.6910797148363144
3.6801815242604956
3.664389359541825
3.6436423884505182
3.6176954608475764
3.5857438009757336
3.5499080781624825
3.51050246924167
3.463210361991496
3.408903485247945
3.347261962171265
3.2845254161903323
3.221989385347929
3.1645329005427443
3.1648505141894216
3.222993468838582
3.286280701978116
3.3496815628272594
3.410648375425563
3.4696499147206668
3.522475184090241
3.5653950912507266
3.6047158365907586
3.6368595856362087
3.6635900697460535
3.6849822030887305
3.7012576594475877
3.7125354009612326
3.7194176070129843
3.720241278822283
3.7154433106015707
3.7048746270280444
3.6877018317745396
3.6647504727042537
3.637559976773283
3.6059452049435317
3.570380865391915
3.5301904869977294
3.4841528318617687
3.4322369008586247
3.37375617889189
3.310273114614596
3.2412703314403517
3.1655203258834343
3.082842320439469
2.9934686825705175
2.898625614695676
2.798505944466305
2.6918896209365397
2.5796749426686274
2.4624136579822555
2.3393516354807478
2.212755906160499
2.0826483763179056
1.948844280178408
1.8107381306896186
1.6686567587723349
1.5221054047807072
1.3705097224085034
1.2129449620309842
1.0481035995899477
0.8720725186059674
0.6772649140061275
0.43998467095167854

VECTORS Vvpm float
0.09155510365962982 0.15269313752651215 -0.25673753023147583
0.09029729664325714 0.1551094651222229 -0.2266930788755417
0.09076985716819763 0.154052734375 -0.2387023568153381
0.08986322581768036 0.15624147653579712 -0.21513180434703827
0.09025779366493225 0.15518948435783386 -0.22580814361572266
0.09105421602725983 0.1534905582666397 -0.2456730604171753
0.09127384424209595 0.15309052169322968 -0.25093892216682434
0.09277075529098511 0.15126267075538635 -0.28107717633247375
0.09401354193687439 0.15041787922382355 -0.301609069108963
0.09619152545928955 0.14969851076602936 -0.3317582607269287
0.09881161153316498 0.14954449236392975 -0.36152827739715576
0.10244281589984894 0.1499626338481903 -0.3961687684059143
0.10001443326473236 0.14962336421012878 -0.37368711829185486
0.09821011126041412 0.14953413605690002 -0.3551959693431854
0.09815466403961182 0.14953473210334778 -0.35459205508232117
0.09887632727622986 0.1495453417301178 -0.3622710406780243
0.0980893075466156 0.14953331649303436 -0.35387691855430603
0.10101096332073212 0.1497337520122528 -0.3832784593105316
0.09950464963912964 0.14957846701145172 -0.3686199188232422
0.09547841548919678 0.1498512625694275 -0.3225373327732086
0.09481342136859894 0.15005913376808167 -0.3134258985519409
0.09524886310100555 0.14991723001003265 -0.3194114565849304
0.09569244086742401 0.1498008817434311 -0.32526665925979614
0.09747166931629181 0.1495528519153595 -0.3468634784221649
0.09457218647003174 0.1501554697751999 -0.30986136198043823
0.09490837156772614 0.1500294804573059 -0.31462544202804565
0.0952487587928772 0.1499205380678177 -0.319293737411499
0.09678716957569122 0.14961206912994385 -0.3388117253780365
0.09718720614910126 0.14957356452941895 -0.3435020446777344
0.09623728692531586 0.1496925950050354 -0.3320770263671875
0.09774403274059296 0.14953120052814484 -0.3500223159790039
0.09511741995811462 0.14994513988494873 -0.3176417946815491
0.09371164441108704 0.15056464076042175 -0.29692989587783813
0.09394663572311401 0.15043412148952484 -0.3005879521369934
0.09418407082557678 0.15031449496746063 -0.30418872833251953
0.096286341547966 0.1496669501066208 -0.3328457474708557
0.09657265245914459 0.14962483942508698 -0.3363424241542816
0.09686058759689331 0.14959044754505157 -0.3397824168205261
0.09714992344379425 0.14956341683864594 -0.34316396713256836
0.09744012355804443 0.14954330027103424 -0.34648650884628296
0.09772977232933044 0.14953021705150604 -0.3497470021247864
0.10039667785167694 0.14964449405670166 -0.377289742231369
0.10074956715106964 0.14968623220920563 -0.3806467652320862
0.09728856384754181 0.14955264329910278 -0.3446851968765259
0.09754215180873871 0.14953744411468506 -0.34757304191589355
0.09779684245586395 0.14952720701694489 -0.3504233658313751
0.10357938706874849 0.15016163885593414 -0.4058854579925537
0.10391730070114137 0.15023404359817505 -0.4087069928646087
0.10362513363361359 0.1501726359128952 -0.40628927946090704
0.11036223173141481 0.15197643637657166 -0.4574202001094818
0.11038176715373993 0.15198305249214172 -0.45755770802497864
0.10367666184902193 0.15018612146377563 -0.40673673152923584
0.10396745800971983 0.15024782717227936 -0.4091421961784363
0.10362778604030608 0.15017472207546234 -0.40631192922592163
0.10328662395477295 0.15010401606559753 -0.4034345746040344
0.09811173379421234 0.14952073991298676 -0.35395702719688416
0.09440796077251434 0.15022829174995422 -0.3072432577610016
0.09718868136405945 0.14956948161125183 -0.34345489740371704
0.09461340308189392 0.15014837682247162 -0.3101881146430969
0.09517990052700043 0.14993971586227417 -0.31829148530960083
0.09493151307106018 0.15002025663852692 -0.3148690462112427
0.09468428790569305 0.15011020004749298 -0.31138941645622253
0.09443986415863037 0.15020981431007385 -0.307856023311615
0.09419776499271393 0.15031957626342773 -0.3042691648006439
0.09268499910831451 0.1513461470603943 -0.2792809009552002
0.09248591959476471 0.15153351426124573 -0.2756351828575134
0.09228919446468353 0.15173393487930298 -0.2719358205795288
0.0920950174331665 0.15194785594940186 -0.26818567514419556
0.0932127982378006 0.1509108543395996 -0.2886037826538086
0.09535887837409973 0.14988602697849274 -0.32084670662879944
0.09627328813076019 0.14968940615653992 -0.3325294554233551
0.09722408652305603 0.14957290887832642 -0.3439383804798126
0.09682159125804901 0.14961068332195282 -0.3392331600189209
0.09527535736560822 0.14991553127765656 -0.3196718692779541
0.09493304789066315 0.1500236988067627 -0.31498983502388
0.09459511935710907 0.1501489132642746 -0.31021201610565186
0.09618175029754639 0.1497054547071457 -0.33148542046546936
0.0957295298576355 0.14979630708694458 -0.3257521688938141
0.0939856469631195 0.1504366546869278 -0.3011056184768677
0.09359657764434814 0.15065763890743256 -0.29500532150268555
0.09416934847831726 0.15033942461013794 -0.30396610498428345
0.09636977314949036 0.149678036570549 -0.333804726600647
0.09722226858139038 0.14957596361637115 -0.344060480594635
0.09513475000858307 0.14996078610420227 -0.31783318519592285
0.09592632949352264 0.149757519364357 -0.3283171057701111
0.09668853878974915 0.14963127672672272 -0.33779028058052063
0.09572705626487732 0.14980171620845795 -0.32576367259025574
0.1003585159778595 0.14966139197349548 -0.3770332634449005
0.10003277659416199 0.149629145860672 -0.3738320469856262
0.09773221611976624 0.14954954385757446 -0.3498295545578003
0.09448578953742981 0.150198295712471 -0.30868881940841675
0.09340548515319824 0.15078452229499817 -0.29188597202301025
0.0917019248008728 0.15245302021503448 -0.2602405548095703
0.0904836356639862 0.15463119745254517 -0.2318829596042633
0.08979436755180359 0.15644563734531403 -0.2132067829370499
0.08996571600437164 0.15594983100891113 -0.21801200509071353
0.08925583958625793 0.15813957154750824 -0.19801142811775208
0.08949528634548187 0.15738418698310852 -0.20462484657764438
0.08939194679260254 0.15770410001277924 -0.20178857445716858
0.09033070504665375 0.15504221618175507 -0.22749048471450806
0.09155510365962982 0.15269313752651215 -0.25673753023147583
0.09029729664325714 0.1551094651222229 -0.2266930788755417
0.09076985716819763 0.154052734375 -0.2387023568153381
0.08986322581768036 0.15624147653579712 -0.21513180434703827
0.09025779366493225 0.15518948435783386 -0.22580814361572266
0.09105421602725983 0.1534905582666397 -0.2456730604171753
0.09127384424209595 0.15309052169322968 -0.25093892216682434
0.09277075529098511 0.15126267075538635 -0.28107717633247375
0.09401354193687439 0.15041787922382355 -0.301609069108963
0.09619152545928955 0.14969851076602936 -0.3317582607269287
0.09881161153316498 0.14954449236392975 -0.36152827739715576
0.10244281589984894 0.1499626338481903 -0.3961687684059143
0.10001443326473236 0.14962336421012878 -0.37368711829185486
0.09821011126041412 0.14953413605690002 -0.3551959693431854
0.09815466403961182 0.14953473210334778 -0.35459205508232117
0.09887632727622986 0.1495453417301178 -0.3622710406780243
0.0980893075466156 0.14953331649303436 -0.35387691855430603
0.10101096332073212 0.1497337520122528 -0.3832784593105316
0.09950464963912964 0.14957846701145172 -0.3686199188232422
0.09547841548919678 0.1498512625694275 -0.3225373327732086
0.09481342136859894 0.15005913376808167 -0.3134258985519409
0.09524886310100555 0.14991723001003265 -0.3194114565849304
0.09569244086742401 0.1498008817434311 -0.32526665925979614
0.09747166931629181 0.1495528519153595 -0.3468634784221649
0.09457218647003174 0.1501554697751999 -0.30986136198043823
0.09490837156772614 0.1500294804573059 -0.31462544202804565
0.0952487587928772 0.1499205380678177 -0.319293737411499
0.09678716957569122 0.14961206912994385 -0.3388117253780365
0.09718720614910126 0.14957356452941895 -0.3435020446777344
0.09623728692531586 0.1496925950050354 -0.3320770263671875
0.09774403274059296 0.14953120052814484 -0.3500223159790039
0.09511741995811462 0.14994513988494873 -0.3176417946815491
0.09371164441108704 0.15056464076042175 -0.29692989587783813
0.09394663572311401 0.15043412148952484 -0.3005879521369934
0.09418407082557678 0.15031449496746063 -0.30418872833251953
0.096286341547966 0.1496669501066208 -0.3328457474708557
0.09657265245914459 0.14962483942508698 -0.3363424241542816
0.09686058759689331 0.14959044754505157 -0.3397824168205261
0.09714992344379425 0.14956341683864594 -0.34316396713256836
0.09744012355804443 0.14954330027103424 -0.34648650884628296
0.09772977232933044 0.14953021705150604 -0.3497470021247864
0.10039667785167694 0.14964449405670166 -0.377289742231369
0.10074956715106964 0.14968623220920563 -0.3806467652320862
0.09728856384754181 0.14955264329910278 -0.3446851968765259
0.09754215180873871 0.14953744411468506 -0.34757304191589355
0.09779684245586395 0.14952720701694489 -0.3504233658313751
0.10357938706874849 0.15016163885593414 -0.4058854579925537
0.10391730070114137 0.15023404359817505 -0.4087069928646087
0.10362513363361359 0.1501726359128952 -0.40628927946090704
0.11036223173141481 0.15197643637657166 -0.4574202001094818
0.11038176715373993 0.15198305249214172 -0.45755770802497864
0.10367666184902193 0.15018612146377563 -0.40673673152923584
0.10396745800971983 0.15024782717227936 -0.4091421961784363
0.10362778604030608 0.15017472207546234 -0.40631192922592163
0.10328662395477295 0.15010401606559753 -0.4034345746040344
0.09811173379421234 0.14952073991298676 -0.35395702719688416
0.09440796077251434 0.15022829174995422 -0.3072432577610016
0.09718868136405945 0.14956948161125183 -0.34345489740371704
0.09461340308189392 0.15014837682247162 -0.3101881146430969
0.09517990052700043 0.14993971586227417 -0.31829148530960083
0.09493151307106018 0.15002025663852692 -0.3148690462112427
0.09468428790569305 0.15011020004749298 -0.31138941645622253
0.09443986415863037 0.15020981431007385 -0.307856023311615
0.09419776499271393 0.15031957626342773 -0.3042691648006439
0.09268499910831451 0.1513461470603943 -0.2792809009552002
0.09248591959476471 0.15153351426124573 -0.2756351828575134
0.09228919446468353 0.15173393487930298 -0.2719358205795288
0.0920950174331665 0.15194785594940186 -0.26818567514419556
0.0932127982378006 0.1509108543395996 -0.2886037826538086
0.09535887837409973 0.14988602697849274 -0.32084670662879944
0.09627328813076019 0.14968940615653992 -0.3325294554233551
0.09722408652305603 0.14957290887832642 -0.3439383804798126
0.09682159125804901 0.14961068332195282 -0.3392331600189209
0.09527535736560822 0.14991553127765656 -0.3196718692779541
0.09493304789066315 0.1500236988067627 -0.31498983502388
0.09459511935710907 0.1501489132642746 -0.31021201610565186
0.09618175029754639 0.1497054547071457 -0.33148542046546936
0.0957295298576355 0.14979630708694458 -0.3257521688938141
0.0939856469631195 0.1504366546869278 -0.3011056184768677
0.09359657764434814 0.15065763890743256 -0.29500532150268555
0.09416934847831726 0.15033942461013794 -0.30396610498428345
0.09636977314949036 0.149678036570549 -0.333804726600647
0.09722226858139038 0.14957596361637115 -0.344060480594635
0.09513475000858307 0.14996078610420227 -0.31783318519592285
0.09592632949352264 0.149757519364357 -0.3283171057701111
0.09668853878974915 0.14963127672672272 -0.33779028058052063
0.09572705626487732 0.14980171620845795 -0.32576367259025574
0.1003585159778595 0.14966139197349548 -0.3770332634449005
0.10003277659416199 0.149629145860672 -0.3738320469856262
0.09773221611976624 0.14954954385757446 -0.3498295545578003
0.09448578953742981 0.150198295712471 -0.30868881940841675
0.09340548515319824 0.15078452229499817 -0.29188597202301025
0.0917019248008728 0.15245302021503448 -0.2602405548095703
0.0904836356639862 0.15463119745254517 -0.2318829596042633
0.08979436755180359 0.15644563734531403 -0.2132067829370499
0.08996571600437164 0.15594983100891113 -0.21801200509071353
0.08925583958625793 0.15813957154750824 -0.19801142811775208
0.08949528634548187 0.15738418698310852 -0.20462484657764438
0.08939194679260254 0.15770410001277924 -0.20178857445716858
0.09033070504665375 0.15504221618175507 -0.22749048471450806

VECTORS Vvpm_BBp float
0.0995090901851654 0.14956210553646088 -0.3685920536518097
0.10459332168102264 0.15039120614528656 -0.41426026821136475
0.10798358917236328 0.15127356350421906 -0.440411627292633
0.1123209297657013 0.15261000394821167 -0.47063779830932617
0.11347614228725435 0.15299327671527863 -0.47823184728622437
0.12068898975849152 0.1555519551038742 -0.5223361253738403
0.12150661647319795 0.15585610270500183 -0.5270440578460693
0.12814019620418549 0.1583889126777649 -0.5635681748390198
0.13173557817935944 0.15979792177677155 -0.5823125243186951
0.13323453068733215 0.16039124131202698 -0.5899519920349121
0.13108088076114655 0.1595369279384613 -0.5789408683776855
0.13360290229320526 0.16053712368011475 -0.5918211340904236
0.1315186619758606 0.15970934927463531 -0.5812047123908997
0.13022638857364655 0.1591978520154953 -0.5745160579681396
0.12721528112888336 0.15802060067653656 -0.5586165189743042
0.12801562249660492 0.15832935273647308 -0.5628762245178223
0.13039140403270721 0.1592581868171692 -0.5753602385520935
0.1298518031835556 0.15904510021209717 -0.5725475549697876
0.13053570687770844 0.15931209921836853 -0.5760968923568726
0.12573468685150146 0.157439723610878 -0.5505861639976501
0.12497332692146301 0.15714530646800995 -0.5464078783988953
0.1255933791399002 0.15738146007061005 -0.5497902631759644
0.12453952431678772 0.1569778323173523 -0.5440121293067932
0.12223711609840392 0.15610460937023163 -0.5311233401298523
0.12277981638908385 0.1563078910112381 -0.5341874957084656
0.12942516803741455 0.15886515378952026 -0.57027667760849
0.1284472942352295 0.1584804505109787 -0.5651124715805054
0.12769921123981476 0.1581876426935196 -0.5611339211463928
0.12818261981010437 0.1583748161792755 -0.5636998414993286
0.1224980354309082 0.15619321167469025 -0.5325764417648315
0.12299899756908415 0.1563803106546402 -0.5353891849517822
0.12349209189414978 0.15656542778015137 -0.5381422638893127
0.1168154329061508 0.15410661697387695 -0.499148964881897
0.11724452674388885 0.15425848960876465 -0.5017635822296143
0.11767007410526274 0.15441030263900757 -0.5043405890464783
0.1180913895368576 0.15456144511699677 -0.5068781971931458
0.11850902438163757 0.15471197664737701 -0.509377658367157
0.11892303824424742 0.15486179292201996 -0.5118380784988403
0.11677081882953642 0.15408645570278168 -0.49883949756622314
0.11721460521221161 0.1542442888021469 -0.5015517473220825
0.11549703776836395 0.15363754332065582 -0.4909386932849884
0.12488307058811188 0.15708118677139282 -0.545837938785553
0.12525194883346558 0.15722224116325378 -0.547860860824585
0.12561608850955963 0.1573619246482849 -0.5498493909835815
0.12597550451755524 0.15749984979629517 -0.551803708076477
0.12633027136325836 0.1576363891363144 -0.5537246465682983
0.12668009102344513 0.15777115523815155 -0.5556125640869141
0.12177044153213501 0.15589620172977448 -0.5283800959587097
0.12611515820026398 0.15755563974380493 -0.5525708198547363
0.1392618715763092 0.16275560855865479 -0.6196398735046387
0.1261151134967804 0.15755651891231537 -0.552570104598999
0.12177169322967528 0.15589824318885803 -0.5283786654472351
0.1266794353723526 0.15777231752872467 -0.5556111335754395
0.12632957100868225 0.1576373428106308 -0.5537232160568237
0.12597531080245972 0.15750093758106232 -0.5518026947975159
0.1256161481142044 0.1573626697063446 -0.5498486161231995
0.1252535581588745 0.15722256898880005 -0.5478613972663879
0.12488512694835663 0.15708154439926147 -0.5458388924598694
0.11549803614616394 0.15363900363445282 -0.4909383654594422
0.11721539497375488 0.15424476563930511 -0.5015518069267273
0.11677153408527373 0.15408706665039062 -0.49883967638015747
0.1189238429069519 0.1548628807067871 -0.5118379592895508
0.11851014196872711 0.154712975025177 -0.509377658367157
0.11809244751930237 0.15456242859363556 -0.5068783164024353
0.11767129600048065 0.1544111669063568 -0.504340648651123
0.11724567413330078 0.15425947308540344 -0.5017638206481934
0.11681663990020752 0.15410755574703217 -0.49914878606796265
0.12349410355091095 0.15656688809394836 -0.5381417870521545
0.12300059199333191 0.15638206899166107 -0.5353886485099792
0.12249942123889923 0.1561947762966156 -0.5325754880905151
0.12818282842636108 0.1583755761384964 -0.5636990070343018
0.12769915163516998 0.1581883728504181 -0.561133086681366
0.12844672799110413 0.15848112106323242 -0.5651117563247681
0.1294248253107071 0.15886583924293518 -0.5702759027481079
0.12277908623218536 0.156309112906456 -0.534186065196991
0.122236430644989 0.15610569715499878 -0.5311219692230225
0.12453971803188325 0.15697915852069855 -0.544011116027832
0.12559394538402557 0.15738290548324585 -0.5497894883155823
0.1249743103981018 0.15714669227600098 -0.546407163143158
0.12573613226413727 0.15744084119796753 -0.5505854487419128
0.13053689897060394 0.15931293368339539 -0.576096773147583
0.12985290586948395 0.15904587507247925 -0.572547197341919
0.1303928792476654 0.15925906598567963 -0.5753600597381592
0.12801720201969147 0.15833093225955963 -0.562875509262085
0.12721674144268036 0.1580221801996231 -0.5586159229278564
0.13022780418395996 0.15919890999794006 -0.5745155811309814
0.13152001798152924 0.15971048176288605 -0.5812044739723206
0.13360503315925598 0.16053831577301025 -0.5918208360671997
0.13108274340629578 0.1595386266708374 -0.5789399743080139
0.13323651254177094 0.16039250791072845 -0.5899514555931091
0.13173729181289673 0.15979905426502228 -0.5823124647140503
0.12814131379127502 0.1583893895149231 -0.563568115234375
0.12150676548480988 0.15585650503635406 -0.5270437598228455
0.12068827450275421 0.1555517613887787 -0.5223363041877747
0.11347463726997374 0.15299326181411743 -0.47823143005371094
0.11231857538223267 0.15260902047157288 -0.47063785791397095
0.10798120498657227 0.1512722671031952 -0.4404118359088898
0.10459001362323761 0.15038928389549255 -0.4142603874206543
0.09950511157512665 0.14956000447273254 -0.3685912489891052
0.09955815970897675 0.14957784116268158 -0.3691248297691345
0.0995090901851654 0.14956210553646088 -0.3685920536518097
0.10459332168102264 0.15039120614528656 -0.41426026821136475
0.10798358917236328 0.15127356350421906 -0.440411627292633
0.1123209297657013 0.15261000394821167 -0.47063779830932617
0.11347614228725435 0.15299327671527863 -0.47823184728622437
0.12068898975849152 0.1555519551038742 -0.5223361253738403
0.12150661647319795 0.15585610270500183 -0.5270440578460693
0.12814019620418549 0.1583889126777649 -0.5635681748390198
0.13173557817935944 0.15979792177677155 -0.5823125243186951
0.13323453068733215 0.16039124131202698 -0.5899519920349121
0.13108088076114655 0.1595369279384613 -0.5789408683776855
0.13360290229320526 0.16053712368011475 -0.5918211340904236
0.1315186619758606 0.15970934927463531 -0.5812047123908997
0.13022638857364655 0.1591978520154953 -0.5745160579681396
0.12721528112888336 0.15802060067653656 -0.5586165189743042
0.12801562249660492 0.15832935273647308 -0.5628762245178223
0.13039140403270721 0.1592581868171692 -0.5753602385520935
0.1298518031835556 0.15904510021209717 -0.5725475549697876
0.13053570687770844 0.15931209921836853 -0.5760968923568726
0.12573468685150146 0.157439723610878 -0.5505861639976501
0.12497332692146301 0.15714530646800995 -0.5464078783988953
0.1255933791399002 0.15738146007061005 -0.5497902631759644
0.12453952431678772 0.1569778323173523 -0.5440121293067932
0.12223711609840392 0.15610460937023163 -0.5311233401298523
0.12277981638908385 0.1563078910112381 -0.5341874957084656
0.12942516803741455 0.15886515378952026 -0.57027667760849
0.1284472942352295 0.1584804505109787 -0.5651124715805054
0.12769921123981476 0.1581876426935196 -0.5611339211463928
0.12818261981010437 0.1583748161792755 -0.5636998414993286
0.1224980354309082 0.15619321167469025 -0.5325764417648315
0.12299899756908415 0.1563803106546402 -0.5353891849517822
0.12349209189414978 0.15656542778015137 -0.5381422638893127
0.1168154329061508 0.15410661697387695 -0.499148964881897
0.11724452674388885 0.15425848960876465 -0.5017635822296143
0.11767007410526274 0.15441030263900757 -0.5043405890464783
0.1180913895368576 0.15456144511699677 -0.5068781971931458
0.11850902438163757 0.15471197664737701 -0.509377658367157
0.11892303824424742 0.15486179292201996 -0.5118380784988403
0.11677081882953642 0.15408645570278168 -0.49883949756622314
0.11721460521221161 0.1542442888021469 -0.5015517473220825
0.11549703776836395 0.15363754332065582 -0.4909386932849884
0.12488307058811188 0.15708118677139282 -0.545837938785553
0.12525194883346558 0.15722224116325378 -0.547860860824585
0.12561608850955963 0.1573619246482849 -0.5498493909835815
0.12597550451755524 0.15749984979629517 -0.551803708076477
0.12633027136325836 0.1576363891363144 -0.5537246465682983
0.12668009102344513 0.15777115523815155 -0.5556125640869141
0.12177044153213501 0.15589620172977448 -0.5283800959587097
0.12611515820026398 0.15755563974380493 -0.5525708198547363
0.1392618715763092 0.16275560855865479 -0.6196398735046387
0.1261151134967804 0.15755651891231537 -0.552570104598999
0.12177169322967528 0.15589824318885803 -0.5283786654472351
0.1266794353723526 0.15777231752872467 -0.5556111335754395
0.12632957100868225 0.1576373428106308 -0.5537232160568237
0.12597531080245972 0.15750093758106232 -0.5518026947975159
0.1256161481142044 0.1573626697063446 -0.5498486161231995
0.1252535581588745 0.15722256898880005 -0.5478613972663879
0.12488512694835663 0.15708154439926147 -0.5458388924598694
0.11549803614616394 0.15363900363445282 -0.4909383654594422
0.11721539497375488 0.15424476563930511 -0.5015518069267273
0.11677153408527373 0.15408706665039062 -0.49883967638015747
0.1189238429069519 0.1548628807067871 -0.5118379592895508
0.11851014196872711 0.154712975025177 -0.509377658367157
0.11809244751930237 0.15456242859363556 -0.5068783164024353
0.11767129600048065 0.1544111669063568 -0.504340648651123
0.11724567413330078 0.15425947308540344 -0.5017638206481934
0.11681663990020752 0.15410755574703217 -0.49914878606796265
0.12349410355091095 0.15656688809394836 -0.5381417870521545
0.12300059199333191 0.15638206899166107 -0.5353886485099792
0.12249942123889923 0.1561947762966156 -0.5325754880905151
0.12818282842636108 0.1583755761384964 -0.5636990070343018
0.12769915163516998 0.1581883728504181 -0.561133086681366
0.12844672799110413 0.15848112106323242 -0.5651117563247681
0.1294248253107071 0.15886583924293518 -0.5702759027481079
0.12277908623218536 0.156309112906456 -0.534186065196991
0.122236430644989 0.15610569715499878 -0.5311219692230225
0.12453971803188325 0.15697915852069855 -0.544011116027832
0.12559394538402557 0.15738290548324585 -0.5497894883155823
0.1249743103981018 0.15714669227600098 -0.546407163143158
0.12573613226413727 0.15744084119796753 -0.5505854487419128
0.13053689897060394 0.15931293368339539 -0.576096773147583
0.12985290586948395 0.15904587507247925 -0.572547197341919
0.1303928792476654 0.15925906598567963 -0.5753600597381592
0.12801720201969147 0.15833093225955963 -0.562875509262085
0.12721674144268036 0.1580221801996231 -0.5586159229278564
0.13022780418395996 0.15919890999794006 -0.5745155811309814
0.13152001798152924 0.15971048176288605 -0.5812044739723206
0.13360503315925598 0.16053831577301025 -0.5918208360671997
0.13108274340629578 0.1595386266708374 -0.5789399743080139
0.13323651254177094 0.16039250791072845 -0.5899514555931091
0.13173729181289673 0.15979905426502228 -0.5823124647140503
0.12814131379127502 0.1583893895149231 -0.563568115234375
0.12150676548480988 0.15585650503635406 -0.5270437598228455
0.12068827450275421 0.1555517613887787 -0.5223363041877747
0.11347463726997374 0.15299326181411743 -0.47823143005371094
0.11231857538223267 0.15260902047157288 -0.47063785791397095
0.10798120498657227 0.1512722671031952 -0.4404118359088898
0.10459001362323761 0.15038928389549255 -0.4142603874206543
0.09950511157512665 0.14956000447273254 -0.3685912489891052
0.09955815970897675 0.14957784116268158 -0.3691248297691345

VECTORS ftot float
-5.822108225441972 -9.302920162420332 5.149242084135146
-7.664852583531068 -11.1456556879797 7.21387504733607
-8.620800030010617 -12.101588646492276 8.908732054121746
-9.233787482828209 -12.714625550876615 10.441834733728003
-9.681684180053637 -13.162543437628768 11.87699223731435
-10.021183261574821 -13.502066655461432 13.24642338127372
-10.267981557383521 -13.748876134200167 14.566663152402064
-10.461696239895838 -13.942592343706409 15.842312852012544
-10.599938108978305 -14.08091604710682 17.07989451651007
-10.698512909382188 -14.17947459581493 18.280550884850342
-10.763634553561111 -14.24457104040744 19.445913853044146
-10.81040238424285 -14.2913440557769 20.577109135462752
-10.77040907762817 -14.251341097779498 21.681138673723634
-10.680751124626163 -14.16167549480412 22.74677978185119
-10.569183908392887 -14.050099924975026 23.76686754040142
-10.43831659865005 -13.919222607373868 24.740013964188652
-10.271096352873863 -13.752022268648117 25.666145363392562
-10.142225526879708 -13.623141552464384 26.537345182416367
-9.968645839914483 -13.449552210520968 27.366925969164487
-9.727229609507052 -13.208133866511272 28.15186067475424
-9.498203667188449 -12.979095919731503 28.876228747238947
-9.28821141846859 -12.769097312677397 29.540306479367057
-9.084680619784653 -12.565561332333564 30.148349267146134
-8.92258887275584 -12.403486899882003 30.70113234569186
-8.669754280674338 -12.150655023387493 31.215585653772525
-8.461071226688658 -11.941967493390266 31.66851079362759
-8.258885886595802 -11.739777441592889 32.06791784286726
-8.090931880158774 -11.571817078606509 32.41422621249734
-7.922737369236572 -11.403616681088735 32.71788351212129
-7.719935955579211 -11.20080090905741 32.98401950507199
-7.5468289443175784 -11.027842992157462 33.20392839599175
-7.306853658452217 -10.787860997070567 33.39180873463889
-7.046144905084361 -10.527169571394213 33.53278075120767
-6.809147289811476 -10.29016983650411 33.61764339590502
-6.565854586804914 -10.046874306205211 33.65273409417421
-6.362425901391745 -9.84344302972995 33.63468598380149
-6.124696367162152 -9.60579841722332 33.58058528032855
-5.871789860897314 -9.352885670864286 33.485338672661136
-5.605196893132522 -9.086286344498758 33.347320266023516
-5.319721938682886 -8.800805621396396 33.165998439589565
-5.011687572733656 -8.492768189889777 32.93922862957094
-4.728041225478494 -8.209118186529578 32.65997656838434
-4.399144241769168 -7.880215549797122 32.34678267753875
-3.9545088166293505 -7.435575178829951 32.0023899496542
-3.4981627519982816 -6.979223225840817 31.589070570854073
-2.962298235462378 -6.443353291851882 31.11444415981065
-2.3290172142199577 -5.8100654430695995 30.575716681685794
-1.1860209470215106 -4.667063994706366 30.027418094035934
1.5198697614716163 -1.9611963604874803 29.480871219508956
15.902102425969572 12.420874233992754 28.978711663776775
15.910516945331132 -12.429289109658429 27.967595342657347
1.5318141352168106 1.949250565166177 28.45704370638156
-1.172645354302969 4.653686980535982 28.989886070806996
-2.3170545171359045 5.7981017961566375 29.52367801436043
-2.9933182241895917 6.47437244919335 30.0369748337339
-3.433672396623186 6.914732039198736 30.53372808099192
-3.8379759630179824 7.319041140531878 30.978479978956116
-4.30324826021455 7.784318618528803 31.33983448071187
-4.623202809298456 8.10427858542153 31.670888754517783
-4.982762532735217 8.463841493817666 31.94152178032576
-5.2997525322354715 8.780834911934063 32.166576724464164
-5.596953127666154 9.078041865726346 32.346682637897395
-5.874700093929603 9.355794483692401 32.483709303915035
-6.136842930100204 9.61794367792209 32.578658809302
-6.364683003155575 9.845698236151835 32.63655935302784
-6.622867875364818 10.103885935114777 32.64349334489859
-6.870809283996595 10.351830052653918 32.60309814251331
-7.115380871214497 10.596404349496485 32.514117856429564
-7.38531965484738 10.866325808669353 32.369510981123746
-7.641817688455523 11.122830553052069 32.176274252894636
-7.844287919722231 11.325152633520068 31.947336535523434
-8.033212537454556 11.514091137227297 31.681148501316596
-8.19091564185621 11.67179989229301 31.38171830303124
-8.349410842553379 11.830301567920955 31.04334031505733
-8.542433580973524 12.023328900198706 30.65573554955283
-8.741264333225322 12.222163892352246 30.218639144177875
-8.971678113284863 12.452575784012495 29.72626228782319
-9.151372522652686 12.632252523300503 29.191766316826314
-9.327933726786384 12.808818909570027 28.610810538491183
-9.542785432321264 13.023676383849827 27.97304602871511
-9.773944510601138 13.254847819234183 27.276947435989534
-10.005382185483672 13.4862876095066 26.524477455700424
-10.18758184230929 13.668496921190206 25.725964085086236
-10.337439972571833 13.818365177631678 24.88302639163056
-10.5192858930858 14.000190954749325 23.985379691441462
-10.666274634471485 14.147190410830227 23.04061118326054
-10.769900627543969 14.250824404674821 22.053348919872327
-10.886150309763195 14.367081738238817 21.017251868665447
-10.899241161213823 14.380182949698598 19.951405181869372
-10.863378864138088 14.344315349075226 18.85598697509892
-10.791292316026937 14.27225329132383 17.72945755370686
-10.702250579461671 14.18322757046226 16.566708748642043
-10.556324868978155 14.037219906572275 15.370466462738113
-10.364895753680273 13.845788908359319 14.13660966643363
-10.11448703170694 13.595369357532805 12.860280327053744
-9.785384632366998 13.266242466800351 11.533689102620375
-9.32922393224405 12.810060577215443 10.14583444804264
-8.710599107318805 12.191386536309402 8.66375598577746
-7.7541639458345415 11.234965273557144 7.023617051820438
-5.899118990374275 9.379928795183764 5.025884923264304
-5.822108225441972 -9.302920162420332 5.149242084135146
-7.664852583531068 -11.1456556879797 7.21387504733607
-8.620800030010617 -12.101588646492276 8.908732054121746
-9.233787482828209 -12.714625550876615 10.441834733728003
-9.681684180053637 -13.162543437628768 11.87699223731435
-10.021183261574821 -13.502066655461432 13.24642338127372
-10.267981557383521 -13.748876134200167 14.566663152402064
-10.461696239895838 -13.942592343706409 15.842312852012544
-10.599938108978305 -14.08091604710682 17.07989451651007
-10.698512909382188 -14.17947459581493 18.280550884850342
-10.763634553561111 -14.24457104040744 19.445913853044146
-10.81040238424285 -14.2913440557769 20.577109135462752
-10.77040907762817 -14.251341097779498 21.681138673723634
-10.680751124626163 -14.16167549480412 22.74677978185119
-10.569183908392887 -14.050099924975026 23.76686754040142
-10.43831659865005 -13.919222607373868 24.740013964188652
-10.271096352873863 -13.752022268648117 25.666145363392562
-10.142225526879708 -13.623141552464384 26.537345182416367
-9.968645839914483 -13.449552210520968 27.366925969164487
-9.727229609507052 -13.208133866511272 28.15186067475424
-9.498203667188449 -12.979095919731503 28.876228747238947
-9.28821141846859 -12.769097312677397 29.540306479367057
-9.084680619784653 -12.565561332333564 30.148349267146134
-8.92258887275584 -12.403486899882003 30.70113234569186
-8.669754280674338 -12.150655023387493 31.215585653772525
-8.461071226688658 -11.941967493390266 31.66851079362759
-8.258885886595802 -11.739777441592889 32.06791784286726
-8.090931880158774 -11.571817078606509 32.41422621249734
-7.922737369236572 -11.403616681088735 32.71788351212129
-7.719935955579211 -11.20080090905741 32.98401950507199
-7.5468289443175784 -11.027842992157462 33.20392839599175
-7.306853658452217 -10.787860997070567 33.39180873463889
-7.046144905084361 -10.527169571394213 33.53278075120767
-6.809147289811476 -10.29016983650411 33.61764339590502
-6.565854586804914 -10.046874306205211 33.65273409417421
-6.362425901391745 -9.84344302972995 33.63468598380149
-6.124696367162152 -9.60579841722332 33.58058528032855
-5.871789860897314 -9.352885670864286 33.485338672661136
-5.605196893132522 -9.086286344498758 33.347320266023516
-5.319721938682886 -8.800805621396396 33.165998439589565
-5.011687572733656 -8.492768189889777 32.93922862957094
-4.728041225478494 -8.209118186529578 32.65997656838434
-4.399144241769168 -7.880215549797122 32.34678267753875
-3.9545088166293505 -7.435575178829951 32.0023899496542
-3.4981627519982816 -6.979223225840817 31.589070570854073
-2.962298235462378 -6.443353291851882 31.11444415981065
-2.3290172142199577 -5.8100654430695995 30.575716681685794
-1.1860209470215106 -4.667063994706366 30.027418094035934
1.5198697614716163 -1.9611963604874803 29.480871219508956
15.902102425969572 12.420874233992754 28.978711663776775
15.910516945331132 -12.429289109658429 27.967595342657347
1.5318141352168106 1.949250565166177 28.45704370638156
-1.172645354302969 4.653686980535982 28.989886070806996
-2.3170545171359045 5.7981017961566375 29.52367801436043
-2.9933182241895917 6.47437244919335 30.0369748337339
-3.433672396623186 6.914732039198736 30.53372808099192
-3.8379759630179824 7.319041140531878 30.978479978956116
-4.30324826021455 7.784318618528803 31.33983448071187
-4.623202809298456 8.10427858542153 31.670888754517783
-4.982762532735217 8.463841493817666 31.94152178032576
-5.2997525322354715 8.780834911934063 32.166576724464164
-5.596953127666154 9.078041865726346 32.346682637897395
-5.874700093929603 9.355794483692401 32.483709303915035
-6.136842930100204 9.61794367792209 32.578658809302
-6.364683003155575 9.845698236151835 32.63655935302784
-6.622867875364818 10.103885935114777 32.64349334489859
-6.870809283996595 10.351830052653918 32.60309814251331
-7.115380871214497 10.596404349496485 32.514117856429564
-7.38531965484738 10.866325808669353 32.369510981123746
-7.641817688455523 11.122830553052069 32.176274252894636
-7.844287919722231 11.325152633520068 31.947336535523434
-8.033212537454556 11.514091137227297 31.681148501316596
-8.19091564185621 11.67179989229301 31.38171830303124
-8.349410842553379 11.830301567920955 31.04334031505733
-8.542433580973524 12.023328900198706 30.65573554955283
-8.741264333225322 12.222163892352246 30.218639144177875
-8.971678113284863 12.452575784012495 29.72626228782319
-9.151372522652686 12.632252523300503 29.191766316826314
-9.327933726786384 12.808818909570027 28.610810538491183
-9.542785432321264 13.023676383849827 27.97304602871511
-9.773944510601138 13.254847819234183 27.276947435989534
-10.005382185483672 13.4862876095066 26.524477455700424
-10.18758184230929 13.668496921190206 25.725964085086236
-10.337439972571833 13.818365177631678 24.88302639163056
-10.5192858930858 14.000190954749325 23.985379691441462
-10.666274634471485 14.147190410830227 23.04061118326054
-10.769900627543969 14.250824404674821 22.053348919872327
-10.886150309763195 14.367081738238817 21.017251868665447
-10.899241161213823 14.380182949698598 19.951405181869372
-10.863378864138088 14.344315349075226 18.85598697509892
-10.791292316026937 14.27225329132383 17.72945755370686
-10.702250579461671 14.18322757046226 16.566708748642043
-10.556324868978155 14.037219906572275 15.370466462738113
-10.364895753680273 13.845788908359319 14.13660966643363
-10.11448703170694 13.595369357532805 12.860280327053744
-9.785384632366998 13.266242466800351 11.533689102620375
-9.32922393224405 12.810060577215443 10.14583444804264
-8.710599107318805 12.191386536309402 8.66375598577746
-7.7541639458345415 11.234965273557144 7.023617051820438
-5.899118990374275 9.379928795183764 5.025884923264304

VECTORS D float
-0.012716389178898127 -0.0 -0.005929749658199551
-0.018923945767571244 -0.0 -0.008824380833928343
-0.02270222621017769 -0.0 -0.010586221938972988
-0.02516422438398605 -0.0 -0.011734270541783448
-0.02671703623360423 -0.0 -0.01245835859893423
-0.027413204464368655 -0.0 -0.012782987176303901
-0.02715588383159808 -0.0 -0.012662996594641693
-0.026120557631918527 -0.0 -0.012180216059042605
-0.02419123903394315 -0.0 -0.011280560021785822
-0.021441285170174105 -0.0 -0.009998235475537388
-0.017882215473476525 -0.0 -0.008338614020059918
-0.013642851689128677 -0.0 -0.0063617662217135594
-0.007864605921484611 -0.0 -0.0036673259695594236
-0.0009287703769944505 -0.0 -0.0004330927394600174
0.006816889689327084 0.0 0.0031787678669310685
0.015328287172908905 0.0 0.007147697695126456
0.02484928908775022 0.0 0.011587413801325367
0.0342081511805718 0.0 0.015951522866824587
0.044702707333044746 0.0 0.020845214769660378
0.056747210367368614 0.0 0.02646165877323672
0.06891528465175076 0.0 0.032135724997043015
0.08100608429726777 0.0 0.03777375746496534
0.0931957951943339 0.0 0.04345791300696271
0.1047454055717513 0.0 0.048843584774658895
0.11833323261039427 0.0 0.05517969258046367
0.1310797809625328 0.0 0.06112350569210884
0.14372441544350117 0.0 0.06701979558515514
0.15559270628079366 0.0 0.07255407049179544
0.1674622011568516 0.0 0.07808890685093275
0.18015709922926987 0.0 0.08400863504159853
0.19205814057690695 0.0 0.08955818176202099
0.20562780154077712 0.0 0.09588581858804059
0.21961562816357774 0.0 0.1024084492631969
0.23274009294214856 0.0 0.10852848769863005
0.24578670948966 0.0 0.11461222490774634
0.2574028741180553 0.0 0.12002893143235627
0.269780204893697 0.0 0.12580057556055554
0.28233151019602143 0.0 0.13165334534287085
0.29498187789470903 0.0 0.1375523086792455
0.30786862176286156 0.0 0.143561496033647
0.32107212895087095 0.0 0.14971839254992036
0.3330024915424038 0.0 0.15528161199091806
0.3460954569910242 0.0 0.16138696204756853
0.36278500389643925 0.0 0.1691694255807006
0.3791727189930769 0.0 0.17681114262992506
0.3976744833250239 0.0 0.18543865702729095
0.4189774964906039 0.0 0.19537241520817766
0.45889343674714633 0.0 0.2139855238322608
0.5570793566662695 0.0 0.2597703702135414
1.093412221306704 0.0 0.5098664923155842
1.0761988229158084 0.0 0.5018397528230366
0.5400946412533771 0.0 0.2518502673449264
0.44204894847102116 0.0 0.20613080995140154
0.40216697415549363 0.0 0.18753353990573007
0.37930195596531235 0.0 0.1768714068197952
0.3647369620502996 0.0 0.17007963861624378
0.35084732067525604 0.0 0.16360279247403448
0.33399191845229254 0.0 0.1557429893361838
0.32170171889950205 0.0 0.15001197516446446
0.30753460262797183 0.0 0.14340574035307763
0.2943329695271356 0.0 0.13724971773800518
0.2813861589684474 0.0 0.13121252082580687
0.2687121048884164 0.0 0.1253025123484178
0.2562164034628112 0.0 0.11947567107963976
0.24448835837449137 0.0 0.1140067938397691
0.23157732171189072 0.0 0.10798627856927848
0.2187039998059086 0.0 0.1019833499786245
0.2057019191564166 0.0 0.09592038019981748
0.19181383577443636 0.0 0.08944426056170492
0.17816292866195566 0.0 0.08307873803439261
0.16586437372527976 0.0 0.0773438276831807
0.15390073588051761 0.0 0.07176509173677513
0.14271279545259452 0.0 0.06654806943625269
0.131523946488418 0.0 0.06133062347831756
0.11957216030589415 0.0 0.05575741405277559
0.10755004380190095 0.0 0.050151409059731956
0.09496378017406032 0.0 0.04428233794251215
0.08358800656042555 0.0 0.03897772758903669
0.0724633586822062 0.0 0.03379021908914526
0.060824341182717144 0.0 0.028362856095733465
0.04915865486638922 0.0 0.022923057228795785
0.037826633046005934 0.0 0.01763884867157151
0.027715274466713714 0.0 0.012923844731696303
0.01853137423247433 0.0 0.00864132172073899
0.009286243410582679 0.0 0.0043302464178460965
0.0010320327534856788 0.0 0.0004812447764171618
-0.006123360687080985 -0.0 -0.0028553699820311174
-0.012930191680190162 -0.0 -0.00602944740188472
-0.01791610548144216 -0.0 -0.008354417190309226
-0.02183468654010713 -0.0 -0.010181681547065826
-0.024890570447245144 -0.0 -0.0116066636153969
-0.02732697693877875 -0.0 -0.012742778620777571
-0.02879398952643536 -0.0 -0.013426857825011632
-0.02948006959285773 -0.0 -0.013746782214091872
-0.029362549354188607 -0.0 -0.013691981626812256
-0.028417968893340306 -0.0 -0.013251516524175114
-0.02651024097291351 -0.0 -0.012361928385203991
-0.023739261161945014 -0.0 -0.011069799278756492
-0.01970726544180792 -0.0 -0.009189648796808387
-0.01321647317138881 -0.0 -0.006162942653618684
-0.012716389178898127 -0.0 -0.005929749658199551
-0.018923945767571244 -0.0 -0.008824380833928343
-0.02270222621017769 -0.0 -0.010586221938972988
-0.02516422438398605 -0.0 -0.011734270541783448
-0.02671703623360423 -0.0 -0.01245835859893423
-0.027413204464368655 -0.0 -0.012782987176303901
-0.02715588383159808 -0.0 -0.012662996594641693
-0.026120557631918527 -0.0 -0.012180216059042605
-0.02419123903394315 -0.0 -0.011280560021785822
-0.021441285170174105 -0.0 -0.009998235475537388
-0.017882215473476525 -0.0 -0.008338614020059918
-0.013642851689128677 -0.0 -0.0063617662217135594
-0.007864605921484611 -0.0 -0.0036673259695594236
-0.0009287703769944505 -0.0 -0.0004330927394600174
0.006816889689327084 0.0 0.0031787678669310685
0.015328287172908905 0.0 0.007147697695126456
0.02484928908775022 0.0 0.011587413801325367
0.0342081511805718 0.0 0.015951522866824587
0.044702707333044746 0.0 0.020845214769660378
0.056747210367368614 0.0 0.02646165877323672
0.06891528465175076 0.0 0.032135724997043015
0.08100608429726777 0.0 0.03777375746496534
0.0931957951943339 0.0 0.04345791300696271
0.1047454055717513 0.0 0.048843584774658895
0.11833323261039427 0.0 0.05517969258046367
0.1310797809625328 0.0 0.06112350569210884
0.14372441544350117 0.0 0.06701979558515514
0.15559270628079366 0.0 0.07255407049179544
0.1674622011568516 0.0 0.07808890685093275
0.18015709922926987 0.0 0.08400863504159853
0.19205814057690695 0.0 0.08955818176202099
0.20562780154077712 0.0 0.09588581858804059
0.21961562816357774 0.0 0.1024084492631969
0.23274009294214856 0.0 0.10852848769863005
0.24578670948966 0.0 0.11461222490774634
0.2574028741180553 0.0 0.12002893143235627
0.269780204893697 0.0 0.12580057556055554
0.28233151019602143 0.0 0.13165334534287085
0.29498187789470903 0.0 0.1375523086792455
0.30786862176286156 0.0 0.143561496033647
0.32107212895087095 0.0 0.14971839254992036
0.3330024915424038 0.0 0.15528161199091806
0.3460954569910242 0.0 0.16138696204756853
0.36278500389643925 0.0 0.1691694255807006
0.3791727189930769 0.0 0.17681114262992506
0.3976744833250239 0.0 0.18543865702729095
0.4189774964906039 0.0 0.19537241520817766
0.45889343674714633 0.0 0.2139855238322608
0.5570793566662695 0.0 0.2597703702135414
1.093412221306704 0.0 0.5098664923155842
1.0761988229158084 0.0 0.5018397528230366
0.5400946412533771 0.0 0.2518502673449264
0.44204894847102116 0.0 0.20613080995140154
0.40216697415549363 0.0 0.18753353990573007
0.37930195596531235 0.0 0.1768714068197952
0.3647369620502996 0.0 0.17007963861624378
0.35084732067525604 0.0 0.16360279247403448
0.33399191845229254 0.0 0.1557429893361838
0.32170171889950205 0.0 0.15001197516446446
0.30753460262797183 0.0 0.14340574035307763
0.2943329695271356 0.0 0.13724971773800518
0.2813861589684474 0.0 0.13121252082580687
0.2687121048884164 0.0 0.1253025123484178
0.2562164034628112 0.0 0.11947567107963976
0.24448835837449137 0.0 0.1140067938397691
0.23157732171189072 0.0 0.10798627856927848
0.2187039998059086 0.0 0.1019833499786245
0.2057019191564166 0.0 0.09592038019981748
0.19181383577443636 0.0 0.08944426056170492
0.17816292866195566 0.0 0.08307873803439261
0.16586437372527976 0.0 0.0773438276831807
0.15390073588051761 0.0 0.07176509173677513
0.14271279545259452 0.0 0.06654806943625269
0.131523946488418 0.0 0.06133062347831756
0.11957216030589415 0.0 0.05575741405277559
0.10755004380190095 0.0 0.050151409059731956
0.09496378017406032 0.0 0.04428233794251215
0.08358800656042555 0.0 0.03897772758903669
0.0724633586822062 0.0 0.03379021908914526
0.060824341182717144 0.0 0.028362856095733465
0.04915865486638922 0.0 0.022923057228795785
0.037826633046005934 0.0 0.01763884867157151
0.027715274466713714 0.0 0.012923844731696303
0.01853137423247433 0.0 0.00864132172073899
0.009286243410582679 0.0 0.0043302464178460965
0.0010320327534856788 0.0 0.0004812447764171618
-0.006123360687080985 -0.0 -0.0028553699820311174
-0.012930191680190162 -0.0 -0.00602944740188472
-0.01791610548144216 -0.0 -0.008354417190309226
-0.02183468654010713 -0.0 -0.010181681547065826
-0.024890570447245144 -0.0 -0.0116066636153969
-0.02732697693877875 -0.0 -0.012742778620777571
-0.02879398952643536 -0.0 -0.013426857825011632
-0.02948006959285773 -0.0 -0.013746782214091872
-0.029362549354188607 -0.0 -0.013691981626812256
-0.028417968893340306 -0.0 -0.013251516524175114
-0.02651024097291351 -0.0 -0.012361928385203991
-0.023739261161945014 -0.0 -0.011069799278756492
-0.01970726544180792 -0.0 -0.009189648796808387
-0.01321647317138881 -0.0 -0.006162942653618684

VECTORS funs-vector float
0.0 0.0 0.7724630183786864
0.0 0.0 1.1858934728891204
0.0 0.0 1.5274990077847737
0.0 0.0 1.835636256596383
0.0 0.0 2.1163609923760216
0.0 0.0 2.4028230943496673
0.0 0.0 2.678198586414973
0.0 0.0 2.9512836673456513
0.0 0.0 3.203443441321739
0.0 0.0 3.467218245133751
0.0 0.0 3.727820692960325
0.0 0.0 3.9911123485289126
0.0 0.0 4.233462958889318
0.0 0.0 4.464279347325168
0.0 0.0 4.695503909458418
0.0 0.0 4.934931098228149
0.0 0.0 5.118838076755689
0.0 0.0 5.287248870197474
0.0 0.0 5.379914554891823
0.0 0.0 5.424706603015476
0.0 0.0 5.513736394023502
0.0 0.0 5.615216370331348
0.0 0.0 5.7218122478440465
0.0 0.0 5.836689167183808
0.0 0.0 5.935051554826744
0.0 0.0 6.036659808139161
0.0 0.0 6.1394955707559955
0.0 0.0 6.249147958089507
0.0 0.0 6.319064875615965
0.0 0.0 6.442643854670021
0.0 0.0 6.674133661824418
0.0 0.0 6.728468803008042
0.0 0.0 6.801531223568154
0.0 0.0 6.8822496759282235
0.0 0.0 6.9685483344026915
0.0 0.0 7.086614347032416
0.0 0.0 7.1504959229565905
0.0 0.0 7.186658697320111
0.0 0.0 7.1921967685029164
0.0 0.0 7.197705110181563
0.0 0.0 7.198243157441258
0.0 0.0 7.2137018081196125
0.0 0.0 7.172325662775069
0.0 0.0 7.089260491095703
0.0 0.0 6.981768368560753
0.0 0.0 6.799091878908502
0.0 0.0 6.784901064547333
0.0 0.0 6.674747298253701
0.0 0.0 6.526300724293043
0.0 0.0 6.329096247231019
0.0 0.0 6.301139333125619
0.0 0.0 6.437916311583791
0.0 0.0 6.518879364045814
0.0 0.0 6.559491067304779
0.0 0.0 6.549938352902982
0.0 0.0 6.462779888684068
0.0 0.0 6.284806072455282
0.0 0.0 6.183407730163887
0.0 0.0 6.036669006608062
0.0 0.0 6.0193999194147505
0.0 0.0 5.980042072576467
0.0 0.0 5.941906920480329
0.0 0.0 5.912042361301836
0.0 0.0 5.857716724227089
0.0 0.0 5.764872029417066
0.0 0.0 5.70312413244409
0.0 0.0 5.650984815479884
0.0 0.0 5.605921658702507
0.0 0.0 5.571633468163014
0.0 0.0 5.537935643631832
0.0 0.0 5.482551623159654
0.0 0.0 5.446615893035624
0.0 0.0 5.438198681569185
0.0 0.0 5.373147264755967
0.0 0.0 5.300681656684009
0.0 0.0 5.215287099885962
0.0 0.0 5.1105383261681165
0.0 0.0 5.007719872578782
0.0 0.0 4.873331141660714
0.0 0.0 4.762044117601025
0.0 0.0 4.664543757970568
0.0 0.0 4.596965888995238
0.0 0.0 4.517441251952381
0.0 0.0 4.3478442347047555
0.0 0.0 4.176886758498616
0.0 0.0 4.005139225403762
0.0 0.0 3.810435129270439
0.0 0.0 3.6436336610088085
0.0 0.0 3.426897065427007
0.0 0.0 3.2028911536405085
0.0 0.0 2.97035668633652
0.0 0.0 2.7486480456733897
0.0 0.0 2.5242034559677595
0.0 0.0 2.286443901671375
0.0 0.0 2.043531915483691
0.0 0.0 1.8077350888894352
0.0 0.0 1.5634415914940023
0.0 0.0 1.2919019019895008
0.0 0.0 1.0033461422382715
0.0 0.0 0.6519426615244704
0.0 0.0 0.7724630183786864
0.0 0.0 1.1858934728891204
0.0 0.0 1.5274990077847737
0.0 0.0 1.835636256596383
0.0 0.0 2.1163609923760216
0.0 0.0 2.4028230943496673
0.0 0.0 2.678198586414973
0.0 0.0 2.9512836673456513
0.0 0.0 3.203443441321739
0.0 0.0 3.467218245133751
0.0 0.0 3.727820692960325
0.0 0.0 3.9911123485289126
0.0 0.0 4.233462958889318
0.0 0.0 4.464279347325168
0.0 0.0 4.695503909458418
0.0 0.0 4.934931098228149
0.0 0.0 5.118838076755689
0.0 0.0 5.287248870197474
0.0 0.0 5.379914554891823
0.0 0.0 5.424706603015476
0.0 0.0 5.513736394023502
0.0 0.0 5.615216370331348
0.0 0.0 5.7218122478440465
0.0 0.0 5.836689167183808
0.0 0.0 5.935051554826744
0.0 0.0 6.036659808139161
0.0 0.0 6.1394955707559955
0.0 0.0 6.249147958089507
0.0 0.0 6.319064875615965
0.0 0.0 6.442643854670021
0.0 0.0 6.674133661824418
0.0 0.0 6.728468803008042
0.0 0.0 6.801531223568154
0.0 0.0 6.8822496759282235
0.0 0.0 6.9685483344026915
0.0 0.0 7.086614347032416
0.0 0.0 7.1504959229565905
0.0 0.0 7.186658697320111
0.0 0.0 7.1921967685029164
0.0 0.0 7.197705110181563
0.0 0.0 7.198243157441258
0.0 0.0 7.2137018081196125
0.0 0.0 7.172325662775069
0.0 0.0 7.089260491095703
0.0 0.0 6.981768368560753
0.0 0.0 6.799091878908502
0.0 0.0 6.784901064547333
0.0 0.0 6.674747298253701
0.0 0.0 6.526300724293043
0.0 0.0 6.329096247231019
0.0 0.0 6.301139333125619
0.0 0.0 6.437916311583791
0.0 0.0 6.518879364045814
0.0 0.0 6.559491067304779
0.0 0.0 6.549938352902982
0.0 0.0 6.462779888684068
0.0 0.0 6.284806072455282
0.0 0.0 6.183407730163887
0.0 0.0 6.036669006608062
0.0 0.0 6.0193999194147505
0.0 0.0 5.980042072576467
0.0 0.0 5.941906920480329
0.0 0.0 5.912042361301836
0.0 0.0 5.857716724227089
0.0 0.0 5.764872029417066
0.0 0.0 5.70312413244409
0.0 0.0 5.650984815479884
0.0 0.0 5.605921658702507
0.0 0.0 5.571633468163014
0.0 0.0 5.537935643631832
0.0 0.0 5.482551623159654
0.0 0.0 5.446615893035624
0.0 0.0 5.438198681569185
0.0 0.0 5.373147264755967
0.0 0.0 5.300681656684009
0.0 0.0 5.215287099885962
0.0 0.0 5.1105383261681165
0.0 0.0 5.007719872578782
0.0 0.0 4.873331141660714
0.0 0.0 4.762044117601025
0.0 0.0 4.664543757970568
0.0 0.0 4.596965888995238
0.0 0.0 4.517441251952381
0.0 0.0 4.3478442347047555
0.0 0.0 4.176886758498616
0.0 0.0 4.005139225403762
0.0 0.0 3.810435129270439
0.0 0.0 3.6436336610088085
0.0 0.0 3.426897065427007
0.0 0.0 3.2028911536405085
0.0 0.0 2.97035668633652
0.0 0.0 2.7486480456733897
0.0 0.0 2.5242034559677595
0.0 0.0 2.286443901671375
0.0 0.0 2.043531915483691
0.0 0.0 1.8077350888894352
0.0 0.0 1.5634415914940023
0.0 0.0 1.2919019019895008
0.0 0.0 1.0033461422382715
0.0 0.0 0.6519426615244704

VECTORS S float
-0.0 -0.0420999423350254 0.0
-0.0 -0.059703493373955765 0.0
-0.0 -0.07488301400575288 0.0
-0.0 -0.08924487672378459 0.0
-0.0 -0.10332962903087103 0.0
-0.0 -0.11721797874254726 0.0
-0.0 -0.13078879880877664 0.0
-0.0 -0.14422072662227445 0.0
-0.0 -0.15735567365458777 0.0
-0.0 -0.17024313895984636 0.0
-0.0 -0.18286487893954806 0.0
-0.0 -0.19534437820091188 0.0
-0.0 -0.20664338830436346 0.0
-0.0 -0.21711451246345828 0.0
-0.0 -0.22708245917703132 0.0
-0.0 -0.23653691624618356 0.0
-0.0 -0.24512635255459914 0.0
-0.0 -0.2541527222064906 0.0
-0.0 -0.26209359481889316 0.0
-0.0 -0.26836771586731933 0.0
-0.0 -0.27450234031259707 0.0
-0.0 -0.2806747088786073 0.0
-0.0 -0.2866453986113553 0.0
-0.0 -0.29325801101352034 0.0
-0.0 -0.29737995523566113 0.0
-0.0 -0.3021986880499904 0.0
-0.0 -0.30684031958260755 0.0
-0.0 -0.3120689347282479 0.0
-0.0 -0.31701165779919105 0.0
-0.0 -0.3206837095888539 0.0
-0.0 -0.32489825919057874 0.0
-0.0 -0.3267949319154149 0.0
-0.0 -0.32764809448231647 0.0
-0.0 -0.32882495444075477 0.0
-0.0 -0.329401406404134 0.0
-0.0 -0.33091354401347794 0.0
-0.0 -0.3309088843471191 0.0
-0.0 -0.3299705005597932 0.0
-0.0 -0.32811743169498414 0.0
-0.0 -0.3251236392082459 0.0
-0.0 -0.32080321002137213 0.0
-0.0 -0.31691216992585397 0.0
-0.0 -0.3107649991454934 0.0
-0.0 -0.29941060951268983 0.0
-0.0 -0.286835715809181 0.0
-0.0 -0.2701680103863579 0.0
-0.0 -0.24844378801675368 0.0
-0.0 -0.2034472770869387 0.0
-0.0 -0.08712289178266625 0.0
0.0 0.5621010176074173 -0.0
-0.0 -0.5624818289807242 0.0
0.0 0.08659221966129992 -0.0
0.0 0.2028641444983124 -0.0
0.0 0.24793221137675256 -0.0
0.0 0.27146863502126833 -0.0
0.0 0.2841852237579484 -0.0
0.0 0.2947180972864474 -0.0
0.0 0.3069831978006775 -0.0
0.0 0.3128648478229954 -0.0
0.0 0.3197105419127236 -0.0
0.0 0.32438587155182014 -0.0
0.0 0.32781971301235585 -0.0
0.0 0.330073123692236 -0.0
0.0 0.3313272748330926 -0.0
0.0 0.33098935878146946 -0.0
0.0 0.33127061568971167 -0.0
0.0 0.3307953220914765 -0.0
0.0 0.3298029607987829 -0.0
0.0 0.32917185378817027 -0.0
0.0 0.3276967478162672 -0.0
0.0 0.3242439525231053 -0.0
0.0 0.32008276159585125 -0.0
0.0 0.31476527273171917 -0.0
0.0 0.30920633137377207 -0.0
0.0 0.30425758750764015 -0.0
0.0 0.2991300916859795 -0.0
0.0 0.29441862888164194 -0.0
0.0 0.288166757069841 -0.0
0.0 0.2815478205302024 -0.0
0.0 0.27544519810549595 -0.0
0.0 0.2693168671189695 -0.0
0.0 0.26280946346838757 -0.0
0.0 0.2549988699459055 -0.0
0.0 0.24630889829072952 -0.0
0.0 0.23791285538747142 -0.0
0.0 0.22865166839322348 -0.0
0.0 0.21848126614386015 -0.0
0.0 0.20832161900173668 -0.0
0.0 0.19655869215385474 -0.0
0.0 0.18414534788998177 -0.0
0.0 0.1713570685518957 -0.0
0.0 0.15849901536803304 -0.0
0.0 0.14519954430112697 -0.0
0.0 0.13171070000257476 -0.0
0.0 0.11802798467919845 -0.0
0.0 0.10414369526859597 -0.0
0.0 0.08991474207897697 -0.0
0.0 0.07543867135267314 -0.0
0.0 0.060181894501718215 -0.0
0.0 0.042448441402203906 -0.0
-0.0 -0.0420999423350254 0.0
-0.0 -0.059703493373955765 0.0
-0.0 -0.07488301400575288 0.0
-0.0 -0.08924487672378459 0.0
-0.0 -0.10332962903087103 0.0
-0.0 -0.11721797874254726 0.0
-0.0 -0.13078879880877664 0.0
-0.0 -0.14422072662227445 0.0
-0.0 -0.15735567365458777 0.0
-0.0 -0.17024313895984636 0.0
-0.0 -0.18286487893954806 0.0
-0.0 -0.19534437820091188 0.0
-0.0 -0.20664338830436346 0.0
-0.0 -0.21711451246345828 0.0
-0.0 -0.22708245917703132 0.0
-0.0 -0.23653691624618356 0.0
-0.0 -0.24512635255459914 0.0
-0.0 -0.2541527222064906 0.0
-0.0 -0.26209359481889316 0.0
-0.0 -0.26836771586731933 0.0
-0.0 -0.27450234031259707 0.0
-0.0 -0.2806747088786073 0.0
-0.0 -0.2866453986113553 0.0
-0.0 -0.29325801101352034 0.0
-0.0 -0.29737995523566113 0.0
-0.0 -0.3021986880499904 0.0
-0.0 -0.30684031958260755 0.0
-0.0 -0.3120689347282479 0.0
-0.0 -0.31701165779919105 0.0
-0.0 -0.3206837095888539 0.0
-0.0 -0.32489825919057874 0.0
-0.0 -0.3267949319154149 0.0
-0.0 -0.32764809448231647 0.0
-0.0 -0.32882495444075477 0.0
-0.0 -0.329401406404134 0.0
-0.0 -0.33091354401347794 0.0
-0.0 -0.3309088843471191 0.0
-0.0 -0.3299705005597932 0.0
-0.0 -0.32811743169498414 0.0
-0.0 -0.3251236392082459 0.0
-0.0 -0.32080321002137213 0.0
-0.0 -0.31691216992585397 0.0
-0.0 -0.3107649991454934 0.0
-0.0 -0.29941060951268983 0.0
-0.0 -0.286835715809181 0.0
-0.0 -0.2701680103863579 0.0
-0.0 -0.24844378801675368 0.0
-0.0 -0.2034472770869387 0.0
-0.0 -0.08712289178266625 0.0
0.0 0.5621010176074173 -0.0
-0.0 -0.5624818289807242 0.0
0.0 0.08659221966129992 -0.0
0.0 0.2028641444983124 -0.0
0.0 0.24793221137675256 -0.0
0.0 0.27146863502126833 -0.0
0.0 0.2841852237579484 -0.0
0.0 0.2947180972864474 -0.0
0.0 0.3069831978006775 -0.0
0.0 0.3128648478229954 -0.0
0.0 0.3197105419127236 -0.0
0.0 0.32438587155182014 -0.0
0.0 0.32781971301235585 -0.0
0.0 0.330073123692236 -0.0
0.0 0.3313272748330926 -0.0
0.0 0.33098935878146946 -0.0
0.0 0.33127061568971167 -0.0
0.0 0.3307953220914765 -0.0
0.0 0.3298029607987829 -0.0
0.0 0.32917185378817027 -0.0
0.0 0.3276967478162672 -0.0
0.0 0.3242439525231053 -0.0
0.0 0.32008276159585125 -0.0
0.0 0.31476527273171917 -0.0
0.0 0.30920633137377207 -0.0
0.0 0.30425758750764015 -0.0
0.0 0.2991300916859795 -0.0
0.0 0.29441862888164194 -0.0
0.0 0.288166757069841 -0.0
0.0 0.2815478205302024 -0.0
0.0 0.27544519810549595 -0.0
0.0 0.2693168671189695 -0.0
0.0 0.26280946346838757 -0.0
0.0 0.2549988699459055 -0.0
0.0 0.24630889829072952 -0.0
0.0 0.23791285538747142 -0.0
0.0 0.22865166839322348 -0.0
0.0 0.21848126614386015 -0.0
0.0 0.20832161900173668 -0.0
0.0 0.19655869215385474 -0.0
0.0 0.18414534788998177 -0.0
0.0 0.1713570685518957 -0.0
0.0 0.15849901536803304 -0.0
0.0 0.14519954430112697 -0.0
0.0 0.13171070000257476 -0.0
0.0 0.11802798467919845 -0.0
0.0 0.10414369526859597 -0.0
0.0 0.08991474207897697 -0.0
0.0 0.07543867135267314 -0.0
0.0 0.060181894501718215 -0.0
0.0 0.042448441402203906 -0.0

VECTORS Vvpm_ApA float
0.0995621532201767 0.14958034455776215 -0.3691251873970032
0.0995090901851654 0.14956210553646088 -0.3685920536518097
0.10459332168102264 0.15039120614528656 -0.41426026821136475
0.10798358917236328 0.15127356350421906 -0.440411627292633
0.1123209297657013 0.15261000394821167 -0.47063779830932617
0.11347614228725435 0.15299327671527863 -0.47823184728622437
0.12068898975849152 0.1555519551038742 -0.5223361253738403
0.12150657176971437 0.15585605800151825 -0.5270440578460693
0.1281401664018631 0.1583889275789261 -0.5635681748390198
0.13173557817935944 0.15979792177677155 -0.5823125243186951
0.13323453068733215 0.16039124131202698 -0.5899519920349121
0.13108088076114655 0.1595369279384613 -0.5789408683776855
0.13360290229320526 0.16053712368011475 -0.5918211340904236
0.1315186619758606 0.15970934927463531 -0.5812047123908997
0.13022638857364655 0.1591978520154953 -0.5745160579681396
0.12721528112888336 0.15802060067653656 -0.5586165189743042
0.12801562249660492 0.15832935273647308 -0.5628762245178223
0.13039140403270721 0.1592581868171692 -0.5753602385520935
0.1298518031835556 0.15904510021209717 -0.5725475549697876
0.13053570687770844 0.15931209921836853 -0.5760968923568726
0.12573468685150146 0.157439723610878 -0.5505861639976501
0.12497332692146301 0.15714530646800995 -0.5464078783988953
0.1255933940410614 0.15738143026828766 -0.5497903227806091
0.12453952431678772 0.15697787702083588 -0.544012188911438
0.12223711609840392 0.15610460937023163 -0.5311233401298523
0.12277981638908385 0.1563078910112381 -0.5341874957084656
0.12942516803741455 0.15886515378952026 -0.57027667760849
0.1284472942352295 0.1584804505109787 -0.5651124715805054
0.12769921123981476 0.1581876426935196 -0.5611339211463928
0.12818261981010437 0.1583748161792755 -0.5636998414993286
0.1224980354309082 0.15619321167469025 -0.5325764417648315
0.12299899756908415 0.1563803106546402 -0.5353891849517822
0.12349209189414978 0.15656542778015137 -0.5381422638893127
0.1168154329061508 0.15410661697387695 -0.499148964881897
0.11724452674388885 0.15425848960876465 -0.5017635822296143
0.11767007410526274 0.15441030263900757 -0.5043405890464783
0.1180913895368576 0.15456144511699677 -0.5068781971931458
0.11850902438163757 0.15471197664737701 -0.509377658367157
0.11892303824424742 0.15486179292201996 -0.5118380784988403
0.11677081882953642 0.15408645570278168 -0.49883949756622314
0.11721460521221161 0.1542442888021469 -0.5015517473220825
0.11549703776836395 0.15363754332065582 -0.4909386932849884
0.12488307058811188 0.15708118677139282 -0.545837938785553
0.12525194883346558 0.15722224116325378 -0.547860860824585
0.12561608850955963 0.1573619246482849 -0.5498493909835815
0.12597550451755524 0.15749984979629517 -0.551803708076477
0.12633027136325836 0.1576363891363144 -0.5537246465682983
0.12668009102344513 0.15777115523815155 -0.5556125640869141
0.12177044153213501 0.15589620172977448 -0.5283800959587097
0.12611515820026398 0.15755563974380493 -0.5525708198547363
0.1392618715763092 0.16275560855865479 -0.6196398735046387
0.1261151134967804 0.15755651891231537 -0.552570104598999
0.12177169322967528 0.15589824318885803 -0.5283786654472351
0.1266794353723526 0.15777231752872467 -0.5556111335754395
0.12632957100868225 0.1576373428106308 -0.5537232160568237
0.12597531080245972 0.15750093758106232 -0.5518026947975159
0.1256161481142044 0.1573626697063446 -0.5498486161231995
0.1252535581588745 0.15722256898880005 -0.5478613972663879
0.12488512694835663 0.15708154439926147 -0.5458388924598694
0.11549803614616394 0.15363900363445282 -0.4909383654594422
0.11721539497375488 0.15424476563930511 -0.5015518069267273
0.11677153408527373 0.15408706665039062 -0.49883967638015747
0.1189238429069519 0.1548628807067871 -0.5118379592895508
0.11851014196872711 0.154712975025177 -0.509377658367157
0.11809244751930237 0.15456242859363556 -0.5068783164024353
0.11767129600048065 0.1544111669063568 -0.504340648651123
0.11724567413330078 0.15425947308540344 -0.5017638206481934
0.11681663990020752 0.15410755574703217 -0.49914878606796265
0.12349410355091095 0.15656688809394836 -0.5381417870521545
0.12300059199333191 0.15638206899166107 -0.5353886485099792
0.12249942123889923 0.1561947762966156 -0.5325754880905151
0.12818282842636108 0.1583755761384964 -0.5636990070343018
0.12769915163516998 0.1581883728504181 -0.561133086681366
0.12844672799110413 0.15848112106323242 -0.5651117563247681
0.1294248253107071 0.15886583924293518 -0.5702759027481079
0.12277908623218536 0.156309112906456 -0.534186065196991
0.122236430644989 0.15610569715499878 -0.5311219692230225
0.12453971803188325 0.15697915852069855 -0.544011116027832
0.12559394538402557 0.15738290548324585 -0.5497894883155823
0.1249743103981018 0.15714669227600098 -0.546407163143158
0.12573613226413727 0.15744084119796753 -0.5505854487419128
0.13053689897060394 0.15931293368339539 -0.576096773147583
0.12985290586948395 0.15904587507247925 -0.572547197341919
0.1303928792476654 0.15925906598567963 -0.5753600597381592
0.12801720201969147 0.15833093225955963 -0.562875509262085
0.12721674144268036 0.1580221801996231 -0.5586159229278564
0.13022780418395996 0.15919890999794006 -0.5745155811309814
0.13152001798152924 0.15971048176288605 -0.5812044739723206
0.13360503315925598 0.16053831577301025 -0.5918208360671997
0.13108274340629578 0.1595386266708374 -0.5789399743080139
0.13323651254177094 0.16039250791072845 -0.5899514555931091
0.13173729181289673 0.15979905426502228 -0.5823124647140503
0.12814131379127502 0.1583893895149231 -0.563568115234375
0.12150676548480988 0.15585650503635406 -0.5270437598228455
0.12068827450275421 0.1555517613887787 -0.5223363041877747
0.11347463726997374 0.15299326181411743 -0.47823143005371094
0.11231857538223267 0.15260902047157288 -0.47063785791397095
0.10798120498657227 0.1512722671031952 -0.4404118359088898
0.10459001362323761 0.15038928389549255 -0.4142603874206543
0.09950511157512665 0.14955997467041016 -0.36859121918678284
0.0995621532201767 0.14958034455776215 -0.3691251873970032
0.0995090901851654 0.14956210553646088 -0.3685920536518097
0.10459332168102264 0.15039120614528656 -0.41426026821136475
0.10798358917236328 0.15127356350421906 -0.440411627292633
0.1123209297657013 0.15261000394821167 -0.47063779830932617
0.11347614228725435 0.15299327671527863 -0.47823184728622437
0.12068898975849152 0.1555519551038742 -0.5223361253738403
0.12150657176971437 0.15585605800151825 -0.5270440578460693
0.1281401664018631 0.1583889275789261 -0.5635681748390198
0.13173557817935944 0.15979792177677155 -0.5823125243186951
0.13323453068733215 0.16039124131202698 -0.5899519920349121
0.13108088076114655 0.1595369279384613 -0.5789408683776855
0.13360290229320526 0.16053712368011475 -0.5918211340904236
0.1315186619758606 0.15970934927463531 -0.5812047123908997
0.13022638857364655 0.1591978520154953 -0.5745160579681396
0.12721528112888336 0.15802060067653656 -0.5586165189743042
0.12801562249660492 0.15832935273647308 -0.5628762245178223
0.13039140403270721 0.1592581868171692 -0.5753602385520935
0.1298518031835556 0.15904510021209717 -0.5725475549697876
0.13053570687770844 0.15931209921836853 -0.5760968923568726
0.12573468685150146 0.157439723610878 -0.5505861639976501
0.12497332692146301 0.15714530646800995 -0.5464078783988953
0.1255933940410614 0.15738143026828766 -0.5497903227806091
0.12453952431678772 0.15697787702083588 -0.544012188911438
0.12223711609840392 0.15610460937023163 -0.5311233401298523
0.12277981638908385 0.1563078910112381 -0.5341874957084656
0.12942516803741455 0.15886515378952026 -0.57027667760849
0.1284472942352295 0.1584804505109787 -0.5651124715805054
0.12769921123981476 0.1581876426935196 -0.5611339211463928
0.12818261981010437 0.1583748161792755 -0.5636998414993286
0.1224980354309082 0.15619321167469025 -0.5325764417648315
0.12299899756908415 0.1563803106546402 -0.5353891849517822
0.12349209189414978 0.15656542778015137 -0.5381422638893127
0.1168154329061508 0.15410661697387695 -0.499148964881897
0.11724452674388885 0.15425848960876465 -0.5017635822296143
0.11767007410526274 0.15441030263900757 -0.5043405890464783
0.1180913895368576 0.15456144511699677 -0.5068781971931458
0.11850902438163757 0.15471197664737701 -0.509377658367157
0.11892303824424742 0.15486179292201996 -0.5118380784988403
0.11677081882953642 0.15408645570278168 -0.49883949756622314
0.11721460521221161 0.1542442888021469 -0.5015517473220825
0.11549703776836395 0.15363754332065582 -0.4909386932849884
0.12488307058811188 0.15708118677139282 -0.545837938785553
0.12525194883346558 0.15722224116325378 -0.547860860824585
0.12561608850955963 0.1573619246482849 -0.5498493909835815
0.12597550451755524 0.15749984979629517 -0.551803708076477
0.12633027136325836 0.1576363891363144 -0.5537246465682983
0.12668009102344513 0.15777115523815155 -0.5556125640869141
0.12177044153213501 0.15589620172977448 -0.5283800959587097
0.12611515820026398 0.15755563974380493 -0.5525708198547363
0.1392618715763092 0.16275560855865479 -0.6196398735046387
0.1261151134967804 0.15755651891231537 -0.552570104598999
0.12177169322967528 0.15589824318885803 -0.5283786654472351
0.1266794353723526 0.15777231752872467 -0.5556111335754395
0.12632957100868225 0.1576373428106308 -0.5537232160568237
0.12597531080245972 0.15750093758106232 -0.5518026947975159
0.1256161481142044 0.1573626697063446 -0.5498486161231995
0.1252535581588745 0.15722256898880005 -0.5478613972663879
0.12488512694835663 0.15708154439926147 -0.5458388924598694
0.11549803614616394 0.15363900363445282 -0.4909383654594422
0.11721539497375488 0.15424476563930511 -0.5015518069267273
0.11677153408527373 0.15408706665039062 -0.49883967638015747
0.1189238429069519 0.1548628807067871 -0.5118379592895508
0.11851014196872711 0.154712975025177 -0.509377658367157
0.11809244751930237 0.15456242859363556 -0.5068783164024353
0.11767129600048065 0.1544111669063568 -0.504340648651123
0.11724567413330078 0.15425947308540344 -0.5017638206481934
0.11681663990020752 0.15410755574703217 -0.49914878606796265
0.12349410355091095 0.15656688809394836 -0.5381417870521545
0.12300059199333191 0.15638206899166107 -0.5353886485099792
0.12249942123889923 0.1561947762966156 -0.5325754880905151
0.12818282842636108 0.1583755761384964 -0.5636990070343018
0.12769915163516998 0.1581883728504181 -0.561133086681366
0.12844672799110413 0.15848112106323242 -0.5651117563247681
0.1294248253107071 0.15886583924293518 -0.5702759027481079
0.12277908623218536 0.156309112906456 -0.534186065196991
0.122236430644989 0.15610569715499878 -0.5311219692230225
0.12453971803188325 0.15697915852069855 -0.544011116027832
0.12559394538402557 0.15738290548324585 -0.5497894883155823
0.1249743103981018 0.15714669227600098 -0.546407163143158
0.12573613226413727 0.15744084119796753 -0.5505854487419128
0.13053689897060394 0.15931293368339539 -0.576096773147583
0.12985290586948395 0.15904587507247925 -0.572547197341919
0.1303928792476654 0.15925906598567963 -0.5753600597381592
0.12801720201969147 0.15833093225955963 -0.562875509262085
0.12721674144268036 0.1580221801996231 -0.5586159229278564
0.13022780418395996 0.15919890999794006 -0.5745155811309814
0.13152001798152924 0.15971048176288605 -0.5812044739723206
0.13360503315925598 0.16053831577301025 -0.5918208360671997
0.13108274340629578 0.1595386266708374 -0.5789399743080139
0.13323651254177094 0.16039250791072845 -0.5899514555931091
0.13173729181289673 0.15979905426502228 -0.5823124647140503
0.12814131379127502 0.1583893895149231 -0.563568115234375
0.12150676548480988 0.15585650503635406 -0.5270437598228455
0.12068827450275421 0.1555517613887787 -0.5223363041877747
0.11347463726997374 0.15299326181411743 -0.47823143005371094
0.11231857538223267 0.15260902047157288 -0.47063785791397095
0.10798120498657227 0.1512722671031952 -0.4404118359088898
0.10459001362323761 0.15038928389549255 -0.4142603874206543
0.09950511157512665 0.14955997467041016 -0.36859121918678284

VECTORS Vkin float
-0.0 -0.0 -0.0
-0.0 -0.0 -0.0
-0.0 -0.0 -0.0
-0.0 -0.0 -0.0
-0.0 -0.0 -0.0
-0.0 -0.0 -0.0
-0.0 -0.0 -0.0
-0.0 -0.0 -0.0
-0.0 -0.0 -0.0
-0.0 -0.0 -0.0
-0.0 -0.0 -0.0
-0.0 -0.0 -0.0
-0.0 -0.0 -0.0
-0.0 -0.0 -0.0
-0.0 -0.0 -0.0
-0.0 -0.0 -0.0
-0.0 -0.0 -0.0
-0.0 -0.0 -0.0
-0.0 -0.0 -0.0
-0.0 -0.0 -0.0
-0.0 -0.0 -0.0
-0.0 -0.0 -0.0
-0.0 -0.0 -0.0
-0.0 -0.0 -0.0
-0.0 -0.0 -0.0
-0.0 -0.0 -0.0
-0.0 -0.0 -0.0
-0.0 -0.0 -0.0
-0.0 -0.0 -0.0
-0.0 -0.0 -0.0
-0.0 -0.0 -0.0
-0.0 -0.0 -0.0
-0.0 -0.0 -0.0
-0.0 -0.0 -0.0
-0.0 -0.0 -0.0
-0.0 -0.0 -0.0
-0.0 -0.0 -0.0
-0.0 -0.0 -0.0
-0.0 -0.0 -0.0
-0.0 -0.0 -0.0
-0.0 -0.0 -0.0
-0.0 -0.0 -0.0
-0.0 -0.0 -0.0
-0.0 -0.0 -0.0
-0.0 -0.0 -0.0
-0.0 -0.0 -0.0
-0.0 -0.0 -0.0
-0.0 -0.0 -0.0
-0.0 -0.0 -0.0
-0.0 -0.0 -0.0
-0.0 -0.0 -0.0
-0.0 -0.0 -0.0
-0.0 -0.0 -0.0
-0.0 -0.0 -0.0
-0.0 -0.0 -0.0
-0.0 -0.0 -0.0
-0.0 -0.0 -0.0
-0.0 -0.0 -0.0
-0.0 -0.0 -0.0
-0.0 -0.0 -0.0
-0.0 -0.0 -0.0
-0.0 -0.0 -0.0
-0.0 -0.0 -0.0
-0.0 -0.0 -0.0
-0.0 -0.0 -0.0
-0.0 -0.0 -0.0
-0.0 -0.0 -0.0
-0.0 -0.0 -0.0
-0.0 -0.0 -0.0
-0.0 -0.0 -0.0
-0.0 -0.0 -0.0
-0.0 -0.0 -0.0
-0.0 -0.0 -0.0
-0.0 -0.0 -0.0
-0.0 -0.0 -0.0
-0.0 -0.0 -0.0
-0.0 -0.0 -0.0
-0.0 -0.0 -0.0
-0.0 -0.0 -0.0
-0.0 -0.0 -0.0
-0.0 -0.0 -0.0
-0.0 -0.0 -0.0
-0.0 -0.0 -0.0
-0.0 -0.0 -0.0
-0.0 -0.0 -0.0
-0.0 -0.0 -0.0
-0.0 -0.0 -0.0
-0.0 -0.0 -0.0
-0.0 -0.0 -0.0
-0.0 -0.0 -0.0
-0.0 -0.0 -0.0
-0.0 -0.0 -0.0
-0.0 -0.0 -0.0
-0.0 -0.0 -0.0
-0.0 -0.0 -0.0
-0.0 -0.0 -0.0
-0.0 -0.0 -0.0
-0.0 -0.0 -0.0
-0.0 -0.0 -0.0
-0.0 -0.0 -0.0
-0.0 -0.0 -0.0
-0.0 -0.0 -0.0
-0.0 -0.0 -0.0
-0.0 -0.0 -0.0
-0.0 -0.0 -0.0
-0.0 -0.0 -0.0
-0.0 -0.0 -0.0
-0.0 -0.0 -0.0
-0.0 -0.0 -0.0
-0.0 -0.0 -0.0
-0.0 -0.0 -0.0
-0.0 -0.0 -0.0
-0.0 -0.0 -0.0
-0.0 -0.0 -0.0
-0.0 -0.0 -0.0
-0.0 -0.0 -0.0
-0.0 -0.0 -0.0
-0.0 -0.0 -0.0
-0.0 -0.0 -0.0
-0.0 -0.0 -0.0
-0.0 -0.0 -0.0
-0.0 -0.0 -0.0
-0.0 -0.0 -0.0
-0.0 -0.0 -0.0
-0.0 -0.0 -0.0
-0.0 -0.0 -0.0
-0.0 -0.0 -0.0
-0.0 -0.0 -0.0
-0.0 -0.0 -0.0
-0.0 -0.0 -0.0
-0.0 -0.0 -0.0
-0.0 -0.0 -0.0
-0.0 -0.0 -0.0
-0.0 -0.0 -0.0
-0.0 -0.0 -0.0
-0.0 -0.0 -0.0
-0.0 -0.0 -0.0
-0.0 -0.0 -0.0
-0.0 -0.0 -0.0
-0.0 -0.0 -0.0
-0.0 -0.0 -0.0
-0.0 -0.0 -0.0
-0.0 -0.0 -0.0
-0.0 -0.0 -0.0
-0.0 -0.0 -0.0
-0.0 -0.0 -0.0
-0.0 -0.0 -0.0
-0.0 -0.0 -0.0
-0.0 -0.0 -0.0
-0.0 -0.0 -0.0
-0.0 -0.0 -0.0
-0.0 -0.0 -0.0
-0.0 -0.0 -0.0
-0.0 -0.0 -0.0
-0.0 -0.0 -0.0
-0.0 -0.0 -0.0
-0.0 -0.0 -0.0
-0.0 -0.0 -0.0
-0.0 -0.0 -0.0
-0.0 -0.0 -0.0
-0.0 -0.0 -0.0
-0.0 -0.0 -0.0
-0.0 -0.0 -0.0
-0.0 -0.0 -0.0
-0.0 -0.0 -0.0
-0.0 -0.0 -0.0
-0.0 -0.0 -0.0
-0.0 -0.0 -0.0
-0.0 -0.0 -0.0
-0.0 -0.0 -0.0
-0.0 -0.0 -0.0
-0.0 -0.0 -0.0
-0.0 -0.0 -0.0
-0.0 -0.0 -0.0
-0.0 -0.0 -0.0
-0.0 -0.0 -0.0
-0.0 -0.0 -0.0
-0.0 -0.0 -0.0
-0.0 -0.0 -0.0
-0.0 -0.0 -0.0
-0.0 -0.0 -0.0
-0.0 -0.0 -0.0
-0.0 -0.0 -0.0
-0.0 -0.0 -0.0
-0.0 -0.0 -0.0
-0.0 -0.0 -0.0
-0.0 -0.0 -0.0
-0.0 -0.0 -0.0
-0.0 -0.0 -0.0
-0.0 -0.0 -0.0
-0.0 -0.0 -0.0
-0.0 -0.0 -0.0
-0.0 -0.0 -0.0
-0.0 -0.0 -0.0
-0.0 -0.0 -0.0
-0.0 -0.0 -0.0
-0.0 -0.0 -0.0
-0.0 -0.0 -0.0
-0.0 -0.0 -0.0
-0.0 -0.0 -0.0

VECTORS Funs-vector float
0.0 0.0 0.0034957462777173284
0.0 0.0 0.006352428702531256
0.0 0.0 0.009451959815778047
0.0 0.0 0.012884463704741889
0.0 0.0 0.016614022758888312
0.0 0.0 0.02086007080120991
0.0 0.0 0.025476873358198676
0.0 0.0 0.030527771628148476
0.0 0.0 0.03579880733875447
0.0 0.0 0.04162849007710328
0.0 0.0 0.047855950017223786
0.0 0.0 0.05455339658821047
0.0 0.0 0.06138489873224703
0.0 0.0 0.06844245473290278
0.0 0.0 0.0758903196794935
0.0 0.0 0.08386196677707354
0.0 0.0 0.09124200663442278
0.0 0.0 0.09863867949759329
0.0 0.0 0.10483926330328475
0.0 0.0 0.11022118150943304
0.0 0.0 0.11661317193328063
0.0 0.0 0.12342683131315868
0.0 0.0 0.13052589607296128
0.0 0.0 0.13799795733962256
0.0 0.0 0.14525680815548836
0.0 0.0 0.15276131636042994
0.0 0.0 0.1604668225082781
0.0 0.0 0.16852711488549033
0.0 0.0 0.17566507959546768
0.0 0.0 0.18445564273932635
0.0 0.0 0.1966308742221014
0.0 0.0 0.20382441940724824
0.0 0.0 0.21169116065344634
0.0 0.0 0.21992401214884397
0.0 0.0 0.2284740061423584
0.0 0.0 0.23823540823576964
0.0 0.0 0.2463264921478707
0.0 0.0 0.2535458521741957
0.0 0.0 0.2597194323899908
0.0 0.0 0.2659011208792854
0.0 0.0 0.27190422013055127
0.0 0.0 0.278484222210437
0.0 0.0 0.2828485800138904
0.0 0.0 0.2854654486819678
0.0 0.0 0.286940317397393
0.0 0.0 0.2850840303420351
0.0 0.0 0.290128663491347
0.0 0.0 0.29096647584292523
0.0 0.0 0.2899200728693933
0.0 0.0 0.2864203738065091
0.0 0.0 0.28515519636635756
0.0 0.0 0.28599374209554423
0.0 0.0 0.2841718600339866
0.0 0.0 0.28048992290907226
0.0 0.0 0.27463709233434097
0.0 0.0 0.26561066117276105
0.0 0.0 0.25307223336002826
0.0 0.0 0.24384950967871477
0.0 0.0 0.23304499101347076
0.0 0.0 0.22737495871481078
0.0 0.0 0.22091762105592322
0.0 0.0 0.21456986542131798
0.0 0.0 0.20857729324827678
0.0 0.0 0.2017917118227185
0.0 0.0 0.1938015213047768
0.0 0.0 0.1869852307163981
0.0 0.0 0.1805786351459151
0.0 0.0 0.1744789553197792
0.0 0.0 0.1687805933336007
0.0 0.0 0.16315662558897587
0.0 0.0 0.15696779246433126
0.0 0.0 0.15141167771011022
0.0 0.0 0.14665742275993673
0.0 0.0 0.14043692327939405
0.0 0.0 0.13413694546624472
0.0 0.0 0.12764100711607712
0.0 0.0 0.12082943424197101
0.0 0.0 0.11423603140718319
0.0 0.0 0.10711961589459272
0.0 0.0 0.10071520104617268
0.0 0.0 0.09477591358031594
0.0 0.0 0.08958181627519937
0.0 0.0 0.084277182848761
0.0 0.0 0.0774992345059281
0.0 0.0 0.07098010723971002
0.0 0.0 0.06473241254564908
0.0 0.0 0.0584182828980023
0.0 0.0 0.05283241768509822
0.0 0.0 0.04684129594751319
0.0 0.0 0.04111715975199196
0.0 0.0 0.03566301717988477
0.0 0.0 0.030716422384690086
0.0 0.0 0.026110098293626198
0.0 0.0 0.02175023242077148
0.0 0.0 0.017740890097886413
0.0 0.0 0.014191223528048217
0.0 0.0 0.010973909655412884
0.0 0.0 0.007994116396344068
0.0 0.0 0.005374584630271085
0.0 0.0 0.0029503368809716186
0.0 0.0 0.0034957462777173284
0.0 0.0 0.006352428702531256
0.0 0.0 0.009451959815778047
0.0 0.0 0.012884463704741889
0.0 0.0 0.016614022758888312
0.0 0.0 0.02086007080120991
0.0 0.0 0.025476873358198676
0.0 0.0 0.030527771628148476
0.0 0.0 0.03579880733875447
0.0 0.0 0.04162849007710328
0.0 0.0 0.047855950017223786
0.0 0.0 0.05455339658821047
0.0 0.0 0.06138489873224703
0.0 0.0 0.06844245473290278
0.0 0.0 0.0758903196794935
0.0 0.0 0.08386196677707354
0.0 0.0 0.09124200663442278
0.0 0.0 0.09863867949759329
0.0 0.0 0.10483926330328475
0.0 0.0 0.11022118150943304
0.0 0.0 0.11661317193328063
0.0 0.0 0.12342683131315868
0.0 0.0 0.13052589607296128
0.0 0.0 0.13799795733962256
0.0 0.0 0.14525680815548836
0.0 0.0 0.15276131636042994
0.0 0.0 0.1604668225082781
0.0 0.0 0.16852711488549033
0.0 0.0 0.17566507959546768
0.0 0.0 0.18445564273932635
0.0 0.0 0.1966308742221014
0.0 0.0 0.20382441940724824
0.0 0.0 0.21169116065344634
0.0 0.0 0.21992401214884397
0.0 0.0 0.2284740061423584
0.0 0.0 0.23823540823576964
0.0 0.0 0.2463264921478707
0.0 0.0 0.2535458521741957
0.0 0.0 0.2597194323899908
0.0 0.0 0.2659011208792854
0.0 0.0 0.27190422013055127
0.0 0.0 0.278484222210437
0.0 0.0 0.2828485800138904
0.0 0.0 0.2854654486819678
0.0 0.0 0.286940317397393
0.0 0.0 0.2850840303420351
0.0 0.0 0.290128663491347
0.0 0.0 0.29096647584292523
0.0 0.0 0.2899200728693933
0.0 0.0 0.2864203738065091
0.0 0.0 0.28515519636635756
0.0 0.0 0.28599374209554423
0.0 0.0 0.2841718600339866
0.0 0.0 0.28048992290907226
0.0 0.0 0.27463709233434097
0.0 0.0 0.26561066117276105
0.0 0.0 0.25307223336002826
0.0 0.0 0.24384950967871477
0.0 0.0 0.23304499101347076
0.0 0.0 0.22737495871481078
0.0 0.0 0.22091762105592322
0.0 0.0 0.21456986542131798
0.0 0.0 0.20857729324827678
0.0 0.0 0.2017917118227185
0.0 0.0 0.1938015213047768
0.0 0.0 0.1869852307163981
0.0 0.0 0.1805786351459151
0.0 0.0 0.1744789553197792
0.0 0.0 0.1687805933336007
0.0 0.0 0.16315662558897587
0.0 0.0 0.15696779246433126
0.0 0.0 0.15141167771011022
0.0 0.0 0.14665742275993673
0.0 0.0 0.14043692327939405
0.0 0.0 0.13413694546624472
0.0 0.0 0.12764100711607712
0.0 0.0 0.12082943424197101
0.0 0.0 0.11423603140718319
0.0 0.0 0.10711961589459272
0.0 0.0 0.10071520104617268
0.0 0.0 0.09477591358031594
0.0 0.0 0.08958181627519937
0.0 0.0 0.084277182848761
0.0 0.0 0.0774992345059281
0.0 0.0 0.07098010723971002
0.0 0.0 0.06473241254564908
0.0 0.0 0.0584182828980023
0.0 0.0 0.05283241768509822
0.0 0.0 0.04684129594751319
0.0 0.0 0.04111715975199196
0.0 0.0 0.03566301717988477
0.0 0.0 0.030716422384690086
0.0 0.0 0.026110098293626198
0.0 0.0 0.02175023242077148
0.0 0.0 0.017740890097886413
0.0 0.0 0.014191223528048217
0.0 0.0 0.010973909655412884
0.0 0.0 0.007994116396344068
0.0 0.0 0.005374584630271085
0.0 0.0 0.0029503368809716186

VECTORS Ftot float
-0.0263476861329544 -0.0420999423350254 0.02330266099529499
-0.04105801293742857 -0.059703493373955765 0.038642279390854115
-0.05334435901316124 -0.07488301400575288 0.05512604391619817
-0.06481262246388474 -0.08924487672378459 0.07329199352767718
-0.076003915159669 -0.10332962903087103 0.0932376943483284
-0.08699874445185841 -0.11721797874254726 0.11499861568916692
-0.09767612719561293 -0.13078879880877664 0.13856815333550643
-0.10821469897600164 -0.14422072662227445 0.16387123818663352
-0.11845538999417096 -0.15735567365458777 0.1908695640683805
-0.12844964089383343 -0.17024313895984636 0.21948192392619867
-0.13817830835362166 -0.18286487893954806 0.24963718967167195
-0.14776436167303347 -0.19534437820091188 0.28126274012796215
-0.15617013233736543 -0.20664338830436346 0.3143749017791101
-0.16374800241804421 -0.21711451246345828 0.34873387716462284
-0.17082271914279146 -0.22708245917703132 0.3841281383640202
-0.17738398822201668 -0.23653691624618356 0.4204205059466883
-0.183079719951931 -0.24512635255459914 0.45749261266161634
-0.18921290782758862 -0.2541527222064906 0.495079530097399
-0.19426061052172294 -0.26209359481889316 0.5333037036571351
-0.1976414244739845 -0.26836771586731933 0.5719998466894974
-0.20088295452422064 -0.27450234031259707 0.6107199160512068
-0.20416212454527885 -0.2806747088786073 0.6493189548371217
-0.20723959946096732 -0.2866453986113553 0.6877436960112766
-0.2109584737772923 -0.29325801101352034 0.7258727388703976
-0.212187008431117 -0.29737995523566113 0.763982636862472
-0.21411250915044464 -0.3021986880499904 0.8013907607459322
-0.2158609221892967 -0.30684031958260755 0.8381530406524564
-0.21819637103216497 -0.3120689347282479 0.8741473336003176
-0.22024592530319054 -0.31701165779919105 0.9095316671822882
-0.2210250606295127 -0.3206837095888539 0.9443465532437298
-0.22234190205297438 -0.32489825919057874 0.9782419410412576
-0.22134533847610843 -0.3267949319154149 1.0115326722259483
-0.2193045277688461 -0.32764809448231647 1.0436757612114143
-0.21758800709098022 -0.32882495444075477 1.0742602147195957
-0.2152711051438924 -0.329401406404134 1.1033538991444125
-0.21388988560138492 -0.33091354401347794 1.1307195162367443
-0.21098885837418285 -0.3309088843471191 1.1568131589054218
-0.20715718204680703 -0.3299705005597932 1.1813652333687898
-0.20241083529497822 -0.32811743169498414 1.204214424325556
-0.196523753697687 -0.3251236392082459 1.225234435861049
-0.18930994288424607 -0.32080321002137213 1.2442362777043354
-0.18252554905641133 -0.31691216992585397 1.26083506277181
-0.17348510937235642 -0.3107649991454934 1.2756310823761141
-0.15923743175663987 -0.29941060951268983 1.2886501514999846
-0.14376929702883345 -0.286835715809181 1.2982639150141324
-0.12420834062567294 -0.2701680103863579 1.304619984684632
-0.09959093657838886 -0.24844378801675368 1.3074460086824304
-0.05170118355207595 -0.2034472770869387 1.3089592206388934
0.06751769043642566 -0.08712289178266625 1.3096387514596324
0.7196424170588773 0.5621010176074173 1.311418424202552
0.7200232123078035 -0.5624818289807242 1.2656608146886208
0.06804829940663386 0.08659221966129992 1.2641569142364881
-0.05111811292756821 0.2028641444983124 1.2637309860880388
-0.09907940055395306 0.24793221137675256 1.262459859350466
-0.1255090001203556 0.27146863502126833 1.259441995694557
-0.14111883914144047 0.2841852237579484 1.2548909050518378
-0.15454496723454422 0.2947180972864474 1.2474200514687606
-0.16970334548054916 0.3069831978006775 1.2359209686680515
-0.1784782726975781 0.3128648478229954 1.2226514286448158
-0.18821733733161397 0.3197105419127236 1.2065492064524486
-0.1957860341778714 0.32438587155182014 1.1883133130566428
-0.2021131423707443 0.32781971301235585 1.16808011860924
-0.2072598552841586 0.330073123692236 1.1460276749070049
-0.21140729372082545 0.3313272748330926 1.1222979258842147
-0.21396576408634238 0.33098935878146946 1.0971648321931637
-0.2171403688435239 0.33127061568971167 1.0702644713204317
-0.21955843155926524 0.3307953220914765 1.0418401670405852
-0.22145943106154423 0.3298029607987829 1.0119708519164419
-0.22372229623970907 0.32917185378817027 0.9805643713878134
-0.22514042553894303 0.3276967478162672 0.9479655721829376
-0.2245853104259159 0.3242439525231053 0.9146658774561912
-0.22331704889510381 0.32008276159585125 0.8807112417273805
-0.22089273460160952 0.31476527273171917 0.8463026449730395
-0.2182269556643288 0.30920633137377207 0.8113738535993444
-0.21617143258455662 0.30425758750764015 0.775761872523091
-0.2139371738489951 0.2991300916859795 0.7395829721674413
-0.2121191000718117 0.29441862888164194 0.7028236997997926
-0.20876097415933056 0.288166757069841 0.6659221399464692
-0.20503525183455293 0.2815478205302024 0.6288879097741218
-0.20182583983302088 0.27544519810549595 0.5916179869570719
-0.198590594994989 0.2693168671189695 0.5542230381075731
-0.19497649761744396 0.26280946346838757 0.5168867734956308
-0.19005907322866672 0.2549988699459055 0.47994244047389445
-0.1842622783563685 0.24630889829072952 0.4435337131329236
-0.1787599434572141 0.23791285538747142 0.4075965955312699
-0.1723919322415553 0.22865166839322348 0.37239013789049
-0.1651147651905302 0.21848126614386015 0.3381027972771503
-0.1578483716139925 0.20832161900173668 0.30474859237380386
-0.14897867402740883 0.19655869215385474 0.2727101680762747
-0.13945877732856388 0.18414534788998177 0.24206399516742425
-0.12956357902399956 0.1713570685518957 0.21286532766800934
-0.11959874229186823 0.15849901536803304 0.18513466074655688
-0.1091935276836856 0.14519954430112697 0.1589905081589838
-0.09859804191776539 0.13171070000257476 0.13447718776826076
-0.08780875966086289 0.11802798467919845 0.11164632085340782
-0.07681799256945293 0.10414369526859597 0.09054266920207488
-0.06548249780775686 0.08991474207897697 0.07121434610499351
-0.05390002370811833 0.07543867135267314 0.053610164729357694
-0.04153642358250835 0.060181894501718215 0.03762313190482125
-0.026696194849166216 0.042448441402203906 0.02274441377091768
-0.0263476861329544 -0.0420999423350254 0.02330266099529499
-0.04105801293742857 -0.059703493373955765 0.038642279390854115
-0.05334435901316124 -0.07488301400575288 0.05512604391619817
-0.06481262246388474 -0.08924487672378459 0.07329199352767718
-0.076003915159669 -0.10332962903087103 0.0932376943483284
-0.08699874445185841 -0.11721797874254726 0.11499861568916692
-0.09767612719561293 -0.13078879880877664 0.13856815333550643
-0.10821469897600164 -0.14422072662227445 0.16387123818663352
-0.11845538999417096 -0.15735567365458777 0.1908695640683805
-0.12844964089383343 -0.17024313895984636 0.21948192392619867
-0.13817830835362166 -0.18286487893954806 0.24963718967167195
-0.14776436167303347 -0.19534437820091188 0.28126274012796215
-0.15617013233736543 -0.20664338830436346 0.3143749017791101
-0.16374800241804421 -0.21711451246345828 0.34873387716462284
-0.17082271914279146 -0.22708245917703132 0.3841281383640202
-0.17738398822201668 -0.23653691624618356 0.4204205059466883
-0.183079719951931 -0.24512635255459914 0.45749261266161634
-0.18921290782758862 -0.2541527222064906 0.495079530097399
-0.19426061052172294 -0.26209359481889316 0.5333037036571351
-0.1976414244739845 -0.26836771586731933 0.5719998466894974
-0.20088295452422064 -0.27450234031259707 0.6107199160512068
-0.20416212454527885 -0.2806747088786073 0.6493189548371217
-0.20723959946096732 -0.2866453986113553 0.6877436960112766
-0.2109584737772923 -0.29325801101352034 0.7258727388703976
-0.212187008431117 -0.29737995523566113 0.763982636862472
-0.21411250915044464 -0.3021986880499904 0.8013907607459322
-0.2158609221892967 -0.30684031958260755 0.8381530406524564
-0.21819637103216497 -0.3120689347282479 0.8741473336003176
-0.22024592530319054 -0.31701165779919105 0.9095316671822882
-0.2210250606295127 -0.3206837095888539 0.9443465532437298
-0.22234190205297438 -0.32489825919057874 0.9782419410412576
-0.22134533847610843 -0.3267949319154149 1.0115326722259483
-0.2193045277688461 -0.32764809448231647 1.0436757612114143
-0.21758800709098022 -0.32882495444075477 1.0742602147195957
-0.2152711051438924 -0.329401406404134 1.1033538991444125
-0.21388988560138492 -0.33091354401347794 1.1307195162367443
-0.21098885837418285 -0.3309088843471191 1.1568131589054218
-0.20715718204680703 -0.3299705005597932 1.1813652333687898
-0.20241083529497822 -0.32811743169498414 1.204214424325556
-0.196523753697687 -0.3251236392082459 1.225234435861049
-0.18930994288424607 -0.32080321002137213 1.2442362777043354
-0.18252554905641133 -0.31691216992585397 1.26083506277181
-0.17348510937235642 -0.3107649991454934 1.2756310823761141
-0.15923743175663987 -0.29941060951268983 1.2886501514999846
-0.14376929702883345 -0.286835715809181 1.2982639150141324
-0.12420834062567294 -0.2701680103863579 1.304619984684632
-0.09959093657838886 -0.24844378801675368 1.3074460086824304
-0.05170118355207595 -0.2034472770869387 1.3089592206388934
0.06751769043642566 -0.08712289178266625 1.3096387514596324
0.7196424170588773 0.5621010176074173 1.311418424202552
0.7200232123078035 -0.5624818289807242 1.2656608146886208
0.06804829940663386 0.08659221966129992 1.2641569142364881
-0.05111811292756821 0.2028641444983124 1.2637309860880388
-0.09907940055395306 0.24793221137675256 1.262459859350466
-0.1255090001203556 0.27146863502126833 1.259441995694557
-0.14111883914144047 0.2841852237579484 1.2548909050518378
-0.15454496723454422 0.2947180972864474 1.2474200514687606
-0.16970334548054916 0.3069831978006775 1.2359209686680515
-0.1784782726975781 0.3128648478229954 1.2226514286448158
-0.18821733733161397 0.3197105419127236 1.2065492064524486
-0.1957860341778714 0.32438587155182014 1.1883133130566428
-0.2021131423707443 0.32781971301235585 1.16808011860924
-0.2072598552841586 0.330073123692236 1.1460276749070049
-0.21140729372082545 0.3313272748330926 1.1222979258842147
-0.21396576408634238 0.33098935878146946 1.0971648321931637
-0.2171403688435239 0.33127061568971167 1.0702644713204317
-0.21955843155926524 0.3307953220914765 1.0418401670405852
-0.22145943106154423 0.3298029607987829 1.0119708519164419
-0.22372229623970907 0.32917185378817027 0.9805643713878134
-0.22514042553894303 0.3276967478162672 0.9479655721829376
-0.2245853104259159 0.3242439525231053 0.9146658774561912
-0.22331704889510381 0.32008276159585125 0.8807112417273805
-0.22089273460160952 0.31476527273171917 0.8463026449730395
-0.2182269556643288 0.30920633137377207 0.8113738535993444
-0.21617143258455662 0.30425758750764015 0.775761872523091
-0.2139371738489951 0.2991300916859795 0.7395829721674413
-0.2121191000718117 0.29441862888164194 0.7028236997997926
-0.20876097415933056 0.288166757069841 0.6659221399464692
-0.20503525183455293 0.2815478205302024 0.6288879097741218
-0.20182583983302088 0.27544519810549595 0.5916179869570719
-0.198590594994989 0.2693168671189695 0.5542230381075731
-0.19497649761744396 0.26280946346838757 0.5168867734956308
-0.19005907322866672 0.2549988699459055 0.47994244047389445
-0.1842622783563685 0.24630889829072952 0.4435337131329236
-0.1787599434572141 0.23791285538747142 0.4075965955312699
-0.1723919322415553 0.22865166839322348 0.37239013789049
-0.1651147651905302 0.21848126614386015 0.3381027972771503
-0.1578483716139925 0.20832161900173668 0.30474859237380386
-0.14897867402740883 0.19655869215385474 0.2727101680762747
-0.13945877732856388 0.18414534788998177 0.24206399516742425
-0.12956357902399956 0.1713570685518957 0.21286532766800934
-0.11959874229186823 0.15849901536803304 0.18513466074655688
-0.1091935276836856 0.14519954430112697 0.1589905081589838
-0.09859804191776539 0.13171070000257476 0.13447718776826076
-0.08780875966086289 0.11802798467919845 0.11164632085340782
-0.07681799256945293 0.10414369526859597 0.09054266920207488
-0.06548249780775686 0.08991474207897697 0.07121434610499351
-0.05390002370811833 0.07543867135267314 0.053610164729357694
-0.04153642358250835 0.060181894501718215 0.03762313190482125
-0.026696194849166216 0.042448441402203906 0.02274441377091768

VECTORS Vvpm_AB float
0.16222524642944336 0.17227885127067566 -0.7237226963043213
0.16222673654556274 0.17227891087532043 -0.7237271666526794
0.162228524684906 0.1722792685031891 -0.7237344980239868
0.16221752762794495 0.17228065431118011 -0.7237094640731812
0.1622118204832077 0.17228193581104279 -0.7236987352371216
0.1622062772512436 0.1722823977470398 -0.7236865162849426
0.16220316290855408 0.172283336520195 -0.723680853843689
0.1622019112110138 0.1722838282585144 -0.7236800789833069
0.16218475997447968 0.17228512465953827 -0.723638653755188
0.16218751668930054 0.17228484153747559 -0.723646879196167
0.16219237446784973 0.17228403687477112 -0.7236596345901489
0.162192240357399 0.17228233814239502 -0.7236570119857788
0.16219523549079895 0.1722812056541443 -0.7236618995666504
0.16219773888587952 0.17228014767169952 -0.7236657738685608
0.16220110654830933 0.17227868735790253 -0.7236700057983398
0.1622033715248108 0.1722780019044876 -0.7236750721931458
0.1622011363506317 0.17227554321289062 -0.7236649990081787
0.1622033566236496 0.172275111079216 -0.7236700057983398
0.16220545768737793 0.17227473855018616 -0.7236748933792114
0.16220736503601074 0.1722732037305832 -0.7236759662628174
0.1622113287448883 0.172272190451622 -0.7236820459365845
0.16221266984939575 0.1722719818353653 -0.7236852645874023
0.16221356391906738 0.17227183282375336 -0.7236878871917725
0.1622113585472107 0.17226892709732056 -0.7236791253089905
0.16221264004707336 0.17226725816726685 -0.7236777544021606
0.16221317648887634 0.17226707935333252 -0.7236800193786621
0.16221371293067932 0.1722671389579773 -0.7236824035644531
0.16221550107002258 0.1722666472196579 -0.723685622215271
0.1622169315814972 0.17226649820804596 -0.7236886024475098
0.16222165524959564 0.17226473987102509 -0.7236958742141724
0.16219693422317505 0.17226234078407288 -0.7236204147338867
0.16219893097877502 0.17226187884807587 -0.7236238121986389
0.16220000386238098 0.17225836217403412 -0.7236150503158569
0.16220040619373322 0.17225836217403412 -0.7236161231994629
0.1622006595134735 0.17225857079029083 -0.7236175537109375
0.16220104694366455 0.17225831747055054 -0.7236188650131226
0.16218975186347961 0.1722497195005417 -0.7235758900642395
0.16219118237495422 0.1722494512796402 -0.7235790491104126
0.1621924489736557 0.17224937677383423 -0.7235822677612305
0.1621938943862915 0.17224906384944916 -0.7235851883888245
0.16219350695610046 0.17224948108196259 -0.7235867381095886
0.16219279170036316 0.17224949598312378 -0.7235885858535767
0.1621936857700348 0.1722494214773178 -0.7235914468765259
0.1621946096420288 0.17224948108196259 -0.7235939502716064
0.1621955931186676 0.17224934697151184 -0.7235969305038452
0.16219645738601685 0.17224924266338348 -0.7235996723175049
0.16219833493232727 0.1722489446401596 -0.7236031293869019
0.16219934821128845 0.17224891483783722 -0.723605751991272
0.16219347715377808 0.17224985361099243 -0.723594069480896
0.16217206418514252 0.17223627865314484 -0.7235120534896851
0.1621713787317276 0.1722363382577896 -0.7235122323036194
0.16219162940979004 0.17224949598312378 -0.7235947847366333
0.1621975302696228 0.17224831879138947 -0.7236064672470093
0.1621965765953064 0.17224840819835663 -0.7236036062240601
0.1621948480606079 0.17224861681461334 -0.7236000895500183
0.16219401359558105 0.17224851250648499 -0.7235973477363586
0.16219305992126465 0.1722487211227417 -0.7235945463180542
0.1621919572353363 0.17224901914596558 -0.7235919237136841
0.16219118237495422 0.172248974442482 -0.7235891819000244
0.1621919572353363 0.17224881052970886 -0.7235875725746155
0.1621922254562378 0.17224884033203125 -0.723585844039917
0.16219089925289154 0.1722489446401596 -0.7235826253890991
0.16218967735767365 0.17224912345409393 -0.7235797643661499
0.16218827664852142 0.1722491979598999 -0.723576545715332
0.16219860315322876 0.17225737869739532 -0.723619818687439
0.16219821572303772 0.1722576916217804 -0.7236183881759644
0.16219782829284668 0.172257661819458 -0.7236170172691345
0.16219761967658997 0.1722577065229416 -0.7236156463623047
0.16219735145568848 0.17226152122020721 -0.7236244082450867
0.16219574213027954 0.1722617745399475 -0.7236210107803345
0.16222065687179565 0.17226441204547882 -0.7236959934234619
0.1622156798839569 0.1722659170627594 -0.7236889600753784
0.16221418976783752 0.17226630449295044 -0.7236860990524292
0.162212535738945 0.1722666323184967 -0.7236828207969666
0.16221199929714203 0.17226673662662506 -0.7236804962158203
0.1622113585472107 0.172266885638237 -0.7236783504486084
0.1622106432914734 0.17226888239383698 -0.7236793041229248
0.16221235692501068 0.17227129638195038 -0.7236882448196411
0.1622115820646286 0.17227157950401306 -0.723685622215271
0.162210151553154 0.17227201163768768 -0.723682701587677
0.16220596432685852 0.17227302491664886 -0.7236764430999756
0.16220450401306152 0.1722744107246399 -0.7236753702163696
0.1622023731470108 0.17227494716644287 -0.723670482635498
0.1622002273797989 0.1722753942012787 -0.7236653566360474
0.16220229864120483 0.17227782309055328 -0.723675549030304
0.1621999740600586 0.17227832973003387 -0.7236701250076294
0.1621967852115631 0.17227976024150848 -0.7236660718917847
0.16219462454319 0.17228102684020996 -0.7236621975898743
0.16219201683998108 0.17228221893310547 -0.723656952381134
0.16219189763069153 0.17228399217128754 -0.7236596345901489
0.16218650341033936 0.17228436470031738 -0.7236472368240356
0.16218367218971252 0.17228461802005768 -0.7236391305923462
0.16220051050186157 0.172283336520195 -0.7236806154251099
0.1622011661529541 0.17228254675865173 -0.7236815690994263
0.16220441460609436 0.17228201031684875 -0.7236870527267456
0.16220957040786743 0.17228101193904877 -0.7236994504928589
0.16221529245376587 0.17228008806705475 -0.7237101793289185
0.16222625970840454 0.17227865755558014 -0.7237350940704346
0.16222447156906128 0.17227812111377716 -0.7237280607223511
0.1622225046157837 0.17227792739868164 -0.7237237691879272
0.16222524642944336 0.17227885127067566 -0.7237226963043213
0.16222673654556274 0.17227891087532043 -0.7237271666526794
0.162228524684906 0.1722792685031891 -0.7237344980239868
0.16221752762794495 0.17228065431118011 -0.7237094640731812
0.1622118204832077 0.17228193581104279 -0.7236987352371216
0.1622062772512436 0.1722823977470398 -0.7236865162849426
0.16220316290855408 0.172283336520195 -0.723680853843689
0.1622019112110138 0.1722838282585144 -0.7236800789833069
0.16218475997447968 0.17228512465953827 -0.723638653755188
0.16218751668930054 0.17228484153747559 -0.723646879196167
0.16219237446784973 0.17228403687477112 -0.7236596345901489
0.162192240357399 0.17228233814239502 -0.7236570119857788
0.16219523549079895 0.1722812056541443 -0.7236618995666504
0.16219773888587952 0.17228014767169952 -0.7236657738685608
0.16220110654830933 0.17227868735790253 -0.7236700057983398
0.1622033715248108 0.1722780019044876 -0.7236750721931458
0.1622011363506317 0.17227554321289062 -0.7236649990081787
0.1622033566236496 0.172275111079216 -0.7236700057983398
0.16220545768737793 0.17227473855018616 -0.7236748933792114
0.16220736503601074 0.1722732037305832 -0.7236759662628174
0.1622113287448883 0.172272190451622 -0.7236820459365845
0.16221266984939575 0.1722719818353653 -0.7236852645874023
0.16221356391906738 0.17227183282375336 -0.7236878871917725
0.1622113585472107 0.17226892709732056 -0.7236791253089905
0.16221264004707336 0.17226725816726685 -0.7236777544021606
0.16221317648887634 0.17226707935333252 -0.7236800193786621
0.16221371293067932 0.1722671389579773 -0.7236824035644531
0.16221550107002258 0.1722666472196579 -0.723685622215271
0.1622169315814972 0.17226649820804596 -0.7236886024475098
0.16222165524959564 0.17226473987102509 -0.7236958742141724
0.16219693422317505 0.17226234078407288 -0.7236204147338867
0.16219893097877502 0.17226187884807587 -0.7236238121986389
0.16220000386238098 0.17225836217403412 -0.7236150503158569
0.16220040619373322 0.17225836217403412 -0.7236161231994629
0.1622006595134735 0.17225857079029083 -0.7236175537109375
0.16220104694366455 0.17225831747055054 -0.7236188650131226
0.16218975186347961 0.1722497195005417 -0.7235758900642395
0.16219118237495422 0.1722494512796402 -0.7235790491104126
0.1621924489736557 0.17224937677383423 -0.7235822677612305
0.1621938943862915 0.17224906384944916 -0.7235851883888245
0.16219350695610046 0.17224948108196259 -0.7235867381095886
0.16219279170036316 0.17224949598312378 -0.7235885858535767
0.1621936857700348 0.1722494214773178 -0.7235914468765259
0.1621946096420288 0.17224948108196259 -0.7235939502716064
0.1621955931186676 0.17224934697151184 -0.7235969305038452
0.16219645738601685 0.17224924266338348 -0.7235996723175049
0.16219833493232727 0.1722489446401596 -0.7236031293869019
0.16219934821128845 0.17224891483783722 -0.723605751991272
0.16219347715377808 0.17224985361099243 -0.723594069480896
0.16217206418514252 0.17223627865314484 -0.7235120534896851
0.1621713787317276 0.1722363382577896 -0.7235122323036194
0.16219162940979004 0.17224949598312378 -0.7235947847366333
0.1621975302696228 0.17224831879138947 -0.7236064672470093
0.1621965765953064 0.17224840819835663 -0.7236036062240601
0.1621948480606079 0.17224861681461334 -0.7236000895500183
0.16219401359558105 0.17224851250648499 -0.7235973477363586
0.16219305992126465 0.1722487211227417 -0.7235945463180542
0.1621919572353363 0.17224901914596558 -0.7235919237136841
0.16219118237495422 0.172248974442482 -0.7235891819000244
0.1621919572353363 0.17224881052970886 -0.7235875725746155
0.1621922254562378 0.17224884033203125 -0.723585844039917
0.16219089925289154 0.1722489446401596 -0.7235826253890991
0.16218967735767365 0.17224912345409393 -0.7235797643661499
0.16218827664852142 0.1722491979598999 -0.723576545715332
0.16219860315322876 0.17225737869739532 -0.723619818687439
0.16219821572303772 0.1722576916217804 -0.7236183881759644
0.16219782829284668 0.172257661819458 -0.7236170172691345
0.16219761967658997 0.1722577065229416 -0.7236156463623047
0.16219735145568848 0.17226152122020721 -0.7236244082450867
0.16219574213027954 0.1722617745399475 -0.7236210107803345
0.16222065687179565 0.17226441204547882 -0.7236959934234619
0.1622156798839569 0.1722659170627594 -0.7236889600753784
0.16221418976783752 0.17226630449295044 -0.7236860990524292
0.162212535738945 0.1722666323184967 -0.7236828207969666
0.16221199929714203 0.17226673662662506 -0.7236804962158203
0.1622113585472107 0.172266885638237 -0.7236783504486084
0.1622106432914734 0.17226888239383698 -0.7236793041229248
0.16221235692501068 0.17227129638195038 -0.7236882448196411
0.1622115820646286 0.17227157950401306 -0.723685622215271
0.162210151553154 0.17227201163768768 -0.723682701587677
0.16220596432685852 0.17227302491664886 -0.7236764430999756
0.16220450401306152 0.1722744107246399 -0.7236753702163696
0.1622023731470108 0.17227494716644287 -0.723670482635498
0.1622002273797989 0.1722753942012787 -0.7236653566360474
0.16220229864120483 0.17227782309055328 -0.723675549030304
0.1621999740600586 0.17227832973003387 -0.7236701250076294
0.1621967852115631 0.17227976024150848 -0.7236660718917847
0.16219462454319 0.17228102684020996 -0.7236621975898743
0.16219201683998108 0.17228221893310547 -0.723656952381134
0.16219189763069153 0.17228399217128754 -0.7236596345901489
0.16218650341033936 0.17228436470031738 -0.7236472368240356
0.16218367218971252 0.17228461802005768 -0.7236391305923462
0.16220051050186157 0.172283336520195 -0.7236806154251099
0.1622011661529541 0.17228254675865173 -0.7236815690994263
0.16220441460609436 0.17228201031684875 -0.7236870527267456
0.16220957040786743 0.17228101193904877 -0.7236994504928589
0.16221529245376587 0.17228008806705475 -0.7237101793289185
0.16222625970840454 0.17227865755558014 -0.7237350940704346
0.16222447156906128 0.17227812111377716 -0.7237280607223511
0.1622225046157837 0.17227792739868164 -0.7237237691879272