# vtk DataFile Version 4.0
[MyVLM domain - lattices] 
ASCII
DATASET UNSTRUCTURED_GRID
POINTS 302 float
1.2444999999999997 -1.2445 0.0
1.2399745454545452 -1.2399745454545454 0.0
1.2346178849721705 -1.2346178849721707 0.0
1.2284300185528754 -1.2284300185528756 0.0
1.2214109461966602 -1.2214109461966605 0.0
1.2135606679035247 -1.213560667903525 0.0
1.2048791836734691 -1.2048791836734694 0.0
1.1953664935064932 -1.1953664935064934 0.0
1.1850225974025972 -1.1850225974025974 0.0
1.1738474953617808 -1.173847495361781 0.0
1.1618411873840442 -1.1618411873840444 0.0
1.1490036734693874 -1.1490036734693876 0.0
1.1353349536178106 -1.1353349536178108 0.0
1.1208350278293133 -1.1208350278293135 0.0
1.1055038961038959 -1.105503896103896 0.0
1.0893415584415582 -1.0893415584415584 0.0
1.0723480148423004 -1.0723480148423006 0.0
1.054523265306122 -1.0545232653061223 0.0
1.0358673098330238 -1.035867309833024 0.0
1.0163801484230053 -1.0163801484230055 0.0
0.9960617810760664 -0.9960617810760668 0.0
0.9749122077922076 -0.9749122077922077 0.0
0.9529314285714284 -0.9529314285714284 0.0
0.9301194434137288 -0.930119443413729 0.0
0.9064762523191091 -0.9064762523191096 0.0
0.8820018552875695 -0.8820018552875695 0.0
0.8566962523191093 -0.8566962523191094 0.0
0.8305594434137288 -0.8305594434137291 0.0
0.8035914285714284 -0.8035914285714285 0.0
0.7757922077922076 -0.7757922077922077 0.0
0.7471617810760666 -0.7471617810760667 0.0
0.7177001484230053 -0.7177001484230054 0.0
0.6874073098330239 -0.687407309833024 0.0
0.6562832653061222 -0.6562832653061225 0.0
0.6243280148423004 -0.6243280148423005 0.0
0.5915415584415582 -0.5915415584415583 0.0
0.5579238961038958 -0.5579238961038959 0.0
0.5234750278293133 -0.5234750278293134 0.0
0.48819495361781057 -0.48819495361781057 0.0
0.4520836734693877 -0.4520836734693877 0.0
0.4151411873840445 -0.4151411873840446 0.0
0.37736749536178105 -0.37736749536178116 0.0
0.3387625974025974 -0.3387625974025974 0.0
0.2993264935064933 -0.29932649350649343 0.0
0.25905918367346925 -0.25905918367346925 0.0
0.21796066790352486 -0.21796066790352486 0.0
0.17603094619666027 -0.1760309461966605 0.0
0.13327001855287546 -0.13327001855287568 0.0
0.08967788497217066 -0.08967788497217066 0.0
0.045254545454545436 -0.045254545454545436 0.0
0.0 0.0 0.0
0.04525454545454545 0.04525454545454546 0.0
0.08967788497217066 0.08967788497217068 0.0
0.13327001855287568 0.1332700185528757 0.0
0.17603094619666046 0.1760309461966605 0.0
0.21796066790352497 0.21796066790352508 0.0
0.2590591836734693 0.25905918367346936 0.0
0.29932649350649343 0.2993264935064935 0.0
0.3387625974025973 0.33876259740259734 0.0
0.37736749536178094 0.377367495361781 0.0
0.41514118738404443 0.4151411873840445 0.0
0.45208367346938766 0.4520836734693878 0.0
0.48819495361781057 0.4881949536178107 0.0
0.5234750278293133 0.5234750278293134 0.0
0.5579238961038959 0.557923896103896 0.0
0.5915415584415582 0.5915415584415583 0.0
0.6243280148423003 0.6243280148423004 0.0
0.6562832653061222 0.6562832653061225 0.0
0.687407309833024 0.6874073098330241 0.0
0.7177001484230054 0.7177001484230056 0.0
0.7471617810760667 0.7471617810760669 0.0
0.7757922077922076 0.7757922077922077 0.0
0.8035914285714284 0.8035914285714285 0.0
0.8305594434137288 0.830559443413729 0.0
0.8566962523191093 0.8566962523191094 0.0
0.8820018552875692 0.8820018552875695 0.0
0.9064762523191091 0.9064762523191093 0.0
0.9301194434137288 0.9301194434137292 0.0
0.9529314285714284 0.9529314285714284 0.0
0.9749122077922076 0.9749122077922077 0.0
0.9960617810760666 0.9960617810760668 0.0
1.0163801484230053 1.0163801484230055 0.0
1.0358673098330238 1.035867309833024 0.0
1.054523265306122 1.0545232653061223 0.0
1.0723480148423001 1.0723480148423004 0.0
1.0893415584415582 1.0893415584415584 0.0
1.1055038961038959 1.105503896103896 0.0
1.120835027829313 1.1208350278293133 0.0
1.1353349536178106 1.1353349536178106 0.0
1.1490036734693874 1.1490036734693876 0.0
1.1618411873840444 1.1618411873840446 0.0
1.1738474953617808 1.173847495361781 0.0
1.1850225974025972 1.1850225974025972 0.0
1.1953664935064932 1.1953664935064934 0.0
1.2048791836734691 1.2048791836734694 0.0
1.2135606679035245 1.2135606679035247 0.0
1.22141094619666 1.2214109461966602 0.0
1.2284300185528754 1.2284300185528756 0.0
1.2346178849721703 1.2346178849721705 0.0
1.2399745454545452 1.2399745454545454 0.0
1.2444999999999997 1.2445 0.0
1.7422999999999997 -1.2445 0.0
1.7377745454545452 -1.2399745454545454 0.0
1.7324178849721703 -1.2346178849721707 0.0
1.7262300185528754 -1.2284300185528756 0.0
1.7192109461966603 -1.2214109461966605 0.0
1.7113606679035245 -1.213560667903525 0.0
1.7026791836734692 -1.2048791836734694 0.0
1.6931664935064934 -1.1953664935064934 0.0
1.6828225974025972 -1.1850225974025974 0.0
1.6716474953617806 -1.173847495361781 0.0
1.6596411873840444 -1.1618411873840444 0.0
1.6468036734693878 -1.1490036734693876 0.0
1.6331349536178106 -1.1353349536178108 0.0
1.6186350278293133 -1.1208350278293135 0.0
1.603303896103896 -1.105503896103896 0.0
1.5871415584415582 -1.0893415584415584 0.0
1.5701480148423004 -1.0723480148423006 0.0
1.552323265306122 -1.0545232653061223 0.0
1.5336673098330238 -1.035867309833024 0.0
1.5141801484230053 -1.0163801484230055 0.0
1.4938617810760666 -0.9960617810760668 0.0
1.4727122077922075 -0.9749122077922077 0.0
1.4507314285714283 -0.9529314285714284 0.0
1.4279194434137288 -0.930119443413729 0.0
1.4042762523191092 -0.9064762523191096 0.0
1.3798018552875693 -0.8820018552875695 0.0
1.3544962523191093 -0.8566962523191094 0.0
1.328359443413729 -0.8305594434137291 0.0
1.3013914285714283 -0.8035914285714285 0.0
1.2735922077922077 -0.7757922077922077 0.0
1.2449617810760665 -0.7471617810760667 0.0
1.2155001484230055 -0.7177001484230054 0.0
1.1852073098330238 -0.687407309833024 0.0
1.1540832653061224 -0.6562832653061225 0.0
1.1221280148423003 -0.6243280148423005 0.0
1.0893415584415582 -0.5915415584415583 0.0
1.055723896103896 -0.5579238961038959 0.0
1.0212750278293132 -0.5234750278293134 0.0
0.9859949536178108 -0.48819495361781057 0.0
0.9498836734693876 -0.4520836734693877 0.0
0.9129411873840445 -0.4151411873840446 0.0
0.875167495361781 -0.37736749536178116 0.0
0.8365625974025973 -0.3387625974025974 0.0
0.7971264935064933 -0.29932649350649343 0.0
0.7568591836734693 -0.25905918367346925 0.0
0.7157606679035249 -0.21796066790352486 0.0
0.6738309461966603 -0.1760309461966605 0.0
0.6310700185528755 -0.13327001855287568 0.0
0.5874778849721707 -0.08967788497217066 0.0
0.5430545454545455 -0.045254545454545436 0.0
0.4978 0.0 0.0
0.5430545454545455 0.04525454545454546 0.0
0.5874778849721707 0.08967788497217068 0.0
0.6310700185528757 0.1332700185528757 0.0
0.6738309461966605 0.1760309461966605 0.0
0.715760667903525 0.21796066790352508 0.0
0.7568591836734693 0.25905918367346936 0.0
0.7971264935064934 0.2993264935064935 0.0
0.8365625974025973 0.33876259740259734 0.0
0.875167495361781 0.377367495361781 0.0
0.9129411873840445 0.4151411873840445 0.0
0.9498836734693876 0.4520836734693878 0.0
0.9859949536178105 0.4881949536178107 0.0
1.0212750278293132 0.5234750278293134 0.0
1.055723896103896 0.557923896103896 0.0
1.0893415584415582 0.5915415584415583 0.0
1.1221280148423003 0.6243280148423004 0.0
1.1540832653061224 0.6562832653061225 0.0
1.185207309833024 0.6874073098330241 0.0
1.2155001484230055 0.7177001484230056 0.0
1.2449617810760667 0.7471617810760669 0.0
1.2735922077922077 0.7757922077922077 0.0
1.3013914285714283 0.8035914285714285 0.0
1.3283594434137287 0.830559443413729 0.0
1.3544962523191093 0.8566962523191094 0.0
1.3798018552875693 0.8820018552875695 0.0
1.4042762523191092 0.9064762523191093 0.0
1.427919443413729 0.9301194434137292 0.0
1.4507314285714283 0.9529314285714284 0.0
1.4727122077922075 0.9749122077922077 0.0
1.4938617810760666 0.9960617810760668 0.0
1.5141801484230053 1.0163801484230055 0.0
1.5336673098330238 1.035867309833024 0.0
1.552323265306122 1.0545232653061223 0.0
1.5701480148423002 1.0723480148423004 0.0
1.5871415584415582 1.0893415584415584 0.0
1.603303896103896 1.105503896103896 0.0
1.6186350278293131 1.1208350278293133 0.0
1.6331349536178106 1.1353349536178106 0.0
1.6468036734693874 1.1490036734693876 0.0
1.6596411873840444 1.1618411873840446 0.0
1.6716474953617806 1.173847495361781 0.0
1.6828225974025972 1.1850225974025972 0.0
1.6931664935064934 1.1953664935064934 0.0
1.7026791836734692 1.2048791836734694 0.0
1.7113606679035245 1.2135606679035247 0.0
1.71921094619666 1.2214109461966602 0.0
1.7262300185528754 1.2284300185528756 0.0
1.7324178849721703 1.2346178849721705 0.0
1.7377745454545452 1.2399745454545454 0.0
1.7422999999999997 1.2445 0.0
1.6155872727272724 -1.2422372727272726 0.0
1.6106462152133578 -1.237296215213358 0.0
1.604873951762523 -1.2315239517625232 0.0
1.598270482374768 -1.224920482374768 0.0
1.5908358070500925 -1.2174858070500927 0.0
1.582569925788497 -1.2092199257884972 0.0
1.5734728385899812 -1.2001228385899814 0.0
1.5635445454545454 -1.1901945454545453 0.0
1.552785046382189 -1.1794350463821892 0.0
1.5411943413729126 -1.1678443413729127 0.0
1.5287724304267158 -1.155422430426716 0.0
1.5155193135435991 -1.142169313543599 0.0
1.501434990723562 -1.1280849907235622 0.0
1.4865194619666047 -1.1131694619666048 0.0
1.4707727272727271 -1.0974227272727273 0.0
1.4541947866419294 -1.0808447866419293 0.0
1.4367856400742112 -1.0634356400742113 0.0
1.418545287569573 -1.0451952875695731 0.0
1.3994737291280146 -1.0261237291280147 0.0
1.379570964749536 -1.0062209647495362 0.0
1.358836994434137 -0.9854869944341371 0.0
1.337271818181818 -0.9639218181818181 0.0
1.3148754359925787 -0.9415254359925787 0.0
1.291647847866419 -0.9182978478664192 0.0
1.2675890538033394 -0.8942390538033393 0.0
1.2426990538033393 -0.8693490538033395 0.0
1.2169778478664193 -0.8436278478664192 0.0
1.1904254359925788 -0.8170754359925788 0.0
1.163041818181818 -0.7896918181818181 0.0
1.1348269944341371 -0.7614769944341371 0.0
1.105780964749536 -0.7324309647495362 0.0
1.0759037291280147 -0.7025537291280148 0.0
1.0451952875695731 -0.6718452875695733 0.0
1.0136556400742114 -0.6403056400742114 0.0
0.9812847866419293 -0.6079347866419293 0.0
0.9480827272727271 -0.5747327272727272 0.0
0.9140494619666047 -0.5406994619666048 0.0
0.8791849907235622 -0.5058349907235622 0.0
0.8434893135435992 -0.47013931354359917 0.0
0.8069624304267162 -0.43361243042671627 0.0
0.7696043413729128 -0.3962543413729128 0.0
0.7314150463821893 -0.3580650463821894 0.0
0.6923945454545455 -0.3190445454545454 0.0
0.6525428385899814 -0.27919283858998134 0.0
0.6118599257884971 -0.23850992578849706 0.0
0.5703458070500929 -0.19699580705009279 0.0
0.5280004823747682 -0.15465048237476808 0.0
0.4848239517625232 -0.11147395176252317 0.0
0.4408162152133581 -0.06746621521335805 0.0
0.39597727272727273 -0.022627272727272718 0.0
0.39597727272727273 0.02262727272727273 0.0
0.4408162152133581 0.06746621521335806 0.0
0.4848239517625232 0.11147395176252319 0.0
0.528000482374768 0.15465048237476808 0.0
0.5703458070500929 0.19699580705009276 0.0
0.6118599257884971 0.23850992578849717 0.0
0.6525428385899814 0.2791928385899814 0.0
0.6923945454545455 0.3190445454545454 0.0
0.7314150463821891 0.3580650463821891 0.0
0.7696043413729128 0.39625434137291277 0.0
0.8069624304267162 0.43361243042671616 0.0
0.8434893135435992 0.4701393135435992 0.0
0.8791849907235619 0.5058349907235621 0.0
0.9140494619666046 0.5406994619666047 0.0
0.9480827272727271 0.5747327272727272 0.0
0.9812847866419294 0.6079347866419295 0.0
1.0136556400742114 0.6403056400742114 0.0
1.0451952875695731 0.6718452875695732 0.0
1.0759037291280147 0.7025537291280147 0.0
1.105780964749536 0.7324309647495362 0.0
1.1348269944341371 0.7614769944341373 0.0
1.163041818181818 0.789691818181818 0.0
1.1904254359925786 0.8170754359925786 0.0
1.216977847866419 0.843627847866419 0.0
1.2426990538033393 0.8693490538033394 0.0
1.2675890538033392 0.8942390538033393 0.0
1.291647847866419 0.9182978478664192 0.0
1.3148754359925787 0.9415254359925787 0.0
1.3372718181818182 0.9639218181818181 0.0
1.3588369944341372 0.9854869944341373 0.0
1.379570964749536 1.0062209647495362 0.0
1.3994737291280148 1.0261237291280147 0.0
1.418545287569573 1.0451952875695731 0.0
1.4367856400742112 1.0634356400742113 0.0
1.4541947866419291 1.0808447866419293 0.0
1.470772727272727 1.097422727272727 0.0
1.4865194619666047 1.1131694619666048 0.0
1.501434990723562 1.128084990723562 0.0
1.5155193135435991 1.1421693135435993 0.0
1.528772430426716 1.1554224304267162 0.0
1.5411943413729128 1.1678443413729127 0.0
1.5527850463821888 1.179435046382189 0.0
1.5635445454545451 1.1901945454545453 0.0
1.573472838589981 1.2001228385899811 0.0
1.5825699257884969 1.209219925788497 0.0
1.5908358070500925 1.2174858070500927 0.0
1.5982704823747678 1.224920482374768 0.0
1.604873951762523 1.2315239517625232 0.0
1.6106462152133578 1.237296215213358 0.0
1.6155872727272724 1.2422372727272726 0.0

CELLS 200 700
4 0 101 102 1
4 1 102 103 2
4 2 103 104 3
4 3 104 105 4
4 4 105 106 5
4 5 106 107 6
4 6 107 108 7
4 7 108 109 8
4 8 109 110 9
4 9 110 111 10
4 10 111 112 11
4 11 112 113 12
4 12 113 114 13
4 13 114 115 14
4 14 115 116 15
4 15 116 117 16
4 16 117 118 17
4 17 118 119 18
4 18 119 120 19
4 19 120 121 20
4 20 121 122 21
4 21 122 123 22
4 22 123 124 23
4 23 124 125 24
4 24 125 126 25
4 25 126 127 26
4 26 127 128 27
4 27 128 129 28
4 28 129 130 29
4 29 130 131 30
4 30 131 132 31
4 31 132 133 32
4 32 133 134 33
4 33 134 135 34
4 34 135 136 35
4 35 136 137 36
4 36 137 138 37
4 37 138 139 38
4 38 139 140 39
4 39 140 141 40
4 40 141 142 41
4 41 142 143 42
4 42 143 144 43
4 43 144 145 44
4 44 145 146 45
4 45 146 147 46
4 46 147 148 47
4 47 148 149 48
4 48 149 150 49
4 49 150 151 50
4 50 151 152 51
4 51 152 153 52
4 52 153 154 53
4 53 154 155 54
4 54 155 156 55
4 55 156 157 56
4 56 157 158 57
4 57 158 159 58
4 58 159 160 59
4 59 160 161 60
4 60 161 162 61
4 61 162 163 62
4 62 163 164 63
4 63 164 165 64
4 64 165 166 65
4 65 166 167 66
4 66 167 168 67
4 67 168 169 68
4 68 169 170 69
4 69 170 171 70
4 70 171 172 71
4 71 172 173 72
4 72 173 174 73
4 73 174 175 74
4 74 175 176 75
4 75 176 177 76
4 76 177 178 77
4 77 178 179 78
4 78 179 180 79
4 79 180 181 80
4 80 181 182 81
4 81 182 183 82
4 82 183 184 83
4 83 184 185 84
4 84 185 186 85
4 85 186 187 86
4 86 187 188 87
4 87 188 189 88
4 88 189 190 89
4 89 190 191 90
4 90 191 192 91
4 91 192 193 92
4 92 193 194 93
4 93 194 195 94
4 94 195 196 95
4 95 196 197 96
4 96 197 198 97
4 97 198 199 98
4 98 199 200 99
4 99 200 201 100
1 202
1 203
1 204
1 205
1 206
1 207
1 208
1 209
1 210
1 211
1 212
1 213
1 214
1 215
1 216
1 217
1 218
1 219
1 220
1 221
1 222
1 223
1 224
1 225
1 226
1 227
1 228
1 229
1 230
1 231
1 232
1 233
1 234
1 235
1 236
1 237
1 238
1 239
1 240
1 241
1 242
1 243
1 244
1 245
1 246
1 247
1 248
1 249
1 250
1 251
1 252
1 253
1 254
1 255
1 256
1 257
1 258
1 259
1 260
1 261
1 262
1 263
1 264
1 265
1 266
1 267
1 268
1 269
1 270
1 271
1 272
1 273
1 274
1 275
1 276
1 277
1 278
1 279
1 280
1 281
1 282
1 283
1 284
1 285
1 286
1 287
1 288
1 289
1 290
1 291
1 292
1 293
1 294
1 295
1 296
1 297
1 298
1 299
1 300
1 301

CELL_TYPES 200
9
9
9
9
9
9
9
9
9
9
9
9
9
9
9
9
9
9
9
9
9
9
9
9
9
9
9
9
9
9
9
9
9
9
9
9
9
9
9
9
9
9
9
9
9
9
9
9
9
9
9
9
9
9
9
9
9
9
9
9
9
9
9
9
9
9
9
9
9
9
9
9
9
9
9
9
9
9
9
9
9
9
9
9
9
9
9
9
9
9
9
9
9
9
9
9
9
9
9
9
1
1
1
1
1
1
1
1
1
1
1
1
1
1
1
1
1
1
1
1
1
1
1
1
1
1
1
1
1
1
1
1
1
1
1
1
1
1
1
1
1
1
1
1
1
1
1
1
1
1
1
1
1
1
1
1
1
1
1
1
1
1
1
1
1
1
1
1
1
1
1
1
1
1
1
1
1
1
1
1
1
1
1
1
1
1
1
1
1
1
1
1
1
1
1
1
1
1
1
1

CELL_DATA 200

VECTORS Vinf float
9.154633182642385 0.15269310772418976 3.969445027570874
9.15337546503298 0.1551094353199005 3.999489195804745
9.15384790634863 0.15405264496803284 3.987480260591656
9.152941379306242 0.1562415510416031 4.0110506044436995
9.153335947153494 0.15518930554389954 4.000374280076176
9.154132265207693 0.15349052846431732 3.98050931857124
9.154352116939947 0.15309050679206848 3.9752434270192687
9.155848849174902 0.15126271545886993 3.945105411272199
9.157091695425436 0.150417760014534 3.924573458891065
9.159269574639723 0.14969851076602936 3.8944242970754215
9.161889765021726 0.14954453706741333 3.8646542208005488
9.165520865080282 0.14996249973773956 3.8300136999894683
9.163092467544004 0.14962328970432281 3.8524953799058497
9.161288115737364 0.14953407645225525 3.8709866778661315
9.161232862231657 0.14953461289405823 3.871590472917706
9.161954287049696 0.14954517781734467 3.863911487322003
9.161167312023565 0.1495331972837448 3.8723054604341094
9.164089042303488 0.14973364770412445 3.8429041878987853
9.162582728621885 0.14957836270332336 3.857562519769818
9.158556539175436 0.14985115826129913 3.903645105819851
9.157891410944387 0.15005913376808167 3.912756659250409
9.158326942083761 0.1499170958995819 3.9067709224034854
9.158770549652502 0.14980080723762512 3.9009157793332636
9.16054977810137 0.14955277740955353 3.879318989973218
9.157650235650465 0.15015552937984467 3.9163211958219115
9.157986346242353 0.1500295251607895 3.9115571753789484
9.158326852676794 0.14992043375968933 3.9068889097978174
9.159865278360769 0.1496122032403946 3.8873708622266356
9.160265180823728 0.14957347512245178 3.8826806323339045
9.159315306303426 0.14969249069690704 3.894105918865353
9.160822067019865 0.14953123033046722 3.876160599451214
9.15819536483042 0.1499451994895935 3.908541090946347
9.156789633986875 0.15056446194648743 3.9292530493547027
9.15702459549658 0.15043401718139648 3.925595082502515
9.15726186668627 0.15031442046165466 3.921994187097699
9.159364256617948 0.1496669203042984 3.89333725736633
9.159650522825643 0.14962467551231384 3.889840521078259
9.159938472864553 0.14959052205085754 3.88640034959808
9.160227853414938 0.14956338703632355 3.8830187694837157
9.160517919418737 0.14954333007335663 3.8796962575723235
9.16080764269583 0.14953026175498962 3.8764358835031096
9.163474503514692 0.14964453876018524 3.8488931433965266
9.163827526924536 0.14968617260456085 3.845536358814389
9.160366449115202 0.1495526283979416 3.881497599344403
9.160620022175237 0.14953751862049103 3.87860981390968
9.160874817130491 0.14952713251113892 3.875759370784909
9.166657317039892 0.15016163885593414 3.8202973084260528
9.166995230672285 0.15023402869701385 3.8174758927632872
9.166702959296629 0.15017268061637878 3.81989336774841
9.173440102097913 0.15197640657424927 3.7687625365068023
9.1734596524214 0.15198303759098053 3.7686249987889826
9.16675451731436 0.150186225771904 3.8194457964707915
9.16704534327738 0.15024784207344055 3.8170402722169468
9.166705254075453 0.1501747965812683 3.8198708073903624
9.1663636002516 0.1501043140888214 3.8227486388494083
9.166020709631368 0.1500362753868103 3.825674571256787
9.160387504455969 0.1495528519153595 3.881232865314633
9.163854453322813 0.1496921181678772 3.845282085399777
9.160194787738249 0.1495743840932846 3.883526988487393
9.158257294056341 0.14993983507156372 3.9078914301206176
9.158009174821302 0.15002015233039856 3.911313541393429
9.157762307283804 0.15011022984981537 3.9147930221368377
9.157517838833257 0.15020966529846191 3.918326415281445
9.157275709865019 0.15031951665878296 3.92191306517616
9.155762899277136 0.15134625136852264 3.94690141842857
9.155563924071714 0.15153340995311737 3.950547136526257
9.155367228743955 0.15173396468162537 3.954246558408887
9.155173111317083 0.1519477367401123 3.9579964654256403
9.156290892121717 0.15091067552566528 3.937578536729962
9.158436853048727 0.14988599717617035 3.9053355233480036
9.159351337311193 0.1496894359588623 3.8936527447511255
9.160302120802328 0.14957298338413239 3.882243760090024
9.159899685141966 0.14961060881614685 3.8869488315393035
9.158353361842558 0.14991556107997894 3.9065101222802703
9.158011111972257 0.1500234603881836 3.9111922459413115
9.157673094031736 0.1501486748456955 3.9159701840688297
9.15925981437914 0.14970523118972778 3.894696690302044
9.158807623741552 0.14979615807533264 3.9004297928620875
9.157063591835424 0.1504363715648651 3.925076194267423
9.156674537417814 0.1506575644016266 3.931176461439282
9.157247382757589 0.1503393054008484 3.9222157077600066
9.160926881787702 0.1495439112186432 3.8750621156503264
9.160300198552534 0.14957594871520996 3.882121540765912
9.15821260547392 0.1499607115983963 3.908348776559979
9.159004155156538 0.14975744485855103 3.8978648857881133
9.159766453859731 0.14963145554065704 3.888391740780026
9.158805016038343 0.14980153739452362 3.9004182295610015
9.163436475751325 0.14966128766536713 3.8491486089040343
9.163110900280401 0.14962905645370483 3.8523499743749205
9.1608102653002 0.14954951405525208 3.8763524071981017
9.158386069891378 0.14990603923797607 3.9059224800874297
9.156483295915052 0.1507844775915146 3.9342959003259246
9.154779929277822 0.1524529904127121 3.9659413473416874
9.15356158053629 0.15463122725486755 3.9942990766574447
9.153166878578588 0.15562346577644348 4.00487931833759
9.153043735382482 0.15594986081123352 4.008169897060544
9.152333680150434 0.15813954174518585 4.028170682649762
9.152857560274526 0.15650807321071625 4.013526015143544
9.15247004067652 0.15770384669303894 4.024393208484799
9.153408590314314 0.1550421416759491 3.998691238622815
9.154633182642385 0.15269310772418976 3.969445027570874
9.15337546503298 0.1551094353199005 3.999489195804745
9.15384790634863 0.15405264496803284 3.987480260591656
9.152941379306242 0.1562415510416031 4.0110506044436995
9.153335947153494 0.15518930554389954 4.000374280076176
9.154132265207693 0.15349052846431732 3.98050931857124
9.154352116939947 0.15309050679206848 3.9752434270192687
9.155848849174902 0.15126271545886993 3.945105411272199
9.157091695425436 0.150417760014534 3.924573458891065
9.159269574639723 0.14969851076602936 3.8944242970754215
9.161889765021726 0.14954453706741333 3.8646542208005488
9.165520865080282 0.14996249973773956 3.8300136999894683
9.163092467544004 0.14962328970432281 3.8524953799058497
9.161288115737364 0.14953407645225525 3.8709866778661315
9.161232862231657 0.14953461289405823 3.871590472917706
9.161954287049696 0.14954517781734467 3.863911487322003
9.161167312023565 0.1495331972837448 3.8723054604341094
9.164089042303488 0.14973364770412445 3.8429041878987853
9.162582728621885 0.14957836270332336 3.857562519769818
9.158556539175436 0.14985115826129913 3.903645105819851
9.157891410944387 0.15005913376808167 3.912756659250409
9.158326942083761 0.1499170958995819 3.9067709224034854
9.158770549652502 0.14980080723762512 3.9009157793332636
9.16054977810137 0.14955277740955353 3.879318989973218
9.157650235650465 0.15015552937984467 3.9163211958219115
9.157986346242353 0.1500295251607895 3.9115571753789484
9.158326852676794 0.14992043375968933 3.9068889097978174
9.159865278360769 0.1496122032403946 3.8873708622266356
9.160265180823728 0.14957347512245178 3.8826806323339045
9.159315306303426 0.14969249069690704 3.894105918865353
9.160822067019865 0.14953123033046722 3.876160599451214
9.15819536483042 0.1499451994895935 3.908541090946347
9.156789633986875 0.15056446194648743 3.9292530493547027
9.15702459549658 0.15043401718139648 3.925595082502515
9.15726186668627 0.15031442046165466 3.921994187097699
9.159364256617948 0.1496669203042984 3.89333725736633
9.159650522825643 0.14962467551231384 3.889840521078259
9.159938472864553 0.14959052205085754 3.88640034959808
9.160227853414938 0.14956338703632355 3.8830187694837157
9.160517919418737 0.14954333007335663 3.8796962575723235
9.16080764269583 0.14953026175498962 3.8764358835031096
9.163474503514692 0.14964453876018524 3.8488931433965266
9.163827526924536 0.14968617260456085 3.845536358814389
9.160366449115202 0.1495526283979416 3.881497599344403
9.160620022175237 0.14953751862049103 3.87860981390968
9.160874817130491 0.14952713251113892 3.875759370784909
9.166657317039892 0.15016163885593414 3.8202973084260528
9.166995230672285 0.15023402869701385 3.8174758927632872
9.166702959296629 0.15017268061637878 3.81989336774841
9.173440102097913 0.15197640657424927 3.7687625365068023
9.1734596524214 0.15198303759098053 3.7686249987889826
9.16675451731436 0.150186225771904 3.8194457964707915
9.16704534327738 0.15024784207344055 3.8170402722169468
9.166705254075453 0.1501747965812683 3.8198708073903624
9.1663636002516 0.1501043140888214 3.8227486388494083
9.166020709631368 0.1500362753868103 3.825674571256787
9.160387504455969 0.1495528519153595 3.881232865314633
9.163854453322813 0.1496921181678772 3.845282085399777
9.160194787738249 0.1495743840932846 3.883526988487393
9.158257294056341 0.14993983507156372 3.9078914301206176
9.158009174821302 0.15002015233039856 3.911313541393429
9.157762307283804 0.15011022984981537 3.9147930221368377
9.157517838833257 0.15020966529846191 3.918326415281445
9.157275709865019 0.15031951665878296 3.92191306517616
9.155762899277136 0.15134625136852264 3.94690141842857
9.155563924071714 0.15153340995311737 3.950547136526257
9.155367228743955 0.15173396468162537 3.954246558408887
9.155173111317083 0.1519477367401123 3.9579964654256403
9.156290892121717 0.15091067552566528 3.937578536729962
9.158436853048727 0.14988599717617035 3.9053355233480036
9.159351337311193 0.1496894359588623 3.8936527447511255
9.160302120802328 0.14957298338413239 3.882243760090024
9.159899685141966 0.14961060881614685 3.8869488315393035
9.158353361842558 0.14991556107997894 3.9065101222802703
9.158011111972257 0.1500234603881836 3.9111922459413115
9.157673094031736 0.1501486748456955 3.9159701840688297
9.15925981437914 0.14970523118972778 3.894696690302044
9.158807623741552 0.14979615807533264 3.9004297928620875
9.157063591835424 0.1504363715648651 3.925076194267423
9.156674537417814 0.1506575644016266 3.931176461439282
9.157247382757589 0.1503393054008484 3.9222157077600066
9.160926881787702 0.1495439112186432 3.8750621156503264
9.160300198552534 0.14957594871520996 3.882121540765912
9.15821260547392 0.1499607115983963 3.908348776559979
9.159004155156538 0.14975744485855103 3.8978648857881133
9.159766453859731 0.14963145554065704 3.888391740780026
9.158805016038343 0.14980153739452362 3.9004182295610015
9.163436475751325 0.14966128766536713 3.8491486089040343
9.163110900280401 0.14962905645370483 3.8523499743749205
9.1608102653002 0.14954951405525208 3.8763524071981017
9.158386069891378 0.14990603923797607 3.9059224800874297
9.156483295915052 0.1507844775915146 3.9342959003259246
9.154779929277822 0.1524529904127121 3.9659413473416874
9.15356158053629 0.15463122725486755 3.9942990766574447
9.153166878578588 0.15562346577644348 4.00487931833759
9.153043735382482 0.15594986081123352 4.008169897060544
9.152333680150434 0.15813954174518585 4.028170682649762
9.152857560274526 0.15650807321071625 4.013526015143544
9.15247004067652 0.15770384669303894 4.024393208484799
9.153408590314314 0.1550421416759491 3.998691238622815

VECTORS L float
-0.013517853493417826 0.0 0.02898913036706884
-0.0219608719260793 0.0 0.047095241825901135
-0.03041197371692804 0.0 0.06521868810230698
-0.03936028394268107 0.0 0.0844084013083008
-0.04893554340343528 0.0 0.10494261148756284
-0.05916928823475772 0.0 0.12688894810106272
-0.07003513466375583 0.0 0.15019083096524324
-0.0815393679286835 0.0 0.17486173881703693
-0.09363206797167387 0.0 0.200794617746876
-0.10629820703642487 0.0 0.22795724062737094
-0.11950427316865941 0.0 0.25627774084065486
-0.13325020298349277 0.0 0.2857559824574037
-0.1473521434423547 0.0 0.3159976913640468
-0.16178097084843923 0.0 0.34694041159123307
-0.17651598645773584 0.0 0.37853975453918604
-0.19151918855555175 0.0 0.41071422526775575
-0.20666109240647962 0.0 0.44318614286576086
-0.2220965987546975 0.0 0.4762876930510834
-0.23757620951964312 0.0 0.5094838254633035
-0.25291741140993124 0.0 0.5423831390859607
-0.26825069915095523 0.0 0.575265480760751
-0.28354222772208787 0.0 0.6080582696067147
-0.2987279569040435 0.0 0.6406241709304025
-0.31391902515230535 0.0 0.6732015219187331
-0.3286524920641017 0.0 0.7047975436741788
-0.3432399307566819 0.0 0.736080406902926
-0.3575454944301557 0.0 0.7667587872024807
-0.3716701771590768 0.0 0.7970492670646538
-0.38547707957614036 0.0 0.8266582648488467
-0.39882810352287423 0.0 0.8552896280985063
-0.4120037976160429 0.0 0.8835449952638234
-0.42447771343145396 0.0 0.9102953940558263
-0.43633572411406535 0.0 0.9357249800281625
-0.4476526569221887 0.0 0.9599942207541249
-0.45828490702385133 0.0 0.9827951546777287
-0.46844746665191755 0.0 1.004588834130208
-0.4778494033904899 0.0 1.0247513525322696
-0.48650214134298964 0.0 1.0433072089527606
-0.49433571575224716 0.0 1.06010636348574
-0.5012693484612042 0.0 1.0749755868143698
-0.5071917342085802 0.0 1.087676184035545
-0.5122921712924988 0.0 1.098614106659632
-0.5163058499238291 0.0 1.107221468261221
-0.5187203858004626 0.0 1.11239945715848
-0.5196292912262047 0.0 1.1143486111340728
-0.518513145370404 0.0 1.1119550286220101
-0.515206527426829 0.0 1.1048639635585327
-0.5072925097377162 0.0 1.087892297855195
-0.48651459071863035 0.0 1.0433339067249783
-0.37232503922545 0.0 0.7984536232979703
-0.3548944698922649 0.0 0.7610736467345333
-0.4690536746709028 0.0 1.00588885142219
-0.48976901786979304 0.0 1.0503130482729408
-0.49761250754957964 0.0 1.0671334661721887
-0.5009730327847471 0.0 1.0743401357955522
-0.5019297233026788 0.0 1.0763917652320425
-0.5010864345291438 0.0 1.0745833266212086
-0.49932928268596977 0.0 1.0708151023331358
-0.49583605039053164 0.0 1.0633238415006212
-0.49150845945748556 0.0 1.0540432927955696
-0.48621776478749557 0.0 1.042697361461473
-0.4798617408577274 0.0 1.0290668241571608
-0.47256406054832906 0.0 1.0134168982299896
-0.4644136071182157 0.0 0.9959381944438207
-0.4554188824288198 0.0 0.976648945099333
-0.44585898628229736 0.0 0.9561476816537631
-0.4355590140657646 0.0 0.9340593199543522
-0.42459701537458117 0.0 0.9105512378984926
-0.41309829906454515 0.0 0.8858921611946443
-0.4009794783587363 0.0 0.8599032663226227
-0.3882249632449249 0.0 0.8325511203933105
-0.3750966219018994 0.0 0.8043973015283805
-0.36158789029916527 0.0 0.7754277331190109
-0.34780650943998753 0.0 0.7458734664923263
-0.3338825715820408 0.0 0.7160134853952146
-0.3197077106157335 0.0 0.6856153979557078
-0.30538051008385503 0.0 0.6548906172635661
-0.2907306406781448 0.0 0.6234738709384593
-0.27595207140034905 0.0 0.5917811268469964
-0.2611869876915162 0.0 0.5601173026515014
-0.246363632752317 0.0 0.5283285153992192
-0.2315260733675945 0.0 0.4965092666152102
-0.21649738219839498 0.0 0.4642801343966608
-0.20158743722922695 0.0 0.4323056542258634
-0.18692313036855882 0.0 0.4008579466786848
-0.17238375833756253 0.0 0.36967816273835014
-0.15802646091326517 0.0 0.33888883905213035
-0.144038026406321 0.0 0.3088905444448939
-0.1302507599187887 0.0 0.27932365604747145
-0.11688703990085011 0.0 0.25066506598524996
-0.10401644872972224 0.0 0.223063994147717
-0.091671337969238 0.0 0.19658981868740155
-0.07987454302744595 0.0 0.17129151029489634
-0.06866099349643588 0.0 0.14724397572216852
-0.058056377673515264 0.0 0.12450230370057008
-0.04806707775307061 0.0 0.10308018089013098
-0.03869944797371348 0.0 0.08299123399952817
-0.029943693113860678 0.0 0.06421445710828864
-0.02166468684370103 0.0 0.04646007086698925
-0.013372612647524972 0.0 0.02867766036791095
-0.013517853493417826 0.0 0.02898913036706884
-0.0219608719260793 0.0 0.047095241825901135
-0.03041197371692804 0.0 0.06521868810230698
-0.03936028394268107 0.0 0.0844084013083008
-0.04893554340343528 0.0 0.10494261148756284
-0.05916928823475772 0.0 0.12688894810106272
-0.07003513466375583 0.0 0.15019083096524324
-0.0815393679286835 0.0 0.17486173881703693
-0.09363206797167387 0.0 0.200794617746876
-0.10629820703642487 0.0 0.22795724062737094
-0.11950427316865941 0.0 0.25627774084065486
-0.13325020298349277 0.0 0.2857559824574037
-0.1473521434423547 0.0 0.3159976913640468
-0.16178097084843923 0.0 0.34694041159123307
-0.17651598645773584 0.0 0.37853975453918604
-0.19151918855555175 0.0 0.41071422526775575
-0.20666109240647962 0.0 0.44318614286576086
-0.2220965987546975 0.0 0.4762876930510834
-0.23757620951964312 0.0 0.5094838254633035
-0.25291741140993124 0.0 0.5423831390859607
-0.26825069915095523 0.0 0.575265480760751
-0.28354222772208787 0.0 0.6080582696067147
-0.2987279569040435 0.0 0.6406241709304025
-0.31391902515230535 0.0 0.6732015219187331
-0.3286524920641017 0.0 0.7047975436741788
-0.3432399307566819 0.0 0.736080406902926
-0.3575454944301557 0.0 0.7667587872024807
-0.3716701771590768 0.0 0.7970492670646538
-0.38547707957614036 0.0 0.8266582648488467
-0.39882810352287423 0.0 0.8552896280985063
-0.4120037976160429 0.0 0.8835449952638234
-0.42447771343145396 0.0 0.9102953940558263
-0.43633572411406535 0.0 0.9357249800281625
-0.4476526569221887 0.0 0.9599942207541249
-0.45828490702385133 0.0 0.9827951546777287
-0.46844746665191755 0.0 1.004588834130208
-0.4778494033904899 0.0 1.0247513525322696
-0.48650214134298964 0.0 1.0433072089527606
-0.49433571575224716 0.0 1.06010636348574
-0.5012693484612042 0.0 1.0749755868143698
-0.5071917342085802 0.0 1.087676184035545
-0.5122921712924988 0.0 1.098614106659632
-0.5163058499238291 0.0 1.107221468261221
-0.5187203858004626 0.0 1.11239945715848
-0.5196292912262047 0.0 1.1143486111340728
-0.518513145370404 0.0 1.1119550286220101
-0.515206527426829 0.0 1.1048639635585327
-0.5072925097377162 0.0 1.087892297855195
-0.48651459071863035 0.0 1.0433339067249783
-0.37232503922545 0.0 0.7984536232979703
-0.3548944698922649 0.0 0.7610736467345333
-0.4690536746709028 0.0 1.00588885142219
-0.48976901786979304 0.0 1.0503130482729408
-0.49761250754957964 0.0 1.0671334661721887
-0.5009730327847471 0.0 1.0743401357955522
-0.5019297233026788 0.0 1.0763917652320425
-0.5010864345291438 0.0 1.0745833266212086
-0.49932928268596977 0.0 1.0708151023331358
-0.49583605039053164 0.0 1.0633238415006212
-0.49150845945748556 0.0 1.0540432927955696
-0.48621776478749557 0.0 1.042697361461473
-0.4798617408577274 0.0 1.0290668241571608
-0.47256406054832906 0.0 1.0134168982299896
-0.4644136071182157 0.0 0.9959381944438207
-0.4554188824288198 0.0 0.976648945099333
-0.44585898628229736 0.0 0.9561476816537631
-0.4355590140657646 0.0 0.9340593199543522
-0.42459701537458117 0.0 0.9105512378984926
-0.41309829906454515 0.0 0.8858921611946443
-0.4009794783587363 0.0 0.8599032663226227
-0.3882249632449249 0.0 0.8325511203933105
-0.3750966219018994 0.0 0.8043973015283805
-0.36158789029916527 0.0 0.7754277331190109
-0.34780650943998753 0.0 0.7458734664923263
-0.3338825715820408 0.0 0.7160134853952146
-0.3197077106157335 0.0 0.6856153979557078
-0.30538051008385503 0.0 0.6548906172635661
-0.2907306406781448 0.0 0.6234738709384593
-0.27595207140034905 0.0 0.5917811268469964
-0.2611869876915162 0.0 0.5601173026515014
-0.246363632752317 0.0 0.5283285153992192
-0.2315260733675945 0.0 0.4965092666152102
-0.21649738219839498 0.0 0.4642801343966608
-0.20158743722922695 0.0 0.4323056542258634
-0.18692313036855882 0.0 0.4008579466786848
-0.17238375833756253 0.0 0.36967816273835014
-0.15802646091326517 0.0 0.33888883905213035
-0.144038026406321 0.0 0.3088905444448939
-0.1302507599187887 0.0 0.27932365604747145
-0.11688703990085011 0.0 0.25066506598524996
-0.10401644872972224 0.0 0.223063994147717
-0.091671337969238 0.0 0.19658981868740155
-0.07987454302744595 0.0 0.17129151029489634
-0.06866099349643588 0.0 0.14724397572216852
-0.058056377673515264 0.0 0.12450230370057008
-0.04806707775307061 0.0 0.10308018089013098
-0.03869944797371348 0.0 0.08299123399952817
-0.029943693113860678 0.0 0.06421445710828864
-0.02166468684370103 0.0 0.04646007086698925
-0.013372612647524972 0.0 0.02867766036791095

SCALARS Gamma float
LOOKUP_TABLE default
0.4355406485666379
0.6704773580028786
0.8633302886231278
1.0377773972561286
1.2011056736365595
1.356895173601725
1.50709174371454
1.65219394167116
1.7930040110039496
1.929555617293943
2.062079112704767
2.1906837296907566
2.3162464360855606
2.4374530798232854
2.553445963345645
2.664041801102784
2.769433680704568
2.868589296316375
2.9632225357904645
3.052898667427722
3.1355040832604737
3.2111714013788246
3.2804105823647447
3.3433007497376157
3.4018562784545545
3.4533609112843533
3.4987371440415025
3.538015011592617
3.5725373016248505
3.6025947686617297
3.627019619781698
3.6483382149858405
3.6642272974843464
3.673668665317206
3.6773930652662985
3.674931378787699
3.6685114874601967
3.6574610873131723
3.6416035099467767
3.6207785415988103
3.5947536465441976
3.562657271123814
3.5268328411903807
3.487540961054367
3.4404037834818806
3.3864462800671338
3.324568488723032
3.261840341161883
3.1993703933922544
3.1420686594892606
3.141866349157146
3.1987185200101584
3.26062740798002
3.3224288097484695
3.381357951618872
3.436475951517089
3.4889515354208456
3.5321713981690914
3.573198801361869
3.608353601465281
3.636787727494338
3.659493024611343
3.6768127100727446
3.689031722090337
3.696838588675787
3.6983792720025344
3.6941803214098408
3.6841168846846126
3.6673563039607666
3.644766038668289
3.61796368845961
3.586639772614637
3.551248143073627
3.5113826304816405
3.4656688489919234
3.414095213599158
3.3559965394040865
3.2928674268000027
3.224293640264783
3.148865241377889
3.0663995488994438
2.976846382251045
2.882715526880032
2.783307275619236
2.6773469479220444
2.5657636498172285
2.4491888788310474
2.326709442383494
2.2008363034378093
2.0714435336692847
1.9382539700419854
1.801074766130864
1.659805285564653
1.5140696120856463
1.363231505900334
1.2065715125885197
1.0425934370884202
0.8674572503280735
0.6737256426934141
0.4376955199085335
0.4355406485666379
0.6704773580028786
0.8633302886231278
1.0377773972561286
1.2011056736365595
1.356895173601725
1.50709174371454
1.65219394167116
1.7930040110039496
1.929555617293943
2.062079112704767
2.1906837296907566
2.3162464360855606
2.4374530798232854
2.553445963345645
2.664041801102784
2.769433680704568
2.868589296316375
2.9632225357904645
3.052898667427722
3.1355040832604737
3.2111714013788246
3.2804105823647447
3.3433007497376157
3.4018562784545545
3.4533609112843533
3.4987371440415025
3.538015011592617
3.5725373016248505
3.6025947686617297
3.627019619781698
3.6483382149858405
3.6642272974843464
3.673668665317206
3.6773930652662985
3.674931378787699
3.6685114874601967
3.6574610873131723
3.6416035099467767
3.6207785415988103
3.5947536465441976
3.562657271123814
3.5268328411903807
3.487540961054367
3.4404037834818806
3.3864462800671338
3.324568488723032
3.261840341161883
3.1993703933922544
3.1420686594892606
3.141866349157146
3.1987185200101584
3.26062740798002
3.3224288097484695
3.381357951618872
3.436475951517089
3.4889515354208456
3.5321713981690914
3.573198801361869
3.608353601465281
3.636787727494338
3.659493024611343
3.6768127100727446
3.689031722090337
3.696838588675787
3.6983792720025344
3.6941803214098408
3.6841168846846126
3.6673563039607666
3.644766038668289
3.61796368845961
3.586639772614637
3.551248143073627
3.5113826304816405
3.4656688489919234
3.414095213599158
3.3559965394040865
3.2928674268000027
3.224293640264783
3.148865241377889
3.0663995488994438
2.976846382251045
2.882715526880032
2.783307275619236
2.6773469479220444
2.5657636498172285
2.4491888788310474
2.326709442383494
2.2008363034378093
2.0714435336692847
1.9382539700419854
1.801074766130864
1.659805285564653
1.5140696120856463
1.363231505900334
1.2065715125885197
1.0425934370884202
0.8674572503280735
0.6737256426934141
0.4376955199085335

VECTORS Vvpm float
0.09155531227588654 0.15269310772418976 -0.2567375898361206
0.09029759466648102 0.1551094353199005 -0.22669342160224915
0.09077003598213196 0.15405264496803284 -0.2387023568153381
0.08986350893974304 0.1562415510416031 -0.21513201296329498
0.09025807678699493 0.15518930554389954 -0.22580833733081815
0.09105439484119415 0.15349052846431732 -0.2456732988357544
0.09127424657344818 0.15309050679206848 -0.25093919038772583
0.09277097880840302 0.15126271545886993 -0.28107720613479614
0.09401382505893707 0.150417760014534 -0.3016091585159302
0.09619170427322388 0.14969851076602936 -0.3317583203315735
0.09881189465522766 0.14954453706741333 -0.3615283966064453
0.10244299471378325 0.14996249973773956 -0.39616891741752625
0.1000145971775055 0.14962328970432281 -0.3736872375011444
0.09821024537086487 0.14953407645225525 -0.35519593954086304
0.09815499186515808 0.14953461289405823 -0.35459214448928833
0.09887641668319702 0.14954517781734467 -0.36227113008499146
0.09808944165706635 0.1495331972837448 -0.35387715697288513
0.10101117193698883 0.14973364770412445 -0.38327842950820923
0.09950485825538635 0.14957836270332336 -0.3686200976371765
0.09547866880893707 0.14985115826129913 -0.32253751158714294
0.09481354057788849 0.15005913376808167 -0.3134259581565857
0.09524907171726227 0.1499170958995819 -0.3194116950035095
0.09569267928600311 0.14980080723762512 -0.32526683807373047
0.09747190773487091 0.14955277740955353 -0.34686362743377686
0.09457236528396606 0.15015552937984467 -0.309861421585083
0.09490847587585449 0.1500295251607895 -0.31462544202804565
0.0952489823102951 0.14992043375968933 -0.31929370760917664
0.09678740799427032 0.1496122032403946 -0.3388117551803589
0.09718731045722961 0.14957347512245178 -0.3435019850730896
0.0962374359369278 0.14969249069690704 -0.33207669854164124
0.09774419665336609 0.14953123033046722 -0.35002201795578003
0.0951174944639206 0.1499451994895935 -0.3176415264606476
0.09371176362037659 0.15056446194648743 -0.29692956805229187
0.09394672513008118 0.15043401718139648 -0.30058753490448
0.09418399631977081 0.15031442046165466 -0.30418843030929565
0.09628638625144958 0.1496669203042984 -0.3328453600406647
0.09657265245914459 0.14962467551231384 -0.33634209632873535
0.0968606024980545 0.14959052205085754 -0.3397822678089142
0.09714998304843903 0.14956338703632355 -0.3431638479232788
0.09744004905223846 0.14954333007335663 -0.346486359834671
0.09772977232933044 0.14953026175498962 -0.3497467339038849
0.10039663314819336 0.14964453876018524 -0.37728947401046753
0.1007496565580368 0.14968617260456085 -0.3806462585926056
0.097288578748703 0.1495526283979416 -0.34468501806259155
0.09754215180873871 0.14953751862049103 -0.34757280349731445
0.09779694676399231 0.14952713251113892 -0.35042324662208557
0.10357944667339325 0.15016163885593414 -0.4058853089809418
0.10391736030578613 0.15023402869701385 -0.4087067246437073
0.10362508893013002 0.15017268061637878 -0.40628924965858465
0.11036223173141481 0.15197640657424927 -0.45742008090019226
0.11038178205490111 0.15198303759098053 -0.45755761861801153
0.1036766469478607 0.150186225771904 -0.406736820936203
0.10396747291088103 0.15024784207344055 -0.4091423451900482
0.10362738370895386 0.1501747965812683 -0.40631181001663214
0.10328572988510133 0.1501043140888214 -0.40343397855758667
0.10294283926486968 0.1500362753868103 -0.4005080461502075
0.09730963408946991 0.1495528519153595 -0.34494975209236145
0.10077658295631409 0.1496921181678772 -0.3809005320072174
0.09711691737174988 0.1495743840932846 -0.34265562891960144
0.09517942368984222 0.14993983507156372 -0.31829118728637695
0.09493130445480347 0.15002015233039856 -0.31486907601356506
0.09468443691730499 0.15011022984981537 -0.31138959527015686
0.09443996846675873 0.15020966529846191 -0.3078562021255493
0.0941978394985199 0.15031951665878296 -0.30426955223083496
0.0926850289106369 0.15134625136852264 -0.2792811989784241
0.09248605370521545 0.15153340995311737 -0.2756354808807373
0.09228935837745667 0.15173396468162537 -0.2719360589981079
0.09209524095058441 0.1519477367401123 -0.26818615198135376
0.0932130217552185 0.15091067552566528 -0.28860408067703247
0.09535898268222809 0.14988599717617035 -0.3208470940589905
0.09627346694469452 0.1496894359588623 -0.33252987265586853
0.09722425043582916 0.14957298338413239 -0.3439388573169708
0.09682181477546692 0.14961060881614685 -0.33923378586769104
0.09527549147605896 0.14991556107997894 -0.31967249512672424
0.09493324160575867 0.1500234603881836 -0.314990371465683
0.09459522366523743 0.1501486748456955 -0.3102124333381653
0.0961819440126419 0.14970523118972778 -0.33148592710494995
0.0957297533750534 0.14979615807533264 -0.3257528245449066
0.09398572146892548 0.1504363715648651 -0.30110642313957214
0.09359666705131531 0.1506575644016266 -0.2950061559677124
0.0941695123910904 0.1503393054008484 -0.3039669096469879
0.09784901142120361 0.1495439112186432 -0.3511205017566681
0.09722232818603516 0.14957594871520996 -0.34406107664108276
0.09513473510742188 0.1499607115983963 -0.3178338408470154
0.09592628479003906 0.14975744485855103 -0.3283177316188812
0.09668858349323273 0.14963145554065704 -0.3377908766269684
0.09572714567184448 0.14980153739452362 -0.32576438784599304
0.10035860538482666 0.14966128766536713 -0.3770340085029602
0.10003302991390228 0.14962905645370483 -0.373832643032074
0.09773239493370056 0.14954951405525208 -0.3498302102088928
0.09530819952487946 0.14990603923797607 -0.3202601373195648
0.09340542554855347 0.1507844775915146 -0.29188671708106995
0.09170205891132355 0.1524529904127121 -0.2602412700653076
0.09048371016979218 0.15463122725486755 -0.23188354074954987
0.09008900821208954 0.15562346577644348 -0.22130329906940463
0.08996586501598358 0.15594986081123352 -0.21801272034645083
0.08925580978393555 0.15813954174518585 -0.19801193475723267
0.08977968990802765 0.15650807321071625 -0.2126566022634506
0.08939217031002045 0.15770384669303894 -0.20178940892219543
0.09033071994781494 0.1550421416759491 -0.2274913787841797
0.09155531227588654 0.15269310772418976 -0.2567375898361206
0.09029759466648102 0.1551094353199005 -0.22669342160224915
0.09077003598213196 0.15405264496803284 -0.2387023568153381
0.08986350893974304 0.1562415510416031 -0.21513201296329498
0.09025807678699493 0.15518930554389954 -0.22580833733081815
0.09105439484119415 0.15349052846431732 -0.2456732988357544
0.09127424657344818 0.15309050679206848 -0.25093919038772583
0.09277097880840302 0.15126271545886993 -0.28107720613479614
0.09401382505893707 0.150417760014534 -0.3016091585159302
0.09619170427322388 0.14969851076602936 -0.3317583203315735
0.09881189465522766 0.14954453706741333 -0.3615283966064453
0.10244299471378325 0.14996249973773956 -0.39616891741752625
0.1000145971775055 0.14962328970432281 -0.3736872375011444
0.09821024537086487 0.14953407645225525 -0.35519593954086304
0.09815499186515808 0.14953461289405823 -0.35459214448928833
0.09887641668319702 0.14954517781734467 -0.36227113008499146
0.09808944165706635 0.1495331972837448 -0.35387715697288513
0.10101117193698883 0.14973364770412445 -0.38327842950820923
0.09950485825538635 0.14957836270332336 -0.3686200976371765
0.09547866880893707 0.14985115826129913 -0.32253751158714294
0.09481354057788849 0.15005913376808167 -0.3134259581565857
0.09524907171726227 0.1499170958995819 -0.3194116950035095
0.09569267928600311 0.14980080723762512 -0.32526683807373047
0.09747190773487091 0.14955277740955353 -0.34686362743377686
0.09457236528396606 0.15015552937984467 -0.309861421585083
0.09490847587585449 0.1500295251607895 -0.31462544202804565
0.0952489823102951 0.14992043375968933 -0.31929370760917664
0.09678740799427032 0.1496122032403946 -0.3388117551803589
0.09718731045722961 0.14957347512245178 -0.3435019850730896
0.0962374359369278 0.14969249069690704 -0.33207669854164124
0.09774419665336609 0.14953123033046722 -0.35002201795578003
0.0951174944639206 0.1499451994895935 -0.3176415264606476
0.09371176362037659 0.15056446194648743 -0.29692956805229187
0.09394672513008118 0.15043401718139648 -0.30058753490448
0.09418399631977081 0.15031442046165466 -0.30418843030929565
0.09628638625144958 0.1496669203042984 -0.3328453600406647
0.09657265245914459 0.14962467551231384 -0.33634209632873535
0.0968606024980545 0.14959052205085754 -0.3397822678089142
0.09714998304843903 0.14956338703632355 -0.3431638479232788
0.09744004905223846 0.14954333007335663 -0.346486359834671
0.09772977232933044 0.14953026175498962 -0.3497467339038849
0.10039663314819336 0.14964453876018524 -0.37728947401046753
0.1007496565580368 0.14968617260456085 -0.3806462585926056
0.097288578748703 0.1495526283979416 -0.34468501806259155
0.09754215180873871 0.14953751862049103 -0.34757280349731445
0.09779694676399231 0.14952713251113892 -0.35042324662208557
0.10357944667339325 0.15016163885593414 -0.4058853089809418
0.10391736030578613 0.15023402869701385 -0.4087067246437073
0.10362508893013002 0.15017268061637878 -0.40628924965858465
0.11036223173141481 0.15197640657424927 -0.45742008090019226
0.11038178205490111 0.15198303759098053 -0.45755761861801153
0.1036766469478607 0.150186225771904 -0.406736820936203
0.10396747291088103 0.15024784207344055 -0.4091423451900482
0.10362738370895386 0.1501747965812683 -0.40631181001663214
0.10328572988510133 0.1501043140888214 -0.40343397855758667
0.10294283926486968 0.1500362753868103 -0.4005080461502075
0.09730963408946991 0.1495528519153595 -0.34494975209236145
0.10077658295631409 0.1496921181678772 -0.3809005320072174
0.09711691737174988 0.1495743840932846 -0.34265562891960144
0.09517942368984222 0.14993983507156372 -0.31829118728637695
0.09493130445480347 0.15002015233039856 -0.31486907601356506
0.09468443691730499 0.15011022984981537 -0.31138959527015686
0.09443996846675873 0.15020966529846191 -0.3078562021255493
0.0941978394985199 0.15031951665878296 -0.30426955223083496
0.0926850289106369 0.15134625136852264 -0.2792811989784241
0.09248605370521545 0.15153340995311737 -0.2756354808807373
0.09228935837745667 0.15173396468162537 -0.2719360589981079
0.09209524095058441 0.1519477367401123 -0.26818615198135376
0.0932130217552185 0.15091067552566528 -0.28860408067703247
0.09535898268222809 0.14988599717617035 -0.3208470940589905
0.09627346694469452 0.1496894359588623 -0.33252987265586853
0.09722425043582916 0.14957298338413239 -0.3439388573169708
0.09682181477546692 0.14961060881614685 -0.33923378586769104
0.09527549147605896 0.14991556107997894 -0.31967249512672424
0.09493324160575867 0.1500234603881836 -0.314990371465683
0.09459522366523743 0.1501486748456955 -0.3102124333381653
0.0961819440126419 0.14970523118972778 -0.33148592710494995
0.0957297533750534 0.14979615807533264 -0.3257528245449066
0.09398572146892548 0.1504363715648651 -0.30110642313957214
0.09359666705131531 0.1506575644016266 -0.2950061559677124
0.0941695123910904 0.1503393054008484 -0.3039669096469879
0.09784901142120361 0.1495439112186432 -0.3511205017566681
0.09722232818603516 0.14957594871520996 -0.34406107664108276
0.09513473510742188 0.1499607115983963 -0.3178338408470154
0.09592628479003906 0.14975744485855103 -0.3283177316188812
0.09668858349323273 0.14963145554065704 -0.3377908766269684
0.09572714567184448 0.14980153739452362 -0.32576438784599304
0.10035860538482666 0.14966128766536713 -0.3770340085029602
0.10003302991390228 0.14962905645370483 -0.373832643032074
0.09773239493370056 0.14954951405525208 -0.3498302102088928
0.09530819952487946 0.14990603923797607 -0.3202601373195648
0.09340542554855347 0.1507844775915146 -0.29188671708106995
0.09170205891132355 0.1524529904127121 -0.2602412700653076
0.09048371016979218 0.15463122725486755 -0.23188354074954987
0.09008900821208954 0.15562346577644348 -0.22130329906940463
0.08996586501598358 0.15594986081123352 -0.21801272034645083
0.08925580978393555 0.15813954174518585 -0.19801193475723267
0.08977968990802765 0.15650807321071625 -0.2126566022634506
0.08939217031002045 0.15770384669303894 -0.20178940892219543
0.09033071994781494 0.1550421416759491 -0.2274913787841797

VECTORS Vvpm_BBp float
0.0995090901851654 0.1495620459318161 -0.36859211325645447
0.10459342598915099 0.15039114654064178 -0.4142603874206543
0.10798358917236328 0.15127353370189667 -0.4404116868972778
0.1123209297657013 0.15261000394821167 -0.47063785791397095
0.11347626149654388 0.15299326181411743 -0.47823193669319153
0.12068898975849152 0.1555519551038742 -0.5223361253738403
0.12150664627552032 0.15585602819919586 -0.5270439982414246
0.12814024090766907 0.1583889126777649 -0.5635681748390198
0.1317356377840042 0.15979784727096558 -0.5823125839233398
0.13323451578617096 0.1603911966085434 -0.5899519920349121
0.13108086585998535 0.15953688323497772 -0.5789408683776855
0.13360288739204407 0.16053710877895355 -0.5918211340904236
0.13151857256889343 0.15970928966999054 -0.5812047123908997
0.13022640347480774 0.15919777750968933 -0.5745161771774292
0.12721529603004456 0.15802061557769775 -0.558616578578949
0.1280156672000885 0.1583293080329895 -0.5628762245178223
0.130391463637352 0.15925823152065277 -0.5753602385520935
0.1298518180847168 0.15904511511325836 -0.5725476145744324
0.1305357664823532 0.15931206941604614 -0.5760968923568726
0.12573468685150146 0.1574396789073944 -0.5505861043930054
0.12497329711914062 0.15714530646800995 -0.54640793800354
0.1255934089422226 0.15738146007061005 -0.5497903227806091
0.1245395839214325 0.15697790682315826 -0.544012188911438
0.12223711609840392 0.15610460937023163 -0.5311233997344971
0.12277980148792267 0.15630781650543213 -0.5341875553131104
0.12942515313625336 0.15886513888835907 -0.57027667760849
0.12844732403755188 0.1584804654121399 -0.5651124715805054
0.12769925594329834 0.15818770229816437 -0.561133861541748
0.12818261981010437 0.15837478637695312 -0.5636999011039734
0.1224980354309082 0.15619319677352905 -0.5325763821601868
0.12299898266792297 0.1563803255558014 -0.5353893041610718
0.12349213659763336 0.1565653681755066 -0.5381423234939575
0.1168155074119568 0.15410654246807098 -0.4991489350795746
0.11724457144737244 0.15425845980644226 -0.5017635822296143
0.11767004430294035 0.15441033244132996 -0.5043405890464783
0.11809135973453522 0.15456148982048035 -0.5068782567977905
0.11850905418395996 0.15471194684505463 -0.509377658367157
0.11892299354076384 0.1548616737127304 -0.5118381381034851
0.11677084863185881 0.15408650040626526 -0.49883943796157837
0.11721469461917877 0.1542443186044693 -0.5015518069267273
0.11549703776836395 0.15363754332065582 -0.4909387230873108
0.12488313019275665 0.1570812314748764 -0.545837938785553
0.12525193393230438 0.15722227096557617 -0.547860860824585
0.12561611831188202 0.15736183524131775 -0.5498493909835815
0.12597553431987762 0.15749984979629517 -0.551803708076477
0.12633028626441956 0.15763631463050842 -0.5537246465682983
0.12668010592460632 0.1577710509300232 -0.5556125640869141
0.12177042663097382 0.15589609742164612 -0.5283801555633545
0.12611515820026398 0.15755560994148254 -0.5525708794593811
0.139261856675148 0.16275560855865479 -0.6196397542953491
0.1261151283979416 0.15755654871463776 -0.552570104598999
0.12177169322967528 0.15589816868305206 -0.5283787250518799
0.12667948007583618 0.1577722579240799 -0.5556111931800842
0.12632916867733002 0.15763729810714722 -0.5537228584289551
0.1259744018316269 0.15750111639499664 -0.551801860332489
0.1256149411201477 0.1573629230260849 -0.549847424030304
0.1252516359090805 0.157223179936409 -0.5478599667549133
0.12488381564617157 0.15708176791667938 -0.5458378791809082
0.11549724638462068 0.15363909304141998 -0.4909377098083496
0.11721467971801758 0.1542450189590454 -0.5015512704849243
0.11677120625972746 0.15408724546432495 -0.49883943796157837
0.11892388761043549 0.15486285090446472 -0.5118378400802612
0.1185101717710495 0.154712975025177 -0.5093777179718018
0.11809240281581879 0.15456239879131317 -0.5068783164024353
0.11767126619815826 0.15441109240055084 -0.5043407082557678
0.11724571883678436 0.15425942838191986 -0.5017638206481934
0.11681666970252991 0.15410757064819336 -0.49914881587028503
0.12349408864974976 0.15656691789627075 -0.5381417870521545
0.12300057709217072 0.1563820242881775 -0.5353885889053345
0.1224994957447052 0.15619468688964844 -0.5325755476951599
0.12818282842636108 0.15837562084197998 -0.5636990666389465
0.12769918143749237 0.15818843245506287 -0.5611331462860107
0.12844672799110413 0.15848104655742645 -0.5651118755340576
0.12942488491535187 0.15886586904525757 -0.5702759027481079
0.12277911603450774 0.1563090831041336 -0.5341861844062805
0.12223646044731139 0.15610577166080475 -0.5311219692230225
0.12453977763652802 0.15697921812534332 -0.544011116027832
0.1255938708782196 0.15738297998905182 -0.549789309501648
0.12497416138648985 0.15714675188064575 -0.546407163143158
0.12573614716529846 0.15744084119796753 -0.5505855083465576
0.13053692877292633 0.159312903881073 -0.5760967135429382
0.1298527717590332 0.15904583036899567 -0.572547197341919
0.13039278984069824 0.15925903618335724 -0.575360119342804
0.1280170977115631 0.15833093225955963 -0.5628754496574402
0.12721671164035797 0.15802210569381714 -0.5586159825325012
0.13022762537002563 0.15919901430606842 -0.5745155811309814
0.13151998817920685 0.1597105860710144 -0.5812044143676758
0.13360486924648285 0.16053834557533264 -0.5918208360671997
0.13108274340629578 0.15953858196735382 -0.5789399743080139
0.1332363784313202 0.1603926122188568 -0.5899515151977539
0.13173724710941315 0.15979896485805511 -0.5823123455047607
0.12814128398895264 0.15838943421840668 -0.5635679960250854
0.1215067207813263 0.15585657954216003 -0.5270437002182007
0.12068811058998107 0.15555191040039062 -0.5223362445831299
0.11347448825836182 0.15299320220947266 -0.4782314896583557
0.1123185008764267 0.1526091992855072 -0.47063788771629333
0.10798099637031557 0.15127234160900116 -0.44041174650192255
0.10458992421627043 0.15038932859897614 -0.4142603278160095
0.09950502216815948 0.14955997467041016 -0.3685913681983948
0.09955814480781555 0.1495780348777771 -0.3691248595714569
0.0995090901851654 0.1495620459318161 -0.36859211325645447
0.10459342598915099 0.15039114654064178 -0.4142603874206543
0.10798358917236328 0.15127353370189667 -0.4404116868972778
0.1123209297657013 0.15261000394821167 -0.47063785791397095
0.11347626149654388 0.15299326181411743 -0.47823193669319153
0.12068898975849152 0.1555519551038742 -0.5223361253738403
0.12150664627552032 0.15585602819919586 -0.5270439982414246
0.12814024090766907 0.1583889126777649 -0.5635681748390198
0.1317356377840042 0.15979784727096558 -0.5823125839233398
0.13323451578617096 0.1603911966085434 -0.5899519920349121
0.13108086585998535 0.15953688323497772 -0.5789408683776855
0.13360288739204407 0.16053710877895355 -0.5918211340904236
0.13151857256889343 0.15970928966999054 -0.5812047123908997
0.13022640347480774 0.15919777750968933 -0.5745161771774292
0.12721529603004456 0.15802061557769775 -0.558616578578949
0.1280156672000885 0.1583293080329895 -0.5628762245178223
0.130391463637352 0.15925823152065277 -0.5753602385520935
0.1298518180847168 0.15904511511325836 -0.5725476145744324
0.1305357664823532 0.15931206941604614 -0.5760968923568726
0.12573468685150146 0.1574396789073944 -0.5505861043930054
0.12497329711914062 0.15714530646800995 -0.54640793800354
0.1255934089422226 0.15738146007061005 -0.5497903227806091
0.1245395839214325 0.15697790682315826 -0.544012188911438
0.12223711609840392 0.15610460937023163 -0.5311233997344971
0.12277980148792267 0.15630781650543213 -0.5341875553131104
0.12942515313625336 0.15886513888835907 -0.57027667760849
0.12844732403755188 0.1584804654121399 -0.5651124715805054
0.12769925594329834 0.15818770229816437 -0.561133861541748
0.12818261981010437 0.15837478637695312 -0.5636999011039734
0.1224980354309082 0.15619319677352905 -0.5325763821601868
0.12299898266792297 0.1563803255558014 -0.5353893041610718
0.12349213659763336 0.1565653681755066 -0.5381423234939575
0.1168155074119568 0.15410654246807098 -0.4991489350795746
0.11724457144737244 0.15425845980644226 -0.5017635822296143
0.11767004430294035 0.15441033244132996 -0.5043405890464783
0.11809135973453522 0.15456148982048035 -0.5068782567977905
0.11850905418395996 0.15471194684505463 -0.509377658367157
0.11892299354076384 0.1548616737127304 -0.5118381381034851
0.11677084863185881 0.15408650040626526 -0.49883943796157837
0.11721469461917877 0.1542443186044693 -0.5015518069267273
0.11549703776836395 0.15363754332065582 -0.4909387230873108
0.12488313019275665 0.1570812314748764 -0.545837938785553
0.12525193393230438 0.15722227096557617 -0.547860860824585
0.12561611831188202 0.15736183524131775 -0.5498493909835815
0.12597553431987762 0.15749984979629517 -0.551803708076477
0.12633028626441956 0.15763631463050842 -0.5537246465682983
0.12668010592460632 0.1577710509300232 -0.5556125640869141
0.12177042663097382 0.15589609742164612 -0.5283801555633545
0.12611515820026398 0.15755560994148254 -0.5525708794593811
0.139261856675148 0.16275560855865479 -0.6196397542953491
0.1261151283979416 0.15755654871463776 -0.552570104598999
0.12177169322967528 0.15589816868305206 -0.5283787250518799
0.12667948007583618 0.1577722579240799 -0.5556111931800842
0.12632916867733002 0.15763729810714722 -0.5537228584289551
0.1259744018316269 0.15750111639499664 -0.551801860332489
0.1256149411201477 0.1573629230260849 -0.549847424030304
0.1252516359090805 0.157223179936409 -0.5478599667549133
0.12488381564617157 0.15708176791667938 -0.5458378791809082
0.11549724638462068 0.15363909304141998 -0.4909377098083496
0.11721467971801758 0.1542450189590454 -0.5015512704849243
0.11677120625972746 0.15408724546432495 -0.49883943796157837
0.11892388761043549 0.15486285090446472 -0.5118378400802612
0.1185101717710495 0.154712975025177 -0.5093777179718018
0.11809240281581879 0.15456239879131317 -0.5068783164024353
0.11767126619815826 0.15441109240055084 -0.5043407082557678
0.11724571883678436 0.15425942838191986 -0.5017638206481934
0.11681666970252991 0.15410757064819336 -0.49914881587028503
0.12349408864974976 0.15656691789627075 -0.5381417870521545
0.12300057709217072 0.1563820242881775 -0.5353885889053345
0.1224994957447052 0.15619468688964844 -0.5325755476951599
0.12818282842636108 0.15837562084197998 -0.5636990666389465
0.12769918143749237 0.15818843245506287 -0.5611331462860107
0.12844672799110413 0.15848104655742645 -0.5651118755340576
0.12942488491535187 0.15886586904525757 -0.5702759027481079
0.12277911603450774 0.1563090831041336 -0.5341861844062805
0.12223646044731139 0.15610577166080475 -0.5311219692230225
0.12453977763652802 0.15697921812534332 -0.544011116027832
0.1255938708782196 0.15738297998905182 -0.549789309501648
0.12497416138648985 0.15714675188064575 -0.546407163143158
0.12573614716529846 0.15744084119796753 -0.5505855083465576
0.13053692877292633 0.159312903881073 -0.5760967135429382
0.1298527717590332 0.15904583036899567 -0.572547197341919
0.13039278984069824 0.15925903618335724 -0.575360119342804
0.1280170977115631 0.15833093225955963 -0.5628754496574402
0.12721671164035797 0.15802210569381714 -0.5586159825325012
0.13022762537002563 0.15919901430606842 -0.5745155811309814
0.13151998817920685 0.1597105860710144 -0.5812044143676758
0.13360486924648285 0.16053834557533264 -0.5918208360671997
0.13108274340629578 0.15953858196735382 -0.5789399743080139
0.1332363784313202 0.1603926122188568 -0.5899515151977539
0.13173724710941315 0.15979896485805511 -0.5823123455047607
0.12814128398895264 0.15838943421840668 -0.5635679960250854
0.1215067207813263 0.15585657954216003 -0.5270437002182007
0.12068811058998107 0.15555191040039062 -0.5223362445831299
0.11347448825836182 0.15299320220947266 -0.4782314896583557
0.1123185008764267 0.1526091992855072 -0.47063788771629333
0.10798099637031557 0.15127234160900116 -0.44041174650192255
0.10458992421627043 0.15038932859897614 -0.4142603278160095
0.09950502216815948 0.14955997467041016 -0.3685913681983948
0.09955814480781555 0.1495780348777771 -0.3691248595714569

VECTORS ftot float
-5.727234406251124 -9.208046343229483 5.128034938436425
-7.553641332258246 -11.034444436706877 7.181319046587247
-8.50247269011526 -11.98326130659692 8.866799162218541
-9.112029174247333 -12.59286724229574 10.391444613536766
-9.555686397629714 -13.036545655204847 11.818900186372383
-9.894173115165943 -13.375056391206423 13.180468269637272
-10.140108073844559 -13.621002650661206 14.493150559615636
-10.33513173736354 -13.81602784117411 15.761305223417114
-10.471807618951747 -13.952785674926224 16.991970583028486
-10.571426222904897 -14.052387909337641 18.185388009990646
-10.637707512125406 -14.118643998971736 19.343599176723938
-10.68841500646777 -14.169356678001819 20.467567468023304
-10.651445804517694 -14.132377706703677 21.56494878620531
-10.564323409061476 -14.045247779239432 22.624260261205546
-10.456287276360646 -13.937203293062025 23.638005583768106
-10.335663749221114 -13.816569875671844 24.6045810694997
-10.174067330982263 -13.654993246756518 25.525677317485226
-10.05585371272669 -13.536769620524858 26.392268941486666
-9.886618360176755 -13.367524730783236 27.219336596808247
-9.640878986834505 -13.121783243838724 28.003081344552584
-9.412768430484846 -12.893660447335497 28.725031371220894
-9.204219446975342 -12.685105341184151 29.38634315562823
-9.00203130026502 -12.482912012813928 29.99147430874764
-8.843085003415123 -12.323983030541285 30.54111193652238
-8.591418374755234 -12.072319117468387 31.05287153291946
-8.384033179774772 -11.86492944647638 31.50300656963928
-8.182917800691138 -11.66380935568822 31.899581723701967
-8.01851663124428 -11.499401829692017 32.24286004747653
-7.8450513351189795 -11.325930646971143 32.54457626294478
-7.638618578218683 -11.119483531696881 32.80727153303273
-7.484303472590259 -10.96531752043014 33.02073539421733
-7.2418395270960785 -10.722846865714429 33.207054816456946
-6.98195044120024 -10.462975107510092 33.34592220859767
-6.746134620488785 -10.227157167121636 33.428437071724424
-6.503530457041751 -9.984550176442049 33.4609872228496
-6.3071899968561045 -9.788207243160057 33.43947178544094
-6.073150756075344 -9.55425280613651 33.38334589292058
-5.82366137345465 -9.30475718342162 33.28676904689345
-5.558281611705821 -9.039371063072057 33.14817892858671
-5.2749257290229625 -8.756009411736477 32.96617540596943
-4.968791379422245 -8.449871878732203 32.73872401674928
-4.69143506165226 -8.172512022703343 32.45820736779789
-4.366702772492145 -7.8477740805201 32.14511215567562
-3.925732396288748 -7.406798758489347 31.801713361625755
-3.474314113199652 -6.955374587042188 31.389748003005568
-2.9332429552430046 -6.414297894025685 30.918174964096316
-2.3141543587762046 -5.795202587625846 30.377382568339396
-1.187074209234121 -4.668117256918977 29.829157359596874
1.4799761640816538 -2.0010899578774426 29.283188135008906
15.659818533559967 12.178590341583147 28.78238178587787
15.654035293702488 -12.172807458029784 27.774084715870025
1.4707052607954587 2.0103594395875293 28.25266542086022
-1.1993830072371696 4.6804246334701824 28.773902903074937
-2.333309473930318 5.814356752951052 29.29422852293767
-3.0096832787631485 6.490737621732739 29.79036985539868
-3.497782095649527 6.978841738225077 30.254426143280526
-3.844553524479663 7.325618701873844 30.696233874059246
-4.283253958858948 7.764324317412667 31.060114020296012
-4.562244782880135 8.043320559003211 31.40553710647368
-4.868466543405356 8.349545504487805 31.701521075680848
-5.192414084388387 8.673496464086979 31.940919502549562
-5.493177867558103 8.974266605558398 32.132081333883214
-5.775230054954482 9.256324444717281 32.27789976723919
-6.039478034730709 9.520578782552596 32.38077415034147
-6.266843994986878 9.747859227983138 32.44645964876928
-6.529414112570217 10.010432172320176 32.45943039551097
-6.7810497919792345 10.262070560636559 32.42407851357033
-7.0288686766149695 10.509892154896956 32.339352060589405
-7.30208747405622 10.783093745903624 32.19821603638752
-7.561010584493866 11.042023449090411 32.00801928724535
-7.763042616478383 11.243907330276217 31.782349079553036
-7.954564129605643 11.435442729378382 31.518609971836568
-8.117474041236097 11.598358291672897 31.220633907062858
-8.272472745340707 11.753363470708283 30.884991100935387
-8.464412621647629 11.945307940872809 30.500113139757257
-8.661726438629179 12.142625880029062 30.06589875887565
-8.889197288294035 12.370094959021667 29.576738408440832
-9.068436034174356 12.549316034762619 29.04522243350489
-9.240520281337265 12.721405464120908 28.46787857006009
-9.456147253392736 12.937038204921299 27.83282179430149
-9.689003486541232 13.169906795174278 27.138510808689613
-9.938586989495754 13.41949241351868 26.38452936573563
-10.091607251956182 13.572522330837096 25.592012363474087
-10.232972642391875 13.713897847451719 24.75506435277915
-10.41184066526138 13.892745726924904 23.862940678229457
-10.557100792648496 14.038016569007237 22.923487980748302
-10.656280685195393 14.137204462326245 21.942005731794836
-10.774550809636679 14.255482238112304 20.91081367905562
-10.781923196072542 14.262865102224321 19.85105070863299
-10.744229597269928 14.225165846395726 18.76165031694906
-10.676328377158756 14.157289352395944 17.640294833620345
-10.575900572405988 14.056877563287106 16.48535019181012
-10.431972398566355 13.912867436160475 15.295943429673123
-10.241018475631066 13.721911630310112 14.068954023587056
-9.994484052464927 13.475366378171659 12.7990028383866
-9.662997871033584 13.143855705466937 11.48002914535824
-9.211099523143476 12.691936168233838 10.0994427641152
-8.597520125606254 12.07830755459685 8.624898594384938
-7.646157148147143 11.126958475750907 6.9938188060775826
-5.807934523495122 9.288744328304611 5.006611848989367
-5.727234406251124 -9.208046343229483 5.128034938436425
-7.553641332258246 -11.034444436706877 7.181319046587247
-8.50247269011526 -11.98326130659692 8.866799162218541
-9.112029174247333 -12.59286724229574 10.391444613536766
-9.555686397629714 -13.036545655204847 11.818900186372383
-9.894173115165943 -13.375056391206423 13.180468269637272
-10.140108073844559 -13.621002650661206 14.493150559615636
-10.33513173736354 -13.81602784117411 15.761305223417114
-10.471807618951747 -13.952785674926224 16.991970583028486
-10.571426222904897 -14.052387909337641 18.185388009990646
-10.637707512125406 -14.118643998971736 19.343599176723938
-10.68841500646777 -14.169356678001819 20.467567468023304
-10.651445804517694 -14.132377706703677 21.56494878620531
-10.564323409061476 -14.045247779239432 22.624260261205546
-10.456287276360646 -13.937203293062025 23.638005583768106
-10.335663749221114 -13.816569875671844 24.6045810694997
-10.174067330982263 -13.654993246756518 25.525677317485226
-10.05585371272669 -13.536769620524858 26.392268941486666
-9.886618360176755 -13.367524730783236 27.219336596808247
-9.640878986834505 -13.121783243838724 28.003081344552584
-9.412768430484846 -12.893660447335497 28.725031371220894
-9.204219446975342 -12.685105341184151 29.38634315562823
-9.00203130026502 -12.482912012813928 29.99147430874764
-8.843085003415123 -12.323983030541285 30.54111193652238
-8.591418374755234 -12.072319117468387 31.05287153291946
-8.384033179774772 -11.86492944647638 31.50300656963928
-8.182917800691138 -11.66380935568822 31.899581723701967
-8.01851663124428 -11.499401829692017 32.24286004747653
-7.8450513351189795 -11.325930646971143 32.54457626294478
-7.638618578218683 -11.119483531696881 32.80727153303273
-7.484303472590259 -10.96531752043014 33.02073539421733
-7.2418395270960785 -10.722846865714429 33.207054816456946
-6.98195044120024 -10.462975107510092 33.34592220859767
-6.746134620488785 -10.227157167121636 33.428437071724424
-6.503530457041751 -9.984550176442049 33.4609872228496
-6.3071899968561045 -9.788207243160057 33.43947178544094
-6.073150756075344 -9.55425280613651 33.38334589292058
-5.82366137345465 -9.30475718342162 33.28676904689345
-5.558281611705821 -9.039371063072057 33.14817892858671
-5.2749257290229625 -8.756009411736477 32.96617540596943
-4.968791379422245 -8.449871878732203 32.73872401674928
-4.69143506165226 -8.172512022703343 32.45820736779789
-4.366702772492145 -7.8477740805201 32.14511215567562
-3.925732396288748 -7.406798758489347 31.801713361625755
-3.474314113199652 -6.955374587042188 31.389748003005568
-2.9332429552430046 -6.414297894025685 30.918174964096316
-2.3141543587762046 -5.795202587625846 30.377382568339396
-1.187074209234121 -4.668117256918977 29.829157359596874
1.4799761640816538 -2.0010899578774426 29.283188135008906
15.659818533559967 12.178590341583147 28.78238178587787
15.654035293702488 -12.172807458029784 27.774084715870025
1.4707052607954587 2.0103594395875293 28.25266542086022
-1.1993830072371696 4.6804246334701824 28.773902903074937
-2.333309473930318 5.814356752951052 29.29422852293767
-3.0096832787631485 6.490737621732739 29.79036985539868
-3.497782095649527 6.978841738225077 30.254426143280526
-3.844553524479663 7.325618701873844 30.696233874059246
-4.283253958858948 7.764324317412667 31.060114020296012
-4.562244782880135 8.043320559003211 31.40553710647368
-4.868466543405356 8.349545504487805 31.701521075680848
-5.192414084388387 8.673496464086979 31.940919502549562
-5.493177867558103 8.974266605558398 32.132081333883214
-5.775230054954482 9.256324444717281 32.27789976723919
-6.039478034730709 9.520578782552596 32.38077415034147
-6.266843994986878 9.747859227983138 32.44645964876928
-6.529414112570217 10.010432172320176 32.45943039551097
-6.7810497919792345 10.262070560636559 32.42407851357033
-7.0288686766149695 10.509892154896956 32.339352060589405
-7.30208747405622 10.783093745903624 32.19821603638752
-7.561010584493866 11.042023449090411 32.00801928724535
-7.763042616478383 11.243907330276217 31.782349079553036
-7.954564129605643 11.435442729378382 31.518609971836568
-8.117474041236097 11.598358291672897 31.220633907062858
-8.272472745340707 11.753363470708283 30.884991100935387
-8.464412621647629 11.945307940872809 30.500113139757257
-8.661726438629179 12.142625880029062 30.06589875887565
-8.889197288294035 12.370094959021667 29.576738408440832
-9.068436034174356 12.549316034762619 29.04522243350489
-9.240520281337265 12.721405464120908 28.46787857006009
-9.456147253392736 12.937038204921299 27.83282179430149
-9.689003486541232 13.169906795174278 27.138510808689613
-9.938586989495754 13.41949241351868 26.38452936573563
-10.091607251956182 13.572522330837096 25.592012363474087
-10.232972642391875 13.713897847451719 24.75506435277915
-10.41184066526138 13.892745726924904 23.862940678229457
-10.557100792648496 14.038016569007237 22.923487980748302
-10.656280685195393 14.137204462326245 21.942005731794836
-10.774550809636679 14.255482238112304 20.91081367905562
-10.781923196072542 14.262865102224321 19.85105070863299
-10.744229597269928 14.225165846395726 18.76165031694906
-10.676328377158756 14.157289352395944 17.640294833620345
-10.575900572405988 14.056877563287106 16.48535019181012
-10.431972398566355 13.912867436160475 15.295943429673123
-10.241018475631066 13.721911630310112 14.068954023587056
-9.994484052464927 13.475366378171659 12.7990028383866
-9.662997871033584 13.143855705466937 11.48002914535824
-9.211099523143476 12.691936168233838 10.0994427641152
-8.597520125606254 12.07830755459685 8.624898594384938
-7.646157148147143 11.126958475750907 6.9938188060775826
-5.807934523495122 9.288744328304611 5.006611848989367

VECTORS D float
-0.012400485483234722 -0.0 -0.00578244134567224
-0.018501420096460695 -0.0 -0.008627353877722416
-0.022200191523210188 -0.0 -0.010352119319780594
-0.024597708143304142 -0.0 -0.011470099680284293
-0.02607925409988798 -0.0 -0.01216095590574791
-0.026726819633994977 -0.0 -0.012462920673459237
-0.026424571702379027 -0.0 -0.012321980148285209
-0.025366160982682753 -0.0 -0.011828435124217492
-0.02339145072191051 -0.0 -0.010907612606982144
-0.020625591959692175 -0.0 -0.009617871484784626
-0.01705744503829981 -0.0 -0.007954017249917185
-0.01284674739730466 -0.0 -0.005990536693745959
-0.007093030263352107 -0.0 -0.003307534331326254
-0.0001820629257933506 -0.0 -8.489733656354461e-5
0.0075179408027901675 0.0 0.0035056733698969936
0.015879636005893743 0.0 0.007404795878262106
0.025310890467506793 0.0 0.01180266205972077
0.0344950396460783 0.0 0.016085301155326606
0.0449140817356264 0.0 0.020943780272322143
0.057030490608044486 0.0 0.026593754518867863
0.06917466342642133 0.0 0.03225667530603476
0.08122631215852015 0.0 0.03787645140320642
0.09337375249325211 0.0 0.04354089585827285
0.10484027655059733 0.0 0.04888782383863145
0.11838270769627421 0.0 0.05520276319189736
0.13107691583490572 0.0 0.06112216966115474
0.14367013558505673 0.0 0.06699448447147893
0.1554267016344468 0.0 0.07247666125391458
0.1673907654868468 0.0 0.07805559585094411
0.18013119410663095 0.0 0.08399655528452656
0.1915039980425581 0.0 0.08929978085454471
0.20510183754258485 0.0 0.09564055754776972
0.21902918769752916 0.0 0.10213498758282645
0.23207823546180903 0.0 0.10821985848694052
0.24505718924315312 0.0 0.11427204403002103
0.2564144830381272 0.0 0.11956803710253372
0.2686362329827694 0.0 0.12526713269777578
0.28104293590484725 0.0 0.13105247328279468
0.2936190513281106 0.0 0.13691681221450358
0.306400478115555 0.0 0.14287688940763635
0.31950213891940676 0.0 0.14898629417502163
0.3311797994552764 0.0 0.15443167671223204
0.3441001057044237 0.0 0.16045651446191728
0.36064170307756316 0.0 0.16816998799512883
0.3768401378551285 0.0 0.1757234421820318
0.3955230845584445 0.0 0.18443544330668973
0.4162511403346505 0.0 0.19410109445379856
0.4555454122385726 0.0 0.21242431436422224
0.5522600743336223 0.0 0.2575231019550169
1.0810030088623725 0.0 0.5040799815211202
1.0633107216381832 0.0 0.49582993249820284
0.5343873138015769 0.0 0.2491888968465537
0.4374853536038828 0.0 0.20400277071613804
0.39783802996428785 0.0 0.18551492007764525
0.37477785048040463 0.0 0.17476178178588173
0.3581760706847979 0.0 0.16702024472818736
0.34627660658927634 0.0 0.1614714334925052
0.33041443455101016 0.0 0.15407478119608958
0.31971105608262607 0.0 0.1490837138481508
0.3076085036261977 0.0 0.14344020095449564
0.2943970797256374 0.0 0.1372796128145324
0.28149605597722044 0.0 0.13126376664260606
0.26881351562103367 0.0 0.12534980094965634
0.2563604238525426 0.0 0.11954282889030196
0.24474223708254444 0.0 0.11412517942557676
0.231782635158124 0.0 0.10808201780157926
0.21886886955541957 0.0 0.10206023000541957
0.20583019370987266 0.0 0.09598019560644044
0.19189734184303478 0.0 0.08948320008099478
0.17821976203246942 0.0 0.08310523987030194
0.1659657405195627 0.0 0.07739109579563744
0.15396593746052173 0.0 0.07179549573285486
0.14267572987312124 0.0 0.06653078547269034
0.1315904701200499 0.0 0.06136164395719579
0.11968550641740375 0.0 0.055810268212594605
0.10771717877813719 0.0 0.050229345379096464
0.09521151991894337 0.0 0.044397860882780485
0.08386161246301359 0.0 0.039105312116729914
0.07283823521114081 0.0 0.033965026885450035
0.061193508372924345 0.0 0.028535001583666654
0.049498900687002426 0.0 0.023081716460602954
0.03785122451578097 0.0 0.017650315862252897
0.028228806653904676 0.0 0.013163308723292529
0.019187262868029447 0.0 0.008947167614395174
0.009989062074911239 0.0 0.004657976143316771
0.0017563305914450437 0.0 0.0008189904050427219
-0.005346381974484702 -0.0 -0.002493058858124059
-0.012192160737803681 -0.0 -0.005685297921494555
-0.017124327709546826 -0.0 -0.007985205151717533
-0.02104215705637261 -0.0 -0.009812118979486792
-0.024166837837892276 -0.0 -0.011269181557199158
-0.026515430100925125 -0.0 -0.01236434811533495
-0.028032695622037147 -0.0 -0.013071860647284026
-0.028758642256519078 -0.0 -0.0134103751223548
-0.028710578015498447 -0.0 -0.013387962398683466
-0.027790144680519442 -0.0 -0.012958757285761612
-0.025953926059531285 -0.0 -0.012102514480748023
-0.02325661296059049 -0.0 -0.01084473672627014
-0.01929318099380737 -0.0 -0.008996558047582844
-0.012910931041528143 -0.0 -0.006020466018575665
-0.012400485483234722 -0.0 -0.00578244134567224
-0.018501420096460695 -0.0 -0.008627353877722416
-0.022200191523210188 -0.0 -0.010352119319780594
-0.024597708143304142 -0.0 -0.011470099680284293
-0.02607925409988798 -0.0 -0.01216095590574791
-0.026726819633994977 -0.0 -0.012462920673459237
-0.026424571702379027 -0.0 -0.012321980148285209
-0.025366160982682753 -0.0 -0.011828435124217492
-0.02339145072191051 -0.0 -0.010907612606982144
-0.020625591959692175 -0.0 -0.009617871484784626
-0.01705744503829981 -0.0 -0.007954017249917185
-0.01284674739730466 -0.0 -0.005990536693745959
-0.007093030263352107 -0.0 -0.003307534331326254
-0.0001820629257933506 -0.0 -8.489733656354461e-5
0.0075179408027901675 0.0 0.0035056733698969936
0.015879636005893743 0.0 0.007404795878262106
0.025310890467506793 0.0 0.01180266205972077
0.0344950396460783 0.0 0.016085301155326606
0.0449140817356264 0.0 0.020943780272322143
0.057030490608044486 0.0 0.026593754518867863
0.06917466342642133 0.0 0.03225667530603476
0.08122631215852015 0.0 0.03787645140320642
0.09337375249325211 0.0 0.04354089585827285
0.10484027655059733 0.0 0.04888782383863145
0.11838270769627421 0.0 0.05520276319189736
0.13107691583490572 0.0 0.06112216966115474
0.14367013558505673 0.0 0.06699448447147893
0.1554267016344468 0.0 0.07247666125391458
0.1673907654868468 0.0 0.07805559585094411
0.18013119410663095 0.0 0.08399655528452656
0.1915039980425581 0.0 0.08929978085454471
0.20510183754258485 0.0 0.09564055754776972
0.21902918769752916 0.0 0.10213498758282645
0.23207823546180903 0.0 0.10821985848694052
0.24505718924315312 0.0 0.11427204403002103
0.2564144830381272 0.0 0.11956803710253372
0.2686362329827694 0.0 0.12526713269777578
0.28104293590484725 0.0 0.13105247328279468
0.2936190513281106 0.0 0.13691681221450358
0.306400478115555 0.0 0.14287688940763635
0.31950213891940676 0.0 0.14898629417502163
0.3311797994552764 0.0 0.15443167671223204
0.3441001057044237 0.0 0.16045651446191728
0.36064170307756316 0.0 0.16816998799512883
0.3768401378551285 0.0 0.1757234421820318
0.3955230845584445 0.0 0.18443544330668973
0.4162511403346505 0.0 0.19410109445379856
0.4555454122385726 0.0 0.21242431436422224
0.5522600743336223 0.0 0.2575231019550169
1.0810030088623725 0.0 0.5040799815211202
1.0633107216381832 0.0 0.49582993249820284
0.5343873138015769 0.0 0.2491888968465537
0.4374853536038828 0.0 0.20400277071613804
0.39783802996428785 0.0 0.18551492007764525
0.37477785048040463 0.0 0.17476178178588173
0.3581760706847979 0.0 0.16702024472818736
0.34627660658927634 0.0 0.1614714334925052
0.33041443455101016 0.0 0.15407478119608958
0.31971105608262607 0.0 0.1490837138481508
0.3076085036261977 0.0 0.14344020095449564
0.2943970797256374 0.0 0.1372796128145324
0.28149605597722044 0.0 0.13126376664260606
0.26881351562103367 0.0 0.12534980094965634
0.2563604238525426 0.0 0.11954282889030196
0.24474223708254444 0.0 0.11412517942557676
0.231782635158124 0.0 0.10808201780157926
0.21886886955541957 0.0 0.10206023000541957
0.20583019370987266 0.0 0.09598019560644044
0.19189734184303478 0.0 0.08948320008099478
0.17821976203246942 0.0 0.08310523987030194
0.1659657405195627 0.0 0.07739109579563744
0.15396593746052173 0.0 0.07179549573285486
0.14267572987312124 0.0 0.06653078547269034
0.1315904701200499 0.0 0.06136164395719579
0.11968550641740375 0.0 0.055810268212594605
0.10771717877813719 0.0 0.050229345379096464
0.09521151991894337 0.0 0.044397860882780485
0.08386161246301359 0.0 0.039105312116729914
0.07283823521114081 0.0 0.033965026885450035
0.061193508372924345 0.0 0.028535001583666654
0.049498900687002426 0.0 0.023081716460602954
0.03785122451578097 0.0 0.017650315862252897
0.028228806653904676 0.0 0.013163308723292529
0.019187262868029447 0.0 0.008947167614395174
0.009989062074911239 0.0 0.004657976143316771
0.0017563305914450437 0.0 0.0008189904050427219
-0.005346381974484702 -0.0 -0.002493058858124059
-0.012192160737803681 -0.0 -0.005685297921494555
-0.017124327709546826 -0.0 -0.007985205151717533
-0.02104215705637261 -0.0 -0.009812118979486792
-0.024166837837892276 -0.0 -0.011269181557199158
-0.026515430100925125 -0.0 -0.01236434811533495
-0.028032695622037147 -0.0 -0.013071860647284026
-0.028758642256519078 -0.0 -0.0134103751223548
-0.028710578015498447 -0.0 -0.013387962398683466
-0.027790144680519442 -0.0 -0.012958757285761612
-0.025953926059531285 -0.0 -0.012102514480748023
-0.02325661296059049 -0.0 -0.01084473672627014
-0.01929318099380737 -0.0 -0.008996558047582844
-0.012910931041528143 -0.0 -0.006020466018575665

VECTORS funs-vector float
0.0 0.0 3.438699708010777e-7
0.0 0.0 4.605430156022875e-7
0.0 0.0 4.709893323835828e-7
0.0 0.0 4.232311112482215e-7
0.0 0.0 5.473026386033038e-7
0.0 0.0 4.932964185012556e-7
0.0 0.0 3.4762681848250903e-7
0.0 0.0 2.1138305748215988e-7
0.0 0.0 2.296081424385028e-7
0.0 0.0 2.3467435219324467e-7
0.0 0.0 1.8788889571458816e-7
0.0 0.0 2.0969334971451572e-7
0.0 0.0 8.130199156332975e-8
0.0 0.0 5.586461329895348e-8
0.0 0.0 9.683985395399348e-8
0.0 0.0 -1.5321779239291744e-7
0.0 0.0 -9.344235639797595e-8
0.0 0.0 -2.800820908532843e-7
0.0 0.0 -3.3350160645217013e-7
0.0 0.0 -3.555515193780098e-7
0.0 0.0 -3.5709221567582405e-7
0.0 0.0 -3.3536249268515605e-7
0.0 0.0 -3.474888004006972e-7
0.0 0.0 -1.8843604204283282e-7
0.0 0.0 -3.2177256253424446e-7
0.0 0.0 -2.1662152701909773e-7
0.0 0.0 -1.6232896820673148e-7
0.0 0.0 -1.0837209820444764e-7
0.0 0.0 3.160118469932885e-8
0.0 0.0 -1.7057136600132339e-7
0.0 0.0 -2.456210633671287e-7
0.0 0.0 -3.657927914508203e-7
0.0 0.0 -6.100136696380271e-7
0.0 0.0 -6.884660909246456e-7
0.0 0.0 -7.714757821666106e-7
0.0 0.0 -1.0531711376932604e-6
0.0 0.0 -9.858840938777167e-7
0.0 0.0 -1.1289884498792577e-6
0.0 0.0 -1.2342398075692142e-6
0.0 0.0 -1.0374584624111613e-6
0.0 0.0 -7.647008514895376e-7
0.0 0.0 -9.396984078142105e-7
0.0 0.0 -1.0544641523582954e-6
0.0 0.0 -8.174446642008414e-7
0.0 0.0 -4.534513642149499e-7
0.0 0.0 -3.7938025860223046e-7
0.0 0.0 -5.460590040746123e-8
0.0 0.0 -7.341024079530393e-8
0.0 0.0 2.3851206585525447e-8
0.0 0.0 -3.963386709735709e-8
0.0 0.0 5.214956902674121e-8
0.0 0.0 2.460813439080829e-7
0.0 0.0 7.224049625165209e-8
0.0 0.0 3.4724328140162644e-8
0.0 0.0 -1.1776994313095203e-7
0.0 0.0 -3.287629756311038e-7
0.0 0.0 -4.3406245192107406e-7
0.0 0.0 -2.2439096883627749e-7
0.0 0.0 -4.812230652749929e-7
0.0 0.0 -5.151752731080708e-7
0.0 0.0 -3.57277781662643e-7
0.0 0.0 -2.742925401962153e-7
0.0 0.0 -3.7228441711208266e-7
0.0 0.0 -6.173889113886783e-7
0.0 0.0 -3.507821310997564e-7
0.0 0.0 -3.334274161013376e-7
0.0 0.0 -1.5135378235568586e-7
0.0 0.0 -8.484000023723971e-8
0.0 0.0 -5.641025779823397e-8
0.0 0.0 -1.471413323305239e-7
0.0 0.0 -2.9961061316767395e-7
0.0 0.0 -2.2889771726526808e-7
0.0 0.0 -2.7642621864226214e-7
0.0 0.0 -3.879714411554729e-7
0.0 0.0 -4.4754851558082025e-7
0.0 0.0 -5.236660734133448e-7
0.0 0.0 -3.034473656591466e-7
0.0 0.0 -1.8322553656120863e-7
0.0 0.0 -8.026380723694357e-8
0.0 0.0 -6.955462533204065e-8
0.0 0.0 -2.7910830495288387e-8
0.0 0.0 5.881522662837764e-9
0.0 0.0 1.8343777503043226e-7
0.0 0.0 3.14263057274192e-7
0.0 0.0 5.576309566828805e-7
0.0 0.0 5.560331908844259e-7
0.0 0.0 5.207845442162747e-7
0.0 0.0 5.756149380173074e-7
0.0 0.0 5.879146168684781e-7
0.0 0.0 7.905368752341767e-7
0.0 0.0 8.128524316672076e-7
0.0 0.0 8.699389930846092e-7
0.0 0.0 7.976874133352012e-7
0.0 0.0 7.581287878689515e-7
0.0 0.0 7.202413976740861e-7
0.0 0.0 7.059648012841538e-7
0.0 0.0 6.800443747517257e-7
0.0 0.0 5.584994042997305e-7
0.0 0.0 4.6403221483486023e-7
0.0 0.0 3.3820890161189786e-7
0.0 0.0 3.438699708010777e-7
0.0 0.0 4.605430156022875e-7
0.0 0.0 4.709893323835828e-7
0.0 0.0 4.232311112482215e-7
0.0 0.0 5.473026386033038e-7
0.0 0.0 4.932964185012556e-7
0.0 0.0 3.4762681848250903e-7
0.0 0.0 2.1138305748215988e-7
0.0 0.0 2.296081424385028e-7
0.0 0.0 2.3467435219324467e-7
0.0 0.0 1.8788889571458816e-7
0.0 0.0 2.0969334971451572e-7
0.0 0.0 8.130199156332975e-8
0.0 0.0 5.586461329895348e-8
0.0 0.0 9.683985395399348e-8
0.0 0.0 -1.5321779239291744e-7
0.0 0.0 -9.344235639797595e-8
0.0 0.0 -2.800820908532843e-7
0.0 0.0 -3.3350160645217013e-7
0.0 0.0 -3.555515193780098e-7
0.0 0.0 -3.5709221567582405e-7
0.0 0.0 -3.3536249268515605e-7
0.0 0.0 -3.474888004006972e-7
0.0 0.0 -1.8843604204283282e-7
0.0 0.0 -3.2177256253424446e-7
0.0 0.0 -2.1662152701909773e-7
0.0 0.0 -1.6232896820673148e-7
0.0 0.0 -1.0837209820444764e-7
0.0 0.0 3.160118469932885e-8
0.0 0.0 -1.7057136600132339e-7
0.0 0.0 -2.456210633671287e-7
0.0 0.0 -3.657927914508203e-7
0.0 0.0 -6.100136696380271e-7
0.0 0.0 -6.884660909246456e-7
0.0 0.0 -7.714757821666106e-7
0.0 0.0 -1.0531711376932604e-6
0.0 0.0 -9.858840938777167e-7
0.0 0.0 -1.1289884498792577e-6
0.0 0.0 -1.2342398075692142e-6
0.0 0.0 -1.0374584624111613e-6
0.0 0.0 -7.647008514895376e-7
0.0 0.0 -9.396984078142105e-7
0.0 0.0 -1.0544641523582954e-6
0.0 0.0 -8.174446642008414e-7
0.0 0.0 -4.534513642149499e-7
0.0 0.0 -3.7938025860223046e-7
0.0 0.0 -5.460590040746123e-8
0.0 0.0 -7.341024079530393e-8
0.0 0.0 2.3851206585525447e-8
0.0 0.0 -3.963386709735709e-8
0.0 0.0 5.214956902674121e-8
0.0 0.0 2.460813439080829e-7
0.0 0.0 7.224049625165209e-8
0.0 0.0 3.4724328140162644e-8
0.0 0.0 -1.1776994313095203e-7
0.0 0.0 -3.287629756311038e-7
0.0 0.0 -4.3406245192107406e-7
0.0 0.0 -2.2439096883627749e-7
0.0 0.0 -4.812230652749929e-7
0.0 0.0 -5.151752731080708e-7
0.0 0.0 -3.57277781662643e-7
0.0 0.0 -2.742925401962153e-7
0.0 0.0 -3.7228441711208266e-7
0.0 0.0 -6.173889113886783e-7
0.0 0.0 -3.507821310997564e-7
0.0 0.0 -3.334274161013376e-7
0.0 0.0 -1.5135378235568586e-7
0.0 0.0 -8.484000023723971e-8
0.0 0.0 -5.641025779823397e-8
0.0 0.0 -1.471413323305239e-7
0.0 0.0 -2.9961061316767395e-7
0.0 0.0 -2.2889771726526808e-7
0.0 0.0 -2.7642621864226214e-7
0.0 0.0 -3.879714411554729e-7
0.0 0.0 -4.4754851558082025e-7
0.0 0.0 -5.236660734133448e-7
0.0 0.0 -3.034473656591466e-7
0.0 0.0 -1.8322553656120863e-7
0.0 0.0 -8.026380723694357e-8
0.0 0.0 -6.955462533204065e-8
0.0 0.0 -2.7910830495288387e-8
0.0 0.0 5.881522662837764e-9
0.0 0.0 1.8343777503043226e-7
0.0 0.0 3.14263057274192e-7
0.0 0.0 5.576309566828805e-7
0.0 0.0 5.560331908844259e-7
0.0 0.0 5.207845442162747e-7
0.0 0.0 5.756149380173074e-7
0.0 0.0 5.879146168684781e-7
0.0 0.0 7.905368752341767e-7
0.0 0.0 8.128524316672076e-7
0.0 0.0 8.699389930846092e-7
0.0 0.0 7.976874133352012e-7
0.0 0.0 7.581287878689515e-7
0.0 0.0 7.202413976740861e-7
0.0 0.0 7.059648012841538e-7
0.0 0.0 6.800443747517257e-7
0.0 0.0 5.584994042997305e-7
0.0 0.0 4.6403221483486023e-7
0.0 0.0 3.3820890161189786e-7

VECTORS S float
-0.0 -0.04167059517872355 0.0
-0.0 -0.05910777245906718 0.0
-0.0 -0.07415082023272988 0.0
-0.0 -0.08839024634588506 0.0
-0.0 -0.10234051137452531 0.0
-0.0 -0.1161153411363622 0.0
-0.0 -0.12957237797929858 0.0
-0.0 -0.14291155655763907 0.0
-0.0 -0.15592380367094183 0.0
-0.0 -0.16871729706212996 0.0
-0.0 -0.18124828879288563 0.0
-0.0 -0.19367696690867583 0.0
-0.0 -0.20491842796221604 0.0
-0.0 -0.2153295438196466 0.0
-0.0 -0.22525778569111277 0.0
-0.0 -0.2347924825744223 0.0
-0.0 -0.243396834541641 0.0
-0.0 -0.2525413712901013 0.0
-0.0 -0.260495112081187 0.0
-0.0 -0.2666132121952216 0.0
-0.0 -0.27269541652811663 0.0
-0.0 -0.2788284998968963 0.0
-0.0 -0.2847600035611794 0.0
-0.0 -0.29137828583793607 0.0
-0.0 -0.2954627311723716 0.0
-0.0 -0.300249193821322 0.0
-0.0 -0.30485475623840974 0.0
-0.0 -0.310116039220713 0.0
-0.0 -0.31485204658529403 0.0
-0.0 -0.3183555583755845 0.0
-0.0 -0.32305615671108906 0.0
-0.0 -0.3248254693281756 0.0
-0.0 -0.32565010313000653 0.0
-0.0 -0.32681136880824385 0.0
-0.0 -0.32735801904093986 0.0
-0.0 -0.32905664599161605 0.0
-0.0 -0.32913319638065675 0.0
-0.0 -0.3282725239511286 0.0
-0.0 -0.32642326082414247 0.0
-0.0 -0.32346875585620816 0.0
-0.0 -0.3191828579748148 0.0
-0.0 -0.31549899270666504 0.0
-0.0 -0.3094856339925425 0.0
-0.0 -0.29825186047894936 0.0
-0.0 -0.2858555721514238 0.0
-0.0 -0.2689497256414232 0.0
-0.0 -0.2478082385305433 0.0
-0.0 -0.20349319103400632 0.0
-0.0 -0.0888950986041 0.0
0.0 0.5511365701854626 -0.0
-0.0 -0.5508748684188388 0.0
0.0 0.08930687993725958 -0.0
0.0 0.20402969583665456 -0.0
0.0 0.24862728840809134 -0.0
0.0 0.27215482215152975 -0.0
0.0 0.2868200372343888 -0.0
0.0 0.29498295798695 -0.0
0.0 0.3061947004645316 -0.0
0.0 0.310511569433323 -0.0
0.0 0.3153931604123975 -0.0
0.0 0.32042052243580693 -0.0
0.0 0.3240722555199556 -0.0
0.0 0.3265638133353727 -0.0
0.0 0.32797316437794033 -0.0
0.0 0.32770024004140247 -0.0
0.0 0.32820659797036117 -0.0
0.0 0.3279270350425563 -0.0
0.0 0.3271103514019472 -0.0
0.0 0.32665051834529685 -0.0
0.0 0.3253160386035911 -0.0
0.0 0.3219178648225516 -0.0
0.0 0.3178963971421251 -0.0
0.0 0.31278469855615365 -0.0
0.0 0.30719541502938086 -0.0
0.0 0.3022832200877206 -0.0
0.0 0.2971834467932824 -0.0
0.0 0.2924685189747419 -0.0
0.0 0.2862748111242831 -0.0
0.0 0.2796264048848577 -0.0
0.0 0.273612837591067 -0.0
0.0 0.26759100418929516 -0.0
0.0 0.2615078147027572 -0.0
0.0 0.25320837226172904 -0.0
0.0 0.24444679429555852 -0.0
0.0 0.23608698022390487 -0.0
0.0 0.2268871638977857 -0.0
0.0 0.21673934384107982 -0.0
0.0 0.20670343453186887 -0.0
0.0 0.1949551073631388 -0.0
0.0 0.1826157644914092 -0.0
0.0 0.1699767760947938 -0.0
0.0 0.15708704114499286 -0.0
0.0 0.1439132552669245 -0.0
0.0 0.13053229383776432 -0.0
0.0 0.11698618070631502 -0.0
0.0 0.10318292513273307 -0.0
0.0 0.0890856183052999 -0.0
0.0 0.07473895371900598 -0.0
0.0 0.05960333875608168 -0.0
0.0 0.0420357902420908 -0.0
-0.0 -0.04167059517872355 0.0
-0.0 -0.05910777245906718 0.0
-0.0 -0.07415082023272988 0.0
-0.0 -0.08839024634588506 0.0
-0.0 -0.10234051137452531 0.0
-0.0 -0.1161153411363622 0.0
-0.0 -0.12957237797929858 0.0
-0.0 -0.14291155655763907 0.0
-0.0 -0.15592380367094183 0.0
-0.0 -0.16871729706212996 0.0
-0.0 -0.18124828879288563 0.0
-0.0 -0.19367696690867583 0.0
-0.0 -0.20491842796221604 0.0
-0.0 -0.2153295438196466 0.0
-0.0 -0.22525778569111277 0.0
-0.0 -0.2347924825744223 0.0
-0.0 -0.243396834541641 0.0
-0.0 -0.2525413712901013 0.0
-0.0 -0.260495112081187 0.0
-0.0 -0.2666132121952216 0.0
-0.0 -0.27269541652811663 0.0
-0.0 -0.2788284998968963 0.0
-0.0 -0.2847600035611794 0.0
-0.0 -0.29137828583793607 0.0
-0.0 -0.2954627311723716 0.0
-0.0 -0.300249193821322 0.0
-0.0 -0.30485475623840974 0.0
-0.0 -0.310116039220713 0.0
-0.0 -0.31485204658529403 0.0
-0.0 -0.3183555583755845 0.0
-0.0 -0.32305615671108906 0.0
-0.0 -0.3248254693281756 0.0
-0.0 -0.32565010313000653 0.0
-0.0 -0.32681136880824385 0.0
-0.0 -0.32735801904093986 0.0
-0.0 -0.32905664599161605 0.0
-0.0 -0.32913319638065675 0.0
-0.0 -0.3282725239511286 0.0
-0.0 -0.32642326082414247 0.0
-0.0 -0.32346875585620816 0.0
-0.0 -0.3191828579748148 0.0
-0.0 -0.31549899270666504 0.0
-0.0 -0.3094856339925425 0.0
-0.0 -0.29825186047894936 0.0
-0.0 -0.2858555721514238 0.0
-0.0 -0.2689497256414232 0.0
-0.0 -0.2478082385305433 0.0
-0.0 -0.20349319103400632 0.0
-0.0 -0.0888950986041 0.0
0.0 0.5511365701854626 -0.0
-0.0 -0.5508748684188388 0.0
0.0 0.08930687993725958 -0.0
0.0 0.20402969583665456 -0.0
0.0 0.24862728840809134 -0.0
0.0 0.27215482215152975 -0.0
0.0 0.2868200372343888 -0.0
0.0 0.29498295798695 -0.0
0.0 0.3061947004645316 -0.0
0.0 0.310511569433323 -0.0
0.0 0.3153931604123975 -0.0
0.0 0.32042052243580693 -0.0
0.0 0.3240722555199556 -0.0
0.0 0.3265638133353727 -0.0
0.0 0.32797316437794033 -0.0
0.0 0.32770024004140247 -0.0
0.0 0.32820659797036117 -0.0
0.0 0.3279270350425563 -0.0
0.0 0.3271103514019472 -0.0
0.0 0.32665051834529685 -0.0
0.0 0.3253160386035911 -0.0
0.0 0.3219178648225516 -0.0
0.0 0.3178963971421251 -0.0
0.0 0.31278469855615365 -0.0
0.0 0.30719541502938086 -0.0
0.0 0.3022832200877206 -0.0
0.0 0.2971834467932824 -0.0
0.0 0.2924685189747419 -0.0
0.0 0.2862748111242831 -0.0
0.0 0.2796264048848577 -0.0
0.0 0.273612837591067 -0.0
0.0 0.26759100418929516 -0.0
0.0 0.2615078147027572 -0.0
0.0 0.25320837226172904 -0.0
0.0 0.24444679429555852 -0.0
0.0 0.23608698022390487 -0.0
0.0 0.2268871638977857 -0.0
0.0 0.21673934384107982 -0.0
0.0 0.20670343453186887 -0.0
0.0 0.1949551073631388 -0.0
0.0 0.1826157644914092 -0.0
0.0 0.1699767760947938 -0.0
0.0 0.15708704114499286 -0.0
0.0 0.1439132552669245 -0.0
0.0 0.13053229383776432 -0.0
0.0 0.11698618070631502 -0.0
0.0 0.10318292513273307 -0.0
0.0 0.0890856183052999 -0.0
0.0 0.07473895371900598 -0.0
0.0 0.05960333875608168 -0.0
0.0 0.0420357902420908 -0.0

VECTORS Vvpm_ApA float
0.09956222772598267 0.14958031475543976 -0.3691253662109375
0.0995090901851654 0.1495620459318161 -0.36859211325645447
0.10459342598915099 0.15039114654064178 -0.4142603874206543
0.10798358917236328 0.15127353370189667 -0.4404116868972778
0.1123209297657013 0.15261000394821167 -0.47063785791397095
0.11347626149654388 0.15299326181411743 -0.47823193669319153
0.12068898975849152 0.1555519551038742 -0.5223361253738403
0.12150664627552032 0.15585602819919586 -0.5270439982414246
0.12814024090766907 0.1583889126777649 -0.5635681748390198
0.1317356377840042 0.15979784727096558 -0.5823125839233398
0.13323451578617096 0.1603911966085434 -0.5899519920349121
0.13108086585998535 0.15953688323497772 -0.5789408683776855
0.13360288739204407 0.16053710877895355 -0.5918211340904236
0.13151857256889343 0.15970928966999054 -0.5812047123908997
0.13022640347480774 0.15919777750968933 -0.5745161771774292
0.12721529603004456 0.15802061557769775 -0.558616578578949
0.1280156672000885 0.1583293080329895 -0.5628762245178223
0.130391463637352 0.15925823152065277 -0.5753602385520935
0.1298518180847168 0.15904511511325836 -0.5725476145744324
0.1305357664823532 0.15931206941604614 -0.5760968923568726
0.12573468685150146 0.1574396789073944 -0.5505861043930054
0.12497329711914062 0.15714530646800995 -0.54640793800354
0.1255934089422226 0.15738146007061005 -0.5497903227806091
0.1245395839214325 0.15697790682315826 -0.544012188911438
0.12223711609840392 0.15610460937023163 -0.5311233997344971
0.12277980148792267 0.15630781650543213 -0.5341875553131104
0.12942515313625336 0.15886513888835907 -0.57027667760849
0.12844732403755188 0.1584804654121399 -0.5651124715805054
0.12769925594329834 0.15818770229816437 -0.561133861541748
0.12818261981010437 0.15837478637695312 -0.5636999011039734
0.1224980354309082 0.15619319677352905 -0.5325763821601868
0.12299898266792297 0.1563803255558014 -0.5353893041610718
0.12349213659763336 0.1565653681755066 -0.5381423234939575
0.1168155074119568 0.15410654246807098 -0.4991489350795746
0.11724457144737244 0.15425845980644226 -0.5017635822296143
0.11767004430294035 0.15441033244132996 -0.5043405890464783
0.11809135973453522 0.15456148982048035 -0.5068782567977905
0.11850905418395996 0.15471194684505463 -0.509377658367157
0.11892299354076384 0.1548616737127304 -0.5118381381034851
0.11677084863185881 0.15408650040626526 -0.49883943796157837
0.11721469461917877 0.1542443186044693 -0.5015518069267273
0.11549703776836395 0.15363754332065582 -0.4909387230873108
0.12488313019275665 0.1570812314748764 -0.545837938785553
0.12525193393230438 0.15722227096557617 -0.547860860824585
0.12561611831188202 0.15736183524131775 -0.5498493909835815
0.12597553431987762 0.15749984979629517 -0.551803708076477
0.12633028626441956 0.15763631463050842 -0.5537246465682983
0.12668010592460632 0.1577710509300232 -0.5556125640869141
0.12177042663097382 0.15589609742164612 -0.5283801555633545
0.12611515820026398 0.15755560994148254 -0.5525708794593811
0.139261856675148 0.16275560855865479 -0.6196397542953491
0.1261151283979416 0.15755654871463776 -0.552570104598999
0.12177169322967528 0.15589816868305206 -0.5283787250518799
0.12667948007583618 0.1577722579240799 -0.5556111931800842
0.12632916867733002 0.15763729810714722 -0.5537228584289551
0.1259744018316269 0.15750111639499664 -0.551801860332489
0.1256149411201477 0.1573629230260849 -0.549847424030304
0.1252516359090805 0.157223179936409 -0.5478599667549133
0.12488381564617157 0.15708176791667938 -0.5458378791809082
0.11549724638462068 0.15363909304141998 -0.4909377098083496
0.11721467971801758 0.1542450189590454 -0.5015512704849243
0.11677120625972746 0.15408724546432495 -0.49883943796157837
0.11892388761043549 0.15486285090446472 -0.5118378400802612
0.1185101717710495 0.154712975025177 -0.5093777179718018
0.11809240281581879 0.15456239879131317 -0.5068783164024353
0.11767126619815826 0.15441109240055084 -0.5043407082557678
0.11724571883678436 0.15425942838191986 -0.5017638206481934
0.11681666970252991 0.15410757064819336 -0.49914881587028503
0.12349408864974976 0.15656691789627075 -0.5381417870521545
0.12300057709217072 0.1563820242881775 -0.5353885889053345
0.1224994957447052 0.15619468688964844 -0.5325755476951599
0.12818282842636108 0.15837562084197998 -0.5636990666389465
0.12769918143749237 0.15818843245506287 -0.5611331462860107
0.12844672799110413 0.15848104655742645 -0.5651118755340576
0.12942488491535187 0.15886586904525757 -0.5702759027481079
0.12277911603450774 0.1563090831041336 -0.5341861844062805
0.12223646044731139 0.15610577166080475 -0.5311219692230225
0.12453977763652802 0.15697921812534332 -0.544011116027832
0.1255938708782196 0.15738297998905182 -0.549789309501648
0.12497416138648985 0.15714675188064575 -0.546407163143158
0.12573614716529846 0.15744084119796753 -0.5505855083465576
0.13053692877292633 0.159312903881073 -0.5760967135429382
0.1298527717590332 0.15904583036899567 -0.572547197341919
0.13039278984069824 0.15925903618335724 -0.575360119342804
0.1280170977115631 0.15833093225955963 -0.5628754496574402
0.12721671164035797 0.15802210569381714 -0.5586159825325012
0.13022762537002563 0.15919901430606842 -0.5745155811309814
0.13151998817920685 0.1597105860710144 -0.5812044143676758
0.13360486924648285 0.16053834557533264 -0.5918208360671997
0.13108274340629578 0.15953858196735382 -0.5789399743080139
0.1332363784313202 0.1603926122188568 -0.5899515151977539
0.13173724710941315 0.15979896485805511 -0.5823123455047607
0.12814128398895264 0.15838943421840668 -0.5635679960250854
0.1215067207813263 0.15585657954216003 -0.5270437002182007
0.12068811058998107 0.15555191040039062 -0.5223362445831299
0.11347448825836182 0.15299320220947266 -0.4782314896583557
0.1123185008764267 0.1526091992855072 -0.47063788771629333
0.10798099637031557 0.15127234160900116 -0.44041174650192255
0.10458992421627043 0.15038932859897614 -0.4142603278160095
0.09950502216815948 0.14955997467041016 -0.36859130859375
0.09956222772598267 0.14958031475543976 -0.3691253662109375
0.0995090901851654 0.1495620459318161 -0.36859211325645447
0.10459342598915099 0.15039114654064178 -0.4142603874206543
0.10798358917236328 0.15127353370189667 -0.4404116868972778
0.1123209297657013 0.15261000394821167 -0.47063785791397095
0.11347626149654388 0.15299326181411743 -0.47823193669319153
0.12068898975849152 0.1555519551038742 -0.5223361253738403
0.12150664627552032 0.15585602819919586 -0.5270439982414246
0.12814024090766907 0.1583889126777649 -0.5635681748390198
0.1317356377840042 0.15979784727096558 -0.5823125839233398
0.13323451578617096 0.1603911966085434 -0.5899519920349121
0.13108086585998535 0.15953688323497772 -0.5789408683776855
0.13360288739204407 0.16053710877895355 -0.5918211340904236
0.13151857256889343 0.15970928966999054 -0.5812047123908997
0.13022640347480774 0.15919777750968933 -0.5745161771774292
0.12721529603004456 0.15802061557769775 -0.558616578578949
0.1280156672000885 0.1583293080329895 -0.5628762245178223
0.130391463637352 0.15925823152065277 -0.5753602385520935
0.1298518180847168 0.15904511511325836 -0.5725476145744324
0.1305357664823532 0.15931206941604614 -0.5760968923568726
0.12573468685150146 0.1574396789073944 -0.5505861043930054
0.12497329711914062 0.15714530646800995 -0.54640793800354
0.1255934089422226 0.15738146007061005 -0.5497903227806091
0.1245395839214325 0.15697790682315826 -0.544012188911438
0.12223711609840392 0.15610460937023163 -0.5311233997344971
0.12277980148792267 0.15630781650543213 -0.5341875553131104
0.12942515313625336 0.15886513888835907 -0.57027667760849
0.12844732403755188 0.1584804654121399 -0.5651124715805054
0.12769925594329834 0.15818770229816437 -0.561133861541748
0.12818261981010437 0.15837478637695312 -0.5636999011039734
0.1224980354309082 0.15619319677352905 -0.5325763821601868
0.12299898266792297 0.1563803255558014 -0.5353893041610718
0.12349213659763336 0.1565653681755066 -0.5381423234939575
0.1168155074119568 0.15410654246807098 -0.4991489350795746
0.11724457144737244 0.15425845980644226 -0.5017635822296143
0.11767004430294035 0.15441033244132996 -0.5043405890464783
0.11809135973453522 0.15456148982048035 -0.5068782567977905
0.11850905418395996 0.15471194684505463 -0.509377658367157
0.11892299354076384 0.1548616737127304 -0.5118381381034851
0.11677084863185881 0.15408650040626526 -0.49883943796157837
0.11721469461917877 0.1542443186044693 -0.5015518069267273
0.11549703776836395 0.15363754332065582 -0.4909387230873108
0.12488313019275665 0.1570812314748764 -0.545837938785553
0.12525193393230438 0.15722227096557617 -0.547860860824585
0.12561611831188202 0.15736183524131775 -0.5498493909835815
0.12597553431987762 0.15749984979629517 -0.551803708076477
0.12633028626441956 0.15763631463050842 -0.5537246465682983
0.12668010592460632 0.1577710509300232 -0.5556125640869141
0.12177042663097382 0.15589609742164612 -0.5283801555633545
0.12611515820026398 0.15755560994148254 -0.5525708794593811
0.139261856675148 0.16275560855865479 -0.6196397542953491
0.1261151283979416 0.15755654871463776 -0.552570104598999
0.12177169322967528 0.15589816868305206 -0.5283787250518799
0.12667948007583618 0.1577722579240799 -0.5556111931800842
0.12632916867733002 0.15763729810714722 -0.5537228584289551
0.1259744018316269 0.15750111639499664 -0.551801860332489
0.1256149411201477 0.1573629230260849 -0.549847424030304
0.1252516359090805 0.157223179936409 -0.5478599667549133
0.12488381564617157 0.15708176791667938 -0.5458378791809082
0.11549724638462068 0.15363909304141998 -0.4909377098083496
0.11721467971801758 0.1542450189590454 -0.5015512704849243
0.11677120625972746 0.15408724546432495 -0.49883943796157837
0.11892388761043549 0.15486285090446472 -0.5118378400802612
0.1185101717710495 0.154712975025177 -0.5093777179718018
0.11809240281581879 0.15456239879131317 -0.5068783164024353
0.11767126619815826 0.15441109240055084 -0.5043407082557678
0.11724571883678436 0.15425942838191986 -0.5017638206481934
0.11681666970252991 0.15410757064819336 -0.49914881587028503
0.12349408864974976 0.15656691789627075 -0.5381417870521545
0.12300057709217072 0.1563820242881775 -0.5353885889053345
0.1224994957447052 0.15619468688964844 -0.5325755476951599
0.12818282842636108 0.15837562084197998 -0.5636990666389465
0.12769918143749237 0.15818843245506287 -0.5611331462860107
0.12844672799110413 0.15848104655742645 -0.5651118755340576
0.12942488491535187 0.15886586904525757 -0.5702759027481079
0.12277911603450774 0.1563090831041336 -0.5341861844062805
0.12223646044731139 0.15610577166080475 -0.5311219692230225
0.12453977763652802 0.15697921812534332 -0.544011116027832
0.1255938708782196 0.15738297998905182 -0.549789309501648
0.12497416138648985 0.15714675188064575 -0.546407163143158
0.12573614716529846 0.15744084119796753 -0.5505855083465576
0.13053692877292633 0.159312903881073 -0.5760967135429382
0.1298527717590332 0.15904583036899567 -0.572547197341919
0.13039278984069824 0.15925903618335724 -0.575360119342804
0.1280170977115631 0.15833093225955963 -0.5628754496574402
0.12721671164035797 0.15802210569381714 -0.5586159825325012
0.13022762537002563 0.15919901430606842 -0.5745155811309814
0.13151998817920685 0.1597105860710144 -0.5812044143676758
0.13360486924648285 0.16053834557533264 -0.5918208360671997
0.13108274340629578 0.15953858196735382 -0.5789399743080139
0.1332363784313202 0.1603926122188568 -0.5899515151977539
0.13173724710941315 0.15979896485805511 -0.5823123455047607
0.12814128398895264 0.15838943421840668 -0.5635679960250854
0.1215067207813263 0.15585657954216003 -0.5270437002182007
0.12068811058998107 0.15555191040039062 -0.5223362445831299
0.11347448825836182 0.15299320220947266 -0.4782314896583557
0.1123185008764267 0.1526091992855072 -0.47063788771629333
0.10798099637031557 0.15127234160900116 -0.44041174650192255
0.10458992421627043 0.15038932859897614 -0.4142603278160095
0.09950502216815948 0.14955997467041016 -0.36859130859375

VECTORS Vkin float
-0.0 -0.0 -0.0
-0.0 -0.0 -0.0
-0.0 -0.0 -0.0
-0.0 -0.0 -0.0
-0.0 -0.0 -0.0
-0.0 -0.0 -0.0
-0.0 -0.0 -0.0
-0.0 -0.0 -0.0
-0.0 -0.0 -0.0
-0.0 -0.0 -0.0
-0.0 -0.0 -0.0
-0.0 -0.0 -0.0
-0.0 -0.0 -0.0
-0.0 -0.0 -0.0
-0.0 -0.0 -0.0
-0.0 -0.0 -0.0
-0.0 -0.0 -0.0
-0.0 -0.0 -0.0
-0.0 -0.0 -0.0
-0.0 -0.0 -0.0
-0.0 -0.0 -0.0
-0.0 -0.0 -0.0
-0.0 -0.0 -0.0
-0.0 -0.0 -0.0
-0.0 -0.0 -0.0
-0.0 -0.0 -0.0
-0.0 -0.0 -0.0
-0.0 -0.0 -0.0
-0.0 -0.0 -0.0
-0.0 -0.0 -0.0
-0.0 -0.0 -0.0
-0.0 -0.0 -0.0
-0.0 -0.0 -0.0
-0.0 -0.0 -0.0
-0.0 -0.0 -0.0
-0.0 -0.0 -0.0
-0.0 -0.0 -0.0
-0.0 -0.0 -0.0
-0.0 -0.0 -0.0
-0.0 -0.0 -0.0
-0.0 -0.0 -0.0
-0.0 -0.0 -0.0
-0.0 -0.0 -0.0
-0.0 -0.0 -0.0
-0.0 -0.0 -0.0
-0.0 -0.0 -0.0
-0.0 -0.0 -0.0
-0.0 -0.0 -0.0
-0.0 -0.0 -0.0
-0.0 -0.0 -0.0
-0.0 -0.0 -0.0
-0.0 -0.0 -0.0
-0.0 -0.0 -0.0
-0.0 -0.0 -0.0
-0.0 -0.0 -0.0
-0.0 -0.0 -0.0
-0.0 -0.0 -0.0
-0.0 -0.0 -0.0
-0.0 -0.0 -0.0
-0.0 -0.0 -0.0
-0.0 -0.0 -0.0
-0.0 -0.0 -0.0
-0.0 -0.0 -0.0
-0.0 -0.0 -0.0
-0.0 -0.0 -0.0
-0.0 -0.0 -0.0
-0.0 -0.0 -0.0
-0.0 -0.0 -0.0
-0.0 -0.0 -0.0
-0.0 -0.0 -0.0
-0.0 -0.0 -0.0
-0.0 -0.0 -0.0
-0.0 -0.0 -0.0
-0.0 -0.0 -0.0
-0.0 -0.0 -0.0
-0.0 -0.0 -0.0
-0.0 -0.0 -0.0
-0.0 -0.0 -0.0
-0.0 -0.0 -0.0
-0.0 -0.0 -0.0
-0.0 -0.0 -0.0
-0.0 -0.0 -0.0
-0.0 -0.0 -0.0
-0.0 -0.0 -0.0
-0.0 -0.0 -0.0
-0.0 -0.0 -0.0
-0.0 -0.0 -0.0
-0.0 -0.0 -0.0
-0.0 -0.0 -0.0
-0.0 -0.0 -0.0
-0.0 -0.0 -0.0
-0.0 -0.0 -0.0
-0.0 -0.0 -0.0
-0.0 -0.0 -0.0
-0.0 -0.0 -0.0
-0.0 -0.0 -0.0
-0.0 -0.0 -0.0
-0.0 -0.0 -0.0
-0.0 -0.0 -0.0
-0.0 -0.0 -0.0
-0.0 -0.0 -0.0
-0.0 -0.0 -0.0
-0.0 -0.0 -0.0
-0.0 -0.0 -0.0
-0.0 -0.0 -0.0
-0.0 -0.0 -0.0
-0.0 -0.0 -0.0
-0.0 -0.0 -0.0
-0.0 -0.0 -0.0
-0.0 -0.0 -0.0
-0.0 -0.0 -0.0
-0.0 -0.0 -0.0
-0.0 -0.0 -0.0
-0.0 -0.0 -0.0
-0.0 -0.0 -0.0
-0.0 -0.0 -0.0
-0.0 -0.0 -0.0
-0.0 -0.0 -0.0
-0.0 -0.0 -0.0
-0.0 -0.0 -0.0
-0.0 -0.0 -0.0
-0.0 -0.0 -0.0
-0.0 -0.0 -0.0
-0.0 -0.0 -0.0
-0.0 -0.0 -0.0
-0.0 -0.0 -0.0
-0.0 -0.0 -0.0
-0.0 -0.0 -0.0
-0.0 -0.0 -0.0
-0.0 -0.0 -0.0
-0.0 -0.0 -0.0
-0.0 -0.0 -0.0
-0.0 -0.0 -0.0
-0.0 -0.0 -0.0
-0.0 -0.0 -0.0
-0.0 -0.0 -0.0
-0.0 -0.0 -0.0
-0.0 -0.0 -0.0
-0.0 -0.0 -0.0
-0.0 -0.0 -0.0
-0.0 -0.0 -0.0
-0.0 -0.0 -0.0
-0.0 -0.0 -0.0
-0.0 -0.0 -0.0
-0.0 -0.0 -0.0
-0.0 -0.0 -0.0
-0.0 -0.0 -0.0
-0.0 -0.0 -0.0
-0.0 -0.0 -0.0
-0.0 -0.0 -0.0
-0.0 -0.0 -0.0
-0.0 -0.0 -0.0
-0.0 -0.0 -0.0
-0.0 -0.0 -0.0
-0.0 -0.0 -0.0
-0.0 -0.0 -0.0
-0.0 -0.0 -0.0
-0.0 -0.0 -0.0
-0.0 -0.0 -0.0
-0.0 -0.0 -0.0
-0.0 -0.0 -0.0
-0.0 -0.0 -0.0
-0.0 -0.0 -0.0
-0.0 -0.0 -0.0
-0.0 -0.0 -0.0
-0.0 -0.0 -0.0
-0.0 -0.0 -0.0
-0.0 -0.0 -0.0
-0.0 -0.0 -0.0
-0.0 -0.0 -0.0
-0.0 -0.0 -0.0
-0.0 -0.0 -0.0
-0.0 -0.0 -0.0
-0.0 -0.0 -0.0
-0.0 -0.0 -0.0
-0.0 -0.0 -0.0
-0.0 -0.0 -0.0
-0.0 -0.0 -0.0
-0.0 -0.0 -0.0
-0.0 -0.0 -0.0
-0.0 -0.0 -0.0
-0.0 -0.0 -0.0
-0.0 -0.0 -0.0
-0.0 -0.0 -0.0
-0.0 -0.0 -0.0
-0.0 -0.0 -0.0
-0.0 -0.0 -0.0
-0.0 -0.0 -0.0
-0.0 -0.0 -0.0
-0.0 -0.0 -0.0
-0.0 -0.0 -0.0
-0.0 -0.0 -0.0
-0.0 -0.0 -0.0
-0.0 -0.0 -0.0
-0.0 -0.0 -0.0
-0.0 -0.0 -0.0
-0.0 -0.0 -0.0
-0.0 -0.0 -0.0
-0.0 -0.0 -0.0
-0.0 -0.0 -0.0

VECTORS Funs-vector float
0.0 0.0 1.5561679224070433e-9
0.0 0.0 2.466972572110452e-9
0.0 0.0 2.9144190737026095e-9
0.0 0.0 2.9706897932526015e-9
0.0 0.0 4.296478023603332e-9
0.0 0.0 4.282545077961532e-9
0.0 0.0 3.306866217955707e-9
0.0 0.0 2.1865243847193306e-9
0.0 0.0 2.565894421152575e-9
0.0 0.0 2.817572546907924e-9
0.0 0.0 2.412026313145529e-9
0.0 0.0 2.8662396519864388e-9
0.0 0.0 1.1788728441253097e-9
0.0 0.0 8.56467745275763e-10
0.0 0.0 1.565158418775907e-9
0.0 0.0 -2.6037132352110828e-9
0.0 0.0 -1.6655865988642287e-9
0.0 0.0 -5.22519901577114e-9
0.0 0.0 -6.498999635433904e-9
0.0 0.0 -7.224226381484639e-9
0.0 0.0 -7.552347984531434e-9
0.0 0.0 -7.371528910642607e-9
0.0 0.0 -7.926909357207488e-9
0.0 0.0 -4.4552293511324586e-9
0.0 0.0 -7.875189449319122e-9
0.0 0.0 -5.481738357166834e-9
0.0 0.0 -4.242761221826892e-9
0.0 0.0 -2.9225803528688023e-9
0.0 0.0 8.784883103415776e-10
0.0 0.0 -4.883530994172958e-9
0.0 0.0 -7.23639754077662e-9
0.0 0.0 -1.1080901988798443e-8
0.0 0.0 -1.898609261583256e-8
0.0 0.0 -2.2000106371345477e-8
0.0 0.0 -2.529395709623405e-8
0.0 0.0 -3.540515169074377e-8
0.0 0.0 -3.3962591283999576e-8
0.0 0.0 -3.983079629566973e-8
0.0 0.0 -4.456997946146748e-8
0.0 0.0 -3.8326294811745796e-8
0.0 0.0 -2.8885574453328405e-8
0.0 0.0 -3.6276961146075046e-8
0.0 0.0 -4.158395786711894e-8
0.0 0.0 -3.291629756472769e-8
0.0 0.0 -1.8636178043090915e-8
0.0 0.0 -1.5907308664269764e-8
0.0 0.0 -2.3349989562471686e-9
0.0 0.0 -3.20010902294061e-9
0.0 0.0 1.0595502480538157e-9
0.0 0.0 -1.793612640096759e-9
0.0 0.0 2.360005041955616e-9
0.0 0.0 1.0931755089382261e-8
0.0 0.0 3.149117362538439e-9
0.0 0.0 1.4848444830805345e-9
0.0 0.0 -4.938060940914086e-9
0.0 0.0 -1.3511670338548735e-8
0.0 0.0 -1.7478527238388025e-8
0.0 0.0 -8.849105560374842e-9
0.0 0.0 -1.8577567330546674e-8
0.0 0.0 -1.9460072103869778e-8
0.0 0.0 -1.3198729477674489e-8
0.0 0.0 -9.905054761648083e-9
0.0 0.0 -1.3134221863500323e-8
0.0 0.0 -2.1268349282616528e-8
0.0 0.0 -1.1792475237397194e-8
0.0 0.0 -1.093190344081859e-8
0.0 0.0 -4.836548023822757e-9
0.0 0.0 -2.6405639450461955e-9
0.0 0.0 -1.7088268343011439e-9
0.0 0.0 -4.3350238812039135e-9
0.0 0.0 -8.577979703675098e-9
0.0 0.0 -6.363178178116851e-9
0.0 0.0 -7.454666367145527e-9
0.0 0.0 -1.0140335418225629e-8
0.0 0.0 -1.1325485044411904e-8
0.0 0.0 -1.2816411392665705e-8
0.0 0.0 -7.1744640534381614e-9
0.0 0.0 -4.179738220545788e-9
0.0 0.0 -1.764261026294448e-9
0.0 0.0 -1.471050645691351e-9
0.0 0.0 -5.671025069614086e-10
0.0 0.0 1.146141814674013e-10
0.0 0.0 3.422206963051964e-9
0.0 0.0 5.601660284386058e-9
0.0 0.0 9.476125974686528e-9
0.0 0.0 8.98679618254114e-9
0.0 0.0 7.984216447941079e-9
0.0 0.0 8.346373884001395e-9
0.0 0.0 8.036040194622469e-9
0.0 0.0 1.014852813586824e-8
0.0 0.0 9.759356635048415e-9
0.0 0.0 9.721657017005385e-9
0.0 0.0 8.251195726925015e-9
0.0 0.0 7.211844265662393e-9
0.0 0.0 6.252764335740584e-9
0.0 0.0 5.5420201552387514e-9
0.0 0.0 4.77328067181959e-9
0.0 0.0 3.455919709062519e-9
0.0 0.0 2.48566302775481e-9
0.0 0.0 1.5305490111127364e-9
0.0 0.0 1.5561679224070433e-9
0.0 0.0 2.466972572110452e-9
0.0 0.0 2.9144190737026095e-9
0.0 0.0 2.9706897932526015e-9
0.0 0.0 4.296478023603332e-9
0.0 0.0 4.282545077961532e-9
0.0 0.0 3.306866217955707e-9
0.0 0.0 2.1865243847193306e-9
0.0 0.0 2.565894421152575e-9
0.0 0.0 2.817572546907924e-9
0.0 0.0 2.412026313145529e-9
0.0 0.0 2.8662396519864388e-9
0.0 0.0 1.1788728441253097e-9
0.0 0.0 8.56467745275763e-10
0.0 0.0 1.565158418775907e-9
0.0 0.0 -2.6037132352110828e-9
0.0 0.0 -1.6655865988642287e-9
0.0 0.0 -5.22519901577114e-9
0.0 0.0 -6.498999635433904e-9
0.0 0.0 -7.224226381484639e-9
0.0 0.0 -7.552347984531434e-9
0.0 0.0 -7.371528910642607e-9
0.0 0.0 -7.926909357207488e-9
0.0 0.0 -4.4552293511324586e-9
0.0 0.0 -7.875189449319122e-9
0.0 0.0 -5.481738357166834e-9
0.0 0.0 -4.242761221826892e-9
0.0 0.0 -2.9225803528688023e-9
0.0 0.0 8.784883103415776e-10
0.0 0.0 -4.883530994172958e-9
0.0 0.0 -7.23639754077662e-9
0.0 0.0 -1.1080901988798443e-8
0.0 0.0 -1.898609261583256e-8
0.0 0.0 -2.2000106371345477e-8
0.0 0.0 -2.529395709623405e-8
0.0 0.0 -3.540515169074377e-8
0.0 0.0 -3.3962591283999576e-8
0.0 0.0 -3.983079629566973e-8
0.0 0.0 -4.456997946146748e-8
0.0 0.0 -3.8326294811745796e-8
0.0 0.0 -2.8885574453328405e-8
0.0 0.0 -3.6276961146075046e-8
0.0 0.0 -4.158395786711894e-8
0.0 0.0 -3.291629756472769e-8
0.0 0.0 -1.8636178043090915e-8
0.0 0.0 -1.5907308664269764e-8
0.0 0.0 -2.3349989562471686e-9
0.0 0.0 -3.20010902294061e-9
0.0 0.0 1.0595502480538157e-9
0.0 0.0 -1.793612640096759e-9
0.0 0.0 2.360005041955616e-9
0.0 0.0 1.0931755089382261e-8
0.0 0.0 3.149117362538439e-9
0.0 0.0 1.4848444830805345e-9
0.0 0.0 -4.938060940914086e-9
0.0 0.0 -1.3511670338548735e-8
0.0 0.0 -1.7478527238388025e-8
0.0 0.0 -8.849105560374842e-9
0.0 0.0 -1.8577567330546674e-8
0.0 0.0 -1.9460072103869778e-8
0.0 0.0 -1.3198729477674489e-8
0.0 0.0 -9.905054761648083e-9
0.0 0.0 -1.3134221863500323e-8
0.0 0.0 -2.1268349282616528e-8
0.0 0.0 -1.1792475237397194e-8
0.0 0.0 -1.093190344081859e-8
0.0 0.0 -4.836548023822757e-9
0.0 0.0 -2.6405639450461955e-9
0.0 0.0 -1.7088268343011439e-9
0.0 0.0 -4.3350238812039135e-9
0.0 0.0 -8.577979703675098e-9
0.0 0.0 -6.363178178116851e-9
0.0 0.0 -7.454666367145527e-9
0.0 0.0 -1.0140335418225629e-8
0.0 0.0 -1.1325485044411904e-8
0.0 0.0 -1.2816411392665705e-8
0.0 0.0 -7.1744640534381614e-9
0.0 0.0 -4.179738220545788e-9
0.0 0.0 -1.764261026294448e-9
0.0 0.0 -1.471050645691351e-9
0.0 0.0 -5.671025069614086e-10
0.0 0.0 1.146141814674013e-10
0.0 0.0 3.422206963051964e-9
0.0 0.0 5.601660284386058e-9
0.0 0.0 9.476125974686528e-9
0.0 0.0 8.98679618254114e-9
0.0 0.0 7.984216447941079e-9
0.0 0.0 8.346373884001395e-9
0.0 0.0 8.036040194622469e-9
0.0 0.0 1.014852813586824e-8
0.0 0.0 9.759356635048415e-9
0.0 0.0 9.721657017005385e-9
0.0 0.0 8.251195726925015e-9
0.0 0.0 7.211844265662393e-9
0.0 0.0 6.252764335740584e-9
0.0 0.0 5.5420201552387514e-9
0.0 0.0 4.77328067181959e-9
0.0 0.0 3.455919709062519e-9
0.0 0.0 2.48566302775481e-9
0.0 0.0 1.5305490111127364e-9

VECTORS Ftot float
-0.02591833897665255 -0.04167059517872355 0.023206689021396602
-0.040462292022539995 -0.05910777245906718 0.03846788794817872
-0.05261216524013824 -0.07415082023272988 0.054866568782526395
-0.06395799208598521 -0.08839024634588506 0.07293830162801651
-0.07501479750332327 -0.10234051137452531 0.09278165558181495
-0.08589610786875271 -0.1161153411363622 0.1144260274276035
-0.09645970636613486 -0.12957237797929858 0.13786885081695804
-0.10690552891136626 -0.14291155655763907 0.16303330369281943
-0.11702351869358438 -0.15592380367094183 0.18988700513989384
-0.12692379899611705 -0.16871729706212996 0.21833936914258634
-0.13656171820695923 -0.18124828879288563 0.24832372359073768
-0.14609695038079745 -0.19367696690867583 0.27976544576365775
-0.15444517370570682 -0.20491842796221604 0.3126901570327206
-0.16196303377423257 -0.2153295438196466 0.34685551425466954
-0.1689980456549457 -0.22525778569111277 0.382045427909083
-0.17563955254965802 -0.2347924825744223 0.4181190211460179
-0.18135020193897283 -0.243396834541641 0.45498880492548166
-0.1876015591086192 -0.2525413712901013 0.49237299420641
-0.19266212778401676 -0.260495112081187 0.5304276057356258
-0.19588692080188677 -0.2666132121952216 0.5689768936048286
-0.19907603572453392 -0.27269541652811663 0.6075221560667858
-0.20231591556356776 -0.2788284998968963 0.6459347210099211
-0.20535420441079144 -0.2847600035611794 0.6841650667886754
-0.20907874860170805 -0.29137828583793607 0.7220893457573645
-0.21026978436782748 -0.2954627311723716 0.7600003068660762
-0.2121630149217762 -0.300249193821322 0.7972025765640808
-0.21387535884509895 -0.30485475623840974 0.8337532716739596
-0.21624347552463 -0.310116039220713 0.8695259283185683
-0.21808631408929352 -0.31485204658529403 0.9047138606997909
-0.21869690941624328 -0.3183555583755845 0.939286183383033
-0.22049979957348476 -0.32305615671108906 0.9728447761183682
-0.2193758758888691 -0.3248254693281756 1.005935951603596
-0.21730653641653613 -0.32565010313000653 1.037859967610989
-0.21557442146037972 -0.32681136880824385 1.0682140792410655
-0.2132277177806982 -0.32735801904093986 1.0970671987077498
-0.21203298361379044 -0.32905664599161605 1.1241568712327417
-0.20921317040772053 -0.32913319638065675 1.1500184852300452
-0.20545920543814247 -0.3282725239511286 1.1743596822355555
-0.20071666442413655 -0.32642326082414247 1.1970231757002436
-0.1948688703456492 -0.32346875585620816 1.2178524762220062
-0.18768959528917345 -0.3191828579748148 1.2366624782105666
-0.18111237183722245 -0.31549899270666504 1.2530457833718642
-0.17220574421940552 -0.3094856339925425 1.2676779827231384
-0.15807868272289946 -0.29825186047894936 1.2805694451536092
-0.14278915337107628 -0.2858555721514238 1.2900720533161047
-0.12299006081195962 -0.2689497256414232 1.2963904719287
-0.09895538709217849 -0.2478082385305433 1.298965058012331
-0.0517470974991436 -0.20349319103400632 1.3003166122194172
0.06574548361499191 -0.0888950986041 1.3008570086799953
0.7086779696369225 0.5511365701854626 1.3025336048190905
0.7084162517459182 -0.5508748684188388 1.256903579232736
0.06533363913067422 0.08930687993725958 1.2550777482687436
-0.05228366426591041 0.20402969583665456 1.254315818989079
-0.09977447758529184 0.24862728840809134 1.2526483862498339
-0.1261951823043425 0.27215482215152975 1.249101917581434
-0.14375365261788092 0.2868200372343888 1.24341200996023
-0.1548098279398675 0.29498295798695 1.236054760113714
-0.16891484813495966 0.3061947004645316 1.2248898835292255
-0.17612499430790557 0.310511569433323 1.212407555348772
-0.1838999558312879 0.3153931604123975 1.1974834937500654
-0.1918206850618582 0.32042052243580693 1.1799769742760056
-0.19836568488050701 0.3240722555199556 1.160330590799767
-0.20375054492729525 0.3265638133353727 1.138766699179646
-0.20805318326567315 0.32797316437794033 1.1154810233341228
-0.2106766453462754 0.32770024004140247 1.0907741245249098
-0.21407635112417342 0.32820659797036117 1.0642296994553424
-0.2166901445103451 0.3279270350425563 1.036119549959772
-0.2187668216647086 0.3271103514019472 1.0065314335049333
-0.22120095722151034 0.32665051834529685 0.9753753612756392
-0.22275971632626698 0.3253160386035911 0.9430085061929248
-0.22225922272536222 0.3219178648225516 0.909942216188948
-0.22113068444137773 0.3178963971421251 0.8761927972612354
-0.21891216042604403 0.31278469855615365 0.8419585185917011
-0.2162160393199376 0.30719541502938086 0.8072351104495221
-0.21419706516463707 0.3022832200877206 0.7718237536078093
-0.21199053183759636 0.2971834467932824 0.7358447433348043
-0.21016899016491164 0.2924685189747419 0.6992884781463466
-0.20686902821513117 0.2862748111242831 0.6625791830551893
-0.20311383618920828 0.2796264048848577 0.6257461537324465
-0.1999934793185919 0.273612837591067 0.5886523042351681
-0.19686473206531463 0.26759100418929516 0.5514102318598222
-0.19367484885181357 0.2615078147027572 0.5141595824774632
-0.18826857554449028 0.25320837226172904 0.4774434431199534
-0.1824001743611975 0.24444679429555852 0.44125282184025866
-0.17693406829364758 0.23608698022390487 0.4055159228220016
-0.1706274277461175 0.2268871638977857 0.3704971531433929
-0.16337284288774986 0.21673934384107982 0.33639578019400634
-0.15623018714412468 0.20670343453186887 0.30320524652339936
-0.14737508762833557 0.1949551073631388 0.2713384508957539
-0.13792919695722272 0.1826157644914092 0.24085294700576318
-0.12818328656761452 0.1699767760947938 0.21179481259051788
-0.11818676807016311 0.15708704114499286 0.1842254705720666
-0.1079072386494831 0.1439132552669245 0.15821964964761231
-0.09741963575295495 0.13053229383776432 0.13383360059981372
-0.0867669556890137 0.11698618070631502 0.11111434130188662
-0.07585722243359005 0.10318292513273307 0.09012142360436935
-0.06465337403324477 0.0890856183052999 0.07088871951878015
-0.05320030607445118 0.07473895371900598 0.05336972038201849
-0.040957867837508405 0.05960333875608168 0.03746351281940641
-0.026283543689053113 0.0420357902420908 0.02265719434933529
-0.02591833897665255 -0.04167059517872355 0.023206689021396602
-0.040462292022539995 -0.05910777245906718 0.03846788794817872
-0.05261216524013824 -0.07415082023272988 0.054866568782526395
-0.06395799208598521 -0.08839024634588506 0.07293830162801651
-0.07501479750332327 -0.10234051137452531 0.09278165558181495
-0.08589610786875271 -0.1161153411363622 0.1144260274276035
-0.09645970636613486 -0.12957237797929858 0.13786885081695804
-0.10690552891136626 -0.14291155655763907 0.16303330369281943
-0.11702351869358438 -0.15592380367094183 0.18988700513989384
-0.12692379899611705 -0.16871729706212996 0.21833936914258634
-0.13656171820695923 -0.18124828879288563 0.24832372359073768
-0.14609695038079745 -0.19367696690867583 0.27976544576365775
-0.15444517370570682 -0.20491842796221604 0.3126901570327206
-0.16196303377423257 -0.2153295438196466 0.34685551425466954
-0.1689980456549457 -0.22525778569111277 0.382045427909083
-0.17563955254965802 -0.2347924825744223 0.4181190211460179
-0.18135020193897283 -0.243396834541641 0.45498880492548166
-0.1876015591086192 -0.2525413712901013 0.49237299420641
-0.19266212778401676 -0.260495112081187 0.5304276057356258
-0.19588692080188677 -0.2666132121952216 0.5689768936048286
-0.19907603572453392 -0.27269541652811663 0.6075221560667858
-0.20231591556356776 -0.2788284998968963 0.6459347210099211
-0.20535420441079144 -0.2847600035611794 0.6841650667886754
-0.20907874860170805 -0.29137828583793607 0.7220893457573645
-0.21026978436782748 -0.2954627311723716 0.7600003068660762
-0.2121630149217762 -0.300249193821322 0.7972025765640808
-0.21387535884509895 -0.30485475623840974 0.8337532716739596
-0.21624347552463 -0.310116039220713 0.8695259283185683
-0.21808631408929352 -0.31485204658529403 0.9047138606997909
-0.21869690941624328 -0.3183555583755845 0.939286183383033
-0.22049979957348476 -0.32305615671108906 0.9728447761183682
-0.2193758758888691 -0.3248254693281756 1.005935951603596
-0.21730653641653613 -0.32565010313000653 1.037859967610989
-0.21557442146037972 -0.32681136880824385 1.0682140792410655
-0.2132277177806982 -0.32735801904093986 1.0970671987077498
-0.21203298361379044 -0.32905664599161605 1.1241568712327417
-0.20921317040772053 -0.32913319638065675 1.1500184852300452
-0.20545920543814247 -0.3282725239511286 1.1743596822355555
-0.20071666442413655 -0.32642326082414247 1.1970231757002436
-0.1948688703456492 -0.32346875585620816 1.2178524762220062
-0.18768959528917345 -0.3191828579748148 1.2366624782105666
-0.18111237183722245 -0.31549899270666504 1.2530457833718642
-0.17220574421940552 -0.3094856339925425 1.2676779827231384
-0.15807868272289946 -0.29825186047894936 1.2805694451536092
-0.14278915337107628 -0.2858555721514238 1.2900720533161047
-0.12299006081195962 -0.2689497256414232 1.2963904719287
-0.09895538709217849 -0.2478082385305433 1.298965058012331
-0.0517470974991436 -0.20349319103400632 1.3003166122194172
0.06574548361499191 -0.0888950986041 1.3008570086799953
0.7086779696369225 0.5511365701854626 1.3025336048190905
0.7084162517459182 -0.5508748684188388 1.256903579232736
0.06533363913067422 0.08930687993725958 1.2550777482687436
-0.05228366426591041 0.20402969583665456 1.254315818989079
-0.09977447758529184 0.24862728840809134 1.2526483862498339
-0.1261951823043425 0.27215482215152975 1.249101917581434
-0.14375365261788092 0.2868200372343888 1.24341200996023
-0.1548098279398675 0.29498295798695 1.236054760113714
-0.16891484813495966 0.3061947004645316 1.2248898835292255
-0.17612499430790557 0.310511569433323 1.212407555348772
-0.1838999558312879 0.3153931604123975 1.1974834937500654
-0.1918206850618582 0.32042052243580693 1.1799769742760056
-0.19836568488050701 0.3240722555199556 1.160330590799767
-0.20375054492729525 0.3265638133353727 1.138766699179646
-0.20805318326567315 0.32797316437794033 1.1154810233341228
-0.2106766453462754 0.32770024004140247 1.0907741245249098
-0.21407635112417342 0.32820659797036117 1.0642296994553424
-0.2166901445103451 0.3279270350425563 1.036119549959772
-0.2187668216647086 0.3271103514019472 1.0065314335049333
-0.22120095722151034 0.32665051834529685 0.9753753612756392
-0.22275971632626698 0.3253160386035911 0.9430085061929248
-0.22225922272536222 0.3219178648225516 0.909942216188948
-0.22113068444137773 0.3178963971421251 0.8761927972612354
-0.21891216042604403 0.31278469855615365 0.8419585185917011
-0.2162160393199376 0.30719541502938086 0.8072351104495221
-0.21419706516463707 0.3022832200877206 0.7718237536078093
-0.21199053183759636 0.2971834467932824 0.7358447433348043
-0.21016899016491164 0.2924685189747419 0.6992884781463466
-0.20686902821513117 0.2862748111242831 0.6625791830551893
-0.20311383618920828 0.2796264048848577 0.6257461537324465
-0.1999934793185919 0.273612837591067 0.5886523042351681
-0.19686473206531463 0.26759100418929516 0.5514102318598222
-0.19367484885181357 0.2615078147027572 0.5141595824774632
-0.18826857554449028 0.25320837226172904 0.4774434431199534
-0.1824001743611975 0.24444679429555852 0.44125282184025866
-0.17693406829364758 0.23608698022390487 0.4055159228220016
-0.1706274277461175 0.2268871638977857 0.3704971531433929
-0.16337284288774986 0.21673934384107982 0.33639578019400634
-0.15623018714412468 0.20670343453186887 0.30320524652339936
-0.14737508762833557 0.1949551073631388 0.2713384508957539
-0.13792919695722272 0.1826157644914092 0.24085294700576318
-0.12818328656761452 0.1699767760947938 0.21179481259051788
-0.11818676807016311 0.15708704114499286 0.1842254705720666
-0.1079072386494831 0.1439132552669245 0.15821964964761231
-0.09741963575295495 0.13053229383776432 0.13383360059981372
-0.0867669556890137 0.11698618070631502 0.11111434130188662
-0.07585722243359005 0.10318292513273307 0.09012142360436935
-0.06465337403324477 0.0890856183052999 0.07088871951878015
-0.05320030607445118 0.07473895371900598 0.05336972038201849
-0.040957867837508405 0.05960333875608168 0.03746351281940641
-0.026283543689053113 0.0420357902420908 0.02265719434933529

VECTORS Vvpm_AB float
0.16222524642944336 0.17227885127067566 -0.7237226963043213
0.16222673654556274 0.17227891087532043 -0.7237271666526794
0.162228524684906 0.1722792685031891 -0.7237344980239868
0.16221752762794495 0.17228065431118011 -0.7237094640731812
0.1622118204832077 0.17228193581104279 -0.7236987352371216
0.1622062772512436 0.172282412648201 -0.7236865758895874
0.16220316290855408 0.17228330671787262 -0.723680853843689
0.1622019112110138 0.1722838282585144 -0.7236800789833069
0.16218475997447968 0.17228512465953827 -0.7236385941505432
0.16218751668930054 0.17228484153747559 -0.723646879196167
0.16219237446784973 0.17228403687477112 -0.7236596345901489
0.162192240357399 0.17228233814239502 -0.7236570119857788
0.16219520568847656 0.1722812056541443 -0.7236619591712952
0.16219773888587952 0.17228014767169952 -0.7236657738685608
0.1622011363506317 0.17227862775325775 -0.7236700057983398
0.1622033417224884 0.17227797210216522 -0.723675012588501
0.1622011363506317 0.17227554321289062 -0.7236649990081787
0.1622033715248108 0.1722750961780548 -0.7236700654029846
0.16220545768737793 0.17227470874786377 -0.7236748933792114
0.16220736503601074 0.1722732037305832 -0.7236759662628174
0.1622113287448883 0.172272190451622 -0.723682165145874
0.16221266984939575 0.1722719818353653 -0.7236852645874023
0.16221356391906738 0.17227183282375336 -0.7236878871917725
0.1622113585472107 0.17226892709732056 -0.7236791253089905
0.16221264004707336 0.17226725816726685 -0.7236777544021606
0.16221317648887634 0.17226707935333252 -0.7236800193786621
0.16221371293067932 0.1722671389579773 -0.7236824035644531
0.16221550107002258 0.1722666472196579 -0.723685622215271
0.1622169315814972 0.17226649820804596 -0.7236886024475098
0.16222165524959564 0.17226473987102509 -0.7236958742141724
0.16219693422317505 0.17226234078407288 -0.7236204147338867
0.16219893097877502 0.17226187884807587 -0.7236238121986389
0.16220000386238098 0.17225836217403412 -0.7236150503158569
0.16220039129257202 0.17225836217403412 -0.7236161231994629
0.1622006595134735 0.17225857079029083 -0.7236175537109375
0.16220107674598694 0.17225828766822815 -0.7236188054084778
0.16218975186347961 0.1722497045993805 -0.7235758900642395
0.16219118237495422 0.1722494512796402 -0.7235790491104126
0.1621924489736557 0.17224937677383423 -0.7235822677612305
0.1621938943862915 0.17224906384944916 -0.7235851883888245
0.16219350695610046 0.1722494512796402 -0.7235867977142334
0.16219279170036316 0.17224949598312378 -0.7235885858535767
0.1621936857700348 0.1722494214773178 -0.7235914468765259
0.1621946096420288 0.17224948108196259 -0.7235939502716064
0.1621955931186676 0.17224934697151184 -0.7235969305038452
0.16219651699066162 0.1722491979598999 -0.7235997319221497
0.16219833493232727 0.1722489446401596 -0.7236031293869019
0.16219934821128845 0.17224891483783722 -0.723605751991272
0.16219347715377808 0.17224985361099243 -0.723594069480896
0.16217206418514252 0.17223627865314484 -0.7235120534896851
0.1621713787317276 0.1722363382577896 -0.7235122323036194
0.16219162940979004 0.17224949598312378 -0.7235947847366333
0.1621975302696228 0.17224831879138947 -0.7236064672470093
0.1621965765953064 0.17224840819835663 -0.7236036062240601
0.1621948778629303 0.17224858701229095 -0.7236000299453735
0.16219401359558105 0.17224851250648499 -0.7235973477363586
0.16219303011894226 0.1722487211227417 -0.7235945463180542
0.16219201683998108 0.17224904894828796 -0.7235919237136841
0.16219118237495422 0.172248974442482 -0.7235891819000244
0.1621919572353363 0.17224881052970886 -0.7235875725746155
0.1621922254562378 0.17224884033203125 -0.723585844039917
0.16219088435173035 0.1722489446401596 -0.7235826253890991
0.16218967735767365 0.17224912345409393 -0.7235797643661499
0.16218827664852142 0.1722491979598999 -0.723576545715332
0.16219860315322876 0.17225737869739532 -0.723619818687439
0.16219821572303772 0.1722576916217804 -0.7236183881759644
0.16219782829284668 0.172257661819458 -0.7236170172691345
0.16219761967658997 0.1722577065229416 -0.7236156463623047
0.16219739615917206 0.17226152122020721 -0.7236243486404419
0.16219574213027954 0.1722617745399475 -0.7236210107803345
0.16222065687179565 0.17226441204547882 -0.7236959934234619
0.1622156798839569 0.1722659170627594 -0.7236889600753784
0.16221418976783752 0.17226630449295044 -0.7236860990524292
0.162212535738945 0.1722666323184967 -0.7236828207969666
0.16221199929714203 0.17226673662662506 -0.7236804962158203
0.16221138834953308 0.1722668558359146 -0.7236784100532532
0.1622106432914734 0.17226888239383698 -0.7236793041229248
0.1622123420238495 0.17227129638195038 -0.7236882448196411
0.1622115820646286 0.17227157950401306 -0.723685622215271
0.162210151553154 0.17227201163768768 -0.723682701587677
0.16220596432685852 0.17227302491664886 -0.7236764430999756
0.16220450401306152 0.1722744107246399 -0.7236753702163696
0.1622023731470108 0.17227494716644287 -0.723670482635498
0.1622002273797989 0.1722753942012787 -0.7236653566360474
0.16220229864120483 0.17227782309055328 -0.723675549030304
0.1621999740600586 0.17227832973003387 -0.7236701250076294
0.1621967852115631 0.17227976024150848 -0.7236660718917847
0.16219462454319 0.17228102684020996 -0.7236621975898743
0.1621919721364975 0.17228221893310547 -0.7236568927764893
0.16219186782836914 0.17228388786315918 -0.7236597537994385
0.16218648850917816 0.17228436470031738 -0.7236472368240356
0.16218364238739014 0.17228464782238007 -0.7236391305923462
0.16220051050186157 0.17228330671787262 -0.7236806154251099
0.1622011661529541 0.17228254675865173 -0.7236815690994263
0.16220438480377197 0.17228204011917114 -0.7236870527267456
0.16220957040786743 0.17228101193904877 -0.7236994504928589
0.16221532225608826 0.17228007316589355 -0.7237101793289185
0.16222625970840454 0.17227865755558014 -0.7237350940704346
0.1622244417667389 0.17227812111377716 -0.7237280607223511
0.1622225046157837 0.17227792739868164 -0.7237237691879272
0.16222524642944336 0.17227885127067566 -0.7237226963043213
0.16222673654556274 0.17227891087532043 -0.7237271666526794
0.162228524684906 0.1722792685031891 -0.7237344980239868
0.16221752762794495 0.17228065431118011 -0.7237094640731812
0.1622118204832077 0.17228193581104279 -0.7236987352371216
0.1622062772512436 0.172282412648201 -0.7236865758895874
0.16220316290855408 0.17228330671787262 -0.723680853843689
0.1622019112110138 0.1722838282585144 -0.7236800789833069
0.16218475997447968 0.17228512465953827 -0.7236385941505432
0.16218751668930054 0.17228484153747559 -0.723646879196167
0.16219237446784973 0.17228403687477112 -0.7236596345901489
0.162192240357399 0.17228233814239502 -0.7236570119857788
0.16219520568847656 0.1722812056541443 -0.7236619591712952
0.16219773888587952 0.17228014767169952 -0.7236657738685608
0.1622011363506317 0.17227862775325775 -0.7236700057983398
0.1622033417224884 0.17227797210216522 -0.723675012588501
0.1622011363506317 0.17227554321289062 -0.7236649990081787
0.1622033715248108 0.1722750961780548 -0.7236700654029846
0.16220545768737793 0.17227470874786377 -0.7236748933792114
0.16220736503601074 0.1722732037305832 -0.7236759662628174
0.1622113287448883 0.172272190451622 -0.723682165145874
0.16221266984939575 0.1722719818353653 -0.7236852645874023
0.16221356391906738 0.17227183282375336 -0.7236878871917725
0.1622113585472107 0.17226892709732056 -0.7236791253089905
0.16221264004707336 0.17226725816726685 -0.7236777544021606
0.16221317648887634 0.17226707935333252 -0.7236800193786621
0.16221371293067932 0.1722671389579773 -0.7236824035644531
0.16221550107002258 0.1722666472196579 -0.723685622215271
0.1622169315814972 0.17226649820804596 -0.7236886024475098
0.16222165524959564 0.17226473987102509 -0.7236958742141724
0.16219693422317505 0.17226234078407288 -0.7236204147338867
0.16219893097877502 0.17226187884807587 -0.7236238121986389
0.16220000386238098 0.17225836217403412 -0.7236150503158569
0.16220039129257202 0.17225836217403412 -0.7236161231994629
0.1622006595134735 0.17225857079029083 -0.7236175537109375
0.16220107674598694 0.17225828766822815 -0.7236188054084778
0.16218975186347961 0.1722497045993805 -0.7235758900642395
0.16219118237495422 0.1722494512796402 -0.7235790491104126
0.1621924489736557 0.17224937677383423 -0.7235822677612305
0.1621938943862915 0.17224906384944916 -0.7235851883888245
0.16219350695610046 0.1722494512796402 -0.7235867977142334
0.16219279170036316 0.17224949598312378 -0.7235885858535767
0.1621936857700348 0.1722494214773178 -0.7235914468765259
0.1621946096420288 0.17224948108196259 -0.7235939502716064
0.1621955931186676 0.17224934697151184 -0.7235969305038452
0.16219651699066162 0.1722491979598999 -0.7235997319221497
0.16219833493232727 0.1722489446401596 -0.7236031293869019
0.16219934821128845 0.17224891483783722 -0.723605751991272
0.16219347715377808 0.17224985361099243 -0.723594069480896
0.16217206418514252 0.17223627865314484 -0.7235120534896851
0.1621713787317276 0.1722363382577896 -0.7235122323036194
0.16219162940979004 0.17224949598312378 -0.7235947847366333
0.1621975302696228 0.17224831879138947 -0.7236064672470093
0.1621965765953064 0.17224840819835663 -0.7236036062240601
0.1621948778629303 0.17224858701229095 -0.7236000299453735
0.16219401359558105 0.17224851250648499 -0.7235973477363586
0.16219303011894226 0.1722487211227417 -0.7235945463180542
0.16219201683998108 0.17224904894828796 -0.7235919237136841
0.16219118237495422 0.172248974442482 -0.7235891819000244
0.1621919572353363 0.17224881052970886 -0.7235875725746155
0.1621922254562378 0.17224884033203125 -0.723585844039917
0.16219088435173035 0.1722489446401596 -0.7235826253890991
0.16218967735767365 0.17224912345409393 -0.7235797643661499
0.16218827664852142 0.1722491979598999 -0.723576545715332
0.16219860315322876 0.17225737869739532 -0.723619818687439
0.16219821572303772 0.1722576916217804 -0.7236183881759644
0.16219782829284668 0.172257661819458 -0.7236170172691345
0.16219761967658997 0.1722577065229416 -0.7236156463623047
0.16219739615917206 0.17226152122020721 -0.7236243486404419
0.16219574213027954 0.1722617745399475 -0.7236210107803345
0.16222065687179565 0.17226441204547882 -0.7236959934234619
0.1622156798839569 0.1722659170627594 -0.7236889600753784
0.16221418976783752 0.17226630449295044 -0.7236860990524292
0.162212535738945 0.1722666323184967 -0.7236828207969666
0.16221199929714203 0.17226673662662506 -0.7236804962158203
0.16221138834953308 0.1722668558359146 -0.7236784100532532
0.1622106432914734 0.17226888239383698 -0.7236793041229248
0.1622123420238495 0.17227129638195038 -0.7236882448196411
0.1622115820646286 0.17227157950401306 -0.723685622215271
0.162210151553154 0.17227201163768768 -0.723682701587677
0.16220596432685852 0.17227302491664886 -0.7236764430999756
0.16220450401306152 0.1722744107246399 -0.7236753702163696
0.1622023731470108 0.17227494716644287 -0.723670482635498
0.1622002273797989 0.1722753942012787 -0.7236653566360474
0.16220229864120483 0.17227782309055328 -0.723675549030304
0.1621999740600586 0.17227832973003387 -0.7236701250076294
0.1621967852115631 0.17227976024150848 -0.7236660718917847
0.16219462454319 0.17228102684020996 -0.7236621975898743
0.1621919721364975 0.17228221893310547 -0.7236568927764893
0.16219186782836914 0.17228388786315918 -0.7236597537994385
0.16218648850917816 0.17228436470031738 -0.7236472368240356
0.16218364238739014 0.17228464782238007 -0.7236391305923462
0.16220051050186157 0.17228330671787262 -0.7236806154251099
0.1622011661529541 0.17228254675865173 -0.7236815690994263
0.16220438480377197 0.17228204011917114 -0.7236870527267456
0.16220957040786743 0.17228101193904877 -0.7236994504928589
0.16221532225608826 0.17228007316589355 -0.7237101793289185
0.16222625970840454 0.17227865755558014 -0.7237350940704346
0.1622244417667389 0.17227812111377716 -0.7237280607223511
0.1622225046157837 0.17227792739868164 -0.7237237691879272