# vtk DataFile Version 4.0
[MyVLM domain - lattices] 
ASCII
DATASET UNSTRUCTURED_GRID
POINTS 302 float
1.2444999999999997 -1.2445 0.0
1.2399745454545452 -1.2399745454545454 0.0
1.2346178849721705 -1.2346178849721707 0.0
1.2284300185528754 -1.2284300185528756 0.0
1.2214109461966602 -1.2214109461966605 0.0
1.2135606679035247 -1.213560667903525 0.0
1.2048791836734691 -1.2048791836734694 0.0
1.1953664935064932 -1.1953664935064934 0.0
1.1850225974025972 -1.1850225974025974 0.0
1.1738474953617808 -1.173847495361781 0.0
1.1618411873840442 -1.1618411873840444 0.0
1.1490036734693874 -1.1490036734693876 0.0
1.1353349536178106 -1.1353349536178108 0.0
1.1208350278293133 -1.1208350278293135 0.0
1.1055038961038959 -1.105503896103896 0.0
1.0893415584415582 -1.0893415584415584 0.0
1.0723480148423004 -1.0723480148423006 0.0
1.054523265306122 -1.0545232653061223 0.0
1.0358673098330238 -1.035867309833024 0.0
1.0163801484230053 -1.0163801484230055 0.0
0.9960617810760664 -0.9960617810760668 0.0
0.9749122077922076 -0.9749122077922077 0.0
0.9529314285714284 -0.9529314285714284 0.0
0.9301194434137288 -0.930119443413729 0.0
0.9064762523191091 -0.9064762523191096 0.0
0.8820018552875695 -0.8820018552875695 0.0
0.8566962523191093 -0.8566962523191094 0.0
0.8305594434137288 -0.8305594434137291 0.0
0.8035914285714284 -0.8035914285714285 0.0
0.7757922077922076 -0.7757922077922077 0.0
0.7471617810760666 -0.7471617810760667 0.0
0.7177001484230053 -0.7177001484230054 0.0
0.6874073098330239 -0.687407309833024 0.0
0.6562832653061222 -0.6562832653061225 0.0
0.6243280148423004 -0.6243280148423005 0.0
0.5915415584415582 -0.5915415584415583 0.0
0.5579238961038958 -0.5579238961038959 0.0
0.5234750278293133 -0.5234750278293134 0.0
0.48819495361781057 -0.48819495361781057 0.0
0.4520836734693877 -0.4520836734693877 0.0
0.4151411873840445 -0.4151411873840446 0.0
0.37736749536178105 -0.37736749536178116 0.0
0.3387625974025974 -0.3387625974025974 0.0
0.2993264935064933 -0.29932649350649343 0.0
0.25905918367346925 -0.25905918367346925 0.0
0.21796066790352486 -0.21796066790352486 0.0
0.17603094619666027 -0.1760309461966605 0.0
0.13327001855287546 -0.13327001855287568 0.0
0.08967788497217066 -0.08967788497217066 0.0
0.045254545454545436 -0.045254545454545436 0.0
0.0 0.0 0.0
0.04525454545454545 0.04525454545454546 0.0
0.08967788497217066 0.08967788497217068 0.0
0.13327001855287568 0.1332700185528757 0.0
0.17603094619666046 0.1760309461966605 0.0
0.21796066790352497 0.21796066790352508 0.0
0.2590591836734693 0.25905918367346936 0.0
0.29932649350649343 0.2993264935064935 0.0
0.3387625974025973 0.33876259740259734 0.0
0.37736749536178094 0.377367495361781 0.0
0.41514118738404443 0.4151411873840445 0.0
0.45208367346938766 0.4520836734693878 0.0
0.48819495361781057 0.4881949536178107 0.0
0.5234750278293133 0.5234750278293134 0.0
0.5579238961038959 0.557923896103896 0.0
0.5915415584415582 0.5915415584415583 0.0
0.6243280148423003 0.6243280148423004 0.0
0.6562832653061222 0.6562832653061225 0.0
0.687407309833024 0.6874073098330241 0.0
0.7177001484230054 0.7177001484230056 0.0
0.7471617810760667 0.7471617810760669 0.0
0.7757922077922076 0.7757922077922077 0.0
0.8035914285714284 0.8035914285714285 0.0
0.8305594434137288 0.830559443413729 0.0
0.8566962523191093 0.8566962523191094 0.0
0.8820018552875692 0.8820018552875695 0.0
0.9064762523191091 0.9064762523191093 0.0
0.9301194434137288 0.9301194434137292 0.0
0.9529314285714284 0.9529314285714284 0.0
0.9749122077922076 0.9749122077922077 0.0
0.9960617810760666 0.9960617810760668 0.0
1.0163801484230053 1.0163801484230055 0.0
1.0358673098330238 1.035867309833024 0.0
1.054523265306122 1.0545232653061223 0.0
1.0723480148423001 1.0723480148423004 0.0
1.0893415584415582 1.0893415584415584 0.0
1.1055038961038959 1.105503896103896 0.0
1.120835027829313 1.1208350278293133 0.0
1.1353349536178106 1.1353349536178106 0.0
1.1490036734693874 1.1490036734693876 0.0
1.1618411873840444 1.1618411873840446 0.0
1.1738474953617808 1.173847495361781 0.0
1.1850225974025972 1.1850225974025972 0.0
1.1953664935064932 1.1953664935064934 0.0
1.2048791836734691 1.2048791836734694 0.0
1.2135606679035245 1.2135606679035247 0.0
1.22141094619666 1.2214109461966602 0.0
1.2284300185528754 1.2284300185528756 0.0
1.2346178849721703 1.2346178849721705 0.0
1.2399745454545452 1.2399745454545454 0.0
1.2444999999999997 1.2445 0.0
1.7422999999999997 -1.2445 0.0
1.7377745454545452 -1.2399745454545454 0.0
1.7324178849721703 -1.2346178849721707 0.0
1.7262300185528754 -1.2284300185528756 0.0
1.7192109461966603 -1.2214109461966605 0.0
1.7113606679035245 -1.213560667903525 0.0
1.7026791836734692 -1.2048791836734694 0.0
1.6931664935064934 -1.1953664935064934 0.0
1.6828225974025972 -1.1850225974025974 0.0
1.6716474953617806 -1.173847495361781 0.0
1.6596411873840444 -1.1618411873840444 0.0
1.6468036734693878 -1.1490036734693876 0.0
1.6331349536178106 -1.1353349536178108 0.0
1.6186350278293133 -1.1208350278293135 0.0
1.603303896103896 -1.105503896103896 0.0
1.5871415584415582 -1.0893415584415584 0.0
1.5701480148423004 -1.0723480148423006 0.0
1.552323265306122 -1.0545232653061223 0.0
1.5336673098330238 -1.035867309833024 0.0
1.5141801484230053 -1.0163801484230055 0.0
1.4938617810760666 -0.9960617810760668 0.0
1.4727122077922075 -0.9749122077922077 0.0
1.4507314285714283 -0.9529314285714284 0.0
1.4279194434137288 -0.930119443413729 0.0
1.4042762523191092 -0.9064762523191096 0.0
1.3798018552875693 -0.8820018552875695 0.0
1.3544962523191093 -0.8566962523191094 0.0
1.328359443413729 -0.8305594434137291 0.0
1.3013914285714283 -0.8035914285714285 0.0
1.2735922077922077 -0.7757922077922077 0.0
1.2449617810760665 -0.7471617810760667 0.0
1.2155001484230055 -0.7177001484230054 0.0
1.1852073098330238 -0.687407309833024 0.0
1.1540832653061224 -0.6562832653061225 0.0
1.1221280148423003 -0.6243280148423005 0.0
1.0893415584415582 -0.5915415584415583 0.0
1.055723896103896 -0.5579238961038959 0.0
1.0212750278293132 -0.5234750278293134 0.0
0.9859949536178108 -0.48819495361781057 0.0
0.9498836734693876 -0.4520836734693877 0.0
0.9129411873840445 -0.4151411873840446 0.0
0.875167495361781 -0.37736749536178116 0.0
0.8365625974025973 -0.3387625974025974 0.0
0.7971264935064933 -0.29932649350649343 0.0
0.7568591836734693 -0.25905918367346925 0.0
0.7157606679035249 -0.21796066790352486 0.0
0.6738309461966603 -0.1760309461966605 0.0
0.6310700185528755 -0.13327001855287568 0.0
0.5874778849721707 -0.08967788497217066 0.0
0.5430545454545455 -0.045254545454545436 0.0
0.4978 0.0 0.0
0.5430545454545455 0.04525454545454546 0.0
0.5874778849721707 0.08967788497217068 0.0
0.6310700185528757 0.1332700185528757 0.0
0.6738309461966605 0.1760309461966605 0.0
0.715760667903525 0.21796066790352508 0.0
0.7568591836734693 0.25905918367346936 0.0
0.7971264935064934 0.2993264935064935 0.0
0.8365625974025973 0.33876259740259734 0.0
0.875167495361781 0.377367495361781 0.0
0.9129411873840445 0.4151411873840445 0.0
0.9498836734693876 0.4520836734693878 0.0
0.9859949536178105 0.4881949536178107 0.0
1.0212750278293132 0.5234750278293134 0.0
1.055723896103896 0.557923896103896 0.0
1.0893415584415582 0.5915415584415583 0.0
1.1221280148423003 0.6243280148423004 0.0
1.1540832653061224 0.6562832653061225 0.0
1.185207309833024 0.6874073098330241 0.0
1.2155001484230055 0.7177001484230056 0.0
1.2449617810760667 0.7471617810760669 0.0
1.2735922077922077 0.7757922077922077 0.0
1.3013914285714283 0.8035914285714285 0.0
1.3283594434137287 0.830559443413729 0.0
1.3544962523191093 0.8566962523191094 0.0
1.3798018552875693 0.8820018552875695 0.0
1.4042762523191092 0.9064762523191093 0.0
1.427919443413729 0.9301194434137292 0.0
1.4507314285714283 0.9529314285714284 0.0
1.4727122077922075 0.9749122077922077 0.0
1.4938617810760666 0.9960617810760668 0.0
1.5141801484230053 1.0163801484230055 0.0
1.5336673098330238 1.035867309833024 0.0
1.552323265306122 1.0545232653061223 0.0
1.5701480148423002 1.0723480148423004 0.0
1.5871415584415582 1.0893415584415584 0.0
1.603303896103896 1.105503896103896 0.0
1.6186350278293131 1.1208350278293133 0.0
1.6331349536178106 1.1353349536178106 0.0
1.6468036734693874 1.1490036734693876 0.0
1.6596411873840444 1.1618411873840446 0.0
1.6716474953617806 1.173847495361781 0.0
1.6828225974025972 1.1850225974025972 0.0
1.6931664935064934 1.1953664935064934 0.0
1.7026791836734692 1.2048791836734694 0.0
1.7113606679035245 1.2135606679035247 0.0
1.71921094619666 1.2214109461966602 0.0
1.7262300185528754 1.2284300185528756 0.0
1.7324178849721703 1.2346178849721705 0.0
1.7377745454545452 1.2399745454545454 0.0
1.7422999999999997 1.2445 0.0
1.6155872727272724 -1.2422372727272726 0.0
1.6106462152133578 -1.237296215213358 0.0
1.604873951762523 -1.2315239517625232 0.0
1.598270482374768 -1.224920482374768 0.0
1.5908358070500925 -1.2174858070500927 0.0
1.582569925788497 -1.2092199257884972 0.0
1.5734728385899812 -1.2001228385899814 0.0
1.5635445454545454 -1.1901945454545453 0.0
1.552785046382189 -1.1794350463821892 0.0
1.5411943413729126 -1.1678443413729127 0.0
1.5287724304267158 -1.155422430426716 0.0
1.5155193135435991 -1.142169313543599 0.0
1.501434990723562 -1.1280849907235622 0.0
1.4865194619666047 -1.1131694619666048 0.0
1.4707727272727271 -1.0974227272727273 0.0
1.4541947866419294 -1.0808447866419293 0.0
1.4367856400742112 -1.0634356400742113 0.0
1.418545287569573 -1.0451952875695731 0.0
1.3994737291280146 -1.0261237291280147 0.0
1.379570964749536 -1.0062209647495362 0.0
1.358836994434137 -0.9854869944341371 0.0
1.337271818181818 -0.9639218181818181 0.0
1.3148754359925787 -0.9415254359925787 0.0
1.291647847866419 -0.9182978478664192 0.0
1.2675890538033394 -0.8942390538033393 0.0
1.2426990538033393 -0.8693490538033395 0.0
1.2169778478664193 -0.8436278478664192 0.0
1.1904254359925788 -0.8170754359925788 0.0
1.163041818181818 -0.7896918181818181 0.0
1.1348269944341371 -0.7614769944341371 0.0
1.105780964749536 -0.7324309647495362 0.0
1.0759037291280147 -0.7025537291280148 0.0
1.0451952875695731 -0.6718452875695733 0.0
1.0136556400742114 -0.6403056400742114 0.0
0.9812847866419293 -0.6079347866419293 0.0
0.9480827272727271 -0.5747327272727272 0.0
0.9140494619666047 -0.5406994619666048 0.0
0.8791849907235622 -0.5058349907235622 0.0
0.8434893135435992 -0.47013931354359917 0.0
0.8069624304267162 -0.43361243042671627 0.0
0.7696043413729128 -0.3962543413729128 0.0
0.7314150463821893 -0.3580650463821894 0.0
0.6923945454545455 -0.3190445454545454 0.0
0.6525428385899814 -0.27919283858998134 0.0
0.6118599257884971 -0.23850992578849706 0.0
0.5703458070500929 -0.19699580705009279 0.0
0.5280004823747682 -0.15465048237476808 0.0
0.4848239517625232 -0.11147395176252317 0.0
0.4408162152133581 -0.06746621521335805 0.0
0.39597727272727273 -0.022627272727272718 0.0
0.39597727272727273 0.02262727272727273 0.0
0.4408162152133581 0.06746621521335806 0.0
0.4848239517625232 0.11147395176252319 0.0
0.528000482374768 0.15465048237476808 0.0
0.5703458070500929 0.19699580705009276 0.0
0.6118599257884971 0.23850992578849717 0.0
0.6525428385899814 0.2791928385899814 0.0
0.6923945454545455 0.3190445454545454 0.0
0.7314150463821891 0.3580650463821891 0.0
0.7696043413729128 0.39625434137291277 0.0
0.8069624304267162 0.43361243042671616 0.0
0.8434893135435992 0.4701393135435992 0.0
0.8791849907235619 0.5058349907235621 0.0
0.9140494619666046 0.5406994619666047 0.0
0.9480827272727271 0.5747327272727272 0.0
0.9812847866419294 0.6079347866419295 0.0
1.0136556400742114 0.6403056400742114 0.0
1.0451952875695731 0.6718452875695732 0.0
1.0759037291280147 0.7025537291280147 0.0
1.105780964749536 0.7324309647495362 0.0
1.1348269944341371 0.7614769944341373 0.0
1.163041818181818 0.789691818181818 0.0
1.1904254359925786 0.8170754359925786 0.0
1.216977847866419 0.843627847866419 0.0
1.2426990538033393 0.8693490538033394 0.0
1.2675890538033392 0.8942390538033393 0.0
1.291647847866419 0.9182978478664192 0.0
1.3148754359925787 0.9415254359925787 0.0
1.3372718181818182 0.9639218181818181 0.0
1.3588369944341372 0.9854869944341373 0.0
1.379570964749536 1.0062209647495362 0.0
1.3994737291280148 1.0261237291280147 0.0
1.418545287569573 1.0451952875695731 0.0
1.4367856400742112 1.0634356400742113 0.0
1.4541947866419291 1.0808447866419293 0.0
1.470772727272727 1.097422727272727 0.0
1.4865194619666047 1.1131694619666048 0.0
1.501434990723562 1.128084990723562 0.0
1.5155193135435991 1.1421693135435993 0.0
1.528772430426716 1.1554224304267162 0.0
1.5411943413729128 1.1678443413729127 0.0
1.5527850463821888 1.179435046382189 0.0
1.5635445454545451 1.1901945454545453 0.0
1.573472838589981 1.2001228385899811 0.0
1.5825699257884969 1.209219925788497 0.0
1.5908358070500925 1.2174858070500927 0.0
1.5982704823747678 1.224920482374768 0.0
1.604873951762523 1.2315239517625232 0.0
1.6106462152133578 1.237296215213358 0.0
1.6155872727272724 1.2422372727272726 0.0

CELLS 200 700
4 0 101 102 1
4 1 102 103 2
4 2 103 104 3
4 3 104 105 4
4 4 105 106 5
4 5 106 107 6
4 6 107 108 7
4 7 108 109 8
4 8 109 110 9
4 9 110 111 10
4 10 111 112 11
4 11 112 113 12
4 12 113 114 13
4 13 114 115 14
4 14 115 116 15
4 15 116 117 16
4 16 117 118 17
4 17 118 119 18
4 18 119 120 19
4 19 120 121 20
4 20 121 122 21
4 21 122 123 22
4 22 123 124 23
4 23 124 125 24
4 24 125 126 25
4 25 126 127 26
4 26 127 128 27
4 27 128 129 28
4 28 129 130 29
4 29 130 131 30
4 30 131 132 31
4 31 132 133 32
4 32 133 134 33
4 33 134 135 34
4 34 135 136 35
4 35 136 137 36
4 36 137 138 37
4 37 138 139 38
4 38 139 140 39
4 39 140 141 40
4 40 141 142 41
4 41 142 143 42
4 42 143 144 43
4 43 144 145 44
4 44 145 146 45
4 45 146 147 46
4 46 147 148 47
4 47 148 149 48
4 48 149 150 49
4 49 150 151 50
4 50 151 152 51
4 51 152 153 52
4 52 153 154 53
4 53 154 155 54
4 54 155 156 55
4 55 156 157 56
4 56 157 158 57
4 57 158 159 58
4 58 159 160 59
4 59 160 161 60
4 60 161 162 61
4 61 162 163 62
4 62 163 164 63
4 63 164 165 64
4 64 165 166 65
4 65 166 167 66
4 66 167 168 67
4 67 168 169 68
4 68 169 170 69
4 69 170 171 70
4 70 171 172 71
4 71 172 173 72
4 72 173 174 73
4 73 174 175 74
4 74 175 176 75
4 75 176 177 76
4 76 177 178 77
4 77 178 179 78
4 78 179 180 79
4 79 180 181 80
4 80 181 182 81
4 81 182 183 82
4 82 183 184 83
4 83 184 185 84
4 84 185 186 85
4 85 186 187 86
4 86 187 188 87
4 87 188 189 88
4 88 189 190 89
4 89 190 191 90
4 90 191 192 91
4 91 192 193 92
4 92 193 194 93
4 93 194 195 94
4 94 195 196 95
4 95 196 197 96
4 96 197 198 97
4 97 198 199 98
4 98 199 200 99
4 99 200 201 100
1 202
1 203
1 204
1 205
1 206
1 207
1 208
1 209
1 210
1 211
1 212
1 213
1 214
1 215
1 216
1 217
1 218
1 219
1 220
1 221
1 222
1 223
1 224
1 225
1 226
1 227
1 228
1 229
1 230
1 231
1 232
1 233
1 234
1 235
1 236
1 237
1 238
1 239
1 240
1 241
1 242
1 243
1 244
1 245
1 246
1 247
1 248
1 249
1 250
1 251
1 252
1 253
1 254
1 255
1 256
1 257
1 258
1 259
1 260
1 261
1 262
1 263
1 264
1 265
1 266
1 267
1 268
1 269
1 270
1 271
1 272
1 273
1 274
1 275
1 276
1 277
1 278
1 279
1 280
1 281
1 282
1 283
1 284
1 285
1 286
1 287
1 288
1 289
1 290
1 291
1 292
1 293
1 294
1 295
1 296
1 297
1 298
1 299
1 300
1 301

CELL_TYPES 200
9
9
9
9
9
9
9
9
9
9
9
9
9
9
9
9
9
9
9
9
9
9
9
9
9
9
9
9
9
9
9
9
9
9
9
9
9
9
9
9
9
9
9
9
9
9
9
9
9
9
9
9
9
9
9
9
9
9
9
9
9
9
9
9
9
9
9
9
9
9
9
9
9
9
9
9
9
9
9
9
9
9
9
9
9
9
9
9
9
9
9
9
9
9
9
9
9
9
9
9
1
1
1
1
1
1
1
1
1
1
1
1
1
1
1
1
1
1
1
1
1
1
1
1
1
1
1
1
1
1
1
1
1
1
1
1
1
1
1
1
1
1
1
1
1
1
1
1
1
1
1
1
1
1
1
1
1
1
1
1
1
1
1
1
1
1
1
1
1
1
1
1
1
1
1
1
1
1
1
1
1
1
1
1
1
1
1
1
1
1
1
1
1
1
1
1
1
1
1
1

CELL_DATA 200

VECTORS Vinf float
9.154633182642385 0.15269315242767334 3.9694450871755187
9.153375420329496 0.15510953962802887 3.999489285211712
9.15384790634863 0.1540527492761612 3.987480230789334
9.15294123029463 0.15624162554740906 4.011050529937894
9.153335887548849 0.15518945455551147 4.0003743694831435
9.154132265207693 0.15349049866199493 3.9805093632747237
9.154352087137624 0.15309055149555206 3.9752434866239135
9.155848789570257 0.1512627750635147 3.945105470876843
9.157091606018469 0.1504177749156952 3.924573518495709
9.15926966404669 0.1496983766555786 3.894424356680066
9.161889705417082 0.1495445966720581 3.8646542804051944
9.165520820376798 0.1499626785516739 3.8300138490010798
9.16309242284052 0.1496233344078064 3.8524955289174616
9.161288056132719 0.149534210562706 3.8709867970754215
9.161232847330496 0.14953471720218658 3.8715906517316405
9.161954257247373 0.14954537153244019 3.8639116661359374
9.161167192814275 0.14953331649303436 3.8723057882596557
9.164089027402326 0.14973364770412445 3.8429042177011077
9.162582624313757 0.14957834780216217 3.8575628773976867
9.158556330559179 0.14985115826129913 3.9036453144361083
9.157891366240904 0.1500590592622757 3.9127568082620208
9.158326867577955 0.14991717040538788 3.906771220426709
9.15877051985018 0.14980092644691467 3.90091610715881
9.160549673793241 0.14955288171768188 3.8793191687871516
9.157650190946981 0.1501554250717163 3.9163211958219115
9.157986361143514 0.1500295102596283 3.9115572945882384
9.15832680797331 0.14992056787014008 3.9068889694024627
9.159865114447996 0.1496122181415558 3.8873711006452147
9.160265151021406 0.14957351982593536 3.8826807515431945
9.159315187094137 0.1496926248073578 3.894105978469998
9.160822037217542 0.14953123033046722 3.876160599451214
9.158195260522291 0.14994516968727112 3.9085412697602813
9.156789589283392 0.1505645215511322 3.92925313876167
9.157024550793096 0.15043404698371887 3.925595201711804
9.157261807081625 0.15031437575817108 3.921994425516278
9.159364167210981 0.14966699481010437 3.893337346773297
9.159650388715193 0.14962467551231384 3.8898404912759372
9.159938398358747 0.1495905965566635 3.886400409202725
9.16022774910681 0.14956353604793549 3.8830189482976505
9.160517904517576 0.14954333007335663 3.8796965555955474
9.160807553288862 0.14953023195266724 3.8764361219216887
9.163474429008886 0.1496446132659912 3.8488932626058165
9.16382746731989 0.14968615770339966 3.8455363886167118
9.160366404411718 0.14955256879329681 3.8814977781583373
9.160619962570593 0.14953745901584625 3.8786099927236144
9.160874668118879 0.1495271772146225 3.875759698610455
9.166657123324796 0.15016178786754608 3.8202975468446314
9.166995126364156 0.15023395419120789 3.8174759821702544
9.166702959296629 0.1501726508140564 3.819893457155377
9.173440146801397 0.15197646617889404 3.768762596111447
9.173459548113271 0.15198303759098053 3.7686251179982726
9.166754457709715 0.15018616616725922 3.8194458858777587
9.167045387980863 0.15024776756763458 3.817040361623913
9.166705298778936 0.15017485618591309 3.8198709564019744
9.1663636002516 0.15010423958301544 3.8227487580586974
9.166020590422079 0.15003637969493866 3.825674660663754
9.160387355444357 0.1495528221130371 3.881233044128567
9.163854393718168 0.14969220757484436 3.8452822046090662
9.160194743034765 0.1495744287967682 3.8835272567082946
9.158257189748213 0.14993980526924133 3.907891608934552
9.158009174821302 0.15002010762691498 3.9113136308003966
9.157762217876837 0.150110125541687 3.914793111543805
9.157517794129774 0.15020981431007385 3.91832647488609
9.157275709865019 0.1503194272518158 3.9219131545831263
9.155762780067846 0.1513461172580719 3.9469014780332157
9.155563834664747 0.15153346955776215 3.9505472259332244
9.155367213842794 0.15173391997814178 3.9542467074204986
9.155172962305471 0.15194784104824066 3.9579965846349303
9.156290847418234 0.1509106457233429 3.937578596334607
9.158436793444082 0.14988581836223602 3.9053356425572936
9.159351322410032 0.14968954026699066 3.8936528937627384
9.160302120802328 0.14957278966903687 3.8822438196946685
9.15989961063616 0.14961057901382446 3.88694904015556
9.158353332040235 0.149915412068367 3.9065103010942046
9.15801102256529 0.15002363920211792 3.9111923055459563
9.157673049328253 0.15014873445034027 3.915970303278119
9.159259844181463 0.14970524609088898 3.894696839313657
9.158807534334585 0.149796262383461 3.9004299716760222
9.157063487527296 0.15043652057647705 3.9250763432790348
9.15667449271433 0.15065759420394897 3.9311764912416045
9.157247233745977 0.15033940970897675 3.9222157971669738
9.160926807281896 0.14954395592212677 3.875062234859616
9.160300213453695 0.149575874209404 3.882121570568234
9.158212650177404 0.1499607264995575 3.908348895769269
9.15900405084841 0.14975740015506744 3.8978649751950805
9.159766364452764 0.1496313065290451 3.8883919195939605
9.15880497133486 0.14980149269104004 3.9004183189679686
9.163436445949003 0.14966131746768951 3.8491486089040343
9.163110781071111 0.14962910115718842 3.8523500935842105
9.160810175893232 0.14954954385757446 3.876352526407391
9.158385935780927 0.14990615844726562 3.905922569494397
9.156483251211569 0.15078450739383698 3.9342959599305694
9.154779914376661 0.15245293080806732 3.9659414069463317
9.153561610338613 0.15463115274906158 3.994299151163251
9.153166789171621 0.15562336146831512 4.004879258732945
9.153043645975515 0.15594986081123352 4.008169941764027
9.152333650348112 0.15813954174518585 4.028170697550923
9.152857530472204 0.15650807321071625 4.013526000242383
9.152470025775358 0.15770387649536133 4.024393327694089
9.153408635017797 0.1550421416759491 3.998691357832105
9.154633182642385 0.15269315242767334 3.9694450871755187
9.153375420329496 0.15510953962802887 3.999489285211712
9.15384790634863 0.1540527492761612 3.987480230789334
9.15294123029463 0.15624162554740906 4.011050529937894
9.153335887548849 0.15518945455551147 4.0003743694831435
9.154132265207693 0.15349049866199493 3.9805093632747237
9.154352087137624 0.15309055149555206 3.9752434866239135
9.155848789570257 0.1512627750635147 3.945105470876843
9.157091606018469 0.1504177749156952 3.924573518495709
9.15926966404669 0.1496983766555786 3.894424356680066
9.161889705417082 0.1495445966720581 3.8646542804051944
9.165520820376798 0.1499626785516739 3.8300138490010798
9.16309242284052 0.1496233344078064 3.8524955289174616
9.161288056132719 0.149534210562706 3.8709867970754215
9.161232847330496 0.14953471720218658 3.8715906517316405
9.161954257247373 0.14954537153244019 3.8639116661359374
9.161167192814275 0.14953331649303436 3.8723057882596557
9.164089027402326 0.14973364770412445 3.8429042177011077
9.162582624313757 0.14957834780216217 3.8575628773976867
9.158556330559179 0.14985115826129913 3.9036453144361083
9.157891366240904 0.1500590592622757 3.9127568082620208
9.158326867577955 0.14991717040538788 3.906771220426709
9.15877051985018 0.14980092644691467 3.90091610715881
9.160549673793241 0.14955288171768188 3.8793191687871516
9.157650190946981 0.1501554250717163 3.9163211958219115
9.157986361143514 0.1500295102596283 3.9115572945882384
9.15832680797331 0.14992056787014008 3.9068889694024627
9.159865114447996 0.1496122181415558 3.8873711006452147
9.160265151021406 0.14957351982593536 3.8826807515431945
9.159315187094137 0.1496926248073578 3.894105978469998
9.160822037217542 0.14953123033046722 3.876160599451214
9.158195260522291 0.14994516968727112 3.9085412697602813
9.156789589283392 0.1505645215511322 3.92925313876167
9.157024550793096 0.15043404698371887 3.925595201711804
9.157261807081625 0.15031437575817108 3.921994425516278
9.159364167210981 0.14966699481010437 3.893337346773297
9.159650388715193 0.14962467551231384 3.8898404912759372
9.159938398358747 0.1495905965566635 3.886400409202725
9.16022774910681 0.14956353604793549 3.8830189482976505
9.160517904517576 0.14954333007335663 3.8796965555955474
9.160807553288862 0.14953023195266724 3.8764361219216887
9.163474429008886 0.1496446132659912 3.8488932626058165
9.16382746731989 0.14968615770339966 3.8455363886167118
9.160366404411718 0.14955256879329681 3.8814977781583373
9.160619962570593 0.14953745901584625 3.8786099927236144
9.160874668118879 0.1495271772146225 3.875759698610455
9.166657123324796 0.15016178786754608 3.8202975468446314
9.166995126364156 0.15023395419120789 3.8174759821702544
9.166702959296629 0.1501726508140564 3.819893457155377
9.173440146801397 0.15197646617889404 3.768762596111447
9.173459548113271 0.15198303759098053 3.7686251179982726
9.166754457709715 0.15018616616725922 3.8194458858777587
9.167045387980863 0.15024776756763458 3.817040361623913
9.166705298778936 0.15017485618591309 3.8198709564019744
9.1663636002516 0.15010423958301544 3.8227487580586974
9.166020590422079 0.15003637969493866 3.825674660663754
9.160387355444357 0.1495528221130371 3.881233044128567
9.163854393718168 0.14969220757484436 3.8452822046090662
9.160194743034765 0.1495744287967682 3.8835272567082946
9.158257189748213 0.14993980526924133 3.907891608934552
9.158009174821302 0.15002010762691498 3.9113136308003966
9.157762217876837 0.150110125541687 3.914793111543805
9.157517794129774 0.15020981431007385 3.91832647488609
9.157275709865019 0.1503194272518158 3.9219131545831263
9.155762780067846 0.1513461172580719 3.9469014780332157
9.155563834664747 0.15153346955776215 3.9505472259332244
9.155367213842794 0.15173391997814178 3.9542467074204986
9.155172962305471 0.15194784104824066 3.9579965846349303
9.156290847418234 0.1509106457233429 3.937578596334607
9.158436793444082 0.14988581836223602 3.9053356425572936
9.159351322410032 0.14968954026699066 3.8936528937627384
9.160302120802328 0.14957278966903687 3.8822438196946685
9.15989961063616 0.14961057901382446 3.88694904015556
9.158353332040235 0.149915412068367 3.9065103010942046
9.15801102256529 0.15002363920211792 3.9111923055459563
9.157673049328253 0.15014873445034027 3.915970303278119
9.159259844181463 0.14970524609088898 3.894696839313657
9.158807534334585 0.149796262383461 3.9004299716760222
9.157063487527296 0.15043652057647705 3.9250763432790348
9.15667449271433 0.15065759420394897 3.9311764912416045
9.157247233745977 0.15033940970897675 3.9222157971669738
9.160926807281896 0.14954395592212677 3.875062234859616
9.160300213453695 0.149575874209404 3.882121570568234
9.158212650177404 0.1499607264995575 3.908348895769269
9.15900405084841 0.14975740015506744 3.8978649751950805
9.159766364452764 0.1496313065290451 3.8883919195939605
9.15880497133486 0.14980149269104004 3.9004183189679686
9.163436445949003 0.14966131746768951 3.8491486089040343
9.163110781071111 0.14962910115718842 3.8523500935842105
9.160810175893232 0.14954954385757446 3.876352526407391
9.158385935780927 0.14990615844726562 3.905922569494397
9.156483251211569 0.15078450739383698 3.9342959599305694
9.154779914376661 0.15245293080806732 3.9659414069463317
9.153561610338613 0.15463115274906158 3.994299151163251
9.153166789171621 0.15562336146831512 4.004879258732945
9.153043645975515 0.15594986081123352 4.008169941764027
9.152333650348112 0.15813954174518585 4.028170697550923
9.152857530472204 0.15650807321071625 4.013526000242383
9.152470025775358 0.15770387649536133 4.024393327694089
9.153408635017797 0.1550421416759491 3.998691357832105

VECTORS L float
-0.013517854080118205 0.0 0.02898913162525186
-0.021960872832213835 0.0 0.04709524376911292
-0.030411974971267904 0.0 0.0652186907922475
-0.03936028557713017 0.0 0.08440840481338821
-0.04893554546538608 0.0 0.10494261590943058
-0.05916929086417031 0.0 0.12688895373985623
-0.07003513767555214 0.0 0.15019083742406128
-0.08153937117600563 0.0 0.17486174578094169
-0.09363207186344874 0.0 0.20079462609281412
-0.10629821182391277 0.0 0.22795725089417193
-0.11950427868314069 0.0 0.2562777526664981
-0.13325020912214514 0.0 0.28575599562178616
-0.14735215024553966 0.0 0.31599770595352406
-0.16178097849402148 0.0 0.3469404279872371
-0.17651599474112534 0.0 0.37853977230297214
-0.19151919681045523 0.0 0.4107142429704534
-0.20666110152912348 0.0 0.4431861624293338
-0.2220966093616276 0.0 0.4762877157977184
-0.2375762197972682 0.0 0.5094838475037415
-0.25291742145465473 0.0 0.5423831606269398
-0.268250711890247 0.0 0.5752655080802505
-0.2835422390940133 0.0 0.6080582939938874
-0.298727967758672 0.0 0.6406241942082284
-0.313919036221882 0.0 0.6732015456575168
-0.3286525041080778 0.0 0.704797569502569
-0.3432399418354182 0.0 0.7360804306613528
-0.3575455072480532 0.0 0.7667588146905505
-0.3716701898673268 0.0 0.7970492943175839
-0.3854770924172809 0.0 0.8266582923867615
-0.3988281168451856 0.0 0.8552896566682954
-0.41200381219896826 0.0 0.8835450265370077
-0.42447772801919903 0.0 0.9102954253393464
-0.4363357394461567 0.0 0.9357250129079387
-0.44765267345846765 0.0 0.9599942562162896
-0.45828492246254116 0.0 0.9827951877861061
-0.46844748268646164 0.0 1.0045888685163986
-0.47784942242549827 0.0 1.0247513933529764
-0.48650215801561875 0.0 1.043307244707329
-0.4943357349800026 0.0 1.0601064047197946
-0.5012693672765688 0.0 1.0749756271640496
-0.507191752875022 0.0 1.0876762240658586
-0.512292190150094 0.0 1.0986141470998751
-0.5163058698882154 0.0 1.1072215110749855
-0.5187204039306577 0.0 1.112399496038809
-0.5196293150460896 0.0 1.1143486622159806
-0.5185131637642376 0.0 1.1119550680677137
-0.5152065485640864 0.0 1.1048640088875274
-0.5072925225941738 0.0 1.0878923254259572
-0.4865146045074491 0.0 1.0433339362951954
-0.37232504941280237 0.0 0.798453645144818
-0.3548944747305818 0.0 0.7610736571103373
-0.4690536869872154 0.0 1.0058888778346078
-0.4897690321566471 0.0 1.050313078911198
-0.4976125222747758 0.0 1.0671334977504734
-0.5009730481834873 0.0 1.0743401688182572
-0.5019297389430731 0.0 1.0763917987729763
-0.5010864500180572 0.0 1.0745833598372905
-0.49932929751911664 0.0 1.070815134142922
-0.4958360661054857 0.0 1.0633238752014489
-0.49150847598401926 0.0 1.0540433282368353
-0.48621778096000867 0.0 1.0426973961435393
-0.47986175668290093 0.0 1.029066858094355
-0.4725640749996557 0.0 1.0134169292209596
-0.46441362051557844 0.0 0.9959382231745578
-0.4554188990296085 0.0 0.9766489806998395
-0.44585900012069324 0.0 0.9561477113302987
-0.43555902611677894 0.0 0.934059345797836
-0.42459702743338024 0.0 0.9105512637586709
-0.41309831332263425 0.0 0.8858921917712151
-0.400979490160398 0.0 0.8599032916313681
-0.3882249748096867 0.0 0.8325511451940222
-0.37509663314607544 0.0 0.8043973256415938
-0.3615879014921232 0.0 0.7754277571223868
-0.3478065183876118 0.0 0.7458734856805684
-0.3338825820686176 0.0 0.7160135078837511
-0.3197077202681555 0.0 0.6856154186553935
-0.3053805193857696 0.0 0.6548906372115862
-0.29073064993449416 0.0 0.6234738907887646
-0.27595207893631957 0.0 0.5917811430079373
-0.2611869960350868 0.0 0.5601173205443463
-0.2463636401930375 0.0 0.5283285313558957
-0.23152608024414642 0.0 0.4965092813620234
-0.21649738881663155 0.0 0.464280148589515
-0.2015874435854731 0.0 0.43230566785687724
-0.186923135787944 0.0 0.40085795830059384
-0.17238376319447798 0.0 0.36967817315403895
-0.15802646556902725 0.0 0.3388888490364444
-0.14403803068935456 0.0 0.308890553629889
-0.13025076352632026 0.0 0.27932366378384776
-0.11688704281638564 0.0 0.2506650722376361
-0.10401645183902235 0.0 0.22306400081563263
-0.09167134059437404 0.0 0.19658982431702396
-0.07987454559473706 0.0 0.1712915158004699
-0.06866099537261425 0.0 0.14724397974564601
-0.05805637951093572 0.0 0.124502307640931
-0.04806707900847738 0.0 0.10308018358235947
-0.03869944888910859 0.0 0.08299123596259932
-0.029943693909330476 0.0 0.06421445881417913
-0.021664687427816905 0.0 0.046460072119629776
-0.013372613043693247 0.0 0.02867766121749656
-0.013517854080118205 0.0 0.02898913162525186
-0.021960872832213835 0.0 0.04709524376911292
-0.030411974971267904 0.0 0.0652186907922475
-0.03936028557713017 0.0 0.08440840481338821
-0.04893554546538608 0.0 0.10494261590943058
-0.05916929086417031 0.0 0.12688895373985623
-0.07003513767555214 0.0 0.15019083742406128
-0.08153937117600563 0.0 0.17486174578094169
-0.09363207186344874 0.0 0.20079462609281412
-0.10629821182391277 0.0 0.22795725089417193
-0.11950427868314069 0.0 0.2562777526664981
-0.13325020912214514 0.0 0.28575599562178616
-0.14735215024553966 0.0 0.31599770595352406
-0.16178097849402148 0.0 0.3469404279872371
-0.17651599474112534 0.0 0.37853977230297214
-0.19151919681045523 0.0 0.4107142429704534
-0.20666110152912348 0.0 0.4431861624293338
-0.2220966093616276 0.0 0.4762877157977184
-0.2375762197972682 0.0 0.5094838475037415
-0.25291742145465473 0.0 0.5423831606269398
-0.268250711890247 0.0 0.5752655080802505
-0.2835422390940133 0.0 0.6080582939938874
-0.298727967758672 0.0 0.6406241942082284
-0.313919036221882 0.0 0.6732015456575168
-0.3286525041080778 0.0 0.704797569502569
-0.3432399418354182 0.0 0.7360804306613528
-0.3575455072480532 0.0 0.7667588146905505
-0.3716701898673268 0.0 0.7970492943175839
-0.3854770924172809 0.0 0.8266582923867615
-0.3988281168451856 0.0 0.8552896566682954
-0.41200381219896826 0.0 0.8835450265370077
-0.42447772801919903 0.0 0.9102954253393464
-0.4363357394461567 0.0 0.9357250129079387
-0.44765267345846765 0.0 0.9599942562162896
-0.45828492246254116 0.0 0.9827951877861061
-0.46844748268646164 0.0 1.0045888685163986
-0.47784942242549827 0.0 1.0247513933529764
-0.48650215801561875 0.0 1.043307244707329
-0.4943357349800026 0.0 1.0601064047197946
-0.5012693672765688 0.0 1.0749756271640496
-0.507191752875022 0.0 1.0876762240658586
-0.512292190150094 0.0 1.0986141470998751
-0.5163058698882154 0.0 1.1072215110749855
-0.5187204039306577 0.0 1.112399496038809
-0.5196293150460896 0.0 1.1143486622159806
-0.5185131637642376 0.0 1.1119550680677137
-0.5152065485640864 0.0 1.1048640088875274
-0.5072925225941738 0.0 1.0878923254259572
-0.4865146045074491 0.0 1.0433339362951954
-0.37232504941280237 0.0 0.798453645144818
-0.3548944747305818 0.0 0.7610736571103373
-0.4690536869872154 0.0 1.0058888778346078
-0.4897690321566471 0.0 1.050313078911198
-0.4976125222747758 0.0 1.0671334977504734
-0.5009730481834873 0.0 1.0743401688182572
-0.5019297389430731 0.0 1.0763917987729763
-0.5010864500180572 0.0 1.0745833598372905
-0.49932929751911664 0.0 1.070815134142922
-0.4958360661054857 0.0 1.0633238752014489
-0.49150847598401926 0.0 1.0540433282368353
-0.48621778096000867 0.0 1.0426973961435393
-0.47986175668290093 0.0 1.029066858094355
-0.4725640749996557 0.0 1.0134169292209596
-0.46441362051557844 0.0 0.9959382231745578
-0.4554188990296085 0.0 0.9766489806998395
-0.44585900012069324 0.0 0.9561477113302987
-0.43555902611677894 0.0 0.934059345797836
-0.42459702743338024 0.0 0.9105512637586709
-0.41309831332263425 0.0 0.8858921917712151
-0.400979490160398 0.0 0.8599032916313681
-0.3882249748096867 0.0 0.8325511451940222
-0.37509663314607544 0.0 0.8043973256415938
-0.3615879014921232 0.0 0.7754277571223868
-0.3478065183876118 0.0 0.7458734856805684
-0.3338825820686176 0.0 0.7160135078837511
-0.3197077202681555 0.0 0.6856154186553935
-0.3053805193857696 0.0 0.6548906372115862
-0.29073064993449416 0.0 0.6234738907887646
-0.27595207893631957 0.0 0.5917811430079373
-0.2611869960350868 0.0 0.5601173205443463
-0.2463636401930375 0.0 0.5283285313558957
-0.23152608024414642 0.0 0.4965092813620234
-0.21649738881663155 0.0 0.464280148589515
-0.2015874435854731 0.0 0.43230566785687724
-0.186923135787944 0.0 0.40085795830059384
-0.17238376319447798 0.0 0.36967817315403895
-0.15802646556902725 0.0 0.3388888490364444
-0.14403803068935456 0.0 0.308890553629889
-0.13025076352632026 0.0 0.27932366378384776
-0.11688704281638564 0.0 0.2506650722376361
-0.10401645183902235 0.0 0.22306400081563263
-0.09167134059437404 0.0 0.19658982431702396
-0.07987454559473706 0.0 0.1712915158004699
-0.06866099537261425 0.0 0.14724397974564601
-0.05805637951093572 0.0 0.124502307640931
-0.04806707900847738 0.0 0.10308018358235947
-0.03869944888910859 0.0 0.08299123596259932
-0.029943693909330476 0.0 0.06421445881417913
-0.021664687427816905 0.0 0.046460072119629776
-0.013372613043693247 0.0 0.02867766121749656

SCALARS Gamma float
LOOKUP_TABLE default
0.43554066042665224
0.6704773765589971
0.863330312106756
1.0377774262085855
1.2011057095145081
1.3568952154441205
1.5070917920522127
1.6521939962347802
1.7930040716875857
1.929555684835841
2.0620791875706614
2.190683813140711
2.316246527037742
2.437453177351233
2.5534460692951675
2.6640419143458187
2.769433802016489
2.8685894176890407
2.963222668214366
3.052898800633783
3.1355042168678473
3.211171540495978
3.2804107213728435
3.3433008803469524
3.401856400456792
3.4533610339588914
3.4987372653292814
3.5380151369004325
3.5725374216047063
3.602594886285139
3.6270197358432537
3.6483383381270826
3.6642274220733793
3.6736687927925504
3.677393197354754
3.67493150527262
3.6685116092381835
3.6574612169713996
3.641603650568069
3.620778689516903
3.5947537907522373
3.5626574081179014
3.5268329730659573
3.4875411006166126
3.4404039240443107
3.386446424258578
3.324568620882023
3.2618404555448883
3.199370499114874
3.142068758779431
3.1418664495998265
3.198718619772793
3.2606275107158624
3.3224289186937015
3.3813580622565818
3.4364760644832337
3.4889516560796205
3.5321715194611993
3.5731989304512544
3.6083537242071557
3.636787841580209
3.659493133602469
3.6768128143947028
3.6890318270609512
3.696838690824676
3.6983793750648033
3.6941804270976064
3.684116989642861
3.6673564071726275
3.6447661446550406
3.6179637956623907
3.5866398770957315
3.5512482525014346
3.5113827383313345
3.4656689517681403
3.4140953160343415
3.355996640343462
3.29286752569396
3.2242937339027473
3.1488653276636875
3.066399632013835
2.976846461936524
2.8827156002319834
2.783307346428368
2.677347015355899
2.5657637152856037
2.4491889388473904
2.3267094966182085
2.2008363557785895
2.071443581774502
1.9382540133765318
1.8010748042825642
1.6598053198884193
1.514069642278685
1.3632315311765608
1.2065715349333346
1.0425934559674341
0.8674572658906321
0.673725655644612
0.4376955284206914
0.43554066042665224
0.6704773765589971
0.863330312106756
1.0377774262085855
1.2011057095145081
1.3568952154441205
1.5070917920522127
1.6521939962347802
1.7930040716875857
1.929555684835841
2.0620791875706614
2.190683813140711
2.316246527037742
2.437453177351233
2.5534460692951675
2.6640419143458187
2.769433802016489
2.8685894176890407
2.963222668214366
3.052898800633783
3.1355042168678473
3.211171540495978
3.2804107213728435
3.3433008803469524
3.401856400456792
3.4533610339588914
3.4987372653292814
3.5380151369004325
3.5725374216047063
3.602594886285139
3.6270197358432537
3.6483383381270826
3.6642274220733793
3.6736687927925504
3.677393197354754
3.67493150527262
3.6685116092381835
3.6574612169713996
3.641603650568069
3.620778689516903
3.5947537907522373
3.5626574081179014
3.5268329730659573
3.4875411006166126
3.4404039240443107
3.386446424258578
3.324568620882023
3.2618404555448883
3.199370499114874
3.142068758779431
3.1418664495998265
3.198718619772793
3.2606275107158624
3.3224289186937015
3.3813580622565818
3.4364760644832337
3.4889516560796205
3.5321715194611993
3.5731989304512544
3.6083537242071557
3.636787841580209
3.659493133602469
3.6768128143947028
3.6890318270609512
3.696838690824676
3.6983793750648033
3.6941804270976064
3.684116989642861
3.6673564071726275
3.6447661446550406
3.6179637956623907
3.5866398770957315
3.5512482525014346
3.5113827383313345
3.4656689517681403
3.4140953160343415
3.355996640343462
3.29286752569396
3.2242937339027473
3.1488653276636875
3.066399632013835
2.976846461936524
2.8827156002319834
2.783307346428368
2.677347015355899
2.5657637152856037
2.4491889388473904
2.3267094966182085
2.2008363557785895
2.071443581774502
1.9382540133765318
1.8010748042825642
1.6598053198884193
1.514069642278685
1.3632315311765608
1.2065715349333346
1.0425934559674341
0.8674572658906321
0.673725655644612
0.4376955284206914

VECTORS Vvpm float
0.09155531227588654 0.15269315242767334 -0.25673753023147583
0.09029754996299744 0.15510953962802887 -0.22669333219528198
0.09077003598213196 0.1540527492761612 -0.2387023866176605
0.0898633599281311 0.15624162554740906 -0.21513208746910095
0.09025801718235016 0.15518945455551147 -0.225808247923851
0.09105439484119415 0.15349049866199493 -0.2456732541322708
0.0912742167711258 0.15309055149555206 -0.25093913078308105
0.09277091920375824 0.1512627750635147 -0.28107714653015137
0.09401373565196991 0.1504177749156952 -0.3016090989112854
0.09619179368019104 0.1496983766555786 -0.3317582607269287
0.09881183505058289 0.1495445966720581 -0.36152833700180054
0.10244295001029968 0.1499626785516739 -0.3961687684059143
0.10001455247402191 0.1496233344078064 -0.37368708848953247
0.09821018576622009 0.149534210562706 -0.3551958203315735
0.09815497696399689 0.14953471720218658 -0.354591965675354
0.09887638688087463 0.14954537153244019 -0.36227095127105713
0.0980893224477768 0.14953331649303436 -0.35387682914733887
0.10101115703582764 0.14973364770412445 -0.38327839970588684
0.099504753947258 0.14957834780216217 -0.36861974000930786
0.09547846019268036 0.14985115826129913 -0.32253730297088623
0.09481349587440491 0.1500590592622757 -0.31342580914497375
0.0952489972114563 0.14991717040538788 -0.31941139698028564
0.09569264948368073 0.14980092644691467 -0.3252665102481842
0.09747180342674255 0.14955288171768188 -0.34686344861984253
0.09457232058048248 0.1501554250717163 -0.309861421585083
0.09490849077701569 0.1500295102596283 -0.3146253228187561
0.09524893760681152 0.14992056787014008 -0.31929364800453186
0.09678724408149719 0.1496122181415558 -0.3388115167617798
0.09718728065490723 0.14957351982593536 -0.34350186586380005
0.09623731672763824 0.1496926248073578 -0.33207663893699646
0.0977441668510437 0.14953123033046722 -0.35002201795578003
0.09511739015579224 0.14994516968727112 -0.31764134764671326
0.093711718916893 0.1505645215511322 -0.2969294786453247
0.0939466804265976 0.15043404698371887 -0.30058741569519043
0.09418393671512604 0.15031437575817108 -0.30418819189071655
0.09628629684448242 0.14966699481010437 -0.3328452706336975
0.09657251834869385 0.14962467551231384 -0.33634212613105774
0.09686052799224854 0.1495905965566635 -0.3397822082042694
0.09714987874031067 0.14956353604793549 -0.3431636691093445
0.09744003415107727 0.14954333007335663 -0.34648606181144714
0.09772968292236328 0.14953023195266724 -0.3497464954853058
0.10039655864238739 0.1496446132659912 -0.377289354801178
0.10074959695339203 0.14968615770339966 -0.3806462287902832
0.09728853404521942 0.14955256879329681 -0.3446848392486572
0.09754209220409393 0.14953745901584625 -0.3475726246833801
0.09779679775238037 0.1495271772146225 -0.3504229187965393
0.10357925295829773 0.15016178786754608 -0.40588507056236267
0.10391725599765776 0.15023395419120789 -0.4087066352367401
0.10362508893013002 0.1501726508140564 -0.4062891602516175
0.11036227643489838 0.15197646617889404 -0.4574200212955475
0.11038167774677277 0.15198303759098053 -0.457557499408722
0.10367658734321594 0.15018616616725922 -0.40673673152923584
0.10396751761436464 0.15024776756763458 -0.40914225578308105
0.10362742841243743 0.15017485618591309 -0.4063116610050202
0.10328572988510133 0.15010423958301544 -0.4034338593482971
0.10294272005558014 0.15003637969493866 -0.40050795674324036
0.09730948507785797 0.1495528221130371 -0.3449495732784271
0.10077652335166931 0.14969220757484436 -0.38090041279792786
0.0971168726682663 0.1495744287967682 -0.34265536069869995
0.09517931938171387 0.14993980526924133 -0.3182910084724426
0.09493130445480347 0.15002010762691498 -0.3148689866065979
0.09468434751033783 0.150110125541687 -0.3113895058631897
0.09443992376327515 0.15020981431007385 -0.30785614252090454
0.0941978394985199 0.1503194272518158 -0.3042694628238678
0.09268490970134735 0.1513461172580719 -0.2792811393737793
0.09248596429824829 0.15153346955776215 -0.27563539147377014
0.09228934347629547 0.15173391997814178 -0.27193590998649597
0.09209509193897247 0.15194784104824066 -0.2681860327720642
0.09321297705173492 0.1509106457233429 -0.2886040210723877
0.09535892307758331 0.14988581836223602 -0.3208469748497009
0.09627345204353333 0.14968954026699066 -0.3325297236442566
0.09722425043582916 0.14957278966903687 -0.34393879771232605
0.09682174026966095 0.14961057901382446 -0.3392335772514343
0.09527546167373657 0.149915412068367 -0.3196723163127899
0.0949331521987915 0.15002363920211792 -0.3149903118610382
0.09459517896175385 0.15014873445034027 -0.31021231412887573
0.0961819738149643 0.14970524609088898 -0.331485778093338
0.09572966396808624 0.149796262383461 -0.3257526457309723
0.09398561716079712 0.15043652057647705 -0.3011062741279602
0.09359662234783173 0.15065759420394897 -0.29500612616539
0.09416936337947845 0.15033940970897675 -0.30396682024002075
0.09784893691539764 0.14954395592212677 -0.35112038254737854
0.09722234308719635 0.149575874209404 -0.3440610468387604
0.09513477981090546 0.1499607264995575 -0.31783372163772583
0.0959261804819107 0.14975740015506744 -0.32831764221191406
0.09668849408626556 0.1496313065290451 -0.33779069781303406
0.0957271009683609 0.14980149269104004 -0.3257642984390259
0.10035857558250427 0.14966131746768951 -0.3770340085029602
0.10003291070461273 0.14962910115718842 -0.3738325238227844
0.0977323055267334 0.14954954385757446 -0.34983009099960327
0.09530806541442871 0.14990615844726562 -0.32026004791259766
0.09340538084506989 0.15078450739383698 -0.29188665747642517
0.09170204401016235 0.15245293080806732 -0.26024121046066284
0.09048373997211456 0.15463115274906158 -0.2318834662437439
0.09008891880512238 0.15562336146831512 -0.22130335867404938
0.08996577560901642 0.15594986081123352 -0.21801267564296725
0.08925577998161316 0.15813954174518585 -0.19801191985607147
0.08977966010570526 0.15650807321071625 -0.2126566171646118
0.08939215540885925 0.15770387649536133 -0.20178928971290588
0.09033076465129852 0.1550421416759491 -0.22749125957489014
0.09155531227588654 0.15269315242767334 -0.25673753023147583
0.09029754996299744 0.15510953962802887 -0.22669333219528198
0.09077003598213196 0.1540527492761612 -0.2387023866176605
0.0898633599281311 0.15624162554740906 -0.21513208746910095
0.09025801718235016 0.15518945455551147 -0.225808247923851
0.09105439484119415 0.15349049866199493 -0.2456732541322708
0.0912742167711258 0.15309055149555206 -0.25093913078308105
0.09277091920375824 0.1512627750635147 -0.28107714653015137
0.09401373565196991 0.1504177749156952 -0.3016090989112854
0.09619179368019104 0.1496983766555786 -0.3317582607269287
0.09881183505058289 0.1495445966720581 -0.36152833700180054
0.10244295001029968 0.1499626785516739 -0.3961687684059143
0.10001455247402191 0.1496233344078064 -0.37368708848953247
0.09821018576622009 0.149534210562706 -0.3551958203315735
0.09815497696399689 0.14953471720218658 -0.354591965675354
0.09887638688087463 0.14954537153244019 -0.36227095127105713
0.0980893224477768 0.14953331649303436 -0.35387682914733887
0.10101115703582764 0.14973364770412445 -0.38327839970588684
0.099504753947258 0.14957834780216217 -0.36861974000930786
0.09547846019268036 0.14985115826129913 -0.32253730297088623
0.09481349587440491 0.1500590592622757 -0.31342580914497375
0.0952489972114563 0.14991717040538788 -0.31941139698028564
0.09569264948368073 0.14980092644691467 -0.3252665102481842
0.09747180342674255 0.14955288171768188 -0.34686344861984253
0.09457232058048248 0.1501554250717163 -0.309861421585083
0.09490849077701569 0.1500295102596283 -0.3146253228187561
0.09524893760681152 0.14992056787014008 -0.31929364800453186
0.09678724408149719 0.1496122181415558 -0.3388115167617798
0.09718728065490723 0.14957351982593536 -0.34350186586380005
0.09623731672763824 0.1496926248073578 -0.33207663893699646
0.0977441668510437 0.14953123033046722 -0.35002201795578003
0.09511739015579224 0.14994516968727112 -0.31764134764671326
0.093711718916893 0.1505645215511322 -0.2969294786453247
0.0939466804265976 0.15043404698371887 -0.30058741569519043
0.09418393671512604 0.15031437575817108 -0.30418819189071655
0.09628629684448242 0.14966699481010437 -0.3328452706336975
0.09657251834869385 0.14962467551231384 -0.33634212613105774
0.09686052799224854 0.1495905965566635 -0.3397822082042694
0.09714987874031067 0.14956353604793549 -0.3431636691093445
0.09744003415107727 0.14954333007335663 -0.34648606181144714
0.09772968292236328 0.14953023195266724 -0.3497464954853058
0.10039655864238739 0.1496446132659912 -0.377289354801178
0.10074959695339203 0.14968615770339966 -0.3806462287902832
0.09728853404521942 0.14955256879329681 -0.3446848392486572
0.09754209220409393 0.14953745901584625 -0.3475726246833801
0.09779679775238037 0.1495271772146225 -0.3504229187965393
0.10357925295829773 0.15016178786754608 -0.40588507056236267
0.10391725599765776 0.15023395419120789 -0.4087066352367401
0.10362508893013002 0.1501726508140564 -0.4062891602516175
0.11036227643489838 0.15197646617889404 -0.4574200212955475
0.11038167774677277 0.15198303759098053 -0.457557499408722
0.10367658734321594 0.15018616616725922 -0.40673673152923584
0.10396751761436464 0.15024776756763458 -0.40914225578308105
0.10362742841243743 0.15017485618591309 -0.4063116610050202
0.10328572988510133 0.15010423958301544 -0.4034338593482971
0.10294272005558014 0.15003637969493866 -0.40050795674324036
0.09730948507785797 0.1495528221130371 -0.3449495732784271
0.10077652335166931 0.14969220757484436 -0.38090041279792786
0.0971168726682663 0.1495744287967682 -0.34265536069869995
0.09517931938171387 0.14993980526924133 -0.3182910084724426
0.09493130445480347 0.15002010762691498 -0.3148689866065979
0.09468434751033783 0.150110125541687 -0.3113895058631897
0.09443992376327515 0.15020981431007385 -0.30785614252090454
0.0941978394985199 0.1503194272518158 -0.3042694628238678
0.09268490970134735 0.1513461172580719 -0.2792811393737793
0.09248596429824829 0.15153346955776215 -0.27563539147377014
0.09228934347629547 0.15173391997814178 -0.27193590998649597
0.09209509193897247 0.15194784104824066 -0.2681860327720642
0.09321297705173492 0.1509106457233429 -0.2886040210723877
0.09535892307758331 0.14988581836223602 -0.3208469748497009
0.09627345204353333 0.14968954026699066 -0.3325297236442566
0.09722425043582916 0.14957278966903687 -0.34393879771232605
0.09682174026966095 0.14961057901382446 -0.3392335772514343
0.09527546167373657 0.149915412068367 -0.3196723163127899
0.0949331521987915 0.15002363920211792 -0.3149903118610382
0.09459517896175385 0.15014873445034027 -0.31021231412887573
0.0961819738149643 0.14970524609088898 -0.331485778093338
0.09572966396808624 0.149796262383461 -0.3257526457309723
0.09398561716079712 0.15043652057647705 -0.3011062741279602
0.09359662234783173 0.15065759420394897 -0.29500612616539
0.09416936337947845 0.15033940970897675 -0.30396682024002075
0.09784893691539764 0.14954395592212677 -0.35112038254737854
0.09722234308719635 0.149575874209404 -0.3440610468387604
0.09513477981090546 0.1499607264995575 -0.31783372163772583
0.0959261804819107 0.14975740015506744 -0.32831764221191406
0.09668849408626556 0.1496313065290451 -0.33779069781303406
0.0957271009683609 0.14980149269104004 -0.3257642984390259
0.10035857558250427 0.14966131746768951 -0.3770340085029602
0.10003291070461273 0.14962910115718842 -0.3738325238227844
0.0977323055267334 0.14954954385757446 -0.34983009099960327
0.09530806541442871 0.14990615844726562 -0.32026004791259766
0.09340538084506989 0.15078450739383698 -0.29188665747642517
0.09170204401016235 0.15245293080806732 -0.26024121046066284
0.09048373997211456 0.15463115274906158 -0.2318834662437439
0.09008891880512238 0.15562336146831512 -0.22130335867404938
0.08996577560901642 0.15594986081123352 -0.21801267564296725
0.08925577998161316 0.15813954174518585 -0.19801191985607147
0.08977966010570526 0.15650807321071625 -0.2126566171646118
0.08939215540885925 0.15770387649536133 -0.20178928971290588
0.09033076465129852 0.1550421416759491 -0.22749125957489014

VECTORS Vvpm_BBp float
0.0995090901851654 0.1495620459318161 -0.36859214305877686
0.1045934110879898 0.15039114654064178 -0.4142603576183319
0.10798363387584686 0.15127353370189667 -0.440411627292633
0.1123209297657013 0.15261006355285645 -0.47063782811164856
0.1134762167930603 0.15299323201179504 -0.47823187708854675
0.12068900465965271 0.15555201470851898 -0.5223360657691956
0.12150663137435913 0.15585602819919586 -0.5270439982414246
0.12814021110534668 0.1583888828754425 -0.5635681748390198
0.1317356377840042 0.15979784727096558 -0.5823125839233398
0.13323453068733215 0.16039122641086578 -0.5899519920349121
0.13108085095882416 0.15953700244426727 -0.5789408087730408
0.13360287249088287 0.16053712368011475 -0.5918211340904236
0.1315186321735382 0.15970934927463531 -0.5812046527862549
0.13022638857364655 0.15919779241085052 -0.5745161771774292
0.12721528112888336 0.15802064538002014 -0.5586165189743042
0.1280156373977661 0.15832935273647308 -0.5628761649131775
0.1303914487361908 0.15925820171833038 -0.5753602385520935
0.12985174357891083 0.15904507040977478 -0.5725475549697876
0.1305357962846756 0.15931206941604614 -0.5760968327522278
0.12573464214801788 0.157439723610878 -0.5505861639976501
0.12497332692146301 0.15714536607265472 -0.54640793800354
0.12559331953525543 0.15738141536712646 -0.5497903227806091
0.12453955411911011 0.15697792172431946 -0.544012188911438
0.12223711609840392 0.15610463917255402 -0.5311233997344971
0.12277984619140624 0.15630784630775452 -0.5341875553131104
0.12942516803741455 0.15886513888835907 -0.57027667760849
0.12844730913639069 0.1584804207086563 -0.5651124715805054
0.12769924104213715 0.15818770229816437 -0.561133861541748
0.12818261981010437 0.15837478637695312 -0.5636999011039734
0.1224980503320694 0.15619319677352905 -0.5325763821601868
0.12299895286560059 0.1563803255558014 -0.5353891849517822
0.12349209189414978 0.1565653681755066 -0.5381422638893127
0.1168154329061508 0.15410664677619934 -0.4991489350795746
0.11724452674388885 0.15425845980644226 -0.5017635226249695
0.11767008900642394 0.1544102281332016 -0.5043405294418335
0.11809131503105165 0.15456153452396393 -0.5068783164024353
0.11850906908512115 0.1547119915485382 -0.5093775987625122
0.11892306804656984 0.154861718416214 -0.5118380784988403
0.11677084863185881 0.1540863811969757 -0.49883949756622314
0.11721456050872804 0.15424424409866333 -0.5015518069267273
0.11549699306488037 0.1536375731229782 -0.4909387230873108
0.12488313019275665 0.15708111226558685 -0.5458379983901978
0.12525193393230438 0.15722227096557617 -0.5478608012199402
0.12561608850955963 0.15736190974712372 -0.5498493313789368
0.12597553431987762 0.15749984979629517 -0.551803708076477
0.12633025646209717 0.15763631463050842 -0.5537246465682983
0.1266801357269287 0.15777112543582916 -0.5556125044822693
0.1217704564332962 0.15589609742164612 -0.5283800959587097
0.12611514329910278 0.15755559504032135 -0.5525708198547363
0.1392619013786316 0.16275566816329956 -0.6196397542953491
0.1261151283979416 0.1575564742088318 -0.552570104598999
0.12177169322967528 0.15589819848537445 -0.5283787250518799
0.12667939066886902 0.15777231752872467 -0.5556111335754395
0.12632909417152405 0.15763729810714722 -0.5537227988243103
0.12597434222698212 0.1575011909008026 -0.5518020391464233
0.12561483681201935 0.15736284852027893 -0.5498473644256592
0.12525174021720886 0.15722310543060303 -0.5478600859642029
0.12488381564617157 0.15708176791667938 -0.5458377599716187
0.11549730598926544 0.1536390632390976 -0.4909377098083496
0.11721464991569519 0.1542450487613678 -0.5015512704849243
0.11677117645740508 0.15408724546432495 -0.4988393783569336
0.1189238578081131 0.15486277639865875 -0.5118379592895508
0.11851020157337189 0.1547130048274994 -0.509377658367157
0.11809244751930237 0.15456236898899078 -0.5068783760070801
0.1176712214946747 0.15441113710403442 -0.504340648651123
0.11724570393562317 0.15425944328308105 -0.5017638206481934
0.11681671440601349 0.15410755574703217 -0.49914875626564026
0.12349408864974976 0.15656693279743195 -0.5381417870521545
0.12300059199333191 0.15638194978237152 -0.535388708114624
0.12249945104122162 0.1561947762966156 -0.5325755476951599
0.12818284332752228 0.1583755910396576 -0.5636990666389465
0.12769921123981476 0.15818843245506287 -0.5611332058906555
0.12844671308994293 0.15848112106323242 -0.5651118755340576
0.12942491471767426 0.15886591374874115 -0.5702759027481079
0.12277911603450774 0.1563090831041336 -0.5341861248016357
0.12223646044731139 0.15610584616661072 -0.5311219096183777
0.1245398223400116 0.15697914361953735 -0.544011116027832
0.1255938857793808 0.1573830097913742 -0.5497892498970032
0.12497416138648985 0.15714672207832336 -0.5464070439338684
0.12573611736297607 0.1574408859014511 -0.5505855083465576
0.13053689897060394 0.15931285917758942 -0.5760967135429382
0.1298527866601944 0.15904587507247925 -0.572547197341919
0.13039276003837585 0.15925909578800201 -0.575360119342804
0.1280171275138855 0.15833087265491486 -0.5628754496574402
0.12721677124500275 0.15802210569381714 -0.5586159229278564
0.13022761046886444 0.15919901430606842 -0.5745154619216919
0.13152000308036804 0.15971051156520844 -0.5812044143676758
0.13360485434532166 0.16053831577301025 -0.5918208360671997
0.131082683801651 0.1595386266708374 -0.5789399743080139
0.13323642313480377 0.16039258241653442 -0.5899515151977539
0.13173727691173553 0.1597989797592163 -0.5823124647140503
0.12814129889011383 0.1583893597126007 -0.5635680556297302
0.1215067058801651 0.1558566391468048 -0.5270437002182007
0.12068815529346467 0.15555191040039062 -0.5223363041877747
0.11347457766532898 0.15299327671527863 -0.47823140025138855
0.11231841146945953 0.1526092290878296 -0.47063785791397095
0.10798101127147676 0.15127232670783997 -0.44041174650192255
0.10458990931510924 0.15038935840129852 -0.4142603278160095
0.09950505197048187 0.14956000447273254 -0.3685912489891052
0.09955812990665436 0.1495780199766159 -0.3691248297691345
0.0995090901851654 0.1495620459318161 -0.36859214305877686
0.1045934110879898 0.15039114654064178 -0.4142603576183319
0.10798363387584686 0.15127353370189667 -0.440411627292633
0.1123209297657013 0.15261006355285645 -0.47063782811164856
0.1134762167930603 0.15299323201179504 -0.47823187708854675
0.12068900465965271 0.15555201470851898 -0.5223360657691956
0.12150663137435913 0.15585602819919586 -0.5270439982414246
0.12814021110534668 0.1583888828754425 -0.5635681748390198
0.1317356377840042 0.15979784727096558 -0.5823125839233398
0.13323453068733215 0.16039122641086578 -0.5899519920349121
0.13108085095882416 0.15953700244426727 -0.5789408087730408
0.13360287249088287 0.16053712368011475 -0.5918211340904236
0.1315186321735382 0.15970934927463531 -0.5812046527862549
0.13022638857364655 0.15919779241085052 -0.5745161771774292
0.12721528112888336 0.15802064538002014 -0.5586165189743042
0.1280156373977661 0.15832935273647308 -0.5628761649131775
0.1303914487361908 0.15925820171833038 -0.5753602385520935
0.12985174357891083 0.15904507040977478 -0.5725475549697876
0.1305357962846756 0.15931206941604614 -0.5760968327522278
0.12573464214801788 0.157439723610878 -0.5505861639976501
0.12497332692146301 0.15714536607265472 -0.54640793800354
0.12559331953525543 0.15738141536712646 -0.5497903227806091
0.12453955411911011 0.15697792172431946 -0.544012188911438
0.12223711609840392 0.15610463917255402 -0.5311233997344971
0.12277984619140624 0.15630784630775452 -0.5341875553131104
0.12942516803741455 0.15886513888835907 -0.57027667760849
0.12844730913639069 0.1584804207086563 -0.5651124715805054
0.12769924104213715 0.15818770229816437 -0.561133861541748
0.12818261981010437 0.15837478637695312 -0.5636999011039734
0.1224980503320694 0.15619319677352905 -0.5325763821601868
0.12299895286560059 0.1563803255558014 -0.5353891849517822
0.12349209189414978 0.1565653681755066 -0.5381422638893127
0.1168154329061508 0.15410664677619934 -0.4991489350795746
0.11724452674388885 0.15425845980644226 -0.5017635226249695
0.11767008900642394 0.1544102281332016 -0.5043405294418335
0.11809131503105165 0.15456153452396393 -0.5068783164024353
0.11850906908512115 0.1547119915485382 -0.5093775987625122
0.11892306804656984 0.154861718416214 -0.5118380784988403
0.11677084863185881 0.1540863811969757 -0.49883949756622314
0.11721456050872804 0.15424424409866333 -0.5015518069267273
0.11549699306488037 0.1536375731229782 -0.4909387230873108
0.12488313019275665 0.15708111226558685 -0.5458379983901978
0.12525193393230438 0.15722227096557617 -0.5478608012199402
0.12561608850955963 0.15736190974712372 -0.5498493313789368
0.12597553431987762 0.15749984979629517 -0.551803708076477
0.12633025646209717 0.15763631463050842 -0.5537246465682983
0.1266801357269287 0.15777112543582916 -0.5556125044822693
0.1217704564332962 0.15589609742164612 -0.5283800959587097
0.12611514329910278 0.15755559504032135 -0.5525708198547363
0.1392619013786316 0.16275566816329956 -0.6196397542953491
0.1261151283979416 0.1575564742088318 -0.552570104598999
0.12177169322967528 0.15589819848537445 -0.5283787250518799
0.12667939066886902 0.15777231752872467 -0.5556111335754395
0.12632909417152405 0.15763729810714722 -0.5537227988243103
0.12597434222698212 0.1575011909008026 -0.5518020391464233
0.12561483681201935 0.15736284852027893 -0.5498473644256592
0.12525174021720886 0.15722310543060303 -0.5478600859642029
0.12488381564617157 0.15708176791667938 -0.5458377599716187
0.11549730598926544 0.1536390632390976 -0.4909377098083496
0.11721464991569519 0.1542450487613678 -0.5015512704849243
0.11677117645740508 0.15408724546432495 -0.4988393783569336
0.1189238578081131 0.15486277639865875 -0.5118379592895508
0.11851020157337189 0.1547130048274994 -0.509377658367157
0.11809244751930237 0.15456236898899078 -0.5068783760070801
0.1176712214946747 0.15441113710403442 -0.504340648651123
0.11724570393562317 0.15425944328308105 -0.5017638206481934
0.11681671440601349 0.15410755574703217 -0.49914875626564026
0.12349408864974976 0.15656693279743195 -0.5381417870521545
0.12300059199333191 0.15638194978237152 -0.535388708114624
0.12249945104122162 0.1561947762966156 -0.5325755476951599
0.12818284332752228 0.1583755910396576 -0.5636990666389465
0.12769921123981476 0.15818843245506287 -0.5611332058906555
0.12844671308994293 0.15848112106323242 -0.5651118755340576
0.12942491471767426 0.15886591374874115 -0.5702759027481079
0.12277911603450774 0.1563090831041336 -0.5341861248016357
0.12223646044731139 0.15610584616661072 -0.5311219096183777
0.1245398223400116 0.15697914361953735 -0.544011116027832
0.1255938857793808 0.1573830097913742 -0.5497892498970032
0.12497416138648985 0.15714672207832336 -0.5464070439338684
0.12573611736297607 0.1574408859014511 -0.5505855083465576
0.13053689897060394 0.15931285917758942 -0.5760967135429382
0.1298527866601944 0.15904587507247925 -0.572547197341919
0.13039276003837585 0.15925909578800201 -0.575360119342804
0.1280171275138855 0.15833087265491486 -0.5628754496574402
0.12721677124500275 0.15802210569381714 -0.5586159229278564
0.13022761046886444 0.15919901430606842 -0.5745154619216919
0.13152000308036804 0.15971051156520844 -0.5812044143676758
0.13360485434532166 0.16053831577301025 -0.5918208360671997
0.131082683801651 0.1595386266708374 -0.5789399743080139
0.13323642313480377 0.16039258241653442 -0.5899515151977539
0.13173727691173553 0.1597989797592163 -0.5823124647140503
0.12814129889011383 0.1583893597126007 -0.5635680556297302
0.1215067058801651 0.1558566391468048 -0.5270437002182007
0.12068815529346467 0.15555191040039062 -0.5223363041877747
0.11347457766532898 0.15299327671527863 -0.47823140025138855
0.11231841146945953 0.1526092290878296 -0.47063785791397095
0.10798101127147676 0.15127232670783997 -0.44041174650192255
0.10458990931510924 0.15038935840129852 -0.4142603278160095
0.09950505197048187 0.14956000447273254 -0.3685912489891052
0.09955812990665436 0.1495780199766159 -0.3691248297691345

VECTORS ftot float
-5.727234909833297 -9.208046846811657 5.128035042090001
-7.553641931584466 -11.034445036033098 7.181319208763133
-8.502473384926923 -11.983262001408582 8.866799367459691
-9.11202996167222 -12.592868029661144 10.391444854304298
-9.555687195796864 -13.036546453371997 11.818900499936385
-9.894173922859146 -13.375057316745755 13.180468683756633
-10.140108940540646 -13.62100351735729 14.493150982074077
-10.335132628771014 -13.816028732700763 15.761305627375854
-10.471808575620548 -13.952786513749063 16.991971046153324
-10.571427189560612 -14.052388875993355 18.18538860028804
-10.637708514025967 -14.118645000872299 19.3435998310313
-10.688415956898352 -14.169357628432401 20.467568197352854
-10.651446726794324 -14.132378628980305 21.564949581102407
-10.5643243733102 -14.045248743488157 22.624261113573166
-10.456288160119076 -13.937204176820455 23.638006509738176
-10.335664565361904 -13.816570573906914 24.604581957174688
-10.174067922807783 -13.654993838582037 25.52567837771814
-10.055854621197176 -13.536770528995344 26.39227000225067
-9.886618831126516 -13.367525201732999 27.21933775415725
-9.640879374107541 -13.121783395538621 28.003082454663897
-9.412769010214236 -12.893661026945741 28.72503267349384
-9.204219736222656 -12.685105630431465 29.38634437147502
-9.002031359046583 -12.482912071595495 29.991475523641423
-8.843085176851911 -12.323983203978074 30.5411130780126
-8.59141884339167 -12.072319586104825 31.052872599185925
-8.384033475927986 -11.864929624783363 31.503007574549542
-8.182918273258268 -11.663809828255355 31.899582783724355
-8.018516820455 -11.499402018962291 32.242861189551164
-7.845051677209455 -11.325930989121169 32.54457730942453
-7.638618978956157 -11.119483932434358 32.807272561030125
-7.484304068671584 -10.965318116511467 33.02073640856162
-7.241839915334604 -10.722847253952954 33.20705589267581
-6.981950864199664 -10.462975530509517 33.34592329746953
-6.746135023988912 -10.227157570681547 33.42843823461975
-6.5035306178407915 -9.984550337241089 33.460988377264336
-6.307190296729216 -9.78820754303317 33.43947289088241
-6.0731513538788375 -9.554253403999924 33.38334705678751
-5.823661919900605 -9.304757729927479 33.286770025898164
-5.558281957321528 -9.039371408687764 33.148180157573684
-5.274925808301662 -8.75600949101517 32.96617669872836
-4.968791443412969 -8.449871942722927 32.73872527708347
-4.691435229000687 -8.172512190051771 32.45820856508426
-4.366703135263938 -7.847774443291894 32.14511330822788
-3.925732526861227 -7.4067988893012595 31.80171447624762
-3.47431427283047 -6.955374864519175 31.389749441744858
-2.9332427089014352 -6.414297647684116 30.918176224285848
-2.3141540837820074 -5.795202312990604 30.377383987129367
-1.1870740863265783 -4.668117133772168 29.829158186906938
1.479976407692285 -2.0010897142668114 29.283189058992328
15.65981964355895 12.178591569428173 28.782382891205224
15.654036453275621 -12.172808735388822 27.774085535718886
1.4707054606234964 2.0103591219133654 28.25266623788649
-1.1993829872954422 4.680424613528455 28.773903768040377
-2.333309434940161 5.814356713960894 29.294229440181812
-3.009683337375324 6.490737680344916 29.79037078689213
-3.497782186728441 6.978841829303992 30.254427094377718
-3.844553499586495 7.3256186769806755 30.696234889922952
-4.283254075706514 7.7643244341405 31.06011494781777
-4.5622447312937 8.043320507416775 31.405538193317057
-4.868466776871578 8.349545737954028 31.701522109082692
-5.192414475602657 8.673496855301249 31.94092046307385
-5.493178249098323 8.974266987158515 32.132082300114554
-5.775230464804192 9.256324854566992 32.2779006455578
-6.039478316907254 9.52057906472914 32.380775034121164
-6.266844441688814 9.747859792531239 32.44646072971905
-6.52941439510035 10.010432454850308 32.45943136572873
-6.781049995228677 10.262070763886001 32.424079403388056
-7.028868950825897 10.509892429107886 32.339352944265066
-7.302087814380642 10.783094086287809 32.19821710653741
-7.561010805355066 11.04202366995161 32.00802023008917
-7.763042844019925 11.2439075579368 31.782350028041698
-7.954564507806601 11.435443107579342 31.518610851495886
-8.117474187271345 11.598358437827262 31.220634922572813
-8.272472958808798 11.753363566270592 30.88499189517476
-8.464413086168964 11.945308405394146 30.50011400506224
-8.66172679728022 12.142626238680101 30.065899621309313
-8.889197668579811 12.370095339307444 29.57673925828056
-9.068436427139833 12.549316427787648 29.045223309644314
-9.24052079316667 12.721405975890754 28.467879226491306
-9.456147904267294 12.937038855795858 27.832822520767944
-9.689004036248189 13.169907344881233 27.138511508454613
-9.938587526476214 13.41949295049914 26.38453003663138
-10.0916079137936 13.572522992674516 25.592012981045798
-10.232973195036386 13.713898400096232 24.75506502608454
-10.411841233267463 13.892746294930989 23.86294124597478
-10.557101293120773 14.038017069479514 22.923488531945512
-10.656281301865814 14.137205078996667 21.94200623708955
-10.774551484241162 14.255482912716785 20.910814135672982
-10.781923728747541 14.26286563489932 19.851051149304595
-10.744230180445353 14.225166429511491 18.761650637953565
-10.676328982575715 14.157289957753196 17.6402952274382
-10.575901198806532 14.056878189687648 16.485350513019526
-10.43197297114886 13.912868008742981 15.295943810661566
-10.241019034756562 13.721912189435608 14.068954277790905
-9.994484628100555 13.47536695392642 12.799003122537494
-9.662998362963355 13.14385619739671 11.480029333485849
-9.211099996357403 12.691936641328796 10.099442883942343
-8.597520564377541 12.078307993368139 8.624898725410999
-7.6461575248416285 11.126958852445393 6.993818915117766
-5.807934859946737 9.288744664756226 5.006611920655871
-5.727234909833297 -9.208046846811657 5.128035042090001
-7.553641931584466 -11.034445036033098 7.181319208763133
-8.502473384926923 -11.983262001408582 8.866799367459691
-9.11202996167222 -12.592868029661144 10.391444854304298
-9.555687195796864 -13.036546453371997 11.818900499936385
-9.894173922859146 -13.375057316745755 13.180468683756633
-10.140108940540646 -13.62100351735729 14.493150982074077
-10.335132628771014 -13.816028732700763 15.761305627375854
-10.471808575620548 -13.952786513749063 16.991971046153324
-10.571427189560612 -14.052388875993355 18.18538860028804
-10.637708514025967 -14.118645000872299 19.3435998310313
-10.688415956898352 -14.169357628432401 20.467568197352854
-10.651446726794324 -14.132378628980305 21.564949581102407
-10.5643243733102 -14.045248743488157 22.624261113573166
-10.456288160119076 -13.937204176820455 23.638006509738176
-10.335664565361904 -13.816570573906914 24.604581957174688
-10.174067922807783 -13.654993838582037 25.52567837771814
-10.055854621197176 -13.536770528995344 26.39227000225067
-9.886618831126516 -13.367525201732999 27.21933775415725
-9.640879374107541 -13.121783395538621 28.003082454663897
-9.412769010214236 -12.893661026945741 28.72503267349384
-9.204219736222656 -12.685105630431465 29.38634437147502
-9.002031359046583 -12.482912071595495 29.991475523641423
-8.843085176851911 -12.323983203978074 30.5411130780126
-8.59141884339167 -12.072319586104825 31.052872599185925
-8.384033475927986 -11.864929624783363 31.503007574549542
-8.182918273258268 -11.663809828255355 31.899582783724355
-8.018516820455 -11.499402018962291 32.242861189551164
-7.845051677209455 -11.325930989121169 32.54457730942453
-7.638618978956157 -11.119483932434358 32.807272561030125
-7.484304068671584 -10.965318116511467 33.02073640856162
-7.241839915334604 -10.722847253952954 33.20705589267581
-6.981950864199664 -10.462975530509517 33.34592329746953
-6.746135023988912 -10.227157570681547 33.42843823461975
-6.5035306178407915 -9.984550337241089 33.460988377264336
-6.307190296729216 -9.78820754303317 33.43947289088241
-6.0731513538788375 -9.554253403999924 33.38334705678751
-5.823661919900605 -9.304757729927479 33.286770025898164
-5.558281957321528 -9.039371408687764 33.148180157573684
-5.274925808301662 -8.75600949101517 32.96617669872836
-4.968791443412969 -8.449871942722927 32.73872527708347
-4.691435229000687 -8.172512190051771 32.45820856508426
-4.366703135263938 -7.847774443291894 32.14511330822788
-3.925732526861227 -7.4067988893012595 31.80171447624762
-3.47431427283047 -6.955374864519175 31.389749441744858
-2.9332427089014352 -6.414297647684116 30.918176224285848
-2.3141540837820074 -5.795202312990604 30.377383987129367
-1.1870740863265783 -4.668117133772168 29.829158186906938
1.479976407692285 -2.0010897142668114 29.283189058992328
15.65981964355895 12.178591569428173 28.782382891205224
15.654036453275621 -12.172808735388822 27.774085535718886
1.4707054606234964 2.0103591219133654 28.25266623788649
-1.1993829872954422 4.680424613528455 28.773903768040377
-2.333309434940161 5.814356713960894 29.294229440181812
-3.009683337375324 6.490737680344916 29.79037078689213
-3.497782186728441 6.978841829303992 30.254427094377718
-3.844553499586495 7.3256186769806755 30.696234889922952
-4.283254075706514 7.7643244341405 31.06011494781777
-4.5622447312937 8.043320507416775 31.405538193317057
-4.868466776871578 8.349545737954028 31.701522109082692
-5.192414475602657 8.673496855301249 31.94092046307385
-5.493178249098323 8.974266987158515 32.132082300114554
-5.775230464804192 9.256324854566992 32.2779006455578
-6.039478316907254 9.52057906472914 32.380775034121164
-6.266844441688814 9.747859792531239 32.44646072971905
-6.52941439510035 10.010432454850308 32.45943136572873
-6.781049995228677 10.262070763886001 32.424079403388056
-7.028868950825897 10.509892429107886 32.339352944265066
-7.302087814380642 10.783094086287809 32.19821710653741
-7.561010805355066 11.04202366995161 32.00802023008917
-7.763042844019925 11.2439075579368 31.782350028041698
-7.954564507806601 11.435443107579342 31.518610851495886
-8.117474187271345 11.598358437827262 31.220634922572813
-8.272472958808798 11.753363566270592 30.88499189517476
-8.464413086168964 11.945308405394146 30.50011400506224
-8.66172679728022 12.142626238680101 30.065899621309313
-8.889197668579811 12.370095339307444 29.57673925828056
-9.068436427139833 12.549316427787648 29.045223309644314
-9.24052079316667 12.721405975890754 28.467879226491306
-9.456147904267294 12.937038855795858 27.832822520767944
-9.689004036248189 13.169907344881233 27.138511508454613
-9.938587526476214 13.41949295049914 26.38453003663138
-10.0916079137936 13.572522992674516 25.592012981045798
-10.232973195036386 13.713898400096232 24.75506502608454
-10.411841233267463 13.892746294930989 23.86294124597478
-10.557101293120773 14.038017069479514 22.923488531945512
-10.656281301865814 14.137205078996667 21.94200623708955
-10.774551484241162 14.255482912716785 20.910814135672982
-10.781923728747541 14.26286563489932 19.851051149304595
-10.744230180445353 14.225166429511491 18.761650637953565
-10.676328982575715 14.157289957753196 17.6402952274382
-10.575901198806532 14.056878189687648 16.485350513019526
-10.43197297114886 13.912868008742981 15.295943810661566
-10.241019034756562 13.721912189435608 14.068954277790905
-9.994484628100555 13.47536695392642 12.799003122537494
-9.662998362963355 13.14385619739671 11.480029333485849
-9.211099996357403 12.691936641328796 10.099442883942343
-8.597520564377541 12.078307993368139 8.624898725410999
-7.6461575248416285 11.126958852445393 6.993818915117766
-5.807934859946737 9.288744664756226 5.006611920655871

VECTORS D float
-0.01240048717547258 -0.0 -0.005782442134775712
-0.018501422400713254 -0.0 -0.00862735495221303
-0.022200194568272085 -0.0 -0.010352120739716277
-0.024597712035847305 -0.0 -0.011470101495406981
-0.026079258303771453 -0.0 -0.012160957866050967
-0.026726824016558185 -0.0 -0.012462922717082022
-0.026424576935194077 -0.0 -0.01232198258838694
-0.02536616695598695 -0.0 -0.011828437909614983
-0.023391457521007113 -0.0 -0.010907615777452955
-0.02062559877817047 -0.0 -0.009617874664293273
-0.017057452385730913 -0.0 -0.007954020676080576
-0.012846754249821684 -0.0 -0.0059905398891271265
-0.007093036833109825 -0.0 -0.0033075373948545906
-0.0001820700632352633 -0.0 -8.490066480736814e-5
0.007517934802577468 0.0 0.0035056705719518607
0.01587963039167311 0.0 0.007404793260308031
0.025310889041008987 0.0 0.01180266139453392
0.034495033304623515 0.0 0.016085298198257676
0.044914082835777386 0.0 0.02094378078533097
0.0570304927840122 0.0 0.026593755533538266
0.06917466390468391 0.0 0.032256675529052266
0.08122631717256423 0.0 0.03787645374129357
0.09337376200695638 0.0 0.04354090029458601
0.10484028351957483 0.0 0.04888782708831904
0.1183827082706561 0.0 0.05520276345973602
0.13107691941930646 0.0 0.06112217133258826
0.14367013605155746 0.0 0.0669944846890118
0.1554267092400593 0.0 0.07247666480046994
0.16739076881813872 0.0 0.07805559740435103
0.1801311959556574 0.0 0.08399655614674176
0.19150399506395444 0.0 0.089299779465599
0.2051018403694829 0.0 0.09564055886597393
0.2190291898641676 0.0 0.10213498859314657
0.2320782391041403 0.0 0.10821986018538748
0.24505719940981222 0.0 0.11427204877081201
0.2564144889916381 0.0 0.11956803987870143
0.26863623142412385 0.0 0.12526713197096742
0.2810429332988225 0.0 0.1310524720675854
0.2936190580752404 0.0 0.1369168153607419
0.3064004940021675 0.0 0.1428768968156854
0.3195021551686828 0.0 0.14898630175218347
0.33117981185240264 0.0 0.15443168249310693
0.3441001113625037 0.0 0.16045651710032333
0.3606417159499557 0.0 0.16816999399762406
0.3768401551144236 0.0 0.1757234502301733
0.39552311328131146 0.0 0.18443545670038256
0.41625117323091493 0.0 0.19410110979357859
0.45554543045283213 0.0 0.21242432285767093
0.5522600989444387 0.0 0.2575231134312291
1.0810030692822241 0.0 0.5040800096953597
1.063310778952455 0.0 0.49582995922428663
0.5343873349949184 0.0 0.24918890672917113
0.4374853687600391 0.0 0.2040027777835698
0.39783804635673914 0.0 0.18551492772157083
0.3747778634215526 0.0 0.1747617878204381
0.3581760825819841 0.0 0.16702025027593637
0.3462766230805705 0.0 0.16147144118252196
0.33041444477614434 0.0 0.15407478596414798
0.31971107378906916 0.0 0.1490837221048008
0.30760851133385003 0.0 0.14344020454863296
0.2943970814457228 0.0 0.13727961361662142
0.2814960580244881 0.0 0.13126376759726266
0.2688135156128322 0.0 0.12534980094583195
0.2563604275292426 0.0 0.11954283060477534
0.2447422386662583 0.0 0.11412518016407469
0.23178263973335803 0.0 0.10808201993504592
0.21886887511154704 0.0 0.10206023259628434
0.20583019723411852 0.0 0.09598019724982328
0.19189734579173107 0.0 0.0894832019223021
0.1782197673271996 0.0 0.08310524233927519
0.165965745569713 0.0 0.07739109815056121
0.1539659381910058 0.0 0.07179549607348518
0.14267573712779852 0.0 0.06653078885560192
0.13159047348829953 0.0 0.061361645527836385
0.11968550514898797 0.0 0.05581026762112261
0.10771717965279128 0.0 0.05022934578695436
0.09521152022968865 0.0 0.044397861027683394
0.08386161275504037 0.0 0.039105312252904235
0.07283823149670211 0.0 0.03396502515337882
0.06119350295077572 0.0 0.028534999055277222
0.049498896958575 0.0 0.023081714722008692
0.03785122092810794 0.0 0.017650314189293487
0.028228800924931862 0.0 0.013163306051828633
0.019187259373525552 0.0 0.008947165984881246
0.009989057841860265 0.0 0.004657974169412685
0.0017563273595585227 0.0 0.000818988897989287
-0.005346386772978074 -0.0 -0.0024930610956982657
-0.012192166236485055 -0.0 -0.005685300485571788
-0.01712433138300063 -0.0 -0.007985206864677172
-0.021042161627359685 -0.0 -0.00981212111097307
-0.024166841997414656 -0.0 -0.011269183496816298
-0.026515434475879063 -0.0 -0.012364350155409478
-0.028032698977479974 -0.0 -0.01307186221195271
-0.028758645699128334 -0.0 -0.013410376727669858
-0.028710581175449605 -0.0 -0.013387963872192892
-0.027790147286898277 -0.0 -0.012958758501136024
-0.025953928465658967 -0.0 -0.01210251560274379
-0.02325661488017881 -0.0 -0.010844737621388875
-0.01929318242751596 -0.0 -0.00899655871613214
-0.01291093216795636 -0.0 -0.006020466543837769
-0.01240048717547258 -0.0 -0.005782442134775712
-0.018501422400713254 -0.0 -0.00862735495221303
-0.022200194568272085 -0.0 -0.010352120739716277
-0.024597712035847305 -0.0 -0.011470101495406981
-0.026079258303771453 -0.0 -0.012160957866050967
-0.026726824016558185 -0.0 -0.012462922717082022
-0.026424576935194077 -0.0 -0.01232198258838694
-0.02536616695598695 -0.0 -0.011828437909614983
-0.023391457521007113 -0.0 -0.010907615777452955
-0.02062559877817047 -0.0 -0.009617874664293273
-0.017057452385730913 -0.0 -0.007954020676080576
-0.012846754249821684 -0.0 -0.0059905398891271265
-0.007093036833109825 -0.0 -0.0033075373948545906
-0.0001820700632352633 -0.0 -8.490066480736814e-5
0.007517934802577468 0.0 0.0035056705719518607
0.01587963039167311 0.0 0.007404793260308031
0.025310889041008987 0.0 0.01180266139453392
0.034495033304623515 0.0 0.016085298198257676
0.044914082835777386 0.0 0.02094378078533097
0.0570304927840122 0.0 0.026593755533538266
0.06917466390468391 0.0 0.032256675529052266
0.08122631717256423 0.0 0.03787645374129357
0.09337376200695638 0.0 0.04354090029458601
0.10484028351957483 0.0 0.04888782708831904
0.1183827082706561 0.0 0.05520276345973602
0.13107691941930646 0.0 0.06112217133258826
0.14367013605155746 0.0 0.0669944846890118
0.1554267092400593 0.0 0.07247666480046994
0.16739076881813872 0.0 0.07805559740435103
0.1801311959556574 0.0 0.08399655614674176
0.19150399506395444 0.0 0.089299779465599
0.2051018403694829 0.0 0.09564055886597393
0.2190291898641676 0.0 0.10213498859314657
0.2320782391041403 0.0 0.10821986018538748
0.24505719940981222 0.0 0.11427204877081201
0.2564144889916381 0.0 0.11956803987870143
0.26863623142412385 0.0 0.12526713197096742
0.2810429332988225 0.0 0.1310524720675854
0.2936190580752404 0.0 0.1369168153607419
0.3064004940021675 0.0 0.1428768968156854
0.3195021551686828 0.0 0.14898630175218347
0.33117981185240264 0.0 0.15443168249310693
0.3441001113625037 0.0 0.16045651710032333
0.3606417159499557 0.0 0.16816999399762406
0.3768401551144236 0.0 0.1757234502301733
0.39552311328131146 0.0 0.18443545670038256
0.41625117323091493 0.0 0.19410110979357859
0.45554543045283213 0.0 0.21242432285767093
0.5522600989444387 0.0 0.2575231134312291
1.0810030692822241 0.0 0.5040800096953597
1.063310778952455 0.0 0.49582995922428663
0.5343873349949184 0.0 0.24918890672917113
0.4374853687600391 0.0 0.2040027777835698
0.39783804635673914 0.0 0.18551492772157083
0.3747778634215526 0.0 0.1747617878204381
0.3581760825819841 0.0 0.16702025027593637
0.3462766230805705 0.0 0.16147144118252196
0.33041444477614434 0.0 0.15407478596414798
0.31971107378906916 0.0 0.1490837221048008
0.30760851133385003 0.0 0.14344020454863296
0.2943970814457228 0.0 0.13727961361662142
0.2814960580244881 0.0 0.13126376759726266
0.2688135156128322 0.0 0.12534980094583195
0.2563604275292426 0.0 0.11954283060477534
0.2447422386662583 0.0 0.11412518016407469
0.23178263973335803 0.0 0.10808201993504592
0.21886887511154704 0.0 0.10206023259628434
0.20583019723411852 0.0 0.09598019724982328
0.19189734579173107 0.0 0.0894832019223021
0.1782197673271996 0.0 0.08310524233927519
0.165965745569713 0.0 0.07739109815056121
0.1539659381910058 0.0 0.07179549607348518
0.14267573712779852 0.0 0.06653078885560192
0.13159047348829953 0.0 0.061361645527836385
0.11968550514898797 0.0 0.05581026762112261
0.10771717965279128 0.0 0.05022934578695436
0.09521152022968865 0.0 0.044397861027683394
0.08386161275504037 0.0 0.039105312252904235
0.07283823149670211 0.0 0.03396502515337882
0.06119350295077572 0.0 0.028534999055277222
0.049498896958575 0.0 0.023081714722008692
0.03785122092810794 0.0 0.017650314189293487
0.028228800924931862 0.0 0.013163306051828633
0.019187259373525552 0.0 0.008947165984881246
0.009989057841860265 0.0 0.004657974169412685
0.0017563273595585227 0.0 0.000818988897989287
-0.005346386772978074 -0.0 -0.0024930610956982657
-0.012192166236485055 -0.0 -0.005685300485571788
-0.01712433138300063 -0.0 -0.007985206864677172
-0.021042161627359685 -0.0 -0.00981212111097307
-0.024166841997414656 -0.0 -0.011269183496816298
-0.026515434475879063 -0.0 -0.012364350155409478
-0.028032698977479974 -0.0 -0.01307186221195271
-0.028758645699128334 -0.0 -0.013410376727669858
-0.028710581175449605 -0.0 -0.013387963872192892
-0.027790147286898277 -0.0 -0.012958758501136024
-0.025953928465658967 -0.0 -0.01210251560274379
-0.02325661488017881 -0.0 -0.010844737621388875
-0.01929318242751596 -0.0 -0.00899655871613214
-0.01291093216795636 -0.0 -0.006020466543837769

VECTORS funs-vector float
0.0 0.0 9.644927329526875e-8
0.0 0.0 1.4336669548501138e-7
0.0 0.0 1.8477923869785303e-7
0.0 0.0 2.0684504097413417e-7
0.0 0.0 2.4183312031699316e-7
0.0 0.0 3.0871208716637915e-7
0.0 0.0 3.21293659314134e-7
0.0 0.0 2.630736375408561e-7
0.0 0.0 2.729727329024586e-7
0.0 0.0 4.076168357998582e-7
0.0 0.0 4.66838547455692e-7
0.0 0.0 4.890496967391303e-7
0.0 0.0 4.7033462506492073e-7
0.0 0.0 4.7412518129745406e-7
0.0 0.0 6.507320975401857e-7
0.0 0.0 4.903191026528477e-7
0.0 0.0 4.58552236182186e-7
0.0 0.0 4.991807946391255e-7
0.0 0.0 3.972583309581008e-7
0.0 0.0 4.919095395259567e-7
0.0 0.0 3.0385340013791317e-7
0.0 0.0 3.056143246350407e-7
0.0 0.0 7.633688493445916e-8
0.0 0.0 -1.4532820425860007e-7
0.0 0.0 -3.508319317482099e-7
0.0 0.0 -4.411593146549173e-7
0.0 0.0 -3.99915667127392e-7
0.0 0.0 -6.72319507218204e-7
0.0 0.0 -7.038280591070197e-7
0.0 0.0 -3.8523600988004225e-7
0.0 0.0 -4.023004513762566e-7
0.0 0.0 -6.430471786571121e-7
0.0 0.0 -1.466522166734566e-7
0.0 0.0 -2.0783738948053234e-7
0.0 0.0 -4.339379803365195e-7
0.0 0.0 -4.932145688227057e-7
0.0 0.0 -5.312871345288594e-7
0.0 0.0 -6.253354488773186e-7
0.0 0.0 -9.757487908566214e-7
0.0 0.0 -1.5064531556742047e-6
0.0 0.0 -1.6274595402230516e-6
0.0 0.0 -1.4516236028973917e-6
0.0 0.0 -1.4719805340684453e-6
0.0 0.0 -1.2163319389266938e-6
0.0 0.0 -1.2208891488088826e-6
0.0 0.0 -1.5489064363226719e-6
0.0 0.0 -1.3870545691412936e-6
0.0 0.0 -1.3536773815820366e-6
0.0 0.0 -9.189364634080864e-7
0.0 0.0 -6.665590319698824e-7
0.0 0.0 -4.810011550272397e-7
0.0 0.0 -3.3032361621756295e-7
0.0 0.0 -2.1806184106894355e-7
0.0 0.0 -5.68656724133441e-8
0.0 0.0 -6.995086788596053e-8
0.0 0.0 -4.6822821983286384e-8
0.0 0.0 2.1134998720836767e-8
0.0 0.0 1.495369297479308e-7
0.0 0.0 -2.5014343081734717e-8
0.0 0.0 -2.74304855193722e-7
0.0 0.0 -2.3325872821157068e-7
0.0 0.0 -3.4833865537497005e-7
0.0 0.0 -5.945835184206771e-7
0.0 0.0 -3.77467889672351e-7
0.0 0.0 -4.4632945097398346e-7
0.0 0.0 -6.217544278218737e-7
0.0 0.0 -4.990113282588029e-7
0.0 0.0 -3.0040502061658786e-7
0.0 0.0 -1.0836957513178778e-7
0.0 0.0 -5.496471738359273e-8
0.0 0.0 -2.2677503220723918e-7
0.0 0.0 -2.8413468620349463e-7
0.0 0.0 -2.0221988834960444e-7
0.0 0.0 -1.693632347093461e-7
0.0 0.0 -2.73584578022482e-8
0.0 0.0 -9.246220274276728e-8
0.0 0.0 -9.813803491066543e-8
0.0 0.0 -4.528404802654637e-8
0.0 0.0 -8.397020097432191e-8
0.0 0.0 -1.0194276840862092e-7
0.0 0.0 -2.6851644592666584e-7
0.0 0.0 -4.178771811005143e-7
0.0 0.0 -5.883510483654806e-7
0.0 0.0 -8.155640739718449e-7
0.0 0.0 -5.581485470171094e-7
0.0 0.0 -5.511041882238552e-7
0.0 0.0 -4.5149183785559393e-7
0.0 0.0 -4.0121024369454977e-7
0.0 0.0 -3.874508471633157e-7
0.0 0.0 -3.536524866893327e-7
0.0 0.0 -3.6064437157857703e-7
0.0 0.0 -4.1721349284464614e-7
0.0 0.0 -3.1613352517596976e-7
0.0 0.0 -3.0409576529615905e-7
0.0 0.0 -1.453185925532291e-7
0.0 0.0 -1.539697281187232e-7
0.0 0.0 -5.8679701582646403e-8
0.0 0.0 -3.185358207505571e-8
0.0 0.0 -1.8675498481002257e-8
0.0 0.0 -2.1018306610316863e-8
0.0 0.0 9.644927329526875e-8
0.0 0.0 1.4336669548501138e-7
0.0 0.0 1.8477923869785303e-7
0.0 0.0 2.0684504097413417e-7
0.0 0.0 2.4183312031699316e-7
0.0 0.0 3.0871208716637915e-7
0.0 0.0 3.21293659314134e-7
0.0 0.0 2.630736375408561e-7
0.0 0.0 2.729727329024586e-7
0.0 0.0 4.076168357998582e-7
0.0 0.0 4.66838547455692e-7
0.0 0.0 4.890496967391303e-7
0.0 0.0 4.7033462506492073e-7
0.0 0.0 4.7412518129745406e-7
0.0 0.0 6.507320975401857e-7
0.0 0.0 4.903191026528477e-7
0.0 0.0 4.58552236182186e-7
0.0 0.0 4.991807946391255e-7
0.0 0.0 3.972583309581008e-7
0.0 0.0 4.919095395259567e-7
0.0 0.0 3.0385340013791317e-7
0.0 0.0 3.056143246350407e-7
0.0 0.0 7.633688493445916e-8
0.0 0.0 -1.4532820425860007e-7
0.0 0.0 -3.508319317482099e-7
0.0 0.0 -4.411593146549173e-7
0.0 0.0 -3.99915667127392e-7
0.0 0.0 -6.72319507218204e-7
0.0 0.0 -7.038280591070197e-7
0.0 0.0 -3.8523600988004225e-7
0.0 0.0 -4.023004513762566e-7
0.0 0.0 -6.430471786571121e-7
0.0 0.0 -1.466522166734566e-7
0.0 0.0 -2.0783738948053234e-7
0.0 0.0 -4.339379803365195e-7
0.0 0.0 -4.932145688227057e-7
0.0 0.0 -5.312871345288594e-7
0.0 0.0 -6.253354488773186e-7
0.0 0.0 -9.757487908566214e-7
0.0 0.0 -1.5064531556742047e-6
0.0 0.0 -1.6274595402230516e-6
0.0 0.0 -1.4516236028973917e-6
0.0 0.0 -1.4719805340684453e-6
0.0 0.0 -1.2163319389266938e-6
0.0 0.0 -1.2208891488088826e-6
0.0 0.0 -1.5489064363226719e-6
0.0 0.0 -1.3870545691412936e-6
0.0 0.0 -1.3536773815820366e-6
0.0 0.0 -9.189364634080864e-7
0.0 0.0 -6.665590319698824e-7
0.0 0.0 -4.810011550272397e-7
0.0 0.0 -3.3032361621756295e-7
0.0 0.0 -2.1806184106894355e-7
0.0 0.0 -5.68656724133441e-8
0.0 0.0 -6.995086788596053e-8
0.0 0.0 -4.6822821983286384e-8
0.0 0.0 2.1134998720836767e-8
0.0 0.0 1.495369297479308e-7
0.0 0.0 -2.5014343081734717e-8
0.0 0.0 -2.74304855193722e-7
0.0 0.0 -2.3325872821157068e-7
0.0 0.0 -3.4833865537497005e-7
0.0 0.0 -5.945835184206771e-7
0.0 0.0 -3.77467889672351e-7
0.0 0.0 -4.4632945097398346e-7
0.0 0.0 -6.217544278218737e-7
0.0 0.0 -4.990113282588029e-7
0.0 0.0 -3.0040502061658786e-7
0.0 0.0 -1.0836957513178778e-7
0.0 0.0 -5.496471738359273e-8
0.0 0.0 -2.2677503220723918e-7
0.0 0.0 -2.8413468620349463e-7
0.0 0.0 -2.0221988834960444e-7
0.0 0.0 -1.693632347093461e-7
0.0 0.0 -2.73584578022482e-8
0.0 0.0 -9.246220274276728e-8
0.0 0.0 -9.813803491066543e-8
0.0 0.0 -4.528404802654637e-8
0.0 0.0 -8.397020097432191e-8
0.0 0.0 -1.0194276840862092e-7
0.0 0.0 -2.6851644592666584e-7
0.0 0.0 -4.178771811005143e-7
0.0 0.0 -5.883510483654806e-7
0.0 0.0 -8.155640739718449e-7
0.0 0.0 -5.581485470171094e-7
0.0 0.0 -5.511041882238552e-7
0.0 0.0 -4.5149183785559393e-7
0.0 0.0 -4.0121024369454977e-7
0.0 0.0 -3.874508471633157e-7
0.0 0.0 -3.536524866893327e-7
0.0 0.0 -3.6064437157857703e-7
0.0 0.0 -4.1721349284464614e-7
0.0 0.0 -3.1613352517596976e-7
0.0 0.0 -3.0409576529615905e-7
0.0 0.0 -1.453185925532291e-7
0.0 0.0 -1.539697281187232e-7
0.0 0.0 -5.8679701582646403e-8
0.0 0.0 -3.185358207505571e-8
0.0 0.0 -1.8675498481002257e-8
0.0 0.0 -2.1018306610316863e-8

VECTORS S float
-0.0 -0.04167059745766178 0.0
-0.0 -0.05910777566945427 0.0
-0.0 -0.07415082453213163 0.0
-0.0 -0.0883902518724598 0.0
-0.0 -0.10234051764035958 0.0
-0.0 -0.11611534917141733 0.0
-0.0 -0.12957238622390993 0.0
-0.0 -0.14291156577949815 0.0
-0.0 -0.15592381304487266 0.0
-0.0 -0.16871730866809617 0.0
-0.0 -0.18124830165479802 0.0
-0.0 -0.1936769798998452 0.0
-0.0 -0.20491844133515874 0.0
-0.0 -0.2153295586026708 0.0
-0.0 -0.22525779997471496 0.0
-0.0 -0.2347924944399104 0.0
-0.0 -0.24339684509078263 0.0
-0.0 -0.2525413882384862 0.0
-0.0 -0.26049512125866103 0.0
-0.0 -0.26661321527751586 0.0
-0.0 -0.27269542878662595 0.0
-0.0 -0.2788285062547776 0.0
-0.0 -0.2847600049021036 0.0
-0.0 -0.2913782899385352 0.0
-0.0 -0.2954627426419658 0.0
-0.0 -0.30024919833348773 0.0
-0.0 -0.3048547685898066 0.0
-0.0 -0.3101160443249566 0.0
-0.0 -0.3148520560967981 0.0
-0.0 -0.3183555698488695 0.0
-0.0 -0.3230561742726181 0.0
-0.0 -0.3248254810890226 0.0
-0.0 -0.3256501162954595 0.0
-0.0 -0.3268113817041019 0.0
-0.0 -0.3273580243129706 0.0
-0.0 -0.3290566560726491 0.0
-0.0 -0.32913321697637477 0.0
-0.0 -0.32827254323189586 0.0
-0.0 -0.32642327330476806 0.0
-0.0 -0.32346875878496023 0.0
-0.0 -0.3191828603919807 0.0
-0.0 -0.315498999167134 0.0
-0.0 -0.3094856482988486 0.0
-0.0 -0.2982518657463932 0.0
-0.0 -0.28585558355531615 0.0
-0.0 -0.26894971531238976 0.0
-0.0 -0.24780822678688558 0.0
-0.0 -0.20349318566577415 0.0
-0.0 -0.08889508778210221 0.0
0.0 0.5511366257510311 -0.0
-0.0 -0.5508749262251414 0.0
0.0 0.08930686582511234 -0.0
0.0 0.2040296949673521 -0.0
0.0 0.24862728674083606 -0.0
0.0 0.272154824609122 -0.0
0.0 0.28682004097759706 -0.0
0.0 0.2949829569845691 -0.0
0.0 0.30619470506782254 -0.0
0.0 0.31051156744183384 -0.0
0.0 0.3153931692312787 -0.0
0.0 0.32042053688823463 -0.0
0.0 0.32407226930002436 -0.0
0.0 0.32656382779490095 -0.0
0.0 0.327973174098603 -0.0
0.0 0.3277002590201899 -0.0
0.0 0.328206607233523 -0.0
0.0 0.3279270415374432 -0.0
0.0 0.3271103599365004 -0.0
0.0 0.3266505286565 -0.0
0.0 0.3253160451105226 -0.0
0.0 0.32191787134057126 -0.0
0.0 0.31789640765581706 -0.0
0.0 0.3127847024976467 -0.0
0.0 0.30719541752707463 -0.0
0.0 0.30228323184271316 -0.0
0.0 0.2971834555710503 -0.0
0.0 0.2924685279659112 -0.0
0.0 0.28627482008996424 -0.0
0.0 0.27962641613395767 -0.0
0.0 0.2736128513567862 -0.0
0.0 0.26759101535844304 -0.0
0.0 0.26150782516698207 -0.0
0.0 0.25320838460893846 -0.0
0.0 0.24444680414630854 -0.0
0.0 0.23608698987634102 -0.0
0.0 0.22688717198658767 -0.0
0.0 0.21673935329533528 -0.0
0.0 0.2067034443135838 -0.0
0.0 0.19495511464412413 -0.0
0.0 0.18261577197716594 -0.0
0.0 0.16997678336289943 -0.0
0.0 0.1570870481450828 -0.0
0.0 0.14391326118965847 -0.0
0.0 0.13053229915655196 -0.0
0.0 0.1169861857047209 -0.0
0.0 0.10318292899451871 -0.0
0.0 0.08908562162598765 -0.0
0.0 0.0747389564340641 -0.0
0.0 0.059603340773906145 -0.0
0.0 0.042035791764687296 -0.0
-0.0 -0.04167059745766178 0.0
-0.0 -0.05910777566945427 0.0
-0.0 -0.07415082453213163 0.0
-0.0 -0.0883902518724598 0.0
-0.0 -0.10234051764035958 0.0
-0.0 -0.11611534917141733 0.0
-0.0 -0.12957238622390993 0.0
-0.0 -0.14291156577949815 0.0
-0.0 -0.15592381304487266 0.0
-0.0 -0.16871730866809617 0.0
-0.0 -0.18124830165479802 0.0
-0.0 -0.1936769798998452 0.0
-0.0 -0.20491844133515874 0.0
-0.0 -0.2153295586026708 0.0
-0.0 -0.22525779997471496 0.0
-0.0 -0.2347924944399104 0.0
-0.0 -0.24339684509078263 0.0
-0.0 -0.2525413882384862 0.0
-0.0 -0.26049512125866103 0.0
-0.0 -0.26661321527751586 0.0
-0.0 -0.27269542878662595 0.0
-0.0 -0.2788285062547776 0.0
-0.0 -0.2847600049021036 0.0
-0.0 -0.2913782899385352 0.0
-0.0 -0.2954627426419658 0.0
-0.0 -0.30024919833348773 0.0
-0.0 -0.3048547685898066 0.0
-0.0 -0.3101160443249566 0.0
-0.0 -0.3148520560967981 0.0
-0.0 -0.3183555698488695 0.0
-0.0 -0.3230561742726181 0.0
-0.0 -0.3248254810890226 0.0
-0.0 -0.3256501162954595 0.0
-0.0 -0.3268113817041019 0.0
-0.0 -0.3273580243129706 0.0
-0.0 -0.3290566560726491 0.0
-0.0 -0.32913321697637477 0.0
-0.0 -0.32827254323189586 0.0
-0.0 -0.32642327330476806 0.0
-0.0 -0.32346875878496023 0.0
-0.0 -0.3191828603919807 0.0
-0.0 -0.315498999167134 0.0
-0.0 -0.3094856482988486 0.0
-0.0 -0.2982518657463932 0.0
-0.0 -0.28585558355531615 0.0
-0.0 -0.26894971531238976 0.0
-0.0 -0.24780822678688558 0.0
-0.0 -0.20349318566577415 0.0
-0.0 -0.08889508778210221 0.0
0.0 0.5511366257510311 -0.0
-0.0 -0.5508749262251414 0.0
0.0 0.08930686582511234 -0.0
0.0 0.2040296949673521 -0.0
0.0 0.24862728674083606 -0.0
0.0 0.272154824609122 -0.0
0.0 0.28682004097759706 -0.0
0.0 0.2949829569845691 -0.0
0.0 0.30619470506782254 -0.0
0.0 0.31051156744183384 -0.0
0.0 0.3153931692312787 -0.0
0.0 0.32042053688823463 -0.0
0.0 0.32407226930002436 -0.0
0.0 0.32656382779490095 -0.0
0.0 0.327973174098603 -0.0
0.0 0.3277002590201899 -0.0
0.0 0.328206607233523 -0.0
0.0 0.3279270415374432 -0.0
0.0 0.3271103599365004 -0.0
0.0 0.3266505286565 -0.0
0.0 0.3253160451105226 -0.0
0.0 0.32191787134057126 -0.0
0.0 0.31789640765581706 -0.0
0.0 0.3127847024976467 -0.0
0.0 0.30719541752707463 -0.0
0.0 0.30228323184271316 -0.0
0.0 0.2971834555710503 -0.0
0.0 0.2924685279659112 -0.0
0.0 0.28627482008996424 -0.0
0.0 0.27962641613395767 -0.0
0.0 0.2736128513567862 -0.0
0.0 0.26759101535844304 -0.0
0.0 0.26150782516698207 -0.0
0.0 0.25320838460893846 -0.0
0.0 0.24444680414630854 -0.0
0.0 0.23608698987634102 -0.0
0.0 0.22688717198658767 -0.0
0.0 0.21673935329533528 -0.0
0.0 0.2067034443135838 -0.0
0.0 0.19495511464412413 -0.0
0.0 0.18261577197716594 -0.0
0.0 0.16997678336289943 -0.0
0.0 0.1570870481450828 -0.0
0.0 0.14391326118965847 -0.0
0.0 0.13053229915655196 -0.0
0.0 0.1169861857047209 -0.0
0.0 0.10318292899451871 -0.0
0.0 0.08908562162598765 -0.0
0.0 0.0747389564340641 -0.0
0.0 0.059603340773906145 -0.0
0.0 0.042035791764687296 -0.0

VECTORS Vvpm_ApA float
0.09956222772598267 0.14958031475543976 -0.3691253662109375
0.0995090901851654 0.1495620459318161 -0.36859214305877686
0.1045934110879898 0.15039114654064178 -0.4142603576183319
0.10798363387584686 0.15127353370189667 -0.440411627292633
0.1123209297657013 0.15261006355285645 -0.47063782811164856
0.1134762167930603 0.15299323201179504 -0.47823187708854675
0.12068900465965271 0.15555201470851898 -0.5223360657691956
0.12150663137435913 0.15585602819919586 -0.5270439982414246
0.12814021110534668 0.1583888828754425 -0.5635681748390198
0.1317356377840042 0.15979784727096558 -0.5823125839233398
0.13323453068733215 0.16039122641086578 -0.5899519920349121
0.13108085095882416 0.15953700244426727 -0.5789408087730408
0.13360287249088287 0.16053712368011475 -0.5918211340904236
0.1315186321735382 0.15970934927463531 -0.5812046527862549
0.13022638857364655 0.15919779241085052 -0.5745161771774292
0.12721528112888336 0.15802064538002014 -0.5586165189743042
0.1280156373977661 0.15832935273647308 -0.5628761649131775
0.1303914487361908 0.15925820171833038 -0.5753602385520935
0.12985174357891083 0.15904507040977478 -0.5725475549697876
0.1305357962846756 0.15931206941604614 -0.5760968327522278
0.12573464214801788 0.157439723610878 -0.5505861639976501
0.12497332692146301 0.15714536607265472 -0.54640793800354
0.12559331953525543 0.15738141536712646 -0.5497903227806091
0.12453955411911011 0.15697792172431946 -0.544012188911438
0.12223711609840392 0.15610463917255402 -0.5311233997344971
0.12277984619140624 0.15630784630775452 -0.5341875553131104
0.12942516803741455 0.15886513888835907 -0.57027667760849
0.12844730913639069 0.1584804207086563 -0.5651124715805054
0.12769924104213715 0.15818770229816437 -0.561133861541748
0.12818261981010437 0.15837478637695312 -0.5636999011039734
0.1224980503320694 0.15619319677352905 -0.5325763821601868
0.12299895286560059 0.1563803255558014 -0.5353891849517822
0.12349209189414978 0.1565653681755066 -0.5381422638893127
0.1168154329061508 0.15410664677619934 -0.4991489350795746
0.11724452674388885 0.15425845980644226 -0.5017635226249695
0.11767008900642394 0.1544102281332016 -0.5043405294418335
0.11809131503105165 0.15456153452396393 -0.5068783164024353
0.11850906908512115 0.1547119915485382 -0.5093775987625122
0.11892306804656984 0.154861718416214 -0.5118380784988403
0.11677084863185881 0.1540863811969757 -0.49883949756622314
0.11721456050872804 0.15424424409866333 -0.5015518069267273
0.11549699306488037 0.1536375731229782 -0.4909387230873108
0.12488313019275665 0.15708111226558685 -0.5458379983901978
0.12525193393230438 0.15722227096557617 -0.5478608012199402
0.12561608850955963 0.15736190974712372 -0.5498493313789368
0.12597553431987762 0.15749984979629517 -0.551803708076477
0.12633025646209717 0.15763631463050842 -0.5537246465682983
0.1266801357269287 0.15777112543582916 -0.5556125044822693
0.1217704564332962 0.15589609742164612 -0.5283800959587097
0.12611514329910278 0.15755559504032135 -0.5525708198547363
0.1392619013786316 0.16275566816329956 -0.6196397542953491
0.1261151283979416 0.1575564742088318 -0.552570104598999
0.12177169322967528 0.15589819848537445 -0.5283787250518799
0.12667939066886902 0.15777231752872467 -0.5556111335754395
0.12632909417152405 0.15763729810714722 -0.5537227988243103
0.12597434222698212 0.1575011909008026 -0.5518020391464233
0.12561483681201935 0.15736284852027893 -0.5498473644256592
0.12525174021720886 0.15722310543060303 -0.5478600859642029
0.12488381564617157 0.15708176791667938 -0.5458377599716187
0.11549730598926544 0.1536390632390976 -0.4909377098083496
0.11721464991569519 0.1542450487613678 -0.5015512704849243
0.11677117645740508 0.15408724546432495 -0.4988393783569336
0.1189238578081131 0.15486277639865875 -0.5118379592895508
0.11851020157337189 0.1547130048274994 -0.509377658367157
0.11809244751930237 0.15456236898899078 -0.5068783760070801
0.1176712214946747 0.15441113710403442 -0.504340648651123
0.11724570393562317 0.15425944328308105 -0.5017638206481934
0.11681671440601349 0.15410755574703217 -0.49914875626564026
0.12349408864974976 0.15656693279743195 -0.5381417870521545
0.12300059199333191 0.15638194978237152 -0.535388708114624
0.12249945104122162 0.1561947762966156 -0.5325755476951599
0.12818284332752228 0.1583755910396576 -0.5636990666389465
0.12769921123981476 0.15818843245506287 -0.5611332058906555
0.12844671308994293 0.15848112106323242 -0.5651118755340576
0.12942491471767426 0.15886591374874115 -0.5702759027481079
0.12277911603450774 0.1563090831041336 -0.5341861248016357
0.12223646044731139 0.15610584616661072 -0.5311219096183777
0.1245398223400116 0.15697914361953735 -0.544011116027832
0.1255938857793808 0.1573830097913742 -0.5497892498970032
0.12497416138648985 0.15714672207832336 -0.5464070439338684
0.12573611736297607 0.1574408859014511 -0.5505855083465576
0.13053689897060394 0.15931285917758942 -0.5760967135429382
0.1298527866601944 0.15904587507247925 -0.572547197341919
0.13039276003837585 0.15925909578800201 -0.575360119342804
0.1280171275138855 0.15833087265491486 -0.5628754496574402
0.12721677124500275 0.15802210569381714 -0.5586159229278564
0.13022761046886444 0.15919901430606842 -0.5745154619216919
0.13152000308036804 0.15971051156520844 -0.5812044143676758
0.13360485434532166 0.16053831577301025 -0.5918208360671997
0.131082683801651 0.1595386266708374 -0.5789399743080139
0.13323642313480377 0.16039258241653442 -0.5899515151977539
0.13173727691173553 0.1597989797592163 -0.5823124647140503
0.12814129889011383 0.1583893597126007 -0.5635680556297302
0.1215067058801651 0.1558566391468048 -0.5270437002182007
0.12068815529346467 0.15555191040039062 -0.5223363041877747
0.11347457766532898 0.15299327671527863 -0.47823140025138855
0.11231841146945953 0.1526092290878296 -0.47063785791397095
0.10798101127147676 0.15127232670783997 -0.44041174650192255
0.10458990931510924 0.15038935840129852 -0.4142603278160095
0.09950503706932068 0.14956000447273254 -0.3685912489891052
0.09956222772598267 0.14958031475543976 -0.3691253662109375
0.0995090901851654 0.1495620459318161 -0.36859214305877686
0.1045934110879898 0.15039114654064178 -0.4142603576183319
0.10798363387584686 0.15127353370189667 -0.440411627292633
0.1123209297657013 0.15261006355285645 -0.47063782811164856
0.1134762167930603 0.15299323201179504 -0.47823187708854675
0.12068900465965271 0.15555201470851898 -0.5223360657691956
0.12150663137435913 0.15585602819919586 -0.5270439982414246
0.12814021110534668 0.1583888828754425 -0.5635681748390198
0.1317356377840042 0.15979784727096558 -0.5823125839233398
0.13323453068733215 0.16039122641086578 -0.5899519920349121
0.13108085095882416 0.15953700244426727 -0.5789408087730408
0.13360287249088287 0.16053712368011475 -0.5918211340904236
0.1315186321735382 0.15970934927463531 -0.5812046527862549
0.13022638857364655 0.15919779241085052 -0.5745161771774292
0.12721528112888336 0.15802064538002014 -0.5586165189743042
0.1280156373977661 0.15832935273647308 -0.5628761649131775
0.1303914487361908 0.15925820171833038 -0.5753602385520935
0.12985174357891083 0.15904507040977478 -0.5725475549697876
0.1305357962846756 0.15931206941604614 -0.5760968327522278
0.12573464214801788 0.157439723610878 -0.5505861639976501
0.12497332692146301 0.15714536607265472 -0.54640793800354
0.12559331953525543 0.15738141536712646 -0.5497903227806091
0.12453955411911011 0.15697792172431946 -0.544012188911438
0.12223711609840392 0.15610463917255402 -0.5311233997344971
0.12277984619140624 0.15630784630775452 -0.5341875553131104
0.12942516803741455 0.15886513888835907 -0.57027667760849
0.12844730913639069 0.1584804207086563 -0.5651124715805054
0.12769924104213715 0.15818770229816437 -0.561133861541748
0.12818261981010437 0.15837478637695312 -0.5636999011039734
0.1224980503320694 0.15619319677352905 -0.5325763821601868
0.12299895286560059 0.1563803255558014 -0.5353891849517822
0.12349209189414978 0.1565653681755066 -0.5381422638893127
0.1168154329061508 0.15410664677619934 -0.4991489350795746
0.11724452674388885 0.15425845980644226 -0.5017635226249695
0.11767008900642394 0.1544102281332016 -0.5043405294418335
0.11809131503105165 0.15456153452396393 -0.5068783164024353
0.11850906908512115 0.1547119915485382 -0.5093775987625122
0.11892306804656984 0.154861718416214 -0.5118380784988403
0.11677084863185881 0.1540863811969757 -0.49883949756622314
0.11721456050872804 0.15424424409866333 -0.5015518069267273
0.11549699306488037 0.1536375731229782 -0.4909387230873108
0.12488313019275665 0.15708111226558685 -0.5458379983901978
0.12525193393230438 0.15722227096557617 -0.5478608012199402
0.12561608850955963 0.15736190974712372 -0.5498493313789368
0.12597553431987762 0.15749984979629517 -0.551803708076477
0.12633025646209717 0.15763631463050842 -0.5537246465682983
0.1266801357269287 0.15777112543582916 -0.5556125044822693
0.1217704564332962 0.15589609742164612 -0.5283800959587097
0.12611514329910278 0.15755559504032135 -0.5525708198547363
0.1392619013786316 0.16275566816329956 -0.6196397542953491
0.1261151283979416 0.1575564742088318 -0.552570104598999
0.12177169322967528 0.15589819848537445 -0.5283787250518799
0.12667939066886902 0.15777231752872467 -0.5556111335754395
0.12632909417152405 0.15763729810714722 -0.5537227988243103
0.12597434222698212 0.1575011909008026 -0.5518020391464233
0.12561483681201935 0.15736284852027893 -0.5498473644256592
0.12525174021720886 0.15722310543060303 -0.5478600859642029
0.12488381564617157 0.15708176791667938 -0.5458377599716187
0.11549730598926544 0.1536390632390976 -0.4909377098083496
0.11721464991569519 0.1542450487613678 -0.5015512704849243
0.11677117645740508 0.15408724546432495 -0.4988393783569336
0.1189238578081131 0.15486277639865875 -0.5118379592895508
0.11851020157337189 0.1547130048274994 -0.509377658367157
0.11809244751930237 0.15456236898899078 -0.5068783760070801
0.1176712214946747 0.15441113710403442 -0.504340648651123
0.11724570393562317 0.15425944328308105 -0.5017638206481934
0.11681671440601349 0.15410755574703217 -0.49914875626564026
0.12349408864974976 0.15656693279743195 -0.5381417870521545
0.12300059199333191 0.15638194978237152 -0.535388708114624
0.12249945104122162 0.1561947762966156 -0.5325755476951599
0.12818284332752228 0.1583755910396576 -0.5636990666389465
0.12769921123981476 0.15818843245506287 -0.5611332058906555
0.12844671308994293 0.15848112106323242 -0.5651118755340576
0.12942491471767426 0.15886591374874115 -0.5702759027481079
0.12277911603450774 0.1563090831041336 -0.5341861248016357
0.12223646044731139 0.15610584616661072 -0.5311219096183777
0.1245398223400116 0.15697914361953735 -0.544011116027832
0.1255938857793808 0.1573830097913742 -0.5497892498970032
0.12497416138648985 0.15714672207832336 -0.5464070439338684
0.12573611736297607 0.1574408859014511 -0.5505855083465576
0.13053689897060394 0.15931285917758942 -0.5760967135429382
0.1298527866601944 0.15904587507247925 -0.572547197341919
0.13039276003837585 0.15925909578800201 -0.575360119342804
0.1280171275138855 0.15833087265491486 -0.5628754496574402
0.12721677124500275 0.15802210569381714 -0.5586159229278564
0.13022761046886444 0.15919901430606842 -0.5745154619216919
0.13152000308036804 0.15971051156520844 -0.5812044143676758
0.13360485434532166 0.16053831577301025 -0.5918208360671997
0.131082683801651 0.1595386266708374 -0.5789399743080139
0.13323642313480377 0.16039258241653442 -0.5899515151977539
0.13173727691173553 0.1597989797592163 -0.5823124647140503
0.12814129889011383 0.1583893597126007 -0.5635680556297302
0.1215067058801651 0.1558566391468048 -0.5270437002182007
0.12068815529346467 0.15555191040039062 -0.5223363041877747
0.11347457766532898 0.15299327671527863 -0.47823140025138855
0.11231841146945953 0.1526092290878296 -0.47063785791397095
0.10798101127147676 0.15127232670783997 -0.44041174650192255
0.10458990931510924 0.15038935840129852 -0.4142603278160095
0.09950503706932068 0.14956000447273254 -0.3685912489891052

VECTORS Vkin float
-0.0 -0.0 -0.0
-0.0 -0.0 -0.0
-0.0 -0.0 -0.0
-0.0 -0.0 -0.0
-0.0 -0.0 -0.0
-0.0 -0.0 -0.0
-0.0 -0.0 -0.0
-0.0 -0.0 -0.0
-0.0 -0.0 -0.0
-0.0 -0.0 -0.0
-0.0 -0.0 -0.0
-0.0 -0.0 -0.0
-0.0 -0.0 -0.0
-0.0 -0.0 -0.0
-0.0 -0.0 -0.0
-0.0 -0.0 -0.0
-0.0 -0.0 -0.0
-0.0 -0.0 -0.0
-0.0 -0.0 -0.0
-0.0 -0.0 -0.0
-0.0 -0.0 -0.0
-0.0 -0.0 -0.0
-0.0 -0.0 -0.0
-0.0 -0.0 -0.0
-0.0 -0.0 -0.0
-0.0 -0.0 -0.0
-0.0 -0.0 -0.0
-0.0 -0.0 -0.0
-0.0 -0.0 -0.0
-0.0 -0.0 -0.0
-0.0 -0.0 -0.0
-0.0 -0.0 -0.0
-0.0 -0.0 -0.0
-0.0 -0.0 -0.0
-0.0 -0.0 -0.0
-0.0 -0.0 -0.0
-0.0 -0.0 -0.0
-0.0 -0.0 -0.0
-0.0 -0.0 -0.0
-0.0 -0.0 -0.0
-0.0 -0.0 -0.0
-0.0 -0.0 -0.0
-0.0 -0.0 -0.0
-0.0 -0.0 -0.0
-0.0 -0.0 -0.0
-0.0 -0.0 -0.0
-0.0 -0.0 -0.0
-0.0 -0.0 -0.0
-0.0 -0.0 -0.0
-0.0 -0.0 -0.0
-0.0 -0.0 -0.0
-0.0 -0.0 -0.0
-0.0 -0.0 -0.0
-0.0 -0.0 -0.0
-0.0 -0.0 -0.0
-0.0 -0.0 -0.0
-0.0 -0.0 -0.0
-0.0 -0.0 -0.0
-0.0 -0.0 -0.0
-0.0 -0.0 -0.0
-0.0 -0.0 -0.0
-0.0 -0.0 -0.0
-0.0 -0.0 -0.0
-0.0 -0.0 -0.0
-0.0 -0.0 -0.0
-0.0 -0.0 -0.0
-0.0 -0.0 -0.0
-0.0 -0.0 -0.0
-0.0 -0.0 -0.0
-0.0 -0.0 -0.0
-0.0 -0.0 -0.0
-0.0 -0.0 -0.0
-0.0 -0.0 -0.0
-0.0 -0.0 -0.0
-0.0 -0.0 -0.0
-0.0 -0.0 -0.0
-0.0 -0.0 -0.0
-0.0 -0.0 -0.0
-0.0 -0.0 -0.0
-0.0 -0.0 -0.0
-0.0 -0.0 -0.0
-0.0 -0.0 -0.0
-0.0 -0.0 -0.0
-0.0 -0.0 -0.0
-0.0 -0.0 -0.0
-0.0 -0.0 -0.0
-0.0 -0.0 -0.0
-0.0 -0.0 -0.0
-0.0 -0.0 -0.0
-0.0 -0.0 -0.0
-0.0 -0.0 -0.0
-0.0 -0.0 -0.0
-0.0 -0.0 -0.0
-0.0 -0.0 -0.0
-0.0 -0.0 -0.0
-0.0 -0.0 -0.0
-0.0 -0.0 -0.0
-0.0 -0.0 -0.0
-0.0 -0.0 -0.0
-0.0 -0.0 -0.0
-0.0 -0.0 -0.0
-0.0 -0.0 -0.0
-0.0 -0.0 -0.0
-0.0 -0.0 -0.0
-0.0 -0.0 -0.0
-0.0 -0.0 -0.0
-0.0 -0.0 -0.0
-0.0 -0.0 -0.0
-0.0 -0.0 -0.0
-0.0 -0.0 -0.0
-0.0 -0.0 -0.0
-0.0 -0.0 -0.0
-0.0 -0.0 -0.0
-0.0 -0.0 -0.0
-0.0 -0.0 -0.0
-0.0 -0.0 -0.0
-0.0 -0.0 -0.0
-0.0 -0.0 -0.0
-0.0 -0.0 -0.0
-0.0 -0.0 -0.0
-0.0 -0.0 -0.0
-0.0 -0.0 -0.0
-0.0 -0.0 -0.0
-0.0 -0.0 -0.0
-0.0 -0.0 -0.0
-0.0 -0.0 -0.0
-0.0 -0.0 -0.0
-0.0 -0.0 -0.0
-0.0 -0.0 -0.0
-0.0 -0.0 -0.0
-0.0 -0.0 -0.0
-0.0 -0.0 -0.0
-0.0 -0.0 -0.0
-0.0 -0.0 -0.0
-0.0 -0.0 -0.0
-0.0 -0.0 -0.0
-0.0 -0.0 -0.0
-0.0 -0.0 -0.0
-0.0 -0.0 -0.0
-0.0 -0.0 -0.0
-0.0 -0.0 -0.0
-0.0 -0.0 -0.0
-0.0 -0.0 -0.0
-0.0 -0.0 -0.0
-0.0 -0.0 -0.0
-0.0 -0.0 -0.0
-0.0 -0.0 -0.0
-0.0 -0.0 -0.0
-0.0 -0.0 -0.0
-0.0 -0.0 -0.0
-0.0 -0.0 -0.0
-0.0 -0.0 -0.0
-0.0 -0.0 -0.0
-0.0 -0.0 -0.0
-0.0 -0.0 -0.0
-0.0 -0.0 -0.0
-0.0 -0.0 -0.0
-0.0 -0.0 -0.0
-0.0 -0.0 -0.0
-0.0 -0.0 -0.0
-0.0 -0.0 -0.0
-0.0 -0.0 -0.0
-0.0 -0.0 -0.0
-0.0 -0.0 -0.0
-0.0 -0.0 -0.0
-0.0 -0.0 -0.0
-0.0 -0.0 -0.0
-0.0 -0.0 -0.0
-0.0 -0.0 -0.0
-0.0 -0.0 -0.0
-0.0 -0.0 -0.0
-0.0 -0.0 -0.0
-0.0 -0.0 -0.0
-0.0 -0.0 -0.0
-0.0 -0.0 -0.0
-0.0 -0.0 -0.0
-0.0 -0.0 -0.0
-0.0 -0.0 -0.0
-0.0 -0.0 -0.0
-0.0 -0.0 -0.0
-0.0 -0.0 -0.0
-0.0 -0.0 -0.0
-0.0 -0.0 -0.0
-0.0 -0.0 -0.0
-0.0 -0.0 -0.0
-0.0 -0.0 -0.0
-0.0 -0.0 -0.0
-0.0 -0.0 -0.0
-0.0 -0.0 -0.0
-0.0 -0.0 -0.0
-0.0 -0.0 -0.0
-0.0 -0.0 -0.0
-0.0 -0.0 -0.0
-0.0 -0.0 -0.0
-0.0 -0.0 -0.0
-0.0 -0.0 -0.0
-0.0 -0.0 -0.0
-0.0 -0.0 -0.0
-0.0 -0.0 -0.0
-0.0 -0.0 -0.0

VECTORS Funs-vector float
0.0 0.0 4.3647680223985723e-10
0.0 0.0 7.679667121932089e-10
0.0 0.0 1.143389246121366e-9
0.0 0.0 1.4518603091217308e-9
0.0 0.0 1.8984572949857317e-9
0.0 0.0 2.680079116362454e-9
0.0 0.0 3.0563670336692926e-9
0.0 0.0 2.721206374396601e-9
0.0 0.0 3.050498144545495e-9
0.0 0.0 4.893973267523591e-9
0.0 0.0 5.993046348860623e-9
0.0 0.0 6.684683298225767e-9
0.0 0.0 6.819817159202022e-9
0.0 0.0 7.268875608808696e-9
0.0 0.0 1.0517351888165724e-8
0.0 0.0 8.33225904848016e-9
0.0 0.0 8.17357875920194e-9
0.0 0.0 9.312694677813344e-9
0.0 0.0 7.741437216855057e-9
0.0 0.0 9.994798725551908e-9
0.0 0.0 6.426369753766535e-9
0.0 0.0 6.717640996510381e-9
0.0 0.0 1.7413958861098925e-9
0.0 0.0 -3.4360225047239833e-9
0.0 0.0 -8.586399988947823e-9
0.0 0.0 -1.1163802462495288e-8
0.0 0.0 -1.0452519369976317e-8
0.0 0.0 -1.813112244942875e-8
0.0 0.0 -1.9565871605726515e-8
0.0 0.0 -1.1029471349289127e-8
0.0 0.0 -1.1852428114607991e-8
0.0 0.0 -1.9479724388802858e-8
0.0 0.0 -4.564410121713476e-9
0.0 0.0 -6.641495836597329e-9
0.0 0.0 -1.4227288672929414e-8
0.0 0.0 -1.658072083469747e-8
0.0 0.0 -1.830224051336506e-8
0.0 0.0 -2.206188104347522e-8
0.0 0.0 -3.5235537941108364e-8
0.0 0.0 -5.565212474171554e-8
0.0 0.0 -6.147515545108e-8
0.0 0.0 -5.603978106499648e-8
0.0 0.0 -5.804917727456581e-8
0.0 0.0 -4.8978415044564223e-8
0.0 0.0 -5.017673193567584e-8
0.0 0.0 -6.494521582498067e-8
0.0 0.0 -5.9311740069031966e-8
0.0 0.0 -5.900968524310314e-8
0.0 0.0 -4.0822226509103216e-8
0.0 0.0 -3.0164826010418846e-8
0.0 0.0 -2.1767488633869088e-8
0.0 0.0 -1.467407815392253e-8
0.0 0.0 -9.505780904731856e-9
0.0 0.0 -2.4316289034821755e-9
0.0 0.0 -2.9330204236119744e-9
0.0 0.0 -1.9243484876733903e-9
0.0 0.0 8.510495418125027e-10
0.0 0.0 5.897153897843783e-9
0.0 0.0 -9.656761621863802e-10
0.0 0.0 -1.0361507120299254e-8
0.0 0.0 -8.617157321240808e-9
0.0 0.0 -1.2578954770770485e-8
0.0 0.0 -2.0976950654817905e-8
0.0 0.0 -1.3003341609207495e-8
0.0 0.0 -1.5004552774197567e-8
0.0 0.0 -2.0385124439750194e-8
0.0 0.0 -1.5946031978794586e-8
0.0 0.0 -9.349819237775489e-9
0.0 0.0 -3.2828220475321144e-9
0.0 0.0 -1.6193503124347438e-9
0.0 0.0 -6.492665940659831e-9
0.0 0.0 -7.898722872805573e-9
0.0 0.0 -5.4534689504204806e-9
0.0 0.0 -4.426614501195267e-9
0.0 0.0 -6.923222709730616e-10
0.0 0.0 -2.2629566603372207e-9
0.0 0.0 -2.3202963130433284e-9
0.0 0.0 -1.0330190314621195e-9
0.0 0.0 -1.8457304487410406e-9
0.0 0.0 -2.1560460512175964e-9
0.0 0.0 -5.4558157870324e-9
0.0 0.0 -8.143240077669253e-9
0.0 0.0 -1.0976250960857101e-8
0.0 0.0 -1.4537225349253143e-8
0.0 0.0 -9.4849216685978e-9
0.0 0.0 -8.907131977202435e-9
0.0 0.0 -6.921880839114824e-9
0.0 0.0 -5.817518759155864e-9
0.0 0.0 -5.29595708613155e-9
0.0 0.0 -4.540018718827372e-9
0.0 0.0 -4.3300073956095946e-9
0.0 0.0 -4.66240335534425e-9
0.0 0.0 -3.270052339378681e-9
0.0 0.0 -2.8927687963518073e-9
0.0 0.0 -1.2615810695846936e-9
0.0 0.0 -1.2087052144503965e-9
0.0 0.0 -4.1187707124971957e-10
0.0 0.0 -1.9710571085649175e-10
0.0 0.0 -1.0003830470183783e-10
0.0 0.0 -9.511739118741479e-11
0.0 0.0 4.3647680223985723e-10
0.0 0.0 7.679667121932089e-10
0.0 0.0 1.143389246121366e-9
0.0 0.0 1.4518603091217308e-9
0.0 0.0 1.8984572949857317e-9
0.0 0.0 2.680079116362454e-9
0.0 0.0 3.0563670336692926e-9
0.0 0.0 2.721206374396601e-9
0.0 0.0 3.050498144545495e-9
0.0 0.0 4.893973267523591e-9
0.0 0.0 5.993046348860623e-9
0.0 0.0 6.684683298225767e-9
0.0 0.0 6.819817159202022e-9
0.0 0.0 7.268875608808696e-9
0.0 0.0 1.0517351888165724e-8
0.0 0.0 8.33225904848016e-9
0.0 0.0 8.17357875920194e-9
0.0 0.0 9.312694677813344e-9
0.0 0.0 7.741437216855057e-9
0.0 0.0 9.994798725551908e-9
0.0 0.0 6.426369753766535e-9
0.0 0.0 6.717640996510381e-9
0.0 0.0 1.7413958861098925e-9
0.0 0.0 -3.4360225047239833e-9
0.0 0.0 -8.586399988947823e-9
0.0 0.0 -1.1163802462495288e-8
0.0 0.0 -1.0452519369976317e-8
0.0 0.0 -1.813112244942875e-8
0.0 0.0 -1.9565871605726515e-8
0.0 0.0 -1.1029471349289127e-8
0.0 0.0 -1.1852428114607991e-8
0.0 0.0 -1.9479724388802858e-8
0.0 0.0 -4.564410121713476e-9
0.0 0.0 -6.641495836597329e-9
0.0 0.0 -1.4227288672929414e-8
0.0 0.0 -1.658072083469747e-8
0.0 0.0 -1.830224051336506e-8
0.0 0.0 -2.206188104347522e-8
0.0 0.0 -3.5235537941108364e-8
0.0 0.0 -5.565212474171554e-8
0.0 0.0 -6.147515545108e-8
0.0 0.0 -5.603978106499648e-8
0.0 0.0 -5.804917727456581e-8
0.0 0.0 -4.8978415044564223e-8
0.0 0.0 -5.017673193567584e-8
0.0 0.0 -6.494521582498067e-8
0.0 0.0 -5.9311740069031966e-8
0.0 0.0 -5.900968524310314e-8
0.0 0.0 -4.0822226509103216e-8
0.0 0.0 -3.0164826010418846e-8
0.0 0.0 -2.1767488633869088e-8
0.0 0.0 -1.467407815392253e-8
0.0 0.0 -9.505780904731856e-9
0.0 0.0 -2.4316289034821755e-9
0.0 0.0 -2.9330204236119744e-9
0.0 0.0 -1.9243484876733903e-9
0.0 0.0 8.510495418125027e-10
0.0 0.0 5.897153897843783e-9
0.0 0.0 -9.656761621863802e-10
0.0 0.0 -1.0361507120299254e-8
0.0 0.0 -8.617157321240808e-9
0.0 0.0 -1.2578954770770485e-8
0.0 0.0 -2.0976950654817905e-8
0.0 0.0 -1.3003341609207495e-8
0.0 0.0 -1.5004552774197567e-8
0.0 0.0 -2.0385124439750194e-8
0.0 0.0 -1.5946031978794586e-8
0.0 0.0 -9.349819237775489e-9
0.0 0.0 -3.2828220475321144e-9
0.0 0.0 -1.6193503124347438e-9
0.0 0.0 -6.492665940659831e-9
0.0 0.0 -7.898722872805573e-9
0.0 0.0 -5.4534689504204806e-9
0.0 0.0 -4.426614501195267e-9
0.0 0.0 -6.923222709730616e-10
0.0 0.0 -2.2629566603372207e-9
0.0 0.0 -2.3202963130433284e-9
0.0 0.0 -1.0330190314621195e-9
0.0 0.0 -1.8457304487410406e-9
0.0 0.0 -2.1560460512175964e-9
0.0 0.0 -5.4558157870324e-9
0.0 0.0 -8.143240077669253e-9
0.0 0.0 -1.0976250960857101e-8
0.0 0.0 -1.4537225349253143e-8
0.0 0.0 -9.4849216685978e-9
0.0 0.0 -8.907131977202435e-9
0.0 0.0 -6.921880839114824e-9
0.0 0.0 -5.817518759155864e-9
0.0 0.0 -5.29595708613155e-9
0.0 0.0 -4.540018718827372e-9
0.0 0.0 -4.3300073956095946e-9
0.0 0.0 -4.66240335534425e-9
0.0 0.0 -3.270052339378681e-9
0.0 0.0 -2.8927687963518073e-9
0.0 0.0 -1.2615810695846936e-9
0.0 0.0 -1.2087052144503965e-9
0.0 0.0 -4.1187707124971957e-10
0.0 0.0 -1.9710571085649175e-10
0.0 0.0 -1.0003830470183783e-10
0.0 0.0 -9.511739118741479e-11

VECTORS Ftot float
-0.02591834125559078 -0.04167059745766178 0.02320668949047615
-0.04046229523292709 -0.05910777566945427 0.03846788881689989
-0.05261216953953998 -0.07415082453213163 0.05486657005253122
-0.06395799761297748 -0.0883902518724598 0.07293830331798123
-0.07501480376915753 -0.10234051764035958 0.09278165804337962
-0.0858961148807285 -0.11611534917141733 0.1144260310227742
-0.09645971461074622 -0.12957238622390993 0.13786885483567435
-0.10690553813199256 -0.14291156577949815 0.1630333078713267
-0.11702352938445586 -0.15592381304487266 0.18988701031536118
-0.12692381060208324 -0.16871730866809617 0.21833937622987865
-0.13656173106887162 -0.18124830165479802 0.24832373199041757
-0.14609696337196681 -0.1936769798998452 0.27976545573265904
-0.15444518707864952 -0.20491844133515874 0.3126901685586695
-0.16196304855725677 -0.2153295586026708 0.3468555273224298
-0.16899805993854786 -0.22525779997471496 0.382045442874924
-0.17563956641878212 -0.2347924944399104 0.41811903623076146
-0.1813502124881145 -0.24339684509078263 0.4549888238238678
-0.18760157605700412 -0.2525413882384862 0.49237301399597616
-0.19266213696149082 -0.26049512125866103 0.5304276282890726
-0.1958869286706426 -0.26661321527751586 0.5689769161604782
-0.1990760479855631 -0.27269542878662595 0.6075221836093028
-0.2023159219214491 -0.2788285062547776 0.645934747735181
-0.20535420575171562 -0.2847600049021036 0.6841650945028144
-0.20907875270230716 -0.2913782899385352 0.7220893727458358
-0.21026979583742172 -0.2954627426419658 0.760000332962305
-0.21216302241611182 -0.30024919833348773 0.7972026019939411
-0.21387537119649574 -0.3048547685898066 0.8337532993795623
-0.21624348062726748 -0.3101160443249566 0.8695259591180539
-0.21808632359914212 -0.3148520560967981 0.9047138897911126
-0.21869692088952822 -0.3183555698488695 0.9392862128150372
-0.2204998171350138 -0.3230561742726181 0.9728448060026068
-0.2193758876497161 -0.3248254810890226 1.0059359842053204
-0.2173065495819891 -0.3256501162954595 1.0378600015010853
-0.21557443435432738 -0.3268113817041019 1.068214116401677
-0.21322772305272897 -0.3273580243129706 1.097067236556918
-0.2120329936948235 -0.3290566560726491 1.1241569083951
-0.20921319100137437 -0.32913321697637477 1.1500185253239439
-0.20545922471679623 -0.32827254323189586 1.1743597167749147
-0.20071667690476214 -0.32642327330476806 1.1970232200805366
-0.1948688732744014 -0.32346875878496023 1.217852523979735
-0.1876895977063393 -0.3191828603919807 1.2366625258180421
-0.1811123782976914 -0.315498999167134 1.2530458295929823
-0.17220575852571166 -0.3094856482988486 1.2676780281753088
-0.15807868798070196 -0.2982518657463932 1.280569490036433
-0.14278915993166597 -0.28585558355531615 1.290072112446154
-0.12299005048292615 -0.26894971531238976 1.2963905247680962
-0.09895537533317153 -0.24780822678688558 1.298965118681106
-0.05174709214134154 -0.20349318566577415 1.3003166482836281
0.0657454944369897 -0.08889508778210221 1.3008570497264245
0.708678019869422 0.5511366257510311 1.3025336548401778
0.7084163042218732 -0.5508749262251414 1.256903616334624
0.06533364800770297 0.08930686582511234 1.2550777845637788
-0.05228366339660798 0.2040296949673521 1.2543158566947679
-0.09977447591803654 0.24862728674083606 1.2526484254720442
-0.12619518476193475 0.272154824609122 1.2491019566386952
-0.1437536563610891 0.28682004097759706 1.243412049048913
-0.1548098269374866 0.2949829569845691 1.2360548010198125
-0.1689148527429724 0.30619470506782254 1.2248899201070702
-0.17612499231641654 0.31051156744183384 1.2124075973062498
-0.18389996465016908 0.3153931692312787 1.1974835327854683
-0.1918206995142859 0.32042053688823463 1.1799770097601607
-0.1983656986584128 0.32407226930002436 1.1603306256916177
-0.2037505593868235 0.32656382779490095 1.1387667301667916
-0.2080531929863358 0.327973174098603 1.1154810537793332
-0.21067666036335028 0.3277002590201899 1.0907741608639143
-0.21407636038733524 0.328206607233523 1.0642297312653448
-0.21669015100523192 0.3279270415374432 1.0361195783941204
-0.2187668301992617 0.3271103599365004 1.006531461008494
-0.22120096753090318 0.3266505286565 0.9753753936935172
-0.22275972283319845 0.3253160451105226 0.9430085339706432
-0.22225922923997374 0.32191787134057126 0.9099422433445834
-0.22113069495506965 0.31789640765581706 0.876192821715079
-0.21891216436432476 0.3127847024976467 0.8419585459779889
-0.2162160448993123 0.30719541752707463 0.807235131208405
-0.21419707691962955 0.30228323184271316 0.7718237755048737
-0.21199054061536435 0.2971834555710503 0.735844764442348
-0.21016899915608098 0.2924685279659112 0.6992884982392698
-0.20686903717945382 0.28627482008996424 0.6625792030416688
-0.20311384743961744 0.27962641613395767 0.6257461681613161
-0.19999349308431108 0.2736128513567862 0.5886523195996235
-0.1968647432344625 0.26759101535844304 0.5514102460779045
-0.19367485931603845 0.26150782516698207 0.5141595955513169
-0.1882685878916997 0.25320838460893846 0.47744345464134375
-0.18240018421194754 0.24444680414630854 0.4412528338417585
-0.17693407794608373 0.23608698987634102 0.40551593247000656
-0.17062743583491946 0.22688717198658767 0.37049716205202826
-0.16337285234200533 0.21673935329533528 0.33639578794074615
-0.15623019692583962 0.2067034443135838 0.30320525314431723
-0.1473750949093209 0.19495511464412413 0.27133845691917063
-0.13792920444374535 0.18261577197716594 0.24085295112666302
-0.128183293836437 0.16997678336289943 0.2117948173188163
-0.1181867750702531 0.1570870481450828 0.1842254741616145
-0.10790724457221702 0.14391326118965847 0.15821965358851717
-0.09741964107174259 0.13053229915655196 0.13383360301797617
-0.08676696068638534 0.1169861857047209 0.11111434376873812
-0.07585722629537567 0.10318292899451871 0.09012142508122345
-0.06465337735476756 0.08908562162598765 0.07088872035985552
-0.05320030878950929 0.0747389564340641 0.053369721192790265
-0.04095786985533287 0.059603340773906145 0.03746351340349764
-0.026283545211649603 0.042035791764687296 0.02265719467365879
-0.02591834125559078 -0.04167059745766178 0.02320668949047615
-0.04046229523292709 -0.05910777566945427 0.03846788881689989
-0.05261216953953998 -0.07415082453213163 0.05486657005253122
-0.06395799761297748 -0.0883902518724598 0.07293830331798123
-0.07501480376915753 -0.10234051764035958 0.09278165804337962
-0.0858961148807285 -0.11611534917141733 0.1144260310227742
-0.09645971461074622 -0.12957238622390993 0.13786885483567435
-0.10690553813199256 -0.14291156577949815 0.1630333078713267
-0.11702352938445586 -0.15592381304487266 0.18988701031536118
-0.12692381060208324 -0.16871730866809617 0.21833937622987865
-0.13656173106887162 -0.18124830165479802 0.24832373199041757
-0.14609696337196681 -0.1936769798998452 0.27976545573265904
-0.15444518707864952 -0.20491844133515874 0.3126901685586695
-0.16196304855725677 -0.2153295586026708 0.3468555273224298
-0.16899805993854786 -0.22525779997471496 0.382045442874924
-0.17563956641878212 -0.2347924944399104 0.41811903623076146
-0.1813502124881145 -0.24339684509078263 0.4549888238238678
-0.18760157605700412 -0.2525413882384862 0.49237301399597616
-0.19266213696149082 -0.26049512125866103 0.5304276282890726
-0.1958869286706426 -0.26661321527751586 0.5689769161604782
-0.1990760479855631 -0.27269542878662595 0.6075221836093028
-0.2023159219214491 -0.2788285062547776 0.645934747735181
-0.20535420575171562 -0.2847600049021036 0.6841650945028144
-0.20907875270230716 -0.2913782899385352 0.7220893727458358
-0.21026979583742172 -0.2954627426419658 0.760000332962305
-0.21216302241611182 -0.30024919833348773 0.7972026019939411
-0.21387537119649574 -0.3048547685898066 0.8337532993795623
-0.21624348062726748 -0.3101160443249566 0.8695259591180539
-0.21808632359914212 -0.3148520560967981 0.9047138897911126
-0.21869692088952822 -0.3183555698488695 0.9392862128150372
-0.2204998171350138 -0.3230561742726181 0.9728448060026068
-0.2193758876497161 -0.3248254810890226 1.0059359842053204
-0.2173065495819891 -0.3256501162954595 1.0378600015010853
-0.21557443435432738 -0.3268113817041019 1.068214116401677
-0.21322772305272897 -0.3273580243129706 1.097067236556918
-0.2120329936948235 -0.3290566560726491 1.1241569083951
-0.20921319100137437 -0.32913321697637477 1.1500185253239439
-0.20545922471679623 -0.32827254323189586 1.1743597167749147
-0.20071667690476214 -0.32642327330476806 1.1970232200805366
-0.1948688732744014 -0.32346875878496023 1.217852523979735
-0.1876895977063393 -0.3191828603919807 1.2366625258180421
-0.1811123782976914 -0.315498999167134 1.2530458295929823
-0.17220575852571166 -0.3094856482988486 1.2676780281753088
-0.15807868798070196 -0.2982518657463932 1.280569490036433
-0.14278915993166597 -0.28585558355531615 1.290072112446154
-0.12299005048292615 -0.26894971531238976 1.2963905247680962
-0.09895537533317153 -0.24780822678688558 1.298965118681106
-0.05174709214134154 -0.20349318566577415 1.3003166482836281
0.0657454944369897 -0.08889508778210221 1.3008570497264245
0.708678019869422 0.5511366257510311 1.3025336548401778
0.7084163042218732 -0.5508749262251414 1.256903616334624
0.06533364800770297 0.08930686582511234 1.2550777845637788
-0.05228366339660798 0.2040296949673521 1.2543158566947679
-0.09977447591803654 0.24862728674083606 1.2526484254720442
-0.12619518476193475 0.272154824609122 1.2491019566386952
-0.1437536563610891 0.28682004097759706 1.243412049048913
-0.1548098269374866 0.2949829569845691 1.2360548010198125
-0.1689148527429724 0.30619470506782254 1.2248899201070702
-0.17612499231641654 0.31051156744183384 1.2124075973062498
-0.18389996465016908 0.3153931692312787 1.1974835327854683
-0.1918206995142859 0.32042053688823463 1.1799770097601607
-0.1983656986584128 0.32407226930002436 1.1603306256916177
-0.2037505593868235 0.32656382779490095 1.1387667301667916
-0.2080531929863358 0.327973174098603 1.1154810537793332
-0.21067666036335028 0.3277002590201899 1.0907741608639143
-0.21407636038733524 0.328206607233523 1.0642297312653448
-0.21669015100523192 0.3279270415374432 1.0361195783941204
-0.2187668301992617 0.3271103599365004 1.006531461008494
-0.22120096753090318 0.3266505286565 0.9753753936935172
-0.22275972283319845 0.3253160451105226 0.9430085339706432
-0.22225922923997374 0.32191787134057126 0.9099422433445834
-0.22113069495506965 0.31789640765581706 0.876192821715079
-0.21891216436432476 0.3127847024976467 0.8419585459779889
-0.2162160448993123 0.30719541752707463 0.807235131208405
-0.21419707691962955 0.30228323184271316 0.7718237755048737
-0.21199054061536435 0.2971834555710503 0.735844764442348
-0.21016899915608098 0.2924685279659112 0.6992884982392698
-0.20686903717945382 0.28627482008996424 0.6625792030416688
-0.20311384743961744 0.27962641613395767 0.6257461681613161
-0.19999349308431108 0.2736128513567862 0.5886523195996235
-0.1968647432344625 0.26759101535844304 0.5514102460779045
-0.19367485931603845 0.26150782516698207 0.5141595955513169
-0.1882685878916997 0.25320838460893846 0.47744345464134375
-0.18240018421194754 0.24444680414630854 0.4412528338417585
-0.17693407794608373 0.23608698987634102 0.40551593247000656
-0.17062743583491946 0.22688717198658767 0.37049716205202826
-0.16337285234200533 0.21673935329533528 0.33639578794074615
-0.15623019692583962 0.2067034443135838 0.30320525314431723
-0.1473750949093209 0.19495511464412413 0.27133845691917063
-0.13792920444374535 0.18261577197716594 0.24085295112666302
-0.128183293836437 0.16997678336289943 0.2117948173188163
-0.1181867750702531 0.1570870481450828 0.1842254741616145
-0.10790724457221702 0.14391326118965847 0.15821965358851717
-0.09741964107174259 0.13053229915655196 0.13383360301797617
-0.08676696068638534 0.1169861857047209 0.11111434376873812
-0.07585722629537567 0.10318292899451871 0.09012142508122345
-0.06465337735476756 0.08908562162598765 0.07088872035985552
-0.05320030878950929 0.0747389564340641 0.053369721192790265
-0.04095786985533287 0.059603340773906145 0.03746351340349764
-0.026283545211649603 0.042035791764687296 0.02265719467365879

VECTORS Vvpm_AB float
0.16222524642944336 0.17227885127067566 -0.7237226963043213
0.16222673654556274 0.17227891087532043 -0.7237271666526794
0.162228524684906 0.1722792685031891 -0.7237344980239868
0.16221751272678375 0.17228065431118011 -0.7237094640731812
0.1622118204832077 0.17228193581104279 -0.7236987352371216
0.1622062772512436 0.1722823977470398 -0.7236865162849426
0.16220316290855408 0.17228330671787262 -0.723680853843689
0.16220194101333618 0.17228375375270844 -0.7236800789833069
0.16218475997447968 0.17228512465953827 -0.723638653755188
0.16218751668930054 0.17228484153747559 -0.723646879196167
0.16219237446784973 0.17228403687477112 -0.7236596345901489
0.162192240357399 0.17228233814239502 -0.7236570119857788
0.16219520568847656 0.1722812056541443 -0.7236619591712952
0.16219773888587952 0.17228014767169952 -0.7236657738685608
0.1622011363506317 0.17227862775325775 -0.7236700057983398
0.1622033268213272 0.17227797210216522 -0.7236750721931458
0.1622011363506317 0.17227554321289062 -0.7236649990081787
0.1622033715248108 0.1722750961780548 -0.7236700654029846
0.16220545768737793 0.17227470874786377 -0.7236748933792114
0.16220739483833313 0.1722732037305832 -0.7236760854721069
0.16221129894256592 0.17227226495742798 -0.723682165145874
0.16221266984939575 0.1722719818353653 -0.7236852645874023
0.16221356391906738 0.17227183282375336 -0.7236878871917725
0.1622113585472107 0.17226892709732056 -0.7236791253089905
0.16221264004707336 0.17226725816726685 -0.7236777544021606
0.16221317648887634 0.17226707935333252 -0.7236800789833069
0.16221371293067932 0.1722671389579773 -0.7236824035644531
0.16221551597118378 0.1722666472196579 -0.723685622215271
0.1622169464826584 0.17226648330688477 -0.7236886024475098
0.16222165524959564 0.17226473987102509 -0.7236958742141724
0.16219693422317505 0.17226234078407288 -0.7236204147338867
0.16219893097877502 0.17226187884807587 -0.7236238121986389
0.16220000386238098 0.17225836217403412 -0.7236150503158569
0.16220040619373322 0.17225836217403412 -0.7236161231994629
0.1622006595134735 0.17225857079029083 -0.7236175537109375
0.16220107674598694 0.17225828766822815 -0.7236188054084778
0.1621897667646408 0.1722497195005417 -0.7235758900642395
0.16219119727611542 0.17224939167499542 -0.7235790491104126
0.1621924489736557 0.17224937677383423 -0.7235822677612305
0.1621938943862915 0.17224906384944916 -0.7235851883888245
0.16219350695610046 0.1722494512796402 -0.7235867977142334
0.16219279170036316 0.17224949598312378 -0.7235885858535767
0.1621936857700348 0.1722494214773178 -0.7235914468765259
0.16219466924667358 0.17224939167499542 -0.7235939502716064
0.1621955931186676 0.17224939167499542 -0.7235968708992004
0.16219651699066162 0.1722491979598999 -0.7235997319221497
0.16219842433929443 0.1722489446401596 -0.7236031293869019
0.16219928860664368 0.17224891483783722 -0.723605751991272
0.16219347715377808 0.17224985361099243 -0.723594069480896
0.16217206418514252 0.1722363829612732 -0.7235121130943298
0.1621713936328888 0.1722363382577896 -0.7235122919082642
0.16219162940979004 0.17224948108196259 -0.7235948443412781
0.1621975302696228 0.17224831879138947 -0.7236064672470093
0.1621965765953064 0.17224840819835663 -0.7236036062240601
0.1621948778629303 0.17224858701229095 -0.7236000299453735
0.16219401359558105 0.17224851250648499 -0.7235973477363586
0.16219303011894226 0.1722487211227417 -0.7235945463180542
0.1621919870376587 0.17224904894828796 -0.7235919237136841
0.16219118237495422 0.172248974442482 -0.7235891819000244
0.1621919572353363 0.17224881052970886 -0.7235875725746155
0.1621922254562378 0.17224884033203125 -0.723585844039917
0.16219089925289154 0.1722489446401596 -0.7235826253890991
0.16218967735767365 0.17224912345409393 -0.7235797643661499
0.16218827664852142 0.1722491979598999 -0.723576545715332
0.16219860315322876 0.17225733399391174 -0.7236197590827942
0.16219821572303772 0.172257661819458 -0.7236183881759644
0.16219782829284668 0.172257661819458 -0.7236170172691345
0.16219761967658997 0.1722577065229416 -0.7236156463623047
0.16219741106033325 0.17226147651672363 -0.7236243486404419
0.16219574213027954 0.17226175963878632 -0.7236210107803345
0.16222068667411804 0.17226442694664001 -0.7236959934234619
0.1622156798839569 0.1722659170627594 -0.7236889600753784
0.1622142195701599 0.17226630449295044 -0.7236860990524292
0.1622125208377838 0.1722666323184967 -0.7236828804016113
0.16221199929714203 0.17226673662662506 -0.7236804962158203
0.16221138834953308 0.1722668558359146 -0.7236784100532532
0.1622106432914734 0.17226888239383698 -0.7236793041229248
0.16221235692501068 0.17227129638195038 -0.7236882448196411
0.1622115671634674 0.17227160930633545 -0.723685622215271
0.162210151553154 0.17227201163768768 -0.723682701587677
0.16220596432685852 0.17227302491664886 -0.7236764430999756
0.16220450401306152 0.1722744107246399 -0.7236753702163696
0.1622023731470108 0.17227494716644287 -0.723670482635498
0.1622002273797989 0.1722753643989563 -0.7236653566360474
0.16220229864120483 0.17227782309055328 -0.723675549030304
0.1621999740600586 0.17227832973003387 -0.7236701250076294
0.1621967852115631 0.17227976024150848 -0.7236660718917847
0.16219462454319 0.17228102684020996 -0.7236621975898743
0.1621919721364975 0.17228221893310547 -0.7236568927764893
0.16219185292720795 0.17228391766548157 -0.7236597537994385
0.16218647360801697 0.172284334897995 -0.7236472368240356
0.16218364238739014 0.17228464782238007 -0.7236391305923462
0.16220051050186157 0.17228324711322784 -0.7236806154251099
0.1622011661529541 0.17228254675865173 -0.7236815690994263
0.16220441460609436 0.17228201031684875 -0.7236870527267456
0.16220957040786743 0.17228101193904877 -0.7236994504928589
0.16221529245376587 0.17228008806705475 -0.7237101793289185
0.16222625970840454 0.17227865755558014 -0.7237350940704346
0.1622244417667389 0.17227812111377716 -0.7237280607223511
0.1622225046157837 0.17227792739868164 -0.7237237691879272
0.16222524642944336 0.17227885127067566 -0.7237226963043213
0.16222673654556274 0.17227891087532043 -0.7237271666526794
0.162228524684906 0.1722792685031891 -0.7237344980239868
0.16221751272678375 0.17228065431118011 -0.7237094640731812
0.1622118204832077 0.17228193581104279 -0.7236987352371216
0.1622062772512436 0.1722823977470398 -0.7236865162849426
0.16220316290855408 0.17228330671787262 -0.723680853843689
0.16220194101333618 0.17228375375270844 -0.7236800789833069
0.16218475997447968 0.17228512465953827 -0.723638653755188
0.16218751668930054 0.17228484153747559 -0.723646879196167
0.16219237446784973 0.17228403687477112 -0.7236596345901489
0.162192240357399 0.17228233814239502 -0.7236570119857788
0.16219520568847656 0.1722812056541443 -0.7236619591712952
0.16219773888587952 0.17228014767169952 -0.7236657738685608
0.1622011363506317 0.17227862775325775 -0.7236700057983398
0.1622033268213272 0.17227797210216522 -0.7236750721931458
0.1622011363506317 0.17227554321289062 -0.7236649990081787
0.1622033715248108 0.1722750961780548 -0.7236700654029846
0.16220545768737793 0.17227470874786377 -0.7236748933792114
0.16220739483833313 0.1722732037305832 -0.7236760854721069
0.16221129894256592 0.17227226495742798 -0.723682165145874
0.16221266984939575 0.1722719818353653 -0.7236852645874023
0.16221356391906738 0.17227183282375336 -0.7236878871917725
0.1622113585472107 0.17226892709732056 -0.7236791253089905
0.16221264004707336 0.17226725816726685 -0.7236777544021606
0.16221317648887634 0.17226707935333252 -0.7236800789833069
0.16221371293067932 0.1722671389579773 -0.7236824035644531
0.16221551597118378 0.1722666472196579 -0.723685622215271
0.1622169464826584 0.17226648330688477 -0.7236886024475098
0.16222165524959564 0.17226473987102509 -0.7236958742141724
0.16219693422317505 0.17226234078407288 -0.7236204147338867
0.16219893097877502 0.17226187884807587 -0.7236238121986389
0.16220000386238098 0.17225836217403412 -0.7236150503158569
0.16220040619373322 0.17225836217403412 -0.7236161231994629
0.1622006595134735 0.17225857079029083 -0.7236175537109375
0.16220107674598694 0.17225828766822815 -0.7236188054084778
0.1621897667646408 0.1722497195005417 -0.7235758900642395
0.16219119727611542 0.17224939167499542 -0.7235790491104126
0.1621924489736557 0.17224937677383423 -0.7235822677612305
0.1621938943862915 0.17224906384944916 -0.7235851883888245
0.16219350695610046 0.1722494512796402 -0.7235867977142334
0.16219279170036316 0.17224949598312378 -0.7235885858535767
0.1621936857700348 0.1722494214773178 -0.7235914468765259
0.16219466924667358 0.17224939167499542 -0.7235939502716064
0.1621955931186676 0.17224939167499542 -0.7235968708992004
0.16219651699066162 0.1722491979598999 -0.7235997319221497
0.16219842433929443 0.1722489446401596 -0.7236031293869019
0.16219928860664368 0.17224891483783722 -0.723605751991272
0.16219347715377808 0.17224985361099243 -0.723594069480896
0.16217206418514252 0.1722363829612732 -0.7235121130943298
0.1621713936328888 0.1722363382577896 -0.7235122919082642
0.16219162940979004 0.17224948108196259 -0.7235948443412781
0.1621975302696228 0.17224831879138947 -0.7236064672470093
0.1621965765953064 0.17224840819835663 -0.7236036062240601
0.1621948778629303 0.17224858701229095 -0.7236000299453735
0.16219401359558105 0.17224851250648499 -0.7235973477363586
0.16219303011894226 0.1722487211227417 -0.7235945463180542
0.1621919870376587 0.17224904894828796 -0.7235919237136841
0.16219118237495422 0.172248974442482 -0.7235891819000244
0.1621919572353363 0.17224881052970886 -0.7235875725746155
0.1621922254562378 0.17224884033203125 -0.723585844039917
0.16219089925289154 0.1722489446401596 -0.7235826253890991
0.16218967735767365 0.17224912345409393 -0.7235797643661499
0.16218827664852142 0.1722491979598999 -0.723576545715332
0.16219860315322876 0.17225733399391174 -0.7236197590827942
0.16219821572303772 0.172257661819458 -0.7236183881759644
0.16219782829284668 0.172257661819458 -0.7236170172691345
0.16219761967658997 0.1722577065229416 -0.7236156463623047
0.16219741106033325 0.17226147651672363 -0.7236243486404419
0.16219574213027954 0.17226175963878632 -0.7236210107803345
0.16222068667411804 0.17226442694664001 -0.7236959934234619
0.1622156798839569 0.1722659170627594 -0.7236889600753784
0.1622142195701599 0.17226630449295044 -0.7236860990524292
0.1622125208377838 0.1722666323184967 -0.7236828804016113
0.16221199929714203 0.17226673662662506 -0.7236804962158203
0.16221138834953308 0.1722668558359146 -0.7236784100532532
0.1622106432914734 0.17226888239383698 -0.7236793041229248
0.16221235692501068 0.17227129638195038 -0.7236882448196411
0.1622115671634674 0.17227160930633545 -0.723685622215271
0.162210151553154 0.17227201163768768 -0.723682701587677
0.16220596432685852 0.17227302491664886 -0.7236764430999756
0.16220450401306152 0.1722744107246399 -0.7236753702163696
0.1622023731470108 0.17227494716644287 -0.723670482635498
0.1622002273797989 0.1722753643989563 -0.7236653566360474
0.16220229864120483 0.17227782309055328 -0.723675549030304
0.1621999740600586 0.17227832973003387 -0.7236701250076294
0.1621967852115631 0.17227976024150848 -0.7236660718917847
0.16219462454319 0.17228102684020996 -0.7236621975898743
0.1621919721364975 0.17228221893310547 -0.7236568927764893
0.16219185292720795 0.17228391766548157 -0.7236597537994385
0.16218647360801697 0.172284334897995 -0.7236472368240356
0.16218364238739014 0.17228464782238007 -0.7236391305923462
0.16220051050186157 0.17228324711322784 -0.7236806154251099
0.1622011661529541 0.17228254675865173 -0.7236815690994263
0.16220441460609436 0.17228201031684875 -0.7236870527267456
0.16220957040786743 0.17228101193904877 -0.7236994504928589
0.16221529245376587 0.17228008806705475 -0.7237101793289185
0.16222625970840454 0.17227865755558014 -0.7237350940704346
0.1622244417667389 0.17227812111377716 -0.7237280607223511
0.1622225046157837 0.17227792739868164 -0.7237237691879272