# vtk DataFile Version 4.0
[MyVLM domain - lattices] 
ASCII
DATASET UNSTRUCTURED_GRID
POINTS 302 float
1.2444999999999997 -1.2445 0.0
1.2399745454545452 -1.2399745454545454 0.0
1.2346178849721705 -1.2346178849721707 0.0
1.2284300185528754 -1.2284300185528756 0.0
1.2214109461966602 -1.2214109461966605 0.0
1.2135606679035247 -1.213560667903525 0.0
1.2048791836734691 -1.2048791836734694 0.0
1.1953664935064932 -1.1953664935064934 0.0
1.1850225974025972 -1.1850225974025974 0.0
1.1738474953617808 -1.173847495361781 0.0
1.1618411873840442 -1.1618411873840444 0.0
1.1490036734693874 -1.1490036734693876 0.0
1.1353349536178106 -1.1353349536178108 0.0
1.1208350278293133 -1.1208350278293135 0.0
1.1055038961038959 -1.105503896103896 0.0
1.0893415584415582 -1.0893415584415584 0.0
1.0723480148423004 -1.0723480148423006 0.0
1.054523265306122 -1.0545232653061223 0.0
1.0358673098330238 -1.035867309833024 0.0
1.0163801484230053 -1.0163801484230055 0.0
0.9960617810760664 -0.9960617810760668 0.0
0.9749122077922076 -0.9749122077922077 0.0
0.9529314285714284 -0.9529314285714284 0.0
0.9301194434137288 -0.930119443413729 0.0
0.9064762523191091 -0.9064762523191096 0.0
0.8820018552875695 -0.8820018552875695 0.0
0.8566962523191093 -0.8566962523191094 0.0
0.8305594434137288 -0.8305594434137291 0.0
0.8035914285714284 -0.8035914285714285 0.0
0.7757922077922076 -0.7757922077922077 0.0
0.7471617810760666 -0.7471617810760667 0.0
0.7177001484230053 -0.7177001484230054 0.0
0.6874073098330239 -0.687407309833024 0.0
0.6562832653061222 -0.6562832653061225 0.0
0.6243280148423004 -0.6243280148423005 0.0
0.5915415584415582 -0.5915415584415583 0.0
0.5579238961038958 -0.5579238961038959 0.0
0.5234750278293133 -0.5234750278293134 0.0
0.48819495361781057 -0.48819495361781057 0.0
0.4520836734693877 -0.4520836734693877 0.0
0.4151411873840445 -0.4151411873840446 0.0
0.37736749536178105 -0.37736749536178116 0.0
0.3387625974025974 -0.3387625974025974 0.0
0.2993264935064933 -0.29932649350649343 0.0
0.25905918367346925 -0.25905918367346925 0.0
0.21796066790352486 -0.21796066790352486 0.0
0.17603094619666027 -0.1760309461966605 0.0
0.13327001855287546 -0.13327001855287568 0.0
0.08967788497217066 -0.08967788497217066 0.0
0.045254545454545436 -0.045254545454545436 0.0
0.0 0.0 0.0
0.04525454545454545 0.04525454545454546 0.0
0.08967788497217066 0.08967788497217068 0.0
0.13327001855287568 0.1332700185528757 0.0
0.17603094619666046 0.1760309461966605 0.0
0.21796066790352497 0.21796066790352508 0.0
0.2590591836734693 0.25905918367346936 0.0
0.29932649350649343 0.2993264935064935 0.0
0.3387625974025973 0.33876259740259734 0.0
0.37736749536178094 0.377367495361781 0.0
0.41514118738404443 0.4151411873840445 0.0
0.45208367346938766 0.4520836734693878 0.0
0.48819495361781057 0.4881949536178107 0.0
0.5234750278293133 0.5234750278293134 0.0
0.5579238961038959 0.557923896103896 0.0
0.5915415584415582 0.5915415584415583 0.0
0.6243280148423003 0.6243280148423004 0.0
0.6562832653061222 0.6562832653061225 0.0
0.687407309833024 0.6874073098330241 0.0
0.7177001484230054 0.7177001484230056 0.0
0.7471617810760667 0.7471617810760669 0.0
0.7757922077922076 0.7757922077922077 0.0
0.8035914285714284 0.8035914285714285 0.0
0.8305594434137288 0.830559443413729 0.0
0.8566962523191093 0.8566962523191094 0.0
0.8820018552875692 0.8820018552875695 0.0
0.9064762523191091 0.9064762523191093 0.0
0.9301194434137288 0.9301194434137292 0.0
0.9529314285714284 0.9529314285714284 0.0
0.9749122077922076 0.9749122077922077 0.0
0.9960617810760666 0.9960617810760668 0.0
1.0163801484230053 1.0163801484230055 0.0
1.0358673098330238 1.035867309833024 0.0
1.054523265306122 1.0545232653061223 0.0
1.0723480148423001 1.0723480148423004 0.0
1.0893415584415582 1.0893415584415584 0.0
1.1055038961038959 1.105503896103896 0.0
1.120835027829313 1.1208350278293133 0.0
1.1353349536178106 1.1353349536178106 0.0
1.1490036734693874 1.1490036734693876 0.0
1.1618411873840444 1.1618411873840446 0.0
1.1738474953617808 1.173847495361781 0.0
1.1850225974025972 1.1850225974025972 0.0
1.1953664935064932 1.1953664935064934 0.0
1.2048791836734691 1.2048791836734694 0.0
1.2135606679035245 1.2135606679035247 0.0
1.22141094619666 1.2214109461966602 0.0
1.2284300185528754 1.2284300185528756 0.0
1.2346178849721703 1.2346178849721705 0.0
1.2399745454545452 1.2399745454545454 0.0
1.2444999999999997 1.2445 0.0
1.7422999999999997 -1.2445 0.0
1.7377745454545452 -1.2399745454545454 0.0
1.7324178849721703 -1.2346178849721707 0.0
1.7262300185528754 -1.2284300185528756 0.0
1.7192109461966603 -1.2214109461966605 0.0
1.7113606679035245 -1.213560667903525 0.0
1.7026791836734692 -1.2048791836734694 0.0
1.6931664935064934 -1.1953664935064934 0.0
1.6828225974025972 -1.1850225974025974 0.0
1.6716474953617806 -1.173847495361781 0.0
1.6596411873840444 -1.1618411873840444 0.0
1.6468036734693878 -1.1490036734693876 0.0
1.6331349536178106 -1.1353349536178108 0.0
1.6186350278293133 -1.1208350278293135 0.0
1.603303896103896 -1.105503896103896 0.0
1.5871415584415582 -1.0893415584415584 0.0
1.5701480148423004 -1.0723480148423006 0.0
1.552323265306122 -1.0545232653061223 0.0
1.5336673098330238 -1.035867309833024 0.0
1.5141801484230053 -1.0163801484230055 0.0
1.4938617810760666 -0.9960617810760668 0.0
1.4727122077922075 -0.9749122077922077 0.0
1.4507314285714283 -0.9529314285714284 0.0
1.4279194434137288 -0.930119443413729 0.0
1.4042762523191092 -0.9064762523191096 0.0
1.3798018552875693 -0.8820018552875695 0.0
1.3544962523191093 -0.8566962523191094 0.0
1.328359443413729 -0.8305594434137291 0.0
1.3013914285714283 -0.8035914285714285 0.0
1.2735922077922077 -0.7757922077922077 0.0
1.2449617810760665 -0.7471617810760667 0.0
1.2155001484230055 -0.7177001484230054 0.0
1.1852073098330238 -0.687407309833024 0.0
1.1540832653061224 -0.6562832653061225 0.0
1.1221280148423003 -0.6243280148423005 0.0
1.0893415584415582 -0.5915415584415583 0.0
1.055723896103896 -0.5579238961038959 0.0
1.0212750278293132 -0.5234750278293134 0.0
0.9859949536178108 -0.48819495361781057 0.0
0.9498836734693876 -0.4520836734693877 0.0
0.9129411873840445 -0.4151411873840446 0.0
0.875167495361781 -0.37736749536178116 0.0
0.8365625974025973 -0.3387625974025974 0.0
0.7971264935064933 -0.29932649350649343 0.0
0.7568591836734693 -0.25905918367346925 0.0
0.7157606679035249 -0.21796066790352486 0.0
0.6738309461966603 -0.1760309461966605 0.0
0.6310700185528755 -0.13327001855287568 0.0
0.5874778849721707 -0.08967788497217066 0.0
0.5430545454545455 -0.045254545454545436 0.0
0.4978 0.0 0.0
0.5430545454545455 0.04525454545454546 0.0
0.5874778849721707 0.08967788497217068 0.0
0.6310700185528757 0.1332700185528757 0.0
0.6738309461966605 0.1760309461966605 0.0
0.715760667903525 0.21796066790352508 0.0
0.7568591836734693 0.25905918367346936 0.0
0.7971264935064934 0.2993264935064935 0.0
0.8365625974025973 0.33876259740259734 0.0
0.875167495361781 0.377367495361781 0.0
0.9129411873840445 0.4151411873840445 0.0
0.9498836734693876 0.4520836734693878 0.0
0.9859949536178105 0.4881949536178107 0.0
1.0212750278293132 0.5234750278293134 0.0
1.055723896103896 0.557923896103896 0.0
1.0893415584415582 0.5915415584415583 0.0
1.1221280148423003 0.6243280148423004 0.0
1.1540832653061224 0.6562832653061225 0.0
1.185207309833024 0.6874073098330241 0.0
1.2155001484230055 0.7177001484230056 0.0
1.2449617810760667 0.7471617810760669 0.0
1.2735922077922077 0.7757922077922077 0.0
1.3013914285714283 0.8035914285714285 0.0
1.3283594434137287 0.830559443413729 0.0
1.3544962523191093 0.8566962523191094 0.0
1.3798018552875693 0.8820018552875695 0.0
1.4042762523191092 0.9064762523191093 0.0
1.427919443413729 0.9301194434137292 0.0
1.4507314285714283 0.9529314285714284 0.0
1.4727122077922075 0.9749122077922077 0.0
1.4938617810760666 0.9960617810760668 0.0
1.5141801484230053 1.0163801484230055 0.0
1.5336673098330238 1.035867309833024 0.0
1.552323265306122 1.0545232653061223 0.0
1.5701480148423002 1.0723480148423004 0.0
1.5871415584415582 1.0893415584415584 0.0
1.603303896103896 1.105503896103896 0.0
1.6186350278293131 1.1208350278293133 0.0
1.6331349536178106 1.1353349536178106 0.0
1.6468036734693874 1.1490036734693876 0.0
1.6596411873840444 1.1618411873840446 0.0
1.6716474953617806 1.173847495361781 0.0
1.6828225974025972 1.1850225974025972 0.0
1.6931664935064934 1.1953664935064934 0.0
1.7026791836734692 1.2048791836734694 0.0
1.7113606679035245 1.2135606679035247 0.0
1.71921094619666 1.2214109461966602 0.0
1.7262300185528754 1.2284300185528756 0.0
1.7324178849721703 1.2346178849721705 0.0
1.7377745454545452 1.2399745454545454 0.0
1.7422999999999997 1.2445 0.0
1.6155872727272724 -1.2422372727272726 0.0
1.6106462152133578 -1.237296215213358 0.0
1.604873951762523 -1.2315239517625232 0.0
1.598270482374768 -1.224920482374768 0.0
1.5908358070500925 -1.2174858070500927 0.0
1.582569925788497 -1.2092199257884972 0.0
1.5734728385899812 -1.2001228385899814 0.0
1.5635445454545454 -1.1901945454545453 0.0
1.552785046382189 -1.1794350463821892 0.0
1.5411943413729126 -1.1678443413729127 0.0
1.5287724304267158 -1.155422430426716 0.0
1.5155193135435991 -1.142169313543599 0.0
1.501434990723562 -1.1280849907235622 0.0
1.4865194619666047 -1.1131694619666048 0.0
1.4707727272727271 -1.0974227272727273 0.0
1.4541947866419294 -1.0808447866419293 0.0
1.4367856400742112 -1.0634356400742113 0.0
1.418545287569573 -1.0451952875695731 0.0
1.3994737291280146 -1.0261237291280147 0.0
1.379570964749536 -1.0062209647495362 0.0
1.358836994434137 -0.9854869944341371 0.0
1.337271818181818 -0.9639218181818181 0.0
1.3148754359925787 -0.9415254359925787 0.0
1.291647847866419 -0.9182978478664192 0.0
1.2675890538033394 -0.8942390538033393 0.0
1.2426990538033393 -0.8693490538033395 0.0
1.2169778478664193 -0.8436278478664192 0.0
1.1904254359925788 -0.8170754359925788 0.0
1.163041818181818 -0.7896918181818181 0.0
1.1348269944341371 -0.7614769944341371 0.0
1.105780964749536 -0.7324309647495362 0.0
1.0759037291280147 -0.7025537291280148 0.0
1.0451952875695731 -0.6718452875695733 0.0
1.0136556400742114 -0.6403056400742114 0.0
0.9812847866419293 -0.6079347866419293 0.0
0.9480827272727271 -0.5747327272727272 0.0
0.9140494619666047 -0.5406994619666048 0.0
0.8791849907235622 -0.5058349907235622 0.0
0.8434893135435992 -0.47013931354359917 0.0
0.8069624304267162 -0.43361243042671627 0.0
0.7696043413729128 -0.3962543413729128 0.0
0.7314150463821893 -0.3580650463821894 0.0
0.6923945454545455 -0.3190445454545454 0.0
0.6525428385899814 -0.27919283858998134 0.0
0.6118599257884971 -0.23850992578849706 0.0
0.5703458070500929 -0.19699580705009279 0.0
0.5280004823747682 -0.15465048237476808 0.0
0.4848239517625232 -0.11147395176252317 0.0
0.4408162152133581 -0.06746621521335805 0.0
0.39597727272727273 -0.022627272727272718 0.0
0.39597727272727273 0.02262727272727273 0.0
0.4408162152133581 0.06746621521335806 0.0
0.4848239517625232 0.11147395176252319 0.0
0.528000482374768 0.15465048237476808 0.0
0.5703458070500929 0.19699580705009276 0.0
0.6118599257884971 0.23850992578849717 0.0
0.6525428385899814 0.2791928385899814 0.0
0.6923945454545455 0.3190445454545454 0.0
0.7314150463821891 0.3580650463821891 0.0
0.7696043413729128 0.39625434137291277 0.0
0.8069624304267162 0.43361243042671616 0.0
0.8434893135435992 0.4701393135435992 0.0
0.8791849907235619 0.5058349907235621 0.0
0.9140494619666046 0.5406994619666047 0.0
0.9480827272727271 0.5747327272727272 0.0
0.9812847866419294 0.6079347866419295 0.0
1.0136556400742114 0.6403056400742114 0.0
1.0451952875695731 0.6718452875695732 0.0
1.0759037291280147 0.7025537291280147 0.0
1.105780964749536 0.7324309647495362 0.0
1.1348269944341371 0.7614769944341373 0.0
1.163041818181818 0.789691818181818 0.0
1.1904254359925786 0.8170754359925786 0.0
1.216977847866419 0.843627847866419 0.0
1.2426990538033393 0.8693490538033394 0.0
1.2675890538033392 0.8942390538033393 0.0
1.291647847866419 0.9182978478664192 0.0
1.3148754359925787 0.9415254359925787 0.0
1.3372718181818182 0.9639218181818181 0.0
1.3588369944341372 0.9854869944341373 0.0
1.379570964749536 1.0062209647495362 0.0
1.3994737291280148 1.0261237291280147 0.0
1.418545287569573 1.0451952875695731 0.0
1.4367856400742112 1.0634356400742113 0.0
1.4541947866419291 1.0808447866419293 0.0
1.470772727272727 1.097422727272727 0.0
1.4865194619666047 1.1131694619666048 0.0
1.501434990723562 1.128084990723562 0.0
1.5155193135435991 1.1421693135435993 0.0
1.528772430426716 1.1554224304267162 0.0
1.5411943413729128 1.1678443413729127 0.0
1.5527850463821888 1.179435046382189 0.0
1.5635445454545451 1.1901945454545453 0.0
1.573472838589981 1.2001228385899811 0.0
1.5825699257884969 1.209219925788497 0.0
1.5908358070500925 1.2174858070500927 0.0
1.5982704823747678 1.224920482374768 0.0
1.604873951762523 1.2315239517625232 0.0
1.6106462152133578 1.237296215213358 0.0
1.6155872727272724 1.2422372727272726 0.0

CELLS 200 700
4 0 101 102 1
4 1 102 103 2
4 2 103 104 3
4 3 104 105 4
4 4 105 106 5
4 5 106 107 6
4 6 107 108 7
4 7 108 109 8
4 8 109 110 9
4 9 110 111 10
4 10 111 112 11
4 11 112 113 12
4 12 113 114 13
4 13 114 115 14
4 14 115 116 15
4 15 116 117 16
4 16 117 118 17
4 17 118 119 18
4 18 119 120 19
4 19 120 121 20
4 20 121 122 21
4 21 122 123 22
4 22 123 124 23
4 23 124 125 24
4 24 125 126 25
4 25 126 127 26
4 26 127 128 27
4 27 128 129 28
4 28 129 130 29
4 29 130 131 30
4 30 131 132 31
4 31 132 133 32
4 32 133 134 33
4 33 134 135 34
4 34 135 136 35
4 35 136 137 36
4 36 137 138 37
4 37 138 139 38
4 38 139 140 39
4 39 140 141 40
4 40 141 142 41
4 41 142 143 42
4 42 143 144 43
4 43 144 145 44
4 44 145 146 45
4 45 146 147 46
4 46 147 148 47
4 47 148 149 48
4 48 149 150 49
4 49 150 151 50
4 50 151 152 51
4 51 152 153 52
4 52 153 154 53
4 53 154 155 54
4 54 155 156 55
4 55 156 157 56
4 56 157 158 57
4 57 158 159 58
4 58 159 160 59
4 59 160 161 60
4 60 161 162 61
4 61 162 163 62
4 62 163 164 63
4 63 164 165 64
4 64 165 166 65
4 65 166 167 66
4 66 167 168 67
4 67 168 169 68
4 68 169 170 69
4 69 170 171 70
4 70 171 172 71
4 71 172 173 72
4 72 173 174 73
4 73 174 175 74
4 74 175 176 75
4 75 176 177 76
4 76 177 178 77
4 77 178 179 78
4 78 179 180 79
4 79 180 181 80
4 80 181 182 81
4 81 182 183 82
4 82 183 184 83
4 83 184 185 84
4 84 185 186 85
4 85 186 187 86
4 86 187 188 87
4 87 188 189 88
4 88 189 190 89
4 89 190 191 90
4 90 191 192 91
4 91 192 193 92
4 92 193 194 93
4 93 194 195 94
4 94 195 196 95
4 95 196 197 96
4 96 197 198 97
4 97 198 199 98
4 98 199 200 99
4 99 200 201 100
1 202
1 203
1 204
1 205
1 206
1 207
1 208
1 209
1 210
1 211
1 212
1 213
1 214
1 215
1 216
1 217
1 218
1 219
1 220
1 221
1 222
1 223
1 224
1 225
1 226
1 227
1 228
1 229
1 230
1 231
1 232
1 233
1 234
1 235
1 236
1 237
1 238
1 239
1 240
1 241
1 242
1 243
1 244
1 245
1 246
1 247
1 248
1 249
1 250
1 251
1 252
1 253
1 254
1 255
1 256
1 257
1 258
1 259
1 260
1 261
1 262
1 263
1 264
1 265
1 266
1 267
1 268
1 269
1 270
1 271
1 272
1 273
1 274
1 275
1 276
1 277
1 278
1 279
1 280
1 281
1 282
1 283
1 284
1 285
1 286
1 287
1 288
1 289
1 290
1 291
1 292
1 293
1 294
1 295
1 296
1 297
1 298
1 299
1 300
1 301

CELL_TYPES 200
9
9
9
9
9
9
9
9
9
9
9
9
9
9
9
9
9
9
9
9
9
9
9
9
9
9
9
9
9
9
9
9
9
9
9
9
9
9
9
9
9
9
9
9
9
9
9
9
9
9
9
9
9
9
9
9
9
9
9
9
9
9
9
9
9
9
9
9
9
9
9
9
9
9
9
9
9
9
9
9
9
9
9
9
9
9
9
9
9
9
9
9
9
9
9
9
9
9
9
9
1
1
1
1
1
1
1
1
1
1
1
1
1
1
1
1
1
1
1
1
1
1
1
1
1
1
1
1
1
1
1
1
1
1
1
1
1
1
1
1
1
1
1
1
1
1
1
1
1
1
1
1
1
1
1
1
1
1
1
1
1
1
1
1
1
1
1
1
1
1
1
1
1
1
1
1
1
1
1
1
1
1
1
1
1
1
1
1
1
1
1
1
1
1
1
1
1
1
1
1

CELL_DATA 200

VECTORS Vinf float
9.15463324224703 0.15269307792186737 3.969445027570874
9.153375435230657 0.15510961413383484 3.999489166002423
9.153847936150953 0.15405264496803284 3.9874801860858504
9.152941289899275 0.15624162554740906 4.011050574641377
9.153336006758138 0.15518935024738312 4.000374250273854
9.154132309911176 0.1534905582666397 3.9805093930770465
9.154352176544592 0.15309055149555206 3.9752434270192687
9.15584883427374 0.15126274526119232 3.945105411272199
9.157091606018469 0.15041780471801758 3.924573458891065
9.159269634244367 0.14969851076602936 3.894424356680066
9.161889735219404 0.1495445966720581 3.8646542804051944
9.165520820376798 0.14996260404586792 3.8300137893964354
9.163092482445165 0.1496233195066452 3.8524954991151397
9.161287996528074 0.14953425526618958 3.8709867076684543
9.161232832429334 0.14953471720218658 3.8715906517316405
9.161954301950857 0.14954526722431183 3.8639116959382593
9.161167237517759 0.14953330159187317 3.8723057584573337
9.164088967797682 0.14973369240760803 3.8429042475034296
9.162582683918401 0.14957831799983978 3.857562758188397
9.158556375262663 0.14985112845897675 3.9036453442384302
9.157891396043226 0.1500590443611145 3.912756748657376
9.158326897380277 0.14991715550422668 3.9067711608220645
9.158770504949018 0.14980095624923706 3.9009161369611327
9.160549718496725 0.1495528221130371 3.879319109182507
9.157650161144659 0.1501554697751999 3.9163211958219115
9.157986346242353 0.1500295102596283 3.9115572945882384
9.15832680797331 0.1499205082654953 3.9068889396001403
9.159865144250318 0.1496122032403946 3.8873709814359247
9.160265255329534 0.14957338571548462 3.88268069193855
9.159315201995298 0.14969252049922943 3.894105918865353
9.160821992514059 0.14953117072582245 3.876160629253537
9.158195230719969 0.1499452143907547 3.9085411505509913
9.156789604184553 0.15056464076042175 3.929253079157025
9.157024550793096 0.1504340022802353 3.925595052700192
9.157261851785108 0.15031437575817108 3.921994306306988
9.159364226815626 0.14966687560081482 3.893337227564007
9.159650433418676 0.1496247500181198 3.8898404912759372
9.159938502666876 0.1495904177427292 3.886400439005047
9.160227808711454 0.14956343173980713 3.8830189780999724
9.160517844912931 0.14954334497451782 3.8796964661885798
9.160807568190023 0.14953026175498962 3.876435972910077
9.16347435450308 0.14964458346366882 3.8488931731988494
9.16382745241873 0.14968615770339966 3.8455363886167118
9.160366493818685 0.14955256879329681 3.881497718553693
9.160620022175237 0.14953753352165222 3.87860993311897
9.160874772427007 0.14952713251113892 3.8757595495988433
9.166657182929441 0.1501617431640625 3.8202974574376642
9.166995141265318 0.15023396909236908 3.817475952367932
9.166702914593145 0.15017272531986237 3.8198934273530543
9.173440102097913 0.15197640657424927 3.768762566309125
9.173459563014433 0.15198300778865814 3.7686250583936283
9.16675451731436 0.1501861959695816 3.8194458560754363
9.167045358178541 0.150247722864151 3.817040331821591
9.166705313680097 0.15017488598823547 3.8198708967973296
9.166363570449278 0.1501043438911438 3.8227487580586974
9.166020664927885 0.1500363051891327 3.8256746308614313
9.160387459752485 0.14955280721187592 3.881233014326245
9.163854393718168 0.14969219267368317 3.8452821748067443
9.160194787738249 0.14957432448863983 3.883527107696683
9.158257264254019 0.1499399095773697 3.907891489725262
9.158009189722463 0.15002025663852692 3.9113136308003966
9.157762322184965 0.150110125541687 3.9147930817414824
9.157517823932096 0.15020979940891266 3.918326415281445
9.15727572476618 0.150319442152977 3.921913184385449
9.155762854573652 0.15134619176387787 3.9469013588239257
9.155563849565908 0.1515335589647293 3.950547136526257
9.155367273447439 0.15173391997814178 3.9542466180135314
9.1551730666136 0.15194781124591827 3.957996614437253
9.156290862319395 0.15091072022914886 3.937578626136929
9.15843688285105 0.1498858481645584 3.9053356425572936
9.15935129260771 0.14968954026699066 3.893652834158093
9.160302225110456 0.14957286417484283 3.882243789892346
9.159899565932676 0.14961060881614685 3.8869489805509154
9.158353302237913 0.14991556107997894 3.906510271291882
9.158011007664129 0.15002353489398956 3.911192216138989
9.157673049328253 0.15014870464801788 3.915970303278119
9.159259829280302 0.1497052013874054 3.894696809511334
9.15880759393923 0.14979615807533264 3.9004299716760222
9.157063442823812 0.1504364013671875 3.9250763432790348
9.15667447781317 0.15065766870975494 3.9311764912416045
9.157247308251783 0.15033940970897675 3.922215737562329
9.160926822183058 0.14954398572444916 3.8750621454526484
9.160300243256017 0.14957591891288757 3.882121570568234
9.158212709782049 0.14996065199375153 3.9083487467576563
9.159004095551893 0.14975742995738983 3.8978649751950805
9.159766349551603 0.14963138103485107 3.8883919493962833
9.158805016038343 0.14980150759220123 3.9004183785726134
9.163436475751325 0.1496613472700119 3.8491486089040343
9.163110855576917 0.14962905645370483 3.8523500041772434
9.160810220596716 0.14954958856105804 3.8763524370004245
9.158385980484411 0.14990612864494324 3.9059225396920745
9.156483310816213 0.15078458189964294 3.93429584072128
9.154779914376661 0.15245303511619568 3.9659413473416874
9.15356158053629 0.15463115274906158 3.994299136262089
9.153166789171621 0.1556234061717987 4.004879243831784
9.153043616173193 0.1559498906135559 4.00816985235706
9.152333680150434 0.15813954174518585 4.028170682649762
9.152857575175688 0.15650810301303864 4.01352597044006
9.152470025775358 0.15770378708839417 4.024393178682477
9.153408605215475 0.1550421118736267 3.998691208820493
9.15463324224703 0.15269307792186737 3.969445027570874
9.153375435230657 0.15510961413383484 3.999489166002423
9.153847936150953 0.15405264496803284 3.9874801860858504
9.152941289899275 0.15624162554740906 4.011050574641377
9.153336006758138 0.15518935024738312 4.000374250273854
9.154132309911176 0.1534905582666397 3.9805093930770465
9.154352176544592 0.15309055149555206 3.9752434270192687
9.15584883427374 0.15126274526119232 3.945105411272199
9.157091606018469 0.15041780471801758 3.924573458891065
9.159269634244367 0.14969851076602936 3.894424356680066
9.161889735219404 0.1495445966720581 3.8646542804051944
9.165520820376798 0.14996260404586792 3.8300137893964354
9.163092482445165 0.1496233195066452 3.8524954991151397
9.161287996528074 0.14953425526618958 3.8709867076684543
9.161232832429334 0.14953471720218658 3.8715906517316405
9.161954301950857 0.14954526722431183 3.8639116959382593
9.161167237517759 0.14953330159187317 3.8723057584573337
9.164088967797682 0.14973369240760803 3.8429042475034296
9.162582683918401 0.14957831799983978 3.857562758188397
9.158556375262663 0.14985112845897675 3.9036453442384302
9.157891396043226 0.1500590443611145 3.912756748657376
9.158326897380277 0.14991715550422668 3.9067711608220645
9.158770504949018 0.14980095624923706 3.9009161369611327
9.160549718496725 0.1495528221130371 3.879319109182507
9.157650161144659 0.1501554697751999 3.9163211958219115
9.157986346242353 0.1500295102596283 3.9115572945882384
9.15832680797331 0.1499205082654953 3.9068889396001403
9.159865144250318 0.1496122032403946 3.8873709814359247
9.160265255329534 0.14957338571548462 3.88268069193855
9.159315201995298 0.14969252049922943 3.894105918865353
9.160821992514059 0.14953117072582245 3.876160629253537
9.158195230719969 0.1499452143907547 3.9085411505509913
9.156789604184553 0.15056464076042175 3.929253079157025
9.157024550793096 0.1504340022802353 3.925595052700192
9.157261851785108 0.15031437575817108 3.921994306306988
9.159364226815626 0.14966687560081482 3.893337227564007
9.159650433418676 0.1496247500181198 3.8898404912759372
9.159938502666876 0.1495904177427292 3.886400439005047
9.160227808711454 0.14956343173980713 3.8830189780999724
9.160517844912931 0.14954334497451782 3.8796964661885798
9.160807568190023 0.14953026175498962 3.876435972910077
9.16347435450308 0.14964458346366882 3.8488931731988494
9.16382745241873 0.14968615770339966 3.8455363886167118
9.160366493818685 0.14955256879329681 3.881497718553693
9.160620022175237 0.14953753352165222 3.87860993311897
9.160874772427007 0.14952713251113892 3.8757595495988433
9.166657182929441 0.1501617431640625 3.8202974574376642
9.166995141265318 0.15023396909236908 3.817475952367932
9.166702914593145 0.15017272531986237 3.8198934273530543
9.173440102097913 0.15197640657424927 3.768762566309125
9.173459563014433 0.15198300778865814 3.7686250583936283
9.16675451731436 0.1501861959695816 3.8194458560754363
9.167045358178541 0.150247722864151 3.817040331821591
9.166705313680097 0.15017488598823547 3.8198708967973296
9.166363570449278 0.1501043438911438 3.8227487580586974
9.166020664927885 0.1500363051891327 3.8256746308614313
9.160387459752485 0.14955280721187592 3.881233014326245
9.163854393718168 0.14969219267368317 3.8452821748067443
9.160194787738249 0.14957432448863983 3.883527107696683
9.158257264254019 0.1499399095773697 3.907891489725262
9.158009189722463 0.15002025663852692 3.9113136308003966
9.157762322184965 0.150110125541687 3.9147930817414824
9.157517823932096 0.15020979940891266 3.918326415281445
9.15727572476618 0.150319442152977 3.921913184385449
9.155762854573652 0.15134619176387787 3.9469013588239257
9.155563849565908 0.1515335589647293 3.950547136526257
9.155367273447439 0.15173391997814178 3.9542466180135314
9.1551730666136 0.15194781124591827 3.957996614437253
9.156290862319395 0.15091072022914886 3.937578626136929
9.15843688285105 0.1498858481645584 3.9053356425572936
9.15935129260771 0.14968954026699066 3.893652834158093
9.160302225110456 0.14957286417484283 3.882243789892346
9.159899565932676 0.14961060881614685 3.8869489805509154
9.158353302237913 0.14991556107997894 3.906510271291882
9.158011007664129 0.15002353489398956 3.911192216138989
9.157673049328253 0.15014870464801788 3.915970303278119
9.159259829280302 0.1497052013874054 3.894696809511334
9.15880759393923 0.14979615807533264 3.9004299716760222
9.157063442823812 0.1504364013671875 3.9250763432790348
9.15667447781317 0.15065766870975494 3.9311764912416045
9.157247308251783 0.15033940970897675 3.922215737562329
9.160926822183058 0.14954398572444916 3.8750621454526484
9.160300243256017 0.14957591891288757 3.882121570568234
9.158212709782049 0.14996065199375153 3.9083487467576563
9.159004095551893 0.14975742995738983 3.8978649751950805
9.159766349551603 0.14963138103485107 3.8883919493962833
9.158805016038343 0.14980150759220123 3.9004183785726134
9.163436475751325 0.1496613472700119 3.8491486089040343
9.163110855576917 0.14962905645370483 3.8523500041772434
9.160810220596716 0.14954958856105804 3.8763524370004245
9.158385980484411 0.14990612864494324 3.9059225396920745
9.156483310816213 0.15078458189964294 3.93429584072128
9.154779914376661 0.15245303511619568 3.9659413473416874
9.15356158053629 0.15463115274906158 3.994299136262089
9.153166789171621 0.1556234061717987 4.004879243831784
9.153043616173193 0.1559498906135559 4.00816985235706
9.152333680150434 0.15813954174518585 4.028170682649762
9.152857575175688 0.15650810301303864 4.01352597044006
9.152470025775358 0.15770378708839417 4.024393178682477
9.153408605215475 0.1550421118736267 3.998691208820493

VECTORS L float
-0.013517853847102973 0.0 0.028989131125549083
-0.02196087250151938 0.0 0.04709524305993638
-0.030411974550007614 0.0 0.06521868988885189
-0.039360285039956144 0.0 0.08440840366141479
-0.04893554483319666 0.0 0.104942614553696
-0.05916928996015844 0.0 0.12688895180119653
-0.07003513677190575 0.0 0.1501908354861853
-0.08153937054996982 0.0 0.17486174443840355
-0.09363207087374892 0.0 0.20079462397039602
-0.10629821050085658 0.0 0.22795724805686876
-0.11950427718589553 0.0 0.2562777494556455
-0.13325020753786948 0.0 0.28575599222429604
-0.14735214848394476 0.0 0.3159977021757716
-0.16178097608637262 0.0 0.3469404228240175
-0.17651599282576788 0.0 0.3785397681954748
-0.19151919530729797 0.0 0.41071423974692234
-0.2066610991670795 0.0 0.44318615736391415
-0.22209660652527302 0.0 0.4762877097151364
-0.2375762172443033 0.0 0.5094838420288907
-0.25291741909149673 0.0 0.5423831555591311
-0.26825070797400274 0.0 0.5752654996818375
-0.2835422359439572 0.0 0.6080582872385704
-0.29872796405499985 0.0 0.6406241862656777
-0.31391903253683684 0.0 0.6732015377549119
-0.3286524998780677 0.0 0.704797560431283
-0.34323993722594354 0.0 0.7360804207763023
-0.357545502256657 0.0 0.7667588039864669
-0.3716701845192413 0.0 0.7970492828485775
-0.38547708711088036 0.0 0.8266582810071488
-0.3988281086051988 0.0 0.8552896389975865
-0.41200380570366435 0.0 0.8835450126077837
-0.4244777214939536 0.0 0.9102954113459124
-0.43633573267516584 0.0 0.935724998387502
-0.4476526664138099 0.0 0.959994241108972
-0.45828491614118466 0.0 0.9827951742299132
-0.4684474769984977 0.0 1.0045888563185206
-0.4778494164416744 0.0 1.0247513805206248
-0.48650215162117477 0.0 1.0433072309943998
-0.494335727868968 0.0 1.060106389470132
-0.5012693628980465 0.0 1.074975617774278
-0.5071917489809621 0.0 1.08767621571502
-0.5122921834637062 0.0 1.0986141327608703
-0.5163058627322312 0.0 1.107221495728928
-0.5187203969279612 0.0 1.1123994810214781
-0.5196293040961162 0.0 1.114348638733687
-0.518513157378252 0.0 1.1119550543729233
-0.5152065384188732 0.0 1.1048639871310473
-0.5072925198491188 0.0 1.0878923195391679
-0.4865145995886248 0.0 1.0433339257467427
-0.3723250469963348 0.0 0.7984536399626866
-0.35489447277410685 0.0 0.7610736529146632
-0.4690536830330238 0.0 1.0058888693548165
-0.4897690279419121 0.0 1.05031306987267
-0.4976125171816547 0.0 1.0671334868282403
-0.5009730429397773 0.0 1.0743401575730847
-0.501929733917837 0.0 1.076391787996323
-0.5010864448663228 0.0 1.0745833487893606
-0.49932929187756125 0.0 1.0708151220445674
-0.49583606059157337 0.0 1.0633238633768258
-0.4915084697487374 0.0 1.0540433148652304
-0.4862177744858837 0.0 1.0426973822597334
-0.4798617509638718 0.0 1.0290668458298573
-0.47256407161957736 0.0 1.0134169219723583
-0.4644136151116505 0.0 0.9959382115857971
-0.4554188910982409 0.0 0.9766489636909665
-0.44585899505206117 0.0 0.9561477004605824
-0.4355590212349448 0.0 0.9340593353287088
-0.4245970223919182 0.0 0.9105512529472207
-0.41309830903827316 0.0 0.8858921825833731
-0.4009794862950586 0.0 0.8599032833421208
-0.38822497129449235 0.0 0.8325511376556635
-0.3750966268765254 0.0 0.8043973121965005
-0.3615878981131573 0.0 0.7754277498761709
-0.34780651491536996 0.0 0.7458734782343218
-0.3338825788740084 0.0 0.7160135010328895
-0.31970771606810305 0.0 0.685615409648352
-0.30538051645385406 0.0 0.6548906309240732
-0.2907306470817341 0.0 0.6234738846710008
-0.2759520767442779 0.0 0.5917811383070888
-0.26118699365041964 0.0 0.5601173154304111
-0.24636363809986997 0.0 0.5283285268670835
-0.23152607819087126 0.0 0.4965092769587605
-0.21649738889178308 0.0 0.464280148750678
-0.20158744130681713 0.0 0.4323056629702838
-0.18692313387371223 0.0 0.40085795419551057
-0.1723837615091799 0.0 0.3696781695399055
-0.1580264641184408 0.0 0.3388888459256517
-0.14403802951295666 0.0 0.3088905511070956
-0.1302507622554896 0.0 0.2793236610585426
-0.11688704246881489 0.0 0.2506650714922682
-0.10401645073989593 0.0 0.22306399845854843
-0.0916713396595436 0.0 0.19658982231227362
-0.07987454431644593 0.0 0.1712915130591657
-0.0686609943304811 0.0 0.14724397751078427
-0.05805637877028636 0.0 0.1245023060526033
-0.04806707843951208 0.0 0.10308018236220945
-0.038699448385575874 0.0 0.08299123488276992
-0.029943693514701216 0.0 0.06421445796789395
-0.021664687120347734 0.0 0.046460071460260016
-0.013372612815639008 0.0 0.028677660728432666
-0.013517853847102973 0.0 0.028989131125549083
-0.02196087250151938 0.0 0.04709524305993638
-0.030411974550007614 0.0 0.06521868988885189
-0.039360285039956144 0.0 0.08440840366141479
-0.04893554483319666 0.0 0.104942614553696
-0.05916928996015844 0.0 0.12688895180119653
-0.07003513677190575 0.0 0.1501908354861853
-0.08153937054996982 0.0 0.17486174443840355
-0.09363207087374892 0.0 0.20079462397039602
-0.10629821050085658 0.0 0.22795724805686876
-0.11950427718589553 0.0 0.2562777494556455
-0.13325020753786948 0.0 0.28575599222429604
-0.14735214848394476 0.0 0.3159977021757716
-0.16178097608637262 0.0 0.3469404228240175
-0.17651599282576788 0.0 0.3785397681954748
-0.19151919530729797 0.0 0.41071423974692234
-0.2066610991670795 0.0 0.44318615736391415
-0.22209660652527302 0.0 0.4762877097151364
-0.2375762172443033 0.0 0.5094838420288907
-0.25291741909149673 0.0 0.5423831555591311
-0.26825070797400274 0.0 0.5752654996818375
-0.2835422359439572 0.0 0.6080582872385704
-0.29872796405499985 0.0 0.6406241862656777
-0.31391903253683684 0.0 0.6732015377549119
-0.3286524998780677 0.0 0.704797560431283
-0.34323993722594354 0.0 0.7360804207763023
-0.357545502256657 0.0 0.7667588039864669
-0.3716701845192413 0.0 0.7970492828485775
-0.38547708711088036 0.0 0.8266582810071488
-0.3988281086051988 0.0 0.8552896389975865
-0.41200380570366435 0.0 0.8835450126077837
-0.4244777214939536 0.0 0.9102954113459124
-0.43633573267516584 0.0 0.935724998387502
-0.4476526664138099 0.0 0.959994241108972
-0.45828491614118466 0.0 0.9827951742299132
-0.4684474769984977 0.0 1.0045888563185206
-0.4778494164416744 0.0 1.0247513805206248
-0.48650215162117477 0.0 1.0433072309943998
-0.494335727868968 0.0 1.060106389470132
-0.5012693628980465 0.0 1.074975617774278
-0.5071917489809621 0.0 1.08767621571502
-0.5122921834637062 0.0 1.0986141327608703
-0.5163058627322312 0.0 1.107221495728928
-0.5187203969279612 0.0 1.1123994810214781
-0.5196293040961162 0.0 1.114348638733687
-0.518513157378252 0.0 1.1119550543729233
-0.5152065384188732 0.0 1.1048639871310473
-0.5072925198491188 0.0 1.0878923195391679
-0.4865145995886248 0.0 1.0433339257467427
-0.3723250469963348 0.0 0.7984536399626866
-0.35489447277410685 0.0 0.7610736529146632
-0.4690536830330238 0.0 1.0058888693548165
-0.4897690279419121 0.0 1.05031306987267
-0.4976125171816547 0.0 1.0671334868282403
-0.5009730429397773 0.0 1.0743401575730847
-0.501929733917837 0.0 1.076391787996323
-0.5010864448663228 0.0 1.0745833487893606
-0.49932929187756125 0.0 1.0708151220445674
-0.49583606059157337 0.0 1.0633238633768258
-0.4915084697487374 0.0 1.0540433148652304
-0.4862177744858837 0.0 1.0426973822597334
-0.4798617509638718 0.0 1.0290668458298573
-0.47256407161957736 0.0 1.0134169219723583
-0.4644136151116505 0.0 0.9959382115857971
-0.4554188910982409 0.0 0.9766489636909665
-0.44585899505206117 0.0 0.9561477004605824
-0.4355590212349448 0.0 0.9340593353287088
-0.4245970223919182 0.0 0.9105512529472207
-0.41309830903827316 0.0 0.8858921825833731
-0.4009794862950586 0.0 0.8599032833421208
-0.38822497129449235 0.0 0.8325511376556635
-0.3750966268765254 0.0 0.8043973121965005
-0.3615878981131573 0.0 0.7754277498761709
-0.34780651491536996 0.0 0.7458734782343218
-0.3338825788740084 0.0 0.7160135010328895
-0.31970771606810305 0.0 0.685615409648352
-0.30538051645385406 0.0 0.6548906309240732
-0.2907306470817341 0.0 0.6234738846710008
-0.2759520767442779 0.0 0.5917811383070888
-0.26118699365041964 0.0 0.5601173154304111
-0.24636363809986997 0.0 0.5283285268670835
-0.23152607819087126 0.0 0.4965092769587605
-0.21649738889178308 0.0 0.464280148750678
-0.20158744130681713 0.0 0.4323056629702838
-0.18692313387371223 0.0 0.40085795419551057
-0.1723837615091799 0.0 0.3696781695399055
-0.1580264641184408 0.0 0.3388888459256517
-0.14403802951295666 0.0 0.3088905511070956
-0.1302507622554896 0.0 0.2793236610585426
-0.11688704246881489 0.0 0.2506650714922682
-0.10401645073989593 0.0 0.22306399845854843
-0.0916713396595436 0.0 0.19658982231227362
-0.07987454431644593 0.0 0.1712915130591657
-0.0686609943304811 0.0 0.14724397751078427
-0.05805637877028636 0.0 0.1245023060526033
-0.04806707843951208 0.0 0.10308018236220945
-0.038699448385575874 0.0 0.08299123488276992
-0.029943693514701216 0.0 0.06421445796789395
-0.021664687120347734 0.0 0.046460071460260016
-0.013372612815639008 0.0 0.028677660728432666

SCALARS Gamma float
LOOKUP_TABLE default
0.4355406552772502
0.6704773685379568
0.8633303027668581
1.0377774159367528
1.2011056964497953
1.3568952016613067
1.507091775944367
1.6521939786397717
1.7930040528374422
1.9295556651014183
2.062079166252683
2.1906837896879265
2.3162465025561803
2.437453151212389
2.553446043590588
2.6640418890898885
2.7694337746415623
2.8685893893900962
2.963222635272424
3.052898769165085
3.1355041824025545
3.2111715045139917
3.2804106868423526
3.3433008433858493
3.401856363759516
3.4533609948214354
3.4987372228518336
3.538015090088659
3.572537375145217
3.602594838750932
3.6270196884079775
3.6483382840740024
3.664227364576882
3.673668732257921
3.6773931387225907
3.6749314494073895
3.6685115616848245
3.657461173096127
3.641603605978023
3.62077863851916
3.5947537354162296
3.5626573554368663
3.5268329253652997
3.487541050817574
3.4404038743918655
3.386446372831178
3.3245685750282217
3.261840416722243
3.1993704615010703
3.142068723200807
3.1418664121458417
3.1987185842890105
3.2606274755829205
3.3224288831800064
3.381358028341743
3.4364760270850057
3.4889516138318886
3.532171474789428
3.5731988787497833
3.6083536745567764
3.636787798803954
3.659493091873922
3.6768127734736638
3.6890317883158903
3.696838646456248
3.6983793324122134
3.6941803865290996
3.6841169558508393
3.667356374958185
3.644766112178614
3.6179637611420725
3.586639843046478
3.5512482172387196
3.511382704139134
3.465668917503714
3.4140952857560865
3.355996610918895
3.292867498542149
3.224293707560683
3.1488653019031867
3.066399605041471
2.9768464350461588
2.882715576298983
2.7833073219299647
2.6773469946770483
2.565763697180798
2.449188921985542
2.326709478583034
2.2008363361547785
2.0714435622385023
1.938253995327089
1.8010747862519723
1.659805303643323
1.5140696280447419
1.3632315181934003
1.2065715228174971
1.04259344583827
0.8674572569461751
0.673725647595409
0.4376955229075245
0.4355406552772502
0.6704773685379568
0.8633303027668581
1.0377774159367528
1.2011056964497953
1.3568952016613067
1.507091775944367
1.6521939786397717
1.7930040528374422
1.9295556651014183
2.062079166252683
2.1906837896879265
2.3162465025561803
2.437453151212389
2.553446043590588
2.6640418890898885
2.7694337746415623
2.8685893893900962
2.963222635272424
3.052898769165085
3.1355041824025545
3.2111715045139917
3.2804106868423526
3.3433008433858493
3.401856363759516
3.4533609948214354
3.4987372228518336
3.538015090088659
3.572537375145217
3.602594838750932
3.6270196884079775
3.6483382840740024
3.664227364576882
3.673668732257921
3.6773931387225907
3.6749314494073895
3.6685115616848245
3.657461173096127
3.641603605978023
3.62077863851916
3.5947537354162296
3.5626573554368663
3.5268329253652997
3.487541050817574
3.4404038743918655
3.386446372831178
3.3245685750282217
3.261840416722243
3.1993704615010703
3.142068723200807
3.1418664121458417
3.1987185842890105
3.2606274755829205
3.3224288831800064
3.381358028341743
3.4364760270850057
3.4889516138318886
3.532171474789428
3.5731988787497833
3.6083536745567764
3.636787798803954
3.659493091873922
3.6768127734736638
3.6890317883158903
3.696838646456248
3.6983793324122134
3.6941803865290996
3.6841169558508393
3.667356374958185
3.644766112178614
3.6179637611420725
3.586639843046478
3.5512482172387196
3.511382704139134
3.465668917503714
3.4140952857560865
3.355996610918895
3.292867498542149
3.224293707560683
3.1488653019031867
3.066399605041471
2.9768464350461588
2.882715576298983
2.7833073219299647
2.6773469946770483
2.565763697180798
2.449188921985542
2.326709478583034
2.2008363361547785
2.0714435622385023
1.938253995327089
1.8010747862519723
1.659805303643323
1.5140696280447419
1.3632315181934003
1.2065715228174971
1.04259344583827
0.8674572569461751
0.673725647595409
0.4376955229075245

VECTORS Vvpm float
0.09155537188053131 0.15269307792186737 -0.2567375898361206
0.09029756486415863 0.15510961413383484 -0.22669345140457153
0.09077006578445435 0.15405264496803284 -0.23870243132114408
0.08986341953277588 0.15624162554740906 -0.21513204276561737
0.09025813639163971 0.15518935024738312 -0.22580836713314054
0.09105443954467773 0.1534905582666397 -0.24567322432994843
0.09127430617809296 0.15309055149555206 -0.25093919038772583
0.09277096390724182 0.15126274526119232 -0.28107720613479614
0.09401373565196991 0.15041780471801758 -0.3016091585159302
0.09619176387786865 0.14969851076602936 -0.3317582607269287
0.09881186485290527 0.1495445966720581 -0.36152833700180054
0.10244295001029968 0.14996260404586792 -0.3961688280105591
0.10001461207866669 0.1496233195066452 -0.37368711829185486
0.09821012616157532 0.14953425526618958 -0.35519590973854065
0.0981549620628357 0.14953471720218658 -0.354591965675354
0.09887643158435822 0.14954526722431183 -0.36227092146873474
0.09808936715126038 0.14953330159187317 -0.35387685894966125
0.10101109743118286 0.14973369240760803 -0.38327836990356445
0.09950481355190277 0.14957831799983978 -0.3686198592185974
0.09547850489616394 0.14985112845897675 -0.32253727316856384
0.0948135256767273 0.1500590443611145 -0.31342586874961853
0.09524902701377869 0.14991715550422668 -0.3194114565849304
0.09569263458251953 0.14980095624923706 -0.3252664804458618
0.09747184813022614 0.1495528221130371 -0.3468635082244873
0.0945722907781601 0.1501554697751999 -0.309861421585083
0.09490847587585449 0.1500295102596283 -0.3146253228187561
0.09524893760681152 0.1499205082654953 -0.31929367780685425
0.09678727388381958 0.1496122032403946 -0.33881163597106934
0.09718738496303558 0.14957338571548462 -0.3435019254684448
0.09623733162879944 0.14969252049922943 -0.33207669854164124
0.09774412214756012 0.14953117072582245 -0.35002198815345764
0.09511736035346985 0.1499452143907547 -0.3176414668560028
0.0937117338180542 0.15056464076042175 -0.2969295382499695
0.0939466804265976 0.1504340022802353 -0.30058756470680237
0.09418398141860962 0.15031437575817108 -0.3041883111000061
0.0962863564491272 0.14966687560081482 -0.33284538984298706
0.09657256305217743 0.1496247500181198 -0.33634212613105774
0.09686063230037689 0.1495904177427292 -0.339782178401947
0.09714993834495544 0.14956343173980713 -0.3431636393070221
0.0974399745464325 0.14954334497451782 -0.3464861512184143
0.09772969782352448 0.14953026175498962 -0.3497466444969177
0.10039648413658142 0.14964458346366882 -0.37728944420814514
0.10074958205223083 0.14968615770339966 -0.3806462287902832
0.09728862345218658 0.14955256879329681 -0.344684898853302
0.09754215180873871 0.14953753352165222 -0.3475726842880249
0.09779690206050873 0.14952713251113892 -0.35042306780815125
0.10357931256294249 0.1501617431640625 -0.40588515996932983
0.10391727089881896 0.15023396909236908 -0.4087066650390625
0.10362504422664644 0.15017272531986237 -0.4062891900539399
0.11036223173141481 0.15197640657424927 -0.4574200510978699
0.11038169264793396 0.15198300778865814 -0.45755755901336675
0.1036766469478607 0.1501861959695816 -0.4067367613315582
0.10396748781204222 0.150247722864151 -0.40914228558540344
0.10362744331359862 0.15017488598823547 -0.406311720609665
0.10328570008277892 0.1501043438911438 -0.4034338593482971
0.10294279456138611 0.1500363051891327 -0.40050798654556274
0.09730958938598633 0.14955280721187592 -0.3449496030807495
0.10077652335166931 0.14969219267368317 -0.38090044260025024
0.09711691737174988 0.14957432448863983 -0.3426555097103119
0.09517939388751984 0.1499399095773697 -0.3182911276817322
0.09493131935596466 0.15002025663852692 -0.3148689866065979
0.09468445181846619 0.150110125541687 -0.3113895356655121
0.09443995356559753 0.15020979940891266 -0.3078562021255493
0.09419785439968109 0.150319442152977 -0.3042694330215454
0.09268498420715332 0.15134619176387787 -0.27928125858306885
0.09248597919940948 0.1515335589647293 -0.2756354808807373
0.09228940308094025 0.15173391997814178 -0.27193599939346313
0.09209519624710083 0.15194781124591827 -0.2681860029697418
0.09321299195289612 0.15091072022914886 -0.2886039912700653
0.09535901248455048 0.1498858481645584 -0.3208469748497009
0.09627342224121094 0.14968954026699066 -0.33252978324890137
0.09722435474395752 0.14957286417484283 -0.34393882751464844
0.09682169556617737 0.14961060881614685 -0.3392336368560791
0.09527543187141418 0.14991556107997894 -0.3196723461151123
0.09493313729763031 0.15002353489398956 -0.31499040126800537
0.09459517896175385 0.15014870464801788 -0.31021231412887573
0.0961819589138031 0.1497052013874054 -0.3314858078956604
0.09572972357273102 0.14979615807533264 -0.3257526457309723
0.09398557245731354 0.1504364013671875 -0.3011062741279602
0.09359660744667053 0.15065766870975494 -0.29500612616539
0.09416943788528442 0.15033940970897675 -0.3039668798446655
0.09784895181655884 0.14954398572444916 -0.3511204719543457
0.09722237288951874 0.14957591891288757 -0.3440610468387604
0.09513483941555023 0.14996065199375153 -0.31783387064933777
0.09592622518539429 0.14975742995738983 -0.32831764221191406
0.09668847918510437 0.14963138103485107 -0.33779066801071167
0.09572714567184448 0.14980150759220123 -0.3257642388343811
0.10035860538482666 0.1496613472700119 -0.3770340085029602
0.1000329852104187 0.14962905645370483 -0.3738326132297516
0.09773235023021698 0.14954958856105804 -0.34983018040657043
0.09530811011791229 0.14990612864494324 -0.32026007771492004
0.09340544044971466 0.15078458189964294 -0.2918867766857147
0.09170204401016235 0.15245303511619568 -0.2602412700653076
0.09048371016979218 0.15463115274906158 -0.2318834811449051
0.09008891880512238 0.1556234061717987 -0.22130337357521057
0.08996574580669403 0.1559498906135559 -0.2180127650499344
0.08925580978393555 0.15813954174518585 -0.19801193475723267
0.08977970480918884 0.15650810301303864 -0.21265664696693423
0.08939215540885925 0.15770378708839417 -0.20178943872451782
0.09033073484897614 0.1550421118736267 -0.22749140858650208
0.09155537188053131 0.15269307792186737 -0.2567375898361206
0.09029756486415863 0.15510961413383484 -0.22669345140457153
0.09077006578445435 0.15405264496803284 -0.23870243132114408
0.08986341953277588 0.15624162554740906 -0.21513204276561737
0.09025813639163971 0.15518935024738312 -0.22580836713314054
0.09105443954467773 0.1534905582666397 -0.24567322432994843
0.09127430617809296 0.15309055149555206 -0.25093919038772583
0.09277096390724182 0.15126274526119232 -0.28107720613479614
0.09401373565196991 0.15041780471801758 -0.3016091585159302
0.09619176387786865 0.14969851076602936 -0.3317582607269287
0.09881186485290527 0.1495445966720581 -0.36152833700180054
0.10244295001029968 0.14996260404586792 -0.3961688280105591
0.10001461207866669 0.1496233195066452 -0.37368711829185486
0.09821012616157532 0.14953425526618958 -0.35519590973854065
0.0981549620628357 0.14953471720218658 -0.354591965675354
0.09887643158435822 0.14954526722431183 -0.36227092146873474
0.09808936715126038 0.14953330159187317 -0.35387685894966125
0.10101109743118286 0.14973369240760803 -0.38327836990356445
0.09950481355190277 0.14957831799983978 -0.3686198592185974
0.09547850489616394 0.14985112845897675 -0.32253727316856384
0.0948135256767273 0.1500590443611145 -0.31342586874961853
0.09524902701377869 0.14991715550422668 -0.3194114565849304
0.09569263458251953 0.14980095624923706 -0.3252664804458618
0.09747184813022614 0.1495528221130371 -0.3468635082244873
0.0945722907781601 0.1501554697751999 -0.309861421585083
0.09490847587585449 0.1500295102596283 -0.3146253228187561
0.09524893760681152 0.1499205082654953 -0.31929367780685425
0.09678727388381958 0.1496122032403946 -0.33881163597106934
0.09718738496303558 0.14957338571548462 -0.3435019254684448
0.09623733162879944 0.14969252049922943 -0.33207669854164124
0.09774412214756012 0.14953117072582245 -0.35002198815345764
0.09511736035346985 0.1499452143907547 -0.3176414668560028
0.0937117338180542 0.15056464076042175 -0.2969295382499695
0.0939466804265976 0.1504340022802353 -0.30058756470680237
0.09418398141860962 0.15031437575817108 -0.3041883111000061
0.0962863564491272 0.14966687560081482 -0.33284538984298706
0.09657256305217743 0.1496247500181198 -0.33634212613105774
0.09686063230037689 0.1495904177427292 -0.339782178401947
0.09714993834495544 0.14956343173980713 -0.3431636393070221
0.0974399745464325 0.14954334497451782 -0.3464861512184143
0.09772969782352448 0.14953026175498962 -0.3497466444969177
0.10039648413658142 0.14964458346366882 -0.37728944420814514
0.10074958205223083 0.14968615770339966 -0.3806462287902832
0.09728862345218658 0.14955256879329681 -0.344684898853302
0.09754215180873871 0.14953753352165222 -0.3475726842880249
0.09779690206050873 0.14952713251113892 -0.35042306780815125
0.10357931256294249 0.1501617431640625 -0.40588515996932983
0.10391727089881896 0.15023396909236908 -0.4087066650390625
0.10362504422664644 0.15017272531986237 -0.4062891900539399
0.11036223173141481 0.15197640657424927 -0.4574200510978699
0.11038169264793396 0.15198300778865814 -0.45755755901336675
0.1036766469478607 0.1501861959695816 -0.4067367613315582
0.10396748781204222 0.150247722864151 -0.40914228558540344
0.10362744331359862 0.15017488598823547 -0.406311720609665
0.10328570008277892 0.1501043438911438 -0.4034338593482971
0.10294279456138611 0.1500363051891327 -0.40050798654556274
0.09730958938598633 0.14955280721187592 -0.3449496030807495
0.10077652335166931 0.14969219267368317 -0.38090044260025024
0.09711691737174988 0.14957432448863983 -0.3426555097103119
0.09517939388751984 0.1499399095773697 -0.3182911276817322
0.09493131935596466 0.15002025663852692 -0.3148689866065979
0.09468445181846619 0.150110125541687 -0.3113895356655121
0.09443995356559753 0.15020979940891266 -0.3078562021255493
0.09419785439968109 0.150319442152977 -0.3042694330215454
0.09268498420715332 0.15134619176387787 -0.27928125858306885
0.09248597919940948 0.1515335589647293 -0.2756354808807373
0.09228940308094025 0.15173391997814178 -0.27193599939346313
0.09209519624710083 0.15194781124591827 -0.2681860029697418
0.09321299195289612 0.15091072022914886 -0.2886039912700653
0.09535901248455048 0.1498858481645584 -0.3208469748497009
0.09627342224121094 0.14968954026699066 -0.33252978324890137
0.09722435474395752 0.14957286417484283 -0.34393882751464844
0.09682169556617737 0.14961060881614685 -0.3392336368560791
0.09527543187141418 0.14991556107997894 -0.3196723461151123
0.09493313729763031 0.15002353489398956 -0.31499040126800537
0.09459517896175385 0.15014870464801788 -0.31021231412887573
0.0961819589138031 0.1497052013874054 -0.3314858078956604
0.09572972357273102 0.14979615807533264 -0.3257526457309723
0.09398557245731354 0.1504364013671875 -0.3011062741279602
0.09359660744667053 0.15065766870975494 -0.29500612616539
0.09416943788528442 0.15033940970897675 -0.3039668798446655
0.09784895181655884 0.14954398572444916 -0.3511204719543457
0.09722237288951874 0.14957591891288757 -0.3440610468387604
0.09513483941555023 0.14996065199375153 -0.31783387064933777
0.09592622518539429 0.14975742995738983 -0.32831764221191406
0.09668847918510437 0.14963138103485107 -0.33779066801071167
0.09572714567184448 0.14980150759220123 -0.3257642388343811
0.10035860538482666 0.1496613472700119 -0.3770340085029602
0.1000329852104187 0.14962905645370483 -0.3738326132297516
0.09773235023021698 0.14954958856105804 -0.34983018040657043
0.09530811011791229 0.14990612864494324 -0.32026007771492004
0.09340544044971466 0.15078458189964294 -0.2918867766857147
0.09170204401016235 0.15245303511619568 -0.2602412700653076
0.09048371016979218 0.15463115274906158 -0.2318834811449051
0.09008891880512238 0.1556234061717987 -0.22130337357521057
0.08996574580669403 0.1559498906135559 -0.2180127650499344
0.08925580978393555 0.15813954174518585 -0.19801193475723267
0.08977970480918884 0.15650810301303864 -0.21265664696693423
0.08939215540885925 0.15770378708839417 -0.20178943872451782
0.09033073484897614 0.1550421118736267 -0.22749140858650208

VECTORS Vvpm_BBp float
0.09950906038284302 0.1495620757341385 -0.3685920834541321
0.10459342598915099 0.15039120614528656 -0.4142603874206543
0.10798363387584686 0.15127357840538025 -0.4404116570949554
0.1123209297657013 0.15261006355285645 -0.47063785791397095
0.11347629129886627 0.1529933661222458 -0.47823190689086914
0.12068900465965271 0.155551940202713 -0.5223361253738403
0.12150664627552032 0.15585599839687347 -0.5270439982414246
0.12814024090766907 0.1583888828754425 -0.5635681748390198
0.1317356377840042 0.1597978174686432 -0.5823125839233398
0.13323451578617096 0.16039127111434937 -0.5899519920349121
0.13108088076114655 0.1595369130373001 -0.5789408683776855
0.13360290229320526 0.16053712368011475 -0.5918211340904236
0.13151857256889343 0.15970928966999054 -0.5812047123908997
0.13022640347480774 0.15919777750968933 -0.5745161771774292
0.12721532583236694 0.15802060067653656 -0.558616578578949
0.1280156522989273 0.1583293378353119 -0.5628761649131775
0.130391463637352 0.15925820171833038 -0.5753602385520935
0.1298518031835556 0.15904510021209717 -0.5725476145744324
0.1305358111858368 0.1593121439218521 -0.5760968923568726
0.12573464214801788 0.1574396789073944 -0.5505861639976501
0.12497332692146301 0.15714533627033234 -0.5464078783988953
0.125593364238739 0.15738150477409363 -0.5497902035713196
0.12453955411911011 0.1569778472185135 -0.544012188911438
0.12223708629608154 0.15610457956790924 -0.5311233401298523
0.12277981638908385 0.1563078761100769 -0.5341875553131104
0.12942518293857574 0.1588650792837143 -0.5702766180038452
0.12844733893871307 0.15848039090633392 -0.5651124715805054
0.12769922614097595 0.15818770229816437 -0.5611339211463928
0.12818260490894318 0.15837489068508148 -0.5636999011039734
0.1224980354309082 0.15619319677352905 -0.5325764417648315
0.12299898266792297 0.15638035535812378 -0.535389244556427
0.12349210679531097 0.1565653681755066 -0.5381422638893127
0.116815447807312 0.15410661697387695 -0.4991489052772522
0.11724454164505005 0.15425841510295868 -0.5017635226249695
0.11767005920410155 0.154410257935524 -0.5043405294418335
0.11809127032756807 0.15456146001815796 -0.5068783164024353
0.11850903928279877 0.1547119915485382 -0.5093775391578674
0.11892303824424742 0.1548616737127304 -0.5118380784988403
0.11677090823650361 0.15408648550510406 -0.49883946776390076
0.11721457540988924 0.1542442888021469 -0.5015518069267273
0.11549706757068634 0.15363751351833344 -0.49093863368034363
0.12488305568695068 0.15708111226558685 -0.5458379983901978
0.125251904129982 0.1572222113609314 -0.547860860824585
0.12561607360839844 0.1573619246482849 -0.5498493313789368
0.12597553431987762 0.15749990940093994 -0.5518037676811218
0.12633025646209717 0.157636359333992 -0.5537246465682983
0.1266801357269287 0.15777109563350677 -0.5556125044822693
0.1217704713344574 0.1558961421251297 -0.5283801555633545
0.12611517310142517 0.15755556523799896 -0.5525707602500916
0.1392618715763092 0.16275568306446075 -0.6196397542953491
0.1261151134967804 0.1575564742088318 -0.5525700449943542
0.12177170813083647 0.15589821338653564 -0.5283786654472351
0.126679465174675 0.15777228772640228 -0.5556111335754395
0.12632916867733002 0.1576373428106308 -0.5537227988243103
0.1259743571281433 0.15750116109848022 -0.5518019199371338
0.12561483681201935 0.15736284852027893 -0.549847424030304
0.1252516359090805 0.1572231501340866 -0.5478599071502686
0.12488381564617157 0.15708176791667938 -0.5458378195762634
0.11549724638462068 0.15363909304141998 -0.4909376800060272
0.11721470952033997 0.1542450487613678 -0.5015512704849243
0.11677117645740508 0.15408729016780853 -0.49883943796157837
0.1189238578081131 0.15486283600330353 -0.5118378400802612
0.1185101717710495 0.1547129601240158 -0.5093777179718018
0.11809249222278595 0.15456239879131317 -0.5068783760070801
0.11767126619815826 0.1544111669063568 -0.5043407082557678
0.11724571883678436 0.15425944328308105 -0.5017638802528381
0.11681662499904633 0.15410757064819336 -0.49914872646331787
0.12349411845207214 0.15656693279743195 -0.5381418466567993
0.12300059199333191 0.1563819944858551 -0.5353886485099792
0.1224994957447052 0.15619468688964844 -0.5325755476951599
0.12818288803100586 0.15837565064430237 -0.5636990666389465
0.12769919633865356 0.15818846225738525 -0.5611331462860107
0.12844674289226532 0.15848110616207123 -0.5651118755340576
0.12942489981651306 0.15886588394641876 -0.5702759623527527
0.12277916073799132 0.1563091278076172 -0.5341861844062805
0.12223646044731139 0.15610584616661072 -0.5311219096183777
0.12453979253768921 0.15697918832302094 -0.544011116027832
0.1255938857793808 0.15738297998905182 -0.549789309501648
0.12497416138648985 0.15714669227600098 -0.5464071035385132
0.12573611736297607 0.1574409157037735 -0.5505855083465576
0.13053683936595917 0.15931285917758942 -0.5760968327522278
0.12985281646251678 0.15904586017131805 -0.5725471377372742
0.13039278984069824 0.15925906598567963 -0.5753601789474487
0.12801706790924072 0.15833093225955963 -0.5628754496574402
0.12721660733222961 0.1580222100019455 -0.5586159825325012
0.13022761046886444 0.15919898450374603 -0.5745154619216919
0.13152001798152924 0.15971052646636963 -0.5812044143676758
0.13360486924648285 0.16053836047649384 -0.5918208360671997
0.1310826689004898 0.1595386564731598 -0.5789399147033691
0.13323642313480377 0.16039258241653442 -0.5899515151977539
0.13173726201057434 0.15979908406734467 -0.5823124647140503
0.12814131379127502 0.15838941931724548 -0.5635679960250854
0.1215067058801651 0.15585660934448242 -0.5270436406135559
0.12068812549114229 0.15555188059806824 -0.5223362445831299
0.11347448825836182 0.15299327671527863 -0.4782315194606781
0.11231845617294312 0.1526092290878296 -0.47063785791397095
0.10798099637031557 0.15127241611480713 -0.44041177630424505
0.10458986461162567 0.15038932859897614 -0.4142603278160095
0.09950506687164307 0.1495601087808609 -0.3685912489891052
0.09955814480781555 0.14957799017429352 -0.3691248893737793
0.09950906038284302 0.1495620757341385 -0.3685920834541321
0.10459342598915099 0.15039120614528656 -0.4142603874206543
0.10798363387584686 0.15127357840538025 -0.4404116570949554
0.1123209297657013 0.15261006355285645 -0.47063785791397095
0.11347629129886627 0.1529933661222458 -0.47823190689086914
0.12068900465965271 0.155551940202713 -0.5223361253738403
0.12150664627552032 0.15585599839687347 -0.5270439982414246
0.12814024090766907 0.1583888828754425 -0.5635681748390198
0.1317356377840042 0.1597978174686432 -0.5823125839233398
0.13323451578617096 0.16039127111434937 -0.5899519920349121
0.13108088076114655 0.1595369130373001 -0.5789408683776855
0.13360290229320526 0.16053712368011475 -0.5918211340904236
0.13151857256889343 0.15970928966999054 -0.5812047123908997
0.13022640347480774 0.15919777750968933 -0.5745161771774292
0.12721532583236694 0.15802060067653656 -0.558616578578949
0.1280156522989273 0.1583293378353119 -0.5628761649131775
0.130391463637352 0.15925820171833038 -0.5753602385520935
0.1298518031835556 0.15904510021209717 -0.5725476145744324
0.1305358111858368 0.1593121439218521 -0.5760968923568726
0.12573464214801788 0.1574396789073944 -0.5505861639976501
0.12497332692146301 0.15714533627033234 -0.5464078783988953
0.125593364238739 0.15738150477409363 -0.5497902035713196
0.12453955411911011 0.1569778472185135 -0.544012188911438
0.12223708629608154 0.15610457956790924 -0.5311233401298523
0.12277981638908385 0.1563078761100769 -0.5341875553131104
0.12942518293857574 0.1588650792837143 -0.5702766180038452
0.12844733893871307 0.15848039090633392 -0.5651124715805054
0.12769922614097595 0.15818770229816437 -0.5611339211463928
0.12818260490894318 0.15837489068508148 -0.5636999011039734
0.1224980354309082 0.15619319677352905 -0.5325764417648315
0.12299898266792297 0.15638035535812378 -0.535389244556427
0.12349210679531097 0.1565653681755066 -0.5381422638893127
0.116815447807312 0.15410661697387695 -0.4991489052772522
0.11724454164505005 0.15425841510295868 -0.5017635226249695
0.11767005920410155 0.154410257935524 -0.5043405294418335
0.11809127032756807 0.15456146001815796 -0.5068783164024353
0.11850903928279877 0.1547119915485382 -0.5093775391578674
0.11892303824424742 0.1548616737127304 -0.5118380784988403
0.11677090823650361 0.15408648550510406 -0.49883946776390076
0.11721457540988924 0.1542442888021469 -0.5015518069267273
0.11549706757068634 0.15363751351833344 -0.49093863368034363
0.12488305568695068 0.15708111226558685 -0.5458379983901978
0.125251904129982 0.1572222113609314 -0.547860860824585
0.12561607360839844 0.1573619246482849 -0.5498493313789368
0.12597553431987762 0.15749990940093994 -0.5518037676811218
0.12633025646209717 0.157636359333992 -0.5537246465682983
0.1266801357269287 0.15777109563350677 -0.5556125044822693
0.1217704713344574 0.1558961421251297 -0.5283801555633545
0.12611517310142517 0.15755556523799896 -0.5525707602500916
0.1392618715763092 0.16275568306446075 -0.6196397542953491
0.1261151134967804 0.1575564742088318 -0.5525700449943542
0.12177170813083647 0.15589821338653564 -0.5283786654472351
0.126679465174675 0.15777228772640228 -0.5556111335754395
0.12632916867733002 0.1576373428106308 -0.5537227988243103
0.1259743571281433 0.15750116109848022 -0.5518019199371338
0.12561483681201935 0.15736284852027893 -0.549847424030304
0.1252516359090805 0.1572231501340866 -0.5478599071502686
0.12488381564617157 0.15708176791667938 -0.5458378195762634
0.11549724638462068 0.15363909304141998 -0.4909376800060272
0.11721470952033997 0.1542450487613678 -0.5015512704849243
0.11677117645740508 0.15408729016780853 -0.49883943796157837
0.1189238578081131 0.15486283600330353 -0.5118378400802612
0.1185101717710495 0.1547129601240158 -0.5093777179718018
0.11809249222278595 0.15456239879131317 -0.5068783760070801
0.11767126619815826 0.1544111669063568 -0.5043407082557678
0.11724571883678436 0.15425944328308105 -0.5017638802528381
0.11681662499904633 0.15410757064819336 -0.49914872646331787
0.12349411845207214 0.15656693279743195 -0.5381418466567993
0.12300059199333191 0.1563819944858551 -0.5353886485099792
0.1224994957447052 0.15619468688964844 -0.5325755476951599
0.12818288803100586 0.15837565064430237 -0.5636990666389465
0.12769919633865356 0.15818846225738525 -0.5611331462860107
0.12844674289226532 0.15848110616207123 -0.5651118755340576
0.12942489981651306 0.15886588394641876 -0.5702759623527527
0.12277916073799132 0.1563091278076172 -0.5341861844062805
0.12223646044731139 0.15610584616661072 -0.5311219096183777
0.12453979253768921 0.15697918832302094 -0.544011116027832
0.1255938857793808 0.15738297998905182 -0.549789309501648
0.12497416138648985 0.15714669227600098 -0.5464071035385132
0.12573611736297607 0.1574409157037735 -0.5505855083465576
0.13053683936595917 0.15931285917758942 -0.5760968327522278
0.12985281646251678 0.15904586017131805 -0.5725471377372742
0.13039278984069824 0.15925906598567963 -0.5753601789474487
0.12801706790924072 0.15833093225955963 -0.5628754496574402
0.12721660733222961 0.1580222100019455 -0.5586159825325012
0.13022761046886444 0.15919898450374603 -0.5745154619216919
0.13152001798152924 0.15971052646636963 -0.5812044143676758
0.13360486924648285 0.16053836047649384 -0.5918208360671997
0.1310826689004898 0.1595386564731598 -0.5789399147033691
0.13323642313480377 0.16039258241653442 -0.5899515151977539
0.13173726201057434 0.15979908406734467 -0.5823124647140503
0.12814131379127502 0.15838941931724548 -0.5635679960250854
0.1215067058801651 0.15585660934448242 -0.5270436406135559
0.12068812549114229 0.15555188059806824 -0.5223362445831299
0.11347448825836182 0.15299327671527863 -0.4782315194606781
0.11231845617294312 0.1526092290878296 -0.47063785791397095
0.10798099637031557 0.15127241611480713 -0.44041177630424505
0.10458986461162567 0.15038932859897614 -0.4142603278160095
0.09950506687164307 0.1495601087808609 -0.3685912489891052
0.09955814480781555 0.14957799017429352 -0.3691248893737793

VECTORS ftot float
-5.727234718058397 -9.208046655036757 5.128034997085507
-7.553641736268734 -11.034444840717365 7.181319138661223
-8.502473178814581 -11.98326179529624 8.866799285831275
-9.11202969939118 -12.592867767439587 10.391444776800672
-9.55568698977656 -13.036546247351696 11.81890038575417
-9.894173702016102 -13.375056978056579 13.180468514870633
-10.14010871057907 -13.621003287395716 14.493150841295776
-10.335132377303747 -13.81602859907959 15.761305586624614
-10.471808337635977 -13.95278639355072 16.991970925905957
-10.57142694244922 -14.05238862888196 18.18538842781468
-10.637708260572627 -14.118644747418957 19.343599644718022
-10.688415747517011 -14.169357419051058 20.467567992381998
-10.651446505426435 -14.132378407612416 21.56494936714028
-10.564324205092309 -14.045248457483837 22.624260782003972
-10.456287978372243 -13.93720399507362 23.638006285087133
-10.335664324647137 -13.816570451097867 24.604581838483238
-10.174067693940971 -13.654993609715225 25.525678138468788
-10.055854300358291 -13.536770208156458 26.392269754925614
-9.886618715038502 -13.367525085644985 27.219337466253613
-9.640879196755993 -13.121783453760212 28.0030822337096
-9.412768814857916 -12.893660831708571 28.72503228114818
-9.204219608234718 -12.685105502443527 29.386344057002063
-9.00203109721258 -12.482911809761488 29.991475221854124
-8.84308499694182 -12.323983024067983 30.541112754982567
-8.591418563504545 -12.0723193062177 31.052872278461678
-8.38403318960367 -11.86492933845905 31.503007232498785
-8.182918000153556 -11.663809555150639 31.899582412482946
-8.018516688104718 -11.499401886552452 32.24286073351081
-7.845051479235439 -11.325930791147151 32.54457690338104
-7.638618789260451 -11.119483742679128 32.80727189808057
-7.484303723348745 -10.965317771188626 33.02073599399108
-7.241839722381215 -10.722847060999564 33.20705542026751
-6.98195072378531 -10.462975390095162 33.34592279496689
-6.746135028897368 -10.227157575530217 33.428437656766796
-6.503530637254682 -9.98455035665498 33.46098786483626
-6.307190396464415 -9.788207642768368 33.43947240263652
-6.073151272599843 -9.55425332272093 33.38334664118583
-5.823661727434066 -9.304757537460944 33.28676964244178
-5.558281690505481 -9.039371141871717 33.14817976787035
-5.274925750184697 -8.756009550864151 32.966176416388016
-4.968791545503876 -8.449872162659997 32.738724960330885
-4.691435246632196 -8.172512207683278 32.458208104668145
-4.366703013320437 -7.847774321348391 32.1451128913387
-3.9257324865317895 -7.406798848971823 31.80171404101919
-3.4743141626204266 -6.955374636462963 31.389748797531226
-2.9332428200454004 -6.414297758828081 30.918175774825958
-2.3141541804599948 -5.795202409309637 30.377383322620734
-1.1870740917495355 -4.6681171394343925 29.829158019971693
1.4799763226673521 -2.0010897992917442 29.283188730259166
15.659819275701214 12.178591201570434 28.78238258026007
15.65403601909035 -12.17280830120355 27.774085220382485
1.4707053674445643 2.0103593329384237 28.252665962043714
-1.1993830330142883 4.680424777093478 28.773903494292952
-2.3333094092810356 5.814356688301769 29.294229141180853
-3.0096832495201644 6.490737592489757 29.790370501352502
-3.4977821773684723 6.978841819944021 30.254426779510382
-3.844553546065229 7.3256187234594075 30.696234534226182
-4.283254081311871 7.764324439745858 31.06011457171231
-4.56224486508886 8.043320641211935 31.405537758026412
-4.868466749113599 8.349545710196049 31.701521691060783
-5.192414266737375 8.673496646435966 31.940920102927308
-5.493178115805653 8.974266853865846 32.13208194878905
-5.775230343948122 9.256324733770827 32.27790045177958
-6.039478138169129 9.520578885991016 32.380774707914654
-6.26684439560867 9.74785962860493 32.44646013524076
-6.529414299638881 10.01043235938884 32.45943100662348
-6.781049872352851 10.262070641010176 32.42407906182935
-7.028868654040193 10.50989213232218 32.339352659759676
-7.302087604158431 10.783093876065598 32.19821683531427
-7.561010657153158 11.042023521749703 32.008019956660355
-7.76304277986991 11.243907493786786 31.78234973740404
-7.954564388277917 11.43544298799111 31.518610318416794
-8.117474122432252 11.598358372988166 31.220634625684937
-8.27247283235025 11.753363439812043 30.884991607299952
-8.46441299800951 11.94530831723469 30.50011371657936
-8.661726635745547 12.142626194872467 30.06589924859214
-8.889197505545477 12.370095176273109 29.576739010546063
-9.068436217199462 12.549316217847277 29.045223081044874
-9.240520619133397 12.72140580191704 28.46787904727987
-9.456147738088706 12.937038689617268 27.832822303882434
-9.689003946449654 13.169907255082698 27.13851128136618
-9.938587422056116 13.419492846079043 26.384529810233392
-10.09160768762732 13.572522766567852 25.59201309702598
-10.23297308704776 13.713898292107606 24.755064742682723
-10.41184097594162 13.892746037605146 23.862941071873493
-10.557101036191053 14.038016812549792 22.92348837951591
-10.656281076557786 14.137204853688639 21.94200609512483
-10.77455135562315 14.255482784098769 20.910813983829758
-10.781923645812364 14.262865434177805 19.851050945240956
-10.744230057249906 14.22516642422171 18.76165062471375
-10.67632879590539 14.157289771082871 17.640295075475038
-10.57590105598669 14.056878046867807 16.485350361215126
-10.431972769857726 13.912867807451851 15.2959435818826
-10.241018808841845 13.721911963461308 14.06895409711701
-9.99448442083509 13.475366746601388 12.799002996448767
-9.662998175925006 13.14385601035836 11.48002923147903
-9.211099777588606 12.69193642256 10.099442798661848
-8.597520368803439 12.078307797794036 8.62489865010481
-7.646157348798043 11.126958676401808 6.993818847349011
-5.807934677338867 9.288744482148356 5.006611874238805
-5.727234718058397 -9.208046655036757 5.128034997085507
-7.553641736268734 -11.034444840717365 7.181319138661223
-8.502473178814581 -11.98326179529624 8.866799285831275
-9.11202969939118 -12.592867767439587 10.391444776800672
-9.55568698977656 -13.036546247351696 11.81890038575417
-9.894173702016102 -13.375056978056579 13.180468514870633
-10.14010871057907 -13.621003287395716 14.493150841295776
-10.335132377303747 -13.81602859907959 15.761305586624614
-10.471808337635977 -13.95278639355072 16.991970925905957
-10.57142694244922 -14.05238862888196 18.18538842781468
-10.637708260572627 -14.118644747418957 19.343599644718022
-10.688415747517011 -14.169357419051058 20.467567992381998
-10.651446505426435 -14.132378407612416 21.56494936714028
-10.564324205092309 -14.045248457483837 22.624260782003972
-10.456287978372243 -13.93720399507362 23.638006285087133
-10.335664324647137 -13.816570451097867 24.604581838483238
-10.174067693940971 -13.654993609715225 25.525678138468788
-10.055854300358291 -13.536770208156458 26.392269754925614
-9.886618715038502 -13.367525085644985 27.219337466253613
-9.640879196755993 -13.121783453760212 28.0030822337096
-9.412768814857916 -12.893660831708571 28.72503228114818
-9.204219608234718 -12.685105502443527 29.386344057002063
-9.00203109721258 -12.482911809761488 29.991475221854124
-8.84308499694182 -12.323983024067983 30.541112754982567
-8.591418563504545 -12.0723193062177 31.052872278461678
-8.38403318960367 -11.86492933845905 31.503007232498785
-8.182918000153556 -11.663809555150639 31.899582412482946
-8.018516688104718 -11.499401886552452 32.24286073351081
-7.845051479235439 -11.325930791147151 32.54457690338104
-7.638618789260451 -11.119483742679128 32.80727189808057
-7.484303723348745 -10.965317771188626 33.02073599399108
-7.241839722381215 -10.722847060999564 33.20705542026751
-6.98195072378531 -10.462975390095162 33.34592279496689
-6.746135028897368 -10.227157575530217 33.428437656766796
-6.503530637254682 -9.98455035665498 33.46098786483626
-6.307190396464415 -9.788207642768368 33.43947240263652
-6.073151272599843 -9.55425332272093 33.38334664118583
-5.823661727434066 -9.304757537460944 33.28676964244178
-5.558281690505481 -9.039371141871717 33.14817976787035
-5.274925750184697 -8.756009550864151 32.966176416388016
-4.968791545503876 -8.449872162659997 32.738724960330885
-4.691435246632196 -8.172512207683278 32.458208104668145
-4.366703013320437 -7.847774321348391 32.1451128913387
-3.9257324865317895 -7.406798848971823 31.80171404101919
-3.4743141626204266 -6.955374636462963 31.389748797531226
-2.9332428200454004 -6.414297758828081 30.918175774825958
-2.3141541804599948 -5.795202409309637 30.377383322620734
-1.1870740917495355 -4.6681171394343925 29.829158019971693
1.4799763226673521 -2.0010897992917442 29.283188730259166
15.659819275701214 12.178591201570434 28.78238258026007
15.65403601909035 -12.17280830120355 27.774085220382485
1.4707053674445643 2.0103593329384237 28.252665962043714
-1.1993830330142883 4.680424777093478 28.773903494292952
-2.3333094092810356 5.814356688301769 29.294229141180853
-3.0096832495201644 6.490737592489757 29.790370501352502
-3.4977821773684723 6.978841819944021 30.254426779510382
-3.844553546065229 7.3256187234594075 30.696234534226182
-4.283254081311871 7.764324439745858 31.06011457171231
-4.56224486508886 8.043320641211935 31.405537758026412
-4.868466749113599 8.349545710196049 31.701521691060783
-5.192414266737375 8.673496646435966 31.940920102927308
-5.493178115805653 8.974266853865846 32.13208194878905
-5.775230343948122 9.256324733770827 32.27790045177958
-6.039478138169129 9.520578885991016 32.380774707914654
-6.26684439560867 9.74785962860493 32.44646013524076
-6.529414299638881 10.01043235938884 32.45943100662348
-6.781049872352851 10.262070641010176 32.42407906182935
-7.028868654040193 10.50989213232218 32.339352659759676
-7.302087604158431 10.783093876065598 32.19821683531427
-7.561010657153158 11.042023521749703 32.008019956660355
-7.76304277986991 11.243907493786786 31.78234973740404
-7.954564388277917 11.43544298799111 31.518610318416794
-8.117474122432252 11.598358372988166 31.220634625684937
-8.27247283235025 11.753363439812043 30.884991607299952
-8.46441299800951 11.94530831723469 30.50011371657936
-8.661726635745547 12.142626194872467 30.06589924859214
-8.889197505545477 12.370095176273109 29.576739010546063
-9.068436217199462 12.549316217847277 29.045223081044874
-9.240520619133397 12.72140580191704 28.46787904727987
-9.456147738088706 12.937038689617268 27.832822303882434
-9.689003946449654 13.169907255082698 27.13851128136618
-9.938587422056116 13.419492846079043 26.384529810233392
-10.09160768762732 13.572522766567852 25.59201309702598
-10.23297308704776 13.713898292107606 24.755064742682723
-10.41184097594162 13.892746037605146 23.862941071873493
-10.557101036191053 14.038016812549792 22.92348837951591
-10.656281076557786 14.137204853688639 21.94200609512483
-10.77455135562315 14.255482784098769 20.910813983829758
-10.781923645812364 14.262865434177805 19.851050945240956
-10.744230057249906 14.22516642422171 18.76165062471375
-10.67632879590539 14.157289771082871 17.640295075475038
-10.57590105598669 14.056878046867807 16.485350361215126
-10.431972769857726 13.912867807451851 15.2959435818826
-10.241018808841845 13.721911963461308 14.06895409711701
-9.99448442083509 13.475366746601388 12.799002996448767
-9.662998175925006 13.14385601035836 11.48002923147903
-9.211099777588606 12.69193642256 10.099442798661848
-8.597520368803439 12.078307797794036 8.62489865010481
-7.646157348798043 11.126958676401808 6.993818847349011
-5.807934677338867 9.288744482148356 5.006611874238805

VECTORS D float
-0.012400486540619217 -0.0 -0.005782441838738727
-0.01850142168516762 -0.0 -0.00862735461854862
-0.02220019371413673 -0.0 -0.010352120341426418
-0.024597710732051734 -0.0 -0.01147010088743712
-0.02607925731864414 -0.0 -0.012160957406678557
-0.02672682300332468 -0.0 -0.012462922244603478
-0.02642457565128726 -0.0 -0.012321981989691358
-0.025366164980871464 -0.0 -0.011828436988603508
-0.02339145585120506 -0.0 -0.01090761499881147
-0.020625597134331194 -0.0 -0.009617873897758429
-0.017057450629265336 -0.0 -0.007954019857027227
-0.012846752972122464 -0.0 -0.0059905392933261945
-0.007093035384886797 -0.0 -0.0033075367195371016
-0.00018206989191350001 -0.0 -8.490058491871792e-5
0.007517935824673725 0.0 0.0035056710485631727
0.01587963297911273 0.0 0.007404794466850941
0.02531089075845861 0.0 0.011802662195393832
0.034495036453824866 0.0 0.016085299666754378
0.044914082545038425 0.0 0.020943780649757167
0.05703049402434809 0.0 0.0265937561119164
0.0691746641201424 0.0 0.03225667562952221
0.0812263168357828 0.0 0.03787645358424981
0.09337376427623763 0.0 0.04354090135276924
0.10484028408817829 0.0 0.04888782735346318
0.11838271089071462 0.0 0.055202764681489394
0.1310769220554411 0.0 0.061122172561838044
0.14367013819824695 0.0 0.06699448569002954
0.15542670746119816 0.0 0.07247666397097337
0.16739076901526165 0.0 0.07805559749627096
0.18013119314673956 0.0 0.08399655483692187
0.19150399874242527 0.0 0.08929978118089812
0.20510183968934342 0.0 0.09564055854881967
0.2190291874634394 0.0 0.10213498747366861
0.23207823190263177 0.0 0.1082198568272689
0.245057192451943 0.0 0.11427204552630434
0.25641447995080985 0.0 0.11956803566289398
0.2686362282402693 0.0 0.1252671304863117
0.2810429336946123 0.0 0.1310524722521452
0.29361906059927495 0.0 0.13691681653771853
0.30640049177063017 0.0 0.14287689577510249
0.31950214741827226 0.0 0.14898629813810768
0.33117980448535217 0.0 0.1544316790577949
0.34410010901549626 0.0 0.16045651600589578
0.36064171057121724 0.0 0.16816999148947714
0.3768401486939194 0.0 0.175723447236243
0.3955231022350903 0.0 0.18443545154944507
0.41625115895166115 0.0 0.19410110313505324
0.4555454274713791 0.0 0.21242432146739657
0.552260090248523 0.0 0.25752310937625694
1.0810030502185222 0.0 0.5040800008058094
1.063310757347123 0.0 0.49582994914955486
0.5343873269014076 0.0 0.24918890295510504
0.4374853625523221 0.0 0.20400277488886387
0.3978380423608261 0.0 0.18551492585824597
0.3747778618615849 0.0 0.17476178709301324
0.35817607794142875 0.0 0.1670202481120099
0.3462766160572626 0.0 0.1614714379074997
0.3304144389135354 0.0 0.15407478323036852
0.31971106311000824 0.0 0.14908371712507293
0.3076085061470897 0.0 0.14344020213000688
0.2943970826876006 0.0 0.13727961419571852
0.2814960571188279 0.0 0.13126376717494637
0.26881351649656515 0.0 0.12534980135792337
0.25636042828264083 0.0 0.11954283095609072
0.24474223228399733 0.0 0.11412517718797748
0.2317826377945692 0.0 0.10808201903097382
0.21886887415624065 0.0 0.10206023215081768
0.20583020142982808 0.0 0.09598019920631476
0.19189734787559748 0.0 0.08948320289402496
0.1782197678281303 0.0 0.083105242572863
0.16596574389116095 0.0 0.07739109736783953
0.15396593524426005 0.0 0.07179549469939507
0.14267573549741414 0.0 0.06653078809534119
0.1315904733212806 0.0 0.06136164544995417
0.11968550418530698 0.0 0.055810267171750784
0.10771717940620248 0.0 0.05022934567196813
0.09521152115242504 0.0 0.04439786145796243
0.08386161469143696 0.0 0.03910531315586079
0.07283823313004746 0.0 0.03396502591502027
0.06119350408071483 0.0 0.028534999582176486
0.04949889668996709 0.0 0.023081714596754767
0.03785122090968407 0.0 0.017650314180702297
0.02822880521943152 0.0 0.013163308054386714
0.019187259019739878 0.0 0.008947165819908277
0.009989060300506404 0.0 0.004657975315898209
0.0017563298268453618 0.0 0.0008189900485040347
-0.005346384769337482 -0.0 -0.0024930601613853136
-0.012192165547931259 -0.0 -0.005685300164493881
-0.017124331520213656 -0.0 -0.007985206928660657
-0.021042160393407137 -0.0 -0.009812120535571546
-0.02416684085531962 -0.0 -0.011269182964248635
-0.026515433814683208 -0.0 -0.012364349847088788
-0.028032698173636534 -0.0 -0.01307186183711436
-0.028758644592204768 -0.0 -0.013410376211502921
-0.028710580116727114 -0.0 -0.013387963378502487
-0.02779014638756049 -0.0 -0.012958758081767928
-0.025953927433637673 -0.0 -0.012102515121504355
-0.02325661406462165 -0.0 -0.010844737241088325
-0.019293181791979416 -0.0 -0.00899655841977658
-0.012910931569626975 -0.0 -0.006020466264832196
-0.012400486540619217 -0.0 -0.005782441838738727
-0.01850142168516762 -0.0 -0.00862735461854862
-0.02220019371413673 -0.0 -0.010352120341426418
-0.024597710732051734 -0.0 -0.01147010088743712
-0.02607925731864414 -0.0 -0.012160957406678557
-0.02672682300332468 -0.0 -0.012462922244603478
-0.02642457565128726 -0.0 -0.012321981989691358
-0.025366164980871464 -0.0 -0.011828436988603508
-0.02339145585120506 -0.0 -0.01090761499881147
-0.020625597134331194 -0.0 -0.009617873897758429
-0.017057450629265336 -0.0 -0.007954019857027227
-0.012846752972122464 -0.0 -0.0059905392933261945
-0.007093035384886797 -0.0 -0.0033075367195371016
-0.00018206989191350001 -0.0 -8.490058491871792e-5
0.007517935824673725 0.0 0.0035056710485631727
0.01587963297911273 0.0 0.007404794466850941
0.02531089075845861 0.0 0.011802662195393832
0.034495036453824866 0.0 0.016085299666754378
0.044914082545038425 0.0 0.020943780649757167
0.05703049402434809 0.0 0.0265937561119164
0.0691746641201424 0.0 0.03225667562952221
0.0812263168357828 0.0 0.03787645358424981
0.09337376427623763 0.0 0.04354090135276924
0.10484028408817829 0.0 0.04888782735346318
0.11838271089071462 0.0 0.055202764681489394
0.1310769220554411 0.0 0.061122172561838044
0.14367013819824695 0.0 0.06699448569002954
0.15542670746119816 0.0 0.07247666397097337
0.16739076901526165 0.0 0.07805559749627096
0.18013119314673956 0.0 0.08399655483692187
0.19150399874242527 0.0 0.08929978118089812
0.20510183968934342 0.0 0.09564055854881967
0.2190291874634394 0.0 0.10213498747366861
0.23207823190263177 0.0 0.1082198568272689
0.245057192451943 0.0 0.11427204552630434
0.25641447995080985 0.0 0.11956803566289398
0.2686362282402693 0.0 0.1252671304863117
0.2810429336946123 0.0 0.1310524722521452
0.29361906059927495 0.0 0.13691681653771853
0.30640049177063017 0.0 0.14287689577510249
0.31950214741827226 0.0 0.14898629813810768
0.33117980448535217 0.0 0.1544316790577949
0.34410010901549626 0.0 0.16045651600589578
0.36064171057121724 0.0 0.16816999148947714
0.3768401486939194 0.0 0.175723447236243
0.3955231022350903 0.0 0.18443545154944507
0.41625115895166115 0.0 0.19410110313505324
0.4555454274713791 0.0 0.21242432146739657
0.552260090248523 0.0 0.25752310937625694
1.0810030502185222 0.0 0.5040800008058094
1.063310757347123 0.0 0.49582994914955486
0.5343873269014076 0.0 0.24918890295510504
0.4374853625523221 0.0 0.20400277488886387
0.3978380423608261 0.0 0.18551492585824597
0.3747778618615849 0.0 0.17476178709301324
0.35817607794142875 0.0 0.1670202481120099
0.3462766160572626 0.0 0.1614714379074997
0.3304144389135354 0.0 0.15407478323036852
0.31971106311000824 0.0 0.14908371712507293
0.3076085061470897 0.0 0.14344020213000688
0.2943970826876006 0.0 0.13727961419571852
0.2814960571188279 0.0 0.13126376717494637
0.26881351649656515 0.0 0.12534980135792337
0.25636042828264083 0.0 0.11954283095609072
0.24474223228399733 0.0 0.11412517718797748
0.2317826377945692 0.0 0.10808201903097382
0.21886887415624065 0.0 0.10206023215081768
0.20583020142982808 0.0 0.09598019920631476
0.19189734787559748 0.0 0.08948320289402496
0.1782197678281303 0.0 0.083105242572863
0.16596574389116095 0.0 0.07739109736783953
0.15396593524426005 0.0 0.07179549469939507
0.14267573549741414 0.0 0.06653078809534119
0.1315904733212806 0.0 0.06136164544995417
0.11968550418530698 0.0 0.055810267171750784
0.10771717940620248 0.0 0.05022934567196813
0.09521152115242504 0.0 0.04439786145796243
0.08386161469143696 0.0 0.03910531315586079
0.07283823313004746 0.0 0.03396502591502027
0.06119350408071483 0.0 0.028534999582176486
0.04949889668996709 0.0 0.023081714596754767
0.03785122090968407 0.0 0.017650314180702297
0.02822880521943152 0.0 0.013163308054386714
0.019187259019739878 0.0 0.008947165819908277
0.009989060300506404 0.0 0.004657975315898209
0.0017563298268453618 0.0 0.0008189900485040347
-0.005346384769337482 -0.0 -0.0024930601613853136
-0.012192165547931259 -0.0 -0.005685300164493881
-0.017124331520213656 -0.0 -0.007985206928660657
-0.021042160393407137 -0.0 -0.009812120535571546
-0.02416684085531962 -0.0 -0.011269182964248635
-0.026515433814683208 -0.0 -0.012364349847088788
-0.028032698173636534 -0.0 -0.01307186183711436
-0.028758644592204768 -0.0 -0.013410376211502921
-0.028710580116727114 -0.0 -0.013387963378502487
-0.02779014638756049 -0.0 -0.012958758081767928
-0.025953927433637673 -0.0 -0.012102515121504355
-0.02325661406462165 -0.0 -0.010844737241088325
-0.019293181791979416 -0.0 -0.00899655841977658
-0.012910931569626975 -0.0 -0.006020466264832196

VECTORS funs-vector float
0.0 0.0 -7.850158365776208e-8
0.0 0.0 -1.0683590739352607e-7
0.0 0.0 -1.1720091515469862e-7
0.0 0.0 -1.1607236577953538e-7
0.0 0.0 -8.109894428736716e-8
0.0 0.0 -1.815500060589867e-7
0.0 0.0 -1.7385853920162935e-7
0.0 0.0 -2.3332108415016517e-7
0.0 0.0 -2.7894917115583506e-7
0.0 0.0 -3.651031816270296e-7
0.0 0.0 -4.2871954519796455e-7
0.0 0.0 -3.5638143006363803e-7
0.0 0.0 -3.9170456744841447e-7
0.0 0.0 -3.2330394749248064e-7
0.0 0.0 -3.2689698317963955e-7
0.0 0.0 -2.974113348324699e-7
0.0 0.0 -2.437713507416365e-7
0.0 0.0 -2.3783456077291545e-7
0.0 0.0 -2.9330058866476493e-7
0.0 0.0 -2.2251944965422487e-7
0.0 0.0 -2.8031325236745707e-7
0.0 0.0 -3.2519294796367675e-7
0.0 0.0 -3.733464504824208e-7
0.0 0.0 -1.7116290639375045e-7
0.0 0.0 -1.6573559688285144e-7
0.0 0.0 -2.8744826155699144e-7
0.0 0.0 3.7164259548593376e-8
0.0 0.0 2.2417524612385692e-7
0.0 0.0 4.445571726498863e-7
0.0 0.0 7.874824554867454e-7
0.0 0.0 5.851656691323694e-7
0.0 0.0 6.449379813230653e-7
0.0 0.0 3.68556637330254e-7
0.0 0.0 7.580329111078756e-7
0.0 0.0 7.332650481957488e-7
0.0 0.0 6.69027678348109e-7
0.0 0.0 7.31592611461193e-7
0.0 0.0 7.384531463892264e-7
0.0 0.0 5.4738463846475e-7
0.0 0.0 5.173934744882239e-7
0.0 0.0 4.7635431599246685e-7
0.0 0.0 4.5351588278725274e-7
0.0 0.0 2.994218633034507e-7
0.0 0.0 5.553642762637621e-7
0.0 0.0 8.206162866806404e-7
0.0 0.0 9.483985030039386e-7
0.0 0.0 9.758722411974803e-7
0.0 0.0 8.237842446977664e-7
0.0 0.0 3.808856919559649e-7
0.0 0.0 5.184635576618101e-7
0.0 0.0 1.8722911221402685e-7
0.0 0.0 3.281496286821164e-7
0.0 0.0 4.579321610394386e-7
0.0 0.0 8.795273299969353e-7
0.0 0.0 5.596354778380044e-7
0.0 0.0 1.8437425549936134e-7
0.0 0.0 -6.140215705582622e-7
0.0 0.0 -2.3134431679429995e-7
0.0 0.0 -1.661052871006839e-7
0.0 0.0 -1.3920494720568146e-7
0.0 0.0 -1.12081135160803e-7
0.0 0.0 -7.080030234812346e-8
0.0 0.0 -1.393264752054661e-8
0.0 0.0 -1.7024216509236634e-7
0.0 0.0 -1.5620126574007875e-7
0.0 0.0 -2.2721242487477877e-7
0.0 0.0 -3.470119997411366e-7
0.0 0.0 -4.0952334759677727e-7
0.0 0.0 -4.908934621219241e-7
0.0 0.0 -3.3059100184635276e-7
0.0 0.0 -4.5592667871377757e-7
0.0 0.0 -5.855254472790381e-7
0.0 0.0 -6.947598356015821e-7
0.0 0.0 -7.01983873212116e-7
0.0 0.0 -3.9258722236726595e-7
0.0 0.0 -4.0669089817025804e-7
0.0 0.0 -4.057217379030673e-7
0.0 0.0 -2.2875516365998432e-7
0.0 0.0 -2.46560307201352e-7
0.0 0.0 -7.592310101823718e-8
0.0 0.0 -8.885709235073594e-8
0.0 0.0 -6.003825606368002e-8
0.0 0.0 -4.22435051787447e-8
0.0 0.0 7.705734232517487e-8
0.0 0.0 4.6993129387828984e-8
0.0 0.0 -3.555850402004912e-9
0.0 0.0 -3.984772754186205e-9
0.0 0.0 -5.806491287785321e-9
0.0 0.0 4.483596233678162e-8
0.0 0.0 2.087818596795512e-8
0.0 0.0 -7.582584257451431e-9
0.0 0.0 -5.05872764284215e-8
0.0 0.0 -6.578296210787732e-8
0.0 0.0 -1.1227760442590231e-7
0.0 0.0 -1.6507743535757162e-8
0.0 0.0 1.8761658408679566e-8
0.0 0.0 8.34277403524456e-8
0.0 0.0 4.311636817274949e-8
0.0 0.0 4.1180105144049294e-8
0.0 0.0 3.844001819882952e-8
0.0 0.0 -7.850158365776208e-8
0.0 0.0 -1.0683590739352607e-7
0.0 0.0 -1.1720091515469862e-7
0.0 0.0 -1.1607236577953538e-7
0.0 0.0 -8.109894428736716e-8
0.0 0.0 -1.815500060589867e-7
0.0 0.0 -1.7385853920162935e-7
0.0 0.0 -2.3332108415016517e-7
0.0 0.0 -2.7894917115583506e-7
0.0 0.0 -3.651031816270296e-7
0.0 0.0 -4.2871954519796455e-7
0.0 0.0 -3.5638143006363803e-7
0.0 0.0 -3.9170456744841447e-7
0.0 0.0 -3.2330394749248064e-7
0.0 0.0 -3.2689698317963955e-7
0.0 0.0 -2.974113348324699e-7
0.0 0.0 -2.437713507416365e-7
0.0 0.0 -2.3783456077291545e-7
0.0 0.0 -2.9330058866476493e-7
0.0 0.0 -2.2251944965422487e-7
0.0 0.0 -2.8031325236745707e-7
0.0 0.0 -3.2519294796367675e-7
0.0 0.0 -3.733464504824208e-7
0.0 0.0 -1.7116290639375045e-7
0.0 0.0 -1.6573559688285144e-7
0.0 0.0 -2.8744826155699144e-7
0.0 0.0 3.7164259548593376e-8
0.0 0.0 2.2417524612385692e-7
0.0 0.0 4.445571726498863e-7
0.0 0.0 7.874824554867454e-7
0.0 0.0 5.851656691323694e-7
0.0 0.0 6.449379813230653e-7
0.0 0.0 3.68556637330254e-7
0.0 0.0 7.580329111078756e-7
0.0 0.0 7.332650481957488e-7
0.0 0.0 6.69027678348109e-7
0.0 0.0 7.31592611461193e-7
0.0 0.0 7.384531463892264e-7
0.0 0.0 5.4738463846475e-7
0.0 0.0 5.173934744882239e-7
0.0 0.0 4.7635431599246685e-7
0.0 0.0 4.5351588278725274e-7
0.0 0.0 2.994218633034507e-7
0.0 0.0 5.553642762637621e-7
0.0 0.0 8.206162866806404e-7
0.0 0.0 9.483985030039386e-7
0.0 0.0 9.758722411974803e-7
0.0 0.0 8.237842446977664e-7
0.0 0.0 3.808856919559649e-7
0.0 0.0 5.184635576618101e-7
0.0 0.0 1.8722911221402685e-7
0.0 0.0 3.281496286821164e-7
0.0 0.0 4.579321610394386e-7
0.0 0.0 8.795273299969353e-7
0.0 0.0 5.596354778380044e-7
0.0 0.0 1.8437425549936134e-7
0.0 0.0 -6.140215705582622e-7
0.0 0.0 -2.3134431679429995e-7
0.0 0.0 -1.661052871006839e-7
0.0 0.0 -1.3920494720568146e-7
0.0 0.0 -1.12081135160803e-7
0.0 0.0 -7.080030234812346e-8
0.0 0.0 -1.393264752054661e-8
0.0 0.0 -1.7024216509236634e-7
0.0 0.0 -1.5620126574007875e-7
0.0 0.0 -2.2721242487477877e-7
0.0 0.0 -3.470119997411366e-7
0.0 0.0 -4.0952334759677727e-7
0.0 0.0 -4.908934621219241e-7
0.0 0.0 -3.3059100184635276e-7
0.0 0.0 -4.5592667871377757e-7
0.0 0.0 -5.855254472790381e-7
0.0 0.0 -6.947598356015821e-7
0.0 0.0 -7.01983873212116e-7
0.0 0.0 -3.9258722236726595e-7
0.0 0.0 -4.0669089817025804e-7
0.0 0.0 -4.057217379030673e-7
0.0 0.0 -2.2875516365998432e-7
0.0 0.0 -2.46560307201352e-7
0.0 0.0 -7.592310101823718e-8
0.0 0.0 -8.885709235073594e-8
0.0 0.0 -6.003825606368002e-8
0.0 0.0 -4.22435051787447e-8
0.0 0.0 7.705734232517487e-8
0.0 0.0 4.6993129387828984e-8
0.0 0.0 -3.555850402004912e-9
0.0 0.0 -3.984772754186205e-9
0.0 0.0 -5.806491287785321e-9
0.0 0.0 4.483596233678162e-8
0.0 0.0 2.087818596795512e-8
0.0 0.0 -7.582584257451431e-9
0.0 0.0 -5.05872764284215e-8
0.0 0.0 -6.578296210787732e-8
0.0 0.0 -1.1227760442590231e-7
0.0 0.0 -1.6507743535757162e-8
0.0 0.0 1.8761658408679566e-8
0.0 0.0 8.34277403524456e-8
0.0 0.0 4.311636817274949e-8
0.0 0.0 4.1180105144049294e-8
0.0 0.0 3.844001819882952e-8

VECTORS S float
-0.0 -0.04167059658979319 0.0
-0.0 -0.05910777462321419 0.0
-0.0 -0.074150823256736 0.0
-0.0 -0.08839025003190773 0.0
-0.0 -0.10234051602304284 0.0
-0.0 -0.11611534623109263 0.0
-0.0 -0.1295723840363567 0.0
-0.0 -0.14291156439733463 0.0
-0.0 -0.1559238117016439 0.0
-0.0 -0.1687173057012007 0.0
-0.0 -0.18124829840108725 0.0
-0.0 -0.19367697703787032 0.0
-0.0 -0.20491843812534077 0.0
-0.0 -0.21532955421790093 0.0
-0.0 -0.22525779703726123 0.0
-0.0 -0.2347924923529495 0.0
-0.0 -0.2433968410112891 0.0
-0.0 -0.25254138225293027 0.0
-0.0 -0.2604951189964351 0.0
-0.0 -0.2666132164604835 0.0
-0.0 -0.2726954246574431 0.0
-0.0 -0.278828503441503 0.0
-0.0 -0.28475999892915016 0.0
-0.0 -0.29137828568488655 0.0
-0.0 -0.2954627357918972 0.0
-0.0 -0.30024919108787834 0.0
-0.0 -0.30485476145172086 0.0
-0.0 -0.3101160407541261 0.0
-0.0 -0.3148520505932747 0.0
-0.0 -0.31835556441609625 0.0
-0.0 -0.32305616409884347 0.0
-0.0 -0.3248254752439167 0.0
-0.0 -0.32565011192519683 0.0
-0.0 -0.32681138185904235 0.0
-0.0 -0.3273580249494833 0.0
-0.0 -0.3290566594255133 0.0
-0.0 -0.3291332141764054 0.0
-0.0 -0.3282725364416622 0.0
-0.0 -0.32642326366969904 0.0
-0.0 -0.32346876099593036 0.0
-0.0 -0.3191828686998158 0.0
-0.0 -0.31549899984779656 0.0
-0.0 -0.30948564348987195 0.0
-0.0 -0.29825186412243526 0.0
-0.0 -0.28585557418254426 0.0
-0.0 -0.2689497199726253 0.0
-0.0 -0.24780823090557672 0.0
-0.0 -0.20349318591260263 0.0
-0.0 -0.08889509155919367 0.0
0.0 0.5511366091037964 -0.0
-0.0 -0.5508749065762844 0.0
0.0 0.08930687519955015 -0.0
0.0 0.20402970209750043 -0.0
0.0 0.24862728564362804 -0.0
0.0 0.2721548209253796 -0.0
0.0 0.28682004059291616 -0.0
0.0 0.2949829588561427 -0.0
0.0 0.306194705288876 -0.0
0.0 0.3105115726069823 -0.0
0.0 0.3153931681827573 -0.0
0.0 0.32042052917223185 -0.0
0.0 0.32407226448665544 -0.0
0.0 0.32656382353320323 -0.0
0.0 0.3279731679412769 -0.0
0.0 0.3277002535093706 -0.0
0.0 0.3282066041036798 -0.0
0.0 0.3279270376109154 -0.0
0.0 0.32711035069932887 -0.0
0.0 0.3266505222882725 -0.0
0.0 0.32531604074425247 -0.0
0.0 0.3219178695039289 -0.0
0.0 0.3178964043313574 -0.0
0.0 0.31278470074906506 -0.0
0.0 0.30719541422185176 -0.0
0.0 0.302283229611785 -0.0
0.0 0.2971834544988849 -0.0
0.0 0.2924685241112593 -0.0
0.0 0.2862748153008076 -0.0
0.0 0.2796264123098799 -0.0
0.0 0.27361284784217993 -0.0
0.0 0.2675910135338834 -0.0
0.0 0.2615078231321308 -0.0
0.0 0.2532083803907026 -0.0
0.0 0.24444680222143833 -0.0
0.0 0.2360869855034631 -0.0
0.0 0.22688716783400273 -0.0
0.0 0.21673934984110824 -0.0
0.0 0.20670344244863212 -0.0
0.0 0.19495511190051798 -0.0
0.0 0.18261577190925832 -0.0
0.0 0.169976781121678 -0.0
0.0 0.15708704654905656 -0.0
0.0 0.1439132591075239 -0.0
0.0 0.13053229700692842 -0.0
0.0 0.1169861839048319 -0.0
0.0 0.1031829275262156 -0.0
0.0 0.08908562009043364 -0.0
0.0 0.07473895522387768 -0.0
0.0 0.05960333983090044 -0.0
0.0 0.042035790938303674 -0.0
-0.0 -0.04167059658979319 0.0
-0.0 -0.05910777462321419 0.0
-0.0 -0.074150823256736 0.0
-0.0 -0.08839025003190773 0.0
-0.0 -0.10234051602304284 0.0
-0.0 -0.11611534623109263 0.0
-0.0 -0.1295723840363567 0.0
-0.0 -0.14291156439733463 0.0
-0.0 -0.1559238117016439 0.0
-0.0 -0.1687173057012007 0.0
-0.0 -0.18124829840108725 0.0
-0.0 -0.19367697703787032 0.0
-0.0 -0.20491843812534077 0.0
-0.0 -0.21532955421790093 0.0
-0.0 -0.22525779703726123 0.0
-0.0 -0.2347924923529495 0.0
-0.0 -0.2433968410112891 0.0
-0.0 -0.25254138225293027 0.0
-0.0 -0.2604951189964351 0.0
-0.0 -0.2666132164604835 0.0
-0.0 -0.2726954246574431 0.0
-0.0 -0.278828503441503 0.0
-0.0 -0.28475999892915016 0.0
-0.0 -0.29137828568488655 0.0
-0.0 -0.2954627357918972 0.0
-0.0 -0.30024919108787834 0.0
-0.0 -0.30485476145172086 0.0
-0.0 -0.3101160407541261 0.0
-0.0 -0.3148520505932747 0.0
-0.0 -0.31835556441609625 0.0
-0.0 -0.32305616409884347 0.0
-0.0 -0.3248254752439167 0.0
-0.0 -0.32565011192519683 0.0
-0.0 -0.32681138185904235 0.0
-0.0 -0.3273580249494833 0.0
-0.0 -0.3290566594255133 0.0
-0.0 -0.3291332141764054 0.0
-0.0 -0.3282725364416622 0.0
-0.0 -0.32642326366969904 0.0
-0.0 -0.32346876099593036 0.0
-0.0 -0.3191828686998158 0.0
-0.0 -0.31549899984779656 0.0
-0.0 -0.30948564348987195 0.0
-0.0 -0.29825186412243526 0.0
-0.0 -0.28585557418254426 0.0
-0.0 -0.2689497199726253 0.0
-0.0 -0.24780823090557672 0.0
-0.0 -0.20349318591260263 0.0
-0.0 -0.08889509155919367 0.0
0.0 0.5511366091037964 -0.0
-0.0 -0.5508749065762844 0.0
0.0 0.08930687519955015 -0.0
0.0 0.20402970209750043 -0.0
0.0 0.24862728564362804 -0.0
0.0 0.2721548209253796 -0.0
0.0 0.28682004059291616 -0.0
0.0 0.2949829588561427 -0.0
0.0 0.306194705288876 -0.0
0.0 0.3105115726069823 -0.0
0.0 0.3153931681827573 -0.0
0.0 0.32042052917223185 -0.0
0.0 0.32407226448665544 -0.0
0.0 0.32656382353320323 -0.0
0.0 0.3279731679412769 -0.0
0.0 0.3277002535093706 -0.0
0.0 0.3282066041036798 -0.0
0.0 0.3279270376109154 -0.0
0.0 0.32711035069932887 -0.0
0.0 0.3266505222882725 -0.0
0.0 0.32531604074425247 -0.0
0.0 0.3219178695039289 -0.0
0.0 0.3178964043313574 -0.0
0.0 0.31278470074906506 -0.0
0.0 0.30719541422185176 -0.0
0.0 0.302283229611785 -0.0
0.0 0.2971834544988849 -0.0
0.0 0.2924685241112593 -0.0
0.0 0.2862748153008076 -0.0
0.0 0.2796264123098799 -0.0
0.0 0.27361284784217993 -0.0
0.0 0.2675910135338834 -0.0
0.0 0.2615078231321308 -0.0
0.0 0.2532083803907026 -0.0
0.0 0.24444680222143833 -0.0
0.0 0.2360869855034631 -0.0
0.0 0.22688716783400273 -0.0
0.0 0.21673934984110824 -0.0
0.0 0.20670344244863212 -0.0
0.0 0.19495511190051798 -0.0
0.0 0.18261577190925832 -0.0
0.0 0.169976781121678 -0.0
0.0 0.15708704654905656 -0.0
0.0 0.1439132591075239 -0.0
0.0 0.13053229700692842 -0.0
0.0 0.1169861839048319 -0.0
0.0 0.1031829275262156 -0.0
0.0 0.08908562009043364 -0.0
0.0 0.07473895522387768 -0.0
0.0 0.05960333983090044 -0.0
0.0 0.042035790938303674 -0.0

VECTORS Vvpm_ApA float
0.09956224262714386 0.1495802104473114 -0.3691253662109375
0.09950906038284302 0.1495620757341385 -0.3685920834541321
0.10459342598915099 0.15039120614528656 -0.4142603874206543
0.10798363387584686 0.15127357840538025 -0.4404116570949554
0.1123209297657013 0.15261006355285645 -0.47063785791397095
0.11347629129886627 0.1529933661222458 -0.47823190689086914
0.12068900465965271 0.155551940202713 -0.5223361253738403
0.12150664627552032 0.15585599839687347 -0.5270439982414246
0.12814024090766907 0.1583888828754425 -0.5635681748390198
0.1317356377840042 0.1597978174686432 -0.5823125839233398
0.13323451578617096 0.16039127111434937 -0.5899519920349121
0.13108088076114655 0.1595369130373001 -0.5789408683776855
0.13360290229320526 0.16053712368011475 -0.5918211340904236
0.13151857256889343 0.15970928966999054 -0.5812047123908997
0.13022640347480774 0.15919777750968933 -0.5745161771774292
0.12721532583236694 0.15802060067653656 -0.558616578578949
0.1280156522989273 0.1583293378353119 -0.5628761649131775
0.130391463637352 0.15925820171833038 -0.5753602385520935
0.1298518031835556 0.15904510021209717 -0.5725476145744324
0.1305358111858368 0.1593121439218521 -0.5760968923568726
0.12573464214801788 0.1574396789073944 -0.5505861639976501
0.12497332692146301 0.15714533627033234 -0.5464078783988953
0.125593364238739 0.15738150477409363 -0.5497902035713196
0.12453955411911011 0.1569778472185135 -0.544012188911438
0.12223708629608154 0.15610457956790924 -0.5311233401298523
0.12277981638908385 0.1563078761100769 -0.5341875553131104
0.12942518293857574 0.1588650792837143 -0.5702766180038452
0.12844733893871307 0.15848039090633392 -0.5651124715805054
0.12769922614097595 0.15818770229816437 -0.5611339211463928
0.12818260490894318 0.15837489068508148 -0.5636999011039734
0.1224980354309082 0.15619319677352905 -0.5325764417648315
0.12299898266792297 0.15638035535812378 -0.535389244556427
0.12349210679531097 0.1565653681755066 -0.5381422638893127
0.116815447807312 0.15410661697387695 -0.4991489052772522
0.11724454164505005 0.15425841510295868 -0.5017635226249695
0.11767005920410155 0.154410257935524 -0.5043405294418335
0.11809127032756807 0.15456146001815796 -0.5068783164024353
0.11850903928279877 0.1547119915485382 -0.5093775391578674
0.11892303824424742 0.1548616737127304 -0.5118380784988403
0.11677090823650361 0.15408648550510406 -0.49883946776390076
0.11721457540988924 0.1542442888021469 -0.5015518069267273
0.11549706757068634 0.15363751351833344 -0.49093863368034363
0.12488305568695068 0.15708111226558685 -0.5458379983901978
0.125251904129982 0.1572222113609314 -0.547860860824585
0.12561607360839844 0.1573619246482849 -0.5498493313789368
0.12597553431987762 0.15749990940093994 -0.5518037676811218
0.12633025646209717 0.157636359333992 -0.5537246465682983
0.1266801357269287 0.15777109563350677 -0.5556125044822693
0.1217704713344574 0.1558961421251297 -0.5283801555633545
0.12611517310142517 0.15755556523799896 -0.5525707602500916
0.1392618715763092 0.16275568306446075 -0.6196397542953491
0.1261151134967804 0.1575564742088318 -0.5525700449943542
0.12177170813083647 0.15589821338653564 -0.5283786654472351
0.126679465174675 0.15777228772640228 -0.5556111335754395
0.12632916867733002 0.1576373428106308 -0.5537227988243103
0.1259743571281433 0.15750116109848022 -0.5518019199371338
0.12561483681201935 0.15736284852027893 -0.549847424030304
0.1252516359090805 0.1572231501340866 -0.5478599071502686
0.12488381564617157 0.15708176791667938 -0.5458378195762634
0.11549724638462068 0.15363909304141998 -0.4909376800060272
0.11721470952033997 0.1542450487613678 -0.5015512704849243
0.11677117645740508 0.15408729016780853 -0.49883943796157837
0.1189238578081131 0.15486283600330353 -0.5118378400802612
0.1185101717710495 0.1547129601240158 -0.5093777179718018
0.11809249222278595 0.15456239879131317 -0.5068783760070801
0.11767126619815826 0.1544111669063568 -0.5043407082557678
0.11724571883678436 0.15425944328308105 -0.5017638802528381
0.11681662499904633 0.15410757064819336 -0.49914872646331787
0.12349411845207214 0.15656693279743195 -0.5381418466567993
0.12300059199333191 0.1563819944858551 -0.5353886485099792
0.1224994957447052 0.15619468688964844 -0.5325755476951599
0.12818288803100586 0.15837565064430237 -0.5636990666389465
0.12769919633865356 0.15818846225738525 -0.5611331462860107
0.12844674289226532 0.15848110616207123 -0.5651118755340576
0.12942489981651306 0.15886588394641876 -0.5702759623527527
0.12277916073799132 0.1563091278076172 -0.5341861844062805
0.12223646044731139 0.15610584616661072 -0.5311219096183777
0.12453979253768921 0.15697918832302094 -0.544011116027832
0.1255938857793808 0.15738297998905182 -0.549789309501648
0.12497416138648985 0.15714669227600098 -0.5464071035385132
0.12573611736297607 0.1574409157037735 -0.5505855083465576
0.13053683936595917 0.15931285917758942 -0.5760968327522278
0.12985281646251678 0.15904586017131805 -0.5725471377372742
0.13039278984069824 0.15925906598567963 -0.5753601789474487
0.12801706790924072 0.15833093225955963 -0.5628754496574402
0.12721660733222961 0.1580222100019455 -0.5586159825325012
0.13022761046886444 0.15919898450374603 -0.5745154619216919
0.13152001798152924 0.15971052646636963 -0.5812044143676758
0.13360486924648285 0.16053836047649384 -0.5918208360671997
0.1310826689004898 0.1595386564731598 -0.5789399147033691
0.13323642313480377 0.16039258241653442 -0.5899515151977539
0.13173726201057434 0.15979908406734467 -0.5823124647140503
0.12814131379127502 0.15838941931724548 -0.5635679960250854
0.1215067058801651 0.15585660934448242 -0.5270436406135559
0.12068812549114229 0.15555188059806824 -0.5223362445831299
0.11347448825836182 0.15299327671527863 -0.4782315194606781
0.11231845617294312 0.1526092290878296 -0.47063785791397095
0.10798099637031557 0.15127241611480713 -0.44041177630424505
0.10458989441394805 0.15038932859897614 -0.4142603278160095
0.09950506687164307 0.1495601087808609 -0.3685912489891052
0.09956224262714386 0.1495802104473114 -0.3691253662109375
0.09950906038284302 0.1495620757341385 -0.3685920834541321
0.10459342598915099 0.15039120614528656 -0.4142603874206543
0.10798363387584686 0.15127357840538025 -0.4404116570949554
0.1123209297657013 0.15261006355285645 -0.47063785791397095
0.11347629129886627 0.1529933661222458 -0.47823190689086914
0.12068900465965271 0.155551940202713 -0.5223361253738403
0.12150664627552032 0.15585599839687347 -0.5270439982414246
0.12814024090766907 0.1583888828754425 -0.5635681748390198
0.1317356377840042 0.1597978174686432 -0.5823125839233398
0.13323451578617096 0.16039127111434937 -0.5899519920349121
0.13108088076114655 0.1595369130373001 -0.5789408683776855
0.13360290229320526 0.16053712368011475 -0.5918211340904236
0.13151857256889343 0.15970928966999054 -0.5812047123908997
0.13022640347480774 0.15919777750968933 -0.5745161771774292
0.12721532583236694 0.15802060067653656 -0.558616578578949
0.1280156522989273 0.1583293378353119 -0.5628761649131775
0.130391463637352 0.15925820171833038 -0.5753602385520935
0.1298518031835556 0.15904510021209717 -0.5725476145744324
0.1305358111858368 0.1593121439218521 -0.5760968923568726
0.12573464214801788 0.1574396789073944 -0.5505861639976501
0.12497332692146301 0.15714533627033234 -0.5464078783988953
0.125593364238739 0.15738150477409363 -0.5497902035713196
0.12453955411911011 0.1569778472185135 -0.544012188911438
0.12223708629608154 0.15610457956790924 -0.5311233401298523
0.12277981638908385 0.1563078761100769 -0.5341875553131104
0.12942518293857574 0.1588650792837143 -0.5702766180038452
0.12844733893871307 0.15848039090633392 -0.5651124715805054
0.12769922614097595 0.15818770229816437 -0.5611339211463928
0.12818260490894318 0.15837489068508148 -0.5636999011039734
0.1224980354309082 0.15619319677352905 -0.5325764417648315
0.12299898266792297 0.15638035535812378 -0.535389244556427
0.12349210679531097 0.1565653681755066 -0.5381422638893127
0.116815447807312 0.15410661697387695 -0.4991489052772522
0.11724454164505005 0.15425841510295868 -0.5017635226249695
0.11767005920410155 0.154410257935524 -0.5043405294418335
0.11809127032756807 0.15456146001815796 -0.5068783164024353
0.11850903928279877 0.1547119915485382 -0.5093775391578674
0.11892303824424742 0.1548616737127304 -0.5118380784988403
0.11677090823650361 0.15408648550510406 -0.49883946776390076
0.11721457540988924 0.1542442888021469 -0.5015518069267273
0.11549706757068634 0.15363751351833344 -0.49093863368034363
0.12488305568695068 0.15708111226558685 -0.5458379983901978
0.125251904129982 0.1572222113609314 -0.547860860824585
0.12561607360839844 0.1573619246482849 -0.5498493313789368
0.12597553431987762 0.15749990940093994 -0.5518037676811218
0.12633025646209717 0.157636359333992 -0.5537246465682983
0.1266801357269287 0.15777109563350677 -0.5556125044822693
0.1217704713344574 0.1558961421251297 -0.5283801555633545
0.12611517310142517 0.15755556523799896 -0.5525707602500916
0.1392618715763092 0.16275568306446075 -0.6196397542953491
0.1261151134967804 0.1575564742088318 -0.5525700449943542
0.12177170813083647 0.15589821338653564 -0.5283786654472351
0.126679465174675 0.15777228772640228 -0.5556111335754395
0.12632916867733002 0.1576373428106308 -0.5537227988243103
0.1259743571281433 0.15750116109848022 -0.5518019199371338
0.12561483681201935 0.15736284852027893 -0.549847424030304
0.1252516359090805 0.1572231501340866 -0.5478599071502686
0.12488381564617157 0.15708176791667938 -0.5458378195762634
0.11549724638462068 0.15363909304141998 -0.4909376800060272
0.11721470952033997 0.1542450487613678 -0.5015512704849243
0.11677117645740508 0.15408729016780853 -0.49883943796157837
0.1189238578081131 0.15486283600330353 -0.5118378400802612
0.1185101717710495 0.1547129601240158 -0.5093777179718018
0.11809249222278595 0.15456239879131317 -0.5068783760070801
0.11767126619815826 0.1544111669063568 -0.5043407082557678
0.11724571883678436 0.15425944328308105 -0.5017638802528381
0.11681662499904633 0.15410757064819336 -0.49914872646331787
0.12349411845207214 0.15656693279743195 -0.5381418466567993
0.12300059199333191 0.1563819944858551 -0.5353886485099792
0.1224994957447052 0.15619468688964844 -0.5325755476951599
0.12818288803100586 0.15837565064430237 -0.5636990666389465
0.12769919633865356 0.15818846225738525 -0.5611331462860107
0.12844674289226532 0.15848110616207123 -0.5651118755340576
0.12942489981651306 0.15886588394641876 -0.5702759623527527
0.12277916073799132 0.1563091278076172 -0.5341861844062805
0.12223646044731139 0.15610584616661072 -0.5311219096183777
0.12453979253768921 0.15697918832302094 -0.544011116027832
0.1255938857793808 0.15738297998905182 -0.549789309501648
0.12497416138648985 0.15714669227600098 -0.5464071035385132
0.12573611736297607 0.1574409157037735 -0.5505855083465576
0.13053683936595917 0.15931285917758942 -0.5760968327522278
0.12985281646251678 0.15904586017131805 -0.5725471377372742
0.13039278984069824 0.15925906598567963 -0.5753601789474487
0.12801706790924072 0.15833093225955963 -0.5628754496574402
0.12721660733222961 0.1580222100019455 -0.5586159825325012
0.13022761046886444 0.15919898450374603 -0.5745154619216919
0.13152001798152924 0.15971052646636963 -0.5812044143676758
0.13360486924648285 0.16053836047649384 -0.5918208360671997
0.1310826689004898 0.1595386564731598 -0.5789399147033691
0.13323642313480377 0.16039258241653442 -0.5899515151977539
0.13173726201057434 0.15979908406734467 -0.5823124647140503
0.12814131379127502 0.15838941931724548 -0.5635679960250854
0.1215067058801651 0.15585660934448242 -0.5270436406135559
0.12068812549114229 0.15555188059806824 -0.5223362445831299
0.11347448825836182 0.15299327671527863 -0.4782315194606781
0.11231845617294312 0.1526092290878296 -0.47063785791397095
0.10798099637031557 0.15127241611480713 -0.44041177630424505
0.10458989441394805 0.15038932859897614 -0.4142603278160095
0.09950506687164307 0.1495601087808609 -0.3685912489891052

VECTORS Vkin float
-0.0 -0.0 -0.0
-0.0 -0.0 -0.0
-0.0 -0.0 -0.0
-0.0 -0.0 -0.0
-0.0 -0.0 -0.0
-0.0 -0.0 -0.0
-0.0 -0.0 -0.0
-0.0 -0.0 -0.0
-0.0 -0.0 -0.0
-0.0 -0.0 -0.0
-0.0 -0.0 -0.0
-0.0 -0.0 -0.0
-0.0 -0.0 -0.0
-0.0 -0.0 -0.0
-0.0 -0.0 -0.0
-0.0 -0.0 -0.0
-0.0 -0.0 -0.0
-0.0 -0.0 -0.0
-0.0 -0.0 -0.0
-0.0 -0.0 -0.0
-0.0 -0.0 -0.0
-0.0 -0.0 -0.0
-0.0 -0.0 -0.0
-0.0 -0.0 -0.0
-0.0 -0.0 -0.0
-0.0 -0.0 -0.0
-0.0 -0.0 -0.0
-0.0 -0.0 -0.0
-0.0 -0.0 -0.0
-0.0 -0.0 -0.0
-0.0 -0.0 -0.0
-0.0 -0.0 -0.0
-0.0 -0.0 -0.0
-0.0 -0.0 -0.0
-0.0 -0.0 -0.0
-0.0 -0.0 -0.0
-0.0 -0.0 -0.0
-0.0 -0.0 -0.0
-0.0 -0.0 -0.0
-0.0 -0.0 -0.0
-0.0 -0.0 -0.0
-0.0 -0.0 -0.0
-0.0 -0.0 -0.0
-0.0 -0.0 -0.0
-0.0 -0.0 -0.0
-0.0 -0.0 -0.0
-0.0 -0.0 -0.0
-0.0 -0.0 -0.0
-0.0 -0.0 -0.0
-0.0 -0.0 -0.0
-0.0 -0.0 -0.0
-0.0 -0.0 -0.0
-0.0 -0.0 -0.0
-0.0 -0.0 -0.0
-0.0 -0.0 -0.0
-0.0 -0.0 -0.0
-0.0 -0.0 -0.0
-0.0 -0.0 -0.0
-0.0 -0.0 -0.0
-0.0 -0.0 -0.0
-0.0 -0.0 -0.0
-0.0 -0.0 -0.0
-0.0 -0.0 -0.0
-0.0 -0.0 -0.0
-0.0 -0.0 -0.0
-0.0 -0.0 -0.0
-0.0 -0.0 -0.0
-0.0 -0.0 -0.0
-0.0 -0.0 -0.0
-0.0 -0.0 -0.0
-0.0 -0.0 -0.0
-0.0 -0.0 -0.0
-0.0 -0.0 -0.0
-0.0 -0.0 -0.0
-0.0 -0.0 -0.0
-0.0 -0.0 -0.0
-0.0 -0.0 -0.0
-0.0 -0.0 -0.0
-0.0 -0.0 -0.0
-0.0 -0.0 -0.0
-0.0 -0.0 -0.0
-0.0 -0.0 -0.0
-0.0 -0.0 -0.0
-0.0 -0.0 -0.0
-0.0 -0.0 -0.0
-0.0 -0.0 -0.0
-0.0 -0.0 -0.0
-0.0 -0.0 -0.0
-0.0 -0.0 -0.0
-0.0 -0.0 -0.0
-0.0 -0.0 -0.0
-0.0 -0.0 -0.0
-0.0 -0.0 -0.0
-0.0 -0.0 -0.0
-0.0 -0.0 -0.0
-0.0 -0.0 -0.0
-0.0 -0.0 -0.0
-0.0 -0.0 -0.0
-0.0 -0.0 -0.0
-0.0 -0.0 -0.0
-0.0 -0.0 -0.0
-0.0 -0.0 -0.0
-0.0 -0.0 -0.0
-0.0 -0.0 -0.0
-0.0 -0.0 -0.0
-0.0 -0.0 -0.0
-0.0 -0.0 -0.0
-0.0 -0.0 -0.0
-0.0 -0.0 -0.0
-0.0 -0.0 -0.0
-0.0 -0.0 -0.0
-0.0 -0.0 -0.0
-0.0 -0.0 -0.0
-0.0 -0.0 -0.0
-0.0 -0.0 -0.0
-0.0 -0.0 -0.0
-0.0 -0.0 -0.0
-0.0 -0.0 -0.0
-0.0 -0.0 -0.0
-0.0 -0.0 -0.0
-0.0 -0.0 -0.0
-0.0 -0.0 -0.0
-0.0 -0.0 -0.0
-0.0 -0.0 -0.0
-0.0 -0.0 -0.0
-0.0 -0.0 -0.0
-0.0 -0.0 -0.0
-0.0 -0.0 -0.0
-0.0 -0.0 -0.0
-0.0 -0.0 -0.0
-0.0 -0.0 -0.0
-0.0 -0.0 -0.0
-0.0 -0.0 -0.0
-0.0 -0.0 -0.0
-0.0 -0.0 -0.0
-0.0 -0.0 -0.0
-0.0 -0.0 -0.0
-0.0 -0.0 -0.0
-0.0 -0.0 -0.0
-0.0 -0.0 -0.0
-0.0 -0.0 -0.0
-0.0 -0.0 -0.0
-0.0 -0.0 -0.0
-0.0 -0.0 -0.0
-0.0 -0.0 -0.0
-0.0 -0.0 -0.0
-0.0 -0.0 -0.0
-0.0 -0.0 -0.0
-0.0 -0.0 -0.0
-0.0 -0.0 -0.0
-0.0 -0.0 -0.0
-0.0 -0.0 -0.0
-0.0 -0.0 -0.0
-0.0 -0.0 -0.0
-0.0 -0.0 -0.0
-0.0 -0.0 -0.0
-0.0 -0.0 -0.0
-0.0 -0.0 -0.0
-0.0 -0.0 -0.0
-0.0 -0.0 -0.0
-0.0 -0.0 -0.0
-0.0 -0.0 -0.0
-0.0 -0.0 -0.0
-0.0 -0.0 -0.0
-0.0 -0.0 -0.0
-0.0 -0.0 -0.0
-0.0 -0.0 -0.0
-0.0 -0.0 -0.0
-0.0 -0.0 -0.0
-0.0 -0.0 -0.0
-0.0 -0.0 -0.0
-0.0 -0.0 -0.0
-0.0 -0.0 -0.0
-0.0 -0.0 -0.0
-0.0 -0.0 -0.0
-0.0 -0.0 -0.0
-0.0 -0.0 -0.0
-0.0 -0.0 -0.0
-0.0 -0.0 -0.0
-0.0 -0.0 -0.0
-0.0 -0.0 -0.0
-0.0 -0.0 -0.0
-0.0 -0.0 -0.0
-0.0 -0.0 -0.0
-0.0 -0.0 -0.0
-0.0 -0.0 -0.0
-0.0 -0.0 -0.0
-0.0 -0.0 -0.0
-0.0 -0.0 -0.0
-0.0 -0.0 -0.0
-0.0 -0.0 -0.0
-0.0 -0.0 -0.0
-0.0 -0.0 -0.0
-0.0 -0.0 -0.0
-0.0 -0.0 -0.0
-0.0 -0.0 -0.0
-0.0 -0.0 -0.0
-0.0 -0.0 -0.0
-0.0 -0.0 -0.0
-0.0 -0.0 -0.0

VECTORS Funs-vector float
0.0 0.0 -3.55255348589396e-10
0.0 0.0 -5.722836832335451e-10
0.0 0.0 -7.252236071964186e-10
0.0 0.0 -8.147203339636277e-10
0.0 0.0 -6.366492819353285e-10
0.0 0.0 -1.576123514567582e-9
0.0 0.0 -1.6538624163081475e-9
0.0 0.0 -2.4134490532976766e-9
0.0 0.0 -3.1172854518676153e-9
0.0 0.0 -4.383541242265623e-9
0.0 0.0 -5.503693126964211e-9
0.0 0.0 -4.87127792784418e-9
0.0 0.0 -5.67968715901742e-9
0.0 0.0 -4.956615406354666e-9
0.0 0.0 -5.283419422948848e-9
0.0 0.0 -5.0540724853890564e-9
0.0 0.0 -4.3451632710655424e-9
0.0 0.0 -4.437030975743399e-9
0.0 0.0 -5.715595912963715e-9
0.0 0.0 -4.5212319199131985e-9
0.0 0.0 -5.9285056733824025e-9
0.0 0.0 -7.147994393343929e-9
0.0 0.0 -8.516773687084754e-9
0.0 0.0 -4.046837304177919e-9
0.0 0.0 -4.0562788003701646e-9
0.0 0.0 -7.274051580935291e-9
0.0 0.0 9.713551499315396e-10
0.0 0.0 6.045561364744564e-9
0.0 0.0 1.2358342991480375e-8
0.0 0.0 2.254595873206005e-8
0.0 0.0 1.7239935985160638e-8
0.0 0.0 1.9537002168768084e-8
0.0 0.0 1.1470973190951927e-8
0.0 0.0 2.4223131534272262e-8
0.0 0.0 2.4041162532858027e-8
0.0 0.0 2.2491146585256935e-8
0.0 0.0 2.5202537502884446e-8
0.0 0.0 2.6052681806329655e-8
0.0 0.0 1.976676002854378e-8
0.0 0.0 1.911380123192854e-8
0.0 0.0 1.7993661225775398e-8
0.0 0.0 1.7507934377871035e-8
0.0 0.0 1.1808031709999923e-8
0.0 0.0 2.2363025382506144e-8
0.0 0.0 3.37261113992175e-8
0.0 0.0 3.976608529816192e-8
0.0 0.0 4.1729202295423566e-8
0.0 0.0 3.591051283654522e-8
0.0 0.0 1.6920214411165444e-8
0.0 0.0 2.3462832636731722e-8
0.0 0.0 8.47296836910387e-9
0.0 0.0 1.4577502367528302e-8
0.0 0.0 1.9962239934932137e-8
0.0 0.0 3.760940451873017e-8
0.0 0.0 2.34653598430357e-8
0.0 0.0 7.577508247212242e-9
0.0 0.0 -2.4724996825829628e-8
0.0 0.0 -9.123318512873176e-9
0.0 0.0 -6.412477659002806e-9
0.0 0.0 -5.258284803722868e-9
0.0 0.0 -4.1405557761074384e-9
0.0 0.0 -2.5566895526861305e-9
0.0 0.0 -4.915448384875942e-10
0.0 0.0 -5.864649920046672e-9
0.0 0.0 -5.251121408365423e-9
0.0 0.0 -7.449490261863817e-9
0.0 0.0 -1.1088855365679785e-8
0.0 0.0 -1.2746022905407918e-8
0.0 0.0 -1.4870556412936614e-8
0.0 0.0 -9.739750654804769e-9
0.0 0.0 -1.3053375362848281e-8
0.0 0.0 -1.6277151180761992e-8
0.0 0.0 -1.8736293558337716e-8
0.0 0.0 -1.8347618348803854e-8
0.0 0.0 -9.934656379716579e-9
0.0 0.0 -9.953514510932444e-9
0.0 0.0 -9.592556580483456e-9
0.0 0.0 -5.218359398158644e-9
0.0 0.0 -5.41958767720045e-9
0.0 0.0 -1.6057411889230392e-9
0.0 0.0 -1.80543104376311e-9
0.0 0.0 -1.1699751866889542e-9
0.0 0.0 -7.880929516422579e-10
0.0 0.0 1.3735278268697758e-9
0.0 0.0 7.985797931176484e-10
0.0 0.0 -5.7470854873962476e-11
0.0 0.0 -6.10910759902823e-11
0.0 0.0 -8.419369276444291e-11
0.0 0.0 6.128502084573269e-10
0.0 0.0 2.6802400287642117e-10
0.0 0.0 -9.103884186209744e-11
0.0 0.0 -5.653179760545851e-10
0.0 0.0 -6.804521254504228e-10
0.0 0.0 -1.0680620635938996e-9
0.0 0.0 -1.4331171517947354e-10
0.0 0.0 1.4728423974888146e-10
0.0 0.0 5.855853460493628e-10
0.0 0.0 2.667983267381128e-10
0.0 0.0 2.205878418851735e-10
0.0 0.0 1.739585550852467e-10
0.0 0.0 -3.55255348589396e-10
0.0 0.0 -5.722836832335451e-10
0.0 0.0 -7.252236071964186e-10
0.0 0.0 -8.147203339636277e-10
0.0 0.0 -6.366492819353285e-10
0.0 0.0 -1.576123514567582e-9
0.0 0.0 -1.6538624163081475e-9
0.0 0.0 -2.4134490532976766e-9
0.0 0.0 -3.1172854518676153e-9
0.0 0.0 -4.383541242265623e-9
0.0 0.0 -5.503693126964211e-9
0.0 0.0 -4.87127792784418e-9
0.0 0.0 -5.67968715901742e-9
0.0 0.0 -4.956615406354666e-9
0.0 0.0 -5.283419422948848e-9
0.0 0.0 -5.0540724853890564e-9
0.0 0.0 -4.3451632710655424e-9
0.0 0.0 -4.437030975743399e-9
0.0 0.0 -5.715595912963715e-9
0.0 0.0 -4.5212319199131985e-9
0.0 0.0 -5.9285056733824025e-9
0.0 0.0 -7.147994393343929e-9
0.0 0.0 -8.516773687084754e-9
0.0 0.0 -4.046837304177919e-9
0.0 0.0 -4.0562788003701646e-9
0.0 0.0 -7.274051580935291e-9
0.0 0.0 9.713551499315396e-10
0.0 0.0 6.045561364744564e-9
0.0 0.0 1.2358342991480375e-8
0.0 0.0 2.254595873206005e-8
0.0 0.0 1.7239935985160638e-8
0.0 0.0 1.9537002168768084e-8
0.0 0.0 1.1470973190951927e-8
0.0 0.0 2.4223131534272262e-8
0.0 0.0 2.4041162532858027e-8
0.0 0.0 2.2491146585256935e-8
0.0 0.0 2.5202537502884446e-8
0.0 0.0 2.6052681806329655e-8
0.0 0.0 1.976676002854378e-8
0.0 0.0 1.911380123192854e-8
0.0 0.0 1.7993661225775398e-8
0.0 0.0 1.7507934377871035e-8
0.0 0.0 1.1808031709999923e-8
0.0 0.0 2.2363025382506144e-8
0.0 0.0 3.37261113992175e-8
0.0 0.0 3.976608529816192e-8
0.0 0.0 4.1729202295423566e-8
0.0 0.0 3.591051283654522e-8
0.0 0.0 1.6920214411165444e-8
0.0 0.0 2.3462832636731722e-8
0.0 0.0 8.47296836910387e-9
0.0 0.0 1.4577502367528302e-8
0.0 0.0 1.9962239934932137e-8
0.0 0.0 3.760940451873017e-8
0.0 0.0 2.34653598430357e-8
0.0 0.0 7.577508247212242e-9
0.0 0.0 -2.4724996825829628e-8
0.0 0.0 -9.123318512873176e-9
0.0 0.0 -6.412477659002806e-9
0.0 0.0 -5.258284803722868e-9
0.0 0.0 -4.1405557761074384e-9
0.0 0.0 -2.5566895526861305e-9
0.0 0.0 -4.915448384875942e-10
0.0 0.0 -5.864649920046672e-9
0.0 0.0 -5.251121408365423e-9
0.0 0.0 -7.449490261863817e-9
0.0 0.0 -1.1088855365679785e-8
0.0 0.0 -1.2746022905407918e-8
0.0 0.0 -1.4870556412936614e-8
0.0 0.0 -9.739750654804769e-9
0.0 0.0 -1.3053375362848281e-8
0.0 0.0 -1.6277151180761992e-8
0.0 0.0 -1.8736293558337716e-8
0.0 0.0 -1.8347618348803854e-8
0.0 0.0 -9.934656379716579e-9
0.0 0.0 -9.953514510932444e-9
0.0 0.0 -9.592556580483456e-9
0.0 0.0 -5.218359398158644e-9
0.0 0.0 -5.41958767720045e-9
0.0 0.0 -1.6057411889230392e-9
0.0 0.0 -1.80543104376311e-9
0.0 0.0 -1.1699751866889542e-9
0.0 0.0 -7.880929516422579e-10
0.0 0.0 1.3735278268697758e-9
0.0 0.0 7.985797931176484e-10
0.0 0.0 -5.7470854873962476e-11
0.0 0.0 -6.10910759902823e-11
0.0 0.0 -8.419369276444291e-11
0.0 0.0 6.128502084573269e-10
0.0 0.0 2.6802400287642117e-10
0.0 0.0 -9.103884186209744e-11
0.0 0.0 -5.653179760545851e-10
0.0 0.0 -6.804521254504228e-10
0.0 0.0 -1.0680620635938996e-9
0.0 0.0 -1.4331171517947354e-10
0.0 0.0 1.4728423974888146e-10
0.0 0.0 5.855853460493628e-10
0.0 0.0 2.667983267381128e-10
0.0 0.0 2.205878418851735e-10
0.0 0.0 1.739585550852467e-10

VECTORS Ftot float
-0.025918340387722193 -0.04167059658979319 0.02320668928681036
-0.04046229418668701 -0.05910777462321419 0.03846788844138776
-0.052612168264144346 -0.074150823256736 0.05486656954742548
-0.06395799577200788 -0.08839025003190773 0.07293830277397767
-0.07501480215184081 -0.10234051602304284 0.09278165714701746
-0.08589611296348312 -0.11611534623109263 0.11442602955659305
-0.096459712423193 -0.1295723840363567 0.13786885349649397
-0.1069055355308413 -0.14291156439733463 0.16303330744980007
-0.117023526724954 -0.1559238117016439 0.18988700897158456
-0.1269238076351878 -0.1687173057012007 0.21833937415911034
-0.13656172781516085 -0.18124829840108725 0.24832372959861826
-0.14609696050999194 -0.19367697703787032 0.2797654529309698
-0.15444518386883155 -0.20491843812534077 0.3126901654562345
-0.16196304597828615 -0.21532955421790093 0.3468555222390988
-0.16899805700109416 -0.22525779703726123 0.38204543924403794
-0.17563956232818523 -0.2347924923529495 0.41811903421377317
-0.18135020840862093 -0.2433968410112891 0.45498881955930803
-0.18760157007144818 -0.25254138225293027 0.49237300938189077
-0.1926621346992649 -0.2604951189964351 0.530427622678648
-0.1958869250671487 -0.2666132164604835 0.5689769116710476
-0.19907604385386035 -0.2726954246574431 0.6075221753113598
-0.20231591910817448 -0.278828503441503 0.6459347408228203
-0.20535419977876218 -0.28475999892915016 0.684165087618447
-0.20907874844865854 -0.29137828568488655 0.7220893651083751
-0.21026978898735305 -0.2954627357918972 0.7600003251127725
-0.2121630151705024 -0.30024919108787834 0.7972025933381404
-0.2138753640584101 -0.30485476145172086 0.8337532896764964
-0.21624347705804312 -0.3101160407541261 0.8695259468195509
-0.21808631809561874 -0.3148520505932747 0.9047138785034198
-0.2186969154584592 -0.31835556441609625 0.9392861938345085
-0.2204998069612391 -0.32305616409884347 0.972844793788682
-0.21937588180461015 -0.3248254752439167 1.005935969894732
-0.21730654521172643 -0.32565011192519683 1.0378599858611706
-0.21557443451117825 -0.32681138185904235 1.0682140979362411
-0.21322772368924164 -0.3273580249494833 1.0970672197562175
-0.21203299704768774 -0.3290566594255133 1.1241568919814144
-0.20921318820140503 -0.3291332141764054 1.1500185110069363
-0.20545921792656252 -0.3282725364416622 1.1743597032465452
-0.20071666726969312 -0.32642326366969904 1.1970232060078505
-0.19486887112741633 -0.32346876099593036 1.2178525135493807
-0.18768960156268977 -0.3191828686998158 1.2366625138531278
-0.18111237897835397 -0.31549899984779656 1.2530458118186651
-0.17220575371673505 -0.30948564348987195 1.2676780117348239
-0.158078686356744 -0.29825186412243526 1.280569472510955
-0.14278915540219672 -0.28585557418254426 1.29007208596993
-0.12299005514316169 -0.2689497199726253 1.2963905059223684
-0.09895537946721195 -0.24780823090557672 1.2989650902661005
-0.05174709237773983 -0.20349318591260263 1.3003166410065645
0.06574549065989824 -0.08889509155919367 1.3008570351229998
0.7086780032221873 0.5511366091037964 1.302533640768496
0.7084162845730161 -0.5508749065762844 1.2569036020642181
0.06533364386838364 0.08930687519955015 1.2550777723099216
-0.05228366538958998 0.20402970209750043 1.254315844761534
-0.09977447482082855 0.24862728564362804 1.252648412686486
-0.12619518107819233 0.2721548209253796 1.2491019446660978
-0.14375365597640827 0.28682004059291616 1.2434120361083327
-0.15480982880906016 0.2949829588561427 1.2360547866968603
-0.16891485296402586 0.306194705288876 1.224889905274936
-0.17612499748156502 0.3105115726069823 1.2124075805018988
-0.1838999636016477 0.3153931681827573 1.1974835169952374
-0.19182069179828312 0.32042052917223185 1.179976996455452
-0.19836569384504388 0.32407226448665544 1.160330613004804
-0.20375055512301232 0.32656382353320323 1.1387667233302818
-0.2080531868290097 0.3279731679412769 1.115481042541888
-0.21067665881424352 0.3277002535093706 1.090774140878944
-0.21407635725749202 0.3282066041036798 1.0642297194915562
-0.21669014707870413 0.3279270376109154 1.0361195674795265
-0.2187668209620902 0.32711035069932887 1.0065314521535356
-0.22120096116267568 0.3266505222882725 0.9753753854773981
-0.2227597184669283 0.32531604074425247 0.9430085259149839
-0.22225922740333146 0.3219178695039289 0.9099422350235031
-0.22113069163226534 0.3178964043313574 0.8761928068958954
-0.21891216261574314 0.31278470074906506 0.8419585379715122
-0.21621604159408936 0.30719541422185176 0.8072351236842761
-0.21419707468870144 0.302283229611785 0.7718237682046404
-0.21199053666190057 0.2971834544988849 0.7358447553203201
-0.21016899530142907 0.2924685241112593 0.6992884923820356
-0.2068690323902972 0.2862748153008076 0.6625791978268617
-0.20311384361423046 0.2796264123098799 0.625746164222109
-0.1999934895697048 0.27361284784217993 0.5886523150125875
-0.1968647414099029 0.2675910135338834 0.5514102414638383
-0.19367485728118716 0.2615078231321308 0.5141595911394629
-0.1882685836723516 0.2532083803907026 0.47744345680506484
-0.1824001822870773 0.24444680222143833 0.4412528287901921
-0.1769340735732058 0.2360869855034631 0.40551592951140875
-0.17062743168233452 0.22688716783400273 0.37049715958840956
-0.16337284888777828 0.21673934984110824 0.33639578576426643
-0.15623019506088795 0.20670344244863212 0.30320525094260176
-0.14737509377570324 0.19495511190051798 0.27133845412988195
-0.13792920286222204 0.18261577190925832 0.24085295095669668
-0.12818329159521558 0.169976781121678 0.21179481549429985
-0.11818677347422682 0.15708704654905656 0.18422547246518486
-0.10790724249008248 0.1439132591075239 0.15821965122205137
-0.09741963892268587 0.13053229700692842 0.13383360129928137
-0.08676695888701347 0.1169861839048319 0.11111434267410082
-0.07585722482707258 0.1031829275262156 0.09012142428044152
-0.06465337581921354 0.08908562009043364 0.07088871976126557
-0.05320030757932286 0.07473895522387768 0.053369720726805625
-0.04095786891232715 0.05960333983090044 0.03746351304048343
-0.026283544385265988 0.042035790938303674 0.022657194463600473
-0.025918340387722193 -0.04167059658979319 0.02320668928681036
-0.04046229418668701 -0.05910777462321419 0.03846788844138776
-0.052612168264144346 -0.074150823256736 0.05486656954742548
-0.06395799577200788 -0.08839025003190773 0.07293830277397767
-0.07501480215184081 -0.10234051602304284 0.09278165714701746
-0.08589611296348312 -0.11611534623109263 0.11442602955659305
-0.096459712423193 -0.1295723840363567 0.13786885349649397
-0.1069055355308413 -0.14291156439733463 0.16303330744980007
-0.117023526724954 -0.1559238117016439 0.18988700897158456
-0.1269238076351878 -0.1687173057012007 0.21833937415911034
-0.13656172781516085 -0.18124829840108725 0.24832372959861826
-0.14609696050999194 -0.19367697703787032 0.2797654529309698
-0.15444518386883155 -0.20491843812534077 0.3126901654562345
-0.16196304597828615 -0.21532955421790093 0.3468555222390988
-0.16899805700109416 -0.22525779703726123 0.38204543924403794
-0.17563956232818523 -0.2347924923529495 0.41811903421377317
-0.18135020840862093 -0.2433968410112891 0.45498881955930803
-0.18760157007144818 -0.25254138225293027 0.49237300938189077
-0.1926621346992649 -0.2604951189964351 0.530427622678648
-0.1958869250671487 -0.2666132164604835 0.5689769116710476
-0.19907604385386035 -0.2726954246574431 0.6075221753113598
-0.20231591910817448 -0.278828503441503 0.6459347408228203
-0.20535419977876218 -0.28475999892915016 0.684165087618447
-0.20907874844865854 -0.29137828568488655 0.7220893651083751
-0.21026978898735305 -0.2954627357918972 0.7600003251127725
-0.2121630151705024 -0.30024919108787834 0.7972025933381404
-0.2138753640584101 -0.30485476145172086 0.8337532896764964
-0.21624347705804312 -0.3101160407541261 0.8695259468195509
-0.21808631809561874 -0.3148520505932747 0.9047138785034198
-0.2186969154584592 -0.31835556441609625 0.9392861938345085
-0.2204998069612391 -0.32305616409884347 0.972844793788682
-0.21937588180461015 -0.3248254752439167 1.005935969894732
-0.21730654521172643 -0.32565011192519683 1.0378599858611706
-0.21557443451117825 -0.32681138185904235 1.0682140979362411
-0.21322772368924164 -0.3273580249494833 1.0970672197562175
-0.21203299704768774 -0.3290566594255133 1.1241568919814144
-0.20921318820140503 -0.3291332141764054 1.1500185110069363
-0.20545921792656252 -0.3282725364416622 1.1743597032465452
-0.20071666726969312 -0.32642326366969904 1.1970232060078505
-0.19486887112741633 -0.32346876099593036 1.2178525135493807
-0.18768960156268977 -0.3191828686998158 1.2366625138531278
-0.18111237897835397 -0.31549899984779656 1.2530458118186651
-0.17220575371673505 -0.30948564348987195 1.2676780117348239
-0.158078686356744 -0.29825186412243526 1.280569472510955
-0.14278915540219672 -0.28585557418254426 1.29007208596993
-0.12299005514316169 -0.2689497199726253 1.2963905059223684
-0.09895537946721195 -0.24780823090557672 1.2989650902661005
-0.05174709237773983 -0.20349318591260263 1.3003166410065645
0.06574549065989824 -0.08889509155919367 1.3008570351229998
0.7086780032221873 0.5511366091037964 1.302533640768496
0.7084162845730161 -0.5508749065762844 1.2569036020642181
0.06533364386838364 0.08930687519955015 1.2550777723099216
-0.05228366538958998 0.20402970209750043 1.254315844761534
-0.09977447482082855 0.24862728564362804 1.252648412686486
-0.12619518107819233 0.2721548209253796 1.2491019446660978
-0.14375365597640827 0.28682004059291616 1.2434120361083327
-0.15480982880906016 0.2949829588561427 1.2360547866968603
-0.16891485296402586 0.306194705288876 1.224889905274936
-0.17612499748156502 0.3105115726069823 1.2124075805018988
-0.1838999636016477 0.3153931681827573 1.1974835169952374
-0.19182069179828312 0.32042052917223185 1.179976996455452
-0.19836569384504388 0.32407226448665544 1.160330613004804
-0.20375055512301232 0.32656382353320323 1.1387667233302818
-0.2080531868290097 0.3279731679412769 1.115481042541888
-0.21067665881424352 0.3277002535093706 1.090774140878944
-0.21407635725749202 0.3282066041036798 1.0642297194915562
-0.21669014707870413 0.3279270376109154 1.0361195674795265
-0.2187668209620902 0.32711035069932887 1.0065314521535356
-0.22120096116267568 0.3266505222882725 0.9753753854773981
-0.2227597184669283 0.32531604074425247 0.9430085259149839
-0.22225922740333146 0.3219178695039289 0.9099422350235031
-0.22113069163226534 0.3178964043313574 0.8761928068958954
-0.21891216261574314 0.31278470074906506 0.8419585379715122
-0.21621604159408936 0.30719541422185176 0.8072351236842761
-0.21419707468870144 0.302283229611785 0.7718237682046404
-0.21199053666190057 0.2971834544988849 0.7358447553203201
-0.21016899530142907 0.2924685241112593 0.6992884923820356
-0.2068690323902972 0.2862748153008076 0.6625791978268617
-0.20311384361423046 0.2796264123098799 0.625746164222109
-0.1999934895697048 0.27361284784217993 0.5886523150125875
-0.1968647414099029 0.2675910135338834 0.5514102414638383
-0.19367485728118716 0.2615078231321308 0.5141595911394629
-0.1882685836723516 0.2532083803907026 0.47744345680506484
-0.1824001822870773 0.24444680222143833 0.4412528287901921
-0.1769340735732058 0.2360869855034631 0.40551592951140875
-0.17062743168233452 0.22688716783400273 0.37049715958840956
-0.16337284888777828 0.21673934984110824 0.33639578576426643
-0.15623019506088795 0.20670344244863212 0.30320525094260176
-0.14737509377570324 0.19495511190051798 0.27133845412988195
-0.13792920286222204 0.18261577190925832 0.24085295095669668
-0.12818329159521558 0.169976781121678 0.21179481549429985
-0.11818677347422682 0.15708704654905656 0.18422547246518486
-0.10790724249008248 0.1439132591075239 0.15821965122205137
-0.09741963892268587 0.13053229700692842 0.13383360129928137
-0.08676695888701347 0.1169861839048319 0.11111434267410082
-0.07585722482707258 0.1031829275262156 0.09012142428044152
-0.06465337581921354 0.08908562009043364 0.07088871976126557
-0.05320030757932286 0.07473895522387768 0.053369720726805625
-0.04095786891232715 0.05960333983090044 0.03746351304048343
-0.026283544385265988 0.042035790938303674 0.022657194463600473

VECTORS Vvpm_AB float
0.16222524642944336 0.17227885127067566 -0.7237226963043213
0.16222673654556274 0.17227891087532043 -0.7237271666526794
0.162228524684906 0.1722792685031891 -0.7237344980239868
0.16221752762794495 0.17228065431118011 -0.7237094640731812
0.1622118204832077 0.17228193581104279 -0.7236987352371216
0.1622062772512436 0.172282412648201 -0.7236865758895874
0.16220316290855408 0.17228330671787262 -0.723680853843689
0.16220194101333618 0.17228378355503082 -0.7236800193786621
0.16218474507331848 0.17228512465953827 -0.7236385941505432
0.16218751668930054 0.17228484153747559 -0.723646879196167
0.16219237446784973 0.17228403687477112 -0.7236596345901489
0.162192240357399 0.17228233814239502 -0.7236570119857788
0.16219520568847656 0.1722812056541443 -0.7236619591712952
0.1621977537870407 0.17228011786937714 -0.7236658334732056
0.1622011363506317 0.17227862775325775 -0.7236700057983398
0.1622033417224884 0.17227797210216522 -0.723675012588501
0.1622011363506317 0.17227554321289062 -0.7236649990081787
0.1622033715248108 0.1722750961780548 -0.7236700654029846
0.16220545768737793 0.17227470874786377 -0.7236748933792114
0.16220736503601074 0.1722732037305832 -0.7236759662628174
0.1622113287448883 0.1722722053527832 -0.723682165145874
0.16221266984939575 0.1722719818353653 -0.7236852645874023
0.16221356391906738 0.17227183282375336 -0.7236878871917725
0.1622113585472107 0.17226892709732056 -0.7236791253089905
0.16221264004707336 0.17226725816726685 -0.7236777544021606
0.16221317648887634 0.17226707935333252 -0.7236800789833069
0.16221371293067932 0.1722671389579773 -0.7236824035644531
0.16221550107002258 0.1722666472196579 -0.723685622215271
0.1622169464826584 0.17226648330688477 -0.7236886024475098
0.16222164034843445 0.1722646802663803 -0.7236958742141724
0.16219693422317505 0.17226234078407288 -0.7236204147338867
0.16219893097877502 0.17226187884807587 -0.7236238121986389
0.16220000386238098 0.17225836217403412 -0.7236150503158569
0.16220039129257202 0.17225836217403412 -0.7236161231994629
0.1622006595134735 0.17225857079029083 -0.7236175537109375
0.16220107674598694 0.17225828766822815 -0.7236188054084778
0.1621897667646408 0.1722497195005417 -0.7235758900642395
0.16219119727611542 0.17224939167499542 -0.7235790491104126
0.1621924489736557 0.17224937677383423 -0.7235822677612305
0.1621939241886139 0.17224906384944916 -0.7235851287841797
0.16219350695610046 0.17224948108196259 -0.7235867381095886
0.16219279170036316 0.17224949598312378 -0.7235885858535767
0.1621936857700348 0.1722494214773178 -0.7235914468765259
0.16219466924667358 0.17224939167499542 -0.7235939502716064
0.1621955931186676 0.17224934697151184 -0.7235969305038452
0.16219651699066162 0.1722491979598999 -0.7235997319221497
0.16219833493232727 0.1722489446401596 -0.7236031293869019
0.16219934821128845 0.17224891483783722 -0.723605751991272
0.16219347715377808 0.17224985361099243 -0.723594069480896
0.16217206418514252 0.1722363829612732 -0.7235121130943298
0.1621713936328888 0.1722363382577896 -0.7235122919082642
0.16219162940979004 0.17224949598312378 -0.7235947847366333
0.1621975302696228 0.17224833369255066 -0.7236064076423645
0.1621965765953064 0.17224840819835663 -0.7236036062240601
0.1621948778629303 0.17224858701229095 -0.7236000299453735
0.16219401359558105 0.17224851250648499 -0.7235973477363586
0.16219303011894226 0.1722487211227417 -0.7235945463180542
0.1621919870376587 0.17224904894828796 -0.7235919237136841
0.16219118237495422 0.172248974442482 -0.7235891819000244
0.1621919572353363 0.17224881052970886 -0.7235875725746155
0.1621922254562378 0.17224884033203125 -0.723585844039917
0.16219089925289154 0.1722489446401596 -0.7235826253890991
0.16218969225883484 0.17224909365177155 -0.7235797643661499
0.16218827664852142 0.1722491979598999 -0.723576545715332
0.16219860315322876 0.17225737869739532 -0.723619818687439
0.16219821572303772 0.172257661819458 -0.7236183881759644
0.16219782829284668 0.172257661819458 -0.7236170172691345
0.16219761967658997 0.1722577065229416 -0.7236156463623047
0.16219741106033325 0.17226147651672363 -0.7236243486404419
0.16219574213027954 0.17226175963878632 -0.7236210107803345
0.16222068667411804 0.17226442694664001 -0.7236959934234619
0.16221566498279572 0.17226597666740417 -0.7236889600753784
0.1622142195701599 0.17226630449295044 -0.7236860990524292
0.1622125208377838 0.1722666323184967 -0.7236828804016113
0.16221199929714203 0.17226673662662506 -0.7236804962158203
0.1622113585472107 0.172266885638237 -0.7236783504486084
0.1622106432914734 0.17226888239383698 -0.7236793041229248
0.16221235692501068 0.17227129638195038 -0.7236882448196411
0.1622115820646286 0.17227160930633545 -0.723685622215271
0.162210151553154 0.17227201163768768 -0.723682701587677
0.16220596432685852 0.17227302491664886 -0.7236764430999756
0.16220450401306152 0.1722744107246399 -0.7236753702163696
0.162202388048172 0.17227484285831451 -0.723670482635498
0.1622002273797989 0.1722753942012787 -0.7236653566360474
0.16220229864120483 0.17227782309055328 -0.723675549030304
0.1621999740600586 0.17227832973003387 -0.7236701250076294
0.1621967852115631 0.17227976024150848 -0.7236660718917847
0.16219462454319 0.17228102684020996 -0.7236621975898743
0.1621919870376587 0.17228221893310547 -0.723656952381134
0.16219186782836914 0.17228388786315918 -0.7236596941947937
0.16218647360801697 0.172284334897995 -0.7236472368240356
0.16218364238739014 0.17228464782238007 -0.7236391305923462
0.16220051050186157 0.17228330671787262 -0.7236806154251099
0.1622011512517929 0.17228257656097412 -0.7236815690994263
0.16220439970493317 0.17228201031684875 -0.7236870527267456
0.16220957040786743 0.17228101193904877 -0.7236994504928589
0.16221529245376587 0.17228008806705475 -0.7237101793289185
0.16222625970840454 0.17227865755558014 -0.7237350940704346
0.1622244417667389 0.17227812111377716 -0.7237280607223511
0.1622225046157837 0.17227792739868164 -0.7237237691879272
0.16222524642944336 0.17227885127067566 -0.7237226963043213
0.16222673654556274 0.17227891087532043 -0.7237271666526794
0.162228524684906 0.1722792685031891 -0.7237344980239868
0.16221752762794495 0.17228065431118011 -0.7237094640731812
0.1622118204832077 0.17228193581104279 -0.7236987352371216
0.1622062772512436 0.172282412648201 -0.7236865758895874
0.16220316290855408 0.17228330671787262 -0.723680853843689
0.16220194101333618 0.17228378355503082 -0.7236800193786621
0.16218474507331848 0.17228512465953827 -0.7236385941505432
0.16218751668930054 0.17228484153747559 -0.723646879196167
0.16219237446784973 0.17228403687477112 -0.7236596345901489
0.162192240357399 0.17228233814239502 -0.7236570119857788
0.16219520568847656 0.1722812056541443 -0.7236619591712952
0.1621977537870407 0.17228011786937714 -0.7236658334732056
0.1622011363506317 0.17227862775325775 -0.7236700057983398
0.1622033417224884 0.17227797210216522 -0.723675012588501
0.1622011363506317 0.17227554321289062 -0.7236649990081787
0.1622033715248108 0.1722750961780548 -0.7236700654029846
0.16220545768737793 0.17227470874786377 -0.7236748933792114
0.16220736503601074 0.1722732037305832 -0.7236759662628174
0.1622113287448883 0.1722722053527832 -0.723682165145874
0.16221266984939575 0.1722719818353653 -0.7236852645874023
0.16221356391906738 0.17227183282375336 -0.7236878871917725
0.1622113585472107 0.17226892709732056 -0.7236791253089905
0.16221264004707336 0.17226725816726685 -0.7236777544021606
0.16221317648887634 0.17226707935333252 -0.7236800789833069
0.16221371293067932 0.1722671389579773 -0.7236824035644531
0.16221550107002258 0.1722666472196579 -0.723685622215271
0.1622169464826584 0.17226648330688477 -0.7236886024475098
0.16222164034843445 0.1722646802663803 -0.7236958742141724
0.16219693422317505 0.17226234078407288 -0.7236204147338867
0.16219893097877502 0.17226187884807587 -0.7236238121986389
0.16220000386238098 0.17225836217403412 -0.7236150503158569
0.16220039129257202 0.17225836217403412 -0.7236161231994629
0.1622006595134735 0.17225857079029083 -0.7236175537109375
0.16220107674598694 0.17225828766822815 -0.7236188054084778
0.1621897667646408 0.1722497195005417 -0.7235758900642395
0.16219119727611542 0.17224939167499542 -0.7235790491104126
0.1621924489736557 0.17224937677383423 -0.7235822677612305
0.1621939241886139 0.17224906384944916 -0.7235851287841797
0.16219350695610046 0.17224948108196259 -0.7235867381095886
0.16219279170036316 0.17224949598312378 -0.7235885858535767
0.1621936857700348 0.1722494214773178 -0.7235914468765259
0.16219466924667358 0.17224939167499542 -0.7235939502716064
0.1621955931186676 0.17224934697151184 -0.7235969305038452
0.16219651699066162 0.1722491979598999 -0.7235997319221497
0.16219833493232727 0.1722489446401596 -0.7236031293869019
0.16219934821128845 0.17224891483783722 -0.723605751991272
0.16219347715377808 0.17224985361099243 -0.723594069480896
0.16217206418514252 0.1722363829612732 -0.7235121130943298
0.1621713936328888 0.1722363382577896 -0.7235122919082642
0.16219162940979004 0.17224949598312378 -0.7235947847366333
0.1621975302696228 0.17224833369255066 -0.7236064076423645
0.1621965765953064 0.17224840819835663 -0.7236036062240601
0.1621948778629303 0.17224858701229095 -0.7236000299453735
0.16219401359558105 0.17224851250648499 -0.7235973477363586
0.16219303011894226 0.1722487211227417 -0.7235945463180542
0.1621919870376587 0.17224904894828796 -0.7235919237136841
0.16219118237495422 0.172248974442482 -0.7235891819000244
0.1621919572353363 0.17224881052970886 -0.7235875725746155
0.1621922254562378 0.17224884033203125 -0.723585844039917
0.16219089925289154 0.1722489446401596 -0.7235826253890991
0.16218969225883484 0.17224909365177155 -0.7235797643661499
0.16218827664852142 0.1722491979598999 -0.723576545715332
0.16219860315322876 0.17225737869739532 -0.723619818687439
0.16219821572303772 0.172257661819458 -0.7236183881759644
0.16219782829284668 0.172257661819458 -0.7236170172691345
0.16219761967658997 0.1722577065229416 -0.7236156463623047
0.16219741106033325 0.17226147651672363 -0.7236243486404419
0.16219574213027954 0.17226175963878632 -0.7236210107803345
0.16222068667411804 0.17226442694664001 -0.7236959934234619
0.16221566498279572 0.17226597666740417 -0.7236889600753784
0.1622142195701599 0.17226630449295044 -0.7236860990524292
0.1622125208377838 0.1722666323184967 -0.7236828804016113
0.16221199929714203 0.17226673662662506 -0.7236804962158203
0.1622113585472107 0.172266885638237 -0.7236783504486084
0.1622106432914734 0.17226888239383698 -0.7236793041229248
0.16221235692501068 0.17227129638195038 -0.7236882448196411
0.1622115820646286 0.17227160930633545 -0.723685622215271
0.162210151553154 0.17227201163768768 -0.723682701587677
0.16220596432685852 0.17227302491664886 -0.7236764430999756
0.16220450401306152 0.1722744107246399 -0.7236753702163696
0.162202388048172 0.17227484285831451 -0.723670482635498
0.1622002273797989 0.1722753942012787 -0.7236653566360474
0.16220229864120483 0.17227782309055328 -0.723675549030304
0.1621999740600586 0.17227832973003387 -0.7236701250076294
0.1621967852115631 0.17227976024150848 -0.7236660718917847
0.16219462454319 0.17228102684020996 -0.7236621975898743
0.1621919870376587 0.17228221893310547 -0.723656952381134
0.16219186782836914 0.17228388786315918 -0.7236596941947937
0.16218647360801697 0.172284334897995 -0.7236472368240356
0.16218364238739014 0.17228464782238007 -0.7236391305923462
0.16220051050186157 0.17228330671787262 -0.7236806154251099
0.1622011512517929 0.17228257656097412 -0.7236815690994263
0.16220439970493317 0.17228201031684875 -0.7236870527267456
0.16220957040786743 0.17228101193904877 -0.7236994504928589
0.16221529245376587 0.17228008806705475 -0.7237101793289185
0.16222625970840454 0.17227865755558014 -0.7237350940704346
0.1622244417667389 0.17227812111377716 -0.7237280607223511
0.1622225046157837 0.17227792739868164 -0.7237237691879272