# vtk DataFile Version 4.0
[MyVLM domain - lattices] 
ASCII
DATASET UNSTRUCTURED_GRID
POINTS 302 float
1.2444999999999997 -1.2445 0.0
1.2399745454545452 -1.2399745454545454 0.0
1.2346178849721705 -1.2346178849721707 0.0
1.2284300185528754 -1.2284300185528756 0.0
1.2214109461966602 -1.2214109461966605 0.0
1.2135606679035247 -1.213560667903525 0.0
1.2048791836734691 -1.2048791836734694 0.0
1.1953664935064932 -1.1953664935064934 0.0
1.1850225974025972 -1.1850225974025974 0.0
1.1738474953617808 -1.173847495361781 0.0
1.1618411873840442 -1.1618411873840444 0.0
1.1490036734693874 -1.1490036734693876 0.0
1.1353349536178106 -1.1353349536178108 0.0
1.1208350278293133 -1.1208350278293135 0.0
1.1055038961038959 -1.105503896103896 0.0
1.0893415584415582 -1.0893415584415584 0.0
1.0723480148423004 -1.0723480148423006 0.0
1.054523265306122 -1.0545232653061223 0.0
1.0358673098330238 -1.035867309833024 0.0
1.0163801484230053 -1.0163801484230055 0.0
0.9960617810760664 -0.9960617810760668 0.0
0.9749122077922076 -0.9749122077922077 0.0
0.9529314285714284 -0.9529314285714284 0.0
0.9301194434137288 -0.930119443413729 0.0
0.9064762523191091 -0.9064762523191096 0.0
0.8820018552875695 -0.8820018552875695 0.0
0.8566962523191093 -0.8566962523191094 0.0
0.8305594434137288 -0.8305594434137291 0.0
0.8035914285714284 -0.8035914285714285 0.0
0.7757922077922076 -0.7757922077922077 0.0
0.7471617810760666 -0.7471617810760667 0.0
0.7177001484230053 -0.7177001484230054 0.0
0.6874073098330239 -0.687407309833024 0.0
0.6562832653061222 -0.6562832653061225 0.0
0.6243280148423004 -0.6243280148423005 0.0
0.5915415584415582 -0.5915415584415583 0.0
0.5579238961038958 -0.5579238961038959 0.0
0.5234750278293133 -0.5234750278293134 0.0
0.48819495361781057 -0.48819495361781057 0.0
0.4520836734693877 -0.4520836734693877 0.0
0.4151411873840445 -0.4151411873840446 0.0
0.37736749536178105 -0.37736749536178116 0.0
0.3387625974025974 -0.3387625974025974 0.0
0.2993264935064933 -0.29932649350649343 0.0
0.25905918367346925 -0.25905918367346925 0.0
0.21796066790352486 -0.21796066790352486 0.0
0.17603094619666027 -0.1760309461966605 0.0
0.13327001855287546 -0.13327001855287568 0.0
0.08967788497217066 -0.08967788497217066 0.0
0.045254545454545436 -0.045254545454545436 0.0
0.0 0.0 0.0
0.04525454545454545 0.04525454545454546 0.0
0.08967788497217066 0.08967788497217068 0.0
0.13327001855287568 0.1332700185528757 0.0
0.17603094619666046 0.1760309461966605 0.0
0.21796066790352497 0.21796066790352508 0.0
0.2590591836734693 0.25905918367346936 0.0
0.29932649350649343 0.2993264935064935 0.0
0.3387625974025973 0.33876259740259734 0.0
0.37736749536178094 0.377367495361781 0.0
0.41514118738404443 0.4151411873840445 0.0
0.45208367346938766 0.4520836734693878 0.0
0.48819495361781057 0.4881949536178107 0.0
0.5234750278293133 0.5234750278293134 0.0
0.5579238961038959 0.557923896103896 0.0
0.5915415584415582 0.5915415584415583 0.0
0.6243280148423003 0.6243280148423004 0.0
0.6562832653061222 0.6562832653061225 0.0
0.687407309833024 0.6874073098330241 0.0
0.7177001484230054 0.7177001484230056 0.0
0.7471617810760667 0.7471617810760669 0.0
0.7757922077922076 0.7757922077922077 0.0
0.8035914285714284 0.8035914285714285 0.0
0.8305594434137288 0.830559443413729 0.0
0.8566962523191093 0.8566962523191094 0.0
0.8820018552875692 0.8820018552875695 0.0
0.9064762523191091 0.9064762523191093 0.0
0.9301194434137288 0.9301194434137292 0.0
0.9529314285714284 0.9529314285714284 0.0
0.9749122077922076 0.9749122077922077 0.0
0.9960617810760666 0.9960617810760668 0.0
1.0163801484230053 1.0163801484230055 0.0
1.0358673098330238 1.035867309833024 0.0
1.054523265306122 1.0545232653061223 0.0
1.0723480148423001 1.0723480148423004 0.0
1.0893415584415582 1.0893415584415584 0.0
1.1055038961038959 1.105503896103896 0.0
1.120835027829313 1.1208350278293133 0.0
1.1353349536178106 1.1353349536178106 0.0
1.1490036734693874 1.1490036734693876 0.0
1.1618411873840444 1.1618411873840446 0.0
1.1738474953617808 1.173847495361781 0.0
1.1850225974025972 1.1850225974025972 0.0
1.1953664935064932 1.1953664935064934 0.0
1.2048791836734691 1.2048791836734694 0.0
1.2135606679035245 1.2135606679035247 0.0
1.22141094619666 1.2214109461966602 0.0
1.2284300185528754 1.2284300185528756 0.0
1.2346178849721703 1.2346178849721705 0.0
1.2399745454545452 1.2399745454545454 0.0
1.2444999999999997 1.2445 0.0
1.7422999999999997 -1.2445 0.0
1.7377745454545452 -1.2399745454545454 0.0
1.7324178849721703 -1.2346178849721707 0.0
1.7262300185528754 -1.2284300185528756 0.0
1.7192109461966603 -1.2214109461966605 0.0
1.7113606679035245 -1.213560667903525 0.0
1.7026791836734692 -1.2048791836734694 0.0
1.6931664935064934 -1.1953664935064934 0.0
1.6828225974025972 -1.1850225974025974 0.0
1.6716474953617806 -1.173847495361781 0.0
1.6596411873840444 -1.1618411873840444 0.0
1.6468036734693878 -1.1490036734693876 0.0
1.6331349536178106 -1.1353349536178108 0.0
1.6186350278293133 -1.1208350278293135 0.0
1.603303896103896 -1.105503896103896 0.0
1.5871415584415582 -1.0893415584415584 0.0
1.5701480148423004 -1.0723480148423006 0.0
1.552323265306122 -1.0545232653061223 0.0
1.5336673098330238 -1.035867309833024 0.0
1.5141801484230053 -1.0163801484230055 0.0
1.4938617810760666 -0.9960617810760668 0.0
1.4727122077922075 -0.9749122077922077 0.0
1.4507314285714283 -0.9529314285714284 0.0
1.4279194434137288 -0.930119443413729 0.0
1.4042762523191092 -0.9064762523191096 0.0
1.3798018552875693 -0.8820018552875695 0.0
1.3544962523191093 -0.8566962523191094 0.0
1.328359443413729 -0.8305594434137291 0.0
1.3013914285714283 -0.8035914285714285 0.0
1.2735922077922077 -0.7757922077922077 0.0
1.2449617810760665 -0.7471617810760667 0.0
1.2155001484230055 -0.7177001484230054 0.0
1.1852073098330238 -0.687407309833024 0.0
1.1540832653061224 -0.6562832653061225 0.0
1.1221280148423003 -0.6243280148423005 0.0
1.0893415584415582 -0.5915415584415583 0.0
1.055723896103896 -0.5579238961038959 0.0
1.0212750278293132 -0.5234750278293134 0.0
0.9859949536178108 -0.48819495361781057 0.0
0.9498836734693876 -0.4520836734693877 0.0
0.9129411873840445 -0.4151411873840446 0.0
0.875167495361781 -0.37736749536178116 0.0
0.8365625974025973 -0.3387625974025974 0.0
0.7971264935064933 -0.29932649350649343 0.0
0.7568591836734693 -0.25905918367346925 0.0
0.7157606679035249 -0.21796066790352486 0.0
0.6738309461966603 -0.1760309461966605 0.0
0.6310700185528755 -0.13327001855287568 0.0
0.5874778849721707 -0.08967788497217066 0.0
0.5430545454545455 -0.045254545454545436 0.0
0.4978 0.0 0.0
0.5430545454545455 0.04525454545454546 0.0
0.5874778849721707 0.08967788497217068 0.0
0.6310700185528757 0.1332700185528757 0.0
0.6738309461966605 0.1760309461966605 0.0
0.715760667903525 0.21796066790352508 0.0
0.7568591836734693 0.25905918367346936 0.0
0.7971264935064934 0.2993264935064935 0.0
0.8365625974025973 0.33876259740259734 0.0
0.875167495361781 0.377367495361781 0.0
0.9129411873840445 0.4151411873840445 0.0
0.9498836734693876 0.4520836734693878 0.0
0.9859949536178105 0.4881949536178107 0.0
1.0212750278293132 0.5234750278293134 0.0
1.055723896103896 0.557923896103896 0.0
1.0893415584415582 0.5915415584415583 0.0
1.1221280148423003 0.6243280148423004 0.0
1.1540832653061224 0.6562832653061225 0.0
1.185207309833024 0.6874073098330241 0.0
1.2155001484230055 0.7177001484230056 0.0
1.2449617810760667 0.7471617810760669 0.0
1.2735922077922077 0.7757922077922077 0.0
1.3013914285714283 0.8035914285714285 0.0
1.3283594434137287 0.830559443413729 0.0
1.3544962523191093 0.8566962523191094 0.0
1.3798018552875693 0.8820018552875695 0.0
1.4042762523191092 0.9064762523191093 0.0
1.427919443413729 0.9301194434137292 0.0
1.4507314285714283 0.9529314285714284 0.0
1.4727122077922075 0.9749122077922077 0.0
1.4938617810760666 0.9960617810760668 0.0
1.5141801484230053 1.0163801484230055 0.0
1.5336673098330238 1.035867309833024 0.0
1.552323265306122 1.0545232653061223 0.0
1.5701480148423002 1.0723480148423004 0.0
1.5871415584415582 1.0893415584415584 0.0
1.603303896103896 1.105503896103896 0.0
1.6186350278293131 1.1208350278293133 0.0
1.6331349536178106 1.1353349536178106 0.0
1.6468036734693874 1.1490036734693876 0.0
1.6596411873840444 1.1618411873840446 0.0
1.6716474953617806 1.173847495361781 0.0
1.6828225974025972 1.1850225974025972 0.0
1.6931664935064934 1.1953664935064934 0.0
1.7026791836734692 1.2048791836734694 0.0
1.7113606679035245 1.2135606679035247 0.0
1.71921094619666 1.2214109461966602 0.0
1.7262300185528754 1.2284300185528756 0.0
1.7324178849721703 1.2346178849721705 0.0
1.7377745454545452 1.2399745454545454 0.0
1.7422999999999997 1.2445 0.0
1.6155872727272724 -1.2422372727272726 0.0
1.6106462152133578 -1.237296215213358 0.0
1.604873951762523 -1.2315239517625232 0.0
1.598270482374768 -1.224920482374768 0.0
1.5908358070500925 -1.2174858070500927 0.0
1.582569925788497 -1.2092199257884972 0.0
1.5734728385899812 -1.2001228385899814 0.0
1.5635445454545454 -1.1901945454545453 0.0
1.552785046382189 -1.1794350463821892 0.0
1.5411943413729126 -1.1678443413729127 0.0
1.5287724304267158 -1.155422430426716 0.0
1.5155193135435991 -1.142169313543599 0.0
1.501434990723562 -1.1280849907235622 0.0
1.4865194619666047 -1.1131694619666048 0.0
1.4707727272727271 -1.0974227272727273 0.0
1.4541947866419294 -1.0808447866419293 0.0
1.4367856400742112 -1.0634356400742113 0.0
1.418545287569573 -1.0451952875695731 0.0
1.3994737291280146 -1.0261237291280147 0.0
1.379570964749536 -1.0062209647495362 0.0
1.358836994434137 -0.9854869944341371 0.0
1.337271818181818 -0.9639218181818181 0.0
1.3148754359925787 -0.9415254359925787 0.0
1.291647847866419 -0.9182978478664192 0.0
1.2675890538033394 -0.8942390538033393 0.0
1.2426990538033393 -0.8693490538033395 0.0
1.2169778478664193 -0.8436278478664192 0.0
1.1904254359925788 -0.8170754359925788 0.0
1.163041818181818 -0.7896918181818181 0.0
1.1348269944341371 -0.7614769944341371 0.0
1.105780964749536 -0.7324309647495362 0.0
1.0759037291280147 -0.7025537291280148 0.0
1.0451952875695731 -0.6718452875695733 0.0
1.0136556400742114 -0.6403056400742114 0.0
0.9812847866419293 -0.6079347866419293 0.0
0.9480827272727271 -0.5747327272727272 0.0
0.9140494619666047 -0.5406994619666048 0.0
0.8791849907235622 -0.5058349907235622 0.0
0.8434893135435992 -0.47013931354359917 0.0
0.8069624304267162 -0.43361243042671627 0.0
0.7696043413729128 -0.3962543413729128 0.0
0.7314150463821893 -0.3580650463821894 0.0
0.6923945454545455 -0.3190445454545454 0.0
0.6525428385899814 -0.27919283858998134 0.0
0.6118599257884971 -0.23850992578849706 0.0
0.5703458070500929 -0.19699580705009279 0.0
0.5280004823747682 -0.15465048237476808 0.0
0.4848239517625232 -0.11147395176252317 0.0
0.4408162152133581 -0.06746621521335805 0.0
0.39597727272727273 -0.022627272727272718 0.0
0.39597727272727273 0.02262727272727273 0.0
0.4408162152133581 0.06746621521335806 0.0
0.4848239517625232 0.11147395176252319 0.0
0.528000482374768 0.15465048237476808 0.0
0.5703458070500929 0.19699580705009276 0.0
0.6118599257884971 0.23850992578849717 0.0
0.6525428385899814 0.2791928385899814 0.0
0.6923945454545455 0.3190445454545454 0.0
0.7314150463821891 0.3580650463821891 0.0
0.7696043413729128 0.39625434137291277 0.0
0.8069624304267162 0.43361243042671616 0.0
0.8434893135435992 0.4701393135435992 0.0
0.8791849907235619 0.5058349907235621 0.0
0.9140494619666046 0.5406994619666047 0.0
0.9480827272727271 0.5747327272727272 0.0
0.9812847866419294 0.6079347866419295 0.0
1.0136556400742114 0.6403056400742114 0.0
1.0451952875695731 0.6718452875695732 0.0
1.0759037291280147 0.7025537291280147 0.0
1.105780964749536 0.7324309647495362 0.0
1.1348269944341371 0.7614769944341373 0.0
1.163041818181818 0.789691818181818 0.0
1.1904254359925786 0.8170754359925786 0.0
1.216977847866419 0.843627847866419 0.0
1.2426990538033393 0.8693490538033394 0.0
1.2675890538033392 0.8942390538033393 0.0
1.291647847866419 0.9182978478664192 0.0
1.3148754359925787 0.9415254359925787 0.0
1.3372718181818182 0.9639218181818181 0.0
1.3588369944341372 0.9854869944341373 0.0
1.379570964749536 1.0062209647495362 0.0
1.3994737291280148 1.0261237291280147 0.0
1.418545287569573 1.0451952875695731 0.0
1.4367856400742112 1.0634356400742113 0.0
1.4541947866419291 1.0808447866419293 0.0
1.470772727272727 1.097422727272727 0.0
1.4865194619666047 1.1131694619666048 0.0
1.501434990723562 1.128084990723562 0.0
1.5155193135435991 1.1421693135435993 0.0
1.528772430426716 1.1554224304267162 0.0
1.5411943413729128 1.1678443413729127 0.0
1.5527850463821888 1.179435046382189 0.0
1.5635445454545451 1.1901945454545453 0.0
1.573472838589981 1.2001228385899811 0.0
1.5825699257884969 1.209219925788497 0.0
1.5908358070500925 1.2174858070500927 0.0
1.5982704823747678 1.224920482374768 0.0
1.604873951762523 1.2315239517625232 0.0
1.6106462152133578 1.237296215213358 0.0
1.6155872727272724 1.2422372727272726 0.0

CELLS 200 700
4 0 101 102 1
4 1 102 103 2
4 2 103 104 3
4 3 104 105 4
4 4 105 106 5
4 5 106 107 6
4 6 107 108 7
4 7 108 109 8
4 8 109 110 9
4 9 110 111 10
4 10 111 112 11
4 11 112 113 12
4 12 113 114 13
4 13 114 115 14
4 14 115 116 15
4 15 116 117 16
4 16 117 118 17
4 17 118 119 18
4 18 119 120 19
4 19 120 121 20
4 20 121 122 21
4 21 122 123 22
4 22 123 124 23
4 23 124 125 24
4 24 125 126 25
4 25 126 127 26
4 26 127 128 27
4 27 128 129 28
4 28 129 130 29
4 29 130 131 30
4 30 131 132 31
4 31 132 133 32
4 32 133 134 33
4 33 134 135 34
4 34 135 136 35
4 35 136 137 36
4 36 137 138 37
4 37 138 139 38
4 38 139 140 39
4 39 140 141 40
4 40 141 142 41
4 41 142 143 42
4 42 143 144 43
4 43 144 145 44
4 44 145 146 45
4 45 146 147 46
4 46 147 148 47
4 47 148 149 48
4 48 149 150 49
4 49 150 151 50
4 50 151 152 51
4 51 152 153 52
4 52 153 154 53
4 53 154 155 54
4 54 155 156 55
4 55 156 157 56
4 56 157 158 57
4 57 158 159 58
4 58 159 160 59
4 59 160 161 60
4 60 161 162 61
4 61 162 163 62
4 62 163 164 63
4 63 164 165 64
4 64 165 166 65
4 65 166 167 66
4 66 167 168 67
4 67 168 169 68
4 68 169 170 69
4 69 170 171 70
4 70 171 172 71
4 71 172 173 72
4 72 173 174 73
4 73 174 175 74
4 74 175 176 75
4 75 176 177 76
4 76 177 178 77
4 77 178 179 78
4 78 179 180 79
4 79 180 181 80
4 80 181 182 81
4 81 182 183 82
4 82 183 184 83
4 83 184 185 84
4 84 185 186 85
4 85 186 187 86
4 86 187 188 87
4 87 188 189 88
4 88 189 190 89
4 89 190 191 90
4 90 191 192 91
4 91 192 193 92
4 92 193 194 93
4 93 194 195 94
4 94 195 196 95
4 95 196 197 96
4 96 197 198 97
4 97 198 199 98
4 98 199 200 99
4 99 200 201 100
1 202
1 203
1 204
1 205
1 206
1 207
1 208
1 209
1 210
1 211
1 212
1 213
1 214
1 215
1 216
1 217
1 218
1 219
1 220
1 221
1 222
1 223
1 224
1 225
1 226
1 227
1 228
1 229
1 230
1 231
1 232
1 233
1 234
1 235
1 236
1 237
1 238
1 239
1 240
1 241
1 242
1 243
1 244
1 245
1 246
1 247
1 248
1 249
1 250
1 251
1 252
1 253
1 254
1 255
1 256
1 257
1 258
1 259
1 260
1 261
1 262
1 263
1 264
1 265
1 266
1 267
1 268
1 269
1 270
1 271
1 272
1 273
1 274
1 275
1 276
1 277
1 278
1 279
1 280
1 281
1 282
1 283
1 284
1 285
1 286
1 287
1 288
1 289
1 290
1 291
1 292
1 293
1 294
1 295
1 296
1 297
1 298
1 299
1 300
1 301

CELL_TYPES 200
9
9
9
9
9
9
9
9
9
9
9
9
9
9
9
9
9
9
9
9
9
9
9
9
9
9
9
9
9
9
9
9
9
9
9
9
9
9
9
9
9
9
9
9
9
9
9
9
9
9
9
9
9
9
9
9
9
9
9
9
9
9
9
9
9
9
9
9
9
9
9
9
9
9
9
9
9
9
9
9
9
9
9
9
9
9
9
9
9
9
9
9
9
9
9
9
9
9
9
9
1
1
1
1
1
1
1
1
1
1
1
1
1
1
1
1
1
1
1
1
1
1
1
1
1
1
1
1
1
1
1
1
1
1
1
1
1
1
1
1
1
1
1
1
1
1
1
1
1
1
1
1
1
1
1
1
1
1
1
1
1
1
1
1
1
1
1
1
1
1
1
1
1
1
1
1
1
1
1
1
1
1
1
1
1
1
1
1
1
1
1
1
1
1
1
1
1
1
1
1

CELL_DATA 200

VECTORS Vinf float
9.154633227345869 0.15269318222999573 3.9694449679662287
9.153375390527174 0.15510952472686768 3.9994889871884887
9.15384802555792 0.15405264496803284 3.987480022173077
9.152941379306242 0.15624165534973145 4.011050395827443
9.153336051461622 0.15518933534622192 4.000374235372693
9.154132339713499 0.15349039435386658 3.9805092142631118
9.154352116939947 0.1530904769897461 3.9752433972169463
9.15584895348303 0.15126267075538635 3.9451053218652317
9.157091606018469 0.150417760014534 3.924573458891065
9.159269619343206 0.14969852566719055 3.894424356680066
9.161889705417082 0.14954453706741333 3.8646542208005488
9.165520894882604 0.14996257424354553 3.8300137297917907
9.16309242284052 0.14962336421012878 3.8524953501035277
9.161288175342008 0.14953413605690002 3.8709867374707763
9.161232817528173 0.1495346873998642 3.8715904431153843
9.16195433175318 0.14954529702663422 3.8639115767289702
9.161167282221243 0.1495332419872284 3.8723056392480437
9.16408907210581 0.1497337520122528 3.8429041282941405
9.162582698819563 0.14957839250564575 3.8575626389791076
9.158556419966146 0.14985118806362152 3.903645076017529
9.157891366240904 0.15005913376808167 3.912756718855053
9.158326897380277 0.14991724491119385 3.9067710416127746
9.158770609257147 0.14980095624923706 3.9009159283448764
9.160549748299047 0.14955288171768188 3.879319109182507
9.157650250551626 0.15015539526939392 3.9163211958219115
9.157986361143514 0.1500295251607895 3.9115571455766265
9.158326822874471 0.14992056787014008 3.9068889097978174
9.159865188953802 0.14961212873458862 3.887371070842892
9.16026519572489 0.1495734453201294 3.882680721740872
9.159315306303426 0.149692565202713 3.8941059486676757
9.160822037217542 0.14953117072582245 3.876160599451214
9.158195335028097 0.14994516968727112 3.9085411207486693
9.156789604184553 0.1505645513534546 3.929253108959347
9.157024550793096 0.1504339724779129 3.925595082502515
9.157261836883947 0.15031437575817108 3.921994276504666
9.159364256617948 0.14966687560081482 3.893337197761685
9.159650522825643 0.14962463080883026 3.8898405806829035
9.159938532469198 0.14959044754505157 3.8864004986096927
9.160227778909132 0.14956346154212952 3.8830189482976505
9.160517919418737 0.14954334497451782 3.8796964661885798
9.160807568190023 0.14953014254570007 3.8764360325147216
9.163474458811208 0.14964449405670166 3.8488931731988494
9.163827526924536 0.14968609809875488 3.845536209802777
9.160366449115202 0.1495526283979416 3.881497599344403
9.160620066878721 0.14953748881816864 3.878609873514325
9.160874712822363 0.14952720701694489 3.875759430389554
9.16665730213873 0.15016169846057892 3.8202973084260528
9.166995230672285 0.1502339243888855 3.8174758927632872
9.166702959296629 0.15017271041870117 3.8198934273530543
9.173440116999075 0.15197643637657166 3.768762447099835
9.173459622619077 0.15198305249214172 3.768624849777371
9.166754472610876 0.15018607676029205 3.8194456772615024
9.16704547738783 0.15024776756763458 3.8170403020192687
9.16670534348242 0.1501747965812683 3.8198708967973296
9.166363630053922 0.1501043140888214 3.8227487580586974
9.166020664927885 0.1500362753868103 3.825674571256787
9.160387474653646 0.1495528519153595 3.881232895116955
9.16385442352049 0.14969216287136078 3.8452822046090662
9.160194832441732 0.14957429468631744 3.883526988487393
9.158257294056341 0.14993983507156372 3.9078914599229404
9.158009234425947 0.15002021193504333 3.911313571195752
9.157762307283804 0.1501101553440094 3.9147930519391605
9.15751786863558 0.15020966529846191 3.91832647488609
9.157275709865019 0.15031947195529938 3.92191306517616
9.155762899277136 0.15134619176387787 3.94690141842857
9.155563909170553 0.1515335589647293 3.950547136526257
9.155367228743955 0.15173391997814178 3.9542464988042414
9.155173051712438 0.1519477814435959 3.9579965846349303
9.156290907022878 0.15091075003147125 3.937578506927639
9.15843688285105 0.1498858481645584 3.9053355233480036
9.15935130750887 0.14968951046466827 3.8936528639604155
9.160302180406973 0.1495729386806488 3.882243789892346
9.159899580833837 0.14961063861846924 3.8869488911439483
9.158353361842558 0.14991556107997894 3.906510152082593
9.158011067268774 0.1500234603881836 3.911192216138989
9.157673108932897 0.1501486599445343 3.915970273475796
9.15925979947798 0.1497052013874054 3.894696690302044
9.158807519433424 0.14979617297649384 3.9004299120713775
9.157063576934263 0.1504364311695099 3.925076283674389
9.15667447781317 0.1506575495004654 3.9311765210439265
9.1572472635483 0.15033933520317078 3.9222157971669738
9.16092685198538 0.1495438814163208 3.875062175254971
9.160300243256017 0.14957588911056519 3.8821214811612665
9.158212679979727 0.1499606817960739 3.908348776559979
9.159004035947248 0.14975740015506744 3.8978649751950805
9.159766394255087 0.1496313512325287 3.8883919493962833
9.15880498623602 0.14980149269104004 3.9004182295610015
9.163436460850164 0.14966128766536713 3.8491486089040343
9.163110870478079 0.14962907135486603 3.8523500041772434
9.160810175893232 0.1495494842529297 3.8763524071981017
9.158385995385572 0.14990611374378204 3.9059224800874297
9.156483251211569 0.1507844477891922 3.9342958109189574
9.154779988882467 0.15245293080806732 3.9659413771440093
9.15356158053629 0.15463116765022278 3.9942990617562835
9.15316677427046 0.15562357008457184 4.00487931833759
9.153043616173193 0.15594981610774994 4.008169926862866
9.152333724853918 0.15813957154750824 4.028170667748601
9.152857619879171 0.15650811791419983 4.01352597044006
9.15247004067652 0.15770381689071655 4.024393268089444
9.153408739325926 0.15504208207130432 3.9986911492158477
9.154633227345869 0.15269318222999573 3.9694449679662287
9.153375390527174 0.15510952472686768 3.9994889871884887
9.15384802555792 0.15405264496803284 3.987480022173077
9.152941379306242 0.15624165534973145 4.011050395827443
9.153336051461622 0.15518933534622192 4.000374235372693
9.154132339713499 0.15349039435386658 3.9805092142631118
9.154352116939947 0.1530904769897461 3.9752433972169463
9.15584895348303 0.15126267075538635 3.9451053218652317
9.157091606018469 0.150417760014534 3.924573458891065
9.159269619343206 0.14969852566719055 3.894424356680066
9.161889705417082 0.14954453706741333 3.8646542208005488
9.165520894882604 0.14996257424354553 3.8300137297917907
9.16309242284052 0.14962336421012878 3.8524953501035277
9.161288175342008 0.14953413605690002 3.8709867374707763
9.161232817528173 0.1495346873998642 3.8715904431153843
9.16195433175318 0.14954529702663422 3.8639115767289702
9.161167282221243 0.1495332419872284 3.8723056392480437
9.16408907210581 0.1497337520122528 3.8429041282941405
9.162582698819563 0.14957839250564575 3.8575626389791076
9.158556419966146 0.14985118806362152 3.903645076017529
9.157891366240904 0.15005913376808167 3.912756718855053
9.158326897380277 0.14991724491119385 3.9067710416127746
9.158770609257147 0.14980095624923706 3.9009159283448764
9.160549748299047 0.14955288171768188 3.879319109182507
9.157650250551626 0.15015539526939392 3.9163211958219115
9.157986361143514 0.1500295251607895 3.9115571455766265
9.158326822874471 0.14992056787014008 3.9068889097978174
9.159865188953802 0.14961212873458862 3.887371070842892
9.16026519572489 0.1495734453201294 3.882680721740872
9.159315306303426 0.149692565202713 3.8941059486676757
9.160822037217542 0.14953117072582245 3.876160599451214
9.158195335028097 0.14994516968727112 3.9085411207486693
9.156789604184553 0.1505645513534546 3.929253108959347
9.157024550793096 0.1504339724779129 3.925595082502515
9.157261836883947 0.15031437575817108 3.921994276504666
9.159364256617948 0.14966687560081482 3.893337197761685
9.159650522825643 0.14962463080883026 3.8898405806829035
9.159938532469198 0.14959044754505157 3.8864004986096927
9.160227778909132 0.14956346154212952 3.8830189482976505
9.160517919418737 0.14954334497451782 3.8796964661885798
9.160807568190023 0.14953014254570007 3.8764360325147216
9.163474458811208 0.14964449405670166 3.8488931731988494
9.163827526924536 0.14968609809875488 3.845536209802777
9.160366449115202 0.1495526283979416 3.881497599344403
9.160620066878721 0.14953748881816864 3.878609873514325
9.160874712822363 0.14952720701694489 3.875759430389554
9.16665730213873 0.15016169846057892 3.8202973084260528
9.166995230672285 0.1502339243888855 3.8174758927632872
9.166702959296629 0.15017271041870117 3.8198934273530543
9.173440116999075 0.15197643637657166 3.768762447099835
9.173459622619077 0.15198305249214172 3.768624849777371
9.166754472610876 0.15018607676029205 3.8194456772615024
9.16704547738783 0.15024776756763458 3.8170403020192687
9.16670534348242 0.1501747965812683 3.8198708967973296
9.166363630053922 0.1501043140888214 3.8227487580586974
9.166020664927885 0.1500362753868103 3.825674571256787
9.160387474653646 0.1495528519153595 3.881232895116955
9.16385442352049 0.14969216287136078 3.8452822046090662
9.160194832441732 0.14957429468631744 3.883526988487393
9.158257294056341 0.14993983507156372 3.9078914599229404
9.158009234425947 0.15002021193504333 3.911313571195752
9.157762307283804 0.1501101553440094 3.9147930519391605
9.15751786863558 0.15020966529846191 3.91832647488609
9.157275709865019 0.15031947195529938 3.92191306517616
9.155762899277136 0.15134619176387787 3.94690141842857
9.155563909170553 0.1515335589647293 3.950547136526257
9.155367228743955 0.15173391997814178 3.9542464988042414
9.155173051712438 0.1519477814435959 3.9579965846349303
9.156290907022878 0.15091075003147125 3.937578506927639
9.15843688285105 0.1498858481645584 3.9053355233480036
9.15935130750887 0.14968951046466827 3.8936528639604155
9.160302180406973 0.1495729386806488 3.882243789892346
9.159899580833837 0.14961063861846924 3.8869488911439483
9.158353361842558 0.14991556107997894 3.906510152082593
9.158011067268774 0.1500234603881836 3.911192216138989
9.157673108932897 0.1501486599445343 3.915970273475796
9.15925979947798 0.1497052013874054 3.894696690302044
9.158807519433424 0.14979617297649384 3.9004299120713775
9.157063576934263 0.1504364311695099 3.925076283674389
9.15667447781317 0.1506575495004654 3.9311765210439265
9.1572472635483 0.15033933520317078 3.9222157971669738
9.16092685198538 0.1495438814163208 3.875062175254971
9.160300243256017 0.14957588911056519 3.8821214811612665
9.158212679979727 0.1499606817960739 3.908348776559979
9.159004035947248 0.14975740015506744 3.8978649751950805
9.159766394255087 0.1496313512325287 3.8883919493962833
9.15880498623602 0.14980149269104004 3.9004182295610015
9.163436460850164 0.14966128766536713 3.8491486089040343
9.163110870478079 0.14962907135486603 3.8523500041772434
9.160810175893232 0.1495494842529297 3.8763524071981017
9.158385995385572 0.14990611374378204 3.9059224800874297
9.156483251211569 0.1507844477891922 3.9342958109189574
9.154779988882467 0.15245293080806732 3.9659413771440093
9.15356158053629 0.15463116765022278 3.9942990617562835
9.15316677427046 0.15562357008457184 4.00487931833759
9.153043616173193 0.15594981610774994 4.008169926862866
9.152333724853918 0.15813957154750824 4.028170667748601
9.152857619879171 0.15650811791419983 4.01352597044006
9.15247004067652 0.15770381689071655 4.024393268089444
9.153408739325926 0.15504208207130432 3.9986911492158477

VECTORS L float
-0.013517853427989964 0.0 0.028989130226758333
-0.021960871870997958 0.0 0.04709524170777882
-0.03041197373330268 0.0 0.06521868813742251
-0.03936028408417316 0.0 0.08440840161173158
-0.04893554362951039 0.0 0.10494261197238249
-0.059169288650328694 0.0 0.12688894899225756
-0.07003513520430012 0.0 0.1501908321244442
-0.08153936842645529 0.0 0.17486173988451195
-0.09363206869333682 0.0 0.2007946192944872
-0.10629820814092428 0.0 0.22795724299597764
-0.11950427453057652 0.0 0.2562777437612955
-0.1332502045515937 0.0 0.28575598582020695
-0.14735214538431837 0.0 0.31599769552860135
-0.16178097293642182 0.0 0.3469404160689262
-0.17651598912440034 0.0 0.37853976025786645
-0.19151919135041698 0.0 0.4107142312613636
-0.2066610950638989 0.0 0.4431861485646149
-0.22209660223197455 0.0 0.4762877005081281
-0.23757621276988994 0.0 0.5094838324334804
-0.25291741530960477 0.0 0.5423831474488376
-0.2682507037074609 0.0 0.575265490532209
-0.28354223190512606 0.0 0.6080582785772689
-0.29872796090545783 0.0 0.6406241795114632
-0.31391902909368313 0.0 0.6732015303710449
-0.32865249642621414 0.0 0.7047975530287592
-0.3432399360248817 0.0 0.7360804182006169
-0.3575455003782403 0.0 0.7667587999581892
-0.37167018166071164 0.0 0.797049276718441
-0.3854770843563626 0.0 0.8266582751000663
-0.3988281084988072 0.0 0.8552896387694291
-0.4120038030030735 0.0 0.883545006816348
-0.4244777190242752 0.0 0.9102954060496701
-0.4363357296424891 0.0 0.9357249918839056
-0.44765266324229985 0.0 0.9599942343076469
-0.4582849131044269 0.0 0.9827951677175651
-0.4684474739170735 0.0 1.0045888497103852
-0.4778494110310237 0.0 1.0247513689174468
-0.4865021487218598 0.0 1.043307224776799
-0.4943357225074065 0.0 1.060106377972226
-0.5012693537719712 0.0 1.0749755982033464
-0.5071917416477589 0.0 1.087676199988915
-0.5122921746418585 0.0 1.098614113842357
-0.5163058538350321 0.0 1.1072214766488229
-0.5187203892489886 0.0 1.112399464553868
-0.5196292941576974 0.0 1.1143486174206791
-0.5185131473471156 0.0 1.1119550328610819
-0.5152065289987345 0.0 1.1048639669294948
-0.5072925106139817 0.0 1.0878922997343523
-0.48651459023738947 0.0 1.0433339056929538
-0.37232503892886365 0.0 0.7984536226619389
-0.35489447027167376 0.0 0.7610736475481782
-0.46905367395323155 0.0 1.0058888498831393
-0.48976901724575994 0.0 1.0503130469346975
-0.497612508210593 0.0 1.0671334675897362
-0.5009730346368847 0.0 1.0743401397674741
-0.5019297261747337 0.0 1.0763917713911844
-0.5010864374185072 0.0 1.0745833328174685
-0.49932928430388607 0.0 1.0708151058027684
-0.49583605411779247 0.0 1.063323849493758
-0.4915084628859136 0.0 1.054043300147857
-0.48621776817345996 0.0 1.042697368722697
-0.4798617440758261 0.0 1.0290668310583957
-0.4725640635835317 0.0 1.013416904739003
-0.4644136102957034 0.0 0.9959382012579652
-0.45541888549438897 0.0 0.9766489516734672
-0.4458589890811948 0.0 0.9561476876560182
-0.4355590166309873 0.0 0.9340593254554902
-0.42459701730126465 0.0 0.9105512420302787
-0.41309830129954345 0.0 0.8858921659876138
-0.40097948077589746 0.0 0.8599032715062416
-0.3882249658500527 0.0 0.832551125980025
-0.37509662480121975 0.0 0.804397307745993
-0.3615878940036231 0.0 0.7754277410632465
-0.3478065133255062 0.0 0.7458734748248481
-0.33388257449391406 0.0 0.7160134916397469
-0.3197077122672591 0.0 0.6856154014974157
-0.3053805130088129 0.0 0.6548906235361586
-0.29073064315733943 0.0 0.6234738762551094
-0.2759520741078853 0.0 0.5917811326533267
-0.2611869904225452 0.0 0.560117308508212
-0.24636363533341177 0.0 0.5283285209343946
-0.23152607584988064 0.0 0.4965092719384899
-0.21649738699216378 0.0 0.46428014467693135
-0.20158743921879246 0.0 0.4323056584925004
-0.18692313211675082 0.0 0.4008579504276947
-0.17238375990501154 0.0 0.3696781660997554
-0.15802646278244956 0.0 0.33888884306060924
-0.14403802796490914 0.0 0.30889054778729697
-0.13025076144790815 0.0 0.27932365932667863
-0.11688704136884595 0.0 0.25066506913337716
-0.1040164496606254 0.0 0.22306399614404526
-0.09167133944274626 0.0 0.19658982184735022
-0.07987454355291594 0.0 0.17129151142177038
-0.06866099377317321 0.0 0.14724397631563366
-0.05805637818516587 0.0 0.12450230479780838
-0.04806707806328552 0.0 0.10308018155538899
-0.03869944823414408 0.0 0.0829912345580234
-0.02994369330307274 0.0 0.06421445751405522
-0.021664686970459562 0.0 0.04646007113882379
-0.013372612728159348 0.0 0.028677660540831925
-0.013517853427989964 0.0 0.028989130226758333
-0.021960871870997958 0.0 0.04709524170777882
-0.03041197373330268 0.0 0.06521868813742251
-0.03936028408417316 0.0 0.08440840161173158
-0.04893554362951039 0.0 0.10494261197238249
-0.059169288650328694 0.0 0.12688894899225756
-0.07003513520430012 0.0 0.1501908321244442
-0.08153936842645529 0.0 0.17486173988451195
-0.09363206869333682 0.0 0.2007946192944872
-0.10629820814092428 0.0 0.22795724299597764
-0.11950427453057652 0.0 0.2562777437612955
-0.1332502045515937 0.0 0.28575598582020695
-0.14735214538431837 0.0 0.31599769552860135
-0.16178097293642182 0.0 0.3469404160689262
-0.17651598912440034 0.0 0.37853976025786645
-0.19151919135041698 0.0 0.4107142312613636
-0.2066610950638989 0.0 0.4431861485646149
-0.22209660223197455 0.0 0.4762877005081281
-0.23757621276988994 0.0 0.5094838324334804
-0.25291741530960477 0.0 0.5423831474488376
-0.2682507037074609 0.0 0.575265490532209
-0.28354223190512606 0.0 0.6080582785772689
-0.29872796090545783 0.0 0.6406241795114632
-0.31391902909368313 0.0 0.6732015303710449
-0.32865249642621414 0.0 0.7047975530287592
-0.3432399360248817 0.0 0.7360804182006169
-0.3575455003782403 0.0 0.7667587999581892
-0.37167018166071164 0.0 0.797049276718441
-0.3854770843563626 0.0 0.8266582751000663
-0.3988281084988072 0.0 0.8552896387694291
-0.4120038030030735 0.0 0.883545006816348
-0.4244777190242752 0.0 0.9102954060496701
-0.4363357296424891 0.0 0.9357249918839056
-0.44765266324229985 0.0 0.9599942343076469
-0.4582849131044269 0.0 0.9827951677175651
-0.4684474739170735 0.0 1.0045888497103852
-0.4778494110310237 0.0 1.0247513689174468
-0.4865021487218598 0.0 1.043307224776799
-0.4943357225074065 0.0 1.060106377972226
-0.5012693537719712 0.0 1.0749755982033464
-0.5071917416477589 0.0 1.087676199988915
-0.5122921746418585 0.0 1.098614113842357
-0.5163058538350321 0.0 1.1072214766488229
-0.5187203892489886 0.0 1.112399464553868
-0.5196292941576974 0.0 1.1143486174206791
-0.5185131473471156 0.0 1.1119550328610819
-0.5152065289987345 0.0 1.1048639669294948
-0.5072925106139817 0.0 1.0878922997343523
-0.48651459023738947 0.0 1.0433339056929538
-0.37232503892886365 0.0 0.7984536226619389
-0.35489447027167376 0.0 0.7610736475481782
-0.46905367395323155 0.0 1.0058888498831393
-0.48976901724575994 0.0 1.0503130469346975
-0.497612508210593 0.0 1.0671334675897362
-0.5009730346368847 0.0 1.0743401397674741
-0.5019297261747337 0.0 1.0763917713911844
-0.5010864374185072 0.0 1.0745833328174685
-0.49932928430388607 0.0 1.0708151058027684
-0.49583605411779247 0.0 1.063323849493758
-0.4915084628859136 0.0 1.054043300147857
-0.48621776817345996 0.0 1.042697368722697
-0.4798617440758261 0.0 1.0290668310583957
-0.4725640635835317 0.0 1.013416904739003
-0.4644136102957034 0.0 0.9959382012579652
-0.45541888549438897 0.0 0.9766489516734672
-0.4458589890811948 0.0 0.9561476876560182
-0.4355590166309873 0.0 0.9340593254554902
-0.42459701730126465 0.0 0.9105512420302787
-0.41309830129954345 0.0 0.8858921659876138
-0.40097948077589746 0.0 0.8599032715062416
-0.3882249658500527 0.0 0.832551125980025
-0.37509662480121975 0.0 0.804397307745993
-0.3615878940036231 0.0 0.7754277410632465
-0.3478065133255062 0.0 0.7458734748248481
-0.33388257449391406 0.0 0.7160134916397469
-0.3197077122672591 0.0 0.6856154014974157
-0.3053805130088129 0.0 0.6548906235361586
-0.29073064315733943 0.0 0.6234738762551094
-0.2759520741078853 0.0 0.5917811326533267
-0.2611869904225452 0.0 0.560117308508212
-0.24636363533341177 0.0 0.5283285209343946
-0.23152607584988064 0.0 0.4965092719384899
-0.21649738699216378 0.0 0.46428014467693135
-0.20158743921879246 0.0 0.4323056584925004
-0.18692313211675082 0.0 0.4008579504276947
-0.17238375990501154 0.0 0.3696781660997554
-0.15802646278244956 0.0 0.33888884306060924
-0.14403802796490914 0.0 0.30889054778729697
-0.13025076144790815 0.0 0.27932365932667863
-0.11688704136884595 0.0 0.25066506913337716
-0.1040164496606254 0.0 0.22306399614404526
-0.09167133944274626 0.0 0.19658982184735022
-0.07987454355291594 0.0 0.17129151142177038
-0.06866099377317321 0.0 0.14724397631563366
-0.05805637818516587 0.0 0.12450230479780838
-0.04806707806328552 0.0 0.10308018155538899
-0.03869944823414408 0.0 0.0829912345580234
-0.02994369330307274 0.0 0.06421445751405522
-0.021664686970459562 0.0 0.04646007113882379
-0.013372612728159348 0.0 0.028677660540831925

SCALARS Gamma float
LOOKUP_TABLE default
0.4355406463735149
0.6704773541685628
0.8633302845351946
1.0377773943689774
1.201105673558978
1.35689517510517
1.5070917483540147
1.6521939484576178
1.793004021394663
1.9295556311583684
2.062079128500015
2.1906837481211356
2.3162464566089365
2.4374531044175503
2.5534459898189374
2.664041833466069
2.769433717402091
2.8685893312871396
2.963222576094884
3.0528987072519884
3.1355041265913646
3.2111714492058976
3.2804106322370457
3.3433007978757407
3.401856322553959
3.453360954367273
3.4987371891171386
3.538015064298258
3.5725373501576887
3.602594814117874
3.6270196634834146
3.6483382600197913
3.6642273444263855
3.673668710714505
3.6773931151403314
3.674931426977392
3.668511542736857
3.6574611502343366
3.6416035750153815
3.6207786035496783
3.594753695271664
3.5626573080687995
3.5268328639575346
3.4875409861767537
3.440403809349516
3.3864463036139245
3.324568503634936
3.261840352033432
3.1993704006014116
3.1420686534839923
3.141866336574848
3.198718511792676
3.260627414848674
3.322428828036343
3.381357976006239
3.436475974459047
3.4889515615379834
3.532171428481978
3.573198827812811
3.608353627413088
3.6367877523299037
3.6594930494903117
3.676812735895954
3.6890317455747548
3.6968386091770347
3.698379290653109
3.694180340153617
3.684116909538726
3.667356325565038
3.6447660632352963
3.6179637194128307
3.5866398024131327
3.5512481741696282
3.5113826607136254
3.465668878607633
3.414095246906013
3.3559965711309836
3.2928674615959257
3.224293674591999
3.1488652742234597
3.0663995804510464
2.9768464114393085
2.8827155513515392
2.7833073001299815
2.6773469733749318
2.5657636762072604
2.4491888997852804
2.32670946027175
2.2008363195344005
2.0714435467371684
1.9382539807586046
1.8010747739117619
1.6598052937172334
1.5140696187418738
1.3632315118880354
1.2065715179078333
1.0425934410790165
0.8674572533810462
0.6737256453736792
0.43769552089421354
0.4355406463735149
0.6704773541685628
0.8633302845351946
1.0377773943689774
1.201105673558978
1.35689517510517
1.5070917483540147
1.6521939484576178
1.793004021394663
1.9295556311583684
2.062079128500015
2.1906837481211356
2.3162464566089365
2.4374531044175503
2.5534459898189374
2.664041833466069
2.769433717402091
2.8685893312871396
2.963222576094884
3.0528987072519884
3.1355041265913646
3.2111714492058976
3.2804106322370457
3.3433007978757407
3.401856322553959
3.453360954367273
3.4987371891171386
3.538015064298258
3.5725373501576887
3.602594814117874
3.6270196634834146
3.6483382600197913
3.6642273444263855
3.673668710714505
3.6773931151403314
3.674931426977392
3.668511542736857
3.6574611502343366
3.6416035750153815
3.6207786035496783
3.594753695271664
3.5626573080687995
3.5268328639575346
3.4875409861767537
3.440403809349516
3.3864463036139245
3.324568503634936
3.261840352033432
3.1993704006014116
3.1420686534839923
3.141866336574848
3.198718511792676
3.260627414848674
3.322428828036343
3.381357976006239
3.436475974459047
3.4889515615379834
3.532171428481978
3.573198827812811
3.608353627413088
3.6367877523299037
3.6594930494903117
3.676812735895954
3.6890317455747548
3.6968386091770347
3.698379290653109
3.694180340153617
3.684116909538726
3.667356325565038
3.6447660632352963
3.6179637194128307
3.5866398024131327
3.5512481741696282
3.5113826607136254
3.465668878607633
3.414095246906013
3.3559965711309836
3.2928674615959257
3.224293674591999
3.1488652742234597
3.0663995804510464
2.9768464114393085
2.8827155513515392
2.7833073001299815
2.6773469733749318
2.5657636762072604
2.4491888997852804
2.32670946027175
2.2008363195344005
2.0714435467371684
1.9382539807586046
1.8010747739117619
1.6598052937172334
1.5140696187418738
1.3632315118880354
1.2065715179078333
1.0425934410790165
0.8674572533810462
0.6737256453736792
0.43769552089421354

VECTORS Vvpm float
0.09155535697937012 0.15269318222999573 -0.2567376494407654
0.09029752016067505 0.15510952472686768 -0.2266936302185059
0.09077015519142151 0.15405264496803284 -0.23870259523391726
0.08986350893974304 0.15624165534973145 -0.21513222157955167
0.09025818109512329 0.15518933534622192 -0.22580838203430173
0.09105446934700012 0.15349039435386658 -0.24567340314388275
0.09127424657344818 0.1530904769897461 -0.2509392201900482
0.09277108311653137 0.15126267075538635 -0.2810772955417633
0.09401373565196991 0.150417760014534 -0.3016091585159302
0.09619174897670746 0.14969852566719055 -0.3317582607269287
0.09881183505058289 0.14954453706741333 -0.3615283966064453
0.10244302451610564 0.14996257424354553 -0.39616888761520386
0.10001455247402191 0.14962336421012878 -0.3736872673034668
0.09821030497550964 0.14953413605690002 -0.35519587993621826
0.0981549471616745 0.1495346873998642 -0.3545921742916107
0.0988764613866806 0.14954529702663422 -0.3622710406780243
0.09808941185474396 0.1495332419872284 -0.3538769781589508
0.10101120173931122 0.1497337520122528 -0.383278489112854
0.09950482845306396 0.14957839250564575 -0.36861997842788696
0.09547854959964752 0.14985118806362152 -0.32253754138946533
0.09481349587440491 0.15005913376808167 -0.3134258985519409
0.09524902701377869 0.14991724491119385 -0.31941157579421997
0.09569273889064789 0.14980095624923706 -0.32526668906211853
0.09747187793254852 0.14955288171768188 -0.3468635082244873
0.09457238018512726 0.15015539526939392 -0.309861421585083
0.09490849077701569 0.1500295251607895 -0.31462547183036804
0.09524895250797272 0.14992056787014008 -0.31929370760917664
0.09678731858730316 0.14961212873458862 -0.3388115465641022
0.09718732535839081 0.1495734453201294 -0.34350189566612244
0.0962374359369278 0.149692565202713 -0.33207666873931885
0.0977441668510437 0.14953117072582245 -0.35002201795578003
0.0951174646615982 0.14994516968727112 -0.3176414966583252
0.0937117338180542 0.1505645513534546 -0.2969295084476471
0.0939466804265976 0.1504339724779129 -0.30058753490448
0.09418396651744843 0.15031437575817108 -0.3041883409023285
0.09628638625144958 0.14966687560081482 -0.33284541964530945
0.09657265245914459 0.14962463080883026 -0.3363420367240906
0.09686066210269928 0.14959044754505157 -0.33978211879730225
0.09714990854263306 0.14956346154212952 -0.3431636691093445
0.09744004905223846 0.14954334497451782 -0.3464861512184143
0.09772969782352448 0.14953014254570007 -0.34974658489227295
0.10039658844470978 0.14964449405670166 -0.37728944420814514
0.1007496565580368 0.14968609809875488 -0.38064640760421753
0.097288578748703 0.1495526283979416 -0.34468501806259155
0.09754219651222229 0.14953748881816864 -0.3475727438926697
0.09779684245586395 0.14952720701694489 -0.3504231870174408
0.10357943177223206 0.15016169846057892 -0.4058853089809418
0.10391736030578613 0.1502339243888855 -0.4087067246437073
0.10362508893013002 0.15017271041870117 -0.4062891900539399
0.11036224663257599 0.15197643637657166 -0.4574201703071594
0.11038175225257874 0.15198305249214172 -0.4575577676296234
0.10367660224437712 0.15018607676029205 -0.40673694014549255
0.10396760702133179 0.15024776756763458 -0.40914231538772583
0.103627473115921 0.1501747965812683 -0.406311720609665
0.10328575968742372 0.1501043140888214 -0.4034338593482971
0.10294279456138611 0.1500362753868103 -0.4005080461502075
0.09730960428714752 0.1495528519153595 -0.34494972229003906
0.1007765531539917 0.14969216287136078 -0.38090041279792786
0.09711696207523346 0.14957429468631744 -0.34265562891960144
0.09517942368984222 0.14993983507156372 -0.31829115748405457
0.09493136405944824 0.15002021193504333 -0.3148690462112427
0.09468443691730499 0.1501101553440094 -0.3113895654678345
0.09443999826908112 0.15020966529846191 -0.30785614252090454
0.0941978394985199 0.15031947195529938 -0.30426955223083496
0.0926850289106369 0.15134619176387787 -0.2792811989784241
0.09248603880405426 0.1515335589647293 -0.2756354808807373
0.09228935837745667 0.15173391997814178 -0.2719361186027527
0.09209518134593964 0.1519477814435959 -0.2681860327720642
0.0932130366563797 0.15091075003147125 -0.28860411047935486
0.09535901248455048 0.1498858481645584 -0.3208470940589905
0.09627343714237213 0.14968951046466827 -0.332529753446579
0.09722431004047394 0.1495729386806488 -0.34393882751464844
0.09682171046733856 0.14961063861846924 -0.33923372626304626
0.09527549147605896 0.14991556107997894 -0.31967246532440186
0.09493319690227509 0.1500234603881836 -0.31499040126800537
0.09459523856639862 0.1501486599445343 -0.3102123439311981
0.09618192911148071 0.1497052013874054 -0.33148592710494995
0.09572964906692505 0.14979617297649384 -0.32575270533561707
0.09398570656776428 0.1504364311695099 -0.301106333732605
0.09359660744667053 0.1506575495004654 -0.2950060963630676
0.09416939318180084 0.15033933520317078 -0.30396682024002075
0.09784898161888123 0.1495438814163208 -0.3511204421520233
0.09722237288951874 0.14957588911056519 -0.34406113624572754
0.09513480961322784 0.1499606817960739 -0.3178338408470154
0.09592616558074951 0.14975740015506744 -0.32831764221191406
0.09668852388858795 0.1496313512325287 -0.33779066801071167
0.0957271158695221 0.14980149269104004 -0.32576438784599304
0.10035859048366547 0.14966128766536713 -0.3770340085029602
0.1000330001115799 0.14962907135486603 -0.3738326132297516
0.0977323055267334 0.1495494842529297 -0.3498302102088928
0.09530812501907349 0.14990611374378204 -0.3202601373195648
0.09340538084506989 0.1507844477891922 -0.2918868064880371
0.09170211851596832 0.15245293080806732 -0.26024124026298523
0.09048371016979218 0.15463116765022278 -0.23188355565071106
0.09008890390396118 0.15562357008457184 -0.22130329906940463
0.08996574580669403 0.15594981610774994 -0.21801269054412845
0.08925585448741913 0.15813957154750824 -0.19801194965839386
0.08977974951267242 0.15650811791419983 -0.21265664696693423
0.08939217031002045 0.15770381689071655 -0.20178934931755066
0.09033086895942688 0.15504208207130432 -0.22749146819114685
0.09155535697937012 0.15269318222999573 -0.2567376494407654
0.09029752016067505 0.15510952472686768 -0.2266936302185059
0.09077015519142151 0.15405264496803284 -0.23870259523391726
0.08986350893974304 0.15624165534973145 -0.21513222157955167
0.09025818109512329 0.15518933534622192 -0.22580838203430173
0.09105446934700012 0.15349039435386658 -0.24567340314388275
0.09127424657344818 0.1530904769897461 -0.2509392201900482
0.09277108311653137 0.15126267075538635 -0.2810772955417633
0.09401373565196991 0.150417760014534 -0.3016091585159302
0.09619174897670746 0.14969852566719055 -0.3317582607269287
0.09881183505058289 0.14954453706741333 -0.3615283966064453
0.10244302451610564 0.14996257424354553 -0.39616888761520386
0.10001455247402191 0.14962336421012878 -0.3736872673034668
0.09821030497550964 0.14953413605690002 -0.35519587993621826
0.0981549471616745 0.1495346873998642 -0.3545921742916107
0.0988764613866806 0.14954529702663422 -0.3622710406780243
0.09808941185474396 0.1495332419872284 -0.3538769781589508
0.10101120173931122 0.1497337520122528 -0.383278489112854
0.09950482845306396 0.14957839250564575 -0.36861997842788696
0.09547854959964752 0.14985118806362152 -0.32253754138946533
0.09481349587440491 0.15005913376808167 -0.3134258985519409
0.09524902701377869 0.14991724491119385 -0.31941157579421997
0.09569273889064789 0.14980095624923706 -0.32526668906211853
0.09747187793254852 0.14955288171768188 -0.3468635082244873
0.09457238018512726 0.15015539526939392 -0.309861421585083
0.09490849077701569 0.1500295251607895 -0.31462547183036804
0.09524895250797272 0.14992056787014008 -0.31929370760917664
0.09678731858730316 0.14961212873458862 -0.3388115465641022
0.09718732535839081 0.1495734453201294 -0.34350189566612244
0.0962374359369278 0.149692565202713 -0.33207666873931885
0.0977441668510437 0.14953117072582245 -0.35002201795578003
0.0951174646615982 0.14994516968727112 -0.3176414966583252
0.0937117338180542 0.1505645513534546 -0.2969295084476471
0.0939466804265976 0.1504339724779129 -0.30058753490448
0.09418396651744843 0.15031437575817108 -0.3041883409023285
0.09628638625144958 0.14966687560081482 -0.33284541964530945
0.09657265245914459 0.14962463080883026 -0.3363420367240906
0.09686066210269928 0.14959044754505157 -0.33978211879730225
0.09714990854263306 0.14956346154212952 -0.3431636691093445
0.09744004905223846 0.14954334497451782 -0.3464861512184143
0.09772969782352448 0.14953014254570007 -0.34974658489227295
0.10039658844470978 0.14964449405670166 -0.37728944420814514
0.1007496565580368 0.14968609809875488 -0.38064640760421753
0.097288578748703 0.1495526283979416 -0.34468501806259155
0.09754219651222229 0.14953748881816864 -0.3475727438926697
0.09779684245586395 0.14952720701694489 -0.3504231870174408
0.10357943177223206 0.15016169846057892 -0.4058853089809418
0.10391736030578613 0.1502339243888855 -0.4087067246437073
0.10362508893013002 0.15017271041870117 -0.4062891900539399
0.11036224663257599 0.15197643637657166 -0.4574201703071594
0.11038175225257874 0.15198305249214172 -0.4575577676296234
0.10367660224437712 0.15018607676029205 -0.40673694014549255
0.10396760702133179 0.15024776756763458 -0.40914231538772583
0.103627473115921 0.1501747965812683 -0.406311720609665
0.10328575968742372 0.1501043140888214 -0.4034338593482971
0.10294279456138611 0.1500362753868103 -0.4005080461502075
0.09730960428714752 0.1495528519153595 -0.34494972229003906
0.1007765531539917 0.14969216287136078 -0.38090041279792786
0.09711696207523346 0.14957429468631744 -0.34265562891960144
0.09517942368984222 0.14993983507156372 -0.31829115748405457
0.09493136405944824 0.15002021193504333 -0.3148690462112427
0.09468443691730499 0.1501101553440094 -0.3113895654678345
0.09443999826908112 0.15020966529846191 -0.30785614252090454
0.0941978394985199 0.15031947195529938 -0.30426955223083496
0.0926850289106369 0.15134619176387787 -0.2792811989784241
0.09248603880405426 0.1515335589647293 -0.2756354808807373
0.09228935837745667 0.15173391997814178 -0.2719361186027527
0.09209518134593964 0.1519477814435959 -0.2681860327720642
0.0932130366563797 0.15091075003147125 -0.28860411047935486
0.09535901248455048 0.1498858481645584 -0.3208470940589905
0.09627343714237213 0.14968951046466827 -0.332529753446579
0.09722431004047394 0.1495729386806488 -0.34393882751464844
0.09682171046733856 0.14961063861846924 -0.33923372626304626
0.09527549147605896 0.14991556107997894 -0.31967246532440186
0.09493319690227509 0.1500234603881836 -0.31499040126800537
0.09459523856639862 0.1501486599445343 -0.3102123439311981
0.09618192911148071 0.1497052013874054 -0.33148592710494995
0.09572964906692505 0.14979617297649384 -0.32575270533561707
0.09398570656776428 0.1504364311695099 -0.301106333732605
0.09359660744667053 0.1506575495004654 -0.2950060963630676
0.09416939318180084 0.15033933520317078 -0.30396682024002075
0.09784898161888123 0.1495438814163208 -0.3511204421520233
0.09722237288951874 0.14957588911056519 -0.34406113624572754
0.09513480961322784 0.1499606817960739 -0.3178338408470154
0.09592616558074951 0.14975740015506744 -0.32831764221191406
0.09668852388858795 0.1496313512325287 -0.33779066801071167
0.0957271158695221 0.14980149269104004 -0.32576438784599304
0.10035859048366547 0.14966128766536713 -0.3770340085029602
0.1000330001115799 0.14962907135486603 -0.3738326132297516
0.0977323055267334 0.1495494842529297 -0.3498302102088928
0.09530812501907349 0.14990611374378204 -0.3202601373195648
0.09340538084506989 0.1507844477891922 -0.2918868064880371
0.09170211851596832 0.15245293080806732 -0.26024124026298523
0.09048371016979218 0.15463116765022278 -0.23188355565071106
0.09008890390396118 0.15562357008457184 -0.22130329906940463
0.08996574580669403 0.15594981610774994 -0.21801269054412845
0.08925585448741913 0.15813957154750824 -0.19801194965839386
0.08977974951267242 0.15650811791419983 -0.21265664696693423
0.08939217031002045 0.15770381689071655 -0.20178934931755066
0.09033086895942688 0.15504208207130432 -0.22749146819114685

VECTORS Vvpm_BBp float
0.0995090901851654 0.1495620459318161 -0.36859214305877686
0.10459344089031218 0.15039117634296417 -0.4142603278160095
0.10798364877700806 0.15127356350421906 -0.4404116868972778
0.1123209297657013 0.15261009335517883 -0.47063785791397095
0.11347626149654388 0.15299327671527863 -0.47823193669319153
0.1206890195608139 0.15555191040039062 -0.5223361253738403
0.12150664627552032 0.15585598349571228 -0.5270439982414246
0.12814024090766907 0.1583888828754425 -0.5635681748390198
0.1317356377840042 0.15979784727096558 -0.5823125839233398
0.13323454558849335 0.1603911966085434 -0.5899519920349121
0.13108088076114655 0.1595369130373001 -0.5789408683776855
0.13360290229320526 0.16053712368011475 -0.5918210744857788
0.13151861727237701 0.15970928966999054 -0.5812046527862549
0.13022640347480774 0.15919777750968933 -0.5745161771774292
0.12721531093120575 0.15802067518234253 -0.558616578578949
0.12801560759544373 0.15832935273647308 -0.5628761649131775
0.1303914487361908 0.15925820171833038 -0.5753602385520935
0.12985184788703918 0.15904511511325836 -0.5725475549697876
0.1305357664823532 0.15931209921836853 -0.5760968923568726
0.12573470175266266 0.15743964910507202 -0.5505861639976501
0.1249733716249466 0.15714527666568756 -0.5464078783988953
0.125593364238739 0.1573815643787384 -0.5497902631759644
0.12453961372375487 0.1569778472185135 -0.544012188911438
0.12223713099956511 0.15610460937023163 -0.5311233997344971
0.12277983129024504 0.15630784630775452 -0.5341875553131104
0.12942516803741455 0.15886513888835907 -0.57027667760849
0.12844733893871307 0.15848049521446228 -0.5651125311851501
0.12769919633865356 0.15818770229816437 -0.561133861541748
0.1281825751066208 0.15837478637695312 -0.5636999011039734
0.1224980354309082 0.15619319677352905 -0.5325763821601868
0.12299898266792297 0.1563803255558014 -0.535389244556427
0.12349212169647217 0.1565653681755066 -0.5381422638893127
0.116815447807312 0.15410654246807098 -0.4991488754749298
0.11724451184272766 0.15425848960876465 -0.5017635822296143
0.11767007410526274 0.154410257935524 -0.5043405890464783
0.11809135973453522 0.15456146001815796 -0.5068781971931458
0.11850903928279877 0.15471191704273224 -0.509377658367157
0.11892302334308623 0.1548616886138916 -0.5118380784988403
0.11677084863185881 0.15408650040626526 -0.49883946776390076
0.11721469461917877 0.1542442888021469 -0.5015518069267273
0.11549709737300873 0.15363754332065582 -0.49093878269195557
0.12488310039043427 0.15708114206790924 -0.545837938785553
0.1252519190311432 0.15722224116325378 -0.5478608012199402
0.12561608850955963 0.15736187994480133 -0.5498493313789368
0.12597553431987762 0.15749990940093994 -0.551803708076477
0.12633025646209717 0.15763632953166962 -0.5537246465682983
0.12668012082576752 0.15777109563350677 -0.5556125044822693
0.12177051603794098 0.15589606761932373 -0.5283801555633545
0.12611518800258636 0.15755559504032135 -0.5525708198547363
0.1392618715763092 0.16275566816329956 -0.6196398138999939
0.1261151283979416 0.15755654871463776 -0.552570104598999
0.12177173793315886 0.15589819848537445 -0.5283786654472351
0.12667948007583618 0.15777228772640228 -0.5556111931800842
0.1263291984796524 0.1576373279094696 -0.5537228584289551
0.12597431242465973 0.15750116109848022 -0.5518019199371338
0.12561489641666412 0.15736286342144012 -0.5498473644256592
0.1252516359090805 0.1572231501340866 -0.5478599667549133
0.12488383054733276 0.15708176791667938 -0.5458378791809082
0.11549724638462068 0.1536390632390976 -0.4909377098083496
0.11721469461917877 0.1542450487613678 -0.5015512704849243
0.11677120625972746 0.15408724546432495 -0.4988393783569336
0.1189238429069519 0.15486273169517517 -0.511837899684906
0.11851012706756592 0.15471293032169342 -0.5093777179718018
0.11809249222278595 0.15456239879131317 -0.5068783164024353
0.1176712214946747 0.154411181807518 -0.5043407082557678
0.11724570393562317 0.15425942838191986 -0.5017638206481934
0.11681665480136871 0.15410760045051575 -0.4991488456726074
0.12349411845207214 0.15656691789627075 -0.5381418466567993
0.12300063669681549 0.15638194978237152 -0.5353886485099792
0.12249951064586638 0.1561947613954544 -0.5325755476951599
0.12818288803100586 0.1583755910396576 -0.5636990666389465
0.12769916653633118 0.15818843245506287 -0.5611331462860107
0.12844672799110413 0.15848110616207123 -0.5651118755340576
0.12942488491535187 0.15886588394641876 -0.5702759027481079
0.12277911603450774 0.1563090831041336 -0.5341861844062805
0.122236430644989 0.15610574185848236 -0.5311219692230225
0.12453979253768921 0.15697914361953735 -0.5440110564231873
0.1255938708782196 0.15738297998905182 -0.5497892498970032
0.12497417628765105 0.15714675188064575 -0.5464070439338684
0.12573616206645966 0.15744085609912872 -0.5505855083465576
0.13053685426712036 0.15931282937526703 -0.576096773147583
0.1298527866601944 0.15904583036899567 -0.572547197341919
0.13039280474185944 0.15925903618335724 -0.5753601789474487
0.12801706790924072 0.1583310067653656 -0.5628753900527954
0.12721672654151917 0.15802210569381714 -0.5586159825325012
0.13022761046886444 0.15919895470142365 -0.5745155215263367
0.13152001798152924 0.1597105860710144 -0.5812044143676758
0.13360489904880524 0.16053831577301025 -0.5918208360671997
0.13108272850513458 0.1595386266708374 -0.5789399743080139
0.1332363784313202 0.16039258241653442 -0.5899515151977539
0.13173726201057434 0.15979896485805511 -0.5823124051094055
0.12814129889011383 0.1583893895149231 -0.5635679960250854
0.1215067058801651 0.15585660934448242 -0.5270437002182007
0.12068814039230348 0.15555188059806824 -0.5223362445831299
0.11347448825836182 0.15299323201179504 -0.4782314896583557
0.1123184859752655 0.1526092290878296 -0.47063779830932617
0.10798099637031557 0.15127237141132355 -0.44041171669960016
0.10458987951278685 0.15038932859897614 -0.4142603278160095
0.09950506687164307 0.14956003427505493 -0.3685912787914276
0.09955814480781555 0.14957791566848755 -0.3691248595714569
0.0995090901851654 0.1495620459318161 -0.36859214305877686
0.10459344089031218 0.15039117634296417 -0.4142603278160095
0.10798364877700806 0.15127356350421906 -0.4404116868972778
0.1123209297657013 0.15261009335517883 -0.47063785791397095
0.11347626149654388 0.15299327671527863 -0.47823193669319153
0.1206890195608139 0.15555191040039062 -0.5223361253738403
0.12150664627552032 0.15585598349571228 -0.5270439982414246
0.12814024090766907 0.1583888828754425 -0.5635681748390198
0.1317356377840042 0.15979784727096558 -0.5823125839233398
0.13323454558849335 0.1603911966085434 -0.5899519920349121
0.13108088076114655 0.1595369130373001 -0.5789408683776855
0.13360290229320526 0.16053712368011475 -0.5918210744857788
0.13151861727237701 0.15970928966999054 -0.5812046527862549
0.13022640347480774 0.15919777750968933 -0.5745161771774292
0.12721531093120575 0.15802067518234253 -0.558616578578949
0.12801560759544373 0.15832935273647308 -0.5628761649131775
0.1303914487361908 0.15925820171833038 -0.5753602385520935
0.12985184788703918 0.15904511511325836 -0.5725475549697876
0.1305357664823532 0.15931209921836853 -0.5760968923568726
0.12573470175266266 0.15743964910507202 -0.5505861639976501
0.1249733716249466 0.15714527666568756 -0.5464078783988953
0.125593364238739 0.1573815643787384 -0.5497902631759644
0.12453961372375487 0.1569778472185135 -0.544012188911438
0.12223713099956511 0.15610460937023163 -0.5311233997344971
0.12277983129024504 0.15630784630775452 -0.5341875553131104
0.12942516803741455 0.15886513888835907 -0.57027667760849
0.12844733893871307 0.15848049521446228 -0.5651125311851501
0.12769919633865356 0.15818770229816437 -0.561133861541748
0.1281825751066208 0.15837478637695312 -0.5636999011039734
0.1224980354309082 0.15619319677352905 -0.5325763821601868
0.12299898266792297 0.1563803255558014 -0.535389244556427
0.12349212169647217 0.1565653681755066 -0.5381422638893127
0.116815447807312 0.15410654246807098 -0.4991488754749298
0.11724451184272766 0.15425848960876465 -0.5017635822296143
0.11767007410526274 0.154410257935524 -0.5043405890464783
0.11809135973453522 0.15456146001815796 -0.5068781971931458
0.11850903928279877 0.15471191704273224 -0.509377658367157
0.11892302334308623 0.1548616886138916 -0.5118380784988403
0.11677084863185881 0.15408650040626526 -0.49883946776390076
0.11721469461917877 0.1542442888021469 -0.5015518069267273
0.11549709737300873 0.15363754332065582 -0.49093878269195557
0.12488310039043427 0.15708114206790924 -0.545837938785553
0.1252519190311432 0.15722224116325378 -0.5478608012199402
0.12561608850955963 0.15736187994480133 -0.5498493313789368
0.12597553431987762 0.15749990940093994 -0.551803708076477
0.12633025646209717 0.15763632953166962 -0.5537246465682983
0.12668012082576752 0.15777109563350677 -0.5556125044822693
0.12177051603794098 0.15589606761932373 -0.5283801555633545
0.12611518800258636 0.15755559504032135 -0.5525708198547363
0.1392618715763092 0.16275566816329956 -0.6196398138999939
0.1261151283979416 0.15755654871463776 -0.552570104598999
0.12177173793315886 0.15589819848537445 -0.5283786654472351
0.12667948007583618 0.15777228772640228 -0.5556111931800842
0.1263291984796524 0.1576373279094696 -0.5537228584289551
0.12597431242465973 0.15750116109848022 -0.5518019199371338
0.12561489641666412 0.15736286342144012 -0.5498473644256592
0.1252516359090805 0.1572231501340866 -0.5478599667549133
0.12488383054733276 0.15708176791667938 -0.5458378791809082
0.11549724638462068 0.1536390632390976 -0.4909377098083496
0.11721469461917877 0.1542450487613678 -0.5015512704849243
0.11677120625972746 0.15408724546432495 -0.4988393783569336
0.1189238429069519 0.15486273169517517 -0.511837899684906
0.11851012706756592 0.15471293032169342 -0.5093777179718018
0.11809249222278595 0.15456239879131317 -0.5068783164024353
0.1176712214946747 0.154411181807518 -0.5043407082557678
0.11724570393562317 0.15425942838191986 -0.5017638206481934
0.11681665480136871 0.15410760045051575 -0.4991488456726074
0.12349411845207214 0.15656691789627075 -0.5381418466567993
0.12300063669681549 0.15638194978237152 -0.5353886485099792
0.12249951064586638 0.1561947613954544 -0.5325755476951599
0.12818288803100586 0.1583755910396576 -0.5636990666389465
0.12769916653633118 0.15818843245506287 -0.5611331462860107
0.12844672799110413 0.15848110616207123 -0.5651118755340576
0.12942488491535187 0.15886588394641876 -0.5702759027481079
0.12277911603450774 0.1563090831041336 -0.5341861844062805
0.122236430644989 0.15610574185848236 -0.5311219692230225
0.12453979253768921 0.15697914361953735 -0.5440110564231873
0.1255938708782196 0.15738297998905182 -0.5497892498970032
0.12497417628765105 0.15714675188064575 -0.5464070439338684
0.12573616206645966 0.15744085609912872 -0.5505855083465576
0.13053685426712036 0.15931282937526703 -0.576096773147583
0.1298527866601944 0.15904583036899567 -0.572547197341919
0.13039280474185944 0.15925903618335724 -0.5753601789474487
0.12801706790924072 0.1583310067653656 -0.5628753900527954
0.12721672654151917 0.15802210569381714 -0.5586159825325012
0.13022761046886444 0.15919895470142365 -0.5745155215263367
0.13152001798152924 0.1597105860710144 -0.5812044143676758
0.13360489904880524 0.16053831577301025 -0.5918208360671997
0.13108272850513458 0.1595386266708374 -0.5789399743080139
0.1332363784313202 0.16039258241653442 -0.5899515151977539
0.13173726201057434 0.15979896485805511 -0.5823124051094055
0.12814129889011383 0.1583893895149231 -0.5635679960250854
0.1215067058801651 0.15585660934448242 -0.5270437002182007
0.12068814039230348 0.15555188059806824 -0.5223362445831299
0.11347448825836182 0.15299323201179504 -0.4782314896583557
0.1123184859752655 0.1526092290878296 -0.47063779830932617
0.10798099637031557 0.15127237141132355 -0.44041171669960016
0.10458987951278685 0.15038932859897614 -0.4142603278160095
0.09950506687164307 0.14956003427505493 -0.3685912787914276
0.09955814480781555 0.14957791566848755 -0.3691248595714569

VECTORS ftot float
-5.727234366408029 -9.20804630338639 5.128034919269076
-7.553641346550416 -11.034444450999047 7.1813190130762745
-8.502472781549313 -11.983261398030972 8.86679912649101
-9.112029341223732 -12.59286740927214 10.391444588303798
-9.555686560323178 -13.03654581789831 11.818900185694343
-9.894173355000019 -13.375056631040497 13.180468282776985
-10.14010830503919 -13.621002881855837 14.493150600163412
-10.335132035963143 -13.816028139892893 15.761305209816161
-10.471807929951849 -13.952785868080364 16.991970606607293
-10.57142647811435 -14.052388164547093 18.18538813116187
-10.637707810066448 -14.118644296912779 19.343599314770067
-10.688415303355615 -14.169356974889665 20.467567629099726
-10.651446169717946 -14.132378071903927 21.564948965573983
-10.56432371063443 -14.045248080812387 22.6242604761527
-10.456287703965527 -13.937203720666906 23.638005815137497
-10.335664063487107 -13.816570189937837 24.604581352346074
-10.174067477901216 -13.65499339367547 25.525677638211505
-10.05585410086931 -13.536770008667476 26.39226924712161
-9.886618538612176 -13.367524909218659 27.219336949057944
-9.64087931502209 -13.121783572026306 28.003081692605893
-9.412768731416177 -12.893660748266829 28.72503179337334
-9.204219616077332 -12.685105510286139 29.386343573624078
-9.002031347633391 -12.482912060182299 29.99147474461827
-8.84308503454265 -12.323983061668812 30.54111235723655
-8.59141854612919 -12.072319288842346 31.0528719183363
-8.384033439795406 -11.864929706556591 31.503006991917225
-8.182918126058981 -11.663809681056067 31.899582166136604
-8.018516578011228 -11.499401776458962 32.24286050810965
-7.845051388258367 -11.325930700110531 32.54457668710878
-7.638618699344128 -11.119483652822327 32.80727193030737
-7.484303677271821 -10.965317725111705 33.02073577615764
-7.241839716752928 -10.722847055371275 33.20705521004066
-6.981950555904501 -10.462975222214354 33.34592261885742
-6.746134876988666 -10.227157423621517 33.42843746848361
-6.503530560658017 -9.984550280058315 33.46098765873417
-6.307190303654723 -9.788207549958676 33.43947220660486
-6.07315096186364 -9.55425301192481 33.38334637602152
-5.8236613651841775 -9.304757175151149 33.28676959680506
-5.558281439528876 -9.039370890895112 33.14817949726636
-5.274925372805464 -8.756009055518977 32.96617594740109
-4.968791210961278 -8.449871828117399 32.73872460947966
-4.691434854978228 -8.172511816029312 32.458207690685754
-4.366702901072491 -7.847774209100443 32.14511235465359
-3.925732404931824 -7.4067987671324245 31.801713581187755
-3.474314027741113 -6.955374501583648 31.389748229080844
-2.9332427778729393 -6.414297716655619 30.91817516988813
-2.3141542851099146 -5.795202513959556 30.377382698664942
-1.1870741180220672 -4.6681171657069225 29.829157454610947
1.4799763598514653 -2.001089762107631 29.28318819801474
15.659818457701416 12.178590265724596 28.782381733393855
15.654035019585315 -12.17280718391261 27.774084609935848
1.4707052028785301 2.0103594975044574 28.252665351674707
-1.199382803071789 4.680424429304803 28.773902960904298
-2.3333092302875613 5.814356509308296 29.294228676909032
-3.009683085760016 6.490737428729607 29.790370060723543
-3.4977820726904088 6.9788417152659585 30.254426336436023
-3.844553454675036 7.325618632069217 30.696234093947538
-4.283253842138655 7.7643242005726405 31.060114181835555
-4.562244845870025 8.043320621993102 31.40553732917232
-4.86846658308081 8.34954554416326 31.70152129414347
-5.192414149143797 8.673496528842389 31.940919711647886
-5.4931779173151 8.974266655315395 32.132081543346914
-5.77523007039307 9.256324460155868 32.27789998465273
-6.039478127144563 9.52057887496645 32.380774348063966
-6.266844135391798 9.747859368388058 32.4464598213756
-6.52941425379408 10.010432313544039 32.459430552535885
-6.781049903010564 10.262070671667889 32.42407867137994
-7.028868574458894 10.50989205274088 32.3393522698438
-7.302087610590461 10.783093882497628 32.198216165345826
-7.561010600289472 11.042023464886016 32.008019494082376
-7.763042468599708 11.243907182516583 31.782349386072124
-7.954564175523884 11.435442775296627 31.518610222719513
-8.117474046864002 11.598358297419917 31.220634263072736
-8.272472823124557 11.753363548492134 30.884991452789944
-8.46441273118511 11.945308050410292 30.500113389101138
-8.661726467690242 12.142626026817164 30.065898921501297
-8.889197408111535 12.370095078839167 29.57673867555937
-9.068436014411425 12.549316014999688 29.04522272646247
-9.240520351209836 12.72140553399348 28.467878859071444
-9.456147383340646 12.937038334869209 27.832822070838372
-9.689003628113252 13.169906936746296 27.138511074332023
-9.93858717568706 13.419492599709987 26.384529611480296
-10.09160756795732 13.57252264689785 25.59201288698609
-10.232972824784657 13.713898029844504 24.755064559142284
-10.411840781685298 13.892745843348823 23.862940892524755
-10.557100859161663 14.038016635520405 22.923488202933623
-10.656280989485978 14.137204766616831 21.942005908214497
-10.774551088483882 14.255482516959503 20.910813829661898
-10.781923418881023 14.262865207246463 19.851050896807465
-10.744229857392801 14.225166224364603 18.761650494203725
-10.676328617776917 14.157289593014108 17.64029492384647
-10.57590082094645 14.056877929792984 16.4853504201663
-10.431972535794433 13.912867573388558 15.295943498312019
-10.241018648790934 13.721911803410395 14.068954018793496
-9.994484193305054 13.475366519011788 12.79900292658234
-9.662997996240993 13.14385583067435 11.480029190143116
-9.211099658830175 12.691936303920537 10.099442797713237
-8.59752024168699 12.078307670677587 8.62489862008887
-7.646157232245272 11.126958559849037 6.993818828643574
-5.807934605459565 9.288744410269054 5.006611857288114
-5.727234366408029 -9.20804630338639 5.128034919269076
-7.553641346550416 -11.034444450999047 7.1813190130762745
-8.502472781549313 -11.983261398030972 8.86679912649101
-9.112029341223732 -12.59286740927214 10.391444588303798
-9.555686560323178 -13.03654581789831 11.818900185694343
-9.894173355000019 -13.375056631040497 13.180468282776985
-10.14010830503919 -13.621002881855837 14.493150600163412
-10.335132035963143 -13.816028139892893 15.761305209816161
-10.471807929951849 -13.952785868080364 16.991970606607293
-10.57142647811435 -14.052388164547093 18.18538813116187
-10.637707810066448 -14.118644296912779 19.343599314770067
-10.688415303355615 -14.169356974889665 20.467567629099726
-10.651446169717946 -14.132378071903927 21.564948965573983
-10.56432371063443 -14.045248080812387 22.6242604761527
-10.456287703965527 -13.937203720666906 23.638005815137497
-10.335664063487107 -13.816570189937837 24.604581352346074
-10.174067477901216 -13.65499339367547 25.525677638211505
-10.05585410086931 -13.536770008667476 26.39226924712161
-9.886618538612176 -13.367524909218659 27.219336949057944
-9.64087931502209 -13.121783572026306 28.003081692605893
-9.412768731416177 -12.893660748266829 28.72503179337334
-9.204219616077332 -12.685105510286139 29.386343573624078
-9.002031347633391 -12.482912060182299 29.99147474461827
-8.84308503454265 -12.323983061668812 30.54111235723655
-8.59141854612919 -12.072319288842346 31.0528719183363
-8.384033439795406 -11.864929706556591 31.503006991917225
-8.182918126058981 -11.663809681056067 31.899582166136604
-8.018516578011228 -11.499401776458962 32.24286050810965
-7.845051388258367 -11.325930700110531 32.54457668710878
-7.638618699344128 -11.119483652822327 32.80727193030737
-7.484303677271821 -10.965317725111705 33.02073577615764
-7.241839716752928 -10.722847055371275 33.20705521004066
-6.981950555904501 -10.462975222214354 33.34592261885742
-6.746134876988666 -10.227157423621517 33.42843746848361
-6.503530560658017 -9.984550280058315 33.46098765873417
-6.307190303654723 -9.788207549958676 33.43947220660486
-6.07315096186364 -9.55425301192481 33.38334637602152
-5.8236613651841775 -9.304757175151149 33.28676959680506
-5.558281439528876 -9.039370890895112 33.14817949726636
-5.274925372805464 -8.756009055518977 32.96617594740109
-4.968791210961278 -8.449871828117399 32.73872460947966
-4.691434854978228 -8.172511816029312 32.458207690685754
-4.366702901072491 -7.847774209100443 32.14511235465359
-3.925732404931824 -7.4067987671324245 31.801713581187755
-3.474314027741113 -6.955374501583648 31.389748229080844
-2.9332427778729393 -6.414297716655619 30.91817516988813
-2.3141542851099146 -5.795202513959556 30.377382698664942
-1.1870741180220672 -4.6681171657069225 29.829157454610947
1.4799763598514653 -2.001089762107631 29.28318819801474
15.659818457701416 12.178590265724596 28.782381733393855
15.654035019585315 -12.17280718391261 27.774084609935848
1.4707052028785301 2.0103594975044574 28.252665351674707
-1.199382803071789 4.680424429304803 28.773902960904298
-2.3333092302875613 5.814356509308296 29.294228676909032
-3.009683085760016 6.490737428729607 29.790370060723543
-3.4977820726904088 6.9788417152659585 30.254426336436023
-3.844553454675036 7.325618632069217 30.696234093947538
-4.283253842138655 7.7643242005726405 31.060114181835555
-4.562244845870025 8.043320621993102 31.40553732917232
-4.86846658308081 8.34954554416326 31.70152129414347
-5.192414149143797 8.673496528842389 31.940919711647886
-5.4931779173151 8.974266655315395 32.132081543346914
-5.77523007039307 9.256324460155868 32.27789998465273
-6.039478127144563 9.52057887496645 32.380774348063966
-6.266844135391798 9.747859368388058 32.4464598213756
-6.52941425379408 10.010432313544039 32.459430552535885
-6.781049903010564 10.262070671667889 32.42407867137994
-7.028868574458894 10.50989205274088 32.3393522698438
-7.302087610590461 10.783093882497628 32.198216165345826
-7.561010600289472 11.042023464886016 32.008019494082376
-7.763042468599708 11.243907182516583 31.782349386072124
-7.954564175523884 11.435442775296627 31.518610222719513
-8.117474046864002 11.598358297419917 31.220634263072736
-8.272472823124557 11.753363548492134 30.884991452789944
-8.46441273118511 11.945308050410292 30.500113389101138
-8.661726467690242 12.142626026817164 30.065898921501297
-8.889197408111535 12.370095078839167 29.57673867555937
-9.068436014411425 12.549316014999688 29.04522272646247
-9.240520351209836 12.72140553399348 28.467878859071444
-9.456147383340646 12.937038334869209 27.832822070838372
-9.689003628113252 13.169906936746296 27.138511074332023
-9.93858717568706 13.419492599709987 26.384529611480296
-10.09160756795732 13.57252264689785 25.59201288698609
-10.232972824784657 13.713898029844504 24.755064559142284
-10.411840781685298 13.892745843348823 23.862940892524755
-10.557100859161663 14.038016635520405 22.923488202933623
-10.656280989485978 14.137204766616831 21.942005908214497
-10.774551088483882 14.255482516959503 20.910813829661898
-10.781923418881023 14.262865207246463 19.851050896807465
-10.744229857392801 14.225166224364603 18.761650494203725
-10.676328617776917 14.157289593014108 17.64029492384647
-10.57590082094645 14.056877929792984 16.4853504201663
-10.431972535794433 13.912867573388558 15.295943498312019
-10.241018648790934 13.721911803410395 14.068954018793496
-9.994484193305054 13.475366519011788 12.79900292658234
-9.662997996240993 13.14385583067435 11.480029190143116
-9.211099658830175 12.691936303920537 10.099442797713237
-8.59752024168699 12.078307670677587 8.62489862008887
-7.646157232245272 11.126958559849037 6.993818828643574
-5.807934605459565 9.288744410269054 5.006611857288114

VECTORS D float
-0.01240048536835447 -0.0 -0.005782441292102698
-0.018501420228100335 -0.0 -0.008627353939106987
-0.02220019207261726 -0.0 -0.01035211957597332
-0.024597709173831476 -0.0 -0.011470100160827081
-0.026079255151001828 -0.0 -0.012160956395890347
-0.026726821300539775 -0.0 -0.012462921450581838
-0.026424573361117636 -0.0 -0.012321980921767726
-0.025366163573594263 -0.0 -0.011828436332379372
-0.023391453475705426 -0.0 -0.0109076138910978
-0.020625593919316055 -0.0 -0.00961787239857225
-0.017057447501204994 -0.0 -0.007954018398388734
-0.01284674988728049 -0.0 -0.005990537854840756
-0.007093033616764975 -0.0 -0.0033075358950483556
-0.00018206546126541204 -0.0 -8.489851887358391e-5
0.00751793655836016 0.0 0.003505671390686777
0.015879633460266114 0.0 0.00740479469121645
0.025310890506132513 0.0 0.011802662077732241
0.03449503588218392 0.0 0.01608529940019383
0.04491408150867332 0.0 0.02094378016649218
0.05703048783948212 0.0 0.026593753227866033
0.06917466161835774 0.0 0.03225667446292087
0.08122631262456478 0.0 0.0378764516205266
0.09337375541409987 0.0 0.043540897220286534
0.10484027975602102 0.0 0.04888782533334507
0.11838270786411247 0.0 0.055202763270161624
0.13107691452312653 0.0 0.061122169049462056
0.14367013302906417 0.0 0.06699448327960003
0.1554267075716714 0.0 0.07247666402248788
0.16739076878983558 0.0 0.07805559739115306
0.18013119561469074 0.0 0.0839965559877464
0.19150399739933577 0.0 0.0892997805546052
0.20510183739016188 0.0 0.09564055747669371
0.21902918965589244 0.0 0.10213498849602624
0.23207823358540222 0.0 0.10821985761195765
0.2450571919265185 0.0 0.11427204528129488
0.2564144799894307 0.0 0.11956803568090318
0.2686362335341292 0.0 0.12526713295487907
0.2810429435755003 0.0 0.13105247685967897
0.2936190643007998 0.0 0.13691681826376792
0.306400496585882 0.0 0.14287689802049128
0.3195021527219782 0.0 0.14898630061126636
0.33117981078326597 0.0 0.1544316819945603
0.3441001045449188 0.0 0.16045651392123125
0.3606417061780557 0.0 0.16816998944091224
0.3768401442988403 0.0 0.17572344518678396
0.39552309397223356 0.0 0.18443544769641168
0.4162511450565949 0.0 0.19410109665567737
0.4555454170909662 0.0 0.21242431662693054
0.5522600825491301 0.0 0.2575231057859711
1.081003005132842 0.0 0.5040799797820116
1.0633107096125438 0.0 0.49582992689055516
0.5343873105110425 0.0 0.24918889531215233
0.437485361879854 0.0 0.20400277457528684
0.39783804104369147 0.0 0.18551492524405597
0.37477786042510985 0.0 0.17476178642317391
0.35817607450043853 0.0 0.16702024650744982
0.3462766122894842 0.0 0.16147143615055579
0.3304144407719199 0.0 0.15407478409694747
0.3197110573781686 0.0 0.14908371445227217
0.3076085055559373 0.0 0.143440201854348
0.294397080719376 0.0 0.1372796132779203
0.28149605739853023 0.0 0.1312637673053737
0.26881351811156196 0.0 0.12534980211100877
0.25636042384647756 0.0 0.11954282888747382
0.2447422354280284 0.0 0.11412517865406327
0.23178263332679153 0.0 0.10808201694761488
0.21886886857260832 0.0 0.10206022954712715
0.20583019881606635 0.0 0.09598019798749767
0.19189733994202335 0.0 0.08948319919453859
0.17821976398426617 0.0 0.08310524078043972
0.1659657473585199 0.0 0.07739109898469557
0.15396593908335077 0.0 0.07179549648959246
0.14267573342580572 0.0 0.06653078712933433
0.13159047197254703 0.0 0.061361644821029376
0.11968550655736493 0.0 0.05581026827785957
0.10771717971841077 0.0 0.050229345817553235
0.09521152001103315 0.0 0.044397860925722656
0.08386161539304 0.0 0.03910531348302367
0.07283823638282354 0.0 0.033965027431814655
0.06119350835561047 0.0 0.02853500157559306
0.0494989003915848 0.0 0.023081716322847452
0.03785122336972702 0.0 0.017650315327839165
0.028228805552370388 0.0 0.013163308209638657
0.019187261606489266 0.0 0.008947167026129327
0.009989061844648322 0.0 0.00465797603594341
0.0017563310838857988 0.0 0.0008189906346716171
-0.005346384770419377 -0.0 -0.0024930601618898094
-0.012192163222479282 -0.0 -0.005685299080117816
-0.017124329225934137 -0.0 -0.007985205858820546
-0.02104215892770777 -0.0 -0.009812119852104707
-0.024166839795924884 -0.0 -0.011269182470244757
-0.026515431404881867 -0.0 -0.01236434872337997
-0.028032696516040123 -0.0 -0.013071861064164457
-0.02875864362699794 -0.0 -0.013410375761419584
-0.028710578726549155 -0.0 -0.01338796273025186
-0.027790145353217534 -0.0 -0.012958757599445888
-0.025953926751495437 -0.0 -0.01210251480341621
-0.02325661348967052 -0.0 -0.01084473697298421
-0.019293181317533967 -0.0 -0.008996558198539036
-0.012910931331820126 -0.0 -0.006020466153941039
-0.01240048536835447 -0.0 -0.005782441292102698
-0.018501420228100335 -0.0 -0.008627353939106987
-0.02220019207261726 -0.0 -0.01035211957597332
-0.024597709173831476 -0.0 -0.011470100160827081
-0.026079255151001828 -0.0 -0.012160956395890347
-0.026726821300539775 -0.0 -0.012462921450581838
-0.026424573361117636 -0.0 -0.012321980921767726
-0.025366163573594263 -0.0 -0.011828436332379372
-0.023391453475705426 -0.0 -0.0109076138910978
-0.020625593919316055 -0.0 -0.00961787239857225
-0.017057447501204994 -0.0 -0.007954018398388734
-0.01284674988728049 -0.0 -0.005990537854840756
-0.007093033616764975 -0.0 -0.0033075358950483556
-0.00018206546126541204 -0.0 -8.489851887358391e-5
0.00751793655836016 0.0 0.003505671390686777
0.015879633460266114 0.0 0.00740479469121645
0.025310890506132513 0.0 0.011802662077732241
0.03449503588218392 0.0 0.01608529940019383
0.04491408150867332 0.0 0.02094378016649218
0.05703048783948212 0.0 0.026593753227866033
0.06917466161835774 0.0 0.03225667446292087
0.08122631262456478 0.0 0.0378764516205266
0.09337375541409987 0.0 0.043540897220286534
0.10484027975602102 0.0 0.04888782533334507
0.11838270786411247 0.0 0.055202763270161624
0.13107691452312653 0.0 0.061122169049462056
0.14367013302906417 0.0 0.06699448327960003
0.1554267075716714 0.0 0.07247666402248788
0.16739076878983558 0.0 0.07805559739115306
0.18013119561469074 0.0 0.0839965559877464
0.19150399739933577 0.0 0.0892997805546052
0.20510183739016188 0.0 0.09564055747669371
0.21902918965589244 0.0 0.10213498849602624
0.23207823358540222 0.0 0.10821985761195765
0.2450571919265185 0.0 0.11427204528129488
0.2564144799894307 0.0 0.11956803568090318
0.2686362335341292 0.0 0.12526713295487907
0.2810429435755003 0.0 0.13105247685967897
0.2936190643007998 0.0 0.13691681826376792
0.306400496585882 0.0 0.14287689802049128
0.3195021527219782 0.0 0.14898630061126636
0.33117981078326597 0.0 0.1544316819945603
0.3441001045449188 0.0 0.16045651392123125
0.3606417061780557 0.0 0.16816998944091224
0.3768401442988403 0.0 0.17572344518678396
0.39552309397223356 0.0 0.18443544769641168
0.4162511450565949 0.0 0.19410109665567737
0.4555454170909662 0.0 0.21242431662693054
0.5522600825491301 0.0 0.2575231057859711
1.081003005132842 0.0 0.5040799797820116
1.0633107096125438 0.0 0.49582992689055516
0.5343873105110425 0.0 0.24918889531215233
0.437485361879854 0.0 0.20400277457528684
0.39783804104369147 0.0 0.18551492524405597
0.37477786042510985 0.0 0.17476178642317391
0.35817607450043853 0.0 0.16702024650744982
0.3462766122894842 0.0 0.16147143615055579
0.3304144407719199 0.0 0.15407478409694747
0.3197110573781686 0.0 0.14908371445227217
0.3076085055559373 0.0 0.143440201854348
0.294397080719376 0.0 0.1372796132779203
0.28149605739853023 0.0 0.1312637673053737
0.26881351811156196 0.0 0.12534980211100877
0.25636042384647756 0.0 0.11954282888747382
0.2447422354280284 0.0 0.11412517865406327
0.23178263332679153 0.0 0.10808201694761488
0.21886886857260832 0.0 0.10206022954712715
0.20583019881606635 0.0 0.09598019798749767
0.19189733994202335 0.0 0.08948319919453859
0.17821976398426617 0.0 0.08310524078043972
0.1659657473585199 0.0 0.07739109898469557
0.15396593908335077 0.0 0.07179549648959246
0.14267573342580572 0.0 0.06653078712933433
0.13159047197254703 0.0 0.061361644821029376
0.11968550655736493 0.0 0.05581026827785957
0.10771717971841077 0.0 0.050229345817553235
0.09521152001103315 0.0 0.044397860925722656
0.08386161539304 0.0 0.03910531348302367
0.07283823638282354 0.0 0.033965027431814655
0.06119350835561047 0.0 0.02853500157559306
0.0494989003915848 0.0 0.023081716322847452
0.03785122336972702 0.0 0.017650315327839165
0.028228805552370388 0.0 0.013163308209638657
0.019187261606489266 0.0 0.008947167026129327
0.009989061844648322 0.0 0.00465797603594341
0.0017563310838857988 0.0 0.0008189906346716171
-0.005346384770419377 -0.0 -0.0024930601618898094
-0.012192163222479282 -0.0 -0.005685299080117816
-0.017124329225934137 -0.0 -0.007985205858820546
-0.02104215892770777 -0.0 -0.009812119852104707
-0.024166839795924884 -0.0 -0.011269182470244757
-0.026515431404881867 -0.0 -0.01236434872337997
-0.028032696516040123 -0.0 -0.013071861064164457
-0.02875864362699794 -0.0 -0.013410375761419584
-0.028710578726549155 -0.0 -0.01338796273025186
-0.027790145353217534 -0.0 -0.012958757599445888
-0.025953926751495437 -0.0 -0.01210251480341621
-0.02325661348967052 -0.0 -0.01084473697298421
-0.019293181317533967 -0.0 -0.008996558198539036
-0.012910931331820126 -0.0 -0.006020466153941039

VECTORS funs-vector float
0.0 0.0 -1.7995665563768693e-10
0.0 0.0 6.189613863873754e-8
0.0 0.0 8.199690284336406e-8
0.0 0.0 4.2832672681408286e-8
0.0 0.0 1.1029843414369433e-7
0.0 0.0 8.016318469634083e-8
0.0 0.0 2.7854872348081545e-8
0.0 0.0 -3.695974048024587e-8
0.0 0.0 -1.3993585732598815e-7
0.0 0.0 -2.1788846993331395e-7
0.0 0.0 -2.4218668089175e-7
0.0 0.0 -2.8459496674444894e-7
0.0 0.0 -3.314119015581955e-7
0.0 0.0 -4.3068423784895725e-7
0.0 0.0 -3.867685362282912e-7
0.0 0.0 -6.023644942843024e-7
0.0 0.0 -5.754497969044018e-7
0.0 0.0 -4.4780827191847167e-7
0.0 0.0 -4.958740075525469e-7
0.0 0.0 -4.2518099586562724e-7
0.0 0.0 -8.212836393991813e-7
0.0 0.0 -8.152498913525301e-7
0.0 0.0 -9.861888450111362e-7
0.0 0.0 -1.0722057985710558e-6
0.0 0.0 -1.1133577143854465e-6
0.0 0.0 -9.925876576424097e-7
0.0 0.0 -1.254172802460248e-6
0.0 0.0 -1.3655823197082517e-6
0.0 0.0 -1.4324707781166914e-6
0.0 0.0 -1.421979841996869e-6
0.0 0.0 -1.3924194626404396e-6
0.0 0.0 -1.4350308558422597e-6
0.0 0.0 -1.578849782064977e-6
0.0 0.0 -1.8277881453214342e-6
0.0 0.0 -1.7676221737226367e-6
0.0 0.0 -1.5653887689123549e-6
0.0 0.0 -1.8046048321128763e-6
0.0 0.0 -1.961709538084671e-6
0.0 0.0 -2.2203832973456308e-6
0.0 0.0 -2.3766780369204427e-6
0.0 0.0 -2.9585445482573718e-6
0.0 0.0 -1.744027599670517e-6
0.0 0.0 -1.1506437422264592e-6
0.0 0.0 -9.188671990562567e-7
0.0 0.0 -6.824736131379311e-7
0.0 0.0 -3.323660435357439e-7
0.0 0.0 -4.1412092664152383e-7
0.0 0.0 -2.3002745308531305e-7
0.0 0.0 -4.245580972844272e-7
0.0 0.0 -4.604679692089452e-7
0.0 0.0 -5.136837767271243e-7
0.0 0.0 -5.171384639300993e-7
0.0 0.0 -7.880162055006292e-7
0.0 0.0 -8.444769247520611e-7
0.0 0.0 -1.075441158672096e-6
0.0 0.0 -7.564999642475164e-7
0.0 0.0 -8.324467340902301e-7
0.0 0.0 -8.76485045027535e-7
0.0 0.0 -6.969789981522728e-7
0.0 0.0 -1.0005358771794905e-6
0.0 0.0 -1.1087828429946391e-6
0.0 0.0 -9.21866231351487e-7
0.0 0.0 -8.130006321493967e-7
0.0 0.0 -6.67783142722039e-7
0.0 0.0 -9.553685513000434e-7
0.0 0.0 -1.3639291664575967e-6
0.0 0.0 -8.589440431643945e-7
0.0 0.0 -1.2529193760067099e-6
0.0 0.0 -1.13248020222107e-6
0.0 0.0 -1.105438510183955e-6
0.0 0.0 -1.0623950107525497e-6
0.0 0.0 -8.463562534447278e-7
0.0 0.0 -7.732673439746081e-7
0.0 0.0 -8.409333893475628e-7
0.0 0.0 -6.929382372143006e-7
0.0 0.0 -8.795358003122936e-7
0.0 0.0 -8.345935084848451e-7
0.0 0.0 -9.451425978826676e-7
0.0 0.0 -8.123636163759328e-7
0.0 0.0 -7.702628450219479e-7
0.0 0.0 -8.817804338822169e-7
0.0 0.0 -6.947495030183087e-7
0.0 0.0 -5.814836050242116e-7
0.0 0.0 -5.502248974018834e-7
0.0 0.0 -5.791055489691068e-7
0.0 0.0 -5.830898411380243e-7
0.0 0.0 -3.630316488635221e-7
0.0 0.0 -3.189356676939911e-7
0.0 0.0 -2.537612767189951e-7
0.0 0.0 -1.5668815869027896e-7
0.0 0.0 -1.5558194151181362e-7
0.0 0.0 -1.1562887568640114e-7
0.0 0.0 -8.96146449168679e-8
0.0 0.0 -1.1114258216790326e-7
0.0 0.0 -4.628360531197278e-8
0.0 0.0 1.0509859164771613e-8
0.0 0.0 7.57842118756261e-8
0.0 0.0 9.590983134961047e-8
0.0 0.0 6.12591529018532e-8
0.0 0.0 7.201567996485315e-8
0.0 0.0 -1.7995665563768693e-10
0.0 0.0 6.189613863873754e-8
0.0 0.0 8.199690284336406e-8
0.0 0.0 4.2832672681408286e-8
0.0 0.0 1.1029843414369433e-7
0.0 0.0 8.016318469634083e-8
0.0 0.0 2.7854872348081545e-8
0.0 0.0 -3.695974048024587e-8
0.0 0.0 -1.3993585732598815e-7
0.0 0.0 -2.1788846993331395e-7
0.0 0.0 -2.4218668089175e-7
0.0 0.0 -2.8459496674444894e-7
0.0 0.0 -3.314119015581955e-7
0.0 0.0 -4.3068423784895725e-7
0.0 0.0 -3.867685362282912e-7
0.0 0.0 -6.023644942843024e-7
0.0 0.0 -5.754497969044018e-7
0.0 0.0 -4.4780827191847167e-7
0.0 0.0 -4.958740075525469e-7
0.0 0.0 -4.2518099586562724e-7
0.0 0.0 -8.212836393991813e-7
0.0 0.0 -8.152498913525301e-7
0.0 0.0 -9.861888450111362e-7
0.0 0.0 -1.0722057985710558e-6
0.0 0.0 -1.1133577143854465e-6
0.0 0.0 -9.925876576424097e-7
0.0 0.0 -1.254172802460248e-6
0.0 0.0 -1.3655823197082517e-6
0.0 0.0 -1.4324707781166914e-6
0.0 0.0 -1.421979841996869e-6
0.0 0.0 -1.3924194626404396e-6
0.0 0.0 -1.4350308558422597e-6
0.0 0.0 -1.578849782064977e-6
0.0 0.0 -1.8277881453214342e-6
0.0 0.0 -1.7676221737226367e-6
0.0 0.0 -1.5653887689123549e-6
0.0 0.0 -1.8046048321128763e-6
0.0 0.0 -1.961709538084671e-6
0.0 0.0 -2.2203832973456308e-6
0.0 0.0 -2.3766780369204427e-6
0.0 0.0 -2.9585445482573718e-6
0.0 0.0 -1.744027599670517e-6
0.0 0.0 -1.1506437422264592e-6
0.0 0.0 -9.188671990562567e-7
0.0 0.0 -6.824736131379311e-7
0.0 0.0 -3.323660435357439e-7
0.0 0.0 -4.1412092664152383e-7
0.0 0.0 -2.3002745308531305e-7
0.0 0.0 -4.245580972844272e-7
0.0 0.0 -4.604679692089452e-7
0.0 0.0 -5.136837767271243e-7
0.0 0.0 -5.171384639300993e-7
0.0 0.0 -7.880162055006292e-7
0.0 0.0 -8.444769247520611e-7
0.0 0.0 -1.075441158672096e-6
0.0 0.0 -7.564999642475164e-7
0.0 0.0 -8.324467340902301e-7
0.0 0.0 -8.76485045027535e-7
0.0 0.0 -6.969789981522728e-7
0.0 0.0 -1.0005358771794905e-6
0.0 0.0 -1.1087828429946391e-6
0.0 0.0 -9.21866231351487e-7
0.0 0.0 -8.130006321493967e-7
0.0 0.0 -6.67783142722039e-7
0.0 0.0 -9.553685513000434e-7
0.0 0.0 -1.3639291664575967e-6
0.0 0.0 -8.589440431643945e-7
0.0 0.0 -1.2529193760067099e-6
0.0 0.0 -1.13248020222107e-6
0.0 0.0 -1.105438510183955e-6
0.0 0.0 -1.0623950107525497e-6
0.0 0.0 -8.463562534447278e-7
0.0 0.0 -7.732673439746081e-7
0.0 0.0 -8.409333893475628e-7
0.0 0.0 -6.929382372143006e-7
0.0 0.0 -8.795358003122936e-7
0.0 0.0 -8.345935084848451e-7
0.0 0.0 -9.451425978826676e-7
0.0 0.0 -8.123636163759328e-7
0.0 0.0 -7.702628450219479e-7
0.0 0.0 -8.817804338822169e-7
0.0 0.0 -6.947495030183087e-7
0.0 0.0 -5.814836050242116e-7
0.0 0.0 -5.502248974018834e-7
0.0 0.0 -5.791055489691068e-7
0.0 0.0 -5.830898411380243e-7
0.0 0.0 -3.630316488635221e-7
0.0 0.0 -3.189356676939911e-7
0.0 0.0 -2.537612767189951e-7
0.0 0.0 -1.5668815869027896e-7
0.0 0.0 -1.5558194151181362e-7
0.0 0.0 -1.1562887568640114e-7
0.0 0.0 -8.96146449168679e-8
0.0 0.0 -1.1114258216790326e-7
0.0 0.0 -4.628360531197278e-8
0.0 0.0 1.0509859164771613e-8
0.0 0.0 7.57842118756261e-8
0.0 0.0 9.590983134961047e-8
0.0 0.0 6.12591529018532e-8
0.0 0.0 7.201567996485315e-8

VECTORS S float
-0.0 -0.04167059499841543 0.0
-0.0 -0.059107772535625484 0.0
-0.0 -0.0741508207985116 0.0
-0.0 -0.08839024751790449 0.0
-0.0 -0.10234051265171425 0.0
-0.0 -0.11611534321847794 0.0
-0.0 -0.12957238017858147 0.0
-0.0 -0.14291155964755514 0.0
-0.0 -0.15592380582945906 0.0
-0.0 -0.16871730012625324 0.0
-0.0 -0.18124829261770792 0.0
-0.0 -0.19367697096675263 0.0
-0.0 -0.2049184332575926 0.0
-0.0 -0.2153295484431013 0.0
-0.0 -0.22525779260220724 0.0
-0.0 -0.23479248791491514 0.0
-0.0 -0.24339683716043453 0.0
-0.0 -0.25254137853127273 0.0
-0.0 -0.26049511555838684 0.0
-0.0 -0.26661321886345746 0.0
-0.0 -0.2726954228926859 0.0
-0.0 -0.2788285036138897 0.0
-0.0 -0.284760004641746 0.0
-0.0 -0.29137828657389014 0.0
-0.0 -0.29546273536664586 0.0
-0.0 -0.30024920040280856 0.0
-0.0 -0.30485476474248696 0.0
-0.0 -0.3101160377851232 0.0
-0.0 -0.3148520480625276 0.0
-0.0 -0.3183555618434577 0.0
-0.0 -0.3230561627413421 0.0
-0.0 -0.32482547507341986 0.0
-0.0 -0.32565010670006705 0.0
-0.0 -0.32681137700476176 0.0
-0.0 -0.32735802243815004 0.0
-0.0 -0.32905665630546843 0.0
-0.0 -0.32913320346983077 0.0
-0.0 -0.3282725236593458 0.0
-0.0 -0.3264232546066126 0.0
-0.0 -0.3234687426966481 0.0
-0.0 -0.31918285606290675 0.0
-0.0 -0.3154989847280351 0.0
-0.0 -0.3094856390632503 0.0
-0.0 -0.29825186082698285 0.0
-0.0 -0.2858555686392047 0.0
-0.0 -0.2689497182043457 0.0
-0.0 -0.24780823538050442 0.0
-0.0 -0.20349318705787828 0.0
-0.0 -0.08889508990735119 0.0
0.0 0.5511365667525183 -0.0
-0.0 -0.5508748560137907 0.0
0.0 0.08930688251012293 -0.0
0.0 0.20402968693665008 -0.0
0.0 0.2486272779897011 -0.0
0.0 0.27215481405896214 -0.0
0.0 0.28682003629080316 -0.0
0.0 0.29498295517610545 -0.0
0.0 0.3061946958568162 -0.0
0.0 0.31051157186504125 -0.0
0.0 0.3153931619110859 -0.0
0.0 0.32042052482803274 -0.0
0.0 0.3240722573167445 -0.0
0.0 0.3265638138800472 -0.0
0.0 0.32797316756149303 -0.0
0.0 0.3277002447614876 -0.0
0.0 0.3282066026005912 -0.0
0.0 0.3279270385905903 -0.0
0.0 0.32711034822243695 -0.0
0.0 0.32665052248311693 -0.0
0.0 0.3253160390689554 -0.0
0.0 0.32191786059213023 -0.0
0.0 0.3178963984186165 -0.0
0.0 0.3127846987111394 -0.0
0.0 0.3071954170624025 -0.0
0.0 0.30228322285963266 -0.0
0.0 0.29718345038583266 -0.0
0.0 0.29246852180760996 -0.0
0.0 0.2862748106734514 -0.0
0.0 0.27962640642071124 -0.0
0.0 0.27361284033940986 -0.0
0.0 0.26759100706580746 -0.0
0.0 0.2615078183310972 -0.0
0.0 0.2532083781581444 -0.0
0.0 0.2444467975466642 -0.0
0.0 0.2360869822023598 -0.0
0.0 0.22688716497279396 -0.0
0.0 0.21673934850619894 -0.0
0.0 0.20670343857513263 -0.0
0.0 0.19495510879865702 -0.0
0.0 0.18261576934358995 -0.0
0.0 0.16997677898372957 -0.0
0.0 0.15708704524073341 -0.0
0.0 0.1439132566863975 -0.0
0.0 0.1305322954844137 -0.0
0.0 0.11698618192901636 -0.0
0.0 0.10318292611564608 -0.0
0.0 0.08908561925769466 -0.0
0.0 0.07473895443729807 -0.0
0.0 0.05960333920656681 -0.0
0.0 0.04203579061301716 -0.0
-0.0 -0.04167059499841543 0.0
-0.0 -0.059107772535625484 0.0
-0.0 -0.0741508207985116 0.0
-0.0 -0.08839024751790449 0.0
-0.0 -0.10234051265171425 0.0
-0.0 -0.11611534321847794 0.0
-0.0 -0.12957238017858147 0.0
-0.0 -0.14291155964755514 0.0
-0.0 -0.15592380582945906 0.0
-0.0 -0.16871730012625324 0.0
-0.0 -0.18124829261770792 0.0
-0.0 -0.19367697096675263 0.0
-0.0 -0.2049184332575926 0.0
-0.0 -0.2153295484431013 0.0
-0.0 -0.22525779260220724 0.0
-0.0 -0.23479248791491514 0.0
-0.0 -0.24339683716043453 0.0
-0.0 -0.25254137853127273 0.0
-0.0 -0.26049511555838684 0.0
-0.0 -0.26661321886345746 0.0
-0.0 -0.2726954228926859 0.0
-0.0 -0.2788285036138897 0.0
-0.0 -0.284760004641746 0.0
-0.0 -0.29137828657389014 0.0
-0.0 -0.29546273536664586 0.0
-0.0 -0.30024920040280856 0.0
-0.0 -0.30485476474248696 0.0
-0.0 -0.3101160377851232 0.0
-0.0 -0.3148520480625276 0.0
-0.0 -0.3183555618434577 0.0
-0.0 -0.3230561627413421 0.0
-0.0 -0.32482547507341986 0.0
-0.0 -0.32565010670006705 0.0
-0.0 -0.32681137700476176 0.0
-0.0 -0.32735802243815004 0.0
-0.0 -0.32905665630546843 0.0
-0.0 -0.32913320346983077 0.0
-0.0 -0.3282725236593458 0.0
-0.0 -0.3264232546066126 0.0
-0.0 -0.3234687426966481 0.0
-0.0 -0.31918285606290675 0.0
-0.0 -0.3154989847280351 0.0
-0.0 -0.3094856390632503 0.0
-0.0 -0.29825186082698285 0.0
-0.0 -0.2858555686392047 0.0
-0.0 -0.2689497182043457 0.0
-0.0 -0.24780823538050442 0.0
-0.0 -0.20349318705787828 0.0
-0.0 -0.08889508990735119 0.0
0.0 0.5511365667525183 -0.0
-0.0 -0.5508748560137907 0.0
0.0 0.08930688251012293 -0.0
0.0 0.20402968693665008 -0.0
0.0 0.2486272779897011 -0.0
0.0 0.27215481405896214 -0.0
0.0 0.28682003629080316 -0.0
0.0 0.29498295517610545 -0.0
0.0 0.3061946958568162 -0.0
0.0 0.31051157186504125 -0.0
0.0 0.3153931619110859 -0.0
0.0 0.32042052482803274 -0.0
0.0 0.3240722573167445 -0.0
0.0 0.3265638138800472 -0.0
0.0 0.32797316756149303 -0.0
0.0 0.3277002447614876 -0.0
0.0 0.3282066026005912 -0.0
0.0 0.3279270385905903 -0.0
0.0 0.32711034822243695 -0.0
0.0 0.32665052248311693 -0.0
0.0 0.3253160390689554 -0.0
0.0 0.32191786059213023 -0.0
0.0 0.3178963984186165 -0.0
0.0 0.3127846987111394 -0.0
0.0 0.3071954170624025 -0.0
0.0 0.30228322285963266 -0.0
0.0 0.29718345038583266 -0.0
0.0 0.29246852180760996 -0.0
0.0 0.2862748106734514 -0.0
0.0 0.27962640642071124 -0.0
0.0 0.27361284033940986 -0.0
0.0 0.26759100706580746 -0.0
0.0 0.2615078183310972 -0.0
0.0 0.2532083781581444 -0.0
0.0 0.2444467975466642 -0.0
0.0 0.2360869822023598 -0.0
0.0 0.22688716497279396 -0.0
0.0 0.21673934850619894 -0.0
0.0 0.20670343857513263 -0.0
0.0 0.19495510879865702 -0.0
0.0 0.18261576934358995 -0.0
0.0 0.16997677898372957 -0.0
0.0 0.15708704524073341 -0.0
0.0 0.1439132566863975 -0.0
0.0 0.1305322954844137 -0.0
0.0 0.11698618192901636 -0.0
0.0 0.10318292611564608 -0.0
0.0 0.08908561925769466 -0.0
0.0 0.07473895443729807 -0.0
0.0 0.05960333920656681 -0.0
0.0 0.04203579061301716 -0.0

VECTORS Vvpm_ApA float
0.09956231713294983 0.1495802402496338 -0.3691253662109375
0.0995090901851654 0.1495620459318161 -0.36859214305877686
0.10459344089031218 0.15039117634296417 -0.4142603278160095
0.10798364877700806 0.15127356350421906 -0.4404116868972778
0.1123209297657013 0.15261009335517883 -0.47063785791397095
0.11347626149654388 0.15299327671527863 -0.47823193669319153
0.1206890195608139 0.15555191040039062 -0.5223361253738403
0.12150664627552032 0.15585598349571228 -0.5270439982414246
0.12814024090766907 0.1583888828754425 -0.5635681748390198
0.1317356377840042 0.15979784727096558 -0.5823125839233398
0.13323454558849335 0.1603911966085434 -0.5899519920349121
0.13108088076114655 0.1595369130373001 -0.5789408683776855
0.13360290229320526 0.16053712368011475 -0.5918210744857788
0.13151861727237701 0.15970928966999054 -0.5812046527862549
0.13022640347480774 0.15919777750968933 -0.5745161771774292
0.12721531093120575 0.15802067518234253 -0.558616578578949
0.12801560759544373 0.15832935273647308 -0.5628761649131775
0.1303914487361908 0.15925820171833038 -0.5753602385520935
0.12985184788703918 0.15904511511325836 -0.5725475549697876
0.1305357664823532 0.15931209921836853 -0.5760968923568726
0.12573470175266266 0.15743964910507202 -0.5505861639976501
0.1249733716249466 0.15714527666568756 -0.5464078783988953
0.125593364238739 0.1573815643787384 -0.5497902631759644
0.12453961372375487 0.1569778472185135 -0.544012188911438
0.12223713099956511 0.15610460937023163 -0.5311233997344971
0.12277983129024504 0.15630784630775452 -0.5341875553131104
0.12942516803741455 0.15886513888835907 -0.57027667760849
0.12844733893871307 0.15848049521446228 -0.5651125311851501
0.12769919633865356 0.15818770229816437 -0.561133861541748
0.1281825751066208 0.15837478637695312 -0.5636999011039734
0.1224980354309082 0.15619319677352905 -0.5325763821601868
0.12299898266792297 0.1563803255558014 -0.535389244556427
0.12349212169647217 0.1565653681755066 -0.5381422638893127
0.116815447807312 0.15410654246807098 -0.4991488754749298
0.11724451184272766 0.15425848960876465 -0.5017635822296143
0.11767007410526274 0.154410257935524 -0.5043405890464783
0.11809135973453522 0.15456146001815796 -0.5068781971931458
0.11850903928279877 0.15471191704273224 -0.509377658367157
0.11892302334308623 0.1548616886138916 -0.5118380784988403
0.11677084863185881 0.15408650040626526 -0.49883946776390076
0.11721469461917877 0.1542442888021469 -0.5015518069267273
0.11549709737300873 0.15363754332065582 -0.49093878269195557
0.12488310039043427 0.15708114206790924 -0.545837938785553
0.1252519190311432 0.15722224116325378 -0.5478608012199402
0.12561608850955963 0.15736187994480133 -0.5498493313789368
0.12597553431987762 0.15749990940093994 -0.551803708076477
0.12633025646209717 0.15763632953166962 -0.5537246465682983
0.12668012082576752 0.15777109563350677 -0.5556125044822693
0.12177051603794098 0.15589606761932373 -0.5283801555633545
0.12611518800258636 0.15755559504032135 -0.5525708198547363
0.1392618715763092 0.16275566816329956 -0.6196398138999939
0.1261151283979416 0.15755654871463776 -0.552570104598999
0.12177173793315886 0.15589819848537445 -0.5283786654472351
0.12667948007583618 0.15777228772640228 -0.5556111931800842
0.1263291984796524 0.1576373279094696 -0.5537228584289551
0.12597431242465973 0.15750116109848022 -0.5518019199371338
0.12561489641666412 0.15736286342144012 -0.5498473644256592
0.1252516359090805 0.1572231501340866 -0.5478599667549133
0.12488383054733276 0.15708176791667938 -0.5458378791809082
0.11549724638462068 0.1536390632390976 -0.4909377098083496
0.11721469461917877 0.1542450487613678 -0.5015512704849243
0.11677120625972746 0.15408724546432495 -0.4988393783569336
0.1189238429069519 0.15486273169517517 -0.511837899684906
0.11851012706756592 0.15471293032169342 -0.5093777179718018
0.11809249222278595 0.15456239879131317 -0.5068783164024353
0.1176712214946747 0.154411181807518 -0.5043407082557678
0.11724570393562317 0.15425942838191986 -0.5017638206481934
0.11681665480136871 0.15410760045051575 -0.4991488456726074
0.12349411845207214 0.15656691789627075 -0.5381418466567993
0.12300063669681549 0.15638194978237152 -0.5353886485099792
0.12249951064586638 0.1561947613954544 -0.5325755476951599
0.12818288803100586 0.1583755910396576 -0.5636990666389465
0.12769916653633118 0.15818843245506287 -0.5611331462860107
0.12844672799110413 0.15848110616207123 -0.5651118755340576
0.12942488491535187 0.15886588394641876 -0.5702759027481079
0.12277911603450774 0.1563090831041336 -0.5341861844062805
0.122236430644989 0.15610574185848236 -0.5311219692230225
0.12453979253768921 0.15697914361953735 -0.5440110564231873
0.1255938708782196 0.15738297998905182 -0.5497892498970032
0.12497417628765105 0.15714675188064575 -0.5464070439338684
0.12573616206645966 0.15744085609912872 -0.5505855083465576
0.13053685426712036 0.15931282937526703 -0.576096773147583
0.1298527866601944 0.15904583036899567 -0.572547197341919
0.13039280474185944 0.15925903618335724 -0.5753601789474487
0.12801706790924072 0.1583310067653656 -0.5628753900527954
0.12721672654151917 0.15802210569381714 -0.5586159825325012
0.13022761046886444 0.15919895470142365 -0.5745155215263367
0.13152001798152924 0.1597105860710144 -0.5812044143676758
0.13360489904880524 0.16053831577301025 -0.5918208360671997
0.13108272850513458 0.1595386266708374 -0.5789399743080139
0.1332363784313202 0.16039258241653442 -0.5899515151977539
0.13173726201057434 0.15979896485805511 -0.5823124051094055
0.12814129889011383 0.1583893895149231 -0.5635679960250854
0.1215067058801651 0.15585660934448242 -0.5270437002182007
0.12068814039230348 0.15555188059806824 -0.5223362445831299
0.11347448825836182 0.15299323201179504 -0.4782314896583557
0.1123184859752655 0.1526092290878296 -0.47063779830932617
0.10798099637031557 0.15127237141132355 -0.44041171669960016
0.10458993911743165 0.15038932859897614 -0.4142603278160095
0.09950506687164307 0.14956003427505493 -0.3685912787914276
0.09956231713294983 0.1495802402496338 -0.3691253662109375
0.0995090901851654 0.1495620459318161 -0.36859214305877686
0.10459344089031218 0.15039117634296417 -0.4142603278160095
0.10798364877700806 0.15127356350421906 -0.4404116868972778
0.1123209297657013 0.15261009335517883 -0.47063785791397095
0.11347626149654388 0.15299327671527863 -0.47823193669319153
0.1206890195608139 0.15555191040039062 -0.5223361253738403
0.12150664627552032 0.15585598349571228 -0.5270439982414246
0.12814024090766907 0.1583888828754425 -0.5635681748390198
0.1317356377840042 0.15979784727096558 -0.5823125839233398
0.13323454558849335 0.1603911966085434 -0.5899519920349121
0.13108088076114655 0.1595369130373001 -0.5789408683776855
0.13360290229320526 0.16053712368011475 -0.5918210744857788
0.13151861727237701 0.15970928966999054 -0.5812046527862549
0.13022640347480774 0.15919777750968933 -0.5745161771774292
0.12721531093120575 0.15802067518234253 -0.558616578578949
0.12801560759544373 0.15832935273647308 -0.5628761649131775
0.1303914487361908 0.15925820171833038 -0.5753602385520935
0.12985184788703918 0.15904511511325836 -0.5725475549697876
0.1305357664823532 0.15931209921836853 -0.5760968923568726
0.12573470175266266 0.15743964910507202 -0.5505861639976501
0.1249733716249466 0.15714527666568756 -0.5464078783988953
0.125593364238739 0.1573815643787384 -0.5497902631759644
0.12453961372375487 0.1569778472185135 -0.544012188911438
0.12223713099956511 0.15610460937023163 -0.5311233997344971
0.12277983129024504 0.15630784630775452 -0.5341875553131104
0.12942516803741455 0.15886513888835907 -0.57027667760849
0.12844733893871307 0.15848049521446228 -0.5651125311851501
0.12769919633865356 0.15818770229816437 -0.561133861541748
0.1281825751066208 0.15837478637695312 -0.5636999011039734
0.1224980354309082 0.15619319677352905 -0.5325763821601868
0.12299898266792297 0.1563803255558014 -0.535389244556427
0.12349212169647217 0.1565653681755066 -0.5381422638893127
0.116815447807312 0.15410654246807098 -0.4991488754749298
0.11724451184272766 0.15425848960876465 -0.5017635822296143
0.11767007410526274 0.154410257935524 -0.5043405890464783
0.11809135973453522 0.15456146001815796 -0.5068781971931458
0.11850903928279877 0.15471191704273224 -0.509377658367157
0.11892302334308623 0.1548616886138916 -0.5118380784988403
0.11677084863185881 0.15408650040626526 -0.49883946776390076
0.11721469461917877 0.1542442888021469 -0.5015518069267273
0.11549709737300873 0.15363754332065582 -0.49093878269195557
0.12488310039043427 0.15708114206790924 -0.545837938785553
0.1252519190311432 0.15722224116325378 -0.5478608012199402
0.12561608850955963 0.15736187994480133 -0.5498493313789368
0.12597553431987762 0.15749990940093994 -0.551803708076477
0.12633025646209717 0.15763632953166962 -0.5537246465682983
0.12668012082576752 0.15777109563350677 -0.5556125044822693
0.12177051603794098 0.15589606761932373 -0.5283801555633545
0.12611518800258636 0.15755559504032135 -0.5525708198547363
0.1392618715763092 0.16275566816329956 -0.6196398138999939
0.1261151283979416 0.15755654871463776 -0.552570104598999
0.12177173793315886 0.15589819848537445 -0.5283786654472351
0.12667948007583618 0.15777228772640228 -0.5556111931800842
0.1263291984796524 0.1576373279094696 -0.5537228584289551
0.12597431242465973 0.15750116109848022 -0.5518019199371338
0.12561489641666412 0.15736286342144012 -0.5498473644256592
0.1252516359090805 0.1572231501340866 -0.5478599667549133
0.12488383054733276 0.15708176791667938 -0.5458378791809082
0.11549724638462068 0.1536390632390976 -0.4909377098083496
0.11721469461917877 0.1542450487613678 -0.5015512704849243
0.11677120625972746 0.15408724546432495 -0.4988393783569336
0.1189238429069519 0.15486273169517517 -0.511837899684906
0.11851012706756592 0.15471293032169342 -0.5093777179718018
0.11809249222278595 0.15456239879131317 -0.5068783164024353
0.1176712214946747 0.154411181807518 -0.5043407082557678
0.11724570393562317 0.15425942838191986 -0.5017638206481934
0.11681665480136871 0.15410760045051575 -0.4991488456726074
0.12349411845207214 0.15656691789627075 -0.5381418466567993
0.12300063669681549 0.15638194978237152 -0.5353886485099792
0.12249951064586638 0.1561947613954544 -0.5325755476951599
0.12818288803100586 0.1583755910396576 -0.5636990666389465
0.12769916653633118 0.15818843245506287 -0.5611331462860107
0.12844672799110413 0.15848110616207123 -0.5651118755340576
0.12942488491535187 0.15886588394641876 -0.5702759027481079
0.12277911603450774 0.1563090831041336 -0.5341861844062805
0.122236430644989 0.15610574185848236 -0.5311219692230225
0.12453979253768921 0.15697914361953735 -0.5440110564231873
0.1255938708782196 0.15738297998905182 -0.5497892498970032
0.12497417628765105 0.15714675188064575 -0.5464070439338684
0.12573616206645966 0.15744085609912872 -0.5505855083465576
0.13053685426712036 0.15931282937526703 -0.576096773147583
0.1298527866601944 0.15904583036899567 -0.572547197341919
0.13039280474185944 0.15925903618335724 -0.5753601789474487
0.12801706790924072 0.1583310067653656 -0.5628753900527954
0.12721672654151917 0.15802210569381714 -0.5586159825325012
0.13022761046886444 0.15919895470142365 -0.5745155215263367
0.13152001798152924 0.1597105860710144 -0.5812044143676758
0.13360489904880524 0.16053831577301025 -0.5918208360671997
0.13108272850513458 0.1595386266708374 -0.5789399743080139
0.1332363784313202 0.16039258241653442 -0.5899515151977539
0.13173726201057434 0.15979896485805511 -0.5823124051094055
0.12814129889011383 0.1583893895149231 -0.5635679960250854
0.1215067058801651 0.15585660934448242 -0.5270437002182007
0.12068814039230348 0.15555188059806824 -0.5223362445831299
0.11347448825836182 0.15299323201179504 -0.4782314896583557
0.1123184859752655 0.1526092290878296 -0.47063779830932617
0.10798099637031557 0.15127237141132355 -0.44041171669960016
0.10458993911743165 0.15038932859897614 -0.4142603278160095
0.09950506687164307 0.14956003427505493 -0.3685912787914276

VECTORS Vkin float
-0.0 -0.0 -0.0
-0.0 -0.0 -0.0
-0.0 -0.0 -0.0
-0.0 -0.0 -0.0
-0.0 -0.0 -0.0
-0.0 -0.0 -0.0
-0.0 -0.0 -0.0
-0.0 -0.0 -0.0
-0.0 -0.0 -0.0
-0.0 -0.0 -0.0
-0.0 -0.0 -0.0
-0.0 -0.0 -0.0
-0.0 -0.0 -0.0
-0.0 -0.0 -0.0
-0.0 -0.0 -0.0
-0.0 -0.0 -0.0
-0.0 -0.0 -0.0
-0.0 -0.0 -0.0
-0.0 -0.0 -0.0
-0.0 -0.0 -0.0
-0.0 -0.0 -0.0
-0.0 -0.0 -0.0
-0.0 -0.0 -0.0
-0.0 -0.0 -0.0
-0.0 -0.0 -0.0
-0.0 -0.0 -0.0
-0.0 -0.0 -0.0
-0.0 -0.0 -0.0
-0.0 -0.0 -0.0
-0.0 -0.0 -0.0
-0.0 -0.0 -0.0
-0.0 -0.0 -0.0
-0.0 -0.0 -0.0
-0.0 -0.0 -0.0
-0.0 -0.0 -0.0
-0.0 -0.0 -0.0
-0.0 -0.0 -0.0
-0.0 -0.0 -0.0
-0.0 -0.0 -0.0
-0.0 -0.0 -0.0
-0.0 -0.0 -0.0
-0.0 -0.0 -0.0
-0.0 -0.0 -0.0
-0.0 -0.0 -0.0
-0.0 -0.0 -0.0
-0.0 -0.0 -0.0
-0.0 -0.0 -0.0
-0.0 -0.0 -0.0
-0.0 -0.0 -0.0
-0.0 -0.0 -0.0
-0.0 -0.0 -0.0
-0.0 -0.0 -0.0
-0.0 -0.0 -0.0
-0.0 -0.0 -0.0
-0.0 -0.0 -0.0
-0.0 -0.0 -0.0
-0.0 -0.0 -0.0
-0.0 -0.0 -0.0
-0.0 -0.0 -0.0
-0.0 -0.0 -0.0
-0.0 -0.0 -0.0
-0.0 -0.0 -0.0
-0.0 -0.0 -0.0
-0.0 -0.0 -0.0
-0.0 -0.0 -0.0
-0.0 -0.0 -0.0
-0.0 -0.0 -0.0
-0.0 -0.0 -0.0
-0.0 -0.0 -0.0
-0.0 -0.0 -0.0
-0.0 -0.0 -0.0
-0.0 -0.0 -0.0
-0.0 -0.0 -0.0
-0.0 -0.0 -0.0
-0.0 -0.0 -0.0
-0.0 -0.0 -0.0
-0.0 -0.0 -0.0
-0.0 -0.0 -0.0
-0.0 -0.0 -0.0
-0.0 -0.0 -0.0
-0.0 -0.0 -0.0
-0.0 -0.0 -0.0
-0.0 -0.0 -0.0
-0.0 -0.0 -0.0
-0.0 -0.0 -0.0
-0.0 -0.0 -0.0
-0.0 -0.0 -0.0
-0.0 -0.0 -0.0
-0.0 -0.0 -0.0
-0.0 -0.0 -0.0
-0.0 -0.0 -0.0
-0.0 -0.0 -0.0
-0.0 -0.0 -0.0
-0.0 -0.0 -0.0
-0.0 -0.0 -0.0
-0.0 -0.0 -0.0
-0.0 -0.0 -0.0
-0.0 -0.0 -0.0
-0.0 -0.0 -0.0
-0.0 -0.0 -0.0
-0.0 -0.0 -0.0
-0.0 -0.0 -0.0
-0.0 -0.0 -0.0
-0.0 -0.0 -0.0
-0.0 -0.0 -0.0
-0.0 -0.0 -0.0
-0.0 -0.0 -0.0
-0.0 -0.0 -0.0
-0.0 -0.0 -0.0
-0.0 -0.0 -0.0
-0.0 -0.0 -0.0
-0.0 -0.0 -0.0
-0.0 -0.0 -0.0
-0.0 -0.0 -0.0
-0.0 -0.0 -0.0
-0.0 -0.0 -0.0
-0.0 -0.0 -0.0
-0.0 -0.0 -0.0
-0.0 -0.0 -0.0
-0.0 -0.0 -0.0
-0.0 -0.0 -0.0
-0.0 -0.0 -0.0
-0.0 -0.0 -0.0
-0.0 -0.0 -0.0
-0.0 -0.0 -0.0
-0.0 -0.0 -0.0
-0.0 -0.0 -0.0
-0.0 -0.0 -0.0
-0.0 -0.0 -0.0
-0.0 -0.0 -0.0
-0.0 -0.0 -0.0
-0.0 -0.0 -0.0
-0.0 -0.0 -0.0
-0.0 -0.0 -0.0
-0.0 -0.0 -0.0
-0.0 -0.0 -0.0
-0.0 -0.0 -0.0
-0.0 -0.0 -0.0
-0.0 -0.0 -0.0
-0.0 -0.0 -0.0
-0.0 -0.0 -0.0
-0.0 -0.0 -0.0
-0.0 -0.0 -0.0
-0.0 -0.0 -0.0
-0.0 -0.0 -0.0
-0.0 -0.0 -0.0
-0.0 -0.0 -0.0
-0.0 -0.0 -0.0
-0.0 -0.0 -0.0
-0.0 -0.0 -0.0
-0.0 -0.0 -0.0
-0.0 -0.0 -0.0
-0.0 -0.0 -0.0
-0.0 -0.0 -0.0
-0.0 -0.0 -0.0
-0.0 -0.0 -0.0
-0.0 -0.0 -0.0
-0.0 -0.0 -0.0
-0.0 -0.0 -0.0
-0.0 -0.0 -0.0
-0.0 -0.0 -0.0
-0.0 -0.0 -0.0
-0.0 -0.0 -0.0
-0.0 -0.0 -0.0
-0.0 -0.0 -0.0
-0.0 -0.0 -0.0
-0.0 -0.0 -0.0
-0.0 -0.0 -0.0
-0.0 -0.0 -0.0
-0.0 -0.0 -0.0
-0.0 -0.0 -0.0
-0.0 -0.0 -0.0
-0.0 -0.0 -0.0
-0.0 -0.0 -0.0
-0.0 -0.0 -0.0
-0.0 -0.0 -0.0
-0.0 -0.0 -0.0
-0.0 -0.0 -0.0
-0.0 -0.0 -0.0
-0.0 -0.0 -0.0
-0.0 -0.0 -0.0
-0.0 -0.0 -0.0
-0.0 -0.0 -0.0
-0.0 -0.0 -0.0
-0.0 -0.0 -0.0
-0.0 -0.0 -0.0
-0.0 -0.0 -0.0
-0.0 -0.0 -0.0
-0.0 -0.0 -0.0
-0.0 -0.0 -0.0
-0.0 -0.0 -0.0
-0.0 -0.0 -0.0
-0.0 -0.0 -0.0
-0.0 -0.0 -0.0
-0.0 -0.0 -0.0
-0.0 -0.0 -0.0
-0.0 -0.0 -0.0
-0.0 -0.0 -0.0
-0.0 -0.0 -0.0
-0.0 -0.0 -0.0

VECTORS Funs-vector float
0.0 0.0 -8.143856652403604e-13
0.0 0.0 3.315565998577117e-10
0.0 0.0 5.073858815906587e-10
0.0 0.0 3.006456287608838e-10
0.0 0.0 8.658734033250857e-10
0.0 0.0 6.959354237723131e-10
0.0 0.0 2.649747702879664e-10
0.0 0.0 -3.8230771555462124e-10
0.0 0.0 -1.5637974847870425e-9
0.0 0.0 -2.6160360748171703e-9
0.0 0.0 -3.109074885892392e-9
0.0 0.0 -3.89004887159869e-9
0.0 0.0 -4.805447978018586e-9
0.0 0.0 -6.602876782523381e-9
0.0 0.0 -6.251083679689717e-9
0.0 0.0 -1.0236307296265207e-8
0.0 0.0 -1.0257248500465632e-8
0.0 0.0 -8.354291181396098e-9
0.0 0.0 -9.663176824209211e-9
0.0 0.0 -8.638983662935088e-9
0.0 0.0 -1.7369798518307436e-8
0.0 0.0 -1.7919827871584222e-8
0.0 0.0 -2.2496925295082796e-8
0.0 0.0 -2.5350366588374625e-8
0.0 0.0 -2.72487587399973e-8
0.0 0.0 -2.511802917569259e-8
0.0 0.0 -3.278007487222876e-8
0.0 0.0 -3.682704426627541e-8
0.0 0.0 -3.982157142064813e-8
0.0 0.0 -4.071188965812115e-8
0.0 0.0 -4.102295070728555e-8
0.0 0.0 -4.34711580876725e-8
0.0 0.0 -4.914019091827914e-8
0.0 0.0 -5.8407427978551073e-8
0.0 0.0 -5.795406733174235e-8
0.0 0.0 -5.262471106046457e-8
0.0 0.0 -6.216659414913152e-8
0.0 0.0 -6.920925808504009e-8
0.0 0.0 -8.018088328732707e-8
0.0 0.0 -8.780039530827405e-8
0.0 0.0 -1.1175515060002048e-7
0.0 0.0 -6.73280075232805e-8
0.0 0.0 -4.537690616584452e-8
0.0 0.0 -3.700031019980139e-8
0.0 0.0 -2.8048652552120186e-8
0.0 0.0 -1.393601571026531e-8
0.0 0.0 -1.7708194979895317e-8
0.0 0.0 -1.0027387462124323e-8
0.0 0.0 -1.886028850062307e-8
0.0 0.0 -2.083826864292844e-8
0.0 0.0 -2.3246525823160227e-8
0.0 0.0 -2.2973017560789987e-8
0.0 0.0 -3.4351307693943736e-8
0.0 0.0 -3.611061667616877e-8
0.0 0.0 -4.509294849522897e-8
0.0 0.0 -3.109102571058886e-8
0.0 0.0 -3.3520390561100337e-8
0.0 0.0 -3.4565155299087134e-8
0.0 0.0 -2.690680310336254e-8
0.0 0.0 -3.7793934081803384e-8
0.0 0.0 -4.0961194748996766e-8
0.0 0.0 -3.3289769739704395e-8
0.0 0.0 -2.868272263622936e-8
0.0 0.0 -2.3004373519618312e-8
0.0 0.0 -3.211725736562644e-8
0.0 0.0 -4.4718404149762466e-8
0.0 0.0 -2.7447772033726234e-8
0.0 0.0 -3.899591844745067e-8
0.0 0.0 -3.4306039972232416e-8
0.0 0.0 -3.256802330758709e-8
0.0 0.0 -3.041682249894449e-8
0.0 0.0 -2.352804434738415e-8
0.0 0.0 -2.085348520937351e-8
0.0 0.0 -2.1979315299531095e-8
0.0 0.0 -1.7535219912609694e-8
0.0 0.0 -2.1526108380296235e-8
0.0 0.0 -1.9732453807436354e-8
0.0 0.0 -2.1560578914808803e-8
0.0 0.0 -1.785638529855327e-8
0.0 0.0 -1.629073048862543e-8
0.0 0.0 -1.791633877496188e-8
0.0 0.0 -1.3538695704847914e-8
0.0 0.0 -1.0848132243668361e-8
0.0 0.0 -9.80762098475785e-9
0.0 0.0 -9.841055394978807e-9
0.0 0.0 -9.424094899951571e-9
0.0 0.0 -5.56568602922207e-9
0.0 0.0 -4.624543512867687e-9
0.0 0.0 -3.4685918006504597e-9
0.0 0.0 -2.0114864174484467e-9
0.0 0.0 -1.8679647055650036e-9
0.0 0.0 -1.2921644846603814e-9
0.0 0.0 -9.269645764076303e-10
0.0 0.0 -1.057264948520933e-9
0.0 0.0 -4.018103896259966e-10
0.0 0.0 8.250531926511842e-11
0.0 0.0 5.319348666137743e-10
0.0 0.0 5.934772246884937e-10
0.0 0.0 3.281444835331206e-10
0.0 0.0 3.259036862409412e-10
0.0 0.0 -8.143856652403604e-13
0.0 0.0 3.315565998577117e-10
0.0 0.0 5.073858815906587e-10
0.0 0.0 3.006456287608838e-10
0.0 0.0 8.658734033250857e-10
0.0 0.0 6.959354237723131e-10
0.0 0.0 2.649747702879664e-10
0.0 0.0 -3.8230771555462124e-10
0.0 0.0 -1.5637974847870425e-9
0.0 0.0 -2.6160360748171703e-9
0.0 0.0 -3.109074885892392e-9
0.0 0.0 -3.89004887159869e-9
0.0 0.0 -4.805447978018586e-9
0.0 0.0 -6.602876782523381e-9
0.0 0.0 -6.251083679689717e-9
0.0 0.0 -1.0236307296265207e-8
0.0 0.0 -1.0257248500465632e-8
0.0 0.0 -8.354291181396098e-9
0.0 0.0 -9.663176824209211e-9
0.0 0.0 -8.638983662935088e-9
0.0 0.0 -1.7369798518307436e-8
0.0 0.0 -1.7919827871584222e-8
0.0 0.0 -2.2496925295082796e-8
0.0 0.0 -2.5350366588374625e-8
0.0 0.0 -2.72487587399973e-8
0.0 0.0 -2.511802917569259e-8
0.0 0.0 -3.278007487222876e-8
0.0 0.0 -3.682704426627541e-8
0.0 0.0 -3.982157142064813e-8
0.0 0.0 -4.071188965812115e-8
0.0 0.0 -4.102295070728555e-8
0.0 0.0 -4.34711580876725e-8
0.0 0.0 -4.914019091827914e-8
0.0 0.0 -5.8407427978551073e-8
0.0 0.0 -5.795406733174235e-8
0.0 0.0 -5.262471106046457e-8
0.0 0.0 -6.216659414913152e-8
0.0 0.0 -6.920925808504009e-8
0.0 0.0 -8.018088328732707e-8
0.0 0.0 -8.780039530827405e-8
0.0 0.0 -1.1175515060002048e-7
0.0 0.0 -6.73280075232805e-8
0.0 0.0 -4.537690616584452e-8
0.0 0.0 -3.700031019980139e-8
0.0 0.0 -2.8048652552120186e-8
0.0 0.0 -1.393601571026531e-8
0.0 0.0 -1.7708194979895317e-8
0.0 0.0 -1.0027387462124323e-8
0.0 0.0 -1.886028850062307e-8
0.0 0.0 -2.083826864292844e-8
0.0 0.0 -2.3246525823160227e-8
0.0 0.0 -2.2973017560789987e-8
0.0 0.0 -3.4351307693943736e-8
0.0 0.0 -3.611061667616877e-8
0.0 0.0 -4.509294849522897e-8
0.0 0.0 -3.109102571058886e-8
0.0 0.0 -3.3520390561100337e-8
0.0 0.0 -3.4565155299087134e-8
0.0 0.0 -2.690680310336254e-8
0.0 0.0 -3.7793934081803384e-8
0.0 0.0 -4.0961194748996766e-8
0.0 0.0 -3.3289769739704395e-8
0.0 0.0 -2.868272263622936e-8
0.0 0.0 -2.3004373519618312e-8
0.0 0.0 -3.211725736562644e-8
0.0 0.0 -4.4718404149762466e-8
0.0 0.0 -2.7447772033726234e-8
0.0 0.0 -3.899591844745067e-8
0.0 0.0 -3.4306039972232416e-8
0.0 0.0 -3.256802330758709e-8
0.0 0.0 -3.041682249894449e-8
0.0 0.0 -2.352804434738415e-8
0.0 0.0 -2.085348520937351e-8
0.0 0.0 -2.1979315299531095e-8
0.0 0.0 -1.7535219912609694e-8
0.0 0.0 -2.1526108380296235e-8
0.0 0.0 -1.9732453807436354e-8
0.0 0.0 -2.1560578914808803e-8
0.0 0.0 -1.785638529855327e-8
0.0 0.0 -1.629073048862543e-8
0.0 0.0 -1.791633877496188e-8
0.0 0.0 -1.3538695704847914e-8
0.0 0.0 -1.0848132243668361e-8
0.0 0.0 -9.80762098475785e-9
0.0 0.0 -9.841055394978807e-9
0.0 0.0 -9.424094899951571e-9
0.0 0.0 -5.56568602922207e-9
0.0 0.0 -4.624543512867687e-9
0.0 0.0 -3.4685918006504597e-9
0.0 0.0 -2.0114864174484467e-9
0.0 0.0 -1.8679647055650036e-9
0.0 0.0 -1.2921644846603814e-9
0.0 0.0 -9.269645764076303e-10
0.0 0.0 -1.057264948520933e-9
0.0 0.0 -4.018103896259966e-10
0.0 0.0 8.250531926511842e-11
0.0 0.0 5.319348666137743e-10
0.0 0.0 5.934772246884937e-10
0.0 0.0 3.281444835331206e-10
0.0 0.0 3.259036862409412e-10

VECTORS Ftot float
-0.025918338796344434 -0.04167059499841543 0.023206688934655637
-0.040462292099098296 -0.059107772535625484 0.03846788776867183
-0.05261216580591994 -0.0741508207985116 0.05486656856144919
-0.06395799325800464 -0.08839024751790449 0.07293830145090449
-0.07501479878051223 -0.10234051265171425 0.09278165557649214
-0.08589610995086847 -0.11611534321847794 0.11442602754167573
-0.09645970856541776 -0.12957238017858147 0.1378688512026765
-0.10690553200004954 -0.14291155964755514 0.16303330355213258
-0.11702352216904224 -0.15592380582945906 0.1898870054033894
-0.12692380206024034 -0.16871730012625324 0.21833937059740538
-0.13656172203178152 -0.18124829261770792 0.2483237253629068
-0.14609695443887422 -0.19367697096675263 0.27976544796536623
-0.15444517900108334 -0.2049184332575926 0.312690159633553
-0.16196303839768725 -0.2153295484431013 0.3468555175500526
-0.16899805256604017 -0.22525779260220724 0.38204543164855326
-0.17563955789015084 -0.23479248791491514 0.41811902595258005
-0.1813502045577664 -0.24339683716043453 0.45498881064234725
-0.18760156634979064 -0.25254137853127273 0.4923729999083219
-0.19266213126121662 -0.26049511555838684 0.5304276125999725
-0.19588692747012268 -0.26661321886345746 0.5689769006767037
-0.19907604208910318 -0.2726954228926859 0.6075221649951299
-0.20231591928056125 -0.2788285036138897 0.6459347301977956
-0.20535420549135802 -0.284760004641746 0.6841650767317498
-0.20907874933766213 -0.29137828657389014 0.72208935570439
-0.21026978856210174 -0.29546273536664586 0.7600003162989208
-0.21216302150175517 -0.30024920040280856 0.797202587250079
-0.2138753673491761 -0.30485476474248696 0.8337532832377894
-0.21624347408904027 -0.3101160377851232 0.8695259407409289
-0.21808631556652702 -0.3148520480625276 0.9047138724912195
-0.2186969128841165 -0.3183555618434577 0.9392861947571756
-0.22049980560373778 -0.3230561627413421 0.9728447873709531
-0.21937588163411337 -0.32482547507341986 1.0059359635263638
-0.2173065399865967 -0.32565010670006705 1.0378599803799318
-0.21557442965689763 -0.32681137700476176 1.0682140919196046
-0.2132277211779084 -0.32735802243815004 1.0970672129988601
-0.2120329939276428 -0.32905665630546843 1.1241568853912882
-0.2092131774968945 -0.32913320346983077 1.150018501872326
-0.20545920514635957 -0.3282725236593458 1.174359701636478
-0.20071665820660667 -0.3264232546066126 1.1970231962359938
-0.1948688571860892 -0.3234687426966481 1.2178524962238377
-0.1876895889257807 -0.31918285606290675 1.2366625006001815
-0.18111236385859253 -0.3154989847280351 1.2530457958369172
-0.17220574929011337 -0.3094856390632503 1.2676779905700544
-0.1580786830709329 -0.29825186082698285 1.2805694539947803
-0.14278914985885716 -0.2858555686392047 1.290072062607463
-0.12299005337488211 -0.2689497182043457 1.2963904805574937
-0.09895538394213962 -0.24780823538050442 1.2989650635851722
-0.05174709352301554 -0.20349318705787828 1.3003166163612832
0.06574549231174072 -0.08889508990735119 1.3008570114789249
0.7086779662039784 0.5511365667525183 1.3025336024439504
0.7084162393408701 -0.5508748560137907 1.2569035744387334
0.06533363655781084 0.08930688251012293 1.2550777451952917
-0.052283655365905866 0.20402968693665008 1.2543158215099843
-0.09977446716690155 0.2486272779897011 1.2526483928337921
-0.1261951742117749 0.27215481405896214 1.2491019261906482
-0.1437536516742952 0.28682003629080316 1.243412017898634
-0.15480982512902294 0.29498295517610545 1.2360547689680241
-0.16891484353196606 0.3061946958568162 1.2248898898997158
-0.1761249967396239 0.31051157186504125 1.2124075639460303
-0.1838999573299763 0.3153931619110859 1.1974835020022052
-0.191820687454084 0.32042052482803274 1.1799769820006174
-0.1983656866772959 0.3240722573167445 1.1603305983637695
-0.20375054547196975 0.3265638138800472 1.1387667068500116
-0.20805318644922582 0.32797316756149303 1.115481030145439
-0.21067665006636055 0.3277002447614876 1.0907741303275307
-0.2140763557544034 0.3282066026005912 1.064229704603633
-0.21669014805837905 0.3279270385905903 1.0361195550026174
-0.21876681848519833 0.32711034822243695 1.0065314400177765
-0.2212009613575201 0.32665052248311693 0.9753753651821523
-0.22275971679163126 0.3253160390689554 0.9430085122866815
-0.22225921849153277 0.32191786059213023 0.9099422249647207
-0.22113068571786906 0.3178963984186165 0.8761928042355857
-0.21891216057781746 0.3127846987111394 0.841958528192581
-0.21621604135295924 0.3071954170624025 0.8072351196458776
-0.21419706793654916 0.30228322285963266 0.7718237599176065
-0.21199053254884834 0.29718345038583266 0.7358447473149691
-0.21016899299777972 0.29246852180760996 0.6992884844618812
-0.20686902776429952 0.2862748106734514 0.6625791897381331
-0.2031138377250618 0.27962640642071124 0.6257461600851413
-0.19999348206693474 0.27361284033940986 0.588652310083805
-0.19686473494182694 0.26759100706580746 0.5514102372572421
-0.1936748524801536 0.2615078183310972 0.5141595872663292
-0.18826858143979341 0.2532083781581444 0.47744345288657
-0.18240017761230318 0.2444467975466642 0.44125282551862977
-0.1769340702721025 0.2360869822023598 0.4055159264636381
-0.17062742882112575 0.22688716497279396 0.370497156734427
-0.16337284755286893 0.21673934850619894 0.33639578289871946
-0.15623019118738843 0.20670343857513263 0.3032052487071792
-0.1473750906738423 0.19495510879865702 0.2713384534678581
-0.1379292002965537 0.18261576934358995 0.24085294928127246
-0.12818328945655028 0.16997677898372957 0.21179481367380054
-0.11818677084762812 0.15708704524073341 0.18422547312397022
-0.10790724006895606 0.1439132566863975 0.15821965035760593
-0.09741963740017115 0.1305322954844137 0.13383360055421406
-0.08676695691171504 0.11698618192901636 0.11111434206755653
-0.07585722341650306 0.10318292611564608 0.0901214239559431
-0.06465337498563953 0.08908561925769466 0.0708887197546072
-0.05320030679274326 0.07473895443729807 0.053369720541071
-0.04095786828799353 0.05960333920656681 0.03746351294028476
-0.02628354405997947 0.04203579061301716 0.02265719438689089
-0.025918338796344434 -0.04167059499841543 0.023206688934655637
-0.040462292099098296 -0.059107772535625484 0.03846788776867183
-0.05261216580591994 -0.0741508207985116 0.05486656856144919
-0.06395799325800464 -0.08839024751790449 0.07293830145090449
-0.07501479878051223 -0.10234051265171425 0.09278165557649214
-0.08589610995086847 -0.11611534321847794 0.11442602754167573
-0.09645970856541776 -0.12957238017858147 0.1378688512026765
-0.10690553200004954 -0.14291155964755514 0.16303330355213258
-0.11702352216904224 -0.15592380582945906 0.1898870054033894
-0.12692380206024034 -0.16871730012625324 0.21833937059740538
-0.13656172203178152 -0.18124829261770792 0.2483237253629068
-0.14609695443887422 -0.19367697096675263 0.27976544796536623
-0.15444517900108334 -0.2049184332575926 0.312690159633553
-0.16196303839768725 -0.2153295484431013 0.3468555175500526
-0.16899805256604017 -0.22525779260220724 0.38204543164855326
-0.17563955789015084 -0.23479248791491514 0.41811902595258005
-0.1813502045577664 -0.24339683716043453 0.45498881064234725
-0.18760156634979064 -0.25254137853127273 0.4923729999083219
-0.19266213126121662 -0.26049511555838684 0.5304276125999725
-0.19588692747012268 -0.26661321886345746 0.5689769006767037
-0.19907604208910318 -0.2726954228926859 0.6075221649951299
-0.20231591928056125 -0.2788285036138897 0.6459347301977956
-0.20535420549135802 -0.284760004641746 0.6841650767317498
-0.20907874933766213 -0.29137828657389014 0.72208935570439
-0.21026978856210174 -0.29546273536664586 0.7600003162989208
-0.21216302150175517 -0.30024920040280856 0.797202587250079
-0.2138753673491761 -0.30485476474248696 0.8337532832377894
-0.21624347408904027 -0.3101160377851232 0.8695259407409289
-0.21808631556652702 -0.3148520480625276 0.9047138724912195
-0.2186969128841165 -0.3183555618434577 0.9392861947571756
-0.22049980560373778 -0.3230561627413421 0.9728447873709531
-0.21937588163411337 -0.32482547507341986 1.0059359635263638
-0.2173065399865967 -0.32565010670006705 1.0378599803799318
-0.21557442965689763 -0.32681137700476176 1.0682140919196046
-0.2132277211779084 -0.32735802243815004 1.0970672129988601
-0.2120329939276428 -0.32905665630546843 1.1241568853912882
-0.2092131774968945 -0.32913320346983077 1.150018501872326
-0.20545920514635957 -0.3282725236593458 1.174359701636478
-0.20071665820660667 -0.3264232546066126 1.1970231962359938
-0.1948688571860892 -0.3234687426966481 1.2178524962238377
-0.1876895889257807 -0.31918285606290675 1.2366625006001815
-0.18111236385859253 -0.3154989847280351 1.2530457958369172
-0.17220574929011337 -0.3094856390632503 1.2676779905700544
-0.1580786830709329 -0.29825186082698285 1.2805694539947803
-0.14278914985885716 -0.2858555686392047 1.290072062607463
-0.12299005337488211 -0.2689497182043457 1.2963904805574937
-0.09895538394213962 -0.24780823538050442 1.2989650635851722
-0.05174709352301554 -0.20349318705787828 1.3003166163612832
0.06574549231174072 -0.08889508990735119 1.3008570114789249
0.7086779662039784 0.5511365667525183 1.3025336024439504
0.7084162393408701 -0.5508748560137907 1.2569035744387334
0.06533363655781084 0.08930688251012293 1.2550777451952917
-0.052283655365905866 0.20402968693665008 1.2543158215099843
-0.09977446716690155 0.2486272779897011 1.2526483928337921
-0.1261951742117749 0.27215481405896214 1.2491019261906482
-0.1437536516742952 0.28682003629080316 1.243412017898634
-0.15480982512902294 0.29498295517610545 1.2360547689680241
-0.16891484353196606 0.3061946958568162 1.2248898898997158
-0.1761249967396239 0.31051157186504125 1.2124075639460303
-0.1838999573299763 0.3153931619110859 1.1974835020022052
-0.191820687454084 0.32042052482803274 1.1799769820006174
-0.1983656866772959 0.3240722573167445 1.1603305983637695
-0.20375054547196975 0.3265638138800472 1.1387667068500116
-0.20805318644922582 0.32797316756149303 1.115481030145439
-0.21067665006636055 0.3277002447614876 1.0907741303275307
-0.2140763557544034 0.3282066026005912 1.064229704603633
-0.21669014805837905 0.3279270385905903 1.0361195550026174
-0.21876681848519833 0.32711034822243695 1.0065314400177765
-0.2212009613575201 0.32665052248311693 0.9753753651821523
-0.22275971679163126 0.3253160390689554 0.9430085122866815
-0.22225921849153277 0.32191786059213023 0.9099422249647207
-0.22113068571786906 0.3178963984186165 0.8761928042355857
-0.21891216057781746 0.3127846987111394 0.841958528192581
-0.21621604135295924 0.3071954170624025 0.8072351196458776
-0.21419706793654916 0.30228322285963266 0.7718237599176065
-0.21199053254884834 0.29718345038583266 0.7358447473149691
-0.21016899299777972 0.29246852180760996 0.6992884844618812
-0.20686902776429952 0.2862748106734514 0.6625791897381331
-0.2031138377250618 0.27962640642071124 0.6257461600851413
-0.19999348206693474 0.27361284033940986 0.588652310083805
-0.19686473494182694 0.26759100706580746 0.5514102372572421
-0.1936748524801536 0.2615078183310972 0.5141595872663292
-0.18826858143979341 0.2532083781581444 0.47744345288657
-0.18240017761230318 0.2444467975466642 0.44125282551862977
-0.1769340702721025 0.2360869822023598 0.4055159264636381
-0.17062742882112575 0.22688716497279396 0.370497156734427
-0.16337284755286893 0.21673934850619894 0.33639578289871946
-0.15623019118738843 0.20670343857513263 0.3032052487071792
-0.1473750906738423 0.19495510879865702 0.2713384534678581
-0.1379292002965537 0.18261576934358995 0.24085294928127246
-0.12818328945655028 0.16997677898372957 0.21179481367380054
-0.11818677084762812 0.15708704524073341 0.18422547312397022
-0.10790724006895606 0.1439132566863975 0.15821965035760593
-0.09741963740017115 0.1305322954844137 0.13383360055421406
-0.08676695691171504 0.11698618192901636 0.11111434206755653
-0.07585722341650306 0.10318292611564608 0.0901214239559431
-0.06465337498563953 0.08908561925769466 0.0708887197546072
-0.05320030679274326 0.07473895443729807 0.053369720541071
-0.04095786828799353 0.05960333920656681 0.03746351294028476
-0.02628354405997947 0.04203579061301716 0.02265719438689089

VECTORS Vvpm_AB float
0.16222524642944336 0.17227885127067566 -0.7237226963043213
0.16222673654556274 0.17227891087532043 -0.7237271666526794
0.162228524684906 0.1722792685031891 -0.7237344980239868
0.16221752762794495 0.17228065431118011 -0.7237094640731812
0.1622118204832077 0.17228193581104279 -0.7236987352371216
0.1622062772512436 0.172282412648201 -0.7236865758895874
0.16220316290855408 0.17228330671787262 -0.723680853843689
0.16220194101333618 0.17228375375270844 -0.7236800789833069
0.16218475997447968 0.17228512465953827 -0.723638653755188
0.16218751668930054 0.17228484153747559 -0.723646879196167
0.16219237446784973 0.17228403687477112 -0.7236596345901489
0.162192240357399 0.17228233814239502 -0.7236570119857788
0.16219520568847656 0.1722812056541443 -0.7236619591712952
0.16219773888587952 0.17228014767169952 -0.7236657738685608
0.1622011363506317 0.17227862775325775 -0.7236700057983398
0.1622033417224884 0.17227797210216522 -0.723675012588501
0.1622011363506317 0.17227554321289062 -0.7236649990081787
0.1622033715248108 0.1722750961780548 -0.7236700654029846
0.16220545768737793 0.17227470874786377 -0.7236748933792114
0.16220736503601074 0.1722732037305832 -0.7236759662628174
0.1622113287448883 0.1722722053527832 -0.723682165145874
0.16221266984939575 0.1722719818353653 -0.7236852645874023
0.16221356391906738 0.17227183282375336 -0.7236878871917725
0.1622113585472107 0.17226892709732056 -0.7236791253089905
0.16221264004707336 0.17226725816726685 -0.7236777544021606
0.16221319139003754 0.17226707935333252 -0.7236800193786621
0.16221371293067932 0.1722671538591385 -0.7236824035644531
0.16221550107002258 0.1722666472196579 -0.723685622215271
0.1622169315814972 0.17226649820804596 -0.7236886024475098
0.16222165524959564 0.17226473987102509 -0.7236958742141724
0.16219693422317505 0.17226234078407288 -0.7236204147338867
0.16219893097877502 0.17226187884807587 -0.7236238121986389
0.16220000386238098 0.17225836217403412 -0.7236150503158569
0.16220039129257202 0.17225836217403412 -0.7236161231994629
0.1622006595134735 0.17225857079029083 -0.7236175537109375
0.16220107674598694 0.17225828766822815 -0.7236188054084778
0.16218975186347961 0.1722497045993805 -0.7235758900642395
0.16219118237495422 0.1722494512796402 -0.7235790491104126
0.1621924489736557 0.17224937677383423 -0.7235822677612305
0.1621938943862915 0.17224906384944916 -0.7235851883888245
0.16219350695610046 0.17224948108196259 -0.7235867381095886
0.16219279170036316 0.17224949598312378 -0.7235885858535767
0.1621936857700348 0.1722494214773178 -0.7235914468765259
0.1621946096420288 0.17224948108196259 -0.7235939502716064
0.1621955931186676 0.17224934697151184 -0.7235969305038452
0.16219651699066162 0.1722491979598999 -0.7235997319221497
0.16219833493232727 0.1722489446401596 -0.7236031293869019
0.16219934821128845 0.17224891483783722 -0.723605751991272
0.16219347715377808 0.17224985361099243 -0.723594069480896
0.16217206418514252 0.17223627865314484 -0.7235120534896851
0.1621713787317276 0.1722363382577896 -0.7235122323036194
0.16219162940979004 0.17224949598312378 -0.7235947847366333
0.1621975302696228 0.17224831879138947 -0.7236064672470093
0.1621965765953064 0.17224840819835663 -0.7236036062240601
0.1621948778629303 0.17224858701229095 -0.7236000299453735
0.16219401359558105 0.17224851250648499 -0.7235973477363586
0.16219303011894226 0.1722487211227417 -0.7235945463180542
0.1621919870376587 0.17224904894828796 -0.7235919237136841
0.16219118237495422 0.172248974442482 -0.7235891819000244
0.1621919572353363 0.17224881052970886 -0.7235875725746155
0.1621922254562378 0.17224884033203125 -0.723585844039917
0.16219088435173035 0.1722489446401596 -0.7235826253890991
0.16218967735767365 0.17224912345409393 -0.7235797643661499
0.16218827664852142 0.1722491979598999 -0.723576545715332
0.16219860315322876 0.17225737869739532 -0.723619818687439
0.16219821572303772 0.1722576916217804 -0.7236183881759644
0.16219782829284668 0.172257661819458 -0.7236170172691345
0.16219761967658997 0.1722577065229416 -0.7236156463623047
0.16219741106033325 0.1722615510225296 -0.7236243486404419
0.16219574213027954 0.1722617745399475 -0.7236210107803345
0.16222068667411804 0.17226442694664001 -0.7236959934234619
0.1622156798839569 0.1722659170627594 -0.7236889600753784
0.1622142195701599 0.17226630449295044 -0.7236860990524292
0.162212535738945 0.17226660251617432 -0.7236828207969666
0.16221199929714203 0.17226673662662506 -0.7236804962158203
0.1622113585472107 0.172266885638237 -0.7236783504486084
0.1622106432914734 0.17226888239383698 -0.7236793041229248
0.1622123420238495 0.17227129638195038 -0.7236882448196411
0.1622115820646286 0.17227157950401306 -0.723685622215271
0.162210151553154 0.17227201163768768 -0.723682701587677
0.16220596432685852 0.17227302491664886 -0.7236764430999756
0.16220450401306152 0.1722744107246399 -0.7236753702163696
0.162202388048172 0.17227484285831451 -0.723670482635498
0.1622002273797989 0.1722753942012787 -0.7236653566360474
0.16220229864120483 0.17227782309055328 -0.723675549030304
0.1621999740600586 0.17227832973003387 -0.7236701250076294
0.1621967852115631 0.17227976024150848 -0.7236660718917847
0.16219462454319 0.17228102684020996 -0.7236621975898743
0.1621919870376587 0.1722821742296219 -0.723656952381134
0.16219186782836914 0.17228388786315918 -0.7236596941947937
0.16218648850917816 0.17228436470031738 -0.7236472368240356
0.16218367218971252 0.17228461802005768 -0.7236390709877014
0.16220051050186157 0.17228330671787262 -0.7236806154251099
0.1622011512517929 0.17228257656097412 -0.7236815690994263
0.16220438480377197 0.17228201031684875 -0.7236870527267456
0.16220957040786743 0.17228101193904877 -0.7236994504928589
0.16221532225608826 0.17228007316589355 -0.7237101793289185
0.16222625970840454 0.17227865755558014 -0.7237350940704346
0.1622244417667389 0.17227812111377716 -0.7237280607223511
0.1622225046157837 0.17227792739868164 -0.7237237691879272
0.16222524642944336 0.17227885127067566 -0.7237226963043213
0.16222673654556274 0.17227891087532043 -0.7237271666526794
0.162228524684906 0.1722792685031891 -0.7237344980239868
0.16221752762794495 0.17228065431118011 -0.7237094640731812
0.1622118204832077 0.17228193581104279 -0.7236987352371216
0.1622062772512436 0.172282412648201 -0.7236865758895874
0.16220316290855408 0.17228330671787262 -0.723680853843689
0.16220194101333618 0.17228375375270844 -0.7236800789833069
0.16218475997447968 0.17228512465953827 -0.723638653755188
0.16218751668930054 0.17228484153747559 -0.723646879196167
0.16219237446784973 0.17228403687477112 -0.7236596345901489
0.162192240357399 0.17228233814239502 -0.7236570119857788
0.16219520568847656 0.1722812056541443 -0.7236619591712952
0.16219773888587952 0.17228014767169952 -0.7236657738685608
0.1622011363506317 0.17227862775325775 -0.7236700057983398
0.1622033417224884 0.17227797210216522 -0.723675012588501
0.1622011363506317 0.17227554321289062 -0.7236649990081787
0.1622033715248108 0.1722750961780548 -0.7236700654029846
0.16220545768737793 0.17227470874786377 -0.7236748933792114
0.16220736503601074 0.1722732037305832 -0.7236759662628174
0.1622113287448883 0.1722722053527832 -0.723682165145874
0.16221266984939575 0.1722719818353653 -0.7236852645874023
0.16221356391906738 0.17227183282375336 -0.7236878871917725
0.1622113585472107 0.17226892709732056 -0.7236791253089905
0.16221264004707336 0.17226725816726685 -0.7236777544021606
0.16221319139003754 0.17226707935333252 -0.7236800193786621
0.16221371293067932 0.1722671538591385 -0.7236824035644531
0.16221550107002258 0.1722666472196579 -0.723685622215271
0.1622169315814972 0.17226649820804596 -0.7236886024475098
0.16222165524959564 0.17226473987102509 -0.7236958742141724
0.16219693422317505 0.17226234078407288 -0.7236204147338867
0.16219893097877502 0.17226187884807587 -0.7236238121986389
0.16220000386238098 0.17225836217403412 -0.7236150503158569
0.16220039129257202 0.17225836217403412 -0.7236161231994629
0.1622006595134735 0.17225857079029083 -0.7236175537109375
0.16220107674598694 0.17225828766822815 -0.7236188054084778
0.16218975186347961 0.1722497045993805 -0.7235758900642395
0.16219118237495422 0.1722494512796402 -0.7235790491104126
0.1621924489736557 0.17224937677383423 -0.7235822677612305
0.1621938943862915 0.17224906384944916 -0.7235851883888245
0.16219350695610046 0.17224948108196259 -0.7235867381095886
0.16219279170036316 0.17224949598312378 -0.7235885858535767
0.1621936857700348 0.1722494214773178 -0.7235914468765259
0.1621946096420288 0.17224948108196259 -0.7235939502716064
0.1621955931186676 0.17224934697151184 -0.7235969305038452
0.16219651699066162 0.1722491979598999 -0.7235997319221497
0.16219833493232727 0.1722489446401596 -0.7236031293869019
0.16219934821128845 0.17224891483783722 -0.723605751991272
0.16219347715377808 0.17224985361099243 -0.723594069480896
0.16217206418514252 0.17223627865314484 -0.7235120534896851
0.1621713787317276 0.1722363382577896 -0.7235122323036194
0.16219162940979004 0.17224949598312378 -0.7235947847366333
0.1621975302696228 0.17224831879138947 -0.7236064672470093
0.1621965765953064 0.17224840819835663 -0.7236036062240601
0.1621948778629303 0.17224858701229095 -0.7236000299453735
0.16219401359558105 0.17224851250648499 -0.7235973477363586
0.16219303011894226 0.1722487211227417 -0.7235945463180542
0.1621919870376587 0.17224904894828796 -0.7235919237136841
0.16219118237495422 0.172248974442482 -0.7235891819000244
0.1621919572353363 0.17224881052970886 -0.7235875725746155
0.1621922254562378 0.17224884033203125 -0.723585844039917
0.16219088435173035 0.1722489446401596 -0.7235826253890991
0.16218967735767365 0.17224912345409393 -0.7235797643661499
0.16218827664852142 0.1722491979598999 -0.723576545715332
0.16219860315322876 0.17225737869739532 -0.723619818687439
0.16219821572303772 0.1722576916217804 -0.7236183881759644
0.16219782829284668 0.172257661819458 -0.7236170172691345
0.16219761967658997 0.1722577065229416 -0.7236156463623047
0.16219741106033325 0.1722615510225296 -0.7236243486404419
0.16219574213027954 0.1722617745399475 -0.7236210107803345
0.16222068667411804 0.17226442694664001 -0.7236959934234619
0.1622156798839569 0.1722659170627594 -0.7236889600753784
0.1622142195701599 0.17226630449295044 -0.7236860990524292
0.162212535738945 0.17226660251617432 -0.7236828207969666
0.16221199929714203 0.17226673662662506 -0.7236804962158203
0.1622113585472107 0.172266885638237 -0.7236783504486084
0.1622106432914734 0.17226888239383698 -0.7236793041229248
0.1622123420238495 0.17227129638195038 -0.7236882448196411
0.1622115820646286 0.17227157950401306 -0.723685622215271
0.162210151553154 0.17227201163768768 -0.723682701587677
0.16220596432685852 0.17227302491664886 -0.7236764430999756
0.16220450401306152 0.1722744107246399 -0.7236753702163696
0.162202388048172 0.17227484285831451 -0.723670482635498
0.1622002273797989 0.1722753942012787 -0.7236653566360474
0.16220229864120483 0.17227782309055328 -0.723675549030304
0.1621999740600586 0.17227832973003387 -0.7236701250076294
0.1621967852115631 0.17227976024150848 -0.7236660718917847
0.16219462454319 0.17228102684020996 -0.7236621975898743
0.1621919870376587 0.1722821742296219 -0.723656952381134
0.16219186782836914 0.17228388786315918 -0.7236596941947937
0.16218648850917816 0.17228436470031738 -0.7236472368240356
0.16218367218971252 0.17228461802005768 -0.7236390709877014
0.16220051050186157 0.17228330671787262 -0.7236806154251099
0.1622011512517929 0.17228257656097412 -0.7236815690994263
0.16220438480377197 0.17228201031684875 -0.7236870527267456
0.16220957040786743 0.17228101193904877 -0.7236994504928589
0.16221532225608826 0.17228007316589355 -0.7237101793289185
0.16222625970840454 0.17227865755558014 -0.7237350940704346
0.1622244417667389 0.17227812111377716 -0.7237280607223511
0.1622225046157837 0.17227792739868164 -0.7237237691879272