# vtk DataFile Version 4.0
[MyVLM domain - lattices] 
ASCII
DATASET UNSTRUCTURED_GRID
POINTS 302 float
1.2444999999999997 -1.2445 0.0
1.2399745454545452 -1.2399745454545454 0.0
1.2346178849721705 -1.2346178849721707 0.0
1.2284300185528754 -1.2284300185528756 0.0
1.2214109461966602 -1.2214109461966605 0.0
1.2135606679035247 -1.213560667903525 0.0
1.2048791836734691 -1.2048791836734694 0.0
1.1953664935064932 -1.1953664935064934 0.0
1.1850225974025972 -1.1850225974025974 0.0
1.1738474953617808 -1.173847495361781 0.0
1.1618411873840442 -1.1618411873840444 0.0
1.1490036734693874 -1.1490036734693876 0.0
1.1353349536178106 -1.1353349536178108 0.0
1.1208350278293133 -1.1208350278293135 0.0
1.1055038961038959 -1.105503896103896 0.0
1.0893415584415582 -1.0893415584415584 0.0
1.0723480148423004 -1.0723480148423006 0.0
1.054523265306122 -1.0545232653061223 0.0
1.0358673098330238 -1.035867309833024 0.0
1.0163801484230053 -1.0163801484230055 0.0
0.9960617810760664 -0.9960617810760668 0.0
0.9749122077922076 -0.9749122077922077 0.0
0.9529314285714284 -0.9529314285714284 0.0
0.9301194434137288 -0.930119443413729 0.0
0.9064762523191091 -0.9064762523191096 0.0
0.8820018552875695 -0.8820018552875695 0.0
0.8566962523191093 -0.8566962523191094 0.0
0.8305594434137288 -0.8305594434137291 0.0
0.8035914285714284 -0.8035914285714285 0.0
0.7757922077922076 -0.7757922077922077 0.0
0.7471617810760666 -0.7471617810760667 0.0
0.7177001484230053 -0.7177001484230054 0.0
0.6874073098330239 -0.687407309833024 0.0
0.6562832653061222 -0.6562832653061225 0.0
0.6243280148423004 -0.6243280148423005 0.0
0.5915415584415582 -0.5915415584415583 0.0
0.5579238961038958 -0.5579238961038959 0.0
0.5234750278293133 -0.5234750278293134 0.0
0.48819495361781057 -0.48819495361781057 0.0
0.4520836734693877 -0.4520836734693877 0.0
0.4151411873840445 -0.4151411873840446 0.0
0.37736749536178105 -0.37736749536178116 0.0
0.3387625974025974 -0.3387625974025974 0.0
0.2993264935064933 -0.29932649350649343 0.0
0.25905918367346925 -0.25905918367346925 0.0
0.21796066790352486 -0.21796066790352486 0.0
0.17603094619666027 -0.1760309461966605 0.0
0.13327001855287546 -0.13327001855287568 0.0
0.08967788497217066 -0.08967788497217066 0.0
0.045254545454545436 -0.045254545454545436 0.0
0.0 0.0 0.0
0.04525454545454545 0.04525454545454546 0.0
0.08967788497217066 0.08967788497217068 0.0
0.13327001855287568 0.1332700185528757 0.0
0.17603094619666046 0.1760309461966605 0.0
0.21796066790352497 0.21796066790352508 0.0
0.2590591836734693 0.25905918367346936 0.0
0.29932649350649343 0.2993264935064935 0.0
0.3387625974025973 0.33876259740259734 0.0
0.37736749536178094 0.377367495361781 0.0
0.41514118738404443 0.4151411873840445 0.0
0.45208367346938766 0.4520836734693878 0.0
0.48819495361781057 0.4881949536178107 0.0
0.5234750278293133 0.5234750278293134 0.0
0.5579238961038959 0.557923896103896 0.0
0.5915415584415582 0.5915415584415583 0.0
0.6243280148423003 0.6243280148423004 0.0
0.6562832653061222 0.6562832653061225 0.0
0.687407309833024 0.6874073098330241 0.0
0.7177001484230054 0.7177001484230056 0.0
0.7471617810760667 0.7471617810760669 0.0
0.7757922077922076 0.7757922077922077 0.0
0.8035914285714284 0.8035914285714285 0.0
0.8305594434137288 0.830559443413729 0.0
0.8566962523191093 0.8566962523191094 0.0
0.8820018552875692 0.8820018552875695 0.0
0.9064762523191091 0.9064762523191093 0.0
0.9301194434137288 0.9301194434137292 0.0
0.9529314285714284 0.9529314285714284 0.0
0.9749122077922076 0.9749122077922077 0.0
0.9960617810760666 0.9960617810760668 0.0
1.0163801484230053 1.0163801484230055 0.0
1.0358673098330238 1.035867309833024 0.0
1.054523265306122 1.0545232653061223 0.0
1.0723480148423001 1.0723480148423004 0.0
1.0893415584415582 1.0893415584415584 0.0
1.1055038961038959 1.105503896103896 0.0
1.120835027829313 1.1208350278293133 0.0
1.1353349536178106 1.1353349536178106 0.0
1.1490036734693874 1.1490036734693876 0.0
1.1618411873840444 1.1618411873840446 0.0
1.1738474953617808 1.173847495361781 0.0
1.1850225974025972 1.1850225974025972 0.0
1.1953664935064932 1.1953664935064934 0.0
1.2048791836734691 1.2048791836734694 0.0
1.2135606679035245 1.2135606679035247 0.0
1.22141094619666 1.2214109461966602 0.0
1.2284300185528754 1.2284300185528756 0.0
1.2346178849721703 1.2346178849721705 0.0
1.2399745454545452 1.2399745454545454 0.0
1.2444999999999997 1.2445 0.0
1.7422999999999997 -1.2445 0.0
1.7377745454545452 -1.2399745454545454 0.0
1.7324178849721703 -1.2346178849721707 0.0
1.7262300185528754 -1.2284300185528756 0.0
1.7192109461966603 -1.2214109461966605 0.0
1.7113606679035245 -1.213560667903525 0.0
1.7026791836734692 -1.2048791836734694 0.0
1.6931664935064934 -1.1953664935064934 0.0
1.6828225974025972 -1.1850225974025974 0.0
1.6716474953617806 -1.173847495361781 0.0
1.6596411873840444 -1.1618411873840444 0.0
1.6468036734693878 -1.1490036734693876 0.0
1.6331349536178106 -1.1353349536178108 0.0
1.6186350278293133 -1.1208350278293135 0.0
1.603303896103896 -1.105503896103896 0.0
1.5871415584415582 -1.0893415584415584 0.0
1.5701480148423004 -1.0723480148423006 0.0
1.552323265306122 -1.0545232653061223 0.0
1.5336673098330238 -1.035867309833024 0.0
1.5141801484230053 -1.0163801484230055 0.0
1.4938617810760666 -0.9960617810760668 0.0
1.4727122077922075 -0.9749122077922077 0.0
1.4507314285714283 -0.9529314285714284 0.0
1.4279194434137288 -0.930119443413729 0.0
1.4042762523191092 -0.9064762523191096 0.0
1.3798018552875693 -0.8820018552875695 0.0
1.3544962523191093 -0.8566962523191094 0.0
1.328359443413729 -0.8305594434137291 0.0
1.3013914285714283 -0.8035914285714285 0.0
1.2735922077922077 -0.7757922077922077 0.0
1.2449617810760665 -0.7471617810760667 0.0
1.2155001484230055 -0.7177001484230054 0.0
1.1852073098330238 -0.687407309833024 0.0
1.1540832653061224 -0.6562832653061225 0.0
1.1221280148423003 -0.6243280148423005 0.0
1.0893415584415582 -0.5915415584415583 0.0
1.055723896103896 -0.5579238961038959 0.0
1.0212750278293132 -0.5234750278293134 0.0
0.9859949536178108 -0.48819495361781057 0.0
0.9498836734693876 -0.4520836734693877 0.0
0.9129411873840445 -0.4151411873840446 0.0
0.875167495361781 -0.37736749536178116 0.0
0.8365625974025973 -0.3387625974025974 0.0
0.7971264935064933 -0.29932649350649343 0.0
0.7568591836734693 -0.25905918367346925 0.0
0.7157606679035249 -0.21796066790352486 0.0
0.6738309461966603 -0.1760309461966605 0.0
0.6310700185528755 -0.13327001855287568 0.0
0.5874778849721707 -0.08967788497217066 0.0
0.5430545454545455 -0.045254545454545436 0.0
0.4978 0.0 0.0
0.5430545454545455 0.04525454545454546 0.0
0.5874778849721707 0.08967788497217068 0.0
0.6310700185528757 0.1332700185528757 0.0
0.6738309461966605 0.1760309461966605 0.0
0.715760667903525 0.21796066790352508 0.0
0.7568591836734693 0.25905918367346936 0.0
0.7971264935064934 0.2993264935064935 0.0
0.8365625974025973 0.33876259740259734 0.0
0.875167495361781 0.377367495361781 0.0
0.9129411873840445 0.4151411873840445 0.0
0.9498836734693876 0.4520836734693878 0.0
0.9859949536178105 0.4881949536178107 0.0
1.0212750278293132 0.5234750278293134 0.0
1.055723896103896 0.557923896103896 0.0
1.0893415584415582 0.5915415584415583 0.0
1.1221280148423003 0.6243280148423004 0.0
1.1540832653061224 0.6562832653061225 0.0
1.185207309833024 0.6874073098330241 0.0
1.2155001484230055 0.7177001484230056 0.0
1.2449617810760667 0.7471617810760669 0.0
1.2735922077922077 0.7757922077922077 0.0
1.3013914285714283 0.8035914285714285 0.0
1.3283594434137287 0.830559443413729 0.0
1.3544962523191093 0.8566962523191094 0.0
1.3798018552875693 0.8820018552875695 0.0
1.4042762523191092 0.9064762523191093 0.0
1.427919443413729 0.9301194434137292 0.0
1.4507314285714283 0.9529314285714284 0.0
1.4727122077922075 0.9749122077922077 0.0
1.4938617810760666 0.9960617810760668 0.0
1.5141801484230053 1.0163801484230055 0.0
1.5336673098330238 1.035867309833024 0.0
1.552323265306122 1.0545232653061223 0.0
1.5701480148423002 1.0723480148423004 0.0
1.5871415584415582 1.0893415584415584 0.0
1.603303896103896 1.105503896103896 0.0
1.6186350278293131 1.1208350278293133 0.0
1.6331349536178106 1.1353349536178106 0.0
1.6468036734693874 1.1490036734693876 0.0
1.6596411873840444 1.1618411873840446 0.0
1.6716474953617806 1.173847495361781 0.0
1.6828225974025972 1.1850225974025972 0.0
1.6931664935064934 1.1953664935064934 0.0
1.7026791836734692 1.2048791836734694 0.0
1.7113606679035245 1.2135606679035247 0.0
1.71921094619666 1.2214109461966602 0.0
1.7262300185528754 1.2284300185528756 0.0
1.7324178849721703 1.2346178849721705 0.0
1.7377745454545452 1.2399745454545454 0.0
1.7422999999999997 1.2445 0.0
1.6155872727272724 -1.2422372727272726 0.0
1.6106462152133578 -1.237296215213358 0.0
1.604873951762523 -1.2315239517625232 0.0
1.598270482374768 -1.224920482374768 0.0
1.5908358070500925 -1.2174858070500927 0.0
1.582569925788497 -1.2092199257884972 0.0
1.5734728385899812 -1.2001228385899814 0.0
1.5635445454545454 -1.1901945454545453 0.0
1.552785046382189 -1.1794350463821892 0.0
1.5411943413729126 -1.1678443413729127 0.0
1.5287724304267158 -1.155422430426716 0.0
1.5155193135435991 -1.142169313543599 0.0
1.501434990723562 -1.1280849907235622 0.0
1.4865194619666047 -1.1131694619666048 0.0
1.4707727272727271 -1.0974227272727273 0.0
1.4541947866419294 -1.0808447866419293 0.0
1.4367856400742112 -1.0634356400742113 0.0
1.418545287569573 -1.0451952875695731 0.0
1.3994737291280146 -1.0261237291280147 0.0
1.379570964749536 -1.0062209647495362 0.0
1.358836994434137 -0.9854869944341371 0.0
1.337271818181818 -0.9639218181818181 0.0
1.3148754359925787 -0.9415254359925787 0.0
1.291647847866419 -0.9182978478664192 0.0
1.2675890538033394 -0.8942390538033393 0.0
1.2426990538033393 -0.8693490538033395 0.0
1.2169778478664193 -0.8436278478664192 0.0
1.1904254359925788 -0.8170754359925788 0.0
1.163041818181818 -0.7896918181818181 0.0
1.1348269944341371 -0.7614769944341371 0.0
1.105780964749536 -0.7324309647495362 0.0
1.0759037291280147 -0.7025537291280148 0.0
1.0451952875695731 -0.6718452875695733 0.0
1.0136556400742114 -0.6403056400742114 0.0
0.9812847866419293 -0.6079347866419293 0.0
0.9480827272727271 -0.5747327272727272 0.0
0.9140494619666047 -0.5406994619666048 0.0
0.8791849907235622 -0.5058349907235622 0.0
0.8434893135435992 -0.47013931354359917 0.0
0.8069624304267162 -0.43361243042671627 0.0
0.7696043413729128 -0.3962543413729128 0.0
0.7314150463821893 -0.3580650463821894 0.0
0.6923945454545455 -0.3190445454545454 0.0
0.6525428385899814 -0.27919283858998134 0.0
0.6118599257884971 -0.23850992578849706 0.0
0.5703458070500929 -0.19699580705009279 0.0
0.5280004823747682 -0.15465048237476808 0.0
0.4848239517625232 -0.11147395176252317 0.0
0.4408162152133581 -0.06746621521335805 0.0
0.39597727272727273 -0.022627272727272718 0.0
0.39597727272727273 0.02262727272727273 0.0
0.4408162152133581 0.06746621521335806 0.0
0.4848239517625232 0.11147395176252319 0.0
0.528000482374768 0.15465048237476808 0.0
0.5703458070500929 0.19699580705009276 0.0
0.6118599257884971 0.23850992578849717 0.0
0.6525428385899814 0.2791928385899814 0.0
0.6923945454545455 0.3190445454545454 0.0
0.7314150463821891 0.3580650463821891 0.0
0.7696043413729128 0.39625434137291277 0.0
0.8069624304267162 0.43361243042671616 0.0
0.8434893135435992 0.4701393135435992 0.0
0.8791849907235619 0.5058349907235621 0.0
0.9140494619666046 0.5406994619666047 0.0
0.9480827272727271 0.5747327272727272 0.0
0.9812847866419294 0.6079347866419295 0.0
1.0136556400742114 0.6403056400742114 0.0
1.0451952875695731 0.6718452875695732 0.0
1.0759037291280147 0.7025537291280147 0.0
1.105780964749536 0.7324309647495362 0.0
1.1348269944341371 0.7614769944341373 0.0
1.163041818181818 0.789691818181818 0.0
1.1904254359925786 0.8170754359925786 0.0
1.216977847866419 0.843627847866419 0.0
1.2426990538033393 0.8693490538033394 0.0
1.2675890538033392 0.8942390538033393 0.0
1.291647847866419 0.9182978478664192 0.0
1.3148754359925787 0.9415254359925787 0.0
1.3372718181818182 0.9639218181818181 0.0
1.3588369944341372 0.9854869944341373 0.0
1.379570964749536 1.0062209647495362 0.0
1.3994737291280148 1.0261237291280147 0.0
1.418545287569573 1.0451952875695731 0.0
1.4367856400742112 1.0634356400742113 0.0
1.4541947866419291 1.0808447866419293 0.0
1.470772727272727 1.097422727272727 0.0
1.4865194619666047 1.1131694619666048 0.0
1.501434990723562 1.128084990723562 0.0
1.5155193135435991 1.1421693135435993 0.0
1.528772430426716 1.1554224304267162 0.0
1.5411943413729128 1.1678443413729127 0.0
1.5527850463821888 1.179435046382189 0.0
1.5635445454545451 1.1901945454545453 0.0
1.573472838589981 1.2001228385899811 0.0
1.5825699257884969 1.209219925788497 0.0
1.5908358070500925 1.2174858070500927 0.0
1.5982704823747678 1.224920482374768 0.0
1.604873951762523 1.2315239517625232 0.0
1.6106462152133578 1.237296215213358 0.0
1.6155872727272724 1.2422372727272726 0.0

CELLS 200 700
4 0 101 102 1
4 1 102 103 2
4 2 103 104 3
4 3 104 105 4
4 4 105 106 5
4 5 106 107 6
4 6 107 108 7
4 7 108 109 8
4 8 109 110 9
4 9 110 111 10
4 10 111 112 11
4 11 112 113 12
4 12 113 114 13
4 13 114 115 14
4 14 115 116 15
4 15 116 117 16
4 16 117 118 17
4 17 118 119 18
4 18 119 120 19
4 19 120 121 20
4 20 121 122 21
4 21 122 123 22
4 22 123 124 23
4 23 124 125 24
4 24 125 126 25
4 25 126 127 26
4 26 127 128 27
4 27 128 129 28
4 28 129 130 29
4 29 130 131 30
4 30 131 132 31
4 31 132 133 32
4 32 133 134 33
4 33 134 135 34
4 34 135 136 35
4 35 136 137 36
4 36 137 138 37
4 37 138 139 38
4 38 139 140 39
4 39 140 141 40
4 40 141 142 41
4 41 142 143 42
4 42 143 144 43
4 43 144 145 44
4 44 145 146 45
4 45 146 147 46
4 46 147 148 47
4 47 148 149 48
4 48 149 150 49
4 49 150 151 50
4 50 151 152 51
4 51 152 153 52
4 52 153 154 53
4 53 154 155 54
4 54 155 156 55
4 55 156 157 56
4 56 157 158 57
4 57 158 159 58
4 58 159 160 59
4 59 160 161 60
4 60 161 162 61
4 61 162 163 62
4 62 163 164 63
4 63 164 165 64
4 64 165 166 65
4 65 166 167 66
4 66 167 168 67
4 67 168 169 68
4 68 169 170 69
4 69 170 171 70
4 70 171 172 71
4 71 172 173 72
4 72 173 174 73
4 73 174 175 74
4 74 175 176 75
4 75 176 177 76
4 76 177 178 77
4 77 178 179 78
4 78 179 180 79
4 79 180 181 80
4 80 181 182 81
4 81 182 183 82
4 82 183 184 83
4 83 184 185 84
4 84 185 186 85
4 85 186 187 86
4 86 187 188 87
4 87 188 189 88
4 88 189 190 89
4 89 190 191 90
4 90 191 192 91
4 91 192 193 92
4 92 193 194 93
4 93 194 195 94
4 94 195 196 95
4 95 196 197 96
4 96 197 198 97
4 97 198 199 98
4 98 199 200 99
4 99 200 201 100
1 202
1 203
1 204
1 205
1 206
1 207
1 208
1 209
1 210
1 211
1 212
1 213
1 214
1 215
1 216
1 217
1 218
1 219
1 220
1 221
1 222
1 223
1 224
1 225
1 226
1 227
1 228
1 229
1 230
1 231
1 232
1 233
1 234
1 235
1 236
1 237
1 238
1 239
1 240
1 241
1 242
1 243
1 244
1 245
1 246
1 247
1 248
1 249
1 250
1 251
1 252
1 253
1 254
1 255
1 256
1 257
1 258
1 259
1 260
1 261
1 262
1 263
1 264
1 265
1 266
1 267
1 268
1 269
1 270
1 271
1 272
1 273
1 274
1 275
1 276
1 277
1 278
1 279
1 280
1 281
1 282
1 283
1 284
1 285
1 286
1 287
1 288
1 289
1 290
1 291
1 292
1 293
1 294
1 295
1 296
1 297
1 298
1 299
1 300
1 301

CELL_TYPES 200
9
9
9
9
9
9
9
9
9
9
9
9
9
9
9
9
9
9
9
9
9
9
9
9
9
9
9
9
9
9
9
9
9
9
9
9
9
9
9
9
9
9
9
9
9
9
9
9
9
9
9
9
9
9
9
9
9
9
9
9
9
9
9
9
9
9
9
9
9
9
9
9
9
9
9
9
9
9
9
9
9
9
9
9
9
9
9
9
9
9
9
9
9
9
9
9
9
9
9
9
1
1
1
1
1
1
1
1
1
1
1
1
1
1
1
1
1
1
1
1
1
1
1
1
1
1
1
1
1
1
1
1
1
1
1
1
1
1
1
1
1
1
1
1
1
1
1
1
1
1
1
1
1
1
1
1
1
1
1
1
1
1
1
1
1
1
1
1
1
1
1
1
1
1
1
1
1
1
1
1
1
1
1
1
1
1
1
1
1
1
1
1
1
1
1
1
1
1
1
1

CELL_DATA 200

VECTORS Vinf float
9.154633227345869 0.15269306302070618 3.9694449083615844
9.15337546503298 0.1551094353199005 3.9994889871884887
9.153847936150953 0.15405263006687164 3.9874800370742385
9.152941334602758 0.15624159574508667 4.011050440530926
9.153335991856977 0.1551893800497055 4.000374309878499
9.154132295010015 0.15349045395851135 3.9805092440654337
9.154352102038786 0.15309050679206848 3.9752434270192687
9.155848908779546 0.15126271545886993 3.945105292062909
9.157091665623113 0.1504177302122116 3.924573458891065
9.159269619343206 0.14969851076602936 3.8944242970754215
9.161889705417082 0.14954456686973572 3.8646542506028716
9.165520909783766 0.1499626338481903 3.8300137297917907
9.163092497346327 0.14962328970432281 3.8524954097081725
9.161288145539686 0.1495341807603836 3.8709867374707763
9.16123278772585 0.1495346873998642 3.8715905325223514
9.161954287049696 0.14954525232315063 3.8639115469266474
9.161167207715437 0.14953327178955078 3.872305579643399
9.16408907210581 0.14973372220993042 3.8429041580964634
9.162582713720724 0.14957839250564575 3.8575626389791076
9.15855646466963 0.1498512327671051 3.903645165424497
9.157891366240904 0.15005911886692047 3.912756718855053
9.158326897380277 0.14991727471351624 3.9067710416127746
9.158770504949018 0.14980091154575348 3.9009158985425536
9.160549733397886 0.1495528221130371 3.8793190495778624
9.157650205848142 0.15015555918216705 3.9163212554265563
9.15798631644003 0.1500295102596283 3.911557234983594
9.158326852676794 0.1499204784631729 3.9068888799954955
9.159865144250318 0.1496121734380722 3.887371070842892
9.16026519572489 0.14957351982593536 3.8826806323339045
9.159315246698782 0.1496925950050354 3.8941058592607085
9.160822067019865 0.14953115582466125 3.876160569648892
9.158195320126936 0.14994513988494873 3.9085411207486693
9.156789633986875 0.15056449174880981 3.929253108959347
9.157024580595419 0.1504339724779129 3.925595112304837
9.157261851785108 0.15031442046165466 3.921994276504666
9.159364211914465 0.1496669501066208 3.8933371679593627
9.159650493023321 0.1496245563030243 3.8898405806829035
9.159938532469198 0.14959044754505157 3.8864004986096927
9.160227719304487 0.14956343173980713 3.883019007902295
9.160517904517576 0.14954333007335663 3.879696436386258
9.160807597992346 0.14953023195266724 3.876436092119366
9.163474384305403 0.14964458346366882 3.8488931731988494
9.16382745241873 0.14968617260456085 3.845536299209744
9.16036641931288 0.14955264329910278 3.881497569542081
9.160620037076399 0.14953738451004028 3.87860993311897
9.160874712822363 0.14952725172042847 3.875759340982587
9.166657331941053 0.1501617133617401 3.820297338228375
9.166995230672285 0.15023387968540192 3.81747592256561
9.16670297419779 0.1501726508140564 3.81989336774841
9.173440131900236 0.15197639167308807 3.768762447099835
9.173459622619077 0.15198305249214172 3.7686248795796935
9.16675451731436 0.15018612146377563 3.8194457070638244
9.167045432684347 0.15024779736995697 3.8170403020192687
9.166705254075453 0.15017488598823547 3.8198708967973296
9.166363585350439 0.15010428428649902 3.8227487282563746
9.166020650026724 0.1500362753868103 3.8256746308614313
9.160387429950163 0.1495528519153595 3.881232924919278
9.16385442352049 0.1496921330690384 3.8452822046090662
9.160194787738249 0.1495743989944458 3.883527137499005
9.158257294056341 0.14993980526924133 3.907891489725262
9.158009219524786 0.15002015233039856 3.911313511591107
9.15776226258032 0.15011022984981537 3.9147930519391605
9.157517898437902 0.15020966529846191 3.91832647488609
9.157275709865019 0.15031950175762177 3.92191306517616
9.15576282477133 0.15134625136852264 3.946901448230893
9.15556386446707 0.15153354406356812 3.9505470769216124
9.155367273447439 0.15173391997814178 3.954246558408887
9.155173021910116 0.1519477665424347 3.9579965250302855
9.1562909368252 0.15091070532798767 3.937578536729962
9.158436823246404 0.149885892868042 3.9053355233480036
9.159351262805387 0.14968958497047424 3.893652834158093
9.160302195308134 0.14957298338413239 3.882243789892346
9.15989962553732 0.14961063861846924 3.886948950748593
9.158353242633268 0.14991557598114014 3.9065103010942046
9.158011007664129 0.15002349019050598 3.9111922459413115
9.157673108932897 0.15014870464801788 3.9159701840688297
9.159259844181463 0.14970523118972778 3.894696690302044
9.158807534334585 0.14979615807533264 3.900429882269055
9.157063576934263 0.1504364013671875 3.925076283674389
9.156674537417814 0.1506575495004654 3.931176580648572
9.15724727844946 0.15033935010433197 3.9222157077600066
9.160926896688864 0.14954395592212677 3.8750621156503264
9.160300287959501 0.14957591891288757 3.8821215109635894
9.158212665078565 0.1499607115983963 3.908348806362302
9.159004125354215 0.14975742995738983 3.8978649751950805
9.159766379353925 0.1496313512325287 3.8883919791986052
9.158804926631376 0.1498015820980072 3.9004182891656463
9.163436490652487 0.14966128766536713 3.8491486089040343
9.163110870478079 0.14962905645370483 3.8523499147702758
9.160810190794393 0.14954951405525208 3.8763524668027465
9.158385935780927 0.14990608394145966 3.905922450285107
9.156483325717375 0.150784432888031 3.9342958705236017
9.154779988882467 0.1524529904127121 3.9659414069463317
9.15356158053629 0.15463119745254517 3.9942990766574447
9.153166804072782 0.15562351047992706 4.004879377942235
9.153043660876676 0.15594981610774994 4.008169941764027
9.152333680150434 0.15813949704170227 4.028170697550923
9.152857634780332 0.15650799870491028 4.013526044945866
9.152470025775358 0.15770381689071655 4.024393297891766
9.15340866482012 0.15504218637943268 3.9986912535239756
9.154633227345869 0.15269306302070618 3.9694449083615844
9.15337546503298 0.1551094353199005 3.9994889871884887
9.153847936150953 0.15405263006687164 3.9874800370742385
9.152941334602758 0.15624159574508667 4.011050440530926
9.153335991856977 0.1551893800497055 4.000374309878499
9.154132295010015 0.15349045395851135 3.9805092440654337
9.154352102038786 0.15309050679206848 3.9752434270192687
9.155848908779546 0.15126271545886993 3.945105292062909
9.157091665623113 0.1504177302122116 3.924573458891065
9.159269619343206 0.14969851076602936 3.8944242970754215
9.161889705417082 0.14954456686973572 3.8646542506028716
9.165520909783766 0.1499626338481903 3.8300137297917907
9.163092497346327 0.14962328970432281 3.8524954097081725
9.161288145539686 0.1495341807603836 3.8709867374707763
9.16123278772585 0.1495346873998642 3.8715905325223514
9.161954287049696 0.14954525232315063 3.8639115469266474
9.161167207715437 0.14953327178955078 3.872305579643399
9.16408907210581 0.14973372220993042 3.8429041580964634
9.162582713720724 0.14957839250564575 3.8575626389791076
9.15855646466963 0.1498512327671051 3.903645165424497
9.157891366240904 0.15005911886692047 3.912756718855053
9.158326897380277 0.14991727471351624 3.9067710416127746
9.158770504949018 0.14980091154575348 3.9009158985425536
9.160549733397886 0.1495528221130371 3.8793190495778624
9.157650205848142 0.15015555918216705 3.9163212554265563
9.15798631644003 0.1500295102596283 3.911557234983594
9.158326852676794 0.1499204784631729 3.9068888799954955
9.159865144250318 0.1496121734380722 3.887371070842892
9.16026519572489 0.14957351982593536 3.8826806323339045
9.159315246698782 0.1496925950050354 3.8941058592607085
9.160822067019865 0.14953115582466125 3.876160569648892
9.158195320126936 0.14994513988494873 3.9085411207486693
9.156789633986875 0.15056449174880981 3.929253108959347
9.157024580595419 0.1504339724779129 3.925595112304837
9.157261851785108 0.15031442046165466 3.921994276504666
9.159364211914465 0.1496669501066208 3.8933371679593627
9.159650493023321 0.1496245563030243 3.8898405806829035
9.159938532469198 0.14959044754505157 3.8864004986096927
9.160227719304487 0.14956343173980713 3.883019007902295
9.160517904517576 0.14954333007335663 3.879696436386258
9.160807597992346 0.14953023195266724 3.876436092119366
9.163474384305403 0.14964458346366882 3.8488931731988494
9.16382745241873 0.14968617260456085 3.845536299209744
9.16036641931288 0.14955264329910278 3.881497569542081
9.160620037076399 0.14953738451004028 3.87860993311897
9.160874712822363 0.14952725172042847 3.875759340982587
9.166657331941053 0.1501617133617401 3.820297338228375
9.166995230672285 0.15023387968540192 3.81747592256561
9.16670297419779 0.1501726508140564 3.81989336774841
9.173440131900236 0.15197639167308807 3.768762447099835
9.173459622619077 0.15198305249214172 3.7686248795796935
9.16675451731436 0.15018612146377563 3.8194457070638244
9.167045432684347 0.15024779736995697 3.8170403020192687
9.166705254075453 0.15017488598823547 3.8198708967973296
9.166363585350439 0.15010428428649902 3.8227487282563746
9.166020650026724 0.1500362753868103 3.8256746308614313
9.160387429950163 0.1495528519153595 3.881232924919278
9.16385442352049 0.1496921330690384 3.8452822046090662
9.160194787738249 0.1495743989944458 3.883527137499005
9.158257294056341 0.14993980526924133 3.907891489725262
9.158009219524786 0.15002015233039856 3.911313511591107
9.15776226258032 0.15011022984981537 3.9147930519391605
9.157517898437902 0.15020966529846191 3.91832647488609
9.157275709865019 0.15031950175762177 3.92191306517616
9.15576282477133 0.15134625136852264 3.946901448230893
9.15556386446707 0.15153354406356812 3.9505470769216124
9.155367273447439 0.15173391997814178 3.954246558408887
9.155173021910116 0.1519477665424347 3.9579965250302855
9.1562909368252 0.15091070532798767 3.937578536729962
9.158436823246404 0.149885892868042 3.9053355233480036
9.159351262805387 0.14968958497047424 3.893652834158093
9.160302195308134 0.14957298338413239 3.882243789892346
9.15989962553732 0.14961063861846924 3.886948950748593
9.158353242633268 0.14991557598114014 3.9065103010942046
9.158011007664129 0.15002349019050598 3.9111922459413115
9.157673108932897 0.15014870464801788 3.9159701840688297
9.159259844181463 0.14970523118972778 3.894696690302044
9.158807534334585 0.14979615807533264 3.900429882269055
9.157063576934263 0.1504364013671875 3.925076283674389
9.156674537417814 0.1506575495004654 3.931176580648572
9.15724727844946 0.15033935010433197 3.9222157077600066
9.160926896688864 0.14954395592212677 3.8750621156503264
9.160300287959501 0.14957591891288757 3.8821215109635894
9.158212665078565 0.1499607115983963 3.908348806362302
9.159004125354215 0.14975742995738983 3.8978649751950805
9.159766379353925 0.1496313512325287 3.8883919791986052
9.158804926631376 0.1498015820980072 3.9004182891656463
9.163436490652487 0.14966128766536713 3.8491486089040343
9.163110870478079 0.14962905645370483 3.8523499147702758
9.160810190794393 0.14954951405525208 3.8763524668027465
9.158385935780927 0.14990608394145966 3.905922450285107
9.156483325717375 0.150784432888031 3.9342958705236017
9.154779988882467 0.1524529904127121 3.9659414069463317
9.15356158053629 0.15463119745254517 3.9942990766574447
9.153166804072782 0.15562351047992706 4.004879377942235
9.153043660876676 0.15594981610774994 4.008169941764027
9.152333680150434 0.15813949704170227 4.028170697550923
9.152857634780332 0.15650799870491028 4.013526044945866
9.152470025775358 0.15770381689071655 4.024393297891766
9.15340866482012 0.15504218637943268 3.9986912535239756

VECTORS L float
-0.013517853456131554 0.0 0.028989130287108172
-0.021960871928463334 0.0 0.04709524183101371
-0.030411973821629506 0.0 0.06521868832684
-0.03936028415728107 0.0 0.084408401768512
-0.04893554373116135 0.0 0.10494261219037367
-0.059169288763409475 0.0 0.1268889492347601
-0.07003513530641702 0.0 0.1501908323434346
-0.08153936858905131 0.0 0.17486174023320025
-0.09363206885295788 0.0 0.20079461963679568
-0.10629820843712401 0.0 0.22795724363117997
-0.11950427479837292 0.0 0.25627774433558675
-0.13325020491898038 0.0 0.2857559866080702
-0.14735214570200486 0.0 0.3159976962098822
-0.1617809733482988 0.0 0.34694041695219924
-0.17651598929733656 0.0 0.37853976062872946
-0.1915191916406921 0.0 0.4107142318838606
-0.2066610955320128 0.0 0.44318614956848845
-0.22209660322584973 0.0 0.4762877026395003
-0.23757621324850578 0.0 0.5094838334598752
-0.25291741549806 0.0 0.5423831478529811
-0.2682507039066927 0.0 0.5752654909594629
-0.2835422321211514 0.0 0.6080582790405369
-0.29872796119797607 0.0 0.6406241801387705
-0.3139190297408871 0.0 0.6732015317589782
-0.32865249665455587 0.0 0.7047975535184396
-0.3432399354119563 0.0 0.7360804168861942
-0.3575454990049753 0.0 0.766758797013213
-0.3716701793924647 0.0 0.7970492718541696
-0.38547708443003237 0.0 0.8266582752580519
-0.3988281089292378 0.0 0.8552896396924907
-0.41200380352221194 0.0 0.8835450079296439
-0.4244777195970295 0.0 0.9102954072779454
-0.43633573049969654 0.0 0.935724993722193
-0.44765266403919496 0.0 0.959994236016594
-0.45828491400298754 0.0 0.9827951696445347
-0.468447476535454 0.0 1.0045888553255202
-0.4778494125882987 0.0 1.024751372257034
-0.48650215064233837 0.0 1.0433072288952785
-0.4943357241281084 0.0 1.0601063814478324
-0.5012693561229351 0.0 1.0749756032450046
-0.5071917432352124 0.0 1.0876762033932201
-0.5122921766257048 0.0 1.098614118096729
-0.5163058551050946 0.0 1.1072214793724808
-0.5187203907606034 0.0 1.1123994677955364
-0.5196292949582124 0.0 1.1143486191373893
-0.5185131485434532 0.0 1.111955035426636
-0.5152065299041072 0.0 1.1048639688710726
-0.5072925112046082 0.0 1.0878923010009551
-0.48651459120294754 0.0 1.0433339077635997
-0.37232504316436443 0.0 0.7984536317449996
-0.35489447055472506 0.0 0.7610736481551836
-0.46905367500632766 0.0 1.0058888521415108
-0.4897690185843296 0.0 1.0503130498052693
-0.4976125096548332 0.0 1.0671334706869195
-0.5009730362136136 0.0 1.07434014314878
-0.5019297276950896 0.0 1.0763917746515979
-0.5010864393813859 0.0 1.0745833370268754
-0.49932928787259895 0.0 1.0708151134558979
-0.4958360559510291 0.0 1.0633238534251466
-0.49150846415857596 0.0 1.0540433028770906
-0.4862177707171944 0.0 1.0426973741777534
-0.47986174590135006 0.0 1.0290668349732444
-0.4725640652752224 0.0 1.013416908366845
-0.46441361196804687 0.0 0.9959382048443169
-0.45541888691254484 0.0 0.9766489547147126
-0.44585899068848894 0.0 0.9561476911028713
-0.4355590178986415 0.0 0.9340593281739834
-0.4245970188392117 0.0 0.9105512453284169
-0.4130983028806748 0.0 0.8858921693783608
-0.4009794825553617 0.0 0.859903275322315
-0.3882249670807652 0.0 0.8325511286192966
-0.3750966257872459 0.0 0.8043973098605329
-0.3615878939176569 0.0 0.7754277408788912
-0.3478065131738278 0.0 0.7458734744995726
-0.33388257588227094 0.0 0.7160134946170879
-0.3197077143533778 0.0 0.6856154059711118
-0.305380513753735 0.0 0.654890625133649
-0.2907306438717041 0.0 0.6234738777870693
-0.27595207391250864 0.0 0.5917811322343399
-0.2611869908754128 0.0 0.5601173094793898
-0.24636363599235336 0.0 0.5283285223474995
-0.2315260762299286 0.0 0.4965092727535055
-0.21649738484563444 0.0 0.4642801400736842
-0.20158744004121218 0.0 0.4323056602561852
-0.1869231324777947 0.0 0.40085795120195583
-0.1723837601950367 0.0 0.3696781667217164
-0.15802646313020344 0.0 0.3388888438063699
-0.14403802836904273 0.0 0.30889054865396426
-0.13025076182814824 0.0 0.27932366014210613
-0.11688704155697864 0.0 0.25066506953682904
-0.10401645009549311 0.0 0.2230639970766221
-0.09167133963820652 0.0 0.19658982226651608
-0.0798745437978435 0.0 0.17129151194701922
-0.06866099397934415 0.0 0.14724397675776868
-0.058056378378221724 0.0 0.12450230521181797
-0.04806707825760378 0.0 0.10308018197210583
-0.03869944827759116 0.0 0.08299123465119597
-0.02994369348094893 0.0 0.06421445789551193
-0.02166468707499413 0.0 0.0464600713629989
-0.013372612799706382 0.0 0.028677660694265045
-0.013517853456131554 0.0 0.028989130287108172
-0.021960871928463334 0.0 0.04709524183101371
-0.030411973821629506 0.0 0.06521868832684
-0.03936028415728107 0.0 0.084408401768512
-0.04893554373116135 0.0 0.10494261219037367
-0.059169288763409475 0.0 0.1268889492347601
-0.07003513530641702 0.0 0.1501908323434346
-0.08153936858905131 0.0 0.17486174023320025
-0.09363206885295788 0.0 0.20079461963679568
-0.10629820843712401 0.0 0.22795724363117997
-0.11950427479837292 0.0 0.25627774433558675
-0.13325020491898038 0.0 0.2857559866080702
-0.14735214570200486 0.0 0.3159976962098822
-0.1617809733482988 0.0 0.34694041695219924
-0.17651598929733656 0.0 0.37853976062872946
-0.1915191916406921 0.0 0.4107142318838606
-0.2066610955320128 0.0 0.44318614956848845
-0.22209660322584973 0.0 0.4762877026395003
-0.23757621324850578 0.0 0.5094838334598752
-0.25291741549806 0.0 0.5423831478529811
-0.2682507039066927 0.0 0.5752654909594629
-0.2835422321211514 0.0 0.6080582790405369
-0.29872796119797607 0.0 0.6406241801387705
-0.3139190297408871 0.0 0.6732015317589782
-0.32865249665455587 0.0 0.7047975535184396
-0.3432399354119563 0.0 0.7360804168861942
-0.3575454990049753 0.0 0.766758797013213
-0.3716701793924647 0.0 0.7970492718541696
-0.38547708443003237 0.0 0.8266582752580519
-0.3988281089292378 0.0 0.8552896396924907
-0.41200380352221194 0.0 0.8835450079296439
-0.4244777195970295 0.0 0.9102954072779454
-0.43633573049969654 0.0 0.935724993722193
-0.44765266403919496 0.0 0.959994236016594
-0.45828491400298754 0.0 0.9827951696445347
-0.468447476535454 0.0 1.0045888553255202
-0.4778494125882987 0.0 1.024751372257034
-0.48650215064233837 0.0 1.0433072288952785
-0.4943357241281084 0.0 1.0601063814478324
-0.5012693561229351 0.0 1.0749756032450046
-0.5071917432352124 0.0 1.0876762033932201
-0.5122921766257048 0.0 1.098614118096729
-0.5163058551050946 0.0 1.1072214793724808
-0.5187203907606034 0.0 1.1123994677955364
-0.5196292949582124 0.0 1.1143486191373893
-0.5185131485434532 0.0 1.111955035426636
-0.5152065299041072 0.0 1.1048639688710726
-0.5072925112046082 0.0 1.0878923010009551
-0.48651459120294754 0.0 1.0433339077635997
-0.37232504316436443 0.0 0.7984536317449996
-0.35489447055472506 0.0 0.7610736481551836
-0.46905367500632766 0.0 1.0058888521415108
-0.4897690185843296 0.0 1.0503130498052693
-0.4976125096548332 0.0 1.0671334706869195
-0.5009730362136136 0.0 1.07434014314878
-0.5019297276950896 0.0 1.0763917746515979
-0.5010864393813859 0.0 1.0745833370268754
-0.49932928787259895 0.0 1.0708151134558979
-0.4958360559510291 0.0 1.0633238534251466
-0.49150846415857596 0.0 1.0540433028770906
-0.4862177707171944 0.0 1.0426973741777534
-0.47986174590135006 0.0 1.0290668349732444
-0.4725640652752224 0.0 1.013416908366845
-0.46441361196804687 0.0 0.9959382048443169
-0.45541888691254484 0.0 0.9766489547147126
-0.44585899068848894 0.0 0.9561476911028713
-0.4355590178986415 0.0 0.9340593281739834
-0.4245970188392117 0.0 0.9105512453284169
-0.4130983028806748 0.0 0.8858921693783608
-0.4009794825553617 0.0 0.859903275322315
-0.3882249670807652 0.0 0.8325511286192966
-0.3750966257872459 0.0 0.8043973098605329
-0.3615878939176569 0.0 0.7754277408788912
-0.3478065131738278 0.0 0.7458734744995726
-0.33388257588227094 0.0 0.7160134946170879
-0.3197077143533778 0.0 0.6856154059711118
-0.305380513753735 0.0 0.654890625133649
-0.2907306438717041 0.0 0.6234738777870693
-0.27595207391250864 0.0 0.5917811322343399
-0.2611869908754128 0.0 0.5601173094793898
-0.24636363599235336 0.0 0.5283285223474995
-0.2315260762299286 0.0 0.4965092727535055
-0.21649738484563444 0.0 0.4642801400736842
-0.20158744004121218 0.0 0.4323056602561852
-0.1869231324777947 0.0 0.40085795120195583
-0.1723837601950367 0.0 0.3696781667217164
-0.15802646313020344 0.0 0.3388888438063699
-0.14403802836904273 0.0 0.30889054865396426
-0.13025076182814824 0.0 0.27932366014210613
-0.11688704155697864 0.0 0.25066506953682904
-0.10401645009549311 0.0 0.2230639970766221
-0.09167133963820652 0.0 0.19658982226651608
-0.0798745437978435 0.0 0.17129151194701922
-0.06866099397934415 0.0 0.14724397675776868
-0.058056378378221724 0.0 0.12450230521181797
-0.04806707825760378 0.0 0.10308018197210583
-0.03869944827759116 0.0 0.08299123465119597
-0.02994369348094893 0.0 0.06421445789551193
-0.02166468707499413 0.0 0.0464600713629989
-0.013372612799706382 0.0 0.028677660694265045

SCALARS Gamma float
LOOKUP_TABLE default
0.435540646668964
0.6704773550488442
0.8633302861003193
1.0377773967418817
1.2011056764513701
1.356895177795704
1.5070917509450146
1.652193950405706
1.7930040238041145
1.929555633335733
2.062079132399502
2.1906837524326024
2.3162464622637744
2.4374531100482235
2.55344599672089
2.6640418381820674
2.7694337211506292
2.8685893365226374
2.963222581317673
3.0528987139294386
3.1355041315346615
3.2111714526370747
3.280410634641934
3.3433007998988864
3.401856328326991
3.4533609600098316
3.498737190396211
3.5380150647923534
3.5725373474667084
3.6025948110671986
3.6270196632750364
3.6483382622786866
3.6642273477409355
3.6736687164405573
3.677393121123975
3.6749314324712374
3.6685115509930952
3.657461160974576
3.6416035899221058
3.6207786165012186
3.5947537138480725
3.5626573222534175
3.5268328798522965
3.487540996513197
3.4404038206059844
3.3864463086559384
3.324568511030521
3.2618403585805087
3.1993704028487198
3.1420686593041705
3.1418663452014353
3.198718521801041
3.2606274250559095
3.3224288386782965
3.381357987240514
3.4364759900108224
3.4889515777437508
3.5321714455447233
3.5731988512358077
3.608353645055758
3.6367877643456783
3.6594930618495973
3.676812748193522
3.689031757082354
3.6968386216873466
3.698379301272405
3.694180351487187
3.6841169180256212
3.6673563365798043
3.644766073309179
3.6179637282696637
3.586639812542426
3.5512481865337118
3.5113826752251334
3.4656688885027007
3.4140952526590995
3.3559965770609015
3.2928674665619693
3.224293679470602
3.148865279039236
3.0663995823333705
2.9768464135653954
2.882715556234799
2.78330730544095
2.677346978666075
2.565763682440578
2.4491889058452148
2.3267094650368927
2.2008363231620915
2.0714435518352072
1.9382539849274234
1.8010747790072124
1.659805298325988
1.5140696234555444
1.3632315164514226
1.206571521533859
1.0425934444459066
0.8674572565808075
0.6737256477592776
0.4376955228273646
0.435540646668964
0.6704773550488442
0.8633302861003193
1.0377773967418817
1.2011056764513701
1.356895177795704
1.5070917509450146
1.652193950405706
1.7930040238041145
1.929555633335733
2.062079132399502
2.1906837524326024
2.3162464622637744
2.4374531100482235
2.55344599672089
2.6640418381820674
2.7694337211506292
2.8685893365226374
2.963222581317673
3.0528987139294386
3.1355041315346615
3.2111714526370747
3.280410634641934
3.3433007998988864
3.401856328326991
3.4533609600098316
3.498737190396211
3.5380150647923534
3.5725373474667084
3.6025948110671986
3.6270196632750364
3.6483382622786866
3.6642273477409355
3.6736687164405573
3.677393121123975
3.6749314324712374
3.6685115509930952
3.657461160974576
3.6416035899221058
3.6207786165012186
3.5947537138480725
3.5626573222534175
3.5268328798522965
3.487540996513197
3.4404038206059844
3.3864463086559384
3.324568511030521
3.2618403585805087
3.1993704028487198
3.1420686593041705
3.1418663452014353
3.198718521801041
3.2606274250559095
3.3224288386782965
3.381357987240514
3.4364759900108224
3.4889515777437508
3.5321714455447233
3.5731988512358077
3.608353645055758
3.6367877643456783
3.6594930618495973
3.676812748193522
3.689031757082354
3.6968386216873466
3.698379301272405
3.694180351487187
3.6841169180256212
3.6673563365798043
3.644766073309179
3.6179637282696637
3.586639812542426
3.5512481865337118
3.5113826752251334
3.4656688885027007
3.4140952526590995
3.3559965770609015
3.2928674665619693
3.224293679470602
3.148865279039236
3.0663995823333705
2.9768464135653954
2.882715556234799
2.78330730544095
2.677346978666075
2.565763682440578
2.4491889058452148
2.3267094650368927
2.2008363231620915
2.0714435518352072
1.9382539849274234
1.8010747790072124
1.659805298325988
1.5140696234555444
1.3632315164514226
1.206571521533859
1.0425934444459066
0.8674572565808075
0.6737256477592776
0.4376955228273646

VECTORS Vvpm float
0.09155535697937012 0.15269306302070618 -0.25673770904541016
0.09029759466648102 0.1551094353199005 -0.2266936302185059
0.09077006578445435 0.15405263006687164 -0.23870258033275607
0.08986346423625946 0.15624159574508667 -0.2151321768760681
0.09025812149047852 0.1551893800497055 -0.2258083075284958
0.09105442464351654 0.15349045395851135 -0.24567337334156036
0.09127423167228699 0.15309050679206848 -0.25093919038772583
0.09277103841304779 0.15126271545886993 -0.2810773253440857
0.09401379525661469 0.1504177302122116 -0.3016091585159302
0.09619174897670746 0.14969851076602936 -0.3317583203315735
0.09881183505058289 0.14954456686973572 -0.3615283668041229
0.10244303941726683 0.1499626338481903 -0.39616888761520386
0.10001462697982788 0.14962328970432281 -0.373687207698822
0.09821027517318726 0.1495341807603836 -0.35519587993621826
0.09815491735935211 0.1495346873998642 -0.35459208488464355
0.09887641668319702 0.14954525232315063 -0.3622710704803467
0.09808933734893799 0.14953327178955078 -0.3538770377635956
0.10101120173931122 0.14973372220993042 -0.3832784593105316
0.09950484335422516 0.14957839250564575 -0.36861997842788696
0.0954785943031311 0.1498512327671051 -0.32253745198249817
0.09481349587440491 0.15005911886692047 -0.3134258985519409
0.09524902701377869 0.14991727471351624 -0.31941157579421997
0.09569263458251953 0.14980091154575348 -0.3252667188644409
0.09747186303138733 0.1495528221130371 -0.3468635678291321
0.09457233548164368 0.15015555918216705 -0.30986136198043823
0.0949084460735321 0.1500295102596283 -0.3146253824234009
0.0952489823102951 0.1499204784631729 -0.319293737411499
0.09678727388381958 0.1496121734380722 -0.3388115465641022
0.09718732535839081 0.14957351982593536 -0.3435019850730896
0.09623737633228302 0.1496925950050354 -0.332076758146286
0.09774419665336609 0.14953115582466125 -0.3500220477581024
0.09511744976043701 0.14994513988494873 -0.3176414966583252
0.09371176362037659 0.15056449174880981 -0.2969295084476471
0.09394671022891998 0.1504339724779129 -0.3005875051021576
0.09418398141860962 0.15031442046165466 -0.3041883409023285
0.096286341547966 0.1496669501066208 -0.33284544944763184
0.0965726226568222 0.1496245563030243 -0.3363420367240906
0.09686066210269928 0.14959044754505157 -0.33978211879730225
0.09714984893798828 0.14956343173980713 -0.3431636095046997
0.09744003415107727 0.14954333007335663 -0.3464861810207367
0.09772972762584686 0.14953023195266724 -0.3497465252876282
0.10039651393890381 0.14964458346366882 -0.37728944420814514
0.10074958205223083 0.14968617260456085 -0.38064631819725037
0.09728854894638062 0.14955264329910278 -0.34468504786491394
0.0975421667098999 0.14953738451004028 -0.3475726842880249
0.09779684245586395 0.14952725172042847 -0.35042327642440796
0.10357946157455444 0.1501617133617401 -0.4058852791786194
0.10391736030578613 0.15023387968540192 -0.4087066948413849
0.1036251038312912 0.1501726508140564 -0.40628924965858465
0.11036226153373718 0.15197639167308807 -0.4574201703071594
0.11038175225257874 0.15198305249214172 -0.457557737827301
0.1036766469478607 0.15018612146377563 -0.40673691034317017
0.10396756231784822 0.15024779736995697 -0.40914231538772583
0.10362738370895386 0.15017488598823547 -0.406311720609665
0.10328571498394014 0.15010428428649902 -0.4034338891506195
0.10294277966022491 0.1500362753868103 -0.40050798654556274
0.09730955958366394 0.1495528519153595 -0.3449496924877167
0.1007765531539917 0.1496921330690384 -0.38090041279792786
0.09711691737174988 0.1495743989944458 -0.3426554799079895
0.09517942368984222 0.14993980526924133 -0.3182911276817322
0.09493134915828705 0.15002015233039856 -0.31486910581588745
0.09468439221382141 0.15011022984981537 -0.3113895654678345
0.0944400280714035 0.15020966529846191 -0.30785614252090454
0.0941978394985199 0.15031950175762177 -0.30426955223083496
0.09268495440483093 0.15134625136852264 -0.2792811691761017
0.09248599410057068 0.15153354406356812 -0.2756355404853821
0.09228940308094025 0.15173391997814178 -0.2719360589981079
0.09209515154361725 0.1519477665424347 -0.268186092376709
0.09321306645870209 0.15091070532798767 -0.28860408067703247
0.0953589528799057 0.149885892868042 -0.3208470940589905
0.09627339243888855 0.14968958497047424 -0.33252978324890137
0.09722432494163513 0.14957298338413239 -0.34393882751464844
0.09682175517082214 0.14961063861846924 -0.3392336666584015
0.09527537226676941 0.14991557598114014 -0.3196723163127899
0.09493313729763031 0.15002349019050598 -0.314990371465683
0.09459523856639862 0.15014870464801788 -0.3102124333381653
0.0961819738149643 0.14970523118972778 -0.33148592710494995
0.09572966396808624 0.14979615807533264 -0.32575273513793945
0.09398570656776428 0.1504364013671875 -0.301106333732605
0.09359666705131531 0.1506575495004654 -0.29500603675842285
0.09416940808296204 0.15033935010433197 -0.3039669096469879
0.09784902632236481 0.14954395592212677 -0.3511205017566681
0.09722241759300232 0.14957591891288757 -0.34406110644340515
0.09513479471206665 0.1499607115983963 -0.317833811044693
0.09592625498771667 0.14975742995738983 -0.32831764221191406
0.09668850898742676 0.1496313512325287 -0.3377906382083893
0.09572705626487732 0.1498015820980072 -0.32576432824134827
0.10035862028598785 0.14966128766536713 -0.3770340085029602
0.1000330001115799 0.14962905645370483 -0.37383270263671875
0.09773232042789459 0.14954951405525208 -0.34983015060424805
0.09530806541442871 0.14990608394145966 -0.3202601671218872
0.09340545535087585 0.150784432888031 -0.29188674688339233
0.09170211851596832 0.1524529904127121 -0.26024121046066284
0.09048371016979218 0.15463119745254517 -0.23188354074954987
0.09008893370628357 0.15562351047992706 -0.22130323946475985
0.08996579051017761 0.15594981610774994 -0.21801267564296725
0.08925580978393555 0.15813949704170227 -0.19801191985607147
0.08977976441383362 0.15650799870491028 -0.2126565724611282
0.08939215540885925 0.15770381689071655 -0.20178931951522827
0.09033079445362091 0.15504218637943268 -0.2274913638830185
0.09155535697937012 0.15269306302070618 -0.25673770904541016
0.09029759466648102 0.1551094353199005 -0.2266936302185059
0.09077006578445435 0.15405263006687164 -0.23870258033275607
0.08986346423625946 0.15624159574508667 -0.2151321768760681
0.09025812149047852 0.1551893800497055 -0.2258083075284958
0.09105442464351654 0.15349045395851135 -0.24567337334156036
0.09127423167228699 0.15309050679206848 -0.25093919038772583
0.09277103841304779 0.15126271545886993 -0.2810773253440857
0.09401379525661469 0.1504177302122116 -0.3016091585159302
0.09619174897670746 0.14969851076602936 -0.3317583203315735
0.09881183505058289 0.14954456686973572 -0.3615283668041229
0.10244303941726683 0.1499626338481903 -0.39616888761520386
0.10001462697982788 0.14962328970432281 -0.373687207698822
0.09821027517318726 0.1495341807603836 -0.35519587993621826
0.09815491735935211 0.1495346873998642 -0.35459208488464355
0.09887641668319702 0.14954525232315063 -0.3622710704803467
0.09808933734893799 0.14953327178955078 -0.3538770377635956
0.10101120173931122 0.14973372220993042 -0.3832784593105316
0.09950484335422516 0.14957839250564575 -0.36861997842788696
0.0954785943031311 0.1498512327671051 -0.32253745198249817
0.09481349587440491 0.15005911886692047 -0.3134258985519409
0.09524902701377869 0.14991727471351624 -0.31941157579421997
0.09569263458251953 0.14980091154575348 -0.3252667188644409
0.09747186303138733 0.1495528221130371 -0.3468635678291321
0.09457233548164368 0.15015555918216705 -0.30986136198043823
0.0949084460735321 0.1500295102596283 -0.3146253824234009
0.0952489823102951 0.1499204784631729 -0.319293737411499
0.09678727388381958 0.1496121734380722 -0.3388115465641022
0.09718732535839081 0.14957351982593536 -0.3435019850730896
0.09623737633228302 0.1496925950050354 -0.332076758146286
0.09774419665336609 0.14953115582466125 -0.3500220477581024
0.09511744976043701 0.14994513988494873 -0.3176414966583252
0.09371176362037659 0.15056449174880981 -0.2969295084476471
0.09394671022891998 0.1504339724779129 -0.3005875051021576
0.09418398141860962 0.15031442046165466 -0.3041883409023285
0.096286341547966 0.1496669501066208 -0.33284544944763184
0.0965726226568222 0.1496245563030243 -0.3363420367240906
0.09686066210269928 0.14959044754505157 -0.33978211879730225
0.09714984893798828 0.14956343173980713 -0.3431636095046997
0.09744003415107727 0.14954333007335663 -0.3464861810207367
0.09772972762584686 0.14953023195266724 -0.3497465252876282
0.10039651393890381 0.14964458346366882 -0.37728944420814514
0.10074958205223083 0.14968617260456085 -0.38064631819725037
0.09728854894638062 0.14955264329910278 -0.34468504786491394
0.0975421667098999 0.14953738451004028 -0.3475726842880249
0.09779684245586395 0.14952725172042847 -0.35042327642440796
0.10357946157455444 0.1501617133617401 -0.4058852791786194
0.10391736030578613 0.15023387968540192 -0.4087066948413849
0.1036251038312912 0.1501726508140564 -0.40628924965858465
0.11036226153373718 0.15197639167308807 -0.4574201703071594
0.11038175225257874 0.15198305249214172 -0.457557737827301
0.1036766469478607 0.15018612146377563 -0.40673691034317017
0.10396756231784822 0.15024779736995697 -0.40914231538772583
0.10362738370895386 0.15017488598823547 -0.406311720609665
0.10328571498394014 0.15010428428649902 -0.4034338891506195
0.10294277966022491 0.1500362753868103 -0.40050798654556274
0.09730955958366394 0.1495528519153595 -0.3449496924877167
0.1007765531539917 0.1496921330690384 -0.38090041279792786
0.09711691737174988 0.1495743989944458 -0.3426554799079895
0.09517942368984222 0.14993980526924133 -0.3182911276817322
0.09493134915828705 0.15002015233039856 -0.31486910581588745
0.09468439221382141 0.15011022984981537 -0.3113895654678345
0.0944400280714035 0.15020966529846191 -0.30785614252090454
0.0941978394985199 0.15031950175762177 -0.30426955223083496
0.09268495440483093 0.15134625136852264 -0.2792811691761017
0.09248599410057068 0.15153354406356812 -0.2756355404853821
0.09228940308094025 0.15173391997814178 -0.2719360589981079
0.09209515154361725 0.1519477665424347 -0.268186092376709
0.09321306645870209 0.15091070532798767 -0.28860408067703247
0.0953589528799057 0.149885892868042 -0.3208470940589905
0.09627339243888855 0.14968958497047424 -0.33252978324890137
0.09722432494163513 0.14957298338413239 -0.34393882751464844
0.09682175517082214 0.14961063861846924 -0.3392336666584015
0.09527537226676941 0.14991557598114014 -0.3196723163127899
0.09493313729763031 0.15002349019050598 -0.314990371465683
0.09459523856639862 0.15014870464801788 -0.3102124333381653
0.0961819738149643 0.14970523118972778 -0.33148592710494995
0.09572966396808624 0.14979615807533264 -0.32575273513793945
0.09398570656776428 0.1504364013671875 -0.301106333732605
0.09359666705131531 0.1506575495004654 -0.29500603675842285
0.09416940808296204 0.15033935010433197 -0.3039669096469879
0.09784902632236481 0.14954395592212677 -0.3511205017566681
0.09722241759300232 0.14957591891288757 -0.34406110644340515
0.09513479471206665 0.1499607115983963 -0.317833811044693
0.09592625498771667 0.14975742995738983 -0.32831764221191406
0.09668850898742676 0.1496313512325287 -0.3377906382083893
0.09572705626487732 0.1498015820980072 -0.32576432824134827
0.10035862028598785 0.14966128766536713 -0.3770340085029602
0.1000330001115799 0.14962905645370483 -0.37383270263671875
0.09773232042789459 0.14954951405525208 -0.34983015060424805
0.09530806541442871 0.14990608394145966 -0.3202601671218872
0.09340545535087585 0.150784432888031 -0.29188674688339233
0.09170211851596832 0.1524529904127121 -0.26024121046066284
0.09048371016979218 0.15463119745254517 -0.23188354074954987
0.09008893370628357 0.15562351047992706 -0.22130323946475985
0.08996579051017761 0.15594981610774994 -0.21801267564296725
0.08925580978393555 0.15813949704170227 -0.19801191985607147
0.08977976441383362 0.15650799870491028 -0.2126565724611282
0.08939215540885925 0.15770381689071655 -0.20178931951522827
0.09033079445362091 0.15504218637943268 -0.2274913638830185

VECTORS Vvpm_BBp float
0.0995091050863266 0.1495620757341385 -0.3685920834541321
0.1045933812856674 0.15039120614528656 -0.4142603874206543
0.10798366367816925 0.15127350389957428 -0.4404116570949554
0.1123209297657013 0.15261006355285645 -0.4706379175186157
0.11347626149654388 0.15299326181411743 -0.4782319664955139
0.12068904936313629 0.1555519551038742 -0.5223361253738403
0.12150664627552032 0.15585598349571228 -0.5270439982414246
0.1281401813030243 0.15838885307312012 -0.563568115234375
0.1317356377840042 0.15979784727096558 -0.5823125839233398
0.13323456048965454 0.160391166806221 -0.5899519920349121
0.13108088076114655 0.1595369130373001 -0.5789408683776855
0.13360290229320526 0.16053710877895355 -0.5918211340904236
0.13151861727237701 0.15970934927463531 -0.5812047719955444
0.13022640347480774 0.15919777750968933 -0.5745161771774292
0.12721531093120575 0.15802061557769775 -0.5586165189743042
0.1280156821012497 0.1583293080329895 -0.5628761649131775
0.1303914487361908 0.15925820171833038 -0.5753601789474487
0.12985184788703918 0.15904511511325836 -0.5725475549697876
0.1305357962846756 0.15931212902069092 -0.5760968923568726
0.12573468685150146 0.1574396789073944 -0.5505861639976501
0.12497332692146301 0.15714527666568756 -0.5464078783988953
0.125593364238739 0.1573815643787384 -0.5497902035713196
0.12453961372375487 0.1569778472185135 -0.544012188911438
0.12223711609840392 0.15610460937023163 -0.5311233401298523
0.12277980148792267 0.1563078761100769 -0.5341876149177551
0.12942516803741455 0.15886513888835907 -0.57027667760849
0.12844736874103546 0.1584804207086563 -0.5651124715805054
0.12769925594329834 0.15818770229816437 -0.561133861541748
0.1281825602054596 0.15837478637695312 -0.5636998414993286
0.1224980503320694 0.15619319677352905 -0.5325764417648315
0.12299896776676178 0.15638035535812378 -0.535389244556427
0.12349209189414978 0.1565653681755066 -0.5381423234939575
0.11681546270847319 0.15410661697387695 -0.4991489052772522
0.11724452674388885 0.15425845980644226 -0.5017635226249695
0.11767002940177917 0.154410257935524 -0.5043405890464783
0.11809132993221284 0.15456148982048035 -0.5068781971931458
0.11850903928279877 0.15471194684505463 -0.509377658367157
0.11892297863960266 0.1548616886138916 -0.5118380784988403
0.11677090823650361 0.1540864259004593 -0.49883949756622314
0.11721456050872804 0.15424424409866333 -0.5015518069267273
0.11549702286720276 0.15363754332065582 -0.4909387230873108
0.12488311529159546 0.15708114206790924 -0.545837938785553
0.1252519190311432 0.15722227096557617 -0.5478608012199402
0.12561605870723724 0.15736190974712372 -0.5498493313789368
0.12597551941871643 0.15749992430210114 -0.5518037676811218
0.12633027136325836 0.15763632953166962 -0.5537246465682983
0.1266801357269287 0.15777108073234558 -0.5556125044822693
0.12177051603794098 0.15589609742164612 -0.5283801555633545
0.12611518800258636 0.15755559504032135 -0.5525708198547363
0.1392618715763092 0.16275566816329956 -0.6196398138999939
0.1261151134967804 0.15755654871463776 -0.552570104598999
0.12177175283432005 0.15589816868305206 -0.5283787250518799
0.12667948007583618 0.15777231752872467 -0.5556111931800842
0.1263291984796524 0.1576373428106308 -0.5537227988243103
0.1259743720293045 0.15750111639499664 -0.5518019199371338
0.12561489641666412 0.1573628932237625 -0.5498473644256592
0.1252516508102417 0.1572231501340866 -0.5478599667549133
0.12488383054733276 0.15708176791667938 -0.5458378195762634
0.11549724638462068 0.1536390632390976 -0.4909377098083496
0.11721472442150116 0.1542450487613678 -0.5015512704849243
0.11677120625972746 0.15408726036548615 -0.4988393783569336
0.1189238578081131 0.15486274659633636 -0.511837899684906
0.1185101866722107 0.15471306443214417 -0.5093777179718018
0.11809249222278595 0.15456236898899078 -0.5068783164024353
0.11767123639583588 0.154411181807518 -0.504340648651123
0.11724570393562317 0.15425942838191986 -0.5017638206481934
0.11681662499904633 0.15410760045051575 -0.49914878606796265
0.12349410355091095 0.15656691789627075 -0.5381418466567993
0.12300056219100952 0.1563820242881775 -0.5353885889053345
0.12249943614006042 0.15619473159313202 -0.5325754880905151
0.12818288803100586 0.15837562084197998 -0.5636991262435913
0.12769916653633118 0.15818843245506287 -0.5611331462860107
0.12844671308994293 0.15848112106323242 -0.5651118755340576
0.12942487001419067 0.15886583924293518 -0.5702759027481079
0.12277911603450774 0.15630905330181122 -0.5341861248016357
0.12223646044731139 0.15610574185848236 -0.5311219692230225
0.12453977763652802 0.15697915852069855 -0.5440111756324768
0.12559391558170319 0.15738292038440704 -0.549789309501648
0.12497416138648985 0.15714675188064575 -0.5464070439338684
0.12573611736297607 0.1574408859014511 -0.5505855083465576
0.13053685426712036 0.15931282937526703 -0.576096773147583
0.129852756857872 0.15904586017131805 -0.572547197341919
0.13039280474185944 0.15925906598567963 -0.5753601789474487
0.12801706790924072 0.15833093225955963 -0.5628754496574402
0.12721671164035797 0.15802210569381714 -0.5586159825325012
0.13022759556770325 0.15919895470142365 -0.5745155215263367
0.13152001798152924 0.15971055626869202 -0.5812044143676758
0.13360489904880524 0.16053834557533264 -0.5918208360671997
0.13108272850513458 0.1595386266708374 -0.5789399743080139
0.133236363530159 0.16039253771305084 -0.5899515151977539
0.13173729181289673 0.1597990095615387 -0.5823124051094055
0.12814128398895264 0.1583893895149231 -0.5635680556297302
0.1215067207813263 0.15585656464099884 -0.5270437002182007
0.12068809568881987 0.15555188059806824 -0.5223362445831299
0.1134745180606842 0.15299323201179504 -0.4782314896583557
0.11231847107410431 0.1526092290878296 -0.47063779830932617
0.10798099637031557 0.15127240121364594 -0.44041174650192255
0.10458989441394805 0.15038929879665375 -0.4142603576183319
0.09950506687164307 0.14956000447273254 -0.3685912787914276
0.09955811500549316 0.14957794547080994 -0.3691248595714569
0.0995091050863266 0.1495620757341385 -0.3685920834541321
0.1045933812856674 0.15039120614528656 -0.4142603874206543
0.10798366367816925 0.15127350389957428 -0.4404116570949554
0.1123209297657013 0.15261006355285645 -0.4706379175186157
0.11347626149654388 0.15299326181411743 -0.4782319664955139
0.12068904936313629 0.1555519551038742 -0.5223361253738403
0.12150664627552032 0.15585598349571228 -0.5270439982414246
0.1281401813030243 0.15838885307312012 -0.563568115234375
0.1317356377840042 0.15979784727096558 -0.5823125839233398
0.13323456048965454 0.160391166806221 -0.5899519920349121
0.13108088076114655 0.1595369130373001 -0.5789408683776855
0.13360290229320526 0.16053710877895355 -0.5918211340904236
0.13151861727237701 0.15970934927463531 -0.5812047719955444
0.13022640347480774 0.15919777750968933 -0.5745161771774292
0.12721531093120575 0.15802061557769775 -0.5586165189743042
0.1280156821012497 0.1583293080329895 -0.5628761649131775
0.1303914487361908 0.15925820171833038 -0.5753601789474487
0.12985184788703918 0.15904511511325836 -0.5725475549697876
0.1305357962846756 0.15931212902069092 -0.5760968923568726
0.12573468685150146 0.1574396789073944 -0.5505861639976501
0.12497332692146301 0.15714527666568756 -0.5464078783988953
0.125593364238739 0.1573815643787384 -0.5497902035713196
0.12453961372375487 0.1569778472185135 -0.544012188911438
0.12223711609840392 0.15610460937023163 -0.5311233401298523
0.12277980148792267 0.1563078761100769 -0.5341876149177551
0.12942516803741455 0.15886513888835907 -0.57027667760849
0.12844736874103546 0.1584804207086563 -0.5651124715805054
0.12769925594329834 0.15818770229816437 -0.561133861541748
0.1281825602054596 0.15837478637695312 -0.5636998414993286
0.1224980503320694 0.15619319677352905 -0.5325764417648315
0.12299896776676178 0.15638035535812378 -0.535389244556427
0.12349209189414978 0.1565653681755066 -0.5381423234939575
0.11681546270847319 0.15410661697387695 -0.4991489052772522
0.11724452674388885 0.15425845980644226 -0.5017635226249695
0.11767002940177917 0.154410257935524 -0.5043405890464783
0.11809132993221284 0.15456148982048035 -0.5068781971931458
0.11850903928279877 0.15471194684505463 -0.509377658367157
0.11892297863960266 0.1548616886138916 -0.5118380784988403
0.11677090823650361 0.1540864259004593 -0.49883949756622314
0.11721456050872804 0.15424424409866333 -0.5015518069267273
0.11549702286720276 0.15363754332065582 -0.4909387230873108
0.12488311529159546 0.15708114206790924 -0.545837938785553
0.1252519190311432 0.15722227096557617 -0.5478608012199402
0.12561605870723724 0.15736190974712372 -0.5498493313789368
0.12597551941871643 0.15749992430210114 -0.5518037676811218
0.12633027136325836 0.15763632953166962 -0.5537246465682983
0.1266801357269287 0.15777108073234558 -0.5556125044822693
0.12177051603794098 0.15589609742164612 -0.5283801555633545
0.12611518800258636 0.15755559504032135 -0.5525708198547363
0.1392618715763092 0.16275566816329956 -0.6196398138999939
0.1261151134967804 0.15755654871463776 -0.552570104598999
0.12177175283432005 0.15589816868305206 -0.5283787250518799
0.12667948007583618 0.15777231752872467 -0.5556111931800842
0.1263291984796524 0.1576373428106308 -0.5537227988243103
0.1259743720293045 0.15750111639499664 -0.5518019199371338
0.12561489641666412 0.1573628932237625 -0.5498473644256592
0.1252516508102417 0.1572231501340866 -0.5478599667549133
0.12488383054733276 0.15708176791667938 -0.5458378195762634
0.11549724638462068 0.1536390632390976 -0.4909377098083496
0.11721472442150116 0.1542450487613678 -0.5015512704849243
0.11677120625972746 0.15408726036548615 -0.4988393783569336
0.1189238578081131 0.15486274659633636 -0.511837899684906
0.1185101866722107 0.15471306443214417 -0.5093777179718018
0.11809249222278595 0.15456236898899078 -0.5068783164024353
0.11767123639583588 0.154411181807518 -0.504340648651123
0.11724570393562317 0.15425942838191986 -0.5017638206481934
0.11681662499904633 0.15410760045051575 -0.49914878606796265
0.12349410355091095 0.15656691789627075 -0.5381418466567993
0.12300056219100952 0.1563820242881775 -0.5353885889053345
0.12249943614006042 0.15619473159313202 -0.5325754880905151
0.12818288803100586 0.15837562084197998 -0.5636991262435913
0.12769916653633118 0.15818843245506287 -0.5611331462860107
0.12844671308994293 0.15848112106323242 -0.5651118755340576
0.12942487001419067 0.15886583924293518 -0.5702759027481079
0.12277911603450774 0.15630905330181122 -0.5341861248016357
0.12223646044731139 0.15610574185848236 -0.5311219692230225
0.12453977763652802 0.15697915852069855 -0.5440111756324768
0.12559391558170319 0.15738292038440704 -0.549789309501648
0.12497416138648985 0.15714675188064575 -0.5464070439338684
0.12573611736297607 0.1574408859014511 -0.5505855083465576
0.13053685426712036 0.15931282937526703 -0.576096773147583
0.129852756857872 0.15904586017131805 -0.572547197341919
0.13039280474185944 0.15925906598567963 -0.5753601789474487
0.12801706790924072 0.15833093225955963 -0.5628754496574402
0.12721671164035797 0.15802210569381714 -0.5586159825325012
0.13022759556770325 0.15919895470142365 -0.5745155215263367
0.13152001798152924 0.15971055626869202 -0.5812044143676758
0.13360489904880524 0.16053834557533264 -0.5918208360671997
0.13108272850513458 0.1595386266708374 -0.5789399743080139
0.133236363530159 0.16039253771305084 -0.5899515151977539
0.13173729181289673 0.1597990095615387 -0.5823124051094055
0.12814128398895264 0.1583893895149231 -0.5635680556297302
0.1215067207813263 0.15585656464099884 -0.5270437002182007
0.12068809568881987 0.15555188059806824 -0.5223362445831299
0.1134745180606842 0.15299323201179504 -0.4782314896583557
0.11231847107410431 0.1526092290878296 -0.47063779830932617
0.10798099637031557 0.15127240121364594 -0.44041174650192255
0.10458989441394805 0.15038929879665375 -0.4142603576183319
0.09950506687164307 0.14956000447273254 -0.3685912787914276
0.09955811500549316 0.14957794547080994 -0.3691248595714569

VECTORS ftot float
-5.727234395687472 -9.208046332665832 5.128034921851229
-7.553641390115969 -11.0344444945646 7.181319020769716
-8.502472832134968 -11.983261448616627 8.866799140169814
-9.112029381377956 -12.59286744936688 10.3914445967728
-9.555686578611347 -13.03654583618648 11.818900210973103
-9.89417337750157 -13.375056653542048 13.180468306291539
-10.140108316580793 -13.62100289339744 14.493150622808065
-10.335132087460705 -13.816028191390455 15.761305226841932
-10.471807964765743 -13.952785902894258 16.991970627665225
-10.571426575432357 -14.0523882618651 18.18538815019143
-10.637707853776522 -14.118644340622852 19.34359934885051
-10.688415373035399 -14.16935704456945 20.467567666780756
-10.651446186402158 -14.132378088588137 21.564949014995715
-10.564323755519016 -14.045248125696977 22.624260525363248
-10.45628763451439 -13.937203651215768 23.638005875458685
-10.335664070735675 -13.816570197186405 24.604581393562626
-10.174067554683278 -13.654993470457532 25.5256776709727
-10.05585415230984 -13.536770177894514 26.392269362222727
-9.886618578236963 -13.367524948843446 27.21933699470371
-9.64087924180113 -13.121783498805348 28.003081750965
-9.412768691509314 -12.893660708359965 28.725031836576434
-9.204219606794428 -12.685105501003235 29.386343603611653
-9.002031374354814 -12.48291208690372 29.991474765636358
-8.843085149887457 -12.32398317701362 30.5411123749183
-8.591418490165493 -12.072319232878646 31.052871968791028
-8.384033296529708 -11.864929563231314 31.50300699548675
-8.182918119845672 -11.663809674842755 31.89958203185802
-8.018516522943962 -11.499401721451253 32.24286031419549
-7.845051453531301 -11.325930765383466 32.54457666359034
-7.638618840695321 -11.119483794173519 32.80727190364529
-7.484303779834766 -10.96531782767465 33.02073577433648
-7.241839780275856 -10.722847118894204 33.207055229782746
-6.981950647985246 -10.462975314295099 33.34592264782562
-6.746134909293662 -10.227157455926513 33.42843751852764
-6.503530601956663 -9.984550321356961 33.46098771102948
-6.307190427399652 -9.788207673823155 33.439472352250284
-6.073151060223531 -9.5542531102847 33.383346448178486
-5.823661468664929 -9.304757278631898 33.28676969067145
-5.558281411425458 -9.039370862791694 33.148179627546554
-5.27492548636951 -8.756009169083022 32.96617606059359
-4.968791098092298 -8.449871715248419 32.738724771831784
-4.691434876844756 -8.172511837895838 32.45820781465497
-4.36670278348366 -7.8477740915116145 32.14511249356896
-3.925732421383004 -7.406798783583606 31.80171367152513
-3.4743139258238895 -6.955374399666427 31.389748327458957
-2.9332428431217084 -6.414297781904389 30.918175213953813
-2.3141542650444444 -5.795202493894086 30.37738276330013
-1.1870740711736993 -4.668117118858555 29.829157511830424
1.47997628027685 -2.0010898416822465 29.28318821765553
15.659818552226291 12.178590478095515 28.782382021825043
15.654035140321298 -12.172807304648593 27.77408468256569
1.470705250854936 2.010359449528052 28.252665435938216
-1.1993827907012107 4.6804244169342235 28.77390304684224
-2.333309227246013 5.814356506266746 29.294228766506976
-3.0096830934639796 6.490737436433571 29.79037015530841
-3.497781999019127 6.978841641594678 30.254426467371275
-3.8445534350011803 7.325618612395359 30.69623423038893
-4.283253839846854 7.764324198400572 31.060114419166112
-4.5622446888378745 8.043320464960951 31.405537526377763
-4.868466667646368 8.349545628728817 31.70152134267286
-5.192414317717747 8.673496697416338 31.940919812812414
-5.493177977205104 8.974266715205399 32.13208164740356
-5.775230116826743 9.256324506589541 32.277900088189725
-6.0394781911747115 9.520578938996598 32.38077444494996
-6.266844145703967 9.747859378700227 32.44645992670377
-6.529414336535889 10.010432396285847 32.459430641942994
-6.7810499204868755 10.2620706891442 32.42407876680075
-7.028868697887355 10.509892176169343 32.33935234129757
-7.302087590431936 10.783093862279339 32.19821631101708
-7.5610106482557935 11.042023512852337 32.00801962940688
-7.763042549362713 11.243907263279588 31.78234946064065
-7.9545641912275205 11.435442791000261 31.518610308001225
-8.117474007798059 11.598358258234859 31.220634272966958
-8.27247273733123 11.753363462698804 30.88499147764482
-8.464412859703424 11.945308178928604 30.500113472410796
-8.661726588437293 12.142626029837173 30.065899087733445
-8.889197477449217 12.37009514817685 29.57673872548518
-9.06843610007985 12.549316100668113 29.045222768273113
-9.240520405003274 12.721405587786917 28.467878810780867
-9.456147416277872 12.937038367806435 27.832822111383862
-9.689003775704748 13.169907084337794 27.138511090179872
-9.93858724649268 13.419492670515607 26.38452962938046
-10.09160751642207 13.572522595302985 25.592012610620525
-10.232972821790305 13.713898026850151 24.755064680999475
-10.411840805106626 13.892745866770152 23.86294093707243
-10.55710084708739 14.038016623446131 22.923488255413726
-10.656281007071836 14.137204784202687 21.942005959234812
-10.77455115849784 14.25548258697346 20.910813869780974
-10.781923509134295 14.262865297499737 19.851050927350006
-10.744229847398257 14.22516621437006 18.76165053712553
-10.676328683168457 14.157289658345938 17.640294987917436
-10.57590082687599 14.056877935722522 16.48535046306626
-10.431972585155945 13.912867622750067 15.295943537114443
-10.241018685031177 13.721911839650637 14.068954058479239
-9.994484235418687 13.475366561125421 12.79900296500282
-9.662998069362285 13.14385590379564 11.480029220671698
-9.211099716591821 12.691936361563215 10.09944278693912
-8.597520293300999 12.078307722291596 8.624898671071247
-7.64615729843468 11.126958626038444 6.993818848728671
-5.80793465907427 9.28874446388376 5.006611873563914
-5.727234395687472 -9.208046332665832 5.128034921851229
-7.553641390115969 -11.0344444945646 7.181319020769716
-8.502472832134968 -11.983261448616627 8.866799140169814
-9.112029381377956 -12.59286744936688 10.3914445967728
-9.555686578611347 -13.03654583618648 11.818900210973103
-9.89417337750157 -13.375056653542048 13.180468306291539
-10.140108316580793 -13.62100289339744 14.493150622808065
-10.335132087460705 -13.816028191390455 15.761305226841932
-10.471807964765743 -13.952785902894258 16.991970627665225
-10.571426575432357 -14.0523882618651 18.18538815019143
-10.637707853776522 -14.118644340622852 19.34359934885051
-10.688415373035399 -14.16935704456945 20.467567666780756
-10.651446186402158 -14.132378088588137 21.564949014995715
-10.564323755519016 -14.045248125696977 22.624260525363248
-10.45628763451439 -13.937203651215768 23.638005875458685
-10.335664070735675 -13.816570197186405 24.604581393562626
-10.174067554683278 -13.654993470457532 25.5256776709727
-10.05585415230984 -13.536770177894514 26.392269362222727
-9.886618578236963 -13.367524948843446 27.21933699470371
-9.64087924180113 -13.121783498805348 28.003081750965
-9.412768691509314 -12.893660708359965 28.725031836576434
-9.204219606794428 -12.685105501003235 29.386343603611653
-9.002031374354814 -12.48291208690372 29.991474765636358
-8.843085149887457 -12.32398317701362 30.5411123749183
-8.591418490165493 -12.072319232878646 31.052871968791028
-8.384033296529708 -11.864929563231314 31.50300699548675
-8.182918119845672 -11.663809674842755 31.89958203185802
-8.018516522943962 -11.499401721451253 32.24286031419549
-7.845051453531301 -11.325930765383466 32.54457666359034
-7.638618840695321 -11.119483794173519 32.80727190364529
-7.484303779834766 -10.96531782767465 33.02073577433648
-7.241839780275856 -10.722847118894204 33.207055229782746
-6.981950647985246 -10.462975314295099 33.34592264782562
-6.746134909293662 -10.227157455926513 33.42843751852764
-6.503530601956663 -9.984550321356961 33.46098771102948
-6.307190427399652 -9.788207673823155 33.439472352250284
-6.073151060223531 -9.5542531102847 33.383346448178486
-5.823661468664929 -9.304757278631898 33.28676969067145
-5.558281411425458 -9.039370862791694 33.148179627546554
-5.27492548636951 -8.756009169083022 32.96617606059359
-4.968791098092298 -8.449871715248419 32.738724771831784
-4.691434876844756 -8.172511837895838 32.45820781465497
-4.36670278348366 -7.8477740915116145 32.14511249356896
-3.925732421383004 -7.406798783583606 31.80171367152513
-3.4743139258238895 -6.955374399666427 31.389748327458957
-2.9332428431217084 -6.414297781904389 30.918175213953813
-2.3141542650444444 -5.795202493894086 30.37738276330013
-1.1870740711736993 -4.668117118858555 29.829157511830424
1.47997628027685 -2.0010898416822465 29.28318821765553
15.659818552226291 12.178590478095515 28.782382021825043
15.654035140321298 -12.172807304648593 27.77408468256569
1.470705250854936 2.010359449528052 28.252665435938216
-1.1993827907012107 4.6804244169342235 28.77390304684224
-2.333309227246013 5.814356506266746 29.294228766506976
-3.0096830934639796 6.490737436433571 29.79037015530841
-3.497781999019127 6.978841641594678 30.254426467371275
-3.8445534350011803 7.325618612395359 30.69623423038893
-4.283253839846854 7.764324198400572 31.060114419166112
-4.5622446888378745 8.043320464960951 31.405537526377763
-4.868466667646368 8.349545628728817 31.70152134267286
-5.192414317717747 8.673496697416338 31.940919812812414
-5.493177977205104 8.974266715205399 32.13208164740356
-5.775230116826743 9.256324506589541 32.277900088189725
-6.0394781911747115 9.520578938996598 32.38077444494996
-6.266844145703967 9.747859378700227 32.44645992670377
-6.529414336535889 10.010432396285847 32.459430641942994
-6.7810499204868755 10.2620706891442 32.42407876680075
-7.028868697887355 10.509892176169343 32.33935234129757
-7.302087590431936 10.783093862279339 32.19821631101708
-7.5610106482557935 11.042023512852337 32.00801962940688
-7.763042549362713 11.243907263279588 31.78234946064065
-7.9545641912275205 11.435442791000261 31.518610308001225
-8.117474007798059 11.598358258234859 31.220634272966958
-8.27247273733123 11.753363462698804 30.88499147764482
-8.464412859703424 11.945308178928604 30.500113472410796
-8.661726588437293 12.142626029837173 30.065899087733445
-8.889197477449217 12.37009514817685 29.57673872548518
-9.06843610007985 12.549316100668113 29.045222768273113
-9.240520405003274 12.721405587786917 28.467878810780867
-9.456147416277872 12.937038367806435 27.832822111383862
-9.689003775704748 13.169907084337794 27.138511090179872
-9.93858724649268 13.419492670515607 26.38452962938046
-10.09160751642207 13.572522595302985 25.592012610620525
-10.232972821790305 13.713898026850151 24.755064680999475
-10.411840805106626 13.892745866770152 23.86294093707243
-10.55710084708739 14.038016623446131 22.923488255413726
-10.656281007071836 14.137204784202687 21.942005959234812
-10.77455115849784 14.25548258697346 20.910813869780974
-10.781923509134295 14.262865297499737 19.851050927350006
-10.744229847398257 14.22516621437006 18.76165053712553
-10.676328683168457 14.157289658345938 17.640294987917436
-10.57590082687599 14.056877935722522 16.48535046306626
-10.431972585155945 13.912867622750067 15.295943537114443
-10.241018685031177 13.721911839650637 14.068954058479239
-9.994484235418687 13.475366561125421 12.79900296500282
-9.662998069362285 13.14385590379564 11.480029220671698
-9.211099716591821 12.691936361563215 10.09944278693912
-8.597520293300999 12.078307722291596 8.624898671071247
-7.64615729843468 11.126958626038444 6.993818848728671
-5.80793465907427 9.28874446388376 5.006611873563914

VECTORS D float
-0.012400485472715666 -0.0 -0.005782441340767123
-0.018501420404000837 -0.0 -0.00862735402113074
-0.022200192297307703 -0.0 -0.010352119680748194
-0.024597709382568965 -0.0 -0.011470100258162972
-0.026079255192918108 -0.0 -0.012160956415436228
-0.026726821382805827 -0.0 -0.012462921488943127
-0.02642457336879244 -0.0 -0.012321980925346544
-0.02536616394368365 -0.0 -0.011828436504954885
-0.02339145370513318 -0.0 -0.010907613998081718
-0.020625594791546287 -0.0 -0.009617872805299885
-0.017057447794537255 -0.0 -0.007954018535171813
-0.012846750472327296 -0.0 -0.005990538127652563
-0.00709303354099836 -0.0 -0.0033075358597178034
-0.0001820657375199659 -0.0 -8.489864769319796e-5
0.007517937853789133 0.0 0.0035056719947552275
0.015879633627362378 0.0 0.007404794769134714
0.025310889605625417 0.0 0.011802661657818885
0.034495035916386925 0.0 0.016085299416142954
0.044914081215114574 0.0 0.020943780029603492
0.05703048951566765 0.0 0.026593754009484185
0.06917466266160265 0.0 0.03225667494939395
0.08122631304463566 0.0 0.03787645181640887
0.0933737550970493 0.0 0.04354089707244343
0.10484027767610567 0.0 0.048887824363464616
0.1183827094621319 0.0 0.05520276401533032
0.13107691753562611 0.0 0.061122170454213684
0.14367013181819527 0.0 0.06699448271496258
0.1554267067884793 0.0 0.07247666365727941
0.16739076704896858 0.0 0.07805559657937344
0.18013119199817637 0.0 0.08399655430133805
0.19150399489680242 0.0 0.08929977938765474
0.20510183603862628 0.0 0.09564055684646232
0.21902918764717477 0.0 0.10213498755934582
0.23207823334998312 0.0 0.10821985750217994
0.2450571914710429 0.0 0.11427204506890311
0.25641447844779597 0.0 0.11956803496202713
0.26863623170301737 0.0 0.12526713210101761
0.2810429418451702 0.0 0.13105247605281278
0.2936190669363521 0.0 0.13691681949274614
0.3064004947415077 0.0 0.14287689716044544
0.31950215857290976 0.0 0.14898630333960056
0.33117981192295715 0.0 0.15443168252600703
0.34410011045222655 0.0 0.16045651667585412
0.3606417070272258 0.0 0.16816998983688677
0.37684014928800186 0.0 0.1757234475132682
0.3955230924327082 0.0 0.18443544697851924
0.41625114681998554 0.0 0.19410109747795998
0.45554541972381307 0.0 0.2124243178546472
0.552260079979718 0.0 0.25752310458783456
1.0810030136460231 0.0 0.5040799837517731
1.063310715359447 0.0 0.49582992957038
0.5343873136954106 0.0 0.24918889679704753
0.43748536375768354 0.0 0.20400277545093312
0.39783804261799105 0.0 0.18551492597816396
0.37477786167881366 0.0 0.17476178700778558
0.3581760790485748 0.0 0.16702024862828058
0.3462766150445763 0.0 0.16147143743527634
0.33041444443101264 0.0 0.15407478580321043
0.3197110652736154 0.0 0.14908371813397953
0.30760850363424636 0.0 0.1434402009582488
0.29439707703556967 0.0 0.1372796115601332
0.2814960570613495 0.0 0.13126376714814375
0.2688135181650691 0.0 0.12534980213595953
0.25636042331305475 0.0 0.11954282863873467
0.24474223649951338 0.0 0.1141251791537049
0.23178263222127485 0.0 0.10808201643210402
0.2188688692818025 0.0 0.10206022987782984
0.20583019651242046 0.0 0.09598019691328995
0.19189734213381368 0.0 0.0894832002165872
0.17821976435056427 0.0 0.08310524095124733
0.16596574627695318 0.0 0.07739109848035271
0.15396593963282804 0.0 0.07179549674581792
0.14267573439337036 0.0 0.06653078758051713
0.1315904740632324 0.0 0.061361645795931986
0.11968550469348843 0.0 0.05581026740871969
0.1077171788493182 0.0 0.05022934541228872
0.09521151911659118 0.0 0.04439786050863751
0.08386161415313777 0.0 0.039105312904847755
0.07283823500502516 0.0 0.03396502678933672
0.06119350811186986 0.0 0.028535001461934946
0.049498898051708214 0.0 0.02308171523174508
0.03785122236997448 0.0 0.017650314861646893
0.028228804367280338 0.0 0.013163307657022092
0.019187262482282592 0.0 0.00894716743451846
0.009989061807680824 0.0 0.004657976018705182
0.0017563315690593976 0.0 0.0008189908609117819
-0.005346384692276561 -0.0 -0.002493060125451216
-0.012192163833542859 -0.0 -0.005685299365061441
-0.017124330079340735 -0.0 -0.007985206256770579
-0.021042158611269977 -0.0 -0.009812119704547342
-0.024166840146168128 -0.0 -0.011269182633565864
-0.026515431275684852 -0.0 -0.012364348663134411
-0.028032696781702924 -0.0 -0.013071861188045056
-0.0287586437655692 -0.0 -0.013410375826036424
-0.028710578899102168 -0.0 -0.01338796281071465
-0.02779014573292176 -0.0 -0.012958757776504874
-0.025953927113481514 -0.0 -0.012102514972213088
-0.023256613631174924 -0.0 -0.010844737038968797
-0.019293181567553584 -0.0 -0.008996558315125096
-0.012910931502904002 -0.0 -0.006020466233718762
-0.012400485472715666 -0.0 -0.005782441340767123
-0.018501420404000837 -0.0 -0.00862735402113074
-0.022200192297307703 -0.0 -0.010352119680748194
-0.024597709382568965 -0.0 -0.011470100258162972
-0.026079255192918108 -0.0 -0.012160956415436228
-0.026726821382805827 -0.0 -0.012462921488943127
-0.02642457336879244 -0.0 -0.012321980925346544
-0.02536616394368365 -0.0 -0.011828436504954885
-0.02339145370513318 -0.0 -0.010907613998081718
-0.020625594791546287 -0.0 -0.009617872805299885
-0.017057447794537255 -0.0 -0.007954018535171813
-0.012846750472327296 -0.0 -0.005990538127652563
-0.00709303354099836 -0.0 -0.0033075358597178034
-0.0001820657375199659 -0.0 -8.489864769319796e-5
0.007517937853789133 0.0 0.0035056719947552275
0.015879633627362378 0.0 0.007404794769134714
0.025310889605625417 0.0 0.011802661657818885
0.034495035916386925 0.0 0.016085299416142954
0.044914081215114574 0.0 0.020943780029603492
0.05703048951566765 0.0 0.026593754009484185
0.06917466266160265 0.0 0.03225667494939395
0.08122631304463566 0.0 0.03787645181640887
0.0933737550970493 0.0 0.04354089707244343
0.10484027767610567 0.0 0.048887824363464616
0.1183827094621319 0.0 0.05520276401533032
0.13107691753562611 0.0 0.061122170454213684
0.14367013181819527 0.0 0.06699448271496258
0.1554267067884793 0.0 0.07247666365727941
0.16739076704896858 0.0 0.07805559657937344
0.18013119199817637 0.0 0.08399655430133805
0.19150399489680242 0.0 0.08929977938765474
0.20510183603862628 0.0 0.09564055684646232
0.21902918764717477 0.0 0.10213498755934582
0.23207823334998312 0.0 0.10821985750217994
0.2450571914710429 0.0 0.11427204506890311
0.25641447844779597 0.0 0.11956803496202713
0.26863623170301737 0.0 0.12526713210101761
0.2810429418451702 0.0 0.13105247605281278
0.2936190669363521 0.0 0.13691681949274614
0.3064004947415077 0.0 0.14287689716044544
0.31950215857290976 0.0 0.14898630333960056
0.33117981192295715 0.0 0.15443168252600703
0.34410011045222655 0.0 0.16045651667585412
0.3606417070272258 0.0 0.16816998983688677
0.37684014928800186 0.0 0.1757234475132682
0.3955230924327082 0.0 0.18443544697851924
0.41625114681998554 0.0 0.19410109747795998
0.45554541972381307 0.0 0.2124243178546472
0.552260079979718 0.0 0.25752310458783456
1.0810030136460231 0.0 0.5040799837517731
1.063310715359447 0.0 0.49582992957038
0.5343873136954106 0.0 0.24918889679704753
0.43748536375768354 0.0 0.20400277545093312
0.39783804261799105 0.0 0.18551492597816396
0.37477786167881366 0.0 0.17476178700778558
0.3581760790485748 0.0 0.16702024862828058
0.3462766150445763 0.0 0.16147143743527634
0.33041444443101264 0.0 0.15407478580321043
0.3197110652736154 0.0 0.14908371813397953
0.30760850363424636 0.0 0.1434402009582488
0.29439707703556967 0.0 0.1372796115601332
0.2814960570613495 0.0 0.13126376714814375
0.2688135181650691 0.0 0.12534980213595953
0.25636042331305475 0.0 0.11954282863873467
0.24474223649951338 0.0 0.1141251791537049
0.23178263222127485 0.0 0.10808201643210402
0.2188688692818025 0.0 0.10206022987782984
0.20583019651242046 0.0 0.09598019691328995
0.19189734213381368 0.0 0.0894832002165872
0.17821976435056427 0.0 0.08310524095124733
0.16596574627695318 0.0 0.07739109848035271
0.15396593963282804 0.0 0.07179549674581792
0.14267573439337036 0.0 0.06653078758051713
0.1315904740632324 0.0 0.061361645795931986
0.11968550469348843 0.0 0.05581026740871969
0.1077171788493182 0.0 0.05022934541228872
0.09521151911659118 0.0 0.04439786050863751
0.08386161415313777 0.0 0.039105312904847755
0.07283823500502516 0.0 0.03396502678933672
0.06119350811186986 0.0 0.028535001461934946
0.049498898051708214 0.0 0.02308171523174508
0.03785122236997448 0.0 0.017650314861646893
0.028228804367280338 0.0 0.013163307657022092
0.019187262482282592 0.0 0.00894716743451846
0.009989061807680824 0.0 0.004657976018705182
0.0017563315690593976 0.0 0.0008189908609117819
-0.005346384692276561 -0.0 -0.002493060125451216
-0.012192163833542859 -0.0 -0.005685299365061441
-0.017124330079340735 -0.0 -0.007985206256770579
-0.021042158611269977 -0.0 -0.009812119704547342
-0.024166840146168128 -0.0 -0.011269182633565864
-0.026515431275684852 -0.0 -0.012364348663134411
-0.028032696781702924 -0.0 -0.013071861188045056
-0.0287586437655692 -0.0 -0.013410375826036424
-0.028710578899102168 -0.0 -0.01338796281071465
-0.02779014573292176 -0.0 -0.012958757776504874
-0.025953927113481514 -0.0 -0.012102514972213088
-0.023256613631174924 -0.0 -0.010844737038968797
-0.019293181567553584 -0.0 -0.008996558315125096
-0.012910931502904002 -0.0 -0.006020466233718762

VECTORS funs-vector float
0.0 0.0 -2.556195497695833e-8
0.0 0.0 -5.3400126986957737e-8
0.0 0.0 -5.554039846215762e-8
0.0 0.0 -1.0090079947324491e-7
0.0 0.0 -6.179305309863348e-8
0.0 0.0 -3.958070235202369e-8
0.0 0.0 -3.276798565821083e-8
0.0 0.0 -5.388712506518545e-9
0.0 0.0 -2.998731929437782e-9
0.0 0.0 1.3421545087443193e-8
0.0 0.0 1.813608657192329e-9
0.0 0.0 3.9805676330863896e-9
0.0 0.0 -2.137096608769505e-8
0.0 0.0 9.912635851543948e-8
0.0 0.0 1.9467704248654632e-7
0.0 0.0 2.2544843664656427e-7
0.0 0.0 3.0251436943341447e-7
0.0 0.0 2.768437871674741e-7
0.0 0.0 2.4422850747834523e-7
0.0 0.0 2.2511971632287572e-7
0.0 0.0 2.0165526073221629e-7
0.0 0.0 2.0189417168384443e-7
0.0 0.0 3.014281866533318e-7
0.0 0.0 3.8957040841709894e-7
0.0 0.0 4.083176192311426e-7
0.0 0.0 4.2995645153289597e-7
0.0 0.0 5.109518897680493e-7
0.0 0.0 7.412666727707968e-7
0.0 0.0 1.0911444024682997e-6
0.0 0.0 1.0702018781475173e-6
0.0 0.0 8.710130410866608e-7
0.0 0.0 5.531937729715125e-7
0.0 0.0 5.581949835686828e-8
0.0 0.0 -2.436507839123889e-7
0.0 0.0 -6.782830297424883e-8
0.0 0.0 1.4499858283753311e-8
0.0 0.0 -2.0894105354975842e-7
0.0 0.0 -2.858138511318099e-7
0.0 0.0 -4.4809385971430776e-7
0.0 0.0 -5.225731624395022e-7
0.0 0.0 -7.0955543404497e-7
0.0 0.0 -3.7659514682466333e-7
0.0 0.0 -1.850141547844363e-7
0.0 0.0 3.342683802481423e-7
0.0 0.0 4.1851233460606235e-7
0.0 0.0 1.3047604092910416e-6
0.0 0.0 3.6228662155095176e-7
0.0 0.0 2.588679757826123e-7
0.0 0.0 8.086760255371868e-8
0.0 0.0 -1.141207390405312e-7
0.0 0.0 -4.292247003883694e-7
0.0 0.0 -4.1382278355554685e-7
0.0 0.0 -3.4664405164490253e-7
0.0 0.0 -4.240382241701727e-7
0.0 0.0 -5.954004533040544e-7
0.0 0.0 -9.129814712723187e-7
0.0 0.0 -9.857425615161282e-7
0.0 0.0 -8.945980034334092e-7
0.0 0.0 -7.937031512028628e-7
0.0 0.0 -6.363878287371255e-7
0.0 0.0 -2.5087554240082516e-7
0.0 0.0 -3.499357603686804e-8
0.0 0.0 3.311476397336512e-7
0.0 0.0 4.3686798857255465e-7
0.0 0.0 4.205787911876708e-7
0.0 0.0 5.785010928475874e-7
0.0 0.0 1.5343934220171917e-7
0.0 0.0 1.0849530825267227e-7
0.0 0.0 6.895912011114807e-8
0.0 0.0 -3.7022006309102434e-8
0.0 0.0 -2.533439484864176e-7
0.0 0.0 -3.9789078117151316e-7
0.0 0.0 -8.016747391986261e-7
0.0 0.0 -1.0838670799661156e-6
0.0 0.0 -6.352936562269533e-7
0.0 0.0 -2.4459975959830043e-7
0.0 0.0 -3.9403029978240594e-7
0.0 0.0 -4.301101186725151e-7
0.0 0.0 -4.784646860529889e-7
0.0 0.0 -6.75300217200071e-7
0.0 0.0 -3.724137546224815e-7
0.0 0.0 -2.994906470700121e-7
0.0 0.0 -2.2711943162531422e-7
0.0 0.0 -3.248842320017916e-7
0.0 0.0 -3.1018433010000423e-7
0.0 0.0 -2.8013363362333626e-7
0.0 0.0 -2.5011243306752567e-7
0.0 0.0 -1.0666295677000648e-7
0.0 0.0 1.2615441394555923e-7
0.0 0.0 -4.158942862824753e-8
0.0 0.0 -1.0591898073771108e-7
0.0 0.0 -1.9527498067036097e-7
0.0 0.0 -2.468546957149184e-7
0.0 0.0 -1.5007509513896952e-7
0.0 0.0 -2.0464363004180097e-7
0.0 0.0 -2.2048080694503374e-7
0.0 0.0 -1.5950243598633118e-7
0.0 0.0 -1.50011567773783e-7
0.0 0.0 -1.5383992504134564e-7
0.0 0.0 -8.963010624605456e-8
0.0 0.0 -2.556195497695833e-8
0.0 0.0 -5.3400126986957737e-8
0.0 0.0 -5.554039846215762e-8
0.0 0.0 -1.0090079947324491e-7
0.0 0.0 -6.179305309863348e-8
0.0 0.0 -3.958070235202369e-8
0.0 0.0 -3.276798565821083e-8
0.0 0.0 -5.388712506518545e-9
0.0 0.0 -2.998731929437782e-9
0.0 0.0 1.3421545087443193e-8
0.0 0.0 1.813608657192329e-9
0.0 0.0 3.9805676330863896e-9
0.0 0.0 -2.137096608769505e-8
0.0 0.0 9.912635851543948e-8
0.0 0.0 1.9467704248654632e-7
0.0 0.0 2.2544843664656427e-7
0.0 0.0 3.0251436943341447e-7
0.0 0.0 2.768437871674741e-7
0.0 0.0 2.4422850747834523e-7
0.0 0.0 2.2511971632287572e-7
0.0 0.0 2.0165526073221629e-7
0.0 0.0 2.0189417168384443e-7
0.0 0.0 3.014281866533318e-7
0.0 0.0 3.8957040841709894e-7
0.0 0.0 4.083176192311426e-7
0.0 0.0 4.2995645153289597e-7
0.0 0.0 5.109518897680493e-7
0.0 0.0 7.412666727707968e-7
0.0 0.0 1.0911444024682997e-6
0.0 0.0 1.0702018781475173e-6
0.0 0.0 8.710130410866608e-7
0.0 0.0 5.531937729715125e-7
0.0 0.0 5.581949835686828e-8
0.0 0.0 -2.436507839123889e-7
0.0 0.0 -6.782830297424883e-8
0.0 0.0 1.4499858283753311e-8
0.0 0.0 -2.0894105354975842e-7
0.0 0.0 -2.858138511318099e-7
0.0 0.0 -4.4809385971430776e-7
0.0 0.0 -5.225731624395022e-7
0.0 0.0 -7.0955543404497e-7
0.0 0.0 -3.7659514682466333e-7
0.0 0.0 -1.850141547844363e-7
0.0 0.0 3.342683802481423e-7
0.0 0.0 4.1851233460606235e-7
0.0 0.0 1.3047604092910416e-6
0.0 0.0 3.6228662155095176e-7
0.0 0.0 2.588679757826123e-7
0.0 0.0 8.086760255371868e-8
0.0 0.0 -1.141207390405312e-7
0.0 0.0 -4.292247003883694e-7
0.0 0.0 -4.1382278355554685e-7
0.0 0.0 -3.4664405164490253e-7
0.0 0.0 -4.240382241701727e-7
0.0 0.0 -5.954004533040544e-7
0.0 0.0 -9.129814712723187e-7
0.0 0.0 -9.857425615161282e-7
0.0 0.0 -8.945980034334092e-7
0.0 0.0 -7.937031512028628e-7
0.0 0.0 -6.363878287371255e-7
0.0 0.0 -2.5087554240082516e-7
0.0 0.0 -3.499357603686804e-8
0.0 0.0 3.311476397336512e-7
0.0 0.0 4.3686798857255465e-7
0.0 0.0 4.205787911876708e-7
0.0 0.0 5.785010928475874e-7
0.0 0.0 1.5343934220171917e-7
0.0 0.0 1.0849530825267227e-7
0.0 0.0 6.895912011114807e-8
0.0 0.0 -3.7022006309102434e-8
0.0 0.0 -2.533439484864176e-7
0.0 0.0 -3.9789078117151316e-7
0.0 0.0 -8.016747391986261e-7
0.0 0.0 -1.0838670799661156e-6
0.0 0.0 -6.352936562269533e-7
0.0 0.0 -2.4459975959830043e-7
0.0 0.0 -3.9403029978240594e-7
0.0 0.0 -4.301101186725151e-7
0.0 0.0 -4.784646860529889e-7
0.0 0.0 -6.75300217200071e-7
0.0 0.0 -3.724137546224815e-7
0.0 0.0 -2.994906470700121e-7
0.0 0.0 -2.2711943162531422e-7
0.0 0.0 -3.248842320017916e-7
0.0 0.0 -3.1018433010000423e-7
0.0 0.0 -2.8013363362333626e-7
0.0 0.0 -2.5011243306752567e-7
0.0 0.0 -1.0666295677000648e-7
0.0 0.0 1.2615441394555923e-7
0.0 0.0 -4.158942862824753e-8
0.0 0.0 -1.0591898073771108e-7
0.0 0.0 -1.9527498067036097e-7
0.0 0.0 -2.468546957149184e-7
0.0 0.0 -1.5007509513896952e-7
0.0 0.0 -2.0464363004180097e-7
0.0 0.0 -2.2048080694503374e-7
0.0 0.0 -1.5950243598633118e-7
0.0 0.0 -1.50011567773783e-7
0.0 0.0 -1.5383992504134564e-7
0.0 0.0 -8.963010624605456e-8

VECTORS S float
-0.0 -0.04167059513091822 0.0
-0.0 -0.05910777276899135 0.0
-0.0 -0.07415082111152886 0.0
-0.0 -0.08839024779933237 0.0
-0.0 -0.10234051279528149 0.0
-0.0 -0.11611534341382482 0.0
-0.0 -0.12957238028837317 0.0
-0.0 -0.14291156018024057 0.0
-0.0 -0.15592380621850788 0.0
-0.0 -0.1687173012946832 0.0
-0.0 -0.1812482931788366 0.0
-0.0 -0.19367697191918606 0.0
-0.0 -0.20491843349951241 0.0
-0.0 -0.2153295491312328 0.0
-0.0 -0.2252577914797145 0.0
-0.0 -0.23479248803809402 0.0
-0.0 -0.24339683852905555 0.0
-0.0 -0.2525413816883648 0.0
-0.0 -0.26049511633056144 0.0
-0.0 -0.2666132173757272 0.0
-0.0 -0.27269542204867275 0.0
-0.0 -0.2788285034098443 0.0
-0.0 -0.2847600052513147 0.0
-0.0 -0.29137828930100945 0.0
-0.0 -0.2954627339969681 0.0
-0.0 -0.300249196775876 0.0
-0.0 -0.3048547645800908 0.0
-0.0 -0.3101160363016745 0.0
-0.0 -0.31485204987706433 0.0
-0.0 -0.31835556589040265 0.0
-0.0 -0.3230561657630139 0.0
-0.0 -0.3248254769977097 0.0
-0.0 -0.3256501095659923 0.0
-0.0 -0.32681137803707605 0.0
-0.0 -0.3273580237921863 0.0
-0.0 -0.3290566604695027 0.0
-0.0 -0.3291332068582177 0.0
-0.0 -0.3282725273101543 0.0
-0.0 -0.32642325359176216 0.0
-0.0 -0.3234687468919863 0.0
-0.0 -0.3191828517994287 0.0
-0.0 -0.31549898557219014 0.0
-0.0 -0.30948563442600496 0.0
-0.0 -0.29825186148942767 0.0
-0.0 -0.2858555644505581 0.0
-0.0 -0.26894972094020847 0.0
-0.0 -0.24780823452248632 0.0
-0.0 -0.203493185015658 0.0
-0.0 -0.08889509344232134 0.0
0.0 0.5511365763632677 -0.0
-0.0 -0.5508748614776428 0.0
0.0 0.08930688037885079 -0.0
0.0 0.20402968639739014 -0.0
0.0 0.2486272778596416 -0.0
0.0 0.2721548143819872 -0.0
0.0 0.28682003326302286 -0.0
0.0 0.2949829543838922 -0.0
0.0 0.30619469577115827 -0.0
0.0 0.31051156580283107 -0.0
0.0 0.31539316510543924 -0.0
0.0 0.32042053105557355 -0.0
0.0 0.3240722594794492 -0.0
0.0 0.32656381551823066 -0.0
0.0 0.3279731697672592 -0.0
0.0 0.32770024510815865 -0.0
0.0 0.32820660531340184 -0.0
0.0 0.32792703914905025 -0.0
0.0 0.32711035206402994 -0.0
0.0 0.3266505218706476 -0.0
0.0 0.32531604048212154 -0.0
0.0 0.3219178629044095 -0.0
0.0 0.3178963988551653 -0.0
0.0 0.31278469765439615 -0.0
0.0 0.30719541482003865 -0.0
0.0 0.3022832261118661 -0.0
0.0 0.2971834504597456 -0.0
0.0 0.29246852344697405 -0.0
0.0 0.28627481262771826 -0.0
0.0 0.2796264076031329 -0.0
0.0 0.27361284103601813 -0.0
0.0 0.2675910100646257 -0.0
0.0 0.26150781971089776 -0.0
0.0 0.25320837719559286 -0.0
0.0 0.24444679749329062 -0.0
0.0 0.23608698260037117 -0.0
0.0 0.2268871647776455 -0.0
0.0 0.21673934877581 -0.0
0.0 0.20670343959032977 -0.0
0.0 0.1949551100323037 -0.0
0.0 0.18261576921528486 -0.0
0.0 0.16997677976812367 -0.0
0.0 0.15708704530699666 -0.0
0.0 0.14391325719698786 -0.0
0.0 0.1305322958291559 -0.0
0.0 0.11698618229462522 -0.0
0.0 0.10318292668966858 -0.0
0.0 0.0890856196622928 -0.0
0.0 0.07473895475667866 -0.0
0.0 0.05960333956112099 -0.0
0.0 0.04203579085564808 -0.0
-0.0 -0.04167059513091822 0.0
-0.0 -0.05910777276899135 0.0
-0.0 -0.07415082111152886 0.0
-0.0 -0.08839024779933237 0.0
-0.0 -0.10234051279528149 0.0
-0.0 -0.11611534341382482 0.0
-0.0 -0.12957238028837317 0.0
-0.0 -0.14291156018024057 0.0
-0.0 -0.15592380621850788 0.0
-0.0 -0.1687173012946832 0.0
-0.0 -0.1812482931788366 0.0
-0.0 -0.19367697191918606 0.0
-0.0 -0.20491843349951241 0.0
-0.0 -0.2153295491312328 0.0
-0.0 -0.2252577914797145 0.0
-0.0 -0.23479248803809402 0.0
-0.0 -0.24339683852905555 0.0
-0.0 -0.2525413816883648 0.0
-0.0 -0.26049511633056144 0.0
-0.0 -0.2666132173757272 0.0
-0.0 -0.27269542204867275 0.0
-0.0 -0.2788285034098443 0.0
-0.0 -0.2847600052513147 0.0
-0.0 -0.29137828930100945 0.0
-0.0 -0.2954627339969681 0.0
-0.0 -0.300249196775876 0.0
-0.0 -0.3048547645800908 0.0
-0.0 -0.3101160363016745 0.0
-0.0 -0.31485204987706433 0.0
-0.0 -0.31835556589040265 0.0
-0.0 -0.3230561657630139 0.0
-0.0 -0.3248254769977097 0.0
-0.0 -0.3256501095659923 0.0
-0.0 -0.32681137803707605 0.0
-0.0 -0.3273580237921863 0.0
-0.0 -0.3290566604695027 0.0
-0.0 -0.3291332068582177 0.0
-0.0 -0.3282725273101543 0.0
-0.0 -0.32642325359176216 0.0
-0.0 -0.3234687468919863 0.0
-0.0 -0.3191828517994287 0.0
-0.0 -0.31549898557219014 0.0
-0.0 -0.30948563442600496 0.0
-0.0 -0.29825186148942767 0.0
-0.0 -0.2858555644505581 0.0
-0.0 -0.26894972094020847 0.0
-0.0 -0.24780823452248632 0.0
-0.0 -0.203493185015658 0.0
-0.0 -0.08889509344232134 0.0
0.0 0.5511365763632677 -0.0
-0.0 -0.5508748614776428 0.0
0.0 0.08930688037885079 -0.0
0.0 0.20402968639739014 -0.0
0.0 0.2486272778596416 -0.0
0.0 0.2721548143819872 -0.0
0.0 0.28682003326302286 -0.0
0.0 0.2949829543838922 -0.0
0.0 0.30619469577115827 -0.0
0.0 0.31051156580283107 -0.0
0.0 0.31539316510543924 -0.0
0.0 0.32042053105557355 -0.0
0.0 0.3240722594794492 -0.0
0.0 0.32656381551823066 -0.0
0.0 0.3279731697672592 -0.0
0.0 0.32770024510815865 -0.0
0.0 0.32820660531340184 -0.0
0.0 0.32792703914905025 -0.0
0.0 0.32711035206402994 -0.0
0.0 0.3266505218706476 -0.0
0.0 0.32531604048212154 -0.0
0.0 0.3219178629044095 -0.0
0.0 0.3178963988551653 -0.0
0.0 0.31278469765439615 -0.0
0.0 0.30719541482003865 -0.0
0.0 0.3022832261118661 -0.0
0.0 0.2971834504597456 -0.0
0.0 0.29246852344697405 -0.0
0.0 0.28627481262771826 -0.0
0.0 0.2796264076031329 -0.0
0.0 0.27361284103601813 -0.0
0.0 0.2675910100646257 -0.0
0.0 0.26150781971089776 -0.0
0.0 0.25320837719559286 -0.0
0.0 0.24444679749329062 -0.0
0.0 0.23608698260037117 -0.0
0.0 0.2268871647776455 -0.0
0.0 0.21673934877581 -0.0
0.0 0.20670343959032977 -0.0
0.0 0.1949551100323037 -0.0
0.0 0.18261576921528486 -0.0
0.0 0.16997677976812367 -0.0
0.0 0.15708704530699666 -0.0
0.0 0.14391325719698786 -0.0
0.0 0.1305322958291559 -0.0
0.0 0.11698618229462522 -0.0
0.0 0.10318292668966858 -0.0
0.0 0.0890856196622928 -0.0
0.0 0.07473895475667866 -0.0
0.0 0.05960333956112099 -0.0
0.0 0.04203579085564808 -0.0

VECTORS Vvpm_ApA float
0.09956227242946625 0.14958027005195618 -0.3691253662109375
0.0995091050863266 0.1495620757341385 -0.3685920834541321
0.1045933812856674 0.15039120614528656 -0.4142603874206543
0.10798366367816925 0.15127350389957428 -0.4404116570949554
0.1123209297657013 0.15261006355285645 -0.4706379175186157
0.11347626149654388 0.15299326181411743 -0.4782319664955139
0.12068904936313629 0.1555519551038742 -0.5223361253738403
0.12150664627552032 0.15585598349571228 -0.5270439982414246
0.1281401813030243 0.15838885307312012 -0.563568115234375
0.1317356377840042 0.15979784727096558 -0.5823125839233398
0.13323456048965454 0.160391166806221 -0.5899519920349121
0.13108088076114655 0.1595369130373001 -0.5789408683776855
0.13360290229320526 0.16053710877895355 -0.5918211340904236
0.13151861727237701 0.15970934927463531 -0.5812047719955444
0.13022640347480774 0.15919777750968933 -0.5745161771774292
0.12721531093120575 0.15802061557769775 -0.5586165189743042
0.1280156821012497 0.1583293080329895 -0.5628761649131775
0.1303914487361908 0.15925820171833038 -0.5753601789474487
0.12985184788703918 0.15904511511325836 -0.5725475549697876
0.1305357962846756 0.15931212902069092 -0.5760968923568726
0.12573468685150146 0.1574396789073944 -0.5505861639976501
0.12497332692146301 0.15714527666568756 -0.5464078783988953
0.125593364238739 0.1573815643787384 -0.5497902035713196
0.12453961372375487 0.1569778472185135 -0.544012188911438
0.12223711609840392 0.15610460937023163 -0.5311233401298523
0.12277980148792267 0.1563078761100769 -0.5341876149177551
0.12942516803741455 0.15886513888835907 -0.57027667760849
0.12844736874103546 0.1584804207086563 -0.5651124715805054
0.12769925594329834 0.15818770229816437 -0.561133861541748
0.1281825602054596 0.15837478637695312 -0.5636998414993286
0.1224980503320694 0.15619319677352905 -0.5325764417648315
0.12299896776676178 0.15638035535812378 -0.535389244556427
0.12349209189414978 0.1565653681755066 -0.5381423234939575
0.11681546270847319 0.15410661697387695 -0.4991489052772522
0.11724452674388885 0.15425845980644226 -0.5017635226249695
0.11767002940177917 0.154410257935524 -0.5043405890464783
0.11809132993221284 0.15456148982048035 -0.5068781971931458
0.11850903928279877 0.15471194684505463 -0.509377658367157
0.11892297863960266 0.1548616886138916 -0.5118380784988403
0.11677090823650361 0.1540864259004593 -0.49883949756622314
0.11721456050872804 0.15424424409866333 -0.5015518069267273
0.11549702286720276 0.15363754332065582 -0.4909387230873108
0.12488311529159546 0.15708114206790924 -0.545837938785553
0.1252519190311432 0.15722227096557617 -0.5478608012199402
0.12561605870723724 0.15736190974712372 -0.5498493313789368
0.12597551941871643 0.15749992430210114 -0.5518037676811218
0.12633027136325836 0.15763632953166962 -0.5537246465682983
0.1266801357269287 0.15777108073234558 -0.5556125044822693
0.12177051603794098 0.15589609742164612 -0.5283801555633545
0.12611518800258636 0.15755559504032135 -0.5525708198547363
0.1392618715763092 0.16275566816329956 -0.6196398138999939
0.1261151134967804 0.15755654871463776 -0.552570104598999
0.12177175283432005 0.15589816868305206 -0.5283787250518799
0.12667948007583618 0.15777231752872467 -0.5556111931800842
0.1263291984796524 0.1576373428106308 -0.5537227988243103
0.1259743720293045 0.15750111639499664 -0.5518019199371338
0.12561489641666412 0.1573628932237625 -0.5498473644256592
0.1252516508102417 0.1572231501340866 -0.5478599667549133
0.12488383054733276 0.15708176791667938 -0.5458378195762634
0.11549724638462068 0.1536390632390976 -0.4909377098083496
0.11721472442150116 0.1542450487613678 -0.5015512704849243
0.11677120625972746 0.15408726036548615 -0.4988393783569336
0.1189238578081131 0.15486274659633636 -0.511837899684906
0.1185101866722107 0.15471306443214417 -0.5093777179718018
0.11809249222278595 0.15456236898899078 -0.5068783164024353
0.11767123639583588 0.154411181807518 -0.504340648651123
0.11724570393562317 0.15425942838191986 -0.5017638206481934
0.11681662499904633 0.15410760045051575 -0.49914878606796265
0.12349410355091095 0.15656691789627075 -0.5381418466567993
0.12300056219100952 0.1563820242881775 -0.5353885889053345
0.12249943614006042 0.15619473159313202 -0.5325754880905151
0.12818288803100586 0.15837562084197998 -0.5636991262435913
0.12769916653633118 0.15818843245506287 -0.5611331462860107
0.12844671308994293 0.15848112106323242 -0.5651118755340576
0.12942487001419067 0.15886583924293518 -0.5702759027481079
0.12277911603450774 0.15630905330181122 -0.5341861248016357
0.12223646044731139 0.15610574185848236 -0.5311219692230225
0.12453977763652802 0.15697915852069855 -0.5440111756324768
0.12559391558170319 0.15738292038440704 -0.549789309501648
0.12497416138648985 0.15714675188064575 -0.5464070439338684
0.12573611736297607 0.1574408859014511 -0.5505855083465576
0.13053685426712036 0.15931282937526703 -0.576096773147583
0.129852756857872 0.15904586017131805 -0.572547197341919
0.13039280474185944 0.15925906598567963 -0.5753601789474487
0.12801706790924072 0.15833093225955963 -0.5628754496574402
0.12721671164035797 0.15802210569381714 -0.5586159825325012
0.13022759556770325 0.15919895470142365 -0.5745155215263367
0.13152001798152924 0.15971055626869202 -0.5812044143676758
0.13360489904880524 0.16053834557533264 -0.5918208360671997
0.13108272850513458 0.1595386266708374 -0.5789399743080139
0.133236363530159 0.16039253771305084 -0.5899515151977539
0.13173729181289673 0.1597990095615387 -0.5823124051094055
0.12814128398895264 0.1583893895149231 -0.5635680556297302
0.1215067207813263 0.15585656464099884 -0.5270437002182007
0.12068809568881987 0.15555188059806824 -0.5223362445831299
0.1134745180606842 0.15299323201179504 -0.4782314896583557
0.11231847107410431 0.1526092290878296 -0.47063779830932617
0.10798099637031557 0.15127240121364594 -0.44041174650192255
0.10458989441394805 0.15038929879665375 -0.4142603576183319
0.09950506687164307 0.14956000447273254 -0.3685912787914276
0.09956227242946625 0.14958027005195618 -0.3691253662109375
0.0995091050863266 0.1495620757341385 -0.3685920834541321
0.1045933812856674 0.15039120614528656 -0.4142603874206543
0.10798366367816925 0.15127350389957428 -0.4404116570949554
0.1123209297657013 0.15261006355285645 -0.4706379175186157
0.11347626149654388 0.15299326181411743 -0.4782319664955139
0.12068904936313629 0.1555519551038742 -0.5223361253738403
0.12150664627552032 0.15585598349571228 -0.5270439982414246
0.1281401813030243 0.15838885307312012 -0.563568115234375
0.1317356377840042 0.15979784727096558 -0.5823125839233398
0.13323456048965454 0.160391166806221 -0.5899519920349121
0.13108088076114655 0.1595369130373001 -0.5789408683776855
0.13360290229320526 0.16053710877895355 -0.5918211340904236
0.13151861727237701 0.15970934927463531 -0.5812047719955444
0.13022640347480774 0.15919777750968933 -0.5745161771774292
0.12721531093120575 0.15802061557769775 -0.5586165189743042
0.1280156821012497 0.1583293080329895 -0.5628761649131775
0.1303914487361908 0.15925820171833038 -0.5753601789474487
0.12985184788703918 0.15904511511325836 -0.5725475549697876
0.1305357962846756 0.15931212902069092 -0.5760968923568726
0.12573468685150146 0.1574396789073944 -0.5505861639976501
0.12497332692146301 0.15714527666568756 -0.5464078783988953
0.125593364238739 0.1573815643787384 -0.5497902035713196
0.12453961372375487 0.1569778472185135 -0.544012188911438
0.12223711609840392 0.15610460937023163 -0.5311233401298523
0.12277980148792267 0.1563078761100769 -0.5341876149177551
0.12942516803741455 0.15886513888835907 -0.57027667760849
0.12844736874103546 0.1584804207086563 -0.5651124715805054
0.12769925594329834 0.15818770229816437 -0.561133861541748
0.1281825602054596 0.15837478637695312 -0.5636998414993286
0.1224980503320694 0.15619319677352905 -0.5325764417648315
0.12299896776676178 0.15638035535812378 -0.535389244556427
0.12349209189414978 0.1565653681755066 -0.5381423234939575
0.11681546270847319 0.15410661697387695 -0.4991489052772522
0.11724452674388885 0.15425845980644226 -0.5017635226249695
0.11767002940177917 0.154410257935524 -0.5043405890464783
0.11809132993221284 0.15456148982048035 -0.5068781971931458
0.11850903928279877 0.15471194684505463 -0.509377658367157
0.11892297863960266 0.1548616886138916 -0.5118380784988403
0.11677090823650361 0.1540864259004593 -0.49883949756622314
0.11721456050872804 0.15424424409866333 -0.5015518069267273
0.11549702286720276 0.15363754332065582 -0.4909387230873108
0.12488311529159546 0.15708114206790924 -0.545837938785553
0.1252519190311432 0.15722227096557617 -0.5478608012199402
0.12561605870723724 0.15736190974712372 -0.5498493313789368
0.12597551941871643 0.15749992430210114 -0.5518037676811218
0.12633027136325836 0.15763632953166962 -0.5537246465682983
0.1266801357269287 0.15777108073234558 -0.5556125044822693
0.12177051603794098 0.15589609742164612 -0.5283801555633545
0.12611518800258636 0.15755559504032135 -0.5525708198547363
0.1392618715763092 0.16275566816329956 -0.6196398138999939
0.1261151134967804 0.15755654871463776 -0.552570104598999
0.12177175283432005 0.15589816868305206 -0.5283787250518799
0.12667948007583618 0.15777231752872467 -0.5556111931800842
0.1263291984796524 0.1576373428106308 -0.5537227988243103
0.1259743720293045 0.15750111639499664 -0.5518019199371338
0.12561489641666412 0.1573628932237625 -0.5498473644256592
0.1252516508102417 0.1572231501340866 -0.5478599667549133
0.12488383054733276 0.15708176791667938 -0.5458378195762634
0.11549724638462068 0.1536390632390976 -0.4909377098083496
0.11721472442150116 0.1542450487613678 -0.5015512704849243
0.11677120625972746 0.15408726036548615 -0.4988393783569336
0.1189238578081131 0.15486274659633636 -0.511837899684906
0.1185101866722107 0.15471306443214417 -0.5093777179718018
0.11809249222278595 0.15456236898899078 -0.5068783164024353
0.11767123639583588 0.154411181807518 -0.504340648651123
0.11724570393562317 0.15425942838191986 -0.5017638206481934
0.11681662499904633 0.15410760045051575 -0.49914878606796265
0.12349410355091095 0.15656691789627075 -0.5381418466567993
0.12300056219100952 0.1563820242881775 -0.5353885889053345
0.12249943614006042 0.15619473159313202 -0.5325754880905151
0.12818288803100586 0.15837562084197998 -0.5636991262435913
0.12769916653633118 0.15818843245506287 -0.5611331462860107
0.12844671308994293 0.15848112106323242 -0.5651118755340576
0.12942487001419067 0.15886583924293518 -0.5702759027481079
0.12277911603450774 0.15630905330181122 -0.5341861248016357
0.12223646044731139 0.15610574185848236 -0.5311219692230225
0.12453977763652802 0.15697915852069855 -0.5440111756324768
0.12559391558170319 0.15738292038440704 -0.549789309501648
0.12497416138648985 0.15714675188064575 -0.5464070439338684
0.12573611736297607 0.1574408859014511 -0.5505855083465576
0.13053685426712036 0.15931282937526703 -0.576096773147583
0.129852756857872 0.15904586017131805 -0.572547197341919
0.13039280474185944 0.15925906598567963 -0.5753601789474487
0.12801706790924072 0.15833093225955963 -0.5628754496574402
0.12721671164035797 0.15802210569381714 -0.5586159825325012
0.13022759556770325 0.15919895470142365 -0.5745155215263367
0.13152001798152924 0.15971055626869202 -0.5812044143676758
0.13360489904880524 0.16053834557533264 -0.5918208360671997
0.13108272850513458 0.1595386266708374 -0.5789399743080139
0.133236363530159 0.16039253771305084 -0.5899515151977539
0.13173729181289673 0.1597990095615387 -0.5823124051094055
0.12814128398895264 0.1583893895149231 -0.5635680556297302
0.1215067207813263 0.15585656464099884 -0.5270437002182007
0.12068809568881987 0.15555188059806824 -0.5223362445831299
0.1134745180606842 0.15299323201179504 -0.4782314896583557
0.11231847107410431 0.1526092290878296 -0.47063779830932617
0.10798099637031557 0.15127240121364594 -0.44041174650192255
0.10458989441394805 0.15038929879665375 -0.4142603576183319
0.09950506687164307 0.14956000447273254 -0.3685912787914276

VECTORS Vkin float
-0.0 -0.0 -0.0
-0.0 -0.0 -0.0
-0.0 -0.0 -0.0
-0.0 -0.0 -0.0
-0.0 -0.0 -0.0
-0.0 -0.0 -0.0
-0.0 -0.0 -0.0
-0.0 -0.0 -0.0
-0.0 -0.0 -0.0
-0.0 -0.0 -0.0
-0.0 -0.0 -0.0
-0.0 -0.0 -0.0
-0.0 -0.0 -0.0
-0.0 -0.0 -0.0
-0.0 -0.0 -0.0
-0.0 -0.0 -0.0
-0.0 -0.0 -0.0
-0.0 -0.0 -0.0
-0.0 -0.0 -0.0
-0.0 -0.0 -0.0
-0.0 -0.0 -0.0
-0.0 -0.0 -0.0
-0.0 -0.0 -0.0
-0.0 -0.0 -0.0
-0.0 -0.0 -0.0
-0.0 -0.0 -0.0
-0.0 -0.0 -0.0
-0.0 -0.0 -0.0
-0.0 -0.0 -0.0
-0.0 -0.0 -0.0
-0.0 -0.0 -0.0
-0.0 -0.0 -0.0
-0.0 -0.0 -0.0
-0.0 -0.0 -0.0
-0.0 -0.0 -0.0
-0.0 -0.0 -0.0
-0.0 -0.0 -0.0
-0.0 -0.0 -0.0
-0.0 -0.0 -0.0
-0.0 -0.0 -0.0
-0.0 -0.0 -0.0
-0.0 -0.0 -0.0
-0.0 -0.0 -0.0
-0.0 -0.0 -0.0
-0.0 -0.0 -0.0
-0.0 -0.0 -0.0
-0.0 -0.0 -0.0
-0.0 -0.0 -0.0
-0.0 -0.0 -0.0
-0.0 -0.0 -0.0
-0.0 -0.0 -0.0
-0.0 -0.0 -0.0
-0.0 -0.0 -0.0
-0.0 -0.0 -0.0
-0.0 -0.0 -0.0
-0.0 -0.0 -0.0
-0.0 -0.0 -0.0
-0.0 -0.0 -0.0
-0.0 -0.0 -0.0
-0.0 -0.0 -0.0
-0.0 -0.0 -0.0
-0.0 -0.0 -0.0
-0.0 -0.0 -0.0
-0.0 -0.0 -0.0
-0.0 -0.0 -0.0
-0.0 -0.0 -0.0
-0.0 -0.0 -0.0
-0.0 -0.0 -0.0
-0.0 -0.0 -0.0
-0.0 -0.0 -0.0
-0.0 -0.0 -0.0
-0.0 -0.0 -0.0
-0.0 -0.0 -0.0
-0.0 -0.0 -0.0
-0.0 -0.0 -0.0
-0.0 -0.0 -0.0
-0.0 -0.0 -0.0
-0.0 -0.0 -0.0
-0.0 -0.0 -0.0
-0.0 -0.0 -0.0
-0.0 -0.0 -0.0
-0.0 -0.0 -0.0
-0.0 -0.0 -0.0
-0.0 -0.0 -0.0
-0.0 -0.0 -0.0
-0.0 -0.0 -0.0
-0.0 -0.0 -0.0
-0.0 -0.0 -0.0
-0.0 -0.0 -0.0
-0.0 -0.0 -0.0
-0.0 -0.0 -0.0
-0.0 -0.0 -0.0
-0.0 -0.0 -0.0
-0.0 -0.0 -0.0
-0.0 -0.0 -0.0
-0.0 -0.0 -0.0
-0.0 -0.0 -0.0
-0.0 -0.0 -0.0
-0.0 -0.0 -0.0
-0.0 -0.0 -0.0
-0.0 -0.0 -0.0
-0.0 -0.0 -0.0
-0.0 -0.0 -0.0
-0.0 -0.0 -0.0
-0.0 -0.0 -0.0
-0.0 -0.0 -0.0
-0.0 -0.0 -0.0
-0.0 -0.0 -0.0
-0.0 -0.0 -0.0
-0.0 -0.0 -0.0
-0.0 -0.0 -0.0
-0.0 -0.0 -0.0
-0.0 -0.0 -0.0
-0.0 -0.0 -0.0
-0.0 -0.0 -0.0
-0.0 -0.0 -0.0
-0.0 -0.0 -0.0
-0.0 -0.0 -0.0
-0.0 -0.0 -0.0
-0.0 -0.0 -0.0
-0.0 -0.0 -0.0
-0.0 -0.0 -0.0
-0.0 -0.0 -0.0
-0.0 -0.0 -0.0
-0.0 -0.0 -0.0
-0.0 -0.0 -0.0
-0.0 -0.0 -0.0
-0.0 -0.0 -0.0
-0.0 -0.0 -0.0
-0.0 -0.0 -0.0
-0.0 -0.0 -0.0
-0.0 -0.0 -0.0
-0.0 -0.0 -0.0
-0.0 -0.0 -0.0
-0.0 -0.0 -0.0
-0.0 -0.0 -0.0
-0.0 -0.0 -0.0
-0.0 -0.0 -0.0
-0.0 -0.0 -0.0
-0.0 -0.0 -0.0
-0.0 -0.0 -0.0
-0.0 -0.0 -0.0
-0.0 -0.0 -0.0
-0.0 -0.0 -0.0
-0.0 -0.0 -0.0
-0.0 -0.0 -0.0
-0.0 -0.0 -0.0
-0.0 -0.0 -0.0
-0.0 -0.0 -0.0
-0.0 -0.0 -0.0
-0.0 -0.0 -0.0
-0.0 -0.0 -0.0
-0.0 -0.0 -0.0
-0.0 -0.0 -0.0
-0.0 -0.0 -0.0
-0.0 -0.0 -0.0
-0.0 -0.0 -0.0
-0.0 -0.0 -0.0
-0.0 -0.0 -0.0
-0.0 -0.0 -0.0
-0.0 -0.0 -0.0
-0.0 -0.0 -0.0
-0.0 -0.0 -0.0
-0.0 -0.0 -0.0
-0.0 -0.0 -0.0
-0.0 -0.0 -0.0
-0.0 -0.0 -0.0
-0.0 -0.0 -0.0
-0.0 -0.0 -0.0
-0.0 -0.0 -0.0
-0.0 -0.0 -0.0
-0.0 -0.0 -0.0
-0.0 -0.0 -0.0
-0.0 -0.0 -0.0
-0.0 -0.0 -0.0
-0.0 -0.0 -0.0
-0.0 -0.0 -0.0
-0.0 -0.0 -0.0
-0.0 -0.0 -0.0
-0.0 -0.0 -0.0
-0.0 -0.0 -0.0
-0.0 -0.0 -0.0
-0.0 -0.0 -0.0
-0.0 -0.0 -0.0
-0.0 -0.0 -0.0
-0.0 -0.0 -0.0
-0.0 -0.0 -0.0
-0.0 -0.0 -0.0
-0.0 -0.0 -0.0
-0.0 -0.0 -0.0
-0.0 -0.0 -0.0
-0.0 -0.0 -0.0
-0.0 -0.0 -0.0
-0.0 -0.0 -0.0
-0.0 -0.0 -0.0
-0.0 -0.0 -0.0
-0.0 -0.0 -0.0
-0.0 -0.0 -0.0
-0.0 -0.0 -0.0
-0.0 -0.0 -0.0

VECTORS Funs-vector float
0.0 0.0 -1.1567946534117936e-10
0.0 0.0 -2.860463499848278e-10
0.0 0.0 -3.436765665582566e-10
0.0 0.0 -7.082300123026595e-10
0.0 0.0 -4.850926634067754e-10
0.0 0.0 -3.4361924328361615e-10
0.0 0.0 -3.1171169496247206e-10
0.0 0.0 -5.5740282301192644e-11
0.0 0.0 -3.3511135304521455e-11
0.0 0.0 1.6114320385692077e-10
0.0 0.0 2.3282226372448587e-11
0.0 0.0 5.440926382691203e-11
0.0 0.0 -3.098774223000694e-10
0.0 0.0 1.519719259861158e-9
0.0 0.0 3.1464360957728165e-9
0.0 0.0 3.831167837537915e-9
0.0 0.0 5.3922428662455245e-9
0.0 0.0 5.164785366400295e-9
0.0 0.0 4.759320346158422e-9
0.0 0.0 4.574065093286847e-9
0.0 0.0 4.2649227149317075e-9
0.0 0.0 4.437791213744682e-9
0.0 0.0 6.8761753200480625e-9
0.0 0.0 9.210687611014451e-9
0.0 0.0 9.993327528036148e-9
0.0 0.0 1.088030725621941e-8
0.0 0.0 1.3354651902710435e-8
0.0 0.0 1.999049063338563e-8
0.0 0.0 3.0332964146227235e-8
0.0 0.0 3.064033644377899e-8
0.0 0.0 2.566146625252093e-8
0.0 0.0 1.6757809673608866e-8
0.0 0.0 1.7373285523284756e-9
0.0 0.0 -7.785921825626951e-9
0.0 0.0 -2.2238496982015404e-9
0.0 0.0 4.874513397271757e-10
0.0 0.0 -7.197782830888114e-9
0.0 0.0 -1.008353387860567e-8
0.0 0.0 -1.6181242900931482e-8
0.0 0.0 -1.9305151781995063e-8
0.0 0.0 -2.680252843833815e-8
0.0 0.0 -1.4538417215089951e-8
0.0 0.0 -7.296237430328891e-9
0.0 0.0 1.3460088434835086e-8
0.0 0.0 1.7200235783723495e-8
0.0 0.0 5.4708240855707835e-8
0.0 0.0 1.5491712010451498e-8
0.0 0.0 1.1284607380082347e-8
0.0 0.0 3.5924089642202216e-9
0.0 0.0 -5.164482172216037e-9
0.0 0.0 -1.9424368713939117e-8
0.0 0.0 -1.8383390014016792e-8
0.0 0.0 -1.5110953804261404e-8
0.0 0.0 -1.8132267821939744e-8
0.0 0.0 -2.4964975311180014e-8
0.0 0.0 -3.752218339475234e-8
0.0 0.0 -3.969320114016877e-8
0.0 0.0 -3.527945980864701e-8
0.0 0.0 -3.0640829162069026e-8
0.0 0.0 -2.403871784943318e-8
0.0 0.0 -9.26796623429542e-9
0.0 0.0 -1.2636628276624804e-9
0.0 0.0 1.1682913304767192e-8
0.0 0.0 1.504960779171779e-8
0.0 0.0 1.413887578852929e-8
0.0 0.0 1.8967000858429065e-8
0.0 0.0 4.903192611060042e-9
0.0 0.0 3.3768128050160924e-9
0.0 0.0 2.0889674948341517e-9
0.0 0.0 -1.0907287499580953e-9
0.0 0.0 -7.253345351118128e-9
0.0 0.0 -1.1061053671803528e-8
0.0 0.0 -2.1619576265405927e-8
0.0 0.0 -2.8328826747907013e-8
0.0 0.0 -1.607648903286064e-8
0.0 0.0 -5.986431630228009e-9
0.0 0.0 -9.316133674825734e-9
0.0 0.0 -9.811665643333712e-9
0.0 0.0 -1.051702662907025e-8
0.0 0.0 -1.4282311432278818e-8
0.0 0.0 -7.56683947147227e-9
0.0 0.0 -5.836222580244208e-9
0.0 0.0 -4.2371300034772525e-9
0.0 0.0 -5.790980063685505e-9
0.0 0.0 -5.271130937361085e-9
0.0 0.0 -4.527614377197946e-9
0.0 0.0 -3.834506657522835e-9
0.0 0.0 -1.5466049575467829e-9
0.0 0.0 1.7243693422617313e-9
0.0 0.0 -5.339048687177634e-10
0.0 0.0 -1.2716959034248871e-9
0.0 0.0 -2.1822178350096903e-9
0.0 0.0 -2.553439325234024e-9
0.0 0.0 -1.4276178818364598e-9
0.0 0.0 -1.7766104469891714e-9
0.0 0.0 -1.7308356928136104e-9
0.0 0.0 -1.1195591391806657e-9
0.0 0.0 -9.282515427331755e-10
0.0 0.0 -8.240682470804977e-10
0.0 0.0 -4.0561697172077735e-10
0.0 0.0 -1.1567946534117936e-10
0.0 0.0 -2.860463499848278e-10
0.0 0.0 -3.436765665582566e-10
0.0 0.0 -7.082300123026595e-10
0.0 0.0 -4.850926634067754e-10
0.0 0.0 -3.4361924328361615e-10
0.0 0.0 -3.1171169496247206e-10
0.0 0.0 -5.5740282301192644e-11
0.0 0.0 -3.3511135304521455e-11
0.0 0.0 1.6114320385692077e-10
0.0 0.0 2.3282226372448587e-11
0.0 0.0 5.440926382691203e-11
0.0 0.0 -3.098774223000694e-10
0.0 0.0 1.519719259861158e-9
0.0 0.0 3.1464360957728165e-9
0.0 0.0 3.831167837537915e-9
0.0 0.0 5.3922428662455245e-9
0.0 0.0 5.164785366400295e-9
0.0 0.0 4.759320346158422e-9
0.0 0.0 4.574065093286847e-9
0.0 0.0 4.2649227149317075e-9
0.0 0.0 4.437791213744682e-9
0.0 0.0 6.8761753200480625e-9
0.0 0.0 9.210687611014451e-9
0.0 0.0 9.993327528036148e-9
0.0 0.0 1.088030725621941e-8
0.0 0.0 1.3354651902710435e-8
0.0 0.0 1.999049063338563e-8
0.0 0.0 3.0332964146227235e-8
0.0 0.0 3.064033644377899e-8
0.0 0.0 2.566146625252093e-8
0.0 0.0 1.6757809673608866e-8
0.0 0.0 1.7373285523284756e-9
0.0 0.0 -7.785921825626951e-9
0.0 0.0 -2.2238496982015404e-9
0.0 0.0 4.874513397271757e-10
0.0 0.0 -7.197782830888114e-9
0.0 0.0 -1.008353387860567e-8
0.0 0.0 -1.6181242900931482e-8
0.0 0.0 -1.9305151781995063e-8
0.0 0.0 -2.680252843833815e-8
0.0 0.0 -1.4538417215089951e-8
0.0 0.0 -7.296237430328891e-9
0.0 0.0 1.3460088434835086e-8
0.0 0.0 1.7200235783723495e-8
0.0 0.0 5.4708240855707835e-8
0.0 0.0 1.5491712010451498e-8
0.0 0.0 1.1284607380082347e-8
0.0 0.0 3.5924089642202216e-9
0.0 0.0 -5.164482172216037e-9
0.0 0.0 -1.9424368713939117e-8
0.0 0.0 -1.8383390014016792e-8
0.0 0.0 -1.5110953804261404e-8
0.0 0.0 -1.8132267821939744e-8
0.0 0.0 -2.4964975311180014e-8
0.0 0.0 -3.752218339475234e-8
0.0 0.0 -3.969320114016877e-8
0.0 0.0 -3.527945980864701e-8
0.0 0.0 -3.0640829162069026e-8
0.0 0.0 -2.403871784943318e-8
0.0 0.0 -9.26796623429542e-9
0.0 0.0 -1.2636628276624804e-9
0.0 0.0 1.1682913304767192e-8
0.0 0.0 1.504960779171779e-8
0.0 0.0 1.413887578852929e-8
0.0 0.0 1.8967000858429065e-8
0.0 0.0 4.903192611060042e-9
0.0 0.0 3.3768128050160924e-9
0.0 0.0 2.0889674948341517e-9
0.0 0.0 -1.0907287499580953e-9
0.0 0.0 -7.253345351118128e-9
0.0 0.0 -1.1061053671803528e-8
0.0 0.0 -2.1619576265405927e-8
0.0 0.0 -2.8328826747907013e-8
0.0 0.0 -1.607648903286064e-8
0.0 0.0 -5.986431630228009e-9
0.0 0.0 -9.316133674825734e-9
0.0 0.0 -9.811665643333712e-9
0.0 0.0 -1.051702662907025e-8
0.0 0.0 -1.4282311432278818e-8
0.0 0.0 -7.56683947147227e-9
0.0 0.0 -5.836222580244208e-9
0.0 0.0 -4.2371300034772525e-9
0.0 0.0 -5.790980063685505e-9
0.0 0.0 -5.271130937361085e-9
0.0 0.0 -4.527614377197946e-9
0.0 0.0 -3.834506657522835e-9
0.0 0.0 -1.5466049575467829e-9
0.0 0.0 1.7243693422617313e-9
0.0 0.0 -5.339048687177634e-10
0.0 0.0 -1.2716959034248871e-9
0.0 0.0 -2.1822178350096903e-9
0.0 0.0 -2.553439325234024e-9
0.0 0.0 -1.4276178818364598e-9
0.0 0.0 -1.7766104469891714e-9
0.0 0.0 -1.7308356928136104e-9
0.0 0.0 -1.1195591391806657e-9
0.0 0.0 -9.282515427331755e-10
0.0 0.0 -8.240682470804977e-10
0.0 0.0 -4.0561697172077735e-10

VECTORS Ftot float
-0.025918338928847217 -0.04167059513091822 0.02320668894634105
-0.04046229233246418 -0.05910777276899135 0.03846788780988298
-0.0526121661189372 -0.07415082111152886 0.054866568646091816
-0.06395799353985004 -0.08839024779933237 0.07293830151034902
-0.07501479892407946 -0.10234051279528149 0.09278165577493744
-0.08589611014621532 -0.11611534341382482 0.11442602774581696
-0.09645970867520946 -0.12957238028837317 0.13786885141808808
-0.10690553253273498 -0.14291156018024057 0.1630333037282454
-0.11702352255809108 -0.15592380621850788 0.18988700563871397
-0.1269238032286703 -0.1687173012946832 0.21833937082588012
-0.1365617225929102 -0.1812482931788366 0.24832372580041498
-0.14609695539130768 -0.19367697191918606 0.2797654484804177
-0.15444517924300322 -0.20491843349951241 0.31269016035016445
-0.16196303908581877 -0.2153295491312328 0.34685551830450606
-0.16899805144354743 -0.2252577914797145 0.38204543262348467
-0.17563955801332973 -0.23479248803809402 0.4181190266529953
-0.1813502059263874 -0.24339683852905555 0.4549888112263074
-0.18760156730946284 -0.2525413816883648 0.49237300205564327
-0.19266213203339122 -0.26049511633056144 0.5304276134894789
-0.19588692598239235 -0.2666132173757272 0.5689769018624654
-0.19907604124509004 -0.27269542204867275 0.6075221659088569
-0.2023159190765158 -0.2788285034098443 0.6459347308569459
-0.20535420610092678 -0.2847600052513147 0.684165077211214
-0.20907875206478144 -0.29137828930100945 0.722089356122443
-0.21026978719242398 -0.2954627339969681 0.76000031753377
-0.21216301787633027 -0.300249196775876 0.7972025873404079
-0.21387536718678005 -0.3048547645800908 0.8337532797281756
-0.21624347260398538 -0.3101160363016745 0.8695259355114491
-0.21808631738106374 -0.31485204987706433 0.9047138718374254
-0.21869691693106144 -0.31835556589040265 0.9392861939938286
-0.22049980862540958 -0.3230561657630139 0.9728447873172987
-0.21937588355840315 -0.3248254769977097 1.0059359641244079
-0.21730654285252188 -0.3256501095659923 1.037859981281539
-0.21557443068921192 -0.32681137803707605 1.068214093518774
-0.21322772253194466 -0.3273580237921863 1.097067214713438
-0.21203299808765805 -0.3290566604695027 1.1241568902875472
-0.20921318088528137 -0.3291332068582177 1.1500185043580518
-0.2054592087971682 -0.3282725273101543 1.1743597049480912
-0.20071665719175624 -0.32642325359176216 1.1970232009405786
-0.1948688613814274 -0.3234687468919863 1.2178525004054501
-0.18768958466230262 -0.3191828517994287 1.2366625067328207
-0.1811123647027476 -0.31549898557219014 1.253045800622736
-0.17220574465286806 -0.30948563442600496 1.267677996048335
-0.15807868373337766 -0.29825186148942767 1.2805694576324234
-0.14278914567021056 -0.2858555644505581 1.2900720666506575
-0.12299005611074487 -0.26894972094020847 1.2963904824051553
-0.0989553830841215 -0.24780823452248632 1.2989650663490326
-0.051747091480795225 -0.203493185015658 1.3003166188556023
0.06574548877677057 -0.08889509344232134 1.3008570123514342
0.7086779704816587 0.5511365763632677 1.3025336154967728
0.7084162448047221 -0.5508748614776428 1.2569035777255637
0.065333638689083 0.08930688037885079 1.2550777489385585
-0.052283654826645966 0.20402968639739014 1.2543158252562023
-0.09977446703684212 0.2486272778596416 1.2526483966650834
-0.12619517453479995 0.2721548143819872 1.2491019301565656
-0.1437536486465149 0.28682003326302286 1.2434120232798787
-0.1548098243368097 0.2949829543838922 1.236054774462152
-0.1689148434415863 0.30619469577115827 1.2248898992591084
-0.17612499067741372 0.31051156580283107 1.2124075715591263
-0.18389996052432964 0.31539316510543924 1.1974835038353393
-0.19182069368162483 0.32042053105557355 1.1799769857378866
-0.19836568884000058 0.3240722594794492 1.1603306021213882
-0.2037505471101532 0.32656381551823066 1.1387667105028045
-0.208053188654992 0.3279731697672592 1.1154810334830518
-0.21067665041303157 0.32770024510815865 1.0907741338684176
-0.21407635846721407 0.32820660531340184 1.0642297075349754
-0.21669014861683902 0.32792703914905025 1.0361195580518132
-0.2187668223267913 0.32711035206402994 1.0065314422417069
-0.22120096074686108 0.3266505218706476 0.975375369594948
-0.22275971820479742 0.32531604048212154 0.9430085162735623
-0.22225922080381202 0.3219178629044095 0.9099422270996493
-0.22113068615441786 0.3178963988551653 0.8761928066063509
-0.2189121595242865 0.31278469765439615 0.8419585284594084
-0.21621603911059536 0.30719541482003865 0.8072351202955047
-0.21419707118878256 0.3022832261118661 0.7718237620258076
-0.2119905355040596 0.2971834504597456 0.7358447513834006
-0.2101689946371438 0.29246852344697405 0.6992884856422866
-0.20686902971856636 0.28627481262771826 0.6625791906919171
-0.20311383890748347 0.2796264076031329 0.6257461590236767
-0.199993482763543 0.27361284103601813 0.5886523109413248
-0.19686473794064518 0.2675910100646257 0.5514102375792447
-0.19367485385995414 0.26150781971089776 0.5141595876151525
-0.1882685804783541 0.25320837719559286 0.4774434477307064
-0.1824001775589296 0.24444679749329062 0.4412528276907037
-0.17693407067011388 0.23608698260037117 0.405515927220661
-0.1706274286259773 0.2268871647776455 0.3704971575826282
-0.16337284782248002 0.21673934877581 0.33639578368091866
-0.1562301922025856 0.20670343959032977 0.30320524928890286
-0.147375091907489 0.1949551100323037 0.27133845388533556
-0.1379292001682486 0.18261576921528486 0.2408529498322817
-0.12818329024166125 0.16997677976812367 0.21179481444305623
-0.11818677091389139 0.15708704530699666 0.18422547360338168
-0.10790724057954643 0.14391325719698786 0.15821965075897418
-0.09741963774491336 0.1305322958291559 0.13383360093173224
-0.08676695727732389 0.11698618229462522 0.11111434240110334
-0.07585722399052555 0.10318292668966858 0.09012142419560097
-0.06465337539107269 0.0890856196622928 0.07088871967898289
-0.053200307112123854 0.07473895475667866 0.05336972085654314
-0.04095786864254772 0.05960333956112099 0.037463513047873806
-0.026283544302610387 0.04203579085564808 0.02265719446054628
-0.025918338928847217 -0.04167059513091822 0.02320668894634105
-0.04046229233246418 -0.05910777276899135 0.03846788780988298
-0.0526121661189372 -0.07415082111152886 0.054866568646091816
-0.06395799353985004 -0.08839024779933237 0.07293830151034902
-0.07501479892407946 -0.10234051279528149 0.09278165577493744
-0.08589611014621532 -0.11611534341382482 0.11442602774581696
-0.09645970867520946 -0.12957238028837317 0.13786885141808808
-0.10690553253273498 -0.14291156018024057 0.1630333037282454
-0.11702352255809108 -0.15592380621850788 0.18988700563871397
-0.1269238032286703 -0.1687173012946832 0.21833937082588012
-0.1365617225929102 -0.1812482931788366 0.24832372580041498
-0.14609695539130768 -0.19367697191918606 0.2797654484804177
-0.15444517924300322 -0.20491843349951241 0.31269016035016445
-0.16196303908581877 -0.2153295491312328 0.34685551830450606
-0.16899805144354743 -0.2252577914797145 0.38204543262348467
-0.17563955801332973 -0.23479248803809402 0.4181190266529953
-0.1813502059263874 -0.24339683852905555 0.4549888112263074
-0.18760156730946284 -0.2525413816883648 0.49237300205564327
-0.19266213203339122 -0.26049511633056144 0.5304276134894789
-0.19588692598239235 -0.2666132173757272 0.5689769018624654
-0.19907604124509004 -0.27269542204867275 0.6075221659088569
-0.2023159190765158 -0.2788285034098443 0.6459347308569459
-0.20535420610092678 -0.2847600052513147 0.684165077211214
-0.20907875206478144 -0.29137828930100945 0.722089356122443
-0.21026978719242398 -0.2954627339969681 0.76000031753377
-0.21216301787633027 -0.300249196775876 0.7972025873404079
-0.21387536718678005 -0.3048547645800908 0.8337532797281756
-0.21624347260398538 -0.3101160363016745 0.8695259355114491
-0.21808631738106374 -0.31485204987706433 0.9047138718374254
-0.21869691693106144 -0.31835556589040265 0.9392861939938286
-0.22049980862540958 -0.3230561657630139 0.9728447873172987
-0.21937588355840315 -0.3248254769977097 1.0059359641244079
-0.21730654285252188 -0.3256501095659923 1.037859981281539
-0.21557443068921192 -0.32681137803707605 1.068214093518774
-0.21322772253194466 -0.3273580237921863 1.097067214713438
-0.21203299808765805 -0.3290566604695027 1.1241568902875472
-0.20921318088528137 -0.3291332068582177 1.1500185043580518
-0.2054592087971682 -0.3282725273101543 1.1743597049480912
-0.20071665719175624 -0.32642325359176216 1.1970232009405786
-0.1948688613814274 -0.3234687468919863 1.2178525004054501
-0.18768958466230262 -0.3191828517994287 1.2366625067328207
-0.1811123647027476 -0.31549898557219014 1.253045800622736
-0.17220574465286806 -0.30948563442600496 1.267677996048335
-0.15807868373337766 -0.29825186148942767 1.2805694576324234
-0.14278914567021056 -0.2858555644505581 1.2900720666506575
-0.12299005611074487 -0.26894972094020847 1.2963904824051553
-0.0989553830841215 -0.24780823452248632 1.2989650663490326
-0.051747091480795225 -0.203493185015658 1.3003166188556023
0.06574548877677057 -0.08889509344232134 1.3008570123514342
0.7086779704816587 0.5511365763632677 1.3025336154967728
0.7084162448047221 -0.5508748614776428 1.2569035777255637
0.065333638689083 0.08930688037885079 1.2550777489385585
-0.052283654826645966 0.20402968639739014 1.2543158252562023
-0.09977446703684212 0.2486272778596416 1.2526483966650834
-0.12619517453479995 0.2721548143819872 1.2491019301565656
-0.1437536486465149 0.28682003326302286 1.2434120232798787
-0.1548098243368097 0.2949829543838922 1.236054774462152
-0.1689148434415863 0.30619469577115827 1.2248898992591084
-0.17612499067741372 0.31051156580283107 1.2124075715591263
-0.18389996052432964 0.31539316510543924 1.1974835038353393
-0.19182069368162483 0.32042053105557355 1.1799769857378866
-0.19836568884000058 0.3240722594794492 1.1603306021213882
-0.2037505471101532 0.32656381551823066 1.1387667105028045
-0.208053188654992 0.3279731697672592 1.1154810334830518
-0.21067665041303157 0.32770024510815865 1.0907741338684176
-0.21407635846721407 0.32820660531340184 1.0642297075349754
-0.21669014861683902 0.32792703914905025 1.0361195580518132
-0.2187668223267913 0.32711035206402994 1.0065314422417069
-0.22120096074686108 0.3266505218706476 0.975375369594948
-0.22275971820479742 0.32531604048212154 0.9430085162735623
-0.22225922080381202 0.3219178629044095 0.9099422270996493
-0.22113068615441786 0.3178963988551653 0.8761928066063509
-0.2189121595242865 0.31278469765439615 0.8419585284594084
-0.21621603911059536 0.30719541482003865 0.8072351202955047
-0.21419707118878256 0.3022832261118661 0.7718237620258076
-0.2119905355040596 0.2971834504597456 0.7358447513834006
-0.2101689946371438 0.29246852344697405 0.6992884856422866
-0.20686902971856636 0.28627481262771826 0.6625791906919171
-0.20311383890748347 0.2796264076031329 0.6257461590236767
-0.199993482763543 0.27361284103601813 0.5886523109413248
-0.19686473794064518 0.2675910100646257 0.5514102375792447
-0.19367485385995414 0.26150781971089776 0.5141595876151525
-0.1882685804783541 0.25320837719559286 0.4774434477307064
-0.1824001775589296 0.24444679749329062 0.4412528276907037
-0.17693407067011388 0.23608698260037117 0.405515927220661
-0.1706274286259773 0.2268871647776455 0.3704971575826282
-0.16337284782248002 0.21673934877581 0.33639578368091866
-0.1562301922025856 0.20670343959032977 0.30320524928890286
-0.147375091907489 0.1949551100323037 0.27133845388533556
-0.1379292001682486 0.18261576921528486 0.2408529498322817
-0.12818329024166125 0.16997677976812367 0.21179481444305623
-0.11818677091389139 0.15708704530699666 0.18422547360338168
-0.10790724057954643 0.14391325719698786 0.15821965075897418
-0.09741963774491336 0.1305322958291559 0.13383360093173224
-0.08676695727732389 0.11698618229462522 0.11111434240110334
-0.07585722399052555 0.10318292668966858 0.09012142419560097
-0.06465337539107269 0.0890856196622928 0.07088871967898289
-0.053200307112123854 0.07473895475667866 0.05336972085654314
-0.04095786864254772 0.05960333956112099 0.037463513047873806
-0.026283544302610387 0.04203579085564808 0.02265719446054628

VECTORS Vvpm_AB float
0.16222524642944336 0.17227885127067566 -0.7237226963043213
0.16222673654556274 0.17227891087532043 -0.7237271666526794
0.162228524684906 0.1722792685031891 -0.7237344980239868
0.16221751272678375 0.17228065431118011 -0.7237094640731812
0.1622118204832077 0.17228193581104279 -0.7236987352371216
0.1622062772512436 0.172282412648201 -0.7236865758895874
0.16220316290855408 0.17228330671787262 -0.723680853843689
0.16220194101333618 0.17228375375270844 -0.7236800789833069
0.16218475997447968 0.17228512465953827 -0.723638653755188
0.16218751668930054 0.17228484153747559 -0.723646879196167
0.16219237446784973 0.17228403687477112 -0.7236596345901489
0.162192240357399 0.17228233814239502 -0.7236570119857788
0.16219520568847656 0.1722812056541443 -0.7236619591712952
0.16219773888587952 0.17228014767169952 -0.7236657738685608
0.1622011363506317 0.17227862775325775 -0.7236700057983398
0.1622033417224884 0.17227797210216522 -0.723675012588501
0.1622011363506317 0.17227554321289062 -0.7236649990081787
0.1622033566236496 0.172275111079216 -0.7236700057983398
0.16220545768737793 0.17227470874786377 -0.7236748933792114
0.16220736503601074 0.1722732037305832 -0.7236759662628174
0.1622113287448883 0.1722722053527832 -0.723682165145874
0.16221266984939575 0.1722719818353653 -0.7236852645874023
0.16221356391906738 0.17227183282375336 -0.7236878871917725
0.1622113585472107 0.17226892709732056 -0.7236791253089905
0.16221264004707336 0.17226725816726685 -0.7236777544021606
0.16221317648887634 0.17226707935333252 -0.7236800193786621
0.16221371293067932 0.1722671091556549 -0.7236824035644531
0.16221551597118378 0.17226657271385193 -0.723685622215271
0.1622169315814972 0.17226649820804596 -0.7236886024475098
0.16222165524959564 0.17226473987102509 -0.7236958742141724
0.16219693422317505 0.17226234078407288 -0.7236204147338867
0.16219893097877502 0.17226187884807587 -0.7236238121986389
0.16220000386238098 0.17225836217403412 -0.7236150503158569
0.16220039129257202 0.17225836217403412 -0.7236161231994629
0.1622006595134735 0.17225857079029083 -0.7236175537109375
0.16220110654830933 0.17225828766822815 -0.7236188054084778
0.16218975186347961 0.1722497045993805 -0.7235758900642395
0.16219118237495422 0.1722494512796402 -0.7235790491104126
0.1621924489736557 0.17224937677383423 -0.7235822677612305
0.1621938943862915 0.17224906384944916 -0.7235851883888245
0.16219350695610046 0.17224948108196259 -0.7235867381095886
0.16219279170036316 0.17224949598312378 -0.7235885858535767
0.1621936857700348 0.1722494214773178 -0.7235914468765259
0.1621946096420288 0.17224948108196259 -0.7235939502716064
0.1621955931186676 0.17224934697151184 -0.7235969305038452
0.16219651699066162 0.1722491979598999 -0.7235997319221497
0.16219833493232727 0.1722489446401596 -0.7236031293869019
0.16219934821128845 0.17224891483783722 -0.723605751991272
0.16219347715377808 0.17224985361099243 -0.723594069480896
0.16217206418514252 0.1722363829612732 -0.7235121130943298
0.1621713787317276 0.1722363382577896 -0.7235122323036194
0.16219162940979004 0.17224949598312378 -0.7235947847366333
0.1621975302696228 0.17224831879138947 -0.7236064672470093
0.1621965765953064 0.17224840819835663 -0.7236036062240601
0.1621948778629303 0.17224858701229095 -0.7236000299453735
0.16219401359558105 0.17224851250648499 -0.7235973477363586
0.16219303011894226 0.1722487211227417 -0.7235945463180542
0.16219201683998108 0.17224904894828796 -0.7235919237136841
0.16219118237495422 0.172248974442482 -0.7235891819000244
0.1621919572353363 0.17224884033203125 -0.7235875725746155
0.1621922254562378 0.17224884033203125 -0.723585844039917
0.16219088435173035 0.1722489446401596 -0.7235826253890991
0.16218967735767365 0.17224912345409393 -0.7235797643661499
0.16218827664852142 0.1722491979598999 -0.723576545715332
0.16219860315322876 0.17225737869739532 -0.723619818687439
0.16219821572303772 0.1722576916217804 -0.7236183881759644
0.16219782829284668 0.172257661819458 -0.7236170172691345
0.16219761967658997 0.1722577065229416 -0.7236156463623047
0.16219739615917206 0.17226152122020721 -0.7236243486404419
0.16219574213027954 0.17226175963878632 -0.7236210107803345
0.16222068667411804 0.17226442694664001 -0.7236959934234619
0.1622156798839569 0.1722659170627594 -0.7236889600753784
0.16221418976783752 0.17226630449295044 -0.7236860990524292
0.162212535738945 0.1722666323184967 -0.7236828207969666
0.16221199929714203 0.17226673662662506 -0.7236804962158203
0.16221138834953308 0.1722668558359146 -0.7236784100532532
0.1622106432914734 0.17226888239383698 -0.7236793041229248
0.1622123420238495 0.17227129638195038 -0.7236882448196411
0.1622115820646286 0.17227160930633545 -0.723685622215271
0.162210151553154 0.17227201163768768 -0.723682701587677
0.16220596432685852 0.17227302491664886 -0.7236764430999756
0.16220450401306152 0.1722744107246399 -0.7236753702163696
0.1622023731470108 0.17227494716644287 -0.723670482635498
0.1622002273797989 0.1722753643989563 -0.7236653566360474
0.16220229864120483 0.17227782309055328 -0.723675549030304
0.1621999740600586 0.17227832973003387 -0.7236701250076294
0.1621967852115631 0.17227976024150848 -0.7236660718917847
0.16219462454319 0.17228102684020996 -0.7236621975898743
0.1621919870376587 0.1722821742296219 -0.723656952381134
0.16219186782836914 0.17228388786315918 -0.7236596941947937
0.16218647360801697 0.172284334897995 -0.7236472368240356
0.16218367218971252 0.17228461802005768 -0.7236390709877014
0.16220051050186157 0.17228330671787262 -0.7236806154251099
0.1622011512517929 0.17228257656097412 -0.7236815690994263
0.16220438480377197 0.17228201031684875 -0.7236870527267456
0.16220957040786743 0.17228101193904877 -0.7236994504928589
0.16221529245376587 0.17228008806705475 -0.7237101793289185
0.16222625970840454 0.17227862775325775 -0.7237350940704346
0.1622244417667389 0.17227812111377716 -0.7237280607223511
0.1622225046157837 0.17227792739868164 -0.7237237691879272
0.16222524642944336 0.17227885127067566 -0.7237226963043213
0.16222673654556274 0.17227891087532043 -0.7237271666526794
0.162228524684906 0.1722792685031891 -0.7237344980239868
0.16221751272678375 0.17228065431118011 -0.7237094640731812
0.1622118204832077 0.17228193581104279 -0.7236987352371216
0.1622062772512436 0.172282412648201 -0.7236865758895874
0.16220316290855408 0.17228330671787262 -0.723680853843689
0.16220194101333618 0.17228375375270844 -0.7236800789833069
0.16218475997447968 0.17228512465953827 -0.723638653755188
0.16218751668930054 0.17228484153747559 -0.723646879196167
0.16219237446784973 0.17228403687477112 -0.7236596345901489
0.162192240357399 0.17228233814239502 -0.7236570119857788
0.16219520568847656 0.1722812056541443 -0.7236619591712952
0.16219773888587952 0.17228014767169952 -0.7236657738685608
0.1622011363506317 0.17227862775325775 -0.7236700057983398
0.1622033417224884 0.17227797210216522 -0.723675012588501
0.1622011363506317 0.17227554321289062 -0.7236649990081787
0.1622033566236496 0.172275111079216 -0.7236700057983398
0.16220545768737793 0.17227470874786377 -0.7236748933792114
0.16220736503601074 0.1722732037305832 -0.7236759662628174
0.1622113287448883 0.1722722053527832 -0.723682165145874
0.16221266984939575 0.1722719818353653 -0.7236852645874023
0.16221356391906738 0.17227183282375336 -0.7236878871917725
0.1622113585472107 0.17226892709732056 -0.7236791253089905
0.16221264004707336 0.17226725816726685 -0.7236777544021606
0.16221317648887634 0.17226707935333252 -0.7236800193786621
0.16221371293067932 0.1722671091556549 -0.7236824035644531
0.16221551597118378 0.17226657271385193 -0.723685622215271
0.1622169315814972 0.17226649820804596 -0.7236886024475098
0.16222165524959564 0.17226473987102509 -0.7236958742141724
0.16219693422317505 0.17226234078407288 -0.7236204147338867
0.16219893097877502 0.17226187884807587 -0.7236238121986389
0.16220000386238098 0.17225836217403412 -0.7236150503158569
0.16220039129257202 0.17225836217403412 -0.7236161231994629
0.1622006595134735 0.17225857079029083 -0.7236175537109375
0.16220110654830933 0.17225828766822815 -0.7236188054084778
0.16218975186347961 0.1722497045993805 -0.7235758900642395
0.16219118237495422 0.1722494512796402 -0.7235790491104126
0.1621924489736557 0.17224937677383423 -0.7235822677612305
0.1621938943862915 0.17224906384944916 -0.7235851883888245
0.16219350695610046 0.17224948108196259 -0.7235867381095886
0.16219279170036316 0.17224949598312378 -0.7235885858535767
0.1621936857700348 0.1722494214773178 -0.7235914468765259
0.1621946096420288 0.17224948108196259 -0.7235939502716064
0.1621955931186676 0.17224934697151184 -0.7235969305038452
0.16219651699066162 0.1722491979598999 -0.7235997319221497
0.16219833493232727 0.1722489446401596 -0.7236031293869019
0.16219934821128845 0.17224891483783722 -0.723605751991272
0.16219347715377808 0.17224985361099243 -0.723594069480896
0.16217206418514252 0.1722363829612732 -0.7235121130943298
0.1621713787317276 0.1722363382577896 -0.7235122323036194
0.16219162940979004 0.17224949598312378 -0.7235947847366333
0.1621975302696228 0.17224831879138947 -0.7236064672470093
0.1621965765953064 0.17224840819835663 -0.7236036062240601
0.1621948778629303 0.17224858701229095 -0.7236000299453735
0.16219401359558105 0.17224851250648499 -0.7235973477363586
0.16219303011894226 0.1722487211227417 -0.7235945463180542
0.16219201683998108 0.17224904894828796 -0.7235919237136841
0.16219118237495422 0.172248974442482 -0.7235891819000244
0.1621919572353363 0.17224884033203125 -0.7235875725746155
0.1621922254562378 0.17224884033203125 -0.723585844039917
0.16219088435173035 0.1722489446401596 -0.7235826253890991
0.16218967735767365 0.17224912345409393 -0.7235797643661499
0.16218827664852142 0.1722491979598999 -0.723576545715332
0.16219860315322876 0.17225737869739532 -0.723619818687439
0.16219821572303772 0.1722576916217804 -0.7236183881759644
0.16219782829284668 0.172257661819458 -0.7236170172691345
0.16219761967658997 0.1722577065229416 -0.7236156463623047
0.16219739615917206 0.17226152122020721 -0.7236243486404419
0.16219574213027954 0.17226175963878632 -0.7236210107803345
0.16222068667411804 0.17226442694664001 -0.7236959934234619
0.1622156798839569 0.1722659170627594 -0.7236889600753784
0.16221418976783752 0.17226630449295044 -0.7236860990524292
0.162212535738945 0.1722666323184967 -0.7236828207969666
0.16221199929714203 0.17226673662662506 -0.7236804962158203
0.16221138834953308 0.1722668558359146 -0.7236784100532532
0.1622106432914734 0.17226888239383698 -0.7236793041229248
0.1622123420238495 0.17227129638195038 -0.7236882448196411
0.1622115820646286 0.17227160930633545 -0.723685622215271
0.162210151553154 0.17227201163768768 -0.723682701587677
0.16220596432685852 0.17227302491664886 -0.7236764430999756
0.16220450401306152 0.1722744107246399 -0.7236753702163696
0.1622023731470108 0.17227494716644287 -0.723670482635498
0.1622002273797989 0.1722753643989563 -0.7236653566360474
0.16220229864120483 0.17227782309055328 -0.723675549030304
0.1621999740600586 0.17227832973003387 -0.7236701250076294
0.1621967852115631 0.17227976024150848 -0.7236660718917847
0.16219462454319 0.17228102684020996 -0.7236621975898743
0.1621919870376587 0.1722821742296219 -0.723656952381134
0.16219186782836914 0.17228388786315918 -0.7236596941947937
0.16218647360801697 0.172284334897995 -0.7236472368240356
0.16218367218971252 0.17228461802005768 -0.7236390709877014
0.16220051050186157 0.17228330671787262 -0.7236806154251099
0.1622011512517929 0.17228257656097412 -0.7236815690994263
0.16220438480377197 0.17228201031684875 -0.7236870527267456
0.16220957040786743 0.17228101193904877 -0.7236994504928589
0.16221529245376587 0.17228008806705475 -0.7237101793289185
0.16222625970840454 0.17227862775325775 -0.7237350940704346
0.1622244417667389 0.17227812111377716 -0.7237280607223511
0.1622225046157837 0.17227792739868164 -0.7237237691879272