# vtk DataFile Version 4.0
[MyVLM domain - lattices] 
ASCII
DATASET UNSTRUCTURED_GRID
POINTS 302 float
1.2444999999999997 -1.2445 0.0
1.2399745454545452 -1.2399745454545454 0.0
1.2346178849721705 -1.2346178849721707 0.0
1.2284300185528754 -1.2284300185528756 0.0
1.2214109461966602 -1.2214109461966605 0.0
1.2135606679035247 -1.213560667903525 0.0
1.2048791836734691 -1.2048791836734694 0.0
1.1953664935064932 -1.1953664935064934 0.0
1.1850225974025972 -1.1850225974025974 0.0
1.1738474953617808 -1.173847495361781 0.0
1.1618411873840442 -1.1618411873840444 0.0
1.1490036734693874 -1.1490036734693876 0.0
1.1353349536178106 -1.1353349536178108 0.0
1.1208350278293133 -1.1208350278293135 0.0
1.1055038961038959 -1.105503896103896 0.0
1.0893415584415582 -1.0893415584415584 0.0
1.0723480148423004 -1.0723480148423006 0.0
1.054523265306122 -1.0545232653061223 0.0
1.0358673098330238 -1.035867309833024 0.0
1.0163801484230053 -1.0163801484230055 0.0
0.9960617810760664 -0.9960617810760668 0.0
0.9749122077922076 -0.9749122077922077 0.0
0.9529314285714284 -0.9529314285714284 0.0
0.9301194434137288 -0.930119443413729 0.0
0.9064762523191091 -0.9064762523191096 0.0
0.8820018552875695 -0.8820018552875695 0.0
0.8566962523191093 -0.8566962523191094 0.0
0.8305594434137288 -0.8305594434137291 0.0
0.8035914285714284 -0.8035914285714285 0.0
0.7757922077922076 -0.7757922077922077 0.0
0.7471617810760666 -0.7471617810760667 0.0
0.7177001484230053 -0.7177001484230054 0.0
0.6874073098330239 -0.687407309833024 0.0
0.6562832653061222 -0.6562832653061225 0.0
0.6243280148423004 -0.6243280148423005 0.0
0.5915415584415582 -0.5915415584415583 0.0
0.5579238961038958 -0.5579238961038959 0.0
0.5234750278293133 -0.5234750278293134 0.0
0.48819495361781057 -0.48819495361781057 0.0
0.4520836734693877 -0.4520836734693877 0.0
0.4151411873840445 -0.4151411873840446 0.0
0.37736749536178105 -0.37736749536178116 0.0
0.3387625974025974 -0.3387625974025974 0.0
0.2993264935064933 -0.29932649350649343 0.0
0.25905918367346925 -0.25905918367346925 0.0
0.21796066790352486 -0.21796066790352486 0.0
0.17603094619666027 -0.1760309461966605 0.0
0.13327001855287546 -0.13327001855287568 0.0
0.08967788497217066 -0.08967788497217066 0.0
0.045254545454545436 -0.045254545454545436 0.0
0.0 0.0 0.0
0.04525454545454545 0.04525454545454546 0.0
0.08967788497217066 0.08967788497217068 0.0
0.13327001855287568 0.1332700185528757 0.0
0.17603094619666046 0.1760309461966605 0.0
0.21796066790352497 0.21796066790352508 0.0
0.2590591836734693 0.25905918367346936 0.0
0.29932649350649343 0.2993264935064935 0.0
0.3387625974025973 0.33876259740259734 0.0
0.37736749536178094 0.377367495361781 0.0
0.41514118738404443 0.4151411873840445 0.0
0.45208367346938766 0.4520836734693878 0.0
0.48819495361781057 0.4881949536178107 0.0
0.5234750278293133 0.5234750278293134 0.0
0.5579238961038959 0.557923896103896 0.0
0.5915415584415582 0.5915415584415583 0.0
0.6243280148423003 0.6243280148423004 0.0
0.6562832653061222 0.6562832653061225 0.0
0.687407309833024 0.6874073098330241 0.0
0.7177001484230054 0.7177001484230056 0.0
0.7471617810760667 0.7471617810760669 0.0
0.7757922077922076 0.7757922077922077 0.0
0.8035914285714284 0.8035914285714285 0.0
0.8305594434137288 0.830559443413729 0.0
0.8566962523191093 0.8566962523191094 0.0
0.8820018552875692 0.8820018552875695 0.0
0.9064762523191091 0.9064762523191093 0.0
0.9301194434137288 0.9301194434137292 0.0
0.9529314285714284 0.9529314285714284 0.0
0.9749122077922076 0.9749122077922077 0.0
0.9960617810760666 0.9960617810760668 0.0
1.0163801484230053 1.0163801484230055 0.0
1.0358673098330238 1.035867309833024 0.0
1.054523265306122 1.0545232653061223 0.0
1.0723480148423001 1.0723480148423004 0.0
1.0893415584415582 1.0893415584415584 0.0
1.1055038961038959 1.105503896103896 0.0
1.120835027829313 1.1208350278293133 0.0
1.1353349536178106 1.1353349536178106 0.0
1.1490036734693874 1.1490036734693876 0.0
1.1618411873840444 1.1618411873840446 0.0
1.1738474953617808 1.173847495361781 0.0
1.1850225974025972 1.1850225974025972 0.0
1.1953664935064932 1.1953664935064934 0.0
1.2048791836734691 1.2048791836734694 0.0
1.2135606679035245 1.2135606679035247 0.0
1.22141094619666 1.2214109461966602 0.0
1.2284300185528754 1.2284300185528756 0.0
1.2346178849721703 1.2346178849721705 0.0
1.2399745454545452 1.2399745454545454 0.0
1.2444999999999997 1.2445 0.0
1.7422999999999997 -1.2445 0.0
1.7377745454545452 -1.2399745454545454 0.0
1.7324178849721703 -1.2346178849721707 0.0
1.7262300185528754 -1.2284300185528756 0.0
1.7192109461966603 -1.2214109461966605 0.0
1.7113606679035245 -1.213560667903525 0.0
1.7026791836734692 -1.2048791836734694 0.0
1.6931664935064934 -1.1953664935064934 0.0
1.6828225974025972 -1.1850225974025974 0.0
1.6716474953617806 -1.173847495361781 0.0
1.6596411873840444 -1.1618411873840444 0.0
1.6468036734693878 -1.1490036734693876 0.0
1.6331349536178106 -1.1353349536178108 0.0
1.6186350278293133 -1.1208350278293135 0.0
1.603303896103896 -1.105503896103896 0.0
1.5871415584415582 -1.0893415584415584 0.0
1.5701480148423004 -1.0723480148423006 0.0
1.552323265306122 -1.0545232653061223 0.0
1.5336673098330238 -1.035867309833024 0.0
1.5141801484230053 -1.0163801484230055 0.0
1.4938617810760666 -0.9960617810760668 0.0
1.4727122077922075 -0.9749122077922077 0.0
1.4507314285714283 -0.9529314285714284 0.0
1.4279194434137288 -0.930119443413729 0.0
1.4042762523191092 -0.9064762523191096 0.0
1.3798018552875693 -0.8820018552875695 0.0
1.3544962523191093 -0.8566962523191094 0.0
1.328359443413729 -0.8305594434137291 0.0
1.3013914285714283 -0.8035914285714285 0.0
1.2735922077922077 -0.7757922077922077 0.0
1.2449617810760665 -0.7471617810760667 0.0
1.2155001484230055 -0.7177001484230054 0.0
1.1852073098330238 -0.687407309833024 0.0
1.1540832653061224 -0.6562832653061225 0.0
1.1221280148423003 -0.6243280148423005 0.0
1.0893415584415582 -0.5915415584415583 0.0
1.055723896103896 -0.5579238961038959 0.0
1.0212750278293132 -0.5234750278293134 0.0
0.9859949536178108 -0.48819495361781057 0.0
0.9498836734693876 -0.4520836734693877 0.0
0.9129411873840445 -0.4151411873840446 0.0
0.875167495361781 -0.37736749536178116 0.0
0.8365625974025973 -0.3387625974025974 0.0
0.7971264935064933 -0.29932649350649343 0.0
0.7568591836734693 -0.25905918367346925 0.0
0.7157606679035249 -0.21796066790352486 0.0
0.6738309461966603 -0.1760309461966605 0.0
0.6310700185528755 -0.13327001855287568 0.0
0.5874778849721707 -0.08967788497217066 0.0
0.5430545454545455 -0.045254545454545436 0.0
0.4978 0.0 0.0
0.5430545454545455 0.04525454545454546 0.0
0.5874778849721707 0.08967788497217068 0.0
0.6310700185528757 0.1332700185528757 0.0
0.6738309461966605 0.1760309461966605 0.0
0.715760667903525 0.21796066790352508 0.0
0.7568591836734693 0.25905918367346936 0.0
0.7971264935064934 0.2993264935064935 0.0
0.8365625974025973 0.33876259740259734 0.0
0.875167495361781 0.377367495361781 0.0
0.9129411873840445 0.4151411873840445 0.0
0.9498836734693876 0.4520836734693878 0.0
0.9859949536178105 0.4881949536178107 0.0
1.0212750278293132 0.5234750278293134 0.0
1.055723896103896 0.557923896103896 0.0
1.0893415584415582 0.5915415584415583 0.0
1.1221280148423003 0.6243280148423004 0.0
1.1540832653061224 0.6562832653061225 0.0
1.185207309833024 0.6874073098330241 0.0
1.2155001484230055 0.7177001484230056 0.0
1.2449617810760667 0.7471617810760669 0.0
1.2735922077922077 0.7757922077922077 0.0
1.3013914285714283 0.8035914285714285 0.0
1.3283594434137287 0.830559443413729 0.0
1.3544962523191093 0.8566962523191094 0.0
1.3798018552875693 0.8820018552875695 0.0
1.4042762523191092 0.9064762523191093 0.0
1.427919443413729 0.9301194434137292 0.0
1.4507314285714283 0.9529314285714284 0.0
1.4727122077922075 0.9749122077922077 0.0
1.4938617810760666 0.9960617810760668 0.0
1.5141801484230053 1.0163801484230055 0.0
1.5336673098330238 1.035867309833024 0.0
1.552323265306122 1.0545232653061223 0.0
1.5701480148423002 1.0723480148423004 0.0
1.5871415584415582 1.0893415584415584 0.0
1.603303896103896 1.105503896103896 0.0
1.6186350278293131 1.1208350278293133 0.0
1.6331349536178106 1.1353349536178106 0.0
1.6468036734693874 1.1490036734693876 0.0
1.6596411873840444 1.1618411873840446 0.0
1.6716474953617806 1.173847495361781 0.0
1.6828225974025972 1.1850225974025972 0.0
1.6931664935064934 1.1953664935064934 0.0
1.7026791836734692 1.2048791836734694 0.0
1.7113606679035245 1.2135606679035247 0.0
1.71921094619666 1.2214109461966602 0.0
1.7262300185528754 1.2284300185528756 0.0
1.7324178849721703 1.2346178849721705 0.0
1.7377745454545452 1.2399745454545454 0.0
1.7422999999999997 1.2445 0.0
1.6155872727272724 -1.2422372727272726 0.0
1.6106462152133578 -1.237296215213358 0.0
1.604873951762523 -1.2315239517625232 0.0
1.598270482374768 -1.224920482374768 0.0
1.5908358070500925 -1.2174858070500927 0.0
1.582569925788497 -1.2092199257884972 0.0
1.5734728385899812 -1.2001228385899814 0.0
1.5635445454545454 -1.1901945454545453 0.0
1.552785046382189 -1.1794350463821892 0.0
1.5411943413729126 -1.1678443413729127 0.0
1.5287724304267158 -1.155422430426716 0.0
1.5155193135435991 -1.142169313543599 0.0
1.501434990723562 -1.1280849907235622 0.0
1.4865194619666047 -1.1131694619666048 0.0
1.4707727272727271 -1.0974227272727273 0.0
1.4541947866419294 -1.0808447866419293 0.0
1.4367856400742112 -1.0634356400742113 0.0
1.418545287569573 -1.0451952875695731 0.0
1.3994737291280146 -1.0261237291280147 0.0
1.379570964749536 -1.0062209647495362 0.0
1.358836994434137 -0.9854869944341371 0.0
1.337271818181818 -0.9639218181818181 0.0
1.3148754359925787 -0.9415254359925787 0.0
1.291647847866419 -0.9182978478664192 0.0
1.2675890538033394 -0.8942390538033393 0.0
1.2426990538033393 -0.8693490538033395 0.0
1.2169778478664193 -0.8436278478664192 0.0
1.1904254359925788 -0.8170754359925788 0.0
1.163041818181818 -0.7896918181818181 0.0
1.1348269944341371 -0.7614769944341371 0.0
1.105780964749536 -0.7324309647495362 0.0
1.0759037291280147 -0.7025537291280148 0.0
1.0451952875695731 -0.6718452875695733 0.0
1.0136556400742114 -0.6403056400742114 0.0
0.9812847866419293 -0.6079347866419293 0.0
0.9480827272727271 -0.5747327272727272 0.0
0.9140494619666047 -0.5406994619666048 0.0
0.8791849907235622 -0.5058349907235622 0.0
0.8434893135435992 -0.47013931354359917 0.0
0.8069624304267162 -0.43361243042671627 0.0
0.7696043413729128 -0.3962543413729128 0.0
0.7314150463821893 -0.3580650463821894 0.0
0.6923945454545455 -0.3190445454545454 0.0
0.6525428385899814 -0.27919283858998134 0.0
0.6118599257884971 -0.23850992578849706 0.0
0.5703458070500929 -0.19699580705009279 0.0
0.5280004823747682 -0.15465048237476808 0.0
0.4848239517625232 -0.11147395176252317 0.0
0.4408162152133581 -0.06746621521335805 0.0
0.39597727272727273 -0.022627272727272718 0.0
0.39597727272727273 0.02262727272727273 0.0
0.4408162152133581 0.06746621521335806 0.0
0.4848239517625232 0.11147395176252319 0.0
0.528000482374768 0.15465048237476808 0.0
0.5703458070500929 0.19699580705009276 0.0
0.6118599257884971 0.23850992578849717 0.0
0.6525428385899814 0.2791928385899814 0.0
0.6923945454545455 0.3190445454545454 0.0
0.7314150463821891 0.3580650463821891 0.0
0.7696043413729128 0.39625434137291277 0.0
0.8069624304267162 0.43361243042671616 0.0
0.8434893135435992 0.4701393135435992 0.0
0.8791849907235619 0.5058349907235621 0.0
0.9140494619666046 0.5406994619666047 0.0
0.9480827272727271 0.5747327272727272 0.0
0.9812847866419294 0.6079347866419295 0.0
1.0136556400742114 0.6403056400742114 0.0
1.0451952875695731 0.6718452875695732 0.0
1.0759037291280147 0.7025537291280147 0.0
1.105780964749536 0.7324309647495362 0.0
1.1348269944341371 0.7614769944341373 0.0
1.163041818181818 0.789691818181818 0.0
1.1904254359925786 0.8170754359925786 0.0
1.216977847866419 0.843627847866419 0.0
1.2426990538033393 0.8693490538033394 0.0
1.2675890538033392 0.8942390538033393 0.0
1.291647847866419 0.9182978478664192 0.0
1.3148754359925787 0.9415254359925787 0.0
1.3372718181818182 0.9639218181818181 0.0
1.3588369944341372 0.9854869944341373 0.0
1.379570964749536 1.0062209647495362 0.0
1.3994737291280148 1.0261237291280147 0.0
1.418545287569573 1.0451952875695731 0.0
1.4367856400742112 1.0634356400742113 0.0
1.4541947866419291 1.0808447866419293 0.0
1.470772727272727 1.097422727272727 0.0
1.4865194619666047 1.1131694619666048 0.0
1.501434990723562 1.128084990723562 0.0
1.5155193135435991 1.1421693135435993 0.0
1.528772430426716 1.1554224304267162 0.0
1.5411943413729128 1.1678443413729127 0.0
1.5527850463821888 1.179435046382189 0.0
1.5635445454545451 1.1901945454545453 0.0
1.573472838589981 1.2001228385899811 0.0
1.5825699257884969 1.209219925788497 0.0
1.5908358070500925 1.2174858070500927 0.0
1.5982704823747678 1.224920482374768 0.0
1.604873951762523 1.2315239517625232 0.0
1.6106462152133578 1.237296215213358 0.0
1.6155872727272724 1.2422372727272726 0.0

CELLS 200 700
4 0 101 102 1
4 1 102 103 2
4 2 103 104 3
4 3 104 105 4
4 4 105 106 5
4 5 106 107 6
4 6 107 108 7
4 7 108 109 8
4 8 109 110 9
4 9 110 111 10
4 10 111 112 11
4 11 112 113 12
4 12 113 114 13
4 13 114 115 14
4 14 115 116 15
4 15 116 117 16
4 16 117 118 17
4 17 118 119 18
4 18 119 120 19
4 19 120 121 20
4 20 121 122 21
4 21 122 123 22
4 22 123 124 23
4 23 124 125 24
4 24 125 126 25
4 25 126 127 26
4 26 127 128 27
4 27 128 129 28
4 28 129 130 29
4 29 130 131 30
4 30 131 132 31
4 31 132 133 32
4 32 133 134 33
4 33 134 135 34
4 34 135 136 35
4 35 136 137 36
4 36 137 138 37
4 37 138 139 38
4 38 139 140 39
4 39 140 141 40
4 40 141 142 41
4 41 142 143 42
4 42 143 144 43
4 43 144 145 44
4 44 145 146 45
4 45 146 147 46
4 46 147 148 47
4 47 148 149 48
4 48 149 150 49
4 49 150 151 50
4 50 151 152 51
4 51 152 153 52
4 52 153 154 53
4 53 154 155 54
4 54 155 156 55
4 55 156 157 56
4 56 157 158 57
4 57 158 159 58
4 58 159 160 59
4 59 160 161 60
4 60 161 162 61
4 61 162 163 62
4 62 163 164 63
4 63 164 165 64
4 64 165 166 65
4 65 166 167 66
4 66 167 168 67
4 67 168 169 68
4 68 169 170 69
4 69 170 171 70
4 70 171 172 71
4 71 172 173 72
4 72 173 174 73
4 73 174 175 74
4 74 175 176 75
4 75 176 177 76
4 76 177 178 77
4 77 178 179 78
4 78 179 180 79
4 79 180 181 80
4 80 181 182 81
4 81 182 183 82
4 82 183 184 83
4 83 184 185 84
4 84 185 186 85
4 85 186 187 86
4 86 187 188 87
4 87 188 189 88
4 88 189 190 89
4 89 190 191 90
4 90 191 192 91
4 91 192 193 92
4 92 193 194 93
4 93 194 195 94
4 94 195 196 95
4 95 196 197 96
4 96 197 198 97
4 97 198 199 98
4 98 199 200 99
4 99 200 201 100
1 202
1 203
1 204
1 205
1 206
1 207
1 208
1 209
1 210
1 211
1 212
1 213
1 214
1 215
1 216
1 217
1 218
1 219
1 220
1 221
1 222
1 223
1 224
1 225
1 226
1 227
1 228
1 229
1 230
1 231
1 232
1 233
1 234
1 235
1 236
1 237
1 238
1 239
1 240
1 241
1 242
1 243
1 244
1 245
1 246
1 247
1 248
1 249
1 250
1 251
1 252
1 253
1 254
1 255
1 256
1 257
1 258
1 259
1 260
1 261
1 262
1 263
1 264
1 265
1 266
1 267
1 268
1 269
1 270
1 271
1 272
1 273
1 274
1 275
1 276
1 277
1 278
1 279
1 280
1 281
1 282
1 283
1 284
1 285
1 286
1 287
1 288
1 289
1 290
1 291
1 292
1 293
1 294
1 295
1 296
1 297
1 298
1 299
1 300
1 301

CELL_TYPES 200
9
9
9
9
9
9
9
9
9
9
9
9
9
9
9
9
9
9
9
9
9
9
9
9
9
9
9
9
9
9
9
9
9
9
9
9
9
9
9
9
9
9
9
9
9
9
9
9
9
9
9
9
9
9
9
9
9
9
9
9
9
9
9
9
9
9
9
9
9
9
9
9
9
9
9
9
9
9
9
9
9
9
9
9
9
9
9
9
9
9
9
9
9
9
9
9
9
9
9
9
1
1
1
1
1
1
1
1
1
1
1
1
1
1
1
1
1
1
1
1
1
1
1
1
1
1
1
1
1
1
1
1
1
1
1
1
1
1
1
1
1
1
1
1
1
1
1
1
1
1
1
1
1
1
1
1
1
1
1
1
1
1
1
1
1
1
1
1
1
1
1
1
1
1
1
1
1
1
1
1
1
1
1
1
1
1
1
1
1
1
1
1
1
1
1
1
1
1
1
1

CELL_DATA 200

VECTORS Vinf float
9.10983319780005 0.350235927786103 4.103965748025096
9.120691909912816 0.3559396802097722 4.071611919434214
9.132888683278091 0.3617801293036133 4.0349781959656585
9.14616702493909 0.3674557615853569 3.9946711227633647
9.160237314402675 0.37268818368914725 3.9513766428657906
9.174794193395302 0.377246972224687 3.9058225728334546
9.18953804778379 0.3809691567703393 3.85873317695418
9.204196435633028 0.38376881561066806 3.8107852239656506
9.218540985870863 0.38563444131657243 3.76257523402066
9.23239661488438 0.38661516881574565 3.7146042252103744
9.245642427764482 0.3868002254377204 3.6672803397564455
9.258206203964106 0.3862974770432259 3.6209340500434855
9.270055701198524 0.38521600576405196 3.5758379590289446
9.281189716048155 0.38365498493321215 3.5322244041416337
9.2916304947729 0.3816983389482367 3.490297704198896
9.301417719019963 0.37941312448619374 3.4502414898507414
9.31060357199976 0.37684948950151403 3.412223464132711
9.319248333868407 0.37404081600190636 3.376400013591035
9.327416203664937 0.37100347577163106 3.3429221121671286
9.335171291532141 0.3677361654130659 3.311942709585473
9.342573859894415 0.36421904040074554 3.2836246936123614
9.3496769211649 0.3604129473072829 3.258147751786762
9.356523250133016 0.35625904268097575 3.2357121431949265
9.363142784209389 0.35167904853106974 3.216537545102871
9.369550193809916 0.3465763696935729 3.2008565866363057
9.375745269337909 0.34083804933497713 3.1888855370889084
9.381705571631834 0.3343387103300214 3.180837464929088
9.387389033946645 0.32694453808760016 3.1768755049430233
9.392730809123076 0.31851857417650264 3.177101356386528
9.39764056768835 0.30892604264514045 3.1815460654737477
9.401998395250375 0.2980404182935119 3.1901636544085727
9.405651217979495 0.28575535157171916 3.2027858873259047
9.408418432051201 0.27201204555888503 3.2189795917843793
9.410115104359159 0.25683808143804404 3.237878300427804
9.410577898217703 0.24036076740202902 3.2582713681442135
9.409664115040695 0.2227673084176551 3.2790553529124526
9.407232223293523 0.20425305803646895 3.2996339332099645
9.403141411788104 0.18500955862785018 3.3199097996749884
9.39726832124586 0.1652339276399591 3.3400926800367268
9.38950037471296 0.14511511510224404 3.360718103284822
9.379681971473625 0.12479517653901379 3.3829436984956938
9.367541382190614 0.10436014158221472 3.4087586847924
9.352653905309195 0.08391874806216847 3.4407784900596075
9.334499230473073 0.06377556099465588 3.4816862841875316
9.31273445519056 0.0446724074223121 3.5330661394119964
9.287768055865305 0.027956045662656887 3.5933122097306742
9.26142051408121 0.015358142531097895 3.6560970519571727
9.23707596483298 0.008031185122143736 3.711646249453528
9.217820352729946 0.004866542637409803 3.7526682744811195
9.203334430101258 0.002719013370323001 3.7811390278935018
9.20348871090118 0.0005083051286133422 3.7827700319401463
9.218420764923195 -0.0006138790604755885 3.7595315479011546
9.238134081041132 -0.0028893413493380547 3.7271266879115337
9.26269758063855 -0.009664647337424176 3.6831387376547644
9.288900101952974 -0.02221435777936011 3.632186475844025
9.313464905057954 -0.039351314249613675 3.5801176621762405
9.334968775649784 -0.059232503405489044 3.5301655594422847
9.35327972918502 -0.08045794441064728 3.4842757792895296
9.36858235682398 -0.10213875383240612 3.4442686548092585
9.381135195880326 -0.12376582921910895 3.410437079614994
9.39128788159813 -0.14514391074166413 3.3811081593347416
9.399359885619274 -0.1662359544264913 3.3539289373607235
9.405553463550865 -0.18698252267165133 3.3270568699205745
9.409963510769217 -0.20719468122147477 3.2998790170555257
9.41264669570879 -0.22657044732075174 3.2730472161151716
9.413703906255385 -0.24481218756158468 3.247696445851915
9.413306960208354 -0.26172053921849864 3.224670295722444
9.41166493496035 -0.27719739437604346 3.2044313516917677
9.408985679160454 -0.29121190486041276 3.187315453213528
9.405458487391702 -0.30378028861019407 3.1736612635004233
9.401248944438036 -0.31495833915957017 3.163788037417918
9.396496879014455 -0.32483467331146043 3.157943537145713
9.391315627999386 -0.3335217831213256 3.1562754762455176
9.385792710832119 -0.341146512479345 3.158827105347342
9.37999156477414 -0.3478415032885708 3.165547273875987
9.373953688893058 -0.3537381542110774 3.176308118253435
9.367701930668336 -0.3589608886498276 3.19091950379394
9.361237777794392 -0.3636232408940257 3.209176751485643
9.354548602068462 -0.3678239268053564 3.2308472468022895
9.347606734358944 -0.37164466977133626 3.255702166164646
9.340371529494492 -0.3751486778473968 3.283525405631764
9.33279171896049 -0.3783799462962922 3.3141175276052253
9.324808302196633 -0.3813632638446243 3.3472944689742885
9.316357953027234 -0.38410470985400663 3.3828826109079633
9.307376831317747 -0.3865923498118331 3.4207121431551815
9.297804659505575 -0.3887968144267411 3.460610440068456
9.28758896624502 -0.3906715261724297 3.502396461012207
9.276689539495424 -0.39215258859771995 3.5458761173422806
9.265083379621235 -0.3931588862843987 3.590837302242902
9.252770694293021 -0.3935937604661397 3.637042282797261
9.239782426200327 -0.39335037096576936 3.684215192390395
9.22618909715728 -0.3923227797047374 3.732024221042534
9.2121093996719 -0.3904232582443185 3.780061651856237
9.1977156363093 -0.3876035739944939 3.827828482958129
9.183232814007404 -0.38387536860947347 3.874731558410017
9.168929519126149 -0.37932381531309917 3.9200984711516287
9.155101203337418 -0.3741102435804197 3.9632098698804232
9.142049000424478 -0.3684626547272378 4.003342919571357
9.130058499702379 -0.36265645227374343 4.039816289383553
9.119382573168915 -0.3569898643423856 4.072027355774893
9.10983319780005 0.350235927786103 4.103965748025096
9.120691909912816 0.3559396802097722 4.071611919434214
9.132888683278091 0.3617801293036133 4.0349781959656585
9.14616702493909 0.3674557615853569 3.9946711227633647
9.160237314402675 0.37268818368914725 3.9513766428657906
9.174794193395302 0.377246972224687 3.9058225728334546
9.18953804778379 0.3809691567703393 3.85873317695418
9.204196435633028 0.38376881561066806 3.8107852239656506
9.218540985870863 0.38563444131657243 3.76257523402066
9.23239661488438 0.38661516881574565 3.7146042252103744
9.245642427764482 0.3868002254377204 3.6672803397564455
9.258206203964106 0.3862974770432259 3.6209340500434855
9.270055701198524 0.38521600576405196 3.5758379590289446
9.281189716048155 0.38365498493321215 3.5322244041416337
9.2916304947729 0.3816983389482367 3.490297704198896
9.301417719019963 0.37941312448619374 3.4502414898507414
9.31060357199976 0.37684948950151403 3.412223464132711
9.319248333868407 0.37404081600190636 3.376400013591035
9.327416203664937 0.37100347577163106 3.3429221121671286
9.335171291532141 0.3677361654130659 3.311942709585473
9.342573859894415 0.36421904040074554 3.2836246936123614
9.3496769211649 0.3604129473072829 3.258147751786762
9.356523250133016 0.35625904268097575 3.2357121431949265
9.363142784209389 0.35167904853106974 3.216537545102871
9.369550193809916 0.3465763696935729 3.2008565866363057
9.375745269337909 0.34083804933497713 3.1888855370889084
9.381705571631834 0.3343387103300214 3.180837464929088
9.387389033946645 0.32694453808760016 3.1768755049430233
9.392730809123076 0.31851857417650264 3.177101356386528
9.39764056768835 0.30892604264514045 3.1815460654737477
9.401998395250375 0.2980404182935119 3.1901636544085727
9.405651217979495 0.28575535157171916 3.2027858873259047
9.408418432051201 0.27201204555888503 3.2189795917843793
9.410115104359159 0.25683808143804404 3.237878300427804
9.410577898217703 0.24036076740202902 3.2582713681442135
9.409664115040695 0.2227673084176551 3.2790553529124526
9.407232223293523 0.20425305803646895 3.2996339332099645
9.403141411788104 0.18500955862785018 3.3199097996749884
9.39726832124586 0.1652339276399591 3.3400926800367268
9.38950037471296 0.14511511510224404 3.360718103284822
9.379681971473625 0.12479517653901379 3.3829436984956938
9.367541382190614 0.10436014158221472 3.4087586847924
9.352653905309195 0.08391874806216847 3.4407784900596075
9.334499230473073 0.06377556099465588 3.4816862841875316
9.31273445519056 0.0446724074223121 3.5330661394119964
9.287768055865305 0.027956045662656887 3.5933122097306742
9.26142051408121 0.015358142531097895 3.6560970519571727
9.23707596483298 0.008031185122143736 3.711646249453528
9.217820352729946 0.004866542637409803 3.7526682744811195
9.203334430101258 0.002719013370323001 3.7811390278935018
9.20348871090118 0.0005083051286133422 3.7827700319401463
9.218420764923195 -0.0006138790604755885 3.7595315479011546
9.238134081041132 -0.0028893413493380547 3.7271266879115337
9.26269758063855 -0.009664647337424176 3.6831387376547644
9.288900101952974 -0.02221435777936011 3.632186475844025
9.313464905057954 -0.039351314249613675 3.5801176621762405
9.334968775649784 -0.059232503405489044 3.5301655594422847
9.35327972918502 -0.08045794441064728 3.4842757792895296
9.36858235682398 -0.10213875383240612 3.4442686548092585
9.381135195880326 -0.12376582921910895 3.410437079614994
9.39128788159813 -0.14514391074166413 3.3811081593347416
9.399359885619274 -0.1662359544264913 3.3539289373607235
9.405553463550865 -0.18698252267165133 3.3270568699205745
9.409963510769217 -0.20719468122147477 3.2998790170555257
9.41264669570879 -0.22657044732075174 3.2730472161151716
9.413703906255385 -0.24481218756158468 3.247696445851915
9.413306960208354 -0.26172053921849864 3.224670295722444
9.41166493496035 -0.27719739437604346 3.2044313516917677
9.408985679160454 -0.29121190486041276 3.187315453213528
9.405458487391702 -0.30378028861019407 3.1736612635004233
9.401248944438036 -0.31495833915957017 3.163788037417918
9.396496879014455 -0.32483467331146043 3.157943537145713
9.391315627999386 -0.3335217831213256 3.1562754762455176
9.385792710832119 -0.341146512479345 3.158827105347342
9.37999156477414 -0.3478415032885708 3.165547273875987
9.373953688893058 -0.3537381542110774 3.176308118253435
9.367701930668336 -0.3589608886498276 3.19091950379394
9.361237777794392 -0.3636232408940257 3.209176751485643
9.354548602068462 -0.3678239268053564 3.2308472468022895
9.347606734358944 -0.37164466977133626 3.255702166164646
9.340371529494492 -0.3751486778473968 3.283525405631764
9.33279171896049 -0.3783799462962922 3.3141175276052253
9.324808302196633 -0.3813632638446243 3.3472944689742885
9.316357953027234 -0.38410470985400663 3.3828826109079633
9.307376831317747 -0.3865923498118331 3.4207121431551815
9.297804659505575 -0.3887968144267411 3.460610440068456
9.28758896624502 -0.3906715261724297 3.502396461012207
9.276689539495424 -0.39215258859771995 3.5458761173422806
9.265083379621235 -0.3931588862843987 3.590837302242902
9.252770694293021 -0.3935937604661397 3.637042282797261
9.239782426200327 -0.39335037096576936 3.684215192390395
9.22618909715728 -0.3923227797047374 3.732024221042534
9.2121093996719 -0.3904232582443185 3.780061651856237
9.1977156363093 -0.3876035739944939 3.827828482958129
9.183232814007404 -0.38387536860947347 3.874731558410017
9.168929519126149 -0.37932381531309917 3.9200984711516287
9.155101203337418 -0.3741102435804197 3.9632098698804232
9.142049000424478 -0.3684626547272378 4.003342919571357
9.130058499702379 -0.36265645227374343 4.039816289383553
9.119382573168915 -0.3569898643423856 4.072027355774893

VECTORS L float
-0.011928241000922343 0.0 0.02558019537598383
-0.019383944140847775 0.0 0.04156900235681876
-0.026821921252124827 0.0 0.057519795746544096
-0.03467612340953564 0.0 0.07436318662819269
-0.04304289747408133 0.0 0.09230579151195083
-0.051937774156229126 0.0 0.11138091611389586
-0.06134684361233416 0.0 0.1315587306780682
-0.07124228998513248 0.0 0.1527795839060654
-0.08158843621104427 0.0 0.1749669660881371
-0.09234467666898448 0.0 0.1980337981888548
-0.10346712433889965 0.0 0.2218859641899933
-0.11491075277999377 0.0 0.24642690457765962
-0.12662962427607952 0.0 0.2715581056015777
-0.13857888986937172 0.0 0.2971833883613996
-0.15071576678274942 0.0 0.3232110048955108
-0.16300049225383612 0.0 0.3495556836848162
-0.17539699502545655 0.0 0.3761400696686722
-0.18787327490505196 0.0 0.4028955382126787
-0.2004015351009592 0.0 0.4297624789047462
-0.21295812236798553 0.0 0.45669016719686634
-0.22552330749693061 0.0 0.4836362936633729
-0.23808091156045638 0.0 0.5105661624826229
-0.25061776714982453 0.0 0.5374515360554518
-0.26312299868487504 0.0 0.564269091624942
-0.2755870946493185 0.0 0.5909984316785863
-0.28800141250507033 0.0 0.6176210222336513
-0.3003560628743107 0.0 0.6441156554509634
-0.31263923929237974 0.0 0.6704570122853523
-0.32483579614828406 0.0 0.6966126128692274
-0.336925962544822 0.0 0.7225400583767151
-0.34888412962405696 0.0 0.748184430434744
-0.3606778316149103 0.0 0.7734761059725563
-0.3722676111274388 0.0 0.7983304683443536
-0.3836087318088834 0.0 0.8226515801320458
-0.3946543935130769 0.0 0.8463390780982961
-0.40535829882537927 0.0 0.8692936771170073
-0.41567525698573143 0.0 0.8914184652904902
-0.4255606463996007 0.0 0.9126177513004646
-0.434969474548096 0.0 0.9327950483787982
-0.44385415045102833 0.0 0.9518482973391211
-0.45215838394607905 0.0 0.9696567835387846
-0.45980449755289204 0.0 0.9860539270835971
-0.46667315378357194 0.0 1.0007838079048916
-0.4725738578719673 0.0 1.0134379086583345
-0.47720088772339286 0.0 1.023360606196121
-0.4800576912412815 0.0 1.029487041110769
-0.4802653870319884 0.0 1.0299324461713006
-0.47580854309001147 0.0 1.0203747134941001
-0.459245992747893 0.0 0.984856209664139
-0.3582806569880111 0.0 0.7683353483955011
-0.3581606914348983 0.0 0.768078081436628
-0.4595082711350865 0.0 0.9854186674805755
-0.4765720324582536 0.0 1.0220120217280309
-0.481572842796004 0.0 1.0327362941054923
-0.4819030549080007 0.0 1.0334444362649053
-0.47951725050783234 0.0 1.0283280622177622
-0.47523368078914846 0.0 1.0191419173115592
-0.4695084357203618 0.0 1.006864089639933
-0.46264092310102695 0.0 0.9921366613010829
-0.4548475543066002 0.0 0.9754237279873511
-0.446288081178822 0.0 0.9570678786289155
-0.43707861811503523 0.0 0.9373181213544478
-0.42730494888328474 0.0 0.9163584200481872
-0.41703557761245985 0.0 0.894335682288621
-0.4063326471682729 0.0 0.8713831738813299
-0.39525786040744243 0.0 0.8476332170295614
-0.3838717669044083 0.0 0.8232156607147357
-0.37223001826191693 0.0 0.7982498501840802
-0.36038117930143393 0.0 0.7728399330333211
-0.3483665973810086 0.0 0.74707457895794
-0.336220855571787 0.0 0.721027951593342
-0.3239721984193257 0.0 0.6947606215629398
-0.3116430480489686 0.0 0.6683206732697059
-0.2992507405858439 0.0 0.6417452841539528
-0.28680846993942016 0.0 0.6150627486458442
-0.2743264654662247 0.0 0.5882950036712452
-0.26181295396917703 0.0 0.5614596916659507
-0.24927553536946465 0.0 0.5345731107135422
-0.2367223500550016 0.0 0.5076527179322372
-0.2241629301713421 0.0 0.4807189550741441
-0.211609095680421 0.0 0.4537971701294321
-0.19907567492659076 0.0 0.4269191625851851
-0.18658105827626228 0.0 0.40012437070944173
-0.1741475904394648 0.0 0.37346071288749644
-0.16180180598428412 0.0 0.3469850926842422
-0.149574499623088 0.0 0.3207635495734666
-0.1375005983576839 0.0 0.29487098475225837
-0.12561878218866215 0.0 0.2693903477495688
-0.11397081151281804 0.0 0.24441119402532877
-0.10260057325633853 0.0 0.22002763939646597
-0.09155310335399573 0.0 0.19633626373677074
-0.08087259934726854 0.0 0.17343184897981417
-0.07060218607935541 0.0 0.1514068766502813
-0.060781788738076874 0.0 0.1303469665897558
-0.05144649686232352 0.0 0.1103273685572261
-0.04262365714914982 0.0 0.09140672773377852
-0.03432688897612056 0.0 0.07361425096885381
-0.026540716891709625 0.0 0.05691675104955622
-0.01916977066240196 0.0 0.0411097058501021
-0.011784977640177106 0.0 0.025272966107410207
-0.011928241000922343 0.0 0.02558019537598383
-0.019383944140847775 0.0 0.04156900235681876
-0.026821921252124827 0.0 0.057519795746544096
-0.03467612340953564 0.0 0.07436318662819269
-0.04304289747408133 0.0 0.09230579151195083
-0.051937774156229126 0.0 0.11138091611389586
-0.06134684361233416 0.0 0.1315587306780682
-0.07124228998513248 0.0 0.1527795839060654
-0.08158843621104427 0.0 0.1749669660881371
-0.09234467666898448 0.0 0.1980337981888548
-0.10346712433889965 0.0 0.2218859641899933
-0.11491075277999377 0.0 0.24642690457765962
-0.12662962427607952 0.0 0.2715581056015777
-0.13857888986937172 0.0 0.2971833883613996
-0.15071576678274942 0.0 0.3232110048955108
-0.16300049225383612 0.0 0.3495556836848162
-0.17539699502545655 0.0 0.3761400696686722
-0.18787327490505196 0.0 0.4028955382126787
-0.2004015351009592 0.0 0.4297624789047462
-0.21295812236798553 0.0 0.45669016719686634
-0.22552330749693061 0.0 0.4836362936633729
-0.23808091156045638 0.0 0.5105661624826229
-0.25061776714982453 0.0 0.5374515360554518
-0.26312299868487504 0.0 0.564269091624942
-0.2755870946493185 0.0 0.5909984316785863
-0.28800141250507033 0.0 0.6176210222336513
-0.3003560628743107 0.0 0.6441156554509634
-0.31263923929237974 0.0 0.6704570122853523
-0.32483579614828406 0.0 0.6966126128692274
-0.336925962544822 0.0 0.7225400583767151
-0.34888412962405696 0.0 0.748184430434744
-0.3606778316149103 0.0 0.7734761059725563
-0.3722676111274388 0.0 0.7983304683443536
-0.3836087318088834 0.0 0.8226515801320458
-0.3946543935130769 0.0 0.8463390780982961
-0.40535829882537927 0.0 0.8692936771170073
-0.41567525698573143 0.0 0.8914184652904902
-0.4255606463996007 0.0 0.9126177513004646
-0.434969474548096 0.0 0.9327950483787982
-0.44385415045102833 0.0 0.9518482973391211
-0.45215838394607905 0.0 0.9696567835387846
-0.45980449755289204 0.0 0.9860539270835971
-0.46667315378357194 0.0 1.0007838079048916
-0.4725738578719673 0.0 1.0134379086583345
-0.47720088772339286 0.0 1.023360606196121
-0.4800576912412815 0.0 1.029487041110769
-0.4802653870319884 0.0 1.0299324461713006
-0.47580854309001147 0.0 1.0203747134941001
-0.459245992747893 0.0 0.984856209664139
-0.3582806569880111 0.0 0.7683353483955011
-0.3581606914348983 0.0 0.768078081436628
-0.4595082711350865 0.0 0.9854186674805755
-0.4765720324582536 0.0 1.0220120217280309
-0.481572842796004 0.0 1.0327362941054923
-0.4819030549080007 0.0 1.0334444362649053
-0.47951725050783234 0.0 1.0283280622177622
-0.47523368078914846 0.0 1.0191419173115592
-0.4695084357203618 0.0 1.006864089639933
-0.46264092310102695 0.0 0.9921366613010829
-0.4548475543066002 0.0 0.9754237279873511
-0.446288081178822 0.0 0.9570678786289155
-0.43707861811503523 0.0 0.9373181213544478
-0.42730494888328474 0.0 0.9163584200481872
-0.41703557761245985 0.0 0.894335682288621
-0.4063326471682729 0.0 0.8713831738813299
-0.39525786040744243 0.0 0.8476332170295614
-0.3838717669044083 0.0 0.8232156607147357
-0.37223001826191693 0.0 0.7982498501840802
-0.36038117930143393 0.0 0.7728399330333211
-0.3483665973810086 0.0 0.74707457895794
-0.336220855571787 0.0 0.721027951593342
-0.3239721984193257 0.0 0.6947606215629398
-0.3116430480489686 0.0 0.6683206732697059
-0.2992507405858439 0.0 0.6417452841539528
-0.28680846993942016 0.0 0.6150627486458442
-0.2743264654662247 0.0 0.5882950036712452
-0.26181295396917703 0.0 0.5614596916659507
-0.24927553536946465 0.0 0.5345731107135422
-0.2367223500550016 0.0 0.5076527179322372
-0.2241629301713421 0.0 0.4807189550741441
-0.211609095680421 0.0 0.4537971701294321
-0.19907567492659076 0.0 0.4269191625851851
-0.18658105827626228 0.0 0.40012437070944173
-0.1741475904394648 0.0 0.37346071288749644
-0.16180180598428412 0.0 0.3469850926842422
-0.149574499623088 0.0 0.3207635495734666
-0.1375005983576839 0.0 0.29487098475225837
-0.12561878218866215 0.0 0.2693903477495688
-0.11397081151281804 0.0 0.24441119402532877
-0.10260057325633853 0.0 0.22002763939646597
-0.09155310335399573 0.0 0.19633626373677074
-0.08087259934726854 0.0 0.17343184897981417
-0.07060218607935541 0.0 0.1514068766502813
-0.060781788738076874 0.0 0.1303469665897558
-0.05144649686232352 0.0 0.1103273685572261
-0.04262365714914982 0.0 0.09140672773377852
-0.03432688897612056 0.0 0.07361425096885381
-0.026540716891709625 0.0 0.05691675104955622
-0.01916977066240196 0.0 0.0411097058501021
-0.011784977640177106 0.0 0.025272966107410207

SCALARS Gamma float
LOOKUP_TABLE default
0.3989398371095437
0.6123930380717568
0.7863688807288783
0.9422092386345673
1.0870829922414351
1.224149593501477
1.3549823269959327
1.480398703450721
1.6008103492684074
1.7163928078391613
1.8271779930128083
1.9331105474782677
2.0340866262908346
2.129983888214592
2.2206865759163295
2.3061066847116116
2.386200581162478
2.460980008684156
2.5305170437163684
2.59494359373024
2.6544467185806444
2.7092611242943687
2.75965982279973
2.8059435016506673
2.8484287784631297
2.8874344017125635
2.923275114713795
2.956241741502941
2.986590145948152
3.014530083969304
3.0402145902716824
3.0637293611766023
3.0850812457855694
3.1041913558872674
3.1209074155035417
3.1350418440224654
3.1464145040997025
3.1548729275934324
3.1602905516355575
3.1625622522670738
3.1616060442499867
3.157353073060792
3.1496961330061484
3.138391959023964
3.122937679883279
3.102473637992323
3.0758747427413127
3.042332407039908
3.0027717552742805
2.9631484040536593
2.9648101506465565
3.0080421851191637
3.051530060447927
3.088974038570715
3.118895549467453
3.1415560656257306
3.157785803200408
3.1685232758035826
3.1746165285035217
3.1766796373469144
3.175075318437801
3.1700122903905474
3.1616643894032745
3.1502535302806054
3.1360591916260963
3.1193637404522043
3.1003964699116606
3.0793158300569172
3.056214144511315
3.031121721464487
3.0040065404912752
2.9747739757433225
2.943269364318712
2.909283838525186
2.8725629104625523
2.8328162008882902
2.789731721583496
2.742987744874151
2.6922640423357365
2.6372549488931796
2.57768127461052
2.5133012578716882
2.4439202458309808
2.369398498501032
2.2896561041086505
2.2046736619777816
2.114487469317571
2.019178640101424
1.9188566060415824
1.8136380699465275
1.7036220578595649
1.5888600871175886
1.4693176051165864
1.3448179869002572
1.2149507142529015
1.0789027971740985
0.9351114745515196
0.7804400476456426
0.6077728836407099
0.3959285802814174
0.3989398371095437
0.6123930380717568
0.7863688807288783
0.9422092386345673
1.0870829922414351
1.224149593501477
1.3549823269959327
1.480398703450721
1.6008103492684074
1.7163928078391613
1.8271779930128083
1.9331105474782677
2.0340866262908346
2.129983888214592
2.2206865759163295
2.3061066847116116
2.386200581162478
2.460980008684156
2.5305170437163684
2.59494359373024
2.6544467185806444
2.7092611242943687
2.75965982279973
2.8059435016506673
2.8484287784631297
2.8874344017125635
2.923275114713795
2.956241741502941
2.986590145948152
3.014530083969304
3.0402145902716824
3.0637293611766023
3.0850812457855694
3.1041913558872674
3.1209074155035417
3.1350418440224654
3.1464145040997025
3.1548729275934324
3.1602905516355575
3.1625622522670738
3.1616060442499867
3.157353073060792
3.1496961330061484
3.138391959023964
3.122937679883279
3.102473637992323
3.0758747427413127
3.042332407039908
3.0027717552742805
2.9631484040536593
2.9648101506465565
3.0080421851191637
3.051530060447927
3.088974038570715
3.118895549467453
3.1415560656257306
3.157785803200408
3.1685232758035826
3.1746165285035217
3.1766796373469144
3.175075318437801
3.1700122903905474
3.1616643894032745
3.1502535302806054
3.1360591916260963
3.1193637404522043
3.1003964699116606
3.0793158300569172
3.056214144511315
3.031121721464487
3.0040065404912752
2.9747739757433225
2.943269364318712
2.909283838525186
2.8725629104625523
2.8328162008882902
2.789731721583496
2.742987744874151
2.6922640423357365
2.6372549488931796
2.57768127461052
2.5133012578716882
2.4439202458309808
2.369398498501032
2.2896561041086505
2.2046736619777816
2.114487469317571
2.019178640101424
1.9188566060415824
1.8136380699465275
1.7036220578595649
1.5888600871175886
1.4693176051165864
1.3448179869002572
1.2149507142529015
1.0789027971740985
0.9351114745515196
0.7804400476456426
0.6077728836407099
0.3959285802814174

VECTORS Vvpm float
0.04675532743355074 0.350235927786103 -0.12221686938189857
0.05761403954631668 0.3559396802097722 -0.15457069797278028
0.06981081291159216 0.3617801293036133 -0.19120442144133595
0.08308915457259032 0.3674557615853569 -0.23151149464363024
0.09715944403617605 0.37268818368914725 -0.2748059745412037
0.1117163230288039 0.377246972224687 -0.32036004457354045
0.12646017741729096 0.3809691567703393 -0.3674494404528146
0.14111856526653 0.38376881561066806 -0.4153973934413437
0.155463115504364 0.38563444131657243 -0.4636073833863339
0.1693187445178801 0.38661516881574565 -0.51157839219662
0.18256455739798255 0.3868002254377204 -0.558902277650549
0.1951283335976069 0.3862974770432259 -0.6052485673635092
0.20697783083202484 0.38521600576405196 -0.6503446583780498
0.21811184568165642 0.38365498493321215 -0.6939582132653611
0.22855262440640137 0.3816983389482367 -0.7358849132080987
0.23833984865346391 0.37941312448619374 -0.7759411275562526
0.24752570163326118 0.37684948950151403 -0.8139591532742835
0.2561704635019075 0.37404081600190636 -0.8497826038159598
0.2643383332984383 0.37100347577163106 -0.8832605052398658
0.272093421165643 0.3677361654130659 -0.9142399078215213
0.27949598952791566 0.36421904040074554 -0.9425579237946331
0.2865990507984012 0.3604129473072829 -0.9680348656202328
0.29344537976651647 0.35625904268097575 -0.9904704742120677
0.30006491384289014 0.35167904853106974 -1.0096450723041235
0.30647232344341796 0.3465763696935729 -1.0253260307706886
0.3126673989714094 0.34083804933497713 -1.0372970803180863
0.3186277012653352 0.3343387103300214 -1.0453451524779065
0.3243111635801457 0.32694453808760016 -1.0493071124639715
0.32965293875657775 0.31851857417650264 -1.049081261020467
0.3345626973218515 0.30892604264514045 -1.0446365519332468
0.3389205248838773 0.2980404182935119 -1.0360189629984218
0.3425733476129951 0.28575535157171916 -1.0233967300810896
0.3453405616847026 0.27201204555888503 -1.0072030256226152
0.3470372339926607 0.25683808143804404 -0.9883043169791905
0.3475000278512038 0.24036076740202902 -0.9679112492627806
0.3465862446741958 0.2227673084176551 -0.9471272644945419
0.344154352927025 0.20425305803646895 -0.92654868419703
0.340063541421605 0.18500955862785018 -0.9062728177320062
0.33419045087936156 0.1652339276399591 -0.8860899373702678
0.32642250434645975 0.14511511510224404 -0.8654645141221726
0.3166041011071253 0.12479517653901379 -0.8432389189113007
0.3044635118241161 0.10436014158221472 -0.8174239326145948
0.2895760349426969 0.08391874806216847 -0.7854041273473871
0.27142136010657447 0.06377556099465588 -0.7444963332194626
0.24965658482406058 0.0446724074223121 -0.6931164779949976
0.22469018549880568 0.027956045662656887 -0.6328704076763201
0.19834264371471175 0.015358142531097895 -0.5700855654498216
0.17399809446648204 0.008031185122143736 -0.5145363679534667
0.1547424823634469 0.004866542637409803 -0.4735143429258746
0.1402565597347593 0.002719013370323001 -0.4450435895134923
0.14041084053468125 0.0005083051286133422 -0.44341258546684803
0.15534289455669614 -0.0006138790604755885 -0.4666510695058393
0.17505621067463303 -0.0028893413493380547 -0.4990559294954609
0.19961971027205055 -0.009664647337424176 -0.5430438797522301
0.22582223158647483 -0.02221435777936011 -0.5939961415629695
0.2503870346914541 -0.039351314249613675 -0.6460649552307542
0.2718909052832863 -0.059232503405489044 -0.6960170579647103
0.29020185881852184 -0.08045794441064728 -0.7419068381174653
0.30550448645748174 -0.10213875383240612 -0.7819139625977359
0.31805732551382665 -0.12376582921910895 -0.8157455377920005
0.32821001123163024 -0.14514391074166413 -0.845074458072253
0.33628201525277507 -0.1662359544264913 -0.8722536800462707
0.3424755931843653 -0.18698252267165133 -0.89912574748642
0.3468856404027179 -0.20719468122147477 -0.9263036003514689
0.34956882534229244 -0.22657044732075174 -0.9531354012918228
0.3506260358888868 -0.24481218756158468 -0.9784861715550798
0.3502290898418555 -0.26172053921849864 -1.0015123216845505
0.3485870645938503 -0.27719739437604346 -1.0217512657152266
0.3459078087939542 -0.29121190486041276 -1.0388671641934664
0.34238061702520356 -0.30378028861019407 -1.052521353906571
0.3381710740715375 -0.31495833915957017 -1.0623945799890768
0.3334190086479555 -0.32483467331146043 -1.0682390802612813
0.3282377576328874 -0.3335217831213256 -1.0699071411614771
0.3227148404656194 -0.341146512479345 -1.0673555120596527
0.3169136944076414 -0.3478415032885708 -1.0606353435310074
0.3108758185265592 -0.3537381542110774 -1.0498744991535593
0.3046240603018364 -0.3589608886498276 -1.0352631136130546
0.29815990742789233 -0.3636232408940257 -1.0170058659213514
0.29147073170196347 -0.3678239268053564 -0.995335370604705
0.284528863992446 -0.37164466977133626 -0.9704804512423493
0.2772936591279934 -0.3751486778473968 -0.9426572117752301
0.26971384859399167 -0.3783799462962922 -0.9120650898017691
0.2617304318301341 -0.3813632638446243 -0.8788881484327059
0.2532800826607349 -0.38410470985400663 -0.8433000064990314
0.24429896095124756 -0.3865923498118331 -0.805470474251813
0.23472678913907663 -0.3887968144267411 -0.7655721773385387
0.22451109587852167 -0.3906715261724297 -0.7237861563947877
0.21361166912892415 -0.39215258859771995 -0.6803065000647137
0.20200550925473595 -0.3931588862843987 -0.6353453151640926
0.18969282392652276 -0.3935937604661397 -0.589140334609733
0.17670455583382738 -0.39335037096576936 -0.5419674250165999
0.16311122679078127 -0.3923227797047374 -0.4941583963644607
0.14903152930540273 -0.3904232582443185 -0.4461209655507578
0.13463776594279997 -0.3876035739944939 -0.3983541344488661
0.12015494364090606 -0.38387536860947347 -0.35145105899697754
0.10585164875965013 -0.37932381531309917 -0.3060841462553653
0.09202333297091891 -0.3741102435804197 -0.26297274752657146
0.07897113005797964 -0.3684626547272378 -0.22283969783563776
0.06698062933587984 -0.36265645227374343 -0.18636632802344213
0.05630470280241632 -0.3569898643423856 -0.1541552616321013
0.04675532743355074 0.350235927786103 -0.12221686938189857
0.05761403954631668 0.3559396802097722 -0.15457069797278028
0.06981081291159216 0.3617801293036133 -0.19120442144133595
0.08308915457259032 0.3674557615853569 -0.23151149464363024
0.09715944403617605 0.37268818368914725 -0.2748059745412037
0.1117163230288039 0.377246972224687 -0.32036004457354045
0.12646017741729096 0.3809691567703393 -0.3674494404528146
0.14111856526653 0.38376881561066806 -0.4153973934413437
0.155463115504364 0.38563444131657243 -0.4636073833863339
0.1693187445178801 0.38661516881574565 -0.51157839219662
0.18256455739798255 0.3868002254377204 -0.558902277650549
0.1951283335976069 0.3862974770432259 -0.6052485673635092
0.20697783083202484 0.38521600576405196 -0.6503446583780498
0.21811184568165642 0.38365498493321215 -0.6939582132653611
0.22855262440640137 0.3816983389482367 -0.7358849132080987
0.23833984865346391 0.37941312448619374 -0.7759411275562526
0.24752570163326118 0.37684948950151403 -0.8139591532742835
0.2561704635019075 0.37404081600190636 -0.8497826038159598
0.2643383332984383 0.37100347577163106 -0.8832605052398658
0.272093421165643 0.3677361654130659 -0.9142399078215213
0.27949598952791566 0.36421904040074554 -0.9425579237946331
0.2865990507984012 0.3604129473072829 -0.9680348656202328
0.29344537976651647 0.35625904268097575 -0.9904704742120677
0.30006491384289014 0.35167904853106974 -1.0096450723041235
0.30647232344341796 0.3465763696935729 -1.0253260307706886
0.3126673989714094 0.34083804933497713 -1.0372970803180863
0.3186277012653352 0.3343387103300214 -1.0453451524779065
0.3243111635801457 0.32694453808760016 -1.0493071124639715
0.32965293875657775 0.31851857417650264 -1.049081261020467
0.3345626973218515 0.30892604264514045 -1.0446365519332468
0.3389205248838773 0.2980404182935119 -1.0360189629984218
0.3425733476129951 0.28575535157171916 -1.0233967300810896
0.3453405616847026 0.27201204555888503 -1.0072030256226152
0.3470372339926607 0.25683808143804404 -0.9883043169791905
0.3475000278512038 0.24036076740202902 -0.9679112492627806
0.3465862446741958 0.2227673084176551 -0.9471272644945419
0.344154352927025 0.20425305803646895 -0.92654868419703
0.340063541421605 0.18500955862785018 -0.9062728177320062
0.33419045087936156 0.1652339276399591 -0.8860899373702678
0.32642250434645975 0.14511511510224404 -0.8654645141221726
0.3166041011071253 0.12479517653901379 -0.8432389189113007
0.3044635118241161 0.10436014158221472 -0.8174239326145948
0.2895760349426969 0.08391874806216847 -0.7854041273473871
0.27142136010657447 0.06377556099465588 -0.7444963332194626
0.24965658482406058 0.0446724074223121 -0.6931164779949976
0.22469018549880568 0.027956045662656887 -0.6328704076763201
0.19834264371471175 0.015358142531097895 -0.5700855654498216
0.17399809446648204 0.008031185122143736 -0.5145363679534667
0.1547424823634469 0.004866542637409803 -0.4735143429258746
0.1402565597347593 0.002719013370323001 -0.4450435895134923
0.14041084053468125 0.0005083051286133422 -0.44341258546684803
0.15534289455669614 -0.0006138790604755885 -0.4666510695058393
0.17505621067463303 -0.0028893413493380547 -0.4990559294954609
0.19961971027205055 -0.009664647337424176 -0.5430438797522301
0.22582223158647483 -0.02221435777936011 -0.5939961415629695
0.2503870346914541 -0.039351314249613675 -0.6460649552307542
0.2718909052832863 -0.059232503405489044 -0.6960170579647103
0.29020185881852184 -0.08045794441064728 -0.7419068381174653
0.30550448645748174 -0.10213875383240612 -0.7819139625977359
0.31805732551382665 -0.12376582921910895 -0.8157455377920005
0.32821001123163024 -0.14514391074166413 -0.845074458072253
0.33628201525277507 -0.1662359544264913 -0.8722536800462707
0.3424755931843653 -0.18698252267165133 -0.89912574748642
0.3468856404027179 -0.20719468122147477 -0.9263036003514689
0.34956882534229244 -0.22657044732075174 -0.9531354012918228
0.3506260358888868 -0.24481218756158468 -0.9784861715550798
0.3502290898418555 -0.26172053921849864 -1.0015123216845505
0.3485870645938503 -0.27719739437604346 -1.0217512657152266
0.3459078087939542 -0.29121190486041276 -1.0388671641934664
0.34238061702520356 -0.30378028861019407 -1.052521353906571
0.3381710740715375 -0.31495833915957017 -1.0623945799890768
0.3334190086479555 -0.32483467331146043 -1.0682390802612813
0.3282377576328874 -0.3335217831213256 -1.0699071411614771
0.3227148404656194 -0.341146512479345 -1.0673555120596527
0.3169136944076414 -0.3478415032885708 -1.0606353435310074
0.3108758185265592 -0.3537381542110774 -1.0498744991535593
0.3046240603018364 -0.3589608886498276 -1.0352631136130546
0.29815990742789233 -0.3636232408940257 -1.0170058659213514
0.29147073170196347 -0.3678239268053564 -0.995335370604705
0.284528863992446 -0.37164466977133626 -0.9704804512423493
0.2772936591279934 -0.3751486778473968 -0.9426572117752301
0.26971384859399167 -0.3783799462962922 -0.9120650898017691
0.2617304318301341 -0.3813632638446243 -0.8788881484327059
0.2532800826607349 -0.38410470985400663 -0.8433000064990314
0.24429896095124756 -0.3865923498118331 -0.805470474251813
0.23472678913907663 -0.3887968144267411 -0.7655721773385387
0.22451109587852167 -0.3906715261724297 -0.7237861563947877
0.21361166912892415 -0.39215258859771995 -0.6803065000647137
0.20200550925473595 -0.3931588862843987 -0.6353453151640926
0.18969282392652276 -0.3935937604661397 -0.589140334609733
0.17670455583382738 -0.39335037096576936 -0.5419674250165999
0.16311122679078127 -0.3923227797047374 -0.4941583963644607
0.14903152930540273 -0.3904232582443185 -0.4461209655507578
0.13463776594279997 -0.3876035739944939 -0.3983541344488661
0.12015494364090606 -0.38387536860947347 -0.35145105899697754
0.10585164875965013 -0.37932381531309917 -0.3060841462553653
0.09202333297091891 -0.3741102435804197 -0.26297274752657146
0.07897113005797964 -0.3684626547272378 -0.22283969783563776
0.06698062933587984 -0.36265645227374343 -0.18636632802344213
0.05630470280241632 -0.3569898643423856 -0.1541552616321013

VECTORS Vvpm_BBp float
0.08094139890022604 0.3383963335184998 -0.28914959082125413
0.0881501530372816 0.3400816779705614 -0.31206509513354025
0.09615388805948037 0.3416702168486793 -0.3377410264459373
0.10481622569433231 0.34305947713643387 -0.36583541464958075
0.11399147780638609 0.3441624090712361 -0.3959761511197128
0.1235310555299382 0.34491237828329074 -0.4277734711328585
0.13329019510398876 0.3452654833359795 -0.46083296291699716
0.14313411822636488 0.3452001098315562 -0.4947673026207782
0.15294292693676928 0.34471419623585947 -0.5292053918343672
0.16261487400707225 0.3438210619451124 -0.5637983683920368
0.1720680013012146 0.34254471035593786 -0.5982227201074705
0.18124037581855226 0.340915303596304 -0.63218117008534
0.19008923803872588 0.3389651706696901 -0.6654020496152816
0.19858935402351272 0.33672542715607745 -0.6976376623344489
0.206730802205233 0.33422313475703147 -0.7286618758939607
0.21451637370642646 0.33147889646071177 -0.7582670046779347
0.2219587317352789 0.32850480984408015 -0.7862600246033014
0.22907745398629678 0.32530274232345713 -0.8124582766639205
0.23589606358677653 0.32186292991173227 -0.8366850221946163
0.24243913228113564 0.31816293081178265 -0.8587654401409284
0.24872950938791605 0.314166986817088 -0.8785238255255116
0.25478188392628515 0.30982629591110405 -0.8957604770831689
0.26061584578302094 0.30507764366247025 -0.9103436766201946
0.26623049884147815 0.29984709595222087 -0.9220838890095991
0.27161700264383515 0.29405012107093437 -0.9308249301736108
0.2767528287932177 0.287594581458793 -0.9364345469122777
0.28159961248289606 0.28038404864951766 -0.9388152979369745
0.2861009749552269 0.2723217891123339 -0.9379147027639544
0.29018023514173197 0.2633156580245772 -0.9337363905612802
0.29373839295840165 0.2532851574183541 -0.9263627945232585
0.29665434434856763 0.24217317092944154 -0.9160066556441838
0.2987908094163264 0.22996270581280537 -0.9030814971612362
0.30000618749050256 0.21669012495811357 -0.8882105539423552
0.3001646721657663 0.2024415027612231 -0.8720877898227886
0.29913777768662664 0.18733378377345203 -0.8552583432941354
0.2968027471917466 0.17149945779475906 -0.8379954454638415
0.2930453473785203 0.15508281573955238 -0.8203126764393555
0.2877615418750306 0.138237005968605 -0.8019843700700434
0.28084622390890956 0.12111430241497045 -0.7824771260619872
0.2721677594252156 0.1038601090258621 -0.7608449571644788
0.261544458371325 0.0866335616109418 -0.7357398264545566
0.24874937529837735 0.06966946120729062 -0.7056212130086514
0.23358208769035757 0.05337549053446873 -0.6692036980470749
0.21605724988434835 0.03842490914145916 -0.626298773375243
0.19668819721225816 0.025738998848273683 -0.5788274220598156
0.17673037724349785 0.016228131509999532 -0.5310337854906
0.15809878951615566 0.01018388496529872 -0.4882386753836267
0.14235166309751848 0.006610472844470193 -0.4538559082564778
0.12939546551638204 0.0037912458552921656 -0.42683803041342266
0.11807255034494636 0.0008698213319151946 -0.4037167031841575
0.12960943927345708 -0.0014550113063148285 -0.4244593733593616
0.14289263736972124 -0.003641851810667752 -0.447537995708744
0.15899705554954977 -0.006686650728473461 -0.4760103477488836
0.17787435693986844 -0.012428991490305137 -0.5111870955385498
0.19787136284342513 -0.021945360078098667 -0.5510368549794018
0.21709157668878 -0.03492503701548601 -0.5923807464694888
0.2344524719148976 -0.05037289820264962 -0.6329406678628468
0.24962452158642437 -0.06731751797535583 -0.6712246249173107
0.26259796642811895 -0.08504118559279253 -0.7059563220683835
0.2734655333275898 -0.1030599300716362 -0.7365586849039656
0.28238727027202015 -0.12108158587486322 -0.7636010358957417
0.289538391161058 -0.13894149725421323 -0.7883000021692497
0.29505759498340683 -0.15651496873295168 -0.8117922932214213
0.2990419773481951 -0.17365191088225723 -0.8346690858394772
0.3015730689433017 -0.19016184893148794 -0.8568369559521938
0.3027490884701924 -0.2058484461262343 -0.8777577517134115
0.3027000411523585 -0.22055603855818606 -0.8968516305669257
0.30157854066101364 -0.2341885727789913 -0.913702696729121
0.2995417100584378 -0.2467022099768089 -0.9280241861473445
0.296738229705184 -0.2580931505287038 -0.9395786991986459
0.29330175678373 -0.2683895765840623 -0.9481557170608479
0.28934762638823586 -0.27764563413330445 -0.9535860944555073
0.28497129556220213 -0.28593519009656776 -0.9557587855993944
0.280248164159177 -0.2933452544895477 -0.9546277334126189
0.27523450143409334 -0.2999697131949121 -0.9502096184993425
0.2699690890004733 -0.3059038562867076 -0.9425758223467197
0.2644752104202142 -0.31123987301471734 -0.9318414411321237
0.2587627499363473 -0.3160632913752811 -0.9181534313628315
0.2528338768149242 -0.3204498756880144 -0.9016992643402888
0.2466702336265942 -0.32446536442608387 -0.8826139390132928
0.24025837375018105 -0.32816163338607496 -0.86110550993377
0.23357641546545801 -0.33157783899271925 -0.8373607410823256
0.22660045650490218 -0.33473994795840667 -0.8115670554932353
0.21930732759283084 -0.33766120991521387 -0.7839141609696668
0.2116775013747846 -0.34034308334963376 -0.7545971578727568
0.20369808523730115 -0.342776558357474 -0.7238203691706883
0.19536580333938797 -0.34494383643044374 -0.6918012714279761
0.1866898568407394 -0.3468203564928599 -0.6587741162569243
0.17769453627010667 -0.34837719447184473 -0.624993032141622
0.16842144075834542 -0.34958390558582964 -0.590734515389185
0.1589311277540488 -0.3504119063831472 -0.5562992061760533
0.14930396676567184 -0.35083846303679045 -0.5220126856904422
0.13963991161134875 -0.3508512057232177 -0.4882247753082282
0.13005688283114306 -0.35045280956393005 -0.45530661580592996
0.12068753541545249 -0.34966515208878024 -0.4236448565185656
0.11167442089928326 -0.3485320439085869 -0.39363272258511717
0.10316389970590571 -0.347119691282994 -0.3656584828012052
0.09529949614603735 -0.34551442102730395 -0.34009262951571945
0.08821556811387841 -0.3438177564639959 -0.31727555687883746
0.08203210076886791 -0.3421394679403094 -0.297507466243595
0.08094139890022604 0.3383963335184998 -0.28914959082125413
0.0881501530372816 0.3400816779705614 -0.31206509513354025
0.09615388805948037 0.3416702168486793 -0.3377410264459373
0.10481622569433231 0.34305947713643387 -0.36583541464958075
0.11399147780638609 0.3441624090712361 -0.3959761511197128
0.1235310555299382 0.34491237828329074 -0.4277734711328585
0.13329019510398876 0.3452654833359795 -0.46083296291699716
0.14313411822636488 0.3452001098315562 -0.4947673026207782
0.15294292693676928 0.34471419623585947 -0.5292053918343672
0.16261487400707225 0.3438210619451124 -0.5637983683920368
0.1720680013012146 0.34254471035593786 -0.5982227201074705
0.18124037581855226 0.340915303596304 -0.63218117008534
0.19008923803872588 0.3389651706696901 -0.6654020496152816
0.19858935402351272 0.33672542715607745 -0.6976376623344489
0.206730802205233 0.33422313475703147 -0.7286618758939607
0.21451637370642646 0.33147889646071177 -0.7582670046779347
0.2219587317352789 0.32850480984408015 -0.7862600246033014
0.22907745398629678 0.32530274232345713 -0.8124582766639205
0.23589606358677653 0.32186292991173227 -0.8366850221946163
0.24243913228113564 0.31816293081178265 -0.8587654401409284
0.24872950938791605 0.314166986817088 -0.8785238255255116
0.25478188392628515 0.30982629591110405 -0.8957604770831689
0.26061584578302094 0.30507764366247025 -0.9103436766201946
0.26623049884147815 0.29984709595222087 -0.9220838890095991
0.27161700264383515 0.29405012107093437 -0.9308249301736108
0.2767528287932177 0.287594581458793 -0.9364345469122777
0.28159961248289606 0.28038404864951766 -0.9388152979369745
0.2861009749552269 0.2723217891123339 -0.9379147027639544
0.29018023514173197 0.2633156580245772 -0.9337363905612802
0.29373839295840165 0.2532851574183541 -0.9263627945232585
0.29665434434856763 0.24217317092944154 -0.9160066556441838
0.2987908094163264 0.22996270581280537 -0.9030814971612362
0.30000618749050256 0.21669012495811357 -0.8882105539423552
0.3001646721657663 0.2024415027612231 -0.8720877898227886
0.29913777768662664 0.18733378377345203 -0.8552583432941354
0.2968027471917466 0.17149945779475906 -0.8379954454638415
0.2930453473785203 0.15508281573955238 -0.8203126764393555
0.2877615418750306 0.138237005968605 -0.8019843700700434
0.28084622390890956 0.12111430241497045 -0.7824771260619872
0.2721677594252156 0.1038601090258621 -0.7608449571644788
0.261544458371325 0.0866335616109418 -0.7357398264545566
0.24874937529837735 0.06966946120729062 -0.7056212130086514
0.23358208769035757 0.05337549053446873 -0.6692036980470749
0.21605724988434835 0.03842490914145916 -0.626298773375243
0.19668819721225816 0.025738998848273683 -0.5788274220598156
0.17673037724349785 0.016228131509999532 -0.5310337854906
0.15809878951615566 0.01018388496529872 -0.4882386753836267
0.14235166309751848 0.006610472844470193 -0.4538559082564778
0.12939546551638204 0.0037912458552921656 -0.42683803041342266
0.11807255034494636 0.0008698213319151946 -0.4037167031841575
0.12960943927345708 -0.0014550113063148285 -0.4244593733593616
0.14289263736972124 -0.003641851810667752 -0.447537995708744
0.15899705554954977 -0.006686650728473461 -0.4760103477488836
0.17787435693986844 -0.012428991490305137 -0.5111870955385498
0.19787136284342513 -0.021945360078098667 -0.5510368549794018
0.21709157668878 -0.03492503701548601 -0.5923807464694888
0.2344524719148976 -0.05037289820264962 -0.6329406678628468
0.24962452158642437 -0.06731751797535583 -0.6712246249173107
0.26259796642811895 -0.08504118559279253 -0.7059563220683835
0.2734655333275898 -0.1030599300716362 -0.7365586849039656
0.28238727027202015 -0.12108158587486322 -0.7636010358957417
0.289538391161058 -0.13894149725421323 -0.7883000021692497
0.29505759498340683 -0.15651496873295168 -0.8117922932214213
0.2990419773481951 -0.17365191088225723 -0.8346690858394772
0.3015730689433017 -0.19016184893148794 -0.8568369559521938
0.3027490884701924 -0.2058484461262343 -0.8777577517134115
0.3027000411523585 -0.22055603855818606 -0.8968516305669257
0.30157854066101364 -0.2341885727789913 -0.913702696729121
0.2995417100584378 -0.2467022099768089 -0.9280241861473445
0.296738229705184 -0.2580931505287038 -0.9395786991986459
0.29330175678373 -0.2683895765840623 -0.9481557170608479
0.28934762638823586 -0.27764563413330445 -0.9535860944555073
0.28497129556220213 -0.28593519009656776 -0.9557587855993944
0.280248164159177 -0.2933452544895477 -0.9546277334126189
0.27523450143409334 -0.2999697131949121 -0.9502096184993425
0.2699690890004733 -0.3059038562867076 -0.9425758223467197
0.2644752104202142 -0.31123987301471734 -0.9318414411321237
0.2587627499363473 -0.3160632913752811 -0.9181534313628315
0.2528338768149242 -0.3204498756880144 -0.9016992643402888
0.2466702336265942 -0.32446536442608387 -0.8826139390132928
0.24025837375018105 -0.32816163338607496 -0.86110550993377
0.23357641546545801 -0.33157783899271925 -0.8373607410823256
0.22660045650490218 -0.33473994795840667 -0.8115670554932353
0.21930732759283084 -0.33766120991521387 -0.7839141609696668
0.2116775013747846 -0.34034308334963376 -0.7545971578727568
0.20369808523730115 -0.342776558357474 -0.7238203691706883
0.19536580333938797 -0.34494383643044374 -0.6918012714279761
0.1866898568407394 -0.3468203564928599 -0.6587741162569243
0.17769453627010667 -0.34837719447184473 -0.624993032141622
0.16842144075834542 -0.34958390558582964 -0.590734515389185
0.1589311277540488 -0.3504119063831472 -0.5562992061760533
0.14930396676567184 -0.35083846303679045 -0.5220126856904422
0.13963991161134875 -0.3508512057232177 -0.4882247753082282
0.13005688283114306 -0.35045280956393005 -0.45530661580592996
0.12068753541545249 -0.34966515208878024 -0.4236448565185656
0.11167442089928326 -0.3485320439085869 -0.39363272258511717
0.10316389970590571 -0.347119691282994 -0.3656584828012052
0.09529949614603735 -0.34551442102730395 -0.34009262951571945
0.08821556811387841 -0.3438177564639959 -0.31727555687883746
0.08203210076886791 -0.3421394679403094 -0.297507466243595

VECTORS ftot float
-3.7522585017731647 -7.756805816620944 5.131905831822096
-5.273304534497209 -9.26268286731622 6.988673414706293
-6.040775397049169 -10.012790152265271 8.499975132963739
-6.531553929477192 -10.484177754332572 9.85241934628979
-6.875833557974772 -10.807229702518484 11.108783156578731
-7.125413762643828 -11.033958118554024 12.296802219874397
-7.305623282462253 -11.18992457302222 13.430339202559958
-7.4307620400521435 -11.289679678770232 14.516637449200157
-7.509955500123195 -11.342614729199497 15.5593776362632
-7.549775672483891 -11.355579721486949 16.56016175550758
-7.555580519351936 -11.334135247413167 17.51928195952552
-7.532189596157125 -11.283585088064648 18.43638502996106
-7.4843734478918424 -11.20889523545281 19.310542187158592
-7.41696292002208 -11.115193248680923 20.14070093434025
-7.334872256925299 -11.007687754326172 20.925856758910474
-7.242969116794678 -10.891536153279795 21.665239042154415
-7.145867246756634 -10.77163509554173 22.35845662073163
-7.047710411010703 -10.65240216659551 23.005593504473296
-6.9520034012546255 -10.537604429318984 23.607250806733017
-6.86151378376145 -10.430257277853755 24.164540044200564
-6.778237973480094 -10.332587010715526 24.67903911549643
-6.70341145616625 -10.246036801120795 25.15272295001927
-6.637543929599687 -10.171296746641909 25.587877771349326
-6.580467255804697 -10.108345851690993 25.987004036339645
-6.5313886939653 -10.05649841604972 26.352709937313378
-6.489111259603667 -10.014616772392102 26.6875877086217
-6.451767820980496 -9.980837440962826 26.994158781054473
-6.417179514137652 -9.952922753094615 27.274700832472913
-6.3828871772450455 -9.928289987810022 27.531157747914534
-6.346223414514931 -9.904090809687732 27.765056159384187
-6.304387203296832 -9.877307416593068 27.9774357496694
-6.254549993340598 -9.844893817184676 28.168787313998
-6.194134173323787 -9.804095967784038 28.338986616927702
-6.121309434174883 -9.752987004508038 28.487267632967885
-6.035326759020855 -9.690831826724416 28.612360012364473
-5.936181684911787 -9.617770894271521 28.7128454396989
-5.823827088223261 -9.534039025538371 28.787546453018944
-5.6976433611464525 -9.439414600502753 28.835707699676515
-5.556308231919438 -9.333022962387368 28.85697081568327
-5.397590840304526 -9.213002779403073 28.85130522473775
-5.217567845892592 -9.075531472671532 28.81896255843391
-5.009298948212086 -8.913279396650847 28.760290766403003
-4.76147983452249 -8.713904983689734 28.675158241072314
-4.45698338400635 -8.45864219061801 28.56198107570671
-4.070231692829362 -8.120010234139906 28.41657036019475
-3.5602717275734177 -7.655454995440594 28.23130234712938
-2.845844192347754 -6.9829407294019505 27.996082496978527
-1.7015205553322046 -5.877176520305419 27.703633320263968
0.7962513593219711 -3.415256154784991 27.361752810861745
13.620598943597335 9.375276607209855 27.021232881906993
13.662779089509634 -9.416837458067686 27.033980782530364
0.8584878475363613 3.3553751309974538 27.406188586971275
-1.6292230249815418 5.8097505841662755 27.783073021495373
-2.7705301311580417 6.915893094562469 28.111030142966115
-3.4930387513332564 7.600736414316807 28.37755782828602
-4.024399286040902 8.091550916442854 28.585091076088347
-4.443302374152495 8.467290405644118 28.740815772744583
-4.78369752941787 8.762787424915643 28.85250401297768
-5.063577812060586 8.997212426563042 28.926805028995815
-5.296146558136796 9.18492605575857 28.968188824738085
-5.4927018006420925 9.338195348164867 28.978966009528612
-5.661970651216487 9.466443449322526 28.960188891063307
-5.809428775051325 9.575516030216711 28.9126640934977
-5.9374495975575705 9.667848926015461 28.837659534511243
-6.046619824291397 9.743895293631525 28.737017121464678
-6.137594139003683 9.804129578550596 28.612726553491957
-6.211987993053528 9.850057642684456 28.466474075100255
-6.272058627090003 9.883949347369834 28.299496401133357
-6.320206112667356 9.908328402355467 28.112604125712046
-6.358837289906971 9.925789671949733 27.90618287278398
-6.390411232006185 9.938995350829613 27.680152189879713
-6.417458008566536 9.950660690628139 27.433930746944093
-6.442534809937198 9.963493993791339 27.166434672781083
-6.468145509284064 9.980109453210016 26.876110726689483
-6.49664356245955 10.00292683121701 26.560997779135125
-6.5301667557018845 10.034104430728492 26.218801692130896
-6.570448271515544 10.075349804696899 25.84701343538005
-6.618782132194432 10.12788652255277 25.443009121374807
-6.675982522323227 10.192416408186926 25.004147191640772
-6.7422600182022405 10.268999872965981 24.527883778542055
-6.817158996057039 10.35699808751081 24.011879441027396
-6.899503335577553 10.45502361296759 23.454098366962782
-6.987357574237774 10.560906267823377 22.852896761096943
-7.078015017678803 10.671685502213705 22.207094696870747
-7.168031125531985 10.783647507481271 21.516022224610268
-7.253321438842188 10.89242635286868 20.77952772455038
-7.3293298092646335 10.993175017653625 19.99793730707416
-7.391243188215714 11.080782729182108 19.171960246262554
-7.434197693172615 11.15008348446877 18.30254449658397
-7.45340823858226 11.195988181913108 17.39069185003185
-7.444146036907514 11.213566346737986 16.43728721718606
-7.401635867947755 11.197551251105514 15.442648513886546
-7.320568874142991 11.142426660222043 14.406458199784408
-7.194440791720621 11.041405564124448 13.327101767516302
-7.014231279993361 10.88519765804388 12.200903841377725
-6.765820643707631 10.659428995622605 11.020653727993611
-6.424219528260588 10.338874347987625 9.772568938558864
-5.938349468946004 9.872240027033325 8.429090021504269
-5.179872093000031 9.130994882543932 6.927854393542255
-3.678809723729948 7.644992180196087 5.083504398817875
-3.7522585017731647 -7.756805816620944 5.131905831822096
-5.273304534497209 -9.26268286731622 6.988673414706293
-6.040775397049169 -10.012790152265271 8.499975132963739
-6.531553929477192 -10.484177754332572 9.85241934628979
-6.875833557974772 -10.807229702518484 11.108783156578731
-7.125413762643828 -11.033958118554024 12.296802219874397
-7.305623282462253 -11.18992457302222 13.430339202559958
-7.4307620400521435 -11.289679678770232 14.516637449200157
-7.509955500123195 -11.342614729199497 15.5593776362632
-7.549775672483891 -11.355579721486949 16.56016175550758
-7.555580519351936 -11.334135247413167 17.51928195952552
-7.532189596157125 -11.283585088064648 18.43638502996106
-7.4843734478918424 -11.20889523545281 19.310542187158592
-7.41696292002208 -11.115193248680923 20.14070093434025
-7.334872256925299 -11.007687754326172 20.925856758910474
-7.242969116794678 -10.891536153279795 21.665239042154415
-7.145867246756634 -10.77163509554173 22.35845662073163
-7.047710411010703 -10.65240216659551 23.005593504473296
-6.9520034012546255 -10.537604429318984 23.607250806733017
-6.86151378376145 -10.430257277853755 24.164540044200564
-6.778237973480094 -10.332587010715526 24.67903911549643
-6.70341145616625 -10.246036801120795 25.15272295001927
-6.637543929599687 -10.171296746641909 25.587877771349326
-6.580467255804697 -10.108345851690993 25.987004036339645
-6.5313886939653 -10.05649841604972 26.352709937313378
-6.489111259603667 -10.014616772392102 26.6875877086217
-6.451767820980496 -9.980837440962826 26.994158781054473
-6.417179514137652 -9.952922753094615 27.274700832472913
-6.3828871772450455 -9.928289987810022 27.531157747914534
-6.346223414514931 -9.904090809687732 27.765056159384187
-6.304387203296832 -9.877307416593068 27.9774357496694
-6.254549993340598 -9.844893817184676 28.168787313998
-6.194134173323787 -9.804095967784038 28.338986616927702
-6.121309434174883 -9.752987004508038 28.487267632967885
-6.035326759020855 -9.690831826724416 28.612360012364473
-5.936181684911787 -9.617770894271521 28.7128454396989
-5.823827088223261 -9.534039025538371 28.787546453018944
-5.6976433611464525 -9.439414600502753 28.835707699676515
-5.556308231919438 -9.333022962387368 28.85697081568327
-5.397590840304526 -9.213002779403073 28.85130522473775
-5.217567845892592 -9.075531472671532 28.81896255843391
-5.009298948212086 -8.913279396650847 28.760290766403003
-4.76147983452249 -8.713904983689734 28.675158241072314
-4.45698338400635 -8.45864219061801 28.56198107570671
-4.070231692829362 -8.120010234139906 28.41657036019475
-3.5602717275734177 -7.655454995440594 28.23130234712938
-2.845844192347754 -6.9829407294019505 27.996082496978527
-1.7015205553322046 -5.877176520305419 27.703633320263968
0.7962513593219711 -3.415256154784991 27.361752810861745
13.620598943597335 9.375276607209855 27.021232881906993
13.662779089509634 -9.416837458067686 27.033980782530364
0.8584878475363613 3.3553751309974538 27.406188586971275
-1.6292230249815418 5.8097505841662755 27.783073021495373
-2.7705301311580417 6.915893094562469 28.111030142966115
-3.4930387513332564 7.600736414316807 28.37755782828602
-4.024399286040902 8.091550916442854 28.585091076088347
-4.443302374152495 8.467290405644118 28.740815772744583
-4.78369752941787 8.762787424915643 28.85250401297768
-5.063577812060586 8.997212426563042 28.926805028995815
-5.296146558136796 9.18492605575857 28.968188824738085
-5.4927018006420925 9.338195348164867 28.978966009528612
-5.661970651216487 9.466443449322526 28.960188891063307
-5.809428775051325 9.575516030216711 28.9126640934977
-5.9374495975575705 9.667848926015461 28.837659534511243
-6.046619824291397 9.743895293631525 28.737017121464678
-6.137594139003683 9.804129578550596 28.612726553491957
-6.211987993053528 9.850057642684456 28.466474075100255
-6.272058627090003 9.883949347369834 28.299496401133357
-6.320206112667356 9.908328402355467 28.112604125712046
-6.358837289906971 9.925789671949733 27.90618287278398
-6.390411232006185 9.938995350829613 27.680152189879713
-6.417458008566536 9.950660690628139 27.433930746944093
-6.442534809937198 9.963493993791339 27.166434672781083
-6.468145509284064 9.980109453210016 26.876110726689483
-6.49664356245955 10.00292683121701 26.560997779135125
-6.5301667557018845 10.034104430728492 26.218801692130896
-6.570448271515544 10.075349804696899 25.84701343538005
-6.618782132194432 10.12788652255277 25.443009121374807
-6.675982522323227 10.192416408186926 25.004147191640772
-6.7422600182022405 10.268999872965981 24.527883778542055
-6.817158996057039 10.35699808751081 24.011879441027396
-6.899503335577553 10.45502361296759 23.454098366962782
-6.987357574237774 10.560906267823377 22.852896761096943
-7.078015017678803 10.671685502213705 22.207094696870747
-7.168031125531985 10.783647507481271 21.516022224610268
-7.253321438842188 10.89242635286868 20.77952772455038
-7.3293298092646335 10.993175017653625 19.99793730707416
-7.391243188215714 11.080782729182108 19.171960246262554
-7.434197693172615 11.15008348446877 18.30254449658397
-7.45340823858226 11.195988181913108 17.39069185003185
-7.444146036907514 11.213566346737986 16.43728721718606
-7.401635867947755 11.197551251105514 15.442648513886546
-7.320568874142991 11.142426660222043 14.406458199784408
-7.194440791720621 11.041405564124448 13.327101767516302
-7.014231279993361 10.88519765804388 12.200903841377725
-6.765820643707631 10.659428995622605 11.020653727993611
-6.424219528260588 10.338874347987625 9.772568938558864
-5.938349468946004 9.872240027033325 8.429090021504269
-5.179872093000031 9.130994882543932 6.927854393542255
-3.678809723729948 7.644992180196087 5.083504398817875

VECTORS D float
-0.005052434291647313 -0.0 -0.002355988802520068
-0.008863357870620784 -0.0 -0.004133051652038853
-0.01055758997377999 -0.0 -0.00492308505643404
-0.011169326219986007 -0.0 -0.005208342352810897
-0.01093430945330106 -0.0 -0.00509875223471088
-0.009921393056784031 -0.0 -0.004626421561944225
-0.0081492871503753 -0.0 -0.003800075006724129
-0.0056207405299409175 -0.0 -0.002620994353613635
-0.002336082824822776 -0.0 -0.0010893333112992226
0.001699744782319391 0.0 0.0007926040089045331
0.006472254288409213 0.0 0.0030180617402117476
0.011955363321160567 0.0 0.005574877472682551
0.018106764708248603 0.0 0.008443323047866984
0.024868454339976417 0.0 0.011596350705208916
0.032167084656210085 0.0 0.014999757915710912
0.039916780779507485 0.0 0.018613500566378595
0.04802370113323959 0.0 0.022393819611376507
0.05639150328994505 0.0 0.026295789838974175
0.06492672269771274 0.0 0.030275828012849424
0.0735433647534363 0.0 0.03429383419101375
0.08216646674137727 0.0 0.038314852685042214
0.0907347043164238 0.0 0.042310287483177826
0.09920221354421846 0.0 0.046258751881596595
0.10753975386399783 0.0 0.0501466107828858
0.11573529458590044 0.0 0.05396825418423013
0.12379053935137616 0.0 0.0577244765066844
0.13172744023546168 0.0 0.06142551417095067
0.13958064690940816 0.0 0.06508752458408587
0.1473965062991915 0.0 0.0687321196726045
0.15523087815129405 0.0 0.07238534726407386
0.16314658973786564 0.0 0.07607650419663846
0.1712097582136741 0.0 0.07983642140590191
0.17948110331130676 0.0 0.08369341296817082
0.18800075567326863 0.0 0.08766619210937196
0.19677741586420713 0.0 0.09175881596943071
0.20579774736699905 0.0 0.09596506562827936
0.21505100476958308 0.0 0.1002799304179837
0.22454736578767742 0.0 0.1047081562853257
0.2343240713942648 0.0 0.10926710898120433
0.24445372593870296 0.0 0.1139906444697404
0.25507158303006777 0.0 0.11894183254463918
0.266421022810118 0.0 0.12423416322984558
0.27889894033013923 0.0 0.1300527117272579
0.2931031270275431 0.0 0.1366762327621207
0.30992040630831785 0.0 0.14451825888007735
0.3307764885033109 0.0 0.1542436097267127
0.35857444943752087 0.0 0.16720601179142833
0.4016356317516546 0.0 0.18728577087371748
0.4946181372244234 0.0 0.23064422525010866
0.97467467099917 0.0 0.4544982632966167
0.9764635487765249 0.0 0.45533243070370066
0.4976451682579495 0.0 0.23205575300251466
0.4055507247204979 0.0 0.1891114087074779
0.36310240432262936 0.0 0.16931743183013473
0.3354409121533035 0.0 0.15641866619558356
0.31412041298592774 0.0 0.14647675415814898
0.2963138474073383 0.0 0.1381734162634135
0.2808580429427034 0.0 0.13096625627860806
0.2671620183580416 0.0 0.12457969512850112
0.25479254531476964 0.0 0.1188117151210816
0.24337402133766173 0.0 0.1134871699457297
0.23261760973680817 0.0 0.10847137284198444
0.2223478705730344 0.0 0.1036825148226624
0.21249715853922554 0.0 0.09908905236301774
0.20305942363102994 0.0 0.09468816429968935
0.1940278977635481 0.0 0.0904766946228576
0.18536613470812732 0.0 0.08643764817699086
0.17701818627703006 0.0 0.0825449358936872
0.16892419567498768 0.0 0.07877064609092024
0.1610248690451813 0.0 0.07508712958917381
0.15326065510783082 0.0 0.07146661717063352
0.1455718663978058 0.0 0.06788127611321317
0.1379006736725446 0.0 0.06430414019824095
0.13019405743749202 0.0 0.060710486029374275
0.12240698732021674 0.0 0.05707931559909888
0.11450457160501416 0.0 0.0533943586331755
0.10646658990842083 0.0 0.049646186211944325
0.09828797560779975 0.0 0.04583243573046873
0.0899790521500332 0.0 0.04195792109108847
0.08156700781754113 0.0 0.03803532039810807
0.07309555493604619 0.0 0.03408501704376775
0.06462393977723001 0.0 0.030134638018269787
0.056225226496666336 0.0 0.026218253696894855
0.047983745536033094 0.0 0.02237518801041296
0.03999155653171735 0.0 0.018648369072278355
0.032343869355047725 0.0 0.015082193974623528
0.02513367759282071 0.0 0.011720026339130989
0.018446304474798562 0.0 0.008601653041257389
0.01235484592360138 0.0 0.005761159269500391
0.006917341281919372 0.0 0.0032256092138307187
0.002176393403638352 0.0 0.0010148689112745865
-0.0018414367460126522 -0.0 -0.0008586760566737207
-0.005121017776195965 -0.0 -0.002387969806588059
-0.007656697438214743 -0.0 -0.0035703766516152935
-0.00944744138089962 -0.0 -0.0044054142658839284
-0.010489917785396652 -0.0 -0.004891528996746782
-0.01076517272495216 -0.0 -0.005019882483006507
-0.01020499637321916 -0.0 -0.00475866796027608
-0.008577045481928029 -0.0 -0.003999541992566771
-0.004863308545938803 -0.0 -0.0022677980189419146
-0.005052434291647313 -0.0 -0.002355988802520068
-0.008863357870620784 -0.0 -0.004133051652038853
-0.01055758997377999 -0.0 -0.00492308505643404
-0.011169326219986007 -0.0 -0.005208342352810897
-0.01093430945330106 -0.0 -0.00509875223471088
-0.009921393056784031 -0.0 -0.004626421561944225
-0.0081492871503753 -0.0 -0.003800075006724129
-0.0056207405299409175 -0.0 -0.002620994353613635
-0.002336082824822776 -0.0 -0.0010893333112992226
0.001699744782319391 0.0 0.0007926040089045331
0.006472254288409213 0.0 0.0030180617402117476
0.011955363321160567 0.0 0.005574877472682551
0.018106764708248603 0.0 0.008443323047866984
0.024868454339976417 0.0 0.011596350705208916
0.032167084656210085 0.0 0.014999757915710912
0.039916780779507485 0.0 0.018613500566378595
0.04802370113323959 0.0 0.022393819611376507
0.05639150328994505 0.0 0.026295789838974175
0.06492672269771274 0.0 0.030275828012849424
0.0735433647534363 0.0 0.03429383419101375
0.08216646674137727 0.0 0.038314852685042214
0.0907347043164238 0.0 0.042310287483177826
0.09920221354421846 0.0 0.046258751881596595
0.10753975386399783 0.0 0.0501466107828858
0.11573529458590044 0.0 0.05396825418423013
0.12379053935137616 0.0 0.0577244765066844
0.13172744023546168 0.0 0.06142551417095067
0.13958064690940816 0.0 0.06508752458408587
0.1473965062991915 0.0 0.0687321196726045
0.15523087815129405 0.0 0.07238534726407386
0.16314658973786564 0.0 0.07607650419663846
0.1712097582136741 0.0 0.07983642140590191
0.17948110331130676 0.0 0.08369341296817082
0.18800075567326863 0.0 0.08766619210937196
0.19677741586420713 0.0 0.09175881596943071
0.20579774736699905 0.0 0.09596506562827936
0.21505100476958308 0.0 0.1002799304179837
0.22454736578767742 0.0 0.1047081562853257
0.2343240713942648 0.0 0.10926710898120433
0.24445372593870296 0.0 0.1139906444697404
0.25507158303006777 0.0 0.11894183254463918
0.266421022810118 0.0 0.12423416322984558
0.27889894033013923 0.0 0.1300527117272579
0.2931031270275431 0.0 0.1366762327621207
0.30992040630831785 0.0 0.14451825888007735
0.3307764885033109 0.0 0.1542436097267127
0.35857444943752087 0.0 0.16720601179142833
0.4016356317516546 0.0 0.18728577087371748
0.4946181372244234 0.0 0.23064422525010866
0.97467467099917 0.0 0.4544982632966167
0.9764635487765249 0.0 0.45533243070370066
0.4976451682579495 0.0 0.23205575300251466
0.4055507247204979 0.0 0.1891114087074779
0.36310240432262936 0.0 0.16931743183013473
0.3354409121533035 0.0 0.15641866619558356
0.31412041298592774 0.0 0.14647675415814898
0.2963138474073383 0.0 0.1381734162634135
0.2808580429427034 0.0 0.13096625627860806
0.2671620183580416 0.0 0.12457969512850112
0.25479254531476964 0.0 0.1188117151210816
0.24337402133766173 0.0 0.1134871699457297
0.23261760973680817 0.0 0.10847137284198444
0.2223478705730344 0.0 0.1036825148226624
0.21249715853922554 0.0 0.09908905236301774
0.20305942363102994 0.0 0.09468816429968935
0.1940278977635481 0.0 0.0904766946228576
0.18536613470812732 0.0 0.08643764817699086
0.17701818627703006 0.0 0.0825449358936872
0.16892419567498768 0.0 0.07877064609092024
0.1610248690451813 0.0 0.07508712958917381
0.15326065510783082 0.0 0.07146661717063352
0.1455718663978058 0.0 0.06788127611321317
0.1379006736725446 0.0 0.06430414019824095
0.13019405743749202 0.0 0.060710486029374275
0.12240698732021674 0.0 0.05707931559909888
0.11450457160501416 0.0 0.0533943586331755
0.10646658990842083 0.0 0.049646186211944325
0.09828797560779975 0.0 0.04583243573046873
0.0899790521500332 0.0 0.04195792109108847
0.08156700781754113 0.0 0.03803532039810807
0.07309555493604619 0.0 0.03408501704376775
0.06462393977723001 0.0 0.030134638018269787
0.056225226496666336 0.0 0.026218253696894855
0.047983745536033094 0.0 0.02237518801041296
0.03999155653171735 0.0 0.018648369072278355
0.032343869355047725 0.0 0.015082193974623528
0.02513367759282071 0.0 0.011720026339130989
0.018446304474798562 0.0 0.008601653041257389
0.01235484592360138 0.0 0.005761159269500391
0.006917341281919372 0.0 0.0032256092138307187
0.002176393403638352 0.0 0.0010148689112745865
-0.0018414367460126522 -0.0 -0.0008586760566737207
-0.005121017776195965 -0.0 -0.002387969806588059
-0.007656697438214743 -0.0 -0.0035703766516152935
-0.00944744138089962 -0.0 -0.0044054142658839284
-0.010489917785396652 -0.0 -0.004891528996746782
-0.01076517272495216 -0.0 -0.005019882483006507
-0.01020499637321916 -0.0 -0.00475866796027608
-0.008577045481928029 -0.0 -0.003999541992566771
-0.004863308545938803 -0.0 -0.0022677980189419146

VECTORS funs-vector float
0.0 0.0 -0.6617446537586555
0.0 0.0 -1.0170516775767766
0.0 0.0 -1.3078439730882976
0.0 0.0 -1.5695642321555543
0.0 0.0 -1.8141736799175183
0.0 0.0 -2.046977088329007
0.0 0.0 -2.270628397137305
0.0 0.0 -2.4864971257741537
0.0 0.0 -2.6952373339476066
0.0 0.0 -2.8970564194170536
0.0 0.0 -3.091853763350119
0.0 0.0 -3.279297472195237
0.0 0.0 -3.458869946150108
0.0 0.0 -3.6298971507232465
0.0 0.0 -3.7915688376398706
0.0 0.0 -3.942952932473378
0.0 0.0 -4.083005590986221
0.0 0.0 -4.210578916972794
0.0 0.0 -4.324430611305307
0.0 0.0 -4.423242533355272
0.0 0.0 -4.505656644307365
0.0 0.0 -4.570336069378218
0.0 0.0 -4.616056440603319
0.0 0.0 -4.641831944134373
0.0 0.0 -4.6470959232004425
0.0 0.0 -4.632183977049316
0.0 0.0 -4.596608216241809
0.0 0.0 -4.54111081913692
0.0 0.0 -4.4672278665779945
0.0 0.0 -4.377088372807474
0.0 0.0 -4.273228361320255
0.0 0.0 -4.158197225573483
0.0 0.0 -4.034129872020598
0.0 0.0 -3.902814047379252
0.0 0.0 -3.766554155252681
0.0 0.0 -3.6289169712734655
0.0 0.0 -3.494287564468007
0.0 0.0 -3.367011040003962
0.0 0.0 -3.251655929545603
0.0 0.0 -3.1543839166915615
0.0 0.0 -3.083200053077222
0.0 0.0 -3.0448636949563825
0.0 0.0 -3.0403351498469795
0.0 0.0 -3.0617702075024007
0.0 0.0 -3.0897995481926173
0.0 0.0 -3.09365067703268
0.0 0.0 -3.0466453417660317
0.0 0.0 -2.9497283660078497
0.0 0.0 -2.8314121008490467
0.0 0.0 -2.7307258010816744
0.0 0.0 -2.7310744626398886
0.0 0.0 -2.831951864892323
0.0 0.0 -2.9546608198342548
0.0 0.0 -3.074354435491044
0.0 0.0 -3.1776177046408387
0.0 0.0 -3.2577474193778593
0.0 0.0 -3.3122036639115002
0.0 0.0 -3.347574237425742
0.0 0.0 -3.3817590254966285
0.0 0.0 -3.4315746716053446
0.0 0.0 -3.503527417936091
0.0 0.0 -3.5965852786204366
0.0 0.0 -3.706160729848329
0.0 0.0 -3.8263965397376194
0.0 0.0 -3.9526453021930132
0.0 0.0 -4.082434848200029
0.0 0.0 -4.214001825829378
0.0 0.0 -4.344800399938575
0.0 0.0 -4.471427195531514
0.0 0.0 -4.590182234293913
0.0 0.0 -4.697500802081067
0.0 0.0 -4.790178814637709
0.0 0.0 -4.865503565517622
0.0 0.0 -4.921347146144553
0.0 0.0 -4.956223455616697
0.0 0.0 -4.969580198960065
0.0 0.0 -4.960999805596681
0.0 0.0 -4.9305715380550525
0.0 0.0 -4.878970110891341
0.0 0.0 -4.807254602630465
0.0 0.0 -4.7167265906163225
0.0 0.0 -4.608812044245602
0.0 0.0 -4.484968682621034
0.0 0.0 -4.346620810576005
0.0 0.0 -4.195118758440439
0.0 0.0 -4.031716132751339
0.0 0.0 -3.8575566954739577
0.0 0.0 -3.673663841884663
0.0 0.0 -3.4809282558785513
0.0 0.0 -3.2800915932627883
0.0 0.0 -3.071724503617448
0.0 0.0 -2.8561954726439125
0.0 0.0 -2.6336227183564347
0.0 0.0 -2.4037933378146032
0.0 0.0 -2.166017191271993
0.0 0.0 -1.9188434293082053
0.0 0.0 -1.6594601539411904
0.0 0.0 -1.3822521710316014
0.0 0.0 -1.074572239285233
0.0 0.0 -0.6989768980392713
0.0 0.0 -0.6617446537586555
0.0 0.0 -1.0170516775767766
0.0 0.0 -1.3078439730882976
0.0 0.0 -1.5695642321555543
0.0 0.0 -1.8141736799175183
0.0 0.0 -2.046977088329007
0.0 0.0 -2.270628397137305
0.0 0.0 -2.4864971257741537
0.0 0.0 -2.6952373339476066
0.0 0.0 -2.8970564194170536
0.0 0.0 -3.091853763350119
0.0 0.0 -3.279297472195237
0.0 0.0 -3.458869946150108
0.0 0.0 -3.6298971507232465
0.0 0.0 -3.7915688376398706
0.0 0.0 -3.942952932473378
0.0 0.0 -4.083005590986221
0.0 0.0 -4.210578916972794
0.0 0.0 -4.324430611305307
0.0 0.0 -4.423242533355272
0.0 0.0 -4.505656644307365
0.0 0.0 -4.570336069378218
0.0 0.0 -4.616056440603319
0.0 0.0 -4.641831944134373
0.0 0.0 -4.6470959232004425
0.0 0.0 -4.632183977049316
0.0 0.0 -4.596608216241809
0.0 0.0 -4.54111081913692
0.0 0.0 -4.4672278665779945
0.0 0.0 -4.377088372807474
0.0 0.0 -4.273228361320255
0.0 0.0 -4.158197225573483
0.0 0.0 -4.034129872020598
0.0 0.0 -3.902814047379252
0.0 0.0 -3.766554155252681
0.0 0.0 -3.6289169712734655
0.0 0.0 -3.494287564468007
0.0 0.0 -3.367011040003962
0.0 0.0 -3.251655929545603
0.0 0.0 -3.1543839166915615
0.0 0.0 -3.083200053077222
0.0 0.0 -3.0448636949563825
0.0 0.0 -3.0403351498469795
0.0 0.0 -3.0617702075024007
0.0 0.0 -3.0897995481926173
0.0 0.0 -3.09365067703268
0.0 0.0 -3.0466453417660317
0.0 0.0 -2.9497283660078497
0.0 0.0 -2.8314121008490467
0.0 0.0 -2.7307258010816744
0.0 0.0 -2.7310744626398886
0.0 0.0 -2.831951864892323
0.0 0.0 -2.9546608198342548
0.0 0.0 -3.074354435491044
0.0 0.0 -3.1776177046408387
0.0 0.0 -3.2577474193778593
0.0 0.0 -3.3122036639115002
0.0 0.0 -3.347574237425742
0.0 0.0 -3.3817590254966285
0.0 0.0 -3.4315746716053446
0.0 0.0 -3.503527417936091
0.0 0.0 -3.5965852786204366
0.0 0.0 -3.706160729848329
0.0 0.0 -3.8263965397376194
0.0 0.0 -3.9526453021930132
0.0 0.0 -4.082434848200029
0.0 0.0 -4.214001825829378
0.0 0.0 -4.344800399938575
0.0 0.0 -4.471427195531514
0.0 0.0 -4.590182234293913
0.0 0.0 -4.697500802081067
0.0 0.0 -4.790178814637709
0.0 0.0 -4.865503565517622
0.0 0.0 -4.921347146144553
0.0 0.0 -4.956223455616697
0.0 0.0 -4.969580198960065
0.0 0.0 -4.960999805596681
0.0 0.0 -4.9305715380550525
0.0 0.0 -4.878970110891341
0.0 0.0 -4.807254602630465
0.0 0.0 -4.7167265906163225
0.0 0.0 -4.608812044245602
0.0 0.0 -4.484968682621034
0.0 0.0 -4.346620810576005
0.0 0.0 -4.195118758440439
0.0 0.0 -4.031716132751339
0.0 0.0 -3.8575566954739577
0.0 0.0 -3.673663841884663
0.0 0.0 -3.4809282558785513
0.0 0.0 -3.2800915932627883
0.0 0.0 -3.071724503617448
0.0 0.0 -2.8561954726439125
0.0 0.0 -2.6336227183564347
0.0 0.0 -2.4037933378146032
0.0 0.0 -2.166017191271993
0.0 0.0 -1.9188434293082053
0.0 0.0 -1.6594601539411904
0.0 0.0 -1.3822521710316014
0.0 0.0 -1.074572239285233
0.0 0.0 -0.6989768980392713

VECTORS S float
-0.0 -0.03510307214103515 0.0
-0.0 -0.04961704727612206 0.0
-0.0 -0.06195780794665134 0.0
-0.0 -0.07358920225308135 0.0
-0.0 -0.08483976074261072 0.0
-0.0 -0.09579113340132013 0.0
-0.0 -0.10644628545499134 0.0
-0.0 -0.11677927364346487 0.0
-0.0 -0.12675487700847143 0.0
-0.0 -0.1363385874019128 0.0
-0.0 -0.14550211894926882 0.0
-0.0 -0.15423216349018526 0.0
-0.0 -0.162528149085106 0.0
-0.0 -0.1704084918489979 0.0
-0.0 -0.1779099663669989 0.0
-0.0 -0.18508579448365348 0.0
-0.0 -0.19200169767313932 0.0
-0.0 -0.19873074050154152 0.0
-0.0 -0.2053479983890649 0.0
-0.0 -0.21192579889451468 0.0
-0.0 -0.2185298061949779 0.0
-0.0 -0.2252158728134153 0.0
-0.0 -0.2320274704189519 0.0
-0.0 -0.2389935526220349 0.0
-0.0 -0.24612673498145368 0.0
-0.0 -0.2534259159234356 0.0
-0.0 -0.26086724091011015 0.0
-0.0 -0.26841056852972695 0.0
-0.0 -0.2759987253312583 0.0
-0.0 -0.2835583461167704 0.0
-0.0 -0.2910016027090222 0.0
-0.0 -0.29822977933948164 0.0
-0.0 -0.30514311944732625 0.0
-0.0 -0.31165914249945514 0.0
-0.0 -0.31772803517382475 0.0
-0.0 -0.3233269743646172 0.0
-0.0 -0.32843685451550014 0.0
-0.0 -0.33302324761888025 0.0
-0.0 -0.3370274068264341 0.0
-0.0 -0.3403512269823255 0.0
-0.0 -0.3428163307870534 0.0
-0.0 -0.3440962415894009 0.0
-0.0 -0.3436424622775665 0.0
-0.0 -0.3406067658563058 0.0
-0.0 -0.3337203686599088 0.0
-0.0 -0.3209910974982488 0.0
-0.0 -0.2985970232707947 0.0
-0.0 -0.2561986639505369 0.0
-0.0 -0.15171708370367284 0.0
0.0 0.4242738813699149 -0.0
-0.0 -0.4261546987841904 0.0
0.0 0.1490569686532961 -0.0
0.0 0.25325942353555536 -0.0
0.0 0.2957300042087365 -0.0
0.0 0.3186967626195354 -0.0
0.0 0.3325507329427339 -0.0
0.0 0.3409550062102642 -0.0
0.0 0.3455701953084457 -0.0
0.0 0.3473364676445653 -0.0
0.0 0.34694856807748814 -0.0
0.0 0.34497615171179746 -0.0
0.0 0.3418453914076886 -0.0
0.0 0.3378249161594798 -0.0
0.0 0.3330464541508715 -0.0
0.0 0.32756698183484123 -0.0
0.0 0.32144266697437485 -0.0
0.0 0.31476105905506674 -0.0
0.0 0.3076284795891792 -0.0
0.0 0.30015139298908283 -0.0
0.0 0.2924299691065333 -0.0
0.0 0.28455767802399135 -0.0
0.0 0.27662061343788547 -0.0
0.0 0.26869565390573663 -0.0
0.0 0.2608482136333306 -0.0
0.0 0.2531300949133341 -0.0
0.0 0.24557865569358242 -0.0
0.0 0.2382134207775887 -0.0
0.0 0.2310371970313369 -0.0
0.0 0.2240372547946056 -0.0
0.0 0.21718496536523305 -0.0
0.0 0.21043729175358625 -0.0
0.0 0.20373873269145415 -0.0
0.0 0.19702379708807752 -0.0
0.0 0.19022012120582202 -0.0
0.0 0.1832523840774138 -0.0
0.0 0.17604707267720868 -0.0
0.0 0.16853781427621353 -0.0
0.0 0.16067052725160244 -0.0
0.0 0.15240736747089942 -0.0
0.0 0.1437286540736453 -0.0
0.0 0.13463353108771653 -0.0
0.0 0.12513377783837296 -0.0
0.0 0.11525610371861982 -0.0
0.0 0.1050334701394405 -0.0
0.0 0.09449967180934311 -0.0
0.0 0.08367948406155591 -0.0
0.0 0.07256930713034394 -0.0
0.0 0.061088102546498664 -0.0
0.0 0.0489116394520908 -0.0
0.0 0.034597064611832484 -0.0
-0.0 -0.03510307214103515 0.0
-0.0 -0.04961704727612206 0.0
-0.0 -0.06195780794665134 0.0
-0.0 -0.07358920225308135 0.0
-0.0 -0.08483976074261072 0.0
-0.0 -0.09579113340132013 0.0
-0.0 -0.10644628545499134 0.0
-0.0 -0.11677927364346487 0.0
-0.0 -0.12675487700847143 0.0
-0.0 -0.1363385874019128 0.0
-0.0 -0.14550211894926882 0.0
-0.0 -0.15423216349018526 0.0
-0.0 -0.162528149085106 0.0
-0.0 -0.1704084918489979 0.0
-0.0 -0.1779099663669989 0.0
-0.0 -0.18508579448365348 0.0
-0.0 -0.19200169767313932 0.0
-0.0 -0.19873074050154152 0.0
-0.0 -0.2053479983890649 0.0
-0.0 -0.21192579889451468 0.0
-0.0 -0.2185298061949779 0.0
-0.0 -0.2252158728134153 0.0
-0.0 -0.2320274704189519 0.0
-0.0 -0.2389935526220349 0.0
-0.0 -0.24612673498145368 0.0
-0.0 -0.2534259159234356 0.0
-0.0 -0.26086724091011015 0.0
-0.0 -0.26841056852972695 0.0
-0.0 -0.2759987253312583 0.0
-0.0 -0.2835583461167704 0.0
-0.0 -0.2910016027090222 0.0
-0.0 -0.29822977933948164 0.0
-0.0 -0.30514311944732625 0.0
-0.0 -0.31165914249945514 0.0
-0.0 -0.31772803517382475 0.0
-0.0 -0.3233269743646172 0.0
-0.0 -0.32843685451550014 0.0
-0.0 -0.33302324761888025 0.0
-0.0 -0.3370274068264341 0.0
-0.0 -0.3403512269823255 0.0
-0.0 -0.3428163307870534 0.0
-0.0 -0.3440962415894009 0.0
-0.0 -0.3436424622775665 0.0
-0.0 -0.3406067658563058 0.0
-0.0 -0.3337203686599088 0.0
-0.0 -0.3209910974982488 0.0
-0.0 -0.2985970232707947 0.0
-0.0 -0.2561986639505369 0.0
-0.0 -0.15171708370367284 0.0
0.0 0.4242738813699149 -0.0
-0.0 -0.4261546987841904 0.0
0.0 0.1490569686532961 -0.0
0.0 0.25325942353555536 -0.0
0.0 0.2957300042087365 -0.0
0.0 0.3186967626195354 -0.0
0.0 0.3325507329427339 -0.0
0.0 0.3409550062102642 -0.0
0.0 0.3455701953084457 -0.0
0.0 0.3473364676445653 -0.0
0.0 0.34694856807748814 -0.0
0.0 0.34497615171179746 -0.0
0.0 0.3418453914076886 -0.0
0.0 0.3378249161594798 -0.0
0.0 0.3330464541508715 -0.0
0.0 0.32756698183484123 -0.0
0.0 0.32144266697437485 -0.0
0.0 0.31476105905506674 -0.0
0.0 0.3076284795891792 -0.0
0.0 0.30015139298908283 -0.0
0.0 0.2924299691065333 -0.0
0.0 0.28455767802399135 -0.0
0.0 0.27662061343788547 -0.0
0.0 0.26869565390573663 -0.0
0.0 0.2608482136333306 -0.0
0.0 0.2531300949133341 -0.0
0.0 0.24557865569358242 -0.0
0.0 0.2382134207775887 -0.0
0.0 0.2310371970313369 -0.0
0.0 0.2240372547946056 -0.0
0.0 0.21718496536523305 -0.0
0.0 0.21043729175358625 -0.0
0.0 0.20373873269145415 -0.0
0.0 0.19702379708807752 -0.0
0.0 0.19022012120582202 -0.0
0.0 0.1832523840774138 -0.0
0.0 0.17604707267720868 -0.0
0.0 0.16853781427621353 -0.0
0.0 0.16067052725160244 -0.0
0.0 0.15240736747089942 -0.0
0.0 0.1437286540736453 -0.0
0.0 0.13463353108771653 -0.0
0.0 0.12513377783837296 -0.0
0.0 0.11525610371861982 -0.0
0.0 0.1050334701394405 -0.0
0.0 0.09449967180934311 -0.0
0.0 0.08367948406155591 -0.0
0.0 0.07256930713034394 -0.0
0.0 0.061088102546498664 -0.0
0.0 0.0489116394520908 -0.0
0.0 0.034597064611832484 -0.0

VECTORS Vvpm_ApA float
0.07464942073236525 0.33672504237281015 -0.2692961304504683
0.08094139890022604 0.3383963335184998 -0.28914959082125413
0.0881501530372816 0.3400816779705614 -0.31206509513354025
0.09615388805948037 0.3416702168486793 -0.3377410264459373
0.10481622569433231 0.34305947713643387 -0.36583541464958075
0.11399147780638609 0.3441624090712361 -0.3959761511197128
0.1235310555299382 0.34491237828329074 -0.4277734711328585
0.13329019510398876 0.3452654833359795 -0.46083296291699716
0.14313411822636488 0.3452001098315562 -0.4947673026207782
0.15294292693676928 0.34471419623585947 -0.5292053918343672
0.16261487400707225 0.3438210619451124 -0.5637983683920368
0.1720680013012146 0.34254471035593786 -0.5982227201074705
0.18124037581855226 0.340915303596304 -0.63218117008534
0.19008923803872588 0.3389651706696901 -0.6654020496152816
0.19858935402351272 0.33672542715607745 -0.6976376623344489
0.206730802205233 0.33422313475703147 -0.7286618758939607
0.21451637370642646 0.33147889646071177 -0.7582670046779347
0.2219587317352789 0.32850480984408015 -0.7862600246033014
0.22907745398629678 0.32530274232345713 -0.8124582766639205
0.23589606358677653 0.32186292991173227 -0.8366850221946163
0.24243913228113564 0.31816293081178265 -0.8587654401409284
0.24872950938791605 0.314166986817088 -0.8785238255255116
0.25478188392628515 0.30982629591110405 -0.8957604770831689
0.26061584578302094 0.30507764366247025 -0.9103436766201946
0.26623049884147815 0.29984709595222087 -0.9220838890095991
0.27161700264383515 0.29405012107093437 -0.9308249301736108
0.2767528287932177 0.287594581458793 -0.9364345469122777
0.28159961248289606 0.28038404864951766 -0.9388152979369745
0.2861009749552269 0.2723217891123339 -0.9379147027639544
0.29018023514173197 0.2633156580245772 -0.9337363905612802
0.29373839295840165 0.2532851574183541 -0.9263627945232585
0.29665434434856763 0.24217317092944154 -0.9160066556441838
0.2987908094163264 0.22996270581280537 -0.9030814971612362
0.30000618749050256 0.21669012495811357 -0.8882105539423552
0.3001646721657663 0.2024415027612231 -0.8720877898227886
0.29913777768662664 0.18733378377345203 -0.8552583432941354
0.2968027471917466 0.17149945779475906 -0.8379954454638415
0.2930453473785203 0.15508281573955238 -0.8203126764393555
0.2877615418750306 0.138237005968605 -0.8019843700700434
0.28084622390890956 0.12111430241497045 -0.7824771260619872
0.2721677594252156 0.1038601090258621 -0.7608449571644788
0.261544458371325 0.0866335616109418 -0.7357398264545566
0.24874937529837735 0.06966946120729062 -0.7056212130086514
0.23358208769035757 0.05337549053446873 -0.6692036980470749
0.21605724988434835 0.03842490914145916 -0.626298773375243
0.19668819721225816 0.025738998848273683 -0.5788274220598156
0.17673037724349785 0.016228131509999532 -0.5310337854906
0.15809878951615566 0.01018388496529872 -0.4882386753836267
0.14235166309751848 0.006610472844470193 -0.4538559082564778
0.12939546551638204 0.0037912458552921656 -0.42683803041342266
0.11807255034494636 0.0008698213319151946 -0.4037167031841575
0.12960943927345708 -0.0014550113063148285 -0.4244593733593616
0.14289263736972124 -0.003641851810667752 -0.447537995708744
0.15899705554954977 -0.006686650728473461 -0.4760103477488836
0.17787435693986844 -0.012428991490305137 -0.5111870955385498
0.19787136284342513 -0.021945360078098667 -0.5510368549794018
0.21709157668878 -0.03492503701548601 -0.5923807464694888
0.2344524719148976 -0.05037289820264962 -0.6329406678628468
0.24962452158642437 -0.06731751797535583 -0.6712246249173107
0.26259796642811895 -0.08504118559279253 -0.7059563220683835
0.2734655333275898 -0.1030599300716362 -0.7365586849039656
0.28238727027202015 -0.12108158587486322 -0.7636010358957417
0.289538391161058 -0.13894149725421323 -0.7883000021692497
0.29505759498340683 -0.15651496873295168 -0.8117922932214213
0.2990419773481951 -0.17365191088225723 -0.8346690858394772
0.3015730689433017 -0.19016184893148794 -0.8568369559521938
0.3027490884701924 -0.2058484461262343 -0.8777577517134115
0.3027000411523585 -0.22055603855818606 -0.8968516305669257
0.30157854066101364 -0.2341885727789913 -0.913702696729121
0.2995417100584378 -0.2467022099768089 -0.9280241861473445
0.296738229705184 -0.2580931505287038 -0.9395786991986459
0.29330175678373 -0.2683895765840623 -0.9481557170608479
0.28934762638823586 -0.27764563413330445 -0.9535860944555073
0.28497129556220213 -0.28593519009656776 -0.9557587855993944
0.280248164159177 -0.2933452544895477 -0.9546277334126189
0.27523450143409334 -0.2999697131949121 -0.9502096184993425
0.2699690890004733 -0.3059038562867076 -0.9425758223467197
0.2644752104202142 -0.31123987301471734 -0.9318414411321237
0.2587627499363473 -0.3160632913752811 -0.9181534313628315
0.2528338768149242 -0.3204498756880144 -0.9016992643402888
0.2466702336265942 -0.32446536442608387 -0.8826139390132928
0.24025837375018105 -0.32816163338607496 -0.86110550993377
0.23357641546545801 -0.33157783899271925 -0.8373607410823256
0.22660045650490218 -0.33473994795840667 -0.8115670554932353
0.21930732759283084 -0.33766120991521387 -0.7839141609696668
0.2116775013747846 -0.34034308334963376 -0.7545971578727568
0.20369808523730115 -0.342776558357474 -0.7238203691706883
0.19536580333938797 -0.34494383643044374 -0.6918012714279761
0.1866898568407394 -0.3468203564928599 -0.6587741162569243
0.17769453627010667 -0.34837719447184473 -0.624993032141622
0.16842144075834542 -0.34958390558582964 -0.590734515389185
0.1589311277540488 -0.3504119063831472 -0.5562992061760533
0.14930396676567184 -0.35083846303679045 -0.5220126856904422
0.13963991161134875 -0.3508512057232177 -0.4882247753082282
0.13005688283114306 -0.35045280956393005 -0.45530661580592996
0.12068753541545249 -0.34966515208878024 -0.4236448565185656
0.11167442089928326 -0.3485320439085869 -0.39363272258511717
0.10316389970590571 -0.347119691282994 -0.3656584828012052
0.09529949614603735 -0.34551442102730395 -0.34009262951571945
0.08821556811387841 -0.3438177564639959 -0.31727555687883746
0.07464942073236525 0.33672504237281015 -0.2692961304504683
0.08094139890022604 0.3383963335184998 -0.28914959082125413
0.0881501530372816 0.3400816779705614 -0.31206509513354025
0.09615388805948037 0.3416702168486793 -0.3377410264459373
0.10481622569433231 0.34305947713643387 -0.36583541464958075
0.11399147780638609 0.3441624090712361 -0.3959761511197128
0.1235310555299382 0.34491237828329074 -0.4277734711328585
0.13329019510398876 0.3452654833359795 -0.46083296291699716
0.14313411822636488 0.3452001098315562 -0.4947673026207782
0.15294292693676928 0.34471419623585947 -0.5292053918343672
0.16261487400707225 0.3438210619451124 -0.5637983683920368
0.1720680013012146 0.34254471035593786 -0.5982227201074705
0.18124037581855226 0.340915303596304 -0.63218117008534
0.19008923803872588 0.3389651706696901 -0.6654020496152816
0.19858935402351272 0.33672542715607745 -0.6976376623344489
0.206730802205233 0.33422313475703147 -0.7286618758939607
0.21451637370642646 0.33147889646071177 -0.7582670046779347
0.2219587317352789 0.32850480984408015 -0.7862600246033014
0.22907745398629678 0.32530274232345713 -0.8124582766639205
0.23589606358677653 0.32186292991173227 -0.8366850221946163
0.24243913228113564 0.31816293081178265 -0.8587654401409284
0.24872950938791605 0.314166986817088 -0.8785238255255116
0.25478188392628515 0.30982629591110405 -0.8957604770831689
0.26061584578302094 0.30507764366247025 -0.9103436766201946
0.26623049884147815 0.29984709595222087 -0.9220838890095991
0.27161700264383515 0.29405012107093437 -0.9308249301736108
0.2767528287932177 0.287594581458793 -0.9364345469122777
0.28159961248289606 0.28038404864951766 -0.9388152979369745
0.2861009749552269 0.2723217891123339 -0.9379147027639544
0.29018023514173197 0.2633156580245772 -0.9337363905612802
0.29373839295840165 0.2532851574183541 -0.9263627945232585
0.29665434434856763 0.24217317092944154 -0.9160066556441838
0.2987908094163264 0.22996270581280537 -0.9030814971612362
0.30000618749050256 0.21669012495811357 -0.8882105539423552
0.3001646721657663 0.2024415027612231 -0.8720877898227886
0.29913777768662664 0.18733378377345203 -0.8552583432941354
0.2968027471917466 0.17149945779475906 -0.8379954454638415
0.2930453473785203 0.15508281573955238 -0.8203126764393555
0.2877615418750306 0.138237005968605 -0.8019843700700434
0.28084622390890956 0.12111430241497045 -0.7824771260619872
0.2721677594252156 0.1038601090258621 -0.7608449571644788
0.261544458371325 0.0866335616109418 -0.7357398264545566
0.24874937529837735 0.06966946120729062 -0.7056212130086514
0.23358208769035757 0.05337549053446873 -0.6692036980470749
0.21605724988434835 0.03842490914145916 -0.626298773375243
0.19668819721225816 0.025738998848273683 -0.5788274220598156
0.17673037724349785 0.016228131509999532 -0.5310337854906
0.15809878951615566 0.01018388496529872 -0.4882386753836267
0.14235166309751848 0.006610472844470193 -0.4538559082564778
0.12939546551638204 0.0037912458552921656 -0.42683803041342266
0.11807255034494636 0.0008698213319151946 -0.4037167031841575
0.12960943927345708 -0.0014550113063148285 -0.4244593733593616
0.14289263736972124 -0.003641851810667752 -0.447537995708744
0.15899705554954977 -0.006686650728473461 -0.4760103477488836
0.17787435693986844 -0.012428991490305137 -0.5111870955385498
0.19787136284342513 -0.021945360078098667 -0.5510368549794018
0.21709157668878 -0.03492503701548601 -0.5923807464694888
0.2344524719148976 -0.05037289820264962 -0.6329406678628468
0.24962452158642437 -0.06731751797535583 -0.6712246249173107
0.26259796642811895 -0.08504118559279253 -0.7059563220683835
0.2734655333275898 -0.1030599300716362 -0.7365586849039656
0.28238727027202015 -0.12108158587486322 -0.7636010358957417
0.289538391161058 -0.13894149725421323 -0.7883000021692497
0.29505759498340683 -0.15651496873295168 -0.8117922932214213
0.2990419773481951 -0.17365191088225723 -0.8346690858394772
0.3015730689433017 -0.19016184893148794 -0.8568369559521938
0.3027490884701924 -0.2058484461262343 -0.8777577517134115
0.3027000411523585 -0.22055603855818606 -0.8968516305669257
0.30157854066101364 -0.2341885727789913 -0.913702696729121
0.2995417100584378 -0.2467022099768089 -0.9280241861473445
0.296738229705184 -0.2580931505287038 -0.9395786991986459
0.29330175678373 -0.2683895765840623 -0.9481557170608479
0.28934762638823586 -0.27764563413330445 -0.9535860944555073
0.28497129556220213 -0.28593519009656776 -0.9557587855993944
0.280248164159177 -0.2933452544895477 -0.9546277334126189
0.27523450143409334 -0.2999697131949121 -0.9502096184993425
0.2699690890004733 -0.3059038562867076 -0.9425758223467197
0.2644752104202142 -0.31123987301471734 -0.9318414411321237
0.2587627499363473 -0.3160632913752811 -0.9181534313628315
0.2528338768149242 -0.3204498756880144 -0.9016992643402888
0.2466702336265942 -0.32446536442608387 -0.8826139390132928
0.24025837375018105 -0.32816163338607496 -0.86110550993377
0.23357641546545801 -0.33157783899271925 -0.8373607410823256
0.22660045650490218 -0.33473994795840667 -0.8115670554932353
0.21930732759283084 -0.33766120991521387 -0.7839141609696668
0.2116775013747846 -0.34034308334963376 -0.7545971578727568
0.20369808523730115 -0.342776558357474 -0.7238203691706883
0.19536580333938797 -0.34494383643044374 -0.6918012714279761
0.1866898568407394 -0.3468203564928599 -0.6587741162569243
0.17769453627010667 -0.34837719447184473 -0.624993032141622
0.16842144075834542 -0.34958390558582964 -0.590734515389185
0.1589311277540488 -0.3504119063831472 -0.5562992061760533
0.14930396676567184 -0.35083846303679045 -0.5220126856904422
0.13963991161134875 -0.3508512057232177 -0.4882247753082282
0.13005688283114306 -0.35045280956393005 -0.45530661580592996
0.12068753541545249 -0.34966515208878024 -0.4236448565185656
0.11167442089928326 -0.3485320439085869 -0.39363272258511717
0.10316389970590571 -0.347119691282994 -0.3656584828012052
0.09529949614603735 -0.34551442102730395 -0.34009262951571945
0.08821556811387841 -0.3438177564639959 -0.31727555687883746

VECTORS Vkin float
-0.0 -0.0 -0.0
-0.0 -0.0 -0.0
-0.0 -0.0 -0.0
-0.0 -0.0 -0.0
-0.0 -0.0 -0.0
-0.0 -0.0 -0.0
-0.0 -0.0 -0.0
-0.0 -0.0 -0.0
-0.0 -0.0 -0.0
-0.0 -0.0 -0.0
-0.0 -0.0 -0.0
-0.0 -0.0 -0.0
-0.0 -0.0 -0.0
-0.0 -0.0 -0.0
-0.0 -0.0 -0.0
-0.0 -0.0 -0.0
-0.0 -0.0 -0.0
-0.0 -0.0 -0.0
-0.0 -0.0 -0.0
-0.0 -0.0 -0.0
-0.0 -0.0 -0.0
-0.0 -0.0 -0.0
-0.0 -0.0 -0.0
-0.0 -0.0 -0.0
-0.0 -0.0 -0.0
-0.0 -0.0 -0.0
-0.0 -0.0 -0.0
-0.0 -0.0 -0.0
-0.0 -0.0 -0.0
-0.0 -0.0 -0.0
-0.0 -0.0 -0.0
-0.0 -0.0 -0.0
-0.0 -0.0 -0.0
-0.0 -0.0 -0.0
-0.0 -0.0 -0.0
-0.0 -0.0 -0.0
-0.0 -0.0 -0.0
-0.0 -0.0 -0.0
-0.0 -0.0 -0.0
-0.0 -0.0 -0.0
-0.0 -0.0 -0.0
-0.0 -0.0 -0.0
-0.0 -0.0 -0.0
-0.0 -0.0 -0.0
-0.0 -0.0 -0.0
-0.0 -0.0 -0.0
-0.0 -0.0 -0.0
-0.0 -0.0 -0.0
-0.0 -0.0 -0.0
-0.0 -0.0 -0.0
-0.0 -0.0 -0.0
-0.0 -0.0 -0.0
-0.0 -0.0 -0.0
-0.0 -0.0 -0.0
-0.0 -0.0 -0.0
-0.0 -0.0 -0.0
-0.0 -0.0 -0.0
-0.0 -0.0 -0.0
-0.0 -0.0 -0.0
-0.0 -0.0 -0.0
-0.0 -0.0 -0.0
-0.0 -0.0 -0.0
-0.0 -0.0 -0.0
-0.0 -0.0 -0.0
-0.0 -0.0 -0.0
-0.0 -0.0 -0.0
-0.0 -0.0 -0.0
-0.0 -0.0 -0.0
-0.0 -0.0 -0.0
-0.0 -0.0 -0.0
-0.0 -0.0 -0.0
-0.0 -0.0 -0.0
-0.0 -0.0 -0.0
-0.0 -0.0 -0.0
-0.0 -0.0 -0.0
-0.0 -0.0 -0.0
-0.0 -0.0 -0.0
-0.0 -0.0 -0.0
-0.0 -0.0 -0.0
-0.0 -0.0 -0.0
-0.0 -0.0 -0.0
-0.0 -0.0 -0.0
-0.0 -0.0 -0.0
-0.0 -0.0 -0.0
-0.0 -0.0 -0.0
-0.0 -0.0 -0.0
-0.0 -0.0 -0.0
-0.0 -0.0 -0.0
-0.0 -0.0 -0.0
-0.0 -0.0 -0.0
-0.0 -0.0 -0.0
-0.0 -0.0 -0.0
-0.0 -0.0 -0.0
-0.0 -0.0 -0.0
-0.0 -0.0 -0.0
-0.0 -0.0 -0.0
-0.0 -0.0 -0.0
-0.0 -0.0 -0.0
-0.0 -0.0 -0.0
-0.0 -0.0 -0.0
-0.0 -0.0 -0.0
-0.0 -0.0 -0.0
-0.0 -0.0 -0.0
-0.0 -0.0 -0.0
-0.0 -0.0 -0.0
-0.0 -0.0 -0.0
-0.0 -0.0 -0.0
-0.0 -0.0 -0.0
-0.0 -0.0 -0.0
-0.0 -0.0 -0.0
-0.0 -0.0 -0.0
-0.0 -0.0 -0.0
-0.0 -0.0 -0.0
-0.0 -0.0 -0.0
-0.0 -0.0 -0.0
-0.0 -0.0 -0.0
-0.0 -0.0 -0.0
-0.0 -0.0 -0.0
-0.0 -0.0 -0.0
-0.0 -0.0 -0.0
-0.0 -0.0 -0.0
-0.0 -0.0 -0.0
-0.0 -0.0 -0.0
-0.0 -0.0 -0.0
-0.0 -0.0 -0.0
-0.0 -0.0 -0.0
-0.0 -0.0 -0.0
-0.0 -0.0 -0.0
-0.0 -0.0 -0.0
-0.0 -0.0 -0.0
-0.0 -0.0 -0.0
-0.0 -0.0 -0.0
-0.0 -0.0 -0.0
-0.0 -0.0 -0.0
-0.0 -0.0 -0.0
-0.0 -0.0 -0.0
-0.0 -0.0 -0.0
-0.0 -0.0 -0.0
-0.0 -0.0 -0.0
-0.0 -0.0 -0.0
-0.0 -0.0 -0.0
-0.0 -0.0 -0.0
-0.0 -0.0 -0.0
-0.0 -0.0 -0.0
-0.0 -0.0 -0.0
-0.0 -0.0 -0.0
-0.0 -0.0 -0.0
-0.0 -0.0 -0.0
-0.0 -0.0 -0.0
-0.0 -0.0 -0.0
-0.0 -0.0 -0.0
-0.0 -0.0 -0.0
-0.0 -0.0 -0.0
-0.0 -0.0 -0.0
-0.0 -0.0 -0.0
-0.0 -0.0 -0.0
-0.0 -0.0 -0.0
-0.0 -0.0 -0.0
-0.0 -0.0 -0.0
-0.0 -0.0 -0.0
-0.0 -0.0 -0.0
-0.0 -0.0 -0.0
-0.0 -0.0 -0.0
-0.0 -0.0 -0.0
-0.0 -0.0 -0.0
-0.0 -0.0 -0.0
-0.0 -0.0 -0.0
-0.0 -0.0 -0.0
-0.0 -0.0 -0.0
-0.0 -0.0 -0.0
-0.0 -0.0 -0.0
-0.0 -0.0 -0.0
-0.0 -0.0 -0.0
-0.0 -0.0 -0.0
-0.0 -0.0 -0.0
-0.0 -0.0 -0.0
-0.0 -0.0 -0.0
-0.0 -0.0 -0.0
-0.0 -0.0 -0.0
-0.0 -0.0 -0.0
-0.0 -0.0 -0.0
-0.0 -0.0 -0.0
-0.0 -0.0 -0.0
-0.0 -0.0 -0.0
-0.0 -0.0 -0.0
-0.0 -0.0 -0.0
-0.0 -0.0 -0.0
-0.0 -0.0 -0.0
-0.0 -0.0 -0.0
-0.0 -0.0 -0.0
-0.0 -0.0 -0.0
-0.0 -0.0 -0.0
-0.0 -0.0 -0.0
-0.0 -0.0 -0.0
-0.0 -0.0 -0.0
-0.0 -0.0 -0.0
-0.0 -0.0 -0.0
-0.0 -0.0 -0.0
-0.0 -0.0 -0.0
-0.0 -0.0 -0.0

VECTORS Funs-vector float
0.0 0.0 -0.0029946953512823217
0.0 0.0 -0.0054480005298084225
0.0 0.0 -0.008092763802750614
0.0 0.0 -0.011016884913227075
0.0 0.0 -0.014241768259434353
0.0 0.0 -0.017770799311613295
0.0 0.0 -0.02159978442630447
0.0 0.0 -0.025720067931643782
0.0 0.0 -0.030119552231082446
0.0 0.0 -0.03478295160040002
0.0 0.0 -0.039691715709091205
0.0 0.0 -0.04482379845742068
0.0 0.0 -0.050153357531240006
0.0 0.0 -0.05565043136745557
0.0 0.0 -0.061280615823932696
0.0 0.0 -0.067004742567808
0.0 0.0 -0.07277855201414503
0.0 0.0 -0.07855237279101084
0.0 0.0 -0.08427087732893147
0.0 0.0 -0.08987306665731667
0.0 0.0 -0.09529271539068494
0.0 0.0 -0.10045954810576657
0.0 0.0 -0.10530141101014584
0.0 0.0 -0.10974771968427834
0.0 0.0 -0.1137348706680584
0.0 0.0 -0.11722020860007237
0.0 0.0 -0.12014067056081307
0.0 0.0 -0.12246474397101632
0.0 0.0 -0.12418545373408924
0.0 0.0 -0.12531790788773733
0.0 0.0 -0.12589628422386018
0.0 0.0 -0.12596359737960616
0.0 0.0 -0.12555843776407272
0.0 0.0 -0.12471540039772674
0.0 0.0 -0.12349196359222635
0.0 0.0 -0.12199570539168386
0.0 0.0 -0.12037425202187003
0.0 0.0 -0.11878839936228903
0.0 0.0 -0.11742145821810177
0.0 0.0 -0.11653078395020813
0.0 0.0 -0.11646384924796527
0.0 0.0 -0.11754665224341437
0.0 0.0 -0.1198989728483423
0.0 0.0 -0.1232892495830219
0.0 0.0 -0.12698617545736132
0.0 0.0 -0.12971591194623283
0.0 0.0 -0.13027738101553132
0.0 0.0 -0.12858495295780892
0.0 0.0 -0.12578078107032972
0.0 0.0 -0.12357775488895063
0.0 0.0 -0.12359353340928515
0.0 0.0 -0.12580475919168357
0.0 0.0 -0.12879996914389027
0.0 0.0 -0.13146224756738134
0.0 0.0 -0.13323662604639613
0.0 0.0 -0.1338885836897963
0.0 0.0 -0.13337353116480205
0.0 0.0 -0.1320152854270422
0.0 0.0 -0.13055246210184568
0.0 0.0 -0.12962324479662046
0.0 0.0 -0.12942901288672254
0.0 0.0 -0.12987729857395625
0.0 0.0 -0.13075362558880624
0.0 0.0 -0.1318150303637399
0.0 0.0 -0.1328786951096718
0.0 0.0 -0.13384857215938034
0.0 0.0 -0.13465948379938134
0.0 0.0 -0.1352277611081883
0.0 0.0 -0.13545222230108953
0.0 0.0 -0.1352342627973756
0.0 0.0 -0.13449145246299463
0.0 0.0 -0.13316323844005995
0.0 0.0 -0.1312129723701452
0.0 0.0 -0.12862830991581933
0.0 0.0 -0.12542022299080532
0.0 0.0 -0.1216274788694275
0.0 0.0 -0.11729386642409385
0.0 0.0 -0.11247612474508663
0.0 0.0 -0.1072435648322839
0.0 0.0 -0.10167138351250161
0.0 0.0 -0.0958361835432162
0.0 0.0 -0.08981266421465135
0.0 0.0 -0.08367137604121827
0.0 0.0 -0.07747742727725662
0.0 0.0 -0.07128993352562306
0.0 0.0 -0.06516195749622129
0.0 0.0 -0.05914070983657642
0.0 0.0 -0.05326785307921328
0.0 0.0 -0.047579833153042546
0.0 0.0 -0.04210822146986062
0.0 0.0 -0.036880070413190504
0.0 0.0 -0.03191827585531291
0.0 0.0 -0.02724191977553961
0.0 0.0 -0.022866541248071342
0.0 0.0 -0.018804244088056535
0.0 0.0 -0.015063454921024004
0.0 0.0 -0.01164787089276948
0.0 0.0 -0.008553191792123943
0.0 0.0 -0.005756118649636347
0.0 0.0 -0.0031631881803995065
0.0 0.0 -0.0029946953512823217
0.0 0.0 -0.0054480005298084225
0.0 0.0 -0.008092763802750614
0.0 0.0 -0.011016884913227075
0.0 0.0 -0.014241768259434353
0.0 0.0 -0.017770799311613295
0.0 0.0 -0.02159978442630447
0.0 0.0 -0.025720067931643782
0.0 0.0 -0.030119552231082446
0.0 0.0 -0.03478295160040002
0.0 0.0 -0.039691715709091205
0.0 0.0 -0.04482379845742068
0.0 0.0 -0.050153357531240006
0.0 0.0 -0.05565043136745557
0.0 0.0 -0.061280615823932696
0.0 0.0 -0.067004742567808
0.0 0.0 -0.07277855201414503
0.0 0.0 -0.07855237279101084
0.0 0.0 -0.08427087732893147
0.0 0.0 -0.08987306665731667
0.0 0.0 -0.09529271539068494
0.0 0.0 -0.10045954810576657
0.0 0.0 -0.10530141101014584
0.0 0.0 -0.10974771968427834
0.0 0.0 -0.1137348706680584
0.0 0.0 -0.11722020860007237
0.0 0.0 -0.12014067056081307
0.0 0.0 -0.12246474397101632
0.0 0.0 -0.12418545373408924
0.0 0.0 -0.12531790788773733
0.0 0.0 -0.12589628422386018
0.0 0.0 -0.12596359737960616
0.0 0.0 -0.12555843776407272
0.0 0.0 -0.12471540039772674
0.0 0.0 -0.12349196359222635
0.0 0.0 -0.12199570539168386
0.0 0.0 -0.12037425202187003
0.0 0.0 -0.11878839936228903
0.0 0.0 -0.11742145821810177
0.0 0.0 -0.11653078395020813
0.0 0.0 -0.11646384924796527
0.0 0.0 -0.11754665224341437
0.0 0.0 -0.1198989728483423
0.0 0.0 -0.1232892495830219
0.0 0.0 -0.12698617545736132
0.0 0.0 -0.12971591194623283
0.0 0.0 -0.13027738101553132
0.0 0.0 -0.12858495295780892
0.0 0.0 -0.12578078107032972
0.0 0.0 -0.12357775488895063
0.0 0.0 -0.12359353340928515
0.0 0.0 -0.12580475919168357
0.0 0.0 -0.12879996914389027
0.0 0.0 -0.13146224756738134
0.0 0.0 -0.13323662604639613
0.0 0.0 -0.1338885836897963
0.0 0.0 -0.13337353116480205
0.0 0.0 -0.1320152854270422
0.0 0.0 -0.13055246210184568
0.0 0.0 -0.12962324479662046
0.0 0.0 -0.12942901288672254
0.0 0.0 -0.12987729857395625
0.0 0.0 -0.13075362558880624
0.0 0.0 -0.1318150303637399
0.0 0.0 -0.1328786951096718
0.0 0.0 -0.13384857215938034
0.0 0.0 -0.13465948379938134
0.0 0.0 -0.1352277611081883
0.0 0.0 -0.13545222230108953
0.0 0.0 -0.1352342627973756
0.0 0.0 -0.13449145246299463
0.0 0.0 -0.13316323844005995
0.0 0.0 -0.1312129723701452
0.0 0.0 -0.12862830991581933
0.0 0.0 -0.12542022299080532
0.0 0.0 -0.1216274788694275
0.0 0.0 -0.11729386642409385
0.0 0.0 -0.11247612474508663
0.0 0.0 -0.1072435648322839
0.0 0.0 -0.10167138351250161
0.0 0.0 -0.0958361835432162
0.0 0.0 -0.08981266421465135
0.0 0.0 -0.08367137604121827
0.0 0.0 -0.07747742727725662
0.0 0.0 -0.07128993352562306
0.0 0.0 -0.06516195749622129
0.0 0.0 -0.05914070983657642
0.0 0.0 -0.05326785307921328
0.0 0.0 -0.047579833153042546
0.0 0.0 -0.04210822146986062
0.0 0.0 -0.036880070413190504
0.0 0.0 -0.03191827585531291
0.0 0.0 -0.02724191977553961
0.0 0.0 -0.022866541248071342
0.0 0.0 -0.018804244088056535
0.0 0.0 -0.015063454921024004
0.0 0.0 -0.01164787089276948
0.0 0.0 -0.008553191792123943
0.0 0.0 -0.005756118649636347
0.0 0.0 -0.0031631881803995065

VECTORS Ftot float
-0.016980675292569657 -0.03510307214103515 0.02322420657346376
-0.02824730201146856 -0.04961704727612206 0.03743595070477991
-0.03737951122590482 -0.06195780794665134 0.052596710690110064
-0.04584544962952165 -0.07358920225308135 0.0691548442753818
-0.05397720692738239 -0.08483976074261072 0.08720703927723994
-0.061859167213013155 -0.09579113340132013 0.10675449455195164
-0.06949613076270947 -0.10644628545499134 0.1277586556713441
-0.0768630305150734 -0.11677927364346487 0.1501585895524518
-0.08392451903586705 -0.12675487700847143 0.17387763277683788
-0.09064493188666509 -0.1363385874019128 0.19882640219775932
-0.09699487005049046 -0.14550211894926882 0.22490402593020506
-0.10295538945883319 -0.15423216349018526 0.2520017820503422
-0.1085228595678309 -0.162528149085106 0.2800014286494447
-0.1137104355293953 -0.1704084918489979 0.30877973906660855
-0.11854868212653934 -0.1779099663669989 0.3382107628112217
-0.1230837114743286 -0.18508579448365348 0.3681691842511948
-0.12737329389221697 -0.19200169767313932 0.3985338892800487
-0.1314817716151069 -0.19873074050154152 0.4291913280516529
-0.13547481240324646 -0.2053479983890649 0.4600383069175957
-0.13941475761454925 -0.21192579889451468 0.4909840013878802
-0.14335684075555333 -0.2185298061949779 0.5219511463484151
-0.14734620724403255 -0.2252158728134153 0.5528764499658007
-0.15141555360560607 -0.2320274704189519 0.5837102879370484
-0.15558324482087715 -0.2389935526220349 0.6144157024078277
-0.1598518000634181 -0.24612673498145368 0.6449666858628165
-0.16421087315369423 -0.2534259159234356 0.6753454987403359
-0.16862862263884898 -0.26086724091011015 0.705541169621914
-0.17305859238297158 -0.26841056852972695 0.7355445368694382
-0.17743928984909255 -0.2759987253312583 0.7653447325418319
-0.18169508439352794 -0.2835583461167704 0.794925405640789
-0.18573753988619135 -0.2910016027090222 0.8242609346313825
-0.18946807340123623 -0.29822977933948164 0.8533125273784584
-0.19278650781613205 -0.30514311944732625 0.8820238813125246
-0.19560797613561473 -0.31165914249945514 0.9103177722414177
-0.1978769776488698 -0.31772803517382475 0.9380978940677268
-0.19956055145838025 -0.3233269743646172 0.9652587427452869
-0.20062425221614838 -0.32843685451550014 0.991698395708474
-0.20101328061192314 -0.33302324761888025 1.0173259075857903
-0.20064540315383117 -0.3370274068264341 1.0420621573600024
-0.1994004245123254 -0.3403512269823255 1.0658389418088616
-0.19708680091601125 -0.3428163307870534 1.0885986160834238
-0.19338347474277406 -0.3440962415894009 1.1102880903134429
-0.18777421345343284 -0.3436424622775665 1.1308365196321497
-0.17947073084442425 -0.3406067658563058 1.1501141414204552
-0.16728048141507498 -0.3337203686599088 1.1678788650761982
-0.14928120273797066 -0.3209910974982488 1.1837306508374819
-0.12169093759446756 -0.2985970232707947 1.197138457962729
-0.07417291133835685 -0.2561986639505369 1.2076604843678176
0.035372144476530504 -0.15171708370367284 1.2155004349142475
0.616394014011159 0.4242738813699149 1.222833611692118
0.6183028573416268 -0.4261546987841904 1.2234105121403287
0.038136897122863056 0.1490569686532961 1.2174744204830903
-0.0710213077377557 0.25325942353555536 1.2111234304355087
-0.11847043847337455 0.2957300042087365 1.202053725935627
-0.14646214275469716 0.3186967626195354 1.1898631024604889
-0.1653968375219046 0.3325507329427339 1.174804816375911
-0.1789198333818102 0.3409550062102642 1.1573153335749728
-0.18865039277765844 0.3455701953084457 1.1378303459185413
-0.19547890474298532 0.3473364676445653 1.116716356429584
-0.20005500899183046 0.34694856807748814 1.094235443108433
-0.20291405984116023 0.34497615171179746 1.0705550485746451
-0.2044610083782271 0.3418453914076886 1.045789494196432
-0.20495707831025034 0.3378249161594798 1.0200409348708497
-0.2045384190732342 0.3330464541508715 0.9934247346516389
-0.20327322353724295 0.32756698183484123 0.9660713381810193
-0.20122996264389437 0.32144266697437485 0.938109911652419
-0.19850563219628098 0.31476105905506674 0.9096533088917267
-0.1952118319848869 0.3076284795891792 0.8807947860777675
-0.19145698362644625 0.30015139298908283 0.8516105791242413
-0.18734172833582732 0.2924299691065333 0.8221617085471139
-0.18296020046395617 0.28455767802399135 0.7924945687639755
-0.17840033202151986 0.27662061343788547 0.762641897676153
-0.17374237437642398 0.26869565390573663 0.732624813467947
-0.16905668314835193 0.2608482136333306 0.7024557701833272
-0.1644014826192034 0.2531300949133341 0.6721420642449432
-0.15982189386121048 0.24557865569358242 0.6416893623044208
-0.15534636406075616 0.2382134207775887 0.6111058778778949
-0.1509875597616649 0.2310371970313369 0.5804055464440109
-0.14674329790496843 0.2240372547946056 0.5496106390233257
-0.14259592235380097 0.21718496536523305 0.5187542754722522
-0.13851354074437477 0.21043729175358625 0.4878821871731998
-0.13445173514936076 0.20373873269145415 0.45705380060345485
-0.13035583177959595 0.19702379708807752 0.4263426244063366
-0.1261638449034317 0.19022012120582202 0.39583590089790943
-0.12181024945256679 0.1832523840774138 0.36563346175652056
-0.11723063026804027 0.17604707267720868 0.3358457435480901
-0.1123669207648632 0.16853781427621353 0.30659101109138936
-0.1071724777138636 0.16067052725160244 0.27799200079082625
-0.10161596558921665 0.15240736747089942 0.2501723532948292
-0.09568323197441918 0.1437286540736453 0.22325324861029666
-0.08937670995035739 0.13463353108771653 0.19735113264804532
-0.08271403609328118 0.12513377783837296 0.17257317292314045
-0.07572320385555138 0.11525610371861982 0.14901890684369323
-0.06843848617629161 0.1050334701394405 0.1267765899381405
-0.06089393824322315 0.09449967180934311 0.10592195429134216
-0.05311357493454647 0.08367948406155591 0.08651519873703173
-0.045092061701072716 0.07256930713034394 0.06859436848584731
-0.03674571326492879 0.061088102546498664 0.05215808308928015
-0.027746816144329986 0.0489116394520908 0.037110163857535336
-0.01664828618611591 0.034597064611832484 0.023005168088468295
-0.016980675292569657 -0.03510307214103515 0.02322420657346376
-0.02824730201146856 -0.04961704727612206 0.03743595070477991
-0.03737951122590482 -0.06195780794665134 0.052596710690110064
-0.04584544962952165 -0.07358920225308135 0.0691548442753818
-0.05397720692738239 -0.08483976074261072 0.08720703927723994
-0.061859167213013155 -0.09579113340132013 0.10675449455195164
-0.06949613076270947 -0.10644628545499134 0.1277586556713441
-0.0768630305150734 -0.11677927364346487 0.1501585895524518
-0.08392451903586705 -0.12675487700847143 0.17387763277683788
-0.09064493188666509 -0.1363385874019128 0.19882640219775932
-0.09699487005049046 -0.14550211894926882 0.22490402593020506
-0.10295538945883319 -0.15423216349018526 0.2520017820503422
-0.1085228595678309 -0.162528149085106 0.2800014286494447
-0.1137104355293953 -0.1704084918489979 0.30877973906660855
-0.11854868212653934 -0.1779099663669989 0.3382107628112217
-0.1230837114743286 -0.18508579448365348 0.3681691842511948
-0.12737329389221697 -0.19200169767313932 0.3985338892800487
-0.1314817716151069 -0.19873074050154152 0.4291913280516529
-0.13547481240324646 -0.2053479983890649 0.4600383069175957
-0.13941475761454925 -0.21192579889451468 0.4909840013878802
-0.14335684075555333 -0.2185298061949779 0.5219511463484151
-0.14734620724403255 -0.2252158728134153 0.5528764499658007
-0.15141555360560607 -0.2320274704189519 0.5837102879370484
-0.15558324482087715 -0.2389935526220349 0.6144157024078277
-0.1598518000634181 -0.24612673498145368 0.6449666858628165
-0.16421087315369423 -0.2534259159234356 0.6753454987403359
-0.16862862263884898 -0.26086724091011015 0.705541169621914
-0.17305859238297158 -0.26841056852972695 0.7355445368694382
-0.17743928984909255 -0.2759987253312583 0.7653447325418319
-0.18169508439352794 -0.2835583461167704 0.794925405640789
-0.18573753988619135 -0.2910016027090222 0.8242609346313825
-0.18946807340123623 -0.29822977933948164 0.8533125273784584
-0.19278650781613205 -0.30514311944732625 0.8820238813125246
-0.19560797613561473 -0.31165914249945514 0.9103177722414177
-0.1978769776488698 -0.31772803517382475 0.9380978940677268
-0.19956055145838025 -0.3233269743646172 0.9652587427452869
-0.20062425221614838 -0.32843685451550014 0.991698395708474
-0.20101328061192314 -0.33302324761888025 1.0173259075857903
-0.20064540315383117 -0.3370274068264341 1.0420621573600024
-0.1994004245123254 -0.3403512269823255 1.0658389418088616
-0.19708680091601125 -0.3428163307870534 1.0885986160834238
-0.19338347474277406 -0.3440962415894009 1.1102880903134429
-0.18777421345343284 -0.3436424622775665 1.1308365196321497
-0.17947073084442425 -0.3406067658563058 1.1501141414204552
-0.16728048141507498 -0.3337203686599088 1.1678788650761982
-0.14928120273797066 -0.3209910974982488 1.1837306508374819
-0.12169093759446756 -0.2985970232707947 1.197138457962729
-0.07417291133835685 -0.2561986639505369 1.2076604843678176
0.035372144476530504 -0.15171708370367284 1.2155004349142475
0.616394014011159 0.4242738813699149 1.222833611692118
0.6183028573416268 -0.4261546987841904 1.2234105121403287
0.038136897122863056 0.1490569686532961 1.2174744204830903
-0.0710213077377557 0.25325942353555536 1.2111234304355087
-0.11847043847337455 0.2957300042087365 1.202053725935627
-0.14646214275469716 0.3186967626195354 1.1898631024604889
-0.1653968375219046 0.3325507329427339 1.174804816375911
-0.1789198333818102 0.3409550062102642 1.1573153335749728
-0.18865039277765844 0.3455701953084457 1.1378303459185413
-0.19547890474298532 0.3473364676445653 1.116716356429584
-0.20005500899183046 0.34694856807748814 1.094235443108433
-0.20291405984116023 0.34497615171179746 1.0705550485746451
-0.2044610083782271 0.3418453914076886 1.045789494196432
-0.20495707831025034 0.3378249161594798 1.0200409348708497
-0.2045384190732342 0.3330464541508715 0.9934247346516389
-0.20327322353724295 0.32756698183484123 0.9660713381810193
-0.20122996264389437 0.32144266697437485 0.938109911652419
-0.19850563219628098 0.31476105905506674 0.9096533088917267
-0.1952118319848869 0.3076284795891792 0.8807947860777675
-0.19145698362644625 0.30015139298908283 0.8516105791242413
-0.18734172833582732 0.2924299691065333 0.8221617085471139
-0.18296020046395617 0.28455767802399135 0.7924945687639755
-0.17840033202151986 0.27662061343788547 0.762641897676153
-0.17374237437642398 0.26869565390573663 0.732624813467947
-0.16905668314835193 0.2608482136333306 0.7024557701833272
-0.1644014826192034 0.2531300949133341 0.6721420642449432
-0.15982189386121048 0.24557865569358242 0.6416893623044208
-0.15534636406075616 0.2382134207775887 0.6111058778778949
-0.1509875597616649 0.2310371970313369 0.5804055464440109
-0.14674329790496843 0.2240372547946056 0.5496106390233257
-0.14259592235380097 0.21718496536523305 0.5187542754722522
-0.13851354074437477 0.21043729175358625 0.4878821871731998
-0.13445173514936076 0.20373873269145415 0.45705380060345485
-0.13035583177959595 0.19702379708807752 0.4263426244063366
-0.1261638449034317 0.19022012120582202 0.39583590089790943
-0.12181024945256679 0.1832523840774138 0.36563346175652056
-0.11723063026804027 0.17604707267720868 0.3358457435480901
-0.1123669207648632 0.16853781427621353 0.30659101109138936
-0.1071724777138636 0.16067052725160244 0.27799200079082625
-0.10161596558921665 0.15240736747089942 0.2501723532948292
-0.09568323197441918 0.1437286540736453 0.22325324861029666
-0.08937670995035739 0.13463353108771653 0.19735113264804532
-0.08271403609328118 0.12513377783837296 0.17257317292314045
-0.07572320385555138 0.11525610371861982 0.14901890684369323
-0.06843848617629161 0.1050334701394405 0.1267765899381405
-0.06089393824322315 0.09449967180934311 0.10592195429134216
-0.05311357493454647 0.08367948406155591 0.08651519873703173
-0.045092061701072716 0.07256930713034394 0.06859436848584731
-0.03674571326492879 0.061088102546498664 0.05215808308928015
-0.027746816144329986 0.0489116394520908 0.037110163857535336
-0.01664828618611591 0.034597064611832484 0.023005168088468295

VECTORS Vvpm_AB float
0.10835294237419041 0.22578008462203697 -0.4577789275584508
0.11054995679481908 0.22587954422309262 -0.46552657056901614
0.11306292686144528 0.22594554045870124 -0.4743918744771663
0.11586768501601911 0.2259585034447003 -0.4842882158705112
0.11893740895464461 0.22589843800437043 -0.4951170735462005
0.12224311825230949 0.22574557808021362 -0.5067687713871876
0.12575427089114405 0.2254809478390237 -0.5191234880829138
0.12943943418688358 0.22508678895221673 -0.5320525066391435
0.13326699313254825 0.2245468232533702 -0.545419652248035
0.13720585135994862 0.22384633282164196 -0.5590828498541078
0.1412344533879237 0.22297108214425546 -0.5729385643341535
0.14530559943417057 0.22191116257216661 -0.5867406719029585
0.14940341344526845 0.22065405663184479 -0.6003899539537694
0.1535041490932145 0.21918861551544402 -0.6137360890133424
0.15758646407289917 0.21750326851983745 -0.6266302320167662
0.1616312650619587 0.21558538063877233 -0.6389261608846087
0.16562135684540674 0.21342063535182226 -0.6504813651045881
0.1695409072374243 0.2109924921139032 -0.6611581542056273
0.17337474631494362 0.20828176664119338 -0.6708248813041999
0.17710752361559223 0.2052663799163787 -0.6793573820376643
0.18072275098139526 0.20192131931258836 -0.6866407202929964
0.18420176259958992 0.19821885271727993 -0.6925713105001828
0.18752262881058712 0.19412903451136687 -0.6970594576974105
0.19065906834798274 0.1896205413406514 -0.7000323301314003
0.1935794177613351 0.1846618757302787 -0.7014373575785444
0.19624574052696744 0.17922297321124397 -0.7012460015982793
0.19861319337966754 0.17327723128288036 -0.699457664136042
0.2006298047087325 0.16680392044320705 -0.6961029939366553
0.20223682779918972 0.15979081247102953 -0.6912449127686215
0.20336976141145818 0.15223669243534124 -0.6849747681289723
0.20395996931696633 0.1441533329799058 -0.6774013699333176
0.2039366676129633 0.1355666533500278 -0.668633196661713
0.20322901368931143 0.1265171196939911 -0.6587573738022977
0.2017681167221533 0.11705969673487288 -0.6478200898162755
0.19948885619894727 0.10726368560932585 -0.635811178707036
0.19633143838571668 0.09721278231090352 -0.6226537371969266
0.19224288921533297 0.08700589700418968 -0.6082010025138354
0.18717940382457277 0.07675951951876757 -0.5922467723950298
0.18111151996257766 0.06661213529284295 -0.57455873756049
0.1740348893214649 0.05672978341982315 -0.5549429035336203
0.16598897896577208 0.047309075315571755 -0.5333402773808896
0.15708275938704377 0.03857048955895905 -0.5099399221284083
0.1475191751983417 0.030732939463827 -0.4852610122217178
0.1376012544261467 0.023964751052902356 -0.46013235835778443
0.12769767360864595 0.01832052688107829 -0.4355234939958445
0.11815488055351535 0.013700282495300824 -0.41225707407662543
0.10918923717523865 0.009884758826292686 -0.3907392632397484
0.10084739732510525 0.006645683200962562 -0.3709095472760664
0.09307076206555671 0.0038361159254871476 -0.3524454002088377
0.08578540686782947 0.0013946863838908146 -0.3350092855125793
0.0858204662126377 -0.000708834760751486 -0.33469726906722297
0.09319291735563968 -0.003005857010510158 -0.3512584259645266
0.10108173417705209 -0.005661451218971373 -0.36845451517485805
0.1095595073891375 -0.008755019266074422 -0.38657359634275695
0.11867439007630508 -0.012458153327105951 -0.405951391117816
0.12836138275051928 -0.017022625096356193 -0.42677096318951635
0.13838637842506044 -0.02268199208219076 -0.4488852684027867
0.14839558158137642 -0.029537761443016983 -0.4718337668133045
0.15802797739149413 -0.037526177671963236 -0.4950122540850995
0.16699885421684782 -0.04646594448918448 -0.5178337314357586
0.17512257200499456 -0.056127328867982815 -0.5398121786880572
0.18229739116331295 -0.06628175597333842 -0.5606028924193575
0.18848138107684703 -0.07672534740667693 -0.580027064452097
0.1936722339081806 -0.08728511451798408 -0.5980610079897785
0.1978925407791084 -0.09781627783977248 -0.6147791238895498
0.20118021520313928 -0.1081963086012729 -0.6302784421539132
0.2035835150504679 -0.11831966039555199 -0.644619524767864
0.20515902724327995 -0.1280953018638368 -0.657800555138626
0.2059705577474026 -0.13744698536756625 -0.6697629840259931
0.20608750837403308 -0.14631470628594714 -0.6804149806194856
0.20558238914689012 -0.15465566333812392 -0.6896562344553439
0.2045279026794894 -0.16244391259679383 -0.6973946249913078
0.2029942188592867 -0.1696688415996508 -0.7035544322141934
0.2010468320591886 -0.17633295469128807 -0.7080798463987031
0.19874512072538336 -0.18244938405321506 -0.7109367314130197
0.19614157345043548 -0.18803937386987732 -0.712113662020186
0.19328158615022467 -0.19312988295810327 -0.711622236171702
0.19020371779422568 -0.19775140445984618 -0.7094965242378654
0.18694029088096983 -0.20193607208965053 -0.7057916949030982
0.18351823053106617 -0.2057160950142003 -0.700582020792215
0.17996004992155842 -0.20912253767261163 -0.6939585319116061
0.17628490627870194 -0.2121844399491524 -0.6860265705098209
0.17250966724000882 -0.21492825831866372 -0.6769034431249089
0.16864993988883306 -0.2173775990021041 -0.666716291929251
0.1647210236240627 -0.2195532080644412 -0.6556002353436269
0.16073875395663212 -0.2214731791799641 -0.6436967675871508
0.1567202086392904 -0.2231533364424065 -0.6311523639004278
0.15268425166279695 -0.22460774664739624 -0.6181172145098177
0.14865189579352414 -0.22584931294837565 -0.6047440049924656
0.14464647126011762 -0.22689040007616348 -0.5911866705064414
0.1406833311518913 -0.2277445942302942 -0.5775475208492061
0.13680923876239634 -0.22842278758287382 -0.5640762273620028
0.1330450994551331 -0.22894002456713614 -0.5508786411286258
0.12942140146225184 -0.2293117091815302 -0.5380991346541374
0.12596914389466718 -0.22955467900840326 -0.5258758599663653
0.12271915071687602 -0.22968713424706522 -0.5143392180275992
0.1197013761472746 -0.2297283866093441 -0.5036104519367112
0.11694424593600984 -0.22969844544240137 -0.49380042919263617
0.11447407123269356 -0.229617471242862 -0.4850086619532028
0.11231456039781008 -0.22950513640830367 -0.4773225907055492
0.10835294237419041 0.22578008462203697 -0.4577789275584508
0.11054995679481908 0.22587954422309262 -0.46552657056901614
0.11306292686144528 0.22594554045870124 -0.4743918744771663
0.11586768501601911 0.2259585034447003 -0.4842882158705112
0.11893740895464461 0.22589843800437043 -0.4951170735462005
0.12224311825230949 0.22574557808021362 -0.5067687713871876
0.12575427089114405 0.2254809478390237 -0.5191234880829138
0.12943943418688358 0.22508678895221673 -0.5320525066391435
0.13326699313254825 0.2245468232533702 -0.545419652248035
0.13720585135994862 0.22384633282164196 -0.5590828498541078
0.1412344533879237 0.22297108214425546 -0.5729385643341535
0.14530559943417057 0.22191116257216661 -0.5867406719029585
0.14940341344526845 0.22065405663184479 -0.6003899539537694
0.1535041490932145 0.21918861551544402 -0.6137360890133424
0.15758646407289917 0.21750326851983745 -0.6266302320167662
0.1616312650619587 0.21558538063877233 -0.6389261608846087
0.16562135684540674 0.21342063535182226 -0.6504813651045881
0.1695409072374243 0.2109924921139032 -0.6611581542056273
0.17337474631494362 0.20828176664119338 -0.6708248813041999
0.17710752361559223 0.2052663799163787 -0.6793573820376643
0.18072275098139526 0.20192131931258836 -0.6866407202929964
0.18420176259958992 0.19821885271727993 -0.6925713105001828
0.18752262881058712 0.19412903451136687 -0.6970594576974105
0.19065906834798274 0.1896205413406514 -0.7000323301314003
0.1935794177613351 0.1846618757302787 -0.7014373575785444
0.19624574052696744 0.17922297321124397 -0.7012460015982793
0.19861319337966754 0.17327723128288036 -0.699457664136042
0.2006298047087325 0.16680392044320705 -0.6961029939366553
0.20223682779918972 0.15979081247102953 -0.6912449127686215
0.20336976141145818 0.15223669243534124 -0.6849747681289723
0.20395996931696633 0.1441533329799058 -0.6774013699333176
0.2039366676129633 0.1355666533500278 -0.668633196661713
0.20322901368931143 0.1265171196939911 -0.6587573738022977
0.2017681167221533 0.11705969673487288 -0.6478200898162755
0.19948885619894727 0.10726368560932585 -0.635811178707036
0.19633143838571668 0.09721278231090352 -0.6226537371969266
0.19224288921533297 0.08700589700418968 -0.6082010025138354
0.18717940382457277 0.07675951951876757 -0.5922467723950298
0.18111151996257766 0.06661213529284295 -0.57455873756049
0.1740348893214649 0.05672978341982315 -0.5549429035336203
0.16598897896577208 0.047309075315571755 -0.5333402773808896
0.15708275938704377 0.03857048955895905 -0.5099399221284083
0.1475191751983417 0.030732939463827 -0.4852610122217178
0.1376012544261467 0.023964751052902356 -0.46013235835778443
0.12769767360864595 0.01832052688107829 -0.4355234939958445
0.11815488055351535 0.013700282495300824 -0.41225707407662543
0.10918923717523865 0.009884758826292686 -0.3907392632397484
0.10084739732510525 0.006645683200962562 -0.3709095472760664
0.09307076206555671 0.0038361159254871476 -0.3524454002088377
0.08578540686782947 0.0013946863838908146 -0.3350092855125793
0.0858204662126377 -0.000708834760751486 -0.33469726906722297
0.09319291735563968 -0.003005857010510158 -0.3512584259645266
0.10108173417705209 -0.005661451218971373 -0.36845451517485805
0.1095595073891375 -0.008755019266074422 -0.38657359634275695
0.11867439007630508 -0.012458153327105951 -0.405951391117816
0.12836138275051928 -0.017022625096356193 -0.42677096318951635
0.13838637842506044 -0.02268199208219076 -0.4488852684027867
0.14839558158137642 -0.029537761443016983 -0.4718337668133045
0.15802797739149413 -0.037526177671963236 -0.4950122540850995
0.16699885421684782 -0.04646594448918448 -0.5178337314357586
0.17512257200499456 -0.056127328867982815 -0.5398121786880572
0.18229739116331295 -0.06628175597333842 -0.5606028924193575
0.18848138107684703 -0.07672534740667693 -0.580027064452097
0.1936722339081806 -0.08728511451798408 -0.5980610079897785
0.1978925407791084 -0.09781627783977248 -0.6147791238895498
0.20118021520313928 -0.1081963086012729 -0.6302784421539132
0.2035835150504679 -0.11831966039555199 -0.644619524767864
0.20515902724327995 -0.1280953018638368 -0.657800555138626
0.2059705577474026 -0.13744698536756625 -0.6697629840259931
0.20608750837403308 -0.14631470628594714 -0.6804149806194856
0.20558238914689012 -0.15465566333812392 -0.6896562344553439
0.2045279026794894 -0.16244391259679383 -0.6973946249913078
0.2029942188592867 -0.1696688415996508 -0.7035544322141934
0.2010468320591886 -0.17633295469128807 -0.7080798463987031
0.19874512072538336 -0.18244938405321506 -0.7109367314130197
0.19614157345043548 -0.18803937386987732 -0.712113662020186
0.19328158615022467 -0.19312988295810327 -0.711622236171702
0.19020371779422568 -0.19775140445984618 -0.7094965242378654
0.18694029088096983 -0.20193607208965053 -0.7057916949030982
0.18351823053106617 -0.2057160950142003 -0.700582020792215
0.17996004992155842 -0.20912253767261163 -0.6939585319116061
0.17628490627870194 -0.2121844399491524 -0.6860265705098209
0.17250966724000882 -0.21492825831866372 -0.6769034431249089
0.16864993988883306 -0.2173775990021041 -0.666716291929251
0.1647210236240627 -0.2195532080644412 -0.6556002353436269
0.16073875395663212 -0.2214731791799641 -0.6436967675871508
0.1567202086392904 -0.2231533364424065 -0.6311523639004278
0.15268425166279695 -0.22460774664739624 -0.6181172145098177
0.14865189579352414 -0.22584931294837565 -0.6047440049924656
0.14464647126011762 -0.22689040007616348 -0.5911866705064414
0.1406833311518913 -0.2277445942302942 -0.5775475208492061
0.13680923876239634 -0.22842278758287382 -0.5640762273620028
0.1330450994551331 -0.22894002456713614 -0.5508786411286258
0.12942140146225184 -0.2293117091815302 -0.5380991346541374
0.12596914389466718 -0.22955467900840326 -0.5258758599663653
0.12271915071687602 -0.22968713424706522 -0.5143392180275992
0.1197013761472746 -0.2297283866093441 -0.5036104519367112
0.11694424593600984 -0.22969844544240137 -0.49380042919263617
0.11447407123269356 -0.229617471242862 -0.4850086619532028
0.11231456039781008 -0.22950513640830367 -0.4773225907055492