# vtk DataFile Version 4.0
[MyVLM domain - lattices] 
ASCII
DATASET UNSTRUCTURED_GRID
POINTS 302 float
1.2444999999999997 -1.2445 0.0
1.2399745454545452 -1.2399745454545454 0.0
1.2346178849721705 -1.2346178849721707 0.0
1.2284300185528754 -1.2284300185528756 0.0
1.2214109461966602 -1.2214109461966605 0.0
1.2135606679035247 -1.213560667903525 0.0
1.2048791836734691 -1.2048791836734694 0.0
1.1953664935064932 -1.1953664935064934 0.0
1.1850225974025972 -1.1850225974025974 0.0
1.1738474953617808 -1.173847495361781 0.0
1.1618411873840442 -1.1618411873840444 0.0
1.1490036734693874 -1.1490036734693876 0.0
1.1353349536178106 -1.1353349536178108 0.0
1.1208350278293133 -1.1208350278293135 0.0
1.1055038961038959 -1.105503896103896 0.0
1.0893415584415582 -1.0893415584415584 0.0
1.0723480148423004 -1.0723480148423006 0.0
1.054523265306122 -1.0545232653061223 0.0
1.0358673098330238 -1.035867309833024 0.0
1.0163801484230053 -1.0163801484230055 0.0
0.9960617810760664 -0.9960617810760668 0.0
0.9749122077922076 -0.9749122077922077 0.0
0.9529314285714284 -0.9529314285714284 0.0
0.9301194434137288 -0.930119443413729 0.0
0.9064762523191091 -0.9064762523191096 0.0
0.8820018552875695 -0.8820018552875695 0.0
0.8566962523191093 -0.8566962523191094 0.0
0.8305594434137288 -0.8305594434137291 0.0
0.8035914285714284 -0.8035914285714285 0.0
0.7757922077922076 -0.7757922077922077 0.0
0.7471617810760666 -0.7471617810760667 0.0
0.7177001484230053 -0.7177001484230054 0.0
0.6874073098330239 -0.687407309833024 0.0
0.6562832653061222 -0.6562832653061225 0.0
0.6243280148423004 -0.6243280148423005 0.0
0.5915415584415582 -0.5915415584415583 0.0
0.5579238961038958 -0.5579238961038959 0.0
0.5234750278293133 -0.5234750278293134 0.0
0.48819495361781057 -0.48819495361781057 0.0
0.4520836734693877 -0.4520836734693877 0.0
0.4151411873840445 -0.4151411873840446 0.0
0.37736749536178105 -0.37736749536178116 0.0
0.3387625974025974 -0.3387625974025974 0.0
0.2993264935064933 -0.29932649350649343 0.0
0.25905918367346925 -0.25905918367346925 0.0
0.21796066790352486 -0.21796066790352486 0.0
0.17603094619666027 -0.1760309461966605 0.0
0.13327001855287546 -0.13327001855287568 0.0
0.08967788497217066 -0.08967788497217066 0.0
0.045254545454545436 -0.045254545454545436 0.0
0.0 0.0 0.0
0.04525454545454545 0.04525454545454546 0.0
0.08967788497217066 0.08967788497217068 0.0
0.13327001855287568 0.1332700185528757 0.0
0.17603094619666046 0.1760309461966605 0.0
0.21796066790352497 0.21796066790352508 0.0
0.2590591836734693 0.25905918367346936 0.0
0.29932649350649343 0.2993264935064935 0.0
0.3387625974025973 0.33876259740259734 0.0
0.37736749536178094 0.377367495361781 0.0
0.41514118738404443 0.4151411873840445 0.0
0.45208367346938766 0.4520836734693878 0.0
0.48819495361781057 0.4881949536178107 0.0
0.5234750278293133 0.5234750278293134 0.0
0.5579238961038959 0.557923896103896 0.0
0.5915415584415582 0.5915415584415583 0.0
0.6243280148423003 0.6243280148423004 0.0
0.6562832653061222 0.6562832653061225 0.0
0.687407309833024 0.6874073098330241 0.0
0.7177001484230054 0.7177001484230056 0.0
0.7471617810760667 0.7471617810760669 0.0
0.7757922077922076 0.7757922077922077 0.0
0.8035914285714284 0.8035914285714285 0.0
0.8305594434137288 0.830559443413729 0.0
0.8566962523191093 0.8566962523191094 0.0
0.8820018552875692 0.8820018552875695 0.0
0.9064762523191091 0.9064762523191093 0.0
0.9301194434137288 0.9301194434137292 0.0
0.9529314285714284 0.9529314285714284 0.0
0.9749122077922076 0.9749122077922077 0.0
0.9960617810760666 0.9960617810760668 0.0
1.0163801484230053 1.0163801484230055 0.0
1.0358673098330238 1.035867309833024 0.0
1.054523265306122 1.0545232653061223 0.0
1.0723480148423001 1.0723480148423004 0.0
1.0893415584415582 1.0893415584415584 0.0
1.1055038961038959 1.105503896103896 0.0
1.120835027829313 1.1208350278293133 0.0
1.1353349536178106 1.1353349536178106 0.0
1.1490036734693874 1.1490036734693876 0.0
1.1618411873840444 1.1618411873840446 0.0
1.1738474953617808 1.173847495361781 0.0
1.1850225974025972 1.1850225974025972 0.0
1.1953664935064932 1.1953664935064934 0.0
1.2048791836734691 1.2048791836734694 0.0
1.2135606679035245 1.2135606679035247 0.0
1.22141094619666 1.2214109461966602 0.0
1.2284300185528754 1.2284300185528756 0.0
1.2346178849721703 1.2346178849721705 0.0
1.2399745454545452 1.2399745454545454 0.0
1.2444999999999997 1.2445 0.0
1.7422999999999997 -1.2445 0.0
1.7377745454545452 -1.2399745454545454 0.0
1.7324178849721703 -1.2346178849721707 0.0
1.7262300185528754 -1.2284300185528756 0.0
1.7192109461966603 -1.2214109461966605 0.0
1.7113606679035245 -1.213560667903525 0.0
1.7026791836734692 -1.2048791836734694 0.0
1.6931664935064934 -1.1953664935064934 0.0
1.6828225974025972 -1.1850225974025974 0.0
1.6716474953617806 -1.173847495361781 0.0
1.6596411873840444 -1.1618411873840444 0.0
1.6468036734693878 -1.1490036734693876 0.0
1.6331349536178106 -1.1353349536178108 0.0
1.6186350278293133 -1.1208350278293135 0.0
1.603303896103896 -1.105503896103896 0.0
1.5871415584415582 -1.0893415584415584 0.0
1.5701480148423004 -1.0723480148423006 0.0
1.552323265306122 -1.0545232653061223 0.0
1.5336673098330238 -1.035867309833024 0.0
1.5141801484230053 -1.0163801484230055 0.0
1.4938617810760666 -0.9960617810760668 0.0
1.4727122077922075 -0.9749122077922077 0.0
1.4507314285714283 -0.9529314285714284 0.0
1.4279194434137288 -0.930119443413729 0.0
1.4042762523191092 -0.9064762523191096 0.0
1.3798018552875693 -0.8820018552875695 0.0
1.3544962523191093 -0.8566962523191094 0.0
1.328359443413729 -0.8305594434137291 0.0
1.3013914285714283 -0.8035914285714285 0.0
1.2735922077922077 -0.7757922077922077 0.0
1.2449617810760665 -0.7471617810760667 0.0
1.2155001484230055 -0.7177001484230054 0.0
1.1852073098330238 -0.687407309833024 0.0
1.1540832653061224 -0.6562832653061225 0.0
1.1221280148423003 -0.6243280148423005 0.0
1.0893415584415582 -0.5915415584415583 0.0
1.055723896103896 -0.5579238961038959 0.0
1.0212750278293132 -0.5234750278293134 0.0
0.9859949536178108 -0.48819495361781057 0.0
0.9498836734693876 -0.4520836734693877 0.0
0.9129411873840445 -0.4151411873840446 0.0
0.875167495361781 -0.37736749536178116 0.0
0.8365625974025973 -0.3387625974025974 0.0
0.7971264935064933 -0.29932649350649343 0.0
0.7568591836734693 -0.25905918367346925 0.0
0.7157606679035249 -0.21796066790352486 0.0
0.6738309461966603 -0.1760309461966605 0.0
0.6310700185528755 -0.13327001855287568 0.0
0.5874778849721707 -0.08967788497217066 0.0
0.5430545454545455 -0.045254545454545436 0.0
0.4978 0.0 0.0
0.5430545454545455 0.04525454545454546 0.0
0.5874778849721707 0.08967788497217068 0.0
0.6310700185528757 0.1332700185528757 0.0
0.6738309461966605 0.1760309461966605 0.0
0.715760667903525 0.21796066790352508 0.0
0.7568591836734693 0.25905918367346936 0.0
0.7971264935064934 0.2993264935064935 0.0
0.8365625974025973 0.33876259740259734 0.0
0.875167495361781 0.377367495361781 0.0
0.9129411873840445 0.4151411873840445 0.0
0.9498836734693876 0.4520836734693878 0.0
0.9859949536178105 0.4881949536178107 0.0
1.0212750278293132 0.5234750278293134 0.0
1.055723896103896 0.557923896103896 0.0
1.0893415584415582 0.5915415584415583 0.0
1.1221280148423003 0.6243280148423004 0.0
1.1540832653061224 0.6562832653061225 0.0
1.185207309833024 0.6874073098330241 0.0
1.2155001484230055 0.7177001484230056 0.0
1.2449617810760667 0.7471617810760669 0.0
1.2735922077922077 0.7757922077922077 0.0
1.3013914285714283 0.8035914285714285 0.0
1.3283594434137287 0.830559443413729 0.0
1.3544962523191093 0.8566962523191094 0.0
1.3798018552875693 0.8820018552875695 0.0
1.4042762523191092 0.9064762523191093 0.0
1.427919443413729 0.9301194434137292 0.0
1.4507314285714283 0.9529314285714284 0.0
1.4727122077922075 0.9749122077922077 0.0
1.4938617810760666 0.9960617810760668 0.0
1.5141801484230053 1.0163801484230055 0.0
1.5336673098330238 1.035867309833024 0.0
1.552323265306122 1.0545232653061223 0.0
1.5701480148423002 1.0723480148423004 0.0
1.5871415584415582 1.0893415584415584 0.0
1.603303896103896 1.105503896103896 0.0
1.6186350278293131 1.1208350278293133 0.0
1.6331349536178106 1.1353349536178106 0.0
1.6468036734693874 1.1490036734693876 0.0
1.6596411873840444 1.1618411873840446 0.0
1.6716474953617806 1.173847495361781 0.0
1.6828225974025972 1.1850225974025972 0.0
1.6931664935064934 1.1953664935064934 0.0
1.7026791836734692 1.2048791836734694 0.0
1.7113606679035245 1.2135606679035247 0.0
1.71921094619666 1.2214109461966602 0.0
1.7262300185528754 1.2284300185528756 0.0
1.7324178849721703 1.2346178849721705 0.0
1.7377745454545452 1.2399745454545454 0.0
1.7422999999999997 1.2445 0.0
1.6155872727272724 -1.2422372727272726 0.0
1.6106462152133578 -1.237296215213358 0.0
1.604873951762523 -1.2315239517625232 0.0
1.598270482374768 -1.224920482374768 0.0
1.5908358070500925 -1.2174858070500927 0.0
1.582569925788497 -1.2092199257884972 0.0
1.5734728385899812 -1.2001228385899814 0.0
1.5635445454545454 -1.1901945454545453 0.0
1.552785046382189 -1.1794350463821892 0.0
1.5411943413729126 -1.1678443413729127 0.0
1.5287724304267158 -1.155422430426716 0.0
1.5155193135435991 -1.142169313543599 0.0
1.501434990723562 -1.1280849907235622 0.0
1.4865194619666047 -1.1131694619666048 0.0
1.4707727272727271 -1.0974227272727273 0.0
1.4541947866419294 -1.0808447866419293 0.0
1.4367856400742112 -1.0634356400742113 0.0
1.418545287569573 -1.0451952875695731 0.0
1.3994737291280146 -1.0261237291280147 0.0
1.379570964749536 -1.0062209647495362 0.0
1.358836994434137 -0.9854869944341371 0.0
1.337271818181818 -0.9639218181818181 0.0
1.3148754359925787 -0.9415254359925787 0.0
1.291647847866419 -0.9182978478664192 0.0
1.2675890538033394 -0.8942390538033393 0.0
1.2426990538033393 -0.8693490538033395 0.0
1.2169778478664193 -0.8436278478664192 0.0
1.1904254359925788 -0.8170754359925788 0.0
1.163041818181818 -0.7896918181818181 0.0
1.1348269944341371 -0.7614769944341371 0.0
1.105780964749536 -0.7324309647495362 0.0
1.0759037291280147 -0.7025537291280148 0.0
1.0451952875695731 -0.6718452875695733 0.0
1.0136556400742114 -0.6403056400742114 0.0
0.9812847866419293 -0.6079347866419293 0.0
0.9480827272727271 -0.5747327272727272 0.0
0.9140494619666047 -0.5406994619666048 0.0
0.8791849907235622 -0.5058349907235622 0.0
0.8434893135435992 -0.47013931354359917 0.0
0.8069624304267162 -0.43361243042671627 0.0
0.7696043413729128 -0.3962543413729128 0.0
0.7314150463821893 -0.3580650463821894 0.0
0.6923945454545455 -0.3190445454545454 0.0
0.6525428385899814 -0.27919283858998134 0.0
0.6118599257884971 -0.23850992578849706 0.0
0.5703458070500929 -0.19699580705009279 0.0
0.5280004823747682 -0.15465048237476808 0.0
0.4848239517625232 -0.11147395176252317 0.0
0.4408162152133581 -0.06746621521335805 0.0
0.39597727272727273 -0.022627272727272718 0.0
0.39597727272727273 0.02262727272727273 0.0
0.4408162152133581 0.06746621521335806 0.0
0.4848239517625232 0.11147395176252319 0.0
0.528000482374768 0.15465048237476808 0.0
0.5703458070500929 0.19699580705009276 0.0
0.6118599257884971 0.23850992578849717 0.0
0.6525428385899814 0.2791928385899814 0.0
0.6923945454545455 0.3190445454545454 0.0
0.7314150463821891 0.3580650463821891 0.0
0.7696043413729128 0.39625434137291277 0.0
0.8069624304267162 0.43361243042671616 0.0
0.8434893135435992 0.4701393135435992 0.0
0.8791849907235619 0.5058349907235621 0.0
0.9140494619666046 0.5406994619666047 0.0
0.9480827272727271 0.5747327272727272 0.0
0.9812847866419294 0.6079347866419295 0.0
1.0136556400742114 0.6403056400742114 0.0
1.0451952875695731 0.6718452875695732 0.0
1.0759037291280147 0.7025537291280147 0.0
1.105780964749536 0.7324309647495362 0.0
1.1348269944341371 0.7614769944341373 0.0
1.163041818181818 0.789691818181818 0.0
1.1904254359925786 0.8170754359925786 0.0
1.216977847866419 0.843627847866419 0.0
1.2426990538033393 0.8693490538033394 0.0
1.2675890538033392 0.8942390538033393 0.0
1.291647847866419 0.9182978478664192 0.0
1.3148754359925787 0.9415254359925787 0.0
1.3372718181818182 0.9639218181818181 0.0
1.3588369944341372 0.9854869944341373 0.0
1.379570964749536 1.0062209647495362 0.0
1.3994737291280148 1.0261237291280147 0.0
1.418545287569573 1.0451952875695731 0.0
1.4367856400742112 1.0634356400742113 0.0
1.4541947866419291 1.0808447866419293 0.0
1.470772727272727 1.097422727272727 0.0
1.4865194619666047 1.1131694619666048 0.0
1.501434990723562 1.128084990723562 0.0
1.5155193135435991 1.1421693135435993 0.0
1.528772430426716 1.1554224304267162 0.0
1.5411943413729128 1.1678443413729127 0.0
1.5527850463821888 1.179435046382189 0.0
1.5635445454545451 1.1901945454545453 0.0
1.573472838589981 1.2001228385899811 0.0
1.5825699257884969 1.209219925788497 0.0
1.5908358070500925 1.2174858070500927 0.0
1.5982704823747678 1.224920482374768 0.0
1.604873951762523 1.2315239517625232 0.0
1.6106462152133578 1.237296215213358 0.0
1.6155872727272724 1.2422372727272726 0.0

CELLS 200 700
4 0 101 102 1
4 1 102 103 2
4 2 103 104 3
4 3 104 105 4
4 4 105 106 5
4 5 106 107 6
4 6 107 108 7
4 7 108 109 8
4 8 109 110 9
4 9 110 111 10
4 10 111 112 11
4 11 112 113 12
4 12 113 114 13
4 13 114 115 14
4 14 115 116 15
4 15 116 117 16
4 16 117 118 17
4 17 118 119 18
4 18 119 120 19
4 19 120 121 20
4 20 121 122 21
4 21 122 123 22
4 22 123 124 23
4 23 124 125 24
4 24 125 126 25
4 25 126 127 26
4 26 127 128 27
4 27 128 129 28
4 28 129 130 29
4 29 130 131 30
4 30 131 132 31
4 31 132 133 32
4 32 133 134 33
4 33 134 135 34
4 34 135 136 35
4 35 136 137 36
4 36 137 138 37
4 37 138 139 38
4 38 139 140 39
4 39 140 141 40
4 40 141 142 41
4 41 142 143 42
4 42 143 144 43
4 43 144 145 44
4 44 145 146 45
4 45 146 147 46
4 46 147 148 47
4 47 148 149 48
4 48 149 150 49
4 49 150 151 50
4 50 151 152 51
4 51 152 153 52
4 52 153 154 53
4 53 154 155 54
4 54 155 156 55
4 55 156 157 56
4 56 157 158 57
4 57 158 159 58
4 58 159 160 59
4 59 160 161 60
4 60 161 162 61
4 61 162 163 62
4 62 163 164 63
4 63 164 165 64
4 64 165 166 65
4 65 166 167 66
4 66 167 168 67
4 67 168 169 68
4 68 169 170 69
4 69 170 171 70
4 70 171 172 71
4 71 172 173 72
4 72 173 174 73
4 73 174 175 74
4 74 175 176 75
4 75 176 177 76
4 76 177 178 77
4 77 178 179 78
4 78 179 180 79
4 79 180 181 80
4 80 181 182 81
4 81 182 183 82
4 82 183 184 83
4 83 184 185 84
4 84 185 186 85
4 85 186 187 86
4 86 187 188 87
4 87 188 189 88
4 88 189 190 89
4 89 190 191 90
4 90 191 192 91
4 91 192 193 92
4 92 193 194 93
4 93 194 195 94
4 94 195 196 95
4 95 196 197 96
4 96 197 198 97
4 97 198 199 98
4 98 199 200 99
4 99 200 201 100
1 202
1 203
1 204
1 205
1 206
1 207
1 208
1 209
1 210
1 211
1 212
1 213
1 214
1 215
1 216
1 217
1 218
1 219
1 220
1 221
1 222
1 223
1 224
1 225
1 226
1 227
1 228
1 229
1 230
1 231
1 232
1 233
1 234
1 235
1 236
1 237
1 238
1 239
1 240
1 241
1 242
1 243
1 244
1 245
1 246
1 247
1 248
1 249
1 250
1 251
1 252
1 253
1 254
1 255
1 256
1 257
1 258
1 259
1 260
1 261
1 262
1 263
1 264
1 265
1 266
1 267
1 268
1 269
1 270
1 271
1 272
1 273
1 274
1 275
1 276
1 277
1 278
1 279
1 280
1 281
1 282
1 283
1 284
1 285
1 286
1 287
1 288
1 289
1 290
1 291
1 292
1 293
1 294
1 295
1 296
1 297
1 298
1 299
1 300
1 301

CELL_TYPES 200
9
9
9
9
9
9
9
9
9
9
9
9
9
9
9
9
9
9
9
9
9
9
9
9
9
9
9
9
9
9
9
9
9
9
9
9
9
9
9
9
9
9
9
9
9
9
9
9
9
9
9
9
9
9
9
9
9
9
9
9
9
9
9
9
9
9
9
9
9
9
9
9
9
9
9
9
9
9
9
9
9
9
9
9
9
9
9
9
9
9
9
9
9
9
9
9
9
9
9
9
1
1
1
1
1
1
1
1
1
1
1
1
1
1
1
1
1
1
1
1
1
1
1
1
1
1
1
1
1
1
1
1
1
1
1
1
1
1
1
1
1
1
1
1
1
1
1
1
1
1
1
1
1
1
1
1
1
1
1
1
1
1
1
1
1
1
1
1
1
1
1
1
1
1
1
1
1
1
1
1
1
1
1
1
1
1
1
1
1
1
1
1
1
1
1
1
1
1
1
1

CELL_DATA 200

VECTORS Vinf float
8.82321938496336 0.19736836263951132 4.958779829296772
8.839756749968103 0.20421320133092719 4.921729237768397
8.858298063481199 0.2110534684161278 4.879842303034447
8.878446096002772 0.21746563993136564 4.833856874742283
8.899754764484712 0.2230574708606325 4.784611139529627
8.921753670211844 0.22750189082241137 4.732997985744785
8.943977930264762 0.23056354700836007 4.679909526905344
8.965984663493217 0.23212007388566366 4.6262178355738035
8.987373981509917 0.23209836411104376 4.572797685766218
9.007889087823685 0.2305951064406097 4.520142943062895
9.027316027656779 0.2277367845271778 4.468743664676733
9.045510947197464 0.22368354753064063 4.418985529053639
9.062969513563841 0.21988714499395476 4.369507950061633
9.078402389757734 0.2135566926248544 4.324368655324923
9.0924700673927 0.20654683907769752 4.281657645780969
9.105210777393845 0.19899463598680772 4.241480044756429
9.116649661895627 0.19101436014704407 4.203997687194023
9.126821300535248 0.1827295039024786 4.169386426778398
9.135836041689895 0.17418988712385533 4.1374420826784934
9.143667470323864 0.1656591696555733 4.108167824805547
9.150498187644873 0.15696238941230706 4.082018901531369
9.156283305100603 0.14840458793038597 4.059020294172131
9.161199020072248 0.139692193378818 4.038502769068926
9.165369746938408 0.13118631048257384 4.020319922517622
9.168836764670894 0.12288605683385204 4.004456222582908
9.171668594565183 0.11480407532386347 3.9907611142216655
9.173723443620416 0.10694151333313803 3.9795148663599194
9.175558850811866 0.09940706613492346 3.9693146744779306
9.176898022855596 0.09201635053539678 3.962241303914951
9.177828553359543 0.08476291581982778 3.955799362396839
9.178431897238108 0.07780635882805799 3.9510180138161357
9.178703465998264 0.07105645974909605 3.9481562275451956
9.178264637618188 0.06462791214164383 3.947257656975096
9.177854084738845 0.058004298195558426 3.9481209212573747
9.177125206880136 0.05128919803172016 3.951099422568705
9.176226605181384 0.04464943883117571 3.9547670457055193
9.174968768706094 0.03789089328306167 3.9599086451118617
9.173221344025597 0.030980184322185817 3.966677559508117
9.170937529983565 0.023927219788893304 3.974945959912279
9.168215618909827 0.016734250809759814 3.984861963927043
9.164231485899 0.009345460312341805 3.99744407818295
9.158985746862584 0.0018886736947726563 4.013490218109165
9.15226301527869 -0.005400208514692487 4.032917320068637
9.143534631014594 -0.012334155147416835 4.0574982425963615
9.132654966235197 -0.01820965810432142 4.0870111976229255
9.119904076496288 -0.021798364789181998 4.12027744631002
9.107088342475452 -0.021498233077797187 4.15182710235003
9.097877208984444 -0.01636316160687775 4.17261645196398
9.095050079370903 -0.008414803637679597 4.176674466601574
9.0974547825442 -0.0020363909504031268 4.167837407129471
9.097436693125164 0.0016978688716034825 4.1680309438470475
9.095032732258286 0.008083662991536341 4.176893137379607
9.097843330937456 0.016040035401413348 4.172941519823184
9.107060720002385 0.02119355714550336 4.152017839399972
9.119886448210664 0.02147080607816982 4.120522130936189
9.132661652754187 0.017859951396972475 4.087101111059722
9.143513946863258 0.012005612478591747 4.057641264032656
9.152214512643802 0.005076094848413603 4.0331543456000185
9.158981039977613 -0.0022119663656935407 4.013494494009985
9.164205351515214 -0.00964815268376351 3.997516100409823
9.16817538266088 -0.01702061987169312 3.9849784301578834
9.170859847352823 -0.024195827716218928 3.9750901762958772
9.173156964022036 -0.031232478314182004 3.96679416933564
9.174924384868072 -0.038137611590344074 3.959970804511853
9.176188362823416 -0.04489306873977539 3.9548465009374096
9.177079052610164 -0.051530677940990276 3.951231115269962
9.177799042651557 -0.05825355213470126 3.948307419962772
9.17817609515166 -0.06485977260273669 3.947551394199756
9.178608696623684 -0.07131029998851453 3.9482804511008176
9.178355649802898 -0.07806304537483436 3.951111533165788
9.177769437422047 -0.08502375435068854 3.955857927916878
9.176852183140312 -0.09227980526119384 3.9622720273058474
9.175600493823744 -0.09970311318197597 3.9691140615138845
9.173734957535865 -0.10721727744041697 3.9794030210604014
9.171594908300868 -0.11504888782528487 3.9908963997219686
9.16875136807958 -0.12312040896049148 4.004626982438671
9.16527554599166 -0.13141396896978375 4.0205147884927
9.161097949529786 -0.13991603253781196 4.03870987112959
9.156175853709495 -0.14862600875617366 4.05923075897776
9.150381877764687 -0.15718646395196129 4.082262059170831
9.143586706713629 -0.16589658446927247 4.108250674549302
9.135754316787919 -0.1743954275004414 4.137647958830307
9.126746221396415 -0.1829358007881034 4.169544194459302
9.116576844282173 -0.19121787023844317 4.204125948205194
9.105136011527035 -0.19919195824894753 4.241596448809729
9.092389402482658 -0.20673475021262958 4.281778703854677
9.078308030416437 -0.21373113743431496 4.324513980910234
9.062867254760826 -0.22005067694820754 4.369657750891179
9.045620280984568 -0.22399955059680748 4.4186435112978915
9.02740044555459 -0.2280557178302204 4.468459329476086
9.007948342588431 -0.2309143404463445 4.519919148050157
8.987408444186368 -0.23241592312004938 4.572635136615871
8.965995203758007 -0.2324345501523761 4.6261155091982635
8.943978729729189 -0.2308761327079714 4.67983263228004
8.921738477809967 -0.22781374633263687 4.732956094816058
8.899724922019086 -0.22336818001159528 4.784601757786964
8.878403031742529 -0.21777496821204795 4.833877188269355
8.858243255799554 -0.21136132363962523 4.879889273630689
8.839691700791908 -0.2045196005645244 4.921799675068176
8.823145601409475 -0.1976734049774429 4.958870444090188
8.82321938496336 0.19736836263951132 4.958779829296772
8.839756749968103 0.20421320133092719 4.921729237768397
8.858298063481199 0.2110534684161278 4.879842303034447
8.878446096002772 0.21746563993136564 4.833856874742283
8.899754764484712 0.2230574708606325 4.784611139529627
8.921753670211844 0.22750189082241137 4.732997985744785
8.943977930264762 0.23056354700836007 4.679909526905344
8.965984663493217 0.23212007388566366 4.6262178355738035
8.987373981509917 0.23209836411104376 4.572797685766218
9.007889087823685 0.2305951064406097 4.520142943062895
9.027316027656779 0.2277367845271778 4.468743664676733
9.045510947197464 0.22368354753064063 4.418985529053639
9.062969513563841 0.21988714499395476 4.369507950061633
9.078402389757734 0.2135566926248544 4.324368655324923
9.0924700673927 0.20654683907769752 4.281657645780969
9.105210777393845 0.19899463598680772 4.241480044756429
9.116649661895627 0.19101436014704407 4.203997687194023
9.126821300535248 0.1827295039024786 4.169386426778398
9.135836041689895 0.17418988712385533 4.1374420826784934
9.143667470323864 0.1656591696555733 4.108167824805547
9.150498187644873 0.15696238941230706 4.082018901531369
9.156283305100603 0.14840458793038597 4.059020294172131
9.161199020072248 0.139692193378818 4.038502769068926
9.165369746938408 0.13118631048257384 4.020319922517622
9.168836764670894 0.12288605683385204 4.004456222582908
9.171668594565183 0.11480407532386347 3.9907611142216655
9.173723443620416 0.10694151333313803 3.9795148663599194
9.175558850811866 0.09940706613492346 3.9693146744779306
9.176898022855596 0.09201635053539678 3.962241303914951
9.177828553359543 0.08476291581982778 3.955799362396839
9.178431897238108 0.07780635882805799 3.9510180138161357
9.178703465998264 0.07105645974909605 3.9481562275451956
9.178264637618188 0.06462791214164383 3.947257656975096
9.177854084738845 0.058004298195558426 3.9481209212573747
9.177125206880136 0.05128919803172016 3.951099422568705
9.176226605181384 0.04464943883117571 3.9547670457055193
9.174968768706094 0.03789089328306167 3.9599086451118617
9.173221344025597 0.030980184322185817 3.966677559508117
9.170937529983565 0.023927219788893304 3.974945959912279
9.168215618909827 0.016734250809759814 3.984861963927043
9.164231485899 0.009345460312341805 3.99744407818295
9.158985746862584 0.0018886736947726563 4.013490218109165
9.15226301527869 -0.005400208514692487 4.032917320068637
9.143534631014594 -0.012334155147416835 4.0574982425963615
9.132654966235197 -0.01820965810432142 4.0870111976229255
9.119904076496288 -0.021798364789181998 4.12027744631002
9.107088342475452 -0.021498233077797187 4.15182710235003
9.097877208984444 -0.01636316160687775 4.17261645196398
9.095050079370903 -0.008414803637679597 4.176674466601574
9.0974547825442 -0.0020363909504031268 4.167837407129471
9.097436693125164 0.0016978688716034825 4.1680309438470475
9.095032732258286 0.008083662991536341 4.176893137379607
9.097843330937456 0.016040035401413348 4.172941519823184
9.107060720002385 0.02119355714550336 4.152017839399972
9.119886448210664 0.02147080607816982 4.120522130936189
9.132661652754187 0.017859951396972475 4.087101111059722
9.143513946863258 0.012005612478591747 4.057641264032656
9.152214512643802 0.005076094848413603 4.0331543456000185
9.158981039977613 -0.0022119663656935407 4.013494494009985
9.164205351515214 -0.00964815268376351 3.997516100409823
9.16817538266088 -0.01702061987169312 3.9849784301578834
9.170859847352823 -0.024195827716218928 3.9750901762958772
9.173156964022036 -0.031232478314182004 3.96679416933564
9.174924384868072 -0.038137611590344074 3.959970804511853
9.176188362823416 -0.04489306873977539 3.9548465009374096
9.177079052610164 -0.051530677940990276 3.951231115269962
9.177799042651557 -0.05825355213470126 3.948307419962772
9.17817609515166 -0.06485977260273669 3.947551394199756
9.178608696623684 -0.07131029998851453 3.9482804511008176
9.178355649802898 -0.07806304537483436 3.951111533165788
9.177769437422047 -0.08502375435068854 3.955857927916878
9.176852183140312 -0.09227980526119384 3.9622720273058474
9.175600493823744 -0.09970311318197597 3.9691140615138845
9.173734957535865 -0.10721727744041697 3.9794030210604014
9.171594908300868 -0.11504888782528487 3.9908963997219686
9.16875136807958 -0.12312040896049148 4.004626982438671
9.16527554599166 -0.13141396896978375 4.0205147884927
9.161097949529786 -0.13991603253781196 4.03870987112959
9.156175853709495 -0.14862600875617366 4.05923075897776
9.150381877764687 -0.15718646395196129 4.082262059170831
9.143586706713629 -0.16589658446927247 4.108250674549302
9.135754316787919 -0.1743954275004414 4.137647958830307
9.126746221396415 -0.1829358007881034 4.169544194459302
9.116576844282173 -0.19121787023844317 4.204125948205194
9.105136011527035 -0.19919195824894753 4.241596448809729
9.092389402482658 -0.20673475021262958 4.281778703854677
9.078308030416437 -0.21373113743431496 4.324513980910234
9.062867254760826 -0.22005067694820754 4.369657750891179
9.045620280984568 -0.22399955059680748 4.4186435112978915
9.02740044555459 -0.2280557178302204 4.468459329476086
9.007948342588431 -0.2309143404463445 4.519919148050157
8.987408444186368 -0.23241592312004938 4.572635136615871
8.965995203758007 -0.2324345501523761 4.6261155091982635
8.943978729729189 -0.2308761327079714 4.67983263228004
8.921738477809967 -0.22781374633263687 4.732956094816058
8.899724922019086 -0.22336818001159528 4.784601757786964
8.878403031742529 -0.21777496821204795 4.833877188269355
8.858243255799554 -0.21136132363962523 4.879889273630689
8.839691700791908 -0.2045196005645244 4.921799675068176
8.823145601409475 -0.1976734049774429 4.958870444090188

VECTORS L float
-0.016734499533434647 0.0 0.03588725006071458
-0.026529272668056422 0.0 0.056892208832732084
-0.036185417808570645 0.0 0.07759987891200958
-0.04630338934755443 0.0 0.09929793889887906
-0.057017801397289916 0.0 0.12227506968872781
-0.06835335322363402 0.0 0.14658423902811749
-0.0802941089703662 0.0 0.17219127236309892
-0.09280537392178297 0.0 0.1990217666357409
-0.10584483069967218 0.0 0.22698497193560954
-0.11936004501575222 0.0 0.25596844256861306
-0.1332957573821174 0.0 0.28585367418051383
-0.14759424080989747 0.0 0.31651687084417945
-0.1622027912772737 0.0 0.34784500842008087
-0.1770587615486569 0.0 0.37970373947794644
-0.1921088098588979 0.0 0.4119786722332614
-0.2073014973422198 0.0 0.44455949568238434
-0.2225888478267831 0.0 0.4773433245927854
-0.23792619589102726 0.0 0.510234373658821
-0.2532806256199866 0.0 0.5431620544730519
-0.26860038743311676 0.0 0.5760153897018675
-0.2838666576243497 0.0 0.6087540117773353
-0.29903776915395053 0.0 0.6412885654443866
-0.31408619573425195 0.0 0.6735600203886232
-0.32898565437796784 0.0 0.7055120125619178
-0.34371035699732055 0.0 0.7370892392315649
-0.35823764569924077 0.0 0.7682431103890731
-0.3725350504181215 0.0 0.7989039937540389
-0.38660651496263354 0.0 0.8290803468514498
-0.4004006163902701 0.0 0.8586618928252272
-0.4139080162613222 0.0 0.8876286053267884
-0.4271064089577307 0.0 0.9159326498038393
-0.43995829724238744 0.0 0.9434936131719014
-0.45242806371052735 0.0 0.9702351136599654
-0.4645268157877352 0.0 0.996180971219067
-0.476173988322596 0.0 1.0211584133244447
-0.48733658025369453 0.0 1.0450966689715098
-0.4979667732594004 0.0 1.0678931914385985
-0.5080099647608189 0.0 1.0894308851173933
-0.5174036684689405 0.0 1.1095757477286763
-0.5260747572579162 0.0 1.1281709576449874
-0.5339266746621353 0.0 1.1450094488576048
-0.5408622685464785 0.0 1.1598828779404224
-0.5466959539308408 0.0 1.172393256619263
-0.5512313574179716 0.0 1.182119460784718
-0.554135307987395 0.0 1.1883470028776641
-0.5548787043442339 0.0 1.1899412215095868
-0.5524806291997609 0.0 1.1847985327663628
-0.5445044995907822 0.0 1.1676936676210263
-0.521451695106626 0.0 1.1182567688676
-0.389624923498103 0.0 0.8355533448446892
-0.3897062657240331 0.0 0.8357277838111259
-0.5215145506726965 0.0 1.1183915630640304
-0.544557165281227 0.0 1.1678066095586588
-0.5525283911395779 0.0 1.1849009585768369
-0.5549239766934472 0.0 1.1900383083757824
-0.5541792366451859 0.0 1.1884412081883056
-0.5512732851992556 0.0 1.1822093752018432
-0.5467366141131813 0.0 1.1724804526616814
-0.5409000441251748 0.0 1.159963887930363
-0.5339647309874608 0.0 1.1450910609106344
-0.5261091865366307 0.0 1.1282447914714588
-0.5174352786722759 0.0 1.1096435360284875
-0.5080398449801977 0.0 1.0894949634546374
-0.4979952482277038 0.0 1.0679542562051865
-0.48736335598992014 0.0 1.0451540897231475
-0.47619949769898373 0.0 1.0212131183586461
-0.4645513402530168 0.0 0.9962335641045854
-0.4524514110757173 0.0 0.970285182246191
-0.439983942747497 0.0 0.9435486101350888
-0.42712799763769926 0.0 0.9159789468774363
-0.41392914500713385 0.0 0.8876739160684032
-0.4004211871292331 0.0 0.8587060069172933
-0.3866261835750582 0.0 0.8291225263269112
-0.3725530172860487 0.0 0.7989425238266488
-0.35825452393759233 0.0 0.7682793058880241
-0.3437273440209465 0.0 0.7371256680212896
-0.3290025487535734 0.0 0.7055482426673215
-0.31410282196320943 0.0 0.6735956754516844
-0.2990539045870313 0.0 0.6413231679922938
-0.2838821585794306 0.0 0.6087872536827809
-0.26861552480440304 0.0 0.5760478518993493
-0.2532947536491408 0.0 0.5431923521293461
-0.23793947728758935 0.0 0.5102628557056623
-0.22260149279284422 0.0 0.477370441810013
-0.207313342728769 0.0 0.44458489819581515
-0.1921197531578326 0.0 0.41200214021356013
-0.1770687410049342 0.0 0.37972514049099604
-0.16221182772183165 0.0 0.34786438713797224
-0.14760255840218323 0.0 0.3165347079783982
-0.13330245068958954 0.0 0.28586802802470895
-0.1193655646517633 0.0 0.2559802794662375
-0.10584944383892476 0.0 0.22699486484466197
-0.09280925346475032 0.0 0.19903008634248276
-0.08029777588935445 0.0 0.17219913609624618
-0.06835652162925927 0.0 0.1465910336959078
-0.057020648860986366 0.0 0.12228117609433074
-0.0463058170479546 0.0 0.09930314511918813
-0.036187443660087935 0.0 0.07760422336460833
-0.02653090593453421 0.0 0.05689571138399674
-0.016735735935209963 0.0 0.03588990153287827
-0.016734499533434647 0.0 0.03588725006071458
-0.026529272668056422 0.0 0.056892208832732084
-0.036185417808570645 0.0 0.07759987891200958
-0.04630338934755443 0.0 0.09929793889887906
-0.057017801397289916 0.0 0.12227506968872781
-0.06835335322363402 0.0 0.14658423902811749
-0.0802941089703662 0.0 0.17219127236309892
-0.09280537392178297 0.0 0.1990217666357409
-0.10584483069967218 0.0 0.22698497193560954
-0.11936004501575222 0.0 0.25596844256861306
-0.1332957573821174 0.0 0.28585367418051383
-0.14759424080989747 0.0 0.31651687084417945
-0.1622027912772737 0.0 0.34784500842008087
-0.1770587615486569 0.0 0.37970373947794644
-0.1921088098588979 0.0 0.4119786722332614
-0.2073014973422198 0.0 0.44455949568238434
-0.2225888478267831 0.0 0.4773433245927854
-0.23792619589102726 0.0 0.510234373658821
-0.2532806256199866 0.0 0.5431620544730519
-0.26860038743311676 0.0 0.5760153897018675
-0.2838666576243497 0.0 0.6087540117773353
-0.29903776915395053 0.0 0.6412885654443866
-0.31408619573425195 0.0 0.6735600203886232
-0.32898565437796784 0.0 0.7055120125619178
-0.34371035699732055 0.0 0.7370892392315649
-0.35823764569924077 0.0 0.7682431103890731
-0.3725350504181215 0.0 0.7989039937540389
-0.38660651496263354 0.0 0.8290803468514498
-0.4004006163902701 0.0 0.8586618928252272
-0.4139080162613222 0.0 0.8876286053267884
-0.4271064089577307 0.0 0.9159326498038393
-0.43995829724238744 0.0 0.9434936131719014
-0.45242806371052735 0.0 0.9702351136599654
-0.4645268157877352 0.0 0.996180971219067
-0.476173988322596 0.0 1.0211584133244447
-0.48733658025369453 0.0 1.0450966689715098
-0.4979667732594004 0.0 1.0678931914385985
-0.5080099647608189 0.0 1.0894308851173933
-0.5174036684689405 0.0 1.1095757477286763
-0.5260747572579162 0.0 1.1281709576449874
-0.5339266746621353 0.0 1.1450094488576048
-0.5408622685464785 0.0 1.1598828779404224
-0.5466959539308408 0.0 1.172393256619263
-0.5512313574179716 0.0 1.182119460784718
-0.554135307987395 0.0 1.1883470028776641
-0.5548787043442339 0.0 1.1899412215095868
-0.5524806291997609 0.0 1.1847985327663628
-0.5445044995907822 0.0 1.1676936676210263
-0.521451695106626 0.0 1.1182567688676
-0.389624923498103 0.0 0.8355533448446892
-0.3897062657240331 0.0 0.8357277838111259
-0.5215145506726965 0.0 1.1183915630640304
-0.544557165281227 0.0 1.1678066095586588
-0.5525283911395779 0.0 1.1849009585768369
-0.5549239766934472 0.0 1.1900383083757824
-0.5541792366451859 0.0 1.1884412081883056
-0.5512732851992556 0.0 1.1822093752018432
-0.5467366141131813 0.0 1.1724804526616814
-0.5409000441251748 0.0 1.159963887930363
-0.5339647309874608 0.0 1.1450910609106344
-0.5261091865366307 0.0 1.1282447914714588
-0.5174352786722759 0.0 1.1096435360284875
-0.5080398449801977 0.0 1.0894949634546374
-0.4979952482277038 0.0 1.0679542562051865
-0.48736335598992014 0.0 1.0451540897231475
-0.47619949769898373 0.0 1.0212131183586461
-0.4645513402530168 0.0 0.9962335641045854
-0.4524514110757173 0.0 0.970285182246191
-0.439983942747497 0.0 0.9435486101350888
-0.42712799763769926 0.0 0.9159789468774363
-0.41392914500713385 0.0 0.8876739160684032
-0.4004211871292331 0.0 0.8587060069172933
-0.3866261835750582 0.0 0.8291225263269112
-0.3725530172860487 0.0 0.7989425238266488
-0.35825452393759233 0.0 0.7682793058880241
-0.3437273440209465 0.0 0.7371256680212896
-0.3290025487535734 0.0 0.7055482426673215
-0.31410282196320943 0.0 0.6735956754516844
-0.2990539045870313 0.0 0.6413231679922938
-0.2838821585794306 0.0 0.6087872536827809
-0.26861552480440304 0.0 0.5760478518993493
-0.2532947536491408 0.0 0.5431923521293461
-0.23793947728758935 0.0 0.5102628557056623
-0.22260149279284422 0.0 0.477370441810013
-0.207313342728769 0.0 0.44458489819581515
-0.1921197531578326 0.0 0.41200214021356013
-0.1770687410049342 0.0 0.37972514049099604
-0.16221182772183165 0.0 0.34786438713797224
-0.14760255840218323 0.0 0.3165347079783982
-0.13330245068958954 0.0 0.28586802802470895
-0.1193655646517633 0.0 0.2559802794662375
-0.10584944383892476 0.0 0.22699486484466197
-0.09280925346475032 0.0 0.19903008634248276
-0.08029777588935445 0.0 0.17219913609624618
-0.06835652162925927 0.0 0.1465910336959078
-0.057020648860986366 0.0 0.12228117609433074
-0.0463058170479546 0.0 0.09930314511918813
-0.036187443660087935 0.0 0.07760422336460833
-0.02653090593453421 0.0 0.05689571138399674
-0.016735735935209963 0.0 0.03588990153287827

SCALARS Gamma float
LOOKUP_TABLE default
0.4899941973101173
0.7523430258610029
0.9663422777252645
1.158211129965133
1.3367655221044557
1.505897069408634
1.6675480515337389
1.8227307892182605
1.9719566143211136
2.115441604666349
2.2532190812556623
2.385206994143547
2.511243025977325
2.631210218096447
2.7449094191716217
2.8521782074885063
2.9529013344115587
3.047020247386424
3.134532226288984
3.215496148834072
3.2900393596359656
3.3583207812135436
3.4205170963034774
3.4768405325387715
3.52752806929562
3.5728278565260543
3.6129988955058914
3.648262939265737
3.678917537250298
3.705118615292486
3.7271070489989855
3.7450983938610904
3.7592682023192303
3.7697404827929235
3.776598799829237
3.779834881955468
3.7794773558447172
3.775499273845441
3.767814779292554
3.7562965706048814
3.7408003249908752
3.7210994439790266
3.696842067386938
3.66763385647013
3.6329133634064905
3.592037667887914
3.544397400485567
3.490099797423432
3.4315104479439396
3.3769885853537502
3.377018546047773
3.4315742429641056
3.490191188560166
3.5445053805414592
3.592152658296604
3.633025942672503
3.667750015969591
3.6969587470695346
3.7212087400857055
3.740911192306533
3.7564091381171787
3.7679306729223248
3.7756144190420424
3.7795892095335737
3.779947710792264
3.776714375394754
3.76985846240595
3.759387892393027
3.7452100508502326
3.72721025638434
3.7052126777585244
3.679001682107164
3.6483401661799943
3.6130802891148672
3.5729198961679063
3.527625557262224
3.4769412962266557
3.420618813613756
3.358421837906421
3.290138237828224
3.215588575122118
3.134621244827576
3.047104058906249
2.9529788498801355
2.852248857232997
2.7449726086726476
2.6312649351703925
2.5112868109973334
2.385234908461549
2.2532399993067034
2.115458508719037
1.9719709502403862
1.8227433408953717
1.66755918498058
1.5059071728914653
1.336774739521644
1.1582194473771399
0.9663495492184774
0.7523489626453357
0.4899982405664433
0.4899941973101173
0.7523430258610029
0.9663422777252645
1.158211129965133
1.3367655221044557
1.505897069408634
1.6675480515337389
1.8227307892182605
1.9719566143211136
2.115441604666349
2.2532190812556623
2.385206994143547
2.511243025977325
2.631210218096447
2.7449094191716217
2.8521782074885063
2.9529013344115587
3.047020247386424
3.134532226288984
3.215496148834072
3.2900393596359656
3.3583207812135436
3.4205170963034774
3.4768405325387715
3.52752806929562
3.5728278565260543
3.6129988955058914
3.648262939265737
3.678917537250298
3.705118615292486
3.7271070489989855
3.7450983938610904
3.7592682023192303
3.7697404827929235
3.776598799829237
3.779834881955468
3.7794773558447172
3.775499273845441
3.767814779292554
3.7562965706048814
3.7408003249908752
3.7210994439790266
3.696842067386938
3.66763385647013
3.6329133634064905
3.592037667887914
3.544397400485567
3.490099797423432
3.4315104479439396
3.3769885853537502
3.377018546047773
3.4315742429641056
3.490191188560166
3.5445053805414592
3.592152658296604
3.633025942672503
3.667750015969591
3.6969587470695346
3.7212087400857055
3.740911192306533
3.7564091381171787
3.7679306729223248
3.7756144190420424
3.7795892095335737
3.779947710792264
3.776714375394754
3.76985846240595
3.759387892393027
3.7452100508502326
3.72721025638434
3.7052126777585244
3.679001682107164
3.6483401661799943
3.6130802891148672
3.5729198961679063
3.527625557262224
3.4769412962266557
3.420618813613756
3.358421837906421
3.290138237828224
3.215588575122118
3.134621244827576
3.047104058906249
2.9529788498801355
2.852248857232997
2.7449726086726476
2.6312649351703925
2.5112868109973334
2.385234908461549
2.2532399993067034
2.115458508719037
1.9719709502403862
1.8227433408953717
1.66755918498058
1.5059071728914653
1.336774739521644
1.1582194473771399
0.9663495492184774
0.7523489626453357
0.4899982405664433

VECTORS Vvpm float
-0.23985848540313737 0.19736836263951132 0.7325972118897782
-0.22332112039839544 0.20421320133092719 0.6955466203614026
-0.2047798068852998 0.2110534684161278 0.6536596856274524
-0.18463177436372594 0.21746563993136564 0.6076742573352887
-0.1633231058817862 0.2230574708606325 0.5584285221226327
-0.14132420015465408 0.22750189082241137 0.5068153683377903
-0.11909994010173754 0.23056354700836007 0.45372690949834915
-0.09709320687328195 0.23212007388566366 0.40003521816680865
-0.0757038888565817 0.23209836411104376 0.34661506835922296
-0.05518878254281315 0.2305951064406097 0.29396032565590025
-0.035761842709720076 0.2277367845271778 0.24256104726973818
-0.017566923169035714 0.22368354753064063 0.19280291164664498
-0.00010835680265820768 0.21988714499395476 0.14332533265463873
0.015324519391235152 0.2135566926248544 0.09818603791792854
0.029392197026200384 0.20654683907769752 0.055475028373974805
0.04213290702734691 0.19899463598680772 0.015297427349434317
0.053571791529127576 0.19101436014704407 -0.022184930212971826
0.06374343016874943 0.1827295039024786 -0.05679619062859634
0.0727581713233962 0.17418988712385533 -0.08874053472850152
0.08058959995736516 0.1656591696555733 -0.11801479260144697
0.0874203172783736 0.15696238941230706 -0.14416371587562554
0.09320543473410403 0.14840458793038597 -0.16716232323486352
0.09812114970574874 0.139692193378818 -0.18767984833806878
0.10229187657190926 0.13118631048257384 -0.2058626948893725
0.10575889430439549 0.12288605683385204 -0.22172639482408643
0.10859072419868455 0.11480407532386347 -0.23542150318532865
0.11064557325391758 0.10694151333313803 -0.246667751047075
0.11248098044536682 0.09940706613492346 -0.2568679429290635
0.11382015248909685 0.09201635053539678 -0.26394131349204275
0.11475068299304429 0.08476291581982778 -0.27038325501015503
0.11535402687160895 0.07780635882805799 -0.2751646035908587
0.11562559563176601 0.07105645974909605 -0.27802638986179873
0.11518676725168982 0.06462791214164383 -0.2789249604318982
0.11477621437234711 0.058004298195558426 -0.2780616961496198
0.11404733651363722 0.05128919803172016 -0.27508319483828936
0.11314873481488551 0.04464943883117571 -0.2714155717014748
0.11189089833959512 0.03789089328306167 -0.26627397229513317
0.11014347365909827 0.030980184322185817 -0.25950505789887734
0.10785965961706588 0.023927219788893304 -0.2512366574947156
0.10513774854332786 0.016734250809759814 -0.24132065347995135
0.10115361553250163 0.009345460312341805 -0.22873853922404444
0.09590787649608583 0.0018886736947726563 -0.21269239929782913
0.08918514491219048 -0.005400208514692487 -0.19326529733835765
0.08045676064809534 -0.012334155147416835 -0.16868437481063273
0.0695770958686989 -0.01820965810432142 -0.13917141978406902
0.056826206129790106 -0.021798364789181998 -0.10590517109697502
0.044010472108953536 -0.021498233077797187 -0.07435551505696443
0.03479933861794626 -0.01636316160687775 -0.053566165443014756
0.031972209004404235 -0.008414803637679597 -0.049508150805420634
0.03437691217770085 -0.0020363909504031268 -0.05834521027752391
0.0343588227586655 0.0016978688716034825 -0.05815167355994672
0.03195486189178774 0.008083662991536341 -0.04928948002738763
0.03476546057095828 0.016040035401413348 -0.053241097583809925
0.04398284963588656 0.02119355714550336 -0.07416477800702254
0.05680857784416535 0.02147080607816982 -0.10566048647080517
0.06958378238768885 0.017859951396972475 -0.1390815063472728
0.08043607649675896 0.012005612478591747 -0.16854135337433854
0.08913664227730393 0.005076094848413603 -0.19302827180697574
0.09590316961111439 -0.0022119663656935407 -0.21268812339700974
0.10112748114871566 -0.00964815268376351 -0.2286665169971714
0.10509751229438132 -0.01702061987169312 -0.2412041872491111
0.10778197698632414 -0.024195827716218928 -0.25109244111111717
0.1100790936555382 -0.031232478314182004 -0.2593884480713545
0.1118465145015745 -0.038137611590344074 -0.2662118128951414
0.11311049245691614 -0.04489306873977539 -0.2713361164695847
0.11400118224366526 -0.051530677940990276 -0.27495150213703257
0.11472117228505847 -0.05825355213470126 -0.27787519744422273
0.11509822478516168 -0.06485977260273669 -0.2786312232072382
0.11553082625718492 -0.07131029998851453 -0.2779021663061771
0.11527777943639861 -0.07806304537483436 -0.27507108424120713
0.11469156705554821 -0.08502375435068854 -0.2703246894901165
0.11377431277381327 -0.09227980526119384 -0.26391059010114765
0.11252262345724544 -0.09970311318197597 -0.2570685558931099
0.1106570871693658 -0.10721727744041697 -0.24677959634659272
0.10851703793436879 -0.11504888782528487 -0.23528621768502583
0.1056734977130814 -0.12312040896049148 -0.22155563496832398
0.10219767562516112 -0.13141396896978375 -0.20566782891429444
0.09802007916328681 -0.13991603253781196 -0.18747274627740476
0.09309798334299674 -0.14862600875617366 -0.1669518584292347
0.08730400739818883 -0.15718646395196129 -0.1439205582361639
0.08050883634713042 -0.16589658446927247 -0.11793194285769308
0.07267644642141971 -0.1743954275004414 -0.0885346585766876
0.06366835102991635 -0.1829358007881034 -0.05663842294769283
0.053498973915675374 -0.19121787023844317 -0.0220566692018003
0.04205814116053626 -0.19919195824894753 0.015413831402734446
0.029311532116159188 -0.20673475021262958 0.05559608644768216
0.015230160049939311 -0.21373113743431496 0.09833136350324026
-0.0002106156056724401 -0.22005067694820754 0.14347513348418459
-0.017457589381930344 -0.22399955059680748 0.1924608938908971
-0.035677424811907374 -0.2280557178302204 0.24227671206909152
-0.05512952777806688 -0.2309143404463445 0.2937365306431622
-0.0756694261801307 -0.23241592312004938 0.3464525192088761
-0.0970826666084913 -0.2324345501523761 0.3999328917912688
-0.1190991406373098 -0.2308761327079714 0.4536500148730452
-0.1413393925565314 -0.22781374633263687 0.5067734774090631
-0.16335294834741235 -0.22336818001159528 0.55841914037997
-0.18467483862396974 -0.21777496821204795 0.6076945708623608
-0.2048346145669443 -0.21136132363962523 0.6537066562236944
-0.2233861695745897 -0.2045196005645244 0.6956170576611811
-0.2399322689570242 -0.1976734049774429 0.7326878266831937
-0.23985848540313737 0.19736836263951132 0.7325972118897782
-0.22332112039839544 0.20421320133092719 0.6955466203614026
-0.2047798068852998 0.2110534684161278 0.6536596856274524
-0.18463177436372594 0.21746563993136564 0.6076742573352887
-0.1633231058817862 0.2230574708606325 0.5584285221226327
-0.14132420015465408 0.22750189082241137 0.5068153683377903
-0.11909994010173754 0.23056354700836007 0.45372690949834915
-0.09709320687328195 0.23212007388566366 0.40003521816680865
-0.0757038888565817 0.23209836411104376 0.34661506835922296
-0.05518878254281315 0.2305951064406097 0.29396032565590025
-0.035761842709720076 0.2277367845271778 0.24256104726973818
-0.017566923169035714 0.22368354753064063 0.19280291164664498
-0.00010835680265820768 0.21988714499395476 0.14332533265463873
0.015324519391235152 0.2135566926248544 0.09818603791792854
0.029392197026200384 0.20654683907769752 0.055475028373974805
0.04213290702734691 0.19899463598680772 0.015297427349434317
0.053571791529127576 0.19101436014704407 -0.022184930212971826
0.06374343016874943 0.1827295039024786 -0.05679619062859634
0.0727581713233962 0.17418988712385533 -0.08874053472850152
0.08058959995736516 0.1656591696555733 -0.11801479260144697
0.0874203172783736 0.15696238941230706 -0.14416371587562554
0.09320543473410403 0.14840458793038597 -0.16716232323486352
0.09812114970574874 0.139692193378818 -0.18767984833806878
0.10229187657190926 0.13118631048257384 -0.2058626948893725
0.10575889430439549 0.12288605683385204 -0.22172639482408643
0.10859072419868455 0.11480407532386347 -0.23542150318532865
0.11064557325391758 0.10694151333313803 -0.246667751047075
0.11248098044536682 0.09940706613492346 -0.2568679429290635
0.11382015248909685 0.09201635053539678 -0.26394131349204275
0.11475068299304429 0.08476291581982778 -0.27038325501015503
0.11535402687160895 0.07780635882805799 -0.2751646035908587
0.11562559563176601 0.07105645974909605 -0.27802638986179873
0.11518676725168982 0.06462791214164383 -0.2789249604318982
0.11477621437234711 0.058004298195558426 -0.2780616961496198
0.11404733651363722 0.05128919803172016 -0.27508319483828936
0.11314873481488551 0.04464943883117571 -0.2714155717014748
0.11189089833959512 0.03789089328306167 -0.26627397229513317
0.11014347365909827 0.030980184322185817 -0.25950505789887734
0.10785965961706588 0.023927219788893304 -0.2512366574947156
0.10513774854332786 0.016734250809759814 -0.24132065347995135
0.10115361553250163 0.009345460312341805 -0.22873853922404444
0.09590787649608583 0.0018886736947726563 -0.21269239929782913
0.08918514491219048 -0.005400208514692487 -0.19326529733835765
0.08045676064809534 -0.012334155147416835 -0.16868437481063273
0.0695770958686989 -0.01820965810432142 -0.13917141978406902
0.056826206129790106 -0.021798364789181998 -0.10590517109697502
0.044010472108953536 -0.021498233077797187 -0.07435551505696443
0.03479933861794626 -0.01636316160687775 -0.053566165443014756
0.031972209004404235 -0.008414803637679597 -0.049508150805420634
0.03437691217770085 -0.0020363909504031268 -0.05834521027752391
0.0343588227586655 0.0016978688716034825 -0.05815167355994672
0.03195486189178774 0.008083662991536341 -0.04928948002738763
0.03476546057095828 0.016040035401413348 -0.053241097583809925
0.04398284963588656 0.02119355714550336 -0.07416477800702254
0.05680857784416535 0.02147080607816982 -0.10566048647080517
0.06958378238768885 0.017859951396972475 -0.1390815063472728
0.08043607649675896 0.012005612478591747 -0.16854135337433854
0.08913664227730393 0.005076094848413603 -0.19302827180697574
0.09590316961111439 -0.0022119663656935407 -0.21268812339700974
0.10112748114871566 -0.00964815268376351 -0.2286665169971714
0.10509751229438132 -0.01702061987169312 -0.2412041872491111
0.10778197698632414 -0.024195827716218928 -0.25109244111111717
0.1100790936555382 -0.031232478314182004 -0.2593884480713545
0.1118465145015745 -0.038137611590344074 -0.2662118128951414
0.11311049245691614 -0.04489306873977539 -0.2713361164695847
0.11400118224366526 -0.051530677940990276 -0.27495150213703257
0.11472117228505847 -0.05825355213470126 -0.27787519744422273
0.11509822478516168 -0.06485977260273669 -0.2786312232072382
0.11553082625718492 -0.07131029998851453 -0.2779021663061771
0.11527777943639861 -0.07806304537483436 -0.27507108424120713
0.11469156705554821 -0.08502375435068854 -0.2703246894901165
0.11377431277381327 -0.09227980526119384 -0.26391059010114765
0.11252262345724544 -0.09970311318197597 -0.2570685558931099
0.1106570871693658 -0.10721727744041697 -0.24677959634659272
0.10851703793436879 -0.11504888782528487 -0.23528621768502583
0.1056734977130814 -0.12312040896049148 -0.22155563496832398
0.10219767562516112 -0.13141396896978375 -0.20566782891429444
0.09802007916328681 -0.13991603253781196 -0.18747274627740476
0.09309798334299674 -0.14862600875617366 -0.1669518584292347
0.08730400739818883 -0.15718646395196129 -0.1439205582361639
0.08050883634713042 -0.16589658446927247 -0.11793194285769308
0.07267644642141971 -0.1743954275004414 -0.0885346585766876
0.06366835102991635 -0.1829358007881034 -0.05663842294769283
0.053498973915675374 -0.19121787023844317 -0.0220566692018003
0.04205814116053626 -0.19919195824894753 0.015413831402734446
0.029311532116159188 -0.20673475021262958 0.05559608644768216
0.015230160049939311 -0.21373113743431496 0.09833136350324026
-0.0002106156056724401 -0.22005067694820754 0.14347513348418459
-0.017457589381930344 -0.22399955059680748 0.1924608938908971
-0.035677424811907374 -0.2280557178302204 0.24227671206909152
-0.05512952777806688 -0.2309143404463445 0.2937365306431622
-0.0756694261801307 -0.23241592312004938 0.3464525192088761
-0.0970826666084913 -0.2324345501523761 0.3999328917912688
-0.1190991406373098 -0.2308761327079714 0.4536500148730452
-0.1413393925565314 -0.22781374633263687 0.5067734774090631
-0.16335294834741235 -0.22336818001159528 0.55841914037997
-0.18467483862396974 -0.21777496821204795 0.6076945708623608
-0.2048346145669443 -0.21136132363962523 0.6537066562236944
-0.2233861695745897 -0.2045196005645244 0.6956170576611811
-0.2399322689570242 -0.1976734049774429 0.7326878266831937

VECTORS Vvpm_BBp float
-0.140758885583907 0.2248347548059159 0.46843263261430185
-0.12980491256426524 0.22596537340626793 0.442618427137703
-0.11768608158581255 0.22675504915410905 0.4137863042153283
-0.10462521603358858 0.2270554055814414 0.38236001485871085
-0.09086049636922804 0.22673996583666234 0.3487997621759953
-0.07663599775532813 0.2257116107433234 0.31358627383484583
-0.061345351119855104 0.2254326119589943 0.2742787265974892
-0.04691001906568964 0.22254303500516176 0.23741946563865016
-0.032708014400192 0.21902544881746822 0.2003085856557231
-0.01887090467777116 0.2147600618061049 0.16330686460218025
-0.005550489731740396 0.2097944674389317 0.12679558533506943
0.007131215935899369 0.2041912839314939 0.09111466542896618
0.019082659393296314 0.1980247765498486 0.05655729748458185
0.030260505720921975 0.1913869220221649 0.023279542388590674
0.040541581904991096 0.18430164991219905 -0.008174156815749428
0.049983850884032316 0.17691120256490933 -0.03795974772040553
0.05857071829309754 0.16928313197004635 -0.06588528267398087
0.06631354968284027 0.16149470203942556 -0.09183055910931374
0.07332028206953603 0.1536275713061122 -0.11603304932307452
0.07926610782885377 0.14555588244627687 -0.1372365530730341
0.08451843551124139 0.13754447402175018 -0.15663356442026727
0.08908375668708288 0.12961106471529588 -0.17410536726155207
0.0929893710475661 0.12178207460856397 -0.18962428259697
0.09628991463947341 0.11409988292914464 -0.20328419480553445
0.0990753421758354 0.10663152279468781 -0.21533734029225765
0.1012744454565663 0.09930777072273977 -0.22484175375715112
0.10307747286004261 0.09208223757036679 -0.23395302585693722
0.10437179222164888 0.08501117702892089 -0.24042609736604142
0.10534435548961191 0.07817753774473243 -0.24576190013893248
0.10597594160528913 0.07151752167325048 -0.24958892569396424
0.10624029762848441 0.06494748958162237 -0.2515904857109323
0.10634403938408389 0.058527354018728654 -0.25246845870465806
0.10573778180120658 0.052288326756133936 -0.2516750948494128
0.10511014849976558 0.04593566129880903 -0.24912457477441044
0.1041683240414122 0.039539618553494624 -0.24538640700502984
0.10283935359754118 0.03307289417975967 -0.24026279740637002
0.10103913928261851 0.02652418337938295 -0.23359733921116715
0.09893170732924164 0.01997087761737181 -0.22581087398524893
0.09596111583804365 0.013333223892834544 -0.21633719665179799
0.09214920821501231 0.006743835803738533 -0.2045710055944349
0.0873311391921231 0.0003294025983090615 -0.1902094645469952
0.08137958926631739 -0.005585166931581353 -0.17347699837223274
0.07414480302978564 -0.010868299704212318 -0.15341975797114576
0.06560453741803897 -0.014795256118416152 -0.13067107561464908
0.0562362961947417 -0.016542783750639518 -0.1068679838248356
0.04736632266436468 -0.015452826642919788 -0.08574573640422523
0.040703767571721505 -0.011434893154479164 -0.07138978128247946
0.03784334140031315 -0.006208728989642309 -0.06697883545649984
0.03804470964471453 -0.0021599989086080688 -0.07008976664513085
0.03922294036027642 -0.00011668023883778015 -0.07503357006400027
0.03800091492859403 0.001793470897156198 -0.06969110014023971
0.03780661626327349 0.005853125368756881 -0.066657674433556
0.040659287441139454 0.011089534104556067 -0.07104712849355989
0.04729902224762743 0.015120890244404916 -0.0853240707156959
0.0562265405306757 0.016253143264454588 -0.10668413850633328
0.06561143656069751 0.01445938006250822 -0.13059461120536214
0.07411945009705409 0.010528199449887922 -0.15325323702436078
0.08128286040014951 0.005278386439943942 -0.17305880154963948
0.08732063970716505 -0.0006761338825025873 -0.19021993800121167
0.09212657532527103 -0.007076833358880936 -0.2045561274448439
0.09593064130409651 -0.013654724997754471 -0.21630980259543414
0.09890015832495028 -0.020287128553971377 -0.22579283520467763
0.10096898789066733 -0.02677369761595284 -0.23347727830964599
0.10279780270000761 -0.03331242161774117 -0.24019257447140704
0.10413878579313066 -0.03977073514776669 -0.245308764952331
0.10507990517381441 -0.04616209711198466 -0.24899850659870326
0.10569653700454013 -0.05251517706626444 -0.25147488222130254
0.1062413344644828 -0.05878497114000234 -0.2522776333869066
0.10614705938759138 -0.06520758193023461 -0.2514460155110961
0.10589994682996531 -0.07177661763872265 -0.2494714956430119
0.1052808676652863 -0.07843707305628114 -0.24566751720733673
0.10431206205806645 -0.08526777598436264 -0.24033037384990927
0.10300911590008409 -0.09232836279877318 -0.23381424838143022
0.1012198281861687 -0.09955715846828819 -0.22475661028378396
0.09901619089506147 -0.10688860174972424 -0.2152701268245683
0.09619529536356289 -0.11433717661155728 -0.20308725717159912
0.0928666262249709 -0.12200273671649722 -0.18932468140423378
0.08894036653571404 -0.12981930536808511 -0.17373776456746035
0.08436112932642084 -0.13774449470371322 -0.1562346696079792
0.0791003638523248 -0.14575119663819733 -0.1368413360532613
0.07315010208022645 -0.15382063560932807 -0.11567230744260469
0.06621358002036842 -0.16169178701682232 -0.09152027428269884
0.05847436521584619 -0.16948274588779588 -0.06560725470806851
0.049888132351690526 -0.17711037602308285 -0.037698196498124587
0.04044342005574339 -0.18449736084549878 -0.007913631673676591
0.03015684154808069 -0.19157619633467532 0.023553855630486037
0.018970899714928297 -0.1982029135959895 0.05687682961809612
0.007010319439203924 -0.20435949620356736 0.09145857616289935
-0.005684756030574459 -0.20994893990623112 0.12718699502425937
-0.019022175061538013 -0.2148975051040904 0.16376556429725725
-0.03287927731303318 -0.21914314918558922 0.200850918743873
-0.04710359016313098 -0.22263888788414335 0.23805827690270895
-0.061516774351171574 -0.22545911791217374 0.27479524205463335
-0.07655498226218432 -0.22600760991618046 0.31330146923217583
-0.090799013397697 -0.22703754480949345 0.3485608196997765
-0.1045815097619516 -0.22735392364656554 0.3821628437179071
-0.11765833005138679 -0.22705403155875653 0.4136266529650347
-0.12979125197763358 -0.22626448452985015 0.44249193954874155
-0.14075742847326464 -0.2251337740636937 0.4683348892905538
-0.1503572771800108 -0.2238220734928013 0.49078121973750916
-0.140758885583907 0.2248347548059159 0.46843263261430185
-0.12980491256426524 0.22596537340626793 0.442618427137703
-0.11768608158581255 0.22675504915410905 0.4137863042153283
-0.10462521603358858 0.2270554055814414 0.38236001485871085
-0.09086049636922804 0.22673996583666234 0.3487997621759953
-0.07663599775532813 0.2257116107433234 0.31358627383484583
-0.061345351119855104 0.2254326119589943 0.2742787265974892
-0.04691001906568964 0.22254303500516176 0.23741946563865016
-0.032708014400192 0.21902544881746822 0.2003085856557231
-0.01887090467777116 0.2147600618061049 0.16330686460218025
-0.005550489731740396 0.2097944674389317 0.12679558533506943
0.007131215935899369 0.2041912839314939 0.09111466542896618
0.019082659393296314 0.1980247765498486 0.05655729748458185
0.030260505720921975 0.1913869220221649 0.023279542388590674
0.040541581904991096 0.18430164991219905 -0.008174156815749428
0.049983850884032316 0.17691120256490933 -0.03795974772040553
0.05857071829309754 0.16928313197004635 -0.06588528267398087
0.06631354968284027 0.16149470203942556 -0.09183055910931374
0.07332028206953603 0.1536275713061122 -0.11603304932307452
0.07926610782885377 0.14555588244627687 -0.1372365530730341
0.08451843551124139 0.13754447402175018 -0.15663356442026727
0.08908375668708288 0.12961106471529588 -0.17410536726155207
0.0929893710475661 0.12178207460856397 -0.18962428259697
0.09628991463947341 0.11409988292914464 -0.20328419480553445
0.0990753421758354 0.10663152279468781 -0.21533734029225765
0.1012744454565663 0.09930777072273977 -0.22484175375715112
0.10307747286004261 0.09208223757036679 -0.23395302585693722
0.10437179222164888 0.08501117702892089 -0.24042609736604142
0.10534435548961191 0.07817753774473243 -0.24576190013893248
0.10597594160528913 0.07151752167325048 -0.24958892569396424
0.10624029762848441 0.06494748958162237 -0.2515904857109323
0.10634403938408389 0.058527354018728654 -0.25246845870465806
0.10573778180120658 0.052288326756133936 -0.2516750948494128
0.10511014849976558 0.04593566129880903 -0.24912457477441044
0.1041683240414122 0.039539618553494624 -0.24538640700502984
0.10283935359754118 0.03307289417975967 -0.24026279740637002
0.10103913928261851 0.02652418337938295 -0.23359733921116715
0.09893170732924164 0.01997087761737181 -0.22581087398524893
0.09596111583804365 0.013333223892834544 -0.21633719665179799
0.09214920821501231 0.006743835803738533 -0.2045710055944349
0.0873311391921231 0.0003294025983090615 -0.1902094645469952
0.08137958926631739 -0.005585166931581353 -0.17347699837223274
0.07414480302978564 -0.010868299704212318 -0.15341975797114576
0.06560453741803897 -0.014795256118416152 -0.13067107561464908
0.0562362961947417 -0.016542783750639518 -0.1068679838248356
0.04736632266436468 -0.015452826642919788 -0.08574573640422523
0.040703767571721505 -0.011434893154479164 -0.07138978128247946
0.03784334140031315 -0.006208728989642309 -0.06697883545649984
0.03804470964471453 -0.0021599989086080688 -0.07008976664513085
0.03922294036027642 -0.00011668023883778015 -0.07503357006400027
0.03800091492859403 0.001793470897156198 -0.06969110014023971
0.03780661626327349 0.005853125368756881 -0.066657674433556
0.040659287441139454 0.011089534104556067 -0.07104712849355989
0.04729902224762743 0.015120890244404916 -0.0853240707156959
0.0562265405306757 0.016253143264454588 -0.10668413850633328
0.06561143656069751 0.01445938006250822 -0.13059461120536214
0.07411945009705409 0.010528199449887922 -0.15325323702436078
0.08128286040014951 0.005278386439943942 -0.17305880154963948
0.08732063970716505 -0.0006761338825025873 -0.19021993800121167
0.09212657532527103 -0.007076833358880936 -0.2045561274448439
0.09593064130409651 -0.013654724997754471 -0.21630980259543414
0.09890015832495028 -0.020287128553971377 -0.22579283520467763
0.10096898789066733 -0.02677369761595284 -0.23347727830964599
0.10279780270000761 -0.03331242161774117 -0.24019257447140704
0.10413878579313066 -0.03977073514776669 -0.245308764952331
0.10507990517381441 -0.04616209711198466 -0.24899850659870326
0.10569653700454013 -0.05251517706626444 -0.25147488222130254
0.1062413344644828 -0.05878497114000234 -0.2522776333869066
0.10614705938759138 -0.06520758193023461 -0.2514460155110961
0.10589994682996531 -0.07177661763872265 -0.2494714956430119
0.1052808676652863 -0.07843707305628114 -0.24566751720733673
0.10431206205806645 -0.08526777598436264 -0.24033037384990927
0.10300911590008409 -0.09232836279877318 -0.23381424838143022
0.1012198281861687 -0.09955715846828819 -0.22475661028378396
0.09901619089506147 -0.10688860174972424 -0.2152701268245683
0.09619529536356289 -0.11433717661155728 -0.20308725717159912
0.0928666262249709 -0.12200273671649722 -0.18932468140423378
0.08894036653571404 -0.12981930536808511 -0.17373776456746035
0.08436112932642084 -0.13774449470371322 -0.1562346696079792
0.0791003638523248 -0.14575119663819733 -0.1368413360532613
0.07315010208022645 -0.15382063560932807 -0.11567230744260469
0.06621358002036842 -0.16169178701682232 -0.09152027428269884
0.05847436521584619 -0.16948274588779588 -0.06560725470806851
0.049888132351690526 -0.17711037602308285 -0.037698196498124587
0.04044342005574339 -0.18449736084549878 -0.007913631673676591
0.03015684154808069 -0.19157619633467532 0.023553855630486037
0.018970899714928297 -0.1982029135959895 0.05687682961809612
0.007010319439203924 -0.20435949620356736 0.09145857616289935
-0.005684756030574459 -0.20994893990623112 0.12718699502425937
-0.019022175061538013 -0.2148975051040904 0.16376556429725725
-0.03287927731303318 -0.21914314918558922 0.200850918743873
-0.04710359016313098 -0.22263888788414335 0.23805827690270895
-0.061516774351171574 -0.22545911791217374 0.27479524205463335
-0.07655498226218432 -0.22600760991618046 0.31330146923217583
-0.090799013397697 -0.22703754480949345 0.3485608196997765
-0.1045815097619516 -0.22735392364656554 0.3821628437179071
-0.11765833005138679 -0.22705403155875653 0.4136266529650347
-0.12979125197763358 -0.22626448452985015 0.44249193954874155
-0.14075742847326464 -0.2251337740636937 0.4683348892905538
-0.1503572771800108 -0.2238220734928013 0.49078121973750916

VECTORS ftot float
-6.502837830682069 -11.58800065978405 6.622104979957857
-8.73869240571593 -13.80651308508912 8.855340636140555
-9.848748895132156 -14.898581661725796 10.674979760211379
-10.547315794689531 -15.577081696418361 12.304717377620385
-11.02844243356036 -16.036263309132277 13.820108240395172
-11.369023368369914 -16.35351313666599 15.25469183465287
-11.606681670085889 -16.566258902630135 16.62491277431414
-11.762427242482076 -16.695230907547145 17.939302868820427
-11.849170457215099 -16.755374312906433 19.202936712525428
-11.876443566031178 -16.755359749902123 20.417191778696374
-11.851693514048748 -16.702919197961325 21.58233539449228
-11.78155219259749 -16.604971381074282 22.697633940014512
-11.674923061736823 -16.470700772518065 23.761658076247528
-11.534980950795926 -16.30354856823553 24.773366086561495
-11.369437646082481 -16.11146812459648 25.731013560614862
-11.185161543905448 -15.901532974280082 26.633179440253485
-10.98849976476309 -15.680245594017007 27.478860584594045
-10.784964013075408 -15.453207923792062 28.2675580421946
-10.58065765296666 -15.228972348051824 28.999717739802648
-10.37711477856783 -15.003772702062296 29.674957566011464
-10.179374008568619 -14.788510357422883 30.295273377518683
-9.987433721212174 -14.580436128062457 30.861640779516804
-9.80300200722623 -14.381520218097197 31.375714440385323
-9.626785574852047 -14.192636789777168 31.839408578109094
-9.458634196232172 -14.013675957404647 32.25478498723378
-9.297942310348265 -13.843943324174486 32.624179045479345
-9.142656478634496 -13.680982903928376 32.949359986749805
-8.994966650573513 -13.528941443382486 33.23354353064419
-8.848406466957263 -13.379538630425728 33.47827529021936
-8.705019593679182 -13.23508376874143 33.685140958047164
-8.562294573941333 -13.093321629711424 33.85641470146252
-8.415958567409028 -12.94805164755247 33.993761664463364
-8.263504344456564 -12.797272987867794 34.0982163267371
-8.106791788937326 -12.648426493844187 34.172608282343376
-7.93879090535939 -12.489660593441196 34.216237681538175
-7.7593556941835455 -12.32107847481572 34.229281964088536
-7.565194458099079 -12.139581363875195 34.212251905830605
-7.353118067829848 -11.942083582343054 34.16520492060542
-7.1200345010969714 -11.725456368921357 34.087714789966185
-6.862343752719858 -11.485849042733205 33.979008282873025
-6.573806001764507 -11.216457418258951 33.838139581288864
-6.247574255191072 -10.911051295151822 33.66473776372836
-5.873749956304445 -10.557110901821327 33.45430075255302
-5.436587149649877 -10.137980909119472 33.20510651757229
-4.912219427696967 -9.628504839190441 32.911262791214064
-4.254551025557898 -8.981473170080177 32.56639285550176
-3.362982016448181 -8.096166298729472 32.16411670401744
-1.9451433336864732 -6.681104526512385 31.70435973487709
1.2017616997169558 -3.5348119543925214 31.206751413074674
17.722184361113307 12.986039381954383 30.74213961442136
17.721081479491225 -12.981498682849809 30.746318108816748
1.2012166215664344 3.5376063609077 31.210191338277497
-1.9453409076612074 6.682800959454028 31.707421851524135
-3.3631275349504257 8.097358288161004 32.16696500439872
-4.254795576004949 8.982505827820544 32.56909776785526
-4.9127081080629935 9.629645734014108 32.913825517327446
-5.437042133802652 10.13903071278445 33.20761282966786
-5.874310167972371 10.55826552822579 33.45673137461909
-6.248098116786804 10.91177164863829 33.66704821151629
-6.574423585113958 11.21752718135196 33.84048194686516
-6.862751393904404 11.486439977444114 33.981251396819935
-7.120261478348591 11.725696965841609 34.08989433932161
-7.353354502641812 11.942230647595673 34.16730588092768
-7.565489567170517 12.139719267669866 34.21427235820785
-7.759531326303 12.321032794345108 34.231279522463154
-7.938829881975535 12.48938608159062 34.218250840691965
-8.10669029950887 12.647859020188038 34.17465931064944
-8.263181722776922 12.79623916829532 34.10032524199986
-8.41649214555437 12.948602372384505 33.99572313299818
-8.56272448084523 13.093501306192662 33.85812736621664
-8.705610548724458 13.235532519394852 33.686792125917904
-8.849172644934594 13.380271733970021 33.47984995407127
-8.995792113965356 13.529814482449025 33.23506275905968
-9.143166795882216 13.681569145870412 32.950916738352234
-9.298180841575615 13.844364092975038 32.625809168083336
-9.458984082590746 14.01431075310343 32.25643392903444
-9.62719047718749 14.193351657652098 31.84108534133787
-9.80349575331672 14.382353841200569 31.37738706222688
-9.988013340535876 14.581394770953883 30.863287019539285
-10.180040047969301 14.789611382081496 30.296876317679935
-10.378017199939771 15.005192127033808 29.67648184098349
-10.581453879774614 15.23023366172387 29.00123927189358
-10.785650391048362 15.454006483798512 28.26909664883636
-10.989329342630892 15.68139291749397 27.480325870941645
-11.186074193961229 15.902914828634552 26.634573738526868
-11.370395102874692 16.113005934264105 25.732334838210118
-11.535966332672828 16.305196015253564 24.77460604662877
-11.675975153549242 16.47247563996467 23.762794553774107
-11.782838045527246 16.607026138270314 22.698623051282823
-11.852646688193898 16.7046775992824 21.583252165771835
-11.877152472976201 16.75690385419838 20.418061474536508
-11.849689201742283 16.756754276269188 19.20377257558553
-11.762788132677862 16.696476676204362 17.940113785304455
-11.606886334625123 16.567450592048388 16.625823745469024
-11.369082571776094 16.35460555303353 15.255617073890704
-11.028390518789937 16.037207328673453 13.821079446890678
-10.547100637331278 15.577970122495994 12.305720714731558
-9.848362569366767 14.899385537729849 10.676014663961912
-8.738117127582303 13.80719802542262 8.856404940191828
-6.501800809652303 11.588504683165205 6.623301852806126
-6.502837830682069 -11.58800065978405 6.622104979957857
-8.73869240571593 -13.80651308508912 8.855340636140555
-9.848748895132156 -14.898581661725796 10.674979760211379
-10.547315794689531 -15.577081696418361 12.304717377620385
-11.02844243356036 -16.036263309132277 13.820108240395172
-11.369023368369914 -16.35351313666599 15.25469183465287
-11.606681670085889 -16.566258902630135 16.62491277431414
-11.762427242482076 -16.695230907547145 17.939302868820427
-11.849170457215099 -16.755374312906433 19.202936712525428
-11.876443566031178 -16.755359749902123 20.417191778696374
-11.851693514048748 -16.702919197961325 21.58233539449228
-11.78155219259749 -16.604971381074282 22.697633940014512
-11.674923061736823 -16.470700772518065 23.761658076247528
-11.534980950795926 -16.30354856823553 24.773366086561495
-11.369437646082481 -16.11146812459648 25.731013560614862
-11.185161543905448 -15.901532974280082 26.633179440253485
-10.98849976476309 -15.680245594017007 27.478860584594045
-10.784964013075408 -15.453207923792062 28.2675580421946
-10.58065765296666 -15.228972348051824 28.999717739802648
-10.37711477856783 -15.003772702062296 29.674957566011464
-10.179374008568619 -14.788510357422883 30.295273377518683
-9.987433721212174 -14.580436128062457 30.861640779516804
-9.80300200722623 -14.381520218097197 31.375714440385323
-9.626785574852047 -14.192636789777168 31.839408578109094
-9.458634196232172 -14.013675957404647 32.25478498723378
-9.297942310348265 -13.843943324174486 32.624179045479345
-9.142656478634496 -13.680982903928376 32.949359986749805
-8.994966650573513 -13.528941443382486 33.23354353064419
-8.848406466957263 -13.379538630425728 33.47827529021936
-8.705019593679182 -13.23508376874143 33.685140958047164
-8.562294573941333 -13.093321629711424 33.85641470146252
-8.415958567409028 -12.94805164755247 33.993761664463364
-8.263504344456564 -12.797272987867794 34.0982163267371
-8.106791788937326 -12.648426493844187 34.172608282343376
-7.93879090535939 -12.489660593441196 34.216237681538175
-7.7593556941835455 -12.32107847481572 34.229281964088536
-7.565194458099079 -12.139581363875195 34.212251905830605
-7.353118067829848 -11.942083582343054 34.16520492060542
-7.1200345010969714 -11.725456368921357 34.087714789966185
-6.862343752719858 -11.485849042733205 33.979008282873025
-6.573806001764507 -11.216457418258951 33.838139581288864
-6.247574255191072 -10.911051295151822 33.66473776372836
-5.873749956304445 -10.557110901821327 33.45430075255302
-5.436587149649877 -10.137980909119472 33.20510651757229
-4.912219427696967 -9.628504839190441 32.911262791214064
-4.254551025557898 -8.981473170080177 32.56639285550176
-3.362982016448181 -8.096166298729472 32.16411670401744
-1.9451433336864732 -6.681104526512385 31.70435973487709
1.2017616997169558 -3.5348119543925214 31.206751413074674
17.722184361113307 12.986039381954383 30.74213961442136
17.721081479491225 -12.981498682849809 30.746318108816748
1.2012166215664344 3.5376063609077 31.210191338277497
-1.9453409076612074 6.682800959454028 31.707421851524135
-3.3631275349504257 8.097358288161004 32.16696500439872
-4.254795576004949 8.982505827820544 32.56909776785526
-4.9127081080629935 9.629645734014108 32.913825517327446
-5.437042133802652 10.13903071278445 33.20761282966786
-5.874310167972371 10.55826552822579 33.45673137461909
-6.248098116786804 10.91177164863829 33.66704821151629
-6.574423585113958 11.21752718135196 33.84048194686516
-6.862751393904404 11.486439977444114 33.981251396819935
-7.120261478348591 11.725696965841609 34.08989433932161
-7.353354502641812 11.942230647595673 34.16730588092768
-7.565489567170517 12.139719267669866 34.21427235820785
-7.759531326303 12.321032794345108 34.231279522463154
-7.938829881975535 12.48938608159062 34.218250840691965
-8.10669029950887 12.647859020188038 34.17465931064944
-8.263181722776922 12.79623916829532 34.10032524199986
-8.41649214555437 12.948602372384505 33.99572313299818
-8.56272448084523 13.093501306192662 33.85812736621664
-8.705610548724458 13.235532519394852 33.686792125917904
-8.849172644934594 13.380271733970021 33.47984995407127
-8.995792113965356 13.529814482449025 33.23506275905968
-9.143166795882216 13.681569145870412 32.950916738352234
-9.298180841575615 13.844364092975038 32.625809168083336
-9.458984082590746 14.01431075310343 32.25643392903444
-9.62719047718749 14.193351657652098 31.84108534133787
-9.80349575331672 14.382353841200569 31.37738706222688
-9.988013340535876 14.581394770953883 30.863287019539285
-10.180040047969301 14.789611382081496 30.296876317679935
-10.378017199939771 15.005192127033808 29.67648184098349
-10.581453879774614 15.23023366172387 29.00123927189358
-10.785650391048362 15.454006483798512 28.26909664883636
-10.989329342630892 15.68139291749397 27.480325870941645
-11.186074193961229 15.902914828634552 26.634573738526868
-11.370395102874692 16.113005934264105 25.732334838210118
-11.535966332672828 16.305196015253564 24.77460604662877
-11.675975153549242 16.47247563996467 23.762794553774107
-11.782838045527246 16.607026138270314 22.698623051282823
-11.852646688193898 16.7046775992824 21.583252165771835
-11.877152472976201 16.75690385419838 20.418061474536508
-11.849689201742283 16.756754276269188 19.20377257558553
-11.762788132677862 16.696476676204362 17.940113785304455
-11.606886334625123 16.567450592048388 16.625823745469024
-11.369082571776094 16.35460555303353 15.255617073890704
-11.028390518789937 16.037207328673453 13.821079446890678
-10.547100637331278 15.577970122495994 12.305720714731558
-9.848362569366767 14.899385537729849 10.676014663961912
-8.738117127582303 13.80719802542262 8.856404940191828
-6.501800809652303 11.588504683165205 6.623301852806126

VECTORS D float
-0.012693797485778993 -0.0 -0.005919214978687412
-0.020280935609270072 -0.0 -0.009457155589151047
-0.024757324751687734 -0.0 -0.01154453012714229
-0.02772898337922205 -0.0 -0.012930237302583912
-0.029558540845984065 -0.0 -0.013783373960369704
-0.030346643860002406 -0.0 -0.014150872431221487
-0.030116657623880175 -0.0 -0.014043628088047449
-0.02886395140408714 -0.0 -0.013459481584339562
-0.026570858258733666 -0.0 -0.0123901946897985
-0.02323219411822652 -0.0 -0.010833350033072542
-0.018850523016731374 -0.0 -0.008790143242928906
-0.013444495527448055 -0.0 -0.006269271224479654
-0.007082726704325152 -0.0 -0.003302729702845733
0.00021444914182358686 0.0 9.999927711710596e-5
0.008352119592019449 0.0 0.0038946573275850716
0.01722596698112019 0.0 0.008032600322421486
0.026721591741526912 0.0 0.012460482867165364
0.0367223874841251 0.0 0.017123930509582806
0.04709364211247784 0.0 0.021960125967459162
0.05775435736082796 0.0 0.026931299129174587
0.06857724104631786 0.0 0.03197809267503933
0.07950619354582011 0.0 0.03707434692116944
0.09046025944450943 0.0 0.042182311737662785
0.1013777234048141 0.0 0.047273208789984054
0.11221598830263341 0.0 0.052327174712949696
0.12294760916992122 0.0 0.05733141170778199
0.13357518514851469 0.0 0.06228713177422424
0.14403012082396807 0.0 0.06716234834520604
0.15442181147103995 0.0 0.07200807327511334
0.1646795907219186 0.0 0.0767913542954615
0.17484723155297172 0.0 0.08153260308035101
0.18501502277989432 0.0 0.08627392199598624
0.19523438654541694 0.0 0.09103928958132115
0.20547225371418767 0.0 0.09581328544529256
0.2158891664294218 0.0 0.10067077161873841
0.22648518056881417 0.0 0.10561177415785572
0.2373543859007439 0.0 0.11068016784219371
0.24859141364183981 0.0 0.11592007993276689
0.2602901079333913 0.0 0.12137527067133153
0.27256271866022164 0.0 0.12709808303880768
0.2856097513373758 0.0 0.1331820142923632
0.2996753019324036 0.0 0.13974088825099126
0.3150581403942827 0.0 0.14691402362992673
0.3323146182287823 0.0 0.15496085139693588
0.352250380372764 0.0 0.16425704995583107
0.3764865638549369 0.0 0.17555856791801797
0.4086763985270709 0.0 0.19056893434037733
0.45971155155510346 0.0 0.21436701703246122
0.5748379631124308 0.0 0.2680513443975471
1.1916343212219394 0.0 0.555668209706124
1.1916657530413723 0.0 0.5556828666042352
0.5748766044867568 0.0 0.2680693631663169
0.4597556045744496 0.0 0.21438755929274717
0.40871793796074246 0.0 0.19058830449641384
0.3765215822719612 0.0 0.17557489727405284
0.35227422499282574 0.0 0.16426816888477164
0.3323382250222176 0.0 0.15497185942549926
0.3150767080110837 0.0 0.1469226818518347
0.2996928538876528 0.0 0.13974907286213956
0.2856244792594603 0.0 0.1331888820352199
0.2725820886601476 0.0 0.12710711541811162
0.2603135216976061 0.0 0.12138618868889112
0.2486129524235068 0.0 0.11593012363160554
0.23737269469551778 0.0 0.11068870537340836
0.22650605196375317 0.0 0.10562150664915218
0.21591339790068442 0.0 0.10068207093935655
0.2055000212995741 0.0 0.09582623368300673
0.19526777520212846 0.0 0.09105485896764123
0.18502450468837192 0.0 0.08627834348252328
0.1748561544736617 0.0 0.08153676390660188
0.16468380017261597 0.0 0.07679331719455831
0.1544210830592549 0.0 0.07200773361111969
0.14402752832739077 0.0 0.06716113944419831
0.13357981395205612 0.0 0.062289290220763696
0.12295845123173792 0.0 0.0573364674442373
0.11222441206860478 0.0 0.05233110277953266
0.10138504459712597 0.0 0.04727662271802591
0.09046562234498004 0.0 0.04218481249922215
0.07950958849451341 0.0 0.03707593001174417
0.06857865555228412 0.0 0.0319787522700039
0.05775115900317853 0.0 0.026929807710509145
0.04709225394130654 0.0 0.021959478652611157
0.03672286384378595 0.0 0.017124152639740698
0.026719449689876103 0.0 0.01245948401207643
0.017222303209153182 0.0 0.008030891877495538
0.008347588150981373 0.0 0.0038925442819265394
0.00020932157874882084 0.0 9.760825518766975e-5
-0.007088945512969997 -0.0 -0.0033056295809414248
-0.013453753898632133 -0.0 -0.006273588473864832
-0.018856066095613307 -0.0 -0.00879272802306131
-0.023235185837322314 -0.0 -0.01083474509459796
-0.026572042142502836 -0.0 -0.01239074674386643
-0.028863804871812542 -0.0 -0.013459413255217744
-0.0301149376152418 -0.0 -0.014042826034847281
-0.03034398942781175 -0.0 -0.014149634649162933
-0.029555285836892282 -0.0 -0.013781856124702835
-0.027725045473758658 -0.0 -0.012928401027109244
-0.024752908367937705 -0.0 -0.0115424707335783
-0.020276220773149455 -0.0 -0.009454957024961057
-0.012687868092470796 -0.0 -0.005916450057179587
-0.012693797485778993 -0.0 -0.005919214978687412
-0.020280935609270072 -0.0 -0.009457155589151047
-0.024757324751687734 -0.0 -0.01154453012714229
-0.02772898337922205 -0.0 -0.012930237302583912
-0.029558540845984065 -0.0 -0.013783373960369704
-0.030346643860002406 -0.0 -0.014150872431221487
-0.030116657623880175 -0.0 -0.014043628088047449
-0.02886395140408714 -0.0 -0.013459481584339562
-0.026570858258733666 -0.0 -0.0123901946897985
-0.02323219411822652 -0.0 -0.010833350033072542
-0.018850523016731374 -0.0 -0.008790143242928906
-0.013444495527448055 -0.0 -0.006269271224479654
-0.007082726704325152 -0.0 -0.003302729702845733
0.00021444914182358686 0.0 9.999927711710596e-5
0.008352119592019449 0.0 0.0038946573275850716
0.01722596698112019 0.0 0.008032600322421486
0.026721591741526912 0.0 0.012460482867165364
0.0367223874841251 0.0 0.017123930509582806
0.04709364211247784 0.0 0.021960125967459162
0.05775435736082796 0.0 0.026931299129174587
0.06857724104631786 0.0 0.03197809267503933
0.07950619354582011 0.0 0.03707434692116944
0.09046025944450943 0.0 0.042182311737662785
0.1013777234048141 0.0 0.047273208789984054
0.11221598830263341 0.0 0.052327174712949696
0.12294760916992122 0.0 0.05733141170778199
0.13357518514851469 0.0 0.06228713177422424
0.14403012082396807 0.0 0.06716234834520604
0.15442181147103995 0.0 0.07200807327511334
0.1646795907219186 0.0 0.0767913542954615
0.17484723155297172 0.0 0.08153260308035101
0.18501502277989432 0.0 0.08627392199598624
0.19523438654541694 0.0 0.09103928958132115
0.20547225371418767 0.0 0.09581328544529256
0.2158891664294218 0.0 0.10067077161873841
0.22648518056881417 0.0 0.10561177415785572
0.2373543859007439 0.0 0.11068016784219371
0.24859141364183981 0.0 0.11592007993276689
0.2602901079333913 0.0 0.12137527067133153
0.27256271866022164 0.0 0.12709808303880768
0.2856097513373758 0.0 0.1331820142923632
0.2996753019324036 0.0 0.13974088825099126
0.3150581403942827 0.0 0.14691402362992673
0.3323146182287823 0.0 0.15496085139693588
0.352250380372764 0.0 0.16425704995583107
0.3764865638549369 0.0 0.17555856791801797
0.4086763985270709 0.0 0.19056893434037733
0.45971155155510346 0.0 0.21436701703246122
0.5748379631124308 0.0 0.2680513443975471
1.1916343212219394 0.0 0.555668209706124
1.1916657530413723 0.0 0.5556828666042352
0.5748766044867568 0.0 0.2680693631663169
0.4597556045744496 0.0 0.21438755929274717
0.40871793796074246 0.0 0.19058830449641384
0.3765215822719612 0.0 0.17557489727405284
0.35227422499282574 0.0 0.16426816888477164
0.3323382250222176 0.0 0.15497185942549926
0.3150767080110837 0.0 0.1469226818518347
0.2996928538876528 0.0 0.13974907286213956
0.2856244792594603 0.0 0.1331888820352199
0.2725820886601476 0.0 0.12710711541811162
0.2603135216976061 0.0 0.12138618868889112
0.2486129524235068 0.0 0.11593012363160554
0.23737269469551778 0.0 0.11068870537340836
0.22650605196375317 0.0 0.10562150664915218
0.21591339790068442 0.0 0.10068207093935655
0.2055000212995741 0.0 0.09582623368300673
0.19526777520212846 0.0 0.09105485896764123
0.18502450468837192 0.0 0.08627834348252328
0.1748561544736617 0.0 0.08153676390660188
0.16468380017261597 0.0 0.07679331719455831
0.1544210830592549 0.0 0.07200773361111969
0.14402752832739077 0.0 0.06716113944419831
0.13357981395205612 0.0 0.062289290220763696
0.12295845123173792 0.0 0.0573364674442373
0.11222441206860478 0.0 0.05233110277953266
0.10138504459712597 0.0 0.04727662271802591
0.09046562234498004 0.0 0.04218481249922215
0.07950958849451341 0.0 0.03707593001174417
0.06857865555228412 0.0 0.0319787522700039
0.05775115900317853 0.0 0.026929807710509145
0.04709225394130654 0.0 0.021959478652611157
0.03672286384378595 0.0 0.017124152639740698
0.026719449689876103 0.0 0.01245948401207643
0.017222303209153182 0.0 0.008030891877495538
0.008347588150981373 0.0 0.0038925442819265394
0.00020932157874882084 0.0 9.760825518766975e-5
-0.007088945512969997 -0.0 -0.0033056295809414248
-0.013453753898632133 -0.0 -0.006273588473864832
-0.018856066095613307 -0.0 -0.00879272802306131
-0.023235185837322314 -0.0 -0.01083474509459796
-0.026572042142502836 -0.0 -0.01239074674386643
-0.028863804871812542 -0.0 -0.013459413255217744
-0.0301149376152418 -0.0 -0.014042826034847281
-0.03034398942781175 -0.0 -0.014149634649162933
-0.029555285836892282 -0.0 -0.013781856124702835
-0.027725045473758658 -0.0 -0.012928401027109244
-0.024752908367937705 -0.0 -0.0115424707335783
-0.020276220773149455 -0.0 -0.009454957024961057
-0.012687868092470796 -0.0 -0.005916450057179587

VECTORS funs-vector float
0.0 0.0 -0.00962776413744477
0.0 0.0 -0.01479501108220967
0.0 0.0 -0.018999177930595423
0.0 0.0 -0.022735760082902352
0.0 0.0 -0.026161686896117954
0.0 0.0 -0.029345827154545204
0.0 0.0 -0.0323393587120923
0.0 0.0 -0.035239789854946434
0.0 0.0 -0.038244937214092174
0.0 0.0 -0.04076664251475846
0.0 0.0 -0.0426818534538666
0.0 0.0 -0.04395398391918999
0.0 0.0 -0.04411424863592054
0.0 0.0 -0.04602578715602657
0.0 0.0 -0.047733730089323585
0.0 0.0 -0.04922004255334854
0.0 0.0 -0.05058855960328339
0.0 0.0 -0.051897851140973957
0.0 0.0 -0.05252914620299461
0.0 0.0 -0.05341595503135919
0.0 0.0 -0.054725335576805596
0.0 0.0 -0.05671896148981599
0.0 0.0 -0.05835620227471918
0.0 0.0 -0.059601917825210154
0.0 0.0 -0.06077695951257376
0.0 0.0 -0.061843209807486095
0.0 0.0 -0.06298083319630624
0.0 0.0 -0.06233311121642129
0.0 0.0 -0.061297878998225044
0.0 0.0 -0.06020931343090556
0.0 0.0 -0.06052913255279178
0.0 0.0 -0.06146684388968218
0.0 0.0 -0.06155381157216315
0.0 0.0 -0.06017379712257245
0.0 0.0 -0.05973542700833434
0.0 0.0 -0.05889343758638436
0.0 0.0 -0.05813131612560019
0.0 0.0 -0.057368331861312724
0.0 0.0 -0.05598993063188118
0.0 0.0 -0.05503941677947276
0.0 0.0 -0.05480744107203542
0.0 0.0 -0.05431198927197754
0.0 0.0 -0.05199951116310721
0.0 0.0 -0.051830572427623435
0.0 0.0 -0.05266216679922569
0.0 0.0 -0.05315515968902222
0.0 0.0 -0.05227984787434344
0.0 0.0 -0.04888742567896481
0.0 0.0 -0.048527473181547605
0.0 0.0 -0.04775453486925586
0.0 0.0 -0.046846619417847034
0.0 0.0 -0.047763800149601965
0.0 0.0 -0.048512258291680814
0.0 0.0 -0.049564129390474755
0.0 0.0 -0.05149497311987908
0.0 0.0 -0.050989858325549295
0.0 0.0 -0.050691733585674636
0.0 0.0 -0.05220858247364711
0.0 0.0 -0.0533927566141366
0.0 0.0 -0.05410950773919092
0.0 0.0 -0.05491139557692616
0.0 0.0 -0.055548729597559035
0.0 0.0 -0.05682068836316228
0.0 0.0 -0.05789025088881063
0.0 0.0 -0.0588287666491477
0.0 0.0 -0.060054942696912035
0.0 0.0 -0.060920669612485136
0.0 0.0 -0.06247759809951832
0.0 0.0 -0.061533356171413436
0.0 0.0 -0.060643121587859984
0.0 0.0 -0.060577605574649036
0.0 0.0 -0.06219264992837285
0.0 0.0 -0.06173124824139945
0.0 0.0 -0.062076245530136034
0.0 0.0 -0.06131004816916046
0.0 0.0 -0.060374097033426305
0.0 0.0 -0.05924209348216248
0.0 0.0 -0.058095555729450944
0.0 0.0 -0.05644184460370188
0.0 0.0 -0.0544390282544724
0.0 0.0 -0.05274126629944093
0.0 0.0 -0.05226394265185263
0.0 0.0 -0.05128680694495557
0.0 0.0 -0.04975947211744823
0.0 0.0 -0.04833756806068448
0.0 0.0 -0.04696185455020314
0.0 0.0 -0.04550234338874308
0.0 0.0 -0.04384697330463379
0.0 0.0 -0.04306553615983496
0.0 0.0 -0.04179768752795357
0.0 0.0 -0.040088775225094464
0.0 0.0 -0.037888733849160625
0.0 0.0 -0.03522184752044053
0.0 0.0 -0.03253370544769301
0.0 0.0 -0.029700599360606306
0.0 0.0 -0.026622454713108895
0.0 0.0 -0.023248933713380843
0.0 0.0 -0.019511553419417387
0.0 0.0 -0.015250832319299051
0.0 0.0 -0.00995606947817935
0.0 0.0 -0.00962776413744477
0.0 0.0 -0.01479501108220967
0.0 0.0 -0.018999177930595423
0.0 0.0 -0.022735760082902352
0.0 0.0 -0.026161686896117954
0.0 0.0 -0.029345827154545204
0.0 0.0 -0.0323393587120923
0.0 0.0 -0.035239789854946434
0.0 0.0 -0.038244937214092174
0.0 0.0 -0.04076664251475846
0.0 0.0 -0.0426818534538666
0.0 0.0 -0.04395398391918999
0.0 0.0 -0.04411424863592054
0.0 0.0 -0.04602578715602657
0.0 0.0 -0.047733730089323585
0.0 0.0 -0.04922004255334854
0.0 0.0 -0.05058855960328339
0.0 0.0 -0.051897851140973957
0.0 0.0 -0.05252914620299461
0.0 0.0 -0.05341595503135919
0.0 0.0 -0.054725335576805596
0.0 0.0 -0.05671896148981599
0.0 0.0 -0.05835620227471918
0.0 0.0 -0.059601917825210154
0.0 0.0 -0.06077695951257376
0.0 0.0 -0.061843209807486095
0.0 0.0 -0.06298083319630624
0.0 0.0 -0.06233311121642129
0.0 0.0 -0.061297878998225044
0.0 0.0 -0.06020931343090556
0.0 0.0 -0.06052913255279178
0.0 0.0 -0.06146684388968218
0.0 0.0 -0.06155381157216315
0.0 0.0 -0.06017379712257245
0.0 0.0 -0.05973542700833434
0.0 0.0 -0.05889343758638436
0.0 0.0 -0.05813131612560019
0.0 0.0 -0.057368331861312724
0.0 0.0 -0.05598993063188118
0.0 0.0 -0.05503941677947276
0.0 0.0 -0.05480744107203542
0.0 0.0 -0.05431198927197754
0.0 0.0 -0.05199951116310721
0.0 0.0 -0.051830572427623435
0.0 0.0 -0.05266216679922569
0.0 0.0 -0.05315515968902222
0.0 0.0 -0.05227984787434344
0.0 0.0 -0.04888742567896481
0.0 0.0 -0.048527473181547605
0.0 0.0 -0.04775453486925586
0.0 0.0 -0.046846619417847034
0.0 0.0 -0.047763800149601965
0.0 0.0 -0.048512258291680814
0.0 0.0 -0.049564129390474755
0.0 0.0 -0.05149497311987908
0.0 0.0 -0.050989858325549295
0.0 0.0 -0.050691733585674636
0.0 0.0 -0.05220858247364711
0.0 0.0 -0.0533927566141366
0.0 0.0 -0.05410950773919092
0.0 0.0 -0.05491139557692616
0.0 0.0 -0.055548729597559035
0.0 0.0 -0.05682068836316228
0.0 0.0 -0.05789025088881063
0.0 0.0 -0.0588287666491477
0.0 0.0 -0.060054942696912035
0.0 0.0 -0.060920669612485136
0.0 0.0 -0.06247759809951832
0.0 0.0 -0.061533356171413436
0.0 0.0 -0.060643121587859984
0.0 0.0 -0.060577605574649036
0.0 0.0 -0.06219264992837285
0.0 0.0 -0.06173124824139945
0.0 0.0 -0.062076245530136034
0.0 0.0 -0.06131004816916046
0.0 0.0 -0.060374097033426305
0.0 0.0 -0.05924209348216248
0.0 0.0 -0.058095555729450944
0.0 0.0 -0.05644184460370188
0.0 0.0 -0.0544390282544724
0.0 0.0 -0.05274126629944093
0.0 0.0 -0.05226394265185263
0.0 0.0 -0.05128680694495557
0.0 0.0 -0.04975947211744823
0.0 0.0 -0.04833756806068448
0.0 0.0 -0.04696185455020314
0.0 0.0 -0.04550234338874308
0.0 0.0 -0.04384697330463379
0.0 0.0 -0.04306553615983496
0.0 0.0 -0.04179768752795357
0.0 0.0 -0.040088775225094464
0.0 0.0 -0.037888733849160625
0.0 0.0 -0.03522184752044053
0.0 0.0 -0.03253370544769301
0.0 0.0 -0.029700599360606306
0.0 0.0 -0.026622454713108895
0.0 0.0 -0.023248933713380843
0.0 0.0 -0.019511553419417387
0.0 0.0 -0.015250832319299051
0.0 0.0 -0.00995606947817935

VECTORS S float
-0.0 -0.05244097025854947 0.0
-0.0 -0.0739568030422862 0.0
-0.0 -0.09219043315971945 0.0
-0.0 -0.10933666352583475 0.0
-0.0 -0.12588912975868732 0.0
-0.0 -0.141972766401972 0.0
-0.0 -0.15758968816662797 0.0
-0.0 -0.17269373393822043 0.0
-0.0 -0.18724301767880333 0.0
-0.0 -0.2011700094350967 0.0
-0.0 -0.214423957619217 0.0
-0.0 -0.22696870195135474 0.0
-0.0 -0.238823938886056 0.0
-0.0 -0.24995185069135997 0.0
-0.0 -0.2603989880657183 0.0
-0.0 -0.27022339389346517 0.0
-0.0 -0.27949645037911647 0.0
-0.0 -0.2882943589427943 0.0
-0.0 -0.29676944225519425 0.0
-0.0 -0.3048521653504745 0.0
-0.0 -0.3127706835634235 0.0
-0.0 -0.3204893474736141 0.0
-0.0 -0.3280710257603877 0.0
-0.0 -0.33555922375722924 0.0
-0.0 -0.34297626925286734 0.0
-0.0 -0.3503293332794229 0.0
-0.0 -0.3575772357977505 0.0
-0.0 -0.3648486936457547 0.0
-0.0 -0.37194074831131846 0.0
-0.0 -0.3789260959229391 0.0
-0.0 -0.38575063206293897 0.0
-0.0 -0.39223323861405024 0.0
-0.0 -0.3983028942973115 0.0
-0.0 -0.40418363658403256 0.0
-0.0 -0.4094917125069275 0.0
-0.0 -0.41420585580219516 0.0
-0.0 -0.418194839312713 0.0
-0.0 -0.42131759502503224 0.0
-0.0 -0.4234212398062287 0.0
-0.0 -0.4243158184395231 0.0
-0.0 -0.4236870080981457 0.0
-0.0 -0.42122002187675595 0.0
-0.0 -0.4163313223669177 0.0
-0.0 -0.40822921834879794 0.0
-0.0 -0.3957172579744542 0.0
-0.0 -0.37659067053913076 0.0
-0.0 -0.34619958129202 0.0
-0.0 -0.29124360098638086 0.0
-0.0 -0.15702815158093938 0.0
0.0 0.5876773094851717 -0.0
-0.0 -0.5874718222111487 0.0
0.0 0.15715228845031337 -0.0
0.0 0.2913175521177837 -0.0
0.0 0.3462505518658537 -0.0
0.0 0.3766339695908046 -0.0
0.0 0.3957641470583557 -0.0
0.0 0.40827149111823885 -0.0
0.0 0.41637685633376414 -0.0
0.0 0.4212478310495943 -0.0
0.0 0.4237274169997591 -0.0
0.0 0.4243376490368594 -0.0
0.0 0.42342992806901875 -0.0
0.0 0.42132278349805796 -0.0
0.0 0.4181995899423716 -0.0
0.0 0.41420432013155734 -0.0
0.0 0.4094827122361057 -0.0
0.0 0.4041655028212201 -0.0
0.0 0.3982707176509065 -0.0
0.0 0.39224992163249456 -0.0
0.0 0.3857559256254271 -0.0
0.0 0.3789389438456327 -0.0
0.0 0.3719611280186003 -0.0
0.0 0.36487223777625744 -0.0
0.0 0.35759255829136344 -0.0
0.0 0.35033998108763115 -0.0
0.0 0.34299180549483177 -0.0
0.0 0.3355761255150067 -0.0
0.0 0.32809004235824735 -0.0
0.0 0.3205104191913637 -0.0
0.0 0.3127939697651282 -0.0
0.0 0.3048810057484655 -0.0
0.0 0.2967940216783101 -0.0
0.0 0.28830925684271724 -0.0
0.0 0.2795169011327268 -0.0
0.0 0.2702468764956892 -0.0
0.0 0.2604238426648269 -0.0
0.0 0.24997710791860042 -0.0
0.0 0.23884967433231627 -0.0
0.0 0.22699678785183405 -0.0
0.0 0.2144465311206476 -0.0
0.0 0.20118854842682363 -0.0
0.0 0.18725843891019098 -0.0
0.0 0.17270662003978388 -0.0
0.0 0.15760102433883905 -0.0
0.0 0.14198225019743585 -0.0
0.0 0.12589654057479974 -0.0
0.0 0.10934289945276028 -0.0
0.0 0.0921954074370469 -0.0
0.0 0.07396047203510653 -0.0
0.0 0.052443251193450724 -0.0
-0.0 -0.05244097025854947 0.0
-0.0 -0.0739568030422862 0.0
-0.0 -0.09219043315971945 0.0
-0.0 -0.10933666352583475 0.0
-0.0 -0.12588912975868732 0.0
-0.0 -0.141972766401972 0.0
-0.0 -0.15758968816662797 0.0
-0.0 -0.17269373393822043 0.0
-0.0 -0.18724301767880333 0.0
-0.0 -0.2011700094350967 0.0
-0.0 -0.214423957619217 0.0
-0.0 -0.22696870195135474 0.0
-0.0 -0.238823938886056 0.0
-0.0 -0.24995185069135997 0.0
-0.0 -0.2603989880657183 0.0
-0.0 -0.27022339389346517 0.0
-0.0 -0.27949645037911647 0.0
-0.0 -0.2882943589427943 0.0
-0.0 -0.29676944225519425 0.0
-0.0 -0.3048521653504745 0.0
-0.0 -0.3127706835634235 0.0
-0.0 -0.3204893474736141 0.0
-0.0 -0.3280710257603877 0.0
-0.0 -0.33555922375722924 0.0
-0.0 -0.34297626925286734 0.0
-0.0 -0.3503293332794229 0.0
-0.0 -0.3575772357977505 0.0
-0.0 -0.3648486936457547 0.0
-0.0 -0.37194074831131846 0.0
-0.0 -0.3789260959229391 0.0
-0.0 -0.38575063206293897 0.0
-0.0 -0.39223323861405024 0.0
-0.0 -0.3983028942973115 0.0
-0.0 -0.40418363658403256 0.0
-0.0 -0.4094917125069275 0.0
-0.0 -0.41420585580219516 0.0
-0.0 -0.418194839312713 0.0
-0.0 -0.42131759502503224 0.0
-0.0 -0.4234212398062287 0.0
-0.0 -0.4243158184395231 0.0
-0.0 -0.4236870080981457 0.0
-0.0 -0.42122002187675595 0.0
-0.0 -0.4163313223669177 0.0
-0.0 -0.40822921834879794 0.0
-0.0 -0.3957172579744542 0.0
-0.0 -0.37659067053913076 0.0
-0.0 -0.34619958129202 0.0
-0.0 -0.29124360098638086 0.0
-0.0 -0.15702815158093938 0.0
0.0 0.5876773094851717 -0.0
-0.0 -0.5874718222111487 0.0
0.0 0.15715228845031337 -0.0
0.0 0.2913175521177837 -0.0
0.0 0.3462505518658537 -0.0
0.0 0.3766339695908046 -0.0
0.0 0.3957641470583557 -0.0
0.0 0.40827149111823885 -0.0
0.0 0.41637685633376414 -0.0
0.0 0.4212478310495943 -0.0
0.0 0.4237274169997591 -0.0
0.0 0.4243376490368594 -0.0
0.0 0.42342992806901875 -0.0
0.0 0.42132278349805796 -0.0
0.0 0.4181995899423716 -0.0
0.0 0.41420432013155734 -0.0
0.0 0.4094827122361057 -0.0
0.0 0.4041655028212201 -0.0
0.0 0.3982707176509065 -0.0
0.0 0.39224992163249456 -0.0
0.0 0.3857559256254271 -0.0
0.0 0.3789389438456327 -0.0
0.0 0.3719611280186003 -0.0
0.0 0.36487223777625744 -0.0
0.0 0.35759255829136344 -0.0
0.0 0.35033998108763115 -0.0
0.0 0.34299180549483177 -0.0
0.0 0.3355761255150067 -0.0
0.0 0.32809004235824735 -0.0
0.0 0.3205104191913637 -0.0
0.0 0.3127939697651282 -0.0
0.0 0.3048810057484655 -0.0
0.0 0.2967940216783101 -0.0
0.0 0.28830925684271724 -0.0
0.0 0.2795169011327268 -0.0
0.0 0.2702468764956892 -0.0
0.0 0.2604238426648269 -0.0
0.0 0.24997710791860042 -0.0
0.0 0.23884967433231627 -0.0
0.0 0.22699678785183405 -0.0
0.0 0.2144465311206476 -0.0
0.0 0.20118854842682363 -0.0
0.0 0.18725843891019098 -0.0
0.0 0.17270662003978388 -0.0
0.0 0.15760102433883905 -0.0
0.0 0.14198225019743585 -0.0
0.0 0.12589654057479974 -0.0
0.0 0.10934289945276028 -0.0
0.0 0.0921954074370469 -0.0
0.0 0.07396047203510653 -0.0
0.0 0.052443251193450724 -0.0

VECTORS Vvpm_ApA float
-0.15034842912556953 0.22352327308467124 0.49085467176732145
-0.140758885583907 0.2248347548059159 0.46843263261430185
-0.12980491256426524 0.22596537340626793 0.442618427137703
-0.11768608158581255 0.22675504915410905 0.4137863042153283
-0.10462521603358858 0.2270554055814414 0.38236001485871085
-0.09086049636922804 0.22673996583666234 0.3487997621759953
-0.07663599775532813 0.2257116107433234 0.31358627383484583
-0.061345351119855104 0.2254326119589943 0.2742787265974892
-0.04691001906568964 0.22254303500516176 0.23741946563865016
-0.032708014400192 0.21902544881746822 0.2003085856557231
-0.01887090467777116 0.2147600618061049 0.16330686460218025
-0.005550489731740396 0.2097944674389317 0.12679558533506943
0.007131215935899369 0.2041912839314939 0.09111466542896618
0.019082659393296314 0.1980247765498486 0.05655729748458185
0.030260505720921975 0.1913869220221649 0.023279542388590674
0.040541581904991096 0.18430164991219905 -0.008174156815749428
0.049983850884032316 0.17691120256490933 -0.03795974772040553
0.05857071829309754 0.16928313197004635 -0.06588528267398087
0.06631354968284027 0.16149470203942556 -0.09183055910931374
0.07332028206953603 0.1536275713061122 -0.11603304932307452
0.07926610782885377 0.14555588244627687 -0.1372365530730341
0.08451843551124139 0.13754447402175018 -0.15663356442026727
0.08908375668708288 0.12961106471529588 -0.17410536726155207
0.0929893710475661 0.12178207460856397 -0.18962428259697
0.09628991463947341 0.11409988292914464 -0.20328419480553445
0.0990753421758354 0.10663152279468781 -0.21533734029225765
0.1012744454565663 0.09930777072273977 -0.22484175375715112
0.10307747286004261 0.09208223757036679 -0.23395302585693722
0.10437179222164888 0.08501117702892089 -0.24042609736604142
0.10534435548961191 0.07817753774473243 -0.24576190013893248
0.10597594160528913 0.07151752167325048 -0.24958892569396424
0.10624029762848441 0.06494748958162237 -0.2515904857109323
0.10634403938408389 0.058527354018728654 -0.25246845870465806
0.10573778180120658 0.052288326756133936 -0.2516750948494128
0.10511014849976558 0.04593566129880903 -0.24912457477441044
0.1041683240414122 0.039539618553494624 -0.24538640700502984
0.10283935359754118 0.03307289417975967 -0.24026279740637002
0.10103913928261851 0.02652418337938295 -0.23359733921116715
0.09893170732924164 0.01997087761737181 -0.22581087398524893
0.09596111583804365 0.013333223892834544 -0.21633719665179799
0.09214920821501231 0.006743835803738533 -0.2045710055944349
0.0873311391921231 0.0003294025983090615 -0.1902094645469952
0.08137958926631739 -0.005585166931581353 -0.17347699837223274
0.07414480302978564 -0.010868299704212318 -0.15341975797114576
0.06560453741803897 -0.014795256118416152 -0.13067107561464908
0.0562362961947417 -0.016542783750639518 -0.1068679838248356
0.04736632266436468 -0.015452826642919788 -0.08574573640422523
0.040703767571721505 -0.011434893154479164 -0.07138978128247946
0.03784334140031315 -0.006208728989642309 -0.06697883545649984
0.03804470964471453 -0.0021599989086080688 -0.07008976664513085
0.03922294036027642 -0.00011668023883778015 -0.07503357006400027
0.03800091492859403 0.001793470897156198 -0.06969110014023971
0.03780661626327349 0.005853125368756881 -0.066657674433556
0.040659287441139454 0.011089534104556067 -0.07104712849355989
0.04729902224762743 0.015120890244404916 -0.0853240707156959
0.0562265405306757 0.016253143264454588 -0.10668413850633328
0.06561143656069751 0.01445938006250822 -0.13059461120536214
0.07411945009705409 0.010528199449887922 -0.15325323702436078
0.08128286040014951 0.005278386439943942 -0.17305880154963948
0.08732063970716505 -0.0006761338825025873 -0.19021993800121167
0.09212657532527103 -0.007076833358880936 -0.2045561274448439
0.09593064130409651 -0.013654724997754471 -0.21630980259543414
0.09890015832495028 -0.020287128553971377 -0.22579283520467763
0.10096898789066733 -0.02677369761595284 -0.23347727830964599
0.10279780270000761 -0.03331242161774117 -0.24019257447140704
0.10413878579313066 -0.03977073514776669 -0.245308764952331
0.10507990517381441 -0.04616209711198466 -0.24899850659870326
0.10569653700454013 -0.05251517706626444 -0.25147488222130254
0.1062413344644828 -0.05878497114000234 -0.2522776333869066
0.10614705938759138 -0.06520758193023461 -0.2514460155110961
0.10589994682996531 -0.07177661763872265 -0.2494714956430119
0.1052808676652863 -0.07843707305628114 -0.24566751720733673
0.10431206205806645 -0.08526777598436264 -0.24033037384990927
0.10300911590008409 -0.09232836279877318 -0.23381424838143022
0.1012198281861687 -0.09955715846828819 -0.22475661028378396
0.09901619089506147 -0.10688860174972424 -0.2152701268245683
0.09619529536356289 -0.11433717661155728 -0.20308725717159912
0.0928666262249709 -0.12200273671649722 -0.18932468140423378
0.08894036653571404 -0.12981930536808511 -0.17373776456746035
0.08436112932642084 -0.13774449470371322 -0.1562346696079792
0.0791003638523248 -0.14575119663819733 -0.1368413360532613
0.07315010208022645 -0.15382063560932807 -0.11567230744260469
0.06621358002036842 -0.16169178701682232 -0.09152027428269884
0.05847436521584619 -0.16948274588779588 -0.06560725470806851
0.049888132351690526 -0.17711037602308285 -0.037698196498124587
0.04044342005574339 -0.18449736084549878 -0.007913631673676591
0.03015684154808069 -0.19157619633467532 0.023553855630486037
0.018970899714928297 -0.1982029135959895 0.05687682961809612
0.007010319439203924 -0.20435949620356736 0.09145857616289935
-0.005684756030574459 -0.20994893990623112 0.12718699502425937
-0.019022175061538013 -0.2148975051040904 0.16376556429725725
-0.03287927731303318 -0.21914314918558922 0.200850918743873
-0.04710359016313098 -0.22263888788414335 0.23805827690270895
-0.061516774351171574 -0.22545911791217374 0.27479524205463335
-0.07655498226218432 -0.22600760991618046 0.31330146923217583
-0.090799013397697 -0.22703754480949345 0.3485608196997765
-0.1045815097619516 -0.22735392364656554 0.3821628437179071
-0.11765833005138679 -0.22705403155875653 0.4136266529650347
-0.12979125197763358 -0.22626448452985015 0.44249193954874155
-0.14075742847326464 -0.2251337740636937 0.4683348892905538
-0.15034842912556953 0.22352327308467124 0.49085467176732145
-0.140758885583907 0.2248347548059159 0.46843263261430185
-0.12980491256426524 0.22596537340626793 0.442618427137703
-0.11768608158581255 0.22675504915410905 0.4137863042153283
-0.10462521603358858 0.2270554055814414 0.38236001485871085
-0.09086049636922804 0.22673996583666234 0.3487997621759953
-0.07663599775532813 0.2257116107433234 0.31358627383484583
-0.061345351119855104 0.2254326119589943 0.2742787265974892
-0.04691001906568964 0.22254303500516176 0.23741946563865016
-0.032708014400192 0.21902544881746822 0.2003085856557231
-0.01887090467777116 0.2147600618061049 0.16330686460218025
-0.005550489731740396 0.2097944674389317 0.12679558533506943
0.007131215935899369 0.2041912839314939 0.09111466542896618
0.019082659393296314 0.1980247765498486 0.05655729748458185
0.030260505720921975 0.1913869220221649 0.023279542388590674
0.040541581904991096 0.18430164991219905 -0.008174156815749428
0.049983850884032316 0.17691120256490933 -0.03795974772040553
0.05857071829309754 0.16928313197004635 -0.06588528267398087
0.06631354968284027 0.16149470203942556 -0.09183055910931374
0.07332028206953603 0.1536275713061122 -0.11603304932307452
0.07926610782885377 0.14555588244627687 -0.1372365530730341
0.08451843551124139 0.13754447402175018 -0.15663356442026727
0.08908375668708288 0.12961106471529588 -0.17410536726155207
0.0929893710475661 0.12178207460856397 -0.18962428259697
0.09628991463947341 0.11409988292914464 -0.20328419480553445
0.0990753421758354 0.10663152279468781 -0.21533734029225765
0.1012744454565663 0.09930777072273977 -0.22484175375715112
0.10307747286004261 0.09208223757036679 -0.23395302585693722
0.10437179222164888 0.08501117702892089 -0.24042609736604142
0.10534435548961191 0.07817753774473243 -0.24576190013893248
0.10597594160528913 0.07151752167325048 -0.24958892569396424
0.10624029762848441 0.06494748958162237 -0.2515904857109323
0.10634403938408389 0.058527354018728654 -0.25246845870465806
0.10573778180120658 0.052288326756133936 -0.2516750948494128
0.10511014849976558 0.04593566129880903 -0.24912457477441044
0.1041683240414122 0.039539618553494624 -0.24538640700502984
0.10283935359754118 0.03307289417975967 -0.24026279740637002
0.10103913928261851 0.02652418337938295 -0.23359733921116715
0.09893170732924164 0.01997087761737181 -0.22581087398524893
0.09596111583804365 0.013333223892834544 -0.21633719665179799
0.09214920821501231 0.006743835803738533 -0.2045710055944349
0.0873311391921231 0.0003294025983090615 -0.1902094645469952
0.08137958926631739 -0.005585166931581353 -0.17347699837223274
0.07414480302978564 -0.010868299704212318 -0.15341975797114576
0.06560453741803897 -0.014795256118416152 -0.13067107561464908
0.0562362961947417 -0.016542783750639518 -0.1068679838248356
0.04736632266436468 -0.015452826642919788 -0.08574573640422523
0.040703767571721505 -0.011434893154479164 -0.07138978128247946
0.03784334140031315 -0.006208728989642309 -0.06697883545649984
0.03804470964471453 -0.0021599989086080688 -0.07008976664513085
0.03922294036027642 -0.00011668023883778015 -0.07503357006400027
0.03800091492859403 0.001793470897156198 -0.06969110014023971
0.03780661626327349 0.005853125368756881 -0.066657674433556
0.040659287441139454 0.011089534104556067 -0.07104712849355989
0.04729902224762743 0.015120890244404916 -0.0853240707156959
0.0562265405306757 0.016253143264454588 -0.10668413850633328
0.06561143656069751 0.01445938006250822 -0.13059461120536214
0.07411945009705409 0.010528199449887922 -0.15325323702436078
0.08128286040014951 0.005278386439943942 -0.17305880154963948
0.08732063970716505 -0.0006761338825025873 -0.19021993800121167
0.09212657532527103 -0.007076833358880936 -0.2045561274448439
0.09593064130409651 -0.013654724997754471 -0.21630980259543414
0.09890015832495028 -0.020287128553971377 -0.22579283520467763
0.10096898789066733 -0.02677369761595284 -0.23347727830964599
0.10279780270000761 -0.03331242161774117 -0.24019257447140704
0.10413878579313066 -0.03977073514776669 -0.245308764952331
0.10507990517381441 -0.04616209711198466 -0.24899850659870326
0.10569653700454013 -0.05251517706626444 -0.25147488222130254
0.1062413344644828 -0.05878497114000234 -0.2522776333869066
0.10614705938759138 -0.06520758193023461 -0.2514460155110961
0.10589994682996531 -0.07177661763872265 -0.2494714956430119
0.1052808676652863 -0.07843707305628114 -0.24566751720733673
0.10431206205806645 -0.08526777598436264 -0.24033037384990927
0.10300911590008409 -0.09232836279877318 -0.23381424838143022
0.1012198281861687 -0.09955715846828819 -0.22475661028378396
0.09901619089506147 -0.10688860174972424 -0.2152701268245683
0.09619529536356289 -0.11433717661155728 -0.20308725717159912
0.0928666262249709 -0.12200273671649722 -0.18932468140423378
0.08894036653571404 -0.12981930536808511 -0.17373776456746035
0.08436112932642084 -0.13774449470371322 -0.1562346696079792
0.0791003638523248 -0.14575119663819733 -0.1368413360532613
0.07315010208022645 -0.15382063560932807 -0.11567230744260469
0.06621358002036842 -0.16169178701682232 -0.09152027428269884
0.05847436521584619 -0.16948274588779588 -0.06560725470806851
0.049888132351690526 -0.17711037602308285 -0.037698196498124587
0.04044342005574339 -0.18449736084549878 -0.007913631673676591
0.03015684154808069 -0.19157619633467532 0.023553855630486037
0.018970899714928297 -0.1982029135959895 0.05687682961809612
0.007010319439203924 -0.20435949620356736 0.09145857616289935
-0.005684756030574459 -0.20994893990623112 0.12718699502425937
-0.019022175061538013 -0.2148975051040904 0.16376556429725725
-0.03287927731303318 -0.21914314918558922 0.200850918743873
-0.04710359016313098 -0.22263888788414335 0.23805827690270895
-0.061516774351171574 -0.22545911791217374 0.27479524205463335
-0.07655498226218432 -0.22600760991618046 0.31330146923217583
-0.090799013397697 -0.22703754480949345 0.3485608196997765
-0.1045815097619516 -0.22735392364656554 0.3821628437179071
-0.11765833005138679 -0.22705403155875653 0.4136266529650347
-0.12979125197763358 -0.22626448452985015 0.44249193954874155
-0.14075742847326464 -0.2251337740636937 0.4683348892905538

VECTORS Vkin float
-0.0 -0.0 -0.0
-0.0 -0.0 -0.0
-0.0 -0.0 -0.0
-0.0 -0.0 -0.0
-0.0 -0.0 -0.0
-0.0 -0.0 -0.0
-0.0 -0.0 -0.0
-0.0 -0.0 -0.0
-0.0 -0.0 -0.0
-0.0 -0.0 -0.0
-0.0 -0.0 -0.0
-0.0 -0.0 -0.0
-0.0 -0.0 -0.0
-0.0 -0.0 -0.0
-0.0 -0.0 -0.0
-0.0 -0.0 -0.0
-0.0 -0.0 -0.0
-0.0 -0.0 -0.0
-0.0 -0.0 -0.0
-0.0 -0.0 -0.0
-0.0 -0.0 -0.0
-0.0 -0.0 -0.0
-0.0 -0.0 -0.0
-0.0 -0.0 -0.0
-0.0 -0.0 -0.0
-0.0 -0.0 -0.0
-0.0 -0.0 -0.0
-0.0 -0.0 -0.0
-0.0 -0.0 -0.0
-0.0 -0.0 -0.0
-0.0 -0.0 -0.0
-0.0 -0.0 -0.0
-0.0 -0.0 -0.0
-0.0 -0.0 -0.0
-0.0 -0.0 -0.0
-0.0 -0.0 -0.0
-0.0 -0.0 -0.0
-0.0 -0.0 -0.0
-0.0 -0.0 -0.0
-0.0 -0.0 -0.0
-0.0 -0.0 -0.0
-0.0 -0.0 -0.0
-0.0 -0.0 -0.0
-0.0 -0.0 -0.0
-0.0 -0.0 -0.0
-0.0 -0.0 -0.0
-0.0 -0.0 -0.0
-0.0 -0.0 -0.0
-0.0 -0.0 -0.0
-0.0 -0.0 -0.0
-0.0 -0.0 -0.0
-0.0 -0.0 -0.0
-0.0 -0.0 -0.0
-0.0 -0.0 -0.0
-0.0 -0.0 -0.0
-0.0 -0.0 -0.0
-0.0 -0.0 -0.0
-0.0 -0.0 -0.0
-0.0 -0.0 -0.0
-0.0 -0.0 -0.0
-0.0 -0.0 -0.0
-0.0 -0.0 -0.0
-0.0 -0.0 -0.0
-0.0 -0.0 -0.0
-0.0 -0.0 -0.0
-0.0 -0.0 -0.0
-0.0 -0.0 -0.0
-0.0 -0.0 -0.0
-0.0 -0.0 -0.0
-0.0 -0.0 -0.0
-0.0 -0.0 -0.0
-0.0 -0.0 -0.0
-0.0 -0.0 -0.0
-0.0 -0.0 -0.0
-0.0 -0.0 -0.0
-0.0 -0.0 -0.0
-0.0 -0.0 -0.0
-0.0 -0.0 -0.0
-0.0 -0.0 -0.0
-0.0 -0.0 -0.0
-0.0 -0.0 -0.0
-0.0 -0.0 -0.0
-0.0 -0.0 -0.0
-0.0 -0.0 -0.0
-0.0 -0.0 -0.0
-0.0 -0.0 -0.0
-0.0 -0.0 -0.0
-0.0 -0.0 -0.0
-0.0 -0.0 -0.0
-0.0 -0.0 -0.0
-0.0 -0.0 -0.0
-0.0 -0.0 -0.0
-0.0 -0.0 -0.0
-0.0 -0.0 -0.0
-0.0 -0.0 -0.0
-0.0 -0.0 -0.0
-0.0 -0.0 -0.0
-0.0 -0.0 -0.0
-0.0 -0.0 -0.0
-0.0 -0.0 -0.0
-0.0 -0.0 -0.0
-0.0 -0.0 -0.0
-0.0 -0.0 -0.0
-0.0 -0.0 -0.0
-0.0 -0.0 -0.0
-0.0 -0.0 -0.0
-0.0 -0.0 -0.0
-0.0 -0.0 -0.0
-0.0 -0.0 -0.0
-0.0 -0.0 -0.0
-0.0 -0.0 -0.0
-0.0 -0.0 -0.0
-0.0 -0.0 -0.0
-0.0 -0.0 -0.0
-0.0 -0.0 -0.0
-0.0 -0.0 -0.0
-0.0 -0.0 -0.0
-0.0 -0.0 -0.0
-0.0 -0.0 -0.0
-0.0 -0.0 -0.0
-0.0 -0.0 -0.0
-0.0 -0.0 -0.0
-0.0 -0.0 -0.0
-0.0 -0.0 -0.0
-0.0 -0.0 -0.0
-0.0 -0.0 -0.0
-0.0 -0.0 -0.0
-0.0 -0.0 -0.0
-0.0 -0.0 -0.0
-0.0 -0.0 -0.0
-0.0 -0.0 -0.0
-0.0 -0.0 -0.0
-0.0 -0.0 -0.0
-0.0 -0.0 -0.0
-0.0 -0.0 -0.0
-0.0 -0.0 -0.0
-0.0 -0.0 -0.0
-0.0 -0.0 -0.0
-0.0 -0.0 -0.0
-0.0 -0.0 -0.0
-0.0 -0.0 -0.0
-0.0 -0.0 -0.0
-0.0 -0.0 -0.0
-0.0 -0.0 -0.0
-0.0 -0.0 -0.0
-0.0 -0.0 -0.0
-0.0 -0.0 -0.0
-0.0 -0.0 -0.0
-0.0 -0.0 -0.0
-0.0 -0.0 -0.0
-0.0 -0.0 -0.0
-0.0 -0.0 -0.0
-0.0 -0.0 -0.0
-0.0 -0.0 -0.0
-0.0 -0.0 -0.0
-0.0 -0.0 -0.0
-0.0 -0.0 -0.0
-0.0 -0.0 -0.0
-0.0 -0.0 -0.0
-0.0 -0.0 -0.0
-0.0 -0.0 -0.0
-0.0 -0.0 -0.0
-0.0 -0.0 -0.0
-0.0 -0.0 -0.0
-0.0 -0.0 -0.0
-0.0 -0.0 -0.0
-0.0 -0.0 -0.0
-0.0 -0.0 -0.0
-0.0 -0.0 -0.0
-0.0 -0.0 -0.0
-0.0 -0.0 -0.0
-0.0 -0.0 -0.0
-0.0 -0.0 -0.0
-0.0 -0.0 -0.0
-0.0 -0.0 -0.0
-0.0 -0.0 -0.0
-0.0 -0.0 -0.0
-0.0 -0.0 -0.0
-0.0 -0.0 -0.0
-0.0 -0.0 -0.0
-0.0 -0.0 -0.0
-0.0 -0.0 -0.0
-0.0 -0.0 -0.0
-0.0 -0.0 -0.0
-0.0 -0.0 -0.0
-0.0 -0.0 -0.0
-0.0 -0.0 -0.0
-0.0 -0.0 -0.0
-0.0 -0.0 -0.0
-0.0 -0.0 -0.0
-0.0 -0.0 -0.0
-0.0 -0.0 -0.0
-0.0 -0.0 -0.0
-0.0 -0.0 -0.0
-0.0 -0.0 -0.0
-0.0 -0.0 -0.0
-0.0 -0.0 -0.0
-0.0 -0.0 -0.0
-0.0 -0.0 -0.0
-0.0 -0.0 -0.0

VECTORS Funs-vector float
0.0 0.0 -4.357000897836325e-5
0.0 0.0 -7.925185120036841e-5
0.0 0.0 -0.00011756437511094473
0.0 0.0 -0.00015958394509543928
0.0 0.0 -0.00020537652275240382
0.0 0.0 -0.00025476533566012004
0.0 0.0 -0.0003076342996268294
0.0 0.0 -0.000364516724982693
0.0 0.0 -0.00042739107591209643
0.0 0.0 -0.0004894568652504808
0.0 0.0 -0.0005479288876173557
0.0 0.0 -0.0006007946925521199
0.0 0.0 -0.0006396533314361632
0.0 0.0 -0.0007056274056550698
0.0 0.0 -0.0007714886635865348
0.0 0.0 -0.0008364229390876558
0.0 0.0 -0.0009017284043245536
0.0 0.0 -0.000968204000035493
0.0 0.0 -0.001023643950788216
0.0 0.0 -0.0010853249965147207
0.0 0.0 -0.0011574174952654274
0.0 0.0 -0.001246726970139525
0.0 0.0 -0.0013312208201506006
0.0 0.0 -0.0014091795327472543
0.0 0.0 -0.0014874794374805606
0.0 0.0 -0.0015649797136834194
0.0 0.0 -0.0016461180019534869
0.0 0.0 -0.0016810002684512233
0.0 0.0 -0.0017040332715696205
0.0 0.0 -0.001723818335812707
0.0 0.0 -0.0017832870680788019
0.0 0.0 -0.0018620051805857297
0.0 0.0 -0.001915803572172513
0.0 0.0 -0.0019228687584110127
0.0 0.0 -0.0019585129731884707
0.0 0.0 -0.001979859698683264
0.0 0.0 -0.002002558051838914
0.0 0.0 -0.0020239590054572337
0.0 0.0 -0.0020218680705386266
0.0 0.0 -0.002033292888521073
0.0 0.0 -0.002070279399583418
0.0 0.0 -0.002096708803804976
0.0 0.0 -0.002050658124774914
0.0 0.0 -0.002087077718766113
0.0 0.0 -0.0021643368926774187
0.0 0.0 -0.0022287810530446373
0.0 0.0 -0.002235534792182877
0.0 0.0 -0.002131107190614223
0.0 0.0 -0.002155752417076342
0.0 0.0 -0.0021611097689014144
0.0 0.0 -0.0021200224678367503
0.0 0.0 -0.0021218275106977664
0.0 0.0 -0.002114752843752615
0.0 0.0 -0.0021194081505932776
0.0 0.0 -0.002159169892219001
0.0 0.0 -0.0020956074964998137
0.0 0.0 -0.0020412197422674753
0.0 0.0 -0.0020589030826990546
0.0 0.0 -0.002061221920848271
0.0 0.0 -0.002043915880816484
0.0 0.0 -0.0020285634670273727
0.0 0.0 -0.0020059357363864457
0.0 0.0 -0.0020046381022010363
0.0 0.0 -0.0019942536272511756
0.0 0.0 -0.0019776856129521754
0.0 0.0 -0.00196898876038137
0.0 0.0 -0.0019467352558907177
0.0 0.0 -0.0019445555451832741
0.0 0.0 -0.0018640200264004659
0.0 0.0 -0.0017866453711564648
0.0 0.0 -0.0017343626970442718
0.0 0.0 -0.0017289072062036282
0.0 0.0 -0.0016647692188077963
0.0 0.0 -0.0016224749669846395
0.0 0.0 -0.0015514877369459373
0.0 0.0 -0.0014776196212167884
0.0 0.0 -0.0014006721370440954
0.0 0.0 -0.0013252749550285295
0.0 0.0 -0.0012406357250475072
0.0 0.0 -0.0011513622175700362
0.0 0.0 -0.0010716164230147591
0.0 0.0 -0.0010184758863806022
0.0 0.0 -0.000956804386722479
0.0 0.0 -0.0008869501275459512
0.0 0.0 -0.000821426570321347
0.0 0.0 -0.0007590133504899711
0.0 0.0 -0.0006976024203079877
0.0 0.0 -0.0006357778589674094
0.0 0.0 -0.0005886507490267444
0.0 0.0 -0.0005365783952405909
0.0 0.0 -0.0004813181818027325
0.0 0.0 -0.0004234104669616959
0.0 0.0 -0.00036433113133871043
0.0 0.0 -0.00030948305990756214
0.0 0.0 -0.00025784528497229493
0.0 0.0 -0.0002089936783443032
0.0 0.0 -0.00016318594793907456
0.0 0.0 -0.00012073488619229179
0.0 0.0 -8.169353080811563e-5
0.0 0.0 -4.505573987488754e-5
0.0 0.0 -4.357000897836325e-5
0.0 0.0 -7.925185120036841e-5
0.0 0.0 -0.00011756437511094473
0.0 0.0 -0.00015958394509543928
0.0 0.0 -0.00020537652275240382
0.0 0.0 -0.00025476533566012004
0.0 0.0 -0.0003076342996268294
0.0 0.0 -0.000364516724982693
0.0 0.0 -0.00042739107591209643
0.0 0.0 -0.0004894568652504808
0.0 0.0 -0.0005479288876173557
0.0 0.0 -0.0006007946925521199
0.0 0.0 -0.0006396533314361632
0.0 0.0 -0.0007056274056550698
0.0 0.0 -0.0007714886635865348
0.0 0.0 -0.0008364229390876558
0.0 0.0 -0.0009017284043245536
0.0 0.0 -0.000968204000035493
0.0 0.0 -0.001023643950788216
0.0 0.0 -0.0010853249965147207
0.0 0.0 -0.0011574174952654274
0.0 0.0 -0.001246726970139525
0.0 0.0 -0.0013312208201506006
0.0 0.0 -0.0014091795327472543
0.0 0.0 -0.0014874794374805606
0.0 0.0 -0.0015649797136834194
0.0 0.0 -0.0016461180019534869
0.0 0.0 -0.0016810002684512233
0.0 0.0 -0.0017040332715696205
0.0 0.0 -0.001723818335812707
0.0 0.0 -0.0017832870680788019
0.0 0.0 -0.0018620051805857297
0.0 0.0 -0.001915803572172513
0.0 0.0 -0.0019228687584110127
0.0 0.0 -0.0019585129731884707
0.0 0.0 -0.001979859698683264
0.0 0.0 -0.002002558051838914
0.0 0.0 -0.0020239590054572337
0.0 0.0 -0.0020218680705386266
0.0 0.0 -0.002033292888521073
0.0 0.0 -0.002070279399583418
0.0 0.0 -0.002096708803804976
0.0 0.0 -0.002050658124774914
0.0 0.0 -0.002087077718766113
0.0 0.0 -0.0021643368926774187
0.0 0.0 -0.0022287810530446373
0.0 0.0 -0.002235534792182877
0.0 0.0 -0.002131107190614223
0.0 0.0 -0.002155752417076342
0.0 0.0 -0.0021611097689014144
0.0 0.0 -0.0021200224678367503
0.0 0.0 -0.0021218275106977664
0.0 0.0 -0.002114752843752615
0.0 0.0 -0.0021194081505932776
0.0 0.0 -0.002159169892219001
0.0 0.0 -0.0020956074964998137
0.0 0.0 -0.0020412197422674753
0.0 0.0 -0.0020589030826990546
0.0 0.0 -0.002061221920848271
0.0 0.0 -0.002043915880816484
0.0 0.0 -0.0020285634670273727
0.0 0.0 -0.0020059357363864457
0.0 0.0 -0.0020046381022010363
0.0 0.0 -0.0019942536272511756
0.0 0.0 -0.0019776856129521754
0.0 0.0 -0.00196898876038137
0.0 0.0 -0.0019467352558907177
0.0 0.0 -0.0019445555451832741
0.0 0.0 -0.0018640200264004659
0.0 0.0 -0.0017866453711564648
0.0 0.0 -0.0017343626970442718
0.0 0.0 -0.0017289072062036282
0.0 0.0 -0.0016647692188077963
0.0 0.0 -0.0016224749669846395
0.0 0.0 -0.0015514877369459373
0.0 0.0 -0.0014776196212167884
0.0 0.0 -0.0014006721370440954
0.0 0.0 -0.0013252749550285295
0.0 0.0 -0.0012406357250475072
0.0 0.0 -0.0011513622175700362
0.0 0.0 -0.0010716164230147591
0.0 0.0 -0.0010184758863806022
0.0 0.0 -0.000956804386722479
0.0 0.0 -0.0008869501275459512
0.0 0.0 -0.000821426570321347
0.0 0.0 -0.0007590133504899711
0.0 0.0 -0.0006976024203079877
0.0 0.0 -0.0006357778589674094
0.0 0.0 -0.0005886507490267444
0.0 0.0 -0.0005365783952405909
0.0 0.0 -0.0004813181818027325
0.0 0.0 -0.0004234104669616959
0.0 0.0 -0.00036433113133871043
0.0 0.0 -0.00030948305990756214
0.0 0.0 -0.00025784528497229493
0.0 0.0 -0.0002089936783443032
0.0 0.0 -0.00016318594793907456
0.0 0.0 -0.00012073488619229179
0.0 0.0 -8.169353080811563e-5
0.0 0.0 -4.505573987488754e-5

VECTORS Ftot float
-0.029428297019213644 -0.05244097025854947 0.02996803508202717
-0.0468102082773265 -0.0739568030422862 0.047435053243581035
-0.06094274256025838 -0.09219043315971945 0.06605534878486728
-0.07403237272677649 -0.10933666352583475 0.08636770159629514
-0.08657634224327398 -0.12588912975868732 0.10849169572835811
-0.09869999708363641 -0.141972766401972 0.132433366596896
-0.11041076659424637 -0.15758968816662797 0.15814764427505146
-0.12166932532587013 -0.17269373393822043 0.18556228505140132
-0.13241568895840583 -0.18724301767880333 0.21459477724581108
-0.14259223913397873 -0.2011700094350967 0.24513509253554053
-0.15214628039884878 -0.214423957619217 0.27706353093758496
-0.16103873633734553 -0.22696870195135474 0.3102475996196998
-0.16928551798159885 -0.238823938886056 0.3445422787172352
-0.17684431240683335 -0.24995185069135997 0.37980373875506357
-0.18375669026687844 -0.2603989880657183 0.41587332956084644
-0.19007553036109967 -0.27022339389346517 0.4525920960048058
-0.1958672560852562 -0.27949645037911647 0.48980380745995067
-0.20120380840690222 -0.2882943589427943 0.5273583041684038
-0.20618698350750875 -0.29676944225519425 0.565122180440511
-0.2108460300722888 -0.3048521653504745 0.6029466888310422
-0.21528941657803186 -0.3127706835634235 0.6407321044523747
-0.21953157560813036 -0.3204893474736141 0.6783629123655561
-0.2236259362897426 -0.3280710257603877 0.715742332126286
-0.22760793097315377 -0.33555922375722924 0.752785221351902
-0.23149436869468717 -0.34297626925286734 0.7894164139445147
-0.23529003652931957 -0.3503293332794229 0.825574522096855
-0.23895986526960683 -0.3575772357977505 0.8611911255282632
-0.24257639413866544 -0.3648486936457547 0.8962426951966557
-0.2459788049192302 -0.37194074831131846 0.9306699661003405
-0.24922842553940355 -0.3789260959229391 0.9644199596222498
-0.252259177404759 -0.38575063206293897 0.9974652528841902
-0.25494327446249315 -0.39223323861405024 1.0297675351678877
-0.25719367716511043 -0.3983028942973115 1.0612744032412866
-0.2590545620735476 -0.40418363658403256 1.0919942566643597
-0.26028482189317415 -0.4094917125069275 1.1218291849431832
-0.26085139968488047 -0.41420585580219516 1.1507084431293657
-0.2606123873586566 -0.418194839312713 1.1785733592807923
-0.25941855111897916 -0.42131759502503224 1.2053509650501602
-0.2571135605355493 -0.4234212398062287 1.2309510184000079
-0.2535120385976946 -0.4243158184395231 1.2552690406837952
-0.24831692332475952 -0.4236870080981457 1.278191463149968
-0.24118696661407485 -0.42122002187675595 1.2996237661914136
-0.2316378135365582 -0.4163313223669177 1.3193072802491899
-0.21891673918918936 -0.40822921834879794 1.337080312181654
-0.20188492761463098 -0.3957172579744542 1.3526040528334953
-0.17839214048929708 -0.37659067053913076 1.365499789427605
-0.14380423067269021 -0.34619958129202 1.3753674671067402
-0.0847929480356786 -0.29124360098638086 1.3820606846534875
0.053386268005804684 -0.15702815158093938 1.3863081132651471
0.8020093977238364 0.5876773094851717 1.3912215545508133
0.8019594873173392 -0.5874718222111487 1.3914106504153614
0.05336205381406042 0.15715228845031337 1.3864609262303473
-0.08480156070677733 0.2913175521177837 1.382194168851406
-0.1438104531788354 0.3462505518658537 1.375489263073251
-0.17840239442148603 0.3766339695908046 1.3656132056498353
-0.2019050116523602 0.3957641470583557 1.3527093770730771
-0.218935060177038 0.40827149111823885 1.3371812346273426
-0.23165990610209766 0.41637685633376414 1.3194031345135162
-0.24120719023752202 0.4212478310495943 1.2997129607925026
-0.2483402517280005 0.4237274169997591 1.2782799429458542
-0.25352709787648325 0.4243376490368594 1.2553519068895707
-0.2571217569746698 0.42342992806901875 1.231029724717379
-0.25942689255669105 0.42132278349805796 1.205425087086243
-0.2606225535321861 0.4181995899423716 1.1786429615785947
-0.26085730402616697 0.41420432013155734 1.1507755963722996
-0.26028609979829925 0.4094827122361057 1.1218951892980027
-0.2590513189534428 0.4041655028212201 1.092059797787592
-0.25718363587358883 0.3982707176509065 1.061340041213832
-0.25495943805912513 0.39224992163249456 1.0298269536176121
-0.2522718431640375 0.3857559256254271 0.9975157107840382
-0.24924534483451793 0.3789389438456327 0.9644672332629616
-0.24600010406997816 0.3719611280186003 0.9307137405284132
-0.24259865524766744 0.36487223777625744 0.8962836657711097
-0.23897320333399263 0.35759255829136344 0.8612318140474123
-0.23529607270585445 0.35033998108763115 0.8256157733322614
-0.23150293195234173 0.34299180549483177 0.7894567708008223
-0.22761750415644746 0.3355761255150067 0.7528248653853474
-0.22363719961822945 0.32809004235824735 0.7157804879509067
-0.2195443160925179 0.3205104191913637 0.678399098004038
-0.21530350302714651 0.3127939697651282 0.6407660059527848
-0.2108643658012245 0.3048810057484655 0.6029776596098584
-0.20620249970783427 0.2967940216783101 0.5651518307819574
-0.20121661344380337 0.28830925684271724 0.527387008345403
-0.19588204310296808 0.2795169011327268 0.4898299258220894
-0.19009103951961587 0.2702468764956892 0.45261579007331076
-0.18377216500685126 0.2604238426648269 0.4158946844954867
-0.17685941942618538 0.24997710791860042 0.3798227487461837
-0.16930077323480167 0.23884967433231627 0.34455875755703086
-0.16105631230081535 0.22699678785183405 0.3102611195045334
-0.15215851678520287 0.2144465311206476 0.27707530000164765
-0.14260075048908563 0.20118854842682363 0.2451455343716396
-0.1324214859814276 0.18725843891019098 0.2146041181007956
-0.12167305833656286 0.17270662003978388 0.18557067308726505
-0.11041271350459625 0.15760102433883905 0.1581563100613989
-0.09870051105707102 0.14198225019743585 0.1324413990467449
-0.08657593469787866 0.12589654057479974 0.10849931996962793
-0.07403086252171326 0.10934289945276028 0.08637474409207889
-0.06094035202802564 0.0921954074370469 0.06606175263103004
-0.046807126707683666 0.07396047203510653 0.04744075435903568
-0.029423604027680763 0.052443251193450724 0.02997345147569869
-0.029428297019213644 -0.05244097025854947 0.02996803508202717
-0.0468102082773265 -0.0739568030422862 0.047435053243581035
-0.06094274256025838 -0.09219043315971945 0.06605534878486728
-0.07403237272677649 -0.10933666352583475 0.08636770159629514
-0.08657634224327398 -0.12588912975868732 0.10849169572835811
-0.09869999708363641 -0.141972766401972 0.132433366596896
-0.11041076659424637 -0.15758968816662797 0.15814764427505146
-0.12166932532587013 -0.17269373393822043 0.18556228505140132
-0.13241568895840583 -0.18724301767880333 0.21459477724581108
-0.14259223913397873 -0.2011700094350967 0.24513509253554053
-0.15214628039884878 -0.214423957619217 0.27706353093758496
-0.16103873633734553 -0.22696870195135474 0.3102475996196998
-0.16928551798159885 -0.238823938886056 0.3445422787172352
-0.17684431240683335 -0.24995185069135997 0.37980373875506357
-0.18375669026687844 -0.2603989880657183 0.41587332956084644
-0.19007553036109967 -0.27022339389346517 0.4525920960048058
-0.1958672560852562 -0.27949645037911647 0.48980380745995067
-0.20120380840690222 -0.2882943589427943 0.5273583041684038
-0.20618698350750875 -0.29676944225519425 0.565122180440511
-0.2108460300722888 -0.3048521653504745 0.6029466888310422
-0.21528941657803186 -0.3127706835634235 0.6407321044523747
-0.21953157560813036 -0.3204893474736141 0.6783629123655561
-0.2236259362897426 -0.3280710257603877 0.715742332126286
-0.22760793097315377 -0.33555922375722924 0.752785221351902
-0.23149436869468717 -0.34297626925286734 0.7894164139445147
-0.23529003652931957 -0.3503293332794229 0.825574522096855
-0.23895986526960683 -0.3575772357977505 0.8611911255282632
-0.24257639413866544 -0.3648486936457547 0.8962426951966557
-0.2459788049192302 -0.37194074831131846 0.9306699661003405
-0.24922842553940355 -0.3789260959229391 0.9644199596222498
-0.252259177404759 -0.38575063206293897 0.9974652528841902
-0.25494327446249315 -0.39223323861405024 1.0297675351678877
-0.25719367716511043 -0.3983028942973115 1.0612744032412866
-0.2590545620735476 -0.40418363658403256 1.0919942566643597
-0.26028482189317415 -0.4094917125069275 1.1218291849431832
-0.26085139968488047 -0.41420585580219516 1.1507084431293657
-0.2606123873586566 -0.418194839312713 1.1785733592807923
-0.25941855111897916 -0.42131759502503224 1.2053509650501602
-0.2571135605355493 -0.4234212398062287 1.2309510184000079
-0.2535120385976946 -0.4243158184395231 1.2552690406837952
-0.24831692332475952 -0.4236870080981457 1.278191463149968
-0.24118696661407485 -0.42122002187675595 1.2996237661914136
-0.2316378135365582 -0.4163313223669177 1.3193072802491899
-0.21891673918918936 -0.40822921834879794 1.337080312181654
-0.20188492761463098 -0.3957172579744542 1.3526040528334953
-0.17839214048929708 -0.37659067053913076 1.365499789427605
-0.14380423067269021 -0.34619958129202 1.3753674671067402
-0.0847929480356786 -0.29124360098638086 1.3820606846534875
0.053386268005804684 -0.15702815158093938 1.3863081132651471
0.8020093977238364 0.5876773094851717 1.3912215545508133
0.8019594873173392 -0.5874718222111487 1.3914106504153614
0.05336205381406042 0.15715228845031337 1.3864609262303473
-0.08480156070677733 0.2913175521177837 1.382194168851406
-0.1438104531788354 0.3462505518658537 1.375489263073251
-0.17840239442148603 0.3766339695908046 1.3656132056498353
-0.2019050116523602 0.3957641470583557 1.3527093770730771
-0.218935060177038 0.40827149111823885 1.3371812346273426
-0.23165990610209766 0.41637685633376414 1.3194031345135162
-0.24120719023752202 0.4212478310495943 1.2997129607925026
-0.2483402517280005 0.4237274169997591 1.2782799429458542
-0.25352709787648325 0.4243376490368594 1.2553519068895707
-0.2571217569746698 0.42342992806901875 1.231029724717379
-0.25942689255669105 0.42132278349805796 1.205425087086243
-0.2606225535321861 0.4181995899423716 1.1786429615785947
-0.26085730402616697 0.41420432013155734 1.1507755963722996
-0.26028609979829925 0.4094827122361057 1.1218951892980027
-0.2590513189534428 0.4041655028212201 1.092059797787592
-0.25718363587358883 0.3982707176509065 1.061340041213832
-0.25495943805912513 0.39224992163249456 1.0298269536176121
-0.2522718431640375 0.3857559256254271 0.9975157107840382
-0.24924534483451793 0.3789389438456327 0.9644672332629616
-0.24600010406997816 0.3719611280186003 0.9307137405284132
-0.24259865524766744 0.36487223777625744 0.8962836657711097
-0.23897320333399263 0.35759255829136344 0.8612318140474123
-0.23529607270585445 0.35033998108763115 0.8256157733322614
-0.23150293195234173 0.34299180549483177 0.7894567708008223
-0.22761750415644746 0.3355761255150067 0.7528248653853474
-0.22363719961822945 0.32809004235824735 0.7157804879509067
-0.2195443160925179 0.3205104191913637 0.678399098004038
-0.21530350302714651 0.3127939697651282 0.6407660059527848
-0.2108643658012245 0.3048810057484655 0.6029776596098584
-0.20620249970783427 0.2967940216783101 0.5651518307819574
-0.20121661344380337 0.28830925684271724 0.527387008345403
-0.19588204310296808 0.2795169011327268 0.4898299258220894
-0.19009103951961587 0.2702468764956892 0.45261579007331076
-0.18377216500685126 0.2604238426648269 0.4158946844954867
-0.17685941942618538 0.24997710791860042 0.3798227487461837
-0.16930077323480167 0.23884967433231627 0.34455875755703086
-0.16105631230081535 0.22699678785183405 0.3102611195045334
-0.15215851678520287 0.2144465311206476 0.27707530000164765
-0.14260075048908563 0.20118854842682363 0.2451455343716396
-0.1324214859814276 0.18725843891019098 0.2146041181007956
-0.12167305833656286 0.17270662003978388 0.18557067308726505
-0.11041271350459625 0.15760102433883905 0.1581563100613989
-0.09870051105707102 0.14198225019743585 0.1324413990467449
-0.08657593469787866 0.12589654057479974 0.10849931996962793
-0.07403086252171326 0.10934289945276028 0.08637474409207889
-0.06094035202802564 0.0921954074370469 0.06606175263103004
-0.046807126707683666 0.07396047203510653 0.04744075435903568
-0.029423604027680763 0.052443251193450724 0.02997345147569869

VECTORS Vvpm_AB float
-0.012146796581488192 0.15145350764893148 0.09646058043353725
-0.008974563311806495 0.15078880349654267 0.08819452372793535
-0.005373054735838011 0.14994879456525828 0.07874974587522311
-0.0013886808105212922 0.14891069593499115 0.06822281330084395
0.0029273682422830474 0.1476527794537146 0.056721930407252256
0.007503436869624652 0.14612526308285692 0.044504443366080504
0.012310759062620996 0.14435517729987882 0.03147539401807595
0.01735703387759617 0.14239948701955862 0.017494135762047835
0.02238352590091424 0.14003616865923396 0.003613620139713045
0.02745917060936989 0.1374003298860459 -0.010607897961443041
0.032525096839872925 0.13449198882415053 -0.025021102580163032
0.03752495404987058 0.13131558864861703 -0.03947647631386733
0.04240626568739239 0.12788010136354458 -0.053828233320817785
0.04712178223832524 0.12419913017295198 -0.06793883309943377
0.05163084413775999 0.12029108039930632 -0.08168413606423383
0.05590078154740111 0.11617947324891259 -0.09495929035268069
0.05990839326127732 0.11189347776939462 -0.10768547046764798
0.06364155962815923 0.10746873532793735 -0.11981762124576022
0.06686126361384566 0.10272798255112589 -0.13010373127721872
0.07016862838130247 0.09814113125819238 -0.14126343639935904
0.07284203761984413 0.09329141954003597 -0.15028815062428777
0.07522774617410381 0.08840902204698399 -0.15859023725990073
0.07731155750530556 0.08350190396960462 -0.16603737336389768
0.07908540958579754 0.0785765798053425 -0.1725453949237161
0.08054762557974887 0.07363833142992254 -0.1780946434379338
0.08172694752030663 0.06874199268967023 -0.18273240723259554
0.08262221559882726 0.06383237850691043 -0.18666246097540865
0.08317900604249379 0.05894350440556631 -0.1888935943312186
0.0834690402862257 0.05407661175788318 -0.1903465920320741
0.08349103904582977 0.049242297632182117 -0.19088733368361946
0.08323803840745125 0.04444595187734056 -0.1903860059504693
0.08284720922817154 0.03987931927042575 -0.18982438531452747
0.08226892945509477 0.03533828117859382 -0.1889436876897996
0.08108058159477342 0.03060438142470021 -0.1848992543383376
0.07957807045466984 0.025937450252928974 -0.180143584811784
0.07772778619041651 0.021371919343249675 -0.17454809604953317
0.07549768547645863 0.01695513433498583 -0.16801246753809057
0.07286118686488344 0.012750759203265629 -0.16048163114237918
0.06980375042591246 0.008842267070155566 -0.15197182623427274
0.06633357163597355 0.005335219759673009 -0.14260865402017164
0.062497683596080135 0.002355247223076548 -0.13267880142638547
0.05839881950683548 0.00010651074804637287 -0.12187566820833477
0.05416747177279132 -0.0014497047364386041 -0.11153252804355272
0.050242662807717255 -0.0020614298663559384 -0.10213981289116465
0.04679769204580159 -0.0019350366671623592 -0.09436414852588974
0.04409408162915766 -0.0013241628365148255 -0.08879007137027645
0.04219917876508915 -0.0005965323130935566 -0.08548552372540555
0.04095774720491451 -7.417342962542884e-5 -0.08399100908074375
0.04010218464364021 8.409930828102725e-5 -0.08361959467025772
0.03938686715313275 -0.00012902093717495362 -0.08378528312377134
0.03929328453553493 -0.00041937809066421765 -0.08203803546881441
0.040019593922065375 -0.0005617545953114683 -0.08247493699357694
0.04088920175012532 -0.00036184222183097267 -0.08322735044262661
0.0421421444838978 0.00018544758653387446 -0.08495175752846015
0.04404372147826257 0.0009288777141108059 -0.08838762809862905
0.046748259976336824 0.001551446655721848 -0.09403063385506409
0.050187937461600524 0.0016892442897643908 -0.10183507754248305
0.054100733562374236 0.0010918521230738158 -0.11122730005327193
0.05837571398387167 -0.0004873315014149934 -0.1217747501760936
0.06244239916690504 -0.0027173925096657756 -0.1324465357721351
0.0662952629401076 -0.005702133771024515 -0.14251351884857755
0.0697742308293677 -0.009207702960251295 -0.15196306420983438
0.07283590286170886 -0.013111324816495611 -0.16052520992325406
0.07547564438448788 -0.017310615396097375 -0.1680905397083781
0.07771153815897686 -0.021725536171429412 -0.17465891985081605
0.07957370832432979 -0.026296031130592257 -0.18030169489616457
0.081097710398163 -0.030978436700678666 -0.18513567894542635
0.08232055698757768 -0.03574195689370242 -0.1893060110997395
0.08281482339339719 -0.040195282294812174 -0.18981380421275168
0.08320635111510448 -0.044764884153714615 -0.19051052402448015
0.08345242361142771 -0.049552393048637254 -0.19095687760620544
0.08342130231865202 -0.05437737139166752 -0.19036047171008197
0.08312489778885553 -0.059236860075656234 -0.18886635196783969
0.08256833401107508 -0.06412245602909723 -0.18662089915299823
0.08165915116246017 -0.06901991388907151 -0.1826362859026872
0.08046177708475341 -0.07390521166832434 -0.17794552857064802
0.07900045945948442 -0.07883954815803179 -0.17238361901072335
0.07722342638282213 -0.0837600159733762 -0.16586021980066615
0.07513266586616212 -0.08866093987374535 -0.15839278549423982
0.07273616655909784 -0.09353522779969745 -0.15006163299712905
0.07004782091010787 -0.0983742462000238 -0.1409943800907407
0.06676404557647028 -0.1029635712959602 -0.12986228541560005
0.06357383413960183 -0.10779105245414397 -0.11975637743200321
0.05982321653809962 -0.11217918869128485 -0.10751902044136269
0.055803134181390726 -0.11643765295345042 -0.09471524806223183
0.05152375455107383 -0.12052848452908442 -0.08138302939459005
0.04700679227947599 -0.12442065412755335 -0.06759560300155704
0.042283827068330435 -0.1280891761418637 -0.05345348705259428
0.037394761948845154 -0.13151451880426235 -0.03907752397842559
0.03238636691310816 -0.1346822377590703 -0.024602804465647055
0.02731086545689846 -0.1375827575818157 -0.010173348292183568
0.02222453674786671 -0.14021122680163878 0.0040625494601558565
0.01718632288680471 -0.14256737629661995 0.017956369940996947
0.012163209740159761 -0.1445249997127451 0.03198778335991995
0.0073511030476357256 -0.1462903399579423 0.04504097441130603
0.0027737447168792104 -0.14788314079957904 0.057240010053611665
-0.0015546593663943037 -0.14912005146500304 0.06879685219943373
-0.005548740453589759 -0.15014131991107016 0.07936887117548416
-0.009157921540507617 -0.1509678636464901 0.08885013918447089
-0.012336225783348913 -0.1516218601964638 0.0971456790976962
-0.012146796581488192 0.15145350764893148 0.09646058043353725
-0.008974563311806495 0.15078880349654267 0.08819452372793535
-0.005373054735838011 0.14994879456525828 0.07874974587522311
-0.0013886808105212922 0.14891069593499115 0.06822281330084395
0.0029273682422830474 0.1476527794537146 0.056721930407252256
0.007503436869624652 0.14612526308285692 0.044504443366080504
0.012310759062620996 0.14435517729987882 0.03147539401807595
0.01735703387759617 0.14239948701955862 0.017494135762047835
0.02238352590091424 0.14003616865923396 0.003613620139713045
0.02745917060936989 0.1374003298860459 -0.010607897961443041
0.032525096839872925 0.13449198882415053 -0.025021102580163032
0.03752495404987058 0.13131558864861703 -0.03947647631386733
0.04240626568739239 0.12788010136354458 -0.053828233320817785
0.04712178223832524 0.12419913017295198 -0.06793883309943377
0.05163084413775999 0.12029108039930632 -0.08168413606423383
0.05590078154740111 0.11617947324891259 -0.09495929035268069
0.05990839326127732 0.11189347776939462 -0.10768547046764798
0.06364155962815923 0.10746873532793735 -0.11981762124576022
0.06686126361384566 0.10272798255112589 -0.13010373127721872
0.07016862838130247 0.09814113125819238 -0.14126343639935904
0.07284203761984413 0.09329141954003597 -0.15028815062428777
0.07522774617410381 0.08840902204698399 -0.15859023725990073
0.07731155750530556 0.08350190396960462 -0.16603737336389768
0.07908540958579754 0.0785765798053425 -0.1725453949237161
0.08054762557974887 0.07363833142992254 -0.1780946434379338
0.08172694752030663 0.06874199268967023 -0.18273240723259554
0.08262221559882726 0.06383237850691043 -0.18666246097540865
0.08317900604249379 0.05894350440556631 -0.1888935943312186
0.0834690402862257 0.05407661175788318 -0.1903465920320741
0.08349103904582977 0.049242297632182117 -0.19088733368361946
0.08323803840745125 0.04444595187734056 -0.1903860059504693
0.08284720922817154 0.03987931927042575 -0.18982438531452747
0.08226892945509477 0.03533828117859382 -0.1889436876897996
0.08108058159477342 0.03060438142470021 -0.1848992543383376
0.07957807045466984 0.025937450252928974 -0.180143584811784
0.07772778619041651 0.021371919343249675 -0.17454809604953317
0.07549768547645863 0.01695513433498583 -0.16801246753809057
0.07286118686488344 0.012750759203265629 -0.16048163114237918
0.06980375042591246 0.008842267070155566 -0.15197182623427274
0.06633357163597355 0.005335219759673009 -0.14260865402017164
0.062497683596080135 0.002355247223076548 -0.13267880142638547
0.05839881950683548 0.00010651074804637287 -0.12187566820833477
0.05416747177279132 -0.0014497047364386041 -0.11153252804355272
0.050242662807717255 -0.0020614298663559384 -0.10213981289116465
0.04679769204580159 -0.0019350366671623592 -0.09436414852588974
0.04409408162915766 -0.0013241628365148255 -0.08879007137027645
0.04219917876508915 -0.0005965323130935566 -0.08548552372540555
0.04095774720491451 -7.417342962542884e-5 -0.08399100908074375
0.04010218464364021 8.409930828102725e-5 -0.08361959467025772
0.03938686715313275 -0.00012902093717495362 -0.08378528312377134
0.03929328453553493 -0.00041937809066421765 -0.08203803546881441
0.040019593922065375 -0.0005617545953114683 -0.08247493699357694
0.04088920175012532 -0.00036184222183097267 -0.08322735044262661
0.0421421444838978 0.00018544758653387446 -0.08495175752846015
0.04404372147826257 0.0009288777141108059 -0.08838762809862905
0.046748259976336824 0.001551446655721848 -0.09403063385506409
0.050187937461600524 0.0016892442897643908 -0.10183507754248305
0.054100733562374236 0.0010918521230738158 -0.11122730005327193
0.05837571398387167 -0.0004873315014149934 -0.1217747501760936
0.06244239916690504 -0.0027173925096657756 -0.1324465357721351
0.0662952629401076 -0.005702133771024515 -0.14251351884857755
0.0697742308293677 -0.009207702960251295 -0.15196306420983438
0.07283590286170886 -0.013111324816495611 -0.16052520992325406
0.07547564438448788 -0.017310615396097375 -0.1680905397083781
0.07771153815897686 -0.021725536171429412 -0.17465891985081605
0.07957370832432979 -0.026296031130592257 -0.18030169489616457
0.081097710398163 -0.030978436700678666 -0.18513567894542635
0.08232055698757768 -0.03574195689370242 -0.1893060110997395
0.08281482339339719 -0.040195282294812174 -0.18981380421275168
0.08320635111510448 -0.044764884153714615 -0.19051052402448015
0.08345242361142771 -0.049552393048637254 -0.19095687760620544
0.08342130231865202 -0.05437737139166752 -0.19036047171008197
0.08312489778885553 -0.059236860075656234 -0.18886635196783969
0.08256833401107508 -0.06412245602909723 -0.18662089915299823
0.08165915116246017 -0.06901991388907151 -0.1826362859026872
0.08046177708475341 -0.07390521166832434 -0.17794552857064802
0.07900045945948442 -0.07883954815803179 -0.17238361901072335
0.07722342638282213 -0.0837600159733762 -0.16586021980066615
0.07513266586616212 -0.08866093987374535 -0.15839278549423982
0.07273616655909784 -0.09353522779969745 -0.15006163299712905
0.07004782091010787 -0.0983742462000238 -0.1409943800907407
0.06676404557647028 -0.1029635712959602 -0.12986228541560005
0.06357383413960183 -0.10779105245414397 -0.11975637743200321
0.05982321653809962 -0.11217918869128485 -0.10751902044136269
0.055803134181390726 -0.11643765295345042 -0.09471524806223183
0.05152375455107383 -0.12052848452908442 -0.08138302939459005
0.04700679227947599 -0.12442065412755335 -0.06759560300155704
0.042283827068330435 -0.1280891761418637 -0.05345348705259428
0.037394761948845154 -0.13151451880426235 -0.03907752397842559
0.03238636691310816 -0.1346822377590703 -0.024602804465647055
0.02731086545689846 -0.1375827575818157 -0.010173348292183568
0.02222453674786671 -0.14021122680163878 0.0040625494601558565
0.01718632288680471 -0.14256737629661995 0.017956369940996947
0.012163209740159761 -0.1445249997127451 0.03198778335991995
0.0073511030476357256 -0.1462903399579423 0.04504097441130603
0.0027737447168792104 -0.14788314079957904 0.057240010053611665
-0.0015546593663943037 -0.14912005146500304 0.06879685219943373
-0.005548740453589759 -0.15014131991107016 0.07936887117548416
-0.009157921540507617 -0.1509678636464901 0.08885013918447089
-0.012336225783348913 -0.1516218601964638 0.0971456790976962