# vtk DataFile Version 4.0
[MyVLM domain - lattices] 
ASCII
DATASET UNSTRUCTURED_GRID
POINTS 302 float
1.2444999999999997 -1.2445 0.0
1.2399745454545452 -1.2399745454545454 0.0
1.2346178849721705 -1.2346178849721707 0.0
1.2284300185528754 -1.2284300185528756 0.0
1.2214109461966602 -1.2214109461966605 0.0
1.2135606679035247 -1.213560667903525 0.0
1.2048791836734691 -1.2048791836734694 0.0
1.1953664935064932 -1.1953664935064934 0.0
1.1850225974025972 -1.1850225974025974 0.0
1.1738474953617808 -1.173847495361781 0.0
1.1618411873840442 -1.1618411873840444 0.0
1.1490036734693874 -1.1490036734693876 0.0
1.1353349536178106 -1.1353349536178108 0.0
1.1208350278293133 -1.1208350278293135 0.0
1.1055038961038959 -1.105503896103896 0.0
1.0893415584415582 -1.0893415584415584 0.0
1.0723480148423004 -1.0723480148423006 0.0
1.054523265306122 -1.0545232653061223 0.0
1.0358673098330238 -1.035867309833024 0.0
1.0163801484230053 -1.0163801484230055 0.0
0.9960617810760664 -0.9960617810760668 0.0
0.9749122077922076 -0.9749122077922077 0.0
0.9529314285714284 -0.9529314285714284 0.0
0.9301194434137288 -0.930119443413729 0.0
0.9064762523191091 -0.9064762523191096 0.0
0.8820018552875695 -0.8820018552875695 0.0
0.8566962523191093 -0.8566962523191094 0.0
0.8305594434137288 -0.8305594434137291 0.0
0.8035914285714284 -0.8035914285714285 0.0
0.7757922077922076 -0.7757922077922077 0.0
0.7471617810760666 -0.7471617810760667 0.0
0.7177001484230053 -0.7177001484230054 0.0
0.6874073098330239 -0.687407309833024 0.0
0.6562832653061222 -0.6562832653061225 0.0
0.6243280148423004 -0.6243280148423005 0.0
0.5915415584415582 -0.5915415584415583 0.0
0.5579238961038958 -0.5579238961038959 0.0
0.5234750278293133 -0.5234750278293134 0.0
0.48819495361781057 -0.48819495361781057 0.0
0.4520836734693877 -0.4520836734693877 0.0
0.4151411873840445 -0.4151411873840446 0.0
0.37736749536178105 -0.37736749536178116 0.0
0.3387625974025974 -0.3387625974025974 0.0
0.2993264935064933 -0.29932649350649343 0.0
0.25905918367346925 -0.25905918367346925 0.0
0.21796066790352486 -0.21796066790352486 0.0
0.17603094619666027 -0.1760309461966605 0.0
0.13327001855287546 -0.13327001855287568 0.0
0.08967788497217066 -0.08967788497217066 0.0
0.045254545454545436 -0.045254545454545436 0.0
0.0 0.0 0.0
0.04525454545454545 0.04525454545454546 0.0
0.08967788497217066 0.08967788497217068 0.0
0.13327001855287568 0.1332700185528757 0.0
0.17603094619666046 0.1760309461966605 0.0
0.21796066790352497 0.21796066790352508 0.0
0.2590591836734693 0.25905918367346936 0.0
0.29932649350649343 0.2993264935064935 0.0
0.3387625974025973 0.33876259740259734 0.0
0.37736749536178094 0.377367495361781 0.0
0.41514118738404443 0.4151411873840445 0.0
0.45208367346938766 0.4520836734693878 0.0
0.48819495361781057 0.4881949536178107 0.0
0.5234750278293133 0.5234750278293134 0.0
0.5579238961038959 0.557923896103896 0.0
0.5915415584415582 0.5915415584415583 0.0
0.6243280148423003 0.6243280148423004 0.0
0.6562832653061222 0.6562832653061225 0.0
0.687407309833024 0.6874073098330241 0.0
0.7177001484230054 0.7177001484230056 0.0
0.7471617810760667 0.7471617810760669 0.0
0.7757922077922076 0.7757922077922077 0.0
0.8035914285714284 0.8035914285714285 0.0
0.8305594434137288 0.830559443413729 0.0
0.8566962523191093 0.8566962523191094 0.0
0.8820018552875692 0.8820018552875695 0.0
0.9064762523191091 0.9064762523191093 0.0
0.9301194434137288 0.9301194434137292 0.0
0.9529314285714284 0.9529314285714284 0.0
0.9749122077922076 0.9749122077922077 0.0
0.9960617810760666 0.9960617810760668 0.0
1.0163801484230053 1.0163801484230055 0.0
1.0358673098330238 1.035867309833024 0.0
1.054523265306122 1.0545232653061223 0.0
1.0723480148423001 1.0723480148423004 0.0
1.0893415584415582 1.0893415584415584 0.0
1.1055038961038959 1.105503896103896 0.0
1.120835027829313 1.1208350278293133 0.0
1.1353349536178106 1.1353349536178106 0.0
1.1490036734693874 1.1490036734693876 0.0
1.1618411873840444 1.1618411873840446 0.0
1.1738474953617808 1.173847495361781 0.0
1.1850225974025972 1.1850225974025972 0.0
1.1953664935064932 1.1953664935064934 0.0
1.2048791836734691 1.2048791836734694 0.0
1.2135606679035245 1.2135606679035247 0.0
1.22141094619666 1.2214109461966602 0.0
1.2284300185528754 1.2284300185528756 0.0
1.2346178849721703 1.2346178849721705 0.0
1.2399745454545452 1.2399745454545454 0.0
1.2444999999999997 1.2445 0.0
1.7422999999999997 -1.2445 0.0
1.7377745454545452 -1.2399745454545454 0.0
1.7324178849721703 -1.2346178849721707 0.0
1.7262300185528754 -1.2284300185528756 0.0
1.7192109461966603 -1.2214109461966605 0.0
1.7113606679035245 -1.213560667903525 0.0
1.7026791836734692 -1.2048791836734694 0.0
1.6931664935064934 -1.1953664935064934 0.0
1.6828225974025972 -1.1850225974025974 0.0
1.6716474953617806 -1.173847495361781 0.0
1.6596411873840444 -1.1618411873840444 0.0
1.6468036734693878 -1.1490036734693876 0.0
1.6331349536178106 -1.1353349536178108 0.0
1.6186350278293133 -1.1208350278293135 0.0
1.603303896103896 -1.105503896103896 0.0
1.5871415584415582 -1.0893415584415584 0.0
1.5701480148423004 -1.0723480148423006 0.0
1.552323265306122 -1.0545232653061223 0.0
1.5336673098330238 -1.035867309833024 0.0
1.5141801484230053 -1.0163801484230055 0.0
1.4938617810760666 -0.9960617810760668 0.0
1.4727122077922075 -0.9749122077922077 0.0
1.4507314285714283 -0.9529314285714284 0.0
1.4279194434137288 -0.930119443413729 0.0
1.4042762523191092 -0.9064762523191096 0.0
1.3798018552875693 -0.8820018552875695 0.0
1.3544962523191093 -0.8566962523191094 0.0
1.328359443413729 -0.8305594434137291 0.0
1.3013914285714283 -0.8035914285714285 0.0
1.2735922077922077 -0.7757922077922077 0.0
1.2449617810760665 -0.7471617810760667 0.0
1.2155001484230055 -0.7177001484230054 0.0
1.1852073098330238 -0.687407309833024 0.0
1.1540832653061224 -0.6562832653061225 0.0
1.1221280148423003 -0.6243280148423005 0.0
1.0893415584415582 -0.5915415584415583 0.0
1.055723896103896 -0.5579238961038959 0.0
1.0212750278293132 -0.5234750278293134 0.0
0.9859949536178108 -0.48819495361781057 0.0
0.9498836734693876 -0.4520836734693877 0.0
0.9129411873840445 -0.4151411873840446 0.0
0.875167495361781 -0.37736749536178116 0.0
0.8365625974025973 -0.3387625974025974 0.0
0.7971264935064933 -0.29932649350649343 0.0
0.7568591836734693 -0.25905918367346925 0.0
0.7157606679035249 -0.21796066790352486 0.0
0.6738309461966603 -0.1760309461966605 0.0
0.6310700185528755 -0.13327001855287568 0.0
0.5874778849721707 -0.08967788497217066 0.0
0.5430545454545455 -0.045254545454545436 0.0
0.4978 0.0 0.0
0.5430545454545455 0.04525454545454546 0.0
0.5874778849721707 0.08967788497217068 0.0
0.6310700185528757 0.1332700185528757 0.0
0.6738309461966605 0.1760309461966605 0.0
0.715760667903525 0.21796066790352508 0.0
0.7568591836734693 0.25905918367346936 0.0
0.7971264935064934 0.2993264935064935 0.0
0.8365625974025973 0.33876259740259734 0.0
0.875167495361781 0.377367495361781 0.0
0.9129411873840445 0.4151411873840445 0.0
0.9498836734693876 0.4520836734693878 0.0
0.9859949536178105 0.4881949536178107 0.0
1.0212750278293132 0.5234750278293134 0.0
1.055723896103896 0.557923896103896 0.0
1.0893415584415582 0.5915415584415583 0.0
1.1221280148423003 0.6243280148423004 0.0
1.1540832653061224 0.6562832653061225 0.0
1.185207309833024 0.6874073098330241 0.0
1.2155001484230055 0.7177001484230056 0.0
1.2449617810760667 0.7471617810760669 0.0
1.2735922077922077 0.7757922077922077 0.0
1.3013914285714283 0.8035914285714285 0.0
1.3283594434137287 0.830559443413729 0.0
1.3544962523191093 0.8566962523191094 0.0
1.3798018552875693 0.8820018552875695 0.0
1.4042762523191092 0.9064762523191093 0.0
1.427919443413729 0.9301194434137292 0.0
1.4507314285714283 0.9529314285714284 0.0
1.4727122077922075 0.9749122077922077 0.0
1.4938617810760666 0.9960617810760668 0.0
1.5141801484230053 1.0163801484230055 0.0
1.5336673098330238 1.035867309833024 0.0
1.552323265306122 1.0545232653061223 0.0
1.5701480148423002 1.0723480148423004 0.0
1.5871415584415582 1.0893415584415584 0.0
1.603303896103896 1.105503896103896 0.0
1.6186350278293131 1.1208350278293133 0.0
1.6331349536178106 1.1353349536178106 0.0
1.6468036734693874 1.1490036734693876 0.0
1.6596411873840444 1.1618411873840446 0.0
1.6716474953617806 1.173847495361781 0.0
1.6828225974025972 1.1850225974025972 0.0
1.6931664935064934 1.1953664935064934 0.0
1.7026791836734692 1.2048791836734694 0.0
1.7113606679035245 1.2135606679035247 0.0
1.71921094619666 1.2214109461966602 0.0
1.7262300185528754 1.2284300185528756 0.0
1.7324178849721703 1.2346178849721705 0.0
1.7377745454545452 1.2399745454545454 0.0
1.7422999999999997 1.2445 0.0
1.6155872727272724 -1.2422372727272726 0.0
1.6106462152133578 -1.237296215213358 0.0
1.604873951762523 -1.2315239517625232 0.0
1.598270482374768 -1.224920482374768 0.0
1.5908358070500925 -1.2174858070500927 0.0
1.582569925788497 -1.2092199257884972 0.0
1.5734728385899812 -1.2001228385899814 0.0
1.5635445454545454 -1.1901945454545453 0.0
1.552785046382189 -1.1794350463821892 0.0
1.5411943413729126 -1.1678443413729127 0.0
1.5287724304267158 -1.155422430426716 0.0
1.5155193135435991 -1.142169313543599 0.0
1.501434990723562 -1.1280849907235622 0.0
1.4865194619666047 -1.1131694619666048 0.0
1.4707727272727271 -1.0974227272727273 0.0
1.4541947866419294 -1.0808447866419293 0.0
1.4367856400742112 -1.0634356400742113 0.0
1.418545287569573 -1.0451952875695731 0.0
1.3994737291280146 -1.0261237291280147 0.0
1.379570964749536 -1.0062209647495362 0.0
1.358836994434137 -0.9854869944341371 0.0
1.337271818181818 -0.9639218181818181 0.0
1.3148754359925787 -0.9415254359925787 0.0
1.291647847866419 -0.9182978478664192 0.0
1.2675890538033394 -0.8942390538033393 0.0
1.2426990538033393 -0.8693490538033395 0.0
1.2169778478664193 -0.8436278478664192 0.0
1.1904254359925788 -0.8170754359925788 0.0
1.163041818181818 -0.7896918181818181 0.0
1.1348269944341371 -0.7614769944341371 0.0
1.105780964749536 -0.7324309647495362 0.0
1.0759037291280147 -0.7025537291280148 0.0
1.0451952875695731 -0.6718452875695733 0.0
1.0136556400742114 -0.6403056400742114 0.0
0.9812847866419293 -0.6079347866419293 0.0
0.9480827272727271 -0.5747327272727272 0.0
0.9140494619666047 -0.5406994619666048 0.0
0.8791849907235622 -0.5058349907235622 0.0
0.8434893135435992 -0.47013931354359917 0.0
0.8069624304267162 -0.43361243042671627 0.0
0.7696043413729128 -0.3962543413729128 0.0
0.7314150463821893 -0.3580650463821894 0.0
0.6923945454545455 -0.3190445454545454 0.0
0.6525428385899814 -0.27919283858998134 0.0
0.6118599257884971 -0.23850992578849706 0.0
0.5703458070500929 -0.19699580705009279 0.0
0.5280004823747682 -0.15465048237476808 0.0
0.4848239517625232 -0.11147395176252317 0.0
0.4408162152133581 -0.06746621521335805 0.0
0.39597727272727273 -0.022627272727272718 0.0
0.39597727272727273 0.02262727272727273 0.0
0.4408162152133581 0.06746621521335806 0.0
0.4848239517625232 0.11147395176252319 0.0
0.528000482374768 0.15465048237476808 0.0
0.5703458070500929 0.19699580705009276 0.0
0.6118599257884971 0.23850992578849717 0.0
0.6525428385899814 0.2791928385899814 0.0
0.6923945454545455 0.3190445454545454 0.0
0.7314150463821891 0.3580650463821891 0.0
0.7696043413729128 0.39625434137291277 0.0
0.8069624304267162 0.43361243042671616 0.0
0.8434893135435992 0.4701393135435992 0.0
0.8791849907235619 0.5058349907235621 0.0
0.9140494619666046 0.5406994619666047 0.0
0.9480827272727271 0.5747327272727272 0.0
0.9812847866419294 0.6079347866419295 0.0
1.0136556400742114 0.6403056400742114 0.0
1.0451952875695731 0.6718452875695732 0.0
1.0759037291280147 0.7025537291280147 0.0
1.105780964749536 0.7324309647495362 0.0
1.1348269944341371 0.7614769944341373 0.0
1.163041818181818 0.789691818181818 0.0
1.1904254359925786 0.8170754359925786 0.0
1.216977847866419 0.843627847866419 0.0
1.2426990538033393 0.8693490538033394 0.0
1.2675890538033392 0.8942390538033393 0.0
1.291647847866419 0.9182978478664192 0.0
1.3148754359925787 0.9415254359925787 0.0
1.3372718181818182 0.9639218181818181 0.0
1.3588369944341372 0.9854869944341373 0.0
1.379570964749536 1.0062209647495362 0.0
1.3994737291280148 1.0261237291280147 0.0
1.418545287569573 1.0451952875695731 0.0
1.4367856400742112 1.0634356400742113 0.0
1.4541947866419291 1.0808447866419293 0.0
1.470772727272727 1.097422727272727 0.0
1.4865194619666047 1.1131694619666048 0.0
1.501434990723562 1.128084990723562 0.0
1.5155193135435991 1.1421693135435993 0.0
1.528772430426716 1.1554224304267162 0.0
1.5411943413729128 1.1678443413729127 0.0
1.5527850463821888 1.179435046382189 0.0
1.5635445454545451 1.1901945454545453 0.0
1.573472838589981 1.2001228385899811 0.0
1.5825699257884969 1.209219925788497 0.0
1.5908358070500925 1.2174858070500927 0.0
1.5982704823747678 1.224920482374768 0.0
1.604873951762523 1.2315239517625232 0.0
1.6106462152133578 1.237296215213358 0.0
1.6155872727272724 1.2422372727272726 0.0

CELLS 200 700
4 0 101 102 1
4 1 102 103 2
4 2 103 104 3
4 3 104 105 4
4 4 105 106 5
4 5 106 107 6
4 6 107 108 7
4 7 108 109 8
4 8 109 110 9
4 9 110 111 10
4 10 111 112 11
4 11 112 113 12
4 12 113 114 13
4 13 114 115 14
4 14 115 116 15
4 15 116 117 16
4 16 117 118 17
4 17 118 119 18
4 18 119 120 19
4 19 120 121 20
4 20 121 122 21
4 21 122 123 22
4 22 123 124 23
4 23 124 125 24
4 24 125 126 25
4 25 126 127 26
4 26 127 128 27
4 27 128 129 28
4 28 129 130 29
4 29 130 131 30
4 30 131 132 31
4 31 132 133 32
4 32 133 134 33
4 33 134 135 34
4 34 135 136 35
4 35 136 137 36
4 36 137 138 37
4 37 138 139 38
4 38 139 140 39
4 39 140 141 40
4 40 141 142 41
4 41 142 143 42
4 42 143 144 43
4 43 144 145 44
4 44 145 146 45
4 45 146 147 46
4 46 147 148 47
4 47 148 149 48
4 48 149 150 49
4 49 150 151 50
4 50 151 152 51
4 51 152 153 52
4 52 153 154 53
4 53 154 155 54
4 54 155 156 55
4 55 156 157 56
4 56 157 158 57
4 57 158 159 58
4 58 159 160 59
4 59 160 161 60
4 60 161 162 61
4 61 162 163 62
4 62 163 164 63
4 63 164 165 64
4 64 165 166 65
4 65 166 167 66
4 66 167 168 67
4 67 168 169 68
4 68 169 170 69
4 69 170 171 70
4 70 171 172 71
4 71 172 173 72
4 72 173 174 73
4 73 174 175 74
4 74 175 176 75
4 75 176 177 76
4 76 177 178 77
4 77 178 179 78
4 78 179 180 79
4 79 180 181 80
4 80 181 182 81
4 81 182 183 82
4 82 183 184 83
4 83 184 185 84
4 84 185 186 85
4 85 186 187 86
4 86 187 188 87
4 87 188 189 88
4 88 189 190 89
4 89 190 191 90
4 90 191 192 91
4 91 192 193 92
4 92 193 194 93
4 93 194 195 94
4 94 195 196 95
4 95 196 197 96
4 96 197 198 97
4 97 198 199 98
4 98 199 200 99
4 99 200 201 100
1 202
1 203
1 204
1 205
1 206
1 207
1 208
1 209
1 210
1 211
1 212
1 213
1 214
1 215
1 216
1 217
1 218
1 219
1 220
1 221
1 222
1 223
1 224
1 225
1 226
1 227
1 228
1 229
1 230
1 231
1 232
1 233
1 234
1 235
1 236
1 237
1 238
1 239
1 240
1 241
1 242
1 243
1 244
1 245
1 246
1 247
1 248
1 249
1 250
1 251
1 252
1 253
1 254
1 255
1 256
1 257
1 258
1 259
1 260
1 261
1 262
1 263
1 264
1 265
1 266
1 267
1 268
1 269
1 270
1 271
1 272
1 273
1 274
1 275
1 276
1 277
1 278
1 279
1 280
1 281
1 282
1 283
1 284
1 285
1 286
1 287
1 288
1 289
1 290
1 291
1 292
1 293
1 294
1 295
1 296
1 297
1 298
1 299
1 300
1 301

CELL_TYPES 200
9
9
9
9
9
9
9
9
9
9
9
9
9
9
9
9
9
9
9
9
9
9
9
9
9
9
9
9
9
9
9
9
9
9
9
9
9
9
9
9
9
9
9
9
9
9
9
9
9
9
9
9
9
9
9
9
9
9
9
9
9
9
9
9
9
9
9
9
9
9
9
9
9
9
9
9
9
9
9
9
9
9
9
9
9
9
9
9
9
9
9
9
9
9
9
9
9
9
9
9
1
1
1
1
1
1
1
1
1
1
1
1
1
1
1
1
1
1
1
1
1
1
1
1
1
1
1
1
1
1
1
1
1
1
1
1
1
1
1
1
1
1
1
1
1
1
1
1
1
1
1
1
1
1
1
1
1
1
1
1
1
1
1
1
1
1
1
1
1
1
1
1
1
1
1
1
1
1
1
1
1
1
1
1
1
1
1
1
1
1
1
1
1
1
1
1
1
1
1
1

CELL_DATA 200

VECTORS Vinf float
8.833272505760608 0.19761906456173012 4.941691772959977
8.849658935875947 0.20437767914722732 4.904824298099712
8.868033752866827 0.21112869514323818 4.8631317848935005
8.888002995499011 0.2174521819520924 4.817347381026888
8.909179711316423 0.22279300473364969 4.768137404834868
8.931001951810991 0.22719429124703333 4.7166737910584215
8.95302604690817 0.2302034018752203 4.663791038771519
8.974827122972538 0.23169429657097462 4.610323309481154
8.99604190180226 0.23164607197171871 4.557003026897957
9.016382139630462 0.23012588761224148 4.504440745856714
9.03563685332668 0.22726291535420493 4.4531268282116585
9.053687171654117 0.2233732054349902 4.403159575519049
9.070300408077037 0.21809156834563934 4.355963878099493
9.085579583007469 0.21198169417854776 4.310873189879002
9.099505981945054 0.20518242014605026 4.268122300054504
9.11209202441157 0.19782306459067783 4.22789090456318
9.123374356266726 0.1900221989662857 4.190272642944034
9.133381132255144 0.18184805361325573 4.155685103730618
9.142176262906261 0.17342593719621943 4.124067808591401
9.149854052027564 0.1648853584514629 4.095359321068159
9.156521679383332 0.15670881448810975 4.0701550828452415
9.162254527315943 0.1478307889885627 4.046965156420511
9.16713041348937 0.13910537442793108 4.026371232961692
9.170921131332932 0.13076345441183637 4.008198463824695
9.174241356765947 0.12245854073445507 3.992434828731731
9.176928631865366 0.114386816088831 3.978827194152237
9.179018916078178 0.10659633616080919 3.967414626003678
9.180603727254008 0.09896713620711692 3.9577452002447693
9.181742792414502 0.09161713861600043 3.9499228991477335
9.18239229377938 0.08448839694690907 3.9441348193591916
9.182706574300543 0.07755928531000687 3.9400322838121453
9.18271246013507 0.07080341228163128 3.9376114771616892
9.182779389447601 0.06402051535865141 3.9366786795847073
9.182396081343526 0.05745101532021775 3.9369290114617934
9.18125391202308 0.0511228669473862 3.9398017917841246
9.180113485011915 0.044399887879176377 3.944121625826725
9.178675253920746 0.0376282555458344 3.9495975638597263
9.176869966966638 0.03075922150933272 3.956308839049594
9.174497619089625 0.023769497114367388 3.9646561427059956
9.171360911179761 0.016621258170765693 3.9749919322290843
9.167291525713226 0.009297446281460108 3.987844583325464
9.162348747154148 0.0019786133009086736 4.003191730114366
9.155425657868275 -0.005351395194873761 4.023103220358581
9.146578016853951 -0.012240642234294963 4.047962968051904
9.135664265528547 -0.018040815172910313 4.0774275617186015
9.122903363289334 -0.021630630594595315 4.110492993953918
9.109915619282784 -0.02135777812259229 4.142658106006851
9.10048544177325 -0.0162667981230131 4.163827078414844
9.097796626611467 -0.008320208841084316 4.167030029234691
9.099964737758862 -0.0019628795205997532 4.158934044149986
9.100075763101756 0.0016157615125655827 4.158499772504913
9.097834839282768 0.00800584397003592 4.16692789649232
9.100560721432817 0.015841469404182053 4.163570961450369
9.109929221727532 0.020951961771996486 4.14265351958219
9.122910689227703 0.02123199660203288 4.110505201486524
9.135652777628318 0.0176531683106643 4.077507862396201
9.14656630383452 0.011845437512042577 4.0480160651922175
9.155494761013758 0.004989359927639048 4.022890519100165
9.162385324051879 -0.0023144746271137988 4.003076871043842
9.167289864434718 -0.009564091606275377 3.987912557666671
9.171349850070694 -0.016881707054972196 3.9750904107051164
9.174507019063954 -0.024030396021579543 3.964710006142398
9.176848180219563 -0.031001670834783408 3.9564924764890064
9.178648587924013 -0.03788888217943023 3.9497824245258544
9.180072812651266 -0.04466197537309701 3.9443889948906006
9.181211396789847 -0.05139470205505794 3.940120000606866
9.182310904094486 -0.057837948298093474 3.9372061594650134
9.182697146883198 -0.06443596209319434 3.9369643884169427
9.182704634010763 -0.0711704048467934 3.9376944981784687
9.182705147831774 -0.07793667207725785 3.9400521288602692
9.182377977902927 -0.08486252713606068 3.944179525813832
9.181730502769053 -0.09198114654964638 3.950006130425027
9.18058096291194 -0.09933242098202473 3.95783219383899
9.179005204029668 -0.10697074083099238 3.967411175318854
9.176913363367106 -0.11475544403712698 3.978840431830682
9.174222132760699 -0.12282615298601797 3.99247720070166
9.171132677681168 -0.13096108964061282 4.008473132342854
9.167047968186068 -0.1394917403985446 4.026587416738203
9.162184782775004 -0.1481995171577996 4.047135526459661
9.15647706510976 -0.15705130791959104 4.07023081133673
9.149785684628398 -0.1652456473325542 4.095488992826244
9.142115690155027 -0.17378360355877515 4.124224528284719
9.13333729823113 -0.18221341576697375 4.155830310707635
9.123354819956887 -0.19040412875993196 4.190372501355773
9.112097492062148 -0.19824572478113126 4.227862219044713
9.099527120067162 -0.20561623278731234 4.268064743907234
9.085612151156655 -0.21242387676615632 4.3108069569168235
9.070341147672199 -0.21853961032332933 4.35590228059089
9.053733199690425 -0.22382441369383144 4.403112726756237
9.035692895878118 -0.2277549334452223 4.452980107203817
9.016446784194883 -0.23063025417315478 4.504262700187847
8.99611514019651 -0.2321631500362117 4.55679005967138
8.974908398583867 -0.23222375899945719 4.61007490866172
8.953114449436516 -0.23074445145267306 4.663508894236297
8.931096375323136 -0.22774583707072166 4.7163610532453495
8.90927898015592 -0.22335380023109033 4.7677980727533615
8.88792270471038 -0.21780971707880567 4.817506707300754
8.86793753499953 -0.21148882347704015 4.863326369188704
8.84955146068848 -0.20474239036343783 4.905042922891839
8.833157277807283 -0.19798931980976178 4.941926473008602
8.833272505760608 0.19761906456173012 4.941691772959977
8.849658935875947 0.20437767914722732 4.904824298099712
8.868033752866827 0.21112869514323818 4.8631317848935005
8.888002995499011 0.2174521819520924 4.817347381026888
8.909179711316423 0.22279300473364969 4.768137404834868
8.931001951810991 0.22719429124703333 4.7166737910584215
8.95302604690817 0.2302034018752203 4.663791038771519
8.974827122972538 0.23169429657097462 4.610323309481154
8.99604190180226 0.23164607197171871 4.557003026897957
9.016382139630462 0.23012588761224148 4.504440745856714
9.03563685332668 0.22726291535420493 4.4531268282116585
9.053687171654117 0.2233732054349902 4.403159575519049
9.070300408077037 0.21809156834563934 4.355963878099493
9.085579583007469 0.21198169417854776 4.310873189879002
9.099505981945054 0.20518242014605026 4.268122300054504
9.11209202441157 0.19782306459067783 4.22789090456318
9.123374356266726 0.1900221989662857 4.190272642944034
9.133381132255144 0.18184805361325573 4.155685103730618
9.142176262906261 0.17342593719621943 4.124067808591401
9.149854052027564 0.1648853584514629 4.095359321068159
9.156521679383332 0.15670881448810975 4.0701550828452415
9.162254527315943 0.1478307889885627 4.046965156420511
9.16713041348937 0.13910537442793108 4.026371232961692
9.170921131332932 0.13076345441183637 4.008198463824695
9.174241356765947 0.12245854073445507 3.992434828731731
9.176928631865366 0.114386816088831 3.978827194152237
9.179018916078178 0.10659633616080919 3.967414626003678
9.180603727254008 0.09896713620711692 3.9577452002447693
9.181742792414502 0.09161713861600043 3.9499228991477335
9.18239229377938 0.08448839694690907 3.9441348193591916
9.182706574300543 0.07755928531000687 3.9400322838121453
9.18271246013507 0.07080341228163128 3.9376114771616892
9.182779389447601 0.06402051535865141 3.9366786795847073
9.182396081343526 0.05745101532021775 3.9369290114617934
9.18125391202308 0.0511228669473862 3.9398017917841246
9.180113485011915 0.044399887879176377 3.944121625826725
9.178675253920746 0.0376282555458344 3.9495975638597263
9.176869966966638 0.03075922150933272 3.956308839049594
9.174497619089625 0.023769497114367388 3.9646561427059956
9.171360911179761 0.016621258170765693 3.9749919322290843
9.167291525713226 0.009297446281460108 3.987844583325464
9.162348747154148 0.0019786133009086736 4.003191730114366
9.155425657868275 -0.005351395194873761 4.023103220358581
9.146578016853951 -0.012240642234294963 4.047962968051904
9.135664265528547 -0.018040815172910313 4.0774275617186015
9.122903363289334 -0.021630630594595315 4.110492993953918
9.109915619282784 -0.02135777812259229 4.142658106006851
9.10048544177325 -0.0162667981230131 4.163827078414844
9.097796626611467 -0.008320208841084316 4.167030029234691
9.099964737758862 -0.0019628795205997532 4.158934044149986
9.100075763101756 0.0016157615125655827 4.158499772504913
9.097834839282768 0.00800584397003592 4.16692789649232
9.100560721432817 0.015841469404182053 4.163570961450369
9.109929221727532 0.020951961771996486 4.14265351958219
9.122910689227703 0.02123199660203288 4.110505201486524
9.135652777628318 0.0176531683106643 4.077507862396201
9.14656630383452 0.011845437512042577 4.0480160651922175
9.155494761013758 0.004989359927639048 4.022890519100165
9.162385324051879 -0.0023144746271137988 4.003076871043842
9.167289864434718 -0.009564091606275377 3.987912557666671
9.171349850070694 -0.016881707054972196 3.9750904107051164
9.174507019063954 -0.024030396021579543 3.964710006142398
9.176848180219563 -0.031001670834783408 3.9564924764890064
9.178648587924013 -0.03788888217943023 3.9497824245258544
9.180072812651266 -0.04466197537309701 3.9443889948906006
9.181211396789847 -0.05139470205505794 3.940120000606866
9.182310904094486 -0.057837948298093474 3.9372061594650134
9.182697146883198 -0.06443596209319434 3.9369643884169427
9.182704634010763 -0.0711704048467934 3.9376944981784687
9.182705147831774 -0.07793667207725785 3.9400521288602692
9.182377977902927 -0.08486252713606068 3.944179525813832
9.181730502769053 -0.09198114654964638 3.950006130425027
9.18058096291194 -0.09933242098202473 3.95783219383899
9.179005204029668 -0.10697074083099238 3.967411175318854
9.176913363367106 -0.11475544403712698 3.978840431830682
9.174222132760699 -0.12282615298601797 3.99247720070166
9.171132677681168 -0.13096108964061282 4.008473132342854
9.167047968186068 -0.1394917403985446 4.026587416738203
9.162184782775004 -0.1481995171577996 4.047135526459661
9.15647706510976 -0.15705130791959104 4.07023081133673
9.149785684628398 -0.1652456473325542 4.095488992826244
9.142115690155027 -0.17378360355877515 4.124224528284719
9.13333729823113 -0.18221341576697375 4.155830310707635
9.123354819956887 -0.19040412875993196 4.190372501355773
9.112097492062148 -0.19824572478113126 4.227862219044713
9.099527120067162 -0.20561623278731234 4.268064743907234
9.085612151156655 -0.21242387676615632 4.3108069569168235
9.070341147672199 -0.21853961032332933 4.35590228059089
9.053733199690425 -0.22382441369383144 4.403112726756237
9.035692895878118 -0.2277549334452223 4.452980107203817
9.016446784194883 -0.23063025417315478 4.504262700187847
8.99611514019651 -0.2321631500362117 4.55679005967138
8.974908398583867 -0.23222375899945719 4.61007490866172
8.953114449436516 -0.23074445145267306 4.663508894236297
8.931096375323136 -0.22774583707072166 4.7163610532453495
8.90927898015592 -0.22335380023109033 4.7677980727533615
8.88792270471038 -0.21780971707880567 4.817506707300754
8.86793753499953 -0.21148882347704015 4.863326369188704
8.84955146068848 -0.20474239036343783 4.905042922891839
8.833157277807283 -0.19798931980976178 4.941926473008602

VECTORS L float
-0.01663864515378267 0.0 0.03568168968018977
-0.0263906705325777 0.0 0.056594975594000556
-0.03600692465001848 0.0 0.07721709909823084
-0.0460847701304169 0.0 0.09882910847477124
-0.0567576699848868 0.0 0.1217172160745874
-0.06805110985470339 0.0 0.14593607603176764
-0.07994907668161526 0.0 0.1714513482320733
-0.09241770139504449 0.0 0.1981904002192588
-0.10541273032227587 0.0 0.2260583296859284
-0.11888344056506674 0.0 0.2549463610257724
-0.13277503331156126 0.0 0.2847369778075303
-0.14703127584037237 0.0 0.3153095885710284
-0.16159282091309674 0.0 0.3465369227527977
-0.17640334135889243 0.0 0.37829818634515483
-0.19140824089249928 0.0 0.41047629723652534
-0.20656037196403423 0.0 0.4429701471799
-0.22180272756770195 0.0 0.4756574842568331
-0.23710326009292762 0.0 0.5084695821446611
-0.25241377632704814 0.0 0.5413030901653064
-0.26769820005810485 0.0 0.5740806426325581
-0.2829188209883153 0.0 0.6067213695518471
-0.2980476779416662 0.0 0.6391653079877073
-0.31305304982141247 0.0 0.6713444318286426
-0.3278971377915954 0.0 0.7031776812093526
-0.34259614320268666 0.0 0.7346998000380452
-0.35709414289134506 0.0 0.7657908607039187
-0.37136889549893687 0.0 0.7964031664594612
-0.3854008779012913 0.0 0.8264948498297786
-0.39916911675491046 0.0 0.8560209333345935
-0.4126497821617435 0.0 0.8849303135926206
-0.4258189703496017 0.0 0.9131717287989753
-0.4386502393699957 0.0 0.9406884740121304
-0.4511152071589377 0.0 0.9674196836994451
-0.4631875164107145 0.0 0.9933088344364119
-0.4747751080425985 0.0 1.0181585048830257
-0.4859343422025447 0.0 1.0420895597666173
-0.49655780067669325 0.0 1.0648716399841747
-0.506594188628225 0.0 1.0863947434031531
-0.5159826057261923 0.0 1.1065282688423743
-0.5246482587932313 0.0 1.1251118218153744
-0.5324983342012115 0.0 1.1419463628543098
-0.5394235181042224 0.0 1.156797467660118
-0.5452675463367541 0.0 1.1693300266484354
-0.5498122293926954 0.0 1.1790761309134241
-0.5527206442198954 0.0 1.1853132466380671
-0.553481179903193 0.0 1.1869442206741934
-0.5511082004350164 0.0 1.1818553497824615
-0.5431783994040392 0.0 1.1648498365932671
-0.5202505807159162 0.0 1.115680970744399
-0.3890606353215491 0.0 0.8343432249449076
-0.38910125873731294 0.0 0.8344303421411479
-0.520272741553149 0.0 1.115728494813209
-0.5431943312435443 0.0 1.1648840025333425
-0.5511211907146599 0.0 1.1818832075270564
-0.553495797502404 0.0 1.1869755682168626
-0.5527377255818973 0.0 1.185349877737092
-0.549832795430258 0.0 1.1791202349233048
-0.545286347459214 0.0 1.1693703457856641
-0.5394445665599427 0.0 1.1568426062190762
-0.532518187266157 0.0 1.1419889378894788
-0.5246694959516305 0.0 1.1251573650485336
-0.5160058235311261 0.0 1.106578059585734
-0.5066190599834756 0.0 1.0864480801966105
-0.4965849737646332 0.0 1.0649299128593135
-0.4859627045632863 0.0 1.0421503830455094
-0.47480517954323526 0.0 1.0182229934242515
-0.463214809649774 0.0 0.9933673649764582
-0.4511429690616781 0.0 0.9674792192919984
-0.4386778721999049 0.0 0.9407477328071038
-0.4258445551555571 0.0 0.9132265955924066
-0.4126738357310428 0.0 0.8849818966384462
-0.3991917104938141 0.0 0.8560693857640324
-0.38542244560141004 0.0 0.8265411019119426
-0.37138883951990853 0.0 0.7964459365504576
-0.35711125541744093 0.0 0.7658275586345586
-0.3426094829422551 0.0 0.7347284072018676
-0.3279361428584923 0.0 0.7032613278452481
-0.313067491403178 0.0 0.671375401900682
-0.2980626019771388 0.0 0.6391973126850602
-0.2829340972702421 0.0 0.6067541296441589
-0.2677128353964702 0.0 0.5741120282169666
-0.2524275824090376 0.0 0.5413326974036781
-0.23711618601098908 0.0 0.5084973018653978
-0.22181503386648954 0.0 0.475683875199749
-0.20657169811931003 0.0 0.44299443619827167
-0.19141796467104366 0.0 0.41049714994690734
-0.17641192418523238 0.0 0.3783165922756384
-0.16160033006212557 0.0 0.3465530261748571
-0.1470377856033354 0.0 0.3153235488027535
-0.13278070977559805 0.0 0.2847491510239412
-0.11888821626907413 0.0 0.25495660255606656
-0.1054167078566906 0.0 0.22606685953600733
-0.09242097726916877 0.0 0.19819742535398904
-0.07995175145100722 0.0 0.17145708429354511
-0.06805328472973017 0.0 0.14594074006631383
-0.05675942934934376 0.0 0.12172098904384102
-0.04608574648930847 0.0 0.0988312022831711
-0.03600773284062123 0.0 0.07721883226857154
-0.026391265031385735 0.0 0.05659625050080862
-0.016639002062218747 0.0 0.03568245507280092
-0.01663864515378267 0.0 0.03568168968018977
-0.0263906705325777 0.0 0.056594975594000556
-0.03600692465001848 0.0 0.07721709909823084
-0.0460847701304169 0.0 0.09882910847477124
-0.0567576699848868 0.0 0.1217172160745874
-0.06805110985470339 0.0 0.14593607603176764
-0.07994907668161526 0.0 0.1714513482320733
-0.09241770139504449 0.0 0.1981904002192588
-0.10541273032227587 0.0 0.2260583296859284
-0.11888344056506674 0.0 0.2549463610257724
-0.13277503331156126 0.0 0.2847369778075303
-0.14703127584037237 0.0 0.3153095885710284
-0.16159282091309674 0.0 0.3465369227527977
-0.17640334135889243 0.0 0.37829818634515483
-0.19140824089249928 0.0 0.41047629723652534
-0.20656037196403423 0.0 0.4429701471799
-0.22180272756770195 0.0 0.4756574842568331
-0.23710326009292762 0.0 0.5084695821446611
-0.25241377632704814 0.0 0.5413030901653064
-0.26769820005810485 0.0 0.5740806426325581
-0.2829188209883153 0.0 0.6067213695518471
-0.2980476779416662 0.0 0.6391653079877073
-0.31305304982141247 0.0 0.6713444318286426
-0.3278971377915954 0.0 0.7031776812093526
-0.34259614320268666 0.0 0.7346998000380452
-0.35709414289134506 0.0 0.7657908607039187
-0.37136889549893687 0.0 0.7964031664594612
-0.3854008779012913 0.0 0.8264948498297786
-0.39916911675491046 0.0 0.8560209333345935
-0.4126497821617435 0.0 0.8849303135926206
-0.4258189703496017 0.0 0.9131717287989753
-0.4386502393699957 0.0 0.9406884740121304
-0.4511152071589377 0.0 0.9674196836994451
-0.4631875164107145 0.0 0.9933088344364119
-0.4747751080425985 0.0 1.0181585048830257
-0.4859343422025447 0.0 1.0420895597666173
-0.49655780067669325 0.0 1.0648716399841747
-0.506594188628225 0.0 1.0863947434031531
-0.5159826057261923 0.0 1.1065282688423743
-0.5246482587932313 0.0 1.1251118218153744
-0.5324983342012115 0.0 1.1419463628543098
-0.5394235181042224 0.0 1.156797467660118
-0.5452675463367541 0.0 1.1693300266484354
-0.5498122293926954 0.0 1.1790761309134241
-0.5527206442198954 0.0 1.1853132466380671
-0.553481179903193 0.0 1.1869442206741934
-0.5511082004350164 0.0 1.1818553497824615
-0.5431783994040392 0.0 1.1648498365932671
-0.5202505807159162 0.0 1.115680970744399
-0.3890606353215491 0.0 0.8343432249449076
-0.38910125873731294 0.0 0.8344303421411479
-0.520272741553149 0.0 1.115728494813209
-0.5431943312435443 0.0 1.1648840025333425
-0.5511211907146599 0.0 1.1818832075270564
-0.553495797502404 0.0 1.1869755682168626
-0.5527377255818973 0.0 1.185349877737092
-0.549832795430258 0.0 1.1791202349233048
-0.545286347459214 0.0 1.1693703457856641
-0.5394445665599427 0.0 1.1568426062190762
-0.532518187266157 0.0 1.1419889378894788
-0.5246694959516305 0.0 1.1251573650485336
-0.5160058235311261 0.0 1.106578059585734
-0.5066190599834756 0.0 1.0864480801966105
-0.4965849737646332 0.0 1.0649299128593135
-0.4859627045632863 0.0 1.0421503830455094
-0.47480517954323526 0.0 1.0182229934242515
-0.463214809649774 0.0 0.9933673649764582
-0.4511429690616781 0.0 0.9674792192919984
-0.4386778721999049 0.0 0.9407477328071038
-0.4258445551555571 0.0 0.9132265955924066
-0.4126738357310428 0.0 0.8849818966384462
-0.3991917104938141 0.0 0.8560693857640324
-0.38542244560141004 0.0 0.8265411019119426
-0.37138883951990853 0.0 0.7964459365504576
-0.35711125541744093 0.0 0.7658275586345586
-0.3426094829422551 0.0 0.7347284072018676
-0.3279361428584923 0.0 0.7032613278452481
-0.313067491403178 0.0 0.671375401900682
-0.2980626019771388 0.0 0.6391973126850602
-0.2829340972702421 0.0 0.6067541296441589
-0.2677128353964702 0.0 0.5741120282169666
-0.2524275824090376 0.0 0.5413326974036781
-0.23711618601098908 0.0 0.5084973018653978
-0.22181503386648954 0.0 0.475683875199749
-0.20657169811931003 0.0 0.44299443619827167
-0.19141796467104366 0.0 0.41049714994690734
-0.17641192418523238 0.0 0.3783165922756384
-0.16160033006212557 0.0 0.3465530261748571
-0.1470377856033354 0.0 0.3153235488027535
-0.13278070977559805 0.0 0.2847491510239412
-0.11888821626907413 0.0 0.25495660255606656
-0.1054167078566906 0.0 0.22606685953600733
-0.09242097726916877 0.0 0.19819742535398904
-0.07995175145100722 0.0 0.17145708429354511
-0.06805328472973017 0.0 0.14594074006631383
-0.05675942934934376 0.0 0.12172098904384102
-0.04608574648930847 0.0 0.0988312022831711
-0.03600773284062123 0.0 0.07721883226857154
-0.026391265031385735 0.0 0.05659625050080862
-0.016639002062218747 0.0 0.03568245507280092

SCALARS Gamma float
LOOKUP_TABLE default
0.48837955041590786
0.7498681868294013
0.9631695521359296
1.1544161827922026
1.3323945307477516
1.5009836097271867
1.6621202200699108
1.8168137306162928
1.9655733634511752
2.108615259113436
2.2459748006237614
2.3775736430263823
2.5032813470800797
2.6229127724360692
2.7362882572605884
2.843253429362774
2.943696910916039
3.0375684988384806
3.124870583955788
3.2056627237116846
3.2800652515638515
3.3481987558110475
3.4102606065382486
3.4664699064845523
3.517064018454881
3.562295282320501
3.602414627641928
3.637662067278148
3.6682850068423507
3.6945233444137298
3.7165831237124523
3.734647491348437
3.7488696363208254
3.7593697400177084
3.7662886042985955
3.769646418939565
3.769417234386234
3.7655602501053944
3.758006949859526
3.7466475221628466
3.7313066028195463
3.711720565608251
3.6876339743667286
3.6586114579491493
3.624068983312071
3.5833712393693316
3.5359481250692655
3.4818364275631923
3.423364813853321
3.3689997521419937
3.3689716411152277
3.4233409703185336
3.4818090692596733
3.535935600392031
3.5833659063205534
3.6240709636404143
3.6586156369280207
3.6876337677161035
3.71173592303184
3.7313450891219864
3.7467038555199053
3.758077517603625
3.7656467655511188
3.769512495872599
3.7697507502137353
3.7663910231288806
3.7594747408348175
3.7489715824034233
3.7347358171567104
3.716665133069728
3.69460197771536
3.668363876663697
3.6377387961366168
3.602488487630303
3.562369622303674
3.5171414782355117
3.466555937483231
3.410344956414292
3.348278012532594
3.2801373574059625
3.2057304566451057
3.124933293180317
3.037624763097964
2.9437453159178015
2.8432913349146784
2.736318013275435
2.6229356721066246
2.5032983341986967
2.3775852974992966
2.2459803084902967
2.1086160205107616
1.9655703569366043
1.8168079260857313
1.6621125061882378
1.500974802066824
1.3323861208184782
1.1544134820172756
0.9631691309399406
0.7498688568192061
0.48838047623014635
0.48837955041590786
0.7498681868294013
0.9631695521359296
1.1544161827922026
1.3323945307477516
1.5009836097271867
1.6621202200699108
1.8168137306162928
1.9655733634511752
2.108615259113436
2.2459748006237614
2.3775736430263823
2.5032813470800797
2.6229127724360692
2.7362882572605884
2.843253429362774
2.943696910916039
3.0375684988384806
3.124870583955788
3.2056627237116846
3.2800652515638515
3.3481987558110475
3.4102606065382486
3.4664699064845523
3.517064018454881
3.562295282320501
3.602414627641928
3.637662067278148
3.6682850068423507
3.6945233444137298
3.7165831237124523
3.734647491348437
3.7488696363208254
3.7593697400177084
3.7662886042985955
3.769646418939565
3.769417234386234
3.7655602501053944
3.758006949859526
3.7466475221628466
3.7313066028195463
3.711720565608251
3.6876339743667286
3.6586114579491493
3.624068983312071
3.5833712393693316
3.5359481250692655
3.4818364275631923
3.423364813853321
3.3689997521419937
3.3689716411152277
3.4233409703185336
3.4818090692596733
3.535935600392031
3.5833659063205534
3.6240709636404143
3.6586156369280207
3.6876337677161035
3.71173592303184
3.7313450891219864
3.7467038555199053
3.758077517603625
3.7656467655511188
3.769512495872599
3.7697507502137353
3.7663910231288806
3.7594747408348175
3.7489715824034233
3.7347358171567104
3.716665133069728
3.69460197771536
3.668363876663697
3.6377387961366168
3.602488487630303
3.562369622303674
3.5171414782355117
3.466555937483231
3.410344956414292
3.348278012532594
3.2801373574059625
3.2057304566451057
3.124933293180317
3.037624763097964
2.9437453159178015
2.8432913349146784
2.736318013275435
2.6229356721066246
2.5032983341986967
2.3775852974992966
2.2459803084902967
2.1086160205107616
1.9655703569366043
1.8168079260857313
1.6621125061882378
1.500974802066824
1.3323861208184782
1.1544134820172756
0.9631691309399406
0.7498688568192061
0.48838047623014635

VECTORS Vvpm float
-0.2298053646058918 0.19761906456173012 0.7155091555529831
-0.21341893449055224 0.20437767914722732 0.6786416806927169
-0.19504411749967068 0.21112869514323818 0.6369491674865064
-0.1750748748674873 0.2174521819520924 0.5911647636198938
-0.15389815905007623 0.22279300473364969 0.5419547874278736
-0.13207591855550677 0.22719429124703333 0.4904911736514269
-0.11005182345832958 0.2302034018752203 0.43760842136452505
-0.08825074739396101 0.23169429657097462 0.38414069207415946
-0.06703596856423927 0.23164607197171871 0.33082040949096214
-0.04669573073603729 0.23012588761224148 0.2782581284497191
-0.027441017039818355 0.22726291535420493 0.22694421080466384
-0.009390698712382059 0.2233732054349902 0.17697695811205422
0.007222537710537615 0.21809156834563934 0.1297812606924986
0.022501712640971068 0.21198169417854776 0.08469057247200812
0.036428111578554766 0.20518242014605026 0.04193968264750908
0.04901415404507159 0.19782306459067783 0.001708287156185373
0.06029648590022771 0.1900221989662857 -0.0359099744629606
0.07030326188864455 0.18184805361325573 -0.07049751367637656
0.07909839253976207 0.17342593719621943 -0.10211480881559364
0.08677618166106514 0.1648853584514629 -0.1308232963388354
0.09344380901683291 0.15670881448810975 -0.15602753456175333
0.09917665694944364 0.1478307889885627 -0.1792174609864829
0.10405254312287025 0.13910537442793108 -0.19981138444530253
0.10784326096643324 0.13076345441183637 -0.21798415358229895
0.1111634863994487 0.12245854073445507 -0.2337477886752636
0.11385076149886693 0.114386816088831 -0.2473554232547577
0.11594104571167867 0.10659633616080919 -0.2587679914033163
0.11752585688750834 0.09896713620711692 -0.26843741716222475
0.11866492204800264 0.09161713861600043 -0.27625971825926093
0.1193144234128806 0.08448839694690907 -0.28204779804780294
0.1196287039340449 0.07755928531000687 -0.2861503335948491
0.11963458976857094 0.07080341228163128 -0.2885711402453053
0.11970151908110298 0.06402051535865141 -0.2895039378222872
0.11931821097702747 0.05745101532021775 -0.28925360594520105
0.11817604165658041 0.0511228669473862 -0.2863808256228698
0.11703561464541613 0.044399887879176377 -0.2820609915802696
0.11559738355424645 0.0376282555458344 -0.2765850535472686
0.11379209660013885 0.03075922150933272 -0.2698737783574003
0.11141974872312523 0.023769497114367388 -0.2615264747009989
0.10828304081326187 0.016621258170765693 -0.2511906851779104
0.10421365534672775 0.009297446281460108 -0.23833803408153076
0.09927087678764979 0.0019786133009086736 -0.2229908872926288
0.09234778750177634 -0.005351395194873761 -0.2030793970484136
0.08350014648745246 -0.012240642234294963 -0.17821964935509105
0.07258639516204843 -0.018040815172910313 -0.14875505568839298
0.05982549292283447 -0.021630630594595315 -0.11568962345307619
0.046837748916285143 -0.02135777812259229 -0.08352451140014293
0.037407571406751466 -0.0162667981230131 -0.06235553899215095
0.03471875624496879 -0.008320208841084316 -0.059152588172303504
0.03688686739236248 -0.0019628795205997532 -0.06724857325700787
0.036997892735258296 0.0016157615125655827 -0.06768284490208118
0.03475696891627018 0.00800584397003592 -0.0592547209146747
0.03748285106631922 0.015841469404182053 -0.06261165595662553
0.046851351361032245 0.020951961771996486 -0.08352909782480508
0.05983281886120532 0.02123199660203288 -0.11567741592047
0.07257490726181927 0.0176531683106643 -0.14867475501079339
0.08348843346802061 0.011845437512042577 -0.17816655221477665
0.09241689064725878 0.004989359927639048 -0.20329209830682993
0.09930745368538096 -0.0023144746271137988 -0.22310574636315292
0.10421199406821934 -0.009564091606275377 -0.23827005974032345
0.10827197970419603 -0.016881707054972196 -0.2510922067018781
0.1114291486974553 -0.024030396021579543 -0.2614726112645972
0.1137703098530648 -0.031001670834783408 -0.2696901409179887
0.11557071755751334 -0.03788888217943023 -0.2764001928811403
0.11699494228476803 -0.04466197537309701 -0.28179362251639406
0.11813352642334768 -0.05139470205505794 -0.2860626168001286
0.11923303372798645 -0.057837948298093474 -0.2889764579419812
0.11961927651669926 -0.06443596209319434 -0.28921822899005184
0.11962676364426461 -0.0711704048467934 -0.2884881192285258
0.11962727746527486 -0.07793667207725785 -0.2861304885467251
0.11930010753642784 -0.08486252713606068 -0.28200309159316206
0.1186526324025551 -0.09198114654964638 -0.2761764869819683
0.11750309254544133 -0.09933242098202473 -0.26835042356800454
0.11592733366316857 -0.10697074083099238 -0.2587714420881405
0.11383549300060669 -0.11475544403712698 -0.24734218557631232
0.11114426239420082 -0.12282615298601797 -0.23370541670533485
0.10805480731466974 -0.13096108964061282 -0.2177094850641404
0.10397009781957056 -0.1394917403985446 -0.19959520066879113
0.09910691240850518 -0.1481995171577996 -0.1790470909473339
0.09339919474326194 -0.15705130791959104 -0.15595180607026485
0.08670781426189945 -0.1652456473325542 -0.1306936245807507
0.07903781978852906 -0.17378360355877515 -0.10195808912227547
0.07025942786463014 -0.18221341576697375 -0.07035230669935974
0.060276949590388804 -0.19040412875993196 -0.03581011605122139
0.049019621695648406 -0.19824572478113126 0.0016796016377188803
0.03644924970066344 -0.20561623278731234 0.04188212650024015
0.022534280790155133 -0.21242387676615632 0.0846243395098287
0.00726327730570074 -0.21853961032332933 0.12971966318389516
-0.009344670676072947 -0.22382441369383144 0.17693010934924178
-0.0273849744883818 -0.2277549334452223 0.2267974897968218
-0.04663108617161579 -0.23063025417315478 0.2780800827808523
-0.06696273016998931 -0.2321631500362117 0.33060744226438593
-0.08816947178263204 -0.23222375899945719 0.38389229125472546
-0.10996342092998224 -0.23074445145267306 0.4373262768293024
-0.13198149504336265 -0.22774583707072166 0.4901784358383548
-0.15379889021057916 -0.22335380023109033 0.5416154553463667
-0.17515516565611783 -0.21780971707880567 0.5913240898937595
-0.19514033536696754 -0.21148882347704015 0.6371437517817099
-0.21352640967801853 -0.20474239036343783 0.6788603054848449
-0.22992059255921554 -0.19798931980976178 0.7157438556016069
-0.2298053646058918 0.19761906456173012 0.7155091555529831
-0.21341893449055224 0.20437767914722732 0.6786416806927169
-0.19504411749967068 0.21112869514323818 0.6369491674865064
-0.1750748748674873 0.2174521819520924 0.5911647636198938
-0.15389815905007623 0.22279300473364969 0.5419547874278736
-0.13207591855550677 0.22719429124703333 0.4904911736514269
-0.11005182345832958 0.2302034018752203 0.43760842136452505
-0.08825074739396101 0.23169429657097462 0.38414069207415946
-0.06703596856423927 0.23164607197171871 0.33082040949096214
-0.04669573073603729 0.23012588761224148 0.2782581284497191
-0.027441017039818355 0.22726291535420493 0.22694421080466384
-0.009390698712382059 0.2233732054349902 0.17697695811205422
0.007222537710537615 0.21809156834563934 0.1297812606924986
0.022501712640971068 0.21198169417854776 0.08469057247200812
0.036428111578554766 0.20518242014605026 0.04193968264750908
0.04901415404507159 0.19782306459067783 0.001708287156185373
0.06029648590022771 0.1900221989662857 -0.0359099744629606
0.07030326188864455 0.18184805361325573 -0.07049751367637656
0.07909839253976207 0.17342593719621943 -0.10211480881559364
0.08677618166106514 0.1648853584514629 -0.1308232963388354
0.09344380901683291 0.15670881448810975 -0.15602753456175333
0.09917665694944364 0.1478307889885627 -0.1792174609864829
0.10405254312287025 0.13910537442793108 -0.19981138444530253
0.10784326096643324 0.13076345441183637 -0.21798415358229895
0.1111634863994487 0.12245854073445507 -0.2337477886752636
0.11385076149886693 0.114386816088831 -0.2473554232547577
0.11594104571167867 0.10659633616080919 -0.2587679914033163
0.11752585688750834 0.09896713620711692 -0.26843741716222475
0.11866492204800264 0.09161713861600043 -0.27625971825926093
0.1193144234128806 0.08448839694690907 -0.28204779804780294
0.1196287039340449 0.07755928531000687 -0.2861503335948491
0.11963458976857094 0.07080341228163128 -0.2885711402453053
0.11970151908110298 0.06402051535865141 -0.2895039378222872
0.11931821097702747 0.05745101532021775 -0.28925360594520105
0.11817604165658041 0.0511228669473862 -0.2863808256228698
0.11703561464541613 0.044399887879176377 -0.2820609915802696
0.11559738355424645 0.0376282555458344 -0.2765850535472686
0.11379209660013885 0.03075922150933272 -0.2698737783574003
0.11141974872312523 0.023769497114367388 -0.2615264747009989
0.10828304081326187 0.016621258170765693 -0.2511906851779104
0.10421365534672775 0.009297446281460108 -0.23833803408153076
0.09927087678764979 0.0019786133009086736 -0.2229908872926288
0.09234778750177634 -0.005351395194873761 -0.2030793970484136
0.08350014648745246 -0.012240642234294963 -0.17821964935509105
0.07258639516204843 -0.018040815172910313 -0.14875505568839298
0.05982549292283447 -0.021630630594595315 -0.11568962345307619
0.046837748916285143 -0.02135777812259229 -0.08352451140014293
0.037407571406751466 -0.0162667981230131 -0.06235553899215095
0.03471875624496879 -0.008320208841084316 -0.059152588172303504
0.03688686739236248 -0.0019628795205997532 -0.06724857325700787
0.036997892735258296 0.0016157615125655827 -0.06768284490208118
0.03475696891627018 0.00800584397003592 -0.0592547209146747
0.03748285106631922 0.015841469404182053 -0.06261165595662553
0.046851351361032245 0.020951961771996486 -0.08352909782480508
0.05983281886120532 0.02123199660203288 -0.11567741592047
0.07257490726181927 0.0176531683106643 -0.14867475501079339
0.08348843346802061 0.011845437512042577 -0.17816655221477665
0.09241689064725878 0.004989359927639048 -0.20329209830682993
0.09930745368538096 -0.0023144746271137988 -0.22310574636315292
0.10421199406821934 -0.009564091606275377 -0.23827005974032345
0.10827197970419603 -0.016881707054972196 -0.2510922067018781
0.1114291486974553 -0.024030396021579543 -0.2614726112645972
0.1137703098530648 -0.031001670834783408 -0.2696901409179887
0.11557071755751334 -0.03788888217943023 -0.2764001928811403
0.11699494228476803 -0.04466197537309701 -0.28179362251639406
0.11813352642334768 -0.05139470205505794 -0.2860626168001286
0.11923303372798645 -0.057837948298093474 -0.2889764579419812
0.11961927651669926 -0.06443596209319434 -0.28921822899005184
0.11962676364426461 -0.0711704048467934 -0.2884881192285258
0.11962727746527486 -0.07793667207725785 -0.2861304885467251
0.11930010753642784 -0.08486252713606068 -0.28200309159316206
0.1186526324025551 -0.09198114654964638 -0.2761764869819683
0.11750309254544133 -0.09933242098202473 -0.26835042356800454
0.11592733366316857 -0.10697074083099238 -0.2587714420881405
0.11383549300060669 -0.11475544403712698 -0.24734218557631232
0.11114426239420082 -0.12282615298601797 -0.23370541670533485
0.10805480731466974 -0.13096108964061282 -0.2177094850641404
0.10397009781957056 -0.1394917403985446 -0.19959520066879113
0.09910691240850518 -0.1481995171577996 -0.1790470909473339
0.09339919474326194 -0.15705130791959104 -0.15595180607026485
0.08670781426189945 -0.1652456473325542 -0.1306936245807507
0.07903781978852906 -0.17378360355877515 -0.10195808912227547
0.07025942786463014 -0.18221341576697375 -0.07035230669935974
0.060276949590388804 -0.19040412875993196 -0.03581011605122139
0.049019621695648406 -0.19824572478113126 0.0016796016377188803
0.03644924970066344 -0.20561623278731234 0.04188212650024015
0.022534280790155133 -0.21242387676615632 0.0846243395098287
0.00726327730570074 -0.21853961032332933 0.12971966318389516
-0.009344670676072947 -0.22382441369383144 0.17693010934924178
-0.0273849744883818 -0.2277549334452223 0.2267974897968218
-0.04663108617161579 -0.23063025417315478 0.2780800827808523
-0.06696273016998931 -0.2321631500362117 0.33060744226438593
-0.08816947178263204 -0.23222375899945719 0.38389229125472546
-0.10996342092998224 -0.23074445145267306 0.4373262768293024
-0.13198149504336265 -0.22774583707072166 0.4901784358383548
-0.15379889021057916 -0.22335380023109033 0.5416154553463667
-0.17515516565611783 -0.21780971707880567 0.5913240898937595
-0.19514033536696754 -0.21148882347704015 0.6371437517817099
-0.21352640967801853 -0.20474239036343783 0.6788603054848449
-0.22992059255921554 -0.19798931980976178 0.7157438556016069

VECTORS Vvpm_BBp float
-0.13189214222364093 0.2243462132189985 0.452625151306036
-0.12106669123500167 0.22540861682734928 0.42696497207958906
-0.10909903419326439 0.2261125280087966 0.3983235376925814
-0.0959648835218295 0.22650374166526863 0.3667547256907189
-0.0823419109428322 0.22621066813448468 0.33330552494647303
-0.06810340380111421 0.2253398326898503 0.2974359650701923
-0.05381866276339609 0.22350671883074433 0.26130564860968925
-0.03952820777298956 0.22089160253528636 0.2244430700470211
-0.025434651185632887 0.21749721316334322 0.18728900846494403
-0.011714579294622204 0.21335196333879514 0.150249748430614
0.001485068261487102 0.20850506744833625 0.113689095048105
0.01404948614303716 0.2030230989047059 0.07790309805501988
0.02586000273339062 0.19695553491585335 0.04332389186429614
0.036891010736094444 0.19041407834230586 0.010021801320716367
0.04710034728057431 0.18347784234145892 -0.021783822990459695
0.05647895215928098 0.17623829141445507 -0.051950645449672254
0.06495037345861837 0.16923022339447857 -0.07909850782291847
0.07240752918302484 0.16120620641799335 -0.10443630781910589
0.07908896726123515 0.15313677354411465 -0.1278678332922218
0.08500686729196504 0.14506608054405162 -0.14931676677479752
0.09018783457494346 0.13703856326671537 -0.1687698857648835
0.09467538341273514 0.1291026279927697 -0.18628991965599012
0.09853351961923301 0.12131530553701883 -0.20203135933799252
0.10149914554069953 0.11368071091683155 -0.21541681464547563
0.10414522187758915 0.10616442979907559 -0.22721189296279776
0.10622398432436929 0.09882301505696134 -0.23711013205462525
0.10783885097545097 0.09166656866305697 -0.2454069798600867
0.10899739784774362 0.08467215848991258 -0.2519619590406136
0.10971079614606973 0.07780091814193059 -0.25677561590942644
0.11022730783406544 0.07126066822627465 -0.2598491974614298
0.11042860507112459 0.06470054679619786 -0.2623127609538252
0.11033321231982623 0.05827206273693383 -0.26318424622052405
0.10993496080306794 0.05191214676312432 -0.2624405885919421
0.10921145505627869 0.045557902260587424 -0.2601006660006258
0.10791704571351544 0.03920398632396347 -0.25590750832840736
0.10646487347103605 0.0327977140956213 -0.2505613276609678
0.10460447643677652 0.026340261678578798 -0.24412105571684645
0.1021945395840517 0.019831746485705883 -0.23603713505614082
0.09910784932719072 0.01329556011411371 -0.22615486244967606
0.09537708544313733 0.006816075372477633 -0.21431960779783124
0.09049971005728442 0.0004448146261118794 -0.200179136317615
0.08441198586020882 -0.005558136864255818 -0.18290869181236397
0.07713504121636722 -0.010743075907540886 -0.16309255763950828
0.06847881326371896 -0.014647939509753837 -0.14002570894714542
0.05903967343746361 -0.01643591036700607 -0.11624301002335018
0.04991976191973079 -0.015325240375546226 -0.09449536551205383
0.04338940040307676 -0.011310986987892246 -0.0808455250288923
0.04036845515160835 -0.006107979300601147 -0.07596157852466665
0.04037159415479566 -0.0020723033172933563 -0.07842606420741241
0.04154150356996745 -0.00020266268653265423 -0.08366247190327766
0.04047209537255674 0.0017023391677136097 -0.07878669263068863
0.0404072755865597 0.0057625813865897855 -0.0760691325832279
0.04334922953925271 0.011010418201050504 -0.08058164640419649
0.04995977920342489 0.014932170308709723 -0.09462680823538587
0.05906040510993249 0.016058739657381797 -0.11628078983314219
0.0684890129510011 0.014270407813772265 -0.14000532019538378
0.07713649319276256 0.01036983325744277 -0.16301082867469668
0.08445626036349389 0.00516734658576886 -0.18308675930085616
0.09052793012649492 -0.0008254944979401678 -0.20031512131347967
0.09539115651580127 -0.007186156130048693 -0.2144266882172237
0.09909581278571489 -0.013555218229331338 -0.22608230433431026
0.10218168164866129 -0.02008557037234111 -0.23595030490680044
0.1045753015674945 -0.02658347913683393 -0.2439549933382556
0.10643346002118938 -0.03303970280340182 -0.25035412108443444
0.10789605188936419 -0.039455518615209774 -0.2556942830253155
0.10918281144799796 -0.04594337795204599 -0.26009293914216036
0.10988835820787636 -0.052298956008543826 -0.26234412145792585
0.11028318174375164 -0.0586702062174072 -0.26306498777547005
0.11038790196315826 -0.06511810720615835 -0.2622346102118616
0.11020737736105224 -0.07170345335060395 -0.2598834682085161
0.10976528738613138 -0.07824256417734668 -0.25710371561335527
0.10899359585416546 -0.0850614684925356 -0.2520197799728412
0.1078148286511943 -0.09203573062562001 -0.24536356375844962
0.10620435189781799 -0.09919420830960282 -0.23707724290395188
0.10414319790696971 -0.10655011589923133 -0.2272610762811152
0.10147498065443926 -0.11403077582325953 -0.21537459043204124
0.09845874888629545 -0.12168434277505215 -0.20178247943124522
0.0946042886587267 -0.1294742433818008 -0.18608989735754833
0.0901211776724884 -0.13740809042227647 -0.1686033738155456
0.08494789174061776 -0.14542850087879233 -0.14918839574129894
0.07904201522846879 -0.1534862761284635 -0.12779466767877282
0.0723771589465565 -0.16153606653424582 -0.10444248608248942
0.0649408151980032 -0.1695328927990996 -0.07921144498540753
0.05643832791928054 -0.17659755013760123 -0.05177404116471904
0.047085520063213766 -0.18385696153862602 -0.02171241147535319
0.036894675666492266 -0.1908083270621113 0.010034040897823587
0.025880571934486108 -0.19736491337924042 0.04328705727594104
0.014089381430457409 -0.20345091914710284 0.07780266116929613
0.001532315967623446 -0.20893966431305117 0.11359012881557871
-0.011649582578067752 -0.21380519903977488 0.15008162298616798
-0.025354013763382782 -0.21796685188242937 0.18706142072744794
-0.039432606175977464 -0.22137687527139308 0.22415499334155803
-0.053707447449913896 -0.22400821747961758 0.2609489567718932
-0.06797491198239006 -0.2258591902584463 0.2969986684599625
-0.08224889174684925 -0.22671111033548874 0.3330744608548638
-0.09586248706984765 -0.22701278318905502 0.36648120290255193
-0.10917444205692281 -0.22654060603365658 0.3984841599963595
-0.12117568433531815 -0.22580815317955424 0.42722377074613876
-0.13202673205615156 -0.22472457412652738 0.4529567664737205
-0.1415275515130286 -0.22345206160802208 0.47530675034235087
-0.13189214222364093 0.2243462132189985 0.452625151306036
-0.12106669123500167 0.22540861682734928 0.42696497207958906
-0.10909903419326439 0.2261125280087966 0.3983235376925814
-0.0959648835218295 0.22650374166526863 0.3667547256907189
-0.0823419109428322 0.22621066813448468 0.33330552494647303
-0.06810340380111421 0.2253398326898503 0.2974359650701923
-0.05381866276339609 0.22350671883074433 0.26130564860968925
-0.03952820777298956 0.22089160253528636 0.2244430700470211
-0.025434651185632887 0.21749721316334322 0.18728900846494403
-0.011714579294622204 0.21335196333879514 0.150249748430614
0.001485068261487102 0.20850506744833625 0.113689095048105
0.01404948614303716 0.2030230989047059 0.07790309805501988
0.02586000273339062 0.19695553491585335 0.04332389186429614
0.036891010736094444 0.19041407834230586 0.010021801320716367
0.04710034728057431 0.18347784234145892 -0.021783822990459695
0.05647895215928098 0.17623829141445507 -0.051950645449672254
0.06495037345861837 0.16923022339447857 -0.07909850782291847
0.07240752918302484 0.16120620641799335 -0.10443630781910589
0.07908896726123515 0.15313677354411465 -0.1278678332922218
0.08500686729196504 0.14506608054405162 -0.14931676677479752
0.09018783457494346 0.13703856326671537 -0.1687698857648835
0.09467538341273514 0.1291026279927697 -0.18628991965599012
0.09853351961923301 0.12131530553701883 -0.20203135933799252
0.10149914554069953 0.11368071091683155 -0.21541681464547563
0.10414522187758915 0.10616442979907559 -0.22721189296279776
0.10622398432436929 0.09882301505696134 -0.23711013205462525
0.10783885097545097 0.09166656866305697 -0.2454069798600867
0.10899739784774362 0.08467215848991258 -0.2519619590406136
0.10971079614606973 0.07780091814193059 -0.25677561590942644
0.11022730783406544 0.07126066822627465 -0.2598491974614298
0.11042860507112459 0.06470054679619786 -0.2623127609538252
0.11033321231982623 0.05827206273693383 -0.26318424622052405
0.10993496080306794 0.05191214676312432 -0.2624405885919421
0.10921145505627869 0.045557902260587424 -0.2601006660006258
0.10791704571351544 0.03920398632396347 -0.25590750832840736
0.10646487347103605 0.0327977140956213 -0.2505613276609678
0.10460447643677652 0.026340261678578798 -0.24412105571684645
0.1021945395840517 0.019831746485705883 -0.23603713505614082
0.09910784932719072 0.01329556011411371 -0.22615486244967606
0.09537708544313733 0.006816075372477633 -0.21431960779783124
0.09049971005728442 0.0004448146261118794 -0.200179136317615
0.08441198586020882 -0.005558136864255818 -0.18290869181236397
0.07713504121636722 -0.010743075907540886 -0.16309255763950828
0.06847881326371896 -0.014647939509753837 -0.14002570894714542
0.05903967343746361 -0.01643591036700607 -0.11624301002335018
0.04991976191973079 -0.015325240375546226 -0.09449536551205383
0.04338940040307676 -0.011310986987892246 -0.0808455250288923
0.04036845515160835 -0.006107979300601147 -0.07596157852466665
0.04037159415479566 -0.0020723033172933563 -0.07842606420741241
0.04154150356996745 -0.00020266268653265423 -0.08366247190327766
0.04047209537255674 0.0017023391677136097 -0.07878669263068863
0.0404072755865597 0.0057625813865897855 -0.0760691325832279
0.04334922953925271 0.011010418201050504 -0.08058164640419649
0.04995977920342489 0.014932170308709723 -0.09462680823538587
0.05906040510993249 0.016058739657381797 -0.11628078983314219
0.0684890129510011 0.014270407813772265 -0.14000532019538378
0.07713649319276256 0.01036983325744277 -0.16301082867469668
0.08445626036349389 0.00516734658576886 -0.18308675930085616
0.09052793012649492 -0.0008254944979401678 -0.20031512131347967
0.09539115651580127 -0.007186156130048693 -0.2144266882172237
0.09909581278571489 -0.013555218229331338 -0.22608230433431026
0.10218168164866129 -0.02008557037234111 -0.23595030490680044
0.1045753015674945 -0.02658347913683393 -0.2439549933382556
0.10643346002118938 -0.03303970280340182 -0.25035412108443444
0.10789605188936419 -0.039455518615209774 -0.2556942830253155
0.10918281144799796 -0.04594337795204599 -0.26009293914216036
0.10988835820787636 -0.052298956008543826 -0.26234412145792585
0.11028318174375164 -0.0586702062174072 -0.26306498777547005
0.11038790196315826 -0.06511810720615835 -0.2622346102118616
0.11020737736105224 -0.07170345335060395 -0.2598834682085161
0.10976528738613138 -0.07824256417734668 -0.25710371561335527
0.10899359585416546 -0.0850614684925356 -0.2520197799728412
0.1078148286511943 -0.09203573062562001 -0.24536356375844962
0.10620435189781799 -0.09919420830960282 -0.23707724290395188
0.10414319790696971 -0.10655011589923133 -0.2272610762811152
0.10147498065443926 -0.11403077582325953 -0.21537459043204124
0.09845874888629545 -0.12168434277505215 -0.20178247943124522
0.0946042886587267 -0.1294742433818008 -0.18608989735754833
0.0901211776724884 -0.13740809042227647 -0.1686033738155456
0.08494789174061776 -0.14542850087879233 -0.14918839574129894
0.07904201522846879 -0.1534862761284635 -0.12779466767877282
0.0723771589465565 -0.16153606653424582 -0.10444248608248942
0.0649408151980032 -0.1695328927990996 -0.07921144498540753
0.05643832791928054 -0.17659755013760123 -0.05177404116471904
0.047085520063213766 -0.18385696153862602 -0.02171241147535319
0.036894675666492266 -0.1908083270621113 0.010034040897823587
0.025880571934486108 -0.19736491337924042 0.04328705727594104
0.014089381430457409 -0.20345091914710284 0.07780266116929613
0.001532315967623446 -0.20893966431305117 0.11359012881557871
-0.011649582578067752 -0.21380519903977488 0.15008162298616798
-0.025354013763382782 -0.21796685188242937 0.18706142072744794
-0.039432606175977464 -0.22137687527139308 0.22415499334155803
-0.053707447449913896 -0.22400821747961758 0.2609489567718932
-0.06797491198239006 -0.2258591902584463 0.2969986684599625
-0.08224889174684925 -0.22671111033548874 0.3330744608548638
-0.09586248706984765 -0.22701278318905502 0.36648120290255193
-0.10917444205692281 -0.22654060603365658 0.3984841599963595
-0.12117568433531815 -0.22580815317955424 0.42722377074613876
-0.13202673205615156 -0.22472457412652738 0.4529567664737205
-0.1415275515130286 -0.22345206160802208 0.47530675034235087

VECTORS ftot float
-6.453532215264289 -11.513142459275503 6.589796483050833
-8.673983536421453 -13.717981007030327 8.8179607591389
-9.777563618210987 -14.803692244183626 10.632863301765878
-10.472334039088498 -15.478510308878208 12.258364327233876
-10.951721339174444 -15.934383115007998 13.769370395553384
-11.29081297276136 -16.25016357973096 15.200267184715385
-11.527634639116801 -16.462294252850405 16.567076839749888
-11.68302085863618 -16.59186727638988 17.87848155821741
-11.77010988775109 -16.652288013362906 19.138852598109416
-11.798223842070794 -16.65314961990775 20.35002689387707
-11.774834142400984 -16.60219238383892 21.51227385112791
-11.70698477428363 -16.506720488791597 22.624875319873013
-11.600225698102626 -16.372528716002968 23.686660534474257
-11.46155626526458 -16.206839107516775 24.695989819818436
-11.297742457277439 -16.01661155813464 25.651277808707178
-11.115717296133814 -15.809806134034114 26.551698525446817
-10.92120110548339 -15.590205229701827 27.395098393415896
-10.720606526680651 -15.367405605510163 28.182402376769943
-10.517894539127115 -15.14355199323189 28.91284754205859
-10.316948008629712 -14.922847693596065 29.58708695992364
-10.119364958896067 -14.707130987531555 30.206250116709136
-9.928782196056108 -14.500161301841512 30.771390210350873
-9.745893777553086 -14.302593500723608 31.284101670978515
-9.568857146739457 -14.109165595228399 31.746220903820962
-9.403524298634569 -13.934926742793882 32.16162402124124
-9.245045154964043 -13.768678057416777 32.53086860435233
-9.092428385538636 -13.60970321295207 32.85629412651114
-8.945028300787229 -13.457587385299947 33.14011060596102
-8.801364056206332 -13.311029561790784 33.38455298973461
-8.659227477028676 -13.167947414568477 33.59175554297495
-8.5168086998513 -13.026606360326927 33.763535594265456
-8.37203805654228 -12.884973847687789 33.90150603231006
-8.222853071090444 -12.74100959847039 34.00704444734158
-8.067925720451676 -12.593427433654771 34.081308108989916
-7.898141377387413 -12.427655728878154 34.123798791343056
-7.720264634661511 -12.261818802554311 34.1386098260698
-7.52743286236413 -12.082514883184505 34.12307705963654
-7.3171146612732745 -11.887395942154425 34.07722257596206
-7.085918112139159 -11.673134431314766 34.00088190608527
-6.829342465987757 -11.435108166347153 33.8935829490968
-6.5418548129460365 -11.167385710659813 33.75431566793865
-6.217888431428418 -10.86361789500668 33.58127909039181
-5.846211824311198 -10.5126040045127 33.37257617773039
-5.411472225171728 -10.097153611189043 33.124805689299144
-4.889090077224339 -9.58946463921474 32.83218058903494
-4.234698967964598 -8.945867546495464 32.48863114763837
-3.3462829225898254 -8.064181459938032 32.088108500210865
-1.9343697277885508 -6.6557938327652435 31.62996092430883
1.196172436100262 -3.5268861610154545 31.133554119111977
17.63887066448558 12.914926499501227 30.670735019065926
17.63791971491037 -12.913917743085157 30.67263522053168
1.1962768565929323 3.526375027781398 31.134905230986323
-1.9342039641907354 6.655069351361218 31.630992408870657
-3.34574210282043 8.063128530304803 32.0891538241519
-4.234306577811322 8.945142866175699 32.489724308063
-4.888866488898527 9.589194678328996 32.833369956540444
-5.411630607152585 10.097659517025928 33.12606527628391
-5.84621832661089 10.512432603919244 33.37381784885577
-6.217800168961331 10.86369471178187 33.58274373601339
-6.54130172026136 11.166762782684204 33.75594576900014
-6.8287407269062825 11.43435222829176 33.89536442583619
-7.085390678720761 11.67245309886347 34.00280647970803
-7.316552890195193 11.886707091336309 34.07932507721008
-7.52704321798089 12.082000243761044 34.12531815074295
-7.719824277833593 12.261185813493581 34.141017845226266
-7.897892152301001 12.427037317436376 34.12630962715476
-8.068114156527276 12.59384194924637 34.083450157749326
-8.22315554083293 12.741496879898312 34.0092321874965
-8.37269385999888 12.885741650907216 33.90358178555845
-8.517366582996694 13.02722824962319 33.765542709188544
-8.659719802339728 13.16849031215548 33.593719417909426
-8.80173044753518 13.311446834664487 33.386504070895604
-8.945423321853525 13.458008551553007 33.142014406500536
-9.092808479552733 13.610012527667383 32.858109100683194
-9.245196348683262 13.76854098074911 32.53256362490063
-9.4033311775868 13.934062728181582 32.16313709629385
-9.57138073014282 14.11566341169194 31.749351297145118
-9.745731769775826 14.301797702944995 31.28583004463915
-9.928983543345314 14.50001233199591 30.773068955149704
-10.119864754681158 14.707521578803588 30.207902842705476
-10.31747929196886 14.9234195478406 29.588719790534995
-10.518473073990462 15.144234518787602 28.914427452333427
-10.721245342274607 15.368167866593815 28.183913414543216
-10.921913625196645 15.591082649249433 27.39656865983511
-11.116598635042587 15.810950097384913 26.55302765189952
-11.298550920387074 16.017638859918282 25.6524715656048
-11.462303477261363 16.207841511968986 24.697103001274993
-11.600903077023698 16.37349543964189 23.68769674308881
-11.707589472389287 16.50764822111252 22.625836751668878
-11.775425708539743 16.60314191858378 21.51315244362982
-11.798717192682592 16.654038697859868 20.35083533461323
-11.770496264309966 16.65311202376391 19.13960169040268
-11.683288229646806 16.59261927149718 17.879183716510486
-11.527775373323264 16.462972121734676 16.56774532073165
-11.290824447207967 16.250770081492536 15.20091589223344
-10.951583252169936 15.934902588497373 13.770019909069973
-10.472201652381628 15.478363994202835 12.258789226681017
-9.777502024170616 14.803616091893808 10.633233019233792
-8.67397291470617 13.717954264856926 8.81825546843176
-6.4535602416238085 11.513152307782592 6.589989320919162
-6.453532215264289 -11.513142459275503 6.589796483050833
-8.673983536421453 -13.717981007030327 8.8179607591389
-9.777563618210987 -14.803692244183626 10.632863301765878
-10.472334039088498 -15.478510308878208 12.258364327233876
-10.951721339174444 -15.934383115007998 13.769370395553384
-11.29081297276136 -16.25016357973096 15.200267184715385
-11.527634639116801 -16.462294252850405 16.567076839749888
-11.68302085863618 -16.59186727638988 17.87848155821741
-11.77010988775109 -16.652288013362906 19.138852598109416
-11.798223842070794 -16.65314961990775 20.35002689387707
-11.774834142400984 -16.60219238383892 21.51227385112791
-11.70698477428363 -16.506720488791597 22.624875319873013
-11.600225698102626 -16.372528716002968 23.686660534474257
-11.46155626526458 -16.206839107516775 24.695989819818436
-11.297742457277439 -16.01661155813464 25.651277808707178
-11.115717296133814 -15.809806134034114 26.551698525446817
-10.92120110548339 -15.590205229701827 27.395098393415896
-10.720606526680651 -15.367405605510163 28.182402376769943
-10.517894539127115 -15.14355199323189 28.91284754205859
-10.316948008629712 -14.922847693596065 29.58708695992364
-10.119364958896067 -14.707130987531555 30.206250116709136
-9.928782196056108 -14.500161301841512 30.771390210350873
-9.745893777553086 -14.302593500723608 31.284101670978515
-9.568857146739457 -14.109165595228399 31.746220903820962
-9.403524298634569 -13.934926742793882 32.16162402124124
-9.245045154964043 -13.768678057416777 32.53086860435233
-9.092428385538636 -13.60970321295207 32.85629412651114
-8.945028300787229 -13.457587385299947 33.14011060596102
-8.801364056206332 -13.311029561790784 33.38455298973461
-8.659227477028676 -13.167947414568477 33.59175554297495
-8.5168086998513 -13.026606360326927 33.763535594265456
-8.37203805654228 -12.884973847687789 33.90150603231006
-8.222853071090444 -12.74100959847039 34.00704444734158
-8.067925720451676 -12.593427433654771 34.081308108989916
-7.898141377387413 -12.427655728878154 34.123798791343056
-7.720264634661511 -12.261818802554311 34.1386098260698
-7.52743286236413 -12.082514883184505 34.12307705963654
-7.3171146612732745 -11.887395942154425 34.07722257596206
-7.085918112139159 -11.673134431314766 34.00088190608527
-6.829342465987757 -11.435108166347153 33.8935829490968
-6.5418548129460365 -11.167385710659813 33.75431566793865
-6.217888431428418 -10.86361789500668 33.58127909039181
-5.846211824311198 -10.5126040045127 33.37257617773039
-5.411472225171728 -10.097153611189043 33.124805689299144
-4.889090077224339 -9.58946463921474 32.83218058903494
-4.234698967964598 -8.945867546495464 32.48863114763837
-3.3462829225898254 -8.064181459938032 32.088108500210865
-1.9343697277885508 -6.6557938327652435 31.62996092430883
1.196172436100262 -3.5268861610154545 31.133554119111977
17.63887066448558 12.914926499501227 30.670735019065926
17.63791971491037 -12.913917743085157 30.67263522053168
1.1962768565929323 3.526375027781398 31.134905230986323
-1.9342039641907354 6.655069351361218 31.630992408870657
-3.34574210282043 8.063128530304803 32.0891538241519
-4.234306577811322 8.945142866175699 32.489724308063
-4.888866488898527 9.589194678328996 32.833369956540444
-5.411630607152585 10.097659517025928 33.12606527628391
-5.84621832661089 10.512432603919244 33.37381784885577
-6.217800168961331 10.86369471178187 33.58274373601339
-6.54130172026136 11.166762782684204 33.75594576900014
-6.8287407269062825 11.43435222829176 33.89536442583619
-7.085390678720761 11.67245309886347 34.00280647970803
-7.316552890195193 11.886707091336309 34.07932507721008
-7.52704321798089 12.082000243761044 34.12531815074295
-7.719824277833593 12.261185813493581 34.141017845226266
-7.897892152301001 12.427037317436376 34.12630962715476
-8.068114156527276 12.59384194924637 34.083450157749326
-8.22315554083293 12.741496879898312 34.0092321874965
-8.37269385999888 12.885741650907216 33.90358178555845
-8.517366582996694 13.02722824962319 33.765542709188544
-8.659719802339728 13.16849031215548 33.593719417909426
-8.80173044753518 13.311446834664487 33.386504070895604
-8.945423321853525 13.458008551553007 33.142014406500536
-9.092808479552733 13.610012527667383 32.858109100683194
-9.245196348683262 13.76854098074911 32.53256362490063
-9.4033311775868 13.934062728181582 32.16313709629385
-9.57138073014282 14.11566341169194 31.749351297145118
-9.745731769775826 14.301797702944995 31.28583004463915
-9.928983543345314 14.50001233199591 30.773068955149704
-10.119864754681158 14.707521578803588 30.207902842705476
-10.31747929196886 14.9234195478406 29.588719790534995
-10.518473073990462 15.144234518787602 28.914427452333427
-10.721245342274607 15.368167866593815 28.183913414543216
-10.921913625196645 15.591082649249433 27.39656865983511
-11.116598635042587 15.810950097384913 26.55302765189952
-11.298550920387074 16.017638859918282 25.6524715656048
-11.462303477261363 16.207841511968986 24.697103001274993
-11.600903077023698 16.37349543964189 23.68769674308881
-11.707589472389287 16.50764822111252 22.625836751668878
-11.775425708539743 16.60314191858378 21.51315244362982
-11.798717192682592 16.654038697859868 20.35083533461323
-11.770496264309966 16.65311202376391 19.13960169040268
-11.683288229646806 16.59261927149718 17.879183716510486
-11.527775373323264 16.462972121734676 16.56774532073165
-11.290824447207967 16.250770081492536 15.20091589223344
-10.951583252169936 15.934902588497373 13.770019909069973
-10.472201652381628 15.478363994202835 12.258789226681017
-9.777502024170616 14.803616091893808 10.633233019233792
-8.67397291470617 13.717954264856926 8.81825546843176
-6.4535602416238085 11.513152307782592 6.589989320919162

VECTORS D float
-0.012566521544022142 -0.0 -0.0058598652323473025
-0.02007291430173992 -0.0 -0.00936015366039032
-0.02449533292563118 -0.0 -0.011422361332278107
-0.02742130022839988 -0.0 -0.012786762293070275
-0.029216390316503832 -0.0 -0.013623826548231278
-0.029969904912830952 -0.0 -0.013975196175030187
-0.02970973999840282 -0.0 -0.013853879283049111
-0.02843025254633761 -0.0 -0.013257244485637875
-0.026119448704964607 -0.0 -0.012179698957911657
-0.022769668473110058 -0.0 -0.010617670782661653
-0.01838456383428752 -0.0 -0.008572862907767695
-0.0129882193459857 -0.0 -0.00605650614683004
-0.006609590839209865 -0.0 -0.003082102825594684
0.0006847124778375528 0.0 0.00031928667204993567
0.008810312475852948 0.0 0.004108316178228756
0.01766494545515955 0.0 0.008237299346631236
0.027135053228226944 0.0 0.012653283124765742
0.037100102086566535 0.0 0.017300061721298218
0.047449867749525955 0.0 0.022126236710045842
0.05807466051949753 0.0 0.027080658944993445
0.06889857020402786 0.0 0.03212793092206799
0.0798053085589533 0.0 0.03721382654246258
0.09072986561935607 0.0 0.04230803116167965
0.10165881971411855 0.0 0.04740428615169183
0.11245055602217079 0.0 0.05243655543692595
0.1231427007743396 0.0 0.057422384416964026
0.13372183230025822 0.0 0.06235551446412887
0.14417122192086237 0.0 0.06722814486726193
0.15449805419813226 0.0 0.07204362584263511
0.16473240446227935 0.0 0.07681598174704753
0.17489988105818668 0.0 0.08155715394783083
0.18503744185397855 0.0 0.08628437618192046
0.19518676203614965 0.0 0.09101708190793394
0.20537492929017 0.0 0.0957679023210476
0.21582304012598827 0.0 0.1006399364170419
0.22639709255709758 0.0 0.10557069804340065
0.23724625755534798 0.0 0.11062974676667198
0.2484458403644287 0.0 0.11585219799868739
0.26010103166995124 0.0 0.12128710296171409
0.2723553697714357 0.0 0.12700139466405688
0.28538832524262603 0.0 0.13307876160866602
0.2993825696873393 0.0 0.13960438496332886
0.3147157294345862 0.0 0.14675435477718404
0.33190680064890055 0.0 0.15477068293630677
0.35178629858041227 0.0 0.16404064506204716
0.37592143066409167 0.0 0.17529504198324927
0.40801803850652024 0.0 0.1902619360209715
0.4588550958358087 0.0 0.21396764517168343
0.573388554966423 0.0 0.26737547427927144
1.1872997095743598 0.0 0.5536469470997297
1.1872972981993477 0.0 0.5536458226570949
0.5734153545106543 0.0 0.26738797111198154
0.45887825366421253 0.0 0.21397844384441436
0.4080541547411912 0.0 0.1902787772977823
0.37595250107322925 0.0 0.17530953035297214
0.351812569090749 0.0 0.16405289520220082
0.33192098907016837 0.0 0.1547772991058011
0.3147342741316806 0.0 0.14676300231145734
0.29940702550659554 0.0 0.1396157888991345
0.2854290706603015 0.0 0.13309776150896283
0.27239883666747866 0.0 0.12702166361055794
0.2601432957708164 0.0 0.12130681103561256
0.2484905310450042 0.0 0.1158730376052879
0.23728685345131925 0.0 0.11064867694385304
0.22644025868498902 0.0 0.10559082673940932
0.2158612828340556 0.0 0.10065776928468226
0.20539620100723627 0.0 0.09577782148561771
0.19520510985715597 0.0 0.09102563763737963
0.1850452085356302 0.0 0.08628799784505307
0.1749090297158481 0.0 0.0815614200369602
0.16474236254784194 0.0 0.07682062527860593
0.15451046254359366 0.0 0.07204941194914878
0.14418213668700325 0.0 0.0672332345063004
0.13373184187661624 0.0 0.0623601820062395
0.12315598725220557 0.0 0.05742858000334284
0.11246862228293847 0.0 0.05244497987267613
0.1016381592163644 0.0 0.047394652003367774
0.09074800292013302 0.0 0.04231648872393021
0.07981580682411402 0.0 0.03721872196390436
0.06890327601837094 0.0 0.03213012527933403
0.0580785010478138 0.0 0.027082449812758688
0.047452399829252076 0.0 0.02212741743821319
0.03710111028935166 0.0 0.017300531853977896
0.027134659041588665 0.0 0.012653099312517568
0.017661294539260877 0.0 0.008235596896588405
0.008806969600631903 0.0 0.004106757369912927
0.0006818396986305742 0.0 0.0003179470731055331
-0.006611903634267305 -0.0 -0.003083181299641711
-0.012989975032026273 -0.0 -0.006057324836676075
-0.018386481608791087 -0.0 -0.008573757180705324
-0.022770816088486325 -0.0 -0.010618205924500225
-0.02611978896801885 -0.0 -0.01217985762517964
-0.028429742330170975 -0.0 -0.01325700656793206
-0.02970840398991283 -0.0 -0.013853256292058868
-0.029967829653028914 -0.0 -0.013974228465491838
-0.02921354693063282 -0.0 -0.013622500655624538
-0.027419394637636117 -0.0 -0.012785873701503823
-0.02449414359933221 -0.0 -0.01142180674031685
-0.02007226290601129 -0.0 -0.009359849909573573
-0.012566291467602153 -0.0 -0.005859757945950701
-0.012566521544022142 -0.0 -0.0058598652323473025
-0.02007291430173992 -0.0 -0.00936015366039032
-0.02449533292563118 -0.0 -0.011422361332278107
-0.02742130022839988 -0.0 -0.012786762293070275
-0.029216390316503832 -0.0 -0.013623826548231278
-0.029969904912830952 -0.0 -0.013975196175030187
-0.02970973999840282 -0.0 -0.013853879283049111
-0.02843025254633761 -0.0 -0.013257244485637875
-0.026119448704964607 -0.0 -0.012179698957911657
-0.022769668473110058 -0.0 -0.010617670782661653
-0.01838456383428752 -0.0 -0.008572862907767695
-0.0129882193459857 -0.0 -0.00605650614683004
-0.006609590839209865 -0.0 -0.003082102825594684
0.0006847124778375528 0.0 0.00031928667204993567
0.008810312475852948 0.0 0.004108316178228756
0.01766494545515955 0.0 0.008237299346631236
0.027135053228226944 0.0 0.012653283124765742
0.037100102086566535 0.0 0.017300061721298218
0.047449867749525955 0.0 0.022126236710045842
0.05807466051949753 0.0 0.027080658944993445
0.06889857020402786 0.0 0.03212793092206799
0.0798053085589533 0.0 0.03721382654246258
0.09072986561935607 0.0 0.04230803116167965
0.10165881971411855 0.0 0.04740428615169183
0.11245055602217079 0.0 0.05243655543692595
0.1231427007743396 0.0 0.057422384416964026
0.13372183230025822 0.0 0.06235551446412887
0.14417122192086237 0.0 0.06722814486726193
0.15449805419813226 0.0 0.07204362584263511
0.16473240446227935 0.0 0.07681598174704753
0.17489988105818668 0.0 0.08155715394783083
0.18503744185397855 0.0 0.08628437618192046
0.19518676203614965 0.0 0.09101708190793394
0.20537492929017 0.0 0.0957679023210476
0.21582304012598827 0.0 0.1006399364170419
0.22639709255709758 0.0 0.10557069804340065
0.23724625755534798 0.0 0.11062974676667198
0.2484458403644287 0.0 0.11585219799868739
0.26010103166995124 0.0 0.12128710296171409
0.2723553697714357 0.0 0.12700139466405688
0.28538832524262603 0.0 0.13307876160866602
0.2993825696873393 0.0 0.13960438496332886
0.3147157294345862 0.0 0.14675435477718404
0.33190680064890055 0.0 0.15477068293630677
0.35178629858041227 0.0 0.16404064506204716
0.37592143066409167 0.0 0.17529504198324927
0.40801803850652024 0.0 0.1902619360209715
0.4588550958358087 0.0 0.21396764517168343
0.573388554966423 0.0 0.26737547427927144
1.1872997095743598 0.0 0.5536469470997297
1.1872972981993477 0.0 0.5536458226570949
0.5734153545106543 0.0 0.26738797111198154
0.45887825366421253 0.0 0.21397844384441436
0.4080541547411912 0.0 0.1902787772977823
0.37595250107322925 0.0 0.17530953035297214
0.351812569090749 0.0 0.16405289520220082
0.33192098907016837 0.0 0.1547772991058011
0.3147342741316806 0.0 0.14676300231145734
0.29940702550659554 0.0 0.1396157888991345
0.2854290706603015 0.0 0.13309776150896283
0.27239883666747866 0.0 0.12702166361055794
0.2601432957708164 0.0 0.12130681103561256
0.2484905310450042 0.0 0.1158730376052879
0.23728685345131925 0.0 0.11064867694385304
0.22644025868498902 0.0 0.10559082673940932
0.2158612828340556 0.0 0.10065776928468226
0.20539620100723627 0.0 0.09577782148561771
0.19520510985715597 0.0 0.09102563763737963
0.1850452085356302 0.0 0.08628799784505307
0.1749090297158481 0.0 0.0815614200369602
0.16474236254784194 0.0 0.07682062527860593
0.15451046254359366 0.0 0.07204941194914878
0.14418213668700325 0.0 0.0672332345063004
0.13373184187661624 0.0 0.0623601820062395
0.12315598725220557 0.0 0.05742858000334284
0.11246862228293847 0.0 0.05244497987267613
0.1016381592163644 0.0 0.047394652003367774
0.09074800292013302 0.0 0.04231648872393021
0.07981580682411402 0.0 0.03721872196390436
0.06890327601837094 0.0 0.03213012527933403
0.0580785010478138 0.0 0.027082449812758688
0.047452399829252076 0.0 0.02212741743821319
0.03710111028935166 0.0 0.017300531853977896
0.027134659041588665 0.0 0.012653099312517568
0.017661294539260877 0.0 0.008235596896588405
0.008806969600631903 0.0 0.004106757369912927
0.0006818396986305742 0.0 0.0003179470731055331
-0.006611903634267305 -0.0 -0.003083181299641711
-0.012989975032026273 -0.0 -0.006057324836676075
-0.018386481608791087 -0.0 -0.008573757180705324
-0.022770816088486325 -0.0 -0.010618205924500225
-0.02611978896801885 -0.0 -0.01217985762517964
-0.028429742330170975 -0.0 -0.01325700656793206
-0.02970840398991283 -0.0 -0.013853256292058868
-0.029967829653028914 -0.0 -0.013974228465491838
-0.02921354693063282 -0.0 -0.013622500655624538
-0.027419394637636117 -0.0 -0.012785873701503823
-0.02449414359933221 -0.0 -0.01142180674031685
-0.02007226290601129 -0.0 -0.009359849909573573
-0.012566291467602153 -0.0 -0.005859757945950701

VECTORS funs-vector float
0.0 0.0 -0.017952167634959524
0.0 0.0 -0.027170780609465636
0.0 0.0 -0.034302836454279374
0.0 0.0 -0.04027104750810006
0.0 0.0 -0.04517255551114117
0.0 0.0 -0.05001178910243326
0.0 0.0 -0.054725943536994455
0.0 0.0 -0.0592423822586716
0.0 0.0 -0.06350641619135383
0.0 0.0 -0.06747800951558636
0.0 0.0 -0.07111328053875553
0.0 0.0 -0.07420283418399076
0.0 0.0 -0.07820604815860838
0.0 0.0 -0.08171108736653246
0.0 0.0 -0.08452596581318068
0.0 0.0 -0.0865690936123846
0.0 0.0 -0.08804629265602223
0.0 0.0 -0.08956122309007439
0.0 0.0 -0.0909992496684812
0.0 0.0 -0.09238018654995211
0.0 0.0 -0.09392300690399423
0.0 0.0 -0.09441251171876729
0.0 0.0 -0.09509707554808182
0.0 0.0 -0.0956667937794048
0.0 0.0 -0.09691166888916637
0.0 0.0 -0.09641942219919031
0.0 0.0 -0.09547011416645874
0.0 0.0 -0.09406469696435174
0.0 0.0 -0.09302165485077299
0.0 0.0 -0.09232604163834814
0.0 0.0 -0.09064781268288355
0.0 0.0 -0.08891835834368776
0.0 0.0 -0.08708796988904574
0.0 0.0 -0.08667821198129586
0.0 0.0 -0.08905036283986723
0.0 0.0 -0.08858046990360181
0.0 0.0 -0.08724807179796493
0.0 0.0 -0.08555363683058075
0.0 0.0 -0.08462659758035977
0.0 0.0 -0.08260827370862828
0.0 0.0 -0.08054371193848783
0.0 0.0 -0.07976373996300817
0.0 0.0 -0.07919212712320443
0.0 0.0 -0.07758260529741084
0.0 0.0 -0.07582582328886776
0.0 0.0 -0.07426668813582249
0.0 0.0 -0.07293053310909481
0.0 0.0 -0.0718408605597454
0.0 0.0 -0.07054958474454442
0.0 0.0 -0.06931731989877223
0.0 0.0 -0.06874080214450311
0.0 0.0 -0.06937878148157821
0.0 0.0 -0.06962872288600284
0.0 0.0 -0.07183436032127526
0.0 0.0 -0.07432649383565347
0.0 0.0 -0.07699409741412791
0.0 0.0 -0.07895259135594043
0.0 0.0 -0.07967132174571197
0.0 0.0 -0.07978763782379034
0.0 0.0 -0.08062621556563249
0.0 0.0 -0.08257758609742119
0.0 0.0 -0.0844676864172
0.0 0.0 -0.08668987367749603
0.0 0.0 -0.09003534470038299
0.0 0.0 -0.09293621041321715
0.0 0.0 -0.09673774619970099
0.0 0.0 -0.09359371828978753
0.0 0.0 -0.09379502011922243
0.0 0.0 -0.0954755701943636
0.0 0.0 -0.09620067079833852
0.0 0.0 -0.09758673039251488
0.0 0.0 -0.09743542625383647
0.0 0.0 -0.09806334275894747
0.0 0.0 -0.09857336454170838
0.0 0.0 -0.09906365705303767
0.0 0.0 -0.09917048277953265
0.0 0.0 -0.09747225897226615
0.0 0.0 -0.09655302290905807
0.0 0.0 -0.09572589621027755
0.0 0.0 -0.09513290556673906
0.0 0.0 -0.09369108394902012
0.0 0.0 -0.09230840810177396
0.0 0.0 -0.09063193570132523
0.0 0.0 -0.08865771394387231
0.0 0.0 -0.08692714380534872
0.0 0.0 -0.08470696762986116
0.0 0.0 -0.08181156607757603
0.0 0.0 -0.07826761389439439
0.0 0.0 -0.07418006464989255
0.0 0.0 -0.07083175866814305
0.0 0.0 -0.06703270117086067
0.0 0.0 -0.0629382769460889
0.0 0.0 -0.05861713733031239
0.0 0.0 -0.05418454680132488
0.0 0.0 -0.04979330623734091
0.0 0.0 -0.045472607663976705
0.0 0.0 -0.04104304155966788
0.0 0.0 -0.0352193114731348
0.0 0.0 -0.028042836794353463
0.0 0.0 -0.018598575447962232
0.0 0.0 -0.017952167634959524
0.0 0.0 -0.027170780609465636
0.0 0.0 -0.034302836454279374
0.0 0.0 -0.04027104750810006
0.0 0.0 -0.04517255551114117
0.0 0.0 -0.05001178910243326
0.0 0.0 -0.054725943536994455
0.0 0.0 -0.0592423822586716
0.0 0.0 -0.06350641619135383
0.0 0.0 -0.06747800951558636
0.0 0.0 -0.07111328053875553
0.0 0.0 -0.07420283418399076
0.0 0.0 -0.07820604815860838
0.0 0.0 -0.08171108736653246
0.0 0.0 -0.08452596581318068
0.0 0.0 -0.0865690936123846
0.0 0.0 -0.08804629265602223
0.0 0.0 -0.08956122309007439
0.0 0.0 -0.0909992496684812
0.0 0.0 -0.09238018654995211
0.0 0.0 -0.09392300690399423
0.0 0.0 -0.09441251171876729
0.0 0.0 -0.09509707554808182
0.0 0.0 -0.0956667937794048
0.0 0.0 -0.09691166888916637
0.0 0.0 -0.09641942219919031
0.0 0.0 -0.09547011416645874
0.0 0.0 -0.09406469696435174
0.0 0.0 -0.09302165485077299
0.0 0.0 -0.09232604163834814
0.0 0.0 -0.09064781268288355
0.0 0.0 -0.08891835834368776
0.0 0.0 -0.08708796988904574
0.0 0.0 -0.08667821198129586
0.0 0.0 -0.08905036283986723
0.0 0.0 -0.08858046990360181
0.0 0.0 -0.08724807179796493
0.0 0.0 -0.08555363683058075
0.0 0.0 -0.08462659758035977
0.0 0.0 -0.08260827370862828
0.0 0.0 -0.08054371193848783
0.0 0.0 -0.07976373996300817
0.0 0.0 -0.07919212712320443
0.0 0.0 -0.07758260529741084
0.0 0.0 -0.07582582328886776
0.0 0.0 -0.07426668813582249
0.0 0.0 -0.07293053310909481
0.0 0.0 -0.0718408605597454
0.0 0.0 -0.07054958474454442
0.0 0.0 -0.06931731989877223
0.0 0.0 -0.06874080214450311
0.0 0.0 -0.06937878148157821
0.0 0.0 -0.06962872288600284
0.0 0.0 -0.07183436032127526
0.0 0.0 -0.07432649383565347
0.0 0.0 -0.07699409741412791
0.0 0.0 -0.07895259135594043
0.0 0.0 -0.07967132174571197
0.0 0.0 -0.07978763782379034
0.0 0.0 -0.08062621556563249
0.0 0.0 -0.08257758609742119
0.0 0.0 -0.0844676864172
0.0 0.0 -0.08668987367749603
0.0 0.0 -0.09003534470038299
0.0 0.0 -0.09293621041321715
0.0 0.0 -0.09673774619970099
0.0 0.0 -0.09359371828978753
0.0 0.0 -0.09379502011922243
0.0 0.0 -0.0954755701943636
0.0 0.0 -0.09620067079833852
0.0 0.0 -0.09758673039251488
0.0 0.0 -0.09743542625383647
0.0 0.0 -0.09806334275894747
0.0 0.0 -0.09857336454170838
0.0 0.0 -0.09906365705303767
0.0 0.0 -0.09917048277953265
0.0 0.0 -0.09747225897226615
0.0 0.0 -0.09655302290905807
0.0 0.0 -0.09572589621027755
0.0 0.0 -0.09513290556673906
0.0 0.0 -0.09369108394902012
0.0 0.0 -0.09230840810177396
0.0 0.0 -0.09063193570132523
0.0 0.0 -0.08865771394387231
0.0 0.0 -0.08692714380534872
0.0 0.0 -0.08470696762986116
0.0 0.0 -0.08181156607757603
0.0 0.0 -0.07826761389439439
0.0 0.0 -0.07418006464989255
0.0 0.0 -0.07083175866814305
0.0 0.0 -0.06703270117086067
0.0 0.0 -0.0629382769460889
0.0 0.0 -0.05861713733031239
0.0 0.0 -0.05418454680132488
0.0 0.0 -0.04979330623734091
0.0 0.0 -0.045472607663976705
0.0 0.0 -0.04104304155966788
0.0 0.0 -0.0352193114731348
0.0 0.0 -0.028042836794353463
0.0 0.0 -0.018598575447962232

VECTORS S float
-0.0 -0.052102202874793516 0.0
-0.0 -0.07348256675832616 0.0
-0.0 -0.09160327011936377 0.0
-0.0 -0.10864478382443792 0.0
-0.0 -0.12508934188225307 0.0
-0.0 -0.14107553885325733 0.0
-0.0 -0.15660070466495524 0.0
-0.0 -0.17162455127660828 0.0
-0.0 -0.18609101776239426 0.0
-0.0 -0.19994284313593977 0.0
-0.0 -0.2131308757413415 0.0
-0.0 -0.22562573802957528 0.0
-0.0 -0.23740045135208296 0.0
-0.0 -0.24846918520998656 0.0
-0.0 -0.25886588420907214 0.0
-0.0 -0.2686646298345231 0.0
-0.0 -0.2778915034370521 0.0
-0.0 -0.28669363471343856 0.0
-0.0 -0.2951048420131171 0.0
-0.0 -0.30320790130090347 0.0
-0.0 -0.3110495446161125 0.0
-0.0 -0.31872484424146513 0.0
-0.0 -0.3262705506551155 0.0
-0.0 -0.33358569835361646 0.0
-0.0 -0.34104892970856154 0.0
-0.0 -0.3484247003215371 0.0
-0.0 -0.3557142121358683 0.0
-0.0 -0.3629244163483263 0.0
-0.0 -0.3700362495869568 0.0
-0.0 -0.3770039534548014 0.0
-0.0 -0.3837850913039829 0.0
-0.0 -0.3903224330041383 0.0
-0.0 -0.39655175006047233 0.0
-0.0 -0.40242612784040493 0.0
-0.0 -0.40745879271829744 0.0
-0.0 -0.4122136841498707 0.0
-0.0 -0.41622896363650547 0.0
-0.0 -0.4193882110207255 0.0
-0.0 -0.42153182765940883 0.0
-0.0 -0.42244132431967313 0.0
-0.0 -0.42183338852828933 0.0
-0.0 -0.41938886030429556 0.0
-0.0 -0.41457614374056145 0.0
-0.0 -0.4065852128933881 0.0
-0.0 -0.394112763700091 0.0
-0.0 -0.3750977366510244 0.0
-0.0 -0.3448318799147611 0.0
-0.0 -0.29014025384353515 0.0
-0.0 -0.15667606137080334 0.0
0.0 0.5844591283137917 -0.0
-0.0 -0.5844134775007084 0.0
0.0 0.1566533551256081 -0.0
0.0 0.2901086721533942 -0.0
0.0 0.3447868556669004 -0.0
0.0 0.375067351006892 -0.0
0.0 0.39410166870837027 -0.0
0.0 0.4066055843604678 -0.0
0.0 0.4145693843689489 -0.0
0.0 0.4193918258080621 -0.0
0.0 0.42180985823878786 -0.0
0.0 0.4224133980885816 -0.0
0.0 0.4215072238723859 -0.0
0.0 0.419363908312741 -0.0
0.0 0.4162112348907991 -0.0
0.0 0.4121924045373622 -0.0
0.0 0.40743851719852237 -0.0
0.0 0.40243937378995703 -0.0
0.0 0.39656691622933354 -0.0
0.0 0.3903456919431333 -0.0
0.0 0.3838034131779818 -0.0
0.0 0.3770194968443776 -0.0
0.0 0.3700478494476981 -0.0
0.0 0.3629357743660885 -0.0
0.0 0.3557222966354756 -0.0
0.0 0.3484212315138088 -0.0
0.0 0.34102778347189755 -0.0
0.0 0.33373932746996493 -0.0
0.0 0.3262523969279996 -0.0
0.0 0.31872156976817995 -0.0
0.0 0.31105780545484446 -0.0
0.0 0.3032195204455112 -0.0
0.0 0.29511814249878776 -0.0
0.0 0.28670785542227406 -0.0
0.0 0.27790714322072285 -0.0
0.0 0.26868406982560444 -0.0
0.0 0.25888248780738043 -0.0
0.0 0.248484553204682 -0.0
0.0 0.23741446877310535 -0.0
0.0 0.22563841894277092 -0.0
0.0 0.21314306540684488 -0.0
0.0 0.19995351767964542 -0.0
0.0 0.18610022616270447 -0.0
0.0 0.1716323298358725 -0.0
0.0 0.15660715302162512 -0.0
0.0 0.14108080418873234 -0.0
0.0 0.12509341989371056 -0.0
0.0 0.10864375683114813 -0.0
0.0 0.09160279889916358 -0.0
0.0 0.07348242350958574 -0.0
0.0 0.05210224744376468 -0.0
-0.0 -0.052102202874793516 0.0
-0.0 -0.07348256675832616 0.0
-0.0 -0.09160327011936377 0.0
-0.0 -0.10864478382443792 0.0
-0.0 -0.12508934188225307 0.0
-0.0 -0.14107553885325733 0.0
-0.0 -0.15660070466495524 0.0
-0.0 -0.17162455127660828 0.0
-0.0 -0.18609101776239426 0.0
-0.0 -0.19994284313593977 0.0
-0.0 -0.2131308757413415 0.0
-0.0 -0.22562573802957528 0.0
-0.0 -0.23740045135208296 0.0
-0.0 -0.24846918520998656 0.0
-0.0 -0.25886588420907214 0.0
-0.0 -0.2686646298345231 0.0
-0.0 -0.2778915034370521 0.0
-0.0 -0.28669363471343856 0.0
-0.0 -0.2951048420131171 0.0
-0.0 -0.30320790130090347 0.0
-0.0 -0.3110495446161125 0.0
-0.0 -0.31872484424146513 0.0
-0.0 -0.3262705506551155 0.0
-0.0 -0.33358569835361646 0.0
-0.0 -0.34104892970856154 0.0
-0.0 -0.3484247003215371 0.0
-0.0 -0.3557142121358683 0.0
-0.0 -0.3629244163483263 0.0
-0.0 -0.3700362495869568 0.0
-0.0 -0.3770039534548014 0.0
-0.0 -0.3837850913039829 0.0
-0.0 -0.3903224330041383 0.0
-0.0 -0.39655175006047233 0.0
-0.0 -0.40242612784040493 0.0
-0.0 -0.40745879271829744 0.0
-0.0 -0.4122136841498707 0.0
-0.0 -0.41622896363650547 0.0
-0.0 -0.4193882110207255 0.0
-0.0 -0.42153182765940883 0.0
-0.0 -0.42244132431967313 0.0
-0.0 -0.42183338852828933 0.0
-0.0 -0.41938886030429556 0.0
-0.0 -0.41457614374056145 0.0
-0.0 -0.4065852128933881 0.0
-0.0 -0.394112763700091 0.0
-0.0 -0.3750977366510244 0.0
-0.0 -0.3448318799147611 0.0
-0.0 -0.29014025384353515 0.0
-0.0 -0.15667606137080334 0.0
0.0 0.5844591283137917 -0.0
-0.0 -0.5844134775007084 0.0
0.0 0.1566533551256081 -0.0
0.0 0.2901086721533942 -0.0
0.0 0.3447868556669004 -0.0
0.0 0.375067351006892 -0.0
0.0 0.39410166870837027 -0.0
0.0 0.4066055843604678 -0.0
0.0 0.4145693843689489 -0.0
0.0 0.4193918258080621 -0.0
0.0 0.42180985823878786 -0.0
0.0 0.4224133980885816 -0.0
0.0 0.4215072238723859 -0.0
0.0 0.419363908312741 -0.0
0.0 0.4162112348907991 -0.0
0.0 0.4121924045373622 -0.0
0.0 0.40743851719852237 -0.0
0.0 0.40243937378995703 -0.0
0.0 0.39656691622933354 -0.0
0.0 0.3903456919431333 -0.0
0.0 0.3838034131779818 -0.0
0.0 0.3770194968443776 -0.0
0.0 0.3700478494476981 -0.0
0.0 0.3629357743660885 -0.0
0.0 0.3557222966354756 -0.0
0.0 0.3484212315138088 -0.0
0.0 0.34102778347189755 -0.0
0.0 0.33373932746996493 -0.0
0.0 0.3262523969279996 -0.0
0.0 0.31872156976817995 -0.0
0.0 0.31105780545484446 -0.0
0.0 0.3032195204455112 -0.0
0.0 0.29511814249878776 -0.0
0.0 0.28670785542227406 -0.0
0.0 0.27790714322072285 -0.0
0.0 0.26868406982560444 -0.0
0.0 0.25888248780738043 -0.0
0.0 0.248484553204682 -0.0
0.0 0.23741446877310535 -0.0
0.0 0.22563841894277092 -0.0
0.0 0.21314306540684488 -0.0
0.0 0.19995351767964542 -0.0
0.0 0.18610022616270447 -0.0
0.0 0.1716323298358725 -0.0
0.0 0.15660715302162512 -0.0
0.0 0.14108080418873234 -0.0
0.0 0.12509341989371056 -0.0
0.0 0.10864375683114813 -0.0
0.0 0.09160279889916358 -0.0
0.0 0.07348242350958574 -0.0
0.0 0.05210224744376468 -0.0

VECTORS Vvpm_ApA float
-0.14137374510321415 0.22308913805435795 0.47492185018830013
-0.13189214222364093 0.2243462132189985 0.452625151306036
-0.12106669123500167 0.22540861682734928 0.42696497207958906
-0.10909903419326439 0.2261125280087966 0.3983235376925814
-0.0959648835218295 0.22650374166526863 0.3667547256907189
-0.0823419109428322 0.22621066813448468 0.33330552494647303
-0.06810340380111421 0.2253398326898503 0.2974359650701923
-0.05381866276339609 0.22350671883074433 0.26130564860968925
-0.03952820777298956 0.22089160253528636 0.2244430700470211
-0.025434651185632887 0.21749721316334322 0.18728900846494403
-0.011714579294622204 0.21335196333879514 0.150249748430614
0.001485068261487102 0.20850506744833625 0.113689095048105
0.01404948614303716 0.2030230989047059 0.07790309805501988
0.02586000273339062 0.19695553491585335 0.04332389186429614
0.036891010736094444 0.19041407834230586 0.010021801320716367
0.04710034728057431 0.18347784234145892 -0.021783822990459695
0.05647895215928098 0.17623829141445507 -0.051950645449672254
0.06495037345861837 0.16923022339447857 -0.07909850782291847
0.07240752918302484 0.16120620641799335 -0.10443630781910589
0.07908896726123515 0.15313677354411465 -0.1278678332922218
0.08500686729196504 0.14506608054405162 -0.14931676677479752
0.09018783457494346 0.13703856326671537 -0.1687698857648835
0.09467538341273514 0.1291026279927697 -0.18628991965599012
0.09853351961923301 0.12131530553701883 -0.20203135933799252
0.10149914554069953 0.11368071091683155 -0.21541681464547563
0.10414522187758915 0.10616442979907559 -0.22721189296279776
0.10622398432436929 0.09882301505696134 -0.23711013205462525
0.10783885097545097 0.09166656866305697 -0.2454069798600867
0.10899739784774362 0.08467215848991258 -0.2519619590406136
0.10971079614606973 0.07780091814193059 -0.25677561590942644
0.11022730783406544 0.07126066822627465 -0.2598491974614298
0.11042860507112459 0.06470054679619786 -0.2623127609538252
0.11033321231982623 0.05827206273693383 -0.26318424622052405
0.10993496080306794 0.05191214676312432 -0.2624405885919421
0.10921145505627869 0.045557902260587424 -0.2601006660006258
0.10791704571351544 0.03920398632396347 -0.25590750832840736
0.10646487347103605 0.0327977140956213 -0.2505613276609678
0.10460447643677652 0.026340261678578798 -0.24412105571684645
0.1021945395840517 0.019831746485705883 -0.23603713505614082
0.09910784932719072 0.01329556011411371 -0.22615486244967606
0.09537708544313733 0.006816075372477633 -0.21431960779783124
0.09049971005728442 0.0004448146261118794 -0.200179136317615
0.08441198586020882 -0.005558136864255818 -0.18290869181236397
0.07713504121636722 -0.010743075907540886 -0.16309255763950828
0.06847881326371896 -0.014647939509753837 -0.14002570894714542
0.05903967343746361 -0.01643591036700607 -0.11624301002335018
0.04991976191973079 -0.015325240375546226 -0.09449536551205383
0.04338940040307676 -0.011310986987892246 -0.0808455250288923
0.04036845515160835 -0.006107979300601147 -0.07596157852466665
0.04037159415479566 -0.0020723033172933563 -0.07842606420741241
0.04154150356996745 -0.00020266268653265423 -0.08366247190327766
0.04047209537255674 0.0017023391677136097 -0.07878669263068863
0.0404072755865597 0.0057625813865897855 -0.0760691325832279
0.04334922953925271 0.011010418201050504 -0.08058164640419649
0.04995977920342489 0.014932170308709723 -0.09462680823538587
0.05906040510993249 0.016058739657381797 -0.11628078983314219
0.0684890129510011 0.014270407813772265 -0.14000532019538378
0.07713649319276256 0.01036983325744277 -0.16301082867469668
0.08445626036349389 0.00516734658576886 -0.18308675930085616
0.09052793012649492 -0.0008254944979401678 -0.20031512131347967
0.09539115651580127 -0.007186156130048693 -0.2144266882172237
0.09909581278571489 -0.013555218229331338 -0.22608230433431026
0.10218168164866129 -0.02008557037234111 -0.23595030490680044
0.1045753015674945 -0.02658347913683393 -0.2439549933382556
0.10643346002118938 -0.03303970280340182 -0.25035412108443444
0.10789605188936419 -0.039455518615209774 -0.2556942830253155
0.10918281144799796 -0.04594337795204599 -0.26009293914216036
0.10988835820787636 -0.052298956008543826 -0.26234412145792585
0.11028318174375164 -0.0586702062174072 -0.26306498777547005
0.11038790196315826 -0.06511810720615835 -0.2622346102118616
0.11020737736105224 -0.07170345335060395 -0.2598834682085161
0.10976528738613138 -0.07824256417734668 -0.25710371561335527
0.10899359585416546 -0.0850614684925356 -0.2520197799728412
0.1078148286511943 -0.09203573062562001 -0.24536356375844962
0.10620435189781799 -0.09919420830960282 -0.23707724290395188
0.10414319790696971 -0.10655011589923133 -0.2272610762811152
0.10147498065443926 -0.11403077582325953 -0.21537459043204124
0.09845874888629545 -0.12168434277505215 -0.20178247943124522
0.0946042886587267 -0.1294742433818008 -0.18608989735754833
0.0901211776724884 -0.13740809042227647 -0.1686033738155456
0.08494789174061776 -0.14542850087879233 -0.14918839574129894
0.07904201522846879 -0.1534862761284635 -0.12779466767877282
0.0723771589465565 -0.16153606653424582 -0.10444248608248942
0.0649408151980032 -0.1695328927990996 -0.07921144498540753
0.05643832791928054 -0.17659755013760123 -0.05177404116471904
0.047085520063213766 -0.18385696153862602 -0.02171241147535319
0.036894675666492266 -0.1908083270621113 0.010034040897823587
0.025880571934486108 -0.19736491337924042 0.04328705727594104
0.014089381430457409 -0.20345091914710284 0.07780266116929613
0.001532315967623446 -0.20893966431305117 0.11359012881557871
-0.011649582578067752 -0.21380519903977488 0.15008162298616798
-0.025354013763382782 -0.21796685188242937 0.18706142072744794
-0.039432606175977464 -0.22137687527139308 0.22415499334155803
-0.053707447449913896 -0.22400821747961758 0.2609489567718932
-0.06797491198239006 -0.2258591902584463 0.2969986684599625
-0.08224889174684925 -0.22671111033548874 0.3330744608548638
-0.09586248706984765 -0.22701278318905502 0.36648120290255193
-0.10917444205692281 -0.22654060603365658 0.3984841599963595
-0.12117568433531815 -0.22580815317955424 0.42722377074613876
-0.13202673205615156 -0.22472457412652738 0.4529567664737205
-0.14137374510321415 0.22308913805435795 0.47492185018830013
-0.13189214222364093 0.2243462132189985 0.452625151306036
-0.12106669123500167 0.22540861682734928 0.42696497207958906
-0.10909903419326439 0.2261125280087966 0.3983235376925814
-0.0959648835218295 0.22650374166526863 0.3667547256907189
-0.0823419109428322 0.22621066813448468 0.33330552494647303
-0.06810340380111421 0.2253398326898503 0.2974359650701923
-0.05381866276339609 0.22350671883074433 0.26130564860968925
-0.03952820777298956 0.22089160253528636 0.2244430700470211
-0.025434651185632887 0.21749721316334322 0.18728900846494403
-0.011714579294622204 0.21335196333879514 0.150249748430614
0.001485068261487102 0.20850506744833625 0.113689095048105
0.01404948614303716 0.2030230989047059 0.07790309805501988
0.02586000273339062 0.19695553491585335 0.04332389186429614
0.036891010736094444 0.19041407834230586 0.010021801320716367
0.04710034728057431 0.18347784234145892 -0.021783822990459695
0.05647895215928098 0.17623829141445507 -0.051950645449672254
0.06495037345861837 0.16923022339447857 -0.07909850782291847
0.07240752918302484 0.16120620641799335 -0.10443630781910589
0.07908896726123515 0.15313677354411465 -0.1278678332922218
0.08500686729196504 0.14506608054405162 -0.14931676677479752
0.09018783457494346 0.13703856326671537 -0.1687698857648835
0.09467538341273514 0.1291026279927697 -0.18628991965599012
0.09853351961923301 0.12131530553701883 -0.20203135933799252
0.10149914554069953 0.11368071091683155 -0.21541681464547563
0.10414522187758915 0.10616442979907559 -0.22721189296279776
0.10622398432436929 0.09882301505696134 -0.23711013205462525
0.10783885097545097 0.09166656866305697 -0.2454069798600867
0.10899739784774362 0.08467215848991258 -0.2519619590406136
0.10971079614606973 0.07780091814193059 -0.25677561590942644
0.11022730783406544 0.07126066822627465 -0.2598491974614298
0.11042860507112459 0.06470054679619786 -0.2623127609538252
0.11033321231982623 0.05827206273693383 -0.26318424622052405
0.10993496080306794 0.05191214676312432 -0.2624405885919421
0.10921145505627869 0.045557902260587424 -0.2601006660006258
0.10791704571351544 0.03920398632396347 -0.25590750832840736
0.10646487347103605 0.0327977140956213 -0.2505613276609678
0.10460447643677652 0.026340261678578798 -0.24412105571684645
0.1021945395840517 0.019831746485705883 -0.23603713505614082
0.09910784932719072 0.01329556011411371 -0.22615486244967606
0.09537708544313733 0.006816075372477633 -0.21431960779783124
0.09049971005728442 0.0004448146261118794 -0.200179136317615
0.08441198586020882 -0.005558136864255818 -0.18290869181236397
0.07713504121636722 -0.010743075907540886 -0.16309255763950828
0.06847881326371896 -0.014647939509753837 -0.14002570894714542
0.05903967343746361 -0.01643591036700607 -0.11624301002335018
0.04991976191973079 -0.015325240375546226 -0.09449536551205383
0.04338940040307676 -0.011310986987892246 -0.0808455250288923
0.04036845515160835 -0.006107979300601147 -0.07596157852466665
0.04037159415479566 -0.0020723033172933563 -0.07842606420741241
0.04154150356996745 -0.00020266268653265423 -0.08366247190327766
0.04047209537255674 0.0017023391677136097 -0.07878669263068863
0.0404072755865597 0.0057625813865897855 -0.0760691325832279
0.04334922953925271 0.011010418201050504 -0.08058164640419649
0.04995977920342489 0.014932170308709723 -0.09462680823538587
0.05906040510993249 0.016058739657381797 -0.11628078983314219
0.0684890129510011 0.014270407813772265 -0.14000532019538378
0.07713649319276256 0.01036983325744277 -0.16301082867469668
0.08445626036349389 0.00516734658576886 -0.18308675930085616
0.09052793012649492 -0.0008254944979401678 -0.20031512131347967
0.09539115651580127 -0.007186156130048693 -0.2144266882172237
0.09909581278571489 -0.013555218229331338 -0.22608230433431026
0.10218168164866129 -0.02008557037234111 -0.23595030490680044
0.1045753015674945 -0.02658347913683393 -0.2439549933382556
0.10643346002118938 -0.03303970280340182 -0.25035412108443444
0.10789605188936419 -0.039455518615209774 -0.2556942830253155
0.10918281144799796 -0.04594337795204599 -0.26009293914216036
0.10988835820787636 -0.052298956008543826 -0.26234412145792585
0.11028318174375164 -0.0586702062174072 -0.26306498777547005
0.11038790196315826 -0.06511810720615835 -0.2622346102118616
0.11020737736105224 -0.07170345335060395 -0.2598834682085161
0.10976528738613138 -0.07824256417734668 -0.25710371561335527
0.10899359585416546 -0.0850614684925356 -0.2520197799728412
0.1078148286511943 -0.09203573062562001 -0.24536356375844962
0.10620435189781799 -0.09919420830960282 -0.23707724290395188
0.10414319790696971 -0.10655011589923133 -0.2272610762811152
0.10147498065443926 -0.11403077582325953 -0.21537459043204124
0.09845874888629545 -0.12168434277505215 -0.20178247943124522
0.0946042886587267 -0.1294742433818008 -0.18608989735754833
0.0901211776724884 -0.13740809042227647 -0.1686033738155456
0.08494789174061776 -0.14542850087879233 -0.14918839574129894
0.07904201522846879 -0.1534862761284635 -0.12779466767877282
0.0723771589465565 -0.16153606653424582 -0.10444248608248942
0.0649408151980032 -0.1695328927990996 -0.07921144498540753
0.05643832791928054 -0.17659755013760123 -0.05177404116471904
0.047085520063213766 -0.18385696153862602 -0.02171241147535319
0.036894675666492266 -0.1908083270621113 0.010034040897823587
0.025880571934486108 -0.19736491337924042 0.04328705727594104
0.014089381430457409 -0.20345091914710284 0.07780266116929613
0.001532315967623446 -0.20893966431305117 0.11359012881557871
-0.011649582578067752 -0.21380519903977488 0.15008162298616798
-0.025354013763382782 -0.21796685188242937 0.18706142072744794
-0.039432606175977464 -0.22137687527139308 0.22415499334155803
-0.053707447449913896 -0.22400821747961758 0.2609489567718932
-0.06797491198239006 -0.2258591902584463 0.2969986684599625
-0.08224889174684925 -0.22671111033548874 0.3330744608548638
-0.09586248706984765 -0.22701278318905502 0.36648120290255193
-0.10917444205692281 -0.22654060603365658 0.3984841599963595
-0.12117568433531815 -0.22580815317955424 0.42722377074613876
-0.13202673205615156 -0.22472457412652738 0.4529567664737205

VECTORS Vkin float
-0.0 -0.0 -0.0
-0.0 -0.0 -0.0
-0.0 -0.0 -0.0
-0.0 -0.0 -0.0
-0.0 -0.0 -0.0
-0.0 -0.0 -0.0
-0.0 -0.0 -0.0
-0.0 -0.0 -0.0
-0.0 -0.0 -0.0
-0.0 -0.0 -0.0
-0.0 -0.0 -0.0
-0.0 -0.0 -0.0
-0.0 -0.0 -0.0
-0.0 -0.0 -0.0
-0.0 -0.0 -0.0
-0.0 -0.0 -0.0
-0.0 -0.0 -0.0
-0.0 -0.0 -0.0
-0.0 -0.0 -0.0
-0.0 -0.0 -0.0
-0.0 -0.0 -0.0
-0.0 -0.0 -0.0
-0.0 -0.0 -0.0
-0.0 -0.0 -0.0
-0.0 -0.0 -0.0
-0.0 -0.0 -0.0
-0.0 -0.0 -0.0
-0.0 -0.0 -0.0
-0.0 -0.0 -0.0
-0.0 -0.0 -0.0
-0.0 -0.0 -0.0
-0.0 -0.0 -0.0
-0.0 -0.0 -0.0
-0.0 -0.0 -0.0
-0.0 -0.0 -0.0
-0.0 -0.0 -0.0
-0.0 -0.0 -0.0
-0.0 -0.0 -0.0
-0.0 -0.0 -0.0
-0.0 -0.0 -0.0
-0.0 -0.0 -0.0
-0.0 -0.0 -0.0
-0.0 -0.0 -0.0
-0.0 -0.0 -0.0
-0.0 -0.0 -0.0
-0.0 -0.0 -0.0
-0.0 -0.0 -0.0
-0.0 -0.0 -0.0
-0.0 -0.0 -0.0
-0.0 -0.0 -0.0
-0.0 -0.0 -0.0
-0.0 -0.0 -0.0
-0.0 -0.0 -0.0
-0.0 -0.0 -0.0
-0.0 -0.0 -0.0
-0.0 -0.0 -0.0
-0.0 -0.0 -0.0
-0.0 -0.0 -0.0
-0.0 -0.0 -0.0
-0.0 -0.0 -0.0
-0.0 -0.0 -0.0
-0.0 -0.0 -0.0
-0.0 -0.0 -0.0
-0.0 -0.0 -0.0
-0.0 -0.0 -0.0
-0.0 -0.0 -0.0
-0.0 -0.0 -0.0
-0.0 -0.0 -0.0
-0.0 -0.0 -0.0
-0.0 -0.0 -0.0
-0.0 -0.0 -0.0
-0.0 -0.0 -0.0
-0.0 -0.0 -0.0
-0.0 -0.0 -0.0
-0.0 -0.0 -0.0
-0.0 -0.0 -0.0
-0.0 -0.0 -0.0
-0.0 -0.0 -0.0
-0.0 -0.0 -0.0
-0.0 -0.0 -0.0
-0.0 -0.0 -0.0
-0.0 -0.0 -0.0
-0.0 -0.0 -0.0
-0.0 -0.0 -0.0
-0.0 -0.0 -0.0
-0.0 -0.0 -0.0
-0.0 -0.0 -0.0
-0.0 -0.0 -0.0
-0.0 -0.0 -0.0
-0.0 -0.0 -0.0
-0.0 -0.0 -0.0
-0.0 -0.0 -0.0
-0.0 -0.0 -0.0
-0.0 -0.0 -0.0
-0.0 -0.0 -0.0
-0.0 -0.0 -0.0
-0.0 -0.0 -0.0
-0.0 -0.0 -0.0
-0.0 -0.0 -0.0
-0.0 -0.0 -0.0
-0.0 -0.0 -0.0
-0.0 -0.0 -0.0
-0.0 -0.0 -0.0
-0.0 -0.0 -0.0
-0.0 -0.0 -0.0
-0.0 -0.0 -0.0
-0.0 -0.0 -0.0
-0.0 -0.0 -0.0
-0.0 -0.0 -0.0
-0.0 -0.0 -0.0
-0.0 -0.0 -0.0
-0.0 -0.0 -0.0
-0.0 -0.0 -0.0
-0.0 -0.0 -0.0
-0.0 -0.0 -0.0
-0.0 -0.0 -0.0
-0.0 -0.0 -0.0
-0.0 -0.0 -0.0
-0.0 -0.0 -0.0
-0.0 -0.0 -0.0
-0.0 -0.0 -0.0
-0.0 -0.0 -0.0
-0.0 -0.0 -0.0
-0.0 -0.0 -0.0
-0.0 -0.0 -0.0
-0.0 -0.0 -0.0
-0.0 -0.0 -0.0
-0.0 -0.0 -0.0
-0.0 -0.0 -0.0
-0.0 -0.0 -0.0
-0.0 -0.0 -0.0
-0.0 -0.0 -0.0
-0.0 -0.0 -0.0
-0.0 -0.0 -0.0
-0.0 -0.0 -0.0
-0.0 -0.0 -0.0
-0.0 -0.0 -0.0
-0.0 -0.0 -0.0
-0.0 -0.0 -0.0
-0.0 -0.0 -0.0
-0.0 -0.0 -0.0
-0.0 -0.0 -0.0
-0.0 -0.0 -0.0
-0.0 -0.0 -0.0
-0.0 -0.0 -0.0
-0.0 -0.0 -0.0
-0.0 -0.0 -0.0
-0.0 -0.0 -0.0
-0.0 -0.0 -0.0
-0.0 -0.0 -0.0
-0.0 -0.0 -0.0
-0.0 -0.0 -0.0
-0.0 -0.0 -0.0
-0.0 -0.0 -0.0
-0.0 -0.0 -0.0
-0.0 -0.0 -0.0
-0.0 -0.0 -0.0
-0.0 -0.0 -0.0
-0.0 -0.0 -0.0
-0.0 -0.0 -0.0
-0.0 -0.0 -0.0
-0.0 -0.0 -0.0
-0.0 -0.0 -0.0
-0.0 -0.0 -0.0
-0.0 -0.0 -0.0
-0.0 -0.0 -0.0
-0.0 -0.0 -0.0
-0.0 -0.0 -0.0
-0.0 -0.0 -0.0
-0.0 -0.0 -0.0
-0.0 -0.0 -0.0
-0.0 -0.0 -0.0
-0.0 -0.0 -0.0
-0.0 -0.0 -0.0
-0.0 -0.0 -0.0
-0.0 -0.0 -0.0
-0.0 -0.0 -0.0
-0.0 -0.0 -0.0
-0.0 -0.0 -0.0
-0.0 -0.0 -0.0
-0.0 -0.0 -0.0
-0.0 -0.0 -0.0
-0.0 -0.0 -0.0
-0.0 -0.0 -0.0
-0.0 -0.0 -0.0
-0.0 -0.0 -0.0
-0.0 -0.0 -0.0
-0.0 -0.0 -0.0
-0.0 -0.0 -0.0
-0.0 -0.0 -0.0
-0.0 -0.0 -0.0
-0.0 -0.0 -0.0
-0.0 -0.0 -0.0
-0.0 -0.0 -0.0
-0.0 -0.0 -0.0
-0.0 -0.0 -0.0
-0.0 -0.0 -0.0
-0.0 -0.0 -0.0
-0.0 -0.0 -0.0
-0.0 -0.0 -0.0

VECTORS Funs-vector float
0.0 0.0 -8.124171862438873e-5
0.0 0.0 -0.00014554464676599758
0.0 0.0 -0.0002122613697820085
0.0 0.0 -0.0002826653963199312
0.0 0.0 -0.0003546171319745726
0.0 0.0 -0.0004341765584096382
0.0 0.0 -0.0005205909449628498
0.0 0.0 -0.0006127970470309887
0.0 0.0 -0.0007096906811849338
0.0 0.0 -0.0008101617639687714
0.0 0.0 -0.0009129177284331679
0.0 0.0 -0.0010142577526539764
0.0 0.0 -0.0011339818945114623
0.0 0.0 -0.0012527234438434024
0.0 0.0 -0.0013661372007078352
0.0 0.0 -0.0014711156666502934
0.0 0.0 -0.001569403114182651
0.0 0.0 -0.0016708501900846498
0.0 0.0 -0.0017733170664802653
0.0 0.0 -0.0018770145659006633
0.0 0.0 -0.001986431517556423
0.0 0.0 -0.0020752605757694558
0.0 0.0 -0.0021693530759434652
0.0 0.0 -0.002261868286736028
0.0 0.0 -0.0023718546613825985
0.0 0.0 -0.0024399516166210356
0.0 0.0 -0.0024952841301435712
0.0 0.0 -0.002536738143871146
0.0 0.0 -0.002585929520445115
0.0 0.0 -0.0026433339691181107
0.0 0.0 -0.00267063255806662
0.0 0.0 -0.002693589476991463
0.0 0.0 -0.00271052985258412
0.0 0.0 -0.0027698239736185636
0.0 0.0 -0.0029196458387195784
0.0 0.0 -0.0029778683269307514
0.0 0.0 -0.0030055973325794094
0.0 0.0 -0.003018338656446849
0.0 0.0 -0.00305597477323222
0.0 0.0 -0.003051755002015216
0.0 0.0 -0.0030424333690943417
0.0 0.0 -0.0030792710421147984
0.0 0.0 -0.0031230289529841633
0.0 0.0 -0.0031240428051640652
0.0 0.0 -0.003116328794206548
0.0 0.0 -0.0031139815656255235
0.0 0.0 -0.003118577249300655
0.0 0.0 -0.003131696390073224
0.0 0.0 -0.0031340481559343704
0.0 0.0 -0.0031369238041462546
0.0 0.0 -0.0031108337552303317
0.0 0.0 -0.003082037165075278
0.0 0.0 -0.0030352645891005294
0.0 0.0 -0.003071703884035616
0.0 0.0 -0.003116489201975935
0.0 0.0 -0.003164343126767164
0.0 0.0 -0.003179208458249796
0.0 0.0 -0.003141926521903816
0.0 0.0 -0.003080193616591728
0.0 0.0 -0.003045549835696833
0.0 0.0 -0.0030506213253652147
0.0 0.0 -0.0030502362877006454
0.0 0.0 -0.0030584251767278594
0.0 0.0 -0.0031016157296401324
0.0 0.0 -0.003124298140613467
0.0 0.0 -0.0031716878980825487
0.0 0.0 -0.0029908107097905666
0.0 0.0 -0.0029192803825923153
0.0 0.0 -0.0028922260371843
0.0 0.0 -0.002834228824038735
0.0 0.0 -0.002793949732970687
0.0 0.0 -0.002708628926147888
0.0 0.0 -0.002644573683008896
0.0 0.0 -0.0025763931921870317
0.0 0.0 -0.0025068655739878608
0.0 0.0 -0.002427137769355769
0.0 0.0 -0.0023045552453055543
0.0 0.0 -0.0022025661255324364
0.0 0.0 -0.002104129790309349
0.0 0.0 -0.0020120203579901876
0.0 0.0 -0.0019036498608090632
0.0 0.0 -0.0017988288481811281
0.0 0.0 -0.0016908253568846303
0.0 0.0 -0.0015803015454996464
0.0 0.0 -0.001477200208215171
0.0 0.0 -0.0013690626131865216
0.0 0.0 -0.0012542638961979935
0.0 0.0 -0.001134874593111474
0.0 0.0 -0.0010139465222712535
0.0 0.0 -0.0009093036875019158
0.0 0.0 -0.0008048152548369237
0.0 0.0 -0.0007033416671456918
0.0 0.0 -0.0006063295784525662
0.0 0.0 -0.0005154408055590129
0.0 0.0 -0.0004322798028617906
0.0 0.0 -0.000356972624876786
0.0 0.0 -0.00028808407842646256
0.0 0.0 -0.00021793239477529904
0.0 0.0 -0.00015021595567000286
0.0 0.0 -8.416700779995913e-5
0.0 0.0 -8.124171862438873e-5
0.0 0.0 -0.00014554464676599758
0.0 0.0 -0.0002122613697820085
0.0 0.0 -0.0002826653963199312
0.0 0.0 -0.0003546171319745726
0.0 0.0 -0.0004341765584096382
0.0 0.0 -0.0005205909449628498
0.0 0.0 -0.0006127970470309887
0.0 0.0 -0.0007096906811849338
0.0 0.0 -0.0008101617639687714
0.0 0.0 -0.0009129177284331679
0.0 0.0 -0.0010142577526539764
0.0 0.0 -0.0011339818945114623
0.0 0.0 -0.0012527234438434024
0.0 0.0 -0.0013661372007078352
0.0 0.0 -0.0014711156666502934
0.0 0.0 -0.001569403114182651
0.0 0.0 -0.0016708501900846498
0.0 0.0 -0.0017733170664802653
0.0 0.0 -0.0018770145659006633
0.0 0.0 -0.001986431517556423
0.0 0.0 -0.0020752605757694558
0.0 0.0 -0.0021693530759434652
0.0 0.0 -0.002261868286736028
0.0 0.0 -0.0023718546613825985
0.0 0.0 -0.0024399516166210356
0.0 0.0 -0.0024952841301435712
0.0 0.0 -0.002536738143871146
0.0 0.0 -0.002585929520445115
0.0 0.0 -0.0026433339691181107
0.0 0.0 -0.00267063255806662
0.0 0.0 -0.002693589476991463
0.0 0.0 -0.00271052985258412
0.0 0.0 -0.0027698239736185636
0.0 0.0 -0.0029196458387195784
0.0 0.0 -0.0029778683269307514
0.0 0.0 -0.0030055973325794094
0.0 0.0 -0.003018338656446849
0.0 0.0 -0.00305597477323222
0.0 0.0 -0.003051755002015216
0.0 0.0 -0.0030424333690943417
0.0 0.0 -0.0030792710421147984
0.0 0.0 -0.0031230289529841633
0.0 0.0 -0.0031240428051640652
0.0 0.0 -0.003116328794206548
0.0 0.0 -0.0031139815656255235
0.0 0.0 -0.003118577249300655
0.0 0.0 -0.003131696390073224
0.0 0.0 -0.0031340481559343704
0.0 0.0 -0.0031369238041462546
0.0 0.0 -0.0031108337552303317
0.0 0.0 -0.003082037165075278
0.0 0.0 -0.0030352645891005294
0.0 0.0 -0.003071703884035616
0.0 0.0 -0.003116489201975935
0.0 0.0 -0.003164343126767164
0.0 0.0 -0.003179208458249796
0.0 0.0 -0.003141926521903816
0.0 0.0 -0.003080193616591728
0.0 0.0 -0.003045549835696833
0.0 0.0 -0.0030506213253652147
0.0 0.0 -0.0030502362877006454
0.0 0.0 -0.0030584251767278594
0.0 0.0 -0.0031016157296401324
0.0 0.0 -0.003124298140613467
0.0 0.0 -0.0031716878980825487
0.0 0.0 -0.0029908107097905666
0.0 0.0 -0.0029192803825923153
0.0 0.0 -0.0028922260371843
0.0 0.0 -0.002834228824038735
0.0 0.0 -0.002793949732970687
0.0 0.0 -0.002708628926147888
0.0 0.0 -0.002644573683008896
0.0 0.0 -0.0025763931921870317
0.0 0.0 -0.0025068655739878608
0.0 0.0 -0.002427137769355769
0.0 0.0 -0.0023045552453055543
0.0 0.0 -0.0022025661255324364
0.0 0.0 -0.002104129790309349
0.0 0.0 -0.0020120203579901876
0.0 0.0 -0.0019036498608090632
0.0 0.0 -0.0017988288481811281
0.0 0.0 -0.0016908253568846303
0.0 0.0 -0.0015803015454996464
0.0 0.0 -0.001477200208215171
0.0 0.0 -0.0013690626131865216
0.0 0.0 -0.0012542638961979935
0.0 0.0 -0.001134874593111474
0.0 0.0 -0.0010139465222712535
0.0 0.0 -0.0009093036875019158
0.0 0.0 -0.0008048152548369237
0.0 0.0 -0.0007033416671456918
0.0 0.0 -0.0006063295784525662
0.0 0.0 -0.0005154408055590129
0.0 0.0 -0.0004322798028617906
0.0 0.0 -0.000356972624876786
0.0 0.0 -0.00028808407842646256
0.0 0.0 -0.00021793239477529904
0.0 0.0 -0.00015021595567000286
0.0 0.0 -8.416700779995913e-5

VECTORS Ftot float
-0.02920516669780481 -0.052102202874793516 0.029821824447842468
-0.04646358483431762 -0.07348256675832616 0.047234821933610234
-0.06050225757564965 -0.09160327011936377 0.06579473776595272
-0.07350607035881679 -0.10864478382443792 0.08604234618170095
-0.08597406030139063 -0.12508934188225307 0.10809338952635612
-0.09802101476753436 -0.14107553885325733 0.13196087985673746
-0.1096588166800181 -0.15660070466495524 0.1575974689490242
-0.1208479539413821 -0.17162455127660828 0.18493315573362093
-0.1315321790272405 -0.18609101776239426 0.21387863072801674
-0.1416531090381768 -0.19994284313593977 0.2443286902431108
-0.15115959714584878 -0.2131308757413415 0.2761641148997626
-0.16001949518635805 -0.22562573802957528 0.30925308242419836
-0.1682024117523066 -0.23740045135208296 0.343454819927203
-0.17571862888105486 -0.24846918520998656 0.3786174730172048
-0.18259792841664635 -0.25886588420907214 0.4145846134147541
-0.1888954265088747 -0.2686646298345231 0.45120744652653133
-0.19466767433947502 -0.2778915034370521 0.48831076738159884
-0.2000031580063611 -0.28669363471343856 0.5257696438659594
-0.20496390857752217 -0.2951048420131171 0.5634293268753523
-0.20962353953860735 -0.30320790130090347 0.6011613015775517
-0.21402025078428744 -0.3110495446161125 0.6388493004739151
-0.2182423693827129 -0.31872484424146513 0.67637913453017
-0.22232318420205635 -0.3262705506551155 0.7136524629903223
-0.2262383180774769 -0.33358569835361646 0.7505819673610445
-0.23014558718051586 -0.34104892970856154 0.7871363554749713
-0.2339514421170055 -0.3484247003215371 0.8232132451208829
-0.2376470631986787 -0.3557142121358683 0.8587586809235901
-0.24122965598042892 -0.3629244163483263 0.8937229946970406
-0.24467106255677826 -0.3700362495869568 0.9280645591772286
-0.24791737769946418 -0.3770039534548014 0.9617462953396683
-0.25091908929141504 -0.3837850913039829 0.9947288827468063
-0.2536127975160172 -0.3903224330041383 1.0269728501940507
-0.25592844512278806 -0.39655175006047233 1.058436765607379
-0.25781258712054456 -0.40242612784040493 1.0890767367574596
-0.2589520679166102 -0.40745879271829744 1.1187984413000678
-0.25953724964544717 -0.4122136841498707 1.147660257810018
-0.2593115431213453 -0.41622896363650547 1.1755013867508468
-0.2581483482637963 -0.4193882110207255 1.2022469414018406
-0.2558815740562411 -0.42153182765940883 1.2278153718040885
-0.2522928890217956 -0.42244132431967313 1.2521132164794313
-0.24711000895858537 -0.42183338852828933 1.2750251244629758
-0.24004094841688323 -0.41938886030429556 1.296401852623447
-0.2305518169021679 -0.41457614374056145 1.3160843814256198
-0.21790542874379476 -0.4065852128933881 1.3338468138497308
-0.20093434563948312 -0.394112763700091 1.3493538917001144
-0.1775597492391014 -0.3750977366510244 1.3622392626574429
-0.14309016192849627 -0.3448318799147611 1.3721172858034332
-0.08432330356823048 -0.29014025384353515 1.3788174817649506
0.053137974250506814 -0.15667606137080334 1.3830564450236706
0.7982390742528107 0.5844591283137917 1.3879901720446375
0.7981960394620349 -0.5844134775007084 1.388076164798243
0.05314261295750534 0.1566533551256081 1.3831164659251907
-0.08431607757933174 0.2901086721533942 1.3788624463777568
-0.14306703597346876 0.3447868556669004 1.372161984824839
-0.1775432964291748 0.375067351006892 1.3622850985698347
-0.20092515649114837 0.39410166870837027 1.349402772939293
-0.21791180636008958 0.4066055843604678 1.333897534029106
-0.23055207332753347 0.4145693843689489 1.3161333480971216
-0.24003754105334704 0.4193918258080621 1.2964583951182107
-0.24708911660585542 0.42180985823878786 1.2750866993984415
-0.25227065928415193 0.4224133980885816 1.2521790286590915
-0.2558625277603097 0.4215072238723859 1.2278848706213465
-0.2581285289384714 0.419363908312741 1.2023211178018984
-0.259298120313314 0.4162112348907991 1.1755785898031665
-0.2595224458782973 0.4121924045373622 1.147741209784919
-0.2589438967091797 0.40743851719852237 1.1188807627089339
-0.25781860864253775 0.40243937378995703 1.089145186462076
-0.25593785920452217 0.39656691622933354 1.058504856929378
-0.2536326636642747 0.3903456919431333 1.027035730652157
-0.25093552543970893 0.3838034131779818 0.9947880156293667
-0.24793147318320088 0.3770194968443776 0.9618025219170521
-0.24468124795022045 0.3700478494476981 0.9281187977131813
-0.24124030891440684 0.3629357743660885 0.8937743364182432
-0.2376569976432922 0.3557222966354756 0.858806118556697
-0.2339552681652354 0.3484212315138088 0.8232561386379015
-0.23014086065931666 0.34102778347189755 0.7871733870745438
-0.22629798364212794 0.33373932746996493 0.7506559798486159
-0.222319488483045 0.3262523969279996 0.7136918906246122
-0.21824679515302478 0.31872156976817995 0.6764160346489646
-0.2140308212518712 0.31105780545484446 0.6388842549234929
-0.20963433434865633 0.3032195204455112 0.6011944780297253
-0.20497518257978553 0.29511814249878776 0.5634601148418913
-0.2000150757216374 0.28670785542227406 0.5257978337193757
-0.1946803748249009 0.27790714322072285 0.4883369745122666
-0.18891040358004912 0.26868406982560444 0.4512300330948601
-0.18261099507041179 0.25888248780738043 0.4146039073168203
-0.17573008448660182 0.248484553204682 0.37863453934874397
-0.16821223369639288 0.23741446877310535 0.3434698448752154
-0.16002776063536167 0.22563841894277092 0.30926622396607745
-0.15116719138438917 0.21314306540684488 0.2761753938432359
-0.14165903235756047 0.19995351767964542 0.24433839663156634
-0.13153649682470947 0.18610022616270447 0.2138870019108277
-0.12085071959933978 0.1716323298358725 0.184940418786057
-0.10966015544092005 0.15660715302162512 0.15760382800148626
-0.0980211143827591 0.14108080418873234 0.13196651160082198
-0.08597297627997658 0.12509341989371056 0.10809848838821651
-0.07350514112694459 0.10864375683114813 0.08604532858166729
-0.060501876439953445 0.09160279889916358 0.0657970255282547
-0.046463527937397026 0.07348242350958574 0.047236400591235045
-0.029205293529820906 0.05210224744376468 0.029822697126850227
-0.02920516669780481 -0.052102202874793516 0.029821824447842468
-0.04646358483431762 -0.07348256675832616 0.047234821933610234
-0.06050225757564965 -0.09160327011936377 0.06579473776595272
-0.07350607035881679 -0.10864478382443792 0.08604234618170095
-0.08597406030139063 -0.12508934188225307 0.10809338952635612
-0.09802101476753436 -0.14107553885325733 0.13196087985673746
-0.1096588166800181 -0.15660070466495524 0.1575974689490242
-0.1208479539413821 -0.17162455127660828 0.18493315573362093
-0.1315321790272405 -0.18609101776239426 0.21387863072801674
-0.1416531090381768 -0.19994284313593977 0.2443286902431108
-0.15115959714584878 -0.2131308757413415 0.2761641148997626
-0.16001949518635805 -0.22562573802957528 0.30925308242419836
-0.1682024117523066 -0.23740045135208296 0.343454819927203
-0.17571862888105486 -0.24846918520998656 0.3786174730172048
-0.18259792841664635 -0.25886588420907214 0.4145846134147541
-0.1888954265088747 -0.2686646298345231 0.45120744652653133
-0.19466767433947502 -0.2778915034370521 0.48831076738159884
-0.2000031580063611 -0.28669363471343856 0.5257696438659594
-0.20496390857752217 -0.2951048420131171 0.5634293268753523
-0.20962353953860735 -0.30320790130090347 0.6011613015775517
-0.21402025078428744 -0.3110495446161125 0.6388493004739151
-0.2182423693827129 -0.31872484424146513 0.67637913453017
-0.22232318420205635 -0.3262705506551155 0.7136524629903223
-0.2262383180774769 -0.33358569835361646 0.7505819673610445
-0.23014558718051586 -0.34104892970856154 0.7871363554749713
-0.2339514421170055 -0.3484247003215371 0.8232132451208829
-0.2376470631986787 -0.3557142121358683 0.8587586809235901
-0.24122965598042892 -0.3629244163483263 0.8937229946970406
-0.24467106255677826 -0.3700362495869568 0.9280645591772286
-0.24791737769946418 -0.3770039534548014 0.9617462953396683
-0.25091908929141504 -0.3837850913039829 0.9947288827468063
-0.2536127975160172 -0.3903224330041383 1.0269728501940507
-0.25592844512278806 -0.39655175006047233 1.058436765607379
-0.25781258712054456 -0.40242612784040493 1.0890767367574596
-0.2589520679166102 -0.40745879271829744 1.1187984413000678
-0.25953724964544717 -0.4122136841498707 1.147660257810018
-0.2593115431213453 -0.41622896363650547 1.1755013867508468
-0.2581483482637963 -0.4193882110207255 1.2022469414018406
-0.2558815740562411 -0.42153182765940883 1.2278153718040885
-0.2522928890217956 -0.42244132431967313 1.2521132164794313
-0.24711000895858537 -0.42183338852828933 1.2750251244629758
-0.24004094841688323 -0.41938886030429556 1.296401852623447
-0.2305518169021679 -0.41457614374056145 1.3160843814256198
-0.21790542874379476 -0.4065852128933881 1.3338468138497308
-0.20093434563948312 -0.394112763700091 1.3493538917001144
-0.1775597492391014 -0.3750977366510244 1.3622392626574429
-0.14309016192849627 -0.3448318799147611 1.3721172858034332
-0.08432330356823048 -0.29014025384353515 1.3788174817649506
0.053137974250506814 -0.15667606137080334 1.3830564450236706
0.7982390742528107 0.5844591283137917 1.3879901720446375
0.7981960394620349 -0.5844134775007084 1.388076164798243
0.05314261295750534 0.1566533551256081 1.3831164659251907
-0.08431607757933174 0.2901086721533942 1.3788624463777568
-0.14306703597346876 0.3447868556669004 1.372161984824839
-0.1775432964291748 0.375067351006892 1.3622850985698347
-0.20092515649114837 0.39410166870837027 1.349402772939293
-0.21791180636008958 0.4066055843604678 1.333897534029106
-0.23055207332753347 0.4145693843689489 1.3161333480971216
-0.24003754105334704 0.4193918258080621 1.2964583951182107
-0.24708911660585542 0.42180985823878786 1.2750866993984415
-0.25227065928415193 0.4224133980885816 1.2521790286590915
-0.2558625277603097 0.4215072238723859 1.2278848706213465
-0.2581285289384714 0.419363908312741 1.2023211178018984
-0.259298120313314 0.4162112348907991 1.1755785898031665
-0.2595224458782973 0.4121924045373622 1.147741209784919
-0.2589438967091797 0.40743851719852237 1.1188807627089339
-0.25781860864253775 0.40243937378995703 1.089145186462076
-0.25593785920452217 0.39656691622933354 1.058504856929378
-0.2536326636642747 0.3903456919431333 1.027035730652157
-0.25093552543970893 0.3838034131779818 0.9947880156293667
-0.24793147318320088 0.3770194968443776 0.9618025219170521
-0.24468124795022045 0.3700478494476981 0.9281187977131813
-0.24124030891440684 0.3629357743660885 0.8937743364182432
-0.2376569976432922 0.3557222966354756 0.858806118556697
-0.2339552681652354 0.3484212315138088 0.8232561386379015
-0.23014086065931666 0.34102778347189755 0.7871733870745438
-0.22629798364212794 0.33373932746996493 0.7506559798486159
-0.222319488483045 0.3262523969279996 0.7136918906246122
-0.21824679515302478 0.31872156976817995 0.6764160346489646
-0.2140308212518712 0.31105780545484446 0.6388842549234929
-0.20963433434865633 0.3032195204455112 0.6011944780297253
-0.20497518257978553 0.29511814249878776 0.5634601148418913
-0.2000150757216374 0.28670785542227406 0.5257978337193757
-0.1946803748249009 0.27790714322072285 0.4883369745122666
-0.18891040358004912 0.26868406982560444 0.4512300330948601
-0.18261099507041179 0.25888248780738043 0.4146039073168203
-0.17573008448660182 0.248484553204682 0.37863453934874397
-0.16821223369639288 0.23741446877310535 0.3434698448752154
-0.16002776063536167 0.22563841894277092 0.30926622396607745
-0.15116719138438917 0.21314306540684488 0.2761753938432359
-0.14165903235756047 0.19995351767964542 0.24433839663156634
-0.13153649682470947 0.18610022616270447 0.2138870019108277
-0.12085071959933978 0.1716323298358725 0.184940418786057
-0.10966015544092005 0.15660715302162512 0.15760382800148626
-0.0980211143827591 0.14108080418873234 0.13196651160082198
-0.08597297627997658 0.12509341989371056 0.10809848838821651
-0.07350514112694459 0.10864375683114813 0.08604532858166729
-0.060501876439953445 0.09160279889916358 0.0657970255282547
-0.046463527937397026 0.07348242350958574 0.047236400591235045
-0.029205293529820906 0.05210224744376468 0.029822697126850227

VECTORS Vvpm_AB float
-0.0054614016499984555 0.15053147069074468 0.0837137149771188
-0.0023512367272565393 0.14985855418405178 0.07552108828088985
0.0011813178032714575 0.1490107502108003 0.06615203040537347
0.0050909909807045906 0.14796556447168605 0.05569984538795744
0.009478296550003852 0.14724533358710024 0.04340890340603416
0.013970936133809992 0.14571044568777144 0.031220512049262617
0.01867537336330298 0.1439178200924259 0.0183246795781144
0.023531919527194578 0.1418543913006478 0.004858063277837721
0.028480334786065035 0.1395116160605524 -0.009038269924767375
0.03346120391555155 0.13688602136095435 -0.02322180598653152
0.038417314586585496 0.1339795550073423 -0.03755179701533594
0.043294986468057586 0.1307997546187178 -0.05189263538149559
0.04804530824413063 0.12735976576950853 -0.06611729871552138
0.05262525227888789 0.12367825057016499 -0.08011078241885206
0.056998651079472565 0.11977923363959936 -0.09377344806078669
0.06116768352852496 0.11563075378145188 -0.10658746743094002
0.06512079551506869 0.11136369805370282 -0.11953266273160534
0.06864356118721919 0.10688860928086998 -0.1309869639015048
0.07189254810853012 0.10229374822767089 -0.14188031261258244
0.0748431897702503 0.09760120674748882 -0.1520504663351489
0.07747525798783776 0.09282902995172626 -0.16137603134236128
0.0797721935711553 0.08798929196027472 -0.16979525928290004
0.08172014757445235 0.08308607378867755 -0.17732823031087916
0.08379862167081532 0.0784082179417172 -0.18573154544728043
0.08503073929784129 0.07344559112087579 -0.1903024890538467
0.086018911179297 0.06851869358977626 -0.19428441333031424
0.086753783948163 0.0636275254623907 -0.19753825808469375
0.0872272350422309 0.058769049035857744 -0.1999472612322932
0.08743175027611214 0.053938318755817435 -0.20142038104218168
0.08735975137995189 0.049130187893592664 -0.20189372999931285
0.08700299165260153 0.044341657494599916 -0.20132880048326673
0.08635218948896564 0.039574861000394444 -0.19970616861567755
0.08539707581198457 0.034840614908805585 -0.1970137466729443
0.08412699268784879 0.030162461189438425 -0.19322934699167865
0.08281428316233186 0.02586243488935767 -0.19112503064240338
0.08085975761000432 0.021356507045582063 -0.18492672234984303
0.07852862775250291 0.016970650262054607 -0.17795194736498654
0.07579301852506626 0.012777759014219639 -0.17010520649560634
0.07263981708018193 0.008872628702462925 -0.1613517392180616
0.06908154023577079 0.005374725577842184 -0.1517520667748015
0.06517264124840058 0.0024267818892460425 -0.14150942643323824
0.06103084121105506 0.00018333334297274823 -0.13102564614211545
0.0567212355090679 -0.001359691723027509 -0.12028854904221192
0.052546613517076596 -0.002024709721268135 -0.1102477752786929
0.04905920380733833 -0.0018783578087862383 -0.10257326794728747
0.04628177487602792 -0.0012602743645915215 -0.09691725085726294
0.04428575147389345 -0.0005354487329735482 -0.09337068990939723
0.04292174145093627 -2.1546677913834335e-5 -0.09148969691274418
0.04192968913199059 0.00012936008924784676 -0.09059194270461444
0.04107365484076511 -7.934871080069708e-5 -0.09008281754399475
0.041241219806703804 -0.0004368863371838681 -0.09006546126956665
0.04206326043745824 -0.0005865852561821564 -0.09080731269776543
0.043025064910666974 -0.00039753775278583616 -0.0917798328043788
0.044360287710726205 0.00014219455031489261 -0.09363515013193945
0.04632652285985031 0.0008885105931476173 -0.09708855307657543
0.049070669587364966 0.0015311805799749553 -0.10259752845847546
0.05251896213641281 0.0017121271913929596 -0.11007007176883844
0.056742196950249256 0.000979688592369382 -0.12037993964075384
0.06101648631821452 -0.000549368047400519 -0.1309412231269367
0.06517911345085191 -0.0028105270988432775 -0.14154515173291332
0.06909537952482729 -0.005766812987920342 -0.1518308885476853
0.0726546329310171 -0.00926860814081408 -0.16143044162250458
0.07580904456611894 -0.013178268319697888 -0.17017040526243823
0.07855215229504577 -0.017381403220374098 -0.1780165251700672
0.08090245064701942 -0.02178811445332516 -0.18502659089174614
0.08289244803901677 -0.02633007893956073 -0.19131614301254535
0.08409283362456989 -0.03050587468879777 -0.19311314444726027
0.08537030574648544 -0.03520668378006876 -0.1969188401612949
0.08632934331401516 -0.03995417936835166 -0.19964827579062616
0.08698071224445121 -0.04472740157299139 -0.2012951847312022
0.08733580534166295 -0.04951805407528794 -0.20186680445553398
0.08740565529090231 -0.05432626963316829 -0.20139317419751518
0.08720058768367134 -0.059156933352056996 -0.19993251027460932
0.08673036502408248 -0.0640166261318113 -0.1975726354069428
0.08600463238698958 -0.06891125034368972 -0.1944291536552789
0.08503347998289433 -0.07384433623354585 -0.19064146478064267
0.08346749089823248 -0.07860195234584479 -0.18370463549009117
0.08175267648210092 -0.08351158657506 -0.17765030255697903
0.07977187065795882 -0.08838852208773165 -0.16997217993871694
0.07745295807989447 -0.09321327501672921 -0.16142980245466593
0.07480735879878954 -0.09797697122825443 -0.15202769966454432
0.0718498954124914 -0.10266571444582338 -0.14182502194220098
0.06859930653283157 -0.10726169293795973 -0.1309216794091336
0.06507858408394825 -0.111744283045983 -0.1194465012243112
0.061107410411507926 -0.11599372343275646 -0.10645060285347106
0.056936214727583236 -0.12014219246475921 -0.09365845539561617
0.05255939379125073 -0.12403727562854344 -0.07997704915641994
0.047975409724729315 -0.12771406629604165 -0.06596587117705344
0.043220235397275014 -0.1311486193825903 -0.05172366351637475
0.03833670308321216 -0.13432230356999428 -0.03736454856451556
0.033373550760552304 -0.13722197272333936 -0.023014731593325163
0.02838433203848578 -0.1398400784306865 -0.008809135269275445
0.023426202039025464 -0.14217467362008887 0.005111976225427167
0.01855860649326363 -0.14422926318750812 0.01860631205652316
0.013841914728240498 -0.14601246867834988 0.0315327276345929
0.009336046927425921 -0.1475374896330962 0.04375417127057263
0.005069642917308173 -0.14840785664559186 0.05569465027279729
0.0011602555384472302 -0.14945352513043297 0.06614651533815168
-0.0023719203163774516 -0.15030178441597464 0.07551476939475675
-0.005481664930711512 -0.150975113344149 0.08370633384659118
-0.0054614016499984555 0.15053147069074468 0.0837137149771188
-0.0023512367272565393 0.14985855418405178 0.07552108828088985
0.0011813178032714575 0.1490107502108003 0.06615203040537347
0.0050909909807045906 0.14796556447168605 0.05569984538795744
0.009478296550003852 0.14724533358710024 0.04340890340603416
0.013970936133809992 0.14571044568777144 0.031220512049262617
0.01867537336330298 0.1439178200924259 0.0183246795781144
0.023531919527194578 0.1418543913006478 0.004858063277837721
0.028480334786065035 0.1395116160605524 -0.009038269924767375
0.03346120391555155 0.13688602136095435 -0.02322180598653152
0.038417314586585496 0.1339795550073423 -0.03755179701533594
0.043294986468057586 0.1307997546187178 -0.05189263538149559
0.04804530824413063 0.12735976576950853 -0.06611729871552138
0.05262525227888789 0.12367825057016499 -0.08011078241885206
0.056998651079472565 0.11977923363959936 -0.09377344806078669
0.06116768352852496 0.11563075378145188 -0.10658746743094002
0.06512079551506869 0.11136369805370282 -0.11953266273160534
0.06864356118721919 0.10688860928086998 -0.1309869639015048
0.07189254810853012 0.10229374822767089 -0.14188031261258244
0.0748431897702503 0.09760120674748882 -0.1520504663351489
0.07747525798783776 0.09282902995172626 -0.16137603134236128
0.0797721935711553 0.08798929196027472 -0.16979525928290004
0.08172014757445235 0.08308607378867755 -0.17732823031087916
0.08379862167081532 0.0784082179417172 -0.18573154544728043
0.08503073929784129 0.07344559112087579 -0.1903024890538467
0.086018911179297 0.06851869358977626 -0.19428441333031424
0.086753783948163 0.0636275254623907 -0.19753825808469375
0.0872272350422309 0.058769049035857744 -0.1999472612322932
0.08743175027611214 0.053938318755817435 -0.20142038104218168
0.08735975137995189 0.049130187893592664 -0.20189372999931285
0.08700299165260153 0.044341657494599916 -0.20132880048326673
0.08635218948896564 0.039574861000394444 -0.19970616861567755
0.08539707581198457 0.034840614908805585 -0.1970137466729443
0.08412699268784879 0.030162461189438425 -0.19322934699167865
0.08281428316233186 0.02586243488935767 -0.19112503064240338
0.08085975761000432 0.021356507045582063 -0.18492672234984303
0.07852862775250291 0.016970650262054607 -0.17795194736498654
0.07579301852506626 0.012777759014219639 -0.17010520649560634
0.07263981708018193 0.008872628702462925 -0.1613517392180616
0.06908154023577079 0.005374725577842184 -0.1517520667748015
0.06517264124840058 0.0024267818892460425 -0.14150942643323824
0.06103084121105506 0.00018333334297274823 -0.13102564614211545
0.0567212355090679 -0.001359691723027509 -0.12028854904221192
0.052546613517076596 -0.002024709721268135 -0.1102477752786929
0.04905920380733833 -0.0018783578087862383 -0.10257326794728747
0.04628177487602792 -0.0012602743645915215 -0.09691725085726294
0.04428575147389345 -0.0005354487329735482 -0.09337068990939723
0.04292174145093627 -2.1546677913834335e-5 -0.09148969691274418
0.04192968913199059 0.00012936008924784676 -0.09059194270461444
0.04107365484076511 -7.934871080069708e-5 -0.09008281754399475
0.041241219806703804 -0.0004368863371838681 -0.09006546126956665
0.04206326043745824 -0.0005865852561821564 -0.09080731269776543
0.043025064910666974 -0.00039753775278583616 -0.0917798328043788
0.044360287710726205 0.00014219455031489261 -0.09363515013193945
0.04632652285985031 0.0008885105931476173 -0.09708855307657543
0.049070669587364966 0.0015311805799749553 -0.10259752845847546
0.05251896213641281 0.0017121271913929596 -0.11007007176883844
0.056742196950249256 0.000979688592369382 -0.12037993964075384
0.06101648631821452 -0.000549368047400519 -0.1309412231269367
0.06517911345085191 -0.0028105270988432775 -0.14154515173291332
0.06909537952482729 -0.005766812987920342 -0.1518308885476853
0.0726546329310171 -0.00926860814081408 -0.16143044162250458
0.07580904456611894 -0.013178268319697888 -0.17017040526243823
0.07855215229504577 -0.017381403220374098 -0.1780165251700672
0.08090245064701942 -0.02178811445332516 -0.18502659089174614
0.08289244803901677 -0.02633007893956073 -0.19131614301254535
0.08409283362456989 -0.03050587468879777 -0.19311314444726027
0.08537030574648544 -0.03520668378006876 -0.1969188401612949
0.08632934331401516 -0.03995417936835166 -0.19964827579062616
0.08698071224445121 -0.04472740157299139 -0.2012951847312022
0.08733580534166295 -0.04951805407528794 -0.20186680445553398
0.08740565529090231 -0.05432626963316829 -0.20139317419751518
0.08720058768367134 -0.059156933352056996 -0.19993251027460932
0.08673036502408248 -0.0640166261318113 -0.1975726354069428
0.08600463238698958 -0.06891125034368972 -0.1944291536552789
0.08503347998289433 -0.07384433623354585 -0.19064146478064267
0.08346749089823248 -0.07860195234584479 -0.18370463549009117
0.08175267648210092 -0.08351158657506 -0.17765030255697903
0.07977187065795882 -0.08838852208773165 -0.16997217993871694
0.07745295807989447 -0.09321327501672921 -0.16142980245466593
0.07480735879878954 -0.09797697122825443 -0.15202769966454432
0.0718498954124914 -0.10266571444582338 -0.14182502194220098
0.06859930653283157 -0.10726169293795973 -0.1309216794091336
0.06507858408394825 -0.111744283045983 -0.1194465012243112
0.061107410411507926 -0.11599372343275646 -0.10645060285347106
0.056936214727583236 -0.12014219246475921 -0.09365845539561617
0.05255939379125073 -0.12403727562854344 -0.07997704915641994
0.047975409724729315 -0.12771406629604165 -0.06596587117705344
0.043220235397275014 -0.1311486193825903 -0.05172366351637475
0.03833670308321216 -0.13432230356999428 -0.03736454856451556
0.033373550760552304 -0.13722197272333936 -0.023014731593325163
0.02838433203848578 -0.1398400784306865 -0.008809135269275445
0.023426202039025464 -0.14217467362008887 0.005111976225427167
0.01855860649326363 -0.14422926318750812 0.01860631205652316
0.013841914728240498 -0.14601246867834988 0.0315327276345929
0.009336046927425921 -0.1475374896330962 0.04375417127057263
0.005069642917308173 -0.14840785664559186 0.05569465027279729
0.0011602555384472302 -0.14945352513043297 0.06614651533815168
-0.0023719203163774516 -0.15030178441597464 0.07551476939475675
-0.005481664930711512 -0.150975113344149 0.08370633384659118