# vtk DataFile Version 4.0
[MyVLM domain - lattices] 
ASCII
DATASET UNSTRUCTURED_GRID
POINTS 302 float
1.2444999999999997 -1.2445 0.0
1.2399745454545452 -1.2399745454545454 0.0
1.2346178849721705 -1.2346178849721707 0.0
1.2284300185528754 -1.2284300185528756 0.0
1.2214109461966602 -1.2214109461966605 0.0
1.2135606679035247 -1.213560667903525 0.0
1.2048791836734691 -1.2048791836734694 0.0
1.1953664935064932 -1.1953664935064934 0.0
1.1850225974025972 -1.1850225974025974 0.0
1.1738474953617808 -1.173847495361781 0.0
1.1618411873840442 -1.1618411873840444 0.0
1.1490036734693874 -1.1490036734693876 0.0
1.1353349536178106 -1.1353349536178108 0.0
1.1208350278293133 -1.1208350278293135 0.0
1.1055038961038959 -1.105503896103896 0.0
1.0893415584415582 -1.0893415584415584 0.0
1.0723480148423004 -1.0723480148423006 0.0
1.054523265306122 -1.0545232653061223 0.0
1.0358673098330238 -1.035867309833024 0.0
1.0163801484230053 -1.0163801484230055 0.0
0.9960617810760664 -0.9960617810760668 0.0
0.9749122077922076 -0.9749122077922077 0.0
0.9529314285714284 -0.9529314285714284 0.0
0.9301194434137288 -0.930119443413729 0.0
0.9064762523191091 -0.9064762523191096 0.0
0.8820018552875695 -0.8820018552875695 0.0
0.8566962523191093 -0.8566962523191094 0.0
0.8305594434137288 -0.8305594434137291 0.0
0.8035914285714284 -0.8035914285714285 0.0
0.7757922077922076 -0.7757922077922077 0.0
0.7471617810760666 -0.7471617810760667 0.0
0.7177001484230053 -0.7177001484230054 0.0
0.6874073098330239 -0.687407309833024 0.0
0.6562832653061222 -0.6562832653061225 0.0
0.6243280148423004 -0.6243280148423005 0.0
0.5915415584415582 -0.5915415584415583 0.0
0.5579238961038958 -0.5579238961038959 0.0
0.5234750278293133 -0.5234750278293134 0.0
0.48819495361781057 -0.48819495361781057 0.0
0.4520836734693877 -0.4520836734693877 0.0
0.4151411873840445 -0.4151411873840446 0.0
0.37736749536178105 -0.37736749536178116 0.0
0.3387625974025974 -0.3387625974025974 0.0
0.2993264935064933 -0.29932649350649343 0.0
0.25905918367346925 -0.25905918367346925 0.0
0.21796066790352486 -0.21796066790352486 0.0
0.17603094619666027 -0.1760309461966605 0.0
0.13327001855287546 -0.13327001855287568 0.0
0.08967788497217066 -0.08967788497217066 0.0
0.045254545454545436 -0.045254545454545436 0.0
0.0 0.0 0.0
0.04525454545454545 0.04525454545454546 0.0
0.08967788497217066 0.08967788497217068 0.0
0.13327001855287568 0.1332700185528757 0.0
0.17603094619666046 0.1760309461966605 0.0
0.21796066790352497 0.21796066790352508 0.0
0.2590591836734693 0.25905918367346936 0.0
0.29932649350649343 0.2993264935064935 0.0
0.3387625974025973 0.33876259740259734 0.0
0.37736749536178094 0.377367495361781 0.0
0.41514118738404443 0.4151411873840445 0.0
0.45208367346938766 0.4520836734693878 0.0
0.48819495361781057 0.4881949536178107 0.0
0.5234750278293133 0.5234750278293134 0.0
0.5579238961038959 0.557923896103896 0.0
0.5915415584415582 0.5915415584415583 0.0
0.6243280148423003 0.6243280148423004 0.0
0.6562832653061222 0.6562832653061225 0.0
0.687407309833024 0.6874073098330241 0.0
0.7177001484230054 0.7177001484230056 0.0
0.7471617810760667 0.7471617810760669 0.0
0.7757922077922076 0.7757922077922077 0.0
0.8035914285714284 0.8035914285714285 0.0
0.8305594434137288 0.830559443413729 0.0
0.8566962523191093 0.8566962523191094 0.0
0.8820018552875692 0.8820018552875695 0.0
0.9064762523191091 0.9064762523191093 0.0
0.9301194434137288 0.9301194434137292 0.0
0.9529314285714284 0.9529314285714284 0.0
0.9749122077922076 0.9749122077922077 0.0
0.9960617810760666 0.9960617810760668 0.0
1.0163801484230053 1.0163801484230055 0.0
1.0358673098330238 1.035867309833024 0.0
1.054523265306122 1.0545232653061223 0.0
1.0723480148423001 1.0723480148423004 0.0
1.0893415584415582 1.0893415584415584 0.0
1.1055038961038959 1.105503896103896 0.0
1.120835027829313 1.1208350278293133 0.0
1.1353349536178106 1.1353349536178106 0.0
1.1490036734693874 1.1490036734693876 0.0
1.1618411873840444 1.1618411873840446 0.0
1.1738474953617808 1.173847495361781 0.0
1.1850225974025972 1.1850225974025972 0.0
1.1953664935064932 1.1953664935064934 0.0
1.2048791836734691 1.2048791836734694 0.0
1.2135606679035245 1.2135606679035247 0.0
1.22141094619666 1.2214109461966602 0.0
1.2284300185528754 1.2284300185528756 0.0
1.2346178849721703 1.2346178849721705 0.0
1.2399745454545452 1.2399745454545454 0.0
1.2444999999999997 1.2445 0.0
1.7422999999999997 -1.2445 0.0
1.7377745454545452 -1.2399745454545454 0.0
1.7324178849721703 -1.2346178849721707 0.0
1.7262300185528754 -1.2284300185528756 0.0
1.7192109461966603 -1.2214109461966605 0.0
1.7113606679035245 -1.213560667903525 0.0
1.7026791836734692 -1.2048791836734694 0.0
1.6931664935064934 -1.1953664935064934 0.0
1.6828225974025972 -1.1850225974025974 0.0
1.6716474953617806 -1.173847495361781 0.0
1.6596411873840444 -1.1618411873840444 0.0
1.6468036734693878 -1.1490036734693876 0.0
1.6331349536178106 -1.1353349536178108 0.0
1.6186350278293133 -1.1208350278293135 0.0
1.603303896103896 -1.105503896103896 0.0
1.5871415584415582 -1.0893415584415584 0.0
1.5701480148423004 -1.0723480148423006 0.0
1.552323265306122 -1.0545232653061223 0.0
1.5336673098330238 -1.035867309833024 0.0
1.5141801484230053 -1.0163801484230055 0.0
1.4938617810760666 -0.9960617810760668 0.0
1.4727122077922075 -0.9749122077922077 0.0
1.4507314285714283 -0.9529314285714284 0.0
1.4279194434137288 -0.930119443413729 0.0
1.4042762523191092 -0.9064762523191096 0.0
1.3798018552875693 -0.8820018552875695 0.0
1.3544962523191093 -0.8566962523191094 0.0
1.328359443413729 -0.8305594434137291 0.0
1.3013914285714283 -0.8035914285714285 0.0
1.2735922077922077 -0.7757922077922077 0.0
1.2449617810760665 -0.7471617810760667 0.0
1.2155001484230055 -0.7177001484230054 0.0
1.1852073098330238 -0.687407309833024 0.0
1.1540832653061224 -0.6562832653061225 0.0
1.1221280148423003 -0.6243280148423005 0.0
1.0893415584415582 -0.5915415584415583 0.0
1.055723896103896 -0.5579238961038959 0.0
1.0212750278293132 -0.5234750278293134 0.0
0.9859949536178108 -0.48819495361781057 0.0
0.9498836734693876 -0.4520836734693877 0.0
0.9129411873840445 -0.4151411873840446 0.0
0.875167495361781 -0.37736749536178116 0.0
0.8365625974025973 -0.3387625974025974 0.0
0.7971264935064933 -0.29932649350649343 0.0
0.7568591836734693 -0.25905918367346925 0.0
0.7157606679035249 -0.21796066790352486 0.0
0.6738309461966603 -0.1760309461966605 0.0
0.6310700185528755 -0.13327001855287568 0.0
0.5874778849721707 -0.08967788497217066 0.0
0.5430545454545455 -0.045254545454545436 0.0
0.4978 0.0 0.0
0.5430545454545455 0.04525454545454546 0.0
0.5874778849721707 0.08967788497217068 0.0
0.6310700185528757 0.1332700185528757 0.0
0.6738309461966605 0.1760309461966605 0.0
0.715760667903525 0.21796066790352508 0.0
0.7568591836734693 0.25905918367346936 0.0
0.7971264935064934 0.2993264935064935 0.0
0.8365625974025973 0.33876259740259734 0.0
0.875167495361781 0.377367495361781 0.0
0.9129411873840445 0.4151411873840445 0.0
0.9498836734693876 0.4520836734693878 0.0
0.9859949536178105 0.4881949536178107 0.0
1.0212750278293132 0.5234750278293134 0.0
1.055723896103896 0.557923896103896 0.0
1.0893415584415582 0.5915415584415583 0.0
1.1221280148423003 0.6243280148423004 0.0
1.1540832653061224 0.6562832653061225 0.0
1.185207309833024 0.6874073098330241 0.0
1.2155001484230055 0.7177001484230056 0.0
1.2449617810760667 0.7471617810760669 0.0
1.2735922077922077 0.7757922077922077 0.0
1.3013914285714283 0.8035914285714285 0.0
1.3283594434137287 0.830559443413729 0.0
1.3544962523191093 0.8566962523191094 0.0
1.3798018552875693 0.8820018552875695 0.0
1.4042762523191092 0.9064762523191093 0.0
1.427919443413729 0.9301194434137292 0.0
1.4507314285714283 0.9529314285714284 0.0
1.4727122077922075 0.9749122077922077 0.0
1.4938617810760666 0.9960617810760668 0.0
1.5141801484230053 1.0163801484230055 0.0
1.5336673098330238 1.035867309833024 0.0
1.552323265306122 1.0545232653061223 0.0
1.5701480148423002 1.0723480148423004 0.0
1.5871415584415582 1.0893415584415584 0.0
1.603303896103896 1.105503896103896 0.0
1.6186350278293131 1.1208350278293133 0.0
1.6331349536178106 1.1353349536178106 0.0
1.6468036734693874 1.1490036734693876 0.0
1.6596411873840444 1.1618411873840446 0.0
1.6716474953617806 1.173847495361781 0.0
1.6828225974025972 1.1850225974025972 0.0
1.6931664935064934 1.1953664935064934 0.0
1.7026791836734692 1.2048791836734694 0.0
1.7113606679035245 1.2135606679035247 0.0
1.71921094619666 1.2214109461966602 0.0
1.7262300185528754 1.2284300185528756 0.0
1.7324178849721703 1.2346178849721705 0.0
1.7377745454545452 1.2399745454545454 0.0
1.7422999999999997 1.2445 0.0
1.6155872727272724 -1.2422372727272726 0.0
1.6106462152133578 -1.237296215213358 0.0
1.604873951762523 -1.2315239517625232 0.0
1.598270482374768 -1.224920482374768 0.0
1.5908358070500925 -1.2174858070500927 0.0
1.582569925788497 -1.2092199257884972 0.0
1.5734728385899812 -1.2001228385899814 0.0
1.5635445454545454 -1.1901945454545453 0.0
1.552785046382189 -1.1794350463821892 0.0
1.5411943413729126 -1.1678443413729127 0.0
1.5287724304267158 -1.155422430426716 0.0
1.5155193135435991 -1.142169313543599 0.0
1.501434990723562 -1.1280849907235622 0.0
1.4865194619666047 -1.1131694619666048 0.0
1.4707727272727271 -1.0974227272727273 0.0
1.4541947866419294 -1.0808447866419293 0.0
1.4367856400742112 -1.0634356400742113 0.0
1.418545287569573 -1.0451952875695731 0.0
1.3994737291280146 -1.0261237291280147 0.0
1.379570964749536 -1.0062209647495362 0.0
1.358836994434137 -0.9854869944341371 0.0
1.337271818181818 -0.9639218181818181 0.0
1.3148754359925787 -0.9415254359925787 0.0
1.291647847866419 -0.9182978478664192 0.0
1.2675890538033394 -0.8942390538033393 0.0
1.2426990538033393 -0.8693490538033395 0.0
1.2169778478664193 -0.8436278478664192 0.0
1.1904254359925788 -0.8170754359925788 0.0
1.163041818181818 -0.7896918181818181 0.0
1.1348269944341371 -0.7614769944341371 0.0
1.105780964749536 -0.7324309647495362 0.0
1.0759037291280147 -0.7025537291280148 0.0
1.0451952875695731 -0.6718452875695733 0.0
1.0136556400742114 -0.6403056400742114 0.0
0.9812847866419293 -0.6079347866419293 0.0
0.9480827272727271 -0.5747327272727272 0.0
0.9140494619666047 -0.5406994619666048 0.0
0.8791849907235622 -0.5058349907235622 0.0
0.8434893135435992 -0.47013931354359917 0.0
0.8069624304267162 -0.43361243042671627 0.0
0.7696043413729128 -0.3962543413729128 0.0
0.7314150463821893 -0.3580650463821894 0.0
0.6923945454545455 -0.3190445454545454 0.0
0.6525428385899814 -0.27919283858998134 0.0
0.6118599257884971 -0.23850992578849706 0.0
0.5703458070500929 -0.19699580705009279 0.0
0.5280004823747682 -0.15465048237476808 0.0
0.4848239517625232 -0.11147395176252317 0.0
0.4408162152133581 -0.06746621521335805 0.0
0.39597727272727273 -0.022627272727272718 0.0
0.39597727272727273 0.02262727272727273 0.0
0.4408162152133581 0.06746621521335806 0.0
0.4848239517625232 0.11147395176252319 0.0
0.528000482374768 0.15465048237476808 0.0
0.5703458070500929 0.19699580705009276 0.0
0.6118599257884971 0.23850992578849717 0.0
0.6525428385899814 0.2791928385899814 0.0
0.6923945454545455 0.3190445454545454 0.0
0.7314150463821891 0.3580650463821891 0.0
0.7696043413729128 0.39625434137291277 0.0
0.8069624304267162 0.43361243042671616 0.0
0.8434893135435992 0.4701393135435992 0.0
0.8791849907235619 0.5058349907235621 0.0
0.9140494619666046 0.5406994619666047 0.0
0.9480827272727271 0.5747327272727272 0.0
0.9812847866419294 0.6079347866419295 0.0
1.0136556400742114 0.6403056400742114 0.0
1.0451952875695731 0.6718452875695732 0.0
1.0759037291280147 0.7025537291280147 0.0
1.105780964749536 0.7324309647495362 0.0
1.1348269944341371 0.7614769944341373 0.0
1.163041818181818 0.789691818181818 0.0
1.1904254359925786 0.8170754359925786 0.0
1.216977847866419 0.843627847866419 0.0
1.2426990538033393 0.8693490538033394 0.0
1.2675890538033392 0.8942390538033393 0.0
1.291647847866419 0.9182978478664192 0.0
1.3148754359925787 0.9415254359925787 0.0
1.3372718181818182 0.9639218181818181 0.0
1.3588369944341372 0.9854869944341373 0.0
1.379570964749536 1.0062209647495362 0.0
1.3994737291280148 1.0261237291280147 0.0
1.418545287569573 1.0451952875695731 0.0
1.4367856400742112 1.0634356400742113 0.0
1.4541947866419291 1.0808447866419293 0.0
1.470772727272727 1.097422727272727 0.0
1.4865194619666047 1.1131694619666048 0.0
1.501434990723562 1.128084990723562 0.0
1.5155193135435991 1.1421693135435993 0.0
1.528772430426716 1.1554224304267162 0.0
1.5411943413729128 1.1678443413729127 0.0
1.5527850463821888 1.179435046382189 0.0
1.5635445454545451 1.1901945454545453 0.0
1.573472838589981 1.2001228385899811 0.0
1.5825699257884969 1.209219925788497 0.0
1.5908358070500925 1.2174858070500927 0.0
1.5982704823747678 1.224920482374768 0.0
1.604873951762523 1.2315239517625232 0.0
1.6106462152133578 1.237296215213358 0.0
1.6155872727272724 1.2422372727272726 0.0

CELLS 200 700
4 0 101 102 1
4 1 102 103 2
4 2 103 104 3
4 3 104 105 4
4 4 105 106 5
4 5 106 107 6
4 6 107 108 7
4 7 108 109 8
4 8 109 110 9
4 9 110 111 10
4 10 111 112 11
4 11 112 113 12
4 12 113 114 13
4 13 114 115 14
4 14 115 116 15
4 15 116 117 16
4 16 117 118 17
4 17 118 119 18
4 18 119 120 19
4 19 120 121 20
4 20 121 122 21
4 21 122 123 22
4 22 123 124 23
4 23 124 125 24
4 24 125 126 25
4 25 126 127 26
4 26 127 128 27
4 27 128 129 28
4 28 129 130 29
4 29 130 131 30
4 30 131 132 31
4 31 132 133 32
4 32 133 134 33
4 33 134 135 34
4 34 135 136 35
4 35 136 137 36
4 36 137 138 37
4 37 138 139 38
4 38 139 140 39
4 39 140 141 40
4 40 141 142 41
4 41 142 143 42
4 42 143 144 43
4 43 144 145 44
4 44 145 146 45
4 45 146 147 46
4 46 147 148 47
4 47 148 149 48
4 48 149 150 49
4 49 150 151 50
4 50 151 152 51
4 51 152 153 52
4 52 153 154 53
4 53 154 155 54
4 54 155 156 55
4 55 156 157 56
4 56 157 158 57
4 57 158 159 58
4 58 159 160 59
4 59 160 161 60
4 60 161 162 61
4 61 162 163 62
4 62 163 164 63
4 63 164 165 64
4 64 165 166 65
4 65 166 167 66
4 66 167 168 67
4 67 168 169 68
4 68 169 170 69
4 69 170 171 70
4 70 171 172 71
4 71 172 173 72
4 72 173 174 73
4 73 174 175 74
4 74 175 176 75
4 75 176 177 76
4 76 177 178 77
4 77 178 179 78
4 78 179 180 79
4 79 180 181 80
4 80 181 182 81
4 81 182 183 82
4 82 183 184 83
4 83 184 185 84
4 84 185 186 85
4 85 186 187 86
4 86 187 188 87
4 87 188 189 88
4 88 189 190 89
4 89 190 191 90
4 90 191 192 91
4 91 192 193 92
4 92 193 194 93
4 93 194 195 94
4 94 195 196 95
4 95 196 197 96
4 96 197 198 97
4 97 198 199 98
4 98 199 200 99
4 99 200 201 100
1 202
1 203
1 204
1 205
1 206
1 207
1 208
1 209
1 210
1 211
1 212
1 213
1 214
1 215
1 216
1 217
1 218
1 219
1 220
1 221
1 222
1 223
1 224
1 225
1 226
1 227
1 228
1 229
1 230
1 231
1 232
1 233
1 234
1 235
1 236
1 237
1 238
1 239
1 240
1 241
1 242
1 243
1 244
1 245
1 246
1 247
1 248
1 249
1 250
1 251
1 252
1 253
1 254
1 255
1 256
1 257
1 258
1 259
1 260
1 261
1 262
1 263
1 264
1 265
1 266
1 267
1 268
1 269
1 270
1 271
1 272
1 273
1 274
1 275
1 276
1 277
1 278
1 279
1 280
1 281
1 282
1 283
1 284
1 285
1 286
1 287
1 288
1 289
1 290
1 291
1 292
1 293
1 294
1 295
1 296
1 297
1 298
1 299
1 300
1 301

CELL_TYPES 200
9
9
9
9
9
9
9
9
9
9
9
9
9
9
9
9
9
9
9
9
9
9
9
9
9
9
9
9
9
9
9
9
9
9
9
9
9
9
9
9
9
9
9
9
9
9
9
9
9
9
9
9
9
9
9
9
9
9
9
9
9
9
9
9
9
9
9
9
9
9
9
9
9
9
9
9
9
9
9
9
9
9
9
9
9
9
9
9
9
9
9
9
9
9
9
9
9
9
9
9
1
1
1
1
1
1
1
1
1
1
1
1
1
1
1
1
1
1
1
1
1
1
1
1
1
1
1
1
1
1
1
1
1
1
1
1
1
1
1
1
1
1
1
1
1
1
1
1
1
1
1
1
1
1
1
1
1
1
1
1
1
1
1
1
1
1
1
1
1
1
1
1
1
1
1
1
1
1
1
1
1
1
1
1
1
1
1
1
1
1
1
1
1
1
1
1
1
1
1
1

CELL_DATA 200

VECTORS Vinf float
8.814590328431898 0.19795199882853193 4.973790933274733
8.83127572331167 0.20488024251585982 4.936526279532832
8.849978448642663 0.21180325243271333 4.894414000885663
8.870297104012133 0.21829262187176315 4.848200913116347
8.891781902951989 0.22395202515916807 4.798733197657572
8.913959775275911 0.2284517404924177 4.7469095652454145
8.936364853460907 0.23155585415175575 4.693624362997087
8.95856864252557 0.23313612223166721 4.639712403910776
8.980203816098399 0.2331694049140706 4.585907691652404
9.000989781339648 0.23162758020989135 4.532781614871916
9.020590651384111 0.22876772095665268 4.481202377249616
9.038933945374488 0.224709515672685 4.431345470453729
9.0561634982189 0.21989788054092502 4.382712502984387
9.071751988711268 0.21374396420067002 4.337277601094057
9.085992933503855 0.20690066715240418 4.294217471343427
9.098893473132655 0.19949053032214903 4.253722801404788
9.110477772172684 0.19161724647075304 4.216046128304393
9.120795777239671 0.18340296342711512 4.181198349695167
9.129944300106171 0.17503740478584034 4.149014410778819
9.13790535265537 0.16632610015878274 4.120209781903357
9.144896754691505 0.15762111646512256 4.093777580383071
9.150868833644724 0.14891226342288133 4.070343736212676
9.15601877049887 0.14026704996201173 4.049368688358941
9.16039261413615 0.13199336917216675 4.031245809771998
9.163941890297295 0.12345525370697605 4.015619284977038
9.166955351541551 0.11528033886772127 4.001655078483025
9.169432413819008 0.10742382861311967 3.9895359268454964
9.171392115507905 0.09984558319380926 3.97934855652392
9.172881206746247 0.0925174119120131 3.971045648301397
9.1732964467185 0.08531977377854782 3.9659907371276772
9.173951795143092 0.07842517568621912 3.9613608021090885
9.174243050315848 0.07160855193996908 3.958688303458798
9.174246834966047 0.06490803799261048 3.9576560023277834
9.173962231106023 0.058245681670556035 3.9583610059322285
9.173367778901419 0.05153996418558357 3.9608028562905893
9.172491934822892 0.04483832873629761 3.9647353882649097
9.171606753621122 0.03829570485108945 3.9705464711769127
9.170091941123887 0.03133807486055156 3.976270701425505
9.167941398528827 0.024204632596221857 3.9839142814493798
9.164997545910346 0.016908546833601795 3.993842103088858
9.16105619525229 0.009486337818564549 4.006556355896305
9.155733515786675 0.002088573503635619 4.022995018996805
9.149025094858803 -0.005280092882672966 4.042631418905864
9.140417866301139 -0.012181562917752563 4.066872508318482
9.129577896684562 -0.018009251036696657 4.096425205685371
9.116879243492734 -0.021550510010682346 4.129774184054285
9.104269104488118 -0.021325558142873062 4.161205454768825
9.094941376839179 -0.01617940750387081 4.182172598220432
9.092249609338785 -0.00819964092437149 4.185772543034468
9.09481000556572 -0.0017918478208847957 4.176458436986581
9.094817784341279 0.0017949215877739006 4.176619790907817
9.092278248725686 0.008200635831714698 4.185696210718242
9.094987095959773 0.016174617175018703 4.181824817380705
9.104311847562858 0.02132133239374171 4.16069403657552
9.116890055713672 0.02162232620228263 4.129487175646488
9.12958046658992 0.01811259563755866 4.096245527689891
9.140415074257621 0.012303924113682389 4.066780280399647
9.149014876560095 0.005416069301582177 4.042591889859779
9.155688969198179 -0.0019116152459528193 4.023089335785467
9.161118636259891 -0.009312981998846215 4.006424405609958
9.165002850764605 -0.016687470546094603 3.9938714590031856
9.167897107545022 -0.023940235721890475 3.9840945065245337
9.170013013951886 -0.03103764115865448 3.976546850234614
9.171516707502777 -0.03797387609380569 3.970828589539126
9.172426794340085 -0.04468529970846227 3.965051378374538
9.173323243240198 -0.051419934407679536 3.9609877779680973
9.173897398420365 -0.058123591786583564 3.9585902502471693
9.1741572167864 -0.06478182075264956 3.957926864151179
9.174132251841986 -0.07148019640136496 3.9589688146845052
9.173827287978732 -0.07829862093331141 3.961617903056766
9.173145106977858 -0.08519862440042772 3.966216502916632
9.172826851044537 -0.09233421742609337 3.971403930074678
9.171340928125332 -0.09967347711714103 3.9796716031661794
9.169386020440246 -0.10726277474929158 3.989826782356899
9.166909505074852 -0.11512588021820026 4.001942695344991
9.163888242654288 -0.12330001231211067 4.015949871060979
9.160320287217347 -0.13182830126757836 4.031675384433874
9.155939595537019 -0.14008790809969893 4.049742826196634
9.150780893089768 -0.14872088848456708 4.070758392785336
9.14488350388701 -0.1574610833180737 4.093922931161396
9.137859073278623 -0.16614509830406068 4.120462752506713
9.129879726163676 -0.1748459843874119 4.14932834989193
9.120721029716412 -0.18320595715523574 4.181547210738087
9.110396719850815 -0.19141540486422595 4.216414671202502
9.098806437781198 -0.19928205530260656 4.254105835991853
9.085898005757763 -0.20668195063354922 4.294615858109958
9.071645837947791 -0.21351046579957336 4.3376954135514065
9.05604203849674 -0.21964469743784504 4.383155474317894
9.038860921139415 -0.22449496217064985 4.431625892957737
9.02051729020768 -0.22855854874345446 4.481467406089016
9.000853993056294 -0.23148849038681532 4.533269230875629
8.9800762658176 -0.23293243226355828 4.586353642812671
8.958437573274683 -0.2328946683433778 4.640156997839078
8.93623052325633 -0.2313103723930229 4.694066986507709
8.913822247273952 -0.2282024599091522 4.747350485007102
8.891641153526797 -0.22369906074645318 4.799173171555882
8.8701531018606 -0.21803605643785837 4.848640893987334
8.849831209509425 -0.21154319423440476 4.894854921025727
8.831125344481364 -0.2046168625234372 4.93696890467522
8.814437006762128 -0.1976855512639181 4.974235775028446
8.814590328431898 0.19795199882853193 4.973790933274733
8.83127572331167 0.20488024251585982 4.936526279532832
8.849978448642663 0.21180325243271333 4.894414000885663
8.870297104012133 0.21829262187176315 4.848200913116347
8.891781902951989 0.22395202515916807 4.798733197657572
8.913959775275911 0.2284517404924177 4.7469095652454145
8.936364853460907 0.23155585415175575 4.693624362997087
8.95856864252557 0.23313612223166721 4.639712403910776
8.980203816098399 0.2331694049140706 4.585907691652404
9.000989781339648 0.23162758020989135 4.532781614871916
9.020590651384111 0.22876772095665268 4.481202377249616
9.038933945374488 0.224709515672685 4.431345470453729
9.0561634982189 0.21989788054092502 4.382712502984387
9.071751988711268 0.21374396420067002 4.337277601094057
9.085992933503855 0.20690066715240418 4.294217471343427
9.098893473132655 0.19949053032214903 4.253722801404788
9.110477772172684 0.19161724647075304 4.216046128304393
9.120795777239671 0.18340296342711512 4.181198349695167
9.129944300106171 0.17503740478584034 4.149014410778819
9.13790535265537 0.16632610015878274 4.120209781903357
9.144896754691505 0.15762111646512256 4.093777580383071
9.150868833644724 0.14891226342288133 4.070343736212676
9.15601877049887 0.14026704996201173 4.049368688358941
9.16039261413615 0.13199336917216675 4.031245809771998
9.163941890297295 0.12345525370697605 4.015619284977038
9.166955351541551 0.11528033886772127 4.001655078483025
9.169432413819008 0.10742382861311967 3.9895359268454964
9.171392115507905 0.09984558319380926 3.97934855652392
9.172881206746247 0.0925174119120131 3.971045648301397
9.1732964467185 0.08531977377854782 3.9659907371276772
9.173951795143092 0.07842517568621912 3.9613608021090885
9.174243050315848 0.07160855193996908 3.958688303458798
9.174246834966047 0.06490803799261048 3.9576560023277834
9.173962231106023 0.058245681670556035 3.9583610059322285
9.173367778901419 0.05153996418558357 3.9608028562905893
9.172491934822892 0.04483832873629761 3.9647353882649097
9.171606753621122 0.03829570485108945 3.9705464711769127
9.170091941123887 0.03133807486055156 3.976270701425505
9.167941398528827 0.024204632596221857 3.9839142814493798
9.164997545910346 0.016908546833601795 3.993842103088858
9.16105619525229 0.009486337818564549 4.006556355896305
9.155733515786675 0.002088573503635619 4.022995018996805
9.149025094858803 -0.005280092882672966 4.042631418905864
9.140417866301139 -0.012181562917752563 4.066872508318482
9.129577896684562 -0.018009251036696657 4.096425205685371
9.116879243492734 -0.021550510010682346 4.129774184054285
9.104269104488118 -0.021325558142873062 4.161205454768825
9.094941376839179 -0.01617940750387081 4.182172598220432
9.092249609338785 -0.00819964092437149 4.185772543034468
9.09481000556572 -0.0017918478208847957 4.176458436986581
9.094817784341279 0.0017949215877739006 4.176619790907817
9.092278248725686 0.008200635831714698 4.185696210718242
9.094987095959773 0.016174617175018703 4.181824817380705
9.104311847562858 0.02132133239374171 4.16069403657552
9.116890055713672 0.02162232620228263 4.129487175646488
9.12958046658992 0.01811259563755866 4.096245527689891
9.140415074257621 0.012303924113682389 4.066780280399647
9.149014876560095 0.005416069301582177 4.042591889859779
9.155688969198179 -0.0019116152459528193 4.023089335785467
9.161118636259891 -0.009312981998846215 4.006424405609958
9.165002850764605 -0.016687470546094603 3.9938714590031856
9.167897107545022 -0.023940235721890475 3.9840945065245337
9.170013013951886 -0.03103764115865448 3.976546850234614
9.171516707502777 -0.03797387609380569 3.970828589539126
9.172426794340085 -0.04468529970846227 3.965051378374538
9.173323243240198 -0.051419934407679536 3.9609877779680973
9.173897398420365 -0.058123591786583564 3.9585902502471693
9.1741572167864 -0.06478182075264956 3.957926864151179
9.174132251841986 -0.07148019640136496 3.9589688146845052
9.173827287978732 -0.07829862093331141 3.961617903056766
9.173145106977858 -0.08519862440042772 3.966216502916632
9.172826851044537 -0.09233421742609337 3.971403930074678
9.171340928125332 -0.09967347711714103 3.9796716031661794
9.169386020440246 -0.10726277474929158 3.989826782356899
9.166909505074852 -0.11512588021820026 4.001942695344991
9.163888242654288 -0.12330001231211067 4.015949871060979
9.160320287217347 -0.13182830126757836 4.031675384433874
9.155939595537019 -0.14008790809969893 4.049742826196634
9.150780893089768 -0.14872088848456708 4.070758392785336
9.14488350388701 -0.1574610833180737 4.093922931161396
9.137859073278623 -0.16614509830406068 4.120462752506713
9.129879726163676 -0.1748459843874119 4.14932834989193
9.120721029716412 -0.18320595715523574 4.181547210738087
9.110396719850815 -0.19141540486422595 4.216414671202502
9.098806437781198 -0.19928205530260656 4.254105835991853
9.085898005757763 -0.20668195063354922 4.294615858109958
9.071645837947791 -0.21351046579957336 4.3376954135514065
9.05604203849674 -0.21964469743784504 4.383155474317894
9.038860921139415 -0.22449496217064985 4.431625892957737
9.02051729020768 -0.22855854874345446 4.481467406089016
9.000853993056294 -0.23148849038681532 4.533269230875629
8.9800762658176 -0.23293243226355828 4.586353642812671
8.958437573274683 -0.2328946683433778 4.640156997839078
8.93623052325633 -0.2313103723930229 4.694066986507709
8.913822247273952 -0.2282024599091522 4.747350485007102
8.891641153526797 -0.22369906074645318 4.799173171555882
8.8701531018606 -0.21803605643785837 4.848640893987334
8.849831209509425 -0.21154319423440476 4.894854921025727
8.831125344481364 -0.2046168625234372 4.93696890467522
8.814437006762128 -0.1976855512639181 4.974235775028446

VECTORS L float
-0.01682151396840714 0.0 0.03607385311869732
-0.026654613312768333 0.0 0.057161002712737906
-0.03634661189308082 0.0 0.07794556074178685
-0.046500858998763155 0.0 0.09972141393248676
-0.057252522779124994 0.0 0.1227784313164647
-0.06862607845240104 0.0 0.14716910016860593
-0.0806060820439934 0.0 0.17286030077850512
-0.0931520158332555 0.0 0.19976514261383238
-0.10623076481193659 0.0 0.22781261031022132
-0.11978684046106564 0.0 0.2568837083547296
-0.13376351357186655 0.0 0.28685678056654207
-0.14810363686930597 0.0 0.3176092742188613
-0.16275170935082867 0.0 0.3490221670276123
-0.1776480817536412 0.0 0.38096754073593136
-0.19273871592895053 0.0 0.4133295101597603
-0.20797218500280895 0.0 0.445997790012018
-0.22330017361401558 0.0 0.47886876766624226
-0.23867841323286015 0.0 0.5118475089541088
-0.25406729072217865 0.0 0.544849063228826
-0.2694261762989857 0.0 0.5777862996396033
-0.2847266038674917 0.0 0.6105981724470195
-0.2999207822591433 0.0 0.6431821931593733
-0.315012901236379 0.0 0.6755473467512088
-0.3299481330675591 0.0 0.7075760547725892
-0.3447041731903184 0.0 0.7392204849351632
-0.3592619821300336 0.0 0.7704398069538383
-0.3736010348669479 0.0 0.8011900047817027
-0.3877000408440098 0.0 0.8314254206718175
-0.40152522554517567 0.0 0.8610736249407905
-0.4150029531523293 0.0 0.8899767050670742
-0.42825242911423406 0.0 0.9183902979605041
-0.4411503103835519 0.0 0.9460498936024667
-0.4536716113898218 0.0 0.9729019102641958
-0.46578563820821395 0.0 0.9988805246114763
-0.4774567564804759 0.0 1.0239093185164276
-0.48862590296258485 0.0 1.0478616304434951
-0.4992704556847027 0.0 1.0706889474218058
-0.5093305383949176 0.0 1.0922628644147603
-0.5187388527321348 0.0 1.112439059621252
-0.527420111349002 0.0 1.1310560788038568
-0.5353000540386675 0.0 1.1479546704350634
-0.5422196754245459 0.0 1.1627938463843852
-0.5480704073671393 0.0 1.1753407815253232
-0.552609817654569 0.0 1.1850755783017484
-0.5555099373432222 0.0 1.191294905044371
-0.5562410997598761 0.0 1.192862887906902
-0.5538200775688376 0.0 1.1876709890635126
-0.545799737397219 0.0 1.1704713140606358
-0.5226445574647955 0.0 1.1208148704499097
-0.3902427622688007 0.0 0.8368783043642096
-0.3902379194903562 0.0 0.8368679189923207
-0.5226422835067108 0.0 1.12080999393106
-0.54579581322131 0.0 1.1704628986382417
-0.5538139284355035 0.0 1.1876578022045226
-0.5562290864845738 0.0 1.1928371253548784
-0.5554983167755043 0.0 1.19126998465648
-0.5526007124836413 0.0 1.1850560521996816
-0.5480653624201935 0.0 1.1753299626016844
-0.5422205119057696 0.0 1.1627956402241584
-0.5352972978606815 0.0 1.147948759792298
-0.5274334255205279 0.0 1.1310846311368348
-0.5187469091665314 0.0 1.11245633670057
-0.5093377354971856 0.0 1.0922782986503818
-0.49927964722977336 0.0 1.07070865875382
-0.4886384320095649 0.0 1.0478884990714512
-0.47746920611487054 0.0 1.0239360168435447
-0.4657994291290592 0.0 0.9989100993366691
-0.4536877077845908 0.0 0.9729364290941732
-0.44116929920784553 0.0 0.9460906152675769
-0.4282748542864287 0.0 0.9184383888974693
-0.4150294859830856 0.0 0.8900336049062519
-0.4015429428884728 0.0 0.8611116199061044
-0.3877141649917541 0.0 0.8314557100044014
-0.37361655357306073 0.0 0.801223284754359
-0.35927916268381166 0.0 0.7704766507703136
-0.34472220169908574 0.0 0.7392591471969812
-0.32996623320609375 0.0 0.707614870644939
-0.31503104138593097 0.0 0.6755862484274622
-0.29993931173639027 0.0 0.6432219297515629
-0.2847463411870535 0.0 0.6106404992654122
-0.26944476822006597 0.0 0.5778261701430254
-0.2540851713223215 0.0 0.5448874082995753
-0.23869580893208475 0.0 0.511884814151483
-0.22331701431937376 0.0 0.47890488267542924
-0.2079883407044657 0.0 0.4460324360260266
-0.19275413178568332 0.0 0.4133625695712093
-0.17766270519492425 0.0 0.3809989008069646
-0.16276550011585825 0.0 0.34905174141865736
-0.14811672003745466 0.0 0.3176373311634983
-0.1337757697921665 0.0 0.2868830641157946
-0.11979734669612914 0.0 0.2569062390485318
-0.10624102566574414 0.0 0.22783461478222194
-0.09316132789497446 0.0 0.1997851123946329
-0.08061407601557263 0.0 0.1728774439058791
-0.06863314325234536 0.0 0.1471842506809785
-0.057258664345742644 0.0 0.122791601948579
-0.046506085027757355 0.0 0.0997326211878316
-0.03635093207250551 0.0 0.07795482539646094
-0.026658012048538612 0.0 0.057168291325118255
-0.016823904352783643 0.0 0.03607897931453541
-0.01682151396840714 0.0 0.03607385311869732
-0.026654613312768333 0.0 0.057161002712737906
-0.03634661189308082 0.0 0.07794556074178685
-0.046500858998763155 0.0 0.09972141393248676
-0.057252522779124994 0.0 0.1227784313164647
-0.06862607845240104 0.0 0.14716910016860593
-0.0806060820439934 0.0 0.17286030077850512
-0.0931520158332555 0.0 0.19976514261383238
-0.10623076481193659 0.0 0.22781261031022132
-0.11978684046106564 0.0 0.2568837083547296
-0.13376351357186655 0.0 0.28685678056654207
-0.14810363686930597 0.0 0.3176092742188613
-0.16275170935082867 0.0 0.3490221670276123
-0.1776480817536412 0.0 0.38096754073593136
-0.19273871592895053 0.0 0.4133295101597603
-0.20797218500280895 0.0 0.445997790012018
-0.22330017361401558 0.0 0.47886876766624226
-0.23867841323286015 0.0 0.5118475089541088
-0.25406729072217865 0.0 0.544849063228826
-0.2694261762989857 0.0 0.5777862996396033
-0.2847266038674917 0.0 0.6105981724470195
-0.2999207822591433 0.0 0.6431821931593733
-0.315012901236379 0.0 0.6755473467512088
-0.3299481330675591 0.0 0.7075760547725892
-0.3447041731903184 0.0 0.7392204849351632
-0.3592619821300336 0.0 0.7704398069538383
-0.3736010348669479 0.0 0.8011900047817027
-0.3877000408440098 0.0 0.8314254206718175
-0.40152522554517567 0.0 0.8610736249407905
-0.4150029531523293 0.0 0.8899767050670742
-0.42825242911423406 0.0 0.9183902979605041
-0.4411503103835519 0.0 0.9460498936024667
-0.4536716113898218 0.0 0.9729019102641958
-0.46578563820821395 0.0 0.9988805246114763
-0.4774567564804759 0.0 1.0239093185164276
-0.48862590296258485 0.0 1.0478616304434951
-0.4992704556847027 0.0 1.0706889474218058
-0.5093305383949176 0.0 1.0922628644147603
-0.5187388527321348 0.0 1.112439059621252
-0.527420111349002 0.0 1.1310560788038568
-0.5353000540386675 0.0 1.1479546704350634
-0.5422196754245459 0.0 1.1627938463843852
-0.5480704073671393 0.0 1.1753407815253232
-0.552609817654569 0.0 1.1850755783017484
-0.5555099373432222 0.0 1.191294905044371
-0.5562410997598761 0.0 1.192862887906902
-0.5538200775688376 0.0 1.1876709890635126
-0.545799737397219 0.0 1.1704713140606358
-0.5226445574647955 0.0 1.1208148704499097
-0.3902427622688007 0.0 0.8368783043642096
-0.3902379194903562 0.0 0.8368679189923207
-0.5226422835067108 0.0 1.12080999393106
-0.54579581322131 0.0 1.1704628986382417
-0.5538139284355035 0.0 1.1876578022045226
-0.5562290864845738 0.0 1.1928371253548784
-0.5554983167755043 0.0 1.19126998465648
-0.5526007124836413 0.0 1.1850560521996816
-0.5480653624201935 0.0 1.1753299626016844
-0.5422205119057696 0.0 1.1627956402241584
-0.5352972978606815 0.0 1.147948759792298
-0.5274334255205279 0.0 1.1310846311368348
-0.5187469091665314 0.0 1.11245633670057
-0.5093377354971856 0.0 1.0922782986503818
-0.49927964722977336 0.0 1.07070865875382
-0.4886384320095649 0.0 1.0478884990714512
-0.47746920611487054 0.0 1.0239360168435447
-0.4657994291290592 0.0 0.9989100993366691
-0.4536877077845908 0.0 0.9729364290941732
-0.44116929920784553 0.0 0.9460906152675769
-0.4282748542864287 0.0 0.9184383888974693
-0.4150294859830856 0.0 0.8900336049062519
-0.4015429428884728 0.0 0.8611116199061044
-0.3877141649917541 0.0 0.8314557100044014
-0.37361655357306073 0.0 0.801223284754359
-0.35927916268381166 0.0 0.7704766507703136
-0.34472220169908574 0.0 0.7392591471969812
-0.32996623320609375 0.0 0.707614870644939
-0.31503104138593097 0.0 0.6755862484274622
-0.29993931173639027 0.0 0.6432219297515629
-0.2847463411870535 0.0 0.6106404992654122
-0.26944476822006597 0.0 0.5778261701430254
-0.2540851713223215 0.0 0.5448874082995753
-0.23869580893208475 0.0 0.511884814151483
-0.22331701431937376 0.0 0.47890488267542924
-0.2079883407044657 0.0 0.4460324360260266
-0.19275413178568332 0.0 0.4133625695712093
-0.17766270519492425 0.0 0.3809989008069646
-0.16276550011585825 0.0 0.34905174141865736
-0.14811672003745466 0.0 0.3176373311634983
-0.1337757697921665 0.0 0.2868830641157946
-0.11979734669612914 0.0 0.2569062390485318
-0.10624102566574414 0.0 0.22783461478222194
-0.09316132789497446 0.0 0.1997851123946329
-0.08061407601557263 0.0 0.1728774439058791
-0.06863314325234536 0.0 0.1471842506809785
-0.057258664345742644 0.0 0.122791601948579
-0.046506085027757355 0.0 0.0997326211878316
-0.03635093207250551 0.0 0.07795482539646094
-0.026658012048538612 0.0 0.057168291325118255
-0.016823904352783643 0.0 0.03607897931453541

SCALARS Gamma float
LOOKUP_TABLE default
0.49139987675504704
0.7544979118287567
0.9691053533053958
1.1615166485524917
1.3405737690121022
1.5101794630368715
1.6722812767807351
1.8278936460810709
1.9775282302718655
2.121402467269876
2.2595566419760957
2.3919088262757353
2.518303713056551
2.638591462032822
2.7525835895946904
2.860121938413347
2.9610944998642763
3.055440622134121
3.143158660165005
3.2243220661383694
3.299023124920194
3.3674309847177413
3.4297328042464317
3.486163043668332
3.5369368182892598
3.5822842987082915
3.622466609968561
3.6577484393879276
3.688387980716742
3.7146519184179203
3.736676420733574
3.754686188491506
3.7688378018964945
3.7792635498281877
3.7860513605948745
3.7892368919345634
3.788828360023351
3.7847107036890426
3.776886822119284
3.7652652828417925
3.7496844024472438
3.729909273580068
3.7055489956967325
3.676201474250576
3.6413453734387877
3.60032322090698
3.552515423987145
3.49803229323597
3.439227435585188
3.3845084982688833
3.3845082314667416
3.4391900463350447
3.4979533276150234
3.55241285896177
3.6002376893211414
3.641281547372894
3.676162819980536
3.7055358599329398
3.729921794194183
3.74970748310788
3.7653202300088315
3.7769754916577356
3.784827591932268
3.7889639410277605
3.7893832149611804
3.7862064757085627
3.779430903366351
3.7690166531658185
3.754873801347721
3.7368703645537753
3.7148530521448344
3.6886003025341605
3.6579672490091304
3.6226902883173335
3.5825128642220605
3.5371710733080395
3.4864033740132787
3.429976165827575
3.3676727867483445
3.2992548025997332
3.2245527639162055
3.143388679381281
3.0556684439298554
2.961318659559955
2.8603413150571164
2.7527968620502388
2.638797636966629
2.5185022497742606
2.392097958336125
2.259737118248963
2.121576313086445
1.9776915323958
1.8280453936501642
1.6724205977326174
1.510305590314311
1.340685935174205
1.1616139812733652
0.9691866286034845
0.754561224259298
0.4914411272243491
0.49139987675504704
0.7544979118287567
0.9691053533053958
1.1615166485524917
1.3405737690121022
1.5101794630368715
1.6722812767807351
1.8278936460810709
1.9775282302718655
2.121402467269876
2.2595566419760957
2.3919088262757353
2.518303713056551
2.638591462032822
2.7525835895946904
2.860121938413347
2.9610944998642763
3.055440622134121
3.143158660165005
3.2243220661383694
3.299023124920194
3.3674309847177413
3.4297328042464317
3.486163043668332
3.5369368182892598
3.5822842987082915
3.622466609968561
3.6577484393879276
3.688387980716742
3.7146519184179203
3.736676420733574
3.754686188491506
3.7688378018964945
3.7792635498281877
3.7860513605948745
3.7892368919345634
3.788828360023351
3.7847107036890426
3.776886822119284
3.7652652828417925
3.7496844024472438
3.729909273580068
3.7055489956967325
3.676201474250576
3.6413453734387877
3.60032322090698
3.552515423987145
3.49803229323597
3.439227435585188
3.3845084982688833
3.3845082314667416
3.4391900463350447
3.4979533276150234
3.55241285896177
3.6002376893211414
3.641281547372894
3.676162819980536
3.7055358599329398
3.729921794194183
3.74970748310788
3.7653202300088315
3.7769754916577356
3.784827591932268
3.7889639410277605
3.7893832149611804
3.7862064757085627
3.779430903366351
3.7690166531658185
3.754873801347721
3.7368703645537753
3.7148530521448344
3.6886003025341605
3.6579672490091304
3.6226902883173335
3.5825128642220605
3.5371710733080395
3.4864033740132787
3.429976165827575
3.3676727867483445
3.2992548025997332
3.2245527639162055
3.143388679381281
3.0556684439298554
2.961318659559955
2.8603413150571164
2.7527968620502388
2.638797636966629
2.5185022497742606
2.392097958336125
2.259737118248963
2.121576313086445
1.9776915323958
1.8280453936501642
1.6724205977326174
1.510305590314311
1.340685935174205
1.1616139812733652
0.9691866286034845
0.754561224259298
0.4914411272243491

VECTORS Vvpm float
-0.24848754193460118 0.19795199882853193 0.7476083158677391
-0.23180214705482952 0.20488024251585982 0.7103436621258378
-0.21309942172383536 0.21180325243271333 0.6682313834786688
-0.192780766354366 0.21829262187176315 0.6220182957093523
-0.1712959674145093 0.22395202515916807 0.5725505802505767
-0.14911809509058702 0.2284517404924177 0.52072694783842
-0.12671301690559272 0.23155585415175575 0.4674417455900928
-0.10450922784092939 0.23313612223166721 0.41352978650378197
-0.08287405426809902 0.2331694049140706 0.3597250742454102
-0.062088089026850715 0.23162758020989135 0.30659899746492114
-0.04248721898238752 0.22876772095665268 0.25501975984262204
-0.0241439249920107 0.224709515672685 0.2051628530467341
-0.0069143721475977415 0.21989788054092502 0.15652988557739272
0.008674118344769645 0.21374396420067002 0.11109498368706161
0.02291506313735569 0.20690066715240418 0.06803485393643283
0.0358156027661559 0.19949053032214903 0.02754018399779301
0.047399901806185675 0.19161724647075304 -0.010136489102601037
0.05771790687317288 0.18340296342711512 -0.044984267711827064
0.06686642973967322 0.17503740478584034 -0.07716820662817547
0.07482748228887094 0.16632610015878274 -0.1059728355036376
0.08181888432500553 0.15762111646512256 -0.13240503702392425
0.08779096327822587 0.14891226342288133 -0.15583888119431838
0.09294090013237136 0.14026704996201173 -0.17681392904805332
0.09731474376965138 0.13199336917216675 -0.19493680763499666
0.10086401993079569 0.12345525370697605 -0.21056333242995673
0.1038774811750522 0.11528033886772127 -0.22452753892396968
0.10635454345250862 0.10742382861311967 -0.2366466905614986
0.10831424514140642 0.09984558319380926 -0.2468340608830743
0.10980333637974825 0.0925174119120131 -0.25513696910559747
0.110218576352001 0.08531977377854782 -0.26019188027931783
0.11087392477659251 0.07842517568621912 -0.26482181529790544
0.11116517994934903 0.07160855193996908 -0.26749431394819645
0.11116896459954792 0.06490803799261048 -0.2685266150792107
0.11088436073952457 0.058245681670556035 -0.26782161147476646
0.1102899085349195 0.05153996418558357 -0.265379761116405
0.10941406445639291 0.04483832873629761 -0.26144722914208535
0.10852888325462354 0.03829570485108945 -0.25563614623008113
0.1070140707573893 0.03133807486055156 -0.24991191598148865
0.10486352816232813 0.024204632596221857 -0.242268335957615
0.10191967554384684 0.016908546833601795 -0.23234051431813704
0.09797832488579036 0.009486337818564549 -0.21962626151068926
0.09265564542017633 0.002088573503635619 -0.20318759841018985
0.08594722449230521 -0.005280092882672966 -0.18355119850113027
0.07733999593464067 -0.012181562917752563 -0.15931010908851254
0.06650002631806404 -0.018009251036696657 -0.12975741172162383
0.053801373126235875 -0.021550510010682346 -0.09640843335270954
0.04119123412161975 -0.021325558142873062 -0.06497716263816974
0.031863506472679826 -0.01617940750387081 -0.044010019186562346
0.029171738972286337 -0.00819964092437149 -0.040410074372526195
0.03173213519922119 -0.0017918478208847957 -0.04972418042041299
0.03173991397478068 0.0017949215877739006 -0.04956282649917772
0.02920037835918769 0.008200635831714698 -0.04048640668875264
0.0319092255932744 0.016174617175018703 -0.04435780002628943
0.04123397719635881 0.02132133239374171 -0.06548858083147506
0.05381218534717358 0.02162232620228263 -0.09669544176050666
0.06650259622342096 0.01811259563755866 -0.12993708971710363
0.07733720389112252 0.012303924113682389 -0.15940233700734707
0.08593700619359546 0.005416069301582177 -0.18359072754721575
0.09261109883167983 -0.0019116152459528193 -0.20309328162152795
0.09804076589339188 -0.009312981998846215 -0.2197582117970367
0.10192498039810596 -0.016687470546094603 -0.23231115840380884
0.10481923717852269 -0.023940235721890475 -0.24208811088246068
0.10693514358538803 -0.03103764115865448 -0.24963576717238017
0.10843883713627828 -0.03797387609380569 -0.2553540278678684
0.10934892397358598 -0.04468529970846227 -0.2611312390324567
0.1102453728736992 -0.051419934407679536 -0.2651948394388972
0.11081952805386694 -0.058123591786583564 -0.2675923671598249
0.11107934641990005 -0.06478182075264956 -0.2682557532558157
0.11105438147548664 -0.07148019640136496 -0.2672138027224895
0.11074941761223281 -0.07829862093331141 -0.26456471435022816
0.11006723661135813 -0.08519862440042772 -0.2599661144903624
0.10974898067803719 -0.09233421742609337 -0.2547786873323164
0.10826305775883349 -0.09967347711714103 -0.24651101424081523
0.10630815007374839 -0.10726277474929158 -0.23635583505009547
0.10383163470835277 -0.11512588021820026 -0.2242399220620039
0.10081037228778937 -0.12330001231211067 -0.21023274634601558
0.0972424168508482 -0.13182830126757836 -0.19450723297312095
0.0928617251705197 -0.14008790809969893 -0.1764397912103603
0.08770302272327042 -0.14872088848456708 -0.15542422462165809
0.08180563352051107 -0.1574610833180737 -0.13225968624559892
0.07478120291212434 -0.16614509830406068 -0.10571986490028197
0.06680185579717757 -0.1748459843874119 -0.0768542675150641
0.05764315934991351 -0.18320595715523574 -0.044635406668908084
0.04731884948431696 -0.19141540486422595 -0.009767946204492312
0.03572856741469956 -0.19928205530260656 0.027923218584858106
0.02282013539126424 -0.20668195063354922 0.06843324070296289
0.008567967581293086 -0.21351046579957336 0.11151279614441234
-0.007035831869759563 -0.21964469743784504 0.15697285691089935
-0.024216949227083638 -0.22449496217064985 0.20544327555074157
-0.042560580158818626 -0.22855854874345446 0.25528478868202165
-0.06222387731020364 -0.23148849038681532 0.30708661346863386
-0.08300160454889996 -0.23293243226355828 0.36017102540567647
-0.10464029709181608 -0.2328946683433778 0.4139743804320839
-0.12684734711016848 -0.2313103723930229 0.46788436910071396
-0.14925562309254575 -0.2282024599091522 0.5211678676001074
-0.17143671683970155 -0.22369906074645318 0.5729905541488874
-0.19292476850589824 -0.21803605643785837 0.6224582765803401
-0.21324666085707294 -0.21154319423440476 0.6686723036187332
-0.23195252588513426 -0.2046168625234372 0.7107862872682255
-0.2486408636043706 -0.1976855512639181 0.7480531576214514
-0.24848754193460118 0.19795199882853193 0.7476083158677391
-0.23180214705482952 0.20488024251585982 0.7103436621258378
-0.21309942172383536 0.21180325243271333 0.6682313834786688
-0.192780766354366 0.21829262187176315 0.6220182957093523
-0.1712959674145093 0.22395202515916807 0.5725505802505767
-0.14911809509058702 0.2284517404924177 0.52072694783842
-0.12671301690559272 0.23155585415175575 0.4674417455900928
-0.10450922784092939 0.23313612223166721 0.41352978650378197
-0.08287405426809902 0.2331694049140706 0.3597250742454102
-0.062088089026850715 0.23162758020989135 0.30659899746492114
-0.04248721898238752 0.22876772095665268 0.25501975984262204
-0.0241439249920107 0.224709515672685 0.2051628530467341
-0.0069143721475977415 0.21989788054092502 0.15652988557739272
0.008674118344769645 0.21374396420067002 0.11109498368706161
0.02291506313735569 0.20690066715240418 0.06803485393643283
0.0358156027661559 0.19949053032214903 0.02754018399779301
0.047399901806185675 0.19161724647075304 -0.010136489102601037
0.05771790687317288 0.18340296342711512 -0.044984267711827064
0.06686642973967322 0.17503740478584034 -0.07716820662817547
0.07482748228887094 0.16632610015878274 -0.1059728355036376
0.08181888432500553 0.15762111646512256 -0.13240503702392425
0.08779096327822587 0.14891226342288133 -0.15583888119431838
0.09294090013237136 0.14026704996201173 -0.17681392904805332
0.09731474376965138 0.13199336917216675 -0.19493680763499666
0.10086401993079569 0.12345525370697605 -0.21056333242995673
0.1038774811750522 0.11528033886772127 -0.22452753892396968
0.10635454345250862 0.10742382861311967 -0.2366466905614986
0.10831424514140642 0.09984558319380926 -0.2468340608830743
0.10980333637974825 0.0925174119120131 -0.25513696910559747
0.110218576352001 0.08531977377854782 -0.26019188027931783
0.11087392477659251 0.07842517568621912 -0.26482181529790544
0.11116517994934903 0.07160855193996908 -0.26749431394819645
0.11116896459954792 0.06490803799261048 -0.2685266150792107
0.11088436073952457 0.058245681670556035 -0.26782161147476646
0.1102899085349195 0.05153996418558357 -0.265379761116405
0.10941406445639291 0.04483832873629761 -0.26144722914208535
0.10852888325462354 0.03829570485108945 -0.25563614623008113
0.1070140707573893 0.03133807486055156 -0.24991191598148865
0.10486352816232813 0.024204632596221857 -0.242268335957615
0.10191967554384684 0.016908546833601795 -0.23234051431813704
0.09797832488579036 0.009486337818564549 -0.21962626151068926
0.09265564542017633 0.002088573503635619 -0.20318759841018985
0.08594722449230521 -0.005280092882672966 -0.18355119850113027
0.07733999593464067 -0.012181562917752563 -0.15931010908851254
0.06650002631806404 -0.018009251036696657 -0.12975741172162383
0.053801373126235875 -0.021550510010682346 -0.09640843335270954
0.04119123412161975 -0.021325558142873062 -0.06497716263816974
0.031863506472679826 -0.01617940750387081 -0.044010019186562346
0.029171738972286337 -0.00819964092437149 -0.040410074372526195
0.03173213519922119 -0.0017918478208847957 -0.04972418042041299
0.03173991397478068 0.0017949215877739006 -0.04956282649917772
0.02920037835918769 0.008200635831714698 -0.04048640668875264
0.0319092255932744 0.016174617175018703 -0.04435780002628943
0.04123397719635881 0.02132133239374171 -0.06548858083147506
0.05381218534717358 0.02162232620228263 -0.09669544176050666
0.06650259622342096 0.01811259563755866 -0.12993708971710363
0.07733720389112252 0.012303924113682389 -0.15940233700734707
0.08593700619359546 0.005416069301582177 -0.18359072754721575
0.09261109883167983 -0.0019116152459528193 -0.20309328162152795
0.09804076589339188 -0.009312981998846215 -0.2197582117970367
0.10192498039810596 -0.016687470546094603 -0.23231115840380884
0.10481923717852269 -0.023940235721890475 -0.24208811088246068
0.10693514358538803 -0.03103764115865448 -0.24963576717238017
0.10843883713627828 -0.03797387609380569 -0.2553540278678684
0.10934892397358598 -0.04468529970846227 -0.2611312390324567
0.1102453728736992 -0.051419934407679536 -0.2651948394388972
0.11081952805386694 -0.058123591786583564 -0.2675923671598249
0.11107934641990005 -0.06478182075264956 -0.2682557532558157
0.11105438147548664 -0.07148019640136496 -0.2672138027224895
0.11074941761223281 -0.07829862093331141 -0.26456471435022816
0.11006723661135813 -0.08519862440042772 -0.2599661144903624
0.10974898067803719 -0.09233421742609337 -0.2547786873323164
0.10826305775883349 -0.09967347711714103 -0.24651101424081523
0.10630815007374839 -0.10726277474929158 -0.23635583505009547
0.10383163470835277 -0.11512588021820026 -0.2242399220620039
0.10081037228778937 -0.12330001231211067 -0.21023274634601558
0.0972424168508482 -0.13182830126757836 -0.19450723297312095
0.0928617251705197 -0.14008790809969893 -0.1764397912103603
0.08770302272327042 -0.14872088848456708 -0.15542422462165809
0.08180563352051107 -0.1574610833180737 -0.13225968624559892
0.07478120291212434 -0.16614509830406068 -0.10571986490028197
0.06680185579717757 -0.1748459843874119 -0.0768542675150641
0.05764315934991351 -0.18320595715523574 -0.044635406668908084
0.04731884948431696 -0.19141540486422595 -0.009767946204492312
0.03572856741469956 -0.19928205530260656 0.027923218584858106
0.02282013539126424 -0.20668195063354922 0.06843324070296289
0.008567967581293086 -0.21351046579957336 0.11151279614441234
-0.007035831869759563 -0.21964469743784504 0.15697285691089935
-0.024216949227083638 -0.22449496217064985 0.20544327555074157
-0.042560580158818626 -0.22855854874345446 0.25528478868202165
-0.06222387731020364 -0.23148849038681532 0.30708661346863386
-0.08300160454889996 -0.23293243226355828 0.36017102540567647
-0.10464029709181608 -0.2328946683433778 0.4139743804320839
-0.12684734711016848 -0.2313103723930229 0.46788436910071396
-0.14925562309254575 -0.2282024599091522 0.5211678676001074
-0.17143671683970155 -0.22369906074645318 0.5729905541488874
-0.19292476850589824 -0.21803605643785837 0.6224582765803401
-0.21324666085707294 -0.21154319423440476 0.6686723036187332
-0.23195252588513426 -0.2046168625234372 0.7107862872682255
-0.2486408636043706 -0.1976855512639181 0.7480531576214514

VECTORS Vvpm_BBp float
-0.14838242383564282 0.22579999790860295 0.48221059754340007
-0.13732874054281674 0.22697664814770604 0.456265244212089
-0.12509033071481462 0.22782635610143737 0.42726142123071065
-0.1118873045994115 0.22820501353594572 0.39561235224050356
-0.09795413541929987 0.22799184956201912 0.3617648744480231
-0.08352991530232885 0.22709719256090327 0.326182835717132
-0.06895069182477935 0.22555925956751005 0.2894424687777222
-0.05434912677990366 0.22287108565425165 0.2522839618814003
-0.039923893561188334 0.21940709124814417 0.21477946940521
-0.025904988378461464 0.21501736408823874 0.17754521684959207
-0.012363381948569667 0.2101779928942983 0.1404956918028165
0.0005181198860723241 0.20467620901966718 0.10438402988013903
0.012647024266637844 0.19858628136831985 0.06950066109245173
0.02396408772876308 0.19199522502031077 0.03607139663840034
0.03442852061015271 0.18496707001473955 0.0042347039149810695
0.04401347437853449 0.17759117104918226 -0.025729063281600573
0.05269807199596216 0.1699409104694197 -0.0536302099589908
0.060564744322174235 0.16212931415456666 -0.07974604271394611
0.06761847190930934 0.1542266770622996 -0.10393948568911285
0.0737187180919169 0.14646720171452082 -0.12464924442804884
0.07919983920223601 0.13822108174447414 -0.14448522587447427
0.08410365971456178 0.13031271383517637 -0.16347591928608216
0.08807847015555526 0.12235995517827032 -0.17862347592856437
0.09153899246853982 0.11462189978857154 -0.19242561811437933
0.09447026068838733 0.10707751070210125 -0.20462016575246336
0.09687423213629426 0.09971162361408169 -0.21501379923842373
0.09877624112312407 0.09252145749794169 -0.22351447137490876
0.10031529284165612 0.08560621262249277 -0.23011525958402398
0.1011021624427125 0.0787377762433406 -0.23629177163029683
0.10179281180087982 0.0720561233167256 -0.23965493005428437
0.10217106408175045 0.06549556995610906 -0.24175065730815676
0.10223361393467 0.05900563988683562 -0.24237321920837204
0.10196613576850619 0.052527791273740444 -0.24138936106358475
0.10133738040030511 0.04600218153444239 -0.2387266274948826
0.10078193881262884 0.039871264621613306 -0.23488441967165108
0.09952846000893119 0.03339994840904442 -0.23044533313102838
0.09789667761492118 0.026815915002321934 -0.2244280901065365
0.0956832264093349 0.020172680521629374 -0.21683510754568944
0.09277200642036987 0.013520610269332295 -0.20739665201542498
0.08908825501347885 0.006820467436460326 -0.19566379597346778
0.08424333232288046 0.00047375476229774213 -0.18094701013817935
0.07837832804413962 -0.005493975224063613 -0.16416600681649673
0.07117269194651044 -0.010703037566564703 -0.14427104254175052
0.06268135989516993 -0.014539641841041204 -0.12166977686707384
0.05343928848098231 -0.01646120849528159 -0.09756586172510683
0.04451219221565371 -0.015281234975468344 -0.07635484269532111
0.03793995397431174 -0.011244416937177065 -0.06223841700417486
0.03519321932817235 -0.0059920711631716445 -0.05814050620022855
0.03552298785305786 -0.0019192677736230685 -0.06155777022670142
0.03688615268067411 2.0956687083173485e-5 -0.06710128534895252
0.035518726120524556 0.0019186861622900835 -0.06140074710877838
0.035204059727766315 0.005993322254299793 -0.05815554780178819
0.03796216700441585 0.011237806958359423 -0.06243139615457062
0.04452517244344381 0.015265597557093441 -0.07660892884976875
0.053503896471436725 0.016448390737663653 -0.09815976548613395
0.06272198087234404 0.014659063407088948 -0.12186940129570317
0.07119585355558337 0.010813624174001052 -0.1443986132168078
0.07837384525168094 0.00561039663050222 -0.1642337554026584
0.0842137456295557 -0.00034386832116219124 -0.1810021792960798
0.08908989607905485 -0.006743753501384229 -0.19574698756075298
0.09277090624099202 -0.013358286705443211 -0.20736666505896112
0.09564878801495807 -0.019980914302217705 -0.21672037349665388
0.0978403112129451 -0.02659670236510814 -0.2242571330029985
0.09946921782128114 -0.033161155643652115 -0.23027872316761888
0.1007258105091756 -0.039648606481313534 -0.2347875013737744
0.10127968131956763 -0.04588100830521895 -0.238474807663008
0.10189428626287797 -0.05240954962902594 -0.24110622571436674
0.1021373567600036 -0.0588846954190031 -0.24203932267909828
0.10204913345617232 -0.06537061183605321 -0.2413803305081987
0.10164898617811435 -0.07192848116417734 -0.23926963875830645
0.10094222342239768 -0.0786099571648381 -0.23589942268985642
0.10026706680576589 -0.08542273158821928 -0.2295808861950884
0.09873413597727386 -0.09233334365727945 -0.22321846097729486
0.0968336671855348 -0.09952944798734999 -0.21474849363214737
0.09443154911685579 -0.1069040754205194 -0.20437288352186347
0.09149715430532421 -0.1144551399254525 -0.1921612304926765
0.0880249025291247 -0.12219445335887344 -0.17829226704873968
0.08402754513180491 -0.13014095333615855 -0.1630200980019451
0.07916669042286407 -0.1380817762528668 -0.1443673028783497
0.07370277499931017 -0.14634182427579892 -0.12464318612767522
0.06758591993054042 -0.1540932387353621 -0.10365441948314093
0.060504523336931806 -0.1619617990732423 -0.07940834604702718
0.05262435909310043 -0.16975553738202454 -0.05326963571103934
0.043934651589062776 -0.17739801561111063 -0.025361388656038455
0.034348450969273615 -0.18477154473995847 0.004604724312101849
0.023883297390914313 -0.19179942133429434 0.0364464296623008
0.012564173092613054 -0.19838977482099754 0.06988644641968855
0.00043030985374981073 -0.20447706870174304 0.10478903869618636
-0.012459797058504037 -0.20997338935900095 0.1409290604976655
-0.026013917861279958 -0.21480405892925905 0.17801574823506827
-0.04003699839822615 -0.21921371060748862 0.2151693907868614
-0.05446163419684013 -0.2226788113534381 0.2526595662437168
-0.06906330880267528 -0.22536762665238344 0.2898057136595088
-0.08366598619487389 -0.22687541451620746 0.32668451526780046
-0.09809085274207503 -0.22776514116105276 0.3622630513423082
-0.11202471921726838 -0.22797442587910624 0.39610710079449435
-0.1252285633305572 -0.2275926538569702 0.4277532214313467
-0.1374679162651089 -0.22674040172078763 0.4567547588977276
-0.14852262854293616 -0.2255616528107435 0.4826985150086944
-0.15819502168033722 -0.22421330180868237 0.5052184068555279
-0.14838242383564282 0.22579999790860295 0.48221059754340007
-0.13732874054281674 0.22697664814770604 0.456265244212089
-0.12509033071481462 0.22782635610143737 0.42726142123071065
-0.1118873045994115 0.22820501353594572 0.39561235224050356
-0.09795413541929987 0.22799184956201912 0.3617648744480231
-0.08352991530232885 0.22709719256090327 0.326182835717132
-0.06895069182477935 0.22555925956751005 0.2894424687777222
-0.05434912677990366 0.22287108565425165 0.2522839618814003
-0.039923893561188334 0.21940709124814417 0.21477946940521
-0.025904988378461464 0.21501736408823874 0.17754521684959207
-0.012363381948569667 0.2101779928942983 0.1404956918028165
0.0005181198860723241 0.20467620901966718 0.10438402988013903
0.012647024266637844 0.19858628136831985 0.06950066109245173
0.02396408772876308 0.19199522502031077 0.03607139663840034
0.03442852061015271 0.18496707001473955 0.0042347039149810695
0.04401347437853449 0.17759117104918226 -0.025729063281600573
0.05269807199596216 0.1699409104694197 -0.0536302099589908
0.060564744322174235 0.16212931415456666 -0.07974604271394611
0.06761847190930934 0.1542266770622996 -0.10393948568911285
0.0737187180919169 0.14646720171452082 -0.12464924442804884
0.07919983920223601 0.13822108174447414 -0.14448522587447427
0.08410365971456178 0.13031271383517637 -0.16347591928608216
0.08807847015555526 0.12235995517827032 -0.17862347592856437
0.09153899246853982 0.11462189978857154 -0.19242561811437933
0.09447026068838733 0.10707751070210125 -0.20462016575246336
0.09687423213629426 0.09971162361408169 -0.21501379923842373
0.09877624112312407 0.09252145749794169 -0.22351447137490876
0.10031529284165612 0.08560621262249277 -0.23011525958402398
0.1011021624427125 0.0787377762433406 -0.23629177163029683
0.10179281180087982 0.0720561233167256 -0.23965493005428437
0.10217106408175045 0.06549556995610906 -0.24175065730815676
0.10223361393467 0.05900563988683562 -0.24237321920837204
0.10196613576850619 0.052527791273740444 -0.24138936106358475
0.10133738040030511 0.04600218153444239 -0.2387266274948826
0.10078193881262884 0.039871264621613306 -0.23488441967165108
0.09952846000893119 0.03339994840904442 -0.23044533313102838
0.09789667761492118 0.026815915002321934 -0.2244280901065365
0.0956832264093349 0.020172680521629374 -0.21683510754568944
0.09277200642036987 0.013520610269332295 -0.20739665201542498
0.08908825501347885 0.006820467436460326 -0.19566379597346778
0.08424333232288046 0.00047375476229774213 -0.18094701013817935
0.07837832804413962 -0.005493975224063613 -0.16416600681649673
0.07117269194651044 -0.010703037566564703 -0.14427104254175052
0.06268135989516993 -0.014539641841041204 -0.12166977686707384
0.05343928848098231 -0.01646120849528159 -0.09756586172510683
0.04451219221565371 -0.015281234975468344 -0.07635484269532111
0.03793995397431174 -0.011244416937177065 -0.06223841700417486
0.03519321932817235 -0.0059920711631716445 -0.05814050620022855
0.03552298785305786 -0.0019192677736230685 -0.06155777022670142
0.03688615268067411 2.0956687083173485e-5 -0.06710128534895252
0.035518726120524556 0.0019186861622900835 -0.06140074710877838
0.035204059727766315 0.005993322254299793 -0.05815554780178819
0.03796216700441585 0.011237806958359423 -0.06243139615457062
0.04452517244344381 0.015265597557093441 -0.07660892884976875
0.053503896471436725 0.016448390737663653 -0.09815976548613395
0.06272198087234404 0.014659063407088948 -0.12186940129570317
0.07119585355558337 0.010813624174001052 -0.1443986132168078
0.07837384525168094 0.00561039663050222 -0.1642337554026584
0.0842137456295557 -0.00034386832116219124 -0.1810021792960798
0.08908989607905485 -0.006743753501384229 -0.19574698756075298
0.09277090624099202 -0.013358286705443211 -0.20736666505896112
0.09564878801495807 -0.019980914302217705 -0.21672037349665388
0.0978403112129451 -0.02659670236510814 -0.2242571330029985
0.09946921782128114 -0.033161155643652115 -0.23027872316761888
0.1007258105091756 -0.039648606481313534 -0.2347875013737744
0.10127968131956763 -0.04588100830521895 -0.238474807663008
0.10189428626287797 -0.05240954962902594 -0.24110622571436674
0.1021373567600036 -0.0588846954190031 -0.24203932267909828
0.10204913345617232 -0.06537061183605321 -0.2413803305081987
0.10164898617811435 -0.07192848116417734 -0.23926963875830645
0.10094222342239768 -0.0786099571648381 -0.23589942268985642
0.10026706680576589 -0.08542273158821928 -0.2295808861950884
0.09873413597727386 -0.09233334365727945 -0.22321846097729486
0.0968336671855348 -0.09952944798734999 -0.21474849363214737
0.09443154911685579 -0.1069040754205194 -0.20437288352186347
0.09149715430532421 -0.1144551399254525 -0.1921612304926765
0.0880249025291247 -0.12219445335887344 -0.17829226704873968
0.08402754513180491 -0.13014095333615855 -0.1630200980019451
0.07916669042286407 -0.1380817762528668 -0.1443673028783497
0.07370277499931017 -0.14634182427579892 -0.12464318612767522
0.06758591993054042 -0.1540932387353621 -0.10365441948314093
0.060504523336931806 -0.1619617990732423 -0.07940834604702718
0.05262435909310043 -0.16975553738202454 -0.05326963571103934
0.043934651589062776 -0.17739801561111063 -0.025361388656038455
0.034348450969273615 -0.18477154473995847 0.004604724312101849
0.023883297390914313 -0.19179942133429434 0.0364464296623008
0.012564173092613054 -0.19838977482099754 0.06988644641968855
0.00043030985374981073 -0.20447706870174304 0.10478903869618636
-0.012459797058504037 -0.20997338935900095 0.1409290604976655
-0.026013917861279958 -0.21480405892925905 0.17801574823506827
-0.04003699839822615 -0.21921371060748862 0.2151693907868614
-0.05446163419684013 -0.2226788113534381 0.2526595662437168
-0.06906330880267528 -0.22536762665238344 0.2898057136595088
-0.08366598619487389 -0.22687541451620746 0.32668451526780046
-0.09809085274207503 -0.22776514116105276 0.3622630513423082
-0.11202471921726838 -0.22797442587910624 0.39610710079449435
-0.1252285633305572 -0.2275926538569702 0.4277532214313467
-0.1374679162651089 -0.22674040172078763 0.4567547588977276
-0.14852262854293616 -0.2255616528107435 0.4826985150086944
-0.15819502168033722 -0.22421330180868237 0.5052184068555279

VECTORS ftot float
-6.539254340526127 -11.654611460951136 6.655323845434757
-8.789015894568983 -13.88577766944435 8.892964929430624
-9.908528375540559 -14.983999050628087 10.71511591978762
-10.611254861248666 -15.6662655546766 12.348352924650143
-11.09499299799777 -16.127896552634056 13.867137913537444
-11.437433293000256 -16.44648769521417 15.30480942075667
-11.676240781493874 -16.659913283138618 16.678099699574258
-11.832546838156784 -16.78938761926095 17.994098492273032
-11.919559052567152 -16.849281429436342 19.2602789116181
-11.946937646317316 -16.84855178888937 20.47712804409641
-11.92190424057915 -16.79569433184353 21.64472497035389
-11.85123718824913 -16.69711318158428 22.762437260261677
-11.742674047101076 -16.56082724740007 23.82890186904477
-11.601298554183016 -16.392189531843453 24.84279994537675
-11.43438261524049 -16.198721641921914 25.80248232354963
-11.248758663551595 -15.987478068679518 26.7065651692409
-11.050648367654976 -15.764866129334902 27.55406904154651
-10.845784977011355 -15.53675872504478 28.344466094645167
-10.63934134343443 -15.308411765655327 29.077747435896956
-10.433955918729042 -15.082478325489564 29.754562089865953
-10.234194389547543 -14.864552392672584 30.375866501849707
-10.039590474197016 -14.651328025733013 30.942201476990697
-9.854925834287087 -14.452985488743005 31.45756271132111
-9.677109413378039 -14.262568258829722 31.922224514966977
-9.506834901417333 -14.081202384541855 32.338324307696354
-9.34465535511874 -13.90980677824008 32.708078622349916
-9.189730863563682 -13.747801840760259 33.03389038348876
-9.04070573884923 -13.5939398637079 33.31808094909418
-8.894735087740486 -13.443595174050703 33.56229162178693
-8.743912741832176 -13.28459189460324 33.76685230848329
-8.601462448933196 -13.145427609364576 33.939707798320725
-8.455643237204322 -13.00372952210954 34.07799108589536
-8.304733097473743 -12.85819200104827 34.183305005864234
-8.14632165455694 -12.706783543642715 34.25702377681968
-7.977944784865576 -12.547374765355261 34.300127892883616
-7.796358843687452 -12.375500034749672 34.312158480281695
-7.599597256831196 -12.191683303575042 34.295013242878696
-7.387504016187165 -11.994282556345201 34.24689627310585
-7.154575179180554 -11.777767997465352 34.16814088417285
-6.896086004817577 -11.537240780186139 34.058353430262464
-6.606386006620461 -11.266829979444843 33.91787151263833
-6.277200523041262 -10.957441743626026 33.74272301625001
-5.901147531280612 -10.601232344328714 33.532518907246114
-5.462448346860075 -10.180623507495762 33.282422572699865
-4.935623775595392 -9.668612165324516 32.98767354343377
-4.274735628202816 -9.018209275267445 32.64181213564347
-3.3790206457508303 -8.128604827913334 32.23841923385911
-1.9546391430949424 -6.706932409838381 31.777505985936465
1.2056651186250735 -3.5473527934856413 31.27867760258592
17.798327116826997 13.045334031359175 30.813289773378276
17.798722799963507 -13.046276431503022 30.813194895021503
1.2051719551189706 3.547617463967001 31.27831399333865
-1.9555845210499347 6.707825827129483 31.776830122706475
-3.3799439147536887 8.129602059638373 32.23761326448161
-4.274776741962203 9.018239030814739 32.64104494007435
-4.93525296698006 9.668128419921652 32.987108248898366
-5.461899405923533 10.180036084030114 33.28208819541421
-5.900520175378636 10.60062906828137 33.53247745413432
-6.276600853877153 10.957039034096075 33.74305921704763
-6.606037682366381 11.266502822862696 33.91784343939948
-6.895829472141507 11.537668590284245 34.05941399802269
-7.153959218996616 11.777577242170043 34.16901058441984
-7.386821846225478 11.993879173494488 34.24774697792471
-7.599144647279137 12.191504299572358 34.2959209079972
-7.796316260025249 12.375877346095146 34.313151368099234
-7.978034722891561 12.547816080770602 34.30107732951323
-8.146465643099276 12.707354351826606 34.25808338256826
-8.30502456133297 12.85903882493494 34.1845193267168
-8.45615982056465 13.004947532119855 34.07938676741654
-8.602241736763691 13.147076202669476 33.9413316718761
-8.744905385019226 13.286675491312156 33.768808965729605
-8.895087776556238 13.444321027695443 33.56379111693742
-9.040368463504551 13.592855579820458 33.31960560341916
-9.189819391837418 13.747555366072682 33.035399270817855
-9.345039949647772 13.910178425989068 32.70967182482465
-9.507367838329367 14.08191310036731 32.33999899240171
-9.677691971505313 14.26341010324916 31.92395158308623
-9.855628816666888 14.453974563432405 31.459311031754304
-10.040502576543439 14.652563099386295 30.943977035405705
-10.235684368969407 14.866584599943137 30.37760819158518
-10.435335961333914 15.08454981407204 29.756307539789578
-10.64067701277925 15.31042029220838 29.07952017676126
-10.847179955413743 15.538839377317768 28.346250053085704
-11.052124647784535 15.767039911227478 27.555847321146697
-11.250307051451477 15.989725257017382 26.708325236269427
-11.436011010648581 16.201042157838373 25.804213220633432
-11.602997929803092 16.394573822565434 24.844497811969262
-11.74441943389263 16.56325771637729 23.830571106966854
-11.853083205914068 16.699657728380295 22.764075418473993
-11.923757217170062 16.798275480854375 21.646353507839247
-11.948706944886819 16.851526812933827 20.478587624986787
-11.921428761303645 16.851978355967862 19.261804272885453
-11.834455569846346 16.792111950275974 17.995558814131776
-11.67816608330499 16.662647416007225 16.679395909795517
-11.43935525824931 16.449186057866786 15.30603781682953
-11.096887110807671 16.13054818999613 13.868297212220742
-10.61309037583046 15.668849760391996 12.349440884204597
-9.91013844047811 14.986482125796401 10.716187925210978
-8.790450235057785 13.888088356972707 8.89395261549614
-6.540318042930427 11.656558065668463 6.65620688778264
-6.539254340526127 -11.654611460951136 6.655323845434757
-8.789015894568983 -13.88577766944435 8.892964929430624
-9.908528375540559 -14.983999050628087 10.71511591978762
-10.611254861248666 -15.6662655546766 12.348352924650143
-11.09499299799777 -16.127896552634056 13.867137913537444
-11.437433293000256 -16.44648769521417 15.30480942075667
-11.676240781493874 -16.659913283138618 16.678099699574258
-11.832546838156784 -16.78938761926095 17.994098492273032
-11.919559052567152 -16.849281429436342 19.2602789116181
-11.946937646317316 -16.84855178888937 20.47712804409641
-11.92190424057915 -16.79569433184353 21.64472497035389
-11.85123718824913 -16.69711318158428 22.762437260261677
-11.742674047101076 -16.56082724740007 23.82890186904477
-11.601298554183016 -16.392189531843453 24.84279994537675
-11.43438261524049 -16.198721641921914 25.80248232354963
-11.248758663551595 -15.987478068679518 26.7065651692409
-11.050648367654976 -15.764866129334902 27.55406904154651
-10.845784977011355 -15.53675872504478 28.344466094645167
-10.63934134343443 -15.308411765655327 29.077747435896956
-10.433955918729042 -15.082478325489564 29.754562089865953
-10.234194389547543 -14.864552392672584 30.375866501849707
-10.039590474197016 -14.651328025733013 30.942201476990697
-9.854925834287087 -14.452985488743005 31.45756271132111
-9.677109413378039 -14.262568258829722 31.922224514966977
-9.506834901417333 -14.081202384541855 32.338324307696354
-9.34465535511874 -13.90980677824008 32.708078622349916
-9.189730863563682 -13.747801840760259 33.03389038348876
-9.04070573884923 -13.5939398637079 33.31808094909418
-8.894735087740486 -13.443595174050703 33.56229162178693
-8.743912741832176 -13.28459189460324 33.76685230848329
-8.601462448933196 -13.145427609364576 33.939707798320725
-8.455643237204322 -13.00372952210954 34.07799108589536
-8.304733097473743 -12.85819200104827 34.183305005864234
-8.14632165455694 -12.706783543642715 34.25702377681968
-7.977944784865576 -12.547374765355261 34.300127892883616
-7.796358843687452 -12.375500034749672 34.312158480281695
-7.599597256831196 -12.191683303575042 34.295013242878696
-7.387504016187165 -11.994282556345201 34.24689627310585
-7.154575179180554 -11.777767997465352 34.16814088417285
-6.896086004817577 -11.537240780186139 34.058353430262464
-6.606386006620461 -11.266829979444843 33.91787151263833
-6.277200523041262 -10.957441743626026 33.74272301625001
-5.901147531280612 -10.601232344328714 33.532518907246114
-5.462448346860075 -10.180623507495762 33.282422572699865
-4.935623775595392 -9.668612165324516 32.98767354343377
-4.274735628202816 -9.018209275267445 32.64181213564347
-3.3790206457508303 -8.128604827913334 32.23841923385911
-1.9546391430949424 -6.706932409838381 31.777505985936465
1.2056651186250735 -3.5473527934856413 31.27867760258592
17.798327116826997 13.045334031359175 30.813289773378276
17.798722799963507 -13.046276431503022 30.813194895021503
1.2051719551189706 3.547617463967001 31.27831399333865
-1.9555845210499347 6.707825827129483 31.776830122706475
-3.3799439147536887 8.129602059638373 32.23761326448161
-4.274776741962203 9.018239030814739 32.64104494007435
-4.93525296698006 9.668128419921652 32.987108248898366
-5.461899405923533 10.180036084030114 33.28208819541421
-5.900520175378636 10.60062906828137 33.53247745413432
-6.276600853877153 10.957039034096075 33.74305921704763
-6.606037682366381 11.266502822862696 33.91784343939948
-6.895829472141507 11.537668590284245 34.05941399802269
-7.153959218996616 11.777577242170043 34.16901058441984
-7.386821846225478 11.993879173494488 34.24774697792471
-7.599144647279137 12.191504299572358 34.2959209079972
-7.796316260025249 12.375877346095146 34.313151368099234
-7.978034722891561 12.547816080770602 34.30107732951323
-8.146465643099276 12.707354351826606 34.25808338256826
-8.30502456133297 12.85903882493494 34.1845193267168
-8.45615982056465 13.004947532119855 34.07938676741654
-8.602241736763691 13.147076202669476 33.9413316718761
-8.744905385019226 13.286675491312156 33.768808965729605
-8.895087776556238 13.444321027695443 33.56379111693742
-9.040368463504551 13.592855579820458 33.31960560341916
-9.189819391837418 13.747555366072682 33.035399270817855
-9.345039949647772 13.910178425989068 32.70967182482465
-9.507367838329367 14.08191310036731 32.33999899240171
-9.677691971505313 14.26341010324916 31.92395158308623
-9.855628816666888 14.453974563432405 31.459311031754304
-10.040502576543439 14.652563099386295 30.943977035405705
-10.235684368969407 14.866584599943137 30.37760819158518
-10.435335961333914 15.08454981407204 29.756307539789578
-10.64067701277925 15.31042029220838 29.07952017676126
-10.847179955413743 15.538839377317768 28.346250053085704
-11.052124647784535 15.767039911227478 27.555847321146697
-11.250307051451477 15.989725257017382 26.708325236269427
-11.436011010648581 16.201042157838373 25.804213220633432
-11.602997929803092 16.394573822565434 24.844497811969262
-11.74441943389263 16.56325771637729 23.830571106966854
-11.853083205914068 16.699657728380295 22.764075418473993
-11.923757217170062 16.798275480854375 21.646353507839247
-11.948706944886819 16.851526812933827 20.478587624986787
-11.921428761303645 16.851978355967862 19.261804272885453
-11.834455569846346 16.792111950275974 17.995558814131776
-11.67816608330499 16.662647416007225 16.679395909795517
-11.43935525824931 16.449186057866786 15.30603781682953
-11.096887110807671 16.13054818999613 13.868297212220742
-10.61309037583046 15.668849760391996 12.349440884204597
-9.91013844047811 14.986482125796401 10.716187925210978
-8.790450235057785 13.888088356972707 8.89395261549614
-6.540318042930427 11.656558065668463 6.65620688778264

VECTORS D float
-0.012771584310809886 -0.0 -0.005955487570902879
-0.020425160808632544 -0.0 -0.0095244089041127
-0.024966038106559625 -0.0 -0.011641854762878275
-0.027980306662580754 -0.0 -0.013047431274286736
-0.029846259915547926 -0.0 -0.013917539565904557
-0.030667818313092947 -0.0 -0.01430063853830135
-0.03046637882536729 -0.0 -0.01420670576252006
-0.029242619305121 -0.0 -0.013636057326489126
-0.026971523882038148 -0.0 -0.012577028138304826
-0.023651772311435792 -0.0 -0.011029002557760863
-0.019284098005774422 -0.0 -0.008992322580704148
-0.013887604151460118 -0.0 -0.006475896169251005
-0.007516192890649453 -0.0 -0.0035048583050799964
-0.00021295456643357635 -0.0 -9.930234516705406e-5
0.007932363141070231 0.0 0.003698921679947489
0.01681591421621527 0.0 0.007841389577898691
0.026325134248188064 0.0 0.012275611701888527
0.03633993163093802 0.0 0.01694558841633547
0.046736728666388866 0.0 0.021793694494249383
0.05742522706048256 0.0 0.026777823149592678
0.06827775962449706 0.0 0.03183844219456914
0.07924276057878041 0.0 0.036951506111228334
0.09020247937439314 0.0 0.04206210691684783
0.10115038596352058 0.0 0.04716719960012352
0.11203012129972942 0.0 0.05224050350609725
0.12278984383630451 0.0 0.057257844524525155
0.13341079539410863 0.0 0.06221047557282247
0.14389015429385152 0.0 0.06709708088032733
0.15425852106839585 0.0 0.07193192970985719
0.16466100018497146 0.0 0.07678268538571384
0.17483930216466378 0.0 0.08152890554585855
0.18500487462445317 0.0 0.08626918983338788
0.19519472868001608 0.0 0.09102079681497864
0.20546788937799032 0.0 0.09581125032190099
0.2158882176239523 0.0 0.10067032918348189
0.22653054389225202 0.0 0.10563292742297416
0.23747293084424645 0.0 0.11073544625718452
0.24869884846605936 0.0 0.115970177614053
0.2603779840937928 0.0 0.12141624799789599
0.2726615500726994 0.0 0.12714416888331234
0.2857524636443955 0.0 0.13324856213403943
0.2998889897632031 0.0 0.1398405325229476
0.31535214021731967 0.0 0.14705111799890508
0.33265171762466367 0.0 0.1551180434267948
0.3526631257674025 0.0 0.1644495162942192
0.37700262449891403 0.0 0.1757992109483769
0.40933002022903103 0.0 0.19087372314553772
0.4605928467693494 0.0 0.21477797173995947
0.5762042283740352 0.0 0.2686884443521043
1.1956979657921165 0.0 0.5575631182892175
1.1957110294741593 0.0 0.5575692099841978
0.5761800464460811 0.0 0.2686771681339104
0.4605477115513423 0.0 0.21475692484215023
0.4092843912566704 0.0 0.19085244600629214
0.37698888733512154 0.0 0.17579280520369914
0.3526667448834099 0.0 0.1644512039157292
0.332664716828508 0.0 0.15512410505509733
0.3153718357429048 0.0 0.1470603021733168
0.2999129764113172 0.0 0.13985171768065668
0.28576286495950615 0.0 0.13325341234693042
0.27268434119904034 0.0 0.12715479656006312
0.2604082836389519 0.0 0.1214303769078423
0.24873011257520103 0.0 0.1159847563075712
0.23749771427615493 0.0 0.1107470029612788
0.22654450450240995 0.0 0.10563943736240333
0.21589771850918008 0.0 0.10067475951902286
0.20547707910890042 0.0 0.09581553556380075
0.19520175354065167 0.0 0.0910240725612905
0.18500821467239426 0.0 0.08627074732332142
0.1748387682450645 0.0 0.08152865657506056
0.1646591132177076 0.0 0.07678180547842801
0.1542664339374376 0.0 0.07193561954128933
0.14391337408809807 0.0 0.06710790844820526
0.13342400025364715 0.0 0.06221663309995014
0.12279729199362703 0.0 0.05726131765732378
0.11203510649891993 0.0 0.05224282814265722
0.10115471256892618 0.0 0.047169217129357975
0.09020458310033214 0.0 0.04206308790036384
0.07924124133572284 0.0 0.03695079767655599
0.06826598451508474 0.0 0.031832951370874565
0.05741577876896381 0.0 0.026773417338900995
0.04672858086241878 0.0 0.021789895110860987
0.03633130267520173 0.0 0.016941564668193753
0.02631566062999416 0.0 0.012271194081174271
0.016805757320584314 0.0 0.007836653339682895
0.007921460321369672 0.0 0.0036938376116256344
-0.0002243844766302695 -0.0 -0.000104632199823796
-0.007527710104569592 -0.0 -0.003510228870131566
-0.013899753681617225 -0.0 -0.006481561588206249
-0.019295629398246462 -0.0 -0.008997699757323053
-0.023662508819899612 -0.0 -0.011034009073879388
-0.02698215721414491 -0.0 -0.012581986542497913
-0.029253050965691692 -0.0 -0.01364092168970051
-0.030476699653395143 -0.0 -0.014211518443667949
-0.030677439024146474 -0.0 -0.01430512474954251
-0.029854987661606595 -0.0 -0.013921609380730149
-0.027987964243249407 -0.0 -0.01305100206279547
-0.0249716807938927 -0.0 -0.011644485991194262
-0.020429445347878848 -0.0 -0.009526406817574915
-0.012774007663313925 -0.0 -0.0059566175987339235
-0.012771584310809886 -0.0 -0.005955487570902879
-0.020425160808632544 -0.0 -0.0095244089041127
-0.024966038106559625 -0.0 -0.011641854762878275
-0.027980306662580754 -0.0 -0.013047431274286736
-0.029846259915547926 -0.0 -0.013917539565904557
-0.030667818313092947 -0.0 -0.01430063853830135
-0.03046637882536729 -0.0 -0.01420670576252006
-0.029242619305121 -0.0 -0.013636057326489126
-0.026971523882038148 -0.0 -0.012577028138304826
-0.023651772311435792 -0.0 -0.011029002557760863
-0.019284098005774422 -0.0 -0.008992322580704148
-0.013887604151460118 -0.0 -0.006475896169251005
-0.007516192890649453 -0.0 -0.0035048583050799964
-0.00021295456643357635 -0.0 -9.930234516705406e-5
0.007932363141070231 0.0 0.003698921679947489
0.01681591421621527 0.0 0.007841389577898691
0.026325134248188064 0.0 0.012275611701888527
0.03633993163093802 0.0 0.01694558841633547
0.046736728666388866 0.0 0.021793694494249383
0.05742522706048256 0.0 0.026777823149592678
0.06827775962449706 0.0 0.03183844219456914
0.07924276057878041 0.0 0.036951506111228334
0.09020247937439314 0.0 0.04206210691684783
0.10115038596352058 0.0 0.04716719960012352
0.11203012129972942 0.0 0.05224050350609725
0.12278984383630451 0.0 0.057257844524525155
0.13341079539410863 0.0 0.06221047557282247
0.14389015429385152 0.0 0.06709708088032733
0.15425852106839585 0.0 0.07193192970985719
0.16466100018497146 0.0 0.07678268538571384
0.17483930216466378 0.0 0.08152890554585855
0.18500487462445317 0.0 0.08626918983338788
0.19519472868001608 0.0 0.09102079681497864
0.20546788937799032 0.0 0.09581125032190099
0.2158882176239523 0.0 0.10067032918348189
0.22653054389225202 0.0 0.10563292742297416
0.23747293084424645 0.0 0.11073544625718452
0.24869884846605936 0.0 0.115970177614053
0.2603779840937928 0.0 0.12141624799789599
0.2726615500726994 0.0 0.12714416888331234
0.2857524636443955 0.0 0.13324856213403943
0.2998889897632031 0.0 0.1398405325229476
0.31535214021731967 0.0 0.14705111799890508
0.33265171762466367 0.0 0.1551180434267948
0.3526631257674025 0.0 0.1644495162942192
0.37700262449891403 0.0 0.1757992109483769
0.40933002022903103 0.0 0.19087372314553772
0.4605928467693494 0.0 0.21477797173995947
0.5762042283740352 0.0 0.2686884443521043
1.1956979657921165 0.0 0.5575631182892175
1.1957110294741593 0.0 0.5575692099841978
0.5761800464460811 0.0 0.2686771681339104
0.4605477115513423 0.0 0.21475692484215023
0.4092843912566704 0.0 0.19085244600629214
0.37698888733512154 0.0 0.17579280520369914
0.3526667448834099 0.0 0.1644512039157292
0.332664716828508 0.0 0.15512410505509733
0.3153718357429048 0.0 0.1470603021733168
0.2999129764113172 0.0 0.13985171768065668
0.28576286495950615 0.0 0.13325341234693042
0.27268434119904034 0.0 0.12715479656006312
0.2604082836389519 0.0 0.1214303769078423
0.24873011257520103 0.0 0.1159847563075712
0.23749771427615493 0.0 0.1107470029612788
0.22654450450240995 0.0 0.10563943736240333
0.21589771850918008 0.0 0.10067475951902286
0.20547707910890042 0.0 0.09581553556380075
0.19520175354065167 0.0 0.0910240725612905
0.18500821467239426 0.0 0.08627074732332142
0.1748387682450645 0.0 0.08152865657506056
0.1646591132177076 0.0 0.07678180547842801
0.1542664339374376 0.0 0.07193561954128933
0.14391337408809807 0.0 0.06710790844820526
0.13342400025364715 0.0 0.06221663309995014
0.12279729199362703 0.0 0.05726131765732378
0.11203510649891993 0.0 0.05224282814265722
0.10115471256892618 0.0 0.047169217129357975
0.09020458310033214 0.0 0.04206308790036384
0.07924124133572284 0.0 0.03695079767655599
0.06826598451508474 0.0 0.031832951370874565
0.05741577876896381 0.0 0.026773417338900995
0.04672858086241878 0.0 0.021789895110860987
0.03633130267520173 0.0 0.016941564668193753
0.02631566062999416 0.0 0.012271194081174271
0.016805757320584314 0.0 0.007836653339682895
0.007921460321369672 0.0 0.0036938376116256344
-0.0002243844766302695 -0.0 -0.000104632199823796
-0.007527710104569592 -0.0 -0.003510228870131566
-0.013899753681617225 -0.0 -0.006481561588206249
-0.019295629398246462 -0.0 -0.008997699757323053
-0.023662508819899612 -0.0 -0.011034009073879388
-0.02698215721414491 -0.0 -0.012581986542497913
-0.029253050965691692 -0.0 -0.01364092168970051
-0.030476699653395143 -0.0 -0.014211518443667949
-0.030677439024146474 -0.0 -0.01430512474954251
-0.029854987661606595 -0.0 -0.013921609380730149
-0.027987964243249407 -0.0 -0.01305100206279547
-0.0249716807938927 -0.0 -0.011644485991194262
-0.020429445347878848 -0.0 -0.009526406817574915
-0.012774007663313925 -0.0 -0.0059566175987339235

VECTORS funs-vector float
0.0 0.0 -0.006203539461313541
0.0 0.0 -0.00949664858250979
0.0 0.0 -0.012165987619613426
0.0 0.0 -0.01459918752127979
0.0 0.0 -0.01671438491797065
0.0 0.0 -0.018583617708819916
0.0 0.0 -0.020284462003560454
0.0 0.0 -0.02188174709383682
0.0 0.0 -0.023421880154276736
0.0 0.0 -0.024908267348920474
0.0 0.0 -0.026476252859408547
0.0 0.0 -0.027973262644313757
0.0 0.0 -0.029256553153032244
0.0 0.0 -0.03124523012660258
0.0 0.0 -0.032635720623601254
0.0 0.0 -0.033622201846777715
0.0 0.0 -0.03441163008364484
0.0 0.0 -0.03509914721011725
0.0 0.0 -0.03565887045796373
0.0 0.0 -0.03637610335184797
0.0 0.0 -0.03692896832802266
0.0 0.0 -0.037887741755965154
0.0 0.0 -0.0383605976335934
0.0 0.0 -0.037211260200702555
0.0 0.0 -0.03813020945650953
0.0 0.0 -0.03888740981197068
0.0 0.0 -0.03951458181366717
0.0 0.0 -0.04038098417705721
0.0 0.0 -0.04185739383836566
0.0 0.0 -0.04595880178693791
0.0 0.0 -0.04749639377869193
0.0 0.0 -0.04850570860669347
0.0 0.0 -0.04950865677105557
0.0 0.0 -0.050481716022505015
0.0 0.0 -0.05150681725928311
0.0 0.0 -0.05249561093676326
0.0 0.0 -0.05250870935962449
0.0 0.0 -0.051815011138923624
0.0 0.0 -0.05161519641872691
0.0 0.0 -0.05170706404690217
0.0 0.0 -0.051960812317061456
0.0 0.0 -0.05212547190521442
0.0 0.0 -0.05258639447739004
0.0 0.0 -0.05307346852173113
0.0 0.0 -0.05354454399584022
0.0 0.0 -0.053351962870473044
0.0 0.0 -0.05054681160542563
0.0 0.0 -0.049544158771343993
0.0 0.0 -0.04857753272044428
0.0 0.0 -0.047480850893464335
0.0 0.0 -0.04691801388596483
0.0 0.0 -0.04890151379666077
0.0 0.0 -0.0511637397121951
0.0 0.0 -0.0531408690079396
0.0 0.0 -0.05482234782288292
0.0 0.0 -0.05447333301443213
0.0 0.0 -0.053693290448545775
0.0 0.0 -0.053108187113245074
0.0 0.0 -0.05329003173471396
0.0 0.0 -0.05400825293075686
0.0 0.0 -0.05383788909228766
0.0 0.0 -0.05399401148383279
0.0 0.0 -0.0547372330741502
0.0 0.0 -0.056458972590344964
0.0 0.0 -0.0586518346227378
0.0 0.0 -0.05757380222627264
0.0 0.0 -0.056938298674369565
0.0 0.0 -0.05640746836989959
0.0 0.0 -0.055843263013711425
0.0 0.0 -0.05519996469266692
0.0 0.0 -0.053595370800111536
0.0 0.0 -0.04954747562236668
0.0 0.0 -0.04747043819884892
0.0 0.0 -0.04594212417104742
0.0 0.0 -0.044750356094335794
0.0 0.0 -0.04350617043003784
0.0 0.0 -0.04195150860654323
0.0 0.0 -0.04140465839812051
0.0 0.0 -0.04042625791424696
0.0 0.0 -0.039118675918138154
0.0 0.0 -0.03837137115487238
0.0 0.0 -0.03745589834752978
0.0 0.0 -0.03682623587932197
0.0 0.0 -0.03610993723815365
0.0 0.0 -0.03526752730271198
0.0 0.0 -0.03430095324819474
0.0 0.0 -0.03288291336239334
0.0 0.0 -0.030554534866080417
0.0 0.0 -0.028283038999992478
0.0 0.0 -0.02641634812945624
0.0 0.0 -0.024959695980331674
0.0 0.0 -0.023434621149383692
0.0 0.0 -0.02189467067947701
0.0 0.0 -0.02030037317665807
0.0 0.0 -0.01859961820346551
0.0 0.0 -0.016728023546277372
0.0 0.0 -0.014606304533392043
0.0 0.0 -0.0121795834418749
0.0 0.0 -0.009515176212172514
0.0 0.0 -0.006221777945039735
0.0 0.0 -0.006203539461313541
0.0 0.0 -0.00949664858250979
0.0 0.0 -0.012165987619613426
0.0 0.0 -0.01459918752127979
0.0 0.0 -0.01671438491797065
0.0 0.0 -0.018583617708819916
0.0 0.0 -0.020284462003560454
0.0 0.0 -0.02188174709383682
0.0 0.0 -0.023421880154276736
0.0 0.0 -0.024908267348920474
0.0 0.0 -0.026476252859408547
0.0 0.0 -0.027973262644313757
0.0 0.0 -0.029256553153032244
0.0 0.0 -0.03124523012660258
0.0 0.0 -0.032635720623601254
0.0 0.0 -0.033622201846777715
0.0 0.0 -0.03441163008364484
0.0 0.0 -0.03509914721011725
0.0 0.0 -0.03565887045796373
0.0 0.0 -0.03637610335184797
0.0 0.0 -0.03692896832802266
0.0 0.0 -0.037887741755965154
0.0 0.0 -0.0383605976335934
0.0 0.0 -0.037211260200702555
0.0 0.0 -0.03813020945650953
0.0 0.0 -0.03888740981197068
0.0 0.0 -0.03951458181366717
0.0 0.0 -0.04038098417705721
0.0 0.0 -0.04185739383836566
0.0 0.0 -0.04595880178693791
0.0 0.0 -0.04749639377869193
0.0 0.0 -0.04850570860669347
0.0 0.0 -0.04950865677105557
0.0 0.0 -0.050481716022505015
0.0 0.0 -0.05150681725928311
0.0 0.0 -0.05249561093676326
0.0 0.0 -0.05250870935962449
0.0 0.0 -0.051815011138923624
0.0 0.0 -0.05161519641872691
0.0 0.0 -0.05170706404690217
0.0 0.0 -0.051960812317061456
0.0 0.0 -0.05212547190521442
0.0 0.0 -0.05258639447739004
0.0 0.0 -0.05307346852173113
0.0 0.0 -0.05354454399584022
0.0 0.0 -0.053351962870473044
0.0 0.0 -0.05054681160542563
0.0 0.0 -0.049544158771343993
0.0 0.0 -0.04857753272044428
0.0 0.0 -0.047480850893464335
0.0 0.0 -0.04691801388596483
0.0 0.0 -0.04890151379666077
0.0 0.0 -0.0511637397121951
0.0 0.0 -0.0531408690079396
0.0 0.0 -0.05482234782288292
0.0 0.0 -0.05447333301443213
0.0 0.0 -0.053693290448545775
0.0 0.0 -0.053108187113245074
0.0 0.0 -0.05329003173471396
0.0 0.0 -0.05400825293075686
0.0 0.0 -0.05383788909228766
0.0 0.0 -0.05399401148383279
0.0 0.0 -0.0547372330741502
0.0 0.0 -0.056458972590344964
0.0 0.0 -0.0586518346227378
0.0 0.0 -0.05757380222627264
0.0 0.0 -0.056938298674369565
0.0 0.0 -0.05640746836989959
0.0 0.0 -0.055843263013711425
0.0 0.0 -0.05519996469266692
0.0 0.0 -0.053595370800111536
0.0 0.0 -0.04954747562236668
0.0 0.0 -0.04747043819884892
0.0 0.0 -0.04594212417104742
0.0 0.0 -0.044750356094335794
0.0 0.0 -0.04350617043003784
0.0 0.0 -0.04195150860654323
0.0 0.0 -0.04140465839812051
0.0 0.0 -0.04042625791424696
0.0 0.0 -0.039118675918138154
0.0 0.0 -0.03837137115487238
0.0 0.0 -0.03745589834752978
0.0 0.0 -0.03682623587932197
0.0 0.0 -0.03610993723815365
0.0 0.0 -0.03526752730271198
0.0 0.0 -0.03430095324819474
0.0 0.0 -0.03288291336239334
0.0 0.0 -0.030554534866080417
0.0 0.0 -0.028283038999992478
0.0 0.0 -0.02641634812945624
0.0 0.0 -0.024959695980331674
0.0 0.0 -0.023434621149383692
0.0 0.0 -0.02189467067947701
0.0 0.0 -0.02030037317665807
0.0 0.0 -0.01859961820346551
0.0 0.0 -0.016728023546277372
0.0 0.0 -0.014606304533392043
0.0 0.0 -0.0121795834418749
0.0 0.0 -0.009515176212172514
0.0 0.0 -0.006221777945039735

VECTORS S float
-0.0 -0.05274241441146741 0.0
-0.0 -0.07438139650895373 0.0
-0.0 -0.0927189845521318 0.0
-0.0 -0.10996265147995578 0.0
-0.0 -0.12660847622107896 0.0
-0.0 -0.1427799235658044 0.0
-0.0 -0.15848059327118522 0.0
-0.0 -0.17366768118167253 0.0
-0.0 -0.1882924392883839 0.0
-0.0 -0.20228890175625083 0.0
-0.0 -0.215614959691364 0.0
-0.0 -0.22822816240914584 0.0
-0.0 -0.24013076608342399 0.0
-0.0 -0.2513108169807009 0.0
-0.0 -0.2618092088749586 0.0
-0.0 -0.27168390560228434 0.0
-0.0 -0.28100479022677527 0.0
-0.0 -0.2898530789707067 0.0
-0.0 -0.29831749100835153 0.0
-0.0 -0.3064513351195396 0.0
-0.0 -0.3143789401605908 0.0
-0.0 -0.32204760662485266 0.0
-0.0 -0.3297012904536509 0.0
-0.0 -0.33721262684356623 0.0
-0.0 -0.34462893784074483 0.0
-0.0 -0.3519960476981382 0.0
-0.0 -0.35932366958098616 0.0
-0.0 -0.3666015720098165 0.0
-0.0 -0.37372147030990294 0.0
-0.0 -0.38034353469227905 0.0
-0.0 -0.38728575929450804 0.0
-0.0 -0.39391987948104074 0.0
-0.0 -0.40019894037607556 0.0
-0.0 -0.4060484507266742 0.0
-0.0 -0.4113839556880929 0.0
-0.0 -0.41603538142794366 0.0
-0.0 -0.4199896921702833 0.0
-0.0 -0.42315917870159236 0.0
-0.0 -0.42531027967960117 0.0
-0.0 -0.42621435698527965 0.0
-0.0 -0.4255897657107542 0.0
-0.0 -0.4230109204063833 0.0
-0.0 -0.41807130015768507 0.0
-0.0 -0.4099463210697012 0.0
-0.0 -0.3973656095500658 0.0
-0.0 -0.37813100520622706 0.0
-0.0 -0.34758668289132194 0.0
-0.0 -0.2923694935264345 0.0
-0.0 -0.15758525753380892 0.0
0.0 0.5903606618918723 -0.0
-0.0 -0.5904033097820186 0.0
0.0 0.15759701508046264 -0.0
0.0 0.29240843949233164 -0.0
0.0 0.34762932544496017 -0.0
0.0 0.378132252848046 -0.0
0.0 0.3973457283319968 -0.0
0.0 0.4099226671070062 -0.0
0.0 0.41804750930080276 -0.0
0.0 0.42299537384607117 -0.0
0.0 0.42557740779877845 -0.0
0.0 0.4262301613538773 -0.0
0.0 0.42530339126169253 -0.0
0.0 0.4231449473246828 -0.0
0.0 0.41998352568497554 -0.0
0.0 0.4160480657533507 -0.0
0.0 0.41139842485671557 -0.0
0.0 0.4060666910451587 -0.0
0.0 0.40022529696043213 -0.0
0.0 0.39395677646168425 -0.0
0.0 0.3873343295448527 -0.0
0.0 0.3804031889551567 -0.0
0.0 0.3737416484756265 -0.0
0.0 0.3665723310258452 -0.0
0.0 0.3593172275191785 -0.0
0.0 0.3520054524685183 -0.0
0.0 0.344646332182032 -0.0
0.0 0.3372325307320502 -0.0
0.0 0.3297238532107837 -0.0
0.0 0.3220747545061485 -0.0
0.0 0.31442192047718737 -0.0
0.0 0.30649342438551164 -0.0
0.0 0.2983566314894872 -0.0
0.0 0.28989189552686656 -0.0
0.0 0.2810435373445532 -0.0
0.0 0.27172209329528313 -0.0
0.0 0.26184671383675123 -0.0
0.0 0.25134737085582765 -0.0
0.0 0.24016600770322488 -0.0
0.0 0.22826294310645345 -0.0
0.0 0.2156480952277102 -0.0
0.0 0.202324620811166 -0.0
0.0 0.18832257771756647 -0.0
0.0 0.1736958613786483 -0.0
0.0 0.15850660223003962 -0.0
0.0 0.1428033493586164 -0.0
0.0 0.12662929231230372 -0.0
0.0 0.10998079020685897 -0.0
0.0 0.09273434948957908 -0.0
0.0 0.07439377407752708 -0.0
0.0 0.05275122368263365 -0.0
-0.0 -0.05274241441146741 0.0
-0.0 -0.07438139650895373 0.0
-0.0 -0.0927189845521318 0.0
-0.0 -0.10996265147995578 0.0
-0.0 -0.12660847622107896 0.0
-0.0 -0.1427799235658044 0.0
-0.0 -0.15848059327118522 0.0
-0.0 -0.17366768118167253 0.0
-0.0 -0.1882924392883839 0.0
-0.0 -0.20228890175625083 0.0
-0.0 -0.215614959691364 0.0
-0.0 -0.22822816240914584 0.0
-0.0 -0.24013076608342399 0.0
-0.0 -0.2513108169807009 0.0
-0.0 -0.2618092088749586 0.0
-0.0 -0.27168390560228434 0.0
-0.0 -0.28100479022677527 0.0
-0.0 -0.2898530789707067 0.0
-0.0 -0.29831749100835153 0.0
-0.0 -0.3064513351195396 0.0
-0.0 -0.3143789401605908 0.0
-0.0 -0.32204760662485266 0.0
-0.0 -0.3297012904536509 0.0
-0.0 -0.33721262684356623 0.0
-0.0 -0.34462893784074483 0.0
-0.0 -0.3519960476981382 0.0
-0.0 -0.35932366958098616 0.0
-0.0 -0.3666015720098165 0.0
-0.0 -0.37372147030990294 0.0
-0.0 -0.38034353469227905 0.0
-0.0 -0.38728575929450804 0.0
-0.0 -0.39391987948104074 0.0
-0.0 -0.40019894037607556 0.0
-0.0 -0.4060484507266742 0.0
-0.0 -0.4113839556880929 0.0
-0.0 -0.41603538142794366 0.0
-0.0 -0.4199896921702833 0.0
-0.0 -0.42315917870159236 0.0
-0.0 -0.42531027967960117 0.0
-0.0 -0.42621435698527965 0.0
-0.0 -0.4255897657107542 0.0
-0.0 -0.4230109204063833 0.0
-0.0 -0.41807130015768507 0.0
-0.0 -0.4099463210697012 0.0
-0.0 -0.3973656095500658 0.0
-0.0 -0.37813100520622706 0.0
-0.0 -0.34758668289132194 0.0
-0.0 -0.2923694935264345 0.0
-0.0 -0.15758525753380892 0.0
0.0 0.5903606618918723 -0.0
-0.0 -0.5904033097820186 0.0
0.0 0.15759701508046264 -0.0
0.0 0.29240843949233164 -0.0
0.0 0.34762932544496017 -0.0
0.0 0.378132252848046 -0.0
0.0 0.3973457283319968 -0.0
0.0 0.4099226671070062 -0.0
0.0 0.41804750930080276 -0.0
0.0 0.42299537384607117 -0.0
0.0 0.42557740779877845 -0.0
0.0 0.4262301613538773 -0.0
0.0 0.42530339126169253 -0.0
0.0 0.4231449473246828 -0.0
0.0 0.41998352568497554 -0.0
0.0 0.4160480657533507 -0.0
0.0 0.41139842485671557 -0.0
0.0 0.4060666910451587 -0.0
0.0 0.40022529696043213 -0.0
0.0 0.39395677646168425 -0.0
0.0 0.3873343295448527 -0.0
0.0 0.3804031889551567 -0.0
0.0 0.3737416484756265 -0.0
0.0 0.3665723310258452 -0.0
0.0 0.3593172275191785 -0.0
0.0 0.3520054524685183 -0.0
0.0 0.344646332182032 -0.0
0.0 0.3372325307320502 -0.0
0.0 0.3297238532107837 -0.0
0.0 0.3220747545061485 -0.0
0.0 0.31442192047718737 -0.0
0.0 0.30649342438551164 -0.0
0.0 0.2983566314894872 -0.0
0.0 0.28989189552686656 -0.0
0.0 0.2810435373445532 -0.0
0.0 0.27172209329528313 -0.0
0.0 0.26184671383675123 -0.0
0.0 0.25134737085582765 -0.0
0.0 0.24016600770322488 -0.0
0.0 0.22826294310645345 -0.0
0.0 0.2156480952277102 -0.0
0.0 0.202324620811166 -0.0
0.0 0.18832257771756647 -0.0
0.0 0.1736958613786483 -0.0
0.0 0.15850660223003962 -0.0
0.0 0.1428033493586164 -0.0
0.0 0.12662929231230372 -0.0
0.0 0.10998079020685897 -0.0
0.0 0.09273434948957908 -0.0
0.0 0.07439377407752708 -0.0
0.0 0.05275122368263365 -0.0

VECTORS Vvpm_ApA float
-0.1580537670805145 0.22445337450292618 0.5047314753784943
-0.14838242383564282 0.22579999790860295 0.48221059754340007
-0.13732874054281674 0.22697664814770604 0.456265244212089
-0.12509033071481462 0.22782635610143737 0.42726142123071065
-0.1118873045994115 0.22820501353594572 0.39561235224050356
-0.09795413541929987 0.22799184956201912 0.3617648744480231
-0.08352991530232885 0.22709719256090327 0.326182835717132
-0.06895069182477935 0.22555925956751005 0.2894424687777222
-0.05434912677990366 0.22287108565425165 0.2522839618814003
-0.039923893561188334 0.21940709124814417 0.21477946940521
-0.025904988378461464 0.21501736408823874 0.17754521684959207
-0.012363381948569667 0.2101779928942983 0.1404956918028165
0.0005181198860723241 0.20467620901966718 0.10438402988013903
0.012647024266637844 0.19858628136831985 0.06950066109245173
0.02396408772876308 0.19199522502031077 0.03607139663840034
0.03442852061015271 0.18496707001473955 0.0042347039149810695
0.04401347437853449 0.17759117104918226 -0.025729063281600573
0.05269807199596216 0.1699409104694197 -0.0536302099589908
0.060564744322174235 0.16212931415456666 -0.07974604271394611
0.06761847190930934 0.1542266770622996 -0.10393948568911285
0.0737187180919169 0.14646720171452082 -0.12464924442804884
0.07919983920223601 0.13822108174447414 -0.14448522587447427
0.08410365971456178 0.13031271383517637 -0.16347591928608216
0.08807847015555526 0.12235995517827032 -0.17862347592856437
0.09153899246853982 0.11462189978857154 -0.19242561811437933
0.09447026068838733 0.10707751070210125 -0.20462016575246336
0.09687423213629426 0.09971162361408169 -0.21501379923842373
0.09877624112312407 0.09252145749794169 -0.22351447137490876
0.10031529284165612 0.08560621262249277 -0.23011525958402398
0.1011021624427125 0.0787377762433406 -0.23629177163029683
0.10179281180087982 0.0720561233167256 -0.23965493005428437
0.10217106408175045 0.06549556995610906 -0.24175065730815676
0.10223361393467 0.05900563988683562 -0.24237321920837204
0.10196613576850619 0.052527791273740444 -0.24138936106358475
0.10133738040030511 0.04600218153444239 -0.2387266274948826
0.10078193881262884 0.039871264621613306 -0.23488441967165108
0.09952846000893119 0.03339994840904442 -0.23044533313102838
0.09789667761492118 0.026815915002321934 -0.2244280901065365
0.0956832264093349 0.020172680521629374 -0.21683510754568944
0.09277200642036987 0.013520610269332295 -0.20739665201542498
0.08908825501347885 0.006820467436460326 -0.19566379597346778
0.08424333232288046 0.00047375476229774213 -0.18094701013817935
0.07837832804413962 -0.005493975224063613 -0.16416600681649673
0.07117269194651044 -0.010703037566564703 -0.14427104254175052
0.06268135989516993 -0.014539641841041204 -0.12166977686707384
0.05343928848098231 -0.01646120849528159 -0.09756586172510683
0.04451219221565371 -0.015281234975468344 -0.07635484269532111
0.03793995397431174 -0.011244416937177065 -0.06223841700417486
0.03519321932817235 -0.0059920711631716445 -0.05814050620022855
0.03552298785305786 -0.0019192677736230685 -0.06155777022670142
0.03688615268067411 2.0956687083173485e-5 -0.06710128534895252
0.035518726120524556 0.0019186861622900835 -0.06140074710877838
0.035204059727766315 0.005993322254299793 -0.05815554780178819
0.03796216700441585 0.011237806958359423 -0.06243139615457062
0.04452517244344381 0.015265597557093441 -0.07660892884976875
0.053503896471436725 0.016448390737663653 -0.09815976548613395
0.06272198087234404 0.014659063407088948 -0.12186940129570317
0.07119585355558337 0.010813624174001052 -0.1443986132168078
0.07837384525168094 0.00561039663050222 -0.1642337554026584
0.0842137456295557 -0.00034386832116219124 -0.1810021792960798
0.08908989607905485 -0.006743753501384229 -0.19574698756075298
0.09277090624099202 -0.013358286705443211 -0.20736666505896112
0.09564878801495807 -0.019980914302217705 -0.21672037349665388
0.0978403112129451 -0.02659670236510814 -0.2242571330029985
0.09946921782128114 -0.033161155643652115 -0.23027872316761888
0.1007258105091756 -0.039648606481313534 -0.2347875013737744
0.10127968131956763 -0.04588100830521895 -0.238474807663008
0.10189428626287797 -0.05240954962902594 -0.24110622571436674
0.1021373567600036 -0.0588846954190031 -0.24203932267909828
0.10204913345617232 -0.06537061183605321 -0.2413803305081987
0.10164898617811435 -0.07192848116417734 -0.23926963875830645
0.10094222342239768 -0.0786099571648381 -0.23589942268985642
0.10026706680576589 -0.08542273158821928 -0.2295808861950884
0.09873413597727386 -0.09233334365727945 -0.22321846097729486
0.0968336671855348 -0.09952944798734999 -0.21474849363214737
0.09443154911685579 -0.1069040754205194 -0.20437288352186347
0.09149715430532421 -0.1144551399254525 -0.1921612304926765
0.0880249025291247 -0.12219445335887344 -0.17829226704873968
0.08402754513180491 -0.13014095333615855 -0.1630200980019451
0.07916669042286407 -0.1380817762528668 -0.1443673028783497
0.07370277499931017 -0.14634182427579892 -0.12464318612767522
0.06758591993054042 -0.1540932387353621 -0.10365441948314093
0.060504523336931806 -0.1619617990732423 -0.07940834604702718
0.05262435909310043 -0.16975553738202454 -0.05326963571103934
0.043934651589062776 -0.17739801561111063 -0.025361388656038455
0.034348450969273615 -0.18477154473995847 0.004604724312101849
0.023883297390914313 -0.19179942133429434 0.0364464296623008
0.012564173092613054 -0.19838977482099754 0.06988644641968855
0.00043030985374981073 -0.20447706870174304 0.10478903869618636
-0.012459797058504037 -0.20997338935900095 0.1409290604976655
-0.026013917861279958 -0.21480405892925905 0.17801574823506827
-0.04003699839822615 -0.21921371060748862 0.2151693907868614
-0.05446163419684013 -0.2226788113534381 0.2526595662437168
-0.06906330880267528 -0.22536762665238344 0.2898057136595088
-0.08366598619487389 -0.22687541451620746 0.32668451526780046
-0.09809085274207503 -0.22776514116105276 0.3622630513423082
-0.11202471921726838 -0.22797442587910624 0.39610710079449435
-0.1252285633305572 -0.2275926538569702 0.4277532214313467
-0.1374679162651089 -0.22674040172078763 0.4567547588977276
-0.14852262854293616 -0.2255616528107435 0.4826985150086944
-0.1580537670805145 0.22445337450292618 0.5047314753784943
-0.14838242383564282 0.22579999790860295 0.48221059754340007
-0.13732874054281674 0.22697664814770604 0.456265244212089
-0.12509033071481462 0.22782635610143737 0.42726142123071065
-0.1118873045994115 0.22820501353594572 0.39561235224050356
-0.09795413541929987 0.22799184956201912 0.3617648744480231
-0.08352991530232885 0.22709719256090327 0.326182835717132
-0.06895069182477935 0.22555925956751005 0.2894424687777222
-0.05434912677990366 0.22287108565425165 0.2522839618814003
-0.039923893561188334 0.21940709124814417 0.21477946940521
-0.025904988378461464 0.21501736408823874 0.17754521684959207
-0.012363381948569667 0.2101779928942983 0.1404956918028165
0.0005181198860723241 0.20467620901966718 0.10438402988013903
0.012647024266637844 0.19858628136831985 0.06950066109245173
0.02396408772876308 0.19199522502031077 0.03607139663840034
0.03442852061015271 0.18496707001473955 0.0042347039149810695
0.04401347437853449 0.17759117104918226 -0.025729063281600573
0.05269807199596216 0.1699409104694197 -0.0536302099589908
0.060564744322174235 0.16212931415456666 -0.07974604271394611
0.06761847190930934 0.1542266770622996 -0.10393948568911285
0.0737187180919169 0.14646720171452082 -0.12464924442804884
0.07919983920223601 0.13822108174447414 -0.14448522587447427
0.08410365971456178 0.13031271383517637 -0.16347591928608216
0.08807847015555526 0.12235995517827032 -0.17862347592856437
0.09153899246853982 0.11462189978857154 -0.19242561811437933
0.09447026068838733 0.10707751070210125 -0.20462016575246336
0.09687423213629426 0.09971162361408169 -0.21501379923842373
0.09877624112312407 0.09252145749794169 -0.22351447137490876
0.10031529284165612 0.08560621262249277 -0.23011525958402398
0.1011021624427125 0.0787377762433406 -0.23629177163029683
0.10179281180087982 0.0720561233167256 -0.23965493005428437
0.10217106408175045 0.06549556995610906 -0.24175065730815676
0.10223361393467 0.05900563988683562 -0.24237321920837204
0.10196613576850619 0.052527791273740444 -0.24138936106358475
0.10133738040030511 0.04600218153444239 -0.2387266274948826
0.10078193881262884 0.039871264621613306 -0.23488441967165108
0.09952846000893119 0.03339994840904442 -0.23044533313102838
0.09789667761492118 0.026815915002321934 -0.2244280901065365
0.0956832264093349 0.020172680521629374 -0.21683510754568944
0.09277200642036987 0.013520610269332295 -0.20739665201542498
0.08908825501347885 0.006820467436460326 -0.19566379597346778
0.08424333232288046 0.00047375476229774213 -0.18094701013817935
0.07837832804413962 -0.005493975224063613 -0.16416600681649673
0.07117269194651044 -0.010703037566564703 -0.14427104254175052
0.06268135989516993 -0.014539641841041204 -0.12166977686707384
0.05343928848098231 -0.01646120849528159 -0.09756586172510683
0.04451219221565371 -0.015281234975468344 -0.07635484269532111
0.03793995397431174 -0.011244416937177065 -0.06223841700417486
0.03519321932817235 -0.0059920711631716445 -0.05814050620022855
0.03552298785305786 -0.0019192677736230685 -0.06155777022670142
0.03688615268067411 2.0956687083173485e-5 -0.06710128534895252
0.035518726120524556 0.0019186861622900835 -0.06140074710877838
0.035204059727766315 0.005993322254299793 -0.05815554780178819
0.03796216700441585 0.011237806958359423 -0.06243139615457062
0.04452517244344381 0.015265597557093441 -0.07660892884976875
0.053503896471436725 0.016448390737663653 -0.09815976548613395
0.06272198087234404 0.014659063407088948 -0.12186940129570317
0.07119585355558337 0.010813624174001052 -0.1443986132168078
0.07837384525168094 0.00561039663050222 -0.1642337554026584
0.0842137456295557 -0.00034386832116219124 -0.1810021792960798
0.08908989607905485 -0.006743753501384229 -0.19574698756075298
0.09277090624099202 -0.013358286705443211 -0.20736666505896112
0.09564878801495807 -0.019980914302217705 -0.21672037349665388
0.0978403112129451 -0.02659670236510814 -0.2242571330029985
0.09946921782128114 -0.033161155643652115 -0.23027872316761888
0.1007258105091756 -0.039648606481313534 -0.2347875013737744
0.10127968131956763 -0.04588100830521895 -0.238474807663008
0.10189428626287797 -0.05240954962902594 -0.24110622571436674
0.1021373567600036 -0.0588846954190031 -0.24203932267909828
0.10204913345617232 -0.06537061183605321 -0.2413803305081987
0.10164898617811435 -0.07192848116417734 -0.23926963875830645
0.10094222342239768 -0.0786099571648381 -0.23589942268985642
0.10026706680576589 -0.08542273158821928 -0.2295808861950884
0.09873413597727386 -0.09233334365727945 -0.22321846097729486
0.0968336671855348 -0.09952944798734999 -0.21474849363214737
0.09443154911685579 -0.1069040754205194 -0.20437288352186347
0.09149715430532421 -0.1144551399254525 -0.1921612304926765
0.0880249025291247 -0.12219445335887344 -0.17829226704873968
0.08402754513180491 -0.13014095333615855 -0.1630200980019451
0.07916669042286407 -0.1380817762528668 -0.1443673028783497
0.07370277499931017 -0.14634182427579892 -0.12464318612767522
0.06758591993054042 -0.1540932387353621 -0.10365441948314093
0.060504523336931806 -0.1619617990732423 -0.07940834604702718
0.05262435909310043 -0.16975553738202454 -0.05326963571103934
0.043934651589062776 -0.17739801561111063 -0.025361388656038455
0.034348450969273615 -0.18477154473995847 0.004604724312101849
0.023883297390914313 -0.19179942133429434 0.0364464296623008
0.012564173092613054 -0.19838977482099754 0.06988644641968855
0.00043030985374981073 -0.20447706870174304 0.10478903869618636
-0.012459797058504037 -0.20997338935900095 0.1409290604976655
-0.026013917861279958 -0.21480405892925905 0.17801574823506827
-0.04003699839822615 -0.21921371060748862 0.2151693907868614
-0.05446163419684013 -0.2226788113534381 0.2526595662437168
-0.06906330880267528 -0.22536762665238344 0.2898057136595088
-0.08366598619487389 -0.22687541451620746 0.32668451526780046
-0.09809085274207503 -0.22776514116105276 0.3622630513423082
-0.11202471921726838 -0.22797442587910624 0.39610710079449435
-0.1252285633305572 -0.2275926538569702 0.4277532214313467
-0.1374679162651089 -0.22674040172078763 0.4567547588977276
-0.14852262854293616 -0.2255616528107435 0.4826985150086944

VECTORS Vkin float
-0.0 -0.0 -0.0
-0.0 -0.0 -0.0
-0.0 -0.0 -0.0
-0.0 -0.0 -0.0
-0.0 -0.0 -0.0
-0.0 -0.0 -0.0
-0.0 -0.0 -0.0
-0.0 -0.0 -0.0
-0.0 -0.0 -0.0
-0.0 -0.0 -0.0
-0.0 -0.0 -0.0
-0.0 -0.0 -0.0
-0.0 -0.0 -0.0
-0.0 -0.0 -0.0
-0.0 -0.0 -0.0
-0.0 -0.0 -0.0
-0.0 -0.0 -0.0
-0.0 -0.0 -0.0
-0.0 -0.0 -0.0
-0.0 -0.0 -0.0
-0.0 -0.0 -0.0
-0.0 -0.0 -0.0
-0.0 -0.0 -0.0
-0.0 -0.0 -0.0
-0.0 -0.0 -0.0
-0.0 -0.0 -0.0
-0.0 -0.0 -0.0
-0.0 -0.0 -0.0
-0.0 -0.0 -0.0
-0.0 -0.0 -0.0
-0.0 -0.0 -0.0
-0.0 -0.0 -0.0
-0.0 -0.0 -0.0
-0.0 -0.0 -0.0
-0.0 -0.0 -0.0
-0.0 -0.0 -0.0
-0.0 -0.0 -0.0
-0.0 -0.0 -0.0
-0.0 -0.0 -0.0
-0.0 -0.0 -0.0
-0.0 -0.0 -0.0
-0.0 -0.0 -0.0
-0.0 -0.0 -0.0
-0.0 -0.0 -0.0
-0.0 -0.0 -0.0
-0.0 -0.0 -0.0
-0.0 -0.0 -0.0
-0.0 -0.0 -0.0
-0.0 -0.0 -0.0
-0.0 -0.0 -0.0
-0.0 -0.0 -0.0
-0.0 -0.0 -0.0
-0.0 -0.0 -0.0
-0.0 -0.0 -0.0
-0.0 -0.0 -0.0
-0.0 -0.0 -0.0
-0.0 -0.0 -0.0
-0.0 -0.0 -0.0
-0.0 -0.0 -0.0
-0.0 -0.0 -0.0
-0.0 -0.0 -0.0
-0.0 -0.0 -0.0
-0.0 -0.0 -0.0
-0.0 -0.0 -0.0
-0.0 -0.0 -0.0
-0.0 -0.0 -0.0
-0.0 -0.0 -0.0
-0.0 -0.0 -0.0
-0.0 -0.0 -0.0
-0.0 -0.0 -0.0
-0.0 -0.0 -0.0
-0.0 -0.0 -0.0
-0.0 -0.0 -0.0
-0.0 -0.0 -0.0
-0.0 -0.0 -0.0
-0.0 -0.0 -0.0
-0.0 -0.0 -0.0
-0.0 -0.0 -0.0
-0.0 -0.0 -0.0
-0.0 -0.0 -0.0
-0.0 -0.0 -0.0
-0.0 -0.0 -0.0
-0.0 -0.0 -0.0
-0.0 -0.0 -0.0
-0.0 -0.0 -0.0
-0.0 -0.0 -0.0
-0.0 -0.0 -0.0
-0.0 -0.0 -0.0
-0.0 -0.0 -0.0
-0.0 -0.0 -0.0
-0.0 -0.0 -0.0
-0.0 -0.0 -0.0
-0.0 -0.0 -0.0
-0.0 -0.0 -0.0
-0.0 -0.0 -0.0
-0.0 -0.0 -0.0
-0.0 -0.0 -0.0
-0.0 -0.0 -0.0
-0.0 -0.0 -0.0
-0.0 -0.0 -0.0
-0.0 -0.0 -0.0
-0.0 -0.0 -0.0
-0.0 -0.0 -0.0
-0.0 -0.0 -0.0
-0.0 -0.0 -0.0
-0.0 -0.0 -0.0
-0.0 -0.0 -0.0
-0.0 -0.0 -0.0
-0.0 -0.0 -0.0
-0.0 -0.0 -0.0
-0.0 -0.0 -0.0
-0.0 -0.0 -0.0
-0.0 -0.0 -0.0
-0.0 -0.0 -0.0
-0.0 -0.0 -0.0
-0.0 -0.0 -0.0
-0.0 -0.0 -0.0
-0.0 -0.0 -0.0
-0.0 -0.0 -0.0
-0.0 -0.0 -0.0
-0.0 -0.0 -0.0
-0.0 -0.0 -0.0
-0.0 -0.0 -0.0
-0.0 -0.0 -0.0
-0.0 -0.0 -0.0
-0.0 -0.0 -0.0
-0.0 -0.0 -0.0
-0.0 -0.0 -0.0
-0.0 -0.0 -0.0
-0.0 -0.0 -0.0
-0.0 -0.0 -0.0
-0.0 -0.0 -0.0
-0.0 -0.0 -0.0
-0.0 -0.0 -0.0
-0.0 -0.0 -0.0
-0.0 -0.0 -0.0
-0.0 -0.0 -0.0
-0.0 -0.0 -0.0
-0.0 -0.0 -0.0
-0.0 -0.0 -0.0
-0.0 -0.0 -0.0
-0.0 -0.0 -0.0
-0.0 -0.0 -0.0
-0.0 -0.0 -0.0
-0.0 -0.0 -0.0
-0.0 -0.0 -0.0
-0.0 -0.0 -0.0
-0.0 -0.0 -0.0
-0.0 -0.0 -0.0
-0.0 -0.0 -0.0
-0.0 -0.0 -0.0
-0.0 -0.0 -0.0
-0.0 -0.0 -0.0
-0.0 -0.0 -0.0
-0.0 -0.0 -0.0
-0.0 -0.0 -0.0
-0.0 -0.0 -0.0
-0.0 -0.0 -0.0
-0.0 -0.0 -0.0
-0.0 -0.0 -0.0
-0.0 -0.0 -0.0
-0.0 -0.0 -0.0
-0.0 -0.0 -0.0
-0.0 -0.0 -0.0
-0.0 -0.0 -0.0
-0.0 -0.0 -0.0
-0.0 -0.0 -0.0
-0.0 -0.0 -0.0
-0.0 -0.0 -0.0
-0.0 -0.0 -0.0
-0.0 -0.0 -0.0
-0.0 -0.0 -0.0
-0.0 -0.0 -0.0
-0.0 -0.0 -0.0
-0.0 -0.0 -0.0
-0.0 -0.0 -0.0
-0.0 -0.0 -0.0
-0.0 -0.0 -0.0
-0.0 -0.0 -0.0
-0.0 -0.0 -0.0
-0.0 -0.0 -0.0
-0.0 -0.0 -0.0
-0.0 -0.0 -0.0
-0.0 -0.0 -0.0
-0.0 -0.0 -0.0
-0.0 -0.0 -0.0
-0.0 -0.0 -0.0
-0.0 -0.0 -0.0
-0.0 -0.0 -0.0
-0.0 -0.0 -0.0
-0.0 -0.0 -0.0
-0.0 -0.0 -0.0
-0.0 -0.0 -0.0
-0.0 -0.0 -0.0
-0.0 -0.0 -0.0
-0.0 -0.0 -0.0
-0.0 -0.0 -0.0
-0.0 -0.0 -0.0
-0.0 -0.0 -0.0
-0.0 -0.0 -0.0

VECTORS Funs-vector float
0.0 0.0 -2.8073835853107716e-5
0.0 0.0 -5.087032217692999e-5
0.0 0.0 -7.528150624896634e-5
0.0 0.0 -0.00010247275355381583
0.0 0.0 -0.00013121257310465736
0.0 0.0 -0.0001613333840765011
0.0 0.0 -0.0001929598022436674
0.0 0.0 -0.00022634251851037557
0.0 0.0 -0.00026174190071181504
0.0 0.0 -0.00029905632898294014
0.0 0.0 -0.00033988926449062955
0.0 0.0 -0.00038235869041970325
0.0 0.0 -0.00042421784954619235
0.0 0.0 -0.00047902473886192584
0.0 0.0 -0.0005274695365723604
0.0 0.0 -0.0005713603529862654
0.0 0.0 -0.0006133786873725875
0.0 0.0 -0.0006548081274956693
0.0 0.0 -0.0006948901643132793
0.0 0.0 -0.0007391030305530593
0.0 0.0 -0.0007810319219508241
0.0 0.0 -0.0008328020867117686
0.0 0.0 -0.0008750813838580132
0.0 0.0 -0.0008797929357968213
0.0 0.0 -0.0009332138851343944
0.0 0.0 -0.0009840693531735288
0.0 0.0 -0.0010327850738398338
0.0 0.0 -0.0010889949806335846
0.0 0.0 -0.0011636029325555238
0.0 0.0 -0.0013158201065225769
0.0 0.0 -0.0013993213058529645
0.0 0.0 -0.0014693756015152389
0.0 0.0 -0.001540909637809419
0.0 0.0 -0.0016131558793426825
0.0 0.0 -0.0016887260184124807
0.0 0.0 -0.0017647797226814043
0.0 0.0 -0.001808865611998041
0.0 0.0 -0.0018280374382510702
0.0 0.0 -0.0018638908177925223
0.0 0.0 -0.0019101874940666286
0.0 0.0 -0.001962751721691312
0.0 0.0 -0.0020122985239751025
0.0 0.0 -0.0020738025161318617
0.0 0.0 -0.002137125800877803
0.0 0.0 -0.0022006012858075204
0.0 0.0 -0.002237032955673896
0.0 0.0 -0.0021614285536836276
0.0 0.0 -0.0021597355873040854
0.0 0.0 -0.002157976228968845
0.0 0.0 -0.002148724324978776
0.0 0.0 -0.0021232533920393904
0.0 0.0 -0.0021723685503148953
0.0 0.0 -0.002230336576022432
0.0 0.0 -0.0022723528545763507
0.0 0.0 -0.002298685787530414
0.0 0.0 -0.0022387731359350665
0.0 0.0 -0.0021620843624461476
0.0 0.0 -0.002094379984731657
0.0 0.0 -0.0020572562373602906
0.0 0.0 -0.0020400911128669224
0.0 0.0 -0.0019889054686560888
0.0 0.0 -0.0019497928750298495
0.0 0.0 -0.0019311336449883425
0.0 0.0 -0.001944947709683063
0.0 0.0 -0.001971737571831609
0.0 0.0 -0.0018876409565166347
0.0 0.0 -0.0018194775951233886
0.0 0.0 -0.0017556285571945513
0.0 0.0 -0.0016916509528122408
0.0 0.0 -0.0016262810822373092
0.0 0.0 -0.0015344583360169858
0.0 0.0 -0.0013773812138792325
0.0 0.0 -0.001280183481917066
0.0 0.0 -0.001200780520165924
0.0 0.0 -0.0011324347440204692
0.0 0.0 -0.0010647872884265855
0.0 0.0 -0.0009918675346920873
0.0 0.0 -0.0009445224528375363
0.0 0.0 -0.0008886006499353461
0.0 0.0 -0.0008273433030981942
0.0 0.0 -0.0007796436147304247
0.0 0.0 -0.0007299091368555578
0.0 0.0 -0.0006870286168064451
0.0 0.0 -0.0006436505870371988
0.0 0.0 -0.000599320262856661
0.0 0.0 -0.0005543835885373809
0.0 0.0 -0.0005041322762743345
0.0 0.0 -0.0004430384880602174
0.0 0.0 -0.00038659293664212443
0.0 0.0 -0.000339120236686319
0.0 0.0 -0.000299673796970531
0.0 0.0 -0.0002618842826322316
0.0 0.0 -0.00022647619873753238
0.0 0.0 -0.00019311116030353815
0.0 0.0 -0.0001614722921184358
0.0 0.0 -0.00013131964013240178
0.0 0.0 -0.00010252270837679501
0.0 0.0 -7.536563538097812e-5
0.0 0.0 -5.096956839857849e-5
0.0 0.0 -2.8156373282188626e-5
0.0 0.0 -2.8073835853107716e-5
0.0 0.0 -5.087032217692999e-5
0.0 0.0 -7.528150624896634e-5
0.0 0.0 -0.00010247275355381583
0.0 0.0 -0.00013121257310465736
0.0 0.0 -0.0001613333840765011
0.0 0.0 -0.0001929598022436674
0.0 0.0 -0.00022634251851037557
0.0 0.0 -0.00026174190071181504
0.0 0.0 -0.00029905632898294014
0.0 0.0 -0.00033988926449062955
0.0 0.0 -0.00038235869041970325
0.0 0.0 -0.00042421784954619235
0.0 0.0 -0.00047902473886192584
0.0 0.0 -0.0005274695365723604
0.0 0.0 -0.0005713603529862654
0.0 0.0 -0.0006133786873725875
0.0 0.0 -0.0006548081274956693
0.0 0.0 -0.0006948901643132793
0.0 0.0 -0.0007391030305530593
0.0 0.0 -0.0007810319219508241
0.0 0.0 -0.0008328020867117686
0.0 0.0 -0.0008750813838580132
0.0 0.0 -0.0008797929357968213
0.0 0.0 -0.0009332138851343944
0.0 0.0 -0.0009840693531735288
0.0 0.0 -0.0010327850738398338
0.0 0.0 -0.0010889949806335846
0.0 0.0 -0.0011636029325555238
0.0 0.0 -0.0013158201065225769
0.0 0.0 -0.0013993213058529645
0.0 0.0 -0.0014693756015152389
0.0 0.0 -0.001540909637809419
0.0 0.0 -0.0016131558793426825
0.0 0.0 -0.0016887260184124807
0.0 0.0 -0.0017647797226814043
0.0 0.0 -0.001808865611998041
0.0 0.0 -0.0018280374382510702
0.0 0.0 -0.0018638908177925223
0.0 0.0 -0.0019101874940666286
0.0 0.0 -0.001962751721691312
0.0 0.0 -0.0020122985239751025
0.0 0.0 -0.0020738025161318617
0.0 0.0 -0.002137125800877803
0.0 0.0 -0.0022006012858075204
0.0 0.0 -0.002237032955673896
0.0 0.0 -0.0021614285536836276
0.0 0.0 -0.0021597355873040854
0.0 0.0 -0.002157976228968845
0.0 0.0 -0.002148724324978776
0.0 0.0 -0.0021232533920393904
0.0 0.0 -0.0021723685503148953
0.0 0.0 -0.002230336576022432
0.0 0.0 -0.0022723528545763507
0.0 0.0 -0.002298685787530414
0.0 0.0 -0.0022387731359350665
0.0 0.0 -0.0021620843624461476
0.0 0.0 -0.002094379984731657
0.0 0.0 -0.0020572562373602906
0.0 0.0 -0.0020400911128669224
0.0 0.0 -0.0019889054686560888
0.0 0.0 -0.0019497928750298495
0.0 0.0 -0.0019311336449883425
0.0 0.0 -0.001944947709683063
0.0 0.0 -0.001971737571831609
0.0 0.0 -0.0018876409565166347
0.0 0.0 -0.0018194775951233886
0.0 0.0 -0.0017556285571945513
0.0 0.0 -0.0016916509528122408
0.0 0.0 -0.0016262810822373092
0.0 0.0 -0.0015344583360169858
0.0 0.0 -0.0013773812138792325
0.0 0.0 -0.001280183481917066
0.0 0.0 -0.001200780520165924
0.0 0.0 -0.0011324347440204692
0.0 0.0 -0.0010647872884265855
0.0 0.0 -0.0009918675346920873
0.0 0.0 -0.0009445224528375363
0.0 0.0 -0.0008886006499353461
0.0 0.0 -0.0008273433030981942
0.0 0.0 -0.0007796436147304247
0.0 0.0 -0.0007299091368555578
0.0 0.0 -0.0006870286168064451
0.0 0.0 -0.0006436505870371988
0.0 0.0 -0.000599320262856661
0.0 0.0 -0.0005543835885373809
0.0 0.0 -0.0005041322762743345
0.0 0.0 -0.0004430384880602174
0.0 0.0 -0.00038659293664212443
0.0 0.0 -0.000339120236686319
0.0 0.0 -0.000299673796970531
0.0 0.0 -0.0002618842826322316
0.0 0.0 -0.00022647619873753238
0.0 0.0 -0.00019311116030353815
0.0 0.0 -0.0001614722921184358
0.0 0.0 -0.00013131964013240178
0.0 0.0 -0.00010252270837679501
0.0 0.0 -7.536563538097812e-5
0.0 0.0 -5.096956839857849e-5
0.0 0.0 -2.8156373282188626e-5

VECTORS Ftot float
-0.029593098279217026 -0.05274241441146741 0.030118365547794443
-0.04707977412140088 -0.07438139650895373 0.04763659380862521
-0.06131264999964045 -0.0927189845521318 0.06630370597890857
-0.07448116566134391 -0.10996265147995578 0.08667398265820003
-0.08709878269467292 -0.12660847622107896 0.10886089175056013
-0.099293896765494 -0.1427799235658044 0.1328684616303046
-0.11107246086936069 -0.15848059327118522 0.15865359501598505
-0.12239463513837649 -0.17366768118167253 0.1861290852873433
-0.13320228869397474 -0.1882924392883839 0.2152355821719165
-0.14343861277250142 -0.20228890175625083 0.24585470579696878
-0.153047611577641 -0.215614959691364 0.277864457985838
-0.16199124102076612 -0.22822816240914584 0.31113337804961033
-0.17026790224147811 -0.24013076608342399 0.3455173087225323
-0.17786103632007477 -0.2513108169807009 0.38086823839076434
-0.18480635278788032 -0.2618092088749586 0.41702843183970784
-0.1911562707865937 -0.27168390560228434 0.45383917958991676
-0.1969750393658275 -0.28100479022677527 0.4911443793681309
-0.20233848160192214 -0.2898530789707067 0.5287930973704443
-0.20733056205578973 -0.29831749100835153 0.5666427577230754
-0.21200094923850316 -0.3064513351195396 0.6045641227891959
-0.21644884424299465 -0.3143789401605908 0.6424366146415887
-0.2206780216803629 -0.32204760662485266 0.6801336992706016
-0.22481042186198585 -0.3297012904536509 0.7176094536680566
-0.2287977471040386 -0.33721262684356623 0.7547432543727128
-0.23267405189058898 -0.34462893784074483 0.7914609884412606
-0.23647213829372912 -0.3519960476981382 0.8276976514783635
-0.24019023947283927 -0.35932366958098616 0.8634004803545251
-0.24380988655015826 -0.3666015720098165 0.8985225015521449
-0.2472667044767798 -0.37372147030990294 0.9330055546506477
-0.2503419529673578 -0.38034353469227905 0.9667593904527879
-0.2534131269495703 -0.38728575929450804 0.9999192035063628
-0.2561454357590987 -0.39391987948104074 1.0323190834358547
-0.25847688270980573 -0.40019894037607556 1.0639227070791746
-0.2603177488302236 -0.4060484507266742 1.0946917749333773
-0.26156853885652365 -0.4113839556880929 1.1245796476999095
-0.26209535907033277 -0.41603538142794366 1.1534945578664693
-0.2617975248404562 -0.4199896921702833 1.1814243936789903
-0.2606316899288582 -0.42315917870159236 1.2082330420288132
-0.25836086863834207 -0.42531027967960117 1.233855307619148
-0.25475856127630275 -0.42621435698527965 1.2582002476871692
-0.24954759039427216 -0.4255897657107542 1.2812032325691027
-0.24233068566134283 -0.4230109204063833 1.302634378907333
-0.2327182671498197 -0.41807130015768507 1.3223918995242285
-0.21995810002990535 -0.4099463210697012 1.3401936217285433
-0.20284681157581969 -0.3973656095500658 1.3557444213385903
-0.17923847526096218 -0.37813100520622706 1.3686620988552791
-0.1444900573398063 -0.34758668289132194 1.3785447122090502
-0.08520689062786951 -0.2923694935264345 1.3852492858005954
0.05355967090923954 -0.15758525753380892 1.389503314802014
0.8054552035233158 0.5903606618918723 1.3944414226534272
0.8054731099838032 -0.5904033097820186 1.3944371289765185
0.053537762939370216 0.15759701508046264 1.3894871620649707
-0.08524810166996785 0.29240843949233164 1.385219823480392
-0.14452953717883316 0.34762932544496017 1.3785102482108147
-0.17924019914945238 0.378132252848046 1.3686299305585776
-0.20283157189209444 0.3973457283319968 1.3557211885722094
-0.21993599565513325 0.4099226671070062 1.340180157254779
-0.23269352667728885 0.41804750930080276 1.3223902647750014
-0.24230753549445247 0.42299537384607117 1.3026473579048152
-0.24953443290117536 0.42557740779877845 1.2812021721392284
-0.25474908432148735 0.4262301613538773 1.2582394276968978
-0.2583386255275796 0.42530339126169253 1.2338867136084124
-0.2606076229219847 0.4231449473246828 1.208263054957953
-0.2617819329536184 0.41998352568497554 1.1814556617150989
-0.2620939275071549 0.4160480657533507 1.1535279364338547
-0.2615714876056905 0.41139842485671557 1.1246107763625677
-0.2603223500201588 0.4060666910451587 1.09472563490047
-0.25848595424393916 0.40022529696043213 1.0639605016554639
-0.2561610845354514 0.39395677646168425 1.0323613625908985
-0.2534360860413643 0.3873343295448527 0.9999670454725299
-0.250370372765378 0.3804031889551567 0.9668154103846799
-0.24727650895103523 0.3737416484756265 0.9330472394473938
-0.24380079090365603 0.3665723310258452 0.8985636184526067
-0.24019255331941364 0.3593172275191785 0.8634399178543091
-0.23648187069018464 0.3520054524685183 0.8277379684276375
-0.2326870952001658 0.344646332182032 0.7915019753396385
-0.2288115206371676 0.3372325307320502 0.754784087774297
-0.22482645828559888 0.3297238532107837 0.717649336327826
-0.2206980704006675 0.3220747545061485 0.6801727274281189
-0.2164803566719688 0.31442192047718737 0.6424734506362868
-0.21202898945110218 0.30649342438551164 0.6045995874819264
-0.20735659045990268 0.2983566314894872 0.5666773034104362
-0.20236450625688304 0.28989189552686656 0.5288263788196769
-0.19700135368937963 0.2810435373445532 0.49117607675660346
-0.1911825833838814 0.27172209329528313 0.4538690893657095
-0.18483267146431365 0.26184671383675123 0.41705640718283493
-0.17788708967155453 0.25134737085582765 0.38089426860714076
-0.17029321022042787 0.24016600770322488 0.34554151254852583
-0.16201647371907188 0.22826294310645345 0.31115576957529206
-0.15307139919041296 0.2156480952277102 0.27788536435847155
-0.14345985551602874 0.202324620811166 0.24587222997465247
-0.13322318287988905 0.18832257771756647 0.21525262823972396
-0.12241437886066614 0.1736958613786483 0.1861441907049324
-0.11109077566896777 0.15850660223003962 0.15866592546221117
-0.09931058227649184 0.1428033493586164 0.132879125931436
-0.08711365200734925 0.12662929231230372 0.10886999256784888
-0.07449404927100675 0.10998079020685897 0.08668161912503614
-0.06132261286639822 0.09273434948957908 0.06631033940526669
-0.047087457396417454 0.07439377407752708 0.04764188450754333
-0.02959791201609758 0.05275122368263365 0.030122361715801495
-0.029593098279217026 -0.05274241441146741 0.030118365547794443
-0.04707977412140088 -0.07438139650895373 0.04763659380862521
-0.06131264999964045 -0.0927189845521318 0.06630370597890857
-0.07448116566134391 -0.10996265147995578 0.08667398265820003
-0.08709878269467292 -0.12660847622107896 0.10886089175056013
-0.099293896765494 -0.1427799235658044 0.1328684616303046
-0.11107246086936069 -0.15848059327118522 0.15865359501598505
-0.12239463513837649 -0.17366768118167253 0.1861290852873433
-0.13320228869397474 -0.1882924392883839 0.2152355821719165
-0.14343861277250142 -0.20228890175625083 0.24585470579696878
-0.153047611577641 -0.215614959691364 0.277864457985838
-0.16199124102076612 -0.22822816240914584 0.31113337804961033
-0.17026790224147811 -0.24013076608342399 0.3455173087225323
-0.17786103632007477 -0.2513108169807009 0.38086823839076434
-0.18480635278788032 -0.2618092088749586 0.41702843183970784
-0.1911562707865937 -0.27168390560228434 0.45383917958991676
-0.1969750393658275 -0.28100479022677527 0.4911443793681309
-0.20233848160192214 -0.2898530789707067 0.5287930973704443
-0.20733056205578973 -0.29831749100835153 0.5666427577230754
-0.21200094923850316 -0.3064513351195396 0.6045641227891959
-0.21644884424299465 -0.3143789401605908 0.6424366146415887
-0.2206780216803629 -0.32204760662485266 0.6801336992706016
-0.22481042186198585 -0.3297012904536509 0.7176094536680566
-0.2287977471040386 -0.33721262684356623 0.7547432543727128
-0.23267405189058898 -0.34462893784074483 0.7914609884412606
-0.23647213829372912 -0.3519960476981382 0.8276976514783635
-0.24019023947283927 -0.35932366958098616 0.8634004803545251
-0.24380988655015826 -0.3666015720098165 0.8985225015521449
-0.2472667044767798 -0.37372147030990294 0.9330055546506477
-0.2503419529673578 -0.38034353469227905 0.9667593904527879
-0.2534131269495703 -0.38728575929450804 0.9999192035063628
-0.2561454357590987 -0.39391987948104074 1.0323190834358547
-0.25847688270980573 -0.40019894037607556 1.0639227070791746
-0.2603177488302236 -0.4060484507266742 1.0946917749333773
-0.26156853885652365 -0.4113839556880929 1.1245796476999095
-0.26209535907033277 -0.41603538142794366 1.1534945578664693
-0.2617975248404562 -0.4199896921702833 1.1814243936789903
-0.2606316899288582 -0.42315917870159236 1.2082330420288132
-0.25836086863834207 -0.42531027967960117 1.233855307619148
-0.25475856127630275 -0.42621435698527965 1.2582002476871692
-0.24954759039427216 -0.4255897657107542 1.2812032325691027
-0.24233068566134283 -0.4230109204063833 1.302634378907333
-0.2327182671498197 -0.41807130015768507 1.3223918995242285
-0.21995810002990535 -0.4099463210697012 1.3401936217285433
-0.20284681157581969 -0.3973656095500658 1.3557444213385903
-0.17923847526096218 -0.37813100520622706 1.3686620988552791
-0.1444900573398063 -0.34758668289132194 1.3785447122090502
-0.08520689062786951 -0.2923694935264345 1.3852492858005954
0.05355967090923954 -0.15758525753380892 1.389503314802014
0.8054552035233158 0.5903606618918723 1.3944414226534272
0.8054731099838032 -0.5904033097820186 1.3944371289765185
0.053537762939370216 0.15759701508046264 1.3894871620649707
-0.08524810166996785 0.29240843949233164 1.385219823480392
-0.14452953717883316 0.34762932544496017 1.3785102482108147
-0.17924019914945238 0.378132252848046 1.3686299305585776
-0.20283157189209444 0.3973457283319968 1.3557211885722094
-0.21993599565513325 0.4099226671070062 1.340180157254779
-0.23269352667728885 0.41804750930080276 1.3223902647750014
-0.24230753549445247 0.42299537384607117 1.3026473579048152
-0.24953443290117536 0.42557740779877845 1.2812021721392284
-0.25474908432148735 0.4262301613538773 1.2582394276968978
-0.2583386255275796 0.42530339126169253 1.2338867136084124
-0.2606076229219847 0.4231449473246828 1.208263054957953
-0.2617819329536184 0.41998352568497554 1.1814556617150989
-0.2620939275071549 0.4160480657533507 1.1535279364338547
-0.2615714876056905 0.41139842485671557 1.1246107763625677
-0.2603223500201588 0.4060666910451587 1.09472563490047
-0.25848595424393916 0.40022529696043213 1.0639605016554639
-0.2561610845354514 0.39395677646168425 1.0323613625908985
-0.2534360860413643 0.3873343295448527 0.9999670454725299
-0.250370372765378 0.3804031889551567 0.9668154103846799
-0.24727650895103523 0.3737416484756265 0.9330472394473938
-0.24380079090365603 0.3665723310258452 0.8985636184526067
-0.24019255331941364 0.3593172275191785 0.8634399178543091
-0.23648187069018464 0.3520054524685183 0.8277379684276375
-0.2326870952001658 0.344646332182032 0.7915019753396385
-0.2288115206371676 0.3372325307320502 0.754784087774297
-0.22482645828559888 0.3297238532107837 0.717649336327826
-0.2206980704006675 0.3220747545061485 0.6801727274281189
-0.2164803566719688 0.31442192047718737 0.6424734506362868
-0.21202898945110218 0.30649342438551164 0.6045995874819264
-0.20735659045990268 0.2983566314894872 0.5666773034104362
-0.20236450625688304 0.28989189552686656 0.5288263788196769
-0.19700135368937963 0.2810435373445532 0.49117607675660346
-0.1911825833838814 0.27172209329528313 0.4538690893657095
-0.18483267146431365 0.26184671383675123 0.41705640718283493
-0.17788708967155453 0.25134737085582765 0.38089426860714076
-0.17029321022042787 0.24016600770322488 0.34554151254852583
-0.16201647371907188 0.22826294310645345 0.31115576957529206
-0.15307139919041296 0.2156480952277102 0.27788536435847155
-0.14345985551602874 0.202324620811166 0.24587222997465247
-0.13322318287988905 0.18832257771756647 0.21525262823972396
-0.12241437886066614 0.1736958613786483 0.1861441907049324
-0.11109077566896777 0.15850660223003962 0.15866592546221117
-0.09931058227649184 0.1428033493586164 0.132879125931436
-0.08711365200734925 0.12662929231230372 0.10886999256784888
-0.07449404927100675 0.10998079020685897 0.08668161912503614
-0.06132261286639822 0.09273434948957908 0.06631033940526669
-0.047087457396417454 0.07439377407752708 0.04764188450754333
-0.02959791201609758 0.05275122368263365 0.030122361715801495

VECTORS Vvpm_AB float
-0.01845615759196101 0.15215989641163843 0.10994183081539659
-0.015246439434278005 0.15153517811127862 0.10165092604008416
-0.011597860875445239 0.15074740176424117 0.09216429366149058
-0.0075550351024295526 0.14977668815592052 0.08157132054056729
-0.0031668836761404445 0.14860489094336785 0.06997109723241923
0.0015144474502560568 0.14721697804721803 0.05747056357055177
0.006434858906087013 0.14560232143374346 0.04418224615582399
0.011454358853190155 0.14292123789796032 0.030161591923899795
0.016603074241695867 0.14059996584801876 0.015996143460910578
0.021882011985957232 0.13812065148524239 0.0013305516248781207
0.027010504269266784 0.13517373761440232 -0.013166986626977226
0.03207783000908178 0.1319612643405474 -0.027693639505552953
0.03703210387783365 0.128492899356057 -0.042103362796816354
0.04182613921125586 0.12478220587111807 -0.05625703330688243
0.04641838424841741 0.12084640984842455 -0.07002623113497672
0.050773773684150904 0.11670621601369005 -0.08329730107528127
0.05486452219060312 0.11238573250765449 -0.09597574393824217
0.05867089711209581 0.1079125588902172 -0.10799101500242415
0.06218201400367945 0.10331808566195759 -0.1193018324011137
0.06539670126012397 0.09863804699867396 -0.12990212288993985
0.06822337193588443 0.09379771614109347 -0.13926755873837407
0.07086693577470458 0.08898569362843979 -0.148847816658264
0.073009673573472 0.0840565635780811 -0.15589551020044912
0.07487990133234586 0.07912455964822981 -0.16237975238357782
0.07646587204036122 0.0741982055722209 -0.1680820711777982
0.07775895219478637 0.06928085772393701 -0.1728177582932368
0.07875323388389611 0.06437049201554255 -0.176455519547556
0.07944507356948959 0.059459861181761095 -0.17894104591797627
0.07984922946678621 0.05472334406097971 -0.18117518406667324
0.08042528636955484 0.05001353217760739 -0.1853427705417313
0.08013698111473921 0.045178977286660704 -0.18366539383984126
0.079618315132405 0.04037060052492874 -0.1815521934250088
0.0788365175802003 0.03559780071777511 -0.17879064631587355
0.07775570440403082 0.030873585881924365 -0.17518684997501913
0.07633711733016987 0.02621683753664529 -0.1705688259351431
0.07458768402693178 0.021628411252626104 -0.1655537908052795
0.07240624141065659 0.01720818915712903 -0.1588761264473168
0.06981121913825351 0.012978946275796979 -0.15128661815207506
0.06678230882732136 0.009028266502232693 -0.14279563876619383
0.06332371870215826 0.005471203555328036 -0.13348984811417347
0.059676170372962065 0.002594675831995511 -0.12349504283036469
0.05559175338270608 0.00020671032542781025 -0.11320764058343502
0.05155558208744012 -0.0012192790620879773 -0.10289311316386163
0.047682644283314354 -0.001831161391184815 -0.09347026158094031
0.04430111124913706 -0.0017005113507491884 -0.08573479273185147
0.04167205951119093 -0.0010804632368799612 -0.08023969723366742
0.03986193190123931 -0.00033786699278547366 -0.0770159786750937
0.03871456137131941 0.00020761537812806442 -0.07556136169586622
0.037962384658070406 0.0004022707758485479 -0.07513984515272507
0.037362121961741275 0.00024768503908966053 -0.07510876535905728
0.037419149519989106 -0.000291389437786457 -0.07538972013567355
0.03798808810641921 -0.00041552147880986407 -0.07525739488784627
0.03872275247931704 -0.00020934101038083423 -0.07558826138716598
0.03985856517909955 0.0003320451913083871 -0.0769782948230454
0.04166566165848185 0.001085008686775195 -0.08024498527405262
0.04430160104291693 0.0016843517508862635 -0.08579198075185812
0.04767494197237459 0.001818040921375835 -0.09348918993861818
0.05154483108023473 0.0011940737423218883 -0.10288018665228273
0.05557192518389344 -0.00025097508046709877 -0.11310667524164031
0.059657415800129655 -0.0025434933461530697 -0.12348308427621235
0.06334223529604187 -0.00548578551359603 -0.13314508595855115
0.06677400186383811 -0.008983878794742791 -0.1425801678583362
0.06979107899084136 -0.012901312505220133 -0.1511444327537464
0.07237737301134381 -0.017110744088266693 -0.1587360447495163
0.07454393114030228 -0.02151395452837569 -0.1653388982503267
0.07629165634289681 -0.02608367882204988 -0.17038849025702263
0.07770718867002248 -0.030729540563690528 -0.17496824482101359
0.07878443424402501 -0.03544707222209925 -0.17850691200331992
0.07956580686202902 -0.04022084135304575 -0.18119466290916492
0.08008835552858247 -0.04504108459746291 -0.1832233004185717
0.08038421387254023 -0.049901436089721155 -0.18478915999484397
0.07980918676869417 -0.054592683629800506 -0.18098424996780338
0.07952466479454504 -0.05943631501401491 -0.17932324292703974
0.07878710959284235 -0.0642876696921305 -0.1766268229836006
0.0777665139560059 -0.06916715275916072 -0.17282476201479455
0.07645794191598122 -0.07406675687168934 -0.1679917610973914
0.0748627826205237 -0.07898178671659578 -0.16224767699969517
0.07298764677126177 -0.08390795738384076 -0.15574955940179053
0.07084361628483478 -0.08883945427675585 -0.1486831180096063
0.06818009700290455 -0.09363277848837501 -0.13899071847983943
0.06533184360249529 -0.09845631180519798 -0.12954836438370337
0.0621227947680608 -0.10313991627878727 -0.11895773104871757
0.05861179014700952 -0.10773405647427187 -0.1076403211529574
0.054804094378467866 -0.11220628847838096 -0.09561884572187543
0.05071243082122891 -0.11652645833209584 -0.08293953669895533
0.04635714136195712 -0.12066714495506743 -0.06967169794175859
0.04176606504856596 -0.1246040158342935 -0.05590607005932226
0.03697417264347398 -0.12831613181744597 -0.04175231152056466
0.032022984410532786 -0.13178621948917413 -0.027335854278369612
0.026959793473145425 -0.1350009128188641 -0.012794355756865812
0.02170908205923556 -0.13780039408938 0.0019550529219178603
0.016515893140424363 -0.1404071666600173 0.016422291050382704
0.011366970022792938 -0.1427291222581326 0.03058211022945859
0.006324636883509219 -0.14536691507815994 0.04460153044956726
0.0014087638583875559 -0.14698860384179221 0.057873274395915254
-0.0032695855745413084 -0.1483819918145218 0.0703642133722176
-0.007655945702691561 -0.1495579958675039 0.08196001209554088
-0.011697859885104522 -0.15053189533948125 0.09255222442254135
-0.01534614589265318 -0.15132204576304215 0.10204051742272488
-0.018555974680147372 -0.15194850087014705 0.11033449170437026
-0.01845615759196101 0.15215989641163843 0.10994183081539659
-0.015246439434278005 0.15153517811127862 0.10165092604008416
-0.011597860875445239 0.15074740176424117 0.09216429366149058
-0.0075550351024295526 0.14977668815592052 0.08157132054056729
-0.0031668836761404445 0.14860489094336785 0.06997109723241923
0.0015144474502560568 0.14721697804721803 0.05747056357055177
0.006434858906087013 0.14560232143374346 0.04418224615582399
0.011454358853190155 0.14292123789796032 0.030161591923899795
0.016603074241695867 0.14059996584801876 0.015996143460910578
0.021882011985957232 0.13812065148524239 0.0013305516248781207
0.027010504269266784 0.13517373761440232 -0.013166986626977226
0.03207783000908178 0.1319612643405474 -0.027693639505552953
0.03703210387783365 0.128492899356057 -0.042103362796816354
0.04182613921125586 0.12478220587111807 -0.05625703330688243
0.04641838424841741 0.12084640984842455 -0.07002623113497672
0.050773773684150904 0.11670621601369005 -0.08329730107528127
0.05486452219060312 0.11238573250765449 -0.09597574393824217
0.05867089711209581 0.1079125588902172 -0.10799101500242415
0.06218201400367945 0.10331808566195759 -0.1193018324011137
0.06539670126012397 0.09863804699867396 -0.12990212288993985
0.06822337193588443 0.09379771614109347 -0.13926755873837407
0.07086693577470458 0.08898569362843979 -0.148847816658264
0.073009673573472 0.0840565635780811 -0.15589551020044912
0.07487990133234586 0.07912455964822981 -0.16237975238357782
0.07646587204036122 0.0741982055722209 -0.1680820711777982
0.07775895219478637 0.06928085772393701 -0.1728177582932368
0.07875323388389611 0.06437049201554255 -0.176455519547556
0.07944507356948959 0.059459861181761095 -0.17894104591797627
0.07984922946678621 0.05472334406097971 -0.18117518406667324
0.08042528636955484 0.05001353217760739 -0.1853427705417313
0.08013698111473921 0.045178977286660704 -0.18366539383984126
0.079618315132405 0.04037060052492874 -0.1815521934250088
0.0788365175802003 0.03559780071777511 -0.17879064631587355
0.07775570440403082 0.030873585881924365 -0.17518684997501913
0.07633711733016987 0.02621683753664529 -0.1705688259351431
0.07458768402693178 0.021628411252626104 -0.1655537908052795
0.07240624141065659 0.01720818915712903 -0.1588761264473168
0.06981121913825351 0.012978946275796979 -0.15128661815207506
0.06678230882732136 0.009028266502232693 -0.14279563876619383
0.06332371870215826 0.005471203555328036 -0.13348984811417347
0.059676170372962065 0.002594675831995511 -0.12349504283036469
0.05559175338270608 0.00020671032542781025 -0.11320764058343502
0.05155558208744012 -0.0012192790620879773 -0.10289311316386163
0.047682644283314354 -0.001831161391184815 -0.09347026158094031
0.04430111124913706 -0.0017005113507491884 -0.08573479273185147
0.04167205951119093 -0.0010804632368799612 -0.08023969723366742
0.03986193190123931 -0.00033786699278547366 -0.0770159786750937
0.03871456137131941 0.00020761537812806442 -0.07556136169586622
0.037962384658070406 0.0004022707758485479 -0.07513984515272507
0.037362121961741275 0.00024768503908966053 -0.07510876535905728
0.037419149519989106 -0.000291389437786457 -0.07538972013567355
0.03798808810641921 -0.00041552147880986407 -0.07525739488784627
0.03872275247931704 -0.00020934101038083423 -0.07558826138716598
0.03985856517909955 0.0003320451913083871 -0.0769782948230454
0.04166566165848185 0.001085008686775195 -0.08024498527405262
0.04430160104291693 0.0016843517508862635 -0.08579198075185812
0.04767494197237459 0.001818040921375835 -0.09348918993861818
0.05154483108023473 0.0011940737423218883 -0.10288018665228273
0.05557192518389344 -0.00025097508046709877 -0.11310667524164031
0.059657415800129655 -0.0025434933461530697 -0.12348308427621235
0.06334223529604187 -0.00548578551359603 -0.13314508595855115
0.06677400186383811 -0.008983878794742791 -0.1425801678583362
0.06979107899084136 -0.012901312505220133 -0.1511444327537464
0.07237737301134381 -0.017110744088266693 -0.1587360447495163
0.07454393114030228 -0.02151395452837569 -0.1653388982503267
0.07629165634289681 -0.02608367882204988 -0.17038849025702263
0.07770718867002248 -0.030729540563690528 -0.17496824482101359
0.07878443424402501 -0.03544707222209925 -0.17850691200331992
0.07956580686202902 -0.04022084135304575 -0.18119466290916492
0.08008835552858247 -0.04504108459746291 -0.1832233004185717
0.08038421387254023 -0.049901436089721155 -0.18478915999484397
0.07980918676869417 -0.054592683629800506 -0.18098424996780338
0.07952466479454504 -0.05943631501401491 -0.17932324292703974
0.07878710959284235 -0.0642876696921305 -0.1766268229836006
0.0777665139560059 -0.06916715275916072 -0.17282476201479455
0.07645794191598122 -0.07406675687168934 -0.1679917610973914
0.0748627826205237 -0.07898178671659578 -0.16224767699969517
0.07298764677126177 -0.08390795738384076 -0.15574955940179053
0.07084361628483478 -0.08883945427675585 -0.1486831180096063
0.06818009700290455 -0.09363277848837501 -0.13899071847983943
0.06533184360249529 -0.09845631180519798 -0.12954836438370337
0.0621227947680608 -0.10313991627878727 -0.11895773104871757
0.05861179014700952 -0.10773405647427187 -0.1076403211529574
0.054804094378467866 -0.11220628847838096 -0.09561884572187543
0.05071243082122891 -0.11652645833209584 -0.08293953669895533
0.04635714136195712 -0.12066714495506743 -0.06967169794175859
0.04176606504856596 -0.1246040158342935 -0.05590607005932226
0.03697417264347398 -0.12831613181744597 -0.04175231152056466
0.032022984410532786 -0.13178621948917413 -0.027335854278369612
0.026959793473145425 -0.1350009128188641 -0.012794355756865812
0.02170908205923556 -0.13780039408938 0.0019550529219178603
0.016515893140424363 -0.1404071666600173 0.016422291050382704
0.011366970022792938 -0.1427291222581326 0.03058211022945859
0.006324636883509219 -0.14536691507815994 0.04460153044956726
0.0014087638583875559 -0.14698860384179221 0.057873274395915254
-0.0032695855745413084 -0.1483819918145218 0.0703642133722176
-0.007655945702691561 -0.1495579958675039 0.08196001209554088
-0.011697859885104522 -0.15053189533948125 0.09255222442254135
-0.01534614589265318 -0.15132204576304215 0.10204051742272488
-0.018555974680147372 -0.15194850087014705 0.11033449170437026