# vtk DataFile Version 4.0
[MyVLM domain - lattices] 
ASCII
DATASET UNSTRUCTURED_GRID
POINTS 302 float
1.2444999999999997 -1.2445 0.0
1.2399745454545452 -1.2399745454545454 0.0
1.2346178849721705 -1.2346178849721707 0.0
1.2284300185528754 -1.2284300185528756 0.0
1.2214109461966602 -1.2214109461966605 0.0
1.2135606679035247 -1.213560667903525 0.0
1.2048791836734691 -1.2048791836734694 0.0
1.1953664935064932 -1.1953664935064934 0.0
1.1850225974025972 -1.1850225974025974 0.0
1.1738474953617808 -1.173847495361781 0.0
1.1618411873840442 -1.1618411873840444 0.0
1.1490036734693874 -1.1490036734693876 0.0
1.1353349536178106 -1.1353349536178108 0.0
1.1208350278293133 -1.1208350278293135 0.0
1.1055038961038959 -1.105503896103896 0.0
1.0893415584415582 -1.0893415584415584 0.0
1.0723480148423004 -1.0723480148423006 0.0
1.054523265306122 -1.0545232653061223 0.0
1.0358673098330238 -1.035867309833024 0.0
1.0163801484230053 -1.0163801484230055 0.0
0.9960617810760664 -0.9960617810760668 0.0
0.9749122077922076 -0.9749122077922077 0.0
0.9529314285714284 -0.9529314285714284 0.0
0.9301194434137288 -0.930119443413729 0.0
0.9064762523191091 -0.9064762523191096 0.0
0.8820018552875695 -0.8820018552875695 0.0
0.8566962523191093 -0.8566962523191094 0.0
0.8305594434137288 -0.8305594434137291 0.0
0.8035914285714284 -0.8035914285714285 0.0
0.7757922077922076 -0.7757922077922077 0.0
0.7471617810760666 -0.7471617810760667 0.0
0.7177001484230053 -0.7177001484230054 0.0
0.6874073098330239 -0.687407309833024 0.0
0.6562832653061222 -0.6562832653061225 0.0
0.6243280148423004 -0.6243280148423005 0.0
0.5915415584415582 -0.5915415584415583 0.0
0.5579238961038958 -0.5579238961038959 0.0
0.5234750278293133 -0.5234750278293134 0.0
0.48819495361781057 -0.48819495361781057 0.0
0.4520836734693877 -0.4520836734693877 0.0
0.4151411873840445 -0.4151411873840446 0.0
0.37736749536178105 -0.37736749536178116 0.0
0.3387625974025974 -0.3387625974025974 0.0
0.2993264935064933 -0.29932649350649343 0.0
0.25905918367346925 -0.25905918367346925 0.0
0.21796066790352486 -0.21796066790352486 0.0
0.17603094619666027 -0.1760309461966605 0.0
0.13327001855287546 -0.13327001855287568 0.0
0.08967788497217066 -0.08967788497217066 0.0
0.045254545454545436 -0.045254545454545436 0.0
0.0 0.0 0.0
0.04525454545454545 0.04525454545454546 0.0
0.08967788497217066 0.08967788497217068 0.0
0.13327001855287568 0.1332700185528757 0.0
0.17603094619666046 0.1760309461966605 0.0
0.21796066790352497 0.21796066790352508 0.0
0.2590591836734693 0.25905918367346936 0.0
0.29932649350649343 0.2993264935064935 0.0
0.3387625974025973 0.33876259740259734 0.0
0.37736749536178094 0.377367495361781 0.0
0.41514118738404443 0.4151411873840445 0.0
0.45208367346938766 0.4520836734693878 0.0
0.48819495361781057 0.4881949536178107 0.0
0.5234750278293133 0.5234750278293134 0.0
0.5579238961038959 0.557923896103896 0.0
0.5915415584415582 0.5915415584415583 0.0
0.6243280148423003 0.6243280148423004 0.0
0.6562832653061222 0.6562832653061225 0.0
0.687407309833024 0.6874073098330241 0.0
0.7177001484230054 0.7177001484230056 0.0
0.7471617810760667 0.7471617810760669 0.0
0.7757922077922076 0.7757922077922077 0.0
0.8035914285714284 0.8035914285714285 0.0
0.8305594434137288 0.830559443413729 0.0
0.8566962523191093 0.8566962523191094 0.0
0.8820018552875692 0.8820018552875695 0.0
0.9064762523191091 0.9064762523191093 0.0
0.9301194434137288 0.9301194434137292 0.0
0.9529314285714284 0.9529314285714284 0.0
0.9749122077922076 0.9749122077922077 0.0
0.9960617810760666 0.9960617810760668 0.0
1.0163801484230053 1.0163801484230055 0.0
1.0358673098330238 1.035867309833024 0.0
1.054523265306122 1.0545232653061223 0.0
1.0723480148423001 1.0723480148423004 0.0
1.0893415584415582 1.0893415584415584 0.0
1.1055038961038959 1.105503896103896 0.0
1.120835027829313 1.1208350278293133 0.0
1.1353349536178106 1.1353349536178106 0.0
1.1490036734693874 1.1490036734693876 0.0
1.1618411873840444 1.1618411873840446 0.0
1.1738474953617808 1.173847495361781 0.0
1.1850225974025972 1.1850225974025972 0.0
1.1953664935064932 1.1953664935064934 0.0
1.2048791836734691 1.2048791836734694 0.0
1.2135606679035245 1.2135606679035247 0.0
1.22141094619666 1.2214109461966602 0.0
1.2284300185528754 1.2284300185528756 0.0
1.2346178849721703 1.2346178849721705 0.0
1.2399745454545452 1.2399745454545454 0.0
1.2444999999999997 1.2445 0.0
1.7422999999999997 -1.2445 0.0
1.7377745454545452 -1.2399745454545454 0.0
1.7324178849721703 -1.2346178849721707 0.0
1.7262300185528754 -1.2284300185528756 0.0
1.7192109461966603 -1.2214109461966605 0.0
1.7113606679035245 -1.213560667903525 0.0
1.7026791836734692 -1.2048791836734694 0.0
1.6931664935064934 -1.1953664935064934 0.0
1.6828225974025972 -1.1850225974025974 0.0
1.6716474953617806 -1.173847495361781 0.0
1.6596411873840444 -1.1618411873840444 0.0
1.6468036734693878 -1.1490036734693876 0.0
1.6331349536178106 -1.1353349536178108 0.0
1.6186350278293133 -1.1208350278293135 0.0
1.603303896103896 -1.105503896103896 0.0
1.5871415584415582 -1.0893415584415584 0.0
1.5701480148423004 -1.0723480148423006 0.0
1.552323265306122 -1.0545232653061223 0.0
1.5336673098330238 -1.035867309833024 0.0
1.5141801484230053 -1.0163801484230055 0.0
1.4938617810760666 -0.9960617810760668 0.0
1.4727122077922075 -0.9749122077922077 0.0
1.4507314285714283 -0.9529314285714284 0.0
1.4279194434137288 -0.930119443413729 0.0
1.4042762523191092 -0.9064762523191096 0.0
1.3798018552875693 -0.8820018552875695 0.0
1.3544962523191093 -0.8566962523191094 0.0
1.328359443413729 -0.8305594434137291 0.0
1.3013914285714283 -0.8035914285714285 0.0
1.2735922077922077 -0.7757922077922077 0.0
1.2449617810760665 -0.7471617810760667 0.0
1.2155001484230055 -0.7177001484230054 0.0
1.1852073098330238 -0.687407309833024 0.0
1.1540832653061224 -0.6562832653061225 0.0
1.1221280148423003 -0.6243280148423005 0.0
1.0893415584415582 -0.5915415584415583 0.0
1.055723896103896 -0.5579238961038959 0.0
1.0212750278293132 -0.5234750278293134 0.0
0.9859949536178108 -0.48819495361781057 0.0
0.9498836734693876 -0.4520836734693877 0.0
0.9129411873840445 -0.4151411873840446 0.0
0.875167495361781 -0.37736749536178116 0.0
0.8365625974025973 -0.3387625974025974 0.0
0.7971264935064933 -0.29932649350649343 0.0
0.7568591836734693 -0.25905918367346925 0.0
0.7157606679035249 -0.21796066790352486 0.0
0.6738309461966603 -0.1760309461966605 0.0
0.6310700185528755 -0.13327001855287568 0.0
0.5874778849721707 -0.08967788497217066 0.0
0.5430545454545455 -0.045254545454545436 0.0
0.4978 0.0 0.0
0.5430545454545455 0.04525454545454546 0.0
0.5874778849721707 0.08967788497217068 0.0
0.6310700185528757 0.1332700185528757 0.0
0.6738309461966605 0.1760309461966605 0.0
0.715760667903525 0.21796066790352508 0.0
0.7568591836734693 0.25905918367346936 0.0
0.7971264935064934 0.2993264935064935 0.0
0.8365625974025973 0.33876259740259734 0.0
0.875167495361781 0.377367495361781 0.0
0.9129411873840445 0.4151411873840445 0.0
0.9498836734693876 0.4520836734693878 0.0
0.9859949536178105 0.4881949536178107 0.0
1.0212750278293132 0.5234750278293134 0.0
1.055723896103896 0.557923896103896 0.0
1.0893415584415582 0.5915415584415583 0.0
1.1221280148423003 0.6243280148423004 0.0
1.1540832653061224 0.6562832653061225 0.0
1.185207309833024 0.6874073098330241 0.0
1.2155001484230055 0.7177001484230056 0.0
1.2449617810760667 0.7471617810760669 0.0
1.2735922077922077 0.7757922077922077 0.0
1.3013914285714283 0.8035914285714285 0.0
1.3283594434137287 0.830559443413729 0.0
1.3544962523191093 0.8566962523191094 0.0
1.3798018552875693 0.8820018552875695 0.0
1.4042762523191092 0.9064762523191093 0.0
1.427919443413729 0.9301194434137292 0.0
1.4507314285714283 0.9529314285714284 0.0
1.4727122077922075 0.9749122077922077 0.0
1.4938617810760666 0.9960617810760668 0.0
1.5141801484230053 1.0163801484230055 0.0
1.5336673098330238 1.035867309833024 0.0
1.552323265306122 1.0545232653061223 0.0
1.5701480148423002 1.0723480148423004 0.0
1.5871415584415582 1.0893415584415584 0.0
1.603303896103896 1.105503896103896 0.0
1.6186350278293131 1.1208350278293133 0.0
1.6331349536178106 1.1353349536178106 0.0
1.6468036734693874 1.1490036734693876 0.0
1.6596411873840444 1.1618411873840446 0.0
1.6716474953617806 1.173847495361781 0.0
1.6828225974025972 1.1850225974025972 0.0
1.6931664935064934 1.1953664935064934 0.0
1.7026791836734692 1.2048791836734694 0.0
1.7113606679035245 1.2135606679035247 0.0
1.71921094619666 1.2214109461966602 0.0
1.7262300185528754 1.2284300185528756 0.0
1.7324178849721703 1.2346178849721705 0.0
1.7377745454545452 1.2399745454545454 0.0
1.7422999999999997 1.2445 0.0
1.6155872727272724 -1.2422372727272726 0.0
1.6106462152133578 -1.237296215213358 0.0
1.604873951762523 -1.2315239517625232 0.0
1.598270482374768 -1.224920482374768 0.0
1.5908358070500925 -1.2174858070500927 0.0
1.582569925788497 -1.2092199257884972 0.0
1.5734728385899812 -1.2001228385899814 0.0
1.5635445454545454 -1.1901945454545453 0.0
1.552785046382189 -1.1794350463821892 0.0
1.5411943413729126 -1.1678443413729127 0.0
1.5287724304267158 -1.155422430426716 0.0
1.5155193135435991 -1.142169313543599 0.0
1.501434990723562 -1.1280849907235622 0.0
1.4865194619666047 -1.1131694619666048 0.0
1.4707727272727271 -1.0974227272727273 0.0
1.4541947866419294 -1.0808447866419293 0.0
1.4367856400742112 -1.0634356400742113 0.0
1.418545287569573 -1.0451952875695731 0.0
1.3994737291280146 -1.0261237291280147 0.0
1.379570964749536 -1.0062209647495362 0.0
1.358836994434137 -0.9854869944341371 0.0
1.337271818181818 -0.9639218181818181 0.0
1.3148754359925787 -0.9415254359925787 0.0
1.291647847866419 -0.9182978478664192 0.0
1.2675890538033394 -0.8942390538033393 0.0
1.2426990538033393 -0.8693490538033395 0.0
1.2169778478664193 -0.8436278478664192 0.0
1.1904254359925788 -0.8170754359925788 0.0
1.163041818181818 -0.7896918181818181 0.0
1.1348269944341371 -0.7614769944341371 0.0
1.105780964749536 -0.7324309647495362 0.0
1.0759037291280147 -0.7025537291280148 0.0
1.0451952875695731 -0.6718452875695733 0.0
1.0136556400742114 -0.6403056400742114 0.0
0.9812847866419293 -0.6079347866419293 0.0
0.9480827272727271 -0.5747327272727272 0.0
0.9140494619666047 -0.5406994619666048 0.0
0.8791849907235622 -0.5058349907235622 0.0
0.8434893135435992 -0.47013931354359917 0.0
0.8069624304267162 -0.43361243042671627 0.0
0.7696043413729128 -0.3962543413729128 0.0
0.7314150463821893 -0.3580650463821894 0.0
0.6923945454545455 -0.3190445454545454 0.0
0.6525428385899814 -0.27919283858998134 0.0
0.6118599257884971 -0.23850992578849706 0.0
0.5703458070500929 -0.19699580705009279 0.0
0.5280004823747682 -0.15465048237476808 0.0
0.4848239517625232 -0.11147395176252317 0.0
0.4408162152133581 -0.06746621521335805 0.0
0.39597727272727273 -0.022627272727272718 0.0
0.39597727272727273 0.02262727272727273 0.0
0.4408162152133581 0.06746621521335806 0.0
0.4848239517625232 0.11147395176252319 0.0
0.528000482374768 0.15465048237476808 0.0
0.5703458070500929 0.19699580705009276 0.0
0.6118599257884971 0.23850992578849717 0.0
0.6525428385899814 0.2791928385899814 0.0
0.6923945454545455 0.3190445454545454 0.0
0.7314150463821891 0.3580650463821891 0.0
0.7696043413729128 0.39625434137291277 0.0
0.8069624304267162 0.43361243042671616 0.0
0.8434893135435992 0.4701393135435992 0.0
0.8791849907235619 0.5058349907235621 0.0
0.9140494619666046 0.5406994619666047 0.0
0.9480827272727271 0.5747327272727272 0.0
0.9812847866419294 0.6079347866419295 0.0
1.0136556400742114 0.6403056400742114 0.0
1.0451952875695731 0.6718452875695732 0.0
1.0759037291280147 0.7025537291280147 0.0
1.105780964749536 0.7324309647495362 0.0
1.1348269944341371 0.7614769944341373 0.0
1.163041818181818 0.789691818181818 0.0
1.1904254359925786 0.8170754359925786 0.0
1.216977847866419 0.843627847866419 0.0
1.2426990538033393 0.8693490538033394 0.0
1.2675890538033392 0.8942390538033393 0.0
1.291647847866419 0.9182978478664192 0.0
1.3148754359925787 0.9415254359925787 0.0
1.3372718181818182 0.9639218181818181 0.0
1.3588369944341372 0.9854869944341373 0.0
1.379570964749536 1.0062209647495362 0.0
1.3994737291280148 1.0261237291280147 0.0
1.418545287569573 1.0451952875695731 0.0
1.4367856400742112 1.0634356400742113 0.0
1.4541947866419291 1.0808447866419293 0.0
1.470772727272727 1.097422727272727 0.0
1.4865194619666047 1.1131694619666048 0.0
1.501434990723562 1.128084990723562 0.0
1.5155193135435991 1.1421693135435993 0.0
1.528772430426716 1.1554224304267162 0.0
1.5411943413729128 1.1678443413729127 0.0
1.5527850463821888 1.179435046382189 0.0
1.5635445454545451 1.1901945454545453 0.0
1.573472838589981 1.2001228385899811 0.0
1.5825699257884969 1.209219925788497 0.0
1.5908358070500925 1.2174858070500927 0.0
1.5982704823747678 1.224920482374768 0.0
1.604873951762523 1.2315239517625232 0.0
1.6106462152133578 1.237296215213358 0.0
1.6155872727272724 1.2422372727272726 0.0

CELLS 200 700
4 0 101 102 1
4 1 102 103 2
4 2 103 104 3
4 3 104 105 4
4 4 105 106 5
4 5 106 107 6
4 6 107 108 7
4 7 108 109 8
4 8 109 110 9
4 9 110 111 10
4 10 111 112 11
4 11 112 113 12
4 12 113 114 13
4 13 114 115 14
4 14 115 116 15
4 15 116 117 16
4 16 117 118 17
4 17 118 119 18
4 18 119 120 19
4 19 120 121 20
4 20 121 122 21
4 21 122 123 22
4 22 123 124 23
4 23 124 125 24
4 24 125 126 25
4 25 126 127 26
4 26 127 128 27
4 27 128 129 28
4 28 129 130 29
4 29 130 131 30
4 30 131 132 31
4 31 132 133 32
4 32 133 134 33
4 33 134 135 34
4 34 135 136 35
4 35 136 137 36
4 36 137 138 37
4 37 138 139 38
4 38 139 140 39
4 39 140 141 40
4 40 141 142 41
4 41 142 143 42
4 42 143 144 43
4 43 144 145 44
4 44 145 146 45
4 45 146 147 46
4 46 147 148 47
4 47 148 149 48
4 48 149 150 49
4 49 150 151 50
4 50 151 152 51
4 51 152 153 52
4 52 153 154 53
4 53 154 155 54
4 54 155 156 55
4 55 156 157 56
4 56 157 158 57
4 57 158 159 58
4 58 159 160 59
4 59 160 161 60
4 60 161 162 61
4 61 162 163 62
4 62 163 164 63
4 63 164 165 64
4 64 165 166 65
4 65 166 167 66
4 66 167 168 67
4 67 168 169 68
4 68 169 170 69
4 69 170 171 70
4 70 171 172 71
4 71 172 173 72
4 72 173 174 73
4 73 174 175 74
4 74 175 176 75
4 75 176 177 76
4 76 177 178 77
4 77 178 179 78
4 78 179 180 79
4 79 180 181 80
4 80 181 182 81
4 81 182 183 82
4 82 183 184 83
4 83 184 185 84
4 84 185 186 85
4 85 186 187 86
4 86 187 188 87
4 87 188 189 88
4 88 189 190 89
4 89 190 191 90
4 90 191 192 91
4 91 192 193 92
4 92 193 194 93
4 93 194 195 94
4 94 195 196 95
4 95 196 197 96
4 96 197 198 97
4 97 198 199 98
4 98 199 200 99
4 99 200 201 100
1 202
1 203
1 204
1 205
1 206
1 207
1 208
1 209
1 210
1 211
1 212
1 213
1 214
1 215
1 216
1 217
1 218
1 219
1 220
1 221
1 222
1 223
1 224
1 225
1 226
1 227
1 228
1 229
1 230
1 231
1 232
1 233
1 234
1 235
1 236
1 237
1 238
1 239
1 240
1 241
1 242
1 243
1 244
1 245
1 246
1 247
1 248
1 249
1 250
1 251
1 252
1 253
1 254
1 255
1 256
1 257
1 258
1 259
1 260
1 261
1 262
1 263
1 264
1 265
1 266
1 267
1 268
1 269
1 270
1 271
1 272
1 273
1 274
1 275
1 276
1 277
1 278
1 279
1 280
1 281
1 282
1 283
1 284
1 285
1 286
1 287
1 288
1 289
1 290
1 291
1 292
1 293
1 294
1 295
1 296
1 297
1 298
1 299
1 300
1 301

CELL_TYPES 200
9
9
9
9
9
9
9
9
9
9
9
9
9
9
9
9
9
9
9
9
9
9
9
9
9
9
9
9
9
9
9
9
9
9
9
9
9
9
9
9
9
9
9
9
9
9
9
9
9
9
9
9
9
9
9
9
9
9
9
9
9
9
9
9
9
9
9
9
9
9
9
9
9
9
9
9
9
9
9
9
9
9
9
9
9
9
9
9
9
9
9
9
9
9
9
9
9
9
9
9
1
1
1
1
1
1
1
1
1
1
1
1
1
1
1
1
1
1
1
1
1
1
1
1
1
1
1
1
1
1
1
1
1
1
1
1
1
1
1
1
1
1
1
1
1
1
1
1
1
1
1
1
1
1
1
1
1
1
1
1
1
1
1
1
1
1
1
1
1
1
1
1
1
1
1
1
1
1
1
1
1
1
1
1
1
1
1
1
1
1
1
1
1
1
1
1
1
1
1
1

CELL_DATA 200

VECTORS Vinf float
8.905736335914915 0.215986136865249 4.813823467459333
8.921154203014082 0.2223199724717827 4.777908469144044
8.938426740124271 0.22861071736599484 4.737334309073344
8.957176029687586 0.234452478695218 4.692829421656154
8.976977497257794 0.239469505453291 4.6452213135001585
8.997383369301613 0.24334868202359705 4.59539234572852
9.017971148662669 0.2458538057399211 4.544252147400251
9.038320348969053 0.24694371791397088 4.49243952603398
9.058063736560886 0.24648214170388624 4.440920090846609
9.076949792908225 0.24458758436009673 4.390190426969292
9.094775819938981 0.241379891913485 4.340734329869233
9.111405656674279 0.2370101072432832 4.292932627118067
9.126759437809453 0.23163949879393592 4.247082305977953
9.140803156492797 0.2254268689238778 4.203411397192152
9.153540207419026 0.21852362105299117 4.162085432039387
9.164931157969349 0.2114197166385522 4.123548289672006
9.174930813273084 0.20320197216492422 4.088404370162846
9.183767067163883 0.19469426993100417 4.055921625393184
9.191484004595385 0.18597520569912546 4.026176692814975
9.198138534082004 0.17712083129396905 3.9991783823311335
9.203801446599785 0.16820902126866516 3.9748588660686197
9.208633061886205 0.15937903818888222 3.9528878990839753
9.212497306627872 0.15049560171418966 3.9339653025637626
9.215640810223196 0.1417864274755098 3.9171484830036642
9.21807163355176 0.13323849265098292 3.9025591713971095
9.219642452749357 0.12486595297514988 3.890860547437428
9.220943367464162 0.11689659655160747 3.8798506163484086
9.221445064791807 0.1087920769801731 3.872240567073244
9.221542190909313 0.10097517359837113 3.8660365433942694
9.22124647923402 0.09340910622871275 3.861402029770248
9.220571482336855 0.08604019062853391 3.8584476452089023
9.219533340011509 0.07879718695204249 3.8572017251145585
9.218150040378818 0.07159195661156606 3.8575620456595696
9.216721085310537 0.06509853048188508 3.8595567411838463
9.214723430575056 0.05784810526541167 3.8638439655342607
9.212499488817794 0.050651557792767976 3.8692287119401803
9.209990140403443 0.043452393346429294 3.8757579470032373
9.207095517697258 0.036200792158172235 3.8835930025003385
9.20367279401562 0.028856001934888922 3.893065164385842
9.199270267468021 0.021280341935305404 3.905483497800072
9.19414256554776 0.013630262629639804 3.9194332385316097
9.187960409362587 0.005950912344895065 3.936404411783094
9.180234089222152 -0.0016868903771893977 3.9572534737288168
9.170610729037092 -0.008934970212717434 3.9827124877326847
9.158865359641949 -0.015121298491482277 4.012983993002901
9.145335130520715 -0.019105016944990515 4.047477367034166
9.131590195102762 -0.01929297984260559 4.07973754044113
9.121108511853217 -0.014831137746539585 4.101963784307838
9.11693553583028 -0.007577301040969029 4.107511831937241
9.1177827195127 -0.0017556686794477747 4.100612955346277
9.117757538012638 0.001277557624502559 4.100922712695999
9.116929525139282 0.007126342400255864 4.107619959993222
9.121152578141482 0.014386943978683226 4.101774240605954
9.13170784548106 0.01883083012374536 4.079212334622288
9.145544311105029 0.01859295438535631 4.046608055544143
9.158916223736401 0.014590388462989132 4.013046181408819
9.170638698324558 0.008437482145218236 3.9829045803892202
9.180264934457048 0.0011852804883691094 3.9574882304480017
9.188015667738206 -0.00648882268768862 3.936596072155867
9.194237527730527 -0.014228811360424993 3.9195090950430322
9.199268236423219 -0.021911466503288363 3.9058070541085903
9.203678516511772 -0.02946484703176871 3.8935822770380626
9.207190389780969 -0.036876795950333975 3.8837880243953307
9.210139040557486 -0.044181594887113415 3.8757690942239753
9.212675061080606 -0.051419515271447086 3.8691709310345073
9.21490556675425 -0.05864091135099124 3.8638100590089524
9.21689602906531 -0.06590346501561008 3.8596191439399363
9.218377879382247 -0.07225819971934826 3.8575159624007087
9.219776696428408 -0.0794806525355084 3.8571905094360037
9.220819984041011 -0.08673975082147693 3.8584851944592855
9.221492492653896 -0.09412487886531676 3.861488743485331
9.22177645352232 -0.10170567133047756 3.8661827231573573
9.22165484433714 -0.10953367487888524 3.872476328975592
9.221112340780637 -0.11764435183298183 3.880226624100613
9.219895149053363 -0.12567415036237783 3.8909023281401924
9.218249313729835 -0.13403812516972236 3.9028602113452213
9.215822138918496 -0.14260065834328398 3.9174597602043746
9.212686244416046 -0.1513272074278942 3.934247951738356
9.208824996737174 -0.16022216835335856 3.9531668417724397
9.20400775093981 -0.16907503324478995 3.9750653089188086
9.198355561376307 -0.1780031483614732 3.9993465222058586
9.191710737321094 -0.1868715080015924 4.026307606077147
9.184002701833814 -0.19560218201925128 4.056014581021385
9.175174732231541 -0.20411911139641614 4.088457294697101
9.16518289761365 -0.2123437606990105 4.123558165692432
9.153868804021187 -0.2194578424374596 4.1620391766407385
9.141128993392709 -0.22634624095368963 4.203369895975388
9.127089769490876 -0.23254883363127138 4.247038105166103
9.111746604031362 -0.23791355821236246 4.292876598273552
9.095132492785233 -0.24228106987080078 4.340656325809718
9.077326378083608 -0.24548963123526354 4.390079918583307
9.058463560593767 -0.24738777293214093 4.440766769935565
9.038745921892172 -0.24785524240889664 4.492233862936023
9.01843340084279 -0.24678220056816047 4.54397256173607
8.99786884054654 -0.24428276075154848 4.595086044099399
8.9774861744295 -0.2404092632547589 4.644878858135215
8.957706689842993 -0.23539786208036 4.692451877900444
8.938977500497836 -0.22956127104439866 4.736925611802031
8.921722760335667 -0.22327501557681279 4.777473969968035
8.906320151509634 -0.21694489350963433 4.813368870433227
8.905736335914915 0.215986136865249 4.813823467459333
8.921154203014082 0.2223199724717827 4.777908469144044
8.938426740124271 0.22861071736599484 4.737334309073344
8.957176029687586 0.234452478695218 4.692829421656154
8.976977497257794 0.239469505453291 4.6452213135001585
8.997383369301613 0.24334868202359705 4.59539234572852
9.017971148662669 0.2458538057399211 4.544252147400251
9.038320348969053 0.24694371791397088 4.49243952603398
9.058063736560886 0.24648214170388624 4.440920090846609
9.076949792908225 0.24458758436009673 4.390190426969292
9.094775819938981 0.241379891913485 4.340734329869233
9.111405656674279 0.2370101072432832 4.292932627118067
9.126759437809453 0.23163949879393592 4.247082305977953
9.140803156492797 0.2254268689238778 4.203411397192152
9.153540207419026 0.21852362105299117 4.162085432039387
9.164931157969349 0.2114197166385522 4.123548289672006
9.174930813273084 0.20320197216492422 4.088404370162846
9.183767067163883 0.19469426993100417 4.055921625393184
9.191484004595385 0.18597520569912546 4.026176692814975
9.198138534082004 0.17712083129396905 3.9991783823311335
9.203801446599785 0.16820902126866516 3.9748588660686197
9.208633061886205 0.15937903818888222 3.9528878990839753
9.212497306627872 0.15049560171418966 3.9339653025637626
9.215640810223196 0.1417864274755098 3.9171484830036642
9.21807163355176 0.13323849265098292 3.9025591713971095
9.219642452749357 0.12486595297514988 3.890860547437428
9.220943367464162 0.11689659655160747 3.8798506163484086
9.221445064791807 0.1087920769801731 3.872240567073244
9.221542190909313 0.10097517359837113 3.8660365433942694
9.22124647923402 0.09340910622871275 3.861402029770248
9.220571482336855 0.08604019062853391 3.8584476452089023
9.219533340011509 0.07879718695204249 3.8572017251145585
9.218150040378818 0.07159195661156606 3.8575620456595696
9.216721085310537 0.06509853048188508 3.8595567411838463
9.214723430575056 0.05784810526541167 3.8638439655342607
9.212499488817794 0.050651557792767976 3.8692287119401803
9.209990140403443 0.043452393346429294 3.8757579470032373
9.207095517697258 0.036200792158172235 3.8835930025003385
9.20367279401562 0.028856001934888922 3.893065164385842
9.199270267468021 0.021280341935305404 3.905483497800072
9.19414256554776 0.013630262629639804 3.9194332385316097
9.187960409362587 0.005950912344895065 3.936404411783094
9.180234089222152 -0.0016868903771893977 3.9572534737288168
9.170610729037092 -0.008934970212717434 3.9827124877326847
9.158865359641949 -0.015121298491482277 4.012983993002901
9.145335130520715 -0.019105016944990515 4.047477367034166
9.131590195102762 -0.01929297984260559 4.07973754044113
9.121108511853217 -0.014831137746539585 4.101963784307838
9.11693553583028 -0.007577301040969029 4.107511831937241
9.1177827195127 -0.0017556686794477747 4.100612955346277
9.117757538012638 0.001277557624502559 4.100922712695999
9.116929525139282 0.007126342400255864 4.107619959993222
9.121152578141482 0.014386943978683226 4.101774240605954
9.13170784548106 0.01883083012374536 4.079212334622288
9.145544311105029 0.01859295438535631 4.046608055544143
9.158916223736401 0.014590388462989132 4.013046181408819
9.170638698324558 0.008437482145218236 3.9829045803892202
9.180264934457048 0.0011852804883691094 3.9574882304480017
9.188015667738206 -0.00648882268768862 3.936596072155867
9.194237527730527 -0.014228811360424993 3.9195090950430322
9.199268236423219 -0.021911466503288363 3.9058070541085903
9.203678516511772 -0.02946484703176871 3.8935822770380626
9.207190389780969 -0.036876795950333975 3.8837880243953307
9.210139040557486 -0.044181594887113415 3.8757690942239753
9.212675061080606 -0.051419515271447086 3.8691709310345073
9.21490556675425 -0.05864091135099124 3.8638100590089524
9.21689602906531 -0.06590346501561008 3.8596191439399363
9.218377879382247 -0.07225819971934826 3.8575159624007087
9.219776696428408 -0.0794806525355084 3.8571905094360037
9.220819984041011 -0.08673975082147693 3.8584851944592855
9.221492492653896 -0.09412487886531676 3.861488743485331
9.22177645352232 -0.10170567133047756 3.8661827231573573
9.22165484433714 -0.10953367487888524 3.872476328975592
9.221112340780637 -0.11764435183298183 3.880226624100613
9.219895149053363 -0.12567415036237783 3.8909023281401924
9.218249313729835 -0.13403812516972236 3.9028602113452213
9.215822138918496 -0.14260065834328398 3.9174597602043746
9.212686244416046 -0.1513272074278942 3.934247951738356
9.208824996737174 -0.16022216835335856 3.9531668417724397
9.20400775093981 -0.16907503324478995 3.9750653089188086
9.198355561376307 -0.1780031483614732 3.9993465222058586
9.191710737321094 -0.1868715080015924 4.026307606077147
9.184002701833814 -0.19560218201925128 4.056014581021385
9.175174732231541 -0.20411911139641614 4.088457294697101
9.16518289761365 -0.2123437606990105 4.123558165692432
9.153868804021187 -0.2194578424374596 4.1620391766407385
9.141128993392709 -0.22634624095368963 4.203369895975388
9.127089769490876 -0.23254883363127138 4.247038105166103
9.111746604031362 -0.23791355821236246 4.292876598273552
9.095132492785233 -0.24228106987080078 4.340656325809718
9.077326378083608 -0.24548963123526354 4.390079918583307
9.058463560593767 -0.24738777293214093 4.440766769935565
9.038745921892172 -0.24785524240889664 4.492233862936023
9.01843340084279 -0.24678220056816047 4.54397256173607
8.99786884054654 -0.24428276075154848 4.595086044099399
8.9774861744295 -0.2404092632547589 4.644878858135215
8.957706689842993 -0.23539786208036 4.692451877900444
8.938977500497836 -0.22956127104439866 4.736925611802031
8.921722760335667 -0.22327501557681279 4.777473969968035
8.906320151509634 -0.21694489350963433 4.813368870433227

VECTORS L float
-0.015947299562159203 0.0 0.034199094274489465
-0.025389526701201322 0.0 0.05444801571918846
-0.03471757347460941 0.0 0.07445207657959896
-0.04450638809979824 0.0 0.09544425728690159
-0.05488506948739733 0.0 0.11770141134837157
-0.06587698541553534 0.0 0.14127365112592277
-0.07746724493349658 0.0 0.16612904287269245
-0.08962316894698061 0.0 0.19219750604479727
-0.10230174993065196 0.0 0.2193868107065214
-0.11545376547235749 0.0 0.24759139905435815
-0.12902583062648232 0.0 0.2766967867029855
-0.14296230438207827 0.0 0.3065836511193608
-0.1572068452708092 0.0 0.33713116763472567
-0.17170605885594373 0.0 0.3682248315099929
-0.1864048977693975 0.0 0.3997465932833497
-0.20125520843962497 0.0 0.43159318728736945
-0.2162043583324784 0.0 0.4636517426883284
-0.2312112000539597 0.0 0.4958340186150367
-0.24623585998945072 0.0 0.5280545058249998
-0.261241729575502 0.0 0.5602346970005507
-0.2761951551477531 0.0 0.5923024216255677
-0.2910668101800018 0.0 0.6241947887616559
-0.30582488201669983 0.0 0.655843575948832
-0.3204451983923649 0.0 0.6871969455964849
-0.3349010564564058 0.0 0.7181976332567245
-0.34913071729625933 0.0 0.7487132394042944
-0.3632141685761944 0.0 0.7789152981387742
-0.37705507137963223 0.0 0.8085972099868468
-0.3906390569820537 0.0 0.837728161119342
-0.40394600945817266 0.0 0.8662650127952709
-0.4169534576789025 0.0 0.8941595755227959
-0.42963574022910356 0.0 0.9213568182195594
-0.44196822573470457 0.0 0.9478039187334047
-0.4538903406487012 0.0 0.9733709766735806
-0.46542557233913934 0.0 0.9981083608634065
-0.476487709982672 0.0 1.0218311915955915
-0.48703391090391984 0.0 1.0444475924562917
-0.4970166624025711 0.0 1.0658556721308765
-0.5063823030515834 0.0 1.085940353317689
-0.5149601440525483 0.0 1.104335592707289
-0.5228185577489165 0.0 1.1211880152633777
-0.5297598052971499 0.0 1.1360735686675345
-0.5356305889592017 0.0 1.1486635048596188
-0.5402173133076633 0.0 1.1584997669673645
-0.5432122280270524 0.0 1.1649223823094301
-0.5440998672672062 0.0 1.166825930802856
-0.5419039371544242 0.0 1.1621167434790396
-0.5342990720895734 0.0 1.1458080577179257
-0.5121263625592173 0.0 1.0982585286836286
-0.3850618521300322 0.0 0.8257678067170823
-0.38507093631221617 0.0 0.8257872878086431
-0.5121454192790061 0.0 1.098299395951098
-0.534322378315552 0.0 1.1458580380808276
-0.5419244456634644 0.0 1.1621607241186058
-0.5441091955202044 0.0 1.1668459353059668
-0.5432293054822436 0.0 1.1649590050302723
-0.540242468285808 0.0 1.158553711992081
-0.5356608523795896 0.0 1.148728404974079
-0.5297975718088077 0.0 1.136154559213148
-0.5228657073570264 0.0 1.1212891279242687
-0.5150167381743026 0.0 1.104456959193051
-0.5064096713883799 0.0 1.085999044905352
-0.49705311986743517 0.0 1.0659338554165818
-0.487074887540056 0.0 1.0445354671360652
-0.476530143842903 0.0 1.0219221913025207
-0.46546708798305 0.0 0.9981973914490824
-0.4539287970370017 0.0 0.9734534466644289
-0.44201067834801716 0.0 0.9478949586564472
-0.42968325749468106 0.0 0.9214587193244342
-0.4169958008347705 0.0 0.8942503807135909
-0.40398619214710607 0.0 0.8663511848497732
-0.39067841719747837 0.0 0.837812569373713
-0.3770936482256189 0.0 0.8086799383000367
-0.36325108391085403 0.0 0.7789944633294248
-0.34916548671933423 0.0 0.7487878026727006
-0.33493734467340547 0.0 0.7182754535892133
-0.32047787209316003 0.0 0.6872670145739589
-0.3058573940187825 0.0 0.6559132981622978
-0.2910985962808934 0.0 0.624262954274994
-0.2762258585462377 0.0 0.5923682652761012
-0.26127079671097764 0.0 0.5602970316737376
-0.2462629503177787 0.0 0.528112601221578
-0.23123605542608905 0.0 0.49588732113257983
-0.21622685211838982 0.0 0.4636999807678838
-0.20127504249520278 0.0 0.43163572155681784
-0.18642339548368764 0.0 0.39978626175965853
-0.17172252782572 0.0 0.3682601493296518
-0.1572211744929385 0.0 0.3371618967507475
-0.14297481015162308 0.0 0.306610469828696
-0.12903661032477912 0.0 0.2767199038405839
-0.11546290896561896 0.0 0.24761100733893504
-0.10230934690208883 0.0 0.21940310246434266
-0.08962930510326066 0.0 0.19221066507440518
-0.07747206423687246 0.0 0.16613937790213404
-0.06588059599004371 0.0 0.141281394027943
-0.0548876266597742 0.0 0.11770689522223074
-0.044508041242831684 0.0 0.0954478024635774
-0.034718472095505035 0.0 0.07445400367832854
-0.025389815613178667 0.0 0.054448635292923285
-0.01594711190186705 0.0 0.03419869183569423
-0.015947299562159203 0.0 0.034199094274489465
-0.025389526701201322 0.0 0.05444801571918846
-0.03471757347460941 0.0 0.07445207657959896
-0.04450638809979824 0.0 0.09544425728690159
-0.05488506948739733 0.0 0.11770141134837157
-0.06587698541553534 0.0 0.14127365112592277
-0.07746724493349658 0.0 0.16612904287269245
-0.08962316894698061 0.0 0.19219750604479727
-0.10230174993065196 0.0 0.2193868107065214
-0.11545376547235749 0.0 0.24759139905435815
-0.12902583062648232 0.0 0.2766967867029855
-0.14296230438207827 0.0 0.3065836511193608
-0.1572068452708092 0.0 0.33713116763472567
-0.17170605885594373 0.0 0.3682248315099929
-0.1864048977693975 0.0 0.3997465932833497
-0.20125520843962497 0.0 0.43159318728736945
-0.2162043583324784 0.0 0.4636517426883284
-0.2312112000539597 0.0 0.4958340186150367
-0.24623585998945072 0.0 0.5280545058249998
-0.261241729575502 0.0 0.5602346970005507
-0.2761951551477531 0.0 0.5923024216255677
-0.2910668101800018 0.0 0.6241947887616559
-0.30582488201669983 0.0 0.655843575948832
-0.3204451983923649 0.0 0.6871969455964849
-0.3349010564564058 0.0 0.7181976332567245
-0.34913071729625933 0.0 0.7487132394042944
-0.3632141685761944 0.0 0.7789152981387742
-0.37705507137963223 0.0 0.8085972099868468
-0.3906390569820537 0.0 0.837728161119342
-0.40394600945817266 0.0 0.8662650127952709
-0.4169534576789025 0.0 0.8941595755227959
-0.42963574022910356 0.0 0.9213568182195594
-0.44196822573470457 0.0 0.9478039187334047
-0.4538903406487012 0.0 0.9733709766735806
-0.46542557233913934 0.0 0.9981083608634065
-0.476487709982672 0.0 1.0218311915955915
-0.48703391090391984 0.0 1.0444475924562917
-0.4970166624025711 0.0 1.0658556721308765
-0.5063823030515834 0.0 1.085940353317689
-0.5149601440525483 0.0 1.104335592707289
-0.5228185577489165 0.0 1.1211880152633777
-0.5297598052971499 0.0 1.1360735686675345
-0.5356305889592017 0.0 1.1486635048596188
-0.5402173133076633 0.0 1.1584997669673645
-0.5432122280270524 0.0 1.1649223823094301
-0.5440998672672062 0.0 1.166825930802856
-0.5419039371544242 0.0 1.1621167434790396
-0.5342990720895734 0.0 1.1458080577179257
-0.5121263625592173 0.0 1.0982585286836286
-0.3850618521300322 0.0 0.8257678067170823
-0.38507093631221617 0.0 0.8257872878086431
-0.5121454192790061 0.0 1.098299395951098
-0.534322378315552 0.0 1.1458580380808276
-0.5419244456634644 0.0 1.1621607241186058
-0.5441091955202044 0.0 1.1668459353059668
-0.5432293054822436 0.0 1.1649590050302723
-0.540242468285808 0.0 1.158553711992081
-0.5356608523795896 0.0 1.148728404974079
-0.5297975718088077 0.0 1.136154559213148
-0.5228657073570264 0.0 1.1212891279242687
-0.5150167381743026 0.0 1.104456959193051
-0.5064096713883799 0.0 1.085999044905352
-0.49705311986743517 0.0 1.0659338554165818
-0.487074887540056 0.0 1.0445354671360652
-0.476530143842903 0.0 1.0219221913025207
-0.46546708798305 0.0 0.9981973914490824
-0.4539287970370017 0.0 0.9734534466644289
-0.44201067834801716 0.0 0.9478949586564472
-0.42968325749468106 0.0 0.9214587193244342
-0.4169958008347705 0.0 0.8942503807135909
-0.40398619214710607 0.0 0.8663511848497732
-0.39067841719747837 0.0 0.837812569373713
-0.3770936482256189 0.0 0.8086799383000367
-0.36325108391085403 0.0 0.7789944633294248
-0.34916548671933423 0.0 0.7487878026727006
-0.33493734467340547 0.0 0.7182754535892133
-0.32047787209316003 0.0 0.6872670145739589
-0.3058573940187825 0.0 0.6559132981622978
-0.2910985962808934 0.0 0.624262954274994
-0.2762258585462377 0.0 0.5923682652761012
-0.26127079671097764 0.0 0.5602970316737376
-0.2462629503177787 0.0 0.528112601221578
-0.23123605542608905 0.0 0.49588732113257983
-0.21622685211838982 0.0 0.4636999807678838
-0.20127504249520278 0.0 0.43163572155681784
-0.18642339548368764 0.0 0.39978626175965853
-0.17172252782572 0.0 0.3682601493296518
-0.1572211744929385 0.0 0.3371618967507475
-0.14297481015162308 0.0 0.306610469828696
-0.12903661032477912 0.0 0.2767199038405839
-0.11546290896561896 0.0 0.24761100733893504
-0.10230934690208883 0.0 0.21940310246434266
-0.08962930510326066 0.0 0.19221066507440518
-0.07747206423687246 0.0 0.16613937790213404
-0.06588059599004371 0.0 0.141281394027943
-0.0548876266597742 0.0 0.11770689522223074
-0.044508041242831684 0.0 0.0954478024635774
-0.034718472095505035 0.0 0.07445400367832854
-0.025389815613178667 0.0 0.054448635292923285
-0.01594711190186705 0.0 0.03419869183569423

SCALARS Gamma float
LOOKUP_TABLE default
0.47635696447135645
0.7314288388848623
0.9395170072759611
1.1261129007551236
1.2997899421642822
1.4643345278980866
1.6216379334760158
1.772685700182018
1.917978219308408
2.0577277508513703
2.191971023590565
2.3206340404532084
2.4435780721520555
2.560634338856408
2.6716337400488586
2.7764364195957207
2.8749388603164556
2.9670749520251993
3.052837775914748
3.132278957828333
3.205503038339129
3.2726573244341473
3.3339451396203983
3.3895599609927856
3.439733305154983
3.4847177267107012
3.524724015915055
3.56006234327734
3.5909154418535514
3.6175007909090526
3.6400278636767234
3.6586827791353937
3.673620030275556
3.684969743158374
3.6928271725332373
3.6971855432781666
3.698035580777262
3.6953421555734667
3.689038025870108
3.6790255047771505
3.665071625724355
3.646930371948333
3.6242843747631857
3.5967058904230655
3.563648184087903
3.524493361910481
3.4785560570174736
3.4259669783527125
3.3689984976676115
3.315815701342104
3.31582571311722
3.3689903166967596
3.425927817044803
3.4784870905201863
3.5244135546800646
3.563626510102956
3.596723798945642
3.6243326338335953
3.647000519058861
3.665159929638736
3.679147410236687
3.6891685643561836
3.695461060801232
3.6981425564589583
3.697285589472151
3.6929266233288587
3.685074105296175
3.673720927678246
3.6587833522869535
3.640131019631343
3.6176082428837963
3.5910279148961726
3.5601794431964753
3.5248429307299354
3.484825840503337
3.4398457315695175
3.38967207955854
3.334053602892177
3.2727598593050713
3.205596560870459
3.1323624209624934
3.0529104314055244
2.967136422600572
2.874988804691224
2.7764773640442857
2.6716671938949124
2.5606606740899354
2.443597604861172
2.3206469867013784
2.191977592613974
2.0577282227623734
1.9179730899899403
1.7726759537708927
1.6216242102679155
1.464318172967697
1.2997720914417707
1.1260947700202595
0.9394998819529704
0.731414146975019
0.4763466470256659
0.47635696447135645
0.7314288388848623
0.9395170072759611
1.1261129007551236
1.2997899421642822
1.4643345278980866
1.6216379334760158
1.772685700182018
1.917978219308408
2.0577277508513703
2.191971023590565
2.3206340404532084
2.4435780721520555
2.560634338856408
2.6716337400488586
2.7764364195957207
2.8749388603164556
2.9670749520251993
3.052837775914748
3.132278957828333
3.205503038339129
3.2726573244341473
3.3339451396203983
3.3895599609927856
3.439733305154983
3.4847177267107012
3.524724015915055
3.56006234327734
3.5909154418535514
3.6175007909090526
3.6400278636767234
3.6586827791353937
3.673620030275556
3.684969743158374
3.6928271725332373
3.6971855432781666
3.698035580777262
3.6953421555734667
3.689038025870108
3.6790255047771505
3.665071625724355
3.646930371948333
3.6242843747631857
3.5967058904230655
3.563648184087903
3.524493361910481
3.4785560570174736
3.4259669783527125
3.3689984976676115
3.315815701342104
3.31582571311722
3.3689903166967596
3.425927817044803
3.4784870905201863
3.5244135546800646
3.563626510102956
3.596723798945642
3.6243326338335953
3.647000519058861
3.665159929638736
3.679147410236687
3.6891685643561836
3.695461060801232
3.6981425564589583
3.697285589472151
3.6929266233288587
3.685074105296175
3.673720927678246
3.6587833522869535
3.640131019631343
3.6176082428837963
3.5910279148961726
3.5601794431964753
3.5248429307299354
3.484825840503337
3.4398457315695175
3.38967207955854
3.334053602892177
3.2727598593050713
3.205596560870459
3.1323624209624934
3.0529104314055244
2.967136422600572
2.874988804691224
2.7764773640442857
2.6716671938949124
2.5606606740899354
2.443597604861172
2.3206469867013784
2.191977592613974
2.0577282227623734
1.9179730899899403
1.7726759537708927
1.6216242102679155
1.464318172967697
1.2997720914417707
1.1260947700202595
0.9394998819529704
0.731414146975019
0.4763466470256659

VECTORS Vvpm float
-0.1573415344515848 0.215986136865249 0.5876408500523378
-0.14192366735241654 0.2223199724717827 0.5517258517370491
-0.12465113024222858 0.22861071736599484 0.5111516916663501
-0.1059018406789133 0.234452478695218 0.4666468042491594
-0.0861003731087054 0.239469505453291 0.4190386960931638
-0.06569450106488603 0.24334868202359705 0.3692097283215259
-0.045106721703829164 0.2458538057399211 0.31806952999325655
-0.024757521397444887 0.24694371791397088 0.26625690862698564
-0.005014133805612317 0.24648214170388624 0.21473747343961389
0.013871922541725965 0.24458758436009673 0.16400780956229757
0.03169794957248258 0.241379891913485 0.1145517124622379
0.04832778630778056 0.2370101072432832 0.06675000971107281
0.06368156744295368 0.23163949879393592 0.02089968857095842
0.07772528612629859 0.2254268689238778 -0.022771220214842153
0.09046233705252746 0.21852362105299117 -0.06409718536760806
0.1018532876028505 0.2114197166385522 -0.10263432773498832
0.11185294290658501 0.20320197216492422 -0.1377782472441489
0.12068919679738459 0.19469426993100417 -0.1702609920138104
0.12840613422888603 0.18597520569912546 -0.20000592459201988
0.13506066371550549 0.17712083129396905 -0.2270042350758612
0.14072357623328657 0.16820902126866516 -0.2513237513383747
0.1455551915197064 0.15937903818888222 -0.27329471832301877
0.14941943626137452 0.15049560171418966 -0.2922173148432314
0.15256293985669775 0.1417864274755098 -0.3090341344033303
0.1549937631852611 0.13323849265098292 -0.323623446009885
0.15656458238285753 0.12486595297514988 -0.33532206996956726
0.15786549709766284 0.11689659655160747 -0.3463320010585861
0.15836719442530775 0.1087920769801731 -0.35394205033375026
0.1584643205428141 0.10097517359837113 -0.3601460740127252
0.15816860886752088 0.09340910622871275 -0.364780587636746
0.157493611970355 0.08604019062853391 -0.3677349721980921
0.15645546964500995 0.07879718695204249 -0.36898089229243647
0.15507217001231913 0.07159195661156606 -0.3686205717474248
0.15364321494403918 0.06509853048188508 -0.36662587622314824
0.15164556020855688 0.05784810526541167 -0.36233865187273395
0.1494216184512965 0.050651557792767976 -0.3569539054668149
0.14691227003694468 0.043452393346429294 -0.3504246704037572
0.14401764733076008 0.036200792158172235 -0.3425896149066561
0.1405949236491215 0.028856001934888922 -0.3331174530211528
0.13619239710152178 0.021280341935305404 -0.32069911960692304
0.13106469518126243 0.013630262629639804 -0.30674937887538434
0.12488253899608817 0.005950912344895065 -0.2897782056239006
0.11715621885565242 -0.0016868903771893977 -0.2689291436781784
0.10753285867059284 -0.008934970212717434 -0.24347012967430978
0.09578748927545008 -0.015121298491482277 -0.21319862440409312
0.08225726015421744 -0.019105016944990515 -0.17870525037282803
0.06851232473626254 -0.01929297984260559 -0.1464450769658649
0.05803064148671764 -0.014831137746539585 -0.12421883309915648
0.05385766546378136 -0.007577301040969029 -0.11867078546975429
0.05470484914620183 -0.0017556686794477747 -0.1255696620607178
0.05467966764613977 0.001277557624502559 -0.12525990471099585
0.05385165477278405 0.007126342400255864 -0.11856265741377238
0.05807470777498345 0.014386943978683226 -0.12440837680104054
0.06862997511456156 0.01883083012374536 -0.14697028278470675
0.08246644073853039 0.01859295438535631 -0.17957456186285226
0.09583835336990251 0.014590388462989132 -0.21313643599817597
0.10756082795805941 0.008437482145218236 -0.24327803701777373
0.11718706409054845 0.0011852804883691094 -0.26869438695899267
0.12493779737170697 -0.00648882268768862 -0.28958654525112787
0.13115965736402832 -0.014228811360424993 -0.30667352236396217
0.1361903660567207 -0.021911466503288363 -0.32037556329840416
0.14060064614527393 -0.02946484703176871 -0.33260034036893177
0.14411251941446956 -0.036876795950333975 -0.34239459301166336
0.1470611701909882 -0.044181594887113415 -0.35041352318301944
0.1495971907141075 -0.051419515271447086 -0.3570116863724869
0.15182769638775193 -0.05864091135099124 -0.3623725583980419
0.1538181586988123 -0.06590346501561008 -0.3665634734670582
0.15530000901574942 -0.07225819971934826 -0.368666655006286
0.1566988260619092 -0.0794806525355084 -0.3689921079709907
0.15774211367451257 -0.08673975082147693 -0.3676974229477088
0.15841462228739744 -0.09412487886531676 -0.3646938739216633
0.1586985831558223 -0.10170567133047756 -0.35999989424963713
0.15857697397064022 -0.10953367487888524 -0.35370628843140245
0.1580344704141388 -0.11764435183298183 -0.34595599330638116
0.15681727868686401 -0.12567415036237783 -0.3352802892668019
0.1551714433633356 -0.13403812516972236 -0.32332240606177326
0.15274426855199624 -0.14260065834328398 -0.3087228572026197
0.14960837404954816 -0.1513272074278942 -0.29193466566863874
0.1457471263706753 -0.16022216835335856 -0.27301577563455504
0.14092988057331207 -0.16907503324478995 -0.25111730848818603
0.1352776910098085 -0.1780031483614732 -0.22683609520113562
0.12863286695459486 -0.1868715080015924 -0.1998750113298479
0.12092483146731525 -0.19560218201925128 -0.17016803638560912
0.11209686186504267 -0.20411911139641614 -0.13772532270989304
0.10210502724715187 -0.2123437606990105 -0.10262445171456216
0.09079093365468882 -0.2194578424374596 -0.06414344076625558
0.07805112302620976 -0.22634624095368963 -0.022812721431607008
0.0640118991243778 -0.23254883363127138 0.02085548775910906
0.04866873366486245 -0.23791355821236246 0.06669398086655781
0.03205462241873465 -0.24228106987080078 0.11447370840272297
0.014248507717108753 -0.24548963123526354 0.16389730117631263
-0.004614309772731973 -0.24738777293214093 0.2145841525285706
-0.024331948474326737 -0.24785524240889664 0.2660512455290279
-0.04464446952370835 -0.24678220056816047 0.317789944329076
-0.06520902981995963 -0.24428276075154848 0.36890342669240483
-0.08559169593699956 -0.2404092632547589 0.4186962407282202
-0.10537118052350553 -0.23539786208036 0.4662692604934496
-0.12410036986866274 -0.22956127104439866 0.5107429943950357
-0.14135511003083068 -0.22327501557681279 0.5512913525610403
-0.15675771885686424 -0.21694489350963433 0.587186253026233
-0.1573415344515848 0.215986136865249 0.5876408500523378
-0.14192366735241654 0.2223199724717827 0.5517258517370491
-0.12465113024222858 0.22861071736599484 0.5111516916663501
-0.1059018406789133 0.234452478695218 0.4666468042491594
-0.0861003731087054 0.239469505453291 0.4190386960931638
-0.06569450106488603 0.24334868202359705 0.3692097283215259
-0.045106721703829164 0.2458538057399211 0.31806952999325655
-0.024757521397444887 0.24694371791397088 0.26625690862698564
-0.005014133805612317 0.24648214170388624 0.21473747343961389
0.013871922541725965 0.24458758436009673 0.16400780956229757
0.03169794957248258 0.241379891913485 0.1145517124622379
0.04832778630778056 0.2370101072432832 0.06675000971107281
0.06368156744295368 0.23163949879393592 0.02089968857095842
0.07772528612629859 0.2254268689238778 -0.022771220214842153
0.09046233705252746 0.21852362105299117 -0.06409718536760806
0.1018532876028505 0.2114197166385522 -0.10263432773498832
0.11185294290658501 0.20320197216492422 -0.1377782472441489
0.12068919679738459 0.19469426993100417 -0.1702609920138104
0.12840613422888603 0.18597520569912546 -0.20000592459201988
0.13506066371550549 0.17712083129396905 -0.2270042350758612
0.14072357623328657 0.16820902126866516 -0.2513237513383747
0.1455551915197064 0.15937903818888222 -0.27329471832301877
0.14941943626137452 0.15049560171418966 -0.2922173148432314
0.15256293985669775 0.1417864274755098 -0.3090341344033303
0.1549937631852611 0.13323849265098292 -0.323623446009885
0.15656458238285753 0.12486595297514988 -0.33532206996956726
0.15786549709766284 0.11689659655160747 -0.3463320010585861
0.15836719442530775 0.1087920769801731 -0.35394205033375026
0.1584643205428141 0.10097517359837113 -0.3601460740127252
0.15816860886752088 0.09340910622871275 -0.364780587636746
0.157493611970355 0.08604019062853391 -0.3677349721980921
0.15645546964500995 0.07879718695204249 -0.36898089229243647
0.15507217001231913 0.07159195661156606 -0.3686205717474248
0.15364321494403918 0.06509853048188508 -0.36662587622314824
0.15164556020855688 0.05784810526541167 -0.36233865187273395
0.1494216184512965 0.050651557792767976 -0.3569539054668149
0.14691227003694468 0.043452393346429294 -0.3504246704037572
0.14401764733076008 0.036200792158172235 -0.3425896149066561
0.1405949236491215 0.028856001934888922 -0.3331174530211528
0.13619239710152178 0.021280341935305404 -0.32069911960692304
0.13106469518126243 0.013630262629639804 -0.30674937887538434
0.12488253899608817 0.005950912344895065 -0.2897782056239006
0.11715621885565242 -0.0016868903771893977 -0.2689291436781784
0.10753285867059284 -0.008934970212717434 -0.24347012967430978
0.09578748927545008 -0.015121298491482277 -0.21319862440409312
0.08225726015421744 -0.019105016944990515 -0.17870525037282803
0.06851232473626254 -0.01929297984260559 -0.1464450769658649
0.05803064148671764 -0.014831137746539585 -0.12421883309915648
0.05385766546378136 -0.007577301040969029 -0.11867078546975429
0.05470484914620183 -0.0017556686794477747 -0.1255696620607178
0.05467966764613977 0.001277557624502559 -0.12525990471099585
0.05385165477278405 0.007126342400255864 -0.11856265741377238
0.05807470777498345 0.014386943978683226 -0.12440837680104054
0.06862997511456156 0.01883083012374536 -0.14697028278470675
0.08246644073853039 0.01859295438535631 -0.17957456186285226
0.09583835336990251 0.014590388462989132 -0.21313643599817597
0.10756082795805941 0.008437482145218236 -0.24327803701777373
0.11718706409054845 0.0011852804883691094 -0.26869438695899267
0.12493779737170697 -0.00648882268768862 -0.28958654525112787
0.13115965736402832 -0.014228811360424993 -0.30667352236396217
0.1361903660567207 -0.021911466503288363 -0.32037556329840416
0.14060064614527393 -0.02946484703176871 -0.33260034036893177
0.14411251941446956 -0.036876795950333975 -0.34239459301166336
0.1470611701909882 -0.044181594887113415 -0.35041352318301944
0.1495971907141075 -0.051419515271447086 -0.3570116863724869
0.15182769638775193 -0.05864091135099124 -0.3623725583980419
0.1538181586988123 -0.06590346501561008 -0.3665634734670582
0.15530000901574942 -0.07225819971934826 -0.368666655006286
0.1566988260619092 -0.0794806525355084 -0.3689921079709907
0.15774211367451257 -0.08673975082147693 -0.3676974229477088
0.15841462228739744 -0.09412487886531676 -0.3646938739216633
0.1586985831558223 -0.10170567133047756 -0.35999989424963713
0.15857697397064022 -0.10953367487888524 -0.35370628843140245
0.1580344704141388 -0.11764435183298183 -0.34595599330638116
0.15681727868686401 -0.12567415036237783 -0.3352802892668019
0.1551714433633356 -0.13403812516972236 -0.32332240606177326
0.15274426855199624 -0.14260065834328398 -0.3087228572026197
0.14960837404954816 -0.1513272074278942 -0.29193466566863874
0.1457471263706753 -0.16022216835335856 -0.27301577563455504
0.14092988057331207 -0.16907503324478995 -0.25111730848818603
0.1352776910098085 -0.1780031483614732 -0.22683609520113562
0.12863286695459486 -0.1868715080015924 -0.1998750113298479
0.12092483146731525 -0.19560218201925128 -0.17016803638560912
0.11209686186504267 -0.20411911139641614 -0.13772532270989304
0.10210502724715187 -0.2123437606990105 -0.10262445171456216
0.09079093365468882 -0.2194578424374596 -0.06414344076625558
0.07805112302620976 -0.22634624095368963 -0.022812721431607008
0.0640118991243778 -0.23254883363127138 0.02085548775910906
0.04866873366486245 -0.23791355821236246 0.06669398086655781
0.03205462241873465 -0.24228106987080078 0.11447370840272297
0.014248507717108753 -0.24548963123526354 0.16389730117631263
-0.004614309772731973 -0.24738777293214093 0.2145841525285706
-0.024331948474326737 -0.24785524240889664 0.2660512455290279
-0.04464446952370835 -0.24678220056816047 0.317789944329076
-0.06520902981995963 -0.24428276075154848 0.36890342669240483
-0.08559169593699956 -0.2404092632547589 0.4186962407282202
-0.10537118052350553 -0.23539786208036 0.4662692604934496
-0.12410036986866274 -0.22956127104439866 0.5107429943950357
-0.14135511003083068 -0.22327501557681279 0.5512913525610403
-0.15675771885686424 -0.21694489350963433 0.587186253026233

VECTORS Vvpm_BBp float
-0.06941205185671012 0.23769406838835297 0.3355625870127549
-0.059299153540416975 0.23859847714509597 0.31069309781730037
-0.04811646684392008 0.23915708891555698 0.2829207174696043
-0.036073368974438455 0.23923023509203656 0.2526589175712183
-0.02339448567848447 0.23869871806537163 0.22035960086655773
-0.010311075347624155 0.23747062894187745 0.1864991212243036
0.003021129708952991 0.23553445053329455 0.1513261636244113
0.016262171039169174 0.232775559565884 0.11571415409573652
0.029280120072332605 0.2292516267373292 0.07990785711173418
0.04191432908550197 0.22500104982245303 0.04428638577281557
0.054089728525276666 0.22085072450602508 0.008450844009756264
0.0655223788549914 0.21501190951443278 -0.025448126421706047
0.07625929273987928 0.2086503176457239 -0.05828173892108556
0.08623147927826134 0.2018370918593984 -0.08977732285291384
0.09538224860018765 0.19462150220387092 -0.1197938904223911
0.10369726326504813 0.18714261458680545 -0.14793353310297522
0.11116370029233426 0.1794001282271571 -0.17414019106196732
0.11781056456518878 0.17152528801702702 -0.19851370232775525
0.12361976561384444 0.16347521367937615 -0.2206120217837563
0.12868360898562692 0.1553898510182248 -0.24088652783408065
0.13297279834566772 0.14731807289201282 -0.2588944703949805
0.1366522029076555 0.1392642639212626 -0.27548202386838355
0.13954973358859438 0.131450764269955 -0.2890420004304797
0.14194233072247972 0.12343905281872124 -0.3014344262575877
0.14378568262114189 0.11561735574713101 -0.3121754758964595
0.14486505493748517 0.10804834991493525 -0.3213203689947783
0.14556462702142242 0.10057312091197232 -0.32808275268768305
0.14586149130945225 0.0932805035371351 -0.33353078274328624
0.14575442167266653 0.08613841690578178 -0.33742290660620966
0.14524439100054432 0.07910196336216728 -0.3395677419863576
0.14433428096734674 0.07211391586580151 -0.3398533421541911
0.14356055363500833 0.06558836107817097 -0.3391999134249895
0.1422205256246676 0.05873304347878752 -0.337520132078185
0.14016277021948984 0.0520812482379906 -0.3340630566232577
0.13807206790897705 0.04526674510029566 -0.3288693512554814
0.135665735125432 0.03847679323951998 -0.3226718720611376
0.13285674714057552 0.03168624433814744 -0.31525903217150164
0.12960605713583895 0.02459199221025813 -0.3052643326545186
0.12569443203071082 0.017774115420831245 -0.29546688968064194
0.1204459361933481 0.011040932724916552 -0.28164251638380206
0.11469246209754645 0.004346139771669717 -0.26598577821544367
0.10780160411511788 -0.0019872755252918727 -0.24770052162504116
0.0996415511317377 -0.0075817961709320186 -0.22662256182294063
0.09029067447220573 -0.011977808260445049 -0.20261769409375763
0.07992939753330437 -0.014111048622079316 -0.1778067927748836
0.06995609222493901 -0.013475910697344263 -0.15536521915178567
0.06220240437655568 -0.010037875389263637 -0.13974594315578168
0.058091290562722366 -0.00536661511510644 -0.13377550798482712
0.05702512007279985 -0.0018507901437581702 -0.13558262505650928
0.05673233329935069 -0.00031400671121454047 -0.13833311411428162
0.05689283529378898 0.0013470423114417683 -0.13483395583198382
0.058084052553516 0.004906823562752708 -0.1336728899320251
0.06222577121826346 0.009584993643322645 -0.13982020544363827
0.07002299033989454 0.013013103302819774 -0.15562155935934868
0.08004612815267442 0.013617135371323886 -0.17821396659031924
0.09038325531984727 0.011444311523906141 -0.20306133044977215
0.09967228420167348 0.007070573746759799 -0.22648139459810943
0.10782710805684323 0.00149303706495698 -0.24744579221977114
0.11473057500539427 -0.004852695655140453 -0.26569555918337767
0.12050920399553737 -0.011582206174802184 -0.28138275143747027
0.12559901239628837 -0.018426744611031578 -0.2948830544928549
0.12959234002046227 -0.02534006990704636 -0.30504171584394846
0.13293680626482757 -0.032303977606845544 -0.31504481757623426
0.13579573456684696 -0.03914453277146142 -0.3226411393814519
0.138225696186722 -0.04597228126636854 -0.3289099750851863
0.14031951558659397 -0.05281227812524482 -0.3340828468000661
0.14214129120061206 -0.059699977566745714 -0.3383073525504432
0.14374942641429453 -0.06652286505397648 -0.33956067953013774
0.14457732039766774 -0.07278457033028683 -0.34000355027742124
0.1454886852953071 -0.0797966855562133 -0.3396283212025253
0.145993993726083 -0.08685265098272683 -0.33742947507218235
0.14608907085555833 -0.09401113164280606 -0.33348919572650404
0.14576875281334073 -0.1013157500610152 -0.32796082824484846
0.14502923768649806 -0.10879656358430302 -0.32104902971315896
0.14397423582215282 -0.11639038011475333 -0.3118577556723515
0.14212938107666637 -0.1242200343299401 -0.3011144923743582
0.13973768741824374 -0.13224311523525129 -0.28873074769528223
0.13684240071198 -0.1401027640908898 -0.27530300107914046
0.1331720134963923 -0.14815858355253655 -0.25876499204776715
0.12889421801961198 -0.15624940334196233 -0.24080360775374268
0.12383119285241713 -0.16434192952089322 -0.22050806518836585
0.11803101159812544 -0.17240624310527425 -0.1984525781332349
0.11138840763877164 -0.1802828366268109 -0.17406430701867598
0.10392761026427179 -0.18803504343199962 -0.14787167551262403
0.09561696103580143 -0.19552111009591583 -0.1197414143333941
0.08653108702339532 -0.20275313300798337 -0.08995385210507803
0.07656925087896817 -0.20956794612083632 -0.05845809146763678
0.06584248404438835 -0.21592977310449074 -0.02561839628357859
0.0544198197788155 -0.22176759775237134 0.008291330346213877
0.04222902229751001 -0.225955234309263 0.04422774074136451
0.029600159894545838 -0.23018431249868707 0.07986032458918735
0.016594199976604176 -0.23369380133535178 0.11565491730916107
0.003370134295728716 -0.23644403899515162 0.1512364039389471
-0.009928252612391025 -0.23838263831023285 0.18635437077784678
-0.02299120788534724 -0.23961163698798468 0.22017168596387884
-0.03564959155306291 -0.24014566577046498 0.25242767735997107
-0.04767288125727 -0.24007606288016708 0.28264795217008265
-0.058837041604696286 -0.23952154778624093 0.3103820001782147
-0.06893316131331204 -0.2386213929770384 0.335217301357116
-0.07777465111921701 -0.23752593379267953 0.3567909622094561
-0.06941205185671012 0.23769406838835297 0.3355625870127549
-0.059299153540416975 0.23859847714509597 0.31069309781730037
-0.04811646684392008 0.23915708891555698 0.2829207174696043
-0.036073368974438455 0.23923023509203656 0.2526589175712183
-0.02339448567848447 0.23869871806537163 0.22035960086655773
-0.010311075347624155 0.23747062894187745 0.1864991212243036
0.003021129708952991 0.23553445053329455 0.1513261636244113
0.016262171039169174 0.232775559565884 0.11571415409573652
0.029280120072332605 0.2292516267373292 0.07990785711173418
0.04191432908550197 0.22500104982245303 0.04428638577281557
0.054089728525276666 0.22085072450602508 0.008450844009756264
0.0655223788549914 0.21501190951443278 -0.025448126421706047
0.07625929273987928 0.2086503176457239 -0.05828173892108556
0.08623147927826134 0.2018370918593984 -0.08977732285291384
0.09538224860018765 0.19462150220387092 -0.1197938904223911
0.10369726326504813 0.18714261458680545 -0.14793353310297522
0.11116370029233426 0.1794001282271571 -0.17414019106196732
0.11781056456518878 0.17152528801702702 -0.19851370232775525
0.12361976561384444 0.16347521367937615 -0.2206120217837563
0.12868360898562692 0.1553898510182248 -0.24088652783408065
0.13297279834566772 0.14731807289201282 -0.2588944703949805
0.1366522029076555 0.1392642639212626 -0.27548202386838355
0.13954973358859438 0.131450764269955 -0.2890420004304797
0.14194233072247972 0.12343905281872124 -0.3014344262575877
0.14378568262114189 0.11561735574713101 -0.3121754758964595
0.14486505493748517 0.10804834991493525 -0.3213203689947783
0.14556462702142242 0.10057312091197232 -0.32808275268768305
0.14586149130945225 0.0932805035371351 -0.33353078274328624
0.14575442167266653 0.08613841690578178 -0.33742290660620966
0.14524439100054432 0.07910196336216728 -0.3395677419863576
0.14433428096734674 0.07211391586580151 -0.3398533421541911
0.14356055363500833 0.06558836107817097 -0.3391999134249895
0.1422205256246676 0.05873304347878752 -0.337520132078185
0.14016277021948984 0.0520812482379906 -0.3340630566232577
0.13807206790897705 0.04526674510029566 -0.3288693512554814
0.135665735125432 0.03847679323951998 -0.3226718720611376
0.13285674714057552 0.03168624433814744 -0.31525903217150164
0.12960605713583895 0.02459199221025813 -0.3052643326545186
0.12569443203071082 0.017774115420831245 -0.29546688968064194
0.1204459361933481 0.011040932724916552 -0.28164251638380206
0.11469246209754645 0.004346139771669717 -0.26598577821544367
0.10780160411511788 -0.0019872755252918727 -0.24770052162504116
0.0996415511317377 -0.0075817961709320186 -0.22662256182294063
0.09029067447220573 -0.011977808260445049 -0.20261769409375763
0.07992939753330437 -0.014111048622079316 -0.1778067927748836
0.06995609222493901 -0.013475910697344263 -0.15536521915178567
0.06220240437655568 -0.010037875389263637 -0.13974594315578168
0.058091290562722366 -0.00536661511510644 -0.13377550798482712
0.05702512007279985 -0.0018507901437581702 -0.13558262505650928
0.05673233329935069 -0.00031400671121454047 -0.13833311411428162
0.05689283529378898 0.0013470423114417683 -0.13483395583198382
0.058084052553516 0.004906823562752708 -0.1336728899320251
0.06222577121826346 0.009584993643322645 -0.13982020544363827
0.07002299033989454 0.013013103302819774 -0.15562155935934868
0.08004612815267442 0.013617135371323886 -0.17821396659031924
0.09038325531984727 0.011444311523906141 -0.20306133044977215
0.09967228420167348 0.007070573746759799 -0.22648139459810943
0.10782710805684323 0.00149303706495698 -0.24744579221977114
0.11473057500539427 -0.004852695655140453 -0.26569555918337767
0.12050920399553737 -0.011582206174802184 -0.28138275143747027
0.12559901239628837 -0.018426744611031578 -0.2948830544928549
0.12959234002046227 -0.02534006990704636 -0.30504171584394846
0.13293680626482757 -0.032303977606845544 -0.31504481757623426
0.13579573456684696 -0.03914453277146142 -0.3226411393814519
0.138225696186722 -0.04597228126636854 -0.3289099750851863
0.14031951558659397 -0.05281227812524482 -0.3340828468000661
0.14214129120061206 -0.059699977566745714 -0.3383073525504432
0.14374942641429453 -0.06652286505397648 -0.33956067953013774
0.14457732039766774 -0.07278457033028683 -0.34000355027742124
0.1454886852953071 -0.0797966855562133 -0.3396283212025253
0.145993993726083 -0.08685265098272683 -0.33742947507218235
0.14608907085555833 -0.09401113164280606 -0.33348919572650404
0.14576875281334073 -0.1013157500610152 -0.32796082824484846
0.14502923768649806 -0.10879656358430302 -0.32104902971315896
0.14397423582215282 -0.11639038011475333 -0.3118577556723515
0.14212938107666637 -0.1242200343299401 -0.3011144923743582
0.13973768741824374 -0.13224311523525129 -0.28873074769528223
0.13684240071198 -0.1401027640908898 -0.27530300107914046
0.1331720134963923 -0.14815858355253655 -0.25876499204776715
0.12889421801961198 -0.15624940334196233 -0.24080360775374268
0.12383119285241713 -0.16434192952089322 -0.22050806518836585
0.11803101159812544 -0.17240624310527425 -0.1984525781332349
0.11138840763877164 -0.1802828366268109 -0.17406430701867598
0.10392761026427179 -0.18803504343199962 -0.14787167551262403
0.09561696103580143 -0.19552111009591583 -0.1197414143333941
0.08653108702339532 -0.20275313300798337 -0.08995385210507803
0.07656925087896817 -0.20956794612083632 -0.05845809146763678
0.06584248404438835 -0.21592977310449074 -0.02561839628357859
0.0544198197788155 -0.22176759775237134 0.008291330346213877
0.04222902229751001 -0.225955234309263 0.04422774074136451
0.029600159894545838 -0.23018431249868707 0.07986032458918735
0.016594199976604176 -0.23369380133535178 0.11565491730916107
0.003370134295728716 -0.23644403899515162 0.1512364039389471
-0.009928252612391025 -0.23838263831023285 0.18635437077784678
-0.02299120788534724 -0.23961163698798468 0.22017168596387884
-0.03564959155306291 -0.24014566577046498 0.25242767735997107
-0.04767288125727 -0.24007606288016708 0.28264795217008265
-0.058837041604696286 -0.23952154778624093 0.3103820001782147
-0.06893316131331204 -0.2386213929770384 0.335217301357116
-0.07777465111921701 -0.23752593379267953 0.3567909622094561

VECTORS ftot float
-6.080935712253436 -10.963527157812925 6.364691615244764
-8.20026487449923 -13.067649450559768 8.550905958815486
-9.256479063458109 -14.106510787171338 10.331839725603691
-9.923696492421733 -14.754415717580626 11.927103141106576
-10.385488794273911 -15.195143240382059 13.410626883093661
-10.714660548206398 -15.50172263506251 14.815099059659111
-10.946605922143764 -15.709785427071939 16.156861447690964
-11.101235460094335 -15.83948653790566 17.444428448048008
-11.190943034287244 -15.90346472218549 18.6821110118645
-11.22459934460656 -15.910828804277193 19.87171728384973
-11.20923366795272 -15.868831578915298 21.01352791409858
-11.151159554145323 -15.783987248255947 22.10686080822664
-11.056507103380229 -15.662595203375814 23.150474626984302
-10.931921218512526 -15.513360755586998 24.143039127045945
-10.783469203996573 -15.340042841273663 25.082862624296936
-10.617283163606585 -15.150162982567963 25.969059787874166
-10.438684350843793 -14.948860469838039 26.80009912413762
-10.253209175880052 -14.74196294988931 27.575786822651907
-10.065513424103905 -14.534327226924466 28.29610296370086
-9.879304392576287 -14.329816497629876 28.961537459049282
-9.697331287737043 -14.131289440861483 29.57304296990071
-9.521909647051388 -13.94112903661285 30.13195033346034
-9.352924539852646 -13.759257820123818 30.640087856137676
-9.191668680203989 -13.586998018022742 31.099221574744387
-9.038115866475964 -13.42435574014164 31.51114079097578
-8.885471970590869 -13.25660143639826 31.876942537322783
-8.747719548350359 -13.11685041171588 32.20245609882165
-8.612004357736346 -12.979911973173635 32.48743198418052
-8.479101558192285 -12.846932763464999 32.733710321710674
-8.34760428786807 -12.716814796925425 32.943368975883395
-8.215624963118152 -12.58789912678622 33.11834080552675
-8.081057065011343 -12.45821233935589 33.26027026679173
-7.942053901505069 -12.326231718224998 33.37069632441266
-7.794365102881405 -12.185461221239864 33.44927171496929
-7.637995111862527 -12.040988356047745 33.500595173539715
-7.469376382558786 -11.885795895000715 33.52195667608594
-7.286412917375295 -11.718090842935617 33.513668910947835
-7.086570758705716 -11.535692263078154 33.47596583800804
-6.86675005248725 -11.335901226489453 33.408988002438896
-6.616890600694481 -11.102593462553138 33.307968449205006
-6.340576242146202 -10.848856391865489 33.17913365658854
-6.027413529906033 -10.558843673119904 33.01655077730999
-5.667476686448916 -10.221581397399916 32.81791985141531
-5.246307643172849 -9.821183668638469 32.579716907068345
-4.7408078401212395 -9.333597032481647 32.29729633675554
-4.1054013995959835 -8.71274695640872 31.964782636175492
-3.2437781599779827 -7.859860430966318 31.57393102951546
-1.8741116291888682 -6.496340791478945 31.1262601830321
1.1629079278665237 -3.463809015060022 30.640572280118132
17.094275398076284 12.463943402581775 30.186089217595175
17.094979786424076 -12.465244000460899 30.18694176177523
1.1628166407266716 3.463735403761695 30.641649699205246
-1.8747917109283723 6.497166086602027 31.12733890926219
-3.2446150541258127 7.860759414180756 31.574792948514528
-4.1056271037289225 8.7122760567451 31.96525822573259
-4.74008722597874 9.333001000943831 32.29871722302252
-5.245579847064997 9.820698150547116 32.58168725916601
-5.6668386665241295 10.2212362580943 32.82022091431252
-6.027125752828482 10.559113650178206 33.01923908523122
-6.340793793577509 10.850107380323688 33.18229106301923
-6.6172093231198215 11.104626330699128 33.31181946955856
-6.864837226570382 11.33211044417731 33.41185867508662
-7.085970999484068 11.534126334548521 33.478943454786226
-7.286525910928621 11.71784803084269 33.516721762948414
-7.469733443631932 11.886077699425043 33.5250856738304
-7.6382038255345 12.041052984625626 33.50380377627216
-7.7940718896883086 12.184594763468366 33.45255041443293
-7.942397691916098 12.326576552850272 33.37409711445647
-8.08189273113856 12.459753192316079 33.263975906041004
-8.215984613615113 12.588408637921063 33.12192543998505
-8.347774589103933 12.716963972983098 32.946953830890884
-8.47924186077902 12.84708029136636 32.73734148404028
-8.612167588348417 12.980152836735618 32.491090551693695
-8.747906803024517 13.117095896777705 32.20605626565226
-8.886016814743288 13.25698668596934 31.880275682505022
-9.038369573259974 13.42461698793197 31.514893543377912
-9.19178827527681 13.586802474224484 31.10277382106448
-9.353242092130278 13.759395123551428 30.643660753313835
-9.522387237471694 13.941523352959333 30.13550309225084
-9.697987156994099 14.131916500389966 29.576527322060556
-9.880056244021734 14.330548836311907 28.964921855071072
-10.066317741114508 14.535075189377952 28.29935736201955
-10.254028516311404 14.742643437765004 27.578883152166302
-10.439511036888248 14.949421871163937 26.80300832860046
-10.617992337337615 15.150439266414566 25.971776313292068
-10.784186240820393 15.340585893632785 25.08551632870904
-10.932586742777996 15.513805142329444 24.14553337065723
-11.057123807983944 15.66289142717847 23.15276713107771
-11.151745883414053 15.784199959837112 22.10897608188843
-11.209795692930847 15.868969092279954 21.015458146248733
-11.225139632962321 15.910893499361903 19.873453628539597
-11.191458539446288 15.903452333137071 18.683645491635325
-11.10170820975246 15.839377802733367 17.44575677612471
-10.947052001308695 15.709595688705813 16.157976124128567
-10.715060337146781 15.501432435058259 14.815998456323275
-10.385853943960154 15.194765456174943 13.41130706529746
-9.924036524466878 14.753962187166401 11.927559484742208
-9.25680968930838 14.106000562388775 10.332064702720183
-8.20061365322686 13.067114335196226 8.550884135148458
-6.081365974018361 10.963035485796768 6.364382716354969
-6.080935712253436 -10.963527157812925 6.364691615244764
-8.20026487449923 -13.067649450559768 8.550905958815486
-9.256479063458109 -14.106510787171338 10.331839725603691
-9.923696492421733 -14.754415717580626 11.927103141106576
-10.385488794273911 -15.195143240382059 13.410626883093661
-10.714660548206398 -15.50172263506251 14.815099059659111
-10.946605922143764 -15.709785427071939 16.156861447690964
-11.101235460094335 -15.83948653790566 17.444428448048008
-11.190943034287244 -15.90346472218549 18.6821110118645
-11.22459934460656 -15.910828804277193 19.87171728384973
-11.20923366795272 -15.868831578915298 21.01352791409858
-11.151159554145323 -15.783987248255947 22.10686080822664
-11.056507103380229 -15.662595203375814 23.150474626984302
-10.931921218512526 -15.513360755586998 24.143039127045945
-10.783469203996573 -15.340042841273663 25.082862624296936
-10.617283163606585 -15.150162982567963 25.969059787874166
-10.438684350843793 -14.948860469838039 26.80009912413762
-10.253209175880052 -14.74196294988931 27.575786822651907
-10.065513424103905 -14.534327226924466 28.29610296370086
-9.879304392576287 -14.329816497629876 28.961537459049282
-9.697331287737043 -14.131289440861483 29.57304296990071
-9.521909647051388 -13.94112903661285 30.13195033346034
-9.352924539852646 -13.759257820123818 30.640087856137676
-9.191668680203989 -13.586998018022742 31.099221574744387
-9.038115866475964 -13.42435574014164 31.51114079097578
-8.885471970590869 -13.25660143639826 31.876942537322783
-8.747719548350359 -13.11685041171588 32.20245609882165
-8.612004357736346 -12.979911973173635 32.48743198418052
-8.479101558192285 -12.846932763464999 32.733710321710674
-8.34760428786807 -12.716814796925425 32.943368975883395
-8.215624963118152 -12.58789912678622 33.11834080552675
-8.081057065011343 -12.45821233935589 33.26027026679173
-7.942053901505069 -12.326231718224998 33.37069632441266
-7.794365102881405 -12.185461221239864 33.44927171496929
-7.637995111862527 -12.040988356047745 33.500595173539715
-7.469376382558786 -11.885795895000715 33.52195667608594
-7.286412917375295 -11.718090842935617 33.513668910947835
-7.086570758705716 -11.535692263078154 33.47596583800804
-6.86675005248725 -11.335901226489453 33.408988002438896
-6.616890600694481 -11.102593462553138 33.307968449205006
-6.340576242146202 -10.848856391865489 33.17913365658854
-6.027413529906033 -10.558843673119904 33.01655077730999
-5.667476686448916 -10.221581397399916 32.81791985141531
-5.246307643172849 -9.821183668638469 32.579716907068345
-4.7408078401212395 -9.333597032481647 32.29729633675554
-4.1054013995959835 -8.71274695640872 31.964782636175492
-3.2437781599779827 -7.859860430966318 31.57393102951546
-1.8741116291888682 -6.496340791478945 31.1262601830321
1.1629079278665237 -3.463809015060022 30.640572280118132
17.094275398076284 12.463943402581775 30.186089217595175
17.094979786424076 -12.465244000460899 30.18694176177523
1.1628166407266716 3.463735403761695 30.641649699205246
-1.8747917109283723 6.497166086602027 31.12733890926219
-3.2446150541258127 7.860759414180756 31.574792948514528
-4.1056271037289225 8.7122760567451 31.96525822573259
-4.74008722597874 9.333001000943831 32.29871722302252
-5.245579847064997 9.820698150547116 32.58168725916601
-5.6668386665241295 10.2212362580943 32.82022091431252
-6.027125752828482 10.559113650178206 33.01923908523122
-6.340793793577509 10.850107380323688 33.18229106301923
-6.6172093231198215 11.104626330699128 33.31181946955856
-6.864837226570382 11.33211044417731 33.41185867508662
-7.085970999484068 11.534126334548521 33.478943454786226
-7.286525910928621 11.71784803084269 33.516721762948414
-7.469733443631932 11.886077699425043 33.5250856738304
-7.6382038255345 12.041052984625626 33.50380377627216
-7.7940718896883086 12.184594763468366 33.45255041443293
-7.942397691916098 12.326576552850272 33.37409711445647
-8.08189273113856 12.459753192316079 33.263975906041004
-8.215984613615113 12.588408637921063 33.12192543998505
-8.347774589103933 12.716963972983098 32.946953830890884
-8.47924186077902 12.84708029136636 32.73734148404028
-8.612167588348417 12.980152836735618 32.491090551693695
-8.747906803024517 13.117095896777705 32.20605626565226
-8.886016814743288 13.25698668596934 31.880275682505022
-9.038369573259974 13.42461698793197 31.514893543377912
-9.19178827527681 13.586802474224484 31.10277382106448
-9.353242092130278 13.759395123551428 30.643660753313835
-9.522387237471694 13.941523352959333 30.13550309225084
-9.697987156994099 14.131916500389966 29.576527322060556
-9.880056244021734 14.330548836311907 28.964921855071072
-10.066317741114508 14.535075189377952 28.29935736201955
-10.254028516311404 14.742643437765004 27.578883152166302
-10.439511036888248 14.949421871163937 26.80300832860046
-10.617992337337615 15.150439266414566 25.971776313292068
-10.784186240820393 15.340585893632785 25.08551632870904
-10.932586742777996 15.513805142329444 24.14553337065723
-11.057123807983944 15.66289142717847 23.15276713107771
-11.151745883414053 15.784199959837112 22.10897608188843
-11.209795692930847 15.868969092279954 21.015458146248733
-11.225139632962321 15.910893499361903 19.873453628539597
-11.191458539446288 15.903452333137071 18.683645491635325
-11.10170820975246 15.839377802733367 17.44575677612471
-10.947052001308695 15.709595688705813 16.157976124128567
-10.715060337146781 15.501432435058259 14.815998456323275
-10.385853943960154 15.194765456174943 13.41130706529746
-9.924036524466878 14.753962187166401 11.927559484742208
-9.25680968930838 14.106000562388775 10.332064702720183
-8.20061365322686 13.067114335196226 8.550884135148458
-6.081365974018361 10.963035485796768 6.364382716354969

VECTORS D float
-0.0115716985974747 -0.0 -0.005395971673863909
-0.018536508097034082 -0.0 -0.008643715681099133
-0.02256028248307156 -0.0 -0.010520032491996336
-0.025148755621628174 -0.0 -0.011727057339433791
-0.026643907757893763 -0.0 -0.01242425823068124
-0.027142171164116817 -0.0 -0.012656602272781446
-0.02666442558384142 -0.0 -0.012433825850049327
-0.02520685727712092 -0.0 -0.011754150586341541
-0.02275818041047147 -0.0 -0.010612313811075915
-0.019312231185689328 -0.0 -0.009005441297946722
-0.014872862558500389 -0.0 -0.006935329709715477
-0.009459771583768246 -0.0 -0.004411163933908173
-0.003111687208196643 -0.0 -0.0014510035749650421
0.0041073346430421905 0.0 0.0019152815986559011
0.01211882732298543 0.0 0.005651101988566147
0.02082994409320999 0.0 0.009713162449604297
0.030137424291463828 0.0 0.014053311744176067
0.03992778621237871 0.0 0.01861863248400776
0.05008757521923004 0.0 0.0233562199031415
0.06051039379491081 0.0 0.02821646002454162
0.07110073641989954 0.0 0.03315481789305917
0.08176781646795735 0.0 0.03812895900962092
0.09246610623249839 0.0 0.04311765345598764
0.10312481930787265 0.0 0.04808789298911148
0.11369862032321204 0.0 0.05301853737837134
0.12427849142110631 0.0 0.05795201229361217
0.13457669438310152 0.0 0.06275414320002502
0.14480641003824096 0.0 0.06752433795076462
0.15492664075643126 0.0 0.07224347903695223
0.16495053663902137 0.0 0.07691769845155236
0.17490773300019588 0.0 0.08156081536852111
0.18483758292228572 0.0 0.08619118043152142
0.19477938646920884 0.0 0.0908271195613242
0.20481945157965237 0.0 0.09550887881069882
0.2150027786149767 0.0 0.10025744219276739
0.22538473688090055 0.0 0.1050986288388133
0.2360252321190421 0.0 0.11006037325492049
0.24700192013036767 0.0 0.11517888693577977
0.2584151681970185 0.0 0.12050097191368178
0.27051575510815473 0.0 0.12614356825851475
0.2833115835344056 0.0 0.13211036104611293
0.297072121017324 0.0 0.1385270050547267
0.31212738952365504 0.0 0.14554739205480866
0.32896261796065945 0.0 0.1533977880017726
0.3483720622475537 0.0 0.16244856051328416
0.37196152908717517 0.0 0.17344850955239305
0.4031969739631164 0.0 0.18801383670392274
0.4526025476048195 0.0 0.2110520340485896
0.5637866162665698 0.0 0.262898016730395
1.1586555151447933 0.0 0.5402899398755421
1.1586964761014804 0.0 0.5403090402833306
0.5638016177067515 0.0 0.2629050120168351
0.4525962076167638 0.0 0.2110490776636067
0.4031816961020557 0.0 0.1880067125203099
0.3719613936286903 0.0 0.1734484463870642
0.3484187558744447 0.0 0.16247033410909048
0.3290170793301745 0.0 0.15342318375545105
0.3121828139640855 0.0 0.1455732368958303
0.29712099713369616 0.0 0.13854979636209191
0.2833505154217495 0.0 0.1321285152833278
0.2705605748311451 0.0 0.12616446803858153
0.2585116111263742 0.0 0.12054594399021526
0.24705953714508092 0.0 0.11520575419098056
0.23606231625514307 0.0 0.11007766587158041
0.22541516718254154 0.0 0.10511281872150843
0.21503745127718188 0.0 0.10027361032068229
0.20486727766897672 0.0 0.0955311804824104
0.19481113893445948 0.0 0.09084192597903587
0.1848597854887564 0.0 0.08620153365829739
0.17493948026523787 0.0 0.08157561936133567
0.16498584353090356 0.0 0.07693416232562267
0.15496210066927132 0.0 0.07226001426586705
0.14484058487865956 0.0 0.06754027394056804
0.1346087154781251 0.0 0.06276907488185704
0.1242994732343804 0.0 0.057961796273823855
0.11372869921965131 0.0 0.05303256339812983
0.10315466539950499 0.0 0.048101810450205645
0.09249137423673792 0.0 0.04312943611987083
0.08178910475926121 0.0 0.038138885902884945
0.07111756846346744 0.0 0.033162666803877285
0.060524184536528636 0.0 0.028222890752969645
0.05009899169214755 0.0 0.023361543491892057
0.03993735600590336 0.0 0.01862309495201527
0.030145182605690084 0.0 0.014056929505514144
0.02083772677406773 0.0 0.009716791573289238
0.01212573604601266 0.0 0.005654323579021817
0.004113600372640506 0.0 0.0019182033563515239
-0.0031063001570546386 -0.0 -0.001448491551762653
-0.00945528018474101 -0.0 -0.004409069560145943
-0.01486929786368317 -0.0 -0.006933667465223222
-0.019309574560821413 -0.0 -0.009004202493425968
-0.022756344261786996 -0.0 -0.010611457600882834
-0.025205611194190135 -0.0 -0.01175356952832822
-0.026663849693351487 -0.0 -0.012433557307903612
-0.02714203135098736 -0.0 -0.012656537076848468
-0.026644217112172536 -0.0 -0.012424402484950517
-0.02514948918812525 -0.0 -0.011727399407109143
-0.022561429730770115 -0.0 -0.010520567462383973
-0.018538087474285973 -0.0 -0.008644452156806804
-0.011573833387826669 -0.0 -0.005396967142953587
-0.0115716985974747 -0.0 -0.005395971673863909
-0.018536508097034082 -0.0 -0.008643715681099133
-0.02256028248307156 -0.0 -0.010520032491996336
-0.025148755621628174 -0.0 -0.011727057339433791
-0.026643907757893763 -0.0 -0.01242425823068124
-0.027142171164116817 -0.0 -0.012656602272781446
-0.02666442558384142 -0.0 -0.012433825850049327
-0.02520685727712092 -0.0 -0.011754150586341541
-0.02275818041047147 -0.0 -0.010612313811075915
-0.019312231185689328 -0.0 -0.009005441297946722
-0.014872862558500389 -0.0 -0.006935329709715477
-0.009459771583768246 -0.0 -0.004411163933908173
-0.003111687208196643 -0.0 -0.0014510035749650421
0.0041073346430421905 0.0 0.0019152815986559011
0.01211882732298543 0.0 0.005651101988566147
0.02082994409320999 0.0 0.009713162449604297
0.030137424291463828 0.0 0.014053311744176067
0.03992778621237871 0.0 0.01861863248400776
0.05008757521923004 0.0 0.0233562199031415
0.06051039379491081 0.0 0.02821646002454162
0.07110073641989954 0.0 0.03315481789305917
0.08176781646795735 0.0 0.03812895900962092
0.09246610623249839 0.0 0.04311765345598764
0.10312481930787265 0.0 0.04808789298911148
0.11369862032321204 0.0 0.05301853737837134
0.12427849142110631 0.0 0.05795201229361217
0.13457669438310152 0.0 0.06275414320002502
0.14480641003824096 0.0 0.06752433795076462
0.15492664075643126 0.0 0.07224347903695223
0.16495053663902137 0.0 0.07691769845155236
0.17490773300019588 0.0 0.08156081536852111
0.18483758292228572 0.0 0.08619118043152142
0.19477938646920884 0.0 0.0908271195613242
0.20481945157965237 0.0 0.09550887881069882
0.2150027786149767 0.0 0.10025744219276739
0.22538473688090055 0.0 0.1050986288388133
0.2360252321190421 0.0 0.11006037325492049
0.24700192013036767 0.0 0.11517888693577977
0.2584151681970185 0.0 0.12050097191368178
0.27051575510815473 0.0 0.12614356825851475
0.2833115835344056 0.0 0.13211036104611293
0.297072121017324 0.0 0.1385270050547267
0.31212738952365504 0.0 0.14554739205480866
0.32896261796065945 0.0 0.1533977880017726
0.3483720622475537 0.0 0.16244856051328416
0.37196152908717517 0.0 0.17344850955239305
0.4031969739631164 0.0 0.18801383670392274
0.4526025476048195 0.0 0.2110520340485896
0.5637866162665698 0.0 0.262898016730395
1.1586555151447933 0.0 0.5402899398755421
1.1586964761014804 0.0 0.5403090402833306
0.5638016177067515 0.0 0.2629050120168351
0.4525962076167638 0.0 0.2110490776636067
0.4031816961020557 0.0 0.1880067125203099
0.3719613936286903 0.0 0.1734484463870642
0.3484187558744447 0.0 0.16247033410909048
0.3290170793301745 0.0 0.15342318375545105
0.3121828139640855 0.0 0.1455732368958303
0.29712099713369616 0.0 0.13854979636209191
0.2833505154217495 0.0 0.1321285152833278
0.2705605748311451 0.0 0.12616446803858153
0.2585116111263742 0.0 0.12054594399021526
0.24705953714508092 0.0 0.11520575419098056
0.23606231625514307 0.0 0.11007766587158041
0.22541516718254154 0.0 0.10511281872150843
0.21503745127718188 0.0 0.10027361032068229
0.20486727766897672 0.0 0.0955311804824104
0.19481113893445948 0.0 0.09084192597903587
0.1848597854887564 0.0 0.08620153365829739
0.17493948026523787 0.0 0.08157561936133567
0.16498584353090356 0.0 0.07693416232562267
0.15496210066927132 0.0 0.07226001426586705
0.14484058487865956 0.0 0.06754027394056804
0.1346087154781251 0.0 0.06276907488185704
0.1242994732343804 0.0 0.057961796273823855
0.11372869921965131 0.0 0.05303256339812983
0.10315466539950499 0.0 0.048101810450205645
0.09249137423673792 0.0 0.04312943611987083
0.08178910475926121 0.0 0.038138885902884945
0.07111756846346744 0.0 0.033162666803877285
0.060524184536528636 0.0 0.028222890752969645
0.05009899169214755 0.0 0.023361543491892057
0.03993735600590336 0.0 0.01862309495201527
0.030145182605690084 0.0 0.014056929505514144
0.02083772677406773 0.0 0.009716791573289238
0.01212573604601266 0.0 0.005654323579021817
0.004113600372640506 0.0 0.0019182033563515239
-0.0031063001570546386 -0.0 -0.001448491551762653
-0.00945528018474101 -0.0 -0.004409069560145943
-0.01486929786368317 -0.0 -0.006933667465223222
-0.019309574560821413 -0.0 -0.009004202493425968
-0.022756344261786996 -0.0 -0.010611457600882834
-0.025205611194190135 -0.0 -0.01175356952832822
-0.026663849693351487 -0.0 -0.012433557307903612
-0.02714203135098736 -0.0 -0.012656537076848468
-0.026644217112172536 -0.0 -0.012424402484950517
-0.02514948918812525 -0.0 -0.011727399407109143
-0.022561429730770115 -0.0 -0.010520567462383973
-0.018538087474285973 -0.0 -0.008644452156806804
-0.011573833387826669 -0.0 -0.005396967142953587

VECTORS funs-vector float
0.0 0.0 -0.07649694390617838
0.0 0.0 -0.11734800983139082
0.0 0.0 -0.15056250548171307
0.0 0.0 -0.1802297719989936
0.0 0.0 -0.20772293948645695
0.0 0.0 -0.23364019094910699
0.0 0.0 -0.25826927596170735
0.0 0.0 -0.2814938339607743
0.0 0.0 -0.30377703784605753
0.0 0.0 -0.32507210504708317
0.0 0.0 -0.3452147583813614
0.0 0.0 -0.3642142639189596
0.0 0.0 -0.3820146867649484
0.0 0.0 -0.3985750729181989
0.0 0.0 -0.4138943069487729
0.0 0.0 -0.428106450623705
0.0 0.0 -0.44289496292381303
0.0 0.0 -0.45528445700423714
0.0 0.0 -0.4659214453833702
0.0 0.0 -0.4754216677607503
0.0 0.0 -0.4837587983397752
0.0 0.0 -0.49050487034803203
0.0 0.0 -0.4961454398750397
0.0 0.0 -0.5000696589468432
0.0 0.0 -0.5038426475420359
0.0 0.0 -0.5094002528430902
0.0 0.0 -0.5105156076722713
0.0 0.0 -0.5108886928141256
0.0 0.0 -0.5098150322629811
0.0 0.0 -0.5079514952321282
0.0 0.0 -0.5054699952497066
0.0 0.0 -0.5022841193380283
0.0 0.0 -0.49801279412247246
0.0 0.0 -0.49141623876170326
0.0 0.0 -0.48488082546656386
0.0 0.0 -0.4772985488631614
0.0 0.0 -0.4689429169152746
0.0 0.0 -0.4602529658835918
0.0 0.0 -0.45194418153846727
0.0 0.0 -0.4462668575374181
0.0 0.0 -0.4329899053200254
0.0 0.0 -0.4206370314692368
0.0 0.0 -0.40920406404416043
0.0 0.0 -0.3987299481575714
0.0 0.0 -0.3886472894609484
0.0 0.0 -0.3767247895508613
0.0 0.0 -0.3675860628975379
0.0 0.0 -0.3583265429508732
0.0 0.0 -0.3488996674342828
0.0 0.0 -0.3409744524092024
0.0 0.0 -0.3415924821481266
0.0 0.0 -0.3481081930898957
0.0 0.0 -0.3552531563909318
0.0 0.0 -0.36268010716296
0.0 0.0 -0.37167319030633783
0.0 0.0 -0.3874415103872602
0.0 0.0 -0.398464073953712
0.0 0.0 -0.40881234312269576
0.0 0.0 -0.4192090712829098
0.0 0.0 -0.42976916170203744
0.0 0.0 -0.4404572505197003
0.0 0.0 -0.44819420610088334
0.0 0.0 -0.45502782510646517
0.0 0.0 -0.4622394418769545
0.0 0.0 -0.46964920173246216
0.0 0.0 -0.47675623453288246
0.0 0.0 -0.48270940015177266
0.0 0.0 -0.48968970996844924
0.0 0.0 -0.49558819137502186
0.0 0.0 -0.5005290680766517
0.0 0.0 -0.5047300149321909
0.0 0.0 -0.5083762220302208
0.0 0.0 -0.5114206118094299
0.0 0.0 -0.5131694409067824
0.0 0.0 -0.5132411401189451
0.0 0.0 -0.5089425420214235
0.0 0.0 -0.5054802161426813
0.0 0.0 -0.5015223951345539
0.0 0.0 -0.49588164819282615
0.0 0.0 -0.4889458897878538
0.0 0.0 -0.4805802064176982
0.0 0.0 -0.47110722990059645
0.0 0.0 -0.4605143136021663
0.0 0.0 -0.44825862182091025
0.0 0.0 -0.43288125398525995
0.0 0.0 -0.41777540519149126
0.0 0.0 -0.402095820354129
0.0 0.0 -0.38529919836851634
0.0 0.0 -0.36730363570448155
0.0 0.0 -0.3481169809125622
0.0 0.0 -0.3277817806320211
0.0 0.0 -0.306259679536219
0.0 0.0 -0.2836205744365405
0.0 0.0 -0.26007792466342405
0.0 0.0 -0.23523692011210146
0.0 0.0 -0.20911053066797794
0.0 0.0 -0.18140276121018128
0.0 0.0 -0.1515148102014387
0.0 0.0 -0.11806876943065854
0.0 0.0 -0.07695333620377427
0.0 0.0 -0.07649694390617838
0.0 0.0 -0.11734800983139082
0.0 0.0 -0.15056250548171307
0.0 0.0 -0.1802297719989936
0.0 0.0 -0.20772293948645695
0.0 0.0 -0.23364019094910699
0.0 0.0 -0.25826927596170735
0.0 0.0 -0.2814938339607743
0.0 0.0 -0.30377703784605753
0.0 0.0 -0.32507210504708317
0.0 0.0 -0.3452147583813614
0.0 0.0 -0.3642142639189596
0.0 0.0 -0.3820146867649484
0.0 0.0 -0.3985750729181989
0.0 0.0 -0.4138943069487729
0.0 0.0 -0.428106450623705
0.0 0.0 -0.44289496292381303
0.0 0.0 -0.45528445700423714
0.0 0.0 -0.4659214453833702
0.0 0.0 -0.4754216677607503
0.0 0.0 -0.4837587983397752
0.0 0.0 -0.49050487034803203
0.0 0.0 -0.4961454398750397
0.0 0.0 -0.5000696589468432
0.0 0.0 -0.5038426475420359
0.0 0.0 -0.5094002528430902
0.0 0.0 -0.5105156076722713
0.0 0.0 -0.5108886928141256
0.0 0.0 -0.5098150322629811
0.0 0.0 -0.5079514952321282
0.0 0.0 -0.5054699952497066
0.0 0.0 -0.5022841193380283
0.0 0.0 -0.49801279412247246
0.0 0.0 -0.49141623876170326
0.0 0.0 -0.48488082546656386
0.0 0.0 -0.4772985488631614
0.0 0.0 -0.4689429169152746
0.0 0.0 -0.4602529658835918
0.0 0.0 -0.45194418153846727
0.0 0.0 -0.4462668575374181
0.0 0.0 -0.4329899053200254
0.0 0.0 -0.4206370314692368
0.0 0.0 -0.40920406404416043
0.0 0.0 -0.3987299481575714
0.0 0.0 -0.3886472894609484
0.0 0.0 -0.3767247895508613
0.0 0.0 -0.3675860628975379
0.0 0.0 -0.3583265429508732
0.0 0.0 -0.3488996674342828
0.0 0.0 -0.3409744524092024
0.0 0.0 -0.3415924821481266
0.0 0.0 -0.3481081930898957
0.0 0.0 -0.3552531563909318
0.0 0.0 -0.36268010716296
0.0 0.0 -0.37167319030633783
0.0 0.0 -0.3874415103872602
0.0 0.0 -0.398464073953712
0.0 0.0 -0.40881234312269576
0.0 0.0 -0.4192090712829098
0.0 0.0 -0.42976916170203744
0.0 0.0 -0.4404572505197003
0.0 0.0 -0.44819420610088334
0.0 0.0 -0.45502782510646517
0.0 0.0 -0.4622394418769545
0.0 0.0 -0.46964920173246216
0.0 0.0 -0.47675623453288246
0.0 0.0 -0.48270940015177266
0.0 0.0 -0.48968970996844924
0.0 0.0 -0.49558819137502186
0.0 0.0 -0.5005290680766517
0.0 0.0 -0.5047300149321909
0.0 0.0 -0.5083762220302208
0.0 0.0 -0.5114206118094299
0.0 0.0 -0.5131694409067824
0.0 0.0 -0.5132411401189451
0.0 0.0 -0.5089425420214235
0.0 0.0 -0.5054802161426813
0.0 0.0 -0.5015223951345539
0.0 0.0 -0.49588164819282615
0.0 0.0 -0.4889458897878538
0.0 0.0 -0.4805802064176982
0.0 0.0 -0.47110722990059645
0.0 0.0 -0.4605143136021663
0.0 0.0 -0.44825862182091025
0.0 0.0 -0.43288125398525995
0.0 0.0 -0.41777540519149126
0.0 0.0 -0.402095820354129
0.0 0.0 -0.38529919836851634
0.0 0.0 -0.36730363570448155
0.0 0.0 -0.3481169809125622
0.0 0.0 -0.3277817806320211
0.0 0.0 -0.306259679536219
0.0 0.0 -0.2836205744365405
0.0 0.0 -0.26007792466342405
0.0 0.0 -0.23523692011210146
0.0 0.0 -0.20911053066797794
0.0 0.0 -0.18140276121018128
0.0 0.0 -0.1515148102014387
0.0 0.0 -0.11806876943065854
0.0 0.0 -0.07695333620377427

VECTORS S float
-0.0 -0.049614943810538346 0.0
-0.0 -0.06999896140933907 0.0
-0.0 -0.08728920439336219 0.0
-0.0 -0.10356231149537615 0.0
-0.0 -0.1192861031410568 0.0
-0.0 -0.1345779605949903 0.0
-0.0 -0.14944232135740979 0.0
-0.0 -0.16384200308715496 0.0
-0.0 -0.17772284107294664 0.0
-0.0 -0.19103031080519467 0.0
-0.0 -0.20371634620367063 0.0
-0.0 -0.21574689983727122 0.0
-0.0 -0.22710646810422208 0.0
-0.0 -0.23783737724782578 0.0
-0.0 -0.24793095215539046 0.0
-0.0 -0.2574549551801313 0.0
-0.0 -0.2664596937261397 0.0
-0.0 -0.2750254043791996 0.0
-0.0 -0.28323278065710356 0.0
-0.0 -0.291158475613068 0.0
-0.0 -0.29887074162492316 0.0
-0.0 -0.30643687944218173 0.0
-0.0 -0.3138759851736245 0.0
-0.0 -0.32123999054232866 0.0
-0.0 -0.3285530122768591 0.0
-0.0 -0.33546629266061184 0.0
-0.0 -0.3428326126514766 0.0
-0.0 -0.3500424587443019 0.0
-0.0 -0.35713472022736886 0.0
-0.0 -0.3640878341061111 0.0
-0.0 -0.37086005994716587 0.0
-0.0 -0.3773946155158231 0.0
-0.0 -0.3836421848469409 0.0
-0.0 -0.3893894653419098 0.0
-0.0 -0.39478133975740365 0.0
-0.0 -0.39957267301250776 0.0
-0.0 -0.4036749678778803 0.0
-0.0 -0.40698007912245615 0.0
-0.0 -0.40935390492461154 0.0
-0.0 -0.41015740450159077 0.0
-0.0 -0.40980136014009105 0.0
-0.0 -0.40762308256776697 0.0
-0.0 -0.4030993459703467 0.0
-0.0 -0.3954726457121023 0.0
-0.0 -0.3835969848297531 0.0
-0.0 -0.3653230551845473 0.0
-0.0 -0.336094923178798 0.0
-0.0 -0.2831893555679331 0.0
-0.0 -0.1538739639002224 0.0
0.0 0.5640500932550186 -0.0
-0.0 -0.5641089512208578 0.0
0.0 0.15387069384052446 -0.0
0.0 0.2832253319431821 -0.0
0.0 0.3361333645349834 -0.0
0.0 0.3653033104927015 -0.0
0.0 0.38357248881819606 -0.0
0.0 0.39545309520468774 -0.0
0.0 0.40308573502083067 -0.0
0.0 0.40763350500455287 -0.0
0.0 0.4098486145928357 -0.0
0.0 0.41023250370478853 -0.0
0.0 0.409217014922556 -0.0
0.0 0.4069248330477201 -0.0
0.0 0.40366660327607695 -0.0
0.0 0.3995821466184888 -0.0
0.0 0.39478345869945325 -0.0
0.0 0.3893617774668066 -0.0
0.0 0.3836529174951737 -0.0
0.0 0.37744129232583695 -0.0
0.0 0.37087507097705463 -0.0
0.0 0.3640921050802953 -0.0
0.0 0.3571388213880699 -0.0
0.0 0.350048954356415 -0.0
0.0 0.3428390288476281 -0.0
0.0 0.33547604163330136 -0.0
0.0 0.32855940615900175 -0.0
0.0 0.32123536726294205 -0.0
0.0 0.3138791173373758 -0.0
0.0 0.30644554682273845 -0.0
0.0 0.2988840036663742 -0.0
0.0 0.29117335553943025 -0.0
0.0 0.28324735632216325 -0.0
0.0 0.27503809953070857 -0.0
0.0 0.26646970056415975 -0.0
0.0 0.2574596502217277 -0.0
0.0 0.24793972915098692 -0.0
0.0 0.2378441901995078 -0.0
0.0 0.22711076332737737 -0.0
0.0 0.21574980733228685 -0.0
0.0 0.2037181115334064 -0.0
0.0 0.19103108755430281 -0.0
0.0 0.17772270262406287 -0.0
0.0 0.16384087834183345 -0.0
0.0 0.14944051643512002 -0.0
0.0 0.13457544122822637 -0.0
0.0 0.11928313742989619 -0.0
0.0 0.10355912813258625 -0.0
0.0 0.08728604719056075 -0.0
0.0 0.0699960949780206 -0.0
0.0 0.049612718771177955 -0.0
-0.0 -0.049614943810538346 0.0
-0.0 -0.06999896140933907 0.0
-0.0 -0.08728920439336219 0.0
-0.0 -0.10356231149537615 0.0
-0.0 -0.1192861031410568 0.0
-0.0 -0.1345779605949903 0.0
-0.0 -0.14944232135740979 0.0
-0.0 -0.16384200308715496 0.0
-0.0 -0.17772284107294664 0.0
-0.0 -0.19103031080519467 0.0
-0.0 -0.20371634620367063 0.0
-0.0 -0.21574689983727122 0.0
-0.0 -0.22710646810422208 0.0
-0.0 -0.23783737724782578 0.0
-0.0 -0.24793095215539046 0.0
-0.0 -0.2574549551801313 0.0
-0.0 -0.2664596937261397 0.0
-0.0 -0.2750254043791996 0.0
-0.0 -0.28323278065710356 0.0
-0.0 -0.291158475613068 0.0
-0.0 -0.29887074162492316 0.0
-0.0 -0.30643687944218173 0.0
-0.0 -0.3138759851736245 0.0
-0.0 -0.32123999054232866 0.0
-0.0 -0.3285530122768591 0.0
-0.0 -0.33546629266061184 0.0
-0.0 -0.3428326126514766 0.0
-0.0 -0.3500424587443019 0.0
-0.0 -0.35713472022736886 0.0
-0.0 -0.3640878341061111 0.0
-0.0 -0.37086005994716587 0.0
-0.0 -0.3773946155158231 0.0
-0.0 -0.3836421848469409 0.0
-0.0 -0.3893894653419098 0.0
-0.0 -0.39478133975740365 0.0
-0.0 -0.39957267301250776 0.0
-0.0 -0.4036749678778803 0.0
-0.0 -0.40698007912245615 0.0
-0.0 -0.40935390492461154 0.0
-0.0 -0.41015740450159077 0.0
-0.0 -0.40980136014009105 0.0
-0.0 -0.40762308256776697 0.0
-0.0 -0.4030993459703467 0.0
-0.0 -0.3954726457121023 0.0
-0.0 -0.3835969848297531 0.0
-0.0 -0.3653230551845473 0.0
-0.0 -0.336094923178798 0.0
-0.0 -0.2831893555679331 0.0
-0.0 -0.1538739639002224 0.0
0.0 0.5640500932550186 -0.0
-0.0 -0.5641089512208578 0.0
0.0 0.15387069384052446 -0.0
0.0 0.2832253319431821 -0.0
0.0 0.3361333645349834 -0.0
0.0 0.3653033104927015 -0.0
0.0 0.38357248881819606 -0.0
0.0 0.39545309520468774 -0.0
0.0 0.40308573502083067 -0.0
0.0 0.40763350500455287 -0.0
0.0 0.4098486145928357 -0.0
0.0 0.41023250370478853 -0.0
0.0 0.409217014922556 -0.0
0.0 0.4069248330477201 -0.0
0.0 0.40366660327607695 -0.0
0.0 0.3995821466184888 -0.0
0.0 0.39478345869945325 -0.0
0.0 0.3893617774668066 -0.0
0.0 0.3836529174951737 -0.0
0.0 0.37744129232583695 -0.0
0.0 0.37087507097705463 -0.0
0.0 0.3640921050802953 -0.0
0.0 0.3571388213880699 -0.0
0.0 0.350048954356415 -0.0
0.0 0.3428390288476281 -0.0
0.0 0.33547604163330136 -0.0
0.0 0.32855940615900175 -0.0
0.0 0.32123536726294205 -0.0
0.0 0.3138791173373758 -0.0
0.0 0.30644554682273845 -0.0
0.0 0.2988840036663742 -0.0
0.0 0.29117335553943025 -0.0
0.0 0.28324735632216325 -0.0
0.0 0.27503809953070857 -0.0
0.0 0.26646970056415975 -0.0
0.0 0.2574596502217277 -0.0
0.0 0.24793972915098692 -0.0
0.0 0.2378441901995078 -0.0
0.0 0.22711076332737737 -0.0
0.0 0.21574980733228685 -0.0
0.0 0.2037181115334064 -0.0
0.0 0.19103108755430281 -0.0
0.0 0.17772270262406287 -0.0
0.0 0.16384087834183345 -0.0
0.0 0.14944051643512002 -0.0
0.0 0.13457544122822637 -0.0
0.0 0.11928313742989619 -0.0
0.0 0.10355912813258625 -0.0
0.0 0.08728604719056075 -0.0
0.0 0.0699960949780206 -0.0
0.0 0.049612718771177955 -0.0

VECTORS Vvpm_ApA float
-0.07826821151031359 0.23659452161046357 0.3571656722470747
-0.06941205185671012 0.23769406838835297 0.3355625870127549
-0.059299153540416975 0.23859847714509597 0.31069309781730037
-0.04811646684392008 0.23915708891555698 0.2829207174696043
-0.036073368974438455 0.23923023509203656 0.2526589175712183
-0.02339448567848447 0.23869871806537163 0.22035960086655773
-0.010311075347624155 0.23747062894187745 0.1864991212243036
0.003021129708952991 0.23553445053329455 0.1513261636244113
0.016262171039169174 0.232775559565884 0.11571415409573652
0.029280120072332605 0.2292516267373292 0.07990785711173418
0.04191432908550197 0.22500104982245303 0.04428638577281557
0.054089728525276666 0.22085072450602508 0.008450844009756264
0.0655223788549914 0.21501190951443278 -0.025448126421706047
0.07625929273987928 0.2086503176457239 -0.05828173892108556
0.08623147927826134 0.2018370918593984 -0.08977732285291384
0.09538224860018765 0.19462150220387092 -0.1197938904223911
0.10369726326504813 0.18714261458680545 -0.14793353310297522
0.11116370029233426 0.1794001282271571 -0.17414019106196732
0.11781056456518878 0.17152528801702702 -0.19851370232775525
0.12361976561384444 0.16347521367937615 -0.2206120217837563
0.12868360898562692 0.1553898510182248 -0.24088652783408065
0.13297279834566772 0.14731807289201282 -0.2588944703949805
0.1366522029076555 0.1392642639212626 -0.27548202386838355
0.13954973358859438 0.131450764269955 -0.2890420004304797
0.14194233072247972 0.12343905281872124 -0.3014344262575877
0.14378568262114189 0.11561735574713101 -0.3121754758964595
0.14486505493748517 0.10804834991493525 -0.3213203689947783
0.14556462702142242 0.10057312091197232 -0.32808275268768305
0.14586149130945225 0.0932805035371351 -0.33353078274328624
0.14575442167266653 0.08613841690578178 -0.33742290660620966
0.14524439100054432 0.07910196336216728 -0.3395677419863576
0.14433428096734674 0.07211391586580151 -0.3398533421541911
0.14356055363500833 0.06558836107817097 -0.3391999134249895
0.1422205256246676 0.05873304347878752 -0.337520132078185
0.14016277021948984 0.0520812482379906 -0.3340630566232577
0.13807206790897705 0.04526674510029566 -0.3288693512554814
0.135665735125432 0.03847679323951998 -0.3226718720611376
0.13285674714057552 0.03168624433814744 -0.31525903217150164
0.12960605713583895 0.02459199221025813 -0.3052643326545186
0.12569443203071082 0.017774115420831245 -0.29546688968064194
0.1204459361933481 0.011040932724916552 -0.28164251638380206
0.11469246209754645 0.004346139771669717 -0.26598577821544367
0.10780160411511788 -0.0019872755252918727 -0.24770052162504116
0.0996415511317377 -0.0075817961709320186 -0.22662256182294063
0.09029067447220573 -0.011977808260445049 -0.20261769409375763
0.07992939753330437 -0.014111048622079316 -0.1778067927748836
0.06995609222493901 -0.013475910697344263 -0.15536521915178567
0.06220240437655568 -0.010037875389263637 -0.13974594315578168
0.058091290562722366 -0.00536661511510644 -0.13377550798482712
0.05702512007279985 -0.0018507901437581702 -0.13558262505650928
0.05673233329935069 -0.00031400671121454047 -0.13833311411428162
0.05689283529378898 0.0013470423114417683 -0.13483395583198382
0.058084052553516 0.004906823562752708 -0.1336728899320251
0.06222577121826346 0.009584993643322645 -0.13982020544363827
0.07002299033989454 0.013013103302819774 -0.15562155935934868
0.08004612815267442 0.013617135371323886 -0.17821396659031924
0.09038325531984727 0.011444311523906141 -0.20306133044977215
0.09967228420167348 0.007070573746759799 -0.22648139459810943
0.10782710805684323 0.00149303706495698 -0.24744579221977114
0.11473057500539427 -0.004852695655140453 -0.26569555918337767
0.12050920399553737 -0.011582206174802184 -0.28138275143747027
0.12559901239628837 -0.018426744611031578 -0.2948830544928549
0.12959234002046227 -0.02534006990704636 -0.30504171584394846
0.13293680626482757 -0.032303977606845544 -0.31504481757623426
0.13579573456684696 -0.03914453277146142 -0.3226411393814519
0.138225696186722 -0.04597228126636854 -0.3289099750851863
0.14031951558659397 -0.05281227812524482 -0.3340828468000661
0.14214129120061206 -0.059699977566745714 -0.3383073525504432
0.14374942641429453 -0.06652286505397648 -0.33956067953013774
0.14457732039766774 -0.07278457033028683 -0.34000355027742124
0.1454886852953071 -0.0797966855562133 -0.3396283212025253
0.145993993726083 -0.08685265098272683 -0.33742947507218235
0.14608907085555833 -0.09401113164280606 -0.33348919572650404
0.14576875281334073 -0.1013157500610152 -0.32796082824484846
0.14502923768649806 -0.10879656358430302 -0.32104902971315896
0.14397423582215282 -0.11639038011475333 -0.3118577556723515
0.14212938107666637 -0.1242200343299401 -0.3011144923743582
0.13973768741824374 -0.13224311523525129 -0.28873074769528223
0.13684240071198 -0.1401027640908898 -0.27530300107914046
0.1331720134963923 -0.14815858355253655 -0.25876499204776715
0.12889421801961198 -0.15624940334196233 -0.24080360775374268
0.12383119285241713 -0.16434192952089322 -0.22050806518836585
0.11803101159812544 -0.17240624310527425 -0.1984525781332349
0.11138840763877164 -0.1802828366268109 -0.17406430701867598
0.10392761026427179 -0.18803504343199962 -0.14787167551262403
0.09561696103580143 -0.19552111009591583 -0.1197414143333941
0.08653108702339532 -0.20275313300798337 -0.08995385210507803
0.07656925087896817 -0.20956794612083632 -0.05845809146763678
0.06584248404438835 -0.21592977310449074 -0.02561839628357859
0.0544198197788155 -0.22176759775237134 0.008291330346213877
0.04222902229751001 -0.225955234309263 0.04422774074136451
0.029600159894545838 -0.23018431249868707 0.07986032458918735
0.016594199976604176 -0.23369380133535178 0.11565491730916107
0.003370134295728716 -0.23644403899515162 0.1512364039389471
-0.009928252612391025 -0.23838263831023285 0.18635437077784678
-0.02299120788534724 -0.23961163698798468 0.22017168596387884
-0.03564959155306291 -0.24014566577046498 0.25242767735997107
-0.04767288125727 -0.24007606288016708 0.28264795217008265
-0.058837041604696286 -0.23952154778624093 0.3103820001782147
-0.06893316131331204 -0.2386213929770384 0.335217301357116
-0.07826821151031359 0.23659452161046357 0.3571656722470747
-0.06941205185671012 0.23769406838835297 0.3355625870127549
-0.059299153540416975 0.23859847714509597 0.31069309781730037
-0.04811646684392008 0.23915708891555698 0.2829207174696043
-0.036073368974438455 0.23923023509203656 0.2526589175712183
-0.02339448567848447 0.23869871806537163 0.22035960086655773
-0.010311075347624155 0.23747062894187745 0.1864991212243036
0.003021129708952991 0.23553445053329455 0.1513261636244113
0.016262171039169174 0.232775559565884 0.11571415409573652
0.029280120072332605 0.2292516267373292 0.07990785711173418
0.04191432908550197 0.22500104982245303 0.04428638577281557
0.054089728525276666 0.22085072450602508 0.008450844009756264
0.0655223788549914 0.21501190951443278 -0.025448126421706047
0.07625929273987928 0.2086503176457239 -0.05828173892108556
0.08623147927826134 0.2018370918593984 -0.08977732285291384
0.09538224860018765 0.19462150220387092 -0.1197938904223911
0.10369726326504813 0.18714261458680545 -0.14793353310297522
0.11116370029233426 0.1794001282271571 -0.17414019106196732
0.11781056456518878 0.17152528801702702 -0.19851370232775525
0.12361976561384444 0.16347521367937615 -0.2206120217837563
0.12868360898562692 0.1553898510182248 -0.24088652783408065
0.13297279834566772 0.14731807289201282 -0.2588944703949805
0.1366522029076555 0.1392642639212626 -0.27548202386838355
0.13954973358859438 0.131450764269955 -0.2890420004304797
0.14194233072247972 0.12343905281872124 -0.3014344262575877
0.14378568262114189 0.11561735574713101 -0.3121754758964595
0.14486505493748517 0.10804834991493525 -0.3213203689947783
0.14556462702142242 0.10057312091197232 -0.32808275268768305
0.14586149130945225 0.0932805035371351 -0.33353078274328624
0.14575442167266653 0.08613841690578178 -0.33742290660620966
0.14524439100054432 0.07910196336216728 -0.3395677419863576
0.14433428096734674 0.07211391586580151 -0.3398533421541911
0.14356055363500833 0.06558836107817097 -0.3391999134249895
0.1422205256246676 0.05873304347878752 -0.337520132078185
0.14016277021948984 0.0520812482379906 -0.3340630566232577
0.13807206790897705 0.04526674510029566 -0.3288693512554814
0.135665735125432 0.03847679323951998 -0.3226718720611376
0.13285674714057552 0.03168624433814744 -0.31525903217150164
0.12960605713583895 0.02459199221025813 -0.3052643326545186
0.12569443203071082 0.017774115420831245 -0.29546688968064194
0.1204459361933481 0.011040932724916552 -0.28164251638380206
0.11469246209754645 0.004346139771669717 -0.26598577821544367
0.10780160411511788 -0.0019872755252918727 -0.24770052162504116
0.0996415511317377 -0.0075817961709320186 -0.22662256182294063
0.09029067447220573 -0.011977808260445049 -0.20261769409375763
0.07992939753330437 -0.014111048622079316 -0.1778067927748836
0.06995609222493901 -0.013475910697344263 -0.15536521915178567
0.06220240437655568 -0.010037875389263637 -0.13974594315578168
0.058091290562722366 -0.00536661511510644 -0.13377550798482712
0.05702512007279985 -0.0018507901437581702 -0.13558262505650928
0.05673233329935069 -0.00031400671121454047 -0.13833311411428162
0.05689283529378898 0.0013470423114417683 -0.13483395583198382
0.058084052553516 0.004906823562752708 -0.1336728899320251
0.06222577121826346 0.009584993643322645 -0.13982020544363827
0.07002299033989454 0.013013103302819774 -0.15562155935934868
0.08004612815267442 0.013617135371323886 -0.17821396659031924
0.09038325531984727 0.011444311523906141 -0.20306133044977215
0.09967228420167348 0.007070573746759799 -0.22648139459810943
0.10782710805684323 0.00149303706495698 -0.24744579221977114
0.11473057500539427 -0.004852695655140453 -0.26569555918337767
0.12050920399553737 -0.011582206174802184 -0.28138275143747027
0.12559901239628837 -0.018426744611031578 -0.2948830544928549
0.12959234002046227 -0.02534006990704636 -0.30504171584394846
0.13293680626482757 -0.032303977606845544 -0.31504481757623426
0.13579573456684696 -0.03914453277146142 -0.3226411393814519
0.138225696186722 -0.04597228126636854 -0.3289099750851863
0.14031951558659397 -0.05281227812524482 -0.3340828468000661
0.14214129120061206 -0.059699977566745714 -0.3383073525504432
0.14374942641429453 -0.06652286505397648 -0.33956067953013774
0.14457732039766774 -0.07278457033028683 -0.34000355027742124
0.1454886852953071 -0.0797966855562133 -0.3396283212025253
0.145993993726083 -0.08685265098272683 -0.33742947507218235
0.14608907085555833 -0.09401113164280606 -0.33348919572650404
0.14576875281334073 -0.1013157500610152 -0.32796082824484846
0.14502923768649806 -0.10879656358430302 -0.32104902971315896
0.14397423582215282 -0.11639038011475333 -0.3118577556723515
0.14212938107666637 -0.1242200343299401 -0.3011144923743582
0.13973768741824374 -0.13224311523525129 -0.28873074769528223
0.13684240071198 -0.1401027640908898 -0.27530300107914046
0.1331720134963923 -0.14815858355253655 -0.25876499204776715
0.12889421801961198 -0.15624940334196233 -0.24080360775374268
0.12383119285241713 -0.16434192952089322 -0.22050806518836585
0.11803101159812544 -0.17240624310527425 -0.1984525781332349
0.11138840763877164 -0.1802828366268109 -0.17406430701867598
0.10392761026427179 -0.18803504343199962 -0.14787167551262403
0.09561696103580143 -0.19552111009591583 -0.1197414143333941
0.08653108702339532 -0.20275313300798337 -0.08995385210507803
0.07656925087896817 -0.20956794612083632 -0.05845809146763678
0.06584248404438835 -0.21592977310449074 -0.02561839628357859
0.0544198197788155 -0.22176759775237134 0.008291330346213877
0.04222902229751001 -0.225955234309263 0.04422774074136451
0.029600159894545838 -0.23018431249868707 0.07986032458918735
0.016594199976604176 -0.23369380133535178 0.11565491730916107
0.003370134295728716 -0.23644403899515162 0.1512364039389471
-0.009928252612391025 -0.23838263831023285 0.18635437077784678
-0.02299120788534724 -0.23961163698798468 0.22017168596387884
-0.03564959155306291 -0.24014566577046498 0.25242767735997107
-0.04767288125727 -0.24007606288016708 0.28264795217008265
-0.058837041604696286 -0.23952154778624093 0.3103820001782147
-0.06893316131331204 -0.2386213929770384 0.335217301357116

VECTORS Vkin float
-0.0 -0.0 -0.0
-0.0 -0.0 -0.0
-0.0 -0.0 -0.0
-0.0 -0.0 -0.0
-0.0 -0.0 -0.0
-0.0 -0.0 -0.0
-0.0 -0.0 -0.0
-0.0 -0.0 -0.0
-0.0 -0.0 -0.0
-0.0 -0.0 -0.0
-0.0 -0.0 -0.0
-0.0 -0.0 -0.0
-0.0 -0.0 -0.0
-0.0 -0.0 -0.0
-0.0 -0.0 -0.0
-0.0 -0.0 -0.0
-0.0 -0.0 -0.0
-0.0 -0.0 -0.0
-0.0 -0.0 -0.0
-0.0 -0.0 -0.0
-0.0 -0.0 -0.0
-0.0 -0.0 -0.0
-0.0 -0.0 -0.0
-0.0 -0.0 -0.0
-0.0 -0.0 -0.0
-0.0 -0.0 -0.0
-0.0 -0.0 -0.0
-0.0 -0.0 -0.0
-0.0 -0.0 -0.0
-0.0 -0.0 -0.0
-0.0 -0.0 -0.0
-0.0 -0.0 -0.0
-0.0 -0.0 -0.0
-0.0 -0.0 -0.0
-0.0 -0.0 -0.0
-0.0 -0.0 -0.0
-0.0 -0.0 -0.0
-0.0 -0.0 -0.0
-0.0 -0.0 -0.0
-0.0 -0.0 -0.0
-0.0 -0.0 -0.0
-0.0 -0.0 -0.0
-0.0 -0.0 -0.0
-0.0 -0.0 -0.0
-0.0 -0.0 -0.0
-0.0 -0.0 -0.0
-0.0 -0.0 -0.0
-0.0 -0.0 -0.0
-0.0 -0.0 -0.0
-0.0 -0.0 -0.0
-0.0 -0.0 -0.0
-0.0 -0.0 -0.0
-0.0 -0.0 -0.0
-0.0 -0.0 -0.0
-0.0 -0.0 -0.0
-0.0 -0.0 -0.0
-0.0 -0.0 -0.0
-0.0 -0.0 -0.0
-0.0 -0.0 -0.0
-0.0 -0.0 -0.0
-0.0 -0.0 -0.0
-0.0 -0.0 -0.0
-0.0 -0.0 -0.0
-0.0 -0.0 -0.0
-0.0 -0.0 -0.0
-0.0 -0.0 -0.0
-0.0 -0.0 -0.0
-0.0 -0.0 -0.0
-0.0 -0.0 -0.0
-0.0 -0.0 -0.0
-0.0 -0.0 -0.0
-0.0 -0.0 -0.0
-0.0 -0.0 -0.0
-0.0 -0.0 -0.0
-0.0 -0.0 -0.0
-0.0 -0.0 -0.0
-0.0 -0.0 -0.0
-0.0 -0.0 -0.0
-0.0 -0.0 -0.0
-0.0 -0.0 -0.0
-0.0 -0.0 -0.0
-0.0 -0.0 -0.0
-0.0 -0.0 -0.0
-0.0 -0.0 -0.0
-0.0 -0.0 -0.0
-0.0 -0.0 -0.0
-0.0 -0.0 -0.0
-0.0 -0.0 -0.0
-0.0 -0.0 -0.0
-0.0 -0.0 -0.0
-0.0 -0.0 -0.0
-0.0 -0.0 -0.0
-0.0 -0.0 -0.0
-0.0 -0.0 -0.0
-0.0 -0.0 -0.0
-0.0 -0.0 -0.0
-0.0 -0.0 -0.0
-0.0 -0.0 -0.0
-0.0 -0.0 -0.0
-0.0 -0.0 -0.0
-0.0 -0.0 -0.0
-0.0 -0.0 -0.0
-0.0 -0.0 -0.0
-0.0 -0.0 -0.0
-0.0 -0.0 -0.0
-0.0 -0.0 -0.0
-0.0 -0.0 -0.0
-0.0 -0.0 -0.0
-0.0 -0.0 -0.0
-0.0 -0.0 -0.0
-0.0 -0.0 -0.0
-0.0 -0.0 -0.0
-0.0 -0.0 -0.0
-0.0 -0.0 -0.0
-0.0 -0.0 -0.0
-0.0 -0.0 -0.0
-0.0 -0.0 -0.0
-0.0 -0.0 -0.0
-0.0 -0.0 -0.0
-0.0 -0.0 -0.0
-0.0 -0.0 -0.0
-0.0 -0.0 -0.0
-0.0 -0.0 -0.0
-0.0 -0.0 -0.0
-0.0 -0.0 -0.0
-0.0 -0.0 -0.0
-0.0 -0.0 -0.0
-0.0 -0.0 -0.0
-0.0 -0.0 -0.0
-0.0 -0.0 -0.0
-0.0 -0.0 -0.0
-0.0 -0.0 -0.0
-0.0 -0.0 -0.0
-0.0 -0.0 -0.0
-0.0 -0.0 -0.0
-0.0 -0.0 -0.0
-0.0 -0.0 -0.0
-0.0 -0.0 -0.0
-0.0 -0.0 -0.0
-0.0 -0.0 -0.0
-0.0 -0.0 -0.0
-0.0 -0.0 -0.0
-0.0 -0.0 -0.0
-0.0 -0.0 -0.0
-0.0 -0.0 -0.0
-0.0 -0.0 -0.0
-0.0 -0.0 -0.0
-0.0 -0.0 -0.0
-0.0 -0.0 -0.0
-0.0 -0.0 -0.0
-0.0 -0.0 -0.0
-0.0 -0.0 -0.0
-0.0 -0.0 -0.0
-0.0 -0.0 -0.0
-0.0 -0.0 -0.0
-0.0 -0.0 -0.0
-0.0 -0.0 -0.0
-0.0 -0.0 -0.0
-0.0 -0.0 -0.0
-0.0 -0.0 -0.0
-0.0 -0.0 -0.0
-0.0 -0.0 -0.0
-0.0 -0.0 -0.0
-0.0 -0.0 -0.0
-0.0 -0.0 -0.0
-0.0 -0.0 -0.0
-0.0 -0.0 -0.0
-0.0 -0.0 -0.0
-0.0 -0.0 -0.0
-0.0 -0.0 -0.0
-0.0 -0.0 -0.0
-0.0 -0.0 -0.0
-0.0 -0.0 -0.0
-0.0 -0.0 -0.0
-0.0 -0.0 -0.0
-0.0 -0.0 -0.0
-0.0 -0.0 -0.0
-0.0 -0.0 -0.0
-0.0 -0.0 -0.0
-0.0 -0.0 -0.0
-0.0 -0.0 -0.0
-0.0 -0.0 -0.0
-0.0 -0.0 -0.0
-0.0 -0.0 -0.0
-0.0 -0.0 -0.0
-0.0 -0.0 -0.0
-0.0 -0.0 -0.0
-0.0 -0.0 -0.0
-0.0 -0.0 -0.0
-0.0 -0.0 -0.0
-0.0 -0.0 -0.0
-0.0 -0.0 -0.0
-0.0 -0.0 -0.0
-0.0 -0.0 -0.0
-0.0 -0.0 -0.0
-0.0 -0.0 -0.0
-0.0 -0.0 -0.0
-0.0 -0.0 -0.0
-0.0 -0.0 -0.0
-0.0 -0.0 -0.0

VECTORS Funs-vector float
0.0 0.0 -0.0003461834425135928
0.0 0.0 -0.0006285934469491299
0.0 0.0 -0.0009316606716752327
0.0 0.0 -0.0012650458104050914
0.0 0.0 -0.0016306828828368443
0.0 0.0 -0.002028343633231839
0.0 0.0 -0.002456835601872939
0.0 0.0 -0.0029117429723775914
0.0 0.0 -0.003394739395586638
0.0 0.0 -0.0039029158081664277
0.0 0.0 -0.004431699264265618
0.0 0.0 -0.004978342739456517
0.0 0.0 -0.005539184608207769
0.0 0.0 -0.006110606945376771
0.0 0.0 -0.006689499545425293
0.0 0.0 -0.007275045633797465
0.0 0.0 -0.00789449178495194
0.0 0.0 -0.008493766557464779
0.0 0.0 -0.009079486410574853
0.0 0.0 -0.009659792090257222
0.0 0.0 -0.010231292157198655
0.0 0.0 -0.010781679261837035
0.0 0.0 -0.011318062410489667
0.0 0.0 -0.011823242507101435
0.0 0.0 -0.012331244997366046
0.0 0.0 -0.012890680550480415
0.0 0.0 -0.013343248880944245
0.0 0.0 -0.013777653850574894
0.0 0.0 -0.014172460638444193
0.0 0.0 -0.014542868059597706
0.0 0.0 -0.014891971317191464
0.0 0.0 -0.015215611753417867
0.0 0.0 -0.015500172379234484
0.0 0.0 -0.015703328991619567
0.0 0.0 -0.015897524043715375
0.0 0.0 -0.016045661449938013
0.0 0.0 -0.016154552773112778
0.0 0.0 -0.01623775879243739
0.0 0.0 -0.016320282950985292
0.0 0.0 -0.016486207174925868
0.0 0.0 -0.016355627332307644
0.0 0.0 -0.016238649677723857
0.0 0.0 -0.016137413984353494
0.0 0.0 -0.016055782362166596
0.0 0.0 -0.01597282675485693
0.0 0.0 -0.015795965585944663
0.0 0.0 -0.01571832103842535
0.0 0.0 -0.015620218525826698
0.0 0.0 -0.015499288384019677
0.0 0.0 -0.01543064385539099
0.0 0.0 -0.015458612510303405
0.0 0.0 -0.015464128450499473
0.0 0.0 -0.015486243048360594
0.0 0.0 -0.015508537820235445
0.0 0.0 -0.015584153435447261
0.0 0.0 -0.015923271024581853
0.0 0.0 -0.016045076323223155
0.0 0.0 -0.01612196603739629
0.0 0.0 -0.016183523420440875
0.0 0.0 -0.016233967954799144
0.0 0.0 -0.016271585848512564
0.0 0.0 -0.016184866537408995
0.0 0.0 -0.016053415438054785
0.0 0.0 -0.015923625644535786
0.0 0.0 -0.015788508280994547
0.0 0.0 -0.01563114749729431
0.0 0.0 -0.015425099783091215
0.0 0.0 -0.01524112433742357
0.0 0.0 -0.015012773088424372
0.0 0.0 -0.014746403535853441
0.0 0.0 -0.014450635703952747
0.0 0.0 -0.014132462835124288
0.0 0.0 -0.013791998649935102
0.0 0.0 -0.013412611613061468
0.0 0.0 -0.012987876518929806
0.0 0.0 -0.01245606183967348
0.0 0.0 -0.011951165344811117
0.0 0.0 -0.011440721434063262
0.0 0.0 -0.010899865028562687
0.0 0.0 -0.010340996927909872
0.0 0.0 -0.00976460517366242
0.0 0.0 -0.009180542630499614
0.0 0.0 -0.008591334529286435
0.0 0.0 -0.007990097661390094
0.0 0.0 -0.007356186462900028
0.0 0.0 -0.006752227165724814
0.0 0.0 -0.006164583988088852
0.0 0.0 -0.005586809782710963
0.0 0.0 -0.005020570496910263
0.0 0.0 -0.004468956586393416
0.0 0.0 -0.003935449007758873
0.0 0.0 -0.0034224831698049093
0.0 0.0 -0.00293374175489893
0.0 0.0 -0.0024740407165932733
0.0 0.0 -0.002042205612279993
0.0 0.0 -0.0016415758597688851
0.0 0.0 -0.0012732791065515176
0.0 0.0 -0.0009375534060713256
0.0 0.0 -0.0006324543114118458
0.0 0.0 -0.00034824882511125856
0.0 0.0 -0.0003461834425135928
0.0 0.0 -0.0006285934469491299
0.0 0.0 -0.0009316606716752327
0.0 0.0 -0.0012650458104050914
0.0 0.0 -0.0016306828828368443
0.0 0.0 -0.002028343633231839
0.0 0.0 -0.002456835601872939
0.0 0.0 -0.0029117429723775914
0.0 0.0 -0.003394739395586638
0.0 0.0 -0.0039029158081664277
0.0 0.0 -0.004431699264265618
0.0 0.0 -0.004978342739456517
0.0 0.0 -0.005539184608207769
0.0 0.0 -0.006110606945376771
0.0 0.0 -0.006689499545425293
0.0 0.0 -0.007275045633797465
0.0 0.0 -0.00789449178495194
0.0 0.0 -0.008493766557464779
0.0 0.0 -0.009079486410574853
0.0 0.0 -0.009659792090257222
0.0 0.0 -0.010231292157198655
0.0 0.0 -0.010781679261837035
0.0 0.0 -0.011318062410489667
0.0 0.0 -0.011823242507101435
0.0 0.0 -0.012331244997366046
0.0 0.0 -0.012890680550480415
0.0 0.0 -0.013343248880944245
0.0 0.0 -0.013777653850574894
0.0 0.0 -0.014172460638444193
0.0 0.0 -0.014542868059597706
0.0 0.0 -0.014891971317191464
0.0 0.0 -0.015215611753417867
0.0 0.0 -0.015500172379234484
0.0 0.0 -0.015703328991619567
0.0 0.0 -0.015897524043715375
0.0 0.0 -0.016045661449938013
0.0 0.0 -0.016154552773112778
0.0 0.0 -0.01623775879243739
0.0 0.0 -0.016320282950985292
0.0 0.0 -0.016486207174925868
0.0 0.0 -0.016355627332307644
0.0 0.0 -0.016238649677723857
0.0 0.0 -0.016137413984353494
0.0 0.0 -0.016055782362166596
0.0 0.0 -0.01597282675485693
0.0 0.0 -0.015795965585944663
0.0 0.0 -0.01571832103842535
0.0 0.0 -0.015620218525826698
0.0 0.0 -0.015499288384019677
0.0 0.0 -0.01543064385539099
0.0 0.0 -0.015458612510303405
0.0 0.0 -0.015464128450499473
0.0 0.0 -0.015486243048360594
0.0 0.0 -0.015508537820235445
0.0 0.0 -0.015584153435447261
0.0 0.0 -0.015923271024581853
0.0 0.0 -0.016045076323223155
0.0 0.0 -0.01612196603739629
0.0 0.0 -0.016183523420440875
0.0 0.0 -0.016233967954799144
0.0 0.0 -0.016271585848512564
0.0 0.0 -0.016184866537408995
0.0 0.0 -0.016053415438054785
0.0 0.0 -0.015923625644535786
0.0 0.0 -0.015788508280994547
0.0 0.0 -0.01563114749729431
0.0 0.0 -0.015425099783091215
0.0 0.0 -0.01524112433742357
0.0 0.0 -0.015012773088424372
0.0 0.0 -0.014746403535853441
0.0 0.0 -0.014450635703952747
0.0 0.0 -0.014132462835124288
0.0 0.0 -0.013791998649935102
0.0 0.0 -0.013412611613061468
0.0 0.0 -0.012987876518929806
0.0 0.0 -0.01245606183967348
0.0 0.0 -0.011951165344811117
0.0 0.0 -0.011440721434063262
0.0 0.0 -0.010899865028562687
0.0 0.0 -0.010340996927909872
0.0 0.0 -0.00976460517366242
0.0 0.0 -0.009180542630499614
0.0 0.0 -0.008591334529286435
0.0 0.0 -0.007990097661390094
0.0 0.0 -0.007356186462900028
0.0 0.0 -0.006752227165724814
0.0 0.0 -0.006164583988088852
0.0 0.0 -0.005586809782710963
0.0 0.0 -0.005020570496910263
0.0 0.0 -0.004468956586393416
0.0 0.0 -0.003935449007758873
0.0 0.0 -0.0034224831698049093
0.0 0.0 -0.00293374175489893
0.0 0.0 -0.0024740407165932733
0.0 0.0 -0.002042205612279993
0.0 0.0 -0.0016415758597688851
0.0 0.0 -0.0012732791065515176
0.0 0.0 -0.0009375534060713256
0.0 0.0 -0.0006324543114118458
0.0 0.0 -0.00034824882511125856

VECTORS Ftot float
-0.027518998159633906 -0.049614943810538346 0.028803122600625557
-0.04392603479823541 -0.06999896140933907 0.04580430003808933
-0.05727785595768097 -0.08728920439336219 0.06393204408760261
-0.06965514372142641 -0.10356231149537615 0.08371719994746779
-0.0815289772452911 -0.1192861031410568 0.10527715311769034
-0.09301915657965217 -0.1345779605949903 0.12861704885314135
-0.10413167051733802 -0.14944232135740979 0.15369521702264313
-0.11483002622410153 -0.16384200308715496 0.18044335545845575
-0.12505993034112345 -0.17772284107294664 0.20877449689544547
-0.13476599665804684 -0.19103031080519467 0.23858595775641145
-0.14389869318498272 -0.20371634620367063 0.26976145699327
-0.15242207596584653 -0.21574689983727122 0.3021724871854527
-0.16031853247900585 -0.22710646810422208 0.33568016405976064
-0.16759872421290153 -0.23783737724782578 0.3701401131086488
-0.17428607044641206 -0.24793095215539046 0.4053976952719159
-0.18042526434641498 -0.2574549551801313 0.44130634973697375
-0.18606693404101457 -0.2664596937261397 0.4777050544325044
-0.191283413841581 -0.2750254043791996 0.5144526510990444
-0.1961482847702207 -0.28323278065710356 0.5514107257281413
-0.2007313357805912 -0.291158475613068 0.5884511570250923
-0.2050944187278536 -0.29887074162492316 0.625457239518627
-0.20929899371204447 -0.30643687944218173 0.6623237477712769
-0.21335877578420145 -0.3138759851736245 0.6989612294048196
-0.21732037908449228 -0.32123999054232866 0.7352848385855966
-0.22120243613319365 -0.3285530122768591 0.7712161706350958
-0.22485222587515302 -0.33546629266061184 0.8066652516979066
-0.22863747419309283 -0.3428326126514766 0.8416694413387993
-0.23224866134139133 -0.3500424587443019 0.8761215479376115
-0.2357124162256225 -0.35713472022736886 0.9099716401562943
-0.23899547281915134 -0.3640878341061111 0.9431827112468233
-0.24204572467870672 -0.37086005994716587 0.9757203908913169
-0.2447981573068178 -0.3773946155158231 1.007547998651081
-0.24718883926549592 -0.3836421848469409 1.0386310382947292
-0.24907088906904884 -0.3893894653419098 1.0688798554842796
-0.25042279372416265 -0.39478133975740365 1.0983658030561738
-0.25110297310177143 -0.39957267301250776 1.126929820434405
-0.2510086787848778 -0.4036749678778803 1.1545079657112125
-0.25001474227220344 -0.40698007912245615 1.1810345590666564
-0.24796713485456479 -0.40935390492461154 1.2064413252313708
-0.24444438894439352 -0.41015740450159077 1.2304791609658037
-0.23950697421451106 -0.40980136014009105 1.253298376309491
-0.23268768427982597 -0.40762308256776697 1.2746005737222612
-0.22350319943554656 -0.4030993459703467 1.2942108969144273
-0.21125469534700392 -0.3954726457121023 1.3118975549691372
-0.1948401657794987 -0.3835969848297531 1.3273709428227145
-0.1721383381800311 -0.3653230551845473 1.3402744403552491
-0.1387069631913079 -0.336094923178798 1.3501305801829626
-0.08169652448475387 -0.2831893555679331 1.3568600917665152
0.051660253707352576 -0.1538739639002224 1.3611565454140238
0.7735936630147611 0.5640500932550186 1.3660577465926245
0.7736255397892642 -0.5641089512208578 1.3660963280919736
0.05165619842774538 0.15387069384052446 1.3612044079679333
-0.08172617069878813 0.2832253319431821 1.3569071157444343
-0.13874274956140872 0.3361333645349834 1.3501674366389156
-0.1721478018915141 0.3653033104927015 1.340294381693031
-0.1948105496077988 0.38357248881819606 1.3274293391393628
-0.21122538895563356 0.39545309520468774 1.3119768957475322
-0.22347803841550418 0.40308573502083067 1.2943016418699094
-0.23267657467511146 0.40763350500455287 1.2747043555752398
-0.239515191935277 0.4098486145928357 1.2534176432075965
-0.2444561633431575 0.41023250370478853 1.2306214272316327
-0.24789806026200562 0.409217014922556 1.2065449888955673
-0.24999358272235428 0.4069248330477201 1.1811396096075624
-0.25101257128491306 0.40366660327607695 1.1546131330076457
-0.25111497666036153 0.3995821466184888 1.1270350100240294
-0.25042963670586815 0.39478345869945325 1.0984710017697645
-0.24906151936802495 0.3893617774668066 1.0689846271468393
-0.24719953941355757 0.3836529174951737 1.038736884635483
-0.24482347200592466 0.37744129232583695 1.0076602529827317
-0.2420563205695326 0.37087507097705463 0.9758260000749265
-0.23900034861620253 0.3640921050802953 0.9432853471753959
-0.23571631652820707 0.3571388213880699 0.9100725836395801
-0.23225306334695933 0.350048954356415 0.8762202122406046
-0.22864236843272895 0.3428390288476281 0.8417635382112819
-0.22486601348495383 0.33547604163330136 0.8067495989465245
-0.22120864545375413 0.32855940615900175 0.7713080169873432
-0.217323206693655 0.32123536726294205 0.7353688250241645
-0.21336601978204456 0.3138791173373758 0.6990427342821687
-0.20930949152163228 0.30644554682273845 0.662401840177879
-0.2051082900827703 0.2988840036663742 0.6255309320799786
-0.20074661217444906 0.29117335553943025 0.5885199224267073
-0.19616395862563119 0.28324735632216325 0.5514741447134701
-0.19129869942018565 0.27503809953070857 0.514510416084595
-0.18608166951269972 0.26646970056415975 0.477756910273398
-0.18043731572113508 0.2574596502217277 0.44135251313010715
-0.17429765943767497 0.24793972915098692 0.4054405853386804
-0.1676089274530795 0.2378441901995078 0.3701783526860033
-0.16032747464999314 0.22711076332737737 0.33571340519898485
-0.15243009033636407 0.21574980733228685 0.30220140026855
-0.14390590818846227 0.2037181115334064 0.26978623637536076
-0.1347724835264404 0.19103108755430281 0.23860680484550906
-0.12506569116387584 0.17772270262406287 0.20879164486345983
-0.11483491629745078 0.16384087834183345 0.18045709554607695
-0.10413591393022394 0.14944051643512002 0.15370582059423044
-0.09302262734103107 0.13457544122822637 0.12862485695109455
-0.08153184377194675 0.11928313742989619 0.10528249273728024
-0.06965753043095693 0.10355912813258625 0.08372040305646825
-0.05727990182627516 0.08728604719056075 0.06393343621594456
-0.04392790308746464 0.0699960949780206 0.04580418313611648
-0.027520945289693722 0.049612718771177955 0.028801724692740647
-0.027518998159633906 -0.049614943810538346 0.028803122600625557
-0.04392603479823541 -0.06999896140933907 0.04580430003808933
-0.05727785595768097 -0.08728920439336219 0.06393204408760261
-0.06965514372142641 -0.10356231149537615 0.08371719994746779
-0.0815289772452911 -0.1192861031410568 0.10527715311769034
-0.09301915657965217 -0.1345779605949903 0.12861704885314135
-0.10413167051733802 -0.14944232135740979 0.15369521702264313
-0.11483002622410153 -0.16384200308715496 0.18044335545845575
-0.12505993034112345 -0.17772284107294664 0.20877449689544547
-0.13476599665804684 -0.19103031080519467 0.23858595775641145
-0.14389869318498272 -0.20371634620367063 0.26976145699327
-0.15242207596584653 -0.21574689983727122 0.3021724871854527
-0.16031853247900585 -0.22710646810422208 0.33568016405976064
-0.16759872421290153 -0.23783737724782578 0.3701401131086488
-0.17428607044641206 -0.24793095215539046 0.4053976952719159
-0.18042526434641498 -0.2574549551801313 0.44130634973697375
-0.18606693404101457 -0.2664596937261397 0.4777050544325044
-0.191283413841581 -0.2750254043791996 0.5144526510990444
-0.1961482847702207 -0.28323278065710356 0.5514107257281413
-0.2007313357805912 -0.291158475613068 0.5884511570250923
-0.2050944187278536 -0.29887074162492316 0.625457239518627
-0.20929899371204447 -0.30643687944218173 0.6623237477712769
-0.21335877578420145 -0.3138759851736245 0.6989612294048196
-0.21732037908449228 -0.32123999054232866 0.7352848385855966
-0.22120243613319365 -0.3285530122768591 0.7712161706350958
-0.22485222587515302 -0.33546629266061184 0.8066652516979066
-0.22863747419309283 -0.3428326126514766 0.8416694413387993
-0.23224866134139133 -0.3500424587443019 0.8761215479376115
-0.2357124162256225 -0.35713472022736886 0.9099716401562943
-0.23899547281915134 -0.3640878341061111 0.9431827112468233
-0.24204572467870672 -0.37086005994716587 0.9757203908913169
-0.2447981573068178 -0.3773946155158231 1.007547998651081
-0.24718883926549592 -0.3836421848469409 1.0386310382947292
-0.24907088906904884 -0.3893894653419098 1.0688798554842796
-0.25042279372416265 -0.39478133975740365 1.0983658030561738
-0.25110297310177143 -0.39957267301250776 1.126929820434405
-0.2510086787848778 -0.4036749678778803 1.1545079657112125
-0.25001474227220344 -0.40698007912245615 1.1810345590666564
-0.24796713485456479 -0.40935390492461154 1.2064413252313708
-0.24444438894439352 -0.41015740450159077 1.2304791609658037
-0.23950697421451106 -0.40980136014009105 1.253298376309491
-0.23268768427982597 -0.40762308256776697 1.2746005737222612
-0.22350319943554656 -0.4030993459703467 1.2942108969144273
-0.21125469534700392 -0.3954726457121023 1.3118975549691372
-0.1948401657794987 -0.3835969848297531 1.3273709428227145
-0.1721383381800311 -0.3653230551845473 1.3402744403552491
-0.1387069631913079 -0.336094923178798 1.3501305801829626
-0.08169652448475387 -0.2831893555679331 1.3568600917665152
0.051660253707352576 -0.1538739639002224 1.3611565454140238
0.7735936630147611 0.5640500932550186 1.3660577465926245
0.7736255397892642 -0.5641089512208578 1.3660963280919736
0.05165619842774538 0.15387069384052446 1.3612044079679333
-0.08172617069878813 0.2832253319431821 1.3569071157444343
-0.13874274956140872 0.3361333645349834 1.3501674366389156
-0.1721478018915141 0.3653033104927015 1.340294381693031
-0.1948105496077988 0.38357248881819606 1.3274293391393628
-0.21122538895563356 0.39545309520468774 1.3119768957475322
-0.22347803841550418 0.40308573502083067 1.2943016418699094
-0.23267657467511146 0.40763350500455287 1.2747043555752398
-0.239515191935277 0.4098486145928357 1.2534176432075965
-0.2444561633431575 0.41023250370478853 1.2306214272316327
-0.24789806026200562 0.409217014922556 1.2065449888955673
-0.24999358272235428 0.4069248330477201 1.1811396096075624
-0.25101257128491306 0.40366660327607695 1.1546131330076457
-0.25111497666036153 0.3995821466184888 1.1270350100240294
-0.25042963670586815 0.39478345869945325 1.0984710017697645
-0.24906151936802495 0.3893617774668066 1.0689846271468393
-0.24719953941355757 0.3836529174951737 1.038736884635483
-0.24482347200592466 0.37744129232583695 1.0076602529827317
-0.2420563205695326 0.37087507097705463 0.9758260000749265
-0.23900034861620253 0.3640921050802953 0.9432853471753959
-0.23571631652820707 0.3571388213880699 0.9100725836395801
-0.23225306334695933 0.350048954356415 0.8762202122406046
-0.22864236843272895 0.3428390288476281 0.8417635382112819
-0.22486601348495383 0.33547604163330136 0.8067495989465245
-0.22120864545375413 0.32855940615900175 0.7713080169873432
-0.217323206693655 0.32123536726294205 0.7353688250241645
-0.21336601978204456 0.3138791173373758 0.6990427342821687
-0.20930949152163228 0.30644554682273845 0.662401840177879
-0.2051082900827703 0.2988840036663742 0.6255309320799786
-0.20074661217444906 0.29117335553943025 0.5885199224267073
-0.19616395862563119 0.28324735632216325 0.5514741447134701
-0.19129869942018565 0.27503809953070857 0.514510416084595
-0.18608166951269972 0.26646970056415975 0.477756910273398
-0.18043731572113508 0.2574596502217277 0.44135251313010715
-0.17429765943767497 0.24793972915098692 0.4054405853386804
-0.1676089274530795 0.2378441901995078 0.3701783526860033
-0.16032747464999314 0.22711076332737737 0.33571340519898485
-0.15243009033636407 0.21574980733228685 0.30220140026855
-0.14390590818846227 0.2037181115334064 0.26978623637536076
-0.1347724835264404 0.19103108755430281 0.23860680484550906
-0.12506569116387584 0.17772270262406287 0.20879164486345983
-0.11483491629745078 0.16384087834183345 0.18045709554607695
-0.10413591393022394 0.14944051643512002 0.15370582059423044
-0.09302262734103107 0.13457544122822637 0.12862485695109455
-0.08153184377194675 0.11928313742989619 0.10528249273728024
-0.06965753043095693 0.10355912813258625 0.08372040305646825
-0.05727990182627516 0.08728604719056075 0.06393343621594456
-0.04392790308746464 0.0699960949780206 0.04580418313611648
-0.027520945289693722 0.049612718771177955 0.028801724692740647

VECTORS Vvpm_AB float
0.03786307319700723 0.1595553942404379 -0.009574629269939267
0.040698618872422966 0.1588465638836315 -0.017486325315155427
0.0439127413644042 0.15795681017500773 -0.026508507285775335
0.047461685397620745 0.15686390304930556 -0.03654202509869403
0.05129723684980053 0.1555466155726205 -0.047476857233960584
0.055367704258337105 0.15398599978652358 -0.059194148021420895
0.05961908658677365 0.15216658902574734 -0.07156874337936431
0.06399639840986289 0.1500774749278771 -0.08447220428670613
0.06844510970161205 0.14771322115341207 -0.09777624752082435
0.07291264862029459 0.1450745935574543 -0.11135654021652491
0.07734991338437944 0.1421691061291508 -0.12509676089371213
0.08171274367676352 0.13901140110387342 -0.1388928353407316
0.08596331202586743 0.13562349811797353 -0.15265726015920764
0.08992550004993001 0.13166977839604632 -0.16534021583914468
0.09373203200344275 0.12770292480140794 -0.17811585463534363
0.0973097057142559 0.12356160979110326 -0.19027969001462966
0.10057332764931722 0.1191765694779242 -0.20191976569188408
0.10355429976597652 0.11463580838072891 -0.2128923511271148
0.10623152850795753 0.1099586040419325 -0.22309613088490252
0.10859034792551098 0.10516571002257454 -0.23245290497709448
0.11062241898122101 0.10027923633777505 -0.24090817172663986
0.1123252789321359 0.09532244011215349 -0.24842882987586437
0.11370144921291327 0.09031934444350356 -0.25499701512680883
0.11475698243353193 0.08529408086374568 -0.2605988991296594
0.11538171765585402 0.08027788447104921 -0.26521323236810673
0.1164515614762273 0.0757680608127721 -0.27288524932732955
0.1163722521605359 0.0705040418246528 -0.2738890432324294
0.11606322093560986 0.06529457441318749 -0.27449057314019254
0.11551436974709771 0.06013909839122255 -0.274501995801722
0.11471417450770882 0.055032817465429235 -0.27376686136438816
0.11364809317593035 0.04996727052965743 -0.27216890691995016
0.11229694179066228 0.044931331319342474 -0.2696396739727843
0.11061182968181048 0.039952259786151106 -0.26601275913811373
0.1086745494851715 0.03495010127272089 -0.2624245013409764
0.10635551969165492 0.03013065547580922 -0.25630314720131725
0.10367312546676553 0.025358789664845144 -0.2493887448362808
0.10059548842126856 0.020695474848407697 -0.2415254589729544
0.09709662318060919 0.01622460171185173 -0.2325321292399303
0.09316355295721103 0.012057862091970128 -0.22220367160349025
0.08889809250753428 0.008135730566674416 -0.21360607199722131
0.08425935814711605 0.004965890461824633 -0.20193621255799565
0.07933391257188555 0.0024111527472128347 -0.18995079020470612
0.07430598426477865 0.0006116038812149626 -0.1781893506347552
0.06944500896294947 -0.0003637626879211941 -0.1673903174810252
0.06504227280787639 -0.0005795008129142656 -0.15805650007797198
0.061297318883119525 -0.00028557949944916453 -0.1504556369283851
0.05843591330150497 0.0001231711525505096 -0.14585140720048426
0.05616482497940006 0.00036449851337863777 -0.14259367038100673
0.05425958817458779 0.0002963075940517071 -0.14019810966713078
0.05251554476799809 -7.708814420414935e-5 -0.13825395415928696
0.05253385276413862 -0.0002915057933862615 -0.13855693972778868
0.05425630812910961 -0.0007024340558741699 -0.140281349445305
0.056146691776246524 -0.0007918685403235553 -0.14251900723588468
0.058427174863752436 -0.0005649967548451646 -0.14581942812376494
0.0613416849778903 -0.0001744597903712954 -0.15081085189347948
0.06503236893748032 0.00011243657936310832 -0.15799286963296788
0.06944050272885012 -0.00013344748368452133 -0.16726754468378474
0.07429887236699002 -0.0011188059678549963 -0.1780408828637344
0.07931295926509395 -0.002933498302107488 -0.18966770992229376
0.08420995973226376 -0.0055086482553854225 -0.2014112868585582
0.0888017618532305 -0.008703506645999915 -0.21273489409725782
0.0933284933763406 -0.012790966741973941 -0.22316103249986502
0.09721118451730638 -0.016880592970557357 -0.23302608706151906
0.10068150394511155 -0.021307567232226755 -0.24170962647922575
0.1037547835228237 -0.025958773993807995 -0.24943100217903513
0.10645916520112746 -0.030748862314058042 -0.2563811958838699
0.10882824573984354 -0.03561541490971568 -0.2627215237668047
0.1107219683304738 -0.04059167827489263 -0.2660177898193559
0.11237188324794589 -0.04555779578456819 -0.2692877407334238
0.11376000319167794 -0.05063062343862646 -0.2720988902827391
0.11483681853387508 -0.05571401317477034 -0.27378358625885624
0.1156315241119059 -0.06082642904010173 -0.2745041395227752
0.11616722662997132 -0.0659829422827658 -0.27445656332860663
0.1164627089006137 -0.07119416629603238 -0.273864153330081
0.11653414304118521 -0.07646566441190547 -0.27296980645073743
0.11551675179559125 -0.08102145786645756 -0.26521622686370167
0.11492068724208698 -0.08603016257747267 -0.260766101310087
0.11386558121058382 -0.09105756774368057 -0.25509633128996667
0.11249142018483524 -0.09606438434551015 -0.24847947729682812
0.11079289627808889 -0.10102698971238727 -0.2409317266538978
0.10876799818179698 -0.10592169643752808 -0.23247231840445046
0.10641949826072315 -0.11072543590608597 -0.22313487308923263
0.10375587395759246 -0.11541616163664549 -0.21297367369183481
0.10079178433857716 -0.11997307759468935 -0.20206607178710634
0.09754819436544074 -0.12437677439337888 -0.19051200540893393
0.09395066914650509 -0.1285065836222483 -0.17821673048162773
0.09015312581952682 -0.1324828519187666 -0.1654657597789198
0.08619836233282602 -0.13644807892191985 -0.15283374281184908
0.0819579598710656 -0.13984556349478705 -0.13909718137355037
0.0776056440813149 -0.1430123460698238 -0.12532790548240336
0.07317920291337629 -0.14592652112075255 -0.11161464178521634
0.06872269378969674 -0.1485734867921502 -0.09806197621359009
0.06428507579527101 -0.15094572140151935 -0.08478625221994304
0.0599187565975278 -0.15304242273607482 -0.07191150885323913
0.05567809453847513 -0.15486897638633906 -0.059565552950281986
0.051617906169205786 -0.15643623566181097 -0.04787626338512865
0.04779203373113349 -0.15775961458573806 -0.03696822046414158
0.044252024721576695 -0.15885801492852933 -0.02695973914364705
0.04104596684639462 -0.15975262587021438 -0.017960361314750067
0.0382175076534 -0.1604656486052904 -0.010068832212462242
0.03786307319700723 0.1595553942404379 -0.009574629269939267
0.040698618872422966 0.1588465638836315 -0.017486325315155427
0.0439127413644042 0.15795681017500773 -0.026508507285775335
0.047461685397620745 0.15686390304930556 -0.03654202509869403
0.05129723684980053 0.1555466155726205 -0.047476857233960584
0.055367704258337105 0.15398599978652358 -0.059194148021420895
0.05961908658677365 0.15216658902574734 -0.07156874337936431
0.06399639840986289 0.1500774749278771 -0.08447220428670613
0.06844510970161205 0.14771322115341207 -0.09777624752082435
0.07291264862029459 0.1450745935574543 -0.11135654021652491
0.07734991338437944 0.1421691061291508 -0.12509676089371213
0.08171274367676352 0.13901140110387342 -0.1388928353407316
0.08596331202586743 0.13562349811797353 -0.15265726015920764
0.08992550004993001 0.13166977839604632 -0.16534021583914468
0.09373203200344275 0.12770292480140794 -0.17811585463534363
0.0973097057142559 0.12356160979110326 -0.19027969001462966
0.10057332764931722 0.1191765694779242 -0.20191976569188408
0.10355429976597652 0.11463580838072891 -0.2128923511271148
0.10623152850795753 0.1099586040419325 -0.22309613088490252
0.10859034792551098 0.10516571002257454 -0.23245290497709448
0.11062241898122101 0.10027923633777505 -0.24090817172663986
0.1123252789321359 0.09532244011215349 -0.24842882987586437
0.11370144921291327 0.09031934444350356 -0.25499701512680883
0.11475698243353193 0.08529408086374568 -0.2605988991296594
0.11538171765585402 0.08027788447104921 -0.26521323236810673
0.1164515614762273 0.0757680608127721 -0.27288524932732955
0.1163722521605359 0.0705040418246528 -0.2738890432324294
0.11606322093560986 0.06529457441318749 -0.27449057314019254
0.11551436974709771 0.06013909839122255 -0.274501995801722
0.11471417450770882 0.055032817465429235 -0.27376686136438816
0.11364809317593035 0.04996727052965743 -0.27216890691995016
0.11229694179066228 0.044931331319342474 -0.2696396739727843
0.11061182968181048 0.039952259786151106 -0.26601275913811373
0.1086745494851715 0.03495010127272089 -0.2624245013409764
0.10635551969165492 0.03013065547580922 -0.25630314720131725
0.10367312546676553 0.025358789664845144 -0.2493887448362808
0.10059548842126856 0.020695474848407697 -0.2415254589729544
0.09709662318060919 0.01622460171185173 -0.2325321292399303
0.09316355295721103 0.012057862091970128 -0.22220367160349025
0.08889809250753428 0.008135730566674416 -0.21360607199722131
0.08425935814711605 0.004965890461824633 -0.20193621255799565
0.07933391257188555 0.0024111527472128347 -0.18995079020470612
0.07430598426477865 0.0006116038812149626 -0.1781893506347552
0.06944500896294947 -0.0003637626879211941 -0.1673903174810252
0.06504227280787639 -0.0005795008129142656 -0.15805650007797198
0.061297318883119525 -0.00028557949944916453 -0.1504556369283851
0.05843591330150497 0.0001231711525505096 -0.14585140720048426
0.05616482497940006 0.00036449851337863777 -0.14259367038100673
0.05425958817458779 0.0002963075940517071 -0.14019810966713078
0.05251554476799809 -7.708814420414935e-5 -0.13825395415928696
0.05253385276413862 -0.0002915057933862615 -0.13855693972778868
0.05425630812910961 -0.0007024340558741699 -0.140281349445305
0.056146691776246524 -0.0007918685403235553 -0.14251900723588468
0.058427174863752436 -0.0005649967548451646 -0.14581942812376494
0.0613416849778903 -0.0001744597903712954 -0.15081085189347948
0.06503236893748032 0.00011243657936310832 -0.15799286963296788
0.06944050272885012 -0.00013344748368452133 -0.16726754468378474
0.07429887236699002 -0.0011188059678549963 -0.1780408828637344
0.07931295926509395 -0.002933498302107488 -0.18966770992229376
0.08420995973226376 -0.0055086482553854225 -0.2014112868585582
0.0888017618532305 -0.008703506645999915 -0.21273489409725782
0.0933284933763406 -0.012790966741973941 -0.22316103249986502
0.09721118451730638 -0.016880592970557357 -0.23302608706151906
0.10068150394511155 -0.021307567232226755 -0.24170962647922575
0.1037547835228237 -0.025958773993807995 -0.24943100217903513
0.10645916520112746 -0.030748862314058042 -0.2563811958838699
0.10882824573984354 -0.03561541490971568 -0.2627215237668047
0.1107219683304738 -0.04059167827489263 -0.2660177898193559
0.11237188324794589 -0.04555779578456819 -0.2692877407334238
0.11376000319167794 -0.05063062343862646 -0.2720988902827391
0.11483681853387508 -0.05571401317477034 -0.27378358625885624
0.1156315241119059 -0.06082642904010173 -0.2745041395227752
0.11616722662997132 -0.0659829422827658 -0.27445656332860663
0.1164627089006137 -0.07119416629603238 -0.273864153330081
0.11653414304118521 -0.07646566441190547 -0.27296980645073743
0.11551675179559125 -0.08102145786645756 -0.26521622686370167
0.11492068724208698 -0.08603016257747267 -0.260766101310087
0.11386558121058382 -0.09105756774368057 -0.25509633128996667
0.11249142018483524 -0.09606438434551015 -0.24847947729682812
0.11079289627808889 -0.10102698971238727 -0.2409317266538978
0.10876799818179698 -0.10592169643752808 -0.23247231840445046
0.10641949826072315 -0.11072543590608597 -0.22313487308923263
0.10375587395759246 -0.11541616163664549 -0.21297367369183481
0.10079178433857716 -0.11997307759468935 -0.20206607178710634
0.09754819436544074 -0.12437677439337888 -0.19051200540893393
0.09395066914650509 -0.1285065836222483 -0.17821673048162773
0.09015312581952682 -0.1324828519187666 -0.1654657597789198
0.08619836233282602 -0.13644807892191985 -0.15283374281184908
0.0819579598710656 -0.13984556349478705 -0.13909718137355037
0.0776056440813149 -0.1430123460698238 -0.12532790548240336
0.07317920291337629 -0.14592652112075255 -0.11161464178521634
0.06872269378969674 -0.1485734867921502 -0.09806197621359009
0.06428507579527101 -0.15094572140151935 -0.08478625221994304
0.0599187565975278 -0.15304242273607482 -0.07191150885323913
0.05567809453847513 -0.15486897638633906 -0.059565552950281986
0.051617906169205786 -0.15643623566181097 -0.04787626338512865
0.04779203373113349 -0.15775961458573806 -0.03696822046414158
0.044252024721576695 -0.15885801492852933 -0.02695973914364705
0.04104596684639462 -0.15975262587021438 -0.017960361314750067
0.0382175076534 -0.1604656486052904 -0.010068832212462242