# vtk DataFile Version 4.0
[MyVLM domain - lattices] 
ASCII
DATASET UNSTRUCTURED_GRID
POINTS 302 float
1.2444999999999997 -1.2445 0.0
1.2399745454545452 -1.2399745454545454 0.0
1.2346178849721705 -1.2346178849721707 0.0
1.2284300185528754 -1.2284300185528756 0.0
1.2214109461966602 -1.2214109461966605 0.0
1.2135606679035247 -1.213560667903525 0.0
1.2048791836734691 -1.2048791836734694 0.0
1.1953664935064932 -1.1953664935064934 0.0
1.1850225974025972 -1.1850225974025974 0.0
1.1738474953617808 -1.173847495361781 0.0
1.1618411873840442 -1.1618411873840444 0.0
1.1490036734693874 -1.1490036734693876 0.0
1.1353349536178106 -1.1353349536178108 0.0
1.1208350278293133 -1.1208350278293135 0.0
1.1055038961038959 -1.105503896103896 0.0
1.0893415584415582 -1.0893415584415584 0.0
1.0723480148423004 -1.0723480148423006 0.0
1.054523265306122 -1.0545232653061223 0.0
1.0358673098330238 -1.035867309833024 0.0
1.0163801484230053 -1.0163801484230055 0.0
0.9960617810760664 -0.9960617810760668 0.0
0.9749122077922076 -0.9749122077922077 0.0
0.9529314285714284 -0.9529314285714284 0.0
0.9301194434137288 -0.930119443413729 0.0
0.9064762523191091 -0.9064762523191096 0.0
0.8820018552875695 -0.8820018552875695 0.0
0.8566962523191093 -0.8566962523191094 0.0
0.8305594434137288 -0.8305594434137291 0.0
0.8035914285714284 -0.8035914285714285 0.0
0.7757922077922076 -0.7757922077922077 0.0
0.7471617810760666 -0.7471617810760667 0.0
0.7177001484230053 -0.7177001484230054 0.0
0.6874073098330239 -0.687407309833024 0.0
0.6562832653061222 -0.6562832653061225 0.0
0.6243280148423004 -0.6243280148423005 0.0
0.5915415584415582 -0.5915415584415583 0.0
0.5579238961038958 -0.5579238961038959 0.0
0.5234750278293133 -0.5234750278293134 0.0
0.48819495361781057 -0.48819495361781057 0.0
0.4520836734693877 -0.4520836734693877 0.0
0.4151411873840445 -0.4151411873840446 0.0
0.37736749536178105 -0.37736749536178116 0.0
0.3387625974025974 -0.3387625974025974 0.0
0.2993264935064933 -0.29932649350649343 0.0
0.25905918367346925 -0.25905918367346925 0.0
0.21796066790352486 -0.21796066790352486 0.0
0.17603094619666027 -0.1760309461966605 0.0
0.13327001855287546 -0.13327001855287568 0.0
0.08967788497217066 -0.08967788497217066 0.0
0.045254545454545436 -0.045254545454545436 0.0
0.0 0.0 0.0
0.04525454545454545 0.04525454545454546 0.0
0.08967788497217066 0.08967788497217068 0.0
0.13327001855287568 0.1332700185528757 0.0
0.17603094619666046 0.1760309461966605 0.0
0.21796066790352497 0.21796066790352508 0.0
0.2590591836734693 0.25905918367346936 0.0
0.29932649350649343 0.2993264935064935 0.0
0.3387625974025973 0.33876259740259734 0.0
0.37736749536178094 0.377367495361781 0.0
0.41514118738404443 0.4151411873840445 0.0
0.45208367346938766 0.4520836734693878 0.0
0.48819495361781057 0.4881949536178107 0.0
0.5234750278293133 0.5234750278293134 0.0
0.5579238961038959 0.557923896103896 0.0
0.5915415584415582 0.5915415584415583 0.0
0.6243280148423003 0.6243280148423004 0.0
0.6562832653061222 0.6562832653061225 0.0
0.687407309833024 0.6874073098330241 0.0
0.7177001484230054 0.7177001484230056 0.0
0.7471617810760667 0.7471617810760669 0.0
0.7757922077922076 0.7757922077922077 0.0
0.8035914285714284 0.8035914285714285 0.0
0.8305594434137288 0.830559443413729 0.0
0.8566962523191093 0.8566962523191094 0.0
0.8820018552875692 0.8820018552875695 0.0
0.9064762523191091 0.9064762523191093 0.0
0.9301194434137288 0.9301194434137292 0.0
0.9529314285714284 0.9529314285714284 0.0
0.9749122077922076 0.9749122077922077 0.0
0.9960617810760666 0.9960617810760668 0.0
1.0163801484230053 1.0163801484230055 0.0
1.0358673098330238 1.035867309833024 0.0
1.054523265306122 1.0545232653061223 0.0
1.0723480148423001 1.0723480148423004 0.0
1.0893415584415582 1.0893415584415584 0.0
1.1055038961038959 1.105503896103896 0.0
1.120835027829313 1.1208350278293133 0.0
1.1353349536178106 1.1353349536178106 0.0
1.1490036734693874 1.1490036734693876 0.0
1.1618411873840444 1.1618411873840446 0.0
1.1738474953617808 1.173847495361781 0.0
1.1850225974025972 1.1850225974025972 0.0
1.1953664935064932 1.1953664935064934 0.0
1.2048791836734691 1.2048791836734694 0.0
1.2135606679035245 1.2135606679035247 0.0
1.22141094619666 1.2214109461966602 0.0
1.2284300185528754 1.2284300185528756 0.0
1.2346178849721703 1.2346178849721705 0.0
1.2399745454545452 1.2399745454545454 0.0
1.2444999999999997 1.2445 0.0
1.7422999999999997 -1.2445 0.0
1.7377745454545452 -1.2399745454545454 0.0
1.7324178849721703 -1.2346178849721707 0.0
1.7262300185528754 -1.2284300185528756 0.0
1.7192109461966603 -1.2214109461966605 0.0
1.7113606679035245 -1.213560667903525 0.0
1.7026791836734692 -1.2048791836734694 0.0
1.6931664935064934 -1.1953664935064934 0.0
1.6828225974025972 -1.1850225974025974 0.0
1.6716474953617806 -1.173847495361781 0.0
1.6596411873840444 -1.1618411873840444 0.0
1.6468036734693878 -1.1490036734693876 0.0
1.6331349536178106 -1.1353349536178108 0.0
1.6186350278293133 -1.1208350278293135 0.0
1.603303896103896 -1.105503896103896 0.0
1.5871415584415582 -1.0893415584415584 0.0
1.5701480148423004 -1.0723480148423006 0.0
1.552323265306122 -1.0545232653061223 0.0
1.5336673098330238 -1.035867309833024 0.0
1.5141801484230053 -1.0163801484230055 0.0
1.4938617810760666 -0.9960617810760668 0.0
1.4727122077922075 -0.9749122077922077 0.0
1.4507314285714283 -0.9529314285714284 0.0
1.4279194434137288 -0.930119443413729 0.0
1.4042762523191092 -0.9064762523191096 0.0
1.3798018552875693 -0.8820018552875695 0.0
1.3544962523191093 -0.8566962523191094 0.0
1.328359443413729 -0.8305594434137291 0.0
1.3013914285714283 -0.8035914285714285 0.0
1.2735922077922077 -0.7757922077922077 0.0
1.2449617810760665 -0.7471617810760667 0.0
1.2155001484230055 -0.7177001484230054 0.0
1.1852073098330238 -0.687407309833024 0.0
1.1540832653061224 -0.6562832653061225 0.0
1.1221280148423003 -0.6243280148423005 0.0
1.0893415584415582 -0.5915415584415583 0.0
1.055723896103896 -0.5579238961038959 0.0
1.0212750278293132 -0.5234750278293134 0.0
0.9859949536178108 -0.48819495361781057 0.0
0.9498836734693876 -0.4520836734693877 0.0
0.9129411873840445 -0.4151411873840446 0.0
0.875167495361781 -0.37736749536178116 0.0
0.8365625974025973 -0.3387625974025974 0.0
0.7971264935064933 -0.29932649350649343 0.0
0.7568591836734693 -0.25905918367346925 0.0
0.7157606679035249 -0.21796066790352486 0.0
0.6738309461966603 -0.1760309461966605 0.0
0.6310700185528755 -0.13327001855287568 0.0
0.5874778849721707 -0.08967788497217066 0.0
0.5430545454545455 -0.045254545454545436 0.0
0.4978 0.0 0.0
0.5430545454545455 0.04525454545454546 0.0
0.5874778849721707 0.08967788497217068 0.0
0.6310700185528757 0.1332700185528757 0.0
0.6738309461966605 0.1760309461966605 0.0
0.715760667903525 0.21796066790352508 0.0
0.7568591836734693 0.25905918367346936 0.0
0.7971264935064934 0.2993264935064935 0.0
0.8365625974025973 0.33876259740259734 0.0
0.875167495361781 0.377367495361781 0.0
0.9129411873840445 0.4151411873840445 0.0
0.9498836734693876 0.4520836734693878 0.0
0.9859949536178105 0.4881949536178107 0.0
1.0212750278293132 0.5234750278293134 0.0
1.055723896103896 0.557923896103896 0.0
1.0893415584415582 0.5915415584415583 0.0
1.1221280148423003 0.6243280148423004 0.0
1.1540832653061224 0.6562832653061225 0.0
1.185207309833024 0.6874073098330241 0.0
1.2155001484230055 0.7177001484230056 0.0
1.2449617810760667 0.7471617810760669 0.0
1.2735922077922077 0.7757922077922077 0.0
1.3013914285714283 0.8035914285714285 0.0
1.3283594434137287 0.830559443413729 0.0
1.3544962523191093 0.8566962523191094 0.0
1.3798018552875693 0.8820018552875695 0.0
1.4042762523191092 0.9064762523191093 0.0
1.427919443413729 0.9301194434137292 0.0
1.4507314285714283 0.9529314285714284 0.0
1.4727122077922075 0.9749122077922077 0.0
1.4938617810760666 0.9960617810760668 0.0
1.5141801484230053 1.0163801484230055 0.0
1.5336673098330238 1.035867309833024 0.0
1.552323265306122 1.0545232653061223 0.0
1.5701480148423002 1.0723480148423004 0.0
1.5871415584415582 1.0893415584415584 0.0
1.603303896103896 1.105503896103896 0.0
1.6186350278293131 1.1208350278293133 0.0
1.6331349536178106 1.1353349536178106 0.0
1.6468036734693874 1.1490036734693876 0.0
1.6596411873840444 1.1618411873840446 0.0
1.6716474953617806 1.173847495361781 0.0
1.6828225974025972 1.1850225974025972 0.0
1.6931664935064934 1.1953664935064934 0.0
1.7026791836734692 1.2048791836734694 0.0
1.7113606679035245 1.2135606679035247 0.0
1.71921094619666 1.2214109461966602 0.0
1.7262300185528754 1.2284300185528756 0.0
1.7324178849721703 1.2346178849721705 0.0
1.7377745454545452 1.2399745454545454 0.0
1.7422999999999997 1.2445 0.0
1.6155872727272724 -1.2422372727272726 0.0
1.6106462152133578 -1.237296215213358 0.0
1.604873951762523 -1.2315239517625232 0.0
1.598270482374768 -1.224920482374768 0.0
1.5908358070500925 -1.2174858070500927 0.0
1.582569925788497 -1.2092199257884972 0.0
1.5734728385899812 -1.2001228385899814 0.0
1.5635445454545454 -1.1901945454545453 0.0
1.552785046382189 -1.1794350463821892 0.0
1.5411943413729126 -1.1678443413729127 0.0
1.5287724304267158 -1.155422430426716 0.0
1.5155193135435991 -1.142169313543599 0.0
1.501434990723562 -1.1280849907235622 0.0
1.4865194619666047 -1.1131694619666048 0.0
1.4707727272727271 -1.0974227272727273 0.0
1.4541947866419294 -1.0808447866419293 0.0
1.4367856400742112 -1.0634356400742113 0.0
1.418545287569573 -1.0451952875695731 0.0
1.3994737291280146 -1.0261237291280147 0.0
1.379570964749536 -1.0062209647495362 0.0
1.358836994434137 -0.9854869944341371 0.0
1.337271818181818 -0.9639218181818181 0.0
1.3148754359925787 -0.9415254359925787 0.0
1.291647847866419 -0.9182978478664192 0.0
1.2675890538033394 -0.8942390538033393 0.0
1.2426990538033393 -0.8693490538033395 0.0
1.2169778478664193 -0.8436278478664192 0.0
1.1904254359925788 -0.8170754359925788 0.0
1.163041818181818 -0.7896918181818181 0.0
1.1348269944341371 -0.7614769944341371 0.0
1.105780964749536 -0.7324309647495362 0.0
1.0759037291280147 -0.7025537291280148 0.0
1.0451952875695731 -0.6718452875695733 0.0
1.0136556400742114 -0.6403056400742114 0.0
0.9812847866419293 -0.6079347866419293 0.0
0.9480827272727271 -0.5747327272727272 0.0
0.9140494619666047 -0.5406994619666048 0.0
0.8791849907235622 -0.5058349907235622 0.0
0.8434893135435992 -0.47013931354359917 0.0
0.8069624304267162 -0.43361243042671627 0.0
0.7696043413729128 -0.3962543413729128 0.0
0.7314150463821893 -0.3580650463821894 0.0
0.6923945454545455 -0.3190445454545454 0.0
0.6525428385899814 -0.27919283858998134 0.0
0.6118599257884971 -0.23850992578849706 0.0
0.5703458070500929 -0.19699580705009279 0.0
0.5280004823747682 -0.15465048237476808 0.0
0.4848239517625232 -0.11147395176252317 0.0
0.4408162152133581 -0.06746621521335805 0.0
0.39597727272727273 -0.022627272727272718 0.0
0.39597727272727273 0.02262727272727273 0.0
0.4408162152133581 0.06746621521335806 0.0
0.4848239517625232 0.11147395176252319 0.0
0.528000482374768 0.15465048237476808 0.0
0.5703458070500929 0.19699580705009276 0.0
0.6118599257884971 0.23850992578849717 0.0
0.6525428385899814 0.2791928385899814 0.0
0.6923945454545455 0.3190445454545454 0.0
0.7314150463821891 0.3580650463821891 0.0
0.7696043413729128 0.39625434137291277 0.0
0.8069624304267162 0.43361243042671616 0.0
0.8434893135435992 0.4701393135435992 0.0
0.8791849907235619 0.5058349907235621 0.0
0.9140494619666046 0.5406994619666047 0.0
0.9480827272727271 0.5747327272727272 0.0
0.9812847866419294 0.6079347866419295 0.0
1.0136556400742114 0.6403056400742114 0.0
1.0451952875695731 0.6718452875695732 0.0
1.0759037291280147 0.7025537291280147 0.0
1.105780964749536 0.7324309647495362 0.0
1.1348269944341371 0.7614769944341373 0.0
1.163041818181818 0.789691818181818 0.0
1.1904254359925786 0.8170754359925786 0.0
1.216977847866419 0.843627847866419 0.0
1.2426990538033393 0.8693490538033394 0.0
1.2675890538033392 0.8942390538033393 0.0
1.291647847866419 0.9182978478664192 0.0
1.3148754359925787 0.9415254359925787 0.0
1.3372718181818182 0.9639218181818181 0.0
1.3588369944341372 0.9854869944341373 0.0
1.379570964749536 1.0062209647495362 0.0
1.3994737291280148 1.0261237291280147 0.0
1.418545287569573 1.0451952875695731 0.0
1.4367856400742112 1.0634356400742113 0.0
1.4541947866419291 1.0808447866419293 0.0
1.470772727272727 1.097422727272727 0.0
1.4865194619666047 1.1131694619666048 0.0
1.501434990723562 1.128084990723562 0.0
1.5155193135435991 1.1421693135435993 0.0
1.528772430426716 1.1554224304267162 0.0
1.5411943413729128 1.1678443413729127 0.0
1.5527850463821888 1.179435046382189 0.0
1.5635445454545451 1.1901945454545453 0.0
1.573472838589981 1.2001228385899811 0.0
1.5825699257884969 1.209219925788497 0.0
1.5908358070500925 1.2174858070500927 0.0
1.5982704823747678 1.224920482374768 0.0
1.604873951762523 1.2315239517625232 0.0
1.6106462152133578 1.237296215213358 0.0
1.6155872727272724 1.2422372727272726 0.0

CELLS 200 700
4 0 101 102 1
4 1 102 103 2
4 2 103 104 3
4 3 104 105 4
4 4 105 106 5
4 5 106 107 6
4 6 107 108 7
4 7 108 109 8
4 8 109 110 9
4 9 110 111 10
4 10 111 112 11
4 11 112 113 12
4 12 113 114 13
4 13 114 115 14
4 14 115 116 15
4 15 116 117 16
4 16 117 118 17
4 17 118 119 18
4 18 119 120 19
4 19 120 121 20
4 20 121 122 21
4 21 122 123 22
4 22 123 124 23
4 23 124 125 24
4 24 125 126 25
4 25 126 127 26
4 26 127 128 27
4 27 128 129 28
4 28 129 130 29
4 29 130 131 30
4 30 131 132 31
4 31 132 133 32
4 32 133 134 33
4 33 134 135 34
4 34 135 136 35
4 35 136 137 36
4 36 137 138 37
4 37 138 139 38
4 38 139 140 39
4 39 140 141 40
4 40 141 142 41
4 41 142 143 42
4 42 143 144 43
4 43 144 145 44
4 44 145 146 45
4 45 146 147 46
4 46 147 148 47
4 47 148 149 48
4 48 149 150 49
4 49 150 151 50
4 50 151 152 51
4 51 152 153 52
4 52 153 154 53
4 53 154 155 54
4 54 155 156 55
4 55 156 157 56
4 56 157 158 57
4 57 158 159 58
4 58 159 160 59
4 59 160 161 60
4 60 161 162 61
4 61 162 163 62
4 62 163 164 63
4 63 164 165 64
4 64 165 166 65
4 65 166 167 66
4 66 167 168 67
4 67 168 169 68
4 68 169 170 69
4 69 170 171 70
4 70 171 172 71
4 71 172 173 72
4 72 173 174 73
4 73 174 175 74
4 74 175 176 75
4 75 176 177 76
4 76 177 178 77
4 77 178 179 78
4 78 179 180 79
4 79 180 181 80
4 80 181 182 81
4 81 182 183 82
4 82 183 184 83
4 83 184 185 84
4 84 185 186 85
4 85 186 187 86
4 86 187 188 87
4 87 188 189 88
4 88 189 190 89
4 89 190 191 90
4 90 191 192 91
4 91 192 193 92
4 92 193 194 93
4 93 194 195 94
4 94 195 196 95
4 95 196 197 96
4 96 197 198 97
4 97 198 199 98
4 98 199 200 99
4 99 200 201 100
1 202
1 203
1 204
1 205
1 206
1 207
1 208
1 209
1 210
1 211
1 212
1 213
1 214
1 215
1 216
1 217
1 218
1 219
1 220
1 221
1 222
1 223
1 224
1 225
1 226
1 227
1 228
1 229
1 230
1 231
1 232
1 233
1 234
1 235
1 236
1 237
1 238
1 239
1 240
1 241
1 242
1 243
1 244
1 245
1 246
1 247
1 248
1 249
1 250
1 251
1 252
1 253
1 254
1 255
1 256
1 257
1 258
1 259
1 260
1 261
1 262
1 263
1 264
1 265
1 266
1 267
1 268
1 269
1 270
1 271
1 272
1 273
1 274
1 275
1 276
1 277
1 278
1 279
1 280
1 281
1 282
1 283
1 284
1 285
1 286
1 287
1 288
1 289
1 290
1 291
1 292
1 293
1 294
1 295
1 296
1 297
1 298
1 299
1 300
1 301

CELL_TYPES 200
9
9
9
9
9
9
9
9
9
9
9
9
9
9
9
9
9
9
9
9
9
9
9
9
9
9
9
9
9
9
9
9
9
9
9
9
9
9
9
9
9
9
9
9
9
9
9
9
9
9
9
9
9
9
9
9
9
9
9
9
9
9
9
9
9
9
9
9
9
9
9
9
9
9
9
9
9
9
9
9
9
9
9
9
9
9
9
9
9
9
9
9
9
9
9
9
9
9
9
9
1
1
1
1
1
1
1
1
1
1
1
1
1
1
1
1
1
1
1
1
1
1
1
1
1
1
1
1
1
1
1
1
1
1
1
1
1
1
1
1
1
1
1
1
1
1
1
1
1
1
1
1
1
1
1
1
1
1
1
1
1
1
1
1
1
1
1
1
1
1
1
1
1
1
1
1
1
1
1
1
1
1
1
1
1
1
1
1
1
1
1
1
1
1
1
1
1
1
1
1

CELL_DATA 200

VECTORS Vinf float
8.897314633909934 0.2125259260563575 4.830327970009725
8.91285047529854 0.21891204122946895 4.7942864135031495
8.930263876497236 0.22526952940471495 4.753544084155884
8.94915215950355 0.23116129081619816 4.708887490474095
8.969101448288693 0.23622729503883663 4.66111344187013
8.989662848427704 0.24015465569019512 4.61110021059115
9.010394144861124 0.2427201687189333 4.5597225670354655
9.030888616463026 0.24380334617782767 4.507798070704651
9.050797779930072 0.2433836940066879 4.456046658456135
9.06984402990601 0.24152370820063898 4.405071130587083
9.087822421803251 0.23834322222851478 4.355358866722728
9.104594111494352 0.23399265949000572 4.307298108676439
9.120075692770078 0.2286315640910121 4.261198780091982
9.13428858137839 0.22310812646215442 4.216739630093502
9.14700706143363 0.21598307986811258 4.175946477266708
9.158434736577702 0.2083118938543818 4.137694552791257
9.168604939328622 0.2002069885611341 4.102121711609124
9.177570221182377 0.19177443432748317 4.069306602598909
9.185400806127191 0.18311772349870656 4.039259861523686
9.192176012420912 0.17433534090710984 4.0118951323626035
9.197919302709957 0.1654511468843388 3.9874702384425342
9.202772291413089 0.15660821558961707 3.9655063519342075
9.20679730105087 0.14785665923184044 3.9459354351028013
9.210069959522308 0.13925174579703686 3.9286208534580145
9.212529851880166 0.1310605564200512 3.913927512831504
9.214164542008787 0.12253230473326542 3.9022641175297266
9.215317882627357 0.1143241472647287 3.8922365526683276
9.216003473329106 0.10640361212779272 3.883901070566664
9.2162422489078 0.09873773336982747 3.877287670414708
9.216063925955172 0.09129431894062415 3.8724011887426926
9.215508025956112 0.08404257094500103 3.86922392864688
9.214623752586512 0.07695283013959203 3.86771612563606
9.213564309588092 0.07064703119076364 3.867686542175961
9.211926794288905 0.06344136692576098 3.8702716321771944
9.21008843450923 0.05635184310691968 3.8740958973270967
9.208018820311995 0.04930581430604198 3.8791711801027797
9.205649009849711 0.04223069068589023 3.88553331412401
9.202865971651264 0.035056023131932394 3.89332187684411
9.199511163830445 0.02771496737295785 3.902822841875445
9.195446750169564 0.02032530604525103 3.9143937442526653
9.190544978677774 0.012751840699768698 3.9283288364165485
9.184461246023501 0.005105939956461981 3.9452418321723224
9.176864638433061 -0.002454189527436399 3.965931100435475
9.16739773998829 -0.009590843981814555 3.9911555650435386
9.15583232289179 -0.015638541435947007 4.02115886332352
9.142387775825629 -0.019592111360999247 4.055619843164373
9.128768207031934 -0.019684486344951284 4.08772588828487
9.118427736929014 -0.015126550032015436 4.109780543514868
9.114434683059294 -0.0077810632458954025 4.115061629524835
9.115496825277493 -0.0018888252234952648 4.107778874681965
9.115404236990495 0.001357405832019095 4.108292431473945
9.114362392350447 0.0072344737424071244 4.115393276328567
9.118389573083501 0.014557533131555847 4.109895146056794
9.12877470344042 0.019084106617188807 4.08760283660371
9.14245266508251 0.018946048257430712 4.055227751555998
9.155868303038462 0.015075738986365935 4.021131499992658
9.167425274099097 0.00903104459921739 3.991173731180482
9.176890208707041 0.0018858654157053493 3.965961017589998
9.184486340012878 -0.005689094164150194 3.945261254205886
9.19056653412672 -0.013349506050854835 3.9283355851852275
9.195458698268158 -0.020931118798152664 3.9144066316264436
9.19965461130927 -0.028337773038843116 3.90263551846266
9.202984384449802 -0.035682411179656634 3.8932505874160253
9.20576037670204 -0.04287645236275934 3.8854882332850273
9.208135874315984 -0.04998026741730759 3.879091746197939
9.210219504263819 -0.05705842871416632 3.8739480428894315
9.21207696315014 -0.064178703733621 3.8700424239312223
9.213736455806712 -0.07141014619310268 3.867378780096886
9.214769699839843 -0.07763475334254205 3.867880097332194
9.21566150694456 -0.08473624692133452 3.8693787894295633
9.216226820314414 -0.09200424087444363 3.8725452749410025
9.216414856042901 -0.09946727581436773 3.8774090421910414
9.216184921241624 -0.10715480734558644 3.8839824758471457
9.21550650671813 -0.11509769532423399 3.89225836605665
9.214358059974117 -0.1233276479902746 3.9022062442044607
9.212725343684397 -0.1318758759620539 3.9137707566830273
9.210225489723891 -0.1400521014180911 3.928705389055489
9.20697840460812 -0.1486756004266869 3.9459837384796153
9.202976576992624 -0.15744416745987916 3.9655135493766056
9.198141734926345 -0.1663003098735355 3.9874455477678556
9.192416195387578 -0.17519718229743914 4.011828530302848
9.18564384897323 -0.18397973646401763 4.039205534242385
9.177818101277364 -0.1926374630796188 4.069246918039991
9.1688547671017 -0.20106779824394097 4.102061328090159
9.158684218871755 -0.20916763196319466 4.137636871146131
9.147254446366446 -0.2168312949462069 4.17589379644513
9.134532597973706 -0.22394677216964967 4.216693322528261
9.120363094093205 -0.22954130012969376 4.26112103564475
9.104890955399648 -0.2349110921537862 4.3071911671958585
9.088128682469804 -0.23926772667967036 4.355228263014461
9.070160011526463 -0.2424522509222161 4.404921010458719
9.05112397086558 -0.24431476762436513 4.455880075495041
9.031225562179412 -0.24473589493405484 4.507617250339691
9.010742340597215 -0.24365350971710864 4.559529134921548
8.990022651998862 -0.2410883996203029 4.610895384609119
8.969473013163173 -0.2371612695045448 4.660898188646581
8.949535388017019 -0.2320954692210824 4.70866264840801
8.930658392601579 -0.22620396820283065 4.753310455668572
8.913255948121067 -0.21984722954697525 4.794043354654549
8.897729850597528 -0.21346162118281675 4.830077552611752
8.897314633909934 0.2125259260563575 4.830327970009725
8.91285047529854 0.21891204122946895 4.7942864135031495
8.930263876497236 0.22526952940471495 4.753544084155884
8.94915215950355 0.23116129081619816 4.708887490474095
8.969101448288693 0.23622729503883663 4.66111344187013
8.989662848427704 0.24015465569019512 4.61110021059115
9.010394144861124 0.2427201687189333 4.5597225670354655
9.030888616463026 0.24380334617782767 4.507798070704651
9.050797779930072 0.2433836940066879 4.456046658456135
9.06984402990601 0.24152370820063898 4.405071130587083
9.087822421803251 0.23834322222851478 4.355358866722728
9.104594111494352 0.23399265949000572 4.307298108676439
9.120075692770078 0.2286315640910121 4.261198780091982
9.13428858137839 0.22310812646215442 4.216739630093502
9.14700706143363 0.21598307986811258 4.175946477266708
9.158434736577702 0.2083118938543818 4.137694552791257
9.168604939328622 0.2002069885611341 4.102121711609124
9.177570221182377 0.19177443432748317 4.069306602598909
9.185400806127191 0.18311772349870656 4.039259861523686
9.192176012420912 0.17433534090710984 4.0118951323626035
9.197919302709957 0.1654511468843388 3.9874702384425342
9.202772291413089 0.15660821558961707 3.9655063519342075
9.20679730105087 0.14785665923184044 3.9459354351028013
9.210069959522308 0.13925174579703686 3.9286208534580145
9.212529851880166 0.1310605564200512 3.913927512831504
9.214164542008787 0.12253230473326542 3.9022641175297266
9.215317882627357 0.1143241472647287 3.8922365526683276
9.216003473329106 0.10640361212779272 3.883901070566664
9.2162422489078 0.09873773336982747 3.877287670414708
9.216063925955172 0.09129431894062415 3.8724011887426926
9.215508025956112 0.08404257094500103 3.86922392864688
9.214623752586512 0.07695283013959203 3.86771612563606
9.213564309588092 0.07064703119076364 3.867686542175961
9.211926794288905 0.06344136692576098 3.8702716321771944
9.21008843450923 0.05635184310691968 3.8740958973270967
9.208018820311995 0.04930581430604198 3.8791711801027797
9.205649009849711 0.04223069068589023 3.88553331412401
9.202865971651264 0.035056023131932394 3.89332187684411
9.199511163830445 0.02771496737295785 3.902822841875445
9.195446750169564 0.02032530604525103 3.9143937442526653
9.190544978677774 0.012751840699768698 3.9283288364165485
9.184461246023501 0.005105939956461981 3.9452418321723224
9.176864638433061 -0.002454189527436399 3.965931100435475
9.16739773998829 -0.009590843981814555 3.9911555650435386
9.15583232289179 -0.015638541435947007 4.02115886332352
9.142387775825629 -0.019592111360999247 4.055619843164373
9.128768207031934 -0.019684486344951284 4.08772588828487
9.118427736929014 -0.015126550032015436 4.109780543514868
9.114434683059294 -0.0077810632458954025 4.115061629524835
9.115496825277493 -0.0018888252234952648 4.107778874681965
9.115404236990495 0.001357405832019095 4.108292431473945
9.114362392350447 0.0072344737424071244 4.115393276328567
9.118389573083501 0.014557533131555847 4.109895146056794
9.12877470344042 0.019084106617188807 4.08760283660371
9.14245266508251 0.018946048257430712 4.055227751555998
9.155868303038462 0.015075738986365935 4.021131499992658
9.167425274099097 0.00903104459921739 3.991173731180482
9.176890208707041 0.0018858654157053493 3.965961017589998
9.184486340012878 -0.005689094164150194 3.945261254205886
9.19056653412672 -0.013349506050854835 3.9283355851852275
9.195458698268158 -0.020931118798152664 3.9144066316264436
9.19965461130927 -0.028337773038843116 3.90263551846266
9.202984384449802 -0.035682411179656634 3.8932505874160253
9.20576037670204 -0.04287645236275934 3.8854882332850273
9.208135874315984 -0.04998026741730759 3.879091746197939
9.210219504263819 -0.05705842871416632 3.8739480428894315
9.21207696315014 -0.064178703733621 3.8700424239312223
9.213736455806712 -0.07141014619310268 3.867378780096886
9.214769699839843 -0.07763475334254205 3.867880097332194
9.21566150694456 -0.08473624692133452 3.8693787894295633
9.216226820314414 -0.09200424087444363 3.8725452749410025
9.216414856042901 -0.09946727581436773 3.8774090421910414
9.216184921241624 -0.10715480734558644 3.8839824758471457
9.21550650671813 -0.11509769532423399 3.89225836605665
9.214358059974117 -0.1233276479902746 3.9022062442044607
9.212725343684397 -0.1318758759620539 3.9137707566830273
9.210225489723891 -0.1400521014180911 3.928705389055489
9.20697840460812 -0.1486756004266869 3.9459837384796153
9.202976576992624 -0.15744416745987916 3.9655135493766056
9.198141734926345 -0.1663003098735355 3.9874455477678556
9.192416195387578 -0.17519718229743914 4.011828530302848
9.18564384897323 -0.18397973646401763 4.039205534242385
9.177818101277364 -0.1926374630796188 4.069246918039991
9.1688547671017 -0.20106779824394097 4.102061328090159
9.158684218871755 -0.20916763196319466 4.137636871146131
9.147254446366446 -0.2168312949462069 4.17589379644513
9.134532597973706 -0.22394677216964967 4.216693322528261
9.120363094093205 -0.22954130012969376 4.26112103564475
9.104890955399648 -0.2349110921537862 4.3071911671958585
9.088128682469804 -0.23926772667967036 4.355228263014461
9.070160011526463 -0.2424522509222161 4.404921010458719
9.05112397086558 -0.24431476762436513 4.455880075495041
9.031225562179412 -0.24473589493405484 4.507617250339691
9.010742340597215 -0.24365350971710864 4.559529134921548
8.990022651998862 -0.2410883996203029 4.610895384609119
8.969473013163173 -0.2371612695045448 4.660898188646581
8.949535388017019 -0.2320954692210824 4.70866264840801
8.930658392601579 -0.22620396820283065 4.753310455668572
8.913255948121067 -0.21984722954697525 4.794043354654549
8.897729850597528 -0.21346162118281675 4.830077552611752

VECTORS L float
-0.016035782564960317 0.0 0.03438884668634392
-0.02551828172872627 0.0 0.05472413176676611
-0.03488388690786988 0.0 0.07480873688819974
-0.044710431770133036 0.0 0.09588183035002074
-0.05512767816219602 0.0 0.11822168733045303
-0.06615903073980554 0.0 0.1418784992757176
-0.07778955052750254 0.0 0.16682022944955718
-0.08998627385373364 0.0 0.19297618703020014
-0.10270609014139674 0.0 0.22025392108670389
-0.11589952980297945 0.0 0.24854734374629325
-0.12951306434259305 0.0 0.2777416627790905
-0.1434921103484167 0.0 0.3077198236807009
-0.15777873543164167 0.0 0.33835759004240223
-0.17231980219856946 0.0 0.36954100835567044
-0.18705999362712333 0.0 0.4011514508838399
-0.20194762058571505 0.0 0.4330780699265046
-0.21693586080493 0.0 0.46522045480287066
-0.23198108622830219 0.0 0.49748504484391864
-0.24704319923601437 0.0 0.5297858504264545
-0.2620856581948401 0.0 0.5620445077651373
-0.2770741781261579 0.0 0.5941874924860439
-0.29197704925326257 0.0 0.6261468027535817
-0.30676603386166434 0.0 0.6578618825936087
-0.32142417181428123 0.0 0.6892963608747795
-0.3358714496518305 0.0 0.7202786481799283
-0.3501883848823463 0.0 0.7509814148622566
-0.36428789660235766 0.0 0.7812179153216265
-0.378150689130981 0.0 0.8109467698368473
-0.39175739776478014 0.0 0.8401264506673868
-0.4050872683916872 0.0 0.8687124504762862
-0.418117071684657 0.0 0.896654953810938
-0.4308198208135029 0.0 0.9238960872272449
-0.4431345522612735 0.0 0.9503051140412058
-0.45511483067909647 0.0 0.9759969040178584
-0.46665776045750074 0.0 1.0007507968106022
-0.4777266374219998 0.0 1.0244880800632392
-0.48828007355760955 0.0 1.04711999689121
-0.49827188289779983 0.0 1.0685475011696601
-0.5076111681467584 0.0 1.0885756630186647
-0.5162142388919229 0.0 1.1070250077693031
-0.5240726170069429 0.0 1.1238773540209441
-0.5310108754440646 0.0 1.1387564972556357
-0.5368770885351566 0.0 1.1513366318266665
-0.5414588631499385 0.0 1.161162279196281
-0.5444381491611887 0.0 1.1675513786655844
-0.5452963307844108 0.0 1.1693917550956383
-0.543083788425021 0.0 1.1646469426940065
-0.5354369656106232 0.0 1.1482482782486199
-0.5131637423752756 0.0 1.1004831968783626
-0.38556938972357774 0.0 0.8268562245988595
-0.38558945708306547 0.0 0.8268992591901574
-0.5131933757865459 0.0 1.10054674593391
-0.5354685816840707 0.0 1.1483160791369276
-0.5431137344343019 0.0 1.1647111621181507
-0.5453231212423074 0.0 1.1694492074180012
-0.5444617379290183 0.0 1.1676019649414413
-0.5414839297650966 0.0 1.1612160347259615
-0.5369035597130185 0.0 1.1513933994507852
-0.5310397869268825 0.0 1.1388184981306209
-0.524104635231367 0.0 1.1239460173248044
-0.5162498807135513 0.0 1.1071014419024447
-0.5076389105697668 0.0 1.088635156836798
-0.4983024634319688 0.0 1.0686130813368184
-0.4883100020371571 0.0 1.0471841787227198
-0.4777559521740765 0.0 1.0245509457519406
-0.46668680892746733 0.0 1.0008130914554756
-0.4551445542322215 0.0 0.976060646383237
-0.4431664313684433 0.0 0.9503734790071511
-0.4308459347847468 0.0 0.9239520888192995
-0.4181443447315642 0.0 0.896713441048774
-0.40511512830539814 0.0 0.8687721962540441
-0.39178570705066174 0.0 0.8401871601268747
-0.3781794153876567 0.0 0.8110083734930889
-0.3643170085446894 0.0 0.7812803460834263
-0.3502178496217521 0.0 0.7510446021998233
-0.33590097964856763 0.0 0.7203419754622937
-0.3214482144959215 0.0 0.6893479205719446
-0.30678927688824503 0.0 0.6579117274249646
-0.29199950139763087 0.0 0.6261949515325599
-0.2770954783919609 0.0 0.5942331710534671
-0.2621057137828107 0.0 0.5620875171123352
-0.2470617094667704 0.0 0.529825545744411
-0.23199815690563816 0.0 0.4975216530296034
-0.21695147876583706 0.0 0.46525394762812017
-0.20196177960632267 0.0 0.43310843404418514
-0.18707270323418382 0.0 0.401178706724138
-0.17233103328886215 0.0 0.369565093506528
-0.1577892899820446 0.0 0.3383802243487842
-0.14350137782307443 0.0 0.30773969784424
-0.1295210112546417 0.0 0.2777587049869755
-0.11590628167639412 0.0 0.24856182318555745
-0.10271171904651367 0.0 0.22026599231268199
-0.08999086306434875 0.0 0.1929860286241239
-0.07779319179378488 0.0 0.1668280381702991
-0.06616181898321724 0.0 0.14188447868301007
-0.055129710002769144 0.0 0.11822604462662346
-0.04471181036591293 0.0 0.0958847867582113
-0.03488470841642263 0.0 0.07481049861897637
-0.025518639980121403 0.0 0.054724900039362256
-0.016035766977318695 0.0 0.034388813258538584
-0.016035782564960317 0.0 0.03438884668634392
-0.02551828172872627 0.0 0.05472413176676611
-0.03488388690786988 0.0 0.07480873688819974
-0.044710431770133036 0.0 0.09588183035002074
-0.05512767816219602 0.0 0.11822168733045303
-0.06615903073980554 0.0 0.1418784992757176
-0.07778955052750254 0.0 0.16682022944955718
-0.08998627385373364 0.0 0.19297618703020014
-0.10270609014139674 0.0 0.22025392108670389
-0.11589952980297945 0.0 0.24854734374629325
-0.12951306434259305 0.0 0.2777416627790905
-0.1434921103484167 0.0 0.3077198236807009
-0.15777873543164167 0.0 0.33835759004240223
-0.17231980219856946 0.0 0.36954100835567044
-0.18705999362712333 0.0 0.4011514508838399
-0.20194762058571505 0.0 0.4330780699265046
-0.21693586080493 0.0 0.46522045480287066
-0.23198108622830219 0.0 0.49748504484391864
-0.24704319923601437 0.0 0.5297858504264545
-0.2620856581948401 0.0 0.5620445077651373
-0.2770741781261579 0.0 0.5941874924860439
-0.29197704925326257 0.0 0.6261468027535817
-0.30676603386166434 0.0 0.6578618825936087
-0.32142417181428123 0.0 0.6892963608747795
-0.3358714496518305 0.0 0.7202786481799283
-0.3501883848823463 0.0 0.7509814148622566
-0.36428789660235766 0.0 0.7812179153216265
-0.378150689130981 0.0 0.8109467698368473
-0.39175739776478014 0.0 0.8401264506673868
-0.4050872683916872 0.0 0.8687124504762862
-0.418117071684657 0.0 0.896654953810938
-0.4308198208135029 0.0 0.9238960872272449
-0.4431345522612735 0.0 0.9503051140412058
-0.45511483067909647 0.0 0.9759969040178584
-0.46665776045750074 0.0 1.0007507968106022
-0.4777266374219998 0.0 1.0244880800632392
-0.48828007355760955 0.0 1.04711999689121
-0.49827188289779983 0.0 1.0685475011696601
-0.5076111681467584 0.0 1.0885756630186647
-0.5162142388919229 0.0 1.1070250077693031
-0.5240726170069429 0.0 1.1238773540209441
-0.5310108754440646 0.0 1.1387564972556357
-0.5368770885351566 0.0 1.1513366318266665
-0.5414588631499385 0.0 1.161162279196281
-0.5444381491611887 0.0 1.1675513786655844
-0.5452963307844108 0.0 1.1693917550956383
-0.543083788425021 0.0 1.1646469426940065
-0.5354369656106232 0.0 1.1482482782486199
-0.5131637423752756 0.0 1.1004831968783626
-0.38556938972357774 0.0 0.8268562245988595
-0.38558945708306547 0.0 0.8268992591901574
-0.5131933757865459 0.0 1.10054674593391
-0.5354685816840707 0.0 1.1483160791369276
-0.5431137344343019 0.0 1.1647111621181507
-0.5453231212423074 0.0 1.1694492074180012
-0.5444617379290183 0.0 1.1676019649414413
-0.5414839297650966 0.0 1.1612160347259615
-0.5369035597130185 0.0 1.1513933994507852
-0.5310397869268825 0.0 1.1388184981306209
-0.524104635231367 0.0 1.1239460173248044
-0.5162498807135513 0.0 1.1071014419024447
-0.5076389105697668 0.0 1.088635156836798
-0.4983024634319688 0.0 1.0686130813368184
-0.4883100020371571 0.0 1.0471841787227198
-0.4777559521740765 0.0 1.0245509457519406
-0.46668680892746733 0.0 1.0008130914554756
-0.4551445542322215 0.0 0.976060646383237
-0.4431664313684433 0.0 0.9503734790071511
-0.4308459347847468 0.0 0.9239520888192995
-0.4181443447315642 0.0 0.896713441048774
-0.40511512830539814 0.0 0.8687721962540441
-0.39178570705066174 0.0 0.8401871601268747
-0.3781794153876567 0.0 0.8110083734930889
-0.3643170085446894 0.0 0.7812803460834263
-0.3502178496217521 0.0 0.7510446021998233
-0.33590097964856763 0.0 0.7203419754622937
-0.3214482144959215 0.0 0.6893479205719446
-0.30678927688824503 0.0 0.6579117274249646
-0.29199950139763087 0.0 0.6261949515325599
-0.2770954783919609 0.0 0.5942331710534671
-0.2621057137828107 0.0 0.5620875171123352
-0.2470617094667704 0.0 0.529825545744411
-0.23199815690563816 0.0 0.4975216530296034
-0.21695147876583706 0.0 0.46525394762812017
-0.20196177960632267 0.0 0.43310843404418514
-0.18707270323418382 0.0 0.401178706724138
-0.17233103328886215 0.0 0.369565093506528
-0.1577892899820446 0.0 0.3383802243487842
-0.14350137782307443 0.0 0.30773969784424
-0.1295210112546417 0.0 0.2777587049869755
-0.11590628167639412 0.0 0.24856182318555745
-0.10271171904651367 0.0 0.22026599231268199
-0.08999086306434875 0.0 0.1929860286241239
-0.07779319179378488 0.0 0.1668280381702991
-0.06616181898321724 0.0 0.14188447868301007
-0.055129710002769144 0.0 0.11822604462662346
-0.04471181036591293 0.0 0.0958847867582113
-0.03488470841642263 0.0 0.07481049861897637
-0.025518639980121403 0.0 0.054724900039362256
-0.016035766977318695 0.0 0.034388813258538584

SCALARS Gamma float
LOOKUP_TABLE default
0.4779288143166255
0.7338399934198321
0.9426104242608718
1.1298158302280439
1.3040569125344614
1.4691333240160058
1.6269415482940386
1.7784707886900744
1.9242210349567557
2.064405489514953
2.199060480579077
2.3281118785369306
2.45142017327491
2.568811449545398
2.680140695333419
2.7852517298621224
2.884023981476184
2.976395715658782
3.0623640100949823
3.1419828233950304
3.2153615532701174
3.28265005185875
3.3440285184411955
3.399712092481483
3.4499485064721527
3.4950012562123347
3.5350740529407974
3.570401555317111
3.6012194766995496
3.6277553166160605
3.6502192600395795
3.6687973785149266
3.683644904063625
3.694898960628861
3.7026208236811113
3.706829437919996
3.7075227066921785
3.7046662320618795
3.6981874252877964
3.6879627888969555
3.6737998392611804
3.655452120276796
3.632593895307227
3.6047978973454344
3.5715209742828766
3.5321529373122114
3.486005896850284
3.433210524936662
3.3760446537422175
3.3226999745748875
3.3227305919941377
3.3760725325878367
3.4332171988070845
3.48598585273565
3.5321128867418827
3.571500541631133
3.6047881431793343
3.6325901014340345
3.655450178546253
3.673797255356359
3.6879585581324155
3.69817506407937
3.7046548393820213
3.707510768795538
3.7068147777768394
3.702602736053482
3.69487945808277
3.6836313967932632
3.6688055290959007
3.6502365338684255
3.6277771947189574
3.6012424251049433
3.570422539890234
3.5350907848092175
3.4950125368881877
3.4499568759025157
3.3997225620389298
3.344035678806739
3.2826527530368037
3.215359736207125
3.1419760242308157
3.0623542791059
2.9763833497656194
2.8840093857794216
2.785235250961413
2.6801224941653645
2.568791910571497
2.4513981676063836
2.3280875597489383
2.1990342400521827
2.064377823320358
1.9241924928386875
1.7784419604599868
1.6269130359951747
1.469105776161229
1.3040310471357366
1.1297922703142422
0.9425898924470917
0.733823396763328
0.4779176612025952
0.4779288143166255
0.7338399934198321
0.9426104242608718
1.1298158302280439
1.3040569125344614
1.4691333240160058
1.6269415482940386
1.7784707886900744
1.9242210349567557
2.064405489514953
2.199060480579077
2.3281118785369306
2.45142017327491
2.568811449545398
2.680140695333419
2.7852517298621224
2.884023981476184
2.976395715658782
3.0623640100949823
3.1419828233950304
3.2153615532701174
3.28265005185875
3.3440285184411955
3.399712092481483
3.4499485064721527
3.4950012562123347
3.5350740529407974
3.570401555317111
3.6012194766995496
3.6277553166160605
3.6502192600395795
3.6687973785149266
3.683644904063625
3.694898960628861
3.7026208236811113
3.706829437919996
3.7075227066921785
3.7046662320618795
3.6981874252877964
3.6879627888969555
3.6737998392611804
3.655452120276796
3.632593895307227
3.6047978973454344
3.5715209742828766
3.5321529373122114
3.486005896850284
3.433210524936662
3.3760446537422175
3.3226999745748875
3.3227305919941377
3.3760725325878367
3.4332171988070845
3.48598585273565
3.5321128867418827
3.571500541631133
3.6047881431793343
3.6325901014340345
3.655450178546253
3.673797255356359
3.6879585581324155
3.69817506407937
3.7046548393820213
3.707510768795538
3.7068147777768394
3.702602736053482
3.69487945808277
3.6836313967932632
3.6688055290959007
3.6502365338684255
3.6277771947189574
3.6012424251049433
3.570422539890234
3.5350907848092175
3.4950125368881877
3.4499568759025157
3.3997225620389298
3.344035678806739
3.2826527530368037
3.215359736207125
3.1419760242308157
3.0623542791059
2.9763833497656194
2.8840093857794216
2.785235250961413
2.6801224941653645
2.568791910571497
2.4513981676063836
2.3280875597489383
2.1990342400521827
2.064377823320358
1.9241924928386875
1.7784419604599868
1.6269130359951747
1.469105776161229
1.3040310471357366
1.1297922703142422
0.9425898924470917
0.733823396763328
0.4779176612025952

VECTORS Vvpm float
-0.1657632364565642 0.2125259260563575 0.6041453526027305
-0.1502273950679585 0.21891204122946895 0.5681037960961551
-0.13281399386926362 0.22526952940471495 0.5273614667488892
-0.11392571086294954 0.23116129081619816 0.48270487306710025
-0.09397642207780484 0.23622729503883663 0.4349308244631353
-0.07341502193879511 0.24015465569019512 0.3849175931841561
-0.05268372550537507 0.2427201687189333 0.3335399496284709
-0.03218925390347309 0.24380334617782767 0.2816154532976566
-0.012280090436427527 0.2433836940066879 0.22986404104914004
0.006766159539511901 0.24152370820063898 0.1788885131800883
0.024744551436752915 0.23834322222851478 0.12917624931573318
0.04151624112785375 0.23399265949000572 0.08111549126944437
0.056997822403578674 0.2286315640910121 0.035016162684987556
0.07121071101189161 0.22310812646215442 -0.009442987313492662
0.08392919106713112 0.21598307986811258 -0.05023614014028699
0.09535686621120382 0.2083118938543818 -0.08848806461573719
0.10552706896212423 0.2002069885611341 -0.12406090579787067
0.11449235081587798 0.19177443432748317 -0.1568760148080856
0.12232293576069245 0.18311772349870656 -0.1869227558833092
0.12909814205441403 0.17433534090710984 -0.21428748504439069
0.13484143234345844 0.1654511468843388 -0.23871237896446015
0.13969442104659052 0.15660821558961707 -0.26067626547278716
0.14371943068436988 0.14785665923184044 -0.2802471823041936
0.14699208915580916 0.13925174579703686 -0.2975617639489807
0.1494519815136677 0.1310605564200512 -0.3122551045754905
0.15108667164228784 0.12253230473326542 -0.3239184998772683
0.15224001226085873 0.1143241472647287 -0.3339460647386668
0.15292560296260738 0.10640361212779272 -0.34228154684033046
0.15316437854130222 0.09873773336982747 -0.34889494699228607
0.15298605558867334 0.09129431894062415 -0.3537814286643022
0.15243015558961248 0.08404257094500103 -0.35695868876011416
0.15154588222001386 0.07695283013959203 -0.35846649177093515
0.15048643922159383 0.07064703119076364 -0.35849607523103366
0.14884892392240684 0.06344136692576098 -0.3559109852298
0.14701056414273012 0.05635184310691968 -0.3520867200798977
0.14494094994549633 0.04930581430604198 -0.3470114373042142
0.14257113948321326 0.04223069068589023 -0.3406493032829844
0.13978810128476454 0.035056023131932394 -0.3328607405628845
0.1364332934639472 0.02771496737295785 -0.32335977553154993
0.1323688798030656 0.02032530604525103 -0.3117888731543291
0.12746710831127522 0.012751840699768698 -0.29785378099044635
0.12138337565700252 0.005105939956461981 -0.2809407852346717
0.11378676806656175 -0.002454189527436399 -0.26025151697151905
0.10431986962179186 -0.009590843981814555 -0.2350270523634557
0.09275445252529047 -0.015638541435947007 -0.2050237540834747
0.07930990545913036 -0.019592111360999247 -0.17056277424262112
0.06569033666543546 -0.019684486344951284 -0.1384567291221242
0.05534986656251644 -0.015126550032015436 -0.11640207389212569
0.05135681269279463 -0.0077810632458954025 -0.11112098788215968
0.052418954910994006 -0.0018888252234952648 -0.11840374272502978
0.05232636662399561 0.001357405832019095 -0.11789018593304988
0.051284521983947846 0.0072344737424071244 -0.11078934107842713
0.05531170271700312 0.014557533131555847 -0.11628747135020008
0.0656968330739218 0.019084106617188807 -0.13857978080328448
0.07937479471601154 0.018946048257430712 -0.17095486585099667
0.09279043267196338 0.015075738986365935 -0.20505111741433588
0.10434740373259889 0.00903104459921739 -0.23500888622651211
0.11381233834054183 0.0018858654157053493 -0.26022159981699644
0.12140846964637995 -0.005689094164150194 -0.2809213632011084
0.1274886637602207 -0.013349506050854835 -0.2978470322217674
0.13238082790166036 -0.020931118798152664 -0.3117759857805503
0.1365767409427718 -0.028337773038843116 -0.32354709894433403
0.1399065140833045 -0.035682411179656634 -0.3329320299909694
0.14268250633554175 -0.04287645236275934 -0.3406943841219671
0.14505800394948545 -0.04998026741730759 -0.34709087120905585
0.1471416338973202 -0.05705842871416632 -0.352234574517563
0.14899909278364182 -0.064178703733621 -0.35614019347577186
0.15065858544021296 -0.07141014619310268 -0.35880383731010784
0.15169182947334503 -0.07763475334254205 -0.3583025200748
0.1525836365780604 -0.08473624692133452 -0.35680382797743143
0.1531489499479159 -0.09200424087444363 -0.3536373424659919
0.15333698567640214 -0.09946727581436773 -0.3487735752159529
0.15310705087512527 -0.10715480734558644 -0.34220014155984885
0.15242863635163137 -0.11509769532423399 -0.3339242513503441
0.15128018960761846 -0.1233276479902746 -0.3239763732025336
0.14964747331789788 -0.1318758759620539 -0.3124118607239673
0.14714761935739165 -0.1400521014180911 -0.29747722835150525
0.14390053424162136 -0.1486756004266869 -0.28019887892737944
0.13989870662612489 -0.15744416745987916 -0.2606690680303888
0.1350638645598458 -0.1663003098735355 -0.2387370696391389
0.12933832502107862 -0.17519718229743914 -0.21435408710414597
0.12256597860673177 -0.18397973646401763 -0.1869770831646091
0.11474023091086535 -0.1926374630796188 -0.15693569936700358
0.10577689673520302 -0.20106779824394097 -0.12412128931683503
0.09560634850525693 -0.20916763196319466 -0.08854574626086392
0.08417657599994677 -0.2168312949462069 -0.05028882096186499
0.07145472760720674 -0.22394677216964967 -0.009489294878733484
0.05728522372670739 -0.22954130012969376 0.03493841823775634
0.041813085033150565 -0.2349110921537862 0.08100854978886379
0.02505081210330537 -0.23926772667967036 0.12904564560746656
0.007082141159963973 -0.2424522509222161 0.1787383930517248
-0.01195389950091906 -0.24431476762436513 0.22969745808804679
-0.031852308187086356 -0.24473589493405484 0.2814346329326961
-0.05233552976928427 -0.24365350971710864 0.33334651751455346
-0.0730552183676366 -0.2410883996203029 0.3847127672021242
-0.09360485720332605 -0.2371612695045448 0.43471557123958643
-0.1135424823494793 -0.2320954692210824 0.4824800310010159
-0.1324194777649188 -0.22620396820283065 0.5271278382615775
-0.1498219222454309 -0.21984722954697525 0.5678607372475544
-0.16534801976897023 -0.21346162118281675 0.6038949352047575
-0.1657632364565642 0.2125259260563575 0.6041453526027305
-0.1502273950679585 0.21891204122946895 0.5681037960961551
-0.13281399386926362 0.22526952940471495 0.5273614667488892
-0.11392571086294954 0.23116129081619816 0.48270487306710025
-0.09397642207780484 0.23622729503883663 0.4349308244631353
-0.07341502193879511 0.24015465569019512 0.3849175931841561
-0.05268372550537507 0.2427201687189333 0.3335399496284709
-0.03218925390347309 0.24380334617782767 0.2816154532976566
-0.012280090436427527 0.2433836940066879 0.22986404104914004
0.006766159539511901 0.24152370820063898 0.1788885131800883
0.024744551436752915 0.23834322222851478 0.12917624931573318
0.04151624112785375 0.23399265949000572 0.08111549126944437
0.056997822403578674 0.2286315640910121 0.035016162684987556
0.07121071101189161 0.22310812646215442 -0.009442987313492662
0.08392919106713112 0.21598307986811258 -0.05023614014028699
0.09535686621120382 0.2083118938543818 -0.08848806461573719
0.10552706896212423 0.2002069885611341 -0.12406090579787067
0.11449235081587798 0.19177443432748317 -0.1568760148080856
0.12232293576069245 0.18311772349870656 -0.1869227558833092
0.12909814205441403 0.17433534090710984 -0.21428748504439069
0.13484143234345844 0.1654511468843388 -0.23871237896446015
0.13969442104659052 0.15660821558961707 -0.26067626547278716
0.14371943068436988 0.14785665923184044 -0.2802471823041936
0.14699208915580916 0.13925174579703686 -0.2975617639489807
0.1494519815136677 0.1310605564200512 -0.3122551045754905
0.15108667164228784 0.12253230473326542 -0.3239184998772683
0.15224001226085873 0.1143241472647287 -0.3339460647386668
0.15292560296260738 0.10640361212779272 -0.34228154684033046
0.15316437854130222 0.09873773336982747 -0.34889494699228607
0.15298605558867334 0.09129431894062415 -0.3537814286643022
0.15243015558961248 0.08404257094500103 -0.35695868876011416
0.15154588222001386 0.07695283013959203 -0.35846649177093515
0.15048643922159383 0.07064703119076364 -0.35849607523103366
0.14884892392240684 0.06344136692576098 -0.3559109852298
0.14701056414273012 0.05635184310691968 -0.3520867200798977
0.14494094994549633 0.04930581430604198 -0.3470114373042142
0.14257113948321326 0.04223069068589023 -0.3406493032829844
0.13978810128476454 0.035056023131932394 -0.3328607405628845
0.1364332934639472 0.02771496737295785 -0.32335977553154993
0.1323688798030656 0.02032530604525103 -0.3117888731543291
0.12746710831127522 0.012751840699768698 -0.29785378099044635
0.12138337565700252 0.005105939956461981 -0.2809407852346717
0.11378676806656175 -0.002454189527436399 -0.26025151697151905
0.10431986962179186 -0.009590843981814555 -0.2350270523634557
0.09275445252529047 -0.015638541435947007 -0.2050237540834747
0.07930990545913036 -0.019592111360999247 -0.17056277424262112
0.06569033666543546 -0.019684486344951284 -0.1384567291221242
0.05534986656251644 -0.015126550032015436 -0.11640207389212569
0.05135681269279463 -0.0077810632458954025 -0.11112098788215968
0.052418954910994006 -0.0018888252234952648 -0.11840374272502978
0.05232636662399561 0.001357405832019095 -0.11789018593304988
0.051284521983947846 0.0072344737424071244 -0.11078934107842713
0.05531170271700312 0.014557533131555847 -0.11628747135020008
0.0656968330739218 0.019084106617188807 -0.13857978080328448
0.07937479471601154 0.018946048257430712 -0.17095486585099667
0.09279043267196338 0.015075738986365935 -0.20505111741433588
0.10434740373259889 0.00903104459921739 -0.23500888622651211
0.11381233834054183 0.0018858654157053493 -0.26022159981699644
0.12140846964637995 -0.005689094164150194 -0.2809213632011084
0.1274886637602207 -0.013349506050854835 -0.2978470322217674
0.13238082790166036 -0.020931118798152664 -0.3117759857805503
0.1365767409427718 -0.028337773038843116 -0.32354709894433403
0.1399065140833045 -0.035682411179656634 -0.3329320299909694
0.14268250633554175 -0.04287645236275934 -0.3406943841219671
0.14505800394948545 -0.04998026741730759 -0.34709087120905585
0.1471416338973202 -0.05705842871416632 -0.352234574517563
0.14899909278364182 -0.064178703733621 -0.35614019347577186
0.15065858544021296 -0.07141014619310268 -0.35880383731010784
0.15169182947334503 -0.07763475334254205 -0.3583025200748
0.1525836365780604 -0.08473624692133452 -0.35680382797743143
0.1531489499479159 -0.09200424087444363 -0.3536373424659919
0.15333698567640214 -0.09946727581436773 -0.3487735752159529
0.15310705087512527 -0.10715480734558644 -0.34220014155984885
0.15242863635163137 -0.11509769532423399 -0.3339242513503441
0.15128018960761846 -0.1233276479902746 -0.3239763732025336
0.14964747331789788 -0.1318758759620539 -0.3124118607239673
0.14714761935739165 -0.1400521014180911 -0.29747722835150525
0.14390053424162136 -0.1486756004266869 -0.28019887892737944
0.13989870662612489 -0.15744416745987916 -0.2606690680303888
0.1350638645598458 -0.1663003098735355 -0.2387370696391389
0.12933832502107862 -0.17519718229743914 -0.21435408710414597
0.12256597860673177 -0.18397973646401763 -0.1869770831646091
0.11474023091086535 -0.1926374630796188 -0.15693569936700358
0.10577689673520302 -0.20106779824394097 -0.12412128931683503
0.09560634850525693 -0.20916763196319466 -0.08854574626086392
0.08417657599994677 -0.2168312949462069 -0.05028882096186499
0.07145472760720674 -0.22394677216964967 -0.009489294878733484
0.05728522372670739 -0.22954130012969376 0.03493841823775634
0.041813085033150565 -0.2349110921537862 0.08100854978886379
0.02505081210330537 -0.23926772667967036 0.12904564560746656
0.007082141159963973 -0.2424522509222161 0.1787383930517248
-0.01195389950091906 -0.24431476762436513 0.22969745808804679
-0.031852308187086356 -0.24473589493405484 0.2814346329326961
-0.05233552976928427 -0.24365350971710864 0.33334651751455346
-0.0730552183676366 -0.2410883996203029 0.3847127672021242
-0.09360485720332605 -0.2371612695045448 0.43471557123958643
-0.1135424823494793 -0.2320954692210824 0.4824800310010159
-0.1324194777649188 -0.22620396820283065 0.5271278382615775
-0.1498219222454309 -0.21984722954697525 0.5678607372475544
-0.16534801976897023 -0.21346162118281675 0.6038949352047575

VECTORS Vvpm_BBp float
-0.07648402051765638 0.23497584111671788 0.3505662000684704
-0.06627462344112485 0.23589369330509677 0.32557539406079383
-0.05500579987476594 0.23646009147648056 0.29771419094728946
-0.042870388931935816 0.23653759119342613 0.2673509001542775
-0.030093386499470035 0.23600716467230903 0.2349318603390577
-0.01690526400705135 0.2347781945925874 0.20092294084851178
-0.0035324833410761564 0.23279217528002588 0.1657930479602884
0.009999408131049867 0.23098713334505439 0.12863913494342175
0.0230872823226098 0.2273379645285949 0.09287332565912426
0.03579902526411337 0.22295579483784161 0.057263067616284906
0.04799250730535276 0.21788868755417926 0.022177101446528735
0.059552606862363466 0.21219742152009896 -0.012052765052550457
0.07035274170907972 0.20592123840616278 -0.04511052304494226
0.0804260096282928 0.19921306521602075 -0.07687312085776091
0.08966007718982971 0.19208914026832086 -0.10695693112374804
0.09807483027437444 0.18466725472509407 -0.13533533861495622
0.1055924811106224 0.17693687552005682 -0.1615930190069212
0.112307894092266 0.16904982946248817 -0.18603613481559866
0.11822063586267505 0.16105161298303453 -0.20854174607767637
0.12338087411711969 0.1530075521253296 -0.22906207551524227
0.12780795858198563 0.14495644407750155 -0.2476687603240126
0.13140445696091982 0.13706947538696052 -0.2630975297898074
0.134506818607241 0.12902033219038464 -0.2777739422507814
0.13700215566328522 0.1211422633296179 -0.2905926023479734
0.1385817746178617 0.11339588373808071 -0.30090930678571315
0.13988376247129097 0.10585432940553077 -0.30983660205759644
0.14071910617606045 0.09848748593806245 -0.3171521187675669
0.14111109153451493 0.09128243841084538 -0.32283091166947675
0.141092680650027 0.0842289045818301 -0.32688633450251636
0.14070636003889392 0.07731961939432007 -0.3293704518836451
0.14020438278444997 0.07100574187475775 -0.33016273766908416
0.13920201874431298 0.06409479171966986 -0.3298269942827471
0.13765862388810557 0.05744055235634851 -0.3278563540449541
0.13597377528017635 0.05069972295059217 -0.3241529756712558
0.13401864970382588 0.04400093676539699 -0.31933784201964405
0.13172221469186457 0.03729078558321332 -0.3132642667344176
0.12898141609299252 0.030520191280589873 -0.30571015044731004
0.12586061602996124 0.02367028294472394 -0.29655735063058947
0.12201164171325578 0.016836815329091318 -0.28634432341038396
0.1170773665655296 0.010127602952252148 -0.27260154386404534
0.11144164433728661 0.0035119774947441444 -0.25722400787812316
0.1046846899056894 -0.0027189817590489197 -0.23922912226566767
0.09667430275879736 -0.008195502306865644 -0.2184434831726855
0.08745944579557903 -0.012524511310442138 -0.19463194878760653
0.07723540399790409 -0.014573731033960103 -0.16997001440935133
0.06738443361152274 -0.013853861637291225 -0.14768370043463414
0.05976455914509202 -0.010333400936223543 -0.13222853428767442
0.05581214757854431 -0.005583960824726113 -0.1264864275981626
0.05483942871369928 -0.0019686894164192225 -0.12811863277083108
0.05481550732218947 -0.00038672910682452247 -0.13179156926332736
0.05479305040809686 0.001460226288395687 -0.1277802217088824
0.05576294806655602 0.005060658876978743 -0.12622052706441123
0.05973787649746699 0.00978846259043507 -0.13211982926972166
0.06738226415774583 0.013285963839103862 -0.14771534303182424
0.07726060158530018 0.013977242008654158 -0.170129085161483
0.08753231688022606 0.011898889780293532 -0.19494945732003782
0.09670366539216524 0.007641308926026274 -0.21844406509905095
0.10470592832862707 0.002143922453085905 -0.23921393603751942
0.11145525055100863 -0.004111543692765389 -0.25722345061545315
0.11708057387168105 -0.010749763994481291 -0.27263049366876013
0.12203695754038128 -0.017423626092002265 -0.2863331374120642
0.12595420937012486 -0.024293454983807024 -0.29681365600574
0.12910711172221778 -0.031155747044124223 -0.30586120982742904
0.1318299668696572 -0.03792012154762766 -0.3133062298108985
0.13412607822541187 -0.04464061145632901 -0.31935913315764775
0.13609401655279682 -0.05136069930578751 -0.32421614498231766
0.13780114676732125 -0.058128915730572786 -0.32800187331743935
0.13940581479736097 -0.06481962848641097 -0.3302710947111457
0.1404087450270865 -0.0716933126268841 -0.33048518477343014
0.1408439346416484 -0.07801174330261046 -0.32920683305490445
0.14123229170573093 -0.08493533984440052 -0.3267326060114728
0.14125310277460532 -0.09200513351812467 -0.3226858064283862
0.1408632934344931 -0.09922790287802613 -0.31702425383542626
0.14002947922589096 -0.10661327091529788 -0.3097403896119182
0.13872804452678644 -0.1141734054220138 -0.3008622128338709
0.13711072485594805 -0.12192998826603761 -0.2905033930624107
0.1346458304765689 -0.12982705932995642 -0.2777212998985796
0.1315667728691129 -0.13789255734289096 -0.26306917777914707
0.1279974925148782 -0.14580267099810407 -0.24775592991151837
0.12358367343612475 -0.1538634799638228 -0.22915647681611223
0.1184318971484447 -0.16191516467501443 -0.20862777579188757
0.11252370830856016 -0.16991759218607838 -0.18610685163552554
0.1058097901099481 -0.17780628473905624 -0.161643325124598
0.0982911752303364 -0.18553600379645666 -0.1353617976389563
0.08987327991190637 -0.19295492964771718 -0.10695576233597634
0.0806346662970646 -0.20007412611286615 -0.0768434050112862
0.07055579927089499 -0.20677602479907628 -0.04505178114256797
0.059802120333899256 -0.21307711205719657 -0.01211314521664561
0.04824587018750018 -0.21876535786074736 0.02213035611544939
0.036056165580446345 -0.22382850911961832 0.0572328169572634
0.023348179825419535 -0.22820599254281287 0.09286198484290223
0.010264067834025281 -0.23184994483158722 0.12864863666366416
-0.0032491439893072432 -0.23375873079225226 0.1655630762736192
-0.016618521496216246 -0.23574876558507488 0.20068459370564193
-0.029802668424148346 -0.2369804873106098 0.2346867560146371
-0.042575244530925135 -0.23751274082207516 0.26710021403022
-0.05470594675183377 -0.23743641113094005 0.2974587980623973
-0.06596997533144405 -0.23687073147114934 0.32531597883115204
-0.07617425100658043 -0.23595365297794263 0.35030270165419775
-0.08509444896213411 -0.23484005438599176 0.3719759272088585
-0.07648402051765638 0.23497584111671788 0.3505662000684704
-0.06627462344112485 0.23589369330509677 0.32557539406079383
-0.05500579987476594 0.23646009147648056 0.29771419094728946
-0.042870388931935816 0.23653759119342613 0.2673509001542775
-0.030093386499470035 0.23600716467230903 0.2349318603390577
-0.01690526400705135 0.2347781945925874 0.20092294084851178
-0.0035324833410761564 0.23279217528002588 0.1657930479602884
0.009999408131049867 0.23098713334505439 0.12863913494342175
0.0230872823226098 0.2273379645285949 0.09287332565912426
0.03579902526411337 0.22295579483784161 0.057263067616284906
0.04799250730535276 0.21788868755417926 0.022177101446528735
0.059552606862363466 0.21219742152009896 -0.012052765052550457
0.07035274170907972 0.20592123840616278 -0.04511052304494226
0.0804260096282928 0.19921306521602075 -0.07687312085776091
0.08966007718982971 0.19208914026832086 -0.10695693112374804
0.09807483027437444 0.18466725472509407 -0.13533533861495622
0.1055924811106224 0.17693687552005682 -0.1615930190069212
0.112307894092266 0.16904982946248817 -0.18603613481559866
0.11822063586267505 0.16105161298303453 -0.20854174607767637
0.12338087411711969 0.1530075521253296 -0.22906207551524227
0.12780795858198563 0.14495644407750155 -0.2476687603240126
0.13140445696091982 0.13706947538696052 -0.2630975297898074
0.134506818607241 0.12902033219038464 -0.2777739422507814
0.13700215566328522 0.1211422633296179 -0.2905926023479734
0.1385817746178617 0.11339588373808071 -0.30090930678571315
0.13988376247129097 0.10585432940553077 -0.30983660205759644
0.14071910617606045 0.09848748593806245 -0.3171521187675669
0.14111109153451493 0.09128243841084538 -0.32283091166947675
0.141092680650027 0.0842289045818301 -0.32688633450251636
0.14070636003889392 0.07731961939432007 -0.3293704518836451
0.14020438278444997 0.07100574187475775 -0.33016273766908416
0.13920201874431298 0.06409479171966986 -0.3298269942827471
0.13765862388810557 0.05744055235634851 -0.3278563540449541
0.13597377528017635 0.05069972295059217 -0.3241529756712558
0.13401864970382588 0.04400093676539699 -0.31933784201964405
0.13172221469186457 0.03729078558321332 -0.3132642667344176
0.12898141609299252 0.030520191280589873 -0.30571015044731004
0.12586061602996124 0.02367028294472394 -0.29655735063058947
0.12201164171325578 0.016836815329091318 -0.28634432341038396
0.1170773665655296 0.010127602952252148 -0.27260154386404534
0.11144164433728661 0.0035119774947441444 -0.25722400787812316
0.1046846899056894 -0.0027189817590489197 -0.23922912226566767
0.09667430275879736 -0.008195502306865644 -0.2184434831726855
0.08745944579557903 -0.012524511310442138 -0.19463194878760653
0.07723540399790409 -0.014573731033960103 -0.16997001440935133
0.06738443361152274 -0.013853861637291225 -0.14768370043463414
0.05976455914509202 -0.010333400936223543 -0.13222853428767442
0.05581214757854431 -0.005583960824726113 -0.1264864275981626
0.05483942871369928 -0.0019686894164192225 -0.12811863277083108
0.05481550732218947 -0.00038672910682452247 -0.13179156926332736
0.05479305040809686 0.001460226288395687 -0.1277802217088824
0.05576294806655602 0.005060658876978743 -0.12622052706441123
0.05973787649746699 0.00978846259043507 -0.13211982926972166
0.06738226415774583 0.013285963839103862 -0.14771534303182424
0.07726060158530018 0.013977242008654158 -0.170129085161483
0.08753231688022606 0.011898889780293532 -0.19494945732003782
0.09670366539216524 0.007641308926026274 -0.21844406509905095
0.10470592832862707 0.002143922453085905 -0.23921393603751942
0.11145525055100863 -0.004111543692765389 -0.25722345061545315
0.11708057387168105 -0.010749763994481291 -0.27263049366876013
0.12203695754038128 -0.017423626092002265 -0.2863331374120642
0.12595420937012486 -0.024293454983807024 -0.29681365600574
0.12910711172221778 -0.031155747044124223 -0.30586120982742904
0.1318299668696572 -0.03792012154762766 -0.3133062298108985
0.13412607822541187 -0.04464061145632901 -0.31935913315764775
0.13609401655279682 -0.05136069930578751 -0.32421614498231766
0.13780114676732125 -0.058128915730572786 -0.32800187331743935
0.13940581479736097 -0.06481962848641097 -0.3302710947111457
0.1404087450270865 -0.0716933126268841 -0.33048518477343014
0.1408439346416484 -0.07801174330261046 -0.32920683305490445
0.14123229170573093 -0.08493533984440052 -0.3267326060114728
0.14125310277460532 -0.09200513351812467 -0.3226858064283862
0.1408632934344931 -0.09922790287802613 -0.31702425383542626
0.14002947922589096 -0.10661327091529788 -0.3097403896119182
0.13872804452678644 -0.1141734054220138 -0.3008622128338709
0.13711072485594805 -0.12192998826603761 -0.2905033930624107
0.1346458304765689 -0.12982705932995642 -0.2777212998985796
0.1315667728691129 -0.13789255734289096 -0.26306917777914707
0.1279974925148782 -0.14580267099810407 -0.24775592991151837
0.12358367343612475 -0.1538634799638228 -0.22915647681611223
0.1184318971484447 -0.16191516467501443 -0.20862777579188757
0.11252370830856016 -0.16991759218607838 -0.18610685163552554
0.1058097901099481 -0.17780628473905624 -0.161643325124598
0.0982911752303364 -0.18553600379645666 -0.1353617976389563
0.08987327991190637 -0.19295492964771718 -0.10695576233597634
0.0806346662970646 -0.20007412611286615 -0.0768434050112862
0.07055579927089499 -0.20677602479907628 -0.04505178114256797
0.059802120333899256 -0.21307711205719657 -0.01211314521664561
0.04824587018750018 -0.21876535786074736 0.02213035611544939
0.036056165580446345 -0.22382850911961832 0.0572328169572634
0.023348179825419535 -0.22820599254281287 0.09286198484290223
0.010264067834025281 -0.23184994483158722 0.12864863666366416
-0.0032491439893072432 -0.23375873079225226 0.1655630762736192
-0.016618521496216246 -0.23574876558507488 0.20068459370564193
-0.029802668424148346 -0.2369804873106098 0.2346867560146371
-0.042575244530925135 -0.23751274082207516 0.26710021403022
-0.05470594675183377 -0.23743641113094005 0.2974587980623973
-0.06596997533144405 -0.23687073147114934 0.32531597883115204
-0.07617425100658043 -0.23595365297794263 0.35030270165419775
-0.08509444896213411 -0.23484005438599176 0.3719759272088585

VECTORS ftot float
-6.1297467683752 -11.034417634494199 6.392978051566141
-8.262021681501434 -13.151517336945592 8.58486296462
-9.324288624174208 -14.196445347017063 10.370391377663852
-9.995016363080868 -14.847848344222072 11.969742235213396
-10.459014277466121 -15.290735480899436 13.457027222977278
-10.789492693679165 -15.598536188793686 14.86502478148969
-11.022113222508207 -15.807147351805243 16.210110508760756
-11.176830191033236 -15.936771015558554 17.50082625820134
-11.266207463269424 -16.000227062903864 18.741479748812147
-11.299142414256247 -16.006672795846846 19.93389032640431
-11.282744501842002 -15.963477064745259 21.07833984407389
-11.223416116662113 -15.877762555524662 22.174363412397998
-11.127323501613107 -15.755351070280796 23.220425281687334
-11.001543370879979 -15.603507150180928 24.2150911867954
-10.851141338325597 -15.428290686266678 25.157128770462098
-10.682340939584572 -15.235541117898556 26.04510205766957
-10.501433584224774 -15.031785897198432 26.87798280819408
-10.313832594641845 -14.82264429794945 27.655259663220985
-10.124121490321265 -14.61286641535928 28.376937765931107
-9.936042241643916 -14.406311486858584 29.043521021280434
-9.752137508998704 -14.205579619052797 29.65599762956598
-9.57414565286861 -14.012395830752697 30.21570789795666
-9.4034250894138 -13.828023183256468 30.724253185365622
-9.241978777522183 -13.656635435464713 31.183865360655435
-9.081492952420444 -13.477370530146533 31.594430745844367
-8.934363701157245 -13.326290846434679 31.963264998399254
-8.792494516073521 -13.181191698429338 32.2888322399418
-8.655029457918115 -13.041616172701522 32.573437473179986
-8.52071908156596 -12.906661309764772 32.81933476845988
-8.38794806938957 -12.774986300519608 33.02862800158011
-8.254833923545728 -12.644892178739019 33.20317386588054
-8.11926032029259 -12.514338046484037 33.34450680886874
-7.976338903805398 -12.374599979948751 33.45254529553015
-7.8292087778274615 -12.237700346830282 33.533067383905575
-7.67145744881407 -12.091327522075767 33.583111661394035
-7.501460385307302 -11.93418049192493 33.60321323112839
-7.317022976014521 -11.764462168883934 33.59383951703445
-7.1155899592644305 -11.5800995372443 33.555323448804344
-6.892286226431028 -11.374421153576835 33.48592618123608
-6.643464744853779 -11.144530879072407 33.38420662882999
-6.365889824125129 -10.889179467335081 33.254006895383746
-6.051160878762521 -10.597226890169868 33.09008595715117
-5.689639559418914 -10.258068311358194 32.89010797334212
-5.266920984682832 -9.85596689495494 32.65060320802357
-4.759391678617926 -9.365730594602342 32.36650812615572
-4.1208936259177 -8.740412810678892 32.03205801842567
-3.2563783459650826 -7.88487287826867 31.640092558745657
-1.8813724822192863 -6.515630268465077 31.191024967226422
1.1678748292366214 -3.4702160305230847 30.70385647844153
17.16471094734921 12.523570361441054 30.24821459294637
17.16637875919562 -12.526314299338054 30.250150027760295
1.168451586161896 3.4691789808245286 30.70586701682525
-1.8814917478895417 6.5156217581658 31.19286289862329
-3.256911760228384 7.88543130699774 31.641672209499752
-4.121545429379668 8.74110854556424 32.03342222396848
-4.759225112441015 9.365567184779572 32.36808429171785
-5.266711744150539 9.855769425354627 32.6523260244876
-5.689425168983586 10.257823693937725 32.8919604342135
-6.051048504465854 10.597133771703149 33.09209361576452
-6.365935859552082 10.889375013071035 33.25619844106572
-6.643697442782734 11.145126126478392 33.386617013488504
-6.892473978416721 11.374640682060523 33.487844384433515
-7.11592829786799 11.580894722036208 33.55742871567105
-7.317304092981589 11.76512842386436 33.59597665290551
-7.501721516667209 11.934728711879822 33.60536810557775
-7.671723393225778 12.091820897598966 33.58530080488463
-7.82951374257438 12.238288112305211 33.535353656482904
-7.97667087181401 12.375469561947066 33.45506464868555
-8.118762261843935 12.514014250159281 33.34698971260804
-8.254415316797926 12.644527227637528 33.20578593311677
-8.387609655684567 12.774637909144097 33.03132635781982
-8.520512819939974 12.906453688934485 32.822089668109754
-8.655015541949453 13.041691489138238 32.57622499495058
-8.792721857670198 13.18168552518829 32.29163423046526
-8.93486606733598 13.327323857359856 31.966070659725812
-9.08218389653251 13.47893962874788 31.597258675700385
-9.241861637647837 13.65641892883379 31.186574912454613
-9.403685903247386 13.828586610616142 30.72679171282382
-9.574385300777305 14.012792038105108 30.218262950294637
-9.752335451131403 14.205815144297336 29.658534744489543
-9.93623378179118 14.406448884666887 29.046008753308637
-10.124221584991211 14.612845049725832 28.379371020204886
-10.313890976833314 14.822533584491735 27.6576214014023
-10.501458150223332 15.031607699783482 26.88025893621822
-10.682337206943696 15.235308900801991 26.04727912894753
-10.851118912159077 15.428016187198086 25.15919229899587
-11.001489678743361 15.603174693647238 24.21702882200652
-11.127304873797266 15.755060714639738 23.2223343897113
-11.223399405766688 15.877458801984979 22.176141352877224
-11.282716023847417 15.963141388270767 21.07996931764803
-11.299094026994208 16.00630651367369 19.935381108759913
-11.266134777843497 15.999825135256454 18.742828711339563
-11.176731130754797 15.93633100543979 17.50203077427115
-11.021988586714581 15.806670017732829 16.211167994644473
-10.789343916280995 15.59802323535294 14.865932676193175
-10.458843332967673 15.290189431677987 13.457782677226483
-9.994834617321622 14.847281344644419 11.970339767222011
-9.324107162622825 14.195869438475023 10.370822609444081
-8.261861125587945 13.150954219490103 8.585112443347501
-6.129660172274485 11.033921515515729 6.393009439205574
-6.1297467683752 -11.034417634494199 6.392978051566141
-8.262021681501434 -13.151517336945592 8.58486296462
-9.324288624174208 -14.196445347017063 10.370391377663852
-9.995016363080868 -14.847848344222072 11.969742235213396
-10.459014277466121 -15.290735480899436 13.457027222977278
-10.789492693679165 -15.598536188793686 14.86502478148969
-11.022113222508207 -15.807147351805243 16.210110508760756
-11.176830191033236 -15.936771015558554 17.50082625820134
-11.266207463269424 -16.000227062903864 18.741479748812147
-11.299142414256247 -16.006672795846846 19.93389032640431
-11.282744501842002 -15.963477064745259 21.07833984407389
-11.223416116662113 -15.877762555524662 22.174363412397998
-11.127323501613107 -15.755351070280796 23.220425281687334
-11.001543370879979 -15.603507150180928 24.2150911867954
-10.851141338325597 -15.428290686266678 25.157128770462098
-10.682340939584572 -15.235541117898556 26.04510205766957
-10.501433584224774 -15.031785897198432 26.87798280819408
-10.313832594641845 -14.82264429794945 27.655259663220985
-10.124121490321265 -14.61286641535928 28.376937765931107
-9.936042241643916 -14.406311486858584 29.043521021280434
-9.752137508998704 -14.205579619052797 29.65599762956598
-9.57414565286861 -14.012395830752697 30.21570789795666
-9.4034250894138 -13.828023183256468 30.724253185365622
-9.241978777522183 -13.656635435464713 31.183865360655435
-9.081492952420444 -13.477370530146533 31.594430745844367
-8.934363701157245 -13.326290846434679 31.963264998399254
-8.792494516073521 -13.181191698429338 32.2888322399418
-8.655029457918115 -13.041616172701522 32.573437473179986
-8.52071908156596 -12.906661309764772 32.81933476845988
-8.38794806938957 -12.774986300519608 33.02862800158011
-8.254833923545728 -12.644892178739019 33.20317386588054
-8.11926032029259 -12.514338046484037 33.34450680886874
-7.976338903805398 -12.374599979948751 33.45254529553015
-7.8292087778274615 -12.237700346830282 33.533067383905575
-7.67145744881407 -12.091327522075767 33.583111661394035
-7.501460385307302 -11.93418049192493 33.60321323112839
-7.317022976014521 -11.764462168883934 33.59383951703445
-7.1155899592644305 -11.5800995372443 33.555323448804344
-6.892286226431028 -11.374421153576835 33.48592618123608
-6.643464744853779 -11.144530879072407 33.38420662882999
-6.365889824125129 -10.889179467335081 33.254006895383746
-6.051160878762521 -10.597226890169868 33.09008595715117
-5.689639559418914 -10.258068311358194 32.89010797334212
-5.266920984682832 -9.85596689495494 32.65060320802357
-4.759391678617926 -9.365730594602342 32.36650812615572
-4.1208936259177 -8.740412810678892 32.03205801842567
-3.2563783459650826 -7.88487287826867 31.640092558745657
-1.8813724822192863 -6.515630268465077 31.191024967226422
1.1678748292366214 -3.4702160305230847 30.70385647844153
17.16471094734921 12.523570361441054 30.24821459294637
17.16637875919562 -12.526314299338054 30.250150027760295
1.168451586161896 3.4691789808245286 30.70586701682525
-1.8814917478895417 6.5156217581658 31.19286289862329
-3.256911760228384 7.88543130699774 31.641672209499752
-4.121545429379668 8.74110854556424 32.03342222396848
-4.759225112441015 9.365567184779572 32.36808429171785
-5.266711744150539 9.855769425354627 32.6523260244876
-5.689425168983586 10.257823693937725 32.8919604342135
-6.051048504465854 10.597133771703149 33.09209361576452
-6.365935859552082 10.889375013071035 33.25619844106572
-6.643697442782734 11.145126126478392 33.386617013488504
-6.892473978416721 11.374640682060523 33.487844384433515
-7.11592829786799 11.580894722036208 33.55742871567105
-7.317304092981589 11.76512842386436 33.59597665290551
-7.501721516667209 11.934728711879822 33.60536810557775
-7.671723393225778 12.091820897598966 33.58530080488463
-7.82951374257438 12.238288112305211 33.535353656482904
-7.97667087181401 12.375469561947066 33.45506464868555
-8.118762261843935 12.514014250159281 33.34698971260804
-8.254415316797926 12.644527227637528 33.20578593311677
-8.387609655684567 12.774637909144097 33.03132635781982
-8.520512819939974 12.906453688934485 32.822089668109754
-8.655015541949453 13.041691489138238 32.57622499495058
-8.792721857670198 13.18168552518829 32.29163423046526
-8.93486606733598 13.327323857359856 31.966070659725812
-9.08218389653251 13.47893962874788 31.597258675700385
-9.241861637647837 13.65641892883379 31.186574912454613
-9.403685903247386 13.828586610616142 30.72679171282382
-9.574385300777305 14.012792038105108 30.218262950294637
-9.752335451131403 14.205815144297336 29.658534744489543
-9.93623378179118 14.406448884666887 29.046008753308637
-10.124221584991211 14.612845049725832 28.379371020204886
-10.313890976833314 14.822533584491735 27.6576214014023
-10.501458150223332 15.031607699783482 26.88025893621822
-10.682337206943696 15.235308900801991 26.04727912894753
-10.851118912159077 15.428016187198086 25.15919229899587
-11.001489678743361 15.603174693647238 24.21702882200652
-11.127304873797266 15.755060714639738 23.2223343897113
-11.223399405766688 15.877458801984979 22.176141352877224
-11.282716023847417 15.963141388270767 21.07996931764803
-11.299094026994208 16.00630651367369 19.935381108759913
-11.266134777843497 15.999825135256454 18.742828711339563
-11.176731130754797 15.93633100543979 17.50203077427115
-11.021988586714581 15.806670017732829 16.211167994644473
-10.789343916280995 15.59802323535294 14.865932676193175
-10.458843332967673 15.290189431677987 13.457782677226483
-9.994834617321622 14.847281344644419 11.970339767222011
-9.324107162622825 14.195869438475023 10.370822609444081
-8.261861125587945 13.150954219490103 8.585112443347501
-6.129660172274485 11.033921515515729 6.393009439205574

VECTORS D float
-0.011704107810468255 -0.0 -0.005457715103893081
-0.018738563317095506 -0.0 -0.008737935577583969
-0.022813565553473386 -0.0 -0.010638140327405718
-0.025445311283885736 -0.0 -0.01186534351581372
-0.026978494587791158 -0.0 -0.012580278631780201
-0.02750977993066967 -0.0 -0.012828021055829952
-0.027060397543547166 -0.0 -0.012618470607274756
-0.025625696413201823 -0.0 -0.01194945848303109
-0.023194927873646326 -0.0 -0.01081597249783412
-0.01976145390688739 -0.0 -0.009214917293058606
-0.015329325195321366 -0.0 -0.007148181732926724
-0.009917620327909738 -0.0 -0.0046246623095779985
-0.0035666295663496187 -0.0 -0.0016631466805908691
0.0036536915967153934 0.0 0.0017037443720849528
0.01168018329535449 0.0 0.005446558919277887
0.020416794086747417 0.0 0.009520507437624011
0.029750437395312284 0.0 0.013872856790894967
0.039566684585674194 0.0 0.018450248030103214
0.04975280961948692 0.0 0.023200116140294432
0.060201501954417605 0.0 0.02807242139377804
0.07082063120531949 0.0 0.03302420268641135
0.08152986742997437 0.0 0.038018001550958844
0.0922552402904182 0.0 0.043019325052351585
0.10291430148490592 0.0 0.047989726916083976
0.11360738549516047 0.0 0.05297599387936044
0.12409892428503967 0.0 0.057868278762911333
0.1344801476341399 0.0 0.06270912271161425
0.14474172624929632 0.0 0.06749417540462126
0.1548880468186084 0.0 0.07222548238818707
0.16493673589223254 0.0 0.07691126305763646
0.1749161870171246 0.0 0.08156475754135716
0.18486437846083859 0.0 0.086203675396353
0.19487862505757741 0.0 0.09087339527506495
0.2049305032500664 0.0 0.09556066305506379
0.21513785528180945 0.0 0.10032042947694955
0.2255450751493881 0.0 0.10517339580130435
0.23621691289479174 0.0 0.11014975546857363
0.24723334107632644 0.0 0.11528680029513781
0.2587218893609911 0.0 0.1206439983413604
0.2707881349966945 0.0 0.12627058108646824
0.2836094553427794 0.0 0.13224926095150613
0.29740642718483273 0.0 0.1386828945808045
0.31249987173852906 0.0 0.14572108336413092
0.3293741239936581 0.0 0.15358967641633686
0.3488342152021677 0.0 0.16266406597525962
0.37250840786609046 0.0 0.1737035233150837
0.40383802959242054 0.0 0.18831276585317067
0.45342392505065743 0.0 0.21143504864181967
0.5650446424285426 0.0 0.26348464396388227
1.1623505815045263 0.0 0.5420129776164765
1.1624461249310272 0.0 0.5420575302479402
0.5650998973085234 0.0 0.26351040973756773
0.45345034207907564 0.0 0.2114473671044768
0.4038451663129842 0.0 0.1883160937606236
0.3725078683862182 0.0 0.17370327175148784
0.34886464959264635 0.0 0.1626782577646111
0.32940761616215997 0.0 0.1536052940709975
0.31253479763987363 0.0 0.14573736957939587
0.29743967686590744 0.0 0.1386983991617208
0.2836397346391631 0.0 0.1322633804192934
0.2708151803783197 0.0 0.12628319255503778
0.2587428518194456 0.0 0.1206537732962715
0.24725198499945372 0.0 0.1152954940992701
0.23623715721297014 0.0 0.11015919554917436
0.22556561127558256 0.0 0.10518297195421766
0.2151581843769174 0.0 0.10032990908968177
0.20495048157832016 0.0 0.09556997910252565
0.1949001719776647 0.0 0.09088344276891132
0.18490558003627589 0.0 0.08622288800650747
0.17495579290226074 0.0 0.08158322606890414
0.1649742847347262 0.0 0.07692877237044611
0.15492209001696913 0.0 0.07224135699229077
0.1447708277920225 0.0 0.06750774567685859
0.13450331759260215 0.0 0.06271992704068434
0.12411567634538156 0.0 0.05787609037693864
0.11362000505137329 0.0 0.052981878475065
0.10294111372697805 0.0 0.04800222966989452
0.09227253363569923 0.0 0.04302738907169125
0.0815470519265699 0.0 0.03802601481332288
0.07083774507948101 0.0 0.033032183016993566
0.06021766575931553 0.0 0.02807995869978687
0.049769369289253296 0.0 0.023207838041123013
0.03958266608744566 0.0 0.018457700326768068
0.02976561747345028 0.0 0.013879935377582107
0.020431016538148106 0.0 0.00952713947562989
0.011693255361690734 0.0 0.005452654523918387
0.0036657458482296785 0.0 0.0017093653618793906
-0.003555804913999362 -0.0 -0.0016580990623030784
-0.009908124436706451 -0.0 -0.0046202343027889
-0.015321012696623478 -0.0 -0.007144305551125494
-0.019754121081099998 -0.0 -0.009211497940238029
-0.023188486701475282 -0.0 -0.010812968929923268
-0.02562008253336102 -0.0 -0.011946840687869362
-0.02705557065557638 -0.0 -0.01261621979244892
-0.027505700078619574 -0.0 -0.012826118589574855
-0.026975120785332544 -0.0 -0.012578705401856646
-0.02544265700147349 -0.0 -0.01186410580359798
-0.022811621185078373 -0.0 -0.01063723365353285
-0.01873734502218521 -0.0 -0.008737367477337407
-0.01170373151139228 -0.0 -0.005457539632752196
-0.011704107810468255 -0.0 -0.005457715103893081
-0.018738563317095506 -0.0 -0.008737935577583969
-0.022813565553473386 -0.0 -0.010638140327405718
-0.025445311283885736 -0.0 -0.01186534351581372
-0.026978494587791158 -0.0 -0.012580278631780201
-0.02750977993066967 -0.0 -0.012828021055829952
-0.027060397543547166 -0.0 -0.012618470607274756
-0.025625696413201823 -0.0 -0.01194945848303109
-0.023194927873646326 -0.0 -0.01081597249783412
-0.01976145390688739 -0.0 -0.009214917293058606
-0.015329325195321366 -0.0 -0.007148181732926724
-0.009917620327909738 -0.0 -0.0046246623095779985
-0.0035666295663496187 -0.0 -0.0016631466805908691
0.0036536915967153934 0.0 0.0017037443720849528
0.01168018329535449 0.0 0.005446558919277887
0.020416794086747417 0.0 0.009520507437624011
0.029750437395312284 0.0 0.013872856790894967
0.039566684585674194 0.0 0.018450248030103214
0.04975280961948692 0.0 0.023200116140294432
0.060201501954417605 0.0 0.02807242139377804
0.07082063120531949 0.0 0.03302420268641135
0.08152986742997437 0.0 0.038018001550958844
0.0922552402904182 0.0 0.043019325052351585
0.10291430148490592 0.0 0.047989726916083976
0.11360738549516047 0.0 0.05297599387936044
0.12409892428503967 0.0 0.057868278762911333
0.1344801476341399 0.0 0.06270912271161425
0.14474172624929632 0.0 0.06749417540462126
0.1548880468186084 0.0 0.07222548238818707
0.16493673589223254 0.0 0.07691126305763646
0.1749161870171246 0.0 0.08156475754135716
0.18486437846083859 0.0 0.086203675396353
0.19487862505757741 0.0 0.09087339527506495
0.2049305032500664 0.0 0.09556066305506379
0.21513785528180945 0.0 0.10032042947694955
0.2255450751493881 0.0 0.10517339580130435
0.23621691289479174 0.0 0.11014975546857363
0.24723334107632644 0.0 0.11528680029513781
0.2587218893609911 0.0 0.1206439983413604
0.2707881349966945 0.0 0.12627058108646824
0.2836094553427794 0.0 0.13224926095150613
0.29740642718483273 0.0 0.1386828945808045
0.31249987173852906 0.0 0.14572108336413092
0.3293741239936581 0.0 0.15358967641633686
0.3488342152021677 0.0 0.16266406597525962
0.37250840786609046 0.0 0.1737035233150837
0.40383802959242054 0.0 0.18831276585317067
0.45342392505065743 0.0 0.21143504864181967
0.5650446424285426 0.0 0.26348464396388227
1.1623505815045263 0.0 0.5420129776164765
1.1624461249310272 0.0 0.5420575302479402
0.5650998973085234 0.0 0.26351040973756773
0.45345034207907564 0.0 0.2114473671044768
0.4038451663129842 0.0 0.1883160937606236
0.3725078683862182 0.0 0.17370327175148784
0.34886464959264635 0.0 0.1626782577646111
0.32940761616215997 0.0 0.1536052940709975
0.31253479763987363 0.0 0.14573736957939587
0.29743967686590744 0.0 0.1386983991617208
0.2836397346391631 0.0 0.1322633804192934
0.2708151803783197 0.0 0.12628319255503778
0.2587428518194456 0.0 0.1206537732962715
0.24725198499945372 0.0 0.1152954940992701
0.23623715721297014 0.0 0.11015919554917436
0.22556561127558256 0.0 0.10518297195421766
0.2151581843769174 0.0 0.10032990908968177
0.20495048157832016 0.0 0.09556997910252565
0.1949001719776647 0.0 0.09088344276891132
0.18490558003627589 0.0 0.08622288800650747
0.17495579290226074 0.0 0.08158322606890414
0.1649742847347262 0.0 0.07692877237044611
0.15492209001696913 0.0 0.07224135699229077
0.1447708277920225 0.0 0.06750774567685859
0.13450331759260215 0.0 0.06271992704068434
0.12411567634538156 0.0 0.05787609037693864
0.11362000505137329 0.0 0.052981878475065
0.10294111372697805 0.0 0.04800222966989452
0.09227253363569923 0.0 0.04302738907169125
0.0815470519265699 0.0 0.03802601481332288
0.07083774507948101 0.0 0.033032183016993566
0.06021766575931553 0.0 0.02807995869978687
0.049769369289253296 0.0 0.023207838041123013
0.03958266608744566 0.0 0.018457700326768068
0.02976561747345028 0.0 0.013879935377582107
0.020431016538148106 0.0 0.00952713947562989
0.011693255361690734 0.0 0.005452654523918387
0.0036657458482296785 0.0 0.0017093653618793906
-0.003555804913999362 -0.0 -0.0016580990623030784
-0.009908124436706451 -0.0 -0.0046202343027889
-0.015321012696623478 -0.0 -0.007144305551125494
-0.019754121081099998 -0.0 -0.009211497940238029
-0.023188486701475282 -0.0 -0.010812968929923268
-0.02562008253336102 -0.0 -0.011946840687869362
-0.02705557065557638 -0.0 -0.01261621979244892
-0.027505700078619574 -0.0 -0.012826118589574855
-0.026975120785332544 -0.0 -0.012578705401856646
-0.02544265700147349 -0.0 -0.01186410580359798
-0.022811621185078373 -0.0 -0.01063723365353285
-0.01873734502218521 -0.0 -0.008737367477337407
-0.01170373151139228 -0.0 -0.005457539632752196

VECTORS funs-vector float
0.0 0.0 -0.06824397942126127
0.0 0.0 -0.1046732684397311
0.0 0.0 -0.13426536345325202
0.0 0.0 -0.16068414274137802
0.0 0.0 -0.1853237431632422
0.0 0.0 -0.20833238895818088
0.0 0.0 -0.23012145344884594
0.0 0.0 -0.2508562895884773
0.0 0.0 -0.2705972956586365
0.0 0.0 -0.28937359592073497
0.0 0.0 -0.307174489647414
0.0 0.0 -0.32397869786654826
0.0 0.0 -0.33977137293519327
0.0 0.0 -0.354489740187238
0.0 0.0 -0.3705567202365095
0.0 0.0 -0.38330090528368954
0.0 0.0 -0.3943478739954069
0.0 0.0 -0.4040465807248286
0.0 0.0 -0.4124913196670627
0.0 0.0 -0.41977007834515695
0.0 0.0 -0.4271163658605691
0.0 0.0 -0.43162589379050403
0.0 0.0 -0.435178628081953
0.0 0.0 -0.4384170040605231
0.0 0.0 -0.4425758589594231
0.0 0.0 -0.44515947919399745
0.0 0.0 -0.4452627466319013
0.0 0.0 -0.4436297314885482
0.0 0.0 -0.44101049940775233
0.0 0.0 -0.43745865564807485
0.0 0.0 -0.4327827017250153
0.0 0.0 -0.4268003528075469
0.0 0.0 -0.419875780135535
0.0 0.0 -0.41923349333654686
0.0 0.0 -0.4141835162289616
0.0 0.0 -0.4080268650516377
0.0 0.0 -0.40137605967508583
0.0 0.0 -0.3943430940565397
0.0 0.0 -0.38680303672276106
0.0 0.0 -0.3785622268988589
0.0 0.0 -0.37055973611439963
0.0 0.0 -0.3620196715149776
0.0 0.0 -0.3528416983853308
0.0 0.0 -0.34321379300953747
0.0 0.0 -0.3334190109343587
0.0 0.0 -0.32353805941999914
0.0 0.0 -0.3143708763066994
0.0 0.0 -0.305313626949109
0.0 0.0 -0.29689254312469876
0.0 0.0 -0.2904847501678238
0.0 0.0 -0.29178473837873437
0.0 0.0 -0.299321874200604
0.0 0.0 -0.3076787095447561
0.0 0.0 -0.3157708508439955
0.0 0.0 -0.32344273981578264
0.0 0.0 -0.3315519798211064
0.0 0.0 -0.339505433107896
0.0 0.0 -0.34760792502106735
0.0 0.0 -0.3555266955529256
0.0 0.0 -0.36292351545039425
0.0 0.0 -0.36958408132157616
0.0 0.0 -0.37603976289907015
0.0 0.0 -0.3835167724048344
0.0 0.0 -0.390478956371165
0.0 0.0 -0.3968919888674199
0.0 0.0 -0.4027845184433869
0.0 0.0 -0.40771349886295205
0.0 0.0 -0.4082013697047527
0.0 0.0 -0.41724265604046273
0.0 0.0 -0.4238349735886196
0.0 0.0 -0.4287635483152219
0.0 0.0 -0.4323694557039754
0.0 0.0 -0.43490264890312674
0.0 0.0 -0.4363764876260833
0.0 0.0 -0.4361737501637995
0.0 0.0 -0.43320709333080243
0.0 0.0 -0.4304144403263438
0.0 0.0 -0.427835173134612
0.0 0.0 -0.42467693801274664
0.0 0.0 -0.4204745048915765
0.0 0.0 -0.4135923359522323
0.0 0.0 -0.406679864593357
0.0 0.0 -0.39855239599414344
0.0 0.0 -0.38917052276312225
0.0 0.0 -0.3784359377636466
0.0 0.0 -0.3660103760929447
0.0 0.0 -0.3501219025253934
0.0 0.0 -0.3357044671690266
0.0 0.0 -0.32020481365060643
0.0 0.0 -0.3037152463954105
0.0 0.0 -0.28625086511930364
0.0 0.0 -0.2678256231696353
0.0 0.0 -0.2484376307778088
0.0 0.0 -0.22805076124110785
0.0 0.0 -0.2065871647592524
0.0 0.0 -0.1838599858918051
0.0 0.0 -0.1594954291113266
0.0 0.0 -0.13333696813997914
0.0 0.0 -0.10399396374309257
0.0 0.0 -0.06782653175361031
0.0 0.0 -0.06824397942126127
0.0 0.0 -0.1046732684397311
0.0 0.0 -0.13426536345325202
0.0 0.0 -0.16068414274137802
0.0 0.0 -0.1853237431632422
0.0 0.0 -0.20833238895818088
0.0 0.0 -0.23012145344884594
0.0 0.0 -0.2508562895884773
0.0 0.0 -0.2705972956586365
0.0 0.0 -0.28937359592073497
0.0 0.0 -0.307174489647414
0.0 0.0 -0.32397869786654826
0.0 0.0 -0.33977137293519327
0.0 0.0 -0.354489740187238
0.0 0.0 -0.3705567202365095
0.0 0.0 -0.38330090528368954
0.0 0.0 -0.3943478739954069
0.0 0.0 -0.4040465807248286
0.0 0.0 -0.4124913196670627
0.0 0.0 -0.41977007834515695
0.0 0.0 -0.4271163658605691
0.0 0.0 -0.43162589379050403
0.0 0.0 -0.435178628081953
0.0 0.0 -0.4384170040605231
0.0 0.0 -0.4425758589594231
0.0 0.0 -0.44515947919399745
0.0 0.0 -0.4452627466319013
0.0 0.0 -0.4436297314885482
0.0 0.0 -0.44101049940775233
0.0 0.0 -0.43745865564807485
0.0 0.0 -0.4327827017250153
0.0 0.0 -0.4268003528075469
0.0 0.0 -0.419875780135535
0.0 0.0 -0.41923349333654686
0.0 0.0 -0.4141835162289616
0.0 0.0 -0.4080268650516377
0.0 0.0 -0.40137605967508583
0.0 0.0 -0.3943430940565397
0.0 0.0 -0.38680303672276106
0.0 0.0 -0.3785622268988589
0.0 0.0 -0.37055973611439963
0.0 0.0 -0.3620196715149776
0.0 0.0 -0.3528416983853308
0.0 0.0 -0.34321379300953747
0.0 0.0 -0.3334190109343587
0.0 0.0 -0.32353805941999914
0.0 0.0 -0.3143708763066994
0.0 0.0 -0.305313626949109
0.0 0.0 -0.29689254312469876
0.0 0.0 -0.2904847501678238
0.0 0.0 -0.29178473837873437
0.0 0.0 -0.299321874200604
0.0 0.0 -0.3076787095447561
0.0 0.0 -0.3157708508439955
0.0 0.0 -0.32344273981578264
0.0 0.0 -0.3315519798211064
0.0 0.0 -0.339505433107896
0.0 0.0 -0.34760792502106735
0.0 0.0 -0.3555266955529256
0.0 0.0 -0.36292351545039425
0.0 0.0 -0.36958408132157616
0.0 0.0 -0.37603976289907015
0.0 0.0 -0.3835167724048344
0.0 0.0 -0.390478956371165
0.0 0.0 -0.3968919888674199
0.0 0.0 -0.4027845184433869
0.0 0.0 -0.40771349886295205
0.0 0.0 -0.4082013697047527
0.0 0.0 -0.41724265604046273
0.0 0.0 -0.4238349735886196
0.0 0.0 -0.4287635483152219
0.0 0.0 -0.4323694557039754
0.0 0.0 -0.43490264890312674
0.0 0.0 -0.4363764876260833
0.0 0.0 -0.4361737501637995
0.0 0.0 -0.43320709333080243
0.0 0.0 -0.4304144403263438
0.0 0.0 -0.427835173134612
0.0 0.0 -0.42467693801274664
0.0 0.0 -0.4204745048915765
0.0 0.0 -0.4135923359522323
0.0 0.0 -0.406679864593357
0.0 0.0 -0.39855239599414344
0.0 0.0 -0.38917052276312225
0.0 0.0 -0.3784359377636466
0.0 0.0 -0.3660103760929447
0.0 0.0 -0.3501219025253934
0.0 0.0 -0.3357044671690266
0.0 0.0 -0.32020481365060643
0.0 0.0 -0.3037152463954105
0.0 0.0 -0.28625086511930364
0.0 0.0 -0.2678256231696353
0.0 0.0 -0.2484376307778088
0.0 0.0 -0.22805076124110785
0.0 0.0 -0.2065871647592524
0.0 0.0 -0.1838599858918051
0.0 0.0 -0.1594954291113266
0.0 0.0 -0.13333696813997914
0.0 0.0 -0.10399396374309257
0.0 0.0 -0.06782653175361031

VECTORS S float
-0.0 -0.04993575544046505 0.0
-0.0 -0.07044821320208232 0.0
-0.0 -0.08784570743616563 0.0
-0.0 -0.1042181218622037 0.0
-0.0 -0.12003652883178256 0.0
-0.0 -0.13541844593496313 0.0
-0.0 -0.15036849518145812 0.0
-0.0 -0.16484830361651828 0.0
-0.0 -0.17880417010418273 0.0
-0.0 -0.19218104328579552 0.0
-0.0 -0.20493135894497222 0.0
-0.0 -0.21702868824132285 0.0
-0.0 -0.22845142129079204 0.0
-0.0 -0.23921942349791675 0.0
-0.0 -0.24935724362414122 0.0
-0.0 -0.25890583224529506 0.0
-0.0 -0.2679378186990192 0.0
-0.0 -0.2765305920161191 0.0
-0.0 -0.2847632864991446 0.0
-0.0 -0.2927127289044171 0.0
-0.0 -0.3004419471928513 0.0
-0.0 -0.30800337910994247 0.0
-0.0 -0.3154446596167704 0.0
-0.0 -0.32288644131024496 0.0
-0.0 -0.32985051729598264 0.0
-0.0 -0.3372298252020997 0.0
-0.0 -0.34451428856703253 0.0
-0.0 -0.3517064985130023 0.0
-0.0 -0.3587951272727781 0.0
-0.0 -0.36575330907673215 0.0
-0.0 -0.37253916830757605 0.0
-0.0 -0.37909482250260457 0.0
-0.0 -0.38514760077851984 0.0
-0.0 -0.3910587796841627 0.0
-0.0 -0.39643178262963114 0.0
-0.0 -0.40119925005424995 0.0
-0.0 -0.4052724075771917 0.0
-0.0 -0.4085467710505682 0.0
-0.0 -0.4107449088029608 0.0
-0.0 -0.4117066769278091 0.0
-0.0 -0.4113245115742699 0.0
-0.0 -0.40910486274532604 0.0
-0.0 -0.40453824770005353 0.0
-0.0 -0.39687327266317984 0.0
-0.0 -0.384917626539315 0.0
-0.0 -0.3664830767548782 0.0
-0.0 -0.33716447862808785 0.0
-0.0 -0.28403022502541453 0.0
-0.0 -0.1541585849234327 0.0
0.0 0.5667484841750322 -0.0
-0.0 -0.5668726598373167 0.0
0.0 0.1541125157125771 -0.0
0.0 0.2840298540433117 -0.0
0.0 0.3371883575585656 -0.0
0.0 0.3665122487250043 -0.0
0.0 0.3849109106381361 -0.0
0.0 0.3968653210936009 -0.0
0.0 0.404528600942044 -0.0
0.0 0.409101267916419 -0.0
0.0 0.41133189805867737 -0.0
0.0 0.4117286668468232 -0.0
0.0 0.41075283625753584 -0.0
0.0 0.408574825229038 -0.0
0.0 0.4052953593072509 -0.0
0.0 0.40121767992757895 -0.0
0.0 0.39644795866471033 -0.0
0.0 0.3910775618771294 -0.0
0.0 0.38517466568735653 -0.0
0.0 0.37908501379280274 -0.0
0.0 0.372528416252289 -0.0
0.0 0.3657433344829842 -0.0
0.0 0.35878935557547864 -0.0
0.0 0.35170852964778393 -0.0
0.0 0.34452719562266515 -0.0
0.0 0.33725596616643433 -0.0
0.0 0.3298889200381322 -0.0
0.0 0.3228813224025999 -0.0
0.0 0.3154575125133352 -0.0
0.0 0.308012088056283 -0.0
0.0 0.30044692845127086 -0.0
0.0 0.2927155206035572 -0.0
0.0 0.284762870143597 -0.0
0.0 0.2765285265507817 -0.0
0.0 0.26793464237472636 -0.0
0.0 0.25890188605394343 -0.0
0.0 0.24935280707750662 -0.0
0.0 0.23921432656300234 -0.0
0.0 0.22844721115554442 -0.0
0.0 0.21702453631928847 -0.0
0.0 0.20492704969356365 -0.0
0.0 0.1921766455892143 -0.0
0.0 0.17879967852170633 -0.0
0.0 0.1648437521975687 -0.0
0.0 0.1503639544503211 -0.0
0.0 0.1354139927377531 -0.0
0.0 0.12003224219343246 -0.0
0.0 0.10421414205114551 -0.0
0.0 0.08784214379103462 -0.0
0.0 0.07044519677306449 -0.0
0.0 0.04993351027657885 -0.0
-0.0 -0.04993575544046505 0.0
-0.0 -0.07044821320208232 0.0
-0.0 -0.08784570743616563 0.0
-0.0 -0.1042181218622037 0.0
-0.0 -0.12003652883178256 0.0
-0.0 -0.13541844593496313 0.0
-0.0 -0.15036849518145812 0.0
-0.0 -0.16484830361651828 0.0
-0.0 -0.17880417010418273 0.0
-0.0 -0.19218104328579552 0.0
-0.0 -0.20493135894497222 0.0
-0.0 -0.21702868824132285 0.0
-0.0 -0.22845142129079204 0.0
-0.0 -0.23921942349791675 0.0
-0.0 -0.24935724362414122 0.0
-0.0 -0.25890583224529506 0.0
-0.0 -0.2679378186990192 0.0
-0.0 -0.2765305920161191 0.0
-0.0 -0.2847632864991446 0.0
-0.0 -0.2927127289044171 0.0
-0.0 -0.3004419471928513 0.0
-0.0 -0.30800337910994247 0.0
-0.0 -0.3154446596167704 0.0
-0.0 -0.32288644131024496 0.0
-0.0 -0.32985051729598264 0.0
-0.0 -0.3372298252020997 0.0
-0.0 -0.34451428856703253 0.0
-0.0 -0.3517064985130023 0.0
-0.0 -0.3587951272727781 0.0
-0.0 -0.36575330907673215 0.0
-0.0 -0.37253916830757605 0.0
-0.0 -0.37909482250260457 0.0
-0.0 -0.38514760077851984 0.0
-0.0 -0.3910587796841627 0.0
-0.0 -0.39643178262963114 0.0
-0.0 -0.40119925005424995 0.0
-0.0 -0.4052724075771917 0.0
-0.0 -0.4085467710505682 0.0
-0.0 -0.4107449088029608 0.0
-0.0 -0.4117066769278091 0.0
-0.0 -0.4113245115742699 0.0
-0.0 -0.40910486274532604 0.0
-0.0 -0.40453824770005353 0.0
-0.0 -0.39687327266317984 0.0
-0.0 -0.384917626539315 0.0
-0.0 -0.3664830767548782 0.0
-0.0 -0.33716447862808785 0.0
-0.0 -0.28403022502541453 0.0
-0.0 -0.1541585849234327 0.0
0.0 0.5667484841750322 -0.0
-0.0 -0.5668726598373167 0.0
0.0 0.1541125157125771 -0.0
0.0 0.2840298540433117 -0.0
0.0 0.3371883575585656 -0.0
0.0 0.3665122487250043 -0.0
0.0 0.3849109106381361 -0.0
0.0 0.3968653210936009 -0.0
0.0 0.404528600942044 -0.0
0.0 0.409101267916419 -0.0
0.0 0.41133189805867737 -0.0
0.0 0.4117286668468232 -0.0
0.0 0.41075283625753584 -0.0
0.0 0.408574825229038 -0.0
0.0 0.4052953593072509 -0.0
0.0 0.40121767992757895 -0.0
0.0 0.39644795866471033 -0.0
0.0 0.3910775618771294 -0.0
0.0 0.38517466568735653 -0.0
0.0 0.37908501379280274 -0.0
0.0 0.372528416252289 -0.0
0.0 0.3657433344829842 -0.0
0.0 0.35878935557547864 -0.0
0.0 0.35170852964778393 -0.0
0.0 0.34452719562266515 -0.0
0.0 0.33725596616643433 -0.0
0.0 0.3298889200381322 -0.0
0.0 0.3228813224025999 -0.0
0.0 0.3154575125133352 -0.0
0.0 0.308012088056283 -0.0
0.0 0.30044692845127086 -0.0
0.0 0.2927155206035572 -0.0
0.0 0.284762870143597 -0.0
0.0 0.2765285265507817 -0.0
0.0 0.26793464237472636 -0.0
0.0 0.25890188605394343 -0.0
0.0 0.24935280707750662 -0.0
0.0 0.23921432656300234 -0.0
0.0 0.22844721115554442 -0.0
0.0 0.21702453631928847 -0.0
0.0 0.20492704969356365 -0.0
0.0 0.1921766455892143 -0.0
0.0 0.17879967852170633 -0.0
0.0 0.1648437521975687 -0.0
0.0 0.1503639544503211 -0.0
0.0 0.1354139927377531 -0.0
0.0 0.12003224219343246 -0.0
0.0 0.10421414205114551 -0.0
0.0 0.08784214379103462 -0.0
0.0 0.07044519677306449 -0.0
0.0 0.04993351027657885 -0.0

VECTORS Vvpm_ApA float
-0.08540855964168176 0.23386202946510423 0.37224235755569723
-0.07648402051765638 0.23497584111671788 0.3505662000684704
-0.06627462344112485 0.23589369330509677 0.32557539406079383
-0.05500579987476594 0.23646009147648056 0.29771419094728946
-0.042870388931935816 0.23653759119342613 0.2673509001542775
-0.030093386499470035 0.23600716467230903 0.2349318603390577
-0.01690526400705135 0.2347781945925874 0.20092294084851178
-0.0035324833410761564 0.23279217528002588 0.1657930479602884
0.009999408131049867 0.23098713334505439 0.12863913494342175
0.0230872823226098 0.2273379645285949 0.09287332565912426
0.03579902526411337 0.22295579483784161 0.057263067616284906
0.04799250730535276 0.21788868755417926 0.022177101446528735
0.059552606862363466 0.21219742152009896 -0.012052765052550457
0.07035274170907972 0.20592123840616278 -0.04511052304494226
0.0804260096282928 0.19921306521602075 -0.07687312085776091
0.08966007718982971 0.19208914026832086 -0.10695693112374804
0.09807483027437444 0.18466725472509407 -0.13533533861495622
0.1055924811106224 0.17693687552005682 -0.1615930190069212
0.112307894092266 0.16904982946248817 -0.18603613481559866
0.11822063586267505 0.16105161298303453 -0.20854174607767637
0.12338087411711969 0.1530075521253296 -0.22906207551524227
0.12780795858198563 0.14495644407750155 -0.2476687603240126
0.13140445696091982 0.13706947538696052 -0.2630975297898074
0.134506818607241 0.12902033219038464 -0.2777739422507814
0.13700215566328522 0.1211422633296179 -0.2905926023479734
0.1385817746178617 0.11339588373808071 -0.30090930678571315
0.13988376247129097 0.10585432940553077 -0.30983660205759644
0.14071910617606045 0.09848748593806245 -0.3171521187675669
0.14111109153451493 0.09128243841084538 -0.32283091166947675
0.141092680650027 0.0842289045818301 -0.32688633450251636
0.14070636003889392 0.07731961939432007 -0.3293704518836451
0.14020438278444997 0.07100574187475775 -0.33016273766908416
0.13920201874431298 0.06409479171966986 -0.3298269942827471
0.13765862388810557 0.05744055235634851 -0.3278563540449541
0.13597377528017635 0.05069972295059217 -0.3241529756712558
0.13401864970382588 0.04400093676539699 -0.31933784201964405
0.13172221469186457 0.03729078558321332 -0.3132642667344176
0.12898141609299252 0.030520191280589873 -0.30571015044731004
0.12586061602996124 0.02367028294472394 -0.29655735063058947
0.12201164171325578 0.016836815329091318 -0.28634432341038396
0.1170773665655296 0.010127602952252148 -0.27260154386404534
0.11144164433728661 0.0035119774947441444 -0.25722400787812316
0.1046846899056894 -0.0027189817590489197 -0.23922912226566767
0.09667430275879736 -0.008195502306865644 -0.2184434831726855
0.08745944579557903 -0.012524511310442138 -0.19463194878760653
0.07723540399790409 -0.014573731033960103 -0.16997001440935133
0.06738443361152274 -0.013853861637291225 -0.14768370043463414
0.05976455914509202 -0.010333400936223543 -0.13222853428767442
0.05581214757854431 -0.005583960824726113 -0.1264864275981626
0.05483942871369928 -0.0019686894164192225 -0.12811863277083108
0.05481550732218947 -0.00038672910682452247 -0.13179156926332736
0.05479305040809686 0.001460226288395687 -0.1277802217088824
0.05576294806655602 0.005060658876978743 -0.12622052706441123
0.05973787649746699 0.00978846259043507 -0.13211982926972166
0.06738226415774583 0.013285963839103862 -0.14771534303182424
0.07726060158530018 0.013977242008654158 -0.170129085161483
0.08753231688022606 0.011898889780293532 -0.19494945732003782
0.09670366539216524 0.007641308926026274 -0.21844406509905095
0.10470592832862707 0.002143922453085905 -0.23921393603751942
0.11145525055100863 -0.004111543692765389 -0.25722345061545315
0.11708057387168105 -0.010749763994481291 -0.27263049366876013
0.12203695754038128 -0.017423626092002265 -0.2863331374120642
0.12595420937012486 -0.024293454983807024 -0.29681365600574
0.12910711172221778 -0.031155747044124223 -0.30586120982742904
0.1318299668696572 -0.03792012154762766 -0.3133062298108985
0.13412607822541187 -0.04464061145632901 -0.31935913315764775
0.13609401655279682 -0.05136069930578751 -0.32421614498231766
0.13780114676732125 -0.058128915730572786 -0.32800187331743935
0.13940581479736097 -0.06481962848641097 -0.3302710947111457
0.1404087450270865 -0.0716933126268841 -0.33048518477343014
0.1408439346416484 -0.07801174330261046 -0.32920683305490445
0.14123229170573093 -0.08493533984440052 -0.3267326060114728
0.14125310277460532 -0.09200513351812467 -0.3226858064283862
0.1408632934344931 -0.09922790287802613 -0.31702425383542626
0.14002947922589096 -0.10661327091529788 -0.3097403896119182
0.13872804452678644 -0.1141734054220138 -0.3008622128338709
0.13711072485594805 -0.12192998826603761 -0.2905033930624107
0.1346458304765689 -0.12982705932995642 -0.2777212998985796
0.1315667728691129 -0.13789255734289096 -0.26306917777914707
0.1279974925148782 -0.14580267099810407 -0.24775592991151837
0.12358367343612475 -0.1538634799638228 -0.22915647681611223
0.1184318971484447 -0.16191516467501443 -0.20862777579188757
0.11252370830856016 -0.16991759218607838 -0.18610685163552554
0.1058097901099481 -0.17780628473905624 -0.161643325124598
0.0982911752303364 -0.18553600379645666 -0.1353617976389563
0.08987327991190637 -0.19295492964771718 -0.10695576233597634
0.0806346662970646 -0.20007412611286615 -0.0768434050112862
0.07055579927089499 -0.20677602479907628 -0.04505178114256797
0.059802120333899256 -0.21307711205719657 -0.01211314521664561
0.04824587018750018 -0.21876535786074736 0.02213035611544939
0.036056165580446345 -0.22382850911961832 0.0572328169572634
0.023348179825419535 -0.22820599254281287 0.09286198484290223
0.010264067834025281 -0.23184994483158722 0.12864863666366416
-0.0032491439893072432 -0.23375873079225226 0.1655630762736192
-0.016618521496216246 -0.23574876558507488 0.20068459370564193
-0.029802668424148346 -0.2369804873106098 0.2346867560146371
-0.042575244530925135 -0.23751274082207516 0.26710021403022
-0.05470594675183377 -0.23743641113094005 0.2974587980623973
-0.06596997533144405 -0.23687073147114934 0.32531597883115204
-0.07617425100658043 -0.23595365297794263 0.35030270165419775
-0.08540855964168176 0.23386202946510423 0.37224235755569723
-0.07648402051765638 0.23497584111671788 0.3505662000684704
-0.06627462344112485 0.23589369330509677 0.32557539406079383
-0.05500579987476594 0.23646009147648056 0.29771419094728946
-0.042870388931935816 0.23653759119342613 0.2673509001542775
-0.030093386499470035 0.23600716467230903 0.2349318603390577
-0.01690526400705135 0.2347781945925874 0.20092294084851178
-0.0035324833410761564 0.23279217528002588 0.1657930479602884
0.009999408131049867 0.23098713334505439 0.12863913494342175
0.0230872823226098 0.2273379645285949 0.09287332565912426
0.03579902526411337 0.22295579483784161 0.057263067616284906
0.04799250730535276 0.21788868755417926 0.022177101446528735
0.059552606862363466 0.21219742152009896 -0.012052765052550457
0.07035274170907972 0.20592123840616278 -0.04511052304494226
0.0804260096282928 0.19921306521602075 -0.07687312085776091
0.08966007718982971 0.19208914026832086 -0.10695693112374804
0.09807483027437444 0.18466725472509407 -0.13533533861495622
0.1055924811106224 0.17693687552005682 -0.1615930190069212
0.112307894092266 0.16904982946248817 -0.18603613481559866
0.11822063586267505 0.16105161298303453 -0.20854174607767637
0.12338087411711969 0.1530075521253296 -0.22906207551524227
0.12780795858198563 0.14495644407750155 -0.2476687603240126
0.13140445696091982 0.13706947538696052 -0.2630975297898074
0.134506818607241 0.12902033219038464 -0.2777739422507814
0.13700215566328522 0.1211422633296179 -0.2905926023479734
0.1385817746178617 0.11339588373808071 -0.30090930678571315
0.13988376247129097 0.10585432940553077 -0.30983660205759644
0.14071910617606045 0.09848748593806245 -0.3171521187675669
0.14111109153451493 0.09128243841084538 -0.32283091166947675
0.141092680650027 0.0842289045818301 -0.32688633450251636
0.14070636003889392 0.07731961939432007 -0.3293704518836451
0.14020438278444997 0.07100574187475775 -0.33016273766908416
0.13920201874431298 0.06409479171966986 -0.3298269942827471
0.13765862388810557 0.05744055235634851 -0.3278563540449541
0.13597377528017635 0.05069972295059217 -0.3241529756712558
0.13401864970382588 0.04400093676539699 -0.31933784201964405
0.13172221469186457 0.03729078558321332 -0.3132642667344176
0.12898141609299252 0.030520191280589873 -0.30571015044731004
0.12586061602996124 0.02367028294472394 -0.29655735063058947
0.12201164171325578 0.016836815329091318 -0.28634432341038396
0.1170773665655296 0.010127602952252148 -0.27260154386404534
0.11144164433728661 0.0035119774947441444 -0.25722400787812316
0.1046846899056894 -0.0027189817590489197 -0.23922912226566767
0.09667430275879736 -0.008195502306865644 -0.2184434831726855
0.08745944579557903 -0.012524511310442138 -0.19463194878760653
0.07723540399790409 -0.014573731033960103 -0.16997001440935133
0.06738443361152274 -0.013853861637291225 -0.14768370043463414
0.05976455914509202 -0.010333400936223543 -0.13222853428767442
0.05581214757854431 -0.005583960824726113 -0.1264864275981626
0.05483942871369928 -0.0019686894164192225 -0.12811863277083108
0.05481550732218947 -0.00038672910682452247 -0.13179156926332736
0.05479305040809686 0.001460226288395687 -0.1277802217088824
0.05576294806655602 0.005060658876978743 -0.12622052706441123
0.05973787649746699 0.00978846259043507 -0.13211982926972166
0.06738226415774583 0.013285963839103862 -0.14771534303182424
0.07726060158530018 0.013977242008654158 -0.170129085161483
0.08753231688022606 0.011898889780293532 -0.19494945732003782
0.09670366539216524 0.007641308926026274 -0.21844406509905095
0.10470592832862707 0.002143922453085905 -0.23921393603751942
0.11145525055100863 -0.004111543692765389 -0.25722345061545315
0.11708057387168105 -0.010749763994481291 -0.27263049366876013
0.12203695754038128 -0.017423626092002265 -0.2863331374120642
0.12595420937012486 -0.024293454983807024 -0.29681365600574
0.12910711172221778 -0.031155747044124223 -0.30586120982742904
0.1318299668696572 -0.03792012154762766 -0.3133062298108985
0.13412607822541187 -0.04464061145632901 -0.31935913315764775
0.13609401655279682 -0.05136069930578751 -0.32421614498231766
0.13780114676732125 -0.058128915730572786 -0.32800187331743935
0.13940581479736097 -0.06481962848641097 -0.3302710947111457
0.1404087450270865 -0.0716933126268841 -0.33048518477343014
0.1408439346416484 -0.07801174330261046 -0.32920683305490445
0.14123229170573093 -0.08493533984440052 -0.3267326060114728
0.14125310277460532 -0.09200513351812467 -0.3226858064283862
0.1408632934344931 -0.09922790287802613 -0.31702425383542626
0.14002947922589096 -0.10661327091529788 -0.3097403896119182
0.13872804452678644 -0.1141734054220138 -0.3008622128338709
0.13711072485594805 -0.12192998826603761 -0.2905033930624107
0.1346458304765689 -0.12982705932995642 -0.2777212998985796
0.1315667728691129 -0.13789255734289096 -0.26306917777914707
0.1279974925148782 -0.14580267099810407 -0.24775592991151837
0.12358367343612475 -0.1538634799638228 -0.22915647681611223
0.1184318971484447 -0.16191516467501443 -0.20862777579188757
0.11252370830856016 -0.16991759218607838 -0.18610685163552554
0.1058097901099481 -0.17780628473905624 -0.161643325124598
0.0982911752303364 -0.18553600379645666 -0.1353617976389563
0.08987327991190637 -0.19295492964771718 -0.10695576233597634
0.0806346662970646 -0.20007412611286615 -0.0768434050112862
0.07055579927089499 -0.20677602479907628 -0.04505178114256797
0.059802120333899256 -0.21307711205719657 -0.01211314521664561
0.04824587018750018 -0.21876535786074736 0.02213035611544939
0.036056165580446345 -0.22382850911961832 0.0572328169572634
0.023348179825419535 -0.22820599254281287 0.09286198484290223
0.010264067834025281 -0.23184994483158722 0.12864863666366416
-0.0032491439893072432 -0.23375873079225226 0.1655630762736192
-0.016618521496216246 -0.23574876558507488 0.20068459370564193
-0.029802668424148346 -0.2369804873106098 0.2346867560146371
-0.042575244530925135 -0.23751274082207516 0.26710021403022
-0.05470594675183377 -0.23743641113094005 0.2974587980623973
-0.06596997533144405 -0.23687073147114934 0.32531597883115204
-0.07617425100658043 -0.23595365297794263 0.35030270165419775

VECTORS Vkin float
-0.0 -0.0 -0.0
-0.0 -0.0 -0.0
-0.0 -0.0 -0.0
-0.0 -0.0 -0.0
-0.0 -0.0 -0.0
-0.0 -0.0 -0.0
-0.0 -0.0 -0.0
-0.0 -0.0 -0.0
-0.0 -0.0 -0.0
-0.0 -0.0 -0.0
-0.0 -0.0 -0.0
-0.0 -0.0 -0.0
-0.0 -0.0 -0.0
-0.0 -0.0 -0.0
-0.0 -0.0 -0.0
-0.0 -0.0 -0.0
-0.0 -0.0 -0.0
-0.0 -0.0 -0.0
-0.0 -0.0 -0.0
-0.0 -0.0 -0.0
-0.0 -0.0 -0.0
-0.0 -0.0 -0.0
-0.0 -0.0 -0.0
-0.0 -0.0 -0.0
-0.0 -0.0 -0.0
-0.0 -0.0 -0.0
-0.0 -0.0 -0.0
-0.0 -0.0 -0.0
-0.0 -0.0 -0.0
-0.0 -0.0 -0.0
-0.0 -0.0 -0.0
-0.0 -0.0 -0.0
-0.0 -0.0 -0.0
-0.0 -0.0 -0.0
-0.0 -0.0 -0.0
-0.0 -0.0 -0.0
-0.0 -0.0 -0.0
-0.0 -0.0 -0.0
-0.0 -0.0 -0.0
-0.0 -0.0 -0.0
-0.0 -0.0 -0.0
-0.0 -0.0 -0.0
-0.0 -0.0 -0.0
-0.0 -0.0 -0.0
-0.0 -0.0 -0.0
-0.0 -0.0 -0.0
-0.0 -0.0 -0.0
-0.0 -0.0 -0.0
-0.0 -0.0 -0.0
-0.0 -0.0 -0.0
-0.0 -0.0 -0.0
-0.0 -0.0 -0.0
-0.0 -0.0 -0.0
-0.0 -0.0 -0.0
-0.0 -0.0 -0.0
-0.0 -0.0 -0.0
-0.0 -0.0 -0.0
-0.0 -0.0 -0.0
-0.0 -0.0 -0.0
-0.0 -0.0 -0.0
-0.0 -0.0 -0.0
-0.0 -0.0 -0.0
-0.0 -0.0 -0.0
-0.0 -0.0 -0.0
-0.0 -0.0 -0.0
-0.0 -0.0 -0.0
-0.0 -0.0 -0.0
-0.0 -0.0 -0.0
-0.0 -0.0 -0.0
-0.0 -0.0 -0.0
-0.0 -0.0 -0.0
-0.0 -0.0 -0.0
-0.0 -0.0 -0.0
-0.0 -0.0 -0.0
-0.0 -0.0 -0.0
-0.0 -0.0 -0.0
-0.0 -0.0 -0.0
-0.0 -0.0 -0.0
-0.0 -0.0 -0.0
-0.0 -0.0 -0.0
-0.0 -0.0 -0.0
-0.0 -0.0 -0.0
-0.0 -0.0 -0.0
-0.0 -0.0 -0.0
-0.0 -0.0 -0.0
-0.0 -0.0 -0.0
-0.0 -0.0 -0.0
-0.0 -0.0 -0.0
-0.0 -0.0 -0.0
-0.0 -0.0 -0.0
-0.0 -0.0 -0.0
-0.0 -0.0 -0.0
-0.0 -0.0 -0.0
-0.0 -0.0 -0.0
-0.0 -0.0 -0.0
-0.0 -0.0 -0.0
-0.0 -0.0 -0.0
-0.0 -0.0 -0.0
-0.0 -0.0 -0.0
-0.0 -0.0 -0.0
-0.0 -0.0 -0.0
-0.0 -0.0 -0.0
-0.0 -0.0 -0.0
-0.0 -0.0 -0.0
-0.0 -0.0 -0.0
-0.0 -0.0 -0.0
-0.0 -0.0 -0.0
-0.0 -0.0 -0.0
-0.0 -0.0 -0.0
-0.0 -0.0 -0.0
-0.0 -0.0 -0.0
-0.0 -0.0 -0.0
-0.0 -0.0 -0.0
-0.0 -0.0 -0.0
-0.0 -0.0 -0.0
-0.0 -0.0 -0.0
-0.0 -0.0 -0.0
-0.0 -0.0 -0.0
-0.0 -0.0 -0.0
-0.0 -0.0 -0.0
-0.0 -0.0 -0.0
-0.0 -0.0 -0.0
-0.0 -0.0 -0.0
-0.0 -0.0 -0.0
-0.0 -0.0 -0.0
-0.0 -0.0 -0.0
-0.0 -0.0 -0.0
-0.0 -0.0 -0.0
-0.0 -0.0 -0.0
-0.0 -0.0 -0.0
-0.0 -0.0 -0.0
-0.0 -0.0 -0.0
-0.0 -0.0 -0.0
-0.0 -0.0 -0.0
-0.0 -0.0 -0.0
-0.0 -0.0 -0.0
-0.0 -0.0 -0.0
-0.0 -0.0 -0.0
-0.0 -0.0 -0.0
-0.0 -0.0 -0.0
-0.0 -0.0 -0.0
-0.0 -0.0 -0.0
-0.0 -0.0 -0.0
-0.0 -0.0 -0.0
-0.0 -0.0 -0.0
-0.0 -0.0 -0.0
-0.0 -0.0 -0.0
-0.0 -0.0 -0.0
-0.0 -0.0 -0.0
-0.0 -0.0 -0.0
-0.0 -0.0 -0.0
-0.0 -0.0 -0.0
-0.0 -0.0 -0.0
-0.0 -0.0 -0.0
-0.0 -0.0 -0.0
-0.0 -0.0 -0.0
-0.0 -0.0 -0.0
-0.0 -0.0 -0.0
-0.0 -0.0 -0.0
-0.0 -0.0 -0.0
-0.0 -0.0 -0.0
-0.0 -0.0 -0.0
-0.0 -0.0 -0.0
-0.0 -0.0 -0.0
-0.0 -0.0 -0.0
-0.0 -0.0 -0.0
-0.0 -0.0 -0.0
-0.0 -0.0 -0.0
-0.0 -0.0 -0.0
-0.0 -0.0 -0.0
-0.0 -0.0 -0.0
-0.0 -0.0 -0.0
-0.0 -0.0 -0.0
-0.0 -0.0 -0.0
-0.0 -0.0 -0.0
-0.0 -0.0 -0.0
-0.0 -0.0 -0.0
-0.0 -0.0 -0.0
-0.0 -0.0 -0.0
-0.0 -0.0 -0.0
-0.0 -0.0 -0.0
-0.0 -0.0 -0.0
-0.0 -0.0 -0.0
-0.0 -0.0 -0.0
-0.0 -0.0 -0.0
-0.0 -0.0 -0.0
-0.0 -0.0 -0.0
-0.0 -0.0 -0.0
-0.0 -0.0 -0.0
-0.0 -0.0 -0.0
-0.0 -0.0 -0.0
-0.0 -0.0 -0.0
-0.0 -0.0 -0.0
-0.0 -0.0 -0.0
-0.0 -0.0 -0.0
-0.0 -0.0 -0.0
-0.0 -0.0 -0.0
-0.0 -0.0 -0.0
-0.0 -0.0 -0.0
-0.0 -0.0 -0.0

VECTORS Funs-vector float
0.0 0.0 -0.00030883502687185016
0.0 0.0 -0.0005606991606121074
0.0 0.0 -0.0008308161337868351
0.0 0.0 -0.0011278536243981322
0.0 0.0 -0.0014548429581570299
0.0 0.0 -0.0018086343493502457
0.0 0.0 -0.002189074087433057
0.0 0.0 -0.002594831396512048
0.0 0.0 -0.0030239523909542268
0.0 0.0 -0.0034743085132494496
0.0 0.0 -0.003943356785076284
0.0 0.0 -0.004428374059016492
0.0 0.0 -0.004926659692616121
0.0 0.0 -0.0054347289021195525
0.0 0.0 -0.005989062835510856
0.0 0.0 -0.0065136406455733875
0.0 0.0 -0.007029152084092527
0.0 0.0 -0.007537875019060014
0.0 0.0 -0.008038284926583587
0.0 0.0 -0.008529042653070185
0.0 0.0 -0.009033328880503648
0.0 0.0 -0.009487473477380578
0.0 0.0 -0.009927288404753518
0.0 0.0 -0.010365577006133539
0.0 0.0 -0.010831777288747759
0.0 0.0 -0.011265029038129763
0.0 0.0 -0.011637747321402762
0.0 0.0 -0.011963813183268997
0.0 0.0 -0.012259748238990533
0.0 0.0 -0.012524627981873777
0.0 0.0 -0.012750484976821772
0.0 0.0 -0.01292899419774615
0.0 0.0 -0.01306823247670591
0.0 0.0 -0.013396711282392393
0.0 0.0 -0.01357960979674694
0.0 0.0 -0.013716909374000892
0.0 0.0 -0.013826951008317991
0.0 0.0 -0.013912453623108353
0.0 0.0 -0.01396795282135634
0.0 0.0 -0.013985029799647598
0.0 0.0 -0.013997409347836543
0.0 0.0 -0.013975732478052933
0.0 0.0 -0.013914701876401685
0.0 0.0 -0.013820296142082474
0.0 0.0 -0.013703026478885001
0.0 0.0 -0.013565860793059515
0.0 0.0 -0.013442790295063997
0.0 0.0 -0.0133092724099751
0.0 0.0 -0.013188958243479683
0.0 0.0 -0.01314575533032206
0.0 0.0 -0.01320458570590309
0.0 0.0 -0.01329687724266534
0.0 0.0 -0.01341237140641395
0.0 0.0 -0.013502654504956444
0.0 0.0 -0.013561864068581573
0.0 0.0 -0.013626294271233998
0.0 0.0 -0.013670970464950695
0.0 0.0 -0.013708302246239892
0.0 0.0 -0.013725071803586442
0.0 0.0 -0.0137089611002604
0.0 0.0 -0.013653354781586687
0.0 0.0 -0.013579277224994848
0.0 0.0 -0.01353050019179857
0.0 0.0 -0.01345155813202675
0.0 0.0 -0.01334258086626814
0.0 0.0 -0.013205877052837997
0.0 0.0 -0.013028586973646873
0.0 0.0 -0.012704877606632962
0.0 0.0 -0.012639464432288883
0.0 0.0 -0.012486870297387867
0.0 0.0 -0.012275683348591455
0.0 0.0 -0.012019533957306344
0.0 0.0 -0.01172846109057532
0.0 0.0 -0.01140548886788403
0.0 0.0 -0.011037639746909406
0.0 0.0 -0.010602482399057405
0.0 0.0 -0.010176370862519562
0.0 0.0 -0.009759769619488493
0.0 0.0 -0.009334730014614778
0.0 0.0 -0.008892856355198736
0.0 0.0 -0.00840352101375594
0.0 0.0 -0.007925036163535211
0.0 0.0 -0.007435375753363375
0.0 0.0 -0.006936867095116142
0.0 0.0 -0.006430967607912649
0.0 0.0 -0.00591558328633337
0.0 0.0 -0.0053677650075704955
0.0 0.0 -0.004867689860817892
0.0 0.0 -0.004376789892916567
0.0 0.0 -0.0038989487016945733
0.0 0.0 -0.003436816045515837
0.0 0.0 -0.0029929786680658555
0.0 0.0 -0.0025698130410637763
0.0 0.0 -0.0021693762340296734
0.0 0.0 -0.001793483212989291
0.0 0.0 -0.0014433520562226478
0.0 0.0 -0.0011195099574180176
0.0 0.0 -0.0008250713476039732
0.0 0.0 -0.0005570603559881553
0.0 0.0 -0.0003069458864267897
0.0 0.0 -0.00030883502687185016
0.0 0.0 -0.0005606991606121074
0.0 0.0 -0.0008308161337868351
0.0 0.0 -0.0011278536243981322
0.0 0.0 -0.0014548429581570299
0.0 0.0 -0.0018086343493502457
0.0 0.0 -0.002189074087433057
0.0 0.0 -0.002594831396512048
0.0 0.0 -0.0030239523909542268
0.0 0.0 -0.0034743085132494496
0.0 0.0 -0.003943356785076284
0.0 0.0 -0.004428374059016492
0.0 0.0 -0.004926659692616121
0.0 0.0 -0.0054347289021195525
0.0 0.0 -0.005989062835510856
0.0 0.0 -0.0065136406455733875
0.0 0.0 -0.007029152084092527
0.0 0.0 -0.007537875019060014
0.0 0.0 -0.008038284926583587
0.0 0.0 -0.008529042653070185
0.0 0.0 -0.009033328880503648
0.0 0.0 -0.009487473477380578
0.0 0.0 -0.009927288404753518
0.0 0.0 -0.010365577006133539
0.0 0.0 -0.010831777288747759
0.0 0.0 -0.011265029038129763
0.0 0.0 -0.011637747321402762
0.0 0.0 -0.011963813183268997
0.0 0.0 -0.012259748238990533
0.0 0.0 -0.012524627981873777
0.0 0.0 -0.012750484976821772
0.0 0.0 -0.01292899419774615
0.0 0.0 -0.01306823247670591
0.0 0.0 -0.013396711282392393
0.0 0.0 -0.01357960979674694
0.0 0.0 -0.013716909374000892
0.0 0.0 -0.013826951008317991
0.0 0.0 -0.013912453623108353
0.0 0.0 -0.01396795282135634
0.0 0.0 -0.013985029799647598
0.0 0.0 -0.013997409347836543
0.0 0.0 -0.013975732478052933
0.0 0.0 -0.013914701876401685
0.0 0.0 -0.013820296142082474
0.0 0.0 -0.013703026478885001
0.0 0.0 -0.013565860793059515
0.0 0.0 -0.013442790295063997
0.0 0.0 -0.0133092724099751
0.0 0.0 -0.013188958243479683
0.0 0.0 -0.01314575533032206
0.0 0.0 -0.01320458570590309
0.0 0.0 -0.01329687724266534
0.0 0.0 -0.01341237140641395
0.0 0.0 -0.013502654504956444
0.0 0.0 -0.013561864068581573
0.0 0.0 -0.013626294271233998
0.0 0.0 -0.013670970464950695
0.0 0.0 -0.013708302246239892
0.0 0.0 -0.013725071803586442
0.0 0.0 -0.0137089611002604
0.0 0.0 -0.013653354781586687
0.0 0.0 -0.013579277224994848
0.0 0.0 -0.01353050019179857
0.0 0.0 -0.01345155813202675
0.0 0.0 -0.01334258086626814
0.0 0.0 -0.013205877052837997
0.0 0.0 -0.013028586973646873
0.0 0.0 -0.012704877606632962
0.0 0.0 -0.012639464432288883
0.0 0.0 -0.012486870297387867
0.0 0.0 -0.012275683348591455
0.0 0.0 -0.012019533957306344
0.0 0.0 -0.01172846109057532
0.0 0.0 -0.01140548886788403
0.0 0.0 -0.011037639746909406
0.0 0.0 -0.010602482399057405
0.0 0.0 -0.010176370862519562
0.0 0.0 -0.009759769619488493
0.0 0.0 -0.009334730014614778
0.0 0.0 -0.008892856355198736
0.0 0.0 -0.00840352101375594
0.0 0.0 -0.007925036163535211
0.0 0.0 -0.007435375753363375
0.0 0.0 -0.006936867095116142
0.0 0.0 -0.006430967607912649
0.0 0.0 -0.00591558328633337
0.0 0.0 -0.0053677650075704955
0.0 0.0 -0.004867689860817892
0.0 0.0 -0.004376789892916567
0.0 0.0 -0.0038989487016945733
0.0 0.0 -0.003436816045515837
0.0 0.0 -0.0029929786680658555
0.0 0.0 -0.0025698130410637763
0.0 0.0 -0.0021693762340296734
0.0 0.0 -0.001793483212989291
0.0 0.0 -0.0014433520562226478
0.0 0.0 -0.0011195099574180176
0.0 0.0 -0.0008250713476039732
0.0 0.0 -0.0005570603559881553
0.0 0.0 -0.0003069458864267897

VECTORS Ftot float
-0.027739890375428573 -0.04993575544046505 0.028931131582450836
-0.04425684504582178 -0.07044821320208232 0.04598619618918214
-0.05769745246134327 -0.08784570743616563 0.06417059656079402
-0.07015574305401878 -0.1042181218622037 0.08401648683420702
-0.08210617274998719 -0.12003652883178256 0.10564140869867283
-0.09366881067047522 -0.13541844593496313 0.12905047821988766
-0.10484994807104972 -0.15036849518145812 0.15420175884228243
-0.11561197026693547 -0.16484830361651828 0.18102672854716906
-0.12590101801504308 -0.17880417010418273 0.20943794858886977
-0.13566098370986684 -0.19218104328579552 0.23933242645323463
-0.1448423895379144 -0.20493135894497222 0.27059348104616376
-0.15340973067632646 -0.21702868824132285 0.3030951613711229
-0.1613453649979913 -0.22845142129079204 0.33669444336181137
-0.16866611060185405 -0.23921942349791675 0.37124475272775537
-0.17537981033176886 -0.24935724362414122 0.4065980098031178
-0.18153082649896765 -0.25890583224529506 0.44259857736412855
-0.18718542340961775 -0.2679378186990192 0.47909331159376567
-0.192414401642628 -0.2765305920161191 0.5159352928740218
-0.1972903896165275 -0.2847632864991446 0.552985966566749
-0.2018841562404225 -0.2927127289044171 0.5901169291589153
-0.20625354692083847 -0.3004419471928513 0.6272116951724552
-0.21044718182328814 -0.30800337910994247 0.6641648043045406
-0.21451079357124614 -0.3154446596167704 0.7008812076459604
-0.2185098703293753 -0.32288644131024496 0.7372860877908635
-0.22226406415667008 -0.32985051729598264 0.7732546420592887
-0.22608946059730672 -0.3372298252020997 0.808849693625168
-0.22980774896821773 -0.34451428856703253 0.8439270380332409
-0.23340896288168467 -0.3517064985130023 0.8784409452414685
-0.23686935094617176 -0.3587951272727781 0.9123519330555738
-0.24015053249945464 -0.36575330907673215 0.9456237135339226
-0.2432008846675324 -0.37253916830757605 0.9782197113522952
-0.24595544235266442 -0.37909482250260457 1.0100997626235981
-0.24825592720369621 -0.38514760077851984 1.0411785093162709
-0.2501843274290301 -0.3910587796841627 1.071557567072922
-0.25151990517569134 -0.39643178262963114 1.1010712262875517
-0.2521815622726117 -0.40119925005424995 1.1296614758645436
-0.2520631606628178 -0.4052724075771917 1.1572697523597837
-0.25103854182147334 -0.4085467710505682 1.1838343014647978
-0.2488892787857675 -0.4107449088029608 1.2092196613600252
-0.24542610389522831 -0.4117066769278091 1.2332955888557713
-0.24046316166416337 -0.4113245115742699 1.2561266149724504
-0.23360444825923182 -0.40910486274532604 1.2774393918364402
-0.22437721679662753 -0.40453824770005353 1.2970577151907974
-0.2120847391562804 -0.39687327266317984 1.3147519556126182
-0.19560393395902095 -0.384917626539315 1.330215444640844
-0.17278792291832043 -0.3664830767548782 1.3430952784107222
-0.13924575883260054 -0.33716447862808785 1.3529597085471772
-0.0820130405599657 -0.28403022502541453 1.3596833268904396
0.05188090005326701 -0.1541585849234327 1.3639678408422449
0.7767811917809484 0.5667484841750322 1.3688692022153361
0.7768566678479618 -0.5668726598373167 1.3689567894380976
0.05190652152197762 0.1541125157125771 1.3640571556714778
-0.0820182396049951 0.2840298540433117 1.3597634462414043
-0.13926856812131766 0.3371883575585656 1.3530272558787746
-0.1728152528560891 0.3665122487250043 1.343152479169489
-0.195597088336372 0.3849109106381361 1.3302802227060526
-0.2120763136029367 0.3968653210936009 1.314821328796959
-0.22436876207314493 0.404528600942044 1.2971307690301812
-0.23360011006097509 0.409101267916419 1.2775168972923419
-0.24046490059220393 0.41133189805867737 1.2562093977440978
-0.2454347003352316 0.4117286668468232 1.2333846344574826
-0.24889605875032117 0.41075283625753584 1.2092889301330694
-0.25105047843251516 0.408574825229038 1.1839085754360885
-0.25207284482418685 0.4052953593072509 1.1573433742718944
-0.25219034089849396 0.40121767992757895 1.1297339177061585
-0.2515286245505499 0.39644795866471033 1.1011430005451575
-0.25019407265390137 0.3910775618771294 1.0716306254857628
-0.24826625939077865 0.38517466568735653 1.0412569217760623
-0.24594035474847098 0.37908501379280274 1.010174976825807
-0.24318855182930352 0.372528416252289 0.9782966671176782
-0.240140843570672 0.3657433344829842 0.9457009686244904
-0.23686361703369263 0.35878935557547864 0.9124285171191655
-0.23340858759563424 0.35170852964778393 0.8785161191699474
-0.22981369095208726 0.34452719562266515 0.8440002731241106
-0.22610217327637053 0.33725596616643433 0.8089206925767619
-0.2222809745971944 0.3298889200381322 0.7733238539373587
-0.21850710076894342 0.3228813224025999 0.7373501502418391
-0.2145167432525458 0.3154575125133352 0.7009391164966559
-0.21045244947106098 0.308012088056283 0.6642209663458827
-0.20625773331247993 0.30044692845127086 0.6272653540704607
-0.2018880480234952 0.2927155206035572 0.590167475812122
-0.19729234017751704 0.284762870143597 0.5530333837855339
-0.19241549081819248 0.2765285265507817 0.5159793533563715
-0.1871858612923868 0.26793464237472636 0.47913388300570225
-0.18153076306817456 0.25890188605394343 0.4426355735198151
-0.1753794478724931 0.24935280707750662 0.40663136124805654
-0.16866528744063247 0.23921432656300234 0.37127445886840743
-0.16134509489604396 0.22844721115554442 0.3367221252864811
-0.15340950225978092 0.21702453631928847 0.30311946354145114
-0.14484202395126516 0.20492704969356365 0.27061439943585003
-0.1356604027574941 0.1921766455892143 0.23935032524531938
-0.12590020574798896 0.17879967852170633 0.20945302338275879
-0.11561094559770978 0.1648437521975687 0.18103918793625454
-0.10484876244936125 0.1503639544503211 0.15421181837785017
-0.09366751906183682 0.1354139927377531 0.12905836009343521
-0.08210483078810168 0.12003224219343246 0.10564733922476681
-0.07015446736738642 0.10421414205114551 0.08402068095461332
-0.057696329601501006 0.08784214379103462 0.06417326496544352
-0.04425598500230662 0.07044519677306449 0.045987532562024855
-0.027739498488710972 0.04993351027657885 0.028931273625786385
-0.027739890375428573 -0.04993575544046505 0.028931131582450836
-0.04425684504582178 -0.07044821320208232 0.04598619618918214
-0.05769745246134327 -0.08784570743616563 0.06417059656079402
-0.07015574305401878 -0.1042181218622037 0.08401648683420702
-0.08210617274998719 -0.12003652883178256 0.10564140869867283
-0.09366881067047522 -0.13541844593496313 0.12905047821988766
-0.10484994807104972 -0.15036849518145812 0.15420175884228243
-0.11561197026693547 -0.16484830361651828 0.18102672854716906
-0.12590101801504308 -0.17880417010418273 0.20943794858886977
-0.13566098370986684 -0.19218104328579552 0.23933242645323463
-0.1448423895379144 -0.20493135894497222 0.27059348104616376
-0.15340973067632646 -0.21702868824132285 0.3030951613711229
-0.1613453649979913 -0.22845142129079204 0.33669444336181137
-0.16866611060185405 -0.23921942349791675 0.37124475272775537
-0.17537981033176886 -0.24935724362414122 0.4065980098031178
-0.18153082649896765 -0.25890583224529506 0.44259857736412855
-0.18718542340961775 -0.2679378186990192 0.47909331159376567
-0.192414401642628 -0.2765305920161191 0.5159352928740218
-0.1972903896165275 -0.2847632864991446 0.552985966566749
-0.2018841562404225 -0.2927127289044171 0.5901169291589153
-0.20625354692083847 -0.3004419471928513 0.6272116951724552
-0.21044718182328814 -0.30800337910994247 0.6641648043045406
-0.21451079357124614 -0.3154446596167704 0.7008812076459604
-0.2185098703293753 -0.32288644131024496 0.7372860877908635
-0.22226406415667008 -0.32985051729598264 0.7732546420592887
-0.22608946059730672 -0.3372298252020997 0.808849693625168
-0.22980774896821773 -0.34451428856703253 0.8439270380332409
-0.23340896288168467 -0.3517064985130023 0.8784409452414685
-0.23686935094617176 -0.3587951272727781 0.9123519330555738
-0.24015053249945464 -0.36575330907673215 0.9456237135339226
-0.2432008846675324 -0.37253916830757605 0.9782197113522952
-0.24595544235266442 -0.37909482250260457 1.0100997626235981
-0.24825592720369621 -0.38514760077851984 1.0411785093162709
-0.2501843274290301 -0.3910587796841627 1.071557567072922
-0.25151990517569134 -0.39643178262963114 1.1010712262875517
-0.2521815622726117 -0.40119925005424995 1.1296614758645436
-0.2520631606628178 -0.4052724075771917 1.1572697523597837
-0.25103854182147334 -0.4085467710505682 1.1838343014647978
-0.2488892787857675 -0.4107449088029608 1.2092196613600252
-0.24542610389522831 -0.4117066769278091 1.2332955888557713
-0.24046316166416337 -0.4113245115742699 1.2561266149724504
-0.23360444825923182 -0.40910486274532604 1.2774393918364402
-0.22437721679662753 -0.40453824770005353 1.2970577151907974
-0.2120847391562804 -0.39687327266317984 1.3147519556126182
-0.19560393395902095 -0.384917626539315 1.330215444640844
-0.17278792291832043 -0.3664830767548782 1.3430952784107222
-0.13924575883260054 -0.33716447862808785 1.3529597085471772
-0.0820130405599657 -0.28403022502541453 1.3596833268904396
0.05188090005326701 -0.1541585849234327 1.3639678408422449
0.7767811917809484 0.5667484841750322 1.3688692022153361
0.7768566678479618 -0.5668726598373167 1.3689567894380976
0.05190652152197762 0.1541125157125771 1.3640571556714778
-0.0820182396049951 0.2840298540433117 1.3597634462414043
-0.13926856812131766 0.3371883575585656 1.3530272558787746
-0.1728152528560891 0.3665122487250043 1.343152479169489
-0.195597088336372 0.3849109106381361 1.3302802227060526
-0.2120763136029367 0.3968653210936009 1.314821328796959
-0.22436876207314493 0.404528600942044 1.2971307690301812
-0.23360011006097509 0.409101267916419 1.2775168972923419
-0.24046490059220393 0.41133189805867737 1.2562093977440978
-0.2454347003352316 0.4117286668468232 1.2333846344574826
-0.24889605875032117 0.41075283625753584 1.2092889301330694
-0.25105047843251516 0.408574825229038 1.1839085754360885
-0.25207284482418685 0.4052953593072509 1.1573433742718944
-0.25219034089849396 0.40121767992757895 1.1297339177061585
-0.2515286245505499 0.39644795866471033 1.1011430005451575
-0.25019407265390137 0.3910775618771294 1.0716306254857628
-0.24826625939077865 0.38517466568735653 1.0412569217760623
-0.24594035474847098 0.37908501379280274 1.010174976825807
-0.24318855182930352 0.372528416252289 0.9782966671176782
-0.240140843570672 0.3657433344829842 0.9457009686244904
-0.23686361703369263 0.35878935557547864 0.9124285171191655
-0.23340858759563424 0.35170852964778393 0.8785161191699474
-0.22981369095208726 0.34452719562266515 0.8440002731241106
-0.22610217327637053 0.33725596616643433 0.8089206925767619
-0.2222809745971944 0.3298889200381322 0.7733238539373587
-0.21850710076894342 0.3228813224025999 0.7373501502418391
-0.2145167432525458 0.3154575125133352 0.7009391164966559
-0.21045244947106098 0.308012088056283 0.6642209663458827
-0.20625773331247993 0.30044692845127086 0.6272653540704607
-0.2018880480234952 0.2927155206035572 0.590167475812122
-0.19729234017751704 0.284762870143597 0.5530333837855339
-0.19241549081819248 0.2765285265507817 0.5159793533563715
-0.1871858612923868 0.26793464237472636 0.47913388300570225
-0.18153076306817456 0.25890188605394343 0.4426355735198151
-0.1753794478724931 0.24935280707750662 0.40663136124805654
-0.16866528744063247 0.23921432656300234 0.37127445886840743
-0.16134509489604396 0.22844721115554442 0.3367221252864811
-0.15340950225978092 0.21702453631928847 0.30311946354145114
-0.14484202395126516 0.20492704969356365 0.27061439943585003
-0.1356604027574941 0.1921766455892143 0.23935032524531938
-0.12590020574798896 0.17879967852170633 0.20945302338275879
-0.11561094559770978 0.1648437521975687 0.18103918793625454
-0.10484876244936125 0.1503639544503211 0.15421181837785017
-0.09366751906183682 0.1354139927377531 0.12905836009343521
-0.08210483078810168 0.12003224219343246 0.10564733922476681
-0.07015446736738642 0.10421414205114551 0.08402068095461332
-0.057696329601501006 0.08784214379103462 0.06417326496544352
-0.04425598500230662 0.07044519677306449 0.045987532562024855
-0.027739498488710972 0.04993351027657885 0.028931273625786385

VECTORS Vvpm_AB float
0.0331721815098319 0.15777886779415617 0.001965199063578532
0.036026619880687595 0.15706894963130016 -0.005937670962869734
0.03926383262616715 0.15617901538825762 -0.014961067191634259
0.042840381063783156 0.15508719302172674 -0.025010017591020534
0.04670825276451398 0.15377249783955935 -0.035978234384478724
0.05081573559545161 0.15221598770571243 -0.04774955689758467
0.05510843921716641 0.15040179950337423 -0.06019971754029119
0.05953042793053358 0.14831800741871295 -0.07319838204603005
0.06402541523033722 0.14595725832255985 -0.08661138694853106
0.06853796261146486 0.14331715874039336 -0.10030307772629946
0.07301462446518343 0.14040040958245897 -0.1141386426398221
0.07740813379233671 0.13715876539863425 -0.12775144637429514
0.08165461728785045 0.13368394334834777 -0.14131171430129286
0.08575819672658291 0.13000604415594472 -0.15472560047542838
0.08958563146851567 0.12602483211873122 -0.1674839722023195
0.09317782467825307 0.12184593485202785 -0.17978449668676416
0.09650425542548284 0.11748804109323743 -0.19150744668207179
0.09954051520374316 0.1129717907900582 -0.20254876503566302
0.10226884522129547 0.10831978470709422 -0.2128246951583885
0.10467864055620914 0.1035567182990503 -0.2222767395062607
0.10676692258377424 0.09870963134498584 -0.23087691616581563
0.10853876648487358 0.09380824935693524 -0.23863325461426144
0.11000765102897694 0.08888537832713593 -0.24559543335805514
0.1109187078424488 0.08383542098018422 -0.250656266052819
0.11249321028554338 0.07948113667290163 -0.2602072523821502
0.11273849767866441 0.07424378611126903 -0.2622118891829929
0.11275811861008345 0.06905863821576641 -0.26384175420314193
0.11254038917009461 0.06392716099821638 -0.2648950971853883
0.1120724250300619 0.05884488710213319 -0.2651965136729494
0.11133828415350332 0.05380125122899831 -0.2646066292515877
0.11031682743808356 0.048779747493409 -0.26303155446911713
0.10897941329387893 0.04375841464626448 -0.2604313879891707
0.10753768236898723 0.03886690935654847 -0.2587515760452807
0.10561820126848818 0.03402855870657857 -0.2534906974669296
0.1033765515333667 0.029222877322473532 -0.24763190406482438
0.10078520596925827 0.024499869634994384 -0.24100958581566628
0.09781614773218872 0.019925395601279757 -0.23342044428343517
0.09444361843049362 0.015584584319380776 -0.22461813836094083
0.09068488287461227 0.01146588725224024 -0.21550887585137768
0.08633262279093308 0.007471786511508427 -0.20570004378429063
0.0818075554249564 0.00438066558972308 -0.1942102014742269
0.07699900281988656 0.0019039737099850653 -0.18241514829918887
0.07208627175055893 0.0001804919736065544 -0.17081310183141024
0.06733469195948687 -0.0007216436871173206 -0.16009399082535422
0.06305393390110675 -0.000887074786305073 -0.1510773729723326
0.05949564067621762 -0.0005362360965765704 -0.14418133598374108
0.05671303878160412 -7.3785685065407e-5 -0.13945924199311738
0.054564873656616455 0.00022086166295037614 -0.1364019665858818
0.05280362822883433 0.00020123578096048911 -0.13434588641628023
0.051204740918945064 -0.0001293731716131962 -0.13269633617024995
0.051365522608260786 -0.0005119884507788931 -0.13325171387554835
0.05289073544506899 -0.0007900208492591064 -0.13458460643429004
0.05460564003911264 -0.0007695849473607561 -0.13646931137596602
0.05672806968320674 -0.0004466412864528435 -0.13944756951026033
0.05950183941028966 3.262051868008903e-5 -0.1441595145631558
0.06306373758482069 0.00037004409001017285 -0.15107640425709828
0.06734669034056472 0.00019658247407648884 -0.1600887942192219
0.07210878604908706 -0.000723777104120615 -0.17082976918359363
0.07702573175799104 -0.0024706998300987344 -0.18240702852799345
0.08183166216045364 -0.00497594362312573 -0.19413608585852582
0.08634543117031464 -0.008100454613086441 -0.20551765787185433
0.09072706526053503 -0.012008707243047253 -0.21549520761194751
0.0944553924661122 -0.01612230748806082 -0.22438814337380159
0.09784135867342388 -0.020475248420602863 -0.2332274034723122
0.10082716018736179 -0.02506566469751768 -0.2408669324725091
0.10343472559956607 -0.029804597674267887 -0.24752019644030254
0.10568790855198515 -0.03462187359351057 -0.2533516247090989
0.10760980654188884 -0.0394629828652538 -0.25848404020530935
0.10905783722897884 -0.04435811254323917 -0.2603474856629481
0.11041133494195066 -0.04940683677873879 -0.26300928764314246
0.11144539936144841 -0.054447586243916185 -0.2646170783711087
0.11218645601848884 -0.059502700065317014 -0.26520295511044994
0.11265370250171243 -0.06458882011883396 -0.2648558161086505
0.11286146621224227 -0.06971651460786214 -0.2637125929589449
0.11282136594374137 -0.074890200223415 -0.2619484969705258
0.1125441696606969 -0.08010836154409376 -0.25976701177288
0.1110491447868741 -0.08456433469354721 -0.25071315379952575
0.11006348054001158 -0.08956429451683146 -0.24544576651499384
0.1086289622563121 -0.09451953173411151 -0.23855911104431765
0.10688254631532022 -0.09944834236913355 -0.23086422252950264
0.10481209154974899 -0.10431829997244334 -0.22231139544332995
0.10241384815402109 -0.10910015252742222 -0.21289409284383595
0.09969205001913803 -0.11376737084329189 -0.20264273430454874
0.09665845419531685 -0.11829576846017557 -0.19161875013694468
0.09333185159989373 -0.12266322817205734 -0.17990897991935123
0.0897375559651166 -0.1268495552851308 -0.1676204560084646
0.08590686548589245 -0.13083646254002348 -0.1548755859807941
0.08183328189462545 -0.1345299121218849 -0.1414603194024655
0.07758837386152113 -0.13801192011841446 -0.12790818271187898
0.07319094586273996 -0.14126086042844388 -0.11430559639626874
0.06871557580497525 -0.1441830891603813 -0.10047582706003806
0.06420462795736051 -0.14682826865070797 -0.08679028683424245
0.05971153999042936 -0.14919373170287364 -0.07338363844545193
0.05529171334352624 -0.15128189132127795 -0.06039137022058142
0.05100137650356134 -0.15310010963690965 -0.04794748129969223
0.046896393225932434 -0.15466031398196317 -0.03618215662373339
0.04303107393391854 -0.15597836397043316 -0.025219537432085465
0.03945704784414323 -0.15707319515084617 -0.015175684687743496
0.03622224556333199 -0.15796578402437483 -0.0061568133302225825
0.0333700283661299 -0.15867799394084808 0.0017421528921787723
0.0331721815098319 0.15777886779415617 0.001965199063578532
0.036026619880687595 0.15706894963130016 -0.005937670962869734
0.03926383262616715 0.15617901538825762 -0.014961067191634259
0.042840381063783156 0.15508719302172674 -0.025010017591020534
0.04670825276451398 0.15377249783955935 -0.035978234384478724
0.05081573559545161 0.15221598770571243 -0.04774955689758467
0.05510843921716641 0.15040179950337423 -0.06019971754029119
0.05953042793053358 0.14831800741871295 -0.07319838204603005
0.06402541523033722 0.14595725832255985 -0.08661138694853106
0.06853796261146486 0.14331715874039336 -0.10030307772629946
0.07301462446518343 0.14040040958245897 -0.1141386426398221
0.07740813379233671 0.13715876539863425 -0.12775144637429514
0.08165461728785045 0.13368394334834777 -0.14131171430129286
0.08575819672658291 0.13000604415594472 -0.15472560047542838
0.08958563146851567 0.12602483211873122 -0.1674839722023195
0.09317782467825307 0.12184593485202785 -0.17978449668676416
0.09650425542548284 0.11748804109323743 -0.19150744668207179
0.09954051520374316 0.1129717907900582 -0.20254876503566302
0.10226884522129547 0.10831978470709422 -0.2128246951583885
0.10467864055620914 0.1035567182990503 -0.2222767395062607
0.10676692258377424 0.09870963134498584 -0.23087691616581563
0.10853876648487358 0.09380824935693524 -0.23863325461426144
0.11000765102897694 0.08888537832713593 -0.24559543335805514
0.1109187078424488 0.08383542098018422 -0.250656266052819
0.11249321028554338 0.07948113667290163 -0.2602072523821502
0.11273849767866441 0.07424378611126903 -0.2622118891829929
0.11275811861008345 0.06905863821576641 -0.26384175420314193
0.11254038917009461 0.06392716099821638 -0.2648950971853883
0.1120724250300619 0.05884488710213319 -0.2651965136729494
0.11133828415350332 0.05380125122899831 -0.2646066292515877
0.11031682743808356 0.048779747493409 -0.26303155446911713
0.10897941329387893 0.04375841464626448 -0.2604313879891707
0.10753768236898723 0.03886690935654847 -0.2587515760452807
0.10561820126848818 0.03402855870657857 -0.2534906974669296
0.1033765515333667 0.029222877322473532 -0.24763190406482438
0.10078520596925827 0.024499869634994384 -0.24100958581566628
0.09781614773218872 0.019925395601279757 -0.23342044428343517
0.09444361843049362 0.015584584319380776 -0.22461813836094083
0.09068488287461227 0.01146588725224024 -0.21550887585137768
0.08633262279093308 0.007471786511508427 -0.20570004378429063
0.0818075554249564 0.00438066558972308 -0.1942102014742269
0.07699900281988656 0.0019039737099850653 -0.18241514829918887
0.07208627175055893 0.0001804919736065544 -0.17081310183141024
0.06733469195948687 -0.0007216436871173206 -0.16009399082535422
0.06305393390110675 -0.000887074786305073 -0.1510773729723326
0.05949564067621762 -0.0005362360965765704 -0.14418133598374108
0.05671303878160412 -7.3785685065407e-5 -0.13945924199311738
0.054564873656616455 0.00022086166295037614 -0.1364019665858818
0.05280362822883433 0.00020123578096048911 -0.13434588641628023
0.051204740918945064 -0.0001293731716131962 -0.13269633617024995
0.051365522608260786 -0.0005119884507788931 -0.13325171387554835
0.05289073544506899 -0.0007900208492591064 -0.13458460643429004
0.05460564003911264 -0.0007695849473607561 -0.13646931137596602
0.05672806968320674 -0.0004466412864528435 -0.13944756951026033
0.05950183941028966 3.262051868008903e-5 -0.1441595145631558
0.06306373758482069 0.00037004409001017285 -0.15107640425709828
0.06734669034056472 0.00019658247407648884 -0.1600887942192219
0.07210878604908706 -0.000723777104120615 -0.17082976918359363
0.07702573175799104 -0.0024706998300987344 -0.18240702852799345
0.08183166216045364 -0.00497594362312573 -0.19413608585852582
0.08634543117031464 -0.008100454613086441 -0.20551765787185433
0.09072706526053503 -0.012008707243047253 -0.21549520761194751
0.0944553924661122 -0.01612230748806082 -0.22438814337380159
0.09784135867342388 -0.020475248420602863 -0.2332274034723122
0.10082716018736179 -0.02506566469751768 -0.2408669324725091
0.10343472559956607 -0.029804597674267887 -0.24752019644030254
0.10568790855198515 -0.03462187359351057 -0.2533516247090989
0.10760980654188884 -0.0394629828652538 -0.25848404020530935
0.10905783722897884 -0.04435811254323917 -0.2603474856629481
0.11041133494195066 -0.04940683677873879 -0.26300928764314246
0.11144539936144841 -0.054447586243916185 -0.2646170783711087
0.11218645601848884 -0.059502700065317014 -0.26520295511044994
0.11265370250171243 -0.06458882011883396 -0.2648558161086505
0.11286146621224227 -0.06971651460786214 -0.2637125929589449
0.11282136594374137 -0.074890200223415 -0.2619484969705258
0.1125441696606969 -0.08010836154409376 -0.25976701177288
0.1110491447868741 -0.08456433469354721 -0.25071315379952575
0.11006348054001158 -0.08956429451683146 -0.24544576651499384
0.1086289622563121 -0.09451953173411151 -0.23855911104431765
0.10688254631532022 -0.09944834236913355 -0.23086422252950264
0.10481209154974899 -0.10431829997244334 -0.22231139544332995
0.10241384815402109 -0.10910015252742222 -0.21289409284383595
0.09969205001913803 -0.11376737084329189 -0.20264273430454874
0.09665845419531685 -0.11829576846017557 -0.19161875013694468
0.09333185159989373 -0.12266322817205734 -0.17990897991935123
0.0897375559651166 -0.1268495552851308 -0.1676204560084646
0.08590686548589245 -0.13083646254002348 -0.1548755859807941
0.08183328189462545 -0.1345299121218849 -0.1414603194024655
0.07758837386152113 -0.13801192011841446 -0.12790818271187898
0.07319094586273996 -0.14126086042844388 -0.11430559639626874
0.06871557580497525 -0.1441830891603813 -0.10047582706003806
0.06420462795736051 -0.14682826865070797 -0.08679028683424245
0.05971153999042936 -0.14919373170287364 -0.07338363844545193
0.05529171334352624 -0.15128189132127795 -0.06039137022058142
0.05100137650356134 -0.15310010963690965 -0.04794748129969223
0.046896393225932434 -0.15466031398196317 -0.03618215662373339
0.04303107393391854 -0.15597836397043316 -0.025219537432085465
0.03945704784414323 -0.15707319515084617 -0.015175684687743496
0.03622224556333199 -0.15796578402437483 -0.0061568133302225825
0.0333700283661299 -0.15867799394084808 0.0017421528921787723