# vtk DataFile Version 4.0
[MyVLM domain - lattices] 
ASCII
DATASET UNSTRUCTURED_GRID
POINTS 302 float
1.2444999999999997 -1.2445 0.0
1.2399745454545452 -1.2399745454545454 0.0
1.2346178849721705 -1.2346178849721707 0.0
1.2284300185528754 -1.2284300185528756 0.0
1.2214109461966602 -1.2214109461966605 0.0
1.2135606679035247 -1.213560667903525 0.0
1.2048791836734691 -1.2048791836734694 0.0
1.1953664935064932 -1.1953664935064934 0.0
1.1850225974025972 -1.1850225974025974 0.0
1.1738474953617808 -1.173847495361781 0.0
1.1618411873840442 -1.1618411873840444 0.0
1.1490036734693874 -1.1490036734693876 0.0
1.1353349536178106 -1.1353349536178108 0.0
1.1208350278293133 -1.1208350278293135 0.0
1.1055038961038959 -1.105503896103896 0.0
1.0893415584415582 -1.0893415584415584 0.0
1.0723480148423004 -1.0723480148423006 0.0
1.054523265306122 -1.0545232653061223 0.0
1.0358673098330238 -1.035867309833024 0.0
1.0163801484230053 -1.0163801484230055 0.0
0.9960617810760664 -0.9960617810760668 0.0
0.9749122077922076 -0.9749122077922077 0.0
0.9529314285714284 -0.9529314285714284 0.0
0.9301194434137288 -0.930119443413729 0.0
0.9064762523191091 -0.9064762523191096 0.0
0.8820018552875695 -0.8820018552875695 0.0
0.8566962523191093 -0.8566962523191094 0.0
0.8305594434137288 -0.8305594434137291 0.0
0.8035914285714284 -0.8035914285714285 0.0
0.7757922077922076 -0.7757922077922077 0.0
0.7471617810760666 -0.7471617810760667 0.0
0.7177001484230053 -0.7177001484230054 0.0
0.6874073098330239 -0.687407309833024 0.0
0.6562832653061222 -0.6562832653061225 0.0
0.6243280148423004 -0.6243280148423005 0.0
0.5915415584415582 -0.5915415584415583 0.0
0.5579238961038958 -0.5579238961038959 0.0
0.5234750278293133 -0.5234750278293134 0.0
0.48819495361781057 -0.48819495361781057 0.0
0.4520836734693877 -0.4520836734693877 0.0
0.4151411873840445 -0.4151411873840446 0.0
0.37736749536178105 -0.37736749536178116 0.0
0.3387625974025974 -0.3387625974025974 0.0
0.2993264935064933 -0.29932649350649343 0.0
0.25905918367346925 -0.25905918367346925 0.0
0.21796066790352486 -0.21796066790352486 0.0
0.17603094619666027 -0.1760309461966605 0.0
0.13327001855287546 -0.13327001855287568 0.0
0.08967788497217066 -0.08967788497217066 0.0
0.045254545454545436 -0.045254545454545436 0.0
0.0 0.0 0.0
0.04525454545454545 0.04525454545454546 0.0
0.08967788497217066 0.08967788497217068 0.0
0.13327001855287568 0.1332700185528757 0.0
0.17603094619666046 0.1760309461966605 0.0
0.21796066790352497 0.21796066790352508 0.0
0.2590591836734693 0.25905918367346936 0.0
0.29932649350649343 0.2993264935064935 0.0
0.3387625974025973 0.33876259740259734 0.0
0.37736749536178094 0.377367495361781 0.0
0.41514118738404443 0.4151411873840445 0.0
0.45208367346938766 0.4520836734693878 0.0
0.48819495361781057 0.4881949536178107 0.0
0.5234750278293133 0.5234750278293134 0.0
0.5579238961038959 0.557923896103896 0.0
0.5915415584415582 0.5915415584415583 0.0
0.6243280148423003 0.6243280148423004 0.0
0.6562832653061222 0.6562832653061225 0.0
0.687407309833024 0.6874073098330241 0.0
0.7177001484230054 0.7177001484230056 0.0
0.7471617810760667 0.7471617810760669 0.0
0.7757922077922076 0.7757922077922077 0.0
0.8035914285714284 0.8035914285714285 0.0
0.8305594434137288 0.830559443413729 0.0
0.8566962523191093 0.8566962523191094 0.0
0.8820018552875692 0.8820018552875695 0.0
0.9064762523191091 0.9064762523191093 0.0
0.9301194434137288 0.9301194434137292 0.0
0.9529314285714284 0.9529314285714284 0.0
0.9749122077922076 0.9749122077922077 0.0
0.9960617810760666 0.9960617810760668 0.0
1.0163801484230053 1.0163801484230055 0.0
1.0358673098330238 1.035867309833024 0.0
1.054523265306122 1.0545232653061223 0.0
1.0723480148423001 1.0723480148423004 0.0
1.0893415584415582 1.0893415584415584 0.0
1.1055038961038959 1.105503896103896 0.0
1.120835027829313 1.1208350278293133 0.0
1.1353349536178106 1.1353349536178106 0.0
1.1490036734693874 1.1490036734693876 0.0
1.1618411873840444 1.1618411873840446 0.0
1.1738474953617808 1.173847495361781 0.0
1.1850225974025972 1.1850225974025972 0.0
1.1953664935064932 1.1953664935064934 0.0
1.2048791836734691 1.2048791836734694 0.0
1.2135606679035245 1.2135606679035247 0.0
1.22141094619666 1.2214109461966602 0.0
1.2284300185528754 1.2284300185528756 0.0
1.2346178849721703 1.2346178849721705 0.0
1.2399745454545452 1.2399745454545454 0.0
1.2444999999999997 1.2445 0.0
1.7422999999999997 -1.2445 0.0
1.7377745454545452 -1.2399745454545454 0.0
1.7324178849721703 -1.2346178849721707 0.0
1.7262300185528754 -1.2284300185528756 0.0
1.7192109461966603 -1.2214109461966605 0.0
1.7113606679035245 -1.213560667903525 0.0
1.7026791836734692 -1.2048791836734694 0.0
1.6931664935064934 -1.1953664935064934 0.0
1.6828225974025972 -1.1850225974025974 0.0
1.6716474953617806 -1.173847495361781 0.0
1.6596411873840444 -1.1618411873840444 0.0
1.6468036734693878 -1.1490036734693876 0.0
1.6331349536178106 -1.1353349536178108 0.0
1.6186350278293133 -1.1208350278293135 0.0
1.603303896103896 -1.105503896103896 0.0
1.5871415584415582 -1.0893415584415584 0.0
1.5701480148423004 -1.0723480148423006 0.0
1.552323265306122 -1.0545232653061223 0.0
1.5336673098330238 -1.035867309833024 0.0
1.5141801484230053 -1.0163801484230055 0.0
1.4938617810760666 -0.9960617810760668 0.0
1.4727122077922075 -0.9749122077922077 0.0
1.4507314285714283 -0.9529314285714284 0.0
1.4279194434137288 -0.930119443413729 0.0
1.4042762523191092 -0.9064762523191096 0.0
1.3798018552875693 -0.8820018552875695 0.0
1.3544962523191093 -0.8566962523191094 0.0
1.328359443413729 -0.8305594434137291 0.0
1.3013914285714283 -0.8035914285714285 0.0
1.2735922077922077 -0.7757922077922077 0.0
1.2449617810760665 -0.7471617810760667 0.0
1.2155001484230055 -0.7177001484230054 0.0
1.1852073098330238 -0.687407309833024 0.0
1.1540832653061224 -0.6562832653061225 0.0
1.1221280148423003 -0.6243280148423005 0.0
1.0893415584415582 -0.5915415584415583 0.0
1.055723896103896 -0.5579238961038959 0.0
1.0212750278293132 -0.5234750278293134 0.0
0.9859949536178108 -0.48819495361781057 0.0
0.9498836734693876 -0.4520836734693877 0.0
0.9129411873840445 -0.4151411873840446 0.0
0.875167495361781 -0.37736749536178116 0.0
0.8365625974025973 -0.3387625974025974 0.0
0.7971264935064933 -0.29932649350649343 0.0
0.7568591836734693 -0.25905918367346925 0.0
0.7157606679035249 -0.21796066790352486 0.0
0.6738309461966603 -0.1760309461966605 0.0
0.6310700185528755 -0.13327001855287568 0.0
0.5874778849721707 -0.08967788497217066 0.0
0.5430545454545455 -0.045254545454545436 0.0
0.4978 0.0 0.0
0.5430545454545455 0.04525454545454546 0.0
0.5874778849721707 0.08967788497217068 0.0
0.6310700185528757 0.1332700185528757 0.0
0.6738309461966605 0.1760309461966605 0.0
0.715760667903525 0.21796066790352508 0.0
0.7568591836734693 0.25905918367346936 0.0
0.7971264935064934 0.2993264935064935 0.0
0.8365625974025973 0.33876259740259734 0.0
0.875167495361781 0.377367495361781 0.0
0.9129411873840445 0.4151411873840445 0.0
0.9498836734693876 0.4520836734693878 0.0
0.9859949536178105 0.4881949536178107 0.0
1.0212750278293132 0.5234750278293134 0.0
1.055723896103896 0.557923896103896 0.0
1.0893415584415582 0.5915415584415583 0.0
1.1221280148423003 0.6243280148423004 0.0
1.1540832653061224 0.6562832653061225 0.0
1.185207309833024 0.6874073098330241 0.0
1.2155001484230055 0.7177001484230056 0.0
1.2449617810760667 0.7471617810760669 0.0
1.2735922077922077 0.7757922077922077 0.0
1.3013914285714283 0.8035914285714285 0.0
1.3283594434137287 0.830559443413729 0.0
1.3544962523191093 0.8566962523191094 0.0
1.3798018552875693 0.8820018552875695 0.0
1.4042762523191092 0.9064762523191093 0.0
1.427919443413729 0.9301194434137292 0.0
1.4507314285714283 0.9529314285714284 0.0
1.4727122077922075 0.9749122077922077 0.0
1.4938617810760666 0.9960617810760668 0.0
1.5141801484230053 1.0163801484230055 0.0
1.5336673098330238 1.035867309833024 0.0
1.552323265306122 1.0545232653061223 0.0
1.5701480148423002 1.0723480148423004 0.0
1.5871415584415582 1.0893415584415584 0.0
1.603303896103896 1.105503896103896 0.0
1.6186350278293131 1.1208350278293133 0.0
1.6331349536178106 1.1353349536178106 0.0
1.6468036734693874 1.1490036734693876 0.0
1.6596411873840444 1.1618411873840446 0.0
1.6716474953617806 1.173847495361781 0.0
1.6828225974025972 1.1850225974025972 0.0
1.6931664935064934 1.1953664935064934 0.0
1.7026791836734692 1.2048791836734694 0.0
1.7113606679035245 1.2135606679035247 0.0
1.71921094619666 1.2214109461966602 0.0
1.7262300185528754 1.2284300185528756 0.0
1.7324178849721703 1.2346178849721705 0.0
1.7377745454545452 1.2399745454545454 0.0
1.7422999999999997 1.2445 0.0
1.6155872727272724 -1.2422372727272726 0.0
1.6106462152133578 -1.237296215213358 0.0
1.604873951762523 -1.2315239517625232 0.0
1.598270482374768 -1.224920482374768 0.0
1.5908358070500925 -1.2174858070500927 0.0
1.582569925788497 -1.2092199257884972 0.0
1.5734728385899812 -1.2001228385899814 0.0
1.5635445454545454 -1.1901945454545453 0.0
1.552785046382189 -1.1794350463821892 0.0
1.5411943413729126 -1.1678443413729127 0.0
1.5287724304267158 -1.155422430426716 0.0
1.5155193135435991 -1.142169313543599 0.0
1.501434990723562 -1.1280849907235622 0.0
1.4865194619666047 -1.1131694619666048 0.0
1.4707727272727271 -1.0974227272727273 0.0
1.4541947866419294 -1.0808447866419293 0.0
1.4367856400742112 -1.0634356400742113 0.0
1.418545287569573 -1.0451952875695731 0.0
1.3994737291280146 -1.0261237291280147 0.0
1.379570964749536 -1.0062209647495362 0.0
1.358836994434137 -0.9854869944341371 0.0
1.337271818181818 -0.9639218181818181 0.0
1.3148754359925787 -0.9415254359925787 0.0
1.291647847866419 -0.9182978478664192 0.0
1.2675890538033394 -0.8942390538033393 0.0
1.2426990538033393 -0.8693490538033395 0.0
1.2169778478664193 -0.8436278478664192 0.0
1.1904254359925788 -0.8170754359925788 0.0
1.163041818181818 -0.7896918181818181 0.0
1.1348269944341371 -0.7614769944341371 0.0
1.105780964749536 -0.7324309647495362 0.0
1.0759037291280147 -0.7025537291280148 0.0
1.0451952875695731 -0.6718452875695733 0.0
1.0136556400742114 -0.6403056400742114 0.0
0.9812847866419293 -0.6079347866419293 0.0
0.9480827272727271 -0.5747327272727272 0.0
0.9140494619666047 -0.5406994619666048 0.0
0.8791849907235622 -0.5058349907235622 0.0
0.8434893135435992 -0.47013931354359917 0.0
0.8069624304267162 -0.43361243042671627 0.0
0.7696043413729128 -0.3962543413729128 0.0
0.7314150463821893 -0.3580650463821894 0.0
0.6923945454545455 -0.3190445454545454 0.0
0.6525428385899814 -0.27919283858998134 0.0
0.6118599257884971 -0.23850992578849706 0.0
0.5703458070500929 -0.19699580705009279 0.0
0.5280004823747682 -0.15465048237476808 0.0
0.4848239517625232 -0.11147395176252317 0.0
0.4408162152133581 -0.06746621521335805 0.0
0.39597727272727273 -0.022627272727272718 0.0
0.39597727272727273 0.02262727272727273 0.0
0.4408162152133581 0.06746621521335806 0.0
0.4848239517625232 0.11147395176252319 0.0
0.528000482374768 0.15465048237476808 0.0
0.5703458070500929 0.19699580705009276 0.0
0.6118599257884971 0.23850992578849717 0.0
0.6525428385899814 0.2791928385899814 0.0
0.6923945454545455 0.3190445454545454 0.0
0.7314150463821891 0.3580650463821891 0.0
0.7696043413729128 0.39625434137291277 0.0
0.8069624304267162 0.43361243042671616 0.0
0.8434893135435992 0.4701393135435992 0.0
0.8791849907235619 0.5058349907235621 0.0
0.9140494619666046 0.5406994619666047 0.0
0.9480827272727271 0.5747327272727272 0.0
0.9812847866419294 0.6079347866419295 0.0
1.0136556400742114 0.6403056400742114 0.0
1.0451952875695731 0.6718452875695732 0.0
1.0759037291280147 0.7025537291280147 0.0
1.105780964749536 0.7324309647495362 0.0
1.1348269944341371 0.7614769944341373 0.0
1.163041818181818 0.789691818181818 0.0
1.1904254359925786 0.8170754359925786 0.0
1.216977847866419 0.843627847866419 0.0
1.2426990538033393 0.8693490538033394 0.0
1.2675890538033392 0.8942390538033393 0.0
1.291647847866419 0.9182978478664192 0.0
1.3148754359925787 0.9415254359925787 0.0
1.3372718181818182 0.9639218181818181 0.0
1.3588369944341372 0.9854869944341373 0.0
1.379570964749536 1.0062209647495362 0.0
1.3994737291280148 1.0261237291280147 0.0
1.418545287569573 1.0451952875695731 0.0
1.4367856400742112 1.0634356400742113 0.0
1.4541947866419291 1.0808447866419293 0.0
1.470772727272727 1.097422727272727 0.0
1.4865194619666047 1.1131694619666048 0.0
1.501434990723562 1.128084990723562 0.0
1.5155193135435991 1.1421693135435993 0.0
1.528772430426716 1.1554224304267162 0.0
1.5411943413729128 1.1678443413729127 0.0
1.5527850463821888 1.179435046382189 0.0
1.5635445454545451 1.1901945454545453 0.0
1.573472838589981 1.2001228385899811 0.0
1.5825699257884969 1.209219925788497 0.0
1.5908358070500925 1.2174858070500927 0.0
1.5982704823747678 1.224920482374768 0.0
1.604873951762523 1.2315239517625232 0.0
1.6106462152133578 1.237296215213358 0.0
1.6155872727272724 1.2422372727272726 0.0

CELLS 200 700
4 0 101 102 1
4 1 102 103 2
4 2 103 104 3
4 3 104 105 4
4 4 105 106 5
4 5 106 107 6
4 6 107 108 7
4 7 108 109 8
4 8 109 110 9
4 9 110 111 10
4 10 111 112 11
4 11 112 113 12
4 12 113 114 13
4 13 114 115 14
4 14 115 116 15
4 15 116 117 16
4 16 117 118 17
4 17 118 119 18
4 18 119 120 19
4 19 120 121 20
4 20 121 122 21
4 21 122 123 22
4 22 123 124 23
4 23 124 125 24
4 24 125 126 25
4 25 126 127 26
4 26 127 128 27
4 27 128 129 28
4 28 129 130 29
4 29 130 131 30
4 30 131 132 31
4 31 132 133 32
4 32 133 134 33
4 33 134 135 34
4 34 135 136 35
4 35 136 137 36
4 36 137 138 37
4 37 138 139 38
4 38 139 140 39
4 39 140 141 40
4 40 141 142 41
4 41 142 143 42
4 42 143 144 43
4 43 144 145 44
4 44 145 146 45
4 45 146 147 46
4 46 147 148 47
4 47 148 149 48
4 48 149 150 49
4 49 150 151 50
4 50 151 152 51
4 51 152 153 52
4 52 153 154 53
4 53 154 155 54
4 54 155 156 55
4 55 156 157 56
4 56 157 158 57
4 57 158 159 58
4 58 159 160 59
4 59 160 161 60
4 60 161 162 61
4 61 162 163 62
4 62 163 164 63
4 63 164 165 64
4 64 165 166 65
4 65 166 167 66
4 66 167 168 67
4 67 168 169 68
4 68 169 170 69
4 69 170 171 70
4 70 171 172 71
4 71 172 173 72
4 72 173 174 73
4 73 174 175 74
4 74 175 176 75
4 75 176 177 76
4 76 177 178 77
4 77 178 179 78
4 78 179 180 79
4 79 180 181 80
4 80 181 182 81
4 81 182 183 82
4 82 183 184 83
4 83 184 185 84
4 84 185 186 85
4 85 186 187 86
4 86 187 188 87
4 87 188 189 88
4 88 189 190 89
4 89 190 191 90
4 90 191 192 91
4 91 192 193 92
4 92 193 194 93
4 93 194 195 94
4 94 195 196 95
4 95 196 197 96
4 96 197 198 97
4 97 198 199 98
4 98 199 200 99
4 99 200 201 100
1 202
1 203
1 204
1 205
1 206
1 207
1 208
1 209
1 210
1 211
1 212
1 213
1 214
1 215
1 216
1 217
1 218
1 219
1 220
1 221
1 222
1 223
1 224
1 225
1 226
1 227
1 228
1 229
1 230
1 231
1 232
1 233
1 234
1 235
1 236
1 237
1 238
1 239
1 240
1 241
1 242
1 243
1 244
1 245
1 246
1 247
1 248
1 249
1 250
1 251
1 252
1 253
1 254
1 255
1 256
1 257
1 258
1 259
1 260
1 261
1 262
1 263
1 264
1 265
1 266
1 267
1 268
1 269
1 270
1 271
1 272
1 273
1 274
1 275
1 276
1 277
1 278
1 279
1 280
1 281
1 282
1 283
1 284
1 285
1 286
1 287
1 288
1 289
1 290
1 291
1 292
1 293
1 294
1 295
1 296
1 297
1 298
1 299
1 300
1 301

CELL_TYPES 200
9
9
9
9
9
9
9
9
9
9
9
9
9
9
9
9
9
9
9
9
9
9
9
9
9
9
9
9
9
9
9
9
9
9
9
9
9
9
9
9
9
9
9
9
9
9
9
9
9
9
9
9
9
9
9
9
9
9
9
9
9
9
9
9
9
9
9
9
9
9
9
9
9
9
9
9
9
9
9
9
9
9
9
9
9
9
9
9
9
9
9
9
9
9
9
9
9
9
9
9
1
1
1
1
1
1
1
1
1
1
1
1
1
1
1
1
1
1
1
1
1
1
1
1
1
1
1
1
1
1
1
1
1
1
1
1
1
1
1
1
1
1
1
1
1
1
1
1
1
1
1
1
1
1
1
1
1
1
1
1
1
1
1
1
1
1
1
1
1
1
1
1
1
1
1
1
1
1
1
1
1
1
1
1
1
1
1
1
1
1
1
1
1
1
1
1
1
1
1
1

CELL_DATA 200

VECTORS Vinf float
8.807916421651774 0.19846791260677832 4.984308739669363
8.824761618168687 0.20555192094808894 4.946745164222115
8.843637446491458 0.2132039746063908 4.903935971634252
8.864011360608865 0.21959478409289265 4.857774241168105
8.8855108786199 0.22455214440695648 4.809018966226931
8.907805152132056 0.22907612310574646 4.757018161836103
8.93032775708519 0.23219681404423193 4.70357386770057
8.952646216203103 0.23378242091643758 4.649531930100622
8.974388829491737 0.2338058840185169 4.595637856726689
8.995258083868556 0.23232751075786748 4.542516698327619
9.015032783666943 0.22946857382930413 4.490674802906797
9.033561518721756 0.22538371398933651 4.4405165247481415
9.050751862454065 0.22023875527000636 4.392365522668557
9.066559313487371 0.2141970444431161 4.3464817447619355
9.080980119925398 0.20743086764282986 4.303224686665452
9.09407985774422 0.20006955823386563 4.2623070005359445
9.105742967536177 0.19214534971402167 4.224636612202921
9.116167631154589 0.1838939657388286 4.18971315572464
9.125404349492044 0.17540122211785616 4.15761758853851
9.133530759242994 0.16676208178343674 4.128329852036029
9.140582389714199 0.15813387729660922 4.102500890423954
9.146932231489176 0.14971743180267005 4.077620348479001
9.151947353221628 0.14086949080882694 4.0573023435212825
9.156269172077087 0.13225994696626314 4.039111140788771
9.159929429384174 0.12388912583592188 4.023069458755537
9.162980367933436 0.11577108046824401 4.009155408427482
9.165516025717857 0.10792870108573382 3.99683057122707
9.16743341198349 0.10025083546149338 3.987103149662148
9.168910809149079 0.09282291855313846 3.9789853488123126
9.16995631840075 0.08559011751346332 3.9726038674778885
9.170979884143623 0.07880613864208913 3.9687591443640526
9.171160730079313 0.07221029626869455 3.9652394064735064
9.171117880822797 0.06529698896313074 3.9647902002622906
9.170868309493759 0.05850929552728497 3.9656193956522694
9.170382620553495 0.05176717453485501 3.9678404807995515
9.169596500875612 0.04498413776522324 3.9715208504371162
9.1684052872514 0.03806784039909519 3.976749881576072
9.166660809363837 0.03091624930367913 3.983693900548071
9.164757298718975 0.024048572085108032 3.9910068090724207
9.161849565676992 0.016757638224652732 4.001374147606407
9.157996905069933 0.009342735229334036 4.014029878072481
9.152932423833319 0.0018868854974233192 4.0296862816985985
9.146328642980198 -0.005436426964350222 4.049161863374961
9.13783403598159 -0.01226950607662789 4.07323313256647
9.127001777938826 -0.018320776813379177 4.103775471835598
9.114457440150716 -0.021818479739734907 4.136133571462255
9.10170990450696 -0.02148195809085742 4.167598047282885
9.092449843394759 -0.016330818214447165 4.188656864716043
9.089863497007578 -0.008313504152503351 4.192234668592207
9.092585197469418 -0.0018358754207216134 4.182647802143686
9.092568921844766 0.0015867582348454332 4.182904880715998
9.089827098118962 0.008069077539782548 4.1925971067837216
9.092397802807774 0.016085979242850122 4.189011968327624
9.101645215688976 0.021234968705610056 4.167877547750889
9.114385291254708 0.021569095548718414 4.136298519343563
9.126928866115941 0.01806870837604385 4.103809990721269
9.137655140256232 0.012036136591580288 4.073778800594026
9.146224302784516 0.005164437294060076 4.049411247711544
9.152871157572822 -0.0021640142146507717 4.029758504291382
9.15795746936383 -0.009602890416489412 4.014015050645672
9.161816060432358 -0.016986082578690314 4.001345394346806
9.164715364760392 -0.024234912913485257 3.9910254064494466
9.166514799427087 -0.030998063438902886 3.98381493256313
9.168304500742714 -0.03818031848859676 3.9768954259326423
9.169514636276784 -0.045107300628373356 3.9716510478796945
9.170305863136392 -0.05189144345857776 3.96793718732801
9.170791050318611 -0.058633153831138526 3.965693745909218
9.17103866658103 -0.06542480412025073 3.9648882705342086
9.171078640228298 -0.07234973714685872 3.965446580645131
9.170927536832291 -0.078801210432457 3.9690474819797763
9.169800951834125 -0.08569723880012234 3.972937745378992
9.168773796517769 -0.09294422978541353 3.9792933898764584
9.167298837371606 -0.1003783826849548 3.9874204064855547
9.165372405060154 -0.10805673203708088 3.997178608454838
9.162819104918295 -0.11590368351882704 4.009544581933083
9.159750572368337 -0.12400978009554765 4.0234923843864605
9.15607204322412 -0.13237728804992574 4.039554780199338
9.151735970540255 -0.14098660160884632 4.057742107641222
9.146713278969909 -0.14983919045402547 4.078023585929556
9.140391095792996 -0.1582936621742652 4.103102796716901
9.133378306308916 -0.16687406391435183 4.128656267208832
9.125254159877075 -0.17551172335000315 4.157937343416698
9.116018343356673 -0.18400298984905988 4.190027544133452
9.105593219921552 -0.1922521599355499 4.224951572182304
9.093928143218521 -0.2001726817239291 4.262633086105324
9.080830461071406 -0.20753535425931452 4.303537870800928
9.066401057703024 -0.214293417609076 4.3468345024897435
9.050593177526782 -0.22033577526465392 4.392709364685461
9.033400098946885 -0.22547892823952645 4.440862386310832
9.01486721234819 -0.2295606069272916 4.49103071894756
8.995087581390408 -0.23241573220192255 4.542888414757885
8.974213062247841 -0.23389015742383326 4.5960293051467955
8.952465154479887 -0.23386291817351354 4.64994559531439
8.93014157221214 -0.2322738814560545 4.704011072491931
8.90761414437134 -0.2291501888127889 4.757479288967454
8.885390359472318 -0.22524337486833623 4.808684908891209
8.863834975545435 -0.21968128414808485 4.858125088398006
8.843458429304544 -0.21328611563968816 4.90429706749122
8.824586729587077 -0.20553128549873068 4.9471167480049525
8.807747747684354 -0.19845848749269915 4.984666078755576
8.807916421651774 0.19846791260677832 4.984308739669363
8.824761618168687 0.20555192094808894 4.946745164222115
8.843637446491458 0.2132039746063908 4.903935971634252
8.864011360608865 0.21959478409289265 4.857774241168105
8.8855108786199 0.22455214440695648 4.809018966226931
8.907805152132056 0.22907612310574646 4.757018161836103
8.93032775708519 0.23219681404423193 4.70357386770057
8.952646216203103 0.23378242091643758 4.649531930100622
8.974388829491737 0.2338058840185169 4.595637856726689
8.995258083868556 0.23232751075786748 4.542516698327619
9.015032783666943 0.22946857382930413 4.490674802906797
9.033561518721756 0.22538371398933651 4.4405165247481415
9.050751862454065 0.22023875527000636 4.392365522668557
9.066559313487371 0.2141970444431161 4.3464817447619355
9.080980119925398 0.20743086764282986 4.303224686665452
9.09407985774422 0.20006955823386563 4.2623070005359445
9.105742967536177 0.19214534971402167 4.224636612202921
9.116167631154589 0.1838939657388286 4.18971315572464
9.125404349492044 0.17540122211785616 4.15761758853851
9.133530759242994 0.16676208178343674 4.128329852036029
9.140582389714199 0.15813387729660922 4.102500890423954
9.146932231489176 0.14971743180267005 4.077620348479001
9.151947353221628 0.14086949080882694 4.0573023435212825
9.156269172077087 0.13225994696626314 4.039111140788771
9.159929429384174 0.12388912583592188 4.023069458755537
9.162980367933436 0.11577108046824401 4.009155408427482
9.165516025717857 0.10792870108573382 3.99683057122707
9.16743341198349 0.10025083546149338 3.987103149662148
9.168910809149079 0.09282291855313846 3.9789853488123126
9.16995631840075 0.08559011751346332 3.9726038674778885
9.170979884143623 0.07880613864208913 3.9687591443640526
9.171160730079313 0.07221029626869455 3.9652394064735064
9.171117880822797 0.06529698896313074 3.9647902002622906
9.170868309493759 0.05850929552728497 3.9656193956522694
9.170382620553495 0.05176717453485501 3.9678404807995515
9.169596500875612 0.04498413776522324 3.9715208504371162
9.1684052872514 0.03806784039909519 3.976749881576072
9.166660809363837 0.03091624930367913 3.983693900548071
9.164757298718975 0.024048572085108032 3.9910068090724207
9.161849565676992 0.016757638224652732 4.001374147606407
9.157996905069933 0.009342735229334036 4.014029878072481
9.152932423833319 0.0018868854974233192 4.0296862816985985
9.146328642980198 -0.005436426964350222 4.049161863374961
9.13783403598159 -0.01226950607662789 4.07323313256647
9.127001777938826 -0.018320776813379177 4.103775471835598
9.114457440150716 -0.021818479739734907 4.136133571462255
9.10170990450696 -0.02148195809085742 4.167598047282885
9.092449843394759 -0.016330818214447165 4.188656864716043
9.089863497007578 -0.008313504152503351 4.192234668592207
9.092585197469418 -0.0018358754207216134 4.182647802143686
9.092568921844766 0.0015867582348454332 4.182904880715998
9.089827098118962 0.008069077539782548 4.1925971067837216
9.092397802807774 0.016085979242850122 4.189011968327624
9.101645215688976 0.021234968705610056 4.167877547750889
9.114385291254708 0.021569095548718414 4.136298519343563
9.126928866115941 0.01806870837604385 4.103809990721269
9.137655140256232 0.012036136591580288 4.073778800594026
9.146224302784516 0.005164437294060076 4.049411247711544
9.152871157572822 -0.0021640142146507717 4.029758504291382
9.15795746936383 -0.009602890416489412 4.014015050645672
9.161816060432358 -0.016986082578690314 4.001345394346806
9.164715364760392 -0.024234912913485257 3.9910254064494466
9.166514799427087 -0.030998063438902886 3.98381493256313
9.168304500742714 -0.03818031848859676 3.9768954259326423
9.169514636276784 -0.045107300628373356 3.9716510478796945
9.170305863136392 -0.05189144345857776 3.96793718732801
9.170791050318611 -0.058633153831138526 3.965693745909218
9.17103866658103 -0.06542480412025073 3.9648882705342086
9.171078640228298 -0.07234973714685872 3.965446580645131
9.170927536832291 -0.078801210432457 3.9690474819797763
9.169800951834125 -0.08569723880012234 3.972937745378992
9.168773796517769 -0.09294422978541353 3.9792933898764584
9.167298837371606 -0.1003783826849548 3.9874204064855547
9.165372405060154 -0.10805673203708088 3.997178608454838
9.162819104918295 -0.11590368351882704 4.009544581933083
9.159750572368337 -0.12400978009554765 4.0234923843864605
9.15607204322412 -0.13237728804992574 4.039554780199338
9.151735970540255 -0.14098660160884632 4.057742107641222
9.146713278969909 -0.14983919045402547 4.078023585929556
9.140391095792996 -0.1582936621742652 4.103102796716901
9.133378306308916 -0.16687406391435183 4.128656267208832
9.125254159877075 -0.17551172335000315 4.157937343416698
9.116018343356673 -0.18400298984905988 4.190027544133452
9.105593219921552 -0.1922521599355499 4.224951572182304
9.093928143218521 -0.2001726817239291 4.262633086105324
9.080830461071406 -0.20753535425931452 4.303537870800928
9.066401057703024 -0.214293417609076 4.3468345024897435
9.050593177526782 -0.22033577526465392 4.392709364685461
9.033400098946885 -0.22547892823952645 4.440862386310832
9.01486721234819 -0.2295606069272916 4.49103071894756
8.995087581390408 -0.23241573220192255 4.542888414757885
8.974213062247841 -0.23389015742383326 4.5960293051467955
8.952465154479887 -0.23386291817351354 4.64994559531439
8.93014157221214 -0.2322738814560545 4.704011072491931
8.90761414437134 -0.2291501888127889 4.757479288967454
8.885390359472318 -0.22524337486833623 4.808684908891209
8.863834975545435 -0.21968128414808485 4.858125088398006
8.843458429304544 -0.21328611563968816 4.90429706749122
8.824586729587077 -0.20553128549873068 4.9471167480049525
8.807747747684354 -0.19845848749269915 4.984666078755576

VECTORS L float
-0.01688246109246616 0.0 0.03620455464802705
-0.02674123713433292 0.0 0.057346768097564144
-0.03645789934371773 0.0 0.07818421744984357
-0.046636921217906524 0.0 0.10001320030305962
-0.057415350212148095 0.0 0.12312761587343156
-0.06881436236048563 0.0 0.14757287631251392
-0.08082023866590089 0.0 0.17331956113625868
-0.09339880706477108 0.0 0.20029438811773861
-0.10650542585464803 0.0 0.22840162281711038
-0.12008894105619046 0.0 0.25753156517166487
-0.13409410437349575 0.0 0.28756573482849274
-0.14846343821285302 0.0 0.3183808706901065
-0.16313890633774014 0.0 0.3498525136456444
-0.17806346416711147 0.0 0.3818583311962763
-0.19318170118608857 0.0 0.41427949510937656
-0.208443523518801 0.0 0.44700857872146565
-0.22379865545590935 0.0 0.47993776542593186
-0.23920361607293555 0.0 0.5129738100793219
-0.25461765791735036 0.0 0.5460293294876932
-0.2700036124612393 0.0 0.5790246154857085
-0.28532657963086755 0.0 0.6118848246237171
-0.3005397689339094 0.0 0.6445096143671123
-0.3156538306251502 0.0 0.6769218242609867
-0.3306148036674955 0.0 0.7090057344878531
-0.34539847722128814 0.0 0.7407094247345156
-0.3599817466373463 0.0 0.7719833469209076
-0.3743447166421494 0.0 0.8027848354952791
-0.38846107872099794 0.0 0.8330574716657885
-0.40231139052896475 0.0 0.8627595611891886
-0.41587320408620926 0.0 0.8918429642173598
-0.42911160352773486 0.0 0.9202328034361813
-0.44197217190599064 0.0 0.9478123813250371
-0.4545336012537159 0.0 0.9747504534927257
-0.46667261659338966 0.0 1.0007826558968278
-0.4783572190560236 0.0 1.0258403667413494
-0.489551568737407 0.0 1.0498467271036804
-0.5002137227545876 0.0 1.0727117901810628
-0.5102807118028713 0.0 1.094300517863801
-0.5196821849913615 0.0 1.1144620421795035
-0.5283845689136514 0.0 1.133124364725785
-0.536264851327644 0.0 1.150023684898162
-0.5432063738225438 0.0 1.1649098279273473
-0.5490539037875374 0.0 1.1774498964051632
-0.5535907069229846 0.0 1.1871791021261193
-0.5564808080556077 0.0 1.193376944006002
-0.5572038445887753 0.0 1.194927500855161
-0.5547690239974521 0.0 1.1897060112468694
-0.5467216142329666 0.0 1.172448285314754
-0.5234942528468394 0.0 1.1226370480770276
-0.39066104983105177 0.0 0.8377753249362201
-0.3906317013985193 0.0 0.8377123870195481
-0.5234905039389682 0.0 1.1226290085181536
-0.5467340308068176 0.0 1.1724749127433065
-0.5547931699257092 0.0 1.1897577923571188
-0.5572405908262801 0.0 1.1950063034157927
-0.5565358166228132 0.0 1.1934949102590613
-0.5536265880837993 0.0 1.1872560495238023
-0.5490896200547196 0.0 1.1775264901873104
-0.5432411313807916 0.0 1.16498436575155
-0.5362991809797855 0.0 1.150097305074758
-0.5284188778938593 0.0 1.1331979405712767
-0.5197163640849802 0.0 1.1145353394823054
-0.5103100705536875 0.0 1.094363477908104
-0.5002457434273646 0.0 1.0727804587354324
-0.4895825836202834 0.0 1.0499132387346473
-0.47838728733086194 0.0 1.025904848364828
-0.46670268433976914 0.0 1.0008471363870228
-0.4545653160952851 0.0 0.9748184661899537
-0.4420074225438866 0.0 0.9478879765619574
-0.4291400364875027 0.0 0.920293778115174
-0.4159007054926202 0.0 0.891901941173732
-0.4023411680875328 0.0 0.8628234193696137
-0.38849156834994764 0.0 0.8331228568860749
-0.37437534728543315 0.0 0.8028505231217807
-0.3600123546537702 0.0 0.7720489860239518
-0.3454291583245413 0.0 0.7407752205727708
-0.3306456620653873 0.0 0.7090719105356879
-0.315684972409716 0.0 0.676988608033505
-0.3005712118057027 0.0 0.6445770438232736
-0.28535220136041795 0.0 0.6119397706000533
-0.2700303411237725 0.0 0.579081935287487
-0.2546428065484299 0.0 0.5460832609010846
-0.23922725828739266 0.0 0.5130245109718412
-0.22382082883364288 0.0 0.47998531638793246
-0.2084642680681383 0.0 0.4470530655510823
-0.19320109980516867 0.0 0.41432109558224217
-0.1780815262014559 0.0 0.3818970653539264
-0.16315567087650026 0.0 0.34988846531503465
-0.14847890829805427 0.0 0.31841404639488147
-0.13410830089826892 0.0 0.2875961793741159
-0.12010189021879679 0.0 0.2575593347404889
-0.1065171533467246 0.0 0.22842677250502877
-0.09340933502121516 0.0 0.20031696539319177
-0.08082958322322029 0.0 0.1733396006040992
-0.06882254172708922 0.0 0.1475904170208007
-0.05742043686332015 0.0 0.12313852423207221
-0.04664231452635225 0.0 0.10002476629034592
-0.0364623004351508 0.0 0.07819365562087957
-0.026744599069827978 0.0 0.057353977791499595
-0.016884769360935106 0.0 0.03620950474573309
-0.01688246109246616 0.0 0.03620455464802705
-0.02674123713433292 0.0 0.057346768097564144
-0.03645789934371773 0.0 0.07818421744984357
-0.046636921217906524 0.0 0.10001320030305962
-0.057415350212148095 0.0 0.12312761587343156
-0.06881436236048563 0.0 0.14757287631251392
-0.08082023866590089 0.0 0.17331956113625868
-0.09339880706477108 0.0 0.20029438811773861
-0.10650542585464803 0.0 0.22840162281711038
-0.12008894105619046 0.0 0.25753156517166487
-0.13409410437349575 0.0 0.28756573482849274
-0.14846343821285302 0.0 0.3183808706901065
-0.16313890633774014 0.0 0.3498525136456444
-0.17806346416711147 0.0 0.3818583311962763
-0.19318170118608857 0.0 0.41427949510937656
-0.208443523518801 0.0 0.44700857872146565
-0.22379865545590935 0.0 0.47993776542593186
-0.23920361607293555 0.0 0.5129738100793219
-0.25461765791735036 0.0 0.5460293294876932
-0.2700036124612393 0.0 0.5790246154857085
-0.28532657963086755 0.0 0.6118848246237171
-0.3005397689339094 0.0 0.6445096143671123
-0.3156538306251502 0.0 0.6769218242609867
-0.3306148036674955 0.0 0.7090057344878531
-0.34539847722128814 0.0 0.7407094247345156
-0.3599817466373463 0.0 0.7719833469209076
-0.3743447166421494 0.0 0.8027848354952791
-0.38846107872099794 0.0 0.8330574716657885
-0.40231139052896475 0.0 0.8627595611891886
-0.41587320408620926 0.0 0.8918429642173598
-0.42911160352773486 0.0 0.9202328034361813
-0.44197217190599064 0.0 0.9478123813250371
-0.4545336012537159 0.0 0.9747504534927257
-0.46667261659338966 0.0 1.0007826558968278
-0.4783572190560236 0.0 1.0258403667413494
-0.489551568737407 0.0 1.0498467271036804
-0.5002137227545876 0.0 1.0727117901810628
-0.5102807118028713 0.0 1.094300517863801
-0.5196821849913615 0.0 1.1144620421795035
-0.5283845689136514 0.0 1.133124364725785
-0.536264851327644 0.0 1.150023684898162
-0.5432063738225438 0.0 1.1649098279273473
-0.5490539037875374 0.0 1.1774498964051632
-0.5535907069229846 0.0 1.1871791021261193
-0.5564808080556077 0.0 1.193376944006002
-0.5572038445887753 0.0 1.194927500855161
-0.5547690239974521 0.0 1.1897060112468694
-0.5467216142329666 0.0 1.172448285314754
-0.5234942528468394 0.0 1.1226370480770276
-0.39066104983105177 0.0 0.8377753249362201
-0.3906317013985193 0.0 0.8377123870195481
-0.5234905039389682 0.0 1.1226290085181536
-0.5467340308068176 0.0 1.1724749127433065
-0.5547931699257092 0.0 1.1897577923571188
-0.5572405908262801 0.0 1.1950063034157927
-0.5565358166228132 0.0 1.1934949102590613
-0.5536265880837993 0.0 1.1872560495238023
-0.5490896200547196 0.0 1.1775264901873104
-0.5432411313807916 0.0 1.16498436575155
-0.5362991809797855 0.0 1.150097305074758
-0.5284188778938593 0.0 1.1331979405712767
-0.5197163640849802 0.0 1.1145353394823054
-0.5103100705536875 0.0 1.094363477908104
-0.5002457434273646 0.0 1.0727804587354324
-0.4895825836202834 0.0 1.0499132387346473
-0.47838728733086194 0.0 1.025904848364828
-0.46670268433976914 0.0 1.0008471363870228
-0.4545653160952851 0.0 0.9748184661899537
-0.4420074225438866 0.0 0.9478879765619574
-0.4291400364875027 0.0 0.920293778115174
-0.4159007054926202 0.0 0.891901941173732
-0.4023411680875328 0.0 0.8628234193696137
-0.38849156834994764 0.0 0.8331228568860749
-0.37437534728543315 0.0 0.8028505231217807
-0.3600123546537702 0.0 0.7720489860239518
-0.3454291583245413 0.0 0.7407752205727708
-0.3306456620653873 0.0 0.7090719105356879
-0.315684972409716 0.0 0.676988608033505
-0.3005712118057027 0.0 0.6445770438232736
-0.28535220136041795 0.0 0.6119397706000533
-0.2700303411237725 0.0 0.579081935287487
-0.2546428065484299 0.0 0.5460832609010846
-0.23922725828739266 0.0 0.5130245109718412
-0.22382082883364288 0.0 0.47998531638793246
-0.2084642680681383 0.0 0.4470530655510823
-0.19320109980516867 0.0 0.41432109558224217
-0.1780815262014559 0.0 0.3818970653539264
-0.16315567087650026 0.0 0.34988846531503465
-0.14847890829805427 0.0 0.31841404639488147
-0.13410830089826892 0.0 0.2875961793741159
-0.12010189021879679 0.0 0.2575593347404889
-0.1065171533467246 0.0 0.22842677250502877
-0.09340933502121516 0.0 0.20031696539319177
-0.08082958322322029 0.0 0.1733396006040992
-0.06882254172708922 0.0 0.1475904170208007
-0.05742043686332015 0.0 0.12313852423207221
-0.04664231452635225 0.0 0.10002476629034592
-0.0364623004351508 0.0 0.07819365562087957
-0.026744599069827978 0.0 0.057353977791499595
-0.016884769360935106 0.0 0.03620950474573309

SCALARS Gamma float
LOOKUP_TABLE default
0.4924114554096829
0.7560474038004501
0.9710901165906229
1.1638951464499971
1.3433249112760715
1.5132794746130065
1.6757119494006
1.831639975496539
1.9815768015195796
2.1257401623450507
2.2641655723123515
2.3967749255395137
2.5234232535540984
2.6439345878375917
2.7581327366484896
2.8658558989917897
2.967006268231125
3.0615147431566037
3.1493810107823554
3.2306650613680765
3.3054886596622652
3.3739551288637886
3.4363573312056026
3.492858099727832
3.543684848231281
3.5890857968265326
3.629313691827414
3.6646470654776433
3.695313203460536
3.721551117414191
3.743592710878386
3.761569298428599
3.7757342524582986
3.786155333180582
3.7929144829356134
3.796059987280972
3.7956015952250715
3.7915019426362253
3.7836408164226785
3.7719846557476053
3.7563239628173863
3.7364175437987743
3.711947981402073
3.682500514037479
3.6475820643319223
3.6064017763170413
3.558467750048258
3.503875984209132
3.444963952805504
3.3901473554993213
3.3901803098033327
3.4450413119614915
3.5039820142705467
3.558589444284219
3.6065309722735788
3.6477178974248674
3.6826625086763416
3.7121018696729813
3.736561765009741
3.756462757714248
3.7721238218506095
3.7837860287750744
3.791659589135103
3.7957650267015772
3.796227025531865
3.7930849434837706
3.7863313134159355
3.775919118360605
3.7617680580267945
3.74380711207832
3.721782175353514
3.6955515357688786
3.664891404279369
3.6295634579441622
3.589340232001337
3.5439421944578906
3.493116369597735
3.436614608852416
3.3742107480051917
3.3057466799497734
3.2309134764532015
3.149622527038698
3.061749549221923
2.967234276972193
2.8660768548936204
2.758345786072088
2.6441391522008906
2.5236185915205795
2.39696062164348
2.264341251917056
2.1259054006034432
1.9817310582763303
1.8317825203727025
1.6758417293393635
1.513394576037293
1.3434201962898977
1.1639806475934027
0.9711617046056552
0.7561033356029668
0.49244791490902773
0.4924114554096829
0.7560474038004501
0.9710901165906229
1.1638951464499971
1.3433249112760715
1.5132794746130065
1.6757119494006
1.831639975496539
1.9815768015195796
2.1257401623450507
2.2641655723123515
2.3967749255395137
2.5234232535540984
2.6439345878375917
2.7581327366484896
2.8658558989917897
2.967006268231125
3.0615147431566037
3.1493810107823554
3.2306650613680765
3.3054886596622652
3.3739551288637886
3.4363573312056026
3.492858099727832
3.543684848231281
3.5890857968265326
3.629313691827414
3.6646470654776433
3.695313203460536
3.721551117414191
3.743592710878386
3.761569298428599
3.7757342524582986
3.786155333180582
3.7929144829356134
3.796059987280972
3.7956015952250715
3.7915019426362253
3.7836408164226785
3.7719846557476053
3.7563239628173863
3.7364175437987743
3.711947981402073
3.682500514037479
3.6475820643319223
3.6064017763170413
3.558467750048258
3.503875984209132
3.444963952805504
3.3901473554993213
3.3901803098033327
3.4450413119614915
3.5039820142705467
3.558589444284219
3.6065309722735788
3.6477178974248674
3.6826625086763416
3.7121018696729813
3.736561765009741
3.756462757714248
3.7721238218506095
3.7837860287750744
3.791659589135103
3.7957650267015772
3.796227025531865
3.7930849434837706
3.7863313134159355
3.775919118360605
3.7617680580267945
3.74380711207832
3.721782175353514
3.6955515357688786
3.664891404279369
3.6295634579441622
3.589340232001337
3.5439421944578906
3.493116369597735
3.436614608852416
3.3742107480051917
3.3057466799497734
3.2309134764532015
3.149622527038698
3.061749549221923
2.967234276972193
2.8660768548936204
2.758345786072088
2.6441391522008906
2.5236185915205795
2.39696062164348
2.264341251917056
2.1259054006034432
1.9817310582763303
1.8317825203727025
1.6758417293393635
1.513394576037293
1.3434201962898977
1.1639806475934027
0.9711617046056552
0.7561033356029668
0.49244791490902773

VECTORS Vvpm float
-0.25516144871472496 0.19846791260677832 0.758126122262368
-0.23831625219781225 0.20555192094808894 0.72056254681512
-0.21944042387504092 0.2132039746063908 0.6777533542272574
-0.19906650975763335 0.21959478409289265 0.6315916237611107
-0.17756699174659854 0.22455214440695648 0.582836348819937
-0.15527271823444244 0.22907612310574646 0.5308355444291089
-0.13275011328130906 0.23219681404423193 0.4773912502935753
-0.11043165416339494 0.23378242091643758 0.4233493126936274
-0.08868904087476229 0.2338058840185169 0.36945523931969426
-0.06781978649794204 0.23232751075786748 0.3163340809206246
-0.04804508669955624 0.22946857382930413 0.26449218549980313
-0.029516351644742853 0.22538371398933651 0.2143339073411472
-0.012326007912433004 0.22023875527000636 0.1661829052615623
0.0034814431208727843 0.2141970444431161 0.12029912735494105
0.017902249558899803 0.20743086764282986 0.07704206925845722
0.03100198737772123 0.20006955823386563 0.03612438312894997
0.04266509716967837 0.19214534971402167 -0.001546005204073636
0.05308976078808941 0.1838939657388286 -0.03646946168235499
0.06232647912554438 0.17540122211785616 -0.06856502886848517
0.07045288887649555 0.16676208178343674 -0.09785276537096527
0.07750451934769934 0.15813387729660922 -0.12368172698304003
0.08385436112267675 0.14971743180267005 -0.148562268927994
0.08886948285512909 0.14086949080882694 -0.16888027388571197
0.09319130171058841 0.13225994696626314 -0.18707147661822354
0.09685155901767546 0.12388912583592188 -0.20311315865145768
0.09990249756693792 0.11577108046824401 -0.21702720897951303
0.10243815535135702 0.10792870108573382 -0.22935204617992372
0.10435554161699107 0.10025083546149338 -0.23907946774484654
0.10583293878257918 0.09282291855313846 -0.24719726859468188
0.10687844803425163 0.08559011751346332 -0.25357874992910606
0.10790201377712418 0.07880613864208913 -0.25742347304294133
0.10808285971281423 0.07221029626869455 -0.260943210933488
0.10804001045629713 0.06529698896313074 -0.26139241714470385
0.10779043912726077 0.05850929552728497 -0.2605632217547252
0.10730475018699619 0.05176717453485501 -0.2583421366074431
0.10651863050911285 0.04498413776522324 -0.25466176696987797
0.10532741688490165 0.03806784039909519 -0.2494327358309224
0.10358293899733768 0.03091624930367913 -0.24248871685892315
0.10167942835247541 0.024048572085108032 -0.23517580833457394
0.09877169531049336 0.016757638224652732 -0.22480846980058697
0.09491903470343314 0.009342735229334036 -0.21215273933451323
0.08985455346681967 0.0018868854974233192 -0.19649633570839609
0.08325077261369832 -0.005436426964350222 -0.1770207540320338
0.07475616561509127 -0.01226950607662789 -0.1529494848405242
0.06392390757232776 -0.018320776813379177 -0.12240714557139643
0.05137956978421743 -0.021818479739734907 -0.0900490459447395
0.038632034140461645 -0.02148195809085742 -0.05858457012410939
0.02937197302826024 -0.016330818214447165 -0.0375257526909521
0.026785626641078336 -0.008313504152503351 -0.033947948814787327
0.029507327102920054 -0.0018358754207216134 -0.043534815263308865
0.029491051478266608 0.0015867582348454332 -0.04327773669099673
0.026749227752462485 0.008069077539782548 -0.033585510623273196
0.029319932441276095 0.016085979242850122 -0.037170649079370094
0.03856734532247627 0.021234968705610056 -0.05830506965610558
0.0513074208882095 0.021569095548718414 -0.08988409806343126
0.06385099574944177 0.01806870837604385 -0.12237262668572578
0.07457726988973368 0.012036136591580288 -0.15240381681296933
0.08314643241801677 0.005164437294060076 -0.17677136969545093
0.08979328720632336 -0.0021640142146507717 -0.1964241131156125
0.09487959899733035 -0.009602890416489412 -0.212167566761322
0.09873819006585943 -0.016986082578690314 -0.22483722306018905
0.1016374943938936 -0.024234912913485257 -0.23515721095754805
0.10343692906058882 -0.030998063438902886 -0.24236768484386453
0.10522663037621507 -0.03818031848859676 -0.24928719147435174
0.10643676591028421 -0.045107300628373356 -0.2545315695272998
0.10722799276989203 -0.05189144345857776 -0.25824543007898426
0.10771317995211205 -0.058633153831138526 -0.26048887149777666
0.1079607962145306 -0.06542480412025073 -0.26129434687278585
0.10800076986179896 -0.07234973714685872 -0.2607360367618634
0.10784966646579228 -0.078801210432457 -0.2571351354272184
0.10672308146762549 -0.08569723880012234 -0.25324487202800305
0.10569592615127098 -0.09294422978541353 -0.24688922753053563
0.10422096700510744 -0.1003783826849548 -0.23876221092143982
0.10229453469365575 -0.10805673203708088 -0.22900400895215675
0.09974123455179636 -0.11590368351882704 -0.21663803547391192
0.0966727020018376 -0.12400978009554765 -0.20269023302053407
0.09299417285762142 -0.13237728804992574 -0.1866278372076563
0.08865810017375524 -0.14098660160884632 -0.1684405097657718
0.08363540860341073 -0.14983919045402547 -0.14815903147743817
0.0773132254264965 -0.1582936621742652 -0.12307982069009327
0.07030043594241772 -0.16687406391435183 -0.0975263501981626
0.06217628951057616 -0.17551172335000315 -0.06824527399029602
0.052940472990174195 -0.18400298984905988 -0.036155073273542476
0.042515349555054066 -0.1922521599355499 -0.00123104522469078
0.030850272852022083 -0.2001726817239291 0.03645046869832966
0.017752590704907485 -0.20753535425931452 0.07735525339393351
0.0033231873365246745 -0.214293417609076 0.12065188508274868
-0.012484692839717072 -0.22033577526465392 0.16652674727846656
-0.029677771419613915 -0.22547892823952645 0.21467976890383803
-0.04821065801830845 -0.2295606069272916 0.2648481015405655
-0.0679902889760908 -0.23241573220192255 0.31670579735089116
-0.08886480811865824 -0.23389015742383326 0.3698466877398012
-0.11061271588661105 -0.23386291817351354 0.42376297790739503
-0.13293629815435912 -0.2322738814560545 0.4778284550849369
-0.15546372599515867 -0.2291501888127889 0.53129667156046
-0.17768751089418128 -0.22524337486833623 0.5825022914842142
-0.1992428948210626 -0.21968128414808485 0.6319424709910108
-0.21961944106195425 -0.21328611563968816 0.6781144500842256
-0.23849114077942113 -0.20553128549873068 0.7209341305979576
-0.25533012268214356 -0.19845848749269915 0.7584834613485815
-0.25516144871472496 0.19846791260677832 0.758126122262368
-0.23831625219781225 0.20555192094808894 0.72056254681512
-0.21944042387504092 0.2132039746063908 0.6777533542272574
-0.19906650975763335 0.21959478409289265 0.6315916237611107
-0.17756699174659854 0.22455214440695648 0.582836348819937
-0.15527271823444244 0.22907612310574646 0.5308355444291089
-0.13275011328130906 0.23219681404423193 0.4773912502935753
-0.11043165416339494 0.23378242091643758 0.4233493126936274
-0.08868904087476229 0.2338058840185169 0.36945523931969426
-0.06781978649794204 0.23232751075786748 0.3163340809206246
-0.04804508669955624 0.22946857382930413 0.26449218549980313
-0.029516351644742853 0.22538371398933651 0.2143339073411472
-0.012326007912433004 0.22023875527000636 0.1661829052615623
0.0034814431208727843 0.2141970444431161 0.12029912735494105
0.017902249558899803 0.20743086764282986 0.07704206925845722
0.03100198737772123 0.20006955823386563 0.03612438312894997
0.04266509716967837 0.19214534971402167 -0.001546005204073636
0.05308976078808941 0.1838939657388286 -0.03646946168235499
0.06232647912554438 0.17540122211785616 -0.06856502886848517
0.07045288887649555 0.16676208178343674 -0.09785276537096527
0.07750451934769934 0.15813387729660922 -0.12368172698304003
0.08385436112267675 0.14971743180267005 -0.148562268927994
0.08886948285512909 0.14086949080882694 -0.16888027388571197
0.09319130171058841 0.13225994696626314 -0.18707147661822354
0.09685155901767546 0.12388912583592188 -0.20311315865145768
0.09990249756693792 0.11577108046824401 -0.21702720897951303
0.10243815535135702 0.10792870108573382 -0.22935204617992372
0.10435554161699107 0.10025083546149338 -0.23907946774484654
0.10583293878257918 0.09282291855313846 -0.24719726859468188
0.10687844803425163 0.08559011751346332 -0.25357874992910606
0.10790201377712418 0.07880613864208913 -0.25742347304294133
0.10808285971281423 0.07221029626869455 -0.260943210933488
0.10804001045629713 0.06529698896313074 -0.26139241714470385
0.10779043912726077 0.05850929552728497 -0.2605632217547252
0.10730475018699619 0.05176717453485501 -0.2583421366074431
0.10651863050911285 0.04498413776522324 -0.25466176696987797
0.10532741688490165 0.03806784039909519 -0.2494327358309224
0.10358293899733768 0.03091624930367913 -0.24248871685892315
0.10167942835247541 0.024048572085108032 -0.23517580833457394
0.09877169531049336 0.016757638224652732 -0.22480846980058697
0.09491903470343314 0.009342735229334036 -0.21215273933451323
0.08985455346681967 0.0018868854974233192 -0.19649633570839609
0.08325077261369832 -0.005436426964350222 -0.1770207540320338
0.07475616561509127 -0.01226950607662789 -0.1529494848405242
0.06392390757232776 -0.018320776813379177 -0.12240714557139643
0.05137956978421743 -0.021818479739734907 -0.0900490459447395
0.038632034140461645 -0.02148195809085742 -0.05858457012410939
0.02937197302826024 -0.016330818214447165 -0.0375257526909521
0.026785626641078336 -0.008313504152503351 -0.033947948814787327
0.029507327102920054 -0.0018358754207216134 -0.043534815263308865
0.029491051478266608 0.0015867582348454332 -0.04327773669099673
0.026749227752462485 0.008069077539782548 -0.033585510623273196
0.029319932441276095 0.016085979242850122 -0.037170649079370094
0.03856734532247627 0.021234968705610056 -0.05830506965610558
0.0513074208882095 0.021569095548718414 -0.08988409806343126
0.06385099574944177 0.01806870837604385 -0.12237262668572578
0.07457726988973368 0.012036136591580288 -0.15240381681296933
0.08314643241801677 0.005164437294060076 -0.17677136969545093
0.08979328720632336 -0.0021640142146507717 -0.1964241131156125
0.09487959899733035 -0.009602890416489412 -0.212167566761322
0.09873819006585943 -0.016986082578690314 -0.22483722306018905
0.1016374943938936 -0.024234912913485257 -0.23515721095754805
0.10343692906058882 -0.030998063438902886 -0.24236768484386453
0.10522663037621507 -0.03818031848859676 -0.24928719147435174
0.10643676591028421 -0.045107300628373356 -0.2545315695272998
0.10722799276989203 -0.05189144345857776 -0.25824543007898426
0.10771317995211205 -0.058633153831138526 -0.26048887149777666
0.1079607962145306 -0.06542480412025073 -0.26129434687278585
0.10800076986179896 -0.07234973714685872 -0.2607360367618634
0.10784966646579228 -0.078801210432457 -0.2571351354272184
0.10672308146762549 -0.08569723880012234 -0.25324487202800305
0.10569592615127098 -0.09294422978541353 -0.24688922753053563
0.10422096700510744 -0.1003783826849548 -0.23876221092143982
0.10229453469365575 -0.10805673203708088 -0.22900400895215675
0.09974123455179636 -0.11590368351882704 -0.21663803547391192
0.0966727020018376 -0.12400978009554765 -0.20269023302053407
0.09299417285762142 -0.13237728804992574 -0.1866278372076563
0.08865810017375524 -0.14098660160884632 -0.1684405097657718
0.08363540860341073 -0.14983919045402547 -0.14815903147743817
0.0773132254264965 -0.1582936621742652 -0.12307982069009327
0.07030043594241772 -0.16687406391435183 -0.0975263501981626
0.06217628951057616 -0.17551172335000315 -0.06824527399029602
0.052940472990174195 -0.18400298984905988 -0.036155073273542476
0.042515349555054066 -0.1922521599355499 -0.00123104522469078
0.030850272852022083 -0.2001726817239291 0.03645046869832966
0.017752590704907485 -0.20753535425931452 0.07735525339393351
0.0033231873365246745 -0.214293417609076 0.12065188508274868
-0.012484692839717072 -0.22033577526465392 0.16652674727846656
-0.029677771419613915 -0.22547892823952645 0.21467976890383803
-0.04821065801830845 -0.2295606069272916 0.2648481015405655
-0.0679902889760908 -0.23241573220192255 0.31670579735089116
-0.08886480811865824 -0.23389015742383326 0.3698466877398012
-0.11061271588661105 -0.23386291817351354 0.42376297790739503
-0.13293629815435912 -0.2322738814560545 0.4778284550849369
-0.15546372599515867 -0.2291501888127889 0.53129667156046
-0.17768751089418128 -0.22524337486833623 0.5825022914842142
-0.1992428948210626 -0.21968128414808485 0.6319424709910108
-0.21961944106195425 -0.21328611563968816 0.6781144500842256
-0.23849114077942113 -0.20553128549873068 0.7209341305979576
-0.25533012268214356 -0.19845848749269915 0.7584834613485815

VECTORS Vvpm_BBp float
-0.15436676154666884 0.226519778559773 0.4917361372000523
-0.14325538970423804 0.22766470509953765 0.4657593518151881
-0.13095394920530817 0.2284717390655802 0.4367303899949216
-0.117685609857772 0.22879301068899954 0.4050713730126364
-0.10371647655052935 0.22845889157609617 0.371285274077509
-0.08921864488756445 0.22747191920213297 0.33570443474647843
-0.07449021491505507 0.2257086578083083 0.2989567167323951
-0.05975799780975341 0.22314318968859653 0.26151372781865634
-0.04522425037717933 0.21978579294299783 0.2239581985256177
-0.031063076207330394 0.21564870847188877 0.18634666646640874
-0.01743041983485165 0.21078943953826518 0.14927870835195983
-0.0044528786165329015 0.20526680507188544 0.11310489053587157
0.007775198448719754 0.19915293320840244 0.07812360087594289
0.019192739578448567 0.192532100671979 0.044572316556097336
0.029714630733112077 0.18546952737776906 0.012896796655730375
0.03941596544855662 0.1780751285874032 -0.01723714720360739
0.04823265952047471 0.1704249618531926 -0.0454031569471066
0.05619772419631669 0.16268801311409445 -0.0714937703665603
0.06332307891044377 0.1546431910738101 -0.09542477350384979
0.0696479402924185 0.14656406124561153 -0.11729353535449658
0.07520820378758386 0.1385022031869434 -0.13710799294680656
0.07994484412891789 0.13061403890947898 -0.15499367071450856
0.08411309374295665 0.12277342327699742 -0.1710084844722365
0.08765333142017724 0.11505349324759029 -0.18493514931904773
0.09064143754129124 0.10749608448634557 -0.19712603241157126
0.09309160644781385 0.10010027216617481 -0.20750724437720652
0.09507168149308064 0.09287830558906154 -0.2161128898286184
0.09675465274109259 0.08624755027093857 -0.22301267977367234
0.09789381846782856 0.07921989576927346 -0.22848752923268417
0.09870992270401954 0.07241363755202812 -0.23248618425725692
0.0990201428396589 0.06585959270317183 -0.2349120424659687
0.09908893898892984 0.05924338208933649 -0.2351550957568261
0.09892715055603407 0.05273602291933014 -0.23436334193164238
0.09848515254766596 0.04626870629776724 -0.2322981892026643
0.09768428022756419 0.03976386573351226 -0.22872577801524355
0.0965339359623653 0.03314215663407612 -0.22268267602057693
0.09506900344647855 0.026614411100497316 -0.217737767569827
0.09299194729762397 0.01998187557664818 -0.21072927623151586
0.08989014013572477 0.013327861351341107 -0.20025811220726733
0.08618200670617018 0.006728619664155054 -0.18837981804405696
0.0815141087948037 0.00034026656772725983 -0.1742847859007555
0.07571437280091697 -0.005605720032200116 -0.15755074039506056
0.06881537347671804 -0.010969820856934348 -0.13782032507044606
0.06036738744635503 -0.014864803619711228 -0.11529760649712421
0.05096567376745465 -0.016574268198539237 -0.09134779246234434
0.04208216426732157 -0.015413926892294282 -0.07011537911029649
0.0355625230721139 -0.011369323459305856 -0.05590309126675842
0.03289868982233743 -0.006076695305178679 -0.051771350605316124
0.033356551476173134 -0.0020037611280369245 -0.05537274267343014
0.03479136960930909 -9.139311099092646e-5 -0.06106314784224871
0.03343153109805402 0.001833806382958682 -0.055755890773158984
0.032876573967235 0.005838406381308022 -0.05155961350128977
0.03552513081703737 0.011138421163273446 -0.05564771195155709
0.04203837984353482 0.01518218387798869 -0.06990887858382899
0.050924984219667145 0.016334572530565215 -0.09125092392649828
0.060423025576453925 0.014647890831904258 -0.11562033538085782
0.06886124676043986 0.010774526339205335 -0.1381247014590925
0.07562312515908876 0.005351945576997277 -0.15729878849197848
0.08147783718208462 -0.0006177423867091483 -0.1742670444941273
0.08617832430814955 -0.0070070271739956815 -0.18849476997894432
0.08990271457336767 -0.013592017323813632 -0.20042805165705666
0.09289666126787317 -0.02011194416605859 -0.2103371060620702
0.0949852602223669 -0.026721862472623308 -0.2174951911693928
0.0964651489672316 -0.033245183234028315 -0.2226195401688106
0.09760615164686372 -0.039891370563234725 -0.2285562539956873
0.09840414166060872 -0.04639304062202279 -0.23212784479191087
0.09884687179867513 -0.05285682025379832 -0.23422551186326732
0.09901656039076244 -0.059366423991666334 -0.2350543702772402
0.0989634888302341 -0.06599460409896621 -0.23482031727130226
0.09863377376721101 -0.0724665810240386 -0.23219799810134373
0.09780158554187798 -0.07928633877679249 -0.2281984203554998
0.09664757159114032 -0.08633061410878404 -0.2227064786227879
0.09494067037358148 -0.09301869759866166 -0.21585478683368653
0.09295099306794115 -0.10024294581629756 -0.2071872712604968
0.09047452883877587 -0.10763257713572388 -0.19671166930858386
0.08746073349032081 -0.1151842369746855 -0.1844347996432388
0.08389608993032775 -0.12290075845878211 -0.1704502286263609
0.07970466349430172 -0.13073663997142357 -0.15436031764139208
0.07507667322097884 -0.13863960013883353 -0.13679019946976845
0.06950025336331862 -0.14669733802497473 -0.11690935055890966
0.0631645443673842 -0.15477822589881807 -0.09499927924963972
0.05603518488489506 -0.1628315641070251 -0.0710623334986733
0.04808364534303605 -0.1705384173350955 -0.045073830001043605
0.039266290133851856 -0.17818622634321848 -0.016908363637825607
0.029565178111517695 -0.18558020558126434 0.013215561728087438
0.019042679858329865 -0.19264112185987686 0.044892757544075235
0.007623515367735944 -0.19926050195410977 0.07844551316671533
-0.004606370154635532 -0.20537307605093957 0.1134291483232697
-0.01758602405538997 -0.2108943945308246 0.14960657870709992
-0.03122116338859121 -0.2157522055112644 0.18667962893723727
-0.045385211463875745 -0.21988761133886575 0.22429779697157354
-0.05992204115838248 -0.2232404011273424 0.26185098997360906
-0.07465951832229067 -0.22580690713698914 0.2992971625128239
-0.08939499689845117 -0.22756822000149662 0.33605901851928566
-0.10390087209491974 -0.2285512708878254 0.3716615196543208
-0.11785875806501767 -0.22888895784062835 0.40543056517650966
-0.13112905964005336 -0.22856567898174743 0.43709518351544585
-0.14343249027170402 -0.2277565733002835 0.4661302435452754
-0.1545457914817683 -0.22660961353458317 0.4921132090523699
-0.16426928067698932 -0.22528460144749723 0.5146718075081927
-0.15436676154666884 0.226519778559773 0.4917361372000523
-0.14325538970423804 0.22766470509953765 0.4657593518151881
-0.13095394920530817 0.2284717390655802 0.4367303899949216
-0.117685609857772 0.22879301068899954 0.4050713730126364
-0.10371647655052935 0.22845889157609617 0.371285274077509
-0.08921864488756445 0.22747191920213297 0.33570443474647843
-0.07449021491505507 0.2257086578083083 0.2989567167323951
-0.05975799780975341 0.22314318968859653 0.26151372781865634
-0.04522425037717933 0.21978579294299783 0.2239581985256177
-0.031063076207330394 0.21564870847188877 0.18634666646640874
-0.01743041983485165 0.21078943953826518 0.14927870835195983
-0.0044528786165329015 0.20526680507188544 0.11310489053587157
0.007775198448719754 0.19915293320840244 0.07812360087594289
0.019192739578448567 0.192532100671979 0.044572316556097336
0.029714630733112077 0.18546952737776906 0.012896796655730375
0.03941596544855662 0.1780751285874032 -0.01723714720360739
0.04823265952047471 0.1704249618531926 -0.0454031569471066
0.05619772419631669 0.16268801311409445 -0.0714937703665603
0.06332307891044377 0.1546431910738101 -0.09542477350384979
0.0696479402924185 0.14656406124561153 -0.11729353535449658
0.07520820378758386 0.1385022031869434 -0.13710799294680656
0.07994484412891789 0.13061403890947898 -0.15499367071450856
0.08411309374295665 0.12277342327699742 -0.1710084844722365
0.08765333142017724 0.11505349324759029 -0.18493514931904773
0.09064143754129124 0.10749608448634557 -0.19712603241157126
0.09309160644781385 0.10010027216617481 -0.20750724437720652
0.09507168149308064 0.09287830558906154 -0.2161128898286184
0.09675465274109259 0.08624755027093857 -0.22301267977367234
0.09789381846782856 0.07921989576927346 -0.22848752923268417
0.09870992270401954 0.07241363755202812 -0.23248618425725692
0.0990201428396589 0.06585959270317183 -0.2349120424659687
0.09908893898892984 0.05924338208933649 -0.2351550957568261
0.09892715055603407 0.05273602291933014 -0.23436334193164238
0.09848515254766596 0.04626870629776724 -0.2322981892026643
0.09768428022756419 0.03976386573351226 -0.22872577801524355
0.0965339359623653 0.03314215663407612 -0.22268267602057693
0.09506900344647855 0.026614411100497316 -0.217737767569827
0.09299194729762397 0.01998187557664818 -0.21072927623151586
0.08989014013572477 0.013327861351341107 -0.20025811220726733
0.08618200670617018 0.006728619664155054 -0.18837981804405696
0.0815141087948037 0.00034026656772725983 -0.1742847859007555
0.07571437280091697 -0.005605720032200116 -0.15755074039506056
0.06881537347671804 -0.010969820856934348 -0.13782032507044606
0.06036738744635503 -0.014864803619711228 -0.11529760649712421
0.05096567376745465 -0.016574268198539237 -0.09134779246234434
0.04208216426732157 -0.015413926892294282 -0.07011537911029649
0.0355625230721139 -0.011369323459305856 -0.05590309126675842
0.03289868982233743 -0.006076695305178679 -0.051771350605316124
0.033356551476173134 -0.0020037611280369245 -0.05537274267343014
0.03479136960930909 -9.139311099092646e-5 -0.06106314784224871
0.03343153109805402 0.001833806382958682 -0.055755890773158984
0.032876573967235 0.005838406381308022 -0.05155961350128977
0.03552513081703737 0.011138421163273446 -0.05564771195155709
0.04203837984353482 0.01518218387798869 -0.06990887858382899
0.050924984219667145 0.016334572530565215 -0.09125092392649828
0.060423025576453925 0.014647890831904258 -0.11562033538085782
0.06886124676043986 0.010774526339205335 -0.1381247014590925
0.07562312515908876 0.005351945576997277 -0.15729878849197848
0.08147783718208462 -0.0006177423867091483 -0.1742670444941273
0.08617832430814955 -0.0070070271739956815 -0.18849476997894432
0.08990271457336767 -0.013592017323813632 -0.20042805165705666
0.09289666126787317 -0.02011194416605859 -0.2103371060620702
0.0949852602223669 -0.026721862472623308 -0.2174951911693928
0.0964651489672316 -0.033245183234028315 -0.2226195401688106
0.09760615164686372 -0.039891370563234725 -0.2285562539956873
0.09840414166060872 -0.04639304062202279 -0.23212784479191087
0.09884687179867513 -0.05285682025379832 -0.23422551186326732
0.09901656039076244 -0.059366423991666334 -0.2350543702772402
0.0989634888302341 -0.06599460409896621 -0.23482031727130226
0.09863377376721101 -0.0724665810240386 -0.23219799810134373
0.09780158554187798 -0.07928633877679249 -0.2281984203554998
0.09664757159114032 -0.08633061410878404 -0.2227064786227879
0.09494067037358148 -0.09301869759866166 -0.21585478683368653
0.09295099306794115 -0.10024294581629756 -0.2071872712604968
0.09047452883877587 -0.10763257713572388 -0.19671166930858386
0.08746073349032081 -0.1151842369746855 -0.1844347996432388
0.08389608993032775 -0.12290075845878211 -0.1704502286263609
0.07970466349430172 -0.13073663997142357 -0.15436031764139208
0.07507667322097884 -0.13863960013883353 -0.13679019946976845
0.06950025336331862 -0.14669733802497473 -0.11690935055890966
0.0631645443673842 -0.15477822589881807 -0.09499927924963972
0.05603518488489506 -0.1628315641070251 -0.0710623334986733
0.04808364534303605 -0.1705384173350955 -0.045073830001043605
0.039266290133851856 -0.17818622634321848 -0.016908363637825607
0.029565178111517695 -0.18558020558126434 0.013215561728087438
0.019042679858329865 -0.19264112185987686 0.044892757544075235
0.007623515367735944 -0.19926050195410977 0.07844551316671533
-0.004606370154635532 -0.20537307605093957 0.1134291483232697
-0.01758602405538997 -0.2108943945308246 0.14960657870709992
-0.03122116338859121 -0.2157522055112644 0.18667962893723727
-0.045385211463875745 -0.21988761133886575 0.22429779697157354
-0.05992204115838248 -0.2232404011273424 0.26185098997360906
-0.07465951832229067 -0.22580690713698914 0.2992971625128239
-0.08939499689845117 -0.22756822000149662 0.33605901851928566
-0.10390087209491974 -0.2285512708878254 0.3716615196543208
-0.11785875806501767 -0.22888895784062835 0.40543056517650966
-0.13112905964005336 -0.22856567898174743 0.43709518351544585
-0.14343249027170402 -0.2277565733002835 0.4661302435452754
-0.1545457914817683 -0.22660961353458317 0.4921132090523699
-0.16426928067698932 -0.22528460144749723 0.5146718075081927

VECTORS ftot float
-6.568138765711107 -11.702059193157625 6.677016288047835
-8.827109780657834 -13.941886375370473 8.91742155767922
-9.951064447858691 -15.044486191889707 10.742235963857091
-10.659550599071057 -15.729479074136215 12.376441963519264
-11.144333589896252 -16.193358051824053 13.898282522858528
-11.48788858148411 -16.512922029327733 15.337905043265817
-11.727360784724873 -16.727007990252016 16.713038613340416
-11.883933802458664 -16.85706916142191 18.032426826824192
-11.970973241966057 -16.916750625925896 19.300472538339
-11.99796395825386 -16.915821358079253 20.519026938149178
-11.972504796881177 -16.86216349648561 21.688363066242538
-11.901404538389794 -16.762862799925546 22.807768242354275
-11.791288251904549 -16.62480974605378 23.875950259400753
-11.648878763237857 -16.454976226124554 24.891350464112982
-11.480763691394568 -16.260178522171575 25.852412955707546
-11.294362098773517 -16.048040822320527 26.7577143502471
-11.095017558188417 -15.824086263139945 27.606392641185412
-10.88893164733296 -15.594669672832799 28.39784617727158
-10.680956972566808 -15.364771263907068 29.132077819279335
-10.475000076958956 -15.138401770392138 29.80962071379176
-10.272831729573408 -14.91807230462516 30.431913778571637
-10.076645199909713 -14.698793088049598 30.99844405528486
-9.890350791134228 -14.499174004456698 31.514397670117926
-9.71196919698681 -14.308783121177557 31.97958666056078
-9.541716885576452 -14.128053071336494 32.396123688614274
-9.379113730740166 -13.956667879519243 32.76626953243263
-9.223796988995147 -13.794379586016207 33.09229170944189
-9.073107545454592 -13.638604792476771 33.376648974171495
-8.92644084540971 -13.48879587373158 33.62134110410596
-8.781965825941624 -13.34319328433405 33.828466227962544
-8.63524011082022 -13.196317486168475 34.00009485629199
-8.485932399246208 -13.04531752908679 34.13469986610839
-8.335010600906703 -12.901402525454158 34.241493676665655
-8.17595800001218 -12.749919171242457 34.31567221611722
-8.006706317515007 -12.589290292041612 34.35842080283289
-7.825019917133612 -12.417736071218037 34.37068264900646
-7.628291740679698 -12.233029734577885 34.35312121268344
-7.413594325039174 -12.032792289883432 34.30504539379093
-7.1795181695147985 -11.814663391143615 34.22471188991934
-6.91893680182824 -11.571966355316887 34.11585847051006
-6.627723098076888 -11.300142783790694 33.974606020972146
-6.2986959364846635 -10.991250249953064 33.799429066867916
-5.921742731182632 -10.6339850839308 33.588026274542834
-5.481877474891052 -10.21177831781278 33.33696061235081
-4.951683095523996 -9.69633626615464 33.04186026249169
-4.289719406083476 -9.044543195833814 32.69477178017965
-3.3914692513328832 -8.152192853599058 32.29055330190688
-1.9624289762161393 -6.725738287169203 31.82908645853143
1.20830981763664 -3.555660453539688 31.3298484939671
17.85594695852028 13.092044132676046 30.864290094353855
17.857731307817197 -13.095118817056035 30.863428987237878
1.2097276224729328 3.5537028591488142 31.33028929927013
-1.961445286436831 6.724572560473033 31.830288812487318
-3.3910055087673854 8.151872310460838 32.29224380432112
-4.290006398459383 9.045611910795655 32.69692601089776
-4.953119053981061 9.699836599144312 33.04468512527801
-5.482007137138427 10.212747778280091 33.33922657935871
-5.922258606054637 10.634931401673139 33.59015026589754
-6.299342194605068 10.992147292751945 33.80147833420654
-6.6283685464171285 11.300959947130337 33.9766778154025
-6.919445419334982 11.572542647877698 34.11804599663908
-7.179713003062667 11.814675941329606 34.22709215669388
-7.413971119261215 12.033454358536751 34.30704231345496
-7.6288931756493 12.234060309944585 34.355267545185086
-7.825653293308136 12.41872464014752 34.37279597839035
-8.00738642667725 12.590313044049587 34.36049802609427
-8.176695002512352 12.751082131908584 34.31778514753108
-8.335848509187972 12.902878520953509 34.24376332671413
-8.486902159408931 13.047297497575952 34.13728576633161
-8.635639152740211 13.19711965126945 34.0024284362056
-8.78229962423713 13.343984126499882 33.83081843424313
-8.927118278526542 13.490047872060472 33.62382182564008
-9.073947953413624 13.640093242723978 33.37920883290683
-9.224749630083782 13.796045551637544 33.09490719080356
-9.3801752109961 13.958521193823657 32.768932428077946
-9.542930054824163 14.130160070887099 32.39883089556707
-9.713364485517832 14.3111995362273 31.98234358526155
-9.891946731416631 14.501939314388906 31.517217624811046
-10.078411293400698 14.701889143315878 31.001355207447663
-10.27391633552968 14.919610323202381 30.434570899581107
-10.476436977899482 15.140105982609358 29.81238518322036
-10.68248152910973 15.366639941256741 29.13473622329463
-10.89053562179096 15.596678378891665 28.400406850132025
-11.096685954480495 15.826206441776518 27.60886241910536
-11.296083130473939 16.050249814263193 26.760098922870206
-11.48255173674784 16.262482408120608 25.854712770043943
-11.650719622400434 16.457354867863796 24.893567930939696
-11.793181915419655 16.627259274534754 23.87808580382324
-11.903331933381118 16.76536204462784 22.809824370410062
-11.974452920504753 16.86469878488526 21.690341843121157
-11.999923207546502 16.91838350802949 20.520929166887548
-11.9729359399116 16.919333141018214 19.30229718550796
-11.885893278951908 16.85966699629647 18.03417037960795
-11.729310849806627 16.72961673053047 16.714693952574287
-11.489835803180158 16.51554990523566 15.339456849781453
-11.146901353805136 16.19532644573934 13.89877685325909
-10.66123427112334 15.731793341471823 12.377662949682982
-9.952580775310562 15.04672473633626 10.743385818574458
-8.828491644047421 13.943944685030328 8.91841577791319
-6.569191200305379 11.703791903288272 6.6778572105458185
-6.568138765711107 -11.702059193157625 6.677016288047835
-8.827109780657834 -13.941886375370473 8.91742155767922
-9.951064447858691 -15.044486191889707 10.742235963857091
-10.659550599071057 -15.729479074136215 12.376441963519264
-11.144333589896252 -16.193358051824053 13.898282522858528
-11.48788858148411 -16.512922029327733 15.337905043265817
-11.727360784724873 -16.727007990252016 16.713038613340416
-11.883933802458664 -16.85706916142191 18.032426826824192
-11.970973241966057 -16.916750625925896 19.300472538339
-11.99796395825386 -16.915821358079253 20.519026938149178
-11.972504796881177 -16.86216349648561 21.688363066242538
-11.901404538389794 -16.762862799925546 22.807768242354275
-11.791288251904549 -16.62480974605378 23.875950259400753
-11.648878763237857 -16.454976226124554 24.891350464112982
-11.480763691394568 -16.260178522171575 25.852412955707546
-11.294362098773517 -16.048040822320527 26.7577143502471
-11.095017558188417 -15.824086263139945 27.606392641185412
-10.88893164733296 -15.594669672832799 28.39784617727158
-10.680956972566808 -15.364771263907068 29.132077819279335
-10.475000076958956 -15.138401770392138 29.80962071379176
-10.272831729573408 -14.91807230462516 30.431913778571637
-10.076645199909713 -14.698793088049598 30.99844405528486
-9.890350791134228 -14.499174004456698 31.514397670117926
-9.71196919698681 -14.308783121177557 31.97958666056078
-9.541716885576452 -14.128053071336494 32.396123688614274
-9.379113730740166 -13.956667879519243 32.76626953243263
-9.223796988995147 -13.794379586016207 33.09229170944189
-9.073107545454592 -13.638604792476771 33.376648974171495
-8.92644084540971 -13.48879587373158 33.62134110410596
-8.781965825941624 -13.34319328433405 33.828466227962544
-8.63524011082022 -13.196317486168475 34.00009485629199
-8.485932399246208 -13.04531752908679 34.13469986610839
-8.335010600906703 -12.901402525454158 34.241493676665655
-8.17595800001218 -12.749919171242457 34.31567221611722
-8.006706317515007 -12.589290292041612 34.35842080283289
-7.825019917133612 -12.417736071218037 34.37068264900646
-7.628291740679698 -12.233029734577885 34.35312121268344
-7.413594325039174 -12.032792289883432 34.30504539379093
-7.1795181695147985 -11.814663391143615 34.22471188991934
-6.91893680182824 -11.571966355316887 34.11585847051006
-6.627723098076888 -11.300142783790694 33.974606020972146
-6.2986959364846635 -10.991250249953064 33.799429066867916
-5.921742731182632 -10.6339850839308 33.588026274542834
-5.481877474891052 -10.21177831781278 33.33696061235081
-4.951683095523996 -9.69633626615464 33.04186026249169
-4.289719406083476 -9.044543195833814 32.69477178017965
-3.3914692513328832 -8.152192853599058 32.29055330190688
-1.9624289762161393 -6.725738287169203 31.82908645853143
1.20830981763664 -3.555660453539688 31.3298484939671
17.85594695852028 13.092044132676046 30.864290094353855
17.857731307817197 -13.095118817056035 30.863428987237878
1.2097276224729328 3.5537028591488142 31.33028929927013
-1.961445286436831 6.724572560473033 31.830288812487318
-3.3910055087673854 8.151872310460838 32.29224380432112
-4.290006398459383 9.045611910795655 32.69692601089776
-4.953119053981061 9.699836599144312 33.04468512527801
-5.482007137138427 10.212747778280091 33.33922657935871
-5.922258606054637 10.634931401673139 33.59015026589754
-6.299342194605068 10.992147292751945 33.80147833420654
-6.6283685464171285 11.300959947130337 33.9766778154025
-6.919445419334982 11.572542647877698 34.11804599663908
-7.179713003062667 11.814675941329606 34.22709215669388
-7.413971119261215 12.033454358536751 34.30704231345496
-7.6288931756493 12.234060309944585 34.355267545185086
-7.825653293308136 12.41872464014752 34.37279597839035
-8.00738642667725 12.590313044049587 34.36049802609427
-8.176695002512352 12.751082131908584 34.31778514753108
-8.335848509187972 12.902878520953509 34.24376332671413
-8.486902159408931 13.047297497575952 34.13728576633161
-8.635639152740211 13.19711965126945 34.0024284362056
-8.78229962423713 13.343984126499882 33.83081843424313
-8.927118278526542 13.490047872060472 33.62382182564008
-9.073947953413624 13.640093242723978 33.37920883290683
-9.224749630083782 13.796045551637544 33.09490719080356
-9.3801752109961 13.958521193823657 32.768932428077946
-9.542930054824163 14.130160070887099 32.39883089556707
-9.713364485517832 14.3111995362273 31.98234358526155
-9.891946731416631 14.501939314388906 31.517217624811046
-10.078411293400698 14.701889143315878 31.001355207447663
-10.27391633552968 14.919610323202381 30.434570899581107
-10.476436977899482 15.140105982609358 29.81238518322036
-10.68248152910973 15.366639941256741 29.13473622329463
-10.89053562179096 15.596678378891665 28.400406850132025
-11.096685954480495 15.826206441776518 27.60886241910536
-11.296083130473939 16.050249814263193 26.760098922870206
-11.48255173674784 16.262482408120608 25.854712770043943
-11.650719622400434 16.457354867863796 24.893567930939696
-11.793181915419655 16.627259274534754 23.87808580382324
-11.903331933381118 16.76536204462784 22.809824370410062
-11.974452920504753 16.86469878488526 21.690341843121157
-11.999923207546502 16.91838350802949 20.520929166887548
-11.9729359399116 16.919333141018214 19.30229718550796
-11.885893278951908 16.85966699629647 18.03417037960795
-11.729310849806627 16.72961673053047 16.714693952574287
-11.489835803180158 16.51554990523566 15.339456849781453
-11.146901353805136 16.19532644573934 13.89877685325909
-10.66123427112334 15.731793341471823 12.377662949682982
-9.952580775310562 15.04672473633626 10.743385818574458
-8.828491644047421 13.943944685030328 8.91841577791319
-6.569191200305379 11.703791903288272 6.6778572105458185

VECTORS D float
-0.012841352339997074 -0.0 -0.005988020937207247
-0.020542593001300177 -0.0 -0.00957916843486755
-0.0251179581894288 -0.0 -0.011712696260947713
-0.028183235721709537 -0.0 -0.013142058648620674
-0.03007076986007592 -0.0 -0.01402223027236992
-0.030917561196303858 -0.0 -0.014417095557312307
-0.0307385109555311 -0.0 -0.014333603058845477
-0.029527369493438673 -0.0 -0.013768838519962736
-0.027271421652205318 -0.0 -0.012716872765197387
-0.023962309332389166 -0.0 -0.01117380834877206
-0.01960309254976181 -0.0 -0.00914107217947513
-0.014213526262681807 -0.0 -0.006627876145675724
-0.007833898265655155 -0.0 -0.00365300675448216
-0.0005270306055059799 -0.0 -0.0002457584074295044
0.007625721784263448 0.0 0.003555932466961445
0.01651228876748765 0.0 0.007699806705946255
0.026032746381700337 0.0 0.012139269000593698
0.036060192110681136 0.0 0.016815143735751076
0.046476125379478476 0.0 0.021672173185822704
0.05716871293837484 0.0 0.02665820865002894
0.06806057213350249 0.0 0.0317371660042629
0.07904725550856916 0.0 0.0368603405997807
0.09003529517335526 0.0 0.04198414764358134
0.10099286003807759 0.0 0.047093744054731504
0.11187070980114097 0.0 0.05216616870350748
0.12263761837120336 0.0 0.057186860624382274
0.1332640973587612 0.0 0.062142069155503674
0.1437773797693889 0.0 0.06704449325592561
0.15416329069476578 0.0 0.07188752305734451
0.1644417750829327 0.0 0.07668045904177336
0.17470333151176984 0.0 0.08146550138912977
0.1849091914501314 0.0 0.08622457203644507
0.19511436017889938 0.0 0.09098332036743348
0.2054078309213115 0.0 0.09578324460361469
0.2158456914632708 0.0 0.10065049890908417
0.2264926913777263 0.0 0.10561527650557039
0.23742770541982708 0.0 0.11071435729543444
0.24872855384151316 0.0 0.11598402945811549
0.2604205930413203 0.0 0.12143611687643399
0.2727818423867431 0.0 0.12720026211056812
0.285911280212046 0.0 0.13332261951577676
0.300045859918628 0.0 0.13991368227775816
0.31552344219462075 0.0 0.1471309974227777
0.3328502481748705 0.0 0.15521061974273395
0.3529739822664479 0.0 0.1645944710603113
0.3773371036911596 0.0 0.1759551811572145
0.40974665273508565 0.0 0.19106800207374727
0.4611751481591064 0.0 0.2150495033373574
0.5771714101181917 0.0 0.26913944860623223
1.1987238130993603 0.0 0.558974094060993
1.1987752145831923 0.0 0.5589980629665443
0.5772306448359328 0.0 0.2691670702087436
0.4612304458692189 0.0 0.21507528908306137
0.40979062872563143 0.0 0.1910885084149137
0.3773618164182098 0.0 0.17596670489109192
0.35296997507236094 0.0 0.16459260247502086
0.33288090818579663 0.0 0.15522491674062794
0.3155388143667538 0.0 0.1471381655843658
0.30005566874808287 0.0 0.13991825621005052
0.28592122889736615 0.0 0.13332725866393014
0.27279736177178493 0.0 0.12720749891866298
0.2604477364461095 0.0 0.1214487740539556
0.24874461926421368 0.0 0.11599152088775225
0.23743900733855966 0.0 0.11071962746669127
0.22650241363423573 0.0 0.10561981006823531
0.21585346136871444 0.0 0.10065412207549569
0.2054143475682045 0.0 0.0957862833659664
0.19511999592581195 0.0 0.09098594835937823
0.18491506529994692 0.0 0.08622731105759689
0.1747200080450767 0.0 0.08147327778432223
0.16445971970170825 0.0 0.07668882675493106
0.15417423614055578 0.0 0.07189262700253832
0.14378520526402683 0.0 0.06704814234400412
0.13326982900395482 0.0 0.06214474186555128
0.12264136498971169 0.0 0.057188607701284894
0.11187169931856027 0.0 0.05216663012305799
0.10099072936259619 0.0 0.04709275050443749
0.0900300303918874 0.0 0.04198169263566436
0.0790398782692527 0.0 0.03685690053659139
0.06806325490989662 0.0 0.0317384170034406
0.05716624611975847 0.0 0.02665705835361685
0.046471564731127485 0.0 0.021670046520570488
0.03605391064906975 0.0 0.016812214642097284
0.026025181013402975 0.0 0.012135741211419875
0.016503786889585623 0.0 0.00769584221517184
0.0076162214105883535 0.0 0.003551502369961415
-0.0005371910254683811 -0.0 -0.00025049628906804306
-0.007844591707332382 -0.0 -0.0036579931882282854
-0.014224401199662966 -0.0 -0.006632947212071991
-0.019613905089116476 -0.0 -0.009146114149380314
-0.02397288352019281 -0.0 -0.011178739173523668
-0.027281627509942886 -0.0 -0.012721631834818451
-0.029537110158261357 -0.0 -0.013773380666565074
-0.03074771676313987 -0.0 -0.014337895797432948
-0.0309262866041444 -0.0 -0.014421164281808877
-0.03008584087017968 -0.0 -0.014029257999797434
-0.02818966022922528 -0.0 -0.01314505444567514
-0.025122939929713598 -0.0 -0.011715019284593453
-0.02054663323881812 -0.0 -0.009581052428562931
-0.012843806816446568 -0.0 -0.005989165478372407
-0.012841352339997074 -0.0 -0.005988020937207247
-0.020542593001300177 -0.0 -0.00957916843486755
-0.0251179581894288 -0.0 -0.011712696260947713
-0.028183235721709537 -0.0 -0.013142058648620674
-0.03007076986007592 -0.0 -0.01402223027236992
-0.030917561196303858 -0.0 -0.014417095557312307
-0.0307385109555311 -0.0 -0.014333603058845477
-0.029527369493438673 -0.0 -0.013768838519962736
-0.027271421652205318 -0.0 -0.012716872765197387
-0.023962309332389166 -0.0 -0.01117380834877206
-0.01960309254976181 -0.0 -0.00914107217947513
-0.014213526262681807 -0.0 -0.006627876145675724
-0.007833898265655155 -0.0 -0.00365300675448216
-0.0005270306055059799 -0.0 -0.0002457584074295044
0.007625721784263448 0.0 0.003555932466961445
0.01651228876748765 0.0 0.007699806705946255
0.026032746381700337 0.0 0.012139269000593698
0.036060192110681136 0.0 0.016815143735751076
0.046476125379478476 0.0 0.021672173185822704
0.05716871293837484 0.0 0.02665820865002894
0.06806057213350249 0.0 0.0317371660042629
0.07904725550856916 0.0 0.0368603405997807
0.09003529517335526 0.0 0.04198414764358134
0.10099286003807759 0.0 0.047093744054731504
0.11187070980114097 0.0 0.05216616870350748
0.12263761837120336 0.0 0.057186860624382274
0.1332640973587612 0.0 0.062142069155503674
0.1437773797693889 0.0 0.06704449325592561
0.15416329069476578 0.0 0.07188752305734451
0.1644417750829327 0.0 0.07668045904177336
0.17470333151176984 0.0 0.08146550138912977
0.1849091914501314 0.0 0.08622457203644507
0.19511436017889938 0.0 0.09098332036743348
0.2054078309213115 0.0 0.09578324460361469
0.2158456914632708 0.0 0.10065049890908417
0.2264926913777263 0.0 0.10561527650557039
0.23742770541982708 0.0 0.11071435729543444
0.24872855384151316 0.0 0.11598402945811549
0.2604205930413203 0.0 0.12143611687643399
0.2727818423867431 0.0 0.12720026211056812
0.285911280212046 0.0 0.13332261951577676
0.300045859918628 0.0 0.13991368227775816
0.31552344219462075 0.0 0.1471309974227777
0.3328502481748705 0.0 0.15521061974273395
0.3529739822664479 0.0 0.1645944710603113
0.3773371036911596 0.0 0.1759551811572145
0.40974665273508565 0.0 0.19106800207374727
0.4611751481591064 0.0 0.2150495033373574
0.5771714101181917 0.0 0.26913944860623223
1.1987238130993603 0.0 0.558974094060993
1.1987752145831923 0.0 0.5589980629665443
0.5772306448359328 0.0 0.2691670702087436
0.4612304458692189 0.0 0.21507528908306137
0.40979062872563143 0.0 0.1910885084149137
0.3773618164182098 0.0 0.17596670489109192
0.35296997507236094 0.0 0.16459260247502086
0.33288090818579663 0.0 0.15522491674062794
0.3155388143667538 0.0 0.1471381655843658
0.30005566874808287 0.0 0.13991825621005052
0.28592122889736615 0.0 0.13332725866393014
0.27279736177178493 0.0 0.12720749891866298
0.2604477364461095 0.0 0.1214487740539556
0.24874461926421368 0.0 0.11599152088775225
0.23743900733855966 0.0 0.11071962746669127
0.22650241363423573 0.0 0.10561981006823531
0.21585346136871444 0.0 0.10065412207549569
0.2054143475682045 0.0 0.0957862833659664
0.19511999592581195 0.0 0.09098594835937823
0.18491506529994692 0.0 0.08622731105759689
0.1747200080450767 0.0 0.08147327778432223
0.16445971970170825 0.0 0.07668882675493106
0.15417423614055578 0.0 0.07189262700253832
0.14378520526402683 0.0 0.06704814234400412
0.13326982900395482 0.0 0.06214474186555128
0.12264136498971169 0.0 0.057188607701284894
0.11187169931856027 0.0 0.05216663012305799
0.10099072936259619 0.0 0.04709275050443749
0.0900300303918874 0.0 0.04198169263566436
0.0790398782692527 0.0 0.03685690053659139
0.06806325490989662 0.0 0.0317384170034406
0.05716624611975847 0.0 0.02665705835361685
0.046471564731127485 0.0 0.021670046520570488
0.03605391064906975 0.0 0.016812214642097284
0.026025181013402975 0.0 0.012135741211419875
0.016503786889585623 0.0 0.00769584221517184
0.0076162214105883535 0.0 0.003551502369961415
-0.0005371910254683811 -0.0 -0.00025049628906804306
-0.007844591707332382 -0.0 -0.0036579931882282854
-0.014224401199662966 -0.0 -0.006632947212071991
-0.019613905089116476 -0.0 -0.009146114149380314
-0.02397288352019281 -0.0 -0.011178739173523668
-0.027281627509942886 -0.0 -0.012721631834818451
-0.029537110158261357 -0.0 -0.013773380666565074
-0.03074771676313987 -0.0 -0.014337895797432948
-0.0309262866041444 -0.0 -0.014421164281808877
-0.03008584087017968 -0.0 -0.014029257999797434
-0.02818966022922528 -0.0 -0.01314505444567514
-0.025122939929713598 -0.0 -0.011715019284593453
-0.02054663323881812 -0.0 -0.009581052428562931
-0.012843806816446568 -0.0 -0.005989165478372407

VECTORS funs-vector float
0.0 0.0 -0.0009733116407753596
0.0 0.0 -0.001546090440754065
0.0 0.0 -0.0020564223274971935
0.0 0.0 -0.003614331224487703
0.0 0.0 -0.0053257504049139094
0.0 0.0 -0.005592641290663444
0.0 0.0 -0.005754589574303155
0.0 0.0 -0.00588827252636745
0.0 0.0 -0.005997756172882746
0.0 0.0 -0.006091314113522051
0.0 0.0 -0.006176994494175216
0.0 0.0 -0.006251737691257444
0.0 0.0 -0.006302865138198789
0.0 0.0 -0.006324105634036607
0.0 0.0 -0.006403034342177061
0.0 0.0 -0.006568569531338464
0.0 0.0 -0.006745807595949188
0.0 0.0 -0.006818320727983397
0.0 0.0 -0.006799879136419988
0.0 0.0 -0.0067002319364109775
0.0 0.0 -0.00679023589552424
0.0 0.0 -0.007960374562048598
0.0 0.0 -0.007539893904330279
0.0 0.0 -0.00650129774466344
0.0 0.0 -0.005689704907221033
0.0 0.0 -0.0051714798760426365
0.0 0.0 -0.002956206525435723
0.0 0.0 -0.002114596145472351
0.0 0.0 -0.0012311673763870153
0.0 0.0 -0.0006446675382708702
0.0 0.0 -0.002129317699122169
0.0 0.0 -0.0035037201899916176
0.0 0.0 -0.004184536834752739
0.0 0.0 -0.004501060045737663
0.0 0.0 -0.0045479833182721
0.0 0.0 -0.004972956080745986
0.0 0.0 -0.005905397868229625
0.0 0.0 -0.007157912016480013
0.0 0.0 -0.005698209459413694
0.0 0.0 -0.005788394877251853
0.0 0.0 -0.0058427615858656695
0.0 0.0 -0.00551817971282405
0.0 0.0 -0.0048035031427537764
0.0 0.0 -0.004047120939678709
0.0 0.0 -0.005460398476814859
0.0 0.0 -0.004994565117481965
0.0 0.0 -0.004373548964749639
0.0 0.0 -0.003970185417669309
0.0 0.0 -0.00398239717632911
0.0 0.0 -0.004489745180176319
0.0 0.0 -0.005556336856130885
0.0 0.0 -0.006205888222227301
0.0 0.0 -0.006465181090294178
0.0 0.0 -0.00650816794103742
0.0 0.0 -0.006517987294747681
0.0 0.0 -0.006657311754799039
0.0 0.0 -0.006796664934986489
0.0 0.0 -0.006218399598408682
0.0 0.0 -0.005164683411781437
0.0 0.0 -0.0040334715628722
0.0 0.0 -0.003217762118524739
0.0 0.0 -0.0030690923766595224
0.0 0.0 -0.004163713475754414
0.0 0.0 -0.0038914454637784183
0.0 0.0 -0.003955902328932837
0.0 0.0 -0.0044411993888185865
0.0 0.0 -0.005301945570571643
0.0 0.0 -0.006235060846826459
0.0 0.0 -0.006825610336467754
0.0 0.0 -0.005919622897099365
0.0 0.0 -0.003606428025818142
0.0 0.0 -0.004935464760695073
0.0 0.0 -0.0068241037058559655
0.0 0.0 -0.008749784907927643
0.0 0.0 -0.011962240355798447
0.0 0.0 -0.013365771770747489
0.0 0.0 -0.014830326652013464
0.0 0.0 -0.016155962761204862
0.0 0.0 -0.01629517638988305
0.0 0.0 -0.014337680647882807
0.0 0.0 -0.012915201240022357
0.0 0.0 -0.01222232485353139
0.0 0.0 -0.011561949966304951
0.0 0.0 -0.010877851269640363
0.0 0.0 -0.010163629465395087
0.0 0.0 -0.009522376755546189
0.0 0.0 -0.009319605736876537
0.0 0.0 -0.00900069362921453
0.0 0.0 -0.008667683713695664
0.0 0.0 -0.00833705858152456
0.0 0.0 -0.008007327426560875
0.0 0.0 -0.007665103188894051
0.0 0.0 -0.00728931635855707
0.0 0.0 -0.006859249321560479
0.0 0.0 -0.00638307212199475
0.0 0.0 -0.005272024716099758
0.0 0.0 -0.00398575687002666
0.0 0.0 -0.002580271338456378
0.0 0.0 -0.002005416126767463
0.0 0.0 -0.0012723780576799504
0.0 0.0 -0.0009733116407753596
0.0 0.0 -0.001546090440754065
0.0 0.0 -0.0020564223274971935
0.0 0.0 -0.003614331224487703
0.0 0.0 -0.0053257504049139094
0.0 0.0 -0.005592641290663444
0.0 0.0 -0.005754589574303155
0.0 0.0 -0.00588827252636745
0.0 0.0 -0.005997756172882746
0.0 0.0 -0.006091314113522051
0.0 0.0 -0.006176994494175216
0.0 0.0 -0.006251737691257444
0.0 0.0 -0.006302865138198789
0.0 0.0 -0.006324105634036607
0.0 0.0 -0.006403034342177061
0.0 0.0 -0.006568569531338464
0.0 0.0 -0.006745807595949188
0.0 0.0 -0.006818320727983397
0.0 0.0 -0.006799879136419988
0.0 0.0 -0.0067002319364109775
0.0 0.0 -0.00679023589552424
0.0 0.0 -0.007960374562048598
0.0 0.0 -0.007539893904330279
0.0 0.0 -0.00650129774466344
0.0 0.0 -0.005689704907221033
0.0 0.0 -0.0051714798760426365
0.0 0.0 -0.002956206525435723
0.0 0.0 -0.002114596145472351
0.0 0.0 -0.0012311673763870153
0.0 0.0 -0.0006446675382708702
0.0 0.0 -0.002129317699122169
0.0 0.0 -0.0035037201899916176
0.0 0.0 -0.004184536834752739
0.0 0.0 -0.004501060045737663
0.0 0.0 -0.0045479833182721
0.0 0.0 -0.004972956080745986
0.0 0.0 -0.005905397868229625
0.0 0.0 -0.007157912016480013
0.0 0.0 -0.005698209459413694
0.0 0.0 -0.005788394877251853
0.0 0.0 -0.0058427615858656695
0.0 0.0 -0.00551817971282405
0.0 0.0 -0.0048035031427537764
0.0 0.0 -0.004047120939678709
0.0 0.0 -0.005460398476814859
0.0 0.0 -0.004994565117481965
0.0 0.0 -0.004373548964749639
0.0 0.0 -0.003970185417669309
0.0 0.0 -0.00398239717632911
0.0 0.0 -0.004489745180176319
0.0 0.0 -0.005556336856130885
0.0 0.0 -0.006205888222227301
0.0 0.0 -0.006465181090294178
0.0 0.0 -0.00650816794103742
0.0 0.0 -0.006517987294747681
0.0 0.0 -0.006657311754799039
0.0 0.0 -0.006796664934986489
0.0 0.0 -0.006218399598408682
0.0 0.0 -0.005164683411781437
0.0 0.0 -0.0040334715628722
0.0 0.0 -0.003217762118524739
0.0 0.0 -0.0030690923766595224
0.0 0.0 -0.004163713475754414
0.0 0.0 -0.0038914454637784183
0.0 0.0 -0.003955902328932837
0.0 0.0 -0.0044411993888185865
0.0 0.0 -0.005301945570571643
0.0 0.0 -0.006235060846826459
0.0 0.0 -0.006825610336467754
0.0 0.0 -0.005919622897099365
0.0 0.0 -0.003606428025818142
0.0 0.0 -0.004935464760695073
0.0 0.0 -0.0068241037058559655
0.0 0.0 -0.008749784907927643
0.0 0.0 -0.011962240355798447
0.0 0.0 -0.013365771770747489
0.0 0.0 -0.014830326652013464
0.0 0.0 -0.016155962761204862
0.0 0.0 -0.01629517638988305
0.0 0.0 -0.014337680647882807
0.0 0.0 -0.012915201240022357
0.0 0.0 -0.01222232485353139
0.0 0.0 -0.011561949966304951
0.0 0.0 -0.010877851269640363
0.0 0.0 -0.010163629465395087
0.0 0.0 -0.009522376755546189
0.0 0.0 -0.009319605736876537
0.0 0.0 -0.00900069362921453
0.0 0.0 -0.008667683713695664
0.0 0.0 -0.00833705858152456
0.0 0.0 -0.008007327426560875
0.0 0.0 -0.007665103188894051
0.0 0.0 -0.00728931635855707
0.0 0.0 -0.006859249321560479
0.0 0.0 -0.00638307212199475
0.0 0.0 -0.005272024716099758
0.0 0.0 -0.00398575687002666
0.0 0.0 -0.002580271338456378
0.0 0.0 -0.002005416126767463
0.0 0.0 -0.0012723780576799504

VECTORS S float
-0.0 -0.05295713696685278 0.0
-0.0 -0.07468195179670538 0.0
-0.0 -0.09309327090234375 0.0
-0.0 -0.1104063517469338 0.0
-0.0 -0.1271223672072063 0.0
-0.0 -0.14335667218974554 0.0
-0.0 -0.159118844431799 0.0
-0.0 -0.17436777202193696 0.0
-0.0 -0.18904641444376657 0.0
-0.0 -0.20309656092147424 0.0
-0.0 -0.21646825851735227 0.0
-0.0 -0.22912687552260064 0.0
-0.0 -0.24105850756566546 0.0
-0.0 -0.252273408061328 0.0
-0.0 -0.2628024957252275 0.0
-0.0 -0.2727130813967739 0.0
-0.0 -0.2820603742793491 0.0
-0.0 -0.2909334630340449 0.0
-0.0 -0.2994157776477709 0.0
-0.0 -0.3075876082163763 0.0
-0.0 -0.3155108634605775 0.0
-0.0 -0.323090925680334 0.0
-0.0 -0.33075494218856777 0.0
-0.0 -0.33830529366546763 0.0
-0.0 -0.3457755801505571 0.0
-0.0 -0.3531818961217735 0.0
-0.0 -0.36054106320798435 0.0
-0.0 -0.3678060964717857 0.0
-0.0 -0.37497801453970686 0.0
-0.0 -0.3820213174864311 0.0
-0.0 -0.38878505815066405 0.0
-0.0 -0.39517969826368166 0.0
-0.0 -0.4015438266617152 0.0
-0.0 -0.4074268605105382 0.0
-0.0 -0.4127582172763091 0.0
-0.0 -0.41745525824041835 0.0
-0.0 -0.42141402992552435 0.0
-0.0 -0.4245178049586863 0.0
-0.0 -0.42664261957690325 0.0
-0.0 -0.4274972060613529 0.0
-0.0 -0.42684811332251227 0.0
-0.0 -0.424316094343291 0.0
-0.0 -0.4193629405995149 0.0
-0.0 -0.4112008414695257 0.0
-0.0 -0.39850502894524015 0.0
-0.0 -0.37923517916702554 0.0
-0.0 -0.34859532875092886 0.0
-0.0 -0.2931892818431421 0.0
-0.0 -0.15795431153698686 0.0
0.0 0.592474506295103 -0.0
-0.0 -0.5926136497391359 0.0
0.0 0.15786734865672325 -0.0
0.0 0.2931384653292841 -0.0
0.0 0.34858162202898857 -0.0
0.0 0.37927999008796126 -0.0
0.0 0.39864888743581545 -0.0
0.0 0.41123987903453324 -0.0
0.0 0.4194002596843193 -0.0
0.0 0.4243507245890056 -0.0
0.0 0.4268789805988371 -0.0
0.0 0.42751849574126294 -0.0
0.0 0.42664307278018554 -0.0
0.0 0.4245411627899079 -0.0
0.0 0.42144953208058017 -0.0
0.0 0.41748849161688584 -0.0
0.0 0.412791749690426 -0.0
0.0 0.4074640232099052 -0.0
0.0 0.40158976561135995 -0.0
0.0 0.3952396771295371 -0.0
0.0 0.38880869124419754 -0.0
0.0 0.38204395963510096 -0.0
0.0 0.375012819117667 -0.0
0.0 0.3678462370201429 -0.0
0.0 0.36058460623307376 -0.0
0.0 0.3532287953577367 -0.0
0.0 0.34582714769410233 -0.0
0.0 0.33836242542825573 -0.0
0.0 0.3308180243976962 -0.0
0.0 0.32315897938759913 -0.0
0.0 0.3155433918971884 -0.0
0.0 0.3076222350262413 -0.0
0.0 0.29945219286490726 -0.0
0.0 0.29097093736483765 -0.0
0.0 0.28209816593251447 -0.0
0.0 0.2727506199976656 -0.0
0.0 0.2628397319078713 -0.0
0.0 0.25230987533115623 -0.0
0.0 0.24109402554685633 -0.0
0.0 0.22916103699828055 -0.0
0.0 0.21650080531746416 -0.0
0.0 0.20312732288285817 -0.0
0.0 0.1890752743134414 -0.0
0.0 0.17439464375597818 -0.0
0.0 0.15914366056979404 -0.0
0.0 0.1433794860529951 -0.0
0.0 0.1271378196472318 -0.0
0.0 0.11042259575681758 -0.0
0.0 0.09310712271634933 -0.0
0.0 0.07469297746272391 -0.0
0.0 0.05296497826778947 -0.0
-0.0 -0.05295713696685278 0.0
-0.0 -0.07468195179670538 0.0
-0.0 -0.09309327090234375 0.0
-0.0 -0.1104063517469338 0.0
-0.0 -0.1271223672072063 0.0
-0.0 -0.14335667218974554 0.0
-0.0 -0.159118844431799 0.0
-0.0 -0.17436777202193696 0.0
-0.0 -0.18904641444376657 0.0
-0.0 -0.20309656092147424 0.0
-0.0 -0.21646825851735227 0.0
-0.0 -0.22912687552260064 0.0
-0.0 -0.24105850756566546 0.0
-0.0 -0.252273408061328 0.0
-0.0 -0.2628024957252275 0.0
-0.0 -0.2727130813967739 0.0
-0.0 -0.2820603742793491 0.0
-0.0 -0.2909334630340449 0.0
-0.0 -0.2994157776477709 0.0
-0.0 -0.3075876082163763 0.0
-0.0 -0.3155108634605775 0.0
-0.0 -0.323090925680334 0.0
-0.0 -0.33075494218856777 0.0
-0.0 -0.33830529366546763 0.0
-0.0 -0.3457755801505571 0.0
-0.0 -0.3531818961217735 0.0
-0.0 -0.36054106320798435 0.0
-0.0 -0.3678060964717857 0.0
-0.0 -0.37497801453970686 0.0
-0.0 -0.3820213174864311 0.0
-0.0 -0.38878505815066405 0.0
-0.0 -0.39517969826368166 0.0
-0.0 -0.4015438266617152 0.0
-0.0 -0.4074268605105382 0.0
-0.0 -0.4127582172763091 0.0
-0.0 -0.41745525824041835 0.0
-0.0 -0.42141402992552435 0.0
-0.0 -0.4245178049586863 0.0
-0.0 -0.42664261957690325 0.0
-0.0 -0.4274972060613529 0.0
-0.0 -0.42684811332251227 0.0
-0.0 -0.424316094343291 0.0
-0.0 -0.4193629405995149 0.0
-0.0 -0.4112008414695257 0.0
-0.0 -0.39850502894524015 0.0
-0.0 -0.37923517916702554 0.0
-0.0 -0.34859532875092886 0.0
-0.0 -0.2931892818431421 0.0
-0.0 -0.15795431153698686 0.0
0.0 0.592474506295103 -0.0
-0.0 -0.5926136497391359 0.0
0.0 0.15786734865672325 -0.0
0.0 0.2931384653292841 -0.0
0.0 0.34858162202898857 -0.0
0.0 0.37927999008796126 -0.0
0.0 0.39864888743581545 -0.0
0.0 0.41123987903453324 -0.0
0.0 0.4194002596843193 -0.0
0.0 0.4243507245890056 -0.0
0.0 0.4268789805988371 -0.0
0.0 0.42751849574126294 -0.0
0.0 0.42664307278018554 -0.0
0.0 0.4245411627899079 -0.0
0.0 0.42144953208058017 -0.0
0.0 0.41748849161688584 -0.0
0.0 0.412791749690426 -0.0
0.0 0.4074640232099052 -0.0
0.0 0.40158976561135995 -0.0
0.0 0.3952396771295371 -0.0
0.0 0.38880869124419754 -0.0
0.0 0.38204395963510096 -0.0
0.0 0.375012819117667 -0.0
0.0 0.3678462370201429 -0.0
0.0 0.36058460623307376 -0.0
0.0 0.3532287953577367 -0.0
0.0 0.34582714769410233 -0.0
0.0 0.33836242542825573 -0.0
0.0 0.3308180243976962 -0.0
0.0 0.32315897938759913 -0.0
0.0 0.3155433918971884 -0.0
0.0 0.3076222350262413 -0.0
0.0 0.29945219286490726 -0.0
0.0 0.29097093736483765 -0.0
0.0 0.28209816593251447 -0.0
0.0 0.2727506199976656 -0.0
0.0 0.2628397319078713 -0.0
0.0 0.25230987533115623 -0.0
0.0 0.24109402554685633 -0.0
0.0 0.22916103699828055 -0.0
0.0 0.21650080531746416 -0.0
0.0 0.20312732288285817 -0.0
0.0 0.1890752743134414 -0.0
0.0 0.17439464375597818 -0.0
0.0 0.15914366056979404 -0.0
0.0 0.1433794860529951 -0.0
0.0 0.1271378196472318 -0.0
0.0 0.11042259575681758 -0.0
0.0 0.09310712271634933 -0.0
0.0 0.07469297746272391 -0.0
0.0 0.05296497826778947 -0.0

VECTORS Vvpm_ApA float
-0.1640884660277214 0.22519666429193258 0.5142888502292304
-0.15436676154666884 0.226519778559773 0.4917361372000523
-0.14325538970423804 0.22766470509953765 0.4657593518151881
-0.13095394920530817 0.2284717390655802 0.4367303899949216
-0.117685609857772 0.22879301068899954 0.4050713730126364
-0.10371647655052935 0.22845889157609617 0.371285274077509
-0.08921864488756445 0.22747191920213297 0.33570443474647843
-0.07449021491505507 0.2257086578083083 0.2989567167323951
-0.05975799780975341 0.22314318968859653 0.26151372781865634
-0.04522425037717933 0.21978579294299783 0.2239581985256177
-0.031063076207330394 0.21564870847188877 0.18634666646640874
-0.01743041983485165 0.21078943953826518 0.14927870835195983
-0.0044528786165329015 0.20526680507188544 0.11310489053587157
0.007775198448719754 0.19915293320840244 0.07812360087594289
0.019192739578448567 0.192532100671979 0.044572316556097336
0.029714630733112077 0.18546952737776906 0.012896796655730375
0.03941596544855662 0.1780751285874032 -0.01723714720360739
0.04823265952047471 0.1704249618531926 -0.0454031569471066
0.05619772419631669 0.16268801311409445 -0.0714937703665603
0.06332307891044377 0.1546431910738101 -0.09542477350384979
0.0696479402924185 0.14656406124561153 -0.11729353535449658
0.07520820378758386 0.1385022031869434 -0.13710799294680656
0.07994484412891789 0.13061403890947898 -0.15499367071450856
0.08411309374295665 0.12277342327699742 -0.1710084844722365
0.08765333142017724 0.11505349324759029 -0.18493514931904773
0.09064143754129124 0.10749608448634557 -0.19712603241157126
0.09309160644781385 0.10010027216617481 -0.20750724437720652
0.09507168149308064 0.09287830558906154 -0.2161128898286184
0.09675465274109259 0.08624755027093857 -0.22301267977367234
0.09789381846782856 0.07921989576927346 -0.22848752923268417
0.09870992270401954 0.07241363755202812 -0.23248618425725692
0.0990201428396589 0.06585959270317183 -0.2349120424659687
0.09908893898892984 0.05924338208933649 -0.2351550957568261
0.09892715055603407 0.05273602291933014 -0.23436334193164238
0.09848515254766596 0.04626870629776724 -0.2322981892026643
0.09768428022756419 0.03976386573351226 -0.22872577801524355
0.0965339359623653 0.03314215663407612 -0.22268267602057693
0.09506900344647855 0.026614411100497316 -0.217737767569827
0.09299194729762397 0.01998187557664818 -0.21072927623151586
0.08989014013572477 0.013327861351341107 -0.20025811220726733
0.08618200670617018 0.006728619664155054 -0.18837981804405696
0.0815141087948037 0.00034026656772725983 -0.1742847859007555
0.07571437280091697 -0.005605720032200116 -0.15755074039506056
0.06881537347671804 -0.010969820856934348 -0.13782032507044606
0.06036738744635503 -0.014864803619711228 -0.11529760649712421
0.05096567376745465 -0.016574268198539237 -0.09134779246234434
0.04208216426732157 -0.015413926892294282 -0.07011537911029649
0.0355625230721139 -0.011369323459305856 -0.05590309126675842
0.03289868982233743 -0.006076695305178679 -0.051771350605316124
0.033356551476173134 -0.0020037611280369245 -0.05537274267343014
0.03479136960930909 -9.139311099092646e-5 -0.06106314784224871
0.03343153109805402 0.001833806382958682 -0.055755890773158984
0.032876573967235 0.005838406381308022 -0.05155961350128977
0.03552513081703737 0.011138421163273446 -0.05564771195155709
0.04203837984353482 0.01518218387798869 -0.06990887858382899
0.050924984219667145 0.016334572530565215 -0.09125092392649828
0.060423025576453925 0.014647890831904258 -0.11562033538085782
0.06886124676043986 0.010774526339205335 -0.1381247014590925
0.07562312515908876 0.005351945576997277 -0.15729878849197848
0.08147783718208462 -0.0006177423867091483 -0.1742670444941273
0.08617832430814955 -0.0070070271739956815 -0.18849476997894432
0.08990271457336767 -0.013592017323813632 -0.20042805165705666
0.09289666126787317 -0.02011194416605859 -0.2103371060620702
0.0949852602223669 -0.026721862472623308 -0.2174951911693928
0.0964651489672316 -0.033245183234028315 -0.2226195401688106
0.09760615164686372 -0.039891370563234725 -0.2285562539956873
0.09840414166060872 -0.04639304062202279 -0.23212784479191087
0.09884687179867513 -0.05285682025379832 -0.23422551186326732
0.09901656039076244 -0.059366423991666334 -0.2350543702772402
0.0989634888302341 -0.06599460409896621 -0.23482031727130226
0.09863377376721101 -0.0724665810240386 -0.23219799810134373
0.09780158554187798 -0.07928633877679249 -0.2281984203554998
0.09664757159114032 -0.08633061410878404 -0.2227064786227879
0.09494067037358148 -0.09301869759866166 -0.21585478683368653
0.09295099306794115 -0.10024294581629756 -0.2071872712604968
0.09047452883877587 -0.10763257713572388 -0.19671166930858386
0.08746073349032081 -0.1151842369746855 -0.1844347996432388
0.08389608993032775 -0.12290075845878211 -0.1704502286263609
0.07970466349430172 -0.13073663997142357 -0.15436031764139208
0.07507667322097884 -0.13863960013883353 -0.13679019946976845
0.06950025336331862 -0.14669733802497473 -0.11690935055890966
0.0631645443673842 -0.15477822589881807 -0.09499927924963972
0.05603518488489506 -0.1628315641070251 -0.0710623334986733
0.04808364534303605 -0.1705384173350955 -0.045073830001043605
0.039266290133851856 -0.17818622634321848 -0.016908363637825607
0.029565178111517695 -0.18558020558126434 0.013215561728087438
0.019042679858329865 -0.19264112185987686 0.044892757544075235
0.007623515367735944 -0.19926050195410977 0.07844551316671533
-0.004606370154635532 -0.20537307605093957 0.1134291483232697
-0.01758602405538997 -0.2108943945308246 0.14960657870709992
-0.03122116338859121 -0.2157522055112644 0.18667962893723727
-0.045385211463875745 -0.21988761133886575 0.22429779697157354
-0.05992204115838248 -0.2232404011273424 0.26185098997360906
-0.07465951832229067 -0.22580690713698914 0.2992971625128239
-0.08939499689845117 -0.22756822000149662 0.33605901851928566
-0.10390087209491974 -0.2285512708878254 0.3716615196543208
-0.11785875806501767 -0.22888895784062835 0.40543056517650966
-0.13112905964005336 -0.22856567898174743 0.43709518351544585
-0.14343249027170402 -0.2277565733002835 0.4661302435452754
-0.1545457914817683 -0.22660961353458317 0.4921132090523699
-0.1640884660277214 0.22519666429193258 0.5142888502292304
-0.15436676154666884 0.226519778559773 0.4917361372000523
-0.14325538970423804 0.22766470509953765 0.4657593518151881
-0.13095394920530817 0.2284717390655802 0.4367303899949216
-0.117685609857772 0.22879301068899954 0.4050713730126364
-0.10371647655052935 0.22845889157609617 0.371285274077509
-0.08921864488756445 0.22747191920213297 0.33570443474647843
-0.07449021491505507 0.2257086578083083 0.2989567167323951
-0.05975799780975341 0.22314318968859653 0.26151372781865634
-0.04522425037717933 0.21978579294299783 0.2239581985256177
-0.031063076207330394 0.21564870847188877 0.18634666646640874
-0.01743041983485165 0.21078943953826518 0.14927870835195983
-0.0044528786165329015 0.20526680507188544 0.11310489053587157
0.007775198448719754 0.19915293320840244 0.07812360087594289
0.019192739578448567 0.192532100671979 0.044572316556097336
0.029714630733112077 0.18546952737776906 0.012896796655730375
0.03941596544855662 0.1780751285874032 -0.01723714720360739
0.04823265952047471 0.1704249618531926 -0.0454031569471066
0.05619772419631669 0.16268801311409445 -0.0714937703665603
0.06332307891044377 0.1546431910738101 -0.09542477350384979
0.0696479402924185 0.14656406124561153 -0.11729353535449658
0.07520820378758386 0.1385022031869434 -0.13710799294680656
0.07994484412891789 0.13061403890947898 -0.15499367071450856
0.08411309374295665 0.12277342327699742 -0.1710084844722365
0.08765333142017724 0.11505349324759029 -0.18493514931904773
0.09064143754129124 0.10749608448634557 -0.19712603241157126
0.09309160644781385 0.10010027216617481 -0.20750724437720652
0.09507168149308064 0.09287830558906154 -0.2161128898286184
0.09675465274109259 0.08624755027093857 -0.22301267977367234
0.09789381846782856 0.07921989576927346 -0.22848752923268417
0.09870992270401954 0.07241363755202812 -0.23248618425725692
0.0990201428396589 0.06585959270317183 -0.2349120424659687
0.09908893898892984 0.05924338208933649 -0.2351550957568261
0.09892715055603407 0.05273602291933014 -0.23436334193164238
0.09848515254766596 0.04626870629776724 -0.2322981892026643
0.09768428022756419 0.03976386573351226 -0.22872577801524355
0.0965339359623653 0.03314215663407612 -0.22268267602057693
0.09506900344647855 0.026614411100497316 -0.217737767569827
0.09299194729762397 0.01998187557664818 -0.21072927623151586
0.08989014013572477 0.013327861351341107 -0.20025811220726733
0.08618200670617018 0.006728619664155054 -0.18837981804405696
0.0815141087948037 0.00034026656772725983 -0.1742847859007555
0.07571437280091697 -0.005605720032200116 -0.15755074039506056
0.06881537347671804 -0.010969820856934348 -0.13782032507044606
0.06036738744635503 -0.014864803619711228 -0.11529760649712421
0.05096567376745465 -0.016574268198539237 -0.09134779246234434
0.04208216426732157 -0.015413926892294282 -0.07011537911029649
0.0355625230721139 -0.011369323459305856 -0.05590309126675842
0.03289868982233743 -0.006076695305178679 -0.051771350605316124
0.033356551476173134 -0.0020037611280369245 -0.05537274267343014
0.03479136960930909 -9.139311099092646e-5 -0.06106314784224871
0.03343153109805402 0.001833806382958682 -0.055755890773158984
0.032876573967235 0.005838406381308022 -0.05155961350128977
0.03552513081703737 0.011138421163273446 -0.05564771195155709
0.04203837984353482 0.01518218387798869 -0.06990887858382899
0.050924984219667145 0.016334572530565215 -0.09125092392649828
0.060423025576453925 0.014647890831904258 -0.11562033538085782
0.06886124676043986 0.010774526339205335 -0.1381247014590925
0.07562312515908876 0.005351945576997277 -0.15729878849197848
0.08147783718208462 -0.0006177423867091483 -0.1742670444941273
0.08617832430814955 -0.0070070271739956815 -0.18849476997894432
0.08990271457336767 -0.013592017323813632 -0.20042805165705666
0.09289666126787317 -0.02011194416605859 -0.2103371060620702
0.0949852602223669 -0.026721862472623308 -0.2174951911693928
0.0964651489672316 -0.033245183234028315 -0.2226195401688106
0.09760615164686372 -0.039891370563234725 -0.2285562539956873
0.09840414166060872 -0.04639304062202279 -0.23212784479191087
0.09884687179867513 -0.05285682025379832 -0.23422551186326732
0.09901656039076244 -0.059366423991666334 -0.2350543702772402
0.0989634888302341 -0.06599460409896621 -0.23482031727130226
0.09863377376721101 -0.0724665810240386 -0.23219799810134373
0.09780158554187798 -0.07928633877679249 -0.2281984203554998
0.09664757159114032 -0.08633061410878404 -0.2227064786227879
0.09494067037358148 -0.09301869759866166 -0.21585478683368653
0.09295099306794115 -0.10024294581629756 -0.2071872712604968
0.09047452883877587 -0.10763257713572388 -0.19671166930858386
0.08746073349032081 -0.1151842369746855 -0.1844347996432388
0.08389608993032775 -0.12290075845878211 -0.1704502286263609
0.07970466349430172 -0.13073663997142357 -0.15436031764139208
0.07507667322097884 -0.13863960013883353 -0.13679019946976845
0.06950025336331862 -0.14669733802497473 -0.11690935055890966
0.0631645443673842 -0.15477822589881807 -0.09499927924963972
0.05603518488489506 -0.1628315641070251 -0.0710623334986733
0.04808364534303605 -0.1705384173350955 -0.045073830001043605
0.039266290133851856 -0.17818622634321848 -0.016908363637825607
0.029565178111517695 -0.18558020558126434 0.013215561728087438
0.019042679858329865 -0.19264112185987686 0.044892757544075235
0.007623515367735944 -0.19926050195410977 0.07844551316671533
-0.004606370154635532 -0.20537307605093957 0.1134291483232697
-0.01758602405538997 -0.2108943945308246 0.14960657870709992
-0.03122116338859121 -0.2157522055112644 0.18667962893723727
-0.045385211463875745 -0.21988761133886575 0.22429779697157354
-0.05992204115838248 -0.2232404011273424 0.26185098997360906
-0.07465951832229067 -0.22580690713698914 0.2992971625128239
-0.08939499689845117 -0.22756822000149662 0.33605901851928566
-0.10390087209491974 -0.2285512708878254 0.3716615196543208
-0.11785875806501767 -0.22888895784062835 0.40543056517650966
-0.13112905964005336 -0.22856567898174743 0.43709518351544585
-0.14343249027170402 -0.2277565733002835 0.4661302435452754
-0.1545457914817683 -0.22660961353458317 0.4921132090523699

VECTORS Vkin float
-0.0 -0.0 -0.0
-0.0 -0.0 -0.0
-0.0 -0.0 -0.0
-0.0 -0.0 -0.0
-0.0 -0.0 -0.0
-0.0 -0.0 -0.0
-0.0 -0.0 -0.0
-0.0 -0.0 -0.0
-0.0 -0.0 -0.0
-0.0 -0.0 -0.0
-0.0 -0.0 -0.0
-0.0 -0.0 -0.0
-0.0 -0.0 -0.0
-0.0 -0.0 -0.0
-0.0 -0.0 -0.0
-0.0 -0.0 -0.0
-0.0 -0.0 -0.0
-0.0 -0.0 -0.0
-0.0 -0.0 -0.0
-0.0 -0.0 -0.0
-0.0 -0.0 -0.0
-0.0 -0.0 -0.0
-0.0 -0.0 -0.0
-0.0 -0.0 -0.0
-0.0 -0.0 -0.0
-0.0 -0.0 -0.0
-0.0 -0.0 -0.0
-0.0 -0.0 -0.0
-0.0 -0.0 -0.0
-0.0 -0.0 -0.0
-0.0 -0.0 -0.0
-0.0 -0.0 -0.0
-0.0 -0.0 -0.0
-0.0 -0.0 -0.0
-0.0 -0.0 -0.0
-0.0 -0.0 -0.0
-0.0 -0.0 -0.0
-0.0 -0.0 -0.0
-0.0 -0.0 -0.0
-0.0 -0.0 -0.0
-0.0 -0.0 -0.0
-0.0 -0.0 -0.0
-0.0 -0.0 -0.0
-0.0 -0.0 -0.0
-0.0 -0.0 -0.0
-0.0 -0.0 -0.0
-0.0 -0.0 -0.0
-0.0 -0.0 -0.0
-0.0 -0.0 -0.0
-0.0 -0.0 -0.0
-0.0 -0.0 -0.0
-0.0 -0.0 -0.0
-0.0 -0.0 -0.0
-0.0 -0.0 -0.0
-0.0 -0.0 -0.0
-0.0 -0.0 -0.0
-0.0 -0.0 -0.0
-0.0 -0.0 -0.0
-0.0 -0.0 -0.0
-0.0 -0.0 -0.0
-0.0 -0.0 -0.0
-0.0 -0.0 -0.0
-0.0 -0.0 -0.0
-0.0 -0.0 -0.0
-0.0 -0.0 -0.0
-0.0 -0.0 -0.0
-0.0 -0.0 -0.0
-0.0 -0.0 -0.0
-0.0 -0.0 -0.0
-0.0 -0.0 -0.0
-0.0 -0.0 -0.0
-0.0 -0.0 -0.0
-0.0 -0.0 -0.0
-0.0 -0.0 -0.0
-0.0 -0.0 -0.0
-0.0 -0.0 -0.0
-0.0 -0.0 -0.0
-0.0 -0.0 -0.0
-0.0 -0.0 -0.0
-0.0 -0.0 -0.0
-0.0 -0.0 -0.0
-0.0 -0.0 -0.0
-0.0 -0.0 -0.0
-0.0 -0.0 -0.0
-0.0 -0.0 -0.0
-0.0 -0.0 -0.0
-0.0 -0.0 -0.0
-0.0 -0.0 -0.0
-0.0 -0.0 -0.0
-0.0 -0.0 -0.0
-0.0 -0.0 -0.0
-0.0 -0.0 -0.0
-0.0 -0.0 -0.0
-0.0 -0.0 -0.0
-0.0 -0.0 -0.0
-0.0 -0.0 -0.0
-0.0 -0.0 -0.0
-0.0 -0.0 -0.0
-0.0 -0.0 -0.0
-0.0 -0.0 -0.0
-0.0 -0.0 -0.0
-0.0 -0.0 -0.0
-0.0 -0.0 -0.0
-0.0 -0.0 -0.0
-0.0 -0.0 -0.0
-0.0 -0.0 -0.0
-0.0 -0.0 -0.0
-0.0 -0.0 -0.0
-0.0 -0.0 -0.0
-0.0 -0.0 -0.0
-0.0 -0.0 -0.0
-0.0 -0.0 -0.0
-0.0 -0.0 -0.0
-0.0 -0.0 -0.0
-0.0 -0.0 -0.0
-0.0 -0.0 -0.0
-0.0 -0.0 -0.0
-0.0 -0.0 -0.0
-0.0 -0.0 -0.0
-0.0 -0.0 -0.0
-0.0 -0.0 -0.0
-0.0 -0.0 -0.0
-0.0 -0.0 -0.0
-0.0 -0.0 -0.0
-0.0 -0.0 -0.0
-0.0 -0.0 -0.0
-0.0 -0.0 -0.0
-0.0 -0.0 -0.0
-0.0 -0.0 -0.0
-0.0 -0.0 -0.0
-0.0 -0.0 -0.0
-0.0 -0.0 -0.0
-0.0 -0.0 -0.0
-0.0 -0.0 -0.0
-0.0 -0.0 -0.0
-0.0 -0.0 -0.0
-0.0 -0.0 -0.0
-0.0 -0.0 -0.0
-0.0 -0.0 -0.0
-0.0 -0.0 -0.0
-0.0 -0.0 -0.0
-0.0 -0.0 -0.0
-0.0 -0.0 -0.0
-0.0 -0.0 -0.0
-0.0 -0.0 -0.0
-0.0 -0.0 -0.0
-0.0 -0.0 -0.0
-0.0 -0.0 -0.0
-0.0 -0.0 -0.0
-0.0 -0.0 -0.0
-0.0 -0.0 -0.0
-0.0 -0.0 -0.0
-0.0 -0.0 -0.0
-0.0 -0.0 -0.0
-0.0 -0.0 -0.0
-0.0 -0.0 -0.0
-0.0 -0.0 -0.0
-0.0 -0.0 -0.0
-0.0 -0.0 -0.0
-0.0 -0.0 -0.0
-0.0 -0.0 -0.0
-0.0 -0.0 -0.0
-0.0 -0.0 -0.0
-0.0 -0.0 -0.0
-0.0 -0.0 -0.0
-0.0 -0.0 -0.0
-0.0 -0.0 -0.0
-0.0 -0.0 -0.0
-0.0 -0.0 -0.0
-0.0 -0.0 -0.0
-0.0 -0.0 -0.0
-0.0 -0.0 -0.0
-0.0 -0.0 -0.0
-0.0 -0.0 -0.0
-0.0 -0.0 -0.0
-0.0 -0.0 -0.0
-0.0 -0.0 -0.0
-0.0 -0.0 -0.0
-0.0 -0.0 -0.0
-0.0 -0.0 -0.0
-0.0 -0.0 -0.0
-0.0 -0.0 -0.0
-0.0 -0.0 -0.0
-0.0 -0.0 -0.0
-0.0 -0.0 -0.0
-0.0 -0.0 -0.0
-0.0 -0.0 -0.0
-0.0 -0.0 -0.0
-0.0 -0.0 -0.0
-0.0 -0.0 -0.0
-0.0 -0.0 -0.0
-0.0 -0.0 -0.0
-0.0 -0.0 -0.0
-0.0 -0.0 -0.0
-0.0 -0.0 -0.0
-0.0 -0.0 -0.0
-0.0 -0.0 -0.0
-0.0 -0.0 -0.0
-0.0 -0.0 -0.0
-0.0 -0.0 -0.0

VECTORS Funs-vector float
0.0 0.0 -4.404677588890627e-6
0.0 0.0 -8.281881566164595e-6
0.0 0.0 -1.2724866664208635e-5
0.0 0.0 -2.536925238400681e-5
0.0 0.0 -4.180862279835358e-5
0.0 0.0 -4.8552427169252186e-5
0.0 0.0 -5.474162765845611e-5
0.0 0.0 -6.090767924416993e-5
0.0 0.0 -6.702553724790113e-5
0.0 0.0 -7.31341932360794e-5
0.0 0.0 -7.929725276973289e-5
0.0 0.0 -8.545325108734156e-5
0.0 0.0 -9.139107675878881e-5
0.0 0.0 -9.695569652086984e-5
0.0 0.0 -0.00010348800310180974
0.0 0.0 -0.00011162327271555703
0.0 0.0 -0.00012024233081704335
0.0 0.0 -0.00012720228790256134
0.0 0.0 -0.00013251034230003347
0.0 0.0 -0.00013613777379368943
0.0 0.0 -0.00014361059168708004
0.0 0.0 -0.00017497523576309742
0.0 0.0 -0.00017199994783621085
0.0 0.0 -0.00015371142494009676
0.0 0.0 -0.0001392520968916289
0.0 0.0 -0.00013086741650251608
0.0 0.0 -7.72658050401517e-5
0.0 0.0 -5.702646023656999e-5
0.0 0.0 -3.422549371235669e-5
0.0 0.0 -1.8457106710739186e-5
0.0 0.0 -6.27331758531989e-5
0.0 0.0 -0.00010613763017987516
0.0 0.0 -0.00013023971076930388
0.0 0.0 -0.00014383250111424904
0.0 0.0 -0.00014911225677583092
0.0 0.0 -0.0001671791583425435
0.0 0.0 -0.00020343427327164257
0.0 0.0 -0.0002525316671408226
0.0 0.0 -0.00020576963813328137
0.0 0.0 -0.000213837697209348
0.0 0.0 -0.00022070267670400132
0.0 0.0 -0.0002130287647340104
0.0 0.0 -0.00018943144900289988
0.0 0.0 -0.00016296667280976253
0.0 0.0 -0.0002244142729095558
0.0 0.0 -0.0002094207254228312
0.0 0.0 -0.00018701701082820928
0.0 0.0 -0.00017306885306720766
0.0 0.0 -0.00017691138185810007
0.0 0.0 -0.0002031813773356155
0.0 0.0 -0.00025144949881654135
0.0 0.0 -0.000275686279504435
0.0 0.0 -0.00028183103771155205
0.0 0.0 -0.0002782952984203009
0.0 0.0 -0.0002732973933576493
0.0 0.0 -0.00027360563214004393
0.0 0.0 -0.00027368341276835177
0.0 0.0 -0.0002452294526303353
0.0 0.0 -0.00019938207610331086
0.0 0.0 -0.0001523591125964925
0.0 0.0 -0.00011887213228954473
0.0 0.0 -0.0001108288546149411
0.0 0.0 -0.00014689612042004978
0.0 0.0 -0.00013405589217942474
0.0 0.0 -0.00013298818873483595
0.0 0.0 -0.00014561119012850292
0.0 0.0 -0.00016942499865316892
0.0 0.0 -0.00019406031142456782
0.0 0.0 -0.00020676711220072655
0.0 0.0 -0.00017440175523899222
0.0 0.0 -0.00010325357330022267
0.0 0.0 -0.00013720207453062658
0.0 0.0 -0.00018403253002492146
0.0 0.0 -0.00022869145610168615
0.0 0.0 -0.00030271170505712607
0.0 0.0 -0.0003271192049502216
0.0 0.0 -0.00035063624702918686
0.0 0.0 -0.00036854958271694845
0.0 0.0 -0.00035818067458967556
0.0 0.0 -0.0003032358275829648
0.0 0.0 -0.0002624158031544125
0.0 0.0 -0.00023817841722644685
0.0 0.0 -0.00021569922375357537
0.0 0.0 -0.00019389497437313614
0.0 0.0 -0.0001727160804468956
0.0 0.0 -0.0001539038684711328
0.0 0.0 -0.00014288010318100824
0.0 0.0 -0.00013050938966861054
0.0 0.0 -0.00011847614044458283
0.0 0.0 -0.00010702710554763243
0.0 0.0 -9.613843916186519e-5
0.0 0.0 -8.565831028927649e-5
0.0 0.0 -7.539993108134523e-5
0.0 0.0 -6.524991357404503e-5
0.0 0.0 -5.541453996640321e-5
0.0 0.0 -4.138686118967209e-5
0.0 0.0 -2.7976315864999546e-5
0.0 0.0 -1.5966374367903373e-5
0.0 0.0 -1.0742333316972665e-5
0.0 0.0 -5.758089064664298e-6
0.0 0.0 -4.404677588890627e-6
0.0 0.0 -8.281881566164595e-6
0.0 0.0 -1.2724866664208635e-5
0.0 0.0 -2.536925238400681e-5
0.0 0.0 -4.180862279835358e-5
0.0 0.0 -4.8552427169252186e-5
0.0 0.0 -5.474162765845611e-5
0.0 0.0 -6.090767924416993e-5
0.0 0.0 -6.702553724790113e-5
0.0 0.0 -7.31341932360794e-5
0.0 0.0 -7.929725276973289e-5
0.0 0.0 -8.545325108734156e-5
0.0 0.0 -9.139107675878881e-5
0.0 0.0 -9.695569652086984e-5
0.0 0.0 -0.00010348800310180974
0.0 0.0 -0.00011162327271555703
0.0 0.0 -0.00012024233081704335
0.0 0.0 -0.00012720228790256134
0.0 0.0 -0.00013251034230003347
0.0 0.0 -0.00013613777379368943
0.0 0.0 -0.00014361059168708004
0.0 0.0 -0.00017497523576309742
0.0 0.0 -0.00017199994783621085
0.0 0.0 -0.00015371142494009676
0.0 0.0 -0.0001392520968916289
0.0 0.0 -0.00013086741650251608
0.0 0.0 -7.72658050401517e-5
0.0 0.0 -5.702646023656999e-5
0.0 0.0 -3.422549371235669e-5
0.0 0.0 -1.8457106710739186e-5
0.0 0.0 -6.27331758531989e-5
0.0 0.0 -0.00010613763017987516
0.0 0.0 -0.00013023971076930388
0.0 0.0 -0.00014383250111424904
0.0 0.0 -0.00014911225677583092
0.0 0.0 -0.0001671791583425435
0.0 0.0 -0.00020343427327164257
0.0 0.0 -0.0002525316671408226
0.0 0.0 -0.00020576963813328137
0.0 0.0 -0.000213837697209348
0.0 0.0 -0.00022070267670400132
0.0 0.0 -0.0002130287647340104
0.0 0.0 -0.00018943144900289988
0.0 0.0 -0.00016296667280976253
0.0 0.0 -0.0002244142729095558
0.0 0.0 -0.0002094207254228312
0.0 0.0 -0.00018701701082820928
0.0 0.0 -0.00017306885306720766
0.0 0.0 -0.00017691138185810007
0.0 0.0 -0.0002031813773356155
0.0 0.0 -0.00025144949881654135
0.0 0.0 -0.000275686279504435
0.0 0.0 -0.00028183103771155205
0.0 0.0 -0.0002782952984203009
0.0 0.0 -0.0002732973933576493
0.0 0.0 -0.00027360563214004393
0.0 0.0 -0.00027368341276835177
0.0 0.0 -0.0002452294526303353
0.0 0.0 -0.00019938207610331086
0.0 0.0 -0.0001523591125964925
0.0 0.0 -0.00011887213228954473
0.0 0.0 -0.0001108288546149411
0.0 0.0 -0.00014689612042004978
0.0 0.0 -0.00013405589217942474
0.0 0.0 -0.00013298818873483595
0.0 0.0 -0.00014561119012850292
0.0 0.0 -0.00016942499865316892
0.0 0.0 -0.00019406031142456782
0.0 0.0 -0.00020676711220072655
0.0 0.0 -0.00017440175523899222
0.0 0.0 -0.00010325357330022267
0.0 0.0 -0.00013720207453062658
0.0 0.0 -0.00018403253002492146
0.0 0.0 -0.00022869145610168615
0.0 0.0 -0.00030271170505712607
0.0 0.0 -0.0003271192049502216
0.0 0.0 -0.00035063624702918686
0.0 0.0 -0.00036854958271694845
0.0 0.0 -0.00035818067458967556
0.0 0.0 -0.0003032358275829648
0.0 0.0 -0.0002624158031544125
0.0 0.0 -0.00023817841722644685
0.0 0.0 -0.00021569922375357537
0.0 0.0 -0.00019389497437313614
0.0 0.0 -0.0001727160804468956
0.0 0.0 -0.0001539038684711328
0.0 0.0 -0.00014288010318100824
0.0 0.0 -0.00013050938966861054
0.0 0.0 -0.00011847614044458283
0.0 0.0 -0.00010702710554763243
0.0 0.0 -9.613843916186519e-5
0.0 0.0 -8.565831028927649e-5
0.0 0.0 -7.539993108134523e-5
0.0 0.0 -6.524991357404503e-5
0.0 0.0 -5.541453996640321e-5
0.0 0.0 -4.138686118967209e-5
0.0 0.0 -2.7976315864999546e-5
0.0 0.0 -1.5966374367903373e-5
0.0 0.0 -1.0742333316972665e-5
0.0 0.0 -5.758089064664298e-6

VECTORS Ftot float
-0.029723813432463237 -0.05295713696685278 0.030216533710819803
-0.0472838301356331 -0.07468195179670538 0.04776759966269659
-0.06157585753314653 -0.09309327090234375 0.06647152118889586
-0.07482015693961606 -0.1104063517469338 0.08687114165443895
-0.08748612007222403 -0.1271223672072063 0.10910538560106163
-0.09973192355678949 -0.14335667218974554 0.13315578075520162
-0.111558749621432 -0.159118844431799 0.15898595807741323
-0.12292617655820975 -0.17436777202193696 0.18652554959777587
-0.13377684750685337 -0.18904641444376657 0.215684750051913
-0.14405125038857963 -0.20309656092147424 0.24635775682289285
-0.1536971969232576 -0.21646825851735227 0.2784246626490176
-0.16267696447553484 -0.22912687552260064 0.31175299454443084
-0.17097280460339528 -0.24105850756566546 0.34619950689116225
-0.17859049477261746 -0.252273408061328 0.3816125727888468
-0.18555597940182514 -0.2628024957252275 0.41783542757633807
-0.19193123475131335 -0.2727130813967739 0.454708385427412
-0.19776590907420905 -0.2820603742793491 0.4920770344265256
-0.20314342396225446 -0.2909334630340449 0.529788953815073
-0.20814153253787188 -0.2994157776477709 0.5677015026735159
-0.21283489952286444 -0.3075876082163763 0.6056828241357374
-0.21726600749736508 -0.3155108634605775 0.64362199062798
-0.2214925134253402 -0.323090925680334 0.681369954966893
-0.22561853545179494 -0.33075494218856777 0.7189059719045681
-0.22962194362941785 -0.33830529366546763 0.7560994785425845
-0.23352776742014716 -0.3457755801505571 0.792875593438023
-0.23734412826614296 -0.3531818961217735 0.8291702075452899
-0.2410806192833882 -0.36054106320798435 0.8649269046507829
-0.244683698951609 -0.3678060964717857 0.900101964921714
-0.24814809983419903 -0.37497801453970686 0.9346470842465332
-0.25143142900327653 -0.3820213174864311 0.968523423259133
-0.25440827201596505 -0.38878505815066405 1.0016983048253112
-0.2570629804558593 -0.39517969826368166 1.0340369533614824
-0.2594192410748165 -0.4015438266617152 1.0657337738601593
-0.26126478567207817 -0.4074268605105382 1.0965659005004427
-0.26251152759275276 -0.4127582172763091 1.1264908656504335
-0.26305887735968075 -0.41745525824041835 1.1554620036092507
-0.26278601733476054 -0.42141402992552435 1.1834261474764973
-0.2615521579613582 -0.4245178049586863 1.2102845473219166
-0.2592615919500413 -0.42664261957690325 1.2358981590559377
-0.2556027265269082 -0.4274972060613529 1.260324626836353
-0.2503535711155981 -0.42684811332251227 1.2833463044139388
-0.2431605139039158 -0.424316094343291 1.3048235102051056
-0.2335304615929167 -0.4193629405995149 1.324580893827941
-0.22074045874811418 -0.4112008414695257 1.3423897218688534
-0.20350682578915996 -0.39850502894524015 1.3579714150663136
-0.17986674089761567 -0.37923517916702554 1.3708826820123756
-0.14502237126236642 -0.34859532875092886 1.3807740133206168
-0.08554646607386013 -0.2931892818431421 1.3874977886521114
0.053677157271352305 -0.15795431153698686 1.39177649668326
0.8080627632683085 0.592474506295103 1.3967494189972132
0.8081435131846728 -0.5926136497391359 1.3967104499860925
0.05374014089696463 0.15786734865672325 1.3917960787268973
-0.08550358493759858 0.2931384653292841 1.387550201826368
-0.14500254120007777 0.34858162202898857 1.3808463007720326
-0.17987877440807026 0.37927999008796126 1.3709730083068847
-0.20356584155045224 0.39864888743581545 1.3580875127340821
-0.22074567989800262 0.41123987903453324 1.3424809662644301
-0.23355080568796588 0.4194002596843193 1.3246646557716761
-0.2431854626327087 0.4243507245890056 1.3049026219616005
-0.2503779520824193 0.4268789805988371 1.2834245637386883
-0.2556215161220745 0.42751849574126294 1.2604054394899398
-0.2592686276388707 0.42664307278018554 1.235984113536261
-0.26156545128947384 0.4245411627899079 1.2103549987958562
-0.2628067360888049 0.42144953208058017 1.1835000862021237
-0.26308016998604766 0.41748849161688584 1.1555330488028828
-0.2625338259621475 0.412791749690426 1.1265589704403238
-0.26128833677156454 0.4074640232099052 1.0966334197529892
-0.2594453201694732 0.40158976561135995 1.0658044145493322
-0.25709235724393964 0.3952396771295371 1.0341152876195543
-0.25442002844242595 0.38880869124419754 1.0017670558994962
-0.251440985790912 0.38204395963510096 0.968590767928663
-0.248166931946977 0.375012819117667 0.9347160463721519
-0.24470636308592078 0.3678462370201429 0.9001709992300789
-0.24110551828147833 0.36058460623307376 0.864995264987332
-0.23737098966405848 0.3532287953577367 0.8292375937252366
-0.23355745900598102 0.34582714769410233 0.7929418506958288
-0.22965493270279108 0.33836242542825573 0.7561646610401254
-0.22565494201782865 0.3308180243976962 0.7189703006691694
-0.22153133353644994 0.32315897938759913 0.681433944359865
-0.2172889464505213 0.3155433918971884 0.6436781876034939
-0.21286409500401404 0.3076222350262413 0.6057389936411038
-0.20817124181730245 0.29945219286490726 0.5677533074216552
-0.20317334763832287 0.29097093736483765 0.5298367256139385
-0.19779564782023995 0.28209816593251447 0.4921210575993525
-0.1919604811785527 0.2727506199976656 0.4547489077662542
-0.18558487839458032 0.2628397319078713 0.4178725979522035
-0.1786187172269243 0.25230987533115623 0.3816465690648584
-0.17100026258383266 0.24109402554685633 0.34623047212680635
-0.16270330949771722 0.22916103699828055 0.3117810991828095
-0.1537222059873854 0.21650080531746416 0.27845006522473564
-0.14407477373898958 0.20312732288285817 0.24638059556696523
-0.1337987808566675 0.1890752743134414 0.21570514067021035
-0.12294644517947652 0.17439464375597818 0.18654358472662672
-0.11157729998636014 0.15914366056979404 0.15900170480666628
-0.09974882833123362 0.1433794860529951 0.13316925273899183
-0.08750627773349984 0.1271378196472318 0.1091092662322748
-0.07483197475557754 0.11042259575681758 0.08687971184467078
-0.0615852403648644 0.09310712271634933 0.06647863633628613
-0.0472912323086461 0.07469297746272391 0.04777292536293666
-0.02972857617738167 0.05296497826778947 0.03022033926736068
-0.029723813432463237 -0.05295713696685278 0.030216533710819803
-0.0472838301356331 -0.07468195179670538 0.04776759966269659
-0.06157585753314653 -0.09309327090234375 0.06647152118889586
-0.07482015693961606 -0.1104063517469338 0.08687114165443895
-0.08748612007222403 -0.1271223672072063 0.10910538560106163
-0.09973192355678949 -0.14335667218974554 0.13315578075520162
-0.111558749621432 -0.159118844431799 0.15898595807741323
-0.12292617655820975 -0.17436777202193696 0.18652554959777587
-0.13377684750685337 -0.18904641444376657 0.215684750051913
-0.14405125038857963 -0.20309656092147424 0.24635775682289285
-0.1536971969232576 -0.21646825851735227 0.2784246626490176
-0.16267696447553484 -0.22912687552260064 0.31175299454443084
-0.17097280460339528 -0.24105850756566546 0.34619950689116225
-0.17859049477261746 -0.252273408061328 0.3816125727888468
-0.18555597940182514 -0.2628024957252275 0.41783542757633807
-0.19193123475131335 -0.2727130813967739 0.454708385427412
-0.19776590907420905 -0.2820603742793491 0.4920770344265256
-0.20314342396225446 -0.2909334630340449 0.529788953815073
-0.20814153253787188 -0.2994157776477709 0.5677015026735159
-0.21283489952286444 -0.3075876082163763 0.6056828241357374
-0.21726600749736508 -0.3155108634605775 0.64362199062798
-0.2214925134253402 -0.323090925680334 0.681369954966893
-0.22561853545179494 -0.33075494218856777 0.7189059719045681
-0.22962194362941785 -0.33830529366546763 0.7560994785425845
-0.23352776742014716 -0.3457755801505571 0.792875593438023
-0.23734412826614296 -0.3531818961217735 0.8291702075452899
-0.2410806192833882 -0.36054106320798435 0.8649269046507829
-0.244683698951609 -0.3678060964717857 0.900101964921714
-0.24814809983419903 -0.37497801453970686 0.9346470842465332
-0.25143142900327653 -0.3820213174864311 0.968523423259133
-0.25440827201596505 -0.38878505815066405 1.0016983048253112
-0.2570629804558593 -0.39517969826368166 1.0340369533614824
-0.2594192410748165 -0.4015438266617152 1.0657337738601593
-0.26126478567207817 -0.4074268605105382 1.0965659005004427
-0.26251152759275276 -0.4127582172763091 1.1264908656504335
-0.26305887735968075 -0.41745525824041835 1.1554620036092507
-0.26278601733476054 -0.42141402992552435 1.1834261474764973
-0.2615521579613582 -0.4245178049586863 1.2102845473219166
-0.2592615919500413 -0.42664261957690325 1.2358981590559377
-0.2556027265269082 -0.4274972060613529 1.260324626836353
-0.2503535711155981 -0.42684811332251227 1.2833463044139388
-0.2431605139039158 -0.424316094343291 1.3048235102051056
-0.2335304615929167 -0.4193629405995149 1.324580893827941
-0.22074045874811418 -0.4112008414695257 1.3423897218688534
-0.20350682578915996 -0.39850502894524015 1.3579714150663136
-0.17986674089761567 -0.37923517916702554 1.3708826820123756
-0.14502237126236642 -0.34859532875092886 1.3807740133206168
-0.08554646607386013 -0.2931892818431421 1.3874977886521114
0.053677157271352305 -0.15795431153698686 1.39177649668326
0.8080627632683085 0.592474506295103 1.3967494189972132
0.8081435131846728 -0.5926136497391359 1.3967104499860925
0.05374014089696463 0.15786734865672325 1.3917960787268973
-0.08550358493759858 0.2931384653292841 1.387550201826368
-0.14500254120007777 0.34858162202898857 1.3808463007720326
-0.17987877440807026 0.37927999008796126 1.3709730083068847
-0.20356584155045224 0.39864888743581545 1.3580875127340821
-0.22074567989800262 0.41123987903453324 1.3424809662644301
-0.23355080568796588 0.4194002596843193 1.3246646557716761
-0.2431854626327087 0.4243507245890056 1.3049026219616005
-0.2503779520824193 0.4268789805988371 1.2834245637386883
-0.2556215161220745 0.42751849574126294 1.2604054394899398
-0.2592686276388707 0.42664307278018554 1.235984113536261
-0.26156545128947384 0.4245411627899079 1.2103549987958562
-0.2628067360888049 0.42144953208058017 1.1835000862021237
-0.26308016998604766 0.41748849161688584 1.1555330488028828
-0.2625338259621475 0.412791749690426 1.1265589704403238
-0.26128833677156454 0.4074640232099052 1.0966334197529892
-0.2594453201694732 0.40158976561135995 1.0658044145493322
-0.25709235724393964 0.3952396771295371 1.0341152876195543
-0.25442002844242595 0.38880869124419754 1.0017670558994962
-0.251440985790912 0.38204395963510096 0.968590767928663
-0.248166931946977 0.375012819117667 0.9347160463721519
-0.24470636308592078 0.3678462370201429 0.9001709992300789
-0.24110551828147833 0.36058460623307376 0.864995264987332
-0.23737098966405848 0.3532287953577367 0.8292375937252366
-0.23355745900598102 0.34582714769410233 0.7929418506958288
-0.22965493270279108 0.33836242542825573 0.7561646610401254
-0.22565494201782865 0.3308180243976962 0.7189703006691694
-0.22153133353644994 0.32315897938759913 0.681433944359865
-0.2172889464505213 0.3155433918971884 0.6436781876034939
-0.21286409500401404 0.3076222350262413 0.6057389936411038
-0.20817124181730245 0.29945219286490726 0.5677533074216552
-0.20317334763832287 0.29097093736483765 0.5298367256139385
-0.19779564782023995 0.28209816593251447 0.4921210575993525
-0.1919604811785527 0.2727506199976656 0.4547489077662542
-0.18558487839458032 0.2628397319078713 0.4178725979522035
-0.1786187172269243 0.25230987533115623 0.3816465690648584
-0.17100026258383266 0.24109402554685633 0.34623047212680635
-0.16270330949771722 0.22916103699828055 0.3117810991828095
-0.1537222059873854 0.21650080531746416 0.27845006522473564
-0.14407477373898958 0.20312732288285817 0.24638059556696523
-0.1337987808566675 0.1890752743134414 0.21570514067021035
-0.12294644517947652 0.17439464375597818 0.18654358472662672
-0.11157729998636014 0.15914366056979404 0.15900170480666628
-0.09974882833123362 0.1433794860529951 0.13316925273899183
-0.08750627773349984 0.1271378196472318 0.1091092662322748
-0.07483197475557754 0.11042259575681758 0.08687971184467078
-0.0615852403648644 0.09310712271634933 0.06647863633628613
-0.0472912323086461 0.07469297746272391 0.04777292536293666
-0.02972857617738167 0.05296497826778947 0.03022033926736068

VECTORS Vvpm_AB float
-0.023374170943518825 0.15287923686496008 0.11826078564523132
-0.020108094301602715 0.1517092325129188 0.10971967955765874
-0.016422660515822113 0.15086796726675122 0.10019699213563221
-0.012342370683988843 0.14982825745074133 0.08957040717852578
-0.007984355275741872 0.14851432803244846 0.0785749484665179
-0.003253625458369262 0.14701963883867464 0.06598939150975684
0.0017029608481966276 0.14526290723600327 0.05268658410363766
0.006823848224570266 0.14322998756708177 0.038809934354594455
0.012047074471442876 0.1409114741267323 0.024507407669308118
0.017311629141368138 0.13830316721663063 0.00992872842907673
0.022558761663997617 0.1354062747948983 -0.004777514423588772
0.027733173362523008 0.13222735632642185 -0.019466729920333728
0.032784036351035425 0.128778031028218 -0.03400102628928792
0.037665795114739 0.12507448357290932 -0.04825162708149183
0.04233872116154455 0.12113680550610266 -0.062100889000890266
0.04676920507924766 0.11698821000855218 -0.07544382139773886
0.050929781519941784 0.1126541517339865 -0.08818902077265782
0.0547988895163157 0.10816137326943726 -0.10025894501080788
0.058360372280996185 0.10353688643534179 -0.11158945942862285
0.06160271709893246 0.09880688115143886 -0.12212858845554055
0.06443723587601245 0.09403794025720016 -0.131497662456797
0.06768261832054588 0.08966801951835238 -0.14338199863673493
0.06982758038666848 0.08463332228589594 -0.15025426960954605
0.07169676192881794 0.07960566182427427 -0.15644217232716298
0.07328524411816358 0.07459295013759826 -0.1618368764163222
0.074591012247626 0.06960046561117664 -0.16635594919817948
0.07561373660238443 0.06463093699694164 -0.16994191448585416
0.07635315469466347 0.05968484369156702 -0.1725569322332854
0.07680704691033655 0.05476101582178494 -0.174172419661286
0.07696884214314796 0.049857618506812876 -0.1747520377400988
0.07696456662984043 0.045079815122768284 -0.1748276103177293
0.07670568561062288 0.04023832609921518 -0.17566689082329534
0.07597500831905507 0.03550207115806183 -0.17208166866978655
0.0749470539536476 0.03077341051643416 -0.1681935720701745
0.07359586679351893 0.02610198731337163 -0.16375239862697352
0.07189855461783673 0.021552182255213475 -0.15852578090683958
0.06983948614959569 0.017208139033201914 -0.1523197430895508
0.06729745382161612 0.012945753354243904 -0.14484821788977173
0.06416954132541026 0.008820093868750661 -0.13658352067887156
0.06093191171715449 0.0054186016816495305 -0.12732783784474447
0.0572797409697826 0.0024905030881680387 -0.11727787368112498
0.05333303210099549 0.0002059981636188361 -0.10682513978272418
0.04929762355574399 -0.0012836784533042187 -0.09658536838809728
0.04546813210816022 -0.0019017670145455442 -0.08738037233676275
0.042129246698247344 -0.001769734573646967 -0.0796756470543272
0.03957717330913202 -0.0011474303149942734 -0.07434305202448918
0.037847768553234455 -0.0003902506795302558 -0.07123038989667113
0.03678766555672195 0.00018215710301248272 -0.06984374753844991
0.036136058309486366 0.00042151833206213805 -0.06946133056039644
0.035661903174196125 0.00034155271793896486 -0.06946069608510555
0.0355805060447766 -0.00034965658014044334 -0.07010808043647482
0.03608941441999108 -0.0005189938460438506 -0.0697312147470521
0.03676313458940447 -0.00033851868202167904 -0.0699341128283119
0.037821997020619044 0.0001982590575688144 -0.07115601190470978
0.03951222439461323 0.0009395404328765247 -0.07394262955955698
0.04196933953867798 0.0015667611797997782 -0.07861931238447914
0.04538092649426201 0.001736340699644283 -0.08694921189010625
0.04924470559545556 0.0010864976181692403 -0.09636389231119383
0.053296981525313696 -0.0004257069698132953 -0.10669580701465395
0.05725638480699097 -0.002733172367482918 -0.11718945477644674
0.06092979629405983 -0.0056936716874570244 -0.12729347876863178
0.06420937383283265 -0.009145521626893364 -0.13667828021352554
0.06722995181821358 -0.013137597475785027 -0.14469966674508458
0.06977219136681923 -0.01739937111127192 -0.15209856590768803
0.07183034129930141 -0.021740791146974282 -0.15834198415869752
0.0735232711185316 -0.026278621351985398 -0.16357472404946238
0.07486778403078509 -0.030936561423772508 -0.16797342945350577
0.07588624077277964 -0.035655119249894396 -0.17175379408387154
0.07660281693750177 -0.04038713768714377 -0.17515015924969107
0.07687663920278112 -0.04522508709427679 -0.1746185528714728
0.07685702687290856 -0.04997852062329396 -0.17451427618346965
0.07669444284140131 -0.05487790207291141 -0.17387521994989716
0.07623623265290419 -0.059798532700498216 -0.17222231587911824
0.07548910596316313 -0.06474054362678892 -0.16957379367833195
0.07445618058859026 -0.06970466055842064 -0.16594746088383333
0.07313912291047132 -0.07469085734871003 -0.16137605285271078
0.0715399742823532 -0.07969746483809349 -0.15591622948663403
0.06966260970929164 -0.08472063726037074 -0.14965273656244318
0.0675138263712942 -0.0897540818862456 -0.14269887054493835
0.06432683124932814 -0.09417936019024614 -0.13126118752431204
0.06153608225073376 -0.09901552600548705 -0.12198898797677142
0.05827547818566802 -0.10373074180672995 -0.11140968296533987
0.05469891667422696 -0.10834221593256259 -0.10004733883912503
0.050817798186524044 -0.1128237858813471 -0.0879525994061322
0.046648061038293345 -0.11714838647655046 -0.07518823679626968
0.04221098004516514 -0.12128917487164997 -0.06183048255901992
0.03753369563237515 -0.12522057149270976 -0.04796953553799381
0.03264947532239615 -0.12891922726960772 -0.03370932106720269
0.027597705360768617 -0.13236491152357627 -0.019166575674522207
0.022423611421593933 -0.13554130105266854 -0.004469336976456906
0.01717771375048471 -0.13843664028461475 0.01024507169389871
0.011915032940932227 -0.14104423601860663 0.02483246012971735
0.006694076248081826 -0.14336274926861783 0.03914447939498859
0.0015756487889005619 -0.14539625160254835 0.053031495013663034
-0.003378453272075567 -0.14715402400172792 0.06634549554212504
-0.008064649089592972 -0.14868091615725532 0.07827827161178944
-0.012488717056454726 -0.1499403732733109 0.08990358027602757
-0.016567160565075997 -0.15098112937362715 0.10051934307064875
-0.02024886783988228 -0.15182503324587313 0.11002193072256779
-0.023532775128337617 -0.15300729554903175 0.118565322113715
-0.023374170943518825 0.15287923686496008 0.11826078564523132
-0.020108094301602715 0.1517092325129188 0.10971967955765874
-0.016422660515822113 0.15086796726675122 0.10019699213563221
-0.012342370683988843 0.14982825745074133 0.08957040717852578
-0.007984355275741872 0.14851432803244846 0.0785749484665179
-0.003253625458369262 0.14701963883867464 0.06598939150975684
0.0017029608481966276 0.14526290723600327 0.05268658410363766
0.006823848224570266 0.14322998756708177 0.038809934354594455
0.012047074471442876 0.1409114741267323 0.024507407669308118
0.017311629141368138 0.13830316721663063 0.00992872842907673
0.022558761663997617 0.1354062747948983 -0.004777514423588772
0.027733173362523008 0.13222735632642185 -0.019466729920333728
0.032784036351035425 0.128778031028218 -0.03400102628928792
0.037665795114739 0.12507448357290932 -0.04825162708149183
0.04233872116154455 0.12113680550610266 -0.062100889000890266
0.04676920507924766 0.11698821000855218 -0.07544382139773886
0.050929781519941784 0.1126541517339865 -0.08818902077265782
0.0547988895163157 0.10816137326943726 -0.10025894501080788
0.058360372280996185 0.10353688643534179 -0.11158945942862285
0.06160271709893246 0.09880688115143886 -0.12212858845554055
0.06443723587601245 0.09403794025720016 -0.131497662456797
0.06768261832054588 0.08966801951835238 -0.14338199863673493
0.06982758038666848 0.08463332228589594 -0.15025426960954605
0.07169676192881794 0.07960566182427427 -0.15644217232716298
0.07328524411816358 0.07459295013759826 -0.1618368764163222
0.074591012247626 0.06960046561117664 -0.16635594919817948
0.07561373660238443 0.06463093699694164 -0.16994191448585416
0.07635315469466347 0.05968484369156702 -0.1725569322332854
0.07680704691033655 0.05476101582178494 -0.174172419661286
0.07696884214314796 0.049857618506812876 -0.1747520377400988
0.07696456662984043 0.045079815122768284 -0.1748276103177293
0.07670568561062288 0.04023832609921518 -0.17566689082329534
0.07597500831905507 0.03550207115806183 -0.17208166866978655
0.0749470539536476 0.03077341051643416 -0.1681935720701745
0.07359586679351893 0.02610198731337163 -0.16375239862697352
0.07189855461783673 0.021552182255213475 -0.15852578090683958
0.06983948614959569 0.017208139033201914 -0.1523197430895508
0.06729745382161612 0.012945753354243904 -0.14484821788977173
0.06416954132541026 0.008820093868750661 -0.13658352067887156
0.06093191171715449 0.0054186016816495305 -0.12732783784474447
0.0572797409697826 0.0024905030881680387 -0.11727787368112498
0.05333303210099549 0.0002059981636188361 -0.10682513978272418
0.04929762355574399 -0.0012836784533042187 -0.09658536838809728
0.04546813210816022 -0.0019017670145455442 -0.08738037233676275
0.042129246698247344 -0.001769734573646967 -0.0796756470543272
0.03957717330913202 -0.0011474303149942734 -0.07434305202448918
0.037847768553234455 -0.0003902506795302558 -0.07123038989667113
0.03678766555672195 0.00018215710301248272 -0.06984374753844991
0.036136058309486366 0.00042151833206213805 -0.06946133056039644
0.035661903174196125 0.00034155271793896486 -0.06946069608510555
0.0355805060447766 -0.00034965658014044334 -0.07010808043647482
0.03608941441999108 -0.0005189938460438506 -0.0697312147470521
0.03676313458940447 -0.00033851868202167904 -0.0699341128283119
0.037821997020619044 0.0001982590575688144 -0.07115601190470978
0.03951222439461323 0.0009395404328765247 -0.07394262955955698
0.04196933953867798 0.0015667611797997782 -0.07861931238447914
0.04538092649426201 0.001736340699644283 -0.08694921189010625
0.04924470559545556 0.0010864976181692403 -0.09636389231119383
0.053296981525313696 -0.0004257069698132953 -0.10669580701465395
0.05725638480699097 -0.002733172367482918 -0.11718945477644674
0.06092979629405983 -0.0056936716874570244 -0.12729347876863178
0.06420937383283265 -0.009145521626893364 -0.13667828021352554
0.06722995181821358 -0.013137597475785027 -0.14469966674508458
0.06977219136681923 -0.01739937111127192 -0.15209856590768803
0.07183034129930141 -0.021740791146974282 -0.15834198415869752
0.0735232711185316 -0.026278621351985398 -0.16357472404946238
0.07486778403078509 -0.030936561423772508 -0.16797342945350577
0.07588624077277964 -0.035655119249894396 -0.17175379408387154
0.07660281693750177 -0.04038713768714377 -0.17515015924969107
0.07687663920278112 -0.04522508709427679 -0.1746185528714728
0.07685702687290856 -0.04997852062329396 -0.17451427618346965
0.07669444284140131 -0.05487790207291141 -0.17387521994989716
0.07623623265290419 -0.059798532700498216 -0.17222231587911824
0.07548910596316313 -0.06474054362678892 -0.16957379367833195
0.07445618058859026 -0.06970466055842064 -0.16594746088383333
0.07313912291047132 -0.07469085734871003 -0.16137605285271078
0.0715399742823532 -0.07969746483809349 -0.15591622948663403
0.06966260970929164 -0.08472063726037074 -0.14965273656244318
0.0675138263712942 -0.0897540818862456 -0.14269887054493835
0.06432683124932814 -0.09417936019024614 -0.13126118752431204
0.06153608225073376 -0.09901552600548705 -0.12198898797677142
0.05827547818566802 -0.10373074180672995 -0.11140968296533987
0.05469891667422696 -0.10834221593256259 -0.10004733883912503
0.050817798186524044 -0.1128237858813471 -0.0879525994061322
0.046648061038293345 -0.11714838647655046 -0.07518823679626968
0.04221098004516514 -0.12128917487164997 -0.06183048255901992
0.03753369563237515 -0.12522057149270976 -0.04796953553799381
0.03264947532239615 -0.12891922726960772 -0.03370932106720269
0.027597705360768617 -0.13236491152357627 -0.019166575674522207
0.022423611421593933 -0.13554130105266854 -0.004469336976456906
0.01717771375048471 -0.13843664028461475 0.01024507169389871
0.011915032940932227 -0.14104423601860663 0.02483246012971735
0.006694076248081826 -0.14336274926861783 0.03914447939498859
0.0015756487889005619 -0.14539625160254835 0.053031495013663034
-0.003378453272075567 -0.14715402400172792 0.06634549554212504
-0.008064649089592972 -0.14868091615725532 0.07827827161178944
-0.012488717056454726 -0.1499403732733109 0.08990358027602757
-0.016567160565075997 -0.15098112937362715 0.10051934307064875
-0.02024886783988228 -0.15182503324587313 0.11002193072256779
-0.023532775128337617 -0.15300729554903175 0.118565322113715