# vtk DataFile Version 4.0
[MyVLM domain - lattices] 
ASCII
DATASET UNSTRUCTURED_GRID
POINTS 302 float
1.2444999999999997 -1.2445 0.0
1.2399745454545452 -1.2399745454545454 0.0
1.2346178849721705 -1.2346178849721707 0.0
1.2284300185528754 -1.2284300185528756 0.0
1.2214109461966602 -1.2214109461966605 0.0
1.2135606679035247 -1.213560667903525 0.0
1.2048791836734691 -1.2048791836734694 0.0
1.1953664935064932 -1.1953664935064934 0.0
1.1850225974025972 -1.1850225974025974 0.0
1.1738474953617808 -1.173847495361781 0.0
1.1618411873840442 -1.1618411873840444 0.0
1.1490036734693874 -1.1490036734693876 0.0
1.1353349536178106 -1.1353349536178108 0.0
1.1208350278293133 -1.1208350278293135 0.0
1.1055038961038959 -1.105503896103896 0.0
1.0893415584415582 -1.0893415584415584 0.0
1.0723480148423004 -1.0723480148423006 0.0
1.054523265306122 -1.0545232653061223 0.0
1.0358673098330238 -1.035867309833024 0.0
1.0163801484230053 -1.0163801484230055 0.0
0.9960617810760664 -0.9960617810760668 0.0
0.9749122077922076 -0.9749122077922077 0.0
0.9529314285714284 -0.9529314285714284 0.0
0.9301194434137288 -0.930119443413729 0.0
0.9064762523191091 -0.9064762523191096 0.0
0.8820018552875695 -0.8820018552875695 0.0
0.8566962523191093 -0.8566962523191094 0.0
0.8305594434137288 -0.8305594434137291 0.0
0.8035914285714284 -0.8035914285714285 0.0
0.7757922077922076 -0.7757922077922077 0.0
0.7471617810760666 -0.7471617810760667 0.0
0.7177001484230053 -0.7177001484230054 0.0
0.6874073098330239 -0.687407309833024 0.0
0.6562832653061222 -0.6562832653061225 0.0
0.6243280148423004 -0.6243280148423005 0.0
0.5915415584415582 -0.5915415584415583 0.0
0.5579238961038958 -0.5579238961038959 0.0
0.5234750278293133 -0.5234750278293134 0.0
0.48819495361781057 -0.48819495361781057 0.0
0.4520836734693877 -0.4520836734693877 0.0
0.4151411873840445 -0.4151411873840446 0.0
0.37736749536178105 -0.37736749536178116 0.0
0.3387625974025974 -0.3387625974025974 0.0
0.2993264935064933 -0.29932649350649343 0.0
0.25905918367346925 -0.25905918367346925 0.0
0.21796066790352486 -0.21796066790352486 0.0
0.17603094619666027 -0.1760309461966605 0.0
0.13327001855287546 -0.13327001855287568 0.0
0.08967788497217066 -0.08967788497217066 0.0
0.045254545454545436 -0.045254545454545436 0.0
0.0 0.0 0.0
0.04525454545454545 0.04525454545454546 0.0
0.08967788497217066 0.08967788497217068 0.0
0.13327001855287568 0.1332700185528757 0.0
0.17603094619666046 0.1760309461966605 0.0
0.21796066790352497 0.21796066790352508 0.0
0.2590591836734693 0.25905918367346936 0.0
0.29932649350649343 0.2993264935064935 0.0
0.3387625974025973 0.33876259740259734 0.0
0.37736749536178094 0.377367495361781 0.0
0.41514118738404443 0.4151411873840445 0.0
0.45208367346938766 0.4520836734693878 0.0
0.48819495361781057 0.4881949536178107 0.0
0.5234750278293133 0.5234750278293134 0.0
0.5579238961038959 0.557923896103896 0.0
0.5915415584415582 0.5915415584415583 0.0
0.6243280148423003 0.6243280148423004 0.0
0.6562832653061222 0.6562832653061225 0.0
0.687407309833024 0.6874073098330241 0.0
0.7177001484230054 0.7177001484230056 0.0
0.7471617810760667 0.7471617810760669 0.0
0.7757922077922076 0.7757922077922077 0.0
0.8035914285714284 0.8035914285714285 0.0
0.8305594434137288 0.830559443413729 0.0
0.8566962523191093 0.8566962523191094 0.0
0.8820018552875692 0.8820018552875695 0.0
0.9064762523191091 0.9064762523191093 0.0
0.9301194434137288 0.9301194434137292 0.0
0.9529314285714284 0.9529314285714284 0.0
0.9749122077922076 0.9749122077922077 0.0
0.9960617810760666 0.9960617810760668 0.0
1.0163801484230053 1.0163801484230055 0.0
1.0358673098330238 1.035867309833024 0.0
1.054523265306122 1.0545232653061223 0.0
1.0723480148423001 1.0723480148423004 0.0
1.0893415584415582 1.0893415584415584 0.0
1.1055038961038959 1.105503896103896 0.0
1.120835027829313 1.1208350278293133 0.0
1.1353349536178106 1.1353349536178106 0.0
1.1490036734693874 1.1490036734693876 0.0
1.1618411873840444 1.1618411873840446 0.0
1.1738474953617808 1.173847495361781 0.0
1.1850225974025972 1.1850225974025972 0.0
1.1953664935064932 1.1953664935064934 0.0
1.2048791836734691 1.2048791836734694 0.0
1.2135606679035245 1.2135606679035247 0.0
1.22141094619666 1.2214109461966602 0.0
1.2284300185528754 1.2284300185528756 0.0
1.2346178849721703 1.2346178849721705 0.0
1.2399745454545452 1.2399745454545454 0.0
1.2444999999999997 1.2445 0.0
1.7422999999999997 -1.2445 0.0
1.7377745454545452 -1.2399745454545454 0.0
1.7324178849721703 -1.2346178849721707 0.0
1.7262300185528754 -1.2284300185528756 0.0
1.7192109461966603 -1.2214109461966605 0.0
1.7113606679035245 -1.213560667903525 0.0
1.7026791836734692 -1.2048791836734694 0.0
1.6931664935064934 -1.1953664935064934 0.0
1.6828225974025972 -1.1850225974025974 0.0
1.6716474953617806 -1.173847495361781 0.0
1.6596411873840444 -1.1618411873840444 0.0
1.6468036734693878 -1.1490036734693876 0.0
1.6331349536178106 -1.1353349536178108 0.0
1.6186350278293133 -1.1208350278293135 0.0
1.603303896103896 -1.105503896103896 0.0
1.5871415584415582 -1.0893415584415584 0.0
1.5701480148423004 -1.0723480148423006 0.0
1.552323265306122 -1.0545232653061223 0.0
1.5336673098330238 -1.035867309833024 0.0
1.5141801484230053 -1.0163801484230055 0.0
1.4938617810760666 -0.9960617810760668 0.0
1.4727122077922075 -0.9749122077922077 0.0
1.4507314285714283 -0.9529314285714284 0.0
1.4279194434137288 -0.930119443413729 0.0
1.4042762523191092 -0.9064762523191096 0.0
1.3798018552875693 -0.8820018552875695 0.0
1.3544962523191093 -0.8566962523191094 0.0
1.328359443413729 -0.8305594434137291 0.0
1.3013914285714283 -0.8035914285714285 0.0
1.2735922077922077 -0.7757922077922077 0.0
1.2449617810760665 -0.7471617810760667 0.0
1.2155001484230055 -0.7177001484230054 0.0
1.1852073098330238 -0.687407309833024 0.0
1.1540832653061224 -0.6562832653061225 0.0
1.1221280148423003 -0.6243280148423005 0.0
1.0893415584415582 -0.5915415584415583 0.0
1.055723896103896 -0.5579238961038959 0.0
1.0212750278293132 -0.5234750278293134 0.0
0.9859949536178108 -0.48819495361781057 0.0
0.9498836734693876 -0.4520836734693877 0.0
0.9129411873840445 -0.4151411873840446 0.0
0.875167495361781 -0.37736749536178116 0.0
0.8365625974025973 -0.3387625974025974 0.0
0.7971264935064933 -0.29932649350649343 0.0
0.7568591836734693 -0.25905918367346925 0.0
0.7157606679035249 -0.21796066790352486 0.0
0.6738309461966603 -0.1760309461966605 0.0
0.6310700185528755 -0.13327001855287568 0.0
0.5874778849721707 -0.08967788497217066 0.0
0.5430545454545455 -0.045254545454545436 0.0
0.4978 0.0 0.0
0.5430545454545455 0.04525454545454546 0.0
0.5874778849721707 0.08967788497217068 0.0
0.6310700185528757 0.1332700185528757 0.0
0.6738309461966605 0.1760309461966605 0.0
0.715760667903525 0.21796066790352508 0.0
0.7568591836734693 0.25905918367346936 0.0
0.7971264935064934 0.2993264935064935 0.0
0.8365625974025973 0.33876259740259734 0.0
0.875167495361781 0.377367495361781 0.0
0.9129411873840445 0.4151411873840445 0.0
0.9498836734693876 0.4520836734693878 0.0
0.9859949536178105 0.4881949536178107 0.0
1.0212750278293132 0.5234750278293134 0.0
1.055723896103896 0.557923896103896 0.0
1.0893415584415582 0.5915415584415583 0.0
1.1221280148423003 0.6243280148423004 0.0
1.1540832653061224 0.6562832653061225 0.0
1.185207309833024 0.6874073098330241 0.0
1.2155001484230055 0.7177001484230056 0.0
1.2449617810760667 0.7471617810760669 0.0
1.2735922077922077 0.7757922077922077 0.0
1.3013914285714283 0.8035914285714285 0.0
1.3283594434137287 0.830559443413729 0.0
1.3544962523191093 0.8566962523191094 0.0
1.3798018552875693 0.8820018552875695 0.0
1.4042762523191092 0.9064762523191093 0.0
1.427919443413729 0.9301194434137292 0.0
1.4507314285714283 0.9529314285714284 0.0
1.4727122077922075 0.9749122077922077 0.0
1.4938617810760666 0.9960617810760668 0.0
1.5141801484230053 1.0163801484230055 0.0
1.5336673098330238 1.035867309833024 0.0
1.552323265306122 1.0545232653061223 0.0
1.5701480148423002 1.0723480148423004 0.0
1.5871415584415582 1.0893415584415584 0.0
1.603303896103896 1.105503896103896 0.0
1.6186350278293131 1.1208350278293133 0.0
1.6331349536178106 1.1353349536178106 0.0
1.6468036734693874 1.1490036734693876 0.0
1.6596411873840444 1.1618411873840446 0.0
1.6716474953617806 1.173847495361781 0.0
1.6828225974025972 1.1850225974025972 0.0
1.6931664935064934 1.1953664935064934 0.0
1.7026791836734692 1.2048791836734694 0.0
1.7113606679035245 1.2135606679035247 0.0
1.71921094619666 1.2214109461966602 0.0
1.7262300185528754 1.2284300185528756 0.0
1.7324178849721703 1.2346178849721705 0.0
1.7377745454545452 1.2399745454545454 0.0
1.7422999999999997 1.2445 0.0
1.6155872727272724 -1.2422372727272726 0.0
1.6106462152133578 -1.237296215213358 0.0
1.604873951762523 -1.2315239517625232 0.0
1.598270482374768 -1.224920482374768 0.0
1.5908358070500925 -1.2174858070500927 0.0
1.582569925788497 -1.2092199257884972 0.0
1.5734728385899812 -1.2001228385899814 0.0
1.5635445454545454 -1.1901945454545453 0.0
1.552785046382189 -1.1794350463821892 0.0
1.5411943413729126 -1.1678443413729127 0.0
1.5287724304267158 -1.155422430426716 0.0
1.5155193135435991 -1.142169313543599 0.0
1.501434990723562 -1.1280849907235622 0.0
1.4865194619666047 -1.1131694619666048 0.0
1.4707727272727271 -1.0974227272727273 0.0
1.4541947866419294 -1.0808447866419293 0.0
1.4367856400742112 -1.0634356400742113 0.0
1.418545287569573 -1.0451952875695731 0.0
1.3994737291280146 -1.0261237291280147 0.0
1.379570964749536 -1.0062209647495362 0.0
1.358836994434137 -0.9854869944341371 0.0
1.337271818181818 -0.9639218181818181 0.0
1.3148754359925787 -0.9415254359925787 0.0
1.291647847866419 -0.9182978478664192 0.0
1.2675890538033394 -0.8942390538033393 0.0
1.2426990538033393 -0.8693490538033395 0.0
1.2169778478664193 -0.8436278478664192 0.0
1.1904254359925788 -0.8170754359925788 0.0
1.163041818181818 -0.7896918181818181 0.0
1.1348269944341371 -0.7614769944341371 0.0
1.105780964749536 -0.7324309647495362 0.0
1.0759037291280147 -0.7025537291280148 0.0
1.0451952875695731 -0.6718452875695733 0.0
1.0136556400742114 -0.6403056400742114 0.0
0.9812847866419293 -0.6079347866419293 0.0
0.9480827272727271 -0.5747327272727272 0.0
0.9140494619666047 -0.5406994619666048 0.0
0.8791849907235622 -0.5058349907235622 0.0
0.8434893135435992 -0.47013931354359917 0.0
0.8069624304267162 -0.43361243042671627 0.0
0.7696043413729128 -0.3962543413729128 0.0
0.7314150463821893 -0.3580650463821894 0.0
0.6923945454545455 -0.3190445454545454 0.0
0.6525428385899814 -0.27919283858998134 0.0
0.6118599257884971 -0.23850992578849706 0.0
0.5703458070500929 -0.19699580705009279 0.0
0.5280004823747682 -0.15465048237476808 0.0
0.4848239517625232 -0.11147395176252317 0.0
0.4408162152133581 -0.06746621521335805 0.0
0.39597727272727273 -0.022627272727272718 0.0
0.39597727272727273 0.02262727272727273 0.0
0.4408162152133581 0.06746621521335806 0.0
0.4848239517625232 0.11147395176252319 0.0
0.528000482374768 0.15465048237476808 0.0
0.5703458070500929 0.19699580705009276 0.0
0.6118599257884971 0.23850992578849717 0.0
0.6525428385899814 0.2791928385899814 0.0
0.6923945454545455 0.3190445454545454 0.0
0.7314150463821891 0.3580650463821891 0.0
0.7696043413729128 0.39625434137291277 0.0
0.8069624304267162 0.43361243042671616 0.0
0.8434893135435992 0.4701393135435992 0.0
0.8791849907235619 0.5058349907235621 0.0
0.9140494619666046 0.5406994619666047 0.0
0.9480827272727271 0.5747327272727272 0.0
0.9812847866419294 0.6079347866419295 0.0
1.0136556400742114 0.6403056400742114 0.0
1.0451952875695731 0.6718452875695732 0.0
1.0759037291280147 0.7025537291280147 0.0
1.105780964749536 0.7324309647495362 0.0
1.1348269944341371 0.7614769944341373 0.0
1.163041818181818 0.789691818181818 0.0
1.1904254359925786 0.8170754359925786 0.0
1.216977847866419 0.843627847866419 0.0
1.2426990538033393 0.8693490538033394 0.0
1.2675890538033392 0.8942390538033393 0.0
1.291647847866419 0.9182978478664192 0.0
1.3148754359925787 0.9415254359925787 0.0
1.3372718181818182 0.9639218181818181 0.0
1.3588369944341372 0.9854869944341373 0.0
1.379570964749536 1.0062209647495362 0.0
1.3994737291280148 1.0261237291280147 0.0
1.418545287569573 1.0451952875695731 0.0
1.4367856400742112 1.0634356400742113 0.0
1.4541947866419291 1.0808447866419293 0.0
1.470772727272727 1.097422727272727 0.0
1.4865194619666047 1.1131694619666048 0.0
1.501434990723562 1.128084990723562 0.0
1.5155193135435991 1.1421693135435993 0.0
1.528772430426716 1.1554224304267162 0.0
1.5411943413729128 1.1678443413729127 0.0
1.5527850463821888 1.179435046382189 0.0
1.5635445454545451 1.1901945454545453 0.0
1.573472838589981 1.2001228385899811 0.0
1.5825699257884969 1.209219925788497 0.0
1.5908358070500925 1.2174858070500927 0.0
1.5982704823747678 1.224920482374768 0.0
1.604873951762523 1.2315239517625232 0.0
1.6106462152133578 1.237296215213358 0.0
1.6155872727272724 1.2422372727272726 0.0

CELLS 200 700
4 0 101 102 1
4 1 102 103 2
4 2 103 104 3
4 3 104 105 4
4 4 105 106 5
4 5 106 107 6
4 6 107 108 7
4 7 108 109 8
4 8 109 110 9
4 9 110 111 10
4 10 111 112 11
4 11 112 113 12
4 12 113 114 13
4 13 114 115 14
4 14 115 116 15
4 15 116 117 16
4 16 117 118 17
4 17 118 119 18
4 18 119 120 19
4 19 120 121 20
4 20 121 122 21
4 21 122 123 22
4 22 123 124 23
4 23 124 125 24
4 24 125 126 25
4 25 126 127 26
4 26 127 128 27
4 27 128 129 28
4 28 129 130 29
4 29 130 131 30
4 30 131 132 31
4 31 132 133 32
4 32 133 134 33
4 33 134 135 34
4 34 135 136 35
4 35 136 137 36
4 36 137 138 37
4 37 138 139 38
4 38 139 140 39
4 39 140 141 40
4 40 141 142 41
4 41 142 143 42
4 42 143 144 43
4 43 144 145 44
4 44 145 146 45
4 45 146 147 46
4 46 147 148 47
4 47 148 149 48
4 48 149 150 49
4 49 150 151 50
4 50 151 152 51
4 51 152 153 52
4 52 153 154 53
4 53 154 155 54
4 54 155 156 55
4 55 156 157 56
4 56 157 158 57
4 57 158 159 58
4 58 159 160 59
4 59 160 161 60
4 60 161 162 61
4 61 162 163 62
4 62 163 164 63
4 63 164 165 64
4 64 165 166 65
4 65 166 167 66
4 66 167 168 67
4 67 168 169 68
4 68 169 170 69
4 69 170 171 70
4 70 171 172 71
4 71 172 173 72
4 72 173 174 73
4 73 174 175 74
4 74 175 176 75
4 75 176 177 76
4 76 177 178 77
4 77 178 179 78
4 78 179 180 79
4 79 180 181 80
4 80 181 182 81
4 81 182 183 82
4 82 183 184 83
4 83 184 185 84
4 84 185 186 85
4 85 186 187 86
4 86 187 188 87
4 87 188 189 88
4 88 189 190 89
4 89 190 191 90
4 90 191 192 91
4 91 192 193 92
4 92 193 194 93
4 93 194 195 94
4 94 195 196 95
4 95 196 197 96
4 96 197 198 97
4 97 198 199 98
4 98 199 200 99
4 99 200 201 100
1 202
1 203
1 204
1 205
1 206
1 207
1 208
1 209
1 210
1 211
1 212
1 213
1 214
1 215
1 216
1 217
1 218
1 219
1 220
1 221
1 222
1 223
1 224
1 225
1 226
1 227
1 228
1 229
1 230
1 231
1 232
1 233
1 234
1 235
1 236
1 237
1 238
1 239
1 240
1 241
1 242
1 243
1 244
1 245
1 246
1 247
1 248
1 249
1 250
1 251
1 252
1 253
1 254
1 255
1 256
1 257
1 258
1 259
1 260
1 261
1 262
1 263
1 264
1 265
1 266
1 267
1 268
1 269
1 270
1 271
1 272
1 273
1 274
1 275
1 276
1 277
1 278
1 279
1 280
1 281
1 282
1 283
1 284
1 285
1 286
1 287
1 288
1 289
1 290
1 291
1 292
1 293
1 294
1 295
1 296
1 297
1 298
1 299
1 300
1 301

CELL_TYPES 200
9
9
9
9
9
9
9
9
9
9
9
9
9
9
9
9
9
9
9
9
9
9
9
9
9
9
9
9
9
9
9
9
9
9
9
9
9
9
9
9
9
9
9
9
9
9
9
9
9
9
9
9
9
9
9
9
9
9
9
9
9
9
9
9
9
9
9
9
9
9
9
9
9
9
9
9
9
9
9
9
9
9
9
9
9
9
9
9
9
9
9
9
9
9
9
9
9
9
9
9
1
1
1
1
1
1
1
1
1
1
1
1
1
1
1
1
1
1
1
1
1
1
1
1
1
1
1
1
1
1
1
1
1
1
1
1
1
1
1
1
1
1
1
1
1
1
1
1
1
1
1
1
1
1
1
1
1
1
1
1
1
1
1
1
1
1
1
1
1
1
1
1
1
1
1
1
1
1
1
1
1
1
1
1
1
1
1
1
1
1
1
1
1
1
1
1
1
1
1
1

CELL_DATA 200

VECTORS Vinf float
8.887145035534415 0.2088964475002666 4.849365618967533
8.902806686686159 0.21533553153059212 4.8132084792931
8.920357555492753 0.22174152967733393 4.772345373379139
8.939416141623424 0.22770568752383566 4.7275028124564455
8.959553733212275 0.23284962559691888 4.679506086037793
8.980318086341738 0.23685809078063683 4.629234570901729
9.001262267815697 0.23950456915900548 4.577567319793395
9.021973176144659 0.24066396738679072 4.52533035143411
9.042093907506024 0.24030941867677025 4.4732574510930645
9.061337564821708 0.23969468546886089 4.4217071350889645
9.079595081904655 0.23596735186407317 4.371900681061705
9.096457805763093 0.2314771365049734 4.323868014851085
9.1120411262896 0.22599787880740493 4.2777975169679205
9.126298987355556 0.21968073513266348 4.233957997872283
9.139221715078158 0.212667773205162 4.192562223677855
9.150831052308819 0.20509325042883614 4.153763036927878
9.161177529585002 0.19708778391016302 4.117643268600063
9.17031978873131 0.18878613559662685 4.084313443524008
9.178187667188057 0.18012047298403389 4.054246699345943
9.18502329408772 0.17136179757022632 4.026798932928639
9.190873800923146 0.16256517128462036 4.002006291596218
9.195808066943068 0.1537961522584655 3.9798094628453993
9.199924206869603 0.14514008216427632 3.9600321882895266
9.203254750079664 0.13692542503724295 3.94243649475179
9.20565468448751 0.1282881483402362 3.928444975291875
9.2075083197341 0.11995071401370314 3.9161805709124398
9.208851494276583 0.11190400916036505 3.9055896417901255
9.209655644076028 0.10408822941274933 3.8972840197013654
9.210083474182746 0.09652246688642618 3.8901233023927357
9.210043836406932 0.0891409126542943 3.885151402771027
9.209665890776716 0.08199517848487922 3.8815795912559423
9.209216432294001 0.07558589172344096 3.8802023275588535
9.207895331569405 0.06882817039838553 3.8797474652938515
9.206451184508138 0.06179994939297318 3.8820924144733775
9.20480617586501 0.05487081547100111 3.8856679590661036
9.202919128988347 0.04796465825282129 3.8905679789940057
9.200700104381315 0.040993684663430306 3.896927782690152
9.198003949325239 0.03385609024850325 3.904995889939412
9.195375563167376 0.026594965775757283 3.9131623759832403
9.191046705245512 0.019373034080034966 3.9249155503606286
9.186305559030227 0.011852663814325376 3.9387684216969583
9.180381480319936 0.004270331945619347 3.955505449255073
9.172959619169516 -0.0031943422670982803 3.975909637653148
9.163700063198878 -0.010181293791855891 4.000712592565215
9.152732891391786 -0.01635413767750825 4.029932578170496
9.139037984913879 -0.02002360308478745 4.064643669712634
9.125544762413478 -0.020080974023818726 4.09666671144802
9.115373280912747 -0.015432380465224584 4.118603214512556
9.11160511186091 -0.007960913059391552 4.123697626058946
9.112922783182103 -0.0019446904335885555 4.116234958063002
9.112873339934286 0.0013840452804064663 4.116591289029555
9.111544239198649 0.00740655062387992 4.124090864854592
9.115331627952456 0.014863476796027692 4.118902157865391
9.12553027868827 0.019493035684715887 4.096813279259881
9.139049514436268 0.01942272089803896 4.064603515808357
9.15268536536329 0.015652663076709834 4.029931285457631
9.163761339700155 0.009607308203907183 4.000638710680915
9.173030781750022 0.002623523276711448 3.9757783643576396
9.180467499378459 -0.004836493056981469 3.9553486214699807
9.186400852559016 -0.012405792400312246 3.9386496251077165
9.191133958256614 -0.019894864491323473 3.9249422826655604
9.19542999777453 -0.027252509664580617 3.9127961023059012
9.198036980018896 -0.03433792865617327 3.905004327626467
9.200756734433568 -0.041482413254718326 3.8970014349095723
9.202988128680467 -0.048460723881163334 3.8907095351174683
9.204877989496817 -0.055372356788076366 3.885874723959069
9.206520677544201 -0.062304996382356884 3.8823481797688517
9.207963461718114 -0.06933632438896953 3.8800167640353274
9.20928058624787 -0.07620653681491424 3.8803324304020514
9.209830421321792 -0.08272032492124218 3.881418283799717
9.210209951795505 -0.08986247596923357 3.8850317277233244
9.210253851315736 -0.09724266814995369 3.8900356084308654
9.209830848451405 -0.10480724755360042 3.8972244761701935
9.20902994500073 -0.11262016049149605 3.905562050616296
9.207687848973674 -0.12066190018009723 3.916189708248331
9.205833174195659 -0.1289923938861856 3.928494747247268
9.20342993109505 -0.13762062005402717 3.9425321392127355
9.200060254789005 -0.1459261621125686 3.960143375313
9.195959419614839 -0.15459754377293458 3.9798807688407782
9.19103721363757 -0.16337825720973145 4.002048882241649
9.185196425749709 -0.17218355946426303 4.026819927310868
9.178368990117036 -0.18094845745263977 4.054249699145819
9.17050851799686 -0.1896184202032823 4.0842990272419595
9.161368543470108 -0.19791856017032478 4.117628994007962
9.151028472495115 -0.20592448725904725 4.153727202002783
9.139425267375687 -0.213497852083674 4.192505413239165
9.126508141661889 -0.22050782547263323 4.2338814583227835
9.112255113490932 -0.2268200118229307 4.277703252503829
9.09667565571058 -0.23229228577387126 4.323758754550384
9.079815678291764 -0.23677351799654672 4.371779750276897
9.061593644882928 -0.2405446095184083 4.421452202452381
9.042371240911187 -0.24119271527861535 4.473069387426822
9.022256496423338 -0.2415439429933533 4.525150708921762
9.001553054528836 -0.2403828017831404 4.5773890795578644
8.980617197418459 -0.23773568195046033 4.629053416677059
8.959861519835519 -0.23372731222117793 4.679319716281306
8.93973254676038 -0.2285839325301072 4.727310355665685
8.920682197691066 -0.2226205931807862 4.772146906590581
8.903138931021374 -0.21621552537949798 4.813004645915711
8.887484053341042 -0.20977737642264987 4.849157339481676
8.887145035534415 0.2088964475002666 4.849365618967533
8.902806686686159 0.21533553153059212 4.8132084792931
8.920357555492753 0.22174152967733393 4.772345373379139
8.939416141623424 0.22770568752383566 4.7275028124564455
8.959553733212275 0.23284962559691888 4.679506086037793
8.980318086341738 0.23685809078063683 4.629234570901729
9.001262267815697 0.23950456915900548 4.577567319793395
9.021973176144659 0.24066396738679072 4.52533035143411
9.042093907506024 0.24030941867677025 4.4732574510930645
9.061337564821708 0.23969468546886089 4.4217071350889645
9.079595081904655 0.23596735186407317 4.371900681061705
9.096457805763093 0.2314771365049734 4.323868014851085
9.1120411262896 0.22599787880740493 4.2777975169679205
9.126298987355556 0.21968073513266348 4.233957997872283
9.139221715078158 0.212667773205162 4.192562223677855
9.150831052308819 0.20509325042883614 4.153763036927878
9.161177529585002 0.19708778391016302 4.117643268600063
9.17031978873131 0.18878613559662685 4.084313443524008
9.178187667188057 0.18012047298403389 4.054246699345943
9.18502329408772 0.17136179757022632 4.026798932928639
9.190873800923146 0.16256517128462036 4.002006291596218
9.195808066943068 0.1537961522584655 3.9798094628453993
9.199924206869603 0.14514008216427632 3.9600321882895266
9.203254750079664 0.13692542503724295 3.94243649475179
9.20565468448751 0.1282881483402362 3.928444975291875
9.2075083197341 0.11995071401370314 3.9161805709124398
9.208851494276583 0.11190400916036505 3.9055896417901255
9.209655644076028 0.10408822941274933 3.8972840197013654
9.210083474182746 0.09652246688642618 3.8901233023927357
9.210043836406932 0.0891409126542943 3.885151402771027
9.209665890776716 0.08199517848487922 3.8815795912559423
9.209216432294001 0.07558589172344096 3.8802023275588535
9.207895331569405 0.06882817039838553 3.8797474652938515
9.206451184508138 0.06179994939297318 3.8820924144733775
9.20480617586501 0.05487081547100111 3.8856679590661036
9.202919128988347 0.04796465825282129 3.8905679789940057
9.200700104381315 0.040993684663430306 3.896927782690152
9.198003949325239 0.03385609024850325 3.904995889939412
9.195375563167376 0.026594965775757283 3.9131623759832403
9.191046705245512 0.019373034080034966 3.9249155503606286
9.186305559030227 0.011852663814325376 3.9387684216969583
9.180381480319936 0.004270331945619347 3.955505449255073
9.172959619169516 -0.0031943422670982803 3.975909637653148
9.163700063198878 -0.010181293791855891 4.000712592565215
9.152732891391786 -0.01635413767750825 4.029932578170496
9.139037984913879 -0.02002360308478745 4.064643669712634
9.125544762413478 -0.020080974023818726 4.09666671144802
9.115373280912747 -0.015432380465224584 4.118603214512556
9.11160511186091 -0.007960913059391552 4.123697626058946
9.112922783182103 -0.0019446904335885555 4.116234958063002
9.112873339934286 0.0013840452804064663 4.116591289029555
9.111544239198649 0.00740655062387992 4.124090864854592
9.115331627952456 0.014863476796027692 4.118902157865391
9.12553027868827 0.019493035684715887 4.096813279259881
9.139049514436268 0.01942272089803896 4.064603515808357
9.15268536536329 0.015652663076709834 4.029931285457631
9.163761339700155 0.009607308203907183 4.000638710680915
9.173030781750022 0.002623523276711448 3.9757783643576396
9.180467499378459 -0.004836493056981469 3.9553486214699807
9.186400852559016 -0.012405792400312246 3.9386496251077165
9.191133958256614 -0.019894864491323473 3.9249422826655604
9.19542999777453 -0.027252509664580617 3.9127961023059012
9.198036980018896 -0.03433792865617327 3.905004327626467
9.200756734433568 -0.041482413254718326 3.8970014349095723
9.202988128680467 -0.048460723881163334 3.8907095351174683
9.204877989496817 -0.055372356788076366 3.885874723959069
9.206520677544201 -0.062304996382356884 3.8823481797688517
9.207963461718114 -0.06933632438896953 3.8800167640353274
9.20928058624787 -0.07620653681491424 3.8803324304020514
9.209830421321792 -0.08272032492124218 3.881418283799717
9.210209951795505 -0.08986247596923357 3.8850317277233244
9.210253851315736 -0.09724266814995369 3.8900356084308654
9.209830848451405 -0.10480724755360042 3.8972244761701935
9.20902994500073 -0.11262016049149605 3.905562050616296
9.207687848973674 -0.12066190018009723 3.916189708248331
9.205833174195659 -0.1289923938861856 3.928494747247268
9.20342993109505 -0.13762062005402717 3.9425321392127355
9.200060254789005 -0.1459261621125686 3.960143375313
9.195959419614839 -0.15459754377293458 3.9798807688407782
9.19103721363757 -0.16337825720973145 4.002048882241649
9.185196425749709 -0.17218355946426303 4.026819927310868
9.178368990117036 -0.18094845745263977 4.054249699145819
9.17050851799686 -0.1896184202032823 4.0842990272419595
9.161368543470108 -0.19791856017032478 4.117628994007962
9.151028472495115 -0.20592448725904725 4.153727202002783
9.139425267375687 -0.213497852083674 4.192505413239165
9.126508141661889 -0.22050782547263323 4.2338814583227835
9.112255113490932 -0.2268200118229307 4.277703252503829
9.09667565571058 -0.23229228577387126 4.323758754550384
9.079815678291764 -0.23677351799654672 4.371779750276897
9.061593644882928 -0.2405446095184083 4.421452202452381
9.042371240911187 -0.24119271527861535 4.473069387426822
9.022256496423338 -0.2415439429933533 4.525150708921762
9.001553054528836 -0.2403828017831404 4.5773890795578644
8.980617197418459 -0.23773568195046033 4.629053416677059
8.959861519835519 -0.23372731222117793 4.679319716281306
8.93973254676038 -0.2285839325301072 4.727310355665685
8.920682197691066 -0.2226205931807862 4.772146906590581
8.903138931021374 -0.21621552537949798 4.813004645915711
8.887484053341042 -0.20977737642264987 4.849157339481676

VECTORS L float
-0.01613934016603213 0.0 0.034610926678513794
-0.025668676267266523 0.0 0.05504665389547252
-0.03507790569121595 0.0 0.07522481151179423
-0.044948264367724304 0.0 0.09639186400147796
-0.05541018850817629 0.0 0.11882753272252326
-0.06648725976964591 0.0 0.14258238870172243
-0.07816446335169744 0.0 0.16762423259563092
-0.09040869077177667 0.0 0.19388206303428374
-0.10317587176945532 0.0 0.2212613710392038
-0.11641859624618994 0.0 0.24966048532596244
-0.1300807687942008 0.0 0.2789591089043675
-0.14410923140942997 0.0 0.309043244066836
-0.15844538558635646 0.0 0.3397872259127469
-0.17303338639663923 0.0 0.37107129460679733
-0.1878194304544635 0.0 0.40278006841576075
-0.20275273784948425 0.0 0.43480464947047925
-0.21778620389993314 0.0 0.4670440214549124
-0.232876423172534 0.0 0.4994051011170116
-0.2479817752729185 0.0 0.5317986332330199
-0.2630655527421713 0.0 0.5641458984032587
-0.2780938067238367 0.0 0.5963740930701155
-0.29303512893759015 0.0 0.628415861959073
-0.3078709296280688 0.0 0.6602313392111048
-0.3225398834353226 0.0 0.6916890121673955
-0.33706864010746174 0.0 0.7228460313971974
-0.35140440669665834 0.0 0.7535891820585392
-0.3655275057749748 0.0 0.7838762657710311
-0.3794141467381928 0.0 0.8136562634192837
-0.39304720934655835 0.0 0.8428924605306636
-0.40640079175712424 0.0 0.871529310423717
-0.41945343279644126 0.0 0.8995207894634593
-0.43217386016701737 0.0 0.926799833991499
-0.4445176427694421 0.0 0.9532711612076644
-0.4565100494570148 0.0 0.9789889603427291
-0.46806394376807037 0.0 1.0037663666516237
-0.47914095719509475 0.0 1.027521098604455
-0.48969724160613737 0.0 1.0501591235788028
-0.49968013944155903 0.0 1.0715675170736048
-0.5090433709388394 0.0 1.0916470318178555
-0.5176588871049244 0.0 1.1101230658597865
-0.5255102726164526 0.0 1.1269604164248472
-0.532438737683175 0.0 1.1418185577089421
-0.5382924093819762 0.0 1.1543717971774123
-0.5428589756970235 0.0 1.164164830242997
-0.5458274295822723 0.0 1.1705307001431267
-0.5466813575600914 0.0 1.1723619546011765
-0.5444334485929985 0.0 1.16754129826457
-0.5367394109479242 0.0 1.1510413812880473
-0.5143587297910927 0.0 1.1030458556615041
-0.38616009036003895 0.0 0.8281229862017
-0.3861965931421435 0.0 0.8282012666705411
-0.5143967304125865 0.0 1.1031273482572814
-0.5367794920870077 0.0 1.151127335568194
-0.5444707376203648 0.0 1.1676212648418163
-0.5467072858787292 0.0 1.1724175580599323
-0.5458636487820477 0.0 1.1706083724677003
-0.5428921544489624 0.0 1.164235982306144
-0.5383258891280132 0.0 1.1544435947244855
-0.5324718318081382 0.0 1.141889528288954
-0.5255435283638141 0.0 1.1270317336052107
-0.5176936994552609 0.0 1.1101977211860026
-0.5090743794496411 0.0 1.091713529783864
-0.49971214759373667 0.0 1.0716361587774623
-0.4897289203268086 0.0 1.0502270588145153
-0.4791727627232082 0.0 1.0275893057796046
-0.468096256025243 0.0 1.003835660510748
-0.45654303370747695 0.0 0.9790596952961128
-0.44455122936270636 0.0 0.9533431878893558
-0.4322063947328358 0.0 0.9268696045930525
-0.41948757451306357 0.0 0.899594006611034
-0.4064308605398695 0.0 0.8715937931364054
-0.39307477769538096 0.0 0.8429515810455007
-0.37943990814615114 0.0 0.8137115089369323
-0.36555162932930835 0.0 0.7839279989002467
-0.3514267435285599 0.0 0.7536370835491344
-0.3370888353086376 0.0 0.7228893401458801
-0.3225574559920491 0.0 0.6917266966369067
-0.30789400605657596 0.0 0.660280826771739
-0.2930558651717687 0.0 0.628460330956774
-0.2781138715513437 0.0 0.596417122231563
-0.2630847328626055 0.0 0.5641870303042659
-0.24799990994377583 0.0 0.5318375231601745
-0.23289336104115288 0.0 0.49944142449348355
-0.21780184375017028 0.0 0.46707756122198174
-0.20276704097686776 0.0 0.43483532262613817
-0.18783229814313834 0.0 0.40280766326317485
-0.17304475574761566 0.0 0.37109567625864803
-0.1584552316865615 0.0 0.3398083409427766
-0.14411756792244043 0.0 0.3090611217766799
-0.13008764771785863 0.0 0.2789738608037573
-0.11642535832923828 0.0 0.24967498665985668
-0.1031813838138384 0.0 0.22127319165652942
-0.09041292210442549 0.0 0.1938911371564321
-0.0781678707007286 0.0 0.16763153967920885
-0.06648989784979714 0.0 0.14258804608286357
-0.05541212602083254 0.0 0.11883168773182319
-0.04494958051694699 0.0 0.09639468649259443
-0.035078685713859276 0.0 0.075226484275751
-0.025669006805589135 0.0 0.055047362737192865
-0.016139303637549757 0.0 0.034610848342930545
-0.01613934016603213 0.0 0.034610926678513794
-0.025668676267266523 0.0 0.05504665389547252
-0.03507790569121595 0.0 0.07522481151179423
-0.044948264367724304 0.0 0.09639186400147796
-0.05541018850817629 0.0 0.11882753272252326
-0.06648725976964591 0.0 0.14258238870172243
-0.07816446335169744 0.0 0.16762423259563092
-0.09040869077177667 0.0 0.19388206303428374
-0.10317587176945532 0.0 0.2212613710392038
-0.11641859624618994 0.0 0.24966048532596244
-0.1300807687942008 0.0 0.2789591089043675
-0.14410923140942997 0.0 0.309043244066836
-0.15844538558635646 0.0 0.3397872259127469
-0.17303338639663923 0.0 0.37107129460679733
-0.1878194304544635 0.0 0.40278006841576075
-0.20275273784948425 0.0 0.43480464947047925
-0.21778620389993314 0.0 0.4670440214549124
-0.232876423172534 0.0 0.4994051011170116
-0.2479817752729185 0.0 0.5317986332330199
-0.2630655527421713 0.0 0.5641458984032587
-0.2780938067238367 0.0 0.5963740930701155
-0.29303512893759015 0.0 0.628415861959073
-0.3078709296280688 0.0 0.6602313392111048
-0.3225398834353226 0.0 0.6916890121673955
-0.33706864010746174 0.0 0.7228460313971974
-0.35140440669665834 0.0 0.7535891820585392
-0.3655275057749748 0.0 0.7838762657710311
-0.3794141467381928 0.0 0.8136562634192837
-0.39304720934655835 0.0 0.8428924605306636
-0.40640079175712424 0.0 0.871529310423717
-0.41945343279644126 0.0 0.8995207894634593
-0.43217386016701737 0.0 0.926799833991499
-0.4445176427694421 0.0 0.9532711612076644
-0.4565100494570148 0.0 0.9789889603427291
-0.46806394376807037 0.0 1.0037663666516237
-0.47914095719509475 0.0 1.027521098604455
-0.48969724160613737 0.0 1.0501591235788028
-0.49968013944155903 0.0 1.0715675170736048
-0.5090433709388394 0.0 1.0916470318178555
-0.5176588871049244 0.0 1.1101230658597865
-0.5255102726164526 0.0 1.1269604164248472
-0.532438737683175 0.0 1.1418185577089421
-0.5382924093819762 0.0 1.1543717971774123
-0.5428589756970235 0.0 1.164164830242997
-0.5458274295822723 0.0 1.1705307001431267
-0.5466813575600914 0.0 1.1723619546011765
-0.5444334485929985 0.0 1.16754129826457
-0.5367394109479242 0.0 1.1510413812880473
-0.5143587297910927 0.0 1.1030458556615041
-0.38616009036003895 0.0 0.8281229862017
-0.3861965931421435 0.0 0.8282012666705411
-0.5143967304125865 0.0 1.1031273482572814
-0.5367794920870077 0.0 1.151127335568194
-0.5444707376203648 0.0 1.1676212648418163
-0.5467072858787292 0.0 1.1724175580599323
-0.5458636487820477 0.0 1.1706083724677003
-0.5428921544489624 0.0 1.164235982306144
-0.5383258891280132 0.0 1.1544435947244855
-0.5324718318081382 0.0 1.141889528288954
-0.5255435283638141 0.0 1.1270317336052107
-0.5176936994552609 0.0 1.1101977211860026
-0.5090743794496411 0.0 1.091713529783864
-0.49971214759373667 0.0 1.0716361587774623
-0.4897289203268086 0.0 1.0502270588145153
-0.4791727627232082 0.0 1.0275893057796046
-0.468096256025243 0.0 1.003835660510748
-0.45654303370747695 0.0 0.9790596952961128
-0.44455122936270636 0.0 0.9533431878893558
-0.4322063947328358 0.0 0.9268696045930525
-0.41948757451306357 0.0 0.899594006611034
-0.4064308605398695 0.0 0.8715937931364054
-0.39307477769538096 0.0 0.8429515810455007
-0.37943990814615114 0.0 0.8137115089369323
-0.36555162932930835 0.0 0.7839279989002467
-0.3514267435285599 0.0 0.7536370835491344
-0.3370888353086376 0.0 0.7228893401458801
-0.3225574559920491 0.0 0.6917266966369067
-0.30789400605657596 0.0 0.660280826771739
-0.2930558651717687 0.0 0.628460330956774
-0.2781138715513437 0.0 0.596417122231563
-0.2630847328626055 0.0 0.5641870303042659
-0.24799990994377583 0.0 0.5318375231601745
-0.23289336104115288 0.0 0.49944142449348355
-0.21780184375017028 0.0 0.46707756122198174
-0.20276704097686776 0.0 0.43483532262613817
-0.18783229814313834 0.0 0.40280766326317485
-0.17304475574761566 0.0 0.37109567625864803
-0.1584552316865615 0.0 0.3398083409427766
-0.14411756792244043 0.0 0.3090611217766799
-0.13008764771785863 0.0 0.2789738608037573
-0.11642535832923828 0.0 0.24967498665985668
-0.1031813838138384 0.0 0.22127319165652942
-0.09041292210442549 0.0 0.1938911371564321
-0.0781678707007286 0.0 0.16763153967920885
-0.06648989784979714 0.0 0.14258804608286357
-0.05541212602083254 0.0 0.11883168773182319
-0.04494958051694699 0.0 0.09639468649259443
-0.035078685713859276 0.0 0.075226484275751
-0.025669006805589135 0.0 0.055047362737192865
-0.016139303637549757 0.0 0.034610848342930545

SCALARS Gamma float
LOOKUP_TABLE default
0.4797516431795047
0.7366366016082078
0.9461989444713278
1.1341111343285681
1.309006867017708
1.4746986537550446
1.633090377702965
1.7851749895708418
1.9314543730197429
2.072141492766418
2.207279563068214
2.336795787304952
2.460548101617379
2.578362908730977
2.690065738006196
2.7955046349137054
2.8945686059115463
2.9872015572551733
3.0734102185514054
3.1532425452230477
3.226801789733093
3.2942383785795033
3.3557391947420148
3.4115263086731806
3.461862527340638
3.5069480367012127
3.547017072302115
3.5823249797912657
3.6130889638380195
3.6395582325469236
3.6619290657701744
3.680403248406699
3.6951094263449753
3.706230557836692
3.7137953003337207
3.7178366337675333
3.718356006579682
3.715313298411647
3.708586801504099
3.6981464255218572
3.6837560706782937
3.6651643679797727
3.6420439553355286
3.6139702827783706
3.5804064653815795
3.5407955124909996
3.494417756855246
3.4414019582607156
3.3840316066802485
3.330523331632148
3.3305564302175474
3.384089832278599
3.4414633633332383
3.4944676867711006
3.540827799870529
3.5804365346237783
3.613988861505443
3.6420521844213614
3.665167066424643
3.6837603048386076
3.698158095510402
3.708594138924086
3.715339622245208
3.71839603029803
3.7178888868141122
3.713857080079926
3.7062972002797996
3.6951740233696055
3.680454391468408
3.661962863765927
3.6395851913835977
3.613112522815087
3.582346989357724
3.5470386059892762
3.5069694970177507
3.4618838512352172
3.411547385191255
3.3557610255449215
3.294256602960847
3.2268153898702097
3.1532512608841197
3.0734141885260184
2.9872013406387725
2.894564671633136
2.795496842580347
2.690054297062169
2.5783481615325186
2.460530421045799
2.3367754592744827
2.207256627469611
2.072115344559448
1.9314280075750252
1.7851488646607463
1.633065004118874
1.4746745251050055
1.3089844798709362
1.1340910003021083
0.9461816195827921
0.7366227725572396
0.4797424573534422
0.4797516431795047
0.7366366016082078
0.9461989444713278
1.1341111343285681
1.309006867017708
1.4746986537550446
1.633090377702965
1.7851749895708418
1.9314543730197429
2.072141492766418
2.207279563068214
2.336795787304952
2.460548101617379
2.578362908730977
2.690065738006196
2.7955046349137054
2.8945686059115463
2.9872015572551733
3.0734102185514054
3.1532425452230477
3.226801789733093
3.2942383785795033
3.3557391947420148
3.4115263086731806
3.461862527340638
3.5069480367012127
3.547017072302115
3.5823249797912657
3.6130889638380195
3.6395582325469236
3.6619290657701744
3.680403248406699
3.6951094263449753
3.706230557836692
3.7137953003337207
3.7178366337675333
3.718356006579682
3.715313298411647
3.708586801504099
3.6981464255218572
3.6837560706782937
3.6651643679797727
3.6420439553355286
3.6139702827783706
3.5804064653815795
3.5407955124909996
3.494417756855246
3.4414019582607156
3.3840316066802485
3.330523331632148
3.3305564302175474
3.384089832278599
3.4414633633332383
3.4944676867711006
3.540827799870529
3.5804365346237783
3.613988861505443
3.6420521844213614
3.665167066424643
3.6837603048386076
3.698158095510402
3.708594138924086
3.715339622245208
3.71839603029803
3.7178888868141122
3.713857080079926
3.7062972002797996
3.6951740233696055
3.680454391468408
3.661962863765927
3.6395851913835977
3.613112522815087
3.582346989357724
3.5470386059892762
3.5069694970177507
3.4618838512352172
3.411547385191255
3.3557610255449215
3.294256602960847
3.2268153898702097
3.1532512608841197
3.0734141885260184
2.9872013406387725
2.894564671633136
2.795496842580347
2.690054297062169
2.5783481615325186
2.460530421045799
2.3367754592744827
2.207256627469611
2.072115344559448
1.9314280075750252
1.7851488646607463
1.633065004118874
1.4746745251050055
1.3089844798709362
1.1340910003021083
0.9461816195827921
0.7366227725572396
0.4797424573534422

VECTORS Vvpm float
-0.1759328348320831 0.2088964475002666 0.6231830015605382
-0.16027118368033993 0.21533553153059212 0.5870258618861051
-0.14272031487374487 0.22174152967733393 0.5461627559721444
-0.1236617287430742 0.22770568752383566 0.501320195049451
-0.10352413715422461 0.23284962559691888 0.4533234686307984
-0.08275978402476172 0.23685809078063683 0.4030519534947343
-0.06181560255080059 0.23950456915900548 0.35138470238640007
-0.041104694221839 0.24066396738679072 0.29914773402711553
-0.020983962860475838 0.24030941867677025 0.24707483368606964
-0.001740305544791862 0.23969468546886089 0.19552451768196963
0.016517211538155524 0.23596735186407317 0.14571806365471054
0.03337993539659362 0.2314771365049734 0.09768539744409022
0.048963255923101814 0.22599787880740493 0.05161489956092563
0.06322111698905762 0.21968073513266348 0.007775380465288445
0.07614384471165911 0.212667773205162 -0.03362039372913983
0.08775318194231946 0.20509325042883614 -0.07241958047911645
0.09809965921850382 0.19708778391016302 -0.10853934880693153
0.1072419183648113 0.18878613559662685 -0.14186917388298734
0.11510979682155816 0.18012047298403389 -0.17193591806105116
0.12194542372122168 0.17136179757022632 -0.19938368447835544
0.12779593055664723 0.16256517128462036 -0.22417632581077676
0.13273019657656845 0.1537961522584655 -0.24637315456159495
0.13684633650310524 0.14514008216427632 -0.26615042911746767
0.14017687971316475 0.13692542503724295 -0.28374612265520455
0.14257681412101098 0.1282881483402362 -0.2977376421151193
0.14443044936760072 0.11995071401370314 -0.31000204649455415
0.14577362391008533 0.11190400916036505 -0.3205929756168686
0.1465777737095293 0.10408822941274933 -0.3288985977056291
0.14700560381624658 0.09652246688642618 -0.33605931501425884
0.1469659660404338 0.0891409126542943 -0.34103121463596714
0.14658802041021612 0.08199517848487922 -0.34460302615105254
0.1461385619275028 0.07558589172344096 -0.3459802898481407
0.14481746120290734 0.06882817039838553 -0.34643515211314285
0.14337331414163929 0.06179994939297318 -0.34409020293361725
0.14172830549851106 0.05487081547100111 -0.3405146583408909
0.13984125862184799 0.04796465825282129 -0.335614638412989
0.13762223401481716 0.040993684663430306 -0.32925483471684247
0.1349260789587407 0.03385609024850325 -0.3211867274675826
0.13229769280087675 0.026594965775757283 -0.3130202414237538
0.12796883487901384 0.019373034080034966 -0.30126706704636613
0.12322768866372863 0.011852663814325376 -0.28741419571003624
0.11730360995343612 0.004270331945619347 -0.2706771681519214
0.10988174880301714 -0.0031943422670982803 -0.2502729797538465
0.10062219283237842 -0.010181293791855891 -0.22547002484177942
0.08965502102528725 -0.01635413767750825 -0.1962500392364983
0.07596011454737997 -0.02002360308478745 -0.16153894769436064
0.06246689204697846 -0.020080974023818726 -0.12951590595897378
0.05229541054624873 -0.015432380465224584 -0.10757940289443826
0.04852724149441128 -0.007960913059391552 -0.10248499134804882
0.049844912815605456 -0.0019446904335885555 -0.10994765934399298
0.04979546956778637 0.0013840452804064663 -0.1095913283774396
0.04846636883215042 0.00740655062387992 -0.10209175255240209
0.052253757585956254 0.014863476796027692 -0.10728045954160348
0.06245240832177206 0.019493035684715887 -0.1293693381471131
0.07597164406976858 0.01942272089803896 -0.1615791015986377
0.089607494996791 0.015652663076709834 -0.19625133194936306
0.10068346933365702 0.009607308203907183 -0.22554390672607932
0.10995291138352323 0.002623523276711448 -0.2504042530493545
0.11738962901196039 -0.004836493056981469 -0.270833995937014
0.12332298219251765 -0.012405792400312246 -0.28753299229927787
0.12805608789011513 -0.019894864491323473 -0.30124033474143413
0.13235212740803212 -0.027252509664580617 -0.3133865151010933
0.13495910965239769 -0.03433792865617327 -0.32117828978052737
0.13767886406706908 -0.041482413254718326 -0.3291811824974217
0.13991025831396836 -0.048460723881163334 -0.33547308228952555
0.14180011913031748 -0.055372356788076366 -0.340307893447925
0.14344280717770364 -0.062304996382356884 -0.34383443763814314
0.14488559135161574 -0.06933632438896953 -0.34616585337166705
0.14620271588137157 -0.07620653681491424 -0.34585018700494347
0.14675255095529305 -0.08272032492124218 -0.34476433360727765
0.14713208142900752 -0.08986247596923357 -0.3411508896836695
0.14717598094923698 -0.09724266814995369 -0.33614700897612904
0.146752978084906 -0.10480724755360042 -0.32895814123680106
0.14595207463423046 -0.11262016049149605 -0.3206205667906985
0.144609978607175 -0.12066190018009723 -0.30999290915866407
0.14275530382915969 -0.1289923938861856 -0.29768787015972614
0.14035206072855053 -0.13762062005402717 -0.2836504781942591
0.13698238442250588 -0.1459261621125686 -0.26603924209399404
0.13288154924833986 -0.15459754377293458 -0.24630184856621684
0.1279593432710703 -0.16337825720973145 -0.22413373516534582
0.12211855538321036 -0.17218355946426303 -0.19936269009612717
0.11529111975053703 -0.18094845745263977 -0.17193291826117574
0.10743064763036077 -0.1896184202032823 -0.14188359016503485
0.09829067310360938 -0.19791856017032478 -0.10855362339903289
0.08795060212861601 -0.20592448725904725 -0.07245541540421133
0.07634739700918773 -0.213497852083674 -0.033677204167829516
0.06343027129539033 -0.22050782547263323 0.007698840915789235
0.04917724312443361 -0.2268200118229307 0.05152063509683508
0.03359778534408098 -0.23229228577387126 0.09757613714338925
0.016737807925264678 -0.23677351799654672 0.1455971328699021
-0.00148422548357105 -0.2405446095184083 0.19526958504538597
-0.020706629455311154 -0.24119271527861535 0.24688677001982778
-0.04082137394315935 -0.2415439429933533 0.298968091514768
-0.06152481583766273 -0.2403828017831404 0.3512064621508697
-0.08246067294804048 -0.23773568195046033 0.40287079927006436
-0.10321635053098013 -0.23372731222117793 0.4531370988743117
-0.12334532360611904 -0.2285839325301072 0.5011277382586901
-0.1423956726754325 -0.2226205931807862 0.5459642891835862
-0.15993893934512407 -0.21621552537949798 0.5868220285087169
-0.17559381702545562 -0.20977737642264987 0.622974722074681
-0.1759328348320831 0.2088964475002666 0.6231830015605382
-0.16027118368033993 0.21533553153059212 0.5870258618861051
-0.14272031487374487 0.22174152967733393 0.5461627559721444
-0.1236617287430742 0.22770568752383566 0.501320195049451
-0.10352413715422461 0.23284962559691888 0.4533234686307984
-0.08275978402476172 0.23685809078063683 0.4030519534947343
-0.06181560255080059 0.23950456915900548 0.35138470238640007
-0.041104694221839 0.24066396738679072 0.29914773402711553
-0.020983962860475838 0.24030941867677025 0.24707483368606964
-0.001740305544791862 0.23969468546886089 0.19552451768196963
0.016517211538155524 0.23596735186407317 0.14571806365471054
0.03337993539659362 0.2314771365049734 0.09768539744409022
0.048963255923101814 0.22599787880740493 0.05161489956092563
0.06322111698905762 0.21968073513266348 0.007775380465288445
0.07614384471165911 0.212667773205162 -0.03362039372913983
0.08775318194231946 0.20509325042883614 -0.07241958047911645
0.09809965921850382 0.19708778391016302 -0.10853934880693153
0.1072419183648113 0.18878613559662685 -0.14186917388298734
0.11510979682155816 0.18012047298403389 -0.17193591806105116
0.12194542372122168 0.17136179757022632 -0.19938368447835544
0.12779593055664723 0.16256517128462036 -0.22417632581077676
0.13273019657656845 0.1537961522584655 -0.24637315456159495
0.13684633650310524 0.14514008216427632 -0.26615042911746767
0.14017687971316475 0.13692542503724295 -0.28374612265520455
0.14257681412101098 0.1282881483402362 -0.2977376421151193
0.14443044936760072 0.11995071401370314 -0.31000204649455415
0.14577362391008533 0.11190400916036505 -0.3205929756168686
0.1465777737095293 0.10408822941274933 -0.3288985977056291
0.14700560381624658 0.09652246688642618 -0.33605931501425884
0.1469659660404338 0.0891409126542943 -0.34103121463596714
0.14658802041021612 0.08199517848487922 -0.34460302615105254
0.1461385619275028 0.07558589172344096 -0.3459802898481407
0.14481746120290734 0.06882817039838553 -0.34643515211314285
0.14337331414163929 0.06179994939297318 -0.34409020293361725
0.14172830549851106 0.05487081547100111 -0.3405146583408909
0.13984125862184799 0.04796465825282129 -0.335614638412989
0.13762223401481716 0.040993684663430306 -0.32925483471684247
0.1349260789587407 0.03385609024850325 -0.3211867274675826
0.13229769280087675 0.026594965775757283 -0.3130202414237538
0.12796883487901384 0.019373034080034966 -0.30126706704636613
0.12322768866372863 0.011852663814325376 -0.28741419571003624
0.11730360995343612 0.004270331945619347 -0.2706771681519214
0.10988174880301714 -0.0031943422670982803 -0.2502729797538465
0.10062219283237842 -0.010181293791855891 -0.22547002484177942
0.08965502102528725 -0.01635413767750825 -0.1962500392364983
0.07596011454737997 -0.02002360308478745 -0.16153894769436064
0.06246689204697846 -0.020080974023818726 -0.12951590595897378
0.05229541054624873 -0.015432380465224584 -0.10757940289443826
0.04852724149441128 -0.007960913059391552 -0.10248499134804882
0.049844912815605456 -0.0019446904335885555 -0.10994765934399298
0.04979546956778637 0.0013840452804064663 -0.1095913283774396
0.04846636883215042 0.00740655062387992 -0.10209175255240209
0.052253757585956254 0.014863476796027692 -0.10728045954160348
0.06245240832177206 0.019493035684715887 -0.1293693381471131
0.07597164406976858 0.01942272089803896 -0.1615791015986377
0.089607494996791 0.015652663076709834 -0.19625133194936306
0.10068346933365702 0.009607308203907183 -0.22554390672607932
0.10995291138352323 0.002623523276711448 -0.2504042530493545
0.11738962901196039 -0.004836493056981469 -0.270833995937014
0.12332298219251765 -0.012405792400312246 -0.28753299229927787
0.12805608789011513 -0.019894864491323473 -0.30124033474143413
0.13235212740803212 -0.027252509664580617 -0.3133865151010933
0.13495910965239769 -0.03433792865617327 -0.32117828978052737
0.13767886406706908 -0.041482413254718326 -0.3291811824974217
0.13991025831396836 -0.048460723881163334 -0.33547308228952555
0.14180011913031748 -0.055372356788076366 -0.340307893447925
0.14344280717770364 -0.062304996382356884 -0.34383443763814314
0.14488559135161574 -0.06933632438896953 -0.34616585337166705
0.14620271588137157 -0.07620653681491424 -0.34585018700494347
0.14675255095529305 -0.08272032492124218 -0.34476433360727765
0.14713208142900752 -0.08986247596923357 -0.3411508896836695
0.14717598094923698 -0.09724266814995369 -0.33614700897612904
0.146752978084906 -0.10480724755360042 -0.32895814123680106
0.14595207463423046 -0.11262016049149605 -0.3206205667906985
0.144609978607175 -0.12066190018009723 -0.30999290915866407
0.14275530382915969 -0.1289923938861856 -0.29768787015972614
0.14035206072855053 -0.13762062005402717 -0.2836504781942591
0.13698238442250588 -0.1459261621125686 -0.26603924209399404
0.13288154924833986 -0.15459754377293458 -0.24630184856621684
0.1279593432710703 -0.16337825720973145 -0.22413373516534582
0.12211855538321036 -0.17218355946426303 -0.19936269009612717
0.11529111975053703 -0.18094845745263977 -0.17193291826117574
0.10743064763036077 -0.1896184202032823 -0.14188359016503485
0.09829067310360938 -0.19791856017032478 -0.10855362339903289
0.08795060212861601 -0.20592448725904725 -0.07245541540421133
0.07634739700918773 -0.213497852083674 -0.033677204167829516
0.06343027129539033 -0.22050782547263323 0.007698840915789235
0.04917724312443361 -0.2268200118229307 0.05152063509683508
0.03359778534408098 -0.23229228577387126 0.09757613714338925
0.016737807925264678 -0.23677351799654672 0.1455971328699021
-0.00148422548357105 -0.2405446095184083 0.19526958504538597
-0.020706629455311154 -0.24119271527861535 0.24688677001982778
-0.04082137394315935 -0.2415439429933533 0.298968091514768
-0.06152481583766273 -0.2403828017831404 0.3512064621508697
-0.08246067294804048 -0.23773568195046033 0.40287079927006436
-0.10321635053098013 -0.23372731222117793 0.4531370988743117
-0.12334532360611904 -0.2285839325301072 0.5011277382586901
-0.1423956726754325 -0.2226205931807862 0.5459642891835862
-0.15993893934512407 -0.21621552537949798 0.5868220285087169
-0.17559381702545562 -0.20977737642264987 0.622974722074681

VECTORS Vvpm_BBp float
-0.08514137900922525 0.2322986496719218 0.367897926907398
-0.07483990189383628 0.23323010562109273 0.3428126132408954
-0.0630881886310627 0.23477636518345044 0.31344172042339874
-0.0508939070717986 0.23477239237625516 0.2831106202806395
-0.03804443302817151 0.2341630274881958 0.2507005802447495
-0.024769372015720492 0.2328609480361306 0.2166739657590013
-0.01129488850388076 0.23081076377271484 0.18149863744824013
0.002164856535057394 0.22798892590496095 0.14563361203012198
0.015414583708354633 0.2244006443231395 0.10951767598599241
0.028229357303117403 0.22000996533722572 0.0737294446848121
0.04059267258170568 0.21502114123661747 0.03821817198032165
0.05229774243087034 0.2093958128437759 0.0036529354580878974
0.06326524178461437 0.2032182822765251 -0.02970393191954726
0.07347638429847345 0.19656784073040068 -0.06181846135412011
0.08279422075864545 0.18944927366422892 -0.09205031644695466
0.09128598940400057 0.1820233543094764 -0.12059434808178894
0.09891987357306437 0.17433851102734296 -0.14724475257413955
0.1057308231440366 0.16649527150766574 -0.1718599571379244
0.11174443320301145 0.15852152484132742 -0.19460188880688278
0.11684338781336565 0.1506609323174036 -0.21406207154565898
0.12139077144349272 0.14247924454385094 -0.23288032317712956
0.1252440299015554 0.13440597731327764 -0.24975334907338087
0.12828989173733207 0.12667491464214553 -0.2646304923921088
0.13072552073353466 0.11883157404754122 -0.27708000081622386
0.1326454786633259 0.11117933645167113 -0.2880794140552435
0.13401045356977734 0.10366234058162122 -0.29682268096375664
0.1349437721265535 0.09634291691187197 -0.3042753829843894
0.13541368059077183 0.08917316339479418 -0.3099062634398456
0.135540245296999 0.08222326402644946 -0.31439627918833785
0.135602575709298 0.07609702571170048 -0.3178397785058882
0.13500339250469845 0.06920289340934765 -0.3189403161174856
0.13390657643898557 0.06258107180640599 -0.31855025991574903
0.13264576630756425 0.05589539507020949 -0.31625250158839086
0.13115040204407366 0.049295406951585886 -0.31292944007092777
0.12936399675833724 0.04271415655561808 -0.30835357409477826
0.12719069964953642 0.036071913556155175 -0.30224677281226375
0.12469831516956571 0.029349800475476306 -0.29445733248671013
0.1216610873285516 0.02264622896641169 -0.2863463571253351
0.11770074244407867 0.0159543108402678 -0.27538389445093603
0.11314754254257507 0.009226828289643815 -0.2623148972056932
0.10766135855924791 0.0027049133702171484 -0.24717830601131666
0.1010861878194009 -0.003368354727616679 -0.22961590734496798
0.09344258626356705 -0.008918222932270372 -0.20906180569868985
0.08429901083419176 -0.013000047757792165 -0.18601519718305037
0.07414634168445577 -0.015009608790175247 -0.16115825531325226
0.06443499467486932 -0.014233956028683398 -0.13902404367672172
0.05698740732226738 -0.01061893858028229 -0.12374109151398371
0.05323739665694424 -0.005759404660616207 -0.1181709949167739
0.05255329149320099 -0.002063038335363182 -0.12047689346885278
0.0526667900798987 -0.0003922776656877981 -0.12366430513946096
0.05243788654308402 0.0014958756871987912 -0.11958536160495048
0.05320521081212316 0.005212560731064189 -0.11789363812736982
0.05696194414409518 0.010066138937065166 -0.12349620578738857
0.06442272230635003 0.013667219343194911 -0.13885299328464504
0.07413996706698689 0.014434552621105426 -0.1610520657216533
0.08428478355354872 0.012393888723528283 -0.18596287904198278
0.09348337150045494 0.008274204859955005 -0.20933008144030524
0.1011828844147886 0.0028652565002326297 -0.2298287380778185
0.10778298024213731 -0.0032498171835397237 -0.24746857011984558
0.11328378143988053 -0.009794305532241889 -0.26261637095399293
0.11783300080470248 -0.016517945262535912 -0.2755862852023821
0.12170839920175652 -0.02324446526793776 -0.28648376448123214
0.12477050101347968 -0.02996731639684694 -0.29470535735458087
0.12724214202412082 -0.03659777646667883 -0.30216664824382494
0.1294259015995585 -0.04324648248007479 -0.3082508516078155
0.1312140167858422 -0.04983546039338441 -0.31280845952657127
0.13270703212021526 -0.056444465882388294 -0.3161316472954706
0.13396761752471148 -0.06314193798423712 -0.318467380180186
0.1350644301040042 -0.06982090690348475 -0.3188728810756677
0.13566722695864555 -0.07670554149000887 -0.317688665910602
0.13571267611361476 -0.08300591994631867 -0.31466983882558963
0.13558130469858715 -0.08993722106058205 -0.31012654904333387
0.13510780986480656 -0.0970927761293805 -0.3044394057583489
0.13417103408230846 -0.10440012520605621 -0.29692720913642145
0.13280196054000384 -0.11190552901379927 -0.2881205136255191
0.13087623576137003 -0.11954634112079845 -0.27705003566357655
0.12843451857443083 -0.1273763960374339 -0.26452702030335723
0.12536435528755807 -0.13520961867866937 -0.24959649411106205
0.12153130540658465 -0.14330473039064368 -0.23278477744168416
0.11700286906316244 -0.15150875777804257 -0.21406065565272836
0.11190128246967859 -0.15933805055130218 -0.1946285677462914
0.10589439107740378 -0.16731965806972143 -0.1719015334194065
0.09908725016058997 -0.1751692976252816 -0.1472978306708455
0.09145857497859691 -0.18285930203315665 -0.12065747549103321
0.08297203904718599 -0.19028968567113191 -0.09212450652254048
0.07365880617927818 -0.1974113504131678 -0.061902044091143194
0.06345429075071515 -0.2040863877547085 -0.029856742935081892
0.05248495819556835 -0.2102585236697617 0.0035288349682445204
0.04077802571845819 -0.2158779027030987 0.03811945177839918
0.028412595402221616 -0.22086007556312204 0.07365374183733239
0.015646023138974632 -0.2252671171613979 0.10930039121766623
0.0024051339072036215 -0.22885556846257646 0.1453955093609378
-0.011046246781700561 -0.23167675452381142 0.18124376918566384
-0.02451296114458118 -0.23372555531140454 0.2164064292195317
-0.03778093218669405 -0.23502563973573595 0.25042428625949825
-0.05062404662906356 -0.23563254049758534 0.28282910537946737
-0.06281272274034766 -0.23563373664029663 0.31315800492284374
-0.07457200090780688 -0.23411825208798306 0.3426115670858503
-0.08486945904513327 -0.23318741762568626 0.36769129773320475
-0.09388999351690133 -0.23205650262955396 0.3894819822958152
-0.08514137900922525 0.2322986496719218 0.367897926907398
-0.07483990189383628 0.23323010562109273 0.3428126132408954
-0.0630881886310627 0.23477636518345044 0.31344172042339874
-0.0508939070717986 0.23477239237625516 0.2831106202806395
-0.03804443302817151 0.2341630274881958 0.2507005802447495
-0.024769372015720492 0.2328609480361306 0.2166739657590013
-0.01129488850388076 0.23081076377271484 0.18149863744824013
0.002164856535057394 0.22798892590496095 0.14563361203012198
0.015414583708354633 0.2244006443231395 0.10951767598599241
0.028229357303117403 0.22000996533722572 0.0737294446848121
0.04059267258170568 0.21502114123661747 0.03821817198032165
0.05229774243087034 0.2093958128437759 0.0036529354580878974
0.06326524178461437 0.2032182822765251 -0.02970393191954726
0.07347638429847345 0.19656784073040068 -0.06181846135412011
0.08279422075864545 0.18944927366422892 -0.09205031644695466
0.09128598940400057 0.1820233543094764 -0.12059434808178894
0.09891987357306437 0.17433851102734296 -0.14724475257413955
0.1057308231440366 0.16649527150766574 -0.1718599571379244
0.11174443320301145 0.15852152484132742 -0.19460188880688278
0.11684338781336565 0.1506609323174036 -0.21406207154565898
0.12139077144349272 0.14247924454385094 -0.23288032317712956
0.1252440299015554 0.13440597731327764 -0.24975334907338087
0.12828989173733207 0.12667491464214553 -0.2646304923921088
0.13072552073353466 0.11883157404754122 -0.27708000081622386
0.1326454786633259 0.11117933645167113 -0.2880794140552435
0.13401045356977734 0.10366234058162122 -0.29682268096375664
0.1349437721265535 0.09634291691187197 -0.3042753829843894
0.13541368059077183 0.08917316339479418 -0.3099062634398456
0.135540245296999 0.08222326402644946 -0.31439627918833785
0.135602575709298 0.07609702571170048 -0.3178397785058882
0.13500339250469845 0.06920289340934765 -0.3189403161174856
0.13390657643898557 0.06258107180640599 -0.31855025991574903
0.13264576630756425 0.05589539507020949 -0.31625250158839086
0.13115040204407366 0.049295406951585886 -0.31292944007092777
0.12936399675833724 0.04271415655561808 -0.30835357409477826
0.12719069964953642 0.036071913556155175 -0.30224677281226375
0.12469831516956571 0.029349800475476306 -0.29445733248671013
0.1216610873285516 0.02264622896641169 -0.2863463571253351
0.11770074244407867 0.0159543108402678 -0.27538389445093603
0.11314754254257507 0.009226828289643815 -0.2623148972056932
0.10766135855924791 0.0027049133702171484 -0.24717830601131666
0.1010861878194009 -0.003368354727616679 -0.22961590734496798
0.09344258626356705 -0.008918222932270372 -0.20906180569868985
0.08429901083419176 -0.013000047757792165 -0.18601519718305037
0.07414634168445577 -0.015009608790175247 -0.16115825531325226
0.06443499467486932 -0.014233956028683398 -0.13902404367672172
0.05698740732226738 -0.01061893858028229 -0.12374109151398371
0.05323739665694424 -0.005759404660616207 -0.1181709949167739
0.05255329149320099 -0.002063038335363182 -0.12047689346885278
0.0526667900798987 -0.0003922776656877981 -0.12366430513946096
0.05243788654308402 0.0014958756871987912 -0.11958536160495048
0.05320521081212316 0.005212560731064189 -0.11789363812736982
0.05696194414409518 0.010066138937065166 -0.12349620578738857
0.06442272230635003 0.013667219343194911 -0.13885299328464504
0.07413996706698689 0.014434552621105426 -0.1610520657216533
0.08428478355354872 0.012393888723528283 -0.18596287904198278
0.09348337150045494 0.008274204859955005 -0.20933008144030524
0.1011828844147886 0.0028652565002326297 -0.2298287380778185
0.10778298024213731 -0.0032498171835397237 -0.24746857011984558
0.11328378143988053 -0.009794305532241889 -0.26261637095399293
0.11783300080470248 -0.016517945262535912 -0.2755862852023821
0.12170839920175652 -0.02324446526793776 -0.28648376448123214
0.12477050101347968 -0.02996731639684694 -0.29470535735458087
0.12724214202412082 -0.03659777646667883 -0.30216664824382494
0.1294259015995585 -0.04324648248007479 -0.3082508516078155
0.1312140167858422 -0.04983546039338441 -0.31280845952657127
0.13270703212021526 -0.056444465882388294 -0.3161316472954706
0.13396761752471148 -0.06314193798423712 -0.318467380180186
0.1350644301040042 -0.06982090690348475 -0.3188728810756677
0.13566722695864555 -0.07670554149000887 -0.317688665910602
0.13571267611361476 -0.08300591994631867 -0.31466983882558963
0.13558130469858715 -0.08993722106058205 -0.31012654904333387
0.13510780986480656 -0.0970927761293805 -0.3044394057583489
0.13417103408230846 -0.10440012520605621 -0.29692720913642145
0.13280196054000384 -0.11190552901379927 -0.2881205136255191
0.13087623576137003 -0.11954634112079845 -0.27705003566357655
0.12843451857443083 -0.1273763960374339 -0.26452702030335723
0.12536435528755807 -0.13520961867866937 -0.24959649411106205
0.12153130540658465 -0.14330473039064368 -0.23278477744168416
0.11700286906316244 -0.15150875777804257 -0.21406065565272836
0.11190128246967859 -0.15933805055130218 -0.1946285677462914
0.10589439107740378 -0.16731965806972143 -0.1719015334194065
0.09908725016058997 -0.1751692976252816 -0.1472978306708455
0.09145857497859691 -0.18285930203315665 -0.12065747549103321
0.08297203904718599 -0.19028968567113191 -0.09212450652254048
0.07365880617927818 -0.1974113504131678 -0.061902044091143194
0.06345429075071515 -0.2040863877547085 -0.029856742935081892
0.05248495819556835 -0.2102585236697617 0.0035288349682445204
0.04077802571845819 -0.2158779027030987 0.03811945177839918
0.028412595402221616 -0.22086007556312204 0.07365374183733239
0.015646023138974632 -0.2252671171613979 0.10930039121766623
0.0024051339072036215 -0.22885556846257646 0.1453955093609378
-0.011046246781700561 -0.23167675452381142 0.18124376918566384
-0.02451296114458118 -0.23372555531140454 0.2164064292195317
-0.03778093218669405 -0.23502563973573595 0.25042428625949825
-0.05062404662906356 -0.23563254049758534 0.28282910537946737
-0.06281272274034766 -0.23563373664029663 0.31315800492284374
-0.07457200090780688 -0.23411825208798306 0.3426115670858503
-0.08486945904513327 -0.23318741762568626 0.36769129773320475
-0.09388999351690133 -0.23205650262955396 0.3894819822958152

VECTORS ftot float
-6.186039104292509 -11.117140070078907 6.426472711558863
-8.333555909430494 -13.249432016262489 8.624807694012453
-9.402976196937836 -14.301437344145429 10.415560104936013
-10.077903812656254 -14.956929305657324 12.019555410113686
-10.544485272251865 -15.402244180543324 13.511127619679577
-10.8765473176114 -15.711416015153105 14.92314006309771
-11.110008528378401 -15.920584636448874 16.27202131622728
-11.264973475058058 -16.050085472136228 17.566343020770205
-11.354042983578971 -16.11335310617813 18.81027542439226
-11.386532782916497 -16.119310953598855 20.00601238139778
-11.369240388635443 -16.07418692793501 21.153462387411707
-11.308536464030237 -15.98712837308797 22.25254528734657
-11.210640367693784 -15.863050297797168 23.301609082137894
-11.08190746501996 -15.708572412970772 24.29913659206424
-10.928770339213804 -15.530378963432202 25.2436068745086
-10.757607226988926 -15.335081645459995 26.133699547485477
-10.574514186220856 -15.128986285447287 26.968455638703706
-10.384943101175308 -14.917725413543506 27.747398548773806
-10.192922758222362 -14.705473968292397 28.470601998167652
-10.002372852073472 -14.49625797881706 29.13850238726906
-9.816147646236978 -14.29299292994697 29.7520175299933
-9.636144785491485 -14.097587297723134 30.31247292989556
-9.464027640170446 -13.912347224582362 30.82244824297632
-9.296064748232634 -13.72645200583292 31.281847831445432
-9.139094197730152 -13.561890103576747 31.69528154068774
-8.988658852990518 -13.405138173739832 32.06340543075985
-8.844458509850408 -13.25616524049335 32.38842600632905
-8.70452058980843 -13.113194678462971 32.67267663407672
-8.568671267308304 -12.976173071914497 32.918109306819844
-8.434061183831874 -12.842301068622382 33.12690557259936
-8.299509024468414 -12.710392210859247 33.30076643003739
-8.161331578106184 -12.57607107154621 33.441587715730826
-8.018213783960729 -12.436677734931468 33.549038114719394
-7.869182655855425 -12.297432518727371 33.62841971581156
-7.7098662364174535 -12.148928471192583 33.67717697277939
-7.538131127957264 -11.989349195796697 33.69595227201667
-7.351474813392346 -11.81650557336961 33.68517884775281
-7.146766883932786 -11.627537227555642 33.64499995035237
-6.92442463236942 -11.424313520541888 33.57448682975753
-6.673523112503012 -11.191733390353757 33.47228695479364
-6.39407962804188 -10.934214331157666 33.34022860898551
-6.077485198444382 -10.640123823635316 33.17437576618326
-5.714157187300591 -10.29887875136238 32.97237464174226
-5.289704215546045 -9.894692307759883 32.730758414904436
-4.780886935319856 -9.40270783688213 32.444739822321864
-4.140356784317769 -8.775880789600825 32.109222887807626
-3.2716442213349506 -7.9150084519086175 31.71537892206505
-1.8904243347119776 -6.538925058872917 31.264809911327013
1.1727509720927647 -3.479122716595997 30.776361148843915
17.244747173361464 12.590518996551667 30.319614660071117
17.245847157574623 -12.59164665202648 30.322233501042117
1.17357275131917 3.4782704687859116 30.778977694291278
-1.8900731649361575 6.538638226660851 31.267374199020853
-3.2716066909421953 7.914894568177469 31.71767314457737
-4.140182247546111 8.77496015646298 32.11091873978559
-4.781073459798074 9.402985020565184 32.44695369683577
-5.289884309299742 9.894692500760371 32.732825649028385
-5.714546012980995 10.299298123332372 32.97440981121315
-6.077943808189524 10.640774590221316 33.17640003889717
-6.394545962032843 10.935085461117554 33.34230970043892
-6.674045946056775 11.193012480680867 33.474503426251935
-6.9247126643925965 11.424662876654802 33.576594406951344
-7.146730730106523 11.627851744019043 33.647385493244585
-7.35132357040491 11.816589455745943 33.68765024384653
-7.5378979215875885 11.989271022170932 33.69853109856035
-7.709621133816174 12.148791675795215 33.679864319673435
-7.869018993473588 12.297363242352764 33.63119091898587
-8.018243555060419 12.436821186704558 33.551841615658034
-8.161653214181879 12.57637239127409 33.44424175415056
-8.300336674900521 12.711478014496631 33.30340604195971
-8.434524100661731 12.842764751534446 33.1294316895015
-8.56891065956291 12.9762591078014 32.92058680819553
-8.704603818957487 13.113016613940141 32.675131824816326
-8.844411807890573 13.255752207701507 32.390857493716894
-8.988490185722954 13.404469173716246 32.06578860389895
-9.138798970276934 13.560909087128199 31.6975735374241
-9.295623343916692 13.725073037763776 31.283994122533247
-9.464025596425227 13.912261839229158 30.825090275912068
-9.636327572744118 14.097774275772013 30.31485068584999
-9.816306768080665 14.29299493980242 29.754420238112917
-10.00252077839422 14.496154018525182 29.14089796330041
-10.193067776301794 14.705321930148141 28.472963988247674
-10.385078323749177 14.917552843241623 27.74970586973138
-10.574639760623661 15.12881446362176 26.97068787189446
-10.75774611314769 15.334943303534098 26.135832254467072
-10.9289112431684 15.530263169962291 25.245619776976426
-11.08203837195227 15.708460029552723 24.30101169241447
-11.210752111804588 15.862919402805934 23.303329835246366
-11.308626365855709 15.98695965061196 22.25409569375534
-11.369316761886747 16.073969796353783 21.154825767140327
-11.386627312271894 16.119141440220613 20.00743874076153
-11.354020539366353 16.113051136031423 18.811573657140226
-11.264926819912024 16.04959897960437 17.567432771000796
-11.109928642349685 15.920093711525576 16.27299373496755
-10.876444083970146 15.710908578719696 14.923981561250745
-10.544370232916322 15.401716284937848 13.511825633716803
-10.077791145038425 14.956384943198138 12.02009750283075
-9.40288397145033 14.30088867581709 10.415932221320379
-8.333510414241697 13.248902806464319 8.624990011803805
-6.186095229396449 11.116685314470379 6.426425466067055
-6.186039104292509 -11.117140070078907 6.426472711558863
-8.333555909430494 -13.249432016262489 8.624807694012453
-9.402976196937836 -14.301437344145429 10.415560104936013
-10.077903812656254 -14.956929305657324 12.019555410113686
-10.544485272251865 -15.402244180543324 13.511127619679577
-10.8765473176114 -15.711416015153105 14.92314006309771
-11.110008528378401 -15.920584636448874 16.27202131622728
-11.264973475058058 -16.050085472136228 17.566343020770205
-11.354042983578971 -16.11335310617813 18.81027542439226
-11.386532782916497 -16.119310953598855 20.00601238139778
-11.369240388635443 -16.07418692793501 21.153462387411707
-11.308536464030237 -15.98712837308797 22.25254528734657
-11.210640367693784 -15.863050297797168 23.301609082137894
-11.08190746501996 -15.708572412970772 24.29913659206424
-10.928770339213804 -15.530378963432202 25.2436068745086
-10.757607226988926 -15.335081645459995 26.133699547485477
-10.574514186220856 -15.128986285447287 26.968455638703706
-10.384943101175308 -14.917725413543506 27.747398548773806
-10.192922758222362 -14.705473968292397 28.470601998167652
-10.002372852073472 -14.49625797881706 29.13850238726906
-9.816147646236978 -14.29299292994697 29.7520175299933
-9.636144785491485 -14.097587297723134 30.31247292989556
-9.464027640170446 -13.912347224582362 30.82244824297632
-9.296064748232634 -13.72645200583292 31.281847831445432
-9.139094197730152 -13.561890103576747 31.69528154068774
-8.988658852990518 -13.405138173739832 32.06340543075985
-8.844458509850408 -13.25616524049335 32.38842600632905
-8.70452058980843 -13.113194678462971 32.67267663407672
-8.568671267308304 -12.976173071914497 32.918109306819844
-8.434061183831874 -12.842301068622382 33.12690557259936
-8.299509024468414 -12.710392210859247 33.30076643003739
-8.161331578106184 -12.57607107154621 33.441587715730826
-8.018213783960729 -12.436677734931468 33.549038114719394
-7.869182655855425 -12.297432518727371 33.62841971581156
-7.7098662364174535 -12.148928471192583 33.67717697277939
-7.538131127957264 -11.989349195796697 33.69595227201667
-7.351474813392346 -11.81650557336961 33.68517884775281
-7.146766883932786 -11.627537227555642 33.64499995035237
-6.92442463236942 -11.424313520541888 33.57448682975753
-6.673523112503012 -11.191733390353757 33.47228695479364
-6.39407962804188 -10.934214331157666 33.34022860898551
-6.077485198444382 -10.640123823635316 33.17437576618326
-5.714157187300591 -10.29887875136238 32.97237464174226
-5.289704215546045 -9.894692307759883 32.730758414904436
-4.780886935319856 -9.40270783688213 32.444739822321864
-4.140356784317769 -8.775880789600825 32.109222887807626
-3.2716442213349506 -7.9150084519086175 31.71537892206505
-1.8904243347119776 -6.538925058872917 31.264809911327013
1.1727509720927647 -3.479122716595997 30.776361148843915
17.244747173361464 12.590518996551667 30.319614660071117
17.245847157574623 -12.59164665202648 30.322233501042117
1.17357275131917 3.4782704687859116 30.778977694291278
-1.8900731649361575 6.538638226660851 31.267374199020853
-3.2716066909421953 7.914894568177469 31.71767314457737
-4.140182247546111 8.77496015646298 32.11091873978559
-4.781073459798074 9.402985020565184 32.44695369683577
-5.289884309299742 9.894692500760371 32.732825649028385
-5.714546012980995 10.299298123332372 32.97440981121315
-6.077943808189524 10.640774590221316 33.17640003889717
-6.394545962032843 10.935085461117554 33.34230970043892
-6.674045946056775 11.193012480680867 33.474503426251935
-6.9247126643925965 11.424662876654802 33.576594406951344
-7.146730730106523 11.627851744019043 33.647385493244585
-7.35132357040491 11.816589455745943 33.68765024384653
-7.5378979215875885 11.989271022170932 33.69853109856035
-7.709621133816174 12.148791675795215 33.679864319673435
-7.869018993473588 12.297363242352764 33.63119091898587
-8.018243555060419 12.436821186704558 33.551841615658034
-8.161653214181879 12.57637239127409 33.44424175415056
-8.300336674900521 12.711478014496631 33.30340604195971
-8.434524100661731 12.842764751534446 33.1294316895015
-8.56891065956291 12.9762591078014 32.92058680819553
-8.704603818957487 13.113016613940141 32.675131824816326
-8.844411807890573 13.255752207701507 32.390857493716894
-8.988490185722954 13.404469173716246 32.06578860389895
-9.138798970276934 13.560909087128199 31.6975735374241
-9.295623343916692 13.725073037763776 31.283994122533247
-9.464025596425227 13.912261839229158 30.825090275912068
-9.636327572744118 14.097774275772013 30.31485068584999
-9.816306768080665 14.29299493980242 29.754420238112917
-10.00252077839422 14.496154018525182 29.14089796330041
-10.193067776301794 14.705321930148141 28.472963988247674
-10.385078323749177 14.917552843241623 27.74970586973138
-10.574639760623661 15.12881446362176 26.97068787189446
-10.75774611314769 15.334943303534098 26.135832254467072
-10.9289112431684 15.530263169962291 25.245619776976426
-11.08203837195227 15.708460029552723 24.30101169241447
-11.210752111804588 15.862919402805934 23.303329835246366
-11.308626365855709 15.98695965061196 22.25409569375534
-11.369316761886747 16.073969796353783 21.154825767140327
-11.386627312271894 16.119141440220613 20.00743874076153
-11.354020539366353 16.113051136031423 18.811573657140226
-11.264926819912024 16.04959897960437 17.567432771000796
-11.109928642349685 15.920093711525576 16.27299373496755
-10.876444083970146 15.710908578719696 14.923981561250745
-10.544370232916322 15.401716284937848 13.511825633716803
-10.077791145038425 14.956384943198138 12.02009750283075
-9.40288397145033 14.30088867581709 10.415932221320379
-8.333510414241697 13.248902806464319 8.624990011803805
-6.186095229396449 11.116685314470379 6.426425466067055

VECTORS D float
-0.011855298616847683 -0.0 -0.005528216534750437
-0.018971353350440028 -0.0 -0.008846487352874676
-0.023106454959247198 -0.0 -0.010774716900310514
-0.02578927169228626 -0.0 -0.012025734888353004
-0.027366955336870134 -0.0 -0.012761420853968353
-0.02793731424565042 -0.0 -0.01302738358102953
-0.02752160553122703 -0.0 -0.012833535423932134
-0.026115024467367746 -0.0 -0.012177635902038743
-0.02370671714785513 -0.0 -0.011054623755759274
-0.0202916231440998 -0.0 -0.009462139268488948
-0.015872012893985 -0.0 -0.007401241162800087
-0.010463985448740274 -0.0 -0.00487943654957006
-0.004108067786734785 -0.0 -0.0019156234691742858
0.003135203281531248 0.0 0.001461969300050703
0.01118495399794962 0.0 0.005215629705355276
0.019942870413956437 0.0 0.009299513199620633
0.029298137063782106 0.0 0.013661945682516403
0.03913538708634822 0.0 0.01824913070322441
0.04935064424358845 0.0 0.02301258334566819
0.05983366679269436 0.0 0.027900897040927818
0.07048647271456748 0.0 0.03286838202313617
0.08122515786823875 0.0 0.03787591314880847
0.09197767156844326 0.0 0.04288989263163038
0.10275124816490212 0.0 0.047913693904278604
0.11339482020357072 0.0 0.052876873056034175
0.12394097454394663 0.0 0.05779462558903606
0.13436158383145025 0.0 0.0626538355024401
0.14467050627712785 0.0 0.06746096498618552
0.15484482500208901 0.0 0.0722053277241447
0.16493002111397626 0.0 0.07690813190511274
0.17493634671678632 0.0 0.0815741581636955
0.1849439599921282 0.0 0.08624078487384106
0.19495839993123276 0.0 0.09091059490957878
0.205048346743591 0.0 0.09561561437855803
0.21528475055221527 0.0 0.10038892786648657
0.22572661027840543 0.0 0.10525804702218927
0.23644725413567355 0.0 0.11025716535318575
0.2475416734040997 0.0 0.11543057802083521
0.25899353317270707 0.0 0.12077066793105398
0.2711223523810662 0.0 0.12642642921228928
0.28398227798096976 0.0 0.13242311100282783
0.29781804174877974 0.0 0.1388748336041811
0.312948312864921 0.0 0.1459301948955991
0.3298568171245767 0.0 0.153814759919823
0.34934007247670806 0.0 0.16289995109631122
0.3730773498265195 0.0 0.17396882530827748
0.404534906768288 0.0 0.18863772501707107
0.45433178082494424 0.0 0.21185838874186982
0.5664562443939946 0.0 0.2641428847706392
1.1665632851690693 0.0 0.5439773935967905
1.1666495672367478 0.0 0.5440176275857105
0.5665307511930715 0.0 0.26417762786163335
0.4543871702038048 0.0 0.211884217233413
0.4045738006300635 0.0 0.1886558615226722
0.37311059642341976 0.0 0.1739843284510197
0.34936862579727446 0.0 0.16291326572835707
0.3298827439855369 0.0 0.15382684981364064
0.3129664588410285 0.0 0.14593865650322277
0.29783343129132966 0.0 0.13888200986572763
0.2839979185717765 0.0 0.1324304043300991
0.2711378499601171 0.0 0.12643365585208358
0.25901414047842797 0.0 0.12078027727552558
0.24757495706595123 0.0 0.11544609844724803
0.23648414300609566 0.0 0.11027436691596426
0.2257662556595102 0.0 0.10527653396700892
0.21532509885513942 0.0 0.10040774258913364
0.20508656086645527 0.0 0.09563343391669933
0.19499105992746368 0.0 0.09092582451593659
0.1849667512882209 0.0 0.08625141262974836
0.1749461045004118 0.0 0.08157870829292668
0.1649468363903504 0.0 0.07691597299726
0.154865738432773 0.0 0.07221507981703094
0.14469402316016008 0.0 0.06747193108883939
0.13438692802598254 0.0 0.06266565369444027
0.12396757960275487 0.0 0.05780703173170399
0.11342224091865223 0.0 0.05288965954546878
0.10277925692821836 0.0 0.047926754605108424
0.09200079461883713 0.0 0.042900675087108944
0.08124187629617166 0.0 0.0378837090797859
0.07050317218298033 0.0 0.0328761691131442
0.05984984129180445 0.0 0.02790843933372967
0.049365952923724477 0.0 0.02301972190045187
0.03914980224865006 0.0 0.01825585260379931
0.029311538581743467 0.0 0.013668194912972683
0.019954813373343268 0.0 0.009305082293043748
0.011195544349332233 0.0 0.005220568067307542
0.0031445656810871786 0.0 0.0014663350586623404
-0.004099841967843705 -0.0 -0.0019117877068307795
-0.010456877778598822 -0.0 -0.004876122188551461
-0.015866114413006015 -0.0 -0.0073984906559481055
-0.020285996009602823 -0.0 -0.009459515292579539
-0.023700954287103324 -0.0 -0.011051936489657825
-0.026110310538738166 -0.0 -0.012175437761018773
-0.027517438251156018 -0.0 -0.012831592189321344
-0.027933779944268225 -0.0 -0.013025735509228784
-0.027364114733415202 -0.0 -0.012760096258823538
-0.02578716472090405 -0.0 -0.012024752391461965
-0.023105104257604644 -0.0 -0.01077408705779071
-0.01897077910983931 -0.0 -0.008846219580084937
-0.011855589136936802 -0.0 -0.005528352006492841
-0.011855298616847683 -0.0 -0.005528216534750437
-0.018971353350440028 -0.0 -0.008846487352874676
-0.023106454959247198 -0.0 -0.010774716900310514
-0.02578927169228626 -0.0 -0.012025734888353004
-0.027366955336870134 -0.0 -0.012761420853968353
-0.02793731424565042 -0.0 -0.01302738358102953
-0.02752160553122703 -0.0 -0.012833535423932134
-0.026115024467367746 -0.0 -0.012177635902038743
-0.02370671714785513 -0.0 -0.011054623755759274
-0.0202916231440998 -0.0 -0.009462139268488948
-0.015872012893985 -0.0 -0.007401241162800087
-0.010463985448740274 -0.0 -0.00487943654957006
-0.004108067786734785 -0.0 -0.0019156234691742858
0.003135203281531248 0.0 0.001461969300050703
0.01118495399794962 0.0 0.005215629705355276
0.019942870413956437 0.0 0.009299513199620633
0.029298137063782106 0.0 0.013661945682516403
0.03913538708634822 0.0 0.01824913070322441
0.04935064424358845 0.0 0.02301258334566819
0.05983366679269436 0.0 0.027900897040927818
0.07048647271456748 0.0 0.03286838202313617
0.08122515786823875 0.0 0.03787591314880847
0.09197767156844326 0.0 0.04288989263163038
0.10275124816490212 0.0 0.047913693904278604
0.11339482020357072 0.0 0.052876873056034175
0.12394097454394663 0.0 0.05779462558903606
0.13436158383145025 0.0 0.0626538355024401
0.14467050627712785 0.0 0.06746096498618552
0.15484482500208901 0.0 0.0722053277241447
0.16493002111397626 0.0 0.07690813190511274
0.17493634671678632 0.0 0.0815741581636955
0.1849439599921282 0.0 0.08624078487384106
0.19495839993123276 0.0 0.09091059490957878
0.205048346743591 0.0 0.09561561437855803
0.21528475055221527 0.0 0.10038892786648657
0.22572661027840543 0.0 0.10525804702218927
0.23644725413567355 0.0 0.11025716535318575
0.2475416734040997 0.0 0.11543057802083521
0.25899353317270707 0.0 0.12077066793105398
0.2711223523810662 0.0 0.12642642921228928
0.28398227798096976 0.0 0.13242311100282783
0.29781804174877974 0.0 0.1388748336041811
0.312948312864921 0.0 0.1459301948955991
0.3298568171245767 0.0 0.153814759919823
0.34934007247670806 0.0 0.16289995109631122
0.3730773498265195 0.0 0.17396882530827748
0.404534906768288 0.0 0.18863772501707107
0.45433178082494424 0.0 0.21185838874186982
0.5664562443939946 0.0 0.2641428847706392
1.1665632851690693 0.0 0.5439773935967905
1.1666495672367478 0.0 0.5440176275857105
0.5665307511930715 0.0 0.26417762786163335
0.4543871702038048 0.0 0.211884217233413
0.4045738006300635 0.0 0.1886558615226722
0.37311059642341976 0.0 0.1739843284510197
0.34936862579727446 0.0 0.16291326572835707
0.3298827439855369 0.0 0.15382684981364064
0.3129664588410285 0.0 0.14593865650322277
0.29783343129132966 0.0 0.13888200986572763
0.2839979185717765 0.0 0.1324304043300991
0.2711378499601171 0.0 0.12643365585208358
0.25901414047842797 0.0 0.12078027727552558
0.24757495706595123 0.0 0.11544609844724803
0.23648414300609566 0.0 0.11027436691596426
0.2257662556595102 0.0 0.10527653396700892
0.21532509885513942 0.0 0.10040774258913364
0.20508656086645527 0.0 0.09563343391669933
0.19499105992746368 0.0 0.09092582451593659
0.1849667512882209 0.0 0.08625141262974836
0.1749461045004118 0.0 0.08157870829292668
0.1649468363903504 0.0 0.07691597299726
0.154865738432773 0.0 0.07221507981703094
0.14469402316016008 0.0 0.06747193108883939
0.13438692802598254 0.0 0.06266565369444027
0.12396757960275487 0.0 0.05780703173170399
0.11342224091865223 0.0 0.05288965954546878
0.10277925692821836 0.0 0.047926754605108424
0.09200079461883713 0.0 0.042900675087108944
0.08124187629617166 0.0 0.0378837090797859
0.07050317218298033 0.0 0.0328761691131442
0.05984984129180445 0.0 0.02790843933372967
0.049365952923724477 0.0 0.02301972190045187
0.03914980224865006 0.0 0.01825585260379931
0.029311538581743467 0.0 0.013668194912972683
0.019954813373343268 0.0 0.009305082293043748
0.011195544349332233 0.0 0.005220568067307542
0.0031445656810871786 0.0 0.0014663350586623404
-0.004099841967843705 -0.0 -0.0019117877068307795
-0.010456877778598822 -0.0 -0.004876122188551461
-0.015866114413006015 -0.0 -0.0073984906559481055
-0.020285996009602823 -0.0 -0.009459515292579539
-0.023700954287103324 -0.0 -0.011051936489657825
-0.026110310538738166 -0.0 -0.012175437761018773
-0.027517438251156018 -0.0 -0.012831592189321344
-0.027933779944268225 -0.0 -0.013025735509228784
-0.027364114733415202 -0.0 -0.012760096258823538
-0.02578716472090405 -0.0 -0.012024752391461965
-0.023105104257604644 -0.0 -0.01077408705779071
-0.01897077910983931 -0.0 -0.008846219580084937
-0.011855589136936802 -0.0 -0.005528352006492841

VECTORS funs-vector float
0.0 0.0 -0.05785140081075083
0.0 0.0 -0.08872804984668828
0.0 0.0 -0.11381123076069181
0.0 0.0 -0.1361851464862234
0.0 0.0 -0.15688141798778077
0.0 0.0 -0.17634935863840154
0.0 0.0 -0.19481963550775178
0.0 0.0 -0.21242218500225046
0.0 0.0 -0.22923521256182425
0.0 0.0 -0.245194323640162
0.0 0.0 -0.26176465807271154
0.0 0.0 -0.27715465399491623
0.0 0.0 -0.29079321249086126
0.0 0.0 -0.3030781408558274
0.0 0.0 -0.3142207615545052
0.0 0.0 -0.3243222976714746
0.0 0.0 -0.3334941064539079
0.0 0.0 -0.3421064857068321
0.0 0.0 -0.35092266160043367
0.0 0.0 -0.3577512464604293
0.0 0.0 -0.36347297755066305
0.0 0.0 -0.3683874948126794
0.0 0.0 -0.37231595278916546
0.0 0.0 -0.37403388428411827
0.0 0.0 -0.3768444205507129
0.0 0.0 -0.3773689158776715
0.0 0.0 -0.37660174456991974
0.0 0.0 -0.37626600606828153
0.0 0.0 -0.37343113041790726
0.0 0.0 -0.3711715955166962
0.0 0.0 -0.36791779923794565
0.0 0.0 -0.3661441413629577
0.0 0.0 -0.36359940019570697
0.0 0.0 -0.3608693931537411
0.0 0.0 -0.3571152734298836
0.0 0.0 -0.3526452322810409
0.0 0.0 -0.34788009940950626
0.0 0.0 -0.34247644458072035
0.0 0.0 -0.3302877347547156
0.0 0.0 -0.32300306613617064
0.0 0.0 -0.31558396077477635
0.0 0.0 -0.30737276808765107
0.0 0.0 -0.29822240221197666
0.0 0.0 -0.2882571378556863
0.0 0.0 -0.277615469257988
0.0 0.0 -0.27226062047718685
0.0 0.0 -0.26380700037085286
0.0 0.0 -0.2546136068336147
0.0 0.0 -0.24573437740042314
0.0 0.0 -0.23883882736240808
0.0 0.0 -0.23887318067685864
0.0 0.0 -0.24592836487681913
0.0 0.0 -0.25410219099433756
0.0 0.0 -0.2621916753859095
0.0 0.0 -0.26937020939802253
0.0 0.0 -0.2717496589290966
0.0 0.0 -0.2812925231565296
0.0 0.0 -0.2906790988703098
0.0 0.0 -0.2995170213107506
0.0 0.0 -0.30755228378930427
0.0 0.0 -0.31469695037825707
0.0 0.0 -0.3199906601761423
0.0 0.0 -0.33404172758501915
0.0 0.0 -0.3405402812338753
0.0 0.0 -0.3461974897285266
0.0 0.0 -0.351360788787469
0.0 0.0 -0.3555452711880105
0.0 0.0 -0.3583960722583126
0.0 0.0 -0.36096816561178796
0.0 0.0 -0.36190452292978076
0.0 0.0 -0.365356412634734
0.0 0.0 -0.36799971337103
0.0 0.0 -0.37135194876144983
0.0 0.0 -0.37238588007286993
0.0 0.0 -0.37403299689735686
0.0 0.0 -0.37447797854814674
0.0 0.0 -0.3724715155574876
0.0 0.0 -0.3704951286569502
0.0 0.0 -0.36673085286199963
0.0 0.0 -0.3620539190284612
0.0 0.0 -0.3565750968579194
0.0 0.0 -0.3499313233757615
0.0 0.0 -0.341147884419727
0.0 0.0 -0.33255459244437846
0.0 0.0 -0.32333254088375524
0.0 0.0 -0.3131569191562085
0.0 0.0 -0.30193187425232804
0.0 0.0 -0.2895776259503791
0.0 0.0 -0.27591595448413075
0.0 0.0 -0.26058259315740834
0.0 0.0 -0.24399250405113168
0.0 0.0 -0.22826268523140128
0.0 0.0 -0.21163364248529482
0.0 0.0 -0.1941807577685405
0.0 0.0 -0.17582600242549395
0.0 0.0 -0.15644487575948712
0.0 0.0 -0.13581580673114313
0.0 0.0 -0.11349972559679797
0.0 0.0 -0.08847663919507331
0.0 0.0 -0.057679245617005145
0.0 0.0 -0.05785140081075083
0.0 0.0 -0.08872804984668828
0.0 0.0 -0.11381123076069181
0.0 0.0 -0.1361851464862234
0.0 0.0 -0.15688141798778077
0.0 0.0 -0.17634935863840154
0.0 0.0 -0.19481963550775178
0.0 0.0 -0.21242218500225046
0.0 0.0 -0.22923521256182425
0.0 0.0 -0.245194323640162
0.0 0.0 -0.26176465807271154
0.0 0.0 -0.27715465399491623
0.0 0.0 -0.29079321249086126
0.0 0.0 -0.3030781408558274
0.0 0.0 -0.3142207615545052
0.0 0.0 -0.3243222976714746
0.0 0.0 -0.3334941064539079
0.0 0.0 -0.3421064857068321
0.0 0.0 -0.35092266160043367
0.0 0.0 -0.3577512464604293
0.0 0.0 -0.36347297755066305
0.0 0.0 -0.3683874948126794
0.0 0.0 -0.37231595278916546
0.0 0.0 -0.37403388428411827
0.0 0.0 -0.3768444205507129
0.0 0.0 -0.3773689158776715
0.0 0.0 -0.37660174456991974
0.0 0.0 -0.37626600606828153
0.0 0.0 -0.37343113041790726
0.0 0.0 -0.3711715955166962
0.0 0.0 -0.36791779923794565
0.0 0.0 -0.3661441413629577
0.0 0.0 -0.36359940019570697
0.0 0.0 -0.3608693931537411
0.0 0.0 -0.3571152734298836
0.0 0.0 -0.3526452322810409
0.0 0.0 -0.34788009940950626
0.0 0.0 -0.34247644458072035
0.0 0.0 -0.3302877347547156
0.0 0.0 -0.32300306613617064
0.0 0.0 -0.31558396077477635
0.0 0.0 -0.30737276808765107
0.0 0.0 -0.29822240221197666
0.0 0.0 -0.2882571378556863
0.0 0.0 -0.277615469257988
0.0 0.0 -0.27226062047718685
0.0 0.0 -0.26380700037085286
0.0 0.0 -0.2546136068336147
0.0 0.0 -0.24573437740042314
0.0 0.0 -0.23883882736240808
0.0 0.0 -0.23887318067685864
0.0 0.0 -0.24592836487681913
0.0 0.0 -0.25410219099433756
0.0 0.0 -0.2621916753859095
0.0 0.0 -0.26937020939802253
0.0 0.0 -0.2717496589290966
0.0 0.0 -0.2812925231565296
0.0 0.0 -0.2906790988703098
0.0 0.0 -0.2995170213107506
0.0 0.0 -0.30755228378930427
0.0 0.0 -0.31469695037825707
0.0 0.0 -0.3199906601761423
0.0 0.0 -0.33404172758501915
0.0 0.0 -0.3405402812338753
0.0 0.0 -0.3461974897285266
0.0 0.0 -0.351360788787469
0.0 0.0 -0.3555452711880105
0.0 0.0 -0.3583960722583126
0.0 0.0 -0.36096816561178796
0.0 0.0 -0.36190452292978076
0.0 0.0 -0.365356412634734
0.0 0.0 -0.36799971337103
0.0 0.0 -0.37135194876144983
0.0 0.0 -0.37238588007286993
0.0 0.0 -0.37403299689735686
0.0 0.0 -0.37447797854814674
0.0 0.0 -0.3724715155574876
0.0 0.0 -0.3704951286569502
0.0 0.0 -0.36673085286199963
0.0 0.0 -0.3620539190284612
0.0 0.0 -0.3565750968579194
0.0 0.0 -0.3499313233757615
0.0 0.0 -0.341147884419727
0.0 0.0 -0.33255459244437846
0.0 0.0 -0.32333254088375524
0.0 0.0 -0.3131569191562085
0.0 0.0 -0.30193187425232804
0.0 0.0 -0.2895776259503791
0.0 0.0 -0.27591595448413075
0.0 0.0 -0.26058259315740834
0.0 0.0 -0.24399250405113168
0.0 0.0 -0.22826268523140128
0.0 0.0 -0.21163364248529482
0.0 0.0 -0.1941807577685405
0.0 0.0 -0.17582600242549395
0.0 0.0 -0.15644487575948712
0.0 0.0 -0.13581580673114313
0.0 0.0 -0.11349972559679797
0.0 0.0 -0.08847663919507331
0.0 0.0 -0.057679245617005145

VECTORS S float
-0.0 -0.05031011206259294 0.0
-0.0 -0.07097270889542352 0.0
-0.0 -0.08849538388949098 0.0
-0.0 -0.10498376902320324 0.0
-0.0 -0.12091190315609274 0.0
-0.0 -0.13639841036739384 0.0
-0.0 -0.15144758892365606 0.0
-0.0 -0.16602041658242717 0.0
-0.0 -0.1800683651812465 0.0
-0.0 -0.19353341169781102 0.0
-0.0 -0.20635259835416042 0.0
-0.0 -0.21852357896293428 0.0
-0.0 -0.23001305209725792 0.0
-0.0 -0.24083019288151353 0.0
-0.0 -0.25100722883105675 0.0
-0.0 -0.2605973785403035 0.0
-0.0 -0.2696703912743743 0.0
-0.0 -0.27830442107497433 0.0
-0.0 -0.28656794483093917 0.0
-0.0 -0.2945402947695978 0.0
-0.0 -0.3022907014175923 0.0
-0.0 -0.309875953936914 0.0
-0.0 -0.3173682583959339 0.0
-0.0 -0.32453712782503147 0.0
-0.0 -0.33191908289305005 0.0
-0.0 -0.3392251043620081 0.0
-0.0 -0.34647385770891914 0.0
-0.0 -0.3536368287187666 0.0
-0.0 -0.36072750009553106 0.0
-0.0 -0.3676805596118126 0.0
-0.0 -0.37446890619266593 0.0
-0.0 -0.3809648910664843 0.0
-0.0 -0.387079711588732 0.0
-0.0 -0.3929675361978822 0.0
-0.0 -0.398320313636491 0.0
-0.0 -0.4030538929126175 0.0
-0.0 -0.4070652439628796 0.0
-0.0 -0.41022037628517466 0.0
-0.0 -0.41254658604370364 0.0
-0.0 -0.4134504550440137 0.0
-0.0 -0.41302564465056885 0.0
-0.0 -0.4107608944845215 0.0
-0.0 -0.4061476524521044 0.0
-0.0 -0.3984326408590082 0.0
-0.0 -0.38643733631427984 0.0
-0.0 -0.3679702392405798 0.0
-0.0 -0.3384531037120096 0.0
-0.0 -0.2850456946406076 0.0
-0.0 -0.15455424966282658 0.0
0.0 0.5697782142257652 -0.0
-0.0 -0.5698292457617075 0.0
0.0 0.15451638996900596 -0.0
0.0 0.2850331910125041 -0.0
0.0 0.3384482339380219 -0.0
0.0 0.36793163734931755 -0.0
0.0 0.3864487281522483 -0.0
0.0 0.3984326486306181 -0.0
0.0 0.40616419084868294 -0.0
0.0 0.41078601726216807 -0.0
0.0 0.4130585504453863 -0.0
0.0 0.413497707820626 -0.0
0.0 0.41255920174016875 -0.0
0.0 0.41023147244934366 -0.0
0.0 0.4070681336158136 -0.0
0.0 0.4030512648980615 -0.0
0.0 0.398315828600158 -0.0
0.0 0.3929653224539818 -0.0
0.0 0.3870841763881065 -0.0
0.0 0.3809740188963649 -0.0
0.0 0.37450089574056533 -0.0
0.0 0.36769383505144315 -0.0
0.0 0.360729891826146 -0.0
0.0 0.3536320266720707 -0.0
0.0 0.3464630623497686 -0.0
0.0 0.33920817491302535 -0.0
0.0 0.33189507310699234 -0.0
0.0 0.3245045246194624 -0.0
0.0 0.3173663105865224 -0.0
0.0 0.309880063860127 -0.0
0.0 0.3022907439251775 -0.0
0.0 0.2945381824661963 -0.0
0.0 0.28656498203908154 -0.0
0.0 0.27830120161110644 -0.0
0.0 0.2696673285933661 -0.0
0.0 0.2605950276207576 -0.0
0.0 0.2510053573378969 -0.0
0.0 0.24082846991652418 -0.0
0.0 0.23001115412959894 -0.0
0.0 0.2185212727426806 -0.0
0.0 0.2063498109244687 -0.0
0.0 0.19353137646798194 -0.0
0.0 0.18006499063404016 -0.0
0.0 0.16601538435422586 -0.0
0.0 0.15144291890696546 -0.0
0.0 0.13639400506599597 -0.0
0.0 0.12090775902868005 -0.0
0.0 0.10497994810371752 -0.0
0.0 0.08849198880316353 -0.0
0.0 0.07096987409821374 -0.0
0.0 0.05030805408675726 -0.0
-0.0 -0.05031011206259294 0.0
-0.0 -0.07097270889542352 0.0
-0.0 -0.08849538388949098 0.0
-0.0 -0.10498376902320324 0.0
-0.0 -0.12091190315609274 0.0
-0.0 -0.13639841036739384 0.0
-0.0 -0.15144758892365606 0.0
-0.0 -0.16602041658242717 0.0
-0.0 -0.1800683651812465 0.0
-0.0 -0.19353341169781102 0.0
-0.0 -0.20635259835416042 0.0
-0.0 -0.21852357896293428 0.0
-0.0 -0.23001305209725792 0.0
-0.0 -0.24083019288151353 0.0
-0.0 -0.25100722883105675 0.0
-0.0 -0.2605973785403035 0.0
-0.0 -0.2696703912743743 0.0
-0.0 -0.27830442107497433 0.0
-0.0 -0.28656794483093917 0.0
-0.0 -0.2945402947695978 0.0
-0.0 -0.3022907014175923 0.0
-0.0 -0.309875953936914 0.0
-0.0 -0.3173682583959339 0.0
-0.0 -0.32453712782503147 0.0
-0.0 -0.33191908289305005 0.0
-0.0 -0.3392251043620081 0.0
-0.0 -0.34647385770891914 0.0
-0.0 -0.3536368287187666 0.0
-0.0 -0.36072750009553106 0.0
-0.0 -0.3676805596118126 0.0
-0.0 -0.37446890619266593 0.0
-0.0 -0.3809648910664843 0.0
-0.0 -0.387079711588732 0.0
-0.0 -0.3929675361978822 0.0
-0.0 -0.398320313636491 0.0
-0.0 -0.4030538929126175 0.0
-0.0 -0.4070652439628796 0.0
-0.0 -0.41022037628517466 0.0
-0.0 -0.41254658604370364 0.0
-0.0 -0.4134504550440137 0.0
-0.0 -0.41302564465056885 0.0
-0.0 -0.4107608944845215 0.0
-0.0 -0.4061476524521044 0.0
-0.0 -0.3984326408590082 0.0
-0.0 -0.38643733631427984 0.0
-0.0 -0.3679702392405798 0.0
-0.0 -0.3384531037120096 0.0
-0.0 -0.2850456946406076 0.0
-0.0 -0.15455424966282658 0.0
0.0 0.5697782142257652 -0.0
-0.0 -0.5698292457617075 0.0
0.0 0.15451638996900596 -0.0
0.0 0.2850331910125041 -0.0
0.0 0.3384482339380219 -0.0
0.0 0.36793163734931755 -0.0
0.0 0.3864487281522483 -0.0
0.0 0.3984326486306181 -0.0
0.0 0.40616419084868294 -0.0
0.0 0.41078601726216807 -0.0
0.0 0.4130585504453863 -0.0
0.0 0.413497707820626 -0.0
0.0 0.41255920174016875 -0.0
0.0 0.41023147244934366 -0.0
0.0 0.4070681336158136 -0.0
0.0 0.4030512648980615 -0.0
0.0 0.398315828600158 -0.0
0.0 0.3929653224539818 -0.0
0.0 0.3870841763881065 -0.0
0.0 0.3809740188963649 -0.0
0.0 0.37450089574056533 -0.0
0.0 0.36769383505144315 -0.0
0.0 0.360729891826146 -0.0
0.0 0.3536320266720707 -0.0
0.0 0.3464630623497686 -0.0
0.0 0.33920817491302535 -0.0
0.0 0.33189507310699234 -0.0
0.0 0.3245045246194624 -0.0
0.0 0.3173663105865224 -0.0
0.0 0.309880063860127 -0.0
0.0 0.3022907439251775 -0.0
0.0 0.2945381824661963 -0.0
0.0 0.28656498203908154 -0.0
0.0 0.27830120161110644 -0.0
0.0 0.2696673285933661 -0.0
0.0 0.2605950276207576 -0.0
0.0 0.2510053573378969 -0.0
0.0 0.24082846991652418 -0.0
0.0 0.23001115412959894 -0.0
0.0 0.2185212727426806 -0.0
0.0 0.2063498109244687 -0.0
0.0 0.19353137646798194 -0.0
0.0 0.18006499063404016 -0.0
0.0 0.16601538435422586 -0.0
0.0 0.15144291890696546 -0.0
0.0 0.13639400506599597 -0.0
0.0 0.12090775902868005 -0.0
0.0 0.10497994810371752 -0.0
0.0 0.08849198880316353 -0.0
0.0 0.07096987409821374 -0.0
0.0 0.05030805408675726 -0.0

VECTORS Vvpm_ApA float
-0.09416524903334557 0.23116727900204265 0.38969215836823756
-0.08514137900922525 0.2322986496719218 0.367897926907398
-0.07483990189383628 0.23323010562109273 0.3428126132408954
-0.0630881886310627 0.23477636518345044 0.31344172042339874
-0.0508939070717986 0.23477239237625516 0.2831106202806395
-0.03804443302817151 0.2341630274881958 0.2507005802447495
-0.024769372015720492 0.2328609480361306 0.2166739657590013
-0.01129488850388076 0.23081076377271484 0.18149863744824013
0.002164856535057394 0.22798892590496095 0.14563361203012198
0.015414583708354633 0.2244006443231395 0.10951767598599241
0.028229357303117403 0.22000996533722572 0.0737294446848121
0.04059267258170568 0.21502114123661747 0.03821817198032165
0.05229774243087034 0.2093958128437759 0.0036529354580878974
0.06326524178461437 0.2032182822765251 -0.02970393191954726
0.07347638429847345 0.19656784073040068 -0.06181846135412011
0.08279422075864545 0.18944927366422892 -0.09205031644695466
0.09128598940400057 0.1820233543094764 -0.12059434808178894
0.09891987357306437 0.17433851102734296 -0.14724475257413955
0.1057308231440366 0.16649527150766574 -0.1718599571379244
0.11174443320301145 0.15852152484132742 -0.19460188880688278
0.11684338781336565 0.1506609323174036 -0.21406207154565898
0.12139077144349272 0.14247924454385094 -0.23288032317712956
0.1252440299015554 0.13440597731327764 -0.24975334907338087
0.12828989173733207 0.12667491464214553 -0.2646304923921088
0.13072552073353466 0.11883157404754122 -0.27708000081622386
0.1326454786633259 0.11117933645167113 -0.2880794140552435
0.13401045356977734 0.10366234058162122 -0.29682268096375664
0.1349437721265535 0.09634291691187197 -0.3042753829843894
0.13541368059077183 0.08917316339479418 -0.3099062634398456
0.135540245296999 0.08222326402644946 -0.31439627918833785
0.135602575709298 0.07609702571170048 -0.3178397785058882
0.13500339250469845 0.06920289340934765 -0.3189403161174856
0.13390657643898557 0.06258107180640599 -0.31855025991574903
0.13264576630756425 0.05589539507020949 -0.31625250158839086
0.13115040204407366 0.049295406951585886 -0.31292944007092777
0.12936399675833724 0.04271415655561808 -0.30835357409477826
0.12719069964953642 0.036071913556155175 -0.30224677281226375
0.12469831516956571 0.029349800475476306 -0.29445733248671013
0.1216610873285516 0.02264622896641169 -0.2863463571253351
0.11770074244407867 0.0159543108402678 -0.27538389445093603
0.11314754254257507 0.009226828289643815 -0.2623148972056932
0.10766135855924791 0.0027049133702171484 -0.24717830601131666
0.1010861878194009 -0.003368354727616679 -0.22961590734496798
0.09344258626356705 -0.008918222932270372 -0.20906180569868985
0.08429901083419176 -0.013000047757792165 -0.18601519718305037
0.07414634168445577 -0.015009608790175247 -0.16115825531325226
0.06443499467486932 -0.014233956028683398 -0.13902404367672172
0.05698740732226738 -0.01061893858028229 -0.12374109151398371
0.05323739665694424 -0.005759404660616207 -0.1181709949167739
0.05255329149320099 -0.002063038335363182 -0.12047689346885278
0.0526667900798987 -0.0003922776656877981 -0.12366430513946096
0.05243788654308402 0.0014958756871987912 -0.11958536160495048
0.05320521081212316 0.005212560731064189 -0.11789363812736982
0.05696194414409518 0.010066138937065166 -0.12349620578738857
0.06442272230635003 0.013667219343194911 -0.13885299328464504
0.07413996706698689 0.014434552621105426 -0.1610520657216533
0.08428478355354872 0.012393888723528283 -0.18596287904198278
0.09348337150045494 0.008274204859955005 -0.20933008144030524
0.1011828844147886 0.0028652565002326297 -0.2298287380778185
0.10778298024213731 -0.0032498171835397237 -0.24746857011984558
0.11328378143988053 -0.009794305532241889 -0.26261637095399293
0.11783300080470248 -0.016517945262535912 -0.2755862852023821
0.12170839920175652 -0.02324446526793776 -0.28648376448123214
0.12477050101347968 -0.02996731639684694 -0.29470535735458087
0.12724214202412082 -0.03659777646667883 -0.30216664824382494
0.1294259015995585 -0.04324648248007479 -0.3082508516078155
0.1312140167858422 -0.04983546039338441 -0.31280845952657127
0.13270703212021526 -0.056444465882388294 -0.3161316472954706
0.13396761752471148 -0.06314193798423712 -0.318467380180186
0.1350644301040042 -0.06982090690348475 -0.3188728810756677
0.13566722695864555 -0.07670554149000887 -0.317688665910602
0.13571267611361476 -0.08300591994631867 -0.31466983882558963
0.13558130469858715 -0.08993722106058205 -0.31012654904333387
0.13510780986480656 -0.0970927761293805 -0.3044394057583489
0.13417103408230846 -0.10440012520605621 -0.29692720913642145
0.13280196054000384 -0.11190552901379927 -0.2881205136255191
0.13087623576137003 -0.11954634112079845 -0.27705003566357655
0.12843451857443083 -0.1273763960374339 -0.26452702030335723
0.12536435528755807 -0.13520961867866937 -0.24959649411106205
0.12153130540658465 -0.14330473039064368 -0.23278477744168416
0.11700286906316244 -0.15150875777804257 -0.21406065565272836
0.11190128246967859 -0.15933805055130218 -0.1946285677462914
0.10589439107740378 -0.16731965806972143 -0.1719015334194065
0.09908725016058997 -0.1751692976252816 -0.1472978306708455
0.09145857497859691 -0.18285930203315665 -0.12065747549103321
0.08297203904718599 -0.19028968567113191 -0.09212450652254048
0.07365880617927818 -0.1974113504131678 -0.061902044091143194
0.06345429075071515 -0.2040863877547085 -0.029856742935081892
0.05248495819556835 -0.2102585236697617 0.0035288349682445204
0.04077802571845819 -0.2158779027030987 0.03811945177839918
0.028412595402221616 -0.22086007556312204 0.07365374183733239
0.015646023138974632 -0.2252671171613979 0.10930039121766623
0.0024051339072036215 -0.22885556846257646 0.1453955093609378
-0.011046246781700561 -0.23167675452381142 0.18124376918566384
-0.02451296114458118 -0.23372555531140454 0.2164064292195317
-0.03778093218669405 -0.23502563973573595 0.25042428625949825
-0.05062404662906356 -0.23563254049758534 0.28282910537946737
-0.06281272274034766 -0.23563373664029663 0.31315800492284374
-0.07457200090780688 -0.23411825208798306 0.3426115670858503
-0.08486945904513327 -0.23318741762568626 0.36769129773320475
-0.09416524903334557 0.23116727900204265 0.38969215836823756
-0.08514137900922525 0.2322986496719218 0.367897926907398
-0.07483990189383628 0.23323010562109273 0.3428126132408954
-0.0630881886310627 0.23477636518345044 0.31344172042339874
-0.0508939070717986 0.23477239237625516 0.2831106202806395
-0.03804443302817151 0.2341630274881958 0.2507005802447495
-0.024769372015720492 0.2328609480361306 0.2166739657590013
-0.01129488850388076 0.23081076377271484 0.18149863744824013
0.002164856535057394 0.22798892590496095 0.14563361203012198
0.015414583708354633 0.2244006443231395 0.10951767598599241
0.028229357303117403 0.22000996533722572 0.0737294446848121
0.04059267258170568 0.21502114123661747 0.03821817198032165
0.05229774243087034 0.2093958128437759 0.0036529354580878974
0.06326524178461437 0.2032182822765251 -0.02970393191954726
0.07347638429847345 0.19656784073040068 -0.06181846135412011
0.08279422075864545 0.18944927366422892 -0.09205031644695466
0.09128598940400057 0.1820233543094764 -0.12059434808178894
0.09891987357306437 0.17433851102734296 -0.14724475257413955
0.1057308231440366 0.16649527150766574 -0.1718599571379244
0.11174443320301145 0.15852152484132742 -0.19460188880688278
0.11684338781336565 0.1506609323174036 -0.21406207154565898
0.12139077144349272 0.14247924454385094 -0.23288032317712956
0.1252440299015554 0.13440597731327764 -0.24975334907338087
0.12828989173733207 0.12667491464214553 -0.2646304923921088
0.13072552073353466 0.11883157404754122 -0.27708000081622386
0.1326454786633259 0.11117933645167113 -0.2880794140552435
0.13401045356977734 0.10366234058162122 -0.29682268096375664
0.1349437721265535 0.09634291691187197 -0.3042753829843894
0.13541368059077183 0.08917316339479418 -0.3099062634398456
0.135540245296999 0.08222326402644946 -0.31439627918833785
0.135602575709298 0.07609702571170048 -0.3178397785058882
0.13500339250469845 0.06920289340934765 -0.3189403161174856
0.13390657643898557 0.06258107180640599 -0.31855025991574903
0.13264576630756425 0.05589539507020949 -0.31625250158839086
0.13115040204407366 0.049295406951585886 -0.31292944007092777
0.12936399675833724 0.04271415655561808 -0.30835357409477826
0.12719069964953642 0.036071913556155175 -0.30224677281226375
0.12469831516956571 0.029349800475476306 -0.29445733248671013
0.1216610873285516 0.02264622896641169 -0.2863463571253351
0.11770074244407867 0.0159543108402678 -0.27538389445093603
0.11314754254257507 0.009226828289643815 -0.2623148972056932
0.10766135855924791 0.0027049133702171484 -0.24717830601131666
0.1010861878194009 -0.003368354727616679 -0.22961590734496798
0.09344258626356705 -0.008918222932270372 -0.20906180569868985
0.08429901083419176 -0.013000047757792165 -0.18601519718305037
0.07414634168445577 -0.015009608790175247 -0.16115825531325226
0.06443499467486932 -0.014233956028683398 -0.13902404367672172
0.05698740732226738 -0.01061893858028229 -0.12374109151398371
0.05323739665694424 -0.005759404660616207 -0.1181709949167739
0.05255329149320099 -0.002063038335363182 -0.12047689346885278
0.0526667900798987 -0.0003922776656877981 -0.12366430513946096
0.05243788654308402 0.0014958756871987912 -0.11958536160495048
0.05320521081212316 0.005212560731064189 -0.11789363812736982
0.05696194414409518 0.010066138937065166 -0.12349620578738857
0.06442272230635003 0.013667219343194911 -0.13885299328464504
0.07413996706698689 0.014434552621105426 -0.1610520657216533
0.08428478355354872 0.012393888723528283 -0.18596287904198278
0.09348337150045494 0.008274204859955005 -0.20933008144030524
0.1011828844147886 0.0028652565002326297 -0.2298287380778185
0.10778298024213731 -0.0032498171835397237 -0.24746857011984558
0.11328378143988053 -0.009794305532241889 -0.26261637095399293
0.11783300080470248 -0.016517945262535912 -0.2755862852023821
0.12170839920175652 -0.02324446526793776 -0.28648376448123214
0.12477050101347968 -0.02996731639684694 -0.29470535735458087
0.12724214202412082 -0.03659777646667883 -0.30216664824382494
0.1294259015995585 -0.04324648248007479 -0.3082508516078155
0.1312140167858422 -0.04983546039338441 -0.31280845952657127
0.13270703212021526 -0.056444465882388294 -0.3161316472954706
0.13396761752471148 -0.06314193798423712 -0.318467380180186
0.1350644301040042 -0.06982090690348475 -0.3188728810756677
0.13566722695864555 -0.07670554149000887 -0.317688665910602
0.13571267611361476 -0.08300591994631867 -0.31466983882558963
0.13558130469858715 -0.08993722106058205 -0.31012654904333387
0.13510780986480656 -0.0970927761293805 -0.3044394057583489
0.13417103408230846 -0.10440012520605621 -0.29692720913642145
0.13280196054000384 -0.11190552901379927 -0.2881205136255191
0.13087623576137003 -0.11954634112079845 -0.27705003566357655
0.12843451857443083 -0.1273763960374339 -0.26452702030335723
0.12536435528755807 -0.13520961867866937 -0.24959649411106205
0.12153130540658465 -0.14330473039064368 -0.23278477744168416
0.11700286906316244 -0.15150875777804257 -0.21406065565272836
0.11190128246967859 -0.15933805055130218 -0.1946285677462914
0.10589439107740378 -0.16731965806972143 -0.1719015334194065
0.09908725016058997 -0.1751692976252816 -0.1472978306708455
0.09145857497859691 -0.18285930203315665 -0.12065747549103321
0.08297203904718599 -0.19028968567113191 -0.09212450652254048
0.07365880617927818 -0.1974113504131678 -0.061902044091143194
0.06345429075071515 -0.2040863877547085 -0.029856742935081892
0.05248495819556835 -0.2102585236697617 0.0035288349682445204
0.04077802571845819 -0.2158779027030987 0.03811945177839918
0.028412595402221616 -0.22086007556312204 0.07365374183733239
0.015646023138974632 -0.2252671171613979 0.10930039121766623
0.0024051339072036215 -0.22885556846257646 0.1453955093609378
-0.011046246781700561 -0.23167675452381142 0.18124376918566384
-0.02451296114458118 -0.23372555531140454 0.2164064292195317
-0.03778093218669405 -0.23502563973573595 0.25042428625949825
-0.05062404662906356 -0.23563254049758534 0.28282910537946737
-0.06281272274034766 -0.23563373664029663 0.31315800492284374
-0.07457200090780688 -0.23411825208798306 0.3426115670858503
-0.08486945904513327 -0.23318741762568626 0.36769129773320475

VECTORS Vkin float
-0.0 -0.0 -0.0
-0.0 -0.0 -0.0
-0.0 -0.0 -0.0
-0.0 -0.0 -0.0
-0.0 -0.0 -0.0
-0.0 -0.0 -0.0
-0.0 -0.0 -0.0
-0.0 -0.0 -0.0
-0.0 -0.0 -0.0
-0.0 -0.0 -0.0
-0.0 -0.0 -0.0
-0.0 -0.0 -0.0
-0.0 -0.0 -0.0
-0.0 -0.0 -0.0
-0.0 -0.0 -0.0
-0.0 -0.0 -0.0
-0.0 -0.0 -0.0
-0.0 -0.0 -0.0
-0.0 -0.0 -0.0
-0.0 -0.0 -0.0
-0.0 -0.0 -0.0
-0.0 -0.0 -0.0
-0.0 -0.0 -0.0
-0.0 -0.0 -0.0
-0.0 -0.0 -0.0
-0.0 -0.0 -0.0
-0.0 -0.0 -0.0
-0.0 -0.0 -0.0
-0.0 -0.0 -0.0
-0.0 -0.0 -0.0
-0.0 -0.0 -0.0
-0.0 -0.0 -0.0
-0.0 -0.0 -0.0
-0.0 -0.0 -0.0
-0.0 -0.0 -0.0
-0.0 -0.0 -0.0
-0.0 -0.0 -0.0
-0.0 -0.0 -0.0
-0.0 -0.0 -0.0
-0.0 -0.0 -0.0
-0.0 -0.0 -0.0
-0.0 -0.0 -0.0
-0.0 -0.0 -0.0
-0.0 -0.0 -0.0
-0.0 -0.0 -0.0
-0.0 -0.0 -0.0
-0.0 -0.0 -0.0
-0.0 -0.0 -0.0
-0.0 -0.0 -0.0
-0.0 -0.0 -0.0
-0.0 -0.0 -0.0
-0.0 -0.0 -0.0
-0.0 -0.0 -0.0
-0.0 -0.0 -0.0
-0.0 -0.0 -0.0
-0.0 -0.0 -0.0
-0.0 -0.0 -0.0
-0.0 -0.0 -0.0
-0.0 -0.0 -0.0
-0.0 -0.0 -0.0
-0.0 -0.0 -0.0
-0.0 -0.0 -0.0
-0.0 -0.0 -0.0
-0.0 -0.0 -0.0
-0.0 -0.0 -0.0
-0.0 -0.0 -0.0
-0.0 -0.0 -0.0
-0.0 -0.0 -0.0
-0.0 -0.0 -0.0
-0.0 -0.0 -0.0
-0.0 -0.0 -0.0
-0.0 -0.0 -0.0
-0.0 -0.0 -0.0
-0.0 -0.0 -0.0
-0.0 -0.0 -0.0
-0.0 -0.0 -0.0
-0.0 -0.0 -0.0
-0.0 -0.0 -0.0
-0.0 -0.0 -0.0
-0.0 -0.0 -0.0
-0.0 -0.0 -0.0
-0.0 -0.0 -0.0
-0.0 -0.0 -0.0
-0.0 -0.0 -0.0
-0.0 -0.0 -0.0
-0.0 -0.0 -0.0
-0.0 -0.0 -0.0
-0.0 -0.0 -0.0
-0.0 -0.0 -0.0
-0.0 -0.0 -0.0
-0.0 -0.0 -0.0
-0.0 -0.0 -0.0
-0.0 -0.0 -0.0
-0.0 -0.0 -0.0
-0.0 -0.0 -0.0
-0.0 -0.0 -0.0
-0.0 -0.0 -0.0
-0.0 -0.0 -0.0
-0.0 -0.0 -0.0
-0.0 -0.0 -0.0
-0.0 -0.0 -0.0
-0.0 -0.0 -0.0
-0.0 -0.0 -0.0
-0.0 -0.0 -0.0
-0.0 -0.0 -0.0
-0.0 -0.0 -0.0
-0.0 -0.0 -0.0
-0.0 -0.0 -0.0
-0.0 -0.0 -0.0
-0.0 -0.0 -0.0
-0.0 -0.0 -0.0
-0.0 -0.0 -0.0
-0.0 -0.0 -0.0
-0.0 -0.0 -0.0
-0.0 -0.0 -0.0
-0.0 -0.0 -0.0
-0.0 -0.0 -0.0
-0.0 -0.0 -0.0
-0.0 -0.0 -0.0
-0.0 -0.0 -0.0
-0.0 -0.0 -0.0
-0.0 -0.0 -0.0
-0.0 -0.0 -0.0
-0.0 -0.0 -0.0
-0.0 -0.0 -0.0
-0.0 -0.0 -0.0
-0.0 -0.0 -0.0
-0.0 -0.0 -0.0
-0.0 -0.0 -0.0
-0.0 -0.0 -0.0
-0.0 -0.0 -0.0
-0.0 -0.0 -0.0
-0.0 -0.0 -0.0
-0.0 -0.0 -0.0
-0.0 -0.0 -0.0
-0.0 -0.0 -0.0
-0.0 -0.0 -0.0
-0.0 -0.0 -0.0
-0.0 -0.0 -0.0
-0.0 -0.0 -0.0
-0.0 -0.0 -0.0
-0.0 -0.0 -0.0
-0.0 -0.0 -0.0
-0.0 -0.0 -0.0
-0.0 -0.0 -0.0
-0.0 -0.0 -0.0
-0.0 -0.0 -0.0
-0.0 -0.0 -0.0
-0.0 -0.0 -0.0
-0.0 -0.0 -0.0
-0.0 -0.0 -0.0
-0.0 -0.0 -0.0
-0.0 -0.0 -0.0
-0.0 -0.0 -0.0
-0.0 -0.0 -0.0
-0.0 -0.0 -0.0
-0.0 -0.0 -0.0
-0.0 -0.0 -0.0
-0.0 -0.0 -0.0
-0.0 -0.0 -0.0
-0.0 -0.0 -0.0
-0.0 -0.0 -0.0
-0.0 -0.0 -0.0
-0.0 -0.0 -0.0
-0.0 -0.0 -0.0
-0.0 -0.0 -0.0
-0.0 -0.0 -0.0
-0.0 -0.0 -0.0
-0.0 -0.0 -0.0
-0.0 -0.0 -0.0
-0.0 -0.0 -0.0
-0.0 -0.0 -0.0
-0.0 -0.0 -0.0
-0.0 -0.0 -0.0
-0.0 -0.0 -0.0
-0.0 -0.0 -0.0
-0.0 -0.0 -0.0
-0.0 -0.0 -0.0
-0.0 -0.0 -0.0
-0.0 -0.0 -0.0
-0.0 -0.0 -0.0
-0.0 -0.0 -0.0
-0.0 -0.0 -0.0
-0.0 -0.0 -0.0
-0.0 -0.0 -0.0
-0.0 -0.0 -0.0
-0.0 -0.0 -0.0
-0.0 -0.0 -0.0
-0.0 -0.0 -0.0
-0.0 -0.0 -0.0
-0.0 -0.0 -0.0
-0.0 -0.0 -0.0
-0.0 -0.0 -0.0
-0.0 -0.0 -0.0
-0.0 -0.0 -0.0
-0.0 -0.0 -0.0
-0.0 -0.0 -0.0
-0.0 -0.0 -0.0
-0.0 -0.0 -0.0
-0.0 -0.0 -0.0

VECTORS Funs-vector float
0.0 0.0 -0.00026180388475992246
0.0 0.0 -0.0004752860382919284
0.0 0.0 -0.000704248692962735
0.0 0.0 -0.0009558933970285586
0.0 0.0 -0.001231562790225802
0.0 0.0 -0.001530974175999693
0.0 0.0 -0.0018532588310284346
0.0 0.0 -0.0021972730118258467
0.0 0.0 -0.0025617268917266225
0.0 0.0 -0.002943878564016609
0.0 0.0 -0.003360407440373818
0.0 0.0 -0.0037883493210172123
0.0 0.0 -0.004216480000916196
0.0 0.0 -0.004646530900555313
0.0 0.0 -0.005078542048760799
0.0 0.0 -0.005511385105691691
0.0 0.0 -0.005944448919332491
0.0 0.0 -0.006382323364404795
0.0 0.0 -0.006838486549040951
0.0 0.0 -0.007268921244408247
0.0 0.0 -0.0076872983754101955
0.0 0.0 -0.008097444191173461
0.0 0.0 -0.008493265989001169
0.0 0.0 -0.008843354601992221
0.0 0.0 -0.009223039967678768
0.0 0.0 -0.009549547957838564
0.0 0.0 -0.009843167831256829
0.0 0.0 -0.010147147236302586
0.0 0.0 -0.010381094440321405
0.0 0.0 -0.01062680116455391
0.0 0.0 -0.010839459047671085
0.0 0.0 -0.011091545374975424
0.0 0.0 -0.011316683921645877
0.0 0.0 -0.011531671842955239
0.0 0.0 -0.011708544342348
0.0 0.0 -0.011855108343810554
0.0 0.0 -0.011984075719906742
0.0 0.0 -0.012082594380499443
0.0 0.0 -0.011927112919315534
0.0 0.0 -0.011932536276258647
0.0 0.0 -0.011920771341472469
0.0 0.0 -0.011866094347455624
0.0 0.0 -0.011760729637777217
0.0 0.0 -0.011607339481615683
0.0 0.0 -0.011409583741279932
0.0 0.0 -0.011415812048346664
0.0 0.0 -0.011280632054781952
0.0 0.0 -0.01109915036055604
0.0 0.0 -0.010916341678411249
0.0 0.0 -0.010808542569182426
0.0 0.0 -0.010810097212812748
0.0 0.0 -0.010924959249937354
0.0 0.0 -0.011076856652974986
0.0 0.0 -0.011211559259979582
0.0 0.0 -0.01129461791617892
0.0 0.0 -0.011168507642974463
0.0 0.0 -0.01132689318365709
0.0 0.0 -0.011463251143475382
0.0 0.0 -0.01156282404474016
0.0 0.0 -0.011617385248600978
0.0 0.0 -0.011625687710448711
0.0 0.0 -0.011555272374499468
0.0 0.0 -0.011785016938938062
0.0 0.0 -0.011731227290415085
0.0 0.0 -0.011638350311839912
0.0 0.0 -0.011519875182510696
0.0 0.0 -0.011361538192040421
0.0 0.0 -0.011154735311234383
0.0 0.0 -0.010934750376999583
0.0 0.0 -0.010662298110038616
0.0 0.0 -0.010460309997210851
0.0 0.0 -0.01023010527869124
0.0 0.0 -0.010014624865915991
0.0 0.0 -0.0097329785865265
0.0 0.0 -0.009465130516587771
0.0 0.0 -0.009165122726555812
0.0 0.0 -0.008806415219628317
0.0 0.0 -0.008451729375922253
0.0 0.0 -0.00806102991020773
0.0 0.0 -0.0076572858932008
0.0 0.0 -0.007245023804729455
0.0 0.0 -0.006819168181044841
0.0 0.0 -0.006364439741476107
0.0 0.0 -0.0059277023174268235
0.0 0.0 -0.005494565630566993
0.0 0.0 -0.005061347868700017
0.0 0.0 -0.0046289573362645504
0.0 0.0 -0.004198854086289709
0.0 0.0 -0.0037714178844240613
0.0 0.0 -0.003345232665575644
0.0 0.0 -0.00292944914789698
0.0 0.0 -0.002550858799571613
0.0 0.0 -0.002189116409957
0.0 0.0 -0.0018471813850407398
0.0 0.0 -0.0015264306672905952
0.0 0.0 -0.0012281358122469912
0.0 0.0 -0.0009533009745636534
0.0 0.0 -0.000702321140619614
0.0 0.0 -0.0004739393167895941
0.0 0.0 -0.0002610248042558625
0.0 0.0 -0.00026180388475992246
0.0 0.0 -0.0004752860382919284
0.0 0.0 -0.000704248692962735
0.0 0.0 -0.0009558933970285586
0.0 0.0 -0.001231562790225802
0.0 0.0 -0.001530974175999693
0.0 0.0 -0.0018532588310284346
0.0 0.0 -0.0021972730118258467
0.0 0.0 -0.0025617268917266225
0.0 0.0 -0.002943878564016609
0.0 0.0 -0.003360407440373818
0.0 0.0 -0.0037883493210172123
0.0 0.0 -0.004216480000916196
0.0 0.0 -0.004646530900555313
0.0 0.0 -0.005078542048760799
0.0 0.0 -0.005511385105691691
0.0 0.0 -0.005944448919332491
0.0 0.0 -0.006382323364404795
0.0 0.0 -0.006838486549040951
0.0 0.0 -0.007268921244408247
0.0 0.0 -0.0076872983754101955
0.0 0.0 -0.008097444191173461
0.0 0.0 -0.008493265989001169
0.0 0.0 -0.008843354601992221
0.0 0.0 -0.009223039967678768
0.0 0.0 -0.009549547957838564
0.0 0.0 -0.009843167831256829
0.0 0.0 -0.010147147236302586
0.0 0.0 -0.010381094440321405
0.0 0.0 -0.01062680116455391
0.0 0.0 -0.010839459047671085
0.0 0.0 -0.011091545374975424
0.0 0.0 -0.011316683921645877
0.0 0.0 -0.011531671842955239
0.0 0.0 -0.011708544342348
0.0 0.0 -0.011855108343810554
0.0 0.0 -0.011984075719906742
0.0 0.0 -0.012082594380499443
0.0 0.0 -0.011927112919315534
0.0 0.0 -0.011932536276258647
0.0 0.0 -0.011920771341472469
0.0 0.0 -0.011866094347455624
0.0 0.0 -0.011760729637777217
0.0 0.0 -0.011607339481615683
0.0 0.0 -0.011409583741279932
0.0 0.0 -0.011415812048346664
0.0 0.0 -0.011280632054781952
0.0 0.0 -0.01109915036055604
0.0 0.0 -0.010916341678411249
0.0 0.0 -0.010808542569182426
0.0 0.0 -0.010810097212812748
0.0 0.0 -0.010924959249937354
0.0 0.0 -0.011076856652974986
0.0 0.0 -0.011211559259979582
0.0 0.0 -0.01129461791617892
0.0 0.0 -0.011168507642974463
0.0 0.0 -0.01132689318365709
0.0 0.0 -0.011463251143475382
0.0 0.0 -0.01156282404474016
0.0 0.0 -0.011617385248600978
0.0 0.0 -0.011625687710448711
0.0 0.0 -0.011555272374499468
0.0 0.0 -0.011785016938938062
0.0 0.0 -0.011731227290415085
0.0 0.0 -0.011638350311839912
0.0 0.0 -0.011519875182510696
0.0 0.0 -0.011361538192040421
0.0 0.0 -0.011154735311234383
0.0 0.0 -0.010934750376999583
0.0 0.0 -0.010662298110038616
0.0 0.0 -0.010460309997210851
0.0 0.0 -0.01023010527869124
0.0 0.0 -0.010014624865915991
0.0 0.0 -0.0097329785865265
0.0 0.0 -0.009465130516587771
0.0 0.0 -0.009165122726555812
0.0 0.0 -0.008806415219628317
0.0 0.0 -0.008451729375922253
0.0 0.0 -0.00806102991020773
0.0 0.0 -0.0076572858932008
0.0 0.0 -0.007245023804729455
0.0 0.0 -0.006819168181044841
0.0 0.0 -0.006364439741476107
0.0 0.0 -0.0059277023174268235
0.0 0.0 -0.005494565630566993
0.0 0.0 -0.005061347868700017
0.0 0.0 -0.0046289573362645504
0.0 0.0 -0.004198854086289709
0.0 0.0 -0.0037714178844240613
0.0 0.0 -0.003345232665575644
0.0 0.0 -0.00292944914789698
0.0 0.0 -0.002550858799571613
0.0 0.0 -0.002189116409957
0.0 0.0 -0.0018471813850407398
0.0 0.0 -0.0015264306672905952
0.0 0.0 -0.0012281358122469912
0.0 0.0 -0.0009533009745636534
0.0 0.0 -0.000702321140619614
0.0 0.0 -0.0004739393167895941
0.0 0.0 -0.0002610248042558625

VECTORS Ftot float
-0.02799463878287982 -0.05031011206259294 0.029082710143763357
-0.04464002961770656 -0.07097270889542352 0.04620016654259785
-0.05818436065046316 -0.08849538388949098 0.06445009461148372
-0.07073753606001056 -0.10498376902320324 0.08436612911312495
-0.08277714384504642 -0.12091190315609274 0.10606611186855491
-0.09442457401529634 -0.13639841036739384 0.1295550051206929
-0.10568606888292446 -0.15144758892365606 0.1547906971716988
-0.11652371523914443 -0.16602041658242717 0.18170442713224502
-0.12688258891731047 -0.1800683651812465 0.2102067472834445
-0.13671021939028977 -0.19353341169781102 0.2401983460574735
-0.14595278168818582 -0.20635259835416042 0.27155786774156737
-0.15457321685817024 -0.21852357896293428 0.30416380751726596
-0.16255345337309127 -0.23001305209725792 0.3378716024435726
-0.16989818311510796 -0.24083019288151353 0.37253326390684804
-0.17663447645651392 -0.25100722883105675 0.4079956981211161
-0.18280986743552782 -0.2605973785403035 0.44410416267009994
-0.18848806683615105 -0.2696703912743743 0.48070596713742886
-0.19374103608618576 -0.27830442107497433 0.5176542318202361
-0.19863113102933008 -0.28656794483093917 0.5548112165786881
-0.20323188594947694 -0.2945402947695978 0.5920467954441865
-0.2076073340092692 -0.3022907014175923 0.6292424750932516
-0.21180997106935143 -0.309875953936914 0.6662917751078814
-0.2158932580596255 -0.3173682583959339 0.7031212318427352
-0.21978863527042047 -0.32453712782503147 0.7396027060716742
-0.223673819903891 -0.33191908289305005 0.7757229044532317
-0.22746343215271173 -0.3392251043620081 0.8113838076475753
-0.23116592194352462 -0.34647385770891914 0.8465301012734713
-0.23474364046106494 -0.3536368287187666 0.881117228405469
-0.2382023843444693 -0.36072750009553106 0.9150977882548084
-0.24147077064314806 -0.3676805596118126 0.9484374423288296
-0.24451708607965494 -0.37446890619266593 0.9810949476271548
-0.24722990017488908 -0.3809648910664843 1.01304061886534
-0.2495592428382094 -0.387079711588732 1.0441817561172433
-0.25146170271342394 -0.3929675361978822 1.0746045747212873
-0.25277919321585507 -0.398320313636491 1.1041552945181103
-0.2534143469166894 -0.4030538929126175 1.1327791456266443
-0.2532499874704638 -0.4070652439628796 1.1604162889319887
-0.2521384660374594 -0.41022037628517466 1.1869980950944399
-0.2500498377661324 -0.41254658604370364 1.2124176997489096
-0.2465365347238582 -0.4134504550440137 1.236549495072076
-0.24152799463548275 -0.41302564465056885 1.2593835274276752
-0.23462069593439505 -0.4107608944845215 1.280693391313123
-0.22534409651705534 -0.4061476524521044 1.3003019920730117
-0.21300215857244675 -0.3984326408590082 1.3179795901628202
-0.1964873571055642 -0.38643733631427984 1.3334306512394378
-0.17360400773357193 -0.3679702392405798 1.346330779909454
-0.13989854182471048 -0.3384531037120096 1.3561790232816413
-0.08240763012297997 -0.2850456946406076 1.3628997700299172
0.05209751460290188 -0.15455424966282658 1.3671887404321437
0.7804031948090304 0.5697782142257652 1.3721003797984905
0.7804529740946045 -0.5698292457617075 1.3722188942562517
0.05213402078048505 0.15451638996900596 1.3673049761189149
-0.08239232188320292 0.2850331910125041 1.363011552801607
-0.13989693699030137 0.3384482339380219 1.3562771263644886
-0.17359668945530946 0.36793163734931755 1.3464018865109522
-0.19649502298477334 0.3864487281522483 1.3335216381960575
-0.2130094104634255 0.3984326486306181 1.3180628321197847
-0.22535943028698457 0.40616419084868294 1.3003822512277083
-0.2346384005168086 0.41078601726216807 1.2807715381546818
-0.24154560979203754 0.4130585504453863 1.25946213793531
-0.24655584949514386 0.413497707820626 1.2366313770380861
-0.2500602389712131 0.41255920174016875 1.2124938070593898
-0.2521371905277854 0.41023147244934366 1.1870822572247102
-0.25324477732071293 0.4070681336158136 1.1605014257304795
-0.2534065070636979 0.4030512648980615 1.1328658397466134
-0.2527711571701037 0.398315828600158 1.1042434030998816
-0.2514564728410217 0.3929653224539818 1.0746931292128123
-0.2495601694352427 0.3870841763881065 1.0442690124052925
-0.24723964344461488 0.3809740188963649 1.0131210172228007
-0.24454147001265178 0.37450089574056533 0.9811727149039606
-0.24148402414951908 0.36769383505144315 0.9485097661336653
-0.23820903926260797 0.360729891826146 0.9151666608625318
-0.23474588498599108 0.3536320266720707 0.8811834400257718
-0.2311647013033258 0.3464630623497686 0.846593652594687
-0.22745916392580506 0.33920817491302535 0.8114441152808385
-0.22366659438998537 0.33189507310699234 0.7757789996913489
-0.21977819906383073 0.3245045246194624 0.7396534512420151
-0.21589321143773887 0.3173663105865224 0.7031815018588481
-0.21181398887559696 0.309880063860127 0.6663440400365599
-0.2076106993683634 0.3022907439251775 0.6292932913447072
-0.20323489157080107 0.2945381824661963 0.5920954696379956
-0.19863395702005135 0.28656498203908154 0.5548572450606264
-0.19374355879250282 0.27830120161110644 0.5176972770972829
-0.18849030516842682 0.2696673285933661 0.4807457561349544
-0.1828122276035245 0.2605950276207576 0.444140404919182
-0.1766367537938061 0.2510053573378969 0.40802823133048244
-0.1699001900665285 0.24082846991652418 0.37256201131731037
-0.1625550736544052 0.23001115412959894 0.33789655323594586
-0.1545744457010393 0.2185212727426806 0.30418499958812845
-0.14595376213086464 0.2063498109244687 0.2715753701478092
-0.1367113543388411 0.19353137646798194 0.24021547136727717
-0.1268823381009417 0.18006499063404016 0.2102212551668716
-0.11652323264316367 0.16601538435422586 0.18171569939541335
-0.10568530895188463 0.15144291890696546 0.1547999474898875
-0.09442367779406537 0.13639400506599597 0.1295623105736348
-0.08277624075424775 0.12090775902868005 0.10607159147299963
-0.07073674523785103 0.10497994810371752 0.08436993410113247
-0.058183789971463916 0.08849198880316353 0.0644523972179603
-0.04463978591542845 0.07096987409821374 0.046201143157107924
-0.027994892774486555 0.05030805408675726 0.0290824963364377
-0.02799463878287982 -0.05031011206259294 0.029082710143763357
-0.04464002961770656 -0.07097270889542352 0.04620016654259785
-0.05818436065046316 -0.08849538388949098 0.06445009461148372
-0.07073753606001056 -0.10498376902320324 0.08436612911312495
-0.08277714384504642 -0.12091190315609274 0.10606611186855491
-0.09442457401529634 -0.13639841036739384 0.1295550051206929
-0.10568606888292446 -0.15144758892365606 0.1547906971716988
-0.11652371523914443 -0.16602041658242717 0.18170442713224502
-0.12688258891731047 -0.1800683651812465 0.2102067472834445
-0.13671021939028977 -0.19353341169781102 0.2401983460574735
-0.14595278168818582 -0.20635259835416042 0.27155786774156737
-0.15457321685817024 -0.21852357896293428 0.30416380751726596
-0.16255345337309127 -0.23001305209725792 0.3378716024435726
-0.16989818311510796 -0.24083019288151353 0.37253326390684804
-0.17663447645651392 -0.25100722883105675 0.4079956981211161
-0.18280986743552782 -0.2605973785403035 0.44410416267009994
-0.18848806683615105 -0.2696703912743743 0.48070596713742886
-0.19374103608618576 -0.27830442107497433 0.5176542318202361
-0.19863113102933008 -0.28656794483093917 0.5548112165786881
-0.20323188594947694 -0.2945402947695978 0.5920467954441865
-0.2076073340092692 -0.3022907014175923 0.6292424750932516
-0.21180997106935143 -0.309875953936914 0.6662917751078814
-0.2158932580596255 -0.3173682583959339 0.7031212318427352
-0.21978863527042047 -0.32453712782503147 0.7396027060716742
-0.223673819903891 -0.33191908289305005 0.7757229044532317
-0.22746343215271173 -0.3392251043620081 0.8113838076475753
-0.23116592194352462 -0.34647385770891914 0.8465301012734713
-0.23474364046106494 -0.3536368287187666 0.881117228405469
-0.2382023843444693 -0.36072750009553106 0.9150977882548084
-0.24147077064314806 -0.3676805596118126 0.9484374423288296
-0.24451708607965494 -0.37446890619266593 0.9810949476271548
-0.24722990017488908 -0.3809648910664843 1.01304061886534
-0.2495592428382094 -0.387079711588732 1.0441817561172433
-0.25146170271342394 -0.3929675361978822 1.0746045747212873
-0.25277919321585507 -0.398320313636491 1.1041552945181103
-0.2534143469166894 -0.4030538929126175 1.1327791456266443
-0.2532499874704638 -0.4070652439628796 1.1604162889319887
-0.2521384660374594 -0.41022037628517466 1.1869980950944399
-0.2500498377661324 -0.41254658604370364 1.2124176997489096
-0.2465365347238582 -0.4134504550440137 1.236549495072076
-0.24152799463548275 -0.41302564465056885 1.2593835274276752
-0.23462069593439505 -0.4107608944845215 1.280693391313123
-0.22534409651705534 -0.4061476524521044 1.3003019920730117
-0.21300215857244675 -0.3984326408590082 1.3179795901628202
-0.1964873571055642 -0.38643733631427984 1.3334306512394378
-0.17360400773357193 -0.3679702392405798 1.346330779909454
-0.13989854182471048 -0.3384531037120096 1.3561790232816413
-0.08240763012297997 -0.2850456946406076 1.3628997700299172
0.05209751460290188 -0.15455424966282658 1.3671887404321437
0.7804031948090304 0.5697782142257652 1.3721003797984905
0.7804529740946045 -0.5698292457617075 1.3722188942562517
0.05213402078048505 0.15451638996900596 1.3673049761189149
-0.08239232188320292 0.2850331910125041 1.363011552801607
-0.13989693699030137 0.3384482339380219 1.3562771263644886
-0.17359668945530946 0.36793163734931755 1.3464018865109522
-0.19649502298477334 0.3864487281522483 1.3335216381960575
-0.2130094104634255 0.3984326486306181 1.3180628321197847
-0.22535943028698457 0.40616419084868294 1.3003822512277083
-0.2346384005168086 0.41078601726216807 1.2807715381546818
-0.24154560979203754 0.4130585504453863 1.25946213793531
-0.24655584949514386 0.413497707820626 1.2366313770380861
-0.2500602389712131 0.41255920174016875 1.2124938070593898
-0.2521371905277854 0.41023147244934366 1.1870822572247102
-0.25324477732071293 0.4070681336158136 1.1605014257304795
-0.2534065070636979 0.4030512648980615 1.1328658397466134
-0.2527711571701037 0.398315828600158 1.1042434030998816
-0.2514564728410217 0.3929653224539818 1.0746931292128123
-0.2495601694352427 0.3870841763881065 1.0442690124052925
-0.24723964344461488 0.3809740188963649 1.0131210172228007
-0.24454147001265178 0.37450089574056533 0.9811727149039606
-0.24148402414951908 0.36769383505144315 0.9485097661336653
-0.23820903926260797 0.360729891826146 0.9151666608625318
-0.23474588498599108 0.3536320266720707 0.8811834400257718
-0.2311647013033258 0.3464630623497686 0.846593652594687
-0.22745916392580506 0.33920817491302535 0.8114441152808385
-0.22366659438998537 0.33189507310699234 0.7757789996913489
-0.21977819906383073 0.3245045246194624 0.7396534512420151
-0.21589321143773887 0.3173663105865224 0.7031815018588481
-0.21181398887559696 0.309880063860127 0.6663440400365599
-0.2076106993683634 0.3022907439251775 0.6292932913447072
-0.20323489157080107 0.2945381824661963 0.5920954696379956
-0.19863395702005135 0.28656498203908154 0.5548572450606264
-0.19374355879250282 0.27830120161110644 0.5176972770972829
-0.18849030516842682 0.2696673285933661 0.4807457561349544
-0.1828122276035245 0.2605950276207576 0.444140404919182
-0.1766367537938061 0.2510053573378969 0.40802823133048244
-0.1699001900665285 0.24082846991652418 0.37256201131731037
-0.1625550736544052 0.23001115412959894 0.33789655323594586
-0.1545744457010393 0.2185212727426806 0.30418499958812845
-0.14595376213086464 0.2063498109244687 0.2715753701478092
-0.1367113543388411 0.19353137646798194 0.24021547136727717
-0.1268823381009417 0.18006499063404016 0.2102212551668716
-0.11652323264316367 0.16601538435422586 0.18171569939541335
-0.10568530895188463 0.15144291890696546 0.1547999474898875
-0.09442367779406537 0.13639400506599597 0.1295623105736348
-0.08277624075424775 0.12090775902868005 0.10607159147299963
-0.07073674523785103 0.10497994810371752 0.08436993410113247
-0.058183789971463916 0.08849198880316353 0.0644523972179603
-0.04463978591542845 0.07096987409821374 0.046201143157107924
-0.027994892774486555 0.05030805408675726 0.0290824963364377

VECTORS Vvpm_AB float
0.027332561754329347 0.15586245765088363 0.01580921572483515
0.030216355230192546 0.15516183688347096 0.00787182364178865
0.03348885527236184 0.15428509920914946 -0.0012008096858053818
0.03710720739862291 0.1532116550107948 -0.0113179248180523
0.041024181184264076 0.15192214731335238 -0.02237820180205058
0.04518911356810976 0.15039969038453743 -0.03427135486487329
0.0495490219748223 0.14863101189915692 -0.04688012408401038
0.05404985534081521 0.1466074436442989 -0.060082632508793976
0.05858676076809691 0.1440421425346447 -0.0734491279600899
0.06315648145218547 0.14139140976694708 -0.08717726897522222
0.06782925265769367 0.13858668299412324 -0.10155916920131068
0.0722167711856437 0.13533117929842695 -0.11516584806062781
0.07648361260627591 0.13182634450286695 -0.12866831984459234
0.08058538689440449 0.12808560011111392 -0.14193088682315794
0.08448224676067065 0.12412527366736209 -0.15482486953568883
0.0881393871121206 0.11996411342037892 -0.16723135335531508
0.09152739445999065 0.11562281216219944 -0.1790439025480017
0.09462245971943797 0.11112357191243655 -0.19017123383591278
0.09740647126481933 0.106489730254434 -0.2005398540043138
0.0998670041059295 0.10174545671023948 -0.21009667377316746
0.10199721594182055 0.09691551445974395 -0.2188116115116841
0.10379565236627133 0.09202506946599737 -0.22668019506015824
0.10531462043250098 0.08720705528153644 -0.23338196756970983
0.1071430563699306 0.08279776897823303 -0.24252467752430723
0.10782085536198825 0.07764065327666955 -0.24638945442806207
0.10824722943283381 0.07252690089893858 -0.24959785879883514
0.10841482468678099 0.06745507292939842 -0.25201392748097984
0.10831749010713944 0.06242088383789819 -0.2535386225207812
0.10794952099083206 0.05741851855945529 -0.25411092323854034
0.10730493323459511 0.05244268426742725 -0.25370519057933266
0.10637693157635551 0.047491544974363115 -0.25232344285981734
0.1052456571233412 0.04266052820748042 -0.25031878920743134
0.1038829135273079 0.03780578772417282 -0.2483680812890649
0.10203908854151746 0.03300978192967761 -0.24333238872620247
0.09989498302689127 0.028262205354574323 -0.2377609748940739
0.09742175183521387 0.023611949292803046 -0.23149149432726818
0.09459167421739266 0.019122858425375946 -0.22436320188449868
0.09138309287658268 0.01487816876760076 -0.216237257187831
0.0876361445728136 0.010742475332250215 -0.20636956297055284
0.083486991769864 0.007074517192117939 -0.19687485639213798
0.07906004231335853 0.003966874962101472 -0.18553613161140778
0.07434837192808873 0.001484627032333206 -0.17387869294806454
0.06953418294819748 -0.00023034905283221205 -0.16241834758213167
0.06488775155538111 -0.0011067081512400653 -0.15187775270743822
0.060759106035094684 -0.0011896120801631518 -0.14309904395593395
0.05729445872905032 -0.0007659448611612068 -0.13594096322376675
0.054708477940295465 -0.0002469193423220318 -0.1318034422931082
0.052732690346684936 0.00010944909632552674 -0.12907286206944898
0.051136890636434444 0.00015406463749934474 -0.1272592217267294
0.04971316551527621 -0.00011209423592594065 -0.12597206109156225
0.049816513777879 -0.0005546289891635206 -0.12599300386410167
0.05119737031372361 -0.0007800755313978037 -0.12727869009102843
0.05276324998366799 -0.0007057266960903441 -0.1290423406890614
0.0547330773637899 -0.0003227442735358613 -0.13184370748934507
0.057350474756801294 0.00022582168873208107 -0.13632209709758442
0.06077064763719612 0.000631162292789424 -0.14305393845173542
0.06492277604510113 0.0005333606129580577 -0.1519709592790507
0.06955181743734622 -0.00032726458113658055 -0.1624040093154857
0.0743518525808053 -0.0020293181551653636 -0.17378178982043738
0.07904296513487996 -0.004497780759640609 -0.18533057585837967
0.08343400969451213 -0.007587525666985729 -0.19648972357431202
0.08765511363977864 -0.011305567641449089 -0.20633968114408466
0.09138579725921253 -0.015431555101952779 -0.21606034110235864
0.09460509028734737 -0.019679814820160693 -0.2242452394905546
0.09744385911810871 -0.02417757220747476 -0.2314144413497127
0.0999229389668195 -0.02884001898999742 -0.23770781336134275
0.10206942059873893 -0.03360153608541197 -0.24328636672705914
0.10391169646465402 -0.038411453800747265 -0.248312228290236
0.10528809955713726 -0.043272403238344095 -0.25033125811382917
0.10640518942182356 -0.04810398220220239 -0.2521946687884084
0.1073483650415347 -0.05308008547948813 -0.2537070553206255
0.10800266706457338 -0.05807702458125879 -0.2541910361758062
0.10837666656002011 -0.06309904894198531 -0.2536734935670193
0.1084774122421055 -0.06815298284638746 -0.2522019617353269
0.10831113542690428 -0.07324548718313076 -0.24985356291244104
0.10788411832397458 -0.07838117387829278 -0.2467386850004946
0.1072035686096281 -0.08356142669801651 -0.24300078062531544
0.1054123428744976 -0.08792129389399553 -0.23342927649613002
0.1038456024731844 -0.0927029774016992 -0.22668081270438262
0.10208328582001501 -0.09763375453340065 -0.21889564349353674
0.09997742479306385 -0.10249436029273923 -0.2102299771735411
0.09753151068983462 -0.10726129723514899 -0.20069691150519717
0.09475417835454295 -0.11191127968228465 -0.19033425721162006
0.09165941977167136 -0.11642143357101428 -0.1792018777261068
0.08826670649589462 -0.12076954489456079 -0.16737905487601407
0.08460101873205023 -0.1249343743978797 -0.15496186945604043
0.08069277019025206 -0.1288960430785309 -0.1420605802491008
0.07657761262398877 -0.1326364799269485 -0.12879698631150477
0.0722961029719908 -0.1361399108525258 -0.1153017650590089
0.06789321952149566 -0.1393933568539026 -0.10171179138122653
0.0633021808557324 -0.14222140034365394 -0.0873208917716938
0.058737328849685876 -0.14487573300337442 -0.07360117661980863
0.05421429574990672 -0.14745386239725153 -0.06031696305491893
0.04971656621143042 -0.14947503534816925 -0.04710042337969367
0.04536126228285103 -0.15124308744724071 -0.034488831462731184
0.041201901536915664 -0.1527662172090834 -0.022600758871785476
0.03729101048093337 -0.15405729342913782 -0.011550750738816562
0.033678868095688166 -0.15513286014842584 -0.0014468990951324867
0.030412386435755875 -0.15601198941420147 0.007611218086790605
0.02753416063130648 -0.15671503723409058 0.015534198458477949
0.027332561754329347 0.15586245765088363 0.01580921572483515
0.030216355230192546 0.15516183688347096 0.00787182364178865
0.03348885527236184 0.15428509920914946 -0.0012008096858053818
0.03710720739862291 0.1532116550107948 -0.0113179248180523
0.041024181184264076 0.15192214731335238 -0.02237820180205058
0.04518911356810976 0.15039969038453743 -0.03427135486487329
0.0495490219748223 0.14863101189915692 -0.04688012408401038
0.05404985534081521 0.1466074436442989 -0.060082632508793976
0.05858676076809691 0.1440421425346447 -0.0734491279600899
0.06315648145218547 0.14139140976694708 -0.08717726897522222
0.06782925265769367 0.13858668299412324 -0.10155916920131068
0.0722167711856437 0.13533117929842695 -0.11516584806062781
0.07648361260627591 0.13182634450286695 -0.12866831984459234
0.08058538689440449 0.12808560011111392 -0.14193088682315794
0.08448224676067065 0.12412527366736209 -0.15482486953568883
0.0881393871121206 0.11996411342037892 -0.16723135335531508
0.09152739445999065 0.11562281216219944 -0.1790439025480017
0.09462245971943797 0.11112357191243655 -0.19017123383591278
0.09740647126481933 0.106489730254434 -0.2005398540043138
0.0998670041059295 0.10174545671023948 -0.21009667377316746
0.10199721594182055 0.09691551445974395 -0.2188116115116841
0.10379565236627133 0.09202506946599737 -0.22668019506015824
0.10531462043250098 0.08720705528153644 -0.23338196756970983
0.1071430563699306 0.08279776897823303 -0.24252467752430723
0.10782085536198825 0.07764065327666955 -0.24638945442806207
0.10824722943283381 0.07252690089893858 -0.24959785879883514
0.10841482468678099 0.06745507292939842 -0.25201392748097984
0.10831749010713944 0.06242088383789819 -0.2535386225207812
0.10794952099083206 0.05741851855945529 -0.25411092323854034
0.10730493323459511 0.05244268426742725 -0.25370519057933266
0.10637693157635551 0.047491544974363115 -0.25232344285981734
0.1052456571233412 0.04266052820748042 -0.25031878920743134
0.1038829135273079 0.03780578772417282 -0.2483680812890649
0.10203908854151746 0.03300978192967761 -0.24333238872620247
0.09989498302689127 0.028262205354574323 -0.2377609748940739
0.09742175183521387 0.023611949292803046 -0.23149149432726818
0.09459167421739266 0.019122858425375946 -0.22436320188449868
0.09138309287658268 0.01487816876760076 -0.216237257187831
0.0876361445728136 0.010742475332250215 -0.20636956297055284
0.083486991769864 0.007074517192117939 -0.19687485639213798
0.07906004231335853 0.003966874962101472 -0.18553613161140778
0.07434837192808873 0.001484627032333206 -0.17387869294806454
0.06953418294819748 -0.00023034905283221205 -0.16241834758213167
0.06488775155538111 -0.0011067081512400653 -0.15187775270743822
0.060759106035094684 -0.0011896120801631518 -0.14309904395593395
0.05729445872905032 -0.0007659448611612068 -0.13594096322376675
0.054708477940295465 -0.0002469193423220318 -0.1318034422931082
0.052732690346684936 0.00010944909632552674 -0.12907286206944898
0.051136890636434444 0.00015406463749934474 -0.1272592217267294
0.04971316551527621 -0.00011209423592594065 -0.12597206109156225
0.049816513777879 -0.0005546289891635206 -0.12599300386410167
0.05119737031372361 -0.0007800755313978037 -0.12727869009102843
0.05276324998366799 -0.0007057266960903441 -0.1290423406890614
0.0547330773637899 -0.0003227442735358613 -0.13184370748934507
0.057350474756801294 0.00022582168873208107 -0.13632209709758442
0.06077064763719612 0.000631162292789424 -0.14305393845173542
0.06492277604510113 0.0005333606129580577 -0.1519709592790507
0.06955181743734622 -0.00032726458113658055 -0.1624040093154857
0.0743518525808053 -0.0020293181551653636 -0.17378178982043738
0.07904296513487996 -0.004497780759640609 -0.18533057585837967
0.08343400969451213 -0.007587525666985729 -0.19648972357431202
0.08765511363977864 -0.011305567641449089 -0.20633968114408466
0.09138579725921253 -0.015431555101952779 -0.21606034110235864
0.09460509028734737 -0.019679814820160693 -0.2242452394905546
0.09744385911810871 -0.02417757220747476 -0.2314144413497127
0.0999229389668195 -0.02884001898999742 -0.23770781336134275
0.10206942059873893 -0.03360153608541197 -0.24328636672705914
0.10391169646465402 -0.038411453800747265 -0.248312228290236
0.10528809955713726 -0.043272403238344095 -0.25033125811382917
0.10640518942182356 -0.04810398220220239 -0.2521946687884084
0.1073483650415347 -0.05308008547948813 -0.2537070553206255
0.10800266706457338 -0.05807702458125879 -0.2541910361758062
0.10837666656002011 -0.06309904894198531 -0.2536734935670193
0.1084774122421055 -0.06815298284638746 -0.2522019617353269
0.10831113542690428 -0.07324548718313076 -0.24985356291244104
0.10788411832397458 -0.07838117387829278 -0.2467386850004946
0.1072035686096281 -0.08356142669801651 -0.24300078062531544
0.1054123428744976 -0.08792129389399553 -0.23342927649613002
0.1038456024731844 -0.0927029774016992 -0.22668081270438262
0.10208328582001501 -0.09763375453340065 -0.21889564349353674
0.09997742479306385 -0.10249436029273923 -0.2102299771735411
0.09753151068983462 -0.10726129723514899 -0.20069691150519717
0.09475417835454295 -0.11191127968228465 -0.19033425721162006
0.09165941977167136 -0.11642143357101428 -0.1792018777261068
0.08826670649589462 -0.12076954489456079 -0.16737905487601407
0.08460101873205023 -0.1249343743978797 -0.15496186945604043
0.08069277019025206 -0.1288960430785309 -0.1420605802491008
0.07657761262398877 -0.1326364799269485 -0.12879698631150477
0.0722961029719908 -0.1361399108525258 -0.1153017650590089
0.06789321952149566 -0.1393933568539026 -0.10171179138122653
0.0633021808557324 -0.14222140034365394 -0.0873208917716938
0.058737328849685876 -0.14487573300337442 -0.07360117661980863
0.05421429574990672 -0.14745386239725153 -0.06031696305491893
0.04971656621143042 -0.14947503534816925 -0.04710042337969367
0.04536126228285103 -0.15124308744724071 -0.034488831462731184
0.041201901536915664 -0.1527662172090834 -0.022600758871785476
0.03729101048093337 -0.15405729342913782 -0.011550750738816562
0.033678868095688166 -0.15513286014842584 -0.0014468990951324867
0.030412386435755875 -0.15601198941420147 0.007611218086790605
0.02753416063130648 -0.15671503723409058 0.015534198458477949