# vtk DataFile Version 4.0
[MyVLM domain - lattices] 
ASCII
DATASET UNSTRUCTURED_GRID
POINTS 302 float
1.2444999999999997 -1.2445 0.0
1.2399745454545452 -1.2399745454545454 0.0
1.2346178849721705 -1.2346178849721707 0.0
1.2284300185528754 -1.2284300185528756 0.0
1.2214109461966602 -1.2214109461966605 0.0
1.2135606679035247 -1.213560667903525 0.0
1.2048791836734691 -1.2048791836734694 0.0
1.1953664935064932 -1.1953664935064934 0.0
1.1850225974025972 -1.1850225974025974 0.0
1.1738474953617808 -1.173847495361781 0.0
1.1618411873840442 -1.1618411873840444 0.0
1.1490036734693874 -1.1490036734693876 0.0
1.1353349536178106 -1.1353349536178108 0.0
1.1208350278293133 -1.1208350278293135 0.0
1.1055038961038959 -1.105503896103896 0.0
1.0893415584415582 -1.0893415584415584 0.0
1.0723480148423004 -1.0723480148423006 0.0
1.054523265306122 -1.0545232653061223 0.0
1.0358673098330238 -1.035867309833024 0.0
1.0163801484230053 -1.0163801484230055 0.0
0.9960617810760664 -0.9960617810760668 0.0
0.9749122077922076 -0.9749122077922077 0.0
0.9529314285714284 -0.9529314285714284 0.0
0.9301194434137288 -0.930119443413729 0.0
0.9064762523191091 -0.9064762523191096 0.0
0.8820018552875695 -0.8820018552875695 0.0
0.8566962523191093 -0.8566962523191094 0.0
0.8305594434137288 -0.8305594434137291 0.0
0.8035914285714284 -0.8035914285714285 0.0
0.7757922077922076 -0.7757922077922077 0.0
0.7471617810760666 -0.7471617810760667 0.0
0.7177001484230053 -0.7177001484230054 0.0
0.6874073098330239 -0.687407309833024 0.0
0.6562832653061222 -0.6562832653061225 0.0
0.6243280148423004 -0.6243280148423005 0.0
0.5915415584415582 -0.5915415584415583 0.0
0.5579238961038958 -0.5579238961038959 0.0
0.5234750278293133 -0.5234750278293134 0.0
0.48819495361781057 -0.48819495361781057 0.0
0.4520836734693877 -0.4520836734693877 0.0
0.4151411873840445 -0.4151411873840446 0.0
0.37736749536178105 -0.37736749536178116 0.0
0.3387625974025974 -0.3387625974025974 0.0
0.2993264935064933 -0.29932649350649343 0.0
0.25905918367346925 -0.25905918367346925 0.0
0.21796066790352486 -0.21796066790352486 0.0
0.17603094619666027 -0.1760309461966605 0.0
0.13327001855287546 -0.13327001855287568 0.0
0.08967788497217066 -0.08967788497217066 0.0
0.045254545454545436 -0.045254545454545436 0.0
0.0 0.0 0.0
0.04525454545454545 0.04525454545454546 0.0
0.08967788497217066 0.08967788497217068 0.0
0.13327001855287568 0.1332700185528757 0.0
0.17603094619666046 0.1760309461966605 0.0
0.21796066790352497 0.21796066790352508 0.0
0.2590591836734693 0.25905918367346936 0.0
0.29932649350649343 0.2993264935064935 0.0
0.3387625974025973 0.33876259740259734 0.0
0.37736749536178094 0.377367495361781 0.0
0.41514118738404443 0.4151411873840445 0.0
0.45208367346938766 0.4520836734693878 0.0
0.48819495361781057 0.4881949536178107 0.0
0.5234750278293133 0.5234750278293134 0.0
0.5579238961038959 0.557923896103896 0.0
0.5915415584415582 0.5915415584415583 0.0
0.6243280148423003 0.6243280148423004 0.0
0.6562832653061222 0.6562832653061225 0.0
0.687407309833024 0.6874073098330241 0.0
0.7177001484230054 0.7177001484230056 0.0
0.7471617810760667 0.7471617810760669 0.0
0.7757922077922076 0.7757922077922077 0.0
0.8035914285714284 0.8035914285714285 0.0
0.8305594434137288 0.830559443413729 0.0
0.8566962523191093 0.8566962523191094 0.0
0.8820018552875692 0.8820018552875695 0.0
0.9064762523191091 0.9064762523191093 0.0
0.9301194434137288 0.9301194434137292 0.0
0.9529314285714284 0.9529314285714284 0.0
0.9749122077922076 0.9749122077922077 0.0
0.9960617810760666 0.9960617810760668 0.0
1.0163801484230053 1.0163801484230055 0.0
1.0358673098330238 1.035867309833024 0.0
1.054523265306122 1.0545232653061223 0.0
1.0723480148423001 1.0723480148423004 0.0
1.0893415584415582 1.0893415584415584 0.0
1.1055038961038959 1.105503896103896 0.0
1.120835027829313 1.1208350278293133 0.0
1.1353349536178106 1.1353349536178106 0.0
1.1490036734693874 1.1490036734693876 0.0
1.1618411873840444 1.1618411873840446 0.0
1.1738474953617808 1.173847495361781 0.0
1.1850225974025972 1.1850225974025972 0.0
1.1953664935064932 1.1953664935064934 0.0
1.2048791836734691 1.2048791836734694 0.0
1.2135606679035245 1.2135606679035247 0.0
1.22141094619666 1.2214109461966602 0.0
1.2284300185528754 1.2284300185528756 0.0
1.2346178849721703 1.2346178849721705 0.0
1.2399745454545452 1.2399745454545454 0.0
1.2444999999999997 1.2445 0.0
1.7422999999999997 -1.2445 0.0
1.7377745454545452 -1.2399745454545454 0.0
1.7324178849721703 -1.2346178849721707 0.0
1.7262300185528754 -1.2284300185528756 0.0
1.7192109461966603 -1.2214109461966605 0.0
1.7113606679035245 -1.213560667903525 0.0
1.7026791836734692 -1.2048791836734694 0.0
1.6931664935064934 -1.1953664935064934 0.0
1.6828225974025972 -1.1850225974025974 0.0
1.6716474953617806 -1.173847495361781 0.0
1.6596411873840444 -1.1618411873840444 0.0
1.6468036734693878 -1.1490036734693876 0.0
1.6331349536178106 -1.1353349536178108 0.0
1.6186350278293133 -1.1208350278293135 0.0
1.603303896103896 -1.105503896103896 0.0
1.5871415584415582 -1.0893415584415584 0.0
1.5701480148423004 -1.0723480148423006 0.0
1.552323265306122 -1.0545232653061223 0.0
1.5336673098330238 -1.035867309833024 0.0
1.5141801484230053 -1.0163801484230055 0.0
1.4938617810760666 -0.9960617810760668 0.0
1.4727122077922075 -0.9749122077922077 0.0
1.4507314285714283 -0.9529314285714284 0.0
1.4279194434137288 -0.930119443413729 0.0
1.4042762523191092 -0.9064762523191096 0.0
1.3798018552875693 -0.8820018552875695 0.0
1.3544962523191093 -0.8566962523191094 0.0
1.328359443413729 -0.8305594434137291 0.0
1.3013914285714283 -0.8035914285714285 0.0
1.2735922077922077 -0.7757922077922077 0.0
1.2449617810760665 -0.7471617810760667 0.0
1.2155001484230055 -0.7177001484230054 0.0
1.1852073098330238 -0.687407309833024 0.0
1.1540832653061224 -0.6562832653061225 0.0
1.1221280148423003 -0.6243280148423005 0.0
1.0893415584415582 -0.5915415584415583 0.0
1.055723896103896 -0.5579238961038959 0.0
1.0212750278293132 -0.5234750278293134 0.0
0.9859949536178108 -0.48819495361781057 0.0
0.9498836734693876 -0.4520836734693877 0.0
0.9129411873840445 -0.4151411873840446 0.0
0.875167495361781 -0.37736749536178116 0.0
0.8365625974025973 -0.3387625974025974 0.0
0.7971264935064933 -0.29932649350649343 0.0
0.7568591836734693 -0.25905918367346925 0.0
0.7157606679035249 -0.21796066790352486 0.0
0.6738309461966603 -0.1760309461966605 0.0
0.6310700185528755 -0.13327001855287568 0.0
0.5874778849721707 -0.08967788497217066 0.0
0.5430545454545455 -0.045254545454545436 0.0
0.4978 0.0 0.0
0.5430545454545455 0.04525454545454546 0.0
0.5874778849721707 0.08967788497217068 0.0
0.6310700185528757 0.1332700185528757 0.0
0.6738309461966605 0.1760309461966605 0.0
0.715760667903525 0.21796066790352508 0.0
0.7568591836734693 0.25905918367346936 0.0
0.7971264935064934 0.2993264935064935 0.0
0.8365625974025973 0.33876259740259734 0.0
0.875167495361781 0.377367495361781 0.0
0.9129411873840445 0.4151411873840445 0.0
0.9498836734693876 0.4520836734693878 0.0
0.9859949536178105 0.4881949536178107 0.0
1.0212750278293132 0.5234750278293134 0.0
1.055723896103896 0.557923896103896 0.0
1.0893415584415582 0.5915415584415583 0.0
1.1221280148423003 0.6243280148423004 0.0
1.1540832653061224 0.6562832653061225 0.0
1.185207309833024 0.6874073098330241 0.0
1.2155001484230055 0.7177001484230056 0.0
1.2449617810760667 0.7471617810760669 0.0
1.2735922077922077 0.7757922077922077 0.0
1.3013914285714283 0.8035914285714285 0.0
1.3283594434137287 0.830559443413729 0.0
1.3544962523191093 0.8566962523191094 0.0
1.3798018552875693 0.8820018552875695 0.0
1.4042762523191092 0.9064762523191093 0.0
1.427919443413729 0.9301194434137292 0.0
1.4507314285714283 0.9529314285714284 0.0
1.4727122077922075 0.9749122077922077 0.0
1.4938617810760666 0.9960617810760668 0.0
1.5141801484230053 1.0163801484230055 0.0
1.5336673098330238 1.035867309833024 0.0
1.552323265306122 1.0545232653061223 0.0
1.5701480148423002 1.0723480148423004 0.0
1.5871415584415582 1.0893415584415584 0.0
1.603303896103896 1.105503896103896 0.0
1.6186350278293131 1.1208350278293133 0.0
1.6331349536178106 1.1353349536178106 0.0
1.6468036734693874 1.1490036734693876 0.0
1.6596411873840444 1.1618411873840446 0.0
1.6716474953617806 1.173847495361781 0.0
1.6828225974025972 1.1850225974025972 0.0
1.6931664935064934 1.1953664935064934 0.0
1.7026791836734692 1.2048791836734694 0.0
1.7113606679035245 1.2135606679035247 0.0
1.71921094619666 1.2214109461966602 0.0
1.7262300185528754 1.2284300185528756 0.0
1.7324178849721703 1.2346178849721705 0.0
1.7377745454545452 1.2399745454545454 0.0
1.7422999999999997 1.2445 0.0
1.6155872727272724 -1.2422372727272726 0.0
1.6106462152133578 -1.237296215213358 0.0
1.604873951762523 -1.2315239517625232 0.0
1.598270482374768 -1.224920482374768 0.0
1.5908358070500925 -1.2174858070500927 0.0
1.582569925788497 -1.2092199257884972 0.0
1.5734728385899812 -1.2001228385899814 0.0
1.5635445454545454 -1.1901945454545453 0.0
1.552785046382189 -1.1794350463821892 0.0
1.5411943413729126 -1.1678443413729127 0.0
1.5287724304267158 -1.155422430426716 0.0
1.5155193135435991 -1.142169313543599 0.0
1.501434990723562 -1.1280849907235622 0.0
1.4865194619666047 -1.1131694619666048 0.0
1.4707727272727271 -1.0974227272727273 0.0
1.4541947866419294 -1.0808447866419293 0.0
1.4367856400742112 -1.0634356400742113 0.0
1.418545287569573 -1.0451952875695731 0.0
1.3994737291280146 -1.0261237291280147 0.0
1.379570964749536 -1.0062209647495362 0.0
1.358836994434137 -0.9854869944341371 0.0
1.337271818181818 -0.9639218181818181 0.0
1.3148754359925787 -0.9415254359925787 0.0
1.291647847866419 -0.9182978478664192 0.0
1.2675890538033394 -0.8942390538033393 0.0
1.2426990538033393 -0.8693490538033395 0.0
1.2169778478664193 -0.8436278478664192 0.0
1.1904254359925788 -0.8170754359925788 0.0
1.163041818181818 -0.7896918181818181 0.0
1.1348269944341371 -0.7614769944341371 0.0
1.105780964749536 -0.7324309647495362 0.0
1.0759037291280147 -0.7025537291280148 0.0
1.0451952875695731 -0.6718452875695733 0.0
1.0136556400742114 -0.6403056400742114 0.0
0.9812847866419293 -0.6079347866419293 0.0
0.9480827272727271 -0.5747327272727272 0.0
0.9140494619666047 -0.5406994619666048 0.0
0.8791849907235622 -0.5058349907235622 0.0
0.8434893135435992 -0.47013931354359917 0.0
0.8069624304267162 -0.43361243042671627 0.0
0.7696043413729128 -0.3962543413729128 0.0
0.7314150463821893 -0.3580650463821894 0.0
0.6923945454545455 -0.3190445454545454 0.0
0.6525428385899814 -0.27919283858998134 0.0
0.6118599257884971 -0.23850992578849706 0.0
0.5703458070500929 -0.19699580705009279 0.0
0.5280004823747682 -0.15465048237476808 0.0
0.4848239517625232 -0.11147395176252317 0.0
0.4408162152133581 -0.06746621521335805 0.0
0.39597727272727273 -0.022627272727272718 0.0
0.39597727272727273 0.02262727272727273 0.0
0.4408162152133581 0.06746621521335806 0.0
0.4848239517625232 0.11147395176252319 0.0
0.528000482374768 0.15465048237476808 0.0
0.5703458070500929 0.19699580705009276 0.0
0.6118599257884971 0.23850992578849717 0.0
0.6525428385899814 0.2791928385899814 0.0
0.6923945454545455 0.3190445454545454 0.0
0.7314150463821891 0.3580650463821891 0.0
0.7696043413729128 0.39625434137291277 0.0
0.8069624304267162 0.43361243042671616 0.0
0.8434893135435992 0.4701393135435992 0.0
0.8791849907235619 0.5058349907235621 0.0
0.9140494619666046 0.5406994619666047 0.0
0.9480827272727271 0.5747327272727272 0.0
0.9812847866419294 0.6079347866419295 0.0
1.0136556400742114 0.6403056400742114 0.0
1.0451952875695731 0.6718452875695732 0.0
1.0759037291280147 0.7025537291280147 0.0
1.105780964749536 0.7324309647495362 0.0
1.1348269944341371 0.7614769944341373 0.0
1.163041818181818 0.789691818181818 0.0
1.1904254359925786 0.8170754359925786 0.0
1.216977847866419 0.843627847866419 0.0
1.2426990538033393 0.8693490538033394 0.0
1.2675890538033392 0.8942390538033393 0.0
1.291647847866419 0.9182978478664192 0.0
1.3148754359925787 0.9415254359925787 0.0
1.3372718181818182 0.9639218181818181 0.0
1.3588369944341372 0.9854869944341373 0.0
1.379570964749536 1.0062209647495362 0.0
1.3994737291280148 1.0261237291280147 0.0
1.418545287569573 1.0451952875695731 0.0
1.4367856400742112 1.0634356400742113 0.0
1.4541947866419291 1.0808447866419293 0.0
1.470772727272727 1.097422727272727 0.0
1.4865194619666047 1.1131694619666048 0.0
1.501434990723562 1.128084990723562 0.0
1.5155193135435991 1.1421693135435993 0.0
1.528772430426716 1.1554224304267162 0.0
1.5411943413729128 1.1678443413729127 0.0
1.5527850463821888 1.179435046382189 0.0
1.5635445454545451 1.1901945454545453 0.0
1.573472838589981 1.2001228385899811 0.0
1.5825699257884969 1.209219925788497 0.0
1.5908358070500925 1.2174858070500927 0.0
1.5982704823747678 1.224920482374768 0.0
1.604873951762523 1.2315239517625232 0.0
1.6106462152133578 1.237296215213358 0.0
1.6155872727272724 1.2422372727272726 0.0

CELLS 200 700
4 0 101 102 1
4 1 102 103 2
4 2 103 104 3
4 3 104 105 4
4 4 105 106 5
4 5 106 107 6
4 6 107 108 7
4 7 108 109 8
4 8 109 110 9
4 9 110 111 10
4 10 111 112 11
4 11 112 113 12
4 12 113 114 13
4 13 114 115 14
4 14 115 116 15
4 15 116 117 16
4 16 117 118 17
4 17 118 119 18
4 18 119 120 19
4 19 120 121 20
4 20 121 122 21
4 21 122 123 22
4 22 123 124 23
4 23 124 125 24
4 24 125 126 25
4 25 126 127 26
4 26 127 128 27
4 27 128 129 28
4 28 129 130 29
4 29 130 131 30
4 30 131 132 31
4 31 132 133 32
4 32 133 134 33
4 33 134 135 34
4 34 135 136 35
4 35 136 137 36
4 36 137 138 37
4 37 138 139 38
4 38 139 140 39
4 39 140 141 40
4 40 141 142 41
4 41 142 143 42
4 42 143 144 43
4 43 144 145 44
4 44 145 146 45
4 45 146 147 46
4 46 147 148 47
4 47 148 149 48
4 48 149 150 49
4 49 150 151 50
4 50 151 152 51
4 51 152 153 52
4 52 153 154 53
4 53 154 155 54
4 54 155 156 55
4 55 156 157 56
4 56 157 158 57
4 57 158 159 58
4 58 159 160 59
4 59 160 161 60
4 60 161 162 61
4 61 162 163 62
4 62 163 164 63
4 63 164 165 64
4 64 165 166 65
4 65 166 167 66
4 66 167 168 67
4 67 168 169 68
4 68 169 170 69
4 69 170 171 70
4 70 171 172 71
4 71 172 173 72
4 72 173 174 73
4 73 174 175 74
4 74 175 176 75
4 75 176 177 76
4 76 177 178 77
4 77 178 179 78
4 78 179 180 79
4 79 180 181 80
4 80 181 182 81
4 81 182 183 82
4 82 183 184 83
4 83 184 185 84
4 84 185 186 85
4 85 186 187 86
4 86 187 188 87
4 87 188 189 88
4 88 189 190 89
4 89 190 191 90
4 90 191 192 91
4 91 192 193 92
4 92 193 194 93
4 93 194 195 94
4 94 195 196 95
4 95 196 197 96
4 96 197 198 97
4 97 198 199 98
4 98 199 200 99
4 99 200 201 100
1 202
1 203
1 204
1 205
1 206
1 207
1 208
1 209
1 210
1 211
1 212
1 213
1 214
1 215
1 216
1 217
1 218
1 219
1 220
1 221
1 222
1 223
1 224
1 225
1 226
1 227
1 228
1 229
1 230
1 231
1 232
1 233
1 234
1 235
1 236
1 237
1 238
1 239
1 240
1 241
1 242
1 243
1 244
1 245
1 246
1 247
1 248
1 249
1 250
1 251
1 252
1 253
1 254
1 255
1 256
1 257
1 258
1 259
1 260
1 261
1 262
1 263
1 264
1 265
1 266
1 267
1 268
1 269
1 270
1 271
1 272
1 273
1 274
1 275
1 276
1 277
1 278
1 279
1 280
1 281
1 282
1 283
1 284
1 285
1 286
1 287
1 288
1 289
1 290
1 291
1 292
1 293
1 294
1 295
1 296
1 297
1 298
1 299
1 300
1 301

CELL_TYPES 200
9
9
9
9
9
9
9
9
9
9
9
9
9
9
9
9
9
9
9
9
9
9
9
9
9
9
9
9
9
9
9
9
9
9
9
9
9
9
9
9
9
9
9
9
9
9
9
9
9
9
9
9
9
9
9
9
9
9
9
9
9
9
9
9
9
9
9
9
9
9
9
9
9
9
9
9
9
9
9
9
9
9
9
9
9
9
9
9
9
9
9
9
9
9
9
9
9
9
9
9
1
1
1
1
1
1
1
1
1
1
1
1
1
1
1
1
1
1
1
1
1
1
1
1
1
1
1
1
1
1
1
1
1
1
1
1
1
1
1
1
1
1
1
1
1
1
1
1
1
1
1
1
1
1
1
1
1
1
1
1
1
1
1
1
1
1
1
1
1
1
1
1
1
1
1
1
1
1
1
1
1
1
1
1
1
1
1
1
1
1
1
1
1
1
1
1
1
1
1
1

CELL_DATA 200

VECTORS Vinf float
9.167631350896405 0.39623330591283984 3.7836408952837575
9.176971693807836 0.40152477769543354 3.7526252588188362
9.187481965271509 0.4069991154887203 3.717440992088805
9.198948910422873 0.4123973206607419 3.6786335047822267
9.211131009652288 0.41748070532887405 3.6368187474612332
9.223773343593194 0.42205250811821937 3.592649426933708
9.23662607555772 0.4259748101839817 3.546774368024548
9.249462939453434 0.429176750541719 3.499799598440074
9.262095803064309 0.4316519458242055 3.4522600398881984
9.27438251389262 0.4334460524453497 3.4046076281860094
9.28622743816428 0.43463830852021523 3.3572163323426993
9.297576331954776 0.43532224849224277 3.310399405968705
9.308408358947224 0.4355899633461257 3.2644317508261733
9.318727804855467 0.4355219210522705 3.219571270839829
9.328556849572353 0.43518191458946426 3.1760761920812515
9.337929564412981 0.43461536419013547 3.134218246069854
9.346886712213626 0.4338491848636934 3.094292843832013
9.35547095764208 0.4328921556300669 3.0566268440250157
9.363722420484025 0.4317354962889251 3.021583109401322
9.371674834868092 0.4303538214604705 2.9895597274379098
9.379352785632594 0.4287067730703057 2.9609812503785875
9.38677054221562 0.4267415079388213 2.936280026363511
9.393932872071794 0.42439590634292396 2.915867784881752
9.400837872220764 0.42160195598625044 2.900100754710315
9.407481350561156 0.418288395258348 2.8892447397559975
9.413861748338139 0.41438155127697024 2.883448273855822
9.419984215557843 0.4098035320123184 2.88273081053285
9.425865808036678 0.4044668407047373 2.8869707263928412
9.431522309196707 0.39826992724669036 2.8959829793702996
9.436977653743357 0.39108650071246254 2.909467241059894
9.442245559811498 0.3827611658249219 2.9270656736314082
9.447317956513453 0.3731063245014004 2.9483529454407664
9.452147847639628 0.36190490837372635 2.972821737909743
9.456629092783736 0.3489201867325585 2.9998654665436524
9.460574707399843 0.33391411851368974 3.028775688740236
9.46369748431302 0.316675494810949 3.0587707822038643
9.465599989932493 0.2970583827414466 3.089062675120739
9.465784084032409 0.27502904484274987 3.118953448198967
9.463689422294179 0.2507133748692261 3.1479505451774674
9.458759621569815 0.22442581871340975 3.1759176900495456
9.450513483123972 0.19665525896374775 3.2032872522776294
9.438586901628415 0.16800684957408268 3.231238138534306
9.422727412086703 0.13914072281783335 3.261639113716258
9.40275020322624 0.11075654562419378 3.2967707280467016
9.378506560987322 0.08365389280670127 3.3390721183382586
9.350035694451803 0.05888776792331546 3.390872758879242
9.318250426890408 0.03794480497938813 3.4530886480336562
9.285996610278469 0.022386204701924848 3.5218426720387797
9.2571891742653 0.01222544288812536 3.587946359075003
9.233296899883497 0.005230311476707979 3.6448780726356587
9.233516449665744 0.00011482429109994964 3.6481589808307686
9.25799509925754 -0.005092918963942185 3.6026382628849505
9.287543331314946 -0.013710215010698778 3.552503058343055
9.320739217356312 -0.02865146481244128 3.496844764694122
9.35362983647768 -0.050162541269592374 3.4398115832254597
9.383109794568478 -0.07633114775946806 3.38689264268247
9.408076100318738 -0.10517450944416509 3.340473611041592
9.428498108767009 -0.1353380749773058 3.300029542498007
9.44461991240974 -0.16592215128692822 3.263735062127703
9.456705277783463 -0.1962244134618425 3.229506612259976
9.46503966978249 -0.22559650240792228 3.195644665808523
9.469990137606628 -0.2534237588465395 3.161199771119587
9.472035707312598 -0.27918902555688574 3.1259642612809015
9.471737405591833 -0.3025433606565488 3.0902415510312196
9.46966802676819 -0.3233291081405749 3.054636963991957
9.466344173055282 -0.3415576992218324 3.0199160425307827
9.462185295812573 -0.3573667958823976 2.986885595019736
9.45750103950223 -0.3709741790337751 2.956294291694256
9.452498118378209 -0.3826365318887696 2.928773829041419
9.447297423531614 -0.3926165967856468 2.9048275942376787
9.441954704008497 -0.40115994711100633 2.8848539372548534
9.436480917228188 -0.4084812513576055 2.869181726003465
9.430860271541304 -0.4147589637825812 2.858097538599872
9.425063099445673 -0.42013713323037083 2.851861609448954
9.41906561250608 -0.4247295347189995 2.850651066514478
9.412841843449216 -0.4286309280329221 2.854604555287316
9.406378075112682 -0.43192260494827195 2.8637360843553554
9.399668547067039 -0.43467914104589256 2.8779354718673433
9.392711923802771 -0.43697152726888294 2.8969699065941166
9.385506507796418 -0.43886738781039974 2.9205037387594093
9.378045655227242 -0.44042901012071434 2.9481304497620835
9.37031453578787 -0.44171025667547675 2.9794082855921253
9.362288847759713 -0.44275336224136574 3.013891901924713
9.353935558892994 -0.44358628039242126 3.051155306654927
9.34521534858295 -0.4442208208930099 3.0908047639462106
9.336086241639878 -0.44465147719641474 3.1324828864291696
9.326507942302603 -0.4448546836728681 3.1758663140618566
9.316446570976515 -0.4447883437305598 3.220659180013217
9.305879833602635 -0.44439191049240306 3.266583412426856
9.294802983541658 -0.4435880528046198 3.3133655534732678
9.283235976661514 -0.442287653484093 3.360719212171464
9.271231649948469 -0.44039987388746515 3.4083234110482237
9.258883585556179 -0.43784770118207667 3.455799907784744
9.246331155192541 -0.4345869864881869 3.502695587778717
9.233758980666346 -0.43062466158108503 3.548476986815686
9.221389203608496 -0.4260310170507048 3.592541571171627
9.209467149715836 -0.4209422633027273 3.634245325833076
9.198243139299192 -0.4155524539488039 3.672940910075317
9.1879543120877 -0.41009683892770166 3.7080176087884253
9.178810018070342 -0.40483059083981093 3.7389346007433355
9.167631350896405 0.39623330591283984 3.7836408952837575
9.176971693807836 0.40152477769543354 3.7526252588188362
9.187481965271509 0.4069991154887203 3.717440992088805
9.198948910422873 0.4123973206607419 3.6786335047822267
9.211131009652288 0.41748070532887405 3.6368187474612332
9.223773343593194 0.42205250811821937 3.592649426933708
9.23662607555772 0.4259748101839817 3.546774368024548
9.249462939453434 0.429176750541719 3.499799598440074
9.262095803064309 0.4316519458242055 3.4522600398881984
9.27438251389262 0.4334460524453497 3.4046076281860094
9.28622743816428 0.43463830852021523 3.3572163323426993
9.297576331954776 0.43532224849224277 3.310399405968705
9.308408358947224 0.4355899633461257 3.2644317508261733
9.318727804855467 0.4355219210522705 3.219571270839829
9.328556849572353 0.43518191458946426 3.1760761920812515
9.337929564412981 0.43461536419013547 3.134218246069854
9.346886712213626 0.4338491848636934 3.094292843832013
9.35547095764208 0.4328921556300669 3.0566268440250157
9.363722420484025 0.4317354962889251 3.021583109401322
9.371674834868092 0.4303538214604705 2.9895597274379098
9.379352785632594 0.4287067730703057 2.9609812503785875
9.38677054221562 0.4267415079388213 2.936280026363511
9.393932872071794 0.42439590634292396 2.915867784881752
9.400837872220764 0.42160195598625044 2.900100754710315
9.407481350561156 0.418288395258348 2.8892447397559975
9.413861748338139 0.41438155127697024 2.883448273855822
9.419984215557843 0.4098035320123184 2.88273081053285
9.425865808036678 0.4044668407047373 2.8869707263928412
9.431522309196707 0.39826992724669036 2.8959829793702996
9.436977653743357 0.39108650071246254 2.909467241059894
9.442245559811498 0.3827611658249219 2.9270656736314082
9.447317956513453 0.3731063245014004 2.9483529454407664
9.452147847639628 0.36190490837372635 2.972821737909743
9.456629092783736 0.3489201867325585 2.9998654665436524
9.460574707399843 0.33391411851368974 3.028775688740236
9.46369748431302 0.316675494810949 3.0587707822038643
9.465599989932493 0.2970583827414466 3.089062675120739
9.465784084032409 0.27502904484274987 3.118953448198967
9.463689422294179 0.2507133748692261 3.1479505451774674
9.458759621569815 0.22442581871340975 3.1759176900495456
9.450513483123972 0.19665525896374775 3.2032872522776294
9.438586901628415 0.16800684957408268 3.231238138534306
9.422727412086703 0.13914072281783335 3.261639113716258
9.40275020322624 0.11075654562419378 3.2967707280467016
9.378506560987322 0.08365389280670127 3.3390721183382586
9.350035694451803 0.05888776792331546 3.390872758879242
9.318250426890408 0.03794480497938813 3.4530886480336562
9.285996610278469 0.022386204701924848 3.5218426720387797
9.2571891742653 0.01222544288812536 3.587946359075003
9.233296899883497 0.005230311476707979 3.6448780726356587
9.233516449665744 0.00011482429109994964 3.6481589808307686
9.25799509925754 -0.005092918963942185 3.6026382628849505
9.287543331314946 -0.013710215010698778 3.552503058343055
9.320739217356312 -0.02865146481244128 3.496844764694122
9.35362983647768 -0.050162541269592374 3.4398115832254597
9.383109794568478 -0.07633114775946806 3.38689264268247
9.408076100318738 -0.10517450944416509 3.340473611041592
9.428498108767009 -0.1353380749773058 3.300029542498007
9.44461991240974 -0.16592215128692822 3.263735062127703
9.456705277783463 -0.1962244134618425 3.229506612259976
9.46503966978249 -0.22559650240792228 3.195644665808523
9.469990137606628 -0.2534237588465395 3.161199771119587
9.472035707312598 -0.27918902555688574 3.1259642612809015
9.471737405591833 -0.3025433606565488 3.0902415510312196
9.46966802676819 -0.3233291081405749 3.054636963991957
9.466344173055282 -0.3415576992218324 3.0199160425307827
9.462185295812573 -0.3573667958823976 2.986885595019736
9.45750103950223 -0.3709741790337751 2.956294291694256
9.452498118378209 -0.3826365318887696 2.928773829041419
9.447297423531614 -0.3926165967856468 2.9048275942376787
9.441954704008497 -0.40115994711100633 2.8848539372548534
9.436480917228188 -0.4084812513576055 2.869181726003465
9.430860271541304 -0.4147589637825812 2.858097538599872
9.425063099445673 -0.42013713323037083 2.851861609448954
9.41906561250608 -0.4247295347189995 2.850651066514478
9.412841843449216 -0.4286309280329221 2.854604555287316
9.406378075112682 -0.43192260494827195 2.8637360843553554
9.399668547067039 -0.43467914104589256 2.8779354718673433
9.392711923802771 -0.43697152726888294 2.8969699065941166
9.385506507796418 -0.43886738781039974 2.9205037387594093
9.378045655227242 -0.44042901012071434 2.9481304497620835
9.37031453578787 -0.44171025667547675 2.9794082855921253
9.362288847759713 -0.44275336224136574 3.013891901924713
9.353935558892994 -0.44358628039242126 3.051155306654927
9.34521534858295 -0.4442208208930099 3.0908047639462106
9.336086241639878 -0.44465147719641474 3.1324828864291696
9.326507942302603 -0.4448546836728681 3.1758663140618566
9.316446570976515 -0.4447883437305598 3.220659180013217
9.305879833602635 -0.44439191049240306 3.266583412426856
9.294802983541658 -0.4435880528046198 3.3133655534732678
9.283235976661514 -0.442287653484093 3.360719212171464
9.271231649948469 -0.44039987388746515 3.4083234110482237
9.258883585556179 -0.43784770118207667 3.455799907784744
9.246331155192541 -0.4345869864881869 3.502695587778717
9.233758980666346 -0.43062466158108503 3.548476986815686
9.221389203608496 -0.4260310170507048 3.592541571171627
9.209467149715836 -0.4209422633027273 3.634245325833076
9.198243139299192 -0.4155524539488039 3.672940910075317
9.1879543120877 -0.41009683892770166 3.7080176087884253
9.178810018070342 -0.40483059083981093 3.7389346007433355

VECTORS L float
-0.010308623807998728 0.0 0.02210691509718287
-0.016916709119850416 0.0 0.03627799977976638
-0.023539107788105605 0.0 0.05047977955421292
-0.03055166770095115 0.0 0.06551826281779809
-0.03803729607734107 0.0 0.08157124467532902
-0.04600848707744605 0.0 0.09866551893975764
-0.05445204429138866 0.0 0.116772785818776
-0.06334267329281361 0.0 0.13583880124001477
-0.07264831957518805 0.0 0.1557948240923808
-0.08233280094658711 0.0 0.176563261414892
-0.09235747486237013 0.0 0.19806124400314035
-0.10268257998064222 0.0 0.22020350338426342
-0.1132684916874697 0.0 0.24290506429945818
-0.12407694498535216 0.0 0.26608386719677146
-0.1350721729134612 0.0 0.28966320958118136
-0.14622186088860503 0.0 0.31357379260539947
-0.15749789794692215 0.0 0.3377553321128828
-0.1688765174562111 0.0 0.362156860396398
-0.18033863149337462 0.0 0.3867374432727649
-0.19186904297777946 0.0 0.4114644904973939
-0.2034557039406996 0.0 0.43631216511797416
-0.2150929068525252 0.0 0.4612682272977582
-0.22677543388669924 0.0 0.48632148737158426
-0.23849937789050152 0.0 0.511463566423405
-0.25026101556798575 0.0 0.5366864798192958
-0.2620556208191395 0.0 0.5619800924050735
-0.273876243574995 0.0 0.5873294997097382
-0.28571255862368455 0.0 0.6127125592449846
-0.2975489149574707 0.0 0.638095707316406
-0.3093619213815091 0.0 0.6634287813447802
-0.3211258949001364 0.0 0.6886567039681676
-0.3328049563405427 0.0 0.7137025320521753
-0.3443548247210568 0.0 0.7384713047251622
-0.3557230043989942 0.0 0.7628504447180952
-0.3668498239991248 0.0 0.7867119863538367
-0.37767037452640007 0.0 0.8099167318433018
-0.3881171623213905 0.0 0.8323199405667536
-0.39812303406469624 0.0 0.8537776017660038
-0.4076237023832256 0.0 0.8741518507245558
-0.41655886522734625 0.0 0.8933133692796527
-0.42487027600093846 0.0 0.9111372472028189
-0.4324946483091282 0.0 0.927487766382273
-0.43934928499649056 0.0 0.9421875821959005
-0.4453068631934393 0.0 0.9549636498687337
-0.45014999649235976 0.0 0.965349782745219
-0.45348092863075284 0.0 0.9724929897677507
-0.4545074360811194 0.0 0.9746943420990163
-0.4513285823158197 0.0 0.9678772682000432
-0.4370803844499828 0.0 0.9373219092719668
-0.3463228853337686 0.0 0.7426918243291051
-0.34616148953516346 0.0 0.7423457099220551
-0.43745440376209827 0.0 0.9381239962752025
-0.452385452868364 0.0 0.9701437344140573
-0.45626355907628935 0.0 0.9784603600154242
-0.4558491581969016 0.0 0.977571674461712
-0.45296275878913106 0.0 0.9713817709563934
-0.44837003387121976 0.0 0.9615326405859359
-0.44248201054356306 0.0 0.9489057338116546
-0.43554492706296877 0.0 0.9340291102793674
-0.4277177447600892 0.0 0.9172436636627523
-0.4191130506281969 0.0 0.8987908375480413
-0.40982118476703755 0.0 0.8788643669043387
-0.3999244115000757 0.0 0.8576406681426247
-0.38950371821106977 0.0 0.8352934192678442
-0.3786404878976215 0.0 0.811997146681565
-0.36741537568159016 0.0 0.7879248158507894
-0.3559059624290844 0.0 0.7632427994797865
-0.34418411880353633 0.0 0.7381052247036677
-0.3323137509197767 0.0 0.7126491386279509
-0.3203493603255643 0.0 0.6869914201989828
-0.3083355535477028 0.0 0.6612277284221942
-0.2963038074645839 0.0 0.6354255656811321
-0.284284238202037 0.0 0.6096495162160562
-0.27229670565985836 0.0 0.5839421697195205
-0.26035430625053585 0.0 0.5583316115387391
-0.24846543495679396 0.0 0.5328358447722622
-0.23663519090679833 0.0 0.5074658045357296
-0.22486653013974164 0.0 0.4822278300756472
-0.2131614559795669 0.0 0.4571262175340749
-0.20152216666660572 0.0 0.43216568105261666
-0.18995215118775166 0.0 0.4073537027878114
-0.17845719995653994 0.0 0.382702700321558
-0.1670462843534674 0.0 0.3582319128414184
-0.15573143123315283 0.0 0.33396713202035466
-0.1445288363850811 0.0 0.3099430898410001
-0.1334623566348847 0.0 0.28621094743102504
-0.12255840465575854 0.0 0.2628273469508851
-0.11184765749233944 0.0 0.2398580755351047
-0.10136432245304601 0.0 0.2173764909933196
-0.0911451930190281 0.0 0.19546149720048525
-0.08122852072022395 0.0 0.17419512482727434
-0.07165280252473138 0.0 0.15365993088819122
-0.062455535463324774 0.0 0.13393632802523014
-0.05367188630197675 0.0 0.1150997316113913
-0.045333040723963706 0.0 0.09721701956028182
-0.0374636037584652 0.0 0.08034095752725652
-0.030076341021426933 0.0 0.06449892146405559
-0.02315880821068527 0.0 0.04966422447856815
-0.016629397446235185 0.0 0.035661857907355335
-0.010118785094456746 0.0 0.02169980466221146
-0.010308623807998728 0.0 0.02210691509718287
-0.016916709119850416 0.0 0.03627799977976638
-0.023539107788105605 0.0 0.05047977955421292
-0.03055166770095115 0.0 0.06551826281779809
-0.03803729607734107 0.0 0.08157124467532902
-0.04600848707744605 0.0 0.09866551893975764
-0.05445204429138866 0.0 0.116772785818776
-0.06334267329281361 0.0 0.13583880124001477
-0.07264831957518805 0.0 0.1557948240923808
-0.08233280094658711 0.0 0.176563261414892
-0.09235747486237013 0.0 0.19806124400314035
-0.10268257998064222 0.0 0.22020350338426342
-0.1132684916874697 0.0 0.24290506429945818
-0.12407694498535216 0.0 0.26608386719677146
-0.1350721729134612 0.0 0.28966320958118136
-0.14622186088860503 0.0 0.31357379260539947
-0.15749789794692215 0.0 0.3377553321128828
-0.1688765174562111 0.0 0.362156860396398
-0.18033863149337462 0.0 0.3867374432727649
-0.19186904297777946 0.0 0.4114644904973939
-0.2034557039406996 0.0 0.43631216511797416
-0.2150929068525252 0.0 0.4612682272977582
-0.22677543388669924 0.0 0.48632148737158426
-0.23849937789050152 0.0 0.511463566423405
-0.25026101556798575 0.0 0.5366864798192958
-0.2620556208191395 0.0 0.5619800924050735
-0.273876243574995 0.0 0.5873294997097382
-0.28571255862368455 0.0 0.6127125592449846
-0.2975489149574707 0.0 0.638095707316406
-0.3093619213815091 0.0 0.6634287813447802
-0.3211258949001364 0.0 0.6886567039681676
-0.3328049563405427 0.0 0.7137025320521753
-0.3443548247210568 0.0 0.7384713047251622
-0.3557230043989942 0.0 0.7628504447180952
-0.3668498239991248 0.0 0.7867119863538367
-0.37767037452640007 0.0 0.8099167318433018
-0.3881171623213905 0.0 0.8323199405667536
-0.39812303406469624 0.0 0.8537776017660038
-0.4076237023832256 0.0 0.8741518507245558
-0.41655886522734625 0.0 0.8933133692796527
-0.42487027600093846 0.0 0.9111372472028189
-0.4324946483091282 0.0 0.927487766382273
-0.43934928499649056 0.0 0.9421875821959005
-0.4453068631934393 0.0 0.9549636498687337
-0.45014999649235976 0.0 0.965349782745219
-0.45348092863075284 0.0 0.9724929897677507
-0.4545074360811194 0.0 0.9746943420990163
-0.4513285823158197 0.0 0.9678772682000432
-0.4370803844499828 0.0 0.9373219092719668
-0.3463228853337686 0.0 0.7426918243291051
-0.34616148953516346 0.0 0.7423457099220551
-0.43745440376209827 0.0 0.9381239962752025
-0.452385452868364 0.0 0.9701437344140573
-0.45626355907628935 0.0 0.9784603600154242
-0.4558491581969016 0.0 0.977571674461712
-0.45296275878913106 0.0 0.9713817709563934
-0.44837003387121976 0.0 0.9615326405859359
-0.44248201054356306 0.0 0.9489057338116546
-0.43554492706296877 0.0 0.9340291102793674
-0.4277177447600892 0.0 0.9172436636627523
-0.4191130506281969 0.0 0.8987908375480413
-0.40982118476703755 0.0 0.8788643669043387
-0.3999244115000757 0.0 0.8576406681426247
-0.38950371821106977 0.0 0.8352934192678442
-0.3786404878976215 0.0 0.811997146681565
-0.36741537568159016 0.0 0.7879248158507894
-0.3559059624290844 0.0 0.7632427994797865
-0.34418411880353633 0.0 0.7381052247036677
-0.3323137509197767 0.0 0.7126491386279509
-0.3203493603255643 0.0 0.6869914201989828
-0.3083355535477028 0.0 0.6612277284221942
-0.2963038074645839 0.0 0.6354255656811321
-0.284284238202037 0.0 0.6096495162160562
-0.27229670565985836 0.0 0.5839421697195205
-0.26035430625053585 0.0 0.5583316115387391
-0.24846543495679396 0.0 0.5328358447722622
-0.23663519090679833 0.0 0.5074658045357296
-0.22486653013974164 0.0 0.4822278300756472
-0.2131614559795669 0.0 0.4571262175340749
-0.20152216666660572 0.0 0.43216568105261666
-0.18995215118775166 0.0 0.4073537027878114
-0.17845719995653994 0.0 0.382702700321558
-0.1670462843534674 0.0 0.3582319128414184
-0.15573143123315283 0.0 0.33396713202035466
-0.1445288363850811 0.0 0.3099430898410001
-0.1334623566348847 0.0 0.28621094743102504
-0.12255840465575854 0.0 0.2628273469508851
-0.11184765749233944 0.0 0.2398580755351047
-0.10136432245304601 0.0 0.2173764909933196
-0.0911451930190281 0.0 0.19546149720048525
-0.08122852072022395 0.0 0.17419512482727434
-0.07165280252473138 0.0 0.15365993088819122
-0.062455535463324774 0.0 0.13393632802523014
-0.05367188630197675 0.0 0.1150997316113913
-0.045333040723963706 0.0 0.09721701956028182
-0.0374636037584652 0.0 0.08034095752725652
-0.030076341021426933 0.0 0.06449892146405559
-0.02315880821068527 0.0 0.04966422447856815
-0.016629397446235185 0.0 0.035661857907355335
-0.010118785094456746 0.0 0.02169980466221146

SCALARS Gamma float
LOOKUP_TABLE default
0.3640378347596346
0.5587261391298434
0.7173202249734927
0.8592918838395859
0.9911777585816351
1.115856130879332
1.234759091854248
1.3486309454839234
1.4578481358474018
1.5625749031021714
1.6628484434624853
1.7586312181835986
1.8498472934765624
1.9364106818802043
2.018249146491964
2.0953242527070044
2.167646902513425
2.2352871485719294
2.2983776290462528
2.3571109243850303
2.4117318693021965
2.4625261163703227
2.5098062150413876
2.5538964022471755
2.5951172862593603
2.633771566092832
2.670131706659503
2.7044298921538417
2.7368516648410974
2.767529323720119
2.7965372520794864
2.8238879883203323
2.8495287523499164
2.8733399246428895
2.8951373597533574
2.914680440711871
2.9316869008410467
2.945853785102317
2.956882315898772
2.9645037184679044
2.968501417928173
2.9687188182422912
2.9650380938552687
2.9573290693852323
2.945388409780251
2.9288913052925127
2.907368608031128
2.8803274887954067
2.8480578043689615
2.814749346163857
2.8170616580861014
2.8553908129106866
2.8928088628212834
2.924185870512135
2.9485465778845477
2.9663247626059173
2.9782521779551847
2.9849407942931894
2.986828838010086
2.984239197557484
2.977458191788022
2.966793482886276
2.9525929926601338
2.9352342077638998
2.91510166378529
2.892561999502113
2.8679405264361293
2.8415027413721123
2.813443183117988
2.783881783715695
2.7528659325526124
2.7203756913663346
2.6863299034538453
2.6505916445318194
2.612973344302283
2.5732429584068504
2.5311293841987705
2.4863312968726436
2.4385283418508896
2.387394595481622
2.3326134818799598
2.273892987391669
2.2109798877071403
2.1436716599586436
2.07182470015396
1.995357475469067
1.9142475454366699
1.8285221453869802
1.738242996974968
1.6434865583038814
1.5443204952662795
1.4407756214635603
1.332809904207823
1.2202566734688713
1.1027403602075867
0.9795225685021433
0.8491858128333886
0.7088839406096901
0.5521558815556725
0.3597578154054832
0.3640378347596346
0.5587261391298434
0.7173202249734927
0.8592918838395859
0.9911777585816351
1.115856130879332
1.234759091854248
1.3486309454839234
1.4578481358474018
1.5625749031021714
1.6628484434624853
1.7586312181835986
1.8498472934765624
1.9364106818802043
2.018249146491964
2.0953242527070044
2.167646902513425
2.2352871485719294
2.2983776290462528
2.3571109243850303
2.4117318693021965
2.4625261163703227
2.5098062150413876
2.5538964022471755
2.5951172862593603
2.633771566092832
2.670131706659503
2.7044298921538417
2.7368516648410974
2.767529323720119
2.7965372520794864
2.8238879883203323
2.8495287523499164
2.8733399246428895
2.8951373597533574
2.914680440711871
2.9316869008410467
2.945853785102317
2.956882315898772
2.9645037184679044
2.968501417928173
2.9687188182422912
2.9650380938552687
2.9573290693852323
2.945388409780251
2.9288913052925127
2.907368608031128
2.8803274887954067
2.8480578043689615
2.814749346163857
2.8170616580861014
2.8553908129106866
2.8928088628212834
2.924185870512135
2.9485465778845477
2.9663247626059173
2.9782521779551847
2.9849407942931894
2.986828838010086
2.984239197557484
2.977458191788022
2.966793482886276
2.9525929926601338
2.9352342077638998
2.91510166378529
2.892561999502113
2.8679405264361293
2.8415027413721123
2.813443183117988
2.783881783715695
2.7528659325526124
2.7203756913663346
2.6863299034538453
2.6505916445318194
2.612973344302283
2.5732429584068504
2.5311293841987705
2.4863312968726436
2.4385283418508896
2.387394595481622
2.3326134818799598
2.273892987391669
2.2109798877071403
2.1436716599586436
2.07182470015396
1.995357475469067
1.9142475454366699
1.8285221453869802
1.738242996974968
1.6434865583038814
1.5443204952662795
1.4407756214635603
1.332809904207823
1.2202566734688713
1.1027403602075867
0.9795225685021433
0.8491858128333886
0.7088839406096901
0.5521558815556725
0.3597578154054832

VECTORS Vvpm float
0.1045534805299058 0.39623330591283984 -0.4425417221232368
0.11389382344133754 0.40152477769543354 -0.47355735858815795
0.12440409490501056 0.4069991154887203 -0.5087416253181893
0.13587104005637324 0.4123973206607419 -0.5475491126247679
0.14805313928578961 0.41748070532887405 -0.5893638699457611
0.16069547322669617 0.42205250811821937 -0.6335331904732869
0.1735482051912214 0.4259748101839817 -0.6794082493824466
0.1863850690869348 0.429176750541719 -0.7263830189669209
0.19901793269781026 0.4316519458242055 -0.7739225775187965
0.21130464352612202 0.4334460524453497 -0.821574989220985
0.22314956779778072 0.43463830852021523 -0.8689662850642952
0.23449846158827792 0.43532224849224277 -0.9157832114382892
0.24533048858072443 0.4355899633461257 -0.9617508665808211
0.2556499344889678 0.4355219210522705 -1.0066113465671653
0.265478979205854 0.43518191458946426 -1.050106425325743
0.2748516940464833 0.43461536419013547 -1.0919643713371407
0.2838088418471268 0.4338491848636934 -1.1318897735749816
0.2923930872755806 0.4328921556300669 -1.1695557733819786
0.3006445501175273 0.4317354962889251 -1.2045995080056726
0.30859696450159285 0.4303538214604705 -1.2366228899690845
0.3162749152660956 0.4287067730703057 -1.265201367028407
0.3236926718491208 0.4267415079388213 -1.2899025910434836
0.33085500170529525 0.42439590634292396 -1.3103148325252427
0.3377600018542648 0.42160195598625044 -1.3260818626966795
0.3444034801946567 0.418288395258348 -1.336937877650997
0.3507838779716408 0.41438155127697024 -1.3427343435511727
0.3569063451913439 0.4098035320123184 -1.3434518068741443
0.3627879376701792 0.4044668407047373 -1.3392118910141533
0.36844443883020783 0.39826992724669036 -1.3301996380366952
0.3738997833768583 0.39108650071246254 -1.3167153763471005
0.37916768944499873 0.3827611658249219 -1.299116943775586
0.38424008614695376 0.3731063245014004 -1.2778296719662283
0.389069977273129 0.36190490837372635 -1.253360879497252
0.39355122241723745 0.3489201867325585 -1.2263171508633421
0.3974968370333451 0.33391411851368974 -1.1974069286667584
0.4006196139465201 0.316675494810949 -1.16741183520313
0.4025221195659938 0.2970583827414466 -1.1371199422862552
0.4027062136659106 0.27502904484274987 -1.1072291692080274
0.40061155192767967 0.2507133748692261 -1.078232072229527
0.39568175120331556 0.22442581871340975 -1.0502649273574491
0.38743561275747357 0.19665525896374775 -1.0228953651293649
0.37550903126191754 0.16800684957408268 -0.9949444788726887
0.3596495417202044 0.13914072281783335 -0.9645435036907364
0.33967233285974097 0.11075654562419378 -0.9294118893602931
0.3154286906208238 0.08365389280670127 -0.8871104990687356
0.2869578240853035 0.05888776792331546 -0.835309858527752
0.25517255652391024 0.03794480497938813 -0.7730939693733389
0.2229187399119692 0.022386204701924848 -0.7043399453682151
0.19411130389880096 0.01222544288812536 -0.6382362583319916
0.17021902951699738 0.005230311476707979 -0.5813045447713363
0.1704385792992466 0.00011482429109994964 -0.5780236365762254
0.19491722889104107 -0.005092918963942185 -0.6235443545220446
0.2244654609484472 -0.013710215010698778 -0.6736795590639396
0.2576613469898127 -0.02865146481244128 -0.7293378527128725
0.29055196611118056 -0.050162541269592374 -0.7863710341815351
0.32003192420197835 -0.07633114775946806 -0.8392899747245245
0.3449982299522383 -0.10517450944416509 -0.8857090063654026
0.36542023840051013 -0.1353380749773058 -0.9261530749089879
0.3815420420432417 -0.16592215128692822 -0.9624475552792917
0.3936274074169647 -0.1962244134618425 -0.9966760051470187
0.4019617994159909 -0.22559650240792228 -1.0305379515984714
0.40691226724012836 -0.2534237588465395 -1.0649828462874074
0.40895783694609994 -0.27918902555688574 -1.1002183561260932
0.40865953522533394 -0.3025433606565488 -1.1359410663757747
0.4065901564016909 -0.3233291081405749 -1.1715456534150377
0.4032663026887829 -0.3415576992218324 -1.2062665748762118
0.39910742544607436 -0.3573667958823976 -1.2392970223872584
0.3944231691357302 -0.3709741790337751 -1.2698883257127382
0.38942024801170927 -0.3826365318887696 -1.2974087883655754
0.38421955316511563 -0.3926165967856468 -1.3213550231693159
0.37887683364199876 -0.40115994711100633 -1.3413286801521411
0.3734030468616894 -0.4084812513576055 -1.3570008914035294
0.36778240117480626 -0.4147589637825812 -1.3680850788071222
0.36198522907917347 -0.42013713323037083 -1.3743210079580404
0.35598774213958134 -0.4247295347189995 -1.3755315508925166
0.3497639730827177 -0.4286309280329221 -1.371578062119679
0.3433002047461842 -0.43192260494827195 -1.362446533051639
0.33659067670054 -0.43467914104589256 -1.348247145539651
0.32963405343627317 -0.43697152726888294 -1.3292127108128782
0.3224286374299191 -0.43886738781039974 -1.3056788786475855
0.31496778486074367 -0.44042901012071434 -1.2780521676449108
0.30723666542137024 -0.44171025667547675 -1.2467743318148694
0.2992109773932133 -0.44275336224136574 -1.2122907154822815
0.2908576885264956 -0.44358628039242126 -1.175027310752068
0.282137478216452 -0.4442208208930099 -1.135377853460784
0.2730083712733785 -0.44465147719641474 -1.0936997309778251
0.2634300719361051 -0.4448546836728681 -1.0503163033451377
0.2533687006100157 -0.4447883437305598 -1.0055234373937776
0.24280196323613645 -0.44439191049240306 -0.9595992049801383
0.2317251131751594 -0.4435880528046198 -0.9128170639337267
0.22015810629501498 -0.442287653484093 -0.8654634052355307
0.2081537795819696 -0.44039987388746515 -0.817859206358771
0.19580571518967993 -0.43784770118207667 -0.7703827096222499
0.18325328482604214 -0.4345869864881869 -0.7234870296282782
0.17068111029984678 -0.43062466158108503 -0.6777056305913086
0.1583113332419967 -0.4260310170507048 -0.6336410462353673
0.14638927934933804 -0.4209422633027273 -0.5919372915739189
0.13516526893269326 -0.4155524539488039 -0.5532417073316773
0.12487644172120119 -0.41009683892770166 -0.5181650086185687
0.11573214770384287 -0.40483059083981093 -0.48724801666365836
0.1045534805299058 0.39623330591283984 -0.4425417221232368
0.11389382344133754 0.40152477769543354 -0.47355735858815795
0.12440409490501056 0.4069991154887203 -0.5087416253181893
0.13587104005637324 0.4123973206607419 -0.5475491126247679
0.14805313928578961 0.41748070532887405 -0.5893638699457611
0.16069547322669617 0.42205250811821937 -0.6335331904732869
0.1735482051912214 0.4259748101839817 -0.6794082493824466
0.1863850690869348 0.429176750541719 -0.7263830189669209
0.19901793269781026 0.4316519458242055 -0.7739225775187965
0.21130464352612202 0.4334460524453497 -0.821574989220985
0.22314956779778072 0.43463830852021523 -0.8689662850642952
0.23449846158827792 0.43532224849224277 -0.9157832114382892
0.24533048858072443 0.4355899633461257 -0.9617508665808211
0.2556499344889678 0.4355219210522705 -1.0066113465671653
0.265478979205854 0.43518191458946426 -1.050106425325743
0.2748516940464833 0.43461536419013547 -1.0919643713371407
0.2838088418471268 0.4338491848636934 -1.1318897735749816
0.2923930872755806 0.4328921556300669 -1.1695557733819786
0.3006445501175273 0.4317354962889251 -1.2045995080056726
0.30859696450159285 0.4303538214604705 -1.2366228899690845
0.3162749152660956 0.4287067730703057 -1.265201367028407
0.3236926718491208 0.4267415079388213 -1.2899025910434836
0.33085500170529525 0.42439590634292396 -1.3103148325252427
0.3377600018542648 0.42160195598625044 -1.3260818626966795
0.3444034801946567 0.418288395258348 -1.336937877650997
0.3507838779716408 0.41438155127697024 -1.3427343435511727
0.3569063451913439 0.4098035320123184 -1.3434518068741443
0.3627879376701792 0.4044668407047373 -1.3392118910141533
0.36844443883020783 0.39826992724669036 -1.3301996380366952
0.3738997833768583 0.39108650071246254 -1.3167153763471005
0.37916768944499873 0.3827611658249219 -1.299116943775586
0.38424008614695376 0.3731063245014004 -1.2778296719662283
0.389069977273129 0.36190490837372635 -1.253360879497252
0.39355122241723745 0.3489201867325585 -1.2263171508633421
0.3974968370333451 0.33391411851368974 -1.1974069286667584
0.4006196139465201 0.316675494810949 -1.16741183520313
0.4025221195659938 0.2970583827414466 -1.1371199422862552
0.4027062136659106 0.27502904484274987 -1.1072291692080274
0.40061155192767967 0.2507133748692261 -1.078232072229527
0.39568175120331556 0.22442581871340975 -1.0502649273574491
0.38743561275747357 0.19665525896374775 -1.0228953651293649
0.37550903126191754 0.16800684957408268 -0.9949444788726887
0.3596495417202044 0.13914072281783335 -0.9645435036907364
0.33967233285974097 0.11075654562419378 -0.9294118893602931
0.3154286906208238 0.08365389280670127 -0.8871104990687356
0.2869578240853035 0.05888776792331546 -0.835309858527752
0.25517255652391024 0.03794480497938813 -0.7730939693733389
0.2229187399119692 0.022386204701924848 -0.7043399453682151
0.19411130389880096 0.01222544288812536 -0.6382362583319916
0.17021902951699738 0.005230311476707979 -0.5813045447713363
0.1704385792992466 0.00011482429109994964 -0.5780236365762254
0.19491722889104107 -0.005092918963942185 -0.6235443545220446
0.2244654609484472 -0.013710215010698778 -0.6736795590639396
0.2576613469898127 -0.02865146481244128 -0.7293378527128725
0.29055196611118056 -0.050162541269592374 -0.7863710341815351
0.32003192420197835 -0.07633114775946806 -0.8392899747245245
0.3449982299522383 -0.10517450944416509 -0.8857090063654026
0.36542023840051013 -0.1353380749773058 -0.9261530749089879
0.3815420420432417 -0.16592215128692822 -0.9624475552792917
0.3936274074169647 -0.1962244134618425 -0.9966760051470187
0.4019617994159909 -0.22559650240792228 -1.0305379515984714
0.40691226724012836 -0.2534237588465395 -1.0649828462874074
0.40895783694609994 -0.27918902555688574 -1.1002183561260932
0.40865953522533394 -0.3025433606565488 -1.1359410663757747
0.4065901564016909 -0.3233291081405749 -1.1715456534150377
0.4032663026887829 -0.3415576992218324 -1.2062665748762118
0.39910742544607436 -0.3573667958823976 -1.2392970223872584
0.3944231691357302 -0.3709741790337751 -1.2698883257127382
0.38942024801170927 -0.3826365318887696 -1.2974087883655754
0.38421955316511563 -0.3926165967856468 -1.3213550231693159
0.37887683364199876 -0.40115994711100633 -1.3413286801521411
0.3734030468616894 -0.4084812513576055 -1.3570008914035294
0.36778240117480626 -0.4147589637825812 -1.3680850788071222
0.36198522907917347 -0.42013713323037083 -1.3743210079580404
0.35598774213958134 -0.4247295347189995 -1.3755315508925166
0.3497639730827177 -0.4286309280329221 -1.371578062119679
0.3433002047461842 -0.43192260494827195 -1.362446533051639
0.33659067670054 -0.43467914104589256 -1.348247145539651
0.32963405343627317 -0.43697152726888294 -1.3292127108128782
0.3224286374299191 -0.43886738781039974 -1.3056788786475855
0.31496778486074367 -0.44042901012071434 -1.2780521676449108
0.30723666542137024 -0.44171025667547675 -1.2467743318148694
0.2992109773932133 -0.44275336224136574 -1.2122907154822815
0.2908576885264956 -0.44358628039242126 -1.175027310752068
0.282137478216452 -0.4442208208930099 -1.135377853460784
0.2730083712733785 -0.44465147719641474 -1.0936997309778251
0.2634300719361051 -0.4448546836728681 -1.0503163033451377
0.2533687006100157 -0.4447883437305598 -1.0055234373937776
0.24280196323613645 -0.44439191049240306 -0.9595992049801383
0.2317251131751594 -0.4435880528046198 -0.9128170639337267
0.22015810629501498 -0.442287653484093 -0.8654634052355307
0.2081537795819696 -0.44039987388746515 -0.817859206358771
0.19580571518967993 -0.43784770118207667 -0.7703827096222499
0.18325328482604214 -0.4345869864881869 -0.7234870296282782
0.17068111029984678 -0.43062466158108503 -0.6777056305913086
0.1583113332419967 -0.4260310170507048 -0.6336410462353673
0.14638927934933804 -0.4209422633027273 -0.5919372915739189
0.13516526893269326 -0.4155524539488039 -0.5532417073316773
0.12487644172120119 -0.41009683892770166 -0.5181650086185687
0.11573214770384287 -0.40483059083981093 -0.48724801666365836

VECTORS Vvpm_BBp float
0.11761675942675483 0.3652141020685059 -0.5598860779124775
0.12389532383060549 0.3670665057464836 -0.5822084320878941
0.13088161273157442 0.3688980063550393 -0.6072714973935011
0.1384628997277391 0.3706206350826618 -0.6347643749179211
0.14651876011206313 0.3721597785782309 -0.664348247473308
0.1549264938330252 0.37345839614590864 -0.6956671489932857
0.16356680538389537 0.37447886889952686 -0.7283589634014286
0.1723289712122866 0.3752024063150115 -0.7620649742702331
0.18111488387203178 0.3756264348607926 -0.7964367186038083
0.18984165930328858 0.3757607257592944 -0.8311396231470766
0.19844279894226494 0.37562307440547477 -0.8658536083626074
0.20686810288977023 0.3752351548130119 -0.9002712860498694
0.21508260291784595 0.3746188823326825 -0.9340944986855227
0.223064767286198 0.3737933791125194 -0.9670298819816213
0.23080418908672123 0.3727725214855055 -0.9987840647491072
0.2382989486457268 0.37156303776530086 -1.0290591730384842
0.24555284705352373 0.37016315972483294 -1.0575494867292836
0.252572731954384 0.36856186173770555 -1.0839403190837953
0.25936616245589944 0.36673872104137867 -1.1079103042301282
0.2659396675815781 0.36466438674456847 -1.1291381083069338
0.27229781737348796 0.36230154848263363 -1.1473139818722138
0.2784432238420099 0.35960615855433953 -1.1621555190344008
0.28437741099386643 0.3565285197968503 -1.173425671671786
0.29010225806778817 0.35301376531409384 -1.1809499245357
0.295622037769347 0.3490012285777464 -1.184633043510912
0.30094335117108273 0.34442260189979285 -1.1844575168727878
0.3060744924470933 0.3391991430327569 -1.1804861671091478
0.3110234858610059 0.3332377639036259 -1.17285614664665
0.31579275704071375 0.3264277450958788 -1.1617707092395622
0.3203714846885558 0.3186387944424538 -1.1474946564659647
0.32472546076186254 0.30972174920283513 -1.130354438944772
0.3287848790865985 0.2995130934249046 -1.1107405537030641
0.33243102029154076 0.28784436155636767 -1.089106059674349
0.33548373636123374 0.27455731580120973 -1.0659533560007255
0.33769296646456537 0.259525351076589 -1.0418032035591493
0.338738890995845 0.24268054877694908 -1.0171450492977954
0.33824576421206115 0.2240435997029257 -0.9923722751981973
0.3358121136757917 0.20375001159878814 -0.9677029017961867
0.3310531823636371 0.1820622338147065 -0.9430785645838757
0.32364273347057654 0.15935990459296986 -0.9180545627796074
0.31333938524796145 0.1361141531624365 -0.8917503686658308
0.299992086757635 0.11286569891738357 -0.8629259553057609
0.28353552395554654 0.09022593970116738 -0.8301435065005073
0.26401329656122746 0.0689101820361926 -0.7919415153485793
0.24171665542332843 0.04978807329682865 -0.747148110732153
0.2175470289256646 0.0338457008839474 -0.6958577564312994
0.19335115733038907 0.021769558397943523 -0.6410989171130067
0.17121810892565148 0.013171317492049351 -0.5883543330526233
0.15193311100245216 0.006728319785141022 -0.5413337555283836
0.13499679903934772 0.0015049049827416895 -0.5000569330390064
0.15227593225690852 -0.0028014278668731306 -0.5371467324070478
0.17204741741863466 -0.008219364833095846 -0.5767216352732079
0.19478875670311524 -0.01593394553843084 -0.6196062214483774
0.21970538144270918 -0.027576182995826617 -0.6655843435324882
0.2446801806042259 -0.04370637572456641 -0.7121367581619694
0.2677522894551028 -0.06355887419560831 -0.7561815910709245
0.28791240249726774 -0.08593818726152991 -0.79614704319946
0.304842840829227 -0.10979657317896616 -0.8320695559244777
0.3185263866616277 -0.1343203786493839 -0.8648430677215218
0.3290610118355688 -0.15885652339643985 -0.8956275957079621
0.3366164411754823 -0.18284378441330149 -0.925467547667152
0.3414405790377061 -0.20578925960921685 -0.955049480713237
0.34386355889847314 -0.22728528859551939 -0.9846327141119878
0.34427783897456016 -0.2470392887187631 -1.0141260048382432
0.34309775788975727 -0.2648885862064794 -1.0432041248447976
0.34071598052260715 -0.28079227178543786 -1.0714038372388728
0.3374713723410061 -0.29480767102154903 -1.098200816671746
0.33363293888223483 -0.3070611959443445 -1.1230736510305555
0.3293975834231844 -0.3177200525871082 -1.14554938574325
0.32489707430908943 -0.3269682238715756 -1.1652257749950983
0.32020983211667103 -0.33498821454220856 -1.1817731660927826
0.3153742682004937 -0.3419488484013241 -1.194924868935498
0.31040157027401855 -0.34799864062474284 -1.2044660226284611
0.3052867235300004 -0.35326378439106565 -1.2102281934294514
0.3000171448053849 -0.3578495101705293 -1.2120922545889956
0.2945790375703604 -0.3618433608950383 -1.2099985691461979
0.28895987178073756 -0.3653195763802427 -1.2039554982320837
0.2831501322658727 -0.368342477544649 -1.1940448401796089
0.2771434709841245 -0.3709691067119686 -1.1804268578506134
0.27093492319134616 -0.37325053420414267 -1.1633283563713983
0.26451944282286277 -0.37523191388316385 -1.1430279992419072
0.2578908755202072 -0.3769517422346286 -1.11983892856349
0.25104173456954354 -0.3784408081967776 -1.0940921803054295
0.24396389868087018 -0.3797212634387967 -1.0661234508464619
0.23665015155654395 -0.38080610913570473 -1.036264431157863
0.2290963599827499 -0.3816992516667371 -1.0048387144734208
0.22130403616236208 -0.38239616988251685 -0.9721614915587466
0.21328302913658037 -0.3828851772747489 -0.9385419160963135
0.20505411355492667 -0.38314925116330123 -0.9042870323857791
0.19665126976715863 -0.3831684246788874 -0.8697063307235645
0.1881234593675622 -0.38292276848409285 -0.8351161682465622
0.17953568328039748 -0.3823959778837348 -0.8008433601964019
0.17096907284770796 -0.381579467945236 -0.7672272022701516
0.16251974967671182 -0.3804766450324891 -0.7346191401330979
0.154296262193624 -0.37910673835658726 -0.7033794391851499
0.14641560819942473 -0.37750738965962494 -0.6738706543256293
0.13899815286739217 -0.3757352544834447 -0.6464484047996647
0.13216204358708028 -0.37386419641878604 -0.6214506803140971
0.1260178786826999 -0.3719811478450593 -0.5991873351377035
0.12066433167416472 -0.3701801816489241 -0.5799313747546732
0.11761675942675483 0.3652141020685059 -0.5598860779124775
0.12389532383060549 0.3670665057464836 -0.5822084320878941
0.13088161273157442 0.3688980063550393 -0.6072714973935011
0.1384628997277391 0.3706206350826618 -0.6347643749179211
0.14651876011206313 0.3721597785782309 -0.664348247473308
0.1549264938330252 0.37345839614590864 -0.6956671489932857
0.16356680538389537 0.37447886889952686 -0.7283589634014286
0.1723289712122866 0.3752024063150115 -0.7620649742702331
0.18111488387203178 0.3756264348607926 -0.7964367186038083
0.18984165930328858 0.3757607257592944 -0.8311396231470766
0.19844279894226494 0.37562307440547477 -0.8658536083626074
0.20686810288977023 0.3752351548130119 -0.9002712860498694
0.21508260291784595 0.3746188823326825 -0.9340944986855227
0.223064767286198 0.3737933791125194 -0.9670298819816213
0.23080418908672123 0.3727725214855055 -0.9987840647491072
0.2382989486457268 0.37156303776530086 -1.0290591730384842
0.24555284705352373 0.37016315972483294 -1.0575494867292836
0.252572731954384 0.36856186173770555 -1.0839403190837953
0.25936616245589944 0.36673872104137867 -1.1079103042301282
0.2659396675815781 0.36466438674456847 -1.1291381083069338
0.27229781737348796 0.36230154848263363 -1.1473139818722138
0.2784432238420099 0.35960615855433953 -1.1621555190344008
0.28437741099386643 0.3565285197968503 -1.173425671671786
0.29010225806778817 0.35301376531409384 -1.1809499245357
0.295622037769347 0.3490012285777464 -1.184633043510912
0.30094335117108273 0.34442260189979285 -1.1844575168727878
0.3060744924470933 0.3391991430327569 -1.1804861671091478
0.3110234858610059 0.3332377639036259 -1.17285614664665
0.31579275704071375 0.3264277450958788 -1.1617707092395622
0.3203714846885558 0.3186387944424538 -1.1474946564659647
0.32472546076186254 0.30972174920283513 -1.130354438944772
0.3287848790865985 0.2995130934249046 -1.1107405537030641
0.33243102029154076 0.28784436155636767 -1.089106059674349
0.33548373636123374 0.27455731580120973 -1.0659533560007255
0.33769296646456537 0.259525351076589 -1.0418032035591493
0.338738890995845 0.24268054877694908 -1.0171450492977954
0.33824576421206115 0.2240435997029257 -0.9923722751981973
0.3358121136757917 0.20375001159878814 -0.9677029017961867
0.3310531823636371 0.1820622338147065 -0.9430785645838757
0.32364273347057654 0.15935990459296986 -0.9180545627796074
0.31333938524796145 0.1361141531624365 -0.8917503686658308
0.299992086757635 0.11286569891738357 -0.8629259553057609
0.28353552395554654 0.09022593970116738 -0.8301435065005073
0.26401329656122746 0.0689101820361926 -0.7919415153485793
0.24171665542332843 0.04978807329682865 -0.747148110732153
0.2175470289256646 0.0338457008839474 -0.6958577564312994
0.19335115733038907 0.021769558397943523 -0.6410989171130067
0.17121810892565148 0.013171317492049351 -0.5883543330526233
0.15193311100245216 0.006728319785141022 -0.5413337555283836
0.13499679903934772 0.0015049049827416895 -0.5000569330390064
0.15227593225690852 -0.0028014278668731306 -0.5371467324070478
0.17204741741863466 -0.008219364833095846 -0.5767216352732079
0.19478875670311524 -0.01593394553843084 -0.6196062214483774
0.21970538144270918 -0.027576182995826617 -0.6655843435324882
0.2446801806042259 -0.04370637572456641 -0.7121367581619694
0.2677522894551028 -0.06355887419560831 -0.7561815910709245
0.28791240249726774 -0.08593818726152991 -0.79614704319946
0.304842840829227 -0.10979657317896616 -0.8320695559244777
0.3185263866616277 -0.1343203786493839 -0.8648430677215218
0.3290610118355688 -0.15885652339643985 -0.8956275957079621
0.3366164411754823 -0.18284378441330149 -0.925467547667152
0.3414405790377061 -0.20578925960921685 -0.955049480713237
0.34386355889847314 -0.22728528859551939 -0.9846327141119878
0.34427783897456016 -0.2470392887187631 -1.0141260048382432
0.34309775788975727 -0.2648885862064794 -1.0432041248447976
0.34071598052260715 -0.28079227178543786 -1.0714038372388728
0.3374713723410061 -0.29480767102154903 -1.098200816671746
0.33363293888223483 -0.3070611959443445 -1.1230736510305555
0.3293975834231844 -0.3177200525871082 -1.14554938574325
0.32489707430908943 -0.3269682238715756 -1.1652257749950983
0.32020983211667103 -0.33498821454220856 -1.1817731660927826
0.3153742682004937 -0.3419488484013241 -1.194924868935498
0.31040157027401855 -0.34799864062474284 -1.2044660226284611
0.3052867235300004 -0.35326378439106565 -1.2102281934294514
0.3000171448053849 -0.3578495101705293 -1.2120922545889956
0.2945790375703604 -0.3618433608950383 -1.2099985691461979
0.28895987178073756 -0.3653195763802427 -1.2039554982320837
0.2831501322658727 -0.368342477544649 -1.1940448401796089
0.2771434709841245 -0.3709691067119686 -1.1804268578506134
0.27093492319134616 -0.37325053420414267 -1.1633283563713983
0.26451944282286277 -0.37523191388316385 -1.1430279992419072
0.2578908755202072 -0.3769517422346286 -1.11983892856349
0.25104173456954354 -0.3784408081967776 -1.0940921803054295
0.24396389868087018 -0.3797212634387967 -1.0661234508464619
0.23665015155654395 -0.38080610913570473 -1.036264431157863
0.2290963599827499 -0.3816992516667371 -1.0048387144734208
0.22130403616236208 -0.38239616988251685 -0.9721614915587466
0.21328302913658037 -0.3828851772747489 -0.9385419160963135
0.20505411355492667 -0.38314925116330123 -0.9042870323857791
0.19665126976715863 -0.3831684246788874 -0.8697063307235645
0.1881234593675622 -0.38292276848409285 -0.8351161682465622
0.17953568328039748 -0.3823959778837348 -0.8008433601964019
0.17096907284770796 -0.381579467945236 -0.7672272022701516
0.16251974967671182 -0.3804766450324891 -0.7346191401330979
0.154296262193624 -0.37910673835658726 -0.7033794391851499
0.14641560819942473 -0.37750738965962494 -0.6738706543256293
0.13899815286739217 -0.3757352544834447 -0.6464484047996647
0.13216204358708028 -0.37386419641878604 -0.6214506803140971
0.1260178786826999 -0.3719811478450593 -0.5991873351377035
0.12066433167416472 -0.3701801816489241 -0.5799313747546732

VECTORS ftot float
-2.8356606977705625 -6.504906349933238 4.624936670624322
-4.126524857033202 -7.780597839490326 6.320905224765379
-4.784881727920057 -8.421590786601733 7.70050740736136
-5.210552513928217 -8.827876681714631 8.934279627668342
-5.512934993044894 -9.109048456995039 10.07957003354763
-5.735683957843168 -9.308980179055304 11.161707630760453
-5.900249831940618 -9.449364499857438 12.193356790120957
-6.018840935772953 -9.542673357825702 13.181152209920683
-6.099341526015451 -9.597074100381779 14.128497894436883
-6.147513323176799 -9.618628801266704 15.036929270819478
-6.168108074821612 -9.612404371396096 15.90685884347567
-6.165473177161369 -9.583075510295954 16.73803465986011
-6.1438769569901455 -9.53524708226834 17.52985918829385
-6.107643817226219 -9.4735860538708 18.281638226471596
-6.06113912147774 -9.402802757879178 18.992789981027197
-6.008637368979941 -9.327514900811767 19.66302099681002
-5.954122284733776 -9.252066593614275 20.292472061819087
-5.901076972102906 -9.180233471156818 20.881769221108414
-5.852314627351179 -9.11514288672097 21.43209381022046
-5.80932027882751 -9.059116716829031 21.945338484431048
-5.771967349687188 -9.013640215782418 22.424129748972515
-5.743251046573143 -8.979380154879708 22.870003138351503
-5.722955221931493 -8.956249265908145 23.28562034384393
-5.710250412273961 -8.943505226055894 23.67371365607933
-5.703817375317346 -8.939870916997034 24.036944731569953
-5.701974262198664 -8.943659504558788 24.37777197127685
-5.702789597215212 -8.952886588087686 24.69833506101005
-5.7041899935367955 -8.965378517617943 25.000360351731384
-5.703409383993919 -8.978784145252211 25.285306175726195
-5.695955639932884 -8.990642163301672 25.55471034464979
-5.681735596526501 -8.998419963477186 25.807919154019498
-5.6584720817790775 -8.999567096428887 26.044495068485283
-5.623968912753468 -8.99161851621673 26.263418181223052
-5.576224812922243 -8.972338002244152 26.463119214009026
-5.513560920558627 -8.939880167601428 26.64156090769936
-5.43472196899887 -8.892928152992482 26.79638062703003
-5.338902041459898 -8.830752241527371 26.925094837747245
-5.2256536829126485 -8.75313858261618 27.025347504699788
-5.094651331150735 -8.660146283011434 27.095169093491407
-4.945253342754976 -8.55162574337087 27.13321003442404
-4.7757552710682685 -8.426384472664164 27.13890354269854
-4.582310287209337 -8.280971775947018 27.112458271067602
-4.357629943409268 -8.108189637586573 27.05453630493192
-4.089183841798498 -7.895062537576792 26.965576646020757
-3.75542195514979 -7.618893440578686 26.844940042366854
-3.31634094423441 -7.237957481345784 26.690208695672567
-2.6879538128325455 -6.666508219515812 26.497028500556148
-1.6520353630942468 -5.685106068472377 26.26055791430584
0.6326338019519442 -3.4520035124827744 25.982756490516685
12.264454121784553 8.131281100695993 25.69898721977414
12.320339461930173 -8.18636358297779 25.715735773459112
0.7159629187435295 3.371829289273218 26.043595073151852
-1.5584220372774071 5.598173834008514 26.367508483173147
-2.6023200883612194 6.592295573039349 26.644182146496075
-3.256408162429346 7.1950396440048845 26.865617039383
-3.729597932689394 7.615714307979564 27.035664853269687
-4.097457405851925 7.930657801949867 27.160325646028763
-4.3960502257833465 8.17695257444794 27.244018543099866
-4.64569432422523 8.375854724148473 27.289189421928057
-4.858702531809271 8.540280025235807 27.297033874995996
-5.042431575158167 8.67780226723336 27.26840552215898
-5.200923650638984 8.79238832543898 27.2044895884249
-5.336251714099588 8.88588513872172 27.107081274723008
-5.449596926251926 8.95922785940938 26.978561413948142
-5.541930623962434 9.013214511538825 26.82172934578043
-5.614396734746674 9.04893499379589 26.639575776995894
-5.668508894970467 9.067974610613094 26.435034515189106
-5.706199306313456 9.07244326398403 26.21075399511592
-5.729747871227404 9.064872924576605 25.96892365662183
-5.74164400733563 9.048045360142929 25.711168894177145
-5.74443939310585 9.024813791828988 25.438507302595287
-5.737299605858773 8.997963492247445 25.152566362071525
-5.725896642130646 8.97012925508244 24.851960500463996
-5.713208187667078 8.943771733465764 24.53569622213846
-5.701387355929258 8.921173669998886 24.202518638058482
-5.692424543234514 8.904408507809574 23.850713127594695
-5.688165223560784 8.895358080274336 23.478158102402023
-5.690225211642386 8.895628678384915 23.082409997273714
-5.699891780385569 8.906453551952003 22.66080964261885
-5.7180016076163245 8.928572838983625 22.21060837573234
-5.744814822709538 8.962110354695712 21.72910629916338
-5.779904441926376 9.00646664605704 21.213792307594737
-5.822077730622599 9.060244817312086 20.662474524897462
-5.868125178481911 9.121223250467953 20.073836461185724
-5.913485855612194 9.186380685531615 19.447281910086478
-5.957370903039708 9.252042026836756 18.781133099413886
-5.9959036409329025 9.313962649646093 18.0751437503506
-6.024907627602635 9.36761349130329 17.329504213801417
-6.0401043288597265 9.408361331555964 16.544699334293465
-6.037244413301191 9.431604538585468 15.7213351500281
-6.012125058832193 9.432794258405382 14.859932173538557
-5.960460227625052 9.407308113050982 13.960678842490017
-5.877564752070663 9.350137349433766 13.023115484339023
-5.757763913580881 9.255299187571246 12.045680049625034
-5.593306870233428 9.114752749128073 11.024969699002495
-5.372214826305942 8.916249445650395 9.954392597250301
-5.073472733282207 8.638526576341821 8.821398438661733
-4.654356286529129 8.238635851563163 7.600914580082073
-4.007869860491885 7.609382447126379 6.236200414688486
-2.7431442082929993 6.359723403163741 4.558556514637495
-2.8356606977705625 -6.504906349933238 4.624936670624322
-4.126524857033202 -7.780597839490326 6.320905224765379
-4.784881727920057 -8.421590786601733 7.70050740736136
-5.210552513928217 -8.827876681714631 8.934279627668342
-5.512934993044894 -9.109048456995039 10.07957003354763
-5.735683957843168 -9.308980179055304 11.161707630760453
-5.900249831940618 -9.449364499857438 12.193356790120957
-6.018840935772953 -9.542673357825702 13.181152209920683
-6.099341526015451 -9.597074100381779 14.128497894436883
-6.147513323176799 -9.618628801266704 15.036929270819478
-6.168108074821612 -9.612404371396096 15.90685884347567
-6.165473177161369 -9.583075510295954 16.73803465986011
-6.1438769569901455 -9.53524708226834 17.52985918829385
-6.107643817226219 -9.4735860538708 18.281638226471596
-6.06113912147774 -9.402802757879178 18.992789981027197
-6.008637368979941 -9.327514900811767 19.66302099681002
-5.954122284733776 -9.252066593614275 20.292472061819087
-5.901076972102906 -9.180233471156818 20.881769221108414
-5.852314627351179 -9.11514288672097 21.43209381022046
-5.80932027882751 -9.059116716829031 21.945338484431048
-5.771967349687188 -9.013640215782418 22.424129748972515
-5.743251046573143 -8.979380154879708 22.870003138351503
-5.722955221931493 -8.956249265908145 23.28562034384393
-5.710250412273961 -8.943505226055894 23.67371365607933
-5.703817375317346 -8.939870916997034 24.036944731569953
-5.701974262198664 -8.943659504558788 24.37777197127685
-5.702789597215212 -8.952886588087686 24.69833506101005
-5.7041899935367955 -8.965378517617943 25.000360351731384
-5.703409383993919 -8.978784145252211 25.285306175726195
-5.695955639932884 -8.990642163301672 25.55471034464979
-5.681735596526501 -8.998419963477186 25.807919154019498
-5.6584720817790775 -8.999567096428887 26.044495068485283
-5.623968912753468 -8.99161851621673 26.263418181223052
-5.576224812922243 -8.972338002244152 26.463119214009026
-5.513560920558627 -8.939880167601428 26.64156090769936
-5.43472196899887 -8.892928152992482 26.79638062703003
-5.338902041459898 -8.830752241527371 26.925094837747245
-5.2256536829126485 -8.75313858261618 27.025347504699788
-5.094651331150735 -8.660146283011434 27.095169093491407
-4.945253342754976 -8.55162574337087 27.13321003442404
-4.7757552710682685 -8.426384472664164 27.13890354269854
-4.582310287209337 -8.280971775947018 27.112458271067602
-4.357629943409268 -8.108189637586573 27.05453630493192
-4.089183841798498 -7.895062537576792 26.965576646020757
-3.75542195514979 -7.618893440578686 26.844940042366854
-3.31634094423441 -7.237957481345784 26.690208695672567
-2.6879538128325455 -6.666508219515812 26.497028500556148
-1.6520353630942468 -5.685106068472377 26.26055791430584
0.6326338019519442 -3.4520035124827744 25.982756490516685
12.264454121784553 8.131281100695993 25.69898721977414
12.320339461930173 -8.18636358297779 25.715735773459112
0.7159629187435295 3.371829289273218 26.043595073151852
-1.5584220372774071 5.598173834008514 26.367508483173147
-2.6023200883612194 6.592295573039349 26.644182146496075
-3.256408162429346 7.1950396440048845 26.865617039383
-3.729597932689394 7.615714307979564 27.035664853269687
-4.097457405851925 7.930657801949867 27.160325646028763
-4.3960502257833465 8.17695257444794 27.244018543099866
-4.64569432422523 8.375854724148473 27.289189421928057
-4.858702531809271 8.540280025235807 27.297033874995996
-5.042431575158167 8.67780226723336 27.26840552215898
-5.200923650638984 8.79238832543898 27.2044895884249
-5.336251714099588 8.88588513872172 27.107081274723008
-5.449596926251926 8.95922785940938 26.978561413948142
-5.541930623962434 9.013214511538825 26.82172934578043
-5.614396734746674 9.04893499379589 26.639575776995894
-5.668508894970467 9.067974610613094 26.435034515189106
-5.706199306313456 9.07244326398403 26.21075399511592
-5.729747871227404 9.064872924576605 25.96892365662183
-5.74164400733563 9.048045360142929 25.711168894177145
-5.74443939310585 9.024813791828988 25.438507302595287
-5.737299605858773 8.997963492247445 25.152566362071525
-5.725896642130646 8.97012925508244 24.851960500463996
-5.713208187667078 8.943771733465764 24.53569622213846
-5.701387355929258 8.921173669998886 24.202518638058482
-5.692424543234514 8.904408507809574 23.850713127594695
-5.688165223560784 8.895358080274336 23.478158102402023
-5.690225211642386 8.895628678384915 23.082409997273714
-5.699891780385569 8.906453551952003 22.66080964261885
-5.7180016076163245 8.928572838983625 22.21060837573234
-5.744814822709538 8.962110354695712 21.72910629916338
-5.779904441926376 9.00646664605704 21.213792307594737
-5.822077730622599 9.060244817312086 20.662474524897462
-5.868125178481911 9.121223250467953 20.073836461185724
-5.913485855612194 9.186380685531615 19.447281910086478
-5.957370903039708 9.252042026836756 18.781133099413886
-5.9959036409329025 9.313962649646093 18.0751437503506
-6.024907627602635 9.36761349130329 17.329504213801417
-6.0401043288597265 9.408361331555964 16.544699334293465
-6.037244413301191 9.431604538585468 15.7213351500281
-6.012125058832193 9.432794258405382 14.859932173538557
-5.960460227625052 9.407308113050982 13.960678842490017
-5.877564752070663 9.350137349433766 13.023115484339023
-5.757763913580881 9.255299187571246 12.045680049625034
-5.593306870233428 9.114752749128073 11.024969699002495
-5.372214826305942 8.916249445650395 9.954392597250301
-5.073472733282207 8.638526576341821 8.821398438661733
-4.654356286529129 8.238635851563163 7.600914580082073
-4.007869860491885 7.609382447126379 6.236200414688486
-2.7431442082929993 6.359723403163741 4.558556514637495

VECTORS D float
-0.0025240297860937414 -0.0 -0.0011769744186668346
-0.005187683511356282 -0.0 -0.002419056549429848
-0.006069101176389817 -0.0 -0.002830068356668083
-0.006021577410169643 -0.0 -0.002807907660535248
-0.005240777830026693 -0.0 -0.0024438148368303826
-0.003785762751151986 -0.0 -0.001765330162820107
-0.001675204267614529 -0.0 -0.0007811605789625906
0.0010844079873022013 0.0 0.000505667749043465
0.00448755564017657 0.0 0.002092581561410992
0.00852386269128742 0.0 0.003974742450009
0.013174301624740632 0.0 0.006143277738460397
0.018408454369612262 0.0 0.008584003247347045
0.024182731757454386 0.0 0.011276593013609068
0.030439853091525578 0.0 0.014194336609691485
0.03710999581373339 0.0 0.01730467524204382
0.04411381978671436 0.0 0.020570611997014415
0.051367159513764964 0.0 0.023952899858937997
0.05878628822133363 0.0 0.027412496392114863
0.06629363172796997 0.0 0.030913228161659593
0.0738331395165411 0.0 0.03442895838218957
0.08138105748644886 0.0 0.03794861033468328
0.08885177358829166 0.0 0.04143226246487444
0.09622346430581945 0.0 0.04486973830000777
0.10349083619497824 0.0 0.048258569466582864
0.11066352452907274 0.0 0.05160324896633015
0.11776372400356208 0.0 0.05491412635571264
0.12482352164499043 0.0 0.05820616406093526
0.13188187821468172 0.0 0.06149752978337096
0.13899857829754395 0.0 0.06481610153280193
0.14628428085402057 0.0 0.06821348042992642
0.15373268792345088 0.0 0.07168672968745762
0.16139377490129297 0.0 0.07525915321501692
0.16931416586260775 0.0 0.07895249217585963
0.17753334385948513 0.0 0.08278515781954261
0.18607969926439352 0.0 0.08677038879416575
0.19496772647352034 0.0 0.09091494394767159
0.20419802916423885 0.0 0.09521910477944234
0.213761584327925 0.0 0.09967866379145696
0.2236493209055058 0.0 0.10428939107940217
0.233868912424124 0.0 0.10905486486774969
0.24447236721790458 0.0 0.11399933704098994
0.2555950272540937 0.0 0.11918591859491948
0.2675013378074291 0.0 0.12473792238631143
0.2806464304715431 0.0 0.13086757976274488
0.29580772804584066 0.0 0.13793740892920667
0.3144276757539243 0.0 0.14662003313993166
0.33956803758075144 0.0 0.15834317638856876
0.37931283608776667 0.0 0.17687648030421732
0.46518409062442023 0.0 0.21691890391003607
0.9013451818632549 0.0 0.4203041609439457
0.9037128517305126 0.0 0.4214082235350308
0.46925986758347205 0.0 0.2188194699189736
0.38445051124425283 0.0 0.1792722175747995
0.34498593807190775 0.0 0.1608695848787167
0.3193088701822769 0.0 0.148896171482816
0.2996818193369443 0.0 0.13974392736663988
0.2833764469821609 0.0 0.13214060736853558
0.26911891710708025 0.0 0.12549221200141178
0.256198371726695 0.0 0.11946726274299894
0.2441866116957337 0.0 0.11386608705264159
0.232833092326621 0.0 0.10857185402381321
0.22200917378825483 0.0 0.10352457791812719
0.21166105501538343 0.0 0.09869917088683977
0.20177127154904695 0.0 0.09408748911899238
0.19233373548250235 0.0 0.08968669377704863
0.1833392019213497 0.0 0.08549247389595101
0.17476734093389973 0.0 0.08149534947286301
0.16658411751446106 0.0 0.07767944972398542
0.1587434234953952 0.0 0.07402327405764492
0.15119115375679096 0.0 0.07050159284208152
0.1438698024780735 0.0 0.06708759067277266
0.13681134904477932 0.0 0.06379617978209716
0.12986817257157926 0.0 0.060558523420722335
0.12297167502214931 0.0 0.05734263379897598
0.11607726145199171 0.0 0.05412771595272375
0.10914677661359047 0.0 0.05089597779785015
0.10214881354838018 0.0 0.04763277402905677
0.09506119706778901 0.0 0.044327764186091516
0.08787339317257686 0.0 0.040976036184437764
0.08058887262910057 0.0 0.037579208469027355
0.07322689327980075 0.0 0.0341462611192699
0.06582326916223784 0.0 0.030693894495149265
0.05842986145005511 0.0 0.02724629185909623
0.05113356967977251 0.0 0.023843975130480158
0.04403775667413926 0.0 0.020535143185117538
0.03717731652017155 0.0 0.017336067403008335
0.03063441612370752 0.0 0.014285062841591785
0.02448694400955028 0.0 0.011418449516465963
0.018803828507564735 0.0 0.008768369235710713
0.013641983857088605 0.0 0.006361361544987283
0.009045095663218173 0.0 0.0042177973765032
0.005044051270795013 0.0 0.0023520797356981673
0.0016586163239834836 0.0 0.0007734254938143907
-0.0010999378625132263 -0.0 -0.0005129094487845573
-0.0032251646638278924 -0.0 -0.001503918981553838
-0.0047097776785453675 -0.0 -0.0021962053997131763
-0.005534731190766527 -0.0 -0.002580887540083766
-0.005641726758162528 -0.0 -0.0026307803925491604
-0.004839400653963223 -0.0 -0.0022566495858233593
-0.002295189331799993 -0.0 -0.0010702643623339907
-0.0025240297860937414 -0.0 -0.0011769744186668346
-0.005187683511356282 -0.0 -0.002419056549429848
-0.006069101176389817 -0.0 -0.002830068356668083
-0.006021577410169643 -0.0 -0.002807907660535248
-0.005240777830026693 -0.0 -0.0024438148368303826
-0.003785762751151986 -0.0 -0.001765330162820107
-0.001675204267614529 -0.0 -0.0007811605789625906
0.0010844079873022013 0.0 0.000505667749043465
0.00448755564017657 0.0 0.002092581561410992
0.00852386269128742 0.0 0.003974742450009
0.013174301624740632 0.0 0.006143277738460397
0.018408454369612262 0.0 0.008584003247347045
0.024182731757454386 0.0 0.011276593013609068
0.030439853091525578 0.0 0.014194336609691485
0.03710999581373339 0.0 0.01730467524204382
0.04411381978671436 0.0 0.020570611997014415
0.051367159513764964 0.0 0.023952899858937997
0.05878628822133363 0.0 0.027412496392114863
0.06629363172796997 0.0 0.030913228161659593
0.0738331395165411 0.0 0.03442895838218957
0.08138105748644886 0.0 0.03794861033468328
0.08885177358829166 0.0 0.04143226246487444
0.09622346430581945 0.0 0.04486973830000777
0.10349083619497824 0.0 0.048258569466582864
0.11066352452907274 0.0 0.05160324896633015
0.11776372400356208 0.0 0.05491412635571264
0.12482352164499043 0.0 0.05820616406093526
0.13188187821468172 0.0 0.06149752978337096
0.13899857829754395 0.0 0.06481610153280193
0.14628428085402057 0.0 0.06821348042992642
0.15373268792345088 0.0 0.07168672968745762
0.16139377490129297 0.0 0.07525915321501692
0.16931416586260775 0.0 0.07895249217585963
0.17753334385948513 0.0 0.08278515781954261
0.18607969926439352 0.0 0.08677038879416575
0.19496772647352034 0.0 0.09091494394767159
0.20419802916423885 0.0 0.09521910477944234
0.213761584327925 0.0 0.09967866379145696
0.2236493209055058 0.0 0.10428939107940217
0.233868912424124 0.0 0.10905486486774969
0.24447236721790458 0.0 0.11399933704098994
0.2555950272540937 0.0 0.11918591859491948
0.2675013378074291 0.0 0.12473792238631143
0.2806464304715431 0.0 0.13086757976274488
0.29580772804584066 0.0 0.13793740892920667
0.3144276757539243 0.0 0.14662003313993166
0.33956803758075144 0.0 0.15834317638856876
0.37931283608776667 0.0 0.17687648030421732
0.46518409062442023 0.0 0.21691890391003607
0.9013451818632549 0.0 0.4203041609439457
0.9037128517305126 0.0 0.4214082235350308
0.46925986758347205 0.0 0.2188194699189736
0.38445051124425283 0.0 0.1792722175747995
0.34498593807190775 0.0 0.1608695848787167
0.3193088701822769 0.0 0.148896171482816
0.2996818193369443 0.0 0.13974392736663988
0.2833764469821609 0.0 0.13214060736853558
0.26911891710708025 0.0 0.12549221200141178
0.256198371726695 0.0 0.11946726274299894
0.2441866116957337 0.0 0.11386608705264159
0.232833092326621 0.0 0.10857185402381321
0.22200917378825483 0.0 0.10352457791812719
0.21166105501538343 0.0 0.09869917088683977
0.20177127154904695 0.0 0.09408748911899238
0.19233373548250235 0.0 0.08968669377704863
0.1833392019213497 0.0 0.08549247389595101
0.17476734093389973 0.0 0.08149534947286301
0.16658411751446106 0.0 0.07767944972398542
0.1587434234953952 0.0 0.07402327405764492
0.15119115375679096 0.0 0.07050159284208152
0.1438698024780735 0.0 0.06708759067277266
0.13681134904477932 0.0 0.06379617978209716
0.12986817257157926 0.0 0.060558523420722335
0.12297167502214931 0.0 0.05734263379897598
0.11607726145199171 0.0 0.05412771595272375
0.10914677661359047 0.0 0.05089597779785015
0.10214881354838018 0.0 0.04763277402905677
0.09506119706778901 0.0 0.044327764186091516
0.08787339317257686 0.0 0.040976036184437764
0.08058887262910057 0.0 0.037579208469027355
0.07322689327980075 0.0 0.0341462611192699
0.06582326916223784 0.0 0.030693894495149265
0.05842986145005511 0.0 0.02724629185909623
0.05113356967977251 0.0 0.023843975130480158
0.04403775667413926 0.0 0.020535143185117538
0.03717731652017155 0.0 0.017336067403008335
0.03063441612370752 0.0 0.014285062841591785
0.02448694400955028 0.0 0.011418449516465963
0.018803828507564735 0.0 0.008768369235710713
0.013641983857088605 0.0 0.006361361544987283
0.009045095663218173 0.0 0.0042177973765032
0.005044051270795013 0.0 0.0023520797356981673
0.0016586163239834836 0.0 0.0007734254938143907
-0.0010999378625132263 -0.0 -0.0005129094487845573
-0.0032251646638278924 -0.0 -0.001503918981553838
-0.0047097776785453675 -0.0 -0.0021962053997131763
-0.005534731190766527 -0.0 -0.002580887540083766
-0.005641726758162528 -0.0 -0.0026307803925491604
-0.004839400653963223 -0.0 -0.0022566495858233593
-0.002295189331799993 -0.0 -0.0010702643623339907

VECTORS funs-vector float
0.0 0.0 -0.9780622571902086
0.0 0.0 -1.50331343869184
0.0 0.0 -1.9332615702635427
0.0 0.0 -2.32025927123085
0.0 0.0 -2.681947101187703
0.0 0.0 -3.0261176083654555
0.0 0.0 -3.3566346354144327
0.0 0.0 -3.675452508550316
0.0 0.0 -3.983457031527547
0.0 0.0 -4.2808635157615385
0.0 0.0 -4.5674237120557315
0.0 0.0 -4.842543520402289
0.0 0.0 -5.105358400651825
0.0 0.0 -5.354790523782012
0.0 0.0 -5.589600916307217
0.0 0.0 -5.8084441035161305
0.0 0.0 -6.009929751896617
0.0 0.0 -6.192694790218592
0.0 0.0 -6.355489141726105
0.0 0.0 -6.4972759714806845
0.0 0.0 -6.617341065867318
0.0 0.0 -6.715395699917907
0.0 0.0 -6.791646946683079
0.0 0.0 -6.846803439186686
0.0 0.0 -6.881990626981869
0.0 0.0 -6.898567981860911
0.0 0.0 -6.897869133202784
0.0 0.0 -6.880896175751946
0.0 0.0 -6.84827582963734
0.0 0.0 -6.799739484911328
0.0 0.0 -6.734489558833126
0.0 0.0 -6.651255556572489
0.0 0.0 -6.548633895702085
0.0 0.0 -6.425548839362248
0.0 0.0 -6.281765892681061
0.0 0.0 -6.118344500986301
0.0 0.0 -5.93787396287853
0.0 0.0 -5.7443535441286135
0.0 0.0 -5.542714250060635
0.0 0.0 -5.338182141376325
0.0 0.0 -5.135642623953901
0.0 0.0 -4.938793607127325
0.0 0.0 -4.7490627368148255
0.0 0.0 -4.565175062467649
0.0 0.0 -4.384013971435381
0.0 0.0 -4.202017171191895
0.0 0.0 -4.016163177462993
0.0 0.0 -3.826022401609472
0.0 0.0 -3.641031918169641
0.0 0.0 -3.491346751000656
0.0 0.0 -3.479720159630341
0.0 0.0 -3.6041511107875617
0.0 0.0 -3.7650322413403776
0.0 0.0 -3.938923831738306
0.0 0.0 -4.119205713777076
0.0 0.0 -4.304927438512487
0.0 0.0 -4.496797796250432
0.0 0.0 -4.696236338653612
0.0 0.0 -4.904468871988321
0.0 0.0 -5.121196714614458
0.0 0.0 -5.34380506294181
0.0 0.0 -5.567822849704288
0.0 0.0 -5.787859474211892
0.0 0.0 -5.99829262841045
0.0 0.0 -6.193918572972264
0.0 0.0 -6.3706641341290995
0.0 0.0 -6.526062832346727
0.0 0.0 -6.659295663613732
0.0 0.0 -6.770859104234762
0.0 0.0 -6.862047383728511
0.0 0.0 -6.934419725564996
0.0 0.0 -6.989354791739816
0.0 0.0 -7.027739808440327
0.0 0.0 -7.0499236537851795
0.0 0.0 -7.055357579292885
0.0 0.0 -7.043091666163901
0.0 0.0 -7.01180098512646
0.0 0.0 -6.960079576976076
0.0 0.0 -6.886704433686016
0.0 0.0 -6.790836157318303
0.0 0.0 -6.672128627320425
0.0 0.0 -6.530746998517102
0.0 0.0 -6.367314635006834
0.0 0.0 -6.182818690431966
0.0 0.0 -5.978501360084432
0.0 0.0 -5.755754638758299
0.0 0.0 -5.5160264582056
0.0 0.0 -5.260739336599975
0.0 0.0 -4.991219781822739
0.0 0.0 -4.708635719178141
0.0 0.0 -4.413937680682912
0.0 0.0 -4.107796079455438
0.0 0.0 -3.7905207926541613
0.0 0.0 -3.461938075755492
0.0 0.0 -3.12117621371969
0.0 0.0 -2.766254650836071
0.0 0.0 -2.3932166711664813
0.0 0.0 -1.994047190070091
0.0 0.0 -1.5505681780211849
0.0 0.0 -1.0087946356840647
0.0 0.0 -0.9780622571902086
0.0 0.0 -1.50331343869184
0.0 0.0 -1.9332615702635427
0.0 0.0 -2.32025927123085
0.0 0.0 -2.681947101187703
0.0 0.0 -3.0261176083654555
0.0 0.0 -3.3566346354144327
0.0 0.0 -3.675452508550316
0.0 0.0 -3.983457031527547
0.0 0.0 -4.2808635157615385
0.0 0.0 -4.5674237120557315
0.0 0.0 -4.842543520402289
0.0 0.0 -5.105358400651825
0.0 0.0 -5.354790523782012
0.0 0.0 -5.589600916307217
0.0 0.0 -5.8084441035161305
0.0 0.0 -6.009929751896617
0.0 0.0 -6.192694790218592
0.0 0.0 -6.355489141726105
0.0 0.0 -6.4972759714806845
0.0 0.0 -6.617341065867318
0.0 0.0 -6.715395699917907
0.0 0.0 -6.791646946683079
0.0 0.0 -6.846803439186686
0.0 0.0 -6.881990626981869
0.0 0.0 -6.898567981860911
0.0 0.0 -6.897869133202784
0.0 0.0 -6.880896175751946
0.0 0.0 -6.84827582963734
0.0 0.0 -6.799739484911328
0.0 0.0 -6.734489558833126
0.0 0.0 -6.651255556572489
0.0 0.0 -6.548633895702085
0.0 0.0 -6.425548839362248
0.0 0.0 -6.281765892681061
0.0 0.0 -6.118344500986301
0.0 0.0 -5.93787396287853
0.0 0.0 -5.7443535441286135
0.0 0.0 -5.542714250060635
0.0 0.0 -5.338182141376325
0.0 0.0 -5.135642623953901
0.0 0.0 -4.938793607127325
0.0 0.0 -4.7490627368148255
0.0 0.0 -4.565175062467649
0.0 0.0 -4.384013971435381
0.0 0.0 -4.202017171191895
0.0 0.0 -4.016163177462993
0.0 0.0 -3.826022401609472
0.0 0.0 -3.641031918169641
0.0 0.0 -3.491346751000656
0.0 0.0 -3.479720159630341
0.0 0.0 -3.6041511107875617
0.0 0.0 -3.7650322413403776
0.0 0.0 -3.938923831738306
0.0 0.0 -4.119205713777076
0.0 0.0 -4.304927438512487
0.0 0.0 -4.496797796250432
0.0 0.0 -4.696236338653612
0.0 0.0 -4.904468871988321
0.0 0.0 -5.121196714614458
0.0 0.0 -5.34380506294181
0.0 0.0 -5.567822849704288
0.0 0.0 -5.787859474211892
0.0 0.0 -5.99829262841045
0.0 0.0 -6.193918572972264
0.0 0.0 -6.3706641341290995
0.0 0.0 -6.526062832346727
0.0 0.0 -6.659295663613732
0.0 0.0 -6.770859104234762
0.0 0.0 -6.862047383728511
0.0 0.0 -6.934419725564996
0.0 0.0 -6.989354791739816
0.0 0.0 -7.027739808440327
0.0 0.0 -7.0499236537851795
0.0 0.0 -7.055357579292885
0.0 0.0 -7.043091666163901
0.0 0.0 -7.01180098512646
0.0 0.0 -6.960079576976076
0.0 0.0 -6.886704433686016
0.0 0.0 -6.790836157318303
0.0 0.0 -6.672128627320425
0.0 0.0 -6.530746998517102
0.0 0.0 -6.367314635006834
0.0 0.0 -6.182818690431966
0.0 0.0 -5.978501360084432
0.0 0.0 -5.755754638758299
0.0 0.0 -5.5160264582056
0.0 0.0 -5.260739336599975
0.0 0.0 -4.991219781822739
0.0 0.0 -4.708635719178141
0.0 0.0 -4.413937680682912
0.0 0.0 -4.107796079455438
0.0 0.0 -3.7905207926541613
0.0 0.0 -3.461938075755492
0.0 0.0 -3.12117621371969
0.0 0.0 -2.766254650836071
0.0 0.0 -2.3932166711664813
0.0 0.0 -1.994047190070091
0.0 0.0 -1.5505681780211849
0.0 0.0 -1.0087946356840647

VECTORS S float
-0.0 -0.029437658009061212 0.0
-0.0 -0.04167802097604787 0.0
-0.0 -0.0521116788254582 0.0
-0.0 -0.0619635051806993 0.0
-0.0 -0.07150856537306811 0.0
-0.0 -0.08081576462236828 0.0
-0.0 -0.08988887676196575 0.0
-0.0 -0.09870842176676513 0.0
-0.0 -0.10724828236504264 0.0
-0.0 -0.11548421971153555 0.0
-0.0 -0.12339937487110539 0.0
-0.0 -0.13098837446674183 0.0
-0.0 -0.13826037506787572 0.0
-0.0 -0.1452407957039709 0.0
-0.0 -0.151971273145203 0.0
-0.0 -0.15850753113967217 0.0
-0.0 -0.16491576972321675 0.0
-0.0 -0.1712660268705481 0.0
-0.0 -0.17762826070891344 0.0
-0.0 -0.18406646129132653 0.0
-0.0 -0.19063464429802912 0.0
-0.0 -0.1973737727238573 0.0
-0.0 -0.20430982532255312 0.0
-0.0 -0.21145300311536808 0.0
-0.0 -0.21879795023330278 0.0
-0.0 -0.226324696507459 0.0
-0.0 -0.2339998859043899 0.0
-0.0 -0.24177846092996366 0.0
-0.0 -0.24960320278283366 0.0
-0.0 -0.2574059215874561 0.0
-0.0 -0.2651081434219375 0.0
-0.0 -0.27262243343182824 0.0
-0.0 -0.2798555350676419 0.0
-0.0 -0.28671330810777995 0.0
-0.0 -0.29310699134292395 0.0
-0.0 -0.2989594558403929 0.0
-0.0 -0.30420942073385043 0.0
-0.0 -0.3088113787782673 0.0
-0.0 -0.3127289685521492 0.0
-0.0 -0.3159183150315404 0.0
-0.0 -0.31829565193159887 0.0
-0.0 -0.3196860704133153 0.0
-0.0 -0.3197554089571777 0.0
-0.0 -0.3179129293517068 0.0
-0.0 -0.313125212217149 0.0
-0.0 -0.30348554291894575 0.0
-0.0 -0.2850660756114123 0.0
-0.0 -0.24782590315732458 0.0
-0.0 -0.15334952405105715 0.0
0.0 0.36797743017513307 -0.0
-0.0 -0.37047016287330403 0.0
0.0 0.1497879173128571 -0.0
0.0 0.24403634158010676 -0.0
0.0 0.2818926740051783 -0.0
0.0 0.3016860099429827 -0.0
0.0 0.3129945545858886 -0.0
0.0 0.3193462548908053 -0.0
0.0 0.32246715127944287 -0.0
0.0 0.3233490169466981 -0.0
0.0 0.32259790745714656 -0.0
0.0 0.32057958950862836 -0.0
0.0 0.31750439799365 -0.0
0.0 0.31349468712899176 -0.0
0.0 0.30863526037076433 -0.0
0.0 0.30300320202582987 -0.0
0.0 0.2966825126472381 -0.0
0.0 0.28976939988172096 -0.0
0.0 0.2823711281160279 -0.0
0.0 0.2746007323428921 -0.0
0.0 0.2665701886287671 -0.0
0.0 0.2583842698937766 -0.0
0.0 0.25013637368435543 -0.0
0.0 0.2419065788884171 -0.0
0.0 0.23376165269093746 -0.0
0.0 0.22575567890567166 -0.0
0.0 0.21793002915115298 -0.0
0.0 0.21031465094699614 -0.0
0.0 0.2029269493797212 -0.0
0.0 0.19577078916558296 -0.0
0.0 0.18883550557835738 -0.0
0.0 0.1820954503905106 -0.0
0.0 0.17551046926566144 -0.0
0.0 0.16902752388714376 -0.0
0.0 0.1625835199031553 -0.0
0.0 0.1561091606989639 -0.0
0.0 0.1495346273038745 -0.0
0.0 0.1427935882673403 -0.0
0.0 0.1358297004392232 -0.0
0.0 0.12860025530344868 -0.0
0.0 0.12107835450163341 -0.0
0.0 0.1132530329570385 -0.0
0.0 0.1051276280927426 -0.0
0.0 0.09671684929970216 -0.0
0.0 0.08804279357402976 -0.0
0.0 0.07912958225240878 -0.0
0.0 0.06999503947937126 -0.0
0.0 0.060634443090432505 -0.0
0.0 0.050979578126686895 -0.0
0.0 0.04076087824979932 -0.0
0.0 0.02878063918268071 -0.0
-0.0 -0.029437658009061212 0.0
-0.0 -0.04167802097604787 0.0
-0.0 -0.0521116788254582 0.0
-0.0 -0.0619635051806993 0.0
-0.0 -0.07150856537306811 0.0
-0.0 -0.08081576462236828 0.0
-0.0 -0.08988887676196575 0.0
-0.0 -0.09870842176676513 0.0
-0.0 -0.10724828236504264 0.0
-0.0 -0.11548421971153555 0.0
-0.0 -0.12339937487110539 0.0
-0.0 -0.13098837446674183 0.0
-0.0 -0.13826037506787572 0.0
-0.0 -0.1452407957039709 0.0
-0.0 -0.151971273145203 0.0
-0.0 -0.15850753113967217 0.0
-0.0 -0.16491576972321675 0.0
-0.0 -0.1712660268705481 0.0
-0.0 -0.17762826070891344 0.0
-0.0 -0.18406646129132653 0.0
-0.0 -0.19063464429802912 0.0
-0.0 -0.1973737727238573 0.0
-0.0 -0.20430982532255312 0.0
-0.0 -0.21145300311536808 0.0
-0.0 -0.21879795023330278 0.0
-0.0 -0.226324696507459 0.0
-0.0 -0.2339998859043899 0.0
-0.0 -0.24177846092996366 0.0
-0.0 -0.24960320278283366 0.0
-0.0 -0.2574059215874561 0.0
-0.0 -0.2651081434219375 0.0
-0.0 -0.27262243343182824 0.0
-0.0 -0.2798555350676419 0.0
-0.0 -0.28671330810777995 0.0
-0.0 -0.29310699134292395 0.0
-0.0 -0.2989594558403929 0.0
-0.0 -0.30420942073385043 0.0
-0.0 -0.3088113787782673 0.0
-0.0 -0.3127289685521492 0.0
-0.0 -0.3159183150315404 0.0
-0.0 -0.31829565193159887 0.0
-0.0 -0.3196860704133153 0.0
-0.0 -0.3197554089571777 0.0
-0.0 -0.3179129293517068 0.0
-0.0 -0.313125212217149 0.0
-0.0 -0.30348554291894575 0.0
-0.0 -0.2850660756114123 0.0
-0.0 -0.24782590315732458 0.0
-0.0 -0.15334952405105715 0.0
0.0 0.36797743017513307 -0.0
-0.0 -0.37047016287330403 0.0
0.0 0.1497879173128571 -0.0
0.0 0.24403634158010676 -0.0
0.0 0.2818926740051783 -0.0
0.0 0.3016860099429827 -0.0
0.0 0.3129945545858886 -0.0
0.0 0.3193462548908053 -0.0
0.0 0.32246715127944287 -0.0
0.0 0.3233490169466981 -0.0
0.0 0.32259790745714656 -0.0
0.0 0.32057958950862836 -0.0
0.0 0.31750439799365 -0.0
0.0 0.31349468712899176 -0.0
0.0 0.30863526037076433 -0.0
0.0 0.30300320202582987 -0.0
0.0 0.2966825126472381 -0.0
0.0 0.28976939988172096 -0.0
0.0 0.2823711281160279 -0.0
0.0 0.2746007323428921 -0.0
0.0 0.2665701886287671 -0.0
0.0 0.2583842698937766 -0.0
0.0 0.25013637368435543 -0.0
0.0 0.2419065788884171 -0.0
0.0 0.23376165269093746 -0.0
0.0 0.22575567890567166 -0.0
0.0 0.21793002915115298 -0.0
0.0 0.21031465094699614 -0.0
0.0 0.2029269493797212 -0.0
0.0 0.19577078916558296 -0.0
0.0 0.18883550557835738 -0.0
0.0 0.1820954503905106 -0.0
0.0 0.17551046926566144 -0.0
0.0 0.16902752388714376 -0.0
0.0 0.1625835199031553 -0.0
0.0 0.1561091606989639 -0.0
0.0 0.1495346273038745 -0.0
0.0 0.1427935882673403 -0.0
0.0 0.1358297004392232 -0.0
0.0 0.12860025530344868 -0.0
0.0 0.12107835450163341 -0.0
0.0 0.1132530329570385 -0.0
0.0 0.1051276280927426 -0.0
0.0 0.09671684929970216 -0.0
0.0 0.08804279357402976 -0.0
0.0 0.07912958225240878 -0.0
0.0 0.06999503947937126 -0.0
0.0 0.060634443090432505 -0.0
0.0 0.050979578126686895 -0.0
0.0 0.04076087824979932 -0.0
0.0 0.02878063918268071 -0.0

VECTORS Vvpm_ApA float
0.11214649512676807 0.36343608695050117 -0.5405784981801043
0.11761675942675483 0.3652141020685059 -0.5598860779124775
0.12389532383060549 0.3670665057464836 -0.5822084320878941
0.13088161273157442 0.3688980063550393 -0.6072714973935011
0.1384628997277391 0.3706206350826618 -0.6347643749179211
0.14651876011206313 0.3721597785782309 -0.664348247473308
0.1549264938330252 0.37345839614590864 -0.6956671489932857
0.16356680538389537 0.37447886889952686 -0.7283589634014286
0.1723289712122866 0.3752024063150115 -0.7620649742702331
0.18111488387203178 0.3756264348607926 -0.7964367186038083
0.18984165930328858 0.3757607257592944 -0.8311396231470766
0.19844279894226494 0.37562307440547477 -0.8658536083626074
0.20686810288977023 0.3752351548130119 -0.9002712860498694
0.21508260291784595 0.3746188823326825 -0.9340944986855227
0.223064767286198 0.3737933791125194 -0.9670298819816213
0.23080418908672123 0.3727725214855055 -0.9987840647491072
0.2382989486457268 0.37156303776530086 -1.0290591730384842
0.24555284705352373 0.37016315972483294 -1.0575494867292836
0.252572731954384 0.36856186173770555 -1.0839403190837953
0.25936616245589944 0.36673872104137867 -1.1079103042301282
0.2659396675815781 0.36466438674456847 -1.1291381083069338
0.27229781737348796 0.36230154848263363 -1.1473139818722138
0.2784432238420099 0.35960615855433953 -1.1621555190344008
0.28437741099386643 0.3565285197968503 -1.173425671671786
0.29010225806778817 0.35301376531409384 -1.1809499245357
0.295622037769347 0.3490012285777464 -1.184633043510912
0.30094335117108273 0.34442260189979285 -1.1844575168727878
0.3060744924470933 0.3391991430327569 -1.1804861671091478
0.3110234858610059 0.3332377639036259 -1.17285614664665
0.31579275704071375 0.3264277450958788 -1.1617707092395622
0.3203714846885558 0.3186387944424538 -1.1474946564659647
0.32472546076186254 0.30972174920283513 -1.130354438944772
0.3287848790865985 0.2995130934249046 -1.1107405537030641
0.33243102029154076 0.28784436155636767 -1.089106059674349
0.33548373636123374 0.27455731580120973 -1.0659533560007255
0.33769296646456537 0.259525351076589 -1.0418032035591493
0.338738890995845 0.24268054877694908 -1.0171450492977954
0.33824576421206115 0.2240435997029257 -0.9923722751981973
0.3358121136757917 0.20375001159878814 -0.9677029017961867
0.3310531823636371 0.1820622338147065 -0.9430785645838757
0.32364273347057654 0.15935990459296986 -0.9180545627796074
0.31333938524796145 0.1361141531624365 -0.8917503686658308
0.299992086757635 0.11286569891738357 -0.8629259553057609
0.28353552395554654 0.09022593970116738 -0.8301435065005073
0.26401329656122746 0.0689101820361926 -0.7919415153485793
0.24171665542332843 0.04978807329682865 -0.747148110732153
0.2175470289256646 0.0338457008839474 -0.6958577564312994
0.19335115733038907 0.021769558397943523 -0.6410989171130067
0.17121810892565148 0.013171317492049351 -0.5883543330526233
0.15193311100245216 0.006728319785141022 -0.5413337555283836
0.13499679903934772 0.0015049049827416895 -0.5000569330390064
0.15227593225690852 -0.0028014278668731306 -0.5371467324070478
0.17204741741863466 -0.008219364833095846 -0.5767216352732079
0.19478875670311524 -0.01593394553843084 -0.6196062214483774
0.21970538144270918 -0.027576182995826617 -0.6655843435324882
0.2446801806042259 -0.04370637572456641 -0.7121367581619694
0.2677522894551028 -0.06355887419560831 -0.7561815910709245
0.28791240249726774 -0.08593818726152991 -0.79614704319946
0.304842840829227 -0.10979657317896616 -0.8320695559244777
0.3185263866616277 -0.1343203786493839 -0.8648430677215218
0.3290610118355688 -0.15885652339643985 -0.8956275957079621
0.3366164411754823 -0.18284378441330149 -0.925467547667152
0.3414405790377061 -0.20578925960921685 -0.955049480713237
0.34386355889847314 -0.22728528859551939 -0.9846327141119878
0.34427783897456016 -0.2470392887187631 -1.0141260048382432
0.34309775788975727 -0.2648885862064794 -1.0432041248447976
0.34071598052260715 -0.28079227178543786 -1.0714038372388728
0.3374713723410061 -0.29480767102154903 -1.098200816671746
0.33363293888223483 -0.3070611959443445 -1.1230736510305555
0.3293975834231844 -0.3177200525871082 -1.14554938574325
0.32489707430908943 -0.3269682238715756 -1.1652257749950983
0.32020983211667103 -0.33498821454220856 -1.1817731660927826
0.3153742682004937 -0.3419488484013241 -1.194924868935498
0.31040157027401855 -0.34799864062474284 -1.2044660226284611
0.3052867235300004 -0.35326378439106565 -1.2102281934294514
0.3000171448053849 -0.3578495101705293 -1.2120922545889956
0.2945790375703604 -0.3618433608950383 -1.2099985691461979
0.28895987178073756 -0.3653195763802427 -1.2039554982320837
0.2831501322658727 -0.368342477544649 -1.1940448401796089
0.2771434709841245 -0.3709691067119686 -1.1804268578506134
0.27093492319134616 -0.37325053420414267 -1.1633283563713983
0.26451944282286277 -0.37523191388316385 -1.1430279992419072
0.2578908755202072 -0.3769517422346286 -1.11983892856349
0.25104173456954354 -0.3784408081967776 -1.0940921803054295
0.24396389868087018 -0.3797212634387967 -1.0661234508464619
0.23665015155654395 -0.38080610913570473 -1.036264431157863
0.2290963599827499 -0.3816992516667371 -1.0048387144734208
0.22130403616236208 -0.38239616988251685 -0.9721614915587466
0.21328302913658037 -0.3828851772747489 -0.9385419160963135
0.20505411355492667 -0.38314925116330123 -0.9042870323857791
0.19665126976715863 -0.3831684246788874 -0.8697063307235645
0.1881234593675622 -0.38292276848409285 -0.8351161682465622
0.17953568328039748 -0.3823959778837348 -0.8008433601964019
0.17096907284770796 -0.381579467945236 -0.7672272022701516
0.16251974967671182 -0.3804766450324891 -0.7346191401330979
0.154296262193624 -0.37910673835658726 -0.7033794391851499
0.14641560819942473 -0.37750738965962494 -0.6738706543256293
0.13899815286739217 -0.3757352544834447 -0.6464484047996647
0.13216204358708028 -0.37386419641878604 -0.6214506803140971
0.1260178786826999 -0.3719811478450593 -0.5991873351377035
0.11214649512676807 0.36343608695050117 -0.5405784981801043
0.11761675942675483 0.3652141020685059 -0.5598860779124775
0.12389532383060549 0.3670665057464836 -0.5822084320878941
0.13088161273157442 0.3688980063550393 -0.6072714973935011
0.1384628997277391 0.3706206350826618 -0.6347643749179211
0.14651876011206313 0.3721597785782309 -0.664348247473308
0.1549264938330252 0.37345839614590864 -0.6956671489932857
0.16356680538389537 0.37447886889952686 -0.7283589634014286
0.1723289712122866 0.3752024063150115 -0.7620649742702331
0.18111488387203178 0.3756264348607926 -0.7964367186038083
0.18984165930328858 0.3757607257592944 -0.8311396231470766
0.19844279894226494 0.37562307440547477 -0.8658536083626074
0.20686810288977023 0.3752351548130119 -0.9002712860498694
0.21508260291784595 0.3746188823326825 -0.9340944986855227
0.223064767286198 0.3737933791125194 -0.9670298819816213
0.23080418908672123 0.3727725214855055 -0.9987840647491072
0.2382989486457268 0.37156303776530086 -1.0290591730384842
0.24555284705352373 0.37016315972483294 -1.0575494867292836
0.252572731954384 0.36856186173770555 -1.0839403190837953
0.25936616245589944 0.36673872104137867 -1.1079103042301282
0.2659396675815781 0.36466438674456847 -1.1291381083069338
0.27229781737348796 0.36230154848263363 -1.1473139818722138
0.2784432238420099 0.35960615855433953 -1.1621555190344008
0.28437741099386643 0.3565285197968503 -1.173425671671786
0.29010225806778817 0.35301376531409384 -1.1809499245357
0.295622037769347 0.3490012285777464 -1.184633043510912
0.30094335117108273 0.34442260189979285 -1.1844575168727878
0.3060744924470933 0.3391991430327569 -1.1804861671091478
0.3110234858610059 0.3332377639036259 -1.17285614664665
0.31579275704071375 0.3264277450958788 -1.1617707092395622
0.3203714846885558 0.3186387944424538 -1.1474946564659647
0.32472546076186254 0.30972174920283513 -1.130354438944772
0.3287848790865985 0.2995130934249046 -1.1107405537030641
0.33243102029154076 0.28784436155636767 -1.089106059674349
0.33548373636123374 0.27455731580120973 -1.0659533560007255
0.33769296646456537 0.259525351076589 -1.0418032035591493
0.338738890995845 0.24268054877694908 -1.0171450492977954
0.33824576421206115 0.2240435997029257 -0.9923722751981973
0.3358121136757917 0.20375001159878814 -0.9677029017961867
0.3310531823636371 0.1820622338147065 -0.9430785645838757
0.32364273347057654 0.15935990459296986 -0.9180545627796074
0.31333938524796145 0.1361141531624365 -0.8917503686658308
0.299992086757635 0.11286569891738357 -0.8629259553057609
0.28353552395554654 0.09022593970116738 -0.8301435065005073
0.26401329656122746 0.0689101820361926 -0.7919415153485793
0.24171665542332843 0.04978807329682865 -0.747148110732153
0.2175470289256646 0.0338457008839474 -0.6958577564312994
0.19335115733038907 0.021769558397943523 -0.6410989171130067
0.17121810892565148 0.013171317492049351 -0.5883543330526233
0.15193311100245216 0.006728319785141022 -0.5413337555283836
0.13499679903934772 0.0015049049827416895 -0.5000569330390064
0.15227593225690852 -0.0028014278668731306 -0.5371467324070478
0.17204741741863466 -0.008219364833095846 -0.5767216352732079
0.19478875670311524 -0.01593394553843084 -0.6196062214483774
0.21970538144270918 -0.027576182995826617 -0.6655843435324882
0.2446801806042259 -0.04370637572456641 -0.7121367581619694
0.2677522894551028 -0.06355887419560831 -0.7561815910709245
0.28791240249726774 -0.08593818726152991 -0.79614704319946
0.304842840829227 -0.10979657317896616 -0.8320695559244777
0.3185263866616277 -0.1343203786493839 -0.8648430677215218
0.3290610118355688 -0.15885652339643985 -0.8956275957079621
0.3366164411754823 -0.18284378441330149 -0.925467547667152
0.3414405790377061 -0.20578925960921685 -0.955049480713237
0.34386355889847314 -0.22728528859551939 -0.9846327141119878
0.34427783897456016 -0.2470392887187631 -1.0141260048382432
0.34309775788975727 -0.2648885862064794 -1.0432041248447976
0.34071598052260715 -0.28079227178543786 -1.0714038372388728
0.3374713723410061 -0.29480767102154903 -1.098200816671746
0.33363293888223483 -0.3070611959443445 -1.1230736510305555
0.3293975834231844 -0.3177200525871082 -1.14554938574325
0.32489707430908943 -0.3269682238715756 -1.1652257749950983
0.32020983211667103 -0.33498821454220856 -1.1817731660927826
0.3153742682004937 -0.3419488484013241 -1.194924868935498
0.31040157027401855 -0.34799864062474284 -1.2044660226284611
0.3052867235300004 -0.35326378439106565 -1.2102281934294514
0.3000171448053849 -0.3578495101705293 -1.2120922545889956
0.2945790375703604 -0.3618433608950383 -1.2099985691461979
0.28895987178073756 -0.3653195763802427 -1.2039554982320837
0.2831501322658727 -0.368342477544649 -1.1940448401796089
0.2771434709841245 -0.3709691067119686 -1.1804268578506134
0.27093492319134616 -0.37325053420414267 -1.1633283563713983
0.26451944282286277 -0.37523191388316385 -1.1430279992419072
0.2578908755202072 -0.3769517422346286 -1.11983892856349
0.25104173456954354 -0.3784408081967776 -1.0940921803054295
0.24396389868087018 -0.3797212634387967 -1.0661234508464619
0.23665015155654395 -0.38080610913570473 -1.036264431157863
0.2290963599827499 -0.3816992516667371 -1.0048387144734208
0.22130403616236208 -0.38239616988251685 -0.9721614915587466
0.21328302913658037 -0.3828851772747489 -0.9385419160963135
0.20505411355492667 -0.38314925116330123 -0.9042870323857791
0.19665126976715863 -0.3831684246788874 -0.8697063307235645
0.1881234593675622 -0.38292276848409285 -0.8351161682465622
0.17953568328039748 -0.3823959778837348 -0.8008433601964019
0.17096907284770796 -0.381579467945236 -0.7672272022701516
0.16251974967671182 -0.3804766450324891 -0.7346191401330979
0.154296262193624 -0.37910673835658726 -0.7033794391851499
0.14641560819942473 -0.37750738965962494 -0.6738706543256293
0.13899815286739217 -0.3757352544834447 -0.6464484047996647
0.13216204358708028 -0.37386419641878604 -0.6214506803140971
0.1260178786826999 -0.3719811478450593 -0.5991873351377035

VECTORS Vkin float
-0.0 -0.0 -0.0
-0.0 -0.0 -0.0
-0.0 -0.0 -0.0
-0.0 -0.0 -0.0
-0.0 -0.0 -0.0
-0.0 -0.0 -0.0
-0.0 -0.0 -0.0
-0.0 -0.0 -0.0
-0.0 -0.0 -0.0
-0.0 -0.0 -0.0
-0.0 -0.0 -0.0
-0.0 -0.0 -0.0
-0.0 -0.0 -0.0
-0.0 -0.0 -0.0
-0.0 -0.0 -0.0
-0.0 -0.0 -0.0
-0.0 -0.0 -0.0
-0.0 -0.0 -0.0
-0.0 -0.0 -0.0
-0.0 -0.0 -0.0
-0.0 -0.0 -0.0
-0.0 -0.0 -0.0
-0.0 -0.0 -0.0
-0.0 -0.0 -0.0
-0.0 -0.0 -0.0
-0.0 -0.0 -0.0
-0.0 -0.0 -0.0
-0.0 -0.0 -0.0
-0.0 -0.0 -0.0
-0.0 -0.0 -0.0
-0.0 -0.0 -0.0
-0.0 -0.0 -0.0
-0.0 -0.0 -0.0
-0.0 -0.0 -0.0
-0.0 -0.0 -0.0
-0.0 -0.0 -0.0
-0.0 -0.0 -0.0
-0.0 -0.0 -0.0
-0.0 -0.0 -0.0
-0.0 -0.0 -0.0
-0.0 -0.0 -0.0
-0.0 -0.0 -0.0
-0.0 -0.0 -0.0
-0.0 -0.0 -0.0
-0.0 -0.0 -0.0
-0.0 -0.0 -0.0
-0.0 -0.0 -0.0
-0.0 -0.0 -0.0
-0.0 -0.0 -0.0
-0.0 -0.0 -0.0
-0.0 -0.0 -0.0
-0.0 -0.0 -0.0
-0.0 -0.0 -0.0
-0.0 -0.0 -0.0
-0.0 -0.0 -0.0
-0.0 -0.0 -0.0
-0.0 -0.0 -0.0
-0.0 -0.0 -0.0
-0.0 -0.0 -0.0
-0.0 -0.0 -0.0
-0.0 -0.0 -0.0
-0.0 -0.0 -0.0
-0.0 -0.0 -0.0
-0.0 -0.0 -0.0
-0.0 -0.0 -0.0
-0.0 -0.0 -0.0
-0.0 -0.0 -0.0
-0.0 -0.0 -0.0
-0.0 -0.0 -0.0
-0.0 -0.0 -0.0
-0.0 -0.0 -0.0
-0.0 -0.0 -0.0
-0.0 -0.0 -0.0
-0.0 -0.0 -0.0
-0.0 -0.0 -0.0
-0.0 -0.0 -0.0
-0.0 -0.0 -0.0
-0.0 -0.0 -0.0
-0.0 -0.0 -0.0
-0.0 -0.0 -0.0
-0.0 -0.0 -0.0
-0.0 -0.0 -0.0
-0.0 -0.0 -0.0
-0.0 -0.0 -0.0
-0.0 -0.0 -0.0
-0.0 -0.0 -0.0
-0.0 -0.0 -0.0
-0.0 -0.0 -0.0
-0.0 -0.0 -0.0
-0.0 -0.0 -0.0
-0.0 -0.0 -0.0
-0.0 -0.0 -0.0
-0.0 -0.0 -0.0
-0.0 -0.0 -0.0
-0.0 -0.0 -0.0
-0.0 -0.0 -0.0
-0.0 -0.0 -0.0
-0.0 -0.0 -0.0
-0.0 -0.0 -0.0
-0.0 -0.0 -0.0
-0.0 -0.0 -0.0
-0.0 -0.0 -0.0
-0.0 -0.0 -0.0
-0.0 -0.0 -0.0
-0.0 -0.0 -0.0
-0.0 -0.0 -0.0
-0.0 -0.0 -0.0
-0.0 -0.0 -0.0
-0.0 -0.0 -0.0
-0.0 -0.0 -0.0
-0.0 -0.0 -0.0
-0.0 -0.0 -0.0
-0.0 -0.0 -0.0
-0.0 -0.0 -0.0
-0.0 -0.0 -0.0
-0.0 -0.0 -0.0
-0.0 -0.0 -0.0
-0.0 -0.0 -0.0
-0.0 -0.0 -0.0
-0.0 -0.0 -0.0
-0.0 -0.0 -0.0
-0.0 -0.0 -0.0
-0.0 -0.0 -0.0
-0.0 -0.0 -0.0
-0.0 -0.0 -0.0
-0.0 -0.0 -0.0
-0.0 -0.0 -0.0
-0.0 -0.0 -0.0
-0.0 -0.0 -0.0
-0.0 -0.0 -0.0
-0.0 -0.0 -0.0
-0.0 -0.0 -0.0
-0.0 -0.0 -0.0
-0.0 -0.0 -0.0
-0.0 -0.0 -0.0
-0.0 -0.0 -0.0
-0.0 -0.0 -0.0
-0.0 -0.0 -0.0
-0.0 -0.0 -0.0
-0.0 -0.0 -0.0
-0.0 -0.0 -0.0
-0.0 -0.0 -0.0
-0.0 -0.0 -0.0
-0.0 -0.0 -0.0
-0.0 -0.0 -0.0
-0.0 -0.0 -0.0
-0.0 -0.0 -0.0
-0.0 -0.0 -0.0
-0.0 -0.0 -0.0
-0.0 -0.0 -0.0
-0.0 -0.0 -0.0
-0.0 -0.0 -0.0
-0.0 -0.0 -0.0
-0.0 -0.0 -0.0
-0.0 -0.0 -0.0
-0.0 -0.0 -0.0
-0.0 -0.0 -0.0
-0.0 -0.0 -0.0
-0.0 -0.0 -0.0
-0.0 -0.0 -0.0
-0.0 -0.0 -0.0
-0.0 -0.0 -0.0
-0.0 -0.0 -0.0
-0.0 -0.0 -0.0
-0.0 -0.0 -0.0
-0.0 -0.0 -0.0
-0.0 -0.0 -0.0
-0.0 -0.0 -0.0
-0.0 -0.0 -0.0
-0.0 -0.0 -0.0
-0.0 -0.0 -0.0
-0.0 -0.0 -0.0
-0.0 -0.0 -0.0
-0.0 -0.0 -0.0
-0.0 -0.0 -0.0
-0.0 -0.0 -0.0
-0.0 -0.0 -0.0
-0.0 -0.0 -0.0
-0.0 -0.0 -0.0
-0.0 -0.0 -0.0
-0.0 -0.0 -0.0
-0.0 -0.0 -0.0
-0.0 -0.0 -0.0
-0.0 -0.0 -0.0
-0.0 -0.0 -0.0
-0.0 -0.0 -0.0
-0.0 -0.0 -0.0
-0.0 -0.0 -0.0
-0.0 -0.0 -0.0
-0.0 -0.0 -0.0
-0.0 -0.0 -0.0
-0.0 -0.0 -0.0
-0.0 -0.0 -0.0
-0.0 -0.0 -0.0
-0.0 -0.0 -0.0
-0.0 -0.0 -0.0
-0.0 -0.0 -0.0
-0.0 -0.0 -0.0
-0.0 -0.0 -0.0
-0.0 -0.0 -0.0

VECTORS Funs-vector float
0.0 0.0 -0.004426176287538917
0.0 0.0 -0.008052739689663415
0.0 0.0 -0.01196276435034757
0.0 0.0 -0.016286067709948317
0.0 0.0 -0.021054031111791664
0.0 0.0 -0.026271192295318116
0.0 0.0 -0.03193062529043787
0.0 0.0 -0.03801849888324827
0.0 0.0 -0.04451553880252792
0.0 0.0 -0.05139736578088934
0.0 0.0 -0.05863436545764894
0.0 0.0 -0.06619137074944739
0.0 0.0 -0.07402731793313241
0.0 0.0 -0.0820949988821191
0.0 0.0 -0.0903410174070692
0.0 0.0 -0.09870604811695363
0.0 0.0 -0.10712549255758336
0.0 0.0 -0.11553063826480578
0.0 0.0 -0.12385044274443653
0.0 0.0 -0.1320140399429833
0.0 0.0 -0.13995393981685064
0.0 0.0 -0.14760963026006574
0.0 0.0 -0.15493094934406915
0.0 0.0 -0.1618802820999891
0.0 0.0 -0.16843257097209097
0.0 0.0 -0.1745724223999031
0.0 0.0 -0.18028828738884228
0.0 0.0 -0.18556411019600794
0.0 0.0 -0.19037673174509
0.0 0.0 -0.19467944301160425
0.0 0.0 -0.19840905748821797
0.0 0.0 -0.20148541099596762
0.0 0.0 -0.20381997296020835
0.0 0.0 -0.20533002252934127
0.0 0.0 -0.20595684356005686
0.0 0.0 -0.20568443949965093
0.0 0.0 -0.20455303797827562
0.0 0.0 -0.20266121933396666
0.0 0.0 -0.20015450706659535
0.0 0.0 -0.19720571947882198
0.0 0.0 -0.19399218281364353
0.0 0.0 -0.19066162324461947
0.0 0.0 -0.18728453149814533
0.0 0.0 -0.1838273186823803
0.0 0.0 -0.18017646734069354
0.0 0.0 -0.17618941059554163
0.0 0.0 -0.17173486303712793
0.0 0.0 -0.1667844796137299
0.0 0.0 -0.1617467970953602
0.0 0.0 -0.15799931024073868
0.0 0.0 -0.1574731541330894
0.0 0.0 -0.16010842846734194
0.0 0.0 -0.16412578840017097
0.0 0.0 -0.1684320369633412
0.0 0.0 -0.1727171492319992
0.0 0.0 -0.17692612822017137
0.0 0.0 -0.18107395011807623
0.0 0.0 -0.18520126417180222
0.0 0.0 -0.18933652034710166
0.0 0.0 -0.19344650748327444
0.0 0.0 -0.19741344418051454
0.0 0.0 -0.20106121074246192
0.0 0.0 -0.20419611177594485
0.0 0.0 -0.20663439262851147
0.0 0.0 -0.20822506313315658
0.0 0.0 -0.20887150187739495
0.0 0.0 -0.2085419723502798
0.0 0.0 -0.20726421475211687
0.0 0.0 -0.20510854196008999
0.0 0.0 -0.20216711926731
0.0 0.0 -0.1985353957717498
0.0 0.0 -0.19429861695988004
0.0 0.0 -0.18952419146184477
0.0 0.0 -0.1842625073365044
0.0 0.0 -0.17854007770210129
0.0 0.0 -0.17237542176722492
0.0 0.0 -0.16578135060878801
0.0 0.0 -0.15877323200638452
0.0 0.0 -0.15137512971561456
0.0 0.0 -0.14362328696788307
0.0 0.0 -0.13556676043592228
0.0 0.0 -0.1272657208880966
0.0 0.0 -0.11878833831389457
0.0 0.0 -0.1102071945845503
0.0 0.0 -0.10159592352081856
0.0 0.0 -0.09302644997317792
0.0 0.0 -0.08456692823163668
0.0 0.0 -0.07628032997332782
0.0 0.0 -0.06822358491538442
0.0 0.0 -0.06044717656400054
0.0 0.0 -0.05299509518881447
0.0 0.0 -0.04590504035077915
0.0 0.0 -0.039208753258872873
0.0 0.0 -0.032932344291919005
0.0 0.0 -0.027096442078631284
0.0 0.0 -0.021715868838743692
0.0 0.0 -0.01679816097901837
0.0 0.0 -0.012338897645924106
0.0 0.0 -0.008305867284434177
0.0 0.0 -0.004565254269486566
0.0 0.0 -0.004426176287538917
0.0 0.0 -0.008052739689663415
0.0 0.0 -0.01196276435034757
0.0 0.0 -0.016286067709948317
0.0 0.0 -0.021054031111791664
0.0 0.0 -0.026271192295318116
0.0 0.0 -0.03193062529043787
0.0 0.0 -0.03801849888324827
0.0 0.0 -0.04451553880252792
0.0 0.0 -0.05139736578088934
0.0 0.0 -0.05863436545764894
0.0 0.0 -0.06619137074944739
0.0 0.0 -0.07402731793313241
0.0 0.0 -0.0820949988821191
0.0 0.0 -0.0903410174070692
0.0 0.0 -0.09870604811695363
0.0 0.0 -0.10712549255758336
0.0 0.0 -0.11553063826480578
0.0 0.0 -0.12385044274443653
0.0 0.0 -0.1320140399429833
0.0 0.0 -0.13995393981685064
0.0 0.0 -0.14760963026006574
0.0 0.0 -0.15493094934406915
0.0 0.0 -0.1618802820999891
0.0 0.0 -0.16843257097209097
0.0 0.0 -0.1745724223999031
0.0 0.0 -0.18028828738884228
0.0 0.0 -0.18556411019600794
0.0 0.0 -0.19037673174509
0.0 0.0 -0.19467944301160425
0.0 0.0 -0.19840905748821797
0.0 0.0 -0.20148541099596762
0.0 0.0 -0.20381997296020835
0.0 0.0 -0.20533002252934127
0.0 0.0 -0.20595684356005686
0.0 0.0 -0.20568443949965093
0.0 0.0 -0.20455303797827562
0.0 0.0 -0.20266121933396666
0.0 0.0 -0.20015450706659535
0.0 0.0 -0.19720571947882198
0.0 0.0 -0.19399218281364353
0.0 0.0 -0.19066162324461947
0.0 0.0 -0.18728453149814533
0.0 0.0 -0.1838273186823803
0.0 0.0 -0.18017646734069354
0.0 0.0 -0.17618941059554163
0.0 0.0 -0.17173486303712793
0.0 0.0 -0.1667844796137299
0.0 0.0 -0.1617467970953602
0.0 0.0 -0.15799931024073868
0.0 0.0 -0.1574731541330894
0.0 0.0 -0.16010842846734194
0.0 0.0 -0.16412578840017097
0.0 0.0 -0.1684320369633412
0.0 0.0 -0.1727171492319992
0.0 0.0 -0.17692612822017137
0.0 0.0 -0.18107395011807623
0.0 0.0 -0.18520126417180222
0.0 0.0 -0.18933652034710166
0.0 0.0 -0.19344650748327444
0.0 0.0 -0.19741344418051454
0.0 0.0 -0.20106121074246192
0.0 0.0 -0.20419611177594485
0.0 0.0 -0.20663439262851147
0.0 0.0 -0.20822506313315658
0.0 0.0 -0.20887150187739495
0.0 0.0 -0.2085419723502798
0.0 0.0 -0.20726421475211687
0.0 0.0 -0.20510854196008999
0.0 0.0 -0.20216711926731
0.0 0.0 -0.1985353957717498
0.0 0.0 -0.19429861695988004
0.0 0.0 -0.18952419146184477
0.0 0.0 -0.1842625073365044
0.0 0.0 -0.17854007770210129
0.0 0.0 -0.17237542176722492
0.0 0.0 -0.16578135060878801
0.0 0.0 -0.15877323200638452
0.0 0.0 -0.15137512971561456
0.0 0.0 -0.14362328696788307
0.0 0.0 -0.13556676043592228
0.0 0.0 -0.1272657208880966
0.0 0.0 -0.11878833831389457
0.0 0.0 -0.1102071945845503
0.0 0.0 -0.10159592352081856
0.0 0.0 -0.09302644997317792
0.0 0.0 -0.08456692823163668
0.0 0.0 -0.07628032997332782
0.0 0.0 -0.06822358491538442
0.0 0.0 -0.06044717656400054
0.0 0.0 -0.05299509518881447
0.0 0.0 -0.04590504035077915
0.0 0.0 -0.039208753258872873
0.0 0.0 -0.032932344291919005
0.0 0.0 -0.027096442078631284
0.0 0.0 -0.021715868838743692
0.0 0.0 -0.01679816097901837
0.0 0.0 -0.012338897645924106
0.0 0.0 -0.008305867284434177
0.0 0.0 -0.004565254269486566

VECTORS Ftot float
-0.012832653594092469 -0.029437658009061212 0.020929940678516036
-0.022104392631206702 -0.04167802097604787 0.03385894323033654
-0.029608208964495425 -0.0521116788254582 0.04764971119754484
-0.03657324511112079 -0.0619635051806993 0.06271035515726285
-0.043278073907367764 -0.07150856537306811 0.07912742983849863
-0.049794249828598036 -0.08081576462236828 0.09690018877693754
-0.0561272485590032 -0.08988887676196575 0.1159916252398134
-0.06225826530551142 -0.09870842176676513 0.13634446898905825
-0.06816076393501147 -0.10724828236504264 0.15788740565379178
-0.0738089382552997 -0.11548421971153555 0.18053800386490101
-0.07918317323762951 -0.12339937487110539 0.20420452174160075
-0.08427412561102993 -0.13098837446674183 0.22878750663161046
-0.08908575993001533 -0.13826037506787572 0.2541816573130673
-0.09363709189382657 -0.1452407957039709 0.28027820380646296
-0.09796217709972783 -0.151971273145203 0.3069678848232252
-0.1021080411018907 -0.15850753113967217 0.3341444046024139
-0.1061307384331572 -0.16491576972321675 0.3617082319718208
-0.11009022923487746 -0.1712660268705481 0.38956935678851284
-0.11404499976540465 -0.17762826070891344 0.41765067143442447
-0.11803590346123839 -0.18406646129132653 0.44589344887958354
-0.12207464645425073 -0.19063464429802912 0.4742607754526575
-0.12624113326423353 -0.1973737727238573 0.5027004897626326
-0.13055196958087975 -0.20430982532255312 0.531191225671592
-0.1350085416955233 -0.21145300311536808 0.5597221358899878
-0.139597491038913 -0.21879795023330278 0.588289728785626
-0.14429189681557747 -0.226324696507459 0.6168942187607862
-0.14905272193000457 -0.2339998859043899 0.6455356637706735
-0.15383068040900283 -0.24177846092996366 0.6742100890283556
-0.15855033665992674 -0.24960320278283366 0.7029118088492079
-0.16307764052748858 -0.2574059215874561 0.7316422617747067
-0.1673932069766855 -0.2651081434219375 0.7603434336556253
-0.17141118143924983 -0.27262243343182824 0.7889616852671923
-0.175040658858449 -0.2798555350676419 0.8174237969010218
-0.1781896605395091 -0.28671330810777995 0.845635602537638
-0.18077012473473136 -0.29310699134292395 0.8734823751480024
-0.18270264805287972 -0.2989594558403929 0.9008316757909735
-0.18391913315715158 -0.30420942073385043 0.927539045346196
-0.1843614497367712 -0.3088113787782673 0.9534562655574608
-0.18397438147771986 -0.3127289685521492 0.9784412418039581
-0.18268995280322228 -0.3159183150315404 1.0023682341474023
-0.180397908783034 -0.31829565193159887 1.025136584243809
-0.17689962105503448 -0.3196860704133153 1.0466736849771925
-0.17184794718906157 -0.3197554089571777 1.066925504582212
-0.16466043272189623 -0.3179129293517068 1.0858312296314787
-0.15434226844651905 -0.313125212217149 1.1032871916744256
-0.1390532528768286 -0.30348554291894575 1.1191130229076824
-0.11493939850036794 -0.2850660756114123 1.1330375184875852
-0.07201574622805293 -0.24782590315732458 1.1447537485042605
0.028103706174437307 -0.15334952405105715 1.154240813182003
0.5550222965294862 0.36797743017513307 1.162995985273051
0.5575513621953492 -0.37047016287330403 1.163753933457086
0.0318054638213737 0.1497879173128571 1.1569434661941762
-0.06793494162411118 0.24403634158010676 1.149415951988857
-0.11127762100438171 0.2818926740051783 1.1393299448941412
-0.13654028801462473 0.3016860099429827 1.126467845944528
-0.15328093945218674 0.3129945545858886 1.1111256983230333
-0.16499358688905877 0.3193462548908053 1.0936732479544715
-0.17336309343648285 0.32246715127944287 1.0743979458130664
-0.17934655533627367 0.3233490169466981 1.0534963730223663
-0.1835311330643556 0.32259790745714656 1.0311097507153941
-0.18627995830157593 0.32057958950862836 1.0073626915718545
-0.18781201097878275 0.31750439799365 0.982388944822466
-0.18826335648469228 0.31349468712899176 0.9563398390294646
-0.18773244666202282 0.30863526037076433 0.9293809083868365
-0.18630675241511915 0.30300320202582987 0.9016838404586136
-0.18407617376024044 0.2966825126472381 0.8734172897467405
-0.18113862149518467 0.28976939988172096 0.8447381489526495
-0.17760000128907533 0.2823711281160279 0.8157846744276532
-0.17357032742438153 0.2746007323428921 0.7866724126855958
-0.16915820656877334 0.2665701886287671 0.7574930130410644
-0.16446575106962935 0.2583842698937766 0.7283153190949669
-0.15949245841980458 0.25013637368435543 0.6992217454632291
-0.1544160656304578 0.2419065788884171 0.6702080396367786
-0.14932503063770908 0.23376165269093746 0.6412848035184966
-0.14427704479854414 0.22575567890567166 0.6124593274914629
-0.13931865834320345 0.21793002915115298 0.5837318225701124
-0.13448637735841815 0.21031465094699614 0.5550985785647864
-0.12980533307195263 0.2029269493797212 0.5265555942617387
-0.12528806280699006 0.19577078916558296 0.4981022537185127
-0.12093329403750519 0.18883550557835738 0.46974488952164406
-0.11672525790795092 0.1820954503905106 0.44149996390708135
-0.11263393079430213 0.17551046926566144 0.41339659481670726
-0.10861642290341231 0.16902752388714376 0.3854782047005147
-0.10459786155338031 0.1625835199031553 0.3578111071508348
-0.10049107971094184 0.1561091606989639 0.3304782330261177
-0.09628504011471316 0.1495346273038745 0.3035470148340334
-0.09192398853205105 0.1427935882673403 0.2771124097924769
-0.08736071348278915 0.1358297004392232 0.25127652505157066
-0.08256049394548128 0.12860025530344868 0.22614486022903035
-0.0775032091619395 0.12107835450163341 0.20182285874547257
-0.07218342505700578 0.1132530329570385 0.17841292220377755
-0.06660875125393637 0.1051276280927426 0.1560120106238894
-0.06079691913934129 0.09671684929970216 0.13470975351904454
-0.054771824164489974 0.08804279357402976 0.11458682216260675
-0.048558205387791605 0.07912958225240878 0.09571310057872798
-0.04217338143701056 0.06999503947937126 0.07814475212754335
-0.035611072212193465 0.060634443090432505 0.06191803392397182
-0.0288005349688478 0.050979578126686895 0.04703344408601899
-0.02146879810019841 0.04076087824979932 0.03340520832153197
-0.01241397442625674 0.02878063918268071 0.02062954029987747
-0.012832653594092469 -0.029437658009061212 0.020929940678516036
-0.022104392631206702 -0.04167802097604787 0.03385894323033654
-0.029608208964495425 -0.0521116788254582 0.04764971119754484
-0.03657324511112079 -0.0619635051806993 0.06271035515726285
-0.043278073907367764 -0.07150856537306811 0.07912742983849863
-0.049794249828598036 -0.08081576462236828 0.09690018877693754
-0.0561272485590032 -0.08988887676196575 0.1159916252398134
-0.06225826530551142 -0.09870842176676513 0.13634446898905825
-0.06816076393501147 -0.10724828236504264 0.15788740565379178
-0.0738089382552997 -0.11548421971153555 0.18053800386490101
-0.07918317323762951 -0.12339937487110539 0.20420452174160075
-0.08427412561102993 -0.13098837446674183 0.22878750663161046
-0.08908575993001533 -0.13826037506787572 0.2541816573130673
-0.09363709189382657 -0.1452407957039709 0.28027820380646296
-0.09796217709972783 -0.151971273145203 0.3069678848232252
-0.1021080411018907 -0.15850753113967217 0.3341444046024139
-0.1061307384331572 -0.16491576972321675 0.3617082319718208
-0.11009022923487746 -0.1712660268705481 0.38956935678851284
-0.11404499976540465 -0.17762826070891344 0.41765067143442447
-0.11803590346123839 -0.18406646129132653 0.44589344887958354
-0.12207464645425073 -0.19063464429802912 0.4742607754526575
-0.12624113326423353 -0.1973737727238573 0.5027004897626326
-0.13055196958087975 -0.20430982532255312 0.531191225671592
-0.1350085416955233 -0.21145300311536808 0.5597221358899878
-0.139597491038913 -0.21879795023330278 0.588289728785626
-0.14429189681557747 -0.226324696507459 0.6168942187607862
-0.14905272193000457 -0.2339998859043899 0.6455356637706735
-0.15383068040900283 -0.24177846092996366 0.6742100890283556
-0.15855033665992674 -0.24960320278283366 0.7029118088492079
-0.16307764052748858 -0.2574059215874561 0.7316422617747067
-0.1673932069766855 -0.2651081434219375 0.7603434336556253
-0.17141118143924983 -0.27262243343182824 0.7889616852671923
-0.175040658858449 -0.2798555350676419 0.8174237969010218
-0.1781896605395091 -0.28671330810777995 0.845635602537638
-0.18077012473473136 -0.29310699134292395 0.8734823751480024
-0.18270264805287972 -0.2989594558403929 0.9008316757909735
-0.18391913315715158 -0.30420942073385043 0.927539045346196
-0.1843614497367712 -0.3088113787782673 0.9534562655574608
-0.18397438147771986 -0.3127289685521492 0.9784412418039581
-0.18268995280322228 -0.3159183150315404 1.0023682341474023
-0.180397908783034 -0.31829565193159887 1.025136584243809
-0.17689962105503448 -0.3196860704133153 1.0466736849771925
-0.17184794718906157 -0.3197554089571777 1.066925504582212
-0.16466043272189623 -0.3179129293517068 1.0858312296314787
-0.15434226844651905 -0.313125212217149 1.1032871916744256
-0.1390532528768286 -0.30348554291894575 1.1191130229076824
-0.11493939850036794 -0.2850660756114123 1.1330375184875852
-0.07201574622805293 -0.24782590315732458 1.1447537485042605
0.028103706174437307 -0.15334952405105715 1.154240813182003
0.5550222965294862 0.36797743017513307 1.162995985273051
0.5575513621953492 -0.37047016287330403 1.163753933457086
0.0318054638213737 0.1497879173128571 1.1569434661941762
-0.06793494162411118 0.24403634158010676 1.149415951988857
-0.11127762100438171 0.2818926740051783 1.1393299448941412
-0.13654028801462473 0.3016860099429827 1.126467845944528
-0.15328093945218674 0.3129945545858886 1.1111256983230333
-0.16499358688905877 0.3193462548908053 1.0936732479544715
-0.17336309343648285 0.32246715127944287 1.0743979458130664
-0.17934655533627367 0.3233490169466981 1.0534963730223663
-0.1835311330643556 0.32259790745714656 1.0311097507153941
-0.18627995830157593 0.32057958950862836 1.0073626915718545
-0.18781201097878275 0.31750439799365 0.982388944822466
-0.18826335648469228 0.31349468712899176 0.9563398390294646
-0.18773244666202282 0.30863526037076433 0.9293809083868365
-0.18630675241511915 0.30300320202582987 0.9016838404586136
-0.18407617376024044 0.2966825126472381 0.8734172897467405
-0.18113862149518467 0.28976939988172096 0.8447381489526495
-0.17760000128907533 0.2823711281160279 0.8157846744276532
-0.17357032742438153 0.2746007323428921 0.7866724126855958
-0.16915820656877334 0.2665701886287671 0.7574930130410644
-0.16446575106962935 0.2583842698937766 0.7283153190949669
-0.15949245841980458 0.25013637368435543 0.6992217454632291
-0.1544160656304578 0.2419065788884171 0.6702080396367786
-0.14932503063770908 0.23376165269093746 0.6412848035184966
-0.14427704479854414 0.22575567890567166 0.6124593274914629
-0.13931865834320345 0.21793002915115298 0.5837318225701124
-0.13448637735841815 0.21031465094699614 0.5550985785647864
-0.12980533307195263 0.2029269493797212 0.5265555942617387
-0.12528806280699006 0.19577078916558296 0.4981022537185127
-0.12093329403750519 0.18883550557835738 0.46974488952164406
-0.11672525790795092 0.1820954503905106 0.44149996390708135
-0.11263393079430213 0.17551046926566144 0.41339659481670726
-0.10861642290341231 0.16902752388714376 0.3854782047005147
-0.10459786155338031 0.1625835199031553 0.3578111071508348
-0.10049107971094184 0.1561091606989639 0.3304782330261177
-0.09628504011471316 0.1495346273038745 0.3035470148340334
-0.09192398853205105 0.1427935882673403 0.2771124097924769
-0.08736071348278915 0.1358297004392232 0.25127652505157066
-0.08256049394548128 0.12860025530344868 0.22614486022903035
-0.0775032091619395 0.12107835450163341 0.20182285874547257
-0.07218342505700578 0.1132530329570385 0.17841292220377755
-0.06660875125393637 0.1051276280927426 0.1560120106238894
-0.06079691913934129 0.09671684929970216 0.13470975351904454
-0.054771824164489974 0.08804279357402976 0.11458682216260675
-0.048558205387791605 0.07912958225240878 0.09571310057872798
-0.04217338143701056 0.06999503947937126 0.07814475212754335
-0.035611072212193465 0.060634443090432505 0.06191803392397182
-0.0288005349688478 0.050979578126686895 0.04703344408601899
-0.02146879810019841 0.04076087824979932 0.03340520832153197
-0.01241397442625674 0.02878063918268071 0.02062954029987747

VECTORS Vvpm_AB float
0.11514766296747173 0.23359722326964408 -0.6278905503175417
0.11712459769166181 0.23391919467040465 -0.6356156491838724
0.11939038017369873 0.2342504294579533 -0.6444536413258644
0.12192522238328618 0.2345732054398751 -0.6543167727475545
0.12470710111971262 0.2348692506061625 -0.6651046387797405
0.12771214274504006 0.23512028996060952 -0.6767046189300858
0.13091508826088546 0.23530851497319746 -0.6889925233983425
0.13428981840042278 0.2354169431199281 -0.7018334386944132
0.13780990959752765 0.23542964376989822 -0.7150827459566506
0.14144918630683787 0.23533181804696932 -0.7285872800967932
0.14518223410994294 0.23510973286425002 -0.7421866025657101
0.14898484155748273 0.23475052148038808 -0.7557143751549326
0.15283434621843756 0.23424187305059063 -0.7689998444784442
0.15670987073690912 0.2335716403905545 -0.7818694721806065
0.1605924461493914 0.2327273976092774 -0.7941487682978522
0.16446503031254608 0.23169597699696767 -0.8056643972943421
0.1683105391264101 0.2304632769679875 -0.816234598681714
0.1721178312310841 0.2290130277614538 -0.8257121826386411
0.17587458138396214 0.22732711094613947 -0.833939258497775
0.17957018099326938 0.2253849052169499 -0.8407758058301287
0.1831949835522476 0.22316283080070085 -0.8460986303755115
0.18673987809128614 0.2206338749516394 -0.8498048627675049
0.19019569132166544 0.21776708542412437 -0.8518151203001396
0.19355233412353232 0.21452705808339392 -0.8520761179610448
0.196797598105916 0.21087348642223075 -0.8505625771600958
0.19991551557743167 0.20676089237701142 -0.8472783489518756
0.20288422785412796 0.202138713051845 -0.8422566963408151
0.2056733682908018 0.19695196813393348 -0.8355596261175792
0.2082410628991772 0.19114276747784237 -0.8272760151711106
0.21053078583615564 0.18465292471511088 -0.8175180811772884
0.2124684757015946 0.1774279040681394 -0.8064155941027699
0.2139605028697831 0.1694222222539483 -0.7941072227031253
0.21489323387553483 0.16060623207338837 -0.7807286342962639
0.21513498973628806 0.15097391608163105 -0.7663974131329037
0.21454104259298257 0.14055094276825914 -0.7511954792114605
0.21296186648384652 0.12940188733392013 -0.7351505260871163
0.21025420178180804 0.11763539291776308 -0.7182193380149944
0.20629387412022265 0.105406346777778 -0.7002778118655629
0.20098916613618023 0.09291482596187355 -0.681124079022395
0.19429420117893068 0.0804021464270081 -0.660500510002081
0.18622310874900225 0.06814407645287811 -0.6381379811346802
0.17686677247294785 0.05643951081478663 -0.6138249502837848
0.16641255049873557 0.04558957538855007 -0.5875046968434565
0.15515984805785166 0.035859328095174975 -0.5593938565092756
0.14350920914937695 0.027419856443206228 -0.5300695535187515
0.13189526712014576 0.020294619803870144 -0.5004069413342691
0.1206748873022982 0.014363958531852196 -0.4713064067525653
0.110054063461934 0.009445684976064487 -0.44339459509003926
0.10011124158794213 0.005379480787693983 -0.4169498829847083
0.09086410273774784 0.0020495401874080286 -0.3920228977506067
0.09093398846577301 -0.0006641395924377743 -0.39161885918728856
0.10035342941402582 -0.0037576468124824107 -0.41536105337411955
0.11051660599751126 -0.007573934522315978 -0.4400286692940945
0.12140958669585535 -0.012252376595237981 -0.46555193022208136
0.13295211873642399 -0.017989301812771846 -0.4918352431104321
0.14493071166797786 -0.025008033630205057 -0.5186654386230308
0.1569762752495283 -0.03346268563539882 -0.5456407739296557
0.16863663897206702 -0.043347264740063396 -0.5722386328213223
0.17948995898524692 -0.05448771862667707 -0.5979846392156842
0.1892168474788475 -0.06660058399378432 -0.6225804750393705
0.19761522793487987 -0.07935949435079345 -0.6459267372501637
0.2045851920588526 -0.09243990380438938 -0.6680731232070204
0.21010785939828444 -0.10554250341845411 -0.6891452298907305
0.21422738686893872 -0.1184045849575758 -0.7092777435389703
0.21703636151892364 -0.13080630029990098 -0.7285673017465648
0.21866241023517682 -0.14257456199797489 -0.7470488177902327
0.21925473532507767 -0.15358462242228454 -0.7646921498066117
0.21897087464769552 -0.16375865260743272 -0.7814119890424328
0.21796492503460937 -0.17306121194083862 -0.7970838885297202
0.21637844528785452 -0.18149232578292615 -0.8115616086579014
0.21433464123546878 -0.18907933097432789 -0.8246930283418397
0.21193573782587172 -0.1958686324566598 -0.8363331522469287
0.20926296076972264 -0.20191823251038463 -0.8463536275350694
0.20637834585853132 -0.20729154193993754 -0.8546489060606932
0.20332760452719112 -0.21205267004876938 -0.861139693372417
0.2001434059603669 -0.21626315847551 -0.865774524187354
0.1968486123405237 -0.21997997667461922 -0.8685302152390296
0.19345917657221282 -0.22325452219174313 -0.8694116869287445
0.18998655710658743 -0.22613235040104832 -0.8684513569143736
0.1864396140816112 -0.228653379462658 -0.8657080992496041
0.18282602487851224 -0.2308523618042574 -0.8612656781381878
0.17915329908736596 -0.23275947014761206 -0.8552305936883102
0.1754294881970806 -0.2344009028624135 -0.8477293699640335
0.17166368051833453 -0.23579946186432674 -0.838905416622565
0.16786671721644245 -0.23697510466482039 -0.828919660891844
0.1640485561193212 -0.23794567771562553 -0.8179247225420733
0.16022506906023753 -0.23872664006647323 -0.8061061250151162
0.15641221004882871 -0.23933236083132506 -0.7936419081806769
0.15262793750094272 -0.23977633034044737 -0.7807114159550116
0.1488921791661822 -0.2400716390945029 -0.7674930452747574
0.14522669547302536 -0.24023142840878134 -0.7541622789038543
0.1416548344373266 -0.2402692865535418 -0.7408899458343225
0.13820118100907228 -0.24019956130484418 -0.7278406574418922
0.13489111461113046 -0.2400375615956312 -0.7151713842765088
0.1317502986095616 -0.23979962707821012 -0.7030301601836203
0.1288041328097823 -0.23950305398128105 -0.691554920854242
0.12607720355710697 -0.23916587732618907 -0.6808724980056428
0.12359276505850127 -0.23880652175434608 -0.6710977954185549
0.12137228031308189 -0.23844334428892902 -0.6623331684517182
0.11943504144369604 -0.23809410094003258 -0.6546680159114865
0.11514766296747173 0.23359722326964408 -0.6278905503175417
0.11712459769166181 0.23391919467040465 -0.6356156491838724
0.11939038017369873 0.2342504294579533 -0.6444536413258644
0.12192522238328618 0.2345732054398751 -0.6543167727475545
0.12470710111971262 0.2348692506061625 -0.6651046387797405
0.12771214274504006 0.23512028996060952 -0.6767046189300858
0.13091508826088546 0.23530851497319746 -0.6889925233983425
0.13428981840042278 0.2354169431199281 -0.7018334386944132
0.13780990959752765 0.23542964376989822 -0.7150827459566506
0.14144918630683787 0.23533181804696932 -0.7285872800967932
0.14518223410994294 0.23510973286425002 -0.7421866025657101
0.14898484155748273 0.23475052148038808 -0.7557143751549326
0.15283434621843756 0.23424187305059063 -0.7689998444784442
0.15670987073690912 0.2335716403905545 -0.7818694721806065
0.1605924461493914 0.2327273976092774 -0.7941487682978522
0.16446503031254608 0.23169597699696767 -0.8056643972943421
0.1683105391264101 0.2304632769679875 -0.816234598681714
0.1721178312310841 0.2290130277614538 -0.8257121826386411
0.17587458138396214 0.22732711094613947 -0.833939258497775
0.17957018099326938 0.2253849052169499 -0.8407758058301287
0.1831949835522476 0.22316283080070085 -0.8460986303755115
0.18673987809128614 0.2206338749516394 -0.8498048627675049
0.19019569132166544 0.21776708542412437 -0.8518151203001396
0.19355233412353232 0.21452705808339392 -0.8520761179610448
0.196797598105916 0.21087348642223075 -0.8505625771600958
0.19991551557743167 0.20676089237701142 -0.8472783489518756
0.20288422785412796 0.202138713051845 -0.8422566963408151
0.2056733682908018 0.19695196813393348 -0.8355596261175792
0.2082410628991772 0.19114276747784237 -0.8272760151711106
0.21053078583615564 0.18465292471511088 -0.8175180811772884
0.2124684757015946 0.1774279040681394 -0.8064155941027699
0.2139605028697831 0.1694222222539483 -0.7941072227031253
0.21489323387553483 0.16060623207338837 -0.7807286342962639
0.21513498973628806 0.15097391608163105 -0.7663974131329037
0.21454104259298257 0.14055094276825914 -0.7511954792114605
0.21296186648384652 0.12940188733392013 -0.7351505260871163
0.21025420178180804 0.11763539291776308 -0.7182193380149944
0.20629387412022265 0.105406346777778 -0.7002778118655629
0.20098916613618023 0.09291482596187355 -0.681124079022395
0.19429420117893068 0.0804021464270081 -0.660500510002081
0.18622310874900225 0.06814407645287811 -0.6381379811346802
0.17686677247294785 0.05643951081478663 -0.6138249502837848
0.16641255049873557 0.04558957538855007 -0.5875046968434565
0.15515984805785166 0.035859328095174975 -0.5593938565092756
0.14350920914937695 0.027419856443206228 -0.5300695535187515
0.13189526712014576 0.020294619803870144 -0.5004069413342691
0.1206748873022982 0.014363958531852196 -0.4713064067525653
0.110054063461934 0.009445684976064487 -0.44339459509003926
0.10011124158794213 0.005379480787693983 -0.4169498829847083
0.09086410273774784 0.0020495401874080286 -0.3920228977506067
0.09093398846577301 -0.0006641395924377743 -0.39161885918728856
0.10035342941402582 -0.0037576468124824107 -0.41536105337411955
0.11051660599751126 -0.007573934522315978 -0.4400286692940945
0.12140958669585535 -0.012252376595237981 -0.46555193022208136
0.13295211873642399 -0.017989301812771846 -0.4918352431104321
0.14493071166797786 -0.025008033630205057 -0.5186654386230308
0.1569762752495283 -0.03346268563539882 -0.5456407739296557
0.16863663897206702 -0.043347264740063396 -0.5722386328213223
0.17948995898524692 -0.05448771862667707 -0.5979846392156842
0.1892168474788475 -0.06660058399378432 -0.6225804750393705
0.19761522793487987 -0.07935949435079345 -0.6459267372501637
0.2045851920588526 -0.09243990380438938 -0.6680731232070204
0.21010785939828444 -0.10554250341845411 -0.6891452298907305
0.21422738686893872 -0.1184045849575758 -0.7092777435389703
0.21703636151892364 -0.13080630029990098 -0.7285673017465648
0.21866241023517682 -0.14257456199797489 -0.7470488177902327
0.21925473532507767 -0.15358462242228454 -0.7646921498066117
0.21897087464769552 -0.16375865260743272 -0.7814119890424328
0.21796492503460937 -0.17306121194083862 -0.7970838885297202
0.21637844528785452 -0.18149232578292615 -0.8115616086579014
0.21433464123546878 -0.18907933097432789 -0.8246930283418397
0.21193573782587172 -0.1958686324566598 -0.8363331522469287
0.20926296076972264 -0.20191823251038463 -0.8463536275350694
0.20637834585853132 -0.20729154193993754 -0.8546489060606932
0.20332760452719112 -0.21205267004876938 -0.861139693372417
0.2001434059603669 -0.21626315847551 -0.865774524187354
0.1968486123405237 -0.21997997667461922 -0.8685302152390296
0.19345917657221282 -0.22325452219174313 -0.8694116869287445
0.18998655710658743 -0.22613235040104832 -0.8684513569143736
0.1864396140816112 -0.228653379462658 -0.8657080992496041
0.18282602487851224 -0.2308523618042574 -0.8612656781381878
0.17915329908736596 -0.23275947014761206 -0.8552305936883102
0.1754294881970806 -0.2344009028624135 -0.8477293699640335
0.17166368051833453 -0.23579946186432674 -0.838905416622565
0.16786671721644245 -0.23697510466482039 -0.828919660891844
0.1640485561193212 -0.23794567771562553 -0.8179247225420733
0.16022506906023753 -0.23872664006647323 -0.8061061250151162
0.15641221004882871 -0.23933236083132506 -0.7936419081806769
0.15262793750094272 -0.23977633034044737 -0.7807114159550116
0.1488921791661822 -0.2400716390945029 -0.7674930452747574
0.14522669547302536 -0.24023142840878134 -0.7541622789038543
0.1416548344373266 -0.2402692865535418 -0.7408899458343225
0.13820118100907228 -0.24019956130484418 -0.7278406574418922
0.13489111461113046 -0.2400375615956312 -0.7151713842765088
0.1317502986095616 -0.23979962707821012 -0.7030301601836203
0.1288041328097823 -0.23950305398128105 -0.691554920854242
0.12607720355710697 -0.23916587732618907 -0.6808724980056428
0.12359276505850127 -0.23880652175434608 -0.6710977954185549
0.12137228031308189 -0.23844334428892902 -0.6623331684517182
0.11943504144369604 -0.23809410094003258 -0.6546680159114865