# vtk DataFile Version 4.0
[MyVLM domain - lattices] 
ASCII
DATASET UNSTRUCTURED_GRID
POINTS 302 float
1.2444999999999997 -1.2445 0.0
1.2399745454545452 -1.2399745454545454 0.0
1.2346178849721705 -1.2346178849721707 0.0
1.2284300185528754 -1.2284300185528756 0.0
1.2214109461966602 -1.2214109461966605 0.0
1.2135606679035247 -1.213560667903525 0.0
1.2048791836734691 -1.2048791836734694 0.0
1.1953664935064932 -1.1953664935064934 0.0
1.1850225974025972 -1.1850225974025974 0.0
1.1738474953617808 -1.173847495361781 0.0
1.1618411873840442 -1.1618411873840444 0.0
1.1490036734693874 -1.1490036734693876 0.0
1.1353349536178106 -1.1353349536178108 0.0
1.1208350278293133 -1.1208350278293135 0.0
1.1055038961038959 -1.105503896103896 0.0
1.0893415584415582 -1.0893415584415584 0.0
1.0723480148423004 -1.0723480148423006 0.0
1.054523265306122 -1.0545232653061223 0.0
1.0358673098330238 -1.035867309833024 0.0
1.0163801484230053 -1.0163801484230055 0.0
0.9960617810760664 -0.9960617810760668 0.0
0.9749122077922076 -0.9749122077922077 0.0
0.9529314285714284 -0.9529314285714284 0.0
0.9301194434137288 -0.930119443413729 0.0
0.9064762523191091 -0.9064762523191096 0.0
0.8820018552875695 -0.8820018552875695 0.0
0.8566962523191093 -0.8566962523191094 0.0
0.8305594434137288 -0.8305594434137291 0.0
0.8035914285714284 -0.8035914285714285 0.0
0.7757922077922076 -0.7757922077922077 0.0
0.7471617810760666 -0.7471617810760667 0.0
0.7177001484230053 -0.7177001484230054 0.0
0.6874073098330239 -0.687407309833024 0.0
0.6562832653061222 -0.6562832653061225 0.0
0.6243280148423004 -0.6243280148423005 0.0
0.5915415584415582 -0.5915415584415583 0.0
0.5579238961038958 -0.5579238961038959 0.0
0.5234750278293133 -0.5234750278293134 0.0
0.48819495361781057 -0.48819495361781057 0.0
0.4520836734693877 -0.4520836734693877 0.0
0.4151411873840445 -0.4151411873840446 0.0
0.37736749536178105 -0.37736749536178116 0.0
0.3387625974025974 -0.3387625974025974 0.0
0.2993264935064933 -0.29932649350649343 0.0
0.25905918367346925 -0.25905918367346925 0.0
0.21796066790352486 -0.21796066790352486 0.0
0.17603094619666027 -0.1760309461966605 0.0
0.13327001855287546 -0.13327001855287568 0.0
0.08967788497217066 -0.08967788497217066 0.0
0.045254545454545436 -0.045254545454545436 0.0
0.0 0.0 0.0
0.04525454545454545 0.04525454545454546 0.0
0.08967788497217066 0.08967788497217068 0.0
0.13327001855287568 0.1332700185528757 0.0
0.17603094619666046 0.1760309461966605 0.0
0.21796066790352497 0.21796066790352508 0.0
0.2590591836734693 0.25905918367346936 0.0
0.29932649350649343 0.2993264935064935 0.0
0.3387625974025973 0.33876259740259734 0.0
0.37736749536178094 0.377367495361781 0.0
0.41514118738404443 0.4151411873840445 0.0
0.45208367346938766 0.4520836734693878 0.0
0.48819495361781057 0.4881949536178107 0.0
0.5234750278293133 0.5234750278293134 0.0
0.5579238961038959 0.557923896103896 0.0
0.5915415584415582 0.5915415584415583 0.0
0.6243280148423003 0.6243280148423004 0.0
0.6562832653061222 0.6562832653061225 0.0
0.687407309833024 0.6874073098330241 0.0
0.7177001484230054 0.7177001484230056 0.0
0.7471617810760667 0.7471617810760669 0.0
0.7757922077922076 0.7757922077922077 0.0
0.8035914285714284 0.8035914285714285 0.0
0.8305594434137288 0.830559443413729 0.0
0.8566962523191093 0.8566962523191094 0.0
0.8820018552875692 0.8820018552875695 0.0
0.9064762523191091 0.9064762523191093 0.0
0.9301194434137288 0.9301194434137292 0.0
0.9529314285714284 0.9529314285714284 0.0
0.9749122077922076 0.9749122077922077 0.0
0.9960617810760666 0.9960617810760668 0.0
1.0163801484230053 1.0163801484230055 0.0
1.0358673098330238 1.035867309833024 0.0
1.054523265306122 1.0545232653061223 0.0
1.0723480148423001 1.0723480148423004 0.0
1.0893415584415582 1.0893415584415584 0.0
1.1055038961038959 1.105503896103896 0.0
1.120835027829313 1.1208350278293133 0.0
1.1353349536178106 1.1353349536178106 0.0
1.1490036734693874 1.1490036734693876 0.0
1.1618411873840444 1.1618411873840446 0.0
1.1738474953617808 1.173847495361781 0.0
1.1850225974025972 1.1850225974025972 0.0
1.1953664935064932 1.1953664935064934 0.0
1.2048791836734691 1.2048791836734694 0.0
1.2135606679035245 1.2135606679035247 0.0
1.22141094619666 1.2214109461966602 0.0
1.2284300185528754 1.2284300185528756 0.0
1.2346178849721703 1.2346178849721705 0.0
1.2399745454545452 1.2399745454545454 0.0
1.2444999999999997 1.2445 0.0
1.7422999999999997 -1.2445 0.0
1.7377745454545452 -1.2399745454545454 0.0
1.7324178849721703 -1.2346178849721707 0.0
1.7262300185528754 -1.2284300185528756 0.0
1.7192109461966603 -1.2214109461966605 0.0
1.7113606679035245 -1.213560667903525 0.0
1.7026791836734692 -1.2048791836734694 0.0
1.6931664935064934 -1.1953664935064934 0.0
1.6828225974025972 -1.1850225974025974 0.0
1.6716474953617806 -1.173847495361781 0.0
1.6596411873840444 -1.1618411873840444 0.0
1.6468036734693878 -1.1490036734693876 0.0
1.6331349536178106 -1.1353349536178108 0.0
1.6186350278293133 -1.1208350278293135 0.0
1.603303896103896 -1.105503896103896 0.0
1.5871415584415582 -1.0893415584415584 0.0
1.5701480148423004 -1.0723480148423006 0.0
1.552323265306122 -1.0545232653061223 0.0
1.5336673098330238 -1.035867309833024 0.0
1.5141801484230053 -1.0163801484230055 0.0
1.4938617810760666 -0.9960617810760668 0.0
1.4727122077922075 -0.9749122077922077 0.0
1.4507314285714283 -0.9529314285714284 0.0
1.4279194434137288 -0.930119443413729 0.0
1.4042762523191092 -0.9064762523191096 0.0
1.3798018552875693 -0.8820018552875695 0.0
1.3544962523191093 -0.8566962523191094 0.0
1.328359443413729 -0.8305594434137291 0.0
1.3013914285714283 -0.8035914285714285 0.0
1.2735922077922077 -0.7757922077922077 0.0
1.2449617810760665 -0.7471617810760667 0.0
1.2155001484230055 -0.7177001484230054 0.0
1.1852073098330238 -0.687407309833024 0.0
1.1540832653061224 -0.6562832653061225 0.0
1.1221280148423003 -0.6243280148423005 0.0
1.0893415584415582 -0.5915415584415583 0.0
1.055723896103896 -0.5579238961038959 0.0
1.0212750278293132 -0.5234750278293134 0.0
0.9859949536178108 -0.48819495361781057 0.0
0.9498836734693876 -0.4520836734693877 0.0
0.9129411873840445 -0.4151411873840446 0.0
0.875167495361781 -0.37736749536178116 0.0
0.8365625974025973 -0.3387625974025974 0.0
0.7971264935064933 -0.29932649350649343 0.0
0.7568591836734693 -0.25905918367346925 0.0
0.7157606679035249 -0.21796066790352486 0.0
0.6738309461966603 -0.1760309461966605 0.0
0.6310700185528755 -0.13327001855287568 0.0
0.5874778849721707 -0.08967788497217066 0.0
0.5430545454545455 -0.045254545454545436 0.0
0.4978 0.0 0.0
0.5430545454545455 0.04525454545454546 0.0
0.5874778849721707 0.08967788497217068 0.0
0.6310700185528757 0.1332700185528757 0.0
0.6738309461966605 0.1760309461966605 0.0
0.715760667903525 0.21796066790352508 0.0
0.7568591836734693 0.25905918367346936 0.0
0.7971264935064934 0.2993264935064935 0.0
0.8365625974025973 0.33876259740259734 0.0
0.875167495361781 0.377367495361781 0.0
0.9129411873840445 0.4151411873840445 0.0
0.9498836734693876 0.4520836734693878 0.0
0.9859949536178105 0.4881949536178107 0.0
1.0212750278293132 0.5234750278293134 0.0
1.055723896103896 0.557923896103896 0.0
1.0893415584415582 0.5915415584415583 0.0
1.1221280148423003 0.6243280148423004 0.0
1.1540832653061224 0.6562832653061225 0.0
1.185207309833024 0.6874073098330241 0.0
1.2155001484230055 0.7177001484230056 0.0
1.2449617810760667 0.7471617810760669 0.0
1.2735922077922077 0.7757922077922077 0.0
1.3013914285714283 0.8035914285714285 0.0
1.3283594434137287 0.830559443413729 0.0
1.3544962523191093 0.8566962523191094 0.0
1.3798018552875693 0.8820018552875695 0.0
1.4042762523191092 0.9064762523191093 0.0
1.427919443413729 0.9301194434137292 0.0
1.4507314285714283 0.9529314285714284 0.0
1.4727122077922075 0.9749122077922077 0.0
1.4938617810760666 0.9960617810760668 0.0
1.5141801484230053 1.0163801484230055 0.0
1.5336673098330238 1.035867309833024 0.0
1.552323265306122 1.0545232653061223 0.0
1.5701480148423002 1.0723480148423004 0.0
1.5871415584415582 1.0893415584415584 0.0
1.603303896103896 1.105503896103896 0.0
1.6186350278293131 1.1208350278293133 0.0
1.6331349536178106 1.1353349536178106 0.0
1.6468036734693874 1.1490036734693876 0.0
1.6596411873840444 1.1618411873840446 0.0
1.6716474953617806 1.173847495361781 0.0
1.6828225974025972 1.1850225974025972 0.0
1.6931664935064934 1.1953664935064934 0.0
1.7026791836734692 1.2048791836734694 0.0
1.7113606679035245 1.2135606679035247 0.0
1.71921094619666 1.2214109461966602 0.0
1.7262300185528754 1.2284300185528756 0.0
1.7324178849721703 1.2346178849721705 0.0
1.7377745454545452 1.2399745454545454 0.0
1.7422999999999997 1.2445 0.0
1.6155872727272724 -1.2422372727272726 0.0
1.6106462152133578 -1.237296215213358 0.0
1.604873951762523 -1.2315239517625232 0.0
1.598270482374768 -1.224920482374768 0.0
1.5908358070500925 -1.2174858070500927 0.0
1.582569925788497 -1.2092199257884972 0.0
1.5734728385899812 -1.2001228385899814 0.0
1.5635445454545454 -1.1901945454545453 0.0
1.552785046382189 -1.1794350463821892 0.0
1.5411943413729126 -1.1678443413729127 0.0
1.5287724304267158 -1.155422430426716 0.0
1.5155193135435991 -1.142169313543599 0.0
1.501434990723562 -1.1280849907235622 0.0
1.4865194619666047 -1.1131694619666048 0.0
1.4707727272727271 -1.0974227272727273 0.0
1.4541947866419294 -1.0808447866419293 0.0
1.4367856400742112 -1.0634356400742113 0.0
1.418545287569573 -1.0451952875695731 0.0
1.3994737291280146 -1.0261237291280147 0.0
1.379570964749536 -1.0062209647495362 0.0
1.358836994434137 -0.9854869944341371 0.0
1.337271818181818 -0.9639218181818181 0.0
1.3148754359925787 -0.9415254359925787 0.0
1.291647847866419 -0.9182978478664192 0.0
1.2675890538033394 -0.8942390538033393 0.0
1.2426990538033393 -0.8693490538033395 0.0
1.2169778478664193 -0.8436278478664192 0.0
1.1904254359925788 -0.8170754359925788 0.0
1.163041818181818 -0.7896918181818181 0.0
1.1348269944341371 -0.7614769944341371 0.0
1.105780964749536 -0.7324309647495362 0.0
1.0759037291280147 -0.7025537291280148 0.0
1.0451952875695731 -0.6718452875695733 0.0
1.0136556400742114 -0.6403056400742114 0.0
0.9812847866419293 -0.6079347866419293 0.0
0.9480827272727271 -0.5747327272727272 0.0
0.9140494619666047 -0.5406994619666048 0.0
0.8791849907235622 -0.5058349907235622 0.0
0.8434893135435992 -0.47013931354359917 0.0
0.8069624304267162 -0.43361243042671627 0.0
0.7696043413729128 -0.3962543413729128 0.0
0.7314150463821893 -0.3580650463821894 0.0
0.6923945454545455 -0.3190445454545454 0.0
0.6525428385899814 -0.27919283858998134 0.0
0.6118599257884971 -0.23850992578849706 0.0
0.5703458070500929 -0.19699580705009279 0.0
0.5280004823747682 -0.15465048237476808 0.0
0.4848239517625232 -0.11147395176252317 0.0
0.4408162152133581 -0.06746621521335805 0.0
0.39597727272727273 -0.022627272727272718 0.0
0.39597727272727273 0.02262727272727273 0.0
0.4408162152133581 0.06746621521335806 0.0
0.4848239517625232 0.11147395176252319 0.0
0.528000482374768 0.15465048237476808 0.0
0.5703458070500929 0.19699580705009276 0.0
0.6118599257884971 0.23850992578849717 0.0
0.6525428385899814 0.2791928385899814 0.0
0.6923945454545455 0.3190445454545454 0.0
0.7314150463821891 0.3580650463821891 0.0
0.7696043413729128 0.39625434137291277 0.0
0.8069624304267162 0.43361243042671616 0.0
0.8434893135435992 0.4701393135435992 0.0
0.8791849907235619 0.5058349907235621 0.0
0.9140494619666046 0.5406994619666047 0.0
0.9480827272727271 0.5747327272727272 0.0
0.9812847866419294 0.6079347866419295 0.0
1.0136556400742114 0.6403056400742114 0.0
1.0451952875695731 0.6718452875695732 0.0
1.0759037291280147 0.7025537291280147 0.0
1.105780964749536 0.7324309647495362 0.0
1.1348269944341371 0.7614769944341373 0.0
1.163041818181818 0.789691818181818 0.0
1.1904254359925786 0.8170754359925786 0.0
1.216977847866419 0.843627847866419 0.0
1.2426990538033393 0.8693490538033394 0.0
1.2675890538033392 0.8942390538033393 0.0
1.291647847866419 0.9182978478664192 0.0
1.3148754359925787 0.9415254359925787 0.0
1.3372718181818182 0.9639218181818181 0.0
1.3588369944341372 0.9854869944341373 0.0
1.379570964749536 1.0062209647495362 0.0
1.3994737291280148 1.0261237291280147 0.0
1.418545287569573 1.0451952875695731 0.0
1.4367856400742112 1.0634356400742113 0.0
1.4541947866419291 1.0808447866419293 0.0
1.470772727272727 1.097422727272727 0.0
1.4865194619666047 1.1131694619666048 0.0
1.501434990723562 1.128084990723562 0.0
1.5155193135435991 1.1421693135435993 0.0
1.528772430426716 1.1554224304267162 0.0
1.5411943413729128 1.1678443413729127 0.0
1.5527850463821888 1.179435046382189 0.0
1.5635445454545451 1.1901945454545453 0.0
1.573472838589981 1.2001228385899811 0.0
1.5825699257884969 1.209219925788497 0.0
1.5908358070500925 1.2174858070500927 0.0
1.5982704823747678 1.224920482374768 0.0
1.604873951762523 1.2315239517625232 0.0
1.6106462152133578 1.237296215213358 0.0
1.6155872727272724 1.2422372727272726 0.0

CELLS 200 700
4 0 101 102 1
4 1 102 103 2
4 2 103 104 3
4 3 104 105 4
4 4 105 106 5
4 5 106 107 6
4 6 107 108 7
4 7 108 109 8
4 8 109 110 9
4 9 110 111 10
4 10 111 112 11
4 11 112 113 12
4 12 113 114 13
4 13 114 115 14
4 14 115 116 15
4 15 116 117 16
4 16 117 118 17
4 17 118 119 18
4 18 119 120 19
4 19 120 121 20
4 20 121 122 21
4 21 122 123 22
4 22 123 124 23
4 23 124 125 24
4 24 125 126 25
4 25 126 127 26
4 26 127 128 27
4 27 128 129 28
4 28 129 130 29
4 29 130 131 30
4 30 131 132 31
4 31 132 133 32
4 32 133 134 33
4 33 134 135 34
4 34 135 136 35
4 35 136 137 36
4 36 137 138 37
4 37 138 139 38
4 38 139 140 39
4 39 140 141 40
4 40 141 142 41
4 41 142 143 42
4 42 143 144 43
4 43 144 145 44
4 44 145 146 45
4 45 146 147 46
4 46 147 148 47
4 47 148 149 48
4 48 149 150 49
4 49 150 151 50
4 50 151 152 51
4 51 152 153 52
4 52 153 154 53
4 53 154 155 54
4 54 155 156 55
4 55 156 157 56
4 56 157 158 57
4 57 158 159 58
4 58 159 160 59
4 59 160 161 60
4 60 161 162 61
4 61 162 163 62
4 62 163 164 63
4 63 164 165 64
4 64 165 166 65
4 65 166 167 66
4 66 167 168 67
4 67 168 169 68
4 68 169 170 69
4 69 170 171 70
4 70 171 172 71
4 71 172 173 72
4 72 173 174 73
4 73 174 175 74
4 74 175 176 75
4 75 176 177 76
4 76 177 178 77
4 77 178 179 78
4 78 179 180 79
4 79 180 181 80
4 80 181 182 81
4 81 182 183 82
4 82 183 184 83
4 83 184 185 84
4 84 185 186 85
4 85 186 187 86
4 86 187 188 87
4 87 188 189 88
4 88 189 190 89
4 89 190 191 90
4 90 191 192 91
4 91 192 193 92
4 92 193 194 93
4 93 194 195 94
4 94 195 196 95
4 95 196 197 96
4 96 197 198 97
4 97 198 199 98
4 98 199 200 99
4 99 200 201 100
1 202
1 203
1 204
1 205
1 206
1 207
1 208
1 209
1 210
1 211
1 212
1 213
1 214
1 215
1 216
1 217
1 218
1 219
1 220
1 221
1 222
1 223
1 224
1 225
1 226
1 227
1 228
1 229
1 230
1 231
1 232
1 233
1 234
1 235
1 236
1 237
1 238
1 239
1 240
1 241
1 242
1 243
1 244
1 245
1 246
1 247
1 248
1 249
1 250
1 251
1 252
1 253
1 254
1 255
1 256
1 257
1 258
1 259
1 260
1 261
1 262
1 263
1 264
1 265
1 266
1 267
1 268
1 269
1 270
1 271
1 272
1 273
1 274
1 275
1 276
1 277
1 278
1 279
1 280
1 281
1 282
1 283
1 284
1 285
1 286
1 287
1 288
1 289
1 290
1 291
1 292
1 293
1 294
1 295
1 296
1 297
1 298
1 299
1 300
1 301

CELL_TYPES 200
9
9
9
9
9
9
9
9
9
9
9
9
9
9
9
9
9
9
9
9
9
9
9
9
9
9
9
9
9
9
9
9
9
9
9
9
9
9
9
9
9
9
9
9
9
9
9
9
9
9
9
9
9
9
9
9
9
9
9
9
9
9
9
9
9
9
9
9
9
9
9
9
9
9
9
9
9
9
9
9
9
9
9
9
9
9
9
9
9
9
9
9
9
9
9
9
9
9
9
9
1
1
1
1
1
1
1
1
1
1
1
1
1
1
1
1
1
1
1
1
1
1
1
1
1
1
1
1
1
1
1
1
1
1
1
1
1
1
1
1
1
1
1
1
1
1
1
1
1
1
1
1
1
1
1
1
1
1
1
1
1
1
1
1
1
1
1
1
1
1
1
1
1
1
1
1
1
1
1
1
1
1
1
1
1
1
1
1
1
1
1
1
1
1
1
1
1
1
1
1

CELL_DATA 200

VECTORS Vinf float
9.068701880361365 0.32012645994982736 4.300266422464463
9.08065510290176 0.3259589335539169 4.267335383765512
9.094068605490945 0.331875430423559 4.230086193522259
9.108656183175126 0.3375478878056662 4.189155763478858
9.124095583078025 0.3426736628436026 4.1452635080687985
9.140047648990393 0.34700248145803625 4.099171125357575
9.156179858541076 0.3503575597839095 4.051633898422124
9.17218976697117 0.35264604647936715 4.003353555745354
9.187823526003541 0.3538562647520291 3.954943231913156
9.202886060031208 0.3540428856684414 3.9069116966639217
9.217242153195045 0.35330461774475624 3.859667950538781
9.230810370174236 0.35176059314234315 3.8135412616152875
9.24355314483609 0.3495306809477043 3.7688083531289998
9.255466132784136 0.3467222878567664 3.7257195017773657
9.266568697346623 0.3434235177263037 3.684517566387458
9.27689620078178 0.3397010924916428 3.6454469207974705
9.286494090633893 0.33560118070055805 3.6087524436818215
9.295413409002846 0.3311515003377893 3.57467179578225
9.30370709349006 0.32636341685023473 3.5434251967488106
9.31142656319541 0.32123355456230823 3.5152036218183746
9.31861330720968 0.3157459307939937 3.4901795843671923
9.325318565391877 0.30987325160336127 3.4683803369361734
9.331572214737925 0.30358175848676217 3.4498228481493136
9.337399418648847 0.29683036126292583 3.4344436957768627
9.342811537096141 0.2895692016579672 3.422163733869266
9.347801629985224 0.28173996186643885 3.4129164432020143
9.352344230344693 0.27328137810882164 3.4066308949663755
9.356398680568352 0.2641370784084109 3.40319216847578
9.35991163785928 0.2542611798847598 3.4024219186976534
9.362817043454685 0.24362171885539985 3.4040883411576544
9.36503597175361 0.23220483176909273 3.4079264395108795
9.366479104451049 0.22002007227589354 3.413657732430764
9.36705203449761 0.20710362103242064 3.421017137942031
9.36666113633753 0.1935158142622589 3.4297973836587285
9.365216607329904 0.17933180968757173 3.439913095978033
9.362629121216077 0.1646270811569974 3.451472952164642
9.358800787097517 0.14946638618093583 3.4647995017127085
9.353620606345443 0.13391075905519143 3.480319673390986
9.346968155577242 0.11803567529082992 3.498454247027458
9.338713411021947 0.1019343614001228 3.5197027553953566
9.328720177241195 0.08572082411667911 3.544650875526399
9.316846870389426 0.06955115271070422 3.5737740944223453
9.302915953318145 0.053652944235232626 3.6074817557434318
9.286719222494318 0.038394121854074675 3.6462043433798317
9.26815166730679 0.02440601444421678 3.6899633956254476
9.247540061487834 0.01271474494494122 3.7373717044464896
9.226267275426446 0.0047057545328304876 3.784237687610532
9.20723554074995 0.001344200064793431 3.8232893772419203
9.193223248017445 0.0014018252291681337 3.848841990733464
9.183640571875358 0.001588175273090459 3.8636638113428328
9.18378680830551 0.0008919621270612533 3.864195810364736
9.193805469041449 0.001802608826695549 3.8509682672062397
9.208371691819133 0.002477903744516118 3.8279879355584088
9.227966845658576 -0.00047080700622801095 3.7924497768762446
9.24974142317604 -0.008402121328405409 3.749482263538005
9.270670360559444 -0.020431587245265295 3.7058445035692826
9.289228001401954 -0.03508875548939982 3.6655304492530085
9.305063532809799 -0.05115917332127364 3.629790933608549
9.31840514254247 -0.06785308489776465 3.598326767024984
9.329653900474703 -0.08474053020530256 3.570270094406351
9.339171053314791 -0.1016248924449476 3.544707792879644
9.347205245457728 -0.11842618373025568 3.520907718705177
9.353884664366014 -0.13508847804785745 3.4984723318323923
9.359244552411052 -0.15151255943594436 3.477412173161647
9.363297327193623 -0.16754757638917744 3.457994616314745
9.366100553704015 -0.18304875066078427 3.440411826147077
9.367757781803002 -0.19792028027172753 3.4246379652303944
9.368379883383795 -0.21210386525867836 3.410576492419957
9.368064485170445 -0.22555681786758267 3.3982145260026404
9.366893698840265 -0.2382413170933035 3.3876803594684506
9.364933845102966 -0.2501149651115855 3.379288003078221
9.362239447415586 -0.26112616188458504 3.3735678322630682
9.358866737622131 -0.27122934405579946 3.37118625825188
9.35488790055885 -0.2804180783366008 3.372723345965287
9.350389579723913 -0.2887483973284014 3.3784487191561023
9.345453268564606 -0.29632938439443424 3.3882748993917646
9.340133980903515 -0.3032901043143862 3.401894021054188
9.334451994350708 -0.3097487917984835 3.418953773346384
9.328397236564836 -0.31579796478011757 3.439160849037761
9.321937966137392 -0.32150238470728826 3.4623044147280586
9.31503245908007 -0.32690185029684693 3.488218840443188
9.307615137506774 -0.33201608162213103 3.51684842849015
9.299630654133752 -0.336845526201457 3.548076805472422
9.291015773426444 -0.34137464877469587 3.5818157957156993
9.281708394956304 -0.3455727592595023 3.6179647782965603
9.271651331213668 -0.34939447912535193 3.6564024150374457
9.26079640340984 -0.35277953076663493 3.6969819886011526
9.249108939792945 -0.35565205885409684 3.7395289852924103
9.23657297981903 -0.3579201944842923 3.7838386856558417
9.223197731166728 -0.35947739439445875 3.829670821529121
9.209025758494244 -0.3602078443920266 3.876738658883041
9.194142619676121 -0.3599981056599862 3.9246920099496974
9.178686217542232 -0.3587555231589348 3.9730975396427475
9.16285271453093 -0.3564309629589075 4.021423578151738
9.146895550860515 -0.3530406099593908 4.0690379101958944
9.131115531112078 -0.3486805587364401 4.115224177526187
9.115842646612782 -0.34352953699679967 4.159216545135964
9.101412995514924 -0.33783857487544056 4.200246033801301
9.088145588194429 -0.3319100955630008 4.237588337092935
9.076323489889184 -0.3260712349220281 4.270603273670851
9.068701880361365 0.32012645994982736 4.300266422464463
9.08065510290176 0.3259589335539169 4.267335383765512
9.094068605490945 0.331875430423559 4.230086193522259
9.108656183175126 0.3375478878056662 4.189155763478858
9.124095583078025 0.3426736628436026 4.1452635080687985
9.140047648990393 0.34700248145803625 4.099171125357575
9.156179858541076 0.3503575597839095 4.051633898422124
9.17218976697117 0.35264604647936715 4.003353555745354
9.187823526003541 0.3538562647520291 3.954943231913156
9.202886060031208 0.3540428856684414 3.9069116966639217
9.217242153195045 0.35330461774475624 3.859667950538781
9.230810370174236 0.35176059314234315 3.8135412616152875
9.24355314483609 0.3495306809477043 3.7688083531289998
9.255466132784136 0.3467222878567664 3.7257195017773657
9.266568697346623 0.3434235177263037 3.684517566387458
9.27689620078178 0.3397010924916428 3.6454469207974705
9.286494090633893 0.33560118070055805 3.6087524436818215
9.295413409002846 0.3311515003377893 3.57467179578225
9.30370709349006 0.32636341685023473 3.5434251967488106
9.31142656319541 0.32123355456230823 3.5152036218183746
9.31861330720968 0.3157459307939937 3.4901795843671923
9.325318565391877 0.30987325160336127 3.4683803369361734
9.331572214737925 0.30358175848676217 3.4498228481493136
9.337399418648847 0.29683036126292583 3.4344436957768627
9.342811537096141 0.2895692016579672 3.422163733869266
9.347801629985224 0.28173996186643885 3.4129164432020143
9.352344230344693 0.27328137810882164 3.4066308949663755
9.356398680568352 0.2641370784084109 3.40319216847578
9.35991163785928 0.2542611798847598 3.4024219186976534
9.362817043454685 0.24362171885539985 3.4040883411576544
9.36503597175361 0.23220483176909273 3.4079264395108795
9.366479104451049 0.22002007227589354 3.413657732430764
9.36705203449761 0.20710362103242064 3.421017137942031
9.36666113633753 0.1935158142622589 3.4297973836587285
9.365216607329904 0.17933180968757173 3.439913095978033
9.362629121216077 0.1646270811569974 3.451472952164642
9.358800787097517 0.14946638618093583 3.4647995017127085
9.353620606345443 0.13391075905519143 3.480319673390986
9.346968155577242 0.11803567529082992 3.498454247027458
9.338713411021947 0.1019343614001228 3.5197027553953566
9.328720177241195 0.08572082411667911 3.544650875526399
9.316846870389426 0.06955115271070422 3.5737740944223453
9.302915953318145 0.053652944235232626 3.6074817557434318
9.286719222494318 0.038394121854074675 3.6462043433798317
9.26815166730679 0.02440601444421678 3.6899633956254476
9.247540061487834 0.01271474494494122 3.7373717044464896
9.226267275426446 0.0047057545328304876 3.784237687610532
9.20723554074995 0.001344200064793431 3.8232893772419203
9.193223248017445 0.0014018252291681337 3.848841990733464
9.183640571875358 0.001588175273090459 3.8636638113428328
9.18378680830551 0.0008919621270612533 3.864195810364736
9.193805469041449 0.001802608826695549 3.8509682672062397
9.208371691819133 0.002477903744516118 3.8279879355584088
9.227966845658576 -0.00047080700622801095 3.7924497768762446
9.24974142317604 -0.008402121328405409 3.749482263538005
9.270670360559444 -0.020431587245265295 3.7058445035692826
9.289228001401954 -0.03508875548939982 3.6655304492530085
9.305063532809799 -0.05115917332127364 3.629790933608549
9.31840514254247 -0.06785308489776465 3.598326767024984
9.329653900474703 -0.08474053020530256 3.570270094406351
9.339171053314791 -0.1016248924449476 3.544707792879644
9.347205245457728 -0.11842618373025568 3.520907718705177
9.353884664366014 -0.13508847804785745 3.4984723318323923
9.359244552411052 -0.15151255943594436 3.477412173161647
9.363297327193623 -0.16754757638917744 3.457994616314745
9.366100553704015 -0.18304875066078427 3.440411826147077
9.367757781803002 -0.19792028027172753 3.4246379652303944
9.368379883383795 -0.21210386525867836 3.410576492419957
9.368064485170445 -0.22555681786758267 3.3982145260026404
9.366893698840265 -0.2382413170933035 3.3876803594684506
9.364933845102966 -0.2501149651115855 3.379288003078221
9.362239447415586 -0.26112616188458504 3.3735678322630682
9.358866737622131 -0.27122934405579946 3.37118625825188
9.35488790055885 -0.2804180783366008 3.372723345965287
9.350389579723913 -0.2887483973284014 3.3784487191561023
9.345453268564606 -0.29632938439443424 3.3882748993917646
9.340133980903515 -0.3032901043143862 3.401894021054188
9.334451994350708 -0.3097487917984835 3.418953773346384
9.328397236564836 -0.31579796478011757 3.439160849037761
9.321937966137392 -0.32150238470728826 3.4623044147280586
9.31503245908007 -0.32690185029684693 3.488218840443188
9.307615137506774 -0.33201608162213103 3.51684842849015
9.299630654133752 -0.336845526201457 3.548076805472422
9.291015773426444 -0.34137464877469587 3.5818157957156993
9.281708394956304 -0.3455727592595023 3.6179647782965603
9.271651331213668 -0.34939447912535193 3.6564024150374457
9.26079640340984 -0.35277953076663493 3.6969819886011526
9.249108939792945 -0.35565205885409684 3.7395289852924103
9.23657297981903 -0.3579201944842923 3.7838386856558417
9.223197731166728 -0.35947739439445875 3.829670821529121
9.209025758494244 -0.3602078443920266 3.876738658883041
9.194142619676121 -0.3599981056599862 3.9246920099496974
9.178686217542232 -0.3587555231589348 3.9730975396427475
9.16285271453093 -0.3564309629589075 4.021423578151738
9.146895550860515 -0.3530406099593908 4.0690379101958944
9.131115531112078 -0.3486805587364401 4.115224177526187
9.115842646612782 -0.34352953699679967 4.159216545135964
9.101412995514924 -0.33783857487544056 4.200246033801301
9.088145588194429 -0.3319100955630008 4.237588337092935
9.076323489889184 -0.3260712349220281 4.270603273670851

VECTORS L float
-0.013022128532015382 0.0 0.027926044756671965
-0.021039403002767226 0.0 0.0451191453428239
-0.029016494674942456 0.0 0.06222607363934284
-0.03742695025623528 0.0 0.08026235383806354
-0.04637629378213674 0.0 0.09945428296337665
-0.05588249829094936 0.0 0.11984040432030446
-0.06593164912417174 0.0 0.14139087782739426
-0.07649479113312609 0.0 0.1640436089679221
-0.08753446832363743 0.0 0.1877182731031652
-0.09900788781726444 0.0 0.21232310060915763
-0.11086887366177363 0.0 0.23775906683677347
-0.12306939782140285 0.0 0.2639231753309424
-0.13556097351725802 0.0 0.2907114458587728
-0.14829596235292838 0.0 0.3180217175494799
-0.16122872202115515 0.0 0.3457561101592791
-0.17431648103851718 0.0 0.37382289994597334
-0.18751986836010712 0.0 0.4021376554312911
-0.2008031097329348 0.0 0.430623658482119
-0.21413396542351323 0.0 0.4592117707668787
-0.22748349985946173 0.0 0.48783993975035095
-0.24082563406478175 0.0 0.5164522388880269
-0.254137030244256 0.0 0.544998620116554
-0.26739651155406624 0.0 0.5734336695478092
-0.2805846437264259 0.0 0.6017157102600292
-0.2936831001464559 0.0 0.6298054407007764
-0.3066739318380918 0.0 0.6576643691666645
-0.3195389342468628 0.0 0.6852534558646461
-0.33225922130867264 0.0 0.7125321994995655
-0.3448149446628632 0.0 0.7394580351246307
-0.3571850829087411 0.0 0.7659858822005757
-0.36934730594562165 0.0 0.7920678536719469
-0.38127793365276713 0.0 0.8176531673559434
-0.3929519375926224 0.0 0.8426881495950189
-0.4043428332711766 0.0 0.8671160042084807
-0.4154222058709796 0.0 0.8908757954236622
-0.42615851580547504 0.0 0.9138998863789233
-0.4365150139104102 0.0 0.9361094682372008
-0.44644725902067 0.0 0.9574092366123506
-0.45590034271787216 0.0 0.9776814400211565
-0.4648042993595114 0.0 0.9967760366590689
-0.4730678104848351 0.0 1.014497193455033
-0.48057183364210854 0.0 1.0305896230474698
-0.4871597322130444 0.0 1.0447174171244569
-0.4926176015310355 0.0 1.0564218556481257
-0.4966374274397667 0.0 1.0650424001286434
-0.49873951764523605 0.0 1.0695503471218077
-0.49805932485391785 0.0 1.0680916689735451
-0.4925243397651594 0.0 1.0562218551457856
-0.47425549083805857 0.0 1.017044182191874
-0.3660802248001393 0.0 0.7850615755455936
-0.36601343596907465 0.0 0.7849183464351628
-0.4743584684551403 0.0 1.0172650184043635
-0.4928540096582974 0.0 1.0569288345131036
-0.49864161559462433 0.0 1.0693403954967389
-0.4995865070790801 0.0 1.0713667218242848
-0.49774427436386365 0.0 1.0674160410173141
-0.4939608766350832 0.0 1.059302518404904
-0.4886991094463128 0.0 1.0480186222544758
-0.4822528145452379 0.0 1.0341944982274753
-0.4748247586324782 0.0 1.0182649809166304
-0.46656396077054746 0.0 1.0005496427327891
-0.45758611254090165 0.0 0.9812965850730292
-0.44798530553194454 0.0 0.9607075879998441
-0.43784106739977324 0.0 0.9389531991221057
-0.42722278615806275 0.0 0.9161822215153407
-0.4161921133226391 0.0 0.8925268672818981
-0.40480329390110237 0.0 0.8681034652159788
-0.39310305054518246 0.0 0.8430122123675626
-0.3811315106940167 0.0 0.8173391623075815
-0.3689236479325701 0.0 0.7911593161310285
-0.35651049705050974 0.0 0.7645392281591208
-0.3439200579520002 0.0 0.7375389443801128
-0.331177855505387 0.0 0.7102132030508169
-0.3183070322522797 0.0 0.6826116335118729
-0.30532806358013354 0.0 0.6547781453733789
-0.29225853932628487 0.0 0.6267504601632329
-0.2791135230532177 0.0 0.5985608817954295
-0.2659066026454124 0.0 0.5702385495822722
-0.25265127531001097 0.0 0.5418124083778842
-0.23936224443556636 0.0 0.5133139897007726
-0.22605641747886998 0.0 0.4847795517090346
-0.2127535551144747 0.0 0.4562514713060028
-0.1994769502056292 0.0 0.42777970019811246
-0.1862535054001151 0.0 0.39942193129971126
-0.1731140506059559 0.0 0.37124427956191436
-0.1600934090304024 0.0 0.3433214235936654
-0.1472302991845359 0.0 0.31573639550993005
-0.1345669990538043 0.0 0.2885798607430865
-0.12214870847832766 0.0 0.26194875066307827
-0.11002260601334769 0.0 0.23594424000812075
-0.09823667316165216 0.0 0.21066922544299865
-0.0868383912926705 0.0 0.18622553109304887
-0.0758733717331364 0.0 0.16271097076410532
-0.06538385660670178 0.0 0.14021613298267657
-0.05540680026714406 0.0 0.11882026661618128
-0.045970748018525076 0.0 0.0985845872667281
-0.03708936714394555 0.0 0.07953840451751107
-0.0287447681276789 0.0 0.06164335417824999
-0.02083239754866278 0.0 0.044675220713913694
-0.012883444358783365 0.0 0.027628635587410758
-0.013022128532015382 0.0 0.027926044756671965
-0.021039403002767226 0.0 0.0451191453428239
-0.029016494674942456 0.0 0.06222607363934284
-0.03742695025623528 0.0 0.08026235383806354
-0.04637629378213674 0.0 0.09945428296337665
-0.05588249829094936 0.0 0.11984040432030446
-0.06593164912417174 0.0 0.14139087782739426
-0.07649479113312609 0.0 0.1640436089679221
-0.08753446832363743 0.0 0.1877182731031652
-0.09900788781726444 0.0 0.21232310060915763
-0.11086887366177363 0.0 0.23775906683677347
-0.12306939782140285 0.0 0.2639231753309424
-0.13556097351725802 0.0 0.2907114458587728
-0.14829596235292838 0.0 0.3180217175494799
-0.16122872202115515 0.0 0.3457561101592791
-0.17431648103851718 0.0 0.37382289994597334
-0.18751986836010712 0.0 0.4021376554312911
-0.2008031097329348 0.0 0.430623658482119
-0.21413396542351323 0.0 0.4592117707668787
-0.22748349985946173 0.0 0.48783993975035095
-0.24082563406478175 0.0 0.5164522388880269
-0.254137030244256 0.0 0.544998620116554
-0.26739651155406624 0.0 0.5734336695478092
-0.2805846437264259 0.0 0.6017157102600292
-0.2936831001464559 0.0 0.6298054407007764
-0.3066739318380918 0.0 0.6576643691666645
-0.3195389342468628 0.0 0.6852534558646461
-0.33225922130867264 0.0 0.7125321994995655
-0.3448149446628632 0.0 0.7394580351246307
-0.3571850829087411 0.0 0.7659858822005757
-0.36934730594562165 0.0 0.7920678536719469
-0.38127793365276713 0.0 0.8176531673559434
-0.3929519375926224 0.0 0.8426881495950189
-0.4043428332711766 0.0 0.8671160042084807
-0.4154222058709796 0.0 0.8908757954236622
-0.42615851580547504 0.0 0.9138998863789233
-0.4365150139104102 0.0 0.9361094682372008
-0.44644725902067 0.0 0.9574092366123506
-0.45590034271787216 0.0 0.9776814400211565
-0.4648042993595114 0.0 0.9967760366590689
-0.4730678104848351 0.0 1.014497193455033
-0.48057183364210854 0.0 1.0305896230474698
-0.4871597322130444 0.0 1.0447174171244569
-0.4926176015310355 0.0 1.0564218556481257
-0.4966374274397667 0.0 1.0650424001286434
-0.49873951764523605 0.0 1.0695503471218077
-0.49805932485391785 0.0 1.0680916689735451
-0.4925243397651594 0.0 1.0562218551457856
-0.47425549083805857 0.0 1.017044182191874
-0.3660802248001393 0.0 0.7850615755455936
-0.36601343596907465 0.0 0.7849183464351628
-0.4743584684551403 0.0 1.0172650184043635
-0.4928540096582974 0.0 1.0569288345131036
-0.49864161559462433 0.0 1.0693403954967389
-0.4995865070790801 0.0 1.0713667218242848
-0.49774427436386365 0.0 1.0674160410173141
-0.4939608766350832 0.0 1.059302518404904
-0.4886991094463128 0.0 1.0480186222544758
-0.4822528145452379 0.0 1.0341944982274753
-0.4748247586324782 0.0 1.0182649809166304
-0.46656396077054746 0.0 1.0005496427327891
-0.45758611254090165 0.0 0.9812965850730292
-0.44798530553194454 0.0 0.9607075879998441
-0.43784106739977324 0.0 0.9389531991221057
-0.42722278615806275 0.0 0.9161822215153407
-0.4161921133226391 0.0 0.8925268672818981
-0.40480329390110237 0.0 0.8681034652159788
-0.39310305054518246 0.0 0.8430122123675626
-0.3811315106940167 0.0 0.8173391623075815
-0.3689236479325701 0.0 0.7911593161310285
-0.35651049705050974 0.0 0.7645392281591208
-0.3439200579520002 0.0 0.7375389443801128
-0.331177855505387 0.0 0.7102132030508169
-0.3183070322522797 0.0 0.6826116335118729
-0.30532806358013354 0.0 0.6547781453733789
-0.29225853932628487 0.0 0.6267504601632329
-0.2791135230532177 0.0 0.5985608817954295
-0.2659066026454124 0.0 0.5702385495822722
-0.25265127531001097 0.0 0.5418124083778842
-0.23936224443556636 0.0 0.5133139897007726
-0.22605641747886998 0.0 0.4847795517090346
-0.2127535551144747 0.0 0.4562514713060028
-0.1994769502056292 0.0 0.42777970019811246
-0.1862535054001151 0.0 0.39942193129971126
-0.1731140506059559 0.0 0.37124427956191436
-0.1600934090304024 0.0 0.3433214235936654
-0.1472302991845359 0.0 0.31573639550993005
-0.1345669990538043 0.0 0.2885798607430865
-0.12214870847832766 0.0 0.26194875066307827
-0.11002260601334769 0.0 0.23594424000812075
-0.09823667316165216 0.0 0.21066922544299865
-0.0868383912926705 0.0 0.18622553109304887
-0.0758733717331364 0.0 0.16271097076410532
-0.06538385660670178 0.0 0.14021613298267657
-0.05540680026714406 0.0 0.11882026661618128
-0.045970748018525076 0.0 0.0985845872667281
-0.03708936714394555 0.0 0.07953840451751107
-0.0287447681276789 0.0 0.06164335417824999
-0.02083239754866278 0.0 0.044675220713913694
-0.012883444358783365 0.0 0.027628635587410758

SCALARS Gamma float
LOOKUP_TABLE default
0.42113367647284045
0.646544572877866
0.8303469242390248
0.995073103231399
1.1482961882686644
1.2933568696388837
1.4319208524505647
1.5648550780217612
1.6925968074566473
1.8153326541192245
1.9330960224498963
2.0458265092318886
2.1534108076072775
2.2557143314543096
2.352607547215592
2.4439879224866705
2.5297966966246905
2.6100293278460374
2.68473924658143
2.754035696857313
2.8180773963560357
2.877061819717751
2.9312171302807544
2.9807919992142264
3.026046499057303
3.0672424996261243
3.1046330256698567
3.1384521240853704
3.168907534002652
3.1961768297756867
3.220406175927069
3.2417109121207046
3.2601779362928593
3.275869975578993
3.2888309535178055
3.299090007256085
3.3066596054913786
3.3115238765825694
3.3136222126577963
3.312836085521681
3.3089674276724628
3.3017033734510357
3.2905968193238175
3.2750663240345017
3.254390604173488
3.227727287007812
3.194268440481182
3.1537767810361874
3.107887248606716
3.0634060420480296
3.064159021979867
3.1102708713689076
3.1579548795222645
3.2003233591065485
3.235606899362525
3.2639031454883383
3.2859028748732917
3.3023477120131233
3.3138678858606494
3.3209680513425983
3.3240517761994517
3.3234495523161325
3.3194426737032185
3.3122774009489406
3.3021623839191734
3.2892537982847934
3.2736494437125288
3.2553986109583306
3.23451497220572
3.210984380954222
3.1847665867405115
3.155790017173438
3.123940653817402
3.0890508867794044
3.0508964970479004
3.009205831615249
2.963677858905688
2.91400205936566
2.8598753380368973
2.801015047417546
2.737169420983678
2.66812712627495
2.5937232325103814
2.5138473511149146
2.428447589922965
2.3375308215682518
2.241157588976888
2.1394308871893184
2.0324791762504453
1.920434667215214
1.8034075039873656
1.6814547654922762
1.554540205716512
1.4224755189317215
1.2848237126765159
1.1407213383947121
0.988511860928474
0.8248751861597524
0.6422870346778692
0.4183624954534738
0.42113367647284045
0.646544572877866
0.8303469242390248
0.995073103231399
1.1482961882686644
1.2933568696388837
1.4319208524505647
1.5648550780217612
1.6925968074566473
1.8153326541192245
1.9330960224498963
2.0458265092318886
2.1534108076072775
2.2557143314543096
2.352607547215592
2.4439879224866705
2.5297966966246905
2.6100293278460374
2.68473924658143
2.754035696857313
2.8180773963560357
2.877061819717751
2.9312171302807544
2.9807919992142264
3.026046499057303
3.0672424996261243
3.1046330256698567
3.1384521240853704
3.168907534002652
3.1961768297756867
3.220406175927069
3.2417109121207046
3.2601779362928593
3.275869975578993
3.2888309535178055
3.299090007256085
3.3066596054913786
3.3115238765825694
3.3136222126577963
3.312836085521681
3.3089674276724628
3.3017033734510357
3.2905968193238175
3.2750663240345017
3.254390604173488
3.227727287007812
3.194268440481182
3.1537767810361874
3.107887248606716
3.0634060420480296
3.064159021979867
3.1102708713689076
3.1579548795222645
3.2003233591065485
3.235606899362525
3.2639031454883383
3.2859028748732917
3.3023477120131233
3.3138678858606494
3.3209680513425983
3.3240517761994517
3.3234495523161325
3.3194426737032185
3.3122774009489406
3.3021623839191734
3.2892537982847934
3.2736494437125288
3.2553986109583306
3.23451497220572
3.210984380954222
3.1847665867405115
3.155790017173438
3.123940653817402
3.0890508867794044
3.0508964970479004
3.009205831615249
2.963677858905688
2.91400205936566
2.8598753380368973
2.801015047417546
2.737169420983678
2.66812712627495
2.5937232325103814
2.5138473511149146
2.428447589922965
2.3375308215682518
2.241157588976888
2.1394308871893184
2.0324791762504453
1.920434667215214
1.8034075039873656
1.6814547654922762
1.554540205716512
1.4224755189317215
1.2848237126765159
1.1407213383947121
0.988511860928474
0.8248751861597524
0.6422870346778692
0.4183624954534738

VECTORS Vvpm float
0.005624009994866085 0.32012645994982736 0.07408380505746899
0.017577232535261344 0.3259589335539169 0.0411527663585178
0.03099073512444657 0.331875430423559 0.0039035761152640784
0.0455783128086274 0.3375478878056662 -0.03702685392813622
0.061017712711527665 0.3426736628436026 -0.08091910933819638
0.07696977862389469 0.34700248145803625 -0.12701149204941922
0.09310198817457752 0.3503575597839095 -0.1745487189848708
0.10911189660467246 0.35264604647936715 -0.2228290616616406
0.12474565563704187 0.3538562647520291 -0.2712393854938391
0.13980818966470973 0.3540428856684414 -0.31927092074307223
0.15416428282854572 0.35330461774475624 -0.3665146668682133
0.16773249980773697 0.35176059314234315 -0.4126413557917068
0.18047527446959186 0.3495306809477043 -0.4573742642779943
0.19238826241763685 0.3467222878567664 -0.500463115629629
0.2034908269801241 0.3434235177263037 -0.5416650510195363
0.2138183304152805 0.3397010924916428 -0.5807356966095246
0.22341622026739394 0.33560118070055805 -0.6174301737251735
0.23233553863634754 0.3311515003377893 -0.651510821624744
0.24062922312356003 0.32636341685023473 -0.6827574206581839
0.2483486928289103 0.32123355456230823 -0.71097899558862
0.2555354368431829 0.3157459307939937 -0.7360030330398023
0.262240695025378 0.30987325160336127 -0.7578022804708205
0.26849434437142694 0.30358175848676217 -0.7763597692576811
0.27432154828234756 0.29683036126292583 -0.791738921630132
0.27973366672964256 0.2895692016579672 -0.8040188835377284
0.2847237596187253 0.28173996186643885 -0.8132661742049804
0.28926635997819505 0.27328137810882164 -0.8195517224406194
0.2933208102018544 0.2641370784084109 -0.8229904489312135
0.29683376749278084 0.2542611798847598 -0.8237606987093408
0.29973917308818565 0.24362171885539985 -0.8220942762493397
0.30195810138711143 0.23220483176909273 -0.8182561778961152
0.3034012340845504 0.22002007227589354 -0.8125248849762304
0.30397416413111045 0.20710362103242064 -0.8051654794649633
0.3035832659710307 0.1935158142622589 -0.7963852337482662
0.3021387369634058 0.17933180968757173 -0.7862695214289614
0.29955125084957845 0.1646270811569974 -0.7747096652423527
0.2957229167310185 0.14946638618093583 -0.7613831156942865
0.2905427359789435 0.13391075905519143 -0.7458629440160083
0.2838902852107435 0.11803567529082992 -0.7277283703795357
0.2756355406554495 0.1019343614001228 -0.7064798620116381
0.26564230687469587 0.08572082411667911 -0.6815317418805956
0.25376900002292735 0.06955115271070422 -0.6524085229846486
0.23983808295164583 0.053652944235232626 -0.6187008616635629
0.22364135212781916 0.038394121854074675 -0.5799782740271627
0.20507379694029237 0.02440601444421678 -0.5362192217815472
0.18446219112133638 0.01271474494494122 -0.488810912960505
0.16318940505994667 0.0047057545328304876 -0.44194492979646177
0.1441576703834511 0.001344200064793431 -0.40289324016507433
0.13014537765094616 0.0014018252291681337 -0.3773406266735306
0.12056270150885907 0.001588175273090459 -0.3625188060641619
0.12070893793901115 0.0008919621270612533 -0.3619868070422586
0.13072759867495054 0.001802608826695549 -0.3752143502007548
0.1452938214526351 0.002477903744516118 -0.3981946818485856
0.1648889752920785 -0.00047080700622801095 -0.43373284053074973
0.18666355280954222 -0.008402121328405409 -0.47670035386898985
0.2075924901929451 -0.020431587245265295 -0.5203381138377126
0.22615013103545492 -0.03508875548939982 -0.5606521681539858
0.24198566244329928 -0.05115917332127364 -0.5963916837984452
0.2553272721759711 -0.06785308489776465 -0.6278558503820099
0.2665760301082037 -0.08474053020530256 -0.6559125230006437
0.27609318294829316 -0.1016248924449476 -0.6814748245273499
0.2841273750912292 -0.11842618373025568 -0.7052748987018177
0.2908067939995145 -0.13508847804785745 -0.7277102855746022
0.2961666820445531 -0.15151255943594436 -0.7487704442453477
0.3002194568271241 -0.16754757638917744 -0.7681880010922497
0.30302268333751653 -0.18304875066078427 -0.7857707912599173
0.30467991143650347 -0.19792028027172753 -0.8015446521766
0.30530201301729604 -0.21210386525867836 -0.8156061249870371
0.304986614803946 -0.22555681786758267 -0.827968091404354
0.3038158284737656 -0.2382413170933035 -0.8385022579385443
0.30185597473646675 -0.2501149651115855 -0.8468946143287731
0.2991615770490877 -0.26112616188458504 -0.8526147851439261
0.2957888672556333 -0.27122934405579946 -0.8549963591551145
0.2918100301923509 -0.2804180783366008 -0.8534592714417076
0.28731170935741535 -0.2887483973284014 -0.8477338982508916
0.28237539819810753 -0.29632938439443424 -0.8379077180152296
0.2770561105370167 -0.3032901043143862 -0.8242885963528065
0.27137412398420985 -0.3097487917984835 -0.8072288440606108
0.265319366198337 -0.31579796478011757 -0.7870217683692331
0.2588600957708936 -0.32150238470728826 -0.7638782026789361
0.2519545887135724 -0.32690185029684693 -0.7379637769638069
0.2445372671402763 -0.33201608162213103 -0.7093341889168442
0.23655278376725355 -0.336845526201457 -0.6781058119345726
0.2279379030599456 -0.34137464877469587 -0.6443668216912958
0.21863052458980506 -0.3455727592595023 -0.6082178391104343
0.20857346084716902 -0.34939447912535193 -0.5697802023695491
0.19771853304334175 -0.35277953076663493 -0.5292006288058421
0.18603106942644743 -0.35565205885409684 -0.486653632114584
0.17349510945253102 -0.3579201944842923 -0.44234393175115305
0.16011986080022864 -0.35947739439445875 -0.3965117958778737
0.14594788812774454 -0.3602078443920266 -0.3494439585239535
0.13106474930962211 -0.3599981056599862 -0.3014906074572972
0.11560834717573346 -0.3587555231589348 -0.25308507776424716
0.09977484416443165 -0.3564309629589075 -0.20475903925525654
0.08381768049401697 -0.3530406099593908 -0.15714470721110035
0.06803766074557975 -0.3486805587364401 -0.11095843988080747
0.05276477624628356 -0.34352953699679967 -0.06696607227103121
0.03833512514842506 -0.33783857487544056 -0.02593658360569337
0.02506771782793108 -0.3319100955630008 0.011405719685939664
0.013245619522684802 -0.3260712349220281 0.04442065626385602
0.005624009994866085 0.32012645994982736 0.07408380505746899
0.017577232535261344 0.3259589335539169 0.0411527663585178
0.03099073512444657 0.331875430423559 0.0039035761152640784
0.0455783128086274 0.3375478878056662 -0.03702685392813622
0.061017712711527665 0.3426736628436026 -0.08091910933819638
0.07696977862389469 0.34700248145803625 -0.12701149204941922
0.09310198817457752 0.3503575597839095 -0.1745487189848708
0.10911189660467246 0.35264604647936715 -0.2228290616616406
0.12474565563704187 0.3538562647520291 -0.2712393854938391
0.13980818966470973 0.3540428856684414 -0.31927092074307223
0.15416428282854572 0.35330461774475624 -0.3665146668682133
0.16773249980773697 0.35176059314234315 -0.4126413557917068
0.18047527446959186 0.3495306809477043 -0.4573742642779943
0.19238826241763685 0.3467222878567664 -0.500463115629629
0.2034908269801241 0.3434235177263037 -0.5416650510195363
0.2138183304152805 0.3397010924916428 -0.5807356966095246
0.22341622026739394 0.33560118070055805 -0.6174301737251735
0.23233553863634754 0.3311515003377893 -0.651510821624744
0.24062922312356003 0.32636341685023473 -0.6827574206581839
0.2483486928289103 0.32123355456230823 -0.71097899558862
0.2555354368431829 0.3157459307939937 -0.7360030330398023
0.262240695025378 0.30987325160336127 -0.7578022804708205
0.26849434437142694 0.30358175848676217 -0.7763597692576811
0.27432154828234756 0.29683036126292583 -0.791738921630132
0.27973366672964256 0.2895692016579672 -0.8040188835377284
0.2847237596187253 0.28173996186643885 -0.8132661742049804
0.28926635997819505 0.27328137810882164 -0.8195517224406194
0.2933208102018544 0.2641370784084109 -0.8229904489312135
0.29683376749278084 0.2542611798847598 -0.8237606987093408
0.29973917308818565 0.24362171885539985 -0.8220942762493397
0.30195810138711143 0.23220483176909273 -0.8182561778961152
0.3034012340845504 0.22002007227589354 -0.8125248849762304
0.30397416413111045 0.20710362103242064 -0.8051654794649633
0.3035832659710307 0.1935158142622589 -0.7963852337482662
0.3021387369634058 0.17933180968757173 -0.7862695214289614
0.29955125084957845 0.1646270811569974 -0.7747096652423527
0.2957229167310185 0.14946638618093583 -0.7613831156942865
0.2905427359789435 0.13391075905519143 -0.7458629440160083
0.2838902852107435 0.11803567529082992 -0.7277283703795357
0.2756355406554495 0.1019343614001228 -0.7064798620116381
0.26564230687469587 0.08572082411667911 -0.6815317418805956
0.25376900002292735 0.06955115271070422 -0.6524085229846486
0.23983808295164583 0.053652944235232626 -0.6187008616635629
0.22364135212781916 0.038394121854074675 -0.5799782740271627
0.20507379694029237 0.02440601444421678 -0.5362192217815472
0.18446219112133638 0.01271474494494122 -0.488810912960505
0.16318940505994667 0.0047057545328304876 -0.44194492979646177
0.1441576703834511 0.001344200064793431 -0.40289324016507433
0.13014537765094616 0.0014018252291681337 -0.3773406266735306
0.12056270150885907 0.001588175273090459 -0.3625188060641619
0.12070893793901115 0.0008919621270612533 -0.3619868070422586
0.13072759867495054 0.001802608826695549 -0.3752143502007548
0.1452938214526351 0.002477903744516118 -0.3981946818485856
0.1648889752920785 -0.00047080700622801095 -0.43373284053074973
0.18666355280954222 -0.008402121328405409 -0.47670035386898985
0.2075924901929451 -0.020431587245265295 -0.5203381138377126
0.22615013103545492 -0.03508875548939982 -0.5606521681539858
0.24198566244329928 -0.05115917332127364 -0.5963916837984452
0.2553272721759711 -0.06785308489776465 -0.6278558503820099
0.2665760301082037 -0.08474053020530256 -0.6559125230006437
0.27609318294829316 -0.1016248924449476 -0.6814748245273499
0.2841273750912292 -0.11842618373025568 -0.7052748987018177
0.2908067939995145 -0.13508847804785745 -0.7277102855746022
0.2961666820445531 -0.15151255943594436 -0.7487704442453477
0.3002194568271241 -0.16754757638917744 -0.7681880010922497
0.30302268333751653 -0.18304875066078427 -0.7857707912599173
0.30467991143650347 -0.19792028027172753 -0.8015446521766
0.30530201301729604 -0.21210386525867836 -0.8156061249870371
0.304986614803946 -0.22555681786758267 -0.827968091404354
0.3038158284737656 -0.2382413170933035 -0.8385022579385443
0.30185597473646675 -0.2501149651115855 -0.8468946143287731
0.2991615770490877 -0.26112616188458504 -0.8526147851439261
0.2957888672556333 -0.27122934405579946 -0.8549963591551145
0.2918100301923509 -0.2804180783366008 -0.8534592714417076
0.28731170935741535 -0.2887483973284014 -0.8477338982508916
0.28237539819810753 -0.29632938439443424 -0.8379077180152296
0.2770561105370167 -0.3032901043143862 -0.8242885963528065
0.27137412398420985 -0.3097487917984835 -0.8072288440606108
0.265319366198337 -0.31579796478011757 -0.7870217683692331
0.2588600957708936 -0.32150238470728826 -0.7638782026789361
0.2519545887135724 -0.32690185029684693 -0.7379637769638069
0.2445372671402763 -0.33201608162213103 -0.7093341889168442
0.23655278376725355 -0.336845526201457 -0.6781058119345726
0.2279379030599456 -0.34137464877469587 -0.6443668216912958
0.21863052458980506 -0.3455727592595023 -0.6082178391104343
0.20857346084716902 -0.34939447912535193 -0.5697802023695491
0.19771853304334175 -0.35277953076663493 -0.5292006288058421
0.18603106942644743 -0.35565205885409684 -0.486653632114584
0.17349510945253102 -0.3579201944842923 -0.44234393175115305
0.16011986080022864 -0.35947739439445875 -0.3965117958778737
0.14594788812774454 -0.3602078443920266 -0.3494439585239535
0.13106474930962211 -0.3599981056599862 -0.3014906074572972
0.11560834717573346 -0.3587555231589348 -0.25308507776424716
0.09977484416443165 -0.3564309629589075 -0.20475903925525654
0.08381768049401697 -0.3530406099593908 -0.15714470721110035
0.06803766074557975 -0.3486805587364401 -0.11095843988080747
0.05276477624628356 -0.34352953699679967 -0.06696607227103121
0.03833512514842506 -0.33783857487544056 -0.02593658360569337
0.02506771782793108 -0.3319100955630008 0.011405719685939664
0.013245619522684802 -0.3260712349220281 0.04442065626385602

VECTORS Vvpm_BBp float
0.05345419036670516 0.3180722459925247 -0.11808554820709871
0.06136015989443196 0.3195463050710952 -0.14123096648652475
0.07012829621197457 0.3208583352983475 -0.16713946027834012
0.07960560692494202 0.3218967653555169 -0.19545586814588414
0.08962883765484131 0.32256696012398106 -0.2257945989447283
0.10003158990868702 0.32279669399095684 -0.25775284266093523
0.11065177904644379 0.32253870128498596 -0.2909240775454178
0.1213384576924338 0.3217701815330065 -0.32490979635139283
0.13195721508807426 0.32048974118522455 -0.35932788366589913
0.14239372091199332 0.3187126681382567 -0.393817015699875
0.1525553629459239 0.31646553670481986 -0.42803749688111553
0.16237120896588192 0.31378096681331824 -0.4616697776508871
0.1717906665234569 0.310693063493241 -0.4944123010836863
0.180781248251766 0.3072337807376024 -0.5259801935681458
0.18932580839673066 0.30343023621341064 -0.5561056868313601
0.19741951427631657 0.29930284937972196 -0.5845403828919997
0.20506669767033622 0.29486412490045333 -0.6110591916744881
0.2122717605992495 0.290118427273326 -0.6354358190254088
0.21905764250713902 0.2850604609405772 -0.6575589262387471
0.2254349577321811 0.27967810296622625 -0.6773015955430535
0.23141638669617545 0.27395213289762615 -0.6946055528217207
0.23701118554759804 0.2678570015812511 -0.7094567005431769
0.24222269698902726 0.26136072022612644 -0.7218667231583055
0.2470456872936516 0.2544252555481268 -0.7318565355986275
0.2514645976088843 0.24700870812401668 -0.7394547947045063
0.2554532381942117 0.23906909720985264 -0.7447101868171201
0.25897522663378675 0.2305684156024229 -0.7477038887245825
0.26198431878616274 0.22147619236943 -0.7485522231838077
0.2644247267100668 0.21177282718947343 -0.7473999923786477
0.26623216011928674 0.20145287015164196 -0.7444083990671062
0.2673360537440606 0.1905275361807674 -0.7397381221731398
0.26766264404299955 0.17902519212046852 -0.7335253335398331
0.267137757561854 0.16698888185811409 -0.7258494937725046
0.2656877078938764 0.15447108634549997 -0.7166971466628963
0.26323727839469113 0.14152817200014794 -0.7059401910067904
0.259706603345855 0.12821980573839115 -0.6933612385390533
0.25501110017770756 0.11461579444477206 -0.6787177057173386
0.24906414095006235 0.10080263784693037 -0.6617563948548355
0.24177886242796795 0.08688498380883494 -0.6421707805458493
0.23307009397295358 0.07299259741754278 -0.6196351882393033
0.22285291475585448 0.05929891900551703 -0.5938888930754799
0.21104148259165284 0.0460521869189217 -0.5647518819903627
0.19757984130175835 0.03362428896890409 -0.5321998965512285
0.18253886067020617 0.022564766150991976 -0.49666127449153036
0.16631110664387067 0.013610159461868684 -0.4595245265611818
0.14990415029249374 0.007513697088064282 -0.42365065083202913
0.1350033061824409 0.004462435791345302 -0.3930212543903794
0.12299757527147755 0.003352151264234238 -0.3701939601413457
0.1136125394282808 0.002370375518005685 -0.35364351316748294
0.10551024377019198 0.000679300975012157 -0.33967997151689217
0.11382017481256178 -0.000544356967080034 -0.352813571229883
0.12353161657908086 -0.0010429830284197628 -0.36808203497438624
0.13595018723205 -0.0017456068385300445 -0.3890287309382941
0.15127995127162164 -0.004539166522768018 -0.4171876181818691
0.16806813801023662 -0.010594658132515672 -0.4502723298165802
0.18455623368955054 -0.01976707145984611 -0.4846282935704451
0.19966234156472307 -0.03127371582118493 -0.5176072360325614
0.21297188083979068 -0.044286583856407456 -0.5479750831286926
0.2244667596112807 -0.05815807502142443 -0.5754939970489108
0.23430355668986214 -0.07245542068941468 -0.600435874316642
0.24267439918475253 -0.08691823670520264 -0.6232409897294996
0.2497388762434606 -0.10139608946601658 -0.6443241866453495
0.2556022370239089 -0.1157907415280723 -0.6639616722982008
0.2603213832740566 -0.13001068597335075 -0.6822330780830431
0.263932433520098 -0.14394908199305373 -0.6990484231271183
0.26648323948258235 -0.1574953266979714 -0.7142713125929221
0.2680436286488042 -0.17055924501380526 -0.7278332661820104
0.268692818522957 -0.18307792869448003 -0.7397297468654284
0.26850658929787125 -0.19500761032096536 -0.7499481375917646
0.26755350430295494 -0.20631582661353923 -0.7584176302909065
0.2658952638865125 -0.21697703831483117 -0.7649892442323862
0.26358818929509265 -0.226970042760194 -0.7694260905736798
0.2606864352056892 -0.2362792965590176 -0.7714137017225836
0.25724591908006356 -0.24490271221965015 -0.7706175516529804
0.2533248982578731 -0.2528620804047051 -0.7667814139501448
0.2489784263453602 -0.2602068120290915 -0.7598070926435939
0.24424963667324687 -0.2670062052450851 -0.749760436398003
0.23916384130094465 -0.2733351821351447 -0.7368128848004275
0.23372829441155568 -0.2792617821215364 -0.7211709954935086
0.2279359715926645 -0.28484038110462173 -0.7030318936128455
0.2217704655075465 -0.29010975336318784 -0.6825689023304831
0.21521038165980302 -0.29509361863117817 -0.6599350903538027
0.20823646380986147 -0.29980177598174274 -0.6352903114138405
0.20081847408239384 -0.3042328512554129 -0.6087315291875915
0.19294649685605614 -0.3083738736636321 -0.5804427157167864
0.1846125658834126 -0.3122033693760087 -0.5505936304964462
0.17581960224769957 -0.3156927289701932 -0.5193759079525273
0.16658433938826775 -0.3188082030745074 -0.4870068724296168
0.15694003904720297 -0.321513241340164 -0.4537320907656234
0.146938831426573 -0.32377130067579546 -0.4198269519684578
0.13665347032279404 -0.32554925470299834 -0.38559741147612
0.12617823801019384 -0.326821485339486 -0.3513797622017521
0.11562867370931015 -0.32757456761819836 -0.31753895035302915
0.10513978061928557 -0.3278121524663909 -0.2844646923285914
0.09486246343728119 -0.32755929573097853 -0.25256467841606867
0.08495820684343627 -0.326865254318399 -0.2222546023372947
0.07559238421256496 -0.3258038398010683 -0.19394555261242635
0.0669269517644851 -0.32447082218957674 -0.16803013914449666
0.059113478643620286 -0.3229784791527365 -0.14486923377561325
0.052287395916100175 -0.32144796333903275 -0.12478114381395838
0.05345419036670516 0.3180722459925247 -0.11808554820709871
0.06136015989443196 0.3195463050710952 -0.14123096648652475
0.07012829621197457 0.3208583352983475 -0.16713946027834012
0.07960560692494202 0.3218967653555169 -0.19545586814588414
0.08962883765484131 0.32256696012398106 -0.2257945989447283
0.10003158990868702 0.32279669399095684 -0.25775284266093523
0.11065177904644379 0.32253870128498596 -0.2909240775454178
0.1213384576924338 0.3217701815330065 -0.32490979635139283
0.13195721508807426 0.32048974118522455 -0.35932788366589913
0.14239372091199332 0.3187126681382567 -0.393817015699875
0.1525553629459239 0.31646553670481986 -0.42803749688111553
0.16237120896588192 0.31378096681331824 -0.4616697776508871
0.1717906665234569 0.310693063493241 -0.4944123010836863
0.180781248251766 0.3072337807376024 -0.5259801935681458
0.18932580839673066 0.30343023621341064 -0.5561056868313601
0.19741951427631657 0.29930284937972196 -0.5845403828919997
0.20506669767033622 0.29486412490045333 -0.6110591916744881
0.2122717605992495 0.290118427273326 -0.6354358190254088
0.21905764250713902 0.2850604609405772 -0.6575589262387471
0.2254349577321811 0.27967810296622625 -0.6773015955430535
0.23141638669617545 0.27395213289762615 -0.6946055528217207
0.23701118554759804 0.2678570015812511 -0.7094567005431769
0.24222269698902726 0.26136072022612644 -0.7218667231583055
0.2470456872936516 0.2544252555481268 -0.7318565355986275
0.2514645976088843 0.24700870812401668 -0.7394547947045063
0.2554532381942117 0.23906909720985264 -0.7447101868171201
0.25897522663378675 0.2305684156024229 -0.7477038887245825
0.26198431878616274 0.22147619236943 -0.7485522231838077
0.2644247267100668 0.21177282718947343 -0.7473999923786477
0.26623216011928674 0.20145287015164196 -0.7444083990671062
0.2673360537440606 0.1905275361807674 -0.7397381221731398
0.26766264404299955 0.17902519212046852 -0.7335253335398331
0.267137757561854 0.16698888185811409 -0.7258494937725046
0.2656877078938764 0.15447108634549997 -0.7166971466628963
0.26323727839469113 0.14152817200014794 -0.7059401910067904
0.259706603345855 0.12821980573839115 -0.6933612385390533
0.25501110017770756 0.11461579444477206 -0.6787177057173386
0.24906414095006235 0.10080263784693037 -0.6617563948548355
0.24177886242796795 0.08688498380883494 -0.6421707805458493
0.23307009397295358 0.07299259741754278 -0.6196351882393033
0.22285291475585448 0.05929891900551703 -0.5938888930754799
0.21104148259165284 0.0460521869189217 -0.5647518819903627
0.19757984130175835 0.03362428896890409 -0.5321998965512285
0.18253886067020617 0.022564766150991976 -0.49666127449153036
0.16631110664387067 0.013610159461868684 -0.4595245265611818
0.14990415029249374 0.007513697088064282 -0.42365065083202913
0.1350033061824409 0.004462435791345302 -0.3930212543903794
0.12299757527147755 0.003352151264234238 -0.3701939601413457
0.1136125394282808 0.002370375518005685 -0.35364351316748294
0.10551024377019198 0.000679300975012157 -0.33967997151689217
0.11382017481256178 -0.000544356967080034 -0.352813571229883
0.12353161657908086 -0.0010429830284197628 -0.36808203497438624
0.13595018723205 -0.0017456068385300445 -0.3890287309382941
0.15127995127162164 -0.004539166522768018 -0.4171876181818691
0.16806813801023662 -0.010594658132515672 -0.4502723298165802
0.18455623368955054 -0.01976707145984611 -0.4846282935704451
0.19966234156472307 -0.03127371582118493 -0.5176072360325614
0.21297188083979068 -0.044286583856407456 -0.5479750831286926
0.2244667596112807 -0.05815807502142443 -0.5754939970489108
0.23430355668986214 -0.07245542068941468 -0.600435874316642
0.24267439918475253 -0.08691823670520264 -0.6232409897294996
0.2497388762434606 -0.10139608946601658 -0.6443241866453495
0.2556022370239089 -0.1157907415280723 -0.6639616722982008
0.2603213832740566 -0.13001068597335075 -0.6822330780830431
0.263932433520098 -0.14394908199305373 -0.6990484231271183
0.26648323948258235 -0.1574953266979714 -0.7142713125929221
0.2680436286488042 -0.17055924501380526 -0.7278332661820104
0.268692818522957 -0.18307792869448003 -0.7397297468654284
0.26850658929787125 -0.19500761032096536 -0.7499481375917646
0.26755350430295494 -0.20631582661353923 -0.7584176302909065
0.2658952638865125 -0.21697703831483117 -0.7649892442323862
0.26358818929509265 -0.226970042760194 -0.7694260905736798
0.2606864352056892 -0.2362792965590176 -0.7714137017225836
0.25724591908006356 -0.24490271221965015 -0.7706175516529804
0.2533248982578731 -0.2528620804047051 -0.7667814139501448
0.2489784263453602 -0.2602068120290915 -0.7598070926435939
0.24424963667324687 -0.2670062052450851 -0.749760436398003
0.23916384130094465 -0.2733351821351447 -0.7368128848004275
0.23372829441155568 -0.2792617821215364 -0.7211709954935086
0.2279359715926645 -0.28484038110462173 -0.7030318936128455
0.2217704655075465 -0.29010975336318784 -0.6825689023304831
0.21521038165980302 -0.29509361863117817 -0.6599350903538027
0.20823646380986147 -0.29980177598174274 -0.6352903114138405
0.20081847408239384 -0.3042328512554129 -0.6087315291875915
0.19294649685605614 -0.3083738736636321 -0.5804427157167864
0.1846125658834126 -0.3122033693760087 -0.5505936304964462
0.17581960224769957 -0.3156927289701932 -0.5193759079525273
0.16658433938826775 -0.3188082030745074 -0.4870068724296168
0.15694003904720297 -0.321513241340164 -0.4537320907656234
0.146938831426573 -0.32377130067579546 -0.4198269519684578
0.13665347032279404 -0.32554925470299834 -0.38559741147612
0.12617823801019384 -0.326821485339486 -0.3513797622017521
0.11562867370931015 -0.32757456761819836 -0.31753895035302915
0.10513978061928557 -0.3278121524663909 -0.2844646923285914
0.09486246343728119 -0.32755929573097853 -0.25256467841606867
0.08495820684343627 -0.326865254318399 -0.2222546023372947
0.07559238421256496 -0.3258038398010683 -0.19394555261242635
0.0669269517644851 -0.32447082218957674 -0.16803013914449666
0.059113478643620286 -0.3229784791527365 -0.14486923377561325
0.052287395916100175 -0.32144796333903275 -0.12478114381395838

VECTORS ftot float
-4.38552785607071 -8.618575450591257 5.4676905005100425
-6.068167897943181 -10.286263570643202 7.424886471628884
-6.914470579387029 -11.115184461025615 9.018509429392392
-7.453879351918527 -11.635515394715714 10.445529658971754
-7.831086752638228 -11.991862720620114 11.771949067461904
-8.103505168598126 -12.241856976163367 13.027022057222153
-8.299146550494665 -12.413748853835797 14.225378924435374
-8.433771750978256 -12.523555898940621 15.374665348951577
-8.517391946291553 -12.581560726698813 16.478760746928284
-8.557180804455875 -12.595219499032705 17.53934010520492
-8.558951136196736 -12.570634492287407 18.55672478428337
-8.527964624114555 -12.51335945595727 19.530401886178723
-8.469372548496658 -12.428835793878061 20.459382401164042
-8.38840548650439 -12.322577675330274 21.342478368753476
-8.290365192432507 -12.20015944860717 22.17853371148229
-8.180466164484791 -12.067053072060105 22.96661658928431
-8.063595223252493 -11.92838412294526 23.70616628679909
-7.944070126882498 -11.78868760219139 24.397084614710586
-7.825461396860984 -11.65172776166504 25.039768600708843
-7.710505541576622 -11.52040999503739 25.635091331915948
-7.601069506317353 -11.396744341655802 26.184346156296243
-7.498316853960703 -11.282010887863368 26.68915268863628
-7.402716902268464 -11.176768331129237 27.151386457351396
-7.3141599036774725 -11.080969149126455 27.57309091706365
-7.232014632702821 -10.994018295377002 27.956400201637525
-7.155191863639289 -10.914839474736423 28.303459251427746
-7.082264353885128 -10.842000053469988 28.616336853244082
-7.011628205606137 -10.773879687695196 28.89694518784806
-6.941639133115284 -10.70881605477255 29.146985644978876
-6.87069163841112 -10.645194972576405 29.367926017994797
-6.797258676652744 -10.581500917461707 29.56100038673104
-6.719911203606546 -10.516344828512374 29.727223486473775
-6.637309152470731 -10.448457968257477 29.867418245577404
-6.548135292571722 -10.376621937204279 29.98225737487199
-6.4509445682581195 -10.299508717730443 30.072313547619984
-6.3439245462892035 -10.215427980741945 30.13809807782981
-6.224645122319254 -10.122057484490574 30.180047700475697
-6.089971126446285 -10.016325350013565 30.198424333723462
-5.936061814188804 -9.894366563119053 30.193172626345323
-5.758079062054457 -9.751175880001517 30.16380435102573
-5.549884320319405 -9.580235609994944 30.109203381031467
-5.304110527312856 -9.373509858975364 30.027294158324857
-5.011600522396415 -9.12082782205198 29.91481160727068
-4.659354826567837 -8.807867425403476 29.767191428658613
-4.226577369336966 -8.412417603813461 29.578386192419767
-3.6752229762428295 -7.895348385827733 29.34095055709084
-2.92092284611122 -7.17196523439574 29.047500820112024
-1.7211695471802875 -6.000241521433933 28.695611235797465
0.9146942101250928 -3.390389542267012 28.299110376435152
14.574521362401171 10.244659786571892 27.91602504045634
14.594251737031122 -10.264136090512462 27.921372299731907
0.9435840021911668 3.3624561091129404 28.318634029572767
-1.6876695385840446 5.9686972612058 28.73097709410742
-2.8850880191782293 7.139421324470184 29.099763263836863
-3.6400812116982455 7.865181089534693 29.410076449353326
-4.195583612884383 8.38839331210858 29.663152113953405
-4.635741043722499 8.793425189459713 29.865296744803068
-4.99825296992496 9.11889985819399 30.022948086594077
-5.303663413936419 9.386591729270396 30.14118587953852
-5.564725089052649 9.610395883637542 30.223718481450472
-5.790040614288427 9.799764303912532 30.273259949803723
-5.985704974419214 9.96131768720871 30.2919033527154
-6.156109722237387 10.099714320126015 30.281402725618644
-6.304466805848864 10.21826715367883 30.243325324355972
-6.433394160281667 10.319613764166466 30.17903106584134
-6.545494984142102 10.406356242100784 30.089532377282005
-6.643459139493637 10.481196502213496 29.975427786053473
-6.729782227286405 10.546665690985193 29.836973326910947
-6.806594888469359 10.604948052543756 29.674182630635546
-6.875687678561584 10.657895514788557 29.486884852317445
-6.938627198881608 10.707137532533007 29.274731520894605
-6.996959277160369 10.754283864131452 29.03714451871718
-7.052467182062277 10.801184525094158 28.773212990460518
-7.107338778542122 10.850096631295937 28.481589354959038
-7.164089305801581 10.903602980196336 28.160455188697373
-7.2252421362205315 10.964284871861814 27.807592761445505
-7.292946010652418 11.034328799662482 27.42053367160362
-7.368713722630813 11.115253842655994 26.99672344414566
-7.453320976296341 11.207801023940757 26.53366085617056
-7.5467970545660865 11.31191879271157 26.02900530251708
-7.648429108337308 11.426767668776856 25.4806646785745
-7.756724866958345 11.550688053250502 24.886878932311205
-7.869484142356824 11.68127933621713 24.246274745662454
-7.983690792431231 11.81529961425974 23.557940481497813
-8.095577813800631 11.948737214733907 22.82146446352033
-8.20072162198077 12.076909671376818 22.036940207756473
-8.294213811688266 12.194638738427372 21.20492359344533
-8.370885929606203 12.296477540585872 20.326335307033755
-8.425526622425282 12.376929766192253 19.40231184565576
-8.453015943507099 12.430586085560394 18.434014469446282
-8.448314638466893 12.452115844768795 17.422401849041165
-8.406264658385602 12.43607036703948 16.367957302318764
-8.321148563840042 12.376445495705152 15.270335233765055
-8.185889570153062 12.265885020810181 14.127846596603918
-7.990595813818759 12.094228411689004 12.936614143434447
-7.719688148973267 11.845641984680471 11.6890202796218
-7.3454839489551285 11.492205804056296 10.370507830591984
-6.811267497631233 10.976986749066324 8.951985635475888
-5.974143702835176 10.15717809141437 7.367837055677258
-4.311390274429093 8.509319293054855 5.422252075974603
-4.38552785607071 -8.618575450591257 5.4676905005100425
-6.068167897943181 -10.286263570643202 7.424886471628884
-6.914470579387029 -11.115184461025615 9.018509429392392
-7.453879351918527 -11.635515394715714 10.445529658971754
-7.831086752638228 -11.991862720620114 11.771949067461904
-8.103505168598126 -12.241856976163367 13.027022057222153
-8.299146550494665 -12.413748853835797 14.225378924435374
-8.433771750978256 -12.523555898940621 15.374665348951577
-8.517391946291553 -12.581560726698813 16.478760746928284
-8.557180804455875 -12.595219499032705 17.53934010520492
-8.558951136196736 -12.570634492287407 18.55672478428337
-8.527964624114555 -12.51335945595727 19.530401886178723
-8.469372548496658 -12.428835793878061 20.459382401164042
-8.38840548650439 -12.322577675330274 21.342478368753476
-8.290365192432507 -12.20015944860717 22.17853371148229
-8.180466164484791 -12.067053072060105 22.96661658928431
-8.063595223252493 -11.92838412294526 23.70616628679909
-7.944070126882498 -11.78868760219139 24.397084614710586
-7.825461396860984 -11.65172776166504 25.039768600708843
-7.710505541576622 -11.52040999503739 25.635091331915948
-7.601069506317353 -11.396744341655802 26.184346156296243
-7.498316853960703 -11.282010887863368 26.68915268863628
-7.402716902268464 -11.176768331129237 27.151386457351396
-7.3141599036774725 -11.080969149126455 27.57309091706365
-7.232014632702821 -10.994018295377002 27.956400201637525
-7.155191863639289 -10.914839474736423 28.303459251427746
-7.082264353885128 -10.842000053469988 28.616336853244082
-7.011628205606137 -10.773879687695196 28.89694518784806
-6.941639133115284 -10.70881605477255 29.146985644978876
-6.87069163841112 -10.645194972576405 29.367926017994797
-6.797258676652744 -10.581500917461707 29.56100038673104
-6.719911203606546 -10.516344828512374 29.727223486473775
-6.637309152470731 -10.448457968257477 29.867418245577404
-6.548135292571722 -10.376621937204279 29.98225737487199
-6.4509445682581195 -10.299508717730443 30.072313547619984
-6.3439245462892035 -10.215427980741945 30.13809807782981
-6.224645122319254 -10.122057484490574 30.180047700475697
-6.089971126446285 -10.016325350013565 30.198424333723462
-5.936061814188804 -9.894366563119053 30.193172626345323
-5.758079062054457 -9.751175880001517 30.16380435102573
-5.549884320319405 -9.580235609994944 30.109203381031467
-5.304110527312856 -9.373509858975364 30.027294158324857
-5.011600522396415 -9.12082782205198 29.91481160727068
-4.659354826567837 -8.807867425403476 29.767191428658613
-4.226577369336966 -8.412417603813461 29.578386192419767
-3.6752229762428295 -7.895348385827733 29.34095055709084
-2.92092284611122 -7.17196523439574 29.047500820112024
-1.7211695471802875 -6.000241521433933 28.695611235797465
0.9146942101250928 -3.390389542267012 28.299110376435152
14.574521362401171 10.244659786571892 27.91602504045634
14.594251737031122 -10.264136090512462 27.921372299731907
0.9435840021911668 3.3624561091129404 28.318634029572767
-1.6876695385840446 5.9686972612058 28.73097709410742
-2.8850880191782293 7.139421324470184 29.099763263836863
-3.6400812116982455 7.865181089534693 29.410076449353326
-4.195583612884383 8.38839331210858 29.663152113953405
-4.635741043722499 8.793425189459713 29.865296744803068
-4.99825296992496 9.11889985819399 30.022948086594077
-5.303663413936419 9.386591729270396 30.14118587953852
-5.564725089052649 9.610395883637542 30.223718481450472
-5.790040614288427 9.799764303912532 30.273259949803723
-5.985704974419214 9.96131768720871 30.2919033527154
-6.156109722237387 10.099714320126015 30.281402725618644
-6.304466805848864 10.21826715367883 30.243325324355972
-6.433394160281667 10.319613764166466 30.17903106584134
-6.545494984142102 10.406356242100784 30.089532377282005
-6.643459139493637 10.481196502213496 29.975427786053473
-6.729782227286405 10.546665690985193 29.836973326910947
-6.806594888469359 10.604948052543756 29.674182630635546
-6.875687678561584 10.657895514788557 29.486884852317445
-6.938627198881608 10.707137532533007 29.274731520894605
-6.996959277160369 10.754283864131452 29.03714451871718
-7.052467182062277 10.801184525094158 28.773212990460518
-7.107338778542122 10.850096631295937 28.481589354959038
-7.164089305801581 10.903602980196336 28.160455188697373
-7.2252421362205315 10.964284871861814 27.807592761445505
-7.292946010652418 11.034328799662482 27.42053367160362
-7.368713722630813 11.115253842655994 26.99672344414566
-7.453320976296341 11.207801023940757 26.53366085617056
-7.5467970545660865 11.31191879271157 26.02900530251708
-7.648429108337308 11.426767668776856 25.4806646785745
-7.756724866958345 11.550688053250502 24.886878932311205
-7.869484142356824 11.68127933621713 24.246274745662454
-7.983690792431231 11.81529961425974 23.557940481497813
-8.095577813800631 11.948737214733907 22.82146446352033
-8.20072162198077 12.076909671376818 22.036940207756473
-8.294213811688266 12.194638738427372 21.20492359344533
-8.370885929606203 12.296477540585872 20.326335307033755
-8.425526622425282 12.376929766192253 19.40231184565576
-8.453015943507099 12.430586085560394 18.434014469446282
-8.448314638466893 12.452115844768795 17.422401849041165
-8.406264658385602 12.43607036703948 16.367957302318764
-8.321148563840042 12.376445495705152 15.270335233765055
-8.185889570153062 12.265885020810181 14.127846596603918
-7.990595813818759 12.094228411689004 12.936614143434447
-7.719688148973267 11.845641984680471 11.6890202796218
-7.3454839489551285 11.492205804056296 10.370507830591984
-6.811267497631233 10.976986749066324 8.951985635475888
-5.974143702835176 10.15717809141437 7.367837055677258
-4.311390274429093 8.509319293054855 5.422252075974603

VECTORS D float
-0.0068243784384571385 -0.0 -0.0031822599280004146
-0.011465712176559818 -0.0 -0.005346549394130861
-0.013769325630450758 -0.0 -0.006420741989109092
-0.014892368249378788 -0.0 -0.006944425362749679
-0.015099916563760585 -0.0 -0.007041206731183073
-0.014467954038408894 -0.0 -0.006746517765944606
-0.013015560661011463 -0.0 -0.006069255611410583
-0.010743267622965737 -0.0 -0.005009667966197571
-0.007648255797798447 -0.0 -0.0035664402500417847
-0.0037322603422087113 -0.0 -0.001740381579800118
0.0009932193559802566 0.0 0.0004631457919213693
0.006503038470223508 0.0 0.0030324166399417884
0.012755700088920779 0.0 0.005948080636592156
0.01969221287311518 0.0 0.009182629668752057
0.02723704043697009 0.0 0.012700840541236522
0.03530137261009112 0.0 0.016461300391468602
0.043788303144507726 0.0 0.020418821093896557
0.052598891170644695 0.0 0.024527265763332966
0.06163793607501448 0.0 0.02874224162464751
0.07081861583510052 0.0 0.033023262903844226
0.08006625750521679 0.0 0.037335509034492724
0.08931818294989792 0.0 0.041649752722026624
0.09852584345286726 0.0 0.045943355328252534
0.10765456342717537 0.0 0.05020014736142491
0.11668390268778031 0.0 0.054410597406724576
0.12560748737367997 0.0 0.058571733283954264
0.13443114421198069 0.0 0.0626862720405856
0.1431695277911927 0.0 0.06676104722346807
0.15184278583171248 0.0 0.07080545386891685
0.1604742494660086 0.0 0.07483037146267552
0.16908896776624543 0.0 0.07884748057892396
0.17771274822290606 0.0 0.08286881544811221
0.1863720319923123 0.0 0.08690670578392364
0.19509552992605497 0.0 0.09097453967632714
0.20391859304018028 0.0 0.09508880157482864
0.21289060251271644 0.0 0.09927251830091147
0.2220830340356117 0.0 0.10355901951710295
0.23159262573373582 0.0 0.10799341495186542
0.24154155156734483 0.0 0.1126326752584934
0.2520865437312591 0.0 0.11754988585971107
0.263428189409901 0.0 0.12283858209574232
0.2758071879709634 0.0 0.12861100392505545
0.28952173332605036 0.0 0.13500620145224657
0.3049979171076318 0.0 0.14222286446861215
0.3229313707731813 0.0 0.15058537125002572
0.34463844104070035 0.0 0.16070754435187853
0.37315795437827803 0.0 0.17400641182804463
0.4174948869494349 0.0 0.19468106302507687
0.5148892622892516 0.0 0.24009680610725576
1.0256435642731665 0.0 0.47826544855796604
1.0264696645776283 0.0 0.47865066545634083
0.516275620947878 0.0 0.2407432757667228
0.4192848936922551 0.0 0.19551575687740302
0.37527257556059385 0.0 0.17499247587945527
0.3469589148821863 0.0 0.1617895990747118
0.3253120150856149 0.0 0.15169548392425666
0.30729205572184265 0.0 0.14329263887328778
0.29158748602534235 0.0 0.13596947775578078
0.2775054296403669 0.0 0.12940290702089624
0.26462454693004034 0.0 0.12339645276927465
0.25266546594362516 0.0 0.11781984172081343
0.24143464332384093 0.0 0.11258282312582765
0.23079729767725596 0.0 0.10762254738838331
0.2206593208636072 0.0 0.1028951311619811
0.21094711359262522 0.0 0.09836625453393354
0.20158852740378824 0.0 0.09400227412457525
0.19250989315241532 0.0 0.08976883744757179
0.18364500884676896 0.0 0.08563507400719082
0.17494043039022164 0.0 0.0815760624118918
0.1663546633096086 0.0 0.07757245347106685
0.15785463952230858 0.0 0.0736088272845492
0.14941004222300183 0.0 0.06967104689384744
0.14098681586469436 0.0 0.06574323193659563
0.13254387677172452 0.0 0.06180622478020758
0.124036463976928 0.0 0.05783915304290813
0.11542509463541238 0.0 0.05382360557175824
0.1066850068806177 0.0 0.049748035718750756
0.0978116145734229 0.0 0.045610304932092165
0.08882147246843752 0.0 0.041418132820635785
0.07975070707160947 0.0 0.0371883654507675
0.07065282522865371 0.0 0.032945953474407916
0.0615970056189532 0.0 0.02872315543953436
0.05266420444956726 0.0 0.02455772184547376
0.043946216650737335 0.0 0.020492457371177535
0.03554149606594839 0.0 0.01657327179783749
0.027550577101115845 0.0 0.01284704508884006
0.020070614678768254 0.0 0.009359081328587763
0.013189774290538681 0.0 0.006150492761014101
0.006982545474392463 0.0 0.003256014428124734
0.0015068962177575084 0.0 0.0007026772463851286
-0.003196394280599976 -0.0 -0.0014905031315266065
-0.007102474046895364 -0.0 -0.003311938039914433
-0.010199724476309967 -0.0 -0.00475620963437432
-0.012485974615244479 -0.0 -0.0058223055826174125
-0.013963431279269611 -0.0 -0.006511254939644468
-0.014630952287135585 -0.0 -0.006822525097591715
-0.014469116185188959 -0.0 -0.00674705968388805
-0.01340244529374834 -0.0 -0.0062496628784782715
-0.011169061940343438 -0.0 -0.005208219117189673
-0.006627556355860092 -0.0 -0.003090480283591396
-0.0068243784384571385 -0.0 -0.0031822599280004146
-0.011465712176559818 -0.0 -0.005346549394130861
-0.013769325630450758 -0.0 -0.006420741989109092
-0.014892368249378788 -0.0 -0.006944425362749679
-0.015099916563760585 -0.0 -0.007041206731183073
-0.014467954038408894 -0.0 -0.006746517765944606
-0.013015560661011463 -0.0 -0.006069255611410583
-0.010743267622965737 -0.0 -0.005009667966197571
-0.007648255797798447 -0.0 -0.0035664402500417847
-0.0037322603422087113 -0.0 -0.001740381579800118
0.0009932193559802566 0.0 0.0004631457919213693
0.006503038470223508 0.0 0.0030324166399417884
0.012755700088920779 0.0 0.005948080636592156
0.01969221287311518 0.0 0.009182629668752057
0.02723704043697009 0.0 0.012700840541236522
0.03530137261009112 0.0 0.016461300391468602
0.043788303144507726 0.0 0.020418821093896557
0.052598891170644695 0.0 0.024527265763332966
0.06163793607501448 0.0 0.02874224162464751
0.07081861583510052 0.0 0.033023262903844226
0.08006625750521679 0.0 0.037335509034492724
0.08931818294989792 0.0 0.041649752722026624
0.09852584345286726 0.0 0.045943355328252534
0.10765456342717537 0.0 0.05020014736142491
0.11668390268778031 0.0 0.054410597406724576
0.12560748737367997 0.0 0.058571733283954264
0.13443114421198069 0.0 0.0626862720405856
0.1431695277911927 0.0 0.06676104722346807
0.15184278583171248 0.0 0.07080545386891685
0.1604742494660086 0.0 0.07483037146267552
0.16908896776624543 0.0 0.07884748057892396
0.17771274822290606 0.0 0.08286881544811221
0.1863720319923123 0.0 0.08690670578392364
0.19509552992605497 0.0 0.09097453967632714
0.20391859304018028 0.0 0.09508880157482864
0.21289060251271644 0.0 0.09927251830091147
0.2220830340356117 0.0 0.10355901951710295
0.23159262573373582 0.0 0.10799341495186542
0.24154155156734483 0.0 0.1126326752584934
0.2520865437312591 0.0 0.11754988585971107
0.263428189409901 0.0 0.12283858209574232
0.2758071879709634 0.0 0.12861100392505545
0.28952173332605036 0.0 0.13500620145224657
0.3049979171076318 0.0 0.14222286446861215
0.3229313707731813 0.0 0.15058537125002572
0.34463844104070035 0.0 0.16070754435187853
0.37315795437827803 0.0 0.17400641182804463
0.4174948869494349 0.0 0.19468106302507687
0.5148892622892516 0.0 0.24009680610725576
1.0256435642731665 0.0 0.47826544855796604
1.0264696645776283 0.0 0.47865066545634083
0.516275620947878 0.0 0.2407432757667228
0.4192848936922551 0.0 0.19551575687740302
0.37527257556059385 0.0 0.17499247587945527
0.3469589148821863 0.0 0.1617895990747118
0.3253120150856149 0.0 0.15169548392425666
0.30729205572184265 0.0 0.14329263887328778
0.29158748602534235 0.0 0.13596947775578078
0.2775054296403669 0.0 0.12940290702089624
0.26462454693004034 0.0 0.12339645276927465
0.25266546594362516 0.0 0.11781984172081343
0.24143464332384093 0.0 0.11258282312582765
0.23079729767725596 0.0 0.10762254738838331
0.2206593208636072 0.0 0.1028951311619811
0.21094711359262522 0.0 0.09836625453393354
0.20158852740378824 0.0 0.09400227412457525
0.19250989315241532 0.0 0.08976883744757179
0.18364500884676896 0.0 0.08563507400719082
0.17494043039022164 0.0 0.0815760624118918
0.1663546633096086 0.0 0.07757245347106685
0.15785463952230858 0.0 0.0736088272845492
0.14941004222300183 0.0 0.06967104689384744
0.14098681586469436 0.0 0.06574323193659563
0.13254387677172452 0.0 0.06180622478020758
0.124036463976928 0.0 0.05783915304290813
0.11542509463541238 0.0 0.05382360557175824
0.1066850068806177 0.0 0.049748035718750756
0.0978116145734229 0.0 0.045610304932092165
0.08882147246843752 0.0 0.041418132820635785
0.07975070707160947 0.0 0.0371883654507675
0.07065282522865371 0.0 0.032945953474407916
0.0615970056189532 0.0 0.02872315543953436
0.05266420444956726 0.0 0.02455772184547376
0.043946216650737335 0.0 0.020492457371177535
0.03554149606594839 0.0 0.01657327179783749
0.027550577101115845 0.0 0.01284704508884006
0.020070614678768254 0.0 0.009359081328587763
0.013189774290538681 0.0 0.006150492761014101
0.006982545474392463 0.0 0.003256014428124734
0.0015068962177575084 0.0 0.0007026772463851286
-0.003196394280599976 -0.0 -0.0014905031315266065
-0.007102474046895364 -0.0 -0.003311938039914433
-0.010199724476309967 -0.0 -0.00475620963437432
-0.012485974615244479 -0.0 -0.0058223055826174125
-0.013963431279269611 -0.0 -0.006511254939644468
-0.014630952287135585 -0.0 -0.006822525097591715
-0.014469116185188959 -0.0 -0.00674705968388805
-0.01340244529374834 -0.0 -0.0062496628784782715
-0.011169061940343438 -0.0 -0.005208219117189673
-0.006627556355860092 -0.0 -0.003090480283591396

VECTORS funs-vector float
0.0 0.0 -0.6150132471975719
0.0 0.0 -0.9471702403343248
0.0 0.0 -1.2208421508339036
0.0 0.0 -1.468986669221065
0.0 0.0 -1.7027732925509986
0.0 0.0 -1.9271724109659134
0.0 0.0 -2.144667117919233
0.0 0.0 -2.356523944071563
0.0 0.0 -2.563331293727113
0.0 0.0 -2.7652693266677035
0.0 0.0 -2.962272244945198
0.0 0.0 -3.1541487798957144
0.0 0.0 -3.3406883814284085
0.0 0.0 -3.5217589191231577
0.0 0.0 -3.6973853349855297
0.0 0.0 -3.867787596225499
0.0 0.0 -4.033354883744271
0.0 0.0 -4.1945426114194975
0.0 0.0 -4.351692368579176
0.0 0.0 -4.5047835386306545
0.0 0.0 -4.653157022821113
0.0 0.0 -4.794970711804761
0.0 0.0 -4.927495545303727
0.0 0.0 -5.0468812628597215
0.0 0.0 -5.148767902828206
0.0 0.0 -5.229050411318017
0.0 0.0 -5.2845895172575705
0.0 0.0 -5.313626964029225
0.0 0.0 -5.315845010042709
0.0 0.0 -5.29220657531412
0.0 0.0 -5.244735827954827
0.0 0.0 -5.176318664074918
0.0 0.0 -5.090524195037156
0.0 0.0 -4.991378592705264
0.0 0.0 -4.883018229027371
0.0 0.0 -4.769202949115354
0.0 0.0 -4.652606349334787
0.0 0.0 -4.5339038927019155
0.0 0.0 -4.41123184120861
0.0 0.0 -4.280519117711419
0.0 0.0 -4.136850986777031
0.0 0.0 -3.9771757060071935
0.0 0.0 -3.8021104442292755
0.0 0.0 -3.614467628356646
0.0 0.0 -3.4177381125382773
0.0 0.0 -3.2166819308472796
0.0 0.0 -3.0180598289691156
0.0 0.0 -2.8308753323159754
0.0 0.0 -2.666694995753063
0.0 0.0 -2.5422113592376774
0.0 0.0 -2.5161541505475764
0.0 0.0 -2.584194239394826
0.0 0.0 -2.686622250692061
0.0 0.0 -2.810367865646453
0.0 0.0 -2.949494435947253
0.0 0.0 -3.100842719254903
0.0 0.0 -3.262586447810004
0.0 0.0 -3.433307024936764
0.0 0.0 -3.6105497953127648
0.0 0.0 -3.790285275269773
0.0 0.0 -3.9677821972413523
0.0 0.0 -4.138837573955236
0.0 0.0 -4.300814452360994
0.0 0.0 -4.452548207405839
0.0 0.0 -4.593087094157583
0.0 0.0 -4.7205905835434665
0.0 0.0 -4.832081689428057
0.0 0.0 -4.923889337303841
0.0 0.0 -4.992123874999619
0.0 0.0 -5.033069498135635
0.0 0.0 -5.0441036551983105
0.0 0.0 -5.0251479616275825
0.0 0.0 -4.97942569688595
0.0 0.0 -4.912436651405063
0.0 0.0 -4.829793019560188
0.0 0.0 -4.73560462957768
0.0 0.0 -4.632206267734983
0.0 0.0 -4.520729870687635
0.0 0.0 -4.401741678387825
0.0 0.0 -4.275621396165819
0.0 0.0 -4.142617470907557
0.0 0.0 -4.003256965704082
0.0 0.0 -3.8578709211299254
0.0 0.0 -3.706828537122379
0.0 0.0 -3.5505006104121994
0.0 0.0 -3.389251345458743
0.0 0.0 -3.223431011142283
0.0 0.0 -3.053365136250374
0.0 0.0 -2.8793387640758064
0.0 0.0 -2.701575767666678
0.0 0.0 -2.520213103825858
0.0 0.0 -2.3352679507697722
0.0 0.0 -2.146591906922504
0.0 0.0 -1.953799743443274
0.0 0.0 -1.7561466638601149
0.0 0.0 -1.5522962083123848
0.0 0.0 -1.3398347386596916
0.0 0.0 -1.1141111874059229
0.0 0.0 -0.8648416444034827
0.0 0.0 -0.5618527195405663
0.0 0.0 -0.6150132471975719
0.0 0.0 -0.9471702403343248
0.0 0.0 -1.2208421508339036
0.0 0.0 -1.468986669221065
0.0 0.0 -1.7027732925509986
0.0 0.0 -1.9271724109659134
0.0 0.0 -2.144667117919233
0.0 0.0 -2.356523944071563
0.0 0.0 -2.563331293727113
0.0 0.0 -2.7652693266677035
0.0 0.0 -2.962272244945198
0.0 0.0 -3.1541487798957144
0.0 0.0 -3.3406883814284085
0.0 0.0 -3.5217589191231577
0.0 0.0 -3.6973853349855297
0.0 0.0 -3.867787596225499
0.0 0.0 -4.033354883744271
0.0 0.0 -4.1945426114194975
0.0 0.0 -4.351692368579176
0.0 0.0 -4.5047835386306545
0.0 0.0 -4.653157022821113
0.0 0.0 -4.794970711804761
0.0 0.0 -4.927495545303727
0.0 0.0 -5.0468812628597215
0.0 0.0 -5.148767902828206
0.0 0.0 -5.229050411318017
0.0 0.0 -5.2845895172575705
0.0 0.0 -5.313626964029225
0.0 0.0 -5.315845010042709
0.0 0.0 -5.29220657531412
0.0 0.0 -5.244735827954827
0.0 0.0 -5.176318664074918
0.0 0.0 -5.090524195037156
0.0 0.0 -4.991378592705264
0.0 0.0 -4.883018229027371
0.0 0.0 -4.769202949115354
0.0 0.0 -4.652606349334787
0.0 0.0 -4.5339038927019155
0.0 0.0 -4.41123184120861
0.0 0.0 -4.280519117711419
0.0 0.0 -4.136850986777031
0.0 0.0 -3.9771757060071935
0.0 0.0 -3.8021104442292755
0.0 0.0 -3.614467628356646
0.0 0.0 -3.4177381125382773
0.0 0.0 -3.2166819308472796
0.0 0.0 -3.0180598289691156
0.0 0.0 -2.8308753323159754
0.0 0.0 -2.666694995753063
0.0 0.0 -2.5422113592376774
0.0 0.0 -2.5161541505475764
0.0 0.0 -2.584194239394826
0.0 0.0 -2.686622250692061
0.0 0.0 -2.810367865646453
0.0 0.0 -2.949494435947253
0.0 0.0 -3.100842719254903
0.0 0.0 -3.262586447810004
0.0 0.0 -3.433307024936764
0.0 0.0 -3.6105497953127648
0.0 0.0 -3.790285275269773
0.0 0.0 -3.9677821972413523
0.0 0.0 -4.138837573955236
0.0 0.0 -4.300814452360994
0.0 0.0 -4.452548207405839
0.0 0.0 -4.593087094157583
0.0 0.0 -4.7205905835434665
0.0 0.0 -4.832081689428057
0.0 0.0 -4.923889337303841
0.0 0.0 -4.992123874999619
0.0 0.0 -5.033069498135635
0.0 0.0 -5.0441036551983105
0.0 0.0 -5.0251479616275825
0.0 0.0 -4.97942569688595
0.0 0.0 -4.912436651405063
0.0 0.0 -4.829793019560188
0.0 0.0 -4.73560462957768
0.0 0.0 -4.632206267734983
0.0 0.0 -4.520729870687635
0.0 0.0 -4.401741678387825
0.0 0.0 -4.275621396165819
0.0 0.0 -4.142617470907557
0.0 0.0 -4.003256965704082
0.0 0.0 -3.8578709211299254
0.0 0.0 -3.706828537122379
0.0 0.0 -3.5505006104121994
0.0 0.0 -3.389251345458743
0.0 0.0 -3.223431011142283
0.0 0.0 -3.053365136250374
0.0 0.0 -2.8793387640758064
0.0 0.0 -2.701575767666678
0.0 0.0 -2.520213103825858
0.0 0.0 -2.3352679507697722
0.0 0.0 -2.146591906922504
0.0 0.0 -1.953799743443274
0.0 0.0 -1.7561466638601149
0.0 0.0 -1.5522962083123848
0.0 0.0 -1.3398347386596916
0.0 0.0 -1.1141111874059229
0.0 0.0 -0.8648416444034827
0.0 0.0 -0.5618527195405663

VECTORS S float
-0.0 -0.03900297144822076 0.0
-0.0 -0.055100021580155 0.0
-0.0 -0.06877927667065156 0.0
-0.0 -0.08167052445736463 0.0
-0.0 -0.09413945960994562 0.0
-0.0 -0.10627748828515776 0.0
-0.0 -0.1180881466571931 0.0
-0.0 -0.12954236106997524 0.0
-0.0 -0.14060022495358734 0.0
-0.0 -0.15122208435258006 0.0
-0.0 -0.16137569521080453 0.0
-0.0 -0.17104160480555947 0.0
-0.0 -0.18021719664865002 0.0
-0.0 -0.18891906153717672 0.0
-0.0 -0.19718309654274827 0.0
-0.0 -0.20506199249461196 0.0
-0.0 -0.2126204593628251 0.0
-0.0 -0.21992923099274833 0.0
-0.0 -0.22705909959716014 0.0
-0.0 -0.2340759222665153 0.0
-0.0 -0.24103627965125507 0.0
-0.0 -0.2479873904925522 0.0
-0.0 -0.2549642732807653 0.0
-0.0 -0.2619894711063805 0.0
-0.0 -0.26907196873307104 0.0
-0.0 -0.2762065942121552 0.0
-0.0 -0.2833752835496679 0.0
-0.0 -0.290550147326925 0.0
-0.0 -0.2976967417906865 0.0
-0.0 -0.3047764745413816 0.0
-0.0 -0.3117482929482872 0.0
-0.0 -0.3185699364467114 0.0
-0.0 -0.3251982710415049 0.0
-0.0 -0.3315875529717523 0.0
-0.0 -0.33768439352293317 0.0
-0.0 -0.343418808491291 0.0
-0.0 -0.34869342495096756 0.0
-0.0 -0.35337670167503543 0.0
-0.0 -0.3572982428519805 0.0
-0.0 -0.3602326792626895 0.0
-0.0 -0.3618808694326701 0.0
-0.0 -0.36186339162514686 0.0
-0.0 -0.35968991360891756 0.0
-0.0 -0.35466912658692273 0.0
-0.0 -0.3457378775536853 0.0
-0.0 -0.3310497605964977 0.0
-0.0 -0.3066798864517364 0.0
-0.0 -0.26156332991884074 0.0
-0.0 -0.15061242573313346 0.0
0.0 0.46361742197777145 -0.0
-0.0 -0.46449881325973674 0.0
0.0 0.1493715293482372 -0.0
0.0 0.2601882483132715 -0.0
0.0 0.30528827867416364 -0.0
0.0 0.3297848542582836 -0.0
0.0 0.3447505148221898 -0.0
0.0 0.3540875765974931 -0.0
0.0 0.3596138822259049 -0.0
0.0 0.36236841589300084 -0.0
0.0 0.3630201343205539 -0.0
0.0 0.36202765643693197 -0.0
0.0 0.3597159336502339 -0.0
0.0 0.3563186707290229 -0.0
0.0 0.35200773917157613 -0.0
0.0 0.3469212909788403 -0.0
0.0 0.34118754522222744 -0.0
0.0 0.3349292593887682 -0.0
0.0 0.32825489257656915 -0.0
0.0 0.321253979610846 -0.0
0.0 0.31399900251141055 -0.0
0.0 0.3065499164648269 -0.0
0.0 0.29896071146140213 -0.0
0.0 0.29128650458716565 -0.0
0.0 0.28358690225709343 -0.0
0.0 0.2759222479425665 -0.0
0.0 0.2683442611208522 -0.0
0.0 0.2608867444112864 -0.0
0.0 0.253561005682729 -0.0
0.0 0.24635619985766644 -0.0
0.0 0.23924225548751543 -0.0
0.0 0.23217326308233058 -0.0
0.0 0.22509012249046484 -0.0
0.0 0.21792542716528987 -0.0
0.0 0.2106047563190813 -0.0
0.0 0.20305138681465829 -0.0
0.0 0.19519109202634344 -0.0
0.0 0.18695761284270576 -0.0
0.0 0.17829801179841817 -0.0
0.0 0.16917678559672666 -0.0
0.0 0.15957782184072375 -0.0
0.0 0.14950393780674523 -0.0
0.0 0.13897435533843647 -0.0
0.0 0.12802066634310805 -0.0
0.0 0.11668156382671895 -0.0
0.0 0.10499585323076517 -0.0
0.0 0.09299158614059233 -0.0
0.0 0.08066462407118914 -0.0
0.0 0.0679241276895928 -0.0
0.0 0.054408554494723774 -0.0
0.0 0.038508537673478754 -0.0
-0.0 -0.03900297144822076 0.0
-0.0 -0.055100021580155 0.0
-0.0 -0.06877927667065156 0.0
-0.0 -0.08167052445736463 0.0
-0.0 -0.09413945960994562 0.0
-0.0 -0.10627748828515776 0.0
-0.0 -0.1180881466571931 0.0
-0.0 -0.12954236106997524 0.0
-0.0 -0.14060022495358734 0.0
-0.0 -0.15122208435258006 0.0
-0.0 -0.16137569521080453 0.0
-0.0 -0.17104160480555947 0.0
-0.0 -0.18021719664865002 0.0
-0.0 -0.18891906153717672 0.0
-0.0 -0.19718309654274827 0.0
-0.0 -0.20506199249461196 0.0
-0.0 -0.2126204593628251 0.0
-0.0 -0.21992923099274833 0.0
-0.0 -0.22705909959716014 0.0
-0.0 -0.2340759222665153 0.0
-0.0 -0.24103627965125507 0.0
-0.0 -0.2479873904925522 0.0
-0.0 -0.2549642732807653 0.0
-0.0 -0.2619894711063805 0.0
-0.0 -0.26907196873307104 0.0
-0.0 -0.2762065942121552 0.0
-0.0 -0.2833752835496679 0.0
-0.0 -0.290550147326925 0.0
-0.0 -0.2976967417906865 0.0
-0.0 -0.3047764745413816 0.0
-0.0 -0.3117482929482872 0.0
-0.0 -0.3185699364467114 0.0
-0.0 -0.3251982710415049 0.0
-0.0 -0.3315875529717523 0.0
-0.0 -0.33768439352293317 0.0
-0.0 -0.343418808491291 0.0
-0.0 -0.34869342495096756 0.0
-0.0 -0.35337670167503543 0.0
-0.0 -0.3572982428519805 0.0
-0.0 -0.3602326792626895 0.0
-0.0 -0.3618808694326701 0.0
-0.0 -0.36186339162514686 0.0
-0.0 -0.35968991360891756 0.0
-0.0 -0.35466912658692273 0.0
-0.0 -0.3457378775536853 0.0
-0.0 -0.3310497605964977 0.0
-0.0 -0.3066798864517364 0.0
-0.0 -0.26156332991884074 0.0
-0.0 -0.15061242573313346 0.0
0.0 0.46361742197777145 -0.0
-0.0 -0.46449881325973674 0.0
0.0 0.1493715293482372 -0.0
0.0 0.2601882483132715 -0.0
0.0 0.30528827867416364 -0.0
0.0 0.3297848542582836 -0.0
0.0 0.3447505148221898 -0.0
0.0 0.3540875765974931 -0.0
0.0 0.3596138822259049 -0.0
0.0 0.36236841589300084 -0.0
0.0 0.3630201343205539 -0.0
0.0 0.36202765643693197 -0.0
0.0 0.3597159336502339 -0.0
0.0 0.3563186707290229 -0.0
0.0 0.35200773917157613 -0.0
0.0 0.3469212909788403 -0.0
0.0 0.34118754522222744 -0.0
0.0 0.3349292593887682 -0.0
0.0 0.32825489257656915 -0.0
0.0 0.321253979610846 -0.0
0.0 0.31399900251141055 -0.0
0.0 0.3065499164648269 -0.0
0.0 0.29896071146140213 -0.0
0.0 0.29128650458716565 -0.0
0.0 0.28358690225709343 -0.0
0.0 0.2759222479425665 -0.0
0.0 0.2683442611208522 -0.0
0.0 0.2608867444112864 -0.0
0.0 0.253561005682729 -0.0
0.0 0.24635619985766644 -0.0
0.0 0.23924225548751543 -0.0
0.0 0.23217326308233058 -0.0
0.0 0.22509012249046484 -0.0
0.0 0.21792542716528987 -0.0
0.0 0.2106047563190813 -0.0
0.0 0.20305138681465829 -0.0
0.0 0.19519109202634344 -0.0
0.0 0.18695761284270576 -0.0
0.0 0.17829801179841817 -0.0
0.0 0.16917678559672666 -0.0
0.0 0.15957782184072375 -0.0
0.0 0.14950393780674523 -0.0
0.0 0.13897435533843647 -0.0
0.0 0.12802066634310805 -0.0
0.0 0.11668156382671895 -0.0
0.0 0.10499585323076517 -0.0
0.0 0.09299158614059233 -0.0
0.0 0.08066462407118914 -0.0
0.0 0.0679241276895928 -0.0
0.0 0.054408554494723774 -0.0
0.0 0.038508537673478754 -0.0

VECTORS Vvpm_ApA float
0.04654723835124784 0.3165569662794198 -0.0980169980101613
0.05345419036670516 0.3180722459925247 -0.11808554820709871
0.06136015989443196 0.3195463050710952 -0.14123096648652475
0.07012829621197457 0.3208583352983475 -0.16713946027834012
0.07960560692494202 0.3218967653555169 -0.19545586814588414
0.08962883765484131 0.32256696012398106 -0.2257945989447283
0.10003158990868702 0.32279669399095684 -0.25775284266093523
0.11065177904644379 0.32253870128498596 -0.2909240775454178
0.1213384576924338 0.3217701815330065 -0.32490979635139283
0.13195721508807426 0.32048974118522455 -0.35932788366589913
0.14239372091199332 0.3187126681382567 -0.393817015699875
0.1525553629459239 0.31646553670481986 -0.42803749688111553
0.16237120896588192 0.31378096681331824 -0.4616697776508871
0.1717906665234569 0.310693063493241 -0.4944123010836863
0.180781248251766 0.3072337807376024 -0.5259801935681458
0.18932580839673066 0.30343023621341064 -0.5561056868313601
0.19741951427631657 0.29930284937972196 -0.5845403828919997
0.20506669767033622 0.29486412490045333 -0.6110591916744881
0.2122717605992495 0.290118427273326 -0.6354358190254088
0.21905764250713902 0.2850604609405772 -0.6575589262387471
0.2254349577321811 0.27967810296622625 -0.6773015955430535
0.23141638669617545 0.27395213289762615 -0.6946055528217207
0.23701118554759804 0.2678570015812511 -0.7094567005431769
0.24222269698902726 0.26136072022612644 -0.7218667231583055
0.2470456872936516 0.2544252555481268 -0.7318565355986275
0.2514645976088843 0.24700870812401668 -0.7394547947045063
0.2554532381942117 0.23906909720985264 -0.7447101868171201
0.25897522663378675 0.2305684156024229 -0.7477038887245825
0.26198431878616274 0.22147619236943 -0.7485522231838077
0.2644247267100668 0.21177282718947343 -0.7473999923786477
0.26623216011928674 0.20145287015164196 -0.7444083990671062
0.2673360537440606 0.1905275361807674 -0.7397381221731398
0.26766264404299955 0.17902519212046852 -0.7335253335398331
0.267137757561854 0.16698888185811409 -0.7258494937725046
0.2656877078938764 0.15447108634549997 -0.7166971466628963
0.26323727839469113 0.14152817200014794 -0.7059401910067904
0.259706603345855 0.12821980573839115 -0.6933612385390533
0.25501110017770756 0.11461579444477206 -0.6787177057173386
0.24906414095006235 0.10080263784693037 -0.6617563948548355
0.24177886242796795 0.08688498380883494 -0.6421707805458493
0.23307009397295358 0.07299259741754278 -0.6196351882393033
0.22285291475585448 0.05929891900551703 -0.5938888930754799
0.21104148259165284 0.0460521869189217 -0.5647518819903627
0.19757984130175835 0.03362428896890409 -0.5321998965512285
0.18253886067020617 0.022564766150991976 -0.49666127449153036
0.16631110664387067 0.013610159461868684 -0.4595245265611818
0.14990415029249374 0.007513697088064282 -0.42365065083202913
0.1350033061824409 0.004462435791345302 -0.3930212543903794
0.12299757527147755 0.003352151264234238 -0.3701939601413457
0.1136125394282808 0.002370375518005685 -0.35364351316748294
0.10551024377019198 0.000679300975012157 -0.33967997151689217
0.11382017481256178 -0.000544356967080034 -0.352813571229883
0.12353161657908086 -0.0010429830284197628 -0.36808203497438624
0.13595018723205 -0.0017456068385300445 -0.3890287309382941
0.15127995127162164 -0.004539166522768018 -0.4171876181818691
0.16806813801023662 -0.010594658132515672 -0.4502723298165802
0.18455623368955054 -0.01976707145984611 -0.4846282935704451
0.19966234156472307 -0.03127371582118493 -0.5176072360325614
0.21297188083979068 -0.044286583856407456 -0.5479750831286926
0.2244667596112807 -0.05815807502142443 -0.5754939970489108
0.23430355668986214 -0.07245542068941468 -0.600435874316642
0.24267439918475253 -0.08691823670520264 -0.6232409897294996
0.2497388762434606 -0.10139608946601658 -0.6443241866453495
0.2556022370239089 -0.1157907415280723 -0.6639616722982008
0.2603213832740566 -0.13001068597335075 -0.6822330780830431
0.263932433520098 -0.14394908199305373 -0.6990484231271183
0.26648323948258235 -0.1574953266979714 -0.7142713125929221
0.2680436286488042 -0.17055924501380526 -0.7278332661820104
0.268692818522957 -0.18307792869448003 -0.7397297468654284
0.26850658929787125 -0.19500761032096536 -0.7499481375917646
0.26755350430295494 -0.20631582661353923 -0.7584176302909065
0.2658952638865125 -0.21697703831483117 -0.7649892442323862
0.26358818929509265 -0.226970042760194 -0.7694260905736798
0.2606864352056892 -0.2362792965590176 -0.7714137017225836
0.25724591908006356 -0.24490271221965015 -0.7706175516529804
0.2533248982578731 -0.2528620804047051 -0.7667814139501448
0.2489784263453602 -0.2602068120290915 -0.7598070926435939
0.24424963667324687 -0.2670062052450851 -0.749760436398003
0.23916384130094465 -0.2733351821351447 -0.7368128848004275
0.23372829441155568 -0.2792617821215364 -0.7211709954935086
0.2279359715926645 -0.28484038110462173 -0.7030318936128455
0.2217704655075465 -0.29010975336318784 -0.6825689023304831
0.21521038165980302 -0.29509361863117817 -0.6599350903538027
0.20823646380986147 -0.29980177598174274 -0.6352903114138405
0.20081847408239384 -0.3042328512554129 -0.6087315291875915
0.19294649685605614 -0.3083738736636321 -0.5804427157167864
0.1846125658834126 -0.3122033693760087 -0.5505936304964462
0.17581960224769957 -0.3156927289701932 -0.5193759079525273
0.16658433938826775 -0.3188082030745074 -0.4870068724296168
0.15694003904720297 -0.321513241340164 -0.4537320907656234
0.146938831426573 -0.32377130067579546 -0.4198269519684578
0.13665347032279404 -0.32554925470299834 -0.38559741147612
0.12617823801019384 -0.326821485339486 -0.3513797622017521
0.11562867370931015 -0.32757456761819836 -0.31753895035302915
0.10513978061928557 -0.3278121524663909 -0.2844646923285914
0.09486246343728119 -0.32755929573097853 -0.25256467841606867
0.08495820684343627 -0.326865254318399 -0.2222546023372947
0.07559238421256496 -0.3258038398010683 -0.19394555261242635
0.0669269517644851 -0.32447082218957674 -0.16803013914449666
0.059113478643620286 -0.3229784791527365 -0.14486923377561325
0.04654723835124784 0.3165569662794198 -0.0980169980101613
0.05345419036670516 0.3180722459925247 -0.11808554820709871
0.06136015989443196 0.3195463050710952 -0.14123096648652475
0.07012829621197457 0.3208583352983475 -0.16713946027834012
0.07960560692494202 0.3218967653555169 -0.19545586814588414
0.08962883765484131 0.32256696012398106 -0.2257945989447283
0.10003158990868702 0.32279669399095684 -0.25775284266093523
0.11065177904644379 0.32253870128498596 -0.2909240775454178
0.1213384576924338 0.3217701815330065 -0.32490979635139283
0.13195721508807426 0.32048974118522455 -0.35932788366589913
0.14239372091199332 0.3187126681382567 -0.393817015699875
0.1525553629459239 0.31646553670481986 -0.42803749688111553
0.16237120896588192 0.31378096681331824 -0.4616697776508871
0.1717906665234569 0.310693063493241 -0.4944123010836863
0.180781248251766 0.3072337807376024 -0.5259801935681458
0.18932580839673066 0.30343023621341064 -0.5561056868313601
0.19741951427631657 0.29930284937972196 -0.5845403828919997
0.20506669767033622 0.29486412490045333 -0.6110591916744881
0.2122717605992495 0.290118427273326 -0.6354358190254088
0.21905764250713902 0.2850604609405772 -0.6575589262387471
0.2254349577321811 0.27967810296622625 -0.6773015955430535
0.23141638669617545 0.27395213289762615 -0.6946055528217207
0.23701118554759804 0.2678570015812511 -0.7094567005431769
0.24222269698902726 0.26136072022612644 -0.7218667231583055
0.2470456872936516 0.2544252555481268 -0.7318565355986275
0.2514645976088843 0.24700870812401668 -0.7394547947045063
0.2554532381942117 0.23906909720985264 -0.7447101868171201
0.25897522663378675 0.2305684156024229 -0.7477038887245825
0.26198431878616274 0.22147619236943 -0.7485522231838077
0.2644247267100668 0.21177282718947343 -0.7473999923786477
0.26623216011928674 0.20145287015164196 -0.7444083990671062
0.2673360537440606 0.1905275361807674 -0.7397381221731398
0.26766264404299955 0.17902519212046852 -0.7335253335398331
0.267137757561854 0.16698888185811409 -0.7258494937725046
0.2656877078938764 0.15447108634549997 -0.7166971466628963
0.26323727839469113 0.14152817200014794 -0.7059401910067904
0.259706603345855 0.12821980573839115 -0.6933612385390533
0.25501110017770756 0.11461579444477206 -0.6787177057173386
0.24906414095006235 0.10080263784693037 -0.6617563948548355
0.24177886242796795 0.08688498380883494 -0.6421707805458493
0.23307009397295358 0.07299259741754278 -0.6196351882393033
0.22285291475585448 0.05929891900551703 -0.5938888930754799
0.21104148259165284 0.0460521869189217 -0.5647518819903627
0.19757984130175835 0.03362428896890409 -0.5321998965512285
0.18253886067020617 0.022564766150991976 -0.49666127449153036
0.16631110664387067 0.013610159461868684 -0.4595245265611818
0.14990415029249374 0.007513697088064282 -0.42365065083202913
0.1350033061824409 0.004462435791345302 -0.3930212543903794
0.12299757527147755 0.003352151264234238 -0.3701939601413457
0.1136125394282808 0.002370375518005685 -0.35364351316748294
0.10551024377019198 0.000679300975012157 -0.33967997151689217
0.11382017481256178 -0.000544356967080034 -0.352813571229883
0.12353161657908086 -0.0010429830284197628 -0.36808203497438624
0.13595018723205 -0.0017456068385300445 -0.3890287309382941
0.15127995127162164 -0.004539166522768018 -0.4171876181818691
0.16806813801023662 -0.010594658132515672 -0.4502723298165802
0.18455623368955054 -0.01976707145984611 -0.4846282935704451
0.19966234156472307 -0.03127371582118493 -0.5176072360325614
0.21297188083979068 -0.044286583856407456 -0.5479750831286926
0.2244667596112807 -0.05815807502142443 -0.5754939970489108
0.23430355668986214 -0.07245542068941468 -0.600435874316642
0.24267439918475253 -0.08691823670520264 -0.6232409897294996
0.2497388762434606 -0.10139608946601658 -0.6443241866453495
0.2556022370239089 -0.1157907415280723 -0.6639616722982008
0.2603213832740566 -0.13001068597335075 -0.6822330780830431
0.263932433520098 -0.14394908199305373 -0.6990484231271183
0.26648323948258235 -0.1574953266979714 -0.7142713125929221
0.2680436286488042 -0.17055924501380526 -0.7278332661820104
0.268692818522957 -0.18307792869448003 -0.7397297468654284
0.26850658929787125 -0.19500761032096536 -0.7499481375917646
0.26755350430295494 -0.20631582661353923 -0.7584176302909065
0.2658952638865125 -0.21697703831483117 -0.7649892442323862
0.26358818929509265 -0.226970042760194 -0.7694260905736798
0.2606864352056892 -0.2362792965590176 -0.7714137017225836
0.25724591908006356 -0.24490271221965015 -0.7706175516529804
0.2533248982578731 -0.2528620804047051 -0.7667814139501448
0.2489784263453602 -0.2602068120290915 -0.7598070926435939
0.24424963667324687 -0.2670062052450851 -0.749760436398003
0.23916384130094465 -0.2733351821351447 -0.7368128848004275
0.23372829441155568 -0.2792617821215364 -0.7211709954935086
0.2279359715926645 -0.28484038110462173 -0.7030318936128455
0.2217704655075465 -0.29010975336318784 -0.6825689023304831
0.21521038165980302 -0.29509361863117817 -0.6599350903538027
0.20823646380986147 -0.29980177598174274 -0.6352903114138405
0.20081847408239384 -0.3042328512554129 -0.6087315291875915
0.19294649685605614 -0.3083738736636321 -0.5804427157167864
0.1846125658834126 -0.3122033693760087 -0.5505936304964462
0.17581960224769957 -0.3156927289701932 -0.5193759079525273
0.16658433938826775 -0.3188082030745074 -0.4870068724296168
0.15694003904720297 -0.321513241340164 -0.4537320907656234
0.146938831426573 -0.32377130067579546 -0.4198269519684578
0.13665347032279404 -0.32554925470299834 -0.38559741147612
0.12617823801019384 -0.326821485339486 -0.3513797622017521
0.11562867370931015 -0.32757456761819836 -0.31753895035302915
0.10513978061928557 -0.3278121524663909 -0.2844646923285914
0.09486246343728119 -0.32755929573097853 -0.25256467841606867
0.08495820684343627 -0.326865254318399 -0.2222546023372947
0.07559238421256496 -0.3258038398010683 -0.19394555261242635
0.0669269517644851 -0.32447082218957674 -0.16803013914449666
0.059113478643620286 -0.3229784791527365 -0.14486923377561325

VECTORS Vkin float
-0.0 -0.0 -0.0
-0.0 -0.0 -0.0
-0.0 -0.0 -0.0
-0.0 -0.0 -0.0
-0.0 -0.0 -0.0
-0.0 -0.0 -0.0
-0.0 -0.0 -0.0
-0.0 -0.0 -0.0
-0.0 -0.0 -0.0
-0.0 -0.0 -0.0
-0.0 -0.0 -0.0
-0.0 -0.0 -0.0
-0.0 -0.0 -0.0
-0.0 -0.0 -0.0
-0.0 -0.0 -0.0
-0.0 -0.0 -0.0
-0.0 -0.0 -0.0
-0.0 -0.0 -0.0
-0.0 -0.0 -0.0
-0.0 -0.0 -0.0
-0.0 -0.0 -0.0
-0.0 -0.0 -0.0
-0.0 -0.0 -0.0
-0.0 -0.0 -0.0
-0.0 -0.0 -0.0
-0.0 -0.0 -0.0
-0.0 -0.0 -0.0
-0.0 -0.0 -0.0
-0.0 -0.0 -0.0
-0.0 -0.0 -0.0
-0.0 -0.0 -0.0
-0.0 -0.0 -0.0
-0.0 -0.0 -0.0
-0.0 -0.0 -0.0
-0.0 -0.0 -0.0
-0.0 -0.0 -0.0
-0.0 -0.0 -0.0
-0.0 -0.0 -0.0
-0.0 -0.0 -0.0
-0.0 -0.0 -0.0
-0.0 -0.0 -0.0
-0.0 -0.0 -0.0
-0.0 -0.0 -0.0
-0.0 -0.0 -0.0
-0.0 -0.0 -0.0
-0.0 -0.0 -0.0
-0.0 -0.0 -0.0
-0.0 -0.0 -0.0
-0.0 -0.0 -0.0
-0.0 -0.0 -0.0
-0.0 -0.0 -0.0
-0.0 -0.0 -0.0
-0.0 -0.0 -0.0
-0.0 -0.0 -0.0
-0.0 -0.0 -0.0
-0.0 -0.0 -0.0
-0.0 -0.0 -0.0
-0.0 -0.0 -0.0
-0.0 -0.0 -0.0
-0.0 -0.0 -0.0
-0.0 -0.0 -0.0
-0.0 -0.0 -0.0
-0.0 -0.0 -0.0
-0.0 -0.0 -0.0
-0.0 -0.0 -0.0
-0.0 -0.0 -0.0
-0.0 -0.0 -0.0
-0.0 -0.0 -0.0
-0.0 -0.0 -0.0
-0.0 -0.0 -0.0
-0.0 -0.0 -0.0
-0.0 -0.0 -0.0
-0.0 -0.0 -0.0
-0.0 -0.0 -0.0
-0.0 -0.0 -0.0
-0.0 -0.0 -0.0
-0.0 -0.0 -0.0
-0.0 -0.0 -0.0
-0.0 -0.0 -0.0
-0.0 -0.0 -0.0
-0.0 -0.0 -0.0
-0.0 -0.0 -0.0
-0.0 -0.0 -0.0
-0.0 -0.0 -0.0
-0.0 -0.0 -0.0
-0.0 -0.0 -0.0
-0.0 -0.0 -0.0
-0.0 -0.0 -0.0
-0.0 -0.0 -0.0
-0.0 -0.0 -0.0
-0.0 -0.0 -0.0
-0.0 -0.0 -0.0
-0.0 -0.0 -0.0
-0.0 -0.0 -0.0
-0.0 -0.0 -0.0
-0.0 -0.0 -0.0
-0.0 -0.0 -0.0
-0.0 -0.0 -0.0
-0.0 -0.0 -0.0
-0.0 -0.0 -0.0
-0.0 -0.0 -0.0
-0.0 -0.0 -0.0
-0.0 -0.0 -0.0
-0.0 -0.0 -0.0
-0.0 -0.0 -0.0
-0.0 -0.0 -0.0
-0.0 -0.0 -0.0
-0.0 -0.0 -0.0
-0.0 -0.0 -0.0
-0.0 -0.0 -0.0
-0.0 -0.0 -0.0
-0.0 -0.0 -0.0
-0.0 -0.0 -0.0
-0.0 -0.0 -0.0
-0.0 -0.0 -0.0
-0.0 -0.0 -0.0
-0.0 -0.0 -0.0
-0.0 -0.0 -0.0
-0.0 -0.0 -0.0
-0.0 -0.0 -0.0
-0.0 -0.0 -0.0
-0.0 -0.0 -0.0
-0.0 -0.0 -0.0
-0.0 -0.0 -0.0
-0.0 -0.0 -0.0
-0.0 -0.0 -0.0
-0.0 -0.0 -0.0
-0.0 -0.0 -0.0
-0.0 -0.0 -0.0
-0.0 -0.0 -0.0
-0.0 -0.0 -0.0
-0.0 -0.0 -0.0
-0.0 -0.0 -0.0
-0.0 -0.0 -0.0
-0.0 -0.0 -0.0
-0.0 -0.0 -0.0
-0.0 -0.0 -0.0
-0.0 -0.0 -0.0
-0.0 -0.0 -0.0
-0.0 -0.0 -0.0
-0.0 -0.0 -0.0
-0.0 -0.0 -0.0
-0.0 -0.0 -0.0
-0.0 -0.0 -0.0
-0.0 -0.0 -0.0
-0.0 -0.0 -0.0
-0.0 -0.0 -0.0
-0.0 -0.0 -0.0
-0.0 -0.0 -0.0
-0.0 -0.0 -0.0
-0.0 -0.0 -0.0
-0.0 -0.0 -0.0
-0.0 -0.0 -0.0
-0.0 -0.0 -0.0
-0.0 -0.0 -0.0
-0.0 -0.0 -0.0
-0.0 -0.0 -0.0
-0.0 -0.0 -0.0
-0.0 -0.0 -0.0
-0.0 -0.0 -0.0
-0.0 -0.0 -0.0
-0.0 -0.0 -0.0
-0.0 -0.0 -0.0
-0.0 -0.0 -0.0
-0.0 -0.0 -0.0
-0.0 -0.0 -0.0
-0.0 -0.0 -0.0
-0.0 -0.0 -0.0
-0.0 -0.0 -0.0
-0.0 -0.0 -0.0
-0.0 -0.0 -0.0
-0.0 -0.0 -0.0
-0.0 -0.0 -0.0
-0.0 -0.0 -0.0
-0.0 -0.0 -0.0
-0.0 -0.0 -0.0
-0.0 -0.0 -0.0
-0.0 -0.0 -0.0
-0.0 -0.0 -0.0
-0.0 -0.0 -0.0
-0.0 -0.0 -0.0
-0.0 -0.0 -0.0
-0.0 -0.0 -0.0
-0.0 -0.0 -0.0
-0.0 -0.0 -0.0
-0.0 -0.0 -0.0
-0.0 -0.0 -0.0
-0.0 -0.0 -0.0
-0.0 -0.0 -0.0
-0.0 -0.0 -0.0
-0.0 -0.0 -0.0
-0.0 -0.0 -0.0
-0.0 -0.0 -0.0
-0.0 -0.0 -0.0
-0.0 -0.0 -0.0
-0.0 -0.0 -0.0
-0.0 -0.0 -0.0
-0.0 -0.0 -0.0
-0.0 -0.0 -0.0
-0.0 -0.0 -0.0

VECTORS Funs-vector float
0.0 0.0 -0.0027832144950449833
0.0 0.0 -0.0050736693964802335
0.0 0.0 -0.007554408148405165
0.0 0.0 -0.010310923721578113
0.0 0.0 -0.013367244216644071
0.0 0.0 -0.016730716894398704
0.0 0.0 -0.020401553804067003
0.0 0.0 -0.024375638843819394
0.0 0.0 -0.028645488771818394
0.0 0.0 -0.033200675177360785
0.0 0.0 -0.03802821116348567
0.0 0.0 -0.04311317604258731
0.0 0.0 -0.048439733613206866
0.0 0.0 -0.053992549894240904
0.0 0.0 -0.059758390251811566
0.0 0.0 -0.0657274171491268
0.0 0.0 -0.07189354059326315
0.0 0.0 -0.07825320018865554
0.0 0.0 -0.08480213159324809
0.0 0.0 -0.09152984675634057
0.0 0.0 -0.09841228545545841
0.0 0.0 -0.10539719258628309
0.0 0.0 -0.11240595524409876
0.0 0.0 -0.1193243781296472
0.0 0.0 -0.12601298987706697
0.0 0.0 -0.13232427361087656
0.0 0.0 -0.13812230635593695
0.0 0.0 -0.14329797083238882
0.0 0.0 -0.14777634906229656
0.0 0.0 -0.15151813252121055
0.0 0.0 -0.1545184803255541
0.0 0.0 -0.15680538578112985
0.0 0.0 -0.15843770171160604
0.0 0.0 -0.15950075308965594
0.0 0.0 -0.16009686427003517
0.0 0.0 -0.16032945436314364
0.0 0.0 -0.16027702326172022
0.0 0.0 -0.15995646580234504
0.0 0.0 -0.15929522881752753
0.0 0.0 -0.1581330179440993
0.0 0.0 -0.15626413511651216
0.0 0.0 -0.15353846229615234
0.0 0.0 -0.14994042250308773
0.0 0.0 -0.14554488787247316
0.0 0.0 -0.14046396371569436
0.0 0.0 -0.1348745781799256
0.0 0.0 -0.1290550379711619
0.0 0.0 -0.12340389563664073
0.0 0.0 -0.11846349718629046
0.0 0.0 -0.1150466195116832
0.0 0.0 -0.1138674123765985
0.0 0.0 -0.11479853807612764
0.0 0.0 -0.11711559603306271
0.0 0.0 -0.12017393695532586
0.0 0.0 -0.1236714808752138
0.0 0.0 -0.1274400333974146
0.0 0.0 -0.13137557935099103
0.0 0.0 -0.13539625254262946
0.0 0.0 -0.1393849064246007
0.0 0.0 -0.1431730686645608
0.0 0.0 -0.14657973861126125
0.0 0.0 -0.14945872312191655
0.0 0.0 -0.15173305304919943
0.0 0.0 -0.15338524668315265
0.0 0.0 -0.15440885101886406
0.0 0.0 -0.15477143735310142
0.0 0.0 -0.15441038064732213
0.0 0.0 -0.15325135097978101
0.0 0.0 -0.15122560276655614
0.0 0.0 -0.1482824446713999
0.0 0.0 -0.14441484004877317
0.0 0.0 -0.1396951976335366
0.0 0.0 -0.13428522609975277
0.0 0.0 -0.12839541801756088
0.0 0.0 -0.12222082457283004
0.0 0.0 -0.11590106788868242
0.0 0.0 -0.10952013797775362
0.0 0.0 -0.10312682271209436
0.0 0.0 -0.09675371201954552
0.0 0.0 -0.09042756805224463
0.0 0.0 -0.0841712235517459
0.0 0.0 -0.07801211465645633
0.0 0.0 -0.07197226812556055
0.0 0.0 -0.06607329024776377
0.0 0.0 -0.06033558692223216
0.0 0.0 -0.05477822466783642
0.0 0.0 -0.04941884543961717
0.0 0.0 -0.04427356788081518
0.0 0.0 -0.03935687492393824
0.0 0.0 -0.03468151650892125
0.0 0.0 -0.03025845469406018
0.0 0.0 -0.02609685764249989
0.0 0.0 -0.02220412366267078
0.0 0.0 -0.01858589160769302
0.0 0.0 -0.015245959567965855
0.0 0.0 -0.012185957228631349
0.0 0.0 -0.00940439697602326
0.0 0.0 -0.006893971203909898
0.0 0.0 -0.004632663060088287
0.0 0.0 -0.0025426389435208273
0.0 0.0 -0.0027832144950449833
0.0 0.0 -0.0050736693964802335
0.0 0.0 -0.007554408148405165
0.0 0.0 -0.010310923721578113
0.0 0.0 -0.013367244216644071
0.0 0.0 -0.016730716894398704
0.0 0.0 -0.020401553804067003
0.0 0.0 -0.024375638843819394
0.0 0.0 -0.028645488771818394
0.0 0.0 -0.033200675177360785
0.0 0.0 -0.03802821116348567
0.0 0.0 -0.04311317604258731
0.0 0.0 -0.048439733613206866
0.0 0.0 -0.053992549894240904
0.0 0.0 -0.059758390251811566
0.0 0.0 -0.0657274171491268
0.0 0.0 -0.07189354059326315
0.0 0.0 -0.07825320018865554
0.0 0.0 -0.08480213159324809
0.0 0.0 -0.09152984675634057
0.0 0.0 -0.09841228545545841
0.0 0.0 -0.10539719258628309
0.0 0.0 -0.11240595524409876
0.0 0.0 -0.1193243781296472
0.0 0.0 -0.12601298987706697
0.0 0.0 -0.13232427361087656
0.0 0.0 -0.13812230635593695
0.0 0.0 -0.14329797083238882
0.0 0.0 -0.14777634906229656
0.0 0.0 -0.15151813252121055
0.0 0.0 -0.1545184803255541
0.0 0.0 -0.15680538578112985
0.0 0.0 -0.15843770171160604
0.0 0.0 -0.15950075308965594
0.0 0.0 -0.16009686427003517
0.0 0.0 -0.16032945436314364
0.0 0.0 -0.16027702326172022
0.0 0.0 -0.15995646580234504
0.0 0.0 -0.15929522881752753
0.0 0.0 -0.1581330179440993
0.0 0.0 -0.15626413511651216
0.0 0.0 -0.15353846229615234
0.0 0.0 -0.14994042250308773
0.0 0.0 -0.14554488787247316
0.0 0.0 -0.14046396371569436
0.0 0.0 -0.1348745781799256
0.0 0.0 -0.1290550379711619
0.0 0.0 -0.12340389563664073
0.0 0.0 -0.11846349718629046
0.0 0.0 -0.1150466195116832
0.0 0.0 -0.1138674123765985
0.0 0.0 -0.11479853807612764
0.0 0.0 -0.11711559603306271
0.0 0.0 -0.12017393695532586
0.0 0.0 -0.1236714808752138
0.0 0.0 -0.1274400333974146
0.0 0.0 -0.13137557935099103
0.0 0.0 -0.13539625254262946
0.0 0.0 -0.1393849064246007
0.0 0.0 -0.1431730686645608
0.0 0.0 -0.14657973861126125
0.0 0.0 -0.14945872312191655
0.0 0.0 -0.15173305304919943
0.0 0.0 -0.15338524668315265
0.0 0.0 -0.15440885101886406
0.0 0.0 -0.15477143735310142
0.0 0.0 -0.15441038064732213
0.0 0.0 -0.15325135097978101
0.0 0.0 -0.15122560276655614
0.0 0.0 -0.1482824446713999
0.0 0.0 -0.14441484004877317
0.0 0.0 -0.1396951976335366
0.0 0.0 -0.13428522609975277
0.0 0.0 -0.12839541801756088
0.0 0.0 -0.12222082457283004
0.0 0.0 -0.11590106788868242
0.0 0.0 -0.10952013797775362
0.0 0.0 -0.10312682271209436
0.0 0.0 -0.09675371201954552
0.0 0.0 -0.09042756805224463
0.0 0.0 -0.0841712235517459
0.0 0.0 -0.07801211465645633
0.0 0.0 -0.07197226812556055
0.0 0.0 -0.06607329024776377
0.0 0.0 -0.06033558692223216
0.0 0.0 -0.05477822466783642
0.0 0.0 -0.04941884543961717
0.0 0.0 -0.04427356788081518
0.0 0.0 -0.03935687492393824
0.0 0.0 -0.03468151650892125
0.0 0.0 -0.03025845469406018
0.0 0.0 -0.02609685764249989
0.0 0.0 -0.02220412366267078
0.0 0.0 -0.01858589160769302
0.0 0.0 -0.015245959567965855
0.0 0.0 -0.012185957228631349
0.0 0.0 -0.00940439697602326
0.0 0.0 -0.006893971203909898
0.0 0.0 -0.004632663060088287
0.0 0.0 -0.0025426389435208273

VECTORS Ftot float
-0.01984650697047252 -0.03900297144822076 0.024743784828671553
-0.03250511517932704 -0.055100021580155 0.039772595948693035
-0.04278582030539321 -0.06877927667065156 0.055805331650233755
-0.05231931850561406 -0.08167052445736463 0.07331792847531388
-0.06147621034589733 -0.09413945960994562 0.09241307623219358
-0.07035045232935826 -0.10627748828515776 0.11309388655435987
-0.07894720978518321 -0.1180881466571931 0.1353216222159837
-0.08723805875609184 -0.12954236106997524 0.15903394100172455
-0.09518272412143589 -0.14060022495358734 0.18415183285312342
-0.10274014815947315 -0.15122208435258006 0.2105827190293575
-0.10987565430579337 -0.16137569521080453 0.23822221262869483
-0.11656635935117936 -0.17104160480555947 0.2669555919708842
-0.12280527342833726 -0.18021719664865002 0.296659526495365
-0.1286037494798132 -0.18891906153717672 0.32720434721823194
-0.13399168158418506 -0.19718309654274827 0.3584569507005156
-0.13901510842842607 -0.20506199249461196 0.39028420033744193
-0.1437315652155994 -0.2126204593628251 0.42255647652518774
-0.1482042185622901 -0.21992923099274833 0.45515092424545195
-0.15249602934849876 -0.22705909959716014 0.48795401239152614
-0.15666488402436124 -0.2340759222665153 0.5208632026541952
-0.16075937655956501 -0.24103627965125507 0.5537877479225197
-0.16481884729435808 -0.2479873904925522 0.5866483728385806
-0.16887066810119902 -0.2549642732807653 0.6193770248760617
-0.17293008029925058 -0.2619894711063805 0.6519158576214542
-0.1769991974586756 -0.26907196873307104 0.684216038107501
-0.18106644446441178 -0.2762065942121552 0.7162361024506188
-0.18510779003488215 -0.2833752835496679 0.7479397279052318
-0.1890896935174799 -0.290550147326925 0.7792932467230336
-0.1929721588311507 -0.2976967417906865 0.8102634889935475
-0.1967108334427325 -0.3047764745413816 0.8408162536632513
-0.20025833817937624 -0.3117482929482872 0.8709153342508708
-0.20356518542986105 -0.3185699364467114 0.9005219828040555
-0.20657990560031014 -0.3251982710415049 0.9295948553789427
-0.2092473033451216 -0.3315875529717523 0.958090543884808
-0.21150361283079935 -0.33768439352293317 0.9859645969984911
-0.21326791329275857 -0.343418808491291 1.0131724046798347
-0.21443197987479842 -0.34869342495096756 1.0396684877543036
-0.21485463328693435 -0.35337670167503543 1.0654026515642159
-0.21435879115052742 -0.3572982428519805 1.0903141152796498
-0.21271775562825235 -0.3602326792626895 1.11432592251878
-0.20963962107493406 -0.3618808694326701 1.1373357755507754
-0.20476464567114516 -0.36186339162514686 1.1592006269725255
-0.19763799888699396 -0.35968991360891756 1.1797236185767035
-0.1876196844234037 -0.35466912658692273 1.198644720116738
-0.17370605666658534 -0.3457378775536853 1.2156277713786692
-0.15410107660453562 -0.3310497605964977 1.2302578914736864
-0.12490137047563986 -0.3066798864517364 1.24209808080159
-0.07502945281572465 -0.26156332991884074 1.2509029181708626
0.04063377145119301 -0.15061242573313346 1.2571409882991298
0.6595633394730274 0.46361742197777145 1.26332702410356
0.6604562286085538 -0.46449881325973674 1.2635690118915037
0.041917152492737836 0.1493715293482372 1.2580082941710862
-0.07356911596604249 0.2601882483132715 1.252444591390507
-0.12336904003403064 0.30528827867416364 1.2443328713761943
-0.15262759219689384 0.3297848542582836 1.2331563208989966
-0.17243225927824876 0.3447505148221898 1.2191115249415707
-0.1866688209132405 0.3540875765974931 1.2025951572781919
-0.19711162342097036 0.3596138822259049 1.1839881000102566
-0.20474738490487104 0.36236841589300084 1.1635974052483717
-0.21020021170243786 0.3630201343205539 1.141661433685905
-0.2138984948269223 0.36202765643693197 1.1183694844536027
-0.21615146921706077 0.3597159336502339 1.093879408198857
-0.21718800785468861 0.3563186707290229 1.0683301353882275
-0.21718174653616604 0.35200773917157613 1.0418483302840869
-0.21627567256543748 0.3469212909788403 1.0145484760492742
-0.2146035859188509 0.34118754522222744 0.9865291414064733
-0.21229340074868708 0.3349292593887682 0.9578723026635506
-0.2094580416984135 0.32825489257656915 0.9286472863747534
-0.20619108030379502 0.321253979610846 0.8989152247194733
-0.20256898462296152 0.31399900251141055 0.8687317696020954
-0.19865585752820117 0.3065499164648269 0.83814805544367
-0.19451001572899834 0.29896071146140213 0.8072099912739602
-0.19019103964069262 0.29128650458716565 0.7759564349874126
-0.18576315548055514 0.28358690225709343 0.7444178582920806
-0.18129159960320557 0.2759222479425665 0.7126172984162871
-0.17683344469087253 0.2683442611208522 0.6805740657349912
-0.17242851617259997 0.2608867444112864 0.6483089175141803
-0.1680949880719895 0.253561005682729 0.6158488545143643
-0.16382980284157345 0.24635619985766644 0.5832305411985201
-0.1596115373639569 0.23924225548751543 0.5505023551515401
-0.15540359225021627 0.23217326308233058 0.5177255051834425
-0.15115654949552154 0.22509012249046484 0.4849746267455372
-0.14681274575606196 0.21792542716528987 0.4523374220435861
-0.14230728874937776 0.2106047563190813 0.4199143886708888
-0.1375725545400075 0.20305138681465829 0.3878175513597518
-0.13254283192928656 0.19519109202634344 0.3561684686825055
-0.12715968450576767 0.18695761284270576 0.32509547683851786
-0.12137722476326562 0.17829801179841817 0.29473035350410065
-0.1151661630039352 0.16917678559672666 0.265204765091203
-0.10851570979559019 0.15957782184072375 0.23664691725450585
-0.10143306744225215 0.14950393780674523 0.20917872231147208
-0.09394086533956586 0.13897435533843647 0.18291359305313445
-0.08607309620944638 0.12802066634310805 0.15795476112973103
-0.07786983122194627 0.11668156382671895 0.13439382740005917
-0.06937023154641367 0.10499585323076517 0.11230901167653683
-0.06060170030566066 0.09299158614059233 0.09176206216913638
-0.05155848332913451 0.08066462407118914 0.07279134483362301
-0.04214721342142724 0.0679241276895928 0.05539369129977172
-0.03200145948900622 0.054408554494723774 0.039467001596724026
-0.019511000714643456 0.038508537673478754 0.02453815530381936
-0.01984650697047252 -0.03900297144822076 0.024743784828671553
-0.03250511517932704 -0.055100021580155 0.039772595948693035
-0.04278582030539321 -0.06877927667065156 0.055805331650233755
-0.05231931850561406 -0.08167052445736463 0.07331792847531388
-0.06147621034589733 -0.09413945960994562 0.09241307623219358
-0.07035045232935826 -0.10627748828515776 0.11309388655435987
-0.07894720978518321 -0.1180881466571931 0.1353216222159837
-0.08723805875609184 -0.12954236106997524 0.15903394100172455
-0.09518272412143589 -0.14060022495358734 0.18415183285312342
-0.10274014815947315 -0.15122208435258006 0.2105827190293575
-0.10987565430579337 -0.16137569521080453 0.23822221262869483
-0.11656635935117936 -0.17104160480555947 0.2669555919708842
-0.12280527342833726 -0.18021719664865002 0.296659526495365
-0.1286037494798132 -0.18891906153717672 0.32720434721823194
-0.13399168158418506 -0.19718309654274827 0.3584569507005156
-0.13901510842842607 -0.20506199249461196 0.39028420033744193
-0.1437315652155994 -0.2126204593628251 0.42255647652518774
-0.1482042185622901 -0.21992923099274833 0.45515092424545195
-0.15249602934849876 -0.22705909959716014 0.48795401239152614
-0.15666488402436124 -0.2340759222665153 0.5208632026541952
-0.16075937655956501 -0.24103627965125507 0.5537877479225197
-0.16481884729435808 -0.2479873904925522 0.5866483728385806
-0.16887066810119902 -0.2549642732807653 0.6193770248760617
-0.17293008029925058 -0.2619894711063805 0.6519158576214542
-0.1769991974586756 -0.26907196873307104 0.684216038107501
-0.18106644446441178 -0.2762065942121552 0.7162361024506188
-0.18510779003488215 -0.2833752835496679 0.7479397279052318
-0.1890896935174799 -0.290550147326925 0.7792932467230336
-0.1929721588311507 -0.2976967417906865 0.8102634889935475
-0.1967108334427325 -0.3047764745413816 0.8408162536632513
-0.20025833817937624 -0.3117482929482872 0.8709153342508708
-0.20356518542986105 -0.3185699364467114 0.9005219828040555
-0.20657990560031014 -0.3251982710415049 0.9295948553789427
-0.2092473033451216 -0.3315875529717523 0.958090543884808
-0.21150361283079935 -0.33768439352293317 0.9859645969984911
-0.21326791329275857 -0.343418808491291 1.0131724046798347
-0.21443197987479842 -0.34869342495096756 1.0396684877543036
-0.21485463328693435 -0.35337670167503543 1.0654026515642159
-0.21435879115052742 -0.3572982428519805 1.0903141152796498
-0.21271775562825235 -0.3602326792626895 1.11432592251878
-0.20963962107493406 -0.3618808694326701 1.1373357755507754
-0.20476464567114516 -0.36186339162514686 1.1592006269725255
-0.19763799888699396 -0.35968991360891756 1.1797236185767035
-0.1876196844234037 -0.35466912658692273 1.198644720116738
-0.17370605666658534 -0.3457378775536853 1.2156277713786692
-0.15410107660453562 -0.3310497605964977 1.2302578914736864
-0.12490137047563986 -0.3066798864517364 1.24209808080159
-0.07502945281572465 -0.26156332991884074 1.2509029181708626
0.04063377145119301 -0.15061242573313346 1.2571409882991298
0.6595633394730274 0.46361742197777145 1.26332702410356
0.6604562286085538 -0.46449881325973674 1.2635690118915037
0.041917152492737836 0.1493715293482372 1.2580082941710862
-0.07356911596604249 0.2601882483132715 1.252444591390507
-0.12336904003403064 0.30528827867416364 1.2443328713761943
-0.15262759219689384 0.3297848542582836 1.2331563208989966
-0.17243225927824876 0.3447505148221898 1.2191115249415707
-0.1866688209132405 0.3540875765974931 1.2025951572781919
-0.19711162342097036 0.3596138822259049 1.1839881000102566
-0.20474738490487104 0.36236841589300084 1.1635974052483717
-0.21020021170243786 0.3630201343205539 1.141661433685905
-0.2138984948269223 0.36202765643693197 1.1183694844536027
-0.21615146921706077 0.3597159336502339 1.093879408198857
-0.21718800785468861 0.3563186707290229 1.0683301353882275
-0.21718174653616604 0.35200773917157613 1.0418483302840869
-0.21627567256543748 0.3469212909788403 1.0145484760492742
-0.2146035859188509 0.34118754522222744 0.9865291414064733
-0.21229340074868708 0.3349292593887682 0.9578723026635506
-0.2094580416984135 0.32825489257656915 0.9286472863747534
-0.20619108030379502 0.321253979610846 0.8989152247194733
-0.20256898462296152 0.31399900251141055 0.8687317696020954
-0.19865585752820117 0.3065499164648269 0.83814805544367
-0.19451001572899834 0.29896071146140213 0.8072099912739602
-0.19019103964069262 0.29128650458716565 0.7759564349874126
-0.18576315548055514 0.28358690225709343 0.7444178582920806
-0.18129159960320557 0.2759222479425665 0.7126172984162871
-0.17683344469087253 0.2683442611208522 0.6805740657349912
-0.17242851617259997 0.2608867444112864 0.6483089175141803
-0.1680949880719895 0.253561005682729 0.6158488545143643
-0.16382980284157345 0.24635619985766644 0.5832305411985201
-0.1596115373639569 0.23924225548751543 0.5505023551515401
-0.15540359225021627 0.23217326308233058 0.5177255051834425
-0.15115654949552154 0.22509012249046484 0.4849746267455372
-0.14681274575606196 0.21792542716528987 0.4523374220435861
-0.14230728874937776 0.2106047563190813 0.4199143886708888
-0.1375725545400075 0.20305138681465829 0.3878175513597518
-0.13254283192928656 0.19519109202634344 0.3561684686825055
-0.12715968450576767 0.18695761284270576 0.32509547683851786
-0.12137722476326562 0.17829801179841817 0.29473035350410065
-0.1151661630039352 0.16917678559672666 0.265204765091203
-0.10851570979559019 0.15957782184072375 0.23664691725450585
-0.10143306744225215 0.14950393780674523 0.20917872231147208
-0.09394086533956586 0.13897435533843647 0.18291359305313445
-0.08607309620944638 0.12802066634310805 0.15795476112973103
-0.07786983122194627 0.11668156382671895 0.13439382740005917
-0.06937023154641367 0.10499585323076517 0.11230901167653683
-0.06060170030566066 0.09299158614059233 0.09176206216913638
-0.05155848332913451 0.08066462407118914 0.07279134483362301
-0.04214721342142724 0.0679241276895928 0.05539369129977172
-0.03200145948900622 0.054408554494723774 0.039467001596724026
-0.019511000714643456 0.038508537673478754 0.02453815530381936

VECTORS Vvpm_AB float
0.10056952217490098 0.21547658501519196 -0.3418700629541485
0.10294063153108489 0.21536139190368142 -0.3495318520948982
0.1056777228877226 0.2151704411912377 -0.35843442187730984
0.10869260341210063 0.21488647021871954 -0.36820174533394345
0.11198433936658228 0.21448601905239298 -0.37887608514028587
0.11551910268164631 0.21394798058912443 -0.3903445283062206
0.1192611621158854 0.21325226783822304 -0.402483828735633
0.12317361698730121 0.2123803153890672 -0.415161828802215
0.1272191654219801 0.21131541072006685 -0.42823915596352663
0.1313608577719232 0.21004284031379045 -0.44157115102248257
0.13556278371202454 0.20854985235759804 -0.45500997679771404
0.13979064525132281 0.20682545425142895 -0.468406852727554
0.14401217684724457 0.20486007725172206 -0.4816143582828723
0.14819738658731796 0.2026451507226154 -0.49448874064443543
0.15231860702284067 0.20017263360270712 -0.5068921460112805
0.15635035845548936 0.19743455077357802 -0.5186946720368926
0.1602690393717588 0.1944225784400331 -0.529776126215549
0.16405246761478073 0.19112771818564092 -0.5400273960428893
0.16767930290408817 0.18754009666925717 -0.5493514071128213
0.1711283884340244 0.1836489267288613 -0.5576637447606952
0.17437805684817242 0.17944266170137843 -0.5648930811184715
0.17740545119646647 0.17490936305552898 -0.570981518610475
0.18018591116358526 0.17003728180740663 -0.5758848296355786
0.1826924691491618 0.1648156323266367 -0.5795724124148051
0.18489549381339546 0.15923551858216559 -0.5820266825078625
0.18676251326033202 0.15329095744852145 -0.5832416131548164
0.18825824294955204 0.14697992803585228 -0.5832202043799134
0.18934482741273512 0.14030536144551528 -0.5819707760767896
0.18998227552125588 0.13327598267411475 -0.5795021579622336
0.19012903238087447 0.12590694306057315 -0.5758181372098741
0.18974260725479836 0.11822025172145957 -0.5709119521306957
0.1887801972261991 0.11024512151878638 -0.5647620884705471
0.1871993322637272 0.10201844163729266 -0.5573307727549274
0.18495869114172883 0.09358558921288268 -0.5485658456727285
0.18201930711379558 0.08500166374879586 -0.5384053805034864
0.1783463420610597 0.07633311649102188 -0.526784252920013
0.1739115745479166 0.06765983468702884 -0.5136438519511501
0.1686969069501405 0.05907786592505831 -0.4989474137413635
0.16269961631012603 0.05070272773794771 -0.4827018698155308
0.15594065853942168 0.042672412694905626 -0.4649861411242322
0.14847754298625668 0.03514759589883866 -0.44598682887032415
0.14042198043656212 0.0283041313792 -0.4260387396957518
0.13195831239486652 0.022310578095000422 -0.4056545582486975
0.12335038981839762 0.01728449180179921 -0.385508578718085
0.11491396300603733 0.013233278921437464 -0.36632771976826767
0.10693531847902907 0.010015647338681544 -0.34867507465133385
0.09956657280528794 0.007381570531447866 -0.33272724474178833
0.09279025706987766 0.00509012819962923 -0.31824605944311574
0.08649218256955686 0.003003567489394347 -0.30479099427632067
0.08055908589545539 0.0010867699431679793 -0.29196320904145995
0.08059090193185744 -0.0006269984096376319 -0.29183615849330496
0.08660605943607251 -0.00241343071900074 -0.30431247329724603
0.09301433706372937 -0.004362792271900714 -0.31726710426805244
0.0999302826373469 -0.006525182302141067 -0.3310794498555796
0.1074623221810032 -0.009058475957667034 -0.3461834929415766
0.11561433667021553 -0.012224072840737453 -0.3628356149476037
0.12421592442311787 -0.016287804539038962 -0.3809113429890033
0.13296203267095186 -0.021398833263139707 -0.3999283715611323
0.14152150254682588 -0.027547705975333483 -0.4192525073003788
0.14962243054998373 -0.03460512711780957 -0.43830014262541306
0.157082587937777 -0.04238473767072429 -0.4566414359311228
0.16380201343850093 -0.050692409016966984 -0.4740138822741599
0.16974065530821855 -0.059353356933353356 -0.49028770786775233
0.17489533979624308 -0.06822151314650729 -0.5054174118875915
0.17928231878783102 -0.07717839131725168 -0.519398410439944
0.1829266833564357 -0.08612751256289884 -0.5322361170133111
0.18585749646886085 -0.09498840099309042 -0.5439287441784013
0.18810656407526335 -0.10369230522409682 -0.5544620985026293
0.1897086297060182 -0.11218020278555774 -0.5638123427364666
0.19070136065206547 -0.12040235990605555 -0.5719511938379745
0.19112460124058098 -0.12831826630630935 -0.5788491010152896
0.19101924096002446 -0.13589624880775747 -0.5844754676867402
0.190426185377945 -0.1431127474907212 -0.588797805856061
0.18938562953266935 -0.1499515022949601 -0.5917819322915697
0.18793659016982722 -0.15640282181287057 -0.5933941264043119
0.18611657846696064 -0.16246297067198276 -0.5936051765851089
0.18396130877454236 -0.16813362100814427 -0.5923957441390126
0.18150438541443428 -0.17342125766211375 -0.5897621086811083
0.17877697994603467 -0.17833641108616174 -0.5857210150209011
0.17580758762669763 -0.18289264623152934 -0.5803123490238442
0.17262198919826888 -0.1871053547061047 -0.5735990203287112
0.16924350971303267 -0.19099051369369482 -0.5656644501765064
0.16569357899523382 -0.19456361356661458 -0.5566087925074357
0.1619925137456162 -0.19783890432968124 -0.5465450745143425
0.1581603999004085 -0.20082901744155307 -0.5355960007800716
0.15421795748274175 -0.2035449386589713 -0.5238916309540014
0.15018729748040965 -0.20599626259941275 -0.511567783093934
0.1460925109390995 -0.20819164572306076 -0.4987648770595891
0.14196005522713961 -0.21013937705905622 -0.48562694132577644
0.13781892068825888 -0.2118479941120987 -0.47230057920020874
0.13370057526159454 -0.21332687986570853 -0.4589337749341138
0.12963869751292226 -0.21458678472919673 -0.4456744942131459
0.12566872091823192 -0.21564022558057563 -0.43266909093986206
0.12182722388043818 -0.21650172394485365 -0.42006057331885494
0.1181512096991938 -0.2171878575235342 -0.4079868086133666
0.11467732710052113 -0.21771711366897456 -0.3965787587915242
0.1114410837121058 -0.21810954909950853 -0.38595883946460646
0.10847610139059871 -0.21838627572293595 -0.37623948306128724
0.10578326619421308 -0.21857063910682412 -0.3673772872292031
0.1034503412509638 -0.21868021458734888 -0.3597503119339699
0.10056952217490098 0.21547658501519196 -0.3418700629541485
0.10294063153108489 0.21536139190368142 -0.3495318520948982
0.1056777228877226 0.2151704411912377 -0.35843442187730984
0.10869260341210063 0.21488647021871954 -0.36820174533394345
0.11198433936658228 0.21448601905239298 -0.37887608514028587
0.11551910268164631 0.21394798058912443 -0.3903445283062206
0.1192611621158854 0.21325226783822304 -0.402483828735633
0.12317361698730121 0.2123803153890672 -0.415161828802215
0.1272191654219801 0.21131541072006685 -0.42823915596352663
0.1313608577719232 0.21004284031379045 -0.44157115102248257
0.13556278371202454 0.20854985235759804 -0.45500997679771404
0.13979064525132281 0.20682545425142895 -0.468406852727554
0.14401217684724457 0.20486007725172206 -0.4816143582828723
0.14819738658731796 0.2026451507226154 -0.49448874064443543
0.15231860702284067 0.20017263360270712 -0.5068921460112805
0.15635035845548936 0.19743455077357802 -0.5186946720368926
0.1602690393717588 0.1944225784400331 -0.529776126215549
0.16405246761478073 0.19112771818564092 -0.5400273960428893
0.16767930290408817 0.18754009666925717 -0.5493514071128213
0.1711283884340244 0.1836489267288613 -0.5576637447606952
0.17437805684817242 0.17944266170137843 -0.5648930811184715
0.17740545119646647 0.17490936305552898 -0.570981518610475
0.18018591116358526 0.17003728180740663 -0.5758848296355786
0.1826924691491618 0.1648156323266367 -0.5795724124148051
0.18489549381339546 0.15923551858216559 -0.5820266825078625
0.18676251326033202 0.15329095744852145 -0.5832416131548164
0.18825824294955204 0.14697992803585228 -0.5832202043799134
0.18934482741273512 0.14030536144551528 -0.5819707760767896
0.18998227552125588 0.13327598267411475 -0.5795021579622336
0.19012903238087447 0.12590694306057315 -0.5758181372098741
0.18974260725479836 0.11822025172145957 -0.5709119521306957
0.1887801972261991 0.11024512151878638 -0.5647620884705471
0.1871993322637272 0.10201844163729266 -0.5573307727549274
0.18495869114172883 0.09358558921288268 -0.5485658456727285
0.18201930711379558 0.08500166374879586 -0.5384053805034864
0.1783463420610597 0.07633311649102188 -0.526784252920013
0.1739115745479166 0.06765983468702884 -0.5136438519511501
0.1686969069501405 0.05907786592505831 -0.4989474137413635
0.16269961631012603 0.05070272773794771 -0.4827018698155308
0.15594065853942168 0.042672412694905626 -0.4649861411242322
0.14847754298625668 0.03514759589883866 -0.44598682887032415
0.14042198043656212 0.0283041313792 -0.4260387396957518
0.13195831239486652 0.022310578095000422 -0.4056545582486975
0.12335038981839762 0.01728449180179921 -0.385508578718085
0.11491396300603733 0.013233278921437464 -0.36632771976826767
0.10693531847902907 0.010015647338681544 -0.34867507465133385
0.09956657280528794 0.007381570531447866 -0.33272724474178833
0.09279025706987766 0.00509012819962923 -0.31824605944311574
0.08649218256955686 0.003003567489394347 -0.30479099427632067
0.08055908589545539 0.0010867699431679793 -0.29196320904145995
0.08059090193185744 -0.0006269984096376319 -0.29183615849330496
0.08660605943607251 -0.00241343071900074 -0.30431247329724603
0.09301433706372937 -0.004362792271900714 -0.31726710426805244
0.0999302826373469 -0.006525182302141067 -0.3310794498555796
0.1074623221810032 -0.009058475957667034 -0.3461834929415766
0.11561433667021553 -0.012224072840737453 -0.3628356149476037
0.12421592442311787 -0.016287804539038962 -0.3809113429890033
0.13296203267095186 -0.021398833263139707 -0.3999283715611323
0.14152150254682588 -0.027547705975333483 -0.4192525073003788
0.14962243054998373 -0.03460512711780957 -0.43830014262541306
0.157082587937777 -0.04238473767072429 -0.4566414359311228
0.16380201343850093 -0.050692409016966984 -0.4740138822741599
0.16974065530821855 -0.059353356933353356 -0.49028770786775233
0.17489533979624308 -0.06822151314650729 -0.5054174118875915
0.17928231878783102 -0.07717839131725168 -0.519398410439944
0.1829266833564357 -0.08612751256289884 -0.5322361170133111
0.18585749646886085 -0.09498840099309042 -0.5439287441784013
0.18810656407526335 -0.10369230522409682 -0.5544620985026293
0.1897086297060182 -0.11218020278555774 -0.5638123427364666
0.19070136065206547 -0.12040235990605555 -0.5719511938379745
0.19112460124058098 -0.12831826630630935 -0.5788491010152896
0.19101924096002446 -0.13589624880775747 -0.5844754676867402
0.190426185377945 -0.1431127474907212 -0.588797805856061
0.18938562953266935 -0.1499515022949601 -0.5917819322915697
0.18793659016982722 -0.15640282181287057 -0.5933941264043119
0.18611657846696064 -0.16246297067198276 -0.5936051765851089
0.18396130877454236 -0.16813362100814427 -0.5923957441390126
0.18150438541443428 -0.17342125766211375 -0.5897621086811083
0.17877697994603467 -0.17833641108616174 -0.5857210150209011
0.17580758762669763 -0.18289264623152934 -0.5803123490238442
0.17262198919826888 -0.1871053547061047 -0.5735990203287112
0.16924350971303267 -0.19099051369369482 -0.5656644501765064
0.16569357899523382 -0.19456361356661458 -0.5566087925074357
0.1619925137456162 -0.19783890432968124 -0.5465450745143425
0.1581603999004085 -0.20082901744155307 -0.5355960007800716
0.15421795748274175 -0.2035449386589713 -0.5238916309540014
0.15018729748040965 -0.20599626259941275 -0.511567783093934
0.1460925109390995 -0.20819164572306076 -0.4987648770595891
0.14196005522713961 -0.21013937705905622 -0.48562694132577644
0.13781892068825888 -0.2118479941120987 -0.47230057920020874
0.13370057526159454 -0.21332687986570853 -0.4589337749341138
0.12963869751292226 -0.21458678472919673 -0.4456744942131459
0.12566872091823192 -0.21564022558057563 -0.43266909093986206
0.12182722388043818 -0.21650172394485365 -0.42006057331885494
0.1181512096991938 -0.2171878575235342 -0.4079868086133666
0.11467732710052113 -0.21771711366897456 -0.3965787587915242
0.1114410837121058 -0.21810954909950853 -0.38595883946460646
0.10847610139059871 -0.21838627572293595 -0.37623948306128724
0.10578326619421308 -0.21857063910682412 -0.3673772872292031
0.1034503412509638 -0.21868021458734888 -0.3597503119339699