t,dt,step,x,y,z,Gamma_x,Gamma_y,Gamma_z,sigma,U_ml_x,U_ml_y,U_ml_z,Gx_ml_x,Gx_ml_y,Gx_ml_z,Gy_ml_x,Gy_ml_y,Gy_ml_z,Gz_ml_x,Gz_ml_y,Gz_ml_z
0.05475799999999998,0.0034223749999999996,16.0,2.2214387857547324,-1.2390420906597883,0.2127087785423208,-0.014726685516886419,-0.00023683920266716636,-0.006489957077332348,0.06842166829116623,0.0031491219997406006,0.16235755383968353,-0.14833354949951172,0.7502051591873169,0.1380080282688141,-1.0835676193237305,0.5278027057647705,0.15530899167060852,-0.24342802166938782,0.32317614555358887,0.08269143849611282,-0.9045708775520325
0.05475799999999998,0.0034223749999999996,16.0,2.2168772646002624,-1.2344108209239113,0.21270098196369372,-0.007939050868958523,-0.000122306075680633,-0.003512608874180319,0.06841174079553769,0.0032905638217926025,0.1644427627325058,-0.14979174733161926,0.7427895069122314,0.11798950284719467,-1.0724055767059326,0.5425055623054504,0.15499553084373474,-0.24032394587993622,0.34809160232543945,0.03332635015249252,-0.8963816165924072
0.05475799999999998,0.0034223749999999996,16.0,2.211443438990194,-1.2290363240123443,0.21262529412756817,-0.0065308849612207695,-0.00010322332264064708,-0.0028877207109246085,0.0684065794884884,0.001837700605392456,0.16499173641204834,-0.15198147296905518,0.7366980910301208,0.12189681082963943,-1.0623469352722168,0.5595864653587341,0.1556825041770935,-0.22202754020690918,0.3521871566772461,-0.006196826696395874,-0.890874981880188
0.05475799999999998,0.0034223749999999996,16.0,2.205219311814929,-1.222895839394648,0.21253237744481446,-0.005908809004297318,-9.852101516606345e-5,-0.0026131751441964323,0.06840479923711956,0.0011063814163208008,0.16450676321983337,-0.1542823314666748,0.7290211915969849,0.12371410429477692,-1.0540225505828857,0.5775451064109802,0.15765106678009033,-0.20438377559185028,0.35207629203796387,-0.03463396802544594,-0.8851516842842102
0.05475799999999998,0.0034223749999999996,16.0,2.1981145593015627,-1.2159051046403258,0.21241748916080927,-0.005554460660031772,-9.843877424112009e-5,-0.002452974308110507,0.06840118147923255,-0.0005696713924407959,0.1640927791595459,-0.157196044921875,0.7209337949752808,0.12958842515945435,-1.0436491966247559,0.600321888923645,0.15996122360229492,-0.17835469543933868,0.3522171974182129,-0.0738360583782196,-0.8793669939041138
0.05475799999999998,0.0034223749999999996,16.0,2.1893243223232304,-1.2103314342929359,0.2091267244796637,-0.005276627192717687,-0.00018069260754282487,-0.0023769306071830297,0.06852961816015425,0.000253528356552124,0.16133485734462738,-0.15952640771865845,0.7091341018676758,0.12792432308197021,-1.0396647453308105,0.6238622665405273,0.16380620002746582,-0.15106315910816193,0.34720587730407715,-0.09759252518415451,-0.8715204000473022
0.05475799999999998,0.0034223749999999996,16.0,2.1805605080546973,-1.2017409474599334,0.20893765288369318,-0.005096970719872996,-0.0001827878965905386,-0.0022967344977831393,0.0685298494371865,-0.0016562342643737793,0.16017568111419678,-0.16289111971855164,0.6981638073921204,0.13363540172576904,-1.0281095504760742,0.6521177291870117,0.1674988567829132,-0.11753981560468674,0.34636640548706055,-0.14088191092014313,-0.8642762899398804
0.05475799999999998,0.0034223749999999996,16.0,2.1709833388636843,-1.1923289858025479,0.2087941906760219,-0.004946823751726516,-0.00018376403367124496,-0.002229216957836499,0.06852984958540594,-0.002763897180557251,0.15832693874835968,-0.16589924693107605,0.6852459907531738,0.13402849435806274,-1.0176827907562256,0.6791590452194214,0.1721349060535431,-0.08708103746175766,0.3438544273376465,-0.17534729838371277,-0.8560612797737122
0.05475799999999998,0.0034223749999999996,16.0,2.1605802915321064,-1.1820823463078705,0.20867679413778667,-0.004809627416623734,-0.00018623485106269354,-0.0021680804845202405,0.06853143233717007,-0.00410383939743042,0.15641696751117706,-0.16881650686264038,0.6715441942214966,0.1333264857530594,-1.0064468383789062,0.7070576548576355,0.17665469646453857,-0.0534883476793766,0.3410806655883789,-0.21136397123336792,-0.8469395637512207
0.05475799999999998,0.0034223749999999996,16.0,2.149321449885739,-1.1710452150788349,0.20854755203440745,-0.004675514659798033,-0.00019205081754267517,-0.0021096909137618878,0.06853458356608616,-0.005723059177398682,0.15357734262943268,-0.17189326882362366,0.6558740139007568,0.1339655965566635,-0.994988203048706,0.739892840385437,0.1825830638408661,-0.01255899015814066,0.3387162685394287,-0.24930855631828308,-0.8373090028762817
0.05475799999999998,0.0034223749999999996,16.0,2.1372627967881903,-1.159178042284637,0.20848494389957525,-0.004539408353850746,-0.00019527429631697644,-0.0020499389060150627,0.06853854553670918,-0.0062760114669799805,0.15036998689174652,-0.17405876517295837,0.6389709115028381,0.12689276039600372,-0.9851715564727783,0.767306923866272,0.18877044320106506,0.021125435829162598,0.3342876434326172,-0.2750672996044159,-0.8267086148262024
0.05475799999999998,0.0034223749999999996,16.0,2.1244022364518913,-1.1463986191585276,0.20845393087410138,-0.004398543728649427,-0.0001928435936880004,-0.0019859784281263575,0.06853972877149668,-0.006655067205429077,0.1489010900259018,-0.17531228065490723,0.6268655061721802,0.11778748780488968,-0.9758214950561523,0.7848227620124817,0.1910102665424347,0.04828555881977081,0.32733750343322754,-0.29788878560066223,-0.816838264465332
0.05475799999999998,0.0034223749999999996,16.0,2.110767284707247,-1.1327005952540594,0.20851811666331024,-0.00424995536193888,-0.00018543712418344924,-0.0019170081973638386,0.06853986180608482,-0.00581735372543335,0.14863412082195282,-0.17568331956863403,0.617263674736023,0.10469450056552887,-0.968848466873169,0.7912200689315796,0.19163936376571655,0.06696810573339462,0.31571483612060547,-0.31570419669151306,-0.807780385017395
0.05475799999999998,0.0034223749999999996,16.0,2.096328957815797,-1.1181891255498118,0.2085433549515526,-0.004091071875723112,-0.0001773828285439084,-0.0018434681530604797,0.0685425768082419,-0.0041570961475372314,0.1490328311920166,-0.17521828413009644,0.6089057922363281,0.08809955418109894,-0.9639172554016113,0.7889808416366577,0.1913798451423645,0.07382360100746155,0.30344247817993164,-0.3254002332687378,-0.7990542650222778
0.05475799999999998,0.0034223749999999996,16.0,2.0810534824688767,-1.1029159334567622,0.20851858818491498,-0.003919931710667503,-0.00017310548850862085,-0.00176760108744325,0.06855017121919237,-0.0029593706130981445,0.14787396788597107,-0.1748223900794983,0.5974713563919067,0.0753028616309166,-0.9596755504608154,0.7935848832130432,0.19315657019615173,0.08638517558574677,0.29436421394348145,-0.3335713744163513,-0.7894006967544556
0.05475799999999998,0.0034223749999999996,16.0,2.0649175655196053,-1.0867653514002216,0.20854778142053962,-0.00373997167304725,-0.00016580980304252177,-0.001686372497974752,0.06855376666046133,-0.002445906400680542,0.1480327844619751,-0.1741882860660553,0.5879613161087036,0.06514789909124374,-0.9527778625488281,0.7946540117263794,0.19306260347366333,0.09936171770095825,0.2859354019165039,-0.3494681715965271,-0.7797247767448425
0.05475799999999998,0.0034223749999999996,16.0,2.047943228138673,-1.0698064305216828,0.20857589769388327,-0.0035509401740299712,-0.00015886274292760817,-0.001601416163092214,0.06855827681048364,-0.0022306442260742188,0.14736473560333252,-0.17354103922843933,0.5760642290115356,0.055148083716630936,-0.9449331760406494,0.7991237640380859,0.1945539116859436,0.11617057025432587,0.27895379066467285,-0.3654358386993408,-0.7693079113960266
0.05475799999999998,0.0034223749999999996,16.0,2.030137139863013,-1.0519229922018958,0.20866355328483088,-0.0033562535196028477,-0.0001470694829583902,-0.0015118552913151308,0.0685562771199378,-0.0011709332466125488,0.1481022983789444,-0.17202281951904297,0.5740513801574707,0.046730563044548035,-0.9469280242919922,0.790666401386261,0.19259467720985413,0.11621320992708206,0.2725203037261963,-0.37093862891197205,-0.76528000831604
0.05475799999999998,0.0034223749999999996,16.0,2.0114930181236708,-1.0332913084130495,0.20873136304854556,-0.0031540741820146843,-0.00014016133743696214,-0.0014219836693250723,0.06856168929035633,-0.0009637176990509033,0.14739835262298584,-0.17096027731895447,0.5626833438873291,0.03817977383732796,-0.9404866695404053,0.7937362194061279,0.1938600242137909,0.1318800300359726,0.26633644104003906,-0.38493725657463074,-0.7551857233047485
0.05475799999999998,0.0034223749999999996,16.0,1.992037500270505,-1.0138394855227157,0.20877404733018157,-0.0029487400579652863,-0.00013205855215008046,-0.0013299069964661894,0.06856711894708058,-0.00034177303314208984,0.14685788750648499,-0.16971147060394287,0.552577018737793,0.02694745361804962,-0.9356637001037598,0.7941728234291077,0.1947290301322937,0.14284567534923553,0.2597782611846924,-0.39548978209495544,-0.7459481954574585
0.05475799999999998,0.0034223749999999996,16.0,1.9717788085061205,-0.9935163678225468,0.20885127171681037,-0.002742015496662287,-0.00012202770577060881,-0.001236872040824507,0.06857158635214017,0.0009488463401794434,0.14710073173046112,-0.16785165667533875,0.546072781085968,0.01529637724161148,-0.9356961250305176,0.7874274849891663,0.1935569941997528,0.1425969898700714,0.2535994052886963,-0.3983415961265564,-0.7382441163063049
0.05475799999999998,0.0034223749999999996,16.0,1.950628356435727,-0.972425584399067,0.20888225026806775,-0.002534816033317375,-0.00011454377009052442,-0.0011445264070488207,0.06857636373972639,0.0009573996067047119,0.1460784673690796,-0.16653618216514587,0.535487174987793,0.008878007531166077,-0.9305310249328613,0.7912020087242126,0.1945844292640686,0.16072958707809448,0.24830055236816406,-0.41265439987182617,-0.728694498538971
0.05475799999999998,0.0034223749999999996,16.0,1.928643410016547,-0.9504936782957308,0.208984837376501,-0.002329741650200739,-0.00010536245003572705,-0.001051915682645355,0.06857852349109876,0.001054614782333374,0.14439883828163147,-0.16464456915855408,0.5205065608024597,0.0018623610958456993,-0.923454761505127,0.7952196002006531,0.1972816288471222,0.1810760796070099,0.24274563789367676,-0.42304718494415283,-0.716468870639801
0.05475799999999998,0.0034223749999999996,16.0,1.9058542915657886,-0.9277142174193175,0.20904433018451143,-0.002126868699805689,-9.703146352601919e-5,-0.0009606256711163488,0.06858456927024952,0.0016321837902069092,0.14398193359375,-0.16290470957756042,0.5106920599937439,-0.009668772108852863,-0.9186735153198242,0.7933240532875061,0.19761621952056885,0.1918736845254898,0.236297607421875,-0.43309128284454346,-0.7069764733314514
0.05475799999999998,0.0034223749999999996,16.0,1.8821309999353437,-0.9041081488850814,0.2090758990812261,-0.0019281081046259169,-8.969569019905804e-5,-0.0008705254312355395,0.06858544615375343,0.0001392364501953125,0.14315852522850037,-0.16220080852508545,0.4984918236732483,-0.01469751913100481,-0.9020359516143799,0.8016590476036072,0.19910043478012085,0.23132622241973877,0.2274169921875,-0.4663258194923401,-0.6962316036224365
0.05475799999999998,0.0034223749999999996,16.0,1.857733989870021,-0.8796684957949883,0.209171943840142,-0.0017328891886314536,-8.051807392654733e-5,-0.0007833102077142538,0.06859283883123908,0.0019118189811706543,0.1426231414079666,-0.15929794311523438,0.4902406930923462,-0.026661541312932968,-0.9065935611724854,0.7924742102622986,0.1985037624835968,0.22823962569236755,0.22275114059448242,-0.46075746417045593,-0.6874086856842041
0.05475799999999998,0.0034223749999999996,16.0,1.8324368468538677,-0.8544188464176473,0.20929636189910353,-0.0015420708719551626,-7.392254123163374e-5,-0.0006986409968806381,0.06860365409374533,0.001943737268447876,0.14181168377399445,-0.15752369165420532,0.47924697399139404,-0.03730729967355728,-0.8982136249542236,0.7921906113624573,0.19920513033866882,0.24541695415973663,0.21608304977416992,-0.47340574860572815,-0.6771140098571777
0.05475799999999998,0.0034223749999999996,16.0,1.8062612561889457,-0.8283234327845933,0.2093487375153373,-0.0013573792305414897,-6.591082758384355e-5,-0.0006152172617868986,0.0686068230073423,0.001286536455154419,0.1419651210308075,-0.15681138634681702,0.4734175503253937,-0.04483884572982788,-0.8873238563537598,0.7933071851730347,0.19735893607139587,0.2685003876686096,0.20703649520874023,-0.4983074963092804,-0.6693491339683533
0.05475799999999998,0.0034223749999999996,16.0,1.779234001893526,-0.8015073243950821,0.20953333246091713,-0.0011773537306856174,-5.779192054515507e-5,-0.0005349647683947779,0.06861413573448419,0.0013104081153869629,0.14097055792808533,-0.1548927128314972,0.46059665083885193,-0.056909650564193726,-0.8760678768157959,0.7922204732894897,0.19820275902748108,0.28901973366737366,0.19858074188232422,-0.5108276605606079,-0.6573727130889893
0.05475799999999998,0.0034223749999999996,16.0,1.7513710541993566,-0.77388777542915,0.2098625684691775,-0.001002571147401448,-4.850843052669818e-5,-0.00045717530275463504,0.06861853222070377,0.002335667610168457,0.1402665376663208,-0.15243467688560486,0.4461049437522888,-0.07358003407716751,-0.8693716526031494,0.7847188711166382,0.1986256241798401,0.30304813385009766,0.18935656547546387,-0.5169748663902283,-0.6433037519454956
0.05475799999999998,0.0034223749999999996,16.0,1.7226271439725314,-0.7454921921238757,0.21027850764166145,-0.0008329417780759185,-3.9006962942703215e-5,-0.00038128645746406033,0.06861673560011877,0.0024818778038024902,0.13893774151802063,-0.14964503049850464,0.42580169439315796,-0.08854024112224579,-0.8528895378112793,0.7788479924201965,0.20074835419654846,0.33180123567581177,0.17861461639404297,-0.5283461213111877,-0.6251269578933716
0.05475799999999998,0.0034223749999999996,16.0,1.6928452640041598,-0.7164539756979569,0.2108390144406255,-0.0006694495231181609,-2.343935775616552e-5,-0.0003027447767224113,0.06863699215296713,0.0026403963565826416,0.13670340180397034,-0.14633864164352417,0.3997865915298462,-0.1084405928850174,-0.8305470943450928,0.7711068391799927,0.20487162470817566,0.36650073528289795,0.1654191017150879,-0.5348055958747864,-0.6032804250717163
0.05475799999999998,0.0034223749999999996,16.0,1.6620913119628835,-0.6865201172763569,0.2112158979977365,-0.0005078831008336108,-1.4968797493428547e-5,-0.0002310375697338171,0.06862226838963834,0.0021505355834960938,0.13140738010406494,-0.1379072368144989,0.3540518283843994,-0.12542088329792023,-0.7753019332885742,0.7543152570724487,0.22176837921142578,0.3859730362892151,0.1692051887512207,-0.4779766798019409,-0.5748975872993469
0.05475799999999998,0.0034223749999999996,16.0,1.6303890587388645,-0.6556554228914128,0.2115131816091236,-0.00034963092750541587,-7.787539894659475e-6,-0.00015975065166082966,0.06859470878430879,0.0018094778060913086,0.12470464408397675,-0.12543004751205444,0.30209729075431824,-0.13582010567188263,-0.6993937492370605,0.7174747586250305,0.24582701921463013,0.38078320026397705,0.19248604774475098,-0.3721226751804352,-0.5476436018943787
0.05475799999999998,0.0034223749999999996,16.0,1.5980720625707414,-0.6238719673414082,0.21164567051052263,-0.00019331886347525627,-3.4116236654452232e-6,-8.888859256995909e-5,0.06856288968290891,0.0014345049858093262,0.11559642106294632,-0.11016306281089783,0.252795934677124,-0.12811565399169922,-0.5889143943786621,0.6528602838516235,0.27698710560798645,0.32869982719421387,0.2595517635345459,-0.2206680029630661,-0.5303055047988892
0.05475799999999998,0.0034223749999999996,16.0,1.5649563496608,-0.5912766728929874,0.2116984114718545,-3.8038194897514134e-5,-6.090998741751956e-7,-1.7650310215975136e-5,0.06853707190900343,0.0010936260223388672,0.10668598115444183,-0.09912535548210144,0.21660807728767395,-0.10631903260946274,-0.43956613540649414,0.5628412961959839,0.3016132116317749,0.273977667093277,0.328627347946167,-0.11435577273368835,-0.5193853378295898
0.05475799999999998,0.0034223749999999996,16.0,1.531192909019295,-0.5577765992771172,0.21172285154939402,0.00011723230444005626,1.646430206833715e-6,5.4430612020049215e-5,0.0685222360333876,-0.04200825095176697,0.10378589481115341,-0.08439987897872925,0.24452583491802216,0.03762325271964073,-0.45179152488708496,0.23005104064941406,0.4147660732269287,0.49040302634239197,0.6903932094573975,-0.28576698899269104,-0.6600051522254944
0.05475799999999998,0.0034223749999999996,16.0,1.496658758672965,-0.5233747797531159,0.2116173516756591,0.0002739233629565911,3.989002265461076e-6,0.000127180990933582,0.06851353429570946,-0.04419088363647461,0.09745221585035324,-0.08486655354499817,0.21685974299907684,0.07893471419811249,-0.2681915760040283,0.160976842045784,0.41383907198905945,0.5147452354431152,0.6999802589416504,-0.36170196533203125,-0.6315187215805054
0.05475799999999998,0.0034223749999999996,16.0,1.4612642067062172,-0.48800428172463506,0.2113911537964973,0.0004333542757044735,6.411652014665317e-6,0.0002010940144830245,0.06850548658125243,-0.04684305191040039,0.09789422899484634,-0.08973735570907593,0.21171897649765015,0.10850775986909866,-0.1252279281616211,0.0901375561952591,0.3947606682777405,0.5113792419433594,0.7120168209075928,-0.48546102643013,-0.6074796915054321
0.05475799999999998,0.0034223749999999996,16.0,1.4251052404549385,-0.45193645245018677,0.2113915678950731,0.0005967972048109054,8.642498518933754e-6,0.0002764416631585684,0.06850575824812577,-0.0469050407409668,0.09660490602254868,-0.09088429808616638,0.20483489334583282,0.12434874475002289,-0.06585049629211426,0.06651939451694489,0.3867465555667877,0.5336920022964478,0.7013702392578125,-0.5439064502716064,-0.5925727486610413
0.05475799999999998,0.0034223749999999996,16.0,1.388079417949186,-0.4150107717038828,0.2114000096923183,0.0007655628831125533,1.0509956265187002e-5,0.0003537433431237437,0.06850529310620562,-0.0472961962223053,0.09613869339227676,-0.09143853187561035,0.19893212616443634,0.13266471028327942,-0.04337596893310547,0.06315410137176514,0.38595229387283325,0.5515165328979492,0.700465202331543,-0.5715746879577637,-0.5858602523803711
0.05475799999999998,0.0034223749999999996,16.0,1.3502271002347928,-0.37716210726198035,0.21138446539053654,0.0009413094886699039,1.0285701827234108e-5,0.0004320002242999494,0.06850308095995516,-0.04833763837814331,0.09754803031682968,-0.09260722994804382,0.1992122232913971,0.1311250925064087,-0.040110111236572266,0.06064449995756149,0.38285988569259644,0.5498098731040955,0.7120676040649414,-0.5881587266921997,-0.5831000804901123
0.05475799999999998,0.0034223749999999996,16.0,1.3115172607209884,-0.3385026586235944,0.21139309067628875,0.0011236025295482109,1.0222127364808914e-5,0.0005129815160362206,0.06850139660064895,-0.050159990787506104,0.09834011644124985,-0.09305766224861145,0.19520699977874756,0.13061511516571045,-0.029517173767089844,0.06437858939170837,0.3846261203289032,0.5501435399055481,0.7245814800262451,-0.596611738204956,-0.5809327363967896
0.05475799999999998,0.0034223749999999996,16.0,1.271978882126288,-0.29906803286051586,0.21139720034966575,0.0013117217103085807,9.986861021620908e-6,0.0005964077267299411,0.06850131545827387,-0.05198422074317932,0.09837040305137634,-0.09312137961387634,0.19074498116970062,0.13655216991901398,-0.020842552185058594,0.06525325030088425,0.38909777998924255,0.5549240112304688,0.7346806526184082,-0.6060318946838379,-0.580977737903595
0.05475799999999998,0.0034223749999999996,16.0,1.2316356926050647,-0.25878860842576723,0.2113716433279138,0.0015017224731139734,1.1923086071608576e-5,0.0006842516897690065,0.06849982097781435,-0.054109156131744385,0.09843060374259949,-0.09350162744522095,0.18658263981342316,0.13598932325839996,-0.014948129653930664,0.06961521506309509,0.3905084729194641,0.5416558980941772,0.7478790283203125,-0.5990230441093445,-0.5782973766326904
0.05475799999999998,0.0034223749999999996,16.0,1.1904843198037933,-0.21769410336881975,0.21126641170030053,0.00168583775922457,2.1238509812256784e-5,0.0007771416027304845,0.0684943440035461,-0.05598258972167969,0.09863385558128357,-0.09492093324661255,0.18297722935676575,0.13896089792251587,-0.0015134811401367188,0.0818571150302887,0.3928912580013275,0.5482041239738464,0.7518596649169922,-0.6002887487411499,-0.5771243572235107
0.05475799999999998,0.0034223749999999996,16.0,1.1490461871635023,-0.1742919221693437,0.21394379837388877,0.001866540605243143,-3.205059606753056e-6,0.0008456917409380008,0.06841365344349934,-0.05860936641693115,0.09934907406568527,-0.09644758701324463,0.17677101492881775,0.14294177293777466,0.018528461456298828,0.08868493139743805,0.3999699652194977,0.5484120845794678,0.7632575035095215,-0.600257933139801,-0.5781036615371704
0.05475799999999998,0.0034223749999999996,16.0,1.1061781138591305,-0.13142886958071456,0.2138383264467079,0.00199182333558285,6.9491821980484565e-6,0.0009106441839771191,0.06840697079633674,-0.0640765130519867,0.102720707654953,-0.09854283928871155,0.1700384020805359,0.14728648960590363,0.0388798713684082,0.12158271670341492,0.4130195677280426,0.5702793002128601,0.7816622257232666,-0.5944602489471436,-0.5846113562583923
0.05475799999999998,0.0034223749999999996,16.0,1.062329740261559,-0.08770338945048278,0.2138140774052846,0.00201846381815697,7.253837117314894e-6,0.0009299199085446178,0.0683998818815905,-0.07198533415794373,0.10856914520263672,-0.09824839234352112,0.15875303745269775,0.16628490388393402,0.04739856719970703,0.11007066071033478,0.44418832659721375,0.49872881174087524,0.8660383224487305,-0.5267267823219299,-0.6046427488327026
0.05475799999999998,0.0034223749999999996,16.0,1.0172648008984941,-0.0436343794478509,0.21067646585842925,0.0017830202480644927,8.968224066818596e-6,0.0008456518975170506,0.06842734085237512,-0.07963418960571289,0.13818559050559998,-0.10731682181358337,0.17634588479995728,0.14028818905353546,0.017815828323364258,-0.056385498493909836,0.4775978922843933,0.05914139002561569,1.1404476165771484,-0.2970190942287445,-0.6553019285202026
0.05475799999999998,0.0034223749999999996,16.0,0.9702714824511441,-0.00039274158191168724,0.20912369217654656,1.083749408910582e-15,1.1540135164559431e-15,1.1281501393089718e-15,0.06807682489515135,-0.1381138265132904,0.043213386088609695,-0.15657135844230652,0.14418013393878937,-0.5827323794364929,0.14998102188110352,0.7764307260513306,-0.03635627031326294,0.24262410402297974,0.8944408893585205,0.011721866205334663,-0.10440278053283691
0.05475799999999998,0.0034223749999999996,16.0,1.0140412124918388,0.04601666060736362,0.2123691162254881,-0.0017986658228320619,-4.5153833507930644e-5,-0.0008630197790686772,0.06804755206861504,-0.19818547368049622,0.07925327122211456,-0.13929951190948486,0.49490708112716675,-0.7813234925270081,0.3712010383605957,0.49727410078048706,-9.071826934814453e-5,-0.8579725623130798,1.409379482269287,0.3101004958152771,-0.4905847907066345
0.05475799999999998,0.0034223749999999996,16.0,1.0564604723828734,0.09200779120391392,0.21387243715391635,-0.0020404170077231785,9.017155272066064e-6,-0.0009687018996520514,0.0678476744334674,-0.24505522847175598,0.11917716264724731,-0.09916678071022034,0.800038754940033,-1.0294890403747559,0.5684852600097656,0.15752650797367096,0.17210492491722107,-1.4716894626617432,1.5420544147491455,0.5741539001464844,-0.9693644046783447
0.05475799999999998,0.0034223749999999996,16.0,1.0997106226548277,0.13639445656329263,0.21437587555943763,-0.0020176952135599244,1.5903593448285508e-5,-0.0009490137888489209,0.06779588946088214,-0.25484511256217957,0.1371801495552063,-0.08668354153633118,0.899657130241394,-1.0571633577346802,0.6431915760040283,0.13820183277130127,0.20211666822433472,-1.6135915517807007,1.5284557342529297,0.5612989664077759,-1.0999789237976074
0.05475799999999998,0.0034223749999999996,16.0,1.142280653099094,0.1795870511953487,0.21462526204088664,-0.001891641237621782,1.786262260899074e-5,-0.0008836253449962823,0.0677761208614823,-0.25946155190467834,0.14596927165985107,-0.08130261301994324,0.9350003004074097,-1.0902234315872192,0.6842751502990723,0.13555637001991272,0.22320467233657837,-1.670795202255249,1.506340503692627,0.5754197239875793,-1.156902551651001
0.05475799999999998,0.0034223749999999996,16.0,1.1841013959942135,0.22176948963886428,0.21474880835095003,-0.0017199641560443938,1.7134918424716977e-5,-0.0007995786340335286,0.06776189105629252,-0.2613600194454193,0.15153014659881592,-0.07917052507400513,0.9533544778823853,-1.1047050952911377,0.7157285213470459,0.14521870017051697,0.23475152254104614,-1.700557827949524,1.4841105937957764,0.5918184518814087,-1.1871618032455444
0.05475799999999998,0.0034223749999999996,16.0,1.2250944486085231,0.2630903854214959,0.2148572595439921,-0.0015307315872247838,1.620382967438621e-5,-0.0007091997460942642,0.06774841041621021,-0.26590636372566223,0.15604379773139954,-0.07800161838531494,0.9651209115982056,-1.1133503913879395,0.7347027063369751,0.13326644897460938,0.24547094106674194,-1.7194082736968994,1.4877841472625732,0.6061569452285767,-1.2098703384399414
0.05475799999999998,0.0034223749999999996,16.0,1.2653144459453614,0.3035777475946344,0.21497967371262944,-0.0013380785606088592,1.4118528149749713e-5,-0.0006169117603987984,0.06774088231442399,-0.26711538434028625,0.16151642799377441,-0.07223731279373169,1.0124809741973877,-1.083495020866394,0.7526694536209106,0.11700156331062317,0.2344854474067688,-1.7362215518951416,1.473494052886963,0.6091316938400269,-1.246599555015564
0.05475799999999998,0.0034223749999999996,16.0,1.3047497339856762,0.3432350413779992,0.21509686483349244,-0.0011484605014939033,1.2338421261043909e-5,-0.000527190302733041,0.06772362249910298,-0.26837357878685,0.1667356640100479,-0.06973236799240112,1.032491683959961,-1.0884966850280762,0.7802160978317261,0.12811626493930817,0.24190133810043335,-1.7578139305114746,1.4475769996643066,0.6254631280899048,-1.2743747234344482
0.05475799999999998,0.0034223749999999996,16.0,1.3431588227814713,0.38200106978474935,0.21497566164820234,-0.0009629758897482747,1.0381081575879884e-5,-0.0004420790161982107,0.06772629761420172,-0.2707604467868805,0.17170697450637817,-0.06714528799057007,1.0604135990142822,-1.0742357969284058,0.7979152202606201,0.13206884264945984,0.24000641703605652,-1.7804124355316162,1.440793752670288,0.6324845552444458,-1.3006901741027832
0.05475799999999998,0.0034223749999999996,16.0,1.3808895961382257,0.41998517263695195,0.21505344374197674,-0.0007849692018147855,8.535624024737462e-6,-0.0003583489483524521,0.06772548155291885,-0.26568397879600525,0.17663244903087616,-0.061321407556533813,1.085241675376892,-1.0885164737701416,0.8366807699203491,0.16270464658737183,0.2457444667816162,-1.787855863571167,1.35734224319458,0.6671966314315796,-1.3317768573760986
0.05475799999999998,0.0034223749999999996,16.0,1.4179472404876055,0.45715606024844635,0.21529585439633545,-0.0006132850311930815,6.557784675507997e-6,-0.0002775547534563351,0.06771612917845257,-0.2667361795902252,0.18144065141677856,-0.056015461683273315,1.1186797618865967,-1.1036756038665771,0.8641006946563721,0.17475226521492004,0.24657300114631653,-1.8243865966796875,1.319040060043335,0.7100219130516052,-1.3664743900299072
0.05475799999999998,0.0034223749999999996,16.0,1.454083662845241,0.49350816054551633,0.21547749914455,-0.00044599179762519286,4.583071373045108e-6,-0.0002008810918067894,0.06770370356856802,-0.264314740896225,0.1807284653186798,-0.04518100619316101,1.1632479429244995,-1.1666415929794312,0.8961949348449707,0.1799411028623581,0.24283075332641602,-1.872572660446167,1.2298355102539062,0.8562725186347961,-1.4078941345214844
0.05475799999999998,0.0034223749999999996,16.0,1.4893905602409887,0.5289716012271564,0.2157309617431122,-0.0002825023519674224,2.81091632074032e-6,-0.00012629405203078516,0.06768653622103793,-0.24296864867210388,0.1587243229150772,-0.0213087797164917,1.226649284362793,-1.240958333015442,0.8745086193084717,0.17430923879146576,0.1894262433052063,-1.8137198686599731,0.9933888912200928,1.1854383945465088,-1.4185078144073486
0.05475799999999998,0.0034223749999999996,16.0,1.5241331809676504,0.5633669838769341,0.21616093385957136,-0.0001212028182643888,1.1180337587194981e-6,-5.342474756083576e-5,0.06769023618957812,-0.2173822522163391,0.1311720311641693,0.009787499904632568,1.2928436994552612,-1.2956132888793945,0.8209322690963745,0.17445875704288483,0.12380605936050415,-1.723899245262146,0.7186932563781738,1.5409469604492188,-1.4195971488952637
0.05475799999999998,0.0034223749999999996,16.0,1.5582810295209781,0.5964902099653293,0.21698659888999866,3.94570746454402e-5,-3.1611997567232305e-7,1.702006806589078e-5,0.06770713542965845,-0.19182786345481873,0.0681539922952652,0.09803745150566101,1.2359925508499146,-0.3075689375400543,0.31310582160949707,-0.14358219504356384,-0.143626868724823,-1.978581190109253,0.9654457569122314,1.537232518196106,-1.0937622785568237
0.05475799999999998,0.0034223749999999996,16.0,1.5916049044812053,0.6283972683098887,0.21861372131928758,0.0002004284755303601,-2.6326212888322524e-6,8.595462079882094e-5,0.0677254589771532,-0.15082916617393494,0.0324089340865612,0.11355093121528625,1.1726696491241455,-0.23403674364089966,0.022375822067260742,-0.21709702908992767,-0.21272212266921997,-1.7826546430587769,0.7676916122436523,1.7481813430786133,-0.9606555700302124
0.05475799999999998,0.0034223749999999996,16.0,1.6243519017322876,0.657384160636163,0.21658874164800673,0.00035962463827550863,-3.517704115782054e-6,0.00015705100654779048,0.06789543775895059,-0.12242195010185242,0.016137562692165375,0.1293366253376007,1.1624939441680908,-0.13441818952560425,-0.17682123184204102,-0.26794862747192383,-0.2538657784461975,-1.6805533170700073,0.630141019821167,1.7567130327224731,-0.9086145162582397
0.05475799999999998,0.0034223749999999996,16.0,1.6565787404377388,0.6871292145080142,0.2180818028252456,0.0005222561281844663,-7.2075082246199724e-6,0.00022661623542998374,0.06794490560925408,-0.10566967725753784,0.006949679926037788,0.1425025761127472,1.1443617343902588,-0.06434809416532516,-0.294766902923584,-0.3031720817089081,-0.26895856857299805,-1.6346923112869263,0.5360829830169678,1.735977292060852,-0.8749552965164185
0.05475799999999998,0.0034223749999999996,16.0,1.6877258059464357,0.7162431333777483,0.21962399322867726,0.0006864065097110149,-1.4233404707654066e-5,0.0002995660392048553,0.06799406250743517,-0.09590074419975281,0.006187103688716888,0.15248152613639832,1.1467576026916504,-0.005314044188708067,-0.35816216468811035,-0.32540833950042725,-0.2715098261833191,-1.6337604522705078,0.4834134578704834,1.6740199327468872,-0.8745010495185852
0.05475799999999998,0.0034223749999999996,16.0,1.7179241622934975,0.7448776669115466,0.22086979512641167,0.0008529544439062441,-2.283273618074845e-5,0.00037575290733456537,0.06804623734882445,-0.0918668806552887,0.008038788102567196,0.15512946248054504,1.1512806415557861,0.02315910905599594,-0.362900972366333,-0.33292871713638306,-0.2644840478897095,-1.664273977279663,0.4768707752227783,1.6438308954238892,-0.8861691951751709
0.05475799999999998,0.0034223749999999996,16.0,1.7473037903300825,0.7730112659272719,0.22132624803082981,0.0010248711082758517,-2.8630899259659046e-5,0.00045112944694966926,0.06809035959515056,-0.08859676122665405,0.010113578289747238,0.1576426923274994,1.1574015617370605,0.04476189985871315,-0.3710761070251465,-0.3387947976589203,-0.25909727811813354,-1.683424472808838,0.4697151184082031,1.6173310279846191,-0.8977426886558533
0.05475799999999998,0.0034223749999999996,16.0,1.7756354376390606,0.8004008803544916,0.22151830674625528,0.0012010355556544329,-3.468104761427268e-5,0.0005295521551071749,0.06812718063049963,-0.08703124523162842,0.011654338799417019,0.15774306654930115,1.159597396850586,0.05242546647787094,-0.3781867027282715,-0.34349286556243896,-0.2541959285736084,-1.692907691001892,0.4730854034423828,1.607031226158142,-0.9048773050308228
0.05475799999999998,0.0034223749999999996,16.0,1.802888227867888,0.8272398631061255,0.22171135807432568,0.0013830717843159486,-4.134687867517723e-5,0.0006096816008353137,0.06814460152017428,-0.08631667494773865,0.013953850604593754,0.15963789820671082,1.169909954071045,0.06006336957216263,-0.39316654205322266,-0.35407885909080505,-0.25314098596572876,-1.6963846683502197,0.46961092948913574,1.5858712196350098,-0.9161207675933838
0.05475799999999998,0.0034223749999999996,16.0,1.8291540030829168,0.8534224161786609,0.22177660654655423,0.0015708687410046658,-4.808143635876298e-5,0.0006922215516604785,0.06814804835963352,-0.08265474438667297,0.015739567577838898,0.16226443648338318,1.1748015880584717,0.07737348228693008,-0.3961203098297119,-0.35831475257873535,-0.24624556303024292,-1.700883388519287,0.454500675201416,1.5636942386627197,-0.9280824661254883
0.05475799999999998,0.0034223749999999996,16.0,1.8546668285262717,0.8788682814536264,0.22204601948789093,0.0017645921404675986,-5.46791009349252e-5,0.0007748923223480066,0.06815375606021053,-0.08205914497375488,0.020151440054178238,0.16702672839164734,1.1938002109527588,0.09502701461315155,-0.41532278060913086,-0.37120872735977173,-0.24764776229858398,-1.7075231075286865,0.442471981048584,1.5192699432373047,-0.9454444646835327
0.05475799999999998,0.0034223749999999996,16.0,1.879152060661234,0.9033942084631515,0.2220617615574408,0.001962433889254518,-6.170728658889484e-5,0.000862217039751257,0.06815288833160621,-0.08115491271018982,0.02063978835940361,0.16586574912071228,1.1916069984436035,0.09749263525009155,-0.41916894912719727,-0.37614762783050537,-0.24326902627944946,-1.7086961269378662,0.45044803619384766,1.5225611925125122,-0.9477093815803528
0.05475799999999998,0.0034223749999999996,16.0,1.9027696072226299,0.92709048753304,0.22203612375586815,0.0021644657377074927,-6.933935298612046e-5,0.0009518188740084511,0.06815183801407194,-0.08209088444709778,0.02224433794617653,0.16475966572761536,1.1957950592041016,0.09665204584598541,-0.42914819717407227,-0.38830283284187317,-0.2431824803352356,-1.7116632461547852,0.46173095703125,1.518872618675232,-0.9518632888793945
0.05475799999999998,0.0034223749999999996,16.0,1.925579846944633,0.9500756837431178,0.22225682034565095,0.0023709142397290153,-7.775152012118749e-5,0.0010410643108663803,0.06815105429912571,-0.08236542344093323,0.026639070361852646,0.16934451460838318,1.2152488231658936,0.11358629167079926,-0.449352502822876,-0.40528807044029236,-0.2477845549583435,-1.7145155668258667,0.4513359069824219,1.473775029182434,-0.9664204120635986
0.05475799999999998,0.0034223749999999996,16.0,1.9474940474780043,0.9721311355923592,0.22230264800265764,0.0025794880795455217,-8.666110362608445e-5,0.0011331698512205973,0.06814729886325464,-0.08320873975753784,0.028728485107421875,0.1698915660381317,1.2229282855987549,0.11837640404701233,-0.46138834953308105,-0.4197808802127838,-0.24996250867843628,-1.7152494192123413,0.4562249183654785,1.4602118730545044,-0.971761167049408
0.05475799999999998,0.0034223749999999996,16.0,1.9686113731922625,0.9933681808033553,0.2223118299756083,0.0027891431549037678,-9.543737444188313e-5,0.0012261066137831283,0.06814630810781157,-0.08424121141433716,0.031158670783042908,0.17031040787696838,1.2307000160217285,0.12365478277206421,-0.47208547592163086,-0.4352889358997345,-0.25240230560302734,-1.7186038494110107,0.46284937858581543,1.4474726915359497,-0.9769361019134521
0.05475799999999998,0.0034223749999999996,16.0,1.988856613688577,1.0137124099004056,0.22216632185578686,0.0029984882124888543,-0.00010470423802821304,0.001319306256334092,0.06814629788454522,-0.08588796854019165,0.0361635684967041,0.1745823323726654,1.2531019449234009,0.13315919041633606,-0.495680570602417,-0.4573986232280731,-0.26145684719085693,-1.7182416915893555,0.45461440086364746,1.400423288345337,-0.9898326396942139
0.05475799999999998,0.0034223749999999996,16.0,2.00831384566506,1.033391376225527,0.2224639683643986,0.0032071907214156945,-0.00011438919402813643,0.00140975386600547,0.06814397976204555,-0.0853726863861084,0.03622029721736908,0.17414280772209167,1.2526859045028687,0.13957950472831726,-0.5007882118225098,-0.47176826000213623,-0.26098889112472534,-1.712388277053833,0.4565606117248535,1.3998361825942993,-0.9899264574050903
0.05475799999999998,0.0034223749999999996,16.0,2.027002619266241,1.0522770306510423,0.22273744191965045,0.0034128309952145696,-0.0001236843629851865,0.0014966559773765466,0.06814463169748335,-0.08729535341262817,0.04291854798793793,0.1801871359348297,1.2792549133300781,0.15441292524337769,-0.5242722034454346,-0.49358126521110535,-0.27113837003707886,-1.7130320072174072,0.44266748428344727,1.3380457162857056,-1.0058497190475464
0.05475799999999998,0.0034223749999999996,16.0,2.0447390275009485,1.070167215786299,0.22265989573967043,0.0036111726874609924,-0.0001334605340207763,0.001586009945300298,0.06814195191025298,-0.0886475145816803,0.044862300157547,0.17956194281578064,1.2836222648620605,0.15536625683307648,-0.5313632488250732,-0.5081676840782166,-0.2731825113296509,-1.716616153717041,0.4530618190765381,1.334933876991272,-1.0080502033233643
0.05475799999999998,0.0034223749999999996,16.0,2.0617090815114905,1.087245272348564,0.2226421815001551,0.003802046664836464,-0.00014245275389690744,0.0016715322085106982,0.06814206327815803,-0.09003078937530518,0.046336397528648376,0.17842033505439758,1.287436604499817,0.15243171155452728,-0.5398571491241455,-0.5239800214767456,-0.2758410573005676,-1.715078592300415,0.4634101390838623,1.331607460975647,-1.0090528726577759
0.05475799999999998,0.0034223749999999996,16.0,2.077782945279218,1.103562064883125,0.22274993729317516,0.003985081498368494,-0.00015330344753332982,0.001751829933022987,0.06813724784979759,-0.09105369448661804,0.04861690104007721,0.17876365780830383,1.2935397624969482,0.1570587307214737,-0.5471146106719971,-0.5380838513374329,-0.27774178981781006,-1.720706820487976,0.46834349632263184,1.3231679201126099,-1.0131456851959229
0.05475799999999998,0.0034223749999999996,16.0,2.0930863818675025,1.1188749929569102,0.2225370614547689,0.004156744728402139,-0.0001627301139203945,0.0018287005124307326,0.06813866499118781,-0.09164923429489136,0.05033477023243904,0.17850372195243835,1.2980680465698242,0.15925638377666473,-0.5552234649658203,-0.5523494482040405,-0.27954113483428955,-1.7243781089782715,0.47298598289489746,1.3169275522232056,-1.0157777070999146
0.05475799999999998,0.0034223749999999996,16.0,2.107658481365937,1.1334914195596097,0.2225816231532726,0.004318564264100833,-0.00017002642610999477,0.00189860346845758,0.06814258545687349,-0.09143680334091187,0.052909813821315765,0.180271714925766,1.3069193363189697,0.16750210523605347,-0.5659408569335938,-0.5654347538948059,-0.2816280722618103,-1.7255743741989136,0.4663257598876953,1.2952255010604858,-1.022430181503296
0.05475799999999998,0.0034223749999999996,16.0,2.121337886388694,1.1472074131748755,0.2224824479723159,0.004469277056487732,-0.0001780029435269959,0.001966974431949889,0.06814400745814655,-0.09165260195732117,0.05356848984956741,0.17845764756202698,1.3069220781326294,0.1672893911600113,-0.5708949565887451,-0.5762060880661011,-0.28068822622299194,-1.732657790184021,0.4754822254180908,1.301343321800232,-1.023371934890747
0.05475799999999998,0.0034223749999999996,16.0,2.134202634934307,1.1601446212451396,0.22252810223829333,0.004612231486479095,-0.00018567826073652023,0.002029013676663392,0.06814601677233806,-0.09183204174041748,0.05522822216153145,0.17957744002342224,1.3134664297103882,0.17493994534015656,-0.5800392627716064,-0.5875715017318726,-0.2827223539352417,-1.7403686046600342,0.473325252532959,1.29204261302948,-1.027801513671875
0.05475799999999998,0.0034223749999999996,16.0,2.146196734143691,1.1723738044231307,0.22291128804934357,0.004751791563412074,-0.00019397460178988192,0.0020823165756849687,0.06814666751390756,-0.09212741255760193,0.06104089692234993,0.18908432126045227,1.339496374130249,0.20100148022174835,-0.6025688648223877,-0.6027086973190308,-0.2932937741279602,-1.734574794769287,0.4366128444671631,1.2224644422531128,-1.0428709983825684
0.05475799999999998,0.0034223749999999996,16.0,2.157360058751838,1.183796187289836,0.22327406349236845,0.004889560275980839,-0.00020150531358206726,0.0021330257786493,0.0681492378007545,-0.09328323602676392,0.06758195906877518,0.19837132096290588,1.3658541440963745,0.2226720005273819,-0.6238243579864502,-0.6175189018249512,-0.3045281767845154,-1.7293195724487305,0.401608943939209,1.1502362489700317,-1.0575449466705322
0.05475799999999998,0.0034223749999999996,16.0,2.1676981241234,1.1943430702955147,0.22355163233974165,0.005030595225009913,-0.000208505573857877,0.0021866298783701317,0.06815292290315533,-0.09454607963562012,0.07368321716785431,0.20708271861076355,1.390121340751648,0.2402857095003128,-0.6440331935882568,-0.632412314414978,-0.31564462184906006,-1.72084641456604,0.3665933609008789,1.0801994800567627,-1.070237398147583
0.05475799999999998,0.0034223749999999996,16.0,2.1772101762113882,1.2041075601773366,0.223950737283181,0.005185280900192589,-0.00021602229701635052,0.002246648011931405,0.06815515950516068,-0.09536120295524597,0.07875501364469528,0.2142769992351532,1.407743215560913,0.25916779041290283,-0.6583142280578613,-0.6453853249549866,-0.32370978593826294,-1.7147501707077026,0.33674168586730957,1.0221967697143555,-1.0794728994369507
0.05475799999999998,0.0034223749999999996,16.0,2.1858613176232957,1.213087084105661,0.22435332493843466,0.005369442427660468,-0.00022507265327674597,0.0023213381663942647,0.06815413321530142,-0.09651267528533936,0.08398891985416412,0.21956345438957214,1.42097008228302,0.2755807936191559,-0.6671035289764404,-0.6541147232055664,-0.3288600444793701,-1.7151776552200317,0.318218469619751,0.9741737842559814,-1.0873037576675415
0.05475799999999998,0.0034223749999999996,16.0,2.1939355295127405,1.2224854820869626,0.22863770436276457,0.005633331088722688,-0.0003119771032695594,0.0024222589871854034,0.06802602713604007,-0.10039922595024109,0.09141509234905243,0.22289130091667175,1.437247395515442,0.3001270294189453,-0.662909746170044,-0.6620039343833923,-0.3306960463523865,-1.7307544946670532,0.31664299964904785,0.9275662899017334,-1.101522445678711
0.05475799999999998,0.0034223749999999996,16.0,2.200993751319475,1.2296744279804022,0.22879855473282149,0.0059953335793792575,-0.0003322507301675775,0.002573752700104901,0.06803061299399295,-0.10100454092025757,0.09546494483947754,0.22717735171318054,1.4463202953338623,0.3145473003387451,-0.6711924076080322,-0.6722532510757446,-0.33515816926956177,-1.723319172859192,0.2978980541229248,0.8831297159194946,-1.1058984994888306
0.05475799999999998,0.0034223749999999996,16.0,2.2072011272893985,1.2360631655739405,0.22895764141012684,0.006627425855302884,-0.0003677832404805415,0.0028392083348176608,0.06803704720515644,-0.10233902931213379,0.10034182667732239,0.2317056953907013,1.4578959941864014,0.32471728324890137,-0.6810650825500488,-0.6856317520141602,-0.34020835161209106,-1.715644359588623,0.27839040756225586,0.8317053914070129,-1.1120589971542358
0.05475799999999998,0.0034223749999999996,16.0,2.212550249239797,1.241565643679124,0.22904444544713157,0.00805769848105738,-0.0004537720745292595,0.0034505034889498664,0.06804099045743689,-0.10295239090919495,0.10311747342348099,0.23381778597831726,1.4601283073425293,0.337200403213501,-0.6882691383361816,-0.7049217820167542,-0.3404178023338318,-1.706388235092163,0.2676267623901367,0.7999346852302551,-1.1138038635253906
0.05475799999999998,0.0034223749999999996,16.0,2.217009413436926,1.246298074088984,0.22904572017718072,0.014927475829772113,-0.000893127496947705,0.00640639973287369,0.06805563616980663,-0.10617193579673767,0.10693469643592834,0.23539909720420837,1.4508432149887085,0.36228564381599426,-0.7106907367706299,-0.7806076407432556,-0.3332933783531189,-1.6770355701446533,0.25937747955322266,0.7486639618873596,-1.110590934753418
0.05475799999999998,0.0034223749999999996,16.0,2.2200907282385822,-1.2353114285078588,0.2158935177709233,-5.050456685426444e-5,4.927505840867492e-5,9.447110902559953e-7,0.0684159853116129,0.003407388925552368,0.16920404136180878,-0.14678582549095154,0.7445301413536072,0.10099570453166962,-1.064063549041748,0.5194459557533264,0.149690181016922,-0.27444708347320557,0.37142086029052734,0.008187426254153252,-0.8922629952430725
0.05475799999999998,0.0034223749999999996,16.0,2.2360511043415854,-1.2318664853394712,0.22740850941185728,0.0010118283445931249,-0.001011732016998241,-3.642647311755916e-5,0.06849390763871425,-0.0016376972198486328,0.17919953167438507,-0.14229193329811096,0.768130898475647,0.09639507532119751,-1.060739278793335,0.47111499309539795,0.1352313756942749,-0.30552035570144653,0.37238097190856934,0.010401567444205284,-0.9008232355117798
0.05475799999999998,0.0034223749999999996,16.0,2.215076979289516,-1.2303724303693968,0.21584618599773525,-0.00016940645402770748,0.0001654276729343916,3.236544658596435e-6,0.06842995136930129,0.002439171075820923,0.1686883568763733,-0.1490378975868225,0.7393900156021118,0.10624787956476212,-1.057232141494751,0.5358988046646118,0.1512683629989624,-0.2575696110725403,0.3709278106689453,-0.015973512083292007,-0.8887178301811218
0.05475799999999998,0.0034223749999999996,16.0,2.2305135495587503,-1.2300425098745504,0.22321191572374185,0.0034552513573710038,-0.0033656730475987075,-5.598426066671732e-5,0.06840557266301615,0.0009108185768127441,0.17633754014968872,-0.14513081312179565,0.7541961669921875,0.10019020736217499,-1.0638177394866943,0.5018352270126343,0.1408584713935852,-0.274738609790802,0.361525297164917,-0.007434055209159851,-0.892822265625
0.05475799999999998,0.0034223749999999996,16.0,2.209286341897297,-1.2246917023887758,0.21569640735885837,-0.00025508348694256686,0.00024890842938786223,4.529627022326847e-6,0.06843924543258093,0.0016210675239562988,0.167576864361763,-0.15162783861160278,0.7319228649139404,0.11317239701747894,-1.0498404502868652,0.5563989877700806,0.15370100736618042,-0.23882773518562317,0.37025880813598633,-0.040070001035928726,-0.8837481141090393
0.05475799999999998,0.0034223749999999996,16.0,2.2247765734262503,-1.2243788050681979,0.22299694246585003,0.00519849048954243,-0.0050616814748539645,-8.661810348594815e-5,0.06841829541474596,0.0015906691551208496,0.17480939626693726,-0.14847734570503235,0.7420405149459839,0.10676467418670654,-1.0605030059814453,0.5294744372367859,0.14582815766334534,-0.25145581364631653,0.354236364364624,-0.028776193037629128,-0.8858456015586853
0.05475799999999998,0.0034223749999999996,16.0,2.202589721748898,-1.2180978046448123,0.21564575127166094,-0.00035039105762934794,0.00034227423730289966,6.386834304137986e-6,0.06845686714974845,0.0002771615982055664,0.1665707230567932,-0.15462079644203186,0.7238571643829346,0.11971069127321243,-1.0407428741455078,0.5796358585357666,0.1566033959388733,-0.2145072966814041,0.3696408271789551,-0.07257504016160965,-0.8786281943321228
0.05475799999999998,0.0034223749999999996,16.0,2.2181578904036052,-1.2178255603299617,0.2228325391096145,0.007148554797789957,-0.00695847666494852,-0.00011748570221085249,0.06843340807292864,0.0011987090110778809,0.17437075078487396,-0.15190458297729492,0.7309432625770569,0.11314979940652847,-1.0553085803985596,0.5573736429214478,0.14954805374145508,-0.22051657736301422,0.3464498519897461,-0.06478503346443176,-0.8786017894744873
0.05475799999999998,0.0034223749999999996,16.0,2.195115211569166,-1.2107745598810342,0.21547887586932213,-0.00045781226040714966,0.00044685300256168344,7.6178078015721834e-6,0.06846921028031235,-0.0007365942001342773,0.16516005992889404,-0.15754544734954834,0.7143511772155762,0.12428604811429977,-1.0318646430969238,0.6036405563354492,0.15977859497070312,-0.19022974371910095,0.3681914806365967,-0.1019599437713623,-0.8723641037940979
0.05475799999999998,0.0034223749999999996,16.0,2.21072797201082,-1.2104644442625383,0.2226841740156047,0.00931529968565478,-0.009068387666748917,-0.0001575997134051234,0.0684507947159416,0.001570969820022583,0.17320577800273895,-0.15538334846496582,0.7166122198104858,0.11642798036336899,-1.0511012077331543,0.586608350276947,0.15493887662887573,-0.19069063663482666,0.33654189109802246,-0.09501588344573975,-0.8698511123657227
0.05475799999999998,0.0034223749999999996,16.0,2.1867517345149,-1.2025478140456818,0.21538350356161554,-0.0005764203587441995,0.0005628655695448232,9.473343632575725e-6,0.06848586137463383,-0.0022582709789276123,0.16427619755268097,-0.16051825881004333,0.7050876617431641,0.12536734342575073,-1.0211536884307861,0.6273602843284607,0.16276326775550842,-0.16142039000988007,0.36615490913391113,-0.139576718211174,-0.8660876154899597
0.05475799999999998,0.0034223749999999996,16.0,2.2024383589230423,-1.2022786205459925,0.22250427919085403,0.01170503258597652,-0.011390686729128172,-0.00019217634483453442,0.06846875717829384,0.0010001659393310547,0.17221860587596893,-0.1593824326992035,0.7015094757080078,0.12298321723937988,-1.0454163551330566,0.6202369332313538,0.16078174114227295,-0.15157870948314667,0.32703709602355957,-0.13829730451107025,-0.8607858419418335
0.05475799999999998,0.0034223749999999996,16.0,2.1775829783783323,-1.193552655681657,0.215254582027651,-0.0007100117411186663,0.0006931842572164592,1.1093368766622658e-5,0.06850135205739454,-0.003467768430709839,0.16263143718242645,-0.1635298728942871,0.6931458115577698,0.12578639388084412,-1.0102393627166748,0.6536175012588501,0.16685527563095093,-0.1317824423313141,0.36369967460632324,-0.17396549880504608,-0.8582900762557983
0.05475799999999998,0.0034223749999999996,16.0,2.1933413720873336,-1.1932796560448862,0.22234346207107683,0.014309296971130299,-0.013922891817955365,-0.00023876661433862246,0.06848615228445576,0.0009734034538269043,0.1707368940114975,-0.1631724238395691,0.6836999654769897,0.12613332271575928,-1.0407705307006836,0.6535295844078064,0.1677631437778473,-0.11336340010166168,0.31550002098083496,-0.17629575729370117,-0.850192666053772
0.05475799999999998,0.0034223749999999996,16.0,2.167534378795213,-1.1837640125481257,0.2150783573810156,-0.0008584364610459939,0.0008378146266216269,1.2238097313743022e-5,0.06852140790175554,-0.005597531795501709,0.15999619662761688,-0.16723555326461792,0.6785504221916199,0.13236509263515472,-0.9974641799926758,0.6894317865371704,0.1725539267063141,-0.08978915959596634,0.3630664348602295,-0.21730291843414307,-0.8495156764984131
0.05475799999999998,0.0034223749999999996,16.0,2.183375184546446,-1.1834782204781988,0.22216364863811508,0.017122029306582923,-0.016657170926718468,-0.0002813728683241897,0.06850656210904853,0.00034415721893310547,0.16848187148571014,-0.16752010583877563,0.6638844013214111,0.1332324594259262,-1.0364978313446045,0.6929221153259277,0.17652639746665955,-0.06590298563241959,0.30469799041748047,-0.2213846743106842,-0.839454710483551
0.05475799999999998,0.0034223749999999996,16.0,2.156711079065721,-1.1731498363221757,0.21492133477092124,-0.001019517231698158,0.0009941149132124954,1.3075397276267787e-5,0.06853350791501363,-0.006543904542922974,0.15805239975452423,-0.16970151662826538,0.6653604507446289,0.12590035796165466,-0.9862520694732666,0.7138217091560364,0.17709210515022278,-0.058935489505529404,0.3589484691619873,-0.2488255351781845,-0.8409044146537781
0.05475799999999998,0.0034223749999999996,16.0,2.1726189305381998,-1.1728893147708235,0.22196103928254998,0.020149737710464265,-0.019584700545669336,-0.0003163136774672842,0.06852189530913468,0.0005521774291992188,0.16639602184295654,-0.17080453038215637,0.6442966461181641,0.13250018656253815,-1.0353071689605713,0.7247321009635925,0.1845369040966034,-0.02569512091577053,0.2910616397857666,-0.25428086519241333,-0.8281721472740173
0.05475799999999998,0.0034223749999999996,16.0,2.1450442523347673,-1.1617180072691071,0.21477620280763837,-0.0011927301708000093,0.0011618671245584955,1.3602633686361203e-5,0.06854616223926162,-0.007989555597305298,0.155318021774292,-0.1722637116909027,0.6497811079025269,0.12259475141763687,-0.9736337661743164,0.7436014413833618,0.18242928385734558,-0.021037202328443527,0.35579586029052734,-0.2820747494697571,-0.8307503461837769
0.05475799999999998,0.0034223749999999996,16.0,2.1610149511197037,-1.1614663467133115,0.22179736029283773,0.023370750738201346,-0.022703943415930437,-0.00036329434934975085,0.06853713437347775,0.000332564115524292,0.16365841031074524,-0.17407849431037903,0.6209661364555359,0.1323646456003189,-1.0332045555114746,0.7598727941513062,0.1940998136997223,0.02193419449031353,0.277329683303833,-0.29153165221214294,-0.8147478699684143
0.05475799999999998,0.0034223749999999996,16.0,2.132531835759076,-1.149484616586405,0.21464589628732905,-0.0013770912746568728,0.0013405139025571779,1.426536597625667e-5,0.06856051570541556,-0.009968400001525879,0.1517503261566162,-0.17470741271972656,0.6327072381973267,0.12156185507774353,-0.960059642791748,0.7779493927955627,0.18843752145767212,0.02529018744826317,0.3532884120941162,-0.3161706030368805,-0.8198075294494629
0.05475799999999998,0.0034223749999999996,16.0,2.1485661757833947,-1.14919502643698,0.22167109776130398,0.026778606122760562,-0.02600267763573802,-0.0004101779180385889,0.06855022884934948,6.794929504394531e-5,0.16129574179649353,-0.17670199275016785,0.6001880168914795,0.12900333106517792,-1.0338084697723389,0.7898877859115601,0.20267418026924133,0.06856948882341385,0.26291751861572266,-0.3262452185153961,-0.8028587102890015
0.05475799999999998,0.0034223749999999996,16.0,2.119316249772217,-1.1361524749058074,0.21472272269054843,-0.001568874830822319,0.0015295708884944066,2.0040919618542745e-5,0.06856507859704539,-0.008062034845352173,0.15253809094429016,-0.17448696494102478,0.6269859075546265,0.10187068581581116,-0.9558286666870117,0.7735745906829834,0.1870960295200348,0.029229408130049706,0.339099645614624,-0.32356134057044983,-0.8125933408737183
0.05475799999999998,0.0034223749999999996,16.0,2.1354054182838644,-1.1359224011251745,0.22173201716950616,0.030346396426145585,-0.02949888825686453,-0.0005558084714959771,0.06855383654377775,0.0017486214637756348,0.1616702675819397,-0.17677044868469238,0.5847780704498291,0.11710961163043976,-1.0391111373901367,0.795659601688385,0.2059994637966156,0.09405138343572617,0.23957419395446777,-0.3424018621444702,-0.7908924221992493
0.05475799999999998,0.0034223749999999996,16.0,2.105276149110251,-1.1220478244354661,0.21478757052750475,-0.0017632299754345947,0.0017212432754172757,2.574529487510755e-5,0.06857065952205303,-0.006956279277801514,0.15242443978786469,-0.17440807819366455,0.6166113018989563,0.08723011612892151,-0.9483134746551514,0.7762123942375183,0.18780383467674255,0.04281233623623848,0.32724452018737793,-0.33744993805885315,-0.802837073802948
0.05475799999999998,0.0034223749999999996,16.0,2.12143082291684,-1.1217981709318319,0.221835531103988,0.03407269828270588,-0.03317066651836339,-0.0007378850220381848,0.06855358681185306,0.003523409366607666,0.16212989389896393,-0.17625164985656738,0.5688329339027405,0.10440751165151596,-1.0455105304718018,0.7972465753555298,0.2099071443080902,0.11706261336803436,0.2157890796661377,-0.3568408489227295,-0.7789844274520874
0.05475799999999998,0.0034223749999999996,16.0,2.0904346049795377,-1.107091504061952,0.21484648135362525,-0.001962736539690654,0.0019174295456820963,3.1023768155225474e-5,0.06856827826004797,-0.005313217639923096,0.15214213728904724,-0.17378556728363037,0.6074576377868652,0.07223916053771973,-0.9445230960845947,0.7747158408164978,0.18838131427764893,0.049329131841659546,0.31612467765808105,-0.3438838720321655,-0.794202446937561
0.05475799999999998,0.0034223749999999996,16.0,2.106609664930407,-1.106881843913174,0.22188722447751916,0.03795944350146502,-0.036977673111637174,-0.0008956493014443659,0.06855162876555387,0.004931777715682983,0.16265632212162018,-0.1751711070537567,0.5528365969657898,0.09455558657646179,-1.0525989532470703,0.7966443300247192,0.21307870745658875,0.14143580198287964,0.19263720512390137,-0.3723331689834595,-0.7662913203239441
0.05475799999999998,0.0034223749999999996,16.0,2.0747333857368195,-1.0913419169836476,0.21489076256664053,-0.0021716360743438377,0.002123056991402569,3.7126294241707066e-5,0.0685701443165971,-0.004178524017333984,0.15193627774715424,-0.1729854941368103,0.5975723266601562,0.059188421815633774,-0.9393939971923828,0.7734951972961426,0.18898925185203552,0.0575350858271122,0.30688905715942383,-0.3526800572872162,-0.7848761081695557
0.05475799999999998,0.0034223749999999996,16.0,2.090914051164676,-1.091084627135097,0.22200568053693776,0.041942938500119646,-0.04092975206554496,-0.0011064181198571284,0.06855119814682041,0.005615562200546265,0.16359074413776398,-0.17406147718429565,0.5409152507781982,0.08812360465526581,-1.0613574981689453,0.7935593724250793,0.21581780910491943,0.16891321539878845,0.17097878456115723,-0.3946744501590729,-0.7572363615036011
0.05475799999999998,0.0034223749999999996,16.0,2.0581293451663587,-1.074759102738997,0.21491877225549852,-0.0023854954336125964,0.002333459997335025,4.040186858713813e-5,0.0685730638784279,-0.004485666751861572,0.15144342184066772,-0.1727747619152069,0.5896548628807068,0.05299782380461693,-0.9326846599578857,0.7789019346237183,0.18963554501533508,0.07821684330701828,0.2999730110168457,-0.3732552230358124,-0.7775725722312927
0.05475799999999998,0.0034223749999999996,16.0,2.07440754789291,-1.0745294135294665,0.2220594333879173,0.04607867162443659,-0.044964077804241484,-0.00122455848153598,0.06854490178580683,0.006389915943145752,0.1638008952140808,-0.1724034547805786,0.5277086496353149,0.0808379128575325,-1.0714514255523682,0.7906886339187622,0.2186308205127716,0.19262003898620605,0.15091919898986816,-0.409183144569397,-0.7470299601554871
0.05475799999999998,0.0034223749999999996,16.0,2.040779473647918,-1.05741027758442,0.21492815046629649,-0.0026096595868227036,0.0025524556810480425,4.4136345996589634e-5,0.06857039565882626,-0.0034859776496887207,0.1506367325782776,-0.17128470540046692,0.58038330078125,0.043992698192596436,-0.930931568145752,0.7765461206436157,0.19075334072113037,0.08357728272676468,0.2938721179962158,-0.3756757378578186,-0.7694454789161682
0.05475799999999998,0.0034223749999999996,16.0,2.0570150842450676,-1.0571402964304812,0.22216056309375248,0.050267436341169966,-0.049099728284410116,-0.0014091607033623558,0.06854473787183821,0.006225377321243286,0.1643524467945099,-0.1701807975769043,0.5144766569137573,0.07891032099723816,-1.079984188079834,0.7855023145675659,0.22050300240516663,0.2231900840997696,0.13161492347717285,-0.4327097535133362,-0.7358325123786926
0.05475799999999998,0.0034223749999999996,16.0,2.0225804063632986,-1.0392089171014443,0.21495878213350056,-0.0028322941960408307,0.002768481024111696,4.6650703734125324e-5,0.06856827646809244,-0.0030173957347869873,0.15028327703475952,-0.16991889476776123,0.5714392066001892,0.03577735275030136,-0.926795482635498,0.7751425504684448,0.19086667895317078,0.09303835779428482,0.2879984378814697,-0.38450512290000916,-0.7606073021888733
0.05475799999999998,0.0034223749999999996,16.0,2.03885276418025,-1.0388704629631043,0.22231519708942704,0.05453825403014135,-0.0533304026727883,-0.0016341122488978661,0.06853701345570629,0.006563067436218262,0.1649056077003479,-0.16755664348602295,0.5040703415870667,0.07463011890649796,-1.0916428565979004,0.7765778303146362,0.22123485803604126,0.24778632819652557,0.11157703399658203,-0.4487028419971466,-0.7263213396072388
0.05475799999999998,0.0034223749999999996,16.0,2.0035114484811944,-1.0201291662397387,0.21502561070797924,-0.003054882522232556,0.00298788444589049,5.060477910754704e-5,0.06856888626425975,-0.00319477915763855,0.14986538887023926,-0.1690235435962677,0.5625349283218384,0.028330933302640915,-0.9196341037750244,0.777677595615387,0.19147220253944397,0.1090446412563324,0.2821629047393799,-0.40106290578842163,-0.7522798776626587
0.05475799999999998,0.0034223749999999996,16.0,2.0198102244103486,-1.0198563820158224,0.22239747990434694,0.058882398854015264,-0.057590130156401145,-0.0017542897156238057,0.06853287664074113,0.0065992772579193115,0.1643986850976944,-0.1653408408164978,0.4904933571815491,0.0685993880033493,-1.1021478176116943,0.7748528718948364,0.2230381965637207,0.28079742193222046,0.09379124641418457,-0.4693503975868225,-0.7147505879402161
0.05475799999999998,0.0034223749999999996,16.0,1.983649155200856,-1.0002148732447178,0.21511854738169872,-0.0032714907328570716,0.003203341456850578,5.814093079337087e-5,0.0685684306089167,-0.0022301971912384033,0.14952434599399567,-0.16737234592437744,0.5538843274116516,0.017101839184761047,-0.9171910285949707,0.7737428545951843,0.1917717158794403,0.11418373137712479,0.2758047580718994,-0.4062635004520416,-0.7439221739768982
0.05475799999999998,0.0034223749999999996,16.0,1.9998761994652032,-1.0000288830623245,0.22254600217222503,0.0632100031099018,-0.06192341183474187,-0.0019480086738279951,0.06853668648447592,0.005723237991333008,0.164170503616333,-0.16289132833480835,0.4772053360939026,0.06716693937778473,-1.1107172966003418,0.7722991704940796,0.22353601455688477,0.3227826654911041,0.07743620872497559,-0.5021644234657288,-0.7021132111549377
0.05475799999999998,0.0034223749999999996,16.0,1.962940681628328,-0.9795031750580222,0.2152194073114912,-0.003490923914691694,0.0034220049566947137,6.661821617601321e-5,0.06857073555980622,-0.0011157393455505371,0.14877772331237793,-0.16519415378570557,0.543143630027771,0.007287332322448492,-0.9156992435455322,0.7693943381309509,0.19250687956809998,0.11918654292821884,0.27030324935913086,-0.4074438214302063,-0.7339389324188232
0.05475799999999998,0.0034223749999999996,16.0,1.9791626876593382,-0.9792836168823412,0.22270342929339115,0.06755927936458145,-0.06629137573084441,-0.002160030792694414,0.0685339999651215,0.00487065315246582,0.16314823925495148,-0.16079676151275635,0.46417731046676636,0.06709513068199158,-1.1208844184875488,0.7724909782409668,0.22424578666687012,0.37249767780303955,0.0614008903503418,-0.5375587344169617,-0.6899855732917786
0.05475799999999998,0.0034223749999999996,16.0,1.9413281166897656,-0.9579739676017799,0.21523998831668834,-0.003715976616161829,0.0036426603759907943,6.729077628210209e-5,0.06857384216020061,-0.0021174848079681396,0.14793707430362701,-0.16449591517448425,0.5332294702529907,0.003467301372438669,-0.9052572250366211,0.7761262655258179,0.1937343180179596,0.1506126970052719,0.26297879219055176,-0.43369168043136597,-0.7252448797225952
0.05475799999999998,0.0034223749999999996,16.0,1.9576330687563832,-0.9577892131874499,0.222797033216589,0.07197182740932348,-0.0706031614940562,-0.0022415302653491552,0.06853046084572864,0.0045774877071380615,0.16303130984306335,-0.1579846441745758,0.4533424377441406,0.06073927879333496,-1.1297221183776855,0.7682110667228699,0.22225838899612427,0.4093400537967682,0.046221256256103516,-0.5657298564910889,-0.6772570610046387
0.05475799999999998,0.0034223749999999996,16.0,1.9189550085743907,-0.9356307019694402,0.21528173577679283,-0.003942653897154938,0.003863445948859794,6.864925495142025e-5,0.06857079481319406,-0.0019825994968414307,0.14698189496994019,-0.16298651695251465,0.5224679708480835,-0.00662822462618351,-0.898141622543335,0.7772096991539001,0.1949557662010193,0.16717839241027832,0.25658726692199707,-0.44572630524635315,-0.7157101631164551
0.05475799999999998,0.0034223749999999996,16.0,1.935233324158105,-0.935457324964476,0.22288871290734114,0.07636882294895583,-0.0749032961957751,-0.0022678088834419312,0.06852829165067623,0.00377810001373291,0.16208761930465698,-0.1555989682674408,0.43982723355293274,0.05324556306004524,-1.1361041069030762,0.770179808139801,0.22098809480667114,0.45446106791496277,0.03408622741699219,-0.5994836091995239,-0.6625876426696777
0.05475799999999998,0.0034223749999999996,16.0,1.8957163465751619,-0.9123444358201154,0.21536060319641573,-0.004163852898326928,0.004084096393213683,7.298348545471152e-5,0.06857083090612821,-0.0021300315856933594,0.147515207529068,-0.16217058897018433,0.5185497999191284,-0.01598077267408371,-0.8917155265808105,0.7753873467445374,0.19297996163368225,0.18147589266300201,0.2489316463470459,-0.4666474461555481,-0.7097141742706299
0.05475799999999998,0.0034223749999999996,16.0,1.911973457914924,-0.9123642458472002,0.22301790217745388,0.08070685482175224,-0.07918384116210961,-0.0023396283828507895,0.06853262329830972,0.0028920769691467285,0.1603282392024994,-0.15256494283676147,0.42386993765830994,0.04694434255361557,-1.1430573463439941,0.7722582817077637,0.21936741471290588,0.5014148354530334,0.02382969856262207,-0.6293762922286987,-0.6451485753059387
0.05475799999999998,0.0034223749999999996,16.0,1.871680056933768,-0.8882892315123119,0.2154383694810081,-0.0043748639102136055,0.004293969851230632,7.802460860427437e-5,0.06856984031166746,-0.0016676485538482666,0.14741384983062744,-0.1604396402835846,0.5097770094871521,-0.027060717344284058,-0.8858323097229004,0.7714859247207642,0.19242581725120544,0.1929982602596283,0.24162530899047852,-0.4785161018371582,-0.7003515362739563
0.05475799999999998,0.0034223749999999996,16.0,1.8878969398718324,-0.8883293721475487,0.22309403307865644,0.0850219533288312,-0.08343509320943321,-0.002336439799027458,0.06853556508351297,0.0023291409015655518,0.16029399633407593,-0.1505473554134369,0.4172683358192444,0.0413861908018589,-1.1460380554199219,0.7716524600982666,0.21538609266281128,0.5350943207740784,0.01637125015258789,-0.6620238423347473,-0.6345316171646118
0.05475799999999998,0.0034223749999999996,16.0,1.8468036846527076,-0.8635088882319837,0.21555091566018714,-0.004595365241395355,0.004512282603113296,8.082184048017546e-5,0.06857079791962885,-0.001081019639968872,0.14661245048046112,-0.15805616974830627,0.499261736869812,-0.036018889397382736,-0.8821737766265869,0.7671244740486145,0.19277605414390564,0.20309299230575562,0.23637890815734863,-0.4829734265804291,-0.6901988983154297
0.05475799999999998,0.0034223749999999996,16.0,1.86306134375513,-0.8634331335383172,0.22326117754307476,0.0892447571508427,-0.08766668282956998,-0.00249444574046062,0.06853521684877907,0.0025043785572052,0.16001105308532715,-0.14867237210273743,0.4085986018180847,0.03253333270549774,-1.1408004760742188,0.7702676653862,0.21249514818191528,0.549931526184082,0.01385498046875,-0.6778915524482727,-0.6229062080383301
0.05475799999999998,0.0034223749999999996,16.0,1.821076947949934,-0.8379915184941543,0.21558235706349793,-0.0048241579730064705,0.004729679849051601,7.396681749100908e-5,0.06856938340124837,-0.001295626163482666,0.14463239908218384,-0.15590602159500122,0.48566102981567383,-0.043429646641016006,-0.8725509643554688,0.7694340944290161,0.1950383186340332,0.22600297629833221,0.23028993606567383,-0.49106624722480774,-0.6789145469665527
0.05475799999999998,0.0034223749999999996,16.0,1.8373267082750162,-0.8377840239993328,0.22329337268738897,0.09348080629759267,-0.09174690838318844,-0.002357984009797229,0.06853664550693873,0.00282442569732666,0.1595078557729721,-0.14669978618621826,0.39967435598373413,0.01987745240330696,-1.1363670825958252,0.7721142172813416,0.20989733934402466,0.5622745156288147,0.013275623321533203,-0.6894649267196655,-0.6113247871398926
0.05475799999999998,0.0034223749999999996,16.0,1.7945213591444595,-0.8115586333693383,0.2156934761325117,-0.00505664839171971,0.004958933584032904,7.711962113745407e-5,0.06856574745047245,-0.0007955729961395264,0.14282354712486267,-0.152568519115448,0.47202593088150024,-0.049103423953056335,-0.8687705993652344,0.7648506164550781,0.1966859996318817,0.23950926959514618,0.2265467643737793,-0.4889381229877472,-0.6669929027557373
0.05475799999999998,0.0034223749999999996,16.0,1.8107570372111175,-0.8113403506886671,0.22337344721455957,0.09758213639266876,-0.09578357204240825,-0.0024131812971169724,0.06853949902210464,0.0030300021171569824,0.159281924366951,-0.14484164118766785,0.3914426565170288,0.009585794061422348,-1.130885362625122,0.7712302207946777,0.206515371799469,0.5763978362083435,0.010943889617919922,-0.7045812606811523,-0.5996358394622803
0.05475799999999998,0.0034223749999999996,16.0,1.7670481216303686,-0.7843765089898779,0.2158874228722561,-0.005274255284622908,0.00517923723477757,8.609592043052296e-5,0.06856342581577315,-0.0008467137813568115,0.1418195217847824,-0.15070638060569763,0.4598757028579712,-0.06097722426056862,-0.8567371368408203,0.7631011009216309,0.19717738032341003,0.2611599862575531,0.21761202812194824,-0.5011377334594727,-0.6553217768669128
0.05475799999999998,0.0034223749999999996,16.0,1.7832743616663238,-0.7841730654704696,0.2235742966511779,0.10156041380999983,-0.09978333908066081,-0.002494406311627169,0.06854431770241012,0.00211489200592041,0.1575472354888916,-0.14287668466567993,0.3744300603866577,-0.0020843332167714834,-1.1186339855194092,0.7762208580970764,0.20590665936470032,0.6084489822387695,0.011186838150024414,-0.7285017371177673,-0.5820062756538391
0.05475799999999998,0.0034223749999999996,16.0,1.7387502997787752,-0.7564190886618721,0.2162496899735812,-0.005480134509641246,0.00539826766819455,0.00010362345545717796,0.06855840910030679,-0.0002716183662414551,0.13984760642051697,-0.14791584014892578,0.4426301121711731,-0.076371930539608,-0.8466227054595947,0.7583820819854736,0.19950878620147705,0.2823009788990021,0.20885801315307617,-0.5032765865325928,-0.6404542922973633
0.05475799999999998,0.0034223749999999996,16.0,1.7548957202161064,-0.7562490761568382,0.22382429030721337,0.10543335034536401,-0.10372623819512294,-0.0024904373033939847,0.06854684598177256,0.0016575157642364502,0.1562577188014984,-0.1412617564201355,0.35822826623916626,-0.018023531883955002,-1.1055939197540283,0.7797046899795532,0.20487898588180542,0.6368265748023987,0.01044321060180664,-0.750124990940094,-0.5647420883178711
0.05475799999999998,0.0034223749999999996,16.0,1.709747613975683,-0.7279959584982122,0.21676443357620345,-0.005652781346902834,0.005680427681811442,0.00019852878763476175,0.06838109119292494,-0.0006416141986846924,0.13772746920585632,-0.1444501280784607,0.41940128803253174,-0.09113229066133499,-0.8241386413574219,0.7521206140518188,0.2031155526638031,0.31715527176856995,0.19855022430419922,-0.5105702877044678,-0.620858907699585
0.05475799999999998,0.0034223749999999996,16.0,1.7255859876627462,-0.7275410538481918,0.22414703883911752,0.1091422562213795,-0.10764576137078603,-0.0025039410589310215,0.06854978021081666,-0.0005516707897186279,0.15389101207256317,-0.13951519131660461,0.3356081247329712,-0.029328204691410065,-1.080273151397705,0.7867371439933777,0.20678144693374634,0.6938475370407104,0.010921955108642578,-0.7930923104286194,-0.544007420539856
0.05475799999999998,0.0034223749999999996,16.0,1.679266920455367,-0.6985122186968302,0.21703109286400635,-0.005800242100015314,0.005904176377626501,0.0002171055314570351,0.0683354389414097,-0.0021618008613586426,0.13714410364627838,-0.14409980177879333,0.4025164842605591,-0.10500501096248627,-0.7897946834564209,0.7517562508583069,0.20279565453529358,0.3772139847278595,0.17484831809997559,-0.5494430065155029,-0.6035439968109131
0.05475799999999998,0.0034223749999999996,16.0,1.6958803282273585,-0.698252202223347,0.22548027418329272,0.11287644052568746,-0.11167645448667589,-0.0014939807535328913,0.06850635806482702,-0.001112520694732666,0.15221315622329712,-0.13571852445602417,0.3116042912006378,-0.06344276666641235,-1.0564792156219482,0.7893441319465637,0.20848163962364197,0.7202709317207336,0.015996217727661133,-0.801344096660614,-0.5216431617736816
0.05475799999999998,0.0034223749999999996,16.0,1.6479346241444046,-0.6681623689618625,0.21735794698949853,-0.005937052484361757,0.006127937243745421,0.00021768507379671235,0.06830292685349384,-0.002674609422683716,0.13106486201286316,-0.13471946120262146,0.35442253947257996,-0.11753471195697784,-0.7259454727172852,0.7322713732719421,0.22210070490837097,0.3979189693927765,0.18186688423156738,-0.4785799980163574,-0.5752728581428528
0.05475799999999998,0.0034223749999999996,16.0,1.6650518737110485,-0.6680485808694363,0.226207075014674,0.11635926094212079,-0.11552610734205226,-0.001265660785304193,0.06849169542842179,-0.0023501813411712646,0.14904895424842834,-0.1303488314151764,0.27843791246414185,-0.09177248924970627,-1.0159461498260498,0.7813423871994019,0.21155515313148499,0.7526965141296387,0.021709442138671875,-0.799972414970398,-0.4916532337665558
0.05475799999999998,0.0034223749999999996,16.0,1.6159127188756957,-0.6369360850049578,0.21756279410928814,-0.006087144929900248,0.00635009089957336,0.0002061495369723904,0.06828422181627841,-0.003351747989654541,0.12343694269657135,-0.12165674567222595,0.30141469836235046,-0.11795323342084885,-0.6346468925476074,0.6919193863868713,0.24938231706619263,0.3965321481227875,0.21020197868347168,-0.3614499866962433,-0.5502417087554932
0.05475799999999998,0.0034223749999999996,16.0,1.6334700550695012,-0.6368677381115324,0.2266441007801973,0.11957097060873811,-0.11932473354688605,-0.0011542404309128936,0.06848319624401245,-0.004903078079223633,0.14184004068374634,-0.11775150895118713,0.23389162123203278,-0.11959530413150787,-0.9338338375091553,0.754032552242279,0.22093993425369263,0.7397341728210449,0.06164860725402832,-0.7088031768798828,-0.4572484791278839
0.05475799999999998,0.0034223749999999996,16.0,1.5831727928461858,-0.6047196933502603,0.21766851418963037,-0.006243787073794804,0.006567339049053162,0.0001809837869619748,0.06826420772370513,-0.003476947546005249,0.1142151728272438,-0.10701718926429749,0.24967440962791443,-0.10382324457168579,-0.48937177658081055,0.6113214492797852,0.28499066829681396,0.33633720874786377,0.28874969482421875,-0.20321980118751526,-0.5350276231765747
0.05475799999999998,0.0034223749999999996,16.0,1.6010780221269878,-0.6047996824186025,0.22709402459441194,0.12275990536475694,-0.12287911073375235,-0.0005746733545896487,0.06847231445097372,-0.006394833326339722,0.1327793300151825,-0.10364344716072083,0.19711089134216309,-0.13428828120231628,-0.8222997188568115,0.6964419484138489,0.23405274748802185,0.705091118812561,0.11966657638549805,-0.6207839846611023,-0.4342512786388397
0.05475799999999998,0.0034223749999999996,16.0,1.5495991178453248,-0.5716317270122075,0.21770891695130573,-0.0064040675392337066,0.0067756847051032125,0.00014717520175234176,0.06825033376711932,-0.0032855570316314697,0.10669918358325958,-0.09982848167419434,0.2202536016702652,-0.0794275775551796,-0.333449125289917,0.5169888138771057,0.30272966623306274,0.2859303653240204,0.35513830184936523,-0.13078194856643677,-0.5239378213882446
0.05475799999999998,0.0034223749999999996,16.0,1.5678018821545066,-0.5718218692850342,0.22729030864523056,0.12582460135540666,-0.12621340006295448,9.549724916036855e-5,0.06846645513939292,-0.007111102342605591,0.12308180332183838,-0.09369346499443054,0.1767657846212387,-0.12228629738092422,-0.6682217121124268,0.6163167953491211,0.24645167589187622,0.6648220419883728,0.17656517028808594,-0.5678305625915527,-0.42692938446998596
0.05475799999999998,0.0034223749999999996,16.0,1.5155081716164505,-0.5376861392768953,0.21764260222624204,-0.006571880935722408,0.006965187174463532,0.0001280218861385172,0.06825190836695465,-0.05276867747306824,0.10070276260375977,-0.08388713002204895,0.2273668646812439,0.039785854518413544,-0.2843632698059082,0.19149291515350342,0.4240127205848694,0.45325005054473877,0.7883250713348389,-0.25152403116226196,-0.6519089341163635
0.05475799999999998,0.0034223749999999996,16.0,1.5337182570558567,-0.5379301065364699,0.22733815487980172,0.12875356233835097,-0.12933148422424237,0.0005890675171640069,0.06846324959699465,-0.01341894268989563,0.11012423038482666,-0.05608603358268738,0.23484393954277039,-0.13513679802417755,-0.9212563037872314,0.5415374040603638,0.20660832524299622,1.132112979888916,0.2321758270263672,-0.9388238787651062,-0.44294196367263794
0.05475799999999998,0.0034223749999999996,16.0,1.4805519259295579,-0.5028782471331104,0.21755934454575884,-0.006741634658228017,0.007145183643601085,0.00011408175069181431,0.06825490912311878,-0.05430576205253601,0.09646525979042053,-0.08431223034858704,0.20968762040138245,0.07157648354768753,-0.13662242889404297,0.09792262315750122,0.41087606549263,0.42412155866622925,0.8118212223052979,-0.3314061462879181,-0.6212459802627563
0.05475799999999998,0.0034223749999999996,16.0,1.4988143938188454,-0.5031258919654173,0.2272459329851017,0.13153447673865967,-0.13221741118367966,0.0008849958870735261,0.0684630453123805,-0.013919979333877563,0.1014777272939682,-0.05464431643486023,0.22701171040534973,-0.09206752479076385,-0.7783129215240479,0.46311476826667786,0.21410015225410461,1.1203436851501465,0.25740909576416016,-0.9951264262199402,-0.44313937425613403
0.05475799999999998,0.0034223749999999996,16.0,1.444773237998336,-0.467266012983541,0.2175473738330896,-0.006899666683897668,0.00732810614217075,0.00011143177173524535,0.06825794370663239,-0.05494409799575806,0.09350957721471786,-0.0848156213760376,0.19994737207889557,0.10962529480457306,-0.04188799858093262,0.029104629531502724,0.40335148572921753,0.43130388855934143,0.8156070709228516,-0.43252837657928467,-0.6039585471153259
0.05475799999999998,0.0034223749999999996,16.0,1.463056204379089,-0.46747732250173446,0.22715341897751476,0.13412935708429927,-0.13488597837232985,0.0011859552112308681,0.068464699266631,-0.01373511552810669,0.09647632390260696,-0.05557990074157715,0.22537009418010712,-0.05366261675953865,-0.6966855525970459,0.4051096737384796,0.21338123083114624,1.1198689937591553,0.26979994773864746,-1.0580134391784668,-0.4410381317138672
0.05475799999999998,0.0034223749999999996,16.0,1.4081022160407892,-0.43076526711089097,0.21754398975017253,-0.007058755059349231,0.007501837138543406,0.00010872277414412159,0.06826095251382296,-0.05496177077293396,0.09281610697507858,-0.08642122149467468,0.19534406065940857,0.11756065487861633,-0.03020024299621582,0.01755322702229023,0.3964478373527527,0.4369967579841614,0.8178811073303223,-0.456418514251709,-0.5924270153045654
0.05475799999999998,0.0034223749999999996,16.0,1.4264754013438707,-0.4308884162152548,0.2271227555899517,0.13653536066095576,-0.13730391539296655,0.0013826206921310471,0.0684684628995408,-0.013211250305175781,0.09588750451803207,-0.05844759941101074,0.2253829836845398,-0.04765262082219124,-0.6889715194702148,0.3963269889354706,0.20824289321899414,1.1243102550506592,0.2717726230621338,-1.0745773315429688,-0.435940146446228
0.05475799999999998,0.0034223749999999996,16.0,1.3705744142954401,-0.3934352840544629,0.21754504345765674,-0.007216727592221974,0.00767018567075095,9.723446252318566e-5,0.06826568882742852,-0.056286245584487915,0.09223870933055878,-0.08617556095123291,0.18752047419548035,0.12202877551317215,-0.012030363082885742,0.01574259251356125,0.3995744287967682,0.4440152049064636,0.828289270401001,-0.4712387025356293,-0.5877379179000854
0.05475799999999998,0.0034223749999999996,16.0,1.3889898890585846,-0.39350435504667525,0.22704213518702318,0.13871772346693878,-0.13947661447421592,0.0016240136301652267,0.0684726462761189,-0.01404467225074768,0.09542392939329147,-0.05862957239151001,0.22280281782150269,-0.04412846267223358,-0.6807737350463867,0.39643335342407227,0.2106955349445343,1.1267082691192627,0.2754487991333008,-1.0803592205047607,-0.4358779191970825
0.05475799999999998,0.0034223749999999996,16.0,1.332217300043211,-0.35523726214024554,0.21754050765032648,-0.007386507641404523,0.007852628421959764,9.814171734485423e-5,0.06827064673754184,-0.0582641065120697,0.09229759126901627,-0.08585032820701599,0.18090999126434326,0.12150795757770538,0.0004487037658691406,0.017254315316677094,0.4029249846935272,0.44249260425567627,0.844923734664917,-0.4764983654022217,-0.58452969789505
0.05475799999999998,0.0034223749999999996,16.0,1.350716388550416,-0.3552602035073242,0.2270004719745599,0.14062537086819296,-0.14139269085648878,0.0017095374667893703,0.0684761227837342,-0.01515263319015503,0.09587126970291138,-0.058661818504333496,0.22205320000648499,-0.04482666030526161,-0.6835112571716309,0.40218082070350647,0.2124030590057373,1.124860405921936,0.2804536819458008,-1.0825159549713135,-0.43692418932914734
0.05475799999999998,0.0034223749999999996,16.0,1.2930539438784923,-0.3161652347279365,0.2175466654797379,-0.007512343272641645,0.0079887079655083,9.589795986584437e-5,0.0682734669706079,-0.06059718132019043,0.09310305863618851,-0.08631101250648499,0.17647863924503326,0.11857479810714722,0.006214141845703125,0.02004172094166279,0.4033966362476349,0.43457332253456116,0.8638274669647217,-0.476846843957901,-0.5806552171707153
0.05475799999999998,0.0034223749999999996,16.0,1.311638611415082,-0.3161619377485126,0.2269739872088068,0.14234075665574059,-0.14305152731245382,0.0017688792820560462,0.06847770354311151,-0.016255110502243042,0.09706306457519531,-0.05930420756340027,0.22376473248004913,-0.049509212374687195,-0.6948719024658203,0.41049227118492126,0.210953027009964,1.1188931465148926,0.2861464023590088,-1.0825169086456299,-0.43728622794151306
0.05475799999999998,0.0034223749999999996,16.0,1.2530670877841674,-0.2763070886305198,0.21751889190866386,-0.007609178719431768,0.008088001438292131,7.447651500704497e-5,0.06827784880232189,-0.06277599930763245,0.09313865751028061,-0.08707743883132935,0.169904887676239,0.12120209634304047,0.02244114875793457,0.029873816296458244,0.4072965681552887,0.44443678855895996,0.8724260330200195,-0.48254770040512085,-0.5780246257781982
0.05475799999999998,0.0034223749999999996,16.0,1.2717007824502309,-0.276283359150216,0.2269378101905033,0.14378721987929588,-0.1444445845709454,0.002052832530417239,0.06847889954503654,-0.01758405566215515,0.09752088785171509,-0.059625476598739624,0.22223204374313354,-0.05125397443771362,-0.6876976490020752,0.4195871949195862,0.2138374149799347,1.1243870258331299,0.28705501556396484,-1.0848485231399536,-0.43870875239372253
0.05475799999999998,0.0034223749999999996,16.0,1.212214199552731,-0.2357072451252653,0.21738634803210902,-0.007683843253774845,0.008114909873579235,-6.878883649592984e-6,0.06828918442827991,-0.06459900736808777,0.09295956790447235,-0.08852696418762207,0.164063960313797,0.12383878976106644,0.03496742248535156,0.0431436225771904,0.41053682565689087,0.4539327919483185,0.8767099380493164,-0.4832821488380432,-0.5754660367965698
0.05475799999999998,0.0034223749999999996,16.0,1.2308094413922348,-0.23556665473201452,0.2266950316411786,0.14517263426430113,-0.1453749809084624,0.003050925221664533,0.06847593294743393,-0.019061923027038574,0.09819503128528595,-0.05971795320510864,0.22315405309200287,-0.06275038421154022,-0.6781148910522461,0.4297737181186676,0.2133200764656067,1.1245309114456177,0.2879819869995117,-1.0817583799362183,-0.43920227885246277
0.05475799999999998,0.0034223749999999996,16.0,1.1706184399541935,-0.19425004586800798,0.21723937883787936,-0.007760894745981006,0.008141035968269924,-8.193929650180975e-5,0.0682993869069767,-0.06610432267189026,0.09293442219495773,-0.09092071652412415,0.15998251736164093,0.1253325194120407,0.04552578926086426,0.05977750942111015,0.41240543127059937,0.4654381573200226,0.8768534660339355,-0.4793323874473572,-0.5733048915863037
0.05475799999999998,0.0034223749999999996,16.0,1.1891556966206867,-0.19405412522438767,0.2264648821804606,0.1461942328992256,-0.1460246341158251,0.00404250062871845,0.0684701062112171,-0.019539237022399902,0.09803804010152817,-0.05965891480445862,0.22396835684776306,-0.06256502866744995,-0.666344165802002,0.4280149042606354,0.21519681811332703,1.1357014179229736,0.28150033950805664,-1.091484785079956,-0.44187214970588684
0.05475799999999998,0.0034223749999999996,16.0,1.12816762397269,-0.15190691698607933,0.21713431009583872,-0.007822431866628126,0.00815694468209786,-0.00014262920913177032,0.06830877661479699,-0.07030704617500305,0.09413742274045944,-0.09230473637580872,0.15247589349746704,0.12707564234733582,0.05825448036193848,0.08316664397716522,0.42249763011932373,0.46979179978370667,0.8929462432861328,-0.46208155155181885,-0.5760177969932556
0.05475799999999998,0.0034223749999999996,16.0,1.1467064352427525,-0.1516643906187073,0.2262963851640195,0.14689010109812725,-0.14637046571068732,0.004627341414864222,0.06846612197424044,-0.021371662616729736,0.09941311925649643,-0.06002417206764221,0.22291859984397888,-0.07011028379201889,-0.6621885299682617,0.44274207949638367,0.21791553497314453,1.1382049322128296,0.28344225883483887,-1.0817232131958008,-0.4436398148536682
0.05475799999999998,0.0034223749999999996,16.0,1.0847680534418997,-0.10867028886460944,0.21708548032615288,-0.007852708430525792,0.008178297563212597,-0.00014691462680944405,0.06831862682425797,-0.07793420553207397,0.09580832719802856,-0.09374725818634033,0.13781960308551788,0.1301506906747818,0.08546614646911621,0.12461021542549133,0.4440043270587921,0.49544790387153625,0.9146738052368164,-0.4321994185447693,-0.5830336809158325
0.05475799999999998,0.0034223749999999996,16.0,1.1034037647986257,-0.10836526670959279,0.22630619634241697,0.14719036055042492,-0.14655003154150434,0.00471984108684829,0.06846785746663896,-0.027236342430114746,0.10116108506917953,-0.05881074070930481,0.2061844915151596,-0.05265100672841072,-0.6180438995361328,0.47456520795822144,0.24388647079467773,1.1892155408859253,0.2824552059173584,-1.0734353065490723,-0.45303401350975037
0.05475799999999998,0.0034223749999999996,16.0,1.0404289715316068,-0.06375211980214679,0.21680299533312727,-0.007862003871070167,0.008225028873908878,-0.00010924256156619495,0.0682825847885015,-0.08910679817199707,0.11996041238307953,-0.10053476691246033,0.14913451671600342,0.1097191870212555,0.08770012855529785,0.030106155201792717,0.46761804819107056,0.1883401870727539,1.1443321704864502,-0.27564793825149536,-0.6179153323173523
0.05475799999999998,0.0034223749999999996,16.0,1.059727699024753,-0.06381420462755358,0.22573709567207556,0.14716492447845417,-0.14692954399310418,0.0035567435664249788,0.06845620564575554,-0.02126103639602661,0.11987563222646713,-0.07439956068992615,0.22859367728233337,-0.04020961374044418,-0.7927243709564209,0.3783785402774811,0.22127419710159302,1.0049583911895752,0.4242730140686035,-0.8884263634681702,-0.45300737023353577
0.05475799999999998,0.0034223749999999996,16.0,0.9945729645935584,-0.0165569902825125,0.2169133305726942,-0.007907107616140609,0.00835053424308606,-4.095172530588524e-5,0.06812458074863043,-0.12254711985588074,0.18038655817508698,-0.09326562285423279,0.18691286444664001,-0.0717480406165123,0.1813802719116211,-0.3185226619243622,0.5977874398231506,-0.7138721346855164,1.653337001800537,0.008142253383994102,-0.7840914726257324
0.05475799999999998,0.0034223749999999996,16.0,1.0153969254084483,-0.018302088019092815,0.224841285198775,0.14713640289014787,-0.14799539135634535,0.0011372118692239983,0.06840924634222073,-0.0198325514793396,0.14156246185302734,-0.09716573357582092,0.2208620309829712,-0.024717286229133606,-0.8889737129211426,0.19458311796188354,0.24942293763160706,0.6681511998176575,0.652897834777832,-0.4788179397583008,-0.47302523255348206
0.05475799999999998,0.0034223749999999996,16.0,0.9931183156489795,0.02348527937918601,0.21504346427228627,-0.0002939060877718032,0.008130270326684114,0.00015409264920468693,0.06841791851840252,-0.1729440987110138,0.05159610137343407,-0.14865455031394958,0.27392661571502686,-0.6740079522132874,0.3059718608856201,0.7039893865585327,-0.05223536491394043,-0.2971382439136505,1.152212381362915,0.18410563468933105,-0.21713000535964966
0.05475799999999998,0.0034223749999999996,16.0,1.0141044202290093,0.026073483078099115,0.22324471457482206,0.002477330434426476,-0.14889469012490816,-5.7020167896091154e-5,0.06841411370698777,-0.05447441339492798,0.120284803211689,-0.13465401530265808,0.6210546493530273,-0.3347465395927429,-0.5045263767242432,0.28374534845352173,0.06857937574386597,-0.34751397371292114,0.9187033176422119,-0.2897142469882965,-0.6928659081459045
0.05475799999999998,0.0034223749999999996,16.0,1.0362767507497623,0.06970376649828497,0.21644901010132164,0.007933162596805675,0.00839488140325148,0.0006453465652384356,0.0683571343565887,-0.2226589024066925,0.08928779512643814,-0.11154204607009888,0.6350103616714478,-0.8935731053352356,0.5361506938934326,0.3975774049758911,0.04856106638908386,-1.175673246383667,1.4363369941711426,0.481199711561203,-0.6793366074562073
0.05475799999999998,0.0034223749999999996,16.0,1.0580243739919715,0.07470901369545574,0.22511140282165337,-0.15182785590613548,-0.14958794643316362,-0.004450621717898293,0.0682519273413198,-0.09190383553504944,0.21037009358406067,-0.07725563645362854,0.9857156872749329,-0.44913017749786377,0.3190903663635254,-0.20389337837696075,0.2594723701477051,-1.5155398845672607,0.5936849117279053,0.2746666371822357,-1.249444603919983
0.05475799999999998,0.0034223749999999996,16.0,1.0791079717425138,0.11497806518060873,0.21773501566703202,0.007945735737979598,0.008329325360843487,0.0007486994978228016,0.06838216021791844,-0.2517413794994354,0.12119749188423157,-0.07969063520431519,0.8563978672027588,-1.0554568767547607,0.6515134572982788,0.19046349823474884,0.1583978533744812,-1.5238659381866455,1.4672508239746094,0.591989278793335,-1.011830449104309
0.05475799999999998,0.0034223749999999996,16.0,1.1006365560641775,0.1207506798508574,0.22699846828822504,-0.15182087835162655,-0.14898898632741478,-0.00580675153950383,0.06830134680255358,-0.13065341114997864,0.2517365515232086,-0.033102959394454956,1.1394362449645996,-0.6637353301048279,0.8162515163421631,-0.43441012501716614,0.3985768258571625,-1.9431544542312622,0.35138678550720215,0.5966910719871521,-1.5427905321121216
0.05475799999999998,0.0034223749999999996,16.0,1.1220237378519757,0.15889918516690596,0.2182155247408521,0.00792664808512344,0.008303048127712334,0.0007399221181537958,0.06837196546895374,-0.2605229914188385,0.137099027633667,-0.06869441270828247,0.93883216381073,-1.0950719118118286,0.7160406112670898,0.18147125840187073,0.18690800666809082,-1.6474394798278809,1.4506874084472656,0.5954713225364685,-1.123598575592041
0.05475799999999998,0.0034223749999999996,16.0,1.1439167515630941,0.1645290358343602,0.22766600641169107,-0.15205409891043367,-0.14851966956079504,-0.004717713650460951,0.06828638183313519,-0.12520462274551392,0.26354601979255676,-0.015090972185134888,1.2185901403427124,-0.660526692867279,0.9433382749557495,-0.4468313455581665,0.3810708522796631,-2.017641544342041,0.13637185096740723,0.6281837821006775,-1.6048645973205566
0.05475799999999998,0.0034223749999999996,16.0,1.1643283319545852,0.20155918225347033,0.21839276566290813,0.007880958121583693,0.008272954609289439,0.0007347808144028803,0.06836953872603013,-0.26364555954933167,0.14411897957324982,-0.0645717978477478,0.9634653925895691,-1.1256279945373535,0.7487229108810425,0.1857379823923111,0.2057281732559204,-1.6878727674484253,1.4278943538665771,0.6146898865699768,-1.1674622297286987
0.05475799999999998,0.0034223749999999996,16.0,1.1861816303484618,0.20714734581619754,0.22789680761868958,-0.15166016012267328,-0.14803198194562087,-0.004423975560921864,0.06828112830773528,-0.12691688537597656,0.2689761519432068,-0.008998215198516846,1.242263913154602,-0.6815874576568604,1.0246683359146118,-0.4458477795124054,0.3867489993572235,-2.0650856494903564,0.05311703681945801,0.6715365648269653,-1.6344950199127197
0.05475799999999998,0.0034223749999999996,16.0,1.2058591813973905,0.24328317668100033,0.21847846530105128,0.00782674326637503,0.008228360542488315,0.0007288067071436581,0.06836191798290175,-0.265207439661026,0.14924272894859314,-0.06237974762916565,0.9796143174171448,-1.1411069631576538,0.7758324146270752,0.19688570499420166,0.21779611706733704,-1.7121516466140747,1.4064791202545166,0.6327195167541504,-1.1960211992263794
0.05475799999999998,0.0034223749999999996,16.0,1.2276718553950574,0.24884152282589644,0.22801858829810182,-0.15091492571414955,-0.1472738186436581,-0.004153124127597923,0.0682745175997293,-0.12819194793701172,0.2729053199291229,-0.004517197608947754,1.2730759382247925,-0.673183262348175,1.0407522916793823,-0.45683565735816956,0.37315768003463745,-2.06571364402771,0.0256350040435791,0.6370776295661926,-1.6517672538757324
0.05475799999999998,0.0034223749999999996,16.0,1.2465283924317658,0.28418550476355875,0.21862239291064403,0.007787147562423925,0.008174115787762148,0.0007213478389697673,0.0683498884218822,-0.2617124617099762,0.15253731608390808,-0.06084427237510681,0.9584338068962097,-1.2012563943862915,0.8198561668395996,0.23997370898723602,0.2488815188407898,-1.7089396715164185,1.334343433380127,0.6946438550949097,-1.2062904834747314
0.05475799999999998,0.0034223749999999996,16.0,1.2683281409441602,0.28969258402585796,0.22815270738115986,-0.1498613119182371,-0.14614430817487134,-0.0038132936486942985,0.06826825715415119,-0.12931185960769653,0.2765766680240631,-0.0002512633800506592,1.2889989614486694,-0.683484673500061,1.0895224809646606,-0.45346879959106445,0.37360572814941406,-2.0864458084106445,-0.02965855598449707,0.6605228185653687,-1.6683249473571777
0.05475799999999998,0.0034223749999999996,16.0,1.2863601409689174,0.3242426767849367,0.2186776411062586,0.007696117421913833,0.008076171656144836,0.0007092067159857528,0.06833927423091087,-0.26308712363243103,0.15769976377487183,-0.05565124750137329,1.003901720046997,-1.1683310270309448,0.8324309587478638,0.22616063058376312,0.23920390009880066,-1.7254278659820557,1.3239076137542725,0.6969500780105591,-1.2424330711364746
0.05475799999999998,0.0034223749999999996,16.0,1.308121875538045,0.32968049647953024,0.22823425053034802,-0.14845514032035487,-0.14479657629115356,-0.003582608439780861,0.06826323629267021,-0.13714703917503357,0.27983394265174866,-0.0014400482177734375,1.2690000534057617,-0.7328451871871948,1.1611448526382446,-0.4388599097728729,0.41069382429122925,-2.136735439300537,-0.029181241989135742,0.7350050806999207,-1.6856999397277832
0.05475799999999998,0.0034223749999999996,16.0,1.325172571947511,0.363437915378148,0.21857953330007895,0.0075630355421778955,0.007947874207449064,0.0007020007160596796,0.06833911400586705,-0.2675904333591461,0.1621038168668747,-0.05714303255081177,0.9985580444335938,-1.1884849071502686,0.8524045944213867,0.23545412719249725,0.2588990032672882,-1.745180606842041,1.3291330337524414,0.7145256400108337,-1.2569721937179565
0.05475799999999998,0.0034223749999999996,16.0,1.34688414683776,0.36877134469760436,0.22824048822162749,-0.14659159736013994,-0.14328585254914175,-0.0036723405861199777,0.06826623234096348,-0.14021500945091248,0.28264591097831726,-0.00016096234321594238,1.2858902215957642,-0.7390313744544983,1.183372139930725,-0.43315035104751587,0.4085923135280609,-2.145254373550415,-0.03421282768249512,0.7178189754486084,-1.700613021850586
0.05475799999999998,0.0034223749999999996,16.0,1.3630423257323925,0.40180895547989376,0.21841897504290902,0.007381197793864876,0.00777315298221646,0.0006920665193661359,0.06834366512410665,-0.2747032940387726,0.16663698852062225,-0.06030276417732239,0.9841391444206238,-1.2150179147720337,0.8698825836181641,0.24172437191009521,0.28409308195114136,-1.770249843597412,1.353553056716919,0.7288561463356018,-1.2678585052490234
0.05475799999999998,0.0034223749999999996,16.0,1.3848608665685258,0.4070171511395856,0.22822297939948444,-0.14452789009591432,-0.14150560960169656,-0.0036835972755951893,0.06826867838985291,-0.14268115162849426,0.28469106554985046,0.002916187047958374,1.2948118448257446,-0.7525747418403625,1.2153431177139282,-0.42633917927742004,0.4081747531890869,-2.147426128387451,-0.06068134307861328,0.7367886900901794,-1.7092676162719727
0.05475799999999998,0.0034223749999999996,16.0,1.3999718476470473,0.4393619392633955,0.2182771827948388,0.007212098673118436,0.007611762282348949,0.0006883035580955959,0.06834895740539043,-0.2759188711643219,0.17142988741397858,-0.05763733386993408,1.0062168836593628,-1.2233293056488037,0.8921886682510376,0.25604110956192017,0.28976017236709595,-1.8002853393554688,1.3283889293670654,0.7576406002044678,-1.2959831953048706
0.05475799999999998,0.0034223749999999996,16.0,1.422163435508783,0.44449012766143614,0.22838910473262963,-0.14242784357899382,-0.13926651235674609,-0.0033145346919387256,0.06826501250101197,-0.1435861885547638,0.2870981693267822,0.009418874979019165,1.3200775384902954,-0.7720049619674683,1.2522192001342773,-0.4251653552055359,0.3973318636417389,-2.1665382385253906,-0.11409759521484375,0.7740444540977478,-1.7238160371780396
0.05475799999999998,0.0034223749999999996,16.0,1.436456141031402,0.47611898275443165,0.21845475917753912,0.0070624304741286285,0.007436629957880871,0.000669672181569586,0.06833219868792509,-0.2830520570278168,0.17633263766765594,-0.05447113513946533,1.0189018249511719,-1.2828073501586914,0.9216663837432861,0.25859686732292175,0.3127763271331787,-1.8626703023910522,1.3252623081207275,0.8260312676429749,-1.3320701122283936
0.05475799999999998,0.0034223749999999996,16.0,1.4586668319947984,0.48112333548337977,0.22858580104611895,-0.14011796414092254,-0.13675516643355815,-0.002909756062182611,0.06826192398941193,-0.14310768246650696,0.2890259325504303,0.01992437243461609,1.3601043224334717,-0.8056550025939941,1.301633596420288,-0.42272454500198364,0.378481388092041,-2.201122999191284,-0.19792962074279785,0.8415548801422119,-1.7451627254486084
0.05475799999999998,0.0034223749999999996,16.0,1.472168368283111,0.5120259506218124,0.2187444574413705,0.006910284361400823,0.00725616503741082,0.0006528457242514865,0.0683125209467746,-0.26514384150505066,0.160723015666008,-0.034515053033828735,1.1042557954788208,-1.3130053281784058,0.9013487100601196,0.2484378069639206,0.25593075156211853,-1.8369792699813843,1.1409175395965576,1.0818253755569458,-1.36137056350708
0.05475799999999998,0.0034223749999999996,16.0,1.4942641913614456,0.5169093195561195,0.22895211978582364,-0.13749447518648839,-0.1340869174564975,-0.0026801334804851668,0.06826299448803465,-0.13624396920204163,0.2703629434108734,0.044626981019973755,1.3812801837921143,-0.9052612781524658,1.2936532497406006,-0.41274306178092957,0.32717442512512207,-2.107240676879883,-0.3468971252441406,1.1433054208755493,-1.7148816585540771
0.05475799999999998,0.0034223749999999996,16.0,1.5071850285043276,0.5469281044272661,0.21907300008950337,0.006740981317508018,0.007078141395953405,0.0006420579377700453,0.0683050894982631,-0.2365589737892151,0.1301383674144745,-0.0043322741985321045,1.1811457872390747,-1.376022219657898,0.8503892421722412,0.2378522902727127,0.18400993943214417,-1.746368646621704,0.8441667556762695,1.472921371459961,-1.3671040534973145
0.05475799999999998,0.0034223749999999996,16.0,1.5292426011136329,0.5516766401624611,0.2294367750471317,-0.1346282145186995,-0.1312505807128939,-0.0025452818321843296,0.0682654888154589,-0.12188655138015747,0.2376430183649063,0.08453884720802307,1.4006683826446533,-1.006482720375061,1.2115012407302856,-0.38941845297813416,0.23827603459358215,-1.9096578359603882,-0.5721421241760254,1.53170907497406,-1.6447638273239136
0.05475799999999998,0.0034223749999999996,16.0,1.5415410690649713,0.5807908925148971,0.21978469978617465,0.006579988958335718,0.006886829957731972,0.0006351626961068259,0.06829169723750116,-0.21664327383041382,0.0849064514040947,0.09226402640342712,1.2146987915039062,-0.30605486035346985,0.4087796211242676,-0.1604902148246765,-0.09806913137435913,-2.1101560592651367,1.0716071128845215,1.4822832345962524,-1.117382287979126
0.05475799999999998,0.0034223749999999996,16.0,1.5633707567004012,0.5850911892612102,0.23013682154070658,-0.13172528180567095,-0.1280881409193116,-0.0024955614168712427,0.06826663327832133,-0.1412384808063507,0.13579532504081726,0.0560818612575531,1.1971988677978516,-0.44316548109054565,0.4610319137573242,-0.23323185741901398,0.06638050079345703,-1.4933254718780518,0.37041187286376953,0.9906649589538574,-1.26874840259552
0.05475799999999998,0.0034223749999999996,16.0,1.575237252783578,0.6133980527194992,0.22110098258742653,0.006448527018181397,0.006660962466063163,0.000640983501303233,0.06827519058841586,-0.17663779854774475,0.05207414552569389,0.11024418473243713,1.1866421699523926,-0.24975231289863586,0.14131927490234375,-0.22790290415287018,-0.16882365942001343,-1.9462653398513794,0.8774149417877197,1.7078793048858643,-1.018025517463684
0.05475799999999998,0.0034223749999999996,16.0,1.596690781330414,0.617215492677456,0.23087295009549785,-0.12880303758816541,-0.12464140378863377,-0.0026447469112455073,0.06826155531477789,-0.11894971132278442,0.10650426149368286,0.0892728865146637,1.2053741216659546,-0.403388112783432,0.19660067558288574,-0.26794061064720154,-0.018044114112854004,-1.3411567211151123,0.2227611541748047,1.2232611179351807,-1.1915779113769531
0.05475799999999998,0.0034223749999999996,16.0,1.6083743238259285,0.6449488941406323,0.22256278737978225,0.006314925024512646,0.006429033096768035,0.0006408696720271753,0.06826967511663136,-0.1408083438873291,0.025378309190273285,0.1294420063495636,1.1550246477127075,-0.16126981377601624,-0.12096476554870605,-0.29505011439323425,-0.22556453943252563,-1.7856671810150146,0.6898341178894043,1.8069697618484497,-0.9288972616195679
0.05475799999999998,0.0034223749999999996,16.0,1.6294091268064403,0.648175125370806,0.23172591329959488,-0.125620022878523,-0.1210908700135651,-0.0029925221081508312,0.06826207634369878,-0.09869799017906189,0.0799546167254448,0.11741986870765686,1.1803746223449707,-0.3317711651325226,-0.059769630432128906,-0.29104459285736084,-0.07808458805084229,-1.176303744316101,0.10078573226928711,1.3540456295013428,-1.1055335998535156
0.05475799999999998,0.0034223749999999996,16.0,1.6411012760835006,0.6750787300434071,0.22422688830190862,0.006190844722725978,0.006187678443902268,0.0006386857631173664,0.06826316655574816,-0.11484867334365845,0.011053183116018772,0.1472720205783844,1.127328872680664,-0.07071831822395325,-0.286590576171875,-0.33496254682540894,-0.2482113242149353,-1.6932858228683472,0.5419032573699951,1.791156530380249,-0.878165066242218
0.05475799999999998,0.0034223749999999996,16.0,1.66122793110502,0.6778674196824959,0.2324123833775752,-0.12257135215891472,-0.1172174544087821,-0.0032947369551572523,0.0682452769358084,-0.08830362558364868,0.06832700222730637,0.14029446244239807,1.1808549165725708,-0.246944859623909,-0.21683907508850098,-0.3181074261665344,-0.11001044511795044,-1.121728539466858,0.018871068954467773,1.3610920906066895,-1.0731372833251953
0.05475799999999998,0.0034223749999999996,16.0,1.6729104498951703,0.704408222720013,0.2260096921106834,0.006103987131639939,0.0059399345128426095,0.0006143418273615584,0.06821697461412303,-0.1038670539855957,0.00730145163834095,0.15530964732170105,1.1195642948150635,-0.01695244014263153,-0.3459205627441406,-0.3523404002189636,-0.25132977962493896,-1.6860978603363037,0.48996996879577637,1.7462064027786255,-0.867161750793457
0.05475799999999998,0.0034223749999999996,16.0,1.6923133139495858,0.7069141401871829,0.23329301346626585,-0.11928070517785375,-0.11320601223277756,-0.0034748275089449498,0.06824017210470251,-0.08291405439376831,0.0664779543876648,0.14198365807533264,1.183959722518921,-0.21232280135154724,-0.23004961013793945,-0.3148646354675293,-0.11278486251831055,-1.1434733867645264,0.0033991336822509766,1.3351632356643677,-1.0736632347106934
0.05475799999999998,0.0034223749999999996,16.0,1.7039732811533275,0.7329275231775082,0.22722684277275165,0.0059777433645407515,0.005716101789892854,0.0005762361975693355,0.06819378914940039,-0.09894904494285583,0.008302747271955013,0.15835389494895935,1.1255278587341309,0.011799527332186699,-0.3482334613800049,-0.354378342628479,-0.24579811096191406,-1.715803861618042,0.47846341133117676,1.7146708965301514,-0.8788443803787231
0.05475799999999998,0.0034223749999999996,16.0,1.7218699499660226,0.7353116510024799,0.23401859719461654,-0.11523605337484949,-0.10995190573831662,-0.0034885186795932583,0.06820251608950806,-0.07555529475212097,0.0662950649857521,0.144163578748703,1.1878923177719116,-0.16944316029548645,-0.24446725845336914,-0.3133827745914459,-0.11449497938156128,-1.1530122756958008,-0.026601791381835938,1.2843090295791626,-1.0761134624481201
0.05475799999999998,0.0034223749999999996,16.0,1.733635493496381,0.7613667768072354,0.2285509774337705,0.005826996828756768,0.005467507858164087,0.0005216772408193434,0.06818134115167877,-0.09486892819404602,0.011187530122697353,0.16246667504310608,1.1368441581726074,0.03655000403523445,-0.3515763282775879,-0.35318002104759216,-0.23931926488876343,-1.7383086681365967,0.46457958221435547,1.6793533563613892,-0.8967924118041992
0.05475799999999998,0.0034223749999999996,16.0,1.751431398458313,0.7637146901180935,0.23476848279765702,-0.1115933339302746,-0.10585037135292474,-0.003439318200358512,0.06819709116227733,-0.07412555813789368,0.06651173532009125,0.14462503790855408,1.194507122039795,-0.15780261158943176,-0.2512953281402588,-0.3151785433292389,-0.11433678865432739,-1.16204035282135,-0.026703596115112305,1.2694833278656006,-1.0829782485961914
0.05475799999999998,0.0034223749999999996,16.0,1.762486451498275,0.7890443214620602,0.22880173900807604,0.00561472675660328,0.005246971846798832,0.0005011905341839531,0.06818726458458771,-0.09396126866340637,0.012748952023684978,0.16232261061668396,1.1434674263000488,0.03961978107690811,-0.3619413375854492,-0.3584469258785248,-0.2378731369972229,-1.7439831495285034,0.46905088424682617,1.6646984815597534,-0.9048186540603638
0.05475799999999998,0.0034223749999999996,16.0,1.7799356740505747,0.7914589928929484,0.23525021509419083,-0.10770285077678696,-0.10177418591232885,-0.0034225552088258176,0.0681965922405014,-0.07330796122550964,0.06697666645050049,0.14523592591285706,1.2030491828918457,-0.14767281711101532,-0.26709437370300293,-0.31969204545021057,-0.11664032936096191,-1.1604201793670654,-0.024021148681640625,1.2489901781082153,-1.0892083644866943
0.05475799999999998,0.0034223749999999996,16.0,1.7902492548870461,0.8161152376530243,0.22886766064547706,0.00539127136897467,0.0050229255287923495,0.00048050870595590234,0.06819457561571983,-0.09270492196083069,0.014491173438727856,0.16210725903511047,1.147361159324646,0.04489657282829285,-0.36620140075683594,-0.3588118851184845,-0.23344379663467407,-1.7530328035354614,0.4737832546234131,1.654945969581604,-0.9132083058357239
0.05475799999999998,0.0034223749999999996,16.0,1.8075010294247484,0.8186788194178065,0.23553089192476573,-0.10372472097840801,-0.09766521183968055,-0.0032565100509583255,0.0681857452421311,-0.07195508480072021,0.06942940503358841,0.14885744452476501,1.2228434085845947,-0.12036991119384766,-0.3018202781677246,-0.3353866934776306,-0.12689846754074097,-1.1588854789733887,-0.026156902313232422,1.1921054124832153,-1.098491907119751
0.05475799999999998,0.0034223749999999996,16.0,1.8169507320486702,0.8426526532953211,0.22907299091426986,0.0051581950095651195,0.0047886321658046705,0.000457911473300542,0.06818608139840979,-0.09136483073234558,0.017072569578886032,0.16438761353492737,1.1586494445800781,0.05669236555695534,-0.37648558616638184,-0.3627406358718872,-0.23153620958328247,-1.7588075399398804,0.46796417236328125,1.6301990747451782,-0.9263828992843628
0.05475799999999998,0.0034223749999999996,16.0,1.834148194702315,0.8451988977022451,0.23572194517621106,-0.09959938983462077,-0.0935165603329438,-0.003019112461760749,0.06818003920474623,-0.07060933113098145,0.07228407263755798,0.15187391638755798,1.2408514022827148,-0.09431466460227966,-0.32781386375427246,-0.3491406738758087,-0.13497412204742432,-1.1644163131713867,-0.028757572174072266,1.1379646062850952,-1.108228087425232
0.05475799999999998,0.0034223749999999996,16.0,1.8427797423280992,0.8685180254728316,0.22928869465836846,0.004929283538215148,0.004566139203590541,0.00042992683137685296,0.0681772478026995,-0.09107610583305359,0.02127009630203247,0.16804423928260803,1.1788337230682373,0.06917484104633331,-0.39538097381591797,-0.37233850359916687,-0.23422586917877197,-1.762159824371338,0.45978379249572754,1.5873664617538452,-0.9436482191085815
0.05475799999999998,0.0034223749999999996,16.0,1.8599028653118683,0.8709907540579133,0.23589726370172656,-0.09536967006878071,-0.08930220414568422,-0.002694179380518956,0.06817313002128875,-0.06970182061195374,0.0751313641667366,0.15534904599189758,1.260664939880371,-0.06822527945041656,-0.35793519020080566,-0.3674565851688385,-0.14529556035995483,-1.1633058786392212,-0.030381202697753906,1.0782840251922607,-1.1174654960632324
0.05475799999999998,0.0034223749999999996,16.0,1.8676754704537415,0.8934871459708451,0.2293281354058157,0.004699242714788106,0.004348895456418783,0.00040867560010897814,0.0681756899379756,-0.0908837616443634,0.023283936083316803,0.1682981550693512,1.1862621307373047,0.07348762452602386,-0.4042050838470459,-0.3783833980560303,-0.23366975784301758,-1.7640761137008667,0.46340203285217285,1.5725946426391602,-0.951585054397583
0.05475799999999998,0.0034223749999999996,16.0,1.8847535893878944,0.8958269428277039,0.2358215142607883,-0.09089445289488582,-0.08513256901994294,-0.0026510486145122168,0.06817615819520245,-0.07091742753982544,0.07470020651817322,0.1540069878101349,1.266874074935913,-0.07539749890565872,-0.36771345138549805,-0.3722803294658661,-0.1462090015411377,-1.1522212028503418,-0.014144659042358398,1.0783108472824097,-1.1227668523788452
0.05475799999999998,0.0034223749999999996,16.0,1.8917324915425504,0.9176374980497536,0.2293561649836447,0.004479263145902937,0.004141154858645065,0.0003899330748431721,0.0681706971787387,-0.09089326858520508,0.025512516498565674,0.16839107871055603,1.1935656070709229,0.0780581459403038,-0.41132497787475586,-0.3849336504936218,-0.23317503929138184,-1.7692842483520508,0.4691162109375,1.5597245693206787,-0.9593413472175598
0.05475799999999998,0.0034223749999999996,16.0,1.908883231535494,0.9198303179432532,0.23580292041878106,-0.08638317555363091,-0.08088505938588075,-0.0025165760128165893,0.06817532831729135,-0.06974351406097412,0.07312476634979248,0.15338775515556335,1.2709031105041504,-0.06738539040088654,-0.38389158248901367,-0.3763810098171234,-0.15082746744155884,-1.1344465017318726,-0.0018801689147949219,1.0618937015533447,-1.1222527027130127
0.05475799999999998,0.0034223749999999996,16.0,1.9150381659107492,0.9409380102116235,0.22941620580930222,0.004246988613922469,0.003923340980156201,0.00036587465625189384,0.06816641420618323,-0.09066671133041382,0.029900897294282913,0.1727670133113861,1.2139158248901367,0.09535922855138779,-0.4291417598724365,-0.3967175781726837,-0.23791474103927612,-1.7736196517944336,0.45839405059814453,1.5144915580749512,-0.9747318625450134
0.05475799999999998,0.0034223749999999996,16.0,1.9320111234916513,0.9430797842434977,0.23593685703327955,-0.08197721099668033,-0.07648340065618656,-0.002432327761258753,0.06816782358144968,-0.0724940299987793,0.07244111597537994,0.1542700231075287,1.2934521436691284,-0.047557368874549866,-0.40824460983276367,-0.39152008295059204,-0.16592955589294434,-1.1397606134414673,0.04358959197998047,1.0263879299163818,-1.1294820308685303
0.05475799999999998,0.0034223749999999996,16.0,1.9373123974857158,0.9634360127953427,0.22942246726535231,0.004011147460458758,0.0037010762793975595,0.00034580048270850165,0.06817032976419547,-0.09125560522079468,0.030453823506832123,0.17088380455970764,1.2157368659973145,0.09282451122999191,-0.4360079765319824,-0.40673157572746277,-0.23870807886123657,-1.7702275514602661,0.4718928337097168,1.5145695209503174,-0.975717306137085
0.05475799999999998,0.0034223749999999996,16.0,1.9541680325765507,0.9654944026174985,0.23604809043837796,-0.07750369896289588,-0.07207127823539235,-0.0024168134351815825,0.06816357746817776,-0.0755515992641449,0.07282578945159912,0.1572302281856537,1.3229990005493164,-0.01716359704732895,-0.44266796112060547,-0.4115091860294342,-0.18729132413864136,-1.1470619440078735,0.08545541763305664,0.9721248745918274,-1.13723886013031
0.05475799999999998,0.0034223749999999996,16.0,1.9589823903491201,0.9851151543467555,0.22968089455905513,0.003779186236599983,0.0034786211430147223,0.0003190945860652878,0.06815945445430294,-0.08951255679130554,0.033095795661211014,0.17553505301475525,1.2310900688171387,0.11377794295549393,-0.4498114585876465,-0.41878026723861694,-0.24209409952163696,-1.765419602394104,0.45162129402160645,1.4753507375717163,-0.9876322746276855
0.05475799999999998,0.0034223749999999996,16.0,1.9755266230050368,0.9870980152114807,0.23625794356117105,-0.07305456315031747,-0.0676155130376745,-0.002325553187543248,0.06815468745979422,-0.07881253957748413,0.0738980621099472,0.1617828905582428,1.357621431350708,0.019490763545036316,-0.4801828861236572,-0.4362906217575073,-0.21292561292648315,-1.158369779586792,0.12176990509033203,0.9093748927116394,-1.1456658840179443
0.05475799999999998,0.0034223749999999996,16.0,1.979711093861009,1.006013142909025,0.22977242829535863,0.003547957137251715,0.0032608082920080475,0.00029689564723644514,0.06815709540271664,-0.09154713153839111,0.037057485431432724,0.1772463023662567,1.249363660812378,0.11615809053182602,-0.46787524223327637,-0.4371355175971985,-0.2503123879432678,-1.7644089460372925,0.4543898105621338,1.443472146987915,-0.9973401427268982
0.05475799999999998,0.0034223749999999996,16.0,1.9961798568475122,1.0077595419899021,0.23631189203802955,-0.06850759925186824,-0.06323957377590404,-0.002343154389378072,0.06814686232044083,-0.08022356033325195,0.07235652953386307,0.16317275166511536,1.3749467134475708,0.044441740959882736,-0.49708008766174316,-0.4464271664619446,-0.2287636399269104,-1.1659679412841797,0.15442705154418945,0.8853000998497009,-1.146960973739624
0.05475799999999998,0.0034223749999999996,16.0,1.9995667529965795,1.0260534229334897,0.22983945861539948,0.003319861610775183,0.0030461173057537527,0.00027583445012343595,0.06815455139006897,-0.09278440475463867,0.04119262471795082,0.17972758412361145,1.265650749206543,0.1257336586713791,-0.48236513137817383,-0.4518318772315979,-0.25665390491485596,-1.7671024799346924,0.4539163112640381,1.410710334777832,-1.0070403814315796
0.05475799999999998,0.0034223749999999996,16.0,2.015954989517295,1.027557341533465,0.2363472915505589,-0.06396536514822405,-0.058873210605013174,-0.002397444864126498,0.06813978308208975,-0.08331510424613953,0.06965228170156479,0.16386422514915466,1.3913277387619019,0.06285343319177628,-0.5148916244506836,-0.4576666057109833,-0.2466004490852356,-1.1760172843933105,0.19626069068908691,0.8821268677711487,-1.1452176570892334
0.05475799999999998,0.0034223749999999996,16.0,2.018539091685487,1.0451425052828485,0.22969920036796437,0.0030826860433928174,0.0028271058747131087,0.0002596555720259818,0.06816216064913076,-0.09383273124694824,0.041559912264347076,0.1771353781223297,1.2650012969970703,0.12370912730693817,-0.4860990047454834,-0.4640597701072693,-0.2581098675727844,-1.7666783332824707,0.47133708000183105,1.4182372093200684,-1.0049216747283936
0.05475799999999998,0.0034223749999999996,16.0,2.034765007888196,1.0466036042765015,0.23646699847326139,-0.05946020797171635,-0.054541136317835706,-0.002383921308331748,0.06813357759150024,-0.08694523572921753,0.06963035464286804,0.16627296805381775,1.4134145975112915,0.08715309947729111,-0.5315353870391846,-0.47116512060165405,-0.2652217745780945,-1.2075780630111694,0.23520398139953613,0.8682137727737427,-1.1482558250427246
0.05475799999999998,0.0034223749999999996,16.0,2.036696843661643,1.0635711469548437,0.22985916991159283,0.002850681660717964,0.002608091063031802,0.00023667445266252574,0.06816103014176607,-0.09533578157424927,0.04553862661123276,0.1794891059398651,1.2812507152557373,0.13034208118915558,-0.500826358795166,-0.47989028692245483,-0.26515114307403564,-1.765746831893921,0.4701080322265625,1.3856806755065918,-1.0138589143753052
0.05475799999999998,0.0034223749999999996,16.0,2.052800902382913,1.0648098114977196,0.2365417946715177,-0.05497363260226661,-0.05028142820998783,-0.0023779662639530313,0.06812941240229439,-0.0902327299118042,0.06841695308685303,0.16756489872932434,1.4278088808059692,0.10437384992837906,-0.5417931079864502,-0.48046737909317017,-0.28045815229415894,-1.2381316423416138,0.27388930320739746,0.8756503462791443,-1.1470857858657837
0.05475799999999998,0.0034223749999999996,16.0,2.0540559010288333,1.0811669047699484,0.22997724655064158,0.002614761985856333,0.0023874592182731576,0.00021448761745098723,0.06815894166536603,-0.09684628248214722,0.05050148442387581,0.18359974026679993,1.302484393119812,0.13946428894996643,-0.5190935134887695,-0.49728158116340637,-0.2744062542915344,-1.7645542621612549,0.46160054206848145,1.3411455154418945,-1.0254857540130615
0.05475799999999998,0.0034223749999999996,16.0,2.0700253812828135,1.0821606052779462,0.23664831347253634,-0.0505581333492864,-0.04610109545017031,-0.0023480157035266867,0.06812349844996024,-0.09302327036857605,0.06746160238981247,0.1696723997592926,1.4409153461456299,0.12266919016838074,-0.553870439529419,-0.49083706736564636,-0.2961122393608093,-1.2703968286514282,0.3068356513977051,0.8810901045799255,-1.1441528797149658
0.05475799999999998,0.0034223749999999996,16.0,2.0706425502750725,1.0977960137420972,0.22996913185047316,0.002386589698350697,0.0021769460728627366,0.000196058042866694,0.06815838096769973,-0.09637770056724548,0.05138261243700981,0.18352010846138,1.3046038150787354,0.14714257419109344,-0.5235269069671631,-0.5077420473098755,-0.2751273512840271,-1.7629201412200928,0.463284969329834,1.335240125656128,-1.0269337892532349
0.05475799999999998,0.0034223749999999996,16.0,2.086451335190975,1.0988304221560765,0.23690848650791943,-0.046234845106083486,-0.041991993497085614,-0.0021964004230290773,0.06811778877382323,-0.09526851773262024,0.06951029598712921,0.1758122742176056,1.4637670516967773,0.1535319685935974,-0.575864315032959,-0.5077553391456604,-0.3167579174041748,-1.3088682889938354,0.32304859161376953,0.854504406452179,-1.1457499265670776
0.05475799999999998,0.0034223749999999996,16.0,2.0863695000325673,1.1136897160030705,0.2299881630458529,0.002163219693610024,0.0019709676749586676,0.0001775418413548542,0.06815870484150807,-0.09737914800643921,0.05424881726503372,0.18377146124839783,1.313467025756836,0.15012435615062714,-0.5309109687805176,-0.519630491733551,-0.27811962366104126,-1.768683910369873,0.46857142448425293,1.3210090398788452,-1.0326915979385376
0.05475799999999998,0.0034223749999999996,16.0,2.102124929672919,1.1145071785891805,0.23693235266115226,-0.04194653788259337,-0.038042160400494116,-0.0021387683732635534,0.06811841692708272,-0.09598323702812195,0.06892263889312744,0.1780584156513214,1.4687354564666748,0.17120438814163208,-0.5840675830841064,-0.5159618854522705,-0.32656246423721313,-1.34578537940979,0.34317564964294434,0.8668085932731628,-1.1406548023223877
0.05475799999999998,0.0034223749999999996,16.0,2.1012559977255094,1.128731201042843,0.2300023615272637,0.0019496123345742677,0.0017744153155148353,0.0001584666586132004,0.06816235236690114,-0.09811663627624512,0.05735230818390846,0.18553784489631653,1.3260695934295654,0.15565109252929688,-0.5439610481262207,-0.5336942076683044,-0.2835409641265869,-1.7696893215179443,0.46535253524780273,1.2957853078842163,-1.0396803617477417
0.05475799999999998,0.0034223749999999996,16.0,2.1170028594011443,1.1294200482927101,0.236989206355703,-0.03778301781461844,-0.034210024033861065,-0.0020404533605229277,0.06811862267927148,-0.09740301966667175,0.06927136331796646,0.18063285946846008,1.4748327732086182,0.18496787548065186,-0.5931880474090576,-0.5251587629318237,-0.33570802211761475,-1.3902192115783691,0.36339282989501953,0.8820701837539673,-1.1372772455215454
0.05475799999999998,0.0034223749999999996,16.0,2.115399122747287,1.1428761011457211,0.22985343536028227,0.0017387859190360062,0.0015829573908390329,0.00014170294006069837,0.06816978918531659,-0.0982373058795929,0.05861698463559151,0.18439391255378723,1.3290067911148071,0.15697669982910156,-0.5495822429656982,-0.5432273149490356,-0.2841220498085022,-1.7740763425827026,0.4722764492034912,1.2933977842330933,-1.042030692100525
0.05475799999999998,0.0034223749999999996,16.0,2.131075617345516,1.143416636539636,0.2368706997069017,-0.03373505207489452,-0.030539372360714336,-0.0019588548535635813,0.06812526441859834,-0.09804403781890869,0.06769966334104538,0.18028751015663147,1.468865156173706,0.18922120332717896,-0.5952472686767578,-0.5305377244949341,-0.33766037225723267,-1.4345016479492188,0.3891448974609375,0.9247951507568359,-1.129234790802002
0.05475799999999998,0.0034223749999999996,16.0,2.1287622403272786,1.1561632685974075,0.22972755367704442,0.0015305417540461715,0.0013936547842126926,0.0001251165780776674,0.06817383127627803,-0.09752586483955383,0.059094686061143875,0.18326368927955627,1.329692006111145,0.16203029453754425,-0.5537021160125732,-0.5512310862541199,-0.2831311821937561,-1.7798441648483276,0.4761695861816406,1.2946522235870361,-1.0437871217727661
0.05475799999999998,0.0034223749999999996,16.0,2.144320460926669,1.1566217785600872,0.2368286768610448,-0.029865293715029197,-0.027020230922405866,-0.001829278961678536,0.06813253360415901,-0.0984686017036438,0.06662685424089432,0.18118146061897278,1.4661221504211426,0.1917920708656311,-0.6022074222564697,-0.5408127307891846,-0.3408271074295044,-1.477617859840393,0.4053502082824707,0.9575112462043762,-1.1231012344360352
0.05475799999999998,0.0034223749999999996,16.0,2.1412107519052346,1.1688024466915043,0.230083127068683,0.0013339289330806918,0.001210970824153052,0.00010574180667821876,0.06816191498052336,-0.09793010354042053,0.06336589902639389,0.18926134705543518,1.349990963935852,0.18147969245910645,-0.5714316368103027,-0.5622614026069641,-0.2919114828109741,-1.781862735748291,0.45543646812438965,1.2502917051315308,-1.055057168006897
0.05475799999999998,0.0034223749999999996,16.0,2.156778449446315,1.1692309385075494,0.23732108841306418,-0.02623214748191142,-0.023641210249705287,-0.0015621865504139424,0.06812298008351905,-0.09852012991905212,0.07112539559602737,0.19089779257774353,1.4827617406845093,0.22453650832176208,-0.6236999034881592,-0.5585547685623169,-0.35444432497024536,-1.511747121810913,0.3852570056915283,0.918002188205719,-1.1255590915679932
0.05475799999999998,0.0034223749999999996,16.0,2.1527986638910135,1.1806407841534778,0.2304763046907853,0.0011483911708213275,0.0010392668714663753,8.745208845112494e-5,0.06815071583937485,-0.098595529794693,0.06871650367975235,0.1968918740749359,1.3732643127441406,0.20418301224708557,-0.5905430316925049,-0.5731043815612793,-0.302338182926178,-1.780735969543457,0.4279773235321045,1.1932011842727661,-1.0675922632217407
0.05475799999999998,0.0034223749999999996,16.0,2.1683532950921096,1.181039346230003,0.23779130509738336,-0.022768691444803948,-0.02045207132712729,-0.001323741743613503,0.06811567259931627,-0.09946504235267639,0.07583189010620117,0.19985684752464294,1.4966397285461426,0.24841855466365814,-0.6408805847167969,-0.5750117301940918,-0.36541908979415894,-1.5442591905593872,0.3662710189819336,0.8862102627754211,-1.1279233694076538
0.05475799999999998,0.0034223749999999996,16.0,2.1635702440343287,1.1916970264436804,0.23088062442042642,0.0009744818483302622,0.0008794601173587232,7.03381423382065e-5,0.06814133237280846,-0.09962275624275208,0.07570847868919373,0.20561513304710388,1.3988187313079834,0.2287689596414566,-0.6097359657287598,-0.5834090113639832,-0.3138459324836731,-1.776872992515564,0.39632630348205566,1.1202950477600098,-1.0812582969665527
0.05475799999999998,0.0034223749999999996,16.0,2.179091894017781,1.191965848631581,0.23816366355661,-0.019486283350517705,-0.01746253624131528,-0.0011154711220722534,0.06811279298390913,-0.10046970844268799,0.08008048683404922,0.20833918452262878,1.5081391334533691,0.26530641317367554,-0.6565611362457275,-0.5912892818450928,-0.37453192472457886,-1.5716784000396729,0.3438241481781006,0.8584774732589722,-1.1297974586486816
0.05475799999999998,0.0034223749999999996,16.0,2.1735414560392647,1.2018712998065448,0.23123701744165975,0.0008125173015018058,0.0007316189161990681,5.593570862786758e-5,0.06813135418949849,-0.10004621744155884,0.08082127571105957,0.21212121844291687,1.4156955480575562,0.2515870928764343,-0.6228318214416504,-0.5917243361473083,-0.3219393491744995,-1.7718486785888672,0.3707740306854248,1.0653573274612427,-1.0898172855377197
0.05475799999999998,0.0034223749999999996,16.0,2.1890527082726656,1.202165210082709,0.2386038597261057,-0.01641019999538448,-0.014674601730018293,-0.0008931847551501315,0.06810932295504066,-0.10114279389381409,0.08555901050567627,0.21642521023750305,1.5154300928115845,0.28811606764793396,-0.667078971862793,-0.604285717010498,-0.37974220514297485,-1.5970391035079956,0.3214387893676758,0.8236667513847351,-1.1314737796783447
0.05475799999999998,0.0034223749999999996,16.0,2.182623206699249,1.2111908233953308,0.231501288421027,0.00066570565254104,0.0005982668359771643,4.399938136358754e-5,0.06812594826138658,-0.10088267922401428,0.08544883131980896,0.21732673048973083,1.4304840564727783,0.2677086293697357,-0.634174108505249,-0.599287748336792,-0.32910019159317017,-1.7701284885406494,0.3514137268066406,1.0198899507522583,-1.0972193479537964
0.05475799999999998,0.0034223749999999996,16.0,2.198164047499822,1.211463962025411,0.23888796745517552,-0.013537136425460455,-0.012093053784460012,-0.000719839595408081,0.06810976614830289,-0.10241258144378662,0.09124158322811127,0.22411099076271057,1.5238476991653442,0.3017119765281677,-0.6783902645111084,-0.6172664165496826,-0.3852041959762573,-1.6160614490509033,0.2979142665863037,0.7872487902641296,-1.133973479270935
0.05475799999999998,0.0034223749999999996,16.0,2.1909458358868688,1.2197008836447962,0.23178946818742113,0.0005342297888351229,0.00047946081044654665,3.328348013224755e-5,0.06812081835463774,-0.10167863965034485,0.09104093164205551,0.22385188937187195,1.4474093914031982,0.28633469343185425,-0.6474807262420654,-0.608350932598114,-0.3381437063217163,-1.7597715854644775,0.32366156578063965,0.9565646052360535,-1.1047908067703247
0.05475799999999998,0.0034223749999999996,16.0,2.2064267014443897,1.2199147875007654,0.239166383674708,-0.01088404473616233,-0.009714234106907924,-0.0005633163140405694,0.06811098709265863,-0.1033393144607544,0.09498202800750732,0.2294880449771881,1.5266369581222534,0.3089554011821747,-0.6861224174499512,-0.6285117268562317,-0.38684916496276855,-1.634661316871643,0.2807488441467285,0.7717074751853943,-1.1347975730895996
0.05475799999999998,0.0034223749999999996,16.0,2.198369105039665,1.2273095244457397,0.23193639668575636,0.00041434257937278504,0.0003714334196227139,2.5004602344628212e-5,0.06811826254975847,-0.10247698426246643,0.09529098123311996,0.2279207408428192,1.4589741230010986,0.2981337308883667,-0.6561534404754639,-0.614324688911438,-0.3439965844154358,-1.7566858530044556,0.3076658248901367,0.915163516998291,-1.1102962493896484
0.05475799999999998,0.0034223749999999996,16.0,2.2138764352699805,1.2276166800626271,0.23947786189170628,-0.008456657009071278,-0.007542044385829852,-0.00041315248895082624,0.06811219726251108,-0.1048029363155365,0.10198681801557541,0.2373048961162567,1.534994125366211,0.32306811213493347,-0.6957259178161621,-0.6406971216201782,-0.3915964961051941,-1.6415902376174927,0.2513597011566162,0.7162099480628967,-1.1379327774047852
0.05475799999999998,0.0034223749999999996,16.0,2.2050302222528857,1.2341132481436536,0.23212198934371733,0.0003063103122071074,0.0002744212299453097,1.747994698322387e-5,0.06811639801119411,-0.10311552882194519,0.09993892163038254,0.23237618803977966,1.4698092937469482,0.312997430562973,-0.6641795635223389,-0.6201432943344116,-0.3501347303390503,-1.7482829093933105,0.28822827339172363,0.8644319772720337,-1.1147713661193848
0.05475799999999998,0.0034223749999999996,16.0,2.220448360341749,1.2343721576939066,0.23968381392033103,-0.006248429104887466,-0.005569753472127658,-0.00030338799780569323,0.06811175716470493,-0.10534179210662842,0.10439162701368332,0.23992285132408142,1.5320543050765991,0.3262324631214142,-0.6986160278320312,-0.6475488543510437,-0.38892054557800293,-1.6594572067260742,0.2433929443359375,0.7172291278839111,-1.1375232934951782
0.05475799999999998,0.0034223749999999996,16.0,2.2107367125706365,1.2400744388679263,0.2323062036449904,0.00020792535679418252,0.00018600089450206145,1.1456455116967149e-5,0.06811333713074108,-0.10393831133842468,0.10354287177324295,0.23561188578605652,1.4799209833145142,0.319886177778244,-0.671912670135498,-0.6261448860168457,-0.3552621603012085,-1.7437502145767212,0.2742319107055664,0.8276147246360779,-1.1195406913757324
0.05475799999999998,0.0034223749999999996,16.0,2.226238147403961,1.2403906597120546,0.23996081669699115,-0.004240423910267667,-0.0037797332653251117,-0.0001943038904379284,0.06811356117944711,-0.10648521780967712,0.109624482691288,0.24469420313835144,1.5341867208480835,0.33554378151893616,-0.7031183242797852,-0.6555492877960205,-0.3897097110748291,-1.6650080680847168,0.22479653358459473,0.6814504861831665,-1.1385654211044312
0.05475799999999998,0.0034223749999999996,16.0,2.215726910122185,1.2451926593544305,0.23243911174470147,0.0001157929361293909,0.0001035595861660088,6.023596758354978e-6,0.06811384439866304,-0.10473784804344177,0.10802209377288818,0.2395121157169342,1.489784836769104,0.3306874632835388,-0.6789445877075195,-0.6315556764602661,-0.3612440228462219,-1.732633352279663,0.2562215328216553,0.7765809893608093,-1.1231727600097656
0.05475799999999998,0.0034223749999999996,16.0,2.2305809214153727,1.2470542689780149,0.24486862060910167,-0.002397831306484012,-0.0020633677569689944,-0.00010641327614606615,0.06806394841430509,-0.11044499278068542,0.11490563303232193,0.2451173961162567,1.540100336074829,0.34530767798423767,-0.6936242580413818,-0.6645104289054871,-0.3853602409362793,-1.6958949565887451,0.23336076736450195,0.6788651347160339,-1.1486376523971558
0.05475799999999998,0.0034223749999999996,16.0,2.1906216338425706,-1.2406247832187525,0.1979226036131317,-0.01395293012689545,-0.00037953159450940645,-0.006299626616131541,0.06848115238689993,0.008087724447250366,0.14914093911647797,-0.1557033360004425,0.7048330307006836,0.145036518573761,-1.0817608833312988,0.6094201803207397,0.17837029695510864,-0.18350212275981903,0.3161337375640869,0.05204731225967407,-0.8830174207687378
0.05475799999999998,0.0034223749999999996,16.0,2.1860852313365338,-1.2359993065791577,0.19791111513151324,-0.007524277666815258,-0.00020190052858235606,-0.0034068482131019043,0.06847208442928363,0.008339136838912964,0.15160056948661804,-0.15631243586540222,0.6999311447143555,0.11898862570524216,-1.0713975429534912,0.6184462904930115,0.1767178475856781,-0.18361344933509827,0.33958888053894043,0.006698893383145332,-0.8759752511978149
0.05475799999999998,0.0034223749999999996,16.0,2.1806655338315157,-1.2306409447228075,0.1978361860341327,-0.006186608767009798,-0.00017007598232484666,-0.002802664636886058,0.0684691847307274,0.006680727005004883,0.15206389129161835,-0.15818992257118225,0.6935579776763916,0.12277853488922119,-1.0618658065795898,0.6345528364181519,0.1777225136756897,-0.16478794813156128,0.3438994884490967,-0.0317394956946373,-0.8705130815505981
0.05475799999999998,0.0034223749999999996,16.0,2.1744558025484464,-1.224489501588075,0.19777406981984993,-0.005597860186297958,-0.00015742717929226167,-0.0025369399343859967,0.06846913836864062,0.006186246871948242,0.1516737937927246,-0.15978321433067322,0.6866947412490845,0.11967435479164124,-1.0553054809570312,0.6479461789131165,0.17929401993751526,-0.14984388649463654,0.34290456771850586,-0.05482190102338791,-0.8651858568191528
0.05475799999999998,0.0034223749999999996,16.0,2.167348526736628,-1.2174946898496846,0.19768485350564965,-0.005256289428734214,-0.00015380578855346433,-0.0023825161586716716,0.06846740274762297,0.004204481840133667,0.15126140415668488,-0.16226410865783691,0.6779483556747437,0.12518009543418884,-1.0453040599822998,0.6694547533988953,0.18179970979690552,-0.1223769411444664,0.34329819679260254,-0.0937713235616684,-0.8589314818382263
0.05475799999999998,0.0034223749999999996,16.0,2.158458810123091,-1.2114049044276283,0.19502865093205596,-0.0050143347437198145,-0.0001876106984245894,-0.0022717241888790753,0.06856045651875228,0.004880636930465698,0.1485564261674881,-0.1637510359287262,0.6666841506958008,0.12022071331739426,-1.0424120426177979,0.6887580156326294,0.18519330024719238,-0.09907166659832001,0.3387439250946045,-0.1114882156252861,-0.8511520624160767
0.05475799999999998,0.0034223749999999996,16.0,2.149688971893222,-1.2028223981717328,0.19485751959590708,-0.004830527909453676,-0.00018770676585606945,-0.00218930690023,0.06856166561207855,0.0026049017906188965,0.14736968278884888,-0.16643399000167847,0.6547108888626099,0.12508846819400787,-1.0311877727508545,0.7152448892593384,0.18900322914123535,-0.06354860961437225,0.33835649490356445,-0.15384067595005035,-0.8430095911026001
0.05475799999999998,0.0034223749999999996,16.0,2.1401294597226834,-1.1934108172096511,0.19473794281847123,-0.0046767722544147385,-0.0001866779646819614,-0.002120324866474949,0.06856348813467453,0.0014137327671051025,0.14560559391975403,-0.1684463918209076,0.6419500112533569,0.12267466634511948,-1.0221312046051025,0.7379444241523743,0.19308343529701233,-0.03404724970459938,0.3358471393585205,-0.18384182453155518,-0.8343718647956848
0.05475799999999998,0.0034223749999999996,16.0,2.129699218966016,-1.1831412581747665,0.19465789083213447,-0.004545024507341424,-0.0001876911724746562,-0.0020615811444505703,0.068564080969678,-0.0006351172924041748,0.1442876160144806,-0.17061534523963928,0.6290585994720459,0.12034361064434052,-1.0100078582763672,0.7621951103210449,0.19695642590522766,0.002416737377643585,0.33372950553894043,-0.2232464849948883,-0.825350821018219
0.05475799999999998,0.0034223749999999996,16.0,2.118460120948171,-1.172103123368653,0.1946086872517886,-0.004415455421839357,-0.0001907973032416859,-0.0020052447923190296,0.06856852316436517,-0.0018525421619415283,0.1407058835029602,-0.1721397340297699,0.6110652685165405,0.1176472157239914,-1.0009346008300781,0.7906851768493652,0.20309093594551086,0.03978375717997551,0.3313109874725342,-0.24750569462776184,-0.8136261701583862
0.05475799999999998,0.0034223749999999996,16.0,2.106415673675654,-1.1601499176175574,0.19461954102024534,-0.004285644501032118,-0.0001898922738360781,-0.0019471688262481383,0.06857088049597594,-0.0025773048400878906,0.1390753537416458,-0.17309576272964478,0.5971530675888062,0.10720008611679077,-0.9900879859924316,0.8080728054046631,0.20647850632667542,0.0692257285118103,0.32532453536987305,-0.27306854724884033,-0.8030938506126404
0.05475799999999998,0.0034223749999999996,16.0,2.0935789784726397,-1.147307559667517,0.19463239521120584,-0.004156275717295137,-0.00018385432036951215,-0.00188705847396042,0.06856960395618647,-0.00228765606880188,0.13858625292778015,-0.17345529794692993,0.5877636671066284,0.09479538351297379,-0.9824972152709961,0.8160122632980347,0.20700502395629883,0.08815518766641617,0.31595873832702637,-0.2901902496814728,-0.7941610813140869
0.05475799999999998,0.0034223749999999996,16.0,2.0799227099328657,-1.1336382485015337,0.19469096078518877,-0.004029029852351701,-0.00017876675032771553,-0.0018287052532646412,0.06857034966128363,-0.0016527771949768066,0.13787275552749634,-0.17346471548080444,0.5776636004447937,0.08331715315580368,-0.9762015342712402,0.8222068548202515,0.20820724964141846,0.10645851492881775,0.3056190013885498,-0.30421456694602966,-0.7852115631103516
0.05475799999999998,0.0034223749999999996,16.0,2.0654717164187515,-1.1191580802128387,0.19470317047149407,-0.0038842917957824636,-0.00017244968040804282,-0.0017622928926360015,0.06857406343713292,-0.0004119277000427246,0.13785651326179504,-0.1729508638381958,0.5700445175170898,0.06908475607633591,-0.9720163345336914,0.8213001489639282,0.20819196105003357,0.11367064714431763,0.2953321933746338,-0.31223955750465393,-0.7775052785873413
0.05475799999999998,0.0034223749999999996,16.0,2.050188406551167,-1.1038422356095092,0.19470721966200044,-0.003716111323411347,-0.00016581821940880376,-0.0016861753629815435,0.06857925480577909,0.0004616379737854004,0.13756731152534485,-0.17221921682357788,0.5609617233276367,0.056677673012018204,-0.9670243263244629,0.8215381503105164,0.2087932527065277,0.12328413873910904,0.28659701347351074,-0.32153499126434326,-0.7689799666404724
0.05475799999999998,0.0034223749999999996,16.0,2.0340458617808,-1.0877081280466259,0.19473918123839892,-0.0035466095259917806,-0.0001594082132441589,-0.0016097532890052956,0.06858363918530756,0.0010845661163330078,0.13731275498867035,-0.17116251587867737,0.5528844594955444,0.04690401256084442,-0.9632551670074463,0.8209400177001953,0.20874804258346558,0.1319553554058075,0.27974438667297363,-0.3295964300632477,-0.7608226537704468
0.05475799999999998,0.0034223749999999996,16.0,2.0170439059627667,-1.0706988448256913,0.19476127768119147,-0.0033601615336596433,-0.00015127114276812078,-0.0015246469620011532,0.06858473555303027,0.0008654892444610596,0.13786716759204865,-0.17062819004058838,0.5469215512275696,0.038191743195056915,-0.9562277793884277,0.8207753896713257,0.20830872654914856,0.14630798995494843,0.27294397354125977,-0.3495653569698334,-0.754343569278717
0.05475799999999998,0.0034223749999999996,16.0,1.9992422104978356,-1.0529204585208098,0.19484609639091144,-0.0031851606411020038,-0.00014285408919413896,-0.0014455147849540496,0.06858736437197543,0.0018233060836791992,0.13601596653461456,-0.16840606927871704,0.5347063541412354,0.02945314720273018,-0.9560813903808594,0.8207773566246033,0.21043279767036438,0.15429742634296417,0.2684638500213623,-0.34588366746902466,-0.7443364262580872
0.05475799999999998,0.0034223749999999996,16.0,1.9806005207206716,-1.0342278760286907,0.1949350546584623,-0.002995268574057354,-0.00013457266487376256,-0.001359733827554319,0.06859001333737393,0.0020761191844940186,0.13677771389484406,-0.16722384095191956,0.5296272039413452,0.021373070776462555,-0.9518022537231445,0.8167135715484619,0.2091575562953949,0.16091997921466827,0.26255202293395996,-0.35899996757507324,-0.7379108667373657
0.05475799999999998,0.0034223749999999996,16.0,1.961123056356955,-1.0147883079573277,0.194972611665369,-0.0028108320884275453,-0.00012793600628092594,-0.0012767544054257188,0.06859572797000926,0.002251237630844116,0.13591589033603668,-0.16584232449531555,0.5189579725265503,0.010705641470849514,-0.945648193359375,0.8184854388237,0.21032416820526123,0.17508162558078766,0.2567446231842041,-0.3697178065776825,-0.7284128665924072
0.05475799999999998,0.0034223749999999996,16.0,1.9408640655440423,-0.9944551313335791,0.19505074523295937,-0.0026103586979339954,-0.00011757189504528935,-0.0011856417021367835,0.06859921304699781,0.0036401450634002686,0.13636966049671173,-0.163880854845047,0.5137596130371094,-0.0011632763780653477,-0.9469289779663086,0.8097920417785645,0.2089238464832306,0.171462282538414,0.2509186267852783,-0.3701683282852173,-0.7217844128608704
0.05475799999999998,0.0034223749999999996,16.0,1.919691493368081,-0.9734237264330221,0.19512818809228485,-0.002407427474226364,-0.00011067180495718906,-0.0010950593123478865,0.06860558318245454,0.00333365797996521,0.13373170793056488,-0.1613275110721588,0.4961831271648407,-0.007251463830471039,-0.9393000602722168,0.8156967759132385,0.21281194686889648,0.1954304426908493,0.24733829498291016,-0.3756487965583801,-0.7081890106201172
0.05475799999999998,0.0034223749999999996,16.0,1.8977412266846685,-0.9514425668229228,0.19522178589579928,-0.0022116321170321876,-0.0001007688687332853,-0.001005819428535198,0.06860769056348119,0.003946125507354736,0.13307641446590424,-0.15902206301689148,0.4858754277229309,-0.01660168170928955,-0.9360723495483398,0.8122087121009827,0.21346190571784973,0.20395393669605255,0.24216008186340332,-0.3800000548362732,-0.6985405683517456
0.05475799999999998,0.0034223749999999996,16.0,1.8749087968887181,-0.9286115335387198,0.1952249513020301,-0.0020210792966266875,-9.30470065857907e-5,-0.0009188128971967241,0.06861001680734458,0.0028179585933685303,0.13427187502384186,-0.15932992100715637,0.4833887219429016,-0.02317078784108162,-0.9238913059234619,0.8144427537918091,0.21106880903244019,0.2306680828332901,0.23221874237060547,-0.4169122874736786,-0.6935148239135742
0.05475799999999998,0.0034223749999999996,16.0,1.8511975468572741,-0.9050182032274442,0.1952907982792938,-0.001843157465132129,-8.615280328526797e-5,-0.0008382400319715218,0.06861174119241573,0.00211527943611145,0.13286463916301727,-0.15703719854354858,0.4683395326137543,-0.03049745410680771,-0.9104552268981934,0.8165909647941589,0.21319249272346497,0.2559240162372589,0.2262556552886963,-0.4299373924732208,-0.6805970072746277
0.05475799999999998,0.0034223749999999996,16.0,1.8267933323946866,-0.8805459617013844,0.19537260845066698,-0.001642571008745246,-7.619053928502823e-5,-0.0007474236824989346,0.06861746934377405,0.003581613302230835,0.13371627032756805,-0.15487098693847656,0.4641290307044983,-0.042614128440618515,-0.9135537147521973,0.8051763772964478,0.21078979969024658,0.25060275197029114,0.22083687782287598,-0.43177589774131775,-0.6739389896392822
0.05475799999999998,0.0034223749999999996,16.0,1.8014925895767766,-0.8552938096795238,0.19556060614419818,-0.0014538752330166334,-6.903115140723634e-5,-0.0006628884781324188,0.0686278060332636,0.003939956426620483,0.13181714713573456,-0.15199634432792664,0.4504985809326172,-0.05344056338071823,-0.9081664085388184,0.8029740452766418,0.21290576457977295,0.2643052935600281,0.21588778495788574,-0.4319484233856201,-0.6624846458435059
0.05475799999999998,0.0034223749999999996,16.0,1.7753270015343474,-0.8292791659226645,0.19572585840251397,-0.0012656872430406665,-6.068149017314408e-5,-0.0005781021734387138,0.06863524665573266,0.0035740435123443604,0.13015228509902954,-0.14918071031570435,0.4354586601257324,-0.06234646216034889,-0.8963494300842285,0.8014854788780212,0.2150833010673523,0.28601717948913574,0.20973849296569824,-0.43847230076789856,-0.6496509313583374
0.05475799999999998,0.0034223749999999996,16.0,1.7483105425644088,-0.8024562081285229,0.19597834021981902,-0.0011047739403000681,-5.300133295166205e-5,-0.0005059797776505649,0.06864242289838401,0.0035705268383026123,0.12900391221046448,-0.1465972363948822,0.42022907733917236,-0.07551537454128265,-0.8834884166717529,0.7970020771026611,0.2164800465106964,0.30682578682899475,0.20106816291809082,-0.44735148549079895,-0.6358184814453125
0.05475799999999998,0.0034223749999999996,16.0,1.720460198664154,-0.7748520468769733,0.1963531520601148,-0.0009420561128167184,-4.4142028630797845e-5,-0.0004332315554030178,0.06864677149450375,0.004459977149963379,0.1276269108057022,-0.14329639077186584,0.4022692143917084,-0.09308260679244995,-0.874793529510498,0.7870597243309021,0.2183772623538971,0.3223467469215393,0.1920628547668457,-0.4477350413799286,-0.6197800040245056
0.05475799999999998,0.0034223749999999996,16.0,1.6916579135934782,-0.7464959500127823,0.19681573627531623,-0.0007903304463455844,-3.219467415240398e-5,-0.0003625236604228808,0.06865412674250933,0.004509180784225464,0.12627281248569489,-0.1398012638092041,0.380475252866745,-0.10855662822723389,-0.8557236194610596,0.7761147618293762,0.22088125348091125,0.349772572517395,0.18074893951416016,-0.45424553751945496,-0.6004840135574341
0.05475799999999998,0.0034223749999999996,16.0,1.6618239072839767,-0.7173629487942604,0.19723436290675866,-0.0006508354519838763,-2.222127177349627e-5,-0.00029897506124197275,0.06864952189944142,0.0039175450801849365,0.12087435275316238,-0.13083580136299133,0.3401116132736206,-0.12067323923110962,-0.8144357204437256,0.758185625076294,0.23525050282478333,0.3670400083065033,0.1835644245147705,-0.4019450545310974,-0.5748050808906555
0.05475799999999998,0.0034223749999999996,16.0,1.630975307505506,-0.687281333651675,0.19744204772373383,-0.0004941694004909297,-1.460079888887475e-5,-0.00022869442591673853,0.06862388596477534,0.0032724738121032715,0.11492707580327988,-0.11932176351547241,0.29202863574028015,-0.13316160440444946,-0.7462866306304932,0.7242662906646729,0.2565611004829407,0.36553648114204407,0.19891142845153809,-0.3121218681335449,-0.5485050678253174
0.05475799999999998,0.0034223749999999996,16.0,1.599487084598164,-0.6563429706456372,0.19759777173701393,-0.0003292966655315343,-7.904382485868201e-6,-0.0001530986609445807,0.06859572205691057,0.0029397904872894287,0.10981666296720505,-0.1088935136795044,0.24921534955501556,-0.14263546466827393,-0.6547555923461914,0.6744632720947266,0.27750611305236816,0.3430141508579254,0.23062467575073242,-0.2105010449886322,-0.5271482467651367
0.05475799999999998,0.0034223749999999996,16.0,1.5672229407696106,-0.624506330457255,0.19765322647194286,-0.0001742720651435679,-3.5254302815225793e-6,-8.143853378030932e-5,0.06856646341375297,0.0029591619968414307,0.1018320769071579,-0.09623005986213684,0.2064528465270996,-0.1358506977558136,-0.5107181072235107,0.5842823386192322,0.30399054288864136,0.2730850875377655,0.30669736862182617,-0.07627204060554504,-0.5115236043930054
0.05475799999999998,0.0034223749999999996,16.0,1.5342904411847298,-0.5918656358499602,0.19765617564936075,-2.2044791647290687e-5,-4.2361751317929947e-7,-1.0345463850615902e-5,0.06854583115417218,-0.03770941495895386,0.09990021586418152,-0.08344459533691406,0.24172881245613098,-0.0034523941576480865,-0.5265626907348633,0.27650392055511475,0.4048343896865845,0.4519248306751251,0.6602106094360352,-0.17308054864406586,-0.6472200155258179
0.05475799999999998,0.0034223749999999996,16.0,1.5006169989529614,-0.5582725152913255,0.19755289589476308,0.00012958942910929345,2.3550218467936217e-6,6.06812443830117e-5,0.06853330425052674,-0.039394229650497437,0.09358225017786026,-0.08317404985427856,0.21177731454372406,0.03555745258927345,-0.33377695083618164,0.19586065411567688,0.39886707067489624,0.4748547673225403,0.6741814613342285,-0.2424289584159851,-0.6113511323928833
0.05475799999999998,0.0034223749999999996,16.0,1.4661772037209646,-0.5238666605118466,0.1975081469339477,0.0002822924869951329,4.958775206114218e-6,0.0001319980771494683,0.06852852910495151,-0.039113909006118774,0.09007009118795395,-0.08328035473823547,0.20122362673282623,0.06873665004968643,-0.19501233100891113,0.11272597312927246,0.3843221068382263,0.4775048792362213,0.6721687316894531,-0.3476814329624176,-0.5862107276916504
0.05475799999999998,0.0034223749999999996,16.0,1.4308771097812265,-0.48859738928817753,0.19745653117840084,0.0004374673638503715,7.708836639326769e-6,0.000204498339546191,0.06852607253293057,-0.040019989013671875,0.08892940729856491,-0.08405354619026184,0.1978161633014679,0.0911344587802887,-0.08583188056945801,0.049525000154972076,0.36867576837539673,0.47350919246673584,0.6708359718322754,-0.44487208127975464,-0.5672042965888977
0.05475799999999998,0.0034223749999999996,16.0,1.3947207041074698,-0.452507472227739,0.19743825515195076,0.0005967549788617329,1.0434164674129595e-5,0.00027872570304980594,0.06852539194219677,-0.03924107551574707,0.08836812525987625,-0.08591565489768982,0.194780170917511,0.10134625434875488,-0.060719966888427734,0.04203414171934128,0.3610345125198364,0.5000504851341248,0.6578371524810791,-0.484448105096817,-0.5564745664596558
0.05475799999999998,0.0034223749999999996,16.0,1.3577071812473684,-0.41556834813070614,0.19742790982718858,0.0007624779703916467,1.3062890826267148e-5,0.00035580682441562904,0.06852427530175856,-0.03978109359741211,0.0883970558643341,-0.08660346269607544,0.1908891797065735,0.10668908804655075,-0.04126429557800293,0.04074547439813614,0.36013680696487427,0.5139168500900269,0.6577374935150146,-0.506722629070282,-0.5516893863677979
0.05475799999999998,0.0034223749999999996,16.0,1.319848857573708,-0.37775385318322063,0.19737384405639857,0.0009476925020985401,1.4952430477588943e-5,0.0004413123884621456,0.06852249798241475,-0.041177064180374146,0.08963804692029953,-0.08813956379890442,0.1901807337999344,0.10418606549501419,-0.036924123764038086,0.043613631278276443,0.3591657280921936,0.5084015130996704,0.669670820236206,-0.5129495859146118,-0.5500850677490234
0.05475799999999998,0.0034223749999999996,16.0,1.2811515407680139,-0.33910910120672094,0.19735218833280452,0.0010923027678787294,1.6319389661328402e-5,0.000507792301966626,0.06852103253643592,-0.042832523584365845,0.09050333499908447,-0.08922114968299866,0.18745645880699158,0.1035439521074295,-0.02811884880065918,0.048985227942466736,0.36038443446159363,0.5085118412971497,0.6797206401824951,-0.518578827381134,-0.5486432313919067
0.05475799999999998,0.0034223749999999996,16.0,1.241619371408065,-0.29971590825002653,0.19735811901996747,0.0012543124460335285,1.9829245166904853e-5,0.0005839026020908226,0.06852028097349126,-0.04452332854270935,0.08958977460861206,-0.08841410279273987,0.18010695278644562,0.11182323098182678,-0.008948087692260742,0.0521848201751709,0.36822783946990967,0.5231122970581055,0.683319091796875,-0.5280060768127441,-0.5491284728050232
0.05475799999999998,0.0034223749999999996,16.0,1.2012915809481368,-0.2594457451656212,0.19733323659131397,0.0014106821078584788,2.2687856043921846e-5,0.0006572678072991925,0.06851893407820955,-0.04625096917152405,0.08919735252857208,-0.08874145150184631,0.17577378451824188,0.1107848733663559,-0.0028886795043945312,0.05709323659539223,0.368937611579895,0.511319100856781,0.6930975914001465,-0.5176090598106384,-0.5455500483512878
0.05475799999999998,0.0034223749999999996,16.0,1.1601617002709246,-0.21827081587984593,0.19720846991438884,0.001600679277764487,2.829881505566177e-5,0.0007478889889304343,0.06851364114133922,-0.0481603741645813,0.09064651280641556,-0.09175002574920654,0.1769450306892395,0.11101707071065903,-0.0019087791442871094,0.06785422563552856,0.3668822944164276,0.5069432854652405,0.7015879154205322,-0.5162513852119446,-0.5447434186935425
0.05475799999999998,0.0034223749999999996,16.0,1.1187764810650414,-0.1749546179020913,0.19983834836391826,0.001769380191248737,1.3562988866838628e-5,0.0008259428968951296,0.06843277493859587,-0.05073443055152893,0.09137342125177383,-0.09320971369743347,0.17026135325431824,0.11398086696863174,0.017409324645996094,0.07507656514644623,0.3741757273674011,0.5067089200019836,0.7123031616210938,-0.5132166743278503,-0.5454426407814026
0.05475799999999998,0.0034223749999999996,16.0,1.075885180604377,-0.13205743747114035,0.19975244432835004,0.0018898461230557803,2.1504088257964955e-5,0.0008855391220344868,0.06842633272735524,-0.05713605880737305,0.09502621740102768,-0.09497258067131042,0.16080057621002197,0.12117388844490051,0.036649227142333984,0.11032971739768982,0.3932410180568695,0.5263821482658386,0.7366321086883545,-0.5039801001548767,-0.5552442669868469
0.05475799999999998,0.0034223749999999996,16.0,1.0321043243516494,-0.08827644328329876,0.19967150529390665,0.0019143881520875883,1.9793779494188115e-5,0.0009028871708239883,0.06841830507949419,-0.06333377957344055,0.10440123081207275,-0.09919220209121704,0.15400582551956177,0.1368647813796997,0.03375649452209473,0.08817577362060547,0.42533785104751587,0.42670443654060364,0.8413510322570801,-0.4265719950199127,-0.5806446671485901
0.05475799999999998,0.0034223749999999996,16.0,0.9869616425707572,-0.044282822323251064,0.1966416576996492,0.0017077307892561968,1.5225208838270764e-5,0.0008165135442786824,0.06845848875399471,-0.07087510824203491,0.13239264488220215,-0.10724520683288574,0.16103577613830566,0.10625053197145462,-0.0018684864044189453,-0.061463844031095505,0.4800316095352173,-0.008542900905013084,1.116701602935791,-0.17643235623836517,-0.6419190168380737
0.05475799999999998,0.0034223749999999996,16.0,0.9401652475791453,-0.0004639880450712522,0.19549234117803446,-1.967744812353028e-9,-4.501304824566798e-11,-9.39763047323842e-10,0.06843774709420138,-0.13362416625022888,0.036838602274656296,-0.15233254432678223,0.0831575095653534,-0.5699529647827148,0.1667327880859375,0.7440497279167175,-0.029550790786743164,0.34094417095184326,0.8501482009887695,0.038221076130867004,-0.04950445890426636
0.05475799999999998,0.0034223749999999996,16.0,0.9838122815377875,0.04518126245000079,0.19772409281351885,-0.001714478534591222,-5.653692444219671e-5,-0.0008382993694101889,0.06816510471005827,-0.19305944442749023,0.06655006855726242,-0.14842283725738525,0.366067111492157,-0.7482483386993408,0.3262362480163574,0.5706169605255127,-0.010099470615386963,-0.6663467884063721,1.375807523727417,0.2740873694419861,-0.3507001996040344
0.05475799999999998,0.0034223749999999996,16.0,1.026340069729875,0.09109027344868677,0.19890845258009537,-0.0019301547184929716,-7.733004587272213e-6,-0.0009360727413895032,0.06796295929637393,-0.24606117606163025,0.10852700471878052,-0.11200299859046936,0.7116475105285645,-0.9383664131164551,0.5183323621749878,0.2023770660161972,0.13822796940803528,-1.4013900756835938,1.6254982948303223,0.5230777263641357,-0.8459914326667786
0.05475799999999998,0.0034223749999999996,16.0,1.0694683502810238,0.13551612382924327,0.1994416136758486,-0.0019111100111261295,1.7537315502652045e-6,-0.0009164612836648974,0.06790221786135889,-0.2579217851161957,0.12735599279403687,-0.10428696870803833,0.7877500653266907,-0.9887799024581909,0.588800311088562,0.21604032814502716,0.1872657835483551,-1.5648528337478638,1.631464958190918,0.5030463337898254,-0.9720971584320068
0.05475799999999998,0.0034223749999999996,16.0,1.1120134469932905,0.1787343130426082,0.19965292328328732,-0.0017917316364202101,4.5267823792195265e-6,-0.0008535516660161624,0.06787981408009736,-0.25819262862205505,0.13609279692173004,-0.09909802675247192,0.7973278760910034,-1.0662709474563599,0.6407729387283325,0.24999065697193146,0.22568798065185547,-1.6101795434951782,1.567650556564331,0.5520069003105164,-1.0206630229949951
0.05475799999999998,0.0034223749999999996,16.0,1.1537965358845221,0.22091005838840572,0.19976117211879887,-0.0016269969992618565,5.86262442757855e-6,-0.0007723558530712823,0.06786368360088614,-0.2622263729572296,0.1419404298067093,-0.09439659118652344,0.8444944024085999,-1.0437732934951782,0.6582628488540649,0.21083711087703705,0.2205374538898468,-1.64141047000885,1.575835943222046,0.5599600076675415,-1.0630663633346558
0.05475799999999998,0.0034223749999999996,16.0,1.1947326137365446,0.26219429622211554,0.19969334318007625,-0.0014334210279522681,4.914384574917882e-6,-0.0006804543857106634,0.06786212040288479,-0.26360997557640076,0.14707587659358978,-0.09334796667098999,0.8589702248573303,-1.0493502616882324,0.6852512359619141,0.22229091823101044,0.2304646074771881,-1.6663861274719238,1.5574986934661865,0.5720519423484802,-1.0877989530563354
0.05475799999999998,0.0034223749999999996,16.0,1.2349498376328731,0.3026648504553495,0.1997380710279839,-0.0012755025997445114,4.192314901998272e-6,-0.0006032695442442866,0.06785498370842603,-0.2685094177722931,0.1519499123096466,-0.09453776478767395,0.8509567975997925,-1.0732178688049316,0.7134113311767578,0.23770001530647278,0.2528148293495178,-1.6925182342529297,1.5617382526397705,0.5845073461532593,-1.1023067235946655
0.05475799999999998,0.0034223749999999996,16.0,1.2744041065851683,0.34228791465665637,0.19978492057012115,-0.0011117153079085035,3.988878244974838e-6,-0.0005239212803511326,0.06783999368766054,-0.2686663568019867,0.15758642554283142,-0.09081840515136719,0.8933842182159424,-1.0470430850982666,0.7383406162261963,0.2388235181570053,0.2456691563129425,-1.7190032005310059,1.540889024734497,0.5902999043464661,-1.138031005859375
0.05475799999999998,0.0034223749999999996,16.0,1.3129145371338289,0.38105466528804055,0.19971109627958109,-0.0009649781748440155,3.2326904944678756e-6,-0.0004546166692639628,0.06783849355734156,-0.2716734707355499,0.16240766644477844,-0.09100416302680969,0.8958397507667542,-1.0610007047653198,0.7644535303115845,0.25445038080215454,0.261091411113739,-1.7427232265472412,1.5309691429138184,0.6065824627876282,-1.1561530828475952
0.05475799999999998,0.0034223749999999996,16.0,1.3506453138564094,0.4190014893239437,0.19966480301666348,-0.0007770273012032876,2.3539952983327238e-6,-0.00036550715944539617,0.0678350005892454,-0.2639916241168976,0.16779619455337524,-0.0859367847442627,0.9277746081352234,-1.0618185997009277,0.8079893589019775,0.2955540120601654,0.26051145792007446,-1.7535921335220337,1.43619966506958,0.6349956393241882,-1.1881275177001953
0.05475799999999998,0.0034223749999999996,16.0,1.3877845282815844,0.45614319160440464,0.1997650806585821,-0.0006091153315461994,1.2817620561328124e-6,-0.00028454308260278345,0.06782998222195116,-0.2647274434566498,0.17286807298660278,-0.08283159136772156,0.9540700316429138,-1.0717381238937378,0.8399777412414551,0.3124503493309021,0.26375699043273926,-1.7906054258346558,1.4020450115203857,0.6687591075897217,-1.2180888652801514
0.05475799999999998,0.0034223749999999996,16.0,1.4239913223063898,0.4924692107288406,0.19986209069555722,-0.0004470693787069177,8.224687226020016e-7,-0.00020805357099361652,0.06781775403575882,-0.2667905390262604,0.17851586639881134,-0.07770702242851257,0.9897580742835999,-1.1048310995101929,0.8850506544113159,0.3357364535331726,0.26694145798683167,-1.8605953454971313,1.363990068435669,0.7336046695709229,-1.2575054168701172
0.05475799999999998,0.0034223749999999996,16.0,1.4593053848314326,0.527941919772962,0.20002332742162515,-0.00028895931258982125,5.279371934135753e-7,-0.00013366013414825,0.06780313611157862,-0.2476390302181244,0.16329622268676758,-0.05730399489402771,1.0772403478622437,-1.148635983467102,0.8829606771469116,0.3149937093257904,0.2096618115901947,-1.8420765399932861,1.1681885719299316,1.0168888568878174,-1.288619875907898
0.05475799999999998,0.0034223749999999996,16.0,1.493894338676385,0.5624400703678166,0.20034103200848868,-0.00013296898910311285,2.3248285925574362e-7,-6.088677282575156e-5,0.06779544546427506,-0.2246711552143097,0.14132975041866302,-0.03055664896965027,1.1464322805404663,-1.2248417139053345,0.867003321647644,0.2982077896595001,0.15579679608345032,-1.7903809547424316,0.9157733917236328,1.3717799186706543,-1.3047864437103271
0.05475799999999998,0.0034223749999999996,16.0,1.5277870163215326,0.5959375376870293,0.20094940176915846,2.2704297284583626e-5,-3.3866069586085554e-8,1.022526015019156e-5,0.06778868794750234,-0.1984262466430664,0.11033572256565094,0.00501367449760437,1.1998746395111084,-1.3037575483322144,0.8170689344406128,0.27786070108413696,0.10025167465209961,-1.6906616687774658,0.6111845970153809,1.790704607963562,-1.3033554553985596
0.05475799999999998,0.0034223749999999996,16.0,1.5609867022009507,0.6281828216635011,0.20198115101337155,0.00017985023820142726,-5.597337138988387e-7,7.984681244779106e-5,0.0677978716584032,-0.17222920060157776,0.05652417987585068,0.08669289946556091,1.1472070217132568,-0.2498338520526886,0.24380159378051758,-0.09739689528942108,-0.15062785148620605,-1.9671473503112793,0.952171802520752,1.6588826179504395,-0.9981914162635803
0.05475799999999998,0.0034223749999999996,16.0,1.593568145493328,0.6574393951644846,0.2005812717051665,0.00033837784141828146,-7.117830543951139e-7,0.00014978749603563045,0.06796082375812536,-0.1393861472606659,0.03271865472197533,0.10433509945869446,1.131605625152588,-0.17813369631767273,-0.0057451725006103516,-0.18265920877456665,-0.20903342962265015,-1.8189982175827026,0.7951481342315674,1.7676788568496704,-0.9234014749526978
0.05475799999999998,0.0034223749999999996,16.0,1.625724696371271,0.68733477947304,0.20205844516439084,0.0005079638367316476,-3.4027331131140896e-6,0.00022319060412101155,0.06799454065211843,-0.11532294750213623,0.0180225670337677,0.11963984370231628,1.1039230823516846,-0.10038787126541138,-0.15888690948486328,-0.22810108959674835,-0.23328888416290283,-1.7539646625518799,0.6713593006134033,1.802133560180664,-0.8710873126983643
0.05475799999999998,0.0034223749999999996,16.0,1.6569512208689863,0.7165889443173753,0.20343307598488125,0.000668171203646649,-7.658324216491792e-6,0.00029293102965481817,0.06803326727163317,-0.1023399829864502,0.012577314861118793,0.12926635146141052,1.0946588516235352,-0.04283710941672325,-0.23718881607055664,-0.25846120715141296,-0.23968732357025146,-1.7375407218933105,0.6081304550170898,1.7761553525924683,-0.8552245497703552
0.05475799999999998,0.0034223749999999996,16.0,1.6871089476181083,0.7451709632272876,0.20481335394720454,0.000808876453556268,-1.5735367657473118e-5,0.0003588495032962878,0.06807229121383061,-0.09362643957138062,0.012236915528774261,0.1387767493724823,1.1010808944702148,0.008728878572583199,-0.29757261276245117,-0.2832462191581726,-0.24253636598587036,-1.733748435974121,0.5599536895751953,1.7205524444580078,-0.8585280179977417
0.05475799999999998,0.0034223749999999996,16.0,1.7164240670521844,0.7732445536731863,0.20558447403563287,0.000962572778659254,-2.2363585248012598e-5,0.0004292005966143092,0.06811336045164008,-0.08997318148612976,0.014023828320205212,0.14141854643821716,1.1070983409881592,0.03456863388419151,-0.30225682258605957,-0.29085594415664673,-0.23728078603744507,-1.758512020111084,0.552419900894165,1.6939867734909058,-0.8699147701263428
0.05475799999999998,0.0034223749999999996,16.0,1.7448178092585485,0.8005579697161482,0.20577804880062214,0.0011263876532828713,-2.727203634251719e-5,0.0005028086473213335,0.06815301191910068,-0.0863848328590393,0.012289157137274742,0.1385292112827301,1.0893332958221436,0.03853569179773331,-0.28916311264038086,-0.28610360622406006,-0.2256840467453003,-1.7692168951034546,0.5591166019439697,1.7179888486862183,-0.8641998767852783
0.05475799999999998,0.0034223749999999996,16.0,1.7720995895495124,0.8273752341269979,0.20600534220510447,0.00128895486192866,-3.269189430798851e-5,0.0005750312001916282,0.06817187635711058,-0.08510324358940125,0.014393146149814129,0.1409720480442047,1.1010526418685913,0.05012017488479614,-0.3056674003601074,-0.2991495430469513,-0.2247825264930725,-1.7750115394592285,0.5536980628967285,1.694266438484192,-0.8767189979553223
0.05475799999999998,0.0034223749999999996,16.0,1.7983401110750956,0.8535148818104693,0.20610011631376007,0.001479641670644424,-3.8755523089001595e-5,0.0006599697826455524,0.06817615390852175,-0.08430704474449158,0.01619383692741394,0.1413157880306244,1.1053855419158936,0.056274354457855225,-0.3128628730773926,-0.30584999918937683,-0.22075408697128296,-1.7815310955047607,0.5570228099822998,1.6844897270202637,-0.8850799798965454
0.05475799999999998,0.0034223749999999996,16.0,1.82383192417757,0.8789789957135524,0.20638999735213537,0.0016712945672507336,-4.477473778028232e-5,0.0007430745587641164,0.06817816684461522,-0.08021453022956848,0.020839132368564606,0.14957937598228455,1.1306548118591309,0.09111909568309784,-0.3298354148864746,-0.3166852593421936,-0.22017604112625122,-1.7895277738571167,0.523040771484375,1.6218132972717285,-0.9108611345291138
0.05475799999999998,0.0034223749999999996,16.0,1.8483424701788649,0.9035521640102128,0.2065463719897541,0.0018753099458238315,-5.1366771974167515e-5,0.0008327837786981664,0.06817742184515127,-0.08012357354164124,0.02391430363059044,0.1519981324672699,1.1439262628555298,0.10117638856172562,-0.3466768264770508,-0.3291623294353485,-0.22085249423980713,-1.7924555540084839,0.520228385925293,1.5935307741165161,-0.9232760667800903
0.05475799999999998,0.0034223749999999996,16.0,1.8719963086046219,0.927251736947889,0.2065457445182176,0.0020558667376863802,-5.720535705436094e-5,0.0009132268205441461,0.06817847333780992,-0.08080235123634338,0.025281451642513275,0.1514773666858673,1.1488769054412842,0.10022278130054474,-0.3591630458831787,-0.34157341718673706,-0.22064661979675293,-1.792647123336792,0.5280368328094482,1.5885255336761475,-0.9283164739608765
0.05475799999999998,0.0034223749999999996,16.0,1.894785634920625,0.950143833209023,0.206590749077809,0.002249648822738355,-6.389926121210782e-5,0.0009994235464185254,0.06817739038117054,-0.0810847282409668,0.027268342673778534,0.15190234780311584,1.1549644470214844,0.10582467168569565,-0.3683292865753174,-0.35306036472320557,-0.22023648023605347,-1.7977256774902344,0.5334599018096924,1.5789519548416138,-0.9347389340400696
0.05475799999999998,0.0034223749999999996,16.0,1.9167126552727365,0.9721952183159,0.20664382040004897,0.002448867595734303,-7.145510308975003e-5,0.0010883142955479775,0.06817343573815078,-0.08160233497619629,0.029100358486175537,0.15227219462394714,1.1610809564590454,0.1108260303735733,-0.3784465789794922,-0.3657234311103821,-0.22065317630767822,-1.8017133474349976,0.539332389831543,1.5698343515396118,-0.9403411149978638
0.05475799999999998,0.0034223749999999996,16.0,1.9378876430917196,0.9934036524165922,0.20665389135900603,0.0026536385514971997,-7.835530695880373e-5,0.0011799474531531313,0.06817539055942266,-0.0825665295124054,0.03210798650979996,0.1543852984905243,1.17533278465271,0.11752651631832123,-0.3976418972015381,-0.3847389817237854,-0.22526496648788452,-1.8010188341140747,0.5389118194580078,1.5431288480758667,-0.9497151374816895
0.05475799999999998,0.0034223749999999996,16.0,1.958120322019934,1.0137630495146588,0.20662042933823646,0.002857394372718177,-8.684431476255883e-5,0.0012698328683639713,0.06817569971044074,-0.08362868428230286,0.03391316160559654,0.15504905581474304,1.184624433517456,0.11855030059814453,-0.4156789779663086,-0.40315839648246765,-0.2293705940246582,-1.7946972846984863,0.5426452159881592,1.5265904664993286,-0.9546640515327454
0.05475799999999998,0.0034223749999999996,16.0,1.9775903061926543,1.0334380887218169,0.20691524590126145,0.003044495167319137,-9.445826954205337e-5,0.0013522857151223367,0.06817257430559154,-0.08464518189430237,0.03785577788949013,0.1595928966999054,1.204826831817627,0.13117443025112152,-0.4389781951904297,-0.4247576892375946,-0.23667234182357788,-1.7925443649291992,0.5323848724365234,1.486327886581421,-0.9672219753265381
0.05475799999999998,0.0034223749999999996,16.0,1.9963123348673129,1.0523002163895085,0.20718483835331078,0.003238129747109456,-0.00010187539195336195,0.0014351970610672281,0.06817327733726058,-0.0840347409248352,0.042836498469114304,0.16556546092033386,1.2241642475128174,0.15388937294483185,-0.4548909664154053,-0.4396415650844574,-0.24140405654907227,-1.7924039363861084,0.5131142139434814,1.4335163831710815,-0.9816232323646545
0.05475799999999998,0.0034223749999999996,16.0,2.0140564438056066,1.0701510596851072,0.20708717045037164,0.0034148859288075195,-0.0001095481033195375,0.0015159304438209043,0.06817191308974803,-0.08572080731391907,0.043528132140636444,0.16344383358955383,1.2261723279953003,0.14512068033218384,-0.4642980098724365,-0.45621731877326965,-0.2429189682006836,-1.7915138006210327,0.5276157855987549,1.440866231918335,-0.9819759726524353
0.05475799999999998,0.0034223749999999996,16.0,2.031006966846626,1.0871872975551093,0.20708729773978615,0.0036039816527237804,-0.00011788340924014409,0.0016012581360804092,0.0681708055387141,-0.08640351891517639,0.0444822683930397,0.1631166636943817,1.2279951572418213,0.1487027108669281,-0.4715754985809326,-0.4692911207675934,-0.2441103458404541,-1.7913364171981812,0.534590482711792,1.439569354057312,-0.982551097869873
0.05475799999999998,0.0034223749999999996,16.0,2.047120480043004,1.1034858676757906,0.207135780931403,0.003775473702164116,-0.0001260193127999146,0.0016781931106295224,0.06816795725960359,-0.08735769987106323,0.04741225019097328,0.16351565718650818,1.2347239255905151,0.15285617113113403,-0.47818756103515625,-0.48127061128616333,-0.2450798749923706,-1.7997227907180786,0.5410118103027344,1.427085041999817,-0.988199770450592
0.05475799999999998,0.0034223749999999996,16.0,2.0624063743548784,1.1188040847688119,0.20701752314972602,0.003945644272838713,-0.00013465518898008984,0.0017527966010511058,0.06817049501098034,-0.08798342943191528,0.04897955060005188,0.16473934054374695,1.2428520917892456,0.15607616305351257,-0.491532564163208,-0.497488409280777,-0.24853628873825073,-1.7996655702590942,0.5389614105224609,1.4155977964401245,-0.9927135109901428
0.05475799999999998,0.0034223749999999996,16.0,2.0769963478165625,1.133384116919582,0.20702040225676915,0.004091951318062397,-0.000139979410520988,0.0018175595948184008,0.06817574513496501,-0.08756875991821289,0.05103155970573425,0.16629835963249207,1.2509944438934326,0.1620170623064041,-0.5049302577972412,-0.5119789242744446,-0.25099557638168335,-1.795654058456421,0.5322935581207275,1.3942694664001465,-0.9982749819755554
0.05475799999999998,0.0034223749999999996,16.0,2.0906599105089563,1.1471117277720548,0.20704240578236896,0.004221075560298663,-0.00014651685239066398,0.00187502333162564,0.06817675326764173,-0.08790874481201172,0.05222185701131821,0.16684004664421082,1.2572457790374756,0.1640365868806839,-0.5165963172912598,-0.5246266722679138,-0.25308477878570557,-1.7975285053253174,0.5311770439147949,1.3864752054214478,-1.0023202896118164
0.05475799999999998,0.0034223749999999996,16.0,2.103529144578502,1.1601271991471962,0.20725850322609862,0.0043528628580679915,-0.00015284351502703588,0.0019355365397944837,0.068172957295442,-0.0879707932472229,0.05274825915694237,0.16549041867256165,1.2560994625091553,0.16875523328781128,-0.5180034637451172,-0.5324722528457642,-0.2511759400367737,-1.8107271194458008,0.5394914150238037,1.3959662914276123,-1.0031534433364868
0.05475799999999998,0.0034223749999999996,16.0,2.115546192294595,1.1721501401693872,0.20719929488137087,0.004484659857671582,-0.0001595283012587837,0.001989320070090168,0.0681801343940512,-0.08818164467811584,0.05699002370238304,0.17250677943229675,1.2794638872146606,0.18336635828018188,-0.5442609786987305,-0.5518102645874023,-0.2612708806991577,-1.804224967956543,0.5128581523895264,1.3434211015701294,-1.0160351991653442
0.05475799999999998,0.0034223749999999996,16.0,2.1267465700557175,1.1835131093632376,0.2074945263589295,0.004616793545958597,-0.00016548001106671942,0.002039989465065589,0.06818383854294047,-0.08819195628166199,0.06293504685163498,0.18142184615135193,1.302497386932373,0.21108265221118927,-0.5637505054473877,-0.5629427433013916,-0.2700269818305969,-1.7994576692581177,0.48012733459472656,1.27499520778656,-1.0299983024597168
0.05475799999999998,0.0034223749999999996,16.0,2.1371006043330927,1.1940012348918618,0.20770668680634813,0.004751607880728077,-0.00017151192308086829,0.0020932988860538526,0.0681881131552876,-0.08890795707702637,0.06752186268568039,0.18886199593544006,1.3235141038894653,0.22801263630390167,-0.5838291645050049,-0.5777660608291626,-0.27933502197265625,-1.7946429252624512,0.45097875595092773,1.2207691669464111,-1.041350245475769
0.05475799999999998,0.0034223749999999996,16.0,2.1466076017665943,1.2037660372217671,0.2080960094358968,0.004909079905141602,-0.00017844998747880327,0.002157401021725706,0.06818768572531206,-0.08982479572296143,0.07270602881908417,0.1954759657382965,1.341066837310791,0.24641816318035126,-0.5975852012634277,-0.5884243249893188,-0.2862831950187683,-1.7932283878326416,0.42711615562438965,1.1677284240722656,-1.051663875579834
0.05475799999999998,0.0034223749999999996,16.0,2.155839521734661,1.21389483855673,0.21196549574562254,0.005113868383687978,-0.00024405216639105558,0.002242064269643739,0.0680620315012266,-0.09263640642166138,0.07835335284471512,0.1982322633266449,1.3518061637878418,0.27407246828079224,-0.589592456817627,-0.5904325842857361,-0.28529971837997437,-1.8108460903167725,0.4273340702056885,1.1363178491592407,-1.0633405447006226
0.05475799999999998,0.0034223749999999996,16.0,2.1636839987719383,1.2219557160258103,0.21220927435320713,0.0053468643244241965,-0.00025606220409157783,0.002338375383610863,0.06806565711158097,-0.09383556246757507,0.08364753425121307,0.20442470908164978,1.3682273626327515,0.288941353559494,-0.6029767990112305,-0.6011958122253418,-0.2925722599029541,-1.8063321113586426,0.40349841117858887,1.0799869298934937,-1.0721427202224731
0.05475799999999998,0.0034223749999999996,16.0,2.1707191844584957,1.2291325014071497,0.21237984176053207,0.005695076332389324,-0.00027331602792311836,0.002486360729756745,0.06807030150423198,-0.09412723779678345,0.08691973984241486,0.20794376730918884,1.3750301599502563,0.3039996027946472,-0.6095564365386963,-0.6094108819961548,-0.2956780791282654,-1.8018752336502075,0.38890814781188965,1.0453764200210571,-1.0756886005401611
0.05475799999999998,0.0034223749999999996,16.0,2.1769061879004385,1.2354980655446177,0.21253707988547627,0.006294330254007468,-0.0003036287633182844,0.0027434926011807286,0.068074609421912,-0.09521839022636414,0.0909789502620697,0.2121959626674652,1.3859871625900269,0.31395643949508667,-0.620903491973877,-0.6230341792106628,-0.3003276586532593,-1.7960988283157349,0.371309757232666,1.0011767148971558,-1.0816667079925537
0.05475799999999998,0.0034223749999999996,16.0,2.1822690424203506,1.2409926198710053,0.21263257040506692,0.007654365601295781,-0.0003734841167952869,0.003334284543071629,0.06808051205166461,-0.0959172248840332,0.09426014870405197,0.21481117606163025,1.389386773109436,0.32770010828971863,-0.6292145252227783,-0.6417279243469238,-0.30133968591690063,-1.7863925695419312,0.35965752601623535,0.9631834030151367,-1.0837559700012207
0.05475799999999998,0.0034223749999999996,16.0,2.186714513111944,1.2456890026556167,0.21263596866525059,0.014177910137233681,-0.0007352285898330405,0.006190269132341838,0.06809539323324017,-0.09883171319961548,0.09778779745101929,0.21587714552879333,1.3795158863067627,0.3503819406032562,-0.6567904949188232,-0.7175853848457336,-0.2950402498245239,-1.755482792854309,0.3558633327484131,0.9107580184936523,-1.0791505575180054
0.05475799999999998,0.0034223749999999996,16.0,2.189342952678083,-1.236925688535611,0.20106130415764545,1.444094676271023e-5,-1.4001232799341831e-5,-7.35772516416414e-8,0.06841704185775314,0.008888006210327148,0.1553191989660263,-0.15391871333122253,0.7002150416374207,0.10299807041883469,-1.0623939037322998,0.602157711982727,0.17287284135818481,-0.21649013459682465,0.36304664611816406,-0.01682172901928425,-0.8719600439071655
0.05475799999999998,0.0034223749999999996,16.0,2.184341236505474,-1.231993147836061,0.20101742898562272,4.823667987396423e-5,-4.679416555952731e-5,-2.4799364403540574e-7,0.06842793872666884,0.007695198059082031,0.15476757287979126,-0.1559654176235199,0.6939399242401123,0.10895784944295883,-1.0559544563293457,0.6190946102142334,0.17474773526191711,-0.19708895683288574,0.36224794387817383,-0.04248867556452751,-0.8675851225852966
0.05475799999999998,0.0034223749999999996,16.0,2.1785442773273274,-1.2262946266210109,0.20090503783842273,7.097167922546081e-5,-6.881526593701423e-5,-2.8952123459465603e-7,0.06843478435180089,0.007196605205535889,0.1536819189786911,-0.15778934955596924,0.6866995096206665,0.11034831404685974,-1.0507709980010986,0.6352155804634094,0.17706269025802612,-0.18044137954711914,0.3599879741668701,-0.06081797927618027,-0.8627079725265503
0.05475799999999998,0.0034223749999999996,16.0,2.17187335898219,-1.2197071400103523,0.2008625033870349,9.563323470171578e-5,-9.27712768678327e-5,-3.773829690725776e-7,0.06844660904816319,0.005713105201721191,0.15289917588233948,-0.16019684076309204,0.6781816482543945,0.11452122777700424,-1.0425562858581543,0.6559619903564453,0.17971259355545044,-0.15494337677955627,0.35859060287475586,-0.09296858310699463,-0.8568607568740845
0.05475799999999998,0.0034223749999999996,16.0,2.1643867573280366,-1.2123552325365028,0.20075028981264775,0.00012095178322356341,-0.00011727681481259243,-3.061455486973151e-7,0.0684562931683179,0.004316568374633789,0.15193715691566467,-0.16244617104530334,0.668686032295227,0.11681895703077316,-1.0340931415557861,0.6767463088035583,0.1825312376022339,-0.12944191694259644,0.35677576065063477,-0.12335734069347382,-0.8502117991447449
0.05475799999999998,0.0034223749999999996,16.0,2.1560391459099275,-1.204128805077679,0.20068191877197197,0.0001483147780601523,-0.00014382966045716625,-2.8504534634698904e-7,0.06846855989302233,0.0024852752685546875,0.15164680778980255,-0.16476941108703613,0.6598516702651978,0.11556243151426315,-1.0237066745758057,0.6964136958122253,0.18497437238693237,-0.10063022375106812,0.35436105728149414,-0.16101032495498657,-0.8437806367874146
0.05475799999999998,0.0034223749999999996,16.0,2.146892330368216,-1.195106164694496,0.20060497772668398,0.00017444335337892842,-0.00016911908091644774,-1.916026198977764e-7,0.06847734560289254,0.0017912089824676514,0.14964047074317932,-0.1668092906475067,0.6474975347518921,0.11188308894634247,-1.0162005424499512,0.7185176014900208,0.18923220038414001,-0.0739736258983612,0.35071587562561035,-0.1856580376625061,-0.8357563018798828
0.05475799999999998,0.0034223749999999996,16.0,2.13684789135384,-1.1853194935269402,0.2004895275537493,0.0002034072520388269,-0.00019713998836338903,9.635825313629639e-8,0.06849391682721068,-0.00044402480125427246,0.14622700214385986,-0.16948539018630981,0.6294302940368652,0.11774486303329468,-1.0049850940704346,0.7544127702713013,0.19590988755226135,-0.027723612263798714,0.34999895095825195,-0.22395294904708862,-0.8245241641998291
0.05475799999999998,0.0034223749999999996,16.0,2.126040025873825,-1.1746640844552616,0.20041055130575688,0.00023345798461369658,-0.00022611824706824385,3.630782598700777e-7,0.06850049716540381,-0.0014296174049377441,0.14435875415802002,-0.17098984122276306,0.6159212589263916,0.1093229204416275,-0.9952020645141602,0.7749888300895691,0.2001188099384308,0.0023349991533905268,0.34562253952026367,-0.2506633996963501,-0.8152559995651245
0.05475799999999998,0.0034223749999999996,16.0,2.1143869901553627,-1.1632071322659923,0.20034181879578247,0.00026267973623767844,-0.0002542461334841405,7.222107257993629e-7,0.0685086019601826,-0.0025941431522369385,0.14180584251880646,-0.17222625017166138,0.6005723476409912,0.10169408470392227,-0.9849410057067871,0.7980446219444275,0.20483410358428955,0.03613947331905365,0.34169864654541016,-0.27542242407798767,-0.8046894669532776
0.05475799999999998,0.0034223749999999996,16.0,2.101883899365182,-1.1508224409791559,0.20033418071695502,0.0002930147689828923,-0.0002836802620035012,8.310748336628305e-7,0.06852122061798016,-0.004260987043380737,0.14043524861335754,-0.17329064011573792,0.5868680477142334,0.09723734110593796,-0.971348762512207,0.8188754320144653,0.20725610852241516,0.07638384401798248,0.3350515365600586,-0.3085860311985016,-0.7933792471885681
0.05475799999999998,0.0034223749999999996,16.0,2.088692054995998,-1.1375528320592898,0.20038180348108806,0.0003262120330756515,-0.00031594940097057076,5.262725418269415e-7,0.0685231317097146,-0.002413511276245117,0.14038535952568054,-0.17307141423225403,0.5797462463378906,0.07947788387537003,-0.9687306880950928,0.8174099922180176,0.2074342668056488,0.08126749843358994,0.3221883773803711,-0.31277430057525635,-0.7863649129867554
0.05475799999999998,0.0034223749999999996,16.0,2.0746647276431767,-1.1234881370017684,0.20041707233837713,0.00036509577022399685,-0.00035364597910362183,3.8096204251010964e-7,0.06852300638279372,-0.0010925531387329102,0.14040987193584442,-0.1727052927017212,0.5718802213668823,0.06432368606328964,-0.9645259380340576,0.8167288303375244,0.20771053433418274,0.08877083659172058,0.31081271171569824,-0.32055607438087463,-0.7787072658538818
0.05475799999999998,0.0034223749999999996,16.0,2.059806991136212,-1.1085445035478687,0.2004755455051409,0.0004083003309102782,-0.00039566050442131417,6.234185815954586e-8,0.06852277380794916,0.00028383731842041016,0.14029040932655334,-0.17193809151649475,0.5631105303764343,0.0513530857861042,-0.9611697196960449,0.8151185512542725,0.20801153779029846,0.09633942693471909,0.3000342845916748,-0.3274649381637573,-0.7701901197433472
0.05475799999999998,0.0034223749999999996,16.0,2.044103071991179,-1.0928287501081093,0.20050644001274656,0.0004530099438318712,-0.00043896064644090906,2.4513496306590062e-8,0.06852157136934907,0.00033095479011535645,0.1398666352033615,-0.17156869173049927,0.5542302131652832,0.04209579899907112,-0.9548158645629883,0.8190345764160156,0.2090340554714203,0.11456045508384705,0.29185914993286133,-0.34386080503463745,-0.7623008489608765
0.05475799999999998,0.0034223749999999996,16.0,2.0274902346818364,-1.076267782725163,0.20054650353997291,0.000496751080449516,-0.00048142803249664193,1.8612810966233456e-7,0.0685257250369276,0.00048339366912841797,0.13889773190021515,-0.1704566776752472,0.542336106300354,0.033676356077194214,-0.9485142230987549,0.822319507598877,0.2108352780342102,0.13078950345516205,0.28511667251586914,-0.35385632514953613,-0.7522261738777161
0.05475799999999998,0.0034223749999999996,16.0,2.0101332957450433,-1.0589021520530553,0.2005861977443071,0.0005409001548076238,-0.0005240607794463693,3.8677771373394837e-7,0.06852132963094305,0.001640409231185913,0.1384374499320984,-0.16866526007652283,0.5356295108795166,0.024917785078287125,-0.9500722885131836,0.8173037171363831,0.21106839179992676,0.1314762830734253,0.27929043769836426,-0.35211658477783203,-0.745776891708374
0.05475799999999998,0.0034223749999999996,16.0,1.9919254049989257,-1.0406736231336986,0.20065364807861769,0.0005876498187070431,-0.0005694542443785667,3.23569541780311e-7,0.06851981458337779,0.002387315034866333,0.13828936219215393,-0.16694265604019165,0.5275988578796387,0.015990782529115677,-0.9483945369720459,0.8132741451263428,0.2111682891845703,0.1364390105009079,0.27335309982299805,-0.35560476779937744,-0.7378509640693665
0.05475799999999998,0.0034223749999999996,16.0,1.972862400854792,-1.0216643968802483,0.20069481906454725,0.000637609378791286,-0.0006175535202560895,9.822606919605734e-7,0.06851650697345912,0.0022782087326049805,0.1371890902519226,-0.16552719473838806,0.5152216553688049,0.00689114211127162,-0.941035270690918,0.8168773055076599,0.21298730373382568,0.15500521659851074,0.26743555068969727,-0.36708688735961914,-0.7273175120353699
0.05475799999999998,0.0034223749999999996,16.0,1.9529896592350209,-1.0017210776659629,0.2008032470027925,0.0006969552238201748,-0.0006757227889060602,1.6408226664342172e-7,0.06851866479582541,0.00305938720703125,0.13736699521541595,-0.16392338275909424,0.5076368451118469,-0.004023336339741945,-0.9383857250213623,0.8121724724769592,0.21271449327468872,0.15987810492515564,0.2607853412628174,-0.37352123856544495,-0.7194405198097229
0.05475799999999998,0.0034223749999999996,16.0,1.932255128968591,-0.9810105488997647,0.20086194537390484,0.0007517758123251664,-0.0007289951741140702,2.0259949060654328e-7,0.06851971156964251,0.0022084712982177734,0.137627974152565,-0.1635504961013794,0.5021311044692993,-0.0091549688950181,-0.9296283721923828,0.8151851892471313,0.21222946047782898,0.18431562185287476,0.25276947021484375,-0.39999112486839294,-0.7133804559707642
0.05475799999999998,0.0034223749999999996,16.0,1.910654485581242,-0.9595042297733445,0.20091790059693998,0.0008013472357216377,-0.0007771084642432504,8.076533192306887e-7,0.06852239931913809,0.0029084384441375732,0.13573968410491943,-0.16071107983589172,0.48832643032073975,-0.01712241768836975,-0.9279437065124512,0.8141312599182129,0.21470782160758972,0.195981964468956,0.24827933311462402,-0.3965469002723694,-0.7021414041519165
0.05475799999999998,0.0034223749999999996,16.0,1.8882940366429177,-0.9371226530871101,0.20098097892744557,0.0008461053804930815,-0.0008203822801223976,1.1926476102440845e-6,0.06851732458627331,0.0033907294273376465,0.13561765849590302,-0.15889930725097656,0.47929006814956665,-0.02792750671505928,-0.9231204986572266,0.8102976679801941,0.2148095965385437,0.20596076548099518,0.24146127700805664,-0.4055091440677643,-0.6931900978088379
0.05475799999999998,0.0034223749999999996,16.0,1.8650654282635437,-0.9139351169627735,0.20106465437831456,0.0008953127091282099,-0.0008681691609674109,1.5751247360266224e-6,0.06851681894005383,0.0034991204738616943,0.13474008440971375,-0.15697401762008667,0.46829932928085327,-0.0385170578956604,-0.9160988330841064,0.8096120357513428,0.21585160493850708,0.2213323414325714,0.23491406440734863,-0.41426053643226624,-0.6832534074783325
0.05475799999999998,0.0034223749999999996,16.0,1.841030111039839,-0.88991479163743,0.20113675557000282,0.0009514899069816882,-0.0009225619100181124,2.0934174804599313e-6,0.06851336091679461,0.003967106342315674,0.13440996408462524,-0.15499469637870789,0.45897454023361206,-0.0498090460896492,-0.9110517501831055,0.8057194948196411,0.21591362357139587,0.23146244883537292,0.22806620597839355,-0.4215919077396393,-0.6739830374717712
0.05475799999999998,0.0034223749999999996,16.0,1.8161289666884157,-0.8651213282149003,0.20128620751978177,0.0010041495280220477,-0.0009744765723979249,1.9801164099095957e-6,0.06851552776070123,0.003754913806915283,0.13280220329761505,-0.1520625352859497,0.4449783265590668,-0.05575312301516533,-0.9028773307800293,0.8043092489242554,0.21807488799095154,0.2503613829612732,0.22321605682373047,-0.4249299466609955,-0.6621978282928467
0.05475799999999998,0.0034223749999999996,16.0,1.7903829616525304,-0.8395096455375565,0.20141426342453164,0.0010580864617744793,-0.0010272520464477443,2.536262992786377e-6,0.06851593103914666,0.003758728504180908,0.1299208104610443,-0.14803707599639893,0.42762237787246704,-0.06271842867136002,-0.8957889080047607,0.8023421168327332,0.22200316190719604,0.2686607241630554,0.21986031532287598,-0.41734740138053894,-0.6488820314407349
0.05475799999999998,0.0034223749999999996,16.0,1.7638162139103877,-0.8130381524777056,0.2015564794606762,0.0011157490214109243,-0.0010837122334161778,2.977821545598791e-6,0.06850928592854957,0.004372268915176392,0.13147932291030884,-0.14762720465660095,0.4269958436489105,-0.07397494465112686,-0.8943462371826172,0.7951191067695618,0.21762877702713013,0.2750403881072998,0.21005702018737793,-0.4358665347099304,-0.6437681317329407
0.05475799999999998,0.0034223749999999996,16.0,1.7363414902311871,-0.7858468295766504,0.2018578022670867,0.0011727876933101363,-0.0011412308185332874,2.2471231285753858e-6,0.06850348310471227,0.004407614469528198,0.13034632802009583,-0.1451907753944397,0.41164523363113403,-0.08788228034973145,-0.8812270164489746,0.7905814051628113,0.21902531385421753,0.2968522906303406,0.20026326179504395,-0.44415155053138733,-0.6298192143440247
0.05475799999999998,0.0034223749999999996,16.0,1.7079937307432242,-0.7579072752053106,0.20232703154049161,0.0012577214881110525,-0.001235108699882885,-6.537806878098344e-6,0.06844582803265299,0.0044841468334198,0.12887787818908691,-0.1422555148601532,0.3920925557613373,-0.104336678981781,-0.86441969871521,0.7834553122520447,0.22147417068481445,0.32256418466567993,0.18877553939819336,-0.45014306902885437,-0.6127342581748962
0.05475799999999998,0.0034223749999999996,16.0,1.6785147322352056,-0.7292310716804505,0.2027660297819646,0.0013227284029395812,-0.0013147620816664647,-1.2419413064206662e-5,0.068386567817242,0.003958612680435181,0.12686489522457123,-0.13846254348754883,0.3679175078868866,-0.11694705486297607,-0.8397746086120605,0.7734026908874512,0.2255302369594574,0.36299341917037964,0.1744217872619629,-0.4590928852558136,-0.5926419496536255
0.05475799999999998,0.0034223749999999996,16.0,1.6480422803984869,-0.6996743068191786,0.20312991604951858,0.0013933895282323436,-0.00140015654241975,-9.95957171392531e-6,0.06835409877603428,0.0031201541423797607,0.12151189148426056,-0.12832605838775635,0.3219761848449707,-0.13010862469673157,-0.7808005809783936,0.7496042251586914,0.24384045600891113,0.3757418990135193,0.1817460060119629,-0.39024826884269714,-0.5654183626174927
0.05475799999999998,0.0034223749999999996,16.0,1.6169318481599069,-0.6692151214566767,0.2033464525805312,0.001451789076938098,-0.0014720294760173702,-6.981341621453609e-6,0.06833234900733787,0.0024875998497009277,0.1151890978217125,-0.11626982688903809,0.2740004360675812,-0.13987186551094055,-0.7033371925354004,0.7108105421066284,0.2663649916648865,0.36989814043045044,0.201493501663208,-0.29067879915237427,-0.5404760837554932
0.05475799999999998,0.0034223749999999996,16.0,1.5850130439510404,-0.6378832760339735,0.20346908093808685,0.0014867445765101874,-0.001519849096758482,1.06480764809539e-6,0.06831264514039126,0.001902461051940918,0.10751976072788239,-0.10243657231330872,0.22632509469985962,-0.13952934741973877,-0.5929958820343018,0.6468576192855835,0.2939383387565613,0.33740925788879395,0.24447870254516602,-0.161371111869812,-0.5209797620773315
0.05475799999999998,0.0034223749999999996,16.0,1.552350422068033,-0.605620668517604,0.20348698458180295,0.0015055046363432138,-0.0015487718348902847,9.924289069853863e-6,0.068297061238078,0.0022322237491607666,0.10011651366949081,-0.0926520824432373,0.192148357629776,-0.12630322575569153,-0.447983980178833,0.555823564529419,0.31403428316116333,0.2825087606906891,0.3069450855255127,-0.06621190160512924,-0.5074000358581543
0.05475799999999998,0.0034223749999999996,16.0,1.5191634690352713,-0.5724701827418799,0.2033945644093613,0.0015089898266729303,-0.0015571221809959918,1.2581265068382381e-5,0.06829429180370819,-0.03797140717506409,0.09866698831319809,-0.08285698294639587,0.2234315425157547,0.013336287811398506,-0.43430066108703613,0.2368236482143402,0.40997636318206787,0.483130544424057,0.6619305610656738,-0.22500064969062805,-0.6341724395751953
0.05475799999999998,0.0034223749999999996,16.0,1.4851239868447925,-0.5384762700725132,0.20332765760492996,0.0014938081647657524,-0.0015435201108970403,1.554533363825405e-5,0.06829462151804767,-0.03821989893913269,0.09346967935562134,-0.08267462253570557,0.20516934990882874,0.048219338059425354,-0.27007150650024414,0.14418767392635345,0.3979037404060364,0.46937188506126404,0.6745884418487549,-0.30783340334892273,-0.6038957834243774
0.05475799999999998,0.0034223749999999996,16.0,1.4502390305735884,-0.5036456759177664,0.20326684865701292,0.001442128740954275,-0.0014894726988390746,1.8198245932582324e-5,0.06829654963741696,-0.03884658217430115,0.09118685126304626,-0.08353891968727112,0.1989869326353073,0.07216096669435501,-0.14484596252441406,0.06616906821727753,0.3788544833660126,0.44857311248779297,0.677797794342041,-0.40196719765663147,-0.5787339806556702
0.05475799999999998,0.0034223749999999996,16.0,1.4145201625474535,-0.4679936858188073,0.20326778751843896,0.0014042538649220136,-0.0014536033236483058,1.6814171700682625e-5,0.06829724567604542,-0.03842520713806152,0.08947839587926865,-0.08458685874938965,0.1950068324804306,0.09870097041130066,-0.09036922454833984,0.02566372975707054,0.37057358026504517,0.46639618277549744,0.6724495887756348,-0.4795559048652649,-0.5664142370223999
0.05475799999999998,0.0034223749999999996,16.0,1.3779270635383933,-0.4314723622047913,0.2032471835644292,0.0013658840628024474,-0.0014157889559704693,1.5120636520210854e-5,0.06829815653824875,-0.03849416971206665,0.08922017365694046,-0.08623391389846802,0.19230665266513824,0.10391024500131607,-0.07926177978515625,0.019037101417779922,0.3647593855857849,0.4702721834182739,0.6732244491577148,-0.4980126917362213,-0.5579105615615845
0.05475799999999998,0.0034223749999999996,16.0,1.3699083228613493,0.4389547363979196,0.2025517557998941,-0.0013936029483504909,-0.001461564578821595,-0.00012553574095433494,0.06833195821917214,-0.2792109549045563,0.1752968430519104,-0.09239622950553894,0.9194056391716003,-1.0816123485565186,0.8315531015396118,0.2621060907840729,0.2899869680404663,-1.8286371231079102,1.5266315937042236,0.5984617471694946,-1.2091538906097412
0.05475799999999998,0.0034223749999999996,16.0,1.4064894122977507,0.4756779665983601,0.20264044490337094,-0.0014238382646477846,-0.001491125748225503,-0.0001275078843840676,0.06831439473183104,-0.279378741979599,0.18080857396125793,-0.08726361393928528,0.9561408758163452,-1.0981717109680176,0.8705992698669434,0.2809767723083496,0.2920093536376953,-1.878587007522583,1.4787800312042236,0.6485772728919983,-1.2484581470489502
0.05475799999999998,0.0034223749999999996,16.0,1.4422392018600925,0.5115910163600802,0.2028076155804331,-0.0014519324187318107,-0.0015183106596385102,-0.00012937703229076513,0.06829693388661838,-0.27166417241096497,0.18177475035190582,-0.07610082626342773,1.0192224979400635,-1.1357051134109497,0.9264848232269287,0.3149537146091461,0.2729918956756592,-1.9395135641098022,1.3547418117523193,0.7841528058052063,-1.2933847904205322
0.05475799999999998,0.0034223749999999996,16.0,1.47721387268972,0.5465463466443337,0.2030217214751998,-0.0014846470430534922,-0.0015551630500098004,-0.00013398190977398169,0.06829068401711857,-0.24676665663719177,0.15873298048973083,-0.04943767189979553,1.1046321392059326,-1.217012882232666,0.9189765453338623,0.2888755202293396,0.20844781398773193,-1.8898946046829224,1.0916645526885986,1.1726959943771362,-1.3152308464050293
0.05475799999999998,0.0034223749999999996,16.0,1.5114433401448988,0.5804671808213243,0.20350712221593878,-0.0014978679736677035,-0.0015678297090060754,-0.0001391298021595272,0.0682883983456496,-0.21294835209846497,0.12178095430135727,-0.013952851295471191,1.1525404453277588,-1.3097530603408813,0.8820945024490356,0.2897428572177887,0.13606193661689758,-1.7602472305297852,0.7432520389556885,1.6750348806381226,-1.2916297912597656
0.05475799999999998,0.0034223749999999996,16.0,1.5450718286398644,0.6133617069764248,0.20429352417372637,-0.0015068839875815214,-0.0015753218585586404,-0.0001441791635383588,0.06828892466514327,-0.19057822227478027,0.06655507534742355,0.07232019305229187,1.1292998790740967,-0.2968296706676483,0.3606853485107422,-0.04303307831287384,-0.11962980031967163,-2.0115067958831787,1.0623960494995117,1.569586992263794,-1.0115758180618286
0.05475799999999998,0.0034223749999999996,16.0,1.57804331379916,0.6450221610555096,0.20567935962452089,-0.0014991412078037684,-0.0015475710383605586,-0.000148355242440482,0.06827844774049556,-0.15457111597061157,0.03931095451116562,0.0939989984035492,1.1224544048309326,-0.22602668404579163,0.09423398971557617,-0.13971386849880219,-0.18538761138916016,-1.8581985235214233,0.8744101524353027,1.7450878620147705,-0.9383147954940796
0.05475799999999998,0.0034223749999999996,16.0,1.6106529896682815,0.6753043318909064,0.20731531979457013,-0.0014742660749225403,-0.0014972941511700807,-0.00014997762583692173,0.06827405864905374,-0.12374827265739441,0.02080654352903366,0.11385473608970642,1.1024327278137207,-0.13381896913051605,-0.09705305099487305,-0.20416726171970367,-0.2188614010810852,-1.7543295621871948,0.7033102512359619,1.7990363836288452,-0.8844901919364929
0.05475799999999998,0.0034223749999999996,16.0,1.6424867121818691,0.704828848036862,0.20898805314207913,-0.0014271345653947907,-0.0014209475870056434,-0.00014386296945781673,0.06824824459421722,-0.10714396834373474,0.014246552251279354,0.12893852591514587,1.1013270616531372,-0.05722072347998619,-0.2146613597869873,-0.2467038482427597,-0.23391973972320557,-1.7250827550888062,0.6103770732879639,1.7701631784439087,-0.8678611516952515
0.05475799999999998,0.0034223749999999996,16.0,1.673174697329504,0.7334907686304071,0.21047782753936667,-0.0013638717976884895,-0.0013334691785773882,-0.00013671183732987967,0.0682183170341109,-0.09765580296516418,0.0114855095744133,0.13617345690727234,1.095738172531128,-0.008598675951361656,-0.26712512969970703,-0.26787716150283813,-0.23472613096237183,-1.7232935428619385,0.5663225650787354,1.7371267080307007,-0.8613641858100891
0.05475799999999998,0.0034223749999999996,16.0,1.7031601029014545,0.7617930513089988,0.21181419901728715,-0.0013082801535787517,-0.0012514219262485626,-0.00012282630853559912,0.06818212748423629,-0.09372973442077637,0.016435403376817703,0.1444409191608429,1.1248774528503418,0.03419700264930725,-0.28768014907836914,-0.281473845243454,-0.23480862379074097,-1.754827618598938,0.5424537658691406,1.6690700054168701,-0.8902478218078613
0.05475799999999998,0.0034223749999999996,16.0,1.7319662318766762,0.7893586013163284,0.21240091693016241,-0.0012231529896009543,-0.0011584384996042275,-0.00011261209727280365,0.06818710456362033,-0.09241551160812378,0.01732778176665306,0.1427842676639557,1.1209198236465454,0.03840247914195061,-0.2847011089324951,-0.28262558579444885,-0.22768110036849976,-1.7745686769485474,0.5543961524963379,1.672137975692749,-0.8935639262199402
0.05475799999999998,0.0034223749999999996,16.0,1.7597771232275123,0.8163908527388857,0.21262754328915573,-0.0011655466311574576,-0.0010996975952999018,-0.00010613374651794578,0.06819589405953877,-0.09090018272399902,0.018836919218301773,0.14339318871498108,1.124420166015625,0.047128405421972275,-0.2895960807800293,-0.28595465421676636,-0.2230926752090454,-1.7874739170074463,0.5555963516235352,1.663270115852356,-0.9017139077186584
0.05475799999999998,0.0034223749999999996,16.0,1.7865324939928344,0.8428469633960473,0.21285611387156053,-0.0011077322652948936,-0.0010417389514691573,-9.969169740148581e-5,0.06819297486594465,-0.09015300869941711,0.02078469842672348,0.14508554339408875,1.133529782295227,0.05420537665486336,-0.3019444942474365,-0.2940591275691986,-0.2215101718902588,-1.792989730834961,0.5530202388763428,1.6473768949508667,-0.9123404622077942
0.05475799999999998,0.0034223749999999996,16.0,1.812407073372646,0.8685138299175077,0.21277558516188802,-0.0010509314690001468,-0.0009887541101323003,-9.529265944552074e-5,0.06819673993894082,-0.0894385576248169,0.022507037967443466,0.14540007710456848,1.1372616291046143,0.05916701629757881,-0.3068962097167969,-0.29781797528266907,-0.2179042100906372,-1.8019118309020996,0.5566275119781494,1.6414034366607666,-0.9197041988372803
0.05475799999999998,0.0034223749999999996,16.0,1.837409023290674,0.893504442310091,0.21295741951829292,-0.000996013040624796,-0.0009355413060864077,-8.935819392762829e-5,0.06818759967915021,-0.08736148476600647,0.023515604436397552,0.14687559008598328,1.1398413181304932,0.07123349606990814,-0.3103621006011963,-0.2997989058494568,-0.21371781826019287,-1.8064136505126953,0.5509741306304932,1.6333857774734497,-0.9265969395637512
0.05475799999999998,0.0034223749999999996,16.0,1.8614558857050636,0.9176364277613541,0.21302721389532928,-0.0009345932736013206,-0.0008768744117320551,-8.367063557567972e-5,0.06818417856279761,-0.08730554580688477,0.025388598442077637,0.14767464995384216,1.146916151046753,0.07682232558727264,-0.3203282356262207,-0.308149129152298,-0.2129809856414795,-1.810921549797058,0.553396463394165,1.6217727661132812,-0.9343442916870117
0.05475799999999998,0.0034223749999999996,16.0,1.8847052573542054,0.9409983877736562,0.2132252843837226,-0.0008892726996321031,-0.0008326015466004832,-7.837858984033247e-5,0.06817697498935354,-0.0870085060596466,0.02923116460442543,0.15216168761253357,1.166615605354309,0.09430494904518127,-0.34023046493530273,-0.32128816843032837,-0.21674221754074097,-1.816826581954956,0.5435402393341064,1.5827373266220093,-0.9500619769096375
0.05475799999999998,0.0034223749999999996,16.0,1.9069917068770499,0.9634937144429445,0.21330360143981975,-0.0008452488407594779,-0.0007902614864553396,-7.406881711102956e-5,0.06817788563864179,-0.08808201551437378,0.032106224447488785,0.1540188491344452,1.1809844970703125,0.09784223139286041,-0.3597831726074219,-0.3374241888523102,-0.2209930419921875,-1.8174878358840942,0.5450944900512695,1.5585572719573975,-0.9599146842956543
0.05475799999999998,0.0034223749999999996,16.0,1.928659789787269,0.9851729360016476,0.21345945019264612,-0.0007952125037567081,-0.0007424180091662058,-6.870655401135383e-5,0.06817332756675168,-0.08724513649940491,0.034763239324092865,0.15733125805854797,1.1952717304229736,0.10987158864736557,-0.37468862533569336,-0.35297691822052,-0.22423797845840454,-1.8154339790344238,0.5327889919281006,1.5284762382507324,-0.9708330631256104
0.05475799999999998,0.0034223749999999996,16.0,1.9494047929738592,1.0060435859114905,0.21358188669812775,-0.0007390817396329842,-0.0006889492186328041,-6.323781772466945e-5,0.06817045116139481,-0.08802157640457153,0.0381026528775692,0.15979549288749695,1.2088762521743774,0.12016309052705765,-0.38952088356018066,-0.3669129014015198,-0.22840869426727295,-1.8201371431350708,0.5323243141174316,1.5025124549865723,-0.9800677299499512
0.05475799999999998,0.0034223749999999996,16.0,1.969298088468231,1.0259663434222837,0.2135421705649281,-0.0006768383454197302,-0.0006306458402646041,-5.8099456896249324e-5,0.06817435460237213,-0.08857461810112,0.03958742320537567,0.1605915129184723,1.215207576751709,0.12570607662200928,-0.4020423889160156,-0.38007852435112,-0.23162347078323364,-1.817139983177185,0.5357389450073242,1.4911901950836182,-0.9830682277679443
0.05475799999999998,0.0034223749999999996,16.0,1.9882522734223613,1.045132291096207,0.21360594154159815,-0.0006252058504048006,-0.0005816239008357455,-5.3443920780568786e-5,0.06817631001832336,-0.08992758393287659,0.041544534265995026,0.1608884632587433,1.2225661277770996,0.12699861824512482,-0.41298866271972656,-0.3947799801826477,-0.23459690809249878,-1.8202584981918335,0.5424456596374512,1.483293056488037,-0.9873015880584717
0.05475799999999998,0.0034223749999999996,16.0,2.006452316694485,1.0635050526475485,0.2136994988532075,-0.0005753379297262971,-0.0005343700255288324,-4.898311596403095e-5,0.06817477020116434,-0.0912521481513977,0.04568346217274666,0.16446813941001892,1.240989089012146,0.13539449870586395,-0.4330868721008301,-0.4138805866241455,-0.24202322959899902,-1.8209136724472046,0.5373423099517822,1.4477530717849731,-0.997977077960968
0.05475799999999998,0.0034223749999999996,16.0,2.023811683513666,1.0810348307910511,0.2137537290394912,-0.0005319760994440592,-0.0004934676605347794,-4.510551691925714e-5,0.06817584314411342,-0.09249135851860046,0.048504799604415894,0.16597840189933777,1.251686692237854,0.1385442018508911,-0.4458930492401123,-0.4288446605205536,-0.2462494969367981,-1.8228716850280762,0.5391755104064941,1.4293127059936523,-1.0042469501495361
0.05475799999999998,0.0034223749999999996,16.0,2.040395387560282,1.0976842489110248,0.21381087382698144,-0.00048724585076878986,-0.0004514642203732342,-4.1136294704951435e-5,0.06817486532367648,-0.09196615219116211,0.04988950490951538,0.16711589694023132,1.2554643154144287,0.14842219650745392,-0.4520854949951172,-0.4387384057044983,-0.24710732698440552,-1.8223793506622314,0.5361347198486328,1.418587565422058,-1.0071791410446167
0.05475799999999998,0.0034223749999999996,16.0,2.056104493136983,1.113527964828368,0.2138015847595715,-0.0004410118444093054,-0.0004082878017893184,-3.736889784012762e-5,0.06817693077754579,-0.09291958808898926,0.051820218563079834,0.1666928231716156,1.2599105834960938,0.1481325477361679,-0.45870447158813477,-0.4506988525390625,-0.24808067083358765,-1.8286558389663696,0.5440182685852051,1.4144775867462158,-1.010568618774414
0.05475799999999998,0.0034223749999999996,16.0,2.071017416744723,1.1285426069032949,0.21387205964540043,-0.00039611291952884516,-0.00036627932744424745,-3.313033231554648e-5,0.06818037217263044,-0.09360578656196594,0.055308882147073746,0.1709769070148468,1.2781095504760742,0.15703779458999634,-0.48075175285339355,-0.46868494153022766,-0.2561498284339905,-1.826409935951233,0.530785083770752,1.3780303001403809,-1.0203865766525269
0.05475799999999998,0.0034223749999999996,16.0,2.085141401334772,1.1426711242503946,0.21375842793638355,-0.00035571970061713603,-0.00032900325271915227,-2.9853059925654957e-5,0.06818832996123188,-0.09373429417610168,0.05582195147871971,0.16913309693336487,1.2767038345336914,0.15596310794353485,-0.4840409755706787,-0.4782966077327728,-0.2547088861465454,-1.8334072828292847,0.5404214859008789,1.3860844373703003,-1.02045738697052
0.05475799999999998,0.0034223749999999996,16.0,2.0984825222228114,1.1559705933047566,0.2136868054059307,-0.00032041640982658095,-0.0002963566349561414,-2.6847218748791503e-5,0.0681939839282034,-0.09302228689193726,0.05599150061607361,0.16780802607536316,1.275347352027893,0.15875117480754852,-0.4877140522003174,-0.4864509403705597,-0.2529061436653137,-1.840467095375061,0.544419527053833,1.3918911218643188,-1.0209804773330688
0.05475799999999998,0.0034223749999999996,16.0,2.1109440570989775,1.1685196825389217,0.21382865701492973,-0.00028865750063588577,-0.0002665720976261057,-2.3850398276046746e-5,0.0681908682076295,-0.09301161766052246,0.058740634471178055,0.1711166799068451,1.2868586778640747,0.17355650663375854,-0.500150203704834,-0.4966358244419098,-0.25731635093688965,-1.8464809656143188,0.5350804328918457,1.3691394329071045,-1.0279699563980103
0.05475799999999998,0.0034223749999999996,16.0,2.1225609328322554,1.1803212432026227,0.21416347284850576,-0.00025833330196130044,-0.00023796623558253814,-2.0615596878882286e-5,0.06818211450259952,-0.09327325224876404,0.06379535049200058,0.17855432629585266,1.3092886209487915,0.1972014605998993,-0.5204067230224609,-0.5075850486755371,-0.26669132709503174,-1.8475631475448608,0.5097572803497314,1.316240668296814,-1.0407387018203735
0.05475799999999998,0.0034223749999999996,16.0,2.133331966385851,1.191301194090176,0.21451009559122572,-0.000226808808636569,-0.00020842587112596312,-1.734944178277997e-5,0.06817507565423432,-0.09386897087097168,0.0691569447517395,0.1862259805202484,1.331516146659851,0.21973319351673126,-0.5400042533874512,-0.5183044075965881,-0.27645039558410645,-1.8461437225341797,0.4828014373779297,1.259547472000122,-1.0528916120529175
0.05475799999999998,0.0034223749999999996,16.0,2.1432863558911333,1.20145051634369,0.21484691194930022,-0.00019606735420273669,-0.000179780017376398,-1.4380002919343472e-5,0.06816662835281956,-0.09421736001968384,0.07462795078754425,0.19401845335960388,1.3519940376281738,0.24366825819015503,-0.5579254627227783,-0.5284111499786377,-0.28604942560195923,-1.839542031288147,0.4524106979370117,1.1978111267089844,-1.0634738206863403
0.05475799999999998,0.0034223749999999996,16.0,2.152391458038978,1.2107376855489014,0.21508665176984024,-0.0001680488419433566,-0.0001538532878612534,-1.188647941052874e-5,0.06816265620473823,-0.09494203329086304,0.0792139321565628,0.19971588253974915,1.3674085140228271,0.260789692401886,-0.5708122253417969,-0.5363342761993408,-0.29325687885284424,-1.839084267616272,0.4316701889038086,1.152339220046997,-1.071442723274231
0.05475799999999998,0.0034223749999999996,16.0,2.1606845036571674,1.2192038315623648,0.21534792512429604,-0.00013881847681535022,-0.00012690950969587494,-9.384221919078498e-6,0.06815854908486206,-0.09546822309494019,0.08393977582454681,0.20565375685691833,1.3819812536239624,0.2792586386203766,-0.5832805633544922,-0.54397052526474,-0.30064964294433594,-1.8330423831939697,0.4075312614440918,1.100507378578186,-1.0783782005310059
0.05475799999999998,0.0034223749999999996,16.0,2.1681094819355415,1.2267944520886271,0.21550577766545212,-0.0001115535161360892,-0.00010187116333049126,-7.323367127022833e-6,0.06815592956604924,-0.0960509181022644,0.08753008395433426,0.20932385325431824,1.391402244567871,0.2917782664299011,-0.5906527042388916,-0.5488650798797607,-0.3051716089248657,-1.833451509475708,0.39394140243530273,1.0678166151046753,-1.0831276178359985
0.05475799999999998,0.0034223749999999996,16.0,2.1747544282933937,1.2335592235428197,0.21567508808980973,-8.392889305638344e-5,-7.65945123005663e-5,-5.264822878714764e-6,0.06815617737373429,-0.09644237160682678,0.09120789170265198,0.2132565677165985,1.4002126455307007,0.30581286549568176,-0.5979430675506592,-0.5535541772842407,-0.3099706172943115,-1.8288908004760742,0.37737512588500977,1.0291625261306763,-1.0869780778884888
0.05475799999999998,0.0034223749999999996,16.0,2.1804877108909877,1.239485493148061,0.215846000851267,-5.816091490342329e-5,-5.301598163442001e-5,-3.5437722954542407e-6,0.06815299145734176,-0.09728121757507324,0.0948137640953064,0.21707025170326233,1.4110956192016602,0.313421368598938,-0.6079621315002441,-0.5606150031089783,-0.3155471086502075,-1.8239412307739258,0.3613719940185547,0.9905824661254883,-1.092043161392212
0.05475799999999998,0.0034223749999999996,16.0,2.1854509654144927,1.2445710424553793,0.21598779738311566,-3.257528308594678e-5,-2.9678249563651485e-5,-1.9037527627624957e-6,0.06815344954390724,-0.09784242510795593,0.09838853031396866,0.22069820761680603,1.4198018312454224,0.32337501645088196,-0.6159248352050781,-0.5659632086753845,-0.32068490982055664,-1.8148945569992065,0.34475040435791016,0.9490010738372803,-1.0953985452651978
0.05475799999999998,0.0034223749999999996,16.0,2.1596492041950386,-1.2416622199437122,0.1837857370865629,-0.01412102427261521,-0.0004301088207845868,-0.006414364525846893,0.06850984020014209,0.011068522930145264,0.13683141767978668,-0.15966787934303284,0.6619786024093628,0.14449700713157654,-1.0827088356018066,0.6756410598754883,0.1980101466178894,-0.12807728350162506,0.30759644508361816,0.032645367085933685,-0.8604685068130493
0.05475799999999998,0.0034223749999999996,16.0,2.155127862994772,-1.2370663880703812,0.18376033081301163,-0.007613090699852659,-0.00023014880452119053,-0.00346739902647932,0.06850215198102433,0.011334389448165894,0.13911637663841248,-0.16005006432533264,0.6575205326080322,0.11667800694704056,-1.0723662376403809,0.685028076171875,0.1965567171573639,-0.12839606404304504,0.3322157859802246,-0.01241297833621502,-0.8540814518928528
0.05475799999999998,0.0034223749999999996,16.0,2.1497323089666405,-1.2317274493751313,0.18369662766283235,-0.006251401085488777,-0.00019271518834805532,-0.002849261151284719,0.06850125848371195,0.01024395227432251,0.1393861621618271,-0.16121089458465576,0.6507071852684021,0.11449898779392242,-1.0643491744995117,0.6973708868026733,0.19764649868011475,-0.11329043656587601,0.33568859100341797,-0.04269182309508324,-0.8482588529586792
0.05475799999999998,0.0034223749999999996,16.0,2.1434985385472873,-1.2255530348358736,0.1836578628344149,-0.005653871305346251,-0.00017665034381716973,-0.0025778260693726605,0.06849953317493454,0.009061038494110107,0.13902854919433594,-0.16266363859176636,0.6435467004776001,0.11410733312368393,-1.0574936866760254,0.7119113802909851,0.19941744208335876,-0.09365496784448624,0.3362395763397217,-0.0705999806523323,-0.8428331613540649
0.05475799999999998,0.0034223749999999996,16.0,2.136425542498931,-1.218576831677728,0.1835949355580941,-0.005299673234067883,-0.00017133412661446054,-0.0024177157656487184,0.06850079773485031,0.00770115852355957,0.1386808454990387,-0.16415265202522278,0.6350337266921997,0.11275110393762589,-1.0493884086608887,0.7270221710205078,0.20158687233924866,-0.07202392816543579,0.3355064392089844,-0.09941008687019348,-0.8364511728286743
0.05475799999999998,0.0034223749999999996,16.0,2.1274825909636177,-1.2123309879546869,0.18108473282088194,-0.005058027460526746,-0.00019689731162921838,-0.0023019367908967397,0.06858487900956603,0.007300585508346558,0.13662418723106384,-0.16515564918518066,0.6243541240692139,0.10946744680404663,-1.0451505184173584,0.7447460293769836,0.20411816239356995,-0.04454619064927101,0.33272814750671387,-0.12365162372589111,-0.8283408284187317
0.05475799999999998,0.0034223749999999996,16.0,2.1187504682914526,-1.2037681403657066,0.18094754175875935,-0.00486041858414053,-0.0001947744622595807,-0.002213239232106271,0.0685884396864055,0.005763143301010132,0.13498038053512573,-0.1665358543395996,0.6117328405380249,0.10892888903617859,-1.0368385314941406,0.7653776407241821,0.20794084668159485,-0.015177002176642418,0.33170056343078613,-0.15178526937961578,-0.8195752501487732
0.05475799999999998,0.0034223749999999996,16.0,2.1091774292747543,-1.1943278510509157,0.1808797341369338,-0.004709459187324129,-0.0001929798519001581,-0.0021455910661965145,0.06858945935643788,0.0038757026195526123,0.13358138501644135,-0.16790693998336792,0.5993672609329224,0.1069292202591896,-1.0271284580230713,0.7858445048332214,0.21146947145462036,0.017622407525777817,0.33046722412109375,-0.18400992453098297,-0.8107406497001648
0.05475799999999998,0.0034223749999999996,16.0,2.098771335003816,-1.1840576403207475,0.18080561691754915,-0.004574545578776342,-0.0001916100056816891,-0.002084994260571916,0.06859083270800063,0.0023404955863952637,0.13252773880958557,-0.16890335083007812,0.5867176055908203,0.10058898478746414,-1.0160140991210938,0.8027974963188171,0.21456122398376465,0.04778579622507095,0.3272824287414551,-0.21386809647083282,-0.8011510968208313
0.05475799999999998,0.0034223749999999996,16.0,2.087545788412858,-1.172945312462172,0.1808109493036666,-0.00443849311450268,-0.00019065559057776944,-0.0020244648046924183,0.06859292607478483,0.0012777149677276611,0.1303735226392746,-0.16931238770484924,0.5716549158096313,0.09454712271690369,-1.0064716339111328,0.8209258317947388,0.21833819150924683,0.0795002281665802,0.32286643981933594,-0.23591147363185883,-0.7898906469345093
0.05475799999999998,0.0034223749999999996,16.0,2.075498495181583,-1.1609110558394191,0.18083168554483206,-0.004309013341589164,-0.00018720773961148653,-0.0019651161608241915,0.06859208953509445,0.00031498074531555176,0.13052056729793549,-0.17016199231147766,0.5626789331436157,0.08424575626850128,-0.9940283298492432,0.8307256698608398,0.2191605269908905,0.10569324344396591,0.31530189514160156,-0.2667620778083801,-0.7816176414489746
0.05475799999999998,0.0034223749999999996,16.0,2.0626490916400617,-1.148076279973103,0.18084235796667114,-0.004182605606140877,-0.00018138145914229107,-0.0019066108831170831,0.06859018293001003,0.0004094243049621582,0.13047915697097778,-0.1703406572341919,0.5546839833259583,0.07354746758937836,-0.9860973358154297,0.8359407782554626,0.21908733248710632,0.12322363257408142,0.3060898780822754,-0.2835257947444916,-0.7734578251838684
0.05475799999999998,0.0034223749999999996,16.0,2.0490216582324403,-1.1343938186274727,0.18091918844967936,-0.004064044817350363,-0.0001752855671951362,-0.0018519702551860586,0.06859118577481688,0.0014002323150634766,0.12993143498897552,-0.1698927879333496,0.5462183952331543,0.06083271652460098,-0.9816663265228271,0.8375027179718018,0.21979478001594543,0.13309207558631897,0.2963101863861084,-0.29070037603378296,-0.7656534910202026
0.05475799999999998,0.0034223749999999996,16.0,2.03456297095038,-1.1199350755033013,0.18093213005011755,-0.003923596639793413,-0.0001699683439338038,-0.0017880132170259096,0.06859581383955904,0.002720475196838379,0.12920214235782623,-0.16888678073883057,0.5382795333862305,0.04767753556370735,-0.9801297187805176,0.8363729119300842,0.2204418182373047,0.13758358359336853,0.28774142265319824,-0.291063129901886,-0.7583464980125427
0.05475799999999998,0.0034223749999999996,16.0,2.0192441569236785,-1.1046109126693329,0.18092402493745313,-0.003753836778294078,-0.00016399069103712583,-0.0017107518184515025,0.06859953471304203,0.002841651439666748,0.12952391803264618,-0.16851231455802917,0.5326662063598633,0.0385466068983078,-0.9743034839630127,0.8365319967269897,0.2200048267841339,0.14966575801372528,0.28011107444763184,-0.30639612674713135,-0.7522194385528564
0.05475799999999998,0.0034223749999999996,16.0,2.0030766786253036,-1.0884616289036237,0.18097721895934502,-0.0035792127921763285,-0.0001564691751735134,-0.0016312937204051076,0.06860098964774314,0.0029148459434509277,0.12891827523708344,-0.16708198189735413,0.5224820375442505,0.030946016311645508,-0.9687261581420898,0.8371486067771912,0.22083160281181335,0.1625872701406479,0.27466607093811035,-0.31435781717300415,-0.7428471446037292
0.05475799999999998,0.0034223749999999996,16.0,1.9860928755221006,-1.0714650144472437,0.1809924740040921,-0.0033894933330268556,-0.00014829132428797282,-0.0015447445711438107,0.06860340813764458,0.0030374228954315186,0.12956708669662476,-0.166283518075943,0.5180414915084839,0.021676193922758102,-0.9637689590454102,0.83415687084198,0.2198922336101532,0.1688442975282669,0.2689793109893799,-0.3273071050643921,-0.7373963594436646
0.05475799999999998,0.0034223749999999996,16.0,1.9683015457808766,-1.053694848713054,0.1810728992911153,-0.0032159095205715076,-0.0001406350795930928,-0.0014664077912058605,0.06860773067661846,0.0042029619216918945,0.12763147056102753,-0.16362780332565308,0.5072187185287476,0.011624583043158054,-0.9662885665893555,0.8317221403121948,0.2217574119567871,0.17210020124912262,0.26534271240234375,-0.31809163093566895,-0.7285281419754028
0.05475799999999998,0.0034223749999999996,16.0,1.949653266226648,-1.0350188236872961,0.18117726100573547,-0.0030278792066463717,-0.0001329113492590172,-0.0013812552424789797,0.06861053435635751,0.00436750054359436,0.12756720185279846,-0.16208723187446594,0.4995579123497009,0.0035188402980566025,-0.9617831707000732,0.8294930458068848,0.22162246704101562,0.18086569011211395,0.26033902168273926,-0.3266506493091583,-0.7207099199295044
0.05475799999999998,0.0034223749999999996,16.0,1.9301744918427086,-1.0155657408051513,0.1812259316636533,-0.002856166831171981,-0.00012624961331536309,-0.0013033668082476767,0.06861509733752348,0.004456996917724609,0.1267983466386795,-0.16043198108673096,0.4895404577255249,-0.006773678585886955,-0.9559414386749268,0.8295086026191711,0.2225172221660614,0.19313091039657593,0.25511765480041504,-0.33495771884918213,-0.711586058139801
0.05475799999999998,0.0034223749999999996,16.0,1.9098778912916172,-0.9951990270415194,0.18125524362113557,-0.0026453141507707116,-0.0001161323516655825,-0.0012066314553183465,0.0686159535088862,0.005110800266265869,0.12836132943630219,-0.15962710976600647,0.48891329765319824,-0.01625889539718628,-0.9544811248779297,0.8219133019447327,0.21967661380767822,0.1952616572380066,0.2477586269378662,-0.34874361753463745,-0.7080223560333252
0.05475799999999998,0.0034223749999999996,16.0,1.8886863932808247,-0.9741691407913922,0.18135387914801251,-0.002432341672575118,-0.00010880125330714902,-0.0011110687327944716,0.06862128680999861,0.0039282143115997314,0.1250564157962799,-0.15625697374343872,0.4677172005176544,-0.018951602280139923,-0.9421398639678955,0.8291000723838806,0.22484171390533447,0.2276526540517807,0.2451794147491455,-0.35398027300834656,-0.6920903921127319
0.05475799999999998,0.0034223749999999996,16.0,1.866701317430341,-0.952162697326908,0.18139682086432957,-0.0022279501833834723,-9.930586345438397e-5,-0.0010173924901735857,0.06862124959640854,0.004326730966567993,0.12423594295978546,-0.15374934673309326,0.4567039906978607,-0.029284201562404633,-0.937211275100708,0.825193464756012,0.22563940286636353,0.23748038709163666,0.2402942180633545,-0.3574637174606323,-0.6818786263465881
0.05475799999999998,0.0034223749999999996,16.0,1.8438879484082389,-0.9293844072224222,0.18145211964932687,-0.0020420341000625805,-9.166694237670153e-5,-0.0009327310182060326,0.06862595104022166,0.004089057445526123,0.12489207088947296,-0.15307730436325073,0.45235246419906616,-0.03826940059661865,-0.9291160106658936,0.8231541514396667,0.22384220361709595,0.25141268968582153,0.2324380874633789,-0.37788155674934387,-0.6756356954574585
0.05475799999999998,0.0034223749999999996,16.0,1.8202360101441732,-0.9057590582687004,0.18151816857614222,-0.001871345588318128,-8.431700185284442e-5,-0.0008549823122328448,0.06862919868204521,0.0039048194885253906,0.12480612099170685,-0.15122362971305847,0.44297707080841064,-0.047126803547143936,-0.9194660186767578,0.8198564052581787,0.2235558032989502,0.2657656669616699,0.22581958770751953,-0.3903902769088745,-0.6659275889396667
0.05475799999999998,0.0034223749999999996,16.0,1.7958199673535507,-0.8813125573293953,0.1816046486779064,-0.0016653267344871815,-7.46182202433729e-5,-0.0007613936563035993,0.06863553320347521,0.005614101886749268,0.12390436232089996,-0.1479710340499878,0.4350336194038391,-0.05941585451364517,-0.9262816905975342,0.8095048666000366,0.2235575020313263,0.2596832811832428,0.2227785587310791,-0.37879928946495056,-0.6580383777618408
0.05475799999999998,0.0034223749999999996,16.0,1.7705060924090588,-0.8560541295467251,0.18184971262299127,-0.0014765704969049648,-6.718400325240987e-5,-0.0006764006837921822,0.06864479211339718,0.0054975152015686035,0.12322555482387543,-0.14569377899169922,0.4234466552734375,-0.07052558660507202,-0.9169886112213135,0.805249035358429,0.22419330477714539,0.27434873580932617,0.2163102626800537,-0.3870585858821869,-0.6470760703086853
0.05475799999999998,0.0034223749999999996,16.0,1.744336156229589,-0.8300381090650932,0.1820588062930763,-0.001291116312314239,-5.884041554562569e-5,-0.0005926399484378825,0.06865140565295115,0.005115598440170288,0.12144283205270767,-0.14229637384414673,0.4065819978713989,-0.08038104325532913,-0.9043283462524414,0.8007837533950806,0.2267616093158722,0.2955602705478668,0.21006512641906738,-0.38996103405952454,-0.6328108310699463
0.05475799999999998,0.0034223749999999996,16.0,1.7173305139020287,-0.8031917335630177,0.1823480503744059,-0.0011290649670360245,-5.084497851051533e-5,-0.0005196766575128978,0.06865660385074035,0.005109608173370361,0.12014258652925491,-0.13916045427322388,0.38888370990753174,-0.09470073878765106,-0.8897459506988525,0.7930147647857666,0.2286255657672882,0.31665170192718506,0.20070409774780273,-0.3957446813583374,-0.6169769167900085
0.05475799999999998,0.0034223749999999996,16.0,1.6894776949978234,-0.7755932800126685,0.18272525664282074,-0.0009980859237152969,-4.365730474489888e-5,-0.00046126752294914554,0.0686601311740168,0.005884885787963867,0.11859723925590515,-0.135270357131958,0.3674176335334778,-0.11350172013044357,-0.8770246505737305,0.7790970802307129,0.23112338781356812,0.3350483477115631,0.19005703926086426,-0.3947601318359375,-0.5980288982391357
0.05475799999999998,0.0034223749999999996,16.0,1.6604434409825644,-0.7472131087985155,0.18313262509672945,-0.0008249864113024793,-2.8635888955860264e-5,-0.00038038563258275165,0.068661531302876,0.005321681499481201,0.1140972152352333,-0.12659409642219543,0.33039140701293945,-0.12450626492500305,-0.840864896774292,0.7594713568687439,0.2440165877342224,0.3463717997074127,0.19356131553649902,-0.34534817934036255,-0.574148416519165
0.05475799999999998,0.0034223749999999996,16.0,1.6305690823987744,-0.717984375256413,0.18338623395572465,-0.0006900337152113917,-2.199629594523278e-5,-0.000319994712494798,0.06864509148515861,0.003406822681427002,0.10943839699029922,-0.11649060249328613,0.28608840703964233,-0.13098019361495972,-0.7654998302459717,0.7307811379432678,0.2636435627937317,0.3561505079269409,0.20313000679016113,-0.2742733359336853,-0.5498210191726685
0.05475799999999998,0.0034223749999999996,16.0,1.5999344685692773,-0.6878966498649554,0.18359801192293168,-0.0005189071105675123,-1.4757232102446977e-5,-0.00024207691001611845,0.06862280685227086,0.0030248165130615234,0.10374385863542557,-0.10489195585250854,0.2416524589061737,-0.14050814509391785,-0.6892390251159668,0.683414101600647,0.2831125855445862,0.3440633714199066,0.222747802734375,-0.1827082484960556,-0.5252288579940796
0.05475799999999998,0.0034223749999999996,16.0,1.5685172196079435,-0.6569102952053694,0.18369819521973138,-0.0003298355920636592,-7.869078771444273e-6,-0.00015448253256348745,0.06859581365699921,0.0034736692905426025,0.09674713760614395,-0.09207746386528015,0.1965031921863556,-0.14744488894939423,-0.5783741474151611,0.6056377291679382,0.3067736029624939,0.294520765542984,0.27184104919433594,-0.05890268832445145,-0.5042476654052734
0.05475799999999998,0.0034223749999999996,16.0,1.5364257950713827,-0.625059488051946,0.183715034242528,-0.00015853089115609094,-3.3452718343083573e-6,-7.439667002498411e-5,0.06857305205466513,-0.03435179591178894,0.0947764441370964,-0.07927137613296509,0.23379957675933838,-0.03378110006451607,-0.5909109115600586,0.32458963990211487,0.40536919236183167,0.44879859685897827,0.6151535511016846,-0.08182846009731293,-0.6397988796234131
0.05475799999999998,0.0034223749999999996,16.0,1.503660200875289,-0.5923759575733576,0.18369612350291614,8.867592114944097e-6,1.80092428921483e-7,4.162547004830545e-6,0.06855893095930202,-0.034350305795669556,0.0873045027256012,-0.07588121294975281,0.2047082781791687,-0.0015429502818733454,-0.4270915985107422,0.23750661313533783,0.3994075059890747,0.44481217861175537,0.6409873962402344,-0.11992867290973663,-0.6046925783157349
0.05475799999999998,0.0034223749999999996,16.0,1.4700058414482304,-0.5587110156838054,0.18349429471296672,0.00017716889513351273,3.4160161288593594e-6,8.30453702730105e-5,0.06854660155421419,-0.03482750058174133,0.08595098555088043,-0.07940420508384705,0.19474399089813232,0.03019867092370987,-0.2596719264984131,0.14509540796279907,0.37457478046417236,0.43850773572921753,0.6506862640380859,-0.23043328523635864,-0.569900631904602
0.05475799999999998,0.0034223749999999996,16.0,1.4355539622894224,-0.5242536142629538,0.18339914363181448,0.0003614423181208128,6.71740249944997e-6,0.00016915726183392498,0.06854265576772808,-0.035233765840530396,0.08516720682382584,-0.0809205174446106,0.19334283471107483,0.05558790639042854,-0.11980724334716797,0.0627678632736206,0.3519347906112671,0.43758922815322876,0.6452836990356445,-0.35124021768569946,-0.5458794236183167
0.05475799999999998,0.0034223749999999996,16.0,1.4002570638443583,-0.4889797139577809,0.1833418952176854,0.0004990791261997159,9.349939894156651e-6,0.000233508246139569,0.0685411639488518,-0.034683048725128174,0.08499392867088318,-0.08358541131019592,0.19291271269321442,0.06342415511608124,-0.07369589805603027,0.04498860239982605,0.336704283952713,0.45534881949424744,0.628950834274292,-0.40189871191978455,-0.5302422046661377
0.05475799999999998,0.0034223749999999996,16.0,1.3640943901868905,-0.4528712241682427,0.1833166884458125,0.0006564533357422455,1.226403706102381e-5,0.0003070126583307511,0.06854001624477894,-0.03455948829650879,0.08499728888273239,-0.08513182401657104,0.19070738554000854,0.07046645879745483,-0.052417755126953125,0.04165259376168251,0.3321879804134369,0.47582685947418213,0.620856523513794,-0.43204280734062195,-0.5235100984573364
0.05475799999999998,0.0034223749999999996,16.0,1.327086188391492,-0.4159163274669898,0.1832947876288989,0.0008233789807575254,1.5249068848858097e-5,0.00038493138297345533,0.06853859281757944,-0.03533664345741272,0.08548454195261002,-0.08594757318496704,0.18812507390975952,0.0730830505490303,-0.03643155097961426,0.04357573390007019,0.3323805034160614,0.48683422803878784,0.6224737167358398,-0.4488745331764221,-0.5211391448974609
0.05475799999999998,0.0034223749999999996,16.0,1.2892432166575647,-0.37812566282159166,0.18325050743583077,0.0010100262481307321,1.8643746823850504e-5,0.0004721007279078906,0.06853665169163423,-0.03670346736907959,0.08628082275390625,-0.08696675300598145,0.18591181933879852,0.07288789749145508,-0.02468109130859375,0.04902695119380951,0.3339241147041321,0.4910717308521271,0.6290946006774902,-0.4574381411075592,-0.5205154418945312
0.05475799999999998,0.0034223749999999996,16.0,1.2505541986525144,-0.33947905614754886,0.1832128224255466,0.0011791559873140487,2.1326675165175357e-5,0.0005508604485676864,0.06853501589507628,-0.038369834423065186,0.08738073706626892,-0.08867383003234863,0.18444454669952393,0.0717151090502739,-0.01679825782775879,0.05650380998849869,0.33463746309280396,0.4915590286254883,0.6375987529754639,-0.46186333894729614,-0.5198254585266113
0.05475799999999998,0.0034223749999999996,16.0,1.2110479903154152,-0.30007401683525137,0.1832195424498715,0.0013161458563297635,2.4732980549941275e-5,0.0006154037988890355,0.06853410723776994,-0.04002156853675842,0.08666520565748215,-0.08809378743171692,0.17775502800941467,0.07793862372636795,0.0012044906616210938,0.06036509573459625,0.34114065766334534,0.5039234757423401,0.6405918598175049,-0.4679403007030487,-0.5196376442909241
0.05475799999999998,0.0034223749999999996,16.0,1.1707344915600753,-0.25980391076589643,0.1831924644828089,0.0014516215606017874,2.7612218699806443e-5,0.0006790635074923084,0.06853293230970411,-0.04146537184715271,0.08623912185430527,-0.08851820230484009,0.17405173182487488,0.07579066604375839,0.006440639495849609,0.06626833975315094,0.3404591679573059,0.49391523003578186,0.6478292942047119,-0.4561817944049835,-0.515293300151825
0.05475799999999998,0.0034223749999999996,16.0,1.1295988840831515,-0.21864516878213588,0.1830858052350566,0.0016749938961546425,3.3800637257398545e-5,0.0007846851019090496,0.0685285186520543,-0.04351183772087097,0.08746373653411865,-0.09132400155067444,0.1743052750825882,0.07517586648464203,0.008594036102294922,0.07860375940799713,0.3394485414028168,0.4885023832321167,0.6565287113189697,-0.45088425278663635,-0.5146134495735168
0.05475799999999998,0.0034223749999999996,16.0,1.088293450861367,-0.175345843689426,0.18570187370107552,0.0018280182980981625,2.2902876351075453e-5,0.0008607127820479368,0.06844734721907868,-0.046217918395996094,0.08828269690275192,-0.09267237782478333,0.16695591807365417,0.07727877795696259,0.027136564254760742,0.08783549070358276,0.347090482711792,0.4893142282962799,0.667229175567627,-0.4457026422023773,-0.514991044998169
0.05475799999999998,0.0034223749999999996,16.0,1.045387515687861,-0.1324756121129674,0.18566259991898978,0.0019461572727244411,2.9587440455092693e-5,0.0009182645482848039,0.06844237521270803,-0.05309036374092102,0.09198345988988876,-0.09416180849075317,0.15532168745994568,0.0857471227645874,0.045744895935058594,0.12366983294487,0.3695129156112671,0.5071215033531189,0.6951603889465332,-0.4334377348423004,-0.5259578824043274
0.05475799999999998,0.0034223749999999996,16.0,1.0016313670448318,-0.08869315194222167,0.18557302091155428,0.001972040293796183,2.6854473451370333e-5,0.0009360562357880889,0.06843527182312262,-0.05762782692909241,0.10072077810764313,-0.0984366238117218,0.1434314250946045,0.10292743891477585,0.029934406280517578,0.083839550614357,0.4101678729057312,0.36376243829727173,0.818570613861084,-0.3209284842014313,-0.5546687245368958
0.05475799999999998,0.0034223749999999996,16.0,0.9563753485236623,-0.044763551425187426,0.1825372951574162,0.0018109468137492467,2.0673966542840352e-5,0.0008647947161714454,0.06848441737825525,-0.06591841578483582,0.13069124519824982,-0.10860398411750793,0.15546032786369324,0.0694979652762413,-0.01702117919921875,-0.04257714003324509,0.4716617465019226,-0.03364966809749603,1.0877275466918945,-0.1024676114320755,-0.6277481317520142
0.05475799999999998,0.0034223749999999996,16.0,0.9098118167663644,-0.0004896538696940988,0.18166973569248845,-1.438378881093754e-6,-2.8654039999889286e-8,-6.891150076605871e-7,0.06846867231503553,-0.1300441026687622,0.03706565871834755,-0.14818668365478516,0.06579111516475677,-0.5595536231994629,0.1696007251739502,0.7304286360740662,-0.034220218658447266,0.4016779065132141,0.8146283626556396,0.062172889709472656,-0.02752399444580078
0.05475799999999998,0.0034223749999999996,16.0,0.9535136945115446,0.04461923105941484,0.18364471112484715,-0.0018169843237076488,-6.275093344566811e-5,-0.0008913345746639333,0.06823864311704217,-0.18740010261535645,0.058415964245796204,-0.1470004916191101,0.2993566393852234,-0.7595946788787842,0.3001852035522461,0.5695382356643677,-0.008043646812438965,-0.5722952485084534,1.3393206596374512,0.3240349590778351,-0.28541019558906555
0.05475799999999998,0.0034223749999999996,16.0,0.9962259316947638,0.09028659037197538,0.18438892898312068,-0.001985555105187061,-2.021733696231316e-5,-0.0009720669353821168,0.06805805387180773,-0.2382652461528778,0.09714949876070023,-0.12014448642730713,0.6017035245895386,-0.9166396260261536,0.47821927070617676,0.2865217626094818,0.1271410584449768,-1.285193920135498,1.60813570022583,0.5215957760810852,-0.72404545545578
0.05475799999999998,0.0034223749999999996,16.0,1.0391430488989062,0.13476688938601375,0.18489735707248972,-0.001966572595403873,-6.629955391211789e-6,-0.0009529631147579598,0.06798026411635835,-0.2530454099178314,0.1184956356883049,-0.11071544885635376,0.7106488943099976,-0.9412772059440613,0.5496764183044434,0.27405089139938354,0.1683417558670044,-1.482960820198059,1.6450152397155762,0.4904719293117523,-0.8753331899642944
0.05475799999999998,0.0034223749999999996,16.0,1.0816283297858744,0.178009850567747,0.18510737287686618,-0.001850848698884217,-2.1750971588049047e-6,-0.0008921414636722839,0.06795279036808077,-0.2586689889431,0.12968215346336365,-0.10368847846984863,0.778899073600769,-0.9390272498130798,0.5864602327346802,0.2486625760793686,0.17716750502586365,-1.5645411014556885,1.646141529083252,0.48902568221092224,-0.9530674815177917
0.05475799999999998,0.0034223749999999996,16.0,1.1233477605065993,0.22014854826828495,0.18509899900810647,-0.00170055581071876,-1.559325887281882e-6,-0.0008190156392122366,0.06794711606317214,-0.2625426948070526,0.1350441575050354,-0.10262584686279297,0.793643057346344,-0.9517672061920166,0.6070067882537842,0.2412121593952179,0.18971869349479675,-1.594970703125,1.646608829498291,0.5041945576667786,-0.9806424975395203
0.05475799999999998,0.0034223749999999996,16.0,1.1643057094950708,0.261410060351761,0.1850263453110032,-0.0014769671100885993,-1.7835943329760415e-6,-0.0007115351796894959,0.06794768516227909,-0.2695237696170807,0.13922062516212463,-0.10607415437698364,0.7635821104049683,-1.0022655725479126,0.6355105638504028,0.26876387000083923,0.22246786952018738,-1.6230484247207642,1.6652045249938965,0.5239366292953491,-0.9833179116249084
0.05475799999999998,0.0034223749999999996,16.0,1.2045325231392543,0.3018711130880756,0.18505950991516046,-0.0013562658526515036,-1.7458565978307255e-6,-0.0006511210432777318,0.06793944916399457,-0.2710549533367157,0.1443595588207245,-0.10547816753387451,0.7776070237159729,-1.001682162284851,0.6601836681365967,0.2802710235118866,0.23147329688072205,-1.6476621627807617,1.651702880859375,0.5327620506286621,-1.0066735744476318
0.05475799999999998,0.0034223749999999996,16.0,1.2439894829163338,0.3414791249081498,0.18507227843055366,-0.0011707878246088326,-1.1368001030596268e-6,-0.0005601626054621684,0.06792623045436069,-0.27112606167793274,0.14990298449993134,-0.10279679298400879,0.815820574760437,-0.9759181141853333,0.6835808753967285,0.28251853585243225,0.22592586278915405,-1.6750099658966064,1.6336860656738281,0.5387713313102722,-1.0397820472717285
0.05475799999999998,0.0034223749999999996,16.0,1.282511335854032,0.3802363624407149,0.18500141137501455,-0.0010136815421109354,-1.400186721418714e-6,-0.00048487010327297127,0.06792678437610294,-0.2741335928440094,0.15474292635917664,-0.10345736145973206,0.8146052956581116,-0.9918651580810547,0.7099525928497314,0.3017653226852417,0.24296829104423523,-1.6987833976745605,1.625520944595337,0.5536900162696838,-1.0558302402496338
0.05475799999999998,0.0034223749999999996,16.0,1.3202405618488418,0.4181763809297176,0.18495409704292418,-0.0008263697824522921,-1.4579287131724878e-6,-0.0003947281523503421,0.06792460222182355,-0.27608051896095276,0.1598227322101593,-0.10352885723114014,0.8216882944107056,-1.0007107257843018,0.7377138137817383,0.3233955204486847,0.25495871901512146,-1.7254221439361572,1.6090807914733887,0.5679656863212585,-1.0751895904541016
0.05475799999999998,0.0034223749999999996,16.0,1.3571688290538293,0.4552996561295434,0.18494168785494047,-0.0006575511624681449,-1.3950357090429063e-6,-0.0003133070118237296,0.06791923132795485,-0.277106374502182,0.16528627276420593,-0.10227891802787781,0.8396165370941162,-1.0082772970199585,0.7696292400360107,0.34658098220825195,0.26262232661247253,-1.760782241821289,1.58195161819458,0.5898998379707336,-1.1011663675308228
0.05475799999999998,0.0034223749999999996,16.0,1.393280094413018,0.4916109583843884,0.18498468169056104,-0.0004969677875833968,-1.1428396831986732e-6,-0.00023591293700133323,0.06790931649684215,-0.2771972715854645,0.17118823528289795,-0.09839031100273132,0.8725196719169617,-1.02527916431427,0.8104208707809448,0.3698568046092987,0.26611649990081787,-1.814094066619873,1.538125991821289,0.6360945701599121,-1.1381036043167114
0.05475799999999998,0.0034223749999999996,16.0,1.4285995158428069,0.5271084186409524,0.18507182118821003,-0.000349379259049185,-8.423268766815008e-7,-0.0001650451889623735,0.06789327872450265,-0.27147480845451355,0.17310620844364166,-0.08801218867301941,0.9353654980659485,-1.0592198371887207,0.8548346757888794,0.3773331046104431,0.2516700327396393,-1.873521327972412,1.4394736289978027,0.7654225826263428,-1.187347173690796
0.05475799999999998,0.0034223749999999996,16.0,1.4630669129887577,0.5617396809679829,0.18524855387056102,-0.00017754359674597298,-4.2884573296791536e-7,-8.326894046596573e-5,0.06788191421111628,-0.24954047799110413,0.1566227525472641,-0.06602036952972412,1.0257126092910767,-1.1258760690689087,0.8643816709518433,0.3563360273838043,0.19515281915664673,-1.8664216995239258,1.212662696838379,1.0996860265731812,-1.2223105430603027
0.05475799999999998,0.0034223749999999996,16.0,1.497191339881856,0.5953322834061734,0.18575877472117772,-2.1025797257532026e-5,-7.316253146548836e-8,-9.687212029291333e-6,0.06788171152883787,-0.21468406915664673,0.13012108206748962,-0.03335407376289368,1.086545467376709,-1.2346222400665283,0.8858112096786499,0.3719283640384674,0.13930121064186096,-1.8026472330093384,0.8455264568328857,1.5555306673049927,-1.228576421737671
0.05475799999999998,0.0034223749999999996,16.0,1.5303349604859315,0.6278718408747679,0.18643105957706127,0.00015882561933514247,5.306272132801868e-7,7.185244737424815e-5,0.06788617992794867,-0.1871446967124939,0.09980756044387817,0.004709035158157349,1.1421170234680176,-1.2960100173950195,0.8297553062438965,0.3400217294692993,0.0855780839920044,-1.697201132774353,0.5322678089141846,1.972374677658081,-1.2311949729919434
0.05475799999999998,0.0034223749999999996,16.0,1.5627753898519716,0.657429909693486,0.18495170638860992,0.0003357491852676453,1.7365578893163095e-6,0.0001499416903584111,0.06802776888275115,-0.1587059497833252,0.050429750233888626,0.07767781615257263,1.0836666822433472,-0.208957701921463,0.17887568473815918,-0.08284573256969452,-0.15845900774002075,-1.9504979848861694,0.9647648334503174,1.7354990243911743,-0.926782488822937
0.05475799999999998,0.0034223749999999996,16.0,1.5948868260160227,0.6874693705494281,0.18636582946388283,0.0005308236140782889,3.0220616397285367e-7,0.00023511891961350075,0.06805139059006007,-0.13457778096199036,0.03618853911757469,0.09469625353813171,1.0841141939163208,-0.14490659534931183,0.030888080596923828,-0.14358237385749817,-0.19054430723190308,-1.8955491781234741,0.8381991386413574,1.8016388416290283,-0.8948439359664917
0.05475799999999998,0.0034223749999999996,16.0,1.6261125354739048,0.716815261189317,0.18772977174736794,0.0007066815677544105,-3.0678202291300273e-6,0.00031173742843042246,0.0680779041175142,-0.11190879344940186,0.02387094870209694,0.11022356152534485,1.067926049232483,-0.06968170404434204,-0.10851001739501953,-0.19354049861431122,-0.2119225263595581,-1.8408149480819702,0.720994234085083,1.8199645280838013,-0.8569684028625488
0.05475799999999998,0.0034223749999999996,16.0,1.6563439245459461,0.7454446004936324,0.18887157299180185,0.0008439754086687724,-8.091969296324961e-6,0.000373270340746974,0.06811071003731663,-0.09964630007743835,0.02047397568821907,0.12187013030052185,1.0723074674606323,-0.013377501629292965,-0.19141817092895508,-0.22902362048625946,-0.2203250527381897,-1.824023723602295,0.6547954082489014,1.780056357383728,-0.8526452779769897
0.05475799999999998,0.0034223749999999996,16.0,1.6854979353593273,0.7734375699565076,0.19004751339997206,0.0010184700290547936,-1.869912908795591e-5,0.000458364038688535,0.06813591039287258,-0.09020280838012695,0.016104821115732193,0.12590369582176208,1.0527305603027344,0.01911359280347824,-0.22478055953979492,-0.24305693805217743,-0.21608847379684448,-1.8121397495269775,0.617133617401123,1.776471495628357,-0.837509036064148
0.05475799999999998,0.0034223749999999996,16.0,1.7138590112057572,0.8008227542429305,0.19038435974449525,0.0011505101023070589,-2.3034166088619698e-5,0.000517419631860459,0.06817148651566468,-0.08792918920516968,0.01696811243891716,0.12662020325660706,1.0560572147369385,0.03253762051463127,-0.23159575462341309,-0.254450261592865,-0.21273553371429443,-1.8281922340393066,0.617607831954956,1.762669563293457,-0.8442518711090088
0.05475799999999998,0.0034223749999999996,16.0,1.741199418267537,0.8275998676784296,0.19066335651799146,0.0013145574305504235,-2.794767215071518e-5,0.0005904784830035711,0.06819408771252579,-0.08567890524864197,0.019432488828897476,0.1310553252696991,1.073664665222168,0.05173199251294136,-0.25383472442626953,-0.2717534005641937,-0.2135409712791443,-1.835894227027893,0.6048405170440674,1.7264020442962646,-0.8609212040901184
0.05475799999999998,0.0034223749999999996,16.0,1.767514277117117,0.8536944973198815,0.19086759911505735,0.0015028065986823643,-3.347243204973885e-5,0.0006743456609276903,0.06820272369752713,-0.08388614654541016,0.021431241184473038,0.13340678811073303,1.0824068784713745,0.06672625988721848,-0.2632026672363281,-0.28068679571151733,-0.21063095331192017,-1.8461813926696777,0.5992424488067627,1.7069904804229736,-0.8725826740264893
0.05475799999999998,0.0034223749999999996,16.0,1.7929525102496677,0.8791133803510282,0.1910927359431148,0.0016949442484669808,-3.882976470374326e-5,0.0007591706441610764,0.06820535928411992,-0.08230829238891602,0.02591615915298462,0.13948026299476624,1.1060991287231445,0.09012558311223984,-0.28565335273742676,-0.2945544719696045,-0.2125503420829773,-1.8532558679580688,0.5825667381286621,1.6552902460098267,-0.8941360116004944
0.05475799999999998,0.0034223749999999996,16.0,1.8173794446487905,0.9036158846042786,0.19107985951730463,0.0019074388520140312,-4.49662610779821e-5,0.0008548687203331846,0.06820324724341299,-0.08291280269622803,0.026929739862680435,0.13767829537391663,1.106675148010254,0.08444541692733765,-0.29361748695373535,-0.30463677644729614,-0.2095106840133667,-1.8546671867370605,0.5948350429534912,1.6593403816223145,-0.8977101445198059
0.05475799999999998,0.0034223749999999996,16.0,1.8410735016337527,0.9273311447459137,0.1911096130099431,0.0020698876758543936,-4.9470609707811785e-5,0.0009277077173471714,0.06820461428241205,-0.08266782760620117,0.028486527502536774,0.13848885893821716,1.1129589080810547,0.08926901966333389,-0.3043942451477051,-0.3145410418510437,-0.20826780796051025,-1.8572263717651367,0.5961408615112305,1.6492645740509033,-0.9051803946495056
0.05475799999999998,0.0034223749999999996,16.0,1.863880862044723,0.9502072688421833,0.19111896857791247,0.002261962009810187,-5.513175790696292e-5,0.0010140737940742862,0.06820379611839388,-0.08270978927612305,0.030623432248830795,0.13827791810035706,1.116557002067566,0.09499470144510269,-0.30671238899230957,-0.32143890857696533,-0.2056359052658081,-1.8677818775177002,0.6044080257415771,1.6435211896896362,-0.9114143252372742
0.05475799999999998,0.0034223749999999996,16.0,1.8859062383561749,0.972229649715236,0.19124091306084995,0.002471100449887567,-6.154809358162922e-5,0.0011065186312907169,0.06820258092919203,-0.080590158700943,0.03126660734415054,0.13984498381614685,1.1192331314086914,0.10744241625070572,-0.31052136421203613,-0.3298533856868744,-0.20291316509246826,-1.8673479557037354,0.5947718620300293,1.6347345113754272,-0.9169310927391052
0.05475799999999998,0.0034223749999999996,16.0,1.9070749695128593,0.9934852712570205,0.19139016846679746,0.002687071117419985,-6.849129449904729e-5,0.0012023767522951364,0.06820253873248946,-0.08096635341644287,0.03432774916291237,0.1435469090938568,1.1371188163757324,0.11837644875049591,-0.33489346504211426,-0.35003745555877686,-0.20786792039871216,-1.8650176525115967,0.5874814987182617,1.6005853414535522,-0.9295814037322998
0.05475799999999998,0.0034223749999999996,16.0,1.9273501917660036,1.0138469220567834,0.19136533417965326,0.002902008290961155,-7.603435983284245e-5,0.0012973120113326782,0.06820529136135929,-0.08201673626899719,0.03815111890435219,0.1472400724887848,1.1575353145599365,0.12550781667232513,-0.36289072036743164,-0.37246790528297424,-0.2146044373512268,-1.8607747554779053,0.5815727710723877,1.5599530935287476,-0.9428749084472656
0.05475799999999998,0.0034223749999999996,16.0,1.9468420152528192,1.0334844757154953,0.19163515591584004,0.003076625189867909,-8.196579407276619e-5,0.001375119063535941,0.06820340602584186,-0.082709401845932,0.04144821688532829,0.1514560878276825,1.1758198738098145,0.13628964126110077,-0.38672971725463867,-0.3929518461227417,-0.2207242250442505,-1.8568516969680786,0.5718693733215332,1.5242561101913452,-0.9547402262687683
0.05475799999999998,0.0034223749999999996,16.0,1.9654868095453661,1.0522460688412614,0.19174457871061426,0.0032695292702176804,-8.874410843181694e-5,0.0014610928681702822,0.06820240005106025,-0.08265078067779541,0.043008700013160706,0.1518975794315338,1.177959680557251,0.1464550793170929,-0.39017462730407715,-0.4005568027496338,-0.22028255462646484,-1.8590857982635498,0.5759472846984863,1.5167800188064575,-0.9573420286178589
0.05475799999999998,0.0034223749999999996,16.0,1.9832457315852723,1.070096386777979,0.1916560142446891,0.0034379792519208434,-9.527394536673175e-5,0.0015383497822118884,0.06820220208791476,-0.0844087302684784,0.044257137924432755,0.15162453055381775,1.186856746673584,0.13531525433063507,-0.41161441802978516,-0.42458993196487427,-0.22458422183990479,-1.850550889968872,0.5823366641998291,1.5094046592712402,-0.9616437554359436
0.05475799999999998,0.0034223749999999996,16.0,2.000214281785617,1.0871844759444036,0.19174502442755406,0.0036327620908472758,-0.00010288488733270543,0.001625366096982658,0.06820032302353586,-0.08480319380760193,0.0462050698697567,0.15218940377235413,1.1906872987747192,0.1434774100780487,-0.4149162769317627,-0.433169424533844,-0.22437328100204468,-1.858332872390747,0.58673095703125,1.503121018409729,-0.9656691551208496
0.05475799999999998,0.0034223749999999996,16.0,2.0163958304600325,1.1034560083158163,0.1918713183734626,0.0038106323341753814,-0.00010945868860002847,0.001703956707510448,0.06820015075207853,-0.08447504043579102,0.04785271733999252,0.1538073718547821,1.196976661682129,0.15091155469417572,-0.4246222972869873,-0.4448797404766083,-0.22523099184036255,-1.8565242290496826,0.581744909286499,1.4875011444091797,-0.9710363149642944
0.05475799999999998,0.0034223749999999996,16.0,2.0316892721774233,1.1187395455933857,0.19170805929602536,0.00398229132331443,-0.0001169850505842897,0.001780328456837681,0.06820324208342925,-0.08477392792701721,0.04977206513285637,0.15584328770637512,1.2059712409973145,0.1574918031692505,-0.43837666511535645,-0.4592908024787903,-0.2285568118095398,-1.8568845987319946,0.5775842666625977,1.4709906578063965,-0.9765603542327881
0.05475799999999998,0.0034223749999999996,16.0,2.0462190645707077,1.133281611610917,0.1916879467525915,0.004122965682940957,-0.0001221101861418647,0.0018439629298694087,0.06820685164258994,-0.08514213562011719,0.0511147640645504,0.15589562058448792,1.2107181549072266,0.1571749746799469,-0.4494204521179199,-0.4722716510295868,-0.22964972257614136,-1.8573623895645142,0.5801851749420166,1.4641060829162598,-0.9801117181777954
0.05475799999999998,0.0034223749999999996,16.0,2.0599061204216316,1.1470015192991798,0.19171558120286314,0.00424525459671562,-0.0001273734931301745,0.0018986691443352735,0.06820902980521903,-0.08509954810142517,0.0518718957901001,0.1562250554561615,1.2147740125656128,0.1596222221851349,-0.460491418838501,-0.4839271306991577,-0.2309476137161255,-1.8574950695037842,0.5793716907501221,1.4584137201309204,-0.982799768447876
0.05475799999999998,0.0034223749999999996,16.0,2.072810569597248,1.1600227491816424,0.19199039945654428,0.004373487779069161,-0.00013221890852847552,0.0019569323241629935,0.06820676585962214,-0.08461889624595642,0.05261500924825668,0.15766867995262146,1.2201625108718872,0.16814236342906952,-0.4704136848449707,-0.49496975541114807,-0.2324123978614807,-1.8609980344772339,0.5727055072784424,1.4509305953979492,-0.986689031124115
0.05475799999999998,0.0034223749999999996,16.0,2.084842132080387,1.172008014347575,0.1918856370046572,0.004505370866176727,-0.00013784658055589276,0.002012037182146663,0.06821461044029827,-0.08447936177253723,0.05603208392858505,0.16266372799873352,1.2369933128356934,0.1807175576686859,-0.4911789894104004,-0.5104302167892456,-0.2388850450515747,-1.859117031097412,0.5555310249328613,1.4126027822494507,-0.9967938661575317
0.05475799999999998,0.0034223749999999996,16.0,2.0960381566047337,1.1832784468145143,0.19197009210318927,0.004643322186919685,-0.00014355238162681074,0.0020701613177582846,0.06821745245523972,-0.08437585830688477,0.06001359596848488,0.16765031218528748,1.2511322498321533,0.1987638771533966,-0.5051779747009277,-0.5208403468132019,-0.24365651607513428,-1.8594170808792114,0.5398972034454346,1.372854232788086,-1.005983591079712
0.05475799999999998,0.0034223749999999996,16.0,2.1064218375862733,1.193721733499473,0.19206824978478854,0.004780456284651883,-0.00014847914760841304,0.002127772547301868,0.06822131745060457,-0.08438116312026978,0.06344518810510635,0.17248788475990295,1.2642598152160645,0.21506984531879425,-0.51761794090271,-0.5305456519126892,-0.24848639965057373,-1.8618788719177246,0.5233781337738037,1.3384966850280762,-1.0141160488128662
0.05475799999999998,0.0034223749999999996,16.0,2.1159683306403827,1.2034611746884927,0.19244633259585356,0.0049351777468010305,-0.00015370477141882666,0.002191910221122829,0.06822196886418537,-0.08453404903411865,0.06797261536121368,0.1788022816181183,1.2795668840408325,0.2368735671043396,-0.530113697052002,-0.5394565463066101,-0.25421905517578125,-1.8589681386947632,0.5002450942993164,1.2884838581085205,-1.0234804153442383
0.05475799999999998,0.0034223749999999996,16.0,2.1252126002315155,1.2135387870010803,0.19612603712035193,0.0051511741600380944,-0.000218433411324204,0.0022845480753562963,0.06809600752932635,-0.0875377357006073,0.0732026919722557,0.1818130910396576,1.294563889503479,0.2563347816467285,-0.5285904407501221,-0.5458535552024841,-0.25497448444366455,-1.8740023374557495,0.4972102642059326,1.2562881708145142,-1.0375592708587646
0.05475799999999998,0.0034223749999999996,16.0,2.133099931167652,1.2215611763661764,0.19633887889252083,0.005386153465466663,-0.00022834935180810937,0.0023839213004257353,0.06810098203510168,-0.08797863125801086,0.07773975282907486,0.18705084919929504,1.305722951889038,0.27715039253234863,-0.5354928970336914,-0.551487386226654,-0.25947701930999756,-1.8728361129760742,0.47858572006225586,1.2095938920974731,-1.0440340042114258
0.05475799999999998,0.0034223749999999996,16.0,2.140115841891441,1.2287107053279365,0.19647587881653242,0.005748254935899167,-0.0002450800721894751,0.0025412256007605414,0.06810339717672613,-0.08842363953590393,0.08095451444387436,0.19015070796012878,1.3128386735916138,0.2901231050491333,-0.5416874885559082,-0.5587773323059082,-0.2619340419769287,-1.871895670890808,0.46781206130981445,1.1795445680618286,-1.0485475063323975
0.05475799999999998,0.0034223749999999996,16.0,2.146332112515183,1.2350549034960687,0.19664564740118612,0.006355800557534799,-0.0002716618407546415,0.0028053888321758033,0.06810918573872622,-0.08889719843864441,0.08418522030115128,0.19379284977912903,1.32007896900177,0.30402302742004395,-0.550560474395752,-0.5700124502182007,-0.2650797367095947,-1.8662357330322266,0.4529414176940918,1.1418018341064453,-1.0524163246154785
0.05475799999999998,0.0034223749999999996,16.0,2.151680811493465,1.240517656913245,0.1967188457501107,0.007736981352294717,-0.00033617425700490673,0.0034152079739462222,0.06811264436517031,-0.08962932229042053,0.08693565428256989,0.19586321711540222,1.3235414028167725,0.31423354148864746,-0.5609126091003418,-0.5893719792366028,-0.26562899351119995,-1.8599447011947632,0.44521594047546387,1.1113258600234985,-1.0550332069396973
0.05475799999999998,0.0034223749999999996,16.0,2.1561355972611222,1.2451628222827005,0.19669601871911666,0.014333182916268401,-0.0006659779862618599,0.006346908432129133,0.0681269185938917,-0.09264057874679565,0.09022240340709686,0.19707652926445007,1.3143510818481445,0.33450403809547424,-0.5998375415802002,-0.6712715029716492,-0.261303186416626,-1.824169397354126,0.4437377452850342,1.0536208152770996,-1.0490391254425049
0.05475799999999998,0.0034223749999999996,16.0,2.1286130065286835,-1.2425378234774618,0.16982072952649732,-0.01412864125059927,-0.0004492064341268347,-0.00645058453324735,0.06853235286782111,0.012529760599136353,0.12576623260974884,-0.16034865379333496,0.6198497414588928,0.13629919290542603,-1.0854625701904297,0.7281045317649841,0.21496352553367615,-0.07733139395713806,0.30324792861938477,0.019790636375546455,-0.8358181715011597
0.05475799999999998,0.0034223749999999996,16.0,2.124099621120807,-1.2379598023816516,0.16979054357623308,-0.0076179037796058995,-0.00024095975638356712,-0.0034862029461867087,0.06852558684678445,0.012907549738883972,0.12771478295326233,-0.16040432453155518,0.6154387593269348,0.1076541543006897,-1.0754718780517578,0.7379003763198853,0.2136513590812683,-0.07678971439599991,0.32808876037597656,-0.023928403854370117,-0.8296467065811157
0.05475799999999998,0.0034223749999999996,16.0,2.118704294489909,-1.2326114205559635,0.16973935783043867,-0.006254124785190127,-0.00020059871779826356,-0.00286409248866131,0.06852461381628379,0.011730879545211792,0.12861648201942444,-0.16122928261756897,0.6104903817176819,0.10229697823524475,-1.067448616027832,0.7461841106414795,0.21401378512382507,-0.06341714411973953,0.3318002223968506,-0.054018691182136536,-0.8249157071113586
0.05475799999999998,0.0034223749999999996,16.0,2.11248263502597,-1.2264282331445906,0.16971521761738506,-0.00565473203115204,-0.00018283558851926517,-0.0025904396141664876,0.06852308223523464,0.010694712400436401,0.12850670516490936,-0.16216790676116943,0.6035597324371338,0.09936413913965225,-1.060633897781372,0.7574337124824524,0.21546220779418945,-0.04501602053642273,0.33162975311279297,-0.07964741438627243,-0.8193677067756653
0.05475799999999998,0.0034223749999999996,16.0,2.1054072801966517,-1.2194426536370486,0.1696803960069566,-0.005300800449425431,-0.0001762169829448733,-0.002429933346373035,0.06852420501262409,0.00916948914527893,0.12833046913146973,-0.16320818662643433,0.5953555107116699,0.09711996465921402,-1.052642583847046,0.7702736854553223,0.2173963189125061,-0.023163313046097755,0.33147406578063965,-0.10718674212694168,-0.8130429983139038
0.05475799999999998,0.0034223749999999996,16.0,2.096463592157442,-1.2130775475608044,0.1672441601489074,-0.0050594483536474805,-0.00019571859538541366,-0.002310452399752434,0.06860267703160798,0.008621066808700562,0.12729915976524353,-0.16366428136825562,0.5865657329559326,0.09200948476791382,-1.0471656322479248,0.782001793384552,0.21857064962387085,0.0016621670220047235,0.3280305862426758,-0.1320197731256485,-0.805388867855072
0.05475799999999998,0.0034223749999999996,16.0,2.0877374370945287,-1.2045009390222774,0.16712067870748779,-0.0048575252465847376,-0.00019193160091742528,-0.002219329784289549,0.06860579973293617,0.007066965103149414,0.12604916095733643,-0.16437432169914246,0.5747710466384888,0.08972838521003723,-1.038743019104004,0.7983276844024658,0.22157377004623413,0.0299850944429636,0.32674479484558105,-0.15797778964042664,-0.7965915203094482
0.05475799999999998,0.0034223749999999996,16.0,2.0781843332524423,-1.1949908852404023,0.16705153832061578,-0.004708602599643053,-0.00018716416289130716,-0.002150991797522151,0.06860450680817318,0.005710035562515259,0.1267303228378296,-0.16550424695014954,0.5682374238967896,0.08425317704677582,-1.0279760360717773,0.8075542449951172,0.22196140885353088,0.054076552391052246,0.3218379020690918,-0.19038110971450806,-0.7903167009353638
0.05475799999999998,0.0034223749999999996,16.0,2.067774812468782,-1.1846550170391652,0.1669796162316612,-0.004573617191544961,-0.00018351724678493056,-0.002089205449697272,0.06860263816631443,0.0036933422088623047,0.12762711942195892,-0.1667064130306244,0.5596029758453369,0.07905708998441696,-1.0129585266113281,0.8185104727745056,0.2227092981338501,0.08350396156311035,0.3172492980957031,-0.22909098863601685,-0.7822792530059814
0.05475799999999998,0.0034223749999999996,16.0,2.0565600839481273,-1.1735193605395482,0.16698289240416128,-0.004434914046030871,-0.00018132022346373667,-0.002026880360807955,0.06860408729363787,0.002762138843536377,0.12607312202453613,-0.16685858368873596,0.5470576882362366,0.07268861681222916,-1.0036273002624512,0.8318096399307251,0.22536137700080872,0.11095503717660904,0.31215643882751465,-0.24924665689468384,-0.7723766565322876
0.05475799999999998,0.0034223749999999996,16.0,2.0445341514717073,-1.1614851834726794,0.16701454707843802,-0.0043094439503952985,-0.00017698384126778658,-0.0019691557905769813,0.06860319905151462,0.0022611021995544434,0.1260213851928711,-0.16726714372634888,0.5387986302375793,0.06259100884199142,-0.9933826923370361,0.8381789922714233,0.22611790895462036,0.13032251596450806,0.30470752716064453,-0.27072715759277344,-0.764786958694458
0.05475799999999998,0.0034223749999999996,16.0,2.0316577243263105,-1.148620134297619,0.1670163387177437,-0.004183864247328356,-0.00017116315326369533,-0.0019107551167489936,0.06859867646747489,0.0015752613544464111,0.1271485984325409,-0.1681007444858551,0.5351376533508301,0.05517316237092018,-0.98301100730896,0.8421897888183594,0.22458770871162415,0.14847040176391602,0.29623985290527344,-0.2958269417285919,-0.7594420313835144
0.05475799999999998,0.0034223749999999996,16.0,2.0180145382416894,-1.134949970838231,0.16709029580541324,-0.004070210862718326,-0.0001662472637024569,-0.001858752053147432,0.06859968874625232,0.002349644899368286,0.1260169893503189,-0.16737675666809082,0.526542067527771,0.04401908069849014,-0.9799346923828125,0.8446990251541138,0.22563225030899048,0.15861907601356506,0.2881770133972168,-0.29917430877685547,-0.7518853545188904
0.05475799999999998,0.0034223749999999996,16.0,2.003551372575327,-1.120492916058209,0.16710096271953725,-0.003927919639105644,-0.00016094094226410627,-0.001793849378918387,0.06860385575994078,0.0035618841648101807,0.1252565234899521,-0.166279137134552,0.5198525786399841,0.03224297985434532,-0.9796037673950195,0.8429034948348999,0.22614437341690063,0.1618296355009079,0.28049421310424805,-0.29805636405944824,-0.7457031607627869
0.05475799999999998,0.0034223749999999996,16.0,1.9882432952271412,-1.1051981686553694,0.16710560898715254,-0.0037541693428465675,-0.00015525955760143737,-0.0017150912313129844,0.06860906359256587,0.003960520029067993,0.12476412951946259,-0.1652446985244751,0.5129889249801636,0.023233454674482346,-0.9764664173126221,0.8425417542457581,0.2264256775379181,0.1695329248905182,0.27457118034362793,-0.3033810555934906,-0.7391054630279541
0.05475799999999998,0.0034223749999999996,16.0,1.972087752657245,-1.0890242220556448,0.1671511576885916,-0.0035837267185327088,-0.00014743087508245207,-0.0016369415333001315,0.06860943669840093,0.00426211953163147,0.12469325959682465,-0.16392531991004944,0.5070209503173828,0.016326144337654114,-0.9739017486572266,0.8399840593338013,0.22613176703453064,0.17594727873802185,0.2695002555847168,-0.3085910379886627,-0.7328180074691772
0.05475799999999998,0.0034223749999999996,16.0,1.9550859706382204,-1.0720485732010638,0.1671711045925951,-0.0033904061146725006,-0.00014031650186318803,-0.0015489712314027929,0.068612036560274,0.0039920806884765625,0.12487013638019562,-0.16298040747642517,0.500005304813385,0.008068671450018883,-0.966620683670044,0.8393294811248779,0.22601363062858582,0.18717950582504272,0.2642848491668701,-0.3221563696861267,-0.7256321907043457
0.05475799999999998,0.0034223749999999996,16.0,1.937280260151014,-1.054251674369469,0.1672363899869136,-0.0032170801548567765,-0.00013286251083460384,-0.0014702240671363028,0.06861468617532078,0.00486224889755249,0.12346425652503967,-0.16052788496017456,0.4901883006095886,-0.00210675410926342,-0.9673707485198975,0.8360852599143982,0.22705116868019104,0.19194991886615753,0.2602510452270508,-0.3175557851791382,-0.7169024348258972
0.05475799999999998,0.0034223749999999996,16.0,1.9186270706728121,-1.03557051633178,0.16733226227275277,-0.003029419789844717,-0.00012562780679560958,-0.0013849438648568693,0.06861690473880556,0.004315614700317383,0.12447568774223328,-0.16015848517417908,0.48720815777778625,-0.007631974294781685,-0.960052490234375,0.8349640965461731,0.22528064250946045,0.20576392114162445,0.25388264656066895,-0.3386019468307495,-0.7120581269264221
0.05475799999999998,0.0034223749999999996,16.0,1.8991211303003634,-1.0160841381902377,0.1673373425279147,-0.002860893414851123,-0.00011973020441550528,-0.001307816596896526,0.06861923226899151,0.004313021898269653,0.12380565702915192,-0.15857568383216858,0.47796303033828735,-0.017303165048360825,-0.9537982940673828,0.834608793258667,0.22574615478515625,0.21831616759300232,0.2481856346130371,-0.3472556173801422,-0.7032710909843445
0.05475799999999998,0.0034223749999999996,16.0,1.8788413125729766,-0.9957692164800311,0.16738687524523208,-0.002646679234744402,-0.00011027185321851123,-0.0012100084179930872,0.06862271364536607,0.005416065454483032,0.12399467825889587,-0.15680760145187378,0.4734656810760498,-0.028516005724668503,-0.9551820755004883,0.8274133205413818,0.22459068894386292,0.21669220924377441,0.24280643463134766,-0.348124235868454,-0.6976028680801392
0.05475799999999998,0.0034223749999999996,16.0,1.857650160324295,-0.974729293005701,0.16747864285543548,-0.0024311563479954474,-0.00010303814574811782,-0.0011129286474050155,0.06862752628384783,0.004111051559448242,0.12064193934202194,-0.15314272046089172,0.4527585506439209,-0.030580416321754456,-0.9425690174102783,0.8331339359283447,0.22958573698997498,0.2480330914258957,0.2401409149169922,-0.3504908084869385,-0.6819844841957092
0.05475799999999998,0.0034223749999999996,16.0,1.8356810848959952,-0.9527676536301805,0.16754636979943507,-0.002226676506407117,-9.430350706600021e-5,-0.001019560104843628,0.06863052030398956,0.0046894848346710205,0.11985097080469131,-0.15077009797096252,0.4438738226890564,-0.041196394711732864,-0.9403307437896729,0.8283396363258362,0.22993189096450806,0.2537192702293396,0.2352464199066162,-0.3507198989391327,-0.6734597682952881
0.05475799999999998,0.0034223749999999996,16.0,1.8128533351279121,-0.9299815913493049,0.16761538157096123,-0.0020296473885423392,-8.633283898220177e-5,-0.000929539573810448,0.06863365272113629,0.0043049156665802,0.11922155320644379,-0.14861664175987244,0.43301665782928467,-0.049992144107818604,-0.9298784732818604,0.8260520696640015,0.23050397634506226,0.2689812481403351,0.22947120666503906,-0.35991403460502625,-0.6631507873535156
0.05475799999999998,0.0034223749999999996,16.0,1.7892200202843231,-0.9063280028871158,0.16765070479143773,-0.0018647141715232244,-7.938321712144547e-5,-0.000854003591273759,0.06863701108723681,0.004583626985549927,0.12024270743131638,-0.14757928252220154,0.4283503592014313,-0.05994909629225731,-0.9232585430145264,0.8199777603149414,0.22829580307006836,0.2763347923755646,0.2216627597808838,-0.37498801946640015,-0.65619295835495
0.05475799999999998,0.0034223749999999996,16.0,1.7647783039939735,-0.88194160343483,0.16777749942944192,-0.0016577442301106133,-7.060009442696119e-5,-0.0007601792223412347,0.06864548731544982,0.005515396595001221,0.11828438192605972,-0.14386188983917236,0.41493165493011475,-0.07240933179855347,-0.9235944747924805,0.8123185038566589,0.23013412952423096,0.2814653515815735,0.21759533882141113,-0.36472567915916443,-0.644691526889801
0.05475799999999998,0.0034223749999999996,16.0,1.7394407869786561,-0.8566540340768618,0.1680558882123938,-0.0014688227796336472,-6.30149102042862e-5,-0.000674913810355264,0.06865178463820906,0.005460560321807861,0.11776552349328995,-0.14121505618095398,0.4016433656215668,-0.0842321440577507,-0.913118839263916,0.8051048517227173,0.2307112216949463,0.2969834506511688,0.21038579940795898,-0.37241968512535095,-0.6319606900215149
0.05475799999999998,0.0034223749999999996,16.0,1.7132545037989353,-0.8306271508512377,0.1682994693581945,-0.0012832500793259738,-5.447601052993746e-5,-0.0005909958151849019,0.06865532754659281,0.004858344793319702,0.1160937175154686,-0.13737356662750244,0.38180285692214966,-0.09460051357746124,-0.8951003551483154,0.7975437641143799,0.23354879021644592,0.32164403796195984,0.20247459411621094,-0.37600478529930115,-0.6149657368659973
0.05475799999999998,0.0034223749999999996,16.0,1.686246924897567,-0.8037667776443634,0.16860413167582822,-0.001119632650070581,-4.648658775690548e-5,-0.0005171913666982642,0.0686583427808737,0.005122184753417969,0.11534515768289566,-0.13421174883842468,0.3631466329097748,-0.11079435050487518,-0.8792221546173096,0.7850417494773865,0.23504289984703064,0.34155744314193726,0.19101309776306152,-0.38289329409599304,-0.5977795124053955
0.05475799999999998,0.0034223749999999996,16.0,1.6581990685220485,-0.7761771374835346,0.16894765622683977,-0.000997188763709947,-3.4455257835175656e-5,-0.0004599447071482002,0.06866429004868213,0.005517899990081787,0.11080197989940643,-0.1255684196949005,0.3262806534767151,-0.12749463319778442,-0.851205587387085,0.7626147270202637,0.24733421206474304,0.344552606344223,0.19311738014221191,-0.32922354340553284,-0.5734766721725464
0.05475799999999998,0.0034223749999999996,16.0,1.6292480419968345,-0.747753311558953,0.1691976327477618,-0.0008167741651689835,-2.5075166575083225e-5,-0.0003782769901875389,0.06865498058260307,0.004618734121322632,0.10582718253135681,-0.11419707536697388,0.2807220220565796,-0.13776002824306488,-0.7885582447052002,0.729210615158081,0.26777103543281555,0.3369576930999756,0.20869779586791992,-0.24197281897068024,-0.5487291216850281
0.05475799999999998,0.0034223749999999996,16.0,1.5994348615818599,-0.7184745069586358,0.1693894054699837,-0.0006817453933546815,-1.9135855096931033e-5,-0.00031745682245445256,0.06863789394090919,0.003864079713821411,0.10019703209400177,-0.10214874148368835,0.2359360158443451,-0.1459694653749466,-0.712012529373169,0.6825757026672363,0.2882753610610962,0.3223070800304413,0.22950077056884766,-0.14657150208950043,-0.5248004794120789
0.05475799999999998,0.0034223749999999996,16.0,1.5687819126709681,-0.6882790821134931,0.16944931166260682,-0.0005048874892688467,-1.2759446678120011e-5,-0.00023614897235931017,0.06861221387517605,0.002537339925765991,0.09679817408323288,-0.09519654512405396,0.20056737959384918,-0.1456543654203415,-0.595970869064331,0.6300988793373108,0.30396026372909546,0.3192378580570221,0.24593281745910645,-0.08786516636610031,-0.505385160446167
0.05475799999999998,0.0034223749999999996,16.0,1.5375009137684423,-0.6572437686226481,0.16946610019801547,-0.0003065938078228357,-6.69377118732441e-6,-0.00014362817888508844,0.06859001545290992,-0.03331509232521057,0.0977843627333641,-0.084805428981781,0.2406177967786789,-0.04847893491387367,-0.6250205039978027,0.3572172522544861,0.40074899792671204,0.45205286145210266,0.5896270275115967,-0.08784516900777817,-0.6419865489006042
0.05475799999999998,0.0034223749999999996,16.0,1.5055738048726546,-0.6253715452547395,0.16944879485534498,-0.00012733136449706448,-2.5774439675084023e-6,-5.964075882624695e-5,0.06857416743409672,-0.03344431519508362,0.08838286995887756,-0.07855144143104553,0.2052878588438034,-0.02375303953886032,-0.4635460376739502,0.2748059630393982,0.3932315707206726,0.4405233860015869,0.6197431087493896,-0.07909268140792847,-0.5991621017456055
0.05475799999999998,0.0034223749999999996,16.0,1.4728133264258867,-0.5926346434746812,0.16941324194275206,4.868133631305945e-5,9.785315063848748e-7,2.2794568147442205e-5,0.06856332962957978,-0.03308156132698059,0.08446928858757019,-0.07726186513900757,0.1866399049758911,0.00346415676176548,-0.3000178337097168,0.19050927460193634,0.37535232305526733,0.44802916049957275,0.6207008361816406,-0.1556931883096695,-0.5625609159469604
0.05475799999999998,0.0034223749999999996,16.0,1.4392217420990219,-0.559025331546992,0.16935085829830537,0.0002266788111023687,4.496875171505344e-6,0.00010602495010111063,0.06855751965061467,-0.032346874475479126,0.08285488188266754,-0.07732909917831421,0.1815107762813568,0.027745548635721207,-0.16204071044921875,0.10674624145030975,0.35204315185546875,0.4444146454334259,0.6164045333862305,-0.26193928718566895,-0.5340842008590698
0.05475799999999998,0.0034223749999999996,16.0,1.4047823165978963,-0.5245570358530296,0.16924138369021188,0.00042027269249531713,8.23966728476345e-6,0.0001963912371666891,0.06855553201994222,-0.03200170397758484,0.08348643034696579,-0.08024048805236816,0.18688668310642242,0.03663330525159836,-0.06208086013793945,0.05726461112499237,0.3257315754890442,0.4503002166748047,0.598405122756958,-0.3524824380874634,-0.513232946395874
0.05475799999999998,0.0034223749999999996,16.0,1.3694816213992658,-0.4892727667005611,0.16920590849759798,0.0005893522220960455,1.1642897211054061e-5,0.00027535364349160846,0.06855407595687589,-0.0310610830783844,0.08341935276985168,-0.08291411399841309,0.1875578761100769,0.04207615181803703,-0.043924808502197266,0.052753813564777374,0.31470778584480286,0.4688545763492584,0.5829145908355713,-0.38378819823265076,-0.5028849244117737
0.05475799999999998,0.0034223749999999996,16.0,1.3333180891502183,-0.453151603620453,0.1691706027182191,0.0007617993564490981,1.5087818402330374e-5,0.0003558303305753215,0.06855285256286865,-0.03131952881813049,0.08392967283725739,-0.08442461490631104,0.18618571758270264,0.04690365120768547,-0.025397062301635742,0.053440894931554794,0.3123629093170166,0.48723745346069336,0.5769028663635254,-0.40819498896598816,-0.4991804361343384
0.05475799999999998,0.0034223749999999996,16.0,1.296313669217158,-0.41618578330985667,0.1691353080562651,0.000934299130310959,1.8494765542705853e-5,0.00043630530715949066,0.06855144855136706,-0.03230392932891846,0.08482220023870468,-0.08562380075454712,0.18459151685237885,0.04833832010626793,-0.011395454406738281,0.05846365913748741,0.3132106363773346,0.49822351336479187,0.5786120891571045,-0.4224364757537842,-0.49846315383911133
0.05475799999999998,0.0034223749999999996,16.0,1.258478072619662,-0.37839086157045876,0.16906725034337858,0.0010977061555208342,2.1825550557014195e-5,0.0005125556460086576,0.06854976883797527,-0.03366965055465698,0.08593309670686722,-0.08736380934715271,0.18348267674446106,0.04778141528367996,-0.0008463859558105469,0.06650128960609436,0.31445813179016113,0.5042083263397217,0.5834250450134277,-0.4306515157222748,-0.49865248799324036
0.05475799999999998,0.0034223749999999996,16.0,1.2197793452269465,-0.3397294977006617,0.16900590143539748,0.0012658003575876408,2.481804395365628e-5,0.0005905657468980713,0.06854856310034377,-0.035167843103408813,0.08777710050344467,-0.09024038910865784,0.1835418939590454,0.050395119935274124,0.010973453521728516,0.07656529545783997,0.31652283668518066,0.5195679068565369,0.5868792533874512,-0.44865337014198303,-0.5008187294006348
0.05475799999999998,0.0034223749999999996,16.0,1.18029037379406,-0.3003163019213564,0.16901133173644908,0.0013820964979679887,2.8031458098537236e-5,0.0006452223530984996,0.06854782304185382,-0.03662639856338501,0.08714555948972702,-0.08975434303283691,0.1771954447031021,0.05555584654211998,0.02851080894470215,0.08095958828926086,0.32217341661453247,0.5329405069351196,0.5877354145050049,-0.4534713327884674,-0.500120997428894
0.05475799999999998,0.0034223749999999996,16.0,1.1399863775810855,-0.2600477250843835,0.16898032452467446,0.00152375673333575,3.123589888643491e-5,0.0007115535758277601,0.06854692597363306,-0.03788009285926819,0.0867496058344841,-0.09017527103424072,0.17384707927703857,0.05222046747803688,0.03329968452453613,0.08724015951156616,0.32078123092651367,0.524631679058075,0.5933651924133301,-0.4415266811847687,-0.49542301893234253
0.05475799999999998,0.0034223749999999996,16.0,1.0988454184410406,-0.21890162335765184,0.1688821872420198,0.001690016449727527,3.6365515283891946e-5,0.0007899676698915732,0.0685432289203758,-0.04005017876625061,0.08786313980817795,-0.09291082620620728,0.17308646440505981,0.05133143439888954,0.035746097564697266,0.1011887788772583,0.3206760883331299,0.5209618210792542,0.6023902893066406,-0.4346483051776886,-0.4946348965167999
0.05475799999999998,0.0034223749999999996,16.0,1.057594715995641,-0.17559216121340407,0.17148766396402557,0.0018298163583210147,2.732019492893064e-5,0.0008609457704961186,0.06846252850457958,-0.04314953088760376,0.08859571814537048,-0.09385830163955688,0.1643238663673401,0.05336911603808403,0.053813934326171875,0.11280784010887146,0.32951557636260986,0.5227134227752686,0.6141080856323242,-0.42599430680274963,-0.4948016405105591
0.05475799999999998,0.0034223749999999996,16.0,1.0147020342204418,-0.132745219825977,0.1714489771615713,0.0019292765090720412,3.3228756009807356e-5,0.0009089800399882022,0.06845836592999538,-0.049724459648132324,0.09199357777833939,-0.09579071402549744,0.153152197599411,0.06245484948158264,0.07052350044250488,0.1488051563501358,0.35103192925453186,0.5433711409568787,0.6397230625152588,-0.4152016341686249,-0.5053005218505859
0.05475799999999998,0.0034223749999999996,16.0,0.9709133866928131,-0.08901703846749917,0.17139844224410497,0.0019150743064848671,3.1920696218900313e-5,0.0009066908952751929,0.0684540724985173,-0.05486908555030823,0.09976091980934143,-0.09986454248428345,0.13653415441513062,0.08247477561235428,0.05659651756286621,0.11920627951622009,0.3941768705844879,0.41747286915779114,0.7597124576568604,-0.30953872203826904,-0.5317542552947998
0.05475799999999998,0.0034223749999999996,16.0,0.9255654985667169,-0.045318578608651204,0.16836821359756207,0.0017771644278423936,2.7584329206589597e-5,0.0008437809165695246,0.0685092827157199,-0.06259283423423767,0.12671193480491638,-0.1122778058052063,0.14789454638957977,0.07087898999452591,0.008514881134033203,0.002764517907053232,0.45376673340797424,0.07396470010280609,1.0202910900115967,-0.13932426273822784,-0.6022307872772217
0.05475799999999998,0.0034223749999999996,16.0,0.8790643076160822,-0.0002244414152861575,0.16751763666200634,7.113457664675571e-5,1.0095116664794139e-6,3.396907660517499e-5,0.06846620360705857,-0.13263800740242004,0.03986601158976555,-0.14628076553344727,0.05378599464893341,-0.544752836227417,0.21949315071105957,0.7210666537284851,-0.03560084104537964,0.42056551575660706,0.8073320388793945,0.06567609310150146,-0.013988137245178223
0.05475799999999998,0.0034223749999999996,16.0,0.9227910272980108,0.044343201835135966,0.16955280142433932,-0.0017425866111879715,-5.7926729372630476e-5,-0.00085609612698816,0.06828360798659454,-0.1929890513420105,0.05523921176791191,-0.14733800292015076,0.2541544437408447,-0.7557432651519775,0.3260970115661621,0.5204512476921082,-0.011224627494812012,-0.5567060112953186,1.3565287590026855,0.34988856315612793,-0.23608708381652832
0.05475799999999998,0.0034223749999999996,16.0,0.9655124842942229,0.08978398982760569,0.17009689186663918,-0.001936074309766167,-2.2081473773104594e-5,-0.000953579690945361,0.06811503919687761,-0.24430057406425476,0.0892561748623848,-0.1262308955192566,0.5405694246292114,-0.8638907670974731,0.45946669578552246,0.2766207754611969,0.10099637508392334,-1.2397053241729736,1.6765022277832031,0.5048427581787109,-0.6357617974281311
0.05475799999999998,0.0034223749999999996,16.0,1.0087039130422621,0.13414909691934812,0.170562498389475,-0.0019302136511453744,-1.1727576375971634e-5,-0.0009413396014079543,0.06805363374751856,-0.2552510201931,0.11071902513504028,-0.11747360229492188,0.6353887319564819,-0.9147304892539978,0.5133708715438843,0.30361849069595337,0.15736529231071472,-1.4226772785186768,1.6935372352600098,0.4692065417766571,-0.7881604433059692
0.05475799999999998,0.0034223749999999996,16.0,1.0511849169845073,0.17734255317732617,0.17071195778486867,-0.001825807899891964,-8.221921901571558e-6,-0.0008867508249620188,0.06803085098324001,-0.2611595094203949,0.12221305072307587,-0.11175066232681274,0.7032120823860168,-0.907866358757019,0.5484025478363037,0.28230056166648865,0.16737842559814453,-1.5132110118865967,1.7030348777770996,0.46497079730033875,-0.866692841053009
0.05475799999999998,0.0034223749999999996,16.0,1.0929732712513234,0.21947631966249112,0.17071562388319508,-0.0016804714086534331,-7.16743221820722e-6,-0.0008147590478827948,0.06802373739344753,-0.26454612612724304,0.1276739239692688,-0.11113640666007996,0.7185651063919067,-0.9181116819381714,0.5675503015518188,0.2764882743358612,0.17932772636413574,-1.5447402000427246,1.7033653259277344,0.4790164530277252,-0.8942868709564209
0.05475799999999998,0.0034223749999999996,16.0,1.1339657934930727,0.26072095677003077,0.17066062282079453,-0.0014907137571478011,-6.739066209519865e-6,-0.0007228540895514162,0.06802435805242556,-0.2702629864215851,0.1313898265361786,-0.11397597193717957,0.6881521940231323,-0.9618972539901733,0.5908969640731812,0.3046589195728302,0.2094287872314453,-1.5622657537460327,1.7159423828125,0.4944460690021515,-0.8939358592033386
0.05475799999999998,0.0034223749999999996,16.0,1.174211649552054,0.3011616806576023,0.17067034648771945,-0.0014037453223919422,-6.582796551360757e-6,-0.0006789403280354453,0.06801654468517307,-0.2719803750514984,0.13653957843780518,-0.11372902989387512,0.7021322250366211,-0.9605879187583923,0.6145037412643433,0.3169286549091339,0.21875837445259094,-1.5898343324661255,1.7060070037841797,0.5025991797447205,-0.9175755977630615
0.05475799999999998,0.0034223749999999996,16.0,1.2136788877453584,0.3407594795165664,0.17065388953715557,-0.001221074932561744,-5.590707048010254e-6,-0.0005886029870364783,0.06800417569067473,-0.27147212624549866,0.14220157265663147,-0.11218562722206116,0.7391765117645264,-0.9288463592529297,0.6395574808120728,0.3317192494869232,0.2125701904296875,-1.622855305671692,1.687882423400879,0.5011792182922363,-0.9489096403121948
0.05475799999999998,0.0034223749999999996,16.0,1.252205872139569,0.37950409464117896,0.17059486468093463,-0.001082697238898125,-5.489997570448911e-6,-0.0005218513231976383,0.06800571226319838,-0.27466288208961487,0.14694765210151672,-0.11317187547683716,0.7337865829467773,-0.9475353360176086,0.6656593084335327,0.3539568781852722,0.23105782270431519,-1.6457781791687012,1.6825308799743652,0.51513671875,-0.9621891975402832
0.05475799999999998,0.0034223749999999996,16.0,1.289933291807833,0.4174287008095717,0.17054580776900047,-0.0009271955716661266,-5.135354482653065e-6,-0.0004464755952052187,0.06800498347446923,-0.2768968641757965,0.15201282501220703,-0.11374935507774353,0.7365614771842957,-0.9593269228935242,0.6938380002975464,0.37843796610832214,0.24530735611915588,-1.6726410388946533,1.6694941520690918,0.5282933712005615,-0.9794697761535645
0.05475799999999998,0.0034223749999999996,16.0,1.3268580522302522,0.4545327639773736,0.17051364597696056,-0.000757554642043232,-4.5409342677947896e-6,-0.0003641122177905095,0.06800173107850485,-0.2783760726451874,0.15742996335029602,-0.11368566751480103,0.7474430799484253,-0.965688943862915,0.7244678735733032,0.4041016697883606,0.2554140090942383,-1.7042535543441772,1.6498823165893555,0.5422643423080444,-1.0007864236831665
0.05475799999999998,0.0034223749999999996,16.0,1.3629649533372343,0.49082725316707926,0.17051988621810807,-0.0005849686392971646,-3.6956476820433666e-6,-0.0002803270734020991,0.06799446747364256,-0.27903255820274353,0.16349095106124878,-0.1118115484714508,0.7717412710189819,-0.9771512746810913,0.7636524438858032,0.43095603585243225,0.2618880867958069,-1.7532191276550293,1.6167945861816406,0.5734233856201172,-1.032029628753662
0.05475799999999998,0.0034223749999999996,16.0,1.3982567961078654,0.5263024140113516,0.17055512794480088,-0.00040508002627845667,-2.633244913112103e-6,-0.00019333612503131238,0.06798367707397392,-0.27858349680900574,0.16985420882701874,-0.10738858580589294,0.8086354732513428,-0.9980853199958801,0.8115023374557495,0.45829272270202637,0.26375144720077515,-1.820022702217102,1.5667810440063477,0.6318119168281555,-1.0714083909988403
0.05475799999999998,0.0034223749999999996,16.0,1.4326528170406196,0.5609817658303671,0.17064594149636467,-0.0002330885627297004,-1.531626620929365e-6,-0.00011067539359236547,0.06797181595798633,-0.26601359248161316,0.16540643572807312,-0.09168747067451477,0.8923147916793823,-1.06035578250885,0.8591264486312866,0.4361627995967865,0.23537349700927734,-1.876954436302185,1.4078664779663086,0.8764106035232544,-1.127902865409851
0.05475799999999998,0.0034223749999999996,16.0,1.4662972595207528,0.594707173659583,0.17091721359751363,-7.711203089502958e-5,-4.972192768656911e-7,-3.625105029471944e-5,0.0679607053778209,-0.24026331305503845,0.14363346993923187,-0.06413823366165161,0.9825498461723328,-1.1510292291641235,0.8700705766677856,0.3905006945133209,0.17763593792915344,-1.8577865362167358,1.1335151195526123,1.3080039024353027,-1.16176438331604
0.05475799999999998,0.0034223749999999996,16.0,1.4992703542293584,0.6274710844327719,0.17145332427866375,0.00011030241700901467,6.366193306333229e-7,5.1022688175708124e-5,0.06794838057392096,-0.21245601773262024,0.11739888787269592,-0.02916175127029419,1.0610077381134033,-1.2262327671051025,0.8392778635025024,0.34059029817581177,0.12135979533195496,-1.7805354595184326,0.8250491619110107,1.7358981370925903,-1.1850227117538452
0.05475799999999998,0.0034223749999999996,16.0,1.5316902702126998,0.6573949298892419,0.16970226163569074,0.0002902353614894462,2.696495219718386e-6,0.00013146785950918645,0.0680848213125025,-0.18371930718421936,0.093015655875206,0.006027817726135254,1.1097016334533691,-1.2706384658813477,0.7934238910675049,0.3227916657924652,0.0763714611530304,-1.6893216371536255,0.5198633670806885,2.088568687438965,-1.1895486116409302
0.05475799999999998,0.0034223749999999996,16.0,1.5636082746083644,0.6877630321497077,0.17089257820007944,0.00048046948738729456,2.957915561693522e-6,0.00021415294779638953,0.06809422216496011,-0.1587699055671692,0.05409848317503929,0.07161745429039001,1.055954933166504,-0.18686543405056,0.18074750900268555,-0.0741075724363327,-0.15200769901275635,-2.004467248916626,1.0140256881713867,1.761486291885376,-0.9054350852966309
0.05475799999999998,0.0034223749999999996,16.0,1.5947829591661302,0.7171992855244842,0.17222830048158758,0.0006772125136153041,6.718049975487428e-7,0.000300117418444259,0.06810506572527388,-0.13622522354125977,0.0446879081428051,0.08971920609474182,1.0801339149475098,-0.1162712574005127,0.05322122573852539,-0.13100557029247284,-0.1800757646560669,-1.9729536771774292,0.8902854919433594,1.7904696464538574,-0.9013062715530396
0.05475799999999998,0.0034223749999999996,16.0,1.6250573334042417,0.7458964178016324,0.17338377034484587,0.0008202809964310467,-3.414983702697303e-6,0.0003636102428323494,0.06812797823623999,-0.11428552865982056,0.03184320777654648,0.10331371426582336,1.058651089668274,-0.05662369355559349,-0.08271574974060059,-0.18168862164020538,-0.2005724310874939,-1.910498857498169,0.7782905101776123,1.8181345462799072,-0.8590444922447205
0.05475799999999998,0.0034223749999999996,16.0,1.6542840219854797,0.7739286092842721,0.1744262445381804,0.0010069415619908208,-1.0218032506654104e-5,0.00044892867758480323,0.0681497871478717,-0.10192346572875977,0.02833019569516182,0.11503574252128601,1.0645043849945068,-0.005096848588436842,-0.17010760307312012,-0.22117654979228973,-0.21094512939453125,-1.8861476182937622,0.7092318534851074,1.7792136669158936,-0.8541852831840515
0.05475799999999998,0.0034223749999999996,16.0,1.6825907980852248,0.8012085201826167,0.17520163432970634,0.001132019177937894,-1.8645011342043934e-5,0.0005117032454523659,0.0681773533083091,-0.09469747543334961,0.0253305546939373,0.119966059923172,1.0586004257202148,0.019963618367910385,-0.22455573081970215,-0.24995557963848114,-0.21433472633361816,-1.8684860467910767,0.6760034561157227,1.7587263584136963,-0.8447234630584717
0.05475799999999998,0.0034223749999999996,16.0,1.7100158962613263,0.8279095873215362,0.17551464409946638,0.0013001082115647706,-2.3200238327339022e-5,0.0005868425140192933,0.06820501423720715,-0.09154659509658813,0.02731677144765854,0.12467768788337708,1.0751819610595703,0.04294467344880104,-0.24489331245422363,-0.2685930132865906,-0.2155698537826538,-1.8791613578796387,0.6598358154296875,1.7204961776733398,-0.8599914908409119
0.05475799999999998,0.0034223749999999996,16.0,1.7364156331815555,0.8539210060148141,0.17576225322087102,0.0014906134914441625,-2.825302867593465e-5,0.0006722171338038538,0.06822083804538495,-0.08883011341094971,0.029494237154722214,0.12722888588905334,1.0827171802520752,0.065116748213768,-0.24594879150390625,-0.2746826410293579,-0.21171069145202637,-1.9006744623184204,0.6529638767242432,1.6999812126159668,-0.871501088142395
0.05475799999999998,0.0034223749999999996,16.0,1.76186869889671,0.8792270493646153,0.17594503225240102,0.0016851072405739981,-3.3251694382719134e-5,0.0007592584813119475,0.06822812469663167,-0.08746278285980225,0.032122671604156494,0.13076141476631165,1.097745656967163,0.07846839725971222,-0.26551270484924316,-0.2904733717441559,-0.21240347623825073,-1.903721570968628,0.6428604125976562,1.6678452491760254,-0.8857004642486572
0.05475799999999998,0.0034223749999999996,16.0,1.786382841639919,0.903725231756818,0.1759820220666527,0.0019023369693887075,-3.859542338930318e-5,0.0008570599640575482,0.06822980847826111,-0.08659219741821289,0.033578258007764816,0.13083675503730774,1.1000654697418213,0.08382277190685272,-0.26862502098083496,-0.29720982909202576,-0.20844101905822754,-1.911030650138855,0.6452140808105469,1.6627731323242188,-0.892037034034729
0.05475799999999998,0.0034223749999999996,16.0,1.8100984448061437,0.927438724613973,0.1760679601684584,0.0020625913154932135,-4.256687771088206e-5,0.0009287324568567746,0.06823095345346943,-0.08568888902664185,0.0355449803173542,0.13260874152183533,1.1078109741210938,0.09291896969079971,-0.27725815773010254,-0.3049963712692261,-0.20688945055007935,-1.915285348892212,0.6412124633789062,1.6468888521194458,-0.901314377784729
0.05475799999999998,0.0034223749999999996,16.0,1.8329251035366738,0.9502972425054504,0.17609408366890245,0.0022607698803811236,-4.762438174538498e-5,0.001017851626569185,0.06823144503113758,-0.08524578809738159,0.03693034499883652,0.13310852646827698,1.111586332321167,0.09786130487918854,-0.283581018447876,-0.31339728832244873,-0.20465677976608276,-1.9201503992080688,0.6432628631591797,1.6416906118392944,-0.90732741355896
0.05475799999999998,0.0034223749999999996,16.0,1.8548661667262474,0.9723334717502773,0.17617184199790648,0.0024671857652402438,-5.368161530734828e-5,0.0011106559828151902,0.06822771388595786,-0.08507165312767029,0.03829632326960564,0.13375356793403625,1.1165997982025146,0.1021045595407486,-0.2925586700439453,-0.32398465275764465,-0.20352524518966675,-1.9228501319885254,0.644787073135376,1.6349607706069946,-0.9134361147880554
0.05475799999999998,0.0034223749999999996,16.0,1.8760850240055489,0.9935824499103969,0.1762895269772186,0.0026840330390997136,-5.9332907027921494e-5,0.0012073316155925893,0.06822950282680072,-0.08478820323944092,0.04099481180310249,0.13774064183235168,1.1335670948028564,0.11278015375137329,-0.315920352935791,-0.3433082699775696,-0.20776259899139404,-1.918923020362854,0.6332900524139404,1.6020612716674805,-0.9259359240531921
0.05475799999999998,0.0034223749999999996,16.0,1.8963759054065328,1.0138951145411284,0.17624065967347466,0.0029000430689418064,-6.59879397814613e-5,0.00130320014435532,0.06823306637274756,-0.08489280939102173,0.04374208301305771,0.14045259356498718,1.1477878093719482,0.11779063194990158,-0.33732175827026367,-0.3621384799480438,-0.21132659912109375,-1.9148550033569336,0.6274394989013672,1.5730226039886475,-0.9363543391227722
0.05475799999999998,0.0034223749999999996,16.0,1.915912767315189,1.033517255270448,0.1765076616635471,0.003072085293029607,-7.07954429551299e-5,0.001379849921356772,0.06823100684691678,-0.08330243825912476,0.04521544277667999,0.1442870795726776,1.1577515602111816,0.13181428611278534,-0.35161924362182617,-0.375736266374588,-0.21287018060684204,-1.9080777168273926,0.610508918762207,1.5495795011520386,-0.9447352290153503
0.05475799999999998,0.0034223749999999996,16.0,1.9345860171155271,1.0522737238912805,0.17664832829785335,0.0032653051655085297,-7.658331168608209e-5,0.0014651302234223959,0.06823144275987107,-0.08352169394493103,0.0478917621076107,0.14689520001411438,1.1687555313110352,0.14092455804347992,-0.3647580146789551,-0.38974297046661377,-0.21534758806228638,-1.9091594219207764,0.6064777374267578,1.5275623798370361,-0.9531209468841553
0.05475799999999998,0.0034223749999999996,16.0,1.9524031253090468,1.070125553574658,0.1765788392930179,0.0034303944197236424,-8.145077142204486e-5,0.0015405308980382779,0.06823277467606947,-0.08408483862876892,0.04856555908918381,0.14599356055259705,1.1713546514511108,0.13435257971286774,-0.3756089210510254,-0.4041721820831299,-0.2153502106666565,-1.905196189880371,0.6131665706634521,1.528045415878296,-0.9556278586387634
0.05475799999999998,0.0034223749999999996,16.0,1.9693758526012812,1.087169180293008,0.1766376186479404,0.0036293965276559042,-8.813528237040017e-5,0.001629911014607126,0.06823188929715782,-0.08416029810905457,0.050189580768346786,0.14732471108436584,1.1770944595336914,0.1410278081893921,-0.3837552070617676,-0.4152110815048218,-0.21610790491104126,-1.9077975749969482,0.6121439933776855,1.5182205438613892,-0.9605519771575928
0.05475799999999998,0.0034223749999999996,16.0,1.985515362722652,1.103435725224456,0.17678823568344104,0.003805339695861038,-9.456762798416264e-5,0.0017079364659078817,0.06823029910611444,-0.08430078625679016,0.052271921187639236,0.14894047379493713,1.1841466426849365,0.14870312809944153,-0.39170408248901367,-0.4248712956905365,-0.21695882081985474,-1.9115769863128662,0.6099669933319092,1.5030114650726318,-0.9666758179664612
0.05475799999999998,0.0034223749999999996,16.0,2.0008313102896538,1.1186996905688722,0.17661493665344258,0.00397559357440023,-0.0001007647707498901,0.0017840785190578535,0.06823428668222818,-0.08429715037345886,0.05271457880735397,0.1492440402507782,1.186875581741333,0.14928530156612396,-0.40170788764953613,-0.43721306324005127,-0.21745264530181885,-1.910841941833496,0.6107461452484131,1.5025562047958374,-0.968862771987915
0.05475799999999998,0.0034223749999999996,16.0,2.0153627659108864,1.1332097964251817,0.1765928537759482,0.004113935613374358,-0.00010521193165205754,0.0018468049432437586,0.06823818753426862,-0.08426502346992493,0.05306342616677284,0.1494554579257965,1.1902529001235962,0.14764586091041565,-0.41437649726867676,-0.4503307342529297,-0.21820521354675293,-1.9071879386901855,0.6104717254638672,1.4998586177825928,-0.9714089035987854
0.05475799999999998,0.0034223749999999996,16.0,2.029083074285419,1.1469269815173035,0.17663782222940763,0.004234128694461588,-0.00010915967874316901,0.0019003067981601279,0.06824152889236926,-0.08387330174446106,0.05393479764461517,0.15085312724113464,1.1965768337249756,0.15156584978103638,-0.4279303550720215,-0.46171092987060547,-0.2200811505317688,-1.904579997062683,0.6041414737701416,1.488057255744934,-0.9757673144340515
0.05475799999999998,0.0034223749999999996,16.0,2.0420020150752807,1.1599194008355942,0.17690228455087534,0.0043608159389508395,-0.00011275233046285911,0.0019581190012170277,0.0682406636626356,-0.0830278992652893,0.05423125997185707,0.15142014622688293,1.1974096298217773,0.1605793535709381,-0.43155694007873535,-0.4679543077945709,-0.21952199935913086,-1.9112725257873535,0.6011619567871094,1.4882409572601318,-0.9772263169288635
0.05475799999999998,0.0034223749999999996,16.0,2.054035650703162,1.1718815530028266,0.1767872628577723,0.00449325840806101,-0.00011760885579940893,0.0020140045333862052,0.0682485121647228,-0.08271327614784241,0.05728362873196602,0.1580723226070404,1.2181847095489502,0.17323890328407288,-0.46098899841308594,-0.486574649810791,-0.22852665185928345,-1.9011448621749878,0.5756030082702637,1.4415618181228638,-0.9886518120765686
0.05475799999999998,0.0034223749999999996,16.0,2.065232792477705,1.1831079857111897,0.17681751694051165,0.004634045294497286,-0.00012273134633140377,0.002075127995469912,0.06825069553554103,-0.08242523670196533,0.06042814627289772,0.16250941157341003,1.230436086654663,0.18817643821239471,-0.47503232955932617,-0.4969717562198639,-0.23251640796661377,-1.90023934841156,0.5609042644500732,1.408085823059082,-0.9967591762542725
0.05475799999999998,0.0034223749999999996,16.0,2.0756408091961815,1.1935467825629396,0.176907112981066,0.0047693604924973435,-0.00012622587346933778,0.0021322719627045786,0.06825535084116949,-0.08192917704582214,0.06347828358411789,0.16592350602149963,1.2378251552581787,0.20558983087539673,-0.47864794731140137,-0.50127112865448,-0.23425805568695068,-1.9076039791107178,0.5505115985870361,1.3835080862045288,-1.0023843050003052
0.05475799999999998,0.0034223749999999996,16.0,2.0852009753568828,1.2032270524823132,0.17716557882877434,0.004920826635666622,-0.00013042319301410308,0.002198327430884325,0.06825534074754924,-0.08181244134902954,0.06673483550548553,0.17028573155403137,1.2479405403137207,0.22282913327217102,-0.4869208335876465,-0.5084002017974854,-0.2374587059020996,-1.9092633724212646,0.5356130599975586,1.350866436958313,-1.0091859102249146
0.05475799999999998,0.0034223749999999996,16.0,2.0945067415443566,1.2132469816792624,0.18060387224720037,0.005138798270355778,-0.00019185883448105182,0.002296581017309135,0.06812959027257538,-0.08339858055114746,0.07001031935214996,0.1689383089542389,1.247067928314209,0.24372975528240204,-0.46605467796325684,-0.5050173997879028,-0.23090076446533203,-1.93242609500885,0.5494794845581055,1.3499624729156494,-1.0150729417800903
0.05475799999999998,0.0034223749999999996,16.0,2.1023973976104617,1.2212394676067277,0.18076800358350947,0.005373858786132788,-0.0002007553697899823,0.0023980724070500237,0.06813435177378907,-0.08379089832305908,0.07410252839326859,0.17369124293327332,1.2586207389831543,0.2614062428474426,-0.4744873046875,-0.5115160942077637,-0.23515373468399048,-1.9324796199798584,0.5334291458129883,1.3080666065216064,-1.022182583808899
0.05475799999999998,0.0034223749999999996,16.0,2.109436712247398,1.2283576707889443,0.18084192772688337,0.005737360038269212,-0.00021511124929995956,0.002558899695498084,0.06813648593162847,-0.08380228281021118,0.07669196277856827,0.17595449090003967,1.2628123760223389,0.27481481432914734,-0.4765491485595703,-0.5167887210845947,-0.23613500595092773,-1.9349337816238403,0.5260312557220459,1.286414623260498,-1.025331974029541
0.05475799999999998,0.0034223749999999996,16.0,2.1156504225996,1.2346609601485825,0.1809895216387919,0.006344269281923362,-0.00023924446091753046,0.0028265828448442924,0.0681411704294727,-0.08408796787261963,0.07977792620658875,0.17904117703437805,1.2688179016113281,0.28938156366348267,-0.48442697525024414,-0.5269071459770203,-0.23833954334259033,-1.928852915763855,0.5146176815032959,1.2509377002716064,-1.028944730758667
0.05475799999999998,0.0034223749999999996,16.0,2.121017556614104,1.2401189149307774,0.18106061624455813,0.0077228109476054725,-0.00029555828038554304,0.003441541658286982,0.06814487800552739,-0.08443090319633484,0.08165062963962555,0.17991682887077332,1.2682733535766602,0.299979567527771,-0.49025511741638184,-0.5431788563728333,-0.23706626892089844,-1.9270957708358765,0.5127851963043213,1.232374906539917,-1.0294885635375977
0.05475799999999998,0.0034223749999999996,16.0,2.125474593813279,1.2447237087106944,0.18103739510595412,0.014307519330065254,-0.0005902035361535874,0.006399830064225317,0.06815741137879992,-0.08729708194732666,0.08417600393295288,0.18050619959831238,1.2584717273712158,0.31635287404060364,-0.539980411529541,-0.6291559338569641,-0.2336827516555786,-1.8883131742477417,0.5174720287322998,1.1772606372833252,-1.0219155550003052
0.05475799999999998,0.0034223749999999996,16.0,2.0975404640117095,-1.2429435886763183,0.1559200724771184,-0.014017393021763115,-0.00041463137287723435,-0.006407704668212515,0.06853550804524891,0.0123443603515625,0.1259903907775879,-0.16036495566368103,0.6009128093719482,0.11266770958900452,-1.073258638381958,0.7373374700546265,0.21837061643600464,-0.043537624180316925,0.2935492992401123,-0.0338236540555954,-0.8200353980064392
0.05475799999999998,0.0034223749999999996,16.0,2.0930287643726135,-1.2383578432141464,0.1559021850505633,-0.00755874103602357,-0.0002209344947878127,-0.0034621448063996817,0.0685283517945438,0.012878939509391785,0.1282510757446289,-0.16028550267219543,0.5975819826126099,0.08345844596624374,-1.063164472579956,0.7450300455093384,0.21661996841430664,-0.04454152286052704,0.31659841537475586,-0.07616429775953293,-0.8144989609718323
0.05475799999999998,0.0034223749999999996,16.0,2.0876302187882567,-1.2329615795577262,0.15585890420179196,-0.0062073191307485545,-0.00018169048812163312,-0.002843861653793198,0.06852483756392129,0.011494845151901245,0.13064636290073395,-0.16125884652137756,0.5968478918075562,0.07789549976587296,-1.0533459186553955,0.7479482293128967,0.21493324637413025,-0.03397565707564354,0.31934452056884766,-0.11068109422922134,-0.8118488788604736
0.05475799999999998,0.0034223749999999996,16.0,2.0814156621858366,-1.226788746956625,0.15583989595522482,-0.005612463056383378,-0.0001652294277152233,-0.002572115604065863,0.06852328869826481,0.01079624891281128,0.13014128804206848,-0.1619792878627777,0.589767575263977,0.07491082698106766,-1.0476481914520264,0.7585005760192871,0.2165164053440094,-0.017640823498368263,0.31870436668395996,-0.13069403171539307,-0.8063206076622009
0.05475799999999998,0.0034223749999999996,16.0,2.0743375523260545,-1.2197577356080986,0.15580582115015884,-0.005265126794532479,-0.00015783652549613596,-0.002413514508357159,0.06852194054721232,0.008852928876876831,0.1314041167497635,-0.163283109664917,0.5853127837181091,0.07412982732057571,-1.0372753143310547,0.7672387361526489,0.21659353375434875,0.002971553709357977,0.3181271553039551,-0.16455277800559998,-0.8018112182617188
0.05475799999999998,0.0034223749999999996,16.0,2.0654060062996513,-1.2134579476919776,0.15329609676819794,-0.005023727804624871,-0.00017927812094260324,-0.0022945700061004688,0.06860459054082454,0.008460193872451782,0.12952668964862823,-0.1634974479675293,0.5757052898406982,0.070679672062397,-1.0336580276489258,0.7802074551582336,0.21840441226959229,0.02652747556567192,0.3156425952911377,-0.18220379948616028,-0.7940454483032227
0.05475799999999998,0.0034223749999999996,16.0,2.0566798057470925,-1.2048631814153807,0.15318813005009047,-0.004823601305468107,-0.00017565184355355958,-0.002204192731613165,0.06860660092433635,0.006771266460418701,0.1284903585910797,-0.16427293419837952,0.5646993517875671,0.06972801685333252,-1.0243842601776123,0.7958340644836426,0.22115519642829895,0.0550985112786293,0.31426143646240234,-0.20917804539203644,-0.7857807278633118
0.05475799999999998,0.0034223749999999996,16.0,2.0471339614814146,-1.19534769664399,0.15313440412571777,-0.004674327643282417,-0.00017041238205877843,-0.0021355125985249054,0.06860452068514274,0.00558134913444519,0.1292365938425064,-0.16533496975898743,0.5590883493423462,0.06534833461046219,-1.0138969421386719,0.803329348564148,0.22122374176979065,0.07612376660108566,0.30907773971557617,-0.2378091961145401,-0.7801212072372437
0.05475799999999998,0.0034223749999999996,16.0,2.0367273148070573,-1.1849830745493979,0.15306986186495175,-0.004540496686884592,-0.00016570473685690383,-0.0020735203902968492,0.06860063604583824,0.0036148130893707275,0.13109196722507477,-0.1668064296245575,0.5545870065689087,0.061215657740831375,-0.9985673427581787,0.8101861476898193,0.22039881348609924,0.10005306452512741,0.3038299083709717,-0.27625149488449097,-0.7746081352233887
0.05475799999999998,0.0034223749999999996,16.0,2.0255065421811076,-1.173848431928326,0.15306800127721332,-0.00440451253403748,-0.00016395508682023668,-0.0020124724408462787,0.06860132048763089,0.0023961663246154785,0.12920062243938446,-0.16702479124069214,0.5414541363716125,0.05719205364584923,-0.9886250495910645,0.825400173664093,0.22340121865272522,0.1301679164171219,0.2995016574859619,-0.2965450882911682,-0.7644964456558228
0.05475799999999998,0.0034223749999999996,16.0,2.01347199533237,-1.1618245987582927,0.15309291746612022,-0.004279947262081553,-0.0001602477307741593,-0.001955233317818352,0.06860016621038177,0.0017160773277282715,0.12941011786460876,-0.1676636040210724,0.5354553461074829,0.04917076975107193,-0.9785890579223633,0.8312933444976807,0.2234155535697937,0.14767470955848694,0.29268884658813477,-0.31747734546661377,-0.7584257125854492
0.05475799999999998,0.0034223749999999996,16.0,2.0006074708691624,-1.1489725069928536,0.1531027009019529,-0.004154072326197129,-0.00015441146634999673,-0.0018966627218109193,0.06859591207136848,0.0014065802097320557,0.12949830293655396,-0.16803985834121704,0.5313047170639038,0.04213105887174606,-0.9720115661621094,0.8359034061431885,0.22259148955345154,0.1616101711988449,0.2856581211090088,-0.33161866664886475,-0.7533758878707886
0.05475799999999998,0.0034223749999999996,16.0,1.9869509128683656,-1.1352857479465732,0.15316528822986164,-0.004043770368508044,-0.00014943751404100392,-0.0018458221666498684,0.06859510083477882,0.0018200576305389404,0.12907050549983978,-0.16779965162277222,0.5251510143280029,0.03253026679158211,-0.9674491882324219,0.8379640579223633,0.22279709577560425,0.17160870134830475,0.2777266502380371,-0.33948418498039246,-0.7473880648612976
0.05475799999999998,0.0034223749999999996,16.0,1.972475046411107,-1.1208191842240167,0.15317667237087837,-0.003903948308202771,-0.0001445553313431406,-0.001781825185613996,0.06859762494315341,0.0028703510761260986,0.12812480330467224,-0.16683116555213928,0.5187896490097046,0.02157701924443245,-0.9671926498413086,0.8375064134597778,0.223292738199234,0.17630444467067719,0.27050137519836426,-0.3390192985534668,-0.7415255904197693
0.05475799999999998,0.0034223749999999996,16.0,1.9571606052041692,-1.1055048771401406,0.15315897016674032,-0.0037286689708397385,-0.00013952478814467713,-0.0017023622338649086,0.06860176022116778,0.0029331445693969727,0.12851126492023468,-0.16642704606056213,0.5147058963775635,0.013882964849472046,-0.962169885635376,0.8367757797241211,0.222224622964859,0.18480412662029266,0.26409101486206055,-0.35106393694877625,-0.7363072633743286
0.05475799999999998,0.0034223749999999996,16.0,1.9409897252797845,-1.0893335473170316,0.15319437131118527,-0.00356300202039132,-0.0001329059402041966,-0.0016263382860708191,0.0686013269022758,0.0029085874557495117,0.12840862572193146,-0.16544941067695618,0.5091937780380249,0.00815613754093647,-0.9583010673522949,0.8362701535224915,0.22175374627113342,0.1950358748435974,0.2588334083557129,-0.3600338101387024,-0.7302892208099365
0.05475799999999998,0.0034223749999999996,16.0,1.9239973496220997,-1.0723499867062818,0.15319607635697102,-0.0033742774859856534,-0.00012674719423234418,-0.0015404484887448823,0.06860409033095771,0.0028010010719299316,0.12879455089569092,-0.16480857133865356,0.5045180320739746,4.3030595406889915e-5,-0.9524483680725098,0.834946870803833,0.22081708908081055,0.20381414890289307,0.2531626224517822,-0.3732486665248871,-0.7246206402778625
0.05475799999999998,0.0034223749999999996,16.0,1.9061988962634322,-1.0545505974950329,0.15324386394457648,-0.003198458566676192,-0.00011995180092892591,-0.0014604742862211356,0.06860692001480156,0.003834336996078491,0.12745223939418793,-0.16267997026443481,0.4968082904815674,-0.009941748343408108,-0.9550666809082031,0.8315094709396362,0.2212824821472168,0.20739729702472687,0.2485959529876709,-0.369133859872818,-0.7174260020256042
0.05475799999999998,0.0034223749999999996,16.0,1.887526583896593,-1.0358463251837102,0.15331048822362472,-0.0030135816143396056,-0.00011325843192426448,-0.0013761538538843191,0.06860676088070028,0.003440678119659424,0.12828050553798676,-0.16202282905578613,0.4924928545951843,-0.01586003601551056,-0.9478206634521484,0.8297727704048157,0.21975088119506836,0.21867336332798004,0.24266910552978516,-0.38586539030075073,-0.7115022540092468
0.05475799999999998,0.0034223749999999996,16.0,1.8680420527264938,-1.0163923880447625,0.15332115442378577,-0.0028475229098861143,-0.00010839693307327912,-0.0013008012580291869,0.06861146661283239,0.00338175892829895,0.1277465969324112,-0.1607515513896942,0.48416343331336975,-0.025087911635637283,-0.941239595413208,0.8299002051353455,0.21977069973945618,0.23165050148963928,0.23640084266662598,-0.39608094096183777,-0.703179657459259
0.05475799999999998,0.0034223749999999996,16.0,1.8477539193693338,-0.996088710079836,0.1533635909602394,-0.0026322990031868716,-0.0001001861853708445,-0.0012027213074501657,0.068615229387956,0.004297405481338501,0.12748967111110687,-0.15899869799613953,0.47870969772338867,-0.036279790103435516,-0.9418940544128418,0.8245934844017029,0.21880829334259033,0.23355507850646973,0.23078012466430664,-0.39750900864601135,-0.6967617869377136
0.05475799999999998,0.0034223749999999996,16.0,1.8265659983134799,-0.975032863240336,0.15342004463148617,-0.0024175323438008324,-9.377213290648186e-5,-0.0011058404349695722,0.06861917441302495,0.003159433603286743,0.12445861101150513,-0.15598082542419434,0.4596957564353943,-0.03903762251138687,-0.9291529655456543,0.8306787610054016,0.22292977571487427,0.2650063633918762,0.2259056568145752,-0.40365317463874817,-0.6819503307342529
0.05475799999999998,0.0034223749999999996,16.0,1.8045849390151913,-0.9530675084775392,0.15346913530367365,-0.0022140585569260297,-8.605553436257986e-5,-0.0010128859418240509,0.06862160984076099,0.003261089324951172,0.12369512021541595,-0.1539456844329834,0.4507565498352051,-0.04760432615876198,-0.9238619804382324,0.8280462026596069,0.22313645482063293,0.276068776845932,0.21994686126708984,-0.4080183506011963,-0.6732207536697388
0.05475799999999998,0.0034223749999999996,16.0,1.7817601470940772,-0.93024923730856,0.15351018491588286,-0.002013358861159113,-7.836366310711533e-5,-0.0009208807870961593,0.06862347640575964,0.002917647361755371,0.12396876513957977,-0.1527230143547058,0.4428465962409973,-0.057019155472517014,-0.9123437404632568,0.8256145715713501,0.22192057967185974,0.2909007668495178,0.21194243431091309,-0.423967570066452,-0.6640273928642273
0.05475799999999998,0.0034223749999999996,16.0,1.7581222500355596,-0.9066075741458894,0.1535332626499062,-0.001850054675363614,-7.233709297911759e-5,-0.0008463299145616671,0.06862789359610642,0.003105342388153076,0.12538886070251465,-0.15219199657440186,0.43861499428749084,-0.06760364770889282,-0.9043052196502686,0.8196583390235901,0.2191535234451294,0.3005019426345825,0.20236992835998535,-0.44332000613212585,-0.6569274067878723
0.05475799999999998,0.0034223749999999996,16.0,1.733669310347877,-0.8822210853717254,0.15366289110929646,-0.0016485647666594715,-6.458681940952486e-5,-0.0007554663390720777,0.06863609123270767,0.0038304030895233154,0.12460248172283173,-0.1496533453464508,0.4261830449104309,-0.08158251643180847,-0.8996086120605469,0.8121073842048645,0.2195732593536377,0.3116665482521057,0.19432306289672852,-0.44688549637794495,-0.6449278593063354
0.05475799999999998,0.0034223749999999996,16.0,1.7083234731130241,-0.8569790996993862,0.15396071631266306,-0.0014628518432215389,-5.773414380292598e-5,-0.0006722558913104939,0.06864297982412348,0.0041401684284210205,0.12267419695854187,-0.1460760235786438,0.4063494801521301,-0.09580574184656143,-0.8891358375549316,0.8038315176963806,0.22221067547798157,0.33226048946380615,0.18541240692138672,-0.44763270020484924,-0.6277808547019958
0.05475799999999998,0.0034223749999999996,16.0,1.6821340485978262,-0.8309778660047281,0.15422796910775954,-0.0012798697726830281,-4.97447641861642e-5,-0.0005898528756112206,0.06864624584743739,0.0038742125034332275,0.12008900940418243,-0.14162522554397583,0.3816297948360443,-0.10857132822275162,-0.8702917098999023,0.7948450446128845,0.22633233666419983,0.3607266843318939,0.17515087127685547,-0.44643259048461914,-0.6072372794151306
0.05475799999999998,0.0034223749999999996,16.0,1.655008055352881,-0.8041523994208841,0.1545570796625105,-0.0011261238635661207,-3.849429826909168e-5,-0.0005183459505032584,0.06865259388492802,0.0033074021339416504,0.11777745187282562,-0.1350594162940979,0.3442903757095337,-0.12455537915229797,-0.8208887577056885,0.7758802175521851,0.23820501565933228,0.3723123371601105,0.17341232299804688,-0.41110342741012573,-0.5819944143295288
0.05475799999999998,0.0034223749999999996,16.0,1.6269156441125057,-0.7765731282220942,0.1548251217947689,-0.0009954957193714109,-2.8664338734740214e-5,-0.0004591745786217517,0.0686515422856689,0.0032988786697387695,0.1099376454949379,-0.12117812037467957,0.2906685173511505,-0.13802538812160492,-0.765455961227417,0.7408938407897949,0.26274654269218445,0.3569519519805908,0.19243836402893066,-0.2962375581264496,-0.553473711013794
0.05475799999999998,0.0034223749999999996,16.0,1.597930269232379,-0.7481089192973148,0.15499770257792744,-0.0008195552870063506,-2.0806291741548834e-5,-0.0003796512287993843,0.06863829160893431,0.0024906396865844727,0.10417657345533371,-0.10856819152832031,0.24297863245010376,-0.14447520673274994,-0.6797294616699219,0.6935858726501465,0.28629130125045776,0.3404565155506134,0.21586060523986816,-0.19169537723064423,-0.5297472476959229
0.05475799999999998,0.0034223749999999996,16.0,1.5681279847096814,-0.7187788926283324,0.15511883814071617,-0.0006866670583378002,-1.5755225638893926e-5,-0.0003196311742585329,0.06862075287770583,0.0023956596851348877,0.09776903688907623,-0.09672385454177856,0.19935600459575653,-0.14824214577674866,-0.5802443027496338,0.629107654094696,0.3068339228630066,0.3166487514972687,0.24210882186889648,-0.09316617995500565,-0.5070386528968811
0.05475799999999998,0.0034223749999999996,16.0,1.537658173035787,-0.688584708281259,0.15517112532752508,-0.000513458737408857,-1.060780299257643e-5,-0.0002396144744710686,0.06860184716060815,-0.03396797180175781,0.10038114339113235,-0.08843886852264404,0.24317936599254608,-0.04885868355631828,-0.6206190586090088,0.3740040063858032,0.4064446985721588,0.4681895673274994,0.572577714920044,-0.10780110955238342,-0.6501833200454712
0.05475799999999998,0.0034223749999999996,16.0,1.5065790235261443,-0.6575282494101672,0.1551251719110248,-0.00031950821411731413,-5.877961021983579e-6,-0.00014895919489278298,0.06858772909455095,-0.0332011878490448,0.09253814071416855,-0.08294859528541565,0.21116900444030762,-0.031588274985551834,-0.46605682373046875,0.2882061302661896,0.3939110040664673,0.4494306445121765,0.6041436195373535,-0.09632080793380737,-0.6057220697402954
0.05475799999999998,0.0034223749999999996,16.0,1.4746915826220472,-0.6256019237318586,0.15505221630954122,-0.00014459187218503425,-2.579341023207971e-6,-6.738200832350835e-5,0.06857788825479666,-0.032126545906066895,0.08944281935691833,-0.0827096700668335,0.19865962862968445,-0.0070617226883769035,-0.29796385765075684,0.19129715859889984,0.3665655255317688,0.4427815079689026,0.6117568016052246,-0.1734739989042282,-0.5658464431762695
0.05475799999999998,0.0034223749999999996,16.0,1.4419522572688785,-0.592862355159523,0.15501614047000312,2.6415962168238448e-5,4.89815928029193e-7,1.2314227907334644e-5,0.06857163540046082,-0.031113624572753906,0.08617164194583893,-0.08079838752746582,0.19118979573249817,0.01574326865375042,-0.1549088954925537,0.1113070696592331,0.34308022260665894,0.4495202302932739,0.5981099605560303,-0.26807209849357605,-0.5348379015922546
0.05475799999999998,0.0034223749999999996,16.0,1.4083660348046054,-0.5592376074396882,0.1549487494966214,0.00019844470002577762,3.7276578032536917e-6,9.243399525276822e-5,0.06856968245782212,-0.029528051614761353,0.08665385097265244,-0.08448061347007751,0.19877231121063232,0.025527335703372955,-0.07252883911132812,0.06821764260530472,0.31447145342826843,0.4642113745212555,0.5734472274780273,-0.357822060585022,-0.5138533115386963
0.05475799999999998,0.0034223749999999996,16.0,1.373909382700736,-0.5247709692364716,0.15486516512704024,0.00038505167108767276,7.13884613810298e-6,0.0001792193796780546,0.06856872808224114,-0.027937889099121094,0.08645453304052353,-0.0874345600605011,0.2004433572292328,0.030903052538633347,-0.054526567459106445,0.06257352977991104,0.3008773922920227,0.48548421263694763,0.5527803897857666,-0.3936273753643036,-0.5019230842590332
0.05475799999999998,0.0034223749999999996,16.0,1.3386242421053536,-0.4895150547190146,0.15488843930290028,0.0005368593005325378,1.0147938431527287e-5,0.00024996741702810235,0.06856773201671575,-0.0275648832321167,0.08531239628791809,-0.08727365732192993,0.196939155459404,0.032479848712682724,-0.03810906410217285,0.0585738867521286,0.2957305312156677,0.49231383204460144,0.5448639392852783,-0.40358883142471313,-0.4932829737663269
0.05475799999999998,0.0034223749999999996,16.0,1.3024615669179647,-0.4533847480924676,0.15483638048227633,0.0007026904795044668,1.3296871840533566e-5,0.00032704929398038284,0.06856663957865286,-0.028092503547668457,0.08633622527122498,-0.08907097578048706,0.19642719626426697,0.035691309720277786,-0.02182626724243164,0.06262975931167603,0.2952146530151367,0.510336697101593,0.5410690307617188,-0.42547672986984253,-0.49227088689804077
0.05475799999999998,0.0034223749999999996,16.0,1.2654575533318797,-0.41641008603781826,0.1547813418858176,0.0008760192720870693,1.6533197909034503e-5,0.0004075445993318503,0.06856540056209301,-0.029315710067749023,0.08774633705615997,-0.09105578064918518,0.19596153497695923,0.03651125729084015,-0.009144067764282227,0.0709468424320221,0.29668718576431274,0.5225578546524048,0.5429930686950684,-0.4394114017486572,-0.49331972002983093
0.05475799999999998,0.0034223749999999996,16.0,1.2276221636816778,-0.378598184905386,0.15469368751880652,0.0010632048521017846,2.0154214887212845e-5,0.0004944660359970344,0.0685635136959758,-0.030577242374420166,0.08936052024364471,-0.09385469555854797,0.19666779041290283,0.0350068174302578,0.00026297569274902344,0.08113373816013336,0.29692327976226807,0.5307232141494751,0.5460574626922607,-0.4502514898777008,-0.4943164587020874
0.05475799999999998,0.0034223749999999996,16.0,1.1889528090353008,-0.3399570910843738,0.15467663165522863,0.001244748395523177,2.4024427664107902e-5,0.0005788141975923854,0.06856205241405523,-0.03169095516204834,0.09027222543954849,-0.09546762704849243,0.19466127455234528,0.038120564073324203,0.017479419708251953,0.08930282294750214,0.3003668189048767,0.5493342876434326,0.5450015068054199,-0.4663757383823395,-0.4957732558250427
0.05475799999999998,0.0034223749999999996,16.0,1.1494726257737387,-0.30054351598669354,0.15467486031287295,0.0013647528854792144,2.6984007641733483e-5,0.000634746924626957,0.06856195387082083,-0.032708197832107544,0.0895766094326973,-0.09517934918403625,0.1890988051891327,0.0425114706158638,0.03502511978149414,0.09314924478530884,0.3049151599407196,0.5635082125663757,0.5430030822753906,-0.4717475473880768,-0.4947514832019806
0.05475799999999998,0.0034223749999999996,16.0,1.109173953175335,-0.2602719249251681,0.15464187705533336,0.0015160986560847384,3.0368445731635617e-5,0.000705269832185492,0.06856112367061837,-0.03376281261444092,0.08921340107917786,-0.09564530849456787,0.18625327944755554,0.038214556872844696,0.03919696807861328,0.09918771684169769,0.30282479524612427,0.555597722530365,0.5478754043579102,-0.4605027139186859,-0.48985743522644043
0.05475799999999998,0.0034223749999999996,16.0,1.0680096578466387,-0.21909119113245146,0.15449668216130635,0.0016718648905915262,3.498513031678786e-5,0.0007780393951176197,0.06855741258582593,-0.03627574443817139,0.09178671985864639,-0.10024908185005188,0.18770508468151093,0.039783038198947906,0.04351615905761719,0.11870121955871582,0.3040834069252014,0.5665899515151978,0.5562655925750732,-0.4688180685043335,-0.49265256524086
0.05475799999999998,0.0034223749999999996,16.0,1.026813613965359,-0.17580651421588625,0.1571568108177756,0.0018132078989111543,2.6220728571808867e-5,0.0008496906653042927,0.06847747251793768,-0.03939887881278992,0.0911044105887413,-0.0989571213722229,0.17617212235927582,0.039040692150592804,0.05839252471923828,0.12720850110054016,0.31212741136550903,0.5558528304100037,0.570631742477417,-0.44313833117485046,-0.4892526865005493
0.05475799999999998,0.0034223749999999996,16.0,0.9839323773240213,-0.13296672631760792,0.15712293439244604,0.0019118675834070942,3.1873695912194425e-5,0.0008969878683065353,0.06847343590508852,-0.0469241738319397,0.09617620706558228,-0.10290446877479553,0.16775204241275787,0.04854907840490341,0.07545781135559082,0.1711626946926117,0.3351595103740692,0.5827440619468689,0.6018400192260742,-0.4413555860519409,-0.5040731430053711
0.05475799999999998,0.0034223749999999996,16.0,0.9401531575766255,-0.08930170251403678,0.15711679624801628,0.0018901868870878002,3.1650222648704375e-5,0.0008899007410256104,0.0684710431260218,-0.05055704712867737,0.10350588709115982,-0.10777929425239563,0.15491735935211182,0.06933355331420898,0.060967445373535156,0.13570638000965118,0.37222519516944885,0.4647815227508545,0.7113897800445557,-0.35119694471359253,-0.5281949639320374
0.05475799999999998,0.0034223749999999996,16.0,0.8948296375197949,-0.0456154681634256,0.15408213623673966,0.0017627088559591675,2.6669585506199055e-5,0.0008329809139940733,0.06852560698959033,-0.059599727392196655,0.12942597270011902,-0.1181175708770752,0.159447580575943,0.05907073989510536,0.011537790298461914,0.015151267871260643,0.4352375864982605,0.09854856878519058,0.9801139831542969,-0.16026000678539276,-0.595217227935791
0.05475799999999998,0.0034223749999999996,16.0,0.8485601215649518,-0.00036232259920379134,0.1534733855257792,9.377602361995199e-5,9.700571107904718e-7,4.450322592972034e-5,0.06848622398370155,-0.12402874231338501,0.03942827135324478,-0.1448383629322052,0.07048238813877106,-0.5163221955299377,0.20630478858947754,0.6968970894813538,-0.048857271671295166,0.47027283906936646,0.7541794776916504,0.05788993835449219,-0.017862558364868164
0.05475799999999998,0.0034223749999999996,16.0,0.8922862720143303,0.044132412859761216,0.15559049407257267,-0.0017152707802755994,-5.2310334994630464e-5,-0.0008377852420879251,0.06830942921733658,-0.190179705619812,0.05390705540776253,-0.1462121605873108,0.2475654035806656,-0.7241060733795166,0.3306562900543213,0.4893544912338257,-0.02677065134048462,-0.5270437002182007,1.3408384323120117,0.3543417751789093,-0.21377509832382202
0.05475799999999998,0.0034223749999999996,16.0,0.9351560528986841,0.08942315869723746,0.15600164438881856,-0.0019105555792372677,-2.207080555733459e-5,-0.0009380253257001591,0.06816336167641432,-0.24126186966896057,0.08614096790552139,-0.12475553154945374,0.549940824508667,-0.7827274799346924,0.43515849113464355,0.20992907881736755,0.05969640612602234,-1.1995433568954468,1.6828484535217285,0.487824946641922,-0.6036529541015625
0.05475799999999998,0.0034223749999999996,16.0,0.9780384965887362,0.13370606121676193,0.15641539750840264,-0.0019037453408158633,-7.507443847369025e-6,-0.0009289936982944082,0.06808907394843558,-0.26016899943351746,0.10930590331554413,-0.1141849160194397,0.6845880150794983,-0.7892397046089172,0.48020684719085693,0.17576541006565094,0.09857434034347534,-1.417974591255188,1.7698655128479004,0.4347805082798004,-0.7782776355743408
0.05475799999999998,0.0034223749999999996,16.0,1.0205192465641204,0.17681847636907744,0.15651512366485348,-0.001797214161604665,-5.027876885862502e-6,-0.0008745182856834932,0.06806986990276044,-0.26891079545021057,0.11822459101676941,-0.11304914951324463,0.6983447670936584,-0.8297298550605774,0.5049494504928589,0.19208909571170807,0.1338219940662384,-1.4893345832824707,1.796003818511963,0.4345462918281555,-0.8275748491287231
0.05475799999999998,0.0034223749999999996,16.0,1.062343867808586,0.2189460472612849,0.15653732863003145,-0.0016476299917560359,-3.9853780233500825e-6,-0.0008000703962083163,0.06806124115364572,-0.27198365330696106,0.1237829327583313,-0.11252215504646301,0.7144079208374023,-0.8362746834754944,0.5189131498336792,0.18523477017879486,0.1458764672279358,-1.5174167156219482,1.7987031936645508,0.44334518909454346,-0.8559866547584534
0.05475799999999998,0.0034223749999999996,16.0,1.1033618636404037,0.2601657460725616,0.1564857859027063,-0.0014610648915202105,-3.990736499637691e-6,-0.0007096145211768386,0.06806247509659054,-0.27539119124412537,0.1274997889995575,-0.11413297057151794,0.7037515044212341,-0.8554525375366211,0.534502387046814,0.20178546011447906,0.1651514172554016,-1.5331823825836182,1.8030328750610352,0.454166442155838,-0.8647199869155884
0.05475799999999998,0.0034223749999999996,16.0,1.1436445161316426,0.300590586194414,0.15649365408162896,-0.0013759040779816462,-4.4822973185534616e-6,-0.0006663692764294019,0.06805496031262855,-0.27607718110084534,0.13214993476867676,-0.11494395136833191,0.7150743007659912,-0.846725583076477,0.5542641878128052,0.23071984946727753,0.17264828085899353,-1.5584399700164795,1.7907476425170898,0.4546172320842743,-0.8838621973991394
0.05475799999999998,0.0034223749999999996,16.0,1.1831038470820445,0.34017992680948356,0.1565074087839996,-0.0011834261107474845,-3.4894545270964674e-6,-0.0005712317448421582,0.06804226507714262,-0.2761441767215729,0.13799993693828583,-0.11262750625610352,0.7540549039840698,-0.820711612701416,0.574410080909729,0.23438164591789246,0.16767579317092896,-1.5889288187026978,1.776505470275879,0.4589291512966156,-0.9183323979377747
0.05475799999999998,0.0034223749999999996,16.0,1.2216791677954708,0.3789428130138024,0.15649863744180406,-0.0010360767085381875,-3.3157911122967047e-6,-0.0004992258840746832,0.06803717457581054,-0.2778303325176239,0.14321812987327576,-0.11213922500610352,0.771340548992157,-0.8213424682617188,0.5962033271789551,0.24813500046730042,0.17602378129959106,-1.6178580522537231,1.7654166221618652,0.47083884477615356,-0.9443101286888123
0.05475799999999998,0.0034223749999999996,16.0,1.2594171308622493,0.41684480753855746,0.15643884629922863,-0.000856219958622327,-3.397302576131963e-6,-0.00041240097948393997,0.06803899525958632,-0.28036555647850037,0.14764326810836792,-0.11351671814918518,0.7664546966552734,-0.8386223912239075,0.6210132837295532,0.2793228328227997,0.19388052821159363,-1.642443060874939,1.7571539878845215,0.4847535789012909,-0.9574923515319824
0.05475799999999998,0.0034223749999999996,16.0,1.2963530044257057,0.4539243206785086,0.1563922691849967,-0.0006872322035631607,-3.252482748758382e-6,-0.0003306225281109797,0.06803865788698885,-0.2819918692111969,0.15241165459156036,-0.11445000767707825,0.7692407369613647,-0.8482943177223206,0.6472033262252808,0.3120324909687042,0.2071443498134613,-1.669112205505371,1.742292881011963,0.49692222476005554,-0.9738188982009888
0.05475799999999998,0.0034223749999999996,16.0,1.332469944261313,0.4901942107809012,0.15637911176372443,-0.0005229533663543741,-2.8121465261184242e-6,-0.0002510470043081088,0.06803454388086405,-0.283099502325058,0.1578887552022934,-0.11418342590332031,0.7837691307067871,-0.8560152649879456,0.6784995794296265,0.3449252247810364,0.2165883183479309,-1.7068383693695068,1.7196102142333984,0.5148642659187317,-0.9981744289398193
0.05475799999999998,0.0034223749999999996,16.0,1.3676985213371315,0.5256541575313076,0.15640034390323365,-0.00036046490333221676,-1.9849728928303955e-6,-0.0001724903989880104,0.06802537191589308,-0.2850799262523651,0.1642758995294571,-0.11160853505134583,0.810448408126831,-0.8729990720748901,0.7132656574249268,0.36220768094062805,0.22615909576416016,-1.7602399587631226,1.6949667930603027,0.5529114007949829,-1.0349059104919434
0.05475799999999998,0.0034223749999999996,16.0,1.4020765377533884,0.560313768067682,0.1564724132725684,-0.00020404541858612548,-1.1416836978247605e-6,-9.723538178469789e-5,0.0680135298947542,-0.28666940331459045,0.17113430798053741,-0.10697942972183228,0.8435534238815308,-0.907945454120636,0.7567368745803833,0.3820251524448395,0.23666751384735107,-1.8324335813522339,1.654695987701416,0.6191500425338745,-1.0791226625442505
0.05475799999999998,0.0034223749999999996,16.0,1.435544860233473,0.5941539780463593,0.15660911251613624,-6.315837676846093e-5,-3.712379720711484e-7,-2.9910679851215197e-5,0.06800226294669715,-0.27549758553504944,0.16597174108028412,-0.09179094433784485,0.911151647567749,-0.9952054619789124,0.8027641773223877,0.36457642912864685,0.21997717022895813,-1.8928308486938477,1.4995462894439697,0.8799475431442261,-1.131178855895996
0.05475799999999998,0.0034223749999999996,16.0,1.4682651671406026,0.6271217747920643,0.15696483940983316,0.00011974935707701789,6.339741043788492e-7,5.603628659903696e-5,0.06798529033866803,-0.2552932798862457,0.1518814116716385,-0.06485706567764282,1.0053155422210693,-1.0941349267959595,0.8254116773605347,0.31037789583206177,0.18146860599517822,-1.90056574344635,1.2524945735931396,1.2441829442977905,-1.1881458759307861
0.05475799999999998,0.0034223749999999996,16.0,1.5005004701252997,0.6573255908421481,0.15498997433576486,0.00029176883231234765,2.4979016347552045e-6,0.00013419591954222314,0.06811401353692366,-0.22847124934196472,0.13397403061389923,-0.031684696674346924,1.1006360054016113,-1.1564853191375732,0.7800420522689819,0.24729113280773163,0.13143548369407654,-1.8356600999832153,0.9751706123352051,1.577946424484253,-1.2344437837600708
0.05475799999999998,0.0034223749999999996,16.0,1.5321575279576007,0.6881081285541459,0.15580611448698245,0.00046892382724646615,3.559314923133543e-6,0.0002113672439641625,0.06812111791322623,-0.19913479685783386,0.10758718103170395,0.003784745931625366,1.1443207263946533,-1.228403091430664,0.7492960691452026,0.23260262608528137,0.09174466133117676,-1.7494304180145264,0.6419157981872559,1.9647427797317505,-1.239233374595642
0.05475799999999998,0.0034223749999999996,16.0,1.5632629851269957,0.7177900246175656,0.15686291659303137,0.0006704075930113392,3.258883337914432e-6,0.00029829734742107893,0.06812669206518718,-0.169994056224823,0.07291953265666962,0.0741758644580841,1.1341865062713623,-0.15588846802711487,0.17430496215820312,-0.11371409893035889,-0.14604860544204712,-2.0849554538726807,1.0816588401794434,1.640341877937317,-0.9889600276947021
0.05475799999999998,0.0034223749999999996,16.0,1.5934943928640721,0.746495960072012,0.1580730569537928,0.0008147014137453797,-1.5215526811223498e-7,0.0003612235244644603,0.06813842841276191,-0.14308637380599976,0.058129217475652695,0.09332790970802307,1.139891266822815,-0.10218749940395355,0.014379739761352539,-0.17483720183372498,-0.18421804904937744,-2.012474775314331,0.9244508743286133,1.704113483428955,-0.9561123847961426
0.05475799999999998,0.0034223749999999996,16.0,1.6227834559102334,0.7744601086437489,0.15916413652842248,0.0009993195720836066,-5.544229142775774e-6,0.0004441669281964255,0.0681560624380663,-0.12401682138442993,0.04936644062399864,0.1093532145023346,1.1439204216003418,-0.04765341058373451,-0.11388778686523438,-0.22831860184669495,-0.20980501174926758,-1.958369255065918,0.8093209266662598,1.6979663372039795,-0.9340726137161255
0.05475799999999998,0.0034223749999999996,16.0,1.6512110239525437,0.801595538152152,0.1600518215921087,0.0011342831342391294,-1.2948486163859564e-5,0.0005093710399143097,0.06818809544785234,-0.10616424679756165,0.03733731433749199,0.11857965588569641,1.1085819005966187,-0.005581907462328672,-0.2353055477142334,-0.271045058965683,-0.22572368383407593,-1.8861634731292725,0.719158411026001,1.702094554901123,-0.8824501037597656
0.05475799999999998,0.0034223749999999996,16.0,1.6786792025577855,0.8281678147055821,0.16065852394304553,0.0012929924096219678,-1.9556254234665577e-5,0.0005842858715845731,0.06821584351118404,-0.09741157293319702,0.034704603254795074,0.1257910430431366,1.105285882949829,0.03234027698636055,-0.28900146484375,-0.29655182361602783,-0.23133432865142822,-1.8714869022369385,0.6731851100921631,1.668257713317871,-0.8733895421028137
0.05475799999999998,0.0034223749999999996,16.0,1.7052075421764754,0.8540573771572945,0.1609635140717191,0.0014815757541799858,-2.4298265163593387e-5,0.000668789139517654,0.06824115804831814,-0.09423461556434631,0.036446813493967056,0.13068833947181702,1.1204338073730469,0.05428347364068031,-0.3086395263671875,-0.31562572717666626,-0.23340493440628052,-1.8802118301391602,0.6543114185333252,1.6299976110458374,-0.8863956928253174
0.05475799999999998,0.0034223749999999996,16.0,1.7307474256979218,0.8792803314716994,0.16117146336101118,0.0016735455978059122,-2.8875958971207602e-5,0.0007548241221952527,0.06825464222672119,-0.09207254648208618,0.03876066580414772,0.13449516892433167,1.1335248947143555,0.07127446681261063,-0.32424068450927734,-0.33169353008270264,-0.2340570092201233,-1.8872205018997192,0.6408801078796387,1.5967036485671997,-0.8987650871276855
0.05475799999999998,0.0034223749999999996,16.0,1.75534677258891,0.9037214686232613,0.16129704089598482,0.001887332273782414,-3.3842381010367556e-5,0.0008508106022925923,0.06826275440908973,-0.0901896059513092,0.04018013924360275,0.1361663043498993,1.1382534503936768,0.08404417335987091,-0.3293640613555908,-0.33983445167541504,-0.23112326860427856,-1.8975039720535278,0.6350107192993164,1.582946538925171,-0.9064979553222656
0.05475799999999998,0.0034223749999999996,16.0,1.7790431507697801,0.9273941875535697,0.16133735655416676,0.0020455090159561978,-3.761315839634947e-5,0.0009220469060639454,0.06826426998006507,-0.0893239974975586,0.04125610366463661,0.1368054449558258,1.1414514780044556,0.08825433254241943,-0.3356039524078369,-0.3475325405597687,-0.228182852268219,-1.9020358324050903,0.6342558860778809,1.578406572341919,-0.9126715660095215
0.05475799999999998,0.0034223749999999996,16.0,1.8018696138744317,0.9502500705548063,0.16137322687433786,0.0022452459805846433,-4.235970689603634e-5,0.0010119553351425974,0.06826473274832007,-0.08860993385314941,0.04239241033792496,0.13700780272483826,1.1428542137145996,0.09246084094047546,-0.3383595943450928,-0.3532383441925049,-0.22436845302581787,-1.9087457656860352,0.6364223957061768,1.5776879787445068,-0.9179524779319763
0.05475799999999998,0.0034223749999999996,16.0,1.823853851226297,0.9723007739887172,0.16147009595460574,0.0024496249541928767,-4.7542735854632294e-5,0.0011033847123552236,0.06826252889820264,-0.0878412127494812,0.04451977089047432,0.1389988362789154,1.1503252983093262,0.10185374319553375,-0.3459029197692871,-0.36167970299720764,-0.22322094440460205,-1.9136823415756226,0.6315271854400635,1.5613880157470703,-0.9265466928482056
0.05475799999999998,0.0034223749999999996,16.0,1.8450922922063926,0.9935176450004697,0.16152264506386346,0.002664550194687647,-5.199410948305098e-5,0.0011999179354232321,0.06826424525136722,-0.08711576461791992,0.0461258627474308,0.14046695828437805,1.1560866832733154,0.10842755436897278,-0.3532397747039795,-0.37093931436538696,-0.2220112681388855,-1.9170936346054077,0.628166913986206,1.550256609916687,-0.9335041046142578
0.05475799999999998,0.0034223749999999996,16.0,1.8654132308403004,1.0138165564460015,0.16144025189065317,0.002880287756583495,-5.7380173875770765e-5,0.0012959904738293591,0.0682688965993073,-0.08674642443656921,0.04825068637728691,0.14378318190574646,1.1707569360733032,0.11179818212985992,-0.37732720375061035,-0.39171192049980164,-0.2261027693748474,-1.9064829349517822,0.6156563758850098,1.5206860303878784,-0.9438422322273254
0.05475799999999998,0.0034223749999999996,16.0,1.8849219326178814,1.033443986659909,0.16170375729762893,0.0030493783130664674,-6.176467309459235e-5,0.0013711419253400604,0.06826753292091362,-0.086357980966568,0.05057903379201889,0.14683809876441956,1.1813945770263672,0.12039003521203995,-0.39037013053894043,-0.40402019023895264,-0.22741180658340454,-1.9057300090789795,0.6070520877838135,1.4984807968139648,-0.9530626535415649
0.05475799999999998,0.0034223749999999996,16.0,1.9035902853455806,1.0521999615625346,0.1618588863756893,0.003240470363812502,-6.70080100143854e-5,0.0014555209728163935,0.06826711914381359,-0.08576768636703491,0.0535491518676281,0.1509057581424713,1.1939088106155396,0.13463348150253296,-0.4025568962097168,-0.4156969487667084,-0.22970175743103027,-1.9060498476028442,0.5939157009124756,1.4675848484039307,-0.963173508644104
0.05475799999999998,0.0034223749999999996,16.0,1.921416218224536,1.0700162339347976,0.1617826620473204,0.003405416067780519,-7.117071157473472e-5,0.0015305755132839468,0.06826895232659935,-0.08559787273406982,0.05306500196456909,0.14982107281684875,1.194105863571167,0.12615948915481567,-0.41250038146972656,-0.42824652791023254,-0.22824841737747192,-1.9004216194152832,0.5976173877716064,1.4757925271987915,-0.9647967219352722
0.05475799999999998,0.0034223749999999996,16.0,1.938401504127024,1.0870513299037539,0.16184083228975668,0.0036001890599268796,-7.695183432646347e-5,0.0016179518407381033,0.06826838308243544,-0.08534738421440125,0.053984254598617554,0.15089717507362366,1.1981310844421387,0.12989723682403564,-0.4204583168029785,-0.4385877847671509,-0.22792959213256836,-1.9009228944778442,0.5954201221466064,1.4709231853485107,-0.9691123366355896
0.05475799999999998,0.0034223749999999996,16.0,1.9545666322629904,1.1033094248146322,0.16198423442253596,0.0037721460259144183,-8.227702621226294e-5,0.0016941391688122538,0.06826768539369513,-0.08492434024810791,0.055677853524684906,0.15223583579063416,1.2022675275802612,0.1384618729352951,-0.4238123893737793,-0.444980651140213,-0.2269161343574524,-1.9065442085266113,0.5925202369689941,1.4598747491836548,-0.9742684364318848
0.05475799999999998,0.0034223749999999996,16.0,1.9699041550797507,1.1185723486526828,0.1618119408565176,0.003941311008578001,-8.731406360119096e-5,0.0017698392466434267,0.0682721007761356,-0.08444607257843018,0.05555304139852524,0.15220698714256287,1.2026855945587158,0.13840295374393463,-0.43081235885620117,-0.45432695746421814,-0.2258239984512329,-1.9066306352615356,0.592970609664917,1.4647190570831299,-0.9757952690124512
0.05475799999999998,0.0034223749999999996,16.0,1.984451785432148,1.133071060104756,0.16180989463838313,0.0040750661301187045,-9.088544530296352e-5,0.0018300215885849085,0.06827587799052108,-0.08396711945533752,0.055576566606760025,0.1529470980167389,1.206373691558838,0.13762535154819489,-0.44354915618896484,-0.46591585874557495,-0.22654980421066284,-1.9015532732009888,0.588564395904541,1.4612696170806885,-0.978696346282959
0.05475799999999998,0.0034223749999999996,16.0,1.9981947207240287,1.146754564193438,0.16180811462647596,0.004193891098857492,-9.361611096870587e-5,0.0018833104369320385,0.06828070084777296,-0.08307570219039917,0.05564342811703682,0.15348437428474426,1.2081072330474854,0.14122158288955688,-0.4515047073364258,-0.4733631908893585,-0.22630256414413452,-1.9011985063552856,0.5841648578643799,1.4587730169296265,-0.9806913137435913
0.05475799999999998,0.0034223749999999996,16.0,2.0111158193142513,1.159729526439158,0.16202701039742806,0.004320109718362498,-9.63214812715565e-5,0.001941232430297795,0.06828036622125104,-0.0824970006942749,0.055870138108730316,0.15452733635902405,1.211181640625,0.14693497121334076,-0.45897769927978516,-0.4804217219352722,-0.22679024934768677,-1.9073210954666138,0.5795447826385498,1.4576475620269775,-0.9832754135131836
0.05475799999999998,0.0034223749999999996,16.0,2.0231528001650596,1.171695529072928,0.16193463602061697,0.004454134647502346,-0.00010047477233776053,0.0019981389968815443,0.06828722099793264,-0.08200815320014954,0.058722708374261856,0.16096678376197815,1.2296061515808105,0.15958985686302185,-0.48415207862854004,-0.49612370133399963,-0.23456037044525146,-1.8981797695159912,0.55399489402771,1.4138877391815186,-0.9936363101005554
0.05475799999999998,0.0034223749999999996,16.0,2.0343490118497227,1.182928429151938,0.16202803360849,0.0045927181409669195,-0.00010492169029003589,0.002057385591194027,0.06828949471542795,-0.08165612816810608,0.06168202683329582,0.16587910056114197,1.241784691810608,0.17441995441913605,-0.49784088134765625,-0.5056018829345703,-0.23867321014404297,-1.8983848094940186,0.5369594097137451,1.3802286386489868,-1.0015431642532349
0.05475799999999998,0.0034223749999999996,16.0,2.044768431170261,1.193360475661431,0.1621014149359477,0.004725921532250762,-0.00010719429034699012,0.002114111719580263,0.06829444752198632,-0.08129408955574036,0.06542904675006866,0.17152974009513855,1.2536792755126953,0.1944761574268341,-0.5064036846160889,-0.5114693641662598,-0.24280112981796265,-1.9008692502975464,0.5166466236114502,1.3398303985595703,-1.0091826915740967
0.05475799999999998,0.0034223749999999996,16.0,2.054323733100626,1.203017080408174,0.16231959021617598,0.004878471018759673,-0.0001106805684264342,0.002181185734346331,0.06829471506281735,-0.08120277523994446,0.06820324808359146,0.17508038878440857,1.2610392570495605,0.2083951234817505,-0.5125885009765625,-0.5174885988235474,-0.24467432498931885,-1.9038619995117188,0.5051841735839844,1.314100742340088,-1.014587163925171
0.05475799999999998,0.0034223749999999996,16.0,2.063588369712026,1.2130419761106706,0.16574911902405823,0.005089752305322013,-0.00017099065824091242,0.0022784287789804664,0.06816392964537497,-0.08265882730484009,0.07068852335214615,0.17014876008033752,1.248645544052124,0.22670777142047882,-0.47220468521118164,-0.5019436478614807,-0.2311517596244812,-1.9493416547775269,0.5390925407409668,1.344568133354187,-1.0161763429641724
0.05475799999999998,0.0034223749999999996,16.0,2.071487735005539,1.2210252490970366,0.16592481819388022,0.005324093489862293,-0.00017885227174712617,0.002379749177985575,0.06816903172793695,-0.08313798904418945,0.07521199434995651,0.17636260390281677,1.263508677482605,0.24479304254055023,-0.48581695556640625,-0.5119594931602478,-0.2373637557029724,-1.9437336921691895,0.5159003734588623,1.2905731201171875,-1.0245450735092163
0.05475799999999998,0.0034223749999999996,16.0,2.078526977124228,1.22812752260316,0.16601254956690717,0.005683614347731171,-0.0001916017419726095,0.00253911473019439,0.06817150029716944,-0.08298751711845398,0.0772644579410553,0.17770740389823914,1.2631208896636963,0.2596327066421509,-0.48055243492126465,-0.5124858021736145,-0.23626136779785156,-1.9505730867385864,0.5130212306976318,1.2781143188476562,-1.0253013372421265
0.05475799999999998,0.0034223749999999996,16.0,2.084735207197965,1.2344385365968982,0.16619964746299146,0.006284532237264825,-0.000213333905152079,0.002803502595011581,0.06817688670690439,-0.08367890119552612,0.08064703643321991,0.18246641755104065,1.2741856575012207,0.2717679738998413,-0.4962763786315918,-0.5272405743598938,-0.24124878644943237,-1.9405319690704346,0.49353909492492676,1.2322337627410889,-1.0310523509979248
0.05475799999999998,0.0034223749999999996,16.0,2.090119789449747,1.2398701937099093,0.1662333814016929,0.007647867854074928,-0.0002629452285304245,0.003413526328545199,0.06818107730212426,-0.08398202061653137,0.08262289315462112,0.1838216483592987,1.2739427089691162,0.2826603055000305,-0.5035107135772705,-0.5444226861000061,-0.24057024717330933,-1.9356099367141724,0.48902440071105957,1.2092199325561523,-1.0312745571136475
0.05475799999999998,0.0034223749999999996,16.0,2.094580467656545,1.2444847111312527,0.16624660399759322,0.014168637187273616,-0.0005274076483602142,0.006343583148805083,0.06819307276553789,-0.087495356798172,0.08609503507614136,0.18574032187461853,1.2689690589904785,0.29770782589912415,-0.5559768676757812,-0.632331907749176,-0.2393779754638672,-1.8948242664337158,0.48705196380615234,1.1455143690109253,-1.0262318849563599
0.05475799999999998,0.0034223749999999996,16.0,2.066477252226988,-1.2432947023996872,0.14202124745695552,-0.01398584763160219,-0.00036958824306766963,-0.006393374728441734,0.06853448557794069,0.012469962239265442,0.1274067461490631,-0.1599610149860382,0.590359091758728,0.09431605786085129,-1.0630149841308594,0.7352357506752014,0.21819278597831726,-0.026184283196926117,0.2834358215332031,-0.07006505876779556,-0.8090574145317078
0.05475799999999998,0.0034223749999999996,16.0,2.0619547012163117,-1.2386929688566921,0.1420190187702615,-0.007542390111661002,-0.00019501191434500366,-0.003453693807239803,0.06852621455105974,0.012786313891410828,0.13007982075214386,-0.1599462330341339,0.5884829759597778,0.06632880866527557,-1.0529921054840088,0.7418063282966614,0.21588599681854248,-0.027864105999469757,0.3065822124481201,-0.11328989267349243,-0.8044110536575317
0.05475799999999998,0.0034223749999999996,16.0,2.0565588490066076,-1.2332857673881654,0.14198827827468774,-0.006194425143484555,-0.00015926608989292582,-0.002836558441812742,0.06852184980009787,0.011447310447692871,0.13282513618469238,-0.16087988018989563,0.5894016623497009,0.06122518330812454,-1.043229341506958,0.7426570057868958,0.21349406242370605,-0.019823862239718437,0.3089931011199951,-0.1460278481245041,-0.8026972413063049
0.05475799999999998,0.0034223749999999996,16.0,2.05034695523142,-1.227106289014897,0.14197411120765172,-0.005600891700829293,-0.0001441309940916596,-0.0025650497106461836,0.06851970562929792,0.010682761669158936,0.13261829316616058,-0.16163450479507446,0.583107590675354,0.05884365737438202,-1.0370559692382812,0.7520371675491333,0.21475538611412048,-0.004296767525374889,0.3082871437072754,-0.1666850447654724,-0.7976232767105103
0.05475799999999998,0.0034223749999999996,16.0,2.0432764063934514,-1.2200816221461261,0.14195133904981874,-0.005254392278053885,-0.00013721696454487077,-0.0024066527074023025,0.06851773655976652,0.009036093950271606,0.13360120356082916,-0.16280537843704224,0.5787527561187744,0.058088891208171844,-1.0276079177856445,0.7602922916412354,0.21496319770812988,0.014427660033106804,0.30723142623901367,-0.19611650705337524,-0.7933699488639832
0.05475799999999998,0.0034223749999999996,16.0,2.0343493406382525,-1.2137863975249128,0.13936885265235863,-0.005015698511266439,-0.00016032316055722876,-0.0022900088588069497,0.06860284342043045,0.008380591869354248,0.13379938900470734,-0.16342440247535706,0.574810266494751,0.05560832470655441,-1.0215332508087158,0.7665471434593201,0.21402683854103088,0.032881300896406174,0.3035554885864258,-0.22007320821285248,-0.7884114384651184
0.05475799999999998,0.0034223749999999996,16.0,2.0256250777304454,-1.2051757334328235,0.13926479416805027,-0.004815159391045657,-0.00015699129498771455,-0.0021991635306616276,0.0686040927973857,0.006610482931137085,0.13313379883766174,-0.16442570090293884,0.5647506713867188,0.05574030429124832,-1.0113401412963867,0.7815238237380981,0.21648859977722168,0.060958027839660645,0.30187058448791504,-0.24901290237903595,-0.7807956337928772
0.05475799999999998,0.0034223749999999996,16.0,2.0160749678414596,-1.195673163080277,0.13922093388725706,-0.004665412781304759,-0.0001523583690608331,-0.0021305197477490337,0.0686018411982674,0.005221188068389893,0.13333085179328918,-0.16545042395591736,0.5584651231765747,0.05353226140141487,-1.001497507095337,0.7912830114364624,0.21704941987991333,0.08283047378063202,0.2982151508331299,-0.27524614334106445,-0.7750022411346436
0.05475799999999998,0.0034223749999999996,16.0,2.005672572562146,-1.185328818913563,0.13916926519644893,-0.004531494051195143,-0.00014831531128611726,-0.002068695414856988,0.06859845349140915,0.003239572048187256,0.13450635969638824,-0.1667574644088745,0.5534825325012207,0.05102606117725372,-0.9876182079315186,0.7999282479286194,0.216677725315094,0.10625556856393814,0.2942526340484619,-0.30867999792099,-0.7695168256759644
0.05475799999999998,0.0034223749999999996,16.0,1.9944513912433408,-1.1741791113149094,0.13915837623981275,-0.004396489342640771,-0.00014655323391502876,-0.0020077794033602123,0.0685982696577316,0.0019497275352478027,0.13317348062992096,-0.16730988025665283,0.542923629283905,0.04833666980266571,-0.9776153564453125,0.8139052391052246,0.21888533234596252,0.1336238831281662,0.2899010181427002,-0.32959017157554626,-0.761171281337738
0.05475799999999998,0.0034223749999999996,16.0,1.9824142365935236,-1.1621687671509948,0.1391845162634019,-0.0042721232165976696,-0.0001432423869098683,-0.001950799537718852,0.06859685348379746,0.0011151432991027832,0.1328991800546646,-0.16789403557777405,0.5360597372055054,0.04144097864627838,-0.9676544666290283,0.8217851519584656,0.2195127010345459,0.15203528106212616,0.28415966033935547,-0.3485744893550873,-0.7548844218254089
0.05475799999999998,0.0034223749999999996,16.0,1.9695405514742625,-1.1493136107501092,0.1392029541554775,-0.004146433727511955,-0.0001373842673879695,-0.0018919094764606444,0.06859138970659215,0.0006414055824279785,0.1327812224626541,-0.16829168796539307,0.5318833589553833,0.03543641045689583,-0.9610693454742432,0.8278381824493408,0.21878719329833984,0.1664721518754959,0.2779538631439209,-0.36173179745674133,-0.7499247193336487
0.05475799999999998,0.0034223749999999996,16.0,1.9558912767126515,-1.1356288141842972,0.13925721402222552,-0.004036949400211806,-0.0001327020108749176,-0.0018414977256381807,0.06859077657440416,0.001241534948348999,0.13240467011928558,-0.1681118905544281,0.5269730091094971,0.025848522782325745,-0.9578619003295898,0.8292021155357361,0.21867719292640686,0.1733030378818512,0.2702040672302246,-0.36710795760154724,-0.7448722720146179
0.05475799999999998,0.0034223749999999996,16.0,1.941410284306595,-1.121145351823028,0.13927185108094545,-0.003898144023370816,-0.0001277233531091525,-0.0017774288016234178,0.06859179887704953,0.0022957026958465576,0.13172537088394165,-0.16734755039215088,0.5215963125228882,0.014951104298233986,-0.957423210144043,0.828468918800354,0.21878322958946228,0.1767469048500061,0.2629203796386719,-0.3675076961517334,-0.7395924925804138
0.05475799999999998,0.0034223749999999996,16.0,1.9260942902299991,-1.1058220354942645,0.13924785988218227,-0.0037223881762697727,-0.00012318415816827568,-0.0016978774357477287,0.06859501792318305,0.002286463975906372,0.13245779275894165,-0.1671883761882782,0.5188094973564148,0.007765026763081551,-0.9520173072814941,0.8274843692779541,0.2171807885169983,0.1839941293001175,0.2565436363220215,-0.3807929456233978,-0.7351207733154297
0.05475799999999998,0.0034223749999999996,16.0,1.9099190693082035,-1.089644354357754,0.13927352053057293,-0.0035581533247793966,-0.00011727683720454734,-0.001622480663982524,0.06859402124417181,0.0021601319313049316,0.13285091519355774,-0.16651099920272827,0.5146639943122864,0.0025994237512350082,-0.9472923278808594,0.8265674710273743,0.2160218060016632,0.19357655942440033,0.2510817050933838,-0.39254990220069885,-0.7297549843788147
0.05475799999999998,0.0034223749999999996,16.0,1.89292814136362,-1.0726795639888855,0.13927110611148813,-0.0033705801020252847,-0.00011231936367351889,-0.0015374664707535326,0.06859723317737376,0.0020454227924346924,0.1323942095041275,-0.16563528776168823,0.5079280734062195,-0.005458909086883068,-0.9418704509735107,0.8276872038841248,0.21597236394882202,0.2047221064567566,0.2460620403289795,-0.4029158353805542,-0.722952663898468
0.05475799999999998,0.0034223749999999996,16.0,1.8751320766193718,-1.0548741507653017,0.1393115909789156,-0.0031940059883151196,-0.00010615389164814614,-0.001457121107029795,0.06859975918085291,0.00349542498588562,0.13082380592823029,-0.1634141206741333,0.5003749132156372,-0.016769971698522568,-0.9466485977172852,0.8233447670936584,0.21654731035232544,0.20518970489501953,0.24142217636108398,-0.395338237285614,-0.7160400152206421
0.05475799999999998,0.0034223749999999996,16.0,1.8564658429340388,-1.0361743653038429,0.13936737689071035,-0.0030097325365909806,-0.00010021413286722852,-0.0013732473572919594,0.06859985213848163,0.002963334321975708,0.13198421895503998,-0.16298872232437134,0.4975549876689911,-0.02164129912853241,-0.9393606185913086,0.8215555548667908,0.21435242891311646,0.21566444635391235,0.23578095436096191,-0.4134886562824249,-0.710933268070221
0.05475799999999998,0.0034223749999999996,16.0,1.8369837815661585,-1.0167201511982238,0.13936780934833626,-0.002844435641723936,-9.626264177440378e-5,-0.001298449873375246,0.06860454253770902,0.0029222071170806885,0.13144861161708832,-0.16186782717704773,0.48933959007263184,-0.03094850853085518,-0.9326519966125488,0.8221951723098755,0.2142913043498993,0.2288166880607605,0.22931528091430664,-0.42436057329177856,-0.7026433944702148
0.05475799999999998,0.0034223749999999996,16.0,1.8166953726192572,-0.9964124280205859,0.13940024142639224,-0.0026288729287898224,-8.898100060881077e-5,-0.0012003156984020952,0.06860802461505107,0.0038865506649017334,0.13140153884887695,-0.1602642834186554,0.48466044664382935,-0.042348459362983704,-0.9334986209869385,0.8164504170417786,0.2128976285457611,0.22966644167900085,0.22359466552734375,-0.4266471266746521,-0.6965564489364624
0.05475799999999998,0.0034223749999999996,16.0,1.795509553572651,-0.9753434260801932,0.13943526294647793,-0.002414310905283283,-8.340637895560922e-5,-0.0011035427217414757,0.06861104487565609,0.002805083990097046,0.12969698011875153,-0.1583716869354248,0.4698593020439148,-0.04656390845775604,-0.9200117588043213,0.8216525912284851,0.21513110399246216,0.2580837607383728,0.21739745140075684,-0.440959095954895,-0.6840068101882935
0.05475799999999998,0.0034223749999999996,16.0,1.7735263924691036,-0.9533795370325643,0.13947389946553376,-0.0022110370825446325,-7.664609802884651e-5,-0.001010761100962796,0.0686134868420552,0.002794921398162842,0.1278287172317505,-0.1558036506175995,0.4568215012550354,-0.05344739556312561,-0.9138703346252441,0.821393609046936,0.2169400155544281,0.2753288745880127,0.21151018142700195,-0.4433324933052063,-0.6728278994560242
0.05475799999999998,0.0034223749999999996,16.0,1.75070534059249,-0.930561236438108,0.1395100202847447,-0.0020091063909008773,-6.958155240602889e-5,-0.0009182061423656032,0.06861561642061195,0.0027722418308258057,0.1284581869840622,-0.15489327907562256,0.4499351978302002,-0.06392242759466171,-0.9047024250030518,0.817604660987854,0.2153245508670807,0.2881363332271576,0.20271801948547363,-0.4603138566017151,-0.6642540693283081
0.05475799999999998,0.0034223749999999996,16.0,1.7270546206553923,-0.9069417491211218,0.13954577443292626,-0.0018461213139262494,-6.434882326742221e-5,-0.000844248377962021,0.06862015064815026,0.002560645341873169,0.12983077764511108,-0.1544596552848816,0.4425569772720337,-0.07547628879547119,-0.891596794128418,0.8127872347831726,0.2128623127937317,0.3058156967163086,0.19139838218688965,-0.48534804582595825,-0.6542950868606567
0.05475799999999998,0.0034223749999999996,16.0,1.7025970039996827,-0.8825764928434482,0.13969474537559112,-0.0016460477104516418,-5.748265648860365e-5,-0.0007546355395740326,0.06862833726498324,0.0038106143474578857,0.12904173135757446,-0.15178418159484863,0.42750123143196106,-0.09345845133066177,-0.8882944583892822,0.8023859262466431,0.21344652771949768,0.31862351298332214,0.1814103126525879,-0.4895275831222534,-0.639838695526123
0.05475799999999998,0.0034223749999999996,16.0,1.6772335336111195,-0.857363170646142,0.13999565112557893,-0.0014611741045308245,-5.1414303383377996e-5,-0.0006722929083686264,0.06863450684959878,0.0038303136825561523,0.12659426033496857,-0.1481301486492157,0.4014890193939209,-0.11011146008968353,-0.8701672554016113,0.7944451570510864,0.21741929650306702,0.3507029116153717,0.16892457008361816,-0.49446743726730347,-0.6178515553474426
0.05475799999999998,0.0034223749999999996,16.0,1.6510332761343882,-0.8313802697634959,0.14026996389341242,-0.0012788894244908505,-4.421832089053393e-5,-0.000590393464652717,0.06863748546596855,0.0031985044479370117,0.12125559151172638,-0.13939416408538818,0.3562641739845276,-0.12369400262832642,-0.8226873874664307,0.7791205048561096,0.23328089714050293,0.3665210008621216,0.17047619819641113,-0.44040000438690186,-0.5888761281967163
0.05475799999999998,0.0034223749999999996,16.0,1.6238006908562133,-0.8045963438199565,0.14058809451223425,-0.0011285338699018063,-2.9823481062561465e-5,-0.0005183582772691872,0.06864793516631865,0.002858102321624756,0.11395487934350967,-0.12642821669578552,0.302420049905777,-0.1370428055524826,-0.761040210723877,0.7471245527267456,0.25692957639694214,0.3613393008708954,0.18519234657287598,-0.33832356333732605,-0.5592220425605774
0.05475799999999998,0.0034223749999999996,16.0,1.595650667590521,-0.7769791909650564,0.1407607146653559,-0.000995239456424944,-2.2547155218506067e-5,-0.0004593889991680885,0.06863815627473184,0.002970784902572632,0.10623766481876373,-0.11143124103546143,0.24606405198574066,-0.1519927978515625,-0.6762170791625977,0.6934353709220886,0.28515109419822693,0.32939350605010986,0.21522974967956543,-0.20365723967552185,-0.5316740870475769
0.05475799999999998,0.0034223749999999996,16.0,1.5666582283518833,-0.7484460328935111,0.1408352681161713,-0.0008207491180323785,-1.6087195604480293e-5,-0.000380169600834873,0.06862222164548215,0.002893298864364624,0.09996285289525986,-0.09922239184379578,0.2010745108127594,-0.15599969029426575,-0.5646600723266602,0.6245533227920532,0.3082587420940399,0.3021640479564667,0.24556279182434082,-0.09967321902513504,-0.510202944278717
0.05475799999999998,0.0034223749999999996,16.0,1.5369995048697445,-0.7191027244971876,0.14089436304276695,-0.0006886238194601299,-1.2266127672747348e-5,-0.0003196682130551558,0.06861014987060295,-0.03551691770553589,0.10543356090784073,-0.09272310137748718,0.25032034516334534,-0.04612173140048981,-0.5927700996398926,0.362689346075058,0.40431714057922363,0.4637671709060669,0.57456374168396,-0.138156920671463,-0.6551935076713562
0.05475799999999998,0.0034223749999999996,16.0,1.506710932617035,-0.6888960422012234,0.14088298757130174,-0.0005164426945976553,-8.651476445588471e-6,-0.00023983035198638076,0.0685990990086444,-0.03546416759490967,0.09644697606563568,-0.08634963631629944,0.21567413210868835,-0.023917973041534424,-0.41767168045043945,0.27843955159187317,0.4008476734161377,0.45442771911621094,0.6061713695526123,-0.12675368785858154,-0.6172049045562744
0.05475799999999998,0.0034223749999999996,16.0,1.4756680439653582,-0.6577993808605929,0.1407924571570892,-0.00032358626702465765,-4.985755111610998e-6,-0.00015005626172205676,0.06859153776842755,-0.032861918210983276,0.09248662739992142,-0.08535975217819214,0.2051793783903122,-0.006756936199963093,-0.2671949863433838,0.1814892292022705,0.3687724173069,0.43855273723602295,0.6073629856109619,-0.19325239956378937,-0.5746335983276367
0.05475799999999998,0.0034223749999999996,16.0,1.4437797674184953,-0.6258519076728963,0.14071024777836985,-0.00014984146174519734,-2.3345270985537017e-6,-6.948943982842415e-5,0.06858688198539421,-0.030651062726974487,0.0909128338098526,-0.08631646633148193,0.20582632720470428,0.007546530105173588,-0.15555047988891602,0.11411736905574799,0.336758553981781,0.4418415427207947,0.5903313159942627,-0.2827308177947998,-0.5432484745979309
0.05475799999999998,0.0034223749999999996,16.0,1.4110357374567293,-0.5931029390246443,0.14066967764335384,1.972753233982038e-5,3.3346432900268044e-7,9.16034514892137e-6,0.06858390340056074,-0.028592675924301147,0.08882761001586914,-0.08642524480819702,0.20501066744327545,0.02274952456355095,-0.0805201530456543,0.07342582941055298,0.3156377673149109,0.4678119122982025,0.5627367496490479,-0.35836684703826904,-0.521269679069519
0.05475799999999998,0.0034223749999999996,16.0,1.37743136299159,-0.559470374441982,0.14061157930719742,0.00018998960958186648,3.279137116595533e-6,8.818797316672678e-5,0.06858276441305386,-0.026849567890167236,0.089809849858284,-0.09174439311027527,0.2110196053981781,0.028090674430131912,-0.0690770149230957,0.07055729627609253,0.29746514558792114,0.49211737513542175,0.5400950908660889,-0.4016155004501343,-0.5091124773025513
0.05475799999999998,0.0034223749999999996,16.0,1.342961014016358,-0.5250066316139668,0.14055248387062813,0.00037453637332483884,6.306040351008353e-6,0.00017370665004962712,0.06858204729479754,-0.02625972032546997,0.08979211002588272,-0.0936441719532013,0.21116405725479126,0.03106853738427162,-0.054259538650512695,0.06895232200622559,0.2897453010082245,0.506361722946167,0.5290119647979736,-0.4241841435432434,-0.5015438795089722
0.05475799999999998,0.0034223749999999996,16.0,1.3076533407467523,-0.4897212184376868,0.14053073155803122,0.0005212423549959893,8.845065795634406e-6,0.00024174287298950203,0.06858104421936673,-0.026670396327972412,0.09003689140081406,-0.0948106050491333,0.20987558364868164,0.03224008157849312,-0.04200482368469238,0.0714881420135498,0.28749269247055054,0.5154480338096619,0.5264856815338135,-0.4356091022491455,-0.498028963804245
0.05475799999999998,0.0034223749999999996,16.0,1.271503498025448,-0.45359949178573644,0.1405037746587049,0.0006850748295794202,1.1737338825500403e-5,0.0003177412461226584,0.06857980854463862,-0.02753525972366333,0.09040213376283646,-0.09561437368392944,0.20794051885604858,0.03194725513458252,-0.03071141242980957,0.07603459060192108,0.2876724600791931,0.5215650200843811,0.5280251502990723,-0.4416534900665283,-0.49630311131477356
0.05475799999999998,0.0034223749999999996,16.0,1.234522915075129,-0.41664120493288037,0.14048162487267218,0.0008586041798876736,1.4871912112140347e-5,0.00039823296005601,0.06857855888435661,-0.028560638427734375,0.09078841656446457,-0.09650403261184692,0.20583830773830414,0.030945438891649246,-0.01928877830505371,0.08179625868797302,0.28857940435409546,0.5264884233474731,0.5303826332092285,-0.44550278782844543,-0.4951438903808594
0.05475799999999998,0.0034223749999999996,16.0,1.1967291336622337,-0.3788606760768356,0.14045569689611234,0.0010528138085682567,1.8663356603565942e-5,0.0004884098561957235,0.06857705925394787,-0.029339909553527832,0.0910969153046608,-0.0976572334766388,0.20422080159187317,0.028792135417461395,-0.007917642593383789,0.08758938312530518,0.2888311743736267,0.5306099653244019,0.531477689743042,-0.4493338167667389,-0.4938083291053772
0.05475799999999998,0.0034223749999999996,16.0,1.1580704425641548,-0.34022176114359365,0.14043715364348777,0.001238430269171724,2.231929276904386e-5,0.0005744384614302814,0.06857576224585359,-0.03117811679840088,0.09367748349905014,-0.10128623247146606,0.20500075817108154,0.031143348664045334,0.009039640426635742,0.10373859107494354,0.29393965005874634,0.5527197122573853,0.5338563919067383,-0.47102493047714233,-0.49975818395614624
0.05475799999999998,0.0034223749999999996,16.0,1.1186093723997348,-0.3008089379255133,0.1404355191780504,0.0013594170685729077,2.549993938094904e-5,0.000630975020324776,0.06857547357371836,-0.031080007553100586,0.09128586202859879,-0.0994524359703064,0.19764456152915955,0.03464419022202492,0.0267946720123291,0.09966059029102325,0.29614317417144775,0.5625059604644775,0.5261895656585693,-0.4698466956615448,-0.4945600628852844
0.05475799999999998,0.0034223749999999996,16.0,1.0783184626197049,-0.2605354746998482,0.14040304722005761,0.0015136637804802051,2.87729017204905e-5,0.0007026584965234094,0.06857469084752689,-0.032905399799346924,0.09270942956209183,-0.10192319750785828,0.1975950300693512,0.029916249215602875,0.030665874481201172,0.11393599212169647,0.29585766792297363,0.5588775873184204,0.5354273319244385,-0.46593064069747925,-0.4943096339702606
0.05475799999999998,0.0034223749999999996,16.0,1.0371720749125193,-0.21937443157489223,0.1402906900371004,0.001666160073918605,3.3135395835337077e-5,0.0007738401446238844,0.06857144221910898,-0.03581300377845764,0.09567564725875854,-0.10666286945343018,0.19902509450912476,0.030713174492120743,0.03517341613769531,0.13543212413787842,0.2977389097213745,0.5708856582641602,0.5459690093994141,-0.4745251536369324,-0.4977229833602905
0.05475799999999998,0.0034223749999999996,16.0,0.9960132652248481,-0.17607950329620353,0.14293107149523385,0.0018080281832492577,2.4577872390655502e-5,0.0008454978660901679,0.06849125237510144,-0.037946730852127075,0.09493408352136612,-0.1055695116519928,0.18940117955207825,0.02897908166050911,0.049283742904663086,0.14034947752952576,0.30274254083633423,0.5625953078269958,0.5565133094787598,-0.4549912214279175,-0.4931662976741791
0.05475799999999998,0.0034223749999999996,16.0,0.9531618069628611,-0.13327390399085412,0.14294312002987672,0.0019064409012274207,2.956352645400085e-5,0.0008924306960414927,0.0684880498293075,-0.044809430837631226,0.09806767106056213,-0.10709589719772339,0.17787951231002808,0.03879100829362869,0.0666496753692627,0.17572061717510223,0.3237387537956238,0.5836703181266785,0.5843510627746582,-0.44368287920951843,-0.5028034448623657
0.05475799999999998,0.0034223749999999996,16.0,0.9093817660559494,-0.0896362153722879,0.14296933491759264,0.0018825200094003552,2.970486273761887e-5,0.000883867917692667,0.06848658815412176,-0.04810720682144165,0.09985402971506119,-0.10599002242088318,0.1562371850013733,0.06254930794239044,0.07050156593322754,0.15020760893821716,0.3609548807144165,0.5133229494094849,0.6574113368988037,-0.36725831031799316,-0.518236517906189
0.05475799999999998,0.0034223749999999996,16.0,0.8640413375179159,-0.046077611684927265,0.14001401996722707,0.0017586549560939565,2.7404724526393597e-5,0.0008270581809068929,0.06854592320607594,-0.05772486329078674,0.1258624643087387,-0.11733561754226685,0.1614326387643814,0.055899739265441895,0.01359868049621582,0.04494951292872429,0.42145806550979614,0.15918190777301788,0.9269828796386719,-0.17407768964767456,-0.5835985541343689
0.05475799999999998,0.0034223749999999996,16.0,0.8181395536436546,-0.00036556785455346105,0.13968050293445478,0.00010050939086568442,6.587404207060488e-7,4.758937126888622e-5,0.06851709081666872,-0.12102964520454407,0.039744433015584946,-0.14314383268356323,0.08097003400325775,-0.5074047446250916,0.18921947479248047,0.6978349089622498,-0.05745142698287964,0.49694350361824036,0.7335295677185059,0.06673172861337662,-0.02013760805130005
0.05475799999999998,0.0034223749999999996,16.0,0.861981084909557,0.04393495010692538,0.14163721141789368,-0.0017074588740214748,-5.191813412335182e-5,-0.0008267947214480788,0.06835366916615675,-0.1783827245235443,0.05226968601346016,-0.14646321535110474,0.23277468979358673,-0.6734409928321838,0.2921178340911865,0.5194083452224731,-0.05010628700256348,-0.3914509117603302,1.2577438354492188,0.3059910535812378,-0.1761654019355774
0.05475799999999998,0.0034223749999999996,16.0,0.9050300025938793,0.08908003808357731,0.14193788706778623,-0.0019023667378080683,-2.590393846810594e-5,-0.0009279927268038226,0.06822307754209958,-0.2360144853591919,0.08112067729234695,-0.12533697485923767,0.5059545636177063,-0.7856346964836121,0.4161059856414795,0.23199228942394257,0.05401387810707092,-1.1384626626968384,1.650242805480957,0.49999722838401794,-0.5536121129989624
0.05475799999999998,0.0034223749999999996,16.0,0.9478767550664938,0.13325381641062875,0.14231743544102723,-0.0018944577491260117,-1.1954160319933098e-5,-0.0009201270233119834,0.06815556867819006,-0.25606974959373474,0.10401639342308044,-0.1162433922290802,0.6336784362792969,-0.7938222885131836,0.4602069854736328,0.19907666742801666,0.09564697742462158,-1.3630638122558594,1.7516822814941406,0.44708219170570374,-0.7240005135536194
0.05475799999999998,0.0034223749999999996,16.0,0.9904127468118256,0.17636155734877482,0.1424209989449445,-0.001787776926803588,-8.817084500624158e-6,-0.0008655190193933755,0.0681346435968337,-0.2635228931903839,0.11448264867067337,-0.11331278085708618,0.6770000457763672,-0.8035579919815063,0.4822195768356323,0.19834661483764648,0.11806705594062805,-1.4464752674102783,1.7755951881408691,0.4367259740829468,-0.7902278304100037
0.05475799999999998,0.0034223749999999996,16.0,1.0322462089588875,0.2184718142287603,0.14243945856189616,-0.001636861455077425,-7.53263456444982e-6,-0.0007909573675720891,0.0681263502336488,-0.26645663380622864,0.11994171142578125,-0.11300283670425415,0.6925824284553528,-0.8088280558586121,0.49479520320892334,0.19218365848064423,0.129611998796463,-1.4740004539489746,1.7791972160339355,0.44490715861320496,-0.8176373243331909
0.05475799999999998,0.0034223749999999996,16.0,1.0732752956968936,0.25967375229092776,0.14238289789818487,-0.0014511832385340354,-7.291479798879472e-6,-0.0007016931465906521,0.0681290185981576,-0.26980462670326233,0.12351945042610168,-0.11455366015434265,0.6825512647628784,-0.8257088661193848,0.5083470344543457,0.2074563205242157,0.14802038669586182,-1.4893593788146973,1.7847886085510254,0.4548308551311493,-0.8261245489120483
0.05475799999999998,0.0034223749999999996,16.0,1.113567776603638,0.3000768760278248,0.14238519481934872,-0.0013664135208048527,-7.513368847321534e-6,-0.0006591965634662763,0.06812264629525129,-0.2703947126865387,0.12791521847248077,-0.11552160978317261,0.6936502456665039,-0.8166155815124512,0.5263868570327759,0.23605935275554657,0.15501371026039124,-1.514075517654419,1.7731904983520508,0.45633405447006226,-0.844530463218689
0.05475799999999998,0.0034223749999999996,16.0,1.1530268009579019,0.3396481394806556,0.14237939876522013,-0.0011709242830710421,-6.193515143331734e-6,-0.0005633946569089758,0.06811215846171484,-0.2702939212322235,0.13354246318340302,-0.11361995339393616,0.7310284972190857,-0.7907355427742004,0.5448402166366577,0.24034608900547028,0.15002024173736572,-1.5432764291763306,1.7598166465759277,0.46045681834220886,-0.8773637413978577
0.05475799999999998,0.0034223749999999996,16.0,1.1915999644829354,0.3783910145752925,0.14237254074203487,-0.001020877578133166,-5.638183868811419e-6,-0.0004903258521084671,0.06810715515004676,-0.27204665541648865,0.1386677622795105,-0.11327522993087769,0.7481297254562378,-0.7906594276428223,0.5652079582214355,0.2531158924102783,0.15833553671836853,-1.572649359703064,1.750885009765625,0.47144216299057007,-0.9031155109405518
0.05475799999999998,0.0034223749999999996,16.0,1.2293471091146848,0.41630498753881723,0.14237004095336686,-0.0008344188019923454,-4.743411687629571e-6,-0.0004000078212320818,0.06810144163440639,-0.2736898362636566,0.1437867283821106,-0.1128740906715393,0.7653663158416748,-0.7893742918968201,0.5854735374450684,0.2659764289855957,0.1657680869102478,-1.6003202199935913,1.7410368919372559,0.4824359714984894,-0.9281187653541565
0.05475799999999998,0.0034223749999999996,16.0,1.2662840821812567,0.4533643584803686,0.14232198573160806,-0.0006657060704292809,-4.31650533545945e-6,-0.00031890049310252176,0.0681021731905188,-0.2755189836025238,0.1479087620973587,-0.11452358961105347,0.7612169981002808,-0.8008606433868408,0.6092073917388916,0.3019345998764038,0.18085971474647522,-1.6228294372558594,1.7305617332458496,0.4939144551753998,-0.9392803907394409
0.05475799999999998,0.0034223749999999996,16.0,1.3023597029345957,0.4896256650128508,0.14232979658949638,-0.0005041076652864881,-3.3580694041372673e-6,-0.0002409669354418109,0.06809554521614858,-0.27746298909187317,0.1533791571855545,-0.11368903517723083,0.7803674340248108,-0.8020178079605103,0.6332292556762695,0.31605473160743713,0.1884886622428894,-1.6543229818344116,1.71917724609375,0.5076478123664856,-0.966418981552124
0.05475799999999998,0.0034223749999999996,16.0,1.33759691161984,0.5250619667345844,0.1423380211379815,-0.00034687499570132575,-2.3549663971135916e-6,-0.00016540743807063433,0.06808773299758554,-0.2791754901409149,0.16006498038768768,-0.10994422435760498,0.8243343830108643,-0.7960363030433655,0.6556949615478516,0.30816471576690674,0.188608318567276,-1.6961466073989868,1.7030811309814453,0.5311996936798096,-1.0110164880752563
0.05475799999999998,0.0034223749999999996,16.0,1.3719805069434607,0.5596974894321952,0.1423988975044105,-0.00019520899036542863,-1.3353413116938945e-6,-9.275126020803193e-5,0.06807633208288685,-0.2813042104244232,0.1664956957101822,-0.10708045959472656,0.8525049686431885,-0.8132429122924805,0.6877706050872803,0.3233240246772766,0.198572039604187,-1.749867558479309,1.6798033714294434,0.5709391236305237,-1.0496348142623901
0.05475799999999998,0.0034223749999999996,16.0,1.4054184515192116,0.5935387286906196,0.14250131152779877,-5.894242376803412e-5,-4.156224120334479e-7,-2.786755411824468e-5,0.06806373423483145,-0.28616997599601746,0.17352963984012604,-0.10377645492553711,0.8651183843612671,-0.871773362159729,0.7391012907028198,0.35119783878326416,0.22414356470108032,-1.834306001663208,1.6542878150939941,0.6419057250022888,-1.0883142948150635
0.05475799999999998,0.0034223749999999996,16.0,1.4380122794620045,0.6265773001866404,0.14275072330393904,0.00012244568572204135,8.109354008129754e-7,5.736850191367933e-5,0.06804442170450492,-0.2803622782230377,0.1730889230966568,-0.09047073125839233,0.9284805059432983,-0.9487414956092834,0.7812747955322266,0.3297792971134186,0.21919885277748108,-1.9043917655944824,1.538356065750122,0.839468777179718,-1.1477627754211426
0.05475799999999998,0.0034223749999999996,16.0,1.47001533668844,0.6569668949330595,0.14061462272773942,0.00029185679711728066,2.8925182270662553e-6,0.0001348127119552213,0.06816673636768358,-0.2618460953235626,0.16535919904708862,-0.06566163897514343,1.0320069789886475,-1.018620491027832,0.771356463432312,0.26545262336730957,0.18249407410621643,-1.908399224281311,1.337235450744629,1.1121063232421875,-1.215781331062317
0.05475799999999998,0.0034223749999999996,16.0,1.501365876307127,0.6880292523374784,0.1411531990293253,0.00046445549602602024,4.1039192135363005e-6,0.00021142843958261325,0.06816541341080662,-0.23064836859703064,0.1415252834558487,-0.0321519672870636,1.1078095436096191,-1.1297776699066162,0.7672637701034546,0.22950182855129242,0.13596242666244507,-1.8633018732070923,0.9990510940551758,1.5389084815979004,-1.2462246417999268
0.05475799999999998,0.0034223749999999996,16.0,1.5321680557372541,0.7180186447439072,0.14188982123857624,0.0006671959817428365,4.946789068995505e-6,0.0002986689904387472,0.06816520829360767,-0.20228123664855957,0.12145192176103592,0.0014487504959106445,1.1767175197601318,-1.1756815910339355,0.7176792621612549,0.20273594558238983,0.08970460295677185,-1.7880076169967651,0.6996898651123047,1.840245246887207,-1.2695636749267578
0.05475799999999998,0.0034223749999999996,16.0,1.5623108913588009,0.7468611902602852,0.14284429142698907,0.0008123689064277846,3.508611604527515e-6,0.00035997252327360084,0.06817261117891237,-0.17608419060707092,0.08719557523727417,0.07601997256278992,1.1858437061309814,-0.1416035294532776,0.1913132667541504,-0.13668324053287506,-0.13283759355545044,-2.1463966369628906,1.1077110767364502,1.56123948097229,-1.0537270307540894
0.05475799999999998,0.0034223749999999996,16.0,1.5915580102990305,0.7748359526451436,0.1439527953721311,0.00099673135029773,-6.233756755943567e-7,0.00044164178184333535,0.06818056357524567,-0.14626502990722656,0.06960121542215347,0.09796157479286194,1.1952292919158936,-0.0967852994799614,-0.011296510696411133,-0.22187265753746033,-0.1837281584739685,-2.033644676208496,0.9235525131225586,1.6250624656677246,-1.0114974975585938
0.05475799999999998,0.0034223749999999996,16.0,1.6197522812214746,0.8018670582407208,0.1447614959262524,0.0011358225639804189,-3.4080525829751337e-6,0.0005062619017529768,0.06819780031262566,-0.12388479709625244,0.054618850350379944,0.11175522208213806,1.1692187786102295,-0.05526585504412651,-0.15441226959228516,-0.2719363868236542,-0.2133890986442566,-1.9522267580032349,0.7983531951904297,1.661697268486023,-0.9553742408752441
0.05475799999999998,0.0034223749999999996,16.0,1.6475356563633399,0.8283567421192624,0.1457324441781368,0.001290337083671086,-1.520750055512134e-5,0.0005831768712838676,0.06823480334838518,-0.10513970255851746,0.043455831706523895,0.12387272715568542,1.1425352096557617,0.0026477384380996227,-0.27939915657043457,-0.3140057623386383,-0.23486566543579102,-1.8799784183502197,0.6949214935302734,1.6420094966888428,-0.9067566394805908
0.05475799999999998,0.0034223749999999996,16.0,1.6741417311582312,0.8541635283948305,0.14610639089919145,0.0014782930213426374,-1.972423700860155e-5,0.0006671992906592267,0.06826400477972773,-0.09599912166595459,0.040562838315963745,0.13374075293540955,1.1464240550994873,0.04077029600739479,-0.35006260871887207,-0.34803321957588196,-0.24699795246124268,-1.8493913412094116,0.6334452629089355,1.5895062685012817,-0.898143470287323
0.05475799999999998,0.0034223749999999996,16.0,1.6998016932711517,0.8793049650172918,0.146323718195292,0.001669138239768248,-2.3518750093290964e-5,0.0007529217721369366,0.06828400449358735,-0.09229421615600586,0.04252250865101814,0.13749352097511292,1.1537069082260132,0.06794087588787079,-0.3548612594604492,-0.3579368591308594,-0.24522775411605835,-1.869584083557129,0.620131254196167,1.5565062761306763,-0.9073013067245483
0.05475799999999998,0.0034223749999999996,16.0,1.7244414567950965,0.9036633332375217,0.1464861925253298,0.0018814927668238358,-2.8085269341038564e-5,0.0008483773117151862,0.06829771345185695,-0.09004929661750793,0.04295634850859642,0.13901779055595398,1.1565637588500977,0.07952889800071716,-0.3631312847137451,-0.36999383568763733,-0.2432897686958313,-1.8786258697509766,0.6142072677612305,1.5459096431732178,-0.9121703505516052
0.05475799999999998,0.0034223749999999996,16.0,1.7481846423942844,0.9272890934785897,0.14654487233340255,0.0020386778007426046,-3.1402510920512524e-5,0.0009193260441464497,0.06830364722444365,-0.08859103918075562,0.04356018453836441,0.1395271122455597,1.1571433544158936,0.08658907562494278,-0.36691761016845703,-0.3774823546409607,-0.2397165298461914,-1.887171745300293,0.613842248916626,1.5433995723724365,-0.9164214134216309
0.05475799999999998,0.0034223749999999996,16.0,1.7710168167954492,0.9501332205839806,0.14656863363606001,0.00223858438171834,-3.5517473906534355e-5,0.0010096255056851943,0.06830450249801591,-0.08759286999702454,0.0443798266351223,0.13944867253303528,1.1562049388885498,0.09170165657997131,-0.36736297607421875,-0.3817746937274933,-0.23493313789367676,-1.8962335586547852,0.6170907020568848,1.545615792274475,-0.9203761219978333
0.05475799999999998,0.0034223749999999996,16.0,1.793003946207687,0.972169635768375,0.14665994196402543,0.002442079255366651,-4.013056325681382e-5,0.001100826588345681,0.06830259069071382,-0.08675581216812134,0.04648232087492943,0.14137831330299377,1.1627297401428223,0.10132206976413727,-0.37323904037475586,-0.3893100917339325,-0.23313665390014648,-1.902011513710022,0.6123158931732178,1.5301530361175537,-0.9286940097808838
0.05475799999999998,0.0034223749999999996,16.0,1.814257609492224,0.9933791544363294,0.14669911772918215,0.0026562352542619846,-4.3542985200630343e-5,0.0011972229925756178,0.06830453533917027,-0.08590519428253174,0.04785849526524544,0.14251652359962463,1.1663811206817627,0.10764630883932114,-0.37785816192626953,-0.3956899642944336,-0.23070091009140015,-1.9066392183303833,0.6099886894226074,1.5222618579864502,-0.9348074197769165
0.05475799999999998,0.0034223749999999996,16.0,1.8345712026701653,1.0136850908321604,0.14668099979455285,0.002871989937939309,-4.844917364034639e-5,0.0012927961816443507,0.06830883042116737,-0.08543092012405396,0.04986386001110077,0.14563283324241638,1.1797029972076416,0.1106899157166481,-0.39923763275146484,-0.4138958156108856,-0.23365992307662964,-1.8967453241348267,0.5977516174316406,1.49440336227417,-0.9449636936187744
0.05475799999999998,0.0034223749999999996,16.0,1.8540849399272241,1.0332895639463036,0.14688539762758723,0.0030398492704862765,-5.1902966792091674e-5,0.0013678193019743374,0.06830811282101407,-0.08503568172454834,0.05257633328437805,0.15045586228370667,1.1956961154937744,0.12100103497505188,-0.4191703796386719,-0.4296123683452606,-0.23744726181030273,-1.89146089553833,0.5805261135101318,1.4602220058441162,-0.9569600820541382
0.05475799999999998,0.0034223749999999996,16.0,1.8727237752800694,1.052031802033883,0.14706858830981961,0.003230189444965635,-5.700751537892107e-5,0.0014516345903282715,0.0683078951557057,-0.08466815948486328,0.05488627776503563,0.15306755900382996,1.2031745910644531,0.13273394107818604,-0.42555952072143555,-0.4381258189678192,-0.23727130889892578,-1.8961628675460815,0.5741176605224609,1.4423400163650513,-0.9645812511444092
0.05475799999999998,0.0034223749999999996,16.0,1.8905635691398965,1.0698389791159608,0.1469567086661559,0.003394769238541829,-6.000877953157087e-5,0.0015269652040109732,0.0683098426382526,-0.08419570326805115,0.05383641645312309,0.1511823832988739,1.200134038925171,0.12288952618837357,-0.43171143531799316,-0.44658753275871277,-0.2339443564414978,-1.8918352127075195,0.5802979469299316,1.4568874835968018,-0.9649057388305664
0.05475799999999998,0.0034223749999999996,16.0,1.907550859544677,1.08687067379039,0.14701801810217907,0.0035880829030186033,-6.50056041243647e-5,0.0016137234759489038,0.0683094364450623,-0.08377426862716675,0.05430111661553383,0.1508685052394867,1.198423147201538,0.12730665504932404,-0.43093013763427734,-0.45119866728782654,-0.23043310642242432,-1.899226188659668,0.5847234725952148,1.463728666305542,-0.966806173324585
0.05475799999999998,0.0034223749999999996,16.0,1.9237352789625677,1.1031291812189252,0.1471441451847207,0.0037585434194249492,-6.920114992584175e-5,0.0016894511906285193,0.06830975641814716,-0.08325865864753723,0.05643848702311516,0.15359941124916077,1.2069636583328247,0.13616330921649933,-0.44052672386169434,-0.4608387351036072,-0.23147368431091309,-1.8995436429977417,0.575117826461792,1.4411300420761108,-0.9742207527160645
0.05475799999999998,0.0034223749999999996,16.0,1.9390696830866803,1.1183941148884935,0.1469825410736602,0.0039273033632676755,-7.355216508229236e-5,0.0017651359409336217,0.06831323107193273,-0.08269339799880981,0.05636531114578247,0.15455952286720276,1.2107583284378052,0.13489234447479248,-0.45299863815307617,-0.47230246663093567,-0.23187720775604248,-1.8946882486343384,0.5700147151947021,1.438625454902649,-0.9775546789169312
0.05475799999999998,0.0034223749999999996,16.0,1.9536352578806837,1.1328866145686967,0.1469534631940674,0.004059354963408346,-7.58576824437203e-5,0.0018247728962532189,0.0683177628631152,-0.081997811794281,0.056149210780858994,0.15499648451805115,1.212829351425171,0.13397277891635895,-0.4634983539581299,-0.481336772441864,-0.23168277740478516,-1.890836238861084,0.5663943290710449,1.4380724430084229,-0.9797979593276978
0.05475799999999998,0.0034223749999999996,16.0,1.9673698844784313,1.1465570150510729,0.1469348977065932,0.004177681025259554,-7.816740645066236e-5,0.0018783371831648003,0.06832173817367414,-0.08111000061035156,0.05579134449362755,0.15518012642860413,1.213613748550415,0.13539214432239532,-0.471513032913208,-0.48837411403656006,-0.23108547925949097,-1.8902171850204468,0.5629394054412842,1.4393234252929688,-0.981200635433197
0.05475799999999998,0.0034223749999999996,16.0,1.9803002654044124,1.1595238958724015,0.14714063146651052,0.004303699919386167,-7.9970263521785e-5,0.0019360253549723034,0.06832195445200408,-0.08033207058906555,0.05589272081851959,0.1553150713443756,1.2125215530395508,0.14200910925865173,-0.4721100330352783,-0.49079301953315735,-0.22931677103042603,-1.9021271467208862,0.5631170272827148,1.4455046653747559,-0.981969952583313
0.05475799999999998,0.0034223749999999996,16.0,1.9923374502446671,1.1714887988500646,0.14703794419925925,0.004437843818794911,-8.33433610820082e-5,0.001993959227450653,0.06832790934054504,-0.07986623048782349,0.05865742266178131,0.16194066405296326,1.2310357093811035,0.15377116203308105,-0.4975261688232422,-0.5059007406234741,-0.23709022998809814,-1.8929436206817627,0.5364482402801514,1.4013161659240723,-0.9924048185348511
0.05475799999999998,0.0034223749999999996,16.0,2.0035279672579565,1.1827206459738016,0.14714978263705486,0.004575658237696029,-8.71086605941354e-5,0.0020525349255639358,0.06833041123676858,-0.07981434464454651,0.062240760773420334,0.16904482245445251,1.2494654655456543,0.16932334005832672,-0.5187773704528809,-0.5191870927810669,-0.24436736106872559,-1.8866968154907227,0.5093264579772949,1.3524341583251953,-1.0032596588134766
0.05475799999999998,0.0034223749999999996,16.0,2.013945700809712,1.1931387288064859,0.14720828640223557,0.004707984580190383,-8.86955014956579e-5,0.00210950312143506,0.06833514491571202,-0.07938647270202637,0.06547811627388,0.17333200573921204,1.2563011646270752,0.18746177852153778,-0.5211455821990967,-0.5216161608695984,-0.24585992097854614,-1.8952065706253052,0.4960777759552002,1.3237273693084717,-1.0085619688034058
0.05475799999999998,0.0034223749999999996,16.0,2.0234909029166124,1.2027895935579505,0.14745002552333739,0.004861017181185672,-9.178093867293932e-5,0.002175993071310259,0.0683360125020964,-0.07959526777267456,0.06891031563282013,0.1787290871143341,1.2682732343673706,0.20250847935676575,-0.5322048664093018,-0.5304304957389832,-0.25012409687042236,-1.894284725189209,0.4765126705169678,1.2851710319519043,-1.016083002090454
0.05475799999999998,0.0034223749999999996,16.0,2.032692212738362,1.212822894836815,0.15102585556200782,0.005070883370785154,-0.0001530593986958422,0.0022717303057728302,0.0682026985414722,-0.08160564303398132,0.07180324196815491,0.1764800250530243,1.2633261680603027,0.2197461575269699,-0.5039920806884766,-0.5206040143966675,-0.2408321499824524,-1.9342035055160522,0.4995572566986084,1.3005362749099731,-1.0206836462020874
0.05475799999999998,0.0034223749999999996,16.0,2.040604172952249,1.2208068575114994,0.15120379779977985,0.0053047479303228355,-0.00015957263551421875,0.002372757122705916,0.06820880306068879,-0.08217445015907288,0.07659880816936493,0.18216070532798767,1.2744680643081665,0.2403346300125122,-0.5091087818145752,-0.5264895558357239,-0.2452244758605957,-1.9342948198318481,0.4799535274505615,1.250256896018982,-1.0272338390350342
0.05475799999999998,0.0034223749999999996,16.0,2.0476279589945925,1.2279029413658582,0.1513211616997037,0.005662946431827962,-0.00017161832318378083,0.002531102186459368,0.0682115162439409,-0.08238032460212708,0.0788610503077507,0.18528810143470764,1.2799150943756104,0.2515585422515869,-0.5153918266296387,-0.5338847041130066,-0.24720972776412964,-1.932955026626587,0.4681107997894287,1.225328803062439,-1.030566930770874
0.05475799999999998,0.0034223749999999996,16.0,2.0538519191025015,1.2342045595674576,0.15147034713727123,0.0062611940371374054,-0.0001905488296853418,0.0027952491047924083,0.0682170658830548,-0.08302566409111023,0.08237965404987335,0.1893593966960907,1.2877182960510254,0.26479822397232056,-0.5242552757263184,-0.5456644296646118,-0.250640332698822,-1.927116870880127,0.45207858085632324,1.1835120916366577,-1.0346839427947998
0.05475799999999998,0.0034223749999999996,16.0,2.0592333998987438,1.2396328341529714,0.15151620845253655,0.007619167835869357,-0.00023508787051878868,0.0034025027195200086,0.06822167293743166,-0.08365514874458313,0.084522545337677,0.19174471497535706,1.290730357170105,0.2737559974193573,-0.5366547107696533,-0.5663471817970276,-0.25161993503570557,-1.919020414352417,0.4423534870147705,1.154819369316101,-1.0364089012145996
0.05475799999999998,0.0034223749999999996,16.0,2.0637137241251136,1.2442403008193508,0.15150435462582001,0.01411588733293744,-0.00047284595830852244,0.006322750975795802,0.06823215126031745,-0.08727440237998962,0.0883655771613121,0.19285902380943298,1.283172845840454,0.29012906551361084,-0.5796036720275879,-0.6499677896499634,-0.24884116649627686,-1.8846296072006226,0.44374656677246094,1.097632884979248,-1.0304462909698486
0.05475799999999998,0.0034223749999999996,16.0,2.035421724775701,-1.24375920416668,0.12807418250259034,-0.013971695951000786,-0.0003383118227073739,-0.006394707635657735,0.06853929833512667,0.01284097135066986,0.12656281888484955,-0.15923947095870972,0.5805945992469788,0.08481017500162125,-1.0604231357574463,0.7386345863342285,0.2187071144580841,-0.012097226455807686,0.2766106128692627,-0.0857158973813057,-0.7997724413871765
0.05475799999999998,0.0034223749999999996,16.0,2.03089653883335,-1.239153423014097,0.12807786736794582,-0.0075351049572123475,-0.00017757333798148995,-0.003453699266213544,0.06853095392586336,0.01308712363243103,0.13005055487155914,-0.15932011604309082,0.5810905694961548,0.05659895017743111,-1.0495295524597168,0.7420509457588196,0.21560856699943542,-0.01702050492167473,0.2991816997528076,-0.13011384010314941,-0.7966673374176025
0.05475799999999998,0.0034223749999999996,16.0,2.0255056475959776,-1.2337588220756546,0.1280531394612978,-0.006188395283402917,-0.00014488215943336529,-0.002836627712681306,0.06852687189847043,0.011728435754776001,0.13285957276821136,-0.16024476289749146,0.582656741142273,0.052325863391160965,-1.0400002002716064,0.7426155209541321,0.21316885948181152,-0.010273613035678864,0.3018221855163574,-0.16158704459667206,-0.7955611348152161
0.05475799999999998,0.0034223749999999996,16.0,2.019295797489056,-1.2275730709249215,0.12804590466960541,-0.005595465670191373,-0.00013065177131328748,-0.0025650385898841953,0.06852441758619364,0.01096990704536438,0.13268332183361053,-0.1609548032283783,0.5768884420394897,0.0504218153655529,-1.0341529846191406,0.7515019178390503,0.2144039273262024,0.004064848646521568,0.30124568939208984,-0.1808931678533554,-0.7909931540489197
0.05475799999999998,0.0034223749999999996,16.0,2.012230559618313,-1.2205454759916399,0.12802740762059042,-0.005249347968478156,-0.00012403241306674674,-0.0024065535110430847,0.06852229770295958,0.009303897619247437,0.1336919367313385,-0.16209125518798828,0.5729724168777466,0.05038602277636528,-1.0249249935150146,0.7595463991165161,0.21461057662963867,0.02189730852842331,0.30039286613464355,-0.20926433801651,-0.7871860861778259
0.05475799999999998,0.0034223749999999996,16.0,2.0033033650947774,-1.2142496788740464,0.12545486173083656,-0.005011924942795745,-0.00014698948156282319,-0.002290230389392101,0.06860715629824914,0.008726298809051514,0.13329249620437622,-0.16257992386817932,0.5684463977813721,0.04889107123017311,-1.0203287601470947,0.7674750685691833,0.21434161067008972,0.03993698209524155,0.2974700927734375,-0.22906047105789185,-0.7823583483695984
0.05475799999999998,0.0034223749999999996,16.0,1.994585068470291,-1.2056353825968764,0.1253560372077378,-0.004811313209774943,-0.00014365971603910304,-0.002199216119701921,0.06860819267449286,0.006943225860595703,0.13266876339912415,-0.16350781917572021,0.5588877201080322,0.04955082759261131,-1.0104265213012695,0.7819430828094482,0.21677207946777344,0.06689755618572235,0.2959589958190918,-0.25674542784690857,-0.7752172350883484
0.05475799999999998,0.0034223749999999996,16.0,1.9850390136365086,-1.1961312430555155,0.12531640481220585,-0.004661550685230586,-0.00013895240598774675,-0.0021304566105933426,0.06860568261092027,0.005512923002243042,0.13295647501945496,-0.16452202200889587,0.5536237955093384,0.04817846789956093,-1.0010616779327393,0.7910956740379333,0.21720796823501587,0.08677113801240921,0.29272961616516113,-0.28130319714546204,-0.7703261375427246
0.05475799999999998,0.0034223749999999996,16.0,1.9746427386525471,-1.1857890929992838,0.12526992795878672,-0.004527714628615019,-0.0001348485821892658,-0.002068605973758953,0.06860217547244846,0.0034892261028289795,0.13421344757080078,-0.165836900472641,0.5496407747268677,0.04667842388153076,-0.98771071434021,0.7994030714035034,0.2167426347732544,0.10831102728843689,0.28920555114746094,-0.3131682574748993,-0.765754759311676
0.05475799999999998,0.0034223749999999996,16.0,1.9634245609763423,-1.1746313575999665,0.12526435160129168,-0.004393087517178024,-0.0001328168672766015,-0.00200779112452795,0.06860121752223115,0.0021677017211914062,0.13292457163333893,-0.16636154055595398,0.5396139621734619,0.044331975281238556,-0.9779319763183594,0.8129591941833496,0.2188228964805603,0.1345950961112976,0.28520917892456055,-0.3331286609172821,-0.7578144669532776
0.05475799999999998,0.0034223749999999996,16.0,1.9513903322491464,-1.1626193486781804,0.12528923239802964,-0.004268822773136905,-0.00012976626094284387,-0.0019507630180013848,0.06859992402813744,0.0015399456024169922,0.13210679590702057,-0.16672781109809875,0.5314621925354004,0.036915432661771774,-0.9689393043518066,0.8212949633598328,0.21997860074043274,0.1531616896390915,0.2795884609222412,-0.34894201159477234,-0.7507942914962769
0.05475799999999998,0.0034223749999999996,16.0,1.93851894925278,-1.149765368939419,0.1253100397295172,-0.004143119612892951,-0.00012409431082984713,-0.0018918603942348331,0.06859436870302565,0.0008306801319122314,0.13256396353244781,-0.16732805967330933,0.5291716456413269,0.031998440623283386,-0.9617316722869873,0.8266319632530212,0.218543142080307,0.1662103235721588,0.273850679397583,-0.36430680751800537,-0.7469879984855652
0.05475799999999998,0.0034223749999999996,16.0,1.9248676754965923,-1.1360790929911448,0.12536307535360405,-0.004033944437984908,-0.00011966230311740598,-0.0018415726868595838,0.06859345039512295,0.001422196626663208,0.13219691812992096,-0.1671508550643921,0.5245124101638794,0.022609129548072815,-0.9586739540100098,0.8279620409011841,0.21835121512413025,0.1724940985441208,0.2663729190826416,-0.36931487917900085,-0.7421049475669861
0.05475799999999998,0.0034223749999999996,16.0,1.9103833135928634,-1.1215928507127015,0.12537509808358202,-0.003895389533262759,-0.00011509668451453162,-0.0017775734890215834,0.06859414688128754,0.0024625062942504883,0.1315191388130188,-0.16639238595962524,0.5193900465965271,0.012094449251890182,-0.9585037231445312,0.8274142742156982,0.21844327449798584,0.17536583542823792,0.2593228816986084,-0.36927178502082825,-0.7370688319206238
0.05475799999999998,0.0034223749999999996,16.0,1.8950674241628525,-1.106271591668499,0.12534955217925484,-0.0037195124249026915,-0.00011106547632957322,-0.0016979536498299814,0.06859719633214192,0.0024254024028778076,0.132293701171875,-0.1662944257259369,0.5172483325004578,0.005514279939234257,-0.9535069465637207,0.826625406742096,0.21679353713989258,0.1814824640750885,0.25327634811401367,-0.3818656802177429,-0.7331985831260681
0.05475799999999998,0.0034223749999999996,16.0,1.8788929702413757,-1.0900956423513897,0.12537248222491915,-0.0035557228906654232,-0.0001056604144712582,-0.001622730087856516,0.06859608211916196,0.002283543348312378,0.13268974423408508,-0.16562166810035706,0.5133522152900696,0.0007641089614480734,-0.9490871429443359,0.8258729577064514,0.21564391255378723,0.19053077697753906,0.24805855751037598,-0.3931940197944641,-0.7280945181846619
0.05475799999999998,0.0034223749999999996,16.0,1.861902421921151,-1.0731285101836798,0.12536754690425866,-0.003368618131305983,-0.00010124887083305938,-0.0015378649344308102,0.06859904755547148,0.0021553635597229004,0.1322409063577652,-0.16474854946136475,0.5067323446273804,-0.007260343991219997,-0.9437692165374756,0.8269444108009338,0.21554502844810486,0.20137318968772888,0.24321436882019043,-0.40334874391555786,-0.7213582992553711
0.05475799999999998,0.0034223749999999996,16.0,1.8441015600590915,-1.055318503984723,0.12539750377437497,-0.0031919046591323452,-9.566848474151107e-5,-0.001457323423705949,0.06860115411799582,0.0036047399044036865,0.13068833947181702,-0.16252729296684265,0.49922841787338257,-0.018900640308856964,-0.9485149383544922,0.8222408294677734,0.21598994731903076,0.20163801312446594,0.23871254920959473,-0.395693838596344,-0.7143589854240417
0.05475799999999998,0.0034223749999999996,16.0,1.82543734270744,-1.0366222132194587,0.12545282142839606,-0.003007848266640196,-9.033737524285995e-5,-0.0013735546265881671,0.0686012224074923,0.0030699074268341064,0.13185538351535797,-0.16212433576583862,0.4964865446090698,-0.023741379380226135,-0.9412803649902344,0.8205694556236267,0.21379297971725464,0.21189437806606293,0.2331104278564453,-0.41376715898513794,-0.7093281745910645
0.05475799999999998,0.0034223749999999996,16.0,1.8059556849326786,-1.0171668408107668,0.1254485265326018,-0.0028428467688831186,-8.689856415592303e-5,-0.0012988501492887498,0.06860573914956596,0.003021925687789917,0.1313324123620987,-0.16101756691932678,0.4883759021759033,-0.033150430768728256,-0.9346752166748047,0.8210921287536621,0.2136712372303009,0.22473151981830597,0.2267591953277588,-0.4245375990867615,-0.7010795474052429
0.05475799999999998,0.0034223749999999996,16.0,1.7856644247232938,-0.9968605157767931,0.12547422369510333,-0.002627222135649182,-8.043070219450251e-5,-0.001200632967528066,0.06860913272969116,0.00398409366607666,0.1312572956085205,-0.15944090485572815,0.48339298367500305,-0.04473536089062691,-0.9354946613311768,0.8155365586280823,0.2123802900314331,0.22593963146209717,0.22086644172668457,-0.42707306146621704,-0.6947923898696899
0.05475799999999998,0.0034223749999999996,16.0,1.764476507951218,-0.9757895816993638,0.12550208222778164,-0.002412733003196845,-7.558126817043157e-5,-0.0011038724807950111,0.06861200085870807,0.0024528801441192627,0.1293150633573532,-0.1574055552482605,0.4663145840167999,-0.04716324061155319,-0.9189975261688232,0.8225882053375244,0.2153169810771942,0.26076841354370117,0.21456360816955566,-0.44435855746269226,-0.6806705594062805
0.05475799999999998,0.0034223749999999996,16.0,1.7425015607887042,-0.9538281687266299,0.12553624311639391,-0.0022095054575685465,-6.941185489553411e-5,-0.0010111217287417013,0.06861494816047826,0.0029280781745910645,0.12745626270771027,-0.15479061007499695,0.4529165029525757,-0.05747414007782936,-0.9148097038269043,0.8201034665107727,0.21698299050331116,0.2750513255596161,0.2079296112060547,-0.4451516270637512,-0.6689891219139099
0.05475799999999998,0.0034223749999999996,16.0,1.7196780439036239,-0.9310248853507253,0.12557870688543868,-0.002007146606643023,-6.300931699314642e-5,-0.0009185022414015465,0.0686175140414175,0.002564072608947754,0.12909545004367828,-0.15466228127479553,0.4466191232204437,-0.06861879676580429,-0.9012813568115234,0.8159354329109192,0.21428152918815613,0.2924777567386627,0.1969437599182129,-0.47250545024871826,-0.6598544120788574
0.05475799999999998,0.0034223749999999996,16.0,1.6960153354047798,-0.9074302687584981,0.1256468326288054,-0.0018441833672654742,-5.8163182243870824e-5,-0.0008449784392825765,0.06862173820500535,0.002765089273452759,0.1289411187171936,-0.15302741527557373,0.4324936866760254,-0.08344440162181854,-0.8891584873199463,0.8101803064346313,0.21433502435684204,0.3141002953052521,0.18517112731933594,-0.4890125095844269,-0.6457397937774658
0.05475799999999998,0.0034223749999999996,16.0,1.6715388650245084,-0.8830854528862953,0.12582863465288305,-0.0016445637489913444,-5.18118012568369e-5,-0.000755812168932483,0.06862916920485615,0.0040149688720703125,0.12617908418178558,-0.14889177680015564,0.4080457091331482,-0.10399691760540009,-0.8823728561401367,0.7989042401313782,0.2181011438369751,0.3353129029273987,0.17412161827087402,-0.4844830632209778,-0.6251497268676758
0.05475799999999998,0.0034223749999999996,16.0,1.6461629508717508,-0.8578477113163784,0.12613314724226318,-0.0014602246398528035,-4.585907347026064e-5,-0.0006734740837688713,0.06863237452132702,0.0034044981002807617,0.12186942994594574,-0.14037829637527466,0.3611723780632019,-0.12203298509120941,-0.8297421932220459,0.7821743488311768,0.23480889201164246,0.3423963487148285,0.17946267127990723,-0.4264075756072998,-0.5954006910324097
0.05475799999999998,0.0034223749999999996,16.0,1.6197746814222278,-0.8318603040518799,0.12640632419686043,-0.0012801555049874868,-3.0050052003785754e-5,-0.000586801418004049,0.06864630400316439,0.002799004316329956,0.11445539444684982,-0.12811025977134705,0.3101319968700409,-0.13312779366970062,-0.7752485275268555,0.7545617818832397,0.25609517097473145,0.34857261180877686,0.18993902206420898,-0.3391580581665039,-0.5661170482635498
0.05475799999999998,0.0034223749999999996,16.0,1.5925053437735166,-0.8049752333582836,0.12656913347756887,-0.001129045442799194,-2.342952743179867e-5,-0.0005197488157271659,0.06863765403356972,0.0023938417434692383,0.10768360644578934,-0.11411598324775696,0.255524218082428,-0.14736540615558624,-0.6898066997528076,0.706322431564331,0.282226026058197,0.32759612798690796,0.21497225761413574,-0.22069084644317627,-0.538172721862793
0.05475799999999998,0.0034223749999999996,16.0,1.5644367973604423,-0.7773696664919577,0.12665769804548868,-0.000994998003822932,-1.861393769374023e-5,-0.00046034654944831425,0.06862805577737033,0.0029998719692230225,0.09951436519622803,-0.09873718023300171,0.20161204040050507,-0.16156436502933502,-0.5756711959838867,0.6278706789016724,0.31164637207984924,0.27303817868232727,0.2609834671020508,-0.07504434883594513,-0.5142499208450317
0.05475799999999998,0.0034223749999999996,16.0,1.5355858722302649,-0.7488447525518841,0.12669852071943905,-0.000821092926537578,-1.3300000001110919e-5,-0.0003803792762570082,0.06861765621409038,-0.03578627109527588,0.10700850933790207,-0.09358376264572144,0.2575063109397888,-0.05000907555222511,-0.6093926429748535,0.36072346568107605,0.4021380543708801,0.4290272295475006,0.5768287181854248,-0.11894558370113373,-0.6602979898452759
0.05475799999999998,0.0034223749999999996,16.0,1.5061034587643443,-0.7194783105284288,0.12670955104076143,-0.0006893032595298768,-1.0570498734644095e-5,-0.00031927031229536337,0.0686112499419521,-0.035937607288360596,0.09716847538948059,-0.08681431412696838,0.21990877389907837,-0.027241531759500504,-0.43611621856689453,0.2848298251628876,0.4033385217189789,0.4300991892814636,0.6055088043212891,-0.10204204171895981,-0.6240071654319763
0.05475799999999998,0.0034223749999999996,16.0,1.4758456372066802,-0.6892303525999491,0.12666172938691847,-0.0005173716509464405,-7.720853551228966e-6,-0.00023961806083194238,0.06860363641876031,-0.033933401107788086,0.09238579124212265,-0.08483242988586426,0.2046445608139038,-0.006645091809332371,-0.28438830375671387,0.19997628033161163,0.3815857470035553,0.43214675784111023,0.6034021377563477,-0.1635483354330063,-0.5869670510292053
0.05475799999999998,0.0034223749999999996,16.0,1.4447988005432626,-0.6581156337820613,0.12656530836946914,-0.0003247962283006273,-4.604938242205455e-6,-0.00015021869280918676,0.06860063442059375,-0.030942082405090332,0.09066537767648697,-0.08568459749221802,0.2065439522266388,0.004185936413705349,-0.16057801246643066,0.1183462142944336,0.343227744102478,0.42415404319763184,0.5875320434570312,-0.2559923529624939,-0.550486147403717
0.05475799999999998,0.0034223749999999996,16.0,1.4128993652637214,-0.6261598252541124,0.12649264875667193,-0.00015140216740441856,-2.2161823993160685e-6,-7.004682265789219e-5,0.06859872424908157,-0.028534233570098877,0.09010116755962372,-0.088051438331604,0.21138162910938263,0.011974912136793137,-0.10075068473815918,0.08191482722759247,0.3148130774497986,0.4376268684864044,0.5635504722595215,-0.3258562982082367,-0.5269057154655457
0.05475799999999998,0.0034223749999999996,16.0,1.3801404722229287,-0.5934019225055849,0.12646184390242793,1.771794412217411e-5,2.837925861443623e-7,8.210143221272823e-6,0.06859666758179914,-0.02661725878715515,0.08846169710159302,-0.08920884132385254,0.20935148000717163,0.023742325603961945,-0.07654666900634766,0.07041633129119873,0.3017895221710205,0.46997177600860596,0.5375857353210449,-0.3673340976238251,-0.5117882490158081
0.05475799999999998,0.0034223749999999996,16.0,1.3465303457653817,-0.5597802169951048,0.1264400612973983,0.00018743201124449315,3.058086907998279e-6,8.68349214649646e-5,0.06859575534668078,-0.02574634552001953,0.08840376138687134,-0.09133461117744446,0.21001484990119934,0.028108932077884674,-0.06154680252075195,0.06791727244853973,0.2923705577850342,0.4877999722957611,0.5234079360961914,-0.3941099941730499,-0.5030335187911987
0.05475799999999998,0.0034223749999999996,16.0,1.3120528962235123,-0.5253076333154902,0.12637556330234206,0.0003713306344716282,5.902614860353477e-6,0.0001719169542283134,0.06859498821452795,-0.02598288655281067,0.08976266533136368,-0.09470584988594055,0.21316950023174286,0.02752206102013588,-0.056275367736816406,0.0725749284029007,0.28563088178634644,0.49588847160339355,0.520214319229126,-0.4108837842941284,-0.49948474764823914
0.05475799999999998,0.0034223749999999996,16.0,1.2767400913953992,-0.4900179875366934,0.12635287365824008,0.0005164700353570388,8.281657212450112e-6,0.00023912090893443656,0.06859396312467145,-0.02679714560508728,0.09008514881134033,-0.09559696912765503,0.21134048700332642,0.028007742017507553,-0.045128822326660156,0.07693615555763245,0.28541299700737,0.5026001930236816,0.5209250450134277,-0.41734328866004944,-0.49746936559677124
0.05475799999999998,0.0034223749999999996,16.0,1.2405948974915777,-0.4538964702544107,0.12632799112759183,0.0006796905146042886,1.1000469584810003e-5,0.00031470209057786155,0.06859290822818274,-0.027847886085510254,0.09047645330429077,-0.09642508625984192,0.20922821760177612,0.027707017958164215,-0.03409242630004883,0.08252908289432526,0.2862764596939087,0.5078868269920349,0.5233392715454102,-0.42120736837387085,-0.4962555468082428
0.05475799999999998,0.0034223749999999996,16.0,1.2036264890393844,-0.4169432026893709,0.1263139960236589,0.0008532759517366419,1.3933989526438953e-5,0.0003950663802758746,0.06859198363337976,-0.02883279323577881,0.09085783362388611,-0.09747013449668884,0.20730403065681458,0.026282258331775665,-0.02290964126586914,0.08878369629383087,0.287189781665802,0.5122283101081848,0.5252828598022461,-0.42397087812423706,-0.49528270959854126
0.05475799999999998,0.0034223749999999996,16.0,1.1658392755766822,-0.3791635434148362,0.12629064127196768,0.0010496025861355294,1.753832013154478e-5,0.000486059152608621,0.06859065178367713,-0.030670166015625,0.09271776676177979,-0.10027942061424255,0.20774000883102417,0.02500499039888382,-0.011348485946655273,0.10287332534790039,0.28983980417251587,0.5184036493301392,0.5313682556152344,-0.43160733580589294,-0.49843862652778625
0.05475799999999998,0.0034223749999999996,16.0,1.1271881585047447,-0.3405329166747865,0.12628386525253973,0.0012364085654951859,2.090621978574302e-5,0.0005725107087762051,0.06858963895697642,-0.031815171241760254,0.09365254640579224,-0.10225841403007507,0.20604978501796722,0.02696852758526802,0.0057353973388671875,0.11241132020950317,0.2936876714229584,0.5355411171913147,0.5303752422332764,-0.44538167119026184,-0.5006265640258789
0.05475799999999998,0.0034223749999999996,16.0,1.0877245433679945,-0.3011153925454182,0.12627577013535823,0.0013578189074031851,2.347461590763593e-5,0.0006288419015710787,0.06858974211833903,-0.03250351548194885,0.09285590052604675,-0.10231804847717285,0.2011154741048813,0.030299879610538483,0.02312302589416504,0.11641731858253479,0.29767125844955444,0.5489299297332764,0.5266828536987305,-0.4496700167655945,-0.4996727705001831
0.05475799999999998,0.0034223749999999996,16.0,1.047435286208463,-0.26083967852570294,0.12624392646485963,0.0015129458177469944,2.6585286586851114e-5,0.0007007358121662413,0.06858899090414064,-0.033292561769485474,0.09262384474277496,-0.10296908020973206,0.19898241758346558,0.02492387965321541,0.027064085006713867,0.12209293246269226,0.2950950860977173,0.5412937998771667,0.5307571887969971,-0.44013550877571106,-0.4950037896633148
0.05475799999999998,0.0034223749999999996,16.0,1.0063005979079829,-0.219688728645551,0.1261475263563285,0.0016643717328250571,3.07781419724232e-5,0.0007715300712414812,0.06858581749339565,-0.03622660040855408,0.0956290066242218,-0.10776370763778687,0.20046213269233704,0.02502976357936859,0.03143143653869629,0.1441216915845871,0.2974662184715271,0.5532553791999817,0.541501522064209,-0.4481090307235718,-0.4989633858203888
0.05475799999999998,0.0034223749999999996,16.0,0.965165267711549,-0.17639048933766563,0.12877982116284245,0.0018063662602022077,2.224518091524544e-5,0.0008431299397162002,0.06850552084253286,-0.037029147148132324,0.0949864462018013,-0.10694384574890137,0.19306118786334991,0.02059643715620041,0.043724775314331055,0.14405474066734314,0.2984919548034668,0.5489342212677002,0.5463366508483887,-0.437007874250412,-0.49261507391929626
0.05475799999999998,0.0034223749999999996,16.0,0.922325999144902,-0.13357685338360967,0.1287752454755756,0.0019047366756809103,2.7049775788341477e-5,0.0008898720656881095,0.06850217752997212,-0.04340037703514099,0.09795138984918594,-0.10850831866264343,0.18234790861606598,0.03050750494003296,0.06093716621398926,0.17717957496643066,0.3175812363624573,0.5708714723587036,0.5719075202941895,-0.4288417398929596,-0.5011341571807861
0.05475799999999998,0.0034223749999999996,16.0,0.8785564083113334,-0.08994536174767905,0.12880060972730092,0.0018803123573561693,2.7724900781077076e-5,0.0008805273799018814,0.06850091688904818,-0.04667419195175171,0.10156469792127609,-0.11013427376747131,0.16618695855140686,0.05493028834462166,0.06239509582519531,0.15433716773986816,0.3530602753162384,0.5070338249206543,0.6448330879211426,-0.3664763569831848,-0.520353376865387
0.05475799999999998,0.0034223749999999996,16.0,0.833230505045803,-0.0465201072489587,0.12594448250324305,0.0017577183268833432,2.7430386753113686e-5,0.0008229349828539186,0.06856518411325142,-0.05694073438644409,0.12206704169511795,-0.11637845635414124,0.16167905926704407,0.05418892577290535,0.01860332489013672,0.07604071497917175,0.41106128692626953,0.2099737524986267,0.8801963329315186,-0.18104188144207,-0.5736412405967712
0.05475799999999998,0.0034223749999999996,16.0,0.7875372785533732,-0.0005436865431964393,0.12570183073335914,0.000102574658291514,4.186068650670012e-7,4.831884104841993e-5,0.06853862139307709,-0.08302441239356995,0.16730855405330658,-0.1182299256324768,0.1655079573392868,-0.03206385299563408,0.04213714599609375,-0.15299956500530243,0.5308322906494141,-0.3766176700592041,1.2900192737579346,0.005374332889914513,-0.6958199143409729
0.05475799999999998,0.0034223749999999996,16.0,0.831578667153222,0.04375775294060546,0.12766979545643203,-0.0017050540742485183,-5.051902838490992e-5,-0.0008206524080239052,0.06839088990890176,-0.16862687468528748,0.04953109472990036,-0.1466405987739563,0.21028336882591248,-0.6441333889961243,0.25779294967651367,0.5554952621459961,-0.06122446060180664,-0.27129215002059937,1.1828112602233887,0.28074830770492554,-0.14296430349349976
0.05475799999999998,0.0034223749999999996,16.0,0.8747745454642175,0.08879308925324796,0.12792398629731708,-0.0018996651268145845,-2.761320342854584e-5,-0.0009206744667608897,0.06827490170003789,-0.22488898038864136,0.07746458798646927,-0.13044941425323486,0.45387858152389526,-0.7501315474510193,0.38215041160583496,0.3131464123725891,0.029035121202468872,-1.0298891067504883,1.5872364044189453,0.443095862865448,-0.4764593839645386
0.05475799999999998,0.0034223749999999996,16.0,0.9177233881269745,0.13288618563630497,0.12825527086959057,-0.0018913058843281804,-1.4850891349896784e-5,-0.0009128804026028219,0.06821318833988112,-0.251576691865921,0.09904708713293076,-0.11843627691268921,0.5890758633613586,-0.7985612154006958,0.4425351619720459,0.22941415011882782,0.09268981218338013,-1.3178802728652954,1.7273740768432617,0.4612913727760315,-0.6760884523391724
0.05475799999999998,0.0034223749999999996,16.0,0.9602736707609363,0.17595196808726438,0.12834158747381366,-0.0017841954810366046,-1.2043930697972022e-5,-0.0008588679777309029,0.06819513099406035,-0.25950363278388977,0.10985169559717178,-0.1157548725605011,0.6336188316345215,-0.8066045641899109,0.4646587371826172,0.229938343167305,0.11602184176445007,-1.4072853326797485,1.7566728591918945,0.44787460565567017,-0.7444530725479126
0.05475799999999998,0.0034223749999999996,16.0,1.0021156519152488,0.21804262298390106,0.12835813968744897,-0.00163287191128719,-1.0565038063603548e-5,-0.0007847039627382948,0.06818738576493372,-0.26264074444770813,0.11554057151079178,-0.11536785960197449,0.6510168313980103,-0.8085551261901855,0.4766056537628174,0.22274115681648254,0.12715449929237366,-1.4379405975341797,1.7631559371948242,0.4530887305736542,-0.773276686668396
0.05475799999999998,0.0034223749999999996,16.0,1.0431630675129717,0.25923453195594537,0.12831002857258195,-0.0014476823747237896,-9.847539713175497e-6,-0.0006960337167645397,0.06818939989720767,-0.26559922099113464,0.11894473433494568,-0.11691653728485107,0.6413561105728149,-0.8237647414207458,0.488911509513855,0.2378454953432083,0.1439254879951477,-1.4509855508804321,1.7672195434570312,0.463057279586792,-0.7804846167564392
0.05475799999999998,0.0034223749999999996,16.0,1.0834569834854693,0.2996135358277358,0.1283083279125693,-0.00136295837518199,-9.977111868818031e-6,-0.0006540613293140264,0.06818435796945123,-0.26597389578819275,0.12308475375175476,-0.11808210611343384,0.651318371295929,-0.8125420212745667,0.5047932863235474,0.2652609944343567,0.14994415640830994,-1.4726566076278687,1.7564034461975098,0.4636658728122711,-0.7967599630355835
0.05475799999999998,0.0034223749999999996,16.0,1.122913156271265,0.3391680672757333,0.12829654670609555,-0.0011666224602012141,-8.306951988767515e-6,-0.0005585291799162106,0.068174892218803,-0.2660427391529083,0.12890349328517914,-0.11640366911888123,0.6897991895675659,-0.7873309254646301,0.5241776704788208,0.2693008780479431,0.145928293466568,-1.5065860748291016,1.744678020477295,0.4678376615047455,-0.8316963911056519
0.05475799999999998,0.0034223749999999996,16.0,1.1614925367826492,0.3778987696316534,0.12829511928994602,-0.0010158352993760481,-7.379434505128529e-6,-0.00048549994538936696,0.0681696442336772,-0.2677980959415436,0.13398674130439758,-0.1162833571434021,0.7064633369445801,-0.7865012288093567,0.5440315008163452,0.28198331594467163,0.15422219038009644,-1.5367236137390137,1.7372145652770996,0.47784700989723206,-0.8569859266281128
0.05475799999999998,0.0034223749999999996,16.0,1.1992422692245142,0.41579760341643607,0.1282930422694052,-0.0008273181686536002,-6.131134524711872e-6,-0.0003947274929004463,0.06816435259107359,-0.26947125792503357,0.13908950984477997,-0.11609974503517151,0.7233129143714905,-0.7844386696815491,0.5638493299484253,0.2945428490638733,0.16176629066467285,-1.5652477741241455,1.7290229797363281,0.48760882019996643,-0.8817101120948792
0.05475799999999998,0.0034223749999999996,16.0,1.2361626430578827,0.452862012642321,0.12828913566752173,-0.000659058073597138,-5.0083870634270236e-6,-0.00031392325541455216,0.06815924097492547,-0.27107855677604675,0.1441235989332199,-0.11587974429130554,0.739800214767456,-0.7817106246948242,0.5837404727935791,0.3075926899909973,0.16882562637329102,-1.592077374458313,1.7202200889587402,0.4977301061153412,-0.9055859446525574
0.05475799999999998,0.0034223749999999996,16.0,1.2722442074517146,0.48910234125714125,0.12829384986362255,-0.0004982553302592202,-3.870520261004097e-6,-0.00023689685133667572,0.0681533993434957,-0.2729105055332184,0.14937341213226318,-0.11536237597465515,0.7577183842658997,-0.780620276927948,0.6056544780731201,0.32102319598197937,0.17606863379478455,-1.6212666034698486,1.7107577323913574,0.5092633962631226,-0.9310897588729858
0.05475799999999998,0.0034223749999999996,16.0,1.3074853204949581,0.5245155434689777,0.12829427334571278,-0.00034263803339405096,-2.7311369444133137e-6,-0.00016258583705538527,0.06814701323777986,-0.27497997879981995,0.15493564307689667,-0.11450985074043274,0.7770808935165405,-0.7816174030303955,0.6297330856323242,0.3347250819206238,0.18388277292251587,-1.6541084051132202,1.7003579139709473,0.5236244797706604,-0.9586275815963745
0.05475799999999998,0.0034223749999999996,16.0,1.3418725174562396,0.559123664978249,0.1283416426529589,-0.0001924452805891733,-1.5598314022845002e-6,-9.104301277269153e-5,0.06813718958117208,-0.27737340331077576,0.16110672056674957,-0.11296409368515015,0.8001940846443176,-0.7892292141914368,0.6587105989456177,0.35000643134117126,0.19311073422431946,-1.700124740600586,1.6861052513122559,0.5491293668746948,-0.9913913011550903
0.05475799999999998,0.0034223749999999996,16.0,1.3753184229241175,0.5929340744957172,0.12842220410293737,-5.7637428200727437e-5,-4.878759060623036e-7,-2.715114128578011e-5,0.06812664159353617,-0.2819424569606781,0.16877047717571259,-0.10928958654403687,0.8312613368034363,-0.8143395781517029,0.6961264610290527,0.35354986786842346,0.207889586687088,-1.7695996761322021,1.6731891632080078,0.5913597345352173,-1.0377548933029175
0.05475799999999998,0.0034223749999999996,16.0,1.407888650715915,0.6259707889228168,0.1286131306769366,0.0001231369672456162,1.0188736940981275e-6,5.7568064190143505e-5,0.068109337820264,-0.2876168191432953,0.17697982490062714,-0.10448452830314636,0.8581880331039429,-0.8696444630622864,0.7483429908752441,0.36507609486579895,0.23013147711753845,-1.8601001501083374,1.6490230560302734,0.6581370830535889,-1.0875020027160645
0.05475799999999998,0.0034223749999999996,16.0,1.4398266683553154,0.6564084770880189,0.12628819849834988,0.00029140164101419983,3.5706710534075176e-6,0.00013485059407115915,0.06823484243541109,-0.275295227766037,0.175153911113739,-0.08810386061668396,0.9399670362472534,-0.9354312419891357,0.7667663097381592,0.3373013436794281,0.20950540900230408,-1.9085509777069092,1.5035784244537354,0.8745877146720886,-1.1498222351074219
0.05475799999999998,0.0034223749999999996,16.0,1.4709559784617903,0.6876433080791426,0.12666102868317092,0.0004622129272431735,5.197999358234597e-6,0.00021167471856618284,0.06822681347170641,-0.2534322440624237,0.16186945140361786,-0.061818599700927734,1.0307037830352783,-1.0410866737365723,0.7856878042221069,0.2857118844985962,0.17488640546798706,-1.9226884841918945,1.25272536277771,1.223188877105713,-1.2072604894638062
0.05475799999999998,0.0034223749999999996,16.0,1.5015475750988758,0.7178484815416697,0.1272092400182674,0.0006644905503877905,6.6828558449232425e-6,0.00030035349540682125,0.06822033158290292,-0.22702547907829285,0.1466813087463379,-0.031936049461364746,1.120877742767334,-1.1006619930267334,0.7687404155731201,0.25104352831840515,0.12642449140548706,-1.8911341428756714,0.9787721633911133,1.5272570848464966,-1.2500174045562744
0.05475799999999998,0.0034223749999999996,16.0,1.5314950815442017,0.7469813819384079,0.12782412775171573,0.0008098009806904828,7.098478998315515e-6,0.00036108760701588944,0.06822451502529156,-0.19769030809402466,0.12706896662712097,0.0010569393634796143,1.1838784217834473,-1.1548367738723755,0.720279335975647,0.22296054661273956,0.08370998501777649,-1.8210086822509766,0.6779003143310547,1.8298759460449219,-1.2710397243499756
0.05475799999999998,0.0034223749999999996,16.0,1.5606785814798991,0.7750824105266103,0.1286914258041682,0.0009946818939188546,5.54387985175394e-6,0.000440584473061494,0.06822763925773787,-0.17196521162986755,0.09253978729248047,0.07854911684989929,1.2081730365753174,-0.12130740284919739,0.17404556274414062,-0.15462332963943481,-0.12884032726287842,-2.1676902770996094,1.085923433303833,1.539412021636963,-1.0800912380218506
0.05475799999999998,0.0034223749999999996,16.0,1.5891205449554315,0.8022019313570833,0.12944452862675884,0.0011360024123557347,2.6436194208511454e-6,0.0005014500520770674,0.06825041237246934,-0.1411907970905304,0.0714106485247612,0.09688445925712585,1.188063144683838,-0.08683460205793381,-0.014862537384033203,-0.22615839540958405,-0.1757945418357849,-2.05468487739563,0.912604808807373,1.6350433826446533,-1.0124963521957397
0.05475799999999998,0.0034223749999999996,16.0,1.6166156775021527,0.8285758151060457,0.1302730389019812,0.001291740493100666,-4.010579971632945e-6,0.0005750360924595266,0.0682706234637441,-0.11948716640472412,0.05801184102892876,0.11301758885383606,1.1758530139923096,-0.039219167083501816,-0.16175365447998047,-0.28343087434768677,-0.2087850570678711,-1.973138451576233,0.7827181816101074,1.6462733745574951,-0.9667285680770874
0.05475799999999998,0.0034223749999999996,16.0,1.6431849354658425,0.8542987397903747,0.13108834555232174,0.0014760742139273992,-1.3406324928738958e-5,0.0006673640817243721,0.06828997425810553,-0.100548654794693,0.046194083988666534,0.12515363097190857,1.1470956802368164,0.01632053405046463,-0.2902407646179199,-0.3257513642311096,-0.23087483644485474,-1.8928515911102295,0.6784355640411377,1.6220190525054932,-0.9153726696968079
0.05475799999999998,0.0034223749999999996,16.0,1.6688992368994,0.879368788584991,0.13131778533375663,0.001666442484818571,-1.6693270579983547e-5,0.0007529970061116906,0.06831222325650929,-0.0914587676525116,0.04384355619549751,0.13331201672554016,1.1440184116363525,0.05759429559111595,-0.3447835445404053,-0.35058796405792236,-0.23885786533355713,-1.8721132278442383,0.627185583114624,1.5726977586746216,-0.9041010141372681
0.05475799999999998,0.0034223749999999996,16.0,1.6936107534050489,0.9036510331169579,0.13151380878805768,0.0018779603207834542,-2.060850955978343e-5,0.0008483104086959732,0.06833164566099346,-0.0882563591003418,0.04372505471110344,0.13509973883628845,1.1450605392456055,0.07405059039592743,-0.3510880470275879,-0.36370226740837097,-0.23711317777633667,-1.8863896131515503,0.620182991027832,1.5612890720367432,-0.9070252776145935
0.05475799999999998,0.0034223749999999996,16.0,1.7174208507044146,0.9272103158175103,0.13158913637882125,0.002034398535547905,-2.333564082570811e-5,0.0009192933747627517,0.0683427378259949,-0.0861375629901886,0.04391356557607651,0.13578370213508606,1.144158124923706,0.08433949202299118,-0.35330629348754883,-0.37182432413101196,-0.23356950283050537,-1.8983912467956543,0.6189677715301514,1.5586682558059692,-0.9098114371299744
0.05475799999999998,0.0034223749999999996,16.0,1.7402700764813899,0.9500349529010724,0.1316336644190664,0.002234071749872912,-2.6746662758885124e-5,0.0010096745433578204,0.06834519961676998,-0.0846920907497406,0.044492945075035095,0.13593348860740662,1.1424965858459473,0.09208405762910843,-0.3526320457458496,-0.3772798478603363,-0.22885435819625854,-1.9102061986923218,0.6208953857421875,1.5603294372558594,-0.913004994392395
0.05475799999999998,0.0034223749999999996,16.0,1.7622611526814316,0.9720590845422326,0.13171482386410635,0.0024370211518910745,-3.0487707956592202e-5,0.0011009462696936999,0.06834367546695945,-0.08356240391731262,0.046501003205776215,0.13805654644966125,1.148735761642456,0.10341886430978775,-0.3581058979034424,-0.386057049036026,-0.22718119621276855,-1.9174280166625977,0.6152100563049316,1.5442042350769043,-0.9209333658218384
0.05475799999999998,0.0034223749999999996,16.0,1.7835138126438776,0.9932600701531632,0.1317518705914135,0.0026506922686672777,-3.304170016328977e-5,0.0011973926120612715,0.06834569711451322,-0.08270436525344849,0.0478794239461422,0.13933196663856506,1.1526505947113037,0.1096813827753067,-0.3630068302154541,-0.39308515191078186,-0.2249307632446289,-1.921567440032959,0.6120848655700684,1.535669207572937,-0.9271178245544434
0.05475799999999998,0.0034223749999999996,16.0,1.8038240155172234,1.0135535205972324,0.131718650094148,0.002866062705901765,-3.704491915858225e-5,0.0012932512872751451,0.06834977728034437,-0.08217939734458923,0.049749769270420074,0.1424415409564972,1.165579080581665,0.11207571625709534,-0.3849518299102783,-0.410414457321167,-0.22754931449890137,-1.9109222888946533,0.599982500076294,1.5083264112472534,-0.9372245073318481
0.05475799999999998,0.0034223749999999996,16.0,1.8233384703071596,1.0331488547801975,0.1319230995365123,0.003033418754891555,-3.968084843109602e-5,0.001368112510931648,0.06834951803986236,-0.08172541856765747,0.05233044922351837,0.14724448323249817,1.1811867952346802,0.12183402478694916,-0.4049816131591797,-0.4256945848464966,-0.2308872938156128,-1.9055237770080566,0.5827250480651855,1.4748897552490234,-0.9492899179458618
0.05475799999999998,0.0034223749999999996,16.0,1.841976920629925,1.0518782819225794,0.13207948437360326,0.0032231432578101187,-4.3848166144460465e-5,0.0014523368220407049,0.06834897033712485,-0.0814124047756195,0.05474603548645973,0.14980533719062805,1.1886181831359863,0.1336127668619156,-0.4114518165588379,-0.43465879559516907,-0.23083418607711792,-1.9095227718353271,0.5772652626037598,1.4567675590515137,-0.9567425847053528
0.05475799999999998,0.0034223749999999996,16.0,1.859813079091838,1.0696899899544883,0.132001715437148,0.0033876492100940888,-4.62444375846843e-5,0.0015272524270789714,0.06835114337548491,-0.08110865950584412,0.05372609570622444,0.14808109402656555,1.1861950159072876,0.12460829317569733,-0.41848158836364746,-0.4439794421195984,-0.2278897762298584,-1.904640555381775,0.5828981399536133,1.4703772068023682,-0.9572924375534058
0.05475799999999998,0.0034223749999999996,16.0,1.8768015728303604,1.0867160427908098,0.13204558132765093,0.003580209471766819,-5.0207897679582044e-5,0.0016141994550480446,0.06835052493088747,-0.08052235841751099,0.05411877855658531,0.14781126379966736,1.1842032670974731,0.12805001437664032,-0.4173767566680908,-0.44748830795288086,-0.22404104471206665,-1.9117710590362549,0.5867631435394287,1.4769989252090454,-0.9592500329017639
0.05475799999999998,0.0034223749999999996,16.0,1.8929864435749006,1.1029659187501641,0.13215834200173268,0.00374998301911769,-5.352907314485971e-5,0.0016900740153753416,0.0683507695230803,-0.07996270060539246,0.056332170963287354,0.15086856484413147,1.1935443878173828,0.13733543455600739,-0.42798686027526855,-0.45760664343833923,-0.225372314453125,-1.9111690521240234,0.5756864547729492,1.4521937370300293,-0.9671638607978821
0.05475799999999998,0.0034223749999999996,16.0,1.908319008020193,1.1182335710890745,0.1320054821022714,0.003918449641823024,-5.7078023734582304e-5,0.0017657216281309154,0.06835418669433026,-0.07931855320930481,0.05612601712346077,0.15188953280448914,1.1971921920776367,0.1356484442949295,-0.4406108856201172,-0.4683753252029419,-0.22542744874954224,-1.906378149986267,0.5698211193084717,1.4498672485351562,-0.9707006812095642
0.05475799999999998,0.0034223749999999996,16.0,1.9228768180579228,1.1327280230502723,0.13198630444246925,0.004049952592780458,-5.879521930407963e-5,0.0018252026581796847,0.06835826914987002,-0.07865643501281738,0.05590403825044632,0.15230724215507507,1.199126958847046,0.13445311784744263,-0.45141077041625977,-0.4767563045024872,-0.22516751289367676,-1.9020910263061523,0.5666155815124512,1.4493368864059448,-0.9728725552558899
0.05475799999999998,0.0034223749999999996,16.0,1.9366161590557616,1.1463940981914293,0.13195691792684444,0.004167973126045962,-6.022332592284139e-5,0.0018787929944860603,0.06836251047774933,-0.07779836654663086,0.0555618554353714,0.1525680124759674,1.2000911235809326,0.13567490875720978,-0.45986127853393555,-0.48383522033691406,-0.22472405433654785,-1.9010422229766846,0.5630242824554443,1.4501968622207642,-0.9742962121963501
0.05475799999999998,0.0034223749999999996,16.0,1.9495482138171425,1.1593584980421172,0.13216314534122148,0.004293840641653921,-6.126282652435506e-5,0.001936307243268281,0.06836299785321967,-0.07716155052185059,0.05557016655802727,0.1524658501148224,1.1986347436904907,0.1422516405582428,-0.4601781368255615,-0.48724451661109924,-0.2231537103652954,-1.912848711013794,0.564324140548706,1.4584633111953735,-0.9745108485221863
0.05475799999999998,0.0034223749999999996,16.0,1.96158147339048,1.1713155976075074,0.13204275036211707,0.00442780510292811,-6.397270957212707e-5,0.0019947131270419043,0.06836879380681944,-0.07657992839813232,0.05836620554327965,0.15946081280708313,1.2172263860702515,0.15533700585365295,-0.4846768379211426,-0.501470148563385,-0.23046714067459106,-1.9053617715835571,0.5361499786376953,1.4135799407958984,-0.9854933023452759
0.05475799999999998,0.0034223749999999996,16.0,1.97277092751676,1.1825331159770733,0.1321222589205692,0.004564935368801303,-6.699317223319299e-5,0.002053993837734927,0.06837088708890642,-0.0762978196144104,0.061511728912591934,0.1655518114566803,1.2321696281433105,0.16861537098884583,-0.502544641494751,-0.5121127963066101,-0.23577123880386353,-1.9015085697174072,0.5134749412536621,1.3720343112945557,-0.9948939085006714
0.05475799999999998,0.0034223749999999996,16.0,1.9831864964345076,1.19293877327712,0.13216341909505824,0.004696774097038884,-6.776904187279231e-5,0.0021112527750214395,0.06837558457432914,-0.07609835267066956,0.0651606023311615,0.1716078817844391,1.2451121807098389,0.18548299372196198,-0.5141856670379639,-0.5200278759002686,-0.24046951532363892,-1.9013617038726807,0.491138219833374,1.3293366432189941,-1.0029510259628296
0.05475799999999998,0.0034223749999999996,16.0,1.9927342291324812,1.2025748945128711,0.13237435601377884,0.004849454710588388,-6.987968343680556e-5,0.002178552989302162,0.06837616181638033,-0.0761285126209259,0.06826431304216385,0.17597833275794983,1.2532286643981934,0.20010222494602203,-0.519932746887207,-0.5253751873970032,-0.24268049001693726,-1.9046019315719604,0.47692179679870605,1.2990405559539795,-1.0087484121322632
0.05475799999999998,0.0034223749999999996,16.0,2.0019423149736597,1.212589750543292,0.135974446313292,0.005058681630932839,-0.0001300701397599466,0.002273514686036765,0.0682441476515442,-0.07839187979698181,0.07124726474285126,0.17361518740653992,1.2476218938827515,0.2184835821390152,-0.48933887481689453,-0.5138429403305054,-0.23353135585784912,-1.9442987442016602,0.5014808177947998,1.315349817276001,-1.0125584602355957
0.05475799999999998,0.0034223749999999996,16.0,2.0098566750213864,1.2205570601953057,0.13613341916448646,0.005291970632552726,-0.0001354573349343165,0.00237501687992841,0.06825032429807468,-0.07896152138710022,0.07601888477802277,0.1792134940624237,1.25845468044281,0.23907935619354248,-0.49402642250061035,-0.5199502110481262,-0.23790305852890015,-1.9441993236541748,0.4825313091278076,1.2657822370529175,-1.0188266038894653
0.05475799999999998,0.0034223749999999996,16.0,2.0168811769646906,1.2276444582555426,0.13623518582736727,0.005649145091061275,-0.0001456908252988202,0.0025338443942351497,0.06825287784975098,-0.07925841212272644,0.078415147960186,0.18334099650382996,1.2673161029815674,0.24837017059326172,-0.5068037509918213,-0.5314832329750061,-0.2417774200439453,-1.9383279085159302,0.46524643898010254,1.2335262298583984,-1.0235925912857056
0.05475799999999998,0.0034223749999999996,16.0,2.0231136480222673,1.2339276829965184,0.13634237636563207,0.006245523671638818,-0.00016147383594121317,0.0027992732000344227,0.06825808481707688,-0.07985344529151917,0.0822475329041481,0.18744203448295593,1.274829387664795,0.26160040497779846,-0.5153019428253174,-0.5430856943130493,-0.24496990442276,-1.931572437286377,0.44962334632873535,1.1884710788726807,-1.0276520252227783
0.05475799999999998,0.0034223749999999996,16.0,2.0284972950844335,1.2393470058239209,0.1363806825237798,0.007599947363469772,-0.00019927562647540032,0.0034074915029863708,0.06826247844850998,-0.080206960439682,0.08360005170106888,0.1884523332118988,1.273679494857788,0.27008551359176636,-0.5224435329437256,-0.560725212097168,-0.24386698007583618,-1.9291772842407227,0.44631528854370117,1.1732555627822876,-1.0274031162261963
0.05475799999999998,0.0034223749999999996,16.0,2.0329957982382765,1.2439330704785792,0.13634133173567825,0.014080395094357457,-0.00040283933024744674,0.006333011177720134,0.06827183323914263,-0.08348402380943298,0.08690157532691956,0.18785908818244934,1.261003017425537,0.2857123017311096,-0.5614886283874512,-0.6407904028892517,-0.23876672983169556,-1.9001293182373047,0.45746302604675293,1.126617431640625,-1.0187482833862305
0.05475799999999998,0.0034223749999999996,16.0,2.004358504066442,-1.2441909814877437,0.1141520635195912,-0.013965924255937798,-0.00030301482881859405,-0.0063984142968730095,0.06854192375386217,0.013082340359687805,0.12623398005962372,-0.1584365963935852,0.5762763023376465,0.08071800321340561,-1.0601787567138672,0.7398572564125061,0.21884757280349731,-0.008461466990411282,0.2712721824645996,-0.09161990135908127,-0.7956072092056274
0.05475799999999998,0.0034223749999999996,16.0,1.9998321108125527,-1.2395962070447042,0.11415672916620381,-0.007532108296475808,-0.0001583743855613049,-0.0034551451677918466,0.06853405487908379,0.01332789659500122,0.1297893524169922,-0.15854856371879578,0.5775473117828369,0.05317741632461548,-1.049680471420288,0.7429924607276917,0.2157699465751648,-0.015102824196219444,0.29405713081359863,-0.1347574144601822,-0.7933074235916138
0.05475799999999998,0.0034223749999999996,16.0,1.9944456139158298,-1.234210459401217,0.11413584880649456,-0.0061859257622647,-0.00012892541428104464,-0.002837768387525458,0.0685301788847817,0.011960119009017944,0.13267400860786438,-0.1594809591770172,0.5800655484199524,0.05021199584007263,-1.0406782627105713,0.7435577511787415,0.21336373686790466,-0.01022779755294323,0.29694104194641113,-0.16460061073303223,-0.7932004928588867
0.05475799999999998,0.0034223749999999996,16.0,1.988236290815643,-1.228022251911568,0.11413125516815642,-0.005593283314958572,-0.00011586101105545868,-0.0025660229294512484,0.06852748962935076,0.01118481159210205,0.13252854347229004,-0.16017380356788635,0.5747789144515991,0.04873175173997879,-1.0350925922393799,0.7522075176239014,0.2145496904850006,0.0030571988318115473,0.2965710163116455,-0.1830025464296341,-0.7890681624412537
0.05475799999999998,0.0034223749999999996,16.0,1.9811784552629266,-1.2209984628093837,0.11411723742139497,-0.005247322045690627,-0.00010974304245945111,-0.002407409023933504,0.06852542422184014,0.009498655796051025,0.13357552886009216,-0.16129285097122192,0.5714970827102661,0.049672581255435944,-1.0263314247131348,0.760306179523468,0.21478620171546936,0.01957874931395054,0.29596495628356934,-0.21019349992275238,-0.7859355807304382
0.05475799999999998,0.0034223749999999996,16.0,1.9722529630823151,-1.2147024758286131,0.11154480178793678,-0.005010226625087023,-0.0001331638958116391,-0.0022913038647498943,0.06861054038161077,0.00888890027999878,0.13323740661144257,-0.16178995370864868,0.5679049491882324,0.049369603395462036,-1.0222535133361816,0.7682796716690063,0.2144666612148285,0.03579242527484894,0.2934281826019287,-0.2284378558397293,-0.782001793384552
0.05475799999999998,0.0034223749999999996,16.0,1.9635409545345013,-1.2060867615188084,0.11144686084512409,-0.004809660577361133,-0.0001299088085771591,-0.00220015460786553,0.06861144216584765,0.007070809602737427,0.13262531161308289,-0.16270104050636292,0.5588140487670898,0.05066355690360069,-1.0127768516540527,0.782791256904602,0.21688875555992126,0.06166675686836243,0.2922475337982178,-0.25518783926963806,-0.775326132774353
0.05475799999999998,0.0034223749999999996,16.0,1.9540017802137402,-1.196595019640027,0.11138619938157658,-0.0046599175548899426,-0.00012521824606623907,-0.0021312265890002483,0.06860912897457751,0.005619794130325317,0.13291515409946442,-0.16372132301330566,0.5540526509284973,0.04991079494357109,-1.0038213729858398,0.7920771241188049,0.21728068590164185,0.08042621612548828,0.28937387466430664,-0.27886801958084106,-0.7708989381790161
0.05475799999999998,0.0034223749999999996,16.0,1.943609696498935,-1.1862423376596871,0.11137079695445458,-0.004526108259089993,-0.00012125747435929464,-0.002069489043199276,0.06860526273955024,0.0037177205085754395,0.1337449848651886,-0.1649482250213623,0.5498287081718445,0.04893634468317032,-0.9920783042907715,0.80147385597229,0.21714052557945251,0.10124603658914566,0.2862391471862793,-0.3073878884315491,-0.7664414644241333
0.05475799999999998,0.0034223749999999996,16.0,1.9323978287262735,-1.1750834137668593,0.11136468532865278,-0.004391568066339269,-0.00011945065777805353,-0.0020086131579329517,0.06860453681697148,0.002192378044128418,0.1328914761543274,-0.16558989882469177,0.5406176447868347,0.046949952840805054,-0.981276273727417,0.814409077167511,0.21886038780212402,0.1269897073507309,0.28258538246154785,-0.3299329876899719,-0.7589333057403564
0.05475799999999998,0.0034223749999999996,16.0,1.9203650271092425,-1.163066897239284,0.11139293603104138,-0.00426741856679908,-0.00011635090492474508,-0.001951636162434311,0.06860261971439936,0.0015409588813781738,0.1320652812719345,-0.16596218943595886,0.5324363112449646,0.03935331851243973,-0.9723424911499023,0.8227226138114929,0.21995413303375244,0.1456930786371231,0.27720069885253906,-0.34589484333992004,-0.7518187761306763
0.05475799999999998,0.0034223749999999996,16.0,1.9074961832715076,-1.1502142930523558,0.11141588035596693,-0.0041417133123663645,-0.00011088717609349597,-0.0018927298649142434,0.06859701941959157,0.0007963776588439941,0.13252855837345123,-0.1665966808795929,0.5306341648101807,0.035267315804958344,-0.9656417369842529,0.828521728515625,0.2185395359992981,0.15780861675739288,0.27185630798339844,-0.3606542944908142,-0.7485291361808777
0.05475799999999998,0.0034223749999999996,16.0,1.893842192171907,-1.1365264255784224,0.11146794233842724,-0.004032642553974307,-0.0001067703110743868,-0.0018425000818065016,0.06859584293094481,0.0016556084156036377,0.1320379078388214,-0.16631260514259338,0.526142954826355,0.02517165243625641,-0.9639966487884521,0.8292626738548279,0.2183462381362915,0.1620999425649643,0.2643167972564697,-0.362910658121109,-0.7438204288482666
0.05475799999999998,0.0034223749999999996,16.0,1.879355158210423,-1.1220377482269623,0.11147761878179543,-0.003894200167893446,-0.00010257807799115904,-0.0017784995301993439,0.06859624632734969,0.002402961254119873,0.131491556763649,-0.16569483280181885,0.521425724029541,0.016080306842923164,-0.9629435539245605,0.8297857046127319,0.21838688850402832,0.16588148474693298,0.2578697204589844,-0.3647475838661194,-0.7391355037689209
0.05475799999999998,0.0034223749999999996,16.0,1.8640394299320755,-1.1067186833952387,0.11145141796935135,-0.0037182987345345305,-9.906675732487358e-5,-0.0016988560567440347,0.06859917394007446,0.0023305416107177734,0.13229158520698547,-0.16564226150512695,0.5198799967765808,0.010229812934994698,-0.9584286212921143,0.829400360584259,0.21675190329551697,0.17085933685302734,0.2521805763244629,-0.37658923864364624,-0.7358813285827637
0.05475799999999998,0.0034223749999999996,16.0,1.847865592568699,-1.0905439091083367,0.11147188290455351,-0.0035546645484149596,-9.413724130630684e-5,-0.001623657426438566,0.06859793067655963,0.0021497011184692383,0.1327107697725296,-0.16500848531723022,0.5165954828262329,0.00630283635109663,-0.9546046257019043,0.8291228413581848,0.21562916040420532,0.17874206602573395,0.24734854698181152,-0.38706809282302856,-0.7314223647117615
0.05475799999999998,0.0034223749999999996,16.0,1.8308756618265225,-1.0735751225352204,0.11146314420066931,-0.003367733546571919,-9.027160723878507e-5,-0.0015387979470728465,0.06860069418117005,0.0019870102405548096,0.1322728991508484,-0.16416823863983154,0.5102554559707642,-0.001551083754748106,-0.9496243000030518,0.8303832411766052,0.2155148684978485,0.18902890384197235,0.24279427528381348,-0.3968784511089325,-0.7249507308006287
0.05475799999999998,0.0034223749999999996,16.0,1.8130696793193914,-1.0557595618056392,0.11148455891073279,-0.0031910311465322546,-8.531217909451178e-5,-0.0014581460298966362,0.06860236500146757,0.0034776031970977783,0.1307324916124344,-0.1619289219379425,0.5022761821746826,-0.01448874082416296,-0.953812837600708,0.8249932527542114,0.21576306223869324,0.19049078226089478,0.2380070686340332,-0.39014214277267456,-0.7172638773918152
0.05475799999999998,0.0034223749999999996,16.0,1.7944076852487125,-1.0370680198636841,0.11153852452270471,-0.00300703257666937,-8.058140717503934e-5,-0.0013744020741674407,0.06860246886638745,0.002908945083618164,0.1318785548210144,-0.161518394947052,0.4995589852333069,-0.018907904624938965,-0.9469776153564453,0.8238061666488647,0.21370428800582886,0.20058414340019226,0.2325735092163086,-0.40804216265678406,-0.7124021053314209
0.05475799999999998,0.0034223749999999996,16.0,1.7749266328126334,-1.0176119582766487,0.1115292921643608,-0.0028421290582308413,-7.768413814140645e-5,-0.0012997162828775207,0.06860685706092393,0.0028471648693084717,0.13130000233650208,-0.1603994369506836,0.4908716678619385,-0.028792038559913635,-0.9403245449066162,0.824581503868103,0.2137032151222229,0.21431583166122437,0.22617244720458984,-0.4193882644176483,-0.7036970853805542
0.05475799999999998,0.0034223749999999996,16.0,1.7546325864133976,-0.9973098970300783,0.11154950374467085,-0.0026264553619618322,-7.205828286388705e-5,-0.0012014890912389825,0.06861036722889878,0.003834664821624756,0.13111911714076996,-0.15878817439079285,0.48463284969329834,-0.04129385948181152,-0.9406449794769287,0.8192748427391052,0.21268129348754883,0.21750053763389587,0.21976470947265625,-0.4230969250202179,-0.6964227557182312
0.05475799999999998,0.0034223749999999996,16.0,1.7334547119397619,-0.9762300449420421,0.11156767033078306,-0.002412041419691034,-6.763439296692324e-5,-0.0011046337546116484,0.06861314911922034,0.0027486979961395264,0.12918521463871002,-0.15672752261161804,0.4673308730125427,-0.04724310338497162,-0.9264364242553711,0.8244728446006775,0.21543049812316895,0.24937327206134796,0.21302247047424316,-0.4389650523662567,-0.6818892955780029
0.05475799999999998,0.0034223749999999996,16.0,1.7114747127746248,-0.9542803030214808,0.11160124168989592,-0.0022087448338028457,-6.227977303018943e-5,-0.0010119817835574326,0.06861663992805506,0.00281447172164917,0.12698425352573395,-0.1538650095462799,0.4499664902687073,-0.05770216882228851,-0.918107271194458,0.823047399520874,0.21797502040863037,0.2726091742515564,0.2055213451385498,-0.44393616914749146,-0.6671127080917358
0.05475799999999998,0.0034223749999999996,16.0,1.6886380346944672,-0.9314829492107968,0.11165329551277842,-0.0020062343183471177,-5.643192346532331e-5,-0.000919527523834843,0.06861845668032114,0.002436608076095581,0.12831436097621918,-0.15349900722503662,0.4404890835285187,-0.07061953097581863,-0.90328049659729,0.8189114332199097,0.2162359356880188,0.29443448781967163,0.19332098960876465,-0.4719485938549042,-0.6557731628417969
0.05475799999999998,0.0034223749999999996,16.0,1.6649700954982443,-0.9079198732117488,0.1117595457616911,-0.0018431566181987928,-5.195997304629458e-5,-0.0008463394476408911,0.06862290803053604,0.0026675164699554443,0.12770389020442963,-0.15136364102363586,0.42177703976631165,-0.08823859691619873,-0.8889541625976562,0.812095582485199,0.21742987632751465,0.3210221529006958,0.1800708770751953,-0.48795008659362793,-0.6382262706756592
0.05475799999999998,0.0034223749999999996,16.0,1.64047889922185,-0.8835548124324605,0.11194040729242724,-0.001643912798636837,-4.590577321058176e-5,-0.0007570383633499237,0.06862808672516846,0.0032025277614593506,0.12149425595998764,-0.1413673758506775,0.3711335361003876,-0.11122394353151321,-0.8474678993225098,0.7937209010124207,0.2354116439819336,0.32099977135658264,0.18838095664978027,-0.41426682472229004,-0.6060672998428345
0.05475799999999998,0.0034223749999999996,16.0,1.6150292295229953,-0.8583220008539795,0.11224896825635593,-0.0014611653716894589,-3.4271223796275393e-5,-0.0006707461036467172,0.06864056156061164,0.0025219321250915527,0.11507107317447662,-0.1290837526321411,0.31668251752853394,-0.12851431965827942,-0.785029411315918,0.7643343210220337,0.2578029930591583,0.3195394277572632,0.20403790473937988,-0.321738064289093,-0.5745137929916382
0.05475799999999998,0.0034223749999999996,16.0,1.588566930263564,-0.8323034523566406,0.11242463764371882,-0.0012800021547931676,-2.3474597825449127e-5,-0.0005877279233408436,0.06864068744359243,0.001568913459777832,0.10817562788724899,-0.11528319120407104,0.264009565114975,-0.13984505832195282,-0.7080414295196533,0.7226427793502808,0.28248852491378784,0.3081447184085846,0.22728300094604492,-0.2140701711177826,-0.5470131039619446
0.05475799999999998,0.0034223749999999996,16.0,1.5613698780090122,-0.8054552257778338,0.11250823639455595,-0.0011290919463045736,-1.9099654573686305e-5,-0.0005206280074368775,0.06863282663596249,0.0013864636421203613,0.10091759264469147,-0.10044056177139282,0.21053671836853027,-0.1534050703048706,-0.594918966293335,0.6523805260658264,0.31060633063316345,0.2654073238372803,0.2687711715698242,-0.08073685318231583,-0.522188663482666
0.05475799999999998,0.0034223749999999996,16.0,1.5333808925796772,-0.7777641513294278,0.11251878448482762,-0.0009950605165592878,-1.5714983645486534e-5,-0.00046042800093539654,0.06862462077460069,-0.037214457988739014,0.10745567083358765,-0.09303015470504761,0.2635444700717926,-0.04942314326763153,-0.6283655166625977,0.365457683801651,0.4057546555995941,0.3789115846157074,0.5893476009368896,-0.07636391371488571,-0.6701428890228271
0.05475799999999998,0.0034223749999999996,16.0,1.504687708816408,-0.7492241065741803,0.11252111067847693,-0.0008214415531100467,-1.1476754606352073e-5,-0.0003796924676791652,0.0686202255021667,-0.03770211338996887,0.09797338396310806,-0.0868060290813446,0.22489316761493683,-0.027843106538057327,-0.4533543586730957,0.2915568947792053,0.4057278633117676,0.3852681815624237,0.6178114414215088,-0.06225457787513733,-0.6315467357635498
0.05475799999999998,0.0034223749999999996,16.0,1.4752250508103957,-0.7198115136979395,0.11250230468744568,-0.0006896667230495826,-9.278617161121751e-6,-0.00031858038120800386,0.0686162617922582,-0.036199480295181274,0.0922657698392868,-0.08421730995178223,0.20563483238220215,-0.005988493096083403,-0.2988450527191162,0.21291585266590118,0.3901141881942749,0.3957509994506836,0.614797830581665,-0.11748576909303665,-0.596625566482544
0.05475799999999998,0.0034223749999999996,16.0,1.4449740585134052,-0.6895436249041262,0.11243735189791929,-0.0005177147882058574,-7.036926422585745e-6,-0.00023913470019381157,0.06861237216897904,-0.03418436646461487,0.08988209068775177,-0.08347660303115845,0.20235908031463623,0.010741342790424824,-0.1540067195892334,0.12992791831493378,0.3607516586780548,0.399152547121048,0.5986495018005371,-0.21519768238067627,-0.5639501214027405
0.05475799999999998,0.0034223749999999996,16.0,1.4139112091884376,-0.658420866734672,0.11235026706944193,-0.0003251689041923136,-4.289020128654652e-6,-0.00015002925503476925,0.06861231723993765,-0.030661821365356445,0.08941510319709778,-0.08680251240730286,0.20950359106063843,0.014153385534882545,-0.10134339332580566,0.09078571200370789,0.32577651739120483,0.4104159474372864,0.5695903301239014,-0.2870018482208252,-0.5360866785049438
0.05475799999999998,0.0034223749999999996,16.0,1.3819954040618248,-0.6264609229326703,0.11229577016695749,-0.0001518691559817852,-2.083780285987192e-6,-7.01144981869962e-5,0.06861128534015487,-0.028686851263046265,0.08922453969717026,-0.09011685848236084,0.2127462774515152,0.01821303367614746,-0.09184551239013672,0.08467596769332886,0.30663150548934937,0.4287063777446747,0.5484914779663086,-0.3212431073188782,-0.5201666355133057
0.05475799999999998,0.0034223749999999996,16.0,1.3492246778992456,-0.593696471306963,0.11227536642858917,1.711419725684847e-5,2.5788128997010847e-7,7.91569675889281e-6,0.0686091754322058,-0.027614444494247437,0.08778376132249832,-0.0904473066329956,0.20970772206783295,0.027401912957429886,-0.0713648796081543,0.07649511098861694,0.29866600036621094,0.4544725716114044,0.5309340953826904,-0.35055065155029297,-0.509117841720581
0.05475799999999998,0.0034223749999999996,16.0,1.3156075315528868,-0.560074218747786,0.1122635368766167,0.00018665641495184304,2.863517590441909e-6,8.632734043170372e-5,0.06860835021803567,-0.027416706085205078,0.08789830654859543,-0.09187832474708557,0.20934557914733887,0.029725827276706696,-0.05918455123901367,0.07680806517601013,0.29334861040115356,0.46774330735206604,0.5235292911529541,-0.3683374226093292,-0.5034460425376892
0.05475799999999998,0.0034223749999999996,16.0,1.2811252889729967,-0.5256007601064395,0.1122064395166726,0.00037035104434384223,5.52675518378044e-6,0.00017118084906210542,0.06860756348247919,-0.028427720069885254,0.08937974274158478,-0.09464552998542786,0.211327463388443,0.02835959941148758,-0.05555248260498047,0.08456777036190033,0.29041141271591187,0.4713578224182129,0.526613712310791,-0.3767816424369812,-0.5025365352630615
0.05475799999999998,0.0034223749999999996,16.0,1.2458218875483777,-0.4903170618694334,0.11219041818557092,0.0005150150345062367,7.729158416114436e-6,0.0002380423140464519,0.068606886676334,-0.03097754716873169,0.09125576168298721,-0.09683668613433838,0.21080483496189117,0.030770473182201385,-0.04417538642883301,0.09915117919445038,0.2947275638580322,0.4761832356452942,0.5361013412475586,-0.3811887204647064,-0.5064153671264648
0.05475799999999998,0.0034223749999999996,16.0,1.2096863497909753,-0.4542016472374171,0.11217248139356983,0.000678042627018975,1.0242959879769454e-5,0.00031339563659207485,0.06860616497567094,-0.03212195634841919,0.09163226187229156,-0.09773623943328857,0.20843881368637085,0.03076963499188423,-0.03306436538696289,0.10555770993232727,0.29588204622268677,0.48183733224868774,0.5386524200439453,-0.3842844069004059,-0.505241870880127
0.05475799999999998,0.0034223749999999996,16.0,1.1727237824745773,-0.4172492843910697,0.11216125779224717,0.0008516331404522786,1.2971162593422267e-5,0.0003936245928081691,0.06860539265459493,-0.033071041107177734,0.09196915477514267,-0.09887182712554932,0.20639660954475403,0.029481519013643265,-0.021892786026000977,0.11216004192829132,0.2967088520526886,0.4867139756679535,0.5401484966278076,-0.3869793117046356,-0.504063606262207
0.05475799999999998,0.0034223749999999996,16.0,1.134941994723164,-0.37947051009924854,0.1121409492149555,0.0010485790945660763,1.634461053866275e-5,0.000484752497105486,0.06860421621026047,-0.033571481704711914,0.0922350361943245,-0.1002373993396759,0.2050771415233612,0.02680254355072975,-0.010947942733764648,0.11772352457046509,0.2962009608745575,0.49157217144966125,0.5396561622619629,-0.391664057970047,-0.5022586584091187
0.05475799999999998,0.0034223749999999996,16.0,1.0963057382823793,-0.3408424679819779,0.11214173998004358,0.001235707401776128,1.954174850351283e-5,0.0005712813046057623,0.06860319268927866,-0.03479287028312683,0.09314734488725662,-0.1022329330444336,0.20324400067329407,0.029024388641119003,0.006047487258911133,0.1277616322040558,0.3003218173980713,0.5090541243553162,0.5389323234558105,-0.4050693213939667,-0.5045768022537231
0.05475799999999998,0.0034223749999999996,16.0,1.0568366811151848,-0.30142322424707696,0.1121328223774151,0.0013572111850057645,2.1791824612638517e-5,0.0006275282869050925,0.0686035299865096,-0.035562992095947266,0.09225478023290634,-0.10226026177406311,0.1979876160621643,0.03263786807656288,0.023495197296142578,0.13228265941143036,0.30458348989486694,0.5222806930541992,0.5354669094085693,-0.4082255959510803,-0.5035802125930786
0.05475799999999998,0.0034223749999999996,16.0,1.016551571265083,-0.2611486580759751,0.11210519455680037,0.0015125844395874112,2.464217754698837e-5,0.000699400581227595,0.06860292552879362,-0.0368918776512146,0.09250124543905258,-0.10349962115287781,0.1952616572380066,0.03229355812072754,0.0337519645690918,0.14224658906459808,0.30649855732917786,0.5276256203651428,0.5381042957305908,-0.40764331817626953,-0.5028155446052551
0.05475799999999998,0.0034223749999999996,16.0,0.9754178714974593,-0.2200064027359924,0.11202519468976715,0.0016637096838301338,2.8526976017885962e-5,0.0007699106205113551,0.06859998190046962,-0.03916764259338379,0.09513597935438156,-0.10785666108131409,0.1976667046546936,0.027026064693927765,0.03132033348083496,0.1602029800415039,0.3045421242713928,0.5281250476837158,0.5495812892913818,-0.4082801342010498,-0.5033720135688782
0.05475799999999998,0.0034223749999999996,16.0,0.9342941422828236,-0.17670580162554989,0.11464856077622779,0.001805744519859295,1.9913876002559907e-5,0.0008413698482746867,0.06851962600904668,-0.03840494155883789,0.0946444496512413,-0.10753536224365234,0.1928757131099701,0.018569346517324448,0.04186511039733887,0.15466082096099854,0.3010544776916504,0.5278987884521484,0.5472092628479004,-0.40699127316474915,-0.49508020281791687
0.05475799999999998,0.0034223749999999996,16.0,0.8914826123030603,-0.13390282244989232,0.11464760671758809,0.0019041252952396563,2.431205890575031e-5,0.0008879067935448059,0.06851652782589783,-0.04429638385772705,0.09736699610948563,-0.10923460125923157,0.18301790952682495,0.02889426425099373,0.05896496772766113,0.1860055923461914,0.3183177709579468,0.5502703189849854,0.5701627731323242,-0.4015488922595978,-0.5026166439056396
0.05475799999999998,0.0034223749999999996,16.0,0.8477237408089032,-0.09028926602504468,0.11468584698714474,0.0018796614986568295,2.546277193852821e-5,0.0008780368694036182,0.06851579419385766,-0.05138900876045227,0.10111644119024277,-0.1086844801902771,0.16420117020606995,0.04570889472961426,0.06849169731140137,0.19497936964035034,0.3513145446777344,0.5215903520584106,0.6329505443572998,-0.345495343208313,-0.5168780088424683
0.05475799999999998,0.0034223749999999996,16.0,0.8024107857734681,-0.0469461459389222,0.11187034711714246,0.0017577354491213897,2.6849663672917563e-5,0.0008194256881256101,0.06858330429784364,-0.05786982178688049,0.11793717741966248,-0.11478206515312195,0.1592671275138855,0.05635249987244606,0.026967763900756836,0.11073707044124603,0.4050513505935669,0.2496531903743744,0.8425323963165283,-0.1770693063735962,-0.5654337406158447
0.05475799999999998,0.0034223749999999996,16.0,0.7568064185117132,-0.0011317666465956713,0.11163560932181188,0.00010323898361472495,5.7013906186026e-7,4.829285791007143e-5,0.06856355386982675,-0.07749879360198975,0.15500475466251373,-0.1184607446193695,0.1561005860567093,0.0010182957630604506,0.04660987854003906,-0.08243909478187561,0.5124472379684448,-0.2600219249725342,1.2031548023223877,0.01297362707555294,-0.6685538291931152
0.05475799999999998,0.0034223749999999996,16.0,0.8011437746850375,0.04358847125326101,0.11372758575686968,-0.0017048149034560578,-4.8277959291182973e-5,-0.0008151100048396015,0.06842396038491651,-0.16044798493385315,0.046743519604206085,-0.14721053838729858,0.18840402364730835,-0.6201592683792114,0.22292447090148926,0.596027672290802,-0.06709808111190796,-0.16942842304706573,1.117901086807251,0.2652358412742615,-0.11565768718719482
0.05475799999999998,0.0034223749999999996,16.0,0.8445044141497569,0.08851235209279436,0.11391110190426344,-0.0018986268595938454,-2.9304218550606624e-5,-0.0009139781538236307,0.0683251961673123,-0.2146536409854889,0.07281357049942017,-0.1345791220664978,0.40727412700653076,-0.7227253913879395,0.3508796691894531,0.38217803835868835,0.006374955177307129,-0.9270753264427185,1.5262558460235596,0.41312116384506226,-0.4071829319000244
0.05475799999999998,0.0034223749999999996,16.0,0.8875529856208272,0.1325519829950041,0.11420579546165252,-0.0018900488696710059,-1.7253927050304102e-5,-0.0009060551374428441,0.06826763188172968,-0.24701061844825745,0.09565149992704391,-0.11990749835968018,0.5692741274833679,-0.789253294467926,0.4259772300720215,0.2453581988811493,0.0834948718547821,-1.2989391088485718,1.7039508819580078,0.47819408774375916,-0.6469788551330566
0.05475799999999998,0.0034223749999999996,16.0,0.9301268865608442,0.17558438491897763,0.1142850692282521,-0.0017827713288375235,-1.4512387597705755e-5,-0.0008524866732668998,0.0682512644578947,-0.25538888573646545,0.1068023294210434,-0.11737006902694702,0.6152136921882629,-0.7972455620765686,0.44858503341674805,0.24772511422634125,0.10752978920936584,-1.3943086862564087,1.7370800971984863,0.4632158577442169,-0.7174454927444458
0.05475799999999998,0.0034223749999999996,16.0,0.9719800241019574,0.2176560643858493,0.11430157625822512,-0.0016313152287253743,-1.2939310626054901e-5,-0.0007788301636806068,0.06824419933125407,-0.2588225305080414,0.11271030455827713,-0.11712750792503357,0.6337940692901611,-0.8003509640693665,0.46108555793762207,0.24278001487255096,0.11917060613632202,-1.4311208724975586,1.745321273803711,0.46929052472114563,-0.747974693775177
0.05475799999999998,0.0034223749999999996,16.0,1.0130367059202718,0.2588382747816704,0.11425999413156669,-0.0014463262061061822,-1.1894760478899176e-5,-0.0006907767509315104,0.06824590441738446,-0.261656790971756,0.11614272743463516,-0.11852788925170898,0.6250560283660889,-0.8155149817466736,0.47358155250549316,0.2575877010822296,0.13540923595428467,-1.4438828229904175,1.74847412109375,0.4794013798236847,-0.7555713057518005
0.05475799999999998,0.0034223749999999996,16.0,1.0533273584696103,0.29920329645186045,0.11426554580633876,-0.0013616195886165272,-1.1752211031181132e-5,-0.0006492396180761439,0.06824086462663695,-0.2620176374912262,0.12032102048397064,-0.11953610181808472,0.6357139348983765,-0.8019118309020996,0.48852455615997314,0.2831025719642639,0.14091598987579346,-1.4644540548324585,1.738856315612793,0.478008896112442,-0.7720288038253784
0.05475799999999998,0.0034223749999999996,16.0,1.0927832063002185,0.3387387494809214,0.11424953600064078,-0.0011649893812928527,-9.868036773104936e-6,-0.0005543491827149094,0.06823269625021357,-0.262008935213089,0.12616890668869019,-0.11792182922363281,0.6745071411132812,-0.7767547369003296,0.5080927610397339,0.28705477714538574,0.1369236707687378,-1.4989638328552246,1.7272453308105469,0.48194149136543274,-0.807304322719574
0.05475799999999998,0.0034223749999999996,16.0,1.1313661419396703,0.377454251537762,0.1142509253727586,-0.0010139819483414316,-8.716694760059543e-6,-0.0004817360214446338,0.06822786341097153,-0.2637474834918976,0.13126063346862793,-0.11782750487327576,0.6915346384048462,-0.776028573513031,0.5280847549438477,0.29979512095451355,0.145058274269104,-1.5302096605300903,1.7201447486877441,0.4918746054172516,-0.8327988386154175
0.05475799999999998,0.0034223749999999996,16.0,1.1691191218935175,0.4153378699537449,0.11425121493577742,-0.0008248850527533288,-7.196005887504201e-6,-0.0003912972957590193,0.06822302350661434,-0.26540717482566833,0.13636521995067596,-0.11769703030586243,0.7084687948226929,-0.7738309502601624,0.5478627681732178,0.3122563660144806,0.1525045931339264,-1.5593465566635132,1.7125535011291504,0.5011423230171204,-0.8575093746185303
0.05475799999999998,0.0034223749999999996,16.0,1.2060424239953857,0.4523872623435583,0.11424952121140594,-0.0006567209750924532,-5.838818910741736e-6,-0.0003110610438305981,0.06821837732026705,-0.26695069670677185,0.141329824924469,-0.11759787797927856,0.7244908809661865,-0.7707098126411438,0.567453145980835,0.3253198564052582,0.1593526303768158,-1.5858352184295654,1.7042765617370605,0.51063472032547,-0.8807021379470825
0.05475799999999998,0.0034223749999999996,16.0,1.2421286911619105,0.4886103896503256,0.11425415982941695,-0.0004962224689243366,-4.489504982771788e-6,-0.00023466459557334687,0.06821319215844611,-0.26869019865989685,0.14647451043128967,-0.11724257469177246,0.7417925000190735,-0.7684051990509033,0.5885910987854004,0.3384433388710022,0.16627371311187744,-1.6140462160110474,1.6956520080566406,0.5209620594978333,-0.9052609801292419
0.05475799999999998,0.0034223749999999996,16.0,1.2773763518583963,0.5240045810657272,0.11425276413362632,-0.0003411648636762111,-3.152770502788049e-6,-0.00016105944772636232,0.0682075925652047,-0.2706238329410553,0.15174150466918945,-0.11680597066879272,0.7589645385742188,-0.7666339874267578,0.6109601259231567,0.35258689522743225,0.17327222228050232,-1.643235206604004,1.6870989799499512,0.5319549441337585,-0.9297693371772766
0.05475799999999998,0.0034223749999999996,16.0,1.3117720674189497,0.5585900747906957,0.11429545341300379,-0.000191493660310186,-1.796852425644963e-6,-9.016063895711086e-5,0.06819878430406552,-0.27303388714790344,0.15751361846923828,-0.116158127784729,0.7776780724525452,-0.7678436040878296,0.6371662616729736,0.36867329478263855,0.18131598830223083,-1.680788278579712,1.6781916618347168,0.5471128821372986,-0.9568964838981628
0.05475799999999998,0.0034223749999999996,16.0,1.345233017108482,0.5923677403812422,0.11436123205380301,-5.720430983715275e-5,-5.621863116778722e-7,-2.683342224893733e-5,0.06818971147417033,-0.27884700894355774,0.16425293684005737,-0.11608746647834778,0.7800531983375549,-0.7985454797744751,0.6790268421173096,0.395602285861969,0.2045460343360901,-1.741431713104248,1.6775531768798828,0.5738934278488159,-0.9828144907951355
0.05475799999999998,0.0034223749999999996,16.0,1.3778183464429687,0.6253643849574424,0.11452021612441697,0.0001232369028551715,1.2097031330450624e-6,5.742363370653116e-5,0.06817444902828722,-0.284974068403244,0.17238254845142365,-0.11322927474975586,0.8016404509544373,-0.8383885622024536,0.7289822101593018,0.40932366251945496,0.22508972883224487,-1.82327401638031,1.6665105819702148,0.618903636932373,-1.0254409313201904
0.05475799999999998,0.0034223749999999996,16.0,1.4097190056591877,0.6558050672797358,0.1121143646983632,0.0002909760003963773,4.105940863769849e-6,0.00013443208147739203,0.06830197294884477,-0.28327903151512146,0.1795409619808197,-0.10300290584564209,0.8722239136695862,-0.8689557909965515,0.7543632984161377,0.39507773518562317,0.22024458646774292,-1.8938671350479126,1.6065142154693604,0.7103813886642456,-1.0920666456222534
0.05475799999999998,0.0034223749999999996,16.0,1.4407380217319643,0.6871124981147486,0.11234615066441304,0.000460890758724074,6.201421005160991e-6,0.0002114756912526931,0.06829209845619993,-0.277433842420578,0.18012623488903046,-0.08909845352172852,0.9330130219459534,-0.9596731662750244,0.8085970878601074,0.38319751620292664,0.21774345636367798,-1.9760921001434326,1.4828557968139648,0.9090456962585449,-1.151428461074829
0.05475799999999998,0.0034223749999999996,16.0,1.4711470510785647,0.7174569732162028,0.11273888358952265,0.0006624926531385244,8.262353723227742e-6,0.000301080437684128,0.0682826095870569,-0.2503989040851593,0.16669462621212006,-0.06146755814552307,1.047048807144165,-1.0282725095748901,0.8149449825286865,0.3338080644607544,0.16267019510269165,-1.9769855737686157,1.215855360031128,1.2386884689331055,-1.2118195295333862
0.05475799999999998,0.0034223749999999996,16.0,1.5009086798926734,0.7467626169756881,0.11318762038915017,0.0008071236132872957,9.08333797001769e-6,0.0003630681371052948,0.06828076311777305,-0.22280550003051758,0.15131017565727234,-0.032106876373291016,1.1294909715652466,-1.0975770950317383,0.8011355400085449,0.3025798201560974,0.11765152215957642,-1.9481592178344727,0.9364774227142334,1.5493892431259155,-1.250331163406372
0.05475799999999998,0.0034223749999999996,16.0,1.5299858464537588,0.7750620842787327,0.11373831917155322,0.0009920724768130952,9.793671975044823e-6,0.00044146060870362474,0.06828305013794059,-0.1956384778022766,0.13336049020290375,0.0015478730201721191,1.1979262828826904,-1.1556692123413086,0.741489052772522,0.24879135191440582,0.08017230033874512,-1.8797563314437866,0.6577339172363281,1.8337651491165161,-1.2819721698760986
0.05475799999999998,0.0034223749999999996,16.0,1.5583428755575546,0.8023294656098218,0.11428057330085868,0.0011347792271173952,9.596602841023532e-6,0.0004997299169482461,0.06830041599659041,-0.16530486941337585,0.0922255590558052,0.07799461483955383,1.1966614723205566,-0.11471715569496155,0.18445181846618652,-0.1424061506986618,-0.12009936571121216,-2.2051029205322266,1.059905767440796,1.5808119773864746,-1.0777249336242676
0.05475799999999998,0.0034223749999999996,16.0,1.5857911268417801,0.8287091996231083,0.11509990853877151,0.0012909797947650479,4.3126826786222815e-6,0.0005719771730822937,0.06831276680994172,-0.13580578565597534,0.07288908958435059,0.09785005450248718,1.1899346113204956,-0.07417367398738861,-0.007085323333740234,-0.22186939418315887,-0.16745424270629883,-2.092153310775757,0.890479326248169,1.6485227346420288,-1.0230320692062378
0.05475799999999998,0.0034223749999999996,16.0,1.6123171577079178,0.8543816487891476,0.11587349445162501,0.0014762172518940507,-3.6495339857912832e-6,0.0006622809673948315,0.06832738247652005,-0.11342748999595642,0.058212969452142715,0.11202773451805115,1.1654132604599,-0.02370820939540863,-0.14636015892028809,-0.27394580841064453,-0.1969648003578186,-2.010971784591675,0.7702198028564453,1.665126085281372,-0.9685549736022949
0.05475799999999998,0.0034223749999999996,16.0,1.6380319048584149,0.8794047539642442,0.1163360003348791,0.0016642048195255096,-9.543425284476277e-6,0.0007531630438301759,0.06834447886157477,-0.09670811891555786,0.04921811819076538,0.1245127022266388,1.1517876386642456,0.028636276721954346,-0.2712063789367676,-0.3212265074253082,-0.2195393443107605,-1.9304765462875366,0.6734044551849365,1.6123980283737183,-0.9317469596862793
0.05475799999999998,0.0034223749999999996,16.0,1.662774942629243,0.9036350996288115,0.11650161569440896,0.001875162902273831,-1.2691397455619612e-5,0.0008487153343176391,0.06836584239061413,-0.08630895614624023,0.04310392960906029,0.1325106918811798,1.1380279064178467,0.06213122978806496,-0.34957194328308105,-0.3550001382827759,-0.23085451126098633,-1.8839055299758911,0.6141996383666992,1.5760164260864258,-0.9063239097595215
0.05475799999999998,0.0034223749999999996,16.0,1.6866322193216803,0.9271536114559839,0.11665600021099086,0.0020313111520596032,-1.4929742551305687e-5,0.0009193430100744663,0.06837994439404063,-0.08338868618011475,0.0429457426071167,0.13349959254264832,1.1358799934387207,0.07677922397851944,-0.34950995445251465,-0.36468133330345154,-0.2274075150489807,-1.900978446006775,0.6118175983428955,1.571487545967102,-0.9078181982040405
0.05475799999999998,0.0034223749999999996,16.0,1.7095240275895576,0.9499320887335362,0.11670267422020965,0.0022304565661314993,-1.756059228034846e-5,0.0010098631503223147,0.06838587360286584,-0.08135083317756653,0.04328564181923866,0.1339074671268463,1.1332898139953613,0.08759806305170059,-0.3471567630767822,-0.3715493977069855,-0.22281497716903687,-1.916195273399353,0.6124680042266846,1.5720759630203247,-0.9099991321563721
0.05475799999999998,0.0034223749999999996,16.0,1.7315134777897245,0.9719423044601035,0.11677926103782439,0.002432972511303888,-2.043560906515847e-5,0.0011012942702170452,0.06838461759583352,-0.07980585098266602,0.04510384798049927,0.13617882132530212,1.1385246515274048,0.10072602331638336,-0.35092997550964355,-0.38083553314208984,-0.22088021039962769,-1.9260956048965454,0.6058754920959473,1.5558805465698242,-0.9172161817550659
0.05475799999999998,0.0034223749999999996,16.0,1.7527696984899475,0.9931521670542647,0.1168579652658903,0.00264635231242912,-2.2258046305113406e-5,0.0011974567436541096,0.06838741385574004,-0.07889172434806824,0.04642811417579651,0.13573870062828064,1.1357738971710205,0.10957500338554382,-0.3433072566986084,-0.38453543186187744,-0.21586960554122925,-1.9402116537094116,0.6115317344665527,1.5595124959945679,-0.9196493625640869
0.05475799999999998,0.0034223749999999996,16.0,1.7730684003363242,1.0134191821490233,0.11677469860987151,0.002861213532240962,-2.5263228840485798e-5,0.0012939537611847559,0.06839075990911375,-0.07800683379173279,0.04812108352780342,0.14079990983009338,1.1545007228851318,0.1102520003914833,-0.37627339363098145,-0.40529897809028625,-0.22064924240112305,-1.9219266176223755,0.5886452198028564,1.5198562145233154,-0.9332652688026428
0.05475799999999998,0.0034223749999999996,16.0,1.792578326458561,1.0330083257622715,0.11698514697386855,0.0030282299961744944,-2.7266047426777826e-5,0.0013689219813603564,0.06839021526989075,-0.0776435136795044,0.05056854337453842,0.1438712775707245,1.163987636566162,0.1205449029803276,-0.3864097595214844,-0.4161583185195923,-0.22106033563613892,-1.9237715005874634,0.580622673034668,1.4988079071044922,-0.9422650933265686
0.05475799999999998,0.0034223749999999996,16.0,1.8112165435193948,1.0517246967896399,0.11712119120732481,0.0032175235047788033,-3.0510673713095973e-5,0.0014533483543157852,0.068389862736245,-0.07720232009887695,0.05316587910056114,0.1481618583202362,1.176973581314087,0.13088485598564148,-0.4020686149597168,-0.429191917181015,-0.22331011295318604,-1.920641541481018,0.5660531520843506,1.4681881666183472,-0.9528445601463318
0.05475799999999998,0.0034223749999999996,16.0,1.8290552296145346,1.069538786003103,0.11703543873591507,0.003381748326534408,-3.204978617476554e-5,0.0015284345138211575,0.0683918295034678,-0.07673311233520508,0.05190384387969971,0.14518114924430847,1.1696504354476929,0.12238620221614838,-0.40083956718444824,-0.4332962930202484,-0.21784698963165283,-1.9221450090408325,0.5776803493499756,1.49129056930542,-0.9511202573776245
0.05475799999999998,0.0034223749999999996,16.0,1.8460416578579208,1.0865627307232426,0.11708928562602934,0.0035739657762996822,-3.514271627586428e-5,0.001615210386467338,0.06839144010999822,-0.07636794447898865,0.052644722163677216,0.1461794674396515,1.1727187633514404,0.12551113963127136,-0.40787386894226074,-0.4420238137245178,-0.21667945384979248,-1.9225772619247437,0.5757064819335938,1.4875972270965576,-0.9553478360176086
0.05475799999999998,0.0034223749999999996,16.0,1.8622250881309865,1.1028041192172142,0.11719163059898996,0.0037433147131341604,-3.7577101863357704e-5,0.0016912539891875036,0.06839166864450459,-0.07577463984489441,0.05475757643580437,0.14801976084709167,1.177452564239502,0.13498787581920624,-0.4111940860748291,-0.44794198870658875,-0.21586787700653076,-1.9271119832992554,0.5712747573852539,1.471384882926941,-0.9608906507492065
0.05475799999999998,0.0034223749999999996,16.0,1.877556488714494,1.1180712220085574,0.11704003604606326,0.003911515342273232,-4.028068084223564e-5,0.0017669460906153454,0.06839502088752591,-0.07523670792579651,0.054576773196458817,0.14902231097221375,1.1811785697937012,0.13401813805103302,-0.42395520210266113,-0.4593460261821747,-0.21599680185317993,-1.9225131273269653,0.565990686416626,1.4694104194641113,-0.9644374847412109
0.05475799999999998,0.0034223749999999996,16.0,1.8921121957230285,1.1325652342832526,0.11701526234378451,0.004042664964263266,-4.130792950832412e-5,0.0018265669542440212,0.06839881188046792,-0.0744839608669281,0.05436914414167404,0.15071728825569153,1.1871757507324219,0.13143453001976013,-0.441436767578125,-0.4700441062450409,-0.21731698513031006,-1.913056492805481,0.5555613040924072,1.4598890542984009,-0.9689992666244507
0.05475799999999998,0.0034223749999999996,16.0,1.9058511320058058,1.1462307850695383,0.11698703958795005,0.004160513532268834,-4.203090897617688e-5,0.0018801133484733221,0.06840305412739307,-0.07384568452835083,0.0541515089571476,0.1498371660709381,1.1847646236419678,0.13377049565315247,-0.444596529006958,-0.47562554478645325,-0.21577364206314087,-1.9159404039382935,0.5592167377471924,1.4679523706436157,-0.9682238101959229
0.05475799999999998,0.0034223749999999996,16.0,1.9187792257001215,1.1591930779387354,0.11719565388283666,0.004286198458782714,-4.245526605532515e-5,0.001937698108530293,0.06840333761555809,-0.0733104944229126,0.05457019805908203,0.1508808434009552,1.1874455213546753,0.13991758227348328,-0.45102810859680176,-0.4825882017612457,-0.2163051962852478,-1.9227912425994873,0.5554027557373047,1.4668484926223755,-0.9703832864761353
0.05475799999999998,0.0034223749999999996,16.0,1.9308099951742894,1.171143564166281,0.11705831084857668,0.004419895796777293,-4.445067646904161e-5,0.00199648045893713,0.0684089877145739,-0.07257089018821716,0.05712185800075531,0.15795621275901794,1.2053759098052979,0.15225277841091156,-0.47493529319763184,-0.49557986855506897,-0.2228020429611206,-1.916073203086853,0.5261142253875732,1.4228425025939941,-0.9815301895141602
0.05475799999999998,0.0034223749999999996,16.0,1.941999747737129,1.1823492167247498,0.11711002727291521,0.004556545303204192,-4.6682090581819306e-5,0.00205633856954664,0.0684108761663055,-0.07218599319458008,0.0601949580013752,0.16354402899742126,1.2176817655563354,0.16639864444732666,-0.48833537101745605,-0.504206120967865,-0.22655242681503296,-1.9163508415222168,0.5065107345581055,1.3863518238067627,-0.9899089336395264
0.05475799999999998,0.0034223749999999996,16.0,1.9524102901509337,1.1927405514795546,0.11713001946257585,0.004687980068290685,-4.690059296685209e-5,0.0021140726502783024,0.06841529305518122,-0.07182943820953369,0.06363407522439957,0.1704011857509613,1.2325618267059326,0.18146595358848572,-0.5035202503204346,-0.5138523578643799,-0.23181027173995972,-1.913442850112915,0.478452205657959,1.3390709161758423,-0.99928879737854
0.05475799999999998,0.0034223749999999996,16.0,1.9619609704964058,1.202366392654417,0.11732218792432336,0.0048403284823766175,-4.808898680577729e-5,0.00218170029196317,0.06841605903473633,-0.0718371570110321,0.0667375922203064,0.17480894923210144,1.240379810333252,0.19578799605369568,-0.5090503692626953,-0.5194222927093506,-0.2338666319847107,-1.916645884513855,0.46401548385620117,1.3088489770889282,-1.004943609237671
0.05475799999999998,0.0034223749999999996,16.0,1.9711798986826308,1.2123760099553755,0.12094665496265301,0.0050491926440144365,-0.00010767872980920338,0.002276381594930638,0.06828530546827295,-0.07453936338424683,0.07013794034719467,0.17024651169776917,1.229243516921997,0.21825401484966278,-0.4674994945526123,-0.5054594278335571,-0.22346657514572144,-1.9633655548095703,0.5030660629272461,1.3392671346664429,-1.004622459411621
0.05475799999999998,0.0034223749999999996,16.0,1.9791024106585997,1.2203239814716398,0.12106953555315891,0.005281836613100918,-0.00011158118976417014,0.0023786146676322744,0.06829149494096413,-0.0752725899219513,0.07541889697313309,0.17783787846565247,1.2468647956848145,0.23607610166072845,-0.4853849411010742,-0.5190374851226807,-0.23139995336532593,-1.9518054723739624,0.47389674186706543,1.272184133529663,-1.0139358043670654
0.05475799999999998,0.0034223749999999996,16.0,1.9861226888984262,1.2274026249550634,0.12116081838244355,0.00563821172129373,-0.00012028885413098593,0.002538080607164244,0.06829367316127831,-0.07532423734664917,0.07735595107078552,0.18066677451133728,1.2514781951904297,0.24482494592666626,-0.4921422004699707,-0.5268093347549438,-0.23300260305404663,-1.9506303071975708,0.46286630630493164,1.2500747442245483,-1.0168191194534302
0.05475799999999998,0.0034223749999999996,16.0,1.9923582284672472,1.2336719307949138,0.12125098600142609,0.006233312970717156,-0.00013305838878669565,0.0028042317170285723,0.06829885243903608,-0.07622554898262024,0.08169186115264893,0.18602749705314636,1.2628995180130005,0.2581541836261749,-0.5069904327392578,-0.5425854921340942,-0.2384415864944458,-1.9384732246398926,0.4418187141418457,1.1947710514068604,-1.0224428176879883
0.05475799999999998,0.0034223749999999996,16.0,1.997747796323088,1.2390806721797696,0.12126751424630146,0.007584920458627226,-0.00016396147947115054,0.0034140525281034224,0.0683028723756552,-0.076374351978302,0.08263333141803741,0.18551132082939148,1.2574111223220825,0.2664799988269806,-0.5082828998565674,-0.5567778944969177,-0.23536401987075806,-1.9406204223632812,0.44660043716430664,1.190382719039917,-1.0199317932128906
0.05475799999999998,0.0034223749999999996,16.0,2.00226019860383,1.2436551897823398,0.12122685751776555,0.014053579440518327,-0.0003334417083369019,0.006343980707159466,0.06831153066109025,-0.07968255877494812,0.08590003848075867,0.18466737866401672,1.244006872177124,0.281497985124588,-0.5485193729400635,-0.6365824937820435,-0.2301715612411499,-1.9125186204910278,0.460329532623291,1.1441975831985474,-1.0106418132781982
0.05475799999999998,0.0034223749999999996,16.0,1.9732925205751204,-1.2446182580366636,0.10022858627286473,-0.013962510145287826,-0.0002664838759827059,-0.006402956523096463,0.06854394904189827,0.013292655348777771,0.12633083760738373,-0.15754568576812744,0.577293872833252,0.08383259177207947,-1.0622706413269043,0.7413530349731445,0.21879586577415466,-0.015690771862864494,0.2670564651489258,-0.08736654371023178,-0.7966576218605042
0.05475799999999998,0.0034223749999999996,16.0,1.9687651269059905,-1.2400356224445952,0.10023445851705144,-0.0075303277785492935,-0.00013863846947503123,-0.00345709177737963,0.06853666587893843,0.013548776507377625,0.12986530363559723,-0.15774202346801758,0.5786690711975098,0.05675463005900383,-1.0519113540649414,0.7448902130126953,0.2157692313194275,-0.022769030183553696,0.2901623249053955,-0.13060177862644196,-0.7945201992988586
0.05475799999999998,0.0034223749999999996,16.0,1.9633833645533156,-1.234659914804666,0.1002171849967345,-0.0061844061573393064,-0.00011265160739632425,-0.0028393552766070905,0.06853308722954743,0.01218387484550476,0.1327611207962036,-0.15870389342308044,0.5816614627838135,0.05495742708444595,-1.0432488918304443,0.7460854649543762,0.2134701907634735,-0.019073300063610077,0.2931990623474121,-0.1596398949623108,-0.7950077056884766
0.05475799999999998,0.0034223749999999996,16.0,1.9571767116749788,-1.2284710030924522,0.100215073603972,-0.0055919481745283035,-0.00010084009427074865,-0.0025674077136923113,0.06853029933744678,0.011400103569030762,0.13259422779083252,-0.159410297870636,0.5764226913452148,0.053630392998456955,-1.037738561630249,0.7549939751625061,0.2146291732788086,-0.006036105565726757,0.29298877716064453,-0.17798638343811035,-0.7908974885940552
0.05475799999999998,0.0034223749999999996,16.0,1.9501248547469443,-1.2214509765246047,0.10020479120995396,-0.00524606379948639,-9.538262007934978e-5,-0.002408707582389732,0.06852828789154432,0.009691953659057617,0.13364215195178986,-0.16054582595825195,0.5735743045806885,0.05552523583173752,-1.0293731689453125,0.7636334896087646,0.2149333357810974,0.009365462698042393,0.29262471199035645,-0.2044258415699005,-0.7882753014564514
0.05475799999999998,0.0034223749999999996,16.0,1.9412020648655246,-1.2151546642826625,0.09763342917295093,-0.005009095787670423,-0.00011930574861711011,-0.002292695346003121,0.06861362086560205,0.009075313806533813,0.1332925409078598,-0.161045104265213,0.5703655481338501,0.05638320371508598,-1.0256123542785645,0.7723169922828674,0.2146066129207611,0.024515828117728233,0.29041337966918945,-0.2217823565006256,-0.7847305536270142
0.05475799999999998,0.0034223749999999996,16.0,1.9324965365014448,-1.206536844189804,0.09753821648698593,-0.004808602835661592,-0.00011617897359492358,-0.002201442502669065,0.06861439128522817,0.007215946912765503,0.13264451920986176,-0.16196277737617493,0.5614168643951416,0.058151062577962875,-1.016481637954712,0.7873369455337524,0.21705010533332825,0.04972032085061073,0.28960347175598145,-0.24817684292793274,-0.7782225608825684
0.05475799999999998,0.0034223749999999996,16.0,1.9229625629936082,-1.1970461339876473,0.09748123631897859,-0.004658879585334599,-0.0001116288127128677,-0.00213247998973907,0.06861203998182012,0.005722939968109131,0.13292114436626434,-0.16300052404403687,0.5568904876708984,0.05798986181616783,-1.007885456085205,0.7970622777938843,0.2174578607082367,0.06779319792985916,0.28711557388305664,-0.27152544260025024,-0.774052083492279
0.05475799999999998,0.0034223749999999996,16.0,1.9125773778958874,-1.1866965113390258,0.09747021283130271,-0.004525078215402269,-0.00010778056622873016,-0.002070734950692457,0.06860822318957221,0.003756105899810791,0.13374482095241547,-0.1642562448978424,0.5530848503112793,0.05800437554717064,-0.996734619140625,0.8071125149726868,0.21738743782043457,0.08755424618721008,0.28447914123535156,-0.2994658946990967,-0.7700912952423096
0.05475799999999998,0.0034223749999999996,16.0,1.9013710860727433,-1.175534607211387,0.09746596128326573,-0.00439062295780918,-0.00010600719704239666,-0.002009820122266855,0.06860733670998367,0.0021651089191436768,0.13285991549491882,-0.16491597890853882,0.544007420539856,0.056301187723875046,-0.9863536357879639,0.820411741733551,0.21911969780921936,0.11277122050523758,0.28136491775512695,-0.3217487633228302,-0.76273113489151
0.05475799999999998,0.0034223749999999996,16.0,1.889340829020064,-1.1635152304967902,0.09749536574996184,-0.00426652927702578,-0.00010304186466826382,-0.0019528218403045924,0.06860522953799576,0.0014400482177734375,0.13203154504299164,-0.16531062126159668,0.5361823439598083,0.04913778230547905,-0.9779927730560303,0.8289920091629028,0.22024217247962952,0.13074401021003723,0.2765629291534424,-0.33713215589523315,-0.7560052275657654
0.05475799999999998,0.0034223749999999996,16.0,1.876474722414712,-1.150664123082422,0.09752072785979804,-0.00414082063649648,-9.779608863225313e-5,-0.0018939168799169265,0.06859962427632135,0.0006437599658966064,0.1324876844882965,-0.16598674654960632,0.5349208116531372,0.046212032437324524,-0.9719252586364746,0.8356632590293884,0.21885982155799866,0.14172306656837463,0.2717456817626953,-0.3511577844619751,-0.7532989382743835
0.05475799999999998,0.0034223749999999996,16.0,1.8628177784658828,-1.136974347389215,0.09757183353973471,-0.004031807340872561,-9.396653950896441e-5,-0.0018437052296920529,0.06859818203031372,0.0014844536781311035,0.13200925290584564,-0.16574814915657043,0.5307861566543579,0.036454979330301285,-0.9705250263214111,0.8367471694946289,0.21862787008285522,0.1455446183681488,0.26447057723999023,-0.3530133068561554,-0.7489107847213745
0.05475799999999998,0.0034223749999999996,16.0,1.848328197798158,-1.1224835040778163,0.09757923968256185,-0.003893424535278809,-9.016993629954633e-5,-0.0017796946032748936,0.06859834279196038,0.0022088289260864258,0.13146942853927612,-0.1651710569858551,0.5267269611358643,0.028312325477600098,-0.9699859619140625,0.8380086421966553,0.21865788102149963,0.14783118665218353,0.25852179527282715,-0.3536461591720581,-0.7448810935020447
0.05475799999999998,0.0034223749999999996,16.0,1.8330128637294147,-1.107167025934264,0.0975527492051042,-0.003717524230102114,-8.71893646930451e-5,-0.0017000405105943828,0.0686012022979887,0.0020932257175445557,0.13227377831935883,-0.16517037153244019,0.5258236527442932,0.02355945110321045,-0.9660203456878662,0.8384448289871216,0.217085063457489,0.15125082433223724,0.25330066680908203,-0.3643917739391327,-0.7423420548439026
0.05475799999999998,0.0034223749999999996,16.0,1.8168397258458495,-1.0909934989918282,0.0975709898393854,-0.003553957843037603,-8.272802107473542e-5,-0.001624822297842772,0.06859984468032393,0.0018774569034576416,0.13271009922027588,-0.16455787420272827,0.5229893326759338,0.020307917147874832,-0.9627001285552979,0.838662326335907,0.2159578800201416,0.15831701457500458,0.24883151054382324,-0.3743029236793518,-0.7383337616920471
0.05475799999999998,0.0034223749999999996,16.0,1.7998494771861213,-1.074020109804838,0.09755727726083542,-0.003367137722960604,-7.938977986018918e-5,-0.001539905160341278,0.06860230284733514,0.0019889473915100098,0.13135141134262085,-0.16323238611221313,0.513610303401947,0.010284711606800556,-0.9590768814086914,0.8398634195327759,0.21677368879318237,0.17114314436912537,0.24443387985229492,-0.38026392459869385,-0.7297817468643188
0.05475799999999998,0.0034223749999999996,16.0,1.7820363161883843,-1.0561997428289185,0.09757393289711992,-0.0031905313313643027,-7.495852713073512e-5,-0.00145916254994683,0.06860323872347052,0.0032031238079071045,0.13067466020584106,-0.16143140196800232,0.5080201029777527,-0.0017768542747944593,-0.9619011878967285,0.8344966769218445,0.21611398458480835,0.17157688736915588,0.23950982093811035,-0.3780153691768646,-0.7235369682312012
0.05475799999999998,0.0034223749999999996,16.0,1.7633797161086369,-1.0375155793892203,0.0976242532176889,-0.003006484590113607,-7.094248862573289e-5,-0.0013754434155842845,0.0686038103137894,0.002609819173812866,0.13174431025981903,-0.1610136330127716,0.504749059677124,-0.006410973146557808,-0.9551780223846436,0.8339228630065918,0.21429842710494995,0.1824149340391159,0.23398947715759277,-0.3964178264141083,-0.7183671593666077
0.05475799999999998,0.0034223749999999996,16.0,1.7438992724790598,-1.0180585349810338,0.09761052860376161,-0.0028416334196442665,-6.856382156999392e-5,-0.0013007407189153325,0.06860803732106761,0.002533942461013794,0.13103210926055908,-0.15984117984771729,0.4946059584617615,-0.0176093652844429,-0.9482290744781494,0.8350027799606323,0.2146303355693817,0.1984831541776657,0.22730016708374023,-0.4091780185699463,-0.7085369825363159
0.05475799999999998,0.0034223749999999996,16.0,1.7236021479810757,-0.9977617715443697,0.0976258319940075,-0.0026259262550741664,-6.374020361459346e-5,-0.0012025174998541856,0.06861168368117436,0.0035789310932159424,0.1306583434343338,-0.15811890363693237,0.4860066771507263,-0.03223036974668503,-0.9475722312927246,0.8297119140625,0.2140863537788391,0.20555834472179413,0.21992158889770508,-0.415060818195343,-0.699374258518219
0.05475799999999998,0.0034223749999999996,16.0,1.7024292319809031,-0.9766787158530782,0.09763778077781121,-0.0024115366777310607,-5.9811318993888576e-5,-0.0011056146320386237,0.06861452850767412,0.0023064911365509033,0.12738531827926636,-0.15519961714744568,0.4635997414588928,-0.03808148577809334,-0.9329249858856201,0.8364757299423218,0.218705415725708,0.24333727359771729,0.21423935890197754,-0.42622822523117065,-0.6816520094871521
0.05475799999999998,0.0034223749999999996,16.0,1.680444541058504,-0.9547352076205035,0.09767415128010433,-0.0022082082795757906,-5.508034289975084e-5,-0.001013085858216376,0.0686177610606612,0.0025036633014678955,0.12609650194644928,-0.15270113945007324,0.44641023874282837,-0.053177110850811005,-0.9234902858734131,0.8325082659721375,0.22036346793174744,0.26733848452568054,0.20482611656188965,-0.43774041533470154,-0.666110098361969
0.05475799999999998,0.0034223749999999996,16.0,1.6576069932693427,-0.931965840371374,0.09775166757563049,-0.002005516142676838,-4.987759371229613e-5,-0.0009208526392969529,0.06862004930307805,0.0023089349269866943,0.1234973669052124,-0.14854449033737183,0.41912850737571716,-0.07064951211214066,-0.9024143218994141,0.8274070620536804,0.2262703776359558,0.28871703147888184,0.19950270652770996,-0.4319755434989929,-0.644851565361023
0.05475799999999998,0.0034223749999999996,16.0,1.6339327464134605,-0.9083851587316925,0.09784284769622906,-0.001842567601096887,-4.584071167710422e-5,-0.0008475704415936059,0.06862340377064538,0.0015740692615509033,0.1213316097855568,-0.14268529415130615,0.3841646611690521,-0.08728867024183273,-0.8609938621520996,0.8153316378593445,0.23691755533218384,0.2988094985485077,0.20152497291564941,-0.4015665352344513,-0.6207671165466309
0.05475799999999998,0.0034223749999999996,16.0,1.6094334749088548,-0.8840035242943782,0.09799590668938976,-0.0016433964581526795,-4.0589226267520095e-5,-0.0007582553433078974,0.06862804958088703,0.001648545265197754,0.11458855867385864,-0.1299123466014862,0.32854676246643066,-0.11171568185091019,-0.8091363906860352,0.7865563631057739,0.2587006688117981,0.2897675931453705,0.22025632858276367,-0.3036554455757141,-0.5874553322792053
0.05475799999999998,0.0034223749999999996,16.0,1.5838582593953856,-0.8587488524928838,0.0982664212757304,-0.001461573151897096,-2.5349032429352302e-5,-0.0006700875620158113,0.0686408206761531,0.00026619434356689453,0.10858100652694702,-0.11551901698112488,0.2712900936603546,-0.12945309281349182,-0.7219333648681641,0.7440095543861389,0.28553277254104614,0.26649707555770874,0.25371885299682617,-0.1847146451473236,-0.5575747489929199
0.05475799999999998,0.0034223749999999996,16.0,1.5573668426824097,-0.8326940599412093,0.09833879020356677,-0.0012798516466840844,-1.8448879754477953e-5,-0.0005887993542465124,0.068634154218627,-0.0007742345333099365,0.10105463117361069,-0.09998467564582825,0.21697640419006348,-0.14086094498634338,-0.6152420043945312,0.6798595786094666,0.3137783706188202,0.23293541371822357,0.2959401607513428,-0.05530022457242012,-0.5320026874542236
0.05475799999999998,0.0034223749999999996,16.0,1.5303205369966557,-0.8058489188302694,0.09836220656007076,-0.0011292024657142464,-1.6038201361342732e-5,-0.0005207713067135175,0.06863093591960105,-0.041155457496643066,0.10619567334651947,-0.090261310338974,0.2654237747192383,-0.032534148544073105,-0.6428055763244629,0.3824824094772339,0.42194437980651855,0.32555463910102844,0.6143045425415039,-0.011362474411725998,-0.6885191202163696
0.05475799999999998,0.0034223749999999996,16.0,1.5024792679748926,-0.7781404551485331,0.09833852583324457,-0.0009953281646245238,-1.3648841870588382e-5,-0.0004595730087353263,0.06862851936776315,-0.04083657264709473,0.09767402708530426,-0.0850648581981659,0.22746141254901886,-0.023464713245630264,-0.47650933265686035,0.30755069851875305,0.41407185792922974,0.32249248027801514,0.6407506465911865,0.0038918759673833847,-0.6426988840103149
0.05475799999999998,0.0034223749999999996,16.0,1.4738083043740149,-0.7495546515317191,0.09830982910793194,-0.0008216958904195381,-1.00640111110474e-5,-0.00037883838368054615,0.06862650206973621,-0.04031872749328613,0.0919521152973175,-0.08263495564460754,0.20582085847854614,-0.0013201888650655746,-0.3116495609283447,0.2279561311006546,0.3995189666748047,0.33194270730018616,0.6419732570648193,-0.04844348132610321,-0.6064473390579224
0.05475799999999998,0.0034223749999999996,16.0,1.4443667437724832,-0.7201219755120235,0.09827330622552255,-0.000689844173037923,-8.433593899911279e-6,-0.0003178496910037552,0.06862509174690275,-0.038956403732299805,0.08873040229082108,-0.08127164840698242,0.19807516038417816,0.017191793769598007,-0.15886807441711426,0.14726974070072174,0.3761828541755676,0.3427368402481079,0.6246817111968994,-0.14360766112804413,-0.5752843022346497
0.05475799999999998,0.0034223749999999996,16.0,1.414109437390165,-0.6898445385587052,0.09820956023755963,-0.0005178227632116974,-6.562271647099966e-6,-0.00023862102195246817,0.06862419793419396,-0.03627169132232666,0.08773407340049744,-0.08343300223350525,0.2007056325674057,0.02780044451355934,-0.08967733383178711,0.10863339900970459,0.34943604469299316,0.36999794840812683,0.5925867557525635,-0.22502365708351135,-0.5511143207550049
0.05475799999999998,0.0034223749999999996,16.0,1.3830245736261624,-0.6587183749129408,0.09814677544786701,-0.000325278299815228,-4.0032787373570326e-6,-0.00014975737101200916,0.06862487028970102,-0.03323274850845337,0.08762865513563156,-0.08759018778800964,0.20655396580696106,0.027700625360012054,-0.08669877052307129,0.09935487806797028,0.32374686002731323,0.38545483350753784,0.5671432018280029,-0.2616872191429138,-0.5312381982803345
0.05475799999999998,0.0034223749999999996,16.0,1.351093987118296,-0.6267564883919495,0.09811229327587705,-0.00015200905265922522,-1.9414020639663127e-6,-7.003714183406251e-5,0.06862378811042996,-0.03215798735618591,0.08770730346441269,-0.08994871377944946,0.20876899361610413,0.02872513234615326,-0.08130574226379395,0.09652774035930634,0.3101028501987457,0.3958694338798523,0.5553936958312988,-0.2831578850746155,-0.5198071002960205
0.05475799999999998,0.0034223749999999996,16.0,1.3183137388303643,-0.5939865697725895,0.09809667451794737,1.6932707075368857e-5,2.385346579082787e-7,7.8173291477479e-6,0.06862164785285435,-0.0315881073474884,0.0864589661359787,-0.08975544571876526,0.20495079457759857,0.035382214933633804,-0.0642554759979248,0.09105116128921509,0.3058543801307678,0.41869863867759705,0.5434796810150146,-0.30444395542144775,-0.5117012858390808
0.05475799999999998,0.0034223749999999996,16.0,1.284693818023549,-0.5603648475604736,0.09809001018274123,0.0001864189238595593,2.6715347368944337e-6,8.606387716663454e-5,0.0686209294890399,-0.03186824917793274,0.08678477257490158,-0.09075465798377991,0.20395857095718384,0.03619253635406494,-0.05419802665710449,0.09360939264297485,0.30351555347442627,0.42989465594291687,0.5406808853149414,-0.3168928921222687,-0.508380651473999
0.05475799999999998,0.0034223749999999996,16.0,1.250221032700366,-0.5259008715725213,0.09804654247963723,0.00037004966602284723,5.125407269987596e-6,0.00017072411219811682,0.06862052118778403,-0.035034120082855225,0.08977927267551422,-0.09461358189582825,0.2067393958568573,0.03826415166258812,-0.04972410202026367,0.11256174743175507,0.3063010573387146,0.42874500155448914,0.5547289848327637,-0.3199116885662079,-0.5140570402145386
0.05475799999999998,0.0034223749999999996,16.0,1.2149207656755832,-0.49061804799126313,0.09803304643588434,0.0005145666851357588,7.157101404053356e-6,0.0002373916766684778,0.06862000152865107,-0.036142051219940186,0.09010384231805801,-0.09548142552375793,0.20427484810352325,0.039083126932382584,-0.03893566131591797,0.11877912282943726,0.3072541654109955,0.4355115592479706,0.5567851066589355,-0.3236483931541443,-0.5125809907913208
0.05475799999999998,0.0034223749999999996,16.0,1.1787900524725718,-0.45450360429801295,0.09801776956426646,0.0006775308921131211,9.474951438477931e-6,0.00031257522689715774,0.06861943488209893,-0.037431955337524414,0.09043902158737183,-0.09641808271408081,0.2016196995973587,0.03970535844564438,-0.02783060073852539,0.12614640593528748,0.3088151514530182,0.4412083327770233,0.5595412254333496,-0.32546472549438477,-0.5115299820899963
0.05475799999999998,0.0034223749999999996,16.0,1.1418320158637683,-0.4175522044093449,0.09801039269392485,0.0008511130975891324,1.1991019826327042e-5,0.0003926599546361491,0.06861879484671472,-0.03821539878845215,0.0907643660902977,-0.09762459993362427,0.19969238340854645,0.03852517157793045,-0.016966581344604492,0.13245487213134766,0.3090752363204956,0.44762080907821655,0.5599610805511475,-0.3296971917152405,-0.5098916888237
0.05475799999999998,0.0034223749999999996,16.0,1.1040642775794751,-0.37977685612027196,0.09799842024734536,0.001048134849741197,1.5463127957359397e-5,0.00048393623039664097,0.06861747299572586,-0.038734644651412964,0.09101910144090652,-0.09903126955032349,0.1983419805765152,0.03613942489027977,-0.006262302398681641,0.13843686878681183,0.3085273504257202,0.45320379734039307,0.5592246055603027,-0.33449000120162964,-0.5080153942108154
0.05475799999999998,0.0034223749999999996,16.0,1.0654438451100032,-0.34115474300725157,0.09801180368892398,0.0012353050173726278,1.8578345706385625e-5,0.0005704605316681946,0.06861661468109687,-0.04008570313453674,0.09181948751211166,-0.1010124683380127,0.19612956047058105,0.03919031098484993,0.010776519775390625,0.14931082725524902,0.31299567222595215,0.47107237577438354,0.5588047504425049,-0.34713831543922424,-0.5103036761283875
0.05475799999999998,0.0034223749999999996,16.0,1.0259813421237134,-0.30173192009902705,0.09800299297676529,0.001356803295625178,2.0705621816098065e-5,0.0006266808290878505,0.06861689829085897,-0.04074940085411072,0.09091610461473465,-0.10110995173454285,0.1908607929944992,0.04261727258563042,0.02762126922607422,0.15389800071716309,0.3170265555381775,0.4864693880081177,0.5546298027038574,-0.3515976071357727,-0.509057879447937
0.05475799999999998,0.0034223749999999996,16.0,0.9856997928073997,-0.2614583944270927,0.09798015034057864,0.001512226217592051,2.335167881235439e-5,0.0006984852037172745,0.06861641073702843,-0.042050719261169434,0.09115789085626602,-0.10242292284965515,0.18811079859733582,0.042249035090208054,0.03770160675048828,0.1643896996974945,0.3190276026725769,0.49295035004615784,0.5566868782043457,-0.3514317572116852,-0.5083572268486023
0.05475799999999998,0.0034223749999999996,16.0,0.9445745630895597,-0.22033495979087994,0.09793000351303364,0.0016633920284904137,2.6425937389256015e-5,0.0007684436364536079,0.06861434023091707,-0.044213294982910156,0.09386593848466873,-0.1068359911441803,0.19087211787700653,0.037385210394859314,0.03538966178894043,0.18211013078689575,0.3167070150375366,0.49435821175575256,0.5672857761383057,-0.3541802763938904,-0.5089060068130493
0.05475799999999998,0.0034223749999999996,16.0,0.9034353073202237,-0.1770290862162198,0.10054251317917479,0.0018054525179891,1.7528623195986036e-5,0.0008397205177062516,0.0685338929515215,-0.0422913134098053,0.09364718198776245,-0.10699325799942017,0.1881365031003952,0.025219369679689407,0.04424881935119629,0.17285899817943573,0.3100758194923401,0.4988318085670471,0.5594935417175293,-0.36161983013153076,-0.49949920177459717
0.05475799999999998,0.0034223749999999996,16.0,0.8606502049891687,-0.13424276759809214,0.10055482424823488,0.001903867759321284,2.1326569063853045e-5,0.0008860097357508142,0.0685312977181079,-0.04595634341239929,0.09437911212444305,-0.10669490694999695,0.17777806520462036,0.03232719749212265,0.06066727638244629,0.19183509051799774,0.3220405578613281,0.5153164863586426,0.5725274085998535,-0.35357844829559326,-0.50115966796875
0.05475799999999998,0.0034223749999999996,16.0,0.8169064585984817,-0.09063882190651236,0.10058504212284752,0.0018794689910397496,2.2485855580527035e-5,0.000875815035773332,0.06853093083897631,-0.05428832769393921,0.09591051936149597,-0.10354280471801758,0.15471003949642181,0.044472891837358475,0.08233880996704102,0.2223484069108963,0.35206878185272217,0.5314105749130249,0.6089208126068115,-0.31381136178970337,-0.5082480907440186
0.05475799999999998,0.0034223749999999996,16.0,0.7716036187877134,-0.047352111200428114,0.09778906332888,0.0017579792166680114,2.5679380987081712e-5,0.0008162799233395408,0.06860074381149749,-0.06116947531700134,0.11322484165430069,-0.11239144206047058,0.15239539742469788,0.06494789570569992,0.04006075859069824,0.151707723736763,0.40532588958740234,0.2747528553009033,0.8157956600189209,-0.1546524167060852,-0.5590952634811401
0.05475799999999998,0.0034223749999999996,16.0,0.7260675098624655,-0.0016586582287158819,0.0975756601777553,0.00010346561956154798,6.44167466815616e-7,4.810406287449957e-5,0.06858644703464149,-0.07703948020935059,0.14428675174713135,-0.11947724223136902,0.1462596356868744,0.04339509457349777,0.05731081962585449,-0.0015976782888174057,0.5028471350669861,-0.17343105375766754,1.132772445678711,0.03563792258501053,-0.6497699618339539
0.05475799999999998,0.0034223749999999996,16.0,0.7706873756095434,0.04343269580914178,0.09978086370876352,-0.0017054518350903924,-4.552514362194595e-5,-0.0008094946391572787,0.06845394664142915,-0.15397191047668457,0.0437273345887661,-0.1484735906124115,0.1639121174812317,-0.6005004048347473,0.18773555755615234,0.6457454562187195,-0.06784141063690186,-0.08740890771150589,1.0645461082458496,0.26360300183296204,-0.09090226888656616
0.05475799999999998,0.0034223749999999996,16.0,0.814243530492848,0.08827380882334823,0.09990066864839488,-0.001898621662342309,-3.0272211054909644e-5,-0.0009069141858979207,0.06837112297280218,-0.21373894810676575,0.06957326829433441,-0.13643619418144226,0.3774057924747467,-0.7545278072357178,0.3339836597442627,0.4121985137462616,0.011475354433059692,-0.9341018795967102,1.5137221813201904,0.455102801322937,-0.3822603225708008
0.05475799999999998,0.0034223749999999996,16.0,0.8573680968041609,0.13224257674980777,0.10016409786531251,-0.0018894976164797253,-1.9484556688640703e-5,-0.0008991542103704873,0.06832037458663846,-0.24315616488456726,0.09215851873159409,-0.12254750728607178,0.5479617118835449,-0.7906495928764343,0.412982702255249,0.2736993432044983,0.07764655351638794,-1.2997125387191772,1.6821298599243164,0.5090417265892029,-0.6197502613067627
0.05475799999999998,0.0034223749999999996,16.0,0.8999676198385634,0.17523706103903244,0.1002370071611918,-0.0017820362124360797,-1.6804852648575595e-5,-0.0008460966029538195,0.06830595068071568,-0.2521476447582245,0.1038997694849968,-0.1200195848941803,0.5960902571678162,-0.7982590198516846,0.43730902671813965,0.2775059640407562,0.1025514006614685,-1.4028329849243164,1.719761848449707,0.4910542070865631,-0.6932923197746277
0.05475799999999998,0.0034223749999999996,16.0,0.9418306508678151,0.21729142991050535,0.10025688307686816,-0.0016305409327025421,-1.5106110445814648e-5,-0.0007729831685405742,0.06829940874637938,-0.2559201419353485,0.11006958037614822,-0.11996495723724365,0.6156994700431824,-0.8027754426002502,0.4513561725616455,0.2760240435600281,0.11459505558013916,-1.4470558166503906,1.7295465469360352,0.49862876534461975,-0.7252731919288635
0.05475799999999998,0.0034223749999999996,16.0,0.9828966862142045,0.2584622026180801,0.10022018180568812,-0.0014456488847177113,-1.3768701046625622e-5,-0.0006855819275572996,0.06830095274757206,-0.25866982340812683,0.11359301209449768,-0.12124907970428467,0.607529878616333,-0.8177770376205444,0.46421384811401367,0.29076966643333435,0.13037440180778503,-1.4594731330871582,1.7319278717041016,0.5080336332321167,-0.7329739928245544
0.05475799999999998,0.0034223749999999996,16.0,1.0231891410102993,0.29881125318956975,0.10022844409222076,-0.001360913598533019,-1.345655804412325e-5,-0.0006444411845402066,0.06829637621636692,-0.25881096720695496,0.11782823503017426,-0.12213337421417236,0.6187174916267395,-0.803331732749939,0.4797452688217163,0.3156442642211914,0.13534283638000488,-1.478312373161316,1.7212014198303223,0.5054344534873962,-0.7494174242019653
0.05475799999999998,0.0034223749999999996,16.0,1.0626447326301633,0.33832671071414133,0.10020779291465427,-0.001164150757664593,-1.1373097125281302e-5,-0.0005503261613664164,0.06828956616042105,-0.25858274102211,0.12366248667240143,-0.12057697772979736,0.6575985550880432,-0.7766678929328918,0.4994840621948242,0.31916558742523193,0.13090559840202332,-1.5115821361541748,1.709310531616211,0.5082144141197205,-0.7843371033668518
0.05475799999999998,0.0034223749999999996,16.0,1.1012315291778632,0.3770267457302029,0.10021183119172523,-0.0010130875744782347,-1.000346933212876e-5,-0.0004782444313710546,0.0682851893298735,-0.26026734709739685,0.12882724404335022,-0.12048742175102234,0.6750419735908508,-0.7755151391029358,0.5201882123947144,0.3321916460990906,0.13875308632850647,-1.5437952280044556,1.7022018432617188,0.5175484418869019,-0.8099640607833862
0.05475799999999998,0.0034223749999999996,16.0,1.1389878839331076,0.4148951140991802,0.10021502893028328,-0.0008238539164233219,-8.221483105941519e-6,-0.00038838190630630266,0.06828081058677832,-0.2618962228298187,0.13400347530841827,-0.12037214636802673,0.6923003792762756,-0.7732219099998474,0.5408408641815186,0.3450499176979065,0.1459924578666687,-1.57414972782135,1.6946206092834473,0.5263588428497314,-0.8347944021224976
0.05475799999999998,0.0034223749999999996,16.0,1.1759145598164258,0.4519288974970589,0.10021553961786174,-0.0006557561198836749,-6.638729513461301e-6,-0.00030873310222404314,0.06827667111506441,-0.2633890211582184,0.13899657130241394,-0.12032440304756165,0.7082794904708862,-0.7696313858032227,0.5609495639801025,0.35835587978363037,0.15256351232528687,-1.6010257005691528,1.686509132385254,0.5350039601325989,-0.8576666712760925
0.05475799999999998,0.0034223749999999996,16.0,1.2120046550488963,0.4881361404006403,0.1002220062872946,-0.0004953964463083235,-5.081211913630731e-6,-0.00023290713335273196,0.0682720403262104,-0.26506009697914124,0.14414824545383453,-0.12004119157791138,0.7254476547241211,-0.7666584253311157,0.5825546979904175,0.3716711699962616,0.159178227186203,-1.6293878555297852,1.6780352592468262,0.5444100499153137,-0.8817842602729797
0.05475799999999998,0.0034223749999999996,16.0,1.2472577212617166,0.5235128093776029,0.1002212539742171,-0.00034056076054706354,-3.55170505847422e-6,-0.0001598707202206127,0.06826711465284784,-0.2668563425540924,0.14930416643619537,-0.11984425783157349,0.741580069065094,-0.7634645700454712,0.6051071882247925,0.3868817985057831,0.16559013724327087,-1.6580578088760376,1.6697587966918945,0.5545427799224854,-0.904660165309906
0.05475799999999998,0.0034223749999999996,16.0,1.2816618397595263,0.5580778893177227,0.1002637661907553,-0.00019110895552827638,-2.0163798509363228e-6,-8.949471280544982e-5,0.06825918286949521,-0.26930567622184753,0.15490645170211792,-0.1196570098400116,0.7580857276916504,-0.7622187733650208,0.6320410966873169,0.40634962916374207,0.17259541153907776,-1.6951860189437866,1.6629533767700195,0.5665460228919983,-0.9285297393798828
0.05475799999999998,0.0034223749999999996,16.0,1.3151444176340767,0.5918276277841402,0.10032845511993314,-5.704329226417873e-5,-6.268346284254658e-7,-2.6619396588164304e-5,0.06825096913693503,-0.2751257121562958,0.16110000014305115,-0.12063691020011902,0.7544767260551453,-0.7861321568489075,0.672558069229126,0.43794727325439453,0.1933354139328003,-1.746617078781128,1.6676573753356934,0.5821216106414795,-0.945902943611145
0.05475799999999998,0.0034223749999999996,16.0,1.3477537457149367,0.6247858176468783,0.10047106046993579,0.00012318818952757838,1.363770047583994e-6,5.7136756384832965e-5,0.06823739776814815,-0.2815791070461273,0.16897805035114288,-0.11954566836357117,0.7692910432815552,-0.815524697303772,0.722779393196106,0.45830559730529785,0.21191740036010742,-1.821312665939331,1.6656718254089355,0.6105172634124756,-0.9797198176383972
0.05475799999999998,0.0034223749999999996,16.0,1.379653097970774,0.6551916569398512,0.09801626432614323,0.000290617653693141,4.534188097780629e-6,0.0001337960622082929,0.06836692079594237,-0.2812667191028595,0.17572499811649323,-0.11348745226860046,0.8126682639122009,-0.8499784469604492,0.7629444599151611,0.4749711751937866,0.214046448469162,-1.8957147598266602,1.6170134544372559,0.6899148225784302,-1.0259500741958618
0.05475799999999998,0.0034223749999999996,16.0,1.4106581238353648,0.6864843778919117,0.09815514034109113,0.00045999049665554755,7.061040615550392e-6,0.0002107793801035877,0.06835999059961353,-0.2860768735408783,0.18507413566112518,-0.10572600364685059,0.8599590063095093,-0.9074993133544922,0.8258692026138306,0.4808253049850464,0.22640809416770935,-1.9975513219833374,1.5763936042785645,0.7650680541992188,-1.0863771438598633
0.05475799999999998,0.0034223749999999996,16.0,1.4409439509001027,0.7168941876511358,0.09844071424430531,0.0006609871331151574,9.629896291002394e-6,0.000300841924221955,0.06834840490403013,-0.275014191865921,0.18517303466796875,-0.08957856893539429,0.9472604990005493,-0.9637745022773743,0.8750240802764893,0.47244617342948914,0.199827641248703,-2.0682082176208496,1.429619312286377,0.9559811949729919,-1.1483261585235596
0.05475799999999998,0.0034223749999999996,16.0,1.4705186973329762,0.7463752081241259,0.0987157765713587,0.00080478799486856,1.1100267443230704e-5,0.00036405045206203845,0.06834472436503367,-0.24645057320594788,0.17107127606868744,-0.06219738721847534,1.0534929037094116,-1.0394132137298584,0.8839432001113892,0.42536622285842896,0.14772558212280273,-2.0655641555786133,1.1558778285980225,1.289083480834961,-1.2039077281951904
0.05475799999999998,0.0034223749999999996,16.0,1.4994440136403644,0.7748240359896778,0.09911851956457565,0.0009888855410036174,1.2393165050997022e-5,0.00044377116461962216,0.06834193277380385,-0.2191166877746582,0.15515266358852386,-0.03276824951171875,1.1288797855377197,-1.117264986038208,0.866025447845459,0.3766070306301117,0.10970702767372131,-2.0326740741729736,0.8836629390716553,1.602687954902649,-1.242356777191162
0.05475799999999998,0.0034223749999999996,16.0,1.5277103589298848,0.8021817886232113,0.09954859387974734,0.001131220791543032,1.2315463280775126e-5,0.0005031425107239973,0.06835171316384704,-0.18551850318908691,0.12958726286888123,0.003145158290863037,1.1798202991485596,-1.1825940608978271,0.8063228130340576,0.3228219449520111,0.07057923078536987,-1.9427505731582642,0.562610387802124,1.9608227014541626,-1.2550042867660522
0.05475799999999998,0.0034223749999999996,16.0,1.5550996905144479,0.8287390586037888,0.0999788138433836,0.0012896435199102622,1.2488714045650913e-5,0.0005693329382969507,0.06836569524434762,-0.15909114480018616,0.09180354326963425,0.07914313673973083,1.193585753440857,-0.10509525239467621,0.22215986251831055,-0.1118970662355423,-0.11056691408157349,-2.2697322368621826,1.0236163139343262,1.6288808584213257,-1.0847381353378296
0.05475799999999998,0.0034223749999999996,16.0,1.5815754009580225,0.8544062675614419,0.10073584030097643,0.0014756912690135483,6.097267858112334e-6,0.0006577960938970681,0.06837458537878578,-0.12783336639404297,0.07122070342302322,0.09931132197380066,1.1832220554351807,-0.055461037904024124,0.01845073699951172,-0.19799837470054626,-0.15760987997055054,-2.143296480178833,0.8542358875274658,1.685436725616455,-1.0267159938812256
0.05475799999999998,0.0034223749999999996,16.0,1.6072140931933858,0.8793840535359757,0.10141705632478665,0.0016618270231249146,-2.4018760784091953e-6,0.0007532812393798202,0.06838289492907855,-0.10788857936859131,0.05846028029918671,0.11197003722190857,1.1640839576721191,-0.009064674377441406,-0.11692404747009277,-0.25536486506462097,-0.18269264698028564,-2.0609073638916016,0.7530083656311035,1.6786001920700073,-0.982007622718811
0.05475799999999998,0.0034223749999999996,16.0,1.6319519245415797,0.9036048181604888,0.10157574134687256,0.0018725975205420768,-4.948564125409466e-6,0.0008489551474639596,0.06840166820587744,-0.09246158599853516,0.04677315801382065,0.12101045250892639,1.1380999088287354,0.022256094962358475,-0.230726957321167,-0.30302998423576355,-0.19979268312454224,-1.9856925010681152,0.6749999523162842,1.6661646366119385,-0.9384915828704834
0.05475799999999998,0.0034223749999999996,16.0,1.6558109123994855,0.9271113053325328,0.10171835628437914,0.002028541896822898,-6.703443815676624e-6,0.0009197290795301655,0.0684148156505513,-0.0797731876373291,0.038819774985313416,0.1306094229221344,1.1200790405273438,0.06313517689704895,-0.34027647972106934,-0.34077638387680054,-0.2151331901550293,-1.9054722785949707,0.6005501747131348,1.6056830883026123,-0.9045467972755432
0.05475799999999998,0.0034223749999999996,16.0,1.6787286229412526,0.9498453220775972,0.10180868811486583,0.0022272276325949673,-8.64476289122178e-6,0.0010101003852415285,0.06842467421442026,-0.07746776938438416,0.03968264162540436,0.12928506731987,1.111329197883606,0.07915270328521729,-0.32381582260131836,-0.3480728566646576,-0.2086581587791443,-1.9335788488388062,0.6112210750579834,1.6135514974594116,-0.9026004672050476
0.05475799999999998,0.0034223749999999996,16.0,1.7007523059363119,0.971834732130092,0.10188365056452076,0.0024292444143424086,-1.0446945619445084e-5,0.0011017053665565862,0.06842500876629203,-0.07550495862960815,0.04146348685026169,0.1318763792514801,1.116594910621643,0.09440074115991592,-0.32636237144470215,-0.3591490685939789,-0.20697593688964844,-1.9457623958587646,0.6030979156494141,1.5948811769485474,-0.9096108675003052
0.05475799999999998,0.0034223749999999996,16.0,1.7219945514215735,0.9930282311243588,0.10193383706801304,0.002642188585701251,-1.1276735067756882e-5,0.001198138652050706,0.06842782509961054,-0.07371574640274048,0.043614402413368225,0.13574036955833435,1.126006007194519,0.10842744261026382,-0.33382701873779297,-0.37001141905784607,-0.2064877152442932,-1.9522429704666138,0.5882353782653809,1.5671571493148804,-0.9194773435592651
0.05475799999999998,0.0034223749999999996,16.0,1.7422886179137695,1.0132897011740027,0.10185667724404404,0.0028567082127337476,-1.3496748541056043e-5,0.0012947935655924522,0.06843094331721558,-0.07288488745689392,0.043942179530858994,0.1371643841266632,1.1322503089904785,0.1056964099407196,-0.35067296028137207,-0.3842267692089081,-0.20613878965377808,-1.9450395107269287,0.5810651779174805,1.5570216178894043,-0.9259729981422424
0.05475799999999998,0.0034223749999999996,16.0,1.7618016815976778,1.0328684280406841,0.10203510844451853,0.0030233194322581204,-1.4569798933807123e-5,0.00137004070575764,0.06843062669448219,-0.07196074724197388,0.04593775048851967,0.1422259509563446,1.1464805603027344,0.1144653707742691,-0.3693547248840332,-0.39720430970191956,-0.20780837535858154,-1.941686749458313,0.5610549449920654,1.5255391597747803,-0.9383547306060791
0.05475799999999998,0.0034223749999999996,16.0,1.7804387142957872,1.0515786863075594,0.10216233278629104,0.003212228811632357,-1.6907206374712613e-5,0.0014547612040164799,0.06843006737327734,-0.07140445709228516,0.04853742942214012,0.14666572213172913,1.1592962741851807,0.12461908161640167,-0.3844935894012451,-0.4103188216686249,-0.20964467525482178,-1.939435601234436,0.5455844402313232,1.49421226978302,-0.949176549911499
0.05475799999999998,0.0034223749999999996,16.0,1.798275812945057,1.0693955859346187,0.10209381232334594,0.0033762873296154404,-1.7770720793605196e-5,0.0015297138683882145,0.06843201501455662,-0.07095974683761597,0.04739530384540558,0.14376959204673767,1.152608036994934,0.11626236885786057,-0.3831613063812256,-0.4146483242511749,-0.20458167791366577,-1.9407706260681152,0.556532621383667,1.5163136720657349,-0.9476828575134277
0.05475799999999998,0.0034223749999999996,16.0,1.8152617690548698,1.0864159014530235,0.10214441435334008,0.003568163425847623,-1.9935458369880038e-5,0.0016165827430027861,0.06843162845342923,-0.07065883278846741,0.04831334948539734,0.1447753608226776,1.1559040546417236,0.11930462718009949,-0.390225887298584,-0.4237184524536133,-0.2035199999809265,-1.9410908222198486,0.5548727512359619,1.511751651763916,-0.9520260095596313
0.05475799999999998,0.0034223749999999996,16.0,1.8314446656915446,1.1026489187938444,0.10223424090196857,0.0037371516475950923,-2.144400333403414e-5,0.0016928131596304706,0.06843194068341842,-0.07023587822914124,0.050806496292352676,0.1465739905834198,1.1610530614852905,0.12893754243850708,-0.3937509059906006,-0.4311447739601135,-0.2032492756843567,-1.9451181888580322,0.5515143871307373,1.4936575889587402,-0.9574281573295593
0.05475799999999998,0.0034223749999999996,16.0,1.8467734154321986,1.1179136259841298,0.10208026069246899,0.0039050844355631685,-2.3355150114563272e-5,0.0017686065045672227,0.06843519452108641,-0.06970140337944031,0.05060461163520813,0.1475640833377838,1.1646223068237305,0.12771719694137573,-0.40615153312683105,-0.4415722191333771,-0.2030879259109497,-1.9408128261566162,0.5463967323303223,1.491755485534668,-0.9611130356788635
0.05475799999999998,0.0034223749999999996,16.0,1.861327582524405,1.1324087474259399,0.10205578787462333,0.00403599823374394,-2.3685413108605407e-5,0.001828330717603093,0.0684387200189168,-0.0690971314907074,0.05046922713518143,0.14812400937080383,1.1670843362808228,0.12617440521717072,-0.41754794120788574,-0.45017147064208984,-0.20287847518920898,-1.9365098476409912,0.5427820682525635,1.4900243282318115,-0.9637517929077148
0.05475799999999998,0.0034223749999999996,16.0,1.8750633742078746,1.1460721376452572,0.10202453077577721,0.004153662246680319,-2.382355839836575e-5,0.001881948520289177,0.0684428261786568,-0.06854909658432007,0.05061810091137886,0.14844265580177307,1.169130563735962,0.12773914635181427,-0.4274623394012451,-0.4591253995895386,-0.2034321427345276,-1.9341650009155273,0.540693998336792,1.488074779510498,-0.9652383327484131
0.05475799999999998,0.0034223749999999996,16.0,1.8879885319840868,1.159033058621682,0.1022331960680253,0.004279148527450461,-2.355088678892549e-5,0.0019396435508833004,0.06844292152012325,-0.0681929886341095,0.05135427787899971,0.14948418736457825,1.1722294092178345,0.1340802162885666,-0.43427157402038574,-0.46722960472106934,-0.20442849397659302,-1.9407206773757935,0.5379650592803955,1.4857566356658936,-0.9673413038253784
0.05475799999999998,0.0034223749999999996,16.0,1.900020600361053,1.1709750050095553,0.10206458532746802,0.00441245627077839,-2.462475881214082e-5,0.0019990136215237387,0.06844835320837245,-0.06725597381591797,0.05331660807132721,0.15555784106254578,1.1861460208892822,0.14470498263835907,-0.4537620544433594,-0.47721561789512634,-0.20877021551132202,-1.9376707077026367,0.5128512382507324,1.4505506753921509,-0.9767016172409058
0.05475799999999998,0.0034223749999999996,16.0,1.9112081740106233,1.1821687220180352,0.1020984373760588,0.0045487563428262935,-2.6138173971620184e-5,0.0020592235717925957,0.06845018041574992,-0.06689867377281189,0.056797780096530914,0.162308007478714,1.2012310028076172,0.15972161293029785,-0.4705519676208496,-0.48780542612075806,-0.21347904205322266,-1.9357540607452393,0.4884326457977295,1.4059104919433594,-0.9868412613868713
0.05475799999999998,0.0034223749999999996,16.0,1.9216181799321848,1.192548486121723,0.10209414503013264,0.004679789384069041,-2.5621364362097152e-5,0.0021174809229758226,0.06845441562734787,-0.06648030877113342,0.06040048971772194,0.16866979002952576,1.2133902311325073,0.17625758051872253,-0.48107028007507324,-0.4956844747066498,-0.21726268529891968,-1.935707449913025,0.46413564682006836,1.3618708848953247,-0.9950367212295532
0.05475799999999998,0.0034223749999999996,16.0,1.9311687575689698,1.202165159054675,0.10227066811332773,0.004831776528027121,-2.598589454135377e-5,0.0021855575720983057,0.06845500262779523,-0.06646692752838135,0.06341130286455154,0.17381390929222107,1.2234058380126953,0.1889374852180481,-0.4908590316772461,-0.5040836930274963,-0.22047334909439087,-1.9366276264190674,0.4451279640197754,1.3276771306991577,-1.0016748905181885
0.05475799999999998,0.0034223749999999996,16.0,1.940400025484773,1.2121630528399243,0.10591403212198165,0.005040437890725404,-8.48581406030289e-5,0.0022799371490277664,0.06832559426333193,-0.0696580708026886,0.06779275089502335,0.16928604245185852,1.21457839012146,0.21260380744934082,-0.45174622535705566,-0.49654605984687805,-0.21257555484771729,-1.9803540706634521,0.4857625961303711,1.3541430234909058,-1.0011111497879028
0.05475799999999998,0.0034223749999999996,16.0,1.9483189468385105,1.2200933383819608,0.10601942163742627,0.0052725312435486825,-8.777604080189896e-5,0.002382834856551783,0.06833143830254557,-0.07042714953422546,0.0731656551361084,0.1768777072429657,1.231938123703003,0.23003023862838745,-0.46999549865722656,-0.5107546448707581,-0.22033542394638062,-1.9683804512023926,0.4571990966796875,1.2865084409713745,-1.0103323459625244
0.05475799999999998,0.0034223749999999996,16.0,1.9553452777511888,1.2271648713160141,0.10609248861714744,0.0056281727014233255,-9.444876749358836e-5,0.002542839181480238,0.06833361887752236,-0.0706591010093689,0.0755440890789032,0.18112817406654358,1.2404696941375732,0.23879721760749817,-0.4829857349395752,-0.5225065350532532,-0.2237904667854309,-1.9626413583755493,0.4394228458404541,1.2539950609207153,-1.0151877403259277
0.05475799999999998,0.0034223749999999996,16.0,1.9615838704300503,1.2334188110771114,0.10616370561658137,0.0062220719018448185,-0.00010422083952983525,0.002809917510761966,0.06833858692195327,-0.07139661908149719,0.07955309003591537,0.18513521552085876,1.24770188331604,0.2516952157020569,-0.4921104907989502,-0.5352442264556885,-0.22724878787994385,-1.9546926021575928,0.4254434108734131,1.2084332704544067,-1.0186924934387207
0.05475799999999998,0.0034223749999999996,16.0,1.9669712387696874,1.2388253782659544,0.10619130640859449,0.007571430600572224,-0.00012870557453944936,0.0034206499842019443,0.068342413824259,-0.07169249653816223,0.08075173199176788,0.18460294604301453,1.2426514625549316,0.2602979242801666,-0.49405980110168457,-0.5506917238235474,-0.2247065305709839,-1.9562650918960571,0.4312477111816406,1.2030049562454224,-1.01607346534729
0.05475799999999998,0.0034223749999999996,16.0,1.9714961477453685,1.2433868966665669,0.10615208025804454,0.014029726529320235,-0.0002647002488019299,0.006355023871256501,0.06835014572450264,-0.07539695501327515,0.08481854945421219,0.18537935614585876,1.2338447570800781,0.27569636702537537,-0.5416550636291504,-0.6348063349723816,-0.22171896696090698,-1.9245227575302124,0.43880772590637207,1.1443767547607422,-1.0090558528900146
0.05475799999999998,0.0034223749999999996,16.0,1.9422264945010028,-1.2450479111646264,0.08630312104699073,-0.013959435970770432,-0.00023046021163918473,-0.006408260497747012,0.06854589085327258,0.013705089688301086,0.12640787661075592,-0.1565840244293213,0.5795958042144775,0.09276937693357468,-1.0644795894622803,0.7470054030418396,0.21865320205688477,-0.0275740884244442,0.26282191276550293,-0.07839422672986984,-0.7989712953567505
0.05475799999999998,0.0034223749999999996,16.0,1.9376982353556504,-1.2404780923824517,0.08630884529683422,-0.007528732649129258,-0.00011917641050890294,-0.0034594180037651966,0.06853924056852168,0.013962715864181519,0.12990014255046844,-0.15692821145057678,0.5810496807098389,0.06611163914203644,-1.0541810989379883,0.7511855959892273,0.21566739678382874,-0.034882593899965286,0.28643155097961426,-0.12230312824249268,-0.7969576716423035
0.05475799999999998,0.0034223749999999996,16.0,1.9323210825014925,-1.2351116365308619,0.086296720266149,-0.006183028126477234,-9.661711416929025e-5,-0.002841272173815781,0.06853595411613041,0.012605294585227966,0.1327933818101883,-0.15794974565505981,0.5844115018844604,0.06563392281532288,-1.0457346439361572,0.7533749341964722,0.213467538356781,-0.03236783295869827,0.28962039947509766,-0.15086865425109863,-0.7979291677474976
0.05475799999999998,0.0034223749999999996,16.0,1.926118128104807,-1.2289225535695072,0.08629733764020782,-0.0055907381798929205,-8.60224818034119e-5,-0.002569090773075795,0.0685331012236557,0.01153305172920227,0.13274897634983063,-0.15875163674354553,0.5790709257125854,0.06578009575605392,-1.0396215915679932,0.7633139491081238,0.21465927362442017,-0.017940377816557884,0.2900664806365967,-0.17194384336471558,-0.793745219707489
0.05475799999999998,0.0034223749999999996,16.0,1.9190705287934957,-1.2219032921150756,0.08629068605434206,-0.0052449488732538435,-8.116712509368982e-5,-0.002410285056360491,0.06853101573760706,0.010062038898468018,0.1336313784122467,-0.1598389446735382,0.5766324996948242,0.0673559233546257,-1.032280683517456,0.7720592617988586,0.2149420976638794,-0.005244801752269268,0.2895941734313965,-0.19524739682674408,-0.7915263175964355
0.05475799999999998,0.0034223749999999996,16.0,1.9101499334305376,-1.215610499048061,0.083712335134924,-0.005007995481782445,-0.00010607591696657314,-0.0022940694274632906,0.0686174635251916,0.009864509105682373,0.13356946408748627,-0.1582413613796234,0.5831250548362732,0.09710179269313812,-1.0289607048034668,0.7786553502082825,0.21153423190116882,-0.041357021778821945,0.3070180416107178,-0.16490291059017181,-0.7948230504989624
0.05475799999999998,0.0034223749999999996,16.0,1.9014506410238268,-1.2069862607332635,0.0836226120089447,-0.004807624653741022,-0.0001029776521696715,-0.0022027039807064235,0.0686179605985345,0.00801938772201538,0.13205887377262115,-0.15919554233551025,0.5713411569595337,0.09817282110452652,-1.0210058689117432,0.7965178489685059,0.21489757299423218,-0.011828672140836716,0.3067946434020996,-0.19214946031570435,-0.7864271402359009
0.05475799999999998,0.0034223749999999996,16.0,1.8919194421294403,-1.19748388825048,0.08359107320067341,-0.004657929065918476,-9.877437294235006e-5,-0.0021337127261984103,0.06861555012738094,0.006637513637542725,0.1321033537387848,-0.1594069004058838,0.5702335834503174,0.1112123429775238,-1.0133726596832275,0.8066756129264832,0.21426615118980408,-0.01534382812678814,0.3138916492462158,-0.19494813680648804,-0.7847484350204468
0.05475799999999998,0.0034223749999999996,16.0,1.8815430305158047,-1.1871492786641258,0.08355472942099777,-0.004524145910884633,-9.508711793739626e-5,-0.0020717156074437034,0.06861241655369191,0.0047419071197509766,0.132662832736969,-0.1598583161830902,0.5702759027481079,0.12546947598457336,-1.003770112991333,0.8176811933517456,0.21302270889282227,-0.01819157972931862,0.3213953971862793,-0.20205780863761902,-0.783587634563446
0.05475799999999998,0.0034223749999999996,16.0,1.8703421210561904,-1.1759831850012417,0.08354996830732431,-0.0043897729756041115,-9.346054000455621e-5,-0.0020106309539620446,0.06861167808697588,0.0031815767288208008,0.1314489245414734,-0.15973713994026184,0.564778208732605,0.1381068229675293,-0.995053768157959,0.8319454789161682,0.21355652809143066,-0.015858357772231102,0.329679012298584,-0.20341737568378448,-0.7787297964096069
0.05475799999999998,0.0034223749999999996,16.0,1.8583150064609297,-1.1639620629019451,0.08357909922417309,-0.004265720103196348,-9.075289760644992e-5,-0.001953519665135991,0.06860974654772066,0.002268761396408081,0.1309494972229004,-0.1596851646900177,0.562515377998352,0.14584247767925262,-0.9879395961761475,0.8409713506698608,0.2130436897277832,-0.020962616428732872,0.33551669120788574,-0.20173348486423492,-0.7760259509086609
0.05475799999999998,0.0034223749999999996,16.0,1.8454517250074127,-1.151112091300814,0.08360563131547774,-0.0041400127276876,-8.576415954175563e-5,-0.0018945763846667668,0.06860430051250108,0.0014323890209197998,0.13132189214229584,-0.16003790497779846,0.5639191269874573,0.15135915577411652,-0.9833416938781738,0.848520815372467,0.21078675985336304,-0.02246064692735672,0.3365602493286133,-0.20529767870903015,-0.775178849697113
0.05475799999999998,0.0034223749999999996,16.0,1.8317919366297464,-1.1374212432350885,0.08365753500212784,-0.00403104008206769,-8.212993347097161e-5,-0.001844443999769624,0.06860244835809332,0.002231121063232422,0.13106608390808105,-0.16026300191879272,0.558451771736145,0.1342085897922516,-0.9828603267669678,0.8495012521743774,0.21148189902305603,-0.007804718799889088,0.3248560428619385,-0.21781058609485626,-0.77031409740448
0.05475799999999998,0.0034223749999999996,16.0,1.817299436363074,-1.1229282181035705,0.08366174952608031,-0.003892706259912887,-7.87609882631636e-5,-0.0017803971253690545,0.06860249345470515,0.003084808588027954,0.13045287132263184,-0.1593753695487976,0.5556153059005737,0.13188821077346802,-0.9827511310577393,0.8508315086364746,0.21127519011497498,-0.01430913433432579,0.3233053684234619,-0.2099616974592209,-0.7673124670982361
0.05475799999999998,0.0034223749999999996,16.0,1.8019830690877854,-1.1076127886187637,0.08363298415831906,-0.0037168282165016935,-7.635281832163579e-5,-0.0017007112574460431,0.06860538336248168,0.0034040212631225586,0.13073372840881348,-0.1587372124195099,0.5552536249160767,0.1326952576637268,-0.9807183742523193,0.8505457043647766,0.20972296595573425,-0.021946115419268608,0.3228111267089844,-0.20754748582839966,-0.7654051780700684
0.05475799999999998,0.0034223749999999996,16.0,1.785811411963611,-1.0914403082441815,0.08365144897700158,-0.003553306138834398,-7.220067789997124e-5,-0.0016255539233350756,0.06860368266255804,0.0029709935188293457,0.13103216886520386,-0.15882232785224915,0.5492059588432312,0.11906036734580994,-0.977841854095459,0.8532258868217468,0.2102477252483368,0.0025350069627165794,0.3114054203033447,-0.23298536241054535,-0.7597643136978149
0.05475799999999998,0.0034223749999999996,16.0,1.7688220685070488,-1.0744654815435641,0.08363489003171454,-0.0033665488219913387,-6.936196847832805e-5,-0.0015406098976723768,0.0686059749196183,0.002750694751739502,0.1304803043603897,-0.1580975353717804,0.5424150824546814,0.1106809601187706,-0.9742391109466553,0.8558546900749207,0.21082526445388794,0.012872043065726757,0.3080747127532959,-0.24342402815818787,-0.7535346746444702
0.05475799999999998,0.0034223749999999996,16.0,1.751007253256899,-1.0566460238506004,0.08364223069392945,-0.003189924186414828,-6.570605553334115e-5,-0.0014598444313520644,0.06860715059951676,0.004173189401626587,0.12971648573875427,-0.15600547194480896,0.5365022420883179,0.10172197967767715,-0.9770536422729492,0.8498307466506958,0.2107284665107727,0.008895834907889366,0.3060271739959717,-0.2359057515859604,-0.74754798412323
0.05475799999999998,0.0034223749999999996,16.0,1.7323496792295399,-1.037963153449005,0.08369195148951615,-0.003005959987618615,-6.213776216717177e-5,-0.0013760779407211506,0.06860736836065189,0.0035948753356933594,0.13065822422504425,-0.15538138151168823,0.5341029763221741,0.10247921943664551,-0.9712245464324951,0.8503320217132568,0.20915812253952026,0.011604667641222477,0.30464839935302734,-0.24810023605823517,-0.7435404658317566
0.05475799999999998,0.0034223749999999996,16.0,1.712870178031204,-1.0185093089722626,0.08367517356155868,-0.002841091930263097,-6.0228600561047575e-5,-0.0013014350902904833,0.06861172219614535,0.0035187900066375732,0.12975434958934784,-0.15433567762374878,0.5222080945968628,0.08897837996482849,-0.9656531810760498,0.8528033494949341,0.21077889204025269,0.030881831422448158,0.2986762523651123,-0.26411163806915283,-0.7332355380058289
0.05475799999999998,0.0034223749999999996,16.0,1.692569450365638,-0.9982173686620637,0.08368863492710572,-0.0026253713275094077,-5.6003756993679626e-5,-0.00120334640660343,0.06861498899707241,0.004807919263839722,0.12851376831531525,-0.1530229151248932,0.5031328797340393,0.048675164580345154,-0.9652912616729736,0.8471728563308716,0.21385815739631653,0.07522938400506973,0.2763252258300781,-0.29602476954460144,-0.7170727252960205
0.05475799999999998,0.0034223749999999996,16.0,1.671397000991323,-0.9771258897875643,0.08369493493716101,-0.002411056124518671,-5.2514761609582305e-5,-0.0011063968915667696,0.06861744694011775,0.004010796546936035,0.12425294518470764,-0.1491532325744629,0.4779015779495239,0.04300512745976448,-0.9554364681243896,0.8529047966003418,0.2202446460723877,0.10601572692394257,0.2777223587036133,-0.295441597700119,-0.6983461976051331
0.05475799999999998,0.0034223749999999996,16.0,1.64940672228802,-0.9551846576947285,0.08373468452462982,-0.002207725324307068,-4.831724599166286e-5,-0.0010139882779697353,0.06862015716628087,0.003484189510345459,0.12180440872907639,-0.1451835036277771,0.45234769582748413,0.029975220561027527,-0.9386816024780273,0.8518592715263367,0.22906291484832764,0.11820149421691895,0.2787175178527832,-0.28662943840026855,-0.6817623376846313
0.05475799999999998,0.0034223749999999996,16.0,1.6265646485850167,-0.9324062054441311,0.08380277273393849,-0.0020051033556961703,-4.3666082260841136e-5,-0.0009216929747359831,0.06862174816213704,0.002470672130584717,0.11695494502782822,-0.1372314691543579,0.40743112564086914,0.008476738817989826,-0.9022960662841797,0.8454049229621887,0.24776574969291687,0.12302207946777344,0.2907545566558838,-0.2386198788881302,-0.6559057235717773
0.05475799999999998,0.0034223749999999996,16.0,1.6028873117989983,-0.908816862591056,0.08388049087702165,-0.0018422540314274021,-4.00858473904968e-5,-0.0008482843110411821,0.06862452721459976,0.0007684230804443359,0.11425893753767014,-0.12870588898658752,0.36312341690063477,-0.00598317664116621,-0.8456060886383057,0.8310315012931824,0.26939570903778076,0.10540489852428436,0.31441402435302734,-0.17273634672164917,-0.633651852607727
0.05475799999999998,0.0034223749999999996,16.0,1.5783179398311935,-0.8844330944241351,0.08401786093988324,-0.0016450725460975177,-2.7947000357862715e-5,-0.0007536775464993277,0.0686394633665568,-3.8504600524902344e-5,0.10812186449766159,-0.11370396614074707,0.3002268970012665,-0.03074004501104355,-0.770127534866333,0.7934275269508362,0.3025630712509155,0.06065073236823082,0.36286187171936035,-0.04066101461648941,-0.6045506000518799
0.05475799999999998,0.0034223749999999996,16.0,1.5526696713112795,-0.8591382227539677,0.08417626037674454,-0.0014617526070973277,-1.8843324719372277e-5,-0.0006700683919575676,0.06863905266429705,-0.002996772527694702,0.10226522386074066,-0.09855687618255615,0.23898805677890778,-0.0491710789501667,-0.6485025882720947,0.7375556230545044,0.3380845785140991,0.014804589562118053,0.4221835136413574,0.09192372858524323,-0.5793793201446533
0.05475799999999998,0.0034223749999999996,16.0,1.5264582452083821,-0.8331257400103038,0.08419366190043891,-0.0012800371821468993,-1.639475990712798e-5,-0.000588043978960955,0.06863811813467638,-0.045729756355285645,0.10642599314451218,-0.09056106209754944,0.2892766296863556,0.05022875964641571,-0.689861536026001,0.3795308470726013,0.47710174322128296,0.06290865689516068,0.6928081512451172,0.14068281650543213,-0.768666684627533
0.05475799999999998,0.0034223749999999996,16.0,1.4994367410694664,-0.806224508431326,0.08418613703575413,-0.0011295045120740402,-1.4283807028391248e-5,-0.0005196901576116481,0.06863684530165831,-0.048712730407714844,0.0973828136920929,-0.08523708581924438,0.23727655410766602,0.06099753454327583,-0.5118205547332764,0.32141971588134766,0.48580822348594666,0.06079254671931267,0.736072301864624,0.16587267816066742,-0.725335419178009
0.05475799999999998,0.0034223749999999996,16.0,1.4716042012660773,-0.7784696019624083,0.08414665355251785,-0.0009956378574713487,-1.2285688397567503e-5,-0.00045837206611018533,0.06863578757630952,-0.04677465558052063,0.09131770581007004,-0.08370926976203918,0.2095918357372284,0.06246966868638992,-0.3771851062774658,0.2550574243068695,0.46953487396240234,0.06549331545829773,0.731114387512207,0.12852802872657776,-0.6811279058456421
0.05475799999999998,0.0034223749999999996,16.0,1.4429682772383516,-0.7498610861096612,0.08410101784957999,-0.00082190089973547,-9.36644137873613e-6,-0.0003778050249734711,0.06863636572855751,-0.04802364110946655,0.08803410828113556,-0.0829395055770874,0.19224198162555695,0.08218266814947128,-0.21047687530517578,0.1765754222869873,0.4579007029533386,0.058547504246234894,0.7227067947387695,0.04660748690366745,-0.6519905924797058
0.05475799999999998,0.0034223749999999996,16.0,1.413525032907931,-0.720418182288623,0.08405888403346444,-0.0006899503070964164,-7.955065640285255e-6,-0.0003170393582647456,0.0686368320927871,-0.044790416955947876,0.08603629469871521,-0.08316832780838013,0.18994656205177307,0.07328298687934875,-0.12403464317321777,0.1376907378435135,0.4145161509513855,0.159295916557312,0.6715772151947021,-0.0641193687915802,-0.6059566140174866
0.05475799999999998,0.0034223749999999996,16.0,1.383254383881924,-0.6901359167011243,0.08401076792085599,-0.0005178850355688758,-6.206388898955667e-6,-0.00023805231360234314,0.06863668516496323,-0.04226255416870117,0.08533115684986115,-0.08651226758956909,0.19150197505950928,0.08187787234783173,-0.10796141624450684,0.12974639236927032,0.3950836956501007,0.19805710017681122,0.6421151161193848,-0.1145496591925621,-0.5879956483840942
0.05475799999999998,0.0034223749999999996,16.0,1.352152808588528,-0.6590086036258287,0.0839699667677922,-0.00032533050654596325,-3.769003246713516e-6,-0.00014942366218242118,0.06863719995614943,-0.04019513726234436,0.0855848416686058,-0.08996790647506714,0.1965472549200058,0.08080562949180603,-0.1108543872833252,0.12436962127685547,0.37693244218826294,0.19798555970191956,0.6280806064605713,-0.133520245552063,-0.5748721361160278
0.05475799999999998,0.0034223749999999996,16.0,1.3202140506714282,-0.6270468003325311,0.08394778250754309,-0.00015205905269227764,-1.8283185515292499e-6,-6.989896061233984e-5,0.06863609929555813,-0.03947290778160095,0.08599158376455307,-0.0919855535030365,0.19854405522346497,0.08051926642656326,-0.10907602310180664,0.12325091660022736,0.3671732544898987,0.20185816287994385,0.6221721172332764,-0.14742518961429596,-0.5671038627624512
0.05475799999999998,0.0034223749999999996,16.0,1.2874283211870774,-0.5942728535590762,0.08393348529524039,1.6878884228118578e-5,2.2459851101215864e-7,7.775299222351524e-6,0.06863391746289073,-0.03909549117088318,0.08495669811964035,-0.09174421429634094,0.19411660730838776,0.08551273494958878,-0.09601306915283203,0.12000627815723419,0.36595237255096436,0.22329112887382507,0.6146018505096436,-0.16534380614757538,-0.561401903629303
0.05475799999999998,0.0034223749999999996,16.0,1.2538095742375301,-0.5606519976646392,0.08393006826802771,0.00018635543828473836,2.520397384683289e-6,8.584731203625992e-5,0.06863331174440958,-0.039614200592041016,0.0853305384516716,-0.09267663955688477,0.19262397289276123,0.08629230409860611,-0.08604812622070312,0.12343811988830566,0.36458083987236023,0.23452411592006683,0.6134729385375977,-0.17654360830783844,-0.5585439205169678
0.05475799999999998,0.0034223749999999996,16.0,1.2193421816813417,-0.5261929057704983,0.08389562383408528,0.0003699747850341102,4.818420190358528e-6,0.00017031092918793136,0.06863311707279557,-0.041282713413238525,0.0869133248925209,-0.09541904926300049,0.19386857748031616,0.08849186450242996,-0.08248233795166016,0.1325877606868744,0.364940881729126,0.23052261769771576,0.6203842163085938,-0.17888030409812927,-0.5602208971977234
0.05475799999999998,0.0034223749999999996,16.0,1.1840458287040558,-0.49091083009104564,0.08388513245287967,0.0005144522530643724,6.717428578169801e-6,0.00023681214449606408,0.06863274677265344,-0.0425335168838501,0.08721867948770523,-0.09637001156806946,0.19098255038261414,0.09020540118217468,-0.071075439453125,0.13908350467681885,0.3663146495819092,0.2370101511478424,0.622581958770752,-0.18217116594314575,-0.5587449073791504
0.05475799999999998,0.0034223749999999996,16.0,1.1479289474134202,-0.45480006634190556,0.08387717309067454,0.0006773402573233108,9.095875032831277e-6,0.0003119630316898403,0.06863208431035725,-0.04382014274597168,0.0875157043337822,-0.09739938378334045,0.1880623996257782,0.09162332862615585,-0.05936598777770996,0.14606262743473053,0.36779361963272095,0.2427501380443573,0.6248941421508789,-0.1846197545528412,-0.5573415756225586
0.05475799999999998,0.0034223749999999996,16.0,1.1109838421035882,-0.41785286866132704,0.08387957629033978,0.000850883892516197,1.161365777520869e-5,0.0003919622445645539,0.06863154177225304,-0.04455479979515076,0.08782466500997543,-0.09867355227470398,0.18601325154304504,0.09101112931966782,-0.04810929298400879,0.1518426239490509,0.36762744188308716,0.250068336725235,0.6249411106109619,-0.19039182364940643,-0.5551450252532959
0.05475799999999998,0.0034223749999999996,16.0,1.0732088173162784,-0.380075669270025,0.08386870130698067,0.0010480388288340453,1.4609035111759161e-5,0.00048288887781350136,0.0686306505262842,-0.045199304819107056,0.0880747139453888,-0.1001463532447815,0.18428874015808105,0.08926906436681747,-0.03679370880126953,0.15811370313167572,0.3673470616340637,0.2562619149684906,0.6244730949401855,-0.19521814584732056,-0.5531610250473022
0.05475799999999998,0.0034223749999999996,16.0,1.0345980746514831,-0.34145769206852433,0.08389181402519401,0.0012352609409860445,1.737998195305952e-5,0.0005691822160496359,0.06863008459568593,-0.045249998569488525,0.0872562825679779,-0.10008996725082397,0.1795646846294403,0.08856768161058426,-0.019435882568359375,0.16104288399219513,0.3689028024673462,0.2724165618419647,0.619199275970459,-0.20401844382286072,-0.5499566197395325
0.05475799999999998,0.0034223749999999996,16.0,0.9951328328008943,-0.3020313759685276,0.08388222223744599,0.0013567615527179517,1.9331657741015108e-5,0.0006253007450265251,0.06863037352589353,-0.04737377166748047,0.0878334790468216,-0.10253605246543884,0.17542895674705505,0.09896723181009293,-0.005608558654785156,0.1730967015028,0.37877899408340454,0.28521493077278137,0.6236200332641602,-0.21301813423633575,-0.5557519793510437
0.05475799999999998,0.0034223749999999996,16.0,0.9548561415952358,-0.2617587489720983,0.08386452676495963,0.001512204750345573,2.1748902866900606e-5,0.0006969570706250772,0.06862999437713681,-0.04702267050743103,0.08664676547050476,-0.10175952315330505,0.17124024033546448,0.09225837886333466,0.005450725555419922,0.17473715543746948,0.3753255605697632,0.29379889369010925,0.6176979541778564,-0.2109052985906601,-0.5480762720108032
0.05475799999999998,0.0034223749999999996,16.0,0.9137234953311069,-0.22063453897200064,0.08381518385982197,0.0016633512366420796,2.4638615469445804e-5,0.0007667420396095712,0.06862790711675891,-0.04862794280052185,0.08899085223674774,-0.10636743903160095,0.17408815026283264,0.09348171204328537,0.0008792877197265625,0.18796174228191376,0.3765491843223572,0.27722758054733276,0.6289680004119873,-0.20850995182991028,-0.5522704124450684
0.05475799999999998,0.0034223749999999996,16.0,0.8725871308061859,-0.177340170810083,0.08643025655135941,0.0018053690401635455,1.515907518174148e-5,0.0008379023032307443,0.06854792612923596,-0.048165589570999146,0.09065459668636322,-0.10614156723022461,0.1745535284280777,0.06387761980295181,0.034964561462402344,0.19270309805870056,0.34877628087997437,0.3835705518722534,0.6028509140014648,-0.26621872186660767,-0.5248568654060364
0.05475799999999998,0.0034223749999999996,16.0,0.8298059627175848,-0.13455489809684318,0.08643152862954566,0.0019037343386358342,1.8494332488668067e-5,0.0008841788272300905,0.06854551886955686,-0.05040925741195679,0.0924016609787941,-0.10548889636993408,0.17153093218803406,0.044522009789943695,0.06521320343017578,0.210728719830513,0.33134961128234863,0.48033371567726135,0.5866990089416504,-0.30218151211738586,-0.5043531656265259
0.05475799999999998,0.0034223749999999996,16.0,0.786092891749838,-0.09095659276444716,0.08645026730405968,0.0018794104416970693,1.945209340256972e-5,0.0008738025374764641,0.06854520470693985,-0.05745291709899902,0.0935303196310997,-0.10286110639572144,0.15041899681091309,0.054592255502939224,0.08587431907653809,0.23800717294216156,0.3577975034713745,0.4982292354106903,0.61574387550354,-0.26826441287994385,-0.5097952485084534
0.05475799999999998,0.0034223749999999996,16.0,0.7408140505834476,-0.04773547399782159,0.08370295916801002,0.0017583426602301975,2.4438994970202442e-5,0.0008131600498036886,0.06861769096388032,-0.06614595651626587,0.10737983137369156,-0.1113508939743042,0.13811558485031128,0.09965924918651581,0.03921961784362793,0.1885734647512436,0.43823593854904175,0.17958799004554749,0.8242597579956055,-0.0676053911447525,-0.578105628490448
0.05475799999999998,0.0034223749999999996,16.0,0.6953483124074165,-0.0021625911046545955,0.08352542225726747,0.00010356766370870274,7.486765013974878e-7,4.7846966364071354e-5,0.06860909682305925,-0.08415308594703674,0.1390448659658432,-0.1227438747882843,0.1226927787065506,0.10787008702754974,0.062235355377197266,0.030101895332336426,0.5824559926986694,-0.4767132103443146,1.181490421295166,0.24241405725479126,-0.7066429853439331
0.05475799999999998,0.0034223749999999996,16.0,0.7402216845087923,0.04328388002594939,0.08583481247995103,-0.0017061826778920913,-4.2185585684337424e-5,-0.0008041477443778455,0.06848345889194875,-0.14997893571853638,0.04052263870835304,-0.15018126368522644,0.13389912247657776,-0.5824565887451172,0.15271949768066406,0.7091003656387329,-0.06413108110427856,-0.02648201212286949,1.0294368267059326,0.2763499915599823,-0.06510871648788452
0.05475799999999998,0.0034223749999999996,16.0,0.7839589188855566,0.08804865469443585,0.0859120308488911,-0.0018989349822215102,-3.0408214073241793e-5,-0.0008999032740268242,0.06841441963658369,-0.20950806140899658,0.0648428350687027,-0.13915926218032837,0.349762499332428,-0.766254723072052,0.3197147846221924,0.4462185800075531,0.006025195121765137,-0.9366275072097778,1.4871525764465332,0.5091414451599121,-0.3490689694881439
0.05475799999999998,0.0034223749999999996,16.0,0.827179818498857,0.1319426413011193,0.0861297463369077,-0.0018891604724647223,-2.1630304107894528e-5,-0.00089222170591629,0.06837247779442678,-0.23913773894309998,0.08778440207242966,-0.12627631425857544,0.5200040936470032,-0.8006688952445984,0.40224289894104004,0.3153766989707947,0.07181695103645325,-1.3072980642318726,1.658055305480957,0.5550272464752197,-0.5858733654022217
0.05475799999999998,0.0034223749999999996,16.0,0.8698052194304104,0.1749013761849171,0.08619731773895453,-0.0017815674062254597,-1.9023558464738613e-5,-0.0008395969596115665,0.06835991839295014,-0.24885252118110657,0.10045941174030304,-0.12365582585334778,0.5722613334655762,-0.8090982437133789,0.43068599700927734,0.32092204689979553,0.09794032573699951,-1.4208314418792725,1.6999001502990723,0.5330970287322998,-0.6647970676422119
0.05475799999999998,0.0034223749999999996,16.0,0.911677974432571,0.21693872129565128,0.08622155433702153,-0.0016300481770438816,-1.7190228055802192e-5,-0.0007670580419693799,0.06835389281382234,-0.2529057562351227,0.10693337768316269,-0.12374433875083923,0.5929039716720581,-0.8144639134407043,0.4470210075378418,0.32254651188850403,0.1102127730846405,-1.4718009233474731,1.7108221054077148,0.5414178371429443,-0.6980603933334351
0.05475799999999998,0.0034223749999999996,16.0,0.9527529653236261,0.25809735793161215,0.0861888567667013,-0.0014452145953979551,-1.557026885997368e-5,-0.000680333245170762,0.068355327692309,-0.2555787265300751,0.11060422658920288,-0.12486925721168518,0.5853215456008911,-0.8288477063179016,0.4604334831237793,0.3371579051017761,0.12542301416397095,-1.4834572076797485,1.7124476432800293,0.5493379831314087,-0.7057718634605408
0.05475799999999998,0.0034223749999999996,16.0,0.9930455467971667,0.29843117921202217,0.0862005137436023,-0.0013604365995058812,-1.5071083487055202e-5,-0.0006396015157574097,0.06835113201917964,-0.255519300699234,0.11489605903625488,-0.12573876976966858,0.5963764190673828,-0.8131911158561707,0.4767279624938965,0.36253365874290466,0.12984004616737366,-1.5009042024612427,1.7009491920471191,0.5451354384422302,-0.7215229868888855
0.05475799999999998,0.0034223749999999996,16.0,1.0324997051871823,0.3379270914878096,0.08617666880527196,-0.0011635889168735275,-1.278867575517884e-5,-0.0005463081736208433,0.06834560822951702,-0.25513383746147156,0.12073168903589249,-0.12445113062858582,0.6348882913589478,-0.7850990295410156,0.4973428249359131,0.3672218322753906,0.12520673871040344,-1.5351241827011108,1.689039707183838,0.547258734703064,-0.7558830976486206
0.05475799999999998,0.0034223749999999996,16.0,1.0710920271970101,0.3766089383458749,0.08618111914102414,-0.0010124985446899948,-1.1237080630503311e-5,-0.0004748128437832023,0.0683419454287218,-0.2566428482532501,0.12590329349040985,-0.12444999814033508,0.6520442366600037,-0.7828537225723267,0.5188279151916504,0.38110122084617615,0.1324021816253662,-1.5668977499008179,1.6814098358154297,0.5555626749992371,-0.7805656790733337
0.05475799999999998,0.0034223749999999996,16.0,1.1088522008386765,0.414460884289502,0.08618646601039227,-0.0008232511199408604,-9.208050366413013e-6,-0.00038561186992617185,0.06833811684903593,-0.2582113444805145,0.13118970394134521,-0.12436741590499878,0.6696316003799438,-0.7799457311630249,0.5408257246017456,0.3947419226169586,0.13927990198135376,-1.5985616445541382,1.673680305480957,0.5635010600090027,-0.8053672909736633
0.05475799999999998,0.0034223749999999996,16.0,1.1457819714458823,0.45147918333299725,0.08618974136693457,-0.0006552109365686809,-7.405028744855224e-6,-0.0003065558600695901,0.0683344671690846,-0.2596389949321747,0.1362711489200592,-0.12437009811401367,0.6857551336288452,-0.7757503390312195,0.5622167587280273,0.4088038206100464,0.14549437165260315,-1.6264387369155884,1.6654090881347656,0.5712276101112366,-0.8280285000801086
0.05475799999999998,0.0034223749999999996,16.0,1.1818763473968805,0.4876695126046422,0.08619727020941359,-0.000494933973086703,-5.650087031778762e-6,-0.00023129057596889862,0.06833046626573014,-0.2611716091632843,0.1414131224155426,-0.12422293424606323,0.7024061679840088,-0.7717065811157227,0.5846313238143921,0.42296114563941956,0.15155383944511414,-1.6544972658157349,1.6567530632019043,0.579480767250061,-0.8510679602622986
0.05475799999999998,0.0034223749999999996,16.0,1.2171351094030167,0.5230285152796095,0.08619792073175739,-0.00034021780595340804,-3.932908804802614e-6,-0.00015878248655245035,0.06832624105297803,-0.26312634348869324,0.14679506421089172,-0.12409675121307373,0.719016432762146,-0.7689085602760315,0.6108120679855347,0.44184690713882446,0.15765684843063354,-1.6890665292739868,1.648707389831543,0.5905473232269287,-0.874133288860321
0.05475799999999998,0.0034223749999999996,16.0,1.2515485596020304,0.5575726049097087,0.08624060021964143,-0.00019089256980306,-2.226334970249907e-6,-8.889535947273297e-5,0.06831928694163719,-0.26561352610588074,0.15250195562839508,-0.12411749362945557,0.7350176572799683,-0.7677775025367737,0.6422582864761353,0.4668853282928467,0.16373607516288757,-1.731810212135315,1.6415152549743652,0.6042636632919312,-0.8965877890586853
0.05475799999999998,0.0034223749999999996,16.0,1.2850521683805012,0.591297838021963,0.08630780464467461,-5.6963656935674137e-5,-6.869925646465322e-7,-2.64365966130793e-5,0.06831175771528736,-0.2711801826953888,0.15828125178813934,-0.1256161332130432,0.7273895144462585,-0.7878940105438232,0.6836566925048828,0.5033320784568787,0.1818171739578247,-1.7780338525772095,1.6472840309143066,0.6156699061393738,-0.9072343111038208
0.05475799999999998,0.0034223749999999996,16.0,1.3176955112935305,0.624226034704464,0.08644054118926132,0.00012308835011108206,1.489081436120871e-6,5.680892991347599e-5,0.06830105006223887,-0.2805074155330658,0.16487663984298706,-0.12433624267578125,0.769197940826416,-0.8349688053131104,0.7572789192199707,0.5819759368896484,0.17804139852523804,-1.9083857536315918,1.6449360847473145,0.7136945128440857,-0.9462097883224487
0.05475799999999998,0.0034223749999999996,16.0,1.3496087897048672,0.6545972032372037,0.08394689607140479,0.0002902506152980667,4.837251852373648e-6,0.00013310354947130648,0.06843379872875234,-0.2835816442966461,0.17139357328414917,-0.11818024516105652,0.8377485871315002,-0.8810741305351257,0.8278995752334595,0.6587579846382141,0.15738558769226074,-2.0416786670684814,1.594954013824463,0.8551128506660461,-0.9953864216804504
0.05475799999999998,0.0034223749999999996,16.0,1.3806323622899033,0.6858480913595767,0.08404685171598252,0.00045926553100015177,7.617694177814464e-6,0.00020983333019835144,0.06842882837277282,-0.28978392481803894,0.18085233867168427,-0.11378538608551025,0.8575409650802612,-0.9399767518043518,0.9056360721588135,0.686322033405304,0.1748618483543396,-2.1358885765075684,1.562560796737671,0.9083470702171326,-1.0332186222076416
0.05475799999999998,0.0034223749999999996,16.0,1.4109007892588723,0.7162508662877629,0.08420648029125166,0.0006595446852165561,1.0720978926067566e-5,0.00030016851859451923,0.06842197780883597,-0.2933187186717987,0.19016999006271362,-0.09879893064498901,0.9762972593307495,-0.9819985032081604,0.9926937818527222,0.7270574569702148,0.137516587972641,-2.300222635269165,1.4880616664886475,1.0692331790924072,-1.1163593530654907
0.05475799999999998,0.0034223749999999996,16.0,1.4403593369795393,0.7457948750299185,0.08440684759881402,0.000802801470950236,1.2523426297500989e-5,0.0003638607427474875,0.06841659762184236,-0.2808493673801422,0.18920199573040009,-0.08172774314880371,1.050097942352295,-1.0342705249786377,1.0492889881134033,0.7142595052719116,0.11113828420639038,-2.360469102859497,1.337132215499878,1.2511180639266968,-1.1649792194366455
0.05475799999999998,0.0034223749999999996,16.0,1.4690953467971097,0.774414992680421,0.08464376767323965,0.0009858897201992947,1.4747167874226438e-5,0.0004448849894802169,0.06841216568391663,-0.2524804174900055,0.17436087131500244,-0.05148434638977051,1.154967188835144,-1.0972931385040283,1.0612772703170776,0.6322304606437683,0.06475129723548889,-2.3637173175811768,1.0803663730621338,1.5668730735778809,-1.2249813079833984
0.05475799999999998,0.0034223749999999996,16.0,1.4972118089031614,0.8019274729407854,0.08494158492101785,0.0011275984802039908,1.5156583585760825e-5,0.0005055309915490128,0.06841544279380267,-0.2205027937889099,0.15222813189029694,-0.018771231174468994,1.2127689123153687,-1.1744173765182495,1.0459963083267212,0.5524373054504395,0.034081995487213135,-2.3147668838500977,0.7850444316864014,1.9096152782440186,-1.253314733505249
0.05475799999999998,0.0034223749999999996,16.0,1.524499790983262,0.8285861874594095,0.08526376901412437,0.001285450906190725,1.5663002915743787e-5,0.0005729231061242951,0.06842220739345357,-0.18717506527900696,0.12656855583190918,0.016267389059066772,1.2587394714355469,-1.200514316558838,0.9801496267318726,0.47749578952789307,0.002669215202331543,-2.2226765155792236,0.49729299545288086,2.2073633670806885,-1.2686911821365356
0.05475799999999998,0.0034223749999999996,16.0,1.550947677674358,0.8544179678606015,0.08559284591061679,0.001474240359699189,1.645116790727662e-5,0.0006540324977890255,0.06843309294628148,-0.1643119752407074,0.09148380160331726,0.09461924433708191,1.2336972951889038,-0.010078446008265018,0.43723130226135254,-0.008424367755651474,-0.11012852191925049,-2.576673984527588,1.0460524559020996,1.7300652265548706,-1.1272412538528442
0.05475799999999998,0.0034223749999999996,16.0,1.5765001237838532,0.879366355041896,0.08621522791033293,0.0016613095991351442,9.36018460061567e-6,0.0007473335859619534,0.06843674384443817,-0.132301926612854,0.0695217102766037,0.10987785458564758,1.2114100456237793,0.04130103439092636,0.21483421325683594,-0.1220264583826065,-0.14574205875396729,-2.4194164276123047,0.9036393165588379,1.7784435749053955,-1.0688204765319824
0.05475799999999998,0.0034223749999999996,16.0,1.6011583965961795,0.9035766686878629,0.08665424971258696,0.0018697749622015789,3.6969693370795465e-6,0.0008486941486246932,0.06844572865371776,-0.1090097725391388,0.05115417763590813,0.12065842747688293,1.1760655641555786,0.07549603283405304,0.03261613845825195,-0.21209204196929932,-0.167979896068573,-2.284684419631958,0.7970833778381348,1.7880539894104004,-1.0106728076934814
0.05475799999999998,0.0034223749999999996,16.0,1.625007977480776,0.9270792063819917,0.0867724491532823,0.0020255632697713747,2.406900650456042e-6,0.0009197313030953428,0.06845603075212112,-0.09332633018493652,0.040672630071640015,0.1316082775592804,1.157947063446045,0.11925876140594482,-0.09544229507446289,-0.2710467278957367,-0.18529868125915527,-2.195295572280884,0.7145712375640869,1.7536637783050537,-0.9747186899185181
0.05475799999999998,0.0034223749999999996,16.0,1.6479292320331855,0.9498012936712522,0.08685484477436599,0.002223981636043465,1.1258671288842641e-6,0.0010102768536911755,0.06846476612828338,-0.08250337839126587,0.03361356258392334,0.1373717486858368,1.1352565288543701,0.14862830936908722,-0.1851663589477539,-0.3112923204898834,-0.1947123408317566,-2.1247670650482178,0.6614940166473389,1.7189149856567383,-0.9422135353088379
0.05475799999999998,0.0034223749999999996,16.0,1.6699892779829286,0.9717434906341685,0.08693227570030893,0.002425379440467731,2.437773136813409e-7,0.0011020693930323961,0.06846801307440718,-0.07738140225410461,0.033262431621551514,0.1412542164325714,1.1323497295379639,0.1674773097038269,-0.2248532772064209,-0.3341544568538666,-0.19880837202072144,-2.0975375175476074,0.6330084800720215,1.6813634634017944,-0.9349784851074219
0.05475799999999998,0.0034223749999999996,16.0,1.6912236664066926,0.9929258279506595,0.08697245896934029,0.0026379141854426993,3.991938938833699e-7,0.001198748833851727,0.06847053727801591,-0.0746595561504364,0.03573476895689964,0.1446739137172699,1.1390962600708008,0.17737847566604614,-0.23829412460327148,-0.34600552916526794,-0.19697856903076172,-2.096414804458618,0.6133837699890137,1.649815559387207,-0.9434622526168823
0.05475799999999998,0.0034223749999999996,16.0,1.7115135980328147,1.0131838205157184,0.08689419189065752,0.0028520690195065045,-8.48615261195444e-7,0.0012955876025023288,0.0684733346900498,-0.07270276546478271,0.03571277856826782,0.14570650458335876,1.141251564025879,0.17026302218437195,-0.25917840003967285,-0.3605988323688507,-0.194083571434021,-2.083686590194702,0.5999069213867188,1.6376596689224243,-0.9483887553215027
0.05475799999999998,0.0034223749999999996,16.0,1.7310155865177221,1.0327515197256887,0.08706722655033375,0.0030183509052928536,-1.3622508538485576e-6,0.0013712851932517838,0.06847180947111875,-0.06908109784126282,0.03753896430134773,0.14741387963294983,1.1429047584533691,0.15309445559978485,-0.2999565601348877,-0.3696328401565552,-0.1919822096824646,-2.042816638946533,0.563629150390625,1.5970057249069214,-0.9517067670822144
0.05475799999999998,0.0034223749999999996,16.0,1.7496503316781822,1.051452735510147,0.08717909069079961,0.0032068687287382693,-2.763810531028988e-6,0.0014563077464370513,0.06847111330488435,-0.06814894080162048,0.040097516030073166,0.1520269811153412,1.155019760131836,0.16250264644622803,-0.31578898429870605,-0.3823872208595276,-0.1924702525138855,-2.041560411453247,0.5463500022888184,1.5659242868423462,-0.9631768465042114
0.05475799999999998,0.0034223749999999996,16.0,1.7674858560389015,1.0692721128185187,0.08712287140342649,0.00337073525203329,-2.8906772220624398e-6,0.001531209434880946,0.06847288762744472,-0.06742766499519348,0.03917524218559265,0.1499851644039154,1.15123450756073,0.15004003047943115,-0.32555556297302246,-0.3908516466617584,-0.1891186237335205,-2.030480146408081,0.54793381690979,1.574779987335205,-0.9627315998077393
0.05475799999999998,0.0034223749999999996,16.0,1.7844775503718346,1.0862891538600854,0.08716098315963204,0.003562204292650665,-3.871074154233335e-6,0.001618145499926229,0.06847327290281811,-0.06897342205047607,0.040072016417980194,0.1537950336933136,1.1626712083816528,0.17265193164348602,-0.3137216567993164,-0.40377485752105713,-0.18881642818450928,-2.065232992172241,0.5582787990570068,1.5853033065795898,-0.9747169017791748
0.05475799999999998,0.0034223749999999996,16.0,1.800656827521772,1.1025088278305053,0.08725014347872939,0.0037308929501386114,-4.603697498139838e-6,0.001694500616295299,0.06847350936338184,-0.06822448968887329,0.043815597891807556,0.15536406636238098,1.1672353744506836,0.18061256408691406,-0.32085561752319336,-0.411283940076828,-0.188967764377594,-2.0636963844299316,0.552490234375,1.5597054958343506,-0.9790322184562683
0.05475799999999998,0.0034223749999999996,16.0,1.815984821481528,1.117775297489605,0.08709082119361367,0.003898549125291961,-5.596132205677061e-6,0.0017704636327641346,0.06847646609155966,-0.0676107406616211,0.04326548054814339,0.15523037314414978,1.168175458908081,0.1732911914587021,-0.33706045150756836,-0.4225650727748871,-0.18767976760864258,-2.0530757904052734,0.5486829280853271,1.559901475906372,-0.9811820983886719
0.05475799999999998,0.0034223749999999996,16.0,1.8305360831520523,1.1322681113390536,0.0870631335020965,0.004029253269249625,-5.263599010301422e-6,0.0018302868415695569,0.06847971582706242,-0.0666913092136383,0.043426159769296646,0.15521004796028137,1.1688344478607178,0.167685866355896,-0.35216450691223145,-0.4313487410545349,-0.18687689304351807,-2.042564630508423,0.5429422855377197,1.5548076629638672,-0.9825560450553894
0.05475799999999998,0.0034223749999999996,16.0,1.8442741401383216,1.1459310773750668,0.08702877494771089,0.004146695091168378,-4.578136689654215e-6,0.0018839511319135608,0.06848401518979651,-0.06722128391265869,0.043988410383462906,0.15607234835624695,1.1719670295715332,0.18022625148296356,-0.3470137119293213,-0.44133812189102173,-0.18661344051361084,-2.0619776248931885,0.5521304607391357,1.5663915872573853,-0.9861375093460083
0.05475799999999998,0.0034223749999999996,16.0,1.8571975334058244,1.1588871525821978,0.0872350384682199,0.004271976976839941,-3.5825735298344454e-6,0.001941752053510338,0.06848391233191213,-0.06668806076049805,0.045266278088092804,0.15660342574119568,1.174248456954956,0.18279623985290527,-0.3585999011993408,-0.450630247592926,-0.18800389766693115,-2.061187744140625,0.5475969314575195,1.5591466426849365,-0.9869542121887207
0.05475799999999998,0.0034223749999999996,16.0,1.8692198887233171,1.1708208301813745,0.08706009609924312,0.00440504585817358,-4.213227824249737e-6,0.0020015506126673205,0.06848845699570895,-0.0644744336605072,0.04769638553261757,0.160002201795578,1.1803596019744873,0.18023699522018433,-0.38838696479797363,-0.4568652808666229,-0.1908029317855835,-2.0371603965759277,0.5186183452606201,1.5168293714523315,-0.989907443523407
0.05475799999999998,0.0034223749999999996,16.0,1.880403170230951,1.1820030004692497,0.08706970767396745,0.0045409799181258,-5.048765055748448e-6,0.0020624191340040854,0.06848950927256331,-0.06263935565948486,0.05106808617711067,0.16558793187141418,1.1914725303649902,0.1793922632932663,-0.4215819835662842,-0.4650785028934479,-0.19501584768295288,-2.0098907947540283,0.4808039665222168,1.4573312997817993,-0.9963390231132507
0.05475799999999998,0.0034223749999999996,16.0,1.8908071370449584,1.1923694537261023,0.0870546811993947,0.004671723561052553,-4.038585552070495e-6,0.0021211556129797876,0.06849303856076551,-0.06110849976539612,0.05495234578847885,0.169881671667099,1.1975617408752441,0.18162444233894348,-0.44336867332458496,-0.47115474939346313,-0.19877082109451294,-1.9866516590118408,0.44870948791503906,1.4019821882247925,-0.9983028173446655
0.05475799999999998,0.0034223749999999996,16.0,1.9003530290441653,1.201975511698492,0.08722496016564277,0.004823424594289436,-3.792881885744304e-6,0.002189669606547603,0.06849295893306237,-0.059999287128448486,0.058138325810432434,0.17298373579978943,1.2013182640075684,0.1799267828464508,-0.4635646343231201,-0.4784327447414398,-0.2022494673728943,-1.9646530151367188,0.4209771156311035,1.3563685417175293,-0.9982238411903381
0.05475799999999998,0.0034223749999999996,16.0,1.9095974525453352,1.2119598309040522,0.09087767505050877,0.005031785072385296,-6.165197502283921e-5,0.0022841009758988342,0.06836487308286592,-0.06365454196929932,0.0634789988398552,0.16838029026985168,1.1946427822113037,0.20430923998355865,-0.4266178607940674,-0.4771026372909546,-0.19673264026641846,-2.0062835216522217,0.4626929759979248,1.3798635005950928,-0.9973763227462769
0.05475799999999998,0.0034223749999999996,16.0,1.9175185837167439,1.2198715326888103,0.09095634052057991,0.005263282090539408,-6.331283652791866e-5,0.0023877312585343837,0.06837049845457624,-0.06434935331344604,0.06887256354093552,0.1760791838169098,1.2116037607192993,0.2212417721748352,-0.444948673248291,-0.49194619059562683,-0.20398086309432983,-1.9948176145553589,0.43389058113098145,1.3117765188217163,-1.0067063570022583
0.05475799999999998,0.0034223749999999996,16.0,1.92454559289433,1.2269346403997603,0.09101436266667821,0.005618195692654545,-6.813896317223671e-5,0.0025484111886994463,0.06837244301981797,-0.06457093358039856,0.0712757259607315,0.18038013577461243,1.2198598384857178,0.22980466485023499,-0.45798826217651367,-0.5037315487861633,-0.2072230577468872,-1.9892818927764893,0.4163179397583008,1.2791334390640259,-1.0114989280700684
0.05475799999999998,0.0034223749999999996,16.0,1.9307835816624368,1.2331759903529684,0.09108331619921756,0.006211030409633173,-7.512788935377122e-5,0.0028161908695311937,0.06837723272584198,-0.06531211733818054,0.07542073726654053,0.18450191617012024,1.2272107601165771,0.24254210293293,-0.4675595760345459,-0.5177904367446899,-0.21068960428237915,-1.9814975261688232,0.40215277671813965,1.2327364683151245,-1.0151047706604004
0.05475799999999998,0.0034223749999999996,16.0,1.9361734062389944,1.238578399408192,0.09111295178595613,0.007558152821671986,-9.273297078074115e-5,0.003427928567758462,0.06838110187431629,-0.06602552533149719,0.07739927619695663,0.1854410469532013,1.226860523223877,0.2514229714870453,-0.47681570053100586,-0.5382398366928101,-0.2106684446334839,-1.9776877164840698,0.40213537216186523,1.2149879932403564,-1.0145524740219116
0.05475799999999998,0.0034223749999999996,16.0,1.9407094786391117,1.243128715243894,0.09108339106334427,0.014006447798612404,-0.0001948546434614411,0.0063668352664239735,0.06838796086767719,-0.06953400373458862,0.08116155862808228,0.1848653256893158,1.2137783765792847,0.2662101089954376,-0.5198647975921631,-0.6190651655197144,-0.20559364557266235,-1.9531214237213135,0.4189932346343994,1.167863368988037,-1.005439281463623
0.05475799999999998,0.0034223749999999996,16.0,1.9111547162814846,-1.2454800503629664,0.07235423844466549,-0.013956668087100494,-0.00019794644705706946,-0.006413048736803722,0.06854941065648353,0.015721097588539124,0.1264718621969223,-0.14995643496513367,0.6025856733322144,0.1775399148464203,-1.06223464012146,0.7499256730079651,0.21123287081718445,-0.16362585127353668,0.30024027824401855,0.05945996195077896,-0.8153557777404785
0.05475799999999998,0.0034223749999999996,16.0,1.9066250756176082,-1.2409212179933868,0.07235867592908259,-0.007527367665222494,-0.00010200384815816776,-0.00346129079295606,0.06854374023005044,0.01608504354953766,0.1299041211605072,-0.14909827709197998,0.6082608103752136,0.17064478993415833,-1.050180435180664,0.7523819208145142,0.20668676495552063,-0.19868537783622742,0.3361692428588867,0.042261071503162384,-0.8161423802375793
0.05475799999999998,0.0034223749999999996,16.0,1.9012515310817666,-1.235564718866664,0.07233906356777067,-0.00618191409116736,-8.305766514712526e-5,-0.00284253888272085,0.06854152218758036,0.015071243047714233,0.13257263600826263,-0.1473691165447235,0.6198152303695679,0.20716699957847595,-1.0374019145965576,0.7512902021408081,0.20100194215774536,-0.2519611716270447,0.3590686321258545,0.07083505392074585,-0.8221214413642883
0.05475799999999998,0.0034223749999999996,16.0,1.895051576196895,-1.2293772406392847,0.07233519511191364,-0.005589934909026627,-7.398471669270422e-5,-0.002570087319085985,0.0685393243194361,0.01419675350189209,0.13304950296878815,-0.1460423469543457,0.6240581274032593,0.23936784267425537,-1.0267672538757324,0.756527841091156,0.1980513334274292,-0.2884964346885681,0.37626075744628906,0.09747844934463501,-0.8236004710197449
0.05475799999999998,0.0034223749999999996,16.0,1.8880098642249894,-1.2223599262641167,0.07233014198734801,-0.005245243363738937,-6.975772298948394e-5,-0.002411575083992657,0.06853758453714016,0.012487903237342834,0.13362422585487366,-0.1465180218219757,0.6241206526756287,0.2575843632221222,-1.017317533493042,0.7664516568183899,0.1964731514453888,-0.2943236231803894,0.3847692012786865,0.09013698250055313,-0.822144091129303
0.05475799999999998,0.0034223749999999996,16.0,1.8790894771862527,-1.2160622299537818,0.06974609425466699,-0.005005172276876798,-9.51611200107113e-5,-0.0022936630677963406,0.06862478726613055,0.012459248304367065,0.1322760134935379,-0.1449190080165863,0.6256473064422607,0.28946956992149353,-1.009275197982788,0.7757784128189087,0.1928156316280365,-0.32129672169685364,0.39740681648254395,0.11960072070360184,-0.8202959299087524
0.05475799999999998,0.0034223749999999996,16.0,1.8703970388759301,-1.2074341659189167,0.06965441874569844,-0.0048059832616144426,-9.237740355082476e-5,-0.002202527278625711,0.06862577127397317,0.010468840599060059,0.13116329908370972,-0.14438316226005554,0.6228885650634766,0.3219071924686432,-0.996190071105957,0.7922922968864441,0.1915842592716217,-0.3382474482059479,0.4138660430908203,0.13129156827926636,-0.8165392279624939
0.05475799999999998,0.0034223749999999996,16.0,1.860871281094035,-1.1979341360509324,0.0696223923006561,-0.0046564838709946,-8.85609296169057e-5,-0.002133509707335725,0.06862396004195259,0.008883416652679443,0.13185960054397583,-0.1442330777645111,0.6274212002754211,0.3495815396308899,-0.9838626384735107,0.8000130653381348,0.1873619258403778,-0.36238884925842285,0.4247114658355713,0.14196355640888214,-0.8169911503791809
0.05475799999999998,0.0034223749999999996,16.0,1.8505035303623107,-1.1876006079656243,0.06958974542171326,-0.00452280948473386,-8.494029472438159e-5,-0.002071450608231144,0.06862120447627658,0.006359845399856567,0.1321883648633957,-0.14530733227729797,0.6270478963851929,0.3680413067340851,-0.9717898368835449,0.8148935437202454,0.18495014309883118,-0.36288195848464966,0.4324312210083008,0.1261349469423294,-0.8142777681350708
0.05475799999999998,0.0034223749999999996,16.0,1.8393094632186953,-1.1764303714300801,0.06958906725879949,-0.004388585827610066,-8.318384269327415e-5,-0.0020103071035771857,0.06862034938744928,0.004376709461212158,0.1309831738471985,-0.1465497612953186,0.6186413764953613,0.36594659090042114,-0.9662926197052002,0.8331801891326904,0.18702924251556396,-0.33985549211502075,0.435072660446167,0.09894629567861557,-0.8079354763031006
0.05475799999999998,0.0034223749999999996,16.0,1.8272863621157869,-1.1644077662255161,0.06962270909626599,-0.004264624495741914,-8.04557431789896e-5,-0.0019532179921232266,0.06861822337590515,0.0032091140747070312,0.13056106865406036,-0.1478714942932129,0.6127349138259888,0.35479024052619934,-0.963402509689331,0.845048189163208,0.18882831931114197,-0.319538950920105,0.43230724334716797,0.07239245623350143,-0.8037577867507935
0.05475799999999998,0.0034223749999999996,16.0,1.814426696273209,-1.151559085469601,0.06964329805705141,-0.004138879115066079,-7.607541951611527e-5,-0.001894126508928814,0.06861379481627819,0.00215303897857666,0.1309514194726944,-0.1460862159729004,0.6235840320587158,0.40424126386642456,-0.9477949142456055,0.8493128418922424,0.17990022897720337,-0.3758968710899353,0.44951558113098145,0.1195719912648201,-0.8060020804405212
0.05475799999999998,0.0034223749999999996,16.0,1.8007631525518333,-1.1378703283976925,0.06968755315941763,-0.004029876549434773,-7.31265566631277e-5,-0.0018439619526544363,0.06861253095560312,0.003247171640396118,0.13156667351722717,-0.14384427666664124,0.6312566995620728,0.43518179655075073,-0.9378125667572021,0.8421736359596252,0.17394417524337769,-0.42792701721191406,0.4565551280975342,0.16746452450752258,-0.8079414963722229
0.05475799999999998,0.0034223749999999996,16.0,1.786267242295583,-1.1233696305091418,0.06969784136713486,-0.003891732812533322,-6.951579252684492e-5,-0.0017800122794125784,0.06861134698493825,0.004242271184921265,0.12932145595550537,-0.1456311047077179,0.6116533279418945,0.38557225465774536,-0.9509942531585693,0.8525785803794861,0.18288886547088623,-0.361019492149353,0.43961620330810547,0.11367703229188919,-0.7970226407051086
0.05475799999999998,0.0034223749999999996,16.0,1.7709501801302472,-1.1080549638428685,0.06966806737355706,-0.003715906424100391,-6.751187594631308e-5,-0.0017003741112564792,0.06861411532924014,0.0044591426849365234,0.12951213121414185,-0.14539727568626404,0.6090012192726135,0.38049250841140747,-0.9497454166412354,0.8530906438827515,0.18285533785820007,-0.35800135135650635,0.4358246326446533,0.10650677233934402,-0.7942959666252136
0.05475799999999998,0.0034223749999999996,16.0,1.754779516944648,-1.0918843420671274,0.06968257408302096,-0.003552416893792813,-6.380270014898981e-5,-0.001625219404136663,0.06861255585589442,0.004183679819107056,0.13002221286296844,-0.144260972738266,0.609174370765686,0.38996341824531555,-0.9449682235717773,0.853945791721344,0.18086281418800354,-0.36804693937301636,0.43706297874450684,0.11138024181127548,-0.7925171852111816
0.05475799999999998,0.0034223749999999996,16.0,1.7377910159644991,-1.0749075688482175,0.06966442718189027,-0.0033657460263774156,-6.132191162701891e-5,-0.0015402785172557861,0.06861464764966016,0.003976553678512573,0.12930524349212646,-0.14389094710350037,0.6015092134475708,0.3801889717578888,-0.9437222480773926,0.8587280511856079,0.1830228865146637,-0.356340616941452,0.43594884872436523,0.09793033450841904,-0.7869884967803955
0.05475799999999998,0.0034223749999999996,16.0,1.7199710205043588,-1.0570853321050349,0.0696675077285115,-0.00318921911517132,-5.805524735500142e-5,-0.0014595645198953447,0.06861518568837614,0.005529344081878662,0.12827418744564056,-0.1427442729473114,0.5894182324409485,0.3533405065536499,-0.9506468772888184,0.8553759455680847,0.18776115775108337,-0.33399027585983276,0.4273643493652344,0.08391872048377991,-0.7795246839523315
0.05475799999999998,0.0034223749999999996,16.0,1.7013148145322208,-1.038407577299772,0.06971603987759542,-0.0030052644317287752,-5.4899006891803105e-5,-0.001375902738782917,0.06861534977381861,0.00527113676071167,0.12876376509666443,-0.14240199327468872,0.5831315517425537,0.33922460675239563,-0.9500868320465088,0.8566689491271973,0.18911752104759216,-0.3162153363227844,0.4209115505218506,0.06037129461765289,-0.7744725346565247
0.05475799999999998,0.0034223749999999996,16.0,1.6818360531016114,-1.018955284723739,0.06969817427791102,-0.0028404319803907044,-5.330011725578475e-5,-0.0013013094564275438,0.06861963114270593,0.005228489637374878,0.12759079039096832,-0.14170050621032715,0.569211483001709,0.3212929368019104,-0.9488940238952637,0.8622298836708069,0.193523108959198,-0.29246944189071655,0.4179646968841553,0.0384506955742836,-0.7648956179618835
0.05475799999999998,0.0034223749999999996,16.0,1.661526183037047,-0.9986645989996309,0.06970605296229017,-0.002624754606835343,-4.969260769368546e-5,-0.0012032964426125223,0.06862261985304903,0.006428182125091553,0.12497302889823914,-0.13758403062820435,0.5459070205688477,0.31244248151779175,-0.9421677589416504,0.8588962554931641,0.20622995495796204,-0.30860012769699097,0.42798447608947754,0.06859873980283737,-0.7545247673988342
0.05475799999999998,0.0034223749999999996,16.0,1.6403606526787615,-0.9775619860241783,0.06970401775958579,-0.0024105601528404373,-4.6594858690836015e-5,-0.001106195846332894,0.06862514031266144,0.0042716264724731445,0.12093060463666916,-0.1337847113609314,0.5239349603652954,0.327667772769928,-0.9299957752227783,0.8739365935325623,0.21745505928993225,-0.3105258643627167,0.4482278823852539,0.08673917502164841,-0.7440962791442871
0.05475799999999998,0.0034223749999999996,16.0,1.6183701003236173,-0.95560965886887,0.0697378960208204,-0.0022073866009887167,-4.2677343838865994e-5,-0.0010137728638860187,0.06862661233698616,0.003319084644317627,0.11640629917383194,-0.12944546341896057,0.4760962724685669,0.27854666113853455,-0.9136691093444824,0.8789975643157959,0.24141985177993774,-0.2651805579662323,0.45300817489624023,0.07888063043355942,-0.7203207612037659
0.05475799999999998,0.0034223749999999996,16.0,1.5955270945928337,-0.9328149836181049,0.06978950800256248,-0.0020049410810045825,-3.831481088172857e-5,-0.0009214955434682717,0.06862615192051888,0.001809149980545044,0.11081456393003464,-0.12220841646194458,0.4091295897960663,0.18322768807411194,-0.8850650787353516,0.8723258972167969,0.27460891008377075,-0.18553386628627777,0.4464569091796875,0.06958393007516861,-0.6864620447158813
0.05475799999999998,0.0034223749999999996,16.0,1.5718000318094985,-0.9092109538053914,0.06988893521247994,-0.0018443763392914127,-2.6115118191193682e-5,-0.0008416404349159114,0.06864188077281597,-0.0005300939083099365,0.10743390768766403,-0.11208182573318481,0.356928288936615,0.16750763356685638,-0.8207030296325684,0.8568550944328308,0.30759403109550476,-0.22672595083713531,0.49008965492248535,0.15752778947353363,-0.6677523255348206
0.05475799999999998,0.0034223749999999996,16.0,1.5471647830819706,-0.8848008311964747,0.0699290540208463,-0.001646264028499452,-1.861534996086512e-5,-0.0007504924039599397,0.06864564759484994,-0.0025576353073120117,0.10132455080747604,-0.09588971734046936,0.2834877371788025,0.13729339838027954,-0.7226419448852539,0.8091310262680054,0.356697678565979,-0.30538618564605713,0.5637378692626953,0.30983471870422363,-0.6440500020980835
0.05475799999999998,0.0034223749999999996,16.0,1.5217842230695753,-0.8595478950136842,0.07001543743161302,-0.0014618605831734788,-1.823207656419772e-5,-0.000669135397637073,0.06864478492930855,-0.04753449559211731,0.10354361683130264,-0.08723461627960205,0.31812357902526855,0.186960369348526,-0.6954853534698486,0.313381552696228,0.5545473694801331,-0.4111219048500061,0.7353110313415527,0.42362159490585327,-0.8770678639411926
0.05475799999999998,0.0034223749999999996,16.0,1.4955925310076943,-0.8334748567279925,0.07000437579791066,-0.0012803069898617873,-1.5742841801516466e-5,-0.0005867595198940984,0.0686447788123741,-0.052280306816101074,0.09339700639247894,-0.0835350751876831,0.25615736842155457,0.19768890738487244,-0.5523459911346436,0.2873806357383728,0.583251953125,-0.41980504989624023,0.7867345809936523,0.45011842250823975,-0.8436527848243713
0.05475799999999998,0.0034223749999999996,16.0,1.4685900468447386,-0.8065370276319669,0.06998904048331646,-0.0011298178867775875,-1.3828217721217005e-5,-0.0005182742712611935,0.06864503531507037,-0.05419886112213135,0.08654990792274475,-0.08225551247596741,0.20841461420059204,0.19395077228546143,-0.409473180770874,0.24143940210342407,0.5870364904403687,-0.4075397253036499,0.8026812076568604,0.4178478717803955,-0.7992217540740967
0.05475799999999998,0.0034223749999999996,16.0,1.4407746996798516,-0.7787581071939638,0.06994661577825066,-0.0009959093856801047,-1.211398335020315e-5,-0.0004570418708496634,0.06864492911474149,-0.05496707558631897,0.08321914076805115,-0.08261704444885254,0.18004582822322845,0.18884673714637756,-0.26946353912353516,0.18109548091888428,0.5758177638053894,-0.3935000002384186,0.7899372577667236,0.339192658662796,-0.7591280341148376
0.05475799999999998,0.0034223749999999996,16.0,1.4121574083541222,-0.7501415636170482,0.06990113745317053,-0.0008220563431996826,-9.543438486368312e-6,-0.0003767608889989845,0.06864694903951425,-0.055785149335861206,0.0815826877951622,-0.08555132150650024,0.16714870929718018,0.21272839605808258,-0.17881536483764648,0.13562099635601044,0.571862518787384,-0.3966103196144104,0.7647604942321777,0.2611215114593506,-0.7420614361763
0.05475799999999998,0.0034223749999999996,16.0,1.382705070276187,-0.7206936068754343,0.06986792970524545,-0.0006900556466998961,-8.022466800824219e-6,-0.0003161856093368862,0.0686481071502451,-0.052316814661026,0.08044189214706421,-0.08834800124168396,0.16821938753128052,0.2028040736913681,-0.16544771194458008,0.1352451890707016,0.5345832109451294,-0.2810206115245819,0.7358222007751465,0.17855150997638702,-0.7054073810577393
0.05475799999999998,0.0034223749999999996,16.0,1.3524219928871883,-0.6904079541706755,0.06983789980690742,-0.0005179628669342904,-6.197440729140903e-6,-0.00023742617724142545,0.06864781952577821,-0.050794005393981934,0.07995833456516266,-0.09115582704544067,0.1683196872472763,0.20922164618968964,-0.15557503700256348,0.1323806196451187,0.5200548768043518,-0.2447849065065384,0.7180492877960205,0.13924282789230347,-0.6908645629882812
0.05475799999999998,0.0034223749999999996,16.0,1.3213081066267272,-0.6592811252388308,0.06981522750190834,-0.0003253807209683354,-3.770507516254218e-6,-0.0001490378938292553,0.06864818071037722,-0.04908290505409241,0.08047930151224136,-0.09445124864578247,0.17293143272399902,0.2141699194908142,-0.16089081764221191,0.12498001754283905,0.5110031366348267,-0.27394309639930725,0.7088031768798828,0.14086607098579407,-0.6864632368087769
0.05475799999999998,0.0034223749999999996,16.0,1.2893632645204058,-0.627320634515625,0.06980307350472177,-0.00015208565275540945,-1.8297226025625297e-6,-6.972256258336455e-5,0.06864708351549503,-0.04847925901412964,0.08108247816562653,-0.09643405675888062,0.1746900975704193,0.21709699928760529,-0.15944123268127441,0.12203209102153778,0.5059354901313782,-0.28523004055023193,0.7050983905792236,0.13648048043251038,-0.6831695437431335
0.05475799999999998,0.0034223749999999996,16.0,1.2565760857930344,-0.5945428418016485,0.06978880321902599,1.6872724241702076e-5,2.2437934426958862e-7,7.75193969086349e-6,0.06864477994068047,-0.04833897948265076,0.08001493662595749,-0.0964508056640625,0.1686849147081375,0.22293420135974884,-0.15002894401550293,0.12002801895141602,0.5091277956962585,-0.271495521068573,0.7007138729095459,0.12338604778051376,-0.6802927255630493
0.05475799999999998,0.0034223749999999996,16.0,1.22295239322136,-0.5609225908889116,0.06978266650252234,0.00018636657759297254,2.4886052318516855e-6,8.562683186636898e-5,0.06864452786829243,-0.047126710414886475,0.08025752007961273,-0.09569394588470459,0.16985560953617096,0.1926589161157608,-0.13615775108337402,0.12768685817718506,0.4803762435913086,-0.18205229938030243,0.6911575794219971,0.08077182620763779,-0.6524447202682495
0.05475799999999998,0.0034223749999999996,16.0,1.1884919628249686,-0.5264678983841583,0.06975805935762641,0.0003700041122884602,4.764100036352408e-6,0.0001698723119097388,0.06864452878801164,-0.04922381043434143,0.08164189010858536,-0.09856483340263367,0.17021915316581726,0.20364893972873688,-0.12850379943847656,0.1320403814315796,0.4847950041294098,-0.20710504055023193,0.6969656944274902,0.08806965500116348,-0.6573638319969177
0.05475799999999998,0.0034223749999999996,16.0,1.153209150871109,-0.491189502801808,0.06975493291337978,0.0005144365826638253,6.797307528760854e-6,0.0002363091822974225,0.06864407387444385,-0.05058258771896362,0.08190901577472687,-0.09965479373931885,0.16670474410057068,0.20683006942272186,-0.11520600318908691,0.1373862773180008,0.4864402115345001,-0.20171065628528595,0.6985595226287842,0.08415083587169647,-0.6555241942405701
0.05475799999999998,0.0034223749999999996,16.0,1.1170971040283526,-0.4550800661060101,0.06975215110930247,0.0006773655101584842,9.063196310772626e-6,0.00031119908582811313,0.06864378433346036,-0.05175068974494934,0.08218134939670563,-0.10082808136940002,0.16348037123680115,0.20924565196037292,-0.10193848609924316,0.14245706796646118,0.4872661530971527,-0.195297971367836,0.6997356414794922,0.0787573978304863,-0.6531427502632141
0.05475799999999998,0.0034223749999999996,16.0,1.0801463103708195,-0.418130696167318,0.06975337198613774,0.0008509461771090705,1.1427539108444593e-5,0.00039095540245443546,0.06864341225481049,-0.052565693855285645,0.08249202370643616,-0.10219436883926392,0.16089791059494019,0.2098880261182785,-0.0892183780670166,0.1472453624010086,0.48700159788131714,-0.18708035349845886,0.6998820304870605,0.07122810930013657,-0.6502995491027832
0.05475799999999998,0.0034223749999999996,16.0,1.0423733067109424,-0.3803544732479961,0.06974774320335503,0.0010481358290915011,1.4347381775523362e-5,0.0004816597261314722,0.06864269425290472,-0.051360130310058594,0.08146411925554276,-0.10161033272743225,0.1574292927980423,0.19535642862319946,-0.07642436027526855,0.14929820597171783,0.4778312146663666,-0.15858817100524902,0.6924512386322021,0.06111430376768112,-0.6375124454498291
0.05475799999999998,0.0034223749999999996,16.0,1.0037580235470598,-0.3417333984922539,0.06976927551333424,0.0012353810733497599,1.7005850827642414e-5,0.00056775124197737,0.06864219658170019,-0.05188930034637451,0.0817570835351944,-0.1032693088054657,0.1555352509021759,0.1939818561077118,-0.06373715400695801,0.15431475639343262,0.47678473591804504,-0.15036815404891968,0.6916897296905518,0.05315099656581879,-0.6345650553703308
0.05475799999999998,0.0034223749999999996,16.0,0.9642994440937773,-0.3023049835448455,0.06976307545810757,0.0013568997873599604,1.8896803205909654e-5,0.00062373379063277,0.06864241592845886,-0.05369791388511658,0.08102595061063766,-0.10437673330307007,0.14613284170627594,0.21127629280090332,-0.047702789306640625,0.15813174843788147,0.4947358965873718,-0.14771442115306854,0.6948428153991699,0.04481859505176544,-0.6431323885917664
0.05475799999999998,0.0034223749999999996,16.0,0.9240261385009567,-0.2620336539467926,0.06975098592158598,0.0015123618548957135,2.1199765992672203e-5,0.0006952121355301405,0.06864215872165029,-0.05475112795829773,0.0813492015004158,-0.10596427321434021,0.14325441420078278,0.21240633726119995,-0.036379337310791016,0.16595414280891418,0.49596863985061646,-0.1382894515991211,0.6955323219299316,0.03899526596069336,-0.6415151953697205
0.05475799999999998,0.0034223749999999996,16.0,0.8829046708584772,-0.22091980140882916,0.06971412268278565,0.0016634973884377183,2.3706858863045556e-5,0.0007647938421843641,0.06864067776053115,-0.058077067136764526,0.08438403159379959,-0.10952681303024292,0.14652720093727112,0.20700588822364807,-0.01975107192993164,0.19064456224441528,0.48179882764816284,-0.06296360492706299,0.7004625797271729,-0.007256543263792992,-0.6306968927383423
0.05475799999999998,0.0034223749999999996,16.0,0.8417574752079288,-0.17763351003054167,0.07232071675698278,0.0018054419295102672,1.3453425654028337e-5,0.000835892953751585,0.06856135571316099,-0.0546305775642395,0.08695023506879807,-0.10775905847549438,0.15741968154907227,0.13046064972877502,0.00971841812133789,0.20433922111988068,0.41381025314331055,0.1557219922542572,0.6639299392700195,-0.11701807379722595,-0.573158860206604
0.05475799999999998,0.0034223749999999996,16.0,0.7989833998323702,-0.13485520085402825,0.07231939796521332,0.0019037784860304369,1.6216289391269288e-5,0.0008820862020532376,0.06855934875588682,-0.05646750330924988,0.08875598758459091,-0.1073739230632782,0.15590396523475647,0.10648021101951599,0.03664207458496094,0.22515861690044403,0.3931000530719757,0.2656084895133972,0.6508753299713135,-0.1617119163274765,-0.5508387088775635
0.05475799999999998,0.0034223749999999996,16.0,0.755299048844733,-0.09125990061765694,0.07232743178356628,0.0018795351531367905,1.701188055447105e-5,0.0008715601511746484,0.06855899353440363,-0.06344971060752869,0.08938340842723846,-0.1050398051738739,0.1335146129131317,0.11848118156194687,0.05816388130187988,0.2525646686553955,0.4223700165748596,0.2706070840358734,0.6788067817687988,-0.12146060913801193,-0.5578559041023254
0.05475799999999998,0.0034223749999999996,16.0,0.7100639359779642,-0.04809377970059825,0.06962738218849342,0.001758752938339174,2.4123298401822613e-5,0.0008101170960636356,0.06863356194139576,-0.07673138380050659,0.10123041272163391,-0.11487680673599243,0.11175024509429932,0.20499445497989655,0.039583683013916016,0.21183931827545166,0.5379987359046936,-0.1941342055797577,0.8699123859405518,0.15828630328178406,-0.6524978280067444
0.05475799999999998,0.0034223749999999996,16.0,0.6646671711214485,-0.002633957728479057,0.06948629135813382,0.00010362305501548474,9.231558510745269e-7,4.760637297784566e-5,0.06862969815779711,-0.09529814124107361,0.13160459697246552,-0.1258123517036438,0.07927817106246948,0.22684893012046814,0.138594388961792,0.04219398275017738,0.6939020156860352,-0.9320216178894043,1.1536829471588135,0.5289244651794434,-0.7762547731399536
0.05475799999999998,0.0034223749999999996,16.0,0.7097604954551184,0.04316808961136784,0.07189350614765103,-0.0017071740853388392,-3.761013472387675e-5,-0.0007988329844300151,0.06850951244394728,-0.1559295356273651,0.03335585817694664,-0.1530316174030304,0.11330386996269226,-0.6296988725662231,0.09091401100158691,0.902166485786438,-0.0437091588973999,-0.09459315240383148,1.0452895164489746,0.37563276290893555,-0.06577473878860474
0.05475799999999998,0.0034223749999999996,16.0,0.7536861556992613,0.08785102414753121,0.07193809344683032,-0.0018992297030242518,-2.987780477757674e-5,-0.0008929482639956133,0.06845823700557263,-0.2146916687488556,0.05718701705336571,-0.1437392234802246,0.3706074059009552,-0.8383230566978455,0.3173487186431885,0.6220160126686096,-0.0064193010330200195,-1.103352665901184,1.4874567985534668,0.6889660954475403,-0.3583671748638153
0.05475799999999998,0.0034223749999999996,16.0,0.7969995698301221,0.13167292120267415,0.0721110124444906,-0.0018887717902902272,-2.307656689256846e-5,-0.0008854045416488612,0.06842519118828344,-0.2433343231678009,0.07979749143123627,-0.1302211880683899,0.5498167276382446,-0.8669310212135315,0.41727542877197266,0.4825935363769531,0.04811227321624756,-1.470463514328003,1.6417598724365234,0.7499865293502808,-0.5931246876716614
0.05475799999999998,0.0034223749999999996,16.0,0.8396554365854604,0.1745893317442137,0.07217021507751388,-0.0017809915598634512,-2.063129025360027e-5,-0.0008332562840636445,0.06841514142215421,-0.2538394033908844,0.09407193958759308,-0.12672093510627747,0.6114530563354492,-0.8800081014633179,0.4580092430114746,0.48997119069099426,0.07090559601783752,-1.5995187759399414,1.6814160346984863,0.7306421399116516,-0.6782503724098206
0.05475799999999998,0.0034223749999999996,16.0,0.8815407871199634,0.21660393463256605,0.07219526559347106,-0.0016294266615350633,-1.8776505388902953e-5,-0.0007613197344097307,0.06841006961070706,-0.2577265202999115,0.10098953545093536,-0.12676402926445007,0.6313321590423584,-0.8853053450584412,0.4787280559539795,0.49123096466064453,0.08123752474784851,-1.6495085954666138,1.689563274383545,0.7389140725135803,-0.7087963819503784
0.05475799999999998,0.0034223749999999996,16.0,0.9226230033172016,0.2577495837704633,0.07216707180413794,-0.0014446753677251846,-1.6917022413815887e-5,-0.0006752485971443346,0.06841125832094908,-0.2599963843822479,0.10501332581043243,-0.12793496251106262,0.6214188933372498,-0.8994970917701721,0.492389440536499,0.5034844875335693,0.09560695290565491,-1.6533887386322021,1.6888937950134277,0.7420928478240967,-0.7132617831230164
0.05475799999999998,0.0034223749999999996,16.0,0.9629130155436684,0.29806799318923943,0.07218159177291583,-0.0013598651158369278,-1.6243120872821602e-5,-0.0006349120160718791,0.068407428254657,-0.25926730036735535,0.10955443978309631,-0.1285899579524994,0.6320282220840454,-0.8802363872528076,0.5108047723770142,0.5275077223777771,0.0980103611946106,-1.6639760732650757,1.6758394241333008,0.7338203191757202,-0.7265037894248962
0.05475799999999998,0.0034223749999999996,16.0,1.00236549938432,0.33754289975380297,0.07215367285936145,-0.0011629604923020687,-1.3836154998089372e-5,-0.0005424314845643587,0.06840342101635076,-0.2586529552936554,0.11562628298997879,-0.12729492783546448,0.6710549592971802,-0.8499966859817505,0.5365389585494995,0.5346057415008545,0.09203290939331055,-1.7031710147857666,1.6649799346923828,0.738460123538971,-0.7600424289703369
0.05475799999999998,0.0034223749999999996,16.0,1.040962044587652,0.37620676440671674,0.07215868620598506,-0.0010118758143994168,-1.2135734640337038e-5,-0.0004715157895064471,0.06840050036789054,-0.25991520285606384,0.12092936784029007,-0.12721982598304749,0.688642680644989,-0.8468673229217529,0.5616539716720581,0.5512673258781433,0.09665617346763611,-1.7347980737686157,1.65556001663208,0.7487278580665588,-0.7825844883918762
0.05475799999999998,0.0034223749999999996,16.0,1.0787268216591495,0.41404017250343944,0.07216420289656711,-0.0008226656185292136,-9.930147695492633e-6,-0.0003829869442490276,0.06839746443897107,-0.26127925515174866,0.1263768970966339,-0.1270340383052826,0.7069757580757141,-0.8432074189186096,0.5875369310379028,0.5675526857376099,0.10099247097969055,-1.7670258283615112,1.646162509918213,0.7588382363319397,-0.8055939674377441
0.05475799999999998,0.0034223749999999996,16.0,1.1156605408900655,0.45104084122357785,0.0721682628985141,-0.0006546941519609695,-7.96614010294434e-6,-0.00030451254290777484,0.06839453413990365,-0.26256969571113586,0.13166317343711853,-0.12692981958389282,0.7240878343582153,-0.8382701873779297,0.6129122972488403,0.5841947197914124,0.10486206412315369,-1.7962738275527954,1.6366004943847656,0.76865553855896,-0.8269047141075134
0.05475799999999998,0.0034223749999999996,16.0,1.1517597862731328,0.487212906810134,0.07217589985539953,-0.000494504413312664,-6.063683478697077e-6,-0.0002297838537475849,0.06839133314099448,-0.2641051709651947,0.13710275292396545,-0.12663719058036804,0.7421029806137085,-0.8339775800704956,0.6406303644180298,0.6021703481674194,0.10857841372489929,-1.8282848596572876,1.6268506050109863,0.7798777222633362,-0.8489828705787659
0.05475799999999998,0.0034223749999999996,16.0,1.187025228525652,0.5225522030336573,0.07217597298561598,-0.00033989637975358975,-4.2096060521164686e-6,-0.0001577747891379301,0.06838803660138572,-0.26589855551719666,0.1426258683204651,-0.126481831073761,0.758919358253479,-0.8303269743919373,0.6720150709152222,0.6255612373352051,0.11170807480812073,-1.8642070293426514,1.6168513298034668,0.7938108444213867,-0.8692855834960938
0.05475799999999998,0.0034223749999999996,16.0,1.2214477799177947,0.5570744351946001,0.0722177866402958,-0.00019069368592183853,-2.375240343001018e-6,-8.834551594823158e-5,0.0683821787134299,-0.2682305872440338,0.1485290229320526,-0.12642154097557068,0.7753108739852905,-0.8285149931907654,0.7105398178100586,0.6568333506584167,0.11412301659584045,-1.9092110395431519,1.6065373420715332,0.8112494349479675,-0.8884758353233337
0.05475799999999998,0.0034223749999999996,16.0,1.2549815491478498,0.5907786033876943,0.07228074165918122,-5.689291673369914e-5,-7.238285434011828e-7,-2.627771303123103e-5,0.06837665642221977,-0.27664700150489807,0.15391987562179565,-0.12546494603157043,0.8021001815795898,-0.8722259402275085,0.7812827825546265,0.7426162362098694,0.10885027050971985,-2.0097897052764893,1.594064474105835,0.8985075354576111,-0.910805881023407
0.05475799999999998,0.0034223749999999996,16.0,1.287660490667107,0.6236761689129645,0.07240232620274094,0.00012294138617223186,1.5595773565414526e-6,5.650439767548963e-5,0.06836868957389404,-0.2863844335079193,0.1614077240228653,-0.12330552935600281,0.8435580134391785,-0.9133188724517822,0.8687893152236938,0.8261125087738037,0.0979745090007782,-2.1352806091308594,1.57316255569458,0.9911708831787109,-0.9424126148223877
0.05475799999999998,0.0034223749999999996,16.0,1.3195988920106554,0.6540141728925445,0.0698628234414291,0.0002897823694749621,4.9964694666982105e-6,0.00013251567803327545,0.06850573153824413,-0.2931115925312042,0.1690385937690735,-0.11216157674789429,0.9473781585693359,-0.9621165990829468,0.9763672351837158,0.9286400079727173,0.0491865873336792,-2.320435047149658,1.4915785789489746,1.1982815265655518,-0.9994994401931763
0.05475799999999998,0.0034223749999999996,16.0,1.350657439198204,0.6852217495677289,0.06992828457265539,0.0004583913693698447,7.87348600888721e-6,0.00020908363211122774,0.06850310899154208,-0.3032262623310089,0.17919054627418518,-0.10604959726333618,0.9918050765991211,-1.0202502012252808,1.0836989879608154,1.0020298957824707,0.038483887910842896,-2.4543190002441406,1.4331297874450684,1.2986948490142822,-1.0344010591506958
0.05475799999999998,0.0034223749999999996,16.0,1.3809259806052527,0.715587477615616,0.07003595795393926,0.0006581109386836024,1.1184990623897233e-5,0.000299365709539788,0.06849885827654321,-0.3036518394947052,0.18836656212806702,-0.09757405519485474,1.0391418933868408,-1.0360467433929443,1.1568149328231812,1.0245873928070068,0.028789162635803223,-2.5368781089782715,1.3799543380737305,1.3486404418945312,-1.0727543830871582
0.05475799999999998,0.0034223749999999996,16.0,1.410359520239767,0.7451189570710017,0.07017931429108794,0.0008008542829910689,1.3190332427697371e-5,0.000363275607286609,0.0684943887508453,-0.303082138299942,0.19710896909236908,-0.08489382266998291,1.105821967124939,-1.054847002029419,1.225736141204834,1.0399607419967651,0.009523749351501465,-2.6344540119171143,1.3079400062561035,1.4309289455413818,-1.1211711168289185
0.05475799999999998,0.0034223749999999996,16.0,1.4389987025909163,0.7738138548045941,0.0702907913615797,0.000982965528459175,1.606192124725306e-5,0.00044521233529021785,0.0684915034149007,-0.2936846911907196,0.1956353336572647,-0.060008078813552856,1.2100391387939453,-1.102429986000061,1.3104496002197266,1.0219188928604126,-0.0371021032333374,-2.757091760635376,1.139136552810669,1.6778963804244995,-1.1807068586349487
0.05475799999999998,0.0034223749999999996,16.0,1.4669461147671339,0.8014823589427243,0.07044624100905472,0.0011238045732084316,1.7283618173946206e-5,0.0005071848041063214,0.0684918169581938,-0.258473664522171,0.17057760059833527,-0.027212679386138916,1.281163215637207,-1.1562111377716064,1.336138129234314,0.887079119682312,-0.07012557983398438,-2.738328218460083,0.8559925556182861,2.0260508060455322,-1.220434546470642
0.05475799999999998,0.0034223749999999996,16.0,1.494126867142996,0.8282296448119172,0.07065735162478876,0.0012809510130891491,1.824168739971385e-5,0.0005756888744680161,0.06849380949981114,-0.22667551040649414,0.14665475487709045,0.005608201026916504,1.3326481580734253,-1.172324299812317,1.3216161727905273,0.7822301387786865,-0.09502768516540527,-2.6969432830810547,0.5979890823364258,2.313641309738159,-1.248265266418457
0.05475799999999998,0.0034223749999999996,16.0,1.5204663215100735,0.8541616673863629,0.07088592149323042,0.0014689847283739115,1.954731399348091e-5,0.0006581383029939371,0.06849868234920639,-0.19635465741157532,0.1243596076965332,0.03562355041503906,1.3530011177062988,-1.1613157987594604,1.2747626304626465,0.6943826079368591,-0.10561329126358032,-2.624629497528076,0.3687889575958252,2.532008171081543,-1.2587493658065796
0.05475799999999998,0.0034223749999999996,16.0,1.5459699377478875,0.879246002518095,0.07107224494338225,0.001659622282096314,2.074526065264519e-5,0.0007417949553371423,0.06850641437366974,-0.16885292530059814,0.08265677839517593,0.1160522997379303,1.2455402612686157,0.18302768468856812,0.7279940843582153,0.09795324504375458,-0.13612627983093262,-2.9117913246154785,1.0239284038543701,1.8584774732589722,-1.115638017654419
0.05475799999999998,0.0034223749999999996,16.0,1.5705111223520274,0.9034784445184536,0.07171828421113832,0.0018660918471666557,1.2511654952293577e-5,0.0008482943863350711,0.06850369162682261,-0.13757336139678955,0.057817697525024414,0.1275898516178131,1.2103514671325684,0.2244296669960022,0.48338913917541504,-0.05817354843020439,-0.15988993644714355,-2.727844476699829,0.913165807723999,1.9182965755462646,-1.0562691688537598
0.05475799999999998,0.0034223749999999996,16.0,1.5943184626320326,0.9270086794151077,0.07180700248510583,0.0020217951121333853,1.2054722391588554e-5,0.0009194553193225315,0.06850996926550501,-0.11768415570259094,0.04401765763759613,0.13946017622947693,1.1927986145019531,0.28018325567245483,0.32192325592041016,-0.15425127744674683,-0.1755543351173401,-2.622563123703003,0.8337404727935791,1.9172427654266357,-1.02271568775177
0.05475799999999998,0.0034223749999999996,16.0,1.6172128190340762,0.9497447384387602,0.07187670731077532,0.002220024579993536,1.1711767807214753e-5,0.0010101180697314048,0.06851568959075635,-0.10322117805480957,0.034257158637046814,0.14548292756080627,1.1664915084838867,0.31332847476005554,0.20074200630187988,-0.2244042605161667,-0.18344825506210327,-2.5307891368865967,0.7777132987976074,1.901233434677124,-0.988167941570282
0.05475799999999998,0.0034223749999999996,16.0,1.6392799881932854,0.9716820211046783,0.07191649096448165,0.002420949017877479,1.2128806220503243e-5,0.0011020654731572837,0.06851940805073409,-0.09958714246749878,0.030498329550027847,0.15865424275398254,1.174745798110962,0.3983106017112732,0.1673126220703125,-0.2760239541530609,-0.19700074195861816,-2.5452730655670166,0.7553403377532959,1.8834493160247803,-0.9830031394958496
0.05475799999999998,0.0034223749999999996,16.0,1.6605142252568796,0.9928389534990476,0.07194983691525648,0.0026329809859547515,1.3326817406873432e-5,0.001198951040396718,0.06852214568853612,-0.0919252336025238,0.030959993600845337,0.16269376873970032,1.1728070974349976,0.4067429304122925,0.09258651733398438,-0.30343687534332275,-0.20049649477005005,-2.4880189895629883,0.7204608917236328,1.8419694900512695,-0.9770950675010681
0.05475799999999998,0.0034223749999999996,16.0,1.6807988403060663,1.0130999784054722,0.07186257553391348,0.0028467087633937548,1.3265145607734238e-5,0.0012960061856891354,0.06852437779887591,-0.08995720744132996,0.02910468354821205,0.16588059067726135,1.1735496520996094,0.4069710075855255,0.0700829029083252,-0.32843148708343506,-0.19889169931411743,-2.4786293506622314,0.7021331787109375,1.8435288667678833,-0.9793701171875
0.05475799999999998,0.0034223749999999996,16.0,1.7002977379428863,1.032658890272825,0.07202527935207824,0.0030126094207839683,1.3703276183394765e-5,0.0013718955794711505,0.06852278003433869,-0.08871698379516602,0.030815482139587402,0.16927358508110046,1.179652214050293,0.41874027252197266,0.05932426452636719,-0.34168630838394165,-0.19571828842163086,-2.485781192779541,0.6918580532073975,1.833372950553894,-0.9886434078216553
0.05475799999999998,0.0034223749999999996,16.0,1.718925635177638,1.0513496810746412,0.07212129249263,0.0032006989423568094,1.3311265606860484e-5,0.001457234530958999,0.06852163618799811,-0.08655780553817749,0.033421896398067474,0.17401567101478577,1.1912336349487305,0.42509934306144714,0.0297391414642334,-0.35460785031318665,-0.19283097982406616,-2.4806430339813232,0.6737809181213379,1.8064117431640625,-1.0029304027557373
0.05475799999999998,0.0034223749999999996,16.0,1.7367632005547606,1.0691708546630794,0.07207147357811967,0.003364301399672203,1.4155942732610476e-5,0.0015320903978945312,0.06852333298401256,-0.0868249237537384,0.03280738368630409,0.17240658402442932,1.1848061084747314,0.4184010326862335,0.03172755241394043,-0.36921632289886475,-0.1884598731994629,-2.4823198318481445,0.6788666248321533,1.8236891031265259,-1.0009897947311401
0.05475799999999998,0.0034223749999999996,16.0,1.7537520084370317,1.0861834278385516,0.0721075962332357,0.0035554284900214225,1.4245598257321436e-5,0.0016191096421665446,0.068523420813696,-0.0858568549156189,0.03407425805926323,0.1730966866016388,1.1858155727386475,0.4167132079601288,0.01592850685119629,-0.3815540373325348,-0.185214102268219,-2.4757895469665527,0.6754510402679443,1.8178633451461792,-1.0051732063293457
0.05475799999999998,0.0034223749999999996,16.0,1.7699287663173082,1.1023907263047439,0.07218471464734715,0.0037237422785170887,1.4515885341937548e-5,0.0016956596252177805,0.068523554527062,-0.08510100841522217,0.03764963895082474,0.17664381861686707,1.1964707374572754,0.42424821853637695,-0.0020241737365722656,-0.3922434151172638,-0.18491703271865845,-2.4772491455078125,0.667536735534668,1.7974797487258911,-1.016007900238037
0.05475799999999998,0.0034223749999999996,16.0,1.7852595938944609,1.1176564998371092,0.07202476978644175,0.003891097272548517,1.4626232834193423e-5,0.0017716039926478615,0.06852662934238803,-0.0858314037322998,0.03779030218720436,0.17690899968147278,1.195082187652588,0.4299001693725586,0.0011539459228515625,-0.4061627984046936,-0.18257856369018555,-2.488093614578247,0.6733236312866211,1.8117657899856567,-1.017084002494812
0.05475799999999998,0.0034223749999999996,16.0,1.7997987399178146,1.1321505571297257,0.07200390615386705,0.0040216750655065825,1.5508343942284655e-5,0.0018315759732142024,0.06852861154377093,-0.08224016427993774,0.03731974959373474,0.17489346861839294,1.1898523569107056,0.4008328318595886,-0.04233694076538086,-0.41574153304100037,-0.17760026454925537,-2.444763660430908,0.6569523811340332,1.794385313987732,-1.0165213346481323
0.05475799999999998,0.0034223749999999996,16.0,1.813528273205076,1.1458115843225487,0.07197136922523568,0.004138976437917112,1.677815391573472e-5,0.0018853721459294135,0.0685320356264584,-0.07971000671386719,0.037774790078401566,0.17430618405342102,1.189218521118164,0.387156218290329,-0.07734084129333496,-0.4265378713607788,-0.17495065927505493,-2.4155144691467285,0.6454675197601318,1.7747877836227417,-1.0182929039001465
0.05475799999999998,0.0034223749999999996,16.0,1.826437195359273,1.1587636682339282,0.07218637450947057,0.0042641728385972985,1.818939027468894e-5,0.0019433813855677846,0.06853041187106304,-0.0754624605178833,0.038833171129226685,0.1717040240764618,1.1859855651855469,0.35305145382881165,-0.13406872749328613,-0.43478620052337646,-0.1736564040184021,-2.3599202632904053,0.6235561370849609,1.740117073059082,-1.0158379077911377
0.05475799999999998,0.0034223749999999996,16.0,1.8384565062362757,1.17068879423854,0.07199838273163331,0.0043969526034192755,1.837299692280646e-5,0.0020034110304749026,0.06853476277570512,-0.07460406422615051,0.0413062609732151,0.17549607157707214,1.19439697265625,0.36312663555145264,-0.15127992630004883,-0.4429372549057007,-0.1748291254043579,-2.3618075847625732,0.6134772300720215,1.723567008972168,-1.0229657888412476
0.05475799999999998,0.0034223749999999996,16.0,1.8496434246717457,1.1818568581079918,0.07197028359340321,0.004532399012799051,1.8649955811466572e-5,0.0020647497429417683,0.06853614204135416,-0.07571381330490112,0.0454203337430954,0.18646672368049622,1.2200860977172852,0.4002717137336731,-0.16544318199157715,-0.456378698348999,-0.17768025398254395,-2.3907577991485596,0.5990877151489258,1.6938008069992065,-1.045741319656372
0.05475799999999998,0.0034223749999999996,16.0,1.8600419297703266,1.192206789354397,0.0719407155271713,0.004662826654590934,2.029024969749361e-5,0.002123857514214515,0.06853921764855542,-0.07416799664497375,0.05018677935004234,0.19065091013908386,1.2293596267700195,0.4073818325996399,-0.18916869163513184,-0.45866474509239197,-0.18007057905197144,-2.3768222332000732,0.579819917678833,1.6506421566009521,-1.05233633518219
0.05475799999999998,0.0034223749999999996,16.0,1.869585309741499,1.2017989342011126,0.0720918539596964,0.0048141466776768,2.138539454996885e-5,0.002192819525476505,0.06853871855078442,-0.07348090410232544,0.054219067096710205,0.1961723268032074,1.2418363094329834,0.4178154468536377,-0.2159273624420166,-0.4662322998046875,-0.1819133758544922,-2.366260051727295,0.560128927230835,1.604854702949524,-1.0626685619354248
0.05475799999999998,0.0034223749999999996,16.0,1.878817972537135,1.2117703236503714,0.07577655316578415,0.00502245953912128,-3.631868298251584e-5,0.0022878319787071545,0.0684090472727166,-0.07016494870185852,0.05811543017625809,0.18665185570716858,1.2261161804199219,0.36062946915626526,-0.25665283203125,-0.4576146602630615,-0.1797848343849182,-2.286625862121582,0.5370819568634033,1.5469672679901123,-1.0482817888259888
0.05475799999999998,0.0034223749999999996,16.0,1.8867290809930897,1.2196640678489543,0.07583953449930812,0.005253478022024758,-3.7103927073840656e-5,0.002392383487103835,0.06841308243622822,-0.06725442409515381,0.06331958621740341,0.1911626160144806,1.2338241338729858,0.3407406806945801,-0.31255531311035156,-0.469132661819458,-0.1837952733039856,-2.2243492603302,0.48585939407348633,1.4513167142868042,-1.0511585474014282
0.05475799999999998,0.0034223749999999996,16.0,1.893748327556292,1.2267196955091508,0.07589761947415587,0.00560780347595629,-4.036484590183685e-5,0.002553754117349419,0.06841379979740018,-0.06499624252319336,0.06547913700342178,0.1911015808582306,1.2299938201904297,0.31936874985694885,-0.3475828170776367,-0.4793645143508911,-0.18537640571594238,-2.177464008331299,0.4559907913208008,1.4021788835525513,-1.0452219247817993
0.05475799999999998,0.0034223749999999996,16.0,1.8999824691854388,1.232946018898541,0.07595598269060817,0.006199517542738628,-4.450097145101521e-5,0.0028226281524039477,0.06841759950662964,-0.06386390328407288,0.06984764337539673,0.19414743781089783,1.232725739479065,0.31161484122276306,-0.3790428638458252,-0.49370524287223816,-0.1883004903793335,-2.137071371078491,0.423736572265625,1.330163598060608,-1.0444307327270508
0.05475799999999998,0.0034223749999999996,16.0,1.9053652411328803,1.2383412263868534,0.0759953259311002,0.0075444274009734864,-5.559479681856678e-5,0.0034360373056960937,0.06841993904619345,-0.061781883239746094,0.07193148136138916,0.19128558039665222,1.2200291156768799,0.28203901648521423,-0.4183931350708008,-0.5158540606498718,-0.18905377388000488,-2.0755319595336914,0.39725613594055176,1.2763636112213135,-1.0302456617355347
0.05475799999999998,0.0034223749999999996,16.0,1.9099054370776565,1.2428762113447311,0.0759769079279956,0.013982473109746681,-0.0001239181217200966,0.0063815751413041875,0.06842431063284905,-0.062796950340271,0.07642961293458939,0.18803176283836365,1.1964499950408936,0.25412517786026,-0.499859094619751,-0.6001545190811157,-0.18759369850158691,-1.9841910600662231,0.3779575824737549,1.180646300315857,-1.0063364505767822
0.05475799999999998,0.0034223749999999996,16.0,1.8800717012013297,-1.2459176088979265,0.05834131886343237,-0.013952105878959327,-0.00017461898236020596,-0.0064153953122192305,0.0685575117823851,0.019037023186683655,0.12816870212554932,-0.1312076449394226,0.6601569056510925,0.4352242350578308,-0.9992718696594238,0.7242010235786438,0.17995208501815796,-0.525934636592865,0.3821282386779785,0.4488842487335205,-0.8438002467155457
0.05475799999999998,0.0034223749999999996,16.0,1.8755422892096227,-1.241377045058184,0.05833013106225755,-0.007524801348925006,-9.084177625228148e-5,-0.0034616311256681666,0.06855383176302193,0.018983691930770874,0.13325917720794678,-0.12707683444023132,0.6767759323120117,0.4764523208141327,-0.9704444408416748,0.7123229503631592,0.16872620582580566,-0.6191954612731934,0.431593656539917,0.4878380596637726,-0.8490973114967346
0.05475799999999998,0.0034223749999999996,16.0,1.8701744630079309,-1.2360247352117195,0.058310953810434316,-0.006179775647577573,-7.403493499117518e-5,-0.0028426302948687428,0.06855231109048054,0.017286434769630432,0.1347186416387558,-0.1267372965812683,0.6806032061576843,0.5073596239089966,-0.9528505802154541,0.7170577645301819,0.1630256175994873,-0.643597424030304,0.44510459899902344,0.48717454075813293,-0.8472985029220581
0.05475799999999998,0.0034223749999999996,16.0,1.863978151578557,-1.2298387521759835,0.058304396059713784,-0.005588012805301529,-6.59807363375148e-5,-0.0025700664449685067,0.06855068960675223,0.016226544976234436,0.1351591795682907,-0.12595298886299133,0.6832805871963501,0.5378140211105347,-0.9368832111358643,0.7217642068862915,0.15860378742218018,-0.6712348461151123,0.4545464515686035,0.5033193230628967,-0.845716655254364
0.05475799999999998,0.0034223749999999996,16.0,1.8569437646636733,-1.2228209513369839,0.0583026047263923,-0.0052437490372704,-6.203075545661479e-5,-0.002411559380220367,0.06854934736813034,0.01409769058227539,0.13502000272274017,-0.12691915035247803,0.6819002628326416,0.5618463754653931,-0.9226324558258057,0.7359748482704163,0.15523087978363037,-0.6753396987915039,0.462597131729126,0.49026283621788025,-0.8410725593566895
0.05475799999999998,0.0034223749999999996,16.0,1.8480254341955356,-1.2165244986483073,0.05570246375632984,-0.005002563015813318,-8.852101552815907e-5,-0.0022930878434009668,0.06863846632631937,0.01358136534690857,0.1351698487997055,-0.12248024344444275,0.6941931843757629,0.6438820958137512,-0.8842113018035889,0.732492983341217,0.13974547386169434,-0.756257951259613,0.47484588623046875,0.5729573965072632,-0.8384549617767334
0.05475799999999998,0.0034223749999999996,16.0,1.8393405048387212,-1.2078883332235852,0.05561722452236664,-0.0048038815856868,-8.544467242802959e-5,-0.0022019159520729184,0.06863949661912896,0.011393547058105469,0.13280683755874634,-0.12437832355499268,0.6842955946922302,0.6548913717269897,-0.8745400905609131,0.7588637471199036,0.14041706919670105,-0.7390788793563843,0.4835028648376465,0.5446290373802185,-0.8293352127075195
0.05475799999999998,0.0034223749999999996,16.0,1.829822175791485,-1.1983918547608614,0.0555813103444646,-0.004654343631696873,-8.21543354246847e-5,-0.0021328979148696105,0.06863875613807542,0.00922498106956482,0.1338476985692978,-0.12323835492134094,0.6933637857437134,0.7082751989364624,-0.8444278240203857,0.7620383501052856,0.12941119074821472,-0.7875609397888184,0.49132513999938965,0.5751231908798218,-0.8276985287666321
0.05475799999999998,0.0034223749999999996,16.0,1.819465436002085,-1.1880600095884843,0.05554866377150593,-0.004520621489043337,-7.877330174817197e-5,-0.00207080410528308,0.06863699838661796,0.006016552448272705,0.13433991372585297,-0.12324491143226624,0.6993511915206909,0.7577797770500183,-0.8129465579986572,0.7747693061828613,0.11874446272850037,-0.8224292993545532,0.4990212917327881,0.5839177370071411,-0.8233069777488708
0.05475799999999998,0.0034223749999999996,16.0,1.8082823153401293,-1.1768891872972458,0.055548549231431904,-0.0043863620753463615,-7.72011426817601e-5,-0.0020096121656821464,0.06863709716758304,0.0028243064880371094,0.13417470455169678,-0.12341156601905823,0.7037936449050903,0.8054574728012085,-0.7815878391265869,0.7893688082695007,0.10821789503097534,-0.8534690737724304,0.5066404342651367,0.5913650989532471,-0.8175153732299805
0.05475799999999998,0.0034223749999999996,16.0,1.7962640249203303,-1.1648647549082147,0.05558506069043231,-0.004262457055276584,-7.449712138931977e-5,-0.0019525044184981373,0.06863520289276781,0.0014246106147766113,0.13364578783512115,-0.12426084280014038,0.7024754285812378,0.8149619102478027,-0.7704272270202637,0.8015841841697693,0.10582184791564941,-0.8584142923355103,0.5093376636505127,0.5829100608825684,-0.8138819932937622
0.05475799999999998,0.0034223749999999996,16.0,1.7834101156599222,-1.1520184037627714,0.05560038804943812,-0.004136620113116425,-7.056447099771717e-5,-0.0018934686235860133,0.06863171833479292,-0.00025022029876708984,0.13433003425598145,-0.12272223830223083,0.7111129760742188,0.8637795448303223,-0.7399272918701172,0.8034068942070007,0.09335288405418396,-0.9042073488235474,0.5102894306182861,0.6168314814567566,-0.8103376626968384
0.05475799999999998,0.0034223749999999996,16.0,1.7697444770689301,-1.1383356159830296,0.055631066226236044,-0.004027445004058546,-6.852888048533985e-5,-0.0018434762752009047,0.06863152057791257,0.00036019086837768555,0.13606935739517212,-0.11874285340309143,0.7231823205947876,0.9265757203102112,-0.7014410495758057,0.7828311920166016,0.07916885614395142,-0.9798521995544434,0.5034012794494629,0.6914297342300415,-0.8086056709289551
0.05475799999999998,0.0034223749999999996,16.0,1.7552455742875048,-1.1238291808403078,0.055639335142425715,-0.0038894426094044305,-6.499988255223097e-5,-0.0017794767645460943,0.06863015803136015,0.001240164041519165,0.13437317311763763,-0.11818069219589233,0.7145907282829285,0.9305603504180908,-0.6970291137695312,0.7877107262611389,0.0817754864692688,-0.977803111076355,0.5047867298126221,0.6976343989372253,-0.8026941418647766
0.05475799999999998,0.0034223749999999996,16.0,1.739924213452569,-1.1085152710768746,0.055613274878710026,-0.0037138194924740218,-6.300937991752044e-5,-0.001699864955716959,0.06863219565475273,0.002505868673324585,0.13453355431556702,-0.11931133270263672,0.707221508026123,0.8922262191772461,-0.7187743186950684,0.7880635261535645,0.08914992213249207,-0.9430394768714905,0.5013983249664307,0.6625232100486755,-0.8024317026138306
0.05475799999999998,0.0034223749999999996,16.0,1.7237593431592628,-1.092351597487654,0.05561638704369541,-0.003550217727228645,-5.999161408328969e-5,-0.001624833919266129,0.06863183987303367,0.0008268356323242188,0.13652852177619934,-0.11599397659301758,0.7187938094139099,0.9588139057159424,-0.6767127513885498,0.7778772711753845,0.07362335920333862,-1.006900668144226,0.4979426860809326,0.7116386890411377,-0.7988380789756775
0.05475799999999998,0.0034223749999999996,16.0,1.7067651900395397,-1.0753650660256082,0.05560788782342103,-0.003363958505273772,-5.702898205818444e-5,-0.0015397432624528625,0.06863221033540148,0.0025080442428588867,0.1335471123456955,-0.11891213059425354,0.6938270330429077,0.8710887432098389,-0.7264587879180908,0.7993595004081726,0.09672605991363525,-0.9197987914085388,0.5038888454437256,0.6365437507629395,-0.7965046763420105
0.05475799999999998,0.0034223749999999996,16.0,1.6889405270968818,-1.0575424147248729,0.055607514726724004,-0.003187595666592138,-5.3974247208509545e-5,-0.0014590279325835571,0.06863224102222203,0.0039016306400299072,0.13324153423309326,-0.11799299716949463,0.6845657825469971,0.8495694994926453,-0.7384169101715088,0.7966638207435608,0.1041785478591919,-0.9036360383033752,0.5043749809265137,0.6262535452842712,-0.794560432434082
0.05475799999999998,0.0034223749999999996,16.0,1.670290423978999,-1.0388748185940293,0.055644817970759694,-0.0030035208248093905,-5.153380366750254e-5,-0.001375508897363409,0.06863387164451394,0.002376377582550049,0.13404805958271027,-0.1144096851348877,0.6876695156097412,0.9124496579170227,-0.6980860233306885,0.7878497242927551,0.09726423025131226,-0.9704486131668091,0.5069179534912109,0.6773777604103088,-0.7912087440490723
0.05475799999999998,0.0034223749999999996,16.0,1.6508032732784264,-1.0194021554789106,0.05564265619260397,-0.0028392199215067503,-4.908209555085467e-5,-0.00130070144930872,0.06863508259832708,0.004869908094406128,0.1270817369222641,-0.11860138177871704,0.6346365809440613,0.756979763507843,-0.7813100814819336,0.8273236155509949,0.1420348882675171,-0.814526379108429,0.516155481338501,0.5490178465843201,-0.7822527289390564
0.05475799999999998,0.0034223749999999996,16.0,1.6304866097533368,-0.9991028810341588,0.05564426332345556,-0.0026238016203126357,-4.570707781770984e-5,-0.0012026319450937997,0.06863679234193382,0.0061387717723846436,0.12328539788722992,-0.11560714244842529,0.5970996022224426,0.7076843976974487,-0.7944667339324951,0.8335832953453064,0.17276185750961304,-0.7987025380134583,0.531510591506958,0.5520739555358887,-0.7754902243614197
0.05475799999999998,0.0034223749999999996,16.0,1.609332740961715,-0.9779831622177138,0.05563438819436682,-0.002409858533588904,-4.2659183070363515e-5,-0.0011052735969073523,0.06863902476386984,0.002616405487060547,0.11783236265182495,-0.11220961809158325,0.5587081909179688,0.6990424990653992,-0.7777106761932373,0.8634397387504578,0.19746115803718567,-0.7943540215492249,0.5655999183654785,0.5583958029747009,-0.7621546387672424
0.05475799999999998,0.0034223749999999996,16.0,1.587342874929062,-0.9560185715993823,0.055654468711457676,-0.0022069002751342907,-3.904380471068017e-5,-0.0010127101830174716,0.06863978703198996,0.0009629428386688232,0.11342263221740723,-0.105884850025177,0.5105806589126587,0.6742441654205322,-0.7535934448242188,0.8730688095092773,0.23488402366638184,-0.8200507164001465,0.6024909019470215,0.6033046245574951,-0.7518445253372192
0.05475799999999998,0.0034223749999999996,16.0,1.5645085041735296,-0.9332144400098614,0.055686174587085364,-0.0020046240273711596,-3.509462695100922e-5,-0.0009202497140506495,0.0686393370500648,-0.0032640397548675537,0.11082584410905838,-0.09839707612991333,0.4623981714248657,0.6732336282730103,-0.6908166408538818,0.8793150186538696,0.2738364040851593,-0.8872182369232178,0.6523339748382568,0.6752139329910278,-0.7431992292404175
0.05475799999999998,0.0034223749999999996,16.0,1.5407782109113297,-0.9096106871638182,0.05573886710092378,-0.00184443072483668,-2.3143927732862912e-5,-0.000840102105190751,0.06865224743609945,-0.006435483694076538,0.10442529618740082,-0.08982327580451965,0.3749975860118866,0.5496549010276794,-0.658362865447998,0.8760786652565002,0.33667129278182983,-0.835754930973053,0.7027280330657959,0.6881424188613892,-0.7185165286064148
0.05475799999999998,0.0034223749999999996,16.0,1.5162685636875353,-0.8851912308902993,0.055727940610229496,-0.0016457136759480395,-2.1061599389790585e-5,-0.0007507061186903461,0.06865276059784792,-0.045803576707839966,0.09997086226940155,-0.07676196098327637,0.3470453917980194,0.43902990221977234,-0.4238109588623047,0.073642298579216,0.6396247148513794,-1.205573558807373,0.5088043212890625,0.882567286491394,-0.995133638381958
0.05475799999999998,0.0034223749999999996,16.0,1.4909177104541955,-0.8598809134452527,0.0558058803878459,-0.001461683016584447,-1.9945633390563536e-5,-0.0006686218679430193,0.06865217393626863,-0.05411615967750549,0.0900154784321785,-0.07639458775520325,0.2708527147769928,0.40014153718948364,-0.3550734519958496,0.11560985445976257,0.679526686668396,-1.1563162803649902,0.6257071495056152,0.8712992668151855,-0.9580009579658508
0.05475799999999998,0.0034223749999999996,16.0,1.4647553988902513,-0.8337669427647872,0.05579063870440747,-0.0012802363479582255,-1.746836807042631e-5,-0.0005860561470793346,0.06865280883617603,-0.05768093466758728,0.08125468343496323,-0.07714539766311646,0.21091988682746887,0.3939104676246643,-0.2694692611694336,0.10590405762195587,0.7103702425956726,-1.1505827903747559,0.6597030162811279,0.842384397983551,-0.9283000826835632
0.05475799999999998,0.0034223749999999996,16.0,1.437765732710129,-0.8068044573879078,0.05578419957354991,-0.0011298518040779566,-1.5354457367006148e-5,-0.0005174376799027318,0.06865319419562604,-0.0619678795337677,0.0770520269870758,-0.07888498902320862,0.1596849113702774,0.3746270537376404,-0.15442371368408203,0.067470982670784,0.7259551882743835,-1.1454403400421143,0.6760849952697754,0.7686184644699097,-0.89178466796875
0.05475799999999998,0.0034223749999999996,16.0,1.409979919035263,-0.7790182865530199,0.055744748728625,-0.0009959307157502003,-1.376423954929897e-5,-0.0004562648105008359,0.06865368082931733,-0.06219965219497681,0.07556905597448349,-0.08271294832229614,0.1384480893611908,0.36361822485923767,-0.09517478942871094,0.03903668373823166,0.7152431607246399,-1.095621943473816,0.6689915657043457,0.6688685417175293,-0.8591123819351196
0.05475799999999998,0.0034223749999999996,16.0,1.3813595815351343,-0.750395114823526,0.055720198904763436,-0.0008220406183329202,-1.1033691532970885e-5,-0.00037623017819932484,0.06865509074207007,-0.06060090661048889,0.07378324866294861,-0.08849090337753296,0.13265866041183472,0.4112170934677124,-0.07816219329833984,0.009722139686346054,0.7160632610321045,-1.1169570684432983,0.6216821670532227,0.627396821975708,-0.8541640639305115
0.05475799999999998,0.0034223749999999996,16.0,1.3519009586443569,-0.7209405909731756,0.055703811412605914,-0.0006900499224086662,-9.223106131667712e-6,-0.00031574974120955466,0.0686558018327693,-0.0598447322845459,0.072217658162117,-0.09190163016319275,0.12628041207790375,0.43135866522789,-0.07225847244262695,0.002981472760438919,0.7124167680740356,-1.0890800952911377,0.604731559753418,0.5846158862113953,-0.8439594507217407
0.05475799999999998,0.0034223749999999996,16.0,1.3216079521710609,-0.6906535013922568,0.055686075550209255,-0.0005179845743349302,-6.9462091718964616e-6,-0.0002370320137133898,0.0686558906797153,-0.05821496248245239,0.07214251905679703,-0.09389042854309082,0.12955814599990845,0.4065300524234772,-0.09102392196655273,0.027230732142925262,0.6836450695991516,-0.9840176701545715,0.6288261413574219,0.5366858839988708,-0.8179506063461304
0.05475799999999998,0.0034223749999999996,16.0,1.2904899239048948,-0.6595280730774484,0.05567435941636887,-0.0003253866094806259,-4.270381907776736e-6,-0.0001488105285943867,0.06865617860575911,-0.0578576922416687,0.07274220138788223,-0.09622979164123535,0.12996402382850647,0.4227291941642761,-0.07387852668762207,0.010587767697870731,0.6819874048233032,-1.0209527015686035,0.6093847751617432,0.5418886542320251,-0.8168314099311829
0.05475799999999998,0.0034223749999999996,16.0,1.2585360344586576,-0.6275725186693516,0.05566923489549709,-0.00015209055949482635,-2.0485939099592042e-6,-6.961019686087175e-5,0.06865549772067402,-0.055636435747146606,0.07426276803016663,-0.09803652763366699,0.13884679973125458,0.402841180562973,-0.08435368537902832,0.017098091542720795,0.6563364863395691,-0.9780482649803162,0.6173796653747559,0.5231305360794067,-0.7998213171958923
0.05475799999999998,0.0034223749999999996,16.0,1.2257508219855582,-0.5947924624884802,0.05565283190014166,1.687110994437576e-5,2.437121381291503e-7,7.736218948157219e-6,0.06865361457211783,-0.05627262592315674,0.07363016903400421,-0.09753292798995972,0.13499760627746582,0.37816303968429565,-0.09304594993591309,0.04615998640656471,0.6387292146682739,-0.8512307405471802,0.6470952033996582,0.45755600929260254,-0.7779122591018677
0.05475799999999998,0.0034223749999999996,16.0,1.1921295868747412,-0.5611731181303408,0.0556503711754526,0.0001863744098634161,2.696908110880919e-6,8.54639183354534e-5,0.06865349592736406,-0.057050853967666626,0.0739271342754364,-0.09863850474357605,0.13210080564022064,0.3805312514305115,-0.0818166732788086,0.047968026250600815,0.6373709440231323,-0.836858868598938,0.6476216316223145,0.442595511674881,-0.7736203074455261
0.05475799999999998,0.0034223749999999996,16.0,1.1576857320487777,-0.5267253449731,0.05563868298816633,0.0003699732378820875,5.3518840286241045e-6,0.00016965370684325488,0.06865339681822386,-0.05937802791595459,0.07514460384845734,-0.10128006339073181,0.13038204610347748,0.4072064161300659,-0.05186915397644043,0.032672494649887085,0.644781231880188,-0.897055447101593,0.6318528652191162,0.4610721468925476,-0.7796069383621216
0.05475799999999998,0.0034223749999999996,16.0,1.1223998003823228,-0.4914444606940079,0.05563543282432061,0.0005144386185696383,7.441349876990463e-6,0.00023589446773123553,0.06865328934735855,-0.05842909216880798,0.07428951561450958,-0.10081657767295837,0.1258784532546997,0.3843745291233063,-0.053802490234375,0.0497177354991436,0.6341345310211182,-0.8335177898406982,0.6438491344451904,0.4397026002407074,-0.7641276121139526
0.05475799999999998,0.0034223749999999996,16.0,1.0862837637099887,-0.4553322815895945,0.055631036443776906,0.0006773867194473735,9.80299681738188e-6,0.0003106117001274649,0.0686531619324433,-0.059659868478775024,0.0744972825050354,-0.10206758975982666,0.12175729870796204,0.38874346017837524,-0.03807711601257324,0.0521802082657814,0.6347038149833679,-0.8264350295066833,0.6439254283905029,0.43179062008857727,-0.7605671286582947
0.05475799999999998,0.0034223749999999996,16.0,1.0493362604022223,-0.4183839483252679,0.05563695009782118,0.0008509726760182523,1.2335319587516217e-5,0.00039021553227132225,0.06865295200958221,-0.060600340366363525,0.0747789517045021,-0.1034734845161438,0.11827291548252106,0.3915158212184906,-0.023485898971557617,0.05480439215898514,0.6342636942863464,-0.816521167755127,0.6441702842712402,0.4214402735233307,-0.7566181421279907
0.05475799999999998,0.0034223749999999996,16.0,1.0115593235198386,-0.3806086524359839,0.05563216797323477,0.0010482012679273577,1.5215076436309907e-5,0.0004806614154805558,0.0686527706591352,-0.05946877598762512,0.07503282278776169,-0.10377410054206848,0.12106020748615265,0.35334500670433044,-0.030057907104492188,0.08164557814598083,0.6079073548316956,-0.7202856540679932,0.6628460884094238,0.38616636395454407,-0.7326475977897644
0.05475799999999998,0.0034223749999999996,16.0,0.9729466509108936,-0.3419887426384703,0.055659411579727654,0.00123545555574457,1.7994455363539093e-5,0.0005665737617100912,0.06865245998789266,-0.06019169092178345,0.0753471627831459,-0.10545918345451355,0.1182536780834198,0.3540175259113312,-0.015457630157470703,0.08506473898887634,0.6068715453147888,-0.7101673483848572,0.6629142761230469,0.37599554657936096,-0.7287741899490356
0.05475799999999998,0.0034223749999999996,16.0,0.9334967665077538,-0.302556757875754,0.05565702112940278,0.0013569687856329223,2.010426593885614e-5,0.0006225065842260289,0.06865230479138944,-0.06267675757408142,0.07425406575202942,-0.10660308599472046,0.10416068136692047,0.3839133381843567,0.010202646255493164,0.07355640828609467,0.6331254839897156,-0.7430753111839294,0.6521933078765869,0.37728166580200195,-0.7410727739334106
0.05475799999999998,0.0034223749999999996,16.0,0.893226332168383,-0.2622869983844682,0.055650812914598266,0.0015124366081884924,2.248397381529168e-5,0.0006938422962953633,0.06865217540613984,-0.06364181637763977,0.07465694844722748,-0.10831433534622192,0.10090284049510956,0.38655000925064087,0.022613525390625,0.0790223777294159,0.6338661313056946,-0.7300198078155518,0.6523723602294922,0.3660186231136322,-0.7385663390159607
0.05475799999999998,0.0034223749999999996,16.0,0.852116364430931,-0.22118294797287047,0.05562775037778867,0.0016635736002364116,2.4857050774206304e-5,0.0007632097544376506,0.06865141813177157,-0.06713002920150757,0.0775291845202446,-0.11229813098907471,0.10538548231124878,0.3926292657852173,0.03454327583312988,0.09911669790744781,0.6235138177871704,-0.672933042049408,0.6679801940917969,0.31594333052635193,-0.7328065037727356
0.05475799999999998,0.0034223749999999996,16.0,0.8109645660645136,-0.17790501786699436,0.058233097974475005,0.0018056143612111863,1.384037881893187e-5,0.0008339034472315997,0.0685729448190006,-0.0654580295085907,0.08020863682031631,-0.11325564980506897,0.1136551946401596,0.3268713653087616,0.019449472427368164,0.14701364934444427,0.5805245637893677,-0.45708921551704407,0.7033331394195557,0.20392218232154846,-0.6974871754646301
0.05475799999999998,0.0034223749999999996,16.0,0.7681907984070346,-0.13513529677365774,0.05822635459335846,0.0019039834146756605,1.561380395927515e-5,0.0008798173941277268,0.06857189287543418,-0.0646897554397583,0.08260413259267807,-0.11201190948486328,0.12431785464286804,0.25047802925109863,0.015872716903686523,0.19863155484199524,0.5226105451583862,-0.22749482095241547,0.7158064842224121,0.11207696050405502,-0.6496767401695251
0.05475799999999998,0.0034223749999999996,16.0,0.724538360038329,-0.09154543015316659,0.058231189755200856,0.0018797842040650463,1.6287379657271765e-5,0.0008692037946895074,0.06857164142546757,-0.07286229729652405,0.08399259299039841,-0.11157068610191345,0.1050168126821518,0.2655240595340729,0.04500937461853027,0.229488343000412,0.5510576963424683,-0.24355623126029968,0.7391858100891113,0.15789136290550232,-0.6590738296508789
0.05475799999999998,0.0034223749999999996,16.0,0.6793396998816001,-0.04841882245080594,0.05556049026363668,0.0017590605924270983,2.5300035280207444e-5,0.0008074865546692728,0.06864776197185354,-0.08427813649177551,0.09517379105091095,-0.11852556467056274,0.07996362447738647,0.3497040271759033,0.10830140113830566,0.1397109478712082,0.6483920216560364,-0.737060546875,0.8421416282653809,0.46005043387413025,-0.7323521971702576
0.05475799999999998,0.0034223749999999996,16.0,0.6340198429220872,-0.003083249226408079,0.055458016165356616,0.00010364129507961235,1.2107107958659347e-6,4.742910814350266e-5,0.06864789199517828,-0.10622411966323853,0.13103170692920685,-0.12960326671600342,0.03131262958049774,0.36717158555984497,0.3598747253417969,-0.07066595554351807,0.8138298988342285,-1.6103066205978394,0.9836912155151367,0.9053374528884888,-0.850200891494751
0.05475799999999998,0.0034223749999999996,16.0,0.6793467597523424,0.04307805935377865,0.05797115696256188,-0.00170801151432493,-3.192011513341629e-5,-0.0007937811192498621,0.06853630628801835,-0.17327383160591125,0.025636449456214905,-0.15883409976959229,0.1826961636543274,-0.7088309526443481,0.06163144111633301,1.1994432210922241,-0.024954795837402344,-0.4706718921661377,1.091686725616455,0.5340595245361328,-0.1555335521697998
0.05475799999999998,0.0034223749999999996,16.0,0.7234569406899064,0.08767068780037363,0.05797149058730107,-0.0018992266102993381,-2.841210428641807e-5,-0.0008863684553892717,0.06850407497854208,-0.22749322652816772,0.051742348819971085,-0.14562496542930603,0.43187254667282104,-0.9321007132530212,0.3446781635284424,0.8770429491996765,-0.022557318210601807,-1.3515417575836182,1.4645006656646729,0.894313395023346,-0.4053874909877777
0.05475799999999998,0.0034223749999999996,16.0,0.7668584279781115,0.13142236629517623,0.05809352105179008,-0.0018879738022189543,-2.3678699663261826e-5,-0.0008791238343088634,0.06848050113712473,-0.2547972500324249,0.0738799124956131,-0.13033214211463928,0.6244263052940369,-0.9620411396026611,0.47329187393188477,0.7244679927825928,0.013507962226867676,-1.7201523780822754,1.5905060768127441,0.9977016448974609,-0.6354094743728638
0.05475799999999998,0.0034223749999999996,16.0,0.8095436659498657,0.1742930208565007,0.05814052950170588,-0.0017799812804251845,-2.1456523984901258e-5,-0.0008274964729390363,0.06847322334221767,-0.264970988035202,0.08928149938583374,-0.12563574314117432,0.6918771862983704,-0.97862309217453,0.5296874046325684,0.7302829027175903,0.025930285453796387,-1.8536089658737183,1.6147587299346924,0.9882569313049316,-0.7161650657653809
0.05475799999999998,0.0034223749999999996,16.0,0.8514561468767192,0.2162826728777403,0.05815469014307437,-0.0016282089491406236,-1.959270866232622e-5,-0.0007563860256132735,0.06847045073437913,-0.2730790674686432,0.09690655022859573,-0.1221904456615448,0.7501136064529419,-1.0046815872192383,0.5848128795623779,0.7739834189414978,0.018545955419540405,-1.97422456741333,1.5910301208496094,1.0650815963745117,-0.7682403922080994
0.05475799999999998,0.0034223749999999996,16.0,0.8925434269079691,0.2574137277182051,0.058133228005464645,-0.0014436241369446552,-1.7569847443588154e-5,-0.0006708567632856687,0.06847126354803354,-0.2746299207210541,0.10134110599756241,-0.12411674857139587,0.7346310615539551,-1.021146297454834,0.5979567766189575,0.7841097712516785,0.03178945183753967,-1.9658650159835815,1.5905888080596924,1.0637304782867432,-0.765834629535675
0.05475799999999998,0.0034223749999999996,16.0,0.9328269402346705,0.2977160934690353,0.058150148930023876,-0.0013588149842738823,-1.6741668827581515e-5,-0.0006308623801932698,0.06846788137649781,-0.27276912331581116,0.10609514266252518,-0.12463131546974182,0.7437632083892822,-0.9988277554512024,0.6193803548812866,0.808793306350708,0.03089812397956848,-1.9681965112686157,1.5790550708770752,1.053515911102295,-0.774171769618988
0.05475799999999998,0.0034223749999999996,16.0,0.9722743837000968,0.33717056822118313,0.058116851018763606,-0.0011619339909829125,-1.4301060782974608e-5,-0.0005390850880506042,0.06846554930424069,-0.27125057578086853,0.11207681149244308,-0.12291306257247925,0.7826114296913147,-0.9617869853973389,0.6489194631576538,0.8159147500991821,0.02090194821357727,-2.0054280757904053,1.5724031925201416,1.0625585317611694,-0.8034467697143555
0.05475799999999998,0.0034223749999999996,16.0,1.0108743683694803,0.3758153712332922,0.058120693669955696,-0.0010109030873588893,-1.2516624891124202e-5,-0.0004686966962194215,0.0684635345590642,-0.2722115218639374,0.11762087792158127,-0.12243607640266418,0.8018313050270081,-0.9576282501220703,0.6802135705947876,0.8366060853004456,0.020573049783706665,-2.036978244781494,1.5590333938598633,1.0788171291351318,-0.8226664662361145
0.05475799999999998,0.0034223749999999996,16.0,1.0486430714218589,0.4136290952409141,0.0581244952172744,-0.0008218031214115805,-1.0224603530751416e-5,-0.00038076955963622163,0.06846146528718579,-0.2733324468135834,0.1233460009098053,-0.12179607152938843,0.8220873475074768,-0.9528360366821289,0.7125043869018555,0.8565115928649902,0.019952327013015747,-2.0700461864471436,1.5458173751831055,1.0951234102249146,-0.8426476120948792
0.05475799999999998,0.0034223749999999996,16.0,1.0855805289633647,0.4506106810288493,0.05812736177896661,-0.0006539558906171783,-8.183701213362865e-6,-0.0003028056575562837,0.06845945885018694,-0.2744022309780121,0.1288832426071167,-0.12132063508033752,0.8408961892127991,-0.9466689229011536,0.744106650352478,0.8771922588348389,0.01895880699157715,-2.1002249717712402,1.532747745513916,1.1110645532608032,-0.8607925176620483
0.05475799999999998,0.0034223749999999996,16.0,1.1216845285244645,0.4867629916654708,0.05813296271718991,-0.0004939054434544508,-6.215524246007931e-6,-0.00022854027892722653,0.06845726373215115,-0.27575185894966125,0.1345866322517395,-0.120615154504776,0.8606130480766296,-0.9408984184265137,0.7785201072692871,0.8992245197296143,0.017679154872894287,-2.1335222721099854,1.5192475318908691,1.1284765005111694,-0.879581868648529
0.05475799999999998,0.0034223749999999996,16.0,1.1569559015661413,0.5220817309035546,0.05813091741700795,-0.0003394560335157964,-4.300869878739075e-6,-0.00015695326892470793,0.06845503533312508,-0.27741995453834534,0.1404871642589569,-0.1199185848236084,0.8795056939125061,-0.9361244440078735,0.8184225559234619,0.9273841977119446,0.015444725751876831,-2.1715426445007324,1.504080057144165,1.1488577127456665,-0.8966107964515686
0.05475799999999998,0.0034223749999999996,16.0,1.1913863071639308,0.5565817303567545,0.05817044434999626,-0.0001904280547977326,-2.415997961022446e-6,-8.790487190225178e-5,0.0684503861104068,-0.2796175181865692,0.1468178927898407,-0.11915260553359985,0.8982358574867249,-0.9326728582382202,0.8670107126235962,0.9634279608726501,0.011770874261856079,-2.217874765396118,1.4865715503692627,1.1725472211837769,-0.9120733737945557
0.05475799999999998,0.0034223749999999996,16.0,1.224948911526137,0.5902617103482777,0.05822491769169969,-5.680403157748873e-5,-7.283048569510556e-7,-2.6157019525183035e-5,0.06844648309222562,-0.2878044545650482,0.15339314937591553,-0.1167660653591156,0.9228513240814209,-0.9708200097084045,0.9491829872131348,1.042246699333191,0.001451253890991211,-2.3056013584136963,1.4449925422668457,1.2502241134643555,-0.9272283911705017
0.05475799999999998,0.0034223749999999996,16.0,1.2576768109204528,0.6231229838561941,0.058313871981456405,0.00012271717384511636,1.5666577537998836e-6,5.630179441213283e-5,0.06844222207944563,-0.3016831576824188,0.16314780712127686,-0.10766378045082092,1.0038986206054688,-1.0108344554901123,1.078578233718872,1.1333117485046387,-0.03582322597503662,-2.4887278079986572,1.3610029220581055,1.4091261625289917,-0.9729748964309692
0.05475799999999998,0.0034223749999999996,16.0,1.2896313457892976,0.6534282782300767,0.05571743545973625,0.00028914948825850984,5.009782591737686e-6,0.0001321894386111192,0.06858234235011142,-0.3062225878238678,0.17115187644958496,-0.09285825490951538,1.0873069763183594,-1.0347386598587036,1.1958693265914917,1.2162880897521973,-0.08852863311767578,-2.6424851417541504,1.2253849506378174,1.5911976099014282,-1.005765438079834
0.05475799999999998,0.0034223749999999996,16.0,1.3207244294100287,0.6845944431097903,0.055752920647833014,0.0004572724628958401,7.892737024964183e-6,0.00020875680378957675,0.06858147245086366,-0.316111296415329,0.18191663920879364,-0.08584639430046082,1.1212164163589478,-1.0740677118301392,1.315029263496399,1.2777496576309204,-0.10635989904403687,-2.7621331214904785,1.1351072788238525,1.6725802421569824,-1.0230343341827393
0.05475799999999998,0.0034223749999999996,16.0,1.3510068886090107,0.7149221157535564,0.05580780033651319,0.0006563079589100265,1.1256797001260794e-5,0.0002992129860744071,0.06857959339852021,-0.3202671706676483,0.1916707158088684,-0.07319936156272888,1.189803123474121,-1.0655690431594849,1.4102427959442139,1.3269553184509277,-0.14334625005722046,-2.8886170387268066,1.0413126945495605,1.7658915519714355,-1.056026816368103
0.05475799999999998,0.0034223749999999996,16.0,1.3804597144257127,0.7444170255109545,0.0558561826553489,0.0007983276245084191,1.3577397924552195e-5,0.0003636301616030142,0.06857811457022123,-0.3233412206172943,0.2010655552148819,-0.059684306383132935,1.2397878170013428,-1.0890873670578003,1.4969191551208496,1.3448222875595093,-0.16435712575912476,-3.000699996948242,0.9509565830230713,1.865083932876587,-1.0861178636550903
0.05475799999999998,0.0034223749999999996,16.0,1.4090872236847949,0.7730829436368701,0.055936149782076,0.000979774059388786,1.6502245334353102e-5,0.00044582351158374946,0.06857558058757743,-0.3232066333293915,0.2099759578704834,-0.0416887104511261,1.3107857704162598,-1.0885169506072998,1.566256046295166,1.3536237478256226,-0.19238150119781494,-3.1281633377075195,0.8739111423492432,1.9674456119537354,-1.1302471160888672
0.05475799999999998,0.0034223749999999996,16.0,1.4368782134898628,0.8009134848026628,0.055963950381751636,0.001119603318114903,1.8762497363286113e-5,0.000509088282196742,0.06857584644333697,-0.3050934970378876,0.1983407735824585,-0.020265668630599976,1.348301887512207,-1.1298346519470215,1.6521981954574585,1.2602566480636597,-0.20749640464782715,-3.175692081451416,0.6956593990325928,2.178184986114502,-1.1538619995117188
0.05475799999999998,0.0034223749999999996,16.0,1.463923078500153,0.8278060333413764,0.05605047383127314,0.0012757627895153654,2.0658828946760322e-5,0.0005789973570355749,0.06857518469738079,-0.27242425084114075,0.16987958550453186,0.012729853391647339,1.4137929677963257,-1.09938383102417,1.693892240524292,1.10910165309906,-0.23209267854690552,-3.1837146282196045,0.4520759582519531,2.4754433631896973,-1.1964530944824219
0.05475799999999998,0.0034223749999999996,16.0,1.490174479496863,0.8538069429987993,0.05620197740490687,0.0014629948036230316,2.2531683578528775e-5,0.0006625536985759952,0.06857554618839068,-0.24417099356651306,0.14821991324424744,0.038621336221694946,1.4347419738769531,-1.0730886459350586,1.69049072265625,1.0017415285110474,-0.23411333560943604,-3.149317741394043,0.2692534923553467,2.670707941055298,-1.2161839008331299
0.05475799999999998,0.0034223749999999996,16.0,1.5155708339021006,0.879004874166894,0.05629533429688541,0.0016528627681892552,2.4568281542729745e-5,0.0007474611325706019,0.06857795590975255,-0.20889627933502197,0.11420434713363647,0.0666075050830841,1.4387277364730835,-1.0127184391021729,1.602431297302246,0.845750629901886,-0.2102704644203186,-3.033669948577881,0.09666943550109863,2.8627803325653076,-1.2444345951080322
0.05475799999999998,0.0034223749999999996,16.0,1.5400915952868799,0.9033664598074757,0.0563968394452962,0.0018638693309079096,2.6375389012382698e-5,0.0008416257680451975,0.06858137452023562,-0.19492650032043457,0.07571680843830109,0.15920910239219666,1.2318413257598877,0.5379700064659119,1.2403464317321777,0.1775437593460083,-0.2001361846923828,-3.395110607147217,0.8712437152862549,1.9793317317962646,-1.0411018133163452
0.05475799999999998,0.0034223749999999996,16.0,1.5637906281864027,0.926904657891137,0.05674264745416816,0.00201675598053006,2.2960811335570373e-5,0.0009195143637104296,0.06857904074606154,-0.169870525598526,0.05754604563117027,0.17111507058143616,1.2261687517166138,0.6266820430755615,1.050477385520935,0.021650563925504684,-0.21620690822601318,-3.276461601257324,0.8207411766052246,2.0285377502441406,-1.0194389820098877
0.05475799999999998,0.0034223749999999996,16.0,1.5866565115375617,0.9496611646638808,0.05678677689903554,0.0022147325816744335,2.402154924024835e-5,0.001010265605663635,0.06858124941289462,-0.14974161982536316,0.04316141456365585,0.1756700575351715,1.202633261680603,0.6713781952857971,0.8818956613540649,-0.09990929067134857,-0.22440803050994873,-3.1458940505981445,0.7876653671264648,2.0527427196502686,-0.9875227212905884
0.05475799999999998,0.0034223749999999996,16.0,1.6086903380098263,0.9716186924281247,0.05680764542735694,0.002415375218102086,2.5829166614370032e-5,0.0011022355355445213,0.06858260106464595,-0.14226460456848145,0.036129970103502274,0.1861552894115448,1.198613166809082,0.73825603723526,0.7912489175796509,-0.1940307766199112,-0.23617571592330933,-3.1061222553253174,0.7650387287139893,2.0651023387908936,-0.9717334508895874
0.05475799999999998,0.0034223749999999996,16.0,1.629912815591823,0.9927563525115891,0.056816654213267835,0.002626925158122915,2.8202157599544457e-5,0.001199309306533591,0.06858440756893257,-0.13206270337104797,0.035588037222623825,0.19378647208213806,1.2103586196899414,0.776557207107544,0.6829153299331665,-0.23495255410671234,-0.23948895931243896,-3.055954933166504,0.7532961368560791,2.0449330806732178,-0.9798151850700378
0.05475799999999998,0.0034223749999999996,16.0,1.6502304677517639,1.0130046845954541,0.05670959586016412,0.0028400034673544674,2.9845010094905373e-5,0.0012964727190052012,0.06858788041488204,-0.1321081519126892,0.03127041831612587,0.20105764269828796,1.2044248580932617,0.8268517851829529,0.6534603834152222,-0.29837411642074585,-0.24325799942016602,-3.0557048320770264,0.7449977397918701,2.0572261810302734,-0.9702429175376892
0.05475799999999998,0.0034223749999999996,16.0,1.6697197951217213,1.0325583246360563,0.05686851587809202,0.0030055371192626397,3.129392733400869e-5,0.0013724757217528157,0.06858568741207444,-0.12928259372711182,0.03226533159613609,0.20231887698173523,1.2029058933258057,0.8312407732009888,0.6280193328857422,-0.3153510093688965,-0.24396353960037231,-3.03879976272583,0.7380397319793701,2.0684409141540527,-0.9678801894187927
0.05475799999999998,0.0034223749999999996,16.0,1.688350810743137,1.051238023435242,0.05693004317484376,0.003193054296196167,3.241123107580354e-5,0.0014581283541243487,0.06858461037194175,-0.13002118468284607,0.03438063710927963,0.2125580608844757,1.2219102382659912,0.8693312406539917,0.6008968353271484,-0.34556034207344055,-0.2455587387084961,-3.067021608352661,0.727912425994873,2.070662260055542,-0.9852882623672485
0.05475799999999998,0.0034223749999999996,16.0,1.7061864596394134,1.069061473099672,0.056903697325903446,0.0033564097746606315,3.426122389757112e-5,0.001532871362782549,0.06858569066765165,-0.12921833992004395,0.03369027376174927,0.20590409636497498,1.2000473737716675,0.835893452167511,0.6036418676376343,-0.36163997650146484,-0.23679709434509277,-3.043583393096924,0.7307240962982178,2.0909676551818848,-0.9722280502319336
0.05475799999999998,0.0034223749999999996,16.0,1.723172327625786,1.0860670250986493,0.05692906116964992,0.003547091681180213,3.5677721845744505e-5,0.0016199918296247123,0.06858555977693437,-0.12825116515159607,0.03573914244771004,0.20915332436561584,1.205580234527588,0.8482730388641357,0.5843143463134766,-0.3758372664451599,-0.23335391283035278,-3.049072742462158,0.7282712459564209,2.088791847229004,-0.9811873435974121
0.05475799999999998,0.0034223749999999996,16.0,1.7393380806834207,1.102264174273938,0.05699718813695339,0.0037150312592978546,3.701074746124594e-5,0.0016967243621178066,0.0685850578874732,-0.1250157654285431,0.038670387119054794,0.2117837369441986,1.2143160104751587,0.8386313915252686,0.5439198017120361,-0.3844354748725891,-0.22741848230361938,-3.0390446186065674,0.7200899124145508,2.076664924621582,-0.9956890940666199
0.05475799999999998,0.0034223749999999996,16.0,1.7546775521093654,1.1175214034406142,0.05682228676985529,0.003881974336322202,3.8529362455307e-5,0.0017726379232707006,0.06858854739514189,-0.1274724006652832,0.04115920141339302,0.21622738242149353,1.218951940536499,0.880013108253479,0.5480005741119385,-0.4018504321575165,-0.2276933789253235,-3.0681655406951904,0.7296769618988037,2.0826470851898193,-1.0001813173294067
0.05475799999999998,0.0034223749999999996,16.0,1.769202470786801,1.1320220317177667,0.05681890095302788,0.0040124606685092105,4.011957919749172e-5,0.0018325695860180002,0.0685892314202038,-0.12325003743171692,0.03918842598795891,0.21114900708198547,1.2070027589797974,0.835453987121582,0.5043514966964722,-0.41754645109176636,-0.21637701988220215,-3.0184051990509033,0.7265346050262451,2.080125570297241,-0.9993416666984558
0.05475799999999998,0.0034223749999999996,16.0,1.7828958562262505,1.1456895030136902,0.05680867720597562,0.004129812883552665,4.1558538275902425e-5,0.0018864802221426108,0.06859019315952912,-0.11266133189201355,0.03723252937197685,0.20459720492362976,1.1995668411254883,0.7559680938720703,0.4038872718811035,-0.42289814352989197,-0.20092469453811646,-2.9206702709198,0.7091851234436035,2.0457539558410645,-1.0067538022994995
0.05475799999999998,0.0034223749999999996,16.0,1.7957822991514587,1.1586361913787206,0.0570313863556343,0.004254904940279652,4.344384804627067e-5,0.0019446202505215232,0.06858709184120643,-0.10610076785087585,0.03875259310007095,0.20230844616889954,1.2027838230133057,0.7122880816459656,0.33016133308410645,-0.42788925766944885,-0.19411510229110718,-2.8655741214752197,0.6984348297119141,2.0163495540618896,-1.0163006782531738
0.05475799999999998,0.0034223749999999996,16.0,1.8078031492308284,1.1705526993647044,0.056828721616934516,0.004387381865812069,4.4721227897702216e-5,0.002004710537132392,0.06859147810454454,-0.10655385255813599,0.04124325513839722,0.20656761527061462,1.211676836013794,0.7326503992080688,0.31357598304748535,-0.442410409450531,-0.1948893666267395,-2.8785970211029053,0.7006301879882812,2.0151922702789307,-1.0244054794311523
0.05475799999999998,0.0034223749999999996,16.0,1.818995404132204,1.1817034520395382,0.05676401555264321,0.0045223801107744455,4.622530123339062e-5,0.002066259267116698,0.06859332001681614,-0.10813233256340027,0.046312034130096436,0.21725276112556458,1.2357730865478516,0.7863525748252869,0.29421091079711914,-0.45239388942718506,-0.19794344902038574,-2.915555238723755,0.7019007205963135,1.997779369354248,-1.045423984527588
0.05475799999999998,0.0034223749999999996,16.0,1.8293722821677083,1.1920413912053789,0.05673011801440594,0.004652613622601548,4.8174104164067674e-5,0.0021256580355694054,0.06859512582322713,-0.10184001922607422,0.049776192754507065,0.21847853064537048,1.2446656227111816,0.7625479102134705,0.22659063339233398,-0.4448778033256531,-0.1943882703781128,-2.8644189834594727,0.6842272281646729,1.9476168155670166,-1.0573501586914062
0.05475799999999998,0.0034223749999999996,16.0,1.8389037787336944,1.201618396720361,0.05686373722132619,0.004803605849836439,4.9994035641537555e-5,0.00219499984089822,0.06859373708129687,-0.09839177131652832,0.05418084189295769,0.22356656193733215,1.2608354091644287,0.7585791349411011,0.16585040092468262,-0.4466744661331177,-0.19205772876739502,-2.8353471755981445,0.6680688858032227,1.8944141864776611,-1.075387716293335
0.05475799999999998,0.0034223749999999996,16.0,1.8481230231035615,1.2115816741595622,0.06057605578246665,0.005011706026747959,-7.6285664897299476e-6,0.0022906231072925857,0.06846320611988643,-0.09474566578865051,0.05792125314474106,0.21592095494270325,1.2629594802856445,0.7073215842247009,0.11879801750183105,-0.42976051568984985,-0.1881483793258667,-2.7679946422576904,0.662945032119751,1.834457278251648,-1.0807371139526367
0.05475799999999998,0.0034223749999999996,16.0,1.8560111125744534,1.2194619281280907,0.06063106378050846,0.005242331900786482,-7.630435841152695e-6,0.002395911845442453,0.06846516859834556,-0.08806169033050537,0.06182659789919853,0.21816489100456238,1.2711362838745117,0.6635404825210571,0.03021979331970215,-0.43422040343284607,-0.18358230590820312,-2.6905133724212646,0.6214196681976318,1.7461386919021606,-1.0926392078399658
0.05475799999999998,0.0034223749999999996,16.0,1.8630251325200666,1.22650869462699,0.06067944579335999,0.005595937543782536,-8.869753445255948e-6,0.0025577677368160035,0.06846517386628126,-0.08656051754951477,0.06439228355884552,0.2209492027759552,1.2771717309951782,0.6590692400932312,-0.006543636322021484,-0.44582653045654297,-0.18253791332244873,-2.6674513816833496,0.6073777675628662,1.7070220708847046,-1.0993733406066895
0.05475799999999998,0.0034223749999999996,16.0,1.8692458883617555,1.2327224343026757,0.060726119190610474,0.0061864772721834495,-9.878293714629713e-6,0.0028277019914705603,0.06846728892283369,-0.08265766501426697,0.06804589927196503,0.22430089116096497,1.28400456905365,0.6312481760978699,-0.07656407356262207,-0.46297192573547363,-0.17913168668746948,-2.60811185836792,0.571033239364624,1.6240384578704834,-1.108850121498108
0.05475799999999998,0.0034223749999999996,16.0,1.8746168835904915,1.2381095399421542,0.060769244191444936,0.007528847874351444,-1.3442942129311256e-5,0.0034424960229379343,0.06846807190861152,-0.07920411229133606,0.07039976865053177,0.22316572070121765,1.2784826755523682,0.5989081263542175,-0.13198113441467285,-0.4903062880039215,-0.17472076416015625,-2.547985553741455,0.5497243404388428,1.560710072517395,-1.107021689414978
0.05475799999999998,0.0034223749999999996,16.0,1.8791597722979516,1.2426369571210676,0.060761580511942026,0.013955467107340948,-4.098243447072841e-5,0.006391331704093222,0.06847092147591317,-0.07982784509658813,0.07265393435955048,0.22006115317344666,1.2558636665344238,0.5924994945526123,-0.20604252815246582,-0.6098470687866211,-0.16434365510940552,-2.503652334213257,0.5814497470855713,1.507140040397644,-1.0935778617858887
0.05475799999999998,0.0034223749999999996,16.0,1.8489772077370348,-1.2463577415247094,0.04425885815806029,-0.013944175777225173,-0.00016073586620273504,-0.00641785563685345,0.06857020834664357,0.02246508002281189,0.1287107616662979,-0.11112409830093384,0.7005535364151001,0.730160117149353,-0.851099967956543,0.6849930882453918,0.13088297843933105,-0.8604507446289062,0.39308714866638184,0.8496606945991516,-0.8375934958457947
0.05475799999999998,0.0034223749999999996,16.0,1.8444506641429246,-1.2418353871598604,0.04423035002099064,-0.0075202556555902635,-8.511228664422205e-5,-0.0034620317177889415,0.06856877768532786,0.02162131667137146,0.13402090966701508,-0.1060517430305481,0.7173094749450684,0.7991935014724731,-0.8084824085235596,0.6653162240982056,0.11601254343986511,-0.9646503925323486,0.4418001174926758,0.9005720019340515,-0.8394991755485535
0.05475799999999998,0.0034223749999999996,16.0,1.839088045383814,-1.2364835539857342,0.044215731321320804,-0.006175972534323253,-6.905411093716811e-5,-0.0028427055787208317,0.06856760138911562,0.020106062293052673,0.13415683805942535,-0.10739436745643616,0.7148081064224243,0.811668336391449,-0.796236515045166,0.6777201294898987,0.11237922310829163,-0.9631785154342651,0.45134592056274414,0.8682670593261719,-0.8333418369293213
0.05475799999999998,0.0034223749999999996,16.0,1.832897264669296,-1.2303028329597567,0.04419937718143774,-0.00558411117687969,-6.216835630115204e-5,-0.002570061236967323,0.0685672009286077,0.018490031361579895,0.13569487631320953,-0.1045244038105011,0.7240778207778931,0.8782393336296082,-0.7545735836029053,0.6710854172706604,0.09933406114578247,-1.0270692110061646,0.45531344413757324,0.9210580587387085,-0.8299296498298645
0.05475799999999998,0.0034223749999999996,16.0,1.8258699803099472,-1.2232845782952364,0.0442013451696196,-0.005239073875546426,-5.82716987997499e-5,-0.002411056144193468,0.068566331943571,0.016421258449554443,0.13556431233882904,-0.10562795400619507,0.7238332033157349,0.9025457501411438,-0.7344722747802734,0.6843882203102112,0.09320980310440063,-1.035029411315918,0.4586646556854248,0.9054993391036987,-0.8236807584762573
0.05475799999999998,0.0034223749999999996,16.0,1.8169514889451335,-1.2169793006151404,0.041594081092086566,-0.005000832329403293,-8.502953759318163e-5,-0.002293820009290945,0.06865654144496203,0.016488447785377502,0.13306187093257904,-0.10359078645706177,0.7207952737808228,0.9515743851661682,-0.6970176696777344,0.6929771304130554,0.08198094367980957,-1.0630784034729004,0.4563169479370117,0.9410175085067749,-0.8098289370536804
0.05475799999999998,0.0034223749999999996,16.0,1.8082742421878433,-1.2083343549746812,0.041517149736297256,-0.004801386486007163,-8.144426574224273e-5,-0.002201979391579493,0.06865758946297988,0.014253377914428711,0.1304958015680313,-0.10603934526443481,0.7107834219932556,0.9539990425109863,-0.6886284351348877,0.7224233150482178,0.08267387747764587,-1.0435255765914917,0.4654664993286133,0.902060329914093,-0.8005664944648743
0.05475799999999998,0.0034223749999999996,16.0,1.7987639484888809,-1.1988420021475092,0.04147460875724715,-0.004651453872418109,-7.880048894208665e-5,-0.002133020228402231,0.06865820302721233,0.011908352375030518,0.13170234858989716,-0.10409587621688843,0.7213568687438965,1.0250718593597412,-0.6359786987304688,0.7189021110534668,0.0651344358921051,-1.1067312955856323,0.46068835258483887,0.94674152135849,-0.7940176129341125
0.05475799999999998,0.0034223749999999996,16.0,1.7884227670765345,-1.1885193182941514,0.041429878971439724,-0.004517184793742616,-7.641874577193214e-5,-0.0020712471927195482,0.06865882878942452,0.007367223501205444,0.1343809813261032,-0.10054999589920044,0.7420471906661987,1.1465023756027222,-0.5402631759643555,0.7116349935531616,0.03229933977127075,-1.2165464162826538,0.4450230598449707,1.0199109315872192,-0.7825915813446045
0.05475799999999998,0.0034223749999999996,16.0,1.7772464225360014,-1.1773384644649165,0.041442183410842846,-0.004383121827737002,-7.41931103697094e-5,-0.002009832518326922,0.06865873310290196,0.005399554967880249,0.13145114481449127,-0.10419932007789612,0.7308300733566284,1.133048176765442,-0.5397648811340332,0.7441437244415283,0.03428828716278076,-1.1823371648788452,0.45334744453430176,0.9628745317459106,-0.7733386754989624
0.05475799999999998,0.0034223749999999996,16.0,1.7652375010454804,-1.1653186581995425,0.04147164030282659,-0.004258898284954287,-7.217239008180933e-5,-0.0019529947588328748,0.06865848152469954,0.0026667416095733643,0.13280516862869263,-0.10212492942810059,0.7441040277481079,1.2155048847198486,-0.46776580810546875,0.7388588190078735,0.010320603847503662,-1.2589385509490967,0.4378056526184082,1.012458086013794,-0.763149082660675
0.05475799999999998,0.0034223749999999996,16.0,1.7524003337088931,-1.1524863856917105,0.04146131721291406,-0.004132174026195732,-7.000264894161771e-5,-0.001894832889227167,0.06865870154123266,-0.0022239089012145996,0.1369217336177826,-0.09459257125854492,0.7779008746147156,1.4163353443145752,-0.2943563461303711,0.7024572491645813,-0.04949951171875,-1.4379304647445679,0.38243889808654785,1.154801607131958,-0.7382791042327881
0.05475799999999998,0.0034223749999999996,16.0,1.7387295186817147,-1.1388057353133854,0.041487278949727244,-0.004023066317645875,-6.82157219536036e-5,-0.0018448867335385548,0.06865848129308763,-0.0007098019123077393,0.13753478229045868,-0.09322160482406616,0.7768290638923645,1.424545407295227,-0.28682684898376465,0.6905446648597717,-0.0510212779045105,-1.4483221769332886,0.3746821880340576,1.175716757774353,-0.7357154488563538
0.05475799999999998,0.0034223749999999996,16.0,1.7242302495352442,-1.1243109467951005,0.041476569299814234,-0.003884722439569528,-6.58435224974985e-5,-0.0017814082862457805,0.06865861016990034,-0.0006006062030792236,0.1408998668193817,-0.08767911791801453,0.7917842268943787,1.5199249982833862,-0.2024853229522705,0.6475942730903625,-0.07790529727935791,-1.5397518873214722,0.33414649963378906,1.2687710523605347,-0.7243089079856873
0.05475799999999998,0.0034223749999999996,16.0,1.7088999268319702,-1.1089849669251406,0.04146543779972656,-0.0037098251578727014,-6.285268612216977e-5,-0.0017011662103484334,0.0686587135408846,0.00203549861907959,0.13731957972049713,-0.09210509061813354,0.7669954299926758,1.4183980226516724,-0.2889735698699951,0.6788641214370728,-0.0455092191696167,-1.441640019416809,0.3705015182495117,1.1822634935379028,-0.7313520908355713
0.05475799999999998,0.0034223749999999996,16.0,1.6927379359516912,-1.092824785431249,0.04146053552535637,-0.0035463024656152307,-6.007393540848463e-5,-0.0016261659127220554,0.06865875316008865,0.0012014806270599365,0.13832654058933258,-0.08977070450782776,0.7686423063278198,1.4471235275268555,-0.2659907341003418,0.6714041233062744,-0.0515214204788208,-1.4660894870758057,0.3633129596710205,1.2060962915420532,-0.7271254062652588
0.05475799999999998,0.0034223749999999996,16.0,1.6757447230193252,-1.075834414887826,0.0414540015394063,-0.003360342752251404,-5.69136785834986e-5,-0.0015408699764924698,0.06865886267571719,0.000956803560256958,0.13709931075572968,-0.09041798114776611,0.7600094079971313,1.4330693483352661,-0.2749629020690918,0.6840264201164246,-0.04371953010559082,-1.4521487951278687,0.37437868118286133,1.1867425441741943,-0.7262381911277771
0.05475799999999998,0.0034223749999999996,16.0,1.6579203390322343,-1.0580119265746584,0.04144942299628718,-0.003184174306821247,-5.3920425036663375e-5,-0.0014600736219294132,0.06865891303822898,0.001057446002960205,0.1357259601354599,-0.08902645111083984,0.7464033961296082,1.4291036128997803,-0.27235841751098633,0.6870852708816528,-0.032244861125946045,-1.4605318307876587,0.38092803955078125,1.1957800388336182,-0.7242411971092224
0.05475799999999998,0.0034223749999999996,16.0,1.6392612825115758,-1.0393348442206054,0.041494042831783116,-0.003000724493799846,-5.0898057198327597e-5,-0.001376076438800873,0.06865839084085298,0.003712207078933716,0.13266302645206451,-0.09113973379135132,0.7157784700393677,1.3262460231781006,-0.3590559959411621,0.7080774307250977,0.007625401020050049,-1.3769830465316772,0.4156985282897949,1.1243523359298706,-0.7330073714256287
0.05475799999999998,0.0034223749999999996,16.0,1.6197740978467605,-1.0198486012730676,0.041492316673089696,-0.00283684452903908,-4.812006977931183e-5,-0.0013009172135381166,0.06865844061840636,0.0026530027389526367,0.12817895412445068,-0.09038180112838745,0.6784424781799316,1.279941201210022,-0.37125468254089355,0.7393373847007751,0.04429119825363159,-1.3730287551879883,0.45169878005981445,1.1188924312591553,-0.7324808835983276
0.05475799999999998,0.0034223749999999996,16.0,1.5994559136823445,-0.9995325476764223,0.04148781605393899,-0.0026219747740748264,-4.4473457066134844e-5,-0.0012023698848186318,0.0686585105127052,0.0029797255992889404,0.12302428483963013,-0.08816644549369812,0.6306937336921692,1.2061371803283691,-0.4062080383300781,0.7664772272109985,0.0937526524066925,-1.3508645296096802,0.49690699577331543,1.1132220029830933,-0.7341872453689575
0.05475799999999998,0.0034223749999999996,16.0,1.5783070423261696,-0.9783885510560424,0.041475566691686346,-0.002408613676048083,-4.084748863313281e-5,-0.0011045055755763355,0.06865862792306436,0.0014365017414093018,0.1156068816781044,-0.0867195725440979,0.5790303945541382,1.1037561893463135,-0.4730701446533203,0.8107588887214661,0.14367321133613586,-1.2736153602600098,0.5519120693206787,1.0541447401046753,-0.7322072982788086
0.05475799999999998,0.0034223749999999996,16.0,1.5563262622894325,-0.956409360811054,0.041473037018564474,-0.002206005453267603,-3.741402914382441e-5,-0.0010115845460346227,0.06865871553160643,-0.0014137029647827148,0.1111389547586441,-0.07965168356895447,0.5216688513755798,1.0664056539535522,-0.44342660903930664,0.8259286880493164,0.19602739810943604,-1.3209940195083618,0.6032710075378418,1.1086207628250122,-0.7276015281677246
0.05475799999999998,0.0034223749999999996,16.0,1.53351362273359,-0.9335980871685428,0.04147308128427429,-0.0020039108281150247,-3.399953897029164e-5,-0.0009189101189157683,0.06865881668004202,-0.025584012269973755,0.11078421771526337,-0.05667847394943237,0.42406362295150757,0.693972110748291,0.15600013732910156,-0.3671519160270691,0.5681411027908325,-1.9273430109024048,-0.25088930130004883,1.35820472240448,-1.0051867961883545
0.05475799999999998,0.0034223749999999996,16.0,1.509870314345039,-0.9099595838533908,0.04146585067436558,-0.0018418525989178033,-3.125184571206732e-5,-0.000844576544753118,0.06865904513382677,-0.0351184606552124,0.09875645488500595,-0.05560937523841858,0.3355489671230316,0.7127559185028076,0.38422560691833496,-0.38985246419906616,0.6441231966018677,-2.113558053970337,-0.27941370010375977,1.4408262968063354,-0.9931424856185913
0.05475799999999998,0.0034223749999999996,16.0,1.4853953543026273,-0.885488093569464,0.0414619342809887,-0.001643857857648466,-2.790189378619188e-5,-0.0007537819605683841,0.06865919563217288,-0.04380166530609131,0.08381306380033493,-0.060130566358566284,0.24502649903297424,0.6460455656051636,0.31456422805786133,-0.2668606638908386,0.7251476645469666,-2.0590593814849854,-0.05247831344604492,1.4194345474243164,-0.982367217540741
0.05475799999999998,0.0034223749999999996,16.0,1.4600805720130796,-0.8601426580918253,0.04155362855698628,-0.001460706825126685,-2.4928128851846286e-5,-0.0006699160250450605,0.0686585838007448,-0.0540771484375,0.07406558841466904,-0.06477528810501099,0.178999125957489,0.5588309168815613,0.16979193687438965,-0.13195614516735077,0.7757604122161865,-1.8895422220230103,0.22168898582458496,1.3175079822540283,-0.9650514721870422
0.05475799999999998,0.0034223749999999996,16.0,1.433942497965154,-0.8340087153401583,0.041551754913923274,-0.0012795617734222395,-2.1850526157104383e-5,-0.0005868349624302075,0.0686588314919738,-0.060530781745910645,0.06981952488422394,-0.06875494122505188,0.12046414613723755,0.5304151773452759,0.2120368480682373,-0.142952099442482,0.8127486705780029,-1.8884328603744507,0.2787628173828125,1.2416995763778687,-0.9424253106117249
0.05475799999999998,0.0034223749999999996,16.0,1.4069734329851842,-0.807038448046393,0.041559728249405445,-0.0011293504704781281,-1.92967513309699e-5,-0.0005179486146619437,0.06865888345300812,-0.06369525194168091,0.0679900124669075,-0.07393378019332886,0.08627580106258392,0.5121318697929382,0.23023462295532227,-0.15810798108577728,0.8234139084815979,-1.8457722663879395,0.31288909912109375,1.1381773948669434,-0.9179040789604187
0.05475799999999998,0.0034223749999999996,16.0,1.3791757105084463,-0.7792467788544745,0.0415443684560777,-0.000995566755467432,-1.6996190621149373e-5,-0.00045657540637028575,0.06865906032794482,-0.06036430597305298,0.0666019394993782,-0.08055487275123596,0.0877646803855896,0.5157296657562256,0.17410802841186523,-0.14119727909564972,0.799156904220581,-1.7368710041046143,0.3393073081970215,1.0505459308624268,-0.8945097327232361
0.05475799999999998,0.0034223749999999996,16.0,1.3505456401618674,-0.750619423709419,0.041537625788924226,-0.0008216311380705662,-1.4027609092216298e-5,-0.00037680317163216664,0.0686591320488136,-0.057699352502822876,0.06552232801914215,-0.08526727557182312,0.07676039636135101,0.5803602337837219,0.24746179580688477,-0.22002704441547394,0.8037184476852417,-1.8261538743972778,0.21667075157165527,1.0361735820770264,-0.8884492516517639
0.05475799999999998,0.0034223749999999996,16.0,1.3210844448621788,-0.7211600017919807,0.041533026234892134,-0.0006896944699015299,-1.1772011746247777e-5,-0.0003162916548413391,0.06865920704833645,-0.05747541785240173,0.06429364532232285,-0.08783644437789917,0.0670415610074997,0.6045418381690979,0.26873350143432617,-0.24331675469875336,0.8060489892959595,-1.8268978595733643,0.18004322052001953,1.0070860385894775,-0.8810146450996399
0.05475799999999998,0.0034223749999999996,16.0,1.2907923651129372,-0.6908711913815925,0.04152348809636844,-0.0005177273554036427,-8.833019284716324e-6,-0.00023742362482003326,0.06865930190812418,-0.05833819508552551,0.06394271552562714,-0.08943042159080505,0.06272490322589874,0.6118834018707275,0.27484750747680664,-0.24377553164958954,0.8043575286865234,-1.8108347654342651,0.18213438987731934,0.9909932613372803,-0.8749054670333862
0.05475799999999998,0.0034223749999999996,16.0,1.2596686698159671,-0.6597492922116963,0.041518475055728976,-0.00032519690448739853,-5.547587235733347e-6,-0.0001491308826950187,0.06865930379577191,-0.05702626705169678,0.06503981351852417,-0.09099668264389038,0.05935855209827423,0.6427803635597229,0.3389441967010498,-0.2975589334964752,0.8017022609710693,-1.8842895030975342,0.109405517578125,1.0104581117630005,-0.8692522644996643
0.05475799999999998,0.0034223749999999996,16.0,1.2277133614191427,-0.6277941143681172,0.041518014447559544,-0.00015202442049587679,-2.5934727256099818e-6,-6.971626095629116e-5,0.06865931509061082,-0.0567706823348999,0.06515540182590485,-0.09236326813697815,0.06434057652950287,0.6078440546989441,0.27346038818359375,-0.24579940736293793,0.7849072813987732,-1.7798514366149902,0.19585537910461426,0.9778033494949341,-0.8568107485771179
0.05475799999999998,0.0034223749999999996,16.0,1.1949278668286392,-0.5950137611276147,0.04150352670911414,1.6858847860232987e-5,2.8749510412915233e-7,7.731116557375277e-6,0.06865936236660504,-0.056858062744140625,0.06508371978998184,-0.09300169348716736,0.08402988314628601,0.5074950456619263,0.10467267036437988,-0.102958083152771,0.7330523729324341,-1.4642142057418823,0.4100685119628906,0.8602152466773987,-0.823079526424408
0.05475799999999998,0.0034223749999999996,16.0,1.1613098375139634,-0.5613953999221099,0.041504778184366355,0.00018632653867547394,3.177894363477419e-6,8.544592473200659e-5,0.06865936146309327,-0.05772116780281067,0.06539671868085861,-0.0941292941570282,0.08100566267967224,0.5106979608535767,0.11359667778015137,-0.10284179449081421,0.7314848303794861,-1.448027491569519,0.4123721122741699,0.8426405787467957,-0.8184303045272827
0.05475799999999998,0.0034223749999999996,16.0,1.1268616991136189,-0.5269495724162065,0.04149740600578202,0.00036988545849687596,6.304830178939963e-6,0.00016962019751320717,0.06865941528529176,-0.05648598074913025,0.06598037481307983,-0.09538686275482178,0.08146126568317413,0.5070723295211792,0.11917591094970703,-0.10562360286712646,0.7223927974700928,-1.4383820295333862,0.41071319580078125,0.8377219438552856,-0.8096768856048584
0.05475799999999998,0.0034223749999999996,16.0,1.0915812742442583,-0.49166910583100415,0.04149814893534494,0.0005143151788288648,8.767832943429969e-6,0.0002358527698875982,0.06865942855726753,-0.058099180459976196,0.06609977781772614,-0.09657809138298035,0.07623237371444702,0.5147673487663269,0.13861775398254395,-0.1069260686635971,0.7241212129592896,-1.4370338916778564,0.40773725509643555,0.8328917622566223,-0.8061784505844116
0.05475799999999998,0.0034223749999999996,16.0,1.0554697637917507,-0.4555577471466445,0.04149806101589364,0.0006772232341858515,1.1545542704572354e-5,0.0003105591373733125,0.06865944420280998,-0.05933248996734619,0.066347137093544,-0.09787613153457642,0.07191723585128784,0.5206751227378845,0.15494871139526367,-0.10763876140117645,0.7241250276565552,-1.429625153541565,0.40692138671875,0.8229972124099731,-0.8018355965614319
0.05475799999999998,0.0034223749999999996,16.0,1.0185260256191868,-0.4186105818493905,0.04150867703465087,0.0008507663748111098,1.4513075437095064e-5,0.00039014847737879545,0.06865939538081235,-0.060351401567459106,0.06668245047330856,-0.09928295016288757,0.068203404545784,0.5253920555114746,0.16965150833129883,-0.10785411298274994,0.7232666611671448,-1.4188820123672485,0.4072682857513428,0.8104811310768127,-0.7972158193588257
0.05475799999999998,0.0034223749999999996,16.0,0.9807520292446698,-0.38083645043386,0.04150941343655151,0.0010479470696065946,1.7878612298607837e-5,0.0004805744578157849,0.06865940362150397,-0.06132969260215759,0.06697069108486176,-0.10088294744491577,0.06453730165958405,0.5291759371757507,0.1855025291442871,-0.1078827977180481,0.7224377393722534,-1.4089728593826294,0.40750598907470703,0.7995979189872742,-0.7926695942878723
0.05475799999999998,0.0034223749999999996,16.0,0.9421427595876652,-0.34221779960821064,0.041542365891684724,0.001235152480807228,2.111290868019822e-5,0.0005664670033632275,0.06865928670604585,-0.06224638223648071,0.06733603775501251,-0.10254928469657898,0.06095294654369354,0.5324101448059082,0.20104765892028809,-0.10753756761550903,0.7212995886802673,-1.3972523212432861,0.4085550308227539,0.7871769666671753,-0.7878865003585815
0.05475799999999998,0.0034223749999999996,16.0,0.9027061222591594,-0.30278228697551646,0.0415402964187534,0.0013567105770470058,2.319700977600865e-5,0.0006222191733166832,0.06865932966106283,-0.06621745228767395,0.06623652577400208,-0.10267367959022522,0.050638556480407715,0.5282499194145203,0.1939833164215088,-0.07706460356712341,0.7284694910049438,-1.3084865808486938,0.44553399085998535,0.7261434197425842,-0.7845019698143005
0.05475799999999998,0.0034223749999999996,16.0,0.8624381172301029,-0.26251445533748896,0.041540134247143694,0.0015121493455629502,2.5867379907025396e-5,0.0006935120929428593,0.06865932393822462,-0.06701093912124634,0.06676977872848511,-0.1044154167175293,0.047556072473526,0.5317466259002686,0.20424723625183105,-0.0736897736787796,0.7282199859619141,-1.2895495891571045,0.44684314727783203,0.7084205746650696,-0.7811518311500549
0.05475799999999998,0.0034223749999999996,16.0,0.8213402124085498,-0.22141929794779144,0.04153060834798677,0.0016632357608539047,2.844603490501619e-5,0.0007628032352123558,0.06865930688228147,-0.07043439149856567,0.06939790397882462,-0.10834294557571411,0.05263037979602814,0.5498159527778625,0.22118616104125977,-0.06566625833511353,0.7195403575897217,-1.2530536651611328,0.4589874744415283,0.6569462418556213,-0.777717649936676
0.05475799999999998,0.0034223749999999996,16.0,0.7801833872322055,-0.17815037981516135,0.04414035711896879,0.0018055626378654403,1.6260991595701895e-5,0.0008326640959421645,0.06858233709730922,-0.06918901205062866,0.07217025756835938,-0.11032062768936157,0.07031357288360596,0.45567795634269714,0.1255664825439453,0.03945048898458481,0.6724503636360168,-0.9495705366134644,0.5897133350372314,0.5021541714668274,-0.7472458481788635
0.05475799999999998,0.0034223749999999996,16.0,0.7374180376072015,-0.13538606031136177,0.04413508603167994,0.0019040531919835937,1.723260866114173e-5,0.0008781209959497101,0.06858222490168592,-0.07112792134284973,0.07376588135957718,-0.11094075441360474,0.0756809413433075,0.4086902439594269,0.09912252426147461,0.10214492678642273,0.6442941427230835,-0.7712488770484924,0.6463861465454102,0.42451703548431396,-0.7239773869514465
0.05475799999999998,0.0034223749999999996,16.0,0.6937953609927066,-0.09179903740574484,0.04413814883121936,0.0018798631806784165,1.787567850251912e-5,0.0008675102753857252,0.06858193853088673,-0.07953029870986938,0.07450242340564728,-0.11071360111236572,0.05297020077705383,0.4305580258369446,0.14360785484313965,0.12205369770526886,0.6735469698905945,-0.8090887069702148,0.6518452167510986,0.4779393970966339,-0.7308472990989685
0.05475799999999998,0.0034223749999999996,16.0,0.6486383317161141,-0.048726931527114034,0.041497131843966376,0.0017587041914680862,2.9996115792646012e-5,0.0008065186779263572,0.06865943373238441,-0.09097632765769958,0.09005073457956314,-0.11854898929595947,0.015124857425689697,0.5476781129837036,0.4044654369354248,-0.0727706104516983,0.7798928022384644,-1.5425087213516235,0.582991361618042,0.9129900932312012,-0.801224410533905
0.05475799999999998,0.0034223749999999996,16.0,0.6033937980635862,-0.0035041416196264327,0.041421681859535105,0.00010356445709528938,1.7570086875584197e-6,4.74856802860048e-5,0.06865982018743383,-0.11261290311813354,0.12255765497684479,-0.12631985545158386,-0.08820235729217529,0.610840916633606,0.9782872200012207,-0.38855230808258057,0.95960533618927,-2.5051536560058594,0.29898810386657715,1.4041788578033447,-0.8799734115600586
0.05475799999999998,0.0034223749999999996,16.0,0.6489767087974411,0.04300597819130406,0.04403219640689803,-0.0017085498901050497,-2.561910750661859e-5,-0.0007893556220225422,0.06856300798440763,-0.18824034929275513,0.021414238959550858,-0.15349188446998596,0.21331694722175598,-0.8473223447799683,0.1232144832611084,1.4673773050308228,0.0037978291511535645,-0.835298478603363,1.005953073501587,0.6598197817802429,-0.2166619896888733
0.05475799999999998,0.0034223749999999996,16.0,0.6932478821837114,0.08750608406275534,0.04400005144398747,-0.0018990287307781512,-2.559509740074494e-5,-0.0008804338087953435,0.06854852525271461,-0.23542651534080505,0.04836799576878548,-0.14395418763160706,0.43140697479248047,-1.0476590394973755,0.398531436920166,1.137258529663086,-0.025618135929107666,-1.4925938844680786,1.3517038822174072,1.0132465362548828,-0.40349867939949036
0.05475799999999998,0.0034223749999999996,16.0,0.7367413874791648,0.13118305890676343,0.04406664532860828,-0.0018868254969801972,-2.308411604491194e-5,-0.00087364325611033,0.0685357273642491,-0.26301637291908264,0.07097653299570084,-0.12740051746368408,0.640141487121582,-1.0927269458770752,0.5708049535751343,0.9743692874908447,-0.006820738315582275,-1.8828837871551514,1.4575252532958984,1.1625981330871582,-0.6327073574066162
0.05475799999999998,0.0034223749999999996,16.0,0.7794763376789491,0.1739965969841332,0.044084366707754265,-0.0017783469981570515,-2.1369809938030105e-5,-0.000822937043620812,0.0685326074741257,-0.2780836522579193,0.0883600041270256,-0.11839395761489868,0.7413330078125,-1.1328346729278564,0.6740264892578125,0.9876901507377625,-0.013992369174957275,-2.088991641998291,1.4259474277496338,1.220884084701538,-0.7286680340766907
0.05475799999999998,0.0034223749999999996,16.0,0.8213971599382459,0.21595869428947592,0.04409387720570801,-0.0016265552597591365,-1.95265122903851e-5,-0.0007523945256606772,0.06853113124775803,-0.2806028425693512,0.09655377268791199,-0.11691659688949585,0.7684694528579712,-1.1320439577102661,0.7142226696014404,1.007211685180664,-0.018080174922943115,-2.13810658454895,1.4118292331695557,1.2341872453689575,-0.7521510720252991
0.05475799999999998,0.0034223749999999996,16.0,0.8624895964147157,0.25707359806155133,0.04408207621225802,-0.0014422023950997798,-1.7419724848719106e-5,-0.0006672664799234878,0.0685315629530579,-0.282141774892807,0.10134715586900711,-0.11972638964653015,0.7484917640686035,-1.1532946825027466,0.7287607192993164,1.0195751190185547,-0.005758404731750488,-2.1251423358917236,1.4159832000732422,1.2337778806686401,-0.7441802620887756
0.05475799999999998,0.0034223749999999996,16.0,0.9027631707636314,0.29736081772349726,0.04410203494764952,-0.0013574281180961678,-1.6469483515219356e-5,-0.0006275297301822168,0.06852876335314012,-0.27921685576438904,0.10576648265123367,-0.12053164839744568,0.7578233480453491,-1.1251888275146484,0.7475857734680176,1.0445516109466553,-0.009222269058227539,-2.119955062866211,1.4117794036865234,1.222622275352478,-0.7500004172325134
0.05475799999999998,0.0034223749999999996,16.0,0.9422027522718135,0.33679690542793883,0.0440639300250904,-0.0011606299989276303,-1.410591345300342e-5,-0.0005363188766594163,0.06852831697301624,-0.27687087655067444,0.11112513393163681,-0.1190636157989502,0.7978675961494446,-1.077682614326477,0.7755594253540039,1.0513291358947754,-0.022819578647613525,-2.1549887657165527,1.4137177467346191,1.2355355024337769,-0.7767899036407471
0.05475799999999998,0.0034223749999999996,16.0,0.9808056962160923,0.375421811156477,0.044065795916554455,-0.0010096821157341777,-1.2312722724433365e-5,-0.0004663979125023343,0.06852729519026617,-0.2776963412761688,0.11691079288721085,-0.1184130609035492,0.8174164891242981,-1.0734115839004517,0.8141516447067261,1.076380729675293,-0.026646673679351807,-2.1884970664978027,1.3951897621154785,1.2558801174163818,-0.7928363680839539
0.05475799999999998,0.0034223749999999996,16.0,1.018577439527177,0.4132154999326651,0.04406750381819246,-0.0008207390273331467,-1.003632142096463e-5,-0.0003789862291300424,0.06852624774451074,-0.27855297923088074,0.12273763120174408,-0.1177254319190979,0.8376182317733765,-1.0669338703155518,0.8520009517669678,1.0992342233657837,-0.03090667724609375,-2.2213916778564453,1.3775086402893066,1.275456190109253,-0.8091088533401489
0.05475799999999998,0.0034223749999999996,16.0,1.0555178822502376,0.450177561100249,0.04406877263254759,-0.0006530549956022249,-8.011734199438828e-6,-0.00030145236677342984,0.06852522977813771,-0.2793944776058197,0.12840762734413147,-0.11718863248825073,0.8566184043884277,-1.0592567920684814,0.8893774747848511,1.12290358543396,-0.035451531410217285,-2.2518835067749023,1.360039234161377,1.2947078943252563,-0.8238808512687683
0.05475799999999998,0.0034223749999999996,16.0,1.0916259289619492,0.4863096641853521,0.04407187317013456,-0.000493181743276979,-6.069301723196051e-6,-0.00022757066285990706,0.06852410631762272,-0.28054317831993103,0.13427120447158813,-0.11639034748077393,0.8765124082565308,-1.0518431663513184,0.930394172668457,1.147983431816101,-0.040430307388305664,-2.286005973815918,1.3416564464569092,1.3154743909835815,-0.8391373753547668
0.05475799999999998,0.0034223749999999996,16.0,1.1269024205068092,0.5216072844980691,0.044066815557801106,-0.0003389269427631111,-4.185125725084083e-6,-0.00015632572389509726,0.06852301915637785,-0.28199490904808044,0.14038705825805664,-0.11545690894126892,0.8958433270454407,-1.0453845262527466,0.9782029390335083,1.178664207458496,-0.04657548666000366,-2.3247597217559814,1.3204045295715332,1.338884711265564,-0.8526872396469116
0.05475799999999998,0.0034223749999999996,16.0,1.1613398527250611,0.5560841073843593,0.044102590206921984,-0.00019011107191894996,-2.338918534297873e-6,-8.757774418764822e-5,0.06851965590098531,-0.28398004174232483,0.14706449210643768,-0.11430156230926514,0.9149330854415894,-1.0407447814941406,1.038323163986206,1.2183189392089844,-0.05481845140457153,-2.3727540969848633,1.2939460277557373,1.365964412689209,-0.8639417886734009
0.05475799999999998,0.0034223749999999996,16.0,1.1949352288077513,0.5897335581113801,0.044120170629360654,-5.6690193775083606e-5,-7.007856836316842e-7,-2.608679765643204e-5,0.06851898685548027,-0.29346105456352234,0.15578241646289825,-0.10347029566764832,0.9969120025634766,-1.0443247556686401,1.1619254350662231,1.3144564628601074,-0.10305529832839966,-2.5318665504455566,1.1868712902069092,1.5042290687561035,-0.899682879447937
0.05475799999999998,0.0034223749999999996,16.0,1.2277039591375898,0.6225569232915664,0.04416396736744133,0.00012242569946449076,1.5069961204707805e-6,5.6231808673054e-5,0.06851718110469159,-0.3052648603916168,0.16655929386615753,-0.09027749300003052,1.0660309791564941,-1.0735094547271729,1.3258564472198486,1.3946486711502075,-0.14815205335617065,-2.7087037563323975,1.0198934078216553,1.6537033319473267,-0.925942599773407
0.05475799999999998,0.0034223749999999996,16.0,1.259675756817306,0.6528236716157124,0.04150429799321009,0.00028835316466672777,4.894974523472149e-6,0.00013225011368165373,0.06865801232112706,-0.3097626268863678,0.17685453593730927,-0.07262557744979858,1.1102221012115479,-1.1105995178222656,1.486183524131775,1.4427179098129272,-0.19566911458969116,-2.8525888919830322,0.7841575145721436,1.8258991241455078,-0.924898624420166
0.05475799999999998,0.0034223749999999996,16.0,1.2907992766833523,0.6839481512521025,0.041508112187874445,0.0004558894112797562,7.73877655224023e-6,0.0002090852711521987,0.06865815505085417,-0.31852206587791443,0.18826168775558472,-0.06427207589149475,1.1308629512786865,-1.1347824335098267,1.6326767206192017,1.4821025133132935,-0.21918249130249023,-2.967101812362671,0.6471831798553467,1.8969190120697021,-0.9232706427574158
0.05475799999999998,0.0034223749999999996,16.0,1.321091773591011,0.7142423510636583,0.04151223032681359,0.000654132476090162,1.1105288570289144e-5,0.0003000058298356538,0.06865817877787148,-0.3215614855289459,0.19729968905448914,-0.05061763525009155,1.1891981363296509,-1.0983299016952515,1.736569881439209,1.51372230052948,-0.25884366035461426,-3.0916521549224854,0.5330793857574463,1.9771270751953125,-0.943324089050293
0.05475799999999998,0.0034223749999999996,16.0,1.3505529699106473,0.7437067889795833,0.04151833165114833,0.000795520597901371,1.350925730842159e-5,0.0003648587464148452,0.06865808662139365,-0.3240971267223358,0.20600637793540955,-0.03890833258628845,1.2308632135391235,-1.0968865156173706,1.812079906463623,1.518583059310913,-0.2780018448829651,-3.1902623176574707,0.4587090015411377,2.0572385787963867,-0.9667198657989502
0.05475799999999998,0.0034223749999999996,16.0,1.379182307935114,0.7723450285935068,0.04153527175071551,0.0009760832214574682,1.658379980500684e-5,0.0004476893056286221,0.06865788983359906,-0.3247860372066498,0.21444588899612427,-0.020459383726119995,1.2978018522262573,-1.0661752223968506,1.894378662109375,1.5340298414230347,-0.3105030059814453,-3.334765672683716,0.3798518180847168,2.1575915813446045,-1.0023037195205688
0.05475799999999998,0.0034223749999999996,16.0,1.4069819579081293,0.8001429499599555,0.04153359516145749,0.0011152596579454832,1.8943036841033586e-5,0.0005115193778417519,0.06865789974301348,-0.327452152967453,0.22423399984836578,-0.012179821729660034,1.2840200662612915,-1.1514217853546143,1.9941413402557373,1.5427178144454956,-0.3086842894554138,-3.403215169906616,0.29604339599609375,2.2175452709198,-0.9905508160591125
0.05475799999999998,0.0034223749999999996,16.0,1.4339508780555914,0.8271082374633607,0.04152838098722411,0.0012703705588826123,2.1567965142495968e-5,0.0005826516886971845,0.06865791170739037,-0.305893212556839,0.20351175963878632,0.013632655143737793,1.348016381263733,-1.0925832986831665,2.078209638595581,1.413835048675537,-0.33729439973831177,-3.471524715423584,0.10638022422790527,2.4550607204437256,-1.027579426765442
0.05475799999999998,0.0034223749999999996,16.0,1.460090139322094,0.8532470115010707,0.04153649772728694,0.0014563026640373267,2.4687789756292572e-5,0.0006679239471223632,0.06865744573321515,-0.28078100085258484,0.17464579641819,0.053812116384506226,1.4404863119125366,-0.9099822044372559,2.0769777297973633,1.2576894760131836,-0.35698604583740234,-3.5744290351867676,-0.09223484992980957,2.7303781509399414,-1.1026272773742676
0.05475799999999998,0.0034223749999999996,16.0,1.48539843250337,0.8785529356509139,0.0415415748206125,0.0016450306174251431,2.7838635021626026e-5,0.0007544657437605243,0.0686570255934097,-0.2542518675327301,0.14309842884540558,0.08002832531929016,1.4559293985366821,-0.820765495300293,2.084216356277466,1.0937598943710327,-0.3340532183647156,-3.5556862354278564,-0.267972469329834,2.9300878047943115,-1.1421093940734863
0.05475799999999998,0.0034223749999999996,16.0,1.5098741868806849,0.9030336254508837,0.041560509528984255,0.0018547628273105192,3.134694995202676e-5,0.0008506487130813517,0.06865660256098383,-0.23946312069892883,0.10853283107280731,0.10473671555519104,1.447561502456665,-0.7122898101806641,2.0968546867370605,0.8690493702888489,-0.28716498613357544,-3.525219202041626,-0.4641057252883911,3.1305880546569824,-1.1821154356002808
0.05475799999999998,0.0034223749999999996,16.0,1.5335197713834767,0.9266816147852561,0.04157355200220359,0.0020100595106316227,3.391880216418004e-5,0.000921874129095346,0.0686559954821786,-0.2186354696750641,0.07885857671499252,0.12702885270118713,1.4385135173797607,-0.5895121097564697,2.029057741165161,0.7161304950714111,-0.2394883632659912,-3.455800771713257,-0.563063383102417,3.2378017902374268,-1.2212170362472534
0.05475799999999998,0.0034223749999999996,16.0,1.556333318488365,0.9494955974076122,0.04158068224930478,0.0022077171975449744,3.721528461814973e-5,0.0010125147911837764,0.06865569634259422,-0.209740549325943,0.057336144149303436,0.21673956513404846,1.1110806465148926,1.0858744382858276,1.682300329208374,-0.010907068848609924,-0.3190354108810425,-3.713228702545166,0.45893383026123047,2.09416127204895,-0.804222047328949
0.05475799999999998,0.0034223749999999996,16.0,1.5783155058482905,0.9714792661388966,0.04158881918432278,0.002408009809347742,4.0553854291822765e-5,0.001104371166577247,0.0686553449494978,-0.19427037239074707,0.04899182915687561,0.2206139862537384,1.1300764083862305,1.1199589967727661,1.52595853805542,-0.0929313451051712,-0.31530100107192993,-3.635080575942993,0.501990556716919,2.1385958194732666,-0.8269100785255432
0.05475799999999998,0.0034223749999999996,16.0,1.5994654393775118,0.992633472737041,0.04159908862501097,0.0026192654921230987,4.410901431036259e-5,0.0012012853825356204,0.06865507317736685,-0.17243105173110962,0.0431242361664772,0.2199980914592743,1.1557905673980713,1.102683663368225,1.3297345638275146,-0.14156532287597656,-0.30591249465942383,-3.5119991302490234,0.5497009754180908,2.1666719913482666,-0.8616157174110413
0.05475799999999998,0.0034223749999999996,16.0,1.619785126332178,1.0129001349810558,0.0414827250893311,0.0028318777190584777,4.767473796122864e-5,0.0012985365900979845,0.06865726595450951,-0.17265373468399048,0.03734130412340164,0.22309646010398865,1.1329658031463623,1.1419404745101929,1.3083165884017944,-0.22304557263851166,-0.31566864252090454,-3.4881348609924316,0.537081241607666,2.207268238067627,-0.8292350769042969
0.05475799999999998,0.0034223749999999996,16.0,1.6392698965779084,1.032450913355712,0.04162790356220765,0.0029970046945617663,5.047814915986984e-5,0.0013745761761185568,0.06865475604388843,-0.16609737277030945,0.03383835777640343,0.22742393612861633,1.138307809829712,1.1732265949249268,1.2225909233093262,-0.2799246609210968,-0.31888318061828613,-3.4430203437805176,0.5473055839538574,2.221693992614746,-0.8312698006629944
0.05475799999999998,0.0034223749999999996,16.0,1.6579261637468807,1.0511175354369502,0.041651081251059596,0.0031839196354354776,5.3617764759782606e-5,0.0014603622680994036,0.06865421488270948,-0.17344853281974792,0.037645407021045685,0.23881039023399353,1.1447219848632812,1.2599282264709473,1.2329928874969482,-0.32713940739631653,-0.33087998628616333,-3.5075151920318604,0.5477993488311768,2.2463669776916504,-0.8259122967720032
0.05475799999999998,0.0034223749999999996,16.0,1.6757500289888096,1.068944856362092,0.041656822330032414,0.0033469592261475807,5.6381823697410695e-5,0.0015351515284260083,0.0686542889703868,-0.17004632949829102,0.035632286220788956,0.22925981879234314,1.1218571662902832,1.199602723121643,1.2199279069900513,-0.3412809371948242,-0.3198561668395996,-3.4523210525512695,0.5511016845703125,2.276811122894287,-0.8139588832855225
0.05475799999999998,0.0034223749999999996,16.0,1.692743588295255,1.0859372579264357,0.04165421656884713,0.003537097547378767,5.9585704416234184e-5,0.0016223554717694484,0.06865433517708362,-0.1722521185874939,0.03948405757546425,0.23749306797981262,1.1331119537353516,1.2546699047088623,1.199320673942566,-0.3683949410915375,-0.32079148292541504,-3.4905917644500732,0.5602390766143799,2.28104305267334,-0.8243657350540161
0.05475799999999998,0.0034223749999999996,16.0,1.7089057829609908,1.1021167923070638,0.04169201560923172,0.003704553868901143,6.242030923007623e-5,0.0016992660811767876,0.06865364646370926,-0.17122754454612732,0.044628214091062546,0.24635383486747742,1.1524019241333008,1.2809022665023804,1.1526442766189575,-0.38317373394966125,-0.31728219985961914,-3.521829128265381,0.5642426013946533,2.2818703651428223,-0.8471434116363525
0.05475799999999998,0.0034223749999999996,16.0,1.7242390131258407,1.11737440939792,0.041526945717480904,0.0038711456739030856,6.517921178056137e-5,0.0017752203520309553,0.06865651215845794,-0.16934707760810852,0.04448322206735611,0.2435198724269867,1.1425554752349854,1.2610740661621094,1.1378960609436035,-0.40048521757125854,-0.3082708716392517,-3.5023841857910156,0.5650370121002197,2.2933764457702637,-0.8462945818901062
0.05475799999999998,0.0034223749999999996,16.0,1.7387391575910243,1.1318816117959465,0.041543126364340016,0.004001506111040582,6.736229434923463e-5,0.0018350544469838152,0.06865612261080445,-0.162058025598526,0.04251205548644066,0.2378213107585907,1.13812255859375,1.216969609260559,1.0810911655426025,-0.4050220251083374,-0.29119616746902466,-3.444457530975342,0.5774211883544922,2.2876930236816406,-0.8586965799331665
0.05475799999999998,0.0034223749999999996,16.0,1.7524081301855252,1.1455579389239448,0.04155988736117345,0.00411880162099868,6.932264469882246e-5,0.0018888988540695355,0.06865572278772031,-0.15487980842590332,0.039869219064712524,0.22993645071983337,1.129382610321045,1.1451548337936401,1.0238534212112427,-0.4157904088497162,-0.27258098125457764,-3.3785383701324463,0.5833444595336914,2.2870125770568848,-0.8683431148529053
0.05475799999999998,0.0034223749999999996,16.0,1.7652472278742422,1.1585060291936935,0.041801102841366955,0.00424388856646664,7.144631209087263e-5,0.0019469818749871196,0.06865084846945485,-0.1410473883152008,0.03939000517129898,0.2244759500026703,1.1430017948150635,1.0615804195404053,0.8979692459106445,-0.4131193459033966,-0.25154268741607666,-3.2917697429656982,0.5978035926818848,2.257408857345581,-0.9024133086204529
0.05475799999999998,0.0034223749999999996,16.0,1.7772538426521056,1.1704116696036853,0.041580694080692655,0.00437614055175724,7.360296176730424e-5,0.002006998256642213,0.06865492252827732,-0.1369169056415558,0.042533617466688156,0.22961845993995667,1.1615939140319824,1.0858492851257324,0.8309304714202881,-0.4176880717277527,-0.2483808398246765,-3.2826755046844482,0.6156055927276611,2.2365927696228027,-0.9239178895950317
0.05475799999999998,0.0034223749999999996,16.0,1.7884301439468762,1.1815536135680065,0.04150526245531154,0.004510906012443329,7.586205190718456e-5,0.0020685438797887518,0.06865627718255339,-0.13227805495262146,0.04507403448224068,0.2327153980731964,1.1758315563201904,1.0928595066070557,0.7700991630554199,-0.4173104465007782,-0.24467724561691284,-3.2639341354370117,0.6256742477416992,2.2150514125823975,-0.9415887594223022
0.05475799999999998,0.0034223749999999996,16.0,1.7987751252746258,1.1918816200159883,0.04146834505731327,0.004640989394812632,7.804284351795643e-5,0.0021280572369852847,0.06865688635276791,-0.12298226356506348,0.04793497920036316,0.2335543930530548,1.1931657791137695,1.0584161281585693,0.6752303838729858,-0.4038234055042267,-0.23544824123382568,-3.207507371902466,0.6277880668640137,2.1710917949676514,-0.9676252603530884
0.05475799999999998,0.0034223749999999996,16.0,1.8082869739851357,1.2014446989419927,0.041581973298509545,0.0047916964616248475,8.055775357022449e-5,0.002197617171181748,0.06865458468148372,-0.11727142333984375,0.05198308452963829,0.23935088515281677,1.2157714366912842,1.053624153137207,0.5882954597473145,-0.4000416696071625,-0.22846537828445435,-3.177935838699341,0.6279196739196777,2.1213464736938477,-0.9967476725578308
0.05475799999999998,0.0034223749999999996,16.0,1.8174922560933713,1.2113950609041542,0.04531889625068841,0.004999623527111302,2.31271974595968e-5,0.0022936073497216596,0.06852352481022621,-0.11322912573814392,0.05601886287331581,0.232060045003891,1.2334321737289429,0.9991427659988403,0.5225986242294312,-0.3775179982185364,-0.22081029415130615,-3.11242413520813,0.6484389305114746,2.0601251125335693,-1.0214009284973145
0.05475799999999998,0.0034223749999999996,16.0,1.8253604185492303,1.219261168293837,0.04535556335363624,0.005229811465796525,2.424572542026006e-5,0.002399320655705324,0.06852413464017498,-0.10742798447608948,0.06013331934809685,0.2373744547367096,1.2525008916854858,0.9776416420936584,0.4290499687194824,-0.3809939920902252,-0.2125428318977356,-3.0677409172058105,0.6366176605224609,1.9943559169769287,-1.0481387376785278
0.05475799999999998,0.0034223749999999996,16.0,1.8323796754139,1.226294293508497,0.04537749711484549,0.005582539185158432,2.5569925545002786e-5,0.0025614529816644785,0.06852421096931946,-0.10896956920623779,0.06412111967802048,0.24508795142173767,1.2675285339355469,1.015217900276184,0.40185976028442383,-0.3945842385292053,-0.213212788105011,-3.084573745727539,0.6413447856903076,1.9693635702133179,-1.062358021736145
0.05475799999999998,0.0034223749999999996,16.0,1.8385844493964452,1.2324973229350507,0.04541026291963545,0.006171839406074015,2.8171481794552725e-5,0.0028320827388006154,0.0685248849378327,-0.10430434346199036,0.06724178045988083,0.24912217259407043,1.2798447608947754,0.9880268573760986,0.31716108322143555,-0.41387706995010376,-0.20347672700881958,-3.039196014404297,0.6281695365905762,1.9045535326004028,-1.083807349205017
0.05475799999999998,0.0034223749999999996,16.0,1.8439517811787174,1.237874388048248,0.04544468879053829,0.00751126399089629,3.354578356527366e-5,0.0034476445953508005,0.06852512813426631,-0.1032259464263916,0.07017233967781067,0.25165215134620667,1.2833366394042969,0.9924439191818237,0.2753174304962158,-0.44782713055610657,-0.19880372285842896,-3.021883964538574,0.6359970569610596,1.865544080734253,-1.0915944576263428
0.05475799999999998,0.0034223749999999996,16.0,1.848481700135196,1.2424011447858307,0.045450234651611125,0.013925329862061854,5.249496148384653e-5,0.006397957373628733,0.06852582559717715,-0.09934031963348389,0.07038742303848267,0.24780943989753723,1.2603473663330078,0.9573148488998413,0.15643525123596191,-0.6134535074234009,-0.17996037006378174,-2.9501445293426514,0.6833591461181641,1.7885363101959229,-1.0861947536468506
0.05475799999999998,0.0034223749999999996,16.0,1.8178656431099527,-1.246799446145162,0.03010043576073123,-0.013932177233992787,-0.0001571940534247569,-0.0064247035071072125,0.06858780647471155,0.0274774432182312,0.12924566864967346,-0.08894962072372437,0.7268575429916382,1.069130301475525,-0.5734896659851074,0.6214852333068848,0.050606995820999146,-1.1893706321716309,0.30616140365600586,1.277323603630066,-0.7864134907722473
0.05475799999999998,0.0034223749999999996,16.0,1.8133429487456942,-1.242292235803804,0.030060862420143917,-0.007513755887612074,-8.462225369542803e-5,-0.0034645932669747307,0.06858830111748364,0.026343613862991333,0.13366883993148804,-0.0857062041759491,0.7390938997268677,1.1302496194839478,-0.547020673751831,0.6030734181404114,0.03914409875869751,-1.2682781219482422,0.3613903522491455,1.2937722206115723,-0.7871048450469971
0.05475799999999998,0.0034223749999999996,16.0,1.8079878569421606,-1.2369459968362497,0.030037895860368737,-0.006170212155242294,-6.942149918710167e-5,-0.0028449449257689236,0.06858857925354885,0.024146974086761475,0.13530240952968597,-0.08326300978660583,0.7462793588638306,1.2075393199920654,-0.4834904670715332,0.5955196619033813,0.019560307264328003,-1.330291509628296,0.3569917678833008,1.3265186548233032,-0.7750723958015442
0.05475799999999998,0.0034223749999999996,16.0,1.801801213439595,-1.2307665320282788,0.03001969061825646,-0.005578692152899568,-6.271597830221875e-5,-0.0025721037362817427,0.06858881833092421,0.022940725088119507,0.13566984236240387,-0.08272260427474976,0.748271107673645,1.2405660152435303,-0.4537792205810547,0.5964214205741882,0.010866343975067139,-1.3565099239349365,0.3552255630493164,1.3350903987884521,-0.7685298323631287
0.05475799999999998,0.0034223749999999996,16.0,1.7947817900175431,-1.2237465314180889,0.030021646469066274,-0.005233486452036774,-5.884711254898431e-5,-0.0024129653003497884,0.06858880715971975,0.020651310682296753,0.13516037166118622,-0.08272352814674377,0.7484561204910278,1.286601185798645,-0.4051361083984375,0.6061583161354065,-0.0023148655891418457,-1.3850083351135254,0.3473548889160156,1.337015151977539,-0.7558159232139587
0.05475799999999998,0.0034223749999999996,16.0,1.7869321106374214,-1.2159011166413287,0.030011158351691797,-0.005006962799211958,-5.627599809849517e-5,-0.0023084756623415656,0.06858895216681495,-0.2915712296962738,-0.31504034996032715,-0.8417149186134338,-1.1135189533233643,-0.7873244285583496,-0.15575337409973145,0.2374885082244873,1.536681890487671,3.0616302490234375,-1.0677790641784668,2.084444761276245,-0.44120141863822937
0.05475799999999998,0.0034223749999999996,16.0,1.7782510425458362,-1.2072234116217475,0.030002872912356985,-0.004806996014240781,-5.401306151296567e-5,-0.0022162486461393908,0.06858906417091622,-0.29045525193214417,-0.324611634016037,-0.8617725372314453,-1.106414794921875,-0.8529745936393738,-0.1959075927734375,0.2146802544593811,1.528174638748169,3.0878942012786865,-1.0938706398010254,2.09995698928833,-0.44014954566955566
0.05475799999999998,0.0034223749999999996,16.0,1.768738556980275,-1.197713392696569,0.029997175283136203,-0.004656837402127256,-5.231591684370703e-5,-0.0021469991369480875,0.06858915357461011,-0.2898147404193878,-0.329773873090744,-0.8725372552871704,-1.102636694908142,-0.8882415890693665,-0.21790051460266113,0.20251169800758362,1.5239646434783936,3.102147340774536,-1.108424186706543,2.107853651046753,-0.43989986181259155
0.05475799999999998,0.0034223749999999996,16.0,1.7583948038729806,-1.187372130912381,0.02999172488912417,-0.004522390061924428,-5.0795937149674985e-5,-0.002084996820145322,0.06858924832512948,-0.2890639007091522,-0.33520200848579407,-0.8840144872665405,-1.0979827642440796,-0.9259997010231018,-0.2414412498474121,0.18944744765758514,1.5186314582824707,3.117058515548706,-1.1237502098083496,2.11612606048584,-0.43941718339920044
0.05475799999999998,0.0034223749999999996,16.0,1.7472198332013675,-1.1761994406387861,0.0299867657016985,-0.004388166204392633,-4.92796095537247e-5,-0.0020230986724401414,0.06858933690184907,-0.2894652783870697,-0.3328167498111725,-0.8789706230163574,-1.1007930040359497,-0.9091700911521912,-0.23138189315795898,0.19574598968029022,1.5220131874084473,3.1106581687927246,-1.1177103519439697,2.1122920513153076,-0.43989798426628113
0.05475799999999998,0.0034223749999999996,16.0,1.7352130464604008,-1.1641926668511495,0.02998840496088786,-0.004263800115384901,-4.7889748553912765e-5,-0.0019657758156628896,0.06858937146099181,-0.29008880257606506,-0.32900890707969666,-0.8708428144454956,-1.1052464246749878,-0.8820950388908386,-0.21558451652526855,0.20545148849487305,1.5274851322174072,3.1005184650421143,-1.108285903930664,2.1056158542633057,-0.4407665431499481
0.05475799999999998,0.0034223749999999996,16.0,1.7223756282167944,-1.1513567026443152,0.02998527249895258,-0.004136930027231081,-4.6457743569598817e-5,-0.0019072740043138596,0.06858942770388456,-0.290015310049057,-0.33008745312690735,-0.8729434013366699,-1.1052294969558716,-0.8888521790504456,-0.2206106185913086,0.2029043585062027,1.5276496410369873,3.103715658187866,-1.1121431589126587,2.1063406467437744,-0.4409727454185486
0.05475799999999998,0.0034223749999999996,16.0,1.7087065997291853,-1.1376865466050428,0.029988472685383995,-0.004027700531310134,-4.523818723993554e-5,-0.0018569215288982868,0.06858941472272519,-0.29053691029548645,-0.327021062374115,-0.8662921786308289,-1.1090970039367676,-0.8666878938674927,-0.2081465721130371,0.21043482422828674,1.5323939323425293,3.095709800720215,-1.1049634218215942,2.1003518104553223,-0.44172176718711853
0.05475799999999998,0.0034223749999999996,16.0,1.6942068660987466,-1.123187861174373,0.029985746162446578,-0.0038891960334602573,-4.3676127413501055e-5,-0.0017930583867668234,0.06858943580081704,-0.2904013693332672,-0.3281591236591339,-0.8686234951019287,-1.1082347631454468,-0.8743998408317566,-0.2128915786743164,0.20753267407417297,1.5312764644622803,3.098808765411377,-1.1079636812210083,2.1021270751953125,-0.44150570034980774
0.05475799999999998,0.0034223749999999996,16.0,1.678875376371851,-1.107855443091508,0.02998887699246628,-0.003714089457711787,-4.17154804695367e-5,-0.0017123374405695845,0.06858942425526891,-0.29005953669548035,-0.33004024624824524,-0.872789740562439,-1.105497121810913,-0.8881438970565796,-0.22047066688537598,0.20271733403205872,1.5281803607940674,3.1038687229156494,-1.112452507019043,2.1059532165527344,-0.4412331283092499
0.05475799999999998,0.0034223749999999996,16.0,1.6627128332921408,-1.0916916960660865,0.02999173610854371,-0.0035503767752402336,-3.98831982111498e-5,-0.0016368675444634047,0.06858938671674253,-0.28989890217781067,-0.3310817778110504,-0.8750564455986023,-1.1043214797973633,-0.8956905603408813,-0.2247159481048584,0.20026272535324097,1.526693344116211,3.1066057682037354,-1.1149684190750122,2.108062267303467,-0.4409659206867218
0.05475799999999998,0.0034223749999999996,16.0,1.6457194810349833,-1.0746996444456383,0.029988460038038324,-0.003364204018532277,-3.778707300211234e-5,-0.001551024968275365,0.06858942910114371,-0.28985777497291565,-0.3315725326538086,-0.8760069608688354,-1.1042134761810303,-0.8988357186317444,-0.2269272804260254,0.19915802776813507,1.5266616344451904,3.108038902282715,-1.1166059970855713,2.108487844467163,-0.44105449318885803
0.05475799999999998,0.0034223749999999996,16.0,1.6278947714807368,-1.0568748105598236,0.029988628125341966,-0.00318783239383239,-3.580567991193952e-5,-0.0014697119338733854,0.06858941496087173,-0.2897619307041168,-0.332257479429245,-0.87739098072052,-1.1036344766616821,-0.9034498929977417,-0.22978782653808594,0.1974688023328781,1.526102066040039,3.109940528869629,-1.1184422969818115,2.109459400177002,-0.441098153591156
0.05475799999999998,0.0034223749999999996,16.0,1.6092386183418652,-1.0382172367364546,0.029992063715594246,-0.0030041742580873476,-3.37490130474951e-5,-0.0013850454272945787,0.06858937341035648,-0.2906082570552826,-0.32655662298202515,-0.865351140499115,-1.1093525886535645,-0.8635367155075073,-0.2057347297668457,0.21195124089717865,1.5334839820861816,3.0947563648223877,-1.10379159450531,2.1001899242401123,-0.4425514042377472
0.05475799999999998,0.0034223749999999996,16.0,1.5897514075664005,-1.0187299289640084,0.029992405601906014,-0.002840106676927133,-3.190774464363101e-5,-0.0013094048320045793,0.06858937214079741,-0.29063525795936584,-0.3269343674182892,-0.8660131692886353,-1.1097872257232666,-0.8657974004745483,-0.20736980438232422,0.21151615679264069,1.5341370105743408,3.0959982872009277,-1.105190396308899,2.100489377975464,-0.4427780508995056
0.05475799999999998,0.0034223749999999996,16.0,1.569433248696676,-0.998413317966201,0.02998895899622364,-0.0026249902112547904,-2.9486816475545812e-5,-0.0012102158772622524,0.06858943027905237,-0.29064854979515076,-0.3271186947822571,-0.8663349151611328,-1.1099250316619873,-0.8671128749847412,-0.2076854705810547,0.21162061393260956,1.534470558166504,3.0965280532836914,-1.1053999662399292,2.1012558937072754,-0.44298508763313293
0.05475799999999998,0.0034223749999999996,16.0,1.5482836413465795,-0.9772639491817617,0.02998859548703058,-0.002411382841238704,-2.7089932425779218e-5,-0.0011117347485747522,0.06858943974165221,-0.2905205190181732,-0.32827335596084595,-0.8688896894454956,-1.1089388132095337,-0.8760113716125488,-0.2115168571472168,0.2100393921136856,1.5332632064819336,3.0995025634765625,-1.1076312065124512,2.1048264503479004,-0.44282686710357666
0.05475799999999998,0.0034223749999999996,16.0,1.5263026291698525,-0.9552819544898676,0.029991271828564238,-0.0022085428898348893,-2.481844829257667e-5,-0.0010182211652978784,0.06858941800649007,-0.2903834879398346,-0.3295615017414093,-0.871363639831543,-1.1084641218185425,-0.8843368291854858,-0.217087984085083,0.20702655613422394,1.5331246852874756,3.1031713485717773,-1.111556887626648,2.106027841567993,-0.44319844245910645
0.05475799999999998,0.0034223749999999996,16.0,1.5034905083591714,-0.9324704696162847,0.02999073411238416,-0.0020062195726580556,-2.2547747183784377e-5,-0.0009249408013758661,0.06858945502291015,-0.2905348837375641,-0.3296482264995575,-0.8712091445922852,-1.1100742816925049,-0.8844204545021057,-0.2166738510131836,0.20831149816513062,1.535538673400879,3.1036434173583984,-1.1119521856307983,2.1062588691711426,-0.44400015473365784
0.05475799999999998,0.0034223749999999996,16.0,1.4798471860993379,-0.9088281811749644,0.02998961890208198,-0.0018439777360299216,-2.072644510629809e-5,-0.0008501368456839436,0.06858951292729919,-0.2905484139919281,-0.33080413937568665,-0.8730475902557373,-1.1110801696777344,-0.8912644982337952,-0.22066807746887207,0.2067648023366928,1.5374553203582764,3.1070351600646973,-1.1154545545578003,2.1075007915496826,-0.4449344873428345
0.05475799999999998,0.0034223749999999996,16.0,1.455372668306046,-0.8843549229145077,0.029987908042597013,-0.0016457586597823164,-1.8500568964117766e-5,-0.0007587492524318599,0.06858956220329387,-0.2906753122806549,-0.33134788274765015,-0.8737213611602783,-1.1127233505249023,-0.894497275352478,-0.22142362594604492,0.20733080804347992,1.5399713516235352,3.1085259914398193,-1.1165478229522705,2.1090474128723145,-0.4458225667476654
0.05475799999999998,0.0034223749999999996,16.0,1.4300671212306941,-0.8590515826989792,0.02998375155364199,-0.0014624146830243738,-1.643895940107554e-5,-0.0006742164224471992,0.0685896431653596,-0.2933979332447052,-0.3191971182823181,-0.8458472490310669,-1.1356258392333984,-0.806820273399353,-0.16432571411132812,0.24871677160263062,1.5722274780273438,3.0767111778259277,-1.0860477685928345,2.0913445949554443,-0.45469674468040466
0.05475799999999998,0.0034223749999999996,16.0,1.4039303474114984,-0.8329151855462958,0.02998313876934572,-0.0012810659794719752,-1.440055519726443e-5,-0.0005906084009788585,0.0685896587669717,-0.2936617434024811,-0.3196925222873688,-0.8460389375686646,-1.1391998529434204,-0.8091540336608887,-0.16373109817504883,0.2506602704524994,1.5776422023773193,3.0776028633117676,-1.0871353149414062,2.0933926105499268,-0.4565419852733612
0.05475799999999998,0.0034223749999999996,16.0,1.376960859561407,-0.8059416247409278,0.029996795454787444,-0.001130678745152929,-1.2723344020686004e-5,-0.0005212877360396381,0.0685896028947928,-0.29353436827659607,-0.3206334114074707,-0.8476936221122742,-1.1392104625701904,-0.8152016401290894,-0.1665806770324707,0.24917860329151154,1.5788402557373047,3.079228162765503,-1.0893785953521729,2.0959174633026123,-0.4577573537826538
0.05475799999999998,0.0034223749999999996,16.0,1.349162010246968,-0.7781440887105429,0.029993157099025683,-0.0009967366685888302,-1.1213376505626483e-5,-0.00045953206522609657,0.06858962887247622,-0.29320862889289856,-0.32229018211364746,-0.8510774374008179,-1.1372199058532715,-0.8261233568191528,-0.17392683029174805,0.24377094209194183,1.5767335891723633,3.083167791366577,-1.0939738750457764,2.097968101501465,-0.4576888680458069
0.05475799999999998,0.0034223749999999996,16.0,1.3205317199997662,-0.7495145672995638,0.029990989915149643,-0.0008225972757372953,-9.254187793674317e-6,-0.0003792461902065203,0.06858964782343097,-0.2931499183177948,-0.3228890895843506,-0.8523895740509033,-1.1372672319412231,-0.8309519290924072,-0.1752321720123291,0.24366985261440277,1.5772032737731934,3.083936929702759,-1.0949820280075073,2.1009180545806885,-0.4581480920314789
0.05475799999999998,0.0034223749999999996,16.0,1.2910700587881827,-0.7200525324813095,0.0299918854288183,-0.000690505611714275,-7.768493671212461e-6,-0.00031834671563287225,0.06858964682932174,-0.2930246889591217,-0.323598176240921,-0.8539385795593262,-1.1364872455596924,-0.835806667804718,-0.17858457565307617,0.24140450358390808,1.5761773586273193,3.085716485977173,-1.0971717834472656,2.101733446121216,-0.457923948764801
0.05475799999999998,0.0034223749999999996,16.0,1.2607776418443863,-0.6897614688034992,0.02998743866288139,-0.0005183368618814351,-5.830328406809753e-6,-0.00023896911309396573,0.06858967411241453,-0.2929327189922333,-0.32423028349876404,-0.8553978204727173,-1.1357661485671997,-0.8401807546615601,-0.18184113502502441,0.239160418510437,1.5749123096466064,3.0874955654144287,-1.0991755723953247,2.102263927459717,-0.45740020275115967
0.05475799999999998,0.0034223749999999996,16.0,1.2296537574492001,-0.6586381532328834,0.02998570985232515,-0.0003255805768059878,-3.661891135695449e-6,-0.00015010233516390286,0.06858967447097222,-0.29287829995155334,-0.3246462047100067,-0.8563645482063293,-1.135205626487732,-0.8435302376747131,-0.18280720710754395,0.2383783757686615,1.574258804321289,3.088529348373413,-1.0994741916656494,2.1039412021636963,-0.4573354125022888
0.05475799999999998,0.0034223749999999996,16.0,1.1976986840482176,-0.6266835916414213,0.02998408854420705,-0.00015220530802905564,-1.7116326575348221e-6,-7.017089491691427e-5,0.0685896892218836,-0.29294732213020325,-0.3244672119617462,-0.8560287356376648,-1.1357675790786743,-0.8424117565155029,-0.18181395530700684,0.23920126259326935,1.5749938488006592,3.08807110786438,-1.0990301370620728,2.1039750576019287,-0.4575060307979584
0.05475799999999998,0.0034223749999999996,16.0,1.164912300675697,-0.5938975849354131,0.029982982921408836,1.6876039601090543e-5,1.8977231407063817e-7,7.780321256239799e-6,0.06858969021415341,-0.2926885783672333,-0.3261171877384186,-0.8599379062652588,-1.1333063840866089,-0.8555478453636169,-0.18727421760559082,0.2356695532798767,1.5714049339294434,3.092069149017334,-1.1015726327896118,2.1095447540283203,-0.456476092338562
0.05475799999999998,0.0034223749999999996,16.0,1.131294556742256,-0.5602798125454445,0.029983161208184794,0.00018654214090856912,2.0977503630687724e-6,8.600120551780859e-5,0.06858969105840558,-0.29276958107948303,-0.32593825459480286,-0.8596165776252747,-1.1339200735092163,-0.8544301986694336,-0.18630266189575195,0.23644129931926727,1.5720829963684082,3.09163236618042,-1.1010687351226807,2.1096243858337402,-0.4565378427505493
0.05475799999999998,0.0034223749999999996,16.0,1.0968459120401064,-0.5258318621213752,0.0299809358873166,0.00037031571575877914,4.1633816880409925e-6,0.00017072540021430933,0.0685897032839666,-0.29262128472328186,-0.3265575170516968,-0.8611172437667847,-1.1324468851089478,-0.8586532473564148,-0.19002485275268555,0.23336952924728394,1.5696759223937988,3.093675374984741,-1.1030640602111816,2.109431028366089,-0.45562320947647095
0.05475799999999998,0.0034223749999999996,16.0,1.0615657550088886,-0.4905517557815344,0.02998098606872036,0.0005149146383231837,5.789239666687402e-6,0.00023738955837026093,0.06858970783897925,-0.29269900918006897,-0.326450377702713,-0.8609129190444946,-1.1330699920654297,-0.8579350709915161,-0.18933796882629395,0.23401416838169098,1.5703420639038086,3.0934386253356934,-1.1028831005096436,2.1095995903015137,-0.4556646943092346
0.05475799999999998,0.0034223749999999996,16.0,1.0254545254498484,-0.45444082720892204,0.029980120541500285,0.0006780138265359593,7.622338170856222e-6,0.0003125822634487547,0.0685897176901415,-0.2927788197994232,-0.3263247013092041,-0.8606855869293213,-1.1337016820907593,-0.8571261167526245,-0.18861079216003418,0.23466135561466217,1.570979118347168,3.093083143234253,-1.1025855541229248,2.1098015308380127,-0.45566827058792114
0.05475799999999998,0.0034223749999999996,16.0,0.9885110257409474,-0.4174940973271409,0.029989965072172116,0.0008517609491326404,9.582987744145873e-6,0.0003926895185936397,0.06858966625670604,-0.29284992814064026,-0.3262009620666504,-0.8604660034179688,-1.1342709064483643,-0.8563547730445862,-0.1878962516784668,0.23529529571533203,1.571591854095459,3.0927531719207764,-1.1023088693618774,2.1099655628204346,-0.45571136474609375
0.05475799999999998,0.0034223749999999996,16.0,0.9507372568146626,-0.3797203462499329,0.02999003667246772,0.001049173978246821,1.1804318141232e-5,0.00048370386777187566,0.06858966947904442,-0.29291465878486633,-0.32609066367149353,-0.8602724075317383,-1.134825348854065,-0.8556896448135376,-0.18726468086242676,0.23587876558303833,1.572195291519165,3.092400550842285,-1.1020303964614868,2.1101722717285156,-0.4557588994503021
0.05475799999999998,0.0034223749999999996,16.0,0.9121282117500386,-0.3411020586274924,0.030022361656064533,0.0012366004641156869,1.3950948472696784e-5,0.0005701543032793482,0.06858954916464025,-0.292978435754776,-0.32598191499710083,-0.8600866794586182,-1.135367512702942,-0.8550412058830261,-0.18665266036987305,0.23644104599952698,1.572770595550537,3.092064380645752,-1.1017491817474365,2.11037278175354,-0.4557909369468689
0.05475799999999998,0.0034223749999999996,16.0,0.8726914942536803,-0.3016648003551125,0.03002499658774061,0.0013583019288481203,1.5330096410264108e-5,0.0006262720516749719,0.0685895562414662,-0.29295745491981506,-0.3264942169189453,-0.8614649772644043,-1.1351029872894287,-0.8594759106636047,-0.18837690353393555,0.23588791489601135,1.5719785690307617,3.093302011489868,-1.1027801036834717,2.112623453140259,-0.45530086755752563
0.05475799999999998,0.0034223749999999996,16.0,0.8324234108926764,-0.2613951728959958,0.03002959246996267,0.00151392376236363,1.7099182668906013e-5,0.0006980327107494492,0.06858951670176364,-0.29293540120124817,-0.32701897621154785,-0.8628567457199097,-1.134751319885254,-0.8638410568237305,-0.19010090827941895,0.23518700897693634,1.571146011352539,3.0947651863098145,-1.1038532257080078,2.11478853225708,-0.4548582434654236
0.05475799999999998,0.0034223749999999996,16.0,0.7913252769909752,-0.2202990003528195,0.030023746336425076,0.0016651869149463126,1.8805421890089663e-5,0.0007677740900845448,0.06858951916508223,-0.29286959767341614,-0.3273169696331024,-0.8639316558837891,-1.1337847709655762,-0.8669765591621399,-0.19136548042297363,0.23417477309703827,1.5693466663360596,3.095656633377075,-1.1038711071014404,2.116049289703369,-0.45405977964401245
0.05475799999999998,0.0034223749999999996,16.0,0.7493950210357511,-0.17836822881427047,0.03002555082706584,0.0018052100237342388,2.039781129809379e-5,0.0008323455841361655,0.06858948574539692,-0.06686678528785706,0.06390828639268875,-0.10311254858970642,0.027549102902412415,0.5207101106643677,0.25684404373168945,-0.060372207313776016,0.7233967185020447,-1.3366459608078003,0.42914295196533203,0.7998635768890381,-0.7561416029930115
0.05475799999999998,0.0034223749999999996,16.0,0.7066338891985307,-0.13560712451562523,0.030026154635826478,0.001903688422533925,2.1512026107221626e-5,0.0008777555606838428,0.06858948316808959,-0.06812119483947754,0.06481654942035675,-0.10476148128509521,0.024278461933135986,0.5202975869178772,0.26441407203674316,-0.05594300106167793,0.7232614159584045,-1.318305253982544,0.4328041076660156,0.7915409803390503,-0.7526589632034302
0.05475799999999998,0.0034223749999999996,16.0,0.6630422849704386,-0.0920172749027542,0.030020645288864504,0.001879702981698137,2.1230881439552696e-5,0.0008666840939312369,0.06858953842360858,-0.0767071545124054,0.06399569660425186,-0.10259583592414856,0.005520343780517578,0.49502208828926086,0.24724030494689941,0.02139483392238617,0.7337602376937866,-1.188259243965149,0.5052292346954346,0.7596624493598938,-0.7441120743751526
0.05475799999999998,0.0034223749999999996,16.0,0.6186194238080647,-0.047593729049804176,0.030021239510121176,0.001760748669850478,1.9872914937434923e-5,0.0008118293533166546,0.0685895300346424,-0.2916976511478424,-0.3311096727848053,-0.8729842901229858,-1.122029185295105,-0.8944460153579712,-0.21256136894226074,0.21727287769317627,1.553149700164795,3.107464551925659,-1.1155147552490234,2.1161835193634033,-0.4497566521167755
0.05475799999999998,0.0034223749999999996,16.0,0.5733718219502771,-0.0023625728211663665,0.029965541823761894,0.00010368453682437917,1.1644678336880725e-6,4.780095814598146e-5,0.06858976767370968,-0.29080507159233093,-0.33355841040611267,-0.8787539005279541,-1.1142044067382812,-0.911436915397644,-0.22945833206176758,0.2046816498041153,1.541304111480713,3.1140711307525635,-1.1247917413711548,2.1138386726379395,-0.44578099250793457
0.05475799999999998,0.0034223749999999996,16.0,0.618621731948648,0.04291602319307118,0.030017644808100895,-0.001707914787006769,-1.923975251012538e-5,-0.0007874726491574442,0.06858927536242095,-0.1924102008342743,0.026058506220579147,-0.13150247931480408,0.25373220443725586,-1.0039541721343994,0.4425168037414551,1.6915720701217651,0.00864112377166748,-1.291135311126709,0.59822678565979,0.6963691115379333,-0.2654625177383423
0.05475799999999998,0.0034223749999999996,16.0,0.6630462107473302,0.08734028708887166,0.03001589049886389,-0.0018986649521557963,-2.1372133304533944e-5,-0.0008754426963443978,0.06858903262711244,-0.2375464141368866,0.04850482568144798,-0.13997191190719604,0.3657621741294861,-1.206052303314209,0.48738884925842285,1.3764991760253906,-0.016282618045806885,-1.5577048063278198,1.1565487384796143,1.0614447593688965,-0.34835076332092285
0.05475799999999998,0.0034223749999999996,16.0,0.7066382814992859,0.13093546888387075,0.030020867433371377,-0.0018853026910414926,-2.1221453830047394e-5,-0.0008693038049463333,0.06858888511553794,-0.2670048773288727,0.07308892160654068,-0.12162348628044128,0.596987783908844,-1.28739333152771,0.7353819608688354,1.2145427465438843,-0.014784693717956543,-1.9904699325561523,1.2417681217193604,1.2625648975372314,-0.5830175876617432
0.05475799999999998,0.0034223749999999996,16.0,0.7493991501901206,0.1736969298580625,0.030021343544738725,-0.0017765630816174737,-1.9997715563523093e-5,-0.0008191707189216344,0.06858885901995602,-0.2747175991535187,0.08856552839279175,-0.11650237441062927,0.6623415946960449,-1.2955584526062012,0.8062793016433716,1.202462911605835,-0.023723304271697998,-2.101896047592163,1.2330870628356934,1.2631134986877441,-0.6404094099998474
0.05475799999999998,0.0034223749999999996,16.0,0.7913285181792854,0.2156287506163281,0.030025467803361253,-0.0016247379988209283,-1.8292675108596278e-5,-0.0007491736637215571,0.06858879909158254,-0.27730539441108704,0.09757152944803238,-0.11484470963478088,0.6902531981468201,-1.2971665859222412,0.8586409091949463,1.2229152917861938,-0.03195410966873169,-2.1554031372070312,1.2101695537567139,1.2767990827560425,-0.660550594329834
0.05475799999999998,0.0034223749999999996,16.0,0.83242699335533,0.25672776483448406,0.030026389019700124,-0.0014406667252316334,-1.6221787597452798e-5,-0.0006642997334477601,0.0685887795601042,-0.27910134196281433,0.10227708518505096,-0.11855235695838928,0.6653002500534058,-1.320382833480835,0.868384599685669,1.2338929176330566,-0.01904284954071045,-2.1343016624450684,1.2239634990692139,1.2782782316207886,-0.6480087041854858
0.05475799999999998,0.0034223749999999996,16.0,0.8726940188270662,0.2969964739331142,0.030029399699936045,-0.0013556755261644648,-1.5268425133981103e-5,-0.0006251173862850714,0.06858874427420289,-0.2771930992603302,0.1077013611793518,-0.11349684000015259,0.7403745055198669,-1.2466857433319092,0.924006462097168,1.2872097492218018,-0.05699878931045532,-2.2149014472961426,1.1762499809265137,1.3170466423034668,-0.6863439679145813
0.05475799999999998,0.0034223749999999996,16.0,0.9121339140710164,0.3364142431558022,0.02999094401752425,-0.00115903662313076,-1.302367765526259e-5,-0.0005343841484728863,0.06858918164017662,-0.27727755904197693,0.11305364966392517,-0.1133507490158081,0.7576296329498291,-1.2382932901382446,0.9627338647842407,1.312508463859558,-0.06435298919677734,-2.239982843399048,1.1537909507751465,1.3377606868743896,-0.6964942812919617
0.05475799999999998,0.0034223749999999996,16.0,0.9507388881182635,0.37501903769233663,0.029990760427022714,-0.0010082019403589682,-1.1328765098373629e-5,-0.00046483999135500485,0.068589180279756,-0.2778564393520355,0.11891938000917435,-0.11270564794540405,0.7764214277267456,-1.2328652143478394,1.0089340209960938,1.3398630619049072,-0.07169526815414429,-2.2727584838867188,1.1288537979125977,1.3608139753341675,-0.7082412838935852
0.05475799999999998,0.0034223749999999996,16.0,0.9885126370535824,0.4127926422031278,0.02999059091179295,-0.0008194597700632849,-9.207918993416297e-6,-0.0003778185508802081,0.06858917936108805,-0.27843108773231506,0.1247740089893341,-0.1121131181716919,0.7958951592445374,-1.2248567342758179,1.0537914037704468,1.3647065162658691,-0.07960778474807739,-2.3046672344207764,1.105163335800171,1.3831801414489746,-0.7201055288314819
0.05475799999999998,0.0034223749999999996,16.0,1.0254551637328255,0.44973503271941556,0.02999040630134417,-0.0006519782544806224,-7.325976571758478e-6,-0.00030059965711647243,0.06858917977129678,-0.27902910113334656,0.13050425052642822,-0.11164718866348267,0.8143066763877869,-1.215795874595642,1.0984376668930054,1.3903634548187256,-0.08769142627716064,-2.334590435028076,1.0816552639007568,1.4052201509475708,-0.7307234406471252
0.05475799999999998,0.0034223749999999996,16.0,1.061566431437892,0.48584660936649837,0.02999098644732906,-0.0004923208524049165,-5.5322085744486405e-6,-0.00022698873943996262,0.06858916670781715,-0.2799557149410248,0.1364756077528,-0.11087369918823242,0.8335350751876831,-1.206870198249817,1.1482572555541992,1.4175713062286377,-0.09643584489822388,-2.3689165115356445,1.0562403202056885,1.428852915763855,-0.741527795791626
0.05475799999999998,0.0034223749999999996,16.0,1.096847139444604,0.5211225420822704,0.02998246213635279,-0.0003382994110576685,-3.7997634704669365e-6,-0.0001559731336956521,0.0685892694425608,-0.28116586804389954,0.14277677237987518,-0.10983029007911682,0.8523504137992859,-1.198957920074463,1.2067956924438477,1.4497151374816895,-0.1065332293510437,-2.4082159996032715,1.0263934135437012,1.4548031091690063,-0.7505918741226196
0.05475799999999998,0.0034223749999999996,16.0,1.1312960948226802,0.5555711679153963,0.02998206150108052,-0.000189699203671,-2.130654295602408e-6,-8.746071657540889e-5,0.06858927455609182,-0.2845209538936615,0.1509765088558197,-0.09917154908180237,0.9388630390167236,-1.1409833431243896,1.30937659740448,1.5019896030426025,-0.15594947338104248,-2.547030448913574,0.9395310878753662,1.5531708002090454,-0.7894242405891418
0.05475799999999998,0.0034223749999999996,16.0,1.164913817337229,0.589188194723939,0.029981276345702246,-5.655548021643945e-5,-6.351664232823417e-7,-2.6074681528138847e-5,0.06858931816180043,-0.29100319743156433,0.16033682227134705,-0.09378907084465027,0.9496879577636719,-1.178179144859314,1.4385069608688354,1.5586514472961426,-0.1738024353981018,-2.630856513977051,0.8231387138366699,1.6215142011642456,-0.7833597660064697
0.05475799999999998,0.0034223749999999996,16.0,1.1977003516619396,0.6219739584785167,0.029980419794017808,0.00012208957579040605,1.3710511643023016e-6,5.628844724756081e-5,0.06858936379550469,-0.29614678025245667,0.17113976180553436,-0.08074724674224854,1.002206563949585,-1.1721757650375366,1.6119399070739746,1.610952615737915,-0.22081267833709717,-2.7739334106445312,0.6406736373901367,1.7199265956878662,-0.790725827217102
0.05475799999999998,0.0034223749999999996,16.0,1.2296555213459408,0.6539290476886815,0.029980885093944504,0.00028868663804142034,3.241750082776692e-6,0.0001330958645372535,0.06858940748781998,-0.29131749272346497,-0.32297834753990173,-0.8590773344039917,-1.1118909120559692,-0.8449305891990662,-0.1959669589996338,0.22354106605052948,1.5289855003356934,3.0810563564300537,-1.0885640382766724,2.088205575942993,-0.4354185461997986
0.05475799999999998,0.0034223749999999996,16.0,1.2607793388325892,0.6850536945964177,0.029982920296648875,0.0004564168578632934,5.125444557173587e-6,0.00021042560282674236,0.06858943381790335,-0.2914070188999176,-0.32301485538482666,-0.858542799949646,-1.113250970840454,-0.8430842161178589,-0.19680452346801758,0.22296221554279327,1.5312042236328125,3.0817058086395264,-1.0909223556518555,2.086625814437866,-0.43623360991477966
0.05475799999999998,0.0034223749999999996,16.0,1.2910720368738422,0.7153468502879932,0.02998391229732557,0.000654889317762593,7.354473585491221e-6,0.0003019288005096786,0.06858944865687784,-0.2914699614048004,-0.322696715593338,-0.8576159477233887,-1.1140334606170654,-0.8400469422340393,-0.19572186470031738,0.22387930750846863,1.5326402187347412,3.0808396339416504,-1.0906054973602295,2.085606813430786,-0.43685752153396606
0.05475799999999998,0.0034223749999999996,16.0,1.3205333823097636,0.7448094827953249,0.02998635935472174,0.000796441467035934,8.945639004502149e-6,0.0003671926008986218,0.0685894347299023,-0.2915221154689789,-0.32214421033859253,-0.8565202951431274,-1.114211082458496,-0.836676299571991,-0.19337940216064453,0.22572562098503113,1.532644510269165,3.0787487030029297,-1.08834969997406,2.0854499340057373,-0.4366673231124878
0.05475799999999998,0.0034223749999999996,16.0,1.349163489374442,0.7734413408034146,0.0299899981184624,0.0009772134716719964,1.0977428193081378e-5,0.0004505378514431577,0.06858942695540272,-0.29175570607185364,-0.3202527165412903,-0.8526047468185425,-1.1154567003250122,-0.8243948817253113,-0.18613147735595703,0.23055975139141083,1.5334081649780273,3.0729992389678955,-1.082889437675476,2.0822019577026367,-0.4361089766025543
0.05475799999999998,0.0034223749999999996,16.0,1.3769627527874568,0.8012406305310683,0.029990280847834776,0.0011165501169234555,1.2542147744372308e-5,0.0005147781202635888,0.06858941809139112,-0.29165008664131165,-0.32063373923301697,-0.8531619906425476,-1.114654302597046,-0.8268772959709167,-0.18771743774414062,0.228996142745018,1.5324280261993408,3.0739095211029053,-1.0840331315994263,2.082763910293579,-0.4359273910522461
0.05475799999999998,0.0034223749999999996,16.0,1.403931277195394,0.8282073218898423,0.029986987438226476,0.001271838899075994,1.428339392525041e-5,0.0005863683773321078,0.06858941179134026,-0.29153916239738464,-0.3210310637950897,-0.8537158966064453,-1.1137585639953613,-0.8295084834098816,-0.18940114974975586,0.2271641492843628,1.5312321186065674,3.074866771697998,-1.0852973461151123,2.0832552909851074,-0.4356209635734558
0.05475799999999998,0.0034223749999999996,16.0,1.430068719080026,0.8543414445602008,0.02998158559370263,0.0014579655136993258,1.6365149214985047e-5,0.0006721726671625725,0.06858943590169406,-0.2912433445453644,-0.319823682308197,-0.8504050970077515,-1.110716462135315,-0.8227919936180115,-0.18145966529846191,0.22623950242996216,1.5285923480987549,3.0699987411499023,-1.0808359384536743,2.082340955734253,-0.43597060441970825
0.05475799999999998,0.0034223749999999996,16.0,1.4553748526250356,0.8796478019836274,0.029984173403816653,0.0016468879930786136,1.847582908060732e-5,0.0007592709454721817,0.06858931793866768,-0.29061296582221985,-0.31996583938598633,-0.8496987819671631,-1.1049728393554688,-0.8258997797966003,-0.17750954627990723,0.22041161358356476,1.5231051445007324,3.0683865547180176,-1.0799885988235474,2.0845868587493896,-0.43623030185699463
0.05475799999999998,0.0034223749999999996,16.0,1.4798495156588132,0.9041232665939337,0.029987535149889423,0.001856835843741756,2.0822692484422677e-5,0.0008560626143472235,0.06858923484992739,-0.290293425321579,-0.31845876574516296,-0.8451693058013916,-1.1018710136413574,-0.8161540627479553,-0.16800618171691895,0.21791459619998932,1.520838737487793,3.063102960586548,-1.0769948959350586,2.0813238620758057,-0.43697044253349304
0.05475799999999998,0.0034223749999999996,16.0,1.5034931955121456,0.9277661256957299,0.029987491904126837,0.002012275599954782,2.2554939054652507e-5,0.0009277220034809609,0.06858917091092714,-0.28970375657081604,-0.31696370244026184,-0.8412928581237793,-1.0952891111373901,-0.8103370070457458,-0.15694236755371094,0.2150280475616455,1.5134854316711426,3.0560991764068604,-1.0712600946426392,2.0812222957611084,-0.43615639209747314
0.05475799999999998,0.0034223749999999996,16.0,1.5263054925697084,0.95057815664906,0.02998799840992166,0.0022101316104855637,2.476488140020654e-5,0.0010189368394005534,0.06858912259735615,-0.2893361747264862,-0.3164156973361969,-0.8393780589103699,-1.0919767618179321,-0.8076345324516296,-0.15167617797851562,0.21227341890335083,1.5111720561981201,3.0533406734466553,-1.0692875385284424,2.0806868076324463,-0.43712976574897766
0.05475799999999998,0.0034223749999999996,16.0,1.548286431922203,0.972559595979687,0.029989946305143077,0.002410621058398621,2.700464141489308e-5,0.0011113674084247864,0.06858907079276476,-0.28893664479255676,-0.31576430797576904,-0.8375041484832764,-1.087849736213684,-0.8056126236915588,-0.14557981491088867,0.21001048386096954,1.5070306062698364,3.0496010780334473,-1.0664749145507812,2.081235408782959,-0.43710094690322876
0.05475799999999998,0.0034223749999999996,16.0,1.5694360753784315,0.993707351309602,0.029985724947544173,0.0026220920250170747,2.9373759141358172e-5,0.001208856359727966,0.06858914130718932,-0.28884872794151306,-0.31387707591056824,-0.8332533836364746,-1.0865321159362793,-0.7943052649497986,-0.13581562042236328,0.2129816859960556,1.5063772201538086,3.0424580574035645,-1.0598418712615967,2.0791985988616943,-0.43770289421081543
0.05475799999999998,0.0034223749999999996,16.0,1.5897543546019295,1.0140262761596968,0.029987267107757166,0.0028350162408935357,3.1757584121583704e-5,0.0013070225848207276,0.06858912782129369,-0.2883274257183075,-0.3290982246398926,-0.867466926574707,-1.0877453088760376,-0.8909967541694641,-0.20669770240783691,0.18742452561855316,1.506925106048584,3.0918402671813965,-1.1038322448730469,2.104581356048584,-0.43763893842697144
0.05475799999999998,0.0034223749999999996,16.0,1.6092415812885708,1.0335145946998487,0.02998992141843064,0.003000233337981037,3.3604929457505656e-5,0.0013831980475548487,0.06858905568041848,-0.288966566324234,-0.3108067512512207,-0.8256309628486633,-1.0874508619308472,-0.7727869749069214,-0.12116527557373047,0.21668554842472076,1.5085434913635254,3.033090114593506,-1.0531284809112549,2.0721166133880615,-0.4387879967689514
0.05475799999999998,0.0034223749999999996,16.0,1.6278973811177215,1.0521719111905319,0.02999308855857177,0.0031873219606712564,3.5702092772582895e-5,0.001469458773269098,0.06858901674108953,-0.28883126378059387,-0.3080856502056122,-0.8197818994522095,-1.0849125385284424,-0.7576546669006348,-0.10770058631896973,0.2203005701303482,1.5055476427078247,3.023458957672119,-1.0446100234985352,2.0687222480773926,-0.43824276328086853
0.05475799999999998,0.0034223749999999996,16.0,1.645722259779219,1.0699946645879845,0.029988300518291426,0.0033505428256518257,3.752803001280466e-5,0.0015447024032822843,0.06858907899180373,-0.28912845253944397,-0.306749165058136,-0.8167029619216919,-1.0875989198684692,-0.7469189167022705,-0.10383772850036621,0.22317703068256378,1.5087134838104248,3.020967483520508,-1.0434761047363281,2.0637025833129883,-0.43863552808761597
0.05475799999999998,0.0034223749999999996,16.0,1.6627158572316911,1.0869881117002345,0.029988052875103786,0.0035408876881970358,3.965996290248402e-5,0.0016324545527198922,0.06858908012954726,-0.28914007544517517,-0.3070524036884308,-0.817388653755188,-1.0877734422683716,-0.7487145066261292,-0.10519790649414062,0.22268344461917877,1.5089527368545532,3.02213978767395,-1.0442007780075073,2.0641582012176514,-0.438713401556015
0.05475799999999998,0.0034223749999999996,16.0,1.6788780592410468,1.1031504858766834,0.029988265024127797,0.003708485295595191,4.1541088040676435e-5,0.0017097246459227993,0.0685891004671949,-0.2891431152820587,-0.30203744769096375,-0.8064049482345581,-1.0865459442138672,-0.717729926109314,-0.08260035514831543,0.23107364773750305,1.5084751844406128,3.0058488845825195,-1.030305027961731,2.0553033351898193,-0.43926990032196045
0.05475799999999998,0.0034223749999999996,16.0,1.6942093462024326,1.1184810089995876,0.029986729799555967,0.003875403290203881,4.340978174798704e-5,0.0017866709150332616,0.0685891159894386,-0.2885717451572418,-0.3233407735824585,-0.8541892766952515,-1.0878130197525024,-0.8534056544303894,-0.17926979064941406,0.19580115377902985,1.5075201988220215,3.073733329772949,-1.0875916481018066,2.09428334236145,-0.43792468309402466
0.05475799999999998,0.0034223749999999996,16.0,1.7087093676619804,1.1329814889254153,0.02998796536363138,0.004005884883977949,4.486815605521018e-5,0.0018468332764295017,0.06858906813138028,-0.28853580355644226,-0.3213755488395691,-0.8498209714889526,-1.0864793062210083,-0.8417885899543762,-0.1695237159729004,0.19828572869300842,1.5059797763824463,3.067159414291382,-1.0814850330352783,2.0914294719696045,-0.4376491606235504
0.05475799999999998,0.0034223749999999996,16.0,1.722378283547415,1.1466490445072284,0.029985221501591042,0.004123280981078057,4.618020151538945e-5,0.0019009481698364764,0.06858909374402737,-0.28851982951164246,-0.3188121020793915,-0.844120979309082,-1.0850212574005127,-0.8264804482460022,-0.15707659721374512,0.20149490237236023,1.5040192604064941,3.0586814880371094,-1.0738967657089233,2.0874884128570557,-0.4370518624782562
0.05475799999999998,0.0034223749999999996,16.0,1.7352162258399089,1.1594847539312445,0.02998072618616594,0.004248176988810201,4.757400317673475e-5,0.001958506273750515,0.06858913204630179,-0.2881873548030853,-0.2859709858894348,-0.7723214626312256,-1.072158694267273,-0.6286437511444092,-0.005875825881958008,0.2542494535446167,1.4923617839813232,2.9499964714050293,-0.9829469919204712,2.0314977169036865,-0.43700337409973145
0.05475799999999998,0.0034223749999999996,16.0,1.7472228479613923,1.1714931089430736,0.02998513378612919,0.004380847190078576,4.904934134813464e-5,0.0020196810236449082,0.06858898450541522,-0.28818485140800476,-0.3159879148006439,-0.838016152381897,-1.08035147190094,-0.8122246265411377,-0.1408698558807373,0.2046278715133667,1.4987866878509521,3.047285318374634,-1.0621250867843628,2.0860750675201416,-0.43642428517341614
0.05475799999999998,0.0034223749999999996,16.0,1.75839815582756,1.1826706049020348,0.02999041201304866,0.004515850315893975,5.055396427957348e-5,0.00208193450489756,0.06858884238882709,-0.2878929078578949,-0.3263774514198303,-0.8616009950637817,-1.0818442106246948,-0.8781338334083557,-0.19020485877990723,0.18878798186779022,1.5000078678131104,3.080991744995117,-1.0916407108306885,2.103670835494995,-0.43657130002975464
0.05475799999999998,0.0034223749999999996,16.0,1.7687422404177042,1.1930166416711792,0.02999511131791992,0.004646118754498639,5.200726360267231e-5,0.002142001783357381,0.06858872212122068,-0.28762975335121155,-0.33164602518081665,-0.8737617135047913,-1.0817551612854004,-0.9124557375907898,-0.21541666984558105,0.1808321475982666,1.499746322631836,3.097768545150757,-1.1065974235534668,2.112844228744507,-0.43661773204803467
0.05475799999999998,0.0034223749999999996,16.0,1.778255011976469,1.2025313888677305,0.029999717195624838,0.0047968530399136915,5.369242789801486e-5,0.002211506570653002,0.06858862053332947,-0.28790226578712463,-0.3175225555896759,-0.8419041633605957,-1.07804536819458,-0.8242834806442261,-0.1466512680053711,0.20172716677188873,1.4962897300720215,3.0509867668151855,-1.0625221729278564,2.0909345149993896,-0.4363398253917694
0.05475799999999998,0.0034223749999999996,16.0,1.7869365514876643,1.2112149169700415,0.030004376518564656,0.004985621814416666,5.5804136013727194e-5,0.002298548085721832,0.06858852388570212,-0.13513320684432983,0.05392702668905258,0.248963862657547,1.156029224395752,1.3217650651931763,1.0426303148269653,-0.32769063115119934,-0.28516095876693726,-3.4435856342315674,0.4864180088043213,2.275189161300659,-0.8821626305580139
0.05475799999999998,0.0034223749999999996,16.0,1.794786676992705,1.2190695505398472,0.030014441561827792,0.005215313891790402,5.837616302053543e-5,0.0024044828387564878,0.06858834234447242,-0.1298883557319641,0.05727393552660942,0.2566995322704315,1.1802678108215332,1.3264135122299194,0.9498018026351929,-0.33124104142189026,-0.27615565061569214,-3.4288599491119385,0.4974210262298584,2.232278347015381,-0.9150352478027344
0.05475799999999998,0.0034223749999999996,16.0,1.8018060912352318,1.2260879231102675,0.030012450420843793,0.00556719832738044,6.230844879937512e-5,0.002566701406836781,0.06858833760316353,-0.12995511293411255,0.06157827004790306,0.2636677324771881,1.1969194412231445,1.3578864336013794,0.8954294919967651,-0.34400326013565063,-0.274095356464386,-3.435131549835205,0.5193765163421631,2.2058470249176025,-0.9335301518440247
0.05475799999999998,0.0034223749999999996,16.0,1.8079935784381465,1.2322832203551128,0.03002969936043246,0.006155112232045421,6.888877855634312e-5,0.0028378438803880394,0.06858802359655423,-0.12491372227668762,0.06383273005485535,0.2681753933429718,1.211579442024231,1.34445321559906,0.8125554323196411,-0.3608343303203583,-0.26270681619644165,-3.4083995819091797,0.5275373458862305,2.160489082336426,-0.9591795206069946
0.05475799999999998,0.0034223749999999996,16.0,1.813349865823824,1.2376503123477907,0.03005377317492141,0.007491353004814373,8.383852422949516e-5,0.0034540853282316033,0.06858755351627774,-0.12168848514556885,0.06674397736787796,0.2711838185787201,1.2213705778121948,1.3385123014450073,0.7341105937957764,-0.4019743800163269,-0.2520707845687866,-3.3807733058929443,0.5550346374511719,2.1132471561431885,-0.979175329208374
0.05475799999999998,0.0034223749999999996,16.0,1.8178752424453104,1.242178075951781,0.03005928048198892,0.013891060114761327,0.0001554554781017349,0.0064049009243166985,0.06858744820501629,-0.12029755115509033,0.06648018211126328,0.27122315764427185,1.202915072441101,1.3598226308822632,0.6329922676086426,-0.6184448003768921,-0.23746705055236816,-3.353400468826294,0.6533315181732178,2.0491573810577393,-0.9746084213256836
0.05475799999999998,0.0034223749999999996,16.0,1.7878390698904851,-1.2456647282302564,0.018634429367415446,-0.01394752157445181,-7.82912748485411e-5,-0.00646706248899828,0.06851827019511182,-0.28947004675865173,-0.3315582573413849,-0.87587571144104,-1.0999889373779297,-0.8998026251792908,-0.22554492950439453,0.19664540886878967,1.5210492610931396,3.1073639392852783,-1.114026427268982,2.1092216968536377,-0.43967369198799133
0.05475799999999998,0.0034223749999999996,16.0,1.7833146797619608,-1.2411452332364719,0.01862103297250702,-0.007522023612438609,-4.2172025604422136e-5,-0.0034876408854254493,0.06851841120809635,-0.28897497057914734,-0.33514800667762756,-0.8835244178771973,-1.0970135927200317,-0.9248374700546265,-0.24115514755249023,0.18820220232009888,1.5178658962249756,3.1172306537628174,-1.1241507530212402,2.114732027053833,-0.4395996332168579
0.05475799999999998,0.0034223749999999996,16.0,1.777958581678489,-1.2357919518392726,0.018613395403653227,-0.0061769918291231995,-3.4607794518767674e-5,-0.002863961150773341,0.06851849401739643,-0.28868111968040466,-0.3372056186199188,-0.8880037069320679,-1.095202922821045,-0.9394887685775757,-0.2501044273376465,0.1835087239742279,1.5157599449157715,3.122809648513794,-1.1298484802246094,2.118236780166626,-0.4393848478794098
0.05475799999999998,0.0034223749999999996,16.0,1.7717712821458649,-1.22960764065004,0.01860554364588096,-0.005584803880540301,-3.1267535592958754e-5,-0.002589348851024394,0.06851858807561466,-0.28848931193351746,-0.33862176537513733,-0.8910291194915771,-1.0941237211227417,-0.9493916630744934,-0.25632309913635254,0.18030935525894165,1.514566421508789,3.1266918182373047,-1.1339021921157837,2.1204416751861572,-0.43932271003723145
0.05475799999999998,0.0034223749999999996,16.0,1.7647523340192224,-1.2225896827901641,0.018603044367186565,-0.005239139449430413,-2.9327005165333743e-5,-0.002429075589029712,0.0685186177713842,-0.2886282503604889,-0.3380250632762909,-0.8897275924682617,-1.0951651334762573,-0.9451444149017334,-0.2536756992340088,0.1820698231458664,1.5154311656951904,3.1249337196350098,-1.1321921348571777,2.1197545528411865,-0.43912017345428467
0.05475799999999998,0.0034223749999999996,16.0,1.7569022890900132,-1.2147412522334318,0.01859906412511303,-0.005012629887544597,-2.8049365437259235e-5,-0.0023240390480859475,0.06851867140842713,-0.28852126002311707,-0.33890634775161743,-0.8916289210319519,-1.0945956707000732,-0.9513837099075317,-0.25752925872802734,0.180184468626976,1.514641523361206,3.1272661685943604,-1.1346417665481567,2.121309995651245,-0.43893346190452576
0.05475799999999998,0.0034223749999999996,16.0,1.7482208940033457,-1.2060606804481688,0.018597020150862474,-0.004812354339915539,-2.6925029182005754e-5,-0.0022311788631857433,0.068518695460355,-0.28842535614967346,-0.339743971824646,-0.8934526443481445,-1.0941001176834106,-0.9573696255683899,-0.2612011432647705,0.1784694641828537,1.5138769149780273,3.1294572353363037,-1.1369576454162598,2.1228740215301514,-0.43869560956954956
0.05475799999999998,0.0034223749999999996,16.0,1.7387082334148394,-1.1965487142397373,0.01859546901511385,-0.004662015036675943,-2.608128186387132e-5,-0.002161473375016474,0.06851871880439671,-0.2883746922016144,-0.3403129279613495,-0.8946645259857178,-1.0939213037490845,-0.961345911026001,-0.2637019157409668,0.17733730375766754,1.5134806632995605,3.130929708480835,-1.1385570764541626,2.1239068508148193,-0.4384978413581848
0.05475799999999998,0.0034223749999999996,16.0,1.7283643271114713,-1.1862055739167394,0.01859396030917003,-0.004527414716712947,-2.5325898580505786e-5,-0.002099066574056712,0.06851874757374149,-0.2883298695087433,-0.3408619463443756,-0.8958161473274231,-1.0938024520874023,-0.9651390314102173,-0.26612377166748047,0.17622032761573792,1.5131316184997559,3.1323509216308594,-1.1401073932647705,2.1248531341552734,-0.4382857382297516
0.05475799999999998,0.0034223749999999996,16.0,1.7171892014078791,-1.1750309678762614,0.018592976876050077,-0.0043930411863264745,-2.457260650365697e-5,-0.0020367662998782288,0.06851876722493455,-0.2882845103740692,-0.34142157435417175,-0.8969777822494507,-1.0936959981918335,-0.9689647555351257,-0.2685868740081787,0.175076425075531,1.5128154754638672,3.133810520172119,-1.1417397260665894,2.125775098800659,-0.438093364238739
0.05475799999999998,0.0034223749999999996,16.0,1.7051828051027123,-1.163024807484889,0.018592827351786037,-0.004268542116821255,-2.387614655175415e-5,-0.0019790463176123695,0.06851878198665551,-0.28839877247810364,-0.34124231338500977,-0.8964551091194153,-1.0947984457015991,-0.9673028588294983,-0.2678413391113281,0.17580752074718475,1.5136618614196777,3.1332015991210938,-1.1413742303848267,2.1253981590270996,-0.43782082200050354
0.05475799999999998,0.0034223749999999996,16.0,1.6923452767048048,-1.15018771246256,0.018592043216354985,-0.004141530726704353,-2.3164251972549803e-5,-0.0019201588513098943,0.06851879964677524,-0.2883663475513458,-0.34157291054725647,-0.8971410989761353,-1.0946675539016724,-0.9695586562156677,-0.26931214332580566,0.17500844597816467,1.5134036540985107,3.134082794189453,-1.1423492431640625,2.12587833404541,-0.43770402669906616
0.05475799999999998,0.0034223749999999996,16.0,1.6786765205431067,-1.136518783113822,0.018592438343912207,-0.004032179878662713,-2.2553896612027962e-5,-0.0018694619583474285,0.06851879259166332,-0.2884461581707001,-0.3412143588066101,-0.8963215351104736,-1.0952967405319214,-0.9667088389396667,-0.2679922580718994,0.17577959597110748,1.5143258571624756,3.133300304412842,-1.141901969909668,2.124772787094116,-0.43797826766967773
0.05475799999999998,0.0034223749999999996,16.0,1.664176615561533,-1.1220189825748446,0.01859215847039207,-0.0038935206022318604,-2.1777152203821993e-5,-0.0018051731265939575,0.06851879513857195,-0.2883957326412201,-0.3415398597717285,-0.8970358967781067,-1.0949082374572754,-0.969103217124939,-0.26926660537719727,0.1750144213438034,1.5137624740600586,3.1341214179992676,-1.1425278186798096,2.1255874633789062,-0.43781784176826477
0.05475799999999998,0.0034223749999999996,16.0,1.6488452398647375,-1.10668689036512,0.01859436910402014,-0.003718219537688998,-2.080138301415954e-5,-0.0017239067001803196,0.06851877891879281,-0.2884291112422943,-0.3414446711540222,-0.8967667818069458,-1.095179796218872,-0.9681481122970581,-0.2689206600189209,0.17515288293361664,1.5142021179199219,3.1339826583862305,-1.1424905061721802,2.125135660171509,-0.4379793107509613
0.05475799999999998,0.0034223749999999996,16.0,1.632682952995772,-1.0905248735781812,0.018593648613296293,-0.0035543240715066858,-1.9883016416054194e-5,-0.001647915025941413,0.06851878903814144,-0.2885037362575531,-0.34093883633613586,-0.8957201838493347,-1.0955827236175537,-0.9646298885345459,-0.26670336723327637,0.17641359567642212,1.5147969722747803,3.132667064666748,-1.1411607265472412,2.1244235038757324,-0.4381551444530487
0.05475799999999998,0.0034223749999999996,16.0,1.615689438159026,-1.073531543351884,0.018593098657749434,-0.0033679445749427565,-1.8840199769967572e-5,-0.0015615021639410495,0.06851879220217562,-0.28845611214637756,-0.3413122892379761,-0.8965156674385071,-1.0953274965286255,-0.9672608971595764,-0.26836466789245605,0.17556039988994598,1.5144526958465576,3.133668899536133,-1.1422244310379028,2.1249923706054688,-0.4380791485309601
0.05475799999999998,0.0034223749999999996,16.0,1.597864607231059,-1.0557061744017524,0.018594509040780208,-0.003191376037057598,-1.785441124572326e-5,-0.001479640837915897,0.06851877898474136,-0.2884204685688019,-0.34146854281425476,-0.8968775272369385,-1.0950061082839966,-0.9685148000717163,-0.2688901424407959,0.1751939207315445,1.5140342712402344,3.134032964706421,-1.142363429069519,2.125542163848877,-0.43799179792404175
0.05475799999999998,0.0034223749999999996,16.0,1.5792086744007892,-1.0370503300009075,0.018594264661423703,-0.0030075127245396674,-1.6825475381012142e-5,-0.0013943949428024504,0.06851877864347516,-0.2884847819805145,-0.34096357226371765,-0.8958001136779785,-1.0954006910324097,-0.9649039506912231,-0.2667553424835205,0.17640246450901031,1.5148158073425293,3.132798910140991,-1.1412379741668701,2.124540090560913,-0.43836063146591187
0.05475799999999998,0.0034223749999999996,16.0,1.5597215001394356,-1.0175631443161448,0.018594333609856507,-0.0028432629077745496,-1.5906979151436773e-5,-0.0013182430207289348,0.06851877867960149,-0.28850892186164856,-0.34095412492752075,-0.8957436084747314,-1.0956270694732666,-0.9647841453552246,-0.2666606903076172,0.17661356925964355,1.5151033401489258,3.1328041553497314,-1.1412514448165894,2.1245291233062744,-0.43842020630836487
0.05475799999999998,0.0034223749999999996,16.0,1.539403152987452,-0.9972448319443618,0.018594281796537177,-0.0026279077917920777,-1.4701992616605825e-5,-0.0012183943372058661,0.06851878245722338,-0.28845396637916565,-0.3414555490016937,-0.8967373967170715,-1.0953871011734009,-0.9681589603424072,-0.26876378059387207,0.1755361407995224,1.514897346496582,3.134222984313965,-1.142651081085205,2.125201940536499,-0.4384703040122986
0.05475799999999998,0.0034223749999999996,16.0,1.5182534442546005,-0.9760946745367237,0.018595664640992722,-0.0024140630448248796,-1.3508238982028165e-5,-0.00111925050220797,0.06851877724100192,-0.28842440247535706,-0.3416883647441864,-0.8972481489181519,-1.095204472541809,-0.969977617263794,-0.2695326805114746,0.17527948319911957,1.5147206783294678,3.134798765182495,-1.1430855989456177,2.125962257385254,-0.4384889304637909
0.05475799999999998,0.0034223749999999996,16.0,1.4962727341862438,-0.954114496574837,0.018594339321561,-0.0022109973613696245,-1.2371784498943425e-5,-0.0010250997313314358,0.06851878990037692,-0.28852126002311707,-0.34118032455444336,-0.8960994482040405,-1.0959421396255493,-0.966238260269165,-0.26723814010620117,0.17684303224086761,1.5161192417144775,3.133648157119751,-1.1420061588287354,2.1249170303344727,-0.4391309320926666
0.05475799999999998,0.0034223749999999996,16.0,1.4734607624918477,-0.9313028581991961,0.0185937277612014,-0.0020084504658721422,-1.123818045575599e-5,-0.0009311901196208254,0.06851880469004111,-0.288565069437027,-0.34123262763023376,-0.8960845470428467,-1.0964622497558594,-0.9664257764816284,-0.26714324951171875,0.17722740769386292,1.5169215202331543,3.133814573287964,-1.1421585083007812,2.125081777572632,-0.4394131898880005
0.05475799999999998,0.0034223749999999996,16.0,1.4498175332512016,-0.9076595240059799,0.018594175110056836,-0.0018460298053852345,-1.0330519270206426e-5,-0.000855885196081642,0.0685188061213335,-0.2885917127132416,-0.3415464460849762,-0.8965502977371216,-1.096988558769226,-0.9682742953300476,-0.2681453227996826,0.1769503355026245,1.5176947116851807,3.1347265243530273,-1.1431008577346802,2.12542724609375,-0.43966585397720337
0.05475799999999998,0.0034223749999999996,16.0,1.425343117656622,-0.8831854396902611,0.018593671868093152,-0.0016475914852574034,-9.220308514293844e-6,-0.0007638817354769223,0.0685188177109459,-0.28862109780311584,-0.34179604053497314,-0.8969142436981201,-1.0974781513214111,-0.9698603749275208,-0.2686293125152588,0.17697025835514069,1.5184335708618164,3.1353516578674316,-1.1435878276824951,2.1261324882507324,-0.4399232268333435
0.05475799999999998,0.0034223749999999996,16.0,1.4000374708304313,-0.8578799185215689,0.01859363596595063,-0.0014640446105410553,-8.193597158384789e-6,-0.0006787829861654457,0.06851882511702578,-0.28856781125068665,-0.34238526225090027,-0.8980790972709656,-1.0973542928695679,-0.974016010761261,-0.27068543434143066,0.1759640872478485,1.5183436870574951,3.1368095874786377,-1.1449779272079468,2.1274547576904297,-0.43997901678085327
0.05475799999999998,0.0034223749999999996,16.0,1.3739007221019375,-0.8317433873478196,0.018593055615976295,-0.0012824941082541605,-7.176757085163768e-6,-0.0005946090218201285,0.06851883168315484,-0.28857478499412537,-0.3424171209335327,-0.8980836272239685,-1.097582459449768,-0.9742015600204468,-0.27052831649780273,0.17618428170681,1.518845796585083,3.136713981628418,-1.1449520587921143,2.1278302669525146,-0.4402540326118469
0.05475799999999998,0.0034223749999999996,16.0,1.3469320349104221,-0.8047733244514795,0.01859828039766087,-0.0011319401524447759,-6.339059677172598e-6,-0.0005248132206015247,0.06851881888243498,-0.28880777955055237,-0.34139207005500793,-0.8956201076507568,-1.0996315479278564,-0.9664098620414734,-0.2655177116394043,0.17953237891197205,1.5222902297973633,3.1340277194976807,-1.1426424980163574,2.1260764598846436,-0.4416062831878662
0.05475799999999998,0.0034223749999999996,16.0,1.3191328677804257,-0.7769743879315519,0.018597673325069092,-0.000997848361976657,-5.587809752550228e-6,-0.0004626425438672052,0.0685188213866086,-0.28871622681617737,-0.3417917788028717,-0.8964971899986267,-1.0989995002746582,-0.9693215489387512,-0.26720285415649414,0.1783868372440338,1.521557092666626,3.1349685192108154,-1.1435505151748657,2.1268720626831055,-0.44152092933654785
0.05475799999999998,0.0034223749999999996,16.0,1.2905024814541952,-0.748344234459274,0.01859698832850887,-0.000823514780481054,-4.611500009355626e-6,-0.0003818141513018021,0.06851882664749484,-0.2886910140514374,-0.3419637382030487,-0.8969166278839111,-1.098868489265442,-0.9707629680633545,-0.2677898406982422,0.17821775376796722,1.5213956832885742,3.1352925300598145,-1.143921136856079,2.1275649070739746,-0.4415014386177063
0.05475799999999998,0.0034223749999999996,16.0,1.2610408422734718,-0.7188822076986028,0.01859784549216165,-0.0006912758758460941,-3.871092907668128e-6,-0.0003205024080259175,0.06851882273783838,-0.28869864344596863,-0.34195730090141296,-0.8969011306762695,-1.098960518836975,-0.9707313179969788,-0.26769256591796875,0.17833083868026733,1.5215423107147217,3.1352627277374268,-1.1439294815063477,2.12762188911438,-0.44155558943748474
0.05475799999999998,0.0034223749999999996,16.0,1.2307481258731685,-0.6885899164123055,0.018596428989447494,-0.0005189150433334731,-2.9057570187632478e-6,-0.0002405887345168463,0.0685188286127183,-0.2886113226413727,-0.342317134141922,-0.8977881669998169,-1.0982754230499268,-0.9735327959060669,-0.26944518089294434,0.1773073822259903,1.5206165313720703,3.136218309402466,-1.1449123620986938,2.128229856491089,-0.4413323998451233
0.05475799999999998,0.0034223749999999996,16.0,1.1996241380553332,-0.6574661226904279,0.018595839663937526,-0.0003259439021267747,-1.8250763215601853e-6,-0.00015111991293411723,0.06851882846965127,-0.2885810434818268,-0.34245699644088745,-0.898122251033783,-1.0980051755905151,-0.9746761322021484,-0.269899845123291,0.17698605358600616,1.5202887058258057,3.136570930480957,-1.1450749635696411,2.128699541091919,-0.44128304719924927
0.05475799999999998,0.0034223749999999996,16.0,1.1676688773920385,-0.6255108316327062,0.018595920443758213,-0.0001523755901491668,-8.532255544820775e-7,-7.064710767874623e-5,0.06851882744525545,-0.288526326417923,-0.3426707088947296,-0.8986202478408813,-1.0975571870803833,-0.9761669635772705,-0.27107715606689453,0.17615441977977753,1.5196659564971924,3.1372265815734863,-1.145793080329895,2.1287636756896973,-0.44111478328704834
0.05475799999999998,0.0034223749999999996,16.0,1.1348824014083099,-0.5927243355560168,0.018595997347779412,1.689406028212204e-5,9.460014731665722e-8,7.832731537975106e-6,0.0685188270316031,-0.28849878907203674,-0.34281229972839355,-0.8989641070365906,-1.0973010063171387,-0.9773295521736145,-0.2715568542480469,0.17581993341445923,1.519308090209961,3.1375732421875,-1.1459587812423706,2.1292552947998047,-0.4410221576690674
0.05475799999999998,0.0034223749999999996,16.0,1.1012647084722305,-0.5591066450678108,0.018596054872803233,0.0001867490531661631,1.0457437538014518e-6,8.658403755395972e-5,0.06851882775683855,-0.2885133922100067,-0.3427870571613312,-0.8989266753196716,-1.0974040031433105,-0.97718745470047,-0.2714197635650635,0.17592070996761322,1.5193967819213867,3.137509346008301,-1.1458675861358643,2.1292858123779297,-0.4410075843334198
0.05475799999999998,0.0034223749999999996,16.0,1.0668158822194738,-0.5246580511590334,0.0185954290331824,0.00037072699271083507,2.0758417444105775e-6,0.0001718832160032596,0.06851882926440252,-0.28846004605293274,-0.34297457337379456,-0.8993934392929077,-1.0969005823135376,-0.9785081744194031,-0.2726001739501953,0.174976646900177,1.518585443496704,3.138108253479004,-1.1464625597000122,2.129232883453369,-0.4407057762145996
0.05475799999999998,0.0034223749999999996,16.0,1.031535777409554,-0.48937796317824295,0.018595460243567664,0.0005154868394252696,2.8864588329800853e-6,0.00023899952569191095,0.06851883078793994,-0.28847530484199524,-0.34296879172325134,-0.8993873596191406,-1.0970146656036377,-0.9784669280052185,-0.27254199981689453,0.1750432699918747,1.5186727046966553,3.138101577758789,-1.1464605331420898,2.1292970180511475,-0.4406792223453522
0.05475799999999998,0.0034223749999999996,16.0,0.9954245951760653,-0.45326707203769384,0.018594553510479468,0.0006787676444699353,3.799993759319732e-6,0.0003147021879092571,0.06851883868648213,-0.2884892523288727,-0.342958927154541,-0.8993768692016602,-1.0971189737319946,-0.9784124493598938,-0.2724757194519043,0.1751074194908142,1.5187489986419678,3.138071298599243,-1.146432638168335,2.1293535232543945,-0.44065168499946594
0.05475799999999998,0.0034223749999999996,16.0,0.958482083388052,-0.41632457044915283,0.01859458492485418,0.0008527089919272251,4.773847008050652e-6,0.0003953480844665126,0.06851883971379137,-0.2887779772281647,-0.34172406792640686,-0.8965108394622803,-1.0994722843170166,-0.9691235423088074,-0.2666130065917969,0.17894843220710754,1.5226261615753174,3.135063409805298,-1.143800139427185,2.127089023590088,-0.4421258866786957
0.05475799999999998,0.0034223749999999996,16.0,0.9207083687229599,-0.3785508604758181,0.018594614707313318,0.0010503424404828287,5.880362151278736e-6,0.0004869786132061601,0.06851884046036674,-0.2887936532497406,-0.34171169996261597,-0.8964985609054565,-1.0995941162109375,-0.9690601825714111,-0.2665367126464844,0.17902258038520813,1.5227203369140625,3.135019302368164,-1.143764853477478,2.1271603107452393,-0.44209909439086914
0.05475799999999998,0.0034223749999999996,16.0,0.8821034232342353,-0.33994595578498266,0.018594626130722304,0.0012379890318788699,6.930975150066181e-6,0.0005739790602304074,0.06851884320808554,-0.28999266028404236,-0.33779871463775635,-0.8870567083358765,-1.1099116802215576,-0.9393320679664612,-0.24704313278198242,0.19278176128864288,1.5354158878326416,3.1241424083709717,-1.133719801902771,2.1221158504486084,-0.4442994296550751
0.05475799999999998,0.0034223749999999996,16.0,0.8426666280178982,-0.30050760168129803,0.018600149960934956,0.0013598273366873248,7.619499272196676e-6,0.0006304748975107089,0.06851882732360072,-0.28996965289115906,-0.33811840415000916,-0.8879002332687378,-1.1096893548965454,-0.942051887512207,-0.24824810028076172,0.19235070049762726,1.5348238945007324,3.12490177154541,-1.134414553642273,2.123403549194336,-0.44395050406455994
0.05475799999999998,0.0034223749999999996,16.0,0.8023989304009369,-0.2602386695202085,0.018603687341920874,0.0015156255899845678,8.498374649082505e-6,0.0007027125639901032,0.06851880452424594,-0.29008254408836365,-0.3379145562648773,-0.8875911235809326,-1.110521674156189,-0.9411886930465698,-0.2465510368347168,0.19393190741539001,1.535768985748291,3.1242446899414062,-1.133379578590393,2.1244778633117676,-0.4440716505050659
0.05475799999999998,0.0034223749999999996,16.0,0.7613003887243328,-0.2191403675312037,0.01860306211426838,0.001667057773660038,9.349075799622289e-6,0.0007729246657387579,0.06851879778437404,-0.28996291756629944,-0.33853647112846375,-0.889116644859314,-1.1094242334365845,-0.9462759494781494,-0.24872303009033203,0.1925514191389084,1.5342471599578857,3.125811815261841,-1.134183645248413,2.126547336578369,-0.443686842918396
0.05475799999999998,0.0034223749999999996,16.0,0.7193705221849614,-0.1772103929794208,0.018603524966321727,0.0018072399096954038,1.0138221046749627e-5,0.000837922302387143,0.06851878982664603,-0.29007652401924133,-0.3383023738861084,-0.8887231349945068,-1.1102792024612427,-0.9452381730079651,-0.24676299095153809,0.19419218599796295,1.5352783203125,3.125025510787964,-1.1328308582305908,2.1276192665100098,-0.44387057423591614
0.05475799999999998,0.0034223749999999996,16.0,0.676609542523868,-0.13444944595663863,0.018603655927546165,0.001905830039585553,1.0691594063240283e-5,0.0008836341709877022,0.06851878978542274,-0.2901208698749542,-0.3382554054260254,-0.8885825872421265,-1.1106135845184326,-0.9448714256286621,-0.24627137184143066,0.19440893828868866,1.5356230735778809,3.1249208450317383,-1.132447600364685,2.1277647018432617,-0.44387951493263245
0.05475799999999998,0.0034223749999999996,16.0,0.6330175921256858,-0.09085797595360195,0.018602063381939968,0.0018818165758490535,1.0553856838574843e-5,0.0008724966589572673,0.06851880405910377,-0.2900167405605316,-0.3387315273284912,-0.8897280693054199,-1.1096396446228027,-0.9481990933418274,-0.2490994930267334,0.19257384538650513,1.5339775085449219,3.126542806625366,-1.1342328786849976,2.127794027328491,-0.4432224631309509
0.05475799999999998,0.0034223749999999996,16.0,0.5885944802602826,-0.04643491743143883,0.018601349418878397,0.0017627261095869758,9.881278554250833e-6,0.000817277746093052,0.06851880425803623,-0.28994235396385193,-0.3385933041572571,-0.8893471956253052,-1.1086385250091553,-0.9465295672416687,-0.25023913383483887,0.1910528540611267,1.532182216644287,3.126420259475708,-1.1351454257965088,2.124964714050293,-0.44239792227745056
0.05475799999999998,0.0034223749999999996,16.0,0.5433412988831636,-0.0011854242855012416,0.018589228161997935,0.0001038000055436112,5.807390869292001e-7,4.812543501623251e-5,0.06851885581185636,-0.28831496834754944,-0.34395453333854675,-0.902080774307251,-1.0950368642807007,-0.9868530035018921,-0.27785253524780273,0.1719852238893509,1.5136964321136475,3.1400833129882812,-1.1485735177993774,2.1317126750946045,-0.43773141503334045
0.05475799999999998,0.0034223749999999996,16.0,0.5885950359275338,0.04407400498236953,0.018599775844290695,-0.0017098238429311095,-9.57699147060549e-6,-0.0007927500784094682,0.06851875346762497,-0.2894309461116791,-0.3383577764034271,-0.8899377584457397,-1.1026378870010376,-0.9470673203468323,-0.25421643257141113,0.1870916485786438,1.5222654342651367,3.1245534420013428,-1.1344208717346191,2.1202967166900635,-0.4384820759296417
0.05475799999999998,0.0034223749999999996,16.0,0.6330186322678717,0.0884977994984544,0.018599978405810735,-0.0019007827226939,-1.0642235239040436e-5,-0.000881291848528973,0.06851869689527497,-0.2891732156276703,-0.3382209241390228,-0.890508234500885,-1.0992783308029175,-0.948712170124054,-0.25479602813720703,0.18598611652851105,1.5164201259613037,3.1230781078338623,-1.1317216157913208,2.1201651096343994,-0.4360291063785553
0.05475799999999998,0.0034223749999999996,16.0,0.6766106428429408,0.13209074975090718,0.01860145406546428,-0.0018874053669764002,-1.0569238934795492e-5,-0.0008750950007437881,0.06851866703266259,-0.2891565263271332,-0.3375677168369293,-0.8894855976104736,-1.0985661745071411,-0.9449527263641357,-0.2531094551086426,0.18657800555229187,1.5146527290344238,3.1210646629333496,-1.128887414932251,2.118194818496704,-0.4349609911441803
0.05475799999999998,0.0034223749999999996,16.0,0.7193715594712955,0.174851797442481,0.01860156829955413,-0.0017785452512941512,-9.959705544297515e-6,-0.0008246232627343602,0.06851866136420251,-0.2891704738140106,-0.3374475836753845,-0.8893805742263794,-1.0985522270202637,-0.9443315267562866,-0.25289416313171387,0.1865181177854538,1.5142593383789062,3.12125301361084,-1.1281803846359253,2.1175525188446045,-0.4345816671848297
0.05475799999999998,0.0034223749999999996,16.0,0.761301171023859,0.21678194558928277,0.018602581311143774,-0.0016265512911900098,-9.109222386429303e-6,-0.0007541523202378931,0.06851865989777792,-0.2892415225505829,-0.3369585871696472,-0.8884701728820801,-1.0987770557403564,-0.9414107799530029,-0.2509760856628418,0.18777401745319366,1.5140941143035889,3.119800329208374,-1.1265740394592285,2.116769313812256,-0.43417903780937195
0.05475799999999998,0.0034223749999999996,16.0,0.8023995882669008,0.25788113554434666,0.01860386440476014,-0.0014422744446490677,-8.078776486392259e-6,-0.0006687150551817127,0.0685186370446167,-0.289224773645401,-0.3370099663734436,-0.888575553894043,-1.098663330078125,-0.9417639374732971,-0.251237154006958,0.18769502639770508,1.5140345096588135,3.119943618774414,-1.1267144680023193,2.116910219192505,-0.43423351645469666
0.05475799999999998,0.0034223749999999996,16.0,0.8426670939297933,0.2981468373285667,0.01860058221457138,-0.001357189198118506,-7.599914380157856e-6,-0.0006292625341434386,0.06851867601365948,-0.2893643081188202,-0.33613091707229614,-0.8867358565330505,-1.0996229648590088,-0.9356384873390198,-0.2476506233215332,0.19006437063217163,1.5152509212493896,3.1175312995910645,-1.1240792274475098,2.1151535511016846,-0.4344598650932312
0.05475799999999998,0.0034223749999999996,16.0,0.8821037700162936,0.3375803282218599,0.01859493701063826,-0.0011603233411545762,-6.4932451638816855e-6,-0.000537977163742776,0.06851873117074528,-0.28842559456825256,-0.34072425961494446,-0.8963251113891602,-1.0935308933258057,-0.9669200778007507,-0.266904354095459,0.1774628609418869,1.510742425918579,3.131061315536499,-1.1379644870758057,2.1232120990753174,-0.4362061023712158
0.05475799999999998,0.0034223749999999996,16.0,0.9207087028576727,0.37618519864246835,0.018594887441202843,-0.0010093210349117797,-5.648208166473797e-6,-0.000467965567135406,0.06851872992023522,-0.28841349482536316,-0.34074652194976807,-0.8963639140129089,-1.093453288078308,-0.9670732021331787,-0.26700258255004883,0.17743483185768127,1.5107026100158691,3.1311070919036865,-1.1380010843276978,2.1232948303222656,-0.43624410033226013
0.05475799999999998,0.0034223749999999996,16.0,0.9584824128310074,0.4139588684298823,0.01859484154357745,-0.0008203690719929954,-4.590809184840763e-6,-0.0003803590163221026,0.06851872948526809,-0.28840211033821106,-0.3407655656337738,-0.896399736404419,-1.0933828353881836,-0.9672094583511353,-0.2670884132385254,0.17741231620311737,1.510665774345398,3.13114857673645,-1.1380255222320557,2.1233742237091064,-0.43627914786338806
0.05475799999999998,0.0034223749999999996,16.0,0.9954249127876329,0.45090133044447084,0.018594791362173697,-0.0006527015964490177,-3.6525249763652056e-6,-0.00030262094596377387,0.06851872945900352,-0.28839412331581116,-0.3407861292362213,-0.8964385986328125,-1.0933303833007812,-0.9673497676849365,-0.2671821117401123,0.17738941311836243,1.510635495185852,3.131192922592163,-1.1380571126937866,2.1234700679779053,-0.43630045652389526
0.05475799999999998,0.0034223749999999996,16.0,1.031536148262367,0.487012997968852,0.0185955355156733,-0.0004928669335646273,-2.758331168029196e-6,-0.00022851510589662292,0.06851871531196863,-0.28838470578193665,-0.34081271290779114,-0.8964866399765015,-1.0932732820510864,-0.9675244092941284,-0.2672994136810303,0.1773529350757599,1.5106029510498047,3.1312427520751953,-1.1381125450134277,2.1235809326171875,-0.4363257884979248
0.05475799999999998,0.0034223749999999996,16.0,1.0668162498084555,0.5222930300565342,0.01859545432787373,-0.000338674662734099,-1.8953824597431089e-6,-0.00015702459612876622,0.06851871535349227,-0.28820815682411194,-0.34201011061668396,-0.8989543318748474,-1.0922890901565552,-0.9758152961730957,-0.2721407413482666,0.17450089752674103,1.5091285705566406,3.134305715560913,-1.1412100791931152,2.126399517059326,-0.4358742833137512
0.05475799999999998,0.0034223749999999996,16.0,1.1012651503133708,0.5567418294846787,0.018595334178089937,-0.000189909594589881,-1.0628091032063727e-6,-8.805043766754528e-5,0.06851871638907156,-0.2881922423839569,-0.3420608639717102,-0.8990362286567688,-1.0921967029571533,-0.9761316776275635,-0.272350549697876,0.17443519830703735,1.509108304977417,3.1343743801116943,-1.1413832902908325,2.126546859741211,-0.4359472990036011
0.05475799999999998,0.0034223749999999996,16.0,1.134882833661946,0.5903592926266468,0.018595087554849527,-5.66182289356742e-5,-3.1684053643268366e-7,-2.6250635210386038e-5,0.06851873054045181,-0.2881810963153839,-0.3421885073184967,-0.899193525314331,-1.092288613319397,-0.976615846157074,-0.2729628086090088,0.17405572533607483,1.5094438791275024,3.1348299980163574,-1.1421074867248535,2.1265156269073486,-0.43618714809417725
0.05475799999999998,0.0034223749999999996,16.0,1.1676693161733371,0.6231455289227763,0.01859481298505499,0.00012222515417710305,6.839410543142494e-7,5.66686559322911e-5,0.06851874553783073,-0.28816595673561096,-0.34232646226882935,-0.8993638753890991,-1.0923525094985962,-0.977165937423706,-0.27361035346984863,0.17366530001163483,1.5097795724868774,3.1352875232696533,-1.1428967714309692,2.126492738723755,-0.4364563226699829
0.05475799999999998,0.0034223749999999996,16.0,1.199624578876526,0.6551005618318543,0.01859454535090162,0.0002890071714308902,1.6171100288566767e-6,0.00013399536529751138,0.06851876119082471,-0.28819331526756287,-0.3423093855381012,-0.8991497755050659,-1.092738151550293,-0.9764437079429626,-0.2736639976501465,0.1735607087612152,1.5104541778564453,3.1353797912597656,-1.1434613466262817,2.1259946823120117,-0.43673187494277954
0.05475799999999998,0.0034223749999999996,16.0,1.2307484961140134,0.6862251262258594,0.01859582150887682,0.0004569235562616284,2.556937635289789e-6,0.00021184843061351126,0.06851875994861265,-0.2882227599620819,-0.3422846496105194,-0.8989278078079224,-1.093138337135315,-0.9756853580474854,-0.2736947536468506,0.17346829175949097,1.5111234188079834,3.135467052459717,-1.144006371498108,2.1254639625549316,-0.4369882345199585
0.05475799999999998,0.0034223749999999996,16.0,1.2610413395997415,0.7165177866310595,0.01859561466357841,0.0006556166060227111,3.668599666889567e-6,0.0003039699228303196,0.06851877437841282,-0.2882654368877411,-0.34213629364967346,-0.8985720872879028,-1.093495488166809,-0.9744645357131958,-0.27315688133239746,0.1738293617963791,1.5115458965301514,3.1351373195648193,-1.143772006034851,2.12502384185791,-0.43704450130462646
0.05475799999999998,0.0034223749999999996,16.0,1.2905029077921377,0.7459792288599729,0.018595411490090034,0.0007973262579755036,4.461605561502605e-6,0.00036967264570786097,0.06851878695795885,-0.2883314788341522,-0.3417867124080658,-0.8977957963943481,-1.0939723253250122,-0.9719195365905762,-0.2716822624206543,0.17486806213855743,1.5121433734893799,3.134046792984009,-1.1427329778671265,2.12446928024292,-0.4371505379676819
0.05475799999999998,0.0034223749999999996,16.0,1.3191332245579672,0.7746101479046421,0.018596632570914765,0.0009782993654391533,5.474788300531561e-6,0.000453579732165635,0.06851878397734464,-0.28839436173439026,-0.34150728583335876,-0.8970842361450195,-1.0945216417312622,-0.969575822353363,-0.27062416076660156,0.17545056343078613,1.512883186340332,3.1333696842193604,-1.142293095588684,2.1235883235931396,-0.437322199344635
0.05475799999999998,0.0034223749999999996,16.0,1.3469324200424966,0.8024096474354411,0.01859720170146956,0.0011177907607012587,6.255691244937693e-6,0.0005182544410784884,0.0685187727842861,-0.2883772552013397,-0.3415614664554596,-0.8971615433692932,-1.0943942070007324,-0.9699238538742065,-0.270855188369751,0.1752287745475769,1.5127427577972412,3.133498430252075,-1.1424568891525269,2.1236751079559326,-0.4373086094856262
0.05475799999999998,0.0034223749999999996,16.0,1.3739009774967237,0.8293757713975703,0.018592693534709357,0.0012732520229833334,7.122108468612166e-6,0.0005903260279180115,0.06851879179921296,-0.28838762640953064,-0.3413935601711273,-0.8968048095703125,-1.094380259513855,-0.9689061641693115,-0.27014732360839844,0.17565718293190002,1.5126471519470215,3.1328988075256348,-1.1418250799179077,2.123509407043457,-0.4372197389602661
0.05475799999999998,0.0034223749999999996,16.0,1.4000378161845635,0.8555125293055892,0.01859262458627655,0.0014595834672773882,8.164064822803199e-6,0.0006767156310446324,0.06851879156393563,-0.2882257401943207,-0.3421735167503357,-0.8984044790267944,-1.093212604522705,-0.9746853709220886,-0.27297258377075195,0.1733267605304718,1.510984182357788,3.1347644329071045,-1.1435011625289917,2.125558614730835,-0.4367539584636688
0.05475799999999998,0.0034223749999999996,16.0,1.4253434503634086,0.8808182930177328,0.018593118648715157,0.0016487097211898252,9.221036988342773e-6,0.000764401087312803,0.06851878157048008,-0.28812697529792786,-0.3420310914516449,-0.8979223370552063,-1.0921761989593506,-0.9742326736450195,-0.2715592384338379,0.1726524829864502,1.5098795890808105,3.133885622024536,-1.1428472995758057,2.125826358795166,-0.4366801679134369
0.05475799999999998,0.0034223749999999996,16.0,1.449817926542854,0.9052928729258111,0.018593733472905893,0.0018588861120793338,1.0394548699177646e-5,0.0008618458099075978,0.06851876293666226,-0.2880720794200897,-0.341776579618454,-0.8971245288848877,-1.0915907621383667,-0.9725674986839294,-0.2698020935058594,0.17209355533123016,1.5094279050827026,3.132958173751831,-1.1422489881515503,2.125389814376831,-0.43679869174957275
0.05475799999999998,0.0034223749999999996,16.0,1.4734612312595952,0.9289356789903513,0.018593054596029064,0.002014492728787423,1.1262011559706502e-5,0.000933990069505252,0.06851875678753361,-0.28796079754829407,-0.34176555275917053,-0.8969408273696899,-1.0905520915985107,-0.9728925824165344,-0.26897239685058594,0.1710844188928604,1.5084729194641113,3.132599353790283,-1.1419943571090698,2.1257224082946777,-0.4368831515312195
0.05475799999999998,0.0034223749999999996,16.0,1.4962733137202602,0.9517476966843672,0.01859325103786572,0.0022125638108456223,1.2366908323380242e-5,0.001025822010343861,0.06851874033747911,-0.28788432478904724,-0.34175869822502136,-0.8968219757080078,-1.0898311138153076,-0.9731264114379883,-0.2684187889099121,0.1703689694404602,1.5078158378601074,3.1323649883270264,-1.1418408155441284,2.1259186267852783,-0.43694713711738586
0.05475799999999998,0.0034223749999999996,16.0,1.518254104160459,0.97372866061759,0.01859375060801937,0.0024132704533818264,1.3487683369683469e-5,0.001118876570158205,0.06851873098353964,-0.28784075379371643,-0.3416233956813812,-0.8964022397994995,-1.0893754959106445,-0.9723311066627502,-0.26737022399902344,0.1699419915676117,1.5074572563171387,3.131817102432251,-1.1414909362792969,2.1257553100585938,-0.43703770637512207
0.05475799999999998,0.0034223749999999996,16.0,1.5394037312975317,0.9948781295608475,0.01859349562121167,0.002624977808457395,1.4669572501698275e-5,0.0012170303878910338,0.06851872842752238,-0.2878166139125824,-0.342114120721817,-0.8975127935409546,-1.089436650276184,-0.9755926728248596,-0.26955270767211914,0.16926458477973938,1.507386565208435,3.133166790008545,-1.1425966024398804,2.126861095428467,-0.4369264245033264
0.05475799999999998,0.0034223749999999996,16.0,1.5597220702899375,1.0151963115833742,0.01859310844924285,0.002838135187544186,1.5860994738947477e-5,0.0013158581983779625,0.06851873754716108,-0.2878345549106598,-0.34189721941947937,-0.8969492316246033,-1.089523434638977,-0.9739673137664795,-0.2684915065765381,0.16935552656650543,1.5075722932815552,3.1325879096984863,-1.1422048807144165,2.1262683868408203,-0.43701356649398804
0.05475799999999998,0.0034223749999999996,16.0,1.5792092476111328,1.0346841864464809,0.018594754236094496,0.0030035319121232145,1.6783887323616047e-5,0.0013925457621492684,0.06851869747547246,-0.28778842091560364,-0.34174978733062744,-0.8965761065483093,-1.0889731645584106,-0.9733189940452576,-0.2673811912536621,0.16916435956954956,1.5070092678070068,3.131906032562256,-1.1415976285934448,2.126332998275757,-0.4369969069957733
0.05475799999999998,0.0034223749999999996,16.0,1.5978651757496454,1.053340263803273,0.018595035333551307,0.0031908253559868637,1.783080367860325e-5,0.0014793818470399598,0.06851869727243126,-0.28782567381858826,-0.3413875102996826,-0.8957326412200928,-1.0891797542572021,-0.9707636833190918,-0.26573634147644043,0.1697772592306137,1.5073415040969849,3.130833625793457,-1.1406246423721313,2.1255879402160645,-0.4371072053909302
0.05475799999999998,0.0034223749999999996,16.0,1.6156899897464883,1.0711641192537087,0.0185929226148574,0.0033542277902907664,1.8743315424220773e-5,0.0015551373411990563,0.06851872703160769,-0.28780749440193176,-0.3417089879512787,-0.8965135812759399,-1.0890687704086304,-0.9731537699699402,-0.26723551750183105,0.16919809579849243,1.5067968368530273,3.13175630569458,-1.1413451433181763,2.1263914108276367,-0.4366876184940338
0.05475799999999998,0.0034223749999999996,16.0,1.6326835549686276,1.0881576461258322,0.018592871005527516,0.0035447815284590906,1.980802672412975e-5,0.001643483708609152,0.06851872664594967,-0.2877978980541229,-0.3417315185070038,-0.8965704441070557,-1.0890002250671387,-0.9733081459999084,-0.26734137535095215,0.16914653778076172,1.5068104267120361,3.131869077682495,-1.141433596611023,2.126368999481201,-0.43677133321762085
0.05475799999999998,0.0034223749999999996,16.0,1.6488457765609705,1.1043203128231465,0.018593715725824078,0.0037125652052314574,2.0748185669010594e-5,0.0017212767776638642,0.06851873044289629,-0.28780367970466614,-0.34181737899780273,-0.8967546224594116,-1.0891560316085815,-0.9737988114356995,-0.2677493095397949,0.16913245618343353,1.506942629814148,3.132113456726074,-1.1416221857070923,2.1265385150909424,-0.43674981594085693
0.05475799999999998,0.0034223749999999996,16.0,1.6641770904489632,1.1196506386882565,0.01859172356489285,0.0038796666326843562,2.1679893384993994e-5,0.0017987434303741929,0.06851874586039167,-0.2878113090991974,-0.34175920486450195,-0.8966213464736938,-1.0892279148101807,-0.9733090400695801,-0.26757097244262695,0.16924189031124115,1.5071299076080322,3.1320621967315674,-1.1415984630584717,2.1262314319610596,-0.43686190247535706
0.05475799999999998,0.0034223749999999996,16.0,1.6786769980824001,1.1341509021812821,0.018592537074804145,0.004010289115496976,2.2409942309040965e-5,0.0018593076280898197,0.06851873150416116,-0.28777816891670227,-0.3416959345340729,-0.8964977860450745,-1.088836669921875,-0.9732609391212463,-0.26708030700683594,0.16917981207370758,1.5065367221832275,3.131687641143799,-1.1411571502685547,2.1264190673828125,-0.43666064739227295
0.05475799999999998,0.0034223749999999996,16.0,1.6923457883103357,1.1478192322090275,0.01859160545500352,0.004127814304206213,2.306570867613159e-5,0.0019137937846111868,0.06851873880972961,-0.2877415120601654,-0.3419223725795746,-0.8970272541046143,-1.088597059249878,-0.974925696849823,-0.2680704593658447,0.1687437891960144,1.5062050819396973,3.1323585510253906,-1.141709804534912,2.1268720626831055,-0.43657851219177246
0.05475799999999998,0.0034223749999999996,16.0,1.7051833362912303,1.1606570584315263,0.018592272908471364,0.004252845957859703,2.3764160405209587e-5,0.0019717611281992267,0.06851872630653735,-0.287626177072525,-0.34254083037376404,-0.8985357284545898,-1.0877928733825684,-0.9794526100158691,-0.2708864212036133,0.1675555258989334,1.5055763721466064,3.134234666824341,-1.1433053016662598,2.128054141998291,-0.4367868900299072
0.05475799999999998,0.0034223749999999996,16.0,1.7171897980770092,1.1726635823320917,0.018592652736820123,0.004385651812309132,2.4502908538564047e-5,0.002033331786232845,0.06851869749454237,-0.2875794470310211,-0.3420058488845825,-0.8973588943481445,-1.086960792541504,-0.9765384197235107,-0.26799535751342773,0.16799616813659668,1.5047495365142822,3.13232684135437,-1.141395926475525,2.127532482147217,-0.4367789328098297
0.05475799999999998,0.0034223749999999996,16.0,1.728365004152443,1.1838393600879482,0.0185941210528536,0.004520794497203791,2.5255413271676634e-5,0.002095989701909112,0.06851865466258396,-0.2875497043132782,-0.34150388836860657,-0.8962452411651611,-1.0863783359527588,-0.9735984802246094,-0.26538658142089844,0.16851505637168884,1.5043373107910156,3.1306307315826416,-1.1396794319152832,2.126863718032837,-0.4369341731071472
0.05475799999999998,0.0034223749999999996,16.0,1.7387089965393576,1.1941836930352434,0.018595023094184537,0.004651197393699962,2.5982710222184526e-5,0.0021564460743215665,0.06851862992322175,-0.28752294182777405,-0.3410058915615082,-0.8951359391212463,-1.0858572721481323,-0.9706310629844666,-0.2628145217895508,0.16906920075416565,1.5040258169174194,3.128943681716919,-1.1379876136779785,2.126185417175293,-0.4371292293071747
0.05475799999999998,0.0034223749999999996,16.0,1.748221736887737,1.2036970376003626,0.018596493450112484,0.0048020905310848065,2.6824901553918257e-5,0.002226406707461946,0.06851859769021486,-0.2875138819217682,-0.3405962288379669,-0.8942198157310486,-1.085572361946106,-0.9680496454238892,-0.2607839107513428,0.16958466172218323,1.5040068626403809,3.1276659965515137,-1.13667893409729,2.125464916229248,-0.43738263845443726
0.05475799999999998,0.0034223749999999996,16.0,1.7569032613037134,1.2123791390004872,0.018597875682599685,0.004991059844294523,2.7879680063172637e-5,0.0023140211513583532,0.06851856746090704,-0.2875094711780548,-0.34017935395240784,-0.8932623863220215,-1.0853862762451172,-0.9653021097183228,-0.25870323181152344,0.17017774283885956,1.5041804313659668,3.1263444423675537,-1.1353353261947632,2.124708652496338,-0.43772822618484497
0.05475799999999998,0.0034223749999999996,16.0,1.76475346187687,1.220230932935208,0.01860139572448268,0.0052209936264089665,2.91653103689772e-5,0.002420638191092678,0.068518510260925,-0.2875315248966217,-0.3393493592739105,-0.8913497924804688,-1.0852453708648682,-0.9598622918128967,-0.25459837913513184,0.1714194416999817,1.5044015645980835,3.1236443519592285,-1.1327251195907593,2.12334942817688,-0.4380584955215454
0.05475799999999998,0.0034223749999999996,16.0,1.7717725970618348,1.2272508785702425,0.018603373402163226,0.005573260150203464,3.113065174095184e-5,0.0025839680957828346,0.06851846087314328,-0.28745004534721375,-0.33980894088745117,-0.8925093412399292,-1.0846673250198364,-0.9631703495979309,-0.2568979263305664,0.1704956442117691,1.504016399383545,3.1251943111419678,-1.1340118646621704,2.1240243911743164,-0.4382765293121338
0.05475799999999998,0.0034223749999999996,16.0,1.7779602264453933,1.2334422354529506,0.01861153481591477,0.006161801010395671,3.4419444373050716e-5,0.0028568803160399147,0.0685183210079011,-0.2874917685985565,-0.3386574983596802,-0.8898541927337646,-1.084527611732483,-0.9556999206542969,-0.2511723041534424,0.17220798134803772,1.5041319131851196,3.1213691234588623,-1.130327820777893,2.1222829818725586,-0.4384879171848297
0.05475799999999998,0.0034223749999999996,16.0,1.7833166768186386,1.238801912225271,0.018618691173665065,0.007499460782460508,4.1894827156825234e-5,0.003477123686006986,0.0685182027073599,-0.2875398099422455,-0.3364906311035156,-0.8849102854728699,-1.083899974822998,-0.942087709903717,-0.24027347564697266,0.17530103027820587,1.503633737564087,3.1139578819274902,-1.123105525970459,2.119386911392212,-0.4385393261909485
0.05475799999999998,0.0034223749999999996,16.0,1.7878418347634384,1.2433328022735082,0.018631495795190176,0.013906108902700626,7.76823775701384e-5,0.006447727019854158,0.06851796725382198,-0.28747573494911194,-0.3374041020870209,-0.8870429396629333,-1.0837178230285645,-0.9480383396148682,-0.2448267936706543,0.17376883327960968,1.503587007522583,3.1170852184295654,-1.1260496377944946,2.120569944381714,-0.43871262669563293
0.05475799999999998,0.0034223749999999996,16.0,1.7578086255632976,-1.2445,0.007231790867624131,-0.013962461932820198,-0.0,-0.006510802925971703,0.0684475,-0.28833940625190735,-0.3403278589248657,-0.8943923115730286,-1.0936360359191895,-0.9606843590736389,-0.26384902000427246,0.17649155855178833,1.5134098529815674,3.1312830448150635,-1.1391757726669312,2.1227962970733643,-0.4386960566043854
0.05475799999999998,0.0034223749999999996,16.0,1.7532831710178431,-1.2399745454545454,0.007231790867624131,-0.007530070500642499,-0.0,-0.003511329540896642,0.0684475,-0.2880283296108246,-0.3420691192150116,-0.8983066082000732,-1.0915069580078125,-0.9734442830085754,-0.27149367332458496,0.17233821749687195,1.5111918449401855,3.136014223098755,-1.1438946723937988,2.125838279724121,-0.4386826753616333
0.05475799999999998,0.0034223749999999996,16.0,1.7479265105354684,-1.2346178849721707,0.007231790867624131,-0.006183594553190455,-0.0,-0.0028834574950782465,0.0684475,-0.2878641188144684,-0.34305641055107117,-0.9005381464958191,-1.090389609336853,-0.9807013273239136,-0.2758617401123047,0.1700104922056198,1.509926199913025,3.1386849880218506,-1.1465519666671753,2.1276228427886963,-0.43857839703559875
0.05475799999999998,0.0034223749999999996,16.0,1.7417386441161733,-1.2284300185528756,0.007231790867624131,-0.005590766353261029,-0.0,-0.0026070171654809125,0.0684475,-0.2876986563205719,-0.34409499168395996,-0.9028322696685791,-1.0893371105194092,-0.9881793856620789,-0.28048157691955566,0.16753925383090973,1.5087521076202393,3.1415250301361084,-1.1494288444519043,2.129326820373535,-0.4384995102882385
0.05475799999999998,0.0034223749999999996,16.0,1.7347195717599582,-1.2214109461966605,0.007231790867624131,-0.005244708216808134,-0.0,-0.00244564760628608,0.0684475,-0.2876621186733246,-0.34442079067230225,-0.9035623073577881,-1.0891295671463013,-0.9905766844749451,-0.28187060356140137,0.16687731444835663,1.5083452463150024,3.1423230171203613,-1.1502147912979126,2.1300835609436035,-0.4383135139942169
0.05475799999999998,0.0034223749999999996,16.0,1.7268692934668226,-1.213560667903525,0.007231790867624131,-0.005018036187363162,-0.0,-0.0023399487030663544,0.0684475,-0.2875940501689911,-0.3449607491493225,-0.9047254323959351,-1.088767409324646,-0.9944031238555908,-0.2842433452606201,0.1656598299741745,1.5078041553497314,3.1437432765960693,-1.15166175365448,2.131021499633789,-0.4381546974182129
0.05475799999999998,0.0034223749999999996,16.0,1.718187809236767,-1.2048791836734694,0.007231790867624131,-0.0048175207076318225,-0.0,-0.0022464467992890074,0.0684475,-0.28756824135780334,-0.3452272415161133,-0.905322790145874,-1.0886344909667969,-0.9963846206665039,-0.28536367416381836,0.16515424847602844,1.5074398517608643,3.1443614959716797,-1.152256727218628,2.1317062377929688,-0.4379344582557678
0.05475799999999998,0.0034223749999999996,16.0,1.708675119069791,-1.1953664935064934,0.007231790867624131,-0.004667017302054392,-0.0,-0.0021762659086898436,0.0684475,-0.2875595986843109,-0.34543874859809875,-0.9057757258415222,-1.0886460542678833,-0.9978976249694824,-0.2862548828125,0.1647699624300003,1.50722336769104,3.144840955734253,-1.1527365446090698,2.132230281829834,-0.43771350383758545
0.05475799999999998,0.0034223749999999996,16.0,1.6983312229658951,-1.1850225974025974,0.007231790867624131,-0.004532273915463264,-0.0,-0.002113434035636661,0.0684475,-0.28756245970726013,-0.34565943479537964,-0.9062166213989258,-1.0887970924377441,-0.9993993639945984,-0.287168025970459,0.16439618170261383,1.5070831775665283,3.1453144550323486,-1.1532291173934937,2.132754325866699,-0.4374285936355591
0.05475799999999998,0.0034223749999999996,16.0,1.6871561209250787,-1.173847495361781,0.007231790867624131,-0.004397757659627618,-0.0,-0.0020507080753941623,0.0684475,-0.2875693142414093,-0.3458041846752167,-0.9065039753913879,-1.088932752609253,-1.000380039215088,-0.2877664566040039,0.1641504019498825,1.5069818496704102,3.1456096172332764,-1.1535375118255615,2.133122444152832,-0.4371945858001709
0.05475799999999998,0.0034223749999999996,16.0,1.675149812947342,-1.1618411873840444,0.007231790867624131,-0.004273126971197674,-0.0,-0.0019925918309381496,0.0684475,-0.28759506344795227,-0.3458474576473236,-0.9065478444099426,-1.0892202854156494,-1.000552773475647,-0.28794360160827637,0.1641198843717575,1.5070946216583252,3.1456639766693115,-1.1536468267440796,2.1332056522369385,-0.43701815605163574
0.05475799999999998,0.0034223749999999996,16.0,1.6623122990326855,-1.1490036734693876,0.007231790867624131,-0.004145980719730968,-0.0,-0.0019333025601735235,0.0684475,-0.28759947419166565,-0.34596994519233704,-0.9067767262458801,-1.0893399715423584,-1.0013458728790283,-0.28846025466918945,0.16389180719852448,1.5070374011993408,3.1459343433380127,-1.1539340019226074,2.1334476470947266,-0.43684375286102295
0.05475799999999998,0.0034223749999999996,16.0,1.6486435791811085,-1.1353349536178108,0.007231790867624131,-0.004036512045596692,-0.0,-0.0018822564790966368,0.0684475,-0.2876097857952118,-0.34590858221054077,-0.9066612720489502,-1.089377760887146,-1.0009466409683228,-0.2881765365600586,0.1640588343143463,1.507075309753418,3.1457667350769043,-1.1537458896636963,2.133427858352661,-0.43684250116348267
0.05475799999999998,0.0034223749999999996,16.0,1.6341436533926113,-1.1208350278293135,0.007231790867624131,-0.0038977033426717306,-0.0,-0.001817528917904165,0.0684475,-0.2876037061214447,-0.34594523906707764,-0.9067428112030029,-1.0893118381500244,-1.001190423965454,-0.2883415222167969,0.1639157086610794,1.5070195198059082,3.1458916664123535,-1.1538538932800293,2.133471965789795,-0.43685415387153625
0.05475799999999998,0.0034223749999999996,16.0,1.6188125216671938,-1.105503896103896,0.007231790867624131,-0.003722215681667806,-0.0,-0.0017356976776663265,0.0684475,-0.2876754105091095,-0.34566473960876465,-0.9060966968536377,-1.0898334980010986,-0.9990578293800354,-0.2870914936065674,0.16464190185070038,1.5075163841247559,3.1451165676116943,-1.1531099081039429,2.133026361465454,-0.4368167221546173
0.05475799999999998,0.0034223749999999996,16.0,1.6026501840048561,-1.0893415584415584,0.007231790867624131,-0.0035581436873785544,-0.0,-0.0016591896502404853,0.0684475,-0.28766027092933655,-0.34575846791267395,-0.9063072204589844,-1.089725375175476,-0.9997138381004333,-0.28754401206970215,0.16438622772693634,1.5074485540390015,3.145411491394043,-1.153432011604309,2.133119821548462,-0.4368607997894287
0.05475799999999998,0.0034223749999999996,16.0,1.5856566404055983,-1.0723480148423006,0.007231790867624131,-0.003371563931063085,-0.0,-0.0015721860810138885,0.0684475,-0.28765198588371277,-0.34582069516181946,-0.9064677357673645,-1.0896612405776978,-1.0002511739730835,-0.28778839111328125,0.16431346535682678,1.5073022842407227,3.1455328464508057,-1.1535344123840332,2.133376359939575,-0.4367832839488983
0.05475799999999998,0.0034223749999999996,16.0,1.56783189086942,-1.0545232653061223,0.007231790867624131,-0.0031948053137232737,-0.0,-0.0014897621841034455,0.0684475,-0.2876756489276886,-0.345639705657959,-0.9060551524162292,-1.0898164510726929,-0.9988704323768616,-0.2870292663574219,0.1646847277879715,1.5076292753219604,3.1451151371002197,-1.153156042098999,2.132908582687378,-0.4369468092918396
0.05475799999999998,0.0034223749999999996,16.0,1.5491759353963217,-1.035867309833024,0.007231790867624131,-0.0030107442712062602,-0.0,-0.0014039331104097694,0.0684475,-0.28766879439353943,-0.3456721007823944,-0.9061262607574463,-1.0897616147994995,-0.9991330504417419,-0.2871272563934326,0.16462816298007965,1.507551908493042,3.145179271697998,-1.1531646251678467,2.133039951324463,-0.43692582845687866
0.05475799999999998,0.0034223749999999996,16.0,1.5296887739863032,-1.0163801484230055,0.007231790867624131,-0.0028463181131255966,-0.0,-0.0013272599336957515,0.0684475,-0.28767767548561096,-0.3456752300262451,-0.9061154127120972,-1.0898514986038208,-0.9991316199302673,-0.2871134281158447,0.16468405723571777,1.5076406002044678,3.1451919078826904,-1.1531727313995361,2.133045196533203,-0.43692439794540405
0.05475799999999998,0.0034223749999999996,16.0,1.5093704066393645,-0.9960617810760667,0.007231790867624131,-0.002630731154910217,-0.0,-0.0012267300840815782,0.0684475,-0.28767213225364685,-0.34569329023361206,-0.9061320424079895,-1.0898182392120361,-0.9991852641105652,-0.28719067573547363,0.1646132618188858,1.5077722072601318,3.1453235149383545,-1.1533243656158447,2.1329281330108643,-0.43708932399749756
0.05475799999999998,0.0034223749999999996,16.0,1.4882208333555054,-0.9749122077922077,0.007231790867624131,-0.0024166571296674265,-0.0,-0.0011269057266987987,0.0684475,-0.2877126634120941,-0.34552493691444397,-0.9057292938232422,-1.0901755094528198,-0.9978809356689453,-0.28646016120910645,0.16513605415821075,1.508243203163147,3.1448862552642822,-1.1529896259307861,2.1325578689575195,-0.43719446659088135
0.05475799999999998,0.0034223749999999996,16.0,1.4662400541347262,-0.9529314285714284,0.007231790867624131,-0.0022133734634693807,-0.0,-0.0010321129963728254,0.0684475,-0.2876923382282257,-0.3457028865814209,-0.9061191082000732,-1.0900609493255615,-0.9992563128471375,-0.28708839416503906,0.16491080820560455,1.5080897808074951,3.1453311443328857,-1.1533399820327759,2.1330695152282715,-0.43716442584991455
0.05475799999999998,0.0034223749999999996,16.0,1.4434280689770267,-0.930119443413729,0.007231790867624131,-0.002010609236236261,-0.0,-0.0009375624844141414,0.0684475,-0.2876884639263153,-0.3458048701286316,-0.9062989950180054,-1.0901137590408325,-0.9999033808708191,-0.28748035430908203,0.16474467515945435,1.508176326751709,3.1456096172332764,-1.1536422967910767,2.1331915855407715,-0.4372003972530365
0.05475799999999998,0.0034223749999999996,16.0,1.4197848778824071,-0.9064762523191094,0.007231790867624131,-0.0018480136512790306,-0.0,-0.0008617429179663932,0.0684475,-0.2877001464366913,-0.3457662761211395,-0.9061721563339233,-1.0902354717254639,-0.9995425343513489,-0.287203311920166,0.16493521630764008,1.508589506149292,3.1455979347229004,-1.1536390781402588,2.1330208778381348,-0.43749070167541504
0.05475799999999998,0.0034223749999999996,16.0,1.3953104808508672,-0.8820018552875695,0.007231790867624131,-0.0016493626196613445,-0.0,-0.0007691104206226753,0.0684475,-0.28770557045936584,-0.34585806727409363,-0.9063204526901245,-1.090359091758728,-1.00015127658844,-0.2874131202697754,0.16488060355186462,1.5087369680404663,3.145808458328247,-1.153800368309021,2.1332945823669434,-0.43751728534698486
0.05475799999999998,0.0034223749999999996,16.0,1.3700048778824072,-0.8566962523191094,0.007231790867624131,-0.0014656188136893255,-0.0,-0.0006834292767593767,0.0684475,-0.28771117329597473,-0.3458656072616577,-0.9063159227371216,-1.0904531478881836,-1.000186562538147,-0.2873549461364746,0.1649569272994995,1.5088882446289062,3.145766258239746,-1.153773546218872,2.133419990539551,-0.4375748038291931
0.05475799999999998,0.0034223749999999996,16.0,1.3438680689770268,-0.8305594434137291,0.007231790867624131,-0.0012838731947330756,-0.0,-0.0005986799028039571,0.0684475,-0.28769364953041077,-0.3459441661834717,-0.9064831733703613,-1.090352177619934,-1.0007317066192627,-0.28772449493408203,0.16469454765319824,1.5087668895721436,3.14593768119812,-1.1539727449417114,2.133535385131836,-0.4375571608543396
0.05475799999999998,0.0034223749999999996,16.0,1.3169000541347262,-0.8035914285714285,0.007231790867624131,-0.001133159329079268,-0.0,-0.0005284008730594429,0.0684475,-0.28789010643959045,-0.34534502029418945,-0.904956042766571,-1.0920865535736084,-0.9959604144096375,-0.28476738929748535,0.16672511398792267,1.5107061862945557,3.1441853046417236,-1.1524384021759033,2.132622241973877,-0.43772920966148376
0.05475799999999998,0.0034223749999999996,16.0,1.2891008333555056,-0.7757922077922077,0.007231790867624131,-0.0009989230432074093,-0.0,-0.00046580546495511154,0.0684475,-0.2878750264644623,-0.3454259932041168,-0.9051310420036316,-1.09197998046875,-0.9965813755989075,-0.28502750396728516,0.16655485332012177,1.5105702877044678,3.1443545818328857,-1.1525388956069946,2.1328976154327393,-0.4377036988735199
0.05475799999999998,0.0034223749999999996,16.0,1.2604704066393644,-0.7471617810760667,0.007231790867624131,-0.0008244017119570454,-0.0,-0.0003844248316816616,0.0684475,-0.28786352276802063,-0.3455051779747009,-0.9053306579589844,-1.0919005870819092,-0.9972478151321411,-0.28533172607421875,0.16645300388336182,1.5104305744171143,3.14452862739563,-1.1527189016342163,2.133190631866455,-0.43764838576316833
0.05475799999999998,0.0034223749999999996,16.0,1.2310087739863034,-0.7177001484230054,0.007231790867624131,-0.0006920201798255806,-0.0,-0.0003226943094504676,0.0684475,-0.28786513209342957,-0.3453899919986725,-0.9050806760787964,-1.0918935537338257,-0.9963187575340271,-0.284987211227417,0.16656553745269775,1.510740041732788,3.1443777084350586,-1.1527223587036133,2.132612705230713,-0.43795934319496155
0.05475799999999998,0.0034223749999999996,16.0,1.2007159353963217,-0.687407309833024,0.007231790867624131,-0.0005194736460039004,-0.0,-0.00024223453934131762,0.0684475,-0.2878294885158539,-0.34555017948150635,-0.9054948091506958,-1.0916175842285156,-0.9976983070373535,-0.28562211990356445,0.16632524132728577,1.5103743076324463,3.1447458267211914,-1.1530399322509766,2.1331541538238525,-0.4378800392150879
0.05475799999999998,0.0034223749999999996,16.0,1.1695918908694203,-0.6562832653061225,0.007231790867624131,-0.00032629502874310804,-0.0,-0.0001521538707208167,0.0684475,-0.28781285881996155,-0.34562355279922485,-0.9056671261787415,-1.0914736986160278,-0.9982961416244507,-0.2858724594116211,0.16615159809589386,1.5101776123046875,3.1449191570281982,-1.153110146522522,2.1333975791931152,-0.43783167004585266
0.05475799999999998,0.0034223749999999996,16.0,1.1376366404055982,-0.6243280148423005,0.007231790867624131,-0.00015253980700559647,-0.0,-7.113048018019514e-5,0.0684475,-0.2878158986568451,-0.3456116318702698,-0.9056436419487,-1.0915015935897827,-0.9982299208641052,-0.28580188751220703,0.16620488464832306,1.5102107524871826,3.144883155822754,-1.153059959411621,2.133394241333008,-0.4378359913825989
0.05475799999999998,0.0034223749999999996,16.0,1.1048501840048561,-0.5915415584415583,0.007231790867624131,1.6911999741579796e-5,0.0,7.886194994214017e-6,0.0684475,-0.28782179951667786,-0.3456001579761505,-0.9056212902069092,-1.0915498733520508,-0.998162567615509,-0.2857358455657959,0.16625668108463287,1.510244369506836,3.1448490619659424,-1.153009057044983,2.133404016494751,-0.43782132863998413
0.05475799999999998,0.0034223749999999996,16.0,1.0712325216671938,-0.5579238961038959,0.007231790867624131,0.00018694972394813216,0.0,8.717608796697698e-5,0.0684475,-0.28783032298088074,-0.34559115767478943,-0.9056035876274109,-1.0916160345077515,-0.9981017708778381,-0.28567981719970703,0.16630232334136963,1.5102832317352295,3.14481782913208,-1.1529674530029297,2.1334290504455566,-0.43779420852661133
0.05475799999999998,0.0034223749999999996,16.0,1.0367836533926111,-0.5234750278293134,0.007231790867624131,0.0003711257120846686,0.0,0.0001730587616833081,0.0684475,-0.28781798481941223,-0.34567132592201233,-0.905786395072937,-1.091501235961914,-0.9987233281135559,-0.2859506607055664,0.16611242294311523,1.5100994110107422,3.1450142860412598,-1.1530523300170898,2.133699893951416,-0.4377296268939972
0.05475799999999998,0.0034223749999999996,16.0,1.0015035791811084,-0.4881949536178106,0.007231790867624131,0.0005160413206478603,0.0,0.00024063401974251653,0.0684475,-0.2878270447254181,-0.3456672132015228,-0.9057769775390625,-1.0915718078613281,-0.9986894726753235,-0.28591465950012207,0.16614994406700134,1.5101407766342163,3.1449942588806152,-1.1530323028564453,2.133737564086914,-0.43769994378089905
0.05475799999999998,0.0034223749999999996,16.0,0.9653922990326855,-0.4520836734693877,0.007231790867624131,0.0006794977851673403,0.0,0.0003168550209228908,0.0684475,-0.2877987325191498,-0.34578171372413635,-0.9060426950454712,-1.0913394689559937,-0.9994832873344421,-0.28656840324401855,0.16567841172218323,1.5097630023956299,3.145320177078247,-1.1533892154693604,2.133782148361206,-0.43755805492401123
0.05475799999999998,0.0034223749999999996,16.0,0.9284498129473423,-0.4151411873840446,0.007231790867624131,0.0008536264041948308,0.0,0.00039805252947936387,0.0684475,-0.28780636191368103,-0.3457772433757782,-0.9060336351394653,-1.091396689414978,-0.9994508624076843,-0.28653430938720703,0.16571000218391418,1.5097951889038086,3.1453044414520264,-1.1533689498901367,2.13380765914917,-0.43753308057785034
0.05475799999999998,0.0034223749999999996,16.0,0.8906761209250789,-0.37736749536178116,0.007231790867624131,0.0010514726855720383,0.0,0.0004903097656230444,0.0684475,-0.28781285881996155,-0.3457719385623932,-0.9060249328613281,-1.0914489030838013,-0.9994179606437683,-0.286501407623291,0.16574101150035858,1.5098230838775635,3.145280361175537,-1.1533443927764893,2.133836030960083,-0.43750834465026855
0.05475799999999998,0.0034223749999999996,16.0,0.8520712229658952,-0.3387625974025974,0.007231790867624131,0.0012393215928662503,0.0,0.0005779051496703839,0.0684475,-0.28782686591148376,-0.3457699418067932,-0.9060216546058655,-1.0915493965148926,-0.9993886351585388,-0.286484956741333,0.16576199233531952,1.5098637342453003,3.1452651023864746,-1.1533268690109253,2.1338939666748047,-0.4374486207962036
0.05475799999999998,0.0034223749999999996,16.0,0.8126351190697911,-0.29932649350649343,0.007231790867624131,0.001361293060294634,0.0,0.0006347813790086422,0.0684475,-0.288028746843338,-0.345112144947052,-0.9044077396392822,-1.0932857990264893,-0.9942554235458374,-0.2832827568054199,0.16794446110725403,1.5119993686676025,3.143483877182007,-1.1517752408981323,2.132827043533325,-0.43781501054763794
0.05475799999999998,0.0034223749999999996,16.0,0.7723678092367671,-0.25905918367346925,0.007231790867624131,0.0015172593711053647,0.0,0.0007075096641538687,0.0684475,-0.28814181685447693,-0.3446374833583832,-0.9033738374710083,-1.094133734703064,-0.9908644556999207,-0.2808835506439209,0.16957885026931763,1.513596534729004,3.1423892974853516,-1.150760531425476,2.1322102546691895,-0.43855157494544983
0.05475799999999998,0.0034223749999999996,16.0,0.7312692934668227,-0.21796066790352486,0.007231790867624131,0.0016688549664748312,0.0,0.0007781998512172174,0.0684475,-0.28814956545829773,-0.3446996808052063,-0.903556227684021,-1.0941566228866577,-0.9916088581085205,-0.28070616722106934,0.1698152720928192,1.5136260986328125,3.14247727394104,-1.150502324104309,2.133010149002075,-0.4385685920715332
0.05475799999999998,0.0034223749999999996,16.0,0.6893395717599581,-0.1760309461966605,0.007231790867624131,0.0018091889869377175,0.0,0.0008436386796587415,0.0684475,-0.28819170594215393,-0.3446252644062042,-0.9034204483032227,-1.0944852828979492,-0.9912887215614319,-0.2799980640411377,0.17041657865047455,1.5140445232391357,3.1422061920166016,-1.1500169038772583,2.1334564685821533,-0.4386609196662903
0.05475799999999998,0.0034223749999999996,16.0,0.6465786441161733,-0.13327001855287568,0.007231790867624131,0.0019078857239414394,0.0,0.0008896617239584869,0.0684475,-0.2882064878940582,-0.3446195721626282,-0.9033817052841187,-1.0945985317230225,-0.991206705570221,-0.27985286712646484,0.17046266794204712,1.5141668319702148,3.1422033309936523,-1.149910569190979,2.1335272789001465,-0.4386700987815857
0.05475799999999998,0.0034223749999999996,16.0,0.6029865105354685,-0.08967788497217066,0.007231790867624131,0.00188384562162112,0.0,0.0008784516401436922,0.0684475,-0.2881530821323395,-0.34481334686279297,-0.9038465619087219,-1.0941399335861206,-0.9925853610038757,-0.2810091972351074,0.16971322894096375,1.5134682655334473,3.142822265625,-1.150632619857788,2.1335363388061523,-0.43843531608581543
0.05475799999999998,0.0034223749999999996,16.0,0.5585631710178433,-0.045254545454545436,0.007231790867624131,0.0017646255432785566,0.0,0.000822858404606716,0.0684475,-0.28808626532554626,-0.34489595890045166,-0.9040551781654358,-1.0934711694717407,-0.9931259751319885,-0.2820291519165039,0.16885900497436523,1.5123987197875977,3.143003225326538,-1.1512399911880493,2.1329145431518555,-0.43803146481513977
0.05475799999999998,0.0034223749999999996,16.0,0.5133086255632978,0.0,0.007231790867624131,0.00010391161635017403,0.0,4.845478247535032e-5,0.0684475,-0.28768816590309143,-0.34637385606765747,-0.9075982570648193,-1.0901885032653809,-1.0044291019439697,-0.28944873809814453,0.1640801876783371,1.5073297023773193,3.146531820297241,-1.1544814109802246,2.1354897022247314,-0.436307817697525
0.05475799999999998,0.0034223749999999996,16.0,0.5585631710178433,0.04525454545454546,0.007231790867624131,-0.0017116638040078661,-0.0,-0.0007981619399955847,0.0684475,-0.28792402148246765,-0.34494706988334656,-0.9045156240463257,-1.0916763544082642,-0.9942336678504944,-0.2835733890533447,0.16769231855869293,1.5095034837722778,3.142709970474243,-1.1512141227722168,2.1321651935577393,-0.43693917989730835
0.05475799999999998,0.0034223749999999996,16.0,0.6029865105354685,0.08967788497217068,0.007231790867624131,-0.0019028269120583904,-0.0,-0.0008873027612362556,0.0684475,-0.2878492772579193,-0.3448146879673004,-0.9044564962387085,-1.090713620185852,-0.9938889145851135,-0.28365254402160645,0.16734705865383148,1.5078691244125366,3.142026424407959,-1.150356411933899,2.1315526962280273,-0.43626919388771057
0.05475799999999998,0.0034223749999999996,16.0,0.6465786441161735,0.1332700185528757,0.007231790867624131,-0.0018894356919700974,-0.0,-0.0008810583327570455,0.0684475,-0.28788504004478455,-0.3445764183998108,-0.9040257334709167,-1.0908530950546265,-0.9923927783966064,-0.28269505500793457,0.1679043173789978,1.5078517198562622,3.1414499282836914,-1.1494331359863281,2.131073236465454,-0.43610718846321106
0.05475799999999998,0.0034223749999999996,16.0,0.6893395717599583,0.1760309461966605,0.007231790867624131,-0.001780458546107992,-0.0,-0.0008302414550776714,0.0684475,-0.28788843750953674,-0.34454146027565,-0.9039922952651978,-1.0908420085906982,-0.9922096133232117,-0.2826249599456787,0.1678931713104248,1.5077521800994873,3.1414966583251953,-1.14925217628479,2.130889892578125,-0.436018705368042
0.05475799999999998,0.0034223749999999996,16.0,0.7312692934668228,0.21796066790352506,0.007231790867624131,-0.001628301415248046,-0.0,-0.0007592894197147864,0.0684475,-0.2879205048084259,-0.3444167375564575,-0.9036964178085327,-1.0910909175872803,-0.9912041425704956,-0.2821955680847168,0.16813091933727264,1.5079995393753052,3.1412365436553955,-1.1490750312805176,2.130488634109497,-0.4360092878341675
0.05475799999999998,0.0034223749999999996,16.0,0.7723678092367671,0.25905918367346936,0.007231790867624131,-0.0014438264080006383,-0.0,-0.0006732673110971212,0.0684475,-0.28794899582862854,-0.34421953558921814,-0.9033211469650269,-1.0912225246429443,-0.9899739623069763,-0.2813565731048584,0.16872341930866241,1.508094310760498,3.1406307220458984,-1.148384928703308,2.1302363872528076,-0.4359685480594635
0.05475799999999998,0.0034223749999999996,16.0,0.8126351190697912,0.2993264935064935,0.007231790867624131,-0.0013586502677683972,-0.0,-0.0006335490246147431,0.0684475,-0.28789201378822327,-0.3446894586086273,-0.9042800664901733,-1.0909837484359741,-0.9932425618171692,-0.28319621086120605,0.16771583259105682,1.5074827671051025,3.1417648792266846,-1.1493767499923706,2.1315131187438965,-0.43561023473739624
0.05475799999999998,0.0034223749999999996,16.0,0.8520712229658951,0.33876259740259734,0.007231790867624131,-0.0011615710640474628,-0.0,-0.0005416494826565824,0.0684475,-0.28772494196891785,-0.3454529643058777,-0.9059301614761353,-1.0898456573486328,-0.9986101984977722,-0.28642892837524414,0.1656227856874466,1.5065102577209473,3.1439950466156006,-1.1515434980392456,2.1329660415649414,-0.4358063340187073
0.05475799999999998,0.0034223749999999996,16.0,0.8906761209250788,0.377367495361781,0.007231790867624131,-0.001010406328076743,-0.0,-0.0004711602086304573,0.0684475,-0.2877146303653717,-0.34546077251434326,-0.9059443473815918,-1.0897762775421143,-0.9986752867698669,-0.28646183013916016,0.1656089872121811,1.5064918994903564,3.1440184116363525,-1.1515679359436035,2.1329638957977295,-0.435857355594635
0.05475799999999998,0.0034223749999999996,16.0,0.9284498129473423,0.41514118738404454,0.007231790867624131,-0.0008212510112669156,-0.0,-0.00038295563582129983,0.0684475,-0.287709504365921,-0.3454672396183014,-0.9059576988220215,-1.0897364616394043,-0.9987244009971619,-0.28649187088012695,0.16559241712093353,1.5064811706542969,3.144040107727051,-1.1515854597091675,2.1329751014709473,-0.43588632345199585
0.05475799999999998,0.0034223749999999996,16.0,0.9653922990326854,0.45208367346938777,0.007231790867624131,-0.0006534032783644731,-0.0,-0.00030468695256493614,0.0684475,-0.28770551085472107,-0.34547439217567444,-0.905972421169281,-1.0897060632705688,-0.9987741112709045,-0.28652405738830566,0.16557560861110687,1.5064723491668701,3.1440646648406982,-1.1516070365905762,2.132996082305908,-0.43590861558914185
0.05475799999999998,0.0034223749999999996,16.0,1.0015035791811084,0.4881949536178107,0.007231790867624131,-0.0004933966899792341,-0.0,-0.00023007465504564458,0.0684475,-0.28771844506263733,-0.3453611731529236,-0.9057546854019165,-1.0897332429885864,-0.9980961680412292,-0.2860581874847412,0.1658937782049179,1.5064537525177002,3.1436893939971924,-1.151253581047058,2.132852554321289,-0.435859352350235
0.05475799999999998,0.0034223749999999996,16.0,1.0367836533926111,0.5234750278293134,0.007231790867624131,-0.0003390386545032986,-0.0,-0.00015809632100545487,0.0684475,-0.28771039843559265,-0.34537336230278015,-0.9057782292366028,-1.0896769762039185,-0.998182475566864,-0.28611135482788086,0.165866419672966,1.5064420700073242,3.143720865249634,-1.151300072669983,2.132873296737671,-0.4359038472175598
0.05475799999999998,0.0034223749999999996,16.0,1.0712325216671938,0.557923896103896,0.007231790867624131,-0.00019011356315468573,-0.0,-8.865141041816395e-5,0.0684475,-0.28770092129707336,-0.345393568277359,-0.9058135151863098,-1.0896140336990356,-0.9983140826225281,-0.28620004653930664,0.16582757234573364,1.5064311027526855,3.143761157989502,-1.1513785123825073,2.132911205291748,-0.4359566271305084
0.05475799999999998,0.0034223749999999996,16.0,1.1048501840048561,0.5915415584415583,0.007231790867624131,-5.667903638034111e-5,-0.0,-2.6429868720998837e-5,0.0684475,-0.2876947224140167,-0.34545162320137024,-0.9058854579925537,-1.0896546840667725,-0.9985182881355286,-0.2864854335784912,0.1656278520822525,1.506609559059143,3.1440021991729736,-1.1517319679260254,2.1328461170196533,-0.4360928237438202
0.05475799999999998,0.0034223749999999996,16.0,1.1376366404055982,0.6243280148423004,0.007231790867624131,0.00012235649972395187,0.0,5.705577284631873e-5,0.0684475,-0.287687212228775,-0.3455158472061157,-0.9059659838676453,-1.0896860361099243,-0.9987600445747375,-0.28679418563842773,0.16541793942451477,1.506788730621338,3.1442434787750244,-1.1521258354187012,2.1327991485595703,-0.43623897433280945
0.05475799999999998,0.0034223749999999996,16.0,1.1695918908694203,0.6562832653061225,0.007231790867624131,0.00028931785063789577,0.0,0.00013491112939339488,0.0684475,-0.2876838147640228,-0.3455795645713806,-0.9060442447662354,-1.0897412300109863,-0.9989913105964661,-0.2870967388153076,0.16521036624908447,1.506974458694458,3.1444754600524902,-1.152519702911377,2.1327619552612305,-0.43636876344680786
0.05475799999999998,0.0034223749999999996,16.0,1.200715935396322,0.6874073098330241,0.007231790867624131,0.0004574147356263871,0.0,0.00021329599417552842,0.0684475,-0.2877209484577179,-0.34542736411094666,-0.9056712985038757,-1.0900486707687378,-0.9977372288703918,-0.28652524948120117,0.16554605960845947,1.5073778629302979,3.1441195011138916,-1.15232515335083,2.1322901248931885,-0.43645480275154114
0.05475799999999998,0.0034223749999999996,16.0,1.2310087739863034,0.7177001484230056,0.007231790867624131,0.0006563214216281329,0.0,0.00030604770511637414,0.0684475,-0.2877199351787567,-0.3454795181751251,-0.9057318568229675,-1.090112566947937,-0.9979008436203003,-0.2867851257324219,0.16534370183944702,1.5075608491897583,3.1443471908569336,-1.152679204940796,2.1322035789489746,-0.43657276034355164
0.05475799999999998,0.0034223749999999996,16.0,1.2604704066393646,0.7471617810760669,0.007231790867624131,0.0007981839313684701,0.0,0.0003721992798133815,0.0684475,-0.28773877024650574,-0.345534086227417,-0.9057900309562683,-1.0903751850128174,-0.9981337785720825,-0.2869439125061035,0.16533267498016357,1.5076838731765747,3.1444060802459717,-1.15272057056427,2.1324284076690674,-0.4364319443702698
0.05475799999999998,0.0034223749999999996,16.0,1.2891008333555056,0.7757922077922077,0.007231790867624131,0.0009793517960773436,0.0,0.000456679242538718,0.0684475,-0.28777095675468445,-0.3453901708126068,-0.9054332971572876,-1.090649962425232,-0.9969410300254822,-0.28638434410095215,0.16564065217971802,1.5080695152282715,3.1440634727478027,-1.1524831056594849,2.1319777965545654,-0.43653416633605957
0.05475799999999998,0.0034223749999999996,16.0,1.3169000541347262,0.8035914285714285,0.007231790867624131,0.0011189932643495225,0.0,0.0005217951285900432,0.0684475,-0.2877785861492157,-0.3453078866004944,-0.9052658081054688,-1.0906468629837036,-0.9964507222175598,-0.28604674339294434,0.16585534811019897,1.508013129234314,3.143768787384033,-1.1522297859191895,2.131892681121826,-0.4364776909351349
0.05475799999999998,0.0034223749999999996,16.0,1.3438680689770266,0.830559443413729,0.007231790867624131,0.0012746197799928102,0.0,0.000594364964646487,0.0684475,-0.28762003779411316,-0.3458610773086548,-0.9065843820571899,-1.0893652439117432,-1.0007312297821045,-0.2883780002593994,0.16428767144680023,1.5068812370300293,3.1453888416290283,-1.1536047458648682,2.1330323219299316,-0.4366573691368103
0.05475799999999998,0.0034223749999999996,16.0,1.3700048778824072,0.8566962523191094,0.007231790867624131,0.0014611513360438908,0.0,0.0006813460577206742,0.0684475,-0.2876116931438446,-0.34587547183036804,-0.9066040515899658,-1.0892977714538574,-1.0008317232131958,-0.2884409427642822,0.1642085313796997,1.5068342685699463,3.145430326461792,-1.1536636352539062,2.133030414581299,-0.43667787313461304
0.05475799999999998,0.0034223749999999996,16.0,1.3953104808508672,0.8820018552875695,0.007231790867624131,0.00165047999560821,0.0,0.000769631461583737,0.0684475,-0.2876165211200714,-0.3458382785320282,-0.9064985513687134,-1.0893340110778809,-1.0005178451538086,-0.2883157730102539,0.1642308086156845,1.5068931579589844,3.14534854888916,-1.1536624431610107,2.1328680515289307,-0.436697393655777
0.05475799999999998,0.0034223749999999996,16.0,1.4197848778824071,0.9064762523191093,0.007231790867624131,0.001860880836301517,0.0,0.0008677429848812758,0.0684475,-0.2875937521457672,-0.34578484296798706,-0.9063193202018738,-1.0891077518463135,-1.00020432472229,-0.2878749370574951,0.16403153538703918,1.5067224502563477,3.145129442214966,-1.153529167175293,2.132810115814209,-0.4367496967315674
0.05475799999999998,0.0034223749999999996,16.0,1.443428068977027,0.9301194434137291,0.007231790867624131,0.0020166537866013316,0.0,0.0009403811045394773,0.0684475,-0.2875596582889557,-0.3458973467350006,-0.9065165519714355,-1.0888440608978271,-1.0011317729949951,-0.2880737781524658,0.1635814905166626,1.5062763690948486,3.1452651023864746,-1.1536067724227905,2.133319854736328,-0.43657222390174866
0.05475799999999998,0.0034223749999999996,16.0,1.4662400541347262,0.9529314285714284,0.007231790867624131,0.0022149360376458828,0.0,0.0010328416366777635,0.0684475,-0.2875312268733978,-0.3458884358406067,-0.9064599275588989,-1.0885683298110962,-1.0011820793151855,-0.28782224655151367,0.16331984102725983,1.5060274600982666,3.1451547145843506,-1.1535232067108154,2.133406400680542,-0.43659958243370056
0.05475799999999998,0.0034223749999999996,16.0,1.4882208333555054,0.9749122077922078,0.007231790867624131,0.0024158570594864015,0.0,0.0011265326478463252,0.0684475,-0.28752800822257996,-0.34583497047424316,-0.9063143134117126,-1.0885125398635864,-1.000814437866211,-0.28751659393310547,0.16326870024204254,1.5060038566589355,3.1449954509735107,-1.1534236669540405,2.133284330368042,-0.4366290271282196
0.05475799999999998,0.0034223749999999996,16.0,1.5093704066393645,0.9960617810760668,0.007231790867624131,0.0026277907873665765,0.0,0.0012253589681781884,0.0684475,-0.28751030564308167,-0.34586483240127563,-0.9063842296600342,-1.0883495807647705,-1.00107741355896,-0.2875845432281494,0.16306373476982117,1.5058906078338623,3.1450798511505127,-1.153468370437622,2.1333677768707275,-0.4366813004016876
0.05475799999999998,0.0034223749999999996,16.0,1.5296887739863032,1.0163801484230055,0.007231790867624131,0.0028411775700218998,0.0,0.001324862859079422,0.0684475,-0.2875065505504608,-0.34591144323349,-0.9064658880233765,-1.088341474533081,-1.0014227628707886,-0.2876920700073242,0.16292457282543182,1.5057622194290161,3.1451473236083984,-1.1535022258758545,2.133565664291382,-0.43656182289123535
0.05475799999999998,0.0034223749999999996,16.0,1.5491759353963217,1.035867309833024,0.007231790867624131,0.003006749513355117,0.0,0.0014020703242313066,0.0684475,-0.2875021994113922,-0.3457028865814209,-0.9059851765632629,-1.088157057762146,-1.0001959800720215,-0.2865734100341797,0.16315332055091858,1.505544662475586,3.1443610191345215,-1.1528091430664062,2.133397340774536,-0.43652182817459106
0.05475799999999998,0.0034223749999999996,16.0,1.56783189086942,1.0545232653061223,0.007231790867624131,0.0031942436856674497,0.0,0.0014895002926399801,0.0684475,-0.28750982880592346,-0.34566712379455566,-0.905902624130249,-1.0882116556167603,-0.9999037384986877,-0.2864515781402588,0.16320554912090302,1.5056352615356445,3.1443026065826416,-1.1527855396270752,2.133253574371338,-0.4365560710430145
0.05475799999999998,0.0034223749999999996,16.0,1.585656640405598,1.0723480148423004,0.007231790867624131,0.0033578226166639112,0.0,0.0015657784008764383,0.0684475,-0.287491112947464,-0.3459284007549286,-0.9065198302268982,-1.0881484746932983,-1.0017225742340088,-0.287670373916626,0.1627883017063141,1.5054287910461426,3.145087242126465,-1.153415322303772,2.1337995529174805,-0.4364239275455475
0.05475799999999998,0.0034223749999999996,16.0,1.6026501840048561,1.0893415584415584,0.007231790867624131,0.0035485801735580065,0.0,0.0016547301105070927,0.0684475,-0.2874847948551178,-0.3459329903125763,-0.9065346717834473,-1.0880955457687378,-1.0017603635787964,-0.28769826889038086,0.16276319324970245,1.50543212890625,3.145125389099121,-1.1534545421600342,2.1337666511535645,-0.4364811182022095
0.05475799999999998,0.0034223749999999996,16.0,1.6188125216671938,1.105503896103896,0.007231790867624131,0.00371654511620588,0.0,0.0017330534495653613,0.0684475,-0.28751882910728455,-0.3458368480205536,-0.9062879085540771,-1.088426947593689,-1.0008996725082397,-0.28734278678894043,0.16306480765342712,1.5058152675628662,3.1449074745178223,-1.1532931327819824,2.133439540863037,-0.43652549386024475
0.05475799999999998,0.0034223749999999996,16.0,1.634143653392611,1.1208350278293133,0.007231790867624131,0.0038838245431956336,0.0,0.0018110571274224635,0.0684475,-0.2874656617641449,-0.34607216715812683,-0.9068697690963745,-1.0880303382873535,-1.0026905536651611,-0.28842687606811523,0.16256792843341827,1.5054428577423096,3.145636796951294,-1.1538946628570557,2.133878231048584,-0.43656280636787415
0.05475799999999998,0.0034223749999999996,16.0,1.6486435791811085,1.1353349536178106,0.007231790867624131,0.004014586572178694,0.0,0.0018720324629331502,0.0684475,-0.28747084736824036,-0.3459734320640564,-0.9066320657730103,-1.0880483388900757,-1.0020476579666138,-0.2879292964935303,0.1627374142408371,1.5054316520690918,3.145287036895752,-1.1535735130310059,2.133742094039917,-0.43652889132499695
0.05475799999999998,0.0034223749999999996,16.0,1.6623122990326853,1.1490036734693876,0.007231790867624131,0.004132237659270567,0.0,0.0019268940658343518,0.0684475,-0.28745004534721375,-0.346087247133255,-0.9069042205810547,-1.0879027843475342,-1.0029089450836182,-0.2884223461151123,0.1625199019908905,1.5052404403686523,3.1456103324890137,-1.1538141965866089,2.133997678756714,-0.43648895621299744
0.05475799999999998,0.0034223749999999996,16.0,1.6751498129473423,1.1618411873840446,0.007231790867624131,0.004257401101634622,0.0,0.001985258737529752,0.0684475,-0.2874402701854706,-0.3459959626197815,-0.9067090153694153,-1.0877717733383179,-1.0022910833358765,-0.2880434989929199,0.1625937521457672,1.5053225755691528,3.145423650741577,-1.153679370880127,2.1336777210235596,-0.4366997182369232
0.05475799999999998,0.0034223749999999996,16.0,1.6871561209250787,1.173847495361781,0.007231790867624131,0.004390344527590435,0.0,0.0020472512751543094,0.0684475,-0.2873954474925995,-0.3459331691265106,-0.9065983891487122,-1.0872784852981567,-1.0021395683288574,-0.2876453399658203,0.1624850630760193,1.5049657821655273,3.145190715789795,-1.1534661054611206,2.1336255073547363,-0.43683719635009766
0.05475799999999998,0.0034223749999999996,16.0,1.6983312229658951,1.1850225974025972,0.007231790867624131,0.004525626661040926,0.0,0.00211033436999382,0.0684475,-0.2873648703098297,-0.3457355201244354,-0.9061691761016846,-1.0868717432022095,-1.0010290145874023,-0.28662991523742676,0.16261720657348633,1.5047495365142822,3.144554615020752,-1.1528832912445068,2.133294105529785,-0.4370233416557312
0.05475799999999998,0.0034223749999999996,16.0,1.708675119069791,1.1953664935064934,0.007231790867624131,0.004656164559867628,0.0,0.0021712051918961737,0.0684475,-0.2873368561267853,-0.34560778737068176,-0.9059056043624878,-1.0865535736083984,-1.0002613067626953,-0.28604888916015625,0.16268911957740784,1.5047483444213867,3.1442465782165527,-1.1526285409927368,2.132906913757324,-0.43733713030815125
0.05475799999999998,0.0034223749999999996,16.0,1.718187809236767,1.2048791836734694,0.007231790867624131,0.004807214950305884,0.0,0.002241641145724835,0.0684475,-0.2873220145702362,-0.34541669487953186,-0.9054760932922363,-1.0863419771194458,-0.9990412592887878,-0.28511905670166016,0.1629081815481186,1.5047824382781982,3.143679618835449,-1.1521117687225342,2.1324939727783203,-0.4375781714916229
0.05475799999999998,0.0034223749999999996,16.0,1.7268692934668224,1.2135606679035247,0.007231790867624131,0.0049963822656358065,0.0,0.0023298513135357993,0.0684475,-0.2873104512691498,-0.345236212015152,-0.9050718545913696,-1.0861512422561646,-0.997902512550354,-0.28424954414367676,0.16311077773571014,1.5047783851623535,3.1431491374969482,-1.1516276597976685,2.132110834121704,-0.43775835633277893
0.05475799999999998,0.0034223749999999996,16.0,1.734719571759958,1.2214109461966602,0.007231790867624131,0.005226557164882061,0.0,0.0024371836317693832,0.0684475,-0.28733333945274353,-0.34479355812072754,-0.9040433168411255,-1.0861774682998657,-0.9949060678482056,-0.28214049339294434,0.16380804777145386,1.505035161972046,3.1417903900146484,-1.1504011154174805,2.131256103515625,-0.4379700720310211
0.05475799999999998,0.0034223749999999996,16.0,1.7417386441161733,1.2284300185528756,0.007231790867624131,0.005579193555165114,0.0,0.002601620681102506,0.0684475,-0.28731510043144226,-0.3445380628108978,-0.9034654498100281,-1.085880994796753,-0.9933857321739197,-0.28081202507019043,0.16408903896808624,1.504868745803833,3.140916109085083,-1.1495682001113892,2.13089656829834,-0.4380928874015808
0.05475799999999998,0.0034223749999999996,16.0,1.7479265105354682,1.2346178849721705,0.007231790867624131,0.006168352257671957,0.0,0.0028763498959501095,0.0684475,-0.2873844802379608,-0.3435182571411133,-0.9010805487632751,-1.0860316753387451,-0.986652672290802,-0.2757914066314697,0.16571106016635895,1.5050894021987915,3.137554168701172,-1.1464836597442627,2.1293303966522217,-0.43812060356140137
0.05475799999999998,0.0034223749999999996,16.0,1.7532831710178431,1.2399745454545454,0.007231790867624131,0.007507425821901261,0.0,0.0035007701537831436,0.0684475,-0.2874460518360138,-0.34263691306114197,-0.8989894390106201,-1.0862517356872559,-0.9807447791099548,-0.27139830589294434,0.16720855236053467,1.5054588317871094,3.134600877761841,-1.1437873840332031,2.127979040145874,-0.43823227286338806
0.05475799999999998,0.0034223749999999996,16.0,1.7578086255632976,1.2445,0.007231790867624131,0.013920844538129052,0.0,0.0064913964161147615,0.0684475,-0.2875330150127411,-0.3410486578941345,-0.8952478766441345,-1.0863213539123535,-0.9704151153564453,-0.2633078098297119,0.1697206199169159,1.5055454969406128,3.129080057144165,-1.1386661529541016,2.1259069442749023,-0.43818575143814087
