t,dt,step,x,y,z,Gamma_x,Gamma_y,Gamma_z,sigma,U_ml_x,U_ml_y,U_ml_z,Gx_ml_x,Gx_ml_y,Gx_ml_z,Gy_ml_x,Gy_ml_y,Gy_ml_z,Gz_ml_x,Gz_ml_y,Gz_ml_z
0.017111875,0.0034223749999999996,5.0,1.880000136348893,-1.245125519306401,0.05902043787573602,-0.014643093559163904,-9.401915656355185e-6,-0.0065690916992607465,0.06851958908189676,0.011297374963760376,0.174579456448555,-0.10401257872581482,0.8428568840026855,0.5754047632217407,-0.9502007961273193,0.4230719208717346,0.08661103248596191,-0.9239935874938965,0.3350062370300293,0.7825499773025513,-0.9332351684570312
0.017111875,0.0034223749999999996,5.0,1.8754339257830395,-1.2405841956059713,0.059035089009727815,-0.00789602617734205,1.6134378469343264e-6,-0.003547130729849795,0.06851480181902354,0.010154187679290771,0.17927397787570953,-0.09938687086105347,0.8532662391662598,0.6368398070335388,-0.9177138805389404,0.40682944655418396,0.07351580262184143,-1.0243595838546753,0.38655877113342285,0.831802487373352,-0.9305323958396912
0.017111875,0.0034223749999999996,5.0,1.8700565713873096,-1.2352342460703916,0.05901894936474738,-0.006495796252771147,3.1681990795513902e-6,-0.002914406439389411,0.06851190321889747,0.008136719465255737,0.1793152093887329,-0.10085523128509521,0.8538484573364258,0.6764962673187256,-0.8930039405822754,0.42096418142318726,0.06546258926391602,-1.041327714920044,0.39571571350097656,0.8166235089302063,-0.9231857061386108
0.017111875,0.0034223749999999996,5.0,1.8638637784189005,-1.2290697119129506,0.058998772564637925,-0.00587754038669188,2.668950272084313e-6,-0.002636562838897626,0.0685098351889087,0.00704839825630188,0.17874491214752197,-0.10119357705116272,0.8538662195205688,0.7164978384971619,-0.8670601844787598,0.4315660893917084,0.05889168381690979,-1.06951105594635,0.3986814022064209,0.828947126865387,-0.9168694615364075
0.017111875,0.0034223749999999996,5.0,1.856823288700759,-1.222065866705926,0.05898150720389885,-0.005525390366848532,3.006726009837163e-6,-0.0024743139625667417,0.06850667234225985,0.004849225282669067,0.1769823431968689,-0.10485249757766724,0.8502753973007202,0.744898796081543,-0.8454568386077881,0.46003982424736023,0.05359327793121338,-1.0622199773788452,0.40123462677001953,0.793638288974762,-0.9081208109855652
0.017111875,0.0034223749999999996,5.0,1.8480042949222222,-1.216393306150836,0.05572613744552014,-0.005250277141906155,-8.032830455936844e-5,-0.0023985946673566036,0.06863227098729663,0.005623191595077515,0.17506851255893707,-0.10097882151603699,0.8549474477767944,0.834219217300415,-0.790501594543457,0.45705366134643555,0.03436470031738281,-1.135594129562378,0.3928532600402832,0.8801193237304688,-0.8943091034889221
0.017111875,0.0034223749999999996,5.0,1.8393174731043183,-1.207752983931175,0.05564605924653959,-0.005072085738491965,-7.851007882280132e-5,-0.0023170182191071184,0.06863247709359536,0.00310400128364563,0.1717182993888855,-0.10592794418334961,0.8475340604782104,0.8587940335273743,-0.7672543525695801,0.4969732463359833,0.030063360929489136,-1.1165733337402344,0.39464449882507324,0.8313835263252258,-0.8827590942382812
0.017111875,0.0034223749999999996,5.0,1.8297976290274653,-1.1982703252434548,0.055593098690568915,-0.004923295851420528,-7.604089625183387e-5,-0.002248340677852728,0.06863170640733521,0.0004839897155761719,0.16958709061145782,-0.10725557804107666,0.8467066287994385,0.9128711819648743,-0.7249312400817871,0.5204875469207764,0.019735127687454224,-1.1480244398117065,0.3937232494354248,0.8394089937210083,-0.8719969391822815
0.017111875,0.0034223749999999996,5.0,1.8194447153661122,-1.1879421849783964,0.05557513650188175,-0.004787642942106202,-7.433904942468497e-5,-0.002186148139681673,0.06863106828017423,-0.001584768295288086,0.16559581458568573,-0.11173272132873535,0.83575439453125,0.9262117147445679,-0.7044856548309326,0.5615571141242981,0.019498378038406372,-1.1316537857055664,0.39682650566101074,0.7989383935928345,-0.8609716296195984
0.017111875,0.0034223749999999996,5.0,1.808257954716479,-1.1767894726661985,0.055552548648513375,-0.004655289699432831,-7.449865683914054e-5,-0.0021265349363681694,0.06863161845198523,-0.005105644464492798,0.1613779217004776,-0.11623528599739075,0.8268599510192871,0.9494588971138,-0.6805555820465088,0.6075316071510315,0.016298145055770874,-1.1144599914550781,0.4039571285247803,0.7540841698646545,-0.8490959405899048
0.017111875,0.0034223749999999996,5.0,1.7962359993202952,-1.1647859174750406,0.05557248922884417,-0.004521266430252063,-7.315198724880893e-5,-0.0020654489837767585,0.06863080099896718,-0.006836593151092529,0.1559099406003952,-0.12164130806922913,0.8069480657577515,0.9286991357803345,-0.6831932067871094,0.6594904661178589,0.027010023593902588,-1.0649547576904297,0.4162025451660156,0.6933870315551758,-0.8398949503898621
0.017111875,0.0034223749999999996,5.0,1.7833874924143853,-1.1519524980365474,0.05557553142544952,-0.00438155743958994,-7.047835940707936e-5,-0.0020009602285462045,0.06862936003883068,-0.0072889626026153564,0.15339995920658112,-0.12403088808059692,0.7952387928962708,0.9154954552650452,-0.6839687824249268,0.6861388683319092,0.03199285268783569,-1.0412285327911377,0.42020249366760254,0.664903998374939,-0.8331434726715088
0.017111875,0.0034223749999999996,5.0,1.7697190240817955,-1.138265001517422,0.055614919033646106,-0.004233226418426728,-6.728808621170855e-5,-0.0019325565507477811,0.06862823094953646,-0.007007032632827759,0.15613038837909698,-0.11814302206039429,0.8100977540016174,1.005326271057129,-0.6207141876220703,0.6584885120391846,0.008842825889587402,-1.1463067531585693,0.40122556686401367,0.7613441348075867,-0.8253941535949707
0.017111875,0.0034223749999999996,5.0,1.7552257005137177,-1.1237570547109097,0.055626454330842456,-0.00407519114183037,-6.320507720296002e-5,-0.001859200326501199,0.06862687491114973,-0.005667448043823242,0.15592291951179504,-0.1166263222694397,0.8058192133903503,1.0311497449874878,-0.594973087310791,0.6565067768096924,0.0045653581619262695,-1.1744579076766968,0.39098453521728516,0.7872664332389832,-0.817024290561676
0.017111875,0.0034223749999999996,5.0,1.7399064703485472,-1.1084470892364102,0.055593146832078215,-0.003905534660706805,-6.186297291318563e-5,-0.001782791791066625,0.06862892982984252,-0.003069281578063965,0.15426988899707794,-0.11928123235702515,0.7859508991241455,0.9678671360015869,-0.6314280033111572,0.6743417382240295,0.023031949996948242,-1.113929271697998,0.3956739902496338,0.7324816584587097,-0.8152418732643127
0.017111875,0.0034223749999999996,5.0,1.7237493050426063,-1.0922908145483912,0.05558682122134742,-0.0037265247008114065,-5.913388863171017e-5,-0.0017011978026629242,0.06862938146998453,-0.003101140260696411,0.15469364821910858,-0.11686363816261292,0.7855010032653809,1.0031263828277588,-0.601088285446167,0.6703653931617737,0.016583353281021118,-1.1551538705825806,0.3885533809661865,0.7652934193611145,-0.8085720539093018
0.017111875,0.0034223749999999996,5.0,1.7067566890853552,-1.0752981738064222,0.05559027200881344,-0.0035389337222211767,-5.590454444274269e-5,-0.001615297420100152,0.06862903409819525,-0.0008331835269927979,0.15245608985424042,-0.11906608939170837,0.7636783123016357,0.9376991987228394,-0.6365213394165039,0.6900918483734131,0.036897510290145874,-1.0964487791061401,0.39425086975097656,0.7140694856643677,-0.8067336082458496
0.017111875,0.0034223749999999996,5.0,1.6889256902304988,-1.0574602073860484,0.05560765007372152,-0.0033446160102966332,-5.154170664977862e-5,-0.001525418530387745,0.06862687361715526,-0.0015023648738861084,0.15601089596748352,-0.11423617601394653,0.7777774930000305,1.0028274059295654,-0.5931377410888672,0.6632851362228394,0.0195254385471344,-1.1680961847305298,0.3797571659088135,0.7699570059776306,-0.8037849068641663
0.017111875,0.0034223749999999996,5.0,1.6702775339878906,-1.0388011769760384,0.055626982459518574,-0.0031435751117516574,-4.95061963397954e-5,-0.001434736107380601,0.06862887731225567,-0.0020349323749542236,0.1557246446609497,-0.11211788654327393,0.7748662829399109,1.0374503135681152,-0.5601074695587158,0.6626977324485779,0.014771342277526855,-1.2042524814605713,0.37316417694091797,0.7953468561172485,-0.7963985800743103
0.017111875,0.0034223749999999996,5.0,1.650791849869441,-1.0193144176802156,0.05563405620154318,-0.0029397182263894367,-4.602628168697937e-5,-0.0013414953670002694,0.06862856829067909,0.0012406706809997559,0.15104390680789948,-0.11628371477127075,0.737847626209259,0.9201443791389465,-0.6312084197998047,0.6983359456062317,0.04968884587287903,-1.0851839780807495,0.3887057304382324,0.6956375241279602,-0.7937008142471313
0.017111875,0.0034223749999999996,5.0,1.6304807368971816,-0.9989997952225267,0.05563528533995104,-0.002733931057001126,-4.28487235018476e-5,-0.001247718146387145,0.06862916260282892,0.0034326910972595215,0.15152204036712646,-0.1141461431980133,0.7293730974197388,0.9020000100135803,-0.6373767852783203,0.6890996098518372,0.0560569167137146,-1.0851213932037354,0.38384222984313965,0.6992308497428894,-0.7914902567863464
0.017111875,0.0034223749999999996,5.0,1.609337931677162,-0.9778665744976328,0.055611503740343717,-0.002527784160711956,-4.030934211693513e-5,-0.0011542869664009985,0.06863102949231077,0.0025322139263153076,0.15028910338878632,-0.1144738495349884,0.7201206684112549,0.8972064852714539,-0.6380360126495361,0.7034818530082703,0.05862262845039368,-1.0620744228363037,0.3892092704772949,0.6635730862617493,-0.7847712635993958
0.017111875,0.0034223749999999996,5.0,1.587353371002025,-0.9558819976053343,0.05562889894036528,-0.002323691953289562,-3.653946305279132e-5,-0.0010606187710990775,0.06862978173489592,0.0020433664321899414,0.15006676316261292,-0.11143404245376587,0.7162603139877319,0.9329540133476257,-0.6066532135009766,0.700721263885498,0.05545035004615784,-1.0990828275680542,0.38597726821899414,0.6909540295600891,-0.7780188322067261
0.017111875,0.0034223749999999996,5.0,1.5645403135738012,-0.9330758610800431,0.055630423251501734,-0.002121785503202129,-3.352657122289725e-5,-0.0009686141516929619,0.0686301396176743,0.0025961697101593018,0.14975759387016296,-0.10914966464042664,0.7088218331336975,0.9406123161315918,-0.5960121154785156,0.6978700757026672,0.05878022313117981,-1.1115639209747314,0.38570475578308105,0.6995465755462646,-0.7739940285682678
0.017111875,0.0034223749999999996,5.0,1.5408813174788878,-0.9094260496099431,0.055643725811264935,-0.0019238401355147917,-2.987867664085468e-5,-0.0008776766542054354,0.0686279270298268,0.0003928244113922119,0.14540082216262817,-0.1127970814704895,0.6812232136726379,0.8752303123474121,-0.6400339603424072,0.744971752166748,0.07994645833969116,-1.001845121383667,0.40933942794799805,0.5902631282806396,-0.7672291994094849
0.017111875,0.0034223749999999996,5.0,1.5164165422215445,-0.8849733727626624,0.0556275706630866,-0.0017294384794236007,-2.7444430656180486e-5,-0.0007895440496591029,0.06863015175672299,0.002789020538330078,0.14549210667610168,-0.11036807298660278,0.6674948334693909,0.8456558585166931,-0.6551072597503662,0.7390300035476685,0.09043198823928833,-0.9847793579101562,0.4074678421020508,0.5787683129310608,-0.7637919783592224
0.017111875,0.0034223749999999996,5.0,1.4911137492077056,-0.8596624146632614,0.055683533331736444,-0.0015395372772244139,-2.570158704261297e-5,-0.0007039871123210442,0.06863422602198423,0.0036652982234954834,0.14104564487934113,-0.11151382327079773,0.6305164694786072,0.7563466429710388,-0.7051494121551514,0.7740553021430969,0.11957406997680664,-0.8827429413795471,0.42545056343078613,0.4938041865825653,-0.7555287480354309
0.017111875,0.0034223749999999996,5.0,1.4649657112952823,-0.8335365944653567,0.055687718685198104,-0.0013553340503943156,-2.269903590666596e-5,-0.0006199409799305788,0.06863415369903288,0.0020411014556884766,0.13752050697803497,-0.10892331600189209,0.6100425124168396,0.7625327110290527,-0.7012808322906494,0.792915403842926,0.13661164045333862,-0.8839352130889893,0.4492208957672119,0.4951529800891876,-0.7523775696754456
0.017111875,0.0034223749999999996,5.0,1.4379634408112714,-0.8065957678974116,0.055709498230386054,-0.0011761930761726405,-1.980239981043676e-5,-0.0005384205141921049,0.06863431768574765,-0.0029952824115753174,0.13000142574310303,-0.10183596611022949,0.5428709983825684,0.7296887040138245,-0.6584079265594482,0.8309723138809204,0.19101876020431519,-0.9078874588012695,0.5141239166259766,0.5536612868309021,-0.7403493523597717
0.017111875,0.0034223749999999996,5.0,1.4101225335647911,-0.7788156963724625,0.055743357214618,-0.001002269515676246,-1.664372039309342e-5,-0.00045899018271411217,0.06863289573300611,-0.010659396648406982,0.12293723225593567,-0.08924013376235962,0.46555906534194946,0.7258001565933228,-0.5517833232879639,0.8445152640342712,0.255458801984787,-1.008077621459961,0.6018526554107666,0.6876164078712463,-0.7285280823707581
0.017111875,0.0034223749999999996,5.0,1.381446877492689,-0.7502077328211408,0.05576527455467682,-0.000833219056479743,-1.3444504484602453e-5,-0.0003815321867265833,0.06863084974949459,-0.020021289587020874,0.11699828505516052,-0.07693472504615784,0.4021751582622528,0.75897216796875,-0.40483832359313965,0.8311634659767151,0.31011679768562317,-1.1466500759124756,0.6853480339050293,0.8289210200309753,-0.7208221554756165
0.017111875,0.0034223749999999996,5.0,1.3518754751608002,-0.7208619493443711,0.055835818592927876,-0.0006694605825169683,-6.7737716192561605e-6,-0.0003028621720378238,0.06865025990779083,-0.06736356019973755,0.09817495942115784,-0.05289122462272644,0.29991644620895386,0.6195624470710754,0.03405356407165527,-0.16140443086624146,0.6848763823509216,-1.4975608587265015,0.27904701232910156,0.8427674770355225,-0.9943130016326904
0.017111875,0.0034223749999999996,5.0,1.321518650997251,-0.6906236984066789,0.055803993893447784,-0.0005080984059899406,-4.994246919004306e-6,-0.00022984577172069904,0.06865146526917976,-0.08000779151916504,0.08450287580490112,-0.05581501126289368,0.20873060822486877,0.610854983329773,0.14876580238342285,-0.1381669044494629,0.7508357763290405,-1.525026559829712,0.38030409812927246,0.8253995180130005,-0.968457043170929
0.017111875,0.0034223749999999996,5.0,1.2903472695974256,-0.6595296584834239,0.055769831270925226,-0.000349876454139239,-3.027447619470862e-6,-0.00015777345834591222,0.06865371427557672,-0.09537982940673828,0.07605050504207611,-0.05822673439979553,0.11521957814693451,0.6807115077972412,0.445784330368042,-0.25693923234939575,0.8284605145454407,-1.753408670425415,0.289139986038208,0.786063551902771,-0.9526589512825012
0.017111875,0.0034223749999999996,5.0,1.2583772490737644,-0.6275839645681734,0.055741773950531606,-0.00019344254080906807,-1.71954380446705e-6,-8.730591101043467e-5,0.06865392256799192,-0.09811726212501526,0.07503539323806763,-0.06368112564086914,0.09544128179550171,0.7026564478874207,0.4930635690689087,-0.28658655285835266,0.8230053186416626,-1.7500112056732178,0.28723692893981934,0.7080560922622681,-0.9269905090332031
0.017111875,0.0034223749999999996,5.0,1.2255773741452591,-0.594820501602816,0.055696984599805884,-3.806559540125379e-5,-3.8778772996223734e-7,-1.7259461174734186e-5,0.06865231313353636,-0.10011494159698486,0.07238055765628815,-0.06883847713470459,0.08398300409317017,0.6939989328384399,0.4224059581756592,-0.2408645898103714,0.810981273651123,-1.585286021232605,0.3710823059082031,0.5973777174949646,-0.902775228023529
0.017111875,0.0034223749999999996,5.0,1.1919547851564878,-0.5612063461242185,0.05569790867199701,0.00011728837603548684,1.1719564914314949e-6,5.313963625123375e-5,0.06865312361593488,-0.1013227105140686,0.07063222676515579,-0.06966039538383484,0.07113215327262878,0.7191320061683655,0.4482247829437256,-0.25993093848228455,0.8182474970817566,-1.5778836011886597,0.34466123580932617,0.5547415018081665,-0.897133469581604
0.017111875,0.0034223749999999996,5.0,1.157483146559977,-0.5267625488615264,0.05567817279507545,0.0002739482971756714,2.7738723852650577e-6,0.0001242005023712374,0.06865390554223304,-0.10627713799476624,0.07008825987577438,-0.07306599617004395,0.04937107861042023,0.7259398698806763,0.4446530342102051,-0.23881518840789795,0.8299936056137085,-1.5192859172821045,0.3763294219970703,0.5212140083312988,-0.8869410157203674
0.017111875,0.0034223749999999996,5.0,1.1221888924301033,-0.49148081982388947,0.0556575333469021,0.0004332751307199538,4.275743248267288e-6,0.000196374457932999,0.06865388260047289,-0.11143574118614197,0.07118850946426392,-0.07728174328804016,0.03513674437999725,0.7409586310386658,0.4995914697647095,-0.24379350244998932,0.833317756652832,-1.5600799322128296,0.3659994602203369,0.5476661324501038,-0.8762811422348022
0.017111875,0.0034223749999999996,5.0,1.0860676554548183,-0.4553746501465652,0.05565729998297569,0.0005966240332824714,5.658325293482078e-6,0.00027004326821591533,0.06865484599662242,-0.11541363596916199,0.06937070190906525,-0.07671219110488892,0.013667464256286621,0.7737759947776794,0.5694171190261841,-0.2693142890930176,0.8532904386520386,-1.6091437339782715,0.3165550231933594,0.5511245131492615,-0.8749886155128479
0.017111875,0.0034223749999999996,5.0,1.049112318340351,-0.4184323044314597,0.05565801262010587,0.0007652690370198096,6.759268521997745e-6,0.0003455964706061902,0.06865567843230612,-0.12066739797592163,0.06822776049375534,-0.07595154643058777,-0.009812116622924805,0.8175577521324158,0.6750187873840332,-0.3077942728996277,0.8758753538131714,-1.699657917022705,0.24038147926330566,0.5734109282493591,-0.8744927048683167
0.017111875,0.0034223749999999996,5.0,1.011342596258694,-0.3806341618771977,0.055676872056371986,0.000940837213333624,6.4506711646482e-6,0.0004219279285679198,0.06865645442566645,-0.12391939759254456,0.0690929964184761,-0.07477390766143799,-0.0199720561504364,0.8637325167655945,0.818326473236084,-0.3667125105857849,0.879564642906189,-1.846307635307312,0.13777995109558105,0.6388416886329651,-0.8685024380683899
0.017111875,0.0034223749999999996,5.0,0.9727326111087071,-0.3420041847160408,0.05570933769069192,0.0011228771585908633,6.2261763684984285e-6,0.0005010622944493083,0.06865696789477357,-0.128968745470047,0.07012585550546646,-0.07363444566726685,-0.03972291946411133,0.92905592918396,0.9936298131942749,-0.4421767294406891,0.8950313329696655,-2.0050017833709717,-0.004012107849121094,0.6861084699630737,-0.8649632930755615
0.017111875,0.0034223749999999996,5.0,0.9332864558366329,-0.3025689876550196,0.055709517813372876,0.0013104264362732649,6.68565279342102e-6,0.0005834389928643885,0.06865685694397895,-0.1325547993183136,0.07120667397975922,-0.06963953375816345,-0.06600311398506165,1.0369104146957397,1.278381586074829,-0.5922699570655823,0.9133427143096924,-2.2440061569213867,-0.28319716453552246,0.7340486645698547,-0.8581361174583435
0.017111875,0.0034223749999999996,5.0,0.8930096759975602,-0.2622986227230579,0.05571425159246055,0.0015004282985704067,7.994937533136772e-6,0.0006688042229521573,0.06865706481822377,-0.13409540057182312,0.07181943953037262,-0.07063427567481995,-0.06970825791358948,1.0408456325531006,1.2616888284683228,-0.5847381353378296,0.9121978282928467,-2.198209047317505,-0.259580135345459,0.6932728886604309,-0.8532699942588806
0.017111875,0.0034223749999999996,5.0,0.8518867218839866,-0.22122018800567653,0.055690730895354874,0.0016852556264634504,1.2723029738647292e-5,0.0007576003805323271,0.06865548254034921,-0.13155221939086914,0.07164379954338074,-0.07649216055870056,-0.03879380226135254,0.9236468076705933,0.9079054594039917,-0.3892652690410614,0.8792194724082947,-1.8039368391036987,0.10173606872558594,0.5344996452331543,-0.8497910499572754
0.017111875,0.0034223749999999996,5.0,0.8104687759372922,-0.17789067118725096,0.05845877343666506,0.0018668794374704523,-1.6980893441104963e-5,0.0008204570242198915,0.06857962013885548,-0.12995195388793945,0.07536041736602783,-0.08280360698699951,-0.008663952350616455,0.8103146553039551,0.6233664751052856,-0.2211579978466034,0.8424719572067261,-1.3940304517745972,0.4045145511627197,0.3324800133705139,-0.8419420719146729
0.017111875,0.0034223749999999996,5.0,0.767693697953606,-0.13513731512173408,0.05844203773452293,0.0019927769109616667,-1.4319640588190067e-5,0.000881733916251838,0.06857868586033491,-0.12263438105583191,0.07762722671031952,-0.08783364295959473,0.033752620220184326,0.6488847732543945,0.3614335060119629,-0.03219093754887581,0.767352819442749,-0.9417052865028381,0.6634445190429688,0.20404210686683655,-0.8075334429740906
0.017111875,0.0034223749999999996,5.0,0.7240380678640309,-0.09155708616111774,0.058420697786591466,0.0020204876521977607,-1.1994853631959506e-5,0.0008973407153916769,0.06857853463427366,-0.12712016701698303,0.080355703830719,-0.08807602524757385,0.02761666476726532,0.6526975035667419,0.38784265518188477,-0.015214690938591957,0.7761003375053406,-0.9547911286354065,0.6655476093292236,0.23832473158836365,-0.8103383779525757
0.017111875,0.0034223749999999996,5.0,0.6791521192444914,-0.048377815013414746,0.05559516806150552,0.0017867524777636051,1.5148662410226285e-5,0.0008078414865328214,0.0686445022162389,-0.1285283863544464,0.10715410858392715,-0.09887394309043884,0.04477314651012421,0.686360239982605,0.6853764057159424,-0.23617181181907654,0.7998560667037964,-1.6645665168762207,0.5949509143829346,0.6726006865501404,-0.8524394631385803
0.017111875,0.0034223749999999996,5.0,0.6338463016546213,-0.0029451840695086866,0.05550890520850149,1.0926916156661744e-15,1.1418370854988677e-15,1.109814627308723e-15,0.06830172368595262,-0.14724859595298767,0.16249436140060425,-0.10964035987854004,0.0165061354637146,0.52532958984375,1.2103420495986938,-0.48499858379364014,0.9291579723358154,-2.633680820465088,0.5770573616027832,1.3158719539642334,-0.9537971019744873
0.017111875,0.0034223749999999996,5.0,0.6794228453678879,0.043546558727446526,0.058678280258003146,-0.001796724799816632,-2.4287612159894515e-5,-0.0008071604289719694,0.06848920200907697,-0.19255316257476807,0.05441509559750557,-0.14221546053886414,0.5124443769454956,-0.9499422311782837,0.47530388832092285,1.3622199296951294,-0.0773497223854065,-1.390994668006897,1.0162627696990967,0.6690593361854553,-0.43681979179382324
0.017111875,0.0034223749999999996,5.0,0.7235644221171215,0.08816866882524425,0.058666494461766895,-0.0020201931459903955,-2.0821182441052513e-5,-0.0009160964710257384,0.06846287744675093,-0.22509559988975525,0.09124933928251266,-0.09308701753616333,0.8928422927856445,-1.2731378078460693,0.8343433141708374,0.7954172492027283,-0.007642209529876709,-2.1398816108703613,1.1272642612457275,1.3234208822250366,-0.8881852626800537
0.017111875,0.0034223749999999996,5.0,0.7671641137107964,0.13183898745537606,0.058741452525648746,-0.0019915863391618653,-1.99574531250441e-5,-0.0009033457064373013,0.06845638065727856,-0.22759869694709778,0.10979217290878296,-0.0805896520614624,0.9885554313659668,-1.267941951751709,0.887293815612793,0.7489634156227112,-0.004440009593963623,-2.24330472946167,1.1159751415252686,1.3045905828475952,-0.9879776835441589
0.017111875,0.0034223749999999996,5.0,0.8098950552119796,0.1746752539603413,0.05879760837230412,-0.001864443456284065,-1.7830215742972136e-5,-0.0008443169489370074,0.06845379189000221,-0.23116746544837952,0.12297332286834717,-0.07231035828590393,1.0390644073486328,-1.3114745616912842,0.9581574201583862,0.7436649799346924,-0.0004552602767944336,-2.3275537490844727,1.0701289176940918,1.3229899406433105,-1.0431885719299316
0.017111875,0.0034223749999999996,5.0,0.8518237613573861,0.21665410132358337,0.058823792355618895,-0.001693550751039344,-1.630645813731644e-5,-0.0007659200534944043,0.06845185761234289,-0.2390522062778473,0.1296035349369049,-0.06535026431083679,1.087111473083496,-1.3473314046859741,1.0408908128738403,0.7785289287567139,-0.015324115753173828,-2.442734718322754,0.9985275268554688,1.41981041431427,-1.0777231454849243
0.017111875,0.0034223749999999996,5.0,0.8929240694805993,0.25779481164750095,0.05884639122441735,-0.0015061254562618992,-1.4638832329814752e-5,-0.0006803195843845315,0.06844992388516162,-0.23935595154762268,0.1354658603668213,-0.06300505995750427,1.1086606979370117,-1.3493258953094482,1.083266258239746,0.8001314997673035,-0.01834326982498169,-2.475313901901245,0.9678223133087158,1.4444657564163208,-1.0965888500213623
0.017111875,0.0034223749999999996,5.0,0.9331791540221256,0.29809913327463944,0.05892459567834017,-0.001315678656995615,-1.2620700670646999e-5,-0.000593080730897934,0.06844782261248121,-0.23957082629203796,0.14068618416786194,-0.06150895357131958,1.1277437210083008,-1.3424046039581299,1.1155184507369995,0.8184027075767517,-0.021196722984313965,-2.4978036880493164,0.9451789855957031,1.463895320892334,-1.1130831241607666
0.017111875,0.0034223749999999996,5.0,0.9726220767754408,0.33755738858869155,0.058921230158462644,-0.001128052607959453,-1.0924094079549585e-5,-0.000508108774459649,0.06844472604613977,-0.23819640278816223,0.14517544209957123,-0.059351712465286255,1.1632483005523682,-1.2941313982009888,1.11768639087677,0.8228818774223328,-0.030303359031677246,-2.5100314617156982,0.9628112316131592,1.4617178440093994,-1.13956880569458
0.017111875,0.0034223749999999996,5.0,1.0111841712211573,0.3761971114731322,0.05890536783713428,-0.0009460775998188363,-9.014731790569548e-6,-0.00042572101779169905,0.06844590778751712,-0.24272063374519348,0.14764226973056793,-0.06937381625175476,1.1160192489624023,-1.3043930530548096,1.099930763244629,0.8097836971282959,-0.0047473907470703125,-2.459561347961426,1.0113866329193115,1.437130331993103,-1.1172014474868774
0.017111875,0.0034223749999999996,5.0,1.0489186106762376,0.41401718233188595,0.05895226919259084,-0.0007707308058576876,-6.932585980260641e-6,-0.0003459093353346507,0.06844772796072118,-0.2430115044116974,0.15198776125907898,-0.07088086009025574,1.1219476461410522,-1.284134864807129,1.1068792343139648,0.8123574256896973,-0.0005980730056762695,-2.4527320861816406,1.0153067111968994,1.428934931755066,-1.1272069215774536
0.017111875,0.0034223749999999996,5.0,1.0858475032108723,0.45099335100158744,0.05901166755348769,-0.0006013111411506956,-5.256108813632344e-6,-0.0002693492832799083,0.0684468984387564,-0.2428821623325348,0.1566402167081833,-0.07005518674850464,1.1418333053588867,-1.2570732831954956,1.1176555156707764,0.8149309754371643,-0.0012819766998291016,-2.4567482471466064,1.0166962146759033,1.4251657724380493,-1.146468162536621
0.017111875,0.0034223749999999996,5.0,1.122026770695823,0.48714054660284656,0.059076956007647785,-0.000436888989908366,-4.000366955137462e-6,-0.00019549986800167232,0.06844318146820268,-0.23357364535331726,0.16318394243717194,-0.06403845548629761,1.1681649684906006,-1.2285526990890503,1.1466385126113892,0.8150415420532227,0.002951204776763916,-2.4343016147613525,0.9713084697723389,1.4085417985916138,-1.1770501136779785
0.017111875,0.0034223749999999996,5.0,1.1572942469271095,0.5224556714539282,0.05910337631273594,-0.0002763085668400479,-2.6180831370489624e-6,-0.00012358603298130832,0.06843828801638026,-0.23419025540351868,0.16997481882572174,-0.05969202518463135,1.2052478790283203,-1.21524178981781,1.1885557174682617,0.8371149301528931,-0.004487216472625732,-2.4783363342285156,0.9533212184906006,1.4237642288208008,-1.2070519924163818
0.017111875,0.0034223749999999996,5.0,1.1917625957858222,0.5569537041938806,0.05916230682383802,-0.00011835126777509743,-1.1371986322742591e-6,-5.2759254139796183e-5,0.06843736425205764,-0.23014318943023682,0.17599503695964813,-0.05648958683013916,1.197702407836914,-1.2654905319213867,1.2772732973098755,0.8792287111282349,0.007213115692138672,-2.4939842224121094,0.859992504119873,1.4744422435760498,-1.2114484310150146
0.017111875,0.0034223749999999996,5.0,1.225343180899755,0.5906200996102312,0.05932986620278981,3.8449789669250106e-5,3.513835941351435e-7,1.7051873169462925e-5,0.06843547587066628,-0.23470109701156616,0.18431463837623596,-0.04305166006088257,1.2642159461975098,-1.304368257522583,1.4209976196289062,0.9640273451805115,-0.027716636657714844,-2.6469881534576416,0.7415132522583008,1.6042941808700562,-1.2445950508117676
0.017111875,0.0034223749999999996,5.0,1.2580730536879732,0.6234413569164728,0.0595283656809884,0.0001954027242643593,1.601838676683499e-6,8.620104422927863e-5,0.0684383954152512,-0.24263671040534973,0.19338130950927734,-0.02924630045890808,1.3045731782913208,-1.37922203540802,1.5962152481079102,1.048399567604065,-0.05436128377914429,-2.8168814182281494,0.604994535446167,1.747538685798645,-1.2597956657409668
0.017111875,0.0034223749999999996,5.0,1.289886324335429,0.6534677809903155,0.05607488963406858,0.0003504153720167148,5.711602544123421e-6,0.00015854797590707698,0.06857867257970927,-0.23560255765914917,0.1800491064786911,0.00618058443069458,1.402339220046997,-1.3762586116790771,1.6846718788146973,1.094281554222107,-0.14378607273101807,-2.96775484085083,0.3897247314453125,2.0950558185577393,-1.2709088325500488
0.017111875,0.0034223749999999996,5.0,1.321072921716023,0.6844372686805505,0.05617272358441679,0.0005092657031728197,8.12713591244963e-6,0.00022999846091913522,0.0685799754445032,-0.20675158500671387,0.12980803847312927,0.04054233431816101,1.4506821632385254,-1.3203612565994263,1.7098844051361084,0.9920805096626282,-0.18489223718643188,-2.9202611446380615,0.12588238716125488,2.4561831951141357,-1.279901385307312
0.017111875,0.0034223749999999996,5.0,1.351426948062323,0.7145575757253263,0.05628470073503581,0.0006711348924752124,1.0427620461162383e-5,0.000302568692684372,0.06858273129685097,-0.18462032079696655,0.0847378671169281,0.07758691906929016,1.4728736877441406,-1.2178009748458862,1.704988956451416,0.9003964066505432,-0.19216519594192505,-2.879934549331665,-0.11115241050720215,2.7348990440368652,-1.2964158058166504
0.017111875,0.0034223749999999996,5.0,1.380824298337173,0.7438522979153626,0.05668089678897289,0.0008355904527923884,1.0698039807534498e-5,0.00037955228647605323,0.06858223611317397,-0.17844876646995544,0.04257124662399292,0.17194828391075134,1.2275581359863281,0.2618308663368225,1.39645516872406,0.26661285758018494,-0.20602113008499146,-3.1411783695220947,0.5838284492492676,1.8159103393554688,-1.0319980382919312
0.017111875,0.0034223749999999996,5.0,1.4095705271080434,0.7723896285400316,0.056708919431160666,0.0010049213462215423,1.2544600180739599e-5,0.0004570470780185332,0.06858465883405798,-0.1520591676235199,0.017660629004240036,0.18576207756996155,1.216086745262146,0.4210253357887268,1.1384035348892212,0.10268174111843109,-0.2297695279121399,-3.0034263134002686,0.5722517967224121,1.9038093090057373,-0.9968091249465942
0.017111875,0.0034223749999999996,5.0,1.437483598068977,0.8000808561175776,0.05670498896251199,0.0011788176404895338,1.4386248988231685e-5,0.0005368562190073828,0.06859016617730232,-0.12159618735313416,-0.009809842333197594,0.1894150674343109,1.158200740814209,0.5192161202430725,0.8105853796005249,-0.06719738245010376,-0.23911142349243164,-2.758317232131958,0.5506699085235596,1.9464097023010254,-0.92909836769104
0.017111875,0.0034223749999999996,5.0,1.4645272540338201,0.8269889623735666,0.05674081848479388,0.0013578733311328433,1.614316169425369e-5,0.000618744364831689,0.0685944173009156,-0.10433438420295715,-0.02246873453259468,0.19885089993476868,1.1296643018722534,0.5998305678367615,0.6249704360961914,-0.17246630787849426,-0.24169284105300903,-2.6412057876586914,0.5102255344390869,1.9338139295578003,-0.8976006507873535
0.017111875,0.0034223749999999996,5.0,1.4906673869472258,0.8531241823796522,0.05677739562839594,0.0015422713103610355,1.7840521088115344e-5,0.0007029475086331703,0.06859465067828893,-0.10000485181808472,-0.022315923124551773,0.1984790861606598,1.1181080341339111,0.6096210479736328,0.5959134101867676,-0.20299498736858368,-0.23786884546279907,-2.627272367477417,0.5096800327301025,1.9492446184158325,-0.8896839618682861
0.017111875,0.0034223749999999996,5.0,1.5160218917956412,0.8784301045278485,0.05678990181336131,0.0017317324773103615,2.010704814995802e-5,0.0007892215462366685,0.06859658172343853,-0.08671492338180542,-0.020493481308221817,0.202627032995224,1.1160087585449219,0.6113092303276062,0.5278232097625732,-0.20982611179351807,-0.21520096063613892,-2.5862033367156982,0.46774959564208984,1.931918978691101,-0.9101787209510803
0.017111875,0.0034223749999999996,5.0,1.5404800406598151,0.9029269452559653,0.056814317310172585,0.0019260370770807175,2.2110193462615645e-5,0.0008778438378863291,0.06859594122249905,-0.09115797281265259,-0.0157572403550148,0.20998647809028625,1.137354850769043,0.6665728092193604,0.547134518623352,-0.22897323966026306,-0.21628451347351074,-2.658494710922241,0.4859921932220459,1.929931402206421,-0.9305533766746521
0.017111875,0.0034223749999999996,5.0,1.5641274323051102,0.9265783644688855,0.05682459266655472,0.002124557369353386,2.4185667998897848e-5,0.0009683823243069915,0.0685961833636977,-0.08956652879714966,-0.014214597642421722,0.20903250575065613,1.1358222961425781,0.6619094610214233,0.5155117511749268,-0.24382995069026947,-0.20816010236740112,-2.6502158641815186,0.4920070171356201,1.9309372901916504,-0.9369928240776062
0.017111875,0.0034223749999999996,5.0,1.5869249812316994,0.9494169937144701,0.05687233374456641,0.0023266497027766776,2.6009988805390833e-5,0.0010606221662190164,0.0685953744720265,-0.086331307888031,-0.010493536479771137,0.21344277262687683,1.1512963771820068,0.671188235282898,0.4544355869293213,-0.25497546792030334,-0.19914251565933228,-2.648094654083252,0.49303531646728516,1.9092873334884644,-0.9611863493919373
0.017111875,0.0034223749999999996,5.0,1.6089132422753898,0.9714013649312222,0.056866344818416514,0.002531143434490511,2.8256334566547052e-5,0.0011541134173772814,0.06859604798393867,-0.09426352381706238,-0.008090715855360031,0.21738532185554504,1.1607412099838257,0.7129606604576111,0.48999524116516113,-0.28231528401374817,-0.20479309558868408,-2.709578275680542,0.5185806751251221,1.93224036693573,-0.965194821357727
0.017111875,0.0034223749999999996,5.0,1.6300845925545693,0.9925609203844443,0.056865704495545,0.002736957046652729,3.0604737331139545e-5,0.0012482491602867048,0.06859694699307374,-0.0971059501171112,-0.004566129297018051,0.22038057446479797,1.1711177825927734,0.7468973994255066,0.48039841651916504,-0.3018999993801117,-0.20435571670532227,-2.740410327911377,0.5410571098327637,1.9307936429977417,-0.9759531617164612
0.017111875,0.0034223749999999996,5.0,1.6503826475504115,1.0128358485931765,0.0567435923332828,0.0029427160840229086,3.256193134828849e-5,0.0013422177133301913,0.06859818479458869,-0.09961405396461487,-0.0034001017920672894,0.2181319296360016,1.168567180633545,0.7486451864242554,0.4633007049560547,-0.3247050642967224,-0.20235025882720947,-2.7427897453308105,0.566370964050293,1.9425874948501587,-0.9752925038337708
0.017111875,0.0034223749999999996,5.0,1.6698654489920022,1.0323885421068113,0.056893680424149606,0.0031468994591491526,3.4558676068250045e-5,0.001435774737414515,0.06859639622869954,-0.10010722279548645,-0.00048792012967169285,0.22084322571754456,1.1787278652191162,0.7638843655586243,0.4324913024902344,-0.3427380919456482,-0.19975924491882324,-2.752286195755005,0.5764191150665283,1.9351140260696411,-0.987880527973175
0.017111875,0.0034223749999999996,5.0,1.6885321130950663,1.0510751459869985,0.05694492073712079,0.003347523296035016,3.648701703711306e-5,0.001527424317209552,0.06859612089922346,-0.09520667791366577,0.00458998279646039,0.22601059079170227,1.1968090534210205,0.7604125738143921,0.3630995750427246,-0.35144057869911194,-0.19154703617095947,-2.7361388206481934,0.5637896060943604,1.90128755569458,-1.0137931108474731
0.017111875,0.0034223749999999996,5.0,1.7063354534288961,1.0689148634113423,0.05694393791596916,0.0035426386776513967,3.817300459723553e-5,0.0016168826453167085,0.06859541847158683,-0.09716764092445374,0.005928448401391506,0.22023829817771912,1.1892704963684082,0.7389650344848633,0.34950804710388184,-0.3714771568775177,-0.19080275297164917,-2.7260005474090576,0.5884771347045898,1.915460228919983,-1.006842017173767
0.017111875,0.0034223749999999996,5.0,1.723340354650543,1.085921362888706,0.056949791801105716,0.003730334121543651,4.014789387525576e-5,0.001702993889087853,0.06859606153489152,-0.09721371531486511,0.008731522597372532,0.22057178616523743,1.1952998638153076,0.7361712455749512,0.3102102279663086,-0.39100921154022217,-0.18928706645965576,-2.7155299186706543,0.6001806259155273,1.9050220251083374,-1.0141310691833496
0.017111875,0.0034223749999999996,5.0,1.7394700019841862,1.1021167738619557,0.05699488672802177,0.00390956023559379,4.112427538135337e-5,0.0017849417541640467,0.06859454291375211,-0.10031330585479736,0.01253961119800806,0.22234520316123962,1.203572392463684,0.7487996220588684,0.3090498447418213,-0.41095033288002014,-0.19141000509262085,-2.745265007019043,0.6131386756896973,1.9130100011825562,-1.020269513130188
0.017111875,0.0034223749999999996,5.0,1.7548093432648637,1.1173872855719313,0.05682143083013919,0.004078429942671491,4.269854709633822e-5,0.0018620042785032855,0.06859726591573989,-0.10291069746017456,0.016110755503177643,0.22446474432945251,1.2104524374008179,0.7784254550933838,0.30134153366088867,-0.43410998582839966,-0.19343507289886475,-2.767500162124634,0.6313116550445557,1.9105966091156006,-1.0250968933105469
0.017111875,0.0034223749999999996,5.0,1.7693471934452603,1.1319033656352768,0.056826314133490895,0.004236983968300354,4.4802856756313514e-5,0.001934686559453391,0.06859852346203804,-0.09729787707328796,0.01811658963561058,0.22029581665992737,1.2100553512573242,0.729741632938385,0.23006796836853027,-0.4479694366455078,-0.18524169921875,-2.7069766521453857,0.6221349239349365,1.8813533782958984,-1.0323877334594727
0.017111875,0.0034223749999999996,5.0,1.7830249982728066,1.1455818460886178,0.05681290570320514,0.00438561556152601,4.6347594942276666e-5,0.0020030541848821736,0.06859897548031584,-0.09139561653137207,0.01891029253602028,0.2118355929851532,1.2024989128112793,0.661013126373291,0.15247154235839844,-0.4603315591812134,-0.17821282148361206,-2.6286139488220215,0.6158924102783203,1.852647304534912,-1.0312325954437256
0.017111875,0.0034223749999999996,5.0,1.7958834536420119,1.1584373816038882,0.056823893186743815,0.004525785372829501,4.787273758060574e-5,0.002067183934342079,0.06859959876113549,-0.0890735387802124,0.022537168115377426,0.21216508746147156,1.2128503322601318,0.6413121223449707,0.09938693046569824,-0.47442975640296936,-0.17702120542526245,-2.6066431999206543,0.6100625991821289,1.8269940614700317,-1.0423674583435059
0.017111875,0.0034223749999999996,5.0,1.807890272409321,1.1704612519414352,0.05684952446065423,0.004660074056382952,4.8858236137381715e-5,0.0021283181241686586,0.06859957101693895,-0.0914384126663208,0.028167907148599625,0.22219207882881165,1.237675666809082,0.6868531107902527,0.08685445785522461,-0.4894030690193176,-0.18033981323242188,-2.6484227180480957,0.6090891361236572,1.8102048635482788,-1.0638537406921387
0.017111875,0.0034223749999999996,5.0,1.8190838134641554,1.1816259352595364,0.056808800007622215,0.0047921080220928725,5.027893872878064e-5,0.002187966695732758,0.06860154177531495,-0.09293892979621887,0.03669988363981247,0.23826643824577332,1.2755582332611084,0.7507180571556091,0.05584406852722168,-0.498960942029953,-0.1827067732810974,-2.694415807723999,0.5957014560699463,1.7620635032653809,-1.099212408065796
0.017111875,0.0034223749999999996,5.0,1.8294438088231215,1.191970199373143,0.056786656545262305,0.004928004402952539,5.1865498502203945e-5,0.002249539653248232,0.06860322537055379,-0.08964654803276062,0.04203414171934128,0.24405285716056824,1.2930859327316284,0.7445968389511108,-0.005626678466796875,-0.5010606646537781,-0.1808813214302063,-2.66568922996521,0.569166898727417,1.7006192207336426,-1.1180330514907837
0.017111875,0.0034223749999999996,5.0,1.838967410997541,1.2015434258051445,0.05691258514607278,0.0050774426130928835,5.357167346910922e-5,0.0023176907941989816,0.06860261163899015,-0.08750420808792114,0.04790904000401497,0.2511376440525055,1.3114231824874878,0.7489128708839417,-0.05932474136352539,-0.5069800615310669,-0.1794952154159546,-2.6426920890808105,0.5423588752746582,1.6360360383987427,-1.1372652053833008
0.017111875,0.0034223749999999996,5.0,1.8476438035490255,1.210320380627571,0.057111199674319,0.005256166565981574,5.519340779818679e-5,0.0023995685401126295,0.06859979886703782,-0.08580368757247925,0.05405164137482643,0.25677815079689026,1.3281017541885376,0.7441771030426025,-0.10890316963195801,-0.5105128884315491,-0.17870259284973145,-2.6188840866088867,0.5156443119049072,1.569068193435669,-1.1541935205459595
0.017111875,0.0034223749999999996,5.0,1.8558427682441132,1.2194175575804476,0.06126956421030265,0.005514316667680624,-1.922252026361704e-5,0.002511202394925188,0.06847772351348566,-0.08379873633384705,0.060803044587373734,0.2569563686847687,1.350313663482666,0.6898916363716125,-0.18956422805786133,-0.5144140720367432,-0.17802894115447998,-2.540639638900757,0.471874475479126,1.451926589012146,-1.175908088684082
0.017111875,0.0034223749999999996,5.0,1.8629032081300896,1.2264676102855776,0.06130156097488056,0.005867758155230423,-1.9857873948934675e-5,0.002672157726436098,0.06847913894601981,-0.0816572904586792,0.06500756740570068,0.2593565881252289,1.3553696870803833,0.6767916083335876,-0.2306840419769287,-0.5245001316070557,-0.17784970998764038,-2.4983325004577637,0.44376039505004883,1.389067530632019,-1.1806085109710693
0.017111875,0.0034223749999999996,5.0,1.8691338102363608,1.2326772811240234,0.06131278182234568,0.006485040524183835,-2.1333462372717063e-5,0.00295325556361173,0.06848193700318717,-0.07806605100631714,0.06944047659635544,0.26071807742118835,1.3565417528152466,0.6456897854804993,-0.28473854064941406,-0.5362334251403809,-0.1764807105064392,-2.4306631088256836,0.40105319023132324,1.3011308908462524,-1.1823445558547974
0.017111875,0.0034223749999999996,5.0,1.8744941027508248,1.2380695989615873,0.06134605331697267,0.007884865441729219,-2.8570595504781784e-5,0.0035920142771494645,0.06848166838714545,-0.07448381185531616,0.07155206799507141,0.2563340961933136,1.3454558849334717,0.5987486839294434,-0.33365440368652344,-0.5616565346717834,-0.17459553480148315,-2.355516195297241,0.3741340637207031,1.239856243133545,-1.1723129749298096
0.017111875,0.0034223749999999996,5.0,1.8790830914412018,1.2425957178624203,0.061301863491229236,0.014615928473671309,-6.877048593793812e-5,0.006668042407211566,0.06848507391965945,-0.07496967911720276,0.07693370431661606,0.25486311316490173,1.3231656551361084,0.587162435054779,-0.4068026542663574,-0.6721255779266357,-0.16468191146850586,-2.2867801189422607,0.37198567390441895,1.1477082967758179,-1.1582903861999512
0.017111875,0.0034223749999999996,5.0,1.8786380463987389,-1.24164273176814,0.06218055139640299,-4.944933970744858e-5,5.0151377230727126e-5,1.6015457795251407e-6,0.0684733714478232,0.010726511478424072,0.17998693883419037,-0.10710462927818298,0.82579505443573,0.5282429456710815,-0.9538125991821289,0.42217376828193665,0.09160217642784119,-0.9267473220825195,0.41766786575317383,0.6376741528511047,-0.9197759628295898
0.017111875,0.0034223749999999996,5.0,1.8947798352119611,-1.2385558813630464,0.07363176012728435,0.000989100118043926,-0.001029062393403543,-5.1355562329986434e-5,0.06856765136714431,0.005502879619598389,0.18578368425369263,-0.12052664160728455,0.8097445964813232,0.3286261260509491,-1.0214955806732178,0.4470319151878357,0.11547857522964478,-0.7069019675254822,0.38413143157958984,0.3576580286026001,-0.9256002902984619
0.017111875,0.0034223749999999996,5.0,1.8736720846292998,-1.236694490663884,0.06218376066036475,-0.00016592276144868147,0.00016838851550924212,5.528415830386551e-6,0.06847876530351298,0.007965952157974243,0.18237601220607758,-0.10201430320739746,0.8416075706481934,0.6226317882537842,-0.9128649234771729,0.4077560007572174,0.07580241560935974,-1.0236091613769531,0.4292416572570801,0.7234506011009216,-0.9203746914863586
0.017111875,0.0034223749999999996,5.0,1.8891509282434313,-1.2366304009537044,0.06950367517272081,0.0033817081527936074,-0.0034257571126935647,-0.00010355314009831757,0.06846978345024463,0.00824996829032898,0.18462775647640228,-0.11429798603057861,0.817028284072876,0.4229753017425537,-0.9959068298339844,0.4464518129825592,0.10455352067947388,-0.8088335394859314,0.3872990608215332,0.48576298356056213,-0.9230129718780518
0.017111875,0.0034223749999999996,5.0,1.8679119036773506,-1.2309791488360853,0.062106772289525235,-0.0002499039749143899,0.00025342404475762174,8.130704559176041e-6,0.06847993210045156,0.006906569004058838,0.18081314861774445,-0.10490083694458008,0.8376098871231079,0.6398056149482727,-0.8987925052642822,0.4289117455482483,0.0730222761631012,-1.0164642333984375,0.42971181869506836,0.7019219398498535,-0.913698673248291
0.017111875,0.0034223749999999996,5.0,1.883391941139716,-1.230910138186501,0.0694048676827408,0.00508890226798939,-0.005154014115183694,-0.00016065476820381806,0.0684722721900133,0.008985668420791626,0.18192987143993378,-0.11976775527000427,0.8016427755355835,0.4174036979675293,-0.9933476448059082,0.4852333962917328,0.10969913005828857,-0.7659833431243896,0.3726320266723633,0.43777090311050415,-0.91288161277771
0.017111875,0.0034223749999999996,5.0,1.8612744126237806,-1.2243616594066877,0.06212854030930948,-0.00034339109471677307,0.0003485526996552952,1.1605467831841783e-5,0.06848722737584148,0.003917396068572998,0.1819726973772049,-0.10243645310401917,0.8484747409820557,0.7204001545906067,-0.8576483726501465,0.4286653697490692,0.05859839916229248,-1.0870803594589233,0.4363856315612793,0.7535581588745117,-0.9106355905532837
0.017111875,0.0034223749999999996,5.0,1.876791856650836,-1.2243450959736326,0.06934232033676353,0.0070000340368934376,-0.00708783441571009,-0.00022418705349593068,0.06847608434080568,0.008190125226974487,0.18195660412311554,-0.11943292617797852,0.8029397130012512,0.4716959297657013,-0.9721014499664307,0.5023152232170105,0.10418233275413513,-0.8045295476913452,0.3678548336029053,0.4680781066417694,-0.9091843962669373
0.017111875,0.0034223749999999996,5.0,1.8538428397745916,-1.216981756676233,0.062064347788448895,-0.0004487666305164492,0.00045521068443681864,1.4871086250358281e-5,0.06849006400190766,0.002397000789642334,0.17927612364292145,-0.10679841041564941,0.841351330280304,0.7359098792076111,-0.8411834239959717,0.46056175231933594,0.05639401078224182,-1.0694066286087036,0.43715405464172363,0.7157876491546631,-0.9014186263084412
0.017111875,0.0034223749999999996,5.0,1.8693575452433329,-1.2169304145215307,0.06932428960762244,0.009123948760634713,-0.009240714700588385,-0.0003035069664906148,0.06848180188393736,0.008222758769989014,0.17976292967796326,-0.12310454249382019,0.7910552024841309,0.49094492197036743,-0.9598009586334229,0.5381227731704712,0.10633546113967896,-0.7920869588851929,0.35378265380859375,0.4471418261528015,-0.8997855186462402
0.017111875,0.0034223749999999996,5.0,1.8455447361360906,-1.2087279030913591,0.06205266674079326,-0.0005651501092763858,0.0005735629595596014,1.917700596458516e-5,0.06849723221402837,-0.0006201267242431641,0.17900104820728302,-0.10663187503814697,0.8470343947410583,0.798422634601593,-0.8036646842956543,0.47315898537635803,0.04454520344734192,-1.114100694656372,0.44165682792663574,0.7366591691970825,-0.8956516981124878
0.017111875,0.0034223749999999996,5.0,1.8610940931900566,-1.2087118392794554,0.06926660302416307,0.011468639556438532,-0.0116117182129019,-0.00038582053823066245,0.06848685645187934,0.007091313600540161,0.1785794496536255,-0.12443730235099792,0.7872058749198914,0.5411376357078552,-0.93613600730896,0.5665980577468872,0.10249373316764832,-0.8135836720466614,0.34139013290405273,0.45561811327934265,-0.8926485776901245
0.017111875,0.0034223749999999996,5.0,1.8364307703408258,-1.199663422993845,0.06201894136964854,-0.0006963020425654907,0.0007066115793144727,2.3714409122049037e-5,0.06850214019120415,-0.003366321325302124,0.17736074328422546,-0.10748609900474548,0.8482375741004944,0.856033980846405,-0.7639482021331787,0.49279382824897766,0.03424695134162903,-1.1517716646194458,0.44437122344970703,0.7514519095420837,-0.8869652152061462
0.017111875,0.0034223749999999996,5.0,1.8519998232897816,-1.1996525172080792,0.06923266570798378,0.014023820787609808,-0.014198839653512105,-0.0004866836806880328,0.06849252926819732,0.00716632604598999,0.1754925400018692,-0.12905079126358032,0.769721269607544,0.5471591949462891,-0.928107738494873,0.6084029078483582,0.10839459300041199,-0.7829887866973877,0.3217780590057373,0.41701051592826843,-0.8813818097114563
0.017111875,0.0034223749999999996,5.0,1.8264697018130962,-1.1897812670694,0.06196636064202663,-0.0008420730336132744,0.0008544605687516919,2.8769783263693954e-5,0.06850925558321366,-0.007114976644515991,0.17427344620227814,-0.11107802391052246,0.845134437084198,0.8993313908576965,-0.7307112216949463,0.5302051305770874,0.026045143604278564,-1.1551891565322876,0.44983482360839844,0.7243644595146179,-0.8759706020355225
0.017111875,0.0034223749999999996,5.0,1.8420669468174746,-1.189767579581552,0.0691963902647726,0.016786740346697752,-0.01699471541191164,-0.000597386332672919,0.06849853770915047,0.005922824144363403,0.17220284044742584,-0.13392022252082825,0.7529643774032593,0.56160569190979,-0.9182758331298828,0.6540238857269287,0.11319071054458618,-0.7473078966140747,0.30351996421813965,0.368088036775589,-0.8698040246963501
0.017111875,0.0034223749999999996,5.0,1.8156900942770948,-1.179068245309439,0.06191672531801787,-0.0010000205559418996,0.0010143774471618827,3.400774392757434e-5,0.06851401776453145,-0.0073212385177612305,0.167566180229187,-0.12001240253448486,0.8171772956848145,0.8391122817993164,-0.7521181106567383,0.5932087302207947,0.044622212648391724,-1.0535227060317993,0.45644664764404297,0.6163144707679749,-0.8663378953933716
0.017111875,0.0034223749999999996,5.0,1.831318757225998,-1.1790899704914397,0.06909921030458879,0.019762341203448074,-0.019989065345697412,-0.0006983725895648663,0.06850177651285584,0.004836052656173706,0.16883227229118347,-0.1365724503993988,0.7378066778182983,0.5920755863189697,-0.8981325626373291,0.6925038695335388,0.11549428105354309,-0.7420364022254944,0.28185534477233887,0.35264554619789124,-0.857516884803772
0.017111875,0.0034223749999999996,5.0,1.804075940680982,-1.1675335426447597,0.061854335859871934,-0.001169969932711868,0.0011861074206430428,3.9258785337204965e-5,0.06851840206178086,-0.009680718183517456,0.1634395271539688,-0.12362447381019592,0.8057050704956055,0.8487264513969421,-0.7361605167388916,0.6333928108215332,0.04649597406387329,-1.0370526313781738,0.4648878574371338,0.5847287774085999,-0.8569138050079346
0.017111875,0.0034223749999999996,5.0,1.8197266543790411,-1.1675606157160752,0.06904379289972852,0.022926676798369475,-0.023181454221278232,-0.0008258681788672474,0.06850648606606968,0.004681050777435303,0.16426314413547516,-0.14314374327659607,0.7045636177062988,0.5439419746398926,-0.9200088977813721,0.7428426742553711,0.1346016824245453,-0.643595814704895,0.2629714012145996,0.2612749934196472,-0.8434114456176758
0.017111875,0.0034223749999999996,5.0,1.7916225858836012,-1.1551559748223754,0.061807297525502264,-0.001350792629034794,0.0013692246975059565,4.5466336406366856e-5,0.06852379889833024,-0.010224729776382446,0.1567927896976471,-0.1317848265171051,0.7737028002738953,0.7686302661895752,-0.7711615562438965,0.6957902908325195,0.06934037804603577,-0.9142358303070068,0.4729146957397461,0.4706103503704071,-0.8473786115646362
0.017111875,0.0034223749999999996,5.0,1.807299350563857,-1.1551949564405766,0.06899540752105113,0.026276845494470836,-0.026557707863462995,-0.0009559949002670281,0.06850973683983469,0.0035694241523742676,0.1607438325881958,-0.14575624465942383,0.6855027675628662,0.5493420958518982,-0.9175009727478027,0.7778882384300232,0.14180868864059448,-0.6099188923835754,0.2419137954711914,0.22801473736763,-0.8319953083992004
0.017111875,0.0034223749999999996,5.0,1.7783575323540524,-1.1418539806910288,0.06186798836353002,-0.0015386334710153528,0.001562318033806815,5.512866823419646e-5,0.06852973465072566,-0.009807467460632324,0.158076211810112,-0.12891879677772522,0.7800939679145813,0.8151661157608032,-0.7417252063751221,0.6847016215324402,0.05804982781410217,-0.9705771803855896,0.46773505210876465,0.517382025718689,-0.8427547216415405
0.017111875,0.0034223749999999996,5.0,1.7940820481078028,-1.1419316231540277,0.06904499460155589,0.02978034880959488,-0.030126690340309095,-0.001158818581156835,0.06851149683285358,0.0058484673500061035,0.16123850643634796,-0.14195623993873596,0.6820032000541687,0.5925581455230713,-0.889289379119873,0.7713720202445984,0.1372849941253662,-0.666048526763916,0.19345521926879883,0.284076452255249,-0.8245954513549805
0.017111875,0.0034223749999999996,5.0,1.7642823712100162,-1.127739825791419,0.06190716586259705,-0.0017293530747861554,0.0017580255737632655,6.466429866666089e-5,0.06853351219496223,-0.009969502687454224,0.1589623987674713,-0.1242031455039978,0.7882596850395203,0.899399995803833,-0.68593430519104,0.6691608428955078,0.04083183407783508,-1.067966103553772,0.46137189865112305,0.602822482585907,-0.8342665433883667
0.017111875,0.0034223749999999996,5.0,1.7800456775968487,-1.1278200801352867,0.06912206915793638,0.033438581816264454,-0.03387094328456168,-0.0014010351627444493,0.06851155075016088,0.008187621831893921,0.16054800152778625,-0.14187833666801453,0.6614189147949219,0.573377788066864,-0.8975439071655273,0.7770593166351318,0.14699840545654297,-0.635219931602478,0.15303611755371094,0.26463761925697327,-0.8138939738273621
0.017111875,0.0034223749999999996,5.0,1.7493771459599845,-1.112788954842967,0.06193830311764356,-0.0019246644502619098,0.0019583092983560795,7.399069451525111e-5,0.06853428614401103,-0.0072668492794036865,0.1601409912109375,-0.12286165356636047,0.7823255658149719,0.881400465965271,-0.6906893253326416,0.6594317555427551,0.045951128005981445,-1.0723363161087036,0.45364928245544434,0.6091974973678589,-0.8333038091659546
0.017111875,0.0034223749999999996,5.0,1.7651716105617794,-1.1129259669043503,0.06912103717532826,0.03725880972046964,-0.037749667287701794,-0.0016154929271318768,0.06851022796658673,0.010721772909164429,0.16156096756458282,-0.13912025094032288,0.6485751867294312,0.5706969499588013,-0.893897294998169,0.7686078548431396,0.1523204743862152,-0.6394986510276794,0.10442590713500977,0.2738831639289856,-0.8066074848175049
0.017111875,0.0034223749999999996,5.0,1.7336344900350833,-1.0970329085408457,0.06194575872791138,-0.0021293823458736756,0.0021681756879686188,8.445251615476775e-5,0.06853741264742245,-0.006246089935302734,0.16046297550201416,-0.12129226326942444,0.7768747806549072,0.8878694772720337,-0.6790969371795654,0.6565584540367126,0.047274261713027954,-1.0920133590698242,0.44911742210388184,0.6243129372596741,-0.8292228579521179
0.017111875,0.0034223749999999996,5.0,1.7494572397624855,-1.0971686980934783,0.06918308831697773,0.041177981216165054,-0.041770243839525635,-0.0018949046433165044,0.06850990230087799,0.011944293975830078,0.1629820019006729,-0.13529470562934875,0.6441345810890198,0.5973424911499023,-0.8741319179534912,0.7546985149383545,0.1521470844745636,-0.6592810153961182,0.04767346382141113,0.28599461913108826,-0.8024133443832397
0.017111875,0.0034223749999999996,5.0,1.7170480342728343,-1.0804305418057853,0.06196425822479974,-0.002339101778415406,0.002383203820357829,9.369921252549422e-5,0.06853834988396058,-0.006961643695831299,0.15897861123085022,-0.12296095490455627,0.7677833437919617,0.8754035234451294,-0.6841659545898438,0.6749894022941589,0.05106639862060547,-1.0580778121948242,0.451763391494751,0.5844041109085083,-0.8238450884819031
0.017111875,0.0034223749999999996,5.0,1.732927682011494,-1.080605137596693,0.06917816146187927,0.04524591584619486,-0.045878080443305644,-0.002085974478024517,0.06850433494174585,0.012128174304962158,0.1605263203382492,-0.13729780912399292,0.6131836175918579,0.5472391843795776,-0.9076929092407227,0.7719309329986572,0.16779708862304688,-0.5658467411994934,0.025495290756225586,0.2092956155538559,-0.7870780825614929
0.017111875,0.0034223749999999996,5.0,1.6996655295427432,-1.0630361374023496,0.061933312821827353,-0.0025587153621548426,0.0026068124907188406,0.00010283308159213151,0.06853728942306075,-0.005531132221221924,0.15594708919525146,-0.12622526288032532,0.7437793612480164,0.8111488819122314,-0.711606502532959,0.7006711959838867,0.06884968280792236,-0.98259437084198,0.45091748237609863,0.5144253969192505,-0.8173204660415649
0.017111875,0.0034223749999999996,5.0,1.7155515007502449,-1.0632191484208773,0.06919468695289714,0.0493763537446662,-0.0500802009375127,-0.002355913934405322,0.0685031124515446,0.012696906924247742,0.1607622653245926,-0.1350516676902771,0.5984323024749756,0.5328845381736755,-0.9161922931671143,0.7652503252029419,0.1744110882282257,-0.5338885188102722,-0.015254974365234375,0.1829850673675537,-0.7790771126747131
0.017111875,0.0034223749999999996,5.0,1.6814412556902405,-1.0448283708348067,0.061897699120379505,-0.002777253821592624,0.002827138296475506,0.0001099683034624894,0.0685362023035772,-0.004177391529083252,0.15671111643314362,-0.12311893701553345,0.7406927943229675,0.8243263363838196,-0.6975312232971191,0.6863069534301758,0.0678495466709137,-1.0138335227966309,0.44394803047180176,0.5445128083229065,-0.8133424520492554
0.017111875,0.0034223749999999996,5.0,1.6973685249180994,-1.0449788689444606,0.06923053881202337,0.053584412939947104,-0.05437160227763143,-0.00263753744497978,0.06849794031524001,0.014892682433128357,0.1618652045726776,-0.12938645482063293,0.5918842554092407,0.5483136773109436,-0.8968019485473633,0.7383773922920227,0.17424944043159485,-0.5497673749923706,-0.07976770401000977,0.20150740444660187,-0.772710382938385
0.017111875,0.0034223749999999996,5.0,1.6623805703961365,-1.0257313968891748,0.061925505125775444,-0.0029955774124381927,0.0030511314240794707,0.00012008606138290272,0.06853608523333375,-0.0040128231048583984,0.15579573810100555,-0.12283366918563843,0.7310608625411987,0.8080708384513855,-0.7027549743652344,0.6944032311439514,0.07377496361732483,-0.9959321022033691,0.4460628032684326,0.5239783525466919,-0.809543788433075
0.017111875,0.0034223749999999996,5.0,1.6783313139644995,-1.0259340859026185,0.06921891273952348,0.057869657081277955,-0.058700556325394566,-0.002839034652126269,0.0684928587357465,0.014393135905265808,0.15978959202766418,-0.12704265117645264,0.5732922554016113,0.5487434267997742,-0.8920390605926514,0.7392899990081787,0.1783873736858368,-0.5123999714851379,-0.12061810493469238,0.1669873595237732,-0.7585819363594055
0.017111875,0.0034223749999999996,5.0,1.642485494583873,-1.0058051341504348,0.06194768530623567,-0.0032080177231266836,0.0032706281660421182,0.0001322297570988551,0.06853703752622421,-0.003560692071914673,0.1556987464427948,-0.12097111344337463,0.7249815464019775,0.8144171237945557,-0.6923432350158691,0.6918900012969971,0.07563716173171997,-1.0098673105239868,0.44498324394226074,0.5317474007606506,-0.8054019808769226
0.017111875,0.0034223749999999996,5.0,1.658455163681083,-1.0060515386121651,0.06927835750801932,0.06214734332955593,-0.06309942736206336,-0.0031698560881574535,0.06849285971440922,0.013852998614311218,0.1592501550912857,-0.12519824504852295,0.5566290616989136,0.5258287191390991,-0.9136779308319092,0.737869381904602,0.18403157591819763,-0.4475691020488739,-0.1460418701171875,0.10892131179571152,-0.7475603818893433
0.017111875,0.0034223749999999996,5.0,1.621744159331515,-0.985057353647536,0.06196606699921887,-0.0034233687583980956,0.003493281388530666,0.00014545857748544483,0.06854027190330683,-0.002805471420288086,0.154496431350708,-0.1199583113193512,0.7109569311141968,0.7923551201820374,-0.6977667808532715,0.6982938051223755,0.08483973145484924,-0.9935893416404724,0.44527339935302734,0.5178161859512329,-0.8005003333091736
0.017111875,0.0034223749999999996,5.0,1.6377657427738233,-0.9853204887626694,0.06934865828885582,0.06643556000729545,-0.06752849959537675,-0.003524083829410943,0.06849061577626983,0.013356626033782959,0.158279687166214,-0.12464126944541931,0.5363439917564392,0.48938047885894775,-0.9538822174072266,0.7388066649436951,0.19041910767555237,-0.3460574150085449,-0.15531635284423828,0.0265431459993124,-0.7334979772567749
0.017111875,0.0034223749999999996,5.0,1.6001729191869247,-0.963513515864225,0.061936629486232526,-0.0036453035185119403,0.0037182528745488387,0.00015246172451541788,0.06853913209197118,-0.004974931478500366,0.15587855875492096,-0.11590602993965149,0.7215114831924438,0.8694907426834106,-0.6537251472473145,0.6846591234207153,0.07016429305076599,-1.0582196712493896,0.44596219062805176,0.5654674172401428,-0.7968260645866394
0.017111875,0.0034223749999999996,5.0,1.6162338622908754,-0.9637943404851533,0.06931968362792279,0.07079142344077195,-0.07190769631522498,-0.003703066305539994,0.06848659466972372,0.013988927006721497,0.15756255388259888,-0.1206209659576416,0.5245976448059082,0.48972633481025696,-0.9515454769134521,0.7285370230674744,0.18956151604652405,-0.3154986798763275,-0.19333720207214355,0.0001041516661643982,-0.7210565209388733
0.017111875,0.0034223749999999996,5.0,1.5777953819507007,-0.9411289958652692,0.0619234686991344,-0.003867560791092714,0.003943593828410838,0.00016018657434539352,0.06853698958127166,-0.005061626434326172,0.15442727506160736,-0.11529621481895447,0.7100679874420166,0.8571100234985352,-0.6555807590484619,0.6941015124320984,0.07737323641777039,-1.042008638381958,0.4508652687072754,0.5472797155380249,-0.792568564414978
0.017111875,0.0034223749999999996,5.0,1.593865491881386,-0.9414156284227118,0.06931388186208975,0.07513144939808677,-0.07628281513882616,-0.0038767733391338517,0.06848199525949666,0.01346386969089508,0.15560561418533325,-0.11805593967437744,0.5074048638343811,0.47926509380340576,-0.9626471996307373,0.7305350303649902,0.19072863459587097,-0.2581685781478882,-0.21238136291503906,-0.04964718222618103,-0.7051348686218262
0.017111875,0.0034223749999999996,5.0,1.5545604273576612,-0.9178574938090923,0.06197643302890984,-0.0040836807051160585,0.004168935497396704,0.00017237769742932721,0.06853895133221134,-0.0042543113231658936,0.15335656702518463,-0.11601406335830688,0.6977477669715881,0.8117830753326416,-0.6830167770385742,0.7049707770347595,0.0881531834602356,-0.986099123954773,0.4549250602722168,0.4933839738368988,-0.7906954884529114
0.017111875,0.0034223749999999996,5.0,1.5706470972535809,-0.9182316872043846,0.06931072798126262,0.07942951717553587,-0.08063076801902658,-0.00409465774755933,0.06848183151580424,0.011836051940917969,0.1517815887928009,-0.11414575576782227,0.4857389032840729,0.4932689070701599,-0.9513647556304932,0.7346773147583008,0.18959948420524597,-0.2117931991815567,-0.24080348014831543,-0.09610743075609207,-0.6827136874198914
0.017111875,0.0034223749999999996,5.0,1.5305028577412325,-0.8937893350495155,0.061989301601126305,-0.004290255064890881,0.004382736725857981,0.00018378264978124464,0.06854034020538424,-0.0024968981742858887,0.15178927779197693,-0.11570635437965393,0.6766879558563232,0.7562479972839355,-0.7087013721466064,0.7153606414794922,0.10452929139137268,-0.9322192072868347,0.45502352714538574,0.44843944907188416,-0.7857031226158142
0.017111875,0.0034223749999999996,5.0,1.5465994846170057,-0.8941820606820022,0.06933369739689005,0.08368103837560292,-0.08496428445908025,-0.004281560619693635,0.06848235440436938,0.011841624975204468,0.15125176310539246,-0.11262500286102295,0.48067423701286316,0.49472278356552124,-0.9594190120697021,0.7364044785499573,0.18733376264572144,-0.1784747838973999,-0.2413945198059082,-0.13654375076293945,-0.675361692905426
0.017111875,0.0034223749999999996,5.0,1.5056121189934528,-0.8689178258258552,0.06198455099290933,-0.0045078535246768706,0.00460445239661563,0.0001917071390367971,0.06854030704028566,-0.0029663443565368652,0.14829204976558685,-0.1155085563659668,0.6509411931037903,0.7274817228317261,-0.7178418636322021,0.7392495274543762,0.11876511573791504,-0.8782093524932861,0.46463489532470703,0.4012095630168915,-0.7741206884384155
0.017111875,0.0034223749999999996,5.0,1.5217375796244494,-0.8692778137021009,0.06942067196907174,0.08782578719383272,-0.08926826805438301,-0.0045841466514720385,0.06848397497250856,0.01298697292804718,0.15057092905044556,-0.11082586646080017,0.4633609652519226,0.4584755301475525,-0.9955754280090332,0.7395035624504089,0.19196194410324097,-0.13396558165550232,-0.21031856536865234,-0.1616106927394867,-0.6623368263244629
0.017111875,0.0034223749999999996,5.0,1.4798939753460987,-0.8432921132643776,0.06191695286824506,-0.004733396217648196,0.004825874588506353,0.00019119721261577567,0.06853831723335735,-0.0028222203254699707,0.14327983558177948,-0.11498886346817017,0.6141958236694336,0.656596839427948,-0.747936487197876,0.7701359987258911,0.14573103189468384,-0.7959567308425903,0.4775857925415039,0.34360766410827637,-0.7641158103942871
0.017111875,0.0034223749999999996,5.0,1.4960081626533452,-0.8435791651221267,0.06938282070738892,0.091996154552171,-0.09343556078323265,-0.00462650454237888,0.0684836489263907,0.01203426718711853,0.14773234724998474,-0.10993850231170654,0.4390440583229065,0.4365372359752655,-1.018317461013794,0.758939802646637,0.19820141792297363,-0.0793578028678894,-0.1742866039276123,-0.20961643755435944,-0.6441972255706787
0.017111875,0.0034223749999999996,5.0,1.4533085934740326,-0.8167960956498578,0.06189767219377262,-0.004962737430649986,0.005057868064513902,0.0001994809194830939,0.06853710206309668,-0.002742856740951538,0.1388079673051834,-0.10832449793815613,0.574336051940918,0.6549103260040283,-0.7241125106811523,0.7765936255455017,0.17688632011413574,-0.8315264582633972,0.5081512928009033,0.3990212678909302,-0.7559493184089661
0.017111875,0.0034223749999999996,5.0,1.4694248499992237,-0.8170896640524592,0.06936807502428886,0.09604317538506629,-0.09753662569668278,-0.0048340772348083,0.06848604032130169,0.011997729539871216,0.14283783733844757,-0.10405924916267395,0.4025558829307556,0.43077516555786133,-1.0057344436645508,0.7632806301116943,0.21010681986808777,-0.08020953834056854,-0.14994096755981445,-0.19194123148918152,-0.6200423240661621
0.017111875,0.0034223749999999996,5.0,1.4258711724268993,-0.7894699439609626,0.06189370235516083,-0.005179577137782817,0.005278986950976374,0.00021080597642643458,0.06853507547250506,-0.0095883309841156,0.12992079555988312,-0.09765079617500305,0.4946590065956116,0.6347596049308777,-0.6411356925964355,0.8061013221740723,0.24054628610610962,-0.8866497874259949,0.5969827175140381,0.5067696571350098,-0.7409606575965881
0.017111875,0.0034223749999999996,5.0,1.4420201515621147,-0.7897603532300086,0.06939767246500102,0.10000102095801552,-0.10157912328327541,-0.005109337067996703,0.06848766807820583,0.004603594541549683,0.13255974650382996,-0.09516793489456177,0.3270258605480194,0.3792414963245392,-0.987565279006958,0.7858172059059143,0.24007418751716614,-0.05298091843724251,-0.05547189712524414,-0.16845816373825073,-0.5751012563705444
0.017111875,0.0034223749999999996,5.0,1.397613587595556,-0.7612935462152289,0.06192040712353167,-0.00538779409912937,0.00549463299980776,0.0002254565781778905,0.06853345626657069,-0.017626643180847168,0.12077561765909195,-0.08724385499954224,0.40721529722213745,0.5721229314804077,-0.5511512756347656,0.8154065012931824,0.30539757013320923,-0.8801440596580505,0.6905407905578613,0.5709188580513,-0.7188904285430908
0.017111875,0.0034223749999999996,5.0,1.4137322004538366,-0.7616267536940169,0.0693754539345249,0.10390047337479934,-0.10551998469181618,-0.005230236765903223,0.06848776296094408,-0.002773195505142212,0.12228605151176453,-0.08310744166374207,0.2616518437862396,0.3829770088195801,-0.8986043930053711,0.774596095085144,0.27094054222106934,-0.09702759981155396,0.011176347732543945,-0.11011963337659836,-0.541631281375885
0.017111875,0.0034223749999999996,5.0,1.3686842746543604,-0.7326339625775028,0.06202692816843417,-0.005565129990724209,0.005767285956404625,0.0003170690012088781,0.06836190190421355,-0.026663929224014282,0.11403091996908188,-0.07611042261123657,0.34442138671875,0.5818849802017212,-0.41176819801330566,0.7846609950065613,0.35769838094711304,-0.9745563864707947,0.7818853855133057,0.6821115612983704,-0.7091094255447388
0.017111875,0.0034223749999999996,5.0,1.38459331538531,-0.7326607084497468,0.0693482070642009,0.10770391093466553,-0.10936834632086909,-0.005373250545272391,0.06848829178952343,-0.013849526643753052,0.11353392899036407,-0.07331320643424988,0.19996990263462067,0.39993831515312195,-0.761986255645752,0.7552823424339294,0.304202675819397,-0.13395625352859497,0.08605098724365234,-0.0728306919336319,-0.5142109394073486
0.017111875,0.0034223749999999996,5.0,1.338711018038694,-0.7028822788137834,0.06191558603696105,-0.005732204384149241,0.005955995268443827,0.00033382147195879544,0.06836182152514905,-0.09186810255050659,0.09263239055871964,-0.05707269906997681,0.2642885744571686,0.5236665606498718,-0.020066499710083008,-0.049745362251996994,0.728344202041626,-1.3533003330230713,0.6910831928253174,0.7585003972053528,-1.000847578048706
0.017111875,0.0034223749999999996,5.0,1.3549875927254762,-0.7031677246881215,0.07025126854635474,0.1115463199315168,-0.11327728929745806,-0.004478269692332224,0.06845251508894618,-0.019992858171463013,0.11754272133111954,-0.05842927098274231,0.16476166248321533,0.4409722685813904,-0.8903987407684326,0.6289939284324646,0.3437820076942444,0.2074902057647705,-0.05756735801696777,-0.43930602073669434,-0.5165528059005737
0.017111875,0.0034223749999999996,5.0,1.3079626154067252,-0.6722556527049423,0.061829767574965465,-0.005891738040686709,0.0061459984558740405,0.00035759744534183814,0.0683578508897318,-0.1056700348854065,0.08192358165979385,-0.05983924865722656,0.17162826657295227,0.5533085465431213,0.17915129661560059,-0.09287811815738678,0.79213547706604,-1.4419399499893188,0.7278053760528564,0.7310081720352173,-0.9717404246330261
0.017111875,0.0034223749999999996,5.0,1.3242414922164025,-0.6725571469899808,0.0702578816802099,0.11504394467122576,-0.11699402501687053,-0.004732326016570835,0.06845497042018972,-0.023070693016052246,0.0885826051235199,-0.014289915561676025,0.23297715187072754,0.36266064643859863,-0.988539457321167,0.5815601348876953,0.3359191119670868,0.34064173698425293,0.001210927963256836,-0.6552931666374207,-0.5744752883911133
0.017111875,0.0034223749999999996,5.0,1.276359081374672,-0.6407667630365141,0.06174089498298194,-0.00606635341799767,0.0063352963925212245,0.0003710769990218666,0.06836054333987822,-0.12020695209503174,0.07597237080335617,-0.06309828162193298,0.0859864205121994,0.6175186038017273,0.43753480911254883,-0.21323652565479279,0.8545958995819092,-1.634536862373352,0.6617817878723145,0.6690531373023987,-0.9486504793167114
0.017111875,0.0034223749999999996,5.0,1.2927269156359422,-0.6410732893077119,0.07032218496733976,0.11835971450170438,-0.12060269326213208,-0.00511859569945198,0.06845724870783901,-0.03007340431213379,0.08353802561759949,-0.016493111848831177,0.21105533838272095,0.44258618354797363,-0.8468246459960938,0.5390270352363586,0.36795103549957275,0.27227482199668884,-0.048688650131225586,-0.749925434589386,-0.5849384069442749
0.017111875,0.0034223749999999996,5.0,1.243972834694793,-0.608392925366128,0.06170611121259582,-0.006242272367316641,0.0065246299042420524,0.00038409286316600194,0.06836079575769455,-0.1192324161529541,0.0757601335644722,-0.06888270378112793,0.08152075111865997,0.6247832775115967,0.42039966583251953,-0.21253558993339539,0.8292312622070312,-1.56622314453125,0.6792342662811279,0.6092782616615295,-0.9183500409126282
0.017111875,0.0034223749999999996,5.0,1.2603749922202752,-0.6087030107304385,0.07032373059537332,0.12163374032571911,-0.12397901091263391,-0.005319539896221577,0.06845855694913333,-0.03161916136741638,0.08231641352176666,-0.019838303327560425,0.20645445585250854,0.48573318123817444,-0.7946946620941162,0.5199531316757202,0.3748825192451477,0.2587011456489563,-0.08667802810668945,-0.8142534494400024,-0.5873560905456543
0.017111875,0.0034223749999999996,5.0,1.2107477446111348,-0.5751873801487736,0.061687686069860574,-0.006419118793599657,0.006709677955670937,0.0003920447624892156,0.06836168297265581,-0.12007695436477661,0.07456742972135544,-0.0722702145576477,0.0702413022518158,0.6303202509880066,0.41733551025390625,-0.20668689906597137,0.8243018984794617,-1.51837158203125,0.6914918422698975,0.5716978311538696,-0.9018934965133667
0.017111875,0.0034223749999999996,5.0,1.22713793601371,-0.5754937086904517,0.07027409037561785,0.12478956014138662,-0.12717041090275447,-0.00537490542185061,0.06846000293749066,-0.03248101472854614,0.08114878833293915,-0.025538384914398193,0.19740384817123413,0.46542271971702576,-0.8225603103637695,0.519301176071167,0.36988896131515503,0.32917094230651855,-0.0217893123626709,-0.8304402232170105,-0.5730271935462952
0.017111875,0.0034223749999999996,5.0,1.176676472960353,-0.5411576723165976,0.061673619773610945,-0.0065946422710037155,0.0068908110146185695,0.00039291491246430535,0.06836265097312626,-0.12154051661491394,0.07375407218933105,-0.07353773713111877,0.060367316007614136,0.6286771893501282,0.4206359386444092,-0.20001496374607086,0.8245190382003784,-1.4843369722366333,0.7055912017822266,0.547420859336853,-0.8920865654945374
0.017111875,0.0034223749999999996,5.0,1.193078869306479,-0.5414595881840748,0.0702567915606096,0.12777325605447282,-0.13021239120097683,-0.00540435142865134,0.0684601565771856,-0.03496631979942322,0.07965502142906189,-0.029945194721221924,0.18313488364219666,0.42865699529647827,-0.8448655605316162,0.5211118459701538,0.36734676361083984,0.4191250801086426,0.06016707420349121,-0.8398438692092896,-0.5559319257736206
0.017111875,0.0034223749999999996,5.0,1.1417328266816027,-0.506316536752233,0.06164282940261762,-0.006767660879514235,0.007066634454070788,0.00039315232468041696,0.06836553125609304,-0.12356272339820862,0.07275890558958054,-0.07438120245933533,0.04908132553100586,0.6273285150527954,0.43183398246765137,-0.19306325912475586,0.8275656700134277,-1.4617946147918701,0.7171881198883057,0.534173309803009,-0.883735716342926
0.017111875,0.0034223749999999996,5.0,1.158180897794646,-0.5065913598634126,0.07021432289581817,0.13059936309397732,-0.13306151254729642,-0.0053540949629073496,0.06845975847554321,-0.03595605492591858,0.0790553018450737,-0.030759185552597046,0.17846578359603882,0.4270341992378235,-0.8437907695770264,0.5280376672744751,0.37077921628952026,0.43215876817703247,0.06460714340209961,-0.8469352126121521,-0.5546779036521912
0.017111875,0.0034223749999999996,5.0,1.105966034394934,-0.470636931747741,0.06163184487692591,-0.006932407216658555,0.0072424932993346335,0.0004035144363872788,0.06836686750961704,-0.12501242756843567,0.070823073387146,-0.07308593392372131,0.040485069155693054,0.6507219672203064,0.4709348678588867,-0.22032012045383453,0.8331766128540039,-1.492992639541626,0.68583083152771,0.5302740931510925,-0.8808348774909973
0.017111875,0.0034223749999999996,5.0,1.122413856232874,-0.4708975761899851,0.07014492313636539,0.13323514686107615,-0.13570527988527753,-0.00521577124554409,0.06846072023353206,-0.03600618243217468,0.07817234098911285,-0.02898108959197998,0.17759034037590027,0.4589731693267822,-0.8286068439483643,0.5253058671951294,0.37918621301651,0.39852094650268555,0.016895055770874023,-0.8615593314170837,-0.5623358488082886
0.017111875,0.0034223749999999996,5.0,1.069357949709191,-0.43412146620064535,0.061620180556404856,-0.007096438383575377,0.0074105544094346856,0.0004063068914523948,0.06836986749996661,-0.12985116243362427,0.07022052258253098,-0.07108950614929199,0.01892915368080139,0.7104228734970093,0.6156402826309204,-0.29604336619377136,0.8585779666900635,-1.6817243099212646,0.5772979259490967,0.5896934270858765,-0.8854866623878479
0.017111875,0.0034223749999999996,5.0,1.0858430277715987,-0.43432177762784885,0.07013492591959308,0.13564408952348458,-0.13813677920363843,-0.005147790190332498,0.06846325656109,-0.03627622127532959,0.07865731418132782,-0.02621176838874817,0.1827942579984665,0.5051367282867432,-0.7935585975646973,0.5199194550514221,0.3845420777797699,0.34243637323379517,-0.06266164779663086,-0.8838851451873779,-0.5731316208839417
0.017111875,0.0034223749999999996,5.0,1.031922659319566,-0.39677102950493076,0.06160654528985497,-0.007259724468840133,0.007573784885648951,0.0004013400581378059,0.0683731144394812,-0.1366049349308014,0.06933539360761642,-0.07006993889808655,-0.007353872060775757,0.7557793855667114,0.7436906099319458,-0.34140461683273315,0.8837164640426636,-1.8120545148849487,0.4993736743927002,0.6332038044929504,-0.8849304914474487
0.017111875,0.0034223749999999996,5.0,1.0484021031934707,-0.3969332969004248,0.07003906750503626,0.13784990531608743,-0.14031339238862134,-0.005008731069487316,0.06846532232772257,-0.0387287437915802,0.07852152734994888,-0.023806124925613403,0.17952224612236023,0.5456768870353699,-0.750554084777832,0.5206019282341003,0.3961230516433716,0.29884403944015503,-0.12676215171813965,-0.8994685411453247,-0.5816848278045654
0.017111875,0.0034223749999999996,5.0,0.9936744731877037,-0.3585762453367017,0.06159969787412088,-0.007434139729591739,0.007751341666965318,0.0004079866215708846,0.06837644397471024,-0.14313620328903198,0.06965521723031998,-0.06862315535545349,-0.030596107244491577,0.8079061508178711,0.8972588777542114,-0.40145522356033325,0.9041244983673096,-1.9690123796463013,0.396881103515625,0.6839380264282227,-0.8828501105308533
0.017111875,0.0034223749999999996,5.0,1.0101745383547212,-0.35871006937452454,0.06999747997265751,0.13975746987144558,-0.14225202404267068,-0.004999059768802892,0.06846645453846624,-0.04045894742012024,0.07920583337545395,-0.021241068840026855,0.18072190880775452,0.5879037380218506,-0.6965115070343018,0.5199076533317566,0.40324580669403076,0.24713732302188873,-0.20886850357055664,-0.9157720804214478,-0.5902774930000305
0.017111875,0.0034223749999999996,5.0,0.9546094205570388,-0.3195327533705491,0.06163025120937777,-0.007561072485550897,0.00788637123346927,0.00041231343849843264,0.06837736382661375,-0.14484691619873047,0.06947604566812515,-0.06793197989463806,-0.03371158242225647,0.8073922991752625,0.926676869392395,-0.3893528878688812,0.8981149196624756,-1.986458420753479,0.4053947925567627,0.7170767784118652,-0.8737046718597412
0.017111875,0.0034223749999999996,5.0,0.9711337189053,-0.3196595955635928,0.07000196060084249,0.14142070366783335,-0.14397374014538708,-0.004998624382988113,0.06846699746814731,-0.040714412927627563,0.08094736188650131,-0.018447846174240112,0.18858367204666138,0.6287289261817932,-0.630986213684082,0.5135073065757751,0.4025184214115143,0.19244952499866486,-0.30876874923706055,-0.9354445934295654,-0.5976529717445374
0.017111875,0.0034223749999999996,5.0,0.9147109085180422,-0.27967910042116995,0.06164699680500802,-0.007659944404523376,0.007985273472488586,0.0003979234790174201,0.06837832335795214,-0.147409588098526,0.06989941745996475,-0.06936252117156982,-0.04049420356750488,0.8116824626922607,0.9281868934631348,-0.3801766335964203,0.8980914950370789,-1.9538758993148804,0.41878581047058105,0.6894721984863281,-0.866910457611084
0.017111875,0.0034223749999999996,5.0,0.9312428902307878,-0.27980135448359056,0.06998785534260867,0.14285013391900542,-0.14541099090132778,-0.004798807903257548,0.0684664068946567,-0.04183053970336914,0.08164124190807343,-0.01934853196144104,0.1866682469844818,0.6267145276069641,-0.6372511386871338,0.5197713971138,0.405638724565506,0.2096990942955017,-0.305530309677124,-0.9517642855644226,-0.5989002585411072
0.017111875,0.0034223749999999996,5.0,0.8738955875949793,-0.2390795357439895,0.061592446559283406,-0.0077313745860155755,0.008018765114840724,0.00032847024259048435,0.06838666921476398,-0.14423662424087524,0.07011576741933823,-0.07453447580337524,-0.016249924898147583,0.7162920832633972,0.6834832429885864,-0.2247430384159088,0.855095624923706,-1.5788594484329224,0.6494951248168945,0.5423291921615601,-0.8468061089515686
0.017111875,0.0034223749999999996,5.0,0.8903878618440767,-0.23911255166533912,0.06975814333725792,0.14417043974743002,-0.14645146387336244,-0.0038518495538988427,0.06846389658023863,-0.04125592112541199,0.08245609700679779,-0.0205690860748291,0.1870974600315094,0.5992220044136047,-0.6662142276763916,0.5250856876373291,0.4043392837047577,0.24329611659049988,-0.2747209072113037,-0.9635544419288635,-0.5979697704315186
0.017111875,0.0034223749999999996,5.0,0.8323007669598627,-0.19763732593722041,0.06154552633480306,-0.007802225041256296,0.008054410803416115,0.0002652610396511242,0.06839365328236473,-0.1375214159488678,0.07140693813562393,-0.0795394778251648,0.013447940349578857,0.6152286529541016,0.4712345600128174,-0.09288278222084045,0.800656259059906,-1.1993050575256348,0.8212859630584717,0.3906720280647278,-0.8207401037216187
0.017111875,0.0034223749999999996,5.0,0.8487460452533981,-0.19759959339739522,0.0695548673441827,0.14515332444458473,-0.14716327515209865,-0.003015522314402545,0.06846076310998281,-0.04161560535430908,0.08373309671878815,-0.031228184700012207,0.18122416734695435,0.47183215618133545,-0.7895233631134033,0.5505273342132568,0.3843185305595398,0.416797012090683,-0.053583383560180664,-0.9475579857826233,-0.5715704560279846
0.017111875,0.0034223749999999996,5.0,0.7899089438082374,-0.15534509211612524,0.06151128344243344,-0.007858547590224545,0.00807889303425518,0.0002132075499142464,0.0683994162510936,-0.13153594732284546,0.07346359640359879,-0.08361497521400452,0.03913715481758118,0.5246655941009521,0.32993578910827637,0.012076949700713158,0.7463676929473877,-0.8733657598495483,0.9266481399536133,0.2700904309749603,-0.7910479307174683
0.017111875,0.0034223749999999996,5.0,0.8063345665966931,-0.15525770823911977,0.06943895340124216,0.14575232228993362,-0.1476207093336545,-0.002494974908804039,0.06845840151776658,-0.04164326190948486,0.08410683274269104,-0.03739655017852783,0.17616626620292664,0.3909756541252136,-0.8392012119293213,0.5550111532211304,0.3705563247203827,0.5672305822372437,0.06633257865905762,-0.9619914293289185,-0.5522211790084839
0.017111875,0.0034223749999999996,5.0,0.7467096643949512,-0.11214967960327643,0.06153044437510101,-0.007887185434635213,0.008105917621532371,0.0002116432765818624,0.06840027275221511,-0.13139092922210693,0.07403822243213654,-0.08348912000656128,0.04366922378540039,0.47347375750541687,0.27463221549987793,0.08550073206424713,0.7247534990310669,-0.6660899519920349,0.9771971702575684,0.2239130139350891,-0.7733731269836426
0.017111875,0.0034223749999999996,5.0,0.7631497917509814,-0.11207532307877266,0.06942700339350176,0.14601672343790115,-0.1478599864150259,-0.002453863770848699,0.06845783240043093,-0.04352417588233948,0.08668200671672821,-0.043181806802749634,0.17168384790420532,0.3078191578388214,-0.8437590599060059,0.5715458393096924,0.35095298290252686,0.7039775252342224,0.1641998291015625,-0.9418241381645203,-0.5277088284492493
0.017111875,0.0034223749999999996,5.0,0.7026865974269388,-0.0679561248093216,0.06149624687038313,-0.00790288282481006,0.008132091813053447,0.0002522241219591059,0.06839166641660166,-0.1446370780467987,0.09061449021100998,-0.09290477633476257,0.03423343598842621,0.529181957244873,0.44995641708374023,-0.0080515556037426,0.7656950950622559,-1.1312181949615479,0.9877376556396484,0.46223747730255127,-0.806286096572876
0.017111875,0.0034223749999999996,5.0,0.7192969821773332,-0.06800626615465022,0.06942638326558542,0.146139299027841,-0.14795586654673268,-0.003231935726821869,0.06845635509224501,-0.038440823554992676,0.09483812749385834,-0.05083617568016052,0.17942927777767181,0.3763236999511719,-0.8331999778747559,0.5429614186286926,0.3488162159919739,0.5214199423789978,0.10252761840820312,-0.7960190176963806,-0.5339716672897339
0.017111875,0.0034223749999999996,5.0,0.6577243517862097,-0.02261788090017928,0.06147358211299357,-0.007948282512917708,0.0081933923105911,0.00032906602863196896,0.06836364651707055,-0.16528373956680298,0.14220596849918365,-0.09702962636947632,0.038639843463897705,0.49125611782073975,1.0094255208969116,-0.37406834959983826,0.8855941295623779,-2.3967440128326416,0.9628067016601562,1.1035622358322144,-0.9322488307952881
0.017111875,0.0034223749999999996,5.0,0.6747148595991125,-0.023056707102053115,0.06927170286231187,0.14653308235146087,-0.14819371250120988,-0.0046801283739412326,0.06844771441745873,-0.01844203472137451,0.11107240617275238,-0.08194437623023987,0.18166759610176086,0.36185455322265625,-0.7243335247039795,0.3783513307571411,0.3149092197418213,0.18468382954597473,0.12776803970336914,-0.32510411739349365,-0.5017729997634888
0.017111875,0.0034223749999999996,5.0,0.6577961874856341,0.021883176625199875,0.06153814926047202,-9.495443171261798e-5,0.008143122253824818,9.655829862561346e-5,0.06838763456906406,-0.19055968523025513,0.028127122670412064,-0.14388301968574524,0.28825902938842773,-0.9006017446517944,0.42177844047546387,1.6209464073181152,0.019122958183288574,-1.0549780130386353,0.8037552833557129,0.48622027039527893,-0.3097679913043976
0.017111875,0.0034223749999999996,5.0,0.6745911964030963,0.022108303075294263,0.06920139534982366,0.00066672010782238,-0.14883950087154654,-0.0013979861111026296,0.06842968161380823,-0.03610369563102722,0.08645849674940109,-0.11411476135253906,0.783450722694397,-0.3223554491996765,0.04662370681762695,0.6213067770004272,-0.10066652297973633,-1.1004862785339355,0.1610879898071289,0.14233949780464172,-0.6905904412269592
0.017111875,0.0034223749999999996,5.0,0.702527939637444,0.06690523758125363,0.06178631058130738,0.008049432943867093,0.008277984065314445,9.008257738497522e-5,0.06842101352342551,-0.19826564192771912,0.0607430674135685,-0.1263170838356018,0.5305832028388977,-1.0666042566299438,0.6097999811172485,1.200291633605957,-0.048045337200164795,-1.5348408222198486,1.1072940826416016,0.8479209542274475,-0.48263660073280334
0.017111875,0.0034223749999999996,5.0,0.7193870699344477,0.06746325109371323,0.06942752458653671,-0.1499120607243986,-0.150167777196193,0.0006248345272166582,0.06841192744887936,-0.03675249218940735,0.16753415763378143,-0.08795502781867981,1.05311918258667,-0.36919811367988586,0.5258667469024658,0.17574754357337952,-0.007110178470611572,-1.988162875175476,0.0016238689422607422,0.7870438694953918,-1.0531576871871948
0.017111875,0.0034223749999999996,5.0,0.7464181785716032,0.11108259696461323,0.061896363907459645,0.008037046061901563,0.008249893122932464,0.00013218187533481986,0.06843372266449038,-0.2212081253528595,0.08878424763679504,-0.080401211977005,0.8596298694610596,-1.2874159812927246,0.8673958778381348,0.8241470456123352,0.0187455415725708,-2.0847318172454834,1.1288201808929443,1.2770979404449463,-0.8802891969680786
0.017111875,0.0034223749999999996,5.0,0.7632650097839269,0.11179444162128462,0.06965968099742081,-0.1497088287032307,-0.15016223992836694,-0.00014796865158484267,0.06842238701581072,-0.053044795989990234,0.21924374997615814,-0.03239122033119202,1.2938283681869507,-0.629781186580658,1.0910453796386719,-0.18085166811943054,0.1393742561340332,-2.545212984085083,-0.33943772315979004,1.2662053108215332,-1.439892053604126
0.017111875,0.0034223749999999996,5.0,0.7896165573714847,0.15435683449277876,0.06197529456381079,0.008014993344787575,0.008220919429605284,0.00013166801562960364,0.06843396611889994,-0.21906644105911255,0.10845629870891571,-0.0673573911190033,0.8994617462158203,-1.3864960670471191,0.9523104429244995,0.7974171042442322,0.049494922161102295,-2.1351609230041504,1.02970290184021,1.2989472150802612,-0.9515279531478882
0.017111875,0.0034223749999999996,5.0,0.80642368112016,0.15507290902360837,0.06971289490828363,-0.14951861710563857,-0.14995054958289292,-0.00010714742339402181,0.06842295339209395,-0.05820336937904358,0.23727010190486908,-0.015786707401275635,1.3653606176376343,-0.6651304960250854,1.3224753141403198,-0.22516770660877228,0.15232527256011963,-2.7348973751068115,-0.5321450233459473,1.3204526901245117,-1.5248808860778809
0.017111875,0.0034223749999999996,5.0,0.8319591811245476,0.19676470745753188,0.06200904543363627,0.007977661823701885,0.008181716921674185,0.00013040004372396049,0.06843365556478886,-0.221134752035141,0.11825017631053925,-0.061834245920181274,0.9316229224205017,-1.421569585800171,1.0115149021148682,0.8057489395141602,0.05595889687538147,-2.1943538188934326,0.9896140098571777,1.3226526975631714,-0.9906684160232544
0.017111875,0.0034223749999999996,5.0,0.848756115600387,0.19747431682335093,0.06973172884586896,-0.14904646014991252,-0.1495056932227872,-9.924078441032346e-5,0.06842128005406463,-0.05923733115196228,0.24427516758441925,-0.009499609470367432,1.3952239751815796,-0.6820436120033264,1.4324783086776733,-0.22716505825519562,0.1554693877696991,-2.8012444972991943,-0.6344949007034302,1.354920506477356,-1.5581681728363037
0.017111875,0.0034223749999999996,5.0,0.8734726804489986,0.23832327881108378,0.06203230482026142,0.007927207826770836,0.008130672738784107,0.0001286036076637366,0.06843204372099554,-0.2217620313167572,0.12316322326660156,-0.0587727427482605,0.9705377817153931,-1.3886545896530151,1.02910315990448,0.8055020570755005,0.0478687584400177,-2.22627854347229,0.9952337741851807,1.3342958688735962,-1.0217432975769043
0.017111875,0.0034223749999999996,5.0,0.8902669719355788,0.23902286831730202,0.06974314062745568,-0.14827538176078917,-0.14872934647418234,-4.900255700317943e-5,0.06841961378817556,-0.06012988090515137,0.24971219897270203,-0.008620262145996094,1.420434594154358,-0.6748979687690735,1.4537378549575806,-0.22150933742523193,0.15400931239128113,-2.819826602935791,-0.6487067937850952,1.310288667678833,-1.5819751024246216
0.017111875,0.0034223749999999996,5.0,0.9141556267047519,0.27904470879779786,0.062053125513057666,0.007878239412677993,0.00808056654589497,0.0001269140142923518,0.06842994897570547,-0.221987783908844,0.12827575206756592,-0.05722171068191528,0.9862225651741028,-1.3898372650146484,1.0638724565505981,0.8246769905090332,0.04907497763633728,-2.2499210834503174,0.9706952571868896,1.354341983795166,-1.0389279127120972
0.017111875,0.0034223749999999996,5.0,0.930951990418121,0.2797296668550058,0.06976794503014605,-0.14717125537591838,-0.1476092045896535,2.4703897082196813e-5,0.06841831144673492,-0.06016567349433899,0.2531704604625702,-0.005929350852966309,1.4348527193069458,-0.6780811548233032,1.5060147047042847,-0.21351762115955353,0.15406078100204468,-2.8378615379333496,-0.7041212320327759,1.3227931261062622,-1.596621036529541
0.017111875,0.0034223749999999996,5.0,0.9540072828779386,0.31893300229147303,0.062068917356032406,0.007783158095493975,0.007982543399129759,0.00012424517176279777,0.06842757670840642,-0.22199389338493347,0.13270676136016846,-0.05679622292518616,0.9996393322944641,-1.3766692876815796,1.0837279558181763,0.8363456130027771,0.04955217242240906,-2.258472204208374,0.955510139465332,1.3658027648925781,-1.053025722503662
0.017111875,0.0034223749999999996,5.0,0.9708052326092518,0.3196009766973671,0.06978853735675734,-0.14579217877679276,-0.14620982375689578,0.000102210518010323,0.06841688377087872,-0.06048440933227539,0.2560020983219147,-0.004318267107009888,1.443507194519043,-0.6766171455383301,1.533008337020874,-0.20660150051116943,0.15506169199943542,-2.8338468074798584,-0.7357074022293091,1.3192205429077148,-1.6063997745513916
0.017111875,0.0034223749999999996,5.0,0.9929831183784451,0.3579932648929603,0.0620654662625822,0.007654182304703938,0.007850669450549262,0.00011998029641572503,0.06842804921094091,-0.22587090730667114,0.13624207675457,-0.06196850538253784,0.9805333018302917,-1.3763705492019653,1.0854471921920776,0.8355377912521362,0.06286492943763733,-2.2457094192504883,0.9762969017028809,1.3606607913970947,-1.0470266342163086
0.017111875,0.0034223749999999996,5.0,1.009805411598295,0.35862590501195046,0.06986703167968314,-0.1442071042308324,-0.14446128279414533,0.0003110960415302648,0.06841670604663053,-0.06376606225967407,0.2577316164970398,-0.006821721792221069,1.4283541440963745,-0.6861432790756226,1.5356833934783936,-0.20000766217708588,0.17164301872253418,-2.813389778137207,-0.7189463376998901,1.3253248929977417,-1.607804298400879
0.017111875,0.0034223749999999996,5.0,1.0310997733393583,0.39622598954275623,0.06206273066211443,0.007480148415006156,0.007670402772467432,0.00011337420635416917,0.0684301788062519,-0.23229694366455078,0.13944680988788605,-0.07002338767051697,0.9463964700698853,-1.377248764038086,1.0720398426055908,0.8205868601799011,0.08461403846740723,-2.2202203273773193,1.022789478302002,1.3382399082183838,-1.0341616868972778
0.017111875,0.0034223749999999996,5.0,1.0479280615030468,0.3968139106363822,0.06985051842803207,-0.14228924949747757,-0.14255776458778707,0.0003578433780986244,0.06841822373894621,-0.07273611426353455,0.2585158050060272,-0.014166384935379028,1.3807449340820312,-0.7189921736717224,1.5265421867370605,-0.18849486112594604,0.21481937170028687,-2.7834320068359375,-0.6387308835983276,1.3513405323028564,-1.6032140254974365
0.017111875,0.0034223749999999996,5.0,1.0683537079318188,0.4336319156516058,0.06205578512745675,0.007318981631283063,0.0075039447966869085,0.00010905446008490049,0.06843253574514324,-0.24529770016670227,0.14274665713310242,-0.07336586713790894,0.9480342864990234,-1.3993455171585083,1.083295464515686,0.819694459438324,0.092693030834198,-2.268892765045166,1.061790943145752,1.3850420713424683,-1.0442255735397339
0.017111875,0.0034223749999999996,5.0,1.0852764936964687,0.43418614758221363,0.06990799765621943,-0.14017200391831688,-0.14032738896353375,0.0005270577806177919,0.06841702936426554,-0.07428872585296631,0.26143696904182434,-0.013447225093841553,1.387209415435791,-0.7134064435958862,1.5207902193069458,-0.18804089725017548,0.21701720356941223,-2.761575698852539,-0.6345301866531372,1.3206487894058228,-1.6118805408477783
0.017111875,0.0034223749999999996,5.0,1.1048665957407793,0.47019266769720625,0.06212028393847073,0.00715840314734755,0.007333910649443081,0.00010446221559959103,0.06842794425103618,-0.24529144167900085,0.1481112539768219,-0.07122728228569031,0.979468047618866,-1.3683781623840332,1.1007651090621948,0.8232542872428894,0.08976829051971436,-2.285778760910034,1.0569725036621094,1.3855952024459839,-1.0729786157608032
0.017111875,0.0034223749999999996,5.0,1.1218002138549947,0.47071051112345247,0.06992467634331134,-0.13781276188330793,-0.13785767439962976,0.0006783628502732926,0.06841676071442333,-0.07530289888381958,0.2648410499095917,-0.01107478141784668,1.403433918952942,-0.7089356780052185,1.5182133913040161,-0.1877218335866928,0.2146405279636383,-2.7457244396209717,-0.6392772197723389,1.2860296964645386,-1.6257623434066772
0.017111875,0.0034223749999999996,5.0,1.1405472439982962,0.5059196999419469,0.062205046551092984,0.0069941426478045575,0.007159582599380329,0.00010088357924188326,0.06842175211030341,-0.24514123797416687,0.1544104367494583,-0.06663542985916138,1.02364182472229,-1.3417608737945557,1.1341354846954346,0.8360718488693237,0.08183380961418152,-2.323310375213623,1.0424656867980957,1.3990058898925781,-1.1096391677856445
0.017111875,0.0034223749999999996,5.0,1.1574783563061541,0.5064183160369606,0.07007485612743418,-0.13531493657669552,-0.13510131693144728,0.0009430099428024303,0.06841549455446447,-0.07787999510765076,0.2688297927379608,-0.008082747459411621,1.4199687242507935,-0.7196766138076782,1.5363471508026123,-0.18632736802101135,0.2162386178970337,-2.7554426193237305,-0.6520406007766724,1.2771435976028442,-1.643925666809082
0.017111875,0.0034223749999999996,5.0,1.1753969433455957,0.5408330951468022,0.0622547267527799,0.006822722733562243,0.006983033823535128,9.59558691992903e-5,0.06841796366229926,-0.24629458785057068,0.1615053117275238,-0.06285932660102844,1.0509555339813232,-1.352842926979065,1.1948978900909424,0.8710681200027466,0.08012071251869202,-2.3744935989379883,1.0040521621704102,1.4311708211898804,-1.1357436180114746
0.017111875,0.0034223749999999996,5.0,1.1923375178059084,0.5413056233375303,0.0701303113723367,-0.13251085632500864,-0.13226310358091253,0.001048854707511136,0.06841310997190742,-0.07768219709396362,0.2725554406642914,-0.002557903528213501,1.4455842971801758,-0.736629068851471,1.626063585281372,-0.16959592700004578,0.21100935339927673,-2.802396059036255,-0.7434403896331787,1.3157206773757935,-1.6645610332489014
0.017111875,0.0034223749999999996,5.0,1.2093865702094475,0.574907328979329,0.06239675358871323,0.006650186949231169,0.006801541746574631,9.259063194583895e-5,0.0684109181486007,-0.2501545250415802,0.1698165088891983,-0.05046272277832031,1.1304659843444824,-1.3627262115478516,1.302620768547058,0.9477583169937134,0.04721841216087341,-2.513911724090576,0.9293785095214844,1.5346810817718506,-1.1838675737380981
0.017111875,0.0034223749999999996,5.0,1.2263743855656501,0.5753427277250296,0.07028466243464943,-0.12961607464684965,-0.12913689118429583,0.0013503232500977663,0.06841189601375622,-0.07518967986106873,0.27566006779670715,0.012552529573440552,1.526075839996338,-0.7704459428787231,1.8522117137908936,-0.14648263156414032,0.16393256187438965,-2.9541354179382324,-0.9847099781036377,1.436193585395813,-1.698765754699707
0.017111875,0.0034223749999999996,5.0,1.242565291146114,0.6081577984609289,0.06253569222842108,0.006474885090058622,0.006615696540131801,8.341510010723179e-5,0.06840710733247878,-0.26045849919319153,0.1786409318447113,-0.0317574143409729,1.2163318395614624,-1.425365924835205,1.4722821712493896,1.0590119361877441,0.0015928149223327637,-2.7352359294891357,0.7848503589630127,1.7387596368789673,-1.2265896797180176
0.017111875,0.0034223749999999996,5.0,1.2595812599017395,0.6085432883327735,0.07045390819435265,-0.1265612499360966,-0.12582862884511659,0.0016841823672298507,0.0684106821504066,-0.07159888744354248,0.2784442901611328,0.03149312734603882,1.6145960092544556,-0.8110173940658569,2.1316490173339844,-0.12094655632972717,0.10996708273887634,-3.134155750274658,-1.2877686023712158,1.5882092714309692,-1.7341870069503784
0.017111875,0.0034223749999999996,5.0,1.2748915871636708,0.6405844474945044,0.06266909663445455,0.006297156881959674,0.006426824002538751,7.233520359715887e-5,0.06840795804552514,-0.2681601941585541,0.1879662424325943,-0.01589435338973999,1.2493934631347656,-1.510188102722168,1.645093321800232,1.1459622383117676,-0.021193861961364746,-2.9071502685546875,0.6369931697845459,1.886474609375,-1.2385084629058838
0.017111875,0.0034223749999999996,5.0,1.2919275149606713,0.6409194745591515,0.07057506854185905,-0.12327359749765929,-0.1224348507778757,0.0018650803981649286,0.0684098053924856,-0.06975236535072327,0.27427566051483154,0.05339241027832031,1.6748164892196655,-0.8779262900352478,2.3268017768859863,-0.10359005630016327,0.07480081915855408,-3.2462120056152344,-1.5191328525543213,1.775186538696289,-1.759810447692871
0.017111875,0.0034223749999999996,5.0,1.3064863371041875,0.6719261145118158,0.0628469155606064,0.006124116767317577,0.006235083426446367,6.904475679617066e-5,0.0684048182492758,-0.24086079001426697,0.14508910477161407,0.017581522464752197,1.329951286315918,-1.4776253700256348,1.6916900873184204,1.075945496559143,-0.09032052755355835,-2.9114158153533936,0.3760685920715332,2.266921281814575,-1.2520440816879272
0.017111875,0.0034223749999999996,5.0,1.323519195675982,0.6722016399459096,0.07072718775564131,-0.11981122899594646,-0.11890052223539832,0.0018512485596057034,0.0684117334889623,-0.05009639263153076,0.2356654852628708,0.09179511666297913,1.6703909635543823,-0.8990752100944519,2.36495304107666,-0.1140785962343216,0.0015726685523986816,-3.0684335231781006,-1.8062916994094849,2.1423652172088623,-1.6826763153076172
0.017111875,0.0034223749999999996,5.0,1.3372781432335823,0.7022042574431909,0.06297162338657629,0.0059612041225296135,0.006051187717452638,6.933960406661336e-5,0.06839618906978731,-0.21206268668174744,0.09916174411773682,0.055453598499298096,1.3985093832015991,-1.3675596714019775,1.6540274620056152,0.9974879622459412,-0.12829774618148804,-2.8744492530822754,0.15476202964782715,2.5774002075195312,-1.2843390703201294
0.017111875,0.0034223749999999996,5.0,1.3542717687191854,0.7026113121868303,0.07090392319184985,-0.11620350801450748,-0.11521148148364227,0.0017798250287266873,0.06841497479424052,-0.03681480884552002,0.1963578760623932,0.1363307535648346,1.6588112115859985,-0.8699208498001099,2.3163318634033203,-0.1647983342409134,-0.058285534381866455,-2.881575584411621,-2.0404961109161377,2.386448621749878,-1.6115286350250244
0.017111875,0.0034223749999999996,5.0,1.3673075494742262,0.7316768659102267,0.06310272434378367,0.005790918000874784,0.0058661344375961245,6.696768465852227e-5,0.06839077270726121,-0.19086015224456787,0.05941757559776306,0.15961244702339172,1.2133803367614746,0.13769064843654633,1.4880553483963013,0.34791192412376404,-0.1451835036277771,-3.1779420375823975,0.5914475917816162,1.8393338918685913,-1.0781301259994507
0.017111875,0.0034223749999999996,5.0,1.3834360835632107,0.7318992749786607,0.07098118623447863,-0.11195641574339625,-0.11212796950453464,0.0015702969763334803,0.06838617203770726,-0.08763429522514343,0.10938140749931335,0.09490326046943665,1.3299078941345215,-0.12689390778541565,1.2732330560684204,0.028563885018229485,-0.03350687026977539,-2.3673720359802246,-0.41206657886505127,1.0905249118804932,-1.3070647716522217
0.017111875,0.0034223749999999996,5.0,1.3962624881816172,0.7605065043807968,0.06395854411409001,0.005633795980169533,0.005624599901105504,5.11394548623249e-5,0.06837983792326677,-0.15739256143569946,0.0324719175696373,0.17284557223320007,1.2108547687530518,0.26957181096076965,1.170718789100647,0.18947432935237885,-0.16861802339553833,-3.004012107849121,0.5740547180175781,1.94790780544281,-1.0520310401916504
0.017111875,0.0034223749999999996,5.0,1.412560405621186,0.7607874816750768,0.07106798027600048,-0.10821390895915285,-0.10818208358360032,0.001269263455684,0.06838127200867107,-0.06553265452384949,0.08442392200231552,0.12330427765846252,1.306016206741333,-0.0034898268058896065,0.9362448453903198,-0.07023660838603973,-0.047052860260009766,-2.170734405517578,-0.43705105781555176,1.1910512447357178,-1.26944899559021
0.017111875,0.0034223749999999996,5.0,1.4245917241019355,0.7885655270294982,0.06394999389645409,0.005423719168192561,0.00540622582227703,6.144368070211613e-5,0.06837809105816076,-0.12506240606307983,0.0029014223255217075,0.18057647347450256,1.1542129516601562,0.36439183354377747,0.8347748517990112,0.020982660353183746,-0.18282651901245117,-2.7700886726379395,0.5329689979553223,2.00750994682312,-0.9807619452476501
0.017111875,0.0034223749999999996,5.0,1.440835927856499,0.7888810053424804,0.07115880127317901,-0.10434095990903305,-0.104148672823808,0.001022368695649222,0.06837985543174811,-0.05042952299118042,0.05748874694108963,0.14321622252464294,1.243484616279602,0.07965561747550964,0.5768886804580688,-0.16084088385105133,-0.05513501167297363,-1.9274100065231323,-0.3980146646499634,1.2549269199371338,-1.1982154846191406
0.017111875,0.0034223749999999996,5.0,1.452060132267883,0.8157958648723432,0.06390896835499954,0.005205106500545261,0.00517969342168505,6.687262536291897e-5,0.06838336499644194,-0.09970545768737793,-0.019419219344854355,0.18585804104804993,1.0919067859649658,0.4355820119380951,0.5259802341461182,-0.11601881682872772,-0.1899653673171997,-2.5485830307006836,0.49520182609558105,1.9978160858154297,-0.9105685353279114
0.017111875,0.0034223749999999996,5.0,1.4682724618555254,0.8161751814817,0.07119445577251611,-0.1003515163163171,-0.10006371408313151,0.0008000530482754996,0.06837516473900729,-0.043533146381378174,0.04128604009747505,0.16137924790382385,1.2154099941253662,0.1648128628730774,0.33590030670166016,-0.22399824857711792,-0.066794753074646,-1.7782517671585083,-0.38037753105163574,1.2210397720336914,-1.157850980758667
0.017111875,0.0034223749999999996,5.0,1.478683322971827,0.8423023411277628,0.06399940381212484,0.0049759657421548946,0.0049414431583421,6.844252389257795e-5,0.06838102742404721,-0.10156947374343872,-0.02145896852016449,0.19940891861915588,1.1030895709991455,0.5526445508003235,0.5703413486480713,-0.16231507062911987,-0.20532530546188354,-2.6237857341766357,0.48584914207458496,1.9836184978485107,-0.9067848324775696
0.017111875,0.0034223749999999996,5.0,1.4948352120164925,0.8426764629036355,0.07126714741165634,-0.09626693507691123,-0.09588645132340122,0.0007050390993892532,0.06837535971028162,-0.04040226340293884,0.04112451151013374,0.1669071614742279,1.2209534645080566,0.19286011159420013,0.2855253219604492,-0.2377922683954239,-0.06968438625335693,-1.7668747901916504,-0.38424813747406006,1.1914232969284058,-1.1602367162704468
0.017111875,0.0034223749999999996,5.0,1.5044347215906635,0.8680353803585867,0.06403113314653885,0.004750288764171711,0.004714887524963581,6.837527545028653e-5,0.06837883559586003,-0.09545660018920898,-0.018420256674289703,0.20572182536125183,1.1188406944274902,0.576910674571991,0.518451452255249,-0.1758984923362732,-0.1972510814666748,-2.629316568374634,0.4714229106903076,1.9623295068740845,-0.9304258227348328
0.017111875,0.0034223749999999996,5.0,1.5205412232895414,0.8684068980753112,0.07130571182044294,-0.09206817863161987,-0.09165580249744944,0.0006773675200364561,0.06837392124063195,-0.038420647382736206,0.04146740958094597,0.17035189270973206,1.2270610332489014,0.21678903698921204,0.2773549556732178,-0.24927814304828644,-0.06669396162033081,-1.7773396968841553,-0.3987976312637329,1.1668142080307007,-1.169370412826538
0.017111875,0.0034223749999999996,5.0,1.529301567972566,0.8929479019663825,0.06405723543208044,0.004527390239553195,0.004491636792151877,6.618844600139567e-5,0.06837856709129919,-0.09272566437721252,-0.01716524362564087,0.20536670088768005,1.1175563335418701,0.5766512155532837,0.49346375465393066,-0.18771429359912872,-0.18871968984603882,-2.6219563484191895,0.46923065185546875,1.956304669380188,-0.9375996589660645
0.017111875,0.0034223749999999996,5.0,1.5454443432787501,0.8932745370709563,0.07125315699948068,-0.0877436491240421,-0.08738580956832266,0.0005981240533572073,0.06837621617462301,-0.04091760516166687,0.040575217455625534,0.17189624905586243,1.2332209348678589,0.21452531218528748,0.31047534942626953,-0.2540585696697235,-0.06604695320129395,-1.7876909971237183,-0.41652607917785645,1.174511432647705,-1.1764360666275024
0.017111875,0.0034223749999999996,5.0,1.5533626909831526,0.917020056815463,0.06406573138852369,0.004313682988510568,0.0042786188222798584,6.467882492599354e-5,0.06837583391591219,-0.09500780701637268,-0.01358979381620884,0.20949098467826843,1.132448434829712,0.6170739531517029,0.5058484077453613,-0.19798284769058228,-0.1889539361000061,-2.666074514389038,0.4825413227081299,1.9504411220550537,-0.9523501992225647
0.017111875,0.0034223749999999996,5.0,1.5695284191818193,0.9173276261356966,0.07123430551880297,-0.08337101001606827,-0.08304151304923678,0.0005424514147144967,0.06837613874981702,-0.03900006413459778,0.03982395678758621,0.17088130116462708,1.227057695388794,0.2093525528907776,0.2890663146972656,-0.25807929039001465,-0.0632096529006958,-1.7561594247817993,-0.4146338701248169,1.171763300895691,-1.17313551902771
0.017111875,0.0034223749999999996,5.0,1.5766419690150228,0.9402342231659649,0.06402651462148827,0.0040870907437794875,0.004055667030611828,6.239157654692585e-5,0.06837451383972676,-0.095359206199646,-0.01186639815568924,0.21152719855308533,1.1381733417510986,0.631811261177063,0.500302791595459,-0.20767125487327576,-0.1865924596786499,-2.6784138679504395,0.48557233810424805,1.9550355672836304,-0.9604799151420593
0.017111875,0.0034223749999999996,5.0,1.5927351480611773,0.9405696136856208,0.07126622089159187,-0.07898846567732845,-0.07864747429609548,0.00043286081447114935,0.06837413471407132,-0.0400749146938324,0.040751371532678604,0.17410048842430115,1.2445993423461914,0.23828785121440887,0.20254898071289062,-0.2691822052001953,-0.06983345746994019,-1.7534918785095215,-0.33655667304992676,1.1234521865844727,-1.18366539478302
0.017111875,0.0034223749999999996,5.0,1.5989613416185204,0.9626679017058309,0.06403414199086976,0.00385850341168389,0.00382798393539007,5.9318457592032723e-5,0.06837808783362848,-0.0938856303691864,-0.010997345671057701,0.20701822638511658,1.1342952251434326,0.6058017611503601,0.45445871353149414,-0.2186426967382431,-0.17975622415542603,-2.648057699203491,0.4977109432220459,1.951705813407898,-0.9631548523902893
0.017111875,0.0034223749999999996,5.0,1.6150221452956846,0.9630172746525912,0.07136435368647871,-0.0745915178505134,-0.07420692926666757,0.00036268079134990427,0.06837232659343248,-0.04246342182159424,0.04035554826259613,0.17203596234321594,1.2528083324432373,0.2427138239145279,0.10877490043640137,-0.28082334995269775,-0.07452577352523804,-1.733554720878601,-0.22614789009094238,1.1024036407470703,-1.1866905689239502
0.017111875,0.0034223749999999996,5.0,1.6205746573402395,0.9842544870525275,0.06410050444946391,0.0036315373445884223,0.0036007413929096143,5.7306045034682035e-5,0.06837225566177994,-0.09392476081848145,-0.0076243882067501545,0.21401402354240417,1.1506237983703613,0.6454360485076904,0.4577174186706543,-0.22795581817626953,-0.1789509654045105,-2.680659294128418,0.4887690544128418,1.9451991319656372,-0.9804373979568481
0.017111875,0.0034223749999999996,5.0,1.6365000460913885,0.9846045010420988,0.07142883046663252,-0.07016868652278256,-0.06975905626745307,0.0002563895411887782,0.06836982338144672,-0.0462469756603241,0.03974873572587967,0.17436233162879944,1.273199200630188,0.27368277311325073,0.053151607513427734,-0.29094672203063965,-0.08550244569778442,-1.7461178302764893,-0.1426091194152832,1.075561285018921,-1.1958383321762085
0.017111875,0.0034223749999999996,5.0,1.641336163375018,1.0050142078979714,0.06413313133744103,0.0034072923581613943,0.003377639432079399,5.505307520292581e-5,0.06836919299141515,-0.08927959203720093,-0.0029219333082437515,0.21594616770744324,1.1695764064788818,0.6258823871612549,0.36342549324035645,-0.23444795608520508,-0.17142820358276367,-2.6491641998291016,0.48952555656433105,1.9048539400100708,-1.0063267946243286
0.017111875,0.0034223749999999996,5.0,1.657221963792356,1.0053288591580558,0.07142808774105905,-0.06572117751766468,-0.06532754468149475,0.0001076387646692236,0.0683661317502296,-0.05013248324394226,0.03843080997467041,0.1763574779033661,1.2894737720489502,0.2995024621486664,0.026016950607299805,-0.29595765471458435,-0.09609168767929077,-1.7618578672409058,-0.07446646690368652,1.0676172971725464,-1.2014517784118652
0.017111875,0.0034223749999999996,5.0,1.6612432491679192,1.0249214206631467,0.06412066085062873,0.0031857193311010646,0.003157860749625543,5.267630838033625e-5,0.06836753607767103,-0.0930832028388977,-1.5196390450000763e-5,0.21793070435523987,1.1812031269073486,0.6477216482162476,0.3610422611236572,-0.2511923313140869,-0.17452377080917358,-2.6767687797546387,0.5105993747711182,1.907324194908142,-1.014838457107544
0.017111875,0.0034223749999999996,5.0,1.677123033426516,1.0252073919744566,0.07141017440784421,-0.06128645855513648,-0.060904032617149786,-3.7919585373556865e-5,0.06836240003293435,-0.05585438013076782,0.0373854823410511,0.18057593703269958,1.3147064447402954,0.3405188322067261,-0.009968996047973633,-0.30312347412109375,-0.11070847511291504,-1.7957367897033691,0.003939628601074219,1.0578420162200928,-1.2118688821792603
0.017111875,0.0034223749999999996,5.0,1.680261458453612,1.0440042164816903,0.06409601300983826,0.002958190474680949,0.002931993674224218,4.963167479041431e-5,0.06837036781632905,-0.09542015194892883,-0.000200650654733181,0.21284571290016174,1.1734968423843384,0.6355367302894592,0.35143041610717773,-0.2698584198951721,-0.17516201734542847,-2.664945602416992,0.5327489376068115,1.920335292816162,-1.0064064264297485
0.017111875,0.0034223749999999996,5.0,1.6960813044932426,1.0442990169343302,0.07147662193003741,-0.056900300955657075,-0.05650127898432553,-0.00010419774835054347,0.06835995964230654,-0.062362998723983765,0.036139681935310364,0.18349125981330872,1.3382048606872559,0.3811801075935364,-0.03701329231262207,-0.31152254343032837,-0.12357544898986816,-1.841523289680481,0.08637237548828125,1.0600886344909668,-1.222285270690918
0.017111875,0.0034223749999999996,5.0,1.6984792113754883,1.062280229100156,0.06412951582849721,0.0027330674165598695,0.002707447554428417,4.6700505829995576e-5,0.06837007958780847,-0.0968427062034607,0.003735647536814213,0.21553173661231995,1.1885101795196533,0.6458947062492371,0.3267505168914795,-0.2807793915271759,-0.17680639028549194,-2.678985834121704,0.543950080871582,1.9092594385147095,-1.0196185111999512
0.017111875,0.0034223749999999996,5.0,1.714246081865924,1.0625413925807965,0.07148042184544053,-0.05254832110742899,-0.05215718901287826,-0.00019139709642109558,0.06835892799172004,-0.06472846865653992,0.03518996760249138,0.18306300044059753,1.3472851514816284,0.38978809118270874,-0.09840941429138184,-0.3173658549785614,-0.13531482219696045,-1.8453614711761475,0.16769862174987793,1.0699106454849243,-1.2190200090408325
0.017111875,0.0034223749999999996,5.0,1.715873065058417,1.0797282670079962,0.06415807863473844,0.0025051062428581086,0.002480365009130447,4.358446844719392e-5,0.06836810620919166,-0.0951765775680542,0.008167322725057602,0.2161230742931366,1.200960636138916,0.6364625096321106,0.2738761901855469,-0.2916555106639862,-0.17578232288360596,-2.662097930908203,0.5500938892364502,1.8825833797454834,-1.0327188968658447
0.017111875,0.0034223749999999996,5.0,1.7315881659852634,1.0799469065809535,0.07149960542093663,-0.0482780036270064,-0.0478831639643541,-0.0002645737885651251,0.06835553098349827,-0.07120543718338013,0.03354069963097572,0.18674156069755554,1.363991141319275,0.4284774959087372,-0.10453319549560547,-0.32234129309654236,-0.1500765085220337,-1.901903510093689,0.23547673225402832,1.1043012142181396,-1.220876693725586
0.017111875,0.0034223749999999996,5.0,1.732461601920996,1.0963122336989917,0.06414173459233297,0.002285467381543464,0.0022629166301497217,4.043525551403894e-5,0.0683675015448339,-0.10007971525192261,0.011012491770088673,0.2193518579006195,1.2085528373718262,0.680040180683136,0.3034658432006836,-0.30992093682289124,-0.18110370635986328,-2.7092370986938477,0.5672013759613037,1.8978374004364014,-1.0352650880813599
0.017111875,0.0034223749999999996,5.0,1.7480899987656664,1.0965517008031724,0.07155001162106243,-0.04408314266720383,-0.0436877961645989,-0.0003000972866361131,0.06835429018529772,-0.07134675979614258,0.034152206033468246,0.1886565387248993,1.3730456829071045,0.4388994574546814,-0.1653425693511963,-0.3294329047203064,-0.16255289316177368,-1.9166747331619263,0.29128384590148926,1.108067274093628,-1.2166986465454102
0.017111875,0.0034223749999999996,5.0,1.748219144485705,1.1120963384546043,0.0641621755587752,0.0020707979524261823,0.002049945340825935,3.723855462257951e-5,0.06836621438915469,-0.09697160124778748,0.014489679597318172,0.21677735447883606,1.2142529487609863,0.6486373543739319,0.24397945404052734,-0.32162296772003174,-0.17847949266433716,-2.671464443206787,0.5675809383392334,1.869716763496399,-1.0431461334228516
0.017111875,0.0034223749999999996,5.0,1.7638123371377405,1.1122922179752266,0.07152426488912549,-0.03997358554541543,-0.03961164835742831,-0.00034254041412113556,0.06835487439751677,-0.07609906792640686,0.03290630877017975,0.19139239192008972,1.3792742490768433,0.4671712815761566,-0.15566062927246094,-0.3367418050765991,-0.17325156927108765,-1.9781326055526733,0.34148192405700684,1.1628186702728271,-1.212251901626587
0.017111875,0.0034223749999999996,5.0,1.7631409596874195,1.1270213158879636,0.06410908098173838,0.0018650679463368,0.0018468772938695721,3.382126456186825e-5,0.06836931917217241,-0.10092183947563171,0.01851864904165268,0.220196932554245,1.2291858196258545,0.6752181649208069,0.24225616455078125,-0.3419048488140106,-0.18303698301315308,-2.7070870399475098,0.5840709209442139,1.8696963787078857,-1.0535480976104736
0.017111875,0.0034223749999999996,5.0,1.778749838107918,1.1272009659700015,0.07148910812403705,-0.035984155548699354,-0.035654737446455774,-0.00037025333516364154,0.06835488473172163,-0.07593393325805664,0.03295176476240158,0.1900123655796051,1.3744335174560547,0.46090537309646606,-0.1909487247467041,-0.34603485465049744,-0.18279486894607544,-1.989930510520935,0.38578128814697266,1.1948238611221313,-1.1973111629486084
0.017111875,0.0034223749999999996,5.0,1.777265499128762,1.1411158094592326,0.06405063616950762,0.0016634995468613673,0.001647971383060743,3.0500557196542306e-5,0.06837163498409977,-0.09263977408409119,0.01955302432179451,0.21025344729423523,1.219740390777588,0.590141773223877,0.13967204093933105,-0.35683557391166687,-0.17551910877227783,-2.598855972290039,0.572023868560791,1.8237850666046143,-1.0508091449737549
0.017111875,0.0034223749999999996,5.0,1.7928601604028154,1.141251893665058,0.07138528035179224,-0.032128680768817273,-0.031844506762489455,-0.0003860215689988125,0.0683576816141898,-0.07730546593666077,0.0323345810174942,0.1892070472240448,1.370845079421997,0.4573627710342407,-0.21058177947998047,-0.36041510105133057,-0.1909552812576294,-2.016057014465332,0.4256911277770996,1.2367976903915405,-1.1851915121078491
0.017111875,0.0034223749999999996,5.0,1.7905924593754323,1.1543682539803855,0.06399324802260797,0.0014641642111069034,0.0014512822027891424,2.718656532828828e-5,0.068372435509084,-0.08679109811782837,0.021470334380865097,0.2037889063358307,1.2151820659637451,0.5349208116531372,0.06489229202270508,-0.37330538034439087,-0.1719767451286316,-2.5244672298431396,0.5598392486572266,1.789207100868225,-1.0492054224014282
0.017111875,0.0034223749999999996,5.0,1.8061205783741947,1.1544970184329149,0.07134058789605346,-0.028444731164555658,-0.028189577184810202,-0.00038117673755902774,0.0683594540560914,-0.07502821087837219,0.03236006200313568,0.18591275811195374,1.3581278324127197,0.43184393644332886,-0.25252580642700195,-0.37552985548973083,-0.19799113273620605,-2.0072200298309326,0.4498424530029297,1.2606630325317383,-1.1647775173187256
0.017111875,0.0034223749999999996,5.0,1.8030625145847812,1.1668290364574163,0.06407466673823396,0.0012743713754553253,0.0012623445107603137,2.384328284180061e-5,0.06836693662779728,-0.0912606418132782,0.02768668159842491,0.21629038453102112,1.2491694688796997,0.5970611572265625,0.07032966613769531,-0.38415196537971497,-0.1790405511856079,-2.594989061355591,0.5628912448883057,1.7791370153427124,-1.076279878616333
0.017111875,0.0034223749999999996,5.0,1.8185734990820344,1.1669421827097997,0.07141525272510645,-0.024945599391807714,-0.02470167747411874,-0.0003535264307164355,0.06835518970556806,-0.07424262166023254,0.03656795993447304,0.19925692677497864,1.3782860040664673,0.47015857696533203,-0.2875335216522217,-0.385357141494751,-0.20729219913482666,-2.056969404220581,0.4371199607849121,1.2362043857574463,-1.1750872135162354
0.017111875,0.0034223749999999996,5.0,1.8146636409048882,1.1784662496197424,0.06416488596654635,0.0010956583611298949,0.001084427915470612,2.0524132434892793e-5,0.06836228731576688,-0.09083566069602966,0.03431324288249016,0.22711387276649475,1.2805777788162231,0.6316128969192505,0.027798891067504883,-0.38791120052337646,-0.18254387378692627,-2.61006498336792,0.5463840961456299,1.7261470556259155,-1.1038984060287476
0.017111875,0.0034223749999999996,5.0,1.830184364674259,1.1785713986698778,0.07149784805185792,-0.02162522961576746,-0.02139680300516137,-0.0003218006180641826,0.0683513329289976,-0.07630276679992676,0.04138580337166786,0.21171417832374573,1.396613359451294,0.5107002854347229,-0.29749536514282227,-0.394463449716568,-0.21432924270629883,-2.126924753189087,0.43553614616394043,1.2354605197906494,-1.1860904693603516
0.017111875,0.0034223749999999996,5.0,1.8254575979764853,1.1892678360113704,0.06423094488884461,0.00092843859191962,0.000918562599041393,1.7208774191948402e-5,0.06835956575599617,-0.09010624885559082,0.04120655357837677,0.2370193898677826,1.309609293937683,0.6513863801956177,-0.01944732666015625,-0.39246538281440735,-0.18537187576293945,-2.6136481761932373,0.5244326591491699,1.6690939664840698,-1.1297318935394287
0.017111875,0.0034223749999999996,5.0,1.84095475872094,1.1893617375424206,0.07155810551430729,-0.018492812861800725,-0.018286767937489283,-0.0002865079622975232,0.06834887466427543,-0.07710152864456177,0.04552006721496582,0.2208389937877655,1.4052367210388184,0.5315527319908142,-0.31156492233276367,-0.4051154553890228,-0.21888107061386108,-2.171231746673584,0.4286482334136963,1.2347537279129028,-1.189814805984497
0.017111875,0.0034223749999999996,5.0,1.8354454859146545,1.1992374308007252,0.06430230019312304,0.0007731777232452104,0.0007648047552220119,1.4189064729119812e-5,0.068355557705712,-0.09162887930870056,0.04819744825363159,0.24808308482170105,1.338408350944519,0.6923000812530518,-0.04604363441467285,-0.3998105823993683,-0.1893937587738037,-2.6371610164642334,0.5113816261291504,1.6243658065795898,-1.1543374061584473
0.017111875,0.0034223749999999996,5.0,1.8509293082991984,1.1993254380694784,0.07162143811765757,-0.015558813087256563,-0.015381278593507117,-0.0002445616791868885,0.06834696015870803,-0.07314711809158325,0.05154980346560478,0.22930291295051575,1.4072844982147217,0.5191553831100464,-0.3620338439941406,-0.41566455364227295,-0.22190386056900024,-2.1493613719940186,0.38200950622558594,1.1702826023101807,-1.1879311800003052
0.017111875,0.0034223749999999996,5.0,1.8445492765123555,1.2083741862331692,0.06435264968418282,0.0006329179191778515,0.0006258359028575563,1.1564143302352552e-5,0.06835336746420133,-0.09017395973205566,0.053679998964071274,0.25376108288764954,1.3554850816726685,0.6950010061264038,-0.09172487258911133,-0.4037002921104431,-0.19119268655776978,-2.617994785308838,0.4878346920013428,1.564629316329956,-1.1691759824752808
0.017111875,0.0034223749999999996,5.0,1.8600752195556955,1.2084502830426356,0.07165194290342625,-0.012828241870935012,-0.012682622994225623,-0.0002046175603829943,0.0683470763663853,-0.07342520356178284,0.05686599016189575,0.23712655901908875,1.4121663570404053,0.5263357758522034,-0.37866735458374023,-0.4257858693599701,-0.22376996278762817,-2.1704792976379395,0.36267971992492676,1.147679090499878,-1.1905159950256348
0.017111875,0.0034223749999999996,5.0,1.8528794285247643,1.2166787638974716,0.0644001839168961,0.00050744935845861,0.0005018699937617878,9.046748086883092e-6,0.06835135920486166,-0.08471772074699402,0.05834856256842613,0.25576499104499817,1.36201810836792,0.6586382985115051,-0.16422677040100098,-0.4085310399532318,-0.19077140092849731,-2.5403823852539062,0.44086647033691406,1.4734036922454834,-1.175336241722107
0.017111875,0.0034223749999999996,5.0,1.8683624895187003,1.216755223871899,0.07170821849188652,-0.01031119709897653,-0.010192239577898906,-0.00016609125687789552,0.06834595045686619,-0.07119682431221008,0.060502585023641586,0.24095562100410461,1.4051110744476318,0.5072875022888184,-0.40651607513427734,-0.4386172294616699,-0.22448670864105225,-2.1480917930603027,0.3291618824005127,1.1145622730255127,-1.1821551322937012
0.017111875,0.0034223749999999996,5.0,1.8603087731972328,1.2241483092928187,0.06443519258564663,0.00039339408823370266,0.00038894726399708293,6.998770822915632e-6,0.06834963607456805,-0.08097511529922485,0.06196986511349678,0.2553728520870209,1.3639729022979736,0.6229314804077148,-0.21596622467041016,-0.4146978259086609,-0.1921291947364807,-2.477830171585083,0.4069633483886719,1.40590238571167,-1.1752963066101074
0.017111875,0.0034223749999999996,5.0,1.8758574012949119,1.2242135801783873,0.07172442749327865,-0.008006499503742354,-0.007917572500431945,-0.00012811013125411594,0.06834728305782926,-0.07031673192977905,0.06682918220758438,0.2476591169834137,1.4077410697937012,0.4908062815666199,-0.4349949359893799,-0.4485124945640564,-0.22575092315673828,-2.1338608264923096,0.28862476348876953,1.0576667785644531,-1.1828277111053467
0.017111875,0.0034223749999999996,5.0,1.8669823832341086,1.2307762378056277,0.06444824240248602,0.0002906212238050862,0.0002874889272156878,4.999986575608751e-6,0.06834984196636024,-0.07924553751945496,0.06738761812448502,0.2603079378604889,1.375051498413086,0.6176969408988953,-0.2577857971191406,-0.41944044828414917,-0.19405335187911987,-2.4403092861175537,0.37183284759521484,1.3265416622161865,-1.1838973760604858
0.017111875,0.0034223749999999996,5.0,1.8824551367433247,1.2308715930292187,0.07180748302022066,-0.00591549788053444,-0.005848157121689985,-9.528570196076791e-5,0.0683452745212652,-0.07063615322113037,0.07006119936704636,0.25145456194877625,1.4058845043182373,0.4854277968406677,-0.4435923099517822,-0.45744243264198303,-0.22449469566345215,-2.142855644226074,0.2727673053741455,1.0490528345108032,-1.1819562911987305
0.017111875,0.0034223749999999996,5.0,1.8727022163995384,1.2366064570549937,0.06452463073836964,0.00019720701797284332,0.00019493297863909154,3.413115144772961e-6,0.0683467224871326,-0.07457384467124939,0.07006446272134781,0.25713762640953064,1.3690769672393799,0.5628039240837097,-0.3108401298522949,-0.4266376197338104,-0.1959283947944641,-2.3553075790405273,0.32922863960266113,1.24954092502594,-1.1752564907073975
0.017111875,0.0034223749999999996,5.0,1.8882805283274606,1.2366877815274955,0.07187715806343106,-0.004013271329527542,-0.0039697647061768355,-6.353155159939089e-5,0.06834529440745647,-0.06726419925689697,0.07469698786735535,0.2524183690547943,1.3937811851501465,0.43643394112586975,-0.48418664932250977,-0.4689601957798004,-0.22713494300842285,-2.0689847469329834,0.2153172492980957,0.9687230587005615,-1.166246771812439
0.017111875,0.0034223749999999996,5.0,1.8777093385474557,1.2415649033687612,0.06452373338879598,0.00010976597792845161,0.00010857042187555851,1.8360047319406013e-6,0.06834792315754114,-0.07304215431213379,0.07413961738348007,0.2590361535549164,1.3725147247314453,0.5514181852340698,-0.3406059741973877,-0.4318799376487732,-0.1987694501876831,-2.313368558883667,0.30057621002197266,1.182327389717102,-1.175368070602417
0.017111875,0.0034223749999999996,5.0,1.8927643434978003,1.2431520025332403,0.07678242924257814,-0.0022709918906426247,-0.00217138482395673,-3.462202406787598e-5,0.06831228957646793,-0.06724447011947632,0.07968483865261078,0.24844667315483093,1.3862879276275635,0.37309736013412476,-0.5277400016784668,-0.4873971939086914,-0.2350536584854126,-1.9806301593780518,0.1638333797454834,0.8888253569602966,-1.14955472946167
0.017111875,0.0034223749999999996,5.0,1.848982033209378,-1.2462258570950366,0.04431023810180736,-0.013883088359559452,-0.00013428620795608126,-0.006371699897727717,0.06856586874371383,0.020598426461219788,0.16115811467170715,-0.09555909037590027,0.828704297542572,0.8255478739738464,-0.7889316082000732,0.43852099776268005,0.04852578043937683,-1.112289309501648,0.2954995632171631,1.0816643238067627,-0.883651614189148
0.017111875,0.0034223749999999996,5.0,1.844450133311388,-1.241704764710896,0.0442847921523088,-0.007487981771700296,-7.105313145789111e-5,-0.0034381185183749215,0.06856431464171435,0.018828749656677246,0.16565027832984924,-0.09087136387825012,0.838670015335083,0.9051737785339355,-0.7445862293243408,0.4178295135498047,0.032232850790023804,-1.2158135175704956,0.34450793266296387,1.131277084350586,-0.8773803114891052
0.017111875,0.0034223749999999996,5.0,1.8390863465597063,-1.2363583356761754,0.04426606459521962,-0.006157242930796447,-5.813395276744976e-5,-0.002826703875512113,0.06856322137019001,0.01729808747768402,0.16342803835868835,-0.0950457751750946,0.8302951455116272,0.9136431813240051,-0.732536792755127,0.44830623269081116,0.030613034963607788,-1.194411277770996,0.3552584648132324,1.0721192359924316,-0.8673199415206909
0.017111875,0.0034223749999999996,5.0,1.8328988800107233,-1.2301847792185234,0.04424141787637112,-0.005571599532256264,-5.317990997778972e-5,-0.0025580967830153875,0.0685634235965288,0.016424208879470825,0.16343341767787933,-0.09400472044944763,0.8318377733230591,0.9556900858879089,-0.7006433010101318,0.4490906298160553,0.022320330142974854,-1.2327775955200195,0.3540008068084717,1.1000248193740845,-0.8608138561248779
0.017111875,0.0034223749999999996,5.0,1.825868714351444,-1.2231745949884618,0.044234210623254014,-0.005231959393635315,-5.023226050901529e-5,-0.0024017556292341246,0.0685623658796418,0.013809457421302795,0.1613212525844574,-0.09707066416740417,0.8278300166130066,0.9884723424911499,-0.6709396839141846,0.47822433710098267,0.015122801065444946,-1.2321534156799316,0.3553473949432373,1.0684664249420166,-0.849778413772583
0.017111875,0.0034223749999999996,5.0,1.8169504893968471,-1.2169792091258738,0.04159682332221133,-0.004991972828959508,-8.495847952719696e-5,-0.0022896678064805256,0.06865677343451282,0.01567213237285614,0.1560230702161789,-0.09866824746131897,0.8137947916984558,1.000888705253601,-0.6491239070892334,0.5034681558609009,0.012416541576385498,-1.2181298732757568,0.3496224880218506,1.0648646354675293,-0.8332802057266235
0.017111875,0.0034223749999999996,5.0,1.8082735298566972,-1.2083359254894277,0.041516828248930104,-0.004809685483709616,-8.163808555004813e-5,-0.00220569268285548,0.06865784840854959,0.01237112283706665,0.15251950919628143,-0.10257664322853088,0.8058242201805115,1.028245210647583,-0.6203176975250244,0.5443504452705383,0.0071620941162109375,-1.2065922021865845,0.35378026962280273,1.02144455909729,-0.8202406167984009
0.017111875,0.0034223749999999996,5.0,1.7987650084180433,-1.1988537267469113,0.04145226762911392,-0.004657263703330896,-7.88769286337534e-5,-0.0021355016315750134,0.06865868674701292,0.010427534580230713,0.1498277485370636,-0.10404470562934875,0.799860417842865,1.056098222732544,-0.5899205207824707,0.5689927935600281,0.0029636621475219727,-1.220243215560913,0.3548750877380371,1.0184948444366455,-0.810322642326355
0.017111875,0.0034223749999999996,5.0,1.788421564966728,-1.188515455753988,0.04144035178960574,-0.004526714620024328,-7.664384466684641e-5,-0.0020755995745368183,0.0686588724157317,0.0066030025482177734,0.1471518725156784,-0.10524812340736389,0.797149658203125,1.1057178974151611,-0.544482946395874,0.5988333821296692,-0.0070005059242248535,-1.2456036806106567,0.3573167324066162,1.018325924873352,-0.7980160117149353
0.017111875,0.0034223749999999996,5.0,1.7772446053980149,-1.1773307602935084,0.04145977403275384,-0.004399431949277328,-7.456034837156431e-5,-0.0020173394071958716,0.06865865550366762,0.003960162401199341,0.14010122418403625,-0.11247816681861877,0.7695878744125366,1.0553711652755737,-0.569713830947876,0.6705082058906555,0.011204332113265991,-1.1605207920074463,0.3834257125854492,0.9131709337234497,-0.7884839773178101
0.017111875,0.0034223749999999996,5.0,1.7652349524013404,-1.165306339378884,0.0414982441984163,-0.004270866130781566,-7.249978551262234e-5,-0.0019585537924460094,0.06865827470924103,0.0015806257724761963,0.13840997219085693,-0.11271741986274719,0.7665494680404663,1.090436339378357,-0.5327389240264893,0.6916312575340271,0.004218697547912598,-1.1886577606201172,0.38507938385009766,0.9215123653411865,-0.7787460684776306
0.017111875,0.0034223749999999996,5.0,1.7523979145980515,-1.1524741069549775,0.04148807165271503,-0.004141274004879692,-7.027216773281663e-5,-0.001899075878753026,0.06865847407080565,-0.0005613267421722412,0.14102253317832947,-0.1068081259727478,0.7863017320632935,1.2309036254882812,-0.40914273262023926,0.6658461093902588,-0.035655677318573,-1.326754093170166,0.34683680534362793,1.0347191095352173,-0.7594687342643738
0.017111875,0.0034223749999999996,5.0,1.7387267493209932,-1.1387919827529038,0.04151718727035535,-0.004014368792727064,-6.819987166951275e-5,-0.0018409738240271522,0.06865823470320113,-0.0003941357135772705,0.1417042762041092,-0.10476106405258179,0.7870402932167053,1.267858624458313,-0.37479233741760254,0.6615868806838989,-0.04474157094955444,-1.3590704202651978,0.3342747688293457,1.0630786418914795,-0.7513141632080078
0.017111875,0.0034223749999999996,5.0,1.7242277569882016,-1.1242991728302518,0.0415025826459573,-0.003870311330027353,-6.571354373429744e-5,-0.001774858700044366,0.06865841294640014,0.0015466809272766113,0.1428225338459015,-0.10113051533699036,0.7890003323554993,1.3141205310821533,-0.32617831230163574,0.6389996409416199,-0.05519890785217285,-1.4177734851837158,0.31047534942626953,1.1279194355010986,-0.7431250214576721
0.017111875,0.0034223749999999996,5.0,1.70889769498344,-1.1089753470888437,0.04148790784918977,-0.0037034015202229735,-6.28401709270178e-5,-0.0016982561163638081,0.06865858841662395,0.004269987344741821,0.14127305150032043,-0.10310491919517517,0.7707546353340149,1.2534277439117432,-0.37116432189941406,0.6551490426063538,-0.03506195545196533,-1.362376093864441,0.32466721534729004,1.0772740840911865,-0.7446641325950623
0.017111875,0.0034223749999999996,5.0,1.6927355539669287,-1.092814300985684,0.0414853618569122,-0.0035351600677834293,-5.99831985786415e-5,-0.0016210934539793384,0.06865860677212197,0.0053777992725372314,0.1390136182308197,-0.10432684421539307,0.7524688243865967,1.1984487771987915,-0.4102346897125244,0.6771851778030396,-0.01514512300491333,-1.317657470703125,0.3419680595397949,1.0404071807861328,-0.746029257774353
0.017111875,0.0034223749999999996,5.0,1.6757425327846425,-1.07582483890926,0.0414774189158575,-0.0033492502787050675,-5.6812610507224104e-5,-0.0015358111936161134,0.06865872843633453,0.004356443881988525,0.14081257581710815,-0.101326584815979,0.7599543333053589,1.258522391319275,-0.3559226989746094,0.6626482009887695,-0.030477046966552734,-1.3747050762176514,0.323622465133667,1.0823246240615845,-0.7385419011116028
0.017111875,0.0034223749999999996,5.0,1.657918384609351,-1.0580048853689503,0.04146787363770318,-0.0031751429542808316,-5.384158170849046e-5,-0.0014559401929070083,0.06865887220275489,0.0035709142684936523,0.14167378842830658,-0.09783732891082764,0.7628886699676514,1.31434166431427,-0.2996537685394287,0.6511243581771851,-0.043083250522613525,-1.431747555732727,0.3059103488922119,1.1296288967132568,-0.7292352318763733
0.017111875,0.0034223749999999996,5.0,1.6392591081880692,-1.039327487647213,0.04151346997067792,-0.002986234327637074,-5.073491825187057e-5,-0.001369437556601779,0.06865835641513014,0.006269007921218872,0.1401091367006302,-0.09933516383171082,0.7418869733810425,1.230825662612915,-0.3652355670928955,0.6659428477287292,-0.016082286834716797,-1.3630518913269043,0.3265111446380615,1.0702474117279053,-0.7347710132598877
0.017111875,0.0034223749999999996,5.0,1.619771859062589,-1.019840327665121,0.04151377003915323,-0.002803161870770351,-4.762629109850811e-5,-0.0012854846763246494,0.06865836266630915,0.00624045729637146,0.13871188461780548,-0.09890404343605042,0.730777382850647,1.2175272703170776,-0.3686196804046631,0.6772269010543823,-0.007349252700805664,-1.355137825012207,0.33495020866394043,1.0580804347991943,-0.7323886156082153
0.017111875,0.0034223749999999996,5.0,1.599453857672717,-0.9995241605483487,0.04150961538610322,-0.0026034356691493708,-4.422443622929988e-5,-0.001193882053023525,0.06865840060472388,0.008371233940124512,0.1391347199678421,-0.09626847505569458,0.7233436107635498,1.2143564224243164,-0.3619863986968994,0.6647796034812927,-0.002043008804321289,-1.3680990934371948,0.32790517807006836,1.0766427516937256,-0.7302799224853516
0.017111875,0.0034223749999999996,5.0,1.5783049489864733,-0.9783782260282303,0.041501170631010956,-0.002402172076806873,-4.07989155659049e-5,-0.0011015744638939672,0.06865842971443609,0.008387893438339233,0.13425885140895844,-0.09827655553817749,0.6907864809036255,1.1178685426712036,-0.43322086334228516,0.7088130712509155,0.03076457977294922,-1.2736951112747192,0.3647134304046631,0.9907544851303101,-0.7300843596458435
0.017111875,0.0034223749999999996,5.0,1.556324514099879,-0.9564000096288577,0.04149721078788204,-0.002206839780562906,-3.7473728679404934e-5,-0.001011980478603321,0.0686585259059133,0.00946095585823059,0.1384977102279663,-0.09306365251541138,0.7066968679428101,1.1986953020095825,-0.36788153648376465,0.6655425429344177,0.008772432804107666,-1.354339838027954,0.3336448669433594,1.0587983131408691,-0.7243528366088867
0.017111875,0.0034223749999999996,5.0,1.5335127549624858,-0.9335897322708016,0.04149389799927635,-0.0020167427402025856,-3.4241239538359484e-5,-0.0009248015230607961,0.0686585792378901,0.009228736162185669,0.13702736794948578,-0.0924345850944519,0.6938745975494385,1.1796034574508667,-0.3792383670806885,0.6777697801589966,0.020226269960403442,-1.336818814277649,0.34653449058532715,1.0376617908477783,-0.7229207754135132
0.017111875,0.0034223749999999996,5.0,1.5098696089495338,-0.909947707587835,0.04149169164942664,-0.0018394616746127451,-3.123056459918345e-5,-0.000843501387029944,0.06865863194004267,0.00392487645149231,0.13704809546470642,-0.0896565318107605,0.6988985538482666,1.2645524740219116,-0.31078028678894043,0.6857961416244507,0.004909515380859375,-1.389604091644287,0.34479570388793945,1.0635137557983398,-0.7131554484367371
0.017111875,0.0034223749999999996,5.0,1.4853961604689185,-0.8854798922757757,0.04147805189510895,-0.0016396811107970068,-2.7822896473845664e-5,-0.0007518705661988236,0.06865880244182498,0.006431102752685547,0.13431917130947113,-0.08892026543617249,0.670817494392395,1.1983383893966675,-0.35772228240966797,0.7014525532722473,0.031865477561950684,-1.3284187316894531,0.3644223213195801,1.0165411233901978,-0.7117116451263428
0.017111875,0.0034223749999999996,5.0,1.4600830268220748,-0.860124313524921,0.04158305974629981,-0.0014523133162262984,-2.476633950223064e-5,-0.0006660922026706481,0.06865757501234192,0.007925719022750854,0.12575390934944153,-0.09272041916847229,0.6027335524559021,0.9673140048980713,-0.5372822284698486,0.7746081352233887,0.10807991027832031,-1.1174949407577515,0.44158124923706055,0.838299036026001,-0.7187390923500061
0.017111875,0.0034223749999999996,5.0,1.4339457132468045,-0.8339874468905276,0.041584524186533814,-0.0012650058781869993,-2.1580852986225706e-5,-0.0005801853179766544,0.06865762575933908,0.005237191915512085,0.12002498656511307,-0.08806869387626648,0.5523412227630615,0.9111130237579346,-0.549821138381958,0.8072448968887329,0.15437230467796326,-1.1037697792053223,0.4928421974182129,0.8415908217430115,-0.7148236036300659
0.017111875,0.0034223749999999996,5.0,1.4069759644942113,-0.80701884904639,0.04159125257442606,-0.001104924200346034,-1.8862511242506242e-5,-0.0005067644237690385,0.06865782105330524,-0.0012447535991668701,0.11344233900308609,-0.07895931601524353,0.48147839307785034,0.8580897450447083,-0.5113985538482666,0.8348855376243591,0.21743398904800415,-1.141509771347046,0.5705893039703369,0.9080425500869751,-0.7075111269950867
0.017111875,0.0034223749999999996,5.0,1.3791762565881935,-0.7792264156080112,0.04158212914644642,-0.0009429293119757915,-1.6099031568357604e-5,-0.00043245667467125,0.0686581552893542,-0.009878695011138916,0.10731964558362961,-0.06608572602272034,0.40087729692459106,0.8292606472969055,-0.40094470977783203,0.8296712040901184,0.2874259948730469,-1.2538340091705322,0.657071590423584,1.040014386177063,-0.6975770592689514
0.017111875,0.0034223749999999996,5.0,1.3505452858321996,-0.7506024264928071,0.04157273890027118,-0.0007906999681662803,-1.3506331877837224e-5,-0.0003626318497104098,0.06865846651513294,-0.0440734326839447,0.08658040314912796,-0.04347825050354004,0.29145392775535583,0.6605608463287354,0.20706820487976074,-0.2515726685523987,0.6590766906738281,-1.7898921966552734,-0.009627103805541992,1.2480905055999756,-0.9611346125602722
0.017111875,0.0034223749999999996,5.0,1.321082631599992,-0.7211440813336603,0.041571147986580556,-0.0006510819075629228,-1.1127867526021323e-5,-0.0002985955323672767,0.06865874635699518,-0.0567660927772522,0.07044149190187454,-0.044742465019226074,0.1916009485721588,0.6647318005561829,0.3728218078613281,-0.25088995695114136,0.7480642795562744,-1.91311776638031,0.019827604293823242,1.2634950876235962,-0.9499689340591431
0.017111875,0.0034223749999999996,5.0,1.290789952937736,-0.6908613382833638,0.04155380623179389,-0.0004945662928688285,-8.450100624512066e-6,-0.0002268056899042391,0.06865918231833536,-0.0723692774772644,0.0628848671913147,-0.05204880237579346,0.0995587557554245,0.697418212890625,0.5932375192642212,-0.31152620911598206,0.821983814239502,-2.0861527919769287,-0.010193824768066406,1.2316114902496338,-0.9315516352653503
0.017111875,0.0034223749999999996,5.0,1.2596659265658956,-0.6597443261906244,0.041542257165309904,-0.0003295182282865969,-5.629732114880299e-6,-0.0001511122474089456,0.06865944229463902,-0.0839516818523407,0.05974715203046799,-0.05835092067718506,0.024894967675209045,0.7458173036575317,0.8221533298492432,-0.41937556862831116,0.8799622058868408,-2.27193021774292,-0.11343598365783691,1.1744484901428223,-0.9145740270614624
0.017111875,0.0034223749999999996,5.0,1.2277105324935031,-0.6277896162988346,0.04154202706521464,-0.0001743873188631343,-2.9799012293102594e-6,-7.997118374373314e-5,0.06865949374842235,-0.08777263760566711,0.05850815773010254,-0.06516781449317932,0.008198261260986328,0.7351779341697693,0.766340970993042,-0.38981902599334717,0.8776201009750366,-2.1820225715637207,-0.022084712982177734,1.0901626348495483,-0.8946971297264099
0.017111875,0.0034223749999999996,5.0,1.1949250399428941,-0.5950099915046444,0.0415267623309688,-2.2062572014537614e-5,-3.7686718482154177e-7,-1.0117349956146654e-5,0.068659576460484,-0.08768022060394287,0.056743163615465164,-0.06960296630859375,0.02714627981185913,0.6504670977592468,0.5144553184509277,-0.24780841171741486,0.8260846138000488,-1.8511886596679688,0.2522470951080322,0.9581707715988159,-0.8604400753974915
0.017111875,0.0034223749999999996,5.0,1.1613081431776233,-0.5613949457396081,0.04152020876203192,0.00012959304998311105,2.212328467232166e-6,5.942755836331597e-5,0.06865960931673265,-0.09125471115112305,0.05737566947937012,-0.07255759835243225,0.0037330985069274902,0.7068697214126587,0.6087141036987305,-0.3066279888153076,0.8464659452438354,-1.931921124458313,0.16078424453735352,0.9565711617469788,-0.8578020334243774
0.017111875,0.0034223749999999996,5.0,1.1268599831543977,-0.5269505189272368,0.04150867030299915,0.0002821866525633181,4.81480654479095e-6,0.0001293997434415542,0.06865973015009506,-0.0925213098526001,0.05633585900068283,-0.07229363918304443,-0.009214609861373901,0.7281307578086853,0.6485515832901001,-0.3339674472808838,0.8571410179138184,-1.9443445205688477,0.1205742359161377,0.9300854802131653,-0.8555471897125244
0.017111875,0.0034223749999999996,5.0,1.0915802965228425,-0.4916725708977313,0.041503682557051016,0.00043724992164671653,7.45791551840854e-6,0.0002005039731320853,0.06865978489941789,-0.09508851170539856,0.05565671995282173,-0.0730336606502533,-0.02044045925140381,0.735929548740387,0.6753761768341064,-0.33642229437828064,0.8625437021255493,-1.946376085281372,0.11741352081298828,0.9279221892356873,-0.8496668338775635
0.017111875,0.0034223749999999996,5.0,1.055469928615223,-0.4555655054772504,0.041492912118283036,0.0005963564630001581,1.0165584545073041e-5,0.00027345855830139066,0.06865986772979361,-0.09848961234092712,0.05456002801656723,-0.07283371686935425,-0.04182574152946472,0.770993173122406,0.7656793594360352,-0.37545010447502136,0.8818092942237854,-2.0158069133758545,0.04454469680786133,0.9427497386932373,-0.8477907180786133
0.017111875,0.0034223749999999996,5.0,1.0185282578756962,-0.41862532375868583,0.04148775220524234,0.0007618180676778687,1.297692659817368e-5,0.0003493237486018783,0.0686599218502513,-0.10290965437889099,0.05397842451930046,-0.07260191440582275,-0.06663048267364502,0.8192421197891235,0.9018332958221436,-0.4321286976337433,0.904253363609314,-2.132169008255005,-0.06559967994689941,0.9811514616012573,-0.8458879590034485
0.017111875,0.0034223749999999996,5.0,0.9807552481981302,-0.3808545687764683,0.04148065112863195,0.0009464534156929439,1.611415206778829e-5,0.00043398041757491485,0.06865997481057194,-0.10589990019798279,0.05591496825218201,-0.07166308164596558,-0.09748104214668274,0.9329748153686523,1.247898817062378,-0.6033371686935425,0.9240437746047974,-2.4445412158966064,-0.38459062576293945,1.0980249643325806,-0.8361822962760925
0.017111875,0.0034223749999999996,5.0,0.9421477995549117,-0.34224258473389835,0.0415001712867142,0.001090480512765252,1.8582094196736714e-5,0.0005000397657305115,0.06865997911595563,-0.1090913712978363,0.057622846215963364,-0.0709378719329834,-0.12248703837394714,1.0141545534133911,1.5007860660552979,-0.720783531665802,0.9353722333908081,-2.634899616241455,-0.6101608276367188,1.162016749382019,-0.8233987092971802
0.017111875,0.0034223749999999996,5.0,0.9027113888586807,-0.3028073820631676,0.041497407229718695,0.0012525077939869102,2.134657099440737e-5,0.0005743377146075021,0.06866002467685109,-0.1150616705417633,0.05481143668293953,-0.07171526551246643,-0.12584790587425232,0.980136513710022,1.352336049079895,-0.6138498783111572,0.9425152540206909,-2.4640250205993652,-0.42888712882995605,1.075813889503479,-0.826504111289978
0.017111875,0.0034223749999999996,5.0,0.8624426661947523,-0.26253700718672013,0.04150316279194219,0.0014088174074864915,2.403235254968291e-5,0.0006460265384415754,0.06865998336973309,-0.11629146337509155,0.05558862164616585,-0.07255333662033081,-0.12883669137954712,0.9827841520309448,1.3287588357925415,-0.6072232723236084,0.9411635398864746,-2.4121994972229004,-0.4030247926712036,1.0313856601715088,-0.822131872177124
0.017111875,0.0034223749999999996,5.0,0.8213442744503912,-0.2214400042025084,0.04149780664105428,0.0015991538244545895,2.7280427885526472e-5,0.0007333146477712835,0.06865993178638617,-0.1137685775756836,0.05832306295633316,-0.07513946294784546,-0.09459999203681946,0.9329415559768677,1.1227915287017822,-0.514738917350769,0.9041593074798584,-2.1802666187286377,-0.19430804252624512,0.899989664554596,-0.8187310695648193
0.017111875,0.0034223749999999996,5.0,0.7799963507369445,-0.17820151025431702,0.0442155267199063,0.0017688408967304378,7.495779745814102e-6,0.0008065233220881225,0.06858498934313034,-0.11539089679718018,0.06149899587035179,-0.08011782169342041,-0.06296581029891968,0.8291810154914856,0.8069299459457397,-0.33870917558670044,0.8750375509262085,-1.7834457159042358,0.14825153350830078,0.6828292012214661,-0.8200416564941406
0.017111875,0.0034223749999999996,5.0,0.7372315806459571,-0.13543734599923538,0.0442168015519501,0.0018900554261862485,8.370893969332166e-6,0.000862311945902297,0.06858510989833795,-0.11522024869918823,0.06325870007276535,-0.0827697217464447,-0.039135515689849854,0.7410731911659241,0.6089800596237183,-0.19877886772155762,0.8417911529541016,-1.4887933731079102,0.36185383796691895,0.5731506943702698,-0.8096646070480347
0.017111875,0.0034223749999999996,5.0,0.6936109593271271,-0.09185256316547347,0.04421095337851806,0.0019157767596353272,1.0053461771102155e-5,0.0008757125776334715,0.0685846306586527,-0.12086397409439087,0.06591448187828064,-0.082928866147995,-0.052827268838882446,0.7545730471611023,0.6604928970336914,-0.19034680724143982,0.8556917309761047,-1.527735710144043,0.34364986419677734,0.6220952272415161,-0.8101603388786316
0.017111875,0.0034223749999999996,5.0,0.6486418242194214,-0.048736897023527445,0.041485101158400005,0.001710402673721143,2.9112660983317022e-5,0.000784308717527751,0.06865963192957503,-0.11943614482879639,0.10039973258972168,-0.09812408685684204,-0.04132649302482605,0.7679902911186218,1.1570160388946533,-0.4567665159702301,0.88463294506073,-2.3765182495117188,0.13422083854675293,1.2072105407714844,-0.8521132469177246
0.017111875,0.0034223749999999996,5.0,0.603395003233234,-0.0035047611355744296,0.04142534428605152,-1.9695970968356485e-9,-3.338719527539207e-11,-9.030713519786146e-10,0.06865977039045813,-0.13558974862098694,0.1436188966035843,-0.10540953278541565,-0.12310349941253662,0.6601616144180298,1.789734125137329,-0.667564868927002,1.0307178497314453,-3.1702680587768555,-0.14927005767822266,1.7823678255081177,-0.9173085689544678
0.017111875,0.0034223749999999996,5.0,0.6490362946246391,0.04316771623418532,0.04420552776922372,-0.0017167580325339927,-2.383847289042493e-5,-0.0007850831522455835,0.06855005504503495,-0.19130995869636536,0.04788223281502724,-0.13533321022987366,0.3932497501373291,-1.1087960004806519,0.624285101890564,1.6112819910049438,-0.05501699447631836,-1.4400683641433716,0.7181780338287354,0.7078122496604919,-0.3410128355026245
0.017111875,0.0034223749999999996,5.0,0.6933479394150333,0.08769694802474391,0.044176128096279625,-0.001916748074603852,-2.3918793327822113e-5,-0.0008804528729613635,0.06853642709412368,-0.21655935049057007,0.08610063046216965,-0.10852384567260742,0.6833653450012207,-1.363756537437439,0.9241788387298584,1.1820013523101807,-0.04008030891418457,-2.0216214656829834,0.9230701923370361,1.2309832572937012,-0.6459823250770569
0.017111875,0.0034223749999999996,5.0,0.7369161338142839,0.1313591902537258,0.04426432283133355,-0.0018913324291407354,-2.2117404590274385e-5,-0.0008675557268182188,0.06852843780618163,-0.2256971299648285,0.10649047046899796,-0.08803537487983704,0.8468330502510071,-1.41977059841156,1.0550071001052856,1.0501859188079834,-0.022625625133514404,-2.2417116165161133,0.9203410148620605,1.360412359237671,-0.8283819556236267
0.017111875,0.0034223749999999996,5.0,0.7796729420951929,0.1741636076824722,0.0442864792470233,-0.0017701522545765715,-2.0354662424780324e-5,-0.0008114000739980618,0.06852675482757639,-0.23546257615089417,0.12228643149137497,-0.07528498768806458,0.9230874180793762,-1.483199954032898,1.1815510988235474,1.0367990732192993,-0.03659188747406006,-2.405472993850708,0.8129568099975586,1.4364904165267944,-0.8924351334571838
0.017111875,0.0034223749999999996,5.0,0.8216019391295499,0.2161232981928356,0.04430121085485157,-0.0016058472932874216,-1.8499898763684116e-5,-0.0007355726954394068,0.0685256445016259,-0.23600688576698303,0.12949134409427643,-0.07315921783447266,0.9440617561340332,-1.4903331995010376,1.235457181930542,1.059547781944275,-0.04278886318206787,-2.44372820854187,0.7732584476470947,1.4607566595077515,-0.9075552821159363
0.017111875,0.0034223749999999996,5.0,0.862682638155282,0.2572385947465896,0.04427835373541428,-0.0014146382344317739,-1.641798440248743e-5,-0.0006481922381669491,0.06852568497365427,-0.2399175465106964,0.13470597565174103,-0.0771716833114624,0.923108696937561,-1.519134521484375,1.2616932392120361,1.0741915702819824,-0.030277609825134277,-2.4388697147369385,0.782435417175293,1.4672682285308838,-0.898794412612915
0.017111875,0.0034223749999999996,5.0,0.9029457405019896,0.29752539913702053,0.04431616266928701,-0.001258023860815568,-1.4516916201037675e-5,-0.0005757126861737436,0.0685236512728174,-0.23984447121620178,0.1399620920419693,-0.07635489106178284,0.9414181113243103,-1.510561466217041,1.2998638153076172,1.0962575674057007,-0.03528088331222534,-2.462200403213501,0.7551913261413574,1.488133192062378,-0.9123529195785522
0.017111875,0.0034223749999999996,5.0,0.9423876525895941,0.3369602915398036,0.04428122233700094,-0.0010953496610284909,-1.267999542146766e-5,-0.0005011122198727697,0.06852334102338778,-0.2381194531917572,0.1428421437740326,-0.0757785439491272,0.9795557260513306,-1.4506539106369019,1.288530707359314,1.1019349098205566,-0.04570591449737549,-2.4742040634155273,0.7890331745147705,1.4931724071502686,-0.9401241540908813
0.017111875,0.0034223749999999996,5.0,0.980983753095933,0.37557272532810493,0.044253695797146234,-0.0009505807331698902,-1.1094126896642466e-5,-0.0004351219877098412,0.06852334039916269,-0.23972967267036438,0.14646725356578827,-0.0802202820777893,0.9680595993995667,-1.4447898864746094,1.2904061079025269,1.1081933975219727,-0.03653573989868164,-2.4555294513702393,0.8057515621185303,1.489558219909668,-0.9375104308128357
0.017111875,0.0034223749999999996,5.0,1.01875573119887,0.41335433882153383,0.044233983277016255,-0.0007650962768772124,-8.982964997534622e-6,-0.0003503570328708459,0.06852295935466496,-0.23979654908180237,0.15042823553085327,-0.08303722739219666,0.9706705212593079,-1.4253253936767578,1.2945433855056763,1.1141598224639893,-0.03203749656677246,-2.445261240005493,0.8150107860565186,1.4833347797393799,-0.9444537162780762
0.017111875,0.0034223749999999996,5.0,1.0556988173191693,0.4503072387210958,0.04422555014932243,-0.0005989230104968243,-7.060346664987349e-6,-0.0002743096154307544,0.06852197542316737,-0.23916688561439514,0.15465378761291504,-0.08393341302871704,0.986118495464325,-1.3966667652130127,1.3043818473815918,1.1212232112884521,-0.03220939636230469,-2.447185754776001,0.8200352191925049,1.4794915914535522,-0.9597111940383911
0.017111875,0.0034223749999999996,5.0,1.0918521408143884,0.4864307341145366,0.044235823465810106,-0.00043912540995400505,-5.216848772777343e-6,-0.00020119446794624913,0.06852031963273766,-0.22752311825752258,0.15949903428554535,-0.0811004638671875,1.0127824544906616,-1.3389066457748413,1.3092328310012817,1.1181678771972656,-0.029583752155303955,-2.415445566177368,0.8180112838745117,1.4454150199890137,-0.9887620806694031
0.017111875,0.0034223749999999996,5.0,1.1271344528921097,0.5217238606927467,0.044238829352294035,-0.00028342988547480527,-3.3679703879928116e-6,-0.00012981614909153536,0.06851840471774444,-0.22683125734329224,0.16529130935668945,-0.07749077677726746,1.0506306886672974,-1.3125169277191162,1.3509392738342285,1.13624107837677,-0.040167927742004395,-2.456554651260376,0.8031821250915527,1.4630550146102905,-1.0163757801055908
0.017111875,0.0034223749999999996,5.0,1.161572316038067,0.5561997450745925,0.04428421047640307,-0.000130206156992245,-1.5437294554149076e-6,-5.955649520290459e-5,0.06851548284805883,-0.22778594493865967,0.1726682484149933,-0.07381781935691833,1.0749731063842773,-1.323074221611023,1.4314509630203247,1.175649642944336,-0.048214077949523926,-2.512575149536133,0.7512741088867188,1.499515414237976,-1.0331252813339233
0.017111875,0.0034223749999999996,5.0,1.19518023604377,0.5898505450388077,0.044337869288247955,2.217378248104434e-5,2.631828134687717e-7,1.0122843924458232e-5,0.06851349396270948,-0.23383542895317078,0.18235135078430176,-0.05465197563171387,1.1806081533432007,-1.3259915113449097,1.6050970554351807,1.2755204439163208,-0.11605983972549438,-2.7157535552978516,0.5913205146789551,1.6603236198425293,-1.073242425918579
0.017111875,0.0034223749999999996,5.0,1.2279447118677251,0.6226736246337692,0.04437786845680413,0.00017533381374905722,2.0814536121313733e-6,7.990673352062779e-5,0.06851254420284518,-0.2459762990474701,0.19412459433078766,-0.040182292461395264,1.20527982711792,-1.4116501808166504,1.8235433101654053,1.357203722000122,-0.1497994065284729,-2.9002904891967773,0.40145063400268555,1.8178880214691162,-1.0659286975860596
0.017111875,0.0034223749999999996,5.0,1.2596752427639017,0.6528322267290948,0.04153319595411134,0.00032952686169331925,5.595241966194653e-6,0.0001511329254750277,0.06865775178834115,-0.23974964022636414,0.1943160891532898,-0.010334402322769165,1.2493040561676025,-1.4618819952011108,2.0528504848480225,1.379817008972168,-0.21524584293365479,-3.062638282775879,0.07521319389343262,2.080045700073242,-1.0469669103622437
0.017111875,0.0034223749999999996,5.0,1.2908006083264565,0.6839566190580023,0.04154060627872211,0.0004945818141378453,8.387170792099572e-6,0.00022682632372515656,0.06865760141024277,-0.2178889811038971,0.15325140953063965,0.021022140979766846,1.3101367950439453,-1.3770259618759155,2.146575450897217,1.2651935815811157,-0.265228807926178,-3.085627317428589,-0.17519426345825195,2.409898281097412,-1.0599191188812256
0.017111875,0.0034223749999999996,5.0,1.3210956430668157,0.7142507811315104,0.04154956039546145,0.0006511093012500352,1.1024200311514552e-5,0.0002986079093693797,0.06865721601139098,-0.1953408420085907,0.11003851890563965,0.05579423904418945,1.363675594329834,-1.2379754781723022,2.151240587234497,1.1525319814682007,-0.28209763765335083,-3.0796468257904053,-0.37470507621765137,2.688176393508911,-1.0983567237854004
0.017111875,0.0034223749999999996,5.0,1.3505598125326292,0.7437140155097032,0.04155874665219052,0.0007907466918315063,1.336360515909002e-5,0.0003626438503657828,0.06865671840998949,-0.1806718409061432,0.06741645932197571,0.08682182431221008,1.3742319345474243,-1.111193299293518,2.10916805267334,1.0069180727005005,-0.2549702525138855,-3.0323476791381836,-0.5309311151504517,2.922640800476074,-1.137395977973938
0.017111875,0.0034223749999999996,5.0,1.379192404392752,0.7723499389254598,0.04157626628577423,0.0009430006707349914,1.5910954190255883e-5,0.0004324682938083668,0.06865614766338618,-0.17466571927070618,0.026872683316469193,0.17297235131263733,1.0750972032546997,0.44142046570777893,1.8031229972839355,0.3454466462135315,-0.2920193672180176,-3.1974358558654785,0.2952759265899658,1.8990514278411865,-0.7947568893432617
0.017111875,0.0034223749999999996,5.0,1.4069941579049356,0.8001489197110974,0.04157969004463865,0.0011050131805495648,1.8613795038194004e-5,0.0005067599775693615,0.06865576783230569,-0.14312249422073364,-0.0021455984096974134,0.17606887221336365,1.0501528978347778,0.5697832107543945,1.4584935903549194,0.1330791562795639,-0.30050909519195557,-2.979720115661621,0.34728503227233887,2.003265619277954,-0.7613891363143921
0.017111875,0.0034223749999999996,5.0,1.4339649141614033,0.8271183468743284,0.041584978267040974,0.0012651205261714946,2.127734727422699e-5,0.0005801783745030949,0.06865527918849454,-0.12457907199859619,-0.016596060246229172,0.18538865447044373,1.0389530658721924,0.6727924942970276,1.255928635597229,-0.0036727087572216988,-0.3027029037475586,-2.8785645961761475,0.3513035774230957,2.0373897552490234,-0.7479878067970276
0.017111875,0.0034223749999999996,5.0,1.4601021722515442,0.853253830868256,0.04158170403244062,0.0014524422274752652,2.4421985388089026e-5,0.0006660801444951063,0.06865529458972801,-0.12366744875907898,-0.01789926178753376,0.1978088915348053,1.048677682876587,0.8036065697669983,1.2222366333007812,-0.07523384690284729,-0.3073042631149292,-2.922109603881836,0.3673090934753418,2.0305163860321045,-0.753281831741333
0.017111875,0.0034223749999999996,5.0,1.4854082323603532,0.878562736935823,0.04158961372321559,0.0016398306082046463,2.7566706529618803e-5,0.0007520266906610182,0.06865505670353163,-0.11710888147354126,-0.01554057002067566,0.20289179682731628,1.064465045928955,0.8281028270721436,1.1430505514144897,-0.10117125511169434,-0.2995958924293518,-2.922166585922241,0.38689398765563965,2.0514678955078125,-0.776561975479126
0.017111875,0.0034223749999999996,5.0,1.5098819038014333,0.9030491873977525,0.04161784769846959,0.001839635088910248,3.092898848838619e-5,0.0008436921557681981,0.06865465336680933,-0.11445897817611694,-0.013110542669892311,0.2082025110721588,1.067553997039795,0.8504309058189392,1.134727954864502,-0.12023724615573883,-0.2938699722290039,-2.9381422996520996,0.3684523105621338,2.0675177574157715,-0.7854710817337036
0.017111875,0.0034223749999999996,5.0,1.5335254257669346,0.9266940279510342,0.04162111703732325,0.002016939567404726,3.3904183551058744e-5,0.0009250166078430429,0.06865451197552555,-0.11209550499916077,-0.011301791295409203,0.20727333426475525,1.0662308931350708,0.8471122980117798,1.099364995956421,-0.1356990784406662,-0.282856285572052,-2.932980537414551,0.37888407707214355,2.078279495239258,-0.7950634956359863
0.017111875,0.0034223749999999996,5.0,1.556337073730079,0.949508286571111,0.04162619841442716,0.002207053385906491,3.710434539961308e-5,0.001012218803442154,0.06865447047759606,-0.12013790011405945,-0.006708099972456694,0.21725860238075256,1.0819742679595947,0.9296964406967163,1.1290717124938965,-0.166375070810318,-0.28975915908813477,-3.013450860977173,0.39340972900390625,2.0868349075317383,-0.8041060566902161
0.017111875,0.0034223749999999996,5.0,1.5783181407799671,0.9714940868901129,0.04163730359987629,0.0024024190749594755,4.037637637618777e-5,0.0011018437237307489,0.06865416233625908,-0.1184297502040863,-0.005414214450865984,0.21554604172706604,1.081042766571045,0.9240890145301819,1.086316466331482,-0.18304643034934998,-0.27958929538726807,-3.0031352043151855,0.41103291511535645,2.0958328247070312,-0.8131969571113586
0.017111875,0.0034223749999999996,5.0,1.5994681934390245,0.9926476542873276,0.04164530508590204,0.00260371621706847,4.3755965773986855e-5,0.0011941934264264452,0.06865390431855463,-0.10842838883399963,-0.004789865110069513,0.21163597702980042,1.085552453994751,0.8790096640586853,0.9602833986282349,-0.18953347206115723,-0.256813645362854,-2.937826633453369,0.43547701835632324,2.087437152862549,-0.8400063514709473
0.017111875,0.0034223749999999996,5.0,1.619785795621551,1.012907544999682,0.0415090236127199,0.002803334750491077,4.7151018326370975e-5,0.0012854759587427964,0.06865675170459903,-0.11615368723869324,-0.002742860233411193,0.21289440989494324,1.0814213752746582,0.9063048362731934,0.9938415288925171,-0.2163965255022049,-0.2616916298866272,-2.982093334197998,0.44785618782043457,2.113819122314453,-0.8311386108398438
0.017111875,0.0034223749999999996,5.0,1.6392731061478545,1.0324712039819324,0.041686049325910336,0.002986578250882844,5.0199000149502845e-5,0.0013698888962702805,0.0686532280132535,-0.1165303885936737,-0.00024356343783438206,0.2156815230846405,1.0911855697631836,0.9265822172164917,0.9586725234985352,-0.23638120293617249,-0.2573515772819519,-2.994948625564575,0.4643528461456299,2.114516019821167,-0.8451377749443054
0.017111875,0.0034223749999999996,5.0,1.657930329007382,1.051144438381068,0.04172495521302981,0.0031755593852840778,5.335139336988888e-5,0.0014566730109823556,0.0686522365834142,-0.11231228709220886,0.005457521416246891,0.22349169850349426,1.1161010265350342,0.9555429220199585,0.88929283618927,-0.24811555445194244,-0.24928909540176392,-3.005579948425293,0.4743070602416992,2.095531940460205,-0.8779025077819824
0.017111875,0.0034223749999999996,5.0,1.6757545869289945,1.0689736132642913,0.041733256155562524,0.003349686007578614,5.629013289982183e-5,0.001536574707037822,0.06865216682901201,-0.11710488796234131,0.006391129456460476,0.21793821454048157,1.1039702892303467,0.9388937950134277,0.895488977432251,-0.2730274796485901,-0.24821096658706665,-3.008798837661743,0.49678874015808105,2.11944580078125,-0.8668220639228821
0.017111875,0.0034223749999999996,5.0,1.6927481413396932,1.0859669354330053,0.04173201671568764,0.0035356172168181897,5.941699615639691e-5,0.0016218733176625282,0.06865216521980516,-0.11941203474998474,0.0090936915948987,0.22057804465293884,1.1105868816375732,0.9698910713195801,0.8681612014770508,-0.29939913749694824,-0.24755185842514038,-3.0221107006073,0.5213501453399658,2.1206061840057373,-0.8740211725234985
0.017111875,0.0034223749999999996,5.0,1.7089105559060522,1.1021459472946673,0.04176723630952549,0.0037039190395843718,6.226364965613067e-5,0.001699172594306917,0.06865150795211522,-0.12356418371200562,0.014028537087142467,0.2234695851802826,1.1211059093475342,0.988010585308075,0.8579500913619995,-0.3229629099369049,-0.24879777431488037,-3.059373378753662,0.5404598712921143,2.128519296646118,-0.8832571506500244
0.017111875,0.0034223749999999996,5.0,1.724240785590139,1.117390554958595,0.0415714804893778,0.003870622907575166,6.508077895829714e-5,0.001775112904655323,0.06865538093130787,-0.12541282176971436,0.01682303100824356,0.22542479634284973,1.125730276107788,1.0023553371429443,0.8418409824371338,-0.34811410307884216,-0.24845778942108154,-3.075856924057007,0.5510547161102295,2.1350507736206055,-0.888197124004364
0.017111875,0.0034223749999999996,5.0,1.7387414949020985,1.1319030302798148,0.04159925569236738,0.004014738789825536,6.747913956164869e-5,0.0018413059747576085,0.06865465515100101,-0.1129264235496521,0.017501238733530045,0.21760812401771545,1.1278903484344482,0.9234454035758972,0.7134385108947754,-0.3537016212940216,-0.22695809602737427,-2.975353479385376,0.5614826679229736,2.0967395305633545,-0.9111957550048828
0.017111875,0.0034223749999999996,5.0,1.7524107414544257,1.1455826924312682,0.04162254904323531,0.004141690885814897,6.95905138345576e-5,0.001899609813713453,0.06865405957777586,-0.11336791515350342,0.01846443861722946,0.2143276035785675,1.125852346420288,0.899949312210083,0.6841803789138794,-0.37953701615333557,-0.22191041707992554,-2.9636878967285156,0.5733804702758789,2.101569414138794,-0.9140697121620178
0.017111875,0.0034223749999999996,5.0,1.7652551055386743,1.158552515022648,0.04190786051402701,0.004271773276964593,7.172023545213569e-5,0.0019601185180794555,0.0686476215248054,-0.1072341799736023,0.0205981507897377,0.2090252935886383,1.131608009338379,0.8443444967269897,0.59638512134552,-0.394616037607193,-0.21092766523361206,-2.9087071418762207,0.5841333866119385,2.0765342712402344,-0.9303023219108582
0.017111875,0.0034223749999999996,5.0,1.7772563645736283,1.1704332759618334,0.04163549441747827,0.004399907680758006,7.389302715512878e-5,0.0020181034231981586,0.0686534485474143,-0.10451522469520569,0.024843022227287292,0.21381732821464539,1.1499581336975098,0.8656566739082336,0.5371884107589722,-0.40672460198402405,-0.2093217968940735,-2.9041340351104736,0.5946052074432373,2.048168897628784,-0.9499834775924683
0.017111875,0.0034223749999999996,5.0,1.788431432752197,1.1815660503965604,0.04153977848954959,0.004527057444879214,7.606802443605342e-5,0.0020760794439939104,0.06865545261829538,-0.09867578744888306,0.030562061816453934,0.22307851910591125,1.1789679527282715,0.8833354711532593,0.450329065322876,-0.40511175990104675,-0.20491522550582886,-2.8863685131073,0.5860843658447266,1.9919688701629639,-0.9829611778259277
0.017111875,0.0034223749999999996,5.0,1.7987756350442514,1.1918857611037403,0.04148391149194998,0.004657533754790097,7.829404375768651e-5,0.0021356846983086467,0.06865663023298159,-0.09515708684921265,0.03516107797622681,0.22929486632347107,1.1998183727264404,0.8870111703872681,0.3834035396575928,-0.40907779335975647,-0.20170021057128906,-2.872039318084717,0.578716516494751,1.9472395181655884,-1.0066381692886353
0.017111875,0.0034223749999999996,5.0,1.8082888600715552,1.2014550345772557,0.0416132348851235,0.0048101554983201325,8.079813729760094e-5,0.002206206317324669,0.068653806621147,-0.09278407692909241,0.04104853421449661,0.23721948266029358,1.2244527339935303,0.8974251747131348,0.31728076934814453,-0.4125118553638458,-0.19870060682296753,-2.863999605178833,0.5706732273101807,1.8930940628051758,-1.0338404178619385
0.017111875,0.0034223749999999996,5.0,1.8176032397133923,1.2113452392867834,0.045364886079304785,0.005010832168668775,2.5096552779393512e-5,0.0022984205341065812,0.06853095867761676,-0.09411230683326721,0.048223160207271576,0.2447734773159027,1.2627360820770264,0.9077063202857971,0.24526190757751465,-0.41846027970314026,-0.19469547271728516,-2.8540661334991455,0.569580078125,1.8116172552108765,-1.075510025024414
0.017111875,0.0034223749999999996,5.0,1.825458094917732,1.2192139036331764,0.04539043392153171,0.005237592559033607,2.6112672464109777e-5,0.002402391684014977,0.06853129754147341,-0.09214940667152405,0.053099632263183594,0.24985191226005554,1.2787457704544067,0.9021790027618408,0.1878814697265625,-0.42663195729255676,-0.19136381149291992,-2.8349382877349854,0.5573647022247314,1.7598011493682861,-1.0943968296051025
0.017111875,0.0034223749999999996,5.0,1.8324866278964813,1.226250415608115,0.04541176081413863,0.005577818522392406,2.7814443021269472e-5,0.0025583593700938675,0.06853218594939364,-0.09113684296607971,0.05815988779067993,0.256085067987442,1.2927533388137817,0.9144963622093201,0.14339494705200195,-0.4352342188358307,-0.1891242265701294,-2.8212883472442627,0.5455679893493652,1.707492709159851,-1.1102678775787354
0.017111875,0.0034223749999999996,5.0,1.8386847513131084,1.2324573282160143,0.04543353301570652,0.006163827760418855,3.070497032400621e-5,0.0028271988087322417,0.06853284210382896,-0.08824986219406128,0.06235435977578163,0.25804975628852844,1.300998568534851,0.8885849118232727,0.08408284187316895,-0.45050424337387085,-0.1837131381034851,-2.7822933197021484,0.5299997329711914,1.648061752319336,-1.1233419179916382
0.017111875,0.0034223749999999996,5.0,1.8440495405709232,1.237833711851469,0.04546180554496584,0.007496099439633294,3.6774342721180534e-5,0.0034386677833387726,0.06853363350580433,-0.08726787567138672,0.06585534662008286,0.2609499394893646,1.3044979572296143,0.8909746408462524,0.04284071922302246,-0.4830005466938019,-0.17899811267852783,-2.7596871852874756,0.5266897678375244,1.599402904510498,-1.1310935020446777
0.017111875,0.0034223749999999996,5.0,1.8485862733868716,1.2423672537880048,0.04545819105596927,0.013895346751343437,6.152387581355133e-5,0.006378681819993415,0.06853540697372149,-0.08350685238838196,0.06781402975320816,0.25590959191322327,1.277448296546936,0.8488600254058838,-0.06634736061096191,-0.6230380535125732,-0.16175329685211182,-2.667942523956299,0.5484325885772705,1.5080815553665161,-1.1197690963745117
0.017111875,0.0034223749999999996,5.0,1.8476870812856925,-1.2427637398583526,0.04740437643784372,1.4173243066646105e-5,-1.4253873165048031e-5,-2.213457042929882e-7,0.06843727189018274,0.018010452389717102,0.1688915640115738,-0.09240752458572388,0.8256586790084839,0.8521621227264404,-0.7802495956420898,0.4079734683036804,0.047229915857315063,-1.2055177688598633,0.4049813747406006,1.0175548791885376,-0.8783832788467407
0.017111875,0.0034223749999999996,5.0,1.8427381548278945,-1.2378291715547047,0.04738904163322313,4.7363642936397434e-5,-4.764161376543045e-5,-7.567912592410215e-7,0.06843901048530504,0.01579153537750244,0.16972370445728302,-0.09109517931938171,0.8322544097900391,0.9145647883415222,-0.7413535118103027,0.40841376781463623,0.03412267565727234,-1.2514864206314087,0.40204310417175293,1.049201488494873,-0.8722294569015503
0.017111875,0.0034223749999999996,5.0,1.836967848247817,-1.232082340590065,0.047346981763281795,6.96969060374009e-5,-7.008172751050946e-5,-1.086269754693231e-6,0.06843884071070265,0.015466853976249695,0.16575311124324799,-0.09722840785980225,0.8184808492660522,0.8900349140167236,-0.745842695236206,0.4495311379432678,0.03960311412811279,-1.196946382522583,0.40290188789367676,0.9768913984298706,-0.8638063073158264
0.017111875,0.0034223749999999996,5.0,1.8303544112727568,-1.2254793844397567,0.04734852433147368,9.395133467353096e-5,-9.449281001238494e-5,-1.4969173124910838e-6,0.06844119547708875,0.013007909059524536,0.16629236936569214,-0.09544819593429565,0.8254510760307312,0.9624669551849365,-0.6981046199798584,0.4502198100090027,0.02493417263031006,-1.2551021575927734,0.39908456802368164,1.0198979377746582,-0.8565570116043091
0.017111875,0.0034223749999999996,5.0,1.8229174308673395,-1.2180654253652805,0.047322409296591705,0.00011884657306593895,-0.00011949620342237498,-1.839040777472467e-6,0.06844185755127674,0.011662572622299194,0.16288627684116364,-0.0999538004398346,0.815321683883667,0.9640595316886902,-0.6865582466125488,0.48647382855415344,0.025473326444625854,-1.228745460510254,0.4002368450164795,0.9734686017036438,-0.847016453742981
0.017111875,0.0034223749999999996,5.0,1.8146390545892008,-1.209805139483196,0.04731972132765961,0.00014577160851224143,-0.00014659394996315727,-2.2920962026128614e-6,0.06844448962606724,0.0090254545211792,0.1605450063943863,-0.10200858116149902,0.8118940591812134,1.0038032531738281,-0.6528370380401611,0.5137895941734314,0.018279224634170532,-1.2405177354812622,0.4004650115966797,0.9626560807228088,-0.8366867303848267
0.017111875,0.0034223749999999996,5.0,1.805537645568284,-1.2007249493424743,0.04729888900746492,0.0001714837752618208,-0.00017242097935159847,-2.6588049225994386e-6,0.06844520335096348,0.007211267948150635,0.15820914506912231,-0.10337918996810913,0.8074297308921814,1.0345863103866577,-0.6225855350494385,0.5358325839042664,0.01366373896598816,-1.2575455904006958,0.40009331703186035,0.9640533924102783,-0.8278763890266418
0.017111875,0.0034223749999999996,5.0,1.7955921714217453,-1.190817312688331,0.047279389554311456,0.00020001661596270968,-0.00020109339297455527,-3.0738900466418723e-6,0.06844790821946184,0.0032349228858947754,0.15364570915699005,-0.10805347561836243,0.7965212464332581,1.055091142654419,-0.598290205001831,0.5875276327133179,0.011180579662322998,-1.2354508638381958,0.4087941646575928,0.9119693040847778,-0.8146896362304688
0.017111875,0.0034223749999999996,5.0,1.7848246072186558,-1.1800732157881095,0.0472660628217989,0.00022954257346322383,-0.0002307550600850957,-3.501850489236571e-6,0.06844908336281998,0.001306086778640747,0.15018340945243835,-0.11055603623390198,0.7864495515823364,1.061977505683899,-0.5823299884796143,0.6214869618415833,0.013229399919509888,-1.2300753593444824,0.4156813621520996,0.8917971253395081,-0.8068313598632812
0.017111875,0.0034223749999999996,5.0,1.7732240878691456,-1.1685032954674923,0.04724642241193813,0.0002582733269919,-0.00025957828449650735,-3.858596190761579e-6,0.06844995194274908,-0.0013194382190704346,0.14499229192733765,-0.11436742544174194,0.7697228193283081,1.055576205253601,-0.5750110149383545,0.6713033318519592,0.019870638847351074,-1.2002373933792114,0.43001246452331543,0.848970890045166,-0.796867311000824
0.017111875,0.0034223749999999996,5.0,1.7607835293297225,-1.1560737145181197,0.04726577468670618,0.00028813109794216204,-0.00028972425781931195,-4.503413797822854e-6,0.06845473660057272,-0.0044394731521606445,0.1446845829486847,-0.11362195014953613,0.7737154960632324,1.1187437772750854,-0.5232071876525879,0.6865236163139343,0.003520786762237549,-1.2432643175125122,0.42502808570861816,0.8662242293357849,-0.7848982810974121
0.017111875,0.0034223749999999996,5.0,1.7475317983509029,-1.1428141517214958,0.04728118037765932,0.0003207850486551663,-0.0003226610387068381,-5.172354097480628e-6,0.06845672997727238,-0.0027505159378051758,0.14524967968463898,-0.1114480197429657,0.7728787660598755,1.1470720767974854,-0.4944577217102051,0.675794243812561,-0.00277101993560791,-1.279672384262085,0.409374475479126,0.9048983454704285,-0.7779633402824402
0.017111875,0.0034223749999999996,5.0,1.7334605440127397,-1.1287347951265208,0.04727817530713317,0.00035906313261126145,-0.00036113595302155046,-5.760349676995288e-6,0.06845566336369817,-0.0016086697578430176,0.14550402760505676,-0.10817250609397888,0.7735317945480347,1.1964994668960571,-0.4475259780883789,0.6620230078697205,-0.012270629405975342,-1.3390930891036987,0.39115071296691895,0.9670974016189575,-0.7694832682609558
0.017111875,0.0034223749999999996,5.0,1.7185464855097157,-1.1138037430276972,0.04730137390490336,0.00040152693508043363,-0.00040400808978045886,-6.681586973246843e-6,0.06845749976349548,0.00010061264038085938,0.14787933230400085,-0.10493436455726624,0.7764008045196533,1.226202130317688,-0.41878747940063477,0.6407561302185059,-0.01862025260925293,-1.3850277662277222,0.37268781661987305,1.0111955404281616,-0.7661445736885071
0.017111875,0.0034223749999999996,5.0,1.7028067959993403,-1.098066189796797,0.04729485858398763,0.0004454917527242454,-0.00044820761485356243,-7.388544382580631e-6,0.06845701299888099,0.001268148422241211,0.14677459001541138,-0.10443592071533203,0.7660157680511475,1.2255107164382935,-0.4076712131500244,0.6471390128135681,-0.013875842094421387,-1.3881828784942627,0.3671150207519531,1.0150587558746338,-0.7605793476104736
0.017111875,0.0034223749999999996,5.0,1.6862199707102095,-1.0814777677292788,0.04731673400421527,0.0004885225942589942,-0.0004916117204329036,-8.21400173867041e-6,0.0684589689369243,0.0008931457996368408,0.1462976038455963,-0.10496923327445984,0.7588121294975281,1.2059603929519653,-0.42072415351867676,0.6608720421791077,-0.0068367719650268555,-1.3670310974121094,0.3722953796386719,0.9904869794845581,-0.7603191137313843
0.017111875,0.0034223749999999996,5.0,1.6688226502266434,-1.064074930504133,0.04731095212735322,0.0005318560958834205,-0.0005351453390035626,-8.854923828023619e-6,0.06845754238967555,0.0028456151485443115,0.14311498403549194,-0.1079210638999939,0.7346917390823364,1.1299737691879272,-0.4686410427093506,0.6895029544830322,0.01576504111289978,-1.2877256870269775,0.38559985160827637,0.9181923866271973,-0.7584521770477295
0.017111875,0.0034223749999999996,5.0,1.6505876246004074,-1.0458440259746835,0.04730042331408424,0.000577927846245492,-0.0005813869570268447,-9.457355091178105e-6,0.06845625598612805,0.002713143825531006,0.14406219124794006,-0.10386636853218079,0.7376797795295715,1.1921396255493164,-0.408919095993042,0.6719566583633423,0.0038059353828430176,-1.357134222984314,0.36472201347351074,0.9799472093582153,-0.7499333620071411
0.017111875,0.0034223749999999996,5.0,1.6315247017460681,-1.0267821675372741,0.047298844741755094,0.0006269809043098454,-0.000630548815028949,-9.951239948798747e-6,0.06845410733802279,0.003932923078536987,0.14148977398872375,-0.10529810190200806,0.715187132358551,1.1142054796218872,-0.46234798431396484,0.6976975798606873,0.028868257999420166,-1.2902148962020874,0.383516788482666,0.9244624972343445,-0.7521305680274963
0.017111875,0.0034223749999999996,5.0,1.611622538626482,-1.0068583871971022,0.04732892125168157,0.0006854490563359696,-0.0006897748442698965,-1.1498351383286987e-5,0.06845674539581943,0.004841268062591553,0.14496269822120667,-0.10032665729522705,0.7271000742912292,1.1835025548934937,-0.4053483009338379,0.6614773273468018,0.011747002601623535,-1.3672422170639038,0.35653066635131836,0.9903196096420288,-0.74727463722229
0.017111875,0.0034223749999999996,5.0,1.5908836650167657,-0.9861287185601464,0.04733471648985233,0.0007393777625120544,-0.0007441335031768586,-1.2538029925023515e-5,0.06845782907669251,0.0051208436489105225,0.14223536849021912,-0.10021251440048218,0.7088529467582703,1.1490813493728638,-0.4227273464202881,0.6826348304748535,0.02742236852645874,-1.337170958518982,0.36869287490844727,0.966568112373352,-0.7446290850639343
0.017111875,0.0034223749999999996,5.0,1.5693072291589867,-0.9645769822034852,0.04732243969101917,0.0007883003179264486,-0.0007932017262881724,-1.3044460744992325e-5,0.06845792370422141,0.003483593463897705,0.14030037820339203,-0.10117581486701965,0.6957324743270874,1.1244173049926758,-0.44267725944519043,0.7078645825386047,0.03722849488258362,-1.289376974105835,0.38304662704467773,0.9148051142692566,-0.7412136793136597
0.017111875,0.0034223749999999996,5.0,1.546924370756065,-0.9421881358943606,0.047319249092091745,0.000832278590519058,-0.0008372978752579055,-1.3556180243842252e-5,0.06845559836091257,0.005177825689315796,0.1399708092212677,-0.10017481446266174,0.6820909976959229,1.0828869342803955,-0.46907639503479004,0.7100168466567993,0.05189958214759827,-1.2597960233688354,0.38666558265686035,0.8914945125579834,-0.7420206665992737
0.017111875,0.0034223749999999996,5.0,1.5236946653214487,-0.9189615768439598,0.04733269985018757,0.0008806995367990838,-0.0008860171595520769,-1.4228552854553914e-5,0.06845577005681146,0.004990965127944946,0.1383865773677826,-0.09945231676101685,0.6680805087089539,1.0614217519760132,-0.48017168045043945,0.7230716347694397,0.0637424886226654,-1.2378727197647095,0.39685869216918945,0.8701410293579102,-0.7398014068603516
0.017111875,0.0034223749999999996,5.0,1.4996364843486496,-0.89491426427586,0.047329954560221106,0.0009358932420334054,-0.000941443422755631,-1.4881130719363108e-5,0.0684552143355544,0.005430847406387329,0.1378084272146225,-0.09702721238136292,0.6573712825775146,1.0636311769485474,-0.4730844497680664,0.7239577770233154,0.07126301527023315,-1.2427353858947754,0.399031400680542,0.8753595352172852,-0.7366831302642822
0.017111875,0.0034223749999999996,5.0,1.4747471042725762,-0.8700275374395158,0.04734073387252998,0.0009880953200880845,-0.0009940863060158777,-1.5805424815943906e-5,0.06845560090749898,0.004458129405975342,0.13574860990047455,-0.09273180365562439,0.6405246257781982,1.089956283569336,-0.44251203536987305,0.7282562255859375,0.0825728178024292,-1.2782658338546753,0.4060325622558594,0.9101301431655884,-0.7315484881401062
0.017111875,0.0034223749999999996,5.0,1.4490072516603825,-0.844318716823814,0.04734752060140384,0.0010413309587303317,-0.001047697103836772,-1.654442547689872e-5,0.06845688562804454,0.0037772059440612793,0.1299174427986145,-0.09352084994316101,0.59916090965271,0.9926707148551941,-0.5169904232025146,0.7762599587440491,0.12209248542785645,-1.170543909072876,0.4525465965270996,0.8182962536811829,-0.7293390035629272
0.017111875,0.0034223749999999996,5.0,1.4224347911937996,-0.8177965734139688,0.04735580787664365,0.0010982725878150722,-0.0011047939305681746,-1.696634766095877e-5,0.06845471947054195,0.0004515647888183594,0.12469068169593811,-0.08600741624832153,0.5450335741043091,0.9708760380744934,-0.480698823928833,0.7987824082374573,0.17061641812324524,-1.2159291505813599,0.5036501884460449,0.8832681775093079,-0.7243244051933289
0.017111875,0.0034223749999999996,5.0,1.3950094808980902,-0.7904366511702666,0.0473813473553033,0.001155119486672075,-0.0011622833107370247,-1.7913304875355673e-5,0.06845445046171308,-0.005339831113815308,0.11489798873662949,-0.07662427425384521,0.4403446912765503,0.8005873560905457,-0.4906899929046631,0.835727334022522,0.2667683959007263,-1.1755547523498535,0.6108741760253906,0.9090393781661987,-0.7157467603683472
0.017111875,0.0034223749999999996,5.0,1.3667374557558474,-0.7623083316461018,0.04746801563733158,0.0012403317185833347,-0.001255385312408759,-2.6095259831994103e-5,0.06840351172427019,-0.014931857585906982,0.10928484797477722,-0.0646975040435791,0.3630101978778839,0.7848688960075378,-0.34667491912841797,0.8176546096801758,0.3336525559425354,-1.3085218667984009,0.6947619915008545,1.047996997833252,-0.706059455871582
0.017111875,0.0034223749999999996,5.0,1.3376312033889974,-0.7333320331018088,0.0474398033869536,0.001309633070734146,-0.0013262274756205839,-2.743077495283636e-5,0.06840424156896156,-0.05813857913017273,0.08695606887340546,-0.0493583083152771,0.2501906156539917,0.6527328491210938,0.22603631019592285,-0.21845372021198273,0.7039176225662231,-1.7824809551239014,0.10021615028381348,1.1489671468734741,-0.9644021987915039
0.017111875,0.0034223749999999996,5.0,1.307687823781579,-0.7034958837086023,0.04742109928865072,0.0013850851959341915,-0.0014040367883601404,-2.9189850934957057e-5,0.06840428858278713,-0.07124421000480652,0.0713341012597084,-0.05176159739494324,0.15131711959838867,0.6420871615409851,0.3264946937561035,-0.1869431585073471,0.7838289737701416,-1.8058981895446777,0.1858217716217041,1.1061348915100098,-0.9446160793304443
0.017111875,0.0034223749999999996,5.0,1.2769367681138708,-0.6728063462473662,0.04737972604718518,0.0014479063500261104,-0.0014695492382627727,-3.142277676714367e-5,0.06840293116332093,-0.08407285809516907,0.06518761068582535,-0.05689936876296997,0.07212811708450317,0.6597415208816528,0.485531210899353,-0.23582163453102112,0.8445181846618652,-1.8986579179763794,0.1873931884765625,1.0366047620773315,-0.9254702925682068
0.017111875,0.0034223749999999996,5.0,1.245356692358153,-0.6412845239107812,0.047341435596224786,0.001487955884500011,-0.001510369173722292,-3.0812016471347475e-5,0.0684042851639555,-0.09395483136177063,0.061914268881082535,-0.06277355551719666,0.019822537899017334,0.6761739253997803,0.5780690908432007,-0.2730081081390381,0.8757604360580444,-1.9052343368530273,0.19797992706298828,0.9089607000350952,-0.9036397337913513
0.017111875,0.0034223749999999996,5.0,1.2129792654679632,-0.60891692170054,0.04732291162060288,0.0015108487919608124,-0.001533727542386625,-3.0925819612291366e-5,0.06840507172299957,-0.09510466456413269,0.061461541801691055,-0.06857776641845703,0.00909423828125,0.7018617391586304,0.5767362117767334,-0.27857890725135803,0.8708829879760742,-1.8576602935791016,0.1925652027130127,0.8403778672218323,-0.8877905607223511
0.017111875,0.0034223749999999996,5.0,1.1797852794910664,-0.5757081505558361,0.04731566846534324,0.001516180613747551,-0.0015400376401023023,-3.2195144699390585e-5,0.06840469809054178,-0.09475511312484741,0.06196076050400734,-0.07213199138641357,0.003075629472732544,0.7390366196632385,0.6351618766784668,-0.3182717263698578,0.865429162979126,-1.899598479270935,0.12683653831481934,0.8293650150299072,-0.8764879703521729
0.017111875,0.0034223749999999996,5.0,1.1457431717524262,-0.5416762026008077,0.04731246940085379,0.0015019303606221787,-0.0015256708810258925,-3.16975836797787e-5,0.06840491783626067,-0.0960339903831482,0.06163393333554268,-0.07332023978233337,-0.005253612995147705,0.7383778095245361,0.6332970857620239,-0.31335189938545227,0.8664637804031372,-1.867557406425476,0.1395721435546875,0.803881824016571,-0.8690509796142578
0.017111875,0.0034223749999999996,5.0,1.1108564598460526,-0.5068242371602502,0.0473069847366148,0.001450045350241912,-0.0014722893469373537,-2.904333001299786e-5,0.06840615696865543,-0.09658488631248474,0.060870904475450516,-0.07434788346290588,-0.005726873874664307,0.7017331719398499,0.5697976350784302,-0.26546162366867065,0.8531997203826904,-1.7669051885604858,0.2289566993713379,0.7808159589767456,-0.8547550439834595
0.017111875,0.0034223749999999996,5.0,1.0751534598529515,-0.4711302362125638,0.047306948936466996,0.0014132529833102024,-0.001435678962252519,-2.9108765646100336e-5,0.06840579658886292,-0.09844410419464111,0.059236399829387665,-0.07287108898162842,-0.033957600593566895,0.7783182859420776,0.7491199970245361,-0.36391496658325195,0.8854554891586304,-1.9466135501861572,0.04013371467590332,0.8245683908462524,-0.8594821691513062
0.017111875,0.0034223749999999996,5.0,1.0386167734112646,-0.4346039861004309,0.047299120229502147,0.001375402163403197,-0.0013976460510643164,-2.8991105049576528e-5,0.06840596111923887,-0.10265311598777771,0.05850287526845932,-0.07261630892753601,-0.058163344860076904,0.8208425045013428,0.8680586814880371,-0.40914681553840637,0.9078768491744995,-2.039278507232666,-0.05776047706604004,0.8492012023925781,-0.8580650091171265
0.017111875,0.0034223749999999996,5.0,1.0381905410333216,0.4330404721702182,0.04732773617499408,-0.001412350303718184,-0.0014396774606563038,-1.4011189880478239e-5,0.06844280795955777,-0.24048754572868347,0.15707890689373016,-0.09147784113883972,0.9495574235916138,-1.4427379369735718,1.3060709238052368,1.0753381252288818,-0.0011324286460876465,-2.4178926944732666,0.8161554336547852,1.4321292638778687,-0.9536657333374023
0.017111875,0.0034223749999999996,5.0,1.0747207091962456,0.46957565546467356,0.04732790079447714,-0.0014414795266019988,-0.0014689259345597079,-1.4643835410352334e-5,0.06843987989681476,-0.23897865414619446,0.16161569952964783,-0.09007033705711365,0.9867537021636963,-1.3842841386795044,1.3123418092727661,1.0809285640716553,-0.0078095197677612305,-2.4369330406188965,0.8432497978210449,1.4143472909927368,-0.9842649102210999
0.017111875,0.0034223749999999996,5.0,1.1104169151168535,0.5052881244438763,0.04733992117857647,-0.001468270750134507,-0.0014959120186670582,-1.5043267025429208e-5,0.06843761954037142,-0.23851439356803894,0.16728626191616058,-0.08716019988059998,1.0227634906768799,-1.3546626567840576,1.3519814014434814,1.0991837978363037,-0.016043007373809814,-2.4743311405181885,0.8321437835693359,1.4259846210479736,-1.0123566389083862
0.017111875,0.0034223749999999996,5.0,1.1452774815939175,0.5401776444179684,0.04735574514988897,-0.0015025487351110274,-0.0015308185234052898,-1.5257705387037363e-5,0.06843629369594885,-0.23961934447288513,0.17446179687976837,-0.08376461267471313,1.0485284328460693,-1.3593369722366333,1.4302819967269897,1.1368893384933472,-0.023186802864074707,-2.528125762939453,0.7826790809631348,1.459183692932129,-1.031430959701538
0.017111875,0.0034223749999999996,5.0,1.1792903643765744,0.5742387616271121,0.04738395444241999,-0.001515512287456027,-0.0015439588790519987,-1.531165435065304e-5,0.06843467314485081,-0.25068190693855286,0.18414732813835144,-0.07205605506896973,1.1186575889587402,-1.3901745080947876,1.5803871154785156,1.2029882669448853,-0.061284661293029785,-2.6936168670654297,0.676222562789917,1.5857584476470947,-1.0651535987854004
0.017111875,0.0034223749999999996,5.0,1.2124822673152413,0.6074734917930199,0.047437726570402204,-0.0015240228999426175,-0.0015524553436118808,-1.4821311274685031e-5,0.06843326481973441,-0.25483235716819763,0.19413544237613678,-0.057971447706222534,1.177208423614502,-1.4187595844268799,1.7632029056549072,1.279628038406372,-0.10391438007354736,-2.8437931537628174,0.5106978416442871,1.7026071548461914,-1.0826442241668701
0.017111875,0.0034223749999999996,5.0,1.2448432680572734,0.6398781213898186,0.04750738223461522,-0.0015062486961955979,-0.0015341530808607416,-1.3874548789932092e-5,0.06843230310917649,-0.2590607702732086,0.20464104413986206,-0.03908127546310425,1.2328354120254517,-1.4579342603683472,1.982879877090454,1.3562265634536743,-0.15253406763076782,-3.018209218978882,0.29831624031066895,1.839221477508545,-1.0913913249969482
0.017111875,0.0034223749999999996,5.0,1.2764082779684558,0.671351563804444,0.047633952892207475,-0.0014699729552896626,-0.0014955334501946167,-1.3292817514107476e-5,0.06842965564900542,-0.2420969307422638,0.17462141811847687,-0.009497672319412231,1.302173137664795,-1.418404459953308,2.113706588745117,1.2930446863174438,-0.21897363662719727,-3.0725672245025635,0.04998517036437988,2.166317939758301,-1.0963913202285767
0.017111875,0.0034223749999999996,5.0,1.3071738778796862,0.7018942328804849,0.04773314123048347,-0.001408722033366617,-0.0014314119570519148,-1.3130556260659686e-5,0.06842895463435351,-0.22115251421928406,0.13039866089820862,0.03401839733123779,1.412733554840088,-1.2439141273498535,2.1136443614959717,1.1866888999938965,-0.26953279972076416,-3.127938985824585,-0.16404151916503906,2.5137219429016113,-1.1590558290481567
0.017111875,0.0034223749999999996,5.0,1.3371546120344857,0.7316103681683818,0.04784660781004366,-0.0013339716240407507,-0.0013539750131974213,-1.2799901275737605e-5,0.06842546910197002,-0.1894654631614685,0.09098907560110092,0.07248905301094055,1.44290030002594,-1.1094776391983032,2.088942527770996,1.095728874206543,-0.2615101933479309,-3.0777411460876465,-0.3762468099594116,2.7485146522521973,-1.198471188545227
0.017111875,0.0034223749999999996,5.0,1.3662575090809306,0.7604959240219448,0.04793031141145614,-0.0012649975089250472,-0.0012829634210346857,-1.2775436045055978e-5,0.06842426986699594,-0.19134995341300964,0.05126439779996872,0.17647215723991394,1.20216703414917,0.4209946095943451,1.8536982536315918,0.4871585965156555,-0.26350313425064087,-3.346701145172119,0.3650810718536377,1.7458192110061646,-0.9501323103904724
0.017111875,0.0034223749999999996,5.0,1.3944299767659947,0.7885897797459188,0.04826577185168204,-0.0011817532339975676,-0.0011902288927923836,-1.1099626783740681e-5,0.06841293709782144,-0.16504952311515808,0.019588731229305267,0.18275299668312073,1.1584396362304688,0.554686427116394,1.5818392038345337,0.2740115225315094,-0.2862732410430908,-3.151038408279419,0.37926721572875977,1.888368010520935,-0.8838593363761902
0.017111875,0.0034223749999999996,5.0,1.4218542198909159,0.8158883523836137,0.04829260095162031,-0.0011249631030423202,-0.0011315862555920126,-1.1090775481287902e-5,0.0684154351275247,-0.14204218983650208,-0.006165789440274239,0.18782374262809753,1.1123921871185303,0.666275680065155,1.3001022338867188,0.08209379017353058,-0.2963990569114685,-2.959779739379883,0.39546680450439453,1.960144281387329,-0.8276411294937134
0.017111875,0.0034223749999999996,5.0,1.4484427626814451,0.8424090997980587,0.0483440768724018,-0.0010679982236539791,-0.0010731033352463209,-1.0836900648853963e-5,0.06841456891224777,-0.12907981872558594,-0.014726463705301285,0.19570419192314148,1.1002898216247559,0.7421684861183167,1.1652644872665405,-0.009178221225738525,-0.2955928444862366,-2.8972513675689697,0.38774704933166504,1.984158992767334,-0.8162828087806702
0.017111875,0.0034223749999999996,5.0,1.474213547641287,0.8680981192124061,0.04831407390067068,-0.0010134902926614159,-0.0010184018280825634,-1.0524000700031775e-5,0.06841664710982652,-0.12265750765800476,-0.01756295934319496,0.19025996327400208,1.067535638809204,0.7218935489654541,1.1407134532928467,-0.03522827848792076,-0.2845386266708374,-2.8464598655700684,0.3763401508331299,2.0302600860595703,-0.7945090532302856
0.017111875,0.0034223749999999996,5.0,1.4991322121362671,0.8929960815452074,0.04833396001581934,-0.000959614089716905,-0.0009640876675057026,-1.0161454132227288e-5,0.06841526483861557,-0.1205826997756958,-0.013221794739365578,0.20124110579490662,1.0971918106079102,0.7966986894607544,1.1058948040008545,-0.05282355099916458,-0.2820526361465454,-2.901775360107422,0.38817501068115234,2.0284478664398193,-0.8266465067863464
0.017111875,0.0034223749999999996,5.0,1.5231880620196705,0.9170649725376507,0.048350135970921186,-0.0009000084431657674,-0.0009039949695608759,-9.61757317337902e-6,0.06841408535240093,-0.123308926820755,-0.01125162374228239,0.2032393515110016,1.0978515148162842,0.814514696598053,1.109863042831421,-0.07054075598716736,-0.2784799337387085,-2.9277026653289795,0.3926243782043457,2.0424251556396484,-0.8309302926063538
0.017111875,0.0034223749999999996,5.0,1.5464192172072806,0.9402966620118681,0.04834998236686822,-0.0008553510511376046,-0.0008590382580873402,-9.226571253536294e-6,0.06841368603881053,-0.11835458874702454,-0.007907720282673836,0.2082001268863678,1.1169281005859375,0.830024242401123,1.0367658138275146,-0.07810676097869873,-0.2672545313835144,-2.933727741241455,0.40465497970581055,2.039379358291626,-0.8610486388206482
0.017111875,0.0034223749999999996,5.0,1.568750597445537,0.9627135593750854,0.04837602365956542,-0.0008126127602803021,-0.0008158342076661142,-8.747853538357683e-6,0.06841373288089603,-0.12195715308189392,-0.006291130091995001,0.20833316445350647,1.114755630493164,0.8411312699317932,1.0445027351379395,-0.08994874358177185,-0.26563191413879395,-2.9560186862945557,0.4131157398223877,2.056974172592163,-0.8605300784111023
0.017111875,0.0034223749999999996,5.0,1.590359889169446,0.98429297606052,0.04840024536640284,-0.0007639499047828662,-0.0007668801990901216,-8.363595455748041e-6,0.06841167397937718,-0.11670753359794617,-0.0024501162115484476,0.2119990885257721,1.1257667541503906,0.847709596157074,0.9951815605163574,-0.0965941995382309,-0.25499582290649414,-2.9544734954833984,0.4096798896789551,2.0575742721557617,-0.8820701837539673
0.017111875,0.0034223749999999996,5.0,1.6111192492352513,1.005032568141783,0.04839812713999388,-0.0007094132312773536,-0.000712178072509589,-7.904654690136572e-6,0.06841143109507503,-0.11590084433555603,0.0012561618350446224,0.2163057029247284,1.1428818702697754,0.8762965202331543,0.9414536952972412,-0.1087803989648819,-0.250095009803772,-2.9714157581329346,0.4323251247406006,2.0501139163970947,-0.9038897752761841
0.017111875,0.0034223749999999996,5.0,1.6310350350760363,1.0249280429175618,0.048372732697830476,-0.0006495390382647223,-0.0006521871092481648,-7.344652474145267e-6,0.06841241296437486,-0.11810019612312317,0.0010801504831761122,0.21345141530036926,1.1327564716339111,0.8721415996551514,0.9276982545852661,-0.12868782877922058,-0.24567437171936035,-2.962509870529175,0.44823336601257324,2.0686285495758057,-0.8981308937072754
0.017111875,0.0034223749999999996,5.0,1.650052369552989,1.0440137371807097,0.04838708947505144,-0.0005996817041439394,-0.000601921061093148,-6.811337901223089e-6,0.06841237235880165,-0.12163251638412476,0.003012966364622116,0.21399298310279846,1.1340510845184326,0.8847072720527649,0.925141453742981,-0.14399433135986328,-0.24582332372665405,-2.9838809967041016,0.461712121963501,2.08192777633667,-0.8992626667022705
0.017111875,0.0034223749999999996,5.0,1.6683026700109482,1.0622696262873252,0.04840084203553286,-0.0005514704362509209,-0.0005534298894467955,-6.361947846486919e-6,0.06841140485244585,-0.12216323614120483,0.006734192371368408,0.21581533551216125,1.1445859670639038,0.8913364410400391,0.8904144763946533,-0.1579444259405136,-0.2434362769126892,-2.9969403743743896,0.4785470962524414,2.0831992626190186,-0.9120367169380188
0.017111875,0.0034223749999999996,5.0,1.6856961013337286,1.0796919680470332,0.04840196581339178,-0.000509647301623513,-0.0005113928613864184,-5.9509752725915385e-6,0.06841149419859759,-0.12369099259376526,0.011625328101217747,0.22051963210105896,1.1649055480957031,0.9238012433052063,0.840889573097229,-0.17630411684513092,-0.24219101667404175,-3.02028226852417,0.5108640193939209,2.070957899093628,-0.933402955532074
0.017111875,0.0034223749999999996,5.0,1.7022844525659118,1.0962747800366444,0.04839638955789146,-0.00046653639303429704,-0.00046811705819975637,-5.477247814280135e-6,0.06841167076281825,-0.1263132095336914,0.014674982987344265,0.22322574257850647,1.1662280559539795,0.9427030086517334,0.8459413051605225,-0.19216418266296387,-0.2429611086845398,-3.0427300930023193,0.5114119052886963,2.086294412612915,-0.9340468049049377
0.017111875,0.0034223749999999996,5.0,1.718039244944907,1.1120342636342422,0.04839327076324908,-0.0004221350800424053,-0.0004235653424499199,-5.00697814509626e-6,0.06841191542126326,-0.1266595721244812,0.01815130189061165,0.2234390676021576,1.1721818447113037,0.9455626010894775,0.8177101612091064,-0.20581872761249542,-0.24093782901763916,-3.049074411392212,0.5257985591888428,2.0853633880615234,-0.9418832659721375
0.017111875,0.0034223749999999996,5.0,1.7329603814737344,1.1269527364656937,0.048374322795563314,-0.000378941629973633,-0.0003802512447222631,-4.530056884313167e-6,0.06841310175539778,-0.12535491585731506,0.019128572195768356,0.21945014595985413,1.1678836345672607,0.9179707765579224,0.7762285470962524,-0.22994863986968994,-0.2344970703125,-3.022077798843384,0.5387029647827148,2.0849449634552,-0.9438279867172241
0.017111875,0.0034223749999999996,5.0,1.7470518010866032,1.1410475482541238,0.0483619781702393,-0.00034040156604552685,-0.00034159400365311305,-4.1004301340341405e-6,0.06841401249241759,-0.11912700533866882,0.019789330661296844,0.21194282174110413,1.1638389825820923,0.8492399454116821,0.6922657489776611,-0.25237536430358887,-0.22120487689971924,-2.9583656787872314,0.5505239963531494,2.068782091140747,-0.9526227712631226
0.017111875,0.0034223749999999996,5.0,1.7603313545939645,1.1543065363678553,0.048344034442597,-0.00030663660115476247,-0.000307754213036353,-3.7170689696959324e-6,0.06841529741869484,-0.11221644282341003,0.021297361701726913,0.20739075541496277,1.1644084453582764,0.7956481575965881,0.6080608367919922,-0.2719425857067108,-0.21027201414108276,-2.901294708251953,0.5527651309967041,2.049692392349243,-0.963698148727417
0.017111875,0.0034223749999999996,5.0,1.772791274995659,1.1667380497060638,0.048344848768466085,-0.00027600509224129876,-0.00027702011757102377,-3.3410855368157293e-6,0.06841522104007307,-0.10997062921524048,0.026026014238595963,0.2119561731815338,1.1841976642608643,0.8112355470657349,0.55220627784729,-0.283741295337677,-0.20980846881866455,-2.9008445739746094,0.5609312057495117,2.0252153873443604,-0.983696699142456
0.017111875,0.0034223749999999996,5.0,1.7844055264047114,1.1783446266624205,0.048369216327757515,-0.0002466517271403272,-0.00024753081076721745,-2.967443091159156e-6,0.06841425963584181,-0.10891059041023254,0.03234747424721718,0.22306981682777405,1.217284917831421,0.860966145992279,0.49829328060150146,-0.2872789800167084,-0.2126634120941162,-2.9247610569000244,0.5643854141235352,1.9878652095794678,-1.013712763786316
0.017111875,0.0034223749999999996,5.0,1.79516802830371,1.189122928359982,0.048404527512856704,-0.00021628079225388731,-0.00021699129337048262,-2.5897653416304103e-6,0.06841264402666089,-0.1049017608165741,0.03708018735051155,0.230162113904953,1.2413966655731201,0.8680034875869751,0.4248178005218506,-0.29037904739379883,-0.21064221858978271,-2.911383867263794,0.556154727935791,1.942092776298523,-1.039459466934204
0.017111875,0.0034223749999999996,5.0,1.805111860029223,1.1990761361799025,0.04845167498158006,-0.00018674099754629531,-0.00018731153638504636,-2.206715111182993e-6,0.06841069060339541,-0.10058674216270447,0.04288450628519058,0.23876097798347473,1.2668039798736572,0.8792741298675537,0.34531235694885254,-0.2912868857383728,-0.20778334140777588,-2.8903143405914307,0.5418331623077393,1.8810970783233643,-1.067267656326294
0.017111875,0.0034223749999999996,5.0,1.8142238215261848,1.208188485078321,0.0484695813791537,-0.00015991221544269868,-0.0001603970787235412,-1.8694647541212575e-6,0.06841038938343713,-0.0994202196598053,0.04789330065250397,0.24531474709510803,1.2858340740203857,0.893920361995697,0.2982182502746582,-0.2951560914516449,-0.20810556411743164,-2.888378381729126,0.5343446731567383,1.8407050371170044,-1.085677146911621
0.017111875,0.0034223749999999996,5.0,1.8225007369849022,1.2164780187504578,0.048508005443201344,-0.0001319933534255323,-0.00013237610668893543,-1.5184277548582134e-6,0.0684090789857639,-0.09462761878967285,0.053261227905750275,0.25113973021507263,1.3037288188934326,0.8786643147468567,0.21478796005249023,-0.2985871434211731,-0.20315104722976685,-2.843264579772949,0.5111825466156006,1.7668381929397583,-1.1079260110855103
0.017111875,0.0034223749999999996,5.0,1.8299399711677151,1.2239250285264838,0.04851762313760904,-0.00010600383907775119,-0.00010630538219200883,-1.2071215806918728e-6,0.06840886355729704,-0.09603998064994812,0.05823802202939987,0.25793638825416565,1.3207509517669678,0.9062901735305786,0.19148874282836914,-0.30217862129211426,-0.20548635721206665,-2.8591597080230713,0.5082416534423828,1.7374565601348877,-1.1224479675292969
0.017111875,0.0034223749999999996,5.0,1.8365621258867442,1.2305445096833354,0.048536245946117614,-7.971976989843376e-5,-7.995236503309149e-5,-8.895376560584589e-7,0.06840882692573427,-0.08917438983917236,0.061341796070337296,0.2577105462551117,1.3239150047302246,0.8523796796798706,0.10809993743896484,-0.3083932101726532,-0.1984846591949463,-2.7770912647247314,0.47518396377563477,1.6586428880691528,-1.1318914890289307
0.017111875,0.0034223749999999996,5.0,1.8423175387893787,1.2363420675960062,0.04858057530064223,-5.5217700532443865e-5,-5.5361921569629705e-5,-6.157541772468746e-7,0.06840690291257479,-0.09312629699707031,0.0661504939198494,0.265377014875412,1.3417587280273438,0.8977592587471008,0.10788369178771973,-0.31095558404922485,-0.20242279767990112,-2.818588972091675,0.48127102851867676,1.6476517915725708,-1.1458241939544678
0.017111875,0.0034223749999999996,5.0,1.8472654232180878,1.2413058451994476,0.048617141428814195,-3.091882905892722e-5,-3.0998249745645446e-5,-3.401753018602094e-7,0.06840615766664242,-0.08614104986190796,0.06766103208065033,0.26216551661491394,1.3373610973358154,0.8319075107574463,0.03565382957458496,-0.31901684403419495,-0.19590848684310913,-2.7279887199401855,0.4466862678527832,1.5745116472244263,-1.1472384929656982
0.017111875,0.0034223749999999996,5.0,1.8178634316603668,-1.2467868279699907,0.030127628165873124,-0.014056876730105443,-0.00015893998552465722,-0.006482471157835063,0.06858753331528937,0.02959086000919342,0.143252432346344,-0.09069803357124329,0.7869842648506165,1.0065401792526245,-0.6017739772796631,0.48307013511657715,0.014513075351715088,-1.2080128192901611,0.22399568557739258,1.2909300327301025,-0.8100501894950867
0.017111875,0.0034223749999999996,5.0,1.8133411866848583,-1.242282383521533,0.03008209058185889,-0.007580225367072871,-8.551115826518614e-5,-0.003495358943315001,0.06858808190167442,0.028185993432998657,0.14529156684875488,-0.08969199657440186,0.788131594657898,1.0452982187271118,-0.5914294719696045,0.4812234044075012,0.01086723804473877,-1.2618058919906616,0.29056620597839355,1.2805675268173218,-0.8073265552520752
0.017111875,0.0034223749999999996,5.0,1.8079863539479213,-1.2369379280337067,0.030055403662564588,-0.006225116395804369,-7.013535494744247e-5,-0.002870338737388435,0.06858840470585004,0.02667248249053955,0.1433563083410263,-0.09074968099594116,0.7814306020736694,1.0748791694641113,-0.5622155666351318,0.49928781390190125,0.006268143653869629,-1.2752692699432373,0.29918646812438965,1.2668232917785645,-0.7961442470550537
0.017111875,0.0034223749999999996,5.0,1.8017997396158467,-1.2307582478128807,0.03003732815774007,-0.005630217292072004,-6.337831979981109e-5,-0.0025959436227036814,0.06858861648380304,0.025212660431861877,0.142642542719841,-0.09157741069793701,0.7793869972229004,1.0951751470565796,-0.5435421466827393,0.5118030309677124,0.0019244551658630371,-1.284880518913269,0.30426526069641113,1.2559534311294556,-0.7898359298706055
0.017111875,0.0034223749999999996,5.0,1.794780289267188,-1.2237383210468702,0.030038911523821186,-0.005278358085471096,-5.943021205068496e-5,-0.002433734857280536,0.06858860733250773,0.023372367024421692,0.13893702626228333,-0.09444203972816467,0.767134428024292,1.1012781858444214,-0.5272579193115234,0.5469951033592224,0.003537297248840332,-1.2704650163650513,0.3114752769470215,1.2201958894729614,-0.779273509979248
0.017111875,0.0034223749999999996,5.0,1.786930533391024,-1.2158922179077243,0.03002974403412117,-0.005048953510287299,-5.682609969038859e-5,-0.0023279241718552044,0.06858872321200468,-0.2925533354282379,-0.3068861663341522,-0.8263909816741943,-1.1177750825881958,-0.7360700964927673,-0.1230459213256836,0.2581600844860077,1.5380640029907227,3.0401687622070312,-1.0445895195007324,2.073570489883423,-0.4380783140659332
0.017111875,0.0034223749999999996,5.0,1.7782494708071537,-1.2072145523601006,0.030021320085952416,-0.00485284521492042,-5.460206625504683e-5,-0.0022374739807181202,0.06858883349930779,-0.29124322533607483,-0.31895333528518677,-0.8509842157363892,-1.1099302768707275,-0.8168365955352783,-0.17264699935913086,0.22899335622787476,1.52946138381958,3.0730881690979004,-1.0773862600326538,2.0925302505493164,-0.4377468228340149
0.017111875,0.0034223749999999996,5.0,1.76873691608917,-1.1977040616073331,0.03001647166479601,-0.00470280929830337,-5.290659603804593e-5,-0.002168285490722716,0.06858890422172692,-0.29061296582221985,-0.32415130734443665,-0.8617438077926636,-1.1062628030776978,-0.8521732091903687,-0.19440960884094238,0.21673934161663055,1.5255720615386963,3.0871529579162598,-1.0917304754257202,2.100914478302002,-0.4377119541168213
0.017111875,0.0034223749999999996,5.0,1.7583930520116169,-1.1873621565424266,0.030012298244716958,-0.004568731735232681,-5.139373353224548e-5,-0.0021064581920504674,0.06858898029387031,-0.2896709144115448,-0.33121562004089355,-0.876305103302002,-1.1007789373397827,-0.9002321362495422,-0.22455334663391113,0.19958876073360443,1.5199756622314453,3.106438636779785,-1.1117733716964722,2.111323833465576,-0.43784552812576294
0.017111875,0.0034223749999999996,5.0,1.7472181570200882,-1.1761899267750069,0.030006394790144997,-0.0044338409170422465,-4.98636614382762e-5,-0.0020442458835206786,0.06858908150860703,-0.2902055084705353,-0.3278352618217468,-0.8693684339523315,-1.1042108535766602,-0.8771350979804993,-0.21037697792053223,0.20853039622306824,1.5237290859222412,3.0973663330078125,-1.1028785705566406,2.1063332557678223,-0.4380479156970978
0.017111875,0.0034223749999999996,5.0,1.7352112964349422,-1.1641827303212373,0.03000887652574702,-0.00430434764338398,-4.841764343476687e-5,-0.0019845609623140147,0.068589104513382,-0.2909410893917084,-0.3230704665184021,-0.8594497442245483,-1.1091845035552979,-0.8441333770751953,-0.19071412086486816,0.22088636457920074,1.5295815467834473,3.0847525596618652,-1.0908393859863281,2.0984914302825928,-0.4387507438659668
0.017111875,0.0034223749999999996,5.0,1.7223741674483704,-1.1513484668764105,0.030002446370425057,-0.004177507592280216,-4.69732871239434e-5,-0.0019260528088238787,0.06858920928324722,-0.29078659415245056,-0.32477614283561707,-0.8627131581306458,-1.1088331937789917,-0.8547837734222412,-0.19818830490112305,0.21673107147216797,1.529724359512329,3.0897018909454346,-1.096450924873352,2.099994421005249,-0.4392893612384796
0.017111875,0.0034223749999999996,5.0,1.708704976993141,-1.1376774525515432,0.03000744717169775,-0.004058950737776677,-4.565463900643912e-5,-0.0018714054056951626,0.06858917345770398,-0.2914333641529083,-0.3206886053085327,-0.8541277647018433,-1.1133198738098145,-0.8262825012207031,-0.18153882026672363,0.22718462347984314,1.5350031852722168,3.079087257385254,-1.0864993333816528,2.092801809310913,-0.43992382287979126
0.017111875,0.0034223749999999996,5.0,1.6942054008425544,-1.1231798675419409,0.030002590182984606,-0.003919251128328351,-4.407039748853605e-5,-0.00180697873280747,0.06858922802516851,-0.2912781536579132,-0.32207226753234863,-0.856861412525177,-1.1123837232589722,-0.8354731798171997,-0.18712902069091797,0.2236746996641159,1.5339148044586182,3.082899570465088,-1.0901952981948853,2.0948503017425537,-0.43981754779815674
0.017111875,0.0034223749999999996,5.0,1.678873687135247,-1.1078460973150321,0.030008681511836485,-0.00375017094462198,-4.21836155227255e-5,-0.0017290436449149185,0.06858917695877575,-0.29087796807289124,-0.3245268762111664,-0.8620538115501404,-1.1093791723251343,-0.8527259230613708,-0.196915864944458,0.21737276017665863,1.5307271480560303,3.089568853378296,-1.096320390701294,2.0992894172668457,-0.4397353529930115
0.017111875,0.0034223749999999996,5.0,1.6627109047759168,-1.091680990699952,0.030014450741352873,-0.003575920682697539,-4.0239267592056795e-5,-0.0016487224741701411,0.06858910002164534,-0.29065969586372375,-0.3261610269546509,-0.8654401302337646,-1.1080002784729004,-0.8639331459999084,-0.20352506637573242,0.21360687911510468,1.529303789138794,3.0940163135528564,-1.1005805730819702,2.1021504402160645,-0.4397534132003784
0.017111875,0.0034223749999999996,5.0,1.6457177626278892,-1.0746903031569301,0.030008510772670048,-0.0033865880089024246,-3.8097972913154145e-5,-0.0015614077214568666,0.0685891824191833,-0.2905485928058624,-0.327271431684494,-0.8675452470779419,-1.1075820922851562,-0.8709868788719177,-0.20828533172607422,0.21100232005119324,1.5291078090667725,3.097194194793701,-1.1040992736816406,2.103261947631836,-0.4400036334991455
0.017111875,0.0034223749999999996,5.0,1.6278931622079957,-1.0568664870764573,0.030006860498050583,-0.003213847476444437,-3.6150820672815306e-5,-0.0014817565445834266,0.06858920856798069,-0.2905046045780182,-0.3276037871837616,-0.8681888580322266,-1.107257604598999,-0.8732752203941345,-0.20947647094726562,0.21026046574115753,1.5287737846374512,3.0981175899505615,-1.1048784255981445,2.103888511657715,-0.4400074779987335
0.017111875,0.0034223749999999996,5.0,1.6092369603156467,-1.038208959558692,0.03001025345450862,-0.003026424706984538,-3.40505460692137e-5,-0.0013953516155806639,0.06858917029523483,-0.2915833294391632,-0.32032474875450134,-0.8530867099761963,-1.114146113395691,-0.8234975337982178,-0.17893195152282715,0.2293994277715683,1.5369689464569092,3.079071521759033,-1.0861161947250366,2.0925309658050537,-0.4410545825958252
0.017111875,0.0034223749999999996,5.0,1.5897498788694915,-1.0187224200105,0.030009144567879276,-0.002855373350887986,-3.2123761786478886e-5,-0.00131648394582756,0.06858918728710847,-0.29157355427742004,-0.3205873966217041,-0.8535053730010986,-1.1141985654830933,-0.8250465989112854,-0.17991876602172852,0.22887077927589417,1.5371613502502441,3.0798394680023193,-1.0870082378387451,2.0927846431732178,-0.4412001967430115
0.017111875,0.0034223749999999996,5.0,1.5694316918492228,-0.9984048877963541,0.03000758547654225,-0.002644422804187607,-2.974654496942694e-5,-0.0012192182034617026,0.06858920321982095,-0.29149797558784485,-0.32116347551345825,-0.8545923233032227,-1.1136761903762817,-0.8288934826850891,-0.18190932273864746,0.22753752768039703,1.536696434020996,3.0813746452331543,-1.0883147716522217,2.0939242839813232,-0.4412785470485687
0.017111875,0.0034223749999999996,5.0,1.5482820481890047,-0.9772550071003997,0.030008397558527425,-0.0024325708591611344,-2.736672168865175e-5,-0.0011215445208296552,0.06858919475792098,-0.29126879572868347,-0.32263290882110596,-0.8578742742538452,-1.11181640625,-0.8399800658226013,-0.18727731704711914,0.2244841456413269,1.5343124866485596,3.085045099258423,-1.091342568397522,2.097931385040283,-0.44082751870155334
0.017111875,0.0034223749999999996,5.0,1.5263009230021247,-0.9552716908628786,0.03001370046816988,-0.002228028080601815,-2.5075728151383522e-5,-0.0010272485935630758,0.06858912072368428,-0.2911466658115387,-0.3238447308540344,-0.860271692276001,-1.1114213466644287,-0.8477067947387695,-0.19257235527038574,0.2215927094221115,1.5342555046081543,3.088513135910034,-1.0949759483337402,2.0992372035980225,-0.4412015676498413
0.017111875,0.0034223749999999996,5.0,1.5034889717066735,-0.9324602381176336,0.030012580974089334,-0.002042498151726242,-2.2987673462269427e-5,-0.0009417064466789552,0.06858914428431848,-0.2910707890987396,-0.3246321678161621,-0.8617804050445557,-1.1112412214279175,-0.8526318669319153,-0.19579482078552246,0.21981537342071533,1.5344080924987793,3.09072208404541,-1.0972998142242432,2.1002848148345947,-0.44155746698379517
0.017111875,0.0034223749999999996,5.0,1.4798459978608138,-0.9088181550936855,0.030010397879036498,-0.001872041709044355,-2.10655948261348e-5,-0.0008631099003105917,0.06858917978956414,-0.2910463511943817,-0.3249371349811554,-0.8623033761978149,-1.1112430095672607,-0.854484498500824,-0.19692397117614746,0.21916304528713226,1.534627914428711,3.0915327072143555,-1.0982009172439575,2.1007134914398193,-0.44178396463394165
0.017111875,0.0034223749999999996,5.0,1.4553720004445994,-0.8843461500423913,0.030005392386006545,-0.0016664414652904924,-1.8746248444629825e-5,-0.0007683101238475182,0.06858923391600703,-0.2909029424190521,-0.32604119181632996,-0.8644752502441406,-1.1104048490524292,-0.8618755340576172,-0.2013559341430664,0.21636644005775452,1.5337862968444824,3.0944392681121826,-1.1009612083435059,2.1024529933929443,-0.44181787967681885
0.017111875,0.0034223749999999996,5.0,1.4300667089680237,-0.8590425816646673,0.030000891358876958,-0.0014784901074407838,-1.6629055685455026e-5,-0.0006816502977629497,0.06858927874960948,-0.29337021708488464,-0.3084297776222229,-0.8281154036521912,-1.1268641948699951,-0.7429094314575195,-0.12687015533447266,0.26532647013664246,1.5554041862487793,3.048164129257202,-1.055594563484192,2.0772743225097656,-0.4463757872581482
0.017111875,0.0034223749999999996,5.0,1.4039297664495558,-0.8329058403817884,0.03000109596029146,-0.001293499099305742,-1.4550338196754757e-5,-0.0005963614110629127,0.06858929377286739,-0.29350605607032776,-0.30836379528045654,-0.8275964260101318,-1.1284961700439453,-0.7419431209564209,-0.12537717819213867,0.2676015794277191,1.558685064315796,3.048126697540283,-1.0553749799728394,2.0780255794525146,-0.4480232894420624
0.017111875,0.0034223749999999996,5.0,1.3769598561373217,-0.8059304816134418,0.03001891974213941,-0.0011318334111947916,-1.2749521471356611e-5,-0.000521841903382826,0.06858920105685663,-0.29366371035575867,-0.30962616205215454,-0.8291537761688232,-1.1311357021331787,-0.7486560940742493,-0.12852954864501953,0.26731887459754944,1.563340187072754,3.0517969131469727,-1.0589873790740967,2.0799641609191895,-0.4500613212585449
0.017111875,0.0034223749999999996,5.0,1.3491607587717156,-0.7781343195539714,0.03001388446665032,-0.0010013020361268775,-1.1277635126168377e-5,-0.0004616544701721935,0.06858931206170622,-0.2939075529575348,-0.31129539012908936,-0.8311086893081665,-1.1350934505462646,-0.7574758529663086,-0.1323254108428955,0.2668627202510834,1.5695397853851318,3.056264638900757,-1.0635615587234497,2.082805871963501,-0.45232588052749634
0.017111875,0.0034223749999999996,5.0,1.3205302237371785,-0.7495059658805769,0.030010678160535532,-0.000827099093017191,-9.317136736257056e-6,-0.00038133477536890704,0.0685894099552608,-0.29418960213661194,-0.31289100646972656,-0.8330925703048706,-1.1396883726119995,-0.7666351795196533,-0.13457608222961426,0.26841169595718384,1.5767195224761963,3.05991530418396,-1.0672870874404907,2.08766770362854,-0.45495036244392395
0.017111875,0.0034223749999999996,5.0,1.2910682124797053,-0.7200448261680124,0.03001141191057338,-0.0006921142788950964,-7.798887765118937e-6,-0.0003190984120278295,0.06858949012592802,-0.2943700850009918,-0.3147803246974945,-0.835580587387085,-1.143670916557312,-0.7771812081336975,-0.13905906677246094,0.26760730147361755,1.5828783512115479,3.0642967224121094,-1.0725116729736328,2.091318130493164,-0.45715585350990295
0.017111875,0.0034223749999999996,5.0,1.2607755939943364,-0.6897551401329267,0.030005483773278423,-0.0005206407810446433,-5.866119440245972e-6,-0.00024003767986843883,0.06858960451285151,-0.29458311200141907,-0.31669262051582336,-0.8382188081741333,-1.1477906703948975,-0.7880380749702454,-0.14386534690856934,0.2662496864795685,1.5883655548095703,3.0688154697418213,-1.0779629945755005,2.09476375579834,-0.45855259895324707
0.017111875,0.0034223749999999996,5.0,1.2296516665573771,-0.6586327898403703,0.03000254081753863,-0.00033087906988769694,-3.7278233301357026e-6,-0.0001525486343708549,0.06858965824212811,-0.2946988046169281,-0.318828284740448,-0.8419073820114136,-1.1504521369934082,-0.8013262748718262,-0.14969110488891602,0.2636965215206146,1.5920250415802002,3.0746402740478516,-1.0832327604293823,2.0991506576538086,-0.45961982011795044
0.017111875,0.0034223749999999996,5.0,1.1976964058940827,-0.6266777664168017,0.030002271755459144,-0.00015897534525271474,-1.7911814448689863e-6,-7.329395905286179e-5,0.06858967313964406,-0.2947781980037689,-0.31909066438674927,-0.8421204090118408,-1.1521912813186646,-0.8027433156967163,-0.1493091583251953,0.26480188965797424,1.594970941543579,3.074632406234741,-1.0837680101394653,2.1007397174835205,-0.4608319401741028
0.017111875,0.0034223749999999996,5.0,1.1649101226803802,-0.5938924400155967,0.029999453845249845,8.889093038650864e-6,1.0014347500880764e-7,4.098205690494253e-6,0.06858969893689784,-0.29454532265663147,-0.3209468126296997,-0.8461986780166626,-1.150471568107605,-0.8169686198234558,-0.15467333793640137,0.2614749073982239,1.592820405960083,3.0787220001220703,-1.0866166353225708,2.1072232723236084,-0.4605027139186859
0.017111875,0.0034223749999999996,5.0,1.1312926749396153,-0.5602756156665791,0.02999736254544778,0.000177485593130755,1.999094918168727e-6,8.18272673330905e-5,0.06858970941524103,-0.29420390725135803,-0.3223234713077545,-0.8493670225143433,-1.1475465297698975,-0.8264912962913513,-0.1622600555419922,0.25545215606689453,1.588604211807251,3.082359552383423,-1.0906617641448975,2.1078431606292725,-0.4592526853084564
0.017111875,0.0034223749999999996,5.0,1.0968440681795024,-0.5258277520400189,0.029994643570119866,0.00036194155166963425,4.075634877181347e-6,0.00016686747574149303,0.06858972242067606,-0.29405727982521057,-0.32293611764907837,-0.8508204817771912,-1.146239995956421,-0.8306976556777954,-0.16576194763183594,0.25260061025619507,1.5866646766662598,3.084080696105957,-1.0925318002700806,2.107999801635742,-0.4586387872695923
0.017111875,0.0034223749999999996,5.0,1.061564410514449,-0.49054924028567914,0.029990757775159912,0.0004997235322060656,5.624999519796128e-6,0.0002303881039425905,0.0685897493605222,-0.2938246428966522,-0.32431626319885254,-0.8540623188018799,-1.144048810005188,-0.8399856686592102,-0.17300701141357422,0.2474123239517212,1.5835843086242676,3.088627576828003,-1.0970826148986816,2.1087486743927,-0.4577999413013458
0.017111875,0.0034223749999999996,5.0,1.0254534398180162,-0.4544391397062287,0.029987724248106022,0.0006572296045873156,7.3957190066992925e-6,0.00030300191904672144,0.0685897674933663,-0.2937030494213104,-0.32505783438682556,-0.8557300567626953,-1.1430113315582275,-0.8449866771697998,-0.17691373825073242,0.24467666447162628,1.5818331241607666,3.090686798095703,-1.09957754611969,2.109309673309326,-0.4571077823638916
0.017111875,0.0034223749999999996,5.0,0.9885102201866243,-0.41749389558157873,0.029994350029306845,0.0008242584821831771,9.280304511108877e-6,0.0003800089813776042,0.06858975163889304,-0.29355576634407043,-0.32581987977027893,-0.8574507236480713,-1.1417171955108643,-0.8501061797142029,-0.18104076385498047,0.24174267053604126,1.579793930053711,3.092860698699951,-1.1022459268569946,2.10970139503479,-0.45638343691825867
0.017111875,0.0034223749999999996,5.0,0.9507368053860182,-0.37972128460138516,0.02999166634415312,0.0010110132787147042,1.137985890537536e-5,0.000466106553486488,0.06858976784089355,-0.2933976948261261,-0.32654812932014465,-0.8591318130493164,-1.1402475833892822,-0.8550095558166504,-0.18515825271606445,0.23867811262607574,1.5774953365325928,3.095031976699829,-1.1048047542572021,2.109839916229248,-0.4555751085281372
0.017111875,0.0034223749999999996,5.0,0.912128139333785,-0.3411053575448157,0.03001993581357075,0.0011801223091564503,1.3315027660739083e-5,0.0005441019736981999,0.06858971214445259,-0.2932279407978058,-0.3272342085838318,-0.8607568740844727,-1.13860285282135,-0.8596540689468384,-0.18922924995422363,0.23548723757266998,1.5749330520629883,3.0971672534942627,-1.107187271118164,2.109720230102539,-0.45467737317085266
0.017111875,0.0034223749999999996,5.0,0.8726914010305035,-0.3016681887218081,0.030022629494207337,0.0013174109736232733,1.4870386813067357e-5,0.0006074043417147295,0.06858972551859763,-0.2932223379611969,-0.3277610242366791,-0.862136721611023,-1.1384284496307373,-0.8640865087509155,-0.1909487247467041,0.23503313958644867,1.574279546737671,3.0985984802246094,-1.1084048748016357,2.1118483543395996,-0.4542345106601715
0.017111875,0.0034223749999999996,5.0,0.8324232277101538,-0.2613986636653933,0.03002726984612866,0.0014530909756488468,1.6415251130337054e-5,0.0006699685156864403,0.06858969715111142,-0.29345861077308655,-0.32731929421424866,-0.8614554405212402,-1.1401445865631104,-0.8620005249977112,-0.1875169277191162,0.2381664365530014,1.576322317123413,3.0975229740142822,-1.1063774824142456,2.113532304763794,-0.45457735657691956
0.017111875,0.0034223749999999996,5.0,0.7913244651129796,-0.22030067633010916,0.030025485754432514,0.0016769369923908385,1.8951368719544482e-5,0.0007731827370348269,0.06858967198918528,-0.29340794682502747,-0.32746422290802,-0.8622870445251465,-1.139223337173462,-0.8642387986183167,-0.18818449974060059,0.23737500607967377,1.5747344493865967,3.098111152648926,-1.1055964231491089,2.1145987510681152,-0.45394450426101685
0.017111875,0.0034223749999999996,5.0,0.74939408227632,-0.17836994762934383,0.03002736000946386,0.0018272838787308046,2.066319979057112e-5,0.000842514202460714,0.06858964888339321,-0.09845408797264099,0.05076466500759125,-0.07785379886627197,-0.08369848132133484,0.7040473222732544,0.7234759330749512,-0.2725437581539154,0.8576604127883911,-1.8488136529922485,0.17725038528442383,0.9645888805389404,-0.78056401014328
0.017111875,0.0034223749999999996,5.0,0.7066329290202076,-0.13560869747824464,0.030028204933749865,0.0019458932852843224,2.2006479161278647e-5,0.0008972062823881991,0.06858964042200866,-0.09966591000556946,0.05228307470679283,-0.07878163456916809,-0.08546599745750427,0.70075523853302,0.71357262134552,-0.2615871727466583,0.8578237295150757,-1.815697431564331,0.1890547275543213,0.9537508487701416,-0.7789497971534729
0.017111875,0.0034223749999999996,5.0,0.6630415069546912,-0.0920182987257845,0.03002331285885198,0.001973486976662761,2.230606456509293e-5,0.000909918796382415,0.06858965830151456,-0.10718485713005066,0.05281197652220726,-0.0771697461605072,-0.09755879640579224,0.6668725609779358,0.6579850912094116,-0.16998912394046783,0.8652980327606201,-1.681456446647644,0.2934563159942627,0.9275592565536499,-0.7739526629447937
0.017111875,0.0034223749999999996,5.0,0.6186193344606873,-0.0475936283810125,0.030025336638147368,0.0018168724512874685,2.050846095666755e-5,0.0008377027685584914,0.06858952986743293,-0.29183515906333923,-0.33066117763519287,-0.8710887432098389,-1.123011827468872,-0.890232264995575,-0.20966386795043945,0.2187727838754654,1.552912712097168,3.1062464714050293,-1.1147044897079468,2.1133432388305664,-0.448479026556015
0.017111875,0.0034223749999999996,5.0,0.5733723135648424,-0.002363725463531911,0.029964188353786607,-1.443468744644493e-6,-1.620486721857703e-8,-6.6546671793873e-7,0.06858977509844857,-0.2907239496707916,-0.3334376811981201,-0.8781335353851318,-1.1130456924438477,-0.9103168845176697,-0.22968459129333496,0.20394621789455414,1.538390874862671,3.1135401725769043,-1.124906301498413,2.1111958026885986,-0.4439925253391266
0.017111875,0.0034223749999999996,5.0,0.6186218875925955,0.04291512971929698,0.030019139234783488,-0.0018199243004529864,-2.0498920783425885e-5,-0.0008391091418266046,0.06858929365549142,-0.17977014183998108,0.0487159788608551,-0.11037695407867432,0.3320849537849426,-1.2403521537780762,1.042399525642395,1.796273946762085,-0.06603497266769409,-1.6570171117782593,0.1323850154876709,0.6816243529319763,-0.27149873971939087
0.017111875,0.0034223749999999996,5.0,0.6630458662091556,0.08734110641248218,0.03002092006264849,-0.0019766225467540456,-2.2254665866450266e-5,-0.0009113851422056452,0.06858900507957011,-0.20710772275924683,0.07668738067150116,-0.120004802942276,0.4706653356552124,-1.420170783996582,0.9436326026916504,1.5027155876159668,-0.060679614543914795,-1.8294899463653564,0.7436842918395996,1.0769901275634766,-0.4119075536727905
0.017111875,0.0034223749999999996,5.0,0.7066379436927628,0.1309365208574446,0.030026059984723467,-0.0019493481850757631,-2.1947299221924533e-5,-0.0008988318323362937,0.06858884951482376,-0.22307336330413818,0.10412246733903885,-0.09199228882789612,0.7097285985946655,-1.5614701509475708,1.2273842096328735,1.3211848735809326,-0.04550909996032715,-2.212784767150879,0.7379176616668701,1.3477280139923096,-0.668150007724762
0.017111875,0.0034223749999999996,5.0,0.7493988044280095,0.1736982407962383,0.03002676354432328,-0.0018313072020524725,-2.0618662100046615e-5,-0.0008444105884263655,0.06858881449688312,-0.23110345005989075,0.11855863779783249,-0.08986064791679382,0.7236207723617554,-1.6321892738342285,1.2655583620071411,1.284764289855957,-0.03506910800933838,-2.2583937644958496,0.7465522289276123,1.3494166135787964,-0.6925312876701355
0.017111875,0.0034223749999999996,5.0,0.7913282017916543,0.21562983492222917,0.030030554688180226,-0.0016820554743757548,-1.89421693728224e-5,-0.0007755986542315872,0.06858876431881236,-0.2319081723690033,0.12684394419193268,-0.08792787790298462,0.7444420456886292,-1.6439931392669678,1.331890344619751,1.3078707456588745,-0.04358285665512085,-2.302224636077881,0.7000083923339844,1.3708003759384155,-0.7051960229873657
0.017111875,0.0034223749999999996,5.0,0.8324268113967439,0.256728075000437,0.03003001085231675,-0.0014610030360076938,-1.6452644838613544e-5,-0.0006736696077055893,0.06858876995228592,-0.23570537567138672,0.13153338432312012,-0.09239879250526428,0.7222360372543335,-1.6649290323257446,1.3477860689163208,1.3191429376602173,-0.032057344913482666,-2.289685010910034,0.7160120010375977,1.3802629709243774,-0.6940735578536987
0.017111875,0.0034223749999999996,5.0,0.8726940482015465,0.2969954769346961,0.030030550608391295,-0.0013404054005319423,-1.5095051896426777e-5,-0.0006180637396270634,0.06858877737913083,-0.23684006929397583,0.138413667678833,-0.08452713489532471,0.7952150106430054,-1.6240321397781372,1.4411702156066895,1.3637655973434448,-0.07184374332427979,-2.40085506439209,0.6171462535858154,1.441124439239502,-0.728826642036438
0.017111875,0.0034223749999999996,5.0,0.9121339303901722,0.33641367310729486,0.02999177813036962,-0.0011559168501584314,-1.2987969108890926e-5,-0.0005329390713601823,0.06858920051766965,-0.2363719940185547,0.14308518171310425,-0.08483812212944031,0.8114004135131836,-1.6096349954605103,1.4727952480316162,1.38410484790802,-0.0787472128868103,-2.414860486984253,0.5930962562561035,1.4607092142105103,-0.7382893562316895
0.017111875,0.0034223749999999996,5.0,0.9507386863727013,0.37501977021843785,0.029994215396272374,-0.0010007747733333636,-1.1246446112858814e-5,-0.0004614129397409253,0.06858916387706723,-0.2384398877620697,0.1462632566690445,-0.09036952257156372,0.7954778671264648,-1.6064170598983765,1.463494896888733,1.3911666870117188,-0.06729632616043091,-2.3855223655700684,0.6229395866394043,1.4592088460922241,-0.7333534955978394
0.017111875,0.0034223749999999996,5.0,0.9885122119395767,0.41279472085558416,0.029996757308761012,-0.0008155862494006135,-9.166847173774356e-6,-0.0003760331888655886,0.06858912568855009,-0.23887643218040466,0.14958129823207855,-0.09451663494110107,0.7935947179794312,-1.587530255317688,1.4578683376312256,1.397844672203064,-0.06085306406021118,-2.3666865825653076,0.6450879573822021,1.4544987678527832,-0.7376049160957336
0.017111875,0.0034223749999999996,5.0,1.0254543494069563,0.4497395231390938,0.030001451717885565,-0.0006485683135449725,-7.291404778878193e-6,-0.00029903200157771297,0.06858905002905513,-0.2382000982761383,0.15342633426189423,-0.09688118100166321,0.8047258853912354,-1.5596660375595093,1.4652072191238403,1.40815007686615,-0.05951493978500366,-2.363760471343994,0.6560451984405518,1.450819730758667,-0.7499456405639648
0.017111875,0.0034223749999999996,5.0,1.0615654288297645,0.4858522961842785,0.030004593767324814,-0.0004896992154336389,-5.5064593660950014e-6,-0.00022578499757405147,0.06858900226866718,-0.23727989196777344,0.15812081098556519,-0.09672722220420837,0.8299072980880737,-1.529334306716919,1.491079568862915,1.422803521156311,-0.06390649080276489,-2.3853933811187744,0.6579639911651611,1.4565492868423462,-0.7708314657211304
0.017111875,0.0034223749999999996,5.0,1.0968459748688562,0.5211293012725688,0.029998278254071607,-0.00034379942008745716,-3.864884899946422e-6,-0.00015851362923698423,0.06858907493768654,-0.23498943448066711,0.16304053366184235,-0.09538835287094116,0.87049400806427,-1.4758638143539429,1.5099680423736572,1.4389967918395996,-0.07399255037307739,-2.4194538593292236,0.6847941875457764,1.4531631469726562,-0.801429808139801
0.017111875,0.0034223749999999996,5.0,1.1312949739006732,0.5555777689118794,0.02999767832111044,-0.00017442169451796665,-1.9607067436950766e-6,-8.041935092185988e-5,0.06858908284606811,-0.23745810985565186,0.17167620360851288,-0.08523565530776978,0.9478006958961487,-1.450140357017517,1.6257842779159546,1.4937362670898438,-0.11803257465362549,-2.5474116802215576,0.589902400970459,1.5407239198684692,-0.8361741900444031
0.017111875,0.0034223749999999996,5.0,1.1649123771717396,0.5891969258802137,0.03000137603780104,-2.0590769626889828e-5,-2.3149453566269767e-7,-9.493682353626695e-6,0.06858905729178107,-0.22251483798027039,0.18139919638633728,-0.07564353942871094,0.941585898399353,-1.5099765062332153,1.8273582458496094,1.5648493766784668,-0.12909191846847534,-2.565019369125366,0.3686833381652832,1.6148406267166138,-0.819423496723175
0.017111875,0.0034223749999999996,5.0,1.1976989841166927,0.6219824868692819,0.03000030876501872,0.00015507107798233026,1.7431445567646204e-6,7.149714419593029e-5,0.06858910501460563,-0.22739294171333313,0.19349037110805511,-0.06505075097084045,0.9584080576896667,-1.5688585042953491,2.051527976989746,1.6326415538787842,-0.1623692512512207,-2.7013282775878906,0.19125103950500488,1.7154717445373535,-0.8040804862976074
0.017111875,0.0034223749999999996,5.0,1.2296542680347842,0.6539372693813145,0.03000046481694503,0.0003284689471363479,3.6917076063033577e-6,0.00015144269516759708,0.06858915207619848,-0.2921588718891144,-0.3157729506492615,-0.8443399667739868,-1.1139194965362549,-0.8014364838600159,-0.16593432426452637,0.24162228405475616,1.5252277851104736,3.059598684310913,-1.0681159496307373,2.0768373012542725,-0.42937037348747253
0.017111875,0.0034223749999999996,5.0,1.2607785347061924,0.6850612706624534,0.030002153441580373,0.0005189644047878613,5.830247107477064e-6,0.0002392697136314865,0.06858914435343137,-0.291602224111557,-0.31604382395744324,-0.8430298566818237,-1.1096023321151733,-0.8029727935791016,-0.16283011436462402,0.23515109717845917,1.521864891052246,3.0582377910614014,-1.0698320865631104,2.0781280994415283,-0.4302736818790436
0.017111875,0.0034223749999999996,5.0,1.2910720927669503,0.7153536561918749,0.030003112191977332,0.0006909792839900466,7.756257119777558e-6,0.0003185739857933655,0.06858906640720819,-0.2908589541912079,-0.3158855140209198,-0.8409736156463623,-1.1032006740570068,-0.803480327129364,-0.15631961822509766,0.22886474430561066,1.5164077281951904,3.0547091960906982,-1.0683693885803223,2.0800116062164307,-0.4311820864677429
0.017111875,0.0034223749999999996,5.0,1.3205342137707456,0.7448161240797236,0.030006454967031613,0.0008263965769324035,9.270831448579664e-6,0.00038100845188528923,0.0685889392951755,-0.29010912775993347,-0.3154428005218506,-0.8387174606323242,-1.0961791276931763,-0.8033434748649597,-0.14867782592773438,0.22343184053897858,1.5095303058624268,3.050032377243042,-1.0649855136871338,2.0820674896240234,-0.43130144476890564
0.017111875,0.0034223749999999996,5.0,1.3491650988511725,0.7734483690557928,0.03001232904712333,0.0010009925751248085,1.1221929305741033e-5,0.0004615054661134752,0.06858878887623666,-0.28930702805519104,-0.31435883045196533,-0.8348156809806824,-1.0885542631149292,-0.7990915179252625,-0.13779830932617188,0.21779091656208038,1.5023990869522095,3.0433883666992188,-1.0606552362442017,2.0822370052337646,-0.43173569440841675
0.017111875,0.0034223749999999996,5.0,1.37696507949108,0.8012476465440798,0.03001366538198514,0.0011318471003633965,1.267903377577222e-5,0.0005218330374874767,0.0685886679605038,-0.28851887583732605,-0.31443703174591064,-0.8338123559951782,-1.081475853919983,-0.8022747039794922,-0.1326005458831787,0.2106267809867859,1.49578058719635,3.0409300327301025,-1.0590002536773682,2.084367513656616,-0.43219661712646484
0.017111875,0.0034223749999999996,5.0,1.4039341889407482,0.8282140262069798,0.03000975102850272,0.0012938602441802513,1.4482826591804128e-5,0.0005965210111664101,0.06858858657426276,-0.2880142033100128,-0.3144744038581848,-0.8332230448722839,-1.0769132375717163,-0.8044121861457825,-0.12926578521728516,0.205943763256073,1.491558313369751,3.039424180984497,-1.057957410812378,2.085562229156494,-0.4325414299964905
0.017111875,0.0034223749999999996,5.0,1.4300711804166832,0.8543467851058959,0.03000018575938268,0.0014792891725669503,1.6557949581101885e-5,0.0006820018820203065,0.06858875901654159,-0.2878909409046173,-0.31320682168006897,-0.8302417993545532,-1.0752772092819214,-0.7971113920211792,-0.1228492259979248,0.20625489950180054,1.4900108575820923,3.035122871398926,-1.0545225143432617,2.083092451095581,-0.4325768053531647
0.017111875,0.0034223749999999996,5.0,1.4553768423380933,0.8796539049398777,0.030003764550226165,0.0016680602615449657,1.8668984365377318e-5,0.0007690361603881193,0.06858867348435824,-0.2877943813800812,-0.3126187324523926,-0.828950047492981,-1.0741515159606934,-0.7941493391990662,-0.11954855918884277,0.20668365061283112,1.4888778924942017,3.03256893157959,-1.0519542694091797,2.0827324390411377,-0.43255311250686646
0.017111875,0.0034223749999999996,5.0,1.4798511471664035,0.9041310317581861,0.03001041848197056,0.0018772870111846314,2.100863343672122e-5,0.0008655056900509142,0.06858855291355136,-0.28809216618537903,-0.31116771697998047,-0.8256360292434692,-1.076824426651001,-0.7827033996582031,-0.1151893138885498,0.20964261889457703,1.4920011758804321,3.0296578407287598,-1.0503836870193481,2.077467441558838,-0.43291234970092773
0.017111875,0.0034223749999999996,5.0,1.5034943625357675,0.9277738745408266,0.030009576209547355,0.0020372741551769324,2.279841317276788e-5,0.000939267720921198,0.06858855691128096,-0.28785470128059387,-0.3090461790561676,-0.821128785610199,-1.073441505432129,-0.7720271348953247,-0.10382366180419922,0.21176156401634216,1.4877440929412842,3.021597146987915,-1.0427871942520142,2.0757060050964355,-0.43198084831237793
0.017111875,0.0034223749999999996,5.0,1.5263063399418677,0.9505869878621579,0.030012210121276216,0.0022263945309294745,2.491170756603363e-5,0.00102646679540347,0.06858848871778314,-0.2879534065723419,-0.3085973262786865,-0.8201674222946167,-1.0745539665222168,-0.7682654857635498,-0.10251927375793457,0.21296733617782593,1.4895223379135132,3.0208282470703125,-1.041642189025879,2.0740482807159424,-0.43262332677841187
0.017111875,0.0034223749999999996,5.0,1.5482869818777496,0.972568346922938,0.03001349117499812,0.002431700843382264,2.7210104598545366e-5,0.0011211249386779696,0.06858848464651297,-0.2878555357456207,-0.3073003888130188,-0.8173651695251465,-1.072904348373413,-0.7615750432014465,-0.09558844566345215,0.2142089605331421,1.4868978261947632,3.015862464904785,-1.0369545221328735,2.072782278060913,-0.43160733580589294
0.017111875,0.0034223749999999996,5.0,1.569436574132627,0.9937148544494107,0.030005963964434695,0.002643937823151037,2.9589329771463657e-5,0.0012189655471851336,0.06858863210438043,-0.2877309024333954,-0.3046722710132599,-0.8116312623023987,-1.0708961486816406,-0.7465637922286987,-0.08222794532775879,0.2178676724433899,1.4846813678741455,3.0062661170959473,-1.0278511047363281,2.069474697113037,-0.43131259083747864
0.017111875,0.0034223749999999996,5.0,1.5897548041946685,1.014034204209522,0.030008202136638004,0.00285524348890574,3.19545093863926e-5,0.0013163935566393244,0.06858860191291515,-0.287945955991745,-0.3242241144180298,-0.8558133244514465,-1.080893635749817,-0.8645164966583252,-0.17821693420410156,0.19006145000457764,1.496482491493225,3.0730531215667725,-1.0857367515563965,2.099984884262085,-0.433870792388916
0.017111875,0.0034223749999999996,5.0,1.6092420139501862,1.0335226010816212,0.030011007807480526,0.0030268193152495648,3.387140047838153e-5,0.0013955048513399333,0.06858852931080557,-0.28782913088798523,-0.29860153794288635,-0.7983959913253784,-1.0702303647994995,-0.7092221975326538,-0.0551450252532959,0.22754594683647156,1.4832583665847778,2.9871785640716553,-1.011434555053711,2.058103084564209,-0.4303067922592163
0.017111875,0.0034223749999999996,5.0,1.6278978861955902,1.052180359617434,0.030015337279485892,0.003216454350660221,3.5993324765964656e-5,0.0014829464434303733,0.06858845652548197,-0.287619024515152,-0.2959824204444885,-0.7928774356842041,-1.0675538778305054,-0.6948925256729126,-0.041988372802734375,0.23125462234020233,1.4807308912277222,2.9777987003326416,-1.002629280090332,2.054810047149658,-0.4303787350654602
0.017111875,0.0034223749999999996,5.0,1.6457227318107972,1.0700017159931645,0.030007050616214413,0.0033829107939458074,3.785868491590344e-5,0.001559676632545222,0.06858860168763838,-0.2877909243106842,-0.29388269782066345,-0.7883954644203186,-1.0690803527832031,-0.6805019974708557,-0.03440546989440918,0.23540347814559937,1.4828948974609375,2.9724631309509277,-0.9981683492660522,2.0491888523101807,-0.4309179186820984
0.017111875,0.0034223749999999996,5.0,1.662716371693074,1.0869968437744615,0.03001061961556448,0.0035743817929867537,3.999571989932043e-5,0.0016479658288537763,0.06858850080660545,-0.2877821624279022,-0.29341527819633484,-0.7875449657440186,-1.068772554397583,-0.6781483292579651,-0.032137393951416016,0.23589222133159637,1.4821360111236572,2.9709863662719727,-0.9958007335662842,2.0485434532165527,-0.4304583966732025
0.017111875,0.0034223749999999996,5.0,1.6788785378002877,1.1031588804503714,0.030009712066518503,0.0037490415660325588,4.19571907821362e-5,0.0017284931085268906,0.06858854845686627,-0.28764453530311584,-0.2877090275287628,-0.7755080461502075,-1.0663375854492188,-0.6444656252861023,-0.006942272186279297,0.24526505172252655,1.4801208972930908,2.952678680419922,-0.9800950288772583,2.037843942642212,-0.43067029118537903
0.017111875,0.0034223749999999996,5.0,1.694209856176048,1.1184896615179312,0.03000848058223201,0.003918203314121999,4.3848798298189215e-5,0.0018064804976963644,0.06858854537316614,-0.2880324423313141,-0.3153081238269806,-0.83624267578125,-1.078034520149231,-0.8102719187736511,-0.13549208641052246,0.20251646637916565,1.4925339221954346,3.0442874431610107,-1.057268500328064,2.0859503746032715,-0.432460218667984
0.017111875,0.0034223749999999996,5.0,1.708709841529464,1.132989481333911,0.030008071991371347,0.004057339806743148,4.540679922844028e-5,0.00187062965388544,0.06858854462243857,-0.28793051838874817,-0.31298309564590454,-0.8312091827392578,-1.076094150543213,-0.7969276905059814,-0.12393069267272949,0.20549023151397705,1.4905028343200684,3.0364346504211426,-1.0496959686279297,2.0826337337493896,-0.4322947561740875
0.017111875,0.0034223749999999996,5.0,1.7223787529271302,1.146657598498669,0.03000638214279933,0.0041779953622143855,4.67538435679161e-5,0.0019262552919732578,0.06858854203631151,-0.28784164786338806,-0.3096569776535034,-0.8240771293640137,-1.0736234188079834,-0.777890682220459,-0.10798835754394531,0.20961983501911163,1.487177848815918,3.0254859924316406,-1.0396374464035034,2.077505350112915,-0.4313276708126068
0.017111875,0.0034223749999999996,5.0,1.7352166099520359,1.1594932979272023,0.030001659175152316,0.00430427204802656,4.816404368008328e-5,0.0019844517476508765,0.06858859545256109,-0.2858564555644989,-0.26677682995796204,-0.7331941723823547,-1.0441339015960693,-0.534108579158783,0.09012389183044434,0.27596205472946167,1.4553561210632324,2.8806371688842773,-0.9185366630554199,2.003861904144287,-0.4274623394012451
0.017111875,0.0034223749999999996,5.0,1.7472233167291396,1.1715022750048472,0.03000752142385615,0.004433715851674007,4.959823256797708e-5,0.002044149009846576,0.06858839982722684,-0.2874242961406708,-0.30533379316329956,-0.8150789737701416,-1.0675153732299805,-0.7558830380439758,-0.08489131927490234,0.21451319754123688,1.4796664714813232,3.0093023777008057,-1.0226927995681763,2.0734879970550537,-0.4298199415206909
0.017111875,0.0034223749999999996,5.0,1.758398652337872,1.1826797696378775,0.03001284493643267,0.004568630500664297,5.110065981583367e-5,0.0021063661852568968,0.06858825493685554,-0.28745731711387634,-0.3185668885707855,-0.8445075750350952,-1.0730985403060913,-0.8358966112136841,-0.14854097366333008,0.19556845724582672,1.4865107536315918,3.0531795024871826,-1.0616066455841064,2.0952398777008057,-0.4315851628780365
0.017111875,0.0034223749999999996,5.0,1.7687427591628657,1.1930256585146732,0.03001728537869676,0.004702831534327255,5.259691835789748e-5,0.002168250907276839,0.0685881387597296,-0.28738167881965637,-0.32639017701148987,-0.862085223197937,-1.076226830482483,-0.8835487961769104,-0.18691229820251465,0.18510740995407104,1.490959644317627,3.079056739807129,-1.0856274366378784,2.107382297515869,-0.4331994652748108
0.017111875,0.0034223749999999996,5.0,1.7782555341894513,1.202540370829029,0.030021890236454442,0.004853427742504949,5.4280994293917825e-5,0.002237695938648182,0.0685880428554148,-0.2872103154659271,-0.3077678680419922,-0.8208528757095337,-1.0667078495025635,-0.772106409072876,-0.09495043754577637,0.21099986135959625,1.4799416065216064,3.016120195388794,-1.0248607397079468,2.0797104835510254,-0.43104255199432373
0.017111875,0.0034223749999999996,5.0,1.7869371467288684,1.2112246675635732,0.030028406271333227,0.005047718525838745,5.64495189105619e-5,0.0023272973978765202,0.06858789437292061,-0.09783205389976501,0.04121476411819458,0.22735819220542908,1.1634474992752075,1.025991678237915,0.6925421953201294,-0.3138138949871063,-0.23028618097305298,-3.029965400695801,0.5005104541778564,2.0485947132110596,-0.9429386258125305
0.017111875,0.0034223749999999996,5.0,1.7947873109919037,1.2190798689380027,0.030039895160930585,0.005277009359941124,5.90126405140803e-5,0.0024330617086131094,0.06858767756281149,-0.09381350874900818,0.04494438320398331,0.2326531708240509,1.1803414821624756,1.0253901481628418,0.6184638738632202,-0.3194780647754669,-0.22406691312789917,-3.0056562423706055,0.5000789165496826,2.000685691833496,-0.9656578898429871
0.017111875,0.0034223749999999996,5.0,1.8018066952479819,1.2260971698498675,0.030035726024629904,0.005631150051334435,6.297314643833986e-5,0.0025963126054562497,0.06858774296952061,-0.09399300813674927,0.04979540407657623,0.23988667130470276,1.1986100673675537,1.0498418807983398,0.5710192918777466,-0.33204591274261475,-0.22209668159484863,-3.0125222206115723,0.5088615417480469,1.9647419452667236,-0.9856303334236145
0.017111875,0.0034223749999999996,5.0,1.8079942546631604,1.232293606069785,0.030056015630903085,0.00622582858410475,6.962079628914771e-5,0.0028706045228190013,0.06858736595590814,-0.08885374665260315,0.05274539440870285,0.2419741451740265,1.2078033685684204,1.0236809253692627,0.4896649122238159,-0.34615781903266907,-0.21219485998153687,-2.9652082920074463,0.505225658416748,1.9052295684814453,-1.0041875839233398
0.017111875,0.0034223749999999996,5.0,1.8133507484861577,1.2376619336265386,0.03008351055239363,0.007579846716869326,8.47448989965609e-5,0.003495100087407515,0.06858680498757497,-0.08900648355484009,0.0562039352953434,0.24593302607536316,1.2159056663513184,1.0359026193618774,0.44382190704345703,-0.3861403465270996,-0.20724254846572876,-2.9626128673553467,0.5229856967926025,1.8689414262771606,-1.0168957710266113
0.017111875,0.0034223749999999996,5.0,1.8178760814539026,1.2421897495538219,0.030089905825520284,0.014056832312106384,0.00015717113633702072,0.006481706933804863,0.06858672525988564,-0.08699846267700195,0.05697384104132652,0.24348077178001404,1.1931544542312622,1.032193899154663,0.3357679843902588,-0.5557937026023865,-0.19124537706375122,-2.90993595123291,0.594092607498169,1.7952953577041626,-1.0090787410736084
0.017111875,0.0034223749999999996,5.0,1.7878374273674646,-1.2456538059213458,0.018656046944983146,-0.014102048732151717,-7.936353860247243e-5,-0.00653908962578645,0.06851792340665314,-0.2902882397174835,-0.32535699009895325,-0.8638471961021423,-1.1034408807754517,-0.8598963618278503,-0.19952726364135742,0.21156497299671173,1.52211594581604,3.090463399887085,-1.0956330299377441,2.101515769958496,-0.43709734082221985
0.017111875,0.0034223749999999996,5.0,1.783313386876851,-1.2411368373368519,0.018637709925688643,-0.007605119813200858,-4.2722343707891645e-5,-0.0035263268245123236,0.06851814483850133,-0.2896299660205841,-0.3304348886013031,-0.8743324279785156,-1.099830985069275,-0.8943153619766235,-0.22118878364562988,0.19953849911689758,1.51883864402771,3.1043949127197266,-1.1100318431854248,2.1089439392089844,-0.43760940432548523
0.017111875,0.0034223749999999996,5.0,1.7779574970666039,-1.2357850043667153,0.018627208956979058,-0.006244282721490527,-3.504270894524468e-5,-0.0028952680526304494,0.06851827417961064,-0.28923454880714417,-0.3333791494369507,-0.8805279731750488,-1.0976158380508423,-0.9146479368209839,-0.23385143280029297,0.19275352358818054,1.5166327953338623,3.112403631210327,-1.1183375120162964,2.1135640144348145,-0.4377271234989166
0.017111875,0.0034223749999999996,5.0,1.7717703633773993,-1.2296018269508244,0.01861712841051801,-0.005645938874155894,-3.165354087081914e-5,-0.0026177754462142233,0.06851840416116019,-0.2890481650829315,-0.3347480595111847,-0.8834364414215088,-1.0965702533721924,-0.924206018447876,-0.23975276947021484,0.18966394662857056,1.515538215637207,3.116083860397339,-1.1221709251403809,2.115821599960327,-0.437728613615036
0.017111875,0.0034223749999999996,5.0,1.7647514776715274,-1.2225843539738617,0.018613640598967515,-0.0052934760552455695,-2.9669340232889805e-5,-0.002454338860265579,0.06851845074106963,-0.2892144024372101,-0.3339950144290924,-0.8818503618240356,-1.097739815711975,-0.9190086722373962,-0.23652267456054688,0.19187629222869873,1.5164597034454346,3.1139256954193115,-1.1200703382492065,2.114924907684326,-0.43745219707489014
0.017111875,0.0034223749999999996,5.0,1.7569014761920703,-1.2147361938051404,0.01860913712396457,-0.005061508963463356,-2.8357629966799124e-5,-0.002346765231452695,0.06851851249539127,-0.2890854775905609,-0.3350837528705597,-0.8841613531112671,-1.0971027612686157,-0.9265719652175903,-0.24122071266174316,0.1895628571510315,1.5157406330108643,3.1168177127838135,-1.1231181621551514,2.1168155670166016,-0.43740910291671753
0.017111875,0.0034223749999999996,5.0,1.7482201506658037,-1.2060561094526594,0.0186061129804252,-0.004860485441359699,-2.722501230862146e-5,-0.002253549759056719,0.0685185527900559,-0.2889574468135834,-0.33618786931037903,-0.8864973187446594,-1.0964831113815308,-0.9342645406723022,-0.24598383903503418,0.18722981214523315,1.5149765014648438,3.119741916656494,-1.1262273788452148,2.1187281608581543,-0.4373050332069397
0.017111875,0.0034223749999999996,5.0,1.7387075869722843,-1.1965447779573894,0.018603308737508793,-0.00471121669532499,-2.638248517740001e-5,-0.002184331338710979,0.06851859642518454,-0.2888524830341339,-0.3371835947036743,-0.8885506391525269,-1.0960932970046997,-0.9409988522529602,-0.2502927780151367,0.1851344108581543,1.5145673751831055,3.1224071979522705,-1.129113793373108,2.120305061340332,-0.43731963634490967
0.017111875,0.0034223749999999996,5.0,1.7283637088194599,-1.186201819796967,0.018601445905886433,-0.004575914480093744,-2.5621560915314105e-5,-0.002121595518144218,0.06851863105597615,-0.2887748181819916,-0.3379696309566498,-0.8901565074920654,-1.0958378314971924,-0.9463112950325012,-0.253676176071167,0.18347176909446716,1.5142269134521484,3.1244874000549316,-1.1313748359680176,2.121556043624878,-0.4372594356536865
0.017111875,0.0034223749999999996,5.0,1.7171886490044586,-1.1750276487639828,0.018599592457778594,-0.004437829917354028,-2.484444641214638e-5,-0.0020575684927112386,0.06851866488977723,-0.28867271542549133,-0.33891788125038147,-0.892066240310669,-1.095483660697937,-0.952640175819397,-0.2577660083770752,0.18135760724544525,1.5138216018676758,3.1270291805267334,-1.1341570615768433,2.12292218208313,-0.43723753094673157
0.017111875,0.0034223749999999996,5.0,1.7051823010447906,-1.1630217989465423,0.01859883973672225,-0.004312045922166546,-2.413853449742703e-5,-0.001999248363166252,0.06851868957590325,-0.2887767255306244,-0.33881258964538574,-0.891684889793396,-1.0965428352355957,-0.9514685869216919,-0.25733017921447754,0.18193525075912476,1.5146818161010742,3.126647472381592,-1.1340360641479492,2.122622489929199,-0.4370240867137909
0.017111875,0.0034223749999999996,5.0,1.6923447914139125,-1.150184810406704,0.018597870990842424,-0.004185429673916576,-2.3427743101399402e-5,-0.0019405417975820664,0.0685187102413375,-0.28871795535087585,-0.33933475613594055,-0.8927450180053711,-1.0963187217712402,-0.9549480676651001,-0.25959110260009766,0.18070636689662933,1.514449119567871,3.128079891204834,-1.135575294494629,2.123349189758301,-0.4370325803756714
0.017111875,0.0034223749999999996,5.0,1.6786759781351692,-1.1365155490651426,0.018598945811234252,-0.0040718079724840085,-2.2795295480436506e-5,-0.0018878671535930871,0.06851869327837357,-0.2888440787792206,-0.33866801857948303,-0.8913064002990723,-1.097172737121582,-0.9500808715820312,-0.2568778991699219,0.18232613801956177,1.5155909061431885,3.1264808177948,-1.134214162826538,2.121929168701172,-0.43729278445243835
0.017111875,0.0034223749999999996,5.0,1.6641761476097432,-1.1220162588057647,0.018597652722135028,-0.003929985054120081,-2.1997710469796692e-5,-0.001822105419464331,0.06851871245682299,-0.2887805998325348,-0.33910247683525085,-0.8922186493873596,-1.096723198890686,-0.9531768560409546,-0.2586028575897217,0.18128326535224915,1.5149891376495361,3.127622127532959,-1.1351745128631592,2.1228346824645996,-0.4371582567691803
0.017111875,0.0034223749999999996,5.0,1.6488446713461513,-1.1066836116427516,0.018601006512619398,-0.003756984373043506,-2.103778531583547e-5,-0.0017419093478679704,0.06851867981343433,-0.2888590395450592,-0.3387373685836792,-0.8914080858230591,-1.0972211360931396,-0.950474202632904,-0.25705385208129883,0.1821996569633484,1.515636920928955,3.126755475997925,-1.1343547105789185,2.1221213340759277,-0.4372938275337219
0.017111875,0.0034223749999999996,5.0,1.6326823597944626,-1.0905214633846148,0.018600583642497504,-0.0035863198251961546,-2.0081626780788952e-5,-0.0016627788206455465,0.06851868602590747,-0.28898873925209045,-0.33790409564971924,-0.8897014856338501,-1.0978971719741821,-0.9448156952857971,-0.253373384475708,0.1843995749950409,1.5164728164672852,3.1246001720428467,-1.132088303565979,2.1210458278656006,-0.437427818775177
0.017111875,0.0034223749999999996,5.0,1.6156888727002816,-1.0735283277642493,0.01859967976526155,-0.0033932707750300266,-1.899959901819659e-5,-0.0015732704196415822,0.06851869515358032,-0.28892067074775696,-0.3384317457675934,-0.8907708525657654,-1.0975412130355835,-0.9484126567840576,-0.2556428909301758,0.18317286670207977,1.5160796642303467,3.1260390281677246,-1.1336314678192139,2.121769428253174,-0.4374071955680847
0.017111875,0.0034223749999999996,5.0,1.5978639407975381,-1.0557024123263914,0.018602243504620933,-0.0032202040567178344,-1.8035713041759178e-5,-0.001493035345678672,0.06851866586066273,-0.2888254225254059,-0.3390602767467499,-0.8920865654945374,-1.097000241279602,-0.952711820602417,-0.2582261562347412,0.18169564008712769,1.5155918598175049,3.127758502960205,-1.1351706981658936,2.122879981994629,-0.4374844431877136
0.017111875,0.0034223749999999996,5.0,1.5792080336699388,-1.0370467993515735,0.01860155606018736,-0.003032757204256256,-1.698474468032676e-5,-0.001406124678656411,0.0685186735771707,-0.2889176905155182,-0.3384113609790802,-0.8907006978988647,-1.0975327491760254,-0.9481312036514282,-0.2554192543029785,0.18332572281360626,1.5164787769317627,3.126187562942505,-1.1336584091186523,2.1216695308685303,-0.43781569600105286
0.017111875,0.0034223749999999996,5.0,1.5597209289689862,-1.0175600557119404,0.01860071766356363,-0.0028642455084025,-1.603966060956489e-5,-0.0013279923932548788,0.06851868768601829,-0.28893348574638367,-0.3383728265762329,-0.8906028866767883,-1.097662329673767,-0.9478502869606018,-0.2551848888397217,0.1835484653711319,1.5166606903076172,3.126096248626709,-1.1335630416870117,2.1216800212860107,-0.43786677718162537
0.017111875,0.0034223749999999996,5.0,1.539402611191483,-0.9972417642490756,0.018600579358719133,-0.002650077041668766,-1.483949668754827e-5,-0.0012286921179792119,0.068518689282438,-0.2888629734516144,-0.3388226330280304,-0.8915037512779236,-1.097246766090393,-0.9509163498878479,-0.2570524215698242,0.18241535127162933,1.5162463188171387,3.1273062229156494,-1.1347471475601196,2.1223344802856445,-0.43788257241249084
0.017111875,0.0034223749999999996,5.0,1.5182528182109905,-0.976091124916371,0.018602968687102043,-0.002435228715716821,-1.3640927519573582e-5,-0.0011290842134424736,0.06851866923604502,-0.2887975871562958,-0.33921003341674805,-0.8923537135124207,-1.0967954397201538,-0.9538028836250305,-0.25859880447387695,0.18160682916641235,1.5157206058502197,3.128286123275757,-1.1356558799743652,2.123234510421753,-0.43782567977905273
0.017111875,0.0034223749999999996,5.0,1.4962721913703274,-0.9541111392145374,0.018601160320661805,-0.002230688930131028,-1.2493455081749637e-5,-0.0010342469844292791,0.06851868256966885,-0.2889387309551239,-0.3382658362388611,-0.8903820514678955,-1.0976066589355469,-0.947283923625946,-0.25447559356689453,0.18414422869682312,1.5170297622680664,3.125943422317505,-1.133291482925415,2.1217494010925293,-0.43829217553138733
0.017111875,0.0034223749999999996,5.0,1.473460194789219,-0.931299129680099,0.018601242324419162,-0.002033577650791636,-1.1389834041370414e-5,-0.0009428576127817287,0.06851868248852558,-0.28895291686058044,-0.3382214903831482,-0.8902744054794312,-1.0977355241775513,-0.9469742774963379,-0.2541983127593994,0.18437696993350983,1.5172419548034668,3.125812292098999,-1.1331452131271362,2.1217892169952393,-0.43837541341781616
0.017111875,0.0034223749999999996,5.0,1.449816971056288,-0.9076554357514948,0.018602280426710683,-0.0018685110252287342,-1.0466614683857436e-5,-0.0008663257577297005,0.06851866652213907,-0.28893211483955383,-0.3383936583995819,-0.8905944228172302,-1.0976687669754028,-0.9480814337730408,-0.2549014091491699,0.18395638465881348,1.5172357559204102,3.126267194747925,-1.1336382627487183,2.1220011711120605,-0.43844082951545715
0.017111875,0.0034223749999999996,5.0,1.425342594627682,-0.8831811963018019,0.01860195751141741,-0.0016618963436701587,-9.309245657409527e-6,-0.0007705297906814421,0.06851866724175493,-0.2888864576816559,-0.3387066125869751,-0.8912402391433716,-1.0973947048187256,-0.9502953886985779,-0.25612735748291016,0.1832689642906189,1.516986608505249,3.127068042755127,-1.1343337297439575,2.122666358947754,-0.43847885727882385
0.017111875,0.0034223749999999996,5.0,1.4000370079783777,-0.8578758767766773,0.018601428362794062,-0.001473306916811051,-8.25259963554474e-6,-0.0006830905084206399,0.06851867838282125,-0.28877565264701843,-0.3393710255622864,-0.8926897048950195,-1.0967447757720947,-0.9550159573554993,-0.2588353157043457,0.18185675144195557,1.5164406299591064,3.1288349628448486,-1.1359537839889526,2.1240482330322266,-0.4386114776134491
0.017111875,0.0034223749999999996,5.0,1.3739002045807125,-0.8317394086356668,0.01860088126309945,-0.0012877939485046376,-7.213378708665346e-6,-0.0005970776544754133,0.06851869287954303,-0.2888087332248688,-0.3393861949443817,-0.8926277160644531,-1.0971407890319824,-0.9549860954284668,-0.25860595703125,0.18229319155216217,1.5171856880187988,3.128892183303833,-1.135949730873108,2.1242752075195312,-0.4389615058898926
0.017111875,0.0034223749999999996,5.0,1.3469312163007747,-0.8047680580559479,0.018608960469104194,-0.0011242479146561543,-6.305493877135301e-6,-0.0005212602002032748,0.06851864809681013,-0.2891570031642914,-0.3378571569919586,-0.8891082406044006,-1.0998268127441406,-0.9437423944473267,-0.2513253688812256,0.18728399276733398,1.5213313102722168,3.1251676082611084,-1.1322356462478638,2.1218390464782715,-0.4403626322746277
0.017111875,0.0034223749999999996,5.0,1.3191320748734487,-0.7769701856469663,0.018606470573924325,-0.0010009919685562236,-5.6134765973994474e-6,-0.0004641097706601846,0.06851869773928976,-0.28910765051841736,-0.33871376514434814,-0.8906059861183167,-1.100015640258789,-0.9492294788360596,-0.25430798530578613,0.18583515286445618,1.521939992904663,3.1274454593658447,-1.1344612836837769,2.1231908798217773,-0.44080638885498047
0.017111875,0.0034223749999999996,5.0,1.290501586756484,-0.7483404947207575,0.018605362095273872,-0.0008201724841720658,-4.600071517148196e-6,-0.0003802719525622021,0.06851873447634137,-0.2891688644886017,-0.3391679525375366,-0.8912292122840881,-1.1011141538619995,-0.9520362019538879,-0.2551259994506836,0.18607349693775177,1.523604393005371,3.128507375717163,-1.135568618774414,2.124518871307373,-0.44138428568840027
0.017111875,0.0034223749999999996,5.0,1.2610397650052065,-0.7188786373733214,0.018606468534029863,-0.0006848553325014511,-3.84225499922238e-6,-0.00031753186406171803,0.06851875652549708,-0.2892096936702728,-0.33979707956314087,-0.8921116590499878,-1.1022542715072632,-0.9557017087936401,-0.2568206787109375,0.185537651181221,1.525226354598999,3.1300344467163086,-1.1374038457870483,2.1255078315734863,-0.4418759346008301
0.017111875,0.0034223749999999996,5.0,1.230746973944766,-0.6885868098570298,0.018604521454766234,-0.0005071824569904332,-2.845536016988646e-6,-0.0002351533752264825,0.06851879182030089,-0.2891371548175812,-0.3407272398471832,-0.8938814401626587,-1.1023422479629517,-0.9619618654251099,-0.2603602409362793,0.18369363248348236,1.5252184867858887,3.1323089599609375,-1.1400624513626099,2.1269545555114746,-0.44180548191070557
0.017111875,0.0034223749999999996,5.0,1.1996231291235322,-0.6574635180511845,0.018602884439460777,-0.0003078550177348312,-1.7267400067014962e-6,-0.00014273543518236782,0.0685188023978831,-0.28910544514656067,-0.3409959375858307,-0.8943856358528137,-1.1023786067962646,-0.9638742804527283,-0.26102399826049805,0.18343979120254517,1.5254943370819092,3.1327908039093018,-1.1405105590820312,2.127880334854126,-0.4420560896396637
0.017111875,0.0034223749999999996,5.0,1.1676679926898106,-0.6255086667947087,0.018601984234034856,-0.00012778896733936545,-7.166339263917503e-7,-5.924858724934496e-5,0.06851881068401904,-0.2891107499599457,-0.34105467796325684,-0.8944559097290039,-1.1025946140289307,-0.9642612338066101,-0.2610154151916504,0.1835724264383316,1.5259323120117188,3.132821798324585,-1.1406575441360474,2.128192663192749,-0.44227996468544006
0.017111875,0.0034223749999999996,5.0,1.1348815056906516,-0.5927221883631063,0.01860203910719587,4.883791690777854e-5,2.738910404637879e-7,2.2643416166751075e-5,0.06851881224151483,-0.2890872061252594,-0.3412221670150757,-0.8948324918746948,-1.102441668510437,-0.9655870199203491,-0.2615060806274414,0.18326830863952637,1.5257678031921387,3.1331946849823,-1.1408772468566895,2.1288034915924072,-0.4422787129878998
0.017111875,0.0034223749999999996,5.0,1.1012638023511105,-0.5591044902252962,0.01860211274738594,0.00022732400646765204,1.2749147404452202e-6,0.00010539751963978359,0.06851881365113952,-0.28910699486732483,-0.34120842814445496,-0.8948105573654175,-1.1026215553283691,-0.9655135273933411,-0.2613656520843506,0.18340271711349487,1.5259854793548584,3.1331419944763184,-1.140815258026123,2.1289098262786865,-0.44231677055358887
0.017111875,0.0034223749999999996,5.0,1.0668149681427654,-0.5246559057000333,0.01860148180802896,0.0004213722082281745,2.3630941634139962e-6,0.00019536681660004595,0.0685188165593433,-0.28905418515205383,-0.34140709042549133,-0.8952946066856384,-1.1021639108657837,-0.9669141173362732,-0.26255035400390625,0.18249179422855377,1.5252773761749268,3.1337106227874756,-1.141451358795166,2.128962278366089,-0.44207319617271423
0.017111875,0.0034223749999999996,5.0,1.031534974099115,-0.48937618602218796,0.018600629948101778,0.0005908521585735668,3.312970399965195e-6,0.0002739447839065509,0.06851882463093739,-0.2890077531337738,-0.34162619709968567,-0.8958076238632202,-1.1017953157424927,-0.9684630632400513,-0.2637510299682617,0.18168459832668304,1.5247061252593994,3.1342930793762207,-1.14216947555542,2.129152774810791,-0.44187670946121216
0.017111875,0.0034223749999999996,5.0,0.9954237849299852,-0.4532652722388103,0.018599750141620477,0.0007636758645206535,4.281201366192675e-6,0.00035407273102453424,0.06851883248406654,-0.28895750641822815,-0.3418499827384949,-0.8963310718536377,-1.101375937461853,-0.9700241684913635,-0.2649993896484375,0.18082839250564575,1.5240588188171387,3.1349146366119385,-1.142935037612915,2.1292948722839355,-0.4416562020778656
0.017111875,0.0034223749999999996,5.0,0.9584814012473438,-0.41632316169803757,0.018598852792046806,0.0009365244167860997,5.24913489459522e-6,0.0004342118128152402,0.06851883976729536,-0.2892756164073944,-0.3406336009502411,-0.8933829069137573,-1.1040832996368408,-0.9606829285621643,-0.25897932052612305,0.18491601943969727,1.5282816886901855,3.1319563388824463,-1.1404774188995361,2.127079486846924,-0.44311827421188354
0.017111875,0.0034223749999999996,5.0,0.9207078179514552,-0.3785498389986664,0.01859796074619873,0.0011002459894629284,6.1654589756789685e-6,0.0005101189186505815,0.06851884608894333,-0.2892064154148102,-0.34089839458465576,-0.8940161466598511,-1.1034575700759888,-0.962518036365509,-0.2605443000793457,0.18376539647579193,1.527324914932251,3.1327455043792725,-1.1414003372192383,2.127112865447998,-0.4427953362464905
0.017111875,0.0034223749999999996,5.0,0.8821030101556068,-0.3399453019988077,0.01859707849184408,0.0012684951469404994,7.106667527669085e-6,0.0005881250650703574,0.06851885300816124,-0.2905207574367523,-0.33687081933021545,-0.8839581608772278,-1.1149572134017944,-0.9314219951629639,-0.2397904396057129,0.19864964485168457,1.5411717891693115,3.1216752529144287,-1.1313174962997437,2.121823787689209,-0.4449458718299866
0.017111875,0.0034223749999999996,5.0,0.8426660566434595,-0.3005066848507323,0.01860351476684942,0.0013851745106406561,7.768938978646036e-6,0.0006422303205011586,0.06851884017582299,-0.2905122935771942,-0.3371680676937103,-0.884762167930603,-1.1148114204406738,-0.9339781999588013,-0.2408764362335205,0.19831553101539612,1.5406577587127686,3.122450828552246,-1.1319657564163208,2.123044967651367,-0.44459906220436096
0.017111875,0.0034223749999999996,5.0,0.8023982423445349,-0.26023757052706736,0.01860763045791521,0.0015271913328729094,8.57293961440947e-6,0.0007080796486338102,0.06851881942245822,-0.2906436026096344,-0.33693230152130127,-0.8843938112258911,-1.1157740354537964,-0.9328822493553162,-0.23901605606079102,0.20000280439853668,1.541783094406128,3.1218395233154297,-1.1307761669158936,2.124009132385254,-0.44477081298828125
0.017111875,0.0034223749999999996,5.0,0.7612996619099361,-0.2191391897981363,0.018607141699202197,0.0016939702970506071,9.511123781898945e-6,0.0007854085229925811,0.06851881133218989,-0.29053202271461487,-0.337459534406662,-0.8857729434967041,-1.1146857738494873,-0.9374339580535889,-0.24082636833190918,0.19876724481582642,1.5403473377227783,3.123152732849121,-1.1311213970184326,2.125974178314209,-0.44446253776550293
0.017111875,0.0034223749999999996,5.0,0.7193697578365068,-0.17720919617334016,0.01860765493664875,0.001831765289626967,1.0288224207342878e-5,0.0008493002852408771,0.06851880481567067,-0.290667325258255,-0.3371703624725342,-0.8852850794792175,-1.1156808137893677,-0.9360235929489136,-0.2386035919189453,0.20051619410514832,1.5415806770324707,3.1223812103271484,-1.1294808387756348,2.126901388168335,-0.4447086453437805
0.017111875,0.0034223749999999996,5.0,0.676608771239772,-0.1344482002950856,0.018607848726622602,0.0019316317804168634,1.0849590969126443e-5,0.0008956045230976643,0.06851880306247994,-0.29072412848472595,-0.33706018328666687,-0.8850654363632202,-1.1160128116607666,-0.9352961778640747,-0.23792457580566406,0.20083439350128174,1.5418727397918701,3.122227191925049,-1.1288857460021973,2.1269142627716064,-0.4446682929992676
0.017111875,0.0034223749999999996,5.0,0.6330168528679329,-0.09085659953481398,0.018606375922821303,0.0019188601294502627,1.07745626555994e-5,0.0008896795366889741,0.06851880922405473,-0.2905220091342926,-0.3378278911113739,-0.8871082067489624,-1.1140363216400146,-0.9408770203590393,-0.24271702766418457,0.19771021604537964,1.5390429496765137,3.1250088214874268,-1.1316889524459839,2.126966953277588,-0.44384729862213135
0.017111875,0.0034223749999999996,5.0,0.5885940651417595,-0.04643397551017117,0.018604292782597082,0.0017844529315093178,1.0010101701582717e-5,0.000827355804415492,0.06851880058437701,-0.2903023064136505,-0.3376670181751251,-0.8868393898010254,-1.11161470413208,-0.9395436644554138,-0.244734525680542,0.19539852440357208,1.5352873802185059,3.124033212661743,-1.1325058937072754,2.123730182647705,-0.44248074293136597
0.017111875,0.0034223749999999996,5.0,0.5433410710269522,-0.0011846015960648654,0.01859133435302957,7.141147432526059e-5,3.9967783862560174e-7,3.310908946664723e-5,0.06851883829945202,-0.2884748876094818,-0.3433815538883209,-0.9007319211959839,-1.0961132049560547,-0.982972264289856,-0.2749013900756836,0.17410235106945038,1.5145602226257324,3.138418674468994,-1.1469230651855469,2.1309449672698975,-0.4374963343143463
0.017111875,0.0034223749999999996,5.0,0.5885947238236812,0.04407533897135271,0.01860298561822607,-0.0017500960755309214,-9.807009568764661e-6,-0.0008114274482779122,0.06851871547041168,-0.2897055447101593,-0.33714526891708374,-0.8872882127761841,-1.1039828062057495,-0.939241349697113,-0.24857258796691895,0.19082345068454742,1.522733211517334,3.1213550567626953,-1.1311603784561157,2.118114948272705,-0.4375598728656769
0.017111875,0.0034223749999999996,5.0,0.6330182277568001,0.08849976157094235,0.01860450146380051,-0.0019350317396334144,-1.0840033998342991e-5,-0.0008971807674300969,0.0685186358292683,-0.28951528668403625,-0.3365078866481781,-0.8868550658226013,-1.1007792949676514,-0.9378547668457031,-0.24713540077209473,0.1909194439649582,1.5166547298431396,3.118314027786255,-1.1269593238830566,2.11726713180542,-0.43470075726509094
0.017111875,0.0034223749999999996,5.0,0.6766102240526077,0.13209284778236094,0.018606100537068983,-0.0019219409959837918,-1.0768724952991917e-5,-0.0008911173587250531,0.06851860132469366,-0.28950050473213196,-0.33577433228492737,-0.8857762813568115,-1.099893569946289,-0.9337839484214783,-0.24542641639709473,0.19149149954319,1.5145161151885986,3.116316556930542,-1.12406325340271,2.1149466037750244,-0.43343353271484375
0.017111875,0.0034223749999999996,5.0,0.7193711433328253,0.17485392964216706,0.018606225786588926,-0.0018153164719338106,-1.017129412221273e-5,-0.0008416816200466175,0.06851859425996276,-0.2895074784755707,-0.33564493060112,-0.8856877088546753,-1.0997556447982788,-0.9331937432289124,-0.24530625343322754,0.19137777388095856,1.5139336585998535,3.1165125370025635,-1.1234768629074097,2.1142022609710693,-0.43298977613449097
0.017111875,0.0034223749999999996,5.0,0.7613007608010828,0.2167840494344358,0.018607186576880357,-0.0016699153711093545,-9.357257577347118e-6,-0.0007742665149242432,0.06851859387006975,-0.2895737588405609,-0.33518749475479126,-0.8848368525505066,-1.0999425649642944,-0.9304797053337097,-0.24356532096862793,0.19258137047290802,1.5137593746185303,3.11517596244812,-1.1220685243606567,2.1134376525878906,-0.4326157569885254
0.017111875,0.0034223749999999996,5.0,0.8023991917114174,0.2578831540199164,0.01860833911725118,-0.0014814158301898772,-8.302562656781988e-6,-0.0006868700652798965,0.06851857409846149,-0.28955385088920593,-0.3352543115615845,-0.8849728107452393,-1.0998122692108154,-0.9309468269348145,-0.24390530586242676,0.1924695074558258,1.5136725902557373,3.1153435707092285,-1.1222654581069946,2.1136200428009033,-0.4326600134372711
0.017111875,0.0034223749999999996,5.0,0.8426667491876293,0.2981485793984369,0.018604454342238445,-0.0013939907633910872,-7.809704292790515e-6,-0.0006463313039085676,0.06851862170633008,-0.28968772292137146,-0.3344171345233917,-0.8832135200500488,-1.1007360219955444,-0.925096869468689,-0.24054527282714844,0.19477900862693787,1.5148391723632812,3.11305832862854,-1.1198211908340454,2.11189341545105,-0.43287214636802673
0.017111875,0.0034223749999999996,5.0,0.8821035103377287,0.3375816340602995,0.018597814689755278,-0.0012113777522160037,-6.781387413701076e-6,-0.0005616520019504852,0.06851869051326787,-0.28862854838371277,-0.3396863639354706,-0.8941933512687683,-1.0942498445510864,-0.9605193138122559,-0.26256775856018066,0.18030999600887299,1.510514736175537,3.128358840942383,-1.1353217363357544,2.1212544441223145,-0.4352227449417114
0.017111875,0.0034223749999999996,5.0,0.9207083681109913,0.3761869651910721,0.018598623099930427,-0.0010741308353186415,-6.013718566303586e-6,-0.0004980189860129502,0.06851867421956623,-0.2886691391468048,-0.3393777012825012,-0.8936267495155334,-1.0943787097930908,-0.9586979150772095,-0.2613239288330078,0.18116523325443268,1.510460376739502,3.127450466156006,-1.1343101263046265,2.120831251144409,-0.4350328743457794
0.017111875,0.0034223749999999996,5.0,0.9584819977124844,0.4139611153736317,0.018599464352406406,-0.0009196767065732933,-5.149597417811091e-6,-0.0004264077827109496,0.06851865820269361,-0.2887125313282013,-0.3390575647354126,-0.8930415511131287,-1.0945427417755127,-0.9567835330963135,-0.26001715660095215,0.18205425143241882,1.5104560852050781,3.1265335083007812,-1.1332052946090698,2.120396614074707,-0.43485668301582336
0.017111875,0.0034223749999999996,5.0,0.9954244154613631,0.4509040585993238,0.018600313764460225,-0.0007510793918006912,-4.206081891904595e-6,-0.00034823875386108733,0.06851864218786784,-0.28875938057899475,-0.3387385904788971,-0.8924521803855896,-1.0947445631027222,-0.9548412561416626,-0.25868654251098633,0.18295133113861084,1.5105016231536865,3.125638008117676,-1.1320470571517944,2.1199915409088135,-0.434693306684494
0.017111875,0.0034223749999999996,5.0,1.0315355813756963,0.48701615776537305,0.018601898150488575,-0.0005795235372720594,-3.246046196619596e-6,-0.0002686980839605173,0.06851861318490017,-0.2887997329235077,-0.3384421467781067,-0.891887903213501,-1.0949243307113647,-0.9530077576637268,-0.2574198246002197,0.1838151067495346,1.5105674266815186,3.1247620582580566,-1.130916953086853,2.119666814804077,-0.43457305431365967
0.017111875,0.0034223749999999996,5.0,1.0668156205010142,0.5222966106832826,0.018602645159840427,-0.0004008798565183144,-2.2456689884419218e-6,-0.00018586977628981625,0.06851859812610013,-0.2885766327381134,-0.33987879753112793,-0.8948121070861816,-1.0937846899032593,-0.9626948833465576,-0.26317501068115234,0.18033194541931152,1.509211778640747,3.128450870513916,-1.134531021118164,2.1229772567749023,-0.4344037175178528
0.017111875,0.0034223749999999996,5.0,1.1012645330413067,0.5567453745152687,0.018602474012695092,-0.00023037153595067625,-1.290470779468616e-6,-0.00010681271253069304,0.0685185994047057,-0.28855547308921814,-0.33993950486183167,-0.8949041366577148,-1.093665361404419,-0.9630632400512695,-0.2634115219116211,0.18021628260612488,1.5091584920883179,3.1285459995269775,-1.1346871852874756,2.12316632270813,-0.43446943163871765
0.017111875,0.0034223749999999996,5.0,1.13488223556489,0.5903627653429783,0.01860212233488991,-7.604966541976805e-5,-4.25974562054015e-7,-3.526063770213959e-5,0.06851861528103506,-0.2885347902774811,-0.3401038348674774,-0.8951097726821899,-1.0937118530273438,-0.9637615084648132,-0.2641453742980957,0.17975179851055145,1.5094506740570068,3.129019260406494,-1.1355016231536865,2.1232807636260986,-0.43471139669418335
0.017111875,0.0034223749999999996,5.0,1.1676687423510252,0.6231489085179257,0.018601721495628196,0.00010842946821809112,6.072866872910975e-7,5.027344958511745e-5,0.06851863246949766,-0.2885039150714874,-0.340299516916275,-0.8953527808189392,-1.0936853885650635,-0.9646541476249695,-0.26500844955444336,0.17918504774570465,1.509680151939392,3.129525899887085,-1.1364768743515015,2.123436450958252,-0.43496301770210266
0.017111875,0.0034223749999999996,5.0,1.1996239740478183,0.6551042230344338,0.018602087656684058,0.00028542141429122964,1.5985834175264514e-6,0.00013233585708327745,0.06851863749367353,-0.2885036766529083,-0.3403697907924652,-0.8952382802963257,-1.0938900709152222,-0.9644637703895569,-0.265397310256958,0.1787286251783371,1.5101251602172852,3.129714012145996,-1.1373553276062012,2.123141050338745,-0.43518897891044617
0.017111875,0.0034223749999999996,5.0,1.2307479726770945,0.6862285138785917,0.01860302764005198,0.00047134138514081856,2.6397598743635457e-6,0.0002185375193195041,0.068518641699942,-0.28853532671928406,-0.3402174711227417,-0.8946847319602966,-1.094222903251648,-0.9629073739051819,-0.26487302780151367,0.17886075377464294,1.5105655193328857,3.1292285919189453,-1.1374790668487549,2.1225109100341797,-0.43527400493621826
0.017111875,0.0034223749999999996,5.0,1.2610410615621264,0.7165211049273802,0.018603164516970357,0.0006639202621414622,3.716245192621913e-6,0.00030782530712105484,0.06851862204233031,-0.288314551115036,-0.34035831689834595,-0.8944582343101501,-1.0923665761947632,-0.9641589522361755,-0.26387524604797363,0.17644557356834412,1.5089452266693115,3.128873109817505,-1.137772560119629,2.1233627796173096,-0.4355047941207886
0.017111875,0.0034223749999999996,5.0,1.2905029436942803,0.7459822677927471,0.01860284935327603,0.0008047607498833411,4.501889197726398e-6,0.00037312479945748986,0.0685186023796901,-0.28815963864326477,-0.3400188982486725,-0.8933117389678955,-1.0908117294311523,-0.962384819984436,-0.2608652114868164,0.17540746927261353,1.5075594186782837,3.127033233642578,-1.1363098621368408,2.123539924621582,-0.43565741181373596
0.017111875,0.0034223749999999996,5.0,1.3191335766437513,0.7746135604440869,0.018605436959400617,0.000989498822041957,5.5321598715796305e-6,0.00045877825779613884,0.06851852978120855,-0.2880111634731293,-0.339708149433136,-0.8921897411346436,-1.089388370513916,-0.9605650901794434,-0.2581651210784912,0.17401647567749023,1.5063941478729248,3.1255218982696533,-1.1353271007537842,2.1232688426971436,-0.4358948767185211
0.017111875,0.0034223749999999996,5.0,1.3469330750526083,0.8024131647234665,0.018606674155391596,0.001115968941291583,6.23569307363969e-6,0.000517415324738216,0.06851846727827583,-0.2878079116344452,-0.3394652307033539,-0.8913698196411133,-1.0872951745986938,-0.959945023059845,-0.2555983066558838,0.17241407930850983,1.504232406616211,3.1240310668945312,-1.1341513395309448,2.1236233711242676,-0.43581894040107727
0.017111875,0.0034223749999999996,5.0,1.3739016051722495,0.8293786535644552,0.01860055549195393,0.0012824296197972138,7.162652968555939e-6,0.0005945860318341974,0.06851852701674559,-0.28769269585609436,-0.3392389714717865,-0.8907243013381958,-1.086033821105957,-0.9591156840324402,-0.2537684440612793,0.17160873115062714,1.5028777122497559,3.1228795051574707,-1.1332396268844604,2.1236400604248047,-0.4357183575630188
0.017111875,0.0034223749999999996,5.0,1.4000384828220738,0.8555154751171812,0.018600636883742947,0.001470824641402727,8.21382673902871e-6,0.0006819330756312411,0.06851851771674326,-0.287615031003952,-0.34013622999191284,-0.8927862644195557,-1.0857917070388794,-0.9652641415596008,-0.2578165531158447,0.16996385157108307,1.5023716688156128,3.125472068786621,-1.1353751420974731,2.1255414485931396,-0.4354928433895111
0.017111875,0.0034223749999999996,5.0,1.4253440511123279,0.8808212460709502,0.018601016304112813,0.0016628651041519806,9.286457240567002e-6,0.000770970845705564,0.06851851790203836,-0.2876083552837372,-0.33979010581970215,-0.8919963836669922,-1.08540678024292,-0.9633775949478149,-0.2560389041900635,0.1701841950416565,1.5016365051269531,3.1241915225982666,-1.134270429611206,2.12514591217041,-0.43512970209121704
0.017111875,0.0034223749999999996,5.0,1.4498184461039731,0.9052960523053191,0.01860199422951772,0.0018773101665026804,1.0483739268613966e-5,0.000870397407774338,0.06851849908062341,-0.2876472771167755,-0.3393697440624237,-0.8910012245178223,-1.0856077671051025,-0.9604290127754211,-0.2541227340698242,0.17080990970134735,1.501906394958496,3.122924566268921,-1.1331627368927002,2.124269962310791,-0.4351784288883209
0.017111875,0.0034223749999999996,5.0,1.473461614759754,0.9289386584602018,0.018600631172038452,0.0020353405156163834,1.1366695697082136e-5,0.0009436665951905372,0.0685185248714557,-0.2876478135585785,-0.3393794596195221,-0.8910416960716248,-1.0856273174285889,-0.9604878425598145,-0.2542119026184082,0.17077822983264923,1.5019421577453613,3.1230075359344482,-1.1331580877304077,2.1242446899414062,-0.4351954460144043
0.017111875,0.0034223749999999996,5.0,1.4962735958376643,0.9517506494316005,0.018600608325220487,0.0022309066840566563,1.2458852871362775e-5,0.0010343391845293241,0.06851852513320457,-0.28764745593070984,-0.33939236402511597,-0.8910890817642212,-1.085647463798523,-0.9605652689933777,-0.25429773330688477,0.17074458301067352,1.5019882917404175,3.123093366622925,-1.1331411600112915,2.1242518424987793,-0.4352218210697174
0.017111875,0.0034223749999999996,5.0,1.5182543336485856,0.9737316000035146,0.018600988153569243,0.0024343119099115643,1.3595144304421658e-5,0.0011286468381542006,0.06851852417388654,-0.2876785099506378,-0.3392784893512726,-0.890834391117096,-1.0859118700027466,-0.9596365690231323,-0.2539093494415283,0.1709655523300171,1.502292513847351,3.122870683670044,-1.1329371929168701,2.123879909515381,-0.4352554380893707
0.017111875,0.0034223749999999996,5.0,1.5394039134601074,0.9948808381327136,0.018600108143098495,0.0026480767418093623,1.4789706980671217e-5,0.0012277553300559776,0.06851854238600151,-0.28768059611320496,-0.3400883674621582,-0.8927168250083923,-1.0865024328231812,-0.9646060466766357,-0.25792384147644043,0.17014996707439423,1.5029819011688232,3.1254875659942627,-1.1350905895233154,2.1252517700195312,-0.4353870749473572
0.017111875,0.0034223749999999996,5.0,1.559722242865009,1.0151988984755358,0.01859940723536148,0.0028610465029336794,1.597986295306327e-5,0.0013264970200721894,0.06851855974042959,-0.28771159052848816,-0.3395707905292511,-0.8915334343910217,-1.0865048170089722,-0.961250901222229,-0.25545692443847656,0.17081432044506073,1.5028984546661377,3.1238696575164795,-1.133565068244934,2.1243984699249268,-0.43528005480766296
0.017111875,0.0034223749999999996,5.0,1.5792094191662571,1.0346869640687744,0.018601502206973573,0.0030303678791118974,1.6923200226526288e-5,0.001405006737499904,0.06851850780176116,-0.2876987159252167,-0.33943629264831543,-0.8912427425384521,-1.08628511428833,-0.9605640172958374,-0.2546815872192383,0.17088371515274048,1.5026240348815918,3.1233677864074707,-1.1330193281173706,2.1243484020233154,-0.4352223575115204
0.017111875,0.0034223749999999996,5.0,1.5978653707635557,1.0533434174801106,0.018602675962246795,0.0032204769832127078,1.79838385969095e-5,0.0014931528227813543,0.0685184817690096,-0.28773584961891174,-0.3390742242336273,-0.8904131650924683,-1.086515188217163,-0.9580121636390686,-0.25304651260375977,0.17149987816810608,1.502988576889038,3.1223199367523193,-1.1319787502288818,2.1236023902893066,-0.4353415369987488
0.017111875,0.0034223749999999996,5.0,1.6156901553859186,1.0711668188500392,0.018599442321546217,0.003383936112936999,1.889801351268672e-5,0.0015689326344940633,0.06851854267896887,-0.28772273659706116,-0.3396839499473572,-0.8918465375900269,-1.0867235660552979,-0.96197110414505,-0.25603747367858887,0.17069534957408905,1.5030336380004883,3.124260425567627,-1.133624792098999,2.1247198581695557,-0.4352032244205475
0.017111875,0.0034223749999999996,5.0,1.6326837303995514,1.0881605248248964,0.01859976952061786,0.0035801941257944878,1.9993362297067682e-5,0.0016599266077464245,0.06851853067428376,-0.28771236538887024,-0.3394283652305603,-0.8912950754165649,-1.0864319801330566,-0.9605862498283386,-0.2547135353088379,0.17088524997234344,1.5025699138641357,3.1233880519866943,-1.1326568126678467,2.1244304180145264,-0.43502262234687805
0.017111875,0.0034223749999999996,5.0,1.6488459552557255,1.1043232605726383,0.018600725415162583,0.0037532552295297334,2.0962566449883625e-5,0.0017401686975675242,0.06851853054044323,-0.28772684931755066,-0.3396284282207489,-0.8917715549468994,-1.086747407913208,-0.9617202281951904,-0.2558271884918213,0.17078574001789093,1.5029337406158447,3.1241374015808105,-1.1332734823226929,2.1246490478515625,-0.4350784420967102
0.017111875,0.0034223749999999996,5.0,1.6641772328335966,1.1196531020648084,0.01859755174735918,0.003921576201476813,2.1902940175438886e-5,0.0018181976919164245,0.06851857968674202,-0.28772953152656555,-0.3393177390098572,-0.8910971879959106,-1.0865957736968994,-0.9598378539085388,-0.25435304641723633,0.1711304634809494,1.502727746963501,3.1232011318206787,-1.1322506666183472,2.1241090297698975,-0.4350132644176483
0.017111875,0.0034223749999999996,5.0,1.6786771541343262,1.1341535580218762,0.0185987785398884,0.004058760783064157,2.2668576540618693e-5,0.0018818070224148641,0.06851855284893159,-0.28770551085472107,-0.33937057852745056,-0.8912665247917175,-1.0863698720932007,-0.9604371190071106,-0.25457262992858887,0.17097961902618408,1.5023694038391113,3.12333345413208,-1.1322659254074097,2.124330997467041,-0.4348854720592499
0.017111875,0.0034223749999999996,5.0,1.6923459323268846,1.14782186102102,0.01859775063706919,0.004177601619128571,2.3331672765193663e-5,0.0019369038853671806,0.06851856358657277,-0.2876720130443573,-0.33969831466674805,-0.8920402526855469,-1.0862610340118408,-0.9626478552818298,-0.2561326026916504,0.1704970747232437,1.5022965669631958,3.124385118484497,-1.133135437965393,2.124879837036133,-0.4349363446235657
0.017111875,0.0034223749999999996,5.0,1.7051834745960748,1.1606598017835934,0.01859863452333941,0.004302849270834561,2.403071577026846e-5,0.0019949734671516894,0.06851854532183575,-0.287571519613266,-0.3405507504940033,-0.8940963745117188,-1.0857478380203247,-0.9684648513793945,-0.2602856159210205,0.1691187024116516,1.5020925998687744,3.1271793842315674,-1.135664701461792,2.1262218952178955,-0.4352869987487793
0.017111875,0.0034223749999999996,5.0,1.7171899439294631,1.172666623814734,0.01859964794290795,0.004433267172143573,2.4754744704491765e-5,0.0020554412435924885,0.06851849872268803,-0.287518709897995,-0.33978813886642456,-0.8924200534820557,-1.0847116708755493,-0.9642844200134277,-0.25618600845336914,0.1697421818971634,1.5009021759033203,3.124469041824341,-1.132843255996704,2.1254591941833496,-0.4351117014884949
0.017111875,0.0034223749999999996,5.0,1.7283651573485168,1.1838424485901577,0.018601225597284575,0.004571774284127849,2.552550566771091e-5,0.0021196613671475477,0.0685184521409715,-0.28747835755348206,-0.33902090787887573,-0.8907322883605957,-1.0838626623153687,-0.9598818421363831,-0.2521822452545166,0.17051394283771515,1.5000908374786377,3.121831178665161,-1.1300650835037231,2.1245458126068115,-0.4351274073123932
0.017111875,0.0034223749999999996,5.0,1.7387091546311784,1.1941872134851053,0.018603078637413523,0.0047046488880244835,2.6264341464774192e-5,0.002181269998565785,0.06851840142030122,-0.28745242953300476,-0.33840441703796387,-0.8893836736679077,-1.0832784175872803,-0.9562479853630066,-0.2490551471710205,0.17119383811950684,1.4996366500854492,3.119795083999634,-1.127890706062317,2.123680353164673,-0.4352395534515381
0.017111875,0.0034223749999999996,5.0,1.748221918846323,1.2037011439079137,0.018605842898398478,0.004853458718594277,2.7091963742863517e-5,0.002250273468000484,0.06851833262366315,-0.2874298393726349,-0.33727118372917175,-0.8869102001190186,-1.0823200941085815,-0.9497061967849731,-0.24333834648132324,0.17235884070396423,1.498407244682312,3.1159861087799072,-1.123889446258545,2.122227668762207,-0.4349339008331299
0.017111875,0.0034223749999999996,5.0,1.7569034687609801,1.2123836935748464,0.01860823263476028,0.005051568407050586,2.8195115086477176e-5,0.002342133936961814,0.0685182730901582,-0.2874111235141754,-0.3364599943161011,-0.8851094245910645,-1.0817487239837646,-0.9447879791259766,-0.2392263412475586,0.17336775362491608,1.4980096817016602,3.11326265335083,-1.1209864616394043,2.1211042404174805,-0.4350826144218445
0.017111875,0.0034223749999999996,5.0,1.7647536968727122,1.2202359452618843,0.018612798530533752,0.005282085745687209,2.948076270302648e-5,0.002449031448988462,0.06851818552799023,-0.2874281704425812,-0.33538204431533813,-0.8826842308044434,-1.081410527229309,-0.9379827380180359,-0.23392057418823242,0.17487214505672455,1.4978817701339722,3.109754800796509,-1.117422103881836,2.119410753250122,-0.4352555274963379
0.017111875,0.0034223749999999996,5.0,1.7717728598002416,1.2272563794516425,0.018615863063983457,0.00563925853373524,3.1469592652205556e-5,0.002614648318345512,0.06851810462259356,-0.2873493731021881,-0.33613935112953186,-0.8844705820083618,-1.0811375379562378,-0.9428660273551941,-0.23765039443969727,0.17371240258216858,1.4981045722961426,3.112271785736084,-1.119652509689331,2.120471477508545,-0.43578606843948364
0.017111875,0.0034223749999999996,5.0,1.7779605516045704,1.2334485550459926,0.018625904444470844,0.006235607393655572,3.4793874093620954e-5,0.0028912047462496433,0.06851790915234382,-0.2873817980289459,-0.33464139699935913,-0.8810932636260986,-1.0806962251663208,-0.9335030913352966,-0.230224609375,0.1757759302854538,1.4976989030838013,3.107299566268921,-1.114655613899231,2.1182806491851807,-0.43576815724372864
0.017111875,0.0034223749999999996,5.0,1.7833170872454043,1.2388095584636765,0.018636023544937215,0.007591798474116428,4.2356113375379694e-5,0.003520089462433435,0.06851770452381868,-0.28738710284233093,-0.33174800872802734,-0.8745920658111572,-1.0793061256408691,-0.9159281253814697,-0.21552181243896484,0.17962266504764557,1.4961293935775757,3.09728741645813,-1.1045172214508057,2.114621162414551,-0.435489296913147
0.017111875,0.0034223749999999996,5.0,1.7878424424479986,1.2433432469411305,0.018655121648855348,0.014080185287102717,7.851850873752073e-5,0.006528825864271279,0.06851728484896376,-0.2873236835002899,-0.3329920172691345,-0.8774086236953735,-1.0794116258621216,-0.9236300587654114,-0.22162365913391113,0.17781609296798706,1.4967329502105713,3.10145902633667,-1.1085267066955566,2.116316556930542,-0.43603628873825073
0.017111875,0.0034223749999999996,5.0,1.7578086255632976,-1.2445,0.007231790867624131,-0.014009503724933859,-0.0,-0.006532738873887638,0.0684475,-0.28878071904182434,-0.337301641702652,-0.8884439468383789,-1.0955352783203125,-0.9409593939781189,-0.25090527534484863,0.18381795287132263,1.5141756534576416,3.122939109802246,-1.1301085948944092,2.119297504425049,-0.4374684691429138
0.017111875,0.0034223749999999996,5.0,1.7532831710178431,-1.2399745454545454,0.007231790867624131,-0.007555434437971542,-0.0,-0.0035231569391141384,0.0684475,-0.2883601486682892,-0.33985283970832825,-0.8939414024353027,-1.0929503440856934,-0.9589585661888123,-0.2619781494140625,0.17770546674728394,1.51179838180542,3.1299045085906982,-1.1372246742248535,2.123283863067627,-0.43777766823768616
0.017111875,0.0034223749999999996,5.0,1.7479265105354684,-1.2346178849721707,0.007231790867624131,-0.006204242541448802,-0.0,-0.002893085810128608,0.0684475,-0.28813013434410095,-0.34130704402923584,-0.897087574005127,-1.0915577411651611,-0.9692409634590149,-0.26832008361816406,0.17425821721553802,1.5104472637176514,3.133868455886841,-1.1412708759307861,2.125617742538452,-0.43787744641304016
0.017111875,0.0034223749999999996,5.0,1.7417386441161733,-1.2284300185528756,0.007231790867624131,-0.005609747737107696,-0.0,-0.0026158683301309928,0.0684475,-0.28790560364723206,-0.3427563011646271,-0.9001889228820801,-1.090256690979004,-0.9793918132781982,-0.2746880054473877,0.17080768942832947,1.5091931819915771,3.137840986251831,-1.1453752517700195,2.1278138160705566,-0.4379790425300598
0.017111875,0.0034223749999999996,5.0,1.7347195717599582,-1.2214109461966605,0.007231790867624131,-0.005262660712776554,-0.0,-0.002454018992639151,0.0684475,-0.287854939699173,-0.3431777358055115,-0.901107668876648,-1.089995265007019,-0.9824122786521912,-0.2764759063720703,0.16992545127868652,1.5087890625,3.1389052867889404,-1.1464396715164185,2.1286914348602295,-0.4378536343574524
0.017111875,0.0034223749999999996,5.0,1.7268692934668226,-1.213560667903525,0.007231790867624131,-0.00503113628957786,-0.0,-0.0023460573810516814,0.0684475,-0.2877507507801056,-0.343964159488678,-0.902759313583374,-1.0894793272018433,-0.9878559112548828,-0.27991485595703125,0.16812308132648468,1.5081923007965088,3.141005039215088,-1.148634672164917,2.129920482635498,-0.4378008544445038
0.017111875,0.0034223749999999996,5.0,1.718187809236767,-1.2048791836734694,0.007231790867624131,-0.004831492118674615,-0.0,-0.0022529617752534924,0.0684475,-0.28771349787712097,-0.344308078289032,-0.9035099744796753,-1.0893001556396484,-0.9903431534767151,-0.28136491775512695,0.16743923723697662,1.5078227519989014,3.1418371200561523,-1.149459958076477,2.1307029724121094,-0.43762433528900146
0.017111875,0.0034223749999999996,5.0,1.708675119069791,-1.1953664935064934,0.007231790867624131,-0.0046815192619565245,-0.0,-0.0021830282836504647,0.0684475,-0.2876897156238556,-0.3446165919303894,-0.9041544795036316,-1.0892478227615356,-0.9924912452697754,-0.2826709747314453,0.16681860387325287,1.507584571838379,3.1425886154174805,-1.1502307653427124,2.1313376426696777,-0.4374490976333618
0.017111875,0.0034223749999999996,5.0,1.6983312229658951,-1.1850225974025974,0.007231790867624131,-0.004546651195238551,-0.0,-0.0021201382712993143,0.0684475,-0.28766825795173645,-0.34499773383140564,-0.9049128293991089,-1.0892908573150635,-0.9950467348098755,-0.28427863121032715,0.1660510003566742,1.5073941946029663,3.1435115337371826,-1.151207447052002,2.1320385932922363,-0.437226265668869
0.017111875,0.0034223749999999996,5.0,1.6871561209250787,-1.173847495361781,0.007231790867624131,-0.004411066561377178,-0.0,-0.0020569141182016147,0.0684475,-0.28766682744026184,-0.345196396112442,-0.9053057432174683,-1.0893927812576294,-0.996378481388092,-0.28510308265686035,0.1656813621520996,1.5072882175445557,3.1439571380615234,-1.1516754627227783,2.1324737071990967,-0.43702346086502075
0.017111875,0.0034223749999999996,5.0,1.675149812947342,-1.1618411873840444,0.007231790867624131,-0.00428607797819878,-0.0,-0.0019986309846835846,0.0684475,-0.2876882255077362,-0.34526509046554565,-0.9053981304168701,-1.0896633863449097,-0.9967131614685059,-0.2853810787200928,0.16559328138828278,1.5074084997177124,3.1440837383270264,-1.1518588066101074,2.1325879096984863,-0.4368721842765808
0.017111875,0.0034223749999999996,5.0,1.6623122990326855,-1.1490036734693876,0.007231790867624131,-0.004159069092371785,-0.0,-0.0019394057685687232,0.0684475,-0.28769198060035706,-0.34539735317230225,-0.9056469202041626,-1.0897852182388306,-0.9975718259811401,-0.2859330177307129,0.1653628647327423,1.5073703527450562,3.1443822383880615,-1.1521786451339722,2.1328577995300293,-0.436714768409729
0.017111875,0.0034223749999999996,5.0,1.6486435791811085,-1.1353349536178108,0.007231790867624131,-0.004048330936675725,-0.0,-0.0018877677185176894,0.0684475,-0.2877062261104584,-0.34531477093696594,-0.9054880142211914,-1.089847207069397,-0.9970255494117737,-0.2855494022369385,0.16559718549251556,1.5074409246444702,3.144166946411133,-1.1519273519515991,2.1328136920928955,-0.4367215633392334
0.017111875,0.0034223749999999996,5.0,1.6341436533926113,-1.1208350278293135,0.007231790867624131,-0.003908581925725999,-0.0,-0.0018226016844922455,0.0684475,-0.28768935799598694,-0.3454251289367676,-0.9057137966156006,-1.0897313356399536,-0.9977518916130066,-0.28603196144104004,0.1652757078409195,1.507357120513916,3.144503116607666,-1.1522642374038696,2.132932662963867,-0.4367579221725464
0.017111875,0.0034223749999999996,5.0,1.6188125216671938,-1.105503896103896,0.007231790867624131,-0.00373379266351824,-0.0,-0.0017410961129615053,0.0684475,-0.2877795398235321,-0.34503525495529175,-0.9048508405685425,-1.0903465747833252,-0.9948936104774475,-0.28429436683654785,0.16630345582962036,1.5079424381256104,3.1434457302093506,-1.151190996170044,2.1323721408843994,-0.43671172857284546
0.017111875,0.0034223749999999996,5.0,1.6026501840048561,-1.0893415584415584,0.007231790867624131,-0.0035676937889491606,-0.0,-0.0016636429357390172,0.0684475,-0.2877691686153412,-0.34510213136672974,-0.905005931854248,-1.0902633666992188,-0.9953656196594238,-0.28461456298828125,0.1661354899406433,1.5079114437103271,3.1436691284179688,-1.1514356136322021,2.132453680038452,-0.43676674365997314
0.017111875,0.0034223749999999996,5.0,1.5856566404055983,-1.0723480148423006,0.007231790867624131,-0.003379116166541344,-0.0,-0.0015757077462535904,0.0684475,-0.28775420784950256,-0.34522104263305664,-0.9052801132202148,-1.0901752710342407,-0.9962775111198425,-0.2851128578186035,0.16593506932258606,1.50775146484375,3.1439554691314697,-1.1517122983932495,2.132765531539917,-0.43670040369033813
0.017111875,0.0034223749999999996,5.0,1.56783189086942,-1.0545232653061223,0.007231790867624131,-0.003203413731998371,-0.0,-0.0014937763554697249,0.0684475,-0.28779688477516174,-0.34493640065193176,-0.9046607613563538,-1.0904284715652466,-0.9942060112953186,-0.28388118743896484,0.1666083037853241,1.5081770420074463,3.1432740688323975,-1.1510295867919922,2.1321938037872314,-0.4368622303009033
0.017111875,0.0034223749999999996,5.0,1.5491759353963217,-1.035867309833024,0.007231790867624131,-0.003018280766876637,-0.0,-0.0014074474360565182,0.0684475,-0.2877918779850006,-0.344966858625412,-0.9047273397445679,-1.0903877019882202,-0.994449257850647,-0.2839665412902832,0.16656596958637238,1.5081133842468262,3.143343925476074,-1.1510374546051025,2.1323184967041016,-0.43684157729148865
0.017111875,0.0034223749999999996,5.0,1.5296887739863032,-1.0163801484230055,0.007231790867624131,-0.00285257837963433,-0.0,-0.0013301791439108653,0.0684475,-0.2877853214740753,-0.34502723813056946,-0.9048399329185486,-1.0903725624084473,-0.9948385953903198,-0.28421831130981445,0.16642731428146362,1.5080955028533936,3.143507480621338,-1.1512093544006348,2.1323843002319336,-0.43684014678001404
0.017111875,0.0034223749999999996,5.0,1.5093704066393645,-0.9960617810760667,0.007231790867624131,-0.00263735118732851,-0.0,-0.0012298170558954625,0.0684475,-0.28778061270713806,-0.34499678015708923,-0.9047765731811523,-1.0903071165084839,-0.9945938587188721,-0.2841048240661621,0.1664353609085083,1.5081777572631836,3.143505096435547,-1.151208519935608,2.1322238445281982,-0.43698710203170776
0.017111875,0.0034223749999999996,5.0,1.4882208333555054,-0.9749122077922077,0.007231790867624131,-0.002422979182008893,-0.0,-0.001129853748120881,0.0684475,-0.2878243029117584,-0.3448047637939453,-0.9043349027633667,-1.0906683206558228,-0.993139922618866,-0.28328800201416016,0.16700856387615204,1.5086359977722168,3.1430141925811768,-1.1508134603500366,2.131822109222412,-0.4370744228363037
0.017111875,0.0034223749999999996,5.0,1.4662400541347262,-0.9529314285714284,0.007231790867624131,-0.0022192554065952746,-0.0,-0.001034855791497262,0.0684475,-0.28779277205467224,-0.34494906663894653,-0.9046928882598877,-1.0904120206832886,-0.9943426251411438,-0.2838411331176758,0.16675204038619995,1.5083025693893433,3.1433537006378174,-1.1510529518127441,2.132307291030884,-0.43700629472732544
0.017111875,0.0034223749999999996,5.0,1.4434280689770267,-0.930119443413729,0.007231790867624131,-0.0020181262706700353,-0.0,-0.0009410677351372251,0.0684475,-0.2877698242664337,-0.34511345624923706,-0.9050219655036926,-1.0903186798095703,-0.9954438209533691,-0.28458213806152344,0.16634497046470642,1.5082157850265503,3.143794059753418,-1.1515445709228516,2.132481336593628,-0.43701788783073425
0.017111875,0.0034223749999999996,5.0,1.4197848778824071,-0.9064762523191094,0.007231790867624131,-0.0018547385921044738,-0.0,-0.0008648788093739365,0.0684475,-0.2877744734287262,-0.3449894189834595,-0.9047753810882568,-1.090282917022705,-0.9945844411849976,-0.2840571403503418,0.16659951210021973,1.5084033012390137,3.1435558795928955,-1.1512843370437622,2.1322004795074463,-0.43723809719085693
0.017111875,0.0034223749999999996,5.0,1.3953104808508672,-0.8820018552875695,0.007231790867624131,-0.0016536343985487194,-0.0,-0.000771102383831803,0.0684475,-0.28776809573173523,-0.3450331687927246,-0.9048715829849243,-1.0902299880981445,-0.9949312210083008,-0.2841796875,0.1665302813053131,1.5083311796188354,3.1436479091644287,-1.151304006576538,2.1323938369750977,-0.43722233176231384
0.017111875,0.0034223749999999996,5.0,1.3700048778824072,-0.8566962523191094,0.007231790867624131,-0.001468378204605909,-0.0,-0.0006847160018756228,0.0684475,-0.2877759635448456,-0.3450233042240143,-0.9048395156860352,-1.090309977531433,-0.9948474764823914,-0.2840886116027832,0.16663463413715363,1.508452296257019,3.1436073780059814,-1.151246190071106,2.1324524879455566,-0.4372633695602417
0.017111875,0.0034223749999999996,5.0,1.3438680689770268,-0.8305594434137291,0.007231790867624131,-0.0012854446226542005,-0.0,-0.0005994126716778161,0.0684475,-0.28777435421943665,-0.3451247215270996,-0.9050074219703674,-1.090380072593689,-0.9954653978347778,-0.2844548225402832,0.16647909581661224,1.5085830688476562,3.14388370513916,-1.1515289545059204,2.1325929164886475,-0.4373258650302887
0.017111875,0.0034223749999999996,5.0,1.3169000541347262,-0.8035914285714285,0.007231790867624131,-0.0011308309211598424,-0.0,-0.000527315118615306,0.0684475,-0.2880233824253082,-0.34425145387649536,-0.9029288291931152,-1.0923832654953003,-0.9888352751731873,-0.2802603244781494,0.16935120522975922,1.5108542442321777,3.1415088176727295,-1.1491786241531372,2.1313819885253906,-0.4375538229942322
0.017111875,0.0034223749999999996,5.0,1.2891008333555056,-0.7757922077922077,0.007231790867624131,-0.000999850822930945,-0.0,-0.0004662380957452772,0.0684475,-0.2880411446094513,-0.34440961480140686,-0.9031511545181274,-1.0926926136016846,-0.9898112416267395,-0.2805624008178711,0.16936057806015015,1.5113239288330078,3.1419155597686768,-1.1494965553283691,2.1318132877349854,-0.43771880865097046
0.017111875,0.0034223749999999996,5.0,1.2604704066393644,-0.7471617810760667,0.007231790867624131,-0.000823383360001085,-0.0,-0.00038394996636590014,0.0684475,-0.2880707085132599,-0.3446059226989746,-0.9034497737884521,-1.0931661128997803,-0.9910698533058167,-0.28097963333129883,0.16940726339817047,1.5119273662567139,3.142411947250366,-1.1500096321105957,2.1323347091674805,-0.43785426020622253
0.017111875,0.0034223749999999996,5.0,1.2310087739863034,-0.7177001484230054,0.007231790867624131,-0.0006900787707604302,-0.0,-0.00032178901553577634,0.0684475,-0.2881341278553009,-0.34455132484436035,-0.9031680822372437,-1.0938804149627686,-0.9903415441513062,-0.2804067134857178,0.16989311575889587,1.5131556987762451,3.1424131393432617,-1.1501895189285278,2.131993532180786,-0.43836286664009094
0.017111875,0.0034223749999999996,5.0,1.2007159353963217,-0.687407309833024,0.007231790867624131,-0.000515938507729151,-0.0,-0.0002405860772911651,0.0684475,-0.28810688853263855,-0.3447880446910858,-0.9036648273468018,-1.0938379764556885,-0.9921565651893616,-0.2811241149902344,0.1696983128786087,1.5131804943084717,3.1428956985473633,-1.1507024765014648,2.132789134979248,-0.43844103813171387
0.017111875,0.0034223749999999996,5.0,1.1695918908694203,-0.6562832653061225,0.007231790867624131,-0.00032085179574308306,-0.0,-0.00014961564948778305,0.0684475,-0.2880513370037079,-0.3450090289115906,-0.9041435122489929,-1.0934573411941528,-0.9937645196914673,-0.28206634521484375,0.1690361201763153,1.5127449035644531,3.1434104442596436,-1.151199221611023,2.1331911087036133,-0.43839412927627563
0.017111875,0.0034223749999999996,5.0,1.1376366404055982,-0.6243280148423005,0.007231790867624131,-0.0001451459888534727,-0.0,-6.768268615285439e-5,0.0684475,-0.2880564033985138,-0.3450121283531189,-0.9041393995285034,-1.0935348272323608,-0.9937906265258789,-0.2820117473602295,0.16910341382026672,1.5128600597381592,3.1433961391448975,-1.151192545890808,2.1332497596740723,-0.43843263387680054
0.017111875,0.0034223749999999996,5.0,1.1048501840048561,-0.5915415584415583,0.007231790867624131,2.6514171267202796e-5,0.0,1.2363761111529889e-5,0.0684475,-0.28802916407585144,-0.3451122045516968,-0.9043817520141602,-1.0933232307434082,-0.9945250749588013,-0.2825808525085449,0.16870439052581787,1.512549638748169,3.1436612606048584,-1.151491403579712,2.13331937789917,-0.43833693861961365
0.017111875,0.0034223749999999996,5.0,1.0712325216671938,-0.5579238961038959,0.007231790867624131,0.0001991433644867973,0.0,9.286207593094578e-5,0.0684475,-0.2880401313304901,-0.3451056182384491,-0.9043657779693604,-1.0934169292449951,-0.9944782257080078,-0.2825162410736084,0.16876456141471863,1.5126307010650635,3.1436312198638916,-1.1514570713043213,2.133368968963623,-0.43832388520240784
0.017111875,0.0034223749999999996,5.0,1.0367836533926111,-0.5234750278293134,0.007231790867624131,0.00038634341749966476,0.0,0.0001801548942578676,0.0684475,-0.28802916407585144,-0.34519141912460327,-0.9045559167861938,-1.0933283567428589,-0.9951339364051819,-0.2827930450439453,0.1685815453529358,1.512486457824707,3.1438355445861816,-1.1515623331069946,2.1336686611175537,-0.43827325105667114
0.017111875,0.0034223749999999996,5.0,1.0015035791811084,-0.4881949536178106,0.007231790867624131,0.000538682341303042,0.0,0.0002511917010624732,0.0684475,-0.28804072737693787,-0.3451980650424957,-0.9045614004135132,-1.0934315919876099,-0.9951556921005249,-0.2827787399291992,0.16862493753433228,1.5125682353973389,3.143847942352295,-1.1515940427780151,2.1337318420410156,-0.43825170397758484
0.017111875,0.0034223749999999996,5.0,0.9653922990326855,-0.4520836734693877,0.007231790867624131,0.0007050041677329305,0.0,0.0003287488424450567,0.0684475,-0.287974089384079,-0.3454183042049408,-0.9050871133804321,-1.0928761959075928,-0.9967196583747864,-0.28407883644104004,0.16768023371696472,1.5117712020874023,3.1444475650787354,-1.152298927307129,2.1338071823120117,-0.43801677227020264
0.017111875,0.0034223749999999996,5.0,0.9284498129473423,-0.4151411873840446,0.007231790867624131,0.0008788036506896619,0.0,0.00040979287233115975,0.0684475,-0.28794416785240173,-0.34552809596061707,-0.9053487181663513,-1.0926158428192139,-0.9974878430366516,-0.2847254276275635,0.16720612347126007,1.5113697052001953,3.144761800765991,-1.1526609659194946,2.1338367462158203,-0.4378790855407715
0.017111875,0.0034223749999999996,5.0,0.8906761209250789,-0.37736749536178116,0.007231790867624131,0.0010664648696184717,0.0,0.0004973007358563655,0.0684475,-0.2878699004650116,-0.3457375168800354,-0.9058582186698914,-1.091973900794983,-0.9989879727363586,-0.2860298156738281,0.16620157659053802,1.5104570388793945,3.1453332901000977,-1.1533137559890747,2.133833408355713,-0.4376146197319031
0.017111875,0.0034223749999999996,5.0,0.8520712229658952,-0.3387625974025974,0.007231790867624131,0.0012484869684378532,0.0,0.0005821790344892891,0.0684475,-0.287885457277298,-0.3457409143447876,-0.9058619737625122,-1.0920873880386353,-0.998979389667511,-0.2860219478607178,0.16622772812843323,1.510511875152588,3.145350694656372,-1.1533396244049072,2.1338870525360107,-0.4375562369823456
0.017111875,0.0034223749999999996,5.0,0.8126351190697911,-0.29932649350649343,0.007231790867624131,0.0013689081744309541,0.0,0.0006383323650481326,0.0684475,-0.2881099283695221,-0.34507420659065247,-0.9041922688484192,-1.094024896621704,-0.993704617023468,-0.2826497554779053,0.16858989000320435,1.5128929615020752,3.1436121463775635,-1.1518104076385498,2.132814645767212,-0.43796634674072266
0.017111875,0.0034223749999999996,5.0,0.7723678092367671,-0.25905918367346925,0.007231790867624131,0.0015207349494580301,0.0,0.0007091303529562342,0.0684475,-0.28823980689048767,-0.34458932280540466,-0.90311598777771,-1.0950157642364502,-0.9901958107948303,-0.2801322937011719,0.1703336238861084,1.5146620273590088,3.142566680908203,-1.1507682800292969,2.1321656703948975,-0.4387304186820984
0.017111875,0.0034223749999999996,5.0,0.7312692934668227,-0.21796066790352486,0.007231790867624131,0.0016769397785061813,0.0,0.0007819698609821796,0.0684475,-0.2882523834705353,-0.3446475565433502,-0.9032887816429138,-1.095076322555542,-0.9909049868583679,-0.27992820739746094,0.17057910561561584,1.5147292613983154,3.1426875591278076,-1.1504757404327393,2.1329357624053955,-0.43874770402908325
0.017111875,0.0034223749999999996,5.0,0.6893395717599581,-0.1760309461966605,0.007231790867624131,0.0018165568303489198,0.0,0.000847074361465472,0.0684475,-0.28830066323280334,-0.34457138180732727,-0.9031458497047424,-1.0954469442367554,-0.9905552864074707,-0.27919816970825195,0.1711900234222412,1.5151867866516113,3.1424684524536133,-1.149971604347229,2.133348226547241,-0.4388378858566284
0.017111875,0.0034223749999999996,5.0,0.6465786441161733,-0.13327001855287568,0.007231790867624131,0.001915636641140518,0.0,0.0008932760360061424,0.0684475,-0.2883163392543793,-0.34455370903015137,-0.9030932188034058,-1.09554922580719,-0.9904131889343262,-0.2790215015411377,0.17124615609645844,1.5152902603149414,3.1424484252929688,-1.1498185396194458,2.1333889961242676,-0.4388381242752075
0.017111875,0.0034223749999999996,5.0,0.6029865105354685,-0.08967788497217066,0.007231790867624131,0.00189497258718581,0.0,0.0008836402293985341,0.0684475,-0.28825828433036804,-0.34472280740737915,-0.903533935546875,-1.0950233936309814,-0.991679847240448,-0.28012681007385254,0.17052437365055084,1.5145034790039062,3.1429765224456787,-1.1504626274108887,2.1333813667297363,-0.43858256936073303
0.017111875,0.0034223749999999996,5.0,0.5585631710178433,-0.045254545454545436,0.007231790867624131,0.001771152112424791,0.0,0.0008259017937810833,0.0684475,-0.2881810963153839,-0.344783216714859,-0.9037298560142517,-1.0942392349243164,-0.9921397566795349,-0.281130313873291,0.1696767807006836,1.5132966041564941,3.143059015274048,-1.1510111093521118,2.1327548027038574,-0.4381575584411621
0.017111875,0.0034223749999999996,5.0,0.5133086255632978,0.0,0.007231790867624131,9.418550974486467e-5,0.0,4.391942448126265e-5,0.0684475,-0.28769299387931824,-0.346402108669281,-0.9076378345489502,-1.0902317762374878,-1.0045558214187622,-0.2895529270172119,0.16403675079345703,1.5073500871658325,3.1467201709747314,-1.1545929908752441,2.1354262828826904,-0.4362853169441223
0.017111875,0.0034223749999999996,5.0,0.5585631710178433,0.04525454545454546,0.007231790867624131,-0.0017237579740348482,-0.0,-0.0008038015440981951,0.0684475,-0.28795918822288513,-0.34484347701072693,-0.9042628407478333,-1.091887354850769,-0.9934754967689514,-0.28308677673339844,0.16813337802886963,1.5096644163131714,3.1424903869628906,-1.1509352922439575,2.131899833679199,-0.4368836581707001
0.017111875,0.0034223749999999996,5.0,0.6029865105354685,0.08967788497217068,0.007231790867624131,-0.0019131122499668255,-0.0,-0.0008920988930696709,0.0684475,-0.2878815829753876,-0.3447053134441376,-0.9042010307312012,-1.0908766984939575,-0.9931138753890991,-0.28317856788635254,0.1677468717098236,1.5079587697982788,3.1418352127075195,-1.1500505208969116,2.1312432289123535,-0.43619009852409363
0.017111875,0.0034223749999999996,5.0,0.6465786441161735,0.1332700185528757,0.007231790867624131,-0.0018998070096970918,-0.0,-0.0008858945576383017,0.0684475,-0.28791549801826477,-0.3444661796092987,-0.9037686586380005,-1.090989112854004,-0.9916255474090576,-0.2822403907775879,0.1683109849691391,1.5079301595687866,3.1412668228149414,-1.14915931224823,2.130739212036133,-0.4360435903072357
0.017111875,0.0034223749999999996,5.0,0.6893395717599583,0.1760309461966605,0.007231790867624131,-0.001791501372109589,-0.0,-0.0008353908094098894,0.0684475,-0.28791871666908264,-0.3444317579269409,-0.9037373661994934,-1.0909714698791504,-0.9914499521255493,-0.2821776866912842,0.1683192104101181,1.507842779159546,3.141305446624756,-1.1490178108215332,2.1305763721466064,-0.4359743893146515
0.017111875,0.0034223749999999996,5.0,0.7312692934668228,0.21796066790352506,0.007231790867624131,-0.001641324399124505,-0.0,-0.0007653621368284082,0.0684475,-0.2879510223865509,-0.3443059027194977,-0.9034421443939209,-1.0912162065505981,-0.9904441833496094,-0.28174829483032227,0.1685648411512375,1.5080885887145996,3.1410412788391113,-1.1488455533981323,2.1301722526550293,-0.4359675347805023
0.017111875,0.0034223749999999996,5.0,0.7723678092367671,0.25905918367346936,0.007231790867624131,-0.0014555810500284589,-0.0,-0.0006787485906935647,0.0684475,-0.2879786193370819,-0.34412118792533875,-0.9030869007110596,-1.0913416147232056,-0.9892901182174683,-0.28096556663513184,0.169145867228508,1.5081844329833984,3.1404733657836914,-1.1482150554656982,2.129932165145874,-0.4359337091445923
0.017111875,0.0034223749999999996,5.0,0.8126351190697912,0.2993264935064935,0.007231790867624131,-0.0013697023279580108,-0.0,-0.00063870268491955,0.0684475,-0.2879175841808319,-0.3446059226989746,-0.9040807485580444,-1.09108567237854,-0.9926626682281494,-0.2828705310821533,0.16808383166790009,1.5075589418411255,3.1416285037994385,-1.1492403745651245,2.131251335144043,-0.43557941913604736
0.017111875,0.0034223749999999996,5.0,0.8520712229658951,0.33876259740259734,0.007231790867624131,-0.0011769038737968753,-0.0,-0.000548799289263767,0.0684475,-0.2877447307109833,-0.3453882932662964,-0.9057803153991699,-1.0899250507354736,-0.9981681704521179,-0.286179780960083,0.16590285301208496,1.5065667629241943,3.143892288208008,-1.1514345407485962,2.1327662467956543,-0.43578001856803894
0.017111875,0.0034223749999999996,5.0,0.8906761209250788,0.377367495361781,0.007231790867624131,-0.0010298702284783166,-0.0,-0.0004802363744452772,0.0684475,-0.28773579001426697,-0.3453882038593292,-0.9057853817939758,-1.0898627042770386,-0.9981918931007385,-0.28618502616882324,0.1659051477909088,1.506549596786499,3.1439032554626465,-1.1514283418655396,2.1327507495880127,-0.4358251392841339
0.017111875,0.0034223749999999996,5.0,0.9284498129473423,0.41514118738404454,0.007231790867624131,-0.0008510752722840536,-0.0,-0.00039686291713240485,0.0684475,-0.2877539098262787,-0.34525594115257263,-0.9055415987968445,-1.0899242162704468,-0.9973980188369751,-0.2856431007385254,0.1662716120481491,1.5065569877624512,3.143527030944824,-1.1509959697723389,2.132554292678833,-0.4357682168483734
0.017111875,0.0034223749999999996,5.0,0.9653922990326854,0.45208367346938777,0.007231790867624131,-0.000682948437591649,-0.0,-0.0003184640865739771,0.0684475,-0.2877736985683441,-0.3451261818408966,-0.9053000211715698,-1.0900017023086548,-0.9966047406196594,-0.28509974479675293,0.1666412204504013,1.5065832138061523,3.143157482147217,-1.150551438331604,2.132373094558716,-0.4357141852378845
0.017111875,0.0034223749999999996,5.0,1.0015035791811084,0.4881949536178107,0.007231790867624131,-0.0005194218736800946,-0.0,-0.00024221039751024643,0.0684475,-0.2878340184688568,-0.3447461724281311,-0.9045796394348145,-1.0902585983276367,-0.9942633509635925,-0.28351855278015137,0.16773764789104462,1.5066723823547363,3.1420469284057617,-1.1492793560028076,2.131836175918579,-0.4355369508266449
0.017111875,0.0034223749999999996,5.0,1.0367836533926111,0.5234750278293134,0.007231790867624131,-0.00035772041143810506,-0.0,-0.00016680776733194537,0.0684475,-0.2878257930278778,-0.344753235578537,-0.904594361782074,-1.0901991128921509,-0.9943180084228516,-0.28354883193969727,0.16770511865615845,1.5066498517990112,3.1420798301696777,-1.1492804288864136,2.1318483352661133,-0.4355744421482086
0.017111875,0.0034223749999999996,5.0,1.0712325216671938,0.557923896103896,0.007231790867624131,-0.0002022653426660969,-0.0,-9.431787826454597e-5,0.0684475,-0.287815123796463,-0.3447728157043457,-0.9046280384063721,-1.09012770652771,-0.9944450855255127,-0.28363490104675293,0.16765615344047546,1.5066282749176025,3.142125368118286,-1.1493369340896606,2.1318912506103516,-0.4356244206428528
0.017111875,0.0034223749999999996,5.0,1.1048501840048561,0.5915415584415583,0.007231790867624131,-6.251507194234747e-5,-0.0,-2.9151256796827315e-5,0.0684475,-0.2878057062625885,-0.34484031796455383,-0.9047142863273621,-1.0901516675949097,-0.9947075247764587,-0.283951997756958,0.16743680834770203,1.5067901611328125,3.1423635482788086,-1.1497119665145874,2.1318752765655518,-0.435761034488678
0.017111875,0.0034223749999999996,5.0,1.1376366404055982,0.6243280148423004,0.007231790867624131,0.00011821316006692329,0.0,5.5123701833909e-5,0.0684475,-0.2877941429615021,-0.3449205756187439,-0.9048175811767578,-1.090161919593811,-0.9950438141822815,-0.28432154655456543,0.16719487309455872,1.5069520473480225,3.1426076889038086,-1.150153398513794,2.131887912750244,-0.43591079115867615
0.017111875,0.0034223749999999996,5.0,1.1695918908694203,0.6562832653061225,0.007231790867624131,0.0002882405729852082,0.0,0.00013440878657398743,0.0684475,-0.2878199517726898,-0.3447740972042084,-0.9044699668884277,-1.0903228521347046,-0.9939754009246826,-0.28373122215270996,0.16758881509304047,1.507117748260498,3.1421115398406982,-1.1498476266860962,2.1316356658935547,-0.4359065294265747
0.017111875,0.0034223749999999996,5.0,1.200715935396322,0.6874073098330241,0.007231790867624131,0.0004617439395879453,0.0,0.00021531473513651796,0.0684475,-0.2878229320049286,-0.3447880744934082,-0.9043827056884766,-1.0904383659362793,-0.9937487840652466,-0.28385114669799805,0.16738152503967285,1.5073671340942383,3.1421895027160645,-1.1502400636672974,2.1313984394073486,-0.43603360652923584
0.017111875,0.0034223749999999996,5.0,1.2310087739863034,0.7177001484230056,0.007231790867624131,0.000658814416610545,0.0,0.00030721020776841487,0.0684475,-0.2878054082393646,-0.34475407004356384,-0.9042071104049683,-1.0902866125106812,-0.9934704303741455,-0.2835566997528076,0.16717147827148438,1.5072588920593262,3.1419801712036133,-1.1502574682235718,2.1313462257385254,-0.4360717833042145
0.017111875,0.0034223749999999996,5.0,1.2604704066393646,0.7471617810760669,0.007231790867624131,0.0008004153302492935,0.0,0.0003732397981999079,0.0684475,-0.2877254784107208,-0.3448631465435028,-0.9042286276817322,-1.089682698249817,-0.994355320930481,-0.28328561782836914,0.1661785989999771,1.5065789222717285,3.141899585723877,-1.1502941846847534,2.1320061683654785,-0.43599602580070496
0.017111875,0.0034223749999999996,5.0,1.2891008333555056,0.7757922077922077,0.007231790867624131,0.0009827133653897123,0.0,0.00045824676805249426,0.0684475,-0.2876686751842499,-0.3446989953517914,-0.9036935567855835,-1.0891176462173462,-0.9933614730834961,-0.2819955348968506,0.16568365693092346,1.5061538219451904,3.1411962509155273,-1.1498130559921265,2.13185977935791,-0.43612730503082275
0.017111875,0.0034223749999999996,5.0,1.3169000541347262,0.8035914285714285,0.007231790867624131,0.0011184432724593288,0.0,0.0005215386631597228,0.0684475,-0.28759297728538513,-0.34458115696907043,-0.9033293724060059,-1.0883044004440308,-0.9929761290550232,-0.28089141845703125,0.16512413322925568,1.5053095817565918,3.1405370235443115,-1.1493035554885864,2.131993532180786,-0.43609291315078735
0.017111875,0.0034223749999999996,5.0,1.3438680689770266,0.830559443413729,0.007231790867624131,0.0012773732971689902,0.0,0.0005956489507926011,0.0684475,-0.2874564826488495,-0.34531524777412415,-0.9051018953323364,-1.0873767137527466,-0.9982119798660278,-0.2843589782714844,0.16347765922546387,1.5046391487121582,3.142906665802002,-1.1513726711273193,2.1331465244293213,-0.4363862872123718
0.017111875,0.0034223749999999996,5.0,1.3700048778824072,0.8566962523191094,0.007231790867624131,0.001464524472103656,0.0,0.0006829189768973415,0.0684475,-0.28743717074394226,-0.34530937671661377,-0.9050745964050293,-1.0871917009353638,-0.9982474446296692,-0.2842545509338379,0.16330775618553162,1.5044831037521362,3.142857551574707,-1.1513503789901733,2.1331381797790527,-0.4364156723022461
0.017111875,0.0034223749999999996,5.0,1.3953104808508672,0.8820018552875695,0.007231790867624131,0.001654728401018228,0.0,0.0007716125255613754,0.0684475,-0.2874475419521332,-0.34525763988494873,-0.9049584865570068,-1.0872697830200195,-0.997843325138092,-0.2841010093688965,0.16339197754859924,1.504587173461914,3.142760992050171,-1.1513131856918335,2.1329290866851807,-0.43643927574157715
0.017111875,0.0034223749999999996,5.0,1.4197848778824071,0.9064762523191093,0.007231790867624131,0.0018664109526139124,0.0,0.0008703217204682338,0.0684475,-0.2874579131603241,-0.3452066481113434,-0.9048411846160889,-1.087349772453308,-0.9974309802055359,-0.2839324474334717,0.16347555816173553,1.5047032833099365,3.142667770385742,-1.1512523889541626,2.132734775543213,-0.43647193908691406
0.017111875,0.0034223749999999996,5.0,1.443428068977027,0.9301194434137291,0.007231790867624131,0.0020229121703146933,0.0,0.0009432994367926905,0.0684475,-0.2874618470668793,-0.3453575372695923,-0.9051830172538757,-1.0874714851379395,-0.9984434247016907,-0.2846090793609619,0.16331997513771057,1.5046405792236328,3.143061399459839,-1.1515344381332397,2.13313889503479,-0.43629327416419983
0.017111875,0.0034223749999999996,5.0,1.4662400541347262,0.9529314285714284,0.007231790867624131,0.002220442391271551,0.0,0.0010354092915419223,0.0684475,-0.2874625623226166,-0.34535863995552063,-0.9051918983459473,-1.0874757766723633,-0.9984492659568787,-0.2846252918243408,0.16331133246421814,1.5046532154083252,3.143079996109009,-1.1515344381332397,2.133134603500366,-0.4363011419773102
0.017111875,0.0034223749999999996,5.0,1.4882208333555054,0.9749122077922078,0.007231790867624131,0.002422173906919222,0.0,0.001129478242179646,0.0684475,-0.2874748408794403,-0.34531059861183167,-0.9050820469856262,-1.0875709056854248,-0.9980579614639282,-0.2844572067260742,0.16339950263500214,1.5047717094421387,3.142987012863159,-1.1514688730239868,2.132972478866577,-0.43632271885871887
0.017111875,0.0034223749999999996,5.0,1.5093704066393645,0.9960617810760668,0.007231790867624131,0.0026347256233619945,0.0,0.0012285927353109006,0.0684475,-0.2874724566936493,-0.3453579246997833,-0.9052092432975769,-1.0875775814056396,-0.9983530044555664,-0.2847154140472412,0.1633433848619461,1.5048413276672363,3.1431589126586914,-1.1515706777572632,2.1330456733703613,-0.4363880753517151
0.017111875,0.0034223749999999996,5.0,1.5296887739863032,1.0163801484230055,0.007231790867624131,0.0028480560565736675,0.0,0.0013280703500350274,0.0684475,-0.28748300671577454,-0.34543561935424805,-0.9053783416748047,-1.0877271890640259,-0.9988239407539368,-0.28508734703063965,0.1632920503616333,1.504869818687439,3.143383264541626,-1.1517393589019775,2.1332204341888428,-0.4362691342830658
0.017111875,0.0034223749999999996,5.0,1.5491759353963217,1.035867309833024,0.007231790867624131,0.003014806431399997,0.0,0.0014058273268167613,0.0684475,-0.2874775230884552,-0.34516510367393494,-0.9047616720199585,-1.0874786376953125,-0.997260332107544,-0.28365492820739746,0.16356056928634644,1.5045289993286133,3.142394542694092,-1.1508272886276245,2.132985830307007,-0.43616795539855957
0.017111875,0.0034223749999999996,5.0,1.56783189086942,1.0545232653061223,0.007231790867624131,0.003203145479393226,0.0,0.0014936512672256259,0.0684475,-0.28748634457588196,-0.3451296091079712,-0.9046829342842102,-1.0875452756881714,-0.9969663619995117,-0.2835426330566406,0.1636204868555069,1.504629373550415,3.1423392295837402,-1.150793194770813,2.1328437328338623,-0.43619951605796814
0.017111875,0.0034223749999999996,5.0,1.585656640405598,1.0723480148423004,0.007231790867624131,0.0033667417765901463,0.0,0.0015699374734543508,0.0684475,-0.28747013211250305,-0.3454183042049408,-0.9053679704666138,-1.0875335931777954,-0.9989314675331116,-0.2849273681640625,0.16319717466831207,1.5044922828674316,3.1432297229766846,-1.1515138149261475,2.133415937423706,-0.43608638644218445
0.017111875,0.0034223749999999996,5.0,1.6026501840048561,1.0893415584415584,0.007231790867624131,0.0035592121755971574,0.0,0.0016596878944794683,0.0684475,-0.2874651849269867,-0.34542256593704224,-0.9053856134414673,-1.0874934196472168,-0.9989647269248962,-0.2849605083465576,0.16317641735076904,1.5045037269592285,3.1432716846466064,-1.1515415906906128,2.1333773136138916,-0.4361388087272644
0.017111875,0.0034223749999999996,5.0,1.6188125216671938,1.105503896103896,0.007231790867624131,0.0037287618583537858,0.0,0.0017387502099866347,0.0684475,-0.28749749064445496,-0.34529680013656616,-0.9050743579864502,-1.0877941846847534,-0.9979379773139954,-0.28444433212280273,0.16351337730884552,1.5048515796661377,3.1429364681243896,-1.1512460708618164,2.1330409049987793,-0.4361780285835266
0.017111875,0.0034223749999999996,5.0,1.634143653392611,1.1208350278293133,0.007231790867624131,0.0038964080244472924,0.0,0.0018169249010963617,0.0684475,-0.28744998574256897,-0.3456222414970398,-0.9058622121810913,-1.0875186920166016,-1.0002162456512451,-0.2860269546508789,0.16294245421886444,1.504647970199585,3.1440112590789795,-1.1521862745285034,2.1335294246673584,-0.4362654685974121
0.017111875,0.0034223749999999996,5.0,1.6486435791811085,1.1353349536178106,0.007231790867624131,0.004029140449879299,0.0,0.0018788190475607937,0.0684475,-0.28745731711387634,-0.3455350995063782,-0.9056551456451416,-1.087561011314392,-0.9996421933174133,-0.285611629486084,0.1630927473306656,1.504646897315979,3.1437270641326904,-1.1519229412078857,2.1333792209625244,-0.4362182319164276
0.017111875,0.0034223749999999996,5.0,1.6623122990326853,1.1490036734693876,0.007231790867624131,0.004147186693338788,0.0,0.001933864914902383,0.0684475,-0.28743770718574524,-0.34565675258636475,-0.9059475660324097,-1.08743417263031,-1.0005419254302979,-0.28615522384643555,0.1628769338130951,1.504481554031372,3.144082546234131,-1.1521905660629272,2.133638381958008,-0.4361850917339325
0.017111875,0.0034223749999999996,5.0,1.6751498129473423,1.1618411873840446,0.007231790867624131,0.00427241474988395,0.0,0.001992259716685259,0.0684475,-0.28743061423301697,-0.3455832004547119,-0.9057968854904175,-1.087339997291565,-1.0000168085098267,-0.2858905792236328,0.16293467581272125,1.504603385925293,3.1439778804779053,-1.1521241664886475,2.133312225341797,-0.43639928102493286
0.017111875,0.0034223749999999996,5.0,1.6871561209250787,1.173847495361781,0.007231790867624131,0.004404640607585534,0.0,0.002053917646737621,0.0684475,-0.2873840034008026,-0.3454260230064392,-0.9054811000823975,-1.0867571830749512,-0.99934321641922,-0.28500962257385254,0.1629110425710678,1.5040931701660156,3.1434166431427,-1.151551365852356,2.1331701278686523,-0.4364701211452484
0.017111875,0.0034223749999999996,5.0,1.6983312229658951,1.1850225974025972,0.007231790867624131,0.0045409330819599055,0.0,0.002117471871287284,0.0684475,-0.28735461831092834,-0.34517860412597656,-0.90494704246521,-1.0863162279129028,-0.9979556798934937,-0.2837526798248291,0.1630840003490448,1.5037965774536133,3.142622947692871,-1.1507858037948608,2.1327764987945557,-0.4366086423397064
0.017111875,0.0034223749999999996,5.0,1.708675119069791,1.1953664935064934,0.007231790867624131,0.004672212626191743,0.0,0.0021786885281216877,0.0684475,-0.28732535243034363,-0.34494441747665405,-0.904452383518219,-1.0858949422836304,-0.9966074824333191,-0.28262758255004883,0.16324329376220703,1.5036048889160156,3.1419456005096436,-1.1501460075378418,2.1322927474975586,-0.4368322193622589
0.017111875,0.0034223749999999996,5.0,1.718187809236767,1.2048791836734694,0.007231790867624131,0.004822636535369597,0.0,0.0022488323489409327,0.0684475,-0.28730782866477966,-0.3446738123893738,-0.9038487076759338,-1.0856056213378906,-0.9949432015419006,-0.2812802791595459,0.1635366976261139,1.5035216808319092,3.141092300415039,-1.1493061780929565,2.1318109035491943,-0.4370304346084595
0.017111875,0.0034223749999999996,5.0,1.7268692934668224,1.2135606679035247,0.007231790867624131,0.005014548121557179,0.0,0.0023383221912688756,0.0684475,-0.2872946560382843,-0.34438356757164,-0.9032067060470581,-1.085316777229309,-0.9931949377059937,-0.2798447608947754,0.16384202241897583,1.5033459663391113,3.140172243118286,-1.1484001874923706,2.131328821182251,-0.4371342360973358
0.017111875,0.0034223749999999996,5.0,1.734719571759958,1.2214109461966602,0.007231790867624131,0.0052448973596621925,0.0,0.002445735805047413,0.0684475,-0.287312775850296,-0.3437836170196533,-0.9018351435661316,-1.0851904153823853,-0.9893285036087036,-0.2769153118133545,0.1646873503923416,1.503357172012329,3.138253927230835,-1.146557092666626,2.1303415298461914,-0.4372496008872986
0.017111875,0.0034223749999999996,5.0,1.7417386441161733,1.2284300185528756,0.007231790867624131,0.005599006037864635,0.0,0.002610859393512356,0.0684475,-0.28729549050331116,-0.34345123171806335,-0.9010941982269287,-1.0848405361175537,-0.9873778820037842,-0.2752106189727783,0.16503623127937317,1.5030732154846191,3.1371278762817383,-1.145435094833374,2.129882574081421,-0.4373049736022949
0.017111875,0.0034223749999999996,5.0,1.7479265105354682,1.2346178849721705,0.007231790867624131,0.006190507407904178,0.0,0.002886681012170968,0.0684475,-0.2873552739620209,-0.34209635853767395,-0.897985577583313,-1.084670901298523,-0.9787910580635071,-0.26847338676452637,0.1669767051935196,1.5027735233306885,3.132591485977173,-1.141033411026001,2.128002643585205,-0.4371231198310852
0.017111875,0.0034223749999999996,5.0,1.7532831710178431,1.2399745454545454,0.007231790867624131,0.007535141289072433,0.0,0.003513694088374404,0.0684475,-0.2874121367931366,-0.34083086252212524,-0.8950725793838501,-1.0845391750335693,-0.9707794785499573,-0.2621469497680664,0.1688181757926941,1.5025019645690918,3.1283223628997803,-1.136932373046875,2.126246690750122,-0.43693476915359497
0.017111875,0.0034223749999999996,5.0,1.7578086255632976,1.2445,0.007231790867624131,0.013973083369022846,0.0,0.006515755783013602,0.0684475,-0.28747478127479553,-0.33842822909355164,-0.889581561088562,-1.0838019847869873,-0.9559916853904724,-0.2499072551727295,0.17211133241653442,1.5012803077697754,3.119935989379883,-1.1287403106689453,2.1233878135681152,-0.4363618493080139
