t,dt,step,x,y,z,Gamma_x,Gamma_y,Gamma_z,sigma,U_ml_x,U_ml_y,U_ml_z,Gx_ml_x,Gx_ml_y,Gx_ml_z,Gy_ml_x,Gy_ml_y,Gy_ml_z,Gz_ml_x,Gz_ml_y,Gz_ml_z
0.05818037499999998,0.0034223749999999996,17.0,2.2573372669862932,-1.2417750572891384,0.22652902193207494,-0.014604357095027618,-0.00042380625719527727,-0.006601371834455887,0.06855476714643734,0.0329824835062027,0.01662692427635193,-0.14563825726509094,0.40318793058395386,0.5721461176872253,-1.158369779586792,0.4034377932548523,-0.7786855101585388,-0.5365338921546936,0.2503945827484131,-1.3526332378387451,-0.03013300895690918
0.05818037499999998,0.0034223749999999996,17.0,2.2527016350891036,-1.2370669873447593,0.22688033673804073,-0.00786771060572505,-0.0002065765789529395,-0.0035800849565085805,0.06855344730232105,0.029400363564491272,0.020712297409772873,-0.14078548550605774,0.3970906436443329,0.5965653657913208,-1.1841776371002197,0.34103503823280334,-0.7837739586830139,-0.5305742621421814,0.3018641471862793,-1.3844743967056274,-0.023981451988220215
0.05818037499999998,0.0034223749999999996,17.0,2.2473056102533286,-1.2316586995332255,0.22697938942333507,-0.0064672480259359766,-0.0001638104597595442,-0.0029510806787198755,0.06855526918926251,0.027929067611694336,0.02174009010195732,-0.1384466588497162,0.39249441027641296,0.6015468239784241,-1.2050089836120605,0.3176463842391968,-0.7793763279914856,-0.527269184589386,0.3258669376373291,-1.3927172422409058,-0.025584936141967773
0.05818037499999998,0.0034223749999999996,17.0,2.24112315026832,-1.225455722669014,0.22699575794447413,-0.0058475328726114075,-0.0001448344358012102,-0.002677597772903108,0.06855647331883627,0.027618706226348877,0.02214687317609787,-0.13787782192230225,0.3800302743911743,0.5878466367721558,-1.2088851928710938,0.3029649257659912,-0.7617610096931458,-0.5327255129814148,0.35623621940612793,-1.3792091608047485,-0.03136211633682251
0.05818037499999998,0.0034223749999999996,17.0,2.234079259638132,-1.218419794272422,0.22705185504216902,-0.005492108641818092,-0.00013225404630893523,-0.0025223040409372236,0.06855789317633684,0.026895582675933838,0.02238987758755684,-0.1363435983657837,0.3711424469947815,0.5799468159675598,-1.222205638885498,0.28565478324890137,-0.7480862736701965,-0.5332264304161072,0.383134126663208,-1.3740869760513306,-0.03680163621902466
0.05818037499999998,0.0034223749999999996,17.0,2.2262211316781184,-1.2105720385299097,0.22709591778248747,-0.005252914555401096,-0.00012446562822238403,-0.0024202367269903742,0.06855985060605627,0.026405245065689087,0.02233460173010826,-0.13483670353889465,0.3605913519859314,0.5671752691268921,-1.2337541580200195,0.2729620337486267,-0.7337521910667419,-0.5341140031814575,0.40998101234436035,-1.3633475303649902,-0.04143792390823364
0.05818037499999998,0.0034223749999999996,17.0,2.2170972608908897,-1.200898430178471,0.2245555030863565,-0.005075999566835339,-0.00016046717058174978,-0.0023159344342628,0.06860256232990182,0.026560455560684204,0.02144908905029297,-0.13375920057296753,0.3439376652240753,0.5484742522239685,-1.231072187423706,0.2610538601875305,-0.7178271412849426,-0.5461552739143372,0.44208860397338867,-1.3384063243865967,-0.04179102182388306
0.05818037499999998,0.0034223749999999996,17.0,2.207574198625537,-1.191402391495479,0.2246304693098163,-0.004923216160983291,-0.00015294989249684977,-0.002254843141662129,0.06860473168919376,0.026326894760131836,0.02102767303586006,-0.13188451528549194,0.3287371098995209,0.5266401171684265,-1.2354564666748047,0.24528177082538605,-0.6959338784217834,-0.5501800179481506,0.47507548332214355,-1.3205466270446777,-0.04867851734161377
0.05818037499999998,0.0034223749999999996,17.0,2.197227576712667,-1.181089182395705,0.2247324474077579,-0.004784300646014018,-0.00014777698657947167,-0.0021983605348203307,0.06860763962034792,0.026073962450027466,0.02034352347254753,-0.12963968515396118,0.31547173857688904,0.5062508583068848,-1.242196798324585,0.23633480072021484,-0.6802292466163635,-0.5513243079185486,0.5012021064758301,-1.3032764196395874,-0.05200296640396118
0.05818037499999998,0.0034223749999999996,17.0,2.1860221475608888,-1.1699416158312348,0.224838313748533,-0.00464856992603612,-0.00014091606769395045,-0.0021454223989585065,0.06861036788487884,0.025960028171539307,0.019525371491909027,-0.12687814235687256,0.2979154586791992,0.4786139130592346,-1.2433395385742188,0.22159163653850555,-0.6570759415626526,-0.5549653768539429,0.5344657897949219,-1.281840443611145,-0.05794423818588257
0.05818037499999998,0.0034223749999999996,17.0,2.1739539276643,-1.1580143907250204,0.22515131994847784,-0.004510825313725955,-0.00013576392949881896,-0.002092059173618086,0.06861039935281284,0.025792032480239868,0.01845504716038704,-0.12393498420715332,0.284377783536911,0.4553937017917633,-1.2479732036590576,0.21622279286384583,-0.6434566378593445,-0.5546347498893738,0.5565845966339111,-1.2621769905090332,-0.05918455123901367
0.05818037499999998,0.0034223749999999996,17.0,2.161159370102204,-1.1451446778404508,0.22503044916399018,-0.004369932340009164,-0.00013270881577566153,-0.002026967448620574,0.0686177851524073,0.025423496961593628,0.018362663686275482,-0.12226876616477966,0.2753191590309143,0.4436202645301819,-1.2551078796386719,0.21412809193134308,-0.6375188231468201,-0.5540122985839844,0.5683515071868896,-1.2489365339279175,-0.057933688163757324
0.05818037499999998,0.0034223749999999996,17.0,2.147520569178706,-1.1314672640885624,0.22507705575469705,-0.004221241467631543,-0.00013016437342126643,-0.00195738852067344,0.06862214585038853,0.024836376309394836,0.018723666667938232,-0.12131869792938232,0.2729562520980835,0.443990558385849,-1.2703478336334229,0.21655301749706268,-0.6423675417900085,-0.5489790439605713,0.5671846866607666,-1.2423173189163208,-0.053284645080566406
0.05818037499999998,0.0034223749999999996,17.0,2.1330170805615403,-1.1169743889992503,0.22527845688077258,-0.004061939700631872,-0.0001249674434117497,-0.0018860212689521707,0.06862324734581668,0.024234145879745483,0.01928091049194336,-0.1201694905757904,0.2683681547641754,0.4415963590145111,-1.2824265956878662,0.21184314787387848,-0.6417163014411926,-0.5453383326530457,0.5705685615539551,-1.235610008239746,-0.05128747224807739
0.05818037499999998,0.0034223749999999996,17.0,2.117665901824299,-1.101628806389747,0.22532283743664824,-0.0038924732680779874,-0.00011956619664024573,-0.0018086015911924172,0.06862771131668521,0.023699313402175903,0.01947103813290596,-0.11877331137657166,0.26419559121131897,0.43902456760406494,-1.2936716079711914,0.2083437740802765,-0.64322429895401,-0.5422977209091187,0.5720086097717285,-1.226494312286377,-0.047771573066711426
0.05818037499999998,0.0034223749999999996,17.0,2.101436502835524,-1.0854421220236476,0.22532961682190192,-0.003712592146708534,-0.00011346342574941137,-0.0017275901661480346,0.06863324080668691,0.023208051919937134,0.01963149756193161,-0.11749854683876038,0.2599531412124634,0.43608012795448303,-1.3035006523132324,0.20675429701805115,-0.6455217003822327,-0.5397630333900452,0.5723190307617188,-1.2163292169570923,-0.04355555772781372
0.05818037499999998,0.0034223749999999996,17.0,2.0844199253599736,-1.0684427795526572,0.2254077237688695,-0.0035243444412226786,-0.00010693985238803228,-0.0016420432805938727,0.06863767073508617,0.022763147950172424,0.01960548758506775,-0.11555704474449158,0.25295063853263855,0.42751428484916687,-1.3104898929595947,0.20020507276058197,-0.6424773335456848,-0.5375692844390869,0.5775001049041748,-1.2036736011505127,-0.0414731502532959
0.05818037499999998,0.0034223749999999996,17.0,2.0665812049436085,-1.0505990881166816,0.22540275723782383,-0.003330252494614261,-0.00010169562464203698,-0.001550197506114733,0.06864208711895091,0.02217888832092285,0.019928134977817535,-0.11539098620414734,0.254969984292984,0.4368356168270111,-1.3226521015167236,0.20477305352687836,-0.6541962027549744,-0.5356009602546692,0.5657119750976562,-1.1973267793655396,-0.03433859348297119
0.05818037499999998,0.0034223749999999996,17.0,2.0478788104061354,-1.031921564727885,0.22547079638767067,-0.0031291254928038793,-9.358198395383803e-5,-0.0014596724482413177,0.06864635088326079,0.02159261703491211,0.02033131569623947,-0.11350443959236145,0.24627521634101868,0.42766958475112915,-1.3267457485198975,0.19185136258602142,-0.6470938324928284,-0.5358632802963257,0.5736618041992188,-1.1856749057769775,-0.03414034843444824
0.05818037499999998,0.0034223749999999996,17.0,2.028887622356858,-1.013374925688852,0.22820623142000107,-0.0029222360555103037,-6.224328232198677e-5,-0.001381990370495157,0.06861286580471254,0.021007627248764038,0.02094404026865959,-0.11097684502601624,0.2388288974761963,0.4153077006340027,-1.3369576930999756,0.18181651830673218,-0.6369425654411316,-0.5255731344223022,0.5788273811340332,-1.177066445350647,-0.03811854124069214
0.05818037499999998,0.0034223749999999996,17.0,2.0080361298673077,-0.9920810304568409,0.22554921839633774,-0.0027203096286578317,-8.037270325277635e-5,-0.0012697017208684659,0.06865640591153253,0.02055954933166504,0.02087622880935669,-0.11061501502990723,0.236859992146492,0.42438042163848877,-1.341402530670166,0.18135587871074677,-0.64993816614151,-0.5337704420089722,0.568873405456543,-1.1635208129882812,-0.02663123607635498
0.05818037499999998,0.0034223749999999996,17.0,1.9868912911274954,-0.9709230281888243,0.22564370783772142,-0.002514904595813771,-7.383898901190371e-5,-0.0011746392371605966,0.06866154458985765,0.02009984850883484,0.021202318370342255,-0.10855257511138916,0.22885780036449432,0.41677260398864746,-1.3470442295074463,0.17230412364006042,-0.6469065546989441,-0.5312619805335999,0.5695388317108154,-1.150153398513794,-0.02414858341217041
0.05818037499999998,0.0034223749999999996,17.0,1.964910083273893,-0.9489304905334872,0.22567887337435602,-0.002310949256914357,-6.788143428534943e-5,-0.0010799972972063167,0.06866743864579104,0.019945144653320312,0.021337881684303284,-0.10696831345558167,0.2204379290342331,0.4075992703437805,-1.3491172790527344,0.1685907542705536,-0.6450324654579163,-0.5291688442230225,0.5661411285400391,-1.1321141719818115,-0.02036142349243164
0.05818037499999998,0.0034223749999999996,17.0,1.9421134307279275,-0.9261140640809115,0.22579055096647344,-0.0021097671509202466,-6.147956477970136e-5,-0.0009864814767702678,0.06867204094609965,0.019565507769584656,0.02155136689543724,-0.10433652997016907,0.21054816246032715,0.3959556818008423,-1.3512587547302246,0.15621718764305115,-0.6390624642372131,-0.5266692042350769,0.568300724029541,-1.1178371906280518,-0.01862931251525879
0.05818037499999998,0.0034223749999999996,17.0,1.9185099410282698,-0.9024637744818605,0.22588490740673814,-0.0019126272278409777,-5.5731557614925065e-5,-0.0008936042402588513,0.06867631961238899,0.0189724862575531,0.02189217507839203,-0.10236844420433044,0.20591458678245544,0.3953789174556732,-1.360865831375122,0.14892055094242096,-0.6416230797767639,-0.5235836505889893,0.5629174709320068,-1.1082689762115479,-0.01421135663986206
0.05818037499999998,0.0034223749999999996,17.0,1.8939985776412642,-0.877965724094735,0.22594704096012388,-0.0017190991583814978,-4.959920575574361e-5,-0.0008038538181431598,0.06868316097532036,0.01864248514175415,0.02233487367630005,-0.10066211223602295,0.19978666305541992,0.3915710151195526,-1.3670587539672852,0.14191703498363495,-0.6417858004570007,-0.5196409225463867,0.5572047233581543,-1.0969493389129639,-0.010838508605957031
0.05818037499999998,0.0034223749999999996,17.0,1.8686618138059803,-0.852649278937406,0.22599549141143463,-0.001530989262124051,-4.338817888879719e-5,-0.0007157126484580803,0.06868447002589786,0.017598941922187805,0.02251940220594406,-0.09932008385658264,0.20003148913383484,0.3997991383075714,-1.376035213470459,0.13178162276744843,-0.6474609971046448,-0.5274248719215393,0.555145263671875,-1.093790888786316,-0.00607067346572876
0.05818037499999998,0.0034223749999999996,17.0,1.8425197625758232,-0.8264842334447506,0.2261241828453039,-0.0013475689535447494,-3.792870686643463e-5,-0.0006299273265359807,0.0686928444150861,0.01749308407306671,0.02297891303896904,-0.09771177172660828,0.19087347388267517,0.3897266685962677,-1.3761844635009766,0.12380340695381165,-0.6433550715446472,-0.5255830883979797,0.5504894256591797,-1.0781012773513794,-0.003626406192779541
0.05818037499999998,0.0034223749999999996,17.0,1.8155666347303112,-0.7994962449248322,0.22632558233946384,-0.001169188724969125,-3.292935694927605e-5,-0.0005464924962533075,0.06870604432626229,0.01709851622581482,0.023066524416208267,-0.09554582834243774,0.18467816710472107,0.3836395740509033,-1.3806676864624023,0.11609803140163422,-0.6428892016410828,-0.524821400642395,0.5466949939727783,-1.065843105316162,-3.457069396972656e-5
0.05818037499999998,0.0034223749999999996,17.0,1.7879056914610034,-0.7716536641457471,0.22654499022592064,-0.000996169174115216,-2.8762673051336974e-5,-0.0004644786823751315,0.06872598861198663,0.016906380653381348,0.023172207176685333,-0.09448984265327454,0.18173900246620178,0.38585424423217773,-1.388540267944336,0.11592903733253479,-0.6479334235191345,-0.5231713056564331,0.5348391532897949,-1.055216908454895,0.005015432834625244
0.05818037499999998,0.0034223749999999996,17.0,1.7593889952357675,-0.7429322040921639,0.22679398871944298,-0.0008277659430437563,-2.3803015527152415e-5,-0.0003853499567385917,0.06874867820320628,0.016406521201133728,0.023442044854164124,-0.09109625220298767,0.17170801758766174,0.3781668245792389,-1.3878898620605469,0.10232815146446228,-0.6436524987220764,-0.5230840444564819,0.5300312042236328,-1.0449438095092773,0.008315861225128174
0.05818037499999998,0.0034223749999999996,17.0,1.729922549655714,-0.7133457759614172,0.22705277268869256,-0.0006646461055329157,-1.7536863262384014e-5,-0.0003063306310010737,0.06877954717615344,0.015627503395080566,0.023392509669065475,-0.08677545189857483,0.1621144860982895,0.376610666513443,-1.390453815460205,0.09417274594306946,-0.6439357399940491,-0.522004246711731,0.5175588130950928,-1.0354537963867188,0.014766693115234375
0.05818037499999998,0.0034223749999999996,17.0,1.6995199021699354,-0.6829303190986085,0.22742606705149837,-0.0005050653562169577,-1.1641314884212762e-5,-0.00023016075154946674,0.06880782964908487,0.014499321579933167,0.0234011709690094,-0.08064690232276917,0.14929671585559845,0.3766506016254425,-1.3920300006866455,0.08451592922210693,-0.6431195139884949,-0.5180071592330933,0.4994819164276123,-1.0278425216674805,0.022495687007904053
0.05818037499999998,0.0034223749999999996,17.0,1.668374758096664,-0.6524996627477645,0.2308468274750319,-0.0003491236677726272,-2.6890607932755692e-6,-0.00015535492562258405,0.06880430112365293,0.019564151763916016,0.025728624314069748,-0.0759425163269043,0.10527488589286804,0.3541204631328583,-1.3527812957763672,0.0826343446969986,-0.5774267315864563,-0.4833146333694458,0.4530458450317383,-1.0032787322998047,-0.005903780460357666
0.05818037499999998,0.0034223749999999996,17.0,1.6362053923035633,-0.6203725782169006,0.23126923637679037,-0.00019304898960079294,-9.690948972936756e-7,-8.583817795655147e-5,0.06881036451206174,0.02845202386379242,0.029518432915210724,-0.07109928131103516,0.03781804442405701,0.30630603432655334,-1.2573537826538086,0.07169634103775024,-0.4627003073692322,-0.4337207078933716,0.3998451232910156,-0.9498078227043152,-0.05830681324005127
0.05818037499999998,0.0034223749999999996,17.0,1.603176346298721,-0.587413791787027,0.231664193602821,-3.801669010310007e-5,-8.76976647943238e-8,-1.6931776013353014e-5,0.06880114141900015,0.04085537791252136,0.03551899641752243,-0.07017812132835388,-0.038977205753326416,0.2464999109506607,-1.1037592887878418,0.0636424869298935,-0.29935693740844727,-0.37469810247421265,0.3530285358428955,-0.8665708899497986,-0.14372384548187256
0.05818037499999998,0.0034223749999999996,17.0,1.5691890514637978,-0.5536619694664223,0.23211267643558803,0.00011716156220341393,-3.264990426289172e-8,5.218267165538889e-5,0.06879032551575787,0.0534835010766983,0.0437525175511837,-0.07134664058685303,-0.10865020751953125,0.19673006236553192,-0.9125826358795166,0.043894946575164795,-0.10831952095031738,-0.3121008276939392,0.32097482681274414,-0.7672308087348938,-0.25647038221359253
0.05818037499999998,0.0034223749999999996,17.0,1.5345582341907416,-0.5190155259260754,0.23232868861172917,0.00027375791809643624,1.56195340289145e-7,0.00012189858088597532,0.06878320665936566,0.01393444836139679,0.03753624111413956,-0.017258107662200928,-0.37251442670822144,-0.11338939517736435,-0.3388228416442871,-0.35392406582832336,0.32099512219429016,-0.4853573441505432,0.409252405166626,-0.4287038743495941,-0.4074147641658783
0.05818037499999998,0.0034223749999999996,17.0,1.4992096290618349,-0.4836214927937345,0.2325512152928282,0.00043326063904772997,-1.3764098079871352e-7,0.00019250174919859908,0.06877093417700429,0.008343607187271118,0.04804637283086777,-0.0076288580894470215,-0.4006209969520569,-0.1454700082540512,-0.1276719570159912,-0.3659714460372925,0.4685659408569336,-0.4841634929180145,0.4662935733795166,-0.3529954254627228,-0.5197827816009521
0.05818037499999998,0.0034223749999999996,17.0,1.4629798474663414,-0.447433270261343,0.23274108214165462,0.0005961811241248894,-9.522134402075816e-7,0.0002661085112056032,0.06876206908295653,0.0026359856128692627,0.05752933397889137,-0.0005781054496765137,-0.416339635848999,-0.17361238598823547,0.024799823760986328,-0.40278008580207825,0.5746058225631714,-0.4933706521987915,0.5323867797851562,-0.32972872257232666,-0.6016780138015747
0.05818037499999998,0.0034223749999999996,17.0,1.4260011350992439,-0.41044499622043906,0.2329533973150683,0.000765224739823467,-1.121160280343717e-6,0.00033935011143562845,0.06876297291780718,-0.0011030137538909912,0.06155833974480629,0.0030580759048461914,-0.4237098693847656,-0.1926308572292328,0.07389163970947266,-0.4215264618396759,0.6032084822654724,-0.49615734815597534,0.5724756717681885,-0.3286345601081848,-0.6212710738182068
0.05818037499999998,0.0034223749999999996,17.0,1.3881802768922253,-0.37264210865492037,0.23309723527129944,0.0009398718482399602,4.538099280264973e-7,0.0004155020564362816,0.06877380195594053,-0.004004776477813721,0.06403478980064392,0.0065746009349823,-0.43618953227996826,-0.19440649449825287,0.09904217720031738,-0.40434592962265015,0.6364213228225708,-0.49230048060417175,0.5782544612884521,-0.3154245615005493,-0.6432845592498779
0.05818037499999998,0.0034223749999999996,17.0,1.349535775402016,-0.33402732878399877,0.23325740288868,0.001120922610950303,1.3856802856435168e-6,0.0004950274190907175,0.0687759288667701,-0.005422413349151611,0.06523982435464859,0.010877996683120728,-0.4394129514694214,-0.1934182047843933,0.11030149459838867,-0.404680073261261,0.6446213722229004,-0.477105051279068,0.5841856002807617,-0.3345821797847748,-0.6492043733596802
0.05818037499999998,0.0034223749999999996,17.0,1.310121296019121,-0.2945726942953653,0.23339074538391655,0.0013078252334882837,1.5421880393853582e-6,0.0005776025657198123,0.06877101990272053,-0.005737751722335815,0.06651302427053452,0.01355433464050293,-0.4382057785987854,-0.19863532483577728,0.11848759651184082,-0.40113285183906555,0.6444030404090881,-0.4677773416042328,0.589127779006958,-0.34754008054733276,-0.6522917747497559
0.05818037499999998,0.0034223749999999996,17.0,1.269831273593182,-0.2543112447348974,0.23343553942639947,0.0014973937602356128,4.957900702378463e-6,0.0006615207214890691,0.06877732760185036,-0.005457013845443726,0.06669998914003372,0.016075313091278076,-0.4343995451927185,-0.19096407294273376,0.11011648178100586,-0.38875606656074524,0.6403070688247681,-0.44599708914756775,0.5784487724304199,-0.36365002393722534,-0.6525290012359619
0.05818037499999998,0.0034223749999999996,17.0,1.2287370356859133,-0.2132314864957412,0.23353787083406194,0.0016841810380192489,7.722322918237434e-6,0.0007434911693017971,0.06878124458111358,-0.004508614540100098,0.0664587914943695,0.01778772473335266,-0.4281999468803406,-0.17964325845241547,0.09396719932556152,-0.37072306871414185,0.6323819160461426,-0.42402058839797974,0.5605909824371338,-0.37706223130226135,-0.6509593725204468
0.05818037499999998,0.0034223749999999996,17.0,1.1867977626322077,-0.17132905755682612,0.2336949944189322,0.001854548367898684,1.0401194103456126e-5,0.0008182612207237456,0.06878592653821351,-0.0030647218227386475,0.06569622457027435,0.019561797380447388,-0.42042720317840576,-0.16251972317695618,0.06943702697753906,-0.35071733593940735,0.6254453063011169,-0.40723341703414917,0.5380473136901855,-0.38736575841903687,-0.65098637342453
0.05818037499999998,0.0034223749999999996,17.0,1.1439461596907066,-0.12861766913252246,0.23395200877973638,0.0019822294884732105,1.0914887249099827e-5,0.0008728247135372617,0.06878839052384021,-0.0036101043224334717,0.06371200084686279,0.02397984266281128,-0.4109092354774475,-0.15393760800361633,0.03158116340637207,-0.34241992235183716,0.6323245167732239,-0.426160603761673,0.5278220176696777,-0.335491806268692,-0.6613539457321167
0.05818037499999998,0.0034223749999999996,17.0,1.0998897984028304,-0.08521330619234568,0.23434101746952732,0.0020134376383779775,5.152340354883995e-6,0.0008830059422074542,0.06876954392652762,-0.011565178632736206,0.0593305379152298,0.031694114208221436,-0.3668901324272156,-0.26725223660469055,0.0033292770385742188,-0.3535895049571991,0.6172653436660767,-0.5659303665161133,0.5432436466217041,-0.03442680090665817,-0.6712093353271484
0.05818037499999998,0.0034223749999999996,17.0,1.0546695873730825,-0.04128684748251319,0.2356736215683615,0.0017924549018221597,-1.2162090839389528e-5,0.0007888677935838746,0.06868905516128153,-0.00036665797233581543,0.015156124718487263,0.010116040706634521,-0.11665484309196472,-0.27098119258880615,-0.7869763374328613,-0.03916162997484207,-0.019953906536102295,-0.63079434633255,0.09749674797058105,0.5974968671798706,-0.24049526453018188
0.05818037499999998,0.0034223749999999996,17.0,1.0084269712005205,0.00317744876054069,0.23576771690213497,1.0807848916011024e-15,1.0551360568705274e-15,1.1336015300158112e-15,0.06906907889557612,-0.06988081336021423,0.03203286603093147,0.07840612530708313,0.25338637828826904,-0.3242112398147583,-1.1292850971221924,-0.6987853050231934,-0.834535539150238,-0.696010172367096,0.3361673355102539,0.5350127816200256,0.1520003080368042
0.05818037499999998,0.0034223749999999996,17.0,1.0512679627915151,0.047280855116297586,0.2370140252036695,-0.0017973973132441527,3.825141799456635e-5,-0.0008020267320036217,0.06851115332933089,-0.13919666409492493,8.659367449581623e-5,0.11089208722114563,0.4559842348098755,-0.2023959755897522,-1.2999083995819092,-1.0273369550704956,-1.0980474948883057,-0.8842878341674805,0.20317363739013672,0.6357253789901733,0.21130752563476562
0.05818037499999998,0.0034223749999999996,17.0,1.0948473228512494,0.0908257448003694,0.23750983042611004,-0.002026883510840278,5.821878043564081e-5,-0.0008953223379726759,0.06848933154929975,-0.16843360662460327,-0.021901749074459076,0.12179365754127502,0.5165627598762512,-0.12071968615055084,-1.2741122245788574,-1.1966291666030884,-1.1408820152282715,-0.9830925464630127,0.15407180786132812,0.6564644575119019,0.2073502540588379
0.05818037499999998,0.0034223749999999996,17.0,1.1383094967447012,0.13414403138648692,0.23771432862195196,-0.0019999602505450303,5.941160374722242e-5,-0.0008786980516364104,0.0684827664869192,-0.1755232810974121,-0.029098764061927795,0.1272369921207428,0.5261445045471191,-0.08263856172561646,-1.2532141208648682,-1.22549307346344,-1.1215276718139648,-1.0318820476531982,0.14286041259765625,0.6681311726570129,0.1852460503578186
0.05818037499999998,0.0034223749999999996,17.0,1.1809617597714859,0.176682707288698,0.23794292592697425,-0.00187407476075276,5.583408277714463e-5,-0.0008184221319340482,0.06847116411240917,-0.1812077760696411,-0.0339510440826416,0.13414844870567322,0.5432831645011902,-0.0344000905752182,-1.2728745937347412,-1.2310395240783691,-1.110377550125122,-1.0617902278900146,0.15256834030151367,0.6356276273727417,0.16020232439041138
0.05818037499999998,0.0034223749999999996,17.0,1.2229912098786846,0.21837036416387462,0.23813755062564287,-0.0017058549732844432,4.823638072245137e-5,-0.0007367799254277582,0.06845136715666925,-0.18126556277275085,-0.03657520189881325,0.13825276494026184,0.5510438680648804,-0.020070817321538925,-1.278480052947998,-1.2130557298660278,-1.1017036437988281,-1.0659137964248657,0.1425156593322754,0.6486890316009521,0.1457011103630066
0.05818037499999998,0.0034223749999999996,17.0,1.2641992460523537,0.2593063324608151,0.23835609716666314,-0.0015202553188433897,4.108602928716121e-5,-0.0006492066402344114,0.06843195128705022,-0.18026670813560486,-0.0388355478644371,0.1420685350894928,0.5606858730316162,-0.0006395238451659679,-1.2886056900024414,-1.1886557340621948,-1.0980761051177979,-1.0653252601623535,0.1282520294189453,0.6556927561759949,0.13382065296173096
0.05818037499999998,0.0034223749999999996,17.0,1.3048391712693113,0.30093535235268853,0.2352732169061658,-0.0013235901694546642,2.1369350565825136e-5,-0.0005656056294264304,0.068535655499541,-0.17390155792236328,-0.03868866339325905,0.1427401602268219,0.5676873922348022,0.027387715876102448,-1.263906717300415,-1.1367902755737305,-1.104600191116333,-1.0783735513687134,0.07053256034851074,0.6622829437255859,0.12976837158203125
0.05818037499999998,0.0034223749999999996,17.0,1.3441586532261043,0.3402627183868317,0.2354796095519943,-0.0011343725139628053,1.7514747792877312e-5,-0.0004851400338792523,0.06853813312759388,-0.17489701509475708,-0.04259928688406944,0.14746925234794617,0.5841025114059448,0.04230988398194313,-1.2895233631134033,-1.1087397336959839,-1.1078362464904785,-1.0583420991897583,0.07189130783081055,0.6689519286155701,0.12128430604934692
0.05818037499999998,0.0034223749999999996,17.0,1.3828359012950981,0.37880515602703557,0.2355774861361367,-0.0009516862416567384,1.3813519268111796e-5,-0.0004057690361042042,0.06853900676241845,-0.17135992646217346,-0.04444491118192673,0.14980706572532654,0.597801685333252,0.07280419766902924,-1.2951345443725586,-1.067702293395996,-1.1149094104766846,-1.0537073612213135,0.03945112228393555,0.6633884906768799,0.1148444414138794
0.05818037499999998,0.0034223749999999996,17.0,1.4206036004134173,0.4165252503195441,0.23568906438539375,-0.00077482610471226,1.0499827531749711e-5,-0.0003305218048860849,0.06854437519634711,-0.16781315207481384,-0.047199055552482605,0.1516726315021515,0.6072112321853638,0.06773854792118073,-1.2907233238220215,-1.0179424285888672,-1.1166179180145264,-1.0325682163238525,0.01367950439453125,0.6974384188652039,0.11078047752380371
0.05818037499999998,0.0034223749999999996,17.0,1.4576191493476958,0.453372882918838,0.2357957037441751,-0.0006046367321543281,7.542763483546169e-6,-0.0002570275108936733,0.06854365191708982,-0.16309994459152222,-0.05069325119256973,0.15390124917030334,0.622520923614502,0.09660405665636063,-1.3005361557006836,-0.961630642414093,-1.1250245571136475,-1.0228655338287354,-0.025887727737426758,0.6974964141845703,0.1064002513885498
0.05818037499999998,0.0034223749999999996,17.0,1.4938122193195444,0.48937575045372306,0.23587880312884785,-0.00043946362298373184,4.948055108433014e-6,-0.00018608159231226341,0.06854280387459818,-0.15611469745635986,-0.0630628913640976,0.15192291140556335,0.6326353549957275,0.1286941021680832,-1.3137760162353516,-0.8623433709144592,-1.1547768115997314,-0.9832587242126465,-0.0991213321685791,0.7246796488761902,0.14257675409317017
0.05818037499999998,0.0034223749999999996,17.0,1.52952155872208,0.5245195549086873,0.2358619362614919,-0.00027806985263182575,2.2830675130287775e-6,-0.00011698466690231357,0.06855329520839304,-0.13872838020324707,-0.07789964228868484,0.14680305123329163,0.6521857380867004,0.14048512279987335,-1.2570583820343018,-0.713381290435791,-1.218799352645874,-0.9449319243431091,-0.31074094772338867,0.8089433908462524,0.2068045735359192
0.05818037499999998,0.0034223749999999996,17.0,1.5642342512391438,0.5587841698945141,0.2358716688019578,-0.00011920166218206766,7.394784157024765e-7,-4.967293706405074e-5,0.06855491010131365,-0.1466052532196045,-0.1225222572684288,0.1817643940448761,1.2184576988220215,-0.05890975892543793,-1.6091413497924805,-0.5369980931282043,-1.8179831504821777,-0.7651549577713013,-1.3187189102172852,0.2222946137189865,0.4525142312049866
0.05818037499999998,0.0034223749999999996,17.0,1.5977756895544213,0.5919157293470144,0.2361726034164523,3.8832030366354413e-5,-1.4197840750099693e-7,1.5796936164342863e-5,0.06854992557668313,-0.14698335528373718,-0.1216466948390007,0.20425710082054138,1.4032667875289917,-0.18905241787433624,-1.7325739860534668,-0.6214732527732849,-1.836714267730713,-0.8138521313667297,-1.5031590461730957,0.173651322722435,0.29826050996780396
0.05818037499999998,0.0034223749999999996,17.0,1.6304482905717184,0.6241407317875456,0.23671117268040232,0.00019824001655232787,-4.1445810553909007e-7,7.787151834857022e-5,0.0685333051986272,-0.1490989625453949,-0.12096349895000458,0.23076841235160828,1.5876307487487793,-0.3513977825641632,-1.886425495147705,-0.7137918472290039,-1.8356971740722656,-0.8786399364471436,-1.7129368782043457,0.2077057659626007,0.12098324298858643
0.05818037499999998,0.0034223749999999996,17.0,1.6622213153253842,0.6554737559465964,0.23757816842049562,0.0003612361436883396,-8.244337490472827e-7,0.00013431565096081198,0.06851256342497503,-0.15624994039535522,-0.11755320429801941,0.2582729160785675,1.7502022981643677,-0.4885600507259369,-2.049409866333008,-0.8118234872817993,-1.8245608806610107,-0.9835834503173828,-1.877333402633667,0.2404164969921112,-0.053032755851745605
0.05818037499999998,0.0034223749999999996,17.0,1.6930663807748734,0.6861888551174239,0.2386089972643276,0.00052878164020641,-3.1850041884790365e-6,0.00018512255318015126,0.06849386030153348,-0.15873298048973083,-0.11726993322372437,0.27724120020866394,1.8463937044143677,-0.632770299911499,-2.088209629058838,-0.8904816508293152,-1.7965385913848877,-1.0285990238189697,-2.0833587646484375,0.35996362566947937,-0.17321300506591797
0.05818037499999998,0.0034223749999999996,17.0,1.7230559896651019,0.7163789161238261,0.24032259653154947,0.0007019914326554499,-1.004312905859488e-5,0.00022811056276710213,0.06849292386280198,-0.16169226169586182,-0.11341947317123413,0.2850740849971771,1.897444486618042,-0.678129255771637,-2.092129707336426,-0.9316076636314392,-1.7849085330963135,-1.0997693538665771,-2.160355567932129,0.3714321553707123,-0.2364135980606079
0.05818037499999998,0.0034223749999999996,17.0,1.7523658381060476,0.7460190019062282,0.24156851531523657,0.0008782171786807848,-1.8792246595016324e-5,0.00027298752572622295,0.06850602131278415,-0.1636643409729004,-0.11004094034433365,0.29019930958747864,1.9320247173309326,-0.7022887468338013,-2.0936670303344727,-0.960356593132019,-1.7829551696777344,-1.1514102220535278,-2.2195234298706055,0.3554607033729553,-0.2742059528827667
0.05818037499999998,0.0034223749999999996,17.0,1.7809546841744541,0.7746620383574767,0.24227608657150168,0.001058420214299851,-2.6373115308444728e-5,0.00032142852729924275,0.0685096230725095,-0.16578331589698792,-0.10856335610151291,0.2947011888027191,1.960627555847168,-0.7184221744537354,-2.114647388458252,-0.9781705141067505,-1.791872501373291,-1.1809579133987427,-2.2571592330932617,0.32757484912872314,-0.2949894964694977
0.05818037499999998,0.0034223749999999996,17.0,1.8088084538734674,0.8024743806813259,0.2427844037926068,0.001243763388899904,-3.4042510113759797e-5,0.000370528152557481,0.06851511221106792,-0.16469722986221313,-0.10783334076404572,0.2951110899448395,1.9656941890716553,-0.723936915397644,-2.084348678588867,-0.9882798194885254,-1.7971992492675781,-1.1877555847167969,-2.3108949661254883,0.31414198875427246,-0.2935488224029541
0.05818037499999998,0.0034223749999999996,17.0,1.835853035083442,0.8294814208593161,0.24318499847097147,0.0014341844821328263,-4.161856766667497e-5,0.00042216863540252546,0.06851825139643371,-0.16709968447685242,-0.10783739387989044,0.30196109414100647,2.002171516418457,-0.7280147671699524,-2.153099536895752,-0.9945425987243652,-1.813403606414795,-1.2010211944580078,-2.316244125366211,0.2598119080066681,-0.31679806113243103
0.05818037499999998,0.0034223749999999996,17.0,1.8622866468990797,0.8555567439033012,0.24327379936066468,0.0016306344501405025,-4.836947780575699e-5,0.00047373721485748267,0.06851916829638043,-0.16676291823387146,-0.10931850969791412,0.3063935339450836,2.021315574645996,-0.7323106527328491,-2.1768617630004883,-0.9959765672683716,-1.8245415687561035,-1.1903340816497803,-2.3462753295898438,0.23810520768165588,-0.3251694142818451
0.05818037499999998,0.0034223749999999996,17.0,1.8875621010943524,0.8808879685199199,0.2435936939782222,0.0018314295177166908,-5.6027899650942574e-5,0.0005297296933126596,0.06852238259181793,-0.16133195161819458,-0.10719605535268784,0.30720922350883484,2.002624034881592,-0.6972274780273438,-2.1036620140075684,-1.0126476287841797,-1.8457658290863037,-1.2391932010650635,-2.4381935596466064,0.2105877548456192,-0.2876321077346802
0.05818037499999998,0.0034223749999999996,17.0,1.9121658436519193,0.9053936715312761,0.2436306144360622,0.002037976258139764,-6.323065354558461e-5,0.000584250106851104,0.06852731339494741,-0.15978670120239258,-0.10960377752780914,0.30862095952033997,2.003634214401245,-0.7056934833526611,-2.0876035690307617,-1.0114471912384033,-1.8536860942840576,-1.2150812149047852,-2.483238458633423,0.21632012724876404,-0.2784382104873657
0.05818037499999998,0.0034223749999999996,17.0,1.9357203625741868,0.9290072302264932,0.2438797600059753,0.0022483820073286565,-7.111496445451759e-5,0.0006433910885520035,0.06852672682526974,-0.16215792298316956,-0.11095988750457764,0.31424787640571594,2.031757354736328,-0.7125536799430847,-2.1531033515930176,-1.0092189311981201,-1.866894245147705,-1.212489128112793,-2.4805946350097656,0.17690935730934143,-0.2949681282043457
0.05818037499999998,0.0034223749999999996,17.0,1.9585075335887001,0.9517545582391203,0.24406305839463519,0.002462146530661279,-7.762349383842944e-5,0.000704035744989434,0.06853006334375979,-0.16199126839637756,-0.11330866068601608,0.31801459193229675,2.0432896614074707,-0.7155412435531616,-2.17476224899292,-1.0069477558135986,-1.877242088317871,-1.1987358331680298,-2.5018723011016846,0.16610290110111237,-0.29579052329063416
0.05818037499999998,0.0034223749999999996,17.0,1.9804549239699232,0.9736642792025024,0.24422865825096723,0.0026785832595494735,-8.426774585073938e-5,0.0007654857709564802,0.0685332311480969,-0.16208437085151672,-0.11559010297060013,0.3215486705303192,2.054123878479004,-0.7186222672462463,-2.198108673095703,-1.0036065578460693,-1.887033462524414,-1.1867704391479492,-2.518606662750244,0.15597622096538544,-0.2964639961719513
0.05818037499999998,0.0034223749999999996,17.0,2.001547903492783,0.994750619327866,0.2445069722717871,0.002895387382817785,-9.165196180932708e-5,0.0008304496905213301,0.06853772808894688,-0.1633923053741455,-0.11768317222595215,0.327716201543808,2.0722341537475586,-0.7072368264198303,-2.260744094848633,-1.0019659996032715,-1.9094867706298828,-1.2021336555480957,-2.5152697563171387,0.12283547967672348,-0.2949201166629791
0.05818037499999998,0.0034223749999999996,17.0,2.021699817338555,1.014919392480635,0.24477791513397,0.00311246258448777,-9.668104908145527e-5,0.0008946572024638963,0.06854093974931261,-0.1651025116443634,-0.12136071920394897,0.3326427638530731,2.0964813232421875,-0.7253475189208984,-2.3283352851867676,-0.9888370037078857,-1.9134325981140137,-1.1705328226089478,-2.5041863918304443,0.12150511890649796,-0.31509172916412354
0.05818037499999998,0.0034223749999999996,17.0,2.041096254340398,1.0343115110514007,0.24499067388243423,0.003327720565786968,-0.0001021025474336023,0.0009582127859872453,0.06854389635707221,-0.1655501425266266,-0.12485597282648087,0.33629873394966125,2.113609552383423,-0.7378256916999817,-2.3728384971618652,-0.9764400720596313,-1.9145267009735107,-1.1369454860687256,-2.501368761062622,0.12521782517433167,-0.3304079473018646
0.05818037499999998,0.0034223749999999996,17.0,2.0596424756798295,1.0529578435136164,0.2452245347271358,0.0035387213628710504,-0.00010913079763553155,0.001022180889599404,0.06854675992676612,-0.16773805022239685,-0.12544792890548706,0.3431197702884674,2.14037823677063,-0.7289055585861206,-2.45335054397583,-0.9755964875221252,-1.9318296909332275,-1.1620244979858398,-2.487288236618042,0.0735398381948471,-0.344300776720047
0.05818037499999998,0.0034223749999999996,17.0,2.077508268657536,1.0706575042607844,0.2453238435211798,0.0037449491335808764,-0.00011517316608110062,0.0010807842614766372,0.06855032154485428,-0.1669287085533142,-0.12834279239177704,0.3450256884098053,2.141080617904663,-0.7291821837425232,-2.464925765991211,-0.968951940536499,-1.9392633438110352,-1.1486061811447144,-2.49758243560791,0.083783820271492,-0.3364376425743103
0.05818037499999998,0.0034223749999999996,17.0,2.094395260766467,1.0875389193492548,0.24548421716790103,0.00394284795848522,-0.00011875103227431532,0.00114039460790183,0.06855181614343032,-0.16659501194953918,-0.13121061027050018,0.34666433930397034,2.1493077278137207,-0.7398241758346558,-2.4854116439819336,-0.9578560590744019,-1.9355738162994385,-1.1170494556427002,-2.5004117488861084,0.09479332715272903,-0.3466263711452484
0.05818037499999998,0.0034223749999999996,17.0,2.1104480301385573,1.10363756222498,0.24570792076610964,0.00413083939393761,-0.0001237470133344699,0.001199227569148727,0.0685529004934752,-0.16910970211029053,-0.13316237926483154,0.3514881432056427,2.1764206886291504,-0.742307186126709,-2.5670337677001953,-0.9474497437477112,-1.9410998821258545,-1.1130117177963257,-2.4725558757781982,0.06534729152917862,-0.3704081177711487
0.05818037499999998,0.0034223749999999996,17.0,2.1257359705665704,1.1189529674987904,0.2457240903975387,0.004309213174198218,-0.00012658473189043786,0.0012516176309177022,0.06855517483070407,-0.1686178743839264,-0.1346687525510788,0.3523600399494171,2.182215690612793,-0.7426027059555054,-2.5757265090942383,-0.9408348202705383,-1.9390466213226318,-1.0935144424438477,-2.4820053577423096,0.058761171996593475,-0.377383828163147
0.05818037499999998,0.0034223749999999996,17.0,2.1402248678186533,1.1333816130893737,0.24574602048693794,0.0044775843044102875,-0.00013001057406990073,0.0012971724941207333,0.0685580600516927,-0.16744732856750488,-0.13534636795520782,0.3534105718135834,2.1819076538085938,-0.7381022572517395,-2.5741238594055176,-0.9388689994812012,-1.9422435760498047,-1.0836892127990723,-2.510176420211792,0.044913649559020996,-0.37397369742393494
0.05818037499999998,0.0034223749999999996,17.0,2.15391338040921,1.1470011885812905,0.2457052325931881,0.00463602437536199,-0.0001328267892387544,0.0013381498433073637,0.06855992455745365,-0.16612809896469116,-0.13619443774223328,0.35253313183784485,2.1792731285095215,-0.7370474338531494,-2.5583596229553223,-0.93417888879776,-1.9377388954162598,-1.0580358505249023,-2.5348963737487793,0.03707105666399002,-0.3742603063583374
0.05818037499999998,0.0034223749999999996,17.0,2.1666572816291234,1.1598591006501044,0.2457666474917551,0.004783872212736055,-0.00013719012069374138,0.001383252728098029,0.06855853602027669,-0.16721826791763306,-0.13627184927463531,0.35440346598625183,2.195575714111328,-0.7279136776924133,-2.596224784851074,-0.930629551410675,-1.9404621124267578,-1.0549370050430298,-2.524212121963501,-0.0030379947274923325,-0.3897447884082794
0.05818037499999998,0.0034223749999999996,17.0,2.178427677138303,1.1719436017221017,0.24603698430129334,0.0049233225305362555,-0.00014484530158631988,0.0014353334849240293,0.06855270517435105,-0.17249372601509094,-0.13527007400989532,0.3608144223690033,2.242100238800049,-0.7029385566711426,-2.7217888832092285,-0.9271724820137024,-1.9527966976165771,-1.0960462093353271,-2.4513933658599854,-0.09917981922626495,-0.4309903085231781
0.05818037499999998,0.0034223749999999996,17.0,2.189364639298803,1.1832026449992858,0.24636168103440304,0.005059963818795376,-0.00015404324040900702,0.0014880898838318024,0.06854767067071774,-0.17874574661254883,-0.13336972892284393,0.36840441823005676,2.290067672729492,-0.6658125519752502,-2.8592987060546875,-0.9288823008537292,-1.9720280170440674,-1.1594794988632202,-2.372286081314087,-0.2186110019683838,-0.4688454270362854
0.05818037499999998,0.0034223749999999996,17.0,2.1995002423401924,1.1935920980534436,0.24660051310190753,0.005201451747018685,-0.00016181416003361137,0.0015401244088364867,0.06854204706778609,-0.18192830681800842,-0.13230670988559723,0.3718154728412628,2.31624174118042,-0.6367344856262207,-2.924088478088379,-0.9312213063240051,-1.980581521987915,-1.1892586946487427,-2.3304755687713623,-0.294024258852005,-0.49105122685432434
0.05818037499999998,0.0034223749999999996,17.0,2.2087895067935825,1.2031337893362344,0.2468533900467699,0.005356901073695343,-0.00017055943887478114,0.0015966529448572782,0.06853682220305901,-0.1861151158809662,-0.13096453249454498,0.37595632672309875,2.346299648284912,-0.607419490814209,-3.00467586517334,-0.9338778853416443,-1.9905531406402588,-1.2238402366638184,-2.2786343097686768,-0.37790974974632263,-0.5167893171310425
0.05818037499999998,0.0034223749999999996,17.0,2.217266126819733,1.2118488298811798,0.24713621019445559,0.005542708725819617,-0.00018243594788115773,0.0016625991359945024,0.06853273791802736,-0.1895911693572998,-0.12952682375907898,0.38004186749458313,2.369378089904785,-0.5739701986312866,-3.072640895843506,-0.9397130012512207,-2.0039291381835938,-1.2604204416275024,-2.2390458583831787,-0.4596361815929413,-0.5323377847671509
0.05818037499999998,0.0034223749999999996,17.0,2.224354962283765,1.2188018896128658,0.2511610271238146,0.005796829546432564,-0.00026241036530167414,0.001742270059441752,0.06848080032917149,-0.19753527641296387,-0.12738195061683655,0.38331732153892517,2.4276273250579834,-0.5801361799240112,-3.1847028732299805,-0.9330504536628723,-1.9920434951782227,-1.2678887844085693,-2.142251968383789,-0.5351368188858032,-0.6084953546524048
0.05818037499999998,0.0034223749999999996,17.0,2.2312242350411884,1.2258365275017022,0.2513494621707184,0.00616579235518183,-0.0002835925066867992,0.0018635866088808847,0.06847956365163756,-0.20045879483222961,-0.1264163702726364,0.38701221346855164,2.4460949897766113,-0.5529242753982544,-3.2446117401123047,-0.9372836947441101,-2.00338077545166,-1.2917753458023071,-2.10797119140625,-0.6026867032051086,-0.6206998825073242
0.05818037499999998,0.0034223749999999996,17.0,2.2372561527018306,1.2320536190012874,0.25149316335202576,0.006812349624021745,-0.00031657234403926967,0.0020698472794557464,0.06847699177354281,-0.20363688468933105,-0.1257951259613037,0.3905291259288788,2.4676706790924072,-0.5357688069343567,-3.310359001159668,-0.9384440779685974,-2.0108160972595215,-1.300775170326233,-2.0666520595550537,-0.6587120294570923,-0.639312207698822
0.05818037499999998,0.0034223749999999996,17.0,2.2425519573697135,1.2374011438067538,0.25166702580087463,0.00827977983307197,-0.0003914871365318188,0.0025257894397691517,0.0684786713505557,-0.20439785718917847,-0.1253030151128769,0.3931753933429718,2.4702553749084473,-0.5078306794166565,-3.3384323120117188,-0.9496329426765442,-2.029740810394287,-1.3062688112258911,-2.055586338043213,-0.6956073641777039,-0.6264435052871704
0.05818037499999998,0.0034223749999999996,17.0,2.2471246562278813,1.2418602430332446,0.25210539402094306,0.015333041026273747,-0.0007459840657641955,0.004730213144031799,0.06848900998175286,-0.20463398098945618,-0.12665580213069916,0.4021172821521759,2.4698188304901123,-0.4563809633255005,-3.426215171813965,-0.9812288880348206,-2.0878939628601074,-1.2550203800201416,-2.0183815956115723,-0.7163094282150269,-0.5754764080047607
0.05818037499999998,0.0034223749999999996,17.0,2.25438854233013,-1.240129057996026,0.23009976528991577,-8.107926597479288e-5,7.616417803507575e-5,-5.2617368083849405e-6,0.0690119383578612,0.024677634239196777,0.026100460439920425,-0.1336897909641266,0.4016220271587372,0.6427748799324036,-1.2182722091674805,0.2905866205692291,-0.8085867762565613,-0.5155742764472961,0.316270112991333,-1.4419440031051636,-0.010909020900726318
0.05818037499999998,0.0034223749999999996,17.0,2.269681430593066,-1.2400634510569686,0.23749644133684727,0.0009955735537206896,-0.0009360934035002825,6.833503075902188e-5,0.06900351310079325,0.023470312356948853,0.027649927884340286,-0.13164454698562622,0.4292338490486145,0.6782294511795044,-1.2525854110717773,0.2820460796356201,-0.8280898928642273,-0.48687082529067993,0.2796311378479004,-1.5175652503967285,-0.01710975170135498
0.05818037499999998,0.0034223749999999996,17.0,2.249501258525116,-1.2351913083430963,0.23013098720058253,-0.0002721423866996935,0.00025590159897026754,-1.7680997663687415e-5,0.06900320110225669,0.024608105421066284,0.02630504220724106,-0.13405579328536987,0.3904018998146057,0.6284734010696411,-1.2163984775543213,0.27816781401634216,-0.789232075214386,-0.5236077904701233,0.34397411346435547,-1.426112174987793,-0.018870234489440918
0.05818037499999998,0.0034223749999999996,17.0,2.2648786335049476,-1.2350588501819513,0.23724726935030097,0.00334650229813275,-0.003150661528977552,0.0002299784960949655,0.06898481192763402,0.025598272681236267,0.02890562266111374,-0.13435566425323486,0.4053496718406677,0.6411075592041016,-1.2397761344909668,0.2688160538673401,-0.7795292735099792,-0.4964924156665802,0.3170444965362549,-1.4995323419570923,-0.03695112466812134
0.05818037499999998,0.0034223749999999996,17.0,2.2436920132666156,-1.2294228824182194,0.2301257486496103,-0.00040980998871743184,0.00038538066732369,-2.6767292147225716e-5,0.0690031593107702,0.023699864745140076,0.026208482682704926,-0.13228845596313477,0.3874474763870239,0.6270064115524292,-1.2381384372711182,0.26867222785949707,-0.7860156893730164,-0.5186534523963928,0.3598334789276123,-1.4254077672958374,-0.02062833309173584
0.05818037499999998,0.0034223749999999996,17.0,2.25919856553218,-1.2292459573515093,0.23717733921828812,0.005034420627294857,-0.004746975794698777,0.000347867294265338,0.06896800085066211,0.026982933282852173,0.029642783105373383,-0.13567155599594116,0.3861861228942871,0.6104848980903625,-1.2391746044158936,0.26067155599594116,-0.7438601851463318,-0.4999335706233978,0.3487555980682373,-1.4832504987716675,-0.05087512731552124
0.05818037499999998,0.0034223749999999996,17.0,2.2371248529293326,-1.222820907563923,0.23016163437098458,-0.0005635535167937795,0.000530569665113744,-3.702759748548941e-5,0.06899208406665268,0.023469850420951843,0.026338137686252594,-0.13198065757751465,0.3739205002784729,0.6090930104255676,-1.2397730350494385,0.2513207495212555,-0.7624605298042297,-0.525831401348114,0.39406418800354004,-1.4087413549423218,-0.03045034408569336
0.05818037499999998,0.0034223749999999996,17.0,2.2526932200657703,-1.2226170509961662,0.23706903938541501,0.006923896273821242,-0.006537232121984562,0.0004804753501349829,0.06895137072443618,0.028422579169273376,0.030427586287260056,-0.13695555925369263,0.3652392327785492,0.5789847373962402,-1.2348136901855469,0.24731281399726868,-0.7039951682090759,-0.505787193775177,0.3844001293182373,-1.4682241678237915,-0.06655216217041016
0.05818037499999998,0.0034223749999999996,17.0,2.2296487997734307,-1.2153889514090028,0.2301929932605644,-0.0007366234941428253,0.0006939415673343666,-4.882433060184478e-5,0.06898748785909366,0.02289070188999176,0.02602366730570793,-0.13052302598953247,0.3662661910057068,0.5996026396751404,-1.2524242401123047,0.24305224418640137,-0.7531072497367859,-0.5255328416824341,0.4151182174682617,-1.3988914489746094,-0.03329920768737793
0.05818037499999998,0.0034223749999999996,17.0,2.2453767895694416,-1.2151580619972862,0.23702787217329013,0.009024980782698372,-0.008534481453608739,0.0006286258276591356,0.06893122097972623,0.03004954755306244,0.031120892614126205,-0.1379774808883667,0.34191951155662537,0.541382372379303,-1.23276686668396,0.23622317612171173,-0.6617854237556458,-0.5093689560890198,0.4222249984741211,-1.4499950408935547,-0.08248651027679443
0.05818037499999998,0.0034223749999999996,17.0,2.2213972923221728,-1.2071364534471491,0.23027759492551358,-0.0009295562474995802,0.0008765641601704633,-6.203375567892588e-5,0.06897816674692442,0.022172585129737854,0.025775734335184097,-0.1286676824092865,0.3566652536392212,0.5879842042922974,-1.2647042274475098,0.22718696296215057,-0.7383729815483093,-0.5263193249702454,0.4428689479827881,-1.3894370794296265,-0.03911834955215454
0.05818037499999998,0.0034223749999999996,17.0,2.237196655526529,-1.2068679784652228,0.23695079088525792,0.01133914132092728,-0.01074156465802321,0.0007968294399130051,0.06890988003313153,0.03177981078624725,0.03169986978173256,-0.13876724243164062,0.31658610701560974,0.5012749433517456,-1.2274458408355713,0.22116772830486298,-0.6159420609474182,-0.5142015218734741,0.46338915824890137,-1.4319065809249878,-0.09954708814620972
0.05818037499999998,0.0034223749999999996,17.0,2.2122882350739546,-1.1980684459051651,0.23030532871864565,-0.0011434693800544845,0.0010786572926678574,-7.66151757166078e-5,0.06897014550297263,0.022124946117401123,0.025136180222034454,-0.12754416465759277,0.3419160842895508,0.5655136108398438,-1.264362096786499,0.21986745297908783,-0.7193319201469421,-0.5321030020713806,0.4719221591949463,-1.3665704727172852,-0.04403328895568848
0.05818037499999998,0.0034223749999999996,17.0,2.228203482795773,-1.1977576552521265,0.23693834967093116,0.013865917145124569,-0.013152316600009645,0.0009777667337119613,0.06889058441391799,0.03345128893852234,0.03210264816880226,-0.1387825310230255,0.29338741302490234,0.4626232385635376,-1.2288916110992432,0.21123579144477844,-0.5763000845909119,-0.5131457448005676,0.4977076053619385,-1.41741144657135,-0.11340075731277466
0.05818037499999998,0.0034223749999999996,17.0,2.2023354232230474,-1.1881698133897975,0.23036707102027365,-0.0013827831378375153,0.0013052647059024517,-9.3297179222803e-5,0.06896042641007338,0.022095024585723877,0.024273503571748734,-0.12583458423614502,0.325186163187027,0.5389447808265686,-1.2628002166748047,0.20849919319152832,-0.6967338919639587,-0.5378716588020325,0.5045671463012695,-1.3413902521133423,-0.05024939775466919
0.05818037499999998,0.0034223749999999996,17.0,2.218372520980689,-1.187821613246094,0.23693672407903468,0.016592442038077478,-0.015765891699069574,0.0011797566333797583,0.06886692818292718,0.03524996340274811,0.03238655626773834,-0.13847407698631287,0.2658854126930237,0.417508989572525,-1.2240734100341797,0.19435596466064453,-0.5290650725364685,-0.5153027176856995,0.5403532981872559,-1.4004781246185303,-0.12994664907455444
0.05818037499999998,0.0034223749999999996,17.0,2.191554008340553,-1.1774548386476285,0.23045085489153322,-0.0016424635361049786,0.0015507178666971486,-0.00011133458135522987,0.0689517508108338,0.02199813723564148,0.023180291056632996,-0.1234898567199707,0.3094170093536377,0.5126581192016602,-1.263782262802124,0.20070382952690125,-0.6783913969993591,-0.5408984422683716,0.5330078601837158,-1.31656014919281,-0.053830742835998535
0.05818037499999998,0.0034223749999999996,17.0,2.2076882667303788,-1.1770591684513918,0.23694773257348636,0.019521708299666284,-0.01856934445912571,0.001397045933794364,0.06884686653367024,0.0370621532201767,0.03243653103709221,-0.13758954405784607,0.24074560403823853,0.3742659389972687,-1.222994089126587,0.18395651876926422,-0.4890899062156677,-0.5129479169845581,0.5742413997650146,-1.385549783706665,-0.14251112937927246
0.05818037499999998,0.0034223749999999996,17.0,2.1799317619221403,-1.1659193576245632,0.23056517139312074,-0.001922885779674923,0.0018154577328271242,-0.0001309067849226602,0.06894408875934589,0.021690592169761658,0.021899495273828506,-0.12035447359085083,0.2956756353378296,0.4892803132534027,-1.2682924270629883,0.1927436888217926,-0.6642716526985168,-0.5413349866867065,0.5576333999633789,-1.294769048690796,-0.05555671453475952
0.05818037499999998,0.0034223749999999996,17.0,2.1961637802651413,-1.1654716372820344,0.23695414875553117,0.022643874520247628,-0.021556006078612744,0.0016289733625134682,0.06882722384345388,0.03917156159877777,0.03227787837386131,-0.13686266541481018,0.21510592103004456,0.3286912441253662,-1.2170605659484863,0.18011584877967834,-0.4509003758430481,-0.5103538036346436,0.6032223701477051,-1.367956519126892,-0.1530921459197998
0.05818037499999998,0.0034223749999999996,17.0,2.1674541035671564,-1.1535419206805326,0.23068838948416537,-0.0022216413550540624,0.002098338545988458,-0.000152480432496175,0.06893486339077635,0.02146601676940918,0.02066342532634735,-0.11740440130233765,0.2823650538921356,0.46669259667396545,-1.2687711715698242,0.18724989891052246,-0.6511796116828918,-0.5425127148628235,0.5789263248443604,-1.2734534740447998,-0.056554198265075684
0.05818037499999998,0.0034223749999999996,17.0,2.183800901977763,-1.1530653365963317,0.23701091340868863,0.025945295160879896,-0.02472255068822884,0.00188137984813591,0.06880686213101322,0.04115830361843109,0.031916726380586624,-0.1354791820049286,0.18963758647441864,0.2830124497413635,-1.2102444171905518,0.17314642667770386,-0.4133816957473755,-0.5070282220840454,0.6318545341491699,-1.352351427078247,-0.1631786823272705
0.05818037499999998,0.0034223749999999996,17.0,2.1542337612093787,-1.1402813677350738,0.23079204906711184,-0.0025340172266832333,0.002393069126031132,-0.00017127803170506622,0.06894100102558283,0.020467057824134827,0.02080439403653145,-0.11601358652114868,0.282907634973526,0.4723146855831146,-1.2874958515167236,0.19092591106891632,-0.6611807942390442,-0.5368532538414001,0.5755770206451416,-1.2691088914871216,-0.05017411708831787
0.05818037499999998,0.0034223749999999996,17.0,2.170722182352824,-1.1397774904653823,0.23703516163415403,0.029416716646345244,-0.028044762645817033,0.0020880818773254856,0.06879857930196143,0.04308618605136871,0.033108264207839966,-0.13620716333389282,0.17348861694335938,0.2573535740375519,-1.2133846282958984,0.17589764297008514,-0.39014720916748047,-0.4965602159500122,0.6387858390808105,-1.3500173091888428,-0.16951483488082886
0.05818037499999998,0.0034223749999999996,17.0,2.1402001867817635,-1.1261840764836126,0.23088250726906034,-0.0028488060037004143,0.002690312224046344,-0.0001890768437687692,0.06894535225704881,0.019999176263809204,0.02109226956963539,-0.11492946743965149,0.27630823850631714,0.4646655321121216,-1.2952995300292969,0.1899075210094452,-0.6596717238426208,-0.5343446731567383,0.5799093246459961,-1.2543888092041016,-0.04768216609954834
0.05818037499999998,0.0034223749999999996,17.0,2.156783690924884,-1.1256552494145655,0.2370584444795655,0.03304877155288624,-0.03153762167969662,0.0023067770455661696,0.06878970110125697,0.04528586566448212,0.034057777374982834,-0.13706615567207336,0.15705551207065582,0.22981737554073334,-1.215245008468628,0.18000416457653046,-0.3677850365638733,-0.48356547951698303,0.6423821449279785,-1.3444141149520874,-0.17494511604309082
0.05818037499999998,0.0034223749999999996,17.0,2.125265609694312,-1.1112441793529986,0.2309963280762938,-0.0031684194035894314,0.002994514434546194,-0.00020864258350877205,0.06894843646938657,0.018987879157066345,0.021323125809431076,-0.11338618397712708,0.27706679701805115,0.4712061882019043,-1.3141753673553467,0.188535675406456,-0.6696121096611023,-0.5284209251403809,0.5751323699951172,-1.249491572380066,-0.041570067405700684
0.05818037499999998,0.0034223749999999996,17.0,2.1419885381760118,-1.1107049865108427,0.23712371722653824,0.03682219807358535,-0.03518616572750624,0.002539593084661548,0.06877762108475219,0.0470651239156723,0.03509364277124405,-0.1371859908103943,0.14369133114814758,0.20827636122703552,-1.2234838008880615,0.17737890779972076,-0.3484479784965515,-0.46660175919532776,0.6448249816894531,-1.3481203317642212,-0.18059992790222168
0.05818037499999998,0.0034223749999999996,17.0,2.109487114710622,-1.0954919900163913,0.23104808234067453,-0.003505199684158894,0.003312746611175629,-0.0002297026769068123,0.06894851133847091,0.018483415246009827,0.021336480975151062,-0.11190640926361084,0.27162960171699524,0.4645141065120697,-1.3225648403167725,0.18699678778648376,-0.6708443760871887,-0.5248618125915527,0.5765807628631592,-1.2344582080841064,-0.037684500217437744
0.05818037499999998,0.0034223749999999996,17.0,2.1263434944649315,-1.0949245387712454,0.2370267065775948,0.04072671662495517,-0.0389180637443333,0.002779000424476474,0.06877486696773132,0.049020275473594666,0.03594336658716202,-0.13870331645011902,0.13410671055316925,0.19362305104732513,-1.226743459701538,0.18159791827201843,-0.335465669631958,-0.45185160636901855,0.6379299163818359,-1.3521506786346436,-0.18320316076278687
0.05818037499999998,0.0034223749999999996,17.0,2.092845471541614,-1.0788938701376114,0.23110470654709836,-0.003846265010197619,0.003638160522966576,-0.0002523813332556789,0.06894943419766729,0.017377719283103943,0.021447744220495224,-0.11055561900138855,0.2736769914627075,0.47491779923439026,-1.3364136219024658,0.18178394436836243,-0.680881679058075,-0.524242103099823,0.5719225406646729,-1.2311972379684448,-0.03184586763381958
0.05818037499999998,0.0034223749999999996,17.0,2.109813734968378,-1.0783226396278047,0.23698646925136022,0.044741216393460806,-0.04276798125449308,0.0030668353466446995,0.0687659354463462,0.05079716444015503,0.03651022911071777,-0.13889816403388977,0.12155015766620636,0.1731232851743698,-1.2296009063720703,0.1813811957836151,-0.3188594579696655,-0.43593257665634155,0.6381909847259521,-1.3549214601516724,-0.18718880414962769
0.05818037499999998,0.0034223749999999996,17.0,2.0753861250580967,-1.0614694599799004,0.231207829433812,-0.004194083789011414,0.003970552478803579,-0.00027443985037374117,0.06894638412523858,0.016719624400138855,0.0213589109480381,-0.1083674430847168,0.2664790153503418,0.465874046087265,-1.3416032791137695,0.1728728711605072,-0.6776676774024963,-0.5232535004615784,0.5780844688415527,-1.2159843444824219,-0.030019640922546387
0.05818037499999998,0.0034223749999999996,17.0,2.092487605016615,-1.0609003338794059,0.2369686559749687,0.04883324364469362,-0.0467165299229301,0.003311004969638687,0.06875923515154062,0.05261625349521637,0.03704419732093811,-0.13982003927230835,0.11172768473625183,0.15783362090587616,-1.2319107055664062,0.18314330279827118,-0.3053867816925049,-0.41826945543289185,0.6321752071380615,-1.3594295978546143,-0.19060730934143066
0.05818037499999998,0.0034223749999999996,17.0,2.057108022980515,-1.043237201158143,0.2312488381461372,-0.004565873141901773,0.0043214993441918065,-0.0002960986627631328,0.06894836068862663,0.016239389777183533,0.02116744965314865,-0.10685110092163086,0.26180821657180786,0.46016252040863037,-1.34712815284729,0.17162664234638214,-0.6803649067878723,-0.5209760069847107,0.5760056972503662,-1.1990063190460205,-0.025348544120788574
0.05818037499999998,0.0034223749999999996,17.0,2.074310239761194,-1.0426683882483818,0.2369505025461758,0.052996606030998046,-0.050695164994196865,0.0035759391082363437,0.06875399441063182,0.05427907407283783,0.037141166627407074,-0.13996130228042603,0.10086114704608917,0.1394522786140442,-1.2345554828643799,0.18656636774539948,-0.2926826477050781,-0.39893993735313416,0.6276838779449463,-1.3605459928512573,-0.1928655505180359
0.05818037499999998,0.0034223749999999996,17.0,2.037993461217827,-1.02416161636174,0.2312985236515497,-0.004930192280567114,0.004666563964489889,-0.0003171633804825258,0.06895562014141116,0.015241965651512146,0.02134503424167633,-0.10592299699783325,0.26488953828811646,0.47272610664367676,-1.3610844612121582,0.1715897172689438,-0.694243848323822,-0.5200551152229309,0.5642738342285156,-1.1923071146011353,-0.01767510175704956
0.05818037499999998,0.0034223749999999996,17.0,2.0553070840296743,-1.0236067973781928,0.23689926580301987,0.05722891203497276,-0.05472671633328179,0.003844114062366411,0.0687497732325792,0.056155726313591,0.037201765924692154,-0.1407025158405304,0.08966110646724701,0.12241803109645844,-1.234086275100708,0.1939994990825653,-0.2812151312828064,-0.37865838408470154,0.6196441650390625,-1.359160304069519,-0.1941099762916565
0.05818037499999998,0.0034223749999999996,17.0,2.018044737609149,-1.0042471347991946,0.23142664830074283,-0.005281393688645532,0.005003836783782083,-0.0003381673890092416,0.06895532491045453,0.014143228530883789,0.02136198803782463,-0.10351279377937317,0.2643781304359436,0.4777432382106781,-1.3772423267364502,0.16411443054676056,-0.7021227478981018,-0.5156193375587463,0.5601696968078613,-1.1853901147842407,-0.012295961380004883
0.05818037499999998,0.0034223749999999996,17.0,2.0354699160784215,-1.0037267479034466,0.23692709077943433,0.06149237462469267,-0.0588440202262467,0.004091717544098571,0.06874147617645794,0.057821109890937805,0.03704655542969704,-0.1407809853553772,0.07605203986167908,0.1026371642947197,-1.2304494380950928,0.19507253170013428,-0.2664768099784851,-0.35962849855422974,0.6161489486694336,-1.3571733236312866,-0.19608819484710693
0.05818037499999998,0.0034223749999999996,17.0,1.997330126045183,-0.9835042806111408,0.23155471634286473,-0.005639154003066408,0.005346542557167669,-0.0003567958442288448,0.06895026165739224,0.013532593846321106,0.02149088680744171,-0.10088798403739929,0.25589945912361145,0.46779149770736694,-1.3814842700958252,0.15200462937355042,-0.6983323693275452,-0.51277095079422,0.5630066394805908,-1.169321060180664,-0.010338366031646729
0.05818037499999998,0.0034223749999999996,17.0,2.0148146177097583,-0.9830214096582679,0.2369214324181819,0.06577555340660245,-0.0629565764887742,0.0043043199221061345,0.06873860309692056,0.05907656252384186,0.036979932337999344,-0.141604483127594,0.06832157075405121,0.09323124587535858,-1.2338943481445312,0.1990509033203125,-0.26053088903427124,-0.33879977464675903,0.6054658889770508,-1.361415147781372,-0.19481545686721802
0.05818037499999998,0.0034223749999999996,17.0,1.9757191443197086,-0.9619502278236379,0.2316039195152317,-0.006005272843865352,0.005693694713262434,-0.0003776179207548325,0.06894612786755833,0.01325543224811554,0.021156620234251022,-0.09889465570449829,0.24537889659404755,0.45193594694137573,-1.376020908355713,0.14534085988998413,-0.6930015683174133,-0.5152928829193115,0.5650553703308105,-1.1448166370391846,-0.007032454013824463
0.05818037499999998,0.0034223749999999996,17.0,1.9932839078202484,-0.9614966825768169,0.23693166116297568,0.07008042084522342,-0.06703961356906539,0.004555658792261106,0.06873551573326352,0.06019467115402222,0.036481086164712906,-0.14083528518676758,0.05680951476097107,0.07665932923555374,-1.2358708381652832,0.20178505778312683,-0.25189876556396484,-0.31591513752937317,0.5997779369354248,-1.3592458963394165,-0.19368326663970947
0.05818037499999998,0.0034223749999999996,17.0,1.953319891030013,-0.9395498036902985,0.2316642389904727,-0.006370172427513968,0.00603909287310544,-0.00039384755873480437,0.06895271375631987,0.012372791767120361,0.02138671651482582,-0.0971464216709137,0.24452248215675354,0.45785778760910034,-1.3890221118927002,0.14069803059101105,-0.7026094794273376,-0.511975884437561,0.5551261901855469,-1.134564757347107,-0.00019860267639160156
0.05818037499999998,0.0034223749999999996,17.0,1.9709730200557685,-0.9391368601920767,0.23686676334860493,0.07440016283386475,-0.07105943311225331,0.004738984598691134,0.06873903415325679,0.061447858810424805,0.036205828189849854,-0.14098218083381653,0.04700914025306702,0.067224882543087,-1.2384982109069824,0.2061907798051834,-0.2466440200805664,-0.2912919223308563,0.5881702899932861,-1.3591735363006592,-0.19139564037322998
0.05818037499999998,0.0034223749999999996,17.0,1.930171069654684,-0.9163098988774009,0.23182771501068591,-0.0067282784502479915,0.006384527806914098,-0.00040539253004005885,0.06895376922169791,0.011446744203567505,0.021538976579904556,-0.09512096643447876,0.2427632063627243,0.46270784735679626,-1.3972935676574707,0.13115742802619934,-0.7088813185691833,-0.5131068229675293,0.5489394664764404,-1.1249139308929443,0.005135774612426758
0.05818037499999998,0.0034223749999999996,17.0,1.947853266156571,-0.9159763211661351,0.23699666127805352,0.07866508578997798,-0.07513017498821474,0.004808248032853709,0.06873539670232465,0.062358930706977844,0.035411618649959564,-0.14013072848320007,0.03609591722488403,0.052404336631298065,-1.2397692203521729,0.20867009460926056,-0.24053257703781128,-0.2684800326824188,0.580355167388916,-1.3538538217544556,-0.1886008381843567
0.05818037499999998,0.0034223749999999996,17.0,1.9061105634061886,-0.892228244270092,0.23193486291515658,-0.007066983155916623,0.006713409256923802,-0.0004190349044413673,0.06894855758958401,0.011189818382263184,0.021817922592163086,-0.09294962882995605,0.23243623971939087,0.4490278959274292,-1.394482135772705,0.11961577832698822,-0.7036529183387756,-0.51172935962677,0.5471067428588867,-1.1047126054763794,0.007445693016052246
0.05818037499999998,0.0034223749999999996,17.0,1.9238445629769312,-0.8919773562892642,0.2369915865306067,0.08291025517512336,-0.07915037634418315,0.004929962463948521,0.06873737630710595,0.06306242942810059,0.03481290116906166,-0.14013558626174927,0.02769877016544342,0.04478136822581291,-1.23905611038208,0.20815396308898926,-0.23724639415740967,-0.2518094480037689,0.5706205368041992,-1.3529887199401855,-0.18462467193603516
0.05818037499999998,0.0034223749999999996,17.0,1.881172428067575,-0.8673330617429089,0.2320296820034851,-0.00742264111496681,0.007055618926435181,-0.000435156262239343,0.0689507539767085,0.010515004396438599,0.021801088005304337,-0.09095010161399841,0.23030924797058105,0.45063793659210205,-1.403820276260376,0.11366298794746399,-0.7107450366020203,-0.5091403126716614,0.5383007526397705,-1.0924043655395508,0.013495206832885742
0.05818037499999998,0.0034223749999999996,17.0,1.899033146086263,-0.8671245550699856,0.2370153244764725,0.08707165452450523,-0.08310050202492503,0.005003362414971752,0.06874289653659632,0.06404662132263184,0.0342525988817215,-0.1411234438419342,0.02297729253768921,0.043327074497938156,-1.2424378395080566,0.221731036901474,-0.2400341033935547,-0.22890497744083405,0.552717924118042,-1.3461250066757202,-0.1800057291984558
0.05818037499999998,0.0034223749999999996,17.0,1.8554077155675612,-0.8415972796875221,0.2321831570331213,-0.007784171487342687,0.007407733886277099,-0.0004504291148695743,0.06894544363995445,0.010024935007095337,0.02183552086353302,-0.08813056349754333,0.22245736420154572,0.4406271278858185,-1.4037716388702393,0.1003408282995224,-0.7083942294120789,-0.5079573392868042,0.5364620685577393,-1.076690435409546,0.016646862030029297
0.05818037499999998,0.0034223749999999996,17.0,1.8732712893365004,-0.8413956267380688,0.2370912210957961,0.0911391208351789,-0.08701992017168975,0.005244683060126506,0.06874326024270722,0.06397426128387451,0.034483544528484344,-0.14006242156028748,0.018112778663635254,0.041180115193128586,-1.2474994659423828,0.22274300456047058,-0.24085009098052979,-0.21997307240962982,0.5504441261291504,-1.3397347927093506,-0.1770603060722351
0.05818037499999998,0.0034223749999999996,17.0,1.8288011389370513,-0.8150520684562655,0.23231616396571894,-0.008160912155968772,0.007768217851891526,-0.00046160325690489275,0.06894906868143348,0.009438842535018921,0.02168743684887886,-0.08607614040374756,0.21961578726768494,0.4399596154689789,-1.4107580184936523,0.09550996124744415,-0.7150011658668518,-0.5064002275466919,0.527341365814209,-1.0622620582580566,0.022950828075408936
0.05818037499999998,0.0034223749999999996,17.0,1.8466790642304842,-0.8148388373702389,0.23721894388578033,0.09511948756882826,-0.09085715024474753,0.005414253011917737,0.06874296192649897,0.06370885670185089,0.03475117310881615,-0.13844233751296997,0.012042790651321411,0.036600012332201004,-1.2521650791168213,0.21839164197444916,-0.23968076705932617,-0.21345865726470947,0.5513288974761963,-1.3338755369186401,-0.1745021939277649
0.05818037499999998,0.0034223749999999996,17.0,1.8014611817014163,-0.7876271924859601,0.23253115803053426,-0.00851022473245752,0.008115320996340842,-0.00046339041773008516,0.06894693093266423,0.008943736553192139,0.021755285561084747,-0.08486875891685486,0.21922890841960907,0.44452884793281555,-1.4209065437316895,0.09310540556907654,-0.7242771983146667,-0.5039516091346741,0.5144455432891846,-1.0504385232925415,0.02912074327468872
0.05818037499999998,0.0034223749999999996,17.0,1.8193074890896705,-0.7874419022455407,0.2374910184814105,0.09896995108834311,-0.09476420486428028,0.005457174589337151,0.0687332032123853,0.06377258896827698,0.035006798803806305,-0.13608121871948242,0.00011551380157470703,0.022442329674959183,-1.2471492290496826,0.20873980224132538,-0.23081892728805542,-0.20711061358451843,0.5554811954498291,-1.321337342262268,-0.17422646284103394
0.05818037499999998,0.0034223749999999996,17.0,1.7733585986587195,-0.7593358863250133,0.23279912570664488,-0.008834855744808228,0.008453261562674827,-0.00045744734441739016,0.06893283627714637,0.008367180824279785,0.022112738341093063,-0.08241179585456848,0.21415722370147705,0.4421124756336212,-1.425657033920288,0.08191516995429993,-0.7260228991508484,-0.5007774233818054,0.5059399604797363,-1.0398414134979248,0.0328221321105957
0.05818037499999998,0.0034223749999999996,17.0,1.791084510608892,-0.7591732166575501,0.23765494083053196,0.10270257674351485,-0.09861013794779488,0.005573281936117408,0.0687288002865683,0.0634327083826065,0.03565595671534538,-0.1362108290195465,-0.002098977565765381,0.027641382068395615,-1.252953290939331,0.2039669156074524,-0.23405176401138306,-0.2072037160396576,0.5512521266937256,-1.3238470554351807,-0.16974282264709473
0.05818037499999998,0.0034223749999999996,17.0,1.7441578913247024,-0.7301412655005973,0.2330387756698338,-0.009128170681785727,0.00884489203316364,-0.00041231208848562043,0.06889910823007522,0.007388412952423096,0.021906312555074692,-0.07858437299728394,0.20937365293502808,0.44395580887794495,-1.4310505390167236,0.07259219884872437,-0.7321506142616272,-0.49986496567726135,0.4943990707397461,-1.0285640954971313,0.04015284776687622
0.05818037499999998,0.0034223749999999996,17.0,1.7619788038118158,-0.7300358903608305,0.23776682180012707,0.10628379121222153,-0.1024099927677463,0.005765307087728779,0.06872114098505057,0.06284385919570923,0.035945117473602295,-0.13393062353134155,-0.009512156248092651,0.024542033672332764,-1.25474214553833,0.20009395480155945,-0.23253780603408813,-0.20297203958034515,0.5497605800628662,-1.3199243545532227,-0.1664007306098938
0.05818037499999998,0.0034223749999999996,17.0,1.7140273856706556,-0.7002064504538221,0.23341850130990338,-0.00935845778950828,0.009239200786042312,-0.0002109027899654909,0.06881035500133004,0.0046805739402771,0.022166721522808075,-0.07331475615501404,0.20978912711143494,0.4679030776023865,-1.443577766418457,0.055137794464826584,-0.7474918961524963,-0.5159235596656799,0.4846935272216797,-1.0313200950622559,0.05231213569641113
0.05818037499999998,0.0034223749999999996,17.0,1.731724613134883,-0.7002179705553987,0.23840268668627684,0.10996065378647701,-0.10613417345031487,0.004925265357956472,0.06869772742134915,0.06248396635055542,0.035143960267305374,-0.1305517852306366,-0.022978484630584717,0.010365141555666924,-1.2434122562408447,0.19205604493618011,-0.22562849521636963,-0.2034633457660675,0.5438218116760254,-1.2970325946807861,-0.16219472885131836
0.05818037499999998,0.0034223749999999996,17.0,1.6833612694234221,-0.6694155259923132,0.23405635050339074,-0.00960011287654857,0.009607661809266055,-0.00013146706768040568,0.06871716393564203,0.002803623676300049,0.02274220436811447,-0.0664011538028717,0.20213881134986877,0.4846777617931366,-1.4552338123321533,0.04193964973092079,-0.7560393214225769,-0.5074192881584167,0.4574570655822754,-1.0324559211730957,0.062121689319610596
0.05818037499999998,0.0034223749999999996,17.0,1.7008053249230497,-0.6695192741433338,0.23891403549653611,0.11325500283409289,-0.10993096196007945,0.004234248897099032,0.06868640932155538,0.06103047728538513,0.0348302461206913,-0.12756481766700745,-0.031080663204193115,0.017258310690522194,-1.2446553707122803,0.18845708668231964,-0.2280724048614502,-0.20801973342895508,0.5305576324462891,-1.2930814027786255,-0.1531352996826172
0.05818037499999998,0.0034223749999999996,17.0,1.651837896563057,-0.637725184327941,0.23450262351848752,-0.009870877637684196,0.009965167259099522,-9.449209451235888e-5,0.06864670026631195,0.00949859619140625,0.024429023265838623,-0.060131847858428955,0.14952166378498077,0.4584309160709381,-1.3983519077301025,0.042570676654577255,-0.6856140494346619,-0.4767414629459381,0.3964345455169678,-0.98828125,0.03404933214187622
0.05818037499999998,0.0034223749999999996,17.0,1.6689742288324145,-0.6380038661656375,0.23963900919444805,0.11634527811822537,-0.11368817924941103,0.0034769723472392413,0.06866743548627348,0.0622469037771225,0.03534276410937309,-0.1229722797870636,-0.07071396708488464,0.005825022701174021,-1.2035412788391113,0.19134394824504852,-0.17687129974365234,-0.18952646851539612,0.5187995433807373,-1.2641245126724243,-0.1700572371482849
0.05818037499999998,0.0034223749999999996,17.0,1.6193714090536118,-0.6052873012003357,0.23503151756300605,-0.010138744516475413,0.010335227601659511,-4.22520039960148e-5,0.0685675551245944,0.019569233059883118,0.028835371136665344,-0.054974257946014404,0.07600226998329163,0.39602208137512207,-1.2786424160003662,0.03397918492555618,-0.5509118437767029,-0.4178917706012726,0.34203386306762695,-0.9135527610778809,-0.029944956302642822
0.05818037499999998,0.0034223749999999996,17.0,1.6362722484607037,-0.6056208872994724,0.2402010878340894,0.11937181107709519,-0.11715525290338895,0.0032268811248594887,0.06865540513017576,0.06667426228523254,0.0398118793964386,-0.12126678228378296,-0.13448157906532288,0.0037205719854682684,-1.1055457592010498,0.20289641618728638,-0.057235538959503174,-0.13418731093406677,0.5046520233154297,-1.224328637123108,-0.23209154605865479
0.05818037499999998,0.0034223749999999996,17.0,1.585998099728397,-0.5720065352826881,0.2355095405154509,-0.010414506892115578,0.010683906568225477,-1.1053706135136716e-5,0.06850742510037036,0.033503755927085876,0.03582655265927315,-0.05442723631858826,-0.002428114414215088,0.3326093852519989,-1.101074457168579,0.024545876309275627,-0.36584848165512085,-0.35296833515167236,0.2939584255218506,-0.8127545714378357,-0.1315828561782837
0.05818037499999998,0.0034223749999999996,17.0,1.6027609880596883,-0.5723575742216138,0.24069606404342073,0.12234776323028589,-0.12040423146302628,0.003076227979478267,0.06863792988372272,0.07177942991256714,0.04729156568646431,-0.12126997113227844,-0.2021591067314148,0.0033086524344980717,-0.944298505783081,0.20601269602775574,0.10276085138320923,-0.08296123892068863,0.5090737342834473,-1.1569182872772217,-0.3268401324748993
0.05818037499999998,0.0034223749999999996,17.0,1.5518054106014123,-0.5378571341058567,0.2359112070563604,-0.010690230292117216,0.01101750983875737,6.794966188129564e-6,0.06846184844729404,0.02101472020149231,0.02294512465596199,-0.00382348895072937,-0.2787337899208069,-0.04739643260836601,-0.46930551528930664,-0.34751594066619873,0.09752905368804932,-0.4280232787132263,0.3115348815917969,-0.5175085067749023,-0.29634350538253784
0.05818037499999998,0.0034223749999999996,17.0,1.568376114508781,-0.5383281803610689,0.24131195928074367,0.12520993324068427,-0.12344095516589453,0.002924823856555456,0.06862089987892604,0.07490313053131104,0.05682498589158058,-0.12217357754707336,-0.25082868337631226,0.0188913494348526,-0.7679684162139893,0.19645094871520996,0.2596197724342346,-0.04040300101041794,0.5293776988983154,-1.0866461992263794,-0.4336307942867279
0.05818037499999998,0.0034223749999999996,17.0,1.5168517403322752,-0.5028734893087671,0.2360979473589455,-0.01096694801828608,0.011322475978722102,2.3536404206568877e-5,0.06844558243130569,0.01566481590270996,0.03290510177612305,0.008322864770889282,-0.3289003372192383,-0.07950484752655029,-0.20488858222961426,-0.34997132420539856,0.2949545085430145,-0.3867240250110626,0.352109432220459,-0.38337329030036926,-0.43198177218437195
0.05818037499999998,0.0034223749999999996,17.0,1.5334864576577705,-0.5033074648870356,0.24137064877831502,0.12798426760312565,-0.12616508128376017,0.0029728732507824907,0.06861014368616425,0.026392638683319092,0.03219659999012947,-0.031695276498794556,-0.4498700499534607,-0.20946985483169556,-0.7874548435211182,-0.05305769294500351,0.13251066207885742,-0.5606571435928345,0.7137031555175781,-0.6258997917175293,-0.18296903371810913
0.05818037499999998,0.0034223749999999996,17.0,1.481068179246177,-0.46711968663655234,0.23626498462690979,-0.011241837938881937,0.01161055268635581,2.5120838323038724e-5,0.06844031431610756,0.010681301355361938,0.04130024462938309,0.01571306586265564,-0.3601020574569702,-0.11291031539440155,-0.009239435195922852,-0.34773269295692444,0.44640594720840454,-0.3813169300556183,0.40146732330322266,-0.2708241641521454,-0.5423107743263245
0.05818037499999998,0.0034223749999999996,17.0,1.497743748620103,-0.4674945861763732,0.24138917224396333,0.1305323664919851,-0.12866257981076842,0.003279150818299715,0.06860829447514473,0.02496817708015442,0.041957054287195206,-0.030925720930099487,-0.4684426784515381,-0.25412970781326294,-0.6840827465057373,-0.0367194339632988,0.19823959469795227,-0.6192111968994141,0.7835748195648193,-0.5607254505157471,-0.23367226123809814
0.05818037499999998,0.0034223749999999996,17.0,1.4444719272232454,-0.4305783206004745,0.2364074707450812,-0.011508904281400343,0.011885888176240951,4.774962088779447e-5,0.06844672801633085,0.006262600421905518,0.04723813757300377,0.0193006694316864,-0.38706129789352417,-0.14436142146587372,0.10805344581604004,-0.314242422580719,0.552458643913269,-0.41022583842277527,0.43448352813720703,-0.16530705988407135,-0.6173346638679504
0.05818037499999998,0.0034223749999999996,17.0,1.4611414360197272,-0.4308907186728195,0.24152222507418641,0.13280109595926837,-0.13110262012183924,0.0036903822251270505,0.06859589305159575,0.023161962628364563,0.04941772297024727,-0.027348846197128296,-0.4835031032562256,-0.28603464365005493,-0.614142894744873,-0.035698018968105316,0.2419358491897583,-0.6733377575874329,0.8381576538085938,-0.5446071028709412,-0.2652575373649597
0.05818037499999998,0.0034223749999999996,17.0,1.4070745844803152,-0.39321301684793936,0.2365735088727382,-0.011763682379735909,0.012161810012884298,9.152694647331817e-5,0.06845695520928563,0.0026848018169403076,0.049893539398908615,0.021954476833343506,-0.406826913356781,-0.1538858413696289,0.14815878868103027,-0.2926512360572815,0.5995820164680481,-0.4142606854438782,0.4458153247833252,-0.12408240139484406,-0.6443362236022949
0.05818037499999998,0.0034223749999999996,17.0,1.4237054630304187,-0.3934818893288004,0.24164752803936543,0.13486301652649288,-0.13321514647815938,0.00407470799299021,0.06859333197581688,0.020328402519226074,0.05315535515546799,-0.023442596197128296,-0.492626428604126,-0.3064444065093994,-0.5860373973846436,-0.05072452127933502,0.2561787962913513,-0.6944318413734436,0.8812751770019531,-0.5695738196372986,-0.27160632610321045
0.05818037499999998,0.0034223749999999996,17.0,1.3688541796711267,-0.3550350751193302,0.23671437327481265,-0.012050126448371825,0.01245360988377145,0.00013173528136732968,0.06847281400422651,0.0002466440200805664,0.05088529363274574,0.025501370429992676,-0.42344075441360474,-0.15052814781665802,0.16827821731567383,-0.2581973075866699,0.6339696645736694,-0.4082106351852417,0.43436765670776367,-0.09035550057888031,-0.6636933088302612
0.05818037499999998,0.0034223749999999996,17.0,1.3856392340566075,-0.3552897562233504,0.24167542716594353,0.13674249335377833,-0.13479812705766198,0.0036773892021495203,0.06861241431110975,0.02091337740421295,0.05442187190055847,-0.021456241607666016,-0.4983091950416565,-0.30245062708854675,-0.5757448673248291,-0.010520551353693008,0.258078932762146,-0.7006338834762573,0.8626601696014404,-0.5672026872634888,-0.2757193148136139
0.05818037499999998,0.0034223749999999996,17.0,1.3298236285404508,-0.31602551979364185,0.23685230175878297,-0.012258597335152579,0.012657453210648434,0.00013226013068094917,0.06847742041322812,4.6133995056152344e-5,0.05190457031130791,0.028850257396697998,-0.4201713800430298,-0.16158439218997955,0.17649030685424805,-0.2754053473472595,0.6230887770652771,-0.39612796902656555,0.45323967933654785,-0.12134920060634613,-0.6571009755134583
0.05818037499999998,0.0034223749999999996,17.0,1.3465644889184056,-0.31623302532939246,0.24176361394540907,0.13833901433342197,-0.13641562916559316,0.004012347397956691,0.06861225203820488,0.01917785406112671,0.05602797865867615,-0.016735196113586426,-0.5038462281227112,-0.3044431209564209,-0.5684595108032227,-0.022655075415968895,0.2627328932285309,-0.7042675018310547,0.8772871494293213,-0.6058635711669922,-0.2767420709133148
0.05818037499999998,0.0034223749999999996,17.0,1.2899822396660634,-0.27618276955743726,0.23693007202116978,-0.012384728319913193,0.01276881693338746,0.00015043161248792783,0.06848638451869435,-0.0005654394626617432,0.051998335868120193,0.0308818519115448,-0.4251607656478882,-0.15334445238113403,0.17463064193725586,-0.23495671153068542,0.6354958415031433,-0.3806602954864502,0.4310002326965332,-0.09401368349790573,-0.6660668253898621
0.05818037499999998,0.0034223749999999996,17.0,1.3066959897446286,-0.2763642159259154,0.24188196892805713,0.13972570810756132,-0.1378323723731108,0.004161544613636275,0.06861075014205252,0.01844346523284912,0.05695590376853943,-0.01330488920211792,-0.505958616733551,-0.3044998049736023,-0.5654683113098145,-0.030840061604976654,0.2640780210494995,-0.7042746543884277,0.8828208446502686,-0.6321213841438293,-0.2771555483341217
0.05818037499999998,0.0034223749999999996,17.0,1.2493013744086459,-0.23553258141862132,0.2369916507232619,-0.012519022959636274,0.012876060440374084,0.0001507834761945727,0.06850006810635127,0.00014391541481018066,0.05149775743484497,0.03254711627960205,-0.4199641942977905,-0.14572235941886902,0.15705394744873047,-0.21346794068813324,0.6255362629890442,-0.36124348640441895,0.414609432220459,-0.09766378253698349,-0.661212146282196
0.05818037499999998,0.0034223749999999996,17.0,1.2660084936062732,-0.2356706361338109,0.2419791995796183,0.1407933969759596,-0.13892227164447893,0.004283567384806468,0.06860972018315394,0.018462181091308594,0.05750418081879616,-0.01101750135421753,-0.5046786665916443,-0.3026626408100128,-0.5670120716094971,-0.03650391474366188,0.26284217834472656,-0.6988428831100464,0.8817532062530518,-0.6533117294311523,-0.27786722779273987
0.05818037499999998,0.0034223749999999996,17.0,1.2077979073871512,-0.1940384753453183,0.23708458811094438,-0.01262732270798029,0.012969213932318605,0.00014939880214855366,0.06850850898511812,0.0019920766353607178,0.05142364278435707,0.033232927322387695,-0.4067094326019287,-0.14736999571323395,0.13812828063964844,-0.21051162481307983,0.6010920405387878,-0.3504551351070404,0.4124622344970703,-0.11985667049884796,-0.65008544921875
0.05818037499999998,0.0034223749999999996,17.0,1.2244886400105746,-0.19415393393281755,0.24209381278385536,0.14153554985188532,-0.13972662699364924,0.004370711338759948,0.06860846950217257,0.01889011263847351,0.05761367082595825,-0.008997470140457153,-0.5010805726051331,-0.296130895614624,-0.5741927623748779,-0.04160066321492195,0.2620987892150879,-0.6903918981552124,0.8747611045837402,-0.6702297925949097,-0.280532568693161
0.05818037499999998,0.0034223749999999996,17.0,1.1654635489294654,-0.15168380873106907,0.23721761156668714,-0.012706757205242178,0.013046988752587273,0.00014548324481140318,0.06850812529004484,0.0035314559936523438,0.05106084793806076,0.03467690944671631,-0.3957113027572632,-0.1379138082265854,0.11445999145507812,-0.20459647476673126,0.5872924327850342,-0.35296371579170227,0.40470147132873535,-0.12919238209724426,-0.6463034152984619
0.05818037499999998,0.0034223749999999996,17.0,1.1821718911968149,-0.15182687077838106,0.24234817650579604,0.14192229854919747,-0.14035590904942666,0.004322912295238431,0.06860028318854229,0.02015833556652069,0.05701309069991112,-0.005727022886276245,-0.49745720624923706,-0.2855025827884674,-0.5859081745147705,-0.06349311769008636,0.263134241104126,-0.6937354207038879,0.8652276992797852,-0.6849693059921265,-0.28448793292045593
0.05818037499999998,0.0034223749999999996,17.0,1.121933507258883,-0.10863411800423746,0.23757153284780133,-0.012797714005854194,0.013090078189533652,0.00024549786206654755,0.0684757534939176,-0.002181440591812134,0.04727499559521675,0.04098314046859741,-0.37011849880218506,-0.17938783764839172,0.053009033203125,-0.23613464832305908,0.5745245814323425,-0.4262980818748474,0.4271571636199951,0.006324617192149162,-0.6429358124732971
0.05818037499999998,0.0034223749999999996,17.0,1.1389422998697813,-0.10875430264791151,0.24243887429334907,0.14249102761481436,-0.14032563120920538,0.003338748733165911,0.06859127121398646,0.020216241478919983,0.05331673100590706,-0.0017760097980499268,-0.47138512134552,-0.2847279906272888,-0.6386594772338867,-0.07172532379627228,0.25795552134513855,-0.7376829385757446,0.8530452251434326,-0.5679919123649597,-0.29286855459213257
0.05818037499999998,0.0034223749999999996,17.0,1.0765873882528394,-0.06499674012926229,0.23828519186310299,-0.012898283911337138,0.013120459235747886,0.0005342907209634216,0.0683964230956798,-0.030534952878952026,0.039051201194524765,0.05647239089012146,-0.3548697233200073,-0.319525808095932,0.007369518280029297,-0.24917666614055634,0.601983368396759,-0.6186336278915405,0.4559512138366699,0.47003528475761414,-0.6478903293609619
0.05818037499999998,0.0034223749999999996,17.0,1.0949697254404276,-0.06510577170096478,0.24188063993681533,0.14406271750955202,-0.13897542604089733,-0.0005620776090169204,0.06858639155995382,0.024538755416870117,0.0412159189581871,-0.011984795331954956,-0.373329758644104,-0.4101220965385437,-0.6771228313446045,0.09238480031490326,0.18530744314193726,-0.943019688129425,0.7287571430206299,0.07720935344696045,-0.29299691319465637
0.05818037499999998,0.0034223749999999996,17.0,1.0307417129212633,-0.019960262576082497,0.239142850802256,-0.013333991265883326,0.012761998090822818,0.0005736291271629901,0.06851994490442298,-0.05363163352012634,0.038848865777254105,0.07357653975486755,0.31905466318130493,-0.18041880428791046,-1.1732847690582275,-0.5297003388404846,-1.0175559520721436,-0.6789793968200684,0.2755148410797119,0.3187433183193207,0.20988929271697998
0.05818037499999998,0.0034223749999999996,17.0,1.049884788664391,-0.021178238962328604,0.2425069413897501,0.14519327337037857,-0.13865238575228617,-0.006566869833962673,0.06852880809606955,0.019957438111305237,0.012926231138408184,-0.0042344629764556885,0.13284920156002045,-0.038076650351285934,-1.0184133052825928,-0.46855607628822327,-0.4254140257835388,-0.5005350112915039,0.3240783214569092,0.7160641551017761,-0.09700483083724976
0.05818037499999998,0.0034223749999999996,17.0,1.0295877058153262,0.02458191683432916,0.23907697557245386,-0.00015587454599453452,0.01288773438575739,8.53392312270479e-5,0.06928517129767164,-0.107928067445755,0.02399340271949768,0.09641823172569275,0.42345136404037476,-0.15253102779388428,-1.3043582439422607,-0.8111160397529602,-1.149611473083496,-0.8404597640037537,0.2651042938232422,0.4044100046157837,0.24738436937332153
0.05818037499999998,0.0034223749999999996,17.0,1.0494415394358525,0.0230103245072964,0.2433149580692531,0.0011678226001482855,-0.141698758671083,-0.006793639117252071,0.06888692722574662,0.013699904084205627,0.0027954713441431522,-0.008723467588424683,0.24578514695167542,0.002440797397866845,-0.9435055255889893,-0.4614434242248535,-0.5510088801383972,-0.748075544834137,0.055777549743652344,1.070165753364563,-0.049917519092559814
0.05818037499999998,0.0034223749999999996,17.0,1.0723460535594969,0.06806585267788243,0.2400353291079534,0.013827577250077676,0.01233105494017847,-0.00012144368169476799,0.06881323731959602,-0.17592164874076843,-0.01638425886631012,0.12085190415382385,0.5856986045837402,-0.032795049250125885,-1.3617238998413086,-1.2215794324874878,-1.3721821308135986,-0.965085506439209,0.13991117477416992,0.3817966878414154,0.3178066611289978
0.05818037499999998,0.0034223749999999996,17.0,1.0941912000251304,0.06723261310377035,0.24378350897575485,-0.14738762210161505,-0.14095762663658704,-0.005434831976214722,0.06857599094459513,0.006673991680145264,-0.01245346199721098,0.004566073417663574,0.3828204572200775,0.03640776127576828,-0.6999509334564209,-0.4338441789150238,-0.6274608969688416,-1.1926008462905884,-0.307605504989624,1.4972854852676392,-0.0664370059967041
0.05818037499999998,0.0034223749999999996,17.0,1.1160916115000414,0.11135393330968836,0.24028969323787283,0.013844662012670645,0.012239937189727596,-0.0001559398001377855,0.06880944937012057,-0.1903669536113739,-0.030837804079055786,0.12927469611167908,0.6033438444137573,0.07818631827831268,-1.3589887619018555,-1.2718372344970703,-1.3585801124572754,-1.0446512699127197,0.12954068183898926,0.3439977467060089,0.2968904376029968
0.05818037499999998,0.0034223749999999996,17.0,1.1382387987639382,0.111048985158218,0.24436239930360706,-0.14767840794180764,-0.1406723979933085,-0.005517045826027709,0.06856374985660474,0.004721194505691528,-0.015442048199474812,0.014715045690536499,0.4338717460632324,0.039696261286735535,-0.6295983791351318,-0.4489037096500397,-0.6230881810188293,-1.333612322807312,-0.40545952320098877,1.6204948425292969,-0.10611987113952637
0.05818037499999998,0.0034223749999999996,17.0,1.1592426642894371,0.15429899026053812,0.24048186363752014,0.013818062996794826,0.012184325187117878,-0.00020186509296947125,0.06877989227234987,-0.18979725241661072,-0.035969287157058716,0.1338190734386444,0.6106810569763184,0.10548670589923859,-1.3506922721862793,-1.2647091150283813,-1.362635612487793,-1.0517561435699463,0.08494043350219727,0.370623916387558,0.29311496019363403
0.05818037499999998,0.0034223749999999996,17.0,1.181413430591422,0.15417997282535106,0.24478978004013688,-0.1475631496625719,-0.1405385919322735,-0.005411604996640296,0.0685529269633756,0.0025912225246429443,-0.01573517546057701,0.02133050560951233,0.45448917150497437,0.029019050300121307,-0.5941693782806396,-0.4501379132270813,-0.6075953841209412,-1.4011926651000977,-0.4492807388305664,1.6676058769226074,-0.1360953450202942
0.05818037499999998,0.0034223749999999996,17.0,1.2018147549035336,0.1978372914748195,0.23773421657300559,0.013724197333339464,0.01222089536374675,-0.00038458050265494423,0.06866369718046804,-0.18884137272834778,-0.0385771244764328,0.13579866290092468,0.6240506172180176,0.1430230736732483,-1.3339712619781494,-1.2386126518249512,-1.36124587059021,-1.0708799362182617,0.0628805160522461,0.35146722197532654,0.27732032537460327
0.05818037499999998,0.0034223749999999996,17.0,1.2237321552469556,0.19650980517795472,0.24514674780163484,-0.14714408495092662,-0.14017945209744037,-0.005226894741335034,0.0685447192508177,0.0003597438335418701,-0.016031131148338318,0.026294708251953125,0.4661741852760315,0.014005126431584358,-0.5977175235748291,-0.4475502371788025,-0.5955856442451477,-1.4210680723190308,-0.46244800090789795,1.6849764585494995,-0.15516209602355957
0.05818037499999998,0.0034223749999999996,17.0,1.2434380834207326,0.23915425324694256,0.23775878536788572,0.013610116906900725,0.012151335334544973,-0.00039698450707412544,0.06864393049796813,-0.18887126445770264,-0.04183089733123779,0.13846853375434875,0.6296568512916565,0.141365185379982,-1.3427543640136719,-1.2139546871185303,-1.3510024547576904,-1.0588254928588867,0.06525063514709473,0.37854838371276855,0.26586848497390747
0.05818037499999998,0.0034223749999999996,17.0,1.2652252040174607,0.23799068344087723,0.24580877362029194,-0.14653385077824888,-0.13947823188151692,-0.004829630775671613,0.06852856672836513,-0.00278317928314209,-0.01546053308993578,0.03373229503631592,0.48408257961273193,0.012670866213738918,-0.5862433910369873,-0.45789629220962524,-0.5800525546073914,-1.4750070571899414,-0.4837310314178467,1.6920750141143799,-0.18648022413253784
0.05818037499999998,0.0034223749999999996,17.0,1.2843425370223227,0.2797829701769929,0.23773156144637442,0.013470162167065852,0.012060447323486366,-0.0004072737491625429,0.06862821013466036,-0.18378064036369324,-0.041387513279914856,0.13927075266838074,0.632005512714386,0.14594027400016785,-1.3205647468566895,-1.1796897649765015,-1.3437905311584473,-1.0597270727157593,0.03201627731323242,0.4042997658252716,0.25517743825912476
0.05818037499999998,0.0034223749999999996,17.0,1.3059009344525396,0.2786606742504088,0.24617241346859503,-0.14554489317747704,-0.13846067838097562,-0.0044642852886680575,0.06852057506519676,-0.004125863313674927,-0.015815261751413345,0.03914612531661987,0.4942946434020996,0.00515039823949337,-0.5940163135528564,-0.45816484093666077,-0.5773637890815735,-1.4894161224365234,-0.4964911937713623,1.6972850561141968,-0.1978495717048645
0.05818037499999998,0.0034223749999999996,17.0,1.3242189683767116,0.31956325065970576,0.2378326317912808,0.013362802323484016,0.011951080342624359,-0.0004418768504019942,0.06859852904540141,-0.1828124225139618,-0.043029773980379105,0.1425935924053192,0.6469675302505493,0.2099568247795105,-1.3311493396759033,-1.1506832838058472,-1.3415002822875977,-1.0761022567749023,0.01705145835876465,0.3560764193534851,0.23807793855667114
0.05818037499999998,0.0034223749999999996,17.0,1.3457536747786354,0.3185079284588405,0.2463821633727284,-0.144188271776019,-0.13711827723573655,-0.0042037089108937515,0.06851662888404664,-0.0026589632034301758,-0.016856525093317032,0.04209542274475098,0.49604958295822144,-0.006721138022840023,-0.5720949172973633,-0.44733747839927673,-0.5826234221458435,-1.5042446851730347,-0.5221389532089233,1.7219328880310059,-0.19378715753555298
0.05818037499999998,0.0034223749999999996,17.0,1.3632206557147173,0.3571470147902964,0.2408191943549831,0.013181360002636255,0.011669936134329706,-0.00034956300324929287,0.06866361919978953,-0.18290305137634277,-0.04654523730278015,0.1466170847415924,0.6566086411476135,0.23302455246448517,-1.3615000247955322,-1.1250323057174683,-1.3310837745666504,-1.0620574951171875,0.02214813232421875,0.35990893840789795,0.2237904667854309
0.05818037499999998,0.0034223749999999996,17.0,1.3847665805162332,0.35752926488900794,0.24657230009959216,-0.14259626722639498,-0.13556784251114792,-0.004009369042811449,0.06851351337199475,-0.0032816529273986816,-0.01754055544734001,0.047802358865737915,0.5127255320549011,-0.012358910404145718,-0.5813424587249756,-0.4484458863735199,-0.589496910572052,-1.5119770765304565,-0.5392464399337769,1.7152494192123413,-0.20244330167770386
0.05818037499999998,0.0034223749999999996,17.0,1.4014493124069776,0.3952890869126979,0.2409289648497684,0.012873582920304633,0.011402424071159422,-0.00033221165514510446,0.06864860761555219,-0.17851346731185913,-0.04814119264483452,0.14801505208015442,0.6681950092315674,0.2636728882789612,-1.3576393127441406,-1.0803111791610718,-1.3313024044036865,-1.05624258518219,-0.011344671249389648,0.3573925793170929,0.21376532316207886
0.05818037499999998,0.0034223749999999996,17.0,1.4229328355109818,0.39571817168781553,0.24671914832808028,-0.14075415865959556,-0.13385394605765244,-0.003917042738228296,0.0685134908092904,-0.0037014782428741455,-0.018367137759923935,0.053931474685668945,0.5334972739219666,-0.018533840775489807,-0.5902032852172852,-0.4503422975540161,-0.6005715727806091,-1.516650915145874,-0.5597900152206421,1.7031015157699585,-0.211184561252594
0.05818037499999998,0.0034223749999999996,17.0,1.43887172835969,0.43254217686135776,0.2409963615348545,0.012594137652536242,0.011160411032794476,-0.00032664669771226664,0.06863053178149614,-0.17361950874328613,-0.050507284700870514,0.14921995997428894,0.6802864074707031,0.2938957214355469,-1.353376865386963,-1.0286779403686523,-1.3329169750213623,-1.0488255023956299,-0.04850578308105469,0.3565848469734192,0.2054693102836609
0.05818037499999998,0.0034223749999999996,17.0,1.4602741826919612,0.4330560768783746,0.24685385877654278,-0.13860879656999972,-0.13185452240290735,-0.0038682943844552597,0.06851531502357197,-0.0038129091262817383,-0.020683571696281433,0.060018569231033325,0.5512993335723877,-0.0506436750292778,-0.6008672714233398,-0.43880894780158997,-0.609799325466156,-1.5120960474014282,-0.573928713798523,1.7188230752944946,-0.21563148498535156
0.05818037499999998,0.0034223749999999996,17.0,1.4754442036277633,0.46896260126486344,0.24111714909164803,0.012302151506979022,0.0109167670027162,-0.00030188574051511814,0.06862153466415954,-0.166052907705307,-0.05816633626818657,0.14850714802742004,0.6784956455230713,0.2846168875694275,-1.3539764881134033,-0.9361064434051514,-1.342419147491455,-1.0097678899765015,-0.08669090270996094,0.40993401408195496,0.22504234313964844
0.05818037499999998,0.0034223749999999996,17.0,1.4967138107511746,0.46953621090517333,0.2471955143762486,-0.1362615628657996,-0.12963603012563482,-0.003761225553262444,0.06851108738103133,-0.0017985999584197998,-0.025236237794160843,0.06645193696022034,0.580981969833374,-0.09216061234474182,-0.6072449684143066,-0.41983211040496826,-0.6299368739128113,-1.5076335668563843,-0.6483354568481445,1.7267333269119263,-0.21223539113998413
0.05818037499999998,0.0034223749999999996,17.0,1.5111314706288446,0.5045150200608598,0.24123450656590437,0.012008225909908871,0.010665780849856296,-0.0002886360738540362,0.06860548181497075,-0.16004249453544617,-0.07676964998245239,0.1438637673854828,0.6813101768493652,0.31384512782096863,-1.355395793914795,-0.8048148155212402,-1.3620519638061523,-0.9528368711471558,-0.15297460556030273,0.46717649698257446,0.27311474084854126
0.05818037499999998,0.0034223749999999996,17.0,1.532299108731844,0.5052178590934566,0.24751421371764634,-0.13379798257643202,-0.1271008524731759,-0.0033843254574509704,0.06850785397961204,-0.003169834613800049,-0.026154033839702606,0.07765242457389832,0.6590542793273926,-0.10951399058103561,-0.5978682041168213,-0.4416452944278717,-0.6415460705757141,-1.5563620328903198,-0.8341841697692871,1.65589439868927,-0.2554994225502014
0.05818037499999998,0.0034223749999999996,17.0,1.546120064146153,0.5391515147770132,0.24124386131791592,0.01170651362858449,0.010413601217002792,-0.000296385762146095,0.06858299844995673,-0.1525430977344513,-0.09275706857442856,0.13883838057518005,0.7166085243225098,0.3392309248447418,-1.3103175163269043,-0.6801706552505493,-1.378462791442871,-0.922378420829773,-0.2798018455505371,0.5073726773262024,0.28593677282333374
0.05818037499999998,0.0034223749999999996,17.0,1.5671618333152553,0.5400526441093813,0.2478651663403506,-0.13114246143613364,-0.12439207591852329,-0.002753785449016123,0.06850165006620709,0.03937101364135742,-0.07471668720245361,-0.05200299620628357,0.938711941242218,0.12673552334308624,-0.4995710849761963,0.019001223146915436,-0.8599058985710144,-1.3758528232574463,-1.1693501472473145,0.8558025360107422,-0.23547333478927612
0.05818037499999998,0.0034223749999999996,17.0,1.5802824689999604,0.5727433807583875,0.24134807881199766,0.011405183506837035,0.01014862680662422,-0.00035072192393211936,0.06855842337438735,-0.1515832543373108,-0.12152630090713501,0.18871209025382996,1.2184484004974365,-0.07039857655763626,-1.763880729675293,-0.5258110165596008,-1.8481495380401611,-0.6589177846908569,-1.190383791923523,0.1747104376554489,0.461314857006073
0.05818037499999998,0.0034223749999999996,17.0,1.6014662973883205,0.57376189136803,0.24727642505615893,-0.12853645851405426,-0.1215248083077299,-0.0011689986462640719,0.06846104275547998,0.031163290143013,-0.06828069686889648,-0.016506433486938477,1.1620441675186157,0.018098067492246628,-0.6053812503814697,-0.07986138761043549,-0.8847046494483948,-1.4124152660369873,-1.4502718448638916,0.6385793089866638,-0.408640056848526
0.05818037499999998,0.0034223749999999996,17.0,1.6135661388858658,0.6054595260346607,0.24170167574989243,0.011113486183543582,0.009858573176342747,-0.0004744937407520428,0.06853551719175896,-0.15045166015625,-0.12164570391178131,0.21094533801078796,1.4164708852767944,-0.22608783841133118,-1.890636920928955,-0.6030330061912537,-1.8539049625396729,-0.7149575352668762,-1.4157965183258057,0.19599458575248718,0.28120678663253784
0.05818037499999998,0.0034223749999999996,17.0,1.6347178293489502,0.6067964258069986,0.24715323011791654,-0.12595404304119362,-0.11829671267135551,0.0011330096927088665,0.06841342613573553,0.02028961479663849,-0.05602842941880226,0.02870836853981018,1.4056529998779297,-0.13123179972171783,-0.6234266757965088,-0.26911643147468567,-0.8940827250480652,-1.5016852617263794,-1.9700727462768555,0.4202631413936615,-0.6140344142913818
0.05818037499999998,0.0034223749999999996,17.0,1.6459371583655567,0.6372755300220325,0.24225634651279654,0.010821119210204335,0.009555580029899514,-0.0006107661500882154,0.06852090315205496,-0.15459200739860535,-0.12026458978652954,0.23900482058525085,1.6150308847427368,-0.42383790016174316,-2.0299811363220215,-0.7129497528076172,-1.8302981853485107,-0.7934836149215698,-1.671444058418274,0.2956552505493164,0.06679689884185791
0.05818037499999998,0.0034223749999999996,17.0,1.6673859557851696,0.638974283268846,0.24669255962970418,-0.12328473414802808,-0.11479815705225282,0.004422339445593618,0.06835690648047832,0.006128251552581787,-0.04263443499803543,0.0777716338634491,1.6074827909469604,-0.22012579441070557,-0.6616003513336182,-0.5215795636177063,-0.8982046246528625,-1.6426140069961548,-2.4808616638183594,0.2782460153102875,-0.7978930473327637
0.05818037499999998,0.0034223749999999996,17.0,1.6772484678264823,0.6683573341444153,0.24332756088119573,0.010559558166541203,0.009213208491122617,-0.0008533071119146684,0.06849748605256287,-0.1626613736152649,-0.117423877120018,0.26498380303382874,1.7657803297042847,-0.5638985633850098,-2.1700592041015625,-0.7971186637878418,-1.8101398944854736,-0.9008135199546814,-1.8273866176605225,0.3363305926322937,-0.10434114933013916
0.05818037499999998,0.0034223749999999996,17.0,1.6991808147316114,0.6705095472222494,0.24642210001851939,-0.12059967908817347,-0.11078675991408914,0.008403102324496248,0.06830563282712485,-0.0031908750534057617,-0.03272527828812599,0.11278888583183289,1.7121747732162476,-0.2604605555534363,-0.6215047836303711,-0.7395293712615967,-0.9059539437294006,-1.8085886240005493,-2.8820629119873047,0.30253326892852783,-0.8870961666107178
0.05818037499999998,0.0034223749999999996,17.0,1.707756123695007,0.6986434778988507,0.2446669757796583,0.010308761798186841,0.008860972503167122,-0.001126177034994877,0.06850222867562895,-0.1615573763847351,-0.11312326788902283,0.27378973364830017,1.8117502927780151,-0.6189968585968018,-2.0981616973876953,-0.857046902179718,-1.8022289276123047,-1.0211982727050781,-2.0183396339416504,0.3657556474208832,-0.15710264444351196
0.05818037499999998,0.0034223749999999996,17.0,1.7303663938773042,0.7013576414089596,0.2465733366719628,-0.11758228962054722,-0.10648221743844775,0.012160566127449698,0.06827806973339094,-0.00044855475425720215,-0.024747032672166824,0.12364926934242249,1.6962541341781616,-0.2360008955001831,-0.43743300437927246,-0.8899767994880676,-0.9080116152763367,-2.0045337677001953,-3.1549363136291504,0.46257784962654114,-0.8638961911201477
0.05818037499999998,0.0034223749999999996,17.0,1.7372431251601403,0.7291302905001462,0.24701306145982277,0.010020174076421662,0.008471446865676054,-0.001345449286651202,0.06861349288636431,-0.16636556386947632,-0.10795621573925018,0.27971377968788147,1.867591381072998,-0.6705664992332458,-2.1077699661254883,-0.8931784629821777,-1.782043218612671,-1.1006819009780884,-2.073418140411377,0.3572911322116852,-0.23378515243530273
0.05818037499999998,0.0034223749999999996,17.0,1.7604509038380372,0.7315132481938444,0.24687628109247547,-0.11447594732721664,-0.10196316503266488,0.015799764649629882,0.06823349605629872,-0.003289937973022461,-0.017742615193128586,0.1369076669216156,1.7003697156906128,-0.17834807932376862,-0.35550498962402344,-1.0448830127716064,-0.9259176850318909,-2.1318652629852295,-3.3474385738372803,0.5279610753059387,-0.8459323048591614
0.05818037499999998,0.0034223749999999996,17.0,1.766560746852338,0.7582445183877952,0.24761515058943456,0.009662225055741587,0.008137472050016423,-0.0013823329362598802,0.06863030926183726,-0.16084232926368713,-0.10430338233709335,0.2772127687931061,1.8498772382736206,-0.6654784679412842,-1.9765582084655762,-0.9203603267669678,-1.7776579856872559,-1.1675467491149902,-2.2032175064086914,0.39356550574302673,-0.21915429830551147
0.05818037499999998,0.0034223749999999996,17.0,1.7893382956731125,0.7609141647340414,0.2480497907624053,-0.11085871417693519,-0.09784727479170102,0.017175672954574395,0.06822545842052684,-0.005946159362792969,-0.013926553539931774,0.1440087854862213,1.7125194072723389,-0.1498219221830368,-0.3322463035583496,-1.1166818141937256,-0.9381189942359924,-2.162978410720825,-3.4251279830932617,0.5154187083244324,-0.8453717231750488
0.05818037499999998,0.0034223749999999996,17.0,1.7946618828959007,0.7865599461362044,0.2483222008566541,0.00931135875298634,0.007819260609535313,-0.0013581493258020664,0.06863908520136262,-0.16467678546905518,-0.10157948732376099,0.2826893627643585,1.8903855085372925,-0.6788707971572876,-2.0279197692871094,-0.9374071359634399,-1.7867610454559326,-1.2112785577774048,-2.213125467300415,0.33533480763435364,-0.252689003944397
0.05818037499999998,0.0034223749999999996,17.0,1.8175371025264628,0.7893754512334363,0.24893570652363015,-0.10703801260604223,-0.09376707086863917,0.017916455554726114,0.06822099985016689,-0.006519287824630737,-0.012158273719251156,0.14992675185203552,1.7210053205490112,-0.1316911280155182,-0.3046071529388428,-1.1617451906204224,-0.9566181302070618,-2.1590349674224854,-3.4947991371154785,0.48968884348869324,-0.8361599445343018
0.05818037499999998,0.0034223749999999996,17.0,1.8221128873452663,0.8140184570896118,0.24882145747852902,0.008929167621742845,0.007491417644539474,-0.0013225022152677957,0.06865189225728241,-0.16497278213500977,-0.10055918991565704,0.28558215498924255,1.9104602336883545,-0.6817773580551147,-2.029257297515869,-0.9500375390052795,-1.795393943786621,-1.2303926944732666,-2.25272274017334,0.29976651072502136,-0.26422208547592163
0.05818037499999998,0.0034223749999999996,17.0,1.8447272988193049,0.8168489628583456,0.24965964589305537,-0.10300637358116745,-0.08991051033380615,0.017816156105834063,0.06821492715686682,-0.01099047064781189,-0.011382825672626495,0.15773293375968933,1.7625923156738281,-0.13210166990756989,-0.3726370334625244,-1.177768349647522,-0.9773396849632263,-2.1167380809783936,-3.4985508918762207,0.39932167530059814,-0.8598681092262268
0.05818037499999998,0.0034223749999999996,17.0,1.8487175556035098,0.8404769777737107,0.2490861705030259,0.008517137320635753,0.007150131398903042,-0.0012724425212703916,0.06866602149361792,-0.16319593787193298,-0.10259619355201721,0.28585585951805115,1.914394497871399,-0.697859525680542,-1.9941186904907227,-0.9537404179573059,-1.7994885444641113,-1.206985592842102,-2.313917398452759,0.3113069534301758,-0.2600914239883423
0.05818037499999998,0.0034223749999999996,17.0,1.8711893190937512,0.843418077961758,0.25008868302388804,-0.09886144494285692,-0.08605104170080409,0.017520779043429587,0.06821193382380734,-0.014587461948394775,-0.011583784595131874,0.16481664776802063,1.8023685216903687,-0.13313451409339905,-0.4379405975341797,-1.1845554113388062,-1.0010814666748047,-2.0689117908477783,-3.5001487731933594,0.3074941039085388,-0.8782663941383362
0.05818037499999998,0.0034223749999999996,17.0,1.874276750980398,0.8662327135269063,0.24950734037288846,0.008132401002777274,0.00681534917142773,-0.0012256527171056021,0.06866387735309865,-0.16690850257873535,-0.10489178448915482,0.2945772111415863,1.9654769897460938,-0.7208090424537659,-2.100250720977783,-0.9510827660560608,-1.8103446960449219,-1.1896162033081055,-2.300748825073242,0.26598799228668213,-0.30136847496032715
0.05818037499999998,0.0034223749999999996,17.0,1.896914062615647,0.8690952256238162,0.2503420978889199,-0.09454811405308494,-0.08220127738530397,0.017030016287125242,0.06821135152835159,-0.013482540845870972,-0.015936797484755516,0.16555407643318176,1.7989829778671265,-0.15685264766216278,-0.4372425079345703,-1.1621572971343994,-0.9990022778511047,-1.947502851486206,-3.5047898292541504,0.2880929410457611,-0.8735582828521729
0.05818037499999998,0.0034223749999999996,17.0,1.899029033472512,0.8911417266787821,0.24985793519810412,0.007751706636754505,0.006489327345830629,-0.001174334483546796,0.06866360014346022,-0.1692200005054474,-0.10603532195091248,0.300255686044693,1.9979324340820312,-0.7305033802986145,-2.1601176261901855,-0.952824056148529,-1.8234550952911377,-1.1935640573501587,-2.3060121536254883,0.22437244653701782,-0.32146090269088745
0.05818037499999998,0.0034223749999999996,17.0,1.9216909627581131,0.8939018564694753,0.2507341048155905,-0.09018728194417738,-0.0782842826689708,0.01638652868638428,0.06820831473107083,-0.022762328386306763,-0.020483657717704773,0.18142959475517273,1.8659182786941528,-0.1924271583557129,-0.6123173236846924,-1.178001046180725,-1.0403847694396973,-1.8552992343902588,-3.459963798522949,0.20911939442157745,-0.9016122221946716
0.05818037499999998,0.0034223749999999996,17.0,1.9229749219270087,0.9151706676896244,0.25010350605696263,0.007385126588839845,0.006182495976624815,-0.0011247380181854403,0.06866718332829319,-0.16821998357772827,-0.10827191919088364,0.301644891500473,2.004535675048828,-0.7439099550247192,-2.1468000411987305,-0.9518947005271912,-1.8273487091064453,-1.1728228330612183,-2.3504865169525146,0.22825637459754944,-0.3211520314216614
0.05818037499999998,0.0034223749999999996,17.0,1.945587189726955,0.9177887445209856,0.2511752042503538,-0.08577758787031238,-0.07420173408855313,0.01565026972545346,0.06821963296615123,-0.030115783214569092,-0.025818701833486557,0.1965462863445282,1.9187999963760376,-0.2237056940793991,-0.7670753002166748,-1.1902499198913574,-1.0888855457305908,-1.7880040407180786,-3.4200661182403564,0.15970054268836975,-0.9086410403251648
0.05818037499999998,0.0034223749999999996,17.0,1.946354786083837,0.9383151507321558,0.25018399621262977,0.007002170712949158,0.005851266866842101,-0.0010815942775780308,0.06866583479660526,-0.1708824634552002,-0.10990013927221298,0.3092765510082245,2.0418319702148438,-0.7480071783065796,-2.231614589691162,-0.9510096311569214,-1.8426425457000732,-1.1818277835845947,-2.3438308238983154,0.17942661046981812,-0.34506404399871826
0.05818037499999998,0.0034223749999999996,17.0,1.9680238878215277,0.940935470172491,0.25223896759824777,-0.08154162539876647,-0.06991728737892704,0.015039879474888293,0.06821534225686601,-0.04159310460090637,-0.030640240758657455,0.21428045630455017,1.9910075664520264,-0.25869303941726685,-0.9622483253479004,-1.2129156589508057,-1.1465153694152832,-1.7295390367507935,-3.3695921897888184,0.08107080310583115,-0.9266592264175415
0.05818037499999998,0.0034223749999999996,17.0,1.9687399531373162,0.960717296859935,0.25040223370963904,0.0066105274686736595,0.0055188322732235276,-0.0010335837461151888,0.06866730774542394,-0.16585922241210938,-0.10918432474136353,0.31040123105049133,2.0228490829467773,-0.7186046242713928,-2.157177448272705,-0.9667895436286926,-1.8628647327423096,-1.2223008871078491,-2.4369606971740723,0.16384200751781464,-0.3065987527370453
0.05818037499999998,0.0034223749999999996,17.0,1.9898312909258768,0.9631852198010845,0.2530765121580617,-0.07711641420192493,-0.06576268367590242,0.014278488624874346,0.06822368603521299,-0.051534682512283325,-0.03763613477349281,0.2293923795223236,2.044189453125,-0.3048897385597229,-1.132401466369629,-1.2178752422332764,-1.199317455291748,-1.653377890586853,-3.317843198776245,0.036556169390678406,-0.9280272722244263
0.05818037499999998,0.0034223749999999996,17.0,1.990569114783778,0.9830969744377598,0.24695758765188058,0.006218500102568809,0.005237098733174861,-0.00099826126097485,0.06852705425535907,-0.16529837250709534,-0.11443207412958145,0.3182238042354584,2.0354294776916504,-0.715047299861908,-2.216254711151123,-0.959186851978302,-1.8888065814971924,-1.2117809057235718,-2.4656667709350586,0.14967110753059387,-0.29231032729148865
0.05818037499999998,0.0034223749999999996,17.0,2.0107635298465825,0.9845531036700034,0.2539344856489407,-0.0726449753909529,-0.061636976825175986,0.013434917523477167,0.06823386893933787,-0.06187954545021057,-0.045864537358284,0.24485120177268982,2.096670627593994,-0.36079248785972595,-1.3160755634307861,-1.209045171737671,-1.2494118213653564,-1.5600042343139648,-3.2530148029327393,-0.002573031932115555,-0.9315057396888733
0.05818037499999998,0.0034223749999999996,17.0,2.0111364414288486,1.0037463035780037,0.24729550412503828,0.005838425680962891,0.004908131482710132,-0.0009362422303385664,0.06851769845220664,-0.16772887110710144,-0.11771219968795776,0.3236483633518219,2.067558526992798,-0.7341496348381042,-2.2941713333129883,-0.9470087885856628,-1.8912866115570068,-1.1866188049316406,-2.4482970237731934,0.13551440834999084,-0.3213269114494324
0.05818037499999998,0.0034223749999999996,17.0,2.030995456024326,1.0050931525052882,0.25473786483237465,-0.06815018679886634,-0.05748323062931541,0.012687137228221698,0.06824896192357406,-0.0715295672416687,-0.052264053374528885,0.26388171315193176,2.154324531555176,-0.3920714259147644,-1.496941328048706,-1.215403437614441,-1.3200492858886719,-1.5261577367782593,-3.215003728866577,-0.05850624293088913,-0.9235842823982239
0.05818037499999998,0.0034223749999999996,17.0,2.0305695864041065,1.0226634835255826,0.2512090525631142,0.00545946289230896,0.004544015629286047,-0.0008514288781311586,0.06865674919556032,-0.17093122005462646,-0.11839857697486877,0.3249557316303253,2.0996804237365723,-0.7602390050888062,-2.3329153060913086,-0.9421287178993225,-1.8796288967132568,-1.167380928993225,-2.4240708351135254,0.1287800818681717,-0.364149808883667
0.05818037499999998,0.0034223749999999996,17.0,2.0502896073847197,1.0247286530987394,0.2555708428844468,-0.06363916048614648,-0.05341664285022197,0.011775594399244896,0.06826326740589589,-0.08213847875595093,-0.060969073325395584,0.2792864739894867,2.204350471496582,-0.44417524337768555,-1.67852783203125,-1.1979817152023315,-1.3756599426269531,-1.4518874883651733,-3.1436381340026855,-0.09127689898014069,-0.9201140403747559
0.05818037499999998,0.0034223749999999996,17.0,2.049587351247794,1.041634586790657,0.25144290606419567,0.005065814614017516,0.004214725752778121,-0.0007878483326807209,0.06865496240091115,-0.17185911536216736,-0.12200500071048737,0.33053264021873474,2.124573230743408,-0.7647011280059814,-2.399193286895752,-0.9320946931838989,-1.8869738578796387,-1.151369333267212,-2.4143245220184326,0.11752324551343918,-0.3819258511066437
0.05818037499999998,0.0034223749999999996,17.0,2.0684794403142615,1.0435465150216192,0.25666777389633977,-0.059176874487104084,-0.049436310099645636,0.01083446287333775,0.06826911959986744,-0.09847059845924377,-0.06991563737392426,0.29916372895240784,2.289870500564575,-0.5088208317756653,-1.9523310661315918,-1.170607089996338,-1.4392116069793701,-1.3961188793182373,-3.030379295349121,-0.16114458441734314,-0.9482966661453247
0.05818037499999998,0.0034223749999999996,17.0,2.0675764253708646,1.0597943905054126,0.2517253759620023,0.0046650243929633635,0.003880466303638152,-0.0007176602384576489,0.06865070640495052,-0.17565912008285522,-0.12465645372867584,0.336801141500473,2.1627423763275146,-0.7800910472869873,-2.504251003265381,-0.9205400347709656,-1.8921000957489014,-1.1461353302001953,-2.3750076293945312,0.09075184166431427,-0.4160637855529785
0.05818037499999998,0.0034223749999999996,17.0,2.0860453954483136,1.061477219631657,0.2573738297150092,-0.054663246071233504,-0.04559847873804896,0.009847407019090109,0.06829325416148298,-0.1103273332118988,-0.07991032302379608,0.31294772028923035,2.337737560272217,-0.5751405358314514,-2.1388497352600098,-1.1344740390777588,-1.4858858585357666,-1.322078824043274,-2.940721273422241,-0.17194336652755737,-0.9511363506317139
0.05818037499999998,0.0034223749999999996,17.0,2.08488288390637,1.0771257160811187,0.2518880985471961,0.004286988876418386,0.0035664471683651187,-0.0006557675662183499,0.0686485970428339,-0.17507103085517883,-0.1253127157688141,0.3399714529514313,2.170241355895996,-0.7702065706253052,-2.5167384147644043,-0.923318088054657,-1.9022419452667236,-1.1622495651245117,-2.396376848220825,0.06608394533395767,-0.41409608721733093
0.05818037499999998,0.0034223749999999996,17.0,2.102783581969604,1.0785675915030009,0.2581408481876435,-0.05024283028542427,-0.04177220215314304,0.008920304370902538,0.06831161394309393,-0.12118330597877502,-0.08821538090705872,0.32598772644996643,2.378014087677002,-0.6142951250076294,-2.294170379638672,-1.1115626096725464,-1.544137954711914,-1.2947194576263428,-2.867835283279419,-0.19116166234016418,-0.9362102746963501
0.05818037499999998,0.0034223749999999996,17.0,2.1014941349937803,1.0936327114519235,0.25206531009477207,0.003917307966293361,0.0032546231934610413,-0.0006022876658441013,0.06864425359200821,-0.17499247193336487,-0.1285657286643982,0.34243395924568176,2.1836512088775635,-0.7829186916351318,-2.5464720726013184,-0.9127467274665833,-1.8993566036224365,-1.1331027746200562,-2.400740146636963,0.0776682049036026,-0.4283347725868225
0.05818037499999998,0.0034223749999999996,17.0,2.118654406393595,1.0948670360778967,0.2588965685008125,-0.045893826603150514,-0.03805730164770035,0.008015851907687877,0.0683279075535415,-0.13248372077941895,-0.09557187557220459,0.33907273411750793,2.421793222427368,-0.6582726240158081,-2.449453830718994,-1.087194561958313,-1.5933787822723389,-1.2679691314697266,-2.800743579864502,-0.21498540043830872,-0.9347394108772278
0.05818037499999998,0.0034223749999999996,17.0,2.11703903100422,1.1093642552939829,0.2522416918132809,0.0035515620345734984,0.0029512744367910567,-0.0005431320532814287,0.06863782166141164,-0.17745953798294067,-0.12932643294334412,0.3459530770778656,2.209808826446533,-0.7823945879936218,-2.608397960662842,-0.9064677953720093,-1.9022254943847656,-1.1401381492614746,-2.3782269954681396,0.038883790373802185,-0.4527568519115448
0.05818037499999998,0.0034223749999999996,17.0,2.1340120708948622,1.1103550305550733,0.2593249324664728,-0.041602036619201206,-0.0344598430460438,0.0072049321249662,0.068357983036872,-0.14157703518867493,-0.10393129289150238,0.34762534499168396,2.443554401397705,-0.7046406269073486,-2.5599284172058105,-1.055380940437317,-1.6293144226074219,-1.215857982635498,-2.7361578941345215,-0.19946074485778809,-0.9212969541549683
0.05818037499999998,0.0034223749999999996,17.0,2.132525953425885,1.1250809300471616,0.24841430402949646,0.0031993709001219635,0.0026865005998418065,-0.0005064594576279506,0.0685024902477426,-0.17112630605697632,-0.13266651332378387,0.3455568253993988,2.1750011444091797,-0.7623841166496277,-2.5355443954467773,-0.9058324098587036,-1.9119839668273926,-1.1197328567504883,-2.468005657196045,0.06203806400299072,-0.4033208191394806
0.05818037499999998,0.0034223749999999996,17.0,2.148421749377083,1.1250241762564432,0.259659397642191,-0.03743298268388916,-0.030992489314662943,0.006387631575277721,0.0683840821859394,-0.1491008698940277,-0.11038032919168472,0.3525976240634918,2.4512128829956055,-0.741951048374176,-2.623861789703369,-1.0298563241958618,-1.6616218090057373,-1.1804436445236206,-2.69138240814209,-0.18255700170993805,-0.896660566329956
0.05818037499999998,0.0034223749999999996,17.0,2.145975749020567,1.1382127422396537,0.252235741237147,0.002858147345697577,0.0023748835679450403,-0.00043869487107254385,0.06863252298356823,-0.17542651295661926,-0.13215486705303192,0.3461768925189972,2.216059684753418,-0.7914674878120422,-2.5943498611450195,-0.8970285654067993,-1.8924565315246582,-1.094425082206726,-2.4284396171569824,0.03880907595157623,-0.4642718434333801
0.05818037499999998,0.0034223749999999996,17.0,2.1621047368330757,1.1388773877577139,0.259868089861046,-0.03341084973047024,-0.02766438812201993,0.00562169607833928,0.06841117220042484,-0.153872549533844,-0.1155487671494484,0.3539598882198334,2.439598798751831,-0.7708156108856201,-2.632046699523926,-1.0102814435958862,-1.6876189708709717,-1.1428495645523071,-2.6732053756713867,-0.15392477810382843,-0.8577315807342529
0.05818037499999998,0.0034223749999999996,17.0,2.1592654811933114,1.1514122509003097,0.25218421370703553,0.00251580649319466,0.0020896992631107146,-0.00039025721614216057,0.06862823355681924,-0.17323198914527893,-0.1328088939189911,0.34577348828315735,2.2131645679473877,-0.7910030484199524,-2.568660259246826,-0.8960216641426086,-1.887601613998413,-1.0681886672973633,-2.4723191261291504,0.031917549669742584,-0.46441471576690674
0.05818037499999998,0.0034223749999999996,17.0,2.174977234041378,1.1519269645069217,0.26005494582564703,-0.02958306724764293,-0.02447460197554475,0.0049222728411846646,0.06843227306580345,-0.16041454672813416,-0.12037938833236694,0.35781458020210266,2.4469380378723145,-0.801165759563446,-2.6905441284179688,-0.9879070520401001,-1.7113332748413086,-1.1068170070648193,-2.6343939304351807,-0.14740009605884552,-0.8431563377380371
0.05818037499999998,0.0034223749999999996,17.0,2.1719504438229587,1.1648221125167328,0.24880752571331902,0.0021902625990798574,0.001832440051454649,-0.00035122998062954203,0.06846766802555453,-0.1749158799648285,-0.13317596912384033,0.35281017422676086,2.2363779544830322,-0.7506135106086731,-2.665177822113037,-0.8927637934684753,-1.910560131072998,-1.111831545829773,-2.4442403316497803,-0.06100697070360184,-0.4696328938007355
0.05818037499999998,0.0034223749999999996,17.0,2.186909429309077,1.1642430354971032,0.26062046454330856,-0.02598721268749855,-0.021411457296053853,0.004292134548164648,0.06842740074985512,-0.17126059532165527,-0.12324739247560501,0.3689219653606415,2.497065544128418,-0.7929580211639404,-2.8541812896728516,-0.9735072255134583,-1.7541248798370361,-1.1460204124450684,-2.5380516052246094,-0.2287008911371231,-0.8610352277755737
0.05818037499999998,0.0034223749999999996,17.0,2.1827497555586834,1.1755517816945678,0.25276505346003003,0.001885464036231547,0.0015574003434225257,-0.0002928417811530672,0.06857738067739838,-0.18320879340171814,-0.13096514344215393,0.3574695289134979,2.306798219680786,-0.752605676651001,-2.803191661834717,-0.8863903284072876,-1.9020347595214844,-1.1363627910614014,-2.3371946811676025,-0.15415020287036896,-0.554777979850769
0.05818037499999998,0.0034223749999999996,17.0,2.198034451401471,1.1757416647892407,0.26102898910740324,-0.02255821480041909,-0.01853035137244992,0.003683985308601017,0.06842263223388491,-0.18018805980682373,-0.12549659609794617,0.37581220269203186,2.5306832790374756,-0.7813498973846436,-2.972109794616699,-0.9588671922683716,-1.7843906879425049,-1.173681378364563,-2.4479618072509766,-0.2971985340118408,-0.8725900650024414
0.05818037499999998,0.0034223749999999996,17.0,2.1938906788912282,1.1873129020321231,0.24924021139938587,0.001599382609172196,0.0013297168169410197,-0.00025822303536879407,0.06842005175678628,-0.18398219347000122,-0.13076616823673248,0.3632384240627289,2.315460205078125,-0.694138765335083,-2.8625316619873047,-0.8940072655677795,-1.9298949241638184,-1.1956251859664917,-2.3244197368621826,-0.24761100113391876,-0.5402293801307678
0.05818037499999998,0.0034223749999999996,17.0,2.2083605687247734,1.1864399696254266,0.26137909170608525,-0.019319851880958402,-0.015822590597099385,0.0031220998339023267,0.06841503922515155,-0.18930938839912415,-0.1274639070034027,0.3831802308559418,2.5696253776550293,-0.7716451287269592,-3.1064419746398926,-0.9416753053665161,-1.8079001903533936,-1.1951848268508911,-2.3474345207214355,-0.3725022077560425,-0.8973562121391296
0.05818037499999998,0.0034223749999999996,17.0,2.2030206428059587,1.196379494521763,0.2532164629293811,0.0013352226486844296,0.001095573527148962,-0.00020964602228173287,0.06852801261632628,-0.19195684790611267,-0.1281183809041977,0.36767932772636414,2.3783600330352783,-0.6883614659309387,-2.9846296310424805,-0.8922263979911804,-1.9239935874938965,-1.2262778282165527,-2.2276415824890137,-0.3451002538204193,-0.6158264875411987
0.05818037499999998,0.0034223749999999996,17.0,2.2180245930737286,1.196319470856718,0.2616204968964638,-0.016283521350140336,-0.013288108282969738,0.0026200204723447525,0.06840909384410543,-0.19577908515930176,-0.12853655219078064,0.3889400064945221,2.5901200771331787,-0.7482348680496216,-3.202000617980957,-0.9329991340637207,-1.83491849899292,-1.2241462469100952,-2.273331642150879,-0.44141632318496704,-0.8997817039489746
0.05818037499999998,0.0034223749999999996,17.0,2.211908976027815,1.2055276040450273,0.2534009913744015,0.001096578974945968,0.0008971506808239215,-0.0001725850513842361,0.06850565294904129,-0.195911705493927,-0.1269458532333374,0.37167975306510925,2.408879041671753,-0.6620964407920837,-3.059833526611328,-0.8947041034698486,-1.9306139945983887,-1.2575746774673462,-2.1792702674865723,-0.4256702959537506,-0.6444101929664612
0.05818037499999998,0.0034223749999999996,17.0,2.2268529509505397,1.205378101276378,0.2617833424872937,-0.013448943096759822,-0.010939105437473031,0.002148388497893699,0.06840206334468354,-0.20108789205551147,-0.12884940207004547,0.3918960392475128,2.6006507873535156,-0.723282516002655,-3.268125057220459,-0.9251454472541809,-1.855334997177124,-1.2495187520980835,-2.2036688327789307,-0.5023720860481262,-0.8972868919372559
0.05818037499999998,0.0034223749999999996,17.0,2.2200136799752683,1.2138183029718144,0.25360576801583734,0.0008795758728839692,0.0007167353896668582,-0.000139400178654501,0.06848198006445823,-0.19905123114585876,-0.12560078501701355,0.37541964650154114,2.430678606033325,-0.6300081014633179,-3.119182586669922,-0.9006490111351013,-1.9412133693695068,-1.2937633991241455,-2.1452512741088867,-0.5051900744438171,-0.6604932546615601
0.05818037499999998,0.0034223749999999996,17.0,2.234926933832414,1.2136168195328108,0.26194526584183747,-0.010829746465040082,-0.00877688152637171,0.00172327979866026,0.06839363221253361,-0.2066943645477295,-0.12872672080993652,0.39636215567588806,2.614553689956665,-0.6937046647071838,-3.3520469665527344,-0.9198150634765625,-1.8783838748931885,-1.2822595834732056,-2.130964517593384,-0.5763856768608093,-0.8974653482437134
0.05818037499999998,0.0034223749999999996,17.0,2.227250555811529,1.2212922392782382,0.2537666275654194,0.0006823017400901162,0.0005547188157983599,-0.0001082280276931568,0.06846260839625623,-0.2026239037513733,-0.12463627010583878,0.3788096010684967,2.456540584564209,-0.6094492673873901,-3.1850152015686035,-0.9017003178596497,-1.9452323913574219,-1.3154176473617554,-2.1023030281066895,-0.5742627382278442,-0.6865053772926331
0.05818037499999998,0.0034223749999999996,17.0,2.2421707737663725,1.2210466949858179,0.2620257313147814,-0.008421524988679817,-0.006811395528281375,0.0013299409470999214,0.06838669864586878,-0.21057134866714478,-0.12840984761714935,0.39797624945640564,2.6187281608581543,-0.6691914200782776,-3.403019905090332,-0.9119733572006226,-1.8925223350524902,-1.2998168468475342,-2.0695371627807617,-0.6320484280586243,-0.8943564891815186
0.05818037499999998,0.0034223749999999996,17.0,2.2337277270715923,1.2279006206203007,0.2539363879904953,0.0005049621958941093,0.00040911597551639183,-8.050820876986841e-5,0.06844349006456407,-0.20595639944076538,-0.1238035038113594,0.3827883303165436,2.4795329570770264,-0.5867258310317993,-3.251750946044922,-0.903810977935791,-1.952366590499878,-1.339612603187561,-2.0641775131225586,-0.6436221599578857,-0.7071890234947205
0.05818037499999998,0.0034223749999999996,17.0,2.2486336554637365,1.2276372551373353,0.2621338279741662,-0.006229332831626866,-0.005024552079069666,0.0009805434904620813,0.06837900456984933,-0.2137705683708191,-0.12777908146381378,0.39986035227775574,2.6184351444244385,-0.6402359008789062,-3.4483652114868164,-0.9088665843009949,-1.910661220550537,-1.3223907947540283,-2.019700050354004,-0.6870669722557068,-0.8833663463592529
0.05818037499999998,0.0034223749999999996,17.0,2.2393427716744863,1.2337076265655318,0.25404266812386195,0.0003427255734749224,0.0002773055224541221,-5.470760279982247e-5,0.06842960677536072,-0.20783832669258118,-0.1229226291179657,0.38421395421028137,2.4920473098754883,-0.5714370608329773,-3.280181407928467,-0.9066116213798523,-1.9556374549865723,-1.3523517847061157,-2.045516014099121,-0.68660968542099,-0.7188436388969421
0.05818037499999998,0.0034223749999999996,17.0,2.2543140107046424,1.2334124322013025,0.26212836778866083,-0.004230381062285547,-0.00340756938803257,0.0006626330276662415,0.06837601827375461,-0.2156778872013092,-0.1272418349981308,0.39974698424339294,2.6135237216949463,-0.617668628692627,-3.472745895385742,-0.9012203812599182,-1.9201934337615967,-1.3308780193328857,-1.976726770401001,-0.7274597883224487,-0.874099612236023
0.05818037499999998,0.0034223749999999996,17.0,2.244189522776547,1.23864421580856,0.25416405775550577,0.00019108743282811688,0.0001542015119559952,-3.064314803289163e-5,0.06841490138491164,-0.20995935797691345,-0.12232784181833267,0.38678833842277527,2.505679130554199,-0.5539301037788391,-3.32248592376709,-0.908186674118042,-1.9609992504119873,-1.36880362033844,-2.0223255157470703,-0.7363030314445496,-0.7304714918136597
0.05818037499999998,0.0034223749999999996,17.0,2.2591727094685665,1.2383316975481822,0.262228344240162,-0.0023540764914833697,-0.0018931096491780779,0.00036704257487683395,0.06837416137724944,-0.21718153357505798,-0.12659522891044617,0.4000944197177887,2.605194091796875,-0.5923241972923279,-3.4933462142944336,-0.8987847566604614,-1.9349009990692139,-1.3443766832351685,-1.944409966468811,-0.7636446952819824,-0.8568342924118042
0.05818037499999998,0.0034223749999999996,17.0,2.2259232112542464,-1.2419156722105278,0.2122994966674071,-0.013463762208655167,-0.0003841311646843063,-0.006192008084102883,0.06855769622095943,0.034539446234703064,0.014862856827676296,-0.14589697122573853,0.35449716448783875,0.5040725469589233,-1.1293056011199951,0.40333086252212524,-0.7392712235450745,-0.563521146774292,0.32426977157592773,-1.2459322214126587,-0.023575961589813232
0.05818037499999998,0.0034223749999999996,17.0,2.221297729004942,-1.2372390898001573,0.2125933119482357,-0.007256569231447613,-0.00019172118114876033,-0.00335465635591875,0.06855753672012221,0.03095114231109619,0.01853933185338974,-0.14031678438186646,0.3499543070793152,0.5288171172142029,-1.1590244770050049,0.3459984362125397,-0.7473474144935608,-0.5532056093215942,0.36672353744506836,-1.281160831451416,-0.016181647777557373
0.05818037499999998,0.0034223749999999996,17.0,2.215901892349431,-1.2318393365185945,0.21268175442847204,-0.005962720989447473,-0.00015309151837959072,-0.0027625678772124048,0.06855956901256847,0.029631823301315308,0.01944272220134735,-0.13807854056358337,0.34538528323173523,0.5323609709739685,-1.1757543087005615,0.3250829577445984,-0.7431679368019104,-0.5506371259689331,0.3868718147277832,-1.2891802787780762,-0.017415642738342285
0.05818037499999998,0.0034223749999999996,17.0,2.2097232788914147,-1.2256370085448112,0.2127231059450615,-0.005393023630118677,-0.00013610524665976816,-0.0025055075857946365,0.06856154570388696,0.029225021600723267,0.019808150827884674,-0.13699433207511902,0.3337852358818054,0.5185432434082031,-1.1807894706726074,0.31000059843063354,-0.726728618144989,-0.553412675857544,0.4141254425048828,-1.2791955471038818,-0.022963106632232666
0.05818037499999998,0.0034223749999999996,17.0,2.202678870434018,-1.2186048062477308,0.21278028490078416,-0.005057408976593698,-0.0001247977552961277,-0.002355977275786763,0.0685633961195667,0.0285608172416687,0.019984707236289978,-0.13528144359588623,0.3250676393508911,0.508903443813324,-1.1922647953033447,0.29359713196754456,-0.713411271572113,-0.552934467792511,0.43791627883911133,-1.2748734951019287,-0.02818542718887329
0.05818037499999998,0.0034223749999999996,17.0,2.1948254260206874,-1.2107589413849904,0.21283887179166408,-0.004830143259572445,-0.00011790201987424683,-0.002256178517365117,0.06856586764702292,0.028151586651802063,0.01986544579267502,-0.1335897147655487,0.314422070980072,0.4940430521965027,-1.2006280422210693,0.28149545192718506,-0.6989898085594177,-0.5531442761421204,0.4618871212005615,-1.2645126581192017,-0.03272712230682373
0.05818037499999998,0.0034223749999999996,17.0,2.1859585000338653,-1.2010497166507583,0.21063315145339398,-0.004665895228397277,-0.00014821098981792954,-0.0021405832953266713,0.06860638605831242,0.027947887778282166,0.019044827669858932,-0.13165557384490967,0.30182918906211853,0.4807629883289337,-1.2017345428466797,0.26707786321640015,-0.6875782608985901,-0.5611848831176758,0.48752665519714355,-1.249769926071167,-0.03257274627685547
0.05818037499999998,0.0034223749999999996,17.0,2.176434267175074,-1.1915508228573735,0.21073632839731085,-0.004503507426514132,-0.00014125891214101927,-0.002071732076985484,0.06860888145665732,0.027448192238807678,0.01865585893392563,-0.12908300757408142,0.29024413228034973,0.46310344338417053,-1.2113547325134277,0.2539311349391937,-0.6726931929588318,-0.5601192116737366,0.5121209621429443,-1.2384830713272095,-0.03678178787231445
0.05818037499999998,0.0034223749999999996,17.0,2.166087051856905,-1.1812345283168244,0.21084939393361987,-0.004372490328272244,-0.00013639301603528742,-0.0020169474371261307,0.0686116221748651,0.02705809473991394,0.01803421974182129,-0.12631726264953613,0.2782931923866272,0.4438629746437073,-1.2185566425323486,0.24332581460475922,-0.6585971713066101,-0.5591541528701782,0.5348575115203857,-1.2252123355865479,-0.03988379240036011
0.05818037499999998,0.0034223749999999996,17.0,2.1548793438370306,-1.1700843736163353,0.21096406711075413,-0.0042422150422059424,-0.00013031814111376207,-0.001963921690238509,0.06861430405247401,0.027167484164237976,0.017123457044363022,-0.12329307198524475,0.2597212493419647,0.4111400842666626,-1.214524269104004,0.23069767653942108,-0.634975016117096,-0.5609962344169617,0.5643749237060547,-1.201595425605774,-0.04537045955657959
0.05818037499999998,0.0034223749999999996,17.0,2.1428195636467944,-1.158125981439945,0.2112832737739045,-0.004114378844147371,-0.00012569244566775658,-0.0019112383105585361,0.06861424842240708,0.02670818567276001,0.016616180539131165,-0.1205238401889801,0.25050103664398193,0.3959396481513977,-1.2233219146728516,0.225179985165596,-0.6274763941764832,-0.5573471188545227,0.5775241851806641,-1.1892377138137817,-0.045238375663757324
0.05818037499999998,0.0034223749999999996,17.0,2.1300240754338473,-1.1452513028267415,0.21113957463249144,-0.003992069181000841,-0.0001227627490508226,-0.001852127865238851,0.06862110575805537,0.02588033676147461,0.016830258071422577,-0.11876359581947327,0.24743732810020447,0.3964759409427643,-1.2376904487609863,0.22143827378749847,-0.6296266913414001,-0.5545236468315125,0.5812947750091553,-1.1868683099746704,-0.04214102029800415
0.05818037499999998,0.0034223749999999996,17.0,2.116382509331412,-1.1315752630417828,0.21117342525315613,-0.00388273033191629,-0.00012091107901297689,-0.0018007934034483218,0.0686248775528348,0.02522289752960205,0.017298821359872818,-0.1178598701953888,0.2461767941713333,0.3994181156158447,-1.2521812915802002,0.22105200588703156,-0.6343838572502136,-0.550165057182312,0.5790655612945557,-1.1833535432815552,-0.03837043046951294
0.05818037499999998,0.0034223749999999996,17.0,2.1018732794822803,-1.1170815952686077,0.21137113926999232,-0.0037488036429213028,-0.00011661798418486697,-0.0017412262357071491,0.06862558801159403,0.024646654725074768,0.017790537327528,-0.11657238006591797,0.24158866703510284,0.3962238132953644,-1.2624285221099854,0.215152770280838,-0.6330162882804871,-0.5468214750289917,0.5822362899780273,-1.1775662899017334,-0.03690016269683838
0.05818037499999998,0.0034223749999999996,17.0,2.0865170544031217,-1.1017441739875935,0.21141319761001282,-0.0035817955033476015,-0.00011113610916269713,-0.0016648979346722097,0.06862937126148709,0.024260416626930237,0.017771773040294647,-0.11513477563858032,0.2366105616092682,0.3906714916229248,-1.269402027130127,0.2125234454870224,-0.6333277821540833,-0.5446022152900696,0.5833406448364258,-1.166163444519043,-0.03355562686920166
0.05818037499999998,0.0034223749999999996,17.0,2.0703128382174607,-1.08555215474846,0.21141199172640174,-0.0034228125345257647,-0.00010567047851357249,-0.0015919119299917378,0.06863382094956463,0.023645907640457153,0.018206685781478882,-0.11415675282478333,0.23443059623241425,0.3921843469142914,-1.2802813053131104,0.20924519002437592,-0.6372334361076355,-0.5419877767562866,0.581118106842041,-1.1601731777191162,-0.029667973518371582
0.05818037499999998,0.0034223749999999996,17.0,2.0532761411608407,-1.06855978031312,0.2114795636384223,-0.0032510667731855685,-9.986711656931007e-5,-0.001513514729830844,0.06863780131985771,0.023175224661827087,0.018027272075414658,-0.11234045028686523,0.22969266772270203,0.38638728857040405,-1.2878973484039307,0.2062104046344757,-0.638064444065094,-0.5391334891319275,0.581784725189209,-1.1484524011611938,-0.026064157485961914
0.05818037499999998,0.0034223749999999996,17.0,2.0354287078452575,-1.0507271206654374,0.21149931532452593,-0.0030441001305181454,-9.357403561671613e-5,-0.001416732772435557,0.06864148795767212,0.02254219353199005,0.01818515732884407,-0.11164090037345886,0.2302505373954773,0.39303258061408997,-1.2989470958709717,0.20746484398841858,-0.647128164768219,-0.5378216505050659,0.5736627578735352,-1.1415778398513794,-0.01987743377685547
0.05818037499999998,0.0034223749999999996,17.0,2.01696097389311,-1.0330663486697442,0.21380299414870105,-0.0028703127888498213,-6.56835181396527e-5,-0.0013666499180354818,0.06861138782362455,0.02208530902862549,0.019173484295606613,-0.10987478494644165,0.22116944193840027,0.37815913558006287,-1.3028388023376465,0.1939101219177246,-0.6327741742134094,-0.5306450128555298,0.5808553695678711,-1.1327382326126099,-0.0256880521774292
0.05818037499999998,0.0034223749999999996,17.0,1.9974511557322878,-1.013571636359693,0.21389550020069958,-0.002706044471436353,-6.12629200670435e-5,-0.0012893691418305274,0.06861625973094565,0.02164536714553833,0.01926957070827484,-0.107948899269104,0.21411994099617004,0.36990103125572205,-1.3078508377075195,0.1879207193851471,-0.6309452652931213,-0.5281715393066406,0.5808076858520508,-1.1185870170593262,-0.02271813154220581
0.05818037499999998,0.0034223749999999996,17.0,1.976893739171079,-0.9922143767430149,0.21163230145020004,-0.0025175049175567713,-7.511444930317917e-5,-0.0011744854379819756,0.06865522936887114,0.02150934934616089,0.018840979784727097,-0.10663929581642151,0.20585501194000244,0.36309894919395447,-1.3047990798950195,0.18650588393211365,-0.6354631781578064,-0.5345656871795654,0.577528715133667,-1.0963681936264038,-0.013286888599395752
0.05818037499999998,0.0034223749999999996,17.0,1.9557316727575784,-0.9710573707112446,0.21172626276290746,-0.0023182590838453994,-6.845998642544853e-5,-0.0010823707826136623,0.06865992250477132,0.02123330533504486,0.019079379737377167,-0.10427671670913696,0.19507017731666565,0.3484247624874115,-1.303919792175293,0.1759389191865921,-0.6286022067070007,-0.5319979786872864,0.5791025161743164,-1.0790784358978271,-0.011670887470245361
0.05818037499999998,0.0034223749999999996,17.0,1.93374455476875,-0.9490627466626089,0.21173355334571342,-0.002129092652357644,-6.273319177626988e-5,-0.0009937023772551914,0.06866421205582983,0.020989254117012024,0.0193241648375988,-0.1036405861377716,0.1906033307313919,0.3471905589103699,-1.3066315650939941,0.17546381056308746,-0.6321732401847839,-0.5321296453475952,0.5694890022277832,-1.063233494758606,-0.006361603736877441
0.05818037499999998,0.0034223749999999996,17.0,1.9109336222985867,-0.9262521848815102,0.2118280369733978,-0.001947157052782421,-5.72158322345978e-5,-0.0009089944099099046,0.06866837687103003,0.02039848268032074,0.019411936402320862,-0.101162850856781,0.18457093834877014,0.34138622879981995,-1.3135735988616943,0.1671994924545288,-0.6322500109672546,-0.5286673307418823,0.5667545795440674,-1.0516724586486816,-0.0026973485946655273
0.05818037499999998,0.0034223749999999996,17.0,1.8873283538619574,-0.902599275741628,0.21189442533865158,-0.0017861831016297472,-5.268727912975628e-5,-0.0008329955591287621,0.0686726937213244,0.019752129912376404,0.019879210740327835,-0.09978592395782471,0.1824963390827179,0.3451618254184723,-1.3260109424591064,0.1616702526807785,-0.6376487612724304,-0.5249544382095337,0.558250904083252,-1.044605016708374,0.0018867254257202148
0.05818037499999998,0.0034223749999999996,17.0,1.862811895940528,-0.8781076481693911,0.2119522111629765,-0.001580307330019259,-4.586048369969198e-5,-0.0007374716928326093,0.06867727488855774,0.01944074034690857,0.02009173482656479,-0.09824681282043457,0.17732088267803192,0.34151047468185425,-1.330535888671875,0.15625642240047455,-0.6388244032859802,-0.5223314166069031,0.551931619644165,-1.0322033166885376,0.005638778209686279
0.05818037499999998,0.0034223749999999996,17.0,1.8374880649341354,-0.852784169124476,0.21206971601960767,-0.0013932321578629047,-4.001082912104243e-5,-0.0006504576247842773,0.06868315663619107,0.01855449378490448,0.02044498920440674,-0.09540370106697083,0.17050357162952423,0.334125280380249,-1.3339228630065918,0.13859666883945465,-0.6346928477287292,-0.5247299075126648,0.556011438369751,-1.025871753692627,0.007336020469665527
0.05818037499999998,0.0034223749999999996,17.0,1.8113577649240027,-0.8266284333563494,0.21220954201340633,-0.001202330938469923,-3.442856626519077e-5,-0.0005612252526126625,0.06869218042786963,0.018416747450828552,0.020697787404060364,-0.09366083145141602,0.16218334436416626,0.323613703250885,-1.3324172496795654,0.1313435435295105,-0.6316739916801453,-0.5230805277824402,0.5502753257751465,-1.0092062950134277,0.01019376516342163
0.05818037499999998,0.0034223749999999996,17.0,1.7844125179047587,-0.7996385901372932,0.21240907031237663,-0.0010580941069880667,-3.0178184106218346e-5,-0.0004937713853670089,0.06870403521470082,0.01812461018562317,0.020902954041957855,-0.09113648533821106,0.15321452915668488,0.3112165331840515,-1.3300845623016357,0.12052145600318909,-0.6265767216682434,-0.5218120813369751,0.547266960144043,-0.995205283164978,0.012147128582000732
0.05818037499999998,0.0034223749999999996,17.0,1.7567111344417126,-0.7718009403536554,0.2126299016371887,-0.0009139810618890564,-2.64762533522982e-5,-0.00042575083563893004,0.06872335238712501,0.01786467432975769,0.020783793181180954,-0.0891290009021759,0.14780160784721375,0.30800944566726685,-1.3341057300567627,0.11984939873218536,-0.6297896504402161,-0.5186014175415039,0.5348546504974365,-0.9807141423225403,0.017593324184417725
0.05818037499999998,0.0034223749999999996,17.0,1.7280166977242681,-0.743081987967832,0.2128562258878123,-0.0007467977997996965,-1.9429327256266235e-5,-0.0003446474931170067,0.06875166757147586,0.017120927572250366,0.021246325224637985,-0.08590462803840637,0.14011633396148682,0.3076540231704712,-1.3374414443969727,0.1074749082326889,-0.6298391222953796,-0.5174073576927185,0.5240828990936279,-0.9739527106285095,0.022193074226379395
0.05818037499999998,0.0034223749999999996,17.0,1.6986175961490264,-0.7135201158507527,0.21312174059083272,-0.0006375703052970543,-1.5682063556759695e-5,-0.00029234956917136994,0.06877671920616227,0.015247553586959839,0.0215437188744545,-0.08131781220436096,0.1379454880952835,0.32832393050193787,-1.353515386581421,0.09508535265922546,-0.6407880187034607,-0.5240275859832764,0.5103213787078857,-0.9816307425498962,0.03198271989822388
0.05818037499999998,0.0034223749999999996,17.0,1.6682235962348448,-0.6841075746777352,0.21617986367219655,-0.0004846795794289623,-5.578207674718633e-6,-0.00022391397017239363,0.06878331761502826,0.017627239227294922,0.022899169474840164,-0.07531923055648804,0.10757215321063995,0.308791846036911,-1.3331537246704102,0.08244511485099792,-0.6010410189628601,-0.49979040026664734,0.47930479049682617,-0.9651249051094055,0.017310798168182373
0.05818037499999998,0.0034223749999999996,17.0,1.6369740377666797,-0.6527871323758991,0.21658244061800416,-0.00031417843242744804,-3.213581167122725e-6,-0.0001443040756067759,0.06879318971732287,0.02475796639919281,0.025302506983280182,-0.07053732872009277,0.05299951136112213,0.28449878096580505,-1.2708923816680908,0.07743185758590698,-0.5197753310203552,-0.46172139048576355,0.42217063903808594,-0.9231224060058594,-0.017621636390686035
0.05818037499999998,0.0034223749999999996,17.0,1.604665579729818,-0.6207105173073884,0.21702681785718309,-0.00015944709935789743,-1.1050090848930194e-6,-7.31460867225941e-5,0.06879196762123596,0.03400139510631561,0.03011590987443924,-0.06656992435455322,-0.014235526323318481,0.24266847968101501,-1.158215045928955,0.06226860731840134,-0.38821911811828613,-0.3989371061325073,0.36776208877563477,-0.8574612736701965,-0.0838201642036438
0.05818037499999998,0.0034223749999999996,17.0,1.5715957778065714,-0.5877250121868637,0.21745293681699365,-8.808360801557026e-6,-4.1467311394828976e-8,-4.0179649525698755e-6,0.06878251803320148,0.044519662857055664,0.03712591528892517,-0.0660666823387146,-0.08026403188705444,0.19698680937290192,-1.001626968383789,0.0390615239739418,-0.22630977630615234,-0.33816927671432495,0.3297121524810791,-0.7740062475204468,-0.17463618516921997
0.05818037499999998,0.0034223749999999996,17.0,1.5378220940900145,-0.5538841514308562,0.2176362363275956,0.0001408339759083356,6.980903491246055e-7,6.419494041619849e-5,0.06876550810124052,0.014199063181877136,0.029597926884889603,-0.024822771549224854,-0.3346397280693054,-0.10459864884614944,-0.4723958969116211,-0.35792404413223267,0.16839653253555298,-0.4538716673851013,0.3700387477874756,-0.47534576058387756,-0.2980940341949463
0.05818037499999998,0.0034223749999999996,17.0,1.50324757576221,-0.5192875670164391,0.21777212042933666,0.0002911554870345373,1.4584722279072539e-6,0.0001327823017060562,0.06875304745130265,0.008021742105484009,0.04030285030603409,-0.01543930172920227,-0.36590635776519775,-0.11793505400419235,-0.2514152526855469,-0.3639134168624878,0.329285204410553,-0.4181901216506958,0.41693544387817383,-0.3786594867706299,-0.41795870661735535
0.05818037499999998,0.0034223749999999996,17.0,1.467912384214323,-0.4839073592050652,0.21792721952094843,0.00044384863544118225,1.9493437277447766e-6,0.00020250419019679898,0.06874183282317194,0.003482609987258911,0.04962467774748802,-0.008688002824783325,-0.38040465116500854,-0.14157932996749878,-0.0773622989654541,-0.37918591499328613,0.44868505001068115,-0.4138721227645874,0.4729912281036377,-0.3188723921775818,-0.5147960186004639
0.05818037499999998,0.0034223749999999996,17.0,1.4317530117180615,-0.4477221331883924,0.2181270595157925,0.0006004525344422338,1.4681019493177533e-6,0.00027481204915274864,0.0687281960189119,-9.28342342376709e-5,0.0569557249546051,-0.0048035383224487305,-0.38484513759613037,-0.17078857123851776,0.024147748947143555,-0.4137013852596283,0.5080156922340393,-0.4280644655227661,0.5324530601501465,-0.31459352374076843,-0.5641370415687561
0.05818037499999998,0.0034223749999999996,17.0,1.3947736610679862,-0.4107423017096942,0.21822189798311847,0.0007647283573678433,3.461353863640647e-6,0.0003484084657532567,0.06873949897555608,-0.0031945109367370605,0.06040182337164879,-0.002582937479019165,-0.3922264575958252,-0.179600328207016,0.05767536163330078,-0.4075588881969452,0.5395416021347046,-0.42479127645492554,0.5553178787231445,-0.29699045419692993,-0.5880223512649536
0.05818037499999998,0.0034223749999999996,17.0,1.3569601055811455,-0.37295395201302733,0.2183654290372278,0.000959325314866839,4.91805993857452e-6,0.000436992090760861,0.06874090612943513,-0.004870682954788208,0.06223862245678902,0.0011883080005645752,-0.39570754766464233,-0.1828930675983429,0.07542157173156738,-0.41172972321510315,0.5520629286766052,-0.4141325354576111,0.567948579788208,-0.3090527653694153,-0.597370982170105
0.05818037499999998,0.0034223749999999996,17.0,1.3183387772410238,-0.33433877381446414,0.2185047420995641,0.0010697040556614016,6.209648482428994e-6,0.0004867261137848163,0.06874296457890965,-0.00557100772857666,0.06319824606180191,0.0048409104347229,-0.396869421005249,-0.1813356876373291,0.0809943675994873,-0.4093993008136749,0.5567843317985535,-0.3986677825450897,0.5691335201263428,-0.3236320912837982,-0.6017730236053467
0.05818037499999998,0.0034223749999999996,17.0,1.2789186374569814,-0.29488477794029044,0.21863343577731728,0.0011913086094264146,6.788837707444071e-6,0.0005419501303849813,0.0687390556800337,-0.005115389823913574,0.064030721783638,0.008197546005249023,-0.39197689294815063,-0.18694846332073212,0.0848233699798584,-0.42053595185279846,0.5466475486755371,-0.388339638710022,0.5763390064239502,-0.35273340344429016,-0.5973752737045288
0.05818037499999998,0.0034223749999999996,17.0,1.2386301135375144,-0.25461940841663017,0.21870625552182985,0.0013877282076241039,9.80841646327744e-6,0.0006310725781364885,0.0687424487176886,-0.005224108695983887,0.06437543034553528,0.009856313467025757,-0.39022499322891235,-0.17677991092205048,0.0756680965423584,-0.39275920391082764,0.5498668551445007,-0.3642004728317261,0.559730052947998,-0.3465786576271057,-0.6035465002059937
0.05818037499999998,0.0034223749999999996,17.0,1.1975524494667615,-0.2135272399567939,0.21877734451788627,0.0015624870008439594,1.4116805102935371e-5,0.0007068670515545665,0.06875499571269005,-0.0041922926902771,0.0640183538198471,0.010679066181182861,-0.39052116870880127,-0.15903827548027039,0.0539393424987793,-0.3508908450603485,0.5562053918838501,-0.34370002150535583,0.5239725112915039,-0.3382600247859955,-0.6111905574798584
0.05818037499999998,0.0034223749999999996,17.0,1.155614166679824,-0.17161260436591663,0.21895067710414862,0.0017183596999015458,1.6839508375298248e-5,0.0007769315974125919,0.0687597096321777,-0.0029981136322021484,0.06342244893312454,0.01315295696258545,-0.38545435667037964,-0.14265069365501404,0.03346657752990723,-0.3340838849544525,0.552906334400177,-0.3309212028980255,0.5034663677215576,-0.3461071252822876,-0.6124967336654663
0.05818037499999998,0.0034223749999999996,17.0,1.1127530991379935,-0.1289118259171825,0.21921445279714052,0.0018341031558503492,1.747070179124614e-5,0.0008273746592984376,0.06876172917851618,-0.002996116876602173,0.06165114417672157,0.01863369345664978,-0.37917232513427734,-0.12973058223724365,0.0006215572357177734,-0.3330640196800232,0.5626515746116638,-0.350290447473526,0.49252748489379883,-0.31525376439094543,-0.6229724287986755
0.05818037499999998,0.0034223749999999996,17.0,1.0687211884841108,-0.08549478221532253,0.21955394559874342,0.001859278087564573,1.2614834112016307e-5,0.0008352816554858181,0.06874212167746811,-0.013298392295837402,0.056919895112514496,0.02635723352432251,-0.3268125057220459,-0.28168967366218567,-0.012850284576416016,-0.3258560597896576,0.5583683848381042,-0.5225393176078796,0.5033540725708008,0.09574990719556808,-0.6486541032791138
0.05818037499999998,0.0034223749999999996,17.0,1.0238296715646593,-0.04151566405387865,0.22054404081001835,0.0016782193297176862,4.301016607522575e-7,0.0007552084978077101,0.06868229358034604,-0.03780311346054077,0.048029787838459015,0.0383719801902771,-0.26988929510116577,-0.5130040645599365,0.005213499069213867,-0.3280072510242462,0.5743165612220764,-0.747580349445343,0.49013423919677734,0.7133654952049255,-0.6805990934371948
0.05818037499999998,0.0034223749999999996,17.0,0.9777237726887315,0.0032967365893165385,0.2210602521167058,-2.5271791907761898e-9,9.300892778990079e-12,-1.1614078330588168e-9,0.06857876301950924,-0.0627870261669159,0.034511011093854904,0.07589533925056458,0.25463688373565674,-0.3548349142074585,-1.0837256908416748,-0.676308274269104,-0.8657050728797913,-0.6340610980987549,0.28461599349975586,0.5529348254203796,0.17905718088150024
0.05818037499999998,0.0034223749999999996,17.0,1.0210411045742267,0.04782212055975488,0.2220009168093759,-0.001683711059163036,2.8535970433085527e-5,-0.0007608291793999094,0.0685422036276919,-0.11693650484085083,0.014775077812373638,0.0989207923412323,0.4120011627674103,-0.25582900643348694,-1.212890625,-0.9221734404563904,-1.0602941513061523,-0.8362255096435547,0.18413066864013672,0.6520775556564331,0.21114331483840942
0.05818037499999998,0.0034223749999999996,17.0,1.0646100877418316,0.09152706706346313,0.22243004675540667,-0.001871836453591664,4.4278591611052924e-5,-0.0008381512463798512,0.06852283056995016,-0.14849033951759338,-0.005413197446614504,0.10996493697166443,0.4801960587501526,-0.17352616786956787,-1.203923225402832,-1.099343180656433,-1.1260926723480225,-0.9451299905776978,0.12475895881652832,0.6755946278572083,0.22024869918823242
0.05818037499999998,0.0034223749999999996,17.0,1.1080713576050556,0.13488175467180244,0.22258016605665867,-0.0018499178925147207,4.587678088706851e-5,-0.0008258234563307999,0.06851982687029823,-0.15514907240867615,-0.012366524897515774,0.11426004767417908,0.48520782589912415,-0.13516148924827576,-1.1832473278045654,-1.129637360572815,-1.110626220703125,-0.9964513182640076,0.11337804794311523,0.6943650245666504,0.2067309021949768
0.05818037499999998,0.0034223749999999996,17.0,1.1507453544833919,0.1774361856327509,0.22274969597366043,-0.001734991772813015,4.244295515121369e-5,-0.0007718032451709619,0.06851542410367568,-0.15986600518226624,-0.016872718930244446,0.12015357613563538,0.49680817127227783,-0.09412960708141327,-1.2010414600372314,-1.1353354454040527,-1.102815866470337,-1.0255804061889648,0.11847162246704102,0.6741727590560913,0.19030481576919556
0.05818037499999998,0.0034223749999999996,17.0,1.1927694865347327,0.21915186725455324,0.2228489096066277,-0.0015797919158138294,3.5770621726621525e-5,-0.000697982483647619,0.06850618069422382,-0.15993809700012207,-0.019594687968492508,0.12393966317176819,0.5028045177459717,-0.07989675551652908,-1.206824779510498,-1.1200364828109741,-1.096353530883789,-1.030989408493042,0.10895466804504395,0.687773585319519,0.17966997623443604
0.05818037499999998,0.0034223749999999996,17.0,1.23401856594594,0.26015445955643146,0.22293324292346048,-0.0014053746883819825,2.9491594512436174e-5,-0.0006175722418168566,0.06849917770383812,-0.15648159384727478,-0.02012159675359726,0.12575873732566833,0.4986957013607025,-0.10872276872396469,-1.1860604286193848,-1.0933696031570435,-1.0856239795684814,-1.013830542564392,0.09172177314758301,0.7509739398956299,0.17500454187393188
0.05818037499999998,0.0034223749999999996,17.0,1.2746653910039196,0.30159251114890173,0.22009034074317624,-0.0012068007889868637,1.2805856631213596e-5,-0.0005234738271779236,0.06856388016234652,-0.1511894166469574,-0.0207977257668972,0.12703773379325867,0.5061840415000916,-0.08267760276794434,-1.169299840927124,-1.0471370220184326,-1.09326171875,-1.023710012435913,0.04650759696960449,0.7632619738578796,0.17201077938079834
0.05818037499999998,0.0034223749999999996,17.0,1.3140779421255775,0.34092818423569893,0.2202321499223705,-0.0010841806334987286,1.0965531142369591e-5,-0.0004693409295038756,0.06856210281711791,-0.15216892957687378,-0.02457917109131813,0.1318587362766266,0.5233412981033325,-0.03871356323361397,-1.2030072212219238,-1.0245972871780396,-1.100053071975708,-1.026328444480896,0.04292607307434082,0.7382490038871765,0.16379255056381226
0.05818037499999998,0.0034223749999999996,17.0,1.3527060730037557,0.3794439030673209,0.2203447223141934,-0.0009727619855849963,8.965501343900201e-6,-0.00042029852040162646,0.06856124178748732,-0.1498684287071228,-0.027537193149328232,0.1343829333782196,0.5343742370605469,-0.03009892627596855,-1.2138705253601074,-0.98884117603302,-1.1065394878387451,-1.0087451934814453,0.026654720306396484,0.7596068978309631,0.16154736280441284
0.05818037499999998,0.0034223749999999996,17.0,1.3905130010264826,0.4171403171780375,0.2204606359511498,-0.0007755074432085177,6.418164741078361e-6,-0.00033473536395333797,0.06856336885442364,-0.14654085040092468,-0.030565880239009857,0.13700786232948303,0.5446804761886597,-0.024870872497558594,-1.219161033630371,-0.9471095204353333,-1.1169188022613525,-0.9871527552604675,0.0019443035125732422,0.7901206612586975,0.16365623474121094
0.05818037499999998,0.0034223749999999996,17.0,1.4275201953690033,0.4540120635960632,0.22054807969905765,-0.0006094146736637727,4.542129585109412e-6,-0.0002624233434074238,0.06856360470880893,-0.1446891725063324,-0.03591296449303627,0.14080557227134705,0.5639709830284119,0.014462255872786045,-1.2488088607788086,-0.9016728401184082,-1.1297540664672852,-0.9773975014686584,-0.021729707717895508,0.7797242999076843,0.16067153215408325
0.05818037499999998,0.0034223749999999996,17.0,1.463707845188276,0.4900286372009602,0.22061903518402168,-0.0004506247612083737,2.8748660269329335e-6,-0.00019347574825185625,0.06856330653590785,-0.13922035694122314,-0.045285459607839584,0.14098021388053894,0.5697404146194458,0.04222191870212555,-1.260045051574707,-0.8220130205154419,-1.1518843173980713,-0.9573096632957458,-0.07473945617675781,0.7999493479728699,0.1860913634300232
0.05818037499999998,0.0034223749999999996,17.0,1.4990722379273762,0.5251638044622884,0.2206756316478807,-0.00029579468787695716,1.4945699149287807e-6,-0.0001266450559453768,0.06856464215842778,-0.1349317729473114,-0.06121857464313507,0.13782230019569397,0.5831336975097656,0.08036200702190399,-1.2586064338684082,-0.7225722670555115,-1.1831228733062744,-0.9309167265892029,-0.16960501670837402,0.832425594329834,0.22845834493637085
0.05818037499999998,0.0034223749999999996,17.0,1.5336183308868296,0.559447898464075,0.2206948858037252,-0.00014321122219016345,5.366798135399744e-7,-6.102761523525115e-5,0.06856733595956246,-0.12871327996253967,-0.07262144982814789,0.13455286622047424,0.6243059635162354,0.14900782704353333,-1.18760085105896,-0.6244813203811646,-1.2115349769592285,-0.9681850075721741,-0.3487539291381836,0.7995184659957886,0.23727840185165405
0.05818037499999998,0.0034223749999999996,17.0,1.5673723672068873,0.5928008080502963,0.22067694044416725,8.972476999667429e-6,-1.5924685773472494e-8,3.7926725686356217e-6,0.06857151310031319,-0.14437901973724365,-0.11629293113946915,0.17963948845863342,1.2239848375320435,-0.07985783368349075,-1.596846580505371,-0.5416290163993835,-1.8376762866973877,-0.8561846613883972,-1.3764967918395996,0.15854009985923767,0.46844273805618286
0.05818037499999998,0.0034223749999999996,17.0,1.6000506375498702,0.6249616493078456,0.22103684493972695,0.00016337033029874788,8.478369992237501e-8,6.706113736377233e-5,0.06856360698983222,-0.14579981565475464,-0.11678653210401535,0.20225217938423157,1.4061102867126465,-0.22147679328918457,-1.6942157745361328,-0.640201985836029,-1.8576076030731201,-0.9024853706359863,-1.6130225658416748,0.14570094645023346,0.3195602297782898
0.05818037499999998,0.0034223749999999996,17.0,1.631881483979005,0.6563519937618068,0.22154269960023798,0.0003238412867231907,3.4010677885690946e-7,0.000127810409813012,0.06855549815964124,-0.14693835377693176,-0.11456873267889023,0.2240804135799408,1.5536531209945679,-0.3603467643260956,-1.741389274597168,-0.7542294263839722,-1.8559327125549316,-1.0105534791946411,-1.8852689266204834,0.2034004181623459,0.1781294345855713
0.05818037499999998,0.0034223749999999996,17.0,1.66275072885852,0.6868533294469021,0.222452093526769,0.0005042846990505221,-7.593016319130535e-7,0.00018667491464937326,0.06854014628466981,-0.14876431226730347,-0.11443101614713669,0.2433910071849823,1.666904091835022,-0.5037938952445984,-1.7714204788208008,-0.8450172543525696,-1.8349695205688477,-1.0742692947387695,-2.123325824737549,0.3134557604789734,0.050434648990631104
0.05818037499999998,0.0034223749999999996,17.0,1.6930110796813262,0.7168255614706603,0.2234058792285953,0.0006674802014869576,-4.309144159467641e-6,0.0002320178402657859,0.06852853687100376,-0.15337330102920532,-0.11190886795520782,0.26130738854408264,1.7555983066558838,-0.5865939855575562,-1.8445963859558105,-0.9144967794418335,-1.8316709995269775,-1.162391185760498,-2.254735231399536,0.3380143940448761,-0.04285627603530884
0.05818037499999998,0.0034223749999999996,17.0,1.7221434537342961,0.7462895307718298,0.22468438655024356,0.0007878352500139657,-1.2977504525266403e-5,0.00025598726459658634,0.06851223188185798,-0.148093581199646,-0.10825010389089584,0.26026490330696106,1.7461978197097778,-0.5876564979553223,-1.7182836532592773,-0.945904552936554,-1.8224315643310547,-1.239648461341858,-2.3811399936676025,0.38377630710601807,-0.041320741176605225
0.05818037499999998,0.0034223749999999996,17.0,1.7507982673887266,0.7750165431249032,0.22569090270794512,0.0009665484807916864,-2.0338732143319794e-5,0.00030504525855236755,0.06854960580095838,-0.15109458565711975,-0.10648013651371002,0.26713916659355164,1.788835048675537,-0.6148523092269897,-1.7573447227478027,-0.9678581357002258,-1.8270702362060547,-1.266932487487793,-2.4178614616394043,0.35571956634521484,-0.08077871799468994
0.05818037499999998,0.0034223749999999996,17.0,1.778731159086191,0.8027927856914518,0.22606125615490566,0.0011209640000974627,-2.6798918798267588e-5,0.0003448587531920337,0.06855477743861878,-0.14856645464897156,-0.10666444897651672,0.2668152153491974,1.78655207157135,-0.6225608587265015,-1.6931037902832031,-0.9810896515846252,-1.8310766220092773,-1.2665053606033325,-2.4976086616516113,0.36478906869888306,-0.07144194841384888
0.05818037499999998,0.0034223749999999996,17.0,1.8057729493125625,0.8297984417373029,0.22645290202025653,0.0012748264870759455,-3.299336178086727e-5,0.0003865582823094634,0.06855695782505118,-0.14815497398376465,-0.10600195825099945,0.2700969874858856,1.8017719984054565,-0.6211390495300293,-1.691209316253662,-0.9923497438430786,-1.843050479888916,-1.2787201404571533,-2.5378737449645996,0.3314121961593628,-0.07548004388809204
0.05818037499999998,0.0034223749999999996,17.0,1.8319248800575816,0.8559495299931598,0.22678393874535296,0.0014778606820318708,-3.961213498216961e-5,0.0004445085386350008,0.06855718692380708,-0.14848122000694275,-0.10672564059495926,0.27503153681755066,1.8256425857543945,-0.6294727325439453,-1.7191438674926758,-0.9975239038467407,-1.852889060974121,-1.2664575576782227,-2.5646095275878906,0.30393803119659424,-0.09023761749267578
0.05818037499999998,0.0034223749999999996,17.0,1.8570865626070756,0.8813146149581893,0.2272431634583655,0.0016761319530691969,-4.686727518103818e-5,0.0005032287859412928,0.06855644369314315,-0.15040192008018494,-0.104013592004776,0.28332802653312683,1.8578060865402222,-0.6144798398017883,-1.7810773849487305,-1.0150723457336426,-1.8803915977478027,-1.3219329118728638,-2.5833544731140137,0.21548104286193848,-0.10158264636993408
0.05818037499999998,0.0034223749999999996,17.0,1.8817058475795247,0.9057900011983009,0.22719298654237727,0.001895216612859984,-5.344123896895572e-5,0.0005636899408311023,0.06856123493184234,-0.14790555834770203,-0.1061137318611145,0.2830967605113983,1.8521102666854858,-0.6249101161956787,-1.736259937286377,-1.0147805213928223,-1.88376784324646,-1.2904770374298096,-2.642789125442505,0.22998657822608948,-0.08884668350219727
0.05818037499999998,0.0034223749999999996,17.0,1.9052780380055174,0.9294437880274772,0.2274653132689628,0.002066492260224439,-5.981280439758621e-5,0.0006133816138073459,0.06856019556745616,-0.1513189971446991,-0.10660157352685928,0.29032769799232483,1.8872402906417847,-0.6325293779373169,-1.8206124305725098,-1.0168181657791138,-1.9007437229156494,-1.2961894273757935,-2.633997917175293,0.1757507622241974,-0.1099616289138794
0.05818037499999998,0.0034223749999999996,17.0,1.9280736501033127,0.9522243146595017,0.22764757987900414,0.0022594734686657795,-6.53747340298672e-5,0.0006693129954073623,0.06856188317929168,-0.151295006275177,-0.10821659117937088,0.29439666867256165,1.9021167755126953,-0.6371964812278748,-1.8441352844238281,-1.016186237335205,-1.9091742038726807,-1.2803484201431274,-2.655022621154785,0.15793141722679138,-0.11646544933319092
0.05818037499999998,0.0034223749999999996,17.0,1.9502503112607148,0.9740851167480583,0.2276024610853229,0.0024610007527223155,-7.10752515127176e-5,0.0007244178645426552,0.0685663958816513,-0.1463141143321991,-0.11090627312660217,0.2938220202922821,1.878519892692566,-0.624665379524231,-1.7690081596374512,-1.0177268981933594,-1.9189503192901611,-1.2650880813598633,-2.7264366149902344,0.1870315968990326,-0.07984679937362671
0.05818037499999998,0.0034223749999999996,17.0,1.971240190437695,0.995246248609409,0.22793263024330465,0.0026708143453452043,-7.780193748810978e-5,0.0007894104859239796,0.06856755597101372,-0.1503080427646637,-0.11157473921775818,0.3016548454761505,1.914528250694275,-0.6268283128738403,-1.8699655532836914,-1.0179340839385986,-1.9383618831634521,-1.2792142629623413,-2.701340436935425,0.13056233525276184,-0.10050290822982788
0.05818037499999998,0.0034223749999999996,17.0,1.9914121949490329,1.015473597726874,0.22822511133116077,0.0028776120223678327,-8.2884944036529e-5,0.0008519311106151065,0.06856977514636069,-0.15238961577415466,-0.11465180665254593,0.3077572286128998,1.9443655014038086,-0.647426426410675,-1.94968843460083,-1.0075931549072266,-1.9422638416290283,-1.2466329336166382,-2.688694715499878,0.12310466915369034,-0.1270635724067688
0.05818037499999998,0.0034223749999999996,17.0,2.010808749244807,1.0348842747984752,0.22845388019130708,0.0030509937782414965,-8.695659627209737e-5,0.0009045447513845801,0.06857145100623459,-0.15421301126480103,-0.11719479411840439,0.31343212723731995,1.9705532789230347,-0.6598896384239197,-2.021860122680664,-0.9991329908370972,-1.9480674266815186,-1.227202296257019,-2.675586462020874,0.10903037339448929,-0.14847487211227417
0.05818037499999998,0.0034223749999999996,17.0,2.0294126138709383,1.0534918514333083,0.2285884962946508,0.003225499011597744,-9.142690363084935e-5,0.0009560854685128559,0.06857494349284672,-0.15312933921813965,-0.11827649921178818,0.31672921776771545,1.974157691001892,-0.6547610759735107,-2.0293946266174316,-0.9999319314956665,-1.9590773582458496,-1.2304167747497559,-2.7012860774993896,0.09503620862960815,-0.14196652173995972
0.05818037499999998,0.0034223749999999996,17.0,2.047216941105709,1.0712619603181883,0.2287775669726688,0.003444186261304592,-9.883843613835418e-5,0.0010214699154614691,0.06857734753444983,-0.1547236442565918,-0.12035824358463287,0.3217078149318695,1.99228835105896,-0.6555652618408203,-2.09329891204834,-0.9938379526138306,-1.9715664386749268,-1.2303533554077148,-2.6867856979370117,0.07499000430107117,-0.14924967288970947
0.05818037499999998,0.0034223749999999996,17.0,2.064195142250742,1.0881508546542042,0.22886807729392086,0.003625231177666734,-0.00010204599806540639,0.0010741982705741227,0.06857905288587549,-0.15416517853736877,-0.12326058000326157,0.3237699568271637,2.000741481781006,-0.6702231764793396,-2.112210273742676,-0.9836962819099426,-1.9670701026916504,-1.1936181783676147,-2.695803642272949,0.09045669436454773,-0.16022038459777832
0.05818037499999998,0.0034223749999999996,17.0,2.080234439853824,1.1042890852007756,0.22911634836107828,0.003791448183670908,-0.00010625254895032768,0.001128200687542054,0.06857924415913841,-0.15612903237342834,-0.12404102087020874,0.32753774523735046,2.0205750465393066,-0.6700598001480103,-2.1674036979675293,-0.9796972274780273,-1.97495698928833,-1.1972600221633911,-2.681347608566284,0.06091111898422241,-0.17413687705993652
0.05818037499999998,0.0034223749999999996,17.0,2.09561090553079,1.1195723801516322,0.229061309968609,0.003967911369766564,-0.00010909501880439749,0.0011770170055670113,0.06858293233153037,-0.15374377369880676,-0.12591882050037384,0.32701119780540466,2.0123958587646484,-0.6703490614891052,-2.1350812911987305,-0.9760218858718872,-1.9727482795715332,-1.1692475080490112,-2.7192230224609375,0.07401489466428757,-0.16554009914398193
0.05818037499999998,0.0034223749999999996,17.0,2.1100445905913965,1.1340215409098178,0.22914218403241365,0.004108670167295786,-0.00011074735817091026,0.0012180810703306057,0.0685836983983464,-0.1544516682624817,-0.1271948218345642,0.3292173445224762,2.0286645889282227,-0.6803959608078003,-2.1738505363464355,-0.967313289642334,-1.9676892757415771,-1.1410410404205322,-2.720536231994629,0.05975130945444107,-0.18699711561203003
0.05818037499999998,0.0034223749999999996,17.0,2.1237502835300908,1.1476588652684587,0.22913746188072448,0.004225378023917695,-0.00011348368596508352,0.0012468242970191164,0.06858646549303553,-0.15248528122901917,-0.12738993763923645,0.32921305298805237,2.0220704078674316,-0.6703867316246033,-2.147507667541504,-0.9687728881835938,-1.9708399772644043,-1.1313588619232178,-2.7616841793060303,0.04239695519208908,-0.17683196067810059
0.05818037499999998,0.0034223749999999996,17.0,2.136495334128537,1.1605172207848304,0.22921212466988306,0.004354539030641754,-0.00011813999287880138,0.001286365879825882,0.0685860083695938,-0.15399694442749023,-0.12727688252925873,0.3319859206676483,2.03937029838562,-0.6628463864326477,-2.194830894470215,-0.9669077396392822,-1.97774076461792,-1.1347506046295166,-2.751585006713867,0.001122899353504181,-0.18976563215255737
0.05818037499999998,0.0034223749999999996,17.0,2.1483994870984855,1.172567695040279,0.2293399581241418,0.004486250743801887,-0.00012373693325472257,0.001329558997792875,0.06858366789910021,-0.15647408366203308,-0.12654949724674225,0.33596286177635193,2.0633132457733154,-0.6429463028907776,-2.262342929840088,-0.9674085974693298,-1.9898004531860352,-1.1597970724105835,-2.719653367996216,-0.06203567981719971,-0.2059369683265686
0.05818037499999998,0.0034223749999999996,17.0,2.1593314158194015,1.1838187123144555,0.22964399643805952,0.00461808170064568,-0.0001304422885237233,0.001380311361961181,0.06857944502130985,-0.16181865334510803,-0.1250244379043579,0.34359684586524963,2.107941150665283,-0.612701416015625,-2.398465156555176,-0.9678500890731812,-2.0086841583251953,-1.210708498954773,-2.647217273712158,-0.16781024634838104,-0.240142822265625
0.05818037499999998,0.0034223749999999996,17.0,2.1695020254386503,1.1942081532567408,0.22993194528840064,0.004751958636182614,-0.00013870033461682598,0.0014286538098454344,0.06857560212710608,-0.16646301746368408,-0.12394347041845322,0.3492717444896698,2.145655632019043,-0.5874332785606384,-2.507598876953125,-0.9682034850120544,-2.020338296890259,-1.2445131540298462,-2.584965705871582,-0.25458595156669617,-0.27256762981414795
0.05818037499999998,0.0034223749999999996,17.0,2.1788052068170174,1.2037382852480756,0.2302101870969567,0.004918571854519252,-0.00014609364649670833,0.001488315445512591,0.06857124071392828,-0.17141780257225037,-0.12348038703203201,0.3555442988872528,2.188645839691162,-0.5689902901649475,-2.6323647499084473,-0.9648095369338989,-2.026881217956543,-1.2649683952331543,-2.5158863067626953,-0.3362015187740326,-0.3152948021888733
0.05818037499999998,0.0034223749999999996,17.0,2.18728814159146,1.2124535501559148,0.23050913607818224,0.005098542938119913,-0.00015678324476333392,0.0015528731990118478,0.06856792202351429,-0.17586612701416016,-0.12218701094388962,0.36111411452293396,2.2201383113861084,-0.5382222533226013,-2.732501983642578,-0.968984067440033,-2.041624069213867,-1.3015114068984985,-2.459737539291382,-0.4237140715122223,-0.338990718126297
0.05818037499999998,0.0034223749999999996,17.0,2.1944636450315356,1.2192239229700543,0.23434834545835073,0.005341813767637009,-0.00023238841272838861,0.0016242166503147206,0.06851754439485472,-0.18115058541297913,-0.11886581033468246,0.3603910505771637,2.249685764312744,-0.5299715399742126,-2.7703561782836914,-0.9746072292327881,-2.036923408508301,-1.3219149112701416,-2.4036221504211426,-0.4829048812389374,-0.3766757845878601
0.05818037499999998,0.0034223749999999996,17.0,2.2013025251463905,1.2262721656130826,0.23457710615891925,0.005690387011368972,-0.00025248761221164,0.0017410906716766746,0.06851568177911725,-0.1855599582195282,-0.11794357746839523,0.3659456670284271,2.2787373065948486,-0.502318799495697,-2.869223117828369,-0.9780662655830383,-2.050199270248413,-1.3498637676239014,-2.347475528717041,-0.5630672574043274,-0.39905279874801636
0.05818037499999998,0.0034223749999999996,17.0,2.207394422639845,1.2324849024256526,0.2346903566116612,0.0062862540876488454,-0.0002809421052108525,0.0019309233824537587,0.06851399096061127,-0.18733733892440796,-0.11744878441095352,0.36831727623939514,2.2926552295684814,-0.4838046431541443,-2.9126973152160645,-0.9813836812973022,-2.0575027465820312,-1.3541401624679565,-2.3223934173583984,-0.606433093547821,-0.4086257219314575
0.05818037499999998,0.0034223749999999996,17.0,2.2126343168603766,1.2378391919896927,0.23490749440156625,0.007643810195800466,-0.0003492641421483205,0.002358186112797119,0.06851404173876414,-0.18943268060684204,-0.11686033755540848,0.3722361624240875,2.303454875946045,-0.45397305488586426,-2.9688048362731934,-0.9914148449897766,-2.0770058631896973,-1.3641164302825928,-2.2916603088378906,-0.6583884358406067,-0.40452927350997925
0.05818037499999998,0.0034223749999999996,17.0,2.217188311773233,1.2423032451508809,0.23530368576374608,0.0141523968946425,-0.0006613340450584717,0.004416789904203127,0.06852076665109186,-0.18875563144683838,-0.11818913370370865,0.38000521063804626,2.2991695404052734,-0.3981340229511261,-3.0396223068237305,-1.024591326713562,-2.1343746185302734,-1.311738133430481,-2.2596943378448486,-0.6742556691169739,-0.34847787022590637
0.05818037499999998,0.0034223749999999996,17.0,2.223066599664413,-1.2403420300046988,0.21572424732849707,2.1274519271082035e-5,-1.99940029835131e-5,1.3245225640253224e-6,0.06896492267423239,0.027227982878684998,0.023475971072912216,-0.1344645917415619,0.34717556834220886,0.5610261559486389,-1.1808202266693115,0.30137917399406433,-0.7599843144416809,-0.5429410338401794,0.38657093048095703,-1.3225826025009155,-0.00691831111907959
0.05818037499999998,0.0034223749999999996,17.0,2.2181480971105687,-1.2354004196359576,0.21574990624297746,7.106089318595018e-5,-6.682748153788021e-5,4.444378157914283e-6,0.06895823174473915,0.027095094323158264,0.023640096187591553,-0.13411200046539307,0.3379019498825073,0.5476409196853638,-1.1850128173828125,0.28912684321403503,-0.7432810664176941,-0.5452148914337158,0.40894174575805664,-1.3134311437606812,-0.014179527759552002
0.05818037499999998,0.0034223749999999996,17.0,2.212349065501643,-1.2296219638344819,0.21577284434622485,0.00010552314947570003,-9.926158209561662e-5,6.655267982572397e-6,0.06895558397517514,0.026367276906967163,0.023676950484514236,-0.13263392448425293,0.33474966883659363,0.5450547933578491,-1.2014796733856201,0.2804684638977051,-0.7386210560798645,-0.5414415597915649,0.4217212200164795,-1.3149256706237793,-0.016602277755737305
0.05818037499999998,0.0034223749999999996,17.0,2.2057730286146082,-1.2230203860735314,0.2158055475262549,0.00014346684624750778,-0.00013505111273736685,9.095395269491902e-6,0.06894712635707752,0.025899603962898254,0.02378428354859352,-0.13146540522575378,0.325669527053833,0.5327872633934021,-1.2104105949401855,0.26504966616630554,-0.722341001033783,-0.5421551465988159,0.44591665267944336,-1.3090753555297852,-0.02385622262954712
0.05818037499999998,0.0034223749999999996,17.0,2.198325670807089,-1.2155904282342864,0.21584768236231758,0.00018294613817128072,-0.00017229860036999548,1.1676978538924552e-5,0.06894095805157494,0.02566567063331604,0.023564621806144714,-0.130224347114563,0.31534522771835327,0.517019510269165,-1.2168822288513184,0.25580888986587524,-0.7074465155601501,-0.5428710579872131,0.46810483932495117,-1.297575831413269,-0.028889179229736328
0.05818037499999998,0.0034223749999999996,17.0,2.190072342444042,-1.2073344255464917,0.215913764437418,0.0002262469491656078,-0.00021323651567559018,1.45377048010361e-5,0.06893155976910562,0.025204524397850037,0.023370958864688873,-0.12835189700126648,0.30483925342559814,0.5014909505844116,-1.2262122631072998,0.24061082303524017,-0.6906202435493469,-0.5424875617027283,0.4932115077972412,-1.2893316745758057,-0.03545576333999634
0.05818037499999998,0.0034223749999999996,17.0,2.1809740266680886,-1.1982578900854688,0.21598166579239397,0.0002730180924930708,-0.0002574423621789947,1.7640829279989006e-5,0.06892195872872707,0.02526053786277771,0.0228290855884552,-0.12673351168632507,0.28974780440330505,0.4762357175350189,-1.2258350849151611,0.2313689887523651,-0.6698314547538757,-0.5450218915939331,0.5202019214630127,-1.270220398902893,-0.041420042514801025
0.05818037499999998,0.0034223749999999996,17.0,2.1710342147586013,-1.1883554302898331,0.21604883757911572,0.000324121561680485,-0.0003057345731028115,2.1070668386734495e-5,0.06891217328207921,0.025397077202796936,0.02203560248017311,-0.12466228008270264,0.2737733721733093,0.4486435353755951,-1.2239375114440918,0.22231754660606384,-0.6488716006278992,-0.5468665361404419,0.5464556217193604,-1.2493289709091187,-0.046679794788360596
0.05818037499999998,0.0034223749999999996,17.0,2.1602597993659742,-1.1776293173238925,0.21614876619509193,0.0003764190611583923,-0.00035515986804767456,2.458076265943628e-5,0.06890213408161286,0.02560107409954071,0.020958472043275833,-0.122210294008255,0.2586667835712433,0.42055633664131165,-1.2230074405670166,0.2187935709953308,-0.6323599219322205,-0.5460954904556274,0.5673847198486328,-1.2262089252471924,-0.0489886999130249
0.05818037499999998,0.0034223749999999996,17.0,2.148665187499826,-1.1660784866854568,0.2162863420833047,0.0004336949058417466,-0.000409335504836316,2.841464789637648e-5,0.06889122498655237,0.025571152567863464,0.01989688351750374,-0.11877810955047607,0.2427901327610016,0.39123836159706116,-1.223466396331787,0.20854683220386505,-0.6134645342826843,-0.5444465279579163,0.5913951396942139,-1.2060134410858154,-0.05280107259750366
0.05818037499999998,0.0034223749999999996,17.0,2.1362285617749315,-1.1536601849866839,0.2164001822695355,0.0004934205103696468,-0.0004658912754973773,3.236134484726843e-5,0.06888740397735005,0.02486540377140045,0.019777480512857437,-0.11606314778327942,0.2354225516319275,0.3815707862377167,-1.2354326248168945,0.1991012990474701,-0.6070960164070129,-0.5407842993736267,0.6026921272277832,-1.1996450424194336,-0.05332368612289429
0.05818037499999998,0.0034223749999999996,17.0,2.1230123692764504,-1.140396875652162,0.21645855558346544,0.0005582183065519634,-0.0005269493401320477,3.620099771573384e-5,0.06889398470522977,0.02400936186313629,0.020287230610847473,-0.11499196290969849,0.23577600717544556,0.38857555389404297,-1.2524290084838867,0.1974564492702484,-0.6125583052635193,-0.5367820262908936,0.60060715675354,-1.2019919157028198,-0.050057411193847656
0.05818037499999998,0.0034223749999999996,17.0,2.1089753337599024,-1.1263099007972088,0.21651453814108626,0.0006295583982782467,-0.000594149886557157,4.0200640418935406e-5,0.0688969723863941,0.023793518543243408,0.02046368643641472,-0.11386370658874512,0.22963455319404602,0.3808281421661377,-1.2595024108886719,0.19786517322063446,-0.6107307076454163,-0.5332017540931702,0.6023223400115967,-1.1907082796096802,-0.04769408702850342
0.05818037499999998,0.0034223749999999996,17.0,2.094057908309075,-1.1113879969947504,0.21656196793120314,0.0007031774612844461,-0.0006636755605982475,4.45709676844369e-5,0.06889804479180399,0.023574024438858032,0.020687095820903778,-0.11305293440818787,0.22572487592697144,0.3768397569656372,-1.2683265209197998,0.19848692417144775,-0.612056314945221,-0.5286718010902405,0.5994110107421875,-1.180073618888855,-0.04445219039916992
0.05818037499999998,0.0034223749999999996,17.0,2.0782924208144147,-1.0956191407506453,0.21658962941007648,0.0007821353386179981,-0.0007384077626776779,4.940751444972405e-5,0.0688970511053611,0.023232772946357727,0.0210382379591465,-0.11199313402175903,0.2213992327451706,0.37303462624549866,-1.2771787643432617,0.19486035406589508,-0.6117870211601257,-0.5248051881790161,0.5987074375152588,-1.1713967323303223,-0.042255520820617676
0.05818037499999998,0.0034223749999999996,17.0,2.0616632244184445,-1.0790338543730345,0.21664545622175518,0.0008611566520541698,-0.0008135899888843853,5.4618120127504174e-5,0.06889224201918977,0.022863313555717468,0.021022524684667587,-0.1106511652469635,0.2167540043592453,0.3680076599121094,-1.2830677032470703,0.1912669688463211,-0.6110990643501282,-0.5234544277191162,0.5996105670928955,-1.1616966724395752,-0.039644062519073486
0.05818037499999998,0.0034223749999999996,17.0,2.044227484409596,-1.0616027255185245,0.21666406434302363,0.0009439583447169539,-0.0008922885083533625,5.956434298817547e-5,0.06889239809734841,0.02249985933303833,0.02139705792069435,-0.10988906025886536,0.21318593621253967,0.36658450961112976,-1.2890384197235107,0.18612727522850037,-0.6107791066169739,-0.5225681662559509,0.5976488590240479,-1.1533005237579346,-0.03781360387802124
0.05818037499999998,0.0034223749999999996,17.0,2.025969097096027,-1.0433542278858237,0.21672351890301292,0.001032051825559722,-0.0009758318973713482,6.474512730759446e-5,0.06888906410655139,0.02230389416217804,0.0214255191385746,-0.10837149620056152,0.2062194049358368,0.35705626010894775,-1.293121337890625,0.18293607234954834,-0.608181893825531,-0.5194329619407654,0.5970606803894043,-1.1385469436645508,-0.03538268804550171
0.05818037499999998,0.0034223749999999996,17.0,2.0068453830918505,-1.0242818658119053,0.21677586636870314,0.0011190432807598424,-0.0010583170719121987,7.018744897966162e-5,0.06888865732919555,0.021856799721717834,0.02149767056107521,-0.10718405246734619,0.20443062484264374,0.35837191343307495,-1.3043100833892822,0.18271809816360474,-0.6132399439811707,-0.5156354904174805,0.5905311107635498,-1.1297872066497803,-0.03075641393661499
0.05818037499999998,0.0034223749999999996,17.0,1.986928318543223,-1.0043760114299825,0.2168402793001603,0.001210759174589235,-0.001145713901797391,7.525574669113263e-5,0.06888810796404618,0.021623283624649048,0.021538857370615005,-0.10569730401039124,0.19939227402210236,0.35297465324401855,-1.3113136291503906,0.1797156184911728,-0.6132797598838806,-0.5111022591590881,0.5862908363342285,-1.1170907020568848,-0.027779817581176758
0.05818037499999998,0.0034223749999999996,17.0,1.9662302687803952,-0.9836310864159736,0.21691553814648046,0.0013006065692024325,-0.0012315846899483593,7.964997284273707e-5,0.06888121197466565,0.021763548254966736,0.02185758575797081,-0.10420894622802734,0.18661290407180786,0.33518487215042114,-1.3026316165924072,0.1691151261329651,-0.6013733744621277,-0.5122637748718262,0.5885636806488037,-1.097029685974121,-0.028359174728393555
0.05818037499999998,0.0034223749999999996,17.0,1.9446379748340687,-0.9620476171200226,0.21696637405037464,0.0013868706994208042,-0.001313916094311384,8.459060298198956e-5,0.06887458217444954,0.02156984806060791,0.0220155268907547,-0.10233324766159058,0.17623642086982727,0.32027024030685425,-1.3002245426177979,0.16080808639526367,-0.5943407416343689,-0.5114583373069763,0.5889785289764404,-1.079486608505249,-0.02658247947692871
0.05818037499999998,0.0034223749999999996,17.0,1.922282953340944,-0.9396516752515643,0.21701740772203687,0.0014705302594134055,-0.0013929526059885359,8.786838110863256e-5,0.06887789759925578,0.021268010139465332,0.022246703505516052,-0.10109484195709229,0.17247363924980164,0.31946977972984314,-1.308476209640503,0.15807107090950012,-0.5972346663475037,-0.5075052380561829,0.5806405544281006,-1.0684654712677002,-0.022433757781982422
0.05818037499999998,0.0034223749999999996,17.0,1.8991121141097569,-0.9164306119557347,0.217135267316315,0.0015464249711112162,-0.0014652385866132363,9.029727231145888e-5,0.06887589642950005,0.0211370587348938,0.02230250835418701,-0.09877780079841614,0.1630527675151825,0.30615970492362976,-1.3082456588745117,0.15022481977939606,-0.5921058058738708,-0.5033689141273499,0.5777981281280518,-1.0519386529922485,-0.020277082920074463
0.05818037499999998,0.0034223749999999996,17.0,1.8750482841592204,-0.8923608003668897,0.217192829874191,0.001640572263945774,-0.0015552054916953021,9.442650577714553e-5,0.06887252470491645,0.02119728922843933,0.022489551454782486,-0.09742853045463562,0.15573830902576447,0.29704564809799194,-1.3088939189910889,0.14567863941192627,-0.5894784331321716,-0.4990902841091156,0.570526123046875,-1.035875916481018,-0.017842650413513184
0.05818037499999998,0.0034223749999999996,17.0,1.850173742530448,-0.867457037093775,0.21732366860296534,0.0017325050713426463,-0.0016440086630248078,9.805788809482706e-5,0.06886670303935417,0.021116599440574646,0.02266579121351242,-0.09471145272254944,0.1438579112291336,0.27876949310302734,-1.3025217056274414,0.1321234554052353,-0.5799527764320374,-0.4965009391307831,0.5697002410888672,-1.0188320875167847,-0.01716858148574829
0.05818037499999998,0.0034223749999999996,17.0,1.8244374434654038,-0.8417211321698075,0.21741454202543162,0.0018274773019239946,-0.0017352240776987286,0.00010182095947372475,0.06886964508114911,0.020823881030082703,0.022923599928617477,-0.09335187077522278,0.13996583223342896,0.2773689925670624,-1.3089869022369385,0.1261836737394333,-0.5814562439918518,-0.494310200214386,0.5618741512298584,-1.009366512298584,-0.01392519474029541
0.05818037499999998,0.0034223749999999996,17.0,1.7978538489998623,-0.815144143835546,0.21757035406015776,0.0019306862654514497,-0.0018356227860301339,0.00010596150014814481,0.06886563366309031,0.020352914929389954,0.023031648248434067,-0.09287381172180176,0.1402164250612259,0.28416362404823303,-1.318371295928955,0.12465140223503113,-0.5878705382347107,-0.49927011132240295,0.5539095401763916,-1.0029246807098389,-0.009266316890716553
0.05818037499999998,0.0034223749999999996,17.0,1.770525827339714,-0.7877189331663699,0.2177700062827166,0.0020274670853849385,-0.001931922356675953,0.00010788479029122809,0.06885825747627783,0.02012099325656891,0.023188162595033646,-0.091494619846344,0.13648897409439087,0.2834811806678772,-1.324713945388794,0.1206730306148529,-0.5897908806800842,-0.4976007640361786,0.544757604598999,-0.9937303066253662,-0.005814969539642334
0.05818037499999998,0.0034223749999999996,17.0,1.7424514003992997,-0.7594085280504856,0.21797008831103853,0.00214350465496569,-0.0020500852009767683,0.00010889235857381974,0.0688434987033302,0.01994219422340393,0.023707132786512375,-0.09006854891777039,0.13082072138786316,0.283810019493103,-1.3291356563568115,0.11402259767055511,-0.5892320275306702,-0.4945279657840729,0.5328116416931152,-0.986618161201477,-0.0032500028610229492
0.05818037499999998,0.0034223749999999996,17.0,1.7131386693540727,-0.7302442388757964,0.2182576089875322,0.0022802153680772665,-0.0022147578949369014,7.972107351594238e-5,0.06877563521309635,0.019430086016654968,0.02392236888408661,-0.08583483099937439,0.11932802200317383,0.2742834985256195,-1.3270399570465088,0.10109713673591614,-0.5826767086982727,-0.48920130729675293,0.5230553150177002,-0.9780003428459167,-0.0007579326629638672
0.05818037499999998,0.0034223749999999996,17.0,1.6830858406372406,-0.7003385116817857,0.2187317487968798,0.0024001985009825767,-0.0023612234745704294,6.791227116863518e-5,0.06869634072636538,0.017627745866775513,0.024122066795825958,-0.07982969284057617,0.11115540564060211,0.28126147389411926,-1.3343827724456787,0.084702268242836,-0.5853024125099182,-0.4934178292751312,0.5124392509460449,-0.9822685718536377,0.007767140865325928
0.05818037499999998,0.0034223749999999996,17.0,1.6523035814179163,-0.6694489838950456,0.21914870261286903,0.0025014661149645938,-0.00248922340506038,5.8829254248715636e-5,0.06863217590217217,0.022549480199813843,0.02563922107219696,-0.07469868659973145,0.06930793821811676,0.263396292924881,-1.2952048778533936,0.07545676827430725,-0.5297754406929016,-0.46802523732185364,0.4661083221435547,-0.9566797018051147,-0.013398170471191406
0.05818037499999998,0.0034223749999999996,17.0,1.6204447671393405,-0.6377803015240837,0.2195471248036321,0.002580582731890863,-0.002597228325323649,5.440487293458728e-5,0.0685529025199767,0.030777961015701294,0.028713926672935486,-0.07026708126068115,0.006739497184753418,0.22397011518478394,-1.205962896347046,0.06667875498533249,-0.4240591526031494,-0.41716745495796204,0.41104578971862793,-0.9020382165908813,-0.0614018440246582
0.05818037499999998,0.0034223749999999996,17.0,1.587776586696918,-0.6052332511877309,0.21992117902712485,0.0026437214657124624,-0.0026828406025795953,5.267807162847176e-5,0.0684867866423866,0.039473310112953186,0.03409432992339134,-0.06618624925613403,-0.05831077694892883,0.17645582556724548,-1.0740995407104492,0.03870341181755066,-0.2858763337135315,-0.3562811315059662,0.36896467208862305,-0.8367639780044556,-0.13233011960983276
0.05818037499999998,0.0034223749999999996,17.0,1.5543254520321663,-0.5718188459829514,0.22020869541984006,0.0026832673188918322,-0.002737436263750252,5.040103490239063e-5,0.06844456808664151,0.016845032572746277,0.025397438555955887,-0.03382986783981323,-0.31786680221557617,-0.13707637786865234,-0.6129117012023926,-0.39467403292655945,0.07915019989013672,-0.47096824645996094,0.3976013660430908,-0.5884524583816528,-0.222403883934021
0.05818037499999998,0.0034223749999999996,17.0,1.5201800846828855,-0.537547576780977,0.22035285527141726,0.002721623561004701,-0.002785742189867834,4.383253221697176e-5,0.06842810238334555,0.011092573404312134,0.0367015041410923,-0.023462414741516113,-0.36003750562667847,-0.1474541574716568,-0.37336182594299316,-0.4175665080547333,0.2456096112728119,-0.4290664494037628,0.43731093406677246,-0.502444863319397,-0.3385244309902191
0.05818037499999998,0.0034223749999999996,17.0,1.4852598628692204,-0.5025394900321942,0.22050434527975277,0.0027529906417619503,-0.00282053423442958,4.583258514667787e-5,0.06841061380560488,0.005613118410110474,0.04701123759150505,-0.015724748373031616,-0.38094377517700195,-0.1605510115623474,-0.17761635780334473,-0.4282461404800415,0.3833865523338318,-0.4143155813217163,0.4912683963775635,-0.4211714565753937,-0.44674694538116455
0.05818037499999998,0.0034223749999999996,17.0,1.4495277631696555,-0.46675487469039034,0.2206402807868342,0.0027629048970230535,-0.0028315553804449437,4.959018129402236e-5,0.06839803577744012,0.001778632402420044,0.05580209568142891,-0.010200470685958862,-0.38764989376068115,-0.190392404794693,-0.02538299560546875,-0.4530242085456848,0.4727247953414917,-0.42868590354919434,0.5531330108642578,-0.37514322996139526,-0.5236927270889282
0.05818037499999998,0.0034223749999999996,17.0,1.4129523340324057,-0.4301835396468242,0.2207479512102712,0.0027844646140909126,-0.0028535266858062914,4.831238947587125e-5,0.06840021224397595,-0.0013190805912017822,0.06139605864882469,-0.00819137692451477,-0.3929767608642578,-0.21666564047336578,0.039052724838256836,-0.4420970678329468,0.5223607420921326,-0.45243650674819946,0.5932614803314209,-0.32316330075263977,-0.5669475197792053
0.05818037499999998,0.0034223749999999996,17.0,1.3755628013314078,-0.3927945228861328,0.22083914132635254,0.0028091484957847536,-0.002879398008681871,4.548626872765438e-5,0.06840776760198676,-0.004243433475494385,0.06445252895355225,-0.006007164716720581,-0.404071569442749,-0.20832699537277222,0.057325124740600586,-0.4363308846950531,0.5571627616882324,-0.44187596440315247,0.6018588542938232,-0.31873294711112976,-0.5893992185592651
0.05818037499999998,0.0034223749999999996,17.0,1.337328855651785,-0.3545901400072638,0.2209576268622462,0.0028469623596132764,-0.0029216215957826785,4.0706157098144294e-5,0.06841946175739098,-0.0055217742919921875,0.06597230583429337,-0.003313601016998291,-0.41097885370254517,-0.20630481839179993,0.0648508071899414,-0.41574984788894653,0.5758230686187744,-0.4321382939815521,0.5976870059967041,-0.3093491494655609,-0.6030415892601013
0.05818037499999998,0.0034223749999999996,17.0,1.2983097380785698,-0.31556203223667667,0.22108818388159526,0.0028617474222976287,-0.002935765780741287,4.006021606723045e-5,0.06842376728317758,-0.005715012550354004,0.06671655178070068,0.00012853741645812988,-0.41083091497421265,-0.20490552484989166,0.06685566902160645,-0.41200098395347595,0.5770589113235474,-0.4182235896587372,0.595489501953125,-0.32218682765960693,-0.605356752872467
0.05818037499999998,0.0034223749999999996,17.0,1.2584744426749237,-0.2757115048773383,0.22120862210646228,0.0028751165446500694,-0.0029476041615140616,3.9048817359191265e-5,0.06842969302777249,-0.005201101303100586,0.06702377647161484,0.0029098093509674072,-0.40794438123703003,-0.2006501704454422,0.06107020378112793,-0.4032319486141205,0.5732911229133606,-0.40081408619880676,0.5863866806030273,-0.3344501852989197,-0.6052859425544739
0.05818037499999998,0.0034223749999999996,17.0,1.2178244449985034,-0.2350412225031415,0.22129732049145884,0.002836058869674888,-0.002904948853282117,3.526352807742353e-5,0.06844059615260291,-0.003856182098388672,0.06675165146589279,0.003911852836608887,-0.4090121388435364,-0.18620552122592926,0.03989696502685547,-0.35808882117271423,0.5790649056434631,-0.38186419010162354,0.5481095314025879,-0.32623234391212463,-0.6127934455871582
0.05818037499999998,0.0034223749999999996,17.0,1.1763586226483806,-0.19353475324147476,0.221414601775657,0.0027365145855144527,-0.00280331888815953,2.543062049669558e-5,0.0684525898046271,-0.002681821584701538,0.06659403443336487,0.005430340766906738,-0.4020414352416992,-0.17846962809562683,0.028208017349243164,-0.33922502398490906,0.5710402131080627,-0.36724433302879333,0.5304183959960938,-0.31972813606262207,-0.6124553084373474
0.05818037499999998,0.0034223749999999996,17.0,1.1340192455403455,-0.15118360035818515,0.2216185074841525,0.002599170693013723,-0.0026639494614892154,2.343737865060434e-5,0.06845174691639637,-0.0011343657970428467,0.06605270504951477,0.009291619062423706,-0.3947293162345886,-0.1660998910665512,0.014596939086914062,-0.34442538022994995,0.5647439360618591,-0.3717336058616638,0.5223565101623535,-0.329860121011734,-0.6127471923828125
0.05818037499999998,0.0034223749999999996,17.0,1.0905880316056955,-0.10816434590216692,0.22194241284020577,0.0025089367984461957,-0.0025556285515831935,-6.957559207823751e-6,0.06841812463285821,-0.004465848207473755,0.06192804500460625,0.01601874828338623,-0.36096107959747314,-0.22885683178901672,-0.02790355682373047,-0.34637731313705444,0.5597391724586487,-0.4575585722923279,0.5236577987670898,-0.1230684220790863,-0.6259627938270569
0.05818037499999998,0.0034223749999999996,17.0,1.0459311873285284,-0.06440594102503654,0.2222798280092996,0.002431724155921072,-0.002449312679818949,-5.9758822111622084e-5,0.06834570100213425,-0.018689781427383423,0.055129460990428925,0.02621665596961975,-0.30503976345062256,-0.40436533093452454,-0.04105043411254883,-0.33189260959625244,0.5586481094360352,-0.6447722315788269,0.518549919128418,0.36197903752326965,-0.651574969291687
0.05818037499999998,0.0034223749999999996,17.0,1.000054392896966,-0.01999841746330659,0.22393753131242053,0.0023259100319571488,-0.0022274223070412936,-7.83899346514054e-5,0.06844799219682222,-0.04816332459449768,0.03681650757789612,0.06604602932929993,0.20054343342781067,-0.3227694630622864,-1.0328953266143799,-0.5904360413551331,-0.7722256779670715,-0.6328632831573486,0.33036017417907715,0.4610573947429657,0.13670116662979126
0.05818037499999998,0.0034223749999999996,17.0,0.9989948885427234,0.024590552906023244,0.22445817520777836,4.102156321205033e-5,-0.0022467341227787423,-4.1694962211118804e-5,0.06906809199412378,-0.08903992176055908,0.0277223140001297,0.08731910586357117,0.3004398047924042,-0.31829527020454407,-1.1548166275024414,-0.7891704440116882,-0.8843289017677307,-0.7573791742324829,0.2832472324371338,0.6283470988273621,0.1624806523323059
0.05818037499999998,0.0034223749999999996,17.0,1.0423941773994152,0.06854900997815161,0.2251991195454146,-0.0025126734019378363,-0.0023253114804855307,-2.6105504128930504e-5,0.06880609446278262,-0.14010176062583923,-0.000122197438031435,0.10804793238639832,0.4572399854660034,-0.19982799887657166,-1.2215960025787354,-1.0632268190383911,-1.0865378379821777,-0.9015716910362244,0.11510109901428223,0.6882887482643127,0.2082153558731079
0.05818037499999998,0.0034223749999999996,17.0,1.0859819972878801,0.11208262200681865,0.22550412731917538,-0.002597202546752568,-0.0023884263388683166,-2.4434948617795854e-5,0.06879216526246235,-0.1517760455608368,-0.010343622416257858,0.11538836359977722,0.46821630001068115,-0.1253579705953598,-1.214925765991211,-1.112788438796997,-1.0743393898010254,-0.9888120889663696,0.10596656799316406,0.7048744559288025,0.19438916444778442
0.05818037499999998,0.0034223749999999996,17.0,1.1290301951816972,0.1550567059618152,0.22568480403547314,-0.002674483485528739,-0.002457827806536794,-2.2831419496772452e-5,0.0687726533848908,-0.15859654545783997,-0.01572335697710514,0.1217375099658966,0.47838887572288513,-0.07665807753801346,-1.220487356185913,-1.1333166360855103,-1.0579330921173096,-1.0394220352172852,0.10841917991638184,0.6885993480682373,0.17263925075531006
0.05818037499999998,0.0034223749999999996,17.0,1.1716610375611434,0.19845040031830236,0.22294748159079217,-0.0027581770643740422,-0.002547892870658186,2.9759680673605544e-5,0.06864158555839883,-0.1614864468574524,-0.02072734385728836,0.1276232898235321,0.4978635013103485,-0.02716958522796631,-1.2390999794006348,-1.1152292490005493,-1.0608150959014893,-1.0636368989944458,0.09367775917053223,0.6663061380386353,0.15736651420593262
0.05818037499999998,0.0034223749999999996,17.0,1.213287034362293,0.239898365116762,0.2229951601460385,-0.00285954343710999,-0.002652791205368929,2.539593338450141e-5,0.0686399573697184,-0.1583884060382843,-0.02124558761715889,0.12857285141944885,0.489877313375473,-0.07053320854902267,-1.2070715427398682,-1.0898230075836182,-1.0375783443450928,-1.0507946014404297,0.08454513549804688,0.740141749382019,0.14595037698745728
0.05818037499999998,0.0034223749999999996,17.0,1.254125569182334,0.2805346084908216,0.22302944200039246,-0.002953794344862643,-0.0027457067231483542,2.6496405918172944e-5,0.06862910317562189,-0.15415886044502258,-0.021329365670681,0.12988504767417908,0.4901193380355835,-0.0706164613366127,-1.192626714706421,-1.061877727508545,-1.0306148529052734,-1.0512834787368774,0.06171131134033203,0.7710514664649963,0.13847064971923828
0.05818037499999998,0.0034223749999999996,17.0,1.2940624833565135,0.32030278211225277,0.22310215138661446,-0.0029644555975700385,-0.0027584575342614525,2.80772665873004e-5,0.0686154248471527,-0.1516920030117035,-0.0231199711561203,0.13252076506614685,0.49894070625305176,-0.0532197579741478,-1.1999943256378174,-1.0343540906906128,-1.0329747200012207,-1.0490103960037231,0.04533123970031738,0.779826819896698,0.13247478008270264
0.05818037499999998,0.0034223749999999996,17.0,1.3327978931729647,0.35793535295534756,0.2261325701513212,-0.002966315670147402,-0.0027473640168854878,-1.9965338018877976e-5,0.0687036139419916,-0.1518559753894806,-0.026208650320768356,0.13642087578773499,0.5101606845855713,-0.04107552021741867,-1.231053113937378,-1.022263765335083,-1.0314524173736572,-1.0347362756729126,0.0572209358215332,0.7828816175460815,0.12363314628601074
0.05818037499999998,0.0034223749999999996,17.0,1.3710646885480378,0.3960612274615178,0.22623985891050433,-0.0029395892052796442,-0.0027221730234818923,-2.040794398741943e-5,0.06869391511816683,-0.14871081709861755,-0.028139963746070862,0.13861694931983948,0.5234354734420776,-0.01716797798871994,-1.2372424602508545,-0.9876915812492371,-1.0411083698272705,-1.0300668478012085,0.03333401679992676,0.7826176881790161,0.11982220411300659
0.05818037499999998,0.0034223749999999996,17.0,1.4086727341827947,0.4334168896975025,0.2262956092261407,-0.002925984157512024,-0.0027095175387074734,-2.029375350733109e-5,0.0686883575445557,-0.139855295419693,-0.02912333980202675,0.13956931233406067,0.5309819579124451,-0.0007835121359676123,-1.2330513000488281,-0.9357187747955322,-1.0674893856048584,-1.0101475715637207,-0.0254514217376709,0.812511146068573,0.1340687870979309
0.05818037499999998,0.0034223749999999996,17.0,1.4452429256360266,0.46983109457753913,0.226411926558211,-0.0029146696348140355,-0.002700541798392543,-2.194204623909856e-5,0.06867908193382163,-0.1346755027770996,-0.03602932393550873,0.14110144972801208,0.5375926494598389,-0.0023812181316316128,-1.2435264587402344,-0.8660010099411011,-1.0862030982971191,-0.9786825776100159,-0.05740809440612793,0.8523585796356201,0.15170401334762573
0.05818037499999998,0.0034223749999999996,17.0,1.4809342208167018,0.5054099760255577,0.2265447608137425,-0.0029167681410498985,-0.0027027080475143218,-2.193364228294993e-5,0.06866626315673789,-0.13217273354530334,-0.049656279385089874,0.1406463086605072,0.5471981763839722,0.026568956673145294,-1.2624948024749756,-0.7818573713302612,-1.11384916305542,-0.9506007432937622,-0.11426568031311035,0.8839265704154968,0.18970215320587158
0.05818037499999998,0.0034223749999999996,17.0,1.5158741554054844,0.540069711205127,0.22659266855113164,-0.002896165229850528,-0.0026843521961320417,-1.8554464139456333e-5,0.06864835944690637,-0.128900945186615,-0.06530413776636124,0.13660499453544617,0.5776382684707642,0.05681297928094864,-1.2327828407287598,-0.6847376823425293,-1.143437147140503,-0.9395498633384705,-0.24051308631896973,0.918248176574707,0.21874117851257324
0.05818037499999998,0.0034223749999999996,17.0,1.549977781516338,0.5738027224055477,0.2266028831186589,-0.0028720435545227622,-0.002663394429905805,-1.3977898198976518e-5,0.06862689739076688,-0.1283649504184723,-0.0802701860666275,0.13380661606788635,0.6585718393325806,0.04167105630040169,-1.1342620849609375,-0.5977993607521057,-1.162165641784668,-0.9453759789466858,-0.4524892568588257,0.991581916809082,0.19843924045562744
0.05818037499999998,0.0034223749999999996,17.0,1.583150732050549,0.6065131958445151,0.22670690447688802,-0.0028227471220855335,-0.0026118165572193174,6.66978322821809e-6,0.06861067041970972,-0.14279907941818237,-0.11715419590473175,0.1832665503025055,1.3281368017196655,-0.2355930209159851,-1.6260967254638672,-0.5910956859588623,-1.7914090156555176,-0.8521814346313477,-1.4996545314788818,0.2672215700149536,0.33763712644577026
0.05818037499999998,0.0034223749999999996,17.0,1.6153562834510904,0.6383170041188594,0.2271178565153923,-0.0027641144372645417,-0.0025330067352027684,5.772277473294008e-5,0.06858144101185096,-0.14836198091506958,-0.11397336423397064,0.2097802460193634,1.5172969102859497,-0.367860347032547,-1.7465405464172363,-0.7060859799385071,-1.795830249786377,-0.9419054985046387,-1.7194533348083496,0.2433466911315918,0.15910649299621582
0.05818037499999998,0.0034223749999999996,17.0,1.6466748112315606,0.6693329002966328,0.22770728361210182,-0.002687256823119071,-0.0024335462498685035,0.00011495190582108919,0.06856008127400959,-0.15260180830955505,-0.11295846104621887,0.23235872387886047,1.66025972366333,-0.5089232325553894,-1.815843105316162,-0.801835834980011,-1.7841660976409912,-1.0185068845748901,-1.945997953414917,0.30298900604248047,0.00977015495300293
0.05818037499999998,0.0034223749999999996,17.0,1.6771152161144611,0.6995212534357278,0.228712806953169,-0.0025904329576935414,-0.0023024952715097265,0.00018981120901361817,0.06855204325530304,-0.15082710981369019,-0.10992876440286636,0.24953731894493103,1.7353451251983643,-0.575373113155365,-1.7989916801452637,-0.8847842812538147,-1.7898027896881104,-1.1348092555999756,-2.1807000637054443,0.3284965753555298,-0.06031203269958496
0.05818037499999998,0.0034223749999999996,17.0,1.7068602581603043,0.7291738858145856,0.2297878851876628,-0.0024704901973579348,-0.002156741791676271,0.0002505885345888247,0.06854138604026078,-0.1554679274559021,-0.10616342723369598,0.2611146867275238,1.800633430480957,-0.6275468468666077,-1.8405852317810059,-0.9347376823425293,-1.7868900299072266,-1.2190057039260864,-2.2612967491149902,0.32838916778564453,-0.1302170753479004
0.05818037499999998,0.0034223749999999996,17.0,1.735496565607775,0.75848744804031,0.23172088367178995,-0.002328524022676634,-0.001983228988818554,0.00030401795539626775,0.06860437596038699,-0.16041940450668335,-0.10238383710384369,0.26853397488594055,1.8522694110870361,-0.6583393812179565,-1.888296127319336,-0.9652611017227173,-1.7874174118041992,-1.2762572765350342,-2.2894577980041504,0.2941932678222656,-0.1845759153366089
0.05818037499999998,0.0034223749999999996,17.0,1.7637577480989861,0.7867502166004616,0.23229898262258583,-0.002202593171234861,-0.0018708831651075145,0.00030088592286705315,0.06862305852826533,-0.15964174270629883,-0.10070519894361496,0.2693520486354828,1.861618995666504,-0.6724963188171387,-1.84429931640625,-0.9817466735839844,-1.7881569862365723,-1.2986295223236084,-2.3595402240753174,0.2908155024051666,-0.19196075201034546
0.05818037499999998,0.0034223749999999996,17.0,1.7912181689051765,0.8142140399633637,0.23281321716954517,-0.002098680296461892,-0.0017795015639350403,0.00029550395872492857,0.06863614163618544,-0.15942341089248657,-0.09933888167142868,0.27190300822257996,1.8769646883010864,-0.6736013889312744,-1.8337984085083008,-0.9943480491638184,-1.7966864109039307,-1.3179707527160645,-2.4056735038757324,0.26048192381858826,-0.19973629713058472
0.05818037499999998,0.0034223749999999996,17.0,1.8178658024915153,0.8407285120696006,0.2331365428895873,-0.0019875189477773997,-0.0016852749719985336,0.00028419201862792186,0.06864879195828565,-0.15829730033874512,-0.10147218406200409,0.27402475476264954,1.8901113271713257,-0.6952714323997498,-1.8244132995605469,-0.9934742450714111,-1.7985694408416748,-1.279173493385315,-2.4540371894836426,0.27006638050079346,-0.20891231298446655
0.05818037499999998,0.0034223749999999996,17.0,1.8438309706265215,0.8664628527849649,0.23321639843408729,-0.0018870004829936306,-0.001598494658238842,0.0002753196576120037,0.06865363926163719,-0.15406104922294617,-0.10096082836389542,0.2740150988101959,1.8757610321044922,-0.6687441468238831,-1.7627358436584473,-1.0023270845413208,-1.8157079219818115,-1.3117023706436157,-2.5210585594177246,0.2592448592185974,-0.17815089225769043
0.05818037499999998,0.0034223749999999996,17.0,1.8686339708616428,0.8913733782922827,0.23353973537354875,-0.0017912233174799043,-0.0015154023034535842,0.00026418144684018535,0.06865378946730932,-0.15627005696296692,-0.10157886147499084,0.2798452079296112,1.9062100648880005,-0.6788786053657532,-1.818437099456787,-1.0045740604400635,-1.829125165939331,-1.3091888427734375,-2.5306267738342285,0.2173641324043274,-0.19722068309783936
0.05818037499999998,0.0034223749999999996,17.0,1.8926437664557647,0.9153614377782193,0.23372223881533702,-0.001695796434926418,-0.001434249632396627,0.00025163911224545144,0.06865822977786852,-0.1568836271762848,-0.10401438921689987,0.283654123544693,1.9241788387298584,-0.6986796855926514,-1.8432860374450684,-1.0011383295059204,-1.8358163833618164,-1.2791789770126343,-2.558929443359375,0.21159233152866364,-0.20754480361938477
0.05818037499999998,0.0034223749999999996,17.0,1.915847315802623,0.9385919015691003,0.2339053848238807,-0.0016103133814734966,-0.0013605233785437738,0.00024159881215936717,0.06865722430931706,-0.1573684811592102,-0.10476711392402649,0.28786471486091614,1.9409488439559937,-0.6990920901298523,-1.8673973083496094,-1.0028976202011108,-1.847594976425171,-1.2801916599273682,-2.580174684524536,0.18178234994411469,-0.21377098560333252
0.05818037499999998,0.0034223749999999996,17.0,1.9382577553635731,0.9610235953131696,0.23410030551123576,-0.0015197265266204394,-0.0012827176134761786,0.0002312466598913817,0.06865772450438812,-0.15542420744895935,-0.10356951504945755,0.29122427105903625,1.942611575126648,-0.6786949634552002,-1.8468031883239746,-1.0147255659103394,-1.865772008895874,-1.3142374753952026,-2.633589267730713,0.13957984745502472,-0.20005887746810913
0.05818037499999998,0.0034223749999999996,17.0,1.9600903944181238,0.9836500683112479,0.23076055245861,-0.0014231935363566246,-0.0012171250047186132,0.0002244137434423978,0.06853358211487123,-0.1543695032596588,-0.10826685279607773,0.29876407980918884,1.9509146213531494,-0.6788145303726196,-1.8917384147644043,-1.0077451467514038,-1.8905179500579834,-1.2973039150238037,-2.6718664169311523,0.13275021314620972,-0.1833111047744751
0.05818037499999998,0.0034223749999999996,17.0,1.9802186255187564,1.003250230772408,0.2347763149084221,-0.0013316521840656403,-0.0011200117544119825,0.00020355923371013804,0.06864623179283966,-0.16243061423301697,-0.10744043439626694,0.3048364818096161,2.010504722595215,-0.7066161036491394,-2.028042793273926,-1.0014296770095825,-1.8887972831726074,-1.3007371425628662,-2.5952987670898438,0.07500278949737549,-0.24953335523605347
0.05818037499999998,0.0034223749999999996,17.0,2.000253237455816,1.0229728265085516,0.23474002906174918,-0.0012317759602379142,-0.001036229030090548,0.0001888757667921637,0.06865291261657626,-0.16011333465576172,-0.11153838038444519,0.30683115124702454,2.0071988105773926,-0.7149781584739685,-2.0196046829223633,-0.9912390112876892,-1.8931968212127686,-1.2642263174057007,-2.6320977210998535,0.10543335229158401,-0.2394281029701233
0.05818037499999998,0.0034223749999999996,17.0,2.019176615719797,1.0420253251452112,0.23502801728205344,-0.001138099944377088,-0.0009569174623394391,0.00017387797382754938,0.06864892846228073,-0.1628323495388031,-0.1133560836315155,0.31291601061820984,2.038102388381958,-0.7212925553321838,-2.1022391319274902,-0.9833794832229614,-1.9021854400634766,-1.2598152160644531,-2.6093356609344482,0.07408949732780457,-0.26396703720092773
0.05818037499999998,0.0034223749999999996,17.0,2.0373234695087943,1.060193844105063,0.2351720301592346,-0.0010426408401373538,-0.0008768246805714271,0.00015859034285705865,0.06865058355383154,-0.16348505020141602,-0.11561182886362076,0.3157285749912262,2.049879550933838,-0.7320730090141296,-2.1324262619018555,-0.975445568561554,-1.9058141708374023,-1.243941307067871,-2.6122002601623535,0.07546593248844147,-0.2718210220336914
0.05818037499999998,0.0034223749999999996,17.0,2.054677491447505,1.0775351918607494,0.23531299094632224,-0.0009525712986523865,-0.0008014038424635655,0.0001444960609573551,0.06865134470023723,-0.16198256611824036,-0.1165933609008789,0.318125456571579,2.0499963760375977,-0.7238231897354126,-2.128903865814209,-0.9752501249313354,-1.914247989654541,-1.2473092079162598,-2.6396849155426025,0.06278549879789352,-0.2641942501068115
0.05818037499999998,0.0034223749999999996,17.0,2.071272271407084,1.094070839244931,0.23544215359581222,-0.0008670993902815975,-0.0007287304998020573,0.00013225066763236502,0.06864905772067241,-0.1628107726573944,-0.11883050948381424,0.32140257954597473,2.0636582374572754,-0.7299829125404358,-2.1713833808898926,-0.966400682926178,-1.9189343452453613,-1.2346322536468506,-2.634956121444702,0.05797509104013443,-0.2736726701259613
0.05818037499999998,0.0034223749999999996,17.0,2.086879943588661,1.109779935489115,0.23561254985599173,-0.0007810502567659882,-0.000656649249012637,0.00011857636094308572,0.06864607159486298,-0.16436609625816345,-0.12047330290079117,0.3246123492717743,2.0835471153259277,-0.7401073575019836,-2.2233710289001465,-0.9562224745750427,-1.9182429313659668,-1.2183948755264282,-2.6249938011169434,0.04284372925758362,-0.2949221730232239
0.05818037499999998,0.0034223749999999996,17.0,2.102241234214161,1.1257679864035606,0.23205203575291813,-0.0006978660644118412,-0.000594755167083218,0.0001102792202720902,0.068519965509805,-0.15985921025276184,-0.12314731627702713,0.3262384831905365,2.05951189994812,-0.716854989528656,-2.1856274604797363,-0.9539697170257568,-1.9340858459472656,-1.2113357782363892,-2.691406726837158,0.04100187122821808,-0.253379762172699
0.05818037499999998,0.0034223749999999996,17.0,2.115805180976982,1.1386851479092213,0.23564104330582128,-0.0006253883865076873,-0.0005258129195550951,9.543814422310518e-5,0.06864185684258306,-0.16323965787887573,-0.12256841361522675,0.32559797167778015,2.0891928672790527,-0.7441833019256592,-2.220820903778076,-0.9462560415267944,-1.9153647422790527,-1.1820098161697388,-2.6659646034240723,0.030669933184981346,-0.30200016498565674
0.05818037499999998,0.0034223749999999996,17.0,2.129099278778864,1.1518921369903607,0.2355718225471075,-0.0005545440015528459,-0.00046608713561966037,8.567671466251168e-5,0.06863870453142148,-0.1608337163925171,-0.12327545881271362,0.3249306380748749,2.0821876525878906,-0.7424240112304688,-2.1890125274658203,-0.9441785216331482,-1.9116291999816895,-1.1528126001358032,-2.712764263153076,0.025902969762682915,-0.29749318957328796
0.05818037499999998,0.0034223749999999996,17.0,2.141858515699768,1.1654794118234266,0.23226748838600852,-0.0004889418049032976,-0.000415684174440364,7.857530991079212e-5,0.06850324118278835,-0.1605408787727356,-0.12389791756868362,0.3307044208049774,2.0867152214050293,-0.7032313942909241,-2.242880344390869,-0.9448657631874084,-1.9397847652435303,-1.1892763376235962,-2.715714931488037,-0.04029810428619385,-0.2781549096107483
0.05818037499999998,0.0034223749999999996,17.0,2.152743613616159,1.175994829330536,0.23602029824024406,-0.00042853130112753443,-0.0003583337514395417,6.664114328819393e-5,0.06860499561322528,-0.16876545548439026,-0.12184436619281769,0.3356430232524872,2.152717351913452,-0.7094540596008301,-2.390684127807617,-0.9374648928642273,-1.93491530418396,-1.210213541984558,-2.609919786453247,-0.12251792103052139,-0.35600072145462036
0.05818037499999998,0.0034223749999999996,17.0,2.163873374136236,1.1879611685841456,0.2326598520902205,-0.00037093026396068106,-0.00031368762242795547,6.003509858179579e-5,0.06846675761753548,-0.16856053471565247,-0.12156359106302261,0.34074220061302185,2.153679847717285,-0.6516177654266357,-2.432921886444092,-0.94408118724823,-1.9644412994384766,-1.2625994682312012,-2.605353593826294,-0.2095014750957489,-0.33229923248291016
0.05818037499999998,0.0034223749999999996,17.0,2.1730466746398545,1.1968233541504714,0.236499100840352,-0.00031637340397247694,-0.0002627884765997004,4.9715607317803226e-5,0.06856381733712046,-0.17726245522499084,-0.11893053352832794,0.34608229994773865,2.2181811332702637,-0.6454645991325378,-2.5821123123168945,-0.9414363503456116,-1.9632742404937744,-1.2970916032791138,-2.4956486225128174,-0.30764859914779663,-0.4061865508556366
0.05818037499999998,0.0034223749999999996,17.0,2.1819714995847326,1.2059699434678872,0.2366748267327916,-0.0002651295162516273,-0.00021966334212746727,4.173518567015768e-5,0.06854585550542526,-0.1809944212436676,-0.11798011511564255,0.3502083718776703,2.247068405151367,-0.6203526854515076,-2.6636109352111816,-0.9421746730804443,-1.9709177017211914,-1.3231873512268066,-2.444871664047241,-0.3831113874912262,-0.43253156542778015
0.05818037499999998,0.0034223749999999996,17.0,2.190097390845014,1.214271195657992,0.23685747153926592,-0.00021679931848618927,-0.0001789794188976266,3.438062682069578e-5,0.0685264611450734,-0.18418273329734802,-0.11679676920175552,0.3543042242527008,2.2688040733337402,-0.5873903632164001,-2.733384132385254,-0.9463881850242615,-1.9830057621002197,-1.3568156957626343,-2.403860569000244,-0.463011771440506,-0.44773492217063904
0.05818037499999998,0.0034223749999999996,17.0,2.197337867145997,1.2217435909898902,0.23704500903260664,-0.00017239496411607197,-0.000141979548005598,2.7330588895966867e-5,0.06850924021384591,-0.1881144940853119,-0.11599636822938919,0.35834965109825134,2.297001838684082,-0.567099928855896,-2.815798282623291,-0.946479082107544,-1.9886927604675293,-1.3767752647399902,-2.3525567054748535,-0.5318173170089722,-0.4752522110939026
0.05818037499999998,0.0034223749999999996,17.0,2.2038201021380774,1.2283559632292875,0.23720878236743767,-0.00012907264514631843,-0.0001059597848356354,2.0573049069573577e-5,0.06849235079150136,-0.19098275899887085,-0.11522974818944931,0.36195579171180725,2.3157835006713867,-0.541249692440033,-2.8790369033813477,-0.9488059282302856,-1.9973535537719727,-1.3996007442474365,-2.3156182765960693,-0.5978717803955078,-0.4901740550994873
0.05818037499999998,0.0034223749999999996,17.0,2.2094670205509095,1.2341676592042443,0.23730205674568536,-8.894096160047004e-5,-7.291155833200228e-5,1.4195293256127546e-5,0.06848186721107942,-0.19306400418281555,-0.11437734961509705,0.3636249005794525,2.3286690711975098,-0.5246343612670898,-2.915341377258301,-0.9507784843444824,-2.0016186237335205,-1.4120053052902222,-2.2914416790008545,-0.6432288289070129,-0.5017711520195007
0.05818037499999998,0.0034223749999999996,17.0,2.214283312917819,1.2391049637585767,0.23745433568320384,-4.979770691850753e-5,-4.070605404122671e-5,7.975838625501197e-6,0.06846676689965286,-0.19586390256881714,-0.1139700785279274,0.367064505815506,2.3469550609588623,-0.5071902871131897,-2.978199005126953,-0.9508024454116821,-2.0076515674591064,-1.4269895553588867,-2.2552077770233154,-0.6964748501777649,-0.5183219909667969
0.05818037499999998,0.0034223749999999996,17.0,2.194742724559997,-1.242054649916604,0.19838490326305577,-0.013732164675612564,-0.00038612892754375005,-0.0063623538310483676,0.06856053892805238,0.03659336268901825,0.011940374970436096,-0.144675612449646,0.30656617879867554,0.423098623752594,-1.0957131385803223,0.4118867814540863,-0.6973472237586975,-0.5806506872177124,0.3863668441772461,-1.1388293504714966,-0.019758224487304688
0.05818037499999998,0.0034223749999999996,17.0,2.1901195946149925,-1.2373957071613115,0.19865731362531427,-0.007398837027229224,-0.00019542412357538618,-0.0034441130672201873,0.06856101668062538,0.033378392457962036,0.015291775576770306,-0.13892725110054016,0.3002518117427826,0.4426388144493103,-1.1203129291534424,0.36181193590164185,-0.706360399723053,-0.5681578516960144,0.42491984367370605,-1.16951322555542,-0.010063409805297852
0.05818037499999998,0.0034223749999999996,17.0,2.1847287828825053,-1.2320013509412788,0.1987401397661241,-0.006074310360733103,-0.00015690819883406568,-0.002831987854056617,0.06856321454389118,0.03184635937213898,0.016188781708478928,-0.1362573802471161,0.29872602224349976,0.4504551291465759,-1.1416537761688232,0.3416964113712311,-0.7070582509040833,-0.562482476234436,0.4390544891357422,-1.183584451675415,-0.009730339050292969
0.05818037499999998,0.0034223749999999996,17.0,2.1785557715866495,-1.2258014769553536,0.19879326749144585,-0.005492082384034228,-0.0001394796245363912,-0.002565961506350196,0.06856494380132001,0.03131289780139923,0.01659499853849411,-0.13468259572982788,0.28824079036712646,0.43816855549812317,-1.1467764377593994,0.3232679069042206,-0.6913287043571472,-0.5636664628982544,0.46367907524108887,-1.1786751747131348,-0.015474319458007812
0.05818037499999998,0.0034223749999999996,17.0,2.171501677608353,-1.2187708633734988,0.19885980629891628,-0.005140134924480926,-0.00012871111340008223,-0.0024063813286323153,0.06856726343085856,0.03054039180278778,0.01672275736927986,-0.13262265920639038,0.2823973000049591,0.43171313405036926,-1.1607646942138672,0.31077349185943604,-0.683958113193512,-0.5600110292434692,0.47977375984191895,-1.178352952003479,-0.018113315105438232
0.05818037499999998,0.0034223749999999996,17.0,2.163649970012164,-1.2109214488760631,0.19893267183905936,-0.004910216332983354,-0.0001214110583278289,-0.002303202096003977,0.06856941726849465,0.029812365770339966,0.01676027849316597,-0.13036984205245972,0.2746955454349518,0.4221334457397461,-1.1724040508270264,0.2944014072418213,-0.6723448634147644,-0.558242917060852,0.4998040199279785,-1.1767569780349731,-0.022649765014648438
0.05818037499999998,0.0034223749999999996,17.0,2.1547258230477926,-1.2012019195177444,0.1967602815403873,-0.004742575315581302,-0.0001511886221818726,-0.0021847588042314976,0.0686098298983425,0.029633671045303345,0.015912048518657684,-0.12815138697624207,0.2631058394908905,0.4076363742351532,-1.1731810569763184,0.284021258354187,-0.6641010642051697,-0.5636177659034729,0.5199239253997803,-1.162157416343689,-0.020824015140533447
0.05818037499999998,0.0034223749999999996,17.0,2.1451981950396593,-1.1917028924188486,0.19686752593186593,-0.004580273404140981,-0.00014466267028359752,-0.0021150288068099285,0.0686123472023421,0.029291316866874695,0.015484933741390705,-0.12542372941970825,0.25084632635116577,0.3867673873901367,-1.1780385971069336,0.2715018689632416,-0.6486204266548157,-0.5618734955787659,0.5417258739471436,-1.1493957042694092,-0.024891674518585205
0.05818037499999998,0.0034223749999999996,17.0,2.1348489646117463,-1.1813695075448893,0.19698045183739912,-0.004440943313471513,-0.00013884801383043488,-0.0020544420883537766,0.06861498216397277,0.028519093990325928,0.015292315743863583,-0.12229049205780029,0.241819828748703,0.3737756311893463,-1.188859224319458,0.2546525299549103,-0.6368175148963928,-0.5594514012336731,0.5606803894042969,-1.1451258659362793,-0.028530597686767578
0.05818037499999998,0.0034223749999999996,17.0,2.123648321613347,-1.170195248873338,0.19708671065386849,-0.004314906487058829,-0.00013342400559229653,-0.0019996038884353374,0.06861794205601955,0.027817294001579285,0.015223813243210316,-0.1192622184753418,0.2320387065410614,0.3593916594982147,-1.1979610919952393,0.2399992197751999,-0.6255276799201965,-0.556948721408844,0.5776379108428955,-1.1382670402526855,-0.03127431869506836
0.05818037499999998,0.0034223749999999996,17.0,2.111580835721782,-1.1582283121264734,0.1974207358243512,-0.004183895222688412,-0.00012808090250074106,-0.0019446292877669123,0.06861678534629356,0.026903077960014343,0.015289454720914364,-0.11668810248374939,0.22762896120548248,0.35527661442756653,-1.212775468826294,0.23043951392173767,-0.6232348084449768,-0.5525200366973877,0.5850610733032227,-1.1362438201904297,-0.030825793743133545
0.05818037499999998,0.0034223749999999996,17.0,2.0988068375929982,-1.1453548385502441,0.19722314185530415,-0.0040643575586171,-0.00012524536295029453,-0.0018868950344233415,0.06862383090143521,0.026559054851531982,0.015166559256613255,-0.11469310522079468,0.21925100684165955,0.343728631734848,-1.2150371074676514,0.22504942119121552,-0.6170955300331116,-0.5523318648338318,0.5939540863037109,-1.1261438131332397,-0.029983937740325928
0.05818037499999998,0.0034223749999999996,17.0,2.0851495873030186,-1.1316743525368138,0.1972293561897921,-0.003960516660777898,-0.0001234401194798285,-0.0018379306705517142,0.06862717960550885,0.02597549557685852,0.01568814367055893,-0.11428064107894897,0.21954914927482605,0.3490276634693146,-1.228626012802124,0.2267722636461258,-0.6239927411079407,-0.5480319857597351,0.5880281925201416,-1.1233896017074585,-0.025612592697143555
0.05818037499999998,0.0034223749999999996,17.0,2.070627273111834,-1.117199823252287,0.19745734193445472,-0.0038227036546235682,-0.00011951824753091356,-0.0017766659249507004,0.06862687751943568,0.025571495294570923,0.0159025676548481,-0.1131720244884491,0.21594984829425812,0.3455744981765747,-1.2366948127746582,0.22626549005508423,-0.6254507899284363,-0.544196605682373,0.5868847370147705,-1.114991545677185,-0.022522687911987305
0.05818037499999998,0.0034223749999999996,17.0,2.0552792382599363,-1.101859659400104,0.197496007725996,-0.003658636299264566,-0.00011420825962155784,-0.0017008219435442073,0.06863006745478135,0.025040581822395325,0.01594989374279976,-0.11165443062782288,0.21238939464092255,0.34257370233535767,-1.2450430393218994,0.22284328937530518,-0.6272395253181458,-0.5415967106819153,0.586768388748169,-1.1065490245819092,-0.019112229347229004
0.05818037499999998,0.0034223749999999996,17.0,2.039074112893314,-1.0856692173400344,0.19748921355150734,-0.00349254281871251,-0.0001079512368350702,-0.0016240241305542362,0.06863356346913513,0.024316132068634033,0.01647164300084114,-0.11084023118019104,0.21185658872127533,0.34799399971961975,-1.2560350894927979,0.21705955266952515,-0.6318103671073914,-0.5405115485191345,0.5836203098297119,-1.1042444705963135,-0.01583242416381836
0.05818037499999998,0.0034223749999999996,17.0,2.0220543849537598,-1.0686719255845083,0.19754063623104334,-0.003321187248713128,-0.0001016259432925132,-0.0015453387140687287,0.06863628982018545,0.023688405752182007,0.016430627554655075,-0.10884326696395874,0.2071864902973175,0.3429681956768036,-1.2620842456817627,0.20814728736877441,-0.6302055716514587,-0.5398465394973755,0.5870764255523682,-1.0966154336929321,-0.013976693153381348
0.05818037499999998,0.0034223749999999996,17.0,2.004195241675016,-1.0508397660193443,0.19757948122731317,-0.003115832323346,-9.508652766153651e-5,-0.0014506780940013939,0.06864027346332273,0.02345515787601471,0.016401726752519608,-0.1075991690158844,0.20134064555168152,0.33441299200057983,-1.2643024921417236,0.2087099850177765,-0.6309264302253723,-0.5371538996696472,0.584352970123291,-1.0801786184310913,-0.009691059589385986
0.05818037499999998,0.0034223749999999996,17.0,1.9857907774974695,-1.0331921972656553,0.19986373077070432,-0.0029349735497438997,-6.770908406467333e-5,-0.0013953057233995405,0.0686100799268688,0.022910848259925842,0.017219141125679016,-0.10571429133415222,0.19444943964481354,0.3235447406768799,-1.2707715034484863,0.19901959598064423,-0.6220719218254089,-0.5286059379577637,0.5859365463256836,-1.071926474571228,-0.012896239757537842
0.05818037499999998,0.0034223749999999996,17.0,1.9662956184772242,-1.0136959149663696,0.19992468863091714,-0.0027732045485986878,-6.377638062443538e-5,-0.0013184066099984782,0.06861448801545057,0.022467434406280518,0.01728598028421402,-0.10405921936035156,0.18972347676753998,0.3186110854148865,-1.276766061782837,0.19510945677757263,-0.623353898525238,-0.5252395868301392,0.5823936462402344,-1.059556245803833,-0.009160041809082031
0.05818037499999998,0.0034223749999999996,17.0,1.945660189926136,-0.9923376020171168,0.19767982577777002,-0.002576015254827412,-7.7238252734899e-5,-0.0012003149253803072,0.06865328154513287,0.02234169840812683,0.01687943935394287,-0.10305482149124146,0.18348020315170288,0.31394803524017334,-1.2750568389892578,0.196921244263649,-0.6309252381324768,-0.5293152332305908,0.5751292705535889,-1.0375021696090698,0.001044929027557373
0.05818037499999998,0.0034223749999999996,17.0,1.9245004247175783,-0.9711850634821095,0.19778865261737721,-0.002367128065750757,-7.012222951994167e-5,-0.0011038615014175033,0.06865729482221877,0.021893277764320374,0.017072636634111404,-0.09983941912651062,0.17184028029441833,0.2964521646499634,-1.2730224132537842,0.1822730451822281,-0.6224022507667542,-0.5259795784950256,0.5786285400390625,-1.021531343460083,0.0020160675048828125
0.05818037499999998,0.0034223749999999996,17.0,1.9025053935191558,-0.9491894252604991,0.19779972353259936,-0.002170601675098678,-6.415555824995765e-5,-0.0010121261184882558,0.06866147385261653,0.021524637937545776,0.017234571278095245,-0.0989139974117279,0.16810493171215057,0.29547059535980225,-1.2766978740692139,0.18095333874225616,-0.6267160773277283,-0.5255599617958069,0.5696439743041992,-1.0068855285644531,0.007413685321807861
0.05818037499999998,0.0034223749999999996,17.0,1.8796802417096623,-0.9263750562008548,0.19788250214386824,-0.0019755832627538243,-5.778506370509729e-5,-0.0009216943904940943,0.06866420825579075,0.020831555128097534,0.01740756258368492,-0.0963517427444458,0.1609361171722412,0.2858823239803314,-1.2783887386322021,0.16849742829799652,-0.6231223940849304,-0.5259384512901306,0.5711839199066162,-0.9963830709457397,0.009662389755249023
0.05818037499999998,0.0034223749999999996,17.0,1.8560767941338245,-0.9027173450211199,0.19791762708660313,-0.0018358368148435648,-5.4030777266700665e-5,-0.0008557988528426071,0.06866820359163754,0.02008870244026184,0.01813206821680069,-0.09539914131164551,0.16010050475597382,0.2925367057323456,-1.2915680408477783,0.1608022004365921,-0.6284510493278503,-0.5233680009841919,0.5629737377166748,-0.9930779337882996,0.013203144073486328
0.05818037499999998,0.0034223749999999996,17.0,1.8315475637702059,-0.878233270862528,0.1979760491540106,-0.0016244145286555768,-4.7317016195408656e-5,-0.0007573224622004787,0.06867349884419713,0.01970168948173523,0.018124468624591827,-0.09407982230186462,0.15723851323127747,0.29143837094306946,-1.2980351448059082,0.15959781408309937,-0.6334981322288513,-0.5208701491355896,0.5544238090515137,-0.9800589680671692,0.018382549285888672
0.05818037499999998,0.0034223749999999996,17.0,1.8062326297125106,-0.8529145369802678,0.19809089694611073,-0.001438370118930153,-4.163930622680525e-5,-0.000670595090503458,0.06867983545982412,0.019151747226715088,0.018360037356615067,-0.09166812896728516,0.15115436911582947,0.2842267155647278,-1.3009138107299805,0.14802215993404388,-0.6316652894020081,-0.5193425416946411,0.5522832870483398,-0.9702063202857971,0.020687520503997803
0.05818037499999998,0.0034223749999999996,17.0,1.7800986269369494,-0.8267551460909972,0.1982375905505986,-0.00125438305176762,-3.6082077360404e-5,-0.0005846827725244104,0.06868921116889981,0.01879274845123291,0.018675584346055984,-0.08960554003715515,0.1432989090681076,0.27453526854515076,-1.300269365310669,0.13979817926883698,-0.6292737126350403,-0.5170344114303589,0.5459785461425781,-0.9550496935844421,0.023585379123687744
0.05818037499999998,0.0034223749999999996,17.0,1.7531659831506505,-0.7997649851504106,0.19843683979200671,-0.001100706440656879,-3.156620753628458e-5,-0.0005125817151228941,0.06870232279929614,0.018064752221107483,0.018756747245788574,-0.08671027421951294,0.13773879408836365,0.2713121473789215,-1.30539870262146,0.13152462244033813,-0.6310325264930725,-0.5154333114624023,0.5386519432067871,-0.9453767538070679,0.02826589345932007
0.05818037499999998,0.0034223749999999996,17.0,1.7254805513053122,-0.771925312871973,0.19865311185070222,-0.0009762664837850801,-2.8314864447793048e-5,-0.00045349351283682516,0.06872059264799893,0.01751077175140381,0.018610339611768723,-0.08394607901573181,0.13211768865585327,0.2703123390674591,-1.310497760772705,0.12952569127082825,-0.6356472373008728,-0.511396050453186,0.5241434574127197,-0.9319592118263245,0.03486073017120361
0.05818037499999998,0.0034223749999999996,17.0,1.6968109505579239,-0.7432843622901042,0.19887581620660894,-0.0008364500101647725,-2.1294126616447314e-5,-0.0003855325744831412,0.06875284762224258,0.01620940864086151,0.019051361829042435,-0.07960107922554016,0.12591099739074707,0.2779947817325592,-1.319934368133545,0.11515346169471741,-0.6399087309837341,-0.5096402168273926,0.5107827186584473,-0.9325059056282043,0.041611671447753906
0.05818037499999998,0.0034223749999999996,17.0,1.667295700961852,-0.7137954610410462,0.19921865004935585,-0.0007031338590894882,-1.6068913549866837e-5,-0.0003226395491641534,0.06877510084981729,0.018808797001838684,0.01984170824289322,-0.07430821657180786,0.09664610028266907,0.2618056535720825,-1.297076940536499,0.10126049816608429,-0.607721745967865,-0.49549776315689087,0.47955775260925293,-0.9097595810890198,0.03186643123626709
0.05818037499999998,0.0034223749999999996,17.0,1.6369543898896994,-0.6843310662735376,0.2022312867480564,-0.0005287471154720898,-6.189049836488366e-6,-0.00024434818080459127,0.06877124885644047,0.0232982337474823,0.022242046892642975,-0.0687902569770813,0.05609332025051117,0.23847123980522156,-1.2563457489013672,0.0837177038192749,-0.543414294719696,-0.4568401277065277,0.4375736713409424,-0.8836876749992371,0.0028151273727416992
0.05818037499999998,0.0034223749999999996,17.0,1.6056024096975452,-0.6530398202097952,0.20259937530019592,-0.0003338916813779513,-3.2901605609101923e-6,-0.00015361737347132224,0.06877190615174322,0.028672397136688232,0.025047652423381805,-0.06404536962509155,0.007983654737472534,0.21238118410110474,-1.186570167541504,0.06585980951786041,-0.4634832739830017,-0.41452401876449585,0.3921389579772949,-0.8371366858482361,-0.032990455627441406
0.05818037499999998,0.0034223749999999996,17.0,1.5733421833843102,-0.6209122388626361,0.20294760262389944,-0.00016052290811234283,-1.1674089677811643e-6,-7.381904072170669e-5,0.06875874117893123,0.03609710931777954,0.0300842747092247,-0.059839606285095215,-0.04908588528633118,0.17637665569782257,-1.069873571395874,0.03380339592695236,-0.33983492851257324,-0.35683655738830566,0.3501567840576172,-0.7748544812202454,-0.09775012731552124
0.05818037499999998,0.0034223749999999996,17.0,1.5403246378454667,-0.5878953612872333,0.20324542048364597,1.40926661526804e-5,7.656367948039876e-8,6.465547827331207e-6,0.0687411271778184,0.014391466975212097,0.02145451307296753,-0.02928277850151062,-0.2966982126235962,-0.1173892468214035,-0.5879576206207275,-0.36312827467918396,0.01729375123977661,-0.4496307075023651,0.34358978271484375,-0.5076997876167297,-0.19135349988937378
0.05818037499999998,0.0034223749999999996,17.0,1.5065683281140285,-0.5540746738125166,0.20337934924455078,0.00016431770777546883,8.860354765253445e-7,7.532335211042107e-5,0.0687240406903576,0.007994383573532104,0.03142118826508522,-0.019535422325134277,-0.32657909393310547,-0.12581130862236023,-0.38239455223083496,-0.39753562211990356,0.15457653999328613,-0.3960348069667816,0.3872361183166504,-0.4477691352367401,-0.2866751253604889
0.05818037499999998,0.0034223749999999996,17.0,1.4720623295862034,-0.5194767466248209,0.20345147460898852,0.00032276626581645125,1.8240025789534062e-6,0.00014776101930619794,0.06871572423239831,0.0032300353050231934,0.042021967470645905,-0.013074636459350586,-0.3489146828651428,-0.12538817524909973,-0.17824053764343262,-0.3971083164215088,0.31173330545425415,-0.36384299397468567,0.43167710304260254,-0.3688923120498657,-0.4118329584598541
0.05818037499999998,0.0034223749999999996,17.0,1.436722136115101,-0.4841262430808827,0.2035644565096246,0.000493230755019155,2.859623066495761e-6,0.00022576928398891164,0.06871077607832271,-0.0006538331508636475,0.05026246979832649,-0.009286224842071533,-0.35526591539382935,-0.1402357667684555,-0.04481220245361328,-0.40136924386024475,0.41099780797958374,-0.3581997752189636,0.4834873676300049,-0.3127867579460144,-0.4972505569458008
0.05818037499999998,0.0034223749999999996,17.0,1.4005858598139083,-0.4479708124766796,0.20371409653767292,0.0006372859905170181,3.3627130123930692e-6,0.0002915157715532557,0.06871103166290936,-0.003002732992172241,0.05550497770309448,-0.006748586893081665,-0.35741740465164185,-0.15760672092437744,0.016466617584228516,-0.42870572209358215,0.45071616768836975,-0.36751416325569153,0.5250637531280518,-0.31242257356643677,-0.5300199389457703
0.05818037499999998,0.0034223749999999996,17.0,1.363615642587295,-0.4110073091037114,0.2038397908566045,0.0007965012213625682,4.564349481341627e-6,0.00036409812163246596,0.06871171472637524,-0.004867613315582275,0.05810476839542389,-0.004025697708129883,-0.3588797450065613,-0.1650601178407669,0.04103803634643555,-0.4387337863445282,0.4665469825267792,-0.3595210313796997,0.5460057258605957,-0.3185702860355377,-0.5434543490409851
0.05818037499999998,0.0034223749999999996,17.0,1.3258123560821669,-0.37322052825162705,0.2039339176047528,0.0009775885646850107,6.914012760877863e-6,0.00044635279501369595,0.06871790219287667,-0.006100326776504517,0.0594833604991436,-0.0015752017498016357,-0.363494873046875,-0.15984153747558594,0.04497981071472168,-0.42240110039711,0.4827827513217926,-0.3439220190048218,0.5452404022216797,-0.31527993083000183,-0.5564864873886108
0.05818037499999998,0.0034223749999999996,17.0,1.2871997754214648,-0.3346067765767595,0.20405341727417797,0.0011079041597091643,8.572005194323338e-6,0.0005053145566198364,0.06872017938005691,-0.006395012140274048,0.060243282467126846,0.0015958547592163086,-0.3632672429084778,-0.15644438564777374,0.046064138412475586,-0.4181497395038605,0.4856353998184204,-0.326957106590271,0.5428347587585449,-0.327940434217453,-0.5603249073028564
0.05818037499999998,0.0034223749999999996,17.0,1.247788439158953,-0.29515720143436946,0.20417464381625966,0.001229269631580817,9.72548600718474e-6,0.0005604544414096308,0.06871812911148742,-0.005761981010437012,0.0609193854033947,0.004754930734634399,-0.35781729221343994,-0.16026686131954193,0.047380924224853516,-0.42563021183013916,0.47533664107322693,-0.3150750994682312,0.5451996326446533,-0.35214895009994507,-0.5561633706092834
0.05818037499999998,0.0034223749999999996,17.0,1.2075038403534113,-0.25489089201658693,0.2042445804759348,0.001464452519410683,1.3413940130774706e-5,0.0006675322101998308,0.06872098776764421,-0.005748242139816284,0.06113826110959053,0.006399661302566528,-0.35467588901519775,-0.14960086345672607,0.035637617111206055,-0.40037399530410767,0.47593218088150024,-0.28900793194770813,0.5297861099243164,-0.3480144441127777,-0.5609309673309326
0.05818037499999998,0.0034223749999999996,17.0,1.1664207869324887,-0.2137975130323796,0.2043177472064952,0.0016803473869110084,1.8238071746246745e-5,0.0007631302423267114,0.06873121823547441,-0.004817456007003784,0.06086043640971184,0.007428348064422607,-0.35416465997695923,-0.13270998001098633,0.013915777206420898,-0.3639235496520996,0.4799382984638214,-0.26755964756011963,0.5001153945922852,-0.34173136949539185,-0.5670000910758972
0.05818037499999998,0.0034223749999999996,17.0,1.1244754988929822,-0.17187283307766926,0.20448948459528857,0.001860046172008457,2.1093599726852943e-5,0.00084401737295949,0.06873501413285503,-0.0038118064403533936,0.06049088016152382,0.010231256484985352,-0.3508932590484619,-0.11749125272035599,-0.0028967857360839844,-0.34915027022361755,0.4792075455188751,-0.25633618235588074,0.48191046714782715,-0.3481960892677307,-0.5693941116333008
0.05818037499999998,0.0034223749999999996,17.0,1.0816280449948212,-0.1291705045896299,0.20470556857571479,0.0019443582925693442,2.18697699668583e-5,0.0008797942410828722,0.06873807741786046,-0.00343245267868042,0.05897514522075653,0.014900177717208862,-0.35265666246414185,-0.09872771799564362,-0.03703761100769043,-0.32366254925727844,0.5034724473953247,-0.2795078158378601,0.4550046920776367,-0.3045521080493927,-0.5890026092529297
0.05818037499999998,0.0034223749999999996,17.0,1.037668672121039,-0.0857347814594407,0.20498089904689515,0.0019627558796889433,1.851952192068669e-5,0.000880690567675469,0.06872583111977038,-0.012786239385604858,0.05441238358616829,0.02205154299736023,-0.29573971033096313,-0.2521010637283325,-0.05077767372131348,-0.30697116255760193,0.5037044286727905,-0.4535506069660187,0.4606742858886719,0.12155982106924057,-0.6228713393211365
0.05818037499999998,0.0034223749999999996,17.0,0.9928968277010708,-0.04178865648408516,0.2055988399923788,0.0018186402037225014,9.764618526258938e-6,0.000816534310944164,0.0686764215949098,-0.034868091344833374,0.04603271558880806,0.0333368182182312,-0.22918802499771118,-0.4925532042980194,-0.0385289192199707,-0.3049790859222412,0.5135818123817444,-0.6861506104469299,0.452542781829834,0.7118824124336243,-0.6596108675003052
0.05818037499999998,0.0034223749999999996,17.0,0.9467082802571458,0.003204757753619399,0.20648811872361328,7.249001476647182e-6,-1.2788614881179981e-8,3.322395656373579e-6,0.06856626967453323,-0.06133410334587097,0.03683449700474739,0.07516583800315857,0.2604897618293762,-0.37694746255874634,-1.0442991256713867,-0.6719267964363098,-0.8793951869010925,-0.6018845438957214,0.2652115821838379,0.5562260150909424,0.18962836265563965
0.05818037499999998,0.0034223749999999996,17.0,0.9904733158377184,0.047964207373366395,0.20715192292226206,-0.0018076769048733237,2.3553259832718722e-5,-0.0008180208724308809,0.06853743978712945,-0.1077146828174591,0.022389933466911316,0.09042730927467346,0.38877934217453003,-0.31136173009872437,-1.1260223388671875,-0.87208092212677,-1.0242793560028076,-0.8100093603134155,0.18848299980163574,0.6679839491844177,0.20002931356430054
0.05818037499999998,0.0034223749999999996,17.0,1.0341013568568376,0.09184282892456433,0.2074927052431489,-0.0019549914078101,3.762772088271081e-5,-0.0008794884234463801,0.06852158865051312,-0.13652366399765015,0.005628830753266811,0.10148277878761292,0.4575836956501007,-0.22670401632785797,-1.1381340026855469,-1.0332202911376953,-1.0990393161773682,-0.9170404076576233,0.13405609130859375,0.6856608390808105,0.2147013545036316
0.05818037499999998,0.0034223749999999996,17.0,1.0775667415951693,0.13525510308224958,0.20761614119492197,-0.0019348361795991553,3.9611925271235184e-5,-0.0008692086256972021,0.06852101267579029,-0.14243090152740479,-0.0006860715802758932,0.1049477756023407,0.46040087938308716,-0.19031943380832672,-1.1208016872406006,-1.059577226638794,-1.085805892944336,-0.9667549729347229,0.12530827522277832,0.7088504433631897,0.20517176389694214
0.05818037499999998,0.0034223749999999996,17.0,1.1202601381248232,0.17785149123114694,0.20776498964192439,-0.0018260931996208665,3.689082204779634e-5,-0.0008190244836252308,0.06852110092380186,-0.146505206823349,-0.005118371918797493,0.11027571558952332,0.4695698618888855,-0.15221667289733887,-1.1404352188110352,-1.0640928745269775,-1.0814225673675537,-0.9940345883369446,0.12824773788452148,0.695840060710907,0.19433903694152832
0.05818037499999998,0.0034223749999999996,17.0,1.1622828871277178,0.2196509081384649,0.2078476087334463,-0.0016934494463337123,3.1896067101386785e-5,-0.000756607128813984,0.0685185719150976,-0.14510425925254822,-0.006268988363444805,0.11307385563850403,0.47099411487579346,-0.13822245597839355,-1.1361677646636963,-1.0488841533660889,-1.0735340118408203,-1.0052655935287476,0.11549615859985352,0.7084041237831116,0.1850045919418335
0.05818037499999998,0.0034223749999999996,17.0,1.2035258217648381,0.26066202846257236,0.2079073071628185,-0.001515575992676566,2.5754906271597e-5,-0.0006751850807027299,0.06851772601289462,-0.14252585172653198,-0.007687238045036793,0.11553922295570374,0.4688551425933838,-0.15606707334518433,-1.1270818710327148,-1.0240817070007324,-1.0651979446411133,-0.989021897315979,0.10392618179321289,0.7587901949882507,0.18099051713943481
0.05818037499999998,0.0034223749999999996,17.0,1.2442316501581532,0.3020585823620863,0.20506348244026398,-0.0012585943434931652,8.068931752011902e-6,-0.0005517725777997476,0.06857484013650951,-0.1391746997833252,-0.011210125871002674,0.11807361245155334,0.4790322780609131,-0.1434856653213501,-1.1287548542022705,-0.980002760887146,-1.0781126022338867,-0.978644847869873,0.06952071189880371,0.793185830116272,0.18374502658843994
0.05818037499999998,0.0034223749999999996,17.0,1.283652369476211,0.3414034962385258,0.2051922936159382,-0.0011320995556009974,6.4740936519078435e-6,-0.0004960386199630403,0.06857573639840682,-0.13901957869529724,-0.014143151231110096,0.12199059128761292,0.48948922753334045,-0.1168467327952385,-1.1532161235809326,-0.957193911075592,-1.082726240158081,-0.9770786762237549,0.06554269790649414,0.7902248501777649,0.17962777614593506
0.05818037499999998,0.0034223749999999996,17.0,1.3223127220683297,0.37994580745945755,0.20527281651191137,-0.0009985393800250437,5.000818448047926e-6,-0.0004368835195230011,0.06857667258888299,-0.1366558074951172,-0.01650501973927021,0.12453117966651917,0.4998493790626526,-0.09115246683359146,-1.164245367050171,-0.9277313351631165,-1.0909802913665771,-0.9749858379364014,0.04701852798461914,0.7934766411781311,0.17776477336883545
0.05818037499999998,0.0034223749999999996,17.0,1.3601360208050826,0.4176524237357803,0.20535573067416715,-0.0008142334928903137,3.5269260584351254e-6,-0.00035565766312994294,0.06857739643121824,-0.13397783041000366,-0.018958229571580887,0.1269131600856781,0.5111384391784668,-0.06442147493362427,-1.173128604888916,-0.8946145176887512,-1.101226568222046,-0.9717562794685364,0.024173974990844727,0.795792281627655,0.1768597960472107
0.05818037499999998,0.0034223749999999996,17.0,1.3971313931942368,0.4545266035885327,0.20543176100857283,-0.0006526005066595396,2.3627575568436307e-6,-0.00028457335696024255,0.06857783573734924,-0.13076817989349365,-0.022325746715068817,0.12937769293785095,0.5226799845695496,-0.037810876965522766,-1.1857423782348633,-0.8545961976051331,-1.1126267910003662,-0.9644157886505127,-0.0008206367492675781,0.8011031150817871,0.17783719301223755
0.05818037499999998,0.0034223749999999996,17.0,1.4333056780329767,0.4905483160381846,0.20549814937382654,-0.0005068204177309241,1.3567703038908985e-6,-0.0002205358267246464,0.06857781110423188,-0.1272715926170349,-0.027110181748867035,0.13195064663887024,0.5342472791671753,-0.012909297831356525,-1.2003326416015625,-0.8059702515602112,-1.1222171783447266,-0.9556472897529602,-0.02859354019165039,0.8122538924217224,0.17898571491241455
0.05818037499999998,0.0034223749999999996,17.0,1.4686688465804125,0.5257223644306008,0.20556421890357604,-0.0003351863804409594,5.336083335027601e-7,-0.00014555622530427114,0.06857912533361335,-0.11693036556243896,-0.04165279120206833,0.12857016921043396,0.5226203203201294,0.00133201340213418,-1.1971921920776367,-0.692084014415741,-1.1758134365081787,-0.9102776646614075,-0.13269281387329102,0.8989152312278748,0.25814682245254517
0.05818037499999998,0.0034223749999999996,17.0,1.5033382785456544,0.5600067037169478,0.20557675221913776,-0.00018181314777437253,-6.940519026915484e-8,-7.876898744362122e-5,0.06858642936951334,-0.11608240008354187,-0.058739859610795975,0.12522420287132263,0.5363694429397583,0.04070392623543739,-1.1616756916046143,-0.5944916605949402,-1.2029976844787598,-0.918655276298523,-0.25647616386413574,0.9399644732475281,0.3025086522102356
0.05818037499999998,0.0034223749999999996,17.0,1.5369900658187883,0.593285766299678,0.20558550459031483,-6.2100908966591535e-6,-1.584558495146172e-8,-2.6783124577163523e-6,0.06859055634974652,-0.11582675576210022,-0.07512713223695755,0.12047412991523743,0.5911431908607483,0.06385354697704315,-1.0355370044708252,-0.5048978328704834,-1.229121208190918,-0.9594354033470154,-0.49143755435943604,0.9940316677093506,0.3154074549674988
0.05818037499999998,0.0034223749999999996,17.0,1.569778001805982,0.6256568742941223,0.20554112423842863,0.0001643955472355825,7.652325941341327e-7,7.007578873561158e-5,0.06858886544381546,-0.1349012553691864,-0.11451229453086853,0.17290285229682922,1.220000982284546,-0.15148109197616577,-1.4793968200683594,-0.5604462623596191,-1.845353364944458,-0.9136549830436707,-1.5789544582366943,0.256820946931839,0.4905768036842346
0.05818037499999998,0.0034223749999999996,17.0,1.6015549734494452,0.657013210188589,0.20589342298748817,0.0003417127292038253,1.8343018638536566e-6,0.0001408784582772709,0.06858677718670231,-0.1380116045475006,-0.11272018402814865,0.19253799319267273,1.3682740926742554,-0.2602461278438568,-1.4992895126342773,-0.6757436394691467,-1.856358289718628,-1.0103540420532227,-1.8383004665374756,0.24630016088485718,0.36419886350631714
0.05818037499999998,0.0034223749999999996,17.0,1.6324689292457437,0.6876179266285571,0.20643760012530254,0.0005447771671633684,1.991496170989488e-6,0.00021451265228985403,0.06857985434345518,-0.13348734378814697,-0.11176981031894684,0.2083057463169098,1.4589763879776,-0.3429097533226013,-1.416919469833374,-0.7788357734680176,-1.865793228149414,-1.1277761459350586,-2.162808895111084,0.2932630777359009,0.2905096411705017
0.05818037499999998,0.0034223749999999996,17.0,1.6625967295623385,0.717417125764797,0.20733098699999325,0.0007299221889819862,-7.034897553892866e-7,0.0002690421426317549,0.06856912615017172,-0.13725808262825012,-0.10946724563837051,0.22610273957252502,1.5547124147415161,-0.4272678792476654,-1.462735652923584,-0.8614535331726074,-1.8662126064300537,-1.2237584590911865,-2.3337979316711426,0.31743597984313965,0.19674170017242432
0.05818037499999998,0.0034223749999999996,17.0,1.691985278916523,0.7466928285143457,0.2082652674349667,0.0008743869367462921,-6.746261108254182e-6,0.00030354790737384217,0.06856443138790783,-0.13891690969467163,-0.10774221271276474,0.23946496844291687,1.6199924945831299,-0.496767520904541,-1.4822275638580322,-0.9236180782318115,-1.862607479095459,-1.2911045551300049,-2.4789445400238037,0.3506692051887512,0.12875431776046753
0.05818037499999998,0.0034223749999999996,17.0,1.7202651791439125,0.7753424515298246,0.20956553023104832,0.0010255593425477205,-1.6784027182621494e-5,0.00033963062069134695,0.06857575307337485,-0.14275014400482178,-0.10504279285669327,0.24700602889060974,1.6667578220367432,-0.5293905735015869,-1.5202269554138184,-0.9524924755096436,-1.8666486740112305,-1.3371134996414185,-2.5201354026794434,0.3230047821998596,0.0843731164932251
0.05818037499999998,0.0034223749999999996,17.0,1.7481577986329473,0.8031573632027428,0.20998483992115127,0.0011591124163464125,-2.3160414040279088e-5,0.00037311831994503496,0.06857779495613342,-0.14118072390556335,-0.10425515472888947,0.2492370903491974,1.6774204969406128,-0.5396990776062012,-1.4752390384674072,-0.9713962078094482,-1.8706765174865723,-1.355617880821228,-2.5972328186035156,0.32225942611694336,0.07926088571548462
0.05818037499999998,0.0034223749999999996,17.0,1.7751862154132232,0.8301397185541055,0.21041817898541415,0.0013226593668640987,-2.9431395092266754e-5,0.00041810056024075334,0.06857951224770371,-0.14098849892616272,-0.10427118092775345,0.2541583478450775,1.7018673419952393,-0.5524985790252686,-1.4855914115905762,-0.9827829003334045,-1.8776516914367676,-1.350325345993042,-2.6407687664031982,0.30247369408607483,0.06155109405517578
0.05818037499999998,0.0034223749999999996,17.0,1.801394779850175,0.8562791533646292,0.21066977079676563,0.0015176882371858642,-3.596330079382479e-5,0.00047384927354375545,0.06858122094306011,-0.14024916291236877,-0.10394559055566788,0.25761768221855164,1.715105414390564,-0.5507424473762512,-1.481055498123169,-0.9935774803161621,-1.889800786972046,-1.3560956716537476,-2.681462049484253,0.27295368909835815,0.05985993146896362
0.05818037499999998,0.0034223749999999996,17.0,1.8266747707707303,0.8816160496655607,0.21102047985607109,0.0017136162200607076,-4.19950219871663e-5,0.0005327318102372309,0.06858154245705014,-0.1413339376449585,-0.10374175012111664,0.261956125497818,1.7354466915130615,-0.5566954612731934,-1.507249116897583,-1.0013066530227661,-1.902864694595337,-1.358594298362732,-2.703585147857666,0.2355576455593109,0.05148744583129883
0.05818037499999998,0.0034223749999999996,17.0,1.8512391108798703,0.9060829737987274,0.21103248157513615,0.0019330959856311129,-4.720120079178306e-5,0.0005969629497924174,0.06858520498793548,-0.13933846354484558,-0.10497380793094635,0.26330581307411194,1.7371934652328491,-0.5601423382759094,-1.478013277053833,-1.005263328552246,-1.909313678741455,-1.337964653968811,-2.7559964656829834,0.2317677140235901,0.05806684494018555
0.05818037499999998,0.0034223749999999996,17.0,1.8748435857975547,0.9297113520212231,0.21121870007271787,0.0020950327987356646,-5.1852375695863225e-5,0.000644495963124675,0.068585876868684,-0.14000171422958374,-0.10595829039812088,0.26792821288108826,1.7567139863967896,-0.5699306130409241,-1.5070619583129883,-1.0080242156982422,-1.918980598449707,-1.322570562362671,-2.7799460887908936,0.2075459212064743,0.047715961933135986
0.05818037499999998,0.0034223749999999996,17.0,1.8976771188194288,0.9524891929919462,0.21131034600321671,0.0022970523791586684,-5.697190506112958e-5,0.0007039018508752627,0.06858727157726528,-0.13519325852394104,-0.10540652275085449,0.2677081525325775,1.7393182516098022,-0.5480983257293701,-1.423696756362915,-1.0200424194335938,-1.930807113647461,-1.337893009185791,-2.860619068145752,0.19478419423103333,0.07739406824111938
0.05818037499999998,0.0034223749999999996,17.0,1.9196837726225302,0.9744868448172848,0.21142569346746523,0.0025043185850107505,-6.365998379349354e-5,0.0007648830214682182,0.06858887681264106,-0.13590890169143677,-0.10601870715618134,0.27176758646965027,1.752877950668335,-0.5503066182136536,-1.4465558528900146,-1.0234036445617676,-1.9432437419891357,-1.3367503881454468,-2.87758469581604,0.16865552961826324,0.07561695575714111
0.05818037499999998,0.0034223749999999996,17.0,1.940856966099348,0.9956476085796798,0.2116546489779549,0.0027240550677219396,-7.051023441590352e-5,0.0008321237535194306,0.06859017360641148,-0.13949337601661682,-0.1064421758055687,0.2801497280597687,1.7881882190704346,-0.5548680424690247,-1.5466008186340332,-1.0251811742782593,-1.962073802947998,-1.34462571144104,-2.856774091720581,0.11329162865877151,0.05504566431045532
0.05818037499999998,0.0034223749999999996,17.0,1.9610623960663462,1.0159089953251341,0.2119546160705062,0.0029390424823128175,-7.634038044057293e-5,0.0008981240004706662,0.06859161833692852,-0.14050701260566711,-0.10875436663627625,0.28653469681739807,1.8101475238800049,-0.5616732239723206,-1.612267017364502,-1.0209846496582031,-1.9742536544799805,-1.3300895690917969,-2.8549435138702393,0.10033603757619858,0.04347318410873413
0.05818037499999998,0.0034223749999999996,17.0,1.9805093487086531,1.0353096854814303,0.21211025838601305,0.003110188920419324,-7.959340323869651e-5,0.0009491593618061819,0.06859337412873286,-0.14108672738075256,-0.11153554916381836,0.290886253118515,1.8280757665634155,-0.5807327628135681,-1.6547818183898926,-1.0137975215911865,-1.9754743576049805,-1.2961269617080688,-2.8617773056030273,0.1057705208659172,0.02769988775253296
0.05818037499999998,0.0034223749999999996,17.0,1.9990923235915612,1.0539550521173648,0.2122856340285735,0.003292150741238743,-8.389516438683522e-5,0.0010059890685009901,0.06859575087325206,-0.14268618822097778,-0.112901970744133,0.2960682809352875,1.8490517139434814,-0.5859828591346741,-1.7133264541625977,-1.010833740234375,-1.9852848052978516,-1.2900573015213013,-2.853160858154297,0.08261652290821075,0.014835238456726074
0.05818037499999998,0.0034223749999999996,17.0,2.0168964265909324,1.071702369937141,0.21237753698577452,0.0035085182338490976,-8.846115378021189e-5,0.001070931619303835,0.06859748578055354,-0.1422470510005951,-0.1150161549448967,0.298449844121933,1.8550629615783691,-0.5953114628791809,-1.7246551513671875,-1.0067384243011475,-1.9881906509399414,-1.2677385807037354,-2.869154930114746,0.08971887826919556,0.012960076332092285
0.05818037499999998,0.0034223749999999996,17.0,2.0338299596059675,1.0886520085564193,0.2125335293471711,0.0036886643573859285,-9.254640279712931e-5,0.0011264431902416145,0.06859806590979163,-0.14311271905899048,-0.11662137508392334,0.30244210362434387,1.8722834587097168,-0.603919506072998,-1.7700743675231934,-1.001245141029358,-1.9915363788604736,-1.2518017292022705,-2.8647994995117188,0.07824954390525818,-0.0014538168907165527
0.05818037499999998,0.0034223749999999996,17.0,2.049885531742052,1.1047787869314933,0.2127903157497691,0.0038628022486582427,-9.641076816792882e-5,0.0011831302863863531,0.06859888249213801,-0.14321863651275635,-0.11665568500757217,0.3057188093662262,1.8800374269485474,-0.5969993472099304,-1.7925243377685547,-1.002541184425354,-2.002864360809326,-1.262118935585022,-2.8764848709106445,0.047363124787807465,0.00011849403381347656
0.05818037499999998,0.0034223749999999996,17.0,2.0653264437537477,1.1200980974430064,0.21273719526607268,0.004038873076584763,-0.00010073539920020569,0.0012320729737464904,0.06860253197567202,-0.1414450705051422,-0.11830181628465652,0.30651792883872986,1.8769036531448364,-0.5951059460639954,-1.7752203941345215,-1.0007859468460083,-2.005117416381836,-1.242849349975586,-2.907620668411255,0.05259697139263153,0.006903946399688721
0.05818037499999998,0.0034223749999999996,17.0,2.0797605112435664,1.1345619361980446,0.2128519644202413,0.004173262716110227,-0.0001025008316089848,0.0012724811035839435,0.06860324657034708,-0.14259007573127747,-0.11935723572969437,0.30963942408561707,1.8963278532028198,-0.6047620177268982,-1.825242042541504,-0.9938790798187256,-2.0026025772094727,-1.2183085680007935,-2.904033899307251,0.03304632753133774,-0.015841305255889893
0.05818037499999998,0.0034223749999999996,17.0,2.0934426741016403,1.1481875312782757,0.21282934056273572,0.004291630864497492,-0.00010330843653131235,0.0013029843654122732,0.0686049903638594,-0.14118844270706177,-0.12051304429769516,0.3096788227558136,1.8980658054351807,-0.6109183430671692,-1.8138198852539062,-0.9898016452789307,-1.9943621158599854,-1.1794393062591553,-2.936941623687744,0.03088151477277279,-0.024010419845581055
0.05818037499999998,0.0034223749999999996,17.0,2.1062154429900217,1.161049762058652,0.2128967813095423,0.004416641992231395,-0.00010748170198442955,0.0013411241412933962,0.06860483227743118,-0.14292389154434204,-0.12025652825832367,0.31330570578575134,1.9173462390899658,-0.6045820116996765,-1.8696975708007812,-0.9890515208244324,-2.003303289413452,-1.1859883069992065,-2.924198865890503,-0.011001909151673317,-0.03745216131210327
0.05818037499999998,0.0034223749999999996,17.0,2.1181441404801062,1.1731137142155412,0.21298930398668064,0.004552282815841768,-0.00011372860280157089,0.0013837765021088475,0.06860371306630172,-0.14404314756393433,-0.11886962503194809,0.31566986441612244,1.9257550239562988,-0.5809094905853271,-1.8935871124267578,-0.9948239326477051,-2.0204029083251953,-1.2182848453521729,-2.919693946838379,-0.06767039000988007,-0.03218185901641846
0.05818037499999998,0.0034223749999999996,17.0,2.129246076351333,1.1843306539817922,0.2131529306530999,0.004682616165889918,-0.00012031465663381153,0.001426146249502787,0.06860321797581169,-0.14637449383735657,-0.11804188787937164,0.3210469186306,1.948045253753662,-0.5583006143569946,-1.9697322845458984,-0.9975409507751465,-2.038421869277954,-1.2493535280227661,-2.8920857906341553,-0.1369604766368866,-0.04193723201751709
0.05818037499999998,0.0034223749999999996,17.0,2.1394700482837665,1.1947152133673857,0.21335424294177166,0.004826345265916538,-0.00012684576858098257,0.0014751154515586272,0.06860062502521946,-0.1492207646369934,-0.1169867143034935,0.32540163397789,1.9727568626403809,-0.5386404395103455,-2.0443692207336426,-0.9993306398391724,-2.05025315284729,-1.2727420330047607,-2.856064796447754,-0.20596201717853546,-0.059642016887664795
0.05818037499999998,0.0034223749999999996,17.0,2.1487679965678788,1.204265589488096,0.2136538077671351,0.004992078706566453,-0.00013469238325690205,0.001535379489557971,0.06859696960918789,-0.1548864245414734,-0.11600212752819061,0.3328346908092499,2.018527030944824,-0.5225956439971924,-2.1899585723876953,-0.9973917007446289,-2.0626072883605957,-1.2998454570770264,-2.7796061038970947,-0.2945170998573303,-0.10057848691940308
0.05818037499999998,0.0034223749999999996,17.0,2.1572767805279573,1.2129621442544454,0.21396960790852923,0.005177754910659945,-0.00014378512824743115,0.0016017859557328786,0.06859413264916812,-0.15959078073501587,-0.11526723951101303,0.33979472517967224,2.056021213531494,-0.49908193945884705,-2.3157734870910645,-0.998481035232544,-2.0765299797058105,-1.3285609483718872,-2.7141003608703613,-0.378231018781662,-0.13131463527679443
0.05818037499999998,0.0034223749999999996,17.0,2.1645174868486223,1.2197595262274574,0.21772811090421768,0.005423771884281143,-0.00022185775340930762,0.001672690549467433,0.06854863440557742,-0.1639748513698578,-0.11075829714536667,0.33790239691734314,2.0709171295166016,-0.477560818195343,-2.3215065002441406,-1.0116190910339355,-2.081845283508301,-1.3661686182022095,-2.6765170097351074,-0.44730010628700256,-0.14485454559326172
0.05818037499999998,0.0034223749999999996,17.0,2.1713785265919987,1.2268107991082084,0.21791398139580434,0.005790060013963195,-0.000239487413387679,0.00179500249816171,0.06854696830861667,-0.1676304042339325,-0.1101236343383789,0.3425488770008087,2.0985941886901855,-0.45974162220954895,-2.412015438079834,-1.013189673423767,-2.0905895233154297,-1.3788155317306519,-2.6269326210021973,-0.5101420879364014,-0.16873526573181152
0.05818037499999998,0.0034223749999999996,17.0,2.1774634459124864,1.2330176400010675,0.21808781549012013,0.006398453199657584,-0.0002692142674479225,0.0019917593835630906,0.06854612150206436,-0.1701180338859558,-0.10937103629112244,0.34656158089637756,2.1145262718200684,-0.4329988956451416,-2.476317882537842,-1.0197463035583496,-2.105700731277466,-1.3947352170944214,-2.592513084411621,-0.5695745944976807,-0.17432713508605957
0.05818037499999998,0.0034223749999999996,17.0,2.1826989055044517,1.238384088623782,0.21827855847361777,0.007788815868730387,-0.00033272200049982905,0.002436929293870081,0.06854498167177453,-0.17244461178779602,-0.1090615913271904,0.3505953848361969,2.131370782852173,-0.41140201687812805,-2.5453343391418457,-1.0266749858856201,-2.1207475662231445,-1.3915965557098389,-2.553758144378662,-0.6152751445770264,-0.17997634410858154
0.05818037499999998,0.0034223749999999996,17.0,2.187263466458651,1.2428471078899617,0.2186448484508106,0.014426714957093726,-0.0006307767300098602,0.0045639119648995755,0.0685495322089186,-0.1718437671661377,-0.11041610687971115,0.3589097559452057,2.1262047290802,-0.3445725440979004,-2.6215600967407227,-1.0636036396026611,-2.1841228008270264,-1.3359885215759277,-2.5104801654815674,-0.6385031342506409,-0.11696410179138184
0.05818037499999998,0.0034223749999999996,17.0,2.163454424292717,-1.2421679030443176,0.18453558240168774,-0.013712715935872106,-0.00037856320767517995,-0.00638902697115117,0.06856390121552536,0.03773459792137146,0.009038623422384262,-0.14041417837142944,0.26898249983787537,0.35556045174598694,-1.0758647918701172,0.41893163323402405,-0.6726887822151184,-0.5800195336341858,0.4300954341888428,-1.0554769039154053,-0.010489284992218018
0.05818037499999998,0.0034223749999999996,17.0,2.1588344049827755,-1.2375200486381719,0.1847835160703011,-0.007390773617902812,-0.00019245533181296985,-0.0034568310125736904,0.06856457127518317,0.034450337290763855,0.012401115149259567,-0.13423776626586914,0.26329612731933594,0.3761371672153473,-1.102217674255371,0.3662891089916229,-0.681269109249115,-0.564842700958252,0.4661703109741211,-1.090344786643982,-0.0017014145851135254
0.05818037499999998,0.0034223749999999996,17.0,2.153458524512789,-1.2321279748437015,0.18485423778335983,-0.006065730786303745,-0.00015479169630393274,-0.002841101344021628,0.06856680397161326,0.03300312161445618,0.013375355862081051,-0.1316279172897339,0.2606486678123474,0.38133469223976135,-1.1211662292480469,0.3442766070365906,-0.6791337132453918,-0.5598651170730591,0.4812295436859131,-1.104190468788147,-0.0028078556060791016
0.05818037499999998,0.0034223749999999996,17.0,2.14726956379211,-1.225933104453147,0.18490564077791433,-0.005484606843266099,-0.00013877939267857058,-0.002573136908953036,0.06856886004521326,0.032605573534965515,0.01352898869663477,-0.12979084253311157,0.2514021694660187,0.36869773268699646,-1.1248664855957031,0.33255013823509216,-0.6680818200111389,-0.5584080219268799,0.49904823303222656,-1.0980216264724731,-0.005597293376922607
0.05818037499999998,0.0034223749999999996,17.0,2.14022552052682,-1.2189036110578217,0.18498153719324845,-0.005130645070378005,-0.00012802623755912168,-0.002411137101060545,0.06857101949437243,0.03183360397815704,0.013723469339311123,-0.12756848335266113,0.24540695548057556,0.361097127199173,-1.1372911930084229,0.31826555728912354,-0.659702479839325,-0.5545111894607544,0.5143897533416748,-1.099001407623291,-0.008930206298828125
0.05818037499999998,0.0034223749999999996,17.0,2.13237424727516,-1.2110460907895375,0.18504462113346387,-0.004898488477108776,-0.00012089009621963879,-0.0023049080239282683,0.06857346746822876,0.03099934756755829,0.013988909311592579,-0.12541520595550537,0.23987476527690887,0.3551790714263916,-1.149933099746704,0.30196139216423035,-0.651336133480072,-0.5520315170288086,0.5289218425750732,-1.1010171175003052,-0.012557387351989746
0.05818037499999998,0.0034223749999999996,17.0,2.1236068078591823,-1.2013152680575367,0.18294397800279644,-0.004734494962842317,-0.00015129056869949675,-0.002179983645330499,0.0686119555823267,0.03050440549850464,0.013575549237430096,-0.12289348244667053,0.23018690943717957,0.34434863924980164,-1.153679370880127,0.2855501174926758,-0.6436123251914978,-0.5564246773719788,0.5469973087310791,-1.0939480066299438,-0.012043297290802002
0.05818037499999998,0.0034223749999999996,17.0,2.114083396975866,-1.1917971038337727,0.18301407030641892,-0.004575188443193695,-0.00014507811336030154,-0.0021085907496350316,0.06861424223449797,0.029507234692573547,0.013866188935935497,-0.12061887979507446,0.2260604053735733,0.34181252121925354,-1.167999029159546,0.27035456895828247,-0.6385074257850647,-0.5544583201408386,0.557887077331543,-1.0970795154571533,-0.01407688856124878
0.05818037499999998,0.0034223749999999996,17.0,2.103738222980084,-1.1814545449683487,0.18310095328733925,-0.004434479045943865,-0.00013974307823419251,-0.0020460530738128932,0.06861672186573076,0.028687909245491028,0.013953977264463902,-0.11792287230491638,0.21910996735095978,0.33257564902305603,-1.1789085865020752,0.25579431653022766,-0.630397617816925,-0.5517480969429016,0.571016788482666,-1.0949898958206177,-0.016388297080993652
0.05818037499999998,0.0034223749999999996,17.0,2.0925405922938363,-1.1702704626778315,0.18318799201420177,-0.004305278094088673,-0.00013385524132895682,-0.0019892730052532017,0.06861940319667557,0.02788737416267395,0.014130082912743092,-0.11492457985877991,0.2102806568145752,0.32024335861206055,-1.1876802444458008,0.23852814733982086,-0.6194872260093689,-0.5493379831314087,0.5858669281005859,-1.0916773080825806,-0.01957303285598755
0.05818037499999998,0.0034223749999999996,17.0,2.0804791876336455,-1.1582961194032697,0.18350494224809336,-0.004178243158862928,-0.00012867052872859563,-0.0019352997009863167,0.06861748710865834,0.027060121297836304,0.014039912261068821,-0.11223027110099792,0.20542696118354797,0.31452473998069763,-1.198338270187378,0.22832438349723816,-0.6160205006599426,-0.5465061664581299,0.5934350490570068,-1.089529037475586,-0.019447803497314453
0.05818037499999998,0.0034223749999999996,17.0,2.0676977999871746,-1.1454268971985782,0.18329072660700457,-0.004058562931560098,-0.0001260626629574533,-0.0018765478113972386,0.06862380929437455,0.026465073227882385,0.014240116812288761,-0.11100807785987854,0.2028294950723648,0.31450772285461426,-1.2070164680480957,0.22630201280117035,-0.618237316608429,-0.5452216863632202,0.5940523147583008,-1.0863351821899414,-0.016402065753936768
0.05818037499999998,0.0034223749999999996,17.0,2.0540594812947286,-1.1317562529918437,0.1832965206212387,-0.003957696746034935,-0.00012436007162259447,-0.0018292325835723804,0.06862629904275885,0.026035279035568237,0.014626202173531055,-0.11055627465248108,0.2018682062625885,0.31693506240844727,-1.2156944274902344,0.22610308229923248,-0.6219530701637268,-0.5428664684295654,0.5902814865112305,-1.0825483798980713,-0.013406097888946533
0.05818037499999998,0.0034223749999999996,17.0,2.039529369351978,-1.1172799145571912,0.1835135848729484,-0.0038183582727716195,-0.00012032804995995978,-0.0017676878283714042,0.06862554395170745,0.025878578424453735,0.014636321924626827,-0.1095985472202301,0.19733703136444092,0.3099166452884674,-1.2185249328613281,0.22829198837280273,-0.6225438714027405,-0.5394596457481384,0.5882635116577148,-1.0700273513793945,-0.01009279489517212
0.05818037499999998,0.0034223749999999996,17.0,2.0241762012586597,-1.1019398917413983,0.18356125037287033,-0.003657013539408811,-0.00011440802796869636,-0.001693567359241428,0.06862804048127286,0.025178685784339905,0.014748157002031803,-0.10770225524902344,0.19361300766468048,0.3068664073944092,-1.2268264293670654,0.22053499519824982,-0.622511088848114,-0.5378458499908447,0.5904438495635986,-1.0646239519119263,-0.008021950721740723
0.05818037499999998,0.0034223749999999996,17.0,2.007982212797845,-1.0857499238440393,0.18353351627375417,-0.0034927522198555387,-0.00010856755211574554,-0.001617473443043466,0.06863108322703466,0.02455928921699524,0.015259395353496075,-0.10725796222686768,0.19338153302669525,0.3118388056755066,-1.2364449501037598,0.21703490614891052,-0.6274620890617371,-0.5369909405708313,0.5863039493560791,-1.061567783355713,-0.004614293575286865
0.05818037499999998,0.0034223749999999996,17.0,1.9909502684403335,-1.0687534951567048,0.18358155374843105,-0.0033133604628977644,-0.00010194821814184097,-0.0015354654384476406,0.0686334628514256,0.023963645100593567,0.015187605284154415,-0.10535141825675964,0.18907350301742554,0.3068033456802368,-1.241412878036499,0.2095451056957245,-0.626923143863678,-0.536565363407135,0.5880482196807861,-1.0533136129379272,-0.0021727681159973145
0.05818037499999998,0.0034223749999999996,17.0,1.9730964954897448,-1.0509250393386695,0.18361839342645045,-0.0031152241854692257,-9.560477054374422e-5,-0.0014443701769465576,0.06863674693232484,0.0237615704536438,0.015024141408503056,-0.10389450192451477,0.18274956941604614,0.2966625690460205,-1.2411413192749023,0.21016065776348114,-0.6275538802146912,-0.5343590974807739,0.5852363109588623,-1.0353792905807495,0.0025435686111450195
0.05818037499999998,0.0034223749999999996,17.0,1.9545484209061943,-1.0332813040004698,0.1858132492868179,-0.0029414842643517027,-6.783682983082158e-5,-0.001396102799214747,0.06860808306123606,0.023171231150627136,0.015957068651914597,-0.10244128108024597,0.17830580472946167,0.2900508642196655,-1.2498152256011963,0.20098410546779633,-0.6209620833396912,-0.525082528591156,0.5842807292938232,-1.0306801795959473,-0.0006439685821533203
0.05818037499999998,0.0034223749999999996,17.0,1.9350316254393571,-1.0137939596441896,0.18589809879894417,-0.0027728653243631017,-6.331683283488104e-5,-0.0013167953693735805,0.06861167252783669,0.022601842880249023,0.015863735228776932,-0.10001185536384583,0.1724318265914917,0.2817900478839874,-1.2544386386871338,0.19443529844284058,-0.6206400990486145,-0.5220158100128174,0.5834329128265381,-1.0181602239608765,0.002783536911010742
0.05818037499999998,0.0034223749999999996,17.0,1.9145574291775667,-0.9924276701139519,0.18372619940087428,-0.0025772899904780047,-7.756177020784908e-5,-0.0011961193008285516,0.06864800093506948,0.022182881832122803,0.015557666309177876,-0.09853306412696838,0.1673654317855835,0.27905112504959106,-1.255281925201416,0.1917143166065216,-0.6279301047325134,-0.5263963341712952,0.5787243843078613,-1.001572608947754,0.011907994747161865
0.05818037499999998,0.0034223749999999996,17.0,1.8933997053933909,-0.971269839664811,0.18380257916920112,-0.0023668823803283468,-7.066233680118684e-5,-0.0010989755618108974,0.06865163233116744,0.021847516298294067,0.01576148346066475,-0.09546059370040894,0.15513098239898682,0.2586440145969391,-1.2487990856170654,0.17831137776374817,-0.6186746954917908,-0.5233811736106873,0.5810325145721436,-0.9830189943313599,0.012877285480499268
0.05818037499999998,0.0034223749999999996,17.0,1.871391579296461,-0.9492888834568916,0.183856075197468,-0.00216989931464509,-6.476945179673861e-5,-0.0010078021010793917,0.06865599437585503,0.02151504158973694,0.015688497573137283,-0.09395745396614075,0.15109777450561523,0.25338995456695557,-1.2535748481750488,0.17927584052085876,-0.623015820980072,-0.5177088975906372,0.5719215869903564,-0.9661498665809631,0.018351078033447266
0.05818037499999998,0.0034223749999999996,17.0,1.848577934531625,-0.9264787993836165,0.18392684046227342,-0.001976608327904976,-5.907952473905813e-5,-0.0009180229390692605,0.06865950666120905,0.020959213376045227,0.015727322548627853,-0.09180629253387451,0.14667381346225739,0.24797272682189941,-1.2593140602111816,0.17383182048797607,-0.6248576045036316,-0.5131832957267761,0.5665478706359863,-0.9539932608604431,0.022176027297973633
0.05818037499999998,0.0034223749999999996,17.0,1.8249560463608527,-0.9028271752202691,0.18395982147592907,-0.0018375609340971555,-5.5156981127814184e-5,-0.0008529819244582924,0.06866311552084725,0.02023310959339142,0.016320805996656418,-0.09110072255134583,0.14658606052398682,0.25538355112075806,-1.271346092224121,0.16693197190761566,-0.630571186542511,-0.5129669904708862,0.559293270111084,-0.9512103796005249,0.025706171989440918
0.05818037499999998,0.0034223749999999996,17.0,1.8004407066585706,-0.87833715135967,0.18402074741179356,-0.001620950970843512,-4.8040642439985786e-5,-0.0007526463385399196,0.06866735733358577,0.01990339159965515,0.016384415328502655,-0.08946028351783752,0.14174354076385498,0.24896901845932007,-1.2730917930603027,0.16292279958724976,-0.6317119002342224,-0.5100182890892029,0.5530633926391602,-0.9368919730186462,0.029304087162017822
0.05818037499999998,0.0034223749999999996,17.0,1.7751326803974847,-0.8530116851738765,0.1841283782612779,-0.0014322080243343242,-4.220526160738319e-5,-0.0006648518462569719,0.06867430502913656,0.018641844391822815,0.016968082636594772,-0.08756682276725769,0.14091438055038452,0.25619935989379883,-1.2853851318359375,0.1483493149280548,-0.635904848575592,-0.5158339738845825,0.5520827770233154,-0.9399463534355164,0.03296273946762085
0.05818037499999998,0.0034223749999999996,17.0,1.7490328226503573,-0.8268539689359643,0.18425437224070587,-0.00124629113198459,-3.6763777155112494e-5,-0.0005780481460004885,0.06868444072816297,0.018206611275672913,0.017234724014997482,-0.0856645405292511,0.13431207835674286,0.2509336471557617,-1.2859642505645752,0.142867773771286,-0.6367109417915344,-0.5139127373695374,0.5421409606933594,-0.9251509308815002,0.037427663803100586
0.05818037499999998,0.0034223749999999996,17.0,1.7221181233056633,-0.7998574048798125,0.184437030408489,-0.0010866359953420272,-3.197305520158814e-5,-0.0005033460323025141,0.06869819624515897,0.01726815104484558,0.017311803996562958,-0.08220678567886353,0.128245010972023,0.2492327243089676,-1.2915501594543457,0.13392013311386108,-0.6394923329353333,-0.5119717121124268,0.5329606533050537,-0.9162735342979431,0.04319649934768677
0.05818037499999998,0.0034223749999999996,17.0,1.694334960575645,-0.7720519800189639,0.184655404680422,-0.0009667324153484032,-2.6819787308753397e-5,-0.00044567955571058783,0.06872207455331907,0.016310185194015503,0.017154943197965622,-0.07793954014778137,0.12035970389842987,0.2465467005968094,-1.2952158451080322,0.12737660109996796,-0.6435962319374084,-0.5080687403678894,0.5185341835021973,-0.9033955335617065,0.05113428831100464
0.05818037499999998,0.0034223749999999996,17.0,1.6656702005998085,-0.7434210533191128,0.18490321320151026,-0.0008285175852408504,-2.046202150004467e-5,-0.00037981446629900637,0.06874937709947448,0.017747074365615845,0.018149100244045258,-0.07297644019126892,0.09747675061225891,0.2368447184562683,-1.2822015285491943,0.10926885902881622,-0.621281087398529,-0.49752625823020935,0.49257802963256836,-0.8892466425895691,0.04542672634124756
0.05818037499999998,0.0034223749999999996,17.0,1.6361089361354149,-0.7139319717409933,0.1852419104442731,-0.0006752591093381741,-1.4883458420897855e-5,-0.00030847842932445473,0.0687660820754229,0.021269574761390686,0.019448380917310715,-0.06762897968292236,0.06228284537792206,0.21403922140598297,-1.2455992698669434,0.090755894780159,-0.57741779088974,-0.47674664855003357,0.4570777416229248,-0.8589263558387756,0.029934346675872803
0.05818037499999998,0.0034223749999999996,17.0,1.6056093417983919,-0.6845123744168544,0.18820610393328827,-0.000512948932569332,-5.646617796255042e-6,-0.00023781768287908225,0.06875459548585124,0.025538772344589233,0.02233041077852249,-0.06235745549201965,0.02189958095550537,0.19094769656658173,-1.196458101272583,0.06704677641391754,-0.5082076191902161,-0.4336005747318268,0.4165925979614258,-0.8296647071838379,-0.002445697784423828
0.05818037499999998,0.0034223749999999996,17.0,1.5741917732875907,-0.6532272580638537,0.1885585730135352,-0.00031745300104603477,-2.8366567890837793e-6,-0.00014651534495317058,0.06874925711215991,0.03214217722415924,0.026197809725999832,-0.05855447053909302,-0.030207663774490356,0.1663588434457779,-1.1051025390625,0.043378714472055435,-0.4063788056373596,-0.380429208278656,0.36661839485168457,-0.7687389850616455,-0.05394637584686279
0.05818037499999998,0.0034223749999999996,17.0,1.5419588437200997,-0.6210724039683964,0.18879518628783382,-0.00014343075907557892,-1.0707954245789147e-6,-6.60910473933144e-5,0.0687320979321465,0.014783382415771484,0.015067226253449917,-0.033875882625579834,-0.2636157274246216,-0.11597615480422974,-0.7008907794952393,-0.34590256214141846,-0.09544175863265991,-0.4617435336112976,0.32117342948913574,-0.5238319635391235,-0.11542403697967529
0.05818037499999998,0.0034223749999999996,17.0,1.5090492464893155,-0.5880629146739952,0.18894097366920715,3.677852210493159e-5,2.749588461670845e-7,1.6920872241001113e-5,0.06871288850483293,0.00863945484161377,0.02371150255203247,-0.022958189249038696,-0.3001789450645447,-0.11943340301513672,-0.49529194831848145,-0.377957820892334,0.037900060415267944,-0.3934279978275299,0.34371376037597656,-0.46233752369880676,-0.20275932550430298
0.05818037499999998,0.0034223749999999996,17.0,1.475331665021187,-0.554284472202392,0.18902468838804445,0.00017642281297197538,1.3171006523189063e-6,8.11373697827133e-5,0.06869880436508888,0.0035807788372039795,0.033058490604162216,-0.016088753938674927,-0.32105034589767456,-0.11882562190294266,-0.3039066791534424,-0.38598206639289856,0.17625099420547485,-0.3476938009262085,0.38339924812316895,-0.3857593238353729,-0.30938521027565
0.05818037499999998,0.0034223749999999996,17.0,1.4408382184739579,-0.5197211125817681,0.18907431218664952,0.00032822402580894803,2.437175544103571e-6,0.00015087206750796886,0.06869157582164392,-0.0002790987491607666,0.04318474978208542,-0.011318445205688477,-0.3344234228134155,-0.1161971464753151,-0.11555027961730957,-0.38448092341423035,0.3225622773170471,-0.3180083632469177,0.4293851852416992,-0.3128964304924011,-0.43142902851104736
0.05818037499999998,0.0034223749999999996,17.0,1.4055315657125536,-0.4843837254062256,0.18918133535157372,0.0004863671773429581,3.436251445094035e-6,0.00022366367317945066,0.06868520324988799,-0.0028050243854522705,0.04965810850262642,-0.009410083293914795,-0.33185577392578125,-0.14306190609931946,-0.02857184410095215,-0.40248456597328186,0.374618798494339,-0.3285170793533325,0.4821929931640625,-0.2875668704509735,-0.48059332370758057
0.05818037499999998,0.0034223749999999996,17.0,1.3693930190088253,-0.4482429195193809,0.18927459861239648,0.0006394150469425944,4.740295158342241e-6,0.0002939223229343069,0.06868514892182494,-0.005286186933517456,0.05343849956989288,-0.008965253829956055,-0.33282309770584106,-0.15129847824573517,0.0006079673767089844,-0.4042362868785858,0.4031306505203247,-0.3215659260749817,0.5100078582763672,-0.27600595355033875,-0.5062305331230164
0.05818037499999998,0.0034223749999999996,17.0,1.3324319453031537,-0.41128239103925024,0.18933620811689503,0.0008012399183744039,7.265946647612428e-6,0.00036753019842475506,0.06869253044889112,-0.006906300783157349,0.05539118871092796,-0.007203489542007446,-0.3349647521972656,-0.1503322273492813,0.011424541473388672,-0.394289493560791,0.41978323459625244,-0.30682578682899475,0.5181136131286621,-0.26871052384376526,-0.5212041139602661
0.05818037499999998,0.0034223749999999996,17.0,1.294656159176233,-0.3735043445945224,0.18944422868821634,0.0009832943220737058,9.547649832302789e-6,0.0004507171457935268,0.06869638293198174,-0.0064963698387146,0.05604971945285797,-0.0036469697952270508,-0.33540087938308716,-0.1480201929807663,0.012068510055541992,-0.40265926718711853,0.4228242039680481,-0.29462170600891113,0.5155305862426758,-0.298494428396225,-0.5241559147834778
0.05818037499999998,0.0034223749999999996,17.0,1.2560821154877364,-0.3348898223622711,0.18955630314180116,0.0011163620475577655,1.1352111790685552e-5,0.0005111857132198491,0.06869830599860327,-0.006512761116027832,0.05666529759764671,-0.0008729696273803711,-0.33411461114883423,-0.14371854066848755,0.01007390022277832,-0.3971811532974243,0.42417460680007935,-0.27681779861450195,0.5104541778564453,-0.3095935583114624,-0.5275207757949829
0.05818037499999998,0.0034223749999999996,17.0,1.216658950693199,-0.295439203762867,0.189659034062794,0.0012363008794236462,1.2638174510797995e-5,0.0005659105758769629,0.06869615688059706,-0.0059049129486083984,0.05728863179683685,0.0021029412746429443,-0.32877933979034424,-0.14643320441246033,0.010743379592895508,-0.40287619829177856,0.4148532748222351,-0.26369959115982056,0.5103657245635986,-0.3306386172771454,-0.524113118648529
0.05818037499999998,0.0034223749999999996,17.0,1.1763753682140763,-0.2551694984052805,0.18972941327757245,0.0014855872173844878,1.655082288608113e-5,0.0006795667378246237,0.0686980965928714,-0.0059021711349487305,0.05746598169207573,0.003771960735321045,-0.3250587582588196,-0.1359504908323288,-0.0015056133270263672,-0.3793048858642578,0.4141599237918854,-0.23727567493915558,0.4959065914154053,-0.3270917534828186,-0.528191089630127
0.05818037499999998,0.0034223749999999996,17.0,1.1352864643248406,-0.21407415790955628,0.18979417635691398,0.0017198027555013445,2.168025599864844e-5,0.0007846755209648903,0.06870631668567986,-0.0050678551197052,0.05724794417619705,0.0048757195472717285,-0.3238784074783325,-0.12021075934171677,-0.022390365600585938,-0.3463061451911926,0.4164225161075592,-0.21495886147022247,0.46984338760375977,-0.3217269480228424,-0.5332674384117126
0.05818037499999998,0.0034223749999999996,17.0,1.0933208359876831,-0.17213769182712688,0.1899685339901433,0.0019077832045520046,2.4028462444287963e-5,0.0008706461480239554,0.0687080473195091,-0.004790544509887695,0.05734577029943466,0.007627576589584351,-0.32137322425842285,-0.10964298993349075,-0.03141951560974121,-0.3334297239780426,0.4160495102405548,-0.20650069415569305,0.4585533142089844,-0.31845200061798096,-0.5358856916427612
0.05818037499999998,0.0034223749999999996,17.0,1.050503015891353,-0.12939947426463666,0.19019473421518363,0.00196400920522642,2.3479731706492668e-5,0.000894799727667303,0.06870991249083794,-0.0046100616455078125,0.057159338146448135,0.01329272985458374,-0.3275390863418579,-0.0871264860033989,-0.03966045379638672,-0.3274763524532318,0.43820950388908386,-0.22446943819522858,0.44416069984436035,-0.3058885633945465,-0.5507961511611938
0.05818037499999998,0.0034223749999999996,17.0,1.0065644457082983,-0.08596325313246267,0.19043339748142146,0.0019701596223518124,2.1081169572843384e-5,0.000889379374296106,0.06870143185433801,-0.013119608163833618,0.05210093408823013,0.018887877464294434,-0.26179397106170654,-0.25147512555122375,-0.06928133964538574,-0.2960096597671509,0.4466865062713623,-0.40747350454330444,0.443234920501709,0.16013598442077637,-0.5991858839988708
0.05818037499999998,0.0034223749999999996,17.0,0.9615001315218887,-0.041878377289684535,0.19091098195855172,0.0018281646025236683,1.3419137863237622e-5,0.0008182807847552513,0.06867409408488714,-0.03457805514335632,0.04410373792052269,0.030001968145370483,-0.1953679621219635,-0.4872126281261444,-0.0528864860534668,-0.2868749797344208,0.47037386894226074,-0.6518232822418213,0.42107176780700684,0.7422935962677002,-0.6479544639587402
0.05818037499999998,0.0034223749999999996,17.0,0.9158005749819579,0.0031400226248161924,0.19179666353989244,-3.4393527014736353e-6,-9.806443494178466e-11,-1.5769041397906972e-6,0.06856736494578244,-0.05315101146697998,0.03857037052512169,0.06942883133888245,0.26071664690971375,-0.40021058917045593,-0.9876186847686768,-0.6401513814926147,-0.895548403263092,-0.5531511902809143,0.22045183181762695,0.5686106085777283,0.20139199495315552
0.05818037499999998,0.0034223749999999996,17.0,0.9597448342110058,0.04804177742409578,0.19239709443929648,-0.0018379042579771796,1.8423691577949445e-5,-0.0008352760569193257,0.06854209465712298,-0.09714823961257935,0.02729145437479019,0.08681568503379822,0.38383492827415466,-0.3105148673057556,-1.1115906238555908,-0.8210277557373047,-1.0345776081085205,-0.766105055809021,0.17197036743164062,0.649736762046814,0.21079915761947632
0.05818037499999998,0.0034223749999999996,17.0,1.0034262015901698,0.09204892431872488,0.1926700335421995,-0.001987385742037941,3.1160268221330854e-5,-0.0008988538245210145,0.06852567641142578,-0.12405791878700256,0.013669547624886036,0.09508940577507019,0.4406311810016632,-0.26103338599205017,-1.0984811782836914,-0.9664342999458313,-1.087787389755249,-0.8705419898033142,0.1304776668548584,0.6957630515098572,0.21832990646362305
0.05818037499999998,0.0034223749999999996,17.0,1.0469041207660053,0.1354949136249743,0.19276632635228194,-0.0019819383664059407,3.325307359004564e-5,-0.0008958385593340184,0.06852360639499727,-0.1294221580028534,0.008140808902680874,0.0972420871257782,0.44007712602615356,-0.24767065048217773,-1.0671658515930176,-0.993502140045166,-1.0724835395812988,-0.9103400111198425,0.12606334686279297,0.7397633194923401,0.21103668212890625
0.05818037499999998,0.0034223749999999996,17.0,1.0896097857309244,0.17809527707916162,0.1928992146650165,-0.0018950584408914052,3.094853825471725e-5,-0.0008554968537475246,0.06852405502096771,-0.13271421194076538,0.004105122294276953,0.1019451916217804,0.44710773229599,-0.21229667961597443,-1.089900016784668,-0.9963676929473877,-1.071176290512085,-0.9364153146743774,0.12947964668273926,0.7328107357025146,0.20485663414001465
0.05818037499999998,0.0034223749999999996,17.0,1.1315499408859924,0.21987650037933545,0.192991291319231,-0.0018168145537525208,2.768174273017506e-5,-0.0008185199304274761,0.06852176089979455,-0.13346120715141296,0.000942133367061615,0.10612425208091736,0.4534538984298706,-0.18795707821846008,-1.111255168914795,-0.9856982231140137,-1.0712809562683105,-0.9454847574234009,0.1277921199798584,0.7353308796882629,0.19990479946136475
0.05818037499999998,0.0034223749999999996,17.0,1.1727831175349634,0.26089257857808523,0.1930448021367327,-0.0016042225983630863,2.1441903578804e-5,-0.0007212012226646936,0.06852217836412976,-0.12381264567375183,0.0022426792420446873,0.1068560779094696,0.44938838481903076,-0.19516262412071228,-1.0830895900726318,-0.9425387978553772,-1.0751862525939941,-0.9281294345855713,0.0792989730834961,0.7894380688667297,0.20159584283828735
0.05818037499999998,0.0034223749999999996,17.0,1.2134976749426634,0.3022181754097248,0.19018386535150786,-0.0013156618988396421,3.0668051082877162e-6,-0.0005802716474477807,0.06857304735564826,-0.13421019911766052,-0.004918597638607025,0.11265501379966736,0.4628806710243225,-0.1787773221731186,-1.1183273792266846,-0.9407512545585632,-1.0598928928375244,-0.946522057056427,0.12183046340942383,0.7813704609870911,0.18611139059066772
0.05818037499999998,0.0034223749999999996,17.0,1.2530003330474413,0.3415960151079253,0.1902542310009882,-0.0011931387082489903,1.7852433646034854e-6,-0.0005255660902973288,0.06857374674665849,-0.13203030824661255,-0.00682408269494772,0.115252286195755,0.46912580728530884,-0.15838900208473206,-1.1295382976531982,-0.91670823097229,-1.0643198490142822,-0.9460300803184509,0.10960674285888672,0.7900533080101013,0.18433594703674316
0.05818037499999998,0.0034223749999999996,17.0,1.2916561207127355,0.38013010184411883,0.19032862941982448,-0.0009992872993075735,7.294103912516857e-7,-0.00043951359697018703,0.06857399090425831,-0.13020944595336914,-0.009423342533409595,0.11800524592399597,0.47852933406829834,-0.13327674567699432,-1.143369436264038,-0.8903833031654358,-1.0729560852050781,-0.9447291493415833,0.09390544891357422,0.7954988479614258,0.1839003562927246
0.05818037499999998,0.0034223749999999996,17.0,1.3294702158026586,0.41786368703363075,0.19041467420811065,-0.0008252936327970604,1.8334238349840648e-7,-0.00036274731290129663,0.06857508343972119,-0.12770861387252808,-0.01146670337766409,0.12034282088279724,0.4860745668411255,-0.12049596011638641,-1.1448438167572021,-0.8594645857810974,-1.0791842937469482,-0.9388976097106934,0.07710766792297363,0.813280463218689,0.18291443586349487
0.05818037499999998,0.0034223749999999996,17.0,1.3664548341741958,0.454739905415868,0.19049498444508617,-0.0006590609927354949,-2.6741985678881786e-7,-0.00028934066281626245,0.06857545088682207,-0.12507376074790955,-0.014639393426477909,0.12282958626747131,0.49657487869262695,-0.0952044203877449,-1.1588103771209717,-0.8248102068901062,-1.090773582458496,-0.9331404566764832,0.05725979804992676,0.8202990293502808,0.1846710443496704
0.05818037499999998,0.0034223749999999996,17.0,1.4026181616688367,0.4907681009066998,0.19055022009534991,-0.0005013614083936791,-6.258829496821499e-7,-0.00021973045822940184,0.06857573256445722,-0.12213048338890076,-0.01926397532224655,0.12560155987739563,0.5073051452636719,-0.06977404654026031,-1.1767172813415527,-0.7816987037658691,-1.1025805473327637,-0.9241903424263,0.034079551696777344,0.8324260115623474,0.18799996376037598
0.05818037499999998,0.0034223749999999996,17.0,1.437947189828601,0.5259594348229372,0.1906210452310578,-0.00033971589195170025,-6.935858014949608e-7,-0.00014867477638684124,0.0685762916392684,-0.12000393867492676,-0.027365822345018387,0.1276121437549591,0.5156822204589844,-0.040446676313877106,-1.1992290019989014,-0.7265540361404419,-1.1172130107879639,-0.9137850999832153,0.0003516674041748047,0.8534594774246216,0.20226597785949707
0.05818037499999998,0.0034223749999999996,17.0,1.472439772072546,0.5602513061104121,0.19069305840130008,-0.0001935561070527777,-6.405351385892685e-7,-8.45976125907541e-5,0.06857831851627576,-0.11895433068275452,-0.04681447520852089,0.1241045892238617,0.5154576301574707,-0.007848208770155907,-1.2056026458740234,-0.6202477216720581,-1.1596195697784424,-0.8869994282722473,-0.10142159461975098,0.9240410327911377,0.2738763689994812
0.05818037499999998,0.0034223749999999996,17.0,1.5060523623656212,0.5936431606158578,0.19073374164846396,-1.1474847623669347e-5,-5.137049033991264e-8,-5.001919226502032e-6,0.06858212288252291,-0.12175124883651733,-0.0614144466817379,0.12003251910209656,0.5558366775512695,0.061581339687108994,-1.1576817035675049,-0.5423204898834229,-1.1849970817565918,-0.923760712146759,-0.25869226455688477,0.912165105342865,0.29074448347091675
0.05818037499999998,0.0034223749999999996,17.0,1.5388765050515811,0.626079181698382,0.19069494387575098,0.00016219129580819468,1.0628061401206252e-6,7.00950641983387e-5,0.06858342872264535,-0.11999514698982239,-0.07354485988616943,0.1153932511806488,0.6333786249160767,0.11453835666179657,-0.9892909526824951,-0.4698772132396698,-1.230452299118042,-1.0010781288146973,-0.5731391906738281,0.908470094203949,0.29293376207351685
0.05818037499999998,0.0034223749999999996,17.0,1.5707657183179817,0.6576573529154671,0.19064312912849943,0.000341921849581585,2.78960758399521e-6,0.00014558017921027683,0.06858244044638735,-0.13950344920158386,-0.10802595317363739,0.17586103081703186,1.25735604763031,-0.1636548489332199,-1.4731886386871338,-0.5902212262153625,-1.8620405197143555,-1.0004225969314575,-1.6532639265060425,0.14419107139110565,0.4690600037574768
0.05818037499999998,0.0034223749999999996,17.0,1.6017382365264266,0.6881987232122851,0.19102486967432356,0.0005498488806201646,4.384603707735685e-6,0.00022488292349470427,0.06858085454394333,-0.14026033878326416,-0.10940325260162354,0.19393792748451233,1.3987892866134644,-0.2950994670391083,-1.449007272720337,-0.7063027024269104,-1.8717706203460693,-1.0612564086914062,-1.9785370826721191,0.1901153326034546,0.3520837426185608
0.05818037499999998,0.0034223749999999996,17.0,1.6319442375231394,0.7180939666739629,0.19154770910809046,0.0007371907957513618,3.7285547445219276e-6,0.00028694331636405676,0.06857420360955886,-0.1428109109401703,-0.10839811712503433,0.21249333024024963,1.505337119102478,-0.38187897205352783,-1.4787273406982422,-0.7963694334030151,-1.8828740119934082,-1.1521273851394653,-2.1956889629364014,0.20096813142299652,0.2608042359352112
0.05818037499999998,0.0034223749999999996,17.0,1.661149959245307,0.7471518261871046,0.19255583127470174,0.0008840931102583171,-1.022438713991129e-6,0.00032283375102871005,0.0685703046460166,-0.14222833514213562,-0.10779689997434616,0.2259206473827362,1.5710160732269287,-0.4642857313156128,-1.4536945819854736,-0.8755467534065247,-1.8826634883880615,-1.2377182245254517,-2.417527914047241,0.2590874135494232,0.19939041137695312
0.05818037499999998,0.0034223749999999996,17.0,1.6895219975277356,0.7757275809523178,0.19366876485066722,0.0010262192236447447,-8.972536143681654e-6,0.0003579942186088711,0.06857839277629697,-0.13925907015800476,-0.10523253679275513,0.23331013321876526,1.5932891368865967,-0.47919222712516785,-1.4086151123046875,-0.9228835105895996,-1.8917570114135742,-1.3386985063552856,-2.5551021099090576,0.2755725383758545,0.18470346927642822
0.05818037499999998,0.0034223749999999996,17.0,1.7173175501177387,0.8035196301510759,0.19440882326213876,0.0011506041820531368,-1.672687665101124e-5,0.0003869649703454359,0.06859468878928503,-0.13685956597328186,-0.10517463833093643,0.23500022292137146,1.6039977073669434,-0.5017167925834656,-1.341562271118164,-0.9440237283706665,-1.8882498741149902,-1.3496448993682861,-2.6534276008605957,0.30092787742614746,0.17414724826812744
0.05818037499999998,0.0034223749999999996,17.0,1.7443629448886202,0.8304904596652533,0.19481922799695886,0.001315935921318108,-2.246795802103335e-5,0.0004338459389694403,0.06859879830311551,-0.13652625679969788,-0.10516130924224854,0.24102190136909485,1.631760835647583,-0.5199181437492371,-1.348583698272705,-0.9597116708755493,-1.894221305847168,-1.3503921031951904,-2.708469867706299,0.2896216809749603,0.15233200788497925
0.05818037499999998,0.0034223749999999996,17.0,1.7706185193054094,0.8566151801560539,0.1950671388187543,0.0015086383583258797,-2.8167935937405302e-5,0.0004907546788013512,0.06860289813663487,-0.1342734694480896,-0.10515850782394409,0.24255993962287903,1.6341568231582642,-0.5184617638587952,-1.3047947883605957,-0.9724741578102112,-1.9031474590301514,-1.3561960458755493,-2.771517038345337,0.28046947717666626,0.16016685962677002
0.05818037499999998,0.0034223749999999996,17.0,1.7959287529872883,0.8819455279877847,0.19541605644274357,0.0017028783618633857,-3.332560165061207e-5,0.0005511714103216857,0.06860401375514119,-0.13611239194869995,-0.1045965626835823,0.24955227971076965,1.6648147106170654,-0.525784432888031,-1.359307050704956,-0.9826595783233643,-1.9188015460968018,-1.36430823802948,-2.7835171222686768,0.23377272486686707,0.14229494333267212
0.05818037499999998,0.0034223749999999996,17.0,1.8204676036971774,0.9064547709299955,0.19548831603223688,0.0019210725912125561,-3.784403003133973e-5,0.0006183193136396371,0.06860751453858965,-0.1362333595752716,-0.106254443526268,0.2551042139530182,1.6902676820755005,-0.5458165407180786,-1.3959577083587646,-0.9844794273376465,-1.9227497577667236,-1.3276920318603516,-2.8099279403686523,0.2243131697177887,0.120991051197052
0.05818037499999998,0.0034223749999999996,17.0,1.844039574528533,0.9301084606219475,0.19569626552551844,0.0020833547780329006,-4.222175673743573e-5,0.0006685141559555619,0.0686075953121187,-0.13835975527763367,-0.10524530708789825,0.2605678141117096,1.7139651775360107,-0.5488284230232239,-1.4410676956176758,-0.991841197013855,-1.9394330978393555,-1.3430511951446533,-2.820448875427246,0.16970865428447723,0.11123108863830566
0.05818037499999998,0.0034223749999999996,17.0,1.8668184987087142,0.952913456897232,0.19579735575939564,0.0022705642486465227,-4.627546667207582e-5,0.0007265696592930397,0.06860669047881303,-0.13505318760871887,-0.10370495170354843,0.25795504450798035,1.6946626901626587,-0.5316978693008423,-1.3458251953125,-1.0045416355133057,-1.9484660625457764,-1.3611218929290771,-2.894759178161621,0.14820058643817902,0.14122915267944336
0.05818037499999998,0.0034223749999999996,17.0,1.8888446952617277,0.9748767960658102,0.1958525440841079,0.002484667188323876,-5.129190143407403e-5,0.0007920619765306588,0.06860791539121294,-0.13552212715148926,-0.10511031746864319,0.26333317160606384,1.7146728038787842,-0.542877733707428,-1.3855600357055664,-1.0056354999542236,-1.9567680358886719,-1.3418488502502441,-2.91123628616333,0.1323637217283249,0.12890422344207764
0.05818037499999998,0.0034223749999999996,17.0,1.909908602259718,0.9960449921071806,0.1961297025047154,0.0027055426624323195,-5.622735003296054e-5,0.0008644427825509298,0.06860845994772283,-0.14000242948532104,-0.10516197234392166,0.2737410366535187,1.7600582838058472,-0.5510954856872559,-1.517082929611206,-1.0075352191925049,-1.976022481918335,-1.3499122858047485,-2.8759829998016357,0.06833825260400772,0.0969042181968689
0.05818037499999998,0.0034223749999999996,17.0,1.930172710249883,1.016324150770165,0.1963471982960985,0.0029157415411900645,-6.0773720399407624e-5,0.0009305046113874045,0.06861026216913879,-0.13983464241027832,-0.10645395517349243,0.27660682797431946,1.7691010236740112,-0.5601223707199097,-1.528885841369629,-1.0070909261703491,-1.9817776679992676,-1.3357293605804443,-2.8972318172454834,0.06642270088195801,0.0940980315208435
0.05818037499999998,0.0034223749999999996,17.0,1.9496817657961605,1.0357785472423489,0.1964582144524367,0.003096513162065476,-6.455961846807823e-5,0.0009860925955202649,0.06861186925097346,-0.13883483409881592,-0.10778019577264786,0.2792128622531891,1.7753288745880127,-0.5624832510948181,-1.531097412109375,-1.0066214799880981,-1.9862146377563477,-1.3197802305221558,-2.920551300048828,0.06313075870275497,0.0927964448928833
0.05818037499999998,0.0034223749999999996,17.0,1.9683366055489835,1.0544247793800052,0.1965403946606651,0.0032894198379735864,-6.853246722748679e-5,0.0010465396900184696,0.0686139315610862,-0.13906759023666382,-0.10906724631786346,0.2832596004009247,1.7884687185287476,-0.56697678565979,-1.563486099243164,-1.0051219463348389,-1.9931292533874512,-1.3089027404785156,-2.927419662475586,0.05130931735038757,0.08589863777160645
0.05818037499999998,0.0034223749999999996,17.0,1.9861728697284262,1.0722121497625745,0.1966353136018277,0.003500804278379522,-7.280416540405152e-5,0.0011124229676830885,0.06861536838639024,-0.13879987597465515,-0.11005830019712448,0.28596946597099304,1.794817566871643,-0.5693808794021606,-1.575747013092041,-1.0043374300003052,-1.9999520778656006,-1.3016232252120972,-2.941490650177002,0.04284261167049408,0.08632653951644897
0.05818037499999998,0.0034223749999999996,17.0,2.0031551026228684,1.0891559817202723,0.19677208770952234,0.003682761012901141,-7.565001377294625e-5,0.0011695864171191895,0.06861640226592292,-0.13845810294151306,-0.11233610659837723,0.2899886667728424,1.810404896736145,-0.5814964771270752,-1.6126880645751953,-0.9984081983566284,-1.997802972793579,-1.268760085105896,-2.9462618827819824,0.04816214740276337,0.06889069080352783
0.05818037499999998,0.0034223749999999996,17.0,2.0193007022371843,1.1053152767780268,0.19694127533223332,0.0038516252499343605,-7.992368640440738e-5,0.0012245703720251456,0.0686164727598233,-0.13924455642700195,-0.11167941242456436,0.2926541864871979,1.817396879196167,-0.5734454989433289,-1.6310758590698242,-1.0012259483337402,-2.0119283199310303,-1.2875463962554932,-2.9538180828094482,0.00981009192764759,0.07387751340866089
0.05818037499999998,0.0034223749999999996,17.0,2.0346582848151105,1.120641805175607,0.19694300087895847,0.00403358443380113,-8.232927331558459e-5,0.001280208278430502,0.06861847528332791,-0.14008572697639465,-0.11299572885036469,0.29542818665504456,1.8348963260650635,-0.5902729034423828,-1.6696476936340332,-0.9949042797088623,-2.0066592693328857,-1.2558565139770508,-2.955317497253418,0.005109632387757301,0.05156755447387695
0.05818037499999998,0.0034223749999999996,17.0,2.049172720168924,1.135097657361347,0.19696670424861323,0.004161200652070026,-8.399897542470472e-5,0.0013169477016456259,0.06861961899378767,-0.13887310028076172,-0.11393341422080994,0.29650822281837463,1.8367993831634521,-0.5933790802955627,-1.6662378311157227,-0.992979884147644,-2.004490613937378,-1.233306646347046,-2.9824953079223633,0.003054926171898842,0.04825526475906372
0.05818037499999998,0.0034223749999999996,17.0,2.0628611201063087,1.1487346203654338,0.1969915222166017,0.004277949997384794,-8.474941347376137e-5,0.0013496332253216572,0.0686215333440537,-0.13873881101608276,-0.1149245947599411,0.2985844910144806,1.8509554862976074,-0.6043317317962646,-1.6933631896972656,-0.9876535534858704,-1.9954097270965576,-1.1932607889175415,-2.9971683025360107,-0.008866949006915092,0.02530050277709961
0.05818037499999998,0.0034223749999999996,17.0,2.075638940640332,1.1616103589699542,0.197072960719204,0.0043998492787921464,-8.862142411417281e-5,0.0013883787675295508,0.06862195888633725,-0.13973259925842285,-0.11442578583955765,0.3020557463169098,1.8662612438201904,-0.594579815864563,-1.7389168739318848,-0.9882984757423401,-2.005112886428833,-1.2005877494812012,-2.99123215675354,-0.052457600831985474,0.01646655797958374
0.05818037499999998,0.0034223749999999996,17.0,2.087632543186412,1.1736694731856439,0.1970843094680519,0.004537410776588573,-9.425571601357915e-5,0.001430487515709913,0.06862066259354538,-0.13981279730796814,-0.11256677657365799,0.303529292345047,1.8672382831573486,-0.5656557679176331,-1.7383527755737305,-0.9968065023422241,-2.0236949920654297,-1.2362165451049805,-2.9994382858276367,-0.10959621518850327,0.030865252017974854
0.05818037499999998,0.0034223749999999996,17.0,2.0987281377907183,1.1848845391558405,0.1972346354106129,0.004666315701404166,-9.896403638516774e-5,0.0014739057316962047,0.06862057434118371,-0.14221203327178955,-0.11174345761537552,0.30872848629951477,1.890810251235962,-0.5498834848403931,-1.8154687881469727,-0.9982612133026123,-2.0378124713897705,-1.2591252326965332,-2.9706714153289795,-0.172552227973938,0.016484558582305908
0.05818037499999998,0.0034223749999999996,17.0,2.108961181694793,1.1952624739841697,0.1974381979068653,0.004813829892546403,-0.00010554600277889117,0.001524314958482715,0.0686179235975819,-0.14682859182357788,-0.11086529493331909,0.3160400688648224,1.9322905540466309,-0.5387399792671204,-1.946441650390625,-0.996427059173584,-2.048760414123535,-1.2792102098464966,-2.9090476036071777,-0.2529768943786621,-0.02063804864883423
0.05818037499999998,0.0034223749999999996,17.0,2.118383837651885,1.2048090012575088,0.1976064632932902,0.004978117521100542,-0.00011303189272105815,0.0015794331403058037,0.06861591099049194,-0.14844945073127747,-0.10931391268968582,0.31916168332099915,1.9431055784225464,-0.5115574598312378,-1.9860272407531738,-1.003711223602295,-2.0668256282806396,-1.3106893301010132,-2.8935394287109375,-0.31731969118118286,-0.017990052700042725
0.05818037499999998,0.0034223749999999996,17.0,2.1269789665707193,1.2134977691347288,0.197802828633903,0.005169296167038617,-0.00012135775128972947,0.0016435903681930792,0.06861418389333601,-0.15181967616081238,-0.10859526693820953,0.3247956335544586,1.9690303802490234,-0.49229997396469116,-2.0806102752685547,-1.0062227249145508,-2.08209490776062,-1.3346885442733765,-2.8494458198547363,-0.38402897119522095,-0.034400761127471924
0.05818037499999998,0.0034223749999999996,17.0,2.1343446579900087,1.22021121554483,0.2013105057986104,0.005417851768928705,-0.0002009910232614347,0.0017046571853565839,0.06856808234474518,-0.15000462532043457,-0.10403074324131012,0.31741562485694885,1.9325448274612427,-0.4478442668914795,-1.93963623046875,-1.030102252960205,-2.1007533073425293,-1.3833250999450684,-2.8976080417633057,-0.4227384924888611,0.020318031311035156
0.05818037499999998,0.0034223749999999996,17.0,2.1412805942434505,1.2272671454791386,0.2014450388782494,0.00578660127205787,-0.00021786207118228365,0.0018260640706108675,0.0685677053309208,-0.15257644653320312,-0.1031126007437706,0.32129862904548645,1.9519158601760864,-0.4285699129104614,-2.0077972412109375,-1.0340898036956787,-2.1118733882904053,-1.3947886228561401,-2.8637661933898926,-0.48267412185668945,0.007701754570007324
0.05818037499999998,0.0034223749999999996,17.0,2.1474064864251177,1.2334826654599664,0.20155090226117753,0.0063998740220013554,-0.00024517474050009583,0.002023338787956046,0.06856700756924246,-0.15357139706611633,-0.10209746658802032,0.323885053396225,1.9553982019424438,-0.3992829918861389,-2.0354466438293457,-1.043649435043335,-2.1303982734680176,-1.4110511541366577,-2.8502659797668457,-0.5342742204666138,0.019007980823516846
0.05818037499999998,0.0034223749999999996,17.0,2.1526524182742777,1.2388490037626394,0.20176614641705384,0.007791653980627052,-0.00030439159535030957,0.0024756706042111257,0.06856602751428172,-0.15615230798721313,-0.10163064301013947,0.32873645424842834,1.9724175930023193,-0.37585118412971497,-2.1143336296081543,-1.0519695281982422,-2.149801254272461,-1.4104689359664917,-2.80765700340271,-0.5873302221298218,0.016883790493011475
0.05818037499999998,0.0034223749999999996,17.0,2.1572297076089475,1.2433162823794506,0.2020709211328723,0.014432537338146473,-0.0005726540805492649,0.004634216939259259,0.06856866314665776,-0.15411922335624695,-0.1032741442322731,0.3358483612537384,1.9601190090179443,-0.30501458048820496,-2.164292812347412,-1.0904731750488281,-2.213573694229126,-1.3401093482971191,-2.7728374004364014,-0.5997709035873413,0.08931756019592285
0.05818037499999998,0.0034223749999999996,17.0,2.160651129577421,-1.2406775376342176,0.18787151208012406,-1.311196130496567e-5,1.2384346709947988e-5,-6.93087283983432e-7,0.0688708063767087,0.030473172664642334,0.017099536955356598,-0.12741371989250183,0.261275053024292,0.41267675161361694,-1.1331934928894043,0.32091838121414185,-0.6954390406608582,-0.5478464961051941,0.4842488765716553,-1.1365147829055786,0.007832705974578857
0.05818037499999998,0.0034223749999999996,17.0,2.155717494270502,-1.2357390946932747,0.18791247785267093,-4.3956778777312634e-5,4.152910074692726e-5,-2.32906616249431e-6,0.06886595944462728,0.030233681201934814,0.01712619513273239,-0.12638351321220398,0.25456908345222473,0.400930255651474,-1.1380951404571533,0.3121700584888458,-0.6847041249275208,-0.546075701713562,0.49805784225463867,-1.1309548616409302,0.0033968687057495117
0.05818037499999998,0.0034223749999999996,17.0,2.1499275756350955,-1.229961276236903,0.18793220138823097,-6.614077997289294e-5,6.250229729408095e-5,-3.5285771591222957e-6,0.0688633040245441,0.02955910563468933,0.017161238938570023,-0.12497076392173767,0.2523426115512848,0.39882200956344604,-1.1501786708831787,0.3029648959636688,-0.6808802485466003,-0.5435010194778442,0.5067050457000732,-1.1340988874435425,0.001191556453704834
0.05818037499999998,0.0034223749999999996,17.0,2.143342263143954,-1.2233628264094805,0.18797604596183673,-9.093681722854833e-5,8.594848415443037e-5,-4.856335912602576e-6,0.06885750030026447,0.029319778084754944,0.017088599503040314,-0.12343421578407288,0.24282628297805786,0.3819204866886139,-1.1534450054168701,0.29167109727859497,-0.6661843657493591,-0.5420539379119873,0.5247519016265869,-1.1259156465530396,-0.004353523254394531
0.05818037499999998,0.0034223749999999996,17.0,2.135895206832837,-1.2159309005143233,0.1880312335725859,-0.00011803581079098867,0.00011160041651617627,-6.343080854455405e-6,0.06885293855293707,0.028685912489891052,0.01696256920695305,-0.12147700786590576,0.23766133189201355,0.3739590048789978,-1.1635322570800781,0.2802397906780243,-0.6583631634712219,-0.5396064519882202,0.5375485420227051,-1.1251590251922607,-0.007589876651763916
0.05818037499999998,0.0034223749999999996,17.0,2.1276367126410536,-1.2076669492909042,0.1881057885533221,-0.0001489955433998881,0.00014091884710003806,-8.032840328825617e-6,0.06884737333246248,0.027935490012168884,0.01695534959435463,-0.11914053559303284,0.23147937655448914,0.3638232946395874,-1.1756596565246582,0.2659114897251129,-0.6485545039176941,-0.5357677936553955,0.5523931980133057,-1.1245214939117432,-0.011954545974731445
0.05818037499999998,0.0034223749999999996,17.0,2.1185325296696544,-1.1985779875904512,0.18819355491053913,-0.00018276731175231994,0.0001729343216939667,-9.90278135368138e-6,0.06884083309123253,0.027456417679786682,0.016772765666246414,-0.11670386791229248,0.22179913520812988,0.3477100133895874,-1.179762363433838,0.25161656737327576,-0.6350002884864807,-0.534661054611206,0.5694496631622314,-1.117476463317871,-0.01639556884765625
0.05818037499999998,0.0034223749999999996,17.0,2.1085986611966696,-1.1886461714138505,0.18826764183749117,-0.0002197989371054978,0.00020803965018389192,-1.1934859201825645e-5,0.0688366224950012,0.026899173855781555,0.016729529947042465,-0.11432570219039917,0.21311186254024506,0.3339262902736664,-1.1855792999267578,0.2401392161846161,-0.62496417760849,-0.5326488018035889,0.5823891162872314,-1.1102116107940674,-0.018912017345428467
0.05818037499999998,0.0034223749999999996,17.0,2.0978323907966434,-1.1778885137558186,0.18835547653117257,-0.0002585457382139773,0.00024477719914232205,-1.4049537607746578e-5,0.06883328688186367,0.02614031732082367,0.016675706952810287,-0.11166933178901672,0.20649194717407227,0.3241231441497803,-1.1953065395355225,0.22771650552749634,-0.6182875037193298,-0.5294983386993408,0.5923898220062256,-1.105706810951233,-0.020333528518676758
0.05818037499999998,0.0034223749999999996,17.0,2.086249806862205,-1.1663032008059468,0.18845550724386656,-0.00030144580519908624,0.0002854771084589155,-1.6368263873003797e-5,0.06882931951470096,0.025358334183692932,0.016611196100711823,-0.10862183570861816,0.19842377305030823,0.31229138374328613,-1.202197551727295,0.21144361793994904,-0.6086936593055725,-0.5279508233070374,0.6049582958221436,-1.1016387939453125,-0.022822260856628418
0.05818037499999998,0.0034223749999999996,17.0,2.073824057548595,-1.1538826061167913,0.18854378989837176,-0.000347338302659578,0.0003290022684105668,-1.8813385922790525e-5,0.06882701297600158,0.02473445236682892,0.016475267708301544,-0.10597771406173706,0.1915377378463745,0.3018336296081543,-1.2081716060638428,0.20252156257629395,-0.6032598614692688,-0.5252500772476196,0.6123037338256836,-1.0948432683944702,-0.022788524627685547
0.05818037499999998,0.0034223749999999996,17.0,2.0605864207615823,-1.1406276260378985,0.18855993627500386,-0.000396776080103744,0.0003756390784066858,-2.1209251063902134e-5,0.06883404855022646,0.02421410381793976,0.01672416925430298,-0.10571318864822388,0.19292406737804413,0.30827581882476807,-1.219818115234375,0.20853327214717865,-0.6118702292442322,-0.5222710371017456,0.6051318645477295,-1.091840386390686,-0.017651498317718506
0.05818037499999998,0.0034223749999999996,17.0,2.0465271091385366,-1.1265483570536026,0.18860152880512404,-0.0004473367414224752,0.0004233194252564813,-2.3569250772083364e-5,0.0688364574799891,0.024041935801506042,0.016804169863462448,-0.10478979349136353,0.18900930881500244,0.3025329113006592,-1.2243051528930664,0.21068303287029266,-0.6130678057670593,-0.5177883505821228,0.6020567417144775,-1.0805041790008545,-0.014494478702545166
0.05818037499999998,0.0034223749999999996,17.0,2.031601420891202,-1.1116326867885282,0.18865065864328526,-0.0004995201748921699,0.0004727860103524972,-2.6151091797365442e-5,0.068837017742848,0.023608744144439697,0.016803517937660217,-0.10327786207199097,0.18515810370445251,0.2975108027458191,-1.2300305366516113,0.20715761184692383,-0.6132221817970276,-0.5149704813957214,0.6016130447387695,-1.071483850479126,-0.012142300605773926
0.05818037499999998,0.0034223749999999996,17.0,2.0158466544188656,-1.0958673929830416,0.18866111381636416,-0.0005545623702349601,0.0005250565620823474,-2.8948496993567687e-5,0.06883853486478109,0.022807374596595764,0.017248939722776413,-0.1025189757347107,0.18549960851669312,0.3041262626647949,-1.2397232055664062,0.19772018492221832,-0.6162208914756775,-0.5171225070953369,0.6002824306488037,-1.0726019144058228,-0.010462284088134766
0.05818037499999998,0.0034223749999999996,17.0,1.9991992213664092,-1.0792862703495594,0.18870999111559095,-0.0006135328820041769,0.0005811570834450628,-3.21238418876085e-5,0.06883498402861397,0.022303715348243713,0.017199676483869553,-0.10127291083335876,0.18350395560264587,0.3027549088001251,-1.2470958232879639,0.19642093777656555,-0.620250403881073,-0.5147234201431274,0.5964932441711426,-1.0633244514465332,-0.006369352340698242
0.05818037499999998,0.0034223749999999996,17.0,1.9817600560687765,-1.0618680925833872,0.18873817541941487,-0.0006682574373892599,0.0006331774979664962,-3.4724252845895386e-5,0.06883311902355847,0.02214708924293518,0.01728798821568489,-0.10038483142852783,0.17805849015712738,0.29456937313079834,-1.2467315196990967,0.19493049383163452,-0.61919766664505,-0.5130149722099304,0.5935242176055908,-1.0478153228759766,-0.003679990768432617
0.05818037499999998,0.0034223749999999996,17.0,1.9634952157530676,-1.0436160333810136,0.18880980335558809,-0.0007231567798817739,0.0006854960823033293,-3.747083056636883e-5,0.0688281275015187,0.021612390875816345,0.017439190298318863,-0.09807708859443665,0.17114470899105072,0.2842576801776886,-1.2494516372680664,0.1842808574438095,-0.6149140000343323,-0.5101566314697266,0.5951976776123047,-1.0371382236480713,-0.002737283706665039
0.05818037499999998,0.0034223749999999996,17.0,1.9443637592274665,-1.0245485549116504,0.18887700951453157,-0.0007693126085991205,0.0007294687291513798,-3.98097433950088e-5,0.06882550718096228,0.021184369921684265,0.017288465052843094,-0.09661698341369629,0.16852957010269165,0.28139057755470276,-1.2561862468719482,0.18404342234134674,-0.6191101670265198,-0.5063335299491882,0.589179515838623,-1.0247368812561035,0.0018685460090637207
0.05818037499999998,0.0034223749999999996,17.0,1.9244230826454571,-1.0046481481419924,0.18894121815055837,-0.0008094898327435671,0.0007677273472208687,-4.15847421069135e-5,0.06882396768832172,0.020669832825660706,0.017196346074342728,-0.0948842465877533,0.16601026058197021,0.2787334620952606,-1.264596939086914,0.18096470832824707,-0.6226003766059875,-0.5014328956604004,0.583477258682251,-1.0139150619506836,0.0057326555252075195
0.05818037499999998,0.0034223749999999996,17.0,1.9037087538618611,-0.9839143498080237,0.18903248058089842,-0.0008572193858175863,0.0008131039580121086,-4.329548048828502e-5,0.06881926357822306,0.02047191560268402,0.017222799360752106,-0.0920572578907013,0.15452595055103302,0.2584114968776703,-1.2577309608459473,0.1701698899269104,-0.6139928698539734,-0.4976198375225067,0.5838804244995117,-0.994051456451416,0.006712496280670166
0.05818037499999998,0.0034223749999999996,17.0,1.8821044780854421,-0.96234328313813,0.18906716511041904,-0.0009080170997401064,0.0008613155244785474,-4.541088201841659e-5,0.06881831171945886,0.020102262496948242,0.017231188714504242,-0.09064838290214539,0.15026311576366425,0.25369372963905334,-1.261779546737671,0.1695106029510498,-0.6178991198539734,-0.49374711513519287,0.5745489597320557,-0.9769007563591003,0.011978209018707275
0.05818037499999998,0.0034223749999999996,17.0,1.8597272789107269,-0.9399514925871761,0.189111316076173,-0.00096098161001199,0.0009112874927879505,-4.730742848788709e-5,0.06882150324991841,0.01933988928794861,0.017333421856164932,-0.08915302157402039,0.14870770275592804,0.25499168038368225,-1.2700200080871582,0.16335807740688324,-0.6224678158760071,-0.4946745038032532,0.5699491500854492,-0.9699397683143616,0.01640331745147705
0.05818037499999998,0.0034223749999999996,17.0,1.8365422960202935,-0.9167255548033671,0.18917636994247,-0.0010167254064667867,0.0009639142111006991,-4.8724750795460595e-5,0.06882427901680481,0.018995583057403564,0.017615601420402527,-0.08801993727684021,0.1449369490146637,0.25148656964302063,-1.2750189304351807,0.1598765254020691,-0.6248348355293274,-0.48985594511032104,0.5605335235595703,-0.9561986327171326,0.019900083541870117
0.05818037499999998,0.0034223749999999996,17.0,1.8124553205602394,-0.8926609153741005,0.18926240187942095,-0.0010708090012046688,0.0010155530153027367,-5.053380627828008e-5,0.06882059933035896,0.01865123212337494,0.017671409994363785,-0.08606499433517456,0.13913464546203613,0.24254058301448822,-1.275428056716919,0.15314412117004395,-0.6241452097892761,-0.4866628050804138,0.5544095039367676,-0.9407128095626831,0.02279597520828247
0.05818037499999998,0.0034223749999999996,17.0,1.7875693003433366,-0.8677519795613178,0.18940004651207712,-0.0011265981024884172,0.0010692773154164492,-5.2336402817990655e-5,0.068814072392868,0.01818355917930603,0.018106937408447266,-0.08273309469223022,0.12827175855636597,0.22350069880485535,-1.267472267150879,0.13404591381549835,-0.6143767237663269,-0.484152615070343,0.5548515319824219,-0.9278548359870911,0.022364020347595215
0.05818037499999998,0.0034223749999999996,17.0,1.7618457569933477,-0.8420162599856669,0.18953119652874623,-0.001183750168143437,0.0011243648431542308,-5.37556827543201e-5,0.06881153702571345,0.017616748809814453,0.018207304179668427,-0.0812004804611206,0.12609513103961945,0.22366036474704742,-1.273897409439087,0.12901034951210022,-0.6185066103935242,-0.48296087980270386,0.5466175079345703,-0.9182147979736328,0.026407301425933838
0.05818037499999998,0.0034223749999999996,17.0,1.735288257928704,-0.8154406753968106,0.1897237175862514,-0.0012431794052602013,0.001182721291890462,-5.48037201725341e-5,0.0688042453221075,0.01700131595134735,0.018101420253515244,-0.07860657572746277,0.12149512767791748,0.21975207328796387,-1.2776360511779785,0.12417764961719513,-0.6218172907829285,-0.4797261655330658,0.5363438129425049,-0.904805064201355,0.03152865171432495
0.05818037499999998,0.0034223749999999996,17.0,1.7078786745053303,-0.7880539899911649,0.18991326845542575,-0.0012940432122765877,0.0012381842496065627,-4.929948427831002e-5,0.06877852728847887,0.016184136271476746,0.018117010593414307,-0.07575106620788574,0.11741295456886292,0.22105927765369415,-1.2842180728912354,0.11851899325847626,-0.6266741156578064,-0.4767472445964813,0.5237698554992676,-0.8954929113388062,0.03733915090560913
0.05818037499999998,0.0034223749999999996,17.0,1.6795820696037749,-0.7598660459343984,0.19017494927880027,-0.0013557800679109286,0.001308338717123629,-4.159720892946986e-5,0.06873438839378414,0.015027478337287903,0.018076661974191666,-0.07153692841529846,0.11198747158050537,0.22471196949481964,-1.2919363975524902,0.1104314774274826,-0.632383406162262,-0.47205057740211487,0.5078539848327637,-0.8882926106452942,0.04468470811843872
0.05818037499999998,0.0034223749999999996,17.0,1.6505673237916345,-0.7307911524204739,0.19045205547810956,-0.001440876447899834,0.0014052908608980876,-3.667365697533312e-5,0.06867917631261111,0.017338544130325317,0.01904202252626419,-0.06721416115760803,0.08727060258388519,0.21847057342529297,-1.2742209434509277,0.09652253985404968,-0.605900228023529,-0.45813384652137756,0.47362232208251953,-0.8682861328125,0.03610527515411377
0.05818037499999998,0.0034223749999999996,17.0,1.6204260250559923,-0.7008814809917147,0.1909834158570268,-0.0014893048273947483,0.001467455700164731,-3.070229448995971e-5,0.06862121114184981,0.020445600152015686,0.02041633054614067,-0.061660557985305786,0.0541352778673172,0.20258650183677673,-1.2393200397491455,0.07837927341461182,-0.5621567368507385,-0.4320102334022522,0.43484926223754883,-0.8388217091560364,0.019651710987091064
0.05818037499999998,0.0034223749999999996,17.0,1.5895214596804423,-0.6700269946140315,0.1913696653855689,-0.0015423320305614464,0.0015346938225539936,-2.545916504061877e-5,0.0685675442884439,0.026082664728164673,0.023637451231479645,-0.05758371949195862,0.008349359035491943,0.1867000311613083,-1.1725566387176514,0.05331776663661003,-0.4836697578430176,-0.3992157578468323,0.3890855312347412,-0.8003650307655334,-0.016981422901153564
0.05818037499999998,0.0034223749999999996,17.0,1.557760016602156,-0.6382810584596486,0.19168694404246886,-0.0015991988648229507,0.0016027495841541698,-2.4914047903657284e-5,0.06852367518794467,0.032064855098724365,0.02801668271422386,-0.0534035861492157,-0.04086902737617493,0.1600252389907837,-1.0713729858398438,0.020875439047813416,-0.3778133988380432,-0.34958240389823914,0.35001420974731445,-0.7438696026802063,-0.0718533992767334
0.05818037499999998,0.0034223749999999996,17.0,1.5252207062883567,-0.6056552421788606,0.19184407272707527,-0.0016596005012053403,0.0016703218395904683,-2.465872189358498e-5,0.06849921797465362,0.011793792247772217,0.01860857754945755,-0.024710744619369507,-0.2731226086616516,-0.11784777790307999,-0.6034862995147705,-0.3771009147167206,-0.051413893699645996,-0.40526145696640015,0.32732057571411133,-0.5144655108451843,-0.14674288034439087
0.05818037499999998,0.0034223749999999996,17.0,1.4918934368201704,-0.5722616264054947,0.19196382544540846,-0.0017297933663635754,0.001745527358937969,-2.634107612197137e-5,0.06847897189888853,0.006727010011672974,0.027773145586252213,-0.015742748975753784,-0.30411094427108765,-0.11582090705633163,-0.3926560878753662,-0.3883880078792572,0.09711781144142151,-0.3473353385925293,0.3557767868041992,-0.4270533621311188,-0.2540268301963806
0.05818037499999998,0.0034223749999999996,17.0,1.4577998859520527,-0.5380708907196943,0.19202360649050626,-0.0017872882900418728,0.0018083336661888392,-2.5565989412881133e-5,0.06846768564658677,0.0021377503871917725,0.039014339447021484,-0.008473724126815796,-0.32740867137908936,-0.10276094079017639,-0.16182541847229004,-0.4040529429912567,0.27170220017433167,-0.2966355085372925,0.3971517086029053,-0.35333651304244995,-0.39072054624557495
0.05818037499999998,0.0034223749999999996,17.0,1.422929751961984,-0.5031283196310666,0.19212142177582017,-0.0018406972735060013,0.0018627294817730976,-2.8436477351401157e-5,0.068454813733539,-0.0007012486457824707,0.04711650311946869,-0.005374878644943237,-0.32760918140411377,-0.1227046474814415,-0.027162551879882812,-0.42337310314178467,0.36152660846710205,-0.29297003149986267,0.45290589332580566,-0.309074729681015,-0.4715617597103119
0.05818037499999998,0.0034223749999999996,17.0,1.3872216073550505,-0.4673888043414137,0.19222318945864822,-0.0018862404000387209,0.001909069391635608,-3.0899813400646124e-5,0.06844852949070168,-0.0030573606491088867,0.0517733208835125,-0.003945529460906982,-0.3220011591911316,-0.1483815610408783,0.02629542350769043,-0.4611916244029999,0.38069188594818115,-0.2963017225265503,0.5007481575012207,-0.3158037066459656,-0.49171820282936096
0.05818037499999998,0.0034223749999999996,17.0,1.3506716133048617,-0.4308419345680836,0.19230475331276511,-0.0019315718162755797,0.0019546901554884305,-3.0604684736896273e-5,0.06845220677416665,-0.005011498928070068,0.05453307554125786,-0.002660125494003296,-0.3219090700149536,-0.15381282567977905,0.04726600646972656,-0.4605006277561188,0.39959263801574707,-0.28597593307495117,0.5212163925170898,-0.3039678931236267,-0.5098706483840942
0.05818037499999998,0.0034223749999999996,17.0,1.3133024813843852,-0.39347465804636395,0.1923749732117862,-0.001975454956621908,0.001998697784807522,-2.929242619948902e-5,0.06845974250577398,-0.00574105978012085,0.055861733853816986,-0.0008832216262817383,-0.3245384097099304,-0.14974850416183472,0.04863429069519043,-0.4462183713912964,0.41307950019836426,-0.272404283285141,0.5208263397216797,-0.2956424355506897,-0.5220077037811279
0.05818037499999998,0.0034223749999999996,17.0,1.2751510180213608,-0.35528516647356095,0.192462806681531,-0.0020235526627565632,0.0020469192114486476,-2.850274363473252e-5,0.06846691748214197,-0.004861503839492798,0.05622344836592674,0.0016933977603912354,-0.3263775110244751,-0.1436764895915985,0.039626121520996094,-0.4337458312511444,0.41887664794921875,-0.2595195472240448,0.508643388748169,-0.3104269802570343,-0.5278568267822266
0.05818037499999998,0.0034223749999999996,17.0,1.2361443257002989,-0.31626128606551207,0.19255883950706426,-0.002055937239355682,0.0020787746585852387,-2.8240937617734302e-5,0.06847118076723459,-0.004428118467330933,0.05662763491272926,0.004296481609344482,-0.3238978385925293,-0.1396813988685608,0.03508114814758301,-0.42630448937416077,0.4173109531402588,-0.24158604443073273,0.5009346008300781,-0.3189793527126312,-0.5295570492744446
0.05818037499999998,0.0034223749999999996,17.0,1.1963152024563213,-0.2764106062623107,0.19264793903730668,-0.002075739599052769,0.002097524249022729,-2.7585931200916447e-5,0.068476417118391,-0.003579378128051758,0.05674491450190544,0.00658029317855835,-0.31983262300491333,-0.13415846228599548,0.025472164154052734,-0.41480687260627747,0.4123057723045349,-0.2224840223789215,0.48857808113098145,-0.3263973295688629,-0.5293653011322021
0.05818037499999998,0.0034223749999999996,17.0,1.1556572229788584,-0.2357303555868454,0.19273111349009575,-0.002087317023205035,0.0021076813669845197,-2.6658168622769652e-5,0.06848240080765794,-0.002496480941772461,0.05666908621788025,0.008549869060516357,-0.3148871660232544,-0.1272398829460144,0.012458562850952148,-0.3996317386627197,0.4046235680580139,-0.2038497030735016,0.472637414932251,-0.33212122321128845,-0.5274577736854553
0.05818037499999998,0.0034223749999999996,17.0,1.1141553203524266,-0.19421415342773124,0.192826917235481,-0.002074283747697538,0.0020938494085024463,-2.6008228706654762e-5,0.06848716564222151,-0.0012889206409454346,0.05646426975727081,0.01060497760772705,-0.31062179803848267,-0.11857158690690994,-0.002576589584350586,-0.38336053490638733,0.397876113653183,-0.19015708565711975,0.455946683883667,-0.3357974886894226,-0.5256301760673523
0.05818037499999998,0.0034223749999999996,17.0,1.0717857132324062,-0.15184214300605173,0.19299859332544583,-0.00211076184040181,0.002132251937830482,-2.6428924812267126e-5,0.06848469532697993,-0.0011452436447143555,0.05694830045104027,0.014411896467208862,-0.30832910537719727,-0.1138937920331955,-0.0018682479858398438,-0.3862638771533966,0.39686399698257446,-0.19815237820148468,0.4561135768890381,-0.332189679145813,-0.5269788503646851
0.05818037499999998,0.0034223749999999996,17.0,1.0284674040393842,-0.10875671239755036,0.19322732618145505,-0.0021226427179147165,0.002136634638276469,-5.517796468186247e-6,0.06846037185982032,-0.0026063919067382812,0.05467485263943672,0.020456165075302124,-0.2966163158416748,-0.13904565572738647,-0.03704071044921875,-0.3630183935165405,0.4228231906890869,-0.2716376483440399,0.44341421127319336,-0.18035803735256195,-0.5562604069709778
0.05818037499999998,0.0034223749999999996,17.0,0.9838959402588714,-0.0649452361854307,0.19347937747903404,-0.0021304961496290457,0.0021224515221212395,3.864814501760469e-5,0.06839150859121691,-0.01629391312599182,0.04852808266878128,0.028873920440673828,-0.2238958477973938,-0.34176287055015564,-0.061420440673828125,-0.33276161551475525,0.43041110038757324,-0.4884316325187683,0.4450514316558838,0.3605940043926239,-0.6039183139801025
0.05818037499999998,0.0034223749999999996,17.0,0.9385805031602696,-0.02030954323036775,0.1945074916313165,-0.0021579028182890743,0.0020273609432704303,3.662836187421141e-5,0.06851448355752474,-0.038079649209976196,0.040089625865221024,0.0642068088054657,0.2271776646375656,-0.3390149772167206,-0.9804086685180664,-0.5553070306777954,-0.8987086415290833,-0.5252373814582825,0.24770140647888184,0.4354379177093506,0.22001051902770996
0.05818037499999998,0.0034223749999999996,17.0,0.9374568553956256,0.02462763660960483,0.19503454018331556,-3.4195756162197616e-5,0.0020718617213170464,3.0277379207614804e-5,0.06903351366914168,-0.07880428433418274,0.03445330634713173,0.08138832449913025,0.3265073001384735,-0.3610854148864746,-1.0767507553100586,-0.7273132801055908,-0.9790796637535095,-0.6678549647331238,0.21535086631774902,0.6028053760528564,0.21339768171310425
0.05818037499999998,0.0034223749999999996,17.0,0.9810219734947808,0.06893168088637272,0.19555756616543093,0.0021812442458182236,0.0020444807058064224,1.6654944943313254e-5,0.06877017971203701,-0.1252027153968811,0.014815534465014935,0.0980471670627594,0.4524562656879425,-0.2762703597545624,-1.1448242664337158,-0.9571890234947205,-1.1310529708862305,-0.8102006316184998,0.11576628684997559,0.6627578735351562,0.24403077363967896
0.05818037499999998,0.0034223749999999996,17.0,1.0247712816283012,0.1126680122125497,0.1956582039507166,0.002169525772958869,0.00203079401995112,1.9817010189853966e-5,0.06876288149830652,-0.13470670580863953,0.007204046472907066,0.10064753890037537,0.44972389936447144,-0.2412204146385193,-1.1146280765533447,-1.0015788078308105,-1.1096861362457275,-0.8812492489814758,0.11954593658447266,0.7092864513397217,0.23560327291488647
0.05818037499999998,0.0034223749999999996,17.0,1.0678782988589723,0.15568441812288902,0.19574707246291123,0.0021430322914426964,0.002005224240937881,1.904223470344548e-5,0.06874945781950226,-0.1397407352924347,0.002358764875680208,0.10503801703453064,0.4561692178249359,-0.19706927239894867,-1.1280593872070312,-1.0161610841751099,-1.1066040992736816,-0.9232847690582275,0.12231636047363281,0.7002474069595337,0.22895735502243042
0.05818037499999998,0.0034223749999999996,17.0,1.1102926844672787,0.1979944222423492,0.19580047781786927,0.002098795545437709,0.0019649509199822705,1.8207951030398276e-5,0.06873903503197687,-0.1387023627758026,0.0013112493325024843,0.10732749104499817,0.4562254548072815,-0.17865249514579773,-1.1247799396514893,-1.0064176321029663,-1.0975382328033447,-0.941217303276062,0.11530923843383789,0.7059360146522522,0.2196637988090515
0.05818037499999998,0.0034223749999999996,17.0,1.1522823667083733,0.24058030891276302,0.19297001797385369,0.0020317325545431636,0.0019144813691997793,-2.3689344171841844e-5,0.0686090047162044,-0.13648393750190735,-0.0007631744956597686,0.11014220118522644,0.46595680713653564,-0.1457211822271347,-1.1271498203277588,-0.9768617153167725,-1.1056699752807617,-0.9559293985366821,0.09258580207824707,0.7059627771377563,0.21543961763381958
0.05818037499999998,0.0034223749999999996,17.0,1.1931318957946022,0.28121015116573295,0.1929723399857194,0.001933836327679755,0.0018278914754626763,-2.1132528372913348e-5,0.06860137292367971,-0.13173198699951172,-0.00045192032121121883,0.11082085967063904,0.4614174962043762,-0.15662845969200134,-1.105379581451416,-0.9505424499511719,-1.0952157974243164,-0.9494958519935608,0.0766136646270752,0.7466517090797424,0.20929408073425293
0.05818037499999998,0.0034223749999999996,17.0,1.2327006359450636,0.3198308491882273,0.1958767225451828,0.0018602538300520916,0.0017540917947717841,1.7589083101386064e-5,0.06870546170388814,-0.13109752535820007,-0.0020424406975507736,0.11295470595359802,0.45639944076538086,-0.16591084003448486,-1.1110975742340088,-0.9417168498039246,-1.076427936553955,-0.9418113231658936,0.08871817588806152,0.774635910987854,0.20022279024124146
0.05818037499999998,0.0034223749999999996,17.0,1.2718034714499493,0.3587642923781484,0.19592804996164745,0.0017780064262718197,0.0016783268593825167,1.661837029100679e-5,0.06869252466143992,-0.12894371151924133,-0.004406112711876631,0.11540988087654114,0.46387049555778503,-0.14579936861991882,-1.1236190795898438,-0.9165472984313965,-1.0818471908569336,-0.9394859075546265,0.07799172401428223,0.7847640514373779,0.19869744777679443
0.05818037499999998,0.0034223749999999996,17.0,1.3100436237124615,0.3968762084717919,0.19602135177647548,0.001735642313606021,0.001638411448714593,1.6418838774602825e-5,0.06868210891970873,-0.12655985355377197,-0.00672712130472064,0.11768469214439392,0.47307509183883667,-0.12378573417663574,-1.132932424545288,-0.8887021541595459,-1.089935064315796,-0.9377760887145996,0.06397199630737305,0.7925859689712524,0.19758069515228271
0.05818037499999998,0.0034223749999999996,17.0,1.3474319189624817,0.434151923650902,0.19611352165386683,0.0016880350236688536,0.0015925310515358167,1.4386948785977732e-5,0.06866593930699713,-0.12467357516288757,-0.008713534101843834,0.12024375796318054,0.48484286665916443,-0.08331805467605591,-1.1473066806793213,-0.8629253506660461,-1.0996220111846924,-0.9475992918014526,0.050246477127075195,0.7744042277336121,0.19455289840698242
0.05818037499999998,0.0034223749999999996,17.0,1.3839756580332854,0.4706058925681908,0.19621702232903476,0.0016408505598837068,0.0015471786141378193,1.3808435466687013e-5,0.06865588770506519,-0.12259992957115173,-0.012628606520593166,0.12317195534706116,0.49641191959381104,-0.06058260053396225,-1.1651287078857422,-0.8268333077430725,-1.1106224060058594,-0.9383057951927185,0.03586149215698242,0.7828479409217834,0.1958051323890686
0.05818037499999998,0.0034223749999999996,17.0,1.4196795840874752,0.5062075597301767,0.1963237171729454,0.0015962678745903682,0.0015044877508113657,1.3269797673171462e-5,0.06864536539102059,-0.12080374360084534,-0.018584612756967545,0.12672284245491028,0.5085793137550354,-0.03411916270852089,-1.1919987201690674,-0.7812032103538513,-1.1210362911224365,-0.9276182055473328,0.02020120620727539,0.7921367883682251,0.19827336072921753
0.05818037499999998,0.0034223749999999996,17.0,1.4545826501847299,0.5409320865237057,0.1964006814730302,0.0015451557049173889,0.0014567058062202876,1.2637547460490797e-5,0.06863249647952036,-0.11925429105758667,-0.03334667161107063,0.12633946537971497,0.5097659826278687,-0.006431153975427151,-1.2238986492156982,-0.6966907382011414,-1.1542394161224365,-0.8982400894165039,-0.031032800674438477,0.841163158416748,0.2478746771812439
0.05818037499999998,0.0034223749999999996,17.0,1.4886673593852895,0.5747447469715495,0.19645425103949243,0.0014841566342904471,0.0014005726583700884,1.3152631586727408e-5,0.06862240822750215,-0.11864542961120605,-0.05300446227192879,0.1211567223072052,0.5167353749275208,0.02296597510576248,-1.198354959487915,-0.5828439593315125,-1.191805124282837,-0.8888000249862671,-0.15561699867248535,0.9144734144210815,0.3113465905189514
0.05818037499999998,0.0034223749999999996,17.0,1.521878282860889,0.6076644983723173,0.19645132011912994,0.0014327737818922376,0.0013525853455745444,1.1856698822662106e-5,0.06860754930756274,-0.12117069959640503,-0.06762812286615372,0.11515781283378601,0.5688002109527588,0.05837300792336464,-1.0801057815551758,-0.4984085261821747,-1.2124137878417969,-0.9415180683135986,-0.37201547622680664,0.9564897418022156,0.319216787815094
0.05818037499999998,0.0034223749999999996,17.0,1.5542529313128268,0.6396486575503787,0.1963600083233439,0.0013849315706378031,0.0013077649301720972,7.213617958075691e-6,0.06858390643914497,-0.11744087934494019,-0.07584910094738007,0.1094227135181427,0.6538469791412354,0.09529510885477066,-0.8345851898193359,-0.4411027729511261,-1.2533395290374756,-1.0702474117279053,-0.7567048072814941,0.9718504548072815,0.3097016215324402
0.05818037499999998,0.0034223749999999996,17.0,1.585762409075085,0.6706922016927241,0.19641843436854564,0.0013429495573507625,0.00126133174861785,-1.1487840873374555e-5,0.0685590260719428,-0.1369473934173584,-0.10736359655857086,0.17636898159980774,1.2888282537460327,-0.23607994616031647,-1.3879303932189941,-0.642665445804596,-1.851057767868042,-1.0397230386734009,-1.8344919681549072,0.2133604884147644,0.43314772844314575
0.05818037499999998,0.0034223749999999996,17.0,1.6163847316440803,0.7009162901747236,0.1967901892230012,0.0013059334489037898,0.0012135577012134134,-3.9610336513894877e-5,0.06855383609085672,-0.13821867108345032,-0.10624056309461594,0.1928873360157013,1.4052470922470093,-0.33440524339675903,-1.3572559356689453,-0.7471883296966553,-1.8560686111450195,-1.142939567565918,-2.11228609085083,0.24203109741210938,0.330693781375885
0.05818037499999998,0.0034223749999999996,17.0,1.64610440841825,0.7303944458032652,0.19734103273591622,0.0012699489272251173,0.0011647124478670542,-7.053888317165982e-5,0.06855006818504361,-0.13950133323669434,-0.10508915781974792,0.2090277373790741,1.498038649559021,-0.4243777394294739,-1.3516347408294678,-0.8357424139976501,-1.8568246364593506,-1.2345296144485474,-2.343937635421753,0.2824611961841583,0.24344128370285034
0.05818037499999998,0.0034223749999999996,17.0,1.6748667947557554,0.7591389563671121,0.19819546252213652,0.0012315410781593243,0.001107642840378037,-0.0001030245607667053,0.06855618352224241,-0.14354011416435242,-0.10302840173244476,0.2253400981426239,1.579026460647583,-0.4928759038448334,-1.417956829071045,-0.8984373807907104,-1.8662595748901367,-1.3197588920593262,-2.4702203273773193,0.27595633268356323,0.17053520679473877
0.05818037499999998,0.0034223749999999996,17.0,1.7028308039428723,0.7872427652333889,0.19962599971018957,0.0011942686395618922,0.0010556798497645572,-0.00013041791724382386,0.06860371616624289,-0.1437721848487854,-0.10203535854816437,0.22986570000648499,1.6124587059020996,-0.5327456593513489,-1.391484022140503,-0.9243062138557434,-1.857527732849121,-1.3422105312347412,-2.5525882244110107,0.2975306212902069,0.1306602954864502
0.05818037499999998,0.0034223749999999996,17.0,1.7301464205458228,0.8146794706345479,0.20045501771514343,0.0011594574053115144,0.0010159091657082416,-0.00014088602560559453,0.06864348859221223,-0.14245593547821045,-0.1010676771402359,0.23166629672050476,1.6252819299697876,-0.5472725033760071,-1.3427460193634033,-0.9432542324066162,-1.8583452701568604,-1.3646442890167236,-2.630289316177368,0.2998177707195282,0.12038785219192505
0.05818037499999998,0.0034223749999999996,17.0,1.7567920964454464,0.8412242957329061,0.2008177117663794,0.0011108796429180922,0.0009717108163349283,-0.00013964194147107956,0.06865631651391883,-0.1408911645412445,-0.10161850601434708,0.23424860835075378,1.6397709846496582,-0.5632885098457336,-1.3139448165893555,-0.9539008140563965,-1.8598029613494873,-1.3515514135360718,-2.6968941688537598,0.30241483449935913,0.10920369625091553
0.05818037499999998,0.0034223749999999996,17.0,1.7824556705190768,0.8670277689305516,0.20122668286337184,0.0010621864074554321,0.0009272045949963311,-0.00013675385559164366,0.06865996613032956,-0.14298123121261597,-0.09990585595369339,0.24025431275367737,1.6683015823364258,-0.5660797357559204,-1.3552484512329102,-0.9665138125419617,-1.87813401222229,-1.3826724290847778,-2.7136688232421875,0.24315664172172546,0.09564602375030518
0.05818037499999998,0.0034223749999999996,17.0,1.8074167299366626,0.8919507762843442,0.201463339791412,0.0010113028859029297,0.0008822637299571923,-0.0001322593432547314,0.06866355899998786,-0.1388736367225647,-0.09958472102880478,0.24103763699531555,1.6623448133468628,-0.5472443699836731,-1.3031034469604492,-0.9733425378799438,-1.8883585929870605,-1.4008234739303589,-2.773792266845703,0.2334635853767395,0.11107569932937622
0.05818037499999998,0.0034223749999999996,17.0,1.8314822268889543,0.9159943813952577,0.2016047322201677,0.0009581518760458218,0.0008350529884443362,-0.0001270493459260947,0.0686645816426408,-0.14453867077827454,-0.10073652118444443,0.2507118284702301,1.7188555002212524,-0.5913059115409851,-1.4242222309112549,-0.9753060340881348,-1.8949456214904785,-1.363161325454712,-2.759664297103882,0.18790996074676514,0.05989205837249756
0.05818037499999998,0.0034223749999999996,17.0,1.8547646640033824,0.9392300300368887,0.20168063791702173,0.0009065791365678273,0.000789491377024868,-0.00012201029348160045,0.06866551790145826,-0.14223125576972961,-0.09878461807966232,0.25383517146110535,1.7216477394104004,-0.5687755346298218,-1.4025440216064453,-0.9872702360153198,-1.9118692874908447,-1.403533697128296,-2.8072571754455566,0.13969053328037262,0.0708153247833252
0.05818037499999998,0.0034223749999999996,17.0,1.8772041652267644,0.9616490835621773,0.20177463441790874,0.0008508348058233208,0.0007403016527928792,-0.00011617521845836866,0.06866682358268267,-0.14154601097106934,-0.0988682433962822,0.25587549805641174,1.7262827157974243,-0.5663809180259705,-1.3872010707855225,-0.99312424659729,-1.9221458435058594,-1.4084053039550781,-2.8457305431365967,0.11818050593137741,0.07655715942382812
0.05818037499999998,0.0034223749999999996,17.0,1.8987788864512538,0.9832048073515401,0.20203383625953883,0.0008007157748045663,0.0006962423812329204,-0.00011006609370544374,0.06866671953198604,-0.1389797031879425,-0.10017558932304382,0.2579821050167084,1.7260655164718628,-0.5612733960151672,-1.3662407398223877,-0.9943350553512573,-1.928697109222412,-1.4010881185531616,-2.888007640838623,0.12191567569971085,0.08356040716171265
0.05818037499999998,0.0034223749999999996,17.0,1.9194755968193775,1.0039304603287547,0.2021587738796197,0.0007545296077966471,0.0006550681254633866,-0.00010492757175132161,0.06866505447140155,-0.14418244361877441,-0.1005135327577591,0.2664625942707062,1.7706624269485474,-0.5851874351501465,-1.4785912036895752,-0.9946073293685913,-1.9405364990234375,-1.3958473205566406,-2.8625073432922363,0.06769528239965439,0.04786306619644165
0.05818037499999998,0.0034223749999999996,17.0,1.9393958747627538,1.0237602087758708,0.20226322198377028,0.0007138512152677862,0.0006195263180320545,-9.977363399374933e-5,0.06866543087697517,-0.14287874102592468,-0.10289882868528366,0.2684684097766876,1.7786221504211426,-0.6031494140625,-1.4740276336669922,-0.9895602464675903,-1.936368465423584,-1.357448697090149,-2.8968210220336914,0.08746016770601273,0.03824138641357422
0.05818037499999998,0.0034223749999999996,17.0,1.9583958981853313,1.0428486180971126,0.20243443583365012,0.0006724211269591404,0.000583094165922565,-9.447201393660449e-5,0.0686643259749899,-0.1448412835597992,-0.10284151881933212,0.2739635407924652,1.801195740699768,-0.6026264429092407,-1.5313239097595215,-0.9905487298965454,-1.9500820636749268,-1.370102047920227,-2.889662265777588,0.04366172105073929,0.026302456855773926
0.05818037499999998,0.0034223749999999996,17.0,1.9765882143882323,1.061063632996147,0.20256755281855393,0.0006190236932194566,0.0005366170800431349,-8.723679198796404e-5,0.06866489313786174,-0.14442309737205505,-0.10398340225219727,0.2757352292537689,1.8055493831634521,-0.6096306443214417,-1.5294523239135742,-0.9890748858451843,-1.9542593955993652,-1.3610663414001465,-2.913062572479248,0.044214844703674316,0.02699333429336548
0.05818037499999998,0.0034223749999999996,17.0,1.993964899248427,1.0784456874705328,0.20272466181817875,0.000567530088277707,0.0004920665493217216,-7.996053740897922e-5,0.06866564912111905,-0.14414790272712708,-0.10553263127803802,0.27893713116645813,1.8173322677612305,-0.6169984936714172,-1.5498600006103516,-0.9857032895088196,-1.9557826519012451,-1.3436030149459839,-2.9247000217437744,0.041593700647354126,0.016983449459075928
0.05818037499999998,0.0034223749999999996,17.0,2.010495968816201,1.094992935033304,0.2028690359606691,0.0005182301191722246,0.0004493021917370122,-7.288398323394444e-5,0.0686657313743239,-0.1429360806941986,-0.10720671713352203,0.2815150320529938,1.8211586475372314,-0.6177774667739868,-1.5550222396850586,-0.9836129546165466,-1.9607784748077393,-1.3333079814910889,-2.9460954666137695,0.04542502015829086,0.018270134925842285
0.05818037499999998,0.0034223749999999996,17.0,2.026126083559665,1.1107419817435633,0.2031034853149228,0.00046846412283109955,0.00040595343318068703,-6.591949815280029e-5,0.0686619590296989,-0.14514416456222534,-0.10783010721206665,0.28677424788475037,1.847554087638855,-0.626607358455658,-1.6282973289489746,-0.9787135124206543,-1.9656109809875488,-1.32783842086792,-2.9298019409179688,0.011963753029704094,-0.0056722164154052734
0.05818037499999998,0.0034223749999999996,17.0,2.041477909125861,1.1268095877643023,0.1997780133594335,0.0004229192187950135,0.000371992449971663,-6.203297902602254e-5,0.06853949747011735,-0.14143630862236023,-0.10981835424900055,0.2892668545246124,1.8355239629745483,-0.6143639087677002,-1.6027302742004395,-0.9770032167434692,-1.974623680114746,-1.3118540048599243,-2.9898152351379395,0.001986254006624222,0.016829252243041992
0.05818037499999998,0.0034223749999999996,17.0,2.0551914963247087,1.1396816620181505,0.2030732183808484,0.00037682560337212924,0.0003264645580443624,-5.385937477123936e-5,0.06865998531000701,-0.1425476372241974,-0.10900615900754929,0.28697070479393005,1.8464319705963135,-0.6325076818466187,-1.588611125946045,-0.9768420457839966,-1.9602606296539307,-1.2895069122314453,-2.998962640762329,0.005911504849791527,-0.00724560022354126
0.05818037499999998,0.0034223749999999996,17.0,2.0684649998110807,1.1529089694425765,0.20305425103416525,0.000331435035404118,0.000287069480343579,-4.7825314005551965e-5,0.06865700673141366,-0.14066022634506226,-0.10997381061315536,0.288176566362381,1.8490004539489746,-0.6304536461830139,-1.581892490386963,-0.9757586121559143,-1.9569995403289795,-1.2609606981277466,-3.033601760864258,-0.0025115087628364563,-0.012677371501922607
0.05818037499999998,0.0034223749999999996,17.0,2.0807259989353994,1.1653794117218985,0.20328531559153878,0.0002884221785007236,0.00024927086278628876,-4.190905864755731e-5,0.06864680014543506,-0.1441701054573059,-0.10862962901592255,0.29377254843711853,1.8775677680969238,-0.620979368686676,-1.671638011932373,-0.9757959842681885,-1.973573923110962,-1.29244863986969,-2.9996695518493652,-0.07263307273387909,-0.030183851718902588
0.05818037499999998,0.0034223749999999996,17.0,2.0922726849600948,1.1770074486102298,0.20332450155616777,0.0002492313454751464,0.00021502074636624876,-3.6662983140675135e-5,0.0686401751249574,-0.1454887092113495,-0.10750193893909454,0.2967431843280792,1.8914642333984375,-0.6051380634307861,-1.7085208892822266,-0.9787317514419556,-1.9848241806030273,-1.3129206895828247,-2.9907054901123047,-0.12767551839351654,-0.03615182638168335
0.05818037499999998,0.0034223749999999996,17.0,2.102994836930684,1.1878251831761462,0.20339003071787434,0.00021261203708126497,0.00018315008064627268,-3.162054797920972e-5,0.06863389421133043,-0.14546829462051392,-0.10600068420171738,0.2973693311214447,1.8920516967773438,-0.5827611088752747,-1.7005634307861328,-0.9855505228042603,-1.9958610534667969,-1.336017370223999,-3.000852584838867,-0.1739904135465622,-0.027708768844604492
0.05818037499999998,0.0034223749999999996,17.0,2.1128489711308927,1.1978193370581334,0.2035029619271331,0.0001779309863536373,0.00015284984320871727,-2.6855744337180192e-5,0.0686243913131616,-0.14901220798492432,-0.10399986058473587,0.30245450139045715,1.9155057668685913,-0.5571869611740112,-1.7812185287475586,-0.9903451204299927,-2.015406608581543,-1.3794808387756348,-2.9599692821502686,-0.2618728280067444,-0.03788304328918457
0.05818037499999998,0.0034223749999999996,17.0,2.121870989499257,1.2069641620325813,0.2036087282110848,0.00014585292101898666,0.00012504714925738232,-2.220686275605238e-5,0.06861597190753564,-0.14945483207702637,-0.10270996391773224,0.30428239703178406,1.9178671836853027,-0.5311468839645386,-1.7923436164855957,-0.9977319240570068,-2.0305116176605225,-1.4060286283493042,-2.9613828659057617,-0.31392204761505127,-0.028435826301574707
0.05818037499999998,0.0034223749999999996,17.0,2.130029558134904,1.2152709723613726,0.20375148655317205,0.00011737459314655023,0.00010039546167779146,-1.801408923519459e-5,0.06860493998696084,-0.15243270993232727,-0.1017407476902008,0.30878904461860657,1.9423397779464722,-0.5135598182678223,-1.8712925910949707,-0.9994698762893677,-2.0399417877197266,-1.42451012134552,-2.9223413467407227,-0.3816843330860138,-0.04823106527328491
0.05818037499999998,0.0034223749999999996,17.0,2.137352347186261,1.222747084138743,0.20391578597678467,9.141597529135674e-5,7.800653481284639e-5,-1.4118805712091628e-5,0.06859418921119136,-0.15499314665794373,-0.10020383447408676,0.311955064535141,1.9568061828613281,-0.4911521077156067,-1.923509120941162,-1.0048632621765137,-2.0532257556915283,-1.4511241912841797,-2.8948826789855957,-0.4480305016040802,-0.05404478311538696
0.05818037499999998,0.0034223749999999996,17.0,2.143895650549835,1.2293830427470984,0.20399189933489495,6.714754544374635e-5,5.720269670519504e-5,-1.0452014536382781e-5,0.0685865576049813,-0.15576887130737305,-0.09947556257247925,0.31394651532173157,1.9643415212631226,-0.47136467695236206,-1.9493556022644043,-1.008758783340454,-2.0611865520477295,-1.4627553224563599,-2.886216878890991,-0.4939117133617401,-0.05642157793045044
0.05818037499999998,0.0034223749999999996,17.0,2.14953172350678,1.2351849576066034,0.20417929831940168,4.5637965522174884e-5,3.879729274403214e-5,-7.118476073295542e-6,0.06857583008618708,-0.15984660387039185,-0.09850902110338211,0.3187271058559418,1.9917376041412354,-0.45727869868278503,-2.0440592765808105,-1.0099021196365356,-2.0698132514953613,-1.4809788465499878,-2.833645820617676,-0.5594034194946289,-0.08051890134811401
0.05818037499999998,0.0034223749999999996,17.0,2.1543524649345085,1.24015132435884,0.20430996845089877,2.5413354183653366e-5,2.1556044822282203e-5,-3.981304777626623e-6,0.06856556242746498,-0.16115272045135498,-0.09752288460731506,0.3205239474773407,1.997951626777649,-0.43738657236099243,-2.070436954498291,-1.0145727396011353,-2.07906174659729,-1.4968925714492798,-2.8195741176605225,-0.6057115793228149,-0.08061832189559937
0.05818037499999998,0.0034223749999999996,17.0,2.132304838072765,-1.2422143619546333,0.1707394103785492,-0.013537370184839373,-0.0003619195805691276,-0.00630145911271031,0.06856735326993091,0.036470577120780945,0.008554566651582718,-0.13500136137008667,0.2512785494327545,0.3314443528652191,-1.0954906940460205,0.39390555024147034,-0.6650251746177673,-0.5691171288490295,0.45612025260925293,-1.0277849435806274,-0.00456547737121582
0.05818037499999998,0.0034223749999999996,17.0,2.1277058893426917,-1.23757978342468,0.17095920900679,-0.007298121656762368,-0.00018597002441014416,-0.003407128056860499,0.06856824672295035,0.033328086137771606,0.01169669907540083,-0.12875106930732727,0.2453141063451767,0.3497889041900635,-1.1188368797302246,0.3450910747051239,-0.673755943775177,-0.552975058555603,0.48865270614624023,-1.0602532625198364,0.0045487284660339355
0.05818037499999998,0.0034223749999999996,17.0,2.122334780695824,-1.2321876336082822,0.17101129149018962,-0.005990072831034773,-0.00015025630224754492,-0.00279828248737769,0.06857006812779651,0.03159718215465546,0.013034899719059467,-0.12670117616653442,0.24771392345428467,0.36634573340415955,-1.1416525840759277,0.3251987397670746,-0.6788665652275085,-0.5493898391723633,0.49553561210632324,-1.0828384160995483,0.005439102649688721
0.05818037499999998,0.0034223749999999996,17.0,2.116154348467905,-1.225986545755667,0.171048531497497,-0.005416762970999118,-0.00013461982726880974,-0.002533776948846204,0.068571873598243,0.031077176332473755,0.01348146889358759,-0.12497308850288391,0.23935630917549133,0.3561823070049286,-1.1456668376922607,0.3098427355289459,-0.6674426198005676,-0.5485010147094727,0.5122203826904297,-1.0807377099990845,0.0016311407089233398
0.05818037499999998,0.0034223749999999996,17.0,2.1091194829937807,-1.2189470147357298,0.1711048264649547,-0.0050697616054905725,-0.0001240555291040694,-0.0023735045213777776,0.0685735051500565,0.029967710375785828,0.014111178927123547,-0.12310609221458435,0.23754048347473145,0.35833030939102173,-1.1624500751495361,0.29235199093818665,-0.6632209420204163,-0.5457146763801575,0.5228743553161621,-1.0911295413970947,-0.0015775561332702637
0.05818037499999998,0.0034223749999999996,17.0,2.101271828412903,-1.2110936261019596,0.171156389387235,-0.0048362730606126255,-0.00011755648059235905,-0.0022669421925729668,0.06857539920894781,0.029370754957199097,0.01422641146928072,-0.12100756168365479,0.23075218498706818,0.3487253487110138,-1.1701059341430664,0.2786647081375122,-0.6536023020744324,-0.5436384081840515,0.5371420383453369,-1.0898927450180054,-0.005042612552642822
0.05818037499999998,0.0034223749999999996,17.0,2.0924145411313995,-1.2013440560270896,0.16898911687778304,-0.004674317963330082,-0.00014586387372779485,-0.0021446128648860774,0.06861356194495549,0.028524354100227356,0.014180679805576801,-0.1187455952167511,0.2249557226896286,0.34660395979881287,-1.1783080101013184,0.2595912218093872,-0.650013267993927,-0.548945963382721,0.551199197769165,-1.091134786605835,-0.0042192935943603516
0.05818037499999998,0.0034223749999999996,17.0,2.082902775903569,-1.1918263298778324,0.16904411304443695,-0.004515611992143668,-0.00014015596097213007,-0.002073436522429167,0.06861544039219296,0.02769230306148529,0.014491877518594265,-0.11665254831314087,0.2200995683670044,0.34196269512176514,-1.1891911029815674,0.2453421652317047,-0.6435657143592834,-0.5473783612251282,0.5619189739227295,-1.0928449630737305,-0.00669628381729126
0.05818037499999998,0.0034223749999999996,17.0,2.0725635740048087,-1.1814822444159518,0.16911026213007035,-0.004379879743220414,-0.00013524430688257065,-0.0020128918186665683,0.06861732271241314,0.026898518204689026,0.014659068547189236,-0.11418601870536804,0.21405941247940063,0.334520548582077,-1.1986644268035889,0.23047903180122375,-0.6358370184898376,-0.5456587672233582,0.5737380981445312,-1.0927702188491821,-0.009243011474609375
0.05818037499999998,0.0034223749999999996,17.0,2.061361425207314,-1.170304908591495,0.16918675327663488,-0.0042482269513922635,-0.00012964846172437358,-0.0019547481145820197,0.06861908397003633,0.026201948523521423,0.014643763191998005,-0.1114446222782135,0.20627658069133759,0.32361283898353577,-1.2042903900146484,0.2168884128332138,-0.6272353529930115,-0.5451241731643677,0.5859503746032715,-1.088777780532837,-0.011030614376068115
0.05818037499999998,0.0034223749999999996,17.0,2.0493054737969887,-1.1583394153161837,0.16949574996202058,-0.004121834455901826,-0.0001247008125270494,-0.0019014842331826535,0.068616511050913,0.02548755705356598,0.014603852294385433,-0.10885992646217346,0.20089828968048096,0.3160807490348816,-1.2126505374908447,0.20674316585063934,-0.6221442818641663,-0.542270839214325,0.59393310546875,-1.0863837003707886,-0.011797428131103516
0.05818037499999998,0.0034223749999999996,17.0,2.0365236720519424,-1.145460883378199,0.16926319495575862,-0.004001415147464775,-0.00012200997740117692,-0.001842789496585169,0.06862264983434395,0.025015220046043396,0.014771680347621441,-0.10772061347961426,0.19734671711921692,0.31399405002593994,-1.2171299457550049,0.20347440242767334,-0.6216530203819275,-0.542814314365387,0.5963289737701416,-1.0829882621765137,-0.010006964206695557
0.05818037499999998,0.0034223749999999996,17.0,2.022888262299995,-1.1317966551096776,0.16925784727043278,-0.003905479269645764,-0.0001209012031049396,-0.001797576049979889,0.06862433639001723,0.024690106511116028,0.014951608143746853,-0.10757148265838623,0.19775927066802979,0.3176581561565399,-1.2251636981964111,0.20795126259326935,-0.6279147267341614,-0.540587842464447,0.5904295444488525,-1.0786799192428589,-0.00583571195602417
0.05818037499999998,0.0034223749999999996,17.0,2.0083620864866,-1.1173255477548838,0.16946489482437813,-0.00376888358701331,-0.00011692927238121804,-0.0017372400143309998,0.06862275405401642,0.02449136972427368,0.015005688183009624,-0.1068488359451294,0.19453111290931702,0.3132424056529999,-1.2284142971038818,0.21012845635414124,-0.6297182440757751,-0.5380890965461731,0.5875799655914307,-1.0685187578201294,-0.002452850341796875
0.05818037499999998,0.0034223749999999996,17.0,1.992997524613764,-1.1019870709854624,0.169504644003868,-0.003607278611287381,-0.00011090532317650308,-0.0016635987433403798,0.0686246103947718,0.023841440677642822,0.015063355676829815,-0.10510990023612976,0.19124551117420197,0.31056734919548035,-1.235243797302246,0.20286589860916138,-0.6298969388008118,-0.5378267765045166,0.5897653102874756,-1.0635910034179688,-0.0003769397735595703
0.05818037499999998,0.0034223749999999996,17.0,1.9768030760547526,-1.0857938521449537,0.1694820673699192,-0.0034409684342680048,-0.0001045233258291946,-0.0015872051678160967,0.06862694949981682,0.023176491260528564,0.01568039506673813,-0.1044648289680481,0.18988463282585144,0.3139146864414215,-1.2425658702850342,0.194540873169899,-0.6313126683235168,-0.5392898917198181,0.5894856452941895,-1.062819480895996,0.0011688470840454102
0.05818037499999998,0.0034223749999999996,17.0,1.9597930274654165,-1.0687982179184223,0.16951316953878096,-0.00327431058038973,-9.908696762066207e-5,-0.0015108190251602465,0.06862940719156516,0.02270852029323578,0.015572606585919857,-0.10269418358802795,0.1854780614376068,0.30731338262557983,-1.2468581199645996,0.1900256872177124,-0.6314287781715393,-0.5374701023101807,0.5898542404174805,-1.0526232719421387,0.004096806049346924
0.05818037499999998,0.0034223749999999996,17.0,1.941941151157701,-1.0509726964527124,0.1695468614556565,-0.003079674444669802,-9.314225493853103e-5,-0.0014214999009750477,0.06863215474606225,0.022488906979560852,0.015312639065086842,-0.10145097970962524,0.18041332066059113,0.2989295721054077,-1.2471518516540527,0.19350239634513855,-0.6350045800209045,-0.5358827114105225,0.5851523876190186,-1.0343341827392578,0.010328233242034912
0.05818037499999998,0.0034223749999999996,17.0,1.923485843069674,-1.0333432692231193,0.17179122504463407,-0.0029240314259154285,-6.697209761002362e-5,-0.0013800546857124936,0.06860085922153208,0.021827206015586853,0.016009945422410965,-0.0994909405708313,0.17561191320419312,0.290711909532547,-1.2544591426849365,0.18287476897239685,-0.6274159550666809,-0.5286886692047119,0.5872671604156494,-1.0306421518325806,0.006943643093109131
0.05818037499999998,0.0034223749999999996,17.0,1.9039731155603734,-1.0138566275686478,0.1718432366417012,-0.0027661859570545073,-6.325565362298393e-5,-0.0013061131245952016,0.06860415234883227,0.021253123879432678,0.015998870134353638,-0.09793657064437866,0.1731773316860199,0.28842583298683167,-1.2623693943023682,0.18032199144363403,-0.6313039660453796,-0.5258052349090576,0.5832128524780273,-1.0209890604019165,0.011219501495361328
0.05818037499999998,0.0034223749999999996,17.0,1.8834344285961486,-0.9924839214794624,0.16962094063100955,-0.002559759680497865,-7.647819140322085e-5,-0.0011820530800650333,0.06864125942123128,0.020635589957237244,0.015727419406175613,-0.09627676010131836,0.16908159852027893,0.287238746881485,-1.2651278972625732,0.17532514035701752,-0.6388211846351624,-0.5315747261047363,0.5808539390563965,-1.0082905292510986,0.019966185092926025
0.05818037499999998,0.0034223749999999996,17.0,1.8622905896086124,-0.9713325692873109,0.1697102461905925,-0.0023462575054717144,-6.95953480952477e-5,-0.0010841695169786475,0.06864413925381481,0.020156949758529663,0.015897363424301147,-0.09275266528129578,0.15616557002067566,0.26477858424186707,-1.2574636936187744,0.15957097709178925,-0.6281303763389587,-0.5308037996292114,0.5865235328674316,-0.9909412860870361,0.02058243751525879
0.05818037499999998,0.0034223749999999996,17.0,1.8402984109476082,-0.9493467005194911,0.1697340084112025,-0.002148047170444276,-6.392891196421245e-5,-0.0009926215316148636,0.06864754132582532,0.01970672607421875,0.01587071269750595,-0.0916953980922699,0.15427330136299133,0.2633569836616516,-1.2645957469940186,0.16158275306224823,-0.6345750689506531,-0.5272791385650635,0.5781528949737549,-0.9775488376617432,0.026371479034423828
0.05818037499999998,0.0034223749999999996,17.0,1.8175038828497299,-0.92653715308428,0.16979157555884117,-0.0019527344885598584,-5.849222907691648e-5,-0.0009021944449821721,0.06865051909634637,0.019089430570602417,0.015929505228996277,-0.08984550833702087,0.1510925590991974,0.25983887910842896,-1.2714145183563232,0.15727604925632477,-0.6374356150627136,-0.5244846343994141,0.5737674236297607,-0.967412531375885,0.03027474880218506
0.05818037499999998,0.0034223749999999996,17.0,1.7939010650403104,-0.9028913428962511,0.1698125424100756,-0.00181742626014391,-5.514239056335571e-5,-0.0008388892220304014,0.06865375112744027,0.018347710371017456,0.016495730727910995,-0.09046131372451782,0.15557578206062317,0.2761613130569458,-1.2882473468780518,0.15754809975624084,-0.6489265561103821,-0.5263492465019226,0.5634963512420654,-0.9674582481384277,0.035147130489349365
0.05818037499999998,0.0034223749999999996,17.0,1.7693912583477662,-0.8784000973289141,0.16987622495732074,-0.0015997912115661517,-4.824860332535701e-5,-0.0007383494465488959,0.06866055637354895,0.017612963914871216,0.01661904901266098,-0.0890379250049591,0.1542113721370697,0.2801857888698578,-1.2976429462432861,0.15493543446063995,-0.6561861634254456,-0.5262266397476196,0.555504560470581,-0.9594845771789551,0.041025400161743164
0.05818037499999998,0.0034223749999999996,17.0,1.7441289701923208,-0.8530750584699344,0.1700043802049308,-0.0014105020717378488,-4.248011086486656e-5,-0.0006507774747797169,0.06866872437820486,0.01667146384716034,0.016977302730083466,-0.08576878905296326,0.14756478369235992,0.2760205864906311,-1.3011231422424316,0.14049014449119568,-0.6544981598854065,-0.52652508020401,0.5537159442901611,-0.9548936486244202,0.043899714946746826
0.05818037499999998,0.0034223749999999996,17.0,1.7180222317281812,-0.8269079908984267,0.17015839713253075,-0.0012226980700488772,-3.658789106830824e-5,-0.0005638325306949256,0.06867998034623349,0.015907302498817444,0.017253931611776352,-0.08263197541236877,0.13855552673339844,0.2690151035785675,-1.3000810146331787,0.1307181715965271,-0.6543223261833191,-0.5266624093055725,0.5456132888793945,-0.9413406848907471,0.04950845241546631
0.05818037499999998,0.0034223749999999996,17.0,1.6910666939513521,-0.7999381411846039,0.17033878765163557,-0.0010722617003221767,-3.020062473311585e-5,-0.0004922495964397368,0.06870344440259442,0.014662742614746094,0.01730652153491974,-0.07800772786140442,0.13054101169109344,0.2683635354042053,-1.3059349060058594,0.12058787047863007,-0.6581738591194153,-0.5240908265113831,0.5337750911712646,-0.9330253005027771,0.05748623609542847
0.05818037499999998,0.0034223749999999996,17.0,1.6632407326036127,-0.7721751091578607,0.17058632517274458,-0.0009399927655086482,-2.3998619241299656e-5,-0.00042887257093706006,0.06873387888748202,0.016210541129112244,0.017318617552518845,-0.07276391983032227,0.10791714489459991,0.25674280524253845,-1.2952086925506592,0.11568428575992584,-0.6440214514732361,-0.5125268697738647,0.5014903545379639,-0.9051356315612793,0.05787843465805054
0.05818037499999998,0.0034223749999999996,17.0,1.6345638264331874,-0.7435363162249545,0.17085259443272646,-0.0007767495362205045,-1.773113658268518e-5,-0.00035325871609002046,0.06875395204091082,0.02013958990573883,0.019037004560232162,-0.06770047545433044,0.06989729404449463,0.23397855460643768,-1.2577929496765137,0.09387142956256866,-0.5962473750114441,-0.49441927671432495,0.4660766124725342,-0.8771382570266724,0.04061269760131836
0.05818037499999998,0.0034223749999999996,17.0,1.6049571088364105,-0.714041172913984,0.17118860554246224,-0.0006637301880757955,-1.3375525818661686e-5,-0.000301064046345372,0.06876474143423093,0.024044543504714966,0.0210423544049263,-0.06234362721443176,0.029862910509109497,0.20621228218078613,-1.2073242664337158,0.07035167515277863,-0.5401570200920105,-0.46702298521995544,0.4309871196746826,-0.8412140607833862,0.01915985345840454
0.05818037499999998,0.0034223749999999996,17.0,1.5744734027273743,-0.6845790665287687,0.17420105130704108,-0.0004972889664470739,-5.389334152301991e-6,-0.00022835868823772778,0.06874605556367934,0.02951933443546295,0.02458352968096733,-0.05762866139411926,-0.01682165265083313,0.17214839160442352,-1.1310503482818604,0.04246221110224724,-0.4510197639465332,-0.4163264334201813,0.39082980155944824,-0.7935780882835388,-0.02432417869567871
0.05818037499999998,0.0034223749999999996,17.0,1.5430809649513806,-0.6532656186935585,0.1744542930870279,-0.00029964261308488264,-2.935963771976062e-6,-0.00013707010524490468,0.06873705268180258,0.017975538969039917,0.012499946169555187,-0.03768789768218994,-0.24673962593078613,-0.11086364835500717,-0.7584841251373291,-0.337394654750824,-0.14187026023864746,-0.48062342405319214,0.311687707901001,-0.548901379108429,-0.08651447296142578
0.05818037499999998,0.0034223749999999996,17.0,1.5109207074910398,-0.6211111603949985,0.17455796613327776,-0.0001239465609021033,-1.0859579886973926e-6,-5.678695708535514e-5,0.0687158771931845,0.012925833463668823,0.019930437207221985,-0.026755720376968384,-0.2871188521385193,-0.10705965012311935,-0.5688419342041016,-0.3654220998287201,-0.01793879270553589,-0.4136509299278259,0.3153676986694336,-0.4950924217700958,-0.1633700728416443
0.05818037499999998,0.0034223749999999996,17.0,1.4780360396064827,-0.588142611591202,0.17463534442994358,6.379044373190357e-5,5.694428241764991e-7,2.9167097974819965e-5,0.06870347983972433,0.007278650999069214,0.02842545509338379,-0.018762558698654175,-0.31332260370254517,-0.09789938479661942,-0.37087059020996094,-0.380601704120636,0.11745864152908325,-0.3525586724281311,0.3358631134033203,-0.42456549406051636,-0.2617133855819702
0.05818037499999998,0.0034223749999999996,17.0,1.4443387503454919,-0.5544190641329865,0.17468381497421487,0.0001912191525643501,1.6461749574727874e-6,8.743989922724624e-5,0.06869311751729108,0.0029298067092895508,0.03793932497501373,-0.013459891080856323,-0.3287811875343323,-0.0845443606376648,-0.18332386016845703,-0.3857554495334625,0.26224780082702637,-0.30872175097465515,0.37098264694213867,-0.3628019094467163,-0.3788614571094513
0.05818037499999998,0.0034223749999999996,17.0,1.4098496238357565,-0.5199024869419717,0.17470379614844533,0.0003367973901003135,3.0399975522883725e-6,0.00015395342370453722,0.0686917964861087,-0.0008015632629394531,0.04481925815343857,-0.013243138790130615,-0.3284568190574646,-0.0909772515296936,-0.09358692169189453,-0.3969394266605377,0.3339328169822693,-0.291761577129364,0.41564154624938965,-0.3318674862384796,-0.442849725484848
0.05818037499999998,0.0034223749999999996,17.0,1.3745434065408233,-0.48459466632823933,0.17479234888497733,0.0004880816607645545,4.5373150671899246e-6,0.00022303512999385242,0.06869075013627647,-0.0032104849815368652,0.04868775233626366,-0.012443333864212036,-0.3245554566383362,-0.1042480543255806,-0.05616903305053711,-0.41655030846595764,0.35616010427474976,-0.2830605208873749,0.44965291023254395,-0.33234289288520813,-0.4649496376514435
0.05818037499999998,0.0034223749999999996,17.0,1.3384403501759254,-0.4484607512048859,0.1748942367175891,0.0006412900171758003,5.908511063119692e-6,0.0002929508433042872,0.06868881943918699,-0.004013240337371826,0.05095410346984863,-0.00984528660774231,-0.321796715259552,-0.11509233713150024,-0.03286600112915039,-0.4386546313762665,0.36175113916397095,-0.2777099609375,0.469512939453125,-0.3538690507411957,-0.4719136655330658
0.05818037499999998,0.0034223749999999996,17.0,1.3015027435691304,-0.41151531677083186,0.17498914046153788,0.0008020812897287733,8.062292098882872e-6,0.00036596070717518655,0.06869315613203805,-0.004268676042556763,0.05177841708064079,-0.007272839546203613,-0.32240796089172363,-0.10848827660083771,-0.03462815284729004,-0.4328659474849701,0.370813250541687,-0.2598612308502197,0.4664926528930664,-0.3640064597129822,-0.4807968735694885
0.05818037499999998,0.0034223749999999996,17.0,1.263726888493778,-0.3737389485727763,0.17506422948664419,0.0009876982020312797,1.1164500030813959e-5,0.0004501113479426861,0.06869998694959382,-0.004344969987869263,0.052281420677900314,-0.005239397287368774,-0.32425904273986816,-0.096735380589962,-0.04547429084777832,-0.41412755846977234,0.3806583285331726,-0.2390269935131073,0.45504212379455566,-0.36743661761283875,-0.4901551902294159
0.05818037499999998,0.0034223749999999996,17.0,1.225174975365309,-0.33512771029012284,0.1751737211278564,0.0011079639757024396,1.2778422627412559e-5,0.0005042552169313656,0.06870144927517682,-0.0028200745582580566,0.052647195756435394,-0.0019687116146087646,-0.32059377431869507,-0.09613551199436188,-0.04668426513671875,-0.42367151379585266,0.3748796880245209,-0.22768554091453552,0.4492988586425781,-0.4024882912635803,-0.4881938695907593
0.05818037499999998,0.0034223749999999996,17.0,1.1857644768874536,-0.29567885905528024,0.1752669132983572,0.001218497197802893,1.4312637651876138e-5,0.0005542893223026227,0.06869975511277064,-0.0019338726997375488,0.05325678735971451,0.0008196532726287842,-0.3141995072364807,-0.09858550131320953,-0.04506063461303711,-0.4291818141937256,0.3646230697631836,-0.21345677971839905,0.4476187229156494,-0.424552321434021,-0.48466700315475464
0.05818037499999998,0.0034223749999999996,17.0,1.1454824987343264,-0.2554096685288076,0.17532575048428764,0.0014623256699938475,1.852183893779331e-5,0.0006651036421664834,0.06870121492111973,-0.0019354522228240967,0.05343085899949074,0.002504289150238037,-0.30984097719192505,-0.08773436397314072,-0.058228254318237305,-0.40571147203445435,0.36260196566581726,-0.18683864176273346,0.43352508544921875,-0.42144858837127686,-0.48800885677337646
0.05818037499999998,0.0034223749999999996,17.0,1.1043810338889588,-0.21430353848305433,0.17538583231182392,0.0016795317702401114,2.2827317032313352e-5,0.0007624639672801887,0.06870572180107731,-0.001473546028137207,0.05365756154060364,0.003725588321685791,-0.3071399927139282,-0.07736893743276596,-0.07329177856445312,-0.38034293055534363,0.3596894443035126,-0.16885270178318024,0.41661620140075684,-0.4179712235927582,-0.48958560824394226
0.05818037499999998,0.0034223749999999996,17.0,1.0624114734512373,-0.17236455050460078,0.17553455918111635,0.0019064100838973026,2.6086985990888857e-5,0.0008652519732629527,0.06870634544779713,-0.0007007718086242676,0.053792644292116165,0.006526291370391846,-0.30618542432785034,-0.06560046970844269,-0.08277249336242676,-0.36763882637023926,0.36067089438438416,-0.16266366839408875,0.40308165550231934,-0.42673516273498535,-0.49219098687171936
0.05818037499999998,0.0034223749999999996,17.0,1.0195937742186543,-0.129605995793547,0.1757250938913896,0.0019408232612157874,2.5506854333079656e-5,0.000879129532888982,0.0687084595209216,-0.0015291273593902588,0.05403095483779907,0.012017786502838135,-0.3141859173774719,-0.04536178708076477,-0.086578369140625,-0.35048794746398926,0.3858916461467743,-0.1824778914451599,0.3935065269470215,-0.39902883768081665,-0.5093660354614258
0.05818037499999998,0.0034223749999999996,17.0,0.9757022834228448,-0.08612233776987364,0.1759406018056198,0.001937633473661564,2.164222419672824e-5,0.0008721398734194922,0.0686925448813618,-0.007175475358963013,0.05213811621069908,0.01953357458114624,-0.2662612199783325,-0.16730545461177826,-0.09648299217224121,-0.35627689957618713,0.3839280605316162,-0.32880496978759766,0.4250955581665039,-0.1059061586856842,-0.5388398170471191
0.05818037499999998,0.0034223749999999996,17.0,0.9306572599063905,-0.04203926626713462,0.17619142447476457,0.0017840207068988369,1.7581009231118928e-5,0.0007947111473244158,0.06867972171918783,-0.025457918643951416,0.04535192996263504,0.02842247486114502,-0.19594159722328186,-0.3981034755706787,-0.11680197715759277,-0.30555465817451477,0.41681477427482605,-0.5814009308815002,0.41715335845947266,0.5124757885932922,-0.604840874671936
0.05818037499999998,0.0034223749999999996,17.0,0.8850838216774554,0.0029915633522258137,0.17705359892429776,-9.853751622803785e-6,-3.0357218443619095e-8,-4.502933261573971e-6,0.0685611698693493,-0.04663074016571045,0.04010884091258049,0.06698468327522278,0.23840151727199554,-0.36770501732826233,-0.9810378551483154,-0.6264981031417847,-0.8763688206672668,-0.5234352946281433,0.2512848377227783,0.47747156023979187,0.20608562231063843
0.05818037499999998,0.0034223749999999996,17.0,0.9290312886915412,0.047981332945556496,0.17762386427238203,-0.0018070009846064563,1.0567117433860696e-5,-0.0008205554921283484,0.06853815118998054,-0.09399458765983582,0.03057483211159706,0.08489993214607239,0.37817975878715515,-0.31269362568855286,-1.1110382080078125,-0.7944610714912415,-1.0252511501312256,-0.7498216032981873,0.19680237770080566,0.608760416507721,0.2097063660621643
0.05818037499999998,0.0034223749999999996,17.0,0.972739667180227,0.09197258102227664,0.17788526450827336,-0.0019693526750255747,2.1704417795110273e-5,-0.0008899045827390904,0.06852243045596126,-0.12282687425613403,0.015633437782526016,0.09403344988822937,0.44833052158355713,-0.2340567409992218,-1.1465134620666504,-0.9384182095527649,-1.1001501083374023,-0.8621343374252319,0.16379261016845703,0.6387377977371216,0.22511500120162964
0.05818037499999998,0.0034223749999999996,17.0,1.016251698185213,0.1354513026288464,0.1779530078734233,-0.00197302496721598,2.349900036456546e-5,-0.0008913354363928244,0.06852125989476034,-0.12726542353630066,0.0102467006072402,0.09554418921470642,0.4477505683898926,-0.22072547674179077,-1.1155619621276855,-0.9600884914398193,-1.0846736431121826,-0.8987194299697876,0.16085219383239746,0.6825830936431885,0.21785688400268555
0.05818037499999998,0.0034223749999999996,17.0,1.0589479346049384,0.1780680369030381,0.1780779502872563,-0.0018975541346437936,2.210258873213049e-5,-0.0008564209723035992,0.06852190779167658,-0.1305760145187378,0.005861091427505016,0.10007938742637634,0.45707350969314575,-0.17817836999893188,-1.1437220573425293,-0.9627578258514404,-1.086545467376709,-0.9254738092422485,0.16429448127746582,0.6679278612136841,0.21252143383026123
0.05818037499999998,0.0034223749999999996,17.0,1.1009531729497861,0.21992120093170223,0.17811302249871933,-0.0018369477774612347,1.9411027949457877e-5,-0.0008277289065434704,0.06852113011781043,-0.1310919225215912,0.003156101331114769,0.10322651267051697,0.4594172239303589,-0.16306304931640625,-1.1515111923217773,-0.9506024122238159,-1.0765395164489746,-0.937012791633606,0.16661429405212402,0.6735975742340088,0.20239323377609253
0.05818037499999998,0.0034223749999999996,17.0,1.142163714725822,0.26092349992783337,0.17817224236885082,-0.001645103878663773,1.4289745800960065e-5,-0.0007400527859073283,0.06852192416066107,-0.1282685399055481,0.002671245951205492,0.10529854893684387,0.454573392868042,-0.1812528371810913,-1.136132001876831,-0.9300570487976074,-1.0654428005218506,-0.9231364130973816,0.15809011459350586,0.7173473238945007,0.19767731428146362
0.05818037499999998,0.0034223749999999996,17.0,1.182877397783758,0.3022020433027918,0.17532327670427397,-0.001339219647031509,-3.589639614687581e-6,-0.0005902389866894603,0.06857262324415984,-0.12779229879379272,-0.003498275764286518,0.11024150252342224,0.4736199975013733,-0.1430673897266388,-1.1806282997131348,-0.8939874768257141,-1.0940117835998535,-0.9122189283370972,0.131333589553833,0.7296667098999023,0.2076702117919922
0.05818037499999998,0.0034223749999999996,17.0,1.2223678690490483,0.34157960165970436,0.17538652607993033,-0.0012271513768113453,-4.2970276720217155e-6,-0.0005401847744042474,0.06857279212219117,-0.1267140507698059,-0.005937740206718445,0.1132567822933197,0.4812130928039551,-0.11838427931070328,-1.1977534294128418,-0.875020444393158,-1.0987269878387451,-0.9139052033424377,0.12315845489501953,0.7304364442825317,0.2054060697555542
0.05818037499999998,0.0034223749999999996,17.0,1.2610245118381,0.3801435666404336,0.17544357937815402,-0.0010033797537465135,-4.0194624626004005e-6,-0.0004410886107736595,0.06857291367420151,-0.1254529356956482,-0.008579546585679054,0.1159721314907074,0.49009132385253906,-0.09385046362876892,-1.2116420269012451,-0.8523563146591187,-1.1054399013519287,-0.9143502712249756,0.10957002639770508,0.7338647246360779,0.20396411418914795
0.05818037499999998,0.0034223749999999996,17.0,1.2988474225359294,0.4178794549070488,0.17549953337725244,-0.0008345586811398289,-3.7535266522429573e-6,-0.00036641464179913583,0.06857339445002003,-0.12297341227531433,-0.009773928672075272,0.11774793267250061,0.4967471957206726,-0.06692396849393845,-1.2124643325805664,-0.8274245858192444,-1.1091091632843018,-0.9233801960945129,0.09278512001037598,0.7309063673019409,0.1999834179878235
0.05818037499999998,0.0034223749999999996,17.0,1.3358294649287412,0.4547697726589181,0.17555889695794874,-0.0006680024877487803,-3.364015197614868e-6,-0.00029295455638437764,0.0685737780235225,-0.12100911140441895,-0.012338054366409779,0.11987605690956116,0.506159245967865,-0.04441956430673599,-1.222224235534668,-0.799791157245636,-1.1168241500854492,-0.9212830662727356,0.07696962356567383,0.7351812124252319,0.19900691509246826
0.05818037499999998,0.0034223749999999996,17.0,1.3719817593482013,0.49081032022307924,0.17560951204326736,-0.0005083663574082745,-2.9205123594523985e-6,-0.00022257156632146097,0.06857349651508693,-0.11884292960166931,-0.0158876720815897,0.12221017479896545,0.5163207054138184,-0.021077070385217667,-1.2343597412109375,-0.7665329575538635,-1.1258060932159424,-0.9162878394126892,0.05785942077636719,0.7420369386672974,0.1994522213935852
0.05818037499999998,0.0034223749999999996,17.0,1.407299093965956,0.5260256786935416,0.1756709302056655,-0.00035233233028390034,-2.2315722460941484e-6,-0.000154060985543393,0.06857355784355551,-0.11681520938873291,-0.020807605236768723,0.12478604912757874,0.5274418592453003,0.002935737604275346,-1.2486107349395752,-0.7265728712081909,-1.134049892425537,-0.9107871055603027,0.0354008674621582,0.7517915964126587,0.19990569353103638
0.05818037499999998,0.0034223749999999996,17.0,1.4417803627512285,0.5604131735909715,0.1757372622698321,-0.0002150408629688423,-1.4592044244470086e-6,-9.393022786679998e-5,0.06857427211010358,-0.11578604578971863,-0.030611932277679443,0.12533292174339294,0.5309734344482422,0.02879692241549492,-1.2594618797302246,-0.6641450524330139,-1.147911548614502,-0.8995233178138733,-0.008218526840209961,0.7817696332931519,0.222905695438385
0.05818037499999998,0.0034223749999999996,17.0,1.4754211810528663,0.5938733198170715,0.17581739197614782,-2.5736056402354875e-5,-2.0762037337366412e-7,-1.1235040624084154e-5,0.06857761702362339,-0.11722826957702637,-0.0464448519051075,0.1223016083240509,0.5437963008880615,0.05462798848748207,-1.2435402870178223,-0.5770877003669739,-1.1711840629577637,-0.8889867663383484,-0.10881543159484863,0.8353843688964844,0.2606838345527649
0.05818037499999998,0.0034223749999999996,17.0,1.508199166077893,0.6263682767399222,0.17583464601547258,0.00015005485563232595,1.4737924829663556e-6,6.513201400955857e-5,0.06857649017998929,-0.12052610516548157,-0.06052743270993233,0.1175399124622345,0.5899810791015625,0.1023612916469574,-1.1653356552124023,-0.5029662847518921,-1.1932132244110107,-0.9237264394760132,-0.28606247901916504,0.838172197341919,0.2689865231513977
0.05818037499999998,0.0034223749999999996,17.0,1.5400496728568571,0.6579821324555425,0.17583192336833467,0.00033102981589658623,3.768544467145139e-6,0.00014231757352720938,0.06857597462286318,-0.12671151757240295,-0.07274196296930313,0.11517730355262756,0.696181058883667,0.15334098041057587,-1.0223426818847656,-0.4604186415672302,-1.2251691818237305,-0.9874888062477112,-0.5741239786148071,0.7964476346969604,0.23352140188217163
0.05818037499999998,0.0034223749999999996,17.0,1.5710488157678149,0.6887243236049576,0.17578661098866905,0.0005394896276074214,6.682261990072377e-6,0.00022767938471855362,0.0685709242533793,-0.14775347709655762,-0.10602689534425735,0.18621978163719177,1.3623957633972168,-0.24072152376174927,-1.5841989517211914,-0.609494149684906,-1.8638193607330322,-0.9427372217178345,-1.6991004943847656,0.06880711764097214,0.36650580167770386
0.05818037499999998,0.0034223749999999996,17.0,1.6011267911012144,0.7185580512442906,0.17625131853001555,0.0007255010322034226,7.716471032370718e-6,0.0002938332750164588,0.06856538015723947,-0.14991316199302673,-0.10632418096065521,0.20420852303504944,1.4811797142028809,-0.3279474079608917,-1.605405330657959,-0.700321614742279,-1.8833191394805908,-1.0141139030456543,-1.9391220808029175,0.051607660949230194,0.27488964796066284
0.05818037499999998,0.0034223749999999996,17.0,1.6303902633065357,0.7476985988993814,0.17689768214099108,0.0008651450579483466,5.950362088673668e-6,0.0003343685461705371,0.06855920013281284,-0.14956390857696533,-0.1080210730433464,0.22302189469337463,1.5811082124710083,-0.43978962302207947,-1.6045570373535156,-0.8023486733436584,-1.8955249786376953,-1.0974829196929932,-2.235783576965332,0.11049351841211319,0.19521063566207886
0.05818037499999998,0.0034223749999999996,17.0,1.6588168955904234,0.776093554286893,0.17780194308108824,0.0010116833528352543,1.6282050387499183e-6,0.000373410820445363,0.06856096891121717,-0.15280979871749878,-0.10779007524251938,0.24154457449913025,1.6653512716293335,-0.5123720765113831,-1.6905179023742676,-0.8625250458717346,-1.9101130962371826,-1.1775134801864624,-2.3696744441986084,0.11124732345342636,0.12425750494003296
0.05818037499999998,0.0034223749999999996,17.0,1.6862012328935423,0.8038822751683488,0.179073181442812,0.0011439405885198218,-8.395644255175074e-6,0.0004030834304571791,0.0685669383463671,-0.15181392431259155,-0.10842166841030121,0.25036290287971497,1.7040756940841675,-0.5738692879676819,-1.6793088912963867,-0.9037373661994934,-1.9053330421447754,-1.2095035314559937,-2.5055599212646484,0.16094870865345,0.0834963321685791
0.05818037499999998,0.0034223749999999996,17.0,1.713255406962208,0.8308447307372696,0.1798519982570334,0.001294044149818794,-1.3454841963190212e-5,0.0004470176047786474,0.0686053252944979,-0.15155860781669617,-0.10885431617498398,0.25793108344078064,1.7391546964645386,-0.6051887273788452,-1.6925129890441895,-0.9228516221046448,-1.9045233726501465,-1.2234447002410889,-2.569122791290283,0.17541807889938354,0.048120200634002686
0.05818037499999998,0.0034223749999999996,17.0,1.7394400479758898,0.856977932624767,0.18024614299309988,0.0014839154763926891,-1.804520624794208e-5,0.0005063534078859578,0.06861206894364114,-0.15070220828056335,-0.10843856632709503,0.2623947560787201,1.7552480697631836,-0.6137104630470276,-1.6839594841003418,-0.9382345080375671,-1.911761999130249,-1.2438746690750122,-2.6236014366149902,0.166021928191185,0.03917878866195679
0.05818037499999998,0.0034223749999999996,17.0,1.764735196587229,0.8822988458426182,0.18065585701965534,0.0016740766211769836,-2.202473586009741e-5,0.0005683430864626947,0.06861568020699092,-0.15240103006362915,-0.10785695165395737,0.26958855986595154,1.7866743803024292,-0.6216611862182617,-1.740445613861084,-0.9481207132339478,-1.9249353408813477,-1.263317584991455,-2.636397123336792,0.12633705139160156,0.017875313758850098
0.05818037499999998,0.0034223749999999996,17.0,1.7893531494575967,0.9067789435632206,0.1806687862787321,0.0018869403432736215,-2.5605438586485807e-5,0.0006355407184283369,0.06862208322699186,-0.14866670966148376,-0.10789918154478073,0.26833727955818176,1.7723100185394287,-0.6145739555358887,-1.6661524772644043,-0.9568082094192505,-1.9309656620025635,-1.2637344598770142,-2.7099790573120117,0.12804345786571503,0.04067438840866089
0.05818037499999998,0.0034223749999999996,17.0,1.8130177284376672,0.9304310053173978,0.18080192611045381,0.002048966708494164,-2.8806703061658718e-5,0.0006876770289343555,0.06862379887704158,-0.14779901504516602,-0.10740125924348831,0.27050110697746277,1.7782870531082153,-0.6121819019317627,-1.6575250625610352,-0.9625904560089111,-1.9407691955566406,-1.2694194316864014,-2.7475857734680176,0.10078146308660507,0.043778955936431885
0.05818037499999998,0.0034223749999999996,17.0,1.8359334073975428,0.953242360224204,0.1807659686867892,0.0022280303455237006,-3.1988871132871045e-5,0.0007444276841455917,0.06862516371913703,-0.1441815197467804,-0.10722971707582474,0.2683577835559845,1.760467290878296,-0.5993701219558716,-1.579629898071289,-0.9699252247810364,-1.946911334991455,-1.271568775177002,-2.812509536743164,0.09854190796613693,0.06993907690048218
0.05818037499999998,0.0034223749999999996,17.0,1.85796100291018,0.9752173491790559,0.1808201242129355,0.0024464613929763537,-3.541973333268326e-5,0.0008152918425366254,0.06862603116489786,-0.14250284433364868,-0.10738938301801682,0.2696363627910614,1.7610313892364502,-0.5953330993652344,-1.558361530303955,-0.9743950963020325,-1.9528017044067383,-1.2664637565612793,-2.8492021560668945,0.08634556084871292,0.0756535530090332
0.05818037499999998,0.0034223749999999996,17.0,1.8790880349522594,0.9963967469693791,0.18098190273497247,0.002669912431478745,-3.913289915843783e-5,0.0008905216168204506,0.06862685083829195,-0.14402005076408386,-0.10703206807374954,0.27546772360801697,1.7826035022735596,-0.5935399532318115,-1.6148858070373535,-0.9785513281822205,-1.968653678894043,-1.2835257053375244,-2.846952438354492,0.043695077300071716,0.06652402877807617
0.05818037499999998,0.0034223749999999996,17.0,1.899342288059286,1.016681211627347,0.18121400192681694,0.0028861567404245775,-4.267422682116914e-5,0.0009622117064657475,0.06862807477502961,-0.14645865559577942,-0.10848615318536758,0.2842552959918976,1.8214603662490845,-0.6104507446289062,-1.7235956192016602,-0.974204421043396,-1.9762613773345947,-1.2708579301834106,-2.825165271759033,0.017907345667481422,0.03171193599700928
0.05818037499999998,0.0034223749999999996,17.0,1.9188546966310884,1.036144211685906,0.18129780017933234,0.0030632540941774654,-4.519222578626099e-5,0.0010192496258216558,0.0686295296951565,-0.1447252631187439,-0.10932821035385132,0.28562936186790466,1.8227633237838745,-0.6104214191436768,-1.71058988571167,-0.9742867946624756,-1.9777705669403076,-1.2561089992523193,-2.8538296222686768,0.016103586181998253,0.032699525356292725
0.05818037499999998,0.0034223749999999996,17.0,1.937515943233438,1.0548186914278608,0.1813764858443587,0.003233618794916092,-4.815062930706661e-5,0.0010755657752429424,0.0686312762280266,-0.1447368562221527,-0.1092786192893982,0.2890433371067047,1.8314629793167114,-0.6031212210655212,-1.7316908836364746,-0.9770761132240295,-1.9895386695861816,-1.268441081047058,-2.86263108253479,-0.012042099609971046,0.03390216827392578
0.05818037499999998,0.0034223749999999996,17.0,1.9553742198630197,1.0726064634019041,0.18141990581393233,0.003443894586526999,-5.07708088354306e-5,0.0011435628291889706,0.0686326596810961,-0.14307984709739685,-0.11053985357284546,0.2904469072818756,1.831860065460205,-0.6067419648170471,-1.7230901718139648,-0.9757845997810364,-1.9897208213806152,-1.2499550580978394,-2.8874433040618896,-0.0036717820912599564,0.0348283052444458
0.05818037499999998,0.0034223749999999996,17.0,1.972395745051589,1.0895781508324374,0.18147684600000819,0.0036252171911189505,-5.358803706279667e-5,0.001201895680480902,0.06863334905587672,-0.14180800318717957,-0.1114526316523552,0.29260018467903137,1.8355839252471924,-0.6073014736175537,-1.7246451377868652,-0.9750415682792664,-1.9917747974395752,-1.2385807037353516,-2.9069113731384277,-0.006856394931674004,0.03335326910018921
0.05818037499999998,0.0034223749999999996,17.0,1.988534986620854,1.10574169662227,0.18165226223646838,0.003787590743861717,-5.625634518199476e-5,0.0012578300574778397,0.06863362911726738,-0.14202016592025757,-0.11099083721637726,0.2953512370586395,1.8428326845169067,-0.5989064574241638,-1.7432894706726074,-0.9773963689804077,-2.002606153488159,-1.2513784170150757,-2.9148285388946533,-0.03995330259203911,0.034864962100982666
0.05818037499999998,0.0034223749999999996,17.0,2.003919436597736,1.1210809598514864,0.1816092955314442,0.003975609303070891,-5.8259009520362443e-5,0.0013171752544858335,0.0686360696581324,-0.13969257473945618,-0.11161091923713684,0.2953440845012665,1.8368908166885376,-0.5962401628494263,-1.7129364013671875,-0.9779398441314697,-2.00156569480896,-1.2333381175994873,-2.952699661254883,-0.039269156754016876,0.04109179973602295
0.05818037499999998,0.0034223749999999996,17.0,2.0184552629478394,1.1355464090522043,0.18161289512921117,0.004090710299187111,-5.9638686053647344e-5,0.001351530220275748,0.06863765389547744,-0.13814041018486023,-0.11229254305362701,0.29622843861579895,1.8355803489685059,-0.5949466824531555,-1.7023615837097168,-0.9778900146484375,-2.0014255046844482,-1.2170145511627197,-2.983351230621338,-0.043422065675258636,0.04280209541320801
0.05818037499999998,0.0034223749999999996,17.0,2.0321718746256283,1.1491913955986754,0.1815967544642835,0.0042053677819210095,-6.01889461036656e-5,0.0013846344845860807,0.06863973682659538,-0.13568881154060364,-0.11302008479833603,0.2959637939929962,1.8309211730957031,-0.5927831530570984,-1.6733760833740234,-0.9778695702552795,-1.9957060813903809,-1.1843684911727905,-3.0270185470581055,-0.04642953723669052,0.043183982372283936
0.05818037499999998,0.0034223749999999996,17.0,2.0450015836490896,1.1620507549981094,0.1815970443332865,0.004325392330111888,-6.304427727247785e-5,0.0014220091367729978,0.06864035789856393,-0.1365438997745514,-0.11225085705518723,0.299309641122818,1.8441786766052246,-0.5805550217628479,-1.7148103713989258,-0.9798628091812134,-2.0071487426757812,-1.1954708099365234,-3.02423095703125,-0.09360240399837494,0.0379452109336853
0.05818037499999998,0.0034223749999999996,17.0,2.056999121967543,1.174116021255011,0.18160157228702295,0.004464801666155874,-6.810287507484247e-5,0.0014671800451220717,0.06863893955023606,-0.1363115906715393,-0.11023257672786713,0.3000592291355133,1.8432334661483765,-0.5527084469795227,-1.7059860229492188,-0.9884569048881531,-2.0232021808624268,-1.2259912490844727,-3.035374641418457,-0.1496506929397583,0.05218452215194702
0.05818037499999998,0.0034223749999999996,17.0,2.068058421137672,1.1853378288724126,0.18180190665028978,0.00459187422318889,-7.23263830910601e-5,0.0015138426467005165,0.06863858754726741,-0.1402924656867981,-0.109347864985466,0.3074348270893097,1.879226803779602,-0.5400366187095642,-1.8256878852844238,-0.9885193109512329,-2.0390725135803223,-1.2533451318740845,-2.983809471130371,-0.22544103860855103,0.025462806224822998
0.05818037499999998,0.0034223749999999996,17.0,2.0783570350523397,1.1957132648810234,0.181908758566074,0.004736378127003025,-7.81805317413825e-5,0.0015620600481330766,0.06863667461316442,-0.14163008332252502,-0.10809996724128723,0.31087955832481384,1.8923454284667969,-0.5177562236785889,-1.8680267333984375,-0.993754506111145,-2.05363130569458,-1.27816903591156,-2.970590353012085,-0.28700587153434753,0.02284926176071167
0.05818037499999998,0.0034223749999999996,17.0,2.0877934646318237,1.205253120246049,0.18204403008750816,0.0048989843404598,-8.417536493602236e-5,0.0016179079186385175,0.06863464324990874,-0.144300639629364,-0.10689744353294373,0.3155358135700226,1.914695382118225,-0.4978315830230713,-1.9424266815185547,-0.9978682994842529,-2.0678627490997314,-1.3017791509628296,-2.9373254776000977,-0.3538890779018402,0.009525716304779053
0.05818037499999998,0.0034223749999999996,17.0,2.0963970568687893,1.2139501872043987,0.18220867955701045,0.005091200811985142,-9.139277099414758e-5,0.0016842091857065292,0.06863315074012119,-0.14661195874214172,-0.10581351816654205,0.3196702301502228,1.9303072690963745,-0.4763953685760498,-2.004819393157959,-1.0029921531677246,-2.084411382675171,-1.328303575515747,-2.910978078842163,-0.4157179296016693,0.005669295787811279
0.05818037499999998,0.0034223749999999996,17.0,2.1037055788688632,1.2206843931869569,0.18574678888724364,0.005335769513561707,-0.00016805200285375374,0.0017519207230912014,0.0685871958059911,-0.1501503884792328,-0.10062766820192337,0.31597623229026794,1.9357192516326904,-0.4547778069972992,-1.9815025329589844,-1.0172398090362549,-2.090461492538452,-1.3653746843338013,-2.887470245361328,-0.4847594201564789,0.003219902515411377
0.05818037499999998,0.0034223749999999996,17.0,2.1106191392649687,1.227748684240685,0.18589298649139327,0.005695953412806548,-0.00018245056697874424,0.0018769720346069427,0.06858668984676645,-0.1528065800666809,-0.09956824779510498,0.3200460970401764,1.9548803567886353,-0.43232473731040955,-2.050239086151123,-1.0226510763168335,-2.103280544281006,-1.3804516792297363,-2.851825714111328,-0.5484139919281006,-0.007829844951629639
0.05818037499999998,0.0034223749999999996,17.0,2.116739833132582,1.233955073475412,0.18601152598249535,0.006302281660536649,-0.00020552191103259134,0.0020812846590520634,0.0685855411124182,-0.1545635163784027,-0.09850870817899704,0.3231838643550873,1.9647574424743652,-0.40611809492111206,-2.0953497886657715,-1.0311506986618042,-2.1196789741516113,-1.3942550420761108,-2.8273637294769287,-0.6033136248588562,-0.0053664445877075195
0.05818037499999998,0.0034223749999999996,17.0,2.1220047719023785,1.2393240983828377,0.1861922630796692,0.007673317553470264,-0.000255872922570361,0.002544077277005059,0.06858490159042739,-0.1568564474582672,-0.09790332615375519,0.32796064019203186,1.977762222290039,-0.3760809004306793,-2.1651501655578613,-1.0422427654266357,-2.1429176330566406,-1.3990355730056763,-2.788071393966675,-0.6586690545082092,4.8220157623291016e-5
0.05818037499999998,0.0034223749999999996,17.0,2.126551471693664,1.243800526385286,0.18649701046090192,0.014214052272782158,-0.00048430454990335296,0.004758032511014146,0.06858618738041224,-0.15596050024032593,-0.09934698790311813,0.3360620439052582,1.9715954065322876,-0.3048168122768402,-2.2374510765075684,-1.0799111127853394,-2.207148790359497,-1.3263245820999146,-2.7392611503601074,-0.679478645324707,0.06573379039764404
0.05818037499999998,0.0034223749999999996,17.0,2.1011015998746134,-1.2422288080242507,0.1568083083123093,-0.013663001180902953,-0.0003535836745816939,-0.0063458603252150355,0.06856974084648224,0.03494040668010712,0.008844424039125443,-0.13121062517166138,0.24261102080345154,0.324588805437088,-1.118802785873413,0.3743849992752075,-0.6668016314506531,-0.5607564449310303,0.4669806957244873,-1.0176432132720947,0.0018287301063537598
0.05818037499999998,0.0034223749999999996,17.0,2.0965108523362344,-1.2376111001808767,0.15701171067684644,-0.00736608327622584,-0.0001829249855716334,-0.0034304047229828673,0.06857040908825418,0.03175051510334015,0.012028582394123077,-0.12498348951339722,0.23739765584468842,0.3439744710922241,-1.1414666175842285,0.3267061412334442,-0.6768861413002014,-0.5439872741699219,0.49691152572631836,-1.0507451295852661,0.011366128921508789
0.05818037499999998,0.0034223749999999996,17.0,2.091150370570562,-1.2322129239305666,0.15704094358841827,-0.006045773328668896,-0.00014779329107279479,-0.0028168656251307627,0.0685720236823536,0.030188336968421936,0.01339153852313757,-0.1230350136756897,0.23818792402744293,0.3565748929977417,-1.1609506607055664,0.3046955168247223,-0.6778703331947327,-0.5406739115715027,0.5065572261810303,-1.071835994720459,0.010205447673797607
0.05818037499999998,0.0034223749999999996,17.0,2.0849725969880923,-1.2260146546320028,0.15707474790347872,-0.005467503818419219,-0.00013297912477952195,-0.0025493763207468266,0.06857356420338226,0.02941437065601349,0.014043881557881832,-0.1215755045413971,0.2339824140071869,0.3552844822406769,-1.1691181659698486,0.29074952006340027,-0.6726099848747253,-0.5399875044822693,0.517143726348877,-1.0763975381851196,0.008207738399505615
0.05818037499999998,0.0034223749999999996,17.0,2.077941656576897,-1.218976514199355,0.15711632921417928,-0.005115220185583328,-0.00012270903976793488,-0.002387092860650692,0.06857477474895558,0.028420761227607727,0.014698849059641361,-0.11991620063781738,0.2320401966571808,0.35662850737571716,-1.183344841003418,0.2734261453151703,-0.6673392653465271,-0.5378742814064026,0.5277445316314697,-1.086577296257019,0.004381000995635986
0.05818037499999998,0.0034223749999999996,17.0,2.0700997487356974,-1.2111239427118463,0.15716009882166362,-0.004881996632674485,-0.00011673185155035881,-0.0022800793806076634,0.0685763540256862,0.027753308415412903,0.014848570339381695,-0.11793637275695801,0.22711098194122314,0.35038185119628906,-1.1921088695526123,0.2607784867286682,-0.6602892279624939,-0.5357813835144043,0.5393123626708984,-1.087907075881958,0.0016556978225708008
0.05818037499999998,0.0034223749999999996,17.0,2.061324400342909,-1.2013770476477978,0.1549662384297935,-0.004719291376606786,-0.00014693807227136115,-0.0021546764501378826,0.06861382170300957,0.027008920907974243,0.014930031262338161,-0.11589211225509644,0.22077304124832153,0.34698882699012756,-1.1973047256469727,0.23962824046611786,-0.6540949940681458,-0.5423073172569275,0.5545656681060791,-1.0897122621536255,0.0008962750434875488
0.05818037499999998,0.0034223749999999996,17.0,2.0518102721523315,-1.1918658383469873,0.15502142389865345,-0.004560648035758552,-0.00014158525729252594,-0.002083927236538977,0.06861502986386595,0.026378855109214783,0.01498871948570013,-0.11380669474601746,0.21501608192920685,0.33947011828422546,-1.203589916229248,0.22835442423820496,-0.6471922993659973,-0.5416412353515625,0.5650157928466797,-1.0881606340408325,-0.000985562801361084
0.05818037499999998,0.0034223749999999996,17.0,2.0414706124502557,-1.1815273021574253,0.15508203579276555,-0.004420974454653524,-0.0001368721988165387,-0.002021669196459396,0.06861631261846163,0.025713786482810974,0.014929748140275478,-0.11130845546722412,0.20890304446220398,0.3307269513607025,-1.2103450298309326,0.2161543071269989,-0.6398735642433167,-0.5403093099594116,0.5761075019836426,-1.0865931510925293,-0.002912759780883789
0.05818037499999998,0.0034223749999999996,17.0,2.030287413660343,-1.1703454157232547,0.15513763209637008,-0.004290247440113688,-0.00013153951617332233,-0.0019636675246146765,0.06861763405111541,0.02502918243408203,0.015164670534431934,-0.10877469182014465,0.20131412148475647,0.3204749524593353,-1.2150981426239014,0.19933025538921356,-0.6290635466575623,-0.5402098298072815,0.589087963104248,-1.0856144428253174,-0.00662761926651001
0.05818037499999998,0.0034223749999999996,17.0,2.018234873004554,-1.1583742574155984,0.1554074337395964,-0.0041645317603759835,-0.00012714042474935226,-0.0019101774015880032,0.0686150264846297,0.024408847093582153,0.015075919218361378,-0.10677096247673035,0.19787240028381348,0.3162064552307129,-1.222935438156128,0.19374386966228485,-0.6273216605186462,-0.5379011034965515,0.5933451652526855,-1.0832326412200928,-0.006025969982147217
0.05818037499999998,0.0034223749999999996,17.0,2.0054559954992155,-1.1455084370791546,0.1551901689662611,-0.004044233582376999,-0.00012469096357182988,-0.001851846736668762,0.06862014118976663,0.024046674370765686,0.015093072317540646,-0.10581499338150024,0.195042222738266,0.31442174315452576,-1.2264995574951172,0.19370999932289124,-0.6281972527503967,-0.538330614566803,0.5942995548248291,-1.079243779182434,-0.003576040267944336
0.05818037499999998,0.0034223749999999996,17.0,1.9918367448732406,-1.1318436589921428,0.15517609553038078,-0.00394574900575221,-0.00012351688092615242,-0.001805362551242958,0.06862135155418228,0.02368941903114319,0.015452844090759754,-0.10589331388473511,0.19638454914093018,0.3202662467956543,-1.2354140281677246,0.1962246298789978,-0.633908212184906,-0.5363948941230774,0.5888280868530273,-1.0785473585128784,-0.0006139874458312988
0.05818037499999998,0.0034223749999999996,17.0,1.9773055613229316,-1.1173677479592048,0.15537880259689069,-0.0038062438148514953,-0.0001191007321782393,-0.0017444727331117284,0.06862005032997535,0.023565202951431274,0.01536948885768652,-0.10464996099472046,0.19041596353054047,0.31010788679122925,-1.234825611114502,0.196686252951622,-0.6325827240943909,-0.5345475077629089,0.5887773036956787,-1.0650365352630615,0.002348005771636963
0.05818037499999998,0.0034223749999999996,17.0,1.9619442916357668,-1.1020314404342717,0.15541347682494422,-0.0036446985397778978,-0.0001133001597066674,-0.0016711824420334032,0.0686216126365304,0.023065954446792603,0.01529709342867136,-0.10303640365600586,0.18680435419082642,0.30584847927093506,-1.2393267154693604,0.19211801886558533,-0.6332977414131165,-0.5343641638755798,0.5898525714874268,-1.0574949979782104,0.005166828632354736
0.05818037499999998,0.0034223749999999996,17.0,1.9457589959302135,-1.0858413196671424,0.15536980778425682,-0.0034764824370503984,-0.00010708900095233864,-0.0015941601770445841,0.06862378189285964,0.02251969277858734,0.015902437269687653,-0.1026705801486969,0.18601194024085999,0.30955833196640015,-1.2459514141082764,0.18511725962162018,-0.6350865960121155,-0.5355005860328674,0.5887253284454346,-1.0570604801177979,0.006624579429626465
0.05818037499999998,0.0034223749999999996,17.0,1.928739151461688,-1.0688467898637755,0.15541522103670366,-0.0033093428954690095,-0.00010129207876435762,-0.001518301900775486,0.06862567996208932,0.02198454737663269,0.015770483762025833,-0.10060560703277588,0.18154548108577728,0.3027721047401428,-1.250474214553833,0.17879313230514526,-0.6346721053123474,-0.5339704155921936,0.5903441905975342,-1.048352599143982,0.009163975715637207
0.05818037499999998,0.0034223749999999996,17.0,1.9108948080762402,-1.0510195936192142,0.15544203616336486,-0.003110437044649443,-9.506450221793243e-5,-0.001427515979498547,0.06862807280364316,0.021730810403823853,0.0156053202226758,-0.09919571876525879,0.17648345232009888,0.29418399930000305,-1.2509875297546387,0.17957419157028198,-0.6371530890464783,-0.5319948196411133,0.5869221687316895,-1.032470464706421,0.014444410800933838
0.05818037499999998,0.0034223749999999996,17.0,1.8923673897699933,-1.0333969345833436,0.1576848702394751,-0.0029436978073492186,-6.812179010252597e-5,-0.001383098953902067,0.06859709975364002,0.021221637725830078,0.01611470803618431,-0.09764227271080017,0.17295488715171814,0.28677281737327576,-1.2584688663482666,0.17509062588214874,-0.6328962445259094,-0.5229853987693787,0.585421085357666,-1.0260963439941406,0.012794554233551025
0.05818037499999998,0.0034223749999999996,17.0,1.8728682582082756,-1.0139139307388028,0.157761918889196,-0.0027758071661351776,-6.399255329253728e-5,-0.001304620303912539,0.06859965741077875,0.020540505647659302,0.015979118645191193,-0.09527119994163513,0.16907674074172974,0.2811315357685089,-1.2653367519378662,0.1693408340215683,-0.6345863938331604,-0.5202303528785706,0.584620475769043,-1.016749382019043,0.0164298415184021
0.05818037499999998,0.0034223749999999996,17.0,1.8523876797796797,-0.9925399471250724,0.15548800324715803,-0.002576684212837971,-7.817590345619973e-5,-0.0011826574446102223,0.06863580002190475,0.019831359386444092,0.015950549393892288,-0.09488177299499512,0.17031902074813843,0.29174813628196716,-1.274141788482666,0.16655896604061127,-0.6476742625236511,-0.5276098847389221,0.5786576271057129,-1.011414885520935,0.025544285774230957
0.05818037499999998,0.0034223749999999996,17.0,1.8312661529537764,-0.9713903255491027,0.15555312493994586,-0.002364387708940222,-7.162774163237823e-5,-0.0010855783286971852,0.06863802198128997,0.019416838884353638,0.016251374036073685,-0.09208902716636658,0.15928927063941956,0.27316057682037354,-1.267728567123413,0.15214397013187408,-0.6384090781211853,-0.5270364284515381,0.5828163623809814,-0.9963367581367493,0.025863230228424072
0.05818037499999998,0.0034223749999999996,17.0,1.8092659212994109,-0.9494017393079867,0.1555750136194875,-0.0021664293143483357,-6.559378974067178e-5,-0.0009948936252720914,0.06864113964092339,0.018907099962234497,0.01628107950091362,-0.09109151363372803,0.1580580174922943,0.27344557642936707,-1.275350570678711,0.1526128351688385,-0.6446332335472107,-0.5248154401779175,0.5759449005126953,-0.9859683513641357,0.031015753746032715
0.05818037499999998,0.0034223749999999996,17.0,1.7864811676108328,-0.9265911487436581,0.15562062474169705,-0.001972558191360943,-6.0231022030977486e-5,-0.0009054800214777749,0.06864384932290843,0.018274977803230286,0.01638786494731903,-0.08952778577804565,0.15589240193367004,0.2727387249469757,-1.2829513549804688,0.14883850514888763,-0.6482780575752258,-0.5228636860847473,0.5713698863983154,-0.9782145023345947,0.03480285406112671
0.05818037499999998,0.0034223749999999996,17.0,1.7628827072709696,-0.902944317795628,0.15568148978671184,-0.0018342936932753621,-5.653197764858396e-5,-0.0008414497804679598,0.0686476984968609,0.017403528094291687,0.017017096281051636,-0.08931151032447815,0.15851905941963196,0.28716257214546204,-1.2971045970916748,0.14450614154338837,-0.6560668349266052,-0.5255892872810364,0.5644629001617432,-0.9819514155387878,0.03824824094772339
0.05818037499999998,0.0034223749999999996,17.0,1.7384045692769767,-0.8784509740526104,0.15575342034122847,-0.0016150518435835812,-4.9686148205670655e-5,-0.0007406378305096905,0.06865580083340586,0.016458898782730103,0.017147529870271683,-0.08735957741737366,0.1567682921886444,0.2944191098213196,-1.3070359230041504,0.14161504805088043,-0.6646817326545715,-0.5260356664657593,0.5547158718109131,-0.9764692783355713,0.04547852277755737
0.05818037499999998,0.0034223749999999996,17.0,1.7131536130922462,-0.8531246716483387,0.15589238509158546,-0.0014244862342220593,-4.387497711999383e-5,-0.0006529046379321,0.06866625801365757,0.015431910753250122,0.017180774360895157,-0.08336824178695679,0.14816580712795258,0.28965020179748535,-1.3087563514709473,0.13204924762248993,-0.6664485335350037,-0.5258013606071472,0.5474536418914795,-0.9656909108161926,0.0524137020111084
0.05818037499999998,0.0034223749999999996,17.0,1.6870962172782573,-0.8269502603643369,0.15603981621991597,-0.00123650247406334,-3.811837103392632e-5,-0.000566139386736913,0.06867924268385402,0.014232471585273743,0.017561297863721848,-0.0794060230255127,0.13994120061397552,0.2903488874435425,-1.312711238861084,0.12010732293128967,-0.6685522198677063,-0.5256043076515198,0.537489652633667,-0.959912121295929,0.05920124053955078
0.05818037499999998,0.0034223749999999996,17.0,1.6600617941817322,-0.8000056877628884,0.15620852456942325,-0.0010773818981703884,-2.959452394696957e-5,-0.0004894364988638398,0.06871033526420282,0.01601649820804596,0.017847757786512375,-0.07381665706634521,0.11361697316169739,0.27173590660095215,-1.2961037158966064,0.10931515693664551,-0.6473091244697571,-0.5159243941307068,0.5101594924926758,-0.9328063130378723,0.05661123991012573
0.05818037499999998,0.0034223749999999996,17.0,1.6322191854082844,-0.7722328007191409,0.15648219283260162,-0.0009527624465219055,-2.4171044001869198e-5,-0.000430611787335986,0.06873611843060583,0.019995272159576416,0.018516767770051956,-0.06821313500404358,0.07516315579414368,0.2446901649236679,-1.2616195678710938,0.10042881965637207,-0.6073731780052185,-0.49222812056541443,0.46654319763183594,-0.8874956369400024,0.045416951179504395
0.05818037499999998,0.0034223749999999996,17.0,1.6034843027343981,-0.7435901588838815,0.15675336712081114,-0.0007960066052318312,-1.832506005137002e-5,-0.0003587402565171827,0.0687514617066335,0.024611473083496094,0.020807065069675446,-0.06343907117843628,0.03179545700550079,0.21634742617607117,-1.208747386932373,0.07616980373859406,-0.5457466244697571,-0.4640633463859558,0.4282956123352051,-0.8482518196105957,0.020890355110168457
0.05818037499999998,0.0034223749999999996,17.0,1.5738634871210135,-0.7140366486224955,0.1570456814472949,-0.0006831855405471444,-1.4937687446705543e-5,-0.0003073269756941,0.06875233146255447,0.028774231672286987,0.023412950336933136,-0.05821993947029114,-0.010261625051498413,0.1850252002477646,-1.1422557830810547,0.045443348586559296,-0.47785109281539917,-0.4303668439388275,0.39326000213623047,-0.8026580810546875,-0.007964551448822021
0.05818037499999998,0.0034223749999999996,17.0,1.543302044254857,-0.6845977153714304,0.15998955146778873,-0.0005114641512153402,-6.273656843472122e-6,-0.00023368031459310027,0.06872811667869452,0.020917639136314392,0.011372786946594715,-0.04105183482170105,-0.23648744821548462,-0.10528956353664398,-0.7887203693389893,-0.33221155405044556,-0.15729552507400513,-0.48131394386291504,0.30389881134033203,-0.5735959410667419,-0.0824739933013916
0.05818037499999998,0.0034223749999999996,17.0,1.511939236659881,-0.6532981669531659,0.16007976406644409,-0.0003120155280494586,-3.729467366602016e-6,-0.00014255252824318926,0.06871304456455676,0.015104532241821289,0.017226606607437134,-0.03177294135093689,-0.2744777798652649,-0.09602055698633194,-0.6212866306304932,-0.34219682216644287,-0.05323392152786255,-0.41623568534851074,0.2937626838684082,-0.4912252724170685,-0.14438366889953613
0.05818037499999998,0.0034223749999999996,17.0,1.4797844302055212,-0.6212020292786995,0.16011761084035905,-0.0001357170788358113,-1.4829345538941353e-6,-6.21027199202805e-5,0.06869568269551789,0.009693384170532227,0.023650139570236206,-0.02404990792274475,-0.29649776220321655,-0.08867741376161575,-0.4605543613433838,-0.3525107204914093,0.05185255408287048,-0.36025431752204895,0.30521082878112793,-0.4243036210536957,-0.21871906518936157
0.05818037499999998,0.0034223749999999996,17.0,1.4469246884033586,-0.5882976860765873,0.16017550508507467,4.944315338957852e-5,5.250104400022984e-7,2.2618734993159094e-5,0.06868411813476644,0.005542933940887451,0.03245115280151367,-0.017054826021194458,-0.3172406554222107,-0.07343297451734543,-0.2579362392425537,-0.3587421476840973,0.19772902131080627,-0.30837732553482056,0.3284180164337158,-0.35916855931282043,-0.33165934681892395
0.05818037499999998,0.0034223749999999996,17.0,1.4132471381811262,-0.5546077855683234,0.16020809250109397,0.0001829439973938893,1.8897290230437004e-6,8.37175629425472e-5,0.06867670719680312,0.00192984938621521,0.038837261497974396,-0.014667510986328125,-0.3179090619087219,-0.07597611844539642,-0.1464524269104004,-0.3716178834438324,0.27519750595092773,-0.27995845675468445,0.36574673652648926,-0.3267151713371277,-0.3989512324333191
0.05818037499999998,0.0034223749999999996,17.0,1.378790297998988,-0.5201086738134463,0.16023572531945016,0.0003314839952583408,3.4254973599664734e-6,0.00015167088169942234,0.06867536084386795,-0.00036010146141052246,0.04361305758357048,-0.01536211371421814,-0.31259191036224365,-0.09179079532623291,-0.10285687446594238,-0.3969099521636963,0.3034484386444092,-0.2759092450141907,0.40548062324523926,-0.3302725851535797,-0.42691993713378906
0.05818037499999998,0.0034223749999999996,17.0,1.3435115233532489,-0.48480077020150797,0.16032590935958302,0.0004844588622521889,4.916401609816329e-6,0.0002216869727178559,0.06867195766137509,-0.0016870200634002686,0.04671471193432808,-0.013646543025970459,-0.3077053427696228,-0.10751958191394806,-0.06834959983825684,-0.4261602759361267,0.3126813769340515,-0.2717345952987671,0.434248685836792,-0.34849813580513,-0.4378163814544678
0.05818037499999998,0.0034223749999999996,17.0,1.307396849279418,-0.44868658240026854,0.16040118921681615,0.0006408265013492666,7.061058511342244e-6,0.0002928726602807813,0.06867662259195668,-0.002437800168991089,0.04784782975912094,-0.011930465698242188,-0.3081006407737732,-0.10015704482793808,-0.06859779357910156,-0.41860121488571167,0.3252136707305908,-0.25342506170272827,0.43466877937316895,-0.3512840270996094,-0.44992122054100037
0.05818037499999998,0.0034223749999999996,17.0,1.2704672136622277,-0.4117400278601658,0.16046246244471277,0.0008037082725890529,9.982793746136457e-6,0.00036646273800990223,0.06868516067306038,-0.002653568983078003,0.048399828374385834,-0.010635316371917725,-0.3108522295951843,-0.08619321137666702,-0.08227705955505371,-0.3950726091861725,0.33765557408332825,-0.23284688591957092,0.4221031665802002,-0.3480500280857086,-0.4612973928451538
0.05818037499999998,0.0034223749999999996,17.0,1.2327140951485496,-0.37395891850115454,0.16054469293633974,0.0009879031384395763,1.282160672207476e-5,0.00044976431093626546,0.0686884456430294,-0.002185434103012085,0.0488898940384388,-0.008184641599655151,-0.3094094395637512,-0.0805751159787178,-0.08655476570129395,-0.3909936249256134,0.3392902612686157,-0.21632122993469238,0.41473984718322754,-0.3632226586341858,-0.4649401009082794
0.05818037499999998,0.0034223749999999996,17.0,1.1941595106252911,-0.3353452198762921,0.16063923969875774,0.0011186497871933483,1.4640546426904842e-5,0.0005086660323898761,0.0686890693534311,-0.000598609447479248,0.049298666417598724,-0.0051736533641815186,-0.3049188256263733,-0.08090131729841232,-0.08708024024963379,-0.40078574419021606,0.33248019218444824,-0.20518583059310913,0.4094548225402832,-0.3967292606830597,-0.46257108449935913
0.05818037499999998,0.0034223749999999996,17.0,1.1547474460694596,-0.29589769899687085,0.16072150221672785,0.0012360308792949313,1.6450496039101938e-5,0.0005617518899555891,0.06868753713508165,0.00027126073837280273,0.049909558147192,-0.002484828233718872,-0.29832202196121216,-0.08347545564174652,-0.08511900901794434,-0.4058429002761841,0.32225528359413147,-0.19066354632377625,0.4071688652038574,-0.41760069131851196,-0.45913466811180115
0.05818037499999998,0.0034223749999999996,17.0,1.1144599991632704,-0.2556143135460535,0.16077060186445094,0.0014886930954000062,2.00142533954158e-5,0.0006771054494246884,0.06868412351488551,0.00018832087516784668,0.05049788951873779,-0.00044533610343933105,-0.2919802665710449,-0.08106230199337006,-0.08806180953979492,-0.3963248133659363,0.31340718269348145,-0.1704120635986328,0.40210580825805664,-0.42189785838127136,-0.45751604437828064
0.05818037499999998,0.0034223749999999996,17.0,1.0733594198360887,-0.21450939470038607,0.16081698722860344,0.0017241602439157027,2.47595138648918e-5,0.0007831819574857698,0.06868854162358055,0.0013279318809509277,0.050640132278203964,0.00043255090713500977,-0.291262149810791,-0.06725817173719406,-0.10724902153015137,-0.36932116746902466,0.31349682807922363,-0.15298880636692047,0.3800694942474365,-0.4266805350780487,-0.46024805307388306
0.05818037499999998,0.0034223749999999996,17.0,1.031402571561676,-0.1725761127402192,0.16094739094988383,0.0019273589317424292,2.8154968160092052e-5,0.0008755776192789398,0.06869013723660528,0.001406252384185791,0.050773702561855316,0.0035451650619506836,-0.289395809173584,-0.05713382363319397,-0.11522960662841797,-0.353356271982193,0.31327754259109497,-0.14321307837963104,0.36983609199523926,-0.4242556393146515,-0.4625535011291504
0.05818037499999998,0.0034223749999999996,17.0,0.9885884950796618,-0.12980546785517694,0.1611230352465449,0.001969270703023017,2.8225170323499643e-5,0.0008939358008242287,0.06869293547498036,0.001309812068939209,0.05098404362797737,0.00882035493850708,-0.2992796301841736,-0.036855101585388184,-0.1205587387084961,-0.3360386788845062,0.3396943509578705,-0.1663428544998169,0.356964111328125,-0.4076535105705261,-0.47946587204933167
0.05818037499999998,0.0034223749999999996,17.0,0.9447932412008264,-0.08629879089743804,0.16129787745670363,0.001968991326949504,2.624586992229634e-5,0.0008878077031865406,0.06868851495086963,-0.002520263195037842,0.04925043508410454,0.01577860116958618,-0.26483607292175293,-0.1324906200170517,-0.1430644989013672,-0.32825174927711487,0.3495396673679352,-0.3020232021808624,0.37549519538879395,-0.16641125082969666,-0.5111117362976074
0.05818037499999998,0.0034223749999999996,17.0,0.8997383031343232,-0.04207147556082627,0.16161458178131777,0.0018246940498335864,2.1473499239879583e-5,0.0008135748350660632,0.06867602818594791,-0.023243367671966553,0.04242628812789917,0.02477702498435974,-0.18687883019447327,-0.37850117683410645,-0.16258740425109863,-0.26208311319351196,0.39147332310676575,-0.5675309300422668,0.3709409236907959,0.52294921875,-0.5918254852294922
0.05818037499999998,0.0034223749999999996,17.0,0.8543513684782202,0.0029063334316557733,0.1622729115151999,3.460274146164081e-8,2.337095016549823e-10,1.580988234221655e-8,0.06856689132380327,-0.04221370816230774,0.038843363523483276,0.06536802649497986,0.24589377641677856,-0.33387768268585205,-1.0108776092529297,-0.5986006855964661,-0.9053671956062317,-0.4977664649486542,0.23369288444519043,0.4377610981464386,0.2198261022567749
0.05818037499999998,0.0034223749999999996,17.0,0.898451867915842,0.047956237301715374,0.16281486323015149,-0.0018255733471071412,2.987234263309314e-6,-0.0008297137603637074,0.06854649589514891,-0.08535483479499817,0.030839014798402786,0.0822841227054596,0.38138309121131897,-0.2794494926929474,-1.1406121253967285,-0.742259681224823,-1.0492758750915527,-0.7197921276092529,0.18414735794067383,0.5762840509414673,0.22384917736053467
0.05818037499999998,0.0034223749999999996,17.0,0.9421839827184784,0.09197130062036477,0.163082532571697,-0.0019761108591143796,1.2465965129240028e-5,-0.0008931851558003618,0.06853019669219584,-0.11348140239715576,0.01634512096643448,0.09128251671791077,0.45194506645202637,-0.22766342759132385,-1.163792371749878,-0.8757678270339966,-1.1210055351257324,-0.8188714981079102,0.14566612243652344,0.6358968019485474,0.23843950033187866
0.05818037499999998,0.0034223749999999996,17.0,0.9857062858670125,0.13546657768687045,0.16313848514286927,-0.001972703058385737,1.413326256920191e-5,-0.0008915100688365423,0.06852850624107303,-0.11899322271347046,0.009430904872715473,0.09371379017829895,0.456064909696579,-0.2054625004529953,-1.1569299697875977,-0.8962652683258057,-1.1133975982666016,-0.8517686724662781,0.14911675453186035,0.6740306615829468,0.23564308881759644
0.05818037499999998,0.0034223749999999996,17.0,1.0284178424551158,0.17809847862339773,0.16323603962767627,-0.0018873102352070035,1.2963677404027228e-5,-0.0008518584722985957,0.06852838317270946,-0.1219027042388916,0.005392465740442276,0.09763649106025696,0.46486014127731323,-0.16203321516513824,-1.1853187084197998,-0.8987833857536316,-1.1159181594848633,-0.8790210485458374,0.1519300937652588,0.6573909521102905,0.23149842023849487
0.05818037499999998,0.0034223749999999996,17.0,1.0704605131693183,0.21995724799040126,0.16326312361242748,-0.0018013253868695957,1.010662998504343e-5,-0.0008111862709083815,0.06852740836489009,-0.12016424536705017,0.004584984853863716,0.09963002800941467,0.4651673436164856,-0.14668771624565125,-1.1817128658294678,-0.8864917159080505,-1.1101760864257812,-0.8911715149879456,0.14368724822998047,0.6646957397460938,0.22505784034729004
0.05818037499999998,0.0034223749999999996,17.0,1.1116647696225388,0.26093213979883084,0.16331502352527283,-0.001628699347563969,5.81325695274532e-6,-0.0007316928475631861,0.06852610147688741,-0.11786815524101257,0.003617051523178816,0.10194942355155945,0.4619578719139099,-0.16051024198532104,-1.170987606048584,-0.867655336856842,-1.1011900901794434,-0.8788650035858154,0.13701820373535156,0.7027722001075745,0.22092032432556152
0.05818037499999998,0.0034223749999999996,17.0,1.1523217279072548,0.30216605384162865,0.16044612064619115,-0.0013386694836438875,-1.047698461561569e-5,-0.0005886699508747132,0.06857324835134308,-0.11946430802345276,-0.0036352728493511677,0.1071290671825409,0.48162978887557983,-0.12103749066591263,-1.2206838130950928,-0.8352124691009521,-1.1237082481384277,-0.8749427795410156,0.12034249305725098,0.7069975733757019,0.2265058159828186
0.05818037499999998,0.0034223749999999996,17.0,1.1918140201863305,0.34153277109735086,0.1604888662266557,-0.0012398345561752233,-1.0884072905199289e-5,-0.0005441327502944699,0.06857142238635679,-0.11935091018676758,-0.0065404814667999744,0.11049571633338928,0.4910197854042053,-0.09116939455270767,-1.2443578243255615,-0.820043683052063,-1.1295156478881836,-0.8792745471000671,0.11507439613342285,0.6992335319519043,0.2239973545074463
0.05818037499999998,0.0034223749999999996,17.0,1.2304827889750174,0.3801276926156093,0.16052123190614706,-0.0010458268546779548,-9.587805226441697e-6,-0.0004583430732465156,0.06857102841270268,-0.11742964386940002,-0.007533231284469366,0.11225143074989319,0.49647918343544006,-0.06430675089359283,-1.2461342811584473,-0.8011673092842102,-1.13114333152771,-0.8911406397819519,0.10124778747558594,0.6932214498519897,0.2193288803100586
0.05818037499999998,0.0034223749999999996,17.0,1.2682943973825949,0.417863190489055,0.16057266407119236,-0.0008555198026799528,-8.261133164197704e-6,-0.0003745222815168441,0.06857148372057219,-0.11585107445716858,-0.009729765355587006,0.11436960101127625,0.5041385889053345,-0.043684009462594986,-1.2559199333190918,-0.7778315544128418,-1.1359446048736572,-0.8918114304542542,0.08879351615905762,0.6968905329704285,0.21714061498641968
0.05818037499999998,0.0034223749999999996,17.0,1.3052706898228932,0.4547654036233191,0.1606232094941152,-0.0006818839311052483,-6.891433266775259e-6,-0.00029818606920058876,0.06857178120523397,-0.11432427167892456,-0.011964868754148483,0.11634531617164612,0.5126925706863403,-0.02279191091656685,-1.263904333114624,-0.7544809579849243,-1.1414847373962402,-0.8924533724784851,0.07531356811523438,0.6994835138320923,0.21491378545761108
0.05818037499999998,0.0034223749999999996,17.0,1.341411134903405,0.4908138594686563,0.16066771366759514,-0.0005162786144003641,-5.522853237486245e-6,-0.00022539639390672245,0.06857136815266192,-0.11149182915687561,-0.013485012575984001,0.11772295832633972,0.5169779062271118,-0.012428260408341885,-1.2556910514831543,-0.7277555465698242,-1.1440961360931396,-0.8913527727127075,0.05815434455871582,0.7155119776725769,0.21349984407424927
0.05818037499999998,0.0034223749999999996,17.0,1.376716377944743,0.5260441707607517,0.1607178165354145,-0.0003564649995590914,-3.964303474100069e-6,-0.00015544474222151997,0.06857140786676538,-0.10992398858070374,-0.01732885092496872,0.119954913854599,0.5267198085784912,0.009000401012599468,-1.2652695178985596,-0.6966850161552429,-1.150965690612793,-0.8883182406425476,0.03903770446777344,0.7229951024055481,0.21315747499465942
0.05818037499999998,0.0034223749999999996,17.0,1.4111915930882142,0.5604284333975971,0.16077422614494088,-0.0002129343467592982,-2.486997905160162e-6,-9.272735543829717e-5,0.06857113936618255,-0.10804414749145508,-0.02311481535434723,0.12271848320960999,0.5330584049224854,0.006218717899173498,-1.2695748805999756,-0.6505400538444519,-1.1538293361663818,-0.871397852897644,0.018402814865112305,0.7685512900352478,0.21547222137451172
0.05818037499999998,0.0034223749999999996,17.0,1.4448275714342578,0.5939617347619199,0.16085205831812452,-2.491628014312542e-5,-3.0879777510024475e-7,-1.0842006021776777e-5,0.06857249545680742,-0.10863173007965088,-0.03318437933921814,0.12269142270088196,0.5423011779785156,0.039534371346235275,-1.2766318321228027,-0.5932028293609619,-1.1676039695739746,-0.8707069754600525,-0.03354501724243164,0.7859175205230713,0.23403042554855347
0.05818037499999998,0.0034223749999999996,17.0,1.4776238923566367,0.6265838351670387,0.16089736682199068,0.00015173338712482786,2.016421695502467e-6,6.576716112137515e-5,0.06857027121907043,-0.1116178035736084,-0.04647918790578842,0.11840513348579407,0.5610462427139282,0.10212329030036926,-1.2425744533538818,-0.5228388905525208,-1.1910316944122314,-0.8956400752067566,-0.15276145935058594,0.7751494646072388,0.2642471194267273
0.05818037499999998,0.0034223749999999996,17.0,1.5094939922709067,0.6582886245202603,0.16094658111178253,0.000333621869859966,4.835284265435558e-6,0.00014377137083562157,0.06856991369810238,-0.1174347996711731,-0.06012587994337082,0.11527785658836365,0.6242949962615967,0.158222496509552,-1.1633250713348389,-0.457436740398407,-1.2164013385772705,-0.9312502145767212,-0.3407900333404541,0.7439111471176147,0.25895756483078003
0.05818037499999998,0.0034223749999999996,17.0,1.5405108218318087,0.6891116925638334,0.16094948000580203,0.0005423000080974356,8.50333233401909e-6,0.0002313010435628954,0.06856803850690868,-0.12312296032905579,-0.0720905289053917,0.11292293667793274,0.7369135618209839,0.16984668374061584,-1.0035631656646729,-0.4186256527900696,-1.2463810443878174,-0.970985472202301,-0.6441656351089478,0.7394391298294067,0.21614891290664673
0.05818037499999998,0.0034223749999999996,17.0,1.5707197668552058,0.7191269904697349,0.16089394387908407,0.0007277136931858296,1.1491440424094947e-5,0.000304613117065822,0.06856121499574054,-0.1464286744594574,-0.10178569704294205,0.19149723649024963,1.3959301710128784,-0.21813806891441345,-1.605010986328125,-0.6041276454925537,-1.8793246746063232,-0.9469181895256042,-1.7405478954315186,-0.05015319958329201,0.34098511934280396
0.05818037499999998,0.0034223749999999996,17.0,1.5999547305664772,0.7482489835635361,0.16143018562345332,0.0008708209841846989,1.1482022496853602e-5,0.00035092659749754894,0.06855833302898945,-0.14885392785072327,-0.10296428203582764,0.21058759093284607,1.516300082206726,-0.31032517552375793,-1.642195701599121,-0.6973732709884644,-1.9015817642211914,-1.016678810119629,-1.984477162361145,-0.06308494508266449,0.2510293126106262
0.05818037499999998,0.0034223749999999996,17.0,1.6283561206863235,0.7766019619008211,0.16218880585058906,0.0010111989611872572,9.327751763831054e-6,0.000391268291292676,0.0685579688143193,-0.15067443251609802,-0.10369374603033066,0.22989079356193542,1.6111016273498535,-0.399120956659317,-1.6877360343933105,-0.7837138772010803,-1.9239857196807861,-1.1182574033737183,-2.2127671241760254,-0.050790414214134216,0.18243736028671265
0.05818037499999998,0.0034223749999999996,17.0,1.655973624556063,0.8041860520697909,0.16316062748328725,0.0011360377419111836,3.5783752412589344e-6,0.00042045168594406155,0.06857020815357187,-0.14987605810165405,-0.10658151656389236,0.24578401446342468,1.6810708045959473,-0.5017852187156677,-1.7076005935668945,-0.8507813811302185,-1.9243552684783936,-1.1663745641708374,-2.42472243309021,0.033915720880031586,0.11802440881729126
0.05818037499999998,0.0034223749999999996,17.0,1.6826345583778661,0.8312563017817481,0.1644792886994866,0.0012976482468887776,-5.820789594274191e-6,0.0004658392112219399,0.06860895252969086,-0.1506308615207672,-0.10837773233652115,0.25969669222831726,1.7425614595413208,-0.5779520869255066,-1.764540672302246,-0.8903704285621643,-1.9192090034484863,-1.1882030963897705,-2.538037061691284,0.08234164118766785,0.0524635910987854
0.05818037499999998,0.0034223749999999996,17.0,1.7088602524205818,0.8573550185649076,0.16483088817272465,0.001488259261902344,-9.679753556672142e-6,0.0005265137240180542,0.06861947239538756,-0.1475481390953064,-0.10853970795869827,0.26219913363456726,1.744404911994934,-0.5913538932800293,-1.7002177238464355,-0.9126995801925659,-1.9207086563110352,-1.2179099321365356,-2.633944511413574,0.11395109444856644,0.05509251356124878
0.05818037499999998,0.0034223749999999996,17.0,1.7341653975347298,0.8826682454094302,0.16526278747947643,0.001680064914083655,-1.2962312159338162e-5,0.0005907080036512283,0.06862568358326557,-0.14911216497421265,-0.10818435996770859,0.27046605944633484,1.7779955863952637,-0.6048970222473145,-1.7550239562988281,-0.9267293810844421,-1.932560920715332,-1.2460633516311646,-2.657273054122925,0.08731621503829956,0.03070211410522461
0.05818037499999998,0.0034223749999999996,17.0,1.7587305183114794,0.9071629175257442,0.16541656635139265,0.0018954360589656034,-1.5816813982648732e-5,0.0006618659679011518,0.06863373643378633,-0.14709046483039856,-0.10776019841432571,0.2722049057483673,1.7781295776367188,-0.6046921610832214,-1.7184829711914062,-0.9387094378471375,-1.9400923252105713,-1.2607463598251343,-2.716477870941162,0.08094587922096252,0.03871428966522217
0.05818037499999998,0.0034223749999999996,17.0,1.7824641137038366,0.9307733201854949,0.16550736572568986,0.0020574558997036806,-1.7431154230627818e-5,0.0007149660131320323,0.06863790908872561,-0.1432582139968872,-0.10882275551557541,0.2709418833255768,1.7667402029037476,-0.6102176308631897,-1.6498098373413086,-0.9432619214057922,-1.9366950988769531,-1.236459732055664,-2.7879300117492676,0.10488355904817581,0.050180792808532715
0.05818037499999998,0.0034223749999999996,17.0,1.805305035172453,0.9535973433086338,0.16562100579827405,0.002236917470422782,-1.9536948452566082e-5,0.0007757897682039586,0.06863926566053259,-0.142653226852417,-0.10841289907693863,0.27369531989097595,1.775297999382019,-0.6065045595169067,-1.6517343521118164,-0.9493869543075562,-1.9450187683105469,-1.2409058809280396,-2.8143393993377686,0.07708390802145004,0.04898625612258911
0.05818037499999998,0.0034223749999999996,17.0,1.8273224727756314,0.9755820084518667,0.16566910997749992,0.0024534395765989135,-2.2277453053115108e-5,0.0008491478850709507,0.06864023666585088,-0.14128726720809937,-0.10779303312301636,0.2746632993221283,1.7731037139892578,-0.5965539216995239,-1.6283349990844727,-0.9561196565628052,-1.9555931091308594,-1.2502858638763428,-2.849905490875244,0.05164909362792969,0.06144917011260986
0.05818037499999998,0.0034223749999999996,17.0,1.848466686899758,0.9967629336386672,0.16578411065969004,0.002675819467591514,-2.4774207179797017e-5,0.0009266592762511081,0.06864113913021133,-0.1427389681339264,-0.10737289488315582,0.2802219092845917,1.7929151058197021,-0.5924848318099976,-1.6830120086669922,-0.9608337879180908,-1.9721176624298096,-1.2698287963867188,-2.8473598957061768,0.0078102778643369675,0.05476057529449463
0.05818037499999998,0.0034223749999999996,17.0,1.868736551778077,1.0170504617081428,0.1659721409915326,0.0028903814066408595,-2.7319812447027244e-5,0.001000227780818465,0.06864286103011034,-0.144980788230896,-0.10880886018276215,0.2885984480381012,1.8293564319610596,-0.6079931855201721,-1.7869176864624023,-0.9568735361099243,-1.9794650077819824,-1.2576422691345215,-2.827765703201294,-0.017856476828455925,0.02231013774871826
0.05818037499999998,0.0034223749999999996,17.0,1.8882497439753365,1.036519192505959,0.16603617470660934,0.0030628009167713195,-2.9010486704210065e-5,0.0010581117970155552,0.06864431599958165,-0.1429009735584259,-0.10944478213787079,0.28909721970558167,1.826095461845398,-0.6057029366493225,-1.761885166168213,-0.9581754207611084,-1.9808897972106934,-1.2451167106628418,-2.8602709770202637,-0.017908617854118347,0.028145253658294678
0.05818037499999998,0.0034223749999999996,17.0,1.906908007946,1.0551888712415542,0.1661110941144911,0.0032423232723322068,-3.059392274637833e-5,0.0011200316643882324,0.06864628499031451,-0.14303302764892578,-0.10977770388126373,0.2926768362522125,1.8373607397079468,-0.6032047271728516,-1.7906174659729004,-0.9594793319702148,-1.9890739917755127,-1.2476861476898193,-2.8651375770568848,-0.03987174481153488,0.02356201410293579
0.05818037499999998,0.0034223749999999996,17.0,1.9247960262878285,1.0729800666939755,0.16609542262528965,0.003455990323287725,-3.228882357107058e-5,0.001191117593311225,0.06864759933051409,-0.1401309072971344,-0.11087557673454285,0.292059987783432,1.8265312910079956,-0.6026681065559387,-1.7470970153808594,-0.9605535864830017,-1.9881298542022705,-1.2285614013671875,-2.905679702758789,-0.02233453467488289,0.035800039768218994
0.05818037499999998,0.0034223749999999996,17.0,1.9417963181129527,1.0899692095524154,0.1661703228581635,0.0036382693838216506,-3.435413386261719e-5,0.001253114976176638,0.06864815536922192,-0.1396806240081787,-0.11146392673254013,0.2951590120792389,1.835953712463379,-0.6030611395835876,-1.767502784729004,-0.9602057933807373,-1.9918344020843506,-1.222091794013977,-2.914369583129883,-0.03576849773526192,0.029224514961242676
0.05818037499999998,0.0034223749999999996,17.0,1.9579506909563669,1.1061268585555817,0.1662918911845622,0.0038030228687167943,-3.628278120084109e-5,0.001311187746496165,0.06864834761290738,-0.13926786184310913,-0.11084268242120743,0.2966975271701813,1.8358933925628662,-0.5925713777542114,-1.7657136917114258,-0.9640835523605347,-2.002826452255249,-1.2362534999847412,-2.9329705238342285,-0.06542772799730301,0.03900808095932007
0.05818037499999998,0.0034223749999999996,17.0,1.9733296036907313,1.1214777366761264,0.1662400056529728,0.003988054925763191,-3.766789202533017e-5,0.0013722515360407805,0.06865050424190997,-0.13665416836738586,-0.11118204146623611,0.2959001958370209,1.825341820716858,-0.5873041152954102,-1.72188138961792,-0.966605544090271,-2.003105878829956,-1.2224818468093872,-2.9760169982910156,-0.06319006532430649,0.051358580589294434
0.05818037499999998,0.0034223749999999996,17.0,1.9878345762801204,1.1359440202829245,0.16629109684965881,0.004108741952371151,-3.817567270809986e-5,0.001411823852444867,0.06865203182742076,-0.13658243417739868,-0.11202637851238251,0.2991909086704254,1.8378164768218994,-0.5906093716621399,-1.7559800148010254,-0.964384138584137,-2.0027015209198,-1.203956961631775,-2.985473155975342,-0.0786791518330574,0.037502944469451904
0.05818037499999998,0.0034223749999999996,17.0,2.0015686521063647,1.1495827897155515,0.16624156923207767,0.00422460478052079,-3.8100073563412555e-5,0.001446407424495264,0.06865422436885392,-0.13307571411132812,-0.11290181428194046,0.2973640263080597,1.8247090578079224,-0.588252604007721,-1.699263572692871,-0.9658269882202148,-1.9937493801116943,-1.1638857126235962,-3.042865753173828,-0.06846612691879272,0.04444313049316406
0.05818037499999998,0.0034223749999999996,17.0,2.014382585860993,1.1624529294344919,0.16624878291086237,0.004346613545935365,-4.1050995936247855e-5,0.0014872834895129387,0.06865436321751724,-0.1347370743751526,-0.11166761070489883,0.30164143443107605,1.8419018983840942,-0.5725979804992676,-1.7567296028137207,-0.9689121246337891,-2.0105156898498535,-1.1876496076583862,-3.030673027038574,-0.12926536798477173,0.039313316345214844
0.05818037499999998,0.0034223749999999996,17.0,2.0264012483575407,1.1745038410688113,0.1662001791614828,0.004478787035912999,-4.475958076275955e-5,0.0015306395882017684,0.068653381345646,-0.13319280743598938,-0.10943733155727386,0.29989591240882874,1.8288875818252563,-0.5433837175369263,-1.7076573371887207,-0.9795952439308167,-2.0238144397735596,-1.2127891778945923,-3.0616848468780518,-0.17392298579216003,0.06450843811035156
0.05818037499999998,0.0034223749999999996,17.0,2.0375064123617537,1.1857172914808414,0.16631729215438792,0.00460826916252911,-4.790689036104044e-5,0.0015772641130263846,0.06865321290893855,-0.1362420618534088,-0.10860974341630936,0.3060437738895416,1.8584181070327759,-0.5319607257843018,-1.8054089546203613,-0.9802260994911194,-2.036478281021118,-1.232387900352478,-3.0230231285095215,-0.2420099973678589,0.04222226142883301
0.05818037499999998,0.0034223749999999996,17.0,2.0477768241745182,1.196095915920992,0.166450839965002,0.004755656987880806,-5.2577657225182224e-5,0.001630119926120188,0.06865136948294069,-0.13903272151947021,-0.10698872804641724,0.31109634041786194,1.8813881874084473,-0.5097702145576477,-1.8812437057495117,-0.9850622415542603,-2.054111957550049,-1.2648402452468872,-2.9904403686523438,-0.3201638162136078,0.031144678592681885
0.05818037499999998,0.0034223749999999996,17.0,2.0572204633529974,1.2056379594425581,0.16655317718636373,0.004919103933239413,-5.8310033753158386e-5,0.0016876222478410556,0.0686493868621528,-0.14125481247901917,-0.10562966763973236,0.31503209471702576,1.899076223373413,-0.48870766162872314,-1.941502571105957,-0.9905880689620972,-2.0691027641296387,-1.2893459796905518,-2.964534282684326,-0.3845130503177643,0.023657500743865967
0.05818037499999998,0.0034223749999999996,17.0,2.0657845067281104,1.2143321636385174,0.16676610341016326,0.0051073303591383165,-6.379557180871758e-5,0.0017576198035148714,0.06864762217864019,-0.1458006501197815,-0.10488272458314896,0.32217487692832947,1.93443763256073,-0.4726851284503937,-2.065978527069092,-0.992539644241333,-2.0841546058654785,-1.3151004314422607,-2.9039158821105957,-0.45907309651374817,-0.003363192081451416
0.05818037499999998,0.0034223749999999996,17.0,2.0731237936514932,1.221072410258552,0.17029407487290107,0.005353049682237115,-0.0001395915635787194,0.0018294879067758802,0.06860448380019495,-0.14712756872177124,-0.09878279268741608,0.31469830870628357,1.9167848825454712,-0.4437888562679291,-1.969491958618164,-1.012479543685913,-2.0945162773132324,-1.3597980737686157,-2.9164440631866455,-0.5162398815155029,0.023334026336669922
0.05818037499999998,0.0034223749999999996,17.0,2.08005631313271,1.2281291707103912,0.17041054693096627,0.0057181469822666165,-0.00015202126432894785,0.0019595184687177126,0.06860403010884754,-0.1489485502243042,-0.09747457504272461,0.3175763785839081,1.9278178215026855,-0.4197918176651001,-2.0124430656433105,-1.0201822519302368,-2.108780860900879,-1.3761719465255737,-2.8945276737213135,-0.5737379193305969,0.022549152374267578
0.05818037499999998,0.0034223749999999996,17.0,2.086170980285128,1.2343346309644316,0.1705257267158901,0.006324151033569852,-0.0001717546690610677,0.0021717786078456524,0.06860297529748462,-0.15181204676628113,-0.09678223729133606,0.3224065601825714,1.948612928390503,-0.3976357877254486,-2.0922865867614746,-1.026296854019165,-2.123056411743164,-1.385326623916626,-2.852921962738037,-0.6342201828956604,0.01123875379562378
0.05818037499999998,0.0034223749999999996,17.0,2.0914364082726147,1.2397002455890447,0.17069291789389157,0.007701537466866449,-0.00021439344597873507,0.002653797428602967,0.06860211145073587,-0.1539478302001953,-0.09606665372848511,0.32689741253852844,1.9598976373672485,-0.3669775128364563,-2.1565470695495605,-1.0380678176879883,-2.1468663215637207,-1.388724446296692,-2.8160476684570312,-0.689035177230835,0.019094884395599365
0.05818037499999998,0.0034223749999999996,17.0,2.096007746776162,1.2441889422179992,0.17092992343989516,0.014269179777437937,-0.0004069917885281653,0.004954196660339889,0.06860257278974514,-0.1533500850200653,-0.09772855788469315,0.33567294478416443,1.9570475816726685,-0.29427242279052734,-2.240060329437256,-1.0757769346237183,-2.2112975120544434,-1.3073019981384277,-2.759697437286377,-0.7081366777420044,0.08128988742828369
0.05818037499999998,0.0034223749999999996,17.0,2.098340367018155,-1.2408149384696043,0.16006919190541782,-1.0202989308807862e-5,9.698315119442096e-6,-4.316998794452508e-7,0.06880807953364383,0.02808503806591034,0.016095642000436783,-0.11761453747749329,0.2307295799255371,0.36988556385040283,-1.1660828590393066,0.28539276123046875,-0.6859007477760315,-0.5247837901115417,0.5174176692962646,-1.0868322849273682,0.02014899253845215
0.05818037499999998,0.0034223749999999996,17.0,2.0934154013646933,-1.2358749858063562,0.16009925454406196,-3.424967497434186e-5,3.25588859257159e-5,-1.4481409600202467e-6,0.06880559454056688,0.02802899479866028,0.0160488523542881,-0.11663192510604858,0.2235788255929947,0.35708123445510864,-1.1648311614990234,0.2783786356449127,-0.6754615902900696,-0.5243683457374573,0.5284178256988525,-1.0798799991607666,0.01665675640106201
0.05818037499999998,0.0034223749999999996,17.0,2.08763317231545,-1.2300877117124422,0.16009520902536561,-5.1474509218014125e-5,4.894020264328998e-5,-2.1913415425659703e-6,0.0688051860000247,0.027066513895988464,0.016543980687856674,-0.11567056179046631,0.22618728876113892,0.3641420304775238,-1.182527780532837,0.2665725350379944,-0.6758409142494202,-0.5216273665428162,0.5318386554718018,-1.092915654182434,0.01406329870223999
0.05818037499999998,0.0034223749999999996,17.0,2.0810578211389386,-1.2234806291122176,0.16011609876858945,-7.071192343944827e-5,6.722941820269282e-5,-3.005094785394433e-6,0.06880369576290925,0.026417136192321777,0.017059914767742157,-0.11469420790672302,0.22250956296920776,0.3607932925224304,-1.1899175643920898,0.253126323223114,-0.6680940985679626,-0.5224543213844299,0.541884183883667,-1.0971616506576538,0.009761512279510498
0.05818037499999998,0.0034223749999999996,17.0,2.046342497993589,-1.1887502672879904,0.1603059259414685,-0.0001693334935006953,0.00016111082757954375,-7.275368978890767e-6,0.06878917579959033,0.02430453896522522,0.01713397353887558,-0.10666599869728088,0.1961001455783844,0.3174511790275574,-1.208998203277588,0.203899547457695,-0.6298200488090515,-0.5178241729736328,0.5882513523101807,-1.0870530605316162,-0.004022181034088135
0.05818037499999998,0.0034223749999999996,17.0,2.035574763204325,-1.1779955438922416,0.1603690401741167,-0.0001987715819230216,0.000189143706897189,-8.548836471161772e-6,0.06878580123776423,0.023906394839286804,0.016780797392129898,-0.10404655337333679,0.18793998658657074,0.3026416301727295,-1.2104060649871826,0.19533339142799377,-0.622028648853302,-0.515843391418457,0.596876859664917,-1.0774741172790527,-0.004728794097900391
0.05818037499999998,0.0034223749999999996,17.0,2.02401710463832,-1.1664099927408653,0.16043055992325894,-0.00023107937826122963,0.0002198707573969612,-9.878740552444289e-6,0.0687855956673615,0.023108050227165222,0.016892600804567337,-0.10154807567596436,0.1826966404914856,0.2958064377307892,-1.2171640396118164,0.1801234930753708,-0.6148476004600525,-0.51561439037323,0.6061437129974365,-1.0783562660217285,-0.007255196571350098
0.05818037499999998,0.0034223749999999996,17.0,2.0115908639141336,-1.1539882269391362,0.16048311168437948,-0.0002658509971855283,0.0002529887978230546,-1.13440661756066e-5,0.06878410171039732,0.022546812891960144,0.016895093023777008,-0.09962087869644165,0.17796728014945984,0.2893633246421814,-1.2211570739746094,0.17245818674564362,-0.6108548045158386,-0.5152016878128052,0.6110560894012451,-1.0748214721679688,-0.007452487945556641
0.05818037499999998,0.0034223749999999996,17.0,1.998376694633978,-1.1407391757465635,0.16047581895968446,-0.0003032089141704598,0.0002883618412603607,-1.2709470703225097e-5,0.06879215498679649,0.022198975086212158,0.017033468931913376,-0.09991216659545898,0.1805809736251831,0.29750725626945496,-1.2299883365631104,0.1806449294090271,-0.6197763085365295,-0.5144723653793335,0.6037387847900391,-1.0732628107070923,-0.0027074813842773438
0.05818037499999998,0.0034223749999999996,17.0,1.9843269602134352,-1.126663451095625,0.16049549547567718,-0.00034154365716139,0.0003246494695286833,-1.4057416140167706e-5,0.06879546861482094,0.022151216864585876,0.017080143094062805,-0.0995185375213623,0.1777704656124115,0.2935428023338318,-1.231726884841919,0.184575617313385,-0.622098982334137,-0.5120530724525452,0.5991497039794922,-1.062406301498413,0.0007652640342712402
0.05818037499999998,0.0034223749999999996,17.0,1.9693738306938353,-1.111748664926788,0.16053222061362243,-0.0003808046592696967,0.0003620428048495114,-1.5686814696507846e-5,0.06879432078214413,0.021708309650421143,0.016943342983722687,-0.09813547134399414,0.17542476952075958,0.2906612753868103,-1.2371916770935059,0.18251961469650269,-0.6242195963859558,-0.5108388066291809,0.598024845123291,-1.0552237033843994,0.0037609338760375977
0.05818037499999998,0.0034223749999999996,17.0,1.9536258873114913,-1.0959877356683365,0.16054116116506364,-0.0004222478428193807,0.00040153838445624104,-1.7375275377670684e-5,0.0687944488876423,0.02104407548904419,0.01742849126458168,-0.09724313020706177,0.17427532374858856,0.2926841080188751,-1.2447621822357178,0.17250049114227295,-0.6241411566734314,-0.512058675289154,0.5988655090332031,-1.0559543371200562,0.00392913818359375
0.05818037499999998,0.0034223749999999996,17.0,1.9369854054034026,-1.079404300362677,0.16058200729780026,-0.00046545018638082496,0.00044282791415826815,-1.9267482636394473e-5,0.0687898270129775,0.020735695958137512,0.01720758154988289,-0.09565848112106323,0.17007923126220703,0.28523024916648865,-1.2466986179351807,0.170465886592865,-0.6251148581504822,-0.5102694630622864,0.5973284244537354,-1.0438437461853027,0.007425487041473389
0.05818037499999998,0.0034223749999999996,17.0,1.9195588347711565,-1.061987621993039,0.16060900632094718,-0.0005084662827153578,0.0004839080968979965,-2.0899573422891734e-5,0.06878861669613287,0.020457670092582703,0.017343644052743912,-0.09471005201339722,0.16567635536193848,0.27888035774230957,-1.2468445301055908,0.1668282151222229,-0.6246091723442078,-0.5101039409637451,0.595360279083252,-1.0321191549301147,0.009881198406219482
0.05818037499999998,0.0034223749999999996,17.0,1.9013061478406665,-1.0437424175516141,0.160657436475308,-0.0005510772801293986,0.0005245322825268127,-2.255579611052117e-5,0.06878602169649883,0.01995919644832611,0.017363015562295914,-0.09275883436203003,0.16079078614711761,0.2710675299167633,-1.2492642402648926,0.15901301801204681,-0.6227667927742004,-0.5088189840316772,0.5959162712097168,-1.0231006145477295,0.011584937572479248
0.05818037499999998,0.0034223749999999996,17.0,1.882186877593582,-1.0246772653388498,0.16071527482691533,-0.0005875762549634856,0.0005593486621072237,-2.402516708875526e-5,0.06878450733213165,0.01943385601043701,0.017166219651699066,-0.09150955080986023,0.16054096817970276,0.2715795040130615,-1.2586030960083008,0.160134956240654,-0.6297613978385925,-0.5055562257766724,0.5897114276885986,-1.013911485671997,0.01677173376083374
0.05818037499999998,0.0034223749999999996,17.0,1.5581409511426696,-0.7009572831320515,0.1627891753491697,-0.0011135375120914478,0.0011062218703082073,-9.426156792913291e-6,0.0685655116402786,0.02881719172000885,0.024514395743608475,-0.05240684747695923,-0.024229228496551514,0.1567700207233429,-1.1108946800231934,0.02898477204144001,-0.4463796615600586,-0.37976253032684326,0.3719048500061035,-0.757421612739563,-0.025919675827026367
0.05818037499999998,0.0034223749999999996,17.0,1.527241480199548,-0.6700479661538361,0.16297990099356446,-0.0011571450659552754,0.0011545186312126633,-1.0271447715463928e-5,0.06854532096087718,0.016409531235694885,0.013633077032864094,-0.03293275833129883,-0.24843257665634155,-0.10345596820116043,-0.7092499732971191,-0.3478423058986664,-0.12870067358016968,-0.4224381744861603,0.2957038879394531,-0.5420477390289307,-0.09876972436904907
0.05818037499999998,0.0034223749999999996,17.0,1.4955417519353127,-0.638340706851047,0.16308930226745208,-0.0012019016765185348,0.0012025968455776836,-1.284122987314261e-5,0.06852310858373531,0.011862099170684814,0.01925055682659149,-0.02350565791130066,-0.2743977904319763,-0.10901188850402832,-0.550947904586792,-0.37760549783706665,-0.04218399524688721,-0.3725786805152893,0.30329394340515137,-0.4948364198207855,-0.15234339237213135
0.05818037499999998,0.0034223749999999996,17.0,1.4630395528604836,-0.6058230870410424,0.16311658973167584,-0.001247621595210969,0.0012510718585110317,-1.445390493142999e-5,0.06850794164217223,0.007286876440048218,0.027572546154260635,-0.015609979629516602,-0.3031466603279114,-0.08343270421028137,-0.3401319980621338,-0.3742663562297821,0.1148557960987091,-0.30573126673698425,0.3118894100189209,-0.40698352456092834,-0.26895737648010254
0.05818037499999998,0.0034223749999999996,17.0,1.4297729049249104,-0.5725311117248368,0.16314787283917642,-0.0012991218912350457,0.0013038038047281837,-1.5835219854087e-5,0.06849794433731683,0.003329932689666748,0.035338204354047775,-0.010406523942947388,-0.31351643800735474,-0.07257373631000519,-0.17007112503051758,-0.37687331438064575,0.23813524842262268,-0.26161283254623413,0.34221959114074707,-0.34493401646614075,-0.37008020281791687
0.05818037499999998,0.0034223749999999996,17.0,1.3957261875347604,-0.5384340144874481,0.16312859124675144,-0.001342592326136917,0.001348359646200468,-1.4730360978329313e-5,0.0684995432393136,-0.0002888143062591553,0.041724249720573425,-0.012670695781707764,-0.3103979825973511,-0.07840477675199509,-0.10437393188476562,-0.380206823348999,0.2993822693824768,-0.2451433539390564,0.3860595226287842,-0.3091399073600769,-0.4270465075969696
0.05818037499999998,0.0034223749999999996,17.0,1.3609115792679474,-0.5035282725331349,0.16320677071196713,-0.0013829911712804873,0.0013891092455357449,-1.637903379132582e-5,0.06849145597304064,-0.0008111894130706787,0.04567525163292885,-0.011147558689117432,-0.3028508424758911,-0.1059282049536705,-0.05363106727600098,-0.4331473410129547,0.30760180950164795,-0.2528822124004364,0.4243159294128418,-0.34425702691078186,-0.43765363097190857
0.05818037499999998,0.0034223749999999996,17.0,1.3252275911422264,-0.46781077103230084,0.16328017468225342,-0.0014199497485173232,0.0014263219395193748,-1.7814990701288488e-5,0.06848826771513276,-0.0006642341613769531,0.0479593500494957,-0.009629279375076294,-0.3010419011116028,-0.11491110175848007,-0.03335833549499512,-0.4557374119758606,0.3152012825012207,-0.25143104791641235,0.43866610527038574,-0.36760202050209045,-0.44574570655822754
0.05818037499999998,0.0034223749999999996,17.0,1.2886947887105935,-0.43128123787577327,0.16334145810962225,-0.0014543367873088762,0.001460704962838496,-1.6413164886957397e-5,0.0684952021480567,-0.0013873577117919922,0.04862102493643761,-0.008253753185272217,-0.30224573612213135,-0.10299228876829147,-0.04301786422729492,-0.4331364333629608,0.3266913890838623,-0.22977188229560852,0.43116235733032227,-0.3557351529598236,-0.457436740398407
0.05818037499999998,0.0034223749999999996,17.0,1.2513376885466267,-0.39392057107108563,0.1633905603072134,-0.0014866642663554103,0.0014933105857963867,-1.5220056520265844e-5,0.06850271881194278,-0.0011444687843322754,0.04905719682574272,-0.0069640278816223145,-0.30458617210388184,-0.09058690816164017,-0.05703234672546387,-0.4103134572505951,0.3369743824005127,-0.21198853850364685,0.41691112518310547,-0.35022151470184326,-0.4671650826931
0.05818037499999998,0.0034223749999999996,17.0,1.213163341545536,-0.3557274693440619,0.16344580564697583,-0.0015220849129900075,0.001528670089801563,-1.4212565644137288e-5,0.06850841425540882,-0.0005359649658203125,0.04937148094177246,-0.005362272262573242,-0.3039863109588623,-0.08166857063770294,-0.06893396377563477,-0.39202168583869934,0.34140241146087646,-0.19353118538856506,0.40274572372436523,-0.3494558036327362,-0.47345128655433655
0.05818037499999998,0.0034223749999999996,17.0,1.1741819161732339,-0.3167036313403189,0.16353458766764528,-0.0015441020610797158,0.001550341741303093,-1.4056962101789676e-5,0.0685097434919021,0.0008405148983001709,0.049588803201913834,-0.002561599016189575,-0.29839134216308594,-0.0812891274690628,-0.07189702987670898,-0.39479905366897583,0.3336929678916931,-0.17869798839092255,0.39512038230895996,-0.37071236968040466,-0.47130486369132996
0.05818037499999998,0.0034223749999999996,17.0,1.1343489029015157,-0.2768524502458029,0.16360488273677726,-0.0015562678430828137,0.0015616884448802172,-1.3570813212190926e-5,0.06851400343946673,0.0017402470111846924,0.04968508332967758,-0.00045546889305114746,-0.2936418652534485,-0.07560263574123383,-0.08162689208984375,-0.3819192051887512,0.3282390236854553,-0.15943197906017303,0.3820316791534424,-0.376473605632782,-0.47128814458847046
0.05818037499999998,0.0034223749999999996,17.0,1.0936744987038207,-0.23615984111197938,0.1636661199605366,-0.001558084338091262,0.0015621905418977842,-1.4112315341854222e-5,0.06851607724734436,0.0025225281715393066,0.05007728934288025,0.0017193853855133057,-0.2872259020805359,-0.0756249725818634,-0.08468317985534668,-0.3768788278102875,0.3163048028945923,-0.1455727368593216,0.374957799911499,-0.38599276542663574,-0.46657609939575195
0.05818037499999998,0.0034223749999999996,17.0,1.0521581287888853,-0.1946396876772931,0.1637411990921547,-0.001534834118680828,0.0015379680446028924,-1.3944425774175395e-5,0.06851931470916607,0.003114551305770874,0.05021175742149353,0.003996849060058594,-0.2825702428817749,-0.07091784477233887,-0.09276175498962402,-0.3628588616847992,0.30801111459732056,-0.13315363228321075,0.3645060062408447,-0.3855913579463959,-0.46381592750549316
0.05818037499999998,0.0034223749999999996,17.0,1.009783411019277,-0.15227166524928604,0.16389269634211562,-0.0015476618834928781,0.0015516368092151867,-1.4026442891852784e-5,0.0685173722769704,0.0029008686542510986,0.05089108645915985,0.00845840573310852,-0.2827356457710266,-0.06751126050949097,-0.08709931373596191,-0.3656718134880066,0.31067225337028503,-0.1431945115327835,0.3657870292663574,-0.38098034262657166,-0.46643468737602234
0.05818037499999998,0.0034223749999999996,17.0,0.966468774146259,-0.1091339332129626,0.1640924246527379,-0.0015461564185839623,0.0015474610823835399,-4.707984558328126e-6,0.06849914893628765,-3.36766242980957e-5,0.050088681280612946,0.014986753463745117,-0.27638691663742065,-0.08912378549575806,-0.10265278816223145,-0.33938664197921753,0.34270963072776794,-0.2148938775062561,0.3657200336456299,-0.23335112631320953,-0.4992912709712982
0.05818037499999998,0.0034223749999999996,17.0,0.9220579693937024,-0.06525376620671024,0.16428989031242333,-0.0015435555519918251,0.0015324532897874076,1.9227729235699282e-5,0.06844229049126258,-0.009658485651016235,0.04619662091135979,0.023155301809310913,-0.21562233567237854,-0.2527562379837036,-0.13207173347473145,-0.31313860416412354,0.36038199067115784,-0.4094652533531189,0.38155531883239746,0.20129378139972687,-0.5518510937690735
0.05818037499999998,0.0034223749999999996,17.0,0.877050312744411,-0.020601693135780055,0.16498820911738404,-0.0015523591335677054,0.0014606775979104155,1.2182277412615236e-5,0.06855448025277748,-0.028596848249435425,0.0402340404689312,0.05759322643280029,0.20670974254608154,-0.2980594038963318,-0.9519679546356201,-0.5358351469039917,-0.9004358649253845,-0.4676119387149811,0.23435688018798828,0.3407678008079529,0.2383297085762024
0.05818037499999998,0.0034223749999999996,17.0,0.8759667850630674,0.02445375027885102,0.16551255470722667,-2.035405840192297e-5,0.001499625996312101,1.4636804819079047e-5,0.06892548589837524,-0.06781864166259766,0.035830557346343994,0.07780775427818298,0.31885623931884766,-0.31397315859794617,-1.0978047847747803,-0.6625018119812012,-0.9827790856361389,-0.6173387169837952,0.21893692016601562,0.5281106233596802,0.22154957056045532
0.05818037499999998,0.0034223749999999996,17.0,0.9196679203670773,0.06889137172397973,0.16598336846865466,0.0015771930730351135,0.0015020582523439221,5.2549690597493745e-6,0.06868787245049493,-0.11225426197052002,0.019514765590429306,0.09355542063713074,0.45055100321769714,-0.26060381531715393,-1.1749422550201416,-0.8606421947479248,-1.1362533569335938,-0.7562435865402222,0.12836694717407227,0.619191586971283,0.25114279985427856
0.05818037499999998,0.0034223749999999996,17.0,0.9634941444551834,0.11269124446339902,0.16603160054926328,0.001579641291684405,0.0015019178701075441,6.254233677464162e-6,0.06867581903684429,-0.12092456221580505,0.012611237354576588,0.09527602791786194,0.4553535580635071,-0.20518960058689117,-1.1678884029388428,-0.9011849164962769,-1.1305088996887207,-0.8340126276016235,0.13587617874145508,0.645423948764801,0.24865776300430298
0.05818037499999998,0.0034223749999999996,17.0,1.0066111480401887,0.1557470104835998,0.16607989576460547,0.0015745893875515123,0.001495788755694136,5.518968951943805e-6,0.06866398081299527,-0.12555930018424988,0.00784697663038969,0.09856179356575012,0.46308737993240356,-0.1533808410167694,-1.1859462261199951,-0.9166970252990723,-1.13148832321167,-0.8783109188079834,0.13857579231262207,0.6305841207504272,0.24503189325332642
0.05818037499999998,0.0034223749999999996,17.0,1.0490366585189266,0.1980902219111329,0.16610754806395372,0.0015631001140629672,0.0014856371061033723,5.251948607464885e-6,0.06865671311652798,-0.12363213300704956,0.0073056453838944435,0.10002467036247253,0.4621322453022003,-0.13938447833061218,-1.177001953125,-0.9063008427619934,-1.123356819152832,-0.8931090831756592,0.1307816505432129,0.638393223285675,0.23734897375106812
0.05818037499999998,0.0034223749999999996,17.0,1.0909913511132858,0.2406048338148516,0.16324884598311165,0.0015689367716112945,0.0015006586511144941,-2.8110764332045755e-5,0.06852281678622751,-0.12454885244369507,0.002904196735471487,0.10371419787406921,0.4797934293746948,-0.07314913719892502,-1.2144863605499268,-0.8866747617721558,-1.1416568756103516,-0.9212281107902527,0.11626791954040527,0.6005026698112488,0.23638147115707397
0.05818037499999998,0.0034223749999999996,17.0,2.0699748108522,-1.2422598137009242,0.14286701727921775,-0.013533701743745487,-0.0003450709016593797,-0.006264568419450409,0.06856970516369058,0.03389236330986023,0.00897026527673006,-0.12809371948242188,0.23395013809204102,0.31449761986732483,-1.1307392120361328,0.3604588508605957,-0.6675458550453186,-0.5538205504417419,0.4763808250427246,-1.0050387382507324,0.007806837558746338
0.05818037499999998,0.0034223749999999996,17.0,2.0653996463735966,-1.2376557302198288,0.14305264033160614,-0.007297276661923137,-0.0001797484960762371,-0.0033852621477631776,0.06857039868653686,0.03051617741584778,0.012131482362747192,-0.12173697352409363,0.2309955358505249,0.3372226357460022,-1.157193660736084,0.31246212124824524,-0.6794458031654358,-0.5360069274902344,0.5039293766021729,-1.0425300598144531,0.0170210599899292
0.05818037499999998,0.0034223749999999996,17.0,2.0600386219450004,-1.2322678031785976,0.14307494229376574,-0.005989613521654134,-0.00014596198104772578,-0.0027795225202851457,0.0685714121435922,0.028973326086997986,0.013441563583910465,-0.12017330527305603,0.234221413731575,0.3543233573436737,-1.1765403747558594,0.2944619655609131,-0.6840757727622986,-0.5338308811187744,0.5097465515136719,-1.0661256313323975,0.017172813415527344
0.05818037499999998,0.0034223749999999996,17.0,2.0538706224658454,-1.2260719165110285,0.1431056883990493,-0.00541691161191839,-0.00013158772553374407,-0.002515753082428202,0.06857276251395149,0.028460219502449036,0.013876392506062984,-0.11842027306556702,0.22647568583488464,0.34469136595726013,-1.179091453552246,0.27971383929252625,-0.6736161112785339,-0.5329486727714539,0.5242114067077637,-1.0647282600402832,0.013811826705932617
0.05818037499999998,0.0034223749999999996,17.0,2.0468410887148734,-1.219038268300099,0.14313993853304427,-0.005070023220351921,-0.00012186205677427547,-0.0023563943154288176,0.06857354981031616,0.02762863039970398,0.01436691079288721,-0.11682704091072083,0.2241310179233551,0.3442731201648712,-1.190335988998413,0.26468393206596375,-0.6679769158363342,-0.5312478542327881,0.5344138145446777,-1.0730749368667603,0.01021641492843628
0.05818037499999998,0.0034223749999999996,17.0,2.039002323688074,-1.2111872307239802,0.14317796655158216,-0.004836307927518058,-0.00011608585691228193,-0.0022495044043081905,0.06857479563182632,0.027055054903030396,0.01448452565819025,-0.11489558219909668,0.2187541127204895,0.3367549777030945,-1.1967945098876953,0.25239741802215576,-0.6601043343544006,-0.5295594334602356,0.5459139347076416,-1.0736000537872314,0.007278561592102051
0.05818037499999998,0.0034223749999999996,17.0,2.0302119762572923,-1.2014454438524842,0.1409643470279936,-0.004675325279992155,-0.0001463233667629759,-0.0021255989682799742,0.06861200016185175,0.026652663946151733,0.014078502543270588,-0.1127181351184845,0.2106959968805313,0.3276442885398865,-1.1957805156707764,0.23811820149421692,-0.6541784405708313,-0.536098062992096,0.5599312782287598,-1.0680525302886963,0.008387625217437744
0.05818037499999998,0.0034223749999999996,17.0,2.020716590464037,-1.1919302447260804,0.14099321153462566,-0.004517002185967625,-0.00014132208867756056,-0.0020543643564345645,0.06861296655243569,0.02596510946750641,0.014428949914872646,-0.11108937859535217,0.2068370282649994,0.32434704899787903,-1.2035012245178223,0.22522348165512085,-0.6478838324546814,-0.5357984304428101,0.5687315464019775,-1.0712131261825562,0.005513012409210205
0.05818037499999998,0.0034223749999999996,17.0,2.0103887437907892,-1.1815887173356807,0.14103216444131247,-0.004381815520832466,-0.00013711046602250758,-0.001993551717520292,0.06861383218078841,0.02524016797542572,0.014608754776418209,-0.10916933417320251,0.20333543419837952,0.32120954990386963,-1.212200403213501,0.21325381100177765,-0.6428171992301941,-0.5348894000053406,0.5769398212432861,-1.0742359161376953,0.003408193588256836
0.05818037499999998,0.0034223749999999996,17.0,1.9991982900652254,-1.1704111763125813,0.1410784351633962,-0.004249766922432732,-0.0001320129931019814,-0.0019349875341610945,0.06861479125391738,0.024662703275680542,0.014620278961956501,-0.10678455233573914,0.19627539813518524,0.31106919050216675,-1.2151706218719482,0.2009488195180893,-0.6342679858207703,-0.5352431535720825,0.5875883102416992,-1.0712213516235352,0.0012835264205932617
0.05818037499999998,0.0034223749999999996,17.0,1.9871637397486677,-1.1584375698909277,0.14132734716539344,-0.0041240215994646084,-0.00012772454466432735,-0.001881288193883264,0.0686119921008209,0.024085909128189087,0.014601663686335087,-0.1046474277973175,0.19174814224243164,0.30455833673477173,-1.221350908279419,0.192630797624588,-0.6294766068458557,-0.5330020785331726,0.5939686298370361,-1.0697691440582275,0.00025326013565063477
0.05818037499999998,0.0034223749999999996,17.0,1.9743887186638092,-1.1455708244846567,0.14110756822213422,-0.004003387779690796,-0.00012525672311000717,-0.001823032136380022,0.06861672006122271,0.023715734481811523,0.01478933822363615,-0.10416623950004578,0.1904512643814087,0.30627691745758057,-1.2258236408233643,0.19276918470859528,-0.6313390135765076,-0.533896267414093,0.593602180480957,-1.068878412246704,0.00231248140335083
0.05818037499999998,0.0034223749999999996,17.0,1.9607576246655765,-1.1319101540749528,0.14110892138612532,-0.003907857173977953,-0.00012390251157527764,-0.00177878119341867,0.06861782845199249,0.023493170738220215,0.014891105704009533,-0.10394024848937988,0.1898077130317688,0.3075334429740906,-1.230989933013916,0.1971607357263565,-0.6360120177268982,-0.5323938131332397,0.5889370441436768,-1.063676118850708,0.00603717565536499
0.05818037499999998,0.0034223749999999996,17.0,1.946229174573846,-1.1174348437040795,0.1413060386318367,-0.0037708974203908207,-0.0001196021447858889,-0.001719208863633477,0.06861641032762732,0.023403003811836243,0.014748510904610157,-0.10258737206459045,0.18376532196998596,0.29657354950904846,-1.229895830154419,0.19809576869010925,-0.6349796652793884,-0.5298433303833008,0.588425874710083,-1.0494670867919922,0.009262263774871826
0.05818037499999998,0.0034223749999999996,17.0,1.930881058024175,-1.1020971713981165,0.14132455495785431,-0.003609207871866137,-0.00011398917156818836,-0.0016458752941849598,0.06861767372535772,0.02291455864906311,0.0148215526714921,-0.10128983855247498,0.18132607638835907,0.2944861948490143,-1.2353448867797852,0.1928732842206955,-0.6358568072319031,-0.52933269739151,0.58894944190979,-1.0447864532470703,0.011275947093963623
0.05818037499999998,0.0034223749999999996,17.0,1.9147033201785995,-1.0859094024607703,0.14128166791070884,-0.003441615464638465,-0.00010788208305087866,-0.0015694165632498531,0.06861939030060023,0.022364944219589233,0.015474588610231876,-0.10108664631843567,0.18129822611808777,0.2997693717479706,-1.2426011562347412,0.18559782207012177,-0.6377745270729065,-0.5307636857032776,0.5878763198852539,-1.046659231185913,0.01225435733795166
0.05818037499999998,0.0034223749999999996,17.0,1.8976870366008443,-1.0689140996668873,0.1413082119353961,-0.003278408324908808,-0.00010219305664847691,-0.0014955109876099676,0.06862100257482968,0.021828636527061462,0.015358873642981052,-0.09917274117469788,0.1777225285768509,0.2944813072681427,-1.2476692199707031,0.17952553927898407,-0.6380180716514587,-0.529312014579773,0.5891513824462891,-1.0395193099975586,0.014651656150817871
0.05818037499999998,0.0034223749999999996,17.0,1.8798381215059228,-1.0510883376314841,0.14132975495482125,-0.003083271114217981,-9.605676386714857e-5,-0.0014068640610036985,0.06862319872963116,0.021588444709777832,0.015096384100615978,-0.09796345233917236,0.1739976406097412,0.2876838743686676,-1.2493958473205566,0.18339748680591583,-0.6435584425926208,-0.5265883803367615,0.5832691192626953,-1.0223784446716309,0.021327972412109375
0.05818037499999998,0.0034223749999999996,17.0,1.8613344131479899,-1.0334684673783612,0.14359140766930845,-0.0029292010367562614,-6.966584032618137e-5,-0.0013679546414743704,0.06859104270037877,0.02076268196105957,0.015945911407470703,-0.09659114480018616,0.1732628345489502,0.2876942753791809,-1.26259446144104,0.17359782755374908,-0.6400342583656311,-0.5191777944564819,0.5831682682037354,-1.025400996208191,0.018026769161224365
0.05818037499999998,0.0034223749999999996,17.0,1.8418446203761105,-1.013984050754312,0.1436458203241516,-0.002771548324782264,-6.585165432885338e-5,-0.0012944277081451756,0.06859317149165782,0.0202360600233078,0.015950143337249756,-0.09472712874412537,0.16898733377456665,0.28109630942344666,-1.266700029373169,0.1680491417646408,-0.6405360102653503,-0.517122209072113,0.5820097923278809,-1.0146640539169312,0.020998716354370117
0.05818037499999998,0.0034223749999999996,17.0,1.8213401887986078,-0.9926091330924303,0.14135744519620652,-0.0025639609882717024,-7.930071015792235e-5,-0.0011699097201029877,0.06862974773238469,0.01966090500354767,0.015551174990832806,-0.09386727213859558,0.16971918940544128,0.2874704897403717,-1.274075984954834,0.16764608025550842,-0.6529774069786072,-0.5223975777626038,0.5773963928222656,-1.0069067478179932,0.030154764652252197
0.05818037499999998,0.0034223749999999996,17.0,1.800212168682649,-0.9714578016705477,0.14141736658604329,-0.002349643035221627,-7.244140028881158e-5,-0.0010725280936114572,0.06863183782210346,0.01920776069164276,0.015871305018663406,-0.09069758653640747,0.15747803449630737,0.2666853368282318,-1.265714168548584,0.1506018191576004,-0.6415497660636902,-0.5225664377212524,0.5836668014526367,-0.9922508597373962,0.02968132495880127
0.05818037499999998,0.0034223749999999996,17.0,1.7782132334322118,-0.9494678138514143,0.1414390169039171,-0.0021507316767704226,-6.626566466001839e-5,-0.0009819400524205505,0.06863470113721011,0.01866893470287323,0.015954352915287018,-0.08982166647911072,0.15664228796958923,0.2692597508430481,-1.2733323574066162,0.15129618346691132,-0.6481649279594421,-0.52107173204422,0.5764248371124268,-0.9841063022613525,0.03483313322067261
0.05818037499999998,0.0034223749999999996,17.0,1.7554365103491527,-0.9266543155757024,0.14148144803465043,-0.0019549633320668017,-6.083309233524339e-5,-0.0008920550682967006,0.06863773976747879,0.017825931310653687,0.01633649691939354,-0.08897477388381958,0.15743990242481232,0.2792942523956299,-1.285188913345337,0.1482357531785965,-0.6551437973976135,-0.5218919515609741,0.5696113109588623,-0.9842929840087891,0.03900027275085449
0.05818037499999998,0.0034223749999999996,17.0,1.7318520558226689,-0.9030110130255526,0.14156146003905576,-0.001819493215282377,-5.730239949064125e-5,-0.0008295787117097019,0.0686428566359018,0.016910508275032043,0.016549602150917053,-0.08760040998458862,0.15697014331817627,0.2892729640007019,-1.2960684299468994,0.1468273252248764,-0.6636057496070862,-0.5229195952415466,0.5599172115325928,-0.9815781712532043,0.045290470123291016
0.05818037499999998,0.0034223749999999996,17.0,1.7073928917540186,-0.8785155513605163,0.14164134342811516,-0.0016006522850044635,-5.0401806408902166e-5,-0.0007294627234732989,0.068652667764596,0.01572275161743164,0.016641810536384583,-0.08479222655296326,0.15402981638908386,0.29861319065093994,-1.3063807487487793,0.14347012341022491,-0.6734400391578674,-0.5231042504310608,0.5478076934814453,-0.9774383902549744,0.05430734157562256
0.05818037499999998,0.0034223749999999996,17.0,1.6821910978927692,-0.8531835429021005,0.14178094860333837,-0.0014105314747498855,-4.4742194882888764e-5,-0.0006421684831081812,0.06866438545832007,0.014352351427078247,0.016645558178424835,-0.07963955402374268,0.14406901597976685,0.2962851822376251,-1.3092942237854004,0.13258492946624756,-0.6768508553504944,-0.5219908952713013,0.537499189376831,-0.968137800693512,0.06346398591995239
0.05818037499999998,0.0034223749999999996,17.0,1.6560209813866305,-0.8270289114125133,0.14190080780416245,-0.0012223832986611293,-3.6333235376892984e-5,-0.0005538989666759748,0.06868534797818174,0.01621466875076294,0.017247691750526428,-0.07481849193572998,0.11779601871967316,0.27825379371643066,-1.2913882732391357,0.11901770532131195,-0.6537982821464539,-0.5158854126930237,0.5133762359619141,-0.943275511264801,0.05934607982635498
0.05818037499999998,0.0034223749999999996,17.0,1.6289955826302098,-0.8000968843504547,0.14209534815319516,-0.0010716686345797796,-2.9017196548597117e-5,-0.0004828505162927585,0.06871205610883568,0.020193517208099365,0.018147528171539307,-0.06892520189285278,0.0780879408121109,0.24678438901901245,-1.2548940181732178,0.1036873310804367,-0.6101818680763245,-0.49512627720832825,0.4761197566986084,-0.9019637703895569,0.04635417461395264
0.05818037499999998,0.0034223749999999996,17.0,1.6011113275754232,-0.7723193135134012,0.14238056670679414,-0.0009376261136121356,-2.3725585161999355e-5,-0.0004206634672949648,0.06873201558189118,0.02415594458580017,0.01945934072136879,-0.06348785758018494,0.037904292345047,0.21798910200595856,-1.2105305194854736,0.0885755717754364,-0.5607994198799133,-0.4625479280948639,0.4333803653717041,-0.8509219884872437,0.029343128204345703
0.05818037499999998,0.0034223749999999996,17.0,1.5723808678007094,-0.7436209235298935,0.14260901356959974,-0.0007686356584710274,-1.862006595545664e-5,-0.0003441371279190545,0.06873751393656978,0.029337868094444275,0.02269298955798149,-0.058815568685531616,-0.008697479963302612,0.1848716139793396,-1.1390581130981445,0.053233690559864044,-0.4824032187461853,-0.4269675314426422,0.395796537399292,-0.8048694729804993,-0.005938231945037842
0.05818037499999998,0.0034223749999999996,17.0,1.5427418977895813,-0.7140821422914067,0.142860637509289,-0.0006675898138790023,-1.5428410574570417e-5,-0.00029848683299872007,0.06873526254153667,0.022730037569999695,0.009424927644431591,-0.04449111223220825,-0.22332271933555603,-0.10634159296751022,-0.8155901432037354,-0.31786054372787476,-0.19230127334594727,-0.5034385323524475,0.300229549407959,-0.5725071430206299,-0.06448698043823242
0.05818037499999998,0.0034223749999999996,17.0,1.5122514535011595,-0.6846010439915293,0.14572306994513312,-0.0004977649085044473,-7.42879316006498e-6,-0.00022600896735656316,0.06870731207929733,0.018761619925498962,0.015129406936466694,-0.03433045744895935,-0.2622680068016052,-0.1042531430721283,-0.6568303108215332,-0.3454461395740509,-0.08575153350830078,-0.4280734956264496,0.28994202613830566,-0.5239545106887817,-0.12524551153182983
0.05818037499999998,0.0034223749999999996,17.0,1.480910387968311,-0.6533509776788884,0.14574136045483388,-0.00029829979072051887,-4.253272729588038e-6,-0.00013568017776856802,0.06869357886048125,0.013324588537216187,0.021044842898845673,-0.026749223470687866,-0.2888157367706299,-0.08490686118602753,-0.490490198135376,-0.34117424488067627,0.026340246200561523,-0.3653131425380707,0.2840449810028076,-0.43320924043655396,-0.20335179567337036
0.05818037499999998,0.0034223749999999996,17.0,1.448773750088961,-0.6213015996764591,0.1457418769561116,-0.00012162469102628859,-1.5828256603836539e-6,-5.546683399851585e-5,0.06867863815309032,0.008493632078170776,0.027103934437036514,-0.020740866661071777,-0.3016197085380554,-0.07500018179416656,-0.3448631763458252,-0.34379613399505615,0.12405389547348022,-0.3184465765953064,0.30141305923461914,-0.37132832407951355,-0.2787739634513855
0.05818037499999998,0.0034223749999999996,17.0,1.4159394044628717,-0.5884299739718857,0.145757004813439,6.78405715646756e-5,8.930580348122739e-7,3.0920161330700164e-5,0.06867361544117917,0.005080461502075195,0.034680914133787155,-0.01816985011100769,-0.31140416860580444,-0.06371205300092697,-0.1982717514038086,-0.3432469666004181,0.23738053441047668,-0.2833274304866791,0.3287944793701172,-0.31722161173820496,-0.37171924114227295
0.05818037499999998,0.0034223749999999996,17.0,1.3822792676467182,-0.554769146829948,0.1457831467749279,0.00019355351740680778,2.5054628809375977e-6,8.82445940130067e-5,0.06866912410910261,0.0021497905254364014,0.039075836539268494,-0.018391937017440796,-0.3046541213989258,-0.07865454256534576,-0.15195584297180176,-0.36702245473861694,0.26276081800460815,-0.27233684062957764,0.3674130439758301,-0.3147558271884918,-0.3974721133708954
0.05818037499999998,0.0034223749999999996,17.0,1.3478132811387848,-0.5202929720436269,0.14579957588093245,0.000338322716371276,4.541236717921701e-6,0.00015415289447122163,0.06867136899704374,0.00028955936431884766,0.042486898601055145,-0.01935562491416931,-0.30262792110443115,-0.08152340352535248,-0.13028717041015625,-0.37054601311683655,0.28823322057724,-0.2604524791240692,0.3888075351715088,-0.3089609742164612,-0.4218057692050934
0.05818037499999998,0.0034223749999999996,17.0,1.3125209219178742,-0.4850038186443558,0.14587083459620814,0.00048823429997135054,6.703313171548904e-6,0.00022235550519640354,0.0686720935695609,-0.0006223917007446289,0.04402303323149681,-0.017656922340393066,-0.3012513518333435,-0.08189696073532104,-0.11989259719848633,-0.3749118447303772,0.29648828506469727,-0.24713511765003204,0.3962266445159912,-0.31620901823043823,-0.43062281608581543
0.05818037499999998,0.0034223749999999996,17.0,1.2764285842294216,-0.4488841409771468,0.14594841606636233,0.0006426655156351845,9.085898643052469e-6,0.00029232299302471316,0.0686745561934527,-0.0005983710289001465,0.044802695512771606,-0.015243083238601685,-0.300712525844574,-0.07909715175628662,-0.1180732250213623,-0.37796980142593384,0.2993104159832001,-0.23439092934131622,0.3949153423309326,-0.3330134153366089,-0.43432721495628357
0.05818037499999998,0.0034223749999999996,17.0,1.2394946449448907,-0.41193566498395473,0.14601555909057223,0.0008040839299256569,1.1807235216326403e-5,0.00036519035999339034,0.06867794989499934,-0.0005692243576049805,0.04532289132475853,-0.013227283954620361,-0.30062806606292725,-0.07120488584041595,-0.12308955192565918,-0.3694499731063843,0.30344051122665405,-0.2178414762020111,0.38690710067749023,-0.340372771024704,-0.43944865465164185
0.05818037499999998,0.0034223749999999996,17.0,1.2017383634728553,-0.3741527128862812,0.14608195020968356,0.000990787891580198,1.488960252912046e-5,0.0004493640682330717,0.06867986345546989,-4.699826240539551e-5,0.04583835229277611,-0.011091560125350952,-0.2985343337059021,-0.06645268946886063,-0.12702369689941406,-0.36542487144470215,0.30339235067367554,-0.20238998532295227,0.37950778007507324,-0.35419294238090515,-0.4420897662639618
0.05818037499999998,0.0034223749999999996,17.0,1.1631800351822887,-0.33553923468476504,0.14616526745508499,0.0011106916381524437,1.6651711391766675e-5,0.0005031088170205799,0.06867947726938829,0.0015290677547454834,0.04626946151256561,-0.008175194263458252,-0.2930911183357239,-0.06823091953992844,-0.12633728981018066,-0.3760526180267334,0.29512378573417664,-0.19138087332248688,0.37502360343933105,-0.38625064492225647,-0.4389980137348175
0.05818037499999998,0.0034223749999999996,17.0,1.1237642112029587,-0.29609315212217896,0.14623646854334219,0.0012207798289141395,1.8543058379289147e-5,0.0005527442383172894,0.06867804766904799,0.0023606717586517334,0.04690248519182205,-0.005555659532546997,-0.286466121673584,-0.07129250466823578,-0.12362360954284668,-0.3811575174331665,0.2847954034805298,-0.17734116315841675,0.3726060390472412,-0.40603911876678467,-0.4354109764099121
0.05818037499999998,0.0034223749999999996,17.0,1.0834793150318016,-0.255814375710903,0.1462759678357605,0.0014660340599263332,2.2612260354394215e-5,0.0006646647282024953,0.06867496240252108,0.0022623538970947266,0.04740607738494873,-0.003458380699157715,-0.28021419048309326,-0.0681818500161171,-0.1272740364074707,-0.3702602982521057,0.27644386887550354,-0.15631984174251556,0.36637115478515625,-0.4095971882343292,-0.43412259221076965
0.05818037499999998,0.0034223749999999996,17.0,1.0423717675271342,-0.21471309533574154,0.1463214092387509,0.0016840133175228193,2.7456378380293812e-5,0.0007627388510378568,0.06867862346482989,0.002592325210571289,0.047527093440294266,-0.0020013153553009033,-0.2780887484550476,-0.056091394275426865,-0.14347505569458008,-0.3434818387031555,0.275138795375824,-0.1365968883037567,0.34900999069213867,-0.4061969220638275,-0.43665778636932373
0.05818037499999998,0.0034223749999999996,17.0,1.0003990905896516,-0.17278228324154074,0.14644793848648552,0.001915901215211709,3.1796044694934215e-5,0.0008680342776127172,0.06867939804417503,0.002599000930786133,0.04758613929152489,0.0012657642364501953,-0.27680301666259766,-0.04485103487968445,-0.15228748321533203,-0.3259206712245941,0.2757781744003296,-0.12557443976402283,0.3379197120666504,-0.403726190328598,-0.4393152594566345
0.05818037499999998,0.0034223749999999996,17.0,0.957591061221777,-0.13000610449255492,0.14660355591528007,0.0019461334091089323,3.212338530575532e-5,0.0008811566834375715,0.06868315480478734,0.002644449472427368,0.04787028208374977,0.006372809410095215,-0.2878522276878357,-0.02514103427529335,-0.1575636863708496,-0.30727505683898926,0.304362416267395,-0.14971774816513062,0.3249998092651367,-0.3861866295337677,-0.45741894841194153
0.05818037499999998,0.0034223749999999996,17.0,0.9138381659554266,-0.08647183278599024,0.14675314994370825,0.001941085684538365,2.9550314891070525e-5,0.000874434861656658,0.06867445103021971,-0.002798318862915039,0.04589035362005234,0.01347815990447998,-0.2413344383239746,-0.14253801107406616,-0.17636632919311523,-0.29781365394592285,0.3132599890232086,-0.29221490025520325,0.34801244735717773,-0.08665202558040619,-0.49661991000175476
0.05818037499999998,0.0034223749999999996,17.0,0.8689136047345947,-0.042205120100685875,0.1470185757073302,0.0017872423478310071,2.5020289669712774e-5,0.0007968697741962866,0.0686640182314047,-0.017203181982040405,0.04105573892593384,0.022210627794265747,-0.17312711477279663,-0.348886638879776,-0.19814157485961914,-0.26166537404060364,0.34272271394729614,-0.5170866847038269,0.35837483406066895,0.43421947956085205,-0.5622928142547607
0.05818037499999998,0.0034223749999999996,17.0,0.8235697819730043,0.0027720599158375984,0.14758964528380594,-3.4720892039650163e-6,-3.526919537238783e-8,-1.5821336895906845e-6,0.06856420833256727,-0.037832051515579224,0.037398915737867355,0.06482240557670593,0.2505100965499878,-0.3339709937572479,-1.0020687580108643,-0.5779109001159668,-0.9278034567832947,-0.4589545726776123,0.2129197120666504,0.4340037405490875,0.23392850160598755
0.05818037499999998,0.0034223749999999996,17.0,0.8678116499216187,0.04782585448536901,0.1480506122706782,-0.00179617376277656,-5.67909063917661e-6,-0.0008136806800061794,0.068544376968801,-0.07831376791000366,0.03014323115348816,0.08085522055625916,0.3844801187515259,-0.2786451578140259,-1.1397426128387451,-0.6994017958641052,-1.0673034191131592,-0.6772504448890686,0.16595816612243652,0.5806215405464172,0.23530834913253784
0.05818037499999998,0.0034223749999999996,17.0,0.9116736623477193,0.09194930044306043,0.14826929732053246,-0.001956204807566017,2.685543841992781e-6,-0.0008818634116679144,0.06853060678931586,-0.10359859466552734,0.01826968789100647,0.08892187476158142,0.45603662729263306,-0.21513782441616058,-1.1662158966064453,-0.8201632499694824,-1.1428334712982178,-0.7901842594146729,0.12390804290771484,0.6280624270439148,0.24903851747512817
0.05818037499999998,0.0034223749999999996,17.0,0.9551825427867067,0.13545075835472434,0.1483226445384983,-0.001956847745602329,4.337138345445959e-6,-0.0008821242900423513,0.06852915747950096,-0.10885158181190491,0.011713136918842793,0.09074386954307556,0.4595296382904053,-0.19398923218250275,-1.1589200496673584,-0.8393911719322205,-1.1344797611236572,-0.8233986496925354,0.12788915634155273,0.6680498719215393,0.2466159462928772
0.05818037499999998,0.0034223749999999996,17.0,0.9979080962126534,0.17813324924204244,0.14839425574753695,-0.001874316066893501,4.188422620568275e-6,-0.0008442560704359002,0.0685295716903711,-0.111674964427948,0.007757104933261871,0.09430280327796936,0.46814364194869995,-0.149941086769104,-1.187450885772705,-0.842449963092804,-1.1380558013916016,-0.8520050644874573,0.1298692226409912,0.6510718464851379,0.24384969472885132
0.05818037499999998,0.0034223749999999996,17.0,1.0399116674537519,0.21994455750097133,0.14841595390093584,-0.0017760503930748784,1.6092704461347855e-6,-0.0007979290566242061,0.06852839318114022,-0.11163875460624695,0.005424100905656815,0.09671381115913391,0.473443865776062,-0.11695048958063126,-1.2046113014221191,-0.8330833911895752,-1.1389031410217285,-0.870614230632782,0.1241312026977539,0.6401753425598145,0.23982948064804077
0.05818037499999998,0.0034223749999999996,17.0,1.081114605421187,0.2609183851968614,0.1484546620202873,-0.0017034163814096763,-1.7966304012761725e-6,-0.0007633866820368414,0.06852640392816008,-0.10952764749526978,0.004095063544809818,0.09889456629753113,0.4716121554374695,-0.12590688467025757,-1.1994295120239258,-0.8161864280700684,-1.1316306591033936,-0.8602580428123474,0.11967778205871582,0.6719052791595459,0.23616522550582886
0.05818037499999998,0.0034223749999999996,17.0,1.1217740682883228,0.302176170318918,0.1455734326709423,-0.001364013304502015,-1.686350543103327e-5,-0.0005980310352217323,0.06857235299506616,-0.1105952262878418,-0.002244195668026805,0.10376438498497009,0.48790228366851807,-0.09685191512107849,-1.2350029945373535,-0.7817584872245789,-1.1503868103027344,-0.8568890690803528,0.09991741180419922,0.6847974061965942,0.24087220430374146
0.05818037499999998,0.0034223749999999996,17.0,1.1612624171454198,0.34155344316112574,0.14560775369126985,-0.0012538549129150925,-1.661534831248706e-5,-0.0005486116697906739,0.06857003686357205,-0.10993295907974243,-0.003997619263827801,0.10656151175498962,0.493580162525177,-0.07328976690769196,-1.2459604740142822,-0.76930832862854,-1.151825189590454,-0.8639489412307739,0.0947108268737793,0.6793307662010193,0.23706024885177612
0.05818037499999998,0.0034223749999999996,17.0,1.199916978936138,0.3801479432391804,0.14563929474342502,-0.0010271543537294745,-1.393654835284111e-5,-0.0004488531764149005,0.0685695945256755,-0.10816511511802673,-0.004981340374797583,0.10816147923469543,0.49802106618881226,-0.04846856743097305,-1.2471816539764404,-0.7525001168251038,-1.1525516510009766,-0.8752620220184326,0.08212947845458984,0.6740279197692871,0.23280566930770874
0.05818037499999998,0.0034223749999999996,17.0,1.2377216587911788,0.41788934086192114,0.14568304140209667,-0.0008513174402887858,-1.1912283619155654e-5,-0.000371644058958174,0.06856999923333071,-0.1067139208316803,-0.007025673519819975,0.110100656747818,0.5043766498565674,-0.030513226985931396,-1.255676507949829,-0.7313849329948425,-1.1558737754821777,-0.8764525055885315,0.07166886329650879,0.6783813834190369,0.23060375452041626
0.05818037499999998,0.0034223749999999996,17.0,1.274689750141778,0.45479681931439747,0.1457273232270803,-0.0006809824925809897,-9.787488189722712e-6,-0.0002969969767154664,0.0685703314917456,-0.1053844690322876,-0.009109287522733212,0.111967533826828,0.5115331411361694,-0.012101013213396072,-1.262925148010254,-0.710724949836731,-1.1599926948547363,-0.8776839971542358,0.06032705307006836,0.6816985607147217,0.22852307558059692
0.05818037499999998,0.0034223749999999996,17.0,1.3108247274381772,0.49085459812764065,0.1457644476743665,-0.0005177665146648363,-7.703000731190086e-6,-0.00022546396475607287,0.06856989774658048,-0.10421174764633179,-0.011322524398565292,0.11380884051322937,0.5197605490684509,0.006840638816356659,-1.2684078216552734,-0.6903887987136841,-1.1648657321929932,-0.878980278968811,0.04752087593078613,0.6840940117835999,0.22631311416625977
0.05818037499999998,0.0034223749999999996,17.0,1.346121632563896,0.5260966637760992,0.1458082336010065,-0.00036131864740636773,-5.485316826531421e-6,-0.00015717095178386357,0.068569834131537,-0.10312196612358093,-0.014105190522968769,0.1157366931438446,0.5286110639572144,0.026052869856357574,-1.27349853515625,-0.6678503751754761,-1.1701111793518066,-0.8791012167930603,0.0319828987121582,0.6879034638404846,0.22453635931015015
0.05818037499999998,0.0034223749999999996,17.0,1.380585766337686,0.5605022323010133,0.1458558398419942,-0.00022405643018409295,-3.4772072523180244e-6,-9.733927100599797e-5,0.06856933760650716,-0.10206887125968933,-0.018029607832431793,0.1178293526172638,0.537979245185852,0.045400772243738174,-1.2798852920532227,-0.6390250325202942,-1.1748075485229492,-0.8782492280006409,0.012978553771972656,0.6952372193336487,0.22308093309402466
0.05818037499999998,0.0034223749999999996,17.0,1.4142124738223776,0.594063971454733,0.14592128822388015,-3.2279797933949425e-5,-5.165883887335003e-7,-1.4016902669777629e-5,0.06857057184819099,-0.10128828883171082,-0.02406703680753708,0.1206909716129303,0.5456231236457825,0.04295574873685837,-1.279860258102417,-0.5952891111373901,-1.1761415004730225,-0.8671553730964661,-0.01016092300415039,0.7382537722587585,0.22335058450698853
0.05818037499999998,0.0034223749999999996,17.0,1.447003091403832,0.6267032777066699,0.14599621354745587,0.0001450135688984066,2.4495325693434133e-6,6.272220732016977e-5,0.06856622637385092,-0.1028340756893158,-0.033821798861026764,0.1202525794506073,0.556631326675415,0.07466498762369156,-1.2748386859893799,-0.541887104511261,-1.1874966621398926,-0.8731690049171448,-0.06866955757141113,0.7509051561355591,0.2386576533317566
0.05818037499999998,0.0034223749999999996,17.0,1.478892801741514,0.658483392151784,0.14607580349769705,0.00032703819225903224,5.791657093534953e-6,0.0001408830285934841,0.06856523719430943,-0.1093272864818573,-0.04839093238115311,0.11819162964820862,0.5912430286407471,0.13793879747390747,-1.2491950988769531,-0.47576093673706055,-1.2135813236236572,-0.8950677514076233,-0.19528937339782715,0.7280086874961853,0.2584415078163147
0.05818037499999998,0.0034223749999999996,17.0,1.5099276570848121,0.6893888458209582,0.14612127315322568,0.0005357418540816568,9.986723546709159e-6,0.00022943761406187915,0.06856481433596542,-0.11423704028129578,-0.06227043271064758,0.11294665932655334,0.6577415466308594,0.15655232965946198,-1.1271181106567383,-0.4042639434337616,-1.2403631210327148,-0.9199345111846924,-0.4261661767959595,0.746627688407898,0.2567142844200134
0.05818037499999998,0.0034223749999999996,17.0,1.5401521300398375,0.7194510456560359,0.1460830024892416,0.000719199306605666,1.3738988146802591e-5,0.0003043170896059547,0.06856151164468921,-0.11923381686210632,-0.07093729078769684,0.11020591855049133,0.7683232426643372,0.20133931934833527,-0.9496207237243652,-0.3876396715641022,-1.273470163345337,-0.9861574769020081,-0.7477699518203735,0.6763876676559448,0.21491354703903198
0.05818037499999998,0.0034223749999999996,17.0,1.5695415477770944,0.7487346881593044,0.14603506456141435,0.0008549877246299261,1.5583811420886736e-5,0.0003553531624347732,0.06855610403059675,-0.14348086714744568,-0.09828440099954605,0.19490227103233337,1.4109618663787842,-0.18621967732906342,-1.5879034996032715,-0.601871132850647,-1.8954813480377197,-0.9682947993278503,-1.7948174476623535,-0.146847665309906,0.3360002636909485
0.05818037499999998,0.0034223749999999996,17.0,1.597942097766407,0.7770941778907082,0.14665471738633032,0.000999218524083934,1.517168103622465e-5,0.0004015878535692704,0.06855642842953903,-0.14672502875328064,-0.0992014929652214,0.21383872628211975,1.5225214958190918,-0.2627244293689728,-1.6464042663574219,-0.6852766871452332,-1.9230046272277832,-1.0404542684555054,-2.004361152648926,-0.1867554932832718,0.2578590512275696
0.05818037499999998,0.0034223749999999996,17.0,1.6255627120162233,0.8045964947976455,0.14745160868542906,0.0011305750270121314,1.1915067495977501e-5,0.0004357320214828108,0.06856202226760642,-0.14462020993232727,-0.10296212881803513,0.22983971238136292,1.603498101234436,-0.38116103410720825,-1.627851963043213,-0.7766237854957581,-1.9346668720245361,-1.1103181838989258,-2.304227352142334,-0.09344097226858139,0.19927150011062622
0.05818037499999998,0.0034223749999999996,17.0,1.6522929148912424,0.8315190184635305,0.14857429928059393,0.0012813857590906206,5.089751736065344e-6,0.00047806328235452044,0.06859009435242426,-0.1457017958164215,-0.10662847012281418,0.24979153275489807,1.692315936088562,-0.4916297495365143,-1.7143898010253906,-0.8403325080871582,-1.9355361461639404,-1.1446388959884644,-2.4861645698547363,-0.023988859727978706,0.11472797393798828
0.05818037499999998,0.0034223749999999996,17.0,1.678270469541989,0.8577525364704559,0.14943788186927398,0.001470054753749029,-1.7442598626048803e-6,0.0005385993938859283,0.06862022417576959,-0.14516568183898926,-0.10730843245983124,0.26133665442466736,1.7303091287612915,-0.5453073978424072,-1.7260212898254395,-0.886863648891449,-1.9414918422698975,-1.2057528495788574,-2.618797779083252,0.015553614124655724,0.08383333683013916
0.05818037499999998,0.0034223749999999996,17.0,1.7035852366343225,0.8830589826930385,0.14985935996718966,0.0016589443380893981,-4.500709406581972e-6,0.0006034755669337012,0.06862900534611707,-0.1464105248451233,-0.10737456381320953,0.27083101868629456,1.7667286396026611,-0.5663484334945679,-1.7763495445251465,-0.9064290523529053,-1.950660228729248,-1.2448171377182007,-2.6570143699645996,0.009220683947205544,0.05472499132156372
0.05818037499999998,0.0034223749999999996,17.0,1.7281703008472553,0.9075394884690292,0.150043520823228,0.001869832817722536,-6.35969147416902e-6,0.00067531205077872,0.06864024874798738,-0.14210370182991028,-0.10713180154561996,0.27009591460227966,1.749440312385559,-0.5680712461471558,-1.6777863502502441,-0.9249528646469116,-1.954423189163208,-1.2708613872528076,-2.7577059268951416,0.03841744363307953,0.07911163568496704
0.05818037499999998,0.0034223749999999996,17.0,1.7519113508299333,0.931142130108063,0.15014026281807089,0.002031442104809041,-7.686933078829009e-6,0.0007296071572665196,0.0686461267913163,-0.13807892799377441,-0.10845328867435455,0.2696400582790375,1.7393195629119873,-0.5793170928955078,-1.6062049865722656,-0.9326192140579224,-1.9491779804229736,-1.2513530254364014,-2.8384270668029785,0.07613136619329453,0.08792984485626221
0.05818037499999998,0.0034223749999999996,17.0,1.7747662303274014,0.9539538361062054,0.15025342637130884,0.002207200375042733,-8.938836574898112e-6,0.0007910441064646057,0.0686484847940749,-0.13733771443367004,-0.10815005004405975,0.2728550136089325,1.7480660676956177,-0.5789672136306763,-1.60567045211792,-0.9408344030380249,-1.9565553665161133,-1.258496880531311,-2.8708462715148926,0.056129343807697296,0.08584868907928467
0.05818037499999998,0.0034223749999999996,17.0,1.796815771330639,0.9759254669995432,0.15026865071564424,0.0024258380417577,-1.0179939750422986e-5,0.0008672502836782434,0.06865028084831791,-0.13391759991645813,-0.10813851654529572,0.2707618176937103,1.7304109334945679,-0.5697121024131775,-1.530888557434082,-0.9484860897064209,-1.960350751876831,-1.254461646080017,-2.9322257041931152,0.060765162110328674,0.10970479249954224
0.05818037499999998,0.0034223749999999996,17.0,1.8179511741816372,0.9971061355166231,0.1504010474138137,0.0026496938106561506,-1.1468918810923486e-5,0.0009480851800781538,0.06865137366117174,-0.13473892211914062,-0.10741707682609558,0.2752068340778351,1.7458096742630005,-0.5644447803497314,-1.5660123825073242,-0.9541141390800476,-1.9740774631500244,-1.2685471773147583,-2.937241315841675,0.017836542800068855,0.10530924797058105
0.05818037499999998,0.0034223749999999996,17.0,1.838219273174318,1.0173957191494991,0.15057817573369556,0.002872583778871428,-1.3085709345998712e-5,0.0010272949886105651,0.06865330562295137,-0.13754400610923767,-0.10871346294879913,0.28437331318855286,1.7845044136047363,-0.5809115767478943,-1.6814932823181152,-0.9512189626693726,-1.9837093353271484,-1.2602269649505615,-2.9124927520751953,-0.012130221351981163,0.07237142324447632
0.05818037499999998,0.0034223749999999996,17.0,1.8576976826211387,1.0368784735970213,0.15069489584292733,0.0030265502780528852,-1.3853069986693311e-5,0.0010818125776986842,0.06865474632504955,-0.13880512118339539,-0.10970759391784668,0.2905576527118683,1.8109570741653442,-0.5896393060684204,-1.7539372444152832,-0.9489468336105347,-1.988107681274414,-1.2494148015975952,-2.900425910949707,-0.03536658734083176,0.04799085855484009
0.05818037499999998,0.0034223749999999996,17.0,1.8763529232642204,1.055555916400427,0.1507623202705782,0.0031982604595845072,-1.4524718582940112e-5,0.0011432584652397355,0.06865663327349036,-0.13898023962974548,-0.10997878760099411,0.29402956366539,1.8218696117401123,-0.5874603390693665,-1.7826309204101562,-0.9505428671836853,-1.9958555698394775,-1.2517670392990112,-2.9046761989593506,-0.05714806914329529,0.04336965084075928
0.05818037499999998,0.0034223749999999996,17.0,1.8942392847017722,1.0733448972541748,0.1507345617947232,0.003409369336086064,-1.5238023751402977e-5,0.0012161774102384133,0.0686578836747762,-0.13583940267562866,-0.11031436175107956,0.2923458516597748,1.805080771446228,-0.5806873440742493,-1.722404956817627,-0.9543267488479614,-1.9981436729431152,-1.2430726289749146,-2.9510087966918945,-0.04723639041185379,0.0646519660949707
0.05818037499999998,0.0034223749999999996,17.0,1.911246468973301,1.0903451833420956,0.15076396422152483,0.003590098149766245,-1.694449935800849e-5,0.0012795104857552934,0.06865805944329242,-0.13511651754379272,-0.11083287745714188,0.2949645221233368,1.8118609189987183,-0.5804066061973572,-1.7351737022399902,-0.9545076489448547,-2.0010030269622803,-1.234833836555481,-2.963169813156128,-0.06009623408317566,0.06024199724197388
0.05818037499999998,0.0034223749999999996,17.0,1.9273834937892529,1.1065034611044806,0.1509203384511646,0.0037504969638543443,-1.7340432140095365e-5,0.0013390497126456549,0.06865832437950156,-0.13556483387947083,-0.11066710948944092,0.29803213477134705,1.8217096328735352,-0.5769343972206116,-1.7625293731689453,-0.9561532735824585,-2.0088841915130615,-1.2403861284255981,-2.967524766921997,-0.08749094605445862,0.056441664695739746
0.05818037499999998,0.0034223749999999996,17.0,1.9427638655581303,1.1218541005063771,0.15084577908465527,0.003938479784940552,-1.7970925989945643e-5,0.0014034401093476624,0.06866025025573542,-0.1318395435810089,-0.11077668517827988,0.2950880825519562,1.799609661102295,-0.568165123462677,-1.683093547821045,-0.9607557058334351,-2.00852632522583,-1.2266819477081299,-3.026003360748291,-0.07714053243398666,0.08100104331970215
0.05818037499999998,0.0034223749999999996,17.0,1.9572820032693945,1.1363174200700261,0.1508590477821704,0.004050847521965162,-1.8079442115758308e-5,0.0014411396857567744,0.06866156367282676,-0.1318306028842926,-0.11164598912000656,0.29851946234703064,1.812266230583191,-0.5724113583564758,-1.719067096710205,-0.9588972330093384,-2.0077664852142334,-1.2074559926986694,-3.0352582931518555,-0.09174788743257523,0.06663310527801514
0.05818037499999998,0.0034223749999999996,17.0,1.9709884139959517,1.1499616653315994,0.15084401824775598,0.004164339337118362,-1.7514035380391073e-5,0.00147793402585408,0.06866358302816147,-0.1291334629058838,-0.11253375560045242,0.29777929186820984,1.8056954145431519,-0.5727856755256653,-1.6838006973266602,-0.9596570730209351,-1.9986777305603027,-1.1668888330459595,-3.08128023147583,-0.08589620888233185,0.06614691019058228
0.05818037499999998,0.0034223749999999996,17.0,1.9838018796457983,1.1628234173487455,0.1508505181674685,0.004283264169356492,-1.9336593642571555e-5,0.0015196835822566751,0.06866396363075307,-0.1304442286491394,-0.11112135648727417,0.30128446221351624,1.8189903497695923,-0.55589759349823,-1.7287349700927734,-0.9638529419898987,-2.015298366546631,-1.1901153326034546,-3.074695348739624,-0.14543229341506958,0.06513071060180664
0.05818037499999998,0.0034223749999999996,17.0,1.9958132982221266,1.1748710700094247,0.15080102482011434,0.00442053670795108,-2.2434413866313672e-5,0.0015670862715686752,0.0686627079617297,-0.12964418530464172,-0.10897528380155563,0.3006936013698578,1.8120858669281006,-0.5279322266578674,-1.7007761001586914,-0.9739131927490234,-2.0299160480499268,-1.2166721820831299,-3.0944395065307617,-0.19453822076320648,0.08470213413238525
0.05818037499999998,0.0034223749999999996,17.0,2.0069447946119756,1.1860809373085848,0.15086294908032824,0.0045483206599306785,-2.513889176765871e-5,0.0016133613213446603,0.06866257119485616,-0.13196003437042236,-0.1079179048538208,0.30559638142585754,1.8336373567581177,-0.5137048363685608,-1.774461269378662,-0.9767118096351624,-2.043839454650879,-1.2388867139816284,-3.0678822994232178,-0.25823116302490234,0.07232749462127686
0.05818037499999998,0.0034223749999999996,17.0,2.0172266644609347,1.1964595746383182,0.15096279926236236,0.004691912046977852,-2.9181416949195894e-5,0.0016659211946902983,0.06866072393335813,-0.13441163301467896,-0.10614555329084396,0.3100598156452179,1.8533787727355957,-0.4913049638271332,-1.8402729034423828,-0.9821638464927673,-2.0608816146850586,-1.2693346738815308,-3.040658712387085,-0.33664757013320923,0.06424015760421753
0.05818037499999998,0.0034223749999999996,17.0,2.0267215076932605,1.2059921451067437,0.15098189410244933,0.004855725399931236,-3.3631484828380876e-5,0.0017226256824094,0.06865915089072687,-0.1348421573638916,-0.10432638972997665,0.31120041012763977,1.8546199798583984,-0.4663868248462677,-1.848869800567627,-0.9903921484947205,-2.0757579803466797,-1.2926545143127441,-3.0417046546936035,-0.39338162541389465,0.07477319240570068
0.05818037499999998,0.0034223749999999996,17.0,2.035324629785551,1.214682745421158,0.1511349592152934,0.005042138942159441,-3.758398800482252e-5,0.0017917506106231722,0.06865795593804787,-0.13842442631721497,-0.1036251112818718,0.3172089159488678,1.883175015449524,-0.45326417684555054,-1.9518718719482422,-0.9925711154937744,-2.0888729095458984,-1.3121367692947388,-2.9948694705963135,-0.45751500129699707,0.05373126268386841
0.05818037499999998,0.0034223749999999996,17.0,2.0426939915359474,1.2214130901002405,0.15463797868897655,0.005286487555785456,-0.00011178865354345634,0.0018651928338224788,0.06861704741193744,-0.13857853412628174,-0.0967608094215393,0.30743274092674255,1.8530281782150269,-0.4174305498600006,-1.8141202926635742,-1.0150222778320312,-2.1019959449768066,-1.3635715246200562,-3.0254721641540527,-0.5170366764068604,0.09635132551193237
0.05818037499999998,0.0034223749999999996,17.0,2.049632155099156,1.2284683590704957,0.15474241679764428,0.0056454290100782034,-0.00012218050837335722,0.001996483957889255,0.06861655942573902,-0.14073148369789124,-0.09537655860185623,0.3108483850955963,1.8662056922912598,-0.3936859965324402,-1.8659958839416504,-1.0227943658828735,-2.117478847503662,-1.3810451030731201,-2.998767852783203,-0.5788971185684204,0.09417402744293213
0.05818037499999998,0.0034223749999999996,17.0,2.0557494012391446,1.2346681563862696,0.15485681285511593,0.006243602634353473,-0.00013812570422137,0.002212230130667965,0.0686157104526716,-0.14329275488853455,-0.09462210536003113,0.31542256474494934,1.8845330476760864,-0.37235209345817566,-1.9386672973632812,-1.0294773578643799,-2.1323885917663574,-1.3890807628631592,-2.9620418548583984,-0.6368188261985779,0.08621442317962646
0.05818037499999998,0.0034223749999999996,17.0,2.0610221278160212,1.2400258767213104,0.1550152555377398,0.007604237093510683,-0.0001725601254893936,0.002701954346183325,0.06861484090450806,-0.14637160301208496,-0.09452474862337112,0.32172343134880066,1.9072586297988892,-0.348207026720047,-2.038015365600586,-1.0383862257003784,-2.153472661972046,-1.3848438262939453,-2.9097235202789307,-0.6898679733276367,0.07939600944519043
0.05818037499999998,0.0034223749999999996,17.0,2.0655869761403527,1.2445247984105001,0.15522038569288588,0.01409087044051015,-0.00032962721674965537,0.005039247169800156,0.06861418166838758,-0.14482811093330383,-0.09555686265230179,0.32889899611473083,1.8920942544937134,-0.26602137088775635,-2.0854249000549316,-1.0800176858901978,-2.2234296798706055,-1.3063100576400757,-2.866163492202759,-0.7115803360939026,0.15994161367416382
0.05818037499999998,0.0034223749999999996,17.0,2.0388725826690766,-1.2423048736846873,0.12889470118527513,-0.013623667234140813,-0.00034572439712259734,-0.0062796319596042,0.06856804707103342,0.03315974771976471,0.00860622338950634,-0.12559553980827332,0.22979451715946198,0.3071745038032532,-1.140324354171753,0.35285699367523193,-0.6691359877586365,-0.5468136668205261,0.4816408157348633,-0.9980646371841431,0.011779367923736572
0.05818037499999998,0.0034223749999999996,17.0,2.034306522290452,-1.2377114917716185,0.12905630509234617,-0.007346109970631742,-0.0001811235571003285,-0.0033923483148762114,0.06856865636383147,0.029784709215164185,0.011799739673733711,-0.11941507458686829,0.2277134656906128,0.33198052644729614,-1.1665539741516113,0.30632176995277405,-0.6825992465019226,-0.5289120674133301,0.5067844390869141,-1.0366895198822021,0.02155935764312744
0.05818037499999998,0.0034223749999999996,17.0,2.0289670677568914,-1.2323259936733613,0.12906710796543605,-0.006029569132830796,-0.00014767261316682383,-0.0027843136650242887,0.06856935843409104,0.028206244111061096,0.01335930172353983,-0.11835148930549622,0.2328578680753708,0.35367506742477417,-1.1868774890899658,0.28716230392456055,-0.6876558661460876,-0.5276985764503479,0.5111796855926514,-1.0659459829330444,0.020612120628356934
0.05818037499999998,0.0034223749999999996,17.0,2.022802467200886,-1.2261314152211868,0.12908752108731883,-0.005452992563498067,-0.0001335082154618258,-0.002519239021743259,0.06857040701586775,0.027683153748512268,0.013852025382220745,-0.11687472462654114,0.2265702486038208,0.34767839312553406,-1.1894891262054443,0.2739713191986084,-0.6794734597206116,-0.5274531841278076,0.522911548614502,-1.0668470859527588,0.018030226230621338
0.05818037499999998,0.0034223749999999996,17.0,2.0157839015544554,-1.219097144933285,0.12910576325152093,-0.005101296783374779,-0.00012393817152113275,-0.002357525206272812,0.06857078292989044,0.026789039373397827,0.014539762400090694,-0.11575824022293091,0.2266225814819336,0.3530574142932892,-1.2021164894104004,0.2592219114303589,-0.6759513020515442,-0.5266737341880798,0.5304977893829346,-1.0805786848068237,0.014340341091156006
0.05818037499999998,0.0034223749999999996,17.0,2.0079546043918155,-1.2112460172352677,0.12913404190046365,-0.004868490459752601,-0.00011844572358620637,-0.0022511914232320553,0.06857169904080052,0.026235029101371765,0.014746797271072865,-0.1140647828578949,0.22163057327270508,0.34726423025131226,-1.20790433883667,0.24696040153503418,-0.6681017279624939,-0.525776207447052,0.5413980484008789,-1.0829805135726929,0.011151909828186035
0.05818037499999998,0.0034223749999999996,17.0,1.9991602454575768,-1.2014918602517186,0.12685910019151145,-0.004706835357297888,-0.00014854397938490665,-0.002126440536145683,0.06860886318943644,0.025597915053367615,0.014854221604764462,-0.11260911822319031,0.21730247139930725,0.34780943393707275,-1.21138596534729,0.228475421667099,-0.663347065448761,-0.5337769985198975,0.553950309753418,-1.0884145498275757,0.01024937629699707
0.05818037499999998,0.0034223749999999996,17.0,1.9896573061391203,-1.1919815594593417,0.1268915796971137,-0.004552233886052932,-0.000143752455197611,-0.0020575814937283886,0.06860944022763349,0.02507363259792328,0.014935587532818317,-0.11085790395736694,0.2118963897228241,0.34118422865867615,-1.2153537273406982,0.21828514337539673,-0.6561612486839294,-0.5342699885368347,0.5636115074157715,-1.087966799736023,0.008010506629943848
0.05818037499999998,0.0034223749999999996,17.0,1.9793297830441305,-1.1816433519437906,0.12693086347468222,-0.004416043695888024,-0.00013960202765503658,-0.001996895553545544,0.06861001203050825,0.024507969617843628,0.014899642206728458,-0.10867580771446228,0.2061171531677246,0.3332912027835846,-1.220156192779541,0.20708924531936646,-0.6484556794166565,-0.5338878631591797,0.5741391181945801,-1.0877126455307007,0.005630910396575928
0.05818037499999998,0.0034223749999999996,17.0,1.9681583558731872,-1.1704639220031219,0.12695841428928098,-0.004279146869106394,-0.00013472792448837617,-0.0019357774399238264,0.06861049992448225,0.023911014199256897,0.015174071304500103,-0.10674512386322021,0.2004614770412445,0.3266710340976715,-1.2246685028076172,0.1929013431072235,-0.6391953825950623,-0.5344731211662292,0.5849258899688721,-1.0895200967788696,0.0018126964569091797
0.05818037499999998,0.0034223749999999996,17.0,1.9561248077567783,-1.1584899417771835,0.12717994784776143,-0.0041505792912290606,-0.00013055100094230298,-0.0018806321322115192,0.06860755290532043,0.023398995399475098,0.015151572413742542,-0.10526615381240845,0.19812461733818054,0.324159175157547,-1.231882095336914,0.18896347284317017,-0.6379793286323547,-0.5325866341590881,0.588071346282959,-1.0885618925094604,0.0020464658737182617
0.05818037499999998,0.0034223749999999996,17.0,1.9433423670657892,-1.1456274319559774,0.1269868389946672,-0.00402696699955229,-0.00012775322840068455,-0.001822093672092923,0.06861191208743352,0.023137077689170837,0.015052258037030697,-0.10406389832496643,0.193364679813385,0.31822651624679565,-1.232017993927002,0.18860474228858948,-0.6361950039863586,-0.5337479114532471,0.5914328098297119,-1.0826809406280518,0.003895103931427002
0.05818037499999998,0.0034223749999999996,17.0,1.9297186003684632,-1.1319685497038143,0.12699879777395376,-0.003925113037680057,-0.00012611310478719947,-0.0017754670207299078,0.06861280470068087,0.022940650582313538,0.015110976062715054,-0.10338959097862244,0.190752774477005,0.3158188462257385,-1.2352313995361328,0.19043204188346863,-0.637488067150116,-0.5322614908218384,0.5898795127868652,-1.0774723291397095,0.0063967108726501465
0.05818037499999998,0.0034223749999999996,17.0,1.9152013569469317,-1.1174935958411527,0.12717063940135412,-0.003782007714740613,-0.0001218670360002516,-0.0017128752264121032,0.06861124131881433,0.022871434688568115,0.015001569874584675,-0.10259690880775452,0.1869817078113556,0.309226393699646,-1.236304759979248,0.19453154504299164,-0.639951765537262,-0.5294531583786011,0.5863590240478516,-1.0647696256637573,0.010697245597839355
0.05818037499999998,0.0034223749999999996,17.0,1.8998658561755555,-1.1021566927630553,0.12717791866274572,-0.0036156563010288387,-0.00011620555059773853,-0.0016374494878396897,0.06861200319276549,0.02237619459629059,0.01512888167053461,-0.10161051154136658,0.18550553917884827,0.31028470396995544,-1.2421507835388184,0.1900918036699295,-0.6419500708580017,-0.5301980972290039,0.5862655639648438,-1.0625942945480347,0.012888312339782715
0.05818037499999998,0.0034223749999999996,17.0,1.883682274236337,-1.0859721254783155,0.1271302427593621,-0.0034375855149071303,-0.00010978650867013437,-0.0015571684536864372,0.06861376207543612,0.021973595023155212,0.015614843927323818,-0.10127758979797363,0.18416085839271545,0.3127080202102661,-1.246464729309082,0.184549018740654,-0.6429329514503479,-0.5313995480537415,0.5855927467346191,-1.062255859375,0.014177680015563965
0.05818037499999998,0.0034223749999999996,17.0,1.8666588885110265,-1.0689750097210584,0.1271548373589071,-0.0032657309299638703,-0.00010359597809185714,-0.0014798761503459219,0.06861500103046887,0.02141164243221283,0.015518360771238804,-0.09946444630622864,0.18139779567718506,0.30878713726997375,-1.2527492046356201,0.17828339338302612,-0.6435499787330627,-0.5300356149673462,0.5872936248779297,-1.056706428527832,0.016257643699645996
0.05818037499999998,0.0034223749999999996,17.0,1.8488131006763102,-1.0511483165248303,0.1271652181778329,-0.0030624816398937185,-9.710782896308847e-5,-0.0013880788346498955,0.06861689773529778,0.021126404404640198,0.015312141738831997,-0.09848114848136902,0.1794128119945526,0.30388227105140686,-1.2571487426757812,0.18200114369392395,-0.6504520773887634,-0.52680504322052,0.581369161605835,-1.0409069061279297,0.022705256938934326
0.05818037499999998,0.0034223749999999996,17.0,1.8303316577154276,-1.0335401647418647,0.12947238715943715,-0.002898834401202495,-7.103074302431634e-5,-0.00134469280367984,0.06858387627575875,0.020509183406829834,0.015858761966228485,-0.09675368666648865,0.17626401782035828,0.29707327485084534,-1.265798807144165,0.17502592504024506,-0.6456617712974548,-0.5183802843093872,0.5818150043487549,-1.0367259979248047,0.020322144031524658
0.05818037499999998,0.0034223749999999996,17.0,1.8108432547236455,-1.0140551707683185,0.1295271080423335,-0.002734167778272375,-6.675959444337963e-5,-0.0012683478140017848,0.06858548935493719,0.019990280270576477,0.015815798193216324,-0.09461542963981628,0.17100664973258972,0.28819912672042847,-1.2683920860290527,0.16788457334041595,-0.6442927718162537,-0.5170144438743591,0.5830283164978027,-1.0257869958877563,0.022581756114959717
0.05818037499999998,0.0034223749999999996,17.0,1.7903263444997533,-0.9926681104183134,0.12716199698048855,-0.0025494080698708504,-8.038020868079836e-5,-0.0011551189244838147,0.06862217480549335,0.019172504544258118,0.0159912146627903,-0.09559628367424011,0.179139643907547,0.314473420381546,-1.284778118133545,0.16879518330097198,-0.6631142497062683,-0.5254868865013123,0.5738165378570557,-1.0338776111602783,0.03113269805908203
0.05818037499999998,0.0034223749999999996,17.0,1.7691979693401634,-0.9715125204872542,0.12721044855374122,-0.002345405047707052,-7.368374171999272e-5,-0.0010630173082575938,0.06862398534485485,0.01872144639492035,0.01642468199133873,-0.0927915871143341,0.16741561889648438,0.295932412147522,-1.2773141860961914,0.1508389413356781,-0.6506871581077576,-0.5270236134529114,0.5818064212799072,-1.0219626426696777,0.029481112957000732
0.05818037499999998,0.0034223749999999996,17.0,1.7472163248471508,-0.9495238747736526,0.12722519852061964,-0.0021546271742452555,-6.799164072625996e-5,-0.0009765525917198999,0.06862692502053189,0.018025502562522888,0.016641534864902496,-0.09205272793769836,0.1678914576768875,0.3040394186973572,-1.2869954109191895,0.15181951224803925,-0.6589645743370056,-0.5267159938812256,0.5730493068695068,-1.0182750225067139,0.0349658727645874
0.05818037499999998,0.0034223749999999996,17.0,1.7244457829502948,-0.9267092717389105,0.1272939789681139,-0.0019659555936604326,-6.258778655863511e-5,-0.0008906373610371973,0.06863092580016049,0.016954883933067322,0.016924459487199783,-0.0900079607963562,0.16602912545204163,0.312311589717865,-1.2966711521148682,0.14657121896743774,-0.6645751595497131,-0.5282089710235596,0.566716194152832,-1.0184414386749268,0.040079474449157715
0.05818037499999998,0.0034223749999999996,17.0,1.7008951066282227,-0.9030641888581197,0.12739156782514252,-0.0018393902490689634,-5.937356086515376e-5,-0.000832343257775726,0.06863747276477415,0.015744060277938843,0.017192449420690536,-0.08789283037185669,0.1647624671459198,0.3268378674983978,-1.3082733154296875,0.14473208785057068,-0.674776017665863,-0.5300310850143433,0.5542340278625488,-1.0193853378295898,0.04827570915222168
0.05818037499999998,0.0034223749999999996,17.0,1.6764676547588726,-0.8785617568414368,0.12747114482205388,-0.001629240372904101,-5.275682911708432e-5,-0.0007367962092733889,0.06864898395368858,0.015235349535942078,0.01726607233285904,-0.08370766043663025,0.1545126736164093,0.3354739248752594,-1.3129560947418213,0.14104214310646057,-0.6796372532844543,-0.531004011631012,0.533618688583374,-1.0123544931411743,0.05724644660949707
0.05818037499999998,0.0034223749999999996,17.0,1.6511589383504934,-0.8532397762089667,0.12757521819759185,-0.0014498225367055606,-4.422424417024136e-5,-0.0006518197338401997,0.06867076345446338,0.01840604841709137,0.017541348934173584,-0.07758697867393494,0.11785028874874115,0.3042529225349426,-1.2852990627288818,0.1291433721780777,-0.6460027098655701,-0.5218568444252014,0.5048849582672119,-0.9726720452308655,0.05071192979812622
0.05818037499999998,0.0034223749999999996,17.0,1.624989726384555,-0.8270878833737128,0.12772064614956102,-0.001272658241659995,-3.688891843729043e-5,-0.0005700729427688221,0.0686897948083195,0.02071210741996765,0.018386665731668472,-0.07124754786491394,0.08287444710731506,0.2747296690940857,-1.2548744678497314,0.10964953899383545,-0.6119748950004578,-0.5077582597732544,0.48066258430480957,-0.9397832751274109,0.044271647930145264
0.05818037499999998,0.0034223749999999996,17.0,1.597962573726879,-0.8001545254000438,0.1279495388313013,-0.0011392294435534952,-3.064174249445622e-5,-0.0005081222478581356,0.06871158178743934,0.025075256824493408,0.020032454282045364,-0.06517517566680908,0.03820468485355377,0.23997730016708374,-1.207035779953003,0.08785559237003326,-0.5557278990745544,-0.4774148762226105,0.4428222179412842,-0.8933851718902588,0.024989783763885498
0.05818037499999998,0.0034223749999999996,17.0,1.570048196570522,-0.7723707191582245,0.1282422363519597,-0.0010301161979563958,-2.6165165198671194e-5,-0.0004575496128126835,0.06872734462892581,0.03076167404651642,0.022373545914888382,-0.060457199811935425,-0.010418206453323364,0.19974122941493988,-1.1356117725372314,0.06473587453365326,-0.4794353246688843,-0.43105027079582214,0.3963053226470947,-0.8210300207138062,-0.008095324039459229
0.05818037499999998,0.0034223749999999996,17.0,1.5412947355578277,-0.7436308384560482,0.12842396463385247,-0.0008748513336804739,-2.247933143343253e-5,-0.0003884412604658265,0.06872362595202079,0.025961026549339294,0.009285694919526577,-0.047905683517456055,-0.2268698811531067,-0.08309664577245712,-0.8165514469146729,-0.2922300398349762,-0.1617472767829895,-0.4976395070552826,0.2895019054412842,-0.5725297331809998,-0.09074360132217407
0.05818037499999998,0.0034223749999999996,17.0,1.5116977388231212,-0.7140581238313664,0.12857860954296244,-0.000770322294354246,-1.980189267426381e-5,-0.0003419732817899771,0.06871572756225854,0.02203226089477539,0.013968280516564846,-0.03749355673789978,-0.2606070637702942,-0.0931042730808258,-0.6598126888275146,-0.32145166397094727,-0.0829877257347107,-0.4439896047115326,0.27868151664733887,-0.5133933424949646,-0.13199687004089355
0.05818037499999998,0.0034223749999999996,17.0,1.481221200342252,-0.6846291039637852,0.13139275318913185,-0.0005701619913986846,-9.745006714243752e-6,-0.0002572990653323343,0.06868833432361157,0.017403945326805115,0.01889512687921524,-0.029059797525405884,-0.28104114532470703,-0.09255196154117584,-0.5181765556335449,-0.34313181042671204,0.0022569894790649414,-0.3790442943572998,0.27878904342651367,-0.4591878056526184,-0.18759852647781372
0.05818037499999998,0.0034223749999999996,17.0,1.4499071911535855,-0.6534233649275268,0.13136722431792341,-0.0003579891285846435,-5.8438858076147595e-6,-0.00016209033136638367,0.06867765165367279,0.012243777513504028,0.024133335798978806,-0.023880332708358765,-0.29370206594467163,-0.07549639791250229,-0.38361597061157227,-0.3333991467952728,0.09374809265136719,-0.3296246826648712,0.2837026119232178,-0.3780317008495331,-0.25828123092651367
0.05818037499999998,0.0034223749999999996,17.0,1.4178032484986762,-0.6214051467337274,0.13131555042538443,-0.00017295397131128032,-2.675816499597948e-6,-7.853288101591803e-5,0.0686694770223447,0.009155452251434326,0.030928850173950195,-0.021999835968017578,-0.3051936626434326,-0.05169049650430679,-0.2514948844909668,-0.31590744853019714,0.21199652552604675,-0.2911662459373474,0.2979409694671631,-0.311767041683197,-0.35510408878326416
0.05818037499999998,0.0034223749999999996,17.0,1.3849816870951677,-0.5885745742366771,0.13135350031596443,1.9395425561592465e-5,2.9544816504942747e-7,8.807902574456587e-6,0.06866455947361823,0.00611114501953125,0.035091057419776917,-0.021343886852264404,-0.29878515005111694,-0.07090166211128235,-0.19900751113891602,-0.3498059809207916,0.22884222865104675,-0.28414836525917053,0.3357980251312256,-0.31703972816467285,-0.37219488620758057
0.05818037499999998,0.0034223749999999996,17.0,1.351331290010108,-0.5549337477117139,0.1313839152443821,0.00015795138278504496,2.3844545213006652e-6,7.174641272957183e-5,0.06866194133448367,0.004067420959472656,0.03813508525490761,-0.020925462245941162,-0.2944529056549072,-0.07827933132648468,-0.16880154609680176,-0.3654886484146118,0.24564027786254883,-0.27193760871887207,0.3599536418914795,-0.31983432173728943,-0.3892722427845001
0.05818037499999998,0.0034223749999999996,17.0,1.3168955322392257,-0.5204648877574446,0.13141184313347215,0.0003111326544976042,4.761862069145787e-6,0.0001412505842037118,0.06866385898903907,0.003749668598175049,0.0402698740363121,-0.020596086978912354,-0.29390662908554077,-0.0795898288488388,-0.1577746868133545,-0.3740938901901245,0.25873997807502747,-0.26455268263816833,0.3699488639831543,-0.3342944383621216,-0.40156906843185425
0.05818037499999998,0.0034223749999999996,17.0,1.2816057474671194,-0.4851808316337046,0.13147410020246753,0.00046805336676015524,7.296190851924545e-6,0.00021239637086030642,0.06866468891447337,0.0032196342945098877,0.041098400950431824,-0.018493860960006714,-0.2932071089744568,-0.07590743899345398,-0.15486717224121094,-0.37371283769607544,0.2621520757675171,-0.25009390711784363,0.3699486255645752,-0.34328383207321167,-0.405947744846344
0.05818037499999998,0.0034223749999999996,17.0,1.24547373225047,-0.44906923507215196,0.13151791203576724,0.0006287403500200288,1.0068135688122822e-5,0.00028512872586067603,0.06866714940385059,0.0027499794960021973,0.04152332991361618,-0.016778171062469482,-0.29365867376327515,-0.06502088159322739,-0.16167688369750977,-0.35971036553382874,0.2677951455116272,-0.23098908364772797,0.36133480072021484,-0.34321022033691406,-0.4122339189052582
0.05818037499999998,0.0034223749999999996,17.0,1.2085226626972116,-0.4121217617635836,0.13155706913588966,0.0007954124473356034,1.2926773751615434e-5,0.00036055234531182995,0.06866833133818004,0.002813279628753662,0.04203813150525093,-0.015005052089691162,-0.2927898168563843,-0.057947129011154175,-0.16639232635498047,-0.3505319058895111,0.2698250412940979,-0.21500590443611145,0.35320091247558594,-0.3490939438343048,-0.41610321402549744
0.05818037499999998,0.0034223749999999996,17.0,1.1707463576211405,-0.3743416298072543,0.13160121897970165,0.000983272237159879,1.6072852888843014e-5,0.0004456215496229553,0.0686681128456598,0.00318184494972229,0.04257994890213013,-0.012934178113937378,-0.28975003957748413,-0.05421098321676254,-0.16858792304992676,-0.34700438380241394,0.26803869009017944,-0.198720782995224,0.34673118591308594,-0.3617973327636719,-0.41781193017959595
0.05818037499999998,0.0034223749999999996,17.0,1.1321631868838518,-0.33572926517137514,0.13166495425821864,0.0011170635836016815,1.800813391900904e-5,0.0005063140565262154,0.06866585510820383,0.004515588283538818,0.04310549423098564,-0.009955048561096191,-0.2838330864906311,-0.056969501078128815,-0.16440582275390625,-0.3596824109554291,0.25948473811149597,-0.18662594258785248,0.34459996223449707,-0.39456552267074585,-0.4145556390285492
0.05818037499999998,0.0034223749999999996,17.0,1.0927464170564578,-0.29628407311196714,0.13172700856170455,0.001237531897047924,2.0179889582728913e-5,0.0005607332400950823,0.06866448668840953,0.005345046520233154,0.04378320649266243,-0.00730973482131958,-0.2773054242134094,-0.06061791256070137,-0.160322904586792,-0.36525869369506836,0.24907219409942627,-0.17334358394145966,0.34271788597106934,-0.41475099325180054,-0.4107080101966858
0.05818037499999998,0.0034223749999999996,17.0,1.0524776156016056,-0.25600736816251973,0.13177846398154672,0.0014941518854637674,2.478940781558081e-5,0.0006770746624613183,0.06866273538001764,0.005268305540084839,0.044224679470062256,-0.005069434642791748,-0.27147531509399414,-0.05653325468301773,-0.16431570053100586,-0.35337671637535095,0.24136939644813538,-0.1521521359682083,0.3358454704284668,-0.41935035586357117,-0.4096079170703888
0.05818037499999998,0.0034223749999999996,17.0,1.0113846380941276,-0.21491019079283025,0.13183727842265391,0.0017334754475669403,3.0638441154481266e-5,0.0007841582028584539,0.06866785778593958,0.005646020174026489,0.044229600578546524,-0.003374427556991577,-0.26996558904647827,-0.042678602039813995,-0.18240857124328613,-0.3244626522064209,0.24098414182662964,-0.1327066868543625,0.31756067276000977,-0.4167828857898712,-0.4125291109085083
0.05818037499999998,0.0034223749999999996,17.0,0.9694363609972659,-0.17298308201228046,0.13195787953309365,0.0019419946151515131,3.545853815698472e-5,0.0008778808368527313,0.068670331978621,0.005813270807266235,0.04425142705440521,-0.00015184283256530762,-0.26953959465026855,-0.030766505748033524,-0.19256901741027832,-0.3039764165878296,0.24240460991859436,-0.12348946183919907,0.30515456199645996,-0.4142518639564514,-0.41538336873054504
0.05818037499999998,0.0034223749999999996,17.0,0.9266565173611412,-0.1302070745889308,0.13209740474445397,0.0019865501528861106,3.698445199211763e-5,0.000896296424354471,0.06867567734841037,0.006282836198806763,0.04445171728730202,0.0045201778411865234,-0.28047746419906616,-0.01150116790086031,-0.2015836238861084,-0.28012019395828247,0.2705567479133606,-0.14807014167308807,0.2906503677368164,-0.39896416664123535,-0.4335722327232361
0.05818037499999998,0.0034223749999999996,17.0,0.8829604465678539,-0.08665604885942185,0.1322352482668201,0.0019892483183002485,3.610586075652117e-5,0.0008909642703272281,0.0686769247996939,0.0012088119983673096,0.04266149178147316,0.010907381772994995,-0.24515491724014282,-0.10939687490463257,-0.2296297550201416,-0.2550624907016754,0.29063719511032104,-0.28383952379226685,0.30448007583618164,-0.12168122828006744,-0.4759814143180847
0.05818037499999998,0.0034223749999999996,17.0,0.8380847161366545,-0.04236556145915391,0.13250659105031212,0.001847749004437582,3.1206988695939124e-5,0.0008185114418316383,0.06867045665889814,-0.01582556962966919,0.03718359395861626,0.020566582679748535,-0.17294996976852417,-0.32961034774780273,-0.2554323673248291,-0.20603787899017334,0.3284763693809509,-0.5222147107124329,0.3150787353515625,0.45514801144599915,-0.5516698360443115
0.05818037499999998,0.0034223749999999996,17.0,0.7927454391778777,0.0025453508933085253,0.13285396447419398,2.911990126465948e-5,4.3761458515168287e-7,1.3182830638208117e-5,0.06855528118785655,-0.03568357229232788,0.03533308207988739,0.06473240256309509,0.26222771406173706,-0.28566595911979675,-1.060352087020874,-0.5515642762184143,-0.9579392075538635,-0.45296692848205566,0.20631742477416992,0.3835313320159912,0.24329763650894165
0.05818037499999998,0.0034223749999999996,17.0,0.8371527238512987,0.047683069964901764,0.13328511462970474,-0.0017855980843003681,-1.4134816829283127e-5,-0.0008061139404781386,0.06854272490969907,-0.07367086410522461,0.028123725205659866,0.08120575547218323,0.3951454162597656,-0.22458001971244812,-1.2027251720428467,-0.6593142747879028,-1.0998482704162598,-0.6668926477432251,0.16327548027038574,0.5375281572341919,0.2501378655433655
0.05818037499999998,0.0034223749999999996,17.0,0.8810230350780431,0.0917744666076247,0.1335281986532251,-0.0019244419481633085,-7.130606009609778e-6,-0.0008645746433913238,0.06852998832754582,-0.09905582666397095,0.015379623509943485,0.08998069167137146,0.4705304503440857,-0.18489323556423187,-1.2173116207122803,-0.7743261456489563,-1.1786162853240967,-0.7613810896873474,0.11173558235168457,0.616317093372345,0.26699596643447876
0.05818037499999998,0.0034223749999999996,17.0,0.9245604043260998,0.135313042795894,0.1335687802116501,-0.001907784043294044,-5.3989001201553845e-6,-0.000857260459940583,0.06852912126352595,-0.10164779424667358,0.010929026640951633,0.09010598063468933,0.46928465366363525,-0.1754755824804306,-1.1864001750946045,-0.7885487675666809,-1.1636734008789062,-0.7914329171180725,0.1109609603881836,0.6631548404693604,0.26159125566482544
0.05818037499999998,0.0034223749999999996,17.0,0.9672755316474639,0.17799712377895288,0.13363267398996678,-0.0018048012820344823,-5.124877217798412e-6,-0.00081018177571115,0.06852938362561764,-0.10659641027450562,0.005096417851746082,0.0947856605052948,0.4831200838088989,-0.12005157023668289,-1.2366893291473389,-0.7922130823135376,-1.1740880012512207,-0.8222334980964661,0.11536478996276855,0.6366983652114868,0.2619703412055969
0.05818037499999998,0.0034223749999999996,17.0,1.0092839825711013,0.2198167575432139,0.13364116178683214,-0.001685754905947033,-6.944816968997179e-6,-0.0007544287827431054,0.06852711182694204,-0.10713410377502441,0.0023539531975984573,0.09717437624931335,0.4911891222000122,-0.0787799209356308,-1.2584295272827148,-0.783541738986969,-1.178271770477295,-0.8458966016769409,0.10695099830627441,0.6166992783546448,0.2584936022758484
0.05818037499999998,0.0034223749999999996,17.0,1.050500092953033,0.2608269326682783,0.13365985027994237,-0.001500158109863411,-8.906226357695282e-6,-0.0006697116603626063,0.06852500079407672,-0.1023697555065155,0.003688506316393614,0.0973917543888092,0.47977572679519653,-0.1099802628159523,-1.2160239219665527,-0.7635989189147949,-1.1590945720672607,-0.8336830735206604,0.09830379486083984,0.6672016382217407,0.2510088086128235
0.05818037499999998,0.0034223749999999996,17.0,1.0911062286441662,0.30203989925238506,0.1307852039760093,-0.0011965940482757892,-2.0326423178679566e-5,-0.0005221306990142194,0.06856943577651695,-0.10747098922729492,-0.006264086812734604,0.1043526828289032,0.5093944072723389,-0.05234379693865776,-1.287386178970337,-0.7270535230636597,-1.1919512748718262,-0.8418150544166565,0.07422280311584473,0.6517714262008667,0.2582024931907654
0.05818037499999998,0.0034223749999999996,17.0,1.1305806374234837,0.34141751833759326,0.1308122060589979,-0.0011252361648109417,-1.998774215899833e-5,-0.000489801452535165,0.06856617623279863,-0.1072220504283905,-0.007986314594745636,0.10713955760002136,0.5161722302436829,-0.024807453155517578,-1.301194429397583,-0.7162764072418213,-1.1925816535949707,-0.8516010046005249,0.07034826278686523,0.637099027633667,0.25268369913101196
0.05818037499999998,0.0034223749999999996,17.0,1.1692329113705673,0.38002400428927474,0.1308327211756038,-0.0009748876966012431,-1.7550680957836546e-5,-0.00042383564595917093,0.06856538587289168,-0.10536742210388184,-0.008588632568717003,0.10832729935646057,0.5200507640838623,-0.0008200732991099358,-1.2993721961975098,-0.7019135355949402,-1.191296100616455,-0.8644844889640808,0.05910134315490723,0.6282805800437927,0.24705928564071655
0.05818037499999998,0.0034223749999999996,17.0,1.2070321220645668,0.41777586657857196,0.13086800655603806,-0.000796821665443848,-1.4621625195051189e-5,-0.00034605453814526673,0.06856560183374914,-0.10415723919868469,-0.010442321188747883,0.11011984944343567,0.5261662006378174,0.016224900260567665,-1.3057618141174316,-0.6826822757720947,-1.1927556991577148,-0.8672423958778381,0.048727989196777344,0.6303499341011047,0.24346894025802612
0.05818037499999998,0.0034223749999999996,17.0,1.2439959881817682,0.4546949581661553,0.13090294913220799,-0.0006360045616778235,-1.1865254622236858e-5,-0.0002759463264758819,0.0685658428277511,-0.10302561521530151,-0.012227228842675686,0.11178585886955261,0.5325578451156616,0.032788027077913284,-1.3106226921081543,-0.6643500328063965,-1.1944639682769775,-0.8697632551193237,0.038158416748046875,0.6320247650146484,0.23996514081954956
0.05818037499999998,0.0034223749999999996,17.0,1.2801256825084937,0.49076235749459773,0.13093362669703762,-0.0004812380945791981,-9.177764878047992e-6,-0.00020846589721463867,0.06856520653126204,-0.10212287306785583,-0.014125889167189598,0.11348441243171692,0.5400786399841309,0.050217773765325546,-1.3141345977783203,-0.6469863057136536,-1.1969833374023438,-0.8726309537887573,0.02637791633605957,0.632426917552948,0.23631829023361206
0.05818037499999998,0.0034223749999999996,17.0,1.3154186513518642,0.5260169053114514,0.13096903436914484,-0.0003320677315044506,-6.407553862300662e-6,-0.00014370261438881736,0.06856516037979402,-0.10128656029701233,-0.015993233770132065,0.11500516533851624,0.547638475894928,0.06673820316791534,-1.3150513172149658,-0.6305132508277893,-1.1989727020263672,-0.8749691247940063,0.013628482818603516,0.6329597234725952,0.2323663830757141
0.05818037499999998,0.0034223749999999996,17.0,1.3498770136522535,0.5604396330269725,0.1310076085694248,-0.00020179045689506242,-3.936479782408692e-6,-8.721972299595536e-5,0.06856455738933899,-0.10061192512512207,-0.018362168222665787,0.11659076809883118,0.5560318827629089,0.08369538187980652,-1.314967393875122,-0.6120031476020813,-1.200925350189209,-0.8775612115859985,-0.0015358924865722656,0.6343136429786682,0.22818773984909058
0.05818037499999998,0.0034223749999999996,17.0,1.3834969297673114,0.5940352971077001,0.1310603149545456,-1.3004590505828034e-5,-2.568990777606517e-7,-5.620485027598408e-6,0.06856602495403018,-0.09975284337997437,-0.0225418359041214,0.1189369261264801,0.5617733001708984,0.07727884501218796,-1.3092422485351562,-0.5793434381484985,-1.2015125751495361,-0.866601288318634,-0.019654512405395508,0.6740900278091431,0.22789078950881958
0.05818037499999998,0.0034223749999999996,17.0,1.4162731952123047,0.6267080655174622,0.1311325504732842,0.00016111839150005774,3.2678503399132117e-6,6.935833473536332e-5,0.06856069401498416,-0.10045576095581055,-0.027312006801366806,0.12099114060401917,0.5744439363479614,0.09612167626619339,-1.3038578033447266,-0.5507588386535645,-1.20088791847229,-0.8757050633430481,-0.04793691635131836,0.6785103678703308,0.2203981876373291
0.05818037499999998,0.0034223749999999996,17.0,1.4481846988644622,0.6585543718732442,0.13121332682614423,0.0003404178928182258,7.072444378386646e-6,0.00014608825050748493,0.06855874749935845,-0.1046004593372345,-0.0375174805521965,0.12173572182655334,0.5976130366325378,0.14073093235492706,-1.3046588897705078,-0.5042804479598999,-1.2138915061950684,-0.8843580484390259,-0.11083269119262695,0.6614810824394226,0.22669440507888794
0.05818037499999998,0.0034223749999999996,17.0,1.4792451364732064,0.6895536300764867,0.13129569450067377,0.0005467758958667013,1.1607903926019821e-5,0.00023392657257842605,0.0685578546531311,-0.10912293195724487,-0.05160576477646828,0.11815240979194641,0.633628249168396,0.15789149701595306,-1.252108097076416,-0.42785269021987915,-1.2363381385803223,-0.8827612400054932,-0.2498033046722412,0.6906282305717468,0.24354034662246704
0.05818037499999998,0.0034223749999999996,17.0,1.5094933547177185,0.7196870879128776,0.13129738985696085,0.000727371079879949,1.5795572812192095e-5,0.00030914249263834845,0.06855573255081614,-0.11245107650756836,-0.061039287596940994,0.113038569688797,0.6952272057533264,0.19849368929862976,-1.1301159858703613,-0.3773621916770935,-1.256429672241211,-0.9237430691719055,-0.46114349365234375,0.6501973271369934,0.23151332139968872
0.05818037499999998,0.0034223749999999996,17.0,1.5389068499412741,0.7490138269859514,0.1312573328573967,0.0008589385306901643,1.8396891231369173e-5,0.00036143515630786147,0.06855396413751748,-0.11542055010795593,-0.06733331084251404,0.10970941185951233,0.7867339253425598,0.24733076989650726,-0.9540083408355713,-0.35598886013031006,-1.2870838642120361,-0.993728756904602,-0.7596142292022705,0.5595864057540894,0.2005365490913391
0.05818037499999998,0.0034223749999999996,17.0,1.56748492077716,0.7775383819938448,0.13125215499328474,0.00100032849360295,2.0409473530756497e-5,0.0004153916148990904,0.06855083983672712,-0.14453086256980896,-0.0936274304986,0.2017514407634735,1.4362835884094238,-0.12908020615577698,-1.6440834999084473,-0.5793827176094055,-1.9074649810791016,-0.9706072211265564,-1.7571532726287842,-0.31214335560798645,0.309095561504364
0.05818037499999998,0.0034223749999999996,17.0,1.5950781017102995,0.8050345642751701,0.1319130457126687,0.0011314098722860282,1.949469429979844e-5,0.0004536126373141471,0.06855309264813075,-0.14562901854515076,-0.09796740114688873,0.2191598117351532,1.5514709949493408,-0.25852569937705994,-1.653458595275879,-0.6825748085975647,-1.9296915531158447,-1.0117257833480835,-2.0577428340911865,-0.2528907060623169,0.23090606927871704
0.05818037499999998,0.0034223749999999996,17.0,1.6218283036596228,0.8318180483010728,0.13285692548299977,0.0012783066181740511,1.5350959782143444e-5,0.000495096625765271,0.06857013937784272,-0.14546328783035278,-0.10292549431324005,0.23959055542945862,1.6541070938110352,-0.38354620337486267,-1.7181730270385742,-0.7694013118743896,-1.9423024654388428,-1.0612335205078125,-2.3172147274017334,-0.17672280967235565,0.15001362562179565
0.05818037499999998,0.0034223749999999996,17.0,1.6478114615944697,0.8579886085352553,0.1336395040665979,0.0014654557161259834,1.0941943371029357e-5,0.0005578107780301147,0.06859245199753894,-0.14794138073921204,-0.10571087896823883,0.25940820574760437,1.7373247146606445,-0.4630155861377716,-1.8334221839904785,-0.8237128257751465,-1.9542503356933594,-1.120957851409912,-2.4458487033843994,-0.1476573497056961,0.07940411567687988
0.05818037499999998,0.0034223749999999996,17.0,1.6729375685375465,0.8834363107304031,0.13455609555674744,0.0016520243086709204,4.867363340211062e-6,0.000621483635075222,0.06862750133412766,-0.14823409914970398,-0.10892230272293091,0.27636852860450745,1.796800136566162,-0.5484492778778076,-1.9089159965515137,-0.8742188811302185,-1.956827163696289,-1.164920449256897,-2.5865354537963867,-0.0791853591799736,0.02399158477783203
0.05818037499999998,0.0034223749999999996,17.0,1.6974927161172813,0.9079027473415425,0.1348077012393812,0.0018604326879857929,3.5993028726196307e-6,0.0006946466147483478,0.06864092518032035,-0.14471060037612915,-0.10937967896461487,0.28185179829597473,1.801762580871582,-0.569652259349823,-1.8726515769958496,-0.8953460454940796,-1.9602429866790771,-1.211912989616394,-2.6904208660125732,-0.043251872062683105,0.02407705783843994
0.05818037499999998,0.0034223749999999996,17.0,1.7212146476990908,0.9314963951623915,0.1350168330554927,0.0020204418270769516,3.290003866522839e-6,0.000751329541692848,0.06864987051529126,-0.13830521702766418,-0.11020804196596146,0.2782662808895111,1.7696555852890015,-0.5802205204963684,-1.7311739921569824,-0.9113726019859314,-1.9534993171691895,-1.2154674530029297,-2.812814712524414,0.028379106894135475,0.05576807260513306
0.05818037499999998,0.0034223749999999996,17.0,1.7440759774448409,0.9543062443338505,0.13515562808663048,0.0021939318143087308,2.9862419774420788e-6,0.0008143477064193192,0.06865447280228772,-0.13741528987884521,-0.11019657552242279,0.2824119031429291,1.7796756029129028,-0.5852583050727844,-1.730323314666748,-0.9225836396217346,-1.9592413902282715,-1.2295817136764526,-2.8535900115966797,0.022548692300915718,0.05111724138259888
0.05818037499999998,0.0034223749999999996,17.0,1.7661269631013377,0.9762762503747539,0.13518411725268167,0.002411974335063959,2.9629356984103614e-6,0.0008934591738857177,0.06865694218879247,-0.13497617840766907,-0.11102830618619919,0.2834390103816986,1.775158166885376,-0.5893859267234802,-1.6944952011108398,-0.9296642541885376,-1.9596889019012451,-1.219114899635315,-2.904155969619751,0.0375828891992569,0.058034300804138184
0.05818037499999998,0.0034223749999999996,17.0,1.7872701538614104,0.9974550006770764,0.13529629880072572,0.002635271429525168,2.888309136327479e-6,0.0009769239262659105,0.06865802113733911,-0.13431382179260254,-0.1094987541437149,0.28475186228752136,1.7732352018356323,-0.5743871331214905,-1.6779670715332031,-0.9394964575767517,-1.9755373001098633,-1.2486482858657837,-2.9322001934051514,-2.2705644369125366e-5,0.07417029142379761
0.05818037499999998,0.0034223749999999996,17.0,1.8075582853826653,1.0177454133740595,0.13542332098895707,0.0028597516202516445,2.303379378772573e-6,0.0010593191006697748,0.06866022589317874,-0.1380593180656433,-0.11142438650131226,0.2959606349468231,1.8224499225616455,-0.5964863300323486,-1.8285064697265625,-0.9337457418441772,-1.9828999042510986,-1.2343429327011108,-2.892531633377075,-0.03216443210840225,0.027793288230895996
0.05818037499999998,0.0034223749999999996,17.0,1.8270441024512363,1.0372323728727748,0.13551399205389272,0.0030076349727539945,2.2733924582230188e-6,0.0011134695238420186,0.06866187021980921,-0.1392221450805664,-0.11236141622066498,0.3017798364162445,1.8470523357391357,-0.6036279201507568,-1.8968877792358398,-0.9317432045936584,-1.9866082668304443,-1.2248196601867676,-2.8823649883270264,-0.05559172481298447,0.004680454730987549
0.05818037499999998,0.0034223749999999996,17.0,1.8456995568752574,1.0559129627233599,0.13555298361657958,0.003176493067603307,2.1887298108239295e-6,0.001175546348543146,0.06866348801507229,-0.13923466205596924,-0.11243713647127151,0.30460885167121887,1.8550798892974854,-0.5997624397277832,-1.9186420440673828,-0.9338880777359009,-1.9940783977508545,-1.2288776636123657,-2.888491630554199,-0.0780370682477951,0.0028370022773742676
0.05818037499999998,0.0034223749999999996,17.0,1.8635882568478208,1.0737054555231604,0.135517016605411,0.003385841133493475,2.76427850669519e-6,0.0012511493612039164,0.0686648436479394,-0.13585463166236877,-0.11331810802221298,0.3028434216976166,1.8379616737365723,-0.5985018014907837,-1.8593559265136719,-0.9363211393356323,-1.991896390914917,-1.209248661994934,-2.9341986179351807,-0.05506725236773491,0.020781517028808594
0.05818037499999998,0.0034223749999999996,17.0,1.8805890583405753,1.0907001524022506,0.1355530758198092,0.0035652026657355556,2.458069033335735e-6,0.0013168010452402727,0.06866530860236958,-0.13523328304290771,-0.11369109898805618,0.3052823841571808,1.8437912464141846,-0.5971142053604126,-1.8711228370666504,-0.9372796416282654,-1.9951457977294922,-1.203300952911377,-2.9463088512420654,-0.0687258169054985,0.01757270097732544
0.05818037499999998,0.0034223749999999996,17.0,1.8967347281782598,1.106861810945474,0.13567557189020907,0.0037239017991570205,2.8575852673624865e-6,0.0013775890601811372,0.0686652270216301,-0.13544589281082153,-0.11324150860309601,0.3076728880405426,1.8499847650527954,-0.590674877166748,-1.8888754844665527,-0.9400671720504761,-2.0037665367126465,-1.2128609418869019,-2.9542787075042725,-0.09785593301057816,0.018296539783477783
0.05818037499999998,0.0034223749999999996,17.0,1.9121043823926327,1.1222145131651446,0.13560129443711438,0.00391206148399162,3.0678223602008005e-6,0.0014450012970679896,0.06866663097449495,-0.13233548402786255,-0.11322462558746338,0.3055472671985626,1.8322960138320923,-0.5831210017204285,-1.82590913772583,-0.9445304274559021,-2.0038211345672607,-1.1997339725494385,-3.004509449005127,-0.0929173082113266,0.038124799728393555
0.05818037499999998,0.0034223749999999996,17.0,1.9266162796077622,1.1366837008931927,0.13561269010353483,0.004021445595984698,3.536302891954058e-6,0.0014837371825216815,0.06866804651058009,-0.13198107481002808,-0.11376181989908218,0.3078787624835968,1.8400118350982666,-0.5850138068199158,-1.8476505279541016,-0.9434541463851929,-2.002713441848755,-1.182032585144043,-3.0183451175689697,-0.10846246778964996,0.028673529624938965
0.05818037499999998,0.0034223749999999996,17.0,1.940324081185361,1.1503298894219762,0.1355758216630036,0.004134390506741732,4.438472406988796e-6,0.0015221215793380324,0.06866980573257259,-0.12880408763885498,-0.11432643979787827,0.3059140741825104,1.8273426294326782,-0.5832701325416565,-1.7952756881713867,-0.9453557729721069,-1.9931068420410156,-1.1409997940063477,-3.0701541900634766,-0.10189084708690643,0.03422868251800537
0.05818037499999998,0.0034223749999999996,17.0,1.9531435689096426,1.1631828790597134,0.13556293932149954,0.004254700457404531,3.335435253764905e-6,0.0015659487785810659,0.06866995053488739,-0.13019803166389465,-0.11307735741138458,0.3094543516635895,1.8417812585830688,-0.5677396655082703,-1.8439669609069824,-0.9491641521453857,-2.008345127105713,-1.1610491275787354,-3.0615177154541016,-0.1584959179162979,0.030779659748077393
0.05818037499999998,0.0034223749999999996,17.0,1.9651463366505406,1.175220449389024,0.13552517944708864,0.004384857597519866,1.499172907331378e-6,0.0016133081268957159,0.06866886734162386,-0.1295318603515625,-0.11069338768720627,0.30865606665611267,1.8349225521087646,-0.5385671257972717,-1.8158082962036133,-0.9600341320037842,-2.023817539215088,-1.1907156705856323,-3.079874038696289,-0.21019186079502106,0.05102419853210449
0.05818037499999998,0.0034223749999999996,17.0,1.976261790953362,1.1864285627231792,0.13560418109176703,0.004513781329861156,-2.479250484342577e-7,0.0016626918848547394,0.06866866822295283,-0.13301846385002136,-0.10982340574264526,0.31540706753730774,1.8663805723190308,-0.5255764722824097,-1.9213647842407227,-0.9620605111122131,-2.0389068126678467,-1.215591311454773,-3.0393145084381104,-0.28162452578544617,0.028695642948150635
0.05818037499999998,0.0034223749999999996,17.0,1.9865377067073693,1.1967977075315295,0.13570483213636675,0.004655956598778101,-2.908813485440977e-6,0.0017171785320466456,0.06866699890634279,-0.13616162538528442,-0.10843705385923386,0.32098719477653503,1.8931325674057007,-0.5056599974632263,-2.0079798698425293,-0.9665154814720154,-2.0545032024383545,-1.2436721324920654,-3.003373384475708,-0.3595990836620331,0.011738955974578857
0.05818037499999998,0.0034223749999999996,17.0,1.9960053321378668,1.2063224697556814,0.13575822147815328,0.004818676797352102,-6.168626297279034e-6,0.0017774691133505462,0.0686654924395752,-0.1380981206893921,-0.10681980848312378,0.32414594292640686,1.9066506624221802,-0.4821755886077881,-2.055997848510742,-0.9735901355743408,-2.070511817932129,-1.2704368829727173,-2.9834046363830566,-0.4247228801250458,0.009709417819976807
0.05818037499999998,0.0034223749999999996,17.0,2.004604474345066,1.2150096882693109,0.135903336510312,0.005003711739080166,-8.98139436949888e-6,0.0018487833868056289,0.06866427146010147,-0.14246615767478943,-0.10626263171434402,0.3310617506504059,1.9412072896957397,-0.46802863478660583,-2.1771140098571777,-0.9752631187438965,-2.0840954780578613,-1.292924165725708,-2.9263246059417725,-0.49432164430618286,-0.017560184001922607
0.05818037499999998,0.0034223749999999996,17.0,2.0119649964168023,1.2217374541775614,0.13948281510421656,0.005245964117932153,-8.135862176947943e-5,0.001927311813606391,0.0686263516703387,-0.1423150599002838,-0.0989753007888794,0.3198910653591156,1.9070533514022827,-0.4313945174217224,-2.025787830352783,-0.9988099336624146,-2.0984840393066406,-1.345844030380249,-2.9574291706085205,-0.550590455532074,0.03083670139312744
0.05818037499999998,0.0034223749999999996,17.0,2.0189074807314658,1.2287831299193925,0.13956499735233954,0.005601929067282233,-8.974043153449591e-5,0.002061911827437263,0.0686255398164754,-0.14429178833961487,-0.09741130471229553,0.3226911723613739,1.9171833992004395,-0.4045405387878418,-2.067965507507324,-1.0076642036437988,-2.1149232387542725,-1.3662750720977783,-2.9338736534118652,-0.6136605739593506,0.03283119201660156
0.05818037499999998,0.0034223749999999996,17.0,2.0250269229198374,1.2349754434743556,0.13967185130801818,0.006195498347277924,-0.00010174595600015287,0.00228427940066874,0.06862485156702293,-0.14717423915863037,-0.09694810211658478,0.32766851782798767,1.9392015933990479,-0.38499772548675537,-2.1502552032470703,-1.0132930278778076,-2.128263473510742,-1.372265100479126,-2.892484188079834,-0.6686854958534241,0.019556522369384766
0.05818037499999998,0.0034223749999999996,17.0,2.030328605135632,1.2403341469365319,0.13976190020514298,0.007546978638392865,-0.00012910340262411034,0.0027864343036834607,0.06862375035022364,-0.1490909457206726,-0.09624763578176498,0.3319074213504791,1.9486109018325806,-0.3534659743309021,-2.2090587615966797,-1.0253829956054688,-2.1528420448303223,-1.3740770816802979,-2.8586387634277344,-0.7213472723960876,0.030225932598114014
0.05818037499999998,0.0034223749999999996,17.0,2.034871178373415,1.244835640550158,0.1399722290313246,0.013985498083302501,-0.0002473674683839977,0.005193260494241777,0.06862307374344953,-0.14877331256866455,-0.0977524071931839,0.34072527289390564,1.9446253776550293,-0.27526021003723145,-2.2920703887939453,-1.0639804601669312,-2.2205042839050293,-1.2881203889846802,-2.7977609634399414,-0.742604672908783,0.09617483615875244
0.05818037499999998,0.0034223749999999996,17.0,1.1893553197231987,-0.3943035333352016,0.1344464175711761,-0.0013721436113176065,0.0013676282055251543,-5.962589709859224e-6,0.06853440699385199,0.003857433795928955,0.042477771639823914,-0.011956065893173218,-0.28765082359313965,-0.05656001716852188,-0.1510765552520752,-0.35225263237953186,0.2735528349876404,-0.18959465622901917,0.3419945240020752,-0.3406270444393158,-0.42509961128234863
0.05818037499999998,0.0034223749999999996,17.0,1.1511588497096912,-0.35611383109229805,0.13447295200835938,-0.001411445971169985,0.0014061666036921164,-6.386072082771088e-6,0.06853756705540975,0.0042330920696258545,0.04278801754117012,-0.010560393333435059,-0.28485560417175293,-0.04919784143567085,-0.1608579158782959,-0.33406245708465576,0.27388206124305725,-0.16946226358413696,0.32851195335388184,-0.3366874158382416,-0.42935559153556824
0.05818037499999998,0.0034223749999999996,17.0,1.1121475391185656,-0.31709172613189224,0.13453705966961033,-0.0014350325578791636,0.0014289785983322405,-7.4786675349538805e-6,0.06853678958840748,0.005264371633529663,0.04307106137275696,-0.0076718926429748535,-0.27752429246902466,-0.05119931697845459,-0.15926074981689453,-0.3390352129936218,0.26383090019226074,-0.1530170738697052,0.32398223876953125,-0.35571229457855225,-0.42611944675445557
0.05818037499999998,0.0034223749999999996,17.0,1.0723228121021404,-0.27723004587907324,0.13459731886597,-0.001446456669871718,0.0014395143665916898,-7.53979442537608e-6,0.06853703759172214,0.006391674280166626,0.043583475053310394,-0.005187898874282837,-0.271246075630188,-0.05405193567276001,-0.15865802764892578,-0.3413929343223572,0.2527132034301758,-0.14087605476379395,0.31954026222229004,-0.3745204508304596,-0.42162182927131653
0.05818037499999998,0.0034223749999999996,17.0,1.0316583189866737,-0.2365427260258472,0.13466290300283235,-0.0014442142336509656,0.0014364601954461468,-6.975549760051351e-6,0.06853959027831581,0.007208198308944702,0.0438421405851841,-0.002691715955734253,-0.26613837480545044,-0.05189196765422821,-0.16300511360168457,-0.3338373601436615,0.24332210421562195,-0.1270914375782013,0.3107903003692627,-0.38454386591911316,-0.41802504658699036
0.05818037499999998,0.0034223749999999996,17.0,2.007783337496249,-1.242336849178585,0.11486192527135247,-0.013540610263650499,-0.0003416075723087475,-0.0062086807204405365,0.0685652856218085,0.03245127201080322,0.009025774896144867,-0.12530004978179932,0.23309391736984253,0.32165762782096863,-1.1474323272705078,0.3484555780887604,-0.6771473288536072,-0.5455320477485657,0.47516369819641113,-1.013264775276184,0.015488743782043457
0.05818037499999998,0.0034223749999999996,17.0,2.003234267347599,-1.2377561313399061,0.11500700623727374,-0.007302021579268547,-0.0001799886505353606,-0.003353142254788753,0.06856566540459087,0.02913239598274231,0.012143748812377453,-0.11913198232650757,0.23041778802871704,0.3458534777164459,-1.1716623306274414,0.30272313952445984,-0.6900845170021057,-0.5286740064620972,0.5004861354827881,-1.0514074563980103,0.02537316083908081
0.05818037499999998,0.0034223749999999996,17.0,1.9978938951675134,-1.2323773264405649,0.11501925049979024,-0.0059936488353571574,-0.0001470357555864527,-0.002752661575617877,0.0685661873990688,0.027750983834266663,0.013549785129725933,-0.11807474493980408,0.23382733762264252,0.36550086736679077,-1.186716079711914,0.28608939051628113,-0.6938781142234802,-0.5286539196968079,0.5047116279602051,-1.0789042711257935,0.024897992610931396
0.05818037499999998,0.0034223749999999996,17.0,1.9917323014159454,-1.2261856673251796,0.11503876321225771,-0.005420845149439308,-0.00013321623315708464,-0.002490850136807048,0.06856706744582132,0.027317404747009277,0.013965810649096966,-0.11654013395309448,0.22618360817432404,0.3572641909122467,-1.1872036457061768,0.2731623947620392,-0.6840581297874451,-0.5288922190666199,0.5177817344665527,-1.0781869888305664,0.022075951099395752
0.05818037499999998,0.0034223749999999996,17.0,1.9847078081931908,-1.219154670414486,0.11505560947667966,-0.005073815709985039,-0.00012389508307148695,-0.002332346409123408,0.06856725782397614,0.026596471667289734,0.014468134380877018,-0.11534476280212402,0.2243790179491043,0.35986778140068054,-1.1956963539123535,0.26079654693603516,-0.6793236136436462,-0.5288562774658203,0.5256869792938232,-1.0892341136932373,0.01894301176071167
0.05818037499999998,0.0034223749999999996,17.0,1.9768802464707638,-1.2113049646304803,0.11507963310976484,-0.004840036649595567,-0.00011856980143536818,-0.0022260805633729217,0.06856799341249907,0.02613338828086853,0.014604705385863781,-0.11363440752029419,0.21826264262199402,0.35276541113853455,-1.199181318283081,0.24928607046604156,-0.6703047156333923,-0.5286259055137634,0.5371952056884766,-1.0910286903381348,0.0157201886177063
0.05818037499999998,0.0034223749999999996,17.0,1.9680610829298457,-1.2015510900280875,0.11279243153310356,-0.004678693214052751,-0.00014834109510011465,-0.002103243685887935,0.06860563353294671,0.025845646858215332,0.014215950854122639,-0.11169174313545227,0.20937231183052063,0.3438766598701477,-1.1954104900360107,0.23549161851406097,-0.6629268527030945,-0.5366570949554443,0.5516500473022461,-1.0866143703460693,0.016371309757232666
0.05818037499999998,0.0034223749999999996,17.0,1.9585768724944093,-1.19203943031858,0.11280387197520741,-0.004521620065737313,-0.0001439138678849253,-0.0020325774436583156,0.06860590884753252,0.025268882513046265,0.014583609066903591,-0.11064720153808594,0.20688648521900177,0.34416136145591736,-1.2018513679504395,0.22577252984046936,-0.6581395268440247,-0.5377224087715149,0.5581469535827637,-1.092337727546692,0.013788998126983643
0.05818037499999998,0.0034223749999999996,17.0,1.9482646952194713,-1.1816994413978579,0.11282624329377869,-0.004387500854519166,-0.0001401854550538954,-0.0019722630246501146,0.06860609795665087,0.024649247527122498,0.014839050360023975,-0.10920238494873047,0.20385272800922394,0.343000590801239,-1.2090833187103271,0.21497082710266113,-0.6525387167930603,-0.5380777716636658,0.5659692287445068,-1.0980676412582397,0.010953187942504883
0.05818037499999998,0.0034223749999999996,17.0,1.93707951288718,-1.1705222223071576,0.11285375861421386,-0.004253418078238478,-0.00013531906940502465,-0.0019132045530331188,0.06860651962059151,0.02418394386768341,0.014787946827709675,-0.10687729716300964,0.19560731947422028,0.33028286695480347,-1.2102687358856201,0.20301367342472076,-0.6418754458427429,-0.5389999747276306,0.5786657333374023,-1.0935593843460083,0.00807034969329834
0.05818037499999998,0.0034223749999999996,17.0,1.9250404193686743,-1.1585486516984007,0.11307564415648366,-0.0041265846177221234,-0.0001309925289179418,-0.0018595259779779106,0.0686035131249133,0.023711368441581726,0.014556949026882648,-0.10472065210342407,0.19052362442016602,0.3214472234249115,-1.2151134014129639,0.19711604714393616,-0.6369727253913879,-0.5370613932609558,0.5858924388885498,-1.0894238948822021,0.007462859153747559
0.05818037499999998,0.0034223749999999996,17.0,1.9122696974123912,-1.1456872063889496,0.1128837925923408,-0.004004756251701758,-0.00012843312165979114,-0.0018017310191803277,0.06860747580712381,0.023462101817131042,0.01452572364360094,-0.1037585437297821,0.18648403882980347,0.31767722964286804,-1.2156982421875,0.19712036848068237,-0.6356572508811951,-0.5383684039115906,0.5884914398193359,-1.0857853889465332,0.009123682975769043
0.05818037499999998,0.0034223749999999996,17.0,1.8986486685594175,-1.1320290828097916,0.11288622353457073,-0.003908196829889636,-0.0001270328474235463,-0.0017574929087124417,0.068608223339167,0.02331922948360443,0.014607292599976063,-0.10363709926605225,0.18556880950927734,0.31914612650871277,-1.2195484638214111,0.20225222408771515,-0.6398629546165466,-0.5371625423431396,0.5838682651519775,-1.0817445516586304,0.012710034847259521
0.05818037499999998,0.0034223749999999996,17.0,1.8841347801523067,-1.1175538283176834,0.11304951300643545,-0.0037701421929686686,-0.00012288895960914804,-0.001697426830252803,0.06860654983431658,0.023278549313545227,0.014478825964033604,-0.10289984941482544,0.18182530999183655,0.31254246830940247,-1.2205257415771484,0.20681823790073395,-0.6425676941871643,-0.5341604948043823,0.5803558826446533,-1.0686569213867188,0.017187774181365967
0.05818037499999998,0.0034223749999999996,17.0,1.8688012031544006,-1.102216453554232,0.1130526697431148,-0.0036068519517359755,-0.00011728260424094357,-0.0016238540240857769,0.06860706430644352,0.022763654589653015,0.014691426418721676,-0.10197457671165466,0.1804085522890091,0.31458020210266113,-1.2265429496765137,0.20078659057617188,-0.6431359648704529,-0.5354293584823608,0.581491231918335,-1.069656252861023,0.018182992935180664
0.05818037499999998,0.0034223749999999996,17.0,1.8526203122439553,-1.0860346449271423,0.11300670969695754,-0.0034359440808599973,-0.00011116713808970918,-0.001547130515849948,0.06860855451327465,0.02239936590194702,0.015114841051399708,-0.1018686592578888,0.1794854998588562,0.318582683801651,-1.2304785251617432,0.19779863953590393,-0.6458602547645569,-0.5373095870018005,0.5792043209075928,-1.0689771175384521,0.02056938409805298
0.05818037499999998,0.0034223749999999996,17.0,1.8355990233261612,-1.0690365866191185,0.11301814922110896,-0.0032711054936549566,-0.00010516780711665475,-0.0014732911280029746,0.06860956004081623,0.021821200847625732,0.01504500862210989,-0.10026475787162781,0.1775180697441101,0.31645387411117554,-1.237689733505249,0.19179585576057434,-0.6469593644142151,-0.5364253520965576,0.5809416770935059,-1.0650477409362793,0.02242434024810791
0.05818037499999998,0.0034223749999999996,17.0,1.8177555728025194,-1.051208933407122,0.11301945138773853,-0.003074404496932174,-9.876179351013373e-5,-0.001384907804183274,0.06861116697096932,0.021465718746185303,0.014900597743690014,-0.09946119785308838,0.17726412415504456,0.31298816204071045,-1.244990348815918,0.19472528994083405,-0.6549584269523621,-0.5324051976203918,0.5752835273742676,-1.04962956905365,0.028419554233551025
0.05818037499999998,0.0034223749999999996,17.0,1.7993305040079974,-1.0336054908631538,0.11533041222716282,-0.0029219015323115934,-7.32206080029572e-5,-0.0013455395463675781,0.06857627018989564,0.020587608218193054,0.01594822108745575,-0.09881541132926941,0.17917189002037048,0.3196011483669281,-1.2602283954620361,0.1852492392063141,-0.6522347331047058,-0.5267651677131653,0.5750405788421631,-1.0597020387649536,0.023732662200927734
0.05818037499999998,0.0034223749999999996,17.0,1.7798302755950286,-1.0141173413179,0.1153699695545786,-0.0027648736037725343,-6.89057844305027e-5,-0.0012733854720032025,0.06857763454669483,0.020022377371788025,0.015977036207914352,-0.096925288438797,0.17493310570716858,0.31275925040245056,-1.264665126800537,0.17769873142242432,-0.6510925889015198,-0.5259298086166382,0.5769052505493164,-1.050366997718811,0.02538764476776123
0.05818037499999998,0.0034223749999999996,17.0,1.7592692504095198,-0.9927260775342746,0.11300842045444778,-0.0025605107757904534,-8.170771480248224e-5,-0.0011531018715346117,0.06861607760150262,0.019341275095939636,0.015527774579823017,-0.09680169820785522,0.17908678948879242,0.3314327299594879,-1.2744677066802979,0.18452519178390503,-0.6712194085121155,-0.5331555604934692,0.5648109912872314,-1.0474364757537842,0.03814554214477539
0.05818037499999998,0.0034223749999999996,17.0,1.7381428006043176,-0.9715705952403182,0.11304015682649769,-0.0023484538593938017,-7.488703303136328e-5,-0.001057598522148061,0.06861774081018492,0.01881343126296997,0.016153790056705475,-0.09369394183158875,0.16514798998832703,0.3108983337879181,-1.2656564712524414,0.16221189498901367,-0.6549200415611267,-0.5359403491020203,0.576197624206543,-1.0365091562271118,0.034965574741363525
0.05818037499999998,0.0034223749999999996,17.0,1.7161485152933056,-0.9495820430248014,0.11307556868038857,-0.002151157669075353,-6.878312976770476e-5,-0.0009691940863099651,0.0686212423650066,0.01794065535068512,0.01619657129049301,-0.09159228205680847,0.16243517398834229,0.31386956572532654,-1.2731544971466064,0.16079780459403992,-0.6618596911430359,-0.5348004102706909,0.5680451393127441,-1.0287023782730103,0.04177922010421753
0.05818037499999998,0.0034223749999999996,17.0,1.6933978766977085,-0.9267671466859055,0.1131487269453869,-0.00195646533218495,-6.316961439965738e-5,-0.0008810292911648529,0.06862633511587667,0.01664048433303833,0.016476422548294067,-0.08876994252204895,0.1591624915599823,0.3240910768508911,-1.282778263092041,0.15454477071762085,-0.6682433485984802,-0.5366042256355286,0.5598194599151611,-1.0303397178649902,0.04850679636001587
0.05818037499999998,0.0034223749999999996,17.0,1.6698817275272995,-0.9031191212214963,0.11324951445892613,-0.0018243639209145728,-5.993415784717449e-5,-0.0008202811962614263,0.06863361732322742,0.017206013202667236,0.016526568681001663,-0.0846850574016571,0.14292795956134796,0.32190871238708496,-1.2796926498413086,0.1485704928636551,-0.6626718640327454,-0.5385676622390747,0.5408008098602295,-1.0159249305725098,0.052676379680633545
0.05818037499999998,0.0034223749999999996,17.0,1.645438929531914,-0.8786095281584934,0.11332719537393536,-0.0016077315884800178,-5.287200949090712e-5,-0.0007227133532323037,0.06864504323708444,0.02002263069152832,0.016947124153375626,-0.07999706268310547,0.11231443285942078,0.31480056047439575,-1.2623741626739502,0.14518029987812042,-0.6426274180412292,-0.5338141918182373,0.5029735565185547,-0.9875616431236267,0.05228513479232788
0.05818037499999998,0.0034223749999999996,17.0,1.6200429654094848,-0.8533208595324762,0.11340524785572077,-0.0014216728386644026,-4.183725052055872e-5,-0.0006333403492934746,0.06867368910966712,0.023275598883628845,0.017880000174045563,-0.07346057891845703,0.0727456659078598,0.28163179755210876,-1.2302160263061523,0.12560638785362244,-0.6022239327430725,-0.515579342842102,0.47337961196899414,-0.9452160596847534,0.04246950149536133
0.05818037499999998,0.0034223749999999996,17.0,1.5938707060452106,-0.827176357247208,0.11356089771883722,-0.0012358302542916017,-3.5067410682607335e-5,-0.0005493293398602547,0.06868870589897744,0.02679617702960968,0.019380994141101837,-0.06696110963821411,0.03023037314414978,0.2455165833234787,-1.1854934692382812,0.09842871129512787,-0.5526991486549377,-0.49227237701416016,0.4445161819458008,-0.9020261764526367,0.028164803981781006
0.05818037499999998,0.0034223749999999996,17.0,1.5668248024226559,-0.8002455735697502,0.11379178990512873,-0.0010924510802069142,-2.9033097314939826e-5,-0.0004840902746102172,0.06870513272277629,0.032156020402908325,0.02194959670305252,-0.06142669916152954,-0.018992722034454346,0.20659078657627106,-1.1185123920440674,0.06703834980726242,-0.4768487811088562,-0.4511392414569855,0.4045531749725342,-0.8407778143882751,-0.0037726759910583496
0.05818037499999998,0.0034223749999999996,17.0,1.5389204562433256,-0.772354931557593,0.11403736514976033,-0.0009629350284087399,-2.664867258423049e-5,-0.00042551516895943125,0.06870697040371603,0.02703900635242462,0.007731557823717594,-0.0510389506816864,-0.22196140885353088,-0.08017496764659882,-0.8315765857696533,-0.2733610272407532,-0.1781308650970459,-0.5087227821350098,0.29293107986450195,-0.568868100643158,-0.08130991458892822
0.05818037499999998,0.0034223749999999996,17.0,1.5102048543969044,-0.7436273933420386,0.11417715054965925,-0.0007940356995146716,-2.211544661228342e-5,-0.0003505198429506042,0.06870252998255333,0.02398236095905304,0.012787438929080963,-0.04121711850166321,-0.2589045763015747,-0.08751428127288818,-0.6814994812011719,-0.30881839990615845,-0.09223973751068115,-0.45909583568573,0.2833693027496338,-0.5242415070533752,-0.12603282928466797
0.05818037499999998,0.0034223749999999996,17.0,1.480621267367418,-0.7140919508944372,0.11425660280702421,-0.0006949917707625352,-1.9152302251122235e-5,-0.0003073460626955878,0.06869473788379732,0.020331233739852905,0.017161935567855835,-0.03248363733291626,-0.28048670291900635,-0.08917395770549774,-0.5347394943237305,-0.329010546207428,-0.014385640621185303,-0.4129127860069275,0.2777111530303955,-0.46326756477355957,-0.1754557490348816
0.05818037499999998,0.0034223749999999996,17.0,1.4501865435611758,-0.6846891798118812,0.11700949413421537,-0.00051612727538459,-9.706792682044898e-6,-0.000232162207226727,0.06867004165688843,0.01677192747592926,0.02242245525121689,-0.025056809186935425,-0.2964394688606262,-0.07789556682109833,-0.3833744525909424,-0.34103086590766907,0.08787104487419128,-0.3494514524936676,0.27712106704711914,-0.40529078245162964,-0.2501082420349121
0.05818037499999998,0.0034223749999999996,17.0,1.4189048828658892,-0.6535070616442953,0.11696029789748948,-0.00031242647316818473,-5.653930422562447e-6,-0.00014094251399942627,0.06866344292062883,0.012987598776817322,0.02788092941045761,-0.023639559745788574,-0.30294060707092285,-0.054648809134960175,-0.2763822078704834,-0.3190074563026428,0.1827891767024994,-0.3100888133049011,0.2857193946838379,-0.3313221335411072,-0.32992425560951233
0.05818037499999998,0.0034223749999999996,17.0,1.386807178718218,-0.6215241094774311,0.11692195318533635,-0.00013280320567321673,-2.289619222483268e-6,-6.011796560679445e-5,0.06865672919727916,0.009309828281402588,0.03148223087191582,-0.024448871612548828,-0.2967047095298767,-0.058409761637449265,-0.24451470375061035,-0.3242179751396179,0.20589017868041992,-0.29255062341690063,0.31162166595458984,-0.3119783401489258,-0.3543187379837036
0.05818037499999998,0.0034223749999999996,17.0,1.3539989457301347,-0.5887131568000572,0.11696086641607593,5.90974913691726e-5,1.0119578830377963e-6,2.6751547514410073e-5,0.06865394102864805,0.006979107856750488,0.03485921025276184,-0.02348339557647705,-0.29179567098617554,-0.07351495325565338,-0.20225048065185547,-0.35426902770996094,0.2170424461364746,-0.28617995977401733,0.34111714363098145,-0.32171717286109924,-0.36566242575645447
0.05818037499999998,0.0034223749999999996,17.0,1.320356291370489,-0.5550850009902973,0.11698979925917245,0.0001865195304413517,3.1755466690906987e-6,8.44498304228913e-5,0.06865242759712108,0.005714118480682373,0.0367857851088047,-0.022509276866912842,-0.28928667306900024,-0.07519791275262833,-0.18566036224365234,-0.3629874289035797,0.2268265187740326,-0.2731986939907074,0.353287935256958,-0.32773154973983765,-0.3758690059185028
0.05818037499999998,0.0034223749999999996,17.0,1.2859028276726603,-0.5206279072492773,0.11700756561799133,0.00033290918929353695,5.824182799526604e-6,0.00015062463551615871,0.06865571718916536,0.0053955912590026855,0.03772638365626335,-0.022191137075424194,-0.2910160422325134,-0.06464837491512299,-0.1932082176208496,-0.3494725525379181,0.237707257270813,-0.25816917419433594,0.34785962104797363,-0.32800164818763733,-0.3860562741756439
0.05818037499999998,0.0034223749999999996,17.0,1.2505948433191494,-0.48535359158334357,0.11705505456504758,0.00048424793959985933,8.723550126627755e-6,0.00021895599422491884,0.06865829555297122,0.00455591082572937,0.03795118257403374,-0.020668625831604004,-0.2917572259902954,-0.05079962685704231,-0.20218157768249512,-0.3299027979373932,0.24457979202270508,-0.2358776032924652,0.33741140365600586,-0.320372998714447,-0.3933180868625641
0.05818037499999998,0.0034223749999999996,17.0,1.2144817403720334,-0.44923504269173486,0.11709817558808783,0.0006401953664660797,1.1580347756555405e-5,0.0002893979906636523,0.06865822836354132,0.004502475261688232,0.03864538297057152,-0.018398255109786987,-0.2908462882041931,-0.048304636031389236,-0.19917559623718262,-0.332126259803772,0.24339568614959717,-0.2247726023197174,0.3350338935852051,-0.3339991867542267,-0.3937128484249115
0.05818037499999998,0.0034223749999999996,17.0,1.1775255655239083,-0.4122879653266814,0.11713194685685792,0.0008029641414764912,1.4655639790004842e-5,0.00036289003288576794,0.06865859926089289,0.004350066184997559,0.03918331488966942,-0.016619384288787842,-0.2894991636276245,-0.04192383959889412,-0.20203757286071777,-0.32348355650901794,0.2439330518245697,-0.20868271589279175,0.32738447189331055,-0.33791130781173706,-0.39653682708740234
0.05818037499999998,0.0034223749999999996,17.0,1.1397424454154266,-0.3745108096656171,0.11717418409562268,0.0009909791581653624,1.8147560712306065e-5,0.0004478749122561268,0.068657687409696,0.004522830247879028,0.03966531530022621,-0.014325857162475586,-0.2854498624801636,-0.03895951062440872,-0.20267152786254883,-0.320744127035141,0.240505188703537,-0.19095610082149506,0.3217892646789551,-0.3488781452178955,-0.3973328769207001
0.05818037499999998,0.0034223749999999996,17.0,1.1011508893859692,-0.3359007133031339,0.11723203366664954,0.00111190869660953,2.0140127938092968e-5,0.0005026690468878789,0.0686550961319898,0.005624175071716309,0.04020141810178757,-0.01115301251411438,-0.2788959741592407,-0.042787861078977585,-0.1962144374847412,-0.334379106760025,0.23108386993408203,-0.17832587659358978,0.3212411403656006,-0.3794848620891571,-0.39358747005462646
0.05818037499999998,0.0034223749999999996,17.0,1.0617303811969876,-0.2964572517881924,0.1172847382158653,0.0012231995566098217,2.2382453316793198e-5,0.0005528132378963261,0.06865402547879147,0.006314128637313843,0.04092537984251976,-0.008480578660964966,-0.27309316396713257,-0.04639259725809097,-0.19083619117736816,-0.33975762128829956,0.22131726145744324,-0.16645245254039764,0.3196887969970703,-0.39805492758750916,-0.38974279165267944
0.05818037499999998,0.0034223749999999996,17.0,1.0214610810899347,-0.256183763867055,0.1173295584709921,0.0014702684225114781,2.725298151135e-5,0.0006645283786121897,0.06865279319350784,0.006232500076293945,0.041284333914518356,-0.006199479103088379,-0.267691433429718,-0.04100920632481575,-0.19611263275146484,-0.32615113258361816,0.21475031971931458,-0.14515420794487,0.31142616271972656,-0.40174636244773865,-0.3893280625343323
0.05818037499999998,0.0034223749999999996,17.0,0.9803703317081793,-0.21508850944212782,0.11738128815464462,0.001690015456619571,3.3030779077569466e-5,0.0007624616304204325,0.06865811712080225,0.006722092628479004,0.04121563583612442,-0.004528611898422241,-0.26742327213287354,-0.025474917143583298,-0.2158350944519043,-0.294187068939209,0.21582496166229248,-0.12791578471660614,0.2913811206817627,-0.39738327264785767,-0.39276832342147827
0.05818037499999998,0.0034223749999999996,17.0,0.9384278024729402,-0.17316109086535597,0.11747905784831726,0.0019242623030255742,3.865731228602198e-5,0.0008674224464289219,0.06866109264728015,0.006947249174118042,0.04132203385233879,-0.0015461146831512451,-0.2686501741409302,-0.012332490645349026,-0.22684359550476074,-0.2712250053882599,0.22023802995681763,-0.12156067788600922,0.27753520011901855,-0.39443910121917725,-0.3972969353199005
0.05818037499999998,0.0034223749999999996,17.0,0.8956575754602784,-0.13038611100059336,0.11759251259648959,0.001956057555003614,3.996692582557733e-5,0.0008798581483489184,0.06866645433050643,0.007580101490020752,0.04159345477819443,0.0028550028800964355,-0.28183406591415405,0.007902414537966251,-0.23602867126464844,-0.24323679506778717,0.25274407863616943,-0.15072651207447052,0.26179027557373047,-0.37702587246894836,-0.41796553134918213
0.05818037499999998,0.0034223749999999996,17.0,0.8519705724058516,-0.08682320952825175,0.11770904432146781,0.001952167431446284,3.831553632735402e-5,0.0008733708397822082,0.06866329162215215,0.0026589930057525635,0.040203675627708435,0.009918153285980225,-0.2403838038444519,-0.09921002388000488,-0.2518336772918701,-0.23922453820705414,0.263161301612854,-0.27905750274658203,0.2882814407348633,-0.1181814894080162,-0.4555477201938629
0.05818037499999998,0.0034223749999999996,17.0,0.8071653859109087,-0.04251102736590946,0.11794595480838947,0.0017992921983549827,3.3636550590176426e-5,0.000796510328501109,0.06865926470560828,-0.013484328985214233,0.03493744134902954,0.019338101148605347,-0.16541096568107605,-0.3164392411708832,-0.28226232528686523,-0.18886283040046692,0.3005560338497162,-0.506407618522644,0.2990577220916748,0.444802463054657,-0.5339835286140442
0.05818037499999998,0.0034223749999999996,17.0,0.7618791360086616,0.0024152949158649712,0.11817884343939059,9.770494249328606e-6,1.7473683461575067e-7,4.409415143125555e-6,0.0685517293850617,-0.03283458948135376,0.03379906341433525,0.06412282586097717,0.2664561867713928,-0.2788688540458679,-1.0623197555541992,-0.527230978012085,-0.9775647521018982,-0.43639814853668213,0.19344472885131836,0.37818536162376404,0.2533336281776428
0.05818037499999998,0.0034223749999999996,17.0,0.8064068727782322,0.04753812238895426,0.11854947461798199,-0.0017794433740100247,-2.116741010985452e-5,-0.0008005837182604468,0.06853948174859509,-0.06862804293632507,0.02710161730647087,0.08012112975120544,0.39924436807632446,-0.2235797494649887,-1.1973843574523926,-0.6232417821884155,-1.116675853729248,-0.6421201825141907,0.1469249725341797,0.5403348803520203,0.2587745785713196
0.05818037499999998,0.0034223749999999996,17.0,0.8503995412095612,0.09171275905113666,0.11873241837098979,-0.0019340933258716754,-1.5335069246498853e-5,-0.0008664473457511724,0.06852888606236573,-0.09271520376205444,0.015600967220962048,0.0882178246974945,0.4762263596057892,-0.16244980692863464,-1.2274243831634521,-0.7312951683998108,-1.1993982791900635,-0.7527499794960022,0.09617161750793457,0.6000518202781677,0.27611786127090454
0.05818037499999998,0.0034223749999999996,17.0,0.8939372451533014,0.13526504986820911,0.11877055195406608,-0.0019285475256843499,-1.3603443304287476e-5,-0.0008641974890622705,0.06852841521009272,-0.0951593816280365,0.011213152669370174,0.08808812499046326,0.4753965139389038,-0.15396440029144287,-1.1948826313018799,-0.7444738745689392,-1.184016227722168,-0.7822138667106628,0.0955359935760498,0.6480250358581543,0.27033156156539917
0.05818037499999998,0.0034223749999999996,17.0,0.93666982173189,0.17796888825027143,0.1188158741252252,-0.0018380320799684993,-1.3025641434265721e-5,-0.0008227735378990758,0.06852845897325317,-0.10020723938941956,0.005588477477431297,0.09236624836921692,0.48868125677108765,-0.10482708364725113,-1.2310049533843994,-0.7405474185943604,-1.1934583187103271,-0.8173539638519287,0.0926203727722168,0.6243866682052612,0.2696765065193176
0.05818037499999998,0.0034223749999999996,17.0,0.9786848945099316,0.21981700909526963,0.11883173869043749,-0.0017254149038455735,-1.4424887895631531e-5,-0.0007706779564909237,0.06852715428704684,-0.09978297352790833,0.003249105531722307,0.09444424510002136,0.49160632491111755,-0.09179633855819702,-1.2355647087097168,-0.7243751287460327,-1.1914441585540771,-0.825133740901947,0.08389043807983398,0.6319507360458374,0.2661413550376892
0.05818037499999998,0.0034223749999999996,17.0,1.0198543853478268,0.26076385299789673,0.11886368313172248,-0.0016412301673417646,-1.674049471705801e-5,-0.0007305232529839112,0.06852342254287204,-0.0967339277267456,0.002691516187041998,0.09572598338127136,0.4886281490325928,-0.09782403707504272,-1.224656581878662,-0.7094290256500244,-1.1836364269256592,-0.8187326192855835,0.07821106910705566,0.6597806215286255,0.2622116208076477
0.05818037499999998,0.0034223749999999996,17.0,1.0604823913594514,0.3020540784289039,0.11595324565552334,-0.0012647579323043924,-2.6346611455860443e-5,-0.0005508279820027806,0.0685692574262945,-0.10078772902488708,-0.005374216474592686,0.10112318396568298,0.5108267068862915,-0.06287922710180283,-1.254636526107788,-0.6606566309928894,-1.2065010070800781,-0.8339300751686096,0.041584014892578125,0.6595159769058228,0.2651950716972351
0.05818037499999998,0.0034223749999999996,17.0,1.099946047957056,0.3414296535438455,0.11597909591210422,-0.0012222591045548065,-2.628961642952885e-5,-0.00053102999239629,0.0685657654805793,-0.1009705662727356,-0.007177955936640501,0.10393890738487244,0.5189415216445923,-0.03210024908185005,-1.2703337669372559,-0.6499770879745483,-1.208068609237671,-0.8476496934890747,0.036798954010009766,0.638866126537323,0.25927048921585083
0.05818037499999998,0.0034223749999999996,17.0,1.1385902344365626,0.38003690384557576,0.11599712572329278,-0.001052942873469019,-2.285959164555851e-5,-0.00045695562322595114,0.06856499023894286,-0.09922385215759277,-0.007734828162938356,0.10508528351783752,0.5226572155952454,-0.008312854915857315,-1.268176555633545,-0.6368513703346252,-1.2064712047576904,-0.8611244559288025,0.02574896812438965,0.6291634440422058,0.25369542837142944
0.05818037499999998,0.0034223749999999996,17.0,1.1763852016401084,0.4177953222202108,0.11602604683699616,-0.000854546883962329,-1.879910516498276e-5,-0.0003704990053694021,0.06856521446594936,-0.09810420870780945,-0.009435122832655907,0.10682371258735657,0.5281369686126709,0.0077540031634271145,-1.2740910053253174,-0.6186908483505249,-1.2070696353912354,-0.8644834756851196,0.015755891799926758,0.6309001445770264,0.24999648332595825
0.05818037499999998,0.0034223749999999996,17.0,1.2133448876565762,0.4547206171443824,0.11605533798755491,-0.0006823838832893962,-1.5180582539358305e-5,-0.0002956003601727993,0.06856547190792919,-0.09717079997062683,-0.011089946143329144,0.10847339034080505,0.533852219581604,0.022645488381385803,-1.2767720222473145,-0.6010816693305969,-1.2077341079711914,-0.8684387803077698,0.004832267761230469,0.6328036189079285,0.24619287252426147
0.05818037499999998,0.0034223749999999996,17.0,1.249470319062853,0.49079465989911275,0.11608012760101044,-0.0005191752132401609,-1.173339000501952e-5,-0.00022457020303323497,0.06856491047148731,-0.09648224711418152,-0.01285170391201973,0.11018231511116028,0.5406880378723145,0.038939978927373886,-1.279721975326538,-0.5856995582580566,-1.2092926502227783,-0.8722542524337769,-0.006495475769042969,0.6331521272659302,0.24243301153182983
0.05818037499999998,0.0034223749999999996,17.0,1.284759073688255,0.5260554959679427,0.11611027866907947,-0.0003635424610322187,-8.276695858377444e-6,-0.00015711251411026895,0.06856495148473385,-0.0958472192287445,-0.014465853571891785,0.1116926372051239,0.5473963618278503,0.05426730960607529,-1.280562162399292,-0.5720167756080627,-1.2102539539337158,-0.8754389882087708,-0.017906904220581055,0.6332747340202332,0.23837345838546753
0.05818037499999998,0.0034223749999999996,17.0,1.31921340821703,0.5604853791200741,0.11614411399053572,-0.00022846073985890186,-5.235703975294758e-6,-9.862968341410227e-5,0.06856446686503025,-0.09532013535499573,-0.016198715195059776,0.11314454674720764,0.5548226833343506,0.06982260942459106,-1.2800405025482178,-0.5585370063781738,-1.2111928462982178,-0.8788124322891235,-0.030310392379760742,0.6328843832015991,0.23383718729019165
0.05818037499999998,0.0034223749999999996,17.0,1.3528293188973175,0.5940961562816436,0.1161877730357402,-3.501220544730741e-5,-8.064657612889303e-7,-1.51168903150925e-5,0.0685660031885088,-0.09457480907440186,-0.019083313643932343,0.11520716547966003,0.5590577125549316,0.06153348833322525,-1.2708485126495361,-0.5338456630706787,-1.2109286785125732,-0.8691639304161072,-0.04477095603942871,0.6690930128097534,0.23294168710708618
0.05818037499999998,0.0034223749999999996,17.0,1.3856067625343547,0.6267901842483707,0.11625019910999172,0.00014265003854187536,3.3441275239179185e-6,6.137118365996139e-5,0.06856088896227559,-0.09520882368087769,-0.02277049422264099,0.11717954277992249,0.5698292255401611,0.07929959893226624,-1.2654595375061035,-0.5131106376647949,-1.2112839221954346,-0.8771703243255615,-0.06928205490112305,0.6719488501548767,0.2270769476890564
0.05818037499999998,0.0034223749999999996,17.0,1.4175292544860099,0.6586663408387866,0.11631499452166048,0.00032479448670597874,7.736938177908723e-6,0.00013936947857026285,0.06855913399882378,-0.09830015897750854,-0.028628896921873093,0.12081411480903625,0.5910395979881287,0.10890382528305054,-1.2745065689086914,-0.4881057143211365,-1.2139606475830078,-0.8877763748168945,-0.0986793041229248,0.6574450731277466,0.2158341407775879
0.05818037499999998,0.0034223749999999996,17.0,1.4486051232843868,0.6897182224289443,0.11640184078448053,0.0005334366172640706,1.2803306150927883e-5,0.00022845589174745547,0.06855825090355104,-0.10136279463768005,-0.038460198789834976,0.12094429135322571,0.61004638671875,0.10762985795736313,-1.2559258937835693,-0.4309002459049225,-1.2221603393554688,-0.8816543221473694,-0.16539502143859863,0.6999446749687195,0.22273176908493042
0.05818037499999998,0.0034223749999999996,17.0,1.4788734346423384,0.7199165404819008,0.1164380472792589,0.0007155045202397629,1.7379369070288363e-5,0.00030533468043509183,0.06855648067052204,-0.10488501191139221,-0.04941370710730553,0.11562171578407288,0.6461473703384399,0.15750978887081146,-1.1816706657409668,-0.3704385757446289,-1.2456116676330566,-0.9075409173965454,-0.3250131607055664,0.6691040396690369,0.23728317022323608
0.05818037499999998,0.0034223749999999996,17.0,1.5082974392491681,0.7492871665838837,0.11642397914710426,0.0008475365227865299,2.0503676896341784e-5,0.00035975320082009843,0.06855656892261404,-0.10754290223121643,-0.05647866055369377,0.11050727963447571,0.7036527991294861,0.21508492529392242,-1.055251121520996,-0.3303658962249756,-1.2671751976013184,-0.9588180184364319,-0.5378016233444214,0.5898148417472839,0.22699731588363647
0.05818037499999998,0.0034223749999999996,17.0,1.5368855007231674,0.7778206462830388,0.11640843066353883,0.000989740595973401,2.3306869344839822e-5,0.00041661657971834226,0.06855671353243689,-0.11137142777442932,-0.06257979571819305,0.10806098580360413,0.793156087398529,0.25751936435699463,-0.8876008987426758,-0.32329559326171875,-1.2983345985412598,-1.0103737115859985,-0.81238853931427,0.5014025568962097,0.19721007347106934
0.05818037499999998,0.0034223749999999996,17.0,1.5646589793092156,0.8055072940457192,0.11640752882619733,0.0011192207999132602,2.523375878089816e-5,0.0004644668771473684,0.06855142742994556,-0.1395128071308136,-0.09096656739711761,0.20136329531669617,1.4297592639923096,-0.13788481056690216,-1.5100572109222412,-0.5926172733306885,-1.917238473892212,-0.9849170446395874,-1.943943977355957,-0.3381025791168213,0.32443052530288696
0.05818037499999998,0.0034223749999999996,17.0,1.5914315228456486,0.8322077965800996,0.1171496275401094,0.0012656886112366145,2.3964463745096912e-5,0.0005083749241448364,0.06855979502514618,-0.14150545001029968,-0.09468300640583038,0.2206611931324005,1.54616117477417,-0.24678845703601837,-1.558077335357666,-0.688335657119751,-1.9398746490478516,-1.0196422338485718,-2.2123966217041016,-0.32052484154701233,0.24224776029586792
0.05818037499999998,0.0034223749999999996,17.0,1.6174352986057876,0.8582914544798629,0.11776917959423895,0.0014535987211014832,2.1966532008946065e-5,0.0005729130817761618,0.06857313800663599,-0.14213880896568298,-0.09814181923866272,0.23913970589637756,1.6330868005752563,-0.3254648447036743,-1.6419029235839844,-0.764025866985321,-1.96061372756958,-1.0863099098205566,-2.3913934230804443,-0.29065561294555664,0.18249541521072388
0.05818037499999998,0.0034223749999999996,17.0,1.6423992598968213,0.8838064866300493,0.11904668226786488,0.0016404909070874393,1.3072897928431362e-5,0.000635784657203911,0.06862383901999056,-0.1429896056652069,-0.10191068798303604,0.2578348219394684,1.7106949090957642,-0.42202556133270264,-1.726916790008545,-0.8289413452148438,-1.9678800106048584,-1.1413336992263794,-2.563103199005127,-0.2210119515657425,0.11628717184066772
0.05818037499999998,0.0034223749999999996,17.0,1.6669466572035339,0.9082827952466893,0.11928117201202892,0.001848163058680452,1.3097062198855428e-5,0.0007119354982823762,0.06863721547058999,-0.1405389904975891,-0.10588061064481735,0.2728842794895172,1.7499946355819702,-0.4951561987400055,-1.7582683563232422,-0.8811845779418945,-1.9755163192749023,-1.1911367177963257,-2.7314722537994385,-0.134324312210083,0.08816671371459961
0.05818037499999998,0.0034223749999999996,17.0,1.6906435047131225,0.931881994563819,0.1195155567016282,0.0020081179978114305,1.3044607156479015e-5,0.000770321236927054,0.06864720344215941,-0.1364947259426117,-0.10903271287679672,0.2814132273197174,1.7648568153381348,-0.5427879691123962,-1.7584257125854492,-0.9016033411026001,-1.9692356586456299,-1.2014338970184326,-2.8450241088867188,-0.06279914826154709,0.0702134370803833
0.05818037499999998,0.0034223749999999996,17.0,1.7135114810979943,0.9546808144594017,0.11967346452392422,0.0021810666330572656,1.3490124755510179e-5,0.0008350164528739286,0.0686537819404814,-0.13341906666755676,-0.10958950221538544,0.2836778461933136,1.760280728340149,-0.5521942377090454,-1.707125186920166,-0.9175435900688171,-1.969850778579712,-1.2211858034133911,-2.9189696311950684,-0.02905081771314144,0.07771497964859009
0.05818037499999998,0.0034223749999999996,17.0,1.7355470709570258,0.9766471160647121,0.11975700676968482,0.0023986901292908777,1.4603790942170983e-5,0.0009170780706325027,0.06865698701920714,-0.1292993426322937,-0.10995762050151825,0.2825044095516205,1.7406888008117676,-0.5517299771308899,-1.6203298568725586,-0.930860698223114,-1.9707496166229248,-1.2284443378448486,-2.9976470470428467,0.003582283854484558,0.10157722234725952
0.05818037499999998,0.0034223749999999996,17.0,1.7567006223410695,0.9978209007156935,0.1198523524567687,0.00262167724135418,1.5718325996705065e-5,0.0010029895545928223,0.06865817709235127,-0.1298466920852661,-0.10953126847743988,0.287920206785202,1.7561463117599487,-0.5506395101547241,-1.6543374061584473,-0.9396218657493591,-1.9836013317108154,-1.2510725259780884,-3.0109195709228516,-0.025836694985628128,0.09656697511672974
0.05818037499999998,0.0034223749999999996,17.0,1.7769991308564481,1.0181152531628452,0.1199592610816189,0.002846432956683162,1.622964650832156e-5,0.0010879963284764912,0.06866065069572919,-0.1320365071296692,-0.11065733432769775,0.29620763659477234,1.7873103618621826,-0.5639572143554688,-1.751694679260254,-0.9389684200286865,-1.9931445121765137,-1.2484384775161743,-2.9977941513061523,-0.052204348146915436,0.07159000635147095
0.05818037499999998,0.0034223749999999996,17.0,1.7964908209341663,1.0376052513903449,0.12003047746908452,0.002992461679181286,1.6847608267048417e-5,0.001143127594941464,0.06866233590015501,-0.13310569524765015,-0.1116127148270607,0.30238649249076843,1.8101017475128174,-0.5718560814857483,-1.8158912658691406,-0.9393635392189026,-1.9972686767578125,-1.2401702404022217,-2.9956164360046387,-0.07176031917333603,0.05078798532485962
0.05818037499999998,0.0034223749999999996,17.0,1.8151472158515287,1.0562853962124545,0.12006196303611037,0.003160257691802037,1.7603128713839348e-5,0.0012067962884190861,0.06866396910995183,-0.13315752148628235,-0.11171041429042816,0.30522939562797546,1.8183850049972534,-0.5693244934082031,-1.8392820358276367,-0.9414101839065552,-2.0041654109954834,-1.2437952756881714,-2.999128818511963,-0.09292475134134293,0.04821157455444336
0.05818037499999998,0.0034223749999999996,17.0,1.8330252943486167,1.074081470735447,0.12003333352532024,0.003368747973092526,1.910787835132972e-5,0.001284917996486585,0.06866513258099811,-0.12984561920166016,-0.11253367364406586,0.30324968695640564,1.8014007806777954,-0.5685718655586243,-1.7800674438476562,-0.9437088370323181,-2.0011229515075684,-1.2236261367797852,-3.041374683380127,-0.06996089965105057,0.06524354219436646
0.05818037499999998,0.0034223749999999996,17.0,1.8500242519807684,1.0910772814096625,0.12006060283448332,0.0035474650224372687,1.9662268786716028e-5,0.0013526215766333583,0.06866547449991413,-0.1292322278022766,-0.11290540546178818,0.30581143498420715,1.8064782619476318,-0.567057192325592,-1.7909770011901855,-0.9456959962844849,-2.0045108795166016,-1.217551350593567,-3.05534291267395,-0.0828518345952034,0.06293916702270508
0.05818037499999998,0.0034223749999999996,17.0,1.866170826205661,1.1072367408064137,0.12017654635589356,0.003705393810318537,2.0906403700301957e-5,0.0014150408040254562,0.06866522135214001,-0.129543274641037,-0.1124991923570633,0.30821719765663147,1.8135732412338257,-0.5619791746139526,-1.8125462532043457,-0.947826087474823,-2.0126001834869385,-1.2263340950012207,-3.058457374572754,-0.11121031641960144,0.06226533651351929
0.05818037499999998,0.0034223749999999996,17.0,1.881527101364229,1.1225924549047586,0.12011496275805467,0.0038931077719396613,2.2062619970803102e-5,0.001485257701453579,0.0686663629119718,-0.12649309635162354,-0.11241935193538666,0.3059406578540802,1.7958852052688599,-0.5542500019073486,-1.7491917610168457,-0.952480137348175,-2.012206792831421,-1.2127259969711304,-3.1069376468658447,-0.10672158747911453,0.08165550231933594
0.05818037499999998,0.0034223749999999996,17.0,1.8960409633547068,1.1370611688928156,0.12011269725126561,0.004001553055784296,2.289027206634869e-5,0.001524966509624459,0.06866759628399471,-0.12626531720161438,-0.11290502548217773,0.3081221282482147,1.8040510416030884,-0.557100772857666,-1.7737665176391602,-0.9508651494979858,-2.0104753971099854,-1.193840503692627,-3.115952491760254,-0.12274766713380814,0.07114380598068237
0.05818037499999998,0.0034223749999999996,17.0,1.909738176299131,1.1507097382971703,0.12008226202589807,0.0041140039796260155,2.412617688520372e-5,0.0015652434073780519,0.0686690214675395,-0.12320345640182495,-0.11339569836854935,0.30601873993873596,1.7914605140686035,-0.5552669167518616,-1.7222275733947754,-0.9530483484268188,-2.000302791595459,-1.151862382888794,-3.165250301361084,-0.11674731969833374,0.07603919506072998
0.05818037499999998,0.0034223749999999996,17.0,1.9225621265475341,1.1635576522822568,0.12005809009248547,0.004234548715358424,2.376614610835512e-5,0.0016105211809994164,0.06866916263036543,-0.12350723147392273,-0.1118137463927269,0.3073655068874359,1.7964321374893188,-0.5368038415908813,-1.7369089126586914,-0.9584303498268127,-2.0137734413146973,-1.1693003177642822,-3.168363094329834,-0.16696366667747498,0.08150744438171387
0.05818037499999998,0.0034223749999999996,17.0,1.9345624514638173,1.1755866268660375,0.12002334028634214,0.004362361569847863,2.2871135855327898e-5,0.0016587329070188901,0.0686681647772455,-0.12396469712257385,-0.10971075296401978,0.30859556794166565,1.7994612455368042,-0.5119529366493225,-1.7446794509887695,-0.967094898223877,-2.030508041381836,-1.2002893686294556,-3.17057204246521,-0.22508560121059418,0.09193986654281616
0.05818037499999998,0.0034223749999999996,17.0,1.9456872213016796,1.186794351077575,0.1200816184391954,0.004491547333929883,2.200312877302202e-5,0.0017094682894822223,0.06866803121285404,-0.1273348033428192,-0.10877010226249695,0.31541207432746887,1.8289897441864014,-0.49875614047050476,-1.8463568687438965,-0.9704480767250061,-2.046346664428711,-1.2252651453018188,-3.1354196071624756,-0.29617294669151306,0.07231426239013672
0.05818037499999998,0.0034223749999999996,17.0,1.955975920462309,1.197154935736553,0.12015776341566975,0.004633240059790455,2.029123475845832e-5,0.0017649167430503047,0.06866639967973928,-0.1303609013557434,-0.10737138241529465,0.321170836687088,1.854170560836792,-0.4788660705089569,-1.9302387237548828,-0.9761118292808533,-2.0627732276916504,-1.2536782026290894,-3.104447841644287,-0.3730415403842926,0.05777674913406372
0.05818037499999998,0.0034223749999999996,17.0,1.965449756708477,1.2066735397360637,0.12019977769396985,0.004795540332000298,1.814684957235514e-5,0.001826705562975335,0.06866501092916248,-0.1322215497493744,-0.10572007298469543,0.32435426115989685,1.8668313026428223,-0.4555357098579407,-1.9764409065246582,-0.9837613701820374,-2.0792043209075928,-1.280510663986206,-3.0867679119110107,-0.4378708302974701,0.057063400745391846
0.05818037499999998,0.0034223749999999996,17.0,1.9740639161597262,1.215358609667104,0.12031933407246108,0.0049800194566821925,1.6478267951245343e-5,0.0018991698292392801,0.06866393350747028,-0.13655048608779907,-0.10514666140079498,0.33138158917427063,1.9004875421524048,-0.44194796681404114,-2.097339153289795,-0.9859196543693542,-2.0934813022613525,-1.3032315969467163,-3.031748056411743,-0.5065151453018188,0.03139406442642212
0.05818037499999998,0.0034223749999999996,17.0,1.9814279372624328,1.222059411855132,0.12394923783750991,0.005221230175856766,-5.454097546096763e-5,0.0019802710302912257,0.06862918279406151,-0.1368131935596466,-0.0979442298412323,0.3195411264896393,1.8728652000427246,-0.408181756734848,-1.9592156410217285,-1.0041532516479492,-2.1053707599639893,-1.3526359796524048,-3.040656805038452,-0.5659685134887695,0.0708344578742981
0.05818037499999998,0.0034223749999999996,17.0,1.988377224829115,1.2290989365119525,0.12402189908222268,0.005575564460843842,-6.077959422995277e-5,0.0021179082545241734,0.0686284773919149,-0.13881656527519226,-0.0964072048664093,0.3222943842411041,1.8835383653640747,-0.3819027543067932,-2.003471851348877,-1.0123792886734009,-2.1217620372772217,-1.3721243143081665,-3.0139946937561035,-0.6292392015457153,0.07226717472076416
0.05818037499999998,0.0034223749999999996,17.0,1.9945074350593792,1.2352899770070298,0.1241091159938664,0.006166653327750557,-6.953925448686212e-5,0.0023453443681147623,0.0686279053158478,-0.1417064070701599,-0.09591884166002274,0.3271845877170563,1.9054919481277466,-0.3626953959465027,-2.086700439453125,-1.0177035331726074,-2.1351776123046875,-1.3770546913146973,-2.9705982208251953,-0.6848398447036743,0.059170424938201904
0.05818037499999998,0.0034223749999999996,17.0,1.9998156626845325,1.2406458975431882,0.12418413515258736,0.007512297532816108,-8.953911035958907e-5,0.0028598157548567846,0.06862685016846,-0.14360228180885315,-0.09522444009780884,0.3314416706562042,1.914720058441162,-0.33068615198135376,-2.145480155944824,-1.0298502445220947,-2.1603615283966064,-1.3780112266540527,-2.9360830783843994,-0.7376388907432556,0.07063382863998413
0.05818037499999998,0.0034223749999999996,17.0,2.004358140047275,1.2451541135270163,0.12436139586161979,0.013923174462331728,-0.00017378379674714786,0.00532434177063474,0.06862570360394149,-0.14338666200637817,-0.09665662795305252,0.3402095139026642,1.9104602336883545,-0.24910899996757507,-2.228394031524658,-1.0688585042953491,-2.229637622833252,-1.2880953550338745,-2.8700783252716064,-0.7607447504997253,0.13833612203598022
0.05818037499999998,0.0034223749999999996,17.0,1.9767036179165949,-1.2423732431587882,0.10083376727051208,-0.013529832701810492,-0.00033972614377350985,-0.006170846969183606,0.0685620492384749,0.032522574067115784,0.009274105541408062,-0.12602999806404114,0.23296594619750977,0.337603360414505,-1.134531021118164,0.3530064821243286,-0.6816502213478088,-0.5497992634773254,0.46197509765625,-1.0339288711547852,0.019678115844726562
0.05818037499999998,0.0034223749999999996,17.0,1.9721663950160015,-1.237803497686118,0.10095885737270409,-0.00729672035123905,-0.00017988363754611986,-0.0033319811165712205,0.06856235146589518,0.02920176088809967,0.012364400550723076,-0.11982449889183044,0.22983381152153015,0.3620750308036804,-1.1585392951965332,0.3075423538684845,-0.6948761343955994,-0.5340460538864136,0.48793840408325195,-1.071282982826233,0.030186057090759277
0.05818037499999998,0.0034223749999999996,17.0,1.9668446389127732,-1.2324286279176995,0.10096477245467449,-0.005989983502254611,-0.00014748265781797045,-0.0027344219479929206,0.06856257798886602,0.02779361605644226,0.014057076536118984,-0.11936390399932861,0.23574626445770264,0.38934189081192017,-1.1725971698760986,0.2918132245540619,-0.7011124491691589,-0.5359605550765991,0.48714661598205566,-1.1065707206726074,0.029824793338775635
0.05818037499999998,0.0034223749999999996,17.0,1.9606958770663188,-1.2262387100841168,0.10097956923713082,-0.005418022308427917,-0.00013403504518561066,-0.0024738536469673124,0.0685632119250184,0.027323275804519653,0.014604930765926838,-0.11806812882423401,0.22865231335163116,0.3833378553390503,-1.1740586757659912,0.2782571017742157,-0.6912935376167297,-0.5368494987487793,0.5001752376556396,-1.108298420906067,0.02653557062149048
0.05818037499999998,0.0034223749999999996,17.0,1.9536737104451916,-1.2192086841496401,0.10098716906793707,-0.00507221391289374,-0.0001248635895794481,-0.002316621815823253,0.0685631490578835,0.026664644479751587,0.015117975883185863,-0.1170627772808075,0.2266881912946701,0.3871743679046631,-1.1804754734039307,0.267451673746109,-0.6867844462394714,-0.5380235910415649,0.5069005489349365,-1.1203969717025757,0.02375560998916626
0.05818037499999998,0.0034223749999999996,17.0,1.9458468366771724,-1.2113602850120635,0.10100773915969873,-0.004837922965824282,-0.00011970629338498317,-0.002210882612781135,0.06856371682100951,0.026294991374015808,0.015158032067120075,-0.11528167128562927,0.21860390901565552,0.3778998553752899,-1.1814818382263184,0.2569601535797119,-0.6761590838432312,-0.5386837720870972,0.5198092460632324,-1.12044358253479,0.02075350284576416
0.05818037499999998,0.0034223749999999996,17.0,1.9370135534967643,-1.2016002796554757,0.0986798590276308,-0.004676557521007045,-0.00014940585057496202,-0.002088688628495715,0.0686016127767106,0.025873154401779175,0.015102940611541271,-0.11401766538619995,0.2127409279346466,0.3771003484725952,-1.1807456016540527,0.24186162650585175,-0.6704240441322327,-0.5482076406478882,0.5321872234344482,-1.1244322061538696,0.020364999771118164
0.05818037499999998,0.0034223749999999996,17.0,1.9275211975077557,-1.1920908489701219,0.09869732715387937,-0.004518408107684058,-0.00014486500801127723,-0.0020184199990395204,0.06860170071040216,0.02537660300731659,0.015236451290547848,-0.11249148845672607,0.20722684264183044,0.37159985303878784,-1.184438943862915,0.23195748031139374,-0.6623976826667786,-0.5497395992279053,0.5424602031707764,-1.1261159181594849,0.017501235008239746
0.05818037499999998,0.0034223749999999996,17.0,1.917205949120708,-1.1817528305145386,0.09871910771901453,-0.00438472999820309,-0.0001411551726310895,-0.00195884900707179,0.06860170754322835,0.024831250309944153,0.015249914489686489,-0.1105649471282959,0.20141556859016418,0.36511969566345215,-1.1891725063323975,0.22119639813899994,-0.6538130640983582,-0.550563395023346,0.5537741184234619,-1.128391981124878,0.014401495456695557
0.05818037499999998,0.0034223749999999996,17.0,1.9060285384293345,-1.1705756247496875,0.0987356522830456,-0.004251768743243391,-0.00013654042375792723,-0.0019001570809552843,0.06860171327654821,0.024320363998413086,0.015274475328624249,-0.10845577716827393,0.19403667747974396,0.35474488139152527,-1.1921782493591309,0.2085266262292862,-0.6427314877510071,-0.5521101355552673,0.5674893856048584,-1.1272120475769043,0.010469377040863037
0.05818037499999998,0.0034223749999999996,17.0,1.8939945267469098,-1.1586011308556132,0.09893647234518374,-0.004125709239936566,-0.00013233896529184295,-0.0018466942342003556,0.06859855149181611,0.02388109266757965,0.01502139214426279,-0.10665035247802734,0.18974876403808594,0.34808364510536194,-1.1975114345550537,0.20489996671676636,-0.639158308506012,-0.5509108304977417,0.573845624923706,-1.1238458156585693,0.010348856449127197
0.05818037499999998,0.0034223749999999996,17.0,1.881234869178186,-1.1457413993216603,0.09875403265009743,-0.004004570652456242,-0.00012984813714956295,-0.00178922689760709,0.06860200829705354,0.023663893342018127,0.015018592588603497,-0.1058802604675293,0.1853935271501541,0.3462103307247162,-1.1967172622680664,0.20573095977306366,-0.6372445225715637,-0.5537415742874146,0.5764155387878418,-1.1230995655059814,0.011804819107055664
0.05818037499999998,0.0034223749999999996,17.0,1.86762084246694,-1.1320843818402135,0.09875654059834327,-0.003909734961198986,-0.00012851126897091202,-0.0017458630967737735,0.0686025150918122,0.023525267839431763,0.015178862027823925,-0.10597649216651917,0.18472132086753845,0.35005509853363037,-1.2000722885131836,0.21134130656719208,-0.6415628790855408,-0.5534552931785583,0.571037769317627,-1.1219806671142578,0.015329718589782715
0.05818037499999998,0.0034223749999999996,17.0,1.8531169060419417,-1.1176089588026228,0.09890644887251325,-0.0037733668026299254,-0.00012440990393025597,-0.001686662218928538,0.06860070107697569,0.02351607382297516,0.015065810643136501,-0.10547953844070435,0.18126897513866425,0.3447387218475342,-1.2014920711517334,0.2164677381515503,-0.6444000601768494,-0.5509350895881653,0.5679411888122559,-1.110187292098999,0.01975274085998535
0.05818037499999998,0.0034223749999999996,17.0,1.8377809583296902,-1.1022719918339954,0.09890361209328022,-0.0036110648367247795,-0.00011877962577630974,-0.001614018796144217,0.06860107973924025,0.023078233003616333,0.015202364884316921,-0.10478389263153076,0.1798401027917862,0.3478323817253113,-1.2061729431152344,0.21319860219955444,-0.6461964249610901,-0.5531608462333679,0.5676782131195068,-1.110539436340332,0.02180004119873047
0.05818037499999998,0.0034223749999999996,17.0,1.8215955519598617,-1.0860914134967372,0.09885520305182705,-0.00344224991214668,-0.00011268069380332768,-0.0015390900677194708,0.06860245727802844,0.022732555866241455,0.015523997135460377,-0.10437652468681335,0.1776132434606552,0.34926125407218933,-1.2089121341705322,0.20971128344535828,-0.6474294066429138,-0.5551398992538452,0.5671947002410889,-1.10843026638031,0.024001359939575195
0.05818037499999998,0.0034223749999999996,17.0,1.8045644304957769,-1.0690927728394841,0.09886674977243237,-0.003279522235919679,-0.00010664391351369008,-0.0014669707149622452,0.0686033657303452,0.022227242588996887,0.015283296816051006,-0.10279041528701782,0.17516589164733887,0.34555602073669434,-1.2154710292816162,0.20616698265075684,-0.6494264006614685,-0.5542417764663696,0.5688040256500244,-1.100759506225586,0.026978611946105957
0.05818037499999998,0.0034223749999999996,17.0,1.7867140788561786,-1.0512642147048052,0.0988659844040304,-0.0030848135278463127,-0.0001001316965256823,-0.0013803241343350494,0.06860495220856293,0.02190670371055603,0.01503035333007574,-0.10204681754112244,0.17512428760528564,0.3408731520175934,-1.2235362529754639,0.21046745777130127,-0.6586064696311951,-0.5493758916854858,0.5633533000946045,-1.0814721584320068,0.03381216526031494
0.05818037499999998,0.0034223749999999996,17.0,1.768304131340325,-1.0336671540822175,0.10120817847553562,-0.002935955664663929,-7.453346377741502e-5,-0.0013426269775060754,0.06856923382174877,0.02116350829601288,0.0157521590590477,-0.10077366232872009,0.17347240447998047,0.33971282839775085,-1.2340819835662842,0.20347309112548828,-0.6545259356498718,-0.5430392622947693,0.5637743473052979,-1.0826424360275269,0.030736327171325684
0.05818037499999998,0.0034223749999999996,17.0,1.74879591266075,-1.0141760146325742,0.10123801539985758,-0.0027814410689781205,-7.030961213155396e-5,-0.001272217694287333,0.0685708839375813,0.020439162850379944,0.015861593186855316,-0.09885242581367493,0.17002305388450623,0.3351846933364868,-1.2413506507873535,0.19461439549922943,-0.6538448929786682,-0.542384147644043,0.5661606788635254,-1.0749528408050537,0.032077252864837646
0.05818037499999998,0.0034223749999999996,17.0,1.7282051423971674,-0.9927794535450319,0.09886836159504125,-0.0025711268622574854,-8.28490403390512e-5,-0.0011509572078426977,0.06861040973868951,0.019704625010490417,0.015241493470966816,-0.09779196977615356,0.1710139811038971,0.35024237632751465,-1.2473866939544678,0.2011248618364334,-0.6734119057655334,-0.5493549108505249,0.5530774593353271,-1.067525863647461,0.04686945676803589
0.05818037499999998,0.0034223749999999996,17.0,1.7070641392199153,-0.9716244157281422,0.09890285366051936,-0.00235692438707032,-7.6013570717473e-5,-0.0010552234541851575,0.06861231197869036,0.019036680459976196,0.01588289812207222,-0.09453284740447998,0.15681177377700806,0.3311091959476471,-1.2409768104553223,0.17843745648860931,-0.6574382185935974,-0.5526059865951538,0.5654833316802979,-1.0574758052825928,0.044000983238220215
0.05818037499999998,0.0034223749999999996,17.0,1.6850866276550769,-0.949635795165005,0.0989418516488738,-0.0021581603612223304,-6.98609103979422e-5,-0.0009667305461651305,0.06861669378445363,0.018026769161224365,0.015665799379348755,-0.09080532193183899,0.1500551849603653,0.32701200246810913,-1.2467842102050781,0.1743420958518982,-0.6626543402671814,-0.5487674474716187,0.5583651065826416,-1.043904423713684,0.052422285079956055
0.05818037499999998,0.0034223749999999996,17.0,1.6623451391590789,-0.9268187791741647,0.09901265781356314,-0.0019622781858049296,-6.42185792942012e-5,-0.000878537464800343,0.06862199954918051,0.01944446563720703,0.015760179609060287,-0.08659917116165161,0.12842419743537903,0.3194316029548645,-1.2393865585327148,0.16606426239013672,-0.649992048740387,-0.5512219667434692,0.5389342308044434,-1.0248342752456665,0.05366671085357666
0.05818037499999998,0.0034223749999999996,17.0,1.638833184521657,-0.9031660234176125,0.0991033113354064,-0.0018293046633287631,-6.1027264937273275e-5,-0.0008177092935342467,0.0686291134893274,0.021848425269126892,0.016357626765966415,-0.08164137601852417,0.0984276533126831,0.31023380160331726,-1.2239878177642822,0.15250343084335327,-0.6268549561500549,-0.5512595772743225,0.5122573375701904,-1.0038961172103882,0.05109125375747681
0.05818037499999998,0.0034223749999999996,17.0,1.6142698452867346,-0.8786746071640994,0.09914260429249996,-0.0016126770100273265,-5.0411139841520676e-5,-0.000717090082542062,0.06864913375095277,0.026102110743522644,0.017194468528032303,-0.07595247030258179,0.05529509484767914,0.2885738015174866,-1.1912639141082764,0.14162330329418182,-0.591885507106781,-0.5351142883300781,0.46804380416870117,-0.9553079009056091,0.04642224311828613
0.05818037499999998,0.0034223749999999996,17.0,1.5889219279714994,-0.8534157303751587,0.09924149174634286,-0.0014247578497696449,-4.093449691290819e-5,-0.0006300866034007206,0.068672799069713,0.02889922261238098,0.018730446696281433,-0.06931200623512268,0.015860825777053833,0.25204116106033325,-1.153475284576416,0.1109180897474289,-0.5462638735771179,-0.5124718546867371,0.44576287269592285,-0.9127318859100342,0.03350627422332764
0.05818037499999998,0.0034223749999999996,17.0,1.5627232756877207,-0.8272733246655288,0.09940144517480502,-0.001237662068752251,-3.465456450848186e-5,-0.0005465453781659258,0.06868358809727747,0.03397385776042938,0.021190699189901352,-0.06342220306396484,-0.03295445442199707,0.21440710127353668,-1.0921525955200195,0.07683539390563965,-0.47435104846954346,-0.47420063614845276,0.40796399116516113,-0.849687397480011,0.004145205020904541
0.05818037499999998,0.0034223749999999996,17.0,1.5356938746583677,-0.8002371833882096,0.09957940832149532,-0.0010930065910925992,-3.1362372396575323e-5,-0.0004820245903109293,0.06868562677601965,0.029722630977630615,0.007951281033456326,-0.05226874351501465,-0.2405834197998047,-0.07168038934469223,-0.7886357307434082,-0.27069291472435,-0.15026575326919556,-0.5277022123336792,0.2968745231628418,-0.5807232856750488,-0.09303468465805054
0.05818037499999998,0.0034223749999999996,17.0,1.5078236799841356,-0.7723592175543477,0.09976327145493696,-0.0009593289997100711,-2.8334023739077026e-5,-0.0004218604865886888,0.06868650147292696,0.025418609380722046,0.011880259960889816,-0.04463070631027222,-0.2684284448623657,-0.07175950706005096,-0.6757535934448242,-0.28405073285102844,-0.08354413509368896,-0.474853515625,0.28367018699645996,-0.5141823291778564,-0.12817883491516113
0.05818037499999998,0.0034223749999999996,17.0,1.479122343680656,-0.7436494544309102,0.09985281660012449,-0.0007886075682933028,-2.3414122215410918e-5,-0.00034648008855628717,0.06868284657418135,0.022416263818740845,0.01676001399755478,-0.036789536476135254,-0.2940930128097534,-0.07086747139692307,-0.5311558246612549,-0.3076573610305786,0.0020113587379455566,-0.4342785179615021,0.27998900413513184,-0.46154308319091797,-0.18134570121765137
0.05818037499999998,0.0034223749999999996,17.0,1.4495779251747005,-0.7141311635179372,0.09986554227773396,-0.000694172952815064,-2.0277826392616206e-5,-0.00030555175601405007,0.06867772352300627,0.019800499081611633,0.021290723234415054,-0.02959883213043213,-0.30859464406967163,-0.06582558155059814,-0.38596391677856445,-0.3199992775917053,0.08807757496833801,-0.3967988193035126,0.2792179584503174,-0.4017195999622345,-0.24369508028030396
0.05818037499999998,0.0034223749999999996,17.0,1.4191913986688665,-0.684748948910847,0.10261352786273428,-0.0005253837139497637,-1.072939415039015e-5,-0.00023468665074763436,0.06865701406442842,0.0164317786693573,0.02565838024020195,-0.02468639612197876,-0.3115009069442749,-0.05956581234931946,-0.27982187271118164,-0.33195731043815613,0.16095373034477234,-0.34436899423599243,0.2882351875305176,-0.36049121618270874,-0.302558958530426
0.05818037499999998,0.0034223749999999996,17.0,1.3879369307867002,-0.6535986178704354,0.10255813524259176,-0.00032843221852613846,-6.504608840341762e-6,-0.0001472960375459603,0.06865359985347279,0.013974666595458984,0.02948460355401039,-0.028249412775039673,-0.3064991235733032,-0.05350680276751518,-0.266629695892334,-0.3258220851421356,0.19520112872123718,-0.3318714201450348,0.30626559257507324,-0.3407226502895355,-0.3370867967605591
0.05818037499999998,0.0034223749999999996,17.0,1.3558546576756705,-0.6216394619776693,0.10252063882055051,-0.00015588859324609555,-2.9828631956885195e-6,-7.022597542361804e-5,0.06864923212943555,0.011389821767807007,0.03172188252210617,-0.028539806604385376,-0.3018343448638916,-0.05097052827477455,-0.2534465789794922,-0.3218037486076355,0.20977911353111267,-0.31359681487083435,0.31645941734313965,-0.32536816596984863,-0.35371705889701843
0.05818037499999998,0.0034223749999999996,17.0,1.32304767636683,-0.588845007635218,0.10256370354250366,2.8827801017613557e-5,5.505199760780613e-7,1.298681562270197e-5,0.06864716914373487,0.01006472110748291,0.03379633650183678,-0.026808321475982666,-0.297845721244812,-0.060802750289440155,-0.22715234756469727,-0.34537220001220703,0.2122824490070343,-0.3050623834133148,0.3323509693145752,-0.3400875926017761,-0.35753917694091797
0.05818037499999998,0.0034223749999999996,17.0,1.289404266889251,-0.5552243425729083,0.10259093909141344,0.00014363013634867996,2.7310186246107726e-6,6.472903976914224e-5,0.06864577537524547,0.009371548891067505,0.034704022109508514,-0.025129377841949463,-0.29723113775253296,-0.05727492645382881,-0.22109389305114746,-0.34700530767440796,0.2164103388786316,-0.2914520502090454,0.3338179588317871,-0.3473983108997345,-0.3618789315223694
0.05818037499999998,0.0034223749999999996,17.0,1.2549563060617197,-0.5207701547890418,0.10260480894582638,0.00027461668451607803,5.3373465143845145e-6,0.00012365939012193284,0.06864936687822372,0.009347259998321533,0.0350881889462471,-0.0244845449924469,-0.30060213804244995,-0.04255995899438858,-0.23430514335632324,-0.3276536166667938,0.22524785995483398,-0.2768082618713379,0.3209049701690674,-0.3479202687740326,-0.36936819553375244
0.05818037499999998,0.0034223749999999996,17.0,1.2196678124408136,-0.4854914593549552,0.10265286824737409,0.00039175854071775873,7.70347015259142e-6,0.00017633583230745008,0.06865017455908984,0.009021878242492676,0.03545883297920227,-0.022215932607650757,-0.3010619878768921,-0.035563793033361435,-0.23443078994750977,-0.3225157856941223,0.22634369134902954,-0.2633700966835022,0.31529736518859863,-0.35433340072631836,-0.37080445885658264
0.05818037499999998,0.0034223749999999996,17.0,1.1835376202268475,-0.44938146505400617,0.10268190543107236,0.0005458747921379816,1.0903511540389927e-5,0.00024563593365595194,0.06865186458350922,0.008152544498443604,0.035835523158311844,-0.020382165908813477,-0.30075186491012573,-0.02564985305070877,-0.2376716136932373,-0.30760619044303894,0.22814688086509705,-0.24423444271087646,0.3059515953063965,-0.34856000542640686,-0.3740939795970917
0.05818037499999998,0.0034223749999999996,17.0,1.146573648494111,-0.41243843491606075,0.10271514816318744,0.0007259180092690835,1.4601501222031706e-5,0.00032670681521941835,0.06865131374612835,0.007683068513870239,0.036315351724624634,-0.01824304461479187,-0.2980138659477234,-0.02033517137169838,-0.23793792724609375,-0.2994099259376526,0.22644901275634766,-0.22513309121131897,0.29923272132873535,-0.3503667414188385,-0.3756973445415497
0.05818037499999998,0.0034223749999999996,17.0,1.1087801992780288,-0.3746645949249529,0.10275503401560629,0.0009674069738484384,1.9500998131848366e-5,0.0004355846884604833,0.068649615222069,0.0074402689933776855,0.03679203614592552,-0.015550047159194946,-0.29277604818344116,-0.01814533770084381,-0.23552823066711426,-0.2978450059890747,0.22140797972679138,-0.2043450027704239,0.2957003116607666,-0.3601645529270172,-0.3756566643714905
0.05818037499999998,0.0034223749999999996,17.0,1.0701790805803166,-0.3360574790267688,0.10280678960591848,0.0011371101371637458,2.2722603302881868e-5,0.0005122901866510865,0.0686465338958824,0.008222997188568115,0.03737085685133934,-0.01193949580192566,-0.28567081689834595,-0.02296144887804985,-0.2253742218017578,-0.31349262595176697,0.21114987134933472,-0.1909814178943634,0.29844236373901367,-0.39091575145721436,-0.37124311923980713
0.05818037499999998,0.0034223749999999996,17.0,1.0307551961620112,-0.29661612755315975,0.10285143330817963,0.001307001938209221,2.6364304844444518e-5,0.0005886758034533369,0.0686456595647099,0.008793264627456665,0.03818343207240105,-0.009092926979064941,-0.2809089422225952,-0.02635582908987999,-0.21771931648254395,-0.31901606917381287,0.2020702064037323,-0.18098081648349762,0.29827117919921875,-0.4102199673652649,-0.36713916063308716
0.05818037499999998,0.0034223749999999996,17.0,0.9904883023654626,-0.25634495781908595,0.1028873560536384,0.0015860507000455392,3.22767934200001e-5,0.0007144582783179236,0.06864484888332316,0.008867889642715454,0.03848886862397194,-0.006819605827331543,-0.27528858184814453,-0.020041443407535553,-0.22502851486206055,-0.30372267961502075,0.1965441107749939,-0.15970124304294586,0.2884340286254883,-0.4153306782245636,-0.36782780289649963
0.05818037499999998,0.0034223749999999996,17.0,0.9494043695970351,-0.2152508286891892,0.10293246118002675,0.0018157034097373151,3.858400676232906e-5,0.0008160718300240083,0.06865065452571446,0.009599864482879639,0.038399502635002136,-0.005318164825439453,-0.2773977518081665,-0.0019536027684807777,-0.24669361114501953,-0.26676085591316223,0.20036163926124573,-0.1483076959848404,0.26569581031799316,-0.410989910364151,-0.37224140763282776
0.05818037499999998,0.0034223749999999996,17.0,0.9074698814217743,-0.17332517451913199,0.10301211079718094,0.0020053081538883334,4.3583748890025215e-5,0.000900228686305949,0.0686540246954757,0.010194152593612671,0.03847280889749527,-0.0025958120822906494,-0.28061383962631226,0.012499202974140644,-0.2592597007751465,-0.23804470896720886,0.20676806569099426,-0.14805857837200165,0.24903059005737305,-0.407179594039917,-0.3773793578147888
0.05818037499999998,0.0034223749999999996,17.0,0.8647085000544636,-0.1305535243613497,0.10310265232881824,0.0020132607007124605,4.4386524263176015e-5,0.0009011829482676645,0.06865931472831796,0.01010221242904663,0.03874212130904198,0.0017311573028564453,-0.29357439279556274,0.03282420337200165,-0.2676103115081787,-0.20179249346256256,0.23979130387306213,-0.17763163149356842,0.23255610466003418,-0.3760465681552887,-0.39932024478912354
0.05818037499999998,0.0034223749999999996,17.0,0.8210410343952277,-0.08698098719253176,0.10321322980585242,0.0019943142566842434,4.25276035705253e-5,0.0008869805429422647,0.06865897718013361,0.006668061017990112,0.03770964592695236,0.008911460638046265,-0.26091283559799194,-0.05769617110490799,-0.2830204963684082,-0.20634755492210388,0.25354626774787903,-0.2978280484676361,0.26036858558654785,-0.1781550943851471,-0.43357911705970764
0.05818037499999998,0.0034223749999999996,17.0,0.7762887798467354,-0.04264395419440143,0.103444795259311,0.0018272345152903387,3.717750447672854e-5,0.0008036882639822516,0.06865891383899088,-0.008497387170791626,0.03256378695368767,0.01842227578163147,-0.1904686987400055,-0.2628404498100281,-0.3252410888671875,-0.15414822101593018,0.28904086351394653,-0.5195739269256592,0.27422404289245605,0.36645427346229553,-0.5080206394195557
0.05818037499999998,0.0034223749999999996,17.0,0.7310248837709644,0.0022346595942848353,0.10346764493313357,3.471048890415841e-5,7.561132912035732e-7,1.5574687590750728e-5,0.06854147858714205,-0.029719680547714233,0.03201446682214737,0.0625590980052948,0.2619044780731201,-0.23916660249233246,-1.0838932991027832,-0.4854643940925598,-0.9888176321983337,-0.44917458295822144,0.19606304168701172,0.33812227845191956,0.2585151791572571
0.05818037499999998,0.0034223749999999996,17.0,0.775651129389966,0.04738195197943346,0.10380289587619822,-0.0017526434940252137,-2.792367782262888e-5,-0.0007850804427617685,0.06853470883428092,-0.06749793887138367,0.0234474316239357,0.08034208416938782,0.409827321767807,-0.18137459456920624,-1.2410471439361572,-0.5697035789489746,-1.1409399509429932,-0.6523658633232117,0.13901090621948242,0.5157957673072815,0.26658886671066284
0.05818037499999998,0.0034223749999999996,17.0,0.8196765042141585,0.09150680489894987,0.10398664661145503,-0.0019137509505019379,-2.3638220134726846e-5,-0.0008530795677021343,0.06852398721356547,-0.09197568893432617,0.0107797272503376,0.08952370285987854,0.4940166473388672,-0.12431889772415161,-1.272881269454956,-0.6797860860824585,-1.2357430458068848,-0.7544988393783569,0.07542061805725098,0.5795484781265259,0.2910981774330139
0.05818037499999998,0.0034223749999999996,17.0,0.8632266417226219,0.13508951984308912,0.10402348016979093,-0.001912194200588728,-2.207396994052736e-5,-0.0008530474668051772,0.06852532831704224,-0.09344291687011719,0.006812134757637978,0.08891895413398743,0.4912978410720825,-0.12175746262073517,-1.2356956005096436,-0.690799355506897,-1.2175986766815186,-0.7777906656265259,0.07472729682922363,0.6297177076339722,0.2850150465965271
0.05818037499999998,0.0034223749999999996,17.0,0.9059772776398713,0.17781743343967735,0.10405094877664293,-0.0018252037354863336,-2.105478281220291e-5,-0.0008132960174091942,0.0685249536560617,-0.0969267189502716,0.00330318883061409,0.09170344471931458,0.49966543912887573,-0.08863461762666702,-1.2316782474517822,-0.6792245507240295,-1.2190072536468506,-0.8173515200614929,0.06113314628601074,0.6116526126861572,0.27922338247299194
0.05818037499999998,0.0034223749999999996,17.0,0.947993555434569,0.2196705517006,0.10406018327687601,-0.0017110329568010441,-2.1862084527035994e-5,-0.0007606304473461872,0.0685230649311971,-0.09642067551612854,0.0013577104546129704,0.09343782067298889,0.501441240310669,-0.08056680858135223,-1.2241978645324707,-0.6583200693130493,-1.215573787689209,-0.8275839686393738,0.04662299156188965,0.6202911734580994,0.2748088240623474
0.05818037499999998,0.0034223749999999996,17.0,0.9891749749123098,0.2606964838788765,0.10408874883697476,-0.0016301195374835002,-2.3212520308532046e-5,-0.0007235564770283661,0.06852214991253743,-0.09197545051574707,0.0015639923512935638,0.09400823712348938,0.4913318157196045,-0.11452151089906693,-1.1922194957733154,-0.637127161026001,-1.1993043422698975,-0.8068698048591614,0.042791128158569336,0.6766811609268188,0.2701074481010437
0.05818037499999998,0.0034223749999999996,17.0,1.0298050833921584,0.3020178056152441,0.10115586691198791,-0.0013183557485355994,-3.2331067272157936e-5,-0.0005728427147140637,0.06856798267610006,-0.09620660543441772,-0.00592542951926589,0.09852561354637146,0.5130342841148376,-0.08518564701080322,-1.1995129585266113,-0.5788940191268921,-1.220716953277588,-0.8321641683578491,-0.008320331573486328,0.6731246709823608,0.270934522151947
0.05818037499999998,0.0034223749999999996,17.0,1.0692800656878039,0.3414405589790043,0.10116493067305456,-0.0012591671370847236,-3.140972545319174e-5,-0.0005463606031280409,0.06856589188879032,-0.09497737884521484,-0.005747332237660885,0.09997114539146423,0.5165179371833801,-0.0553990975022316,-1.1973140239715576,-0.5689859986305237,-1.2170047760009766,-0.8549827933311462,-0.015152692794799805,0.6475252509117126,0.2626621127128601
0.05818037499999998,0.0034223749999999996,17.0,1.107918533017203,0.38004947343301093,0.10117871128208483,-0.0010810471268770476,-2.7162694501540263e-5,-0.0004686176520679555,0.0685651781606472,-0.093176931142807,-0.006171679589897394,0.1010652482509613,0.5198452472686768,-0.0321928970515728,-1.1947834491729736,-0.5560914874076843,-1.2148280143737793,-0.8689894080162048,-0.025854110717773438,0.6374154686927795,0.2570440173149109
0.05818037499999998,0.0034223749999999996,17.0,1.1457105109594048,0.4178141000750414,0.1012009417459435,-0.0008753510881209541,-2.220397928566455e-5,-0.0003791330241703575,0.06856540061043438,-0.09210154414176941,-0.007683846168220043,0.10274234414100647,0.5245820879936218,-0.017376422882080078,-1.1992504596710205,-0.5383003354072571,-1.2145202159881592,-0.8732436895370483,-0.03604626655578613,0.639149010181427,0.25325196981430054
0.05818037499999998,0.0034223749999999996,17.0,1.1826663421873076,0.45474489415785835,0.10122436136627862,-0.0006990409306141257,-1.786480039297559e-5,-0.0003025408764791196,0.0685656523630501,-0.09134849905967712,-0.009242469444870949,0.10443273186683655,0.529938817024231,-0.0031669745221734047,-1.2011170387268066,-0.5219883918762207,-1.2145562171936035,-0.8783077001571655,-0.047358036041259766,0.6409642696380615,0.24935120344161987
0.05818037499999998,0.0034223749999999996,17.0,1.2187892276013073,0.49082513462193683,0.10124312982325177,-0.0005328084909774591,-1.3778401499278827e-5,-0.00023029132159828732,0.06856517739724396,-0.09089380502700806,-0.010888361372053623,0.10619351267814636,0.5363242626190186,0.011702128686010838,-1.2017183303833008,-0.5073280930519104,-1.2152683734893799,-0.8838793039321899,-0.059808969497680664,0.6416966319084167,0.24530261754989624
0.05818037499999998,0.0034223749999999996,17.0,1.2540754993181693,0.5260915311243355,0.10126771932306063,-0.000374902589537453,-9.741507210907786e-6,-0.00016191821805685555,0.06856527634277321,-0.09048384428024292,-0.012389885261654854,0.10782203078269958,0.5425138473510742,0.025922980159521103,-1.2025470733642578,-0.49529317021369934,-1.2154991626739502,-0.8880184888839722,-0.07093620300292969,0.6422863602638245,0.24118870496749878
0.05818037499999998,0.0034223749999999996,17.0,1.2885229115160846,0.5605343586339503,0.10130140328434775,-0.00023811123977475197,-6.203463261217168e-6,-0.00010280065328612881,0.06856597919708206,-0.0901704728603363,-0.013862884603440762,0.10931208729743958,0.5493667721748352,0.04033513367176056,-1.2006194591522217,-0.4834609925746918,-1.2156386375427246,-0.8930236101150513,-0.08346700668334961,0.6413295269012451,0.23639720678329468
0.05818037499999998,0.0034223749999999996,17.0,1.3221381899310845,0.5941448137567433,0.10133478982902237,-4.3116819324562926e-5,-1.1254852766165597e-6,-1.8609344959017047e-5,0.0685665452965662,-0.0897093415260315,-0.015935000032186508,0.11123284697532654,0.5522372722625732,0.03023865818977356,-1.1878843307495117,-0.4647659361362457,-1.214271068572998,-0.8849046230316162,-0.096221923828125,0.6757852435112,0.23510247468948364
0.05818037499999998,0.0034223749999999996,17.0,1.3549167908512472,0.6268520826019257,0.10138979578716971,0.0001357349747488343,3.589045380429593e-6,5.839337914273387e-5,0.06856164026521687,-0.09032970666885376,-0.018556520342826843,0.11310675740242004,0.5617673993110657,0.04622514173388481,-1.1809918880462646,-0.45021337270736694,-1.214756965637207,-0.8931733965873718,-0.11810183525085449,0.6768171191215515,0.22954338788986206
0.05818037499999998,0.0034223749999999996,17.0,1.3868511315808791,0.6587512575016885,0.10143842523921948,0.0003188148293672288,8.525518620638641e-6,0.00013686145354093048,0.06856010555262303,-0.09347909688949585,-0.023239057511091232,0.11689791083335876,0.5807000398635864,0.07109331339597702,-1.1835861206054688,-0.4294653534889221,-1.2183995246887207,-0.9048295021057129,-0.14877700805664062,0.6647311449050903,0.21989262104034424
0.05818037499999998,0.0034223749999999996,17.0,1.417935744845843,0.6898308946608518,0.10151112197809585,0.0005281901854185319,1.4135081861992478e-5,0.0002264226363440375,0.06855950397674326,-0.09559100866317749,-0.029212292283773422,0.1199442446231842,0.5958988666534424,0.05624854192137718,-1.1777231693267822,-0.39237266778945923,-1.2163634300231934,-0.8980468511581421,-0.17862701416015625,0.7117085456848145,0.21162664890289307
0.05818037499999998,0.0034223749999999996,17.0,1.4482160066705103,0.7200677132101517,0.10155750856618503,0.0007107003542058412,1.9125164572019133e-5,0.0003039829201563513,0.06855787381320524,-0.09769275784492493,-0.03611331805586815,0.11856284737586975,0.6154652833938599,0.08559846878051758,-1.1436538696289062,-0.35144129395484924,-1.2245054244995117,-0.9178857207298279,-0.25890064239501953,0.7008287906646729,0.21466559171676636
0.05818037499999998,0.0034223749999999996,17.0,1.477655617744906,0.7494927404798221,0.10157463878391604,0.0008426776533449949,2.257006305892836e-5,0.00035966566619244095,0.06855842860434083,-0.10053789615631104,-0.04464171454310417,0.11294862627983093,0.6515541076660156,0.1522074192762375,-1.05991792678833,-0.30501869320869446,-1.2492475509643555,-0.9566464424133301,-0.42857468128204346,0.6328293681144714,0.2279563546180725
0.05818037499999998,0.0034223749999999996,17.0,1.506247539872166,0.7780498728827534,0.10157765497186698,0.0009847130229251916,2.596201808020082e-5,0.00041844974286574797,0.0685602319882457,-0.10288169980049133,-0.051176831126213074,0.1073475182056427,0.7059801816940308,0.1990916132926941,-0.9152638912200928,-0.27956169843673706,-1.275205373764038,-1.0002102851867676,-0.6503161191940308,0.5703909397125244,0.22667992115020752
0.05818037499999998,0.0034223749999999996,17.0,1.5340328087422186,0.8057540010875448,0.1015728630557872,0.0011136386919963093,2.8613371886162058e-5,0.0004690051307897089,0.06855732648822906,-0.10645860433578491,-0.056390296667814255,0.10558286309242249,0.7894356846809387,0.22932760417461395,-0.7511270046234131,-0.27145451307296753,-1.2977924346923828,-1.055418610572815,-0.9237533807754517,0.4924044907093048,0.191750168800354
0.05818037499999998,0.0034223749999999996,17.0,1.5609925167772896,0.8326317482795382,0.10159045979738156,0.0012566022865068496,3.1060249452016454e-5,0.0005228166771563912,0.06855298947661566,-0.1355547308921814,-0.08647515624761581,0.20250937342643738,1.4168659448623657,-0.13770493865013123,-1.3443021774291992,-0.5977134108543396,-1.9242620468139648,-1.0172772407531738,-2.1698544025421143,-0.3957706689834595,0.3387748599052429
0.05818037499999998,0.0034223749999999996,17.0,1.5870136776399733,0.8586540657113835,0.10203744963139216,0.0014444955826251721,3.158112181389084e-5,0.0005894339760916797,0.06855865092870345,-0.13780194520950317,-0.08951222896575928,0.222344309091568,1.5210896730422974,-0.2080942839384079,-1.4089112281799316,-0.699630618095398,-1.9585001468658447,-1.061750888824463,-2.4030609130859375,-0.41804927587509155,0.2788018584251404
0.05818037499999998,0.0034223749999999996,17.0,1.612062876737044,0.8839518406358444,0.10311108770039597,0.0016323292015470317,2.6714875873837748e-5,0.0006535856108933431,0.06859113004925696,-0.1368984580039978,-0.09393051266670227,0.23951920866966248,1.6008219718933105,-0.2948390245437622,-1.4703874588012695,-0.7870517373085022,-1.9775621891021729,-1.1193455457687378,-2.610053539276123,-0.3522147834300995,0.22795575857162476
0.05818037499999998,0.0034223749999999996,17.0,1.636377118900543,0.9086332048877358,0.10378907110345284,0.0018388776148266393,2.2226047841307268e-5,0.00072982425606803,0.06863001087793325,-0.13500171899795532,-0.09859396517276764,0.2569882571697235,1.6590471267700195,-0.3778552711009979,-1.5197350978851318,-0.8576144576072693,-1.990422248840332,-1.1799155473709106,-2.8076729774475098,-0.2621154189109802,0.18880999088287354
0.05818037499999998,0.0034223749999999996,17.0,1.6600620830049455,0.9322570729673236,0.10399175297726612,0.0019983139748618968,2.2933386106410792e-5,0.0007903878728086797,0.06863922016169752,-0.1314675509929657,-0.10424498468637466,0.271575003862381,1.6946942806243896,-0.45084652304649353,-1.5552496910095215,-0.9041590690612793,-1.9895522594451904,-1.19693124294281,-2.9683704376220703,-0.15179015696048737,0.15767598152160645
0.05818037499999998,0.0034223749999999996,17.0,1.6829209456003391,0.955056861302802,0.10416566091576138,0.0021705396592840683,2.424868346038345e-5,0.0008571400409814553,0.0686467132528926,-0.12735828757286072,-0.10745462030172348,0.28176358342170715,1.7074894905090332,-0.490383505821228,-1.5750408172607422,-0.9324309825897217,-1.9925899505615234,-1.2260428667068481,-3.0782155990600586,-0.09008459001779556,0.1503206491470337
0.05818037499999998,0.0034223749999999996,17.0,1.7049458903721175,0.9770188747694685,0.10429053264725126,0.002387264948383249,2.6466685846162547e-5,0.0009419444021249899,0.06865152277645395,-0.12442785501480103,-0.10842408984899521,0.2848568856716156,1.70601487159729,-0.5018372535705566,-1.5406947135925293,-0.945556104183197,-1.9911515712738037,-1.2392139434814453,-3.1379199028015137,-0.05445367097854614,0.15248894691467285
0.05818037499999998,0.0034223749999999996,17.0,1.7261041196931377,0.998189756905618,0.10438106214351128,0.0026094996701512695,2.888220309822007e-5,0.0010303443911439491,0.06865291830833782,-0.12291666865348816,-0.10813059657812119,0.28766170144081116,1.7059868574142456,-0.49948516488075256,-1.5253639221191406,-0.9568185210227966,-2.000859498977661,-1.2678948640823364,-3.173215389251709,-0.05764172226190567,0.16202783584594727
0.05818037499999998,0.0034223749999999996,17.0,1.7464111379852445,1.018486221382999,0.10447527997294734,0.0028337057102126666,3.056260442423551e-5,0.0011178695931750614,0.06865555893091624,-0.12487414479255676,-0.10946375876665115,0.29681840538978577,1.7360341548919678,-0.5154839158058167,-1.6218805313110352,-0.9587458968162537,-2.0102405548095703,-1.2681952714920044,-3.1674225330352783,-0.07513070106506348,0.1382133960723877
0.05818037499999998,0.0034223749999999996,17.0,1.765907868285196,1.0379790284941752,0.10453010846027654,0.0029787508803680017,3.191255389651857e-5,0.0011745111927306165,0.06865714847577703,-0.1256210207939148,-0.11053161323070526,0.30384746193885803,1.7558255195617676,-0.5243057608604431,-1.6787652969360352,-0.9633338451385498,-2.014957904815674,-1.2630728483200073,-3.1803412437438965,-0.08689122647047043,0.12114471197128296
0.05818037499999998,0.0034223749999999996,17.0,1.784565809901536,1.0566596886701218,0.10455230169606129,0.0031457740535108083,3.353964235057248e-5,0.0012399163795298038,0.06865877598400515,-0.12560901045799255,-0.11073169112205505,0.3070571720600128,1.7643647193908691,-0.5238074064254761,-1.7045373916625977,-0.9658942818641663,-2.0212035179138184,-1.267223596572876,-3.1832597255706787,-0.1041276678442955,0.11775845289230347
0.05818037499999998,0.0034223749999999996,17.0,1.8024335231848925,1.074458485891249,0.1045334542951725,0.003353356965398827,3.5994988032726816e-5,0.001320581527039386,0.0686598458280044,-0.1223868727684021,-0.11163155734539032,0.3051110804080963,1.7488099336624146,-0.5241178870201111,-1.6489229202270508,-0.9677877426147461,-2.016977310180664,-1.2460405826568604,-3.220118522644043,-0.08043818920850754,0.13225460052490234
0.05818037499999998,0.0034223749999999996,17.0,1.8194307789840911,1.0914554094936348,0.10455164750190744,0.003531351414117751,3.745304878101542e-5,0.0013903983789370575,0.06865998325310832,-0.12166965007781982,-0.11198054999113083,0.3077937066555023,1.7522004842758179,-0.5222258567810059,-1.6566424369812012,-0.9711950421333313,-2.020456314086914,-1.2401494979858398,-3.2378575801849365,-0.0921083316206932,0.13179272413253784
0.05818037499999998,0.0034223749999999996,17.0,1.8355794786260216,1.1076134728631128,0.10465897328517505,0.0036886341512305516,3.9550309060062176e-5,0.001454422174388931,0.06865960015776003,-0.12212979793548584,-0.1115269884467125,0.3099687397480011,1.7604827880859375,-0.5191418528556824,-1.6835637092590332,-0.9717680811882019,-2.0275638103485107,-1.2478147745132446,-3.2322587966918945,-0.12083510309457779,0.129006028175354
0.05818037499999998,0.0034223749999999996,17.0,1.850925117264892,1.1229684579541743,0.10460725053716374,0.0038755850440450146,4.163445483362506e-5,0.0015272432557103463,0.0686604956029343,-0.11913353204727173,-0.11145655065774918,0.30763229727745056,1.7431379556655884,-0.511008083820343,-1.6206326484680176,-0.9765951633453369,-2.0266404151916504,-1.2337009906768799,-3.278616428375244,-0.1163986548781395,0.14754384756088257
0.05818037499999998,0.0034223749999999996,17.0,1.8654388759347158,1.1374390695540553,0.10459727504526745,0.003983434350118037,4.286023814566248e-5,0.0015681700433131099,0.06866158112065902,-0.11908522248268127,-0.11186091601848602,0.30966684222221375,1.7518751621246338,-0.5150294303894043,-1.6489124298095703,-0.9744853377342224,-2.024163246154785,-1.2135674953460693,-3.2822728157043457,-0.13271011412143707,0.1357080340385437
0.05818037499999998,0.0034223749999999996,17.0,1.8791258184695026,1.1510893629752137,0.10457525846434303,0.004095299068119841,4.443466845345816e-5,0.0016102982822981424,0.06866271239051944,-0.11618262529373169,-0.11232241243124008,0.30747559666633606,1.7398767471313477,-0.5129507184028625,-1.5997343063354492,-0.9768083095550537,-2.0132358074188232,-1.1698987483978271,-3.3279104232788086,-0.12750409543514252,0.13922154903411865
0.05818037499999998,0.0034223749999999996,17.0,1.891951325259374,1.1639316143025198,0.10454666791553714,0.004215583491750637,4.4824120403089506e-5,0.0016569103192570472,0.0686629320238866,-0.11658212542533875,-0.11063782870769501,0.308475524187088,1.7458667755126953,-0.496245801448822,-1.6182632446289062,-0.9806275367736816,-2.0257129669189453,-1.186374545097351,-3.323164463043213,-0.17859508097171783,0.14272713661193848
0.05818037499999998,0.0034223749999999996,17.0,1.9039525965336945,1.175952365294016,0.10450929908889453,0.004342337779498749,4.487009230931823e-5,0.0017063394302906936,0.06866201653593117,-0.117001473903656,-0.10853756964206696,0.3097650706768036,1.749003291130066,-0.47254693508148193,-1.6265783309936523,-0.98920738697052,-2.0423245429992676,-1.2176289558410645,-3.3245151042938232,-0.23556584119796753,0.1529650092124939
0.05818037499999998,0.0034223749999999996,17.0,1.9150885889019356,1.1871559816425827,0.10454412375916461,0.004471349074324353,4.488944966933052e-5,0.0017582031876182615,0.06866181753455734,-0.12029820680618286,-0.10751737654209137,0.3166707456111908,1.777168869972229,-0.46034297347068787,-1.7269244194030762,-0.9932222366333008,-2.0586726665496826,-1.2429149150848389,-3.2918753623962402,-0.30566689372062683,0.13522499799728394
0.05818037499999998,0.0034223749999999996,17.0,1.925387697185026,1.1975113397222186,0.10459909361117996,0.004612575039162251,4.418982924018541e-5,0.0018148173480284939,0.06866020338479745,-0.1232084333896637,-0.10598946362733841,0.3223264515399933,1.8008099794387817,-0.4412274956703186,-1.8083667755126953,-0.9992822408676147,-2.0754709243774414,-1.2712923288345337,-3.2627367973327637,-0.3828441798686981,0.12266838550567627
0.05818037499999998,0.0034223749999999996,17.0,1.934867940535709,1.207023781060318,0.10463028522941392,0.004774361965408982,4.317204862961516e-5,0.0018780949764967568,0.0686589423941001,-0.1250430941581726,-0.10426878184080124,0.32531872391700745,1.8133633136749268,-0.4190118610858917,-1.8551816940307617,-1.0063340663909912,-2.0917344093322754,-1.297736406326294,-3.2423393726348877,-0.4481692612171173,0.12198257446289062
0.05818037499999998,0.0034223749999999996,17.0,1.9434970002430603,1.2157067487908715,0.1047237352425746,0.0049583328598165645,4.2692880465126335e-5,0.0019518281173135808,0.06865790089338963,-0.12928804755210876,-0.10363667458295822,0.33252230286598206,1.8454574346542358,-0.4061640501022339,-1.9749693870544434,-1.0094164609909058,-2.1069297790527344,-1.321358561515808,-3.191023826599121,-0.5153493285179138,0.09880006313323975
0.05818037499999998,0.0034223749999999996,17.0,1.9508630482359022,1.2223795696445738,0.10841003862166697,0.005198502219891296,-2.7027763699919524e-5,0.002035358087776389,0.06862669338528551,-0.12914612889289856,-0.09611642360687256,0.3178159296512604,1.8178174495697021,-0.3726138174533844,-1.8211770057678223,-1.0224555730819702,-2.1157970428466797,-1.3680909872055054,-3.183682918548584,-0.5738959908485413,0.136296808719635
0.05818037499999998,0.0034223749999999996,17.0,1.9578232971754743,1.2294153789906141,0.10846411234804536,0.005551531972359979,-3.111332225504103e-5,0.002175997951212417,0.06862604448693231,-0.13224494457244873,-0.09507948905229568,0.3228083550930023,1.8381980657577515,-0.3516280949115753,-1.9025664329528809,-1.0286195278167725,-2.132798910140991,-1.3867602348327637,-3.143080949783325,-0.6400260925292969,0.12762832641601562
0.05818037499999998,0.0034223749999999996,17.0,1.9639638349834176,1.2356043005835677,0.10853439364788975,0.006140382100538807,-3.657341533148741e-5,0.0024087376804858597,0.0686256317359608,-0.13519102334976196,-0.09458200633525848,0.32773253321647644,1.8604061603546143,-0.3331072926521301,-1.988248348236084,-1.0336896181106567,-2.146517753601074,-1.3911062479019165,-3.097321033477783,-0.6953867077827454,0.11458849906921387
0.05818037499999998,0.0034223749999999996,17.0,1.9692786813011396,1.2409575549266663,0.10859478982316251,0.007480730749398275,-4.9068346524462904e-5,0.0029359881383475826,0.06862465816534934,-0.137099027633667,-0.09389753639698029,0.3320201337337494,1.869856357574463,-0.30084434151649475,-2.0482559204101562,-1.0456959009170532,-2.1723616123199463,-1.391041874885559,-3.0606179237365723,-0.748399019241333,0.1265045404434204
0.05818037499999998,0.0034223749999999996,17.0,1.9738213589815174,1.2454719493173423,0.10874024694562251,0.013866594195545881,-9.860357778532606e-5,0.0054605312490107905,0.06862327408983947,-0.13703066110610962,-0.09523412585258484,0.34086188673973083,1.8656233549118042,-0.21478867530822754,-2.130300521850586,-1.0861051082611084,-2.2439699172973633,-1.2964955568313599,-2.9902853965759277,-0.7739959955215454,0.19637900590896606
0.05818037499999998,0.0034223749999999996,17.0,1.9456003911541353,-1.2424054778085274,0.08679159305283109,-0.013530976544230404,-0.0003360601899723874,-0.006140760682465904,0.06855879123626131,0.0332484096288681,0.009610429406166077,-0.12782588601112366,0.2280193418264389,0.3564501404762268,-1.0983421802520752,0.3672572076320648,-0.6857396960258484,-0.5629585981369019,0.4382152557373047,-1.0564067363739014,0.027862966060638428
0.05818037499999998,0.0034223749999999996,17.0,1.941074628125641,-1.2378456269543046,0.08689629002410601,-0.007297730524166493,-0.0001788320930550653,-0.0033148461772300707,0.06855894570878883,0.02981846034526825,0.012934302911162376,-0.12203702330589294,0.22708365321159363,0.3880084753036499,-1.1236026287078857,0.32190456986427307,-0.7016803622245789,-0.5505310297012329,0.46236443519592285,-1.099307894706726,0.03905344009399414
0.05818037499999998,0.0034223749999999996,17.0,1.9357469964124,-1.232477323361132,0.08690447214278635,-0.005990456339065786,-0.00014674784588404618,-0.0027210751165519967,0.06855918645176245,0.02867145836353302,0.01417918037623167,-0.12076932191848755,0.22708559036254883,0.4038758873939514,-1.1312429904937744,0.30695757269859314,-0.7029224038124084,-0.5520191192626953,0.46614646911621094,-1.1237822771072388,0.03921973705291748
0.05818037499999998,0.0034223749999999996,17.0,1.9295990533285847,-1.2262897035459532,0.08691682645760904,-0.005418507930737407,-0.00013359928803719347,-0.002461646901814526,0.06855965782509583,0.028192073106765747,0.014670188538730145,-0.11934694647789001,0.21908390522003174,0.3964722454547882,-1.132974624633789,0.29309889674186707,-0.69198077917099,-0.5531287789344788,0.4810214042663574,-1.1249419450759888,0.035681068897247314
0.05818037499999998,0.0034223749999999996,17.0,1.9225792378898139,-1.2192615291073412,0.0869210635223953,-0.005072924505861916,-0.00012464861860144445,-0.002305151306119043,0.06855942446897004,0.02754901349544525,0.015187487937510014,-0.11837899684906006,0.2166401445865631,0.40041306614875793,-1.138120412826538,0.2830076813697815,-0.6872581839561462,-0.5551658868789673,0.4871222972869873,-1.1373953819274902,0.033110737800598145
0.05818037499999998,0.0034223749999999996,17.0,1.91476427343364,-1.211413955633782,0.08693569140159021,-0.004838639778286662,-0.00011978794658507761,-0.0021992180792009272,0.06855968140510288,0.02710305154323578,0.015392749570310116,-0.11684885621070862,0.20946788787841797,0.3949172794818878,-1.1397371292114258,0.2721594572067261,-0.6771063208580017,-0.5569861531257629,0.4986910820007324,-1.1422964334487915,0.029744088649749756
0.05818037499999998,0.0034223749999999996,17.0,1.9059041058211572,-1.20165063098005,0.08459725002193133,-0.004676614643338339,-0.0001492990469464473,-0.0020782157187628856,0.068598144144662,0.028617918491363525,0.01425930205732584,-0.11541089415550232,0.19878846406936646,0.3745793402194977,-1.1376595497131348,0.2785096764564514,-0.6734572052955627,-0.5725769400596619,0.5117652416229248,-1.1198177337646484,0.03477662801742554
0.05818037499999998,0.0034223749999999996,17.0,1.8964083174547304,-1.1921398582485272,0.0846098547337992,-0.00451813943106096,-0.00014468308096921725,-0.00200792416020155,0.06859800937331305,0.029736682772636414,0.013789358548820019,-0.11428573727607727,0.19224342703819275,0.35897940397262573,-1.14217209815979,0.2864752411842346,-0.6690999865531921,-0.5804685354232788,0.5195767879486084,-1.106467843055725,0.035608112812042236
0.05818037499999998,0.0034223749999999996,17.0,1.8860892578308657,-1.1818003673377582,0.08462905646435599,-0.004384532038382678,-0.0001409189407287836,-0.0019485200207483072,0.06859778254671525,0.030746743083000183,0.013268555514514446,-0.11285093426704407,0.1852528154850006,0.3434927463531494,-1.1461749076843262,0.29340216517448425,-0.6641327738761902,-0.5877663493156433,0.527937650680542,-1.095418095588684,0.036245882511138916
0.05818037499999998,0.0034223749999999996,17.0,1.8749082104156456,-1.1706215730664522,0.08464009270137234,-0.0042517693817714025,-0.00013627916239286928,-0.0018899734498265882,0.06859757573064432,0.03186264634132385,0.012755367904901505,-0.11128145456314087,0.17738687992095947,0.32308274507522583,-1.1507408618927002,0.2991480231285095,-0.6573867201805115,-0.5950507521629333,0.5395071506500244,-1.0795286893844604,0.03595840930938721
0.05818037499999998,0.0034223749999999996,17.0,1.862876142446658,-1.1586457881662018,0.08483241486916747,-0.004125794609136411,-0.00013208830726796464,-0.0018365951360547691,0.0685942462475153,0.032989323139190674,0.01203857734799385,-0.11003732681274414,0.17264890670776367,0.3079807758331299,-1.1560683250427246,0.3130350112915039,-0.658117949962616,-0.5991325974464417,0.5430669784545898,-1.0629463195800781,0.03947770595550537
0.05818037499999998,0.0034223749999999996,17.0,1.8501091243777459,-1.1457844298610376,0.08465297412492388,-0.0040045754329914455,-0.00012936770382967946,-0.001779458351013414,0.06859759104292616,0.033384665846824646,0.011869384907186031,-0.10935112833976746,0.1672816276550293,0.30255308747291565,-1.1542279720306396,0.3195735514163971,-0.6568477749824524,-0.6050878763198853,0.5454807281494141,-1.05792236328125,0.04215806722640991
0.05818037499999998,0.0034223749999999996,17.0,1.8364919124222963,-1.1321270096821139,0.08465698547538798,-0.003910010430747891,-0.0001278238042946965,-0.0017364940570939928,0.06859793406546538,0.034366488456726074,0.011716071516275406,-0.10985404253005981,0.16607794165611267,0.30127769708633423,-1.1563019752502441,0.3374215066432953,-0.6643324494361877,-0.607868492603302,0.5370678901672363,-1.0466091632843018,0.048731446266174316
0.05818037499999998,0.0034223749999999996,17.0,1.8219864679543194,-1.1176508870802473,0.08480201248610074,-0.0037738779509818962,-0.00012361083200039798,-0.0016776745673265632,0.06859597141346666,0.035038769245147705,0.011514915153384209,-0.10963606834411621,0.1630082130432129,0.29640257358551025,-1.1582703590393066,0.34923413395881653,-0.6693089604377747,-0.6082248687744141,0.5322554111480713,-1.0333601236343384,0.05463510751724243
0.05818037499999998,0.0034223749999999996,17.0,1.8066568288196796,-1.1023159623272578,0.08479855027522572,-0.003611580541934171,-0.00011823227581129922,-0.0016053826009865947,0.06859615510031754,0.0330643504858017,0.01200807187706232,-0.10850229859352112,0.1610282063484192,0.30395182967185974,-1.1633930206298828,0.3298458456993103,-0.6660657525062561,-0.6041743159294128,0.5368428230285645,-1.0431842803955078,0.05318528413772583
0.05818037499999998,0.0034223749999999996,17.0,1.7904689775343445,-1.0861355429894153,0.08474942023307513,-0.003443101950973167,-0.00011211710149505554,-0.0015309903322421597,0.0685973841805999,0.033777400851249695,0.012047315947711468,-0.10844060778617859,0.15779396891593933,0.3002271354198456,-1.1644542217254639,0.33703890442848206,-0.6693887114524841,-0.609943151473999,0.5346894264221191,-1.0327879190444946,0.057849764823913574
0.05818037499999998,0.0034223749999999996,17.0,1.7734394124587363,-1.0691362149976906,0.08475599613885638,-0.0032806936595767317,-0.0001061463071995565,-0.001459340755265604,0.0685981175110035,0.033265262842178345,0.011828768067061901,-0.1069478988647461,0.15516076982021332,0.2970147430896759,-1.1710474491119385,0.33387625217437744,-0.6713334918022156,-0.608771026134491,0.5367171764373779,-1.0260282754898071,0.060928165912628174
0.05818037499999998,0.0034223749999999996,17.0,1.7555878316297329,-1.0513065240458703,0.0847544633621579,-0.003086177336400648,-9.955823644081773e-5,-0.0013732708221885289,0.06859950567105949,0.03352639079093933,0.011484213173389435,-0.10642737150192261,0.15547075867652893,0.29481634497642517,-1.1800498962402344,0.34362176060676575,-0.68221515417099,-0.6065112948417664,0.5299465656280518,-1.0076102018356323,0.06906962394714355
0.05818037499999998,0.0034223749999999996,17.0,1.7372090401359543,-1.033716880008617,0.08709459540634658,-0.002938162422043196,-7.462867074706412e-5,-0.0013356984335816454,0.06856330145441297,0.0276920348405838,0.013870869763195515,-0.10416358709335327,0.15649068355560303,0.3240714371204376,-1.1911609172821045,0.2854059934616089,-0.666498601436615,-0.5858079791069031,0.5372755527496338,-1.0552563667297363,0.05459338426589966
0.05818037499999998,0.0034223749999999996,17.0,1.7177012705391448,-1.0142274199084633,0.08712398365588168,-0.002783729005885346,-7.073710801585617e-5,-0.001266018732434992,0.06856547549650366,0.02412983775138855,0.014575651846826077,-0.10052323341369629,0.1514016091823578,0.33049657940864563,-1.1970245838165283,0.24724331498146057,-0.6586248278617859,-0.5738489031791687,0.5461215972900391,-1.066784143447876,0.051297664642333984
0.05818037499999998,0.0034223749999999996,17.0,1.6971132966648854,-0.9928287929034625,0.08474970836816785,-0.002570967745808798,-8.319926326982375e-5,-0.0011445086517389788,0.06860531194054978,0.02356669306755066,0.013904008083045483,-0.09874820709228516,0.1480657309293747,0.3392516076564789,-1.199777603149414,0.2506297528743744,-0.673425018787384,-0.5821792483329773,0.5364553928375244,-1.0558475255966187,0.06573748588562012
0.05818037499999998,0.0034223749999999996,17.0,1.675966106742718,-0.9716716215043801,0.08478217461445609,-0.0023554745131047,-7.621656187440962e-5,-0.0010485978534401637,0.06860721371207097,0.026381805539131165,0.01346293929964304,-0.09659454226493835,0.13390576839447021,0.2991565465927124,-1.2032699584960938,0.2691606283187866,-0.6674019694328308,-0.59308922290802,0.5428886413574219,-1.012194037437439,0.07059657573699951
0.05818037499999998,0.0034223749999999996,17.0,1.6539788331099412,-0.9496779185792528,0.08481679243942779,-0.0021555159090803104,-6.979075812258464e-5,-0.0009600647998173825,0.06861125312898626,0.031979113817214966,0.012341145426034927,-0.09301260113716125,0.10672153532505035,0.25105148553848267,-1.1980466842651367,0.3014654219150543,-0.6568236947059631,-0.593785285949707,0.5244748592376709,-0.9418322443962097,0.0771399736404419
0.05818037499999998,0.0034223749999999996,17.0,1.6312333411170739,-0.9268595462052129,0.08488051272472051,-0.0019583756227621986,-6.412805835354114e-5,-0.0008718663960509615,0.06861587245715521,0.033843278884887695,0.012849598191678524,-0.08823490142822266,0.0798216313123703,0.23726283013820648,-1.1899702548980713,0.2937418818473816,-0.6372026801109314,-0.5896344184875488,0.5050206184387207,-0.9179937839508057,0.07613897323608398
0.05818037499999998,0.0034223749999999996,17.0,1.6077273653083233,-0.9032048417530196,0.08496357651323508,-0.0018241712427006017,-6.101118986519852e-5,-0.0008108018593956905,0.06862227667770085,0.03748074173927307,0.013945127837359905,-0.08359673619270325,0.04349808394908905,0.22669363021850586,-1.1710917949676514,0.28663215041160583,-0.6071102023124695,-0.5841599106788635,0.4734838008880615,-0.890770673751831,0.07147401571273804
0.05818037499999998,0.0034223749999999996,17.0,1.5830792495384998,-0.8787522391614829,0.08497740485579575,-0.001606475317214241,-4.7998559274119485e-5,-0.000708196065956992,0.06864964157778247,0.0417758971452713,0.01538397278636694,-0.07691675424575806,-0.0027624964714050293,0.19177913665771484,-1.1386544704437256,0.26605862379074097,-0.5582537055015564,-0.555142879486084,0.4421854019165039,-0.8352724313735962,0.05783885717391968
0.05818037499999998,0.0034223749999999996,17.0,1.5577410066777353,-0.8534528037461966,0.08508873760375436,-0.001416528840967739,-4.1148885594147365e-5,-0.0006229162329379677,0.06866106787911518,0.04785877466201782,0.01805092766880989,-0.07086491584777832,-0.05719587206840515,0.14559896290302277,-1.0832605361938477,0.23696058988571167,-0.4824165105819702,-0.5187369585037231,0.41169285774230957,-0.7700079679489136,0.02737659215927124
0.05818037499999998,0.0034223749999999996,17.0,1.531552679217779,-0.8272617023524903,0.08521047473141978,-0.0012274668676659883,-3.6291017471415145e-5,-0.0005395740066182822,0.06866343910231476,0.0419844388961792,0.005181578919291496,-0.06035768985748291,-0.27702951431274414,-0.11348243802785873,-0.7710483074188232,-0.10869047045707703,-0.12066775560379028,-0.5591685771942139,0.2723264694213867,-0.39561063051223755,-0.09592962265014648
0.05818037499999998,0.0034223749999999996,17.0,1.5045355504484943,-0.8002380896304483,0.08535401078327055,-0.0010805334126789408,-3.275019226925886e-5,-0.0004743494321599296,0.06866486777557149,0.037867143750190735,0.009538338519632816,-0.050899624824523926,-0.3132486343383789,-0.11541581153869629,-0.6560573577880859,-0.12609656155109406,-0.043630778789520264,-0.5003511309623718,0.26448941230773926,-0.33715277910232544,-0.13466978073120117
0.05818037499999998,0.0034223749999999996,17.0,1.476701335075795,-0.7723722926085062,0.08549274757542144,-0.0009434471781302556,-2.9417598708616815e-5,-0.000412694229151072,0.06866656346185813,0.029988259077072144,0.014228618703782558,-0.043483614921569824,-0.3300625681877136,-0.08710629492998123,-0.5466735363006592,-0.15806737542152405,0.02765887975692749,-0.4407289922237396,0.25863027572631836,-0.30296802520751953,-0.18301689624786377
0.05818037499999998,0.0034223749999999996,17.0,1.4480086463439144,-0.7436971074874761,0.08550675920249949,-0.0007692602078702001,-2.378865883140519e-5,-0.00033687151599872404,0.06866296879651561,0.027645811438560486,0.01884813979268074,-0.0352020263671875,-0.34914177656173706,-0.08802194148302078,-0.40805792808532715,-0.17370662093162537,0.11295610666275024,-0.39982450008392334,0.2665078639984131,-0.2512345314025879,-0.2423723340034485
0.05818037499999998,0.0034223749999999996,17.0,1.418482473469982,-0.7141977662888481,0.08548318251029083,-0.0006730571277174387,-2.044652229601899e-5,-0.00029538211349866604,0.06865959740620971,0.025769516825675964,0.02335614338517189,-0.031158268451690674,-0.35756492614746094,-0.08694659173488617,-0.30826401710510254,-0.1825665533542633,0.1841900646686554,-0.37884530425071716,0.279050350189209,-0.21166571974754333,-0.29785165190696716
0.05818037499999998,0.0034223749999999996,17.0,1.3881262913122168,-0.6848400604144957,0.0882181505087843,-0.0005034426145544286,-1.0983775531252229e-5,-0.00022424833604947947,0.06864126193342049,0.019534766674041748,0.027471687644720078,-0.02985289692878723,-0.33762335777282715,-0.07846198976039886,-0.2643728256225586,-0.27391254901885986,0.19229066371917725,-0.36199715733528137,0.31037282943725586,-0.2863790988922119,-0.3127574920654297
0.05818037499999998,0.0034223749999999996,17.0,1.3568956357810673,-0.6537101198913865,0.08817595998360274,-0.0003038979853443328,-6.504189071485083e-6,-0.00013591570346103567,0.06863906904138428,0.013416752219200134,0.029924679547548294,-0.03082689642906189,-0.3195195198059082,-0.044698309153318405,-0.25258517265319824,-0.31983643770217896,0.19382205605506897,-0.35139089822769165,0.31969356536865234,-0.3398643136024475,-0.32597845792770386
0.05818037499999998,0.0034223749999999996,17.0,1.3248272042209146,-0.6217588806632843,0.08814133552897403,-0.0001277342827670801,-2.641137450701203e-6,-5.739015405544011e-5,0.0686349227905338,0.011610835790634155,0.031197231262922287,-0.030610769987106323,-0.3139498233795166,-0.03894303739070892,-0.25267791748046875,-0.31108614802360535,0.2019680142402649,-0.3305914103984833,0.31928086280822754,-0.32777419686317444,-0.33812347054481506
0.05818037499999998,0.0034223749999999996,17.0,1.2920298363227025,-0.5889729339301736,0.08817242046072764,6.2147653380577e-5,1.2907885839841565e-6,2.7917208780169508e-5,0.06863505543158084,0.010878652334213257,0.03246679529547691,-0.02836167812347412,-0.30816900730133057,-0.04636191949248314,-0.23797011375427246,-0.3306839168071747,0.19950133562088013,-0.3183651864528656,0.32695841789245605,-0.34401699900627136,-0.3393353223800659
0.05818037499999998,0.0034223749999999996,17.0,1.258391527856213,-0.5553553648794347,0.08819145308403353,0.00018262178166102063,3.7750368331850186e-6,8.206650246533515e-5,0.06863411022159008,0.01049119234085083,0.032835714519023895,-0.026335537433624268,-0.30749112367630005,-0.04028977081179619,-0.2380812168121338,-0.3286466896533966,0.20059910416603088,-0.30304664373397827,0.3224375247955322,-0.35191139578819275,-0.34133967757225037
0.05818037499999998,0.0034223749999999996,17.0,1.2239398664051409,-0.5209025209780399,0.08820654442725014,0.0003225751978707114,6.775337410097881e-6,0.00014485469380574295,0.0686368150157571,0.010434091091156006,0.03309856355190277,-0.02560994029045105,-0.3122556805610657,-0.02349948137998581,-0.2508995532989502,-0.3077870011329651,0.20912879705429077,-0.29063963890075684,0.30785107612609863,-0.3515661060810089,-0.3475084602832794
0.05818037499999998,0.0034223749999999996,17.0,1.1886511444690475,-0.48562500529141617,0.08824694412908385,0.00046221641252247315,9.796738963751385e-6,0.00020748896938281675,0.06863754005765546,0.010142505168914795,0.03339647501707077,-0.0233478844165802,-0.31193310022354126,-0.016048837453126907,-0.25194478034973145,-0.30216243863105774,0.2097388207912445,-0.27577903866767883,0.3009166717529297,-0.3580518960952759,-0.34902524948120117
0.05818037499999998,0.0034223749999999996,17.0,1.1525118600374862,-0.449515994831566,0.08827730041053573,0.000616420348297145,1.3184217072536396e-5,0.0002767394671394343,0.0686375820733112,0.009045213460922241,0.033732958137989044,-0.021228760480880737,-0.31080353260040283,-0.007200275547802448,-0.2530093193054199,-0.288219153881073,0.20970407128334045,-0.25560668110847473,0.29224443435668945,-0.35012900829315186,-0.3510429859161377
0.05818037499999998,0.0034223749999999996,17.0,1.1155450734033852,-0.41257515612674217,0.08830886094368305,0.0007834472941806779,1.6832790150698896e-5,0.00035185320137466397,0.06863659155159081,0.008318185806274414,0.03414592891931534,-0.01870211958885193,-0.30703985691070557,-0.0029602483846247196,-0.25133585929870605,-0.28109389543533325,0.20632565021514893,-0.23503124713897705,0.2866218090057373,-0.3494565486907959,-0.3516197204589844
0.05818037499999998,0.0034223749999999996,17.0,1.077748958249231,-0.3748032221492724,0.08834434327592754,0.000987843787425955,2.1236495272737272e-5,0.0004439106302874166,0.06863467127055786,0.007840454578399658,0.03457272797822952,-0.015638083219528198,-0.30105412006378174,-0.001891362713649869,-0.24696993827819824,-0.28039368987083435,0.19998088479042053,-0.21379540860652924,0.2843916416168213,-0.35625264048576355,-0.35071611404418945
0.05818037499999998,0.0034223749999999996,17.0,1.0391614669134779,-0.33619803693470035,0.08838157522565182,0.0011198815975777055,2.43355394110434e-5,0.0005029467368411093,0.06863541138314533,0.008834868669509888,0.035006314516067505,-0.012993067502975464,-0.29884016513824463,0.001258381875231862,-0.24669098854064941,-0.2796587646007538,0.19677641987800598,-0.20405732095241547,0.2782554626464844,-0.3774379789829254,-0.35002049803733826
0.05818037499999998,0.0034223749999999996,17.0,0.9997363203104748,-0.29675947073298914,0.08841630912061836,0.0012462832436472416,2.7325741389337075e-5,0.000559566337923881,0.06863487061634592,0.00943058729171753,0.03583965077996254,-0.010101616382598877,-0.29462188482284546,-0.002602921798825264,-0.23816895484924316,-0.2845016419887543,0.1882440745830536,-0.19635219871997833,0.2783064842224121,-0.3945755362510681,-0.3459455966949463
0.05818037499999998,0.0034223749999999996,17.0,0.9594718928993223,-0.2564898076267166,0.08843985939619371,0.001500544058795902,3.30488344001773e-5,0.0006737930408439131,0.06863451180072985,0.009689480066299438,0.03606504574418068,-0.007898122072219849,-0.2907872796058655,0.0055756038054823875,-0.24733376502990723,-0.2649698555469513,0.18453910946846008,-0.1795688420534134,0.26595020294189453,-0.39678865671157837,-0.34711477160453796
0.05818037499999998,0.0034223749999999996,17.0,0.9183909397027399,-0.2153949721451146,0.08847555530538835,0.001718033530101761,3.913816853441847e-5,0.0007694565937792565,0.06864031234404683,0.010554313659667969,0.036020517349243164,-0.006729990243911743,-0.2954298257827759,0.026437360793352127,-0.26920509338378906,-0.22282390296459198,0.19157615303993225,-0.17341655492782593,0.23881292343139648,-0.39075547456741333,-0.35293641686439514
0.05818037499999998,0.0034223749999999996,17.0,0.8764583677533387,-0.17346931246734237,0.08853903335321377,0.0019473491422173574,4.508788477916448e-5,0.0008708379056660947,0.06864382001601853,0.011285603046417236,0.03611454740166664,-0.0042546093463897705,-0.3010578751564026,0.04343482106924057,-0.28210902214050293,-0.18821856379508972,0.2014470398426056,-0.17896313965320587,0.21791386604309082,-0.3854368329048157,-0.3597705662250519
0.05818037499999998,0.0034223749999999996,17.0,0.8336808703528263,-0.13070001368315662,0.08861271780898851,0.00196832467203287,4.536604872072151e-5,0.0008793543915077613,0.06864431425883505,0.010787665843963623,0.03743274509906769,0.0012340247631072998,-0.30309152603149414,0.03901565819978714,-0.26357078552246094,-0.1958593875169754,0.21759340167045593,-0.20480996370315552,0.22943782806396484,-0.3747935891151428,-0.3728758692741394
0.05818037499999998,0.0034223749999999996,17.0,0.7900259125614686,-0.08712193191545056,0.08869725348335186,0.001958468459747528,4.4013063917277355e-5,0.0008693157525036286,0.06864458309089885,0.0073438286781311035,0.035622239112854004,0.008491873741149902,-0.27640092372894287,-0.03679605945944786,-0.2887918949127197,-0.17528750002384186,0.2419435679912567,-0.3282606601715088,0.24399566650390625,-0.16520288586616516,-0.4130951166152954
0.05818037499999998,0.0034223749999999996,17.0,0.7453220495623345,-0.04276616920559251,0.08889988945953976,0.0017979032979230254,3.8918165153967646e-5,0.0007894733487399827,0.06864641212644951,-0.007533162832260132,0.030259549617767334,0.01775681972503662,-0.20749250054359436,-0.24269965291023254,-0.3239450454711914,-0.11093363165855408,0.2790834307670593,-0.5470010042190552,0.24893975257873535,0.3959037959575653,-0.4883861243724823
0.05818037499999998,0.0034223749999999996,17.0,0.7001120365848047,0.0021171693165244064,0.08879837115380967,1.4831510215345758e-5,3.5796604138988763e-7,6.6326204596662325e-6,0.0685367838140071,-0.026666998863220215,0.031270831823349,0.06108921766281128,0.25541818141937256,-0.2366766482591629,-1.0568084716796875,-0.4342099726200104,-1.006730079650879,-0.46579116582870483,0.17490172386169434,0.3422258496284485,0.27050191164016724
0.05818037499999998,0.0034223749999999996,17.0,0.7448690529530975,0.04729124356809412,0.0890736085038079,-0.0017662913972859523,-3.331129574357571e-5,-0.0007891377736423128,0.06853240451747108,-0.06353488564491272,0.022738434374332428,0.07829305529594421,0.41026777029037476,-0.18762068450450897,-1.1972484588623047,-0.5039107203483582,-1.156463861465454,-0.6606141924858093,0.10331034660339355,0.5177488327026367,0.27194422483444214
0.05818037499999998,0.0034223749999999996,17.0,0.7889792618882132,0.09145870210143377,0.08922337123150804,-0.0019262046520604724,-3.03884899754576e-5,-0.0008569843320739481,0.06852367747765684,-0.08742573857307434,0.010446050204336643,0.08713361620903015,0.495104044675827,-0.13611474633216858,-1.2206215858459473,-0.6102593541145325,-1.2480428218841553,-0.7602587342262268,0.0339963436126709,0.5864061117172241,0.2946227192878723
0.05818037499999998,0.0034223749999999996,17.0,0.8325308491496699,0.13505219285340697,0.08926105624179226,-0.0019231393706332896,-2.886236478434098e-5,-0.0008563251925149485,0.06852545648038941,-0.0885566771030426,0.006709329783916473,0.08623453974723816,0.4915255308151245,-0.13541211187839508,-1.1812260150909424,-0.6200262904167175,-1.2288384437561035,-0.7826917171478271,0.03298306465148926,0.6382796764373779,0.2887517809867859
0.05818037499999998,0.0034223749999999996,17.0,0.8753029171670835,0.1778297692265211,0.08927483644284362,-0.0018341698103672291,-2.718340374942759e-5,-0.0008166540627705856,0.06852672424397713,-0.09139376878738403,0.0039001191034913063,0.08830687403678894,0.49770587682724,-0.1088954284787178,-1.1628892421722412,-0.6020881533622742,-1.2281367778778076,-0.8231863379478455,0.012127876281738281,0.6218388676643372,0.2824004292488098
0.05818037499999998,0.0034223749999999996,17.0,0.9173077888409013,0.2196515518622228,0.08928259926121737,-0.0017174802270652845,-2.779192629309378e-5,-0.0007623953410495572,0.06852337059456765,-0.09057155251502991,0.0023574051447212696,0.08960911631584167,0.4975685775279999,-0.10486312210559845,-1.1455714702606201,-0.5769838690757751,-1.2233164310455322,-0.8342796564102173,-0.0073587894439697266,0.6314269304275513,0.2780380845069885
0.05818037499999998,0.0034223749999999996,17.0,0.9584553896223258,0.2606549966710572,0.0893226048554411,-0.0016361634090718623,-2.8477280955782025e-5,-0.0007244161097820958,0.06852032750989599,-0.0853392481803894,-0.005667317658662796,0.08926436305046082,0.4923211336135864,-0.18126647174358368,-1.1228344440460205,-0.46972066164016724,-1.181727409362793,-0.8028897643089294,-0.014980316162109375,0.6908181309700012,0.24565976858139038
0.05818037499999998,0.0034223749999999996,17.0,0.9990941868796416,0.30206465761162943,0.08638138934961015,-0.0013415508373800374,-3.635095173688902e-5,-0.0005826674187616149,0.06856874888806117,-0.08337783813476562,-0.015733331441879272,0.08957275748252869,0.5099961161613464,-0.2119309902191162,-1.0809173583984375,-0.34210383892059326,-1.1550078392028809,-0.8123034238815308,-0.0691981315612793,0.6918609738349915,0.20221370458602905
0.05818037499999998,0.0034223749999999996,17.0,1.0385660996950934,0.3414837083597649,0.08638567210803237,-0.0012760137478774018,-3.514103124076934e-5,-0.0005535114044073875,0.0685667467708766,-0.082398921251297,-0.014710959978401661,0.09123364090919495,0.5134181380271912,-0.17714296281337738,-1.074296474456787,-0.33575132489204407,-1.1550469398498535,-0.8393372297286987,-0.08088421821594238,0.6643927097320557,0.19760143756866455
0.05818037499999998,0.0034223749999999996,17.0,1.0771985477039152,0.38009209756007156,0.08639517159055603,-0.0010941017827167838,-3.0309593848923656e-5,-0.00047422213056191827,0.06856607457403108,-0.08056372404098511,-0.014464735984802246,0.09232082962989807,0.5160167217254639,-0.1528390794992447,-1.0671250820159912,-0.3231539726257324,-1.1534249782562256,-0.855717658996582,-0.09505558013916016,0.6534448862075806,0.19311368465423584
0.05818037499999998,0.0034223749999999996,17.0,1.1149868109983023,0.41786128516388094,0.08641125422048625,-0.0008852847555973296,-2.4685174399555376e-5,-0.0003834509233561935,0.06856627372386218,-0.07944202423095703,-0.01565934158861637,0.09396275877952576,0.5208549499511719,-0.1391940861940384,-1.0671560764312744,-0.3033953905105591,-1.1513476371765137,-0.861294150352478,-0.10892319679260254,0.6543737053871155,0.18740379810333252
0.05818037499999998,0.0034223749999999996,17.0,1.1519396571466451,0.4547969897348308,0.08642839382173176,-0.0007069748669204676,-1.981230282251883e-5,-0.00030602959867888677,0.06856650376708379,-0.07869938015937805,-0.01698903739452362,0.09570494294166565,0.5264970660209656,-0.12504352629184723,-1.0683612823486328,-0.2872411012649536,-1.149939775466919,-0.8668023943901062,-0.12207293510437012,0.6551790237426758,0.1819446086883545
0.05818037499999998,0.0034223749999999996,17.0,1.1880605577433336,0.4908825755766043,0.08644066807069685,-0.0005392252102733774,-1.5251655595099774e-5,-0.00023314212186588767,0.0685660574486797,-0.07829457521438599,-0.018429387360811234,0.09756442904472351,0.5331142544746399,-0.11051566153764725,-1.0690875053405762,-0.2734309732913971,-1.1491329669952393,-0.8725812435150146,-0.13581418991088867,0.6553434133529663,0.17635726928710938
0.05818037499999998,0.0034223749999999996,17.0,1.2233452050412377,0.5261540359002652,0.08645894022134748,-0.0003801460291191466,-1.0785376889782196e-5,-0.0001642615847671404,0.06856619048083458,-0.07800760865211487,-0.019781284034252167,0.09933283925056458,0.5397596955299377,-0.09638738632202148,-1.0697150230407715,-0.26178795099258423,-1.1481361389160156,-0.8776947855949402,-0.14878201484680176,0.6550566554069519,0.17071616649627686
0.05818037499999998,0.0034223749999999996,17.0,1.2577914794370206,0.5606017087329467,0.08648674928658512,-0.00024245296447725218,-6.887013779131258e-6,-0.00010474501004282414,0.06856697166250857,-0.07785490155220032,-0.02103300765156746,0.10092470049858093,0.5464204549789429,-0.08352944254875183,-1.0640690326690674,-0.24976013600826263,-1.1466178894042969,-0.8844010829925537,-0.16466259956359863,0.6539161801338196,0.16446948051452637
0.05818037499999998,0.0034223749999999996,17.0,1.2914053747525784,0.5942175281662053,0.08651229712881202,-4.668610612939118e-5,-1.326187159216877e-6,-2.0165456979656492e-5,0.06856762443887994,-0.07767826318740845,-0.022406790405511856,0.10314181447029114,0.5484310388565063,-0.08980192244052887,-1.058591604232788,-0.24017274379730225,-1.1466970443725586,-0.876101016998291,-0.17397809028625488,0.6881886720657349,0.16531318426132202
0.05818037499999998,0.0034223749999999996,17.0,1.3241858853709374,0.6269328186796193,0.08656070423236543,0.0001327549187063184,3.8112777997193227e-6,5.7174899417049944e-5,0.06856303728007472,-0.07837066054344177,-0.024143744260072708,0.10495677590370178,0.5573559999465942,-0.07699909061193466,-1.0451555252075195,-0.22919048368930817,-1.1452429294586182,-0.8859055638313293,-0.197540283203125,0.6876457929611206,0.1575859785079956
0.05818037499999998,0.0034223749999999996,17.0,1.356132888337462,0.6588464593634634,0.08659280686746593,0.00031627420805288955,9.166421851811043e-6,0.00013599094884853162,0.06856182193564248,-0.082069993019104,-0.027202855795621872,0.1091410219669342,0.5756285786628723,-0.05421701818704605,-1.0345425605773926,-0.21846601366996765,-1.1505894660949707,-0.9029042720794678,-0.23468685150146484,0.6758230328559875,0.14856523275375366
0.05818037499999998,0.0034223749999999996,17.0,1.3872275747032718,0.6899470942782624,0.08664834054631051,0.0005259618357612767,1.5207330637334027e-5,0.00022593703453011488,0.06856144310487322,-0.08461251854896545,-0.031564947217702866,0.11290094256401062,0.5896316766738892,-0.06528200209140778,-1.0285146236419678,-0.19763557612895966,-1.152623176574707,-0.8964346051216125,-0.26430487632751465,0.7214927077293396,0.14348816871643066
0.05818037499999998,0.0034223749999999996,17.0,1.4175133614290967,0.720200630081409,0.08668493298912103,0.0007086590828849494,2.0560078216217872e-5,0.00030393290992861496,0.06856014860547578,-0.08575338125228882,-0.03501095622777939,0.11469587683677673,0.606452226638794,-0.0504521019756794,-1.0142185688018799,-0.17755484580993652,-1.1482598781585693,-0.912581205368042,-0.30093860626220703,0.7171632647514343,0.1284564733505249
0.05818037499999998,0.0034223749999999996,17.0,1.4469615188963263,0.7496567317008801,0.08670933747050219,0.0008406330362979105,2.426358915965737e-5,0.00036027238636406473,0.06856083150996034,-0.08730858564376831,-0.04010884836316109,0.11355587840080261,0.6294998526573181,-0.0010060754138976336,-0.9842615127563477,-0.1562253087759018,-1.1582190990447998,-0.9407959580421448,-0.3823326826095581,0.6678961515426636,0.1279151439666748
0.05818037499999998,0.0034223749999999996,17.0,1.4755638730438625,0.7782652497082657,0.08673642216921654,0.0009823233606386357,2.8106866017957932e-5,0.00042055801530932333,0.06856315283375464,-0.0900249183177948,-0.04812048748135567,0.10862037539482117,0.6697967052459717,0.06130282208323479,-0.8944194316864014,-0.14177460968494415,-1.1930320262908936,-0.966687023639679,-0.559709906578064,0.6078667044639587,0.1487829089164734
0.05818037499999998,0.0034223749999999996,17.0,1.5033518657339926,0.8059879474038244,0.08674068208082077,0.0011106630919776722,3.1310930011192945e-5,0.0004730388370439283,0.06856167757266389,-0.09183430671691895,-0.053438082337379456,0.10539022088050842,0.7237664461135864,0.08882937580347061,-0.7607338428497314,-0.12425689399242401,-1.2065272331237793,-1.007590889930725,-0.7697921991348267,0.5562028288841248,0.1308766007423401
0.05818037499999998,0.0034223749999999996,17.0,1.5303165646258505,0.8328897493117944,0.08674050399803425,0.0012524828633490345,3.425616841430636e-5,0.000529527548619012,0.0685597255048252,-0.09423241019248962,-0.06298565864562988,0.10721734166145325,0.8311746120452881,0.06618478149175644,-0.5918097496032715,-0.10479128360748291,-1.1942694187164307,-1.01903235912323,-1.0567907094955444,0.48080894351005554,0.035672664642333984
0.05818037499999998,0.0034223749999999996,17.0,1.5564362193957377,0.8589786260010523,0.08678563768294509,0.0014381352995229738,3.7781437626945e-5,0.0006028519856670227,0.06855639080180474,-0.1342807114124298,-0.07107763737440109,0.1483224332332611,1.4870644807815552,-0.06585530191659927,-0.6698646545410156,-0.5709672570228577,-1.5451247692108154,-0.9569291472434998,-1.7568256855010986,0.20401331782341003,-0.1329268217086792
0.05818037499999998,0.0034223749999999996,17.0,1.5816394909565352,0.8842059734417321,0.08729550053208376,0.0016254978109203106,3.7915537591816744e-5,0.0006715579446943541,0.06856673206350909,-0.1272352933883667,-0.08836326003074646,0.23275074362754822,1.5161995887756348,-0.34248292446136475,-1.3662731647491455,-0.7063407897949219,-1.8799211978912354,-0.9437911510467529,-2.5296742916107178,-0.44566985964775085,0.20072519779205322
0.05818037499999998,0.0034223749999999996,17.0,1.6057824617451315,0.9089525776110445,0.08837009102781174,0.0018315344560238306,3.0710281558567974e-5,0.0007477844758024054,0.06862082631386175,-0.1266613006591797,-0.0913306474685669,0.2468545138835907,1.5691848993301392,-0.3705650866031647,-1.3513610363006592,-0.8138613700866699,-1.9320027828216553,-1.0368987321853638,-2.8122847080230713,-0.37990322709083557,0.2101377248764038
0.05818037499999998,0.0034223749999999996,17.0,1.6294537803325142,0.932598796036539,0.08852481620676872,0.001990208905899484,3.23656647989427e-5,0.0008108537505184964,0.06862885112412262,-0.1231180727481842,-0.0968543291091919,0.26331964135169983,1.6129213571548462,-0.43878912925720215,-1.4005670547485352,-0.884544312953949,-1.9408538341522217,-1.0523512363433838,-2.997283935546875,-0.2770831286907196,0.18307119607925415
0.05818037499999998,0.0034223749999999996,17.0,1.6523014943437042,0.9554139079444692,0.08865970687990693,0.0021617038931733947,3.46305122903472e-5,0.0008799499775652775,0.06863512430241248,-0.1186877191066742,-0.10107113420963287,0.27790871262550354,1.637738585472107,-0.4847436547279358,-1.4624841213226318,-0.9237915873527527,-1.949965000152588,-1.077296257019043,-3.1170313358306885,-0.2130071073770523,0.170945405960083
0.05818037499999998,0.0034223749999999996,17.0,1.6743183034553981,0.9773834561310601,0.0887728663533559,0.0023775678124858574,3.7973333526580415e-5,0.0009673691486689289,0.06863983114810851,-0.11544466018676758,-0.10548321157693863,0.291721910238266,1.6593002080917358,-0.5274871587753296,-1.533402442932129,-0.9558781981468201,-1.9564874172210693,-1.0808688402175903,-3.2040252685546875,-0.14876270294189453,0.15831667184829712
0.05818037499999998,0.0034223749999999996,17.0,1.6954737503603725,0.9985508522023189,0.08887538104553579,0.0025988451782106314,4.1673834721256124e-5,0.0010583638211107548,0.0686419835583056,-0.11358082294464111,-0.10548978298902512,0.29497888684272766,1.6597455739974976,-0.5268580913543701,-1.5200159549713135,-0.9671302437782288,-1.9656381607055664,-1.1200766563415527,-3.2383551597595215,-0.13819244503974915,0.16734659671783447
0.05818037499999998,0.0034223749999999996,17.0,1.7157883246765522,1.0188505505626373,0.08895317364476676,0.0028222411235793647,4.467953009404242e-5,0.0011485001174710875,0.06864445197568757,-0.11512771248817444,-0.10690652579069138,0.30389198660850525,1.6836830377578735,-0.5338505506515503,-1.5895652770996094,-0.9752452969551086,-1.980360507965088,-1.1429245471954346,-3.2614476680755615,-0.14187395572662354,0.15581762790679932
0.05818037499999998,0.0034223749999999996,17.0,1.7352881311373516,1.0383461488231578,0.0889949264085969,0.0029665207765277755,4.686085529241768e-5,0.0012069575398737076,0.06864579121022688,-0.11535659432411194,-0.1079867035150528,0.31126824021339417,1.698569893836975,-0.5409421324729919,-1.6325254440307617,-0.9844111800193787,-1.98622465133667,-1.1464382410049438,-3.2915120124816895,-0.14431075751781464,0.14525896310806274
0.05818037499999998,0.0034223749999999996,17.0,1.7539471645562055,1.0570273063636224,0.08901095630725528,0.00313283268396462,4.9422159246816745e-5,0.0012742208218634225,0.0686474369292224,-0.11523550748825073,-0.10824859887361526,0.3146043121814728,1.7062225341796875,-0.5405443906784058,-1.6552801132202148,-0.9879925847053528,-1.9931275844573975,-1.1580924987792969,-3.2985355854034424,-0.15468022227287292,0.14366161823272705
0.05818037499999998,0.0034223749999999996,17.0,1.7718055209456602,1.0748298883921847,0.08900011365622336,0.003339491530021029,5.286817726664017e-5,0.001357460603698947,0.06864843384990425,-0.1121513843536377,-0.10931707173585892,0.3128257691860199,1.6915994882583618,-0.5382484793663025,-1.6003994941711426,-0.9910394549369812,-1.9906651973724365,-1.143276572227478,-3.3357856273651123,-0.12721265852451324,0.15901827812194824
0.05818037499999998,0.0034223749999999996,17.0,1.7888005523419441,1.0918273574113522,0.08901160846151468,0.0035167171209834064,5.5278408750801694e-5,0.001429491488139779,0.06864829931497259,-0.11134257912635803,-0.10967732220888138,0.3154050409793854,1.6927462816238403,-0.5331542491912842,-1.6002821922302246,-0.9964537620544434,-1.9960358142852783,-1.1436891555786133,-3.360757827758789,-0.13582858443260193,0.1629086136817932
0.05818037499999998,0.0034223749999999996,17.0,1.8049509314289844,1.1079824224037074,0.08910591665827539,0.003673625313413038,5.7848943881651975e-5,0.0014945208388105929,0.0686479847172759,-0.11167830228805542,-0.10880491882562637,0.31908467411994934,1.7096644639968872,-0.5644046068191528,-1.6907334327697754,-0.9871280789375305,-1.9822864532470703,-1.1018694639205933,-3.2900047302246094,-0.17337456345558167,0.12989938259124756
0.05818037499999998,0.0034223749999999996,17.0,1.8202880204111895,1.1233374374684686,0.08906475546383914,0.003859706297033634,6.091171289539593e-5,0.0015698812853125494,0.06864873881123985,-0.10909712314605713,-0.10878913104534149,0.3160744607448578,1.6930557489395142,-0.5495651960372925,-1.6227607727050781,-0.9921126365661621,-1.9855773448944092,-1.0991175174713135,-3.3371589183807373,-0.16824519634246826,0.15198487043380737
0.05818037499999998,0.0034223749999999996,17.0,1.834802620792466,1.1378100230742196,0.08904846507065797,0.003967030249392867,6.263546322866475e-5,0.001612191798321976,0.06864965351175649,-0.10926762223243713,-0.10920435935258865,0.31755921244621277,1.6995826959609985,-0.5457789301872253,-1.6369867324829102,-0.9924869537353516,-1.98801851272583,-1.093063473701477,-3.3537402153015137,-0.18082186579704285,0.14751696586608887
0.05818037499999998,0.0034223749999999996,17.0,1.8484806128823237,1.1514620552376704,0.08903719322583134,0.004078252918219122,6.461505654310827e-5,0.0016562134385339421,0.06865050378439068,-0.10672333836555481,-0.10964670032262802,0.314670592546463,1.6868911981582642,-0.535686731338501,-1.578871726989746,-0.9963415861129761,-1.981346845626831,-1.0596548318862915,-3.404480457305908,-0.17555080354213715,0.15607285499572754
0.05818037499999998,0.0034223749999999996,17.0,1.8613075801856318,1.1642972408550372,0.0890026984064957,0.004198340441223209,6.544149236689781e-5,0.0017035628929789137,0.06865100012324195,-0.10715839266777039,-0.10766197741031647,0.3164827525615692,1.6995223760604858,-0.5439225435256958,-1.6430974006652832,-0.991942286491394,-1.9794228076934814,-1.0439218282699585,-3.3505616188049316,-0.23246659338474274,0.13811349868774414
0.05818037499999998,0.0034223749999999996,17.0,1.8733103411948788,1.1763103075768448,0.08896275727293695,0.004324445807922967,6.640472720726882e-5,0.00175424494137945,0.06865022593467414,-0.10765916109085083,-0.10555923730134964,0.3175494968891144,1.7037602663040161,-0.5232765674591064,-1.654219150543213,-0.9983803033828735,-1.995297908782959,-1.0779014825820923,-3.346611499786377,-0.28781187534332275,0.14669197797775269
0.05818037499999998,0.0034223749999999996,17.0,1.8844556272202915,1.1875119831570704,0.08898387772822436,0.0044528775217937576,6.77020722468677e-5,0.0018079001264861658,0.06864981022423709,-0.1110122799873352,-0.10468754917383194,0.32273057103157043,1.7245062589645386,-0.48727181553840637,-1.702298641204834,-1.0088939666748047,-2.0267333984375,-1.1456366777420044,-3.362870454788208,-0.3473586440086365,0.15244323015213013
0.05818037499999998,0.0034223749999999996,17.0,1.8947673218052028,1.19786072678967,0.08902179895828718,0.0045935052830983055,6.82995089741422e-5,0.0018661102317720519,0.06864816579719334,-0.11406287550926208,-0.10340869426727295,0.3266982138156891,1.7425719499588013,-0.4456302523612976,-1.73793363571167,-1.0202184915542603,-2.0581014156341553,-1.2133418321609497,-3.375670909881592,-0.41427749395370483,0.16096794605255127
0.05818037499999998,0.0034223749999999996,17.0,1.904254253714838,1.2073677425822218,0.08904921717974601,0.004754522745655837,6.878706019810994e-5,0.0019314792961770855,0.06864699943779902,-0.11608201265335083,-0.10204213857650757,0.3281234800815582,1.7502228021621704,-0.3986318111419678,-1.7381772994995117,-1.0334808826446533,-2.090090274810791,-1.2797719240188599,-3.3995072841644287,-0.4688209295272827,0.18179380893707275
0.05818037499999998,0.0034223749999999996,17.0,1.9128976874875163,1.2160491408944722,0.08912254791782105,0.004937711949665581,6.998890202402933e-5,0.0020073755446167784,0.06864575768386898,-0.12029287219047546,-0.10174138098955154,0.3341110050678253,1.7740594148635864,-0.3575323522090912,-1.80171537399292,-1.0465271472930908,-2.1236743927001953,-1.3466553688049316,-3.407564401626587,-0.5225282311439514,0.18612241744995117
0.05818037499999998,0.0034223749999999996,17.0,1.9202669846242562,1.2226961766534727,0.09286288279747645,0.005176940895218784,1.4946943649166749e-6,0.0020930800998683044,0.0686184596340784,-0.12101975083351135,-0.09443604946136475,0.31898054480552673,1.7576709985733032,-0.3298092782497406,-1.6709609031677246,-1.0523666143417358,-2.130406379699707,-1.3919960260391235,-3.371677875518799,-0.5819939374923706,0.2101568579673767
0.05818037499999998,0.0034223749999999996,17.0,1.9272379911002635,1.2297277787044372,0.0928997726568995,0.0055287661662003955,-3.85109092419656e-7,0.002236891328453964,0.06861788923687921,-0.12413933873176575,-0.093370720744133,0.32399776577949524,1.7781243324279785,-0.3101308047771454,-1.7546935081481934,-1.0580512285232544,-2.1478779315948486,-1.4106645584106445,-3.3287389278411865,-0.6477264761924744,0.20191538333892822
0.05818037499999998,0.0034223749999999996,17.0,1.9333890509898248,1.2359147840077838,0.09295199681096952,0.006115525439378181,-2.4295529887544426e-6,0.002475202689527809,0.0686176071236382,-0.12713944911956787,-0.09285327792167664,0.32908210158348083,1.8002952337265015,-0.2924574315547943,-1.8429298400878906,-1.0632675886154175,-2.162271499633789,-1.4148430824279785,-3.2817046642303467,-0.7023465633392334,0.18957585096359253
0.05818037499999998,0.0034223749999999996,17.0,1.938710741000473,1.2412653951831325,0.09299790341189187,0.007450891157257486,-7.194295814250546e-6,0.0030157992960161964,0.06861680333857778,-0.12911546230316162,-0.09215769171714783,0.3333400785923004,1.8105275630950928,-0.2602993845939636,-1.905618667602539,-1.074669599533081,-2.188802480697632,-1.4135103225708008,-3.2403724193573,-0.7560665011405945,0.20142513513565063
0.05818037499999998,0.0034223749999999996,17.0,1.9432540351879544,1.2457850632492136,0.0931113631578056,0.013813175143601567,-2.0837162009434945e-5,0.0056034503137056555,0.06861542491700898,-0.1292462944984436,-0.0934513583779335,0.3426143229007721,1.8067166805267334,-0.16834068298339844,-1.9865384101867676,-1.1180295944213867,-2.2638885974884033,-1.3138549327850342,-3.1674933433532715,-0.7838525176048279,0.2741848826408386
0.05818037499999998,0.0034223749999999996,17.0,1.9144450638552102,-1.2424299232065261,0.07276730095797967,-0.013538399447953297,-0.00032827761850987507,-0.006118960902562222,0.06855540409185357,0.04177704453468323,0.006734250113368034,-0.12991467118263245,0.20862749218940735,0.3264360725879669,-1.042442798614502,0.46325185894966125,-0.7002561688423157,-0.6109018325805664,0.3957092761993408,-1.0025477409362793,0.056921422481536865
0.05818037499999998,0.0034223749999999996,17.0,1.9099224972393423,-1.2378790280651006,0.0728511373565216,-0.007302074108418618,-0.0001752202036799375,-0.003302321370704858,0.06855549511409048,0.04040344059467316,0.0093473419547081,-0.12388619780540466,0.20583747327327728,0.34914401173591614,-1.0685667991638184,0.4360082447528839,-0.7204697728157043,-0.605914294719696,0.41852378845214844,-1.0260651111602783,0.07308924198150635
0.05818037499999998,0.0034223749999999996,17.0,1.9045860563438635,-1.2325099272628448,0.07285503947063726,-0.005994100111325958,-0.00014343925923281353,-0.002710730073076386,0.06855550919970452,0.0434446781873703,0.009022513404488564,-0.12254977226257324,0.20264387130737305,0.3428855538368225,-1.074899673461914,0.46086686849594116,-0.7293439507484436,-0.6214727163314819,0.41479969024658203,-1.0112141370773315,0.08204001188278198
0.05818037499999998,0.0034223749999999996,17.0,1.898427059581934,-1.2263199386839696,0.0728633188922834,-0.00542191954302936,-0.00013027132826781508,-0.002452127663029667,0.06855575920123688,0.04666458070278168,0.008267344906926155,-0.12129855155944824,0.19434694945812225,0.32178178429603577,-1.0766675472259521,0.484758585691452,-0.7287973761558533,-0.6343495845794678,0.41947317123413086,-0.9832414388656616,0.08712351322174072
0.05818037499999998,0.0034223749999999996,17.0,1.8914049475789818,-1.2192923449937492,0.0728648349418473,-0.00507626053078483,-0.00012154961494276546,-0.0022961127656267177,0.06855540409108027,0.047384172677993774,0.008398306556046009,-0.12054941058158875,0.18996381759643555,0.31387943029403687,-1.0797278881072998,0.4864170551300049,-0.7248781323432922,-0.6399900317192078,0.42675280570983887,-0.9793782234191895,0.08633923530578613
0.05818037499999998,0.0034223749999999996,17.0,1.883580489249994,-1.2114424866957594,0.07287503981987577,-0.004841867714545924,-0.0001166004373977259,-0.0021903590558581343,0.06855546895034827,0.050140753388404846,0.007662010379135609,-0.11918303370475769,0.17991964519023895,0.2877793610095978,-1.0795519351959229,0.5049053430557251,-0.719211995601654,-0.6503910422325134,0.43671703338623047,-0.9514399766921997,0.0882839560508728
0.05818037499999998,0.0034223749999999996,17.0,1.8747098759499417,-1.2016743891710713,0.07053293927753161,-0.004679519787577236,-0.00014605755956353147,-0.002069777950288547,0.0685943804655986,0.05262941122055054,0.006452902220189571,-0.11798125505447388,0.1718323826789856,0.27224916219711304,-1.0716125965118408,0.5213245749473572,-0.7233756184577942,-0.6676546335220337,0.44309163093566895,-0.9278678297996521,0.09748691320419312
0.05818037499999998,0.0034223749999999996,17.0,1.8652073410915586,-1.1921619472791722,0.07054265835469406,-0.004520851741028673,-0.00014134379612695117,-0.0019996755729358795,0.0685941528715744,0.05460052192211151,0.005946902558207512,-0.1170985996723175,0.1677369922399521,0.261514812707901,-1.0704421997070312,0.5387301445007324,-0.7244793772697449,-0.6773349642753601,0.4434068202972412,-0.9147400259971619,0.10058015584945679
0.05818037499999998,0.0034223749999999996,17.0,1.8548872433654018,-1.181822891063538,0.0705581820535418,-0.004387229207731004,-0.0001377288776026204,-0.0019403661872771506,0.06859384701597317,0.054867759346961975,0.006052165292203426,-0.11592045426368713,0.16140344738960266,0.2497149258852005,-1.0701954364776611,0.5371712446212769,-0.7179147601127625,-0.6823755502700806,0.4538242816925049,-0.9118608832359314,0.0987166166305542
0.05818037499999998,0.0034223749999999996,17.0,1.8437135463018963,-1.1706458353114104,0.0705637560651582,-0.004254541772396895,-0.00013349388224324275,-0.0018818056612106013,0.06859346945231883,0.05272458493709564,0.006539808586239815,-0.11433139443397522,0.15433773398399353,0.24100357294082642,-1.0795505046844482,0.5141898989677429,-0.7037907242774963,-0.679222583770752,0.47473907470703125,-0.9208371639251709,0.091788649559021
0.05818037499999998,0.0034223749999999996,17.0,1.8316789999631327,-1.1586686221368212,0.07075174029538599,-0.004128525669019324,-0.0001292634700842553,-0.0018286091866147078,0.06859001480474834,0.0534357875585556,0.006110166199505329,-0.11308526992797852,0.15060746669769287,0.233098566532135,-1.0818767547607422,0.5245743989944458,-0.7044188380241394,-0.6827870011329651,0.4766805171966553,-0.912935733795166,0.09429389238357544
0.05818037499999998,0.0034223749999999996,17.0,1.8189048381328181,-1.145805524525605,0.07057125818501976,-0.004007215737497058,-0.00012638300683201904,-0.0017717007090978982,0.06859330081964866,0.05547642707824707,0.005593860521912575,-0.11250659823417664,0.14475283026695251,0.22386139631271362,-1.0736021995544434,0.5465017557144165,-0.7071918845176697,-0.693528413772583,0.4739055633544922,-0.8958656191825867,0.1004372239112854
0.05818037499999998,0.0034223749999999996,17.0,1.8052745687109248,-1.1321450082374975,0.07057647103332174,-0.003912624793760677,-0.0001243906494110616,-0.0017291175055351576,0.06859355170746956,0.059308454394340515,0.004670988768339157,-0.11291182041168213,0.14371304214000702,0.22068382799625397,-1.0664172172546387,0.5887395143508911,-0.7221314311027527,-0.7006133198738098,0.4542849063873291,-0.8654553890228271,0.11313426494598389
0.05818037499999998,0.0034223749999999996,17.0,1.7907741186185535,-1.1176716367496558,0.07072006899596942,-0.0037765423459910743,-0.00012041796516408737,-0.001670453051717516,0.06859140682217797,0.05789123475551605,0.005421267822384834,-0.11259147524833679,0.1375221610069275,0.21604925394058228,-1.0689067840576172,0.575797975063324,-0.7179824709892273,-0.6920669674873352,0.4620952606201172,-0.8604724407196045,0.1140241026878357
0.05818037499999998,0.0034223749999999996,17.0,1.775440054646842,-1.1023357849220055,0.07071546158834364,-0.00361414182072696,-0.00011505924143637049,-0.0015984743040922764,0.06859150147605785,0.05915112793445587,0.005144205410033464,-0.11221972107887268,0.13588836789131165,0.21405628323554993,-1.0695927143096924,0.587587296962738,-0.7232252955436707,-0.6981869339942932,0.4584462642669678,-0.849149763584137,0.11887234449386597
0.05818037499999998,0.0034223749999999996,17.0,1.7592492794787804,-1.0861556167533395,0.07066532985601764,-0.0034456740215914315,-0.0001090593606352755,-0.0015244222744716543,0.06859259047601318,0.060029298067092896,0.0051826415583491325,-0.11197826266288757,0.13182568550109863,0.21219588816165924,-1.0674240589141846,0.5934174656867981,-0.7245073914527893,-0.7038770318031311,0.45686864852905273,-0.8399134278297424,0.1226302981376648
0.05818037499999998,0.0034223749999999996,17.0,1.7422391034470375,-1.069160360769457,0.07066734272187765,-0.003283313655076303,-0.00010369958157659301,-0.00145297871850506,0.06859311412572225,0.054268598556518555,0.006424888037145138,-0.1104854941368103,0.12853115797042847,0.22392913699150085,-1.0831103324890137,0.5447921752929688,-0.7154548764228821,-0.6894437074661255,0.47217655181884766,-0.8702104091644287,0.11796730756759644
0.05818037499999998,0.0034223749999999996,17.0,1.7243939468066651,-1.051331990115023,0.0706639775079843,-0.003088725814194669,-9.736246123955563e-5,-0.0013673241065045067,0.06859435398888519,0.05226875841617584,0.0068788835778832436,-0.10962706804275513,0.12855376303195953,0.23516777157783508,-1.092055082321167,0.5312899947166443,-0.7208237051963806,-0.6830518841743469,0.46929359436035156,-0.8753677010536194,0.12219345569610596
0.05818037499999998,0.0034223749999999996,17.0,1.7060229544923795,-1.0337461785904472,0.07300648990502027,-0.00294093247034504,-7.276691145731036e-5,-0.001329906415272996,0.06855782873548324,0.050310611724853516,0.007964132353663445,-0.10854831337928772,0.12770473957061768,0.23965124785900116,-1.1117279529571533,0.5155677199363708,-0.7116363644599915,-0.6746634244918823,0.47222208976745605,-0.8891292810440063,0.11431515216827393
0.05818037499999998,0.0034223749999999996,17.0,1.6865271883995427,-1.0142573011646325,0.07303235576679376,-0.0027864954625418095,-6.934483365889756e-5,-0.0012604396974163024,0.06856018760347533,0.04672706127166748,0.008422310464084148,-0.10538375377655029,0.12105730175971985,0.2386516034603119,-1.1309199333190918,0.48645567893981934,-0.7031952738761902,-0.6609794497489929,0.48324155807495117,-0.8953777551651001,0.11203593015670776
0.05818037499999998,0.0034223749999999996,17.0,1.6659227255993732,-0.9928519793064886,0.07065009755609375,-0.0025728031534467516,-8.147858501765518e-5,-0.001139266944319903,0.06859977128759684,0.052027806639671326,0.00682278536260128,-0.1033678650856018,0.10666745901107788,0.21338650584220886,-1.1258459091186523,0.5297190546989441,-0.711844265460968,-0.6737124919891357,0.46978163719177246,-0.8330150246620178,0.12799018621444702
0.05818037499999998,0.0034223749999999996,17.0,1.6447918998635693,-0.9716953619100719,0.07067693399965208,-0.002356759032366975,-7.48633150437548e-5,-0.001043525742603588,0.06860193509583724,0.05069713294506073,0.007618144154548645,-0.09956586360931396,0.08829902112483978,0.19595175981521606,-1.1346323490142822,0.5082926750183105,-0.6898288130760193,-0.6641539335250854,0.4769713878631592,-0.8231179118156433,0.12134742736816406
0.05818037499999998,0.0034223749999999996,17.0,1.6227953341035408,-0.9497011354085796,0.07069825446659145,-0.0021563848749746087,-6.841434979324424e-5,-0.0009552219672870384,0.06860484498539175,0.05417713522911072,0.0077933939173817635,-0.09428572654724121,0.054716721177101135,0.15246157348155975,-1.1306440830230713,0.5126436352729797,-0.6573988795280457,-0.6465335488319397,0.47014880180358887,-0.7704451084136963,0.1136782169342041
0.05818037499999998,0.0034223749999999996,17.0,1.600043584326433,-0.9268839471960637,0.07075482339187529,-0.001958743658346648,-6.291947459866766e-5,-0.0008672777180125508,0.0686088397019876,0.0574127733707428,0.009062550961971283,-0.0895175039768219,0.022574692964553833,0.12746839225292206,-1.1160671710968018,0.5059629082679749,-0.6302319169044495,-0.6332980990409851,0.4541785717010498,-0.7332362532615662,0.10854923725128174
0.05818037499999998,0.0034223749999999996,17.0,1.57640292494483,-0.9032458637266507,0.07079024299736511,-0.001825388257764765,-5.5817172898271686e-5,-0.0008023101867106689,0.06862402474693699,0.06327511370182037,0.010742053389549255,-0.08410194516181946,-0.022837966680526733,0.1025998666882515,-1.0935742855072021,0.5111731290817261,-0.5806778073310852,-0.6124081015586853,0.42200303077697754,-0.6857573986053467,0.09242886304855347
0.05818037499999998,0.0034223749999999996,17.0,1.5518296108299798,-0.8787773796256302,0.07083665753200839,-0.001605946841446937,-4.714364236419689e-5,-0.0007039937184553408,0.06863799321393835,0.06312203407287598,-0.0026482518296688795,-0.08050781488418579,-0.25276386737823486,-0.14112432301044464,-0.8351807594299316,0.14839652180671692,-0.1775801181793213,-0.6477792859077454,0.20083975791931152,-0.11678638309240341,-0.07119101285934448
0.05818037499999998,0.0034223749999999996,17.0,1.5265060973331606,-0.8534358207172099,0.07092336752987843,-0.0014152620831598037,-4.211936584504942e-5,-0.0006199515792558714,0.06863976078031796,0.06181460618972778,0.0018653078004717827,-0.06890818476676941,-0.30815619230270386,-0.15968213975429535,-0.724916934967041,0.1442885547876358,-0.08600199222564697,-0.5750367641448975,0.18470525741577148,-0.03417613357305527,-0.11350655555725098
0.05818037499999998,0.0034223749999999996,17.0,1.5003306556315315,-0.8272616542954456,0.07099650243808518,-0.001225428462561107,-3.6980282518821354e-5,-0.0005367251998407399,0.06864099388097018,0.05752420425415039,0.006528959609568119,-0.057319432497024536,-0.35452699661254883,-0.16057056188583374,-0.6139867305755615,0.13674646615982056,0.007216811180114746,-0.49759361147880554,0.1771543025970459,0.030073830857872963,-0.16272324323654175
0.05818037499999998,0.0034223749999999996,17.0,1.473329130116978,-0.8002554090515778,0.07109615883014542,-0.0010776645083579732,-3.319612757497587e-5,-0.00047146488141616304,0.06864196960501814,0.053066954016685486,0.011014105752110481,-0.047755688428878784,-0.38623154163360596,-0.15783663094043732,-0.5138490200042725,0.13352803885936737,0.09241980314254761,-0.4273627698421478,0.17652583122253418,0.08890445530414581,-0.2150384783744812
0.05818037499999998,0.0034223749999999996,17.0,1.445511408871919,-0.7724136152127791,0.07117758927516457,-0.0009393216106939798,-2.939279148717834e-5,-0.00040977337971440596,0.06864343385641858,0.04922688007354736,0.016356293112039566,-0.038224220275878906,-0.4187532067298889,-0.13477206230163574,-0.384263277053833,0.1619306206703186,0.21682369709014893,-0.3447535037994385,0.16110849380493164,0.18971161544322968,-0.30566325783729553
0.05818037499999998,0.0034223749999999996,17.0,1.4168460194866472,-0.7437576867050287,0.0711401764887963,-0.0007639984560398352,-2.362225472760437e-5,-0.00033369712745582783,0.06864147688815218,0.04402443766593933,0.020491957664489746,-0.031640082597732544,-0.4254123568534851,-0.1338306963443756,-0.2966427803039551,0.12445513904094696,0.2728174328804016,-0.3074151873588562,0.19386911392211914,0.1828547716140747,-0.3485027253627777
0.05818037499999998,0.0034223749999999996,17.0,1.3873380386465108,-0.7142803357471879,0.07111497206280198,-0.0006671722090255669,-2.0415979802546155e-5,-0.0002920828217130787,0.06863932016744238,0.0390535444021225,0.024264883249998093,-0.03243756294250488,-0.4196733236312866,-0.14223454892635345,-0.262927770614624,0.05668434873223305,0.27248039841651917,-0.33646199107170105,0.2334296703338623,0.11586015671491623,-0.3460823893547058
0.05818037499999998,0.0034223749999999996,17.0,1.3570247362942665,-0.6849416076357298,0.07384194408298475,-0.0004971929352869647,-1.122078776233924e-5,-0.00022086887562686706,0.0686232301950403,0.029269695281982422,0.02725846692919731,-0.03179764747619629,-0.3958337903022766,-0.12361449003219604,-0.25254368782043457,-0.07525551319122314,0.25100356340408325,-0.33704710006713867,0.28440237045288086,-0.042001284658908844,-0.33252906799316406
0.05818037499999998,0.0034223749999999996,17.0,1.3258165132275241,-0.6538205360765155,0.07380284399791251,-0.0002967294243161256,-6.605683597571604e-6,-0.0001323563671488748,0.06862178079051993,0.02420741319656372,0.028485819697380066,-0.03221067786216736,-0.380404531955719,-0.09821755439043045,-0.2600109577178955,-0.10742808878421783,0.24743813276290894,-0.3233017027378082,0.28629016876220703,-0.0885971263051033,-0.33883747458457947
0.05818037499999998,0.0034223749999999996,17.0,1.2937671160755855,-0.621873254511405,0.07376760522906672,-0.00011935699046371225,-2.5909055325806608e-6,-5.348324541396366e-5,0.06861850686699239,0.019295871257781982,0.029119178652763367,-0.03160366415977478,-0.36350196599960327,-0.06908318400382996,-0.26725339889526367,-0.15786004066467285,0.23353490233421326,-0.3158721923828125,0.29099464416503906,-0.1650097668170929,-0.3366415202617645
0.05818037499999998,0.0034223749999999996,17.0,1.2609711034832538,-0.5890908700077446,0.07379066011627208,7.220112454354487e-5,1.5763448559081921e-6,3.2346722395315765e-5,0.06861915094173329,0.01902756094932556,0.029759809374809265,-0.029080241918563843,-0.35808104276657104,-0.07615440338850021,-0.2614407539367676,-0.17041824758052826,0.22894465923309326,-0.30190134048461914,0.29454684257507324,-0.17530260980129242,-0.33609873056411743
0.05818037499999998,0.0034223749999999996,17.0,1.2273343714982012,-0.5554742433754976,0.07380235115941058,0.00019445684249527265,4.22020293200742e-6,8.715759487668607e-5,0.06861816109065962,0.01867102086544037,0.029890626668930054,-0.026906728744506836,-0.35639309883117676,-0.07029048353433609,-0.26401805877685547,-0.1674257069826126,0.229363352060318,-0.28562241792678833,0.28755617141723633,-0.18139676749706268,-0.33802342414855957
0.05818037499999998,0.0034223749999999996,17.0,1.1928820397378095,-0.5210219957607527,0.07381360005542453,0.00033719460276882023,7.391619193346334e-6,0.00015104693499408837,0.06862006890982857,0.01874840259552002,0.030001837760210037,-0.025819242000579834,-0.36337095499038696,-0.05443821847438812,-0.2736048698425293,-0.1409040093421936,0.24086996912956238,-0.27288147807121277,0.26742982864379883,-0.17403322458267212,-0.34523192048072815
0.05818037499999998,0.0034223749999999996,17.0,1.1575939184486395,-0.485744880403417,0.07384614697953876,0.0004836845839845932,1.0671300857033073e-5,0.00021660571375072349,0.06862065202415198,0.018345937132835388,0.03017931804060936,-0.023446232080459595,-0.3637428283691406,-0.04686780646443367,-0.2740805149078369,-0.13381502032279968,0.24188852310180664,-0.2594881057739258,0.2587893009185791,-0.1781567633152008,-0.3464030921459198
0.05818037499999998,0.0034223749999999996,17.0,1.1214758912472897,-0.44963559371635803,0.07387176315823016,0.0006380522519701709,1.417949007934405e-5,0.00028563488487694027,0.06862135333808556,0.01798371970653534,0.03037112206220627,-0.021039515733718872,-0.3637073040008545,-0.03924217447638512,-0.2748227119445801,-0.12506429851055145,0.24245145916938782,-0.24562110006809235,0.24924969673156738,-0.18161992728710175,-0.34759819507598877
0.05818037499999998,0.0034223749999999996,17.0,1.0845231072137336,-0.41269541406318666,0.07390164669414054,0.0008013393023093582,1.7931368279082223e-5,0.0003586560355219749,0.06862148827782055,0.01674160361289978,0.030669156461954117,-0.01802852749824524,-0.3578818440437317,-0.035321805626153946,-0.271411657333374,-0.122589111328125,0.23607400059700012,-0.22249610722064972,0.24582648277282715,-0.18139329552650452,-0.3464154601097107
0.05818037499999998,0.0034223749999999996,17.0,1.046739043501072,-0.37492459426332264,0.07392861134506579,0.0009948009787102085,2.2428694738733244e-5,0.00044520996129352033,0.06862157296895327,0.016719207167625427,0.03084230050444603,-0.015589922666549683,-0.35623741149902344,-0.028001144528388977,-0.2744100093841553,-0.1104634553194046,0.23553362488746643,-0.20601056516170502,0.2350008487701416,-0.18531280755996704,-0.3480062782764435
0.05818037499999998,0.0034223749999999996,17.0,1.0081490467669412,-0.3363209821133647,0.07395810577110763,0.0011156278455225377,2.5365726989674364e-5,0.0004989263005169473,0.0686222049968942,0.01782849431037903,0.031128130853176117,-0.01287543773651123,-0.3557996153831482,-0.026284370571374893,-0.27373790740966797,-0.10426706075668335,0.23358622193336487,-0.2006864696741104,0.22821831703186035,-0.20047904551029205,-0.34702154994010925
0.05818037499999998,0.0034223749999999996,17.0,0.9687275642223697,-0.29688526583545644,0.0739839741827492,0.0012290997465698155,2.8221152205355944e-5,0.0005493490665018947,0.06862252996084722,0.01866479218006134,0.03185435011982918,-0.010113120079040527,-0.35068798065185547,-0.033274006098508835,-0.26718592643737793,-0.10589735209941864,0.22533389925956726,-0.19204366207122803,0.2289271354675293,-0.21133951842784882,-0.34382787346839905
0.05818037499999998,0.0034223749999999996,17.0,0.9284482051407397,-0.25661693423204573,0.07399295084032233,0.0014760127173945054,3.3867505480763176e-5,0.0006601386493074104,0.06862181009150695,0.018445178866386414,0.0317719429731369,-0.007814288139343262,-0.34742313623428345,-0.025175757706165314,-0.2785184383392334,-0.07170738279819489,0.22508791089057922,-0.16734035313129425,0.20946431159973145,-0.18750512599945068,-0.3480898439884186
0.05818037499999998,0.0034223749999999996,17.0,0.8873479263920067,-0.21552040557429383,0.0740201077513006,0.0016899201421970082,3.9461362916689546e-5,0.0007543691978075339,0.06862512815517198,0.01985064148902893,0.03152270242571831,-0.006623744964599609,-0.3588608503341675,-0.004536681342869997,-0.2945575714111328,-0.013021385297179222,0.24233177304267883,-0.16820238530635834,0.16930723190307617,-0.1659272313117981,-0.3585498332977295
0.05818037499999998,0.0034223749999999996,17.0,0.8453941184782947,-0.17359373903011405,0.07407097364164335,0.0019309867224077707,4.512211044634943e-5,0.0008621163078178243,0.06862493827137392,0.01983007788658142,0.03174614533782005,-0.0033744871616363525,-0.3593270778656006,0.004033282864838839,-0.2956564426422119,0.00872847530990839,0.24632689356803894,-0.17051556706428528,0.15619802474975586,-0.15971679985523224,-0.3628961741924286
0.05818037499999998,0.0034223749999999996,17.0,0.8026175699346908,-0.13082868891261434,0.07412484082870749,0.001955974258674008,4.56070332167356e-5,0.0008724249617810454,0.06862563983390056,0.019689753651618958,0.032818131148815155,0.001843780279159546,-0.3600735664367676,-0.0021347180008888245,-0.27976059913635254,0.01060585305094719,0.2638726830482483,-0.1975676268339157,0.16512846946716309,-0.1369505375623703,-0.378737211227417
0.05818037499999998,0.0034223749999999996,17.0,0.7589774931224331,-0.08724424976282122,0.07418437453660186,0.0019487474792714747,4.4573906441672144e-5,0.0008637930457742515,0.06862637246980606,0.015192538499832153,0.031064726412296295,0.00878673791885376,-0.33486270904541016,-0.08471336215734482,-0.28977441787719727,0.03951629251241684,0.296353280544281,-0.32671523094177246,0.16483449935913086,0.0931585356593132,-0.42464160919189453
0.05818037499999998,0.0034223749999999996,17.0,0.7143289650654259,-0.042870894391157696,0.07435556166386421,0.0017898276802761476,3.9703716207404326e-5,0.0007854262402771962,0.06862930978602012,-0.0009985566139221191,0.02653321623802185,0.018083125352859497,-0.2865106463432312,-0.28196924924850464,-0.2712430953979492,0.10754211246967316,0.35525959730148315,-0.5512696504592896,0.12448906898498535,0.6485046148300171,-0.5021836757659912
0.05818037499999998,0.0034223749999999996,17.0,0.6691558001294825,0.0020412651033748994,0.07417577332160441,8.866444135246089e-6,2.2232680572739837e-7,3.953530076050091e-6,0.06853233048281127,-0.014159023761749268,0.01996270939707756,0.047434449195861816,0.23487697541713715,-0.4206896722316742,-0.9834239482879639,-0.022042280063033104,-0.9511814713478088,-0.4810082018375397,0.15723681449890137,0.43067046999931335,0.21259719133377075
0.05818037499999998,0.0034223749999999996,17.0,0.7140497173339134,0.047246758589542935,0.07437772368926372,-0.0017706964004515476,-3.6712981644436294e-5,-0.0007896958734905491,0.0685308145156429,-0.05351957678794861,0.010686717927455902,0.06846138834953308,0.39865773916244507,-0.33541563153266907,-1.0904769897460938,-0.2132621556520462,-1.10567307472229,-0.6553220152854919,0.05716848373413086,0.5673276782035828,0.22215580940246582
0.05818037499999998,0.0034223749999999996,17.0,0.7582416782014156,0.09146183494664611,0.0744956996595208,-0.0019300166641356034,-3.519743628278538e-5,-0.0008577878130700382,0.06852408984363506,-0.07700803875923157,-0.00376946572214365,0.0782189667224884,0.49129602313041687,-0.2799185514450073,-1.1060171127319336,-0.34460705518722534,-1.186434030532837,-0.7453457713127136,-0.016623735427856445,0.6158305406570435,0.23053187131881714
0.05818037499999998,0.0034223749999999996,17.0,0.8017983304188258,0.13506614096008393,0.07453070537042435,-0.0019264547672071916,-3.3840424472859e-5,-0.0008569974932797006,0.06852626989721888,-0.07808372378349304,-0.0068941242061555386,0.07807508111000061,0.4880734980106354,-0.2736819386482239,-1.070601224899292,-0.36123260855674744,-1.1680612564086914,-0.7673242688179016,-0.02084803581237793,0.6649131178855896,0.22545653581619263
0.05818037499999998,0.0034223749999999996,17.0,0.8445668069980501,0.1778118007842825,0.07454138901168299,-0.0018372930655191316,-3.230592449347035e-5,-0.0008167183108201749,0.06852611892257943,-0.08039367198944092,-0.00907673966139555,0.08012154698371887,0.4973682761192322,-0.23539245128631592,-1.0603017807006836,-0.35534393787384033,-1.1670470237731934,-0.8047535419464111,-0.04199028015136719,0.6387073397636414,0.21705907583236694
0.05818037499999998,0.0034223749999999996,17.0,0.8865721188810926,0.2196698849164725,0.07454331324412863,-0.001719352399105968,-3.2152479660190554e-5,-0.0007628364763847751,0.06852430756427147,-0.07734191417694092,-0.007975137792527676,0.08040156960487366,0.49048858880996704,-0.2372281551361084,-1.0238940715789795,-0.3345492482185364,-1.1583151817321777,-0.8127965927124023,-0.06246662139892578,0.6547921895980835,0.21391290426254272
0.05818037499999998,0.0034223749999999996,17.0,0.9277043849088941,0.2607003390339841,0.07458122284679305,-0.0016377055994966448,-3.1995344916816206e-5,-0.0007249815942212262,0.06852143644889458,-0.07250156998634338,-0.015310404822230339,0.08081844449043274,0.49236470460891724,-0.3032792806625366,-0.9913201332092285,-0.23630137741565704,-1.1172611713409424,-0.7786253690719604,-0.07973337173461914,0.7046806216239929,0.17401421070098877
0.05818037499999998,0.0034223749999999996,17.0,0.9683081382072852,0.3021650976546458,0.07164616435441565,-0.0013481690456648707,-3.846582956576719e-5,-0.0005861115596147277,0.06857105081997725,-0.0635824203491211,-0.030311837792396545,0.07866451144218445,0.5233420729637146,-0.3808955252170563,-0.9146113395690918,-0.05240672826766968,-1.0406162738800049,-0.7346584796905518,-0.13949179649353027,0.7135270237922668,0.06905430555343628
0.05818037499999998,0.0034223749999999996,17.0,1.0077652539342965,0.34159406090018674,0.07165361282505285,-0.0012806583280777352,-3.6848688553990324e-5,-0.0005562950394597043,0.06856955791900543,-0.05911186337471008,-0.033056311309337616,0.07768872380256653,0.5347796082496643,-0.3797837495803833,-0.8790557384490967,0.012549513950943947,-1.0054078102111816,-0.7468797564506531,-0.15713024139404297,0.6724958419799805,0.022106647491455078
0.05818037499999998,0.0034223749999999996,17.0,1.0463924786403571,0.380198488140974,0.07165830458231459,-0.0010976534406139228,-3.176668400590228e-5,-0.0004764907145262461,0.06856880752197284,-0.057317912578582764,-0.0316506028175354,0.07884994149208069,0.5340992212295532,-0.35203778743743896,-0.8726139068603516,0.022739451378583908,-1.0079922676086426,-0.7680844664573669,-0.17223691940307617,0.662562370300293,0.024845480918884277
0.05818037499999998,0.0034223749999999996,17.0,1.0841767533291038,0.4179709730046926,0.07166829822927158,-0.0008879505021142941,-2.5805192745112264e-5,-0.0003852710009062041,0.06856896950529945,-0.05601492524147034,-0.03244062885642052,0.08045116066932678,0.5393208265304565,-0.3383995294570923,-0.8699145317077637,0.04387729614973068,-1.003925085067749,-0.7738034725189209,-0.1892836093902588,0.6621252298355103,0.016748249530792236
0.05818037499999998,0.0034223749999999996,17.0,1.121126572733042,0.4549104508194251,0.07167911721752773,-0.0007090914286855181,-2.0671622085911296e-5,-0.000307528864819578,0.06856914820584739,-0.055171847343444824,-0.03346624970436096,0.0822003185749054,0.5453543663024902,-0.32373955845832825,-0.8710134029388428,0.060253918170928955,-1.000730276107788,-0.7793676853179932,-0.20451951026916504,0.6615898013114929,0.00922626256942749
0.05818037499999998,0.0034223749999999996,17.0,1.1572457370225613,0.49100047284518306,0.07168477792465876,-0.0005409372062767014,-1.5888730059329672e-5,-0.00023437076924080608,0.06856871690627286,-0.054704129695892334,-0.03463105484843254,0.08408895134925842,0.5523413419723511,-0.30930906534194946,-0.8709671497344971,0.07414336502552032,-0.9980031847953796,-0.7855038046836853,-0.22059154510498047,0.6606972217559814,0.0014172792434692383
0.05818037499999998,0.0034223749999999996,17.0,1.1925290068817307,0.5262760007693978,0.07169660421280007,-0.0003815614745491563,-1.1227705478245784e-5,-0.00016524640772788699,0.06856884878515512,-0.054383039474487305,-0.0357494093477726,0.08590510487556458,0.5593857765197754,-0.29532864689826965,-0.8713066577911377,0.08595417439937592,-0.995249330997467,-0.7911944389343262,-0.2357330322265625,0.659514307975769,-0.006328284740447998
0.05818037499999998,0.0034223749999999996,17.0,1.2269745040267257,0.5607274188355615,0.07171832154120694,-0.00024364807105111942,-7.170193188655442e-6,-0.00010552282614796224,0.06856969370387894,-0.054243773221969604,-0.036774955689907074,0.0876169502735138,0.5665814876556396,-0.28332188725471497,-0.8633055686950684,0.09795427322387695,-0.9918549656867981,-0.7988380789756775,-0.2545619010925293,0.6576440334320068,-0.015057802200317383
0.05818037499999998,0.0034223749999999996,17.0,1.2605893385606908,0.594345182938459,0.07173440019334297,-4.7735975195502126e-5,-1.4043328348322888e-6,-2.067054206732747e-5,0.06857020652894899,-0.05464249849319458,-0.03727290406823158,0.0903228223323822,0.5656235814094543,-0.28474536538124084,-0.8681154251098633,0.09784507751464844,-0.9964577555656433,-0.792876660823822,-0.26148295402526855,0.6976479887962341,-0.006870388984680176
0.05818037499999998,0.0034223749999999996,17.0,1.2933792164764133,0.6270641729917189,0.07177211396613908,0.00013179710043624115,3.923003535638896e-6,5.692822210175624e-5,0.0685659401408991,-0.05746820569038391,-0.03815465793013573,0.09349247813224792,0.5808277726173401,-0.2472563087940216,-0.8552365303039551,0.09775175154209137,-1.0014007091522217,-0.8242635130882263,-0.29488587379455566,0.657191276550293,-0.015664219856262207
0.05818037499999998,0.0034223749999999996,17.0,1.3253287411604715,0.6590014110344528,0.07179291619789047,0.0003153298108335372,9.407318161899999e-6,0.00013607383956986308,0.0685652969552457,-0.05823931097984314,-0.04471040517091751,0.09664824604988098,0.6085066795349121,-0.275839626789093,-0.8290174007415771,0.14599518477916718,-0.9706613421440125,-0.7982113361358643,-0.3365786075592041,0.6759958267211914,-0.06852960586547852
0.05818037499999998,0.0034223749999999996,17.0,1.356435798109262,0.69011118660159,0.0718307923462857,0.000524973975317207,1.5629843735549356e-5,0.0002263991301594831,0.0685650048111028,-0.0617656409740448,-0.04663984850049019,0.10126033425331116,0.6179503202438354,-0.28196945786476135,-0.822185754776001,0.1425953507423401,-0.9806264042854309,-0.797684371471405,-0.3664076328277588,0.7276679873466492,-0.06336086988449097
0.05818037499999998,0.0034223749999999996,17.0,1.3867254425305005,0.7203767671018279,0.07185725161335807,0.0007075797353009408,2.112283242737644e-5,0.0003048147006717941,0.06856396169502228,-0.06275686621665955,-0.04932956397533417,0.10354670882225037,0.6347719430923462,-0.2657696008682251,-0.8125300407409668,0.1536216139793396,-0.9766717553138733,-0.8112213015556335,-0.39924824237823486,0.7193421721458435,-0.07936042547225952
0.05818037499999998,0.0034223749999999996,17.0,1.4161779083568276,0.7498403039963691,0.07187381106861872,0.0008394566280211451,2.4964824856495194e-5,0.0003615298780849406,0.06856478485815602,-0.06388801336288452,-0.050922323018312454,0.10537126660346985,0.6510121822357178,-0.22616803646087646,-0.8110041618347168,0.15568722784519196,-0.9796497225761414,-0.8417103886604309,-0.43012452125549316,0.6796035766601562,-0.08803826570510864
0.05818037499999998,0.0034223749999999996,17.0,1.4447839965821734,0.7784905171278166,0.07190205361142944,0.0009808494294544028,2.8897179810694967e-5,0.00042267634794859586,0.06856730791635404,-0.06523224711418152,-0.05961240455508232,0.10570773482322693,0.6898698806762695,-0.1984224170446396,-0.7799880504608154,0.1687145233154297,-0.9871894717216492,-0.8359217047691345,-0.5266733169555664,0.6470094323158264,-0.10329443216323853
0.05818037499999998,0.0034223749999999996,17.0,1.4725769899715815,0.806254346146107,0.0719154271595199,0.0011085546821701815,3.247098306371282e-5,0.0004767178451972291,0.06856668001474904,-0.066754549741745,-0.06649325788021088,0.10450908541679382,0.7372827529907227,-0.16379043459892273,-0.6947126388549805,0.16694660484790802,-1.0004124641418457,-0.8523348569869995,-0.6895309686660767,0.5893135666847229,-0.1179497241973877
0.05818037499999998,0.0034223749999999996,17.0,1.4995409558273645,0.8331703689743272,0.07191457631953996,0.0012494904871267647,3.5927613715091025e-5,0.0005351593823882582,0.06856595924486555,-0.0678052008152008,-0.07180935889482498,0.10363098978996277,0.7980608344078064,-0.13685713708400726,-0.564439058303833,0.1432822346687317,-1.0136172771453857,-0.8749036192893982,-0.9013975858688354,0.5230616927146912,-0.14461642503738403
0.05818037499999998,0.0034223749999999996,17.0,1.5256712686888323,0.8592767991594169,0.0719347212972958,0.001433812718138177,4.017647334916701e-5,0.0006113661641594085,0.06856499944805877,-0.07107105851173401,-0.07611441612243652,0.1062408983707428,0.8872630000114441,-0.0951429009437561,-0.4114875793457031,0.08485645055770874,-1.0361990928649902,-0.9039853811264038,-1.1719670295715332,0.39055630564689636,-0.1905013918876648
0.05818037499999998,0.0034223749999999996,17.0,1.5509897237573609,0.8845159116914039,0.07200155007576386,0.0016193430811572607,4.4307763299256213e-5,0.0006861967946235928,0.06856082777558481,-0.07155725359916687,-0.07932573556900024,0.1099717915058136,0.9786611795425415,-0.08017705380916595,-0.22068476676940918,-0.010328983888030052,-1.074350118637085,-0.9252440929412842,-1.5061383247375488,0.30785587430000305,-0.21966731548309326
0.05818037499999998,0.0034223749999999996,17.0,1.5753386294394687,0.9090590579600527,0.07245838607236188,0.0018256079165423667,4.417716372683462e-5,0.0007667107007094145,0.0685831119947335,-0.10814011096954346,-0.08624592423439026,0.24229469895362854,1.4871478080749512,-0.5379862189292908,-1.3605637550354004,-0.7471837401390076,-1.7326977252960205,-0.7206907868385315,-2.5489962100982666,-0.43185731768608093,0.08378469944000244
0.05818037499999998,0.0034223749999999996,17.0,1.5987881759537106,0.9329018074420862,0.07309286770607723,0.001983152205253151,4.053716299217346e-5,0.0008293497755410918,0.06861607170669963,-0.10592147707939148,-0.08880893141031265,0.25838324427604675,1.531967043876648,-0.6002733111381531,-1.4246957302093506,-0.8397665619850159,-1.7498633861541748,-0.7015089988708496,-2.733877182006836,-0.37957707047462463,0.06478387117385864
0.05818037499999998,0.0034223749999999996,17.0,1.6216250308927183,0.9557260346694153,0.07318639176740688,0.002153905208604191,4.375355275243655e-5,0.0009006587615102355,0.06862111408627286,-0.10173028707504272,-0.09038826823234558,0.2716294229030609,1.5532355308532715,-0.644437313079834,-1.4906325340270996,-0.8913466334342957,-1.7601325511932373,-0.7067845463752747,-2.8437585830688477,-0.34278738498687744,0.05874836444854736
0.05818037499999998,0.0034223749999999996,17.0,1.643628543003362,0.9777041352410304,0.07326047339063327,0.0023690151072117624,4.7904067955018485e-5,0.0009903801103143752,0.06862492077393544,-0.09737753868103027,-0.09293290227651596,0.28858909010887146,1.582985520362854,-0.7283620238304138,-1.625126838684082,-0.9303934574127197,-1.7432544231414795,-0.6307708621025085,-2.8834755420684814,-0.30024296045303345,0.015444517135620117
0.05818037499999998,0.0034223749999999996,17.0,1.6647822357520914,0.9988675266297297,0.07333162348152887,0.0025897187662799327,5.232749821080523e-5,0.001083043894945889,0.0686271247280476,-0.09603333473205566,-0.09205823391675949,0.3035130798816681,1.6195459365844727,-0.8241076469421387,-1.8179736137390137,-0.9409914016723633,-1.713686466217041,-0.5662176609039307,-2.8123364448547363,-0.3290998935699463,-0.05191504955291748
0.05818037499999998,0.0034223749999999996,17.0,1.6851049475642597,1.019172811827502,0.07338924091256599,0.0028121938824586467,5.663234754320474e-5,0.0011758171314425708,0.06862929716036877,-0.09787675738334656,-0.09362155199050903,0.31228336691856384,1.6393284797668457,-0.8025425672531128,-1.8601570129394531,-0.9499502778053284,-1.7562568187713623,-0.6401395797729492,-2.877368450164795,-0.3375619649887085,-0.03146177530288696
0.05818037499999998,0.0034223749999999996,17.0,1.7046013116011605,1.038669177050091,0.07342986398284328,0.0029558188356684076,5.956967538542646e-5,0.0012359872134271772,0.0686304007516382,-0.09620758891105652,-0.09431879967451096,0.3171372711658478,1.6418211460113525,-0.8053993582725525,-1.8649330139160156,-0.9602070450782776,-1.7620553970336914,-0.6429911255836487,-2.9196720123291016,-0.3291313946247101,-0.027804434299468994
0.05818037499999998,0.0034223749999999996,17.0,1.7232622845516685,1.0573511370340398,0.07344427379732023,0.003121443291928382,6.307181636796794e-5,0.0013050885596890631,0.06863200219485843,-0.09631291031837463,-0.09467156231403351,0.32029834389686584,1.6472066640853882,-0.7975736856460571,-1.8738641738891602,-0.9671632647514343,-1.7764701843261719,-0.6718788146972656,-2.9467408657073975,-0.33117595314979553,-0.019353032112121582
0.05818037499999998,0.0034223749999999996,17.0,1.7411098930941866,1.075157237000844,0.07343654749305735,0.0033273440694580442,6.721191688897138e-5,0.0013904785288927567,0.06863283321882226,-0.09281736612319946,-0.0956735908985138,0.31997033953666687,1.6356254816055298,-0.8115053176879883,-1.8490920066833496,-0.9717280268669128,-1.7624166011810303,-0.6219442486763,-2.961305856704712,-0.2989894151687622,-0.01888871192932129
0.05818037499999998,0.0034223749999999996,17.0,1.758103921423366,1.09215427676247,0.07344514095645589,0.003503857777930854,7.05637052828228e-5,0.0014644744507795516,0.06863258905534285,-0.09232035279273987,-0.0955796018242836,0.32106390595436096,1.635108470916748,-0.7974781394004822,-1.8365092277526855,-0.9769076704978943,-1.7758562564849854,-0.6464426517486572,-2.986668586730957,-0.3096320629119873,-0.005255699157714844
0.05818037499999998,0.0034223749999999996,17.0,1.7742550422670302,1.1083061317769005,0.07352580001538439,0.0036604061776755823,7.352557305706741e-5,0.0015305593405251774,0.0686322165435816,-0.09245434403419495,-0.09467525035142899,0.3251727521419525,1.653281569480896,-0.8371800184249878,-1.920832633972168,-0.9722734689712524,-1.755441665649414,-0.6025749444961548,-2.930589437484741,-0.33456531167030334,-0.045179128646850586
0.05818037499999998,0.0034223749999999996,17.0,1.7895863358070756,1.1236630264004184,0.07349792098176669,0.0038456084302462413,7.76233234891193e-5,0.0016083039233933754,0.06863292806558974,-0.09147581458091736,-0.0950450524687767,0.32328686118125916,1.644355297088623,-0.8095886707305908,-1.8714265823364258,-0.9764391779899597,-1.7728400230407715,-0.6274276971817017,-2.9748592376708984,-0.335002064704895,-0.018029212951660156
0.05818037499999998,0.0034223749999999996,17.0,1.80410112717347,1.1381387532269012,0.07347492463953237,0.00395245464678727,7.978042538850952e-5,0.0016520359017959268,0.06863338853737777,-0.09069404006004333,-0.09609530121088028,0.32346054911613464,1.6394284963607788,-0.7950990200042725,-1.8500938415527344,-0.9808995127677917,-1.7806224822998047,-0.6212692260742188,-3.0201783180236816,-0.3280913233757019,-0.004606366157531738
0.05818037499999998,0.0034223749999999996,17.0,1.8177754307771594,1.1517925035042118,0.07346917111720333,0.004063147669401185,8.211773267005829e-5,0.001697612745499342,0.06863394019359731,-0.08963173627853394,-0.09655322134494781,0.321882039308548,1.632646083831787,-0.7832604050636292,-1.8217267990112305,-0.982765793800354,-1.7808122634887695,-0.5968981385231018,-3.056656837463379,-0.33699238300323486,0.003604412078857422
0.05818037499999998,0.0034223749999999996,17.0,1.830608525260465,1.1646273511875618,0.07343614971363735,0.004182559504459093,8.403658416733337e-5,0.0017468003606003345,0.06863446187947864,-0.09140035510063171,-0.09644388407468796,0.32139459252357483,1.6364566087722778,-0.7290667295455933,-1.7904958724975586,-0.9875931739807129,-1.8222787380218506,-0.6816116571426392,-3.1136813163757324,-0.3670077919960022,0.03918635845184326
0.05818037499999998,0.0034223749999999996,17.0,1.842612035063971,1.176633868381974,0.07339706941554142,0.004308155682910831,8.57818005992463e-5,0.0017986519695102716,0.06863396413234522,-0.0915910005569458,-0.09453457593917847,0.3210959732532501,1.6395543813705444,-0.7131524682044983,-1.7918100357055664,-0.9895453453063965,-1.834651231765747,-0.7131180167198181,-3.107205867767334,-0.41319769620895386,0.04641658067703247
0.05818037499999998,0.0034223749999999996,17.0,1.8537660719816373,1.1878290813980554,0.07340182950926762,0.004436282870427219,8.789750181336247e-5,0.0018532170009120615,0.06863354753187484,-0.09411612153053284,-0.09268593788146973,0.32579806447029114,1.661093831062317,-0.7100988626480103,-1.8679680824279785,-0.9906377792358398,-1.8463361263275146,-0.7472943663597107,-3.072996139526367,-0.4769742786884308,0.0320168137550354
0.05818037499999998,0.0034223749999999996,17.0,1.8640865820724597,1.1981712966544136,0.07343143551753652,0.004576436694403387,8.958644184241172e-5,0.001912599365424605,0.06863219363836767,-0.09664756059646606,-0.09081745147705078,0.3281618654727936,1.6780872344970703,-0.6845329403877258,-1.9077839851379395,-0.993438720703125,-1.8697514533996582,-0.808478832244873,-3.055061101913452,-0.5446576476097107,0.03421938419342041
0.05818037499999998,0.0034223749999999996,17.0,1.8735817834082578,1.2076726609193598,0.07345419767988663,0.00473689432648428,9.131714604014603e-5,0.0019794091806500354,0.06863132226887497,-0.09902551770210266,-0.08918506652116776,0.3294699490070343,1.6890537738800049,-0.6508827805519104,-1.931307315826416,-0.9964416027069092,-1.8969383239746094,-0.8740643858909607,-3.0460457801818848,-0.6089006066322327,0.04646855592727661
0.05818037499999998,0.0034223749999999996,17.0,1.882236855900782,1.2163533000083906,0.07351539084192557,0.004919260255923719,9.415396273790938e-5,0.002057525722332301,0.06862988642821191,-0.1023993194103241,-0.0889887586236,0.3329649865627289,1.7034355401992798,-0.5998618006706238,-1.9516181945800781,-1.0080188512802124,-1.9360113143920898,-0.9537663459777832,-3.0773439407348633,-0.6537906527519226,0.06703907251358032
0.05818037499999998,0.0034223749999999996,17.0,1.8896277751538548,1.2229934536989495,0.0772787151281741,0.005156986679751153,2.771599174518703e-5,0.00214709748786291,0.06860529898569571,-0.10820645093917847,-0.08763512969017029,0.32712438702583313,1.7151371240615845,-0.5136039853096008,-1.8496017456054688,-1.0251833200454712,-1.9967219829559326,-1.094256043434143,-3.169839859008789,-0.6759111881256104,0.11406201124191284
0.05818037499999998,0.0034223749999999996,17.0,1.8966090280707406,1.2300235245923814,0.07730996406744238,0.005507185009711244,2.866401464286959e-5,0.002295211918199185,0.0686046859485813,-0.1111554503440857,-0.08727225661277771,0.32870742678642273,1.7221043109893799,-0.4434871971607208,-1.8320116996765137,-1.0431020259857178,-2.044664144515991,-1.1827689409255981,-3.2193374633789062,-0.7196612358093262,0.15158110857009888
0.05818037499999998,0.0034223749999999996,17.0,1.9027734871090671,1.236210485655517,0.07734281473184194,0.006091762072076738,3.0291165610949313e-5,0.002539483508740249,0.06860433606841998,-0.11497068405151367,-0.08718983083963394,0.3340655267238617,1.7437477111816406,-0.40552234649658203,-1.8978705406188965,-1.053989291191101,-2.0739877223968506,-1.2235615253448486,-3.2108614444732666,-0.7702080607414246,0.15466588735580444
0.05818037499999998,0.0034223749999999996,17.0,1.908102210318838,1.2415615867497685,0.07738569168150988,0.00742146311824473,3.4303999090268836e-5,0.0030952838361240284,0.06860355101203153,-0.11698386073112488,-0.0873304009437561,0.33491501212120056,1.7394163608551025,-0.30736514925956726,-1.8403663635253906,-1.0844682455062866,-2.1403307914733887,-1.304916501045227,-3.285400867462158,-0.8001354336738586,0.22272181510925293
0.05818037499999998,0.0034223749999999996,17.0,1.912649868962515,1.2460884850942753,0.07746401852910037,0.013759785172102707,5.7648317638655735e-5,0.005747836258883077,0.06860213526524549,-0.11821475625038147,-0.08904203027486801,0.34491637349128723,1.733832597732544,-0.17722894251346588,-1.8816595077514648,-1.1417829990386963,-2.238011598587036,-1.245888352394104,-3.2662696838378906,-0.824698805809021,0.3196243643760681
0.05818037499999998,0.0034223749999999996,17.0,1.8831895705985886,-1.2424217819199985,0.05873928778964607,-0.013547464132567535,-0.00031041581198505686,-0.00610096738566149,0.0685516183865326,0.07049626111984253,-0.002695169299840927,-0.12830013036727905,0.17005318403244019,0.2193794548511505,-0.9457132816314697,0.7249462604522705,-0.7458338141441345,-0.7118510603904724,0.30375123023986816,-0.7680660486221313,0.1280021071434021
0.05818037499999998,0.0034223749999999996,17.0,1.8786605699515995,-1.2378768077614963,0.05879527483503472,-0.007307147695151026,-0.00016570805589832428,-0.0032922192185443687,0.0685516641243028,0.07236519455909729,-0.0009819896658882499,-0.12014830112457275,0.17031873762607574,0.2556428611278534,-0.965289831161499,0.7173595428466797,-0.7766135334968567,-0.7055507898330688,0.3090224266052246,-0.7815917730331421,0.15083587169647217
0.05818037499999998,0.0034223749999999996,17.0,1.8733206700580791,-1.2325108840896852,0.05879426845310208,-0.005998333360263774,-0.00013578218710913055,-0.002702266218995959,0.06855169091115952,0.07335318624973297,-7.494539022445679e-5,-0.11864891648292542,0.16601794958114624,0.2560104429721832,-0.9635481834411621,0.7128046154975891,-0.7755699753761292,-0.7123916149139404,0.317246675491333,-0.7825559377670288,0.1515980362892151
0.05818037499999998,0.0034223749999999996,17.0,1.8671521889088445,-1.2263204563852788,0.05879714042051461,-0.005425845399197043,-0.0001231554114110015,-0.002444292425791895,0.06855187089995554,0.07613253593444824,-0.00024157227016985416,-0.11704584956169128,0.1585986614227295,0.2400808185338974,-0.9599416255950928,0.7258978486061096,-0.7717435956001282,-0.7189481854438782,0.3256087303161621,-0.7600346207618713,0.15233337879180908
0.05818037499999998,0.0034223749999999996,17.0,1.8601308005074557,-1.2192950822516306,0.058798056741106774,-0.00507998823057848,-0.00011500168667834844,-0.0022886927070077923,0.06855152727279443,0.07590378820896149,0.0003954223357141018,-0.11683797836303711,0.1549617201089859,0.2378092110157013,-0.9565081596374512,0.7213112115859985,-0.7683423161506653,-0.7235970497131348,0.3316373825073242,-0.7635296583175659,0.15130573511123657
0.05818037499999998,0.0034223749999999996,17.0,1.8522935331201724,-1.211442829265754,0.05880204422480565,-0.004845437420393387,-0.00011001193477568901,-0.002183225246686216,0.06855153268583529,0.0796603411436081,-0.0003492271061986685,-0.11500275135040283,0.1481093019247055,0.22023627161979675,-0.947124719619751,0.7459370493888855,-0.7667656540870667,-0.7321377992630005,0.33234333992004395,-0.735590934753418,0.15343600511550903
0.05818037499999998,0.0034223749999999996,17.0,1.843409409650098,-1.2016700985801716,0.05645531781379085,-0.00468278101701347,-0.00013945887023014594,-0.002063026513163018,0.06859104005052345,0.08326753973960876,-0.001603600918315351,-0.11339473724365234,0.141880065202713,0.20971426367759705,-0.9266555309295654,0.7659373879432678,-0.7747870087623596,-0.7494217157363892,0.3337380886077881,-0.710337221622467,0.16354477405548096
0.05818037499999998,0.0034223749999999996,17.0,1.8339019856236667,-1.192157593433217,0.056462338008585834,-0.004523979834707581,-0.00013485410710974475,-0.0019930944105690834,0.06859084137916642,0.08469642698764801,-0.0016450578114017844,-0.11259210109710693,0.13766175508499146,0.20114290714263916,-0.9181840419769287,0.7763189673423767,-0.7737507224082947,-0.7562392354011536,0.3358025550842285,-0.6989203691482544,0.16433054208755493
0.05818037499999998,0.0034223749999999996,17.0,1.8235712156796602,-1.1818166203419054,0.05647259245604975,-0.004390236205511183,-0.0001311624581938639,-0.0019340292114810216,0.06859061261019732,0.08779348433017731,-0.0022249340545386076,-0.11098697781562805,0.133905291557312,0.1901237666606903,-0.903498649597168,0.7984555959701538,-0.7746917605400085,-0.7659996151924133,0.33191990852355957,-0.6807996034622192,0.165613055229187
0.05818037499999998,0.0034223749999999996,17.0,1.8123993915962517,-1.1706410357003072,0.056476624205458424,-0.004257524977620664,-0.00012720625234322912,-0.0018755124975021222,0.06859025702734187,0.08721485733985901,-0.0017901081591844559,-0.11046069860458374,0.12867842614650726,0.17964796721935272,-0.9011147022247314,0.7955649495124817,-0.7690350413322449,-0.7724230289459229,0.343991756439209,-0.6802460551261902,0.1631789207458496
0.05818037499999998,0.0034223749999999996,17.0,1.8003700370438793,-1.1586655551654585,0.05666261443884995,-0.004131501925856678,-0.00012326443771549904,-0.0018223406491410569,0.06858670908213693,0.08569946885108948,-0.0013109766878187656,-0.10988801717758179,0.12375739216804504,0.17249846458435059,-0.9044845104217529,0.7889783382415771,-0.7647749781608582,-0.7734769582748413,0.3550698757171631,-0.6834139823913574,0.1621323823928833
0.05818037499999998,0.0034223749999999996,17.0,1.787592751727166,-1.1458018452735446,0.05647916010025841,-0.0040101236527928,-0.00012045205030207107,-0.0017655754393628988,0.06858993351397191,0.08659243583679199,-0.0014955638907849789,-0.108924001455307,0.11720983684062958,0.16815249621868134,-0.8972132205963135,0.7985159158706665,-0.7634747624397278,-0.7788183689117432,0.3560161590576172,-0.6721538305282593,0.16569465398788452
0.05818037499999998,0.0034223749999999996,17.0,1.7739374322992887,-1.1321357898014333,0.05647899354287562,-0.003915317768161715,-0.0001179241510177733,-0.00172355826580205,0.06859025820990798,0.0938984751701355,-0.0031273833010345697,-0.10730323195457458,0.11610421538352966,0.175898015499115,-0.8643031120300293,0.8512979745864868,-0.7786160111427307,-0.7835776805877686,0.3188600540161133,-0.6285076141357422,0.17827153205871582
0.05818037499999998,0.0034223749999999996,17.0,1.759423785823661,-1.117659287639751,0.05661745729515282,-0.0037791610996857758,-0.0001137886737538592,-0.0016651720340946773,0.06858795700467844,0.09777168929576874,-0.004080694168806076,-0.10583385825157166,0.1104496419429779,0.17412777245044708,-0.854050874710083,0.8787943124771118,-0.7831531167030334,-0.7773405313491821,0.30692553520202637,-0.5920862555503845,0.18583399057388306
0.05818037499999998,0.0034223749999999996,17.0,1.7440956393817935,-1.1023264364522312,0.05661561108867032,-0.003616682446235532,-0.00010889111118350081,-0.001593327753138662,0.06858805069195745,0.09600476920604706,-0.0031969856936484575,-0.10655397176742554,0.1083412617444992,0.176260843873024,-0.8558750152587891,0.8661460280418396,-0.7840251326560974,-0.7819544076919556,0.3135354518890381,-0.5988185405731201,0.18755197525024414
0.05818037499999998,0.0034223749999999996,17.0,1.727911066869824,-1.0861492064543186,0.056566755922298394,-0.0034481753312990723,-0.00010338340405539053,-0.0015194448758413027,0.0685889858524193,0.0941665917634964,-0.002306234324350953,-0.10689353942871094,0.10424904525279999,0.18005149066448212,-0.8608992099761963,0.849892795085907,-0.7806771397590637,-0.7851887345314026,0.31999635696411133,-0.6092977523803711,0.18816721439361572
0.05818037499999998,0.0034223749999999996,17.0,1.710914792820832,-1.0691566474595262,0.05656872533840638,-0.0032858263682912147,-9.854370099242723e-5,-0.0014480677774628065,0.06858926061991832,0.09004645049571991,-0.0014915878418833017,-0.1067211925983429,0.10115744173526764,0.18111227452754974,-0.8819856643676758,0.8255336880683899,-0.7791545987129211,-0.782257616519928,0.3346586227416992,-0.6262511014938354,0.189336359500885
0.05818037499999998,0.0034223749999999996,17.0,1.693079601217897,-1.0513283953241561,0.05656484433719841,-0.0030912064802935514,-9.271173785242032e-5,-0.00136254023798887,0.06859027825655893,0.08722630143165588,-0.001233497983776033,-0.1056939959526062,0.09560501575469971,0.18041318655014038,-0.9126825332641602,0.8101186752319336,-0.774608314037323,-0.7682316899299622,0.3457050323486328,-0.6260625123977661,0.19081497192382812
0.05818037499999998,0.0034223749999999996,17.0,1.674716187111536,-1.0337472978693825,0.058911490988339754,-0.0029435125982389225,-6.851493810815636e-5,-0.0013251384767232256,0.06855330683048803,0.08510786294937134,0.0003914178814738989,-0.10494008660316467,0.08864979445934296,0.16843147575855255,-0.9383621215820312,0.8000090718269348,-0.7537410855293274,-0.7556686401367188,0.3545651435852051,-0.6251693964004517,0.1774580478668213
0.05818037499999998,0.0034223749999999996,17.0,1.6552266221448706,-1.01425790602601,0.05893155610422742,-0.0027890315224307757,-6.528633997642892e-5,-0.0012558698718006392,0.068555380783384,0.0842466652393341,0.0005571381188929081,-0.10206690430641174,0.07869040966033936,0.15455414354801178,-0.9593179225921631,0.8018559217453003,-0.7436042428016663,-0.7449156045913696,0.3598794937133789,-0.607918918132782,0.1754947304725647
0.05818037499999998,0.0034223749999999996,17.0,1.6346160541955645,-0.9928507633182286,0.056533417519133065,-0.002575001413858086,-7.753102132750884e-5,-0.0011350151587562014,0.06859407764482746,0.08590961992740631,-2.0729610696434975e-5,-0.09844017028808594,0.05912797152996063,0.13506200909614563,-0.9708788394927979,0.808912992477417,-0.7321656346321106,-0.7324923872947693,0.3628056049346924,-0.5658959150314331,0.17870396375656128
0.05818037499999998,0.0034223749999999996,17.0,1.6134872040465484,-0.9716987062078756,0.056552502975705535,-0.002358731865282363,-7.131794654436724e-5,-0.0010395247626357352,0.06859550324405336,0.08752575516700745,0.001734281424432993,-0.09496557712554932,0.027112022042274475,0.10124816000461578,-0.9730844497680664,0.7996710538864136,-0.6876054406166077,-0.7167497277259827,0.36722302436828613,-0.5401279330253601,0.15758484601974487
0.05818037499999998,0.0034223749999999996,17.0,1.5915026434734063,-0.9497096842460995,0.056558570845771115,-0.002158256264702259,-6.532476040928732e-5,-0.0009513352801305064,0.06859686328764662,0.08375269174575806,0.003408768679946661,-0.0897679328918457,-0.0033781826496124268,0.06870625913143158,-1.0030794143676758,0.7559400796890259,-0.6485127806663513,-0.6809746026992798,0.38675689697265625,-0.5323248505592346,0.1438213586807251
0.05818037499999998,0.0034223749999999996,17.0,1.5686479581228936,-0.9269197637813505,0.0565464061391386,-0.001961252197622549,-5.592910264224861e-5,-0.0008605088228564014,0.06860929070382345,0.09256091713905334,0.004208314698189497,-0.08292675018310547,-0.043058305978775024,0.03881330415606499,-0.9791359901428223,0.794842004776001,-0.6020495295524597,-0.6507448554039001,0.3539998531341553,-0.4547039270401001,0.12465202808380127
0.05818037499999998,0.0034223749999999996,17.0,1.5450228047950514,-0.9032566068443793,0.056612455677922335,-0.001826779460843094,-5.251877627368882e-5,-0.0007993085891833864,0.06861215949756809,0.09087216854095459,-0.004756546579301357,-0.08169442415237427,-0.28027820587158203,-0.0647161677479744,-0.5767810344696045,0.40681520104408264,-0.06925338506698608,-0.665270984172821,-0.06360626220703125,0.4669533967971802,-0.16504132747650146
0.05818037499999998,0.0034223749999999996,17.0,1.5205254527291396,-0.8787645658516723,0.056644032938204227,-0.0016067002656864062,-4.675355392645514e-5,-0.0007031693565637943,0.06861477235350855,0.08286683261394501,-0.0001961833331733942,-0.06996917724609375,-0.3349842429161072,-0.10435318946838379,-0.5522675514221191,0.37110635638237,-0.0002932548522949219,-0.5673874616622925,-0.01458597183227539,0.42580968141555786,-0.1871274709701538
0.05818037499999998,0.0034223749999999996,17.0,1.4952022121701984,-0.8534389149008444,0.05668381822382611,-0.0014156219234980844,-4.146352152498985e-5,-0.0006194583399881364,0.06861534003930139,0.08237099647521973,0.004920275416225195,-0.05592465400695801,-0.3840677738189697,-0.09747403115034103,-0.4211850166320801,0.39260706305503845,0.13486135005950928,-0.4597107768058777,-0.05593729019165039,0.5573738813400269,-0.2821585536003113
0.05818037499999998,0.0034223749999999996,17.0,1.4690416781702875,-0.8272808484975167,0.05671348134913993,-0.0012254499364605517,-3.619302503390704e-5,-0.0005362915951055136,0.06861572382986138,0.07769075036048889,0.009899279102683067,-0.043706417083740234,-0.42631691694259644,-0.09153158962726593,-0.31990957260131836,0.40132448077201843,0.24961668252944946,-0.3610936999320984,-0.06407546997070312,0.624775230884552,-0.35879674553871155
0.05818037499999998,0.0034223749999999996,17.0,1.4420621619440361,-0.800290038335019,0.056765231329742344,-0.001077430137822319,-3.2165542739203157e-5,-0.0004708452467250507,0.06861640006942187,0.07305747270584106,0.014929513446986675,-0.032015711069107056,-0.4604727029800415,-0.07770264148712158,-0.2114875316619873,0.4192526042461395,0.3745596408843994,-0.25920793414115906,-0.07189702987670898,0.695396363735199,-0.4516568183898926
0.05818037499999998,0.0034223749999999996,17.0,1.4142544864652378,-0.7724785988302105,0.05678021435456303,-0.000938391646028785,-2.804093831915431e-5,-0.00040973167688249367,0.0686170879464359,0.07094496488571167,0.0210161991417408,-0.02277854084968567,-0.49169111251831055,-0.03152026981115341,-0.06003975868225098,0.45542073249816895,0.539665699005127,-0.17512889206409454,-0.14486050605773926,0.8254761695861816,-0.5874136090278625
0.05818037499999998,0.0034223749999999996,17.0,1.3856127300222645,-0.743836917468103,0.056751141982685306,-0.000762732566931306,-2.2707380045034747e-5,-0.0003332166365251331,0.06861636835686924,0.0635901540517807,0.023697350174188614,-0.025206655263900757,-0.4908350706100464,-0.0840444266796112,-0.08794665336608887,0.393173485994339,0.4895317852497101,-0.20698291063308716,-0.040549278259277344,0.7104342579841614,-0.5304416418075562
0.05818037499999998,0.0034223749999999996,17.0,1.3561263718084338,-0.714369986979637,0.0567307399782273,-0.000665730294904479,-1.976325958981088e-5,-0.00029132876463046386,0.06861555276704447,0.05825948715209961,0.025858525186777115,-0.02652716636657715,-0.4854313135147095,-0.11786893755197525,-0.09809112548828125,0.34222155809402466,0.4573022127151489,-0.23601047694683075,0.02645421028137207,0.6266452074050903,-0.4968501031398773
0.05818037499999998,0.0034223749999999996,17.0,1.3258528667771892,-0.6850428627058288,0.0594573741918872,-0.0004956094424584049,-1.093752015496698e-5,-0.00021987436421062696,0.0686008385698168,0.048564404249191284,0.02741047367453575,-0.02723318338394165,-0.47166168689727783,-0.1428484171628952,-0.1596050262451172,0.2426653653383255,0.40301841497421265,-0.24117247760295868,0.12380099296569824,0.4470292627811432,-0.4416723847389221
0.05818037499999998,0.0034223749999999996,17.0,1.2946740555207634,-0.6539230287633337,0.05942320126789761,-0.00029476643882404374,-6.491189378196104e-6,-0.00013124675702843377,0.06860032695211113,0.040610745549201965,0.027160972356796265,-0.028426021337509155,-0.45239078998565674,-0.1294059157371521,-0.2111673355102539,0.17163892090320587,0.35820114612579346,-0.24367059767246246,0.16754388809204102,0.30323243141174316,-0.4063849151134491
0.05818037499999998,0.0034223749999999996,17.0,1.2626385522939918,-0.6219766795702351,0.05938624898770404,-0.00011691852580216808,-2.5262277875981985e-6,-5.228538724361076e-5,0.0685979544049577,0.03697533905506134,0.0272529199719429,-0.02768617868423462,-0.43466389179229736,-0.13007430732250214,-0.2344043254852295,0.12735560536384583,0.3309617042541504,-0.2349425107240677,0.19217753410339355,0.23394206166267395,-0.3912591338157654
0.05818037499999998,0.0034223749999999996,17.0,1.2298453382838694,-0.5891941562135083,0.05940171250966516,7.527018546969633e-5,1.6333884213524986e-6,3.3656381347655356e-5,0.06859846834086797,0.03622213006019592,0.02709173783659935,-0.025467604398727417,-0.43182486295700073,-0.1252737194299698,-0.2417294979095459,0.12912797927856445,0.33217108249664307,-0.21696260571479797,0.18458294868469238,0.22780421376228333,-0.3942544758319855
0.05818037499999998,0.0034223749999999996,17.0,1.1962197629406033,-0.5555751889043614,0.05941159192253229,0.00019816295520093126,4.2839782144288705e-6,8.857635284737824e-5,0.06859850103246348,0.03573586046695709,0.026936791837215424,-0.023217856884002686,-0.4299917221069336,-0.12030939757823944,-0.2462623119354248,0.13337570428848267,0.3328126072883606,-0.2009836882352829,0.17601466178894043,0.22329208254814148,-0.3961832821369171
0.05818037499999998,0.0034223749999999996,17.0,1.1617565309531588,-0.5211250633535769,0.059410887444979965,0.00034180432548903305,7.385051861495778e-6,0.0001528701717447565,0.06859823400052566,0.03620609641075134,0.02692941203713417,-0.021362662315368652,-0.440190851688385,-0.10271648317575455,-0.2433323860168457,0.16717898845672607,0.35526373982429504,-0.18644694983959198,0.14048552513122559,0.24859461188316345,-0.41153213381767273
0.05818037499999998,0.0034223749999999996,17.0,1.126470340679084,-0.4858478929828377,0.05943501939646108,0.0004904425199466186,1.0644244696104733e-5,0.00021930644766732257,0.0685986207592221,0.035663098096847534,0.02687499299645424,-0.018908560276031494,-0.4404841661453247,-0.09611351042985916,-0.2433638572692871,0.17509818077087402,0.35714566707611084,-0.17351843416690826,0.12940573692321777,0.24669376015663147,-0.4132341742515564
0.05818037499999998,0.0034223749999999996,17.0,1.0903539370297364,-0.4497384638218998,0.059452200203574716,0.0006449398712812718,1.406806034702616e-5,0.00028831996102573587,0.06859912228023264,0.03512318432331085,0.026841651648283005,-0.016408294439315796,-0.44052720069885254,-0.0892910361289978,-0.2432241439819336,0.1844460517168045,0.3587934374809265,-0.16015109419822693,0.11746573448181152,0.24574139714241028,-0.4150375425815582
0.05818037499999998,0.0034223749999999996,17.0,1.0534071929706887,-0.4127980937063324,0.05947037148144422,0.0008071849878966247,1.7707104229760834e-5,0.0003607572946443891,0.06859962402725389,0.0347423255443573,0.026770323514938354,-0.013854056596755981,-0.43993276357650757,-0.08268146216869354,-0.2439098358154297,0.19596534967422485,0.3598209619522095,-0.14617742598056793,0.1047360897064209,0.24531346559524536,-0.41684582829475403
0.05818037499999998,0.0034223749999999996,17.0,1.0156299097652226,-0.37502682519343344,0.0594888790359157,0.0009974763788737125,2.202229168856947e-5,0.00044568975590219065,0.06860013017235618,0.034507304430007935,0.02667715772986412,-0.011280536651611328,-0.4386144280433655,-0.07583019882440567,-0.24601531028747559,0.20907239615917206,0.36040517687797546,-0.1302788406610489,0.0919492244720459,0.24372848868370056,-0.4188390076160431
0.05818037499999998,0.0034223749999999996,17.0,0.9770353117431496,-0.33642306339171824,0.059509686775382126,0.0011149907753943645,2.4761496247886292e-5,0.0004978733748463943,0.06860058689970137,0.03566731512546539,0.02668241783976555,-0.00865587592124939,-0.43939846754074097,-0.07517744600772858,-0.24102330207824707,0.22358158230781555,0.36331838369369507,-0.12893560528755188,0.07961153984069824,0.24162542819976807,-0.4217875599861145
0.05818037499999998,0.0034223749999999996,17.0,0.9376033220081904,-0.2969883519148244,0.05952725006270734,0.0012245799377645116,2.7358104898817065e-5,0.0005466600593335111,0.06860058258407921,0.03686794638633728,0.027029655873775482,-0.006081253290176392,-0.4336109757423401,-0.08565271645784378,-0.2367238998413086,0.23100581765174866,0.35767531394958496,-0.11804866790771484,0.07872366905212402,0.2465188205242157,-0.4220293164253235
0.05818037499999998,0.0034223749999999996,17.0,0.8973192555131085,-0.2567188780215126,0.05952814068062929,0.0014694212009730414,3.263278872474509e-5,0.000656559774044718,0.0685991064956991,0.03671078383922577,0.02690669521689415,-0.003365427255630493,-0.43208980560302734,-0.07779496163129807,-0.2384495735168457,0.24943913519382477,0.35699737071990967,-0.10932087898254395,0.0628652572631836,0.2478545606136322,-0.42328140139579773
0.05818037499999998,0.0034223749999999996,17.0,0.8562300850096665,-0.21562241166978705,0.05955228323956159,0.0016823773376138385,3.8031039331765196e-5,0.0007503639102183578,0.06860195559996551,0.03314852714538574,0.02694842591881752,-0.0020616352558135986,-0.4285382628440857,-0.04829743131995201,-0.2583935260772705,0.24984584748744965,0.34543073177337646,-0.10491177439689636,0.047235965728759766,0.20564070343971252,-0.41432783007621765
0.05818037499999998,0.0034223749999999996,17.0,0.8142771047831321,-0.17369584896898466,0.05959225017778528,0.0019271684538679937,4.347556270399002e-5,0.0008598168707254182,0.06860148927818827,0.03289759159088135,0.02695951610803604,0.001096576452255249,-0.42743706703186035,-0.040249116718769073,-0.25736570358276367,0.27050328254699707,0.3508632779121399,-0.10885880887508392,0.030275821685791016,0.21303261816501617,-0.42085710167884827
0.05818037499999998,0.0034223749999999996,17.0,0.7715041087667305,-0.1309322769462625,0.05962815323826251,0.001953332500567706,4.397717932920931e-5,0.0008708171729627524,0.06860190470283703,0.03188605606555939,0.027349352836608887,0.00607636570930481,-0.43068820238113403,-0.02977362647652626,-0.24178576469421387,0.28905820846557617,0.3781048655509949,-0.14533431828022003,0.017336606979370117,0.24080097675323486,-0.4441812038421631
0.05818037499999998,0.0034223749999999996,17.0,0.7278853697605152,-0.08734274304530744,0.05966429598633899,0.0019466954643900904,4.3190004732166724e-5,0.0008630074671207061,0.0686029709595053,0.025708898901939392,0.025818753987550735,0.012583017349243164,-0.40670543909072876,-0.1163228303194046,-0.2110271453857422,0.3215213418006897,0.42783811688423157,-0.2799801826477051,-0.02452683448791504,0.5069633722305298,-0.5037046670913696
0.05818037499999998,0.0034223749999999996,17.0,0.6833064332640375,-0.0429558257030519,0.05980509521378529,0.0017877810592997554,3.866452925931992e-5,0.0007859426436041496,0.0686063250807902,0.005182117223739624,0.02214694395661354,0.02182185649871826,-0.36986100673675537,-0.3086131811141968,-0.09820318222045898,0.3696877658367157,0.5340772271156311,-0.46786075830459595,-0.16055035591125488,1.1077686548233032,-0.6092733144760132
0.05818037499999998,0.0034223749999999996,17.0,0.6381367405344521,0.002010450303051737,0.05959846165642095,7.07703651354939e-6,1.7345995684331116e-7,3.149917315504002e-6,0.06852988811142394,0.002848207950592041,0.00786464661359787,0.03350821137428284,0.24624016880989075,-0.6144727468490601,-0.8215243816375732,0.3760416507720947,-0.86387699842453,-0.41575440764427185,0.10990285873413086,0.50710529088974,0.09696739912033081
0.05818037499999998,0.0034223749999999996,17.0,0.6831643638963047,0.04725495172205967,0.05973191491792675,-0.0017719630359962404,-3.7718234590795154e-5,-0.000789849996789499,0.06853129932854177,-0.03564634919166565,-0.0036808731965720654,0.05368894338607788,0.40682709217071533,-0.5140589475631714,-0.8931198120117188,0.14590699970722198,-0.9960470795631409,-0.6120813488960266,0.0006699562072753906,0.5694198608398438,0.09249496459960938
0.05818037499999998,0.0034223749999999996,17.0,0.7274379063140081,0.09152771647462224,0.059811343512515984,-0.00193073559292192,-3.769336627875549e-5,-0.0008585187331164158,0.06852694182273736,-0.05915635824203491,-0.020519938319921494,0.06486603617668152,0.5118470788002014,-0.4481384754180908,-0.9062831401824951,-0.03130077198147774,-1.0689854621887207,-0.6944825649261475,-0.08056974411010742,0.5903805494308472,0.08470362424850464
0.05818037499999998,0.0034223749999999996,17.0,0.7709981684306525,0.13513885965332448,0.05984212062419531,-0.0019270419509745844,-3.654559334907941e-5,-0.0008576653536651228,0.06852910883335352,-0.060760289430618286,-0.023196514695882797,0.06625565886497498,0.5072788000106812,-0.4356885552406311,-0.8852875232696533,-0.05813493952155113,-1.0548465251922607,-0.7192001342773438,-0.08597993850708008,0.6444709897041321,0.0858193039894104
0.05818037499999998,0.0034223749999999996,17.0,0.8137644236668029,0.17789056187440652,0.05984947393375588,-0.001837687907016211,-3.485766244981227e-5,-0.0008174671545961165,0.0685289888987559,-0.05994442105293274,-0.024816591292619705,0.06699809432029724,0.510092556476593,-0.42024436593055725,-0.8669936656951904,-0.047032345086336136,-1.0446209907531738,-0.7340578436851501,-0.10623049736022949,0.6484529376029968,0.0758901834487915
0.05818037499999998,0.0034223749999999996,17.0,0.8557402186339671,0.21978862649736902,0.0598538390019196,-0.0017192693047680151,-3.358035274590583e-5,-0.0007639581233219946,0.06852793229769569,-0.05098599195480347,-0.03614285960793495,0.06606969237327576,0.534888505935669,-0.48759615421295166,-0.8045003414154053,0.08443070948123932,-0.9646442532539368,-0.6623742580413818,-0.14254093170166016,0.6670069694519043,-0.02580249309539795
0.05818037499999998,0.0034223749999999996,17.0,0.8968607686809201,0.26084196889370576,0.05988383615995149,-0.0016373945327942722,-3.28585064503571e-5,-0.0007263942335277216,0.0685257143485543,-0.04723748564720154,-0.04228169843554497,0.06802353262901306,0.5529873371124268,-0.527730405330658,-0.7571778297424316,0.15427370369434357,-0.921301543712616,-0.6191624999046326,-0.17514848709106445,0.6955538988113403,-0.0850479006767273
0.05818037499999998,0.0034223749999999996,17.0,0.9374388653087147,0.30234094744517515,0.05694934220836636,-0.0013492493576404052,-3.869967049377315e-5,-0.0005886262742535736,0.0685775167538354,-0.04012256860733032,-0.05162418261170387,0.06769594550132751,0.6022437810897827,-0.5380204916000366,-0.6496858596801758,0.25874751806259155,-0.8613267540931702,-0.5891918540000916,-0.2493288516998291,0.6410965919494629,-0.1939406394958496
0.05818037499999998,0.0034223749999999996,17.0,0.9768840516819172,0.3417741938316184,0.05695762642376449,-0.0012811026914522855,-3.687098608508301e-5,-0.0005586978333016965,0.0685766994294713,-0.036459654569625854,-0.05273441597819328,0.06736442446708679,0.6164592504501343,-0.5230113863945007,-0.6043267250061035,0.30931341648101807,-0.8346310257911682,-0.605841875076294,-0.2742788791656494,0.5867307186126709,-0.23591148853302002
0.05818037499999998,0.0034223749999999996,17.0,1.0155052486018388,0.380369682369619,0.05695871062767085,-0.0010979154121149351,-3.178878177519502e-5,-0.00047852163305103025,0.06857559729658327,-0.034615904092788696,-0.04999895766377449,0.06834450364112854,0.6075247526168823,-0.4966646134853363,-0.6010444164276123,0.3213721811771393,-0.8430376648902893,-0.6359080672264099,-0.28856396675109863,0.5847256183624268,-0.2195015549659729
0.05818037499999998,0.0034223749999999996,17.0,1.0532846997051435,0.41814372084245804,0.05696302194461552,-0.000888078240620218,-2.576528992272551e-5,-0.0003869662206994478,0.06857570115057292,-0.033093780279159546,-0.050310730934143066,0.06986108422279358,0.6126610040664673,-0.48305177688598633,-0.5950758457183838,0.34291598200798035,-0.8370681405067444,-0.6413857340812683,-0.3087577819824219,0.5825647115707397,-0.22943437099456787
0.05818037499999998,0.0034223749999999996,17.0,1.0902310512374993,0.4550854017049613,0.05696789300860044,-0.0007091735900565462,-2.0604184326794064e-5,-0.00030893847587626524,0.06857581357618357,-0.03209879994392395,-0.05091114342212677,0.07153967022895813,0.618561863899231,-0.4691186845302582,-0.5920679569244385,0.35977569222450256,-0.8318910002708435,-0.6474951505661011,-0.32758545875549316,0.5805889964103699,-0.23888254165649414
0.05818037499999998,0.0034223749999999996,17.0,1.1263457709029718,0.49119672382421276,0.056965390058096026,-0.0005409655484193699,-1.573509315682854e-5,-0.0002355948168142134,0.06857609036741201,-0.03082519769668579,-0.05707153305411339,0.07388517260551453,0.6560726761817932,-0.46989262104034424,-0.5738644599914551,0.39917635917663574,-0.7905588746070862,-0.6129246950149536,-0.36299967765808105,0.5515141487121582,-0.3126216530799866
0.05818037499999998,0.0034223749999999996,17.0,1.161627553220102,0.5264750392642094,0.05697083861620303,-0.00038163494939226364,-1.1109368544154573e-5,-0.000166167304548832,0.06857618176345769,-0.030437231063842773,-0.0578477717936039,0.07569906115531921,0.6634517908096313,-0.45595842599868774,-0.5729351043701172,0.4105519652366638,-0.7859801650047302,-0.6196095943450928,-0.38106024265289307,0.5476651787757874,-0.32252025604248047
0.05818037499999998,0.0034223749999999996,17.0,1.196072183868927,0.5609289019908931,0.05698630183217999,-0.0002437753198966891,-7.091214738292036e-6,-0.00010617207267812884,0.06857705282909024,-0.030242919921875,-0.058551520109176636,0.07747170329093933,0.6712340116500854,-0.4440021812915802,-0.5636074542999268,0.4208516776561737,-0.780795156955719,-0.6276773810386658,-0.40235471725463867,0.543005108833313,-0.333660751581192
0.05818037499999998,0.0034223749999999996,17.0,1.2296898411578507,0.5945445651809854,0.05699191215391782,-4.8006599269251987e-5,-1.3968133302326725e-6,-2.0902536667217614e-5,0.0685770411381852,-0.03113308548927307,-0.05790136009454727,0.08048787713050842,0.6622874736785889,-0.4438140392303467,-0.5806717872619629,0.4167224168777466,-0.7923796772956848,-0.6308745741844177,-0.40699219703674316,0.59703129529953,-0.31106072664260864
0.05818037499999998,0.0034223749999999996,17.0,1.2624780253492018,0.6272803097544141,0.0570268057726207,0.0001313726753709,3.85333454179784e-6,5.7103425125610176e-5,0.06857383122161487,-0.030707329511642456,-0.06264728307723999,0.08139809966087341,0.6989215612411499,-0.4259972870349884,-0.5419745445251465,0.45067697763442993,-0.75602787733078,-0.6340540051460266,-0.4465291500091553,0.5112730860710144,-0.3810475170612335
0.05818037499999998,0.0034223749999999996,17.0,1.294431758335534,0.6592333736043656,0.05703244812070158,0.00031469476734177895,9.2240181686235e-6,0.00013674185041814846,0.06857371130596891,-0.032006651163101196,-0.06719349324703217,0.085794597864151,0.724047064781189,-0.4450420141220093,-0.5136106014251709,0.4594452381134033,-0.7348479628562927,-0.5943382978439331,-0.48878633975982666,0.5545937418937683,-0.4231131374835968
0.05818037499999998,0.0034223749999999996,17.0,1.3255466669401024,0.6903448283106288,0.05705683403904315,0.0005240890684261137,1.535270667270283e-5,0.00022762274378698445,0.06857325428449045,-0.03430190682411194,-0.06743846833705902,0.08951029181480408,0.7257981300354004,-0.4426382780075073,-0.5140693187713623,0.45149195194244385,-0.7459904551506042,-0.6042146682739258,-0.5106844902038574,0.5954385995864868,-0.41116005182266235
0.05818037499999998,0.0034223749999999996,17.0,1.355836495869795,0.7206330513589052,0.05707044707074341,0.0007063715694767387,2.0677187481593474e-5,0.0003067141647508345,0.06857304433953836,-0.03429234027862549,-0.07354460656642914,0.09272727370262146,0.7684829831123352,-0.438418984413147,-0.49259376525878906,0.4673619568347931,-0.7129074931144714,-0.5713808536529541,-0.5556813478469849,0.570521354675293,-0.48103106021881104
0.05818037499999998,0.0034223749999999996,17.0,1.38529351030379,0.7500987112991064,0.05707796877359179,0.0008380456517078906,2.448403537394484e-5,0.00036388312428679143,0.0685736329157299,-0.0355856716632843,-0.07374279201030731,0.09487363696098328,0.7745658159255981,-0.40273287892341614,-0.5003907680511475,0.4689406156539917,-0.7250059247016907,-0.6139904260635376,-0.5797075033187866,0.5375317335128784,-0.47213485836982727
0.05818037499999998,0.0034223749999999996,17.0,1.413910474277455,0.7787424707909468,0.05709409107946929,0.0009792756677329424,2.847468158732214e-5,0.00042543616139856293,0.0685753128005795,-0.038678765296936035,-0.07166996598243713,0.09813526272773743,0.7629899978637695,-0.3620492219924927,-0.5290281772613525,0.456762433052063,-0.7615483403205872,-0.6787046790122986,-0.595118522644043,0.5388242602348328,-0.4211733043193817
0.05818037499999998,0.0034223749999999996,17.0,1.441706984291923,0.8065351239004606,0.05710533926152018,0.0011065269221059758,3.2142330990026306e-5,0.00048047280186531706,0.06857507079365308,-0.04043319821357727,-0.0769079327583313,0.0994788110256195,0.7957829236984253,-0.3473142981529236,-0.48379087448120117,0.4330246150493622,-0.7722064852714539,-0.6836357712745667,-0.6823651790618896,0.5176956653594971,-0.43166831135749817
0.05818037499999998,0.0034223749999999996,17.0,1.468672704252954,0.8334814511203172,0.057102184564735266,0.0012466920733505734,3.5953523819954005e-5,0.000540552061024484,0.06857497707659094,-0.04140913486480713,-0.0839649885892868,0.10007807612419128,0.8474332094192505,-0.3103896379470825,-0.3992881774902344,0.38665756583213806,-0.7894063591957092,-0.683168351650238,-0.8506659269332886,0.4391508996486664,-0.44753414392471313
0.05818037499999998,0.0034223749999999996,17.0,1.4948073024227118,0.8595949831469772,0.0571119283246207,0.0014300416976721526,4.071394821311096e-5,0.0006188305834117584,0.0685746837142126,-0.04343634843826294,-0.08760103583335876,0.10196724534034729,0.9038270711898804,-0.2645386755466461,-0.28226542472839355,0.31578969955444336,-0.8186165690422058,-0.7074717283248901,-1.0607163906097412,0.32962554693222046,-0.45708030462265015
0.05818037499999998,0.0034223749999999996,17.0,1.52012331573757,0.8848515849946169,0.05715500946772422,0.0016142246507726934,4.547109616243648e-5,0.0006964779965096518,0.06857213148108775,-0.0440269410610199,-0.09323709458112717,0.10579225420951843,0.994052529335022,-0.24283455312252045,-0.14108729362487793,0.20354223251342773,-0.8351839184761047,-0.6752151250839233,-1.3207411766052246,0.201129749417305,-0.5094509720802307
0.05818037499999998,0.0034223749999999996,17.0,1.5446190599076697,0.9093290991633848,0.057096636051799626,0.001819168669110744,5.0734270810067966e-5,0.0007827724747543616,0.0685733834529652,-0.040761351585388184,-0.10017850250005722,0.11448988318443298,1.0966322422027588,-0.24853235483169556,-0.015415191650390625,0.06408851593732834,-0.8566098809242249,-0.5763077735900879,-1.6077284812927246,0.10966562479734421,-0.5688161849975586
0.05818037499999998,0.0034223749999999996,17.0,1.568271050087049,0.9329706952390263,0.05713628323656645,0.0019773469657149772,5.417005403673841e-5,0.0008489323377154276,0.06857409202726912,-0.08538460731506348,-0.07697441428899765,0.2665041387081146,1.4942715167999268,-0.8820144534111023,-1.4669554233551025,-0.8864155411720276,-1.4254612922668457,-0.24915869534015656,-2.470258951187134,-0.445304274559021,-0.22391557693481445
0.05818037499999998,0.0034223749999999996,17.0,1.590888818932951,0.9559763390906229,0.05771757849799422,0.002146788367486584,5.1544051571919695e-5,0.0009195749628122049,0.06860626290438632,-0.08341813087463379,-0.07386954873800278,0.28074583411216736,1.524087905883789,-0.9751608371734619,-1.630040168762207,-0.934377908706665,-1.412801742553711,-0.2067084163427353,-2.4925999641418457,-0.47940224409103394,-0.2623574137687683
0.05818037499999998,0.0034223749999999996,17.0,1.612882291855994,0.9779560835111898,0.057753896167020764,0.0023612198550499084,5.6619583144424894e-5,0.0010114739823313878,0.06860830439443281,-0.08018532395362854,-0.07379849255084991,0.29220178723335266,1.53298020362854,-1.0175572633743286,-1.720956802368164,-0.9781093597412109,-1.4329111576080322,-0.18164396286010742,-2.560698986053467,-0.46221262216567993,-0.24747735261917114
0.05818037499999998,0.0034223749999999996,17.0,1.6340361067944025,0.9991150940480419,0.05779748605980304,0.002581311235200526,6.198427318096316e-5,0.001106012049221128,0.06860971460388428,-0.07984164357185364,-0.07248963415622711,0.3033545911312103,1.5536166429519653,-1.0642496347427368,-1.8461313247680664,-0.9890964031219482,-1.451357364654541,-0.20078003406524658,-2.561903238296509,-0.49520424008369446,-0.24996453523635864
0.05818037499999998,0.0034223749999999996,17.0,1.654354861517299,1.019426877903342,0.057824633179287876,0.002803061480045706,6.726700679239806e-5,0.0012011056069886877,0.06861051983099196,-0.07830533385276794,-0.07442173361778259,0.31269505620002747,1.5621027946472168,-1.0650712251663208,-1.9083747863769531,-0.9978944063186646,-1.4858689308166504,-0.20985405147075653,-2.6173501014709473,-0.48269131779670715,-0.22397774457931519
0.05818037499999998,0.0034223749999999996,17.0,1.6738464249685687,1.0389193183944858,0.05784868333100107,0.0029462186528030187,7.067362454440758e-5,0.0012625573543820522,0.06861158752144435,-0.0764300525188446,-0.07300342619419098,0.3204821050167084,1.577455759048462,-1.1154178380966187,-1.9760708808898926,-1.0037866830825806,-1.4677848815917969,-0.1753082573413849,-2.6063952445983887,-0.49915677309036255,-0.2571110725402832
0.05818037499999998,0.0034223749999999996,17.0,1.6925086061995633,1.0575999483927436,0.05784788777216103,0.0031113256195252435,7.485269140030388e-5,0.0013332031545673138,0.068612759322333,-0.07651248574256897,-0.07288561761379242,0.3277455270290375,1.5936819314956665,-1.1372171640396118,-2.042328357696533,-1.0052838325500488,-1.4755291938781738,-0.17718970775604248,-2.6127710342407227,-0.5192033648490906,-0.26648664474487305
0.05818037499999998,0.0034223749999999996,17.0,1.7103452425577508,1.0754123489050753,0.05784963432979908,0.003316434429342495,7.981078769699022e-5,0.001420831792612501,0.06861331404325634,-0.07308804988861084,-0.07470518350601196,0.327077180147171,1.5754966735839844,-1.1223162412643433,-1.9951343536376953,-1.017547845840454,-1.4802978038787842,-0.1474023312330246,-2.6594228744506836,-0.47439131140708923,-0.2408342957496643
0.05818037499999998,0.0034223749999999996,17.0,1.7273383324334832,1.0924048071274879,0.05785283227234658,0.003492416984402849,8.3859296584714e-5,0.001496304790767304,0.06861315910887411,-0.07263734936714172,-0.07335752993822098,0.3289211094379425,1.5831899642944336,-1.1391983032226562,-2.018794059753418,-1.0197123289108276,-1.4747846126556396,-0.14933335781097412,-2.643202781677246,-0.49318766593933105,-0.25437992811203003
0.05818037499999998,0.0034223749999999996,17.0,1.7434914306998412,1.1085566861744245,0.05792334142840234,0.0036484829192208745,8.742684058899292e-5,0.0015638221868735957,0.0686124865598328,-0.07318073511123657,-0.07336832582950592,0.3319162428379059,1.5937021970748901,-1.1476483345031738,-2.0569210052490234,-1.021046757698059,-1.4762263298034668,-0.14886799454689026,-2.6418111324310303,-0.5002654194831848,-0.26412200927734375
0.05818037499999998,0.0034223749999999996,17.0,1.758825411647848,1.12390507207941,0.05789008033723709,0.003833254591303899,9.20840888858618e-5,0.0016428075036557504,0.06861336914389449,-0.07387328147888184,-0.07088226824998856,0.33366212248802185,1.6071951389312744,-1.1880970001220703,-2.1118626594543457,-1.0158193111419678,-1.4555482864379883,-0.13652768731117249,-2.592114210128784,-0.5454588532447815,-0.29895102977752686
0.05818037499999998,0.0034223749999999996,17.0,1.773334427461053,1.1383888065753487,0.05787984700268086,0.003939594791648971,9.467213811977764e-5,0.0016879805636556468,0.06861353210529005,-0.07214638590812683,-0.07316826283931732,0.33005955815315247,1.5868699550628662,-1.1413483619689941,-2.047698974609375,-1.016050100326538,-1.4829671382904053,-0.1412407010793686,-2.651752471923828,-0.527690052986145,-0.25001299381256104
0.05818037499999998,0.0034223749999999996,17.0,1.7870053885956723,1.1520497270051955,0.05787759944696303,0.0040497799095179825,9.73702513030657e-5,0.001735102607322326,0.06861355612314622,-0.07116469740867615,-0.07522734999656677,0.329080730676651,1.5776808261871338,-1.1081215143203735,-2.018167495727539,-1.0199682712554932,-1.499319076538086,-0.12273966521024704,-2.7053608894348145,-0.5141891837120056,-0.2235737442970276
0.05818037499999998,0.0034223749999999996,17.0,1.7998433527150368,1.164884467849073,0.057843410815786096,0.004168760226392711,9.999795991328352e-5,0.0017854722853187796,0.06861417084200691,-0.07256606221199036,-0.07519058883190155,0.32939431071281433,1.585320234298706,-1.0782101154327393,-2.0276474952697754,-1.0154160261154175,-1.5288057327270508,-0.1750890612602234,-2.718527317047119,-0.5421670079231262,-0.20395731925964355
0.05818037499999998,0.0034223749999999996,17.0,1.8118500711705365,1.176887983708516,0.05780894475896238,0.004293870905042116,0.00010256445739539099,0.0018384673281678014,0.06861409686550093,-0.07347726821899414,-0.07430882006883621,0.32801416516304016,1.5883616209030151,-1.0474379062652588,-2.0143513679504395,-1.009629249572754,-1.5581252574920654,-0.2418643832206726,-2.725294589996338,-0.5811707377433777,-0.17977207899093628
0.05818037499999998,0.0034223749999999996,17.0,1.8230150873611664,1.1880755511109096,0.057802867097403385,0.0044217194296703845,0.00010546984797029522,0.0018937842094600911,0.06861389014058089,-0.07666397094726562,-0.07210451364517212,0.3311293423175812,1.609963059425354,-1.0448960065841675,-2.0798988342285156,-1.0023996829986572,-1.5734775066375732,-0.3024463653564453,-2.689607620239258,-0.6545302867889404,-0.1903235912322998
0.05818037499999998,0.0034223749999999996,17.0,1.833344617967292,1.1984141496598866,0.057831121675591436,0.00456140435165926,0.00010825119835516108,0.0019542959503601443,0.06861290782689637,-0.07926693558692932,-0.07107150554656982,0.33146920800209045,1.620073676109314,-1.0037336349487305,-2.092240810394287,-0.9950602054595947,-1.6128172874450684,-0.3978986144065857,-2.6874654293060303,-0.7162683010101318,-0.16532713174819946
0.05818037499999998,0.0034223749999999996,17.0,1.8428468703512897,1.2079168022201798,0.05785482157742557,0.004721164349181366,0.00011133911499113727,0.0020228812629402844,0.06861222026893739,-0.08130043745040894,-0.07145467400550842,0.3311522901058197,1.6223411560058594,-0.9362137317657471,-2.0700392723083496,-0.9954601526260376,-1.6654117107391357,-0.49653199315071106,-2.725240707397461,-0.7543659806251526,-0.11852693557739258
0.05818037499999998,0.0034223749999999996,17.0,1.8515109183284475,1.2165947890894289,0.05790936468351957,0.004902963348921197,0.00011537265155127678,0.0021025042194158547,0.06861084213735567,-0.0839076042175293,-0.07070287317037582,0.3330588638782501,1.6343332529067993,-0.9053253531455994,-2.1017065048217773,-0.9942243099212646,-1.691978931427002,-0.5569148063659668,-2.7186262607574463,-0.8069009780883789,-0.10777533054351807
0.05818037499999998,0.0034223749999999996,17.0,1.8589248807903298,1.223239047991095,0.061685689217172074,0.0051394061464225494,5.0594864798489645e-5,0.0021952263480782435,0.06858889389094218,-0.09017553925514221,-0.07192787528038025,0.3289601504802704,1.654495120048523,-0.8176097869873047,-2.0431671142578125,-0.9949464797973633,-1.759840965270996,-0.6860360503196716,-2.7896885871887207,-0.8225100636482239,-0.0634545087814331
0.05818037499999998,0.0034223749999999996,17.0,1.865917284382312,1.2302686544388068,0.06170743265622807,0.0054883870445919984,5.379233373199443e-5,0.0023466112676907335,0.06858827036696157,-0.09340190887451172,-0.07183454930782318,0.3316797912120819,1.6671630144119263,-0.7677659392356873,-2.069436550140381,-1.0001941919326782,-1.7990837097167969,-0.7586498856544495,-2.7992935180664062,-0.8707454204559326,-0.04108452796936035
0.05818037499999998,0.0034223749999999996,17.0,1.8720908971410506,1.2364552966281892,0.06173052018174482,0.006070995807017919,5.8641368400840036e-5,0.002596234934928916,0.06858798185629177,-0.09605517983436584,-0.07174277305603027,0.3344884216785431,1.6794689893722534,-0.7254052758216858,-2.0998873710632324,-1.0074424743652344,-1.8289871215820312,-0.8037545084953308,-2.800156593322754,-0.9128547310829163,-0.026874542236328125
0.05818037499999998,0.0034223749999999996,17.0,1.8774266107121595,1.241811472890617,0.06176879696541231,0.0073956545745722385,7.052437206371635e-5,0.003165658883781359,0.06858705579740157,-0.09807336330413818,-0.07322026789188385,0.33579298853874207,1.6728730201721191,-0.6120603680610657,-2.041080951690674,-1.0349515676498413,-1.9069557189941406,-0.8935241103172302,-2.8846936225891113,-0.9297344088554382,0.054641008377075195
0.05818037499999998,0.0034223749999999996,17.0,1.8819721907543778,1.2463388287962005,0.06181773301359963,0.013713407118052008,0.00012598849137064453,0.005874438435756058,0.06858590605141944,-0.09750565886497498,-0.0731668695807457,0.34441789984703064,1.655542016029358,-0.49209925532341003,-2.0645761489868164,-1.093267798423767,-1.9807779788970947,-0.8152294754981995,-2.838841438293457,-0.9592854976654053,0.14035922288894653
0.05818037499999998,0.0034223749999999996,17.0,1.851828545339894,-1.2423874872653071,0.04468217807668535,-0.013555661557086707,-0.00028406966385932224,-0.006087174441609183,0.06854783437483483,0.10096408426761627,-0.01028468832373619,-0.1192798912525177,0.12212078273296356,0.1637842208147049,-0.7738595008850098,0.9320856928825378,-0.7746841311454773,-0.772717297077179,0.18968868255615234,-0.5257642865180969,0.19329267740249634
0.05818037499999998,0.0034223749999999996,17.0,1.847301190173772,-1.237851874663777,0.044708358082205926,-0.0073118564833448705,-0.00015224881427945336,-0.0032840824596745053,0.0685479093982916,0.10046777129173279,-0.007555739488452673,-0.11056345701217651,0.11944007873535156,0.2118111550807953,-0.7944984436035156,0.8937553763389587,-0.7954505085945129,-0.75398850440979,0.21050453186035156,-0.5530682802200317,0.21005815267562866
0.05818037499999998,0.0034223749999999996,17.0,1.8419571672965633,-1.2324896394717593,0.04470155941994948,-0.006002202419528339,-0.00012492319068835916,-0.002695519148034546,0.06854803775667861,0.10165305435657501,-0.006493769120424986,-0.1088247001171112,0.11558569967746735,0.21790564060211182,-0.7842819690704346,0.8872973322868347,-0.7951993346214294,-0.760470449924469,0.2141714096069336,-0.5553053021430969,0.21097594499588013
0.05818037499999998,0.0034223749999999996,17.0,1.8357795094781046,-1.2262993234866353,0.04469771819668351,-0.00542939761003286,-0.000113153417508472,-0.00243808468782782,0.06854820742111299,0.10432499647140503,-0.006480704061686993,-0.10683637857437134,0.10837164521217346,0.20874516665935516,-0.7748351097106934,0.8976249694824219,-0.7910608649253845,-0.7620701193809509,0.21937823295593262,-0.5321382284164429,0.21107196807861328
0.05818037499999998,0.0034223749999999996,17.0,1.8287601350135194,-1.2192772673576673,0.04469962651795237,-0.005083339867582251,-0.00010581692251546143,-0.002282781236762382,0.06854797833848221,0.1037166565656662,-0.005511920899152756,-0.10708677768707275,0.10515673458576202,0.20529904961585999,-0.7677793502807617,0.8905909061431885,-0.7875072360038757,-0.7695618271827698,0.22734808921813965,-0.5377522706985474,0.20887666940689087
0.05818037499999998,0.0034223749999999996,17.0,1.8209161061410566,-1.2114252435587138,0.0446986262557031,-0.004848704067712071,-0.00010109188240022159,-0.0021774121339376237,0.06854800551376972,0.10568878054618835,-0.005466800648719072,-0.1056082546710968,0.09726402163505554,0.18737031519412994,-0.7594211101531982,0.9011675119400024,-0.7803938984870911,-0.7718232870101929,0.23862624168395996,-0.5130004286766052,0.20622771978378296
0.05818037499999998,0.0034223749999999996,17.0,1.8120257420218557,-1.2016499569985215,0.04234903889270586,-0.004685779614052304,-0.00013083182718651808,-0.0020574908667417,0.06858825342318325,0.10722875595092773,-0.005999652203172445,-0.10460680723190308,0.09046116471290588,0.18295370042324066,-0.7341248989105225,0.906410276889801,-0.7879977822303772,-0.7876986861228943,0.2433176040649414,-0.49864131212234497,0.21660512685775757
0.05818037499999998,0.0034223749999999996,17.0,1.8025121930593113,-1.1921377609959787,0.042352690711771085,-0.004526837892170646,-0.00012639492850050402,-0.0019877625579351036,0.06858818965617969,0.10900670289993286,-0.00590638630092144,-0.10359686613082886,0.08626635372638702,0.1762063205242157,-0.7168478965759277,0.9175236821174622,-0.7871474623680115,-0.7946197390556335,0.24247312545776367,-0.48416295647621155,0.21676141023635864
0.05818037499999998,0.0034223749999999996,17.0,1.7921678246688502,-1.181794750920242,0.0423546647176416,-0.004392926857229095,-0.00012264452950334486,-0.0019290063587349005,0.06858812072560062,0.11297394335269928,-0.0065078893676400185,-0.10115861892700195,0.0820692628622055,0.16913770139217377,-0.6899633407592773,0.9411134123802185,-0.7873261570930481,-0.8013783097267151,0.23248910903930664,-0.4582647979259491,0.21696358919143677
0.05818037499999998,0.0034223749999999996,17.0,1.7809921558433572,-1.1706206330265088,0.04235653795272572,-0.004260065258297328,-0.00011892478469671172,-0.0018707086281696294,0.06858805068484305,0.11408843100070953,-0.006080286111682653,-0.10050502419471741,0.0786069929599762,0.16352297365665436,-0.6626381874084473,0.9492274522781372,-0.7876520752906799,-0.8164004683494568,0.22946786880493164,-0.4499519467353821,0.21681290864944458
0.05818037499999998,0.0034223749999999996,17.0,1.7689560576038847,-1.1586445995304564,0.04253730728023214,-0.004133899570470258,-0.00011505228859765797,-0.0018177881644520597,0.06858468042381378,0.11605972051620483,-0.006259551737457514,-0.09898337721824646,0.07573144137859344,0.16020792722702026,-0.6391098499298096,0.9655831456184387,-0.7905085682868958,-0.8242925405502319,0.22128009796142578,-0.4329032301902771,0.2183675765991211
0.05818037499999998,0.0034223749999999996,17.0,1.7561506088922652,-1.1457765369722996,0.042341095543672276,-0.004012184526725396,-0.00011199827333138957,-0.0017616869956383365,0.06858821162632388,0.12427946925163269,-0.007532318588346243,-0.0952184796333313,0.07048003375530243,0.17474286258220673,-0.5763146877288818,1.0026990175247192,-0.7943316102027893,-0.8291564583778381,0.18079233169555664,-0.38462740182876587,0.2235337495803833
0.05818037499999998,0.0034223749999999996,17.0,1.7424834115159198,-1.1321071152950335,0.04233262590186757,-0.003917307438425563,-0.00010935375540065881,-0.0017199198945390647,0.06858832304520916,0.12774690985679626,-0.008520018309354782,-0.09278413653373718,0.06456264853477478,0.1835651993751526,-0.5644564628601074,1.0204689502716064,-0.7944048047065735,-0.8161942958831787,0.16501975059509277,-0.3572910726070404,0.22836405038833618
0.05818037499999998,0.0034223749999999996,17.0,1.7279617788534742,-1.1176291390769277,0.04246637831389619,-0.003781079933883939,-0.0001053229168892322,-0.0016617418595448277,0.06858586291125589,0.13008008897304535,-0.008962584659457207,-0.0914120078086853,0.0590766966342926,0.1919427365064621,-0.5551409721374512,1.0310355424880981,-0.7955096364021301,-0.8060203790664673,0.15481162071228027,-0.33324959874153137,0.2334023118019104
0.05818037499999998,0.0034223749999999996,17.0,1.7126308822258938,-1.1022959739847111,0.04246288785048288,-0.003618436163269898,-0.00010082796935656702,-0.0015902168730692245,0.06858600095207616,0.13085606694221497,-0.009039454162120819,-0.0908808708190918,0.05892181396484375,0.20806434750556946,-0.5398588180541992,1.0304137468338013,-0.802439272403717,-0.8118916153907776,0.13851475715637207,-0.33448153734207153,0.23960858583450317
0.05818037499999998,0.0034223749999999996,17.0,1.6964740239750669,-1.0861280237567517,0.04242880202998681,-0.00345014749052176,-9.619470724082322e-5,-0.0015158706563317894,0.06858663160510595,0.12275715172290802,-0.0063202036544680595,-0.09519639611244202,0.050110623240470886,0.18669430911540985,-0.5831248760223389,0.9933724999427795,-0.7939621806144714,-0.8246563076972961,0.18917608261108398,-0.36026710271835327,0.23996716737747192
0.05818037499999998,0.0034223749999999996,17.0,1.6794806504010125,-1.0691345604273406,0.042427046292823685,-0.003287803918331239,-9.166827109284064e-5,-0.0014445316131484612,0.06858664562885375,0.12193799018859863,-0.006502198521047831,-0.09379410743713379,0.044289231300354004,0.18009386956691742,-0.6012651920318604,0.996096134185791,-0.7898706793785095,-0.8185965418815613,0.19811153411865234,-0.349761039018631,0.24020344018936157
0.05818037499999998,0.0034223749999999996,17.0,1.6616570175030625,-1.0513073403749795,0.04242095088418288,-0.003093265694094845,-8.627412936936904e-5,-0.001358983343358007,0.0685868234469942,0.11855979263782501,-0.006091800518333912,-0.09274768829345703,0.035728827118873596,0.16923561692237854,-0.6532149314880371,0.9871594309806824,-0.7757782340049744,-0.7989537119865417,0.21563458442687988,-0.348052442073822,0.2360665202140808
0.05818037499999998,0.0034223749999999996,17.0,1.6432993648236216,-1.0337316738491626,0.04477113991405157,-0.00294561322913362,-6.245414553981319e-5,-0.001321631402579659,0.06854912675962346,0.11690309643745422,-0.004436320625245571,-0.09177008271217346,0.030277803540229797,0.16127750277519226,-0.6807639598846436,0.9838052988052368,-0.753784716129303,-0.7851536273956299,0.21671819686889648,-0.34536266326904297,0.22004812955856323
0.05818037499999998,0.0034223749999999996,17.0,1.6238141599273783,-1.014242404603448,0.04478317243552295,-0.002791145103649812,-5.946074319385905e-5,-0.0012524477543053344,0.06855054177780814,0.11709508299827576,-0.00402927678078413,-0.08838188648223877,0.012708902359008789,0.13842852413654327,-0.7086830139160156,0.9910268187522888,-0.7277933955192566,-0.7640507221221924,0.22517919540405273,-0.3175830841064453,0.20730137825012207
0.05818037499999998,0.0034223749999999996,17.0,1.6032041625875508,-0.9928354303463256,0.04236604569682193,-0.002577062501396537,-7.196685742108569e-5,-0.0011317476587193794,0.06858788165085515,0.11647775769233704,-0.004020222462713718,-0.08459612727165222,-0.01041528582572937,0.11313316971063614,-0.7457492351531982,0.9855477213859558,-0.7041154503822327,-0.7360293865203857,0.24302339553833008,-0.2873878479003906,0.20249271392822266
0.05818037499999998,0.0034223749999999996,17.0,1.5820549167067524,-0.9716862543319129,0.04236512060468359,-0.002360632651077721,-6.591944962182307e-5,-0.0010366922804031424,0.06858786594242575,0.12242375314235687,-0.003040171228349209,-0.07821828126907349,-0.04165884852409363,0.09051714837551117,-0.7325694561004639,1.0077641010284424,-0.6522899270057678,-0.704458475112915,0.2228398323059082,-0.22893880307674408,0.17325276136398315
0.05818037499999998,0.0034223749999999996,17.0,1.56007537804779,-0.9497037717992581,0.042356515921865526,-0.0021601154803610662,-6.034161256386259e-5,-0.0009485801057462368,0.06858802252434296,0.12230756878852844,-0.0008180945878848433,-0.0730513334274292,-0.07355421781539917,0.039992112666368484,-0.757817268371582,0.9999826550483704,-0.5996606945991516,-0.6609418392181396,0.24165678024291992,-0.18960343301296234,0.14277082681655884
0.05818037499999998,0.0034223749999999996,17.0,1.5372628349789554,-0.9268926409493594,0.04235884548134071,-0.0019620517501450015,-5.481499182325742e-5,-0.0008616312620271932,0.06858793773425925,0.10713611543178558,-0.006349224131554365,-0.07550105452537537,-0.29197055101394653,0.03578590229153633,-0.3099517822265625,0.4784647822380066,-0.03279048204421997,-0.6561832427978516,-0.2589073181152344,0.8583176136016846,-0.19957411289215088
0.05818037499999998,0.0034223749999999996,17.0,1.513620762052485,-0.9032485058935776,0.04235090886395884,-0.0018268427868330349,-5.10544372653141e-5,-0.000802221728761214,0.06858805159700455,0.11159178614616394,-0.0003562476485967636,-0.05240407586097717,-0.35321879386901855,0.16232645511627197,-0.015129327774047852,0.47464868426322937,0.23533591628074646,-0.4810658395290375,-0.4995623826980591,1.1840085983276367,-0.42257174849510193
0.05818037499999998,0.0034223749999999996,17.0,1.489148551226837,-0.878770820450171,0.042335191273142524,-0.0016069001256481513,-4.494065257960731e-5,-0.0007055710288531716,0.06858836448491157,0.10436463356018066,0.0038764914497733116,-0.0396629273891449,-0.404039204120636,0.1334962099790573,-0.03683662414550781,0.4993860721588135,0.3353637456893921,-0.33675628900527954,-0.4575939178466797,1.169588565826416,-0.4789336621761322
0.05818037499999998,0.0034223749999999996,17.0,1.4638424264023762,-0.8534647029183329,0.04233522574735893,-0.0014157217502588544,-3.961219709729038e-5,-0.0006216417962933411,0.0685883831855735,0.09929640591144562,0.009629406034946442,-0.028031080961227417,-0.44556868076324463,0.11389077454805374,0.057413578033447266,0.5106411576271057,0.4525437355041504,-0.2398943454027176,-0.44576263427734375,1.2146581411361694,-0.5647769570350647
0.05818037499999998,0.0034223749999999996,17.0,1.4377067551971345,-0.8273272916321179,0.04232665819062007,-0.001225496281472518,-3.429493462227933e-5,-0.0005380876406466882,0.06858851447140862,0.09204445779323578,0.01564410701394081,-0.01720106601715088,-0.48477649688720703,0.08780169486999512,0.13019943237304688,0.5330705046653748,0.5689427256584167,-0.13531506061553955,-0.3976074457168579,1.2226428985595703,-0.6489173173904419
0.05818037499999998,0.0034223749999999996,17.0,1.4107386467236787,-0.8003594287619548,0.04232611190688325,-0.0010771580392908125,-3.0144466063880517e-5,-0.0004729599071713496,0.06858851911623723,0.08905214071273804,0.02095237746834755,-0.008249223232269287,-0.508640468120575,0.12923449277877808,0.2749502658843994,0.5375648736953735,0.7134130597114563,-0.059444136917591095,-0.47167086601257324,1.3210293054580688,-0.7711501121520996
0.05818037499999998,0.0034223749999999996,17.0,1.3829386175342828,-0.7725591294905321,0.042326996201132366,-0.0009379017124453013,-2.6257391727784446e-5,-0.00041182444307725125,0.06858857267439313,0.08709101378917694,0.023957785218954086,-0.0043044984340667725,-0.5187649130821228,0.16181091964244843,0.36056041717529297,0.5228838920593262,0.7921593189239502,-0.018490273505449295,-0.5472784042358398,1.4059646129608154,-0.8363693356513977
0.05818037499999998,0.0034223749999999996,17.0,1.3543111655452371,-0.7439261038468523,0.04230804129780544,-0.0007622247094352803,-2.134039657168725e-5,-0.00033464139383255684,0.06858890116444027,0.08321279287338257,0.026222988963127136,-0.00725218653678894,-0.5211334228515625,0.10718940198421478,0.3497283458709717,0.5077447295188904,0.7689254283905029,-0.05586743354797363,-0.47492849826812744,1.3542107343673706,-0.8086633682250977
0.05818037499999998,0.0034223749999999996,17.0,1.324850162709591,-0.7144627510527863,0.04230220148794068,-0.0006653374551453053,-1.863222338348591e-5,-0.00029209421196590464,0.06858904498400693,0.07610969245433807,0.027025122195482254,-0.011409372091293335,-0.5241606831550598,0.023251518607139587,0.2259969711303711,0.49699193239212036,0.6810434460639954,-0.08641936630010605,-0.31987738609313965,1.1995022296905518,-0.7109375
0.05818037499999998,0.0034223749999999996,17.0,1.2946076994153342,-0.6851449847565729,0.045028218633525956,-0.000495217748209686,-1.0199400589249413e-5,-0.0002201834670543641,0.06857446671531382,0.06902197003364563,0.027719292789697647,-0.013027191162109375,-0.522678792476654,-0.03074602782726288,0.11859631538391113,0.4632761478424072,0.6334158778190613,-0.09499017894268036,-0.21216368675231934,1.043792724609375,-0.6549313068389893
0.05818037499999998,0.0034223749999999996,17.0,1.263453740805103,-0.654021913578063,0.04500118024041591,-0.0002942694451465781,-6.070823941991843e-6,-0.00013117972444109613,0.06857417828774282,0.0620516836643219,0.02660299465060234,-0.015067487955093384,-0.5145390033721924,-0.055410873144865036,0.0028846263885498047,0.4372110068798065,0.5695766806602478,-0.08880119770765305,-0.12764549255371094,0.8921812176704407,-0.5900439620018005
0.05818037499999998,0.0034223749999999996,17.0,1.231451313039101,-0.622071691492337,0.04497528184232575,-0.00011624339200889983,-2.3816804334155498e-6,-5.197423259654275e-5,0.06857309507553752,0.05257347226142883,0.025565918534994125,-0.01825159788131714,-0.4963369369506836,-0.08788124471902847,-0.11600494384765625,0.36540621519088745,0.47529512643814087,-0.11029280722141266,-0.005852222442626953,0.6677266955375671,-0.5021004676818848
0.05818037499999998,0.0034223749999999996,17.0,1.1986612746856786,-0.5892876330385318,0.04498295765920071,7.622949185789224e-5,1.5657431478567033e-6,3.408158508158067e-5,0.06857338145921704,0.05167655646800995,0.0250672847032547,-0.0159929096698761,-0.49308937788009644,-0.08419036120176315,-0.1282811164855957,0.3693315386772156,0.4773111939430237,-0.09137293696403503,-0.013535499572753906,0.6616268157958984,-0.5058359503746033
0.05818037499999998,0.0034223749999999996,17.0,1.1650500859530912,-0.5556703186303686,0.04499649358289031,0.0001993790578376425,4.123063738096475e-6,8.905778742699334e-5,0.06857477684470571,0.047523558139801025,0.02545304223895073,-0.017082124948501587,-0.47793179750442505,-0.10626022517681122,-0.1589350700378418,0.3179941773414612,0.4206313490867615,-0.11828089505434036,0.046536922454833984,0.5562227368354797,-0.459322065114975
0.05818037499999998,0.0034223749999999996,17.0,1.1305840299867507,-0.5212202977644179,0.04498747174165486,0.0003433635235063078,7.044806530867767e-6,0.00015353504793064136,0.0685733352998985,0.048447802662849426,0.025478679686784744,-0.014624208211898804,-0.4892178177833557,-0.08151622861623764,-0.1391141414642334,0.3528020977973938,0.455282986164093,-0.09963881224393845,-0.00808858871459961,0.6007362008094788,-0.48598790168762207
0.05818037499999998,0.0034223749999999996,17.0,1.095299932695391,-0.48594229713113407,0.0450030759143391,0.0004927190929313491,1.01330555105104e-5,0.00022030182203944149,0.06857349104460991,0.04774917662143707,0.025279361754655838,-0.01211458444595337,-0.48965954780578613,-0.07523465156555176,-0.1383664608001709,0.36129507422447205,0.45835068821907043,-0.08787254989147186,-0.021169185638427734,0.6009476184844971,-0.48850691318511963
0.05818037499999998,0.0034223749999999996,17.0,1.0591858347387533,-0.44983218276964665,0.04501166101417032,0.0006473273918807809,1.3348262012666463e-5,0.0002893906272670674,0.06857376495189113,0.047066494822502136,0.025087211281061172,-0.009550988674163818,-0.4898056387901306,-0.06869567185640335,-0.13750290870666504,0.3711247146129608,0.4612444341182709,-0.07529478520154953,-0.03497004508972168,0.6019987463951111,-0.4911939799785614
0.05818037499999998,0.0034223749999999996,17.0,1.022240861869069,-0.412890948809772,0.045021042998772985,0.0008093304005947423,1.6737616167173693e-5,0.0003617630077263339,0.06857403658585215,0.04653351008892059,0.024855230003595352,-0.006910264492034912,-0.4896544814109802,-0.062172781676054,-0.1366581916809082,0.38319700956344604,0.46358808875083923,-0.06315524131059647,-0.049749135971069336,0.6036707162857056,-0.49368318915367126
0.05818037499999998,0.0034223749999999996,17.0,0.9844649371823173,-0.3751186508896317,0.04503059715046821,0.0009987437948451368,2.0723475875705467e-5,0.00044636640387540026,0.06857430927057767,0.046089306473731995,0.024598494172096252,-0.004235953092575073,-0.48883718252182007,-0.05530446767807007,-0.13741016387939453,0.3966880440711975,0.46565285325050354,-0.048836514353752136,-0.06431460380554199,0.60417640209198,-0.49644261598587036
0.05818037499999998,0.0034223749999999996,17.0,0.945865802944935,-0.33651445536810587,0.04504203035094676,0.0011152878836337469,2.3214457839372946e-5,0.00049823564008356,0.06857455602589321,0.04736416041851044,0.024479862302541733,-0.0014418959617614746,-0.4897540211677551,-0.05190042406320572,-0.12221717834472656,0.4147724211215973,0.4752098321914673,-0.049501076340675354,-0.08626341819763184,0.6158788800239563,-0.5062524080276489
0.05818037499999998,0.0034223749999999996,17.0,0.9064283866827291,-0.2970799605025052,0.04505010976094095,0.0012237474500575618,2.5551934515373685e-5,0.000546591380757182,0.06857481279985053,0.0488414466381073,0.024592813104391098,0.0013818740844726562,-0.4839116334915161,-0.06175737455487251,-0.11224174499511719,0.42821767926216125,0.47459501028060913,-0.038181353360414505,-0.09275674819946289,0.6370689272880554,-0.5121364593505859
0.05818037499999998,0.0034223749999999996,17.0,0.8661455438693375,-0.25680907711861645,0.045041723142840835,0.0014680569606766174,3.0350969470926517e-5,0.0006564070260488096,0.06857309250791041,0.04839056730270386,0.02429455891251564,0.00412595272064209,-0.48229604959487915,-0.053862109780311584,-0.11205458641052246,0.4453611671924591,0.4755879044532776,-0.03013060800731182,-0.11083507537841797,0.6396230459213257,-0.5146826505661011
0.05818037499999998,0.0034223749999999996,17.0,0.8250526149113474,-0.21571154195143846,0.045055319651395954,0.001680683077308229,3.5082001901447425e-5,0.000750689933899045,0.06857461227524335,0.049305543303489685,0.02400139719247818,0.007117539644241333,-0.4898892045021057,-0.02410126104950905,-0.08177614212036133,0.4935244619846344,0.5185034275054932,-0.011582847684621811,-0.18821382522583008,0.7042597532272339,-0.5522747039794922
0.05818037499999998,0.0034223749999999996,17.0,0.783115390625645,-0.17378471359263042,0.04508880747683061,0.0019267968891167758,4.029225045084369e-5,0.0008605336239873137,0.06857449154046792,0.04465186595916748,0.023960426449775696,0.008998602628707886,-0.4820502996444702,-0.023502066731452942,-0.12742924690246582,0.47559893131256104,0.4780668318271637,-0.023373620584607124,-0.15323567390441895,0.6261358261108398,-0.5156801342964172
0.05818037499999998,0.0034223749999999996,17.0,0.7403471447584843,-0.13102221863418406,0.04510731696920184,0.0019532521088588876,4.077845710157208e-5,0.000871944015038414,0.06857468877571146,0.04325966536998749,0.024276942014694214,0.013935357332229614,-0.48261314630508423,-0.013055016286671162,-0.10346364974975586,0.4926151633262634,0.5074642300605774,-0.06368879973888397,-0.17612743377685547,0.659986138343811,-0.5433017015457153
0.05818037499999998,0.0034223749999999996,17.0,0.6967517994659443,-0.08742816297567191,0.04512226704972697,0.0019462148918273098,4.0196549836867286e-5,0.0008657924407412029,0.06857502313261395,0.0362391322851181,0.02315753698348999,0.020103424787521362,-0.4671171307563782,-0.07808254659175873,0.05495452880859375,0.5328112840652466,0.6326009035110474,-0.21710024774074554,-0.3625519275665283,1.055088758468628,-0.6664654016494751
0.05818037499999998,0.0034223749999999996,17.0,0.6522513217982289,-0.043032829398598545,0.04523274783576367,0.0017868473739115437,3.6432002161295875e-5,0.0007897906046393484,0.06857904016483629,0.013498619198799133,0.02094162628054619,0.028970062732696533,-0.43269258737564087,-0.24397899210453033,0.2135763168334961,0.4926426112651825,0.7412664294242859,-0.3086017966270447,-0.5229620933532715,1.58713960647583,-0.7647867202758789
0.05818037499999998,0.0034223749999999996,17.0,0.607036053491595,0.0020293424828113056,0.04506153735170973,6.538880309885071e-6,1.4598067303849777e-7,2.9111248612656747e-6,0.06853174230394993,0.02631363272666931,-0.005924061872065067,0.021449148654937744,0.29723060131073,-0.7856853604316711,-0.5365309715270996,0.7795722484588623,-0.7575843930244446,-0.2644452154636383,0.009378671646118164,0.5762002468109131,-0.0851140022277832
0.05818037499999998,0.0034223749999999996,17.0,0.6521962621398598,0.04730223328197053,0.045125704373889554,-0.001771860662767797,-3.6496253137269586e-5,-0.0007905945861461411,0.068534714618756,-0.012006372213363647,-0.014228127896785736,0.04158022999763489,0.41772574186325073,-0.664976179599762,-0.6377410888671875,0.4559391140937805,-0.8886672854423523,-0.5028657913208008,-0.07296180725097656,0.5970286130905151,-0.04087859392166138
0.05818037499999998,0.0034223749999999996,17.0,0.6965432920615274,0.0916781029510514,0.045166204132546614,-0.0019297143992312118,-3.7553880331833856e-5,-0.0008605762283677922,0.06853423816883551,-0.03294798731803894,-0.04407840967178345,0.05279576778411865,0.5765292048454285,-0.6505361199378967,-0.5964758396148682,0.27149873971939087,-0.8977034687995911,-0.4860856235027313,-0.19258618354797363,0.629357635974884,-0.15548086166381836
0.05818037499999998,0.0034223749999999996,17.0,0.7401158603514856,0.13528177862435123,0.04518484356619505,-0.0019261257633767027,-3.688919385048307e-5,-0.0008594862390602725,0.06853557371547336,-0.03657129406929016,-0.04205715283751488,0.056217581033706665,0.5578663349151611,-0.6043269038200378,-0.6245272159576416,0.2311149388551712,-0.9135531783103943,-0.5612294673919678,-0.18504714965820312,0.6578814387321472,-0.113833487033844
0.05818037499999998,0.0034223749999999996,17.0,0.7828792381125081,0.1780381854412808,0.04518878607022104,-0.0018366981558843429,-3.516672957123181e-5,-0.0008193774737109848,0.06853553068652354,-0.03568395972251892,-0.04341207817196846,0.057123392820358276,0.5617773532867432,-0.5892217755317688,-0.6001608371734619,0.2408527135848999,-0.9006378054618835,-0.5775736570358276,-0.20848369598388672,0.6612452864646912,-0.1274222731590271
0.05818037499999998,0.0034223749999999996,17.0,0.8248316038718333,0.21995010110062987,0.045192944395081085,-0.001718116784166366,-3.3379638233749325e-5,-0.0007660514364201918,0.0685349621422804,-0.029141873121261597,-0.047783296555280685,0.05754929780960083,0.5777896642684937,-0.5939081907272339,-0.5543105602264404,0.30584952235221863,-0.8578558564186096,-0.5440866351127625,-0.23812007904052734,0.6569225788116455,-0.18563270568847656
0.05818037499999998,0.0034223749999999996,17.0,0.8659407806402077,0.2610241047210135,0.045212188759432115,-0.0016360417127803766,-3.221550983480372e-5,-0.0007288286006188625,0.0685336878917346,-0.025834381580352783,-0.05377837270498276,0.060782670974731445,0.6041558980941772,-0.6221214532852173,-0.4894545078277588,0.3608553409576416,-0.8131096959114075,-0.48976582288742065,-0.28195786476135254,0.6813782453536987,-0.25521278381347656
0.05818037499999998,0.0034223749999999996,17.0,0.9064859289946529,0.30256014542649173,0.04227332657784683,-0.0013481632414350248,-3.765624161302385e-5,-0.000591669559314724,0.0685888148401946,-0.017993241548538208,-0.06418879330158234,0.062034666538238525,0.6788131594657898,-0.6145408153533936,-0.3296794891357422,0.44550248980522156,-0.7401779294013977,-0.4298821985721588,-0.3786032199859619,0.5934143662452698,-0.4027814567089081
0.05818037499999998,0.0034223749999999996,17.0,0.9459206456095308,0.3419932582253465,0.04228206018199486,-0.0012798257898790036,-3.573320586081871e-5,-0.0005617179719785026,0.06858861912116358,-0.01491972804069519,-0.06411827355623245,0.06188523769378662,0.6902636289596558,-0.5929731726646423,-0.28414082527160645,0.4883582592010498,-0.7220883965492249,-0.45379921793937683,-0.40328752994537354,0.5334903597831726,-0.43390366435050964
0.05818037499999998,0.0034223749999999996,17.0,0.9845246762055893,0.38059657220648074,0.042287533014845974,-0.001096645300524904,-3.061193766656036e-5,-0.0004813404675479414,0.06858850293375143,-0.009831726551055908,-0.06632887572050095,0.06057092547416687,0.714330792427063,-0.5785467624664307,-0.22783780097961426,0.5381366014480591,-0.6839725375175476,-0.4454514682292938,-0.43408703804016113,0.46701592206954956,-0.49556368589401245
0.05818037499999998,0.0034223749999999996,17.0,1.0222985432507974,0.41837038325658604,0.04228675846691889,-0.0008870029492111256,-2.4760449278863434e-5,-0.00038932142589467704,0.06858852052338796,-0.00819137692451477,-0.06624465435743332,0.062038302421569824,0.7187824249267578,-0.5650432705879211,-0.21796941757202148,0.5575068593025208,-0.6767521500587463,-0.450668603181839,-0.4569317102432251,0.46455854177474976,-0.506068229675293
0.05818037499999998,0.0034223749999999996,17.0,1.059241179319381,0.45531296358505347,0.042285994526443015,-0.0007082921728555056,-1.9771883289910026e-5,-0.0003108801435173105,0.06858853760634576,-0.007098197937011719,-0.0664886012673378,0.06366583704948425,0.7240011692047119,-0.5514652132987976,-0.21209287643432617,0.5724427103996277,-0.6704136729240417,-0.4570175111293793,-0.47801005840301514,0.4621959328651428,-0.5160130262374878
0.05818037499999998,0.0034223749999999996,17.0,1.0953536605066656,0.491425981213584,0.04227726377814722,-0.0005402856360988101,-1.5084514650623975e-5,-0.00023712568302013934,0.06858872682229156,-0.006439954042434692,-0.06696605682373047,0.06546613574028015,0.7301208972930908,-0.5380328893661499,-0.20811986923217773,0.5839883685112,-0.6647682785987854,-0.4640895426273346,-0.4985978603363037,0.4595045745372772,-0.5258749723434448
0.05818037499999998,0.0034223749999999996,17.0,1.1306338759298629,0.526706136000918,0.04227653227199329,-0.00038116242731469496,-1.0641767232614324e-5,-0.00016728718025490848,0.06858874319086969,-0.005981713533401489,-0.06748739629983902,0.06725415587425232,0.7367010116577148,-0.5251553058624268,-0.20485663414001465,0.5939173698425293,-0.6592501997947693,-0.47115078568458557,-0.5184973478317261,0.45657652616500854,-0.5359522104263306
0.05818037499999998,0.0034223749999999996,17.0,1.1650821479432945,0.5611544148479959,0.0422812746186377,-0.0002435169810125976,-6.798606795693464e-6,-0.00010687954022597076,0.06858864715560356,-0.0070459842681884766,-0.06584866344928741,0.07036152482032776,0.7176835536956787,-0.5304515361785889,-0.23473167419433594,0.5922279357910156,-0.6759131550788879,-0.4814436435699463,-0.5186840295791626,0.5338019132614136,-0.49872758984565735
0.05818037499999998,0.0034223749999999996,17.0,1.1986999552154578,0.5947721519477903,0.042280414191153776,-4.802667993484418e-5,-1.340820666596108e-6,-2.1078762422523024e-5,0.06858866580403004,-0.007092028856277466,-0.06643696874380112,0.07223829627037048,0.7250551581382751,-0.5187292695045471,-0.22206449508666992,0.5986089110374451,-0.670379102230072,-0.4907402992248535,-0.5429353713989258,0.5298998951911926,-0.5097499489784241
0.05818037499999998,0.0034223749999999996,17.0,1.2314841770648095,0.6275543651640626,0.04229667215001297,0.00013103674054912732,3.6563153384756153e-6,5.751839207642657e-5,0.06858829063154004,-0.005944013595581055,-0.07996392995119095,0.07771763205528259,0.8307043313980103,-0.5059515833854675,-0.1386706829071045,0.618385374546051,-0.5711457133293152,-0.3660069406032562,-0.6231352090835571,0.41860508918762207,-0.7059376835823059
0.05818037499999998,0.0034223749999999996,17.0,1.2634395670574126,0.6595096798845603,0.04229563792352093,0.0003139966107324556,8.761368810086766e-6,0.00013782740469038494,0.06858831139583194,-0.00643804669380188,-0.08060402423143387,0.07965901494026184,0.8404067754745483,-0.49533429741859436,-0.12018609046936035,0.6175660490989685,-0.5661048293113708,-0.3768180310726166,-0.6508079767227173,0.4112856984138489,-0.7187770009040833
0.05818037499999998,0.0034223749999999996,17.0,1.2945628909915956,0.6906319128831853,0.042301875716795154,0.0005229345628664126,1.4587739746768235e-5,0.00022954909805388826,0.06858815776180781,-0.008912265300750732,-0.08372501283884048,0.08494862914085388,0.8661215305328369,-0.499468058347702,-0.11131787300109863,0.599003255367279,-0.5525074601173401,-0.34000611305236816,-0.6876424551010132,0.451805055141449,-0.7532286047935486
0.05818037499999998,0.0034223749999999996,17.0,1.324854467345882,0.7209236326930493,0.04230868692440254,0.0007048071972242621,1.9659584230111442e-5,0.00030940054582891385,0.06858803041773168,-0.009479254484176636,-0.08474621176719666,0.08691766858100891,0.8784109354019165,-0.48570355772972107,-0.10438728332519531,0.5982208251953125,-0.5497869849205017,-0.35104644298553467,-0.7132208347320557,0.4400263726711273,-0.7656175494194031
0.05818037499999998,0.0034223749999999996,17.0,1.3543156537720296,0.7503850860393875,0.04231042858629388,0.000836214517990583,2.3324229678704467e-5,0.0003670921822314344,0.06858800720525311,-0.010803043842315674,-0.0834820419549942,0.08847346901893616,0.8711594343185425,-0.460334837436676,-0.11616349220275879,0.6075103282928467,-0.568533718585968,-0.41116517782211304,-0.7315123081207275,0.4187396168708801,-0.7385061979293823
0.05818037499999998,0.0034223749999999996,17.0,1.3829448822541637,0.7790137608941644,0.042316941561330985,0.0009772735402449567,2.7251270601314587e-5,0.00042903933184351337,0.06858788357506819,-0.014462888240814209,-0.07901307195425034,0.09113970398902893,0.8313923478126526,-0.43623995780944824,-0.16618776321411133,0.6129937767982483,-0.621671736240387,-0.5129740834236145,-0.7347379922866821,0.4581757187843323,-0.6450686454772949
0.05818037499999998,0.0034223749999999996,17.0,1.4107437862377745,0.8068124158066619,0.042319468990568945,0.0011041753755387886,3.078560213008208e-5,0.0004847594698245567,0.06858784881560041,-0.015253067016601562,-0.08076738566160202,0.09360876679420471,0.8501108884811401,-0.4260483384132385,-0.14745593070983887,0.6122235059738159,-0.6152864098548889,-0.5274564027786255,-0.7760112285614014,0.4430035650730133,-0.6656320095062256
0.05818037499999998,0.0034223749999999996,17.0,1.4377128049121393,0.8337816753925628,0.042311748601999995,0.0012437560432326268,3.467844853703587e-5,0.0005460120053913887,0.06858803259481454,-0.01719653606414795,-0.08437240868806839,0.09581366181373596,0.876695454120636,-0.4185197055339813,-0.1075601577758789,0.5776107907295227,-0.6239917874336243,-0.5362434983253479,-0.8451366424560547,0.43492749333381653,-0.6752291321754456
0.05818037499999998,0.0034223749999999996,17.0,1.4638490653408964,0.8599176385576993,0.04231397025105817,0.0014262064914457957,3.975537324840113e-5,0.0006261259766574805,0.06858802014736476,-0.018172532320022583,-0.09180288016796112,0.09723213315010071,0.9276461005210876,-0.37275463342666626,-0.015075922012329102,0.4833385646343231,-0.6485369801521301,-0.5244603753089905,-1.0284066200256348,0.33392277359962463,-0.68276447057724
0.05818037499999998,0.0034223749999999996,17.0,1.4891516961831257,0.8852178672202107,0.04233330743060721,0.0016090018936989116,4.481066403290354e-5,0.0007064885015314582,0.0685876162378036,-0.01581922173500061,-0.1055602878332138,0.10338541865348816,1.0543752908706665,-0.34128502011299133,0.1249244213104248,0.34396955370903015,-0.6089466214179993,-0.3715745806694031,-1.2527496814727783,0.13659866154193878,-0.8289207220077515
0.05818037499999998,0.0034223749999999996,17.0,1.5136392762876112,0.9097100243888914,0.04224654337553394,0.0018126551611492864,5.058703298042189e-5,0.0007954085811117846,0.06858943763084703,-0.013622581958770752,-0.11090677976608276,0.10921594500541687,1.1304786205291748,-0.31699374318122864,0.2109224796295166,0.21722784638404846,-0.6162636876106262,-0.2881307899951935,-1.4430582523345947,-0.015323573723435402,-0.8824014663696289
0.05818037499999998,0.0034223749999999996,17.0,1.5372817393438973,0.9333514954445012,0.04225219367920322,0.0019695934899355946,5.494838795019469e-5,0.0008643152818858671,0.06858931827347803,-0.011253982782363892,-0.11251174658536911,0.11807510256767273,1.1950939893722534,-0.31897982954978943,0.2921121120452881,0.04874574765563011,-0.6599635481834412,-0.21648606657981873,-1.6902819871902466,-0.17212267220020294,-0.8837621212005615
0.05818037499999998,0.0034223749999999996,17.0,1.5600936233228313,0.9561629923534609,0.04225293314094557,0.0021394597219877368,5.9677264013306454e-5,0.0009388698691429979,0.06858930895446703,-0.06600219011306763,-0.05579583719372749,0.28525397181510925,1.4479912519454956,-1.1197445392608643,-1.3878271579742432,-1.0915286540985107,-1.1561150550842285,0.03583727777004242,-2.5085065364837646,-0.5362212657928467,-0.44138050079345703
0.05818037499999998,0.0034223749999999996,17.0,1.582073328029203,0.9781421509800852,0.042259714974072694,0.00235330655809766,6.562653746679192e-5,0.001032770822130202,0.06858917487103382,-0.06184244155883789,-0.05502474680542946,0.2955860197544098,1.4449325799942017,-1.1657533645629883,-1.5132079124450684,-1.1270322799682617,-1.194488763809204,0.07970094680786133,-2.555356025695801,-0.5411354899406433,-0.39595991373062134
0.05818037499999998,0.0034223749999999996,17.0,1.6032225338260748,0.9992908966787614,0.04226205534498853,0.0025728587320481733,7.17394017709347e-5,0.0011291486611546755,0.0685891152175199,-0.06016382575035095,-0.052054062485694885,0.30810967087745667,1.4679083824157715,-1.2586134672164917,-1.6585817337036133,-1.1395453214645386,-1.1722829341888428,0.12812454998493195,-2.530357837677002,-0.5620352029800415,-0.43922051787376404
0.05818037499999998,0.0034223749999999996,17.0,1.6235400043334134,1.0196075260356183,0.04226836739042116,0.002793971055135626,7.788606531053127e-5,0.0012262467140622597,0.06858897078505027,-0.05962824821472168,-0.05287902057170868,0.3163624703884125,1.4747803211212158,-1.2643989324569702,-1.7560005187988281,-1.1314984560012817,-1.2242953777313232,0.09954315423965454,-2.556149482727051,-0.5792210102081299,-0.39523330330848694
0.05818037499999998,0.0034223749999999996,17.0,1.6430272635053738,1.0390946855077374,0.04226793615673198,0.0029367919605789885,8.186546508213321e-5,0.0012889267580523636,0.06858897923897828,-0.058116406202316284,-0.05127374827861786,0.32366594672203064,1.4818164110183716,-1.3028297424316406,-1.8328418731689453,-1.135811686515808,-1.2344000339508057,0.10105501115322113,-2.558870792388916,-0.6003238558769226,-0.3918479382991791
0.05818037499999998,0.0034223749999999996,17.0,1.6616876216826886,1.0577571976096138,0.04223866061136586,0.003101494343492488,8.653308281407575e-5,0.0013609150843253554,0.06858958838477447,-0.057351380586624146,-0.04600905999541283,0.3324691951274872,1.504555344581604,-1.410698652267456,-1.9251656532287598,-1.152859091758728,-1.171478271484375,0.16619977355003357,-2.5127246379852295,-0.6363793611526489,-0.4758935868740082
0.05818037499999998,0.0034223749999999996,17.0,1.6795120626848297,1.0755811734138228,0.04224165721633,0.0033059128637425127,9.222698476738964e-5,0.0014506400538424617,0.06858951676003874,-0.05364474654197693,-0.049362994730472565,0.33317074179649353,1.486216425895691,-1.3763699531555176,-1.902125358581543,-1.153518557548523,-1.2067856788635254,0.18277490139007568,-2.564136028289795,-0.5971387624740601,-0.42046770453453064
0.05818037499999998,0.0034223749999999996,17.0,1.6965051574563086,1.0925741795008903,0.04224423380702449,0.0034813397129466912,9.711373566317148e-5,0.0015276495537453407,0.06858947085904102,-0.053570061922073364,-0.049550581723451614,0.33421292901039124,1.4893985986709595,-1.3645095825195312,-1.9129438400268555,-1.1451979875564575,-1.2348964214324951,0.1361609250307083,-2.5687148571014404,-0.6145254969596863,-0.3967876434326172
0.05818037499999998,0.0034223749999999996,17.0,1.7126590481196704,1.1087237962793706,0.04230035089568508,0.0036369504793020936,0.0001012795227368565,0.0015966110090479,0.06858829558502784,-0.05378100275993347,-0.0488872267305851,0.3384387791156769,1.500909686088562,-1.385992169380188,-1.9597067832946777,-1.1542104482650757,-1.2238292694091797,0.15438753366470337,-2.565469264984131,-0.6133948564529419,-0.4194319546222687
0.05818037499999998,0.0034223749999999996,17.0,1.727996386784958,1.1240640288919337,0.04225990835606766,0.003821260555643243,0.00010654369086213777,0.0016770039492420763,0.06858913275720391,-0.05471616983413696,-0.046502139419317245,0.3405936658382416,1.5132874250411987,-1.429114818572998,-2.008791446685791,-1.152767539024353,-1.200587511062622,0.16630809009075165,-2.530409574508667,-0.6457605361938477,-0.4549410343170166
0.05818037499999998,0.0034223749999999996,17.0,1.7424956697517129,1.1385625731619067,0.04226559639778448,0.003927133725382691,0.00010947440642530582,0.0017235312105580618,0.06858900314942176,-0.051839351654052734,-0.05080629140138626,0.3360001742839813,1.487751841545105,-1.3567063808441162,-1.940093994140625,-1.1509454250335693,-1.2423152923583984,0.17385785281658173,-2.5934274196624756,-0.6069449186325073,-0.3864957094192505
0.05818037499999998,0.0034223749999999996,17.0,1.756163049851605,1.1522298478502526,0.0422735385228814,0.00403691687016666,0.00011250893455475188,0.0017718288766887177,0.06858886567084918,-0.05077823996543884,-0.05265025049448013,0.33304890990257263,1.4756282567977905,-1.318555474281311,-1.9100532531738281,-1.1457512378692627,-1.265596866607666,0.17580263316631317,-2.6231963634490967,-0.6062182784080505,-0.3507736921310425
0.05818037499999998,0.0034223749999999996,17.0,1.7690047127076074,1.1650739382826591,0.042245211324450506,0.004155435554153023,0.00011591054680785097,0.0018234661076965526,0.06858948025727292,-0.0518534779548645,-0.055376455187797546,0.33132174611091614,1.471886396408081,-1.2415426969528198,-1.892378807067871,-1.1283245086669922,-1.3350136280059814,0.0864868313074112,-2.6665472984313965,-0.6222169995307922,-0.28073403239250183
0.05818037499999998,0.0034223749999999996,17.0,1.781013863278276,1.1770847508573405,0.04222568239482207,0.004279956669593405,0.0001194534857833392,0.0018778373469968308,0.06858990382390132,-0.05255073308944702,-0.057501595467329025,0.326950341463089,1.4625179767608643,-1.1558988094329834,-1.8321900367736816,-1.108931064605713,-1.4090461730957031,-0.03193311020731926,-2.7145512104034424,-0.6454423666000366,-0.2002738118171692
0.05818037499999998,0.0034223749999999996,17.0,1.792190454850028,1.1882622940398586,0.0422149468382494,0.004407594980024573,0.00012305428787011516,0.001933689469877169,0.06859014063822336,-0.05592525005340576,-0.05457870289683342,0.3282962739467621,1.4815006256103516,-1.167434811592102,-1.892819881439209,-1.0922565460205078,-1.4202136993408203,-0.09851431101560593,-2.662604331970215,-0.7295036315917969,-0.21214920282363892
0.05818037499999998,0.0034223749999999996,17.0,1.8025297935237128,1.1986000794359055,0.04224363448603166,0.00454685384052642,0.00012683227690546466,0.0019952265411926546,0.06858958371437997,-0.05878239870071411,-0.054346516728401184,0.3281528651714325,1.4922691583633423,-1.1252965927124023,-1.9100236892700195,-1.0742017030715942,-1.4669220447540283,-0.20213842391967773,-2.657423973083496,-0.7884380221366882,-0.18069130182266235
0.05818037499999998,0.0034223749999999996,17.0,1.812038186194029,1.2081071228690277,0.04227020003160548,0.004705961086614172,0.0001311619158269384,0.0020654734554733448,0.06858907352122412,-0.06056934595108032,-0.05562901869416237,0.327301949262619,1.492767095565796,-1.0521734952926636,-1.8893942832946777,-1.0654116868972778,-1.5269873142242432,-0.30317723751068115,-2.6940724849700928,-0.8228347301483154,-0.12494689226150513
0.05818037499999998,0.0034223749999999996,17.0,1.8207113096616467,1.2167775452613914,0.04232062499876035,0.004887426108519426,0.00013600929884221893,0.0021459809479876793,0.06858808116909465,-0.06321689486503601,-0.05342539772391319,0.3284932076931,1.5094668865203857,-1.0613164901733398,-1.9494800567626953,-1.0525909662246704,-1.5290882587432861,-0.3388896882534027,-2.637331485748291,-0.8915006518363953,-0.14290279150009155
0.05818037499999998,0.0034223749999999996,17.0,1.8281503428344414,1.223433976863527,0.04611022740945307,0.005122576136813648,7.280291311860339e-5,0.002241779245860081,0.0685688071998141,-0.06975212693214417,-0.057117823511362076,0.3242286741733551,1.53253173828125,-0.9524123072624207,-1.898148536682129,-1.0397238731384277,-1.615384817123413,-0.4790233373641968,-2.716622829437256,-0.8987676501274109,-0.08378958702087402
0.05818037499999998,0.0034223749999999996,17.0,1.8351560918749674,1.2304561731651185,0.04611922803578613,0.005470851258214468,7.754531651619694e-5,0.0023951221520514794,0.06856855180341129,-0.07362857460975647,-0.05498643219470978,0.32790884375572205,1.5583542585372925,-0.9668599963188171,-1.999067783355713,-1.0262023210525513,-1.6160364151000977,-0.5132050514221191,-2.636782169342041,-0.9778546690940857,-0.11343419551849365
0.05818037499999998,0.0034223749999999996,17.0,1.8413367083563537,1.2366454283445627,0.04613471165070769,0.006051514983342524,8.553771693701882e-5,0.002650102360842265,0.06856818519242337,-0.07566514611244202,-0.055752143263816833,0.3301035463809967,1.565246343612671,-0.9105807542800903,-2.0088820457458496,-1.0335259437561035,-1.655522108078003,-0.5641551613807678,-2.6601061820983887,-1.0050959587097168,-0.08368247747421265
0.05818037499999998,0.0034223749999999996,17.0,1.8466818420580917,1.2419975074024672,0.04616009487345157,0.007372442433827533,0.00010352218290574107,0.003229808713279551,0.06856765575241495,-0.07840213179588318,-0.054558124393224716,0.3338431417942047,1.5802727937698364,-0.8923587799072266,-2.078352451324463,-1.0327976942062378,-1.6718993186950684,-0.5854443907737732,-2.59830904006958,-1.0641114711761475,-0.08609926700592041
0.05818037499999998,0.0034223749999999996,17.0,1.8512192100461782,1.2465279158826197,0.046186016832322756,0.013670760053944747,0.0001898052621531627,0.005992138683109025,0.06856672073151378,-0.07604926824569702,-0.055309686809778214,0.34060946106910706,1.5439759492874146,-0.715879499912262,-2.0103158950805664,-1.1091127395629883,-1.766406774520874,-0.5372302532196045,-2.626885414123535,-1.0675122737884521,0.04078245162963867
0.05818037499999998,0.0034223749999999996,17.0,1.8203776689008453,-1.2423394130406562,0.030582580523925255,-0.013562303231682478,-0.00025236831926434765,-0.006077138314201655,0.06854441113079922,0.12683069705963135,-0.014105440117418766,-0.1064673662185669,0.057189956307411194,0.14311017096042633,-0.5503313541412354,1.0546491146087646,-0.7743690609931946,-0.7959781885147095,0.08918905258178711,-0.27254432439804077,0.24639171361923218
0.05818037499999998,0.0034223749999999996,17.0,1.8158530591776822,-1.2378132441241616,0.030576875347094967,-0.007315718524314754,-0.00013614098956025222,-0.0032779876068239977,0.06854450707724685,0.12601616978645325,-0.01134537998586893,-0.09714239835739136,0.05408640205860138,0.20460644364356995,-0.5705950260162354,1.005469560623169,-0.7931848168373108,-0.7739967703819275,0.11005473136901855,-0.31071892380714417,0.2626418471336365
0.05818037499999998,0.0034223749999999996,17.0,1.8104989040936852,-1.2324541960473143,0.030559886698039607,-0.006005324488800776,-0.00011179020545503506,-0.002690539511713462,0.0685448035742763,0.12896384298801422,-0.01041435543447733,-0.09414339065551758,0.0467672199010849,0.2116345316171646,-0.5450761318206787,1.0026473999023438,-0.7901948094367981,-0.7775260210037231,0.10946273803710938,-0.29373878240585327,0.26328176259994507
0.05818037499999998,0.0034223749999999996,17.0,1.8043127401703078,-1.226264483727521,0.030547989625560476,-0.0054322126075452256,-0.0001011480629374162,-0.002433585929642057,0.06854501980965821,0.13144508004188538,-0.010240443050861359,-0.09177842736244202,0.04190206527709961,0.2100532054901123,-0.5319552421569824,1.0082170963287354,-0.7861583828926086,-0.7750466465950012,0.11017489433288574,-0.276693731546402,0.26104384660720825
0.05818037499999998,0.0034223749999999996,17.0,1.7972931877759284,-1.2192458530084567,0.03055060497424973,-0.005085967065353468,-9.469679988953466e-5,-0.0022785161692438615,0.068544966988922,0.13146305084228516,-0.009250588715076447,-0.09176963567733765,0.03652341663837433,0.2053387314081192,-0.5135498046875,1.0058976411819458,-0.7827141880989075,-0.7852608561515808,0.11511778831481934,-0.270638108253479,0.26015788316726685
0.05818037499999998,0.0034223749999999996,17.0,1.7894438980666463,-1.2113944443078053,0.030543280733185248,-0.004851231783717214,-9.034200759448844e-5,-0.002173256438927454,0.06854509822711623,0.1330309808254242,-0.009066002443432808,-0.09012120962142944,0.031593695282936096,0.1934918761253357,-0.5023980140686035,1.0143301486968994,-0.7768954634666443,-0.7850610613822937,0.12216854095458984,-0.25180110335350037,0.2554245591163635
0.05818037499999998,0.0034223749999999996,17.0,1.7807629642001164,-1.2027123779938649,0.030539040608557295,-0.004677079923626156,-8.710660398518741e-5,-0.002095187627837342,0.06854516884525283,0.07174545526504517,0.31042569875717163,-0.7753740549087524,0.9801152348518372,0.1515292376279831,-2.240201473236084,3.6377086639404297,-1.3082053661346436,-2.0089166164398193,-2.5349340438842773,-2.6164305210113525,-0.005335211753845215
0.05818037499999998,0.0034223749999999996,17.0,1.771250689763632,-1.193199196824292,0.030535563608447447,-0.004518451119518887,-8.415959191481861e-5,-0.0020240867683614973,0.06854522750594742,0.07137337327003479,0.31013771891593933,-0.7732908129692078,0.976969838142395,0.15112003684043884,-2.2326550483703613,3.6327924728393555,-1.3033578395843506,-1.9989994764328003,-2.527728796005249,-2.6147255897521973,-0.006652772426605225
0.05818037499999998,0.0034223749999999996,17.0,1.7609071230516942,-1.1828549094686385,0.030532528449477982,-0.004384800868350163,-8.167586401253001e-5,-0.0019641853018945127,0.06854527545731529,0.07113873958587646,0.3097652196884155,-0.7718270421028137,0.9755462408065796,0.15061242878437042,-2.2280030250549316,3.6285877227783203,-1.3010187149047852,-1.9921607971191406,-2.522120237350464,-2.6124095916748047,-0.007306993007659912
0.05818037499999998,0.0034223749999999996,17.0,1.7497324348034693,-1.1716794863484337,0.030529111218275853,-0.004252200038779698,-7.920904193855318e-5,-0.0019047507517039616,0.06854532395423618,0.07085181772708893,0.309384286403656,-0.7702808380126953,0.9738448858261108,0.14989948272705078,-2.2229461669921875,3.6243391036987305,-1.298457145690918,-1.9847666025161743,-2.516223907470703,-2.6101207733154297,-0.007887303829193115
0.05818037499999998,0.0034223749999999996,17.0,1.7377263590677172,-1.1596730625046914,0.030526998091603058,-0.004126769455533513,-7.687319407380097e-5,-0.0018485455539607096,0.06854534879569753,0.06208151578903198,0.30049988627433777,-0.7168483138084412,0.8943638801574707,0.14150936901569366,-2.024303913116455,3.4834375381469727,-1.177945852279663,-1.7280073165893555,-2.323472738265991,-2.559436798095703,-0.03890031576156616
0.05818037499999998,0.0034223749999999996,17.0,1.7248887647812186,-1.1468357003581828,0.030527305095719534,-0.004004735695676716,-7.459797058894749e-5,-0.0017938869473364445,0.06854533643916813,0.07147182524204254,0.30947577953338623,-0.7742639183998108,0.9820055365562439,0.14907491207122803,-2.239051342010498,3.6324610710144043,-1.3105144500732422,-2.00335693359375,-2.528599739074707,-2.6103315353393555,-0.004713952541351318
0.05818037499999998,0.0034223749999999996,17.0,1.711219067157229,-1.1331681165238319,0.030533574507357907,-0.003909996542736285,-7.282193125170998e-5,-0.0017515242327512577,0.06854521130226768,0.0722021609544754,0.31001296639442444,-0.7785707712173462,0.9889859557151794,0.14937689900398254,-2.2548532485961914,3.642819881439209,-1.3207769393920898,-2.023637056350708,-2.543290615081787,-2.6133522987365723,-0.002224266529083252
0.05818037499999998,0.0034223749999999996,17.0,1.6967191961398982,-1.1186682217417303,0.030533310341025133,-0.003774350316035631,-7.029478154378892e-5,-0.0016907559489985843,0.06854521301694806,0.06584562361240387,0.3036048710346222,-0.7394185066223145,0.9324275255203247,0.1432177722454071,-2.1117916107177734,3.5411908626556396,-1.2340996265411377,-1.8375788927078247,-2.4047183990478516,-2.5780117511749268,-0.025082707405090332
0.05818037499999998,0.0034223749999999996,17.0,1.6813880887402217,-1.103336893370487,0.030532907053890068,-0.003611994879972604,-6.727480959793609e-5,-0.0016180225113954301,0.06854522862805529,0.06590794026851654,0.30414122343063354,-0.7403237819671631,0.9320217967033386,0.14349262416362762,-2.1142616271972656,3.5457756519317627,-1.23414945602417,-1.8422437906265259,-2.4086577892303467,-2.5804219245910645,-0.024823904037475586
0.05818037499999998,0.0034223749999999996,17.0,1.6652257081381057,-1.08717438966074,0.030532999053130283,-0.003443930039742683,-6.414745506970595e-5,-0.0015427365029336486,0.0685452360671018,0.06752106547355652,0.30573365092277527,-0.7503104209899902,0.9470767378807068,0.14489160478115082,-2.151498317718506,3.5718445777893066,-1.2567379474639893,-1.8899314403533936,-2.4443299770355225,-2.589251756668091,-0.01915055513381958
0.05818037499999998,0.0034223749999999996,17.0,1.6482321912614657,-1.0701808348420627,0.030532627180369927,-0.0032818790647339956,-6.112931666339499e-5,-0.0014701427230021616,0.06854524013497572,0.06756314635276794,0.30570730566978455,-0.7507182955741882,0.9480159878730774,0.14449742436408997,-2.1534018516540527,3.5727903842926025,-1.2583754062652588,-1.892051339149475,-2.445401668548584,-2.5888609886169434,-0.01854705810546875
0.05818037499999998,0.0034223749999999996,17.0,1.6304066997646742,-1.0523568646475632,0.030537985167162846,-0.003087673915604803,-5.7506033344415446e-5,-0.0013831926215099402,0.0685451449535799,0.06810837984085083,0.3066593110561371,-0.7540728449821472,0.9514060616493225,0.14563138782978058,-2.16485595703125,3.5836048126220703,-1.263747215270996,-1.9085633754730225,-2.4580905437469482,-2.593655586242676,-0.01722961664199829
0.05818037499999998,0.0034223749999999996,17.0,1.611751325355513,-1.0337003000619787,0.03053410039215012,-0.0029468527963861795,-5.4887960455219146e-5,-0.0013200756775363616,0.06854521551147685,0.15507343411445618,-0.008971743285655975,-0.06460043787956238,-0.050876617431640625,0.2303234189748764,-0.29771995544433594,1.1073567867279053,-0.7073361277580261,-0.7491261959075928,0.01677727699279785,0.03818875551223755,0.2370426058769226
0.05818037499999998,0.0034223749999999996,17.0,1.5922644050100228,-1.014212995451369,0.030532478472063668,-0.0027924909824529093,-5.2013678576417176e-5,-0.0012509161997352094,0.06854523735241784,0.1554967761039734,-0.008317884989082813,-0.060295820236206055,-0.07035300135612488,0.20588526129722595,-0.33374667167663574,1.1197550296783447,-0.6684020161628723,-0.7147884964942932,0.025059938430786133,0.07441780716180801,0.21228647232055664
0.05818037499999998,0.0034223749999999996,17.0,1.5719465163753168,-0.9938938238760386,0.03052938415615483,-0.0025723217583810596,-4.7920625083069136e-5,-0.001152264648508688,0.06854530939836417,0.07022936642169952,0.3093147873878479,-0.7676272392272949,0.969801127910614,0.14682383835315704,-2.2149457931518555,3.6228103637695312,-1.2913670539855957,-1.9743282794952393,-2.505519390106201,-2.6051764488220215,-0.010564923286437988
0.05818037499999998,0.0034223749999999996,17.0,1.5507962181129658,-0.972744978630513,0.030534292142229514,-0.0023562689163628653,-4.389259309015022e-5,-0.0010555173460989635,0.06854522157547599,0.07053786516189575,0.30941471457481384,-0.7693320512771606,0.9732315540313721,0.14674112200737,-2.2219033241271973,3.626647472381592,-1.2961580753326416,-1.9825226068496704,-2.5108399391174316,-2.605361223220825,-0.009527802467346191
0.05818037499999998,0.0034223749999999996,17.0,1.52881559152729,-0.9507640970070318,0.0305332346609406,-0.002156103208985574,-4.016600802441695e-5,-0.0009658460330773705,0.06854523413318259,0.07084010541439056,0.3099249005317688,-0.7715485692024231,0.9763913750648499,0.1458153873682022,-2.231131076812744,3.6350297927856445,-1.3001604080200195,-1.9939173460006714,-2.51767897605896,-2.605746030807495,-0.00911039113998413
0.05818037499999998,0.0034223749999999996,17.0,1.5060035043748672,-0.9279523629603407,0.030533669974418712,-0.001958399696525484,-3.648319145265329e-5,-0.0008772881157333123,0.06854521393458267,0.07070896029472351,0.3097454011440277,-0.7710156440734863,0.9766242504119873,0.14384302496910095,-2.231302261352539,3.6354165077209473,-1.2998003959655762,-1.9925453662872314,-2.51409912109375,-2.602346181869507,-0.009628117084503174
0.05818037499999998,0.0034223749999999996,17.0,1.482360436285884,-0.9043088153941641,0.030532634116011096,-0.0018234242786672032,-3.3974210699993955e-5,-0.0008168203653948828,0.0685452411378375,0.07100093364715576,0.3099094033241272,-0.7730529308319092,0.9806594848632812,0.14215849339962006,-2.2409090995788574,3.6420888900756836,-1.3053369522094727,-2.003192663192749,-2.519272804260254,-2.6010830402374268,-0.008518576622009277
0.05818037499999998,0.0034223749999999996,17.0,1.4578863680343335,-0.8798339383754571,0.030530069560693932,-0.0016038674046574162,-2.9888285292691278e-5,-0.0007184582975766201,0.06854529036632034,0.07153981924057007,0.31072157621383667,-0.7769032716751099,0.9857054352760315,0.14108185470104218,-2.256676197052002,3.655846118927002,-1.3127171993255615,-2.022599935531616,-2.531184434890747,-2.6025171279907227,-0.006931424140930176
0.05818037499999998,0.0034223749999999996,17.0,1.4325806983103275,-0.8545282862455406,0.030529961446287467,-0.00141303525768172,-2.6334301083270006e-5,-0.000632976326782188,0.06854529461302984,0.07141005992889404,0.31083765625953674,-0.7768745422363281,0.9854573607444763,0.13898006081581116,-2.258993625640869,3.6595025062561035,-1.312413215637207,-2.023984670639038,-2.5291640758514404,-2.599849224090576,-0.007018685340881348
0.05818037499999998,0.0034223749999999996,17.0,1.4064433057401442,-0.8283923734657972,0.030533870700033737,-0.0012231378478705756,-2.2792862846684206e-5,-0.0005479261605793693,0.06854521131666153,0.07196350395679474,0.31119558215141296,-0.7805575132369995,0.9910730719566345,0.13903965055942535,-2.2728147506713867,3.6677114963531494,-1.321725845336914,-2.0409088134765625,-2.5414578914642334,-2.602313756942749,-0.003970980644226074
0.05818037499999998,0.0034223749999999996,17.0,1.3794753732075855,-0.801424389425903,0.030533211610133188,-0.0010750584444534138,-2.0032929739435526e-5,-0.00048159030665576323,0.06854521801375962,0.07191015779972076,0.3111594021320343,-0.780504584312439,0.9909765124320984,0.13813816010951996,-2.2735519409179688,3.668123960494995,-1.3223106861114502,-2.0412003993988037,-2.5405735969543457,-2.6017422676086426,-0.003291606903076172
0.05818037499999998,0.0034223749999999996,17.0,1.3516756134882475,-0.7736252447347456,0.03053556238451077,-0.0009360348757689552,-1.7444313004078834e-5,-0.00041932073378653635,0.06854519068366434,0.07182951271533966,0.31149816513061523,-0.7808999419212341,0.990115761756897,0.13709212839603424,-2.275632858276367,3.6717448234558105,-1.322277307510376,-2.0438685417175293,-2.541400671005249,-2.602268934249878,-0.0025507211685180664
0.05818037499999998,0.0034223749999999996,17.0,1.323046172806092,-0.7449933779551092,0.030528533112185438,-0.0007606507714687069,-1.4178699217430418e-5,-0.00034073698377567774,0.0685453401335272,0.0724056214094162,0.3118402063846588,-0.7843365669250488,0.9954662322998047,0.138133704662323,-2.2872848510742188,3.6779913902282715,-1.3309624195098877,-2.059187412261963,-2.553462505340576,-2.605635404586792,0.00019568204879760742
0.05818037499999998,0.0034223749999999996,17.0,1.293584748936229,-0.7155312473638101,0.030526901604595015,-0.0006639292382002415,-1.2376951088719001e-5,-0.0002974069429736809,0.06854538213370111,0.07252570986747742,0.3122002184391022,-0.7855284214019775,0.9962788224220276,0.13825686275959015,-2.2913670539855957,3.681971311569214,-1.3329658508300781,-2.0649666786193848,-2.5575063228607178,-2.607053756713867,0.0011652112007141113
0.05818037499999998,0.0034223749999999996,17.0,1.2632918176330443,-0.6852378889067251,0.030526628054747717,-0.0004948578007832751,-9.226670753943546e-6,-0.00022167155413173965,0.06854540846306657,0.08796888589859009,0.026480358093976974,0.010173618793487549,-0.5368812680244446,0.2177862524986267,0.5911574363708496,0.5121585726737976,0.8994454145431519,0.08813164383172989,-0.7043989896774292,1.707796573638916,-0.9355239868164062
0.05818037499999998,0.0034223749999999996,17.0,1.232168011977784,-0.6541128674743659,0.03052435561231746,-0.0002940868202141562,-5.484613081185759e-6,-0.00013173440312859422,0.06854547863008632,0.07921658456325531,0.0259271077811718,0.0029371976852416992,-0.5419591069221497,0.10475281625986099,0.34052038192749023,0.5343675017356873,0.7697919607162476,0.05719529464840889,-0.4766216278076172,1.439105749130249,-0.7906219959259033
0.05818037499999998,0.0034223749999999996,17.0,1.2002129254704794,-0.6221567781039464,0.03052264760868473,-0.0001160748568472567,-2.1652390598267537e-6,-5.199450451088212e-5,0.06854553626916138,0.06544212996959686,0.024256281554698944,-0.004120171070098877,-0.5360331535339355,-0.006834804080426693,0.0630941390991211,0.5025032162666321,0.6002248525619507,0.03334113582968712,-0.2136385440826416,1.0868852138519287,-0.6112658977508545
0.05818037499999998,0.0034223749999999996,17.0,1.167426402314191,-0.5893703074239431,0.030522887092294525,7.65402084995725e-5,1.4277623399523539e-6,3.4285451090841995e-5,0.06854553086443242,0.064441978931427,0.023526951670646667,-0.0019463896751403809,-0.5322777032852173,-0.004201600793749094,0.045963287353515625,0.5085752010345459,0.6031262278556824,0.05276812985539436,-0.22031140327453613,1.0800632238388062,-0.6160137057304382
0.05818037499999998,0.0034223749999999996,17.0,1.133808673832951,-0.5557526343768349,0.03052306435912324,0.0001997776996311912,3.726609129587401e-6,8.948866793345813e-5,0.0685455268848697,0.06631727516651154,0.023417118936777115,0.0019348561763763428,-0.5393936038017273,0.04079421982169151,0.09260916709899902,0.5324748754501343,0.6617857217788696,0.08876713365316391,-0.31251096725463867,1.154394268989563,-0.6692972183227539
0.05818037499999998,0.0034223749999999996,17.0,1.0993597466564156,-0.5213037601865586,0.030523180837097007,0.000343939090808001,6.41580337484399e-6,0.00015406472331882588,0.06854552440245588,0.061352163553237915,0.023762062191963196,-0.0007118582725524902,-0.5317766070365906,-0.01164646353572607,0.0335080623626709,0.5058315992355347,0.5830559134483337,0.04426891356706619,-0.21452927589416504,1.036655306816101,-0.5954403877258301
0.05818037499999998,0.0034223749999999996,17.0,1.0640785373966373,-0.48602461575895123,0.0305300791481979,0.0004935522078076981,9.206448919643226e-6,0.00022109336125571393,0.06854540224103305,0.06053914129734039,0.023414619266986847,0.001842200756072998,-0.5322225689888,-0.0053301528096199036,0.03459358215332031,0.5149103403091431,0.5878409743309021,0.055407505482435226,-0.22966313362121582,1.0386030673980713,-0.599415123462677
0.05818037499999998,0.0034223749999999996,17.0,1.0279672913144517,-0.44991333561052826,0.03052976867626084,0.0006482346299493746,1.2091544802822626e-5,0.00029038487964475263,0.06854540326053982,0.0597454309463501,0.023056115955114365,0.004458010196685791,-0.5323116183280945,0.001222606748342514,0.035681724548339844,0.5252379179000854,0.5924584865570068,0.06751497834920883,-0.24535131454467773,1.0412397384643555,-0.6035885214805603
0.05818037499999998,0.0034223749999999996,17.0,0.9910247462251611,-0.41297084136560724,0.030529881890403458,0.0008102029072025828,1.5112853443552271e-5,0.0003629411049951299,0.06854540051140542,0.05907483398914337,0.02266889438033104,0.007188886404037476,-0.5324325561523438,0.008059315383434296,0.038071632385253906,0.5375632047653198,0.5966858267784119,0.07827996462583542,-0.26258111000061035,1.0447673797607422,-0.607466459274292
0.05818037499999998,0.0034223749999999996,17.0,0.9532509945359846,-0.37519714138775545,0.030529991228746608,0.0009993952412780149,1.8642035369034604e-5,0.00044769295211718405,0.06854539775391391,0.05845572054386139,0.022251255810260773,0.009977847337722778,-0.5321391224861145,0.015415767207741737,0.03917074203491211,0.5512394309043884,0.6007494926452637,0.09063749760389328,-0.2796511650085449,1.0472753047943115,-0.6115099191665649
0.05818037499999998,0.0034223749999999996,17.0,0.9146460306372124,-0.3365922362889411,0.030530116886245445,0.0011156167092119243,2.081006432434675e-5,0.000499756795857005,0.06854539428721895,0.06009308993816376,0.022070184350013733,0.013272732496261597,-0.5323630571365356,0.02753496915102005,0.07438039779663086,0.5690170526504517,0.622892439365387,0.09285227209329605,-0.32002973556518555,1.0813614130020142,-0.6350187659263611
0.05818037499999998,0.0034223749999999996,17.0,0.8752101617369505,-0.2971561454481617,0.03052881135379,0.0012237442418288637,2.2825585746510492e-5,0.0005481888802740361,0.06854540851900313,0.05957728624343872,0.021639082580804825,0.016009360551834106,-0.5310465693473816,0.03416531905531883,0.07698822021484375,0.5848472714424133,0.6249220371246338,0.10041175782680511,-0.3393869400024414,1.0866938829421997,-0.6380958557128906
0.05818037499999998,0.0034223749999999996,17.0,0.8349426652025859,-0.256888897321945,0.030529967361981405,0.0014681292576877681,2.7384598629242687e-5,0.0006576676446791622,0.0685453924074237,0.05506211519241333,0.02274862676858902,0.013233959674835205,-0.5183572173118591,-0.012150860391557217,0.01970386505126953,0.5503589510917664,0.5376430153846741,0.045676831156015396,-0.24057912826538086,0.9496876001358032,-0.5604129433631897
0.05818037499999998,0.0034223749999999996,17.0,0.7938441010871428,-0.21579038236795836,0.030530064256968335,0.0016805536961953934,3.134683121679511e-5,0.0007528266477022866,0.06854538903225485,0.05661918222904205,0.02248569205403328,0.017140746116638184,-0.5271227359771729,0.03124936670064926,0.07652807235717773,0.5952967405319214,0.5984016060829163,0.07313790172338486,-0.34690117835998535,1.0463595390319824,-0.6149091720581055
0.05818037499999998,0.0034223749999999996,17.0,0.7519100565379297,-0.1738630355062262,0.030552499628225697,0.0019270165008429669,3.595122910456964e-5,0.0008633805655995226,0.06854500328263802,0.05567210912704468,0.02234543114900589,0.020357191562652588,-0.5265026092529297,0.04183480143547058,0.09071660041809082,0.6110507845878601,0.6099998950958252,0.06148618087172508,-0.3735065460205078,1.0589138269424438,-0.6263656616210938
0.05818037499999998,0.0034223749999999996,17.0,0.7091490602006991,-0.131102240965555,0.03055256714873238,0.0019534492757040433,3.644350418757605e-5,0.0008752247037013745,0.06854499499903327,0.05352604389190674,0.022852621972560883,0.025726526975631714,-0.5278531312942505,0.053077030926942825,0.1343233585357666,0.6235875487327576,0.6454440951347351,0.011632775887846947,-0.4120190143585205,1.1067613363265991,-0.6591861248016357
0.05818037499999998,0.0034223749999999996,17.0,0.6655580364755733,-0.08750971868296036,0.030547947195755674,0.0019453881939167758,3.6292079885339694e-5,0.0008715763640968326,0.06854504364569128,0.05222001671791077,0.023309320211410522,0.03145137429237366,-0.5074852108955383,0.04922884702682495,0.44789648056030273,0.6099638938903809,0.8229559659957886,-0.10226230323314667,-0.7123572826385498,1.551680088043213,-0.842928409576416
0.05818037499999998,0.0034223749999999996,17.0,0.6211353031125874,-0.043088913632208965,0.03055151272728516,0.0017844403304900403,3.326337822960707e-5,0.0007994714504077588,0.06854484504224508,0.029492884874343872,0.01592293754220009,0.06269475817680359,-0.48060792684555054,0.1589341014623642,0.8762614727020264,0.41227686405181885,1.1951603889465332,0.17431172728538513,-1.3128429651260376,2.312779188156128,-1.1777195930480957
0.05818037499999998,0.0034223749999999996,17.0,0.5758875120545887,0.00217136922949925,0.030510987367952602,6.368988102162421e-6,1.1873948373968054e-7,2.852641967040455e-6,0.06854560045702304,0.03892578184604645,-0.04160577803850174,0.02545890212059021,0.5677855014801025,-0.8554186820983887,0.04713010787963867,1.0605512857437134,-0.541804850101471,0.08557875454425812,-0.2830500602722168,0.5884632468223572,-0.5852310657501221
0.05818037499999998,0.0034223749999999996,17.0,0.6211365218985309,0.04741882105304911,0.03055053011012299,-0.0017703053123336121,-3.297561693923747e-5,-0.0007931161340070761,0.06854473786848392,0.013028770685195923,-0.03420835733413696,0.03265067934989929,0.5191477537155151,-0.7833634614944458,-0.22445368766784668,0.7253413796424866,-0.753879964351654,-0.2800798714160919,-0.2322535514831543,0.5992048978805542,-0.29242557287216187
0.05818037499999998,0.0034223749999999996,17.0,0.6655608110380253,0.09184324038880759,0.030545172531308968,-0.00192778037664856,-3.590995210358114e-5,-0.000863631020706326,0.0685448320437324,-0.009435117244720459,-0.04835197329521179,0.046001702547073364,0.593299150466919,-0.7186363339424133,-0.30195045471191406,0.43090057373046875,-0.8447865843772888,-0.3586225211620331,-0.29993414878845215,0.6740939021110535,-0.2437279224395752
0.05818037499999998,0.0034223749999999996,17.0,0.7091520900049456,0.1354342598811524,0.030549151957424716,-0.0019244324855458557,-3.583603328668758e-5,-0.0008621603337764384,0.06854474876247113,-0.014888107776641846,-0.044685933738946915,0.05021309852600098,0.5619339942932129,-0.6788210272789001,-0.3579413890838623,0.3893734812736511,-0.8714732527732849,-0.46495550870895386,-0.28231382369995117,0.7144551277160645,-0.1779862642288208
0.05818037499999998,0.0034223749999999996,17.0,0.7519129353389888,0.17819508043047794,0.030549477116601897,-0.0018349964102437832,-3.4169361902651175e-5,-0.0008220942676105188,0.06854474268188382,-0.01414605975151062,-0.04597447067499161,0.05125170946121216,0.5649361610412598,-0.6635376214981079,-0.3360893726348877,0.3962831497192383,-0.8570589423179626,-0.483745813369751,-0.30350661277770996,0.7222517728805542,-0.1914200782775879
0.05818037499999998,0.0034223749999999996,17.0,0.7938427421604498,0.2201248178445299,0.030549173172327113,-0.0017163290937945994,-3.1960027940931075e-5,-0.0007689278824434411,0.06854474944410464,-0.00755271315574646,-0.05117623880505562,0.0525551438331604,0.5863641500473022,-0.6532321572303772,-0.3002338409423828,0.4591100811958313,-0.8141542077064514,-0.4407297968864441,-0.3301703929901123,0.7139601111412048,-0.25462859869003296
0.05818037499999998,0.0034223749999999996,17.0,0.8349407549944146,0.26122162295897866,0.030554050152005983,-0.0016340467410789837,-3.0417663254644983e-5,-0.0007320864212120099,0.06854462103863806,-0.004285693168640137,-0.057808518409729004,0.05676791071891785,0.6179485321044922,-0.6723502278327942,-0.22226691246032715,0.5058549642562866,-0.7657034993171692,-0.3685421049594879,-0.38192737102508545,0.7432820796966553,-0.3334497809410095
0.05818037499999998,0.0034223749999999996,17.0,0.8752120323201719,0.3014934377969266,0.030527666361028685,-0.0013457835025837584,-2.5064928371139816e-5,-0.0006028313795263982,0.0685451926867817,0.07498703896999359,0.3116724193096161,-0.7941418886184692,1.0188977718353271,0.1561359018087387,-2.3078432083129883,3.6767213344573975,-1.3586540222167969,-2.088001251220703,-2.5909812450408936,-2.6289219856262207,0.0036796927452087402
0.05818037499999998,0.0034223749999999996,17.0,0.9146477564389245,0.3409286908530505,0.030530129125612215,-0.0012775303055072883,-2.3789620917428996e-5,-0.0005722686878037199,0.06854513542259817,0.0746929794549942,0.3110515773296356,-0.7923088073730469,1.0172609090805054,0.15490174293518066,-2.302657127380371,3.670819044113159,-1.356367826461792,-2.0798676013946533,-2.5840275287628174,-2.625458002090454,0.0033115744590759277
0.05818037499999998,0.0034223749999999996,17.0,0.9532525815228783,0.3795331826692468,0.030530808002489047,-0.0010946709125770249,-2.0382358485794325e-5,-0.0004903594737678883,0.06854511725360753,0.07446087896823883,0.3107075095176697,-0.7909082174301147,1.0155894756317139,0.15458029508590698,-2.29805850982666,3.6666040420532227,-1.3538565635681152,-2.0732195377349854,-2.578808546066284,-2.6237118244171143,0.0027267932891845703
0.05818037499999998,0.0034223749999999996,17.0,0.991026304143559,0.417306886624893,0.0305307198790483,-0.0008854007400262558,-1.6485889980501993e-5,-0.00039661619895755846,0.06854511940165502,0.0745028704404831,0.31073978543281555,-0.7911086082458496,1.0158683061599731,0.1546848714351654,-2.298834800720215,3.6671433448791504,-1.3541672229766846,-2.074096918106079,-2.5795669555664062,-2.6239471435546875,0.0027189254760742188
0.05818037499999998,0.0034223749999999996,17.0,1.0279688164925431,0.45424937831994594,0.030530628083797532,-0.0007070125649833772,-1.3164356518439582e-5,-0.00031670674971667214,0.0685451213569173,0.07453915476799011,0.3107661306858063,-0.7913045883178711,1.0161097049713135,0.1547899693250656,-2.2995548248291016,3.667567491531372,-1.3544902801513672,-2.0749428272247314,-2.580294609069824,-2.624187469482422,0.0027638673782348633
0.05818037499999998,0.0034223749999999996,17.0,1.0640811870665507,0.4903623171065556,0.030522544186035526,-0.0005393124591590942,-1.0044331160531803e-5,-0.00024157279923637357,0.0685453002931884,0.07457181811332703,0.31078973412513733,-0.7914950847625732,1.016326904296875,0.1549043506383896,-2.300210952758789,3.6678974628448486,-1.3548130989074707,-2.075751304626465,-2.58099365234375,-2.624434471130371,0.0028359293937683105
0.05818037499999998,0.0034223749999999996,17.0,1.0993612830539268,0.5256423930519686,0.030522476257549953,-0.00038048145394782687,-7.086173087917152e-6,-0.00017042792448986656,0.06854530188978114,0.07460670173168182,0.31081312894821167,-0.7916892766952515,1.016554355621338,0.15502625703811646,-2.300889015197754,3.668226480484009,-1.3551344871520996,-2.0765886306762695,-2.581719160079956,-2.6246790885925293,0.0028967857360839844
0.05818037499999998,0.0034223749999999996,17.0,1.1338099171996225,0.5600909837989096,0.03052436295593752,-0.00024309030937894415,-4.5272819052044405e-6,-0.00010888793427314373,0.06854526170227421,0.07450069487094879,0.3107214868068695,-0.7908527851104736,1.0155116319656372,0.15536867082118988,-2.297712802886963,3.6661362648010254,-1.3530223369598389,-2.0722460746765137,-2.5788657665252686,-2.6248347759246826,0.0020169615745544434
0.05818037499999998,0.0034223749999999996,17.0,1.1674276068208733,0.5937086501143664,0.030524256065467728,-4.79644397940835e-5,-8.932799241281114e-7,-2.1484788171858105e-5,0.06854526401333287,0.07453522086143494,0.3107427954673767,-0.7910733819007874,1.015768051147461,0.15543046593666077,-2.2985076904296875,3.6665408611297607,-1.353440284729004,-2.073204278945923,-2.5796501636505127,-2.625070810317993,0.0021383166313171387
0.05818037499999998,0.0034223749999999996,17.0,1.2002139069656994,0.6264947310725325,0.030525637685986595,0.000130765301031963,2.4351724164834067e-6,5.8574413137284656e-5,0.0685452296745436,0.07392795383930206,0.3096133768558502,-0.7867274284362793,1.0116875171661377,0.15443792939186096,-2.284088611602783,3.653372049331665,-1.346461534500122,-2.052830696105957,-2.563896894454956,-2.6198058128356934,2.568960189819336e-5
0.05818037499999998,0.0034223749999999996,17.0,1.232169175125606,0.6584499786805024,0.03052549978912098,0.00031338322467883644,5.8359509655137666e-6,0.0001403753390493792,0.06854523191951305,0.07396332919597626,0.30963334441185,-0.786989688873291,1.0119903087615967,0.1544666588306427,-2.2850165367126465,3.653825283050537,-1.3469939231872559,-2.0539441108703613,-2.564804792404175,-2.620089054107666,0.00020962953567504883
0.05818037499999998,0.0034223749999999996,17.0,1.263292995570101,0.6895735005864431,0.030527432385133935,0.0005219303690578399,9.7186744223678e-6,0.0002337937180149419,0.06854518379556265,0.0738181471824646,0.3092576265335083,-0.7857311964035034,1.011146068572998,0.15416765213012695,-2.280879020690918,3.649700880050659,-1.3451266288757324,-2.0479636192321777,-2.560438394546509,-2.6185483932495117,-0.0005804300308227539
0.05818037499999998,0.0034223749999999996,17.0,1.2935850639979287,0.7198655399457745,0.030531840801054966,0.0007034632469416091,1.309758934493195e-5,0.0003151197835861412,0.0685450949864328,0.07367365062236786,0.30916517972946167,-0.7850276231765747,1.0098731517791748,0.15438371896743774,-2.2780508995056152,3.64785099029541,-1.3432869911193848,-2.044099807739258,-2.5578508377075195,-2.618457794189453,-0.0009719729423522949
0.05818037499999998,0.0034223749999999996,17.0,1.3230467717701035,0.7493273662868148,0.030530993632885056,0.0008346262029129242,1.5540010918078535e-5,0.00037387315666232834,0.0685451143424992,0.07352159917354584,0.30905911326408386,-0.7842732667922974,1.0084762573242188,0.15469568967819214,-2.274951934814453,3.6456096172332764,-1.341313362121582,-2.039961338043213,-2.555119752883911,-2.618406295776367,-0.00135880708694458
0.05818037499999998,0.0034223749999999996,17.0,1.3516768115692623,0.7779572878230924,0.030533212222101522,0.0009754249657402159,1.8159892872661996e-5,0.00043695169506511466,0.0685450693467805,0.07328730821609497,0.3087027668952942,-0.7830263376235962,1.006742238998413,0.15426184237003326,-2.270836353302002,3.64131236076355,-1.339245319366455,-2.034057378768921,-2.550412654876709,-2.6167867183685303,-0.001459658145904541
0.05818037499999998,0.0034223749999999996,17.0,1.379476095942193,0.8057565011566982,0.030533081872845425,0.0011020919581572826,2.051748551744895e-5,0.0004936924872070767,0.06854507317375612,0.07318080961704254,0.30855080485343933,-0.7822582721710205,1.0055276155471802,0.1545482873916626,-2.267972469329834,3.638619899749756,-1.3374054431915283,-2.0300421714782715,-2.5478694438934326,-2.6171462535858154,-0.0019088983535766602
0.05818037499999998,0.0034223749999999996,17.0,1.406445067291006,0.8327259266880137,0.030526061576055717,0.0012414113315215968,2.3115624901800297e-5,0.0005560767037197763,0.06854523020384477,0.07319784164428711,0.30851075053215027,-0.7824670672416687,1.0054726600646973,0.1545111984014511,-2.2688097953796387,3.6383209228515625,-1.3379788398742676,-2.0310323238372803,-2.5487115383148193,-2.6175482273101807,-0.0013197064399719238
0.05818037499999998,0.0034223749999999996,17.0,1.4325818826220544,0.8588626845960327,0.030525983244108393,0.001423525441195146,2.6505669677555083e-5,0.0006376526908616521,0.06854523499800125,0.07304419577121735,0.30831441283226013,-0.7816810607910156,1.0036230087280273,0.15468870103359222,-2.26577091217041,3.635030746459961,-1.3362386226654053,-2.027045488357544,-2.5459353923797607,-2.6178653240203857,-0.0010338425636291504
0.05818037499999998,0.0034223749999999996,17.0,1.4578871121878334,0.8841675827809562,0.03052847211934103,0.0016059975476385142,2.9898144742821682e-5,0.0007194030145665554,0.06854518362570727,0.07228460907936096,0.3069620728492737,-0.7767446041107178,0.9974755644798279,0.15297427773475647,-2.2490763664245605,3.6189637184143066,-1.3292360305786133,-2.0048980712890625,-2.5277998447418213,-2.6135523319244385,-0.0010393857955932617
0.05818037499999998,0.0034223749999999996,17.0,1.482361421758898,0.9086417483864694,0.030528997596154347,0.001809184515980786,3.367692663454756e-5,0.0008104257126460421,0.06854517801937282,0.07615257799625397,0.3121921718120575,-0.8023008704185486,1.027727723121643,0.15366230905056,-2.339658737182617,3.6922647953033447,-1.3796021938323975,-2.1297292709350586,-2.619506359100342,-2.6333420276641846,0.013951003551483154
0.05818037499999998,0.0034223749999999996,17.0,1.506004334152937,0.932284335876318,0.03053104789407773,0.0019658283854422556,3.6586603696879066e-5,0.0008806091133003722,0.06854513285165013,0.07601144909858704,0.3118668794631958,-0.8012722730636597,1.0264482498168945,0.15310610830783844,-2.336390495300293,3.6887245178222656,-1.3788628578186035,-2.125779628753662,-2.615849494934082,-2.6330904960632324,0.014633476734161377
0.05818037499999998,0.0034223749999999996,17.0,1.5288163558757446,0.9550962502496794,0.030530777200082678,0.0021353738313042315,3.973970747497326e-5,0.0009565586859820283,0.06854513867600652,0.0759676992893219,0.3117397427558899,-0.8009837865829468,1.0257318019866943,0.15290112793445587,-2.3354806900024414,3.6872949600219727,-1.3791136741638184,-2.1250858306884766,-2.6147401332855225,-2.633692979812622,0.015616297721862793
0.05818037499999998,0.0034223749999999996,17.0,1.5507964715698526,0.9770759862684312,0.03053507852154447,0.0023488187432830526,4.370291007516459e-5,0.0010522066177803325,0.06854504595732033,0.07584622502326965,0.31156396865844727,-0.8002837300300598,1.0244216918945312,0.1526932567358017,-2.3330116271972656,3.685070753097534,-1.3784222602844238,-2.1222503185272217,-2.612103223800659,-2.6341609954833984,0.01634049415588379
0.05818037499999998,0.0034223749999999996,17.0,1.5719469355736286,0.9982268929293049,0.030528847459921973,0.0025679655538581323,4.7791562921418745e-5,0.0011503301755540962,0.068545178534271,0.07547780871391296,0.31092536449432373,-0.7977831363677979,1.0217137336730957,0.15214762091636658,-2.324631690979004,3.677485227584839,-1.3746395111083984,-2.110795021057129,-2.60302734375,-2.6317572593688965,0.015706419944763184
0.05818037499999998,0.0034223749999999996,17.0,1.5922649884198388,1.018544706240908,0.030530922644557784,0.0027886645836133557,5.189314483998066e-5,0.0012492127157271633,0.06854513007347887,0.07530990242958069,0.31056836247444153,-0.7965688705444336,1.0205581188201904,0.1516738384962082,-2.320767402648926,3.673631429672241,-1.3731892108917236,-2.1055586338043213,-2.5985803604125977,-2.630324125289917,0.015605032444000244
0.05818037499999998,0.0034223749999999996,17.0,1.6117520822583526,1.0380317654522138,0.030531340822922422,0.0029312119619709044,5.454369223334649e-5,0.00131307343766762,0.06854512247679186,0.07535921037197113,0.31059202551841736,-0.796821653842926,1.0208851099014282,0.15170788764953613,-2.321688652038574,3.6741631031036377,-1.373878002166748,-2.106898307800293,-2.599449396133423,-2.6306045055389404,0.01590597629547119
0.05818037499999998,0.0034223749999999996,17.0,1.6304082629867973,1.0566881277822626,0.0305296328192897,0.0030955509144012577,5.760619708504639e-5,0.0013866759168427061,0.06854516074432035,0.07658170163631439,0.3123829960823059,-0.804869532585144,1.030562400817871,0.1526259481906891,-2.3495383262634277,3.697847843170166,-1.3879730701446533,-2.1446797847747803,-2.628278970718384,-2.6359951496124268,0.018806278705596924
0.05818037499999998,0.0034223749999999996,17.0,1.6482329390357775,1.0745126234535751,0.030530529964873925,0.0032995807010279786,6.140027904448132e-5,0.0014780797738127086,0.06854513597018738,0.07651391625404358,0.3122278153896332,-0.8042528629302979,1.0300160646438599,0.15262368321418762,-2.3474621772766113,3.695960521697998,-1.3869593143463135,-2.1417784690856934,-2.6261634826660156,-2.6356465816497803,0.018451392650604248
0.05818037499999998,0.0034223749999999996,17.0,1.6652261140261062,1.0915056812519668,0.030532794655705228,0.0034746733917628437,6.46524478120294e-5,0.0015565408508211637,0.06854509125742676,0.07649053633213043,0.3122115135192871,-0.8041616082191467,1.0297374725341797,0.15267789363861084,-2.3470611572265625,3.6956450939178467,-1.3867568969726562,-2.1412863731384277,-2.6258180141448975,-2.6357836723327637,0.018551170825958252
0.05818037499999998,0.0034223749999999996,17.0,1.681388811933806,1.1076685289899149,0.03053040043157561,0.0036301116123392714,6.755140376289e-5,0.0016261440051476906,0.06854514094374611,0.07391700148582458,0.30834513902664185,-0.7870622873306274,1.0092514753341675,0.15081509947776794,-2.287755012512207,3.644897937774658,-1.3569986820220947,-2.0607173442840576,-2.5642812252044678,-2.623896598815918,0.012485325336456299
0.05818037499999998,0.0034223749999999996,17.0,1.6967202751930706,1.1230001757886834,0.030528252014728616,0.003813985916764008,7.09796334250062e-5,0.001708485902774368,0.06854518763512234,0.07563504576683044,0.3108525276184082,-0.7982513904571533,1.0231666564941406,0.1520078033208847,-2.3268566131591797,3.6781535148620605,-1.3766257762908936,-2.1135597229003906,-2.6047146320343018,-2.6312196254730225,0.016080498695373535
0.05818037499999998,0.0034223749999999996,17.0,1.7112200949070557,1.1374997530612119,0.030529513893442585,0.003919664811993203,7.29414301119905e-5,0.0017558366294090112,0.06854515431415706,0.07547867298126221,0.310549795627594,-0.7969570755958557,1.0218658447265625,0.15205569565296173,-2.3223743438720703,3.6741909980773926,-1.3743317127227783,-2.1074116230010986,-2.60024094581604,-2.6305243968963623,0.015331089496612549
0.05818037499999998,0.0034223749999999996,17.0,1.7248890412379154,1.1511690232763148,0.0305275511069916,0.004029267370218355,7.498898819631756e-5,0.0018049120932347742,0.06854520402405127,0.07502076029777527,0.3099668323993683,-0.794062614440918,1.0176182985305786,0.15218690037727356,-2.3119287490844727,3.665552854537964,-1.368964433670044,-2.093661069869995,-2.5898659229278564,-2.6299173831939697,0.01476818323135376
0.05818037499999998,0.0034223749999999996,17.0,1.737727052019866,1.164007222187532,0.030524530227283374,0.004147505347482679,7.719711490155809e-5,0.0018578359230137374,0.06854527462699651,0.0760880559682846,0.31168800592422485,-0.8014569878578186,1.0257537364959717,0.15316027402877808,-2.337256908416748,3.687462091445923,-1.3815834522247314,-2.1283490657806396,-2.616309404373169,-2.6358888149261475,0.017876863479614258
0.05818037499999998,0.0034223749999999996,17.0,1.749733083336916,1.17601315941445,0.03052648097835703,0.004271736919920288,7.95016000193505e-5,0.0019135112668095275,0.06854524154478665,0.07700018584728241,0.3131125569343567,-0.8077334761619568,1.0328233242034912,0.1538805067539215,-2.358726978302002,3.705875873565674,-1.3923072814941406,-2.1576457023620605,-2.6386542320251465,-2.640378475189209,0.020371735095977783
0.05818037499999998,0.0034223749999999996,17.0,1.760907869551072,1.1871878045189068,0.030528659381652605,0.004399100803688536,8.18627070437935e-5,0.001970594267784025,0.06854520254149907,0.07752759754657745,0.31395915150642395,-0.8115068078041077,1.0369677543640137,0.15419769287109375,-2.3716511726379395,3.716926097869873,-1.3987693786621094,-2.175222873687744,-2.6519370079040527,-2.642695188522339,0.021993517875671387
0.05818037499999998,0.0034223749999999996,17.0,1.7712514319792318,1.1975312158418843,0.03053085512405111,0.004538170431072542,8.444119618145843e-5,0.0020329233697159114,0.06854516315883674,0.07629330456256866,0.31231555342674255,-0.803765058517456,1.0265858173370361,0.15385861694812775,-2.34450626373291,3.694082498550415,-1.3849341869354248,-2.1386935710906982,-2.6242051124572754,-2.639051914215088,0.020012199878692627
0.05818037499999998,0.0034223749999999996,17.0,1.7807634944196846,1.2070430761797932,0.03053486494459434,0.004697046136451464,8.73808744905532e-5,0.002104155616054142,0.06854508829436201,0.07522031664848328,0.31090784072875977,-0.7971736788749695,1.0174497365951538,0.1536598652601242,-2.321195602416992,3.6742959022521973,-1.3729627132415771,-2.107332468032837,-2.60041880607605,-2.635869026184082,0.018447577953338623
0.05818037499999998,0.0034223749999999996,17.0,1.7894441935963563,1.2157234915051507,0.03053969337478502,0.004878322211612674,9.073402555001444e-5,0.002185441048293675,0.06854499338535704,0.07300607860088348,0.3079877197742462,-0.7838492393493652,0.9989299774169922,0.15254968404769897,-2.273913860321045,3.634324550628662,-1.3489227294921875,-2.0437369346618652,-2.551584005355835,-2.627828598022461,0.01549464464187622
0.05818037499999998,0.0034223749999999996,17.0,1.7972939179051537,1.2235729654678997,0.030543188121976688,0.005106192853263323,9.49569211106249e-5,0.0022875833104324043,0.06854492353624823,-0.04662543535232544,-0.040644969791173935,0.3221789300441742,1.394338846206665,-1.0872313976287842,-1.68510103225708,-1.1279175281524658,-1.4587619304656982,-0.2675427496433258,-2.6930975914001465,-0.9553531408309937,-0.09928011894226074
0.05818037499999998,0.0034223749999999996,17.0,1.804312935184218,1.230592031602437,0.030543303580003213,0.005453648329446159,0.00010141699953694747,0.0024432478834669796,0.06854492960009709,-0.05049693584442139,-0.039736777544021606,0.3247623145580292,1.4137824773788452,-1.0769445896148682,-1.7570610046386719,-1.1116400957107544,-1.4804160594940186,-0.3285123109817505,-2.6472229957580566,-1.0211361646652222,-0.1014319658279419
0.05818037499999998,0.0034223749999999996,17.0,1.8104993084517647,1.236777957266141,0.03055252104711755,0.006032663776087765,0.0001121420603734241,0.002702833510028575,0.0685447457218778,-0.052177876234054565,-0.03876495361328125,0.32658836245536804,1.4228801727294922,-1.0620402097702026,-1.7919530868530273,-1.1105129718780518,-1.4923737049102783,-0.35207200050354004,-2.6214590072631836,-1.0661873817443848,-0.10091745853424072
0.05818037499999998,0.0034223749999999996,17.0,1.8158535499762896,1.242131508745367,0.03056726214045508,0.007349737613813916,0.00013654301093153737,0.0032932913646258376,0.06854445107968435,-0.054835736751556396,-0.039193157106637955,0.32969000935554504,1.4308539628982544,-1.0059757232666016,-1.8281936645507812,-1.1105893850326538,-1.5356712341308594,-0.4045082926750183,-2.6034138202667236,-1.1097110509872437,-0.06938952207565308
0.05818037499999998,0.0034223749999999996,17.0,1.820378261847168,1.2466559652724565,0.03057200183523668,0.013629354413985289,0.0002531588014899957,0.006107287102570607,0.06854435473460388,-0.051155418157577515,-0.037413518875837326,0.3358938992023468,1.3927961587905884,-0.8600744605064392,-1.7565126419067383,-1.1906583309173584,-1.5920825004577637,-0.3240301012992859,-2.5844473838806152,-1.1361678838729858,0.02266305685043335
0.05818037499999998,0.0034223749999999996,17.0,1.7890954456831563,-1.2434179038145952,0.018892150449655788,-0.01353595178615669,-0.00012582362463104015,-0.0061888689179151,0.06849721871420122,0.07742485404014587,0.31512585282325745,-0.8103046417236328,1.0330204963684082,0.15427161753177643,-2.36649751663208,3.722862482070923,-1.3879895210266113,-2.171438217163086,-2.653183937072754,-2.6402230262756348,0.015224337577819824
0.05818037499999998,0.0034223749999999996,17.0,1.784571618259519,-1.23889085468364,0.01888131738612785,-0.007301524682700976,-6.789578842827586e-5,-0.0033381543664993216,0.06849741928806968,0.0771961510181427,0.31486883759498596,-0.8088058233261108,1.0311279296875,0.15405941009521484,-2.361297130584717,3.7190418243408203,-1.3849151134490967,-2.1644835472106934,-2.648057699203491,-2.639047384262085,0.01430654525756836
0.05818037499999998,0.0034223749999999996,17.0,1.7792154599481633,-1.2335335947782775,0.018877738391294918,-0.005993626578984052,-5.5742948900023805e-5,-0.002740141550487628,0.06849748856117965,0.07778127491474152,0.31539204716682434,-0.8127231597900391,1.0366804599761963,0.15425047278404236,-2.375148296356201,3.7284626960754395,-1.3937060832977295,-2.1824042797088623,-2.6608152389526367,-2.641338348388672,0.016847193241119385
0.05818037499999998,0.0034223749999999996,17.0,1.7730282127898291,-1.227345002564533,0.01887330202881976,-0.005421608744494781,-5.043299800640398e-5,-0.002478561376962993,0.06849757392353273,0.07809776067733765,0.31571993231773376,-0.8149027824401855,1.0395939350128174,0.1543591469526291,-2.3827567100524902,3.733881950378418,-1.398435115814209,-2.1923887729644775,-2.6679494380950928,-2.6427478790283203,0.018275678157806396
0.05818037499999998,0.0034223749999999996,17.0,1.7660094036309972,-1.220325675731484,0.018871379020310778,-0.0050760533185492595,-4.7221362813834945e-5,-0.0023205603280669097,0.06849760688065755,0.07788054645061493,0.3155166506767273,-0.8135765790939331,1.0378272533416748,0.1540982574224472,-2.378174304962158,3.7306923866271973,-1.395700454711914,-2.1862900257110596,-2.6634044647216797,-2.641732931137085,0.017540276050567627
0.05818037499999998,0.0034223749999999996,17.0,1.7581592566560675,-1.2124751527530075,0.018870123465269645,-0.004841759272608326,-4.5045902408244104e-5,-0.0022134358232225684,0.0684976318585937,0.0781308114528656,0.31577593088150024,-0.8153496980667114,1.0401999950408936,0.15412628650665283,-2.384387969970703,3.7350964546203613,-1.3996152877807617,-2.1944100856781006,-2.6691365242004395,-2.6427974700927734,0.018765628337860107
0.05818037499999998,0.0034223749999999996,17.0,1.7494778973695477,-1.2037935400096011,0.018869040077321073,-0.004667939657334322,-4.3430294107410554e-5,-0.002133961554003809,0.0684976488562763,0.07825525104999542,0.31590819358825684,-0.8162719011306763,1.0414460897445679,0.15406669676303864,-2.387643337249756,3.7374215126037598,-1.4017236232757568,-2.198654890060425,-2.6720635890960693,-2.6432838439941406,0.01946192979812622
0.05818037499999998,0.0034223749999999996,17.0,1.7399652558030574,-1.1942807125577277,0.018868388127051137,-0.004509613328518106,-4.1959722625482716e-5,-0.0020615760675768403,0.06849766166051549,0.0783621221780777,0.31601184606552124,-0.8170973062515259,1.0425968170166016,0.15397101640701294,-2.3905863761901855,3.739454746246338,-1.4036951065063477,-2.2024295330047607,-2.674623727798462,-2.643651247024536,0.020132720470428467
0.05818037499999998,0.0034223749999999996,17.0,1.7296213614840692,-1.183936724352597,0.01886793241462841,-0.00437621882353007,-4.072062775822723e-5,-0.0020005921190014444,0.06849766952721162,0.07845787703990936,0.3160994350910187,-0.8178504705429077,1.043670415878296,0.15385165810585022,-2.393280506134033,3.741270065307617,-1.4055514335632324,-2.205878973007202,-2.676907777786255,-2.6439287662506104,0.02077949047088623
0.05818037499999998,0.0034223749999999996,17.0,1.7184463496065878,-1.1727615531593585,0.018867034045107506,-0.004243872011678886,-3.9489698024515285e-5,-0.001940081743360012,0.06849768118667465,0.07855229079723358,0.3161731958389282,-0.8185862898826599,1.0447728633880615,0.15370722115039825,-2.3959298133850098,3.742987632751465,-1.4074275493621826,-2.2092478275299072,-2.679128885269165,-2.64414644241333,0.02142113447189331
0.05818037499999998,0.0034223749999999996,17.0,1.7064400753891047,-1.1607552125433103,0.018866550590120094,-0.004118683465347343,-3.8325186801130096e-5,-0.0018828485941565205,0.06849768673634787,0.07861040532588959,0.31619778275489807,-0.8190626502037048,1.0455787181854248,0.153530091047287,-2.397697925567627,3.744009256362915,-1.4088125228881836,-2.2114369869232178,-2.6804726123809814,-2.6441566944122314,0.021915733814239502
0.05818037499999998,0.0034223749999999996,17.0,1.693602507417245,-1.1479177095420887,0.018866693178742965,-0.003996888433000129,-3.719227774338651e-5,-0.0018271729784528363,0.06849768375095419,0.07860271632671356,0.31615644693374634,-0.8190145492553711,1.0456783771514893,0.15344449877738953,-2.3976125717163086,3.7437331676483154,-1.40889310836792,-2.211199998855591,-2.680234432220459,-2.643925189971924,0.02190721035003662
0.05818037499999998,0.0034223749999999996,17.0,1.6799338028138788,-1.1342490014199054,0.01886663300185635,-0.0039023493309041004,-3.631221293167946e-5,-0.0017839537135669104,0.0684976838414467,0.07831272482872009,0.3158278465270996,-0.8171651363372803,1.0434503555297852,0.1530541628599167,-2.3913540840148926,3.7390570640563965,-1.4053168296813965,-2.2027289867401123,-2.6738815307617188,-2.6423285007476807,0.02088409662246704
0.05818037499999998,0.0034223749999999996,17.0,1.665433911040622,-1.1197490730815396,0.0188664785818456,-0.0037669679905075995,-3.505221365422501e-5,-0.0017220623484788076,0.06849768601206084,0.07831849157810211,0.315818190574646,-0.817197322845459,1.043567419052124,0.15302413702011108,-2.3914685249328613,3.739064931869507,-1.4054181575775146,-2.2028419971466064,-2.6740055084228516,-2.642317056655884,0.02086561918258667
0.05818037499999998,0.0034223749999999996,17.0,1.6501026494249247,-1.1044180776210724,0.01886740489792063,-0.0036049283754394173,-3.354344530259239e-5,-0.00164799514487568,0.06849766971830694,0.07836364209651947,0.315915584564209,-0.8175864815711975,1.0438696146011353,0.15305320918560028,-2.3927268981933594,3.740264415740967,-1.4060728549957275,-2.2046329975128174,-2.6753547191619873,-2.642764091491699,0.021144509315490723
0.05818037499999998,0.0034223749999999996,17.0,1.6339403301216369,-1.0882555974721064,0.01886711421295985,-0.0034371939513389753,-3.198482595910901e-5,-0.001571312479316181,0.06849767986005378,0.07834590971469879,0.31592217087745667,-0.8174751996994019,1.0436331033706665,0.15310601890087128,-2.3922863006591797,3.7400870323181152,-1.4056673049926758,-2.2041077613830566,-2.6750640869140625,-2.6427903175354004,0.020995616912841797
0.05818037499999998,0.0034223749999999996,17.0,1.616946766072437,-1.0712620549947907,0.018867183773360986,-0.0032754601796153877,-3.0479966092843403e-5,-0.0014973769584911757,0.06849767880431883,0.07835988700389862,0.3159259557723999,-0.8176044225692749,1.0438506603240967,0.15304070711135864,-2.392794609069824,3.740382194519043,-1.4060728549957275,-2.2047226428985596,-2.675394058227539,-2.6427390575408936,0.021157562732696533
0.05818037499999998,0.0034223749999999996,17.0,1.5991218419722903,-1.0534375462681536,0.018868546830840247,-0.003081641980469988,-2.8674368898413478e-5,-0.0014087840531237723,0.06849765215567834,0.07819440960884094,0.31576862931251526,-0.8164393901824951,1.0422956943511963,0.15299174189567566,-2.3887524604797363,3.7376129627227783,-1.403454065322876,-2.199458599090576,-2.6716418266296387,-2.6419906616210938,0.020296990871429443
0.05818037499999998,0.0034223749999999996,17.0,1.5804659662590654,-1.0347815112391712,0.018868026249773642,-0.002941092108826485,-2.7367008805162187e-5,-0.0013445269089110115,0.06849766144715962,0.07834123075008392,0.31592386960983276,-0.8174231052398682,1.0435609817504883,0.15309590101242065,-2.392146110534668,3.7400784492492676,-1.4055039882659912,-2.203956127166748,-2.674872398376465,-2.6426782608032227,0.020906150341033936
0.05818037499999998,0.0034223749999999996,17.0,1.5609789697235168,-1.0152942516082346,0.018866964484706362,-0.002787032077117483,-2.5933577019594626e-5,-0.0012740900552990367,0.06849767778551777,0.07836395502090454,0.3159373700618744,-0.8175883293151855,1.0438766479492188,0.1529747098684311,-2.392836570739746,3.740548849105835,-1.4059412479400635,-2.2048051357269287,-2.6752665042877197,-2.642547607421875,0.020997047424316406
0.05818037499999998,0.0034223749999999996,17.0,1.540660655821813,-0.994975810825095,0.0188667419322206,-0.0025672847776525344,-2.3889607550074077e-5,-0.0011736302605947352,0.0684976841836581,0.07848720252513885,0.3161541819572449,-0.8184294700622559,1.0446734428405762,0.15309947729110718,-2.395667552947998,3.743197441101074,-1.4072329998016357,-2.208765983581543,-2.6781773567199707,-2.6434085369110107,0.021336495876312256
0.05818037499999998,0.0034223749999999996,17.0,1.5195109800842546,-0.9738262874166557,0.01886736287609472,-0.0023516569351681813,-2.188355945047182e-5,-0.0010750604203875985,0.06849767493380589,0.07830063998699188,0.3159668743610382,-0.817177951335907,1.043128252029419,0.15288415551185608,-2.3915514945983887,3.7403533458709717,-1.4044666290283203,-2.2031447887420654,-2.6739511489868164,-2.6422207355499268,0.020336806774139404
0.05818037499999998,0.0034223749999999996,17.0,1.4975302432422828,-0.9518454931006575,0.018867083002574586,-0.00215187919754597,-2.0024703781705592e-5,-0.0009837305796401054,0.06849767829933538,0.07833358645439148,0.31599149107933044,-0.8174086213111877,1.0435837507247925,0.15264512598514557,-2.3926291465759277,3.7411863803863525,-1.4050118923187256,-2.204381227493286,-2.6744534969329834,-2.6419484615325928,0.020382702350616455
0.05818037499999998,0.0034223749999999996,17.0,1.474718235186768,-0.9290335707717073,0.018867176837719817,-0.001954559942704982,-1.818850274835902e-5,-0.0008935272995172661,0.06849767349871803,0.07830557227134705,0.3159453272819519,-0.8173105716705322,1.043697476387024,0.15219399333000183,-2.3927383422851562,3.7412712574005127,-1.4050037860870361,-2.2041707038879395,-2.67370343208313,-2.6411325931549072,0.02027648687362671
0.05818037499999998,0.0034223749999999996,17.0,1.4510750494468714,-0.9053903878366657,0.018867283932179055,-0.0018198454039929125,-1.693537986666314e-5,-0.000831942889766288,0.06849767242076221,0.07833965122699738,0.3160502016544342,-0.8176499605178833,1.0440000295639038,0.1519356071949005,-2.394223213195801,3.742900848388672,-1.405456781387329,-2.205993413925171,-2.6745762825012207,-2.6410508155822754,0.020358145236968994
0.05818037499999998,0.0034223749999999996,17.0,1.4266006941821703,-0.8809158781009567,0.018866874933339495,-0.0016007131404349093,-1.4897255775392612e-5,-0.0007317651741638266,0.06849768241028162,0.0784221738576889,0.31615573167800903,-0.8182795643806458,1.0448522567749023,0.1516522318124771,-2.396790027618408,3.7449965476989746,-1.4067575931549072,-2.209122657775879,-2.6763229370117188,-2.641018867492676,0.020690977573394775
0.05818037499999998,0.0034223749999999996,17.0,1.4012950843290666,-0.8556102806402117,0.01886685412641599,-0.001410251014509407,-1.3124796715958899e-5,-0.000644695773520033,0.0684976828362002,0.07841269671916962,0.31615880131721497,-0.8183096647262573,1.0448780059814453,0.15137405693531036,-2.3971872329711914,3.745373010635376,-1.406907081604004,-2.2094268798828125,-2.6762044429779053,-2.640774726867676,0.020805716514587402
0.05818037499999998,0.0034223749999999996,17.0,1.3751582675700926,-0.8294734766305781,0.01886684290699645,-0.0012207227675289766,-1.1360951666788782e-5,-0.0005580532194807337,0.06849768308384384,0.07825078070163727,0.3158894181251526,-0.8171688318252563,1.0438340902328491,0.15094992518424988,-2.3937439918518066,3.7423133850097656,-1.404930591583252,-2.204312562942505,-2.6721689701080322,-2.6393444538116455,0.020082056522369385
0.05818037499999998,0.0034223749999999996,17.0,1.348190362576109,-0.802505471171792,0.01886623359052076,-0.0010729274740003479,-9.984768654195328e-6,-0.0004904867059664336,0.06849768930323201,0.07824203372001648,0.3158835768699646,-0.8171759843826294,1.0438287258148193,0.15078723430633545,-2.3939247131347656,3.7424073219299316,-1.4050891399383545,-2.204430103302002,-2.67205810546875,-2.6392576694488525,0.02024376392364502
0.05818037499999998,0.0034223749999999996,17.0,1.3203906530891725,-0.7747066795863659,0.018869085770957014,-0.0009341677220257628,-8.693293840300688e-6,-0.00042706148879744985,0.06849763547575508,0.07822677493095398,0.31598716974258423,-0.8173134326934814,1.043592929840088,0.15058784186840057,-2.3945040702819824,3.7434451580047607,-1.4050590991973877,-2.205232858657837,-2.672442674636841,-2.639478921890259,0.02042078971862793
0.05818037499999998,0.0034223749999999996,17.0,1.2917604362781716,-0.7460758618224567,0.018867485269762414,-0.0007591163764206904,-7.065229376729702e-6,-0.0003470319786855954,0.0684976732680161,0.07845257222652435,0.31629475951194763,-0.8188881278038025,1.0452518463134766,0.15103010833263397,-2.3995838165283203,3.7473971843719482,-1.4080076217651367,-2.212279796600342,-2.67791485786438,-2.6411619186401367,0.02143460512161255
0.05818037499999998,0.0034223749999999996,17.0,1.2622988695646988,-0.7166141021859651,0.01886711808875932,-0.0006625795888405631,-6.167057794352067e-6,-0.000302899035932528,0.06849768483590259,0.07849396765232086,0.31640350818634033,-0.8192533254623413,1.0454962253570557,0.1511199176311493,-2.4007482528686523,3.7485461235046387,-1.408581018447876,-2.2139978408813477,-2.679150104522705,-2.6415884494781494,0.021696388721466064
0.05818037499999998,0.0034223749999999996,17.0,1.2320060075669284,-0.686321116519593,0.01886703241319193,-0.000493837130874001,-4.5969027449640935e-6,-0.0002257582428191669,0.06849769264677087,0.07847392559051514,0.31651270389556885,-0.8193070292472839,1.045149564743042,0.15104740858078003,-2.4009323120117188,3.7493927478790283,-1.4082844257354736,-2.2144505977630615,-2.679291248321533,-2.641775131225586,0.021728694438934326
0.05818037499999998,0.0034223749999999996,17.0,1.2008820343343383,-0.6551967953830025,0.018866380054943108,-0.0002934522716631527,-2.7319885257677884e-6,-0.00013415155438087313,0.06849771316557647,0.07852290570735931,0.316717267036438,-0.8197792768478394,1.045234203338623,0.15113060176372528,-2.402472972869873,3.751405954360962,-1.4086637496948242,-2.216815233230591,-2.680910348892212,-2.6424543857574463,0.021929383277893066
0.05818037499999998,0.0034223749999999996,17.0,1.1689267662764267,-0.623241400698642,0.01886629580730184,-0.00011577948191667576,-1.0779907747759858e-6,-5.2928529574849995e-5,0.0684977209301679,0.0785762369632721,0.31692060828208923,-0.8202527761459351,1.0453511476516724,0.15122361481189728,-2.404043197631836,3.753436803817749,-1.409040927886963,-2.2191953659057617,-2.682551383972168,-2.643115282058716,0.022094428539276123
0.05818037499999998,0.0034223749999999996,17.0,1.1361402927915683,-0.5904549405240951,0.01886635965599849,7.647180688066938e-5,7.120075753916026e-7,3.4959066178747414e-5,0.06849771949008365,0.07856185734272003,0.31692373752593994,-0.8202018737792969,1.045264482498169,0.15122559666633606,-2.4038290977478027,3.7533297538757324,-1.408949851989746,-2.2189934253692627,-2.682342767715454,-2.643087148666382,0.02209770679473877
0.05818037499999998,0.0034223749999999996,17.0,1.1025226117888716,-0.5568372761465382,0.01886640881745501,0.0001994821859304945,1.8573265944164265e-6,9.119327740749745e-5,0.06849771844300108,0.07854786515235901,0.3169260025024414,-0.8201639652252197,1.0451908111572266,0.15122666954994202,-2.40366792678833,3.7532529830932617,-1.4088871479034424,-2.2188262939453125,-2.682178258895874,-2.6430704593658447,0.022115707397460938
0.05818037499999998,0.0034223749999999996,17.0,1.0680737262261835,-0.5223884067500139,0.018866444107629197,0.0003433837162764345,3.1971693365294886e-6,0.00015697792772434736,0.06849771769662134,0.07853592932224274,0.31692758202552795,-0.8201406002044678,1.0451381206512451,0.15122494101524353,-2.4035744667053223,3.753222703933716,-1.4088499546051025,-2.2187085151672363,-2.6820645332336426,-2.6430559158325195,0.022135615348815918
0.05818037499999998,0.0034223749999999996,17.0,1.0327936365624801,-0.48710833141656906,0.018866476745940584,0.0004927613658212047,4.588012849208664e-6,0.00022526603895619532,0.06849771700487102,0.07820950448513031,0.31665512919425964,-0.8181349635124207,1.0425313711166382,0.1506812572479248,-2.3971667289733887,3.7490363121032715,-1.404414176940918,-2.2098634243011475,-2.675058603286743,-2.6410980224609375,0.020658552646636963
0.05818037499999998,0.0034223749999999996,17.0,0.9966824371428806,-0.45099705871376095,0.01886605693566038,0.0006471424587152124,6.025116362939949e-6,0.00029584050737445946,0.0684977208527825,0.07819588482379913,0.31665709614753723,-0.8181046843528748,1.0424749851226807,0.15068234503269196,-2.3970465660095215,3.7489914894104004,-1.4043645858764648,-2.209716320037842,-2.6749138832092285,-2.6410775184631348,0.020671486854553223
0.05818037499999998,0.0034223749999999996,17.0,0.9597399387161758,-0.41405457089450753,0.018866082230351706,0.0008087635371462945,7.529889064208606e-6,0.0003697255223890106,0.06849772024372107,0.07818269729614258,0.3166585862636566,-0.8180808424949646,1.0424258708953857,0.1506863683462143,-2.3969497680664062,3.748960018157959,-1.4043290615081787,-2.209587574005127,-2.6747941970825195,-2.6410651206970215,0.020689845085144043
0.05818037499999998,0.0034223749999999996,17.0,0.9219662342505562,-0.3762808780562863,0.018866104669190784,0.0009974968096748249,9.287105985036735e-6,0.0004560049002782939,0.06849771972757943,0.07816886901855469,0.31666040420532227,-0.8180568218231201,1.0423736572265625,0.15069173276424408,-2.3968496322631836,3.748929738998413,-1.4042959213256836,-2.2094504833221436,-2.674665689468384,-2.641054391860962,0.02071434259414673
0.05818037499999998,0.0034223749999999996,17.0,0.8833613204311931,-0.3376759794851343,0.01886613241175546,0.0011133998465015773,1.036624505544214e-5,0.0005089900891522538,0.06849771897052227,0.07815426588058472,0.3166621923446655,-0.8180281519889832,1.04231858253479,0.1507030576467514,-2.396728992462158,3.7488808631896973,-1.4042556285858154,-2.209296464920044,-2.674513101577759,-2.6410419940948486,0.02073538303375244
0.05818037499999998,0.0034223749999999996,17.0,0.8439252031737804,-0.2982398749770619,0.018866153218678974,0.0012212091035506952,1.1370036650210083e-5,0.0005582752079179987,0.06849771845757963,0.07822674512863159,0.31665852665901184,-0.8184151649475098,1.0430347919464111,0.15091301500797272,-2.3979544639587402,3.7492592334747314,-1.405350923538208,-2.2108664512634277,-2.6758599281311035,-2.641310930252075,0.021051347255706787
0.05818037499999998,0.0034223749999999996,17.0,0.803657481996038,-0.2579730970465186,0.018869143703959722,0.0014650557921445668,1.3638832434920718e-5,0.0006697619337095556,0.06849765936905385,0.07829253375530243,0.3167960047721863,-0.8189499378204346,1.043529748916626,0.15104369819164276,-2.3996524810791016,3.750809669494629,-1.4062001705169678,-2.213279962539673,-2.677769422531128,-2.641939640045166,0.02131599187850952
0.05818037499999998,0.0034223749999999996,17.0,0.7625589529667797,-0.21687458188854256,0.01886917634227111,0.001677036074715993,1.5612245371939583e-5,0.0007666706494259849,0.0684976584005796,0.07828228175640106,0.3167962431907654,-0.8189296722412109,1.0435007810592651,0.1510855257511139,-2.399540901184082,3.750739812850952,-1.4061696529388428,-2.213144302368164,-2.6776750087738037,-2.641963005065918,0.02132093906402588
0.05818037499999998,0.0034223749999999996,17.0,0.7206293408022476,-0.17494468403679142,0.01886840709806963,0.0019231482774950156,1.7904454740401083e-5,0.0008791785179110413,0.06849767536610679,0.07698871195316315,0.3160509467124939,-0.8121479749679565,1.0335655212402344,0.14847764372825623,-2.377357006072998,3.73795223236084,-1.3912620544433594,-2.183124542236328,-2.6530232429504395,-2.635645866394043,0.01752418279647827
0.05818037499999998,0.0034223749999999996,17.0,0.6778684034689643,-0.13218377434407788,0.01886840281429126,0.0019495623435327126,1.8150332611871504e-5,0.0008912539912321989,0.06849767445184013,0.07697129249572754,0.31601712107658386,-0.8121274709701538,1.0335359573364258,0.1488073468208313,-2.3770813941955566,3.737614631652832,-1.391399621963501,-2.182647466659546,-2.6528995037078857,-2.6358118057250977,0.01770806312561035
0.05818037499999998,0.0034223749999999996,17.0,0.6342764450641962,-0.08859151643180542,0.01886749628519251,0.0019415298204598708,1.807595447064772e-5,0.0008875755586562922,0.06849768861243757,0.07724317908287048,0.3160942792892456,-0.8132126331329346,1.0357630252838135,0.14998799562454224,-2.3799901008605957,3.739152669906616,-1.393944501876831,-2.1864688396453857,-2.6570687294006348,-2.637779951095581,0.01789689064025879
0.05818037499999998,0.0034223749999999996,17.0,0.5898532664432466,-0.04416847932853412,0.018867592160232205,0.001780902882053502,1.657696098406802e-5,0.0008141423928744936,0.0684976671296544,0.0773712694644928,0.31544217467308044,-0.812199056148529,1.0373294353485107,0.15123942494392395,-2.3757686614990234,3.7326407432556152,-1.3939323425292969,-2.1801741123199463,-2.654014825820923,-2.637488842010498,0.016578853130340576
0.05818037499999998,0.0034223749999999996,17.0,0.5445994849291771,0.0010869640875533222,0.01886240674851074,6.3082086054988454e-6,5.8726225691151325e-8,2.8837116788713985e-6,0.06849776790955488,0.07911953330039978,0.31685692071914673,-0.8225264549255371,1.0507458448410034,0.15381930768489838,-2.4096083641052246,3.7542247772216797,-1.4159655570983887,-2.226712465286255,-2.69067120552063,-2.6469388008117676,0.02334582805633545
0.05818037499999998,0.0034223749999999996,17.0,0.5898533709878379,0.04634040198140084,0.01886784184331431,-0.0017668875901379665,-1.644354591552151e-5,-0.0008077340724158168,0.06849764522377746,0.07769399881362915,0.3151061534881592,-0.81255704164505,1.040055274963379,0.15366190671920776,-2.3748974800109863,3.728684186935425,-1.396010398864746,-2.1790878772735596,-2.6558027267456055,-2.6400301456451416,0.01603078842163086
0.05818037499999998,0.0034223749999999996,17.0,0.6342768644664976,0.09076384940944307,0.018866990799344917,-0.001924046837067493,-1.7905317934475837e-5,-0.0008795742355932274,0.06849765879111978,0.07792599499225616,0.315388947725296,-0.8138725757598877,1.0415301322937012,0.155004620552063,-2.3782858848571777,3.7313120365142822,-1.398289442062378,-2.1842663288116455,-2.660654067993164,-2.6426169872283936,0.016665518283843994
0.05818037499999998,0.0034223749999999996,17.0,0.6778688344986641,0.1343557734929869,0.018867805125214,-0.001920706745445721,-1.787234597935631e-5,-0.0008780529980934522,0.06849764117496532,0.07772397994995117,0.315123975276947,-0.8129470944404602,1.0401504039764404,0.154999777674675,-2.3749685287475586,3.7277915477752686,-1.396918773651123,-2.17974853515625,-2.6571619510650635,-2.6415607929229736,0.016866564750671387
0.05818037499999998,0.0034223749999999996,17.0,0.7206296716731295,0.17711664667158955,0.018868329786069532,-0.0018314411479282728,-1.7041726659911193e-5,-0.0008372480222843179,0.06849763091043654,0.07772611081600189,0.31510812044143677,-0.8130053281784058,1.0401990413665771,0.1550786942243576,-2.3751392364501953,3.727670907974243,-1.3970913887023926,-2.179905414581299,-2.6573758125305176,-2.6416335105895996,0.016987502574920654
0.05818037499999998,0.0034223749999999996,17.0,0.7625594073532712,0.2190463678684805,0.0188682942919059,-0.001712998018026863,-1.5939644715460005e-5,-0.0007831010878253217,0.06849763174627695,0.07774682343006134,0.315112829208374,-0.8130836486816406,1.040355920791626,0.15510573983192444,-2.3754844665527344,3.7278811931610107,-1.3972198963165283,-2.180248498916626,-2.6577014923095703,-2.641706943511963,0.016945183277130127
0.05818037499999998,0.0034223749999999996,17.0,0.8036578165897272,0.26014453287857214,0.01886931362716838,-0.0016308755797539722,-1.5173422028740051e-5,-0.0007455630278516514,0.06849760459587961,0.07763125002384186,0.314716100692749,-0.811956524848938,1.0399727821350098,0.15449316799640656,-2.3722786903381348,3.7242226600646973,-1.3959951400756836,-2.1753392219543457,-2.6538913249969482,-2.639707565307617,0.016282379627227783
0.05818037499999998,0.0034223749999999996,17.0,0.8439255294039022,0.30041243815678964,0.018866033476874072,-0.0013432013399143033,-1.249879700949798e-5,-0.0006140395802260873,0.0684976778486483,0.0786731094121933,0.3158601224422455,-0.8187099695205688,1.047698974609375,0.15478907525539398,-2.3960981369018555,3.7414255142211914,-1.4093716144561768,-2.2077126502990723,-2.6778337955474854,-2.644200325012207,0.02061319351196289
0.05818037499999998,0.0034223749999999996,17.0,0.8833616205506657,0.3398484386302443,0.018866189120821497,-0.0012750684913738423,-1.1864165724806965e-5,-0.0005828934529279391,0.06849767312527867,0.07856573164463043,0.3156420588493347,-0.8180359601974487,1.0471162796020508,0.15436413884162903,-2.394184112548828,3.73930025100708,-1.4085125923156738,-2.204763650894165,-2.67533540725708,-2.643005132675171,0.02044212818145752
0.05818037499999998,0.0034223749999999996,17.0,0.9219665015787253,0.37845323785853596,0.018866355168230674,-0.0010925585259091912,-1.0165409565629273e-5,-0.0004994601819071214,0.06849766855236011,0.07854969799518585,0.31555289030075073,-0.8178866505622864,1.0471206903457642,0.15413837134838104,-2.3939414024353027,3.738635778427124,-1.4084830284118652,-2.2042195796966553,-2.6747748851776123,-2.6424734592437744,0.020422160625457764
0.05818037499999998,0.0034223749999999996,17.0,0.9597402004346354,0.416226931920694,0.018866334769286053,-0.0008836905534986456,-8.222067138100697e-6,-0.0004039766725818229,0.06849766896597559,0.07855655252933502,0.31555572152137756,-0.8179062604904175,1.0471577644348145,0.15416908264160156,-2.394023895263672,3.7386868000030518,-1.4084904193878174,-2.204293966293335,-2.674858570098877,-2.6425063610076904,0.020388901233673096
0.05818037499999998,0.0034223749999999996,17.0,0.9966826941185852,0.4531694203519158,0.018866312534436425,-0.0007056470851955843,-6.565508497882311e-6,-0.00032258452467963616,0.06849766935168837,0.07856206595897675,0.31555694341659546,-0.8179265260696411,1.0471912622451782,0.15419484674930573,-2.394102096557617,3.7387194633483887,-1.4085114002227783,-2.204364061355591,-2.6749379634857178,-2.6425468921661377,0.02037227153778076
0.05818037499999998,0.0034223749999999996,17.0,1.0327939817636203,0.48928070152028597,0.018866289075650113,-0.0005382698439787723,-5.008183060941979e-6,-0.00024606844349788924,0.0684976698437285,0.07887862622737885,0.31604135036468506,-0.8202821016311646,1.0494565963745117,0.1542515903711319,-2.402038097381592,3.74514102935791,-1.4129414558410645,-2.215498208999634,-2.683044195175171,-2.6445443630218506,0.022081077098846436
0.05818037499999998,0.0034223749999999996,17.0,1.0680740643896878,0.5245607771597149,0.01886626459691658,-0.0003797475945293514,-3.5332467239407805e-6,-0.00017360042397250128,0.06849767033509897,0.07888250052928925,0.31604158878326416,-0.820294976234436,1.0494773387908936,0.1542780101299286,-2.4020819664001465,3.7451374530792236,-1.4129505157470703,-2.2155416011810303,-2.6830973625183105,-2.644575834274292,0.022067487239837646
0.05818037499999998,0.0034223749999999996,17.0,1.1025228076697373,0.5590094658215902,0.018867223347313545,-0.00024262400398557106,-2.257325565442498e-6,-0.00011091543694633845,0.06849764865032096,0.07885043323040009,0.3160128593444824,-0.8200236558914185,1.0491818189620972,0.1543636918067932,-2.4011125564575195,3.744539260864258,-1.4123036861419678,-2.2141895294189453,-2.6822006702423096,-2.644605875015259,0.02177417278289795
0.05818037499999998,0.0034223749999999996,17.0,1.1361404802068722,0.5926271299951574,0.018867190301023268,-4.7878918545355335e-5,-4.454547745932075e-7,-2.188781562444689e-5,0.06849764937392633,0.07885552942752838,0.31601330637931824,-0.820044994354248,1.049215316772461,0.15438032150268555,-2.4011945724487305,3.7445621490478516,-1.4123353958129883,-2.2142741680145264,-2.682281017303467,-2.6446352005004883,0.021768808364868164
0.05818037499999998,0.0034223749999999996,17.0,1.1689269437472445,0.6254135876198362,0.018867155214838522,0.0001305017074621762,1.2141582249001443e-6,5.9658752854411174e-5,0.06849764998302983,0.07880780100822449,0.31590333580970764,-0.8196308016777039,1.0489332675933838,0.15431824326515198,-2.3998541831970215,3.7433080673217773,-1.4116971492767334,-2.2123568058013916,-2.6808600425720215,-2.644198179244995,0.021486997604370117
0.05818037499999998,0.0034223749999999996,17.0,1.2008822006367343,0.6573688379816636,0.018867114416949292,0.0003127626519684636,2.909872214095058e-6,0.00014297916484250098,0.06849765056377102,0.07881118357181549,0.3159027695655823,-0.8196595907211304,1.048969030380249,0.15431801974773407,-2.399951457977295,3.743340015411377,-1.4117631912231445,-2.2124576568603516,-2.680947780609131,-2.6442370414733887,0.02151322364807129
0.05818037499999998,0.0034223749999999996,17.0,1.232006183252839,0.6884927364521217,0.01886765947674944,0.0005209020218929995,4.8461049268976495e-6,0.00023813066078331218,0.06849763672972722,0.07876373827457428,0.31579288840293884,-0.8192542791366577,1.048703670501709,0.15423309803009033,-2.398648738861084,3.7421114444732666,-1.4111578464508057,-2.210578680038452,-2.6795597076416016,-2.6438026428222656,0.02124607563018799
0.05818037499999998,0.0034223749999999996,17.0,1.2622988326426092,0.7187853111817545,0.0188687569399698,0.0007020811903645107,6.531079862252508e-6,0.00032095938784197176,0.06849761274086603,0.07859379053115845,0.3156363368034363,-0.8182864189147949,1.047387957572937,0.15425394475460052,-2.3952083587646484,3.7396459579467773,-1.4091308116912842,-2.205838680267334,-2.6760897636413574,-2.643209457397461,0.020730793476104736
0.05818037499999998,0.0034223749999999996,17.0,1.2917605335811375,0.7482471418065735,0.018867974640443763,0.000832987644896351,7.749362395030358e-6,0.0003808022911233487,0.06849763114583153,0.07859587669372559,0.3156353831291199,-0.8183051347732544,1.0473934412002563,0.1542961299419403,-2.395236015319824,3.7395896911621094,-1.4091529846191406,-2.2058770656585693,-2.6761531829833984,-2.6432647705078125,0.02074664831161499
0.05818037499999998,0.0034223749999999996,17.0,1.3203908152607822,0.7768774122667984,0.018868824664465923,0.00097351220020993,9.05638437094666e-6,0.00044504610391756807,0.06849761359759031,0.07852539420127869,0.31553468108177185,-0.8179064393043518,1.046902060508728,0.15419654548168182,-2.393932819366455,3.738346815109253,-1.408475399017334,-2.2040135860443115,-2.674684762954712,-2.6427972316741943,0.020634591579437256
0.05818037499999998,0.0034223749999999996,17.0,1.3481904323914966,0.8046771259865159,0.018866317226193686,0.0010999329040303075,1.0233617290897394e-5,0.0005028314559811335,0.06849766933336453,0.07842880487442017,0.3153902292251587,-0.8172136545181274,1.046178936958313,0.15420754253864288,-2.3915395736694336,3.736360549926758,-1.4071691036224365,-2.200690269470215,-2.6723344326019287,-2.6423227787017822,0.02018815279006958
0.05818037499999998,0.0034223749999999996,17.0,1.3751584517215651,0.8316451352191067,0.018866306618742487,0.0012389762236408863,1.1527118149332603e-5,0.0005663946655451533,0.06849766986426783,0.0787079930305481,0.3158054053783417,-0.8192631602287292,1.0481586456298828,0.15425167977809906,-2.3984742164611816,3.741887331008911,-1.4110467433929443,-2.2104313373565674,-2.679429292678833,-2.6440415382385254,0.02168828248977661
0.05818037499999998,0.0034223749999999996,17.0,1.4012952658286764,0.8577819372908405,0.018866285811818977,0.0014207338344072431,1.3217973139831718e-5,0.0006494845747468578,0.06849767059559567,0.07870885729789734,0.3157941401004791,-0.8192803859710693,1.0481241941452026,0.15425316989421844,-2.3985495567321777,3.741765022277832,-1.411104440689087,-2.210508108139038,-2.679508686065674,-2.644108533859253,0.021776795387268066
0.05818037499999998,0.0034223749999999996,17.0,1.4266008380967246,0.8830874965035644,0.018866534678943298,0.0016028511338248665,1.4912077101421712e-5,0.0007327401300210753,0.0684976664825587,0.07860644161701202,0.3156110644340515,-0.8186001777648926,1.0474101305007935,0.15406109392642975,-2.3963894844055176,3.739640474319458,-1.4100570678710938,-2.207408905029297,-2.677096128463745,-2.643366575241089,0.021562933921813965
0.05818037499999998,0.0034223749999999996,17.0,1.4510752441038002,0.9075618752780488,0.018866471850193876,0.0018056418735114465,1.6798169015261745e-5,0.0008254455469757032,0.06849766833518282,0.07857838273048401,0.3155497908592224,-0.8184306621551514,1.0469969511032104,0.1539018601179123,-2.395845413208008,3.7389001846313477,-1.4100525379180908,-2.2069225311279297,-2.6764934062957764,-2.643674612045288,0.021987199783325195
0.05818037499999998,0.0034223749999999996,17.0,1.474718379458304,0.9312049726395182,0.018866769674785278,0.0019619815785151254,1.8251751766352107e-5,0.0008969183470914528,0.06849766066529618,0.07851235568523407,0.31540030241012573,-0.8179197311401367,1.0463882684707642,0.1536726951599121,-2.3942103385925293,3.7371912002563477,-1.4095542430877686,-2.20489764213562,-2.6747119426727295,-2.6435821056365967,0.022172868251800537
0.05818037499999998,0.0034223749999999996,17.0,1.4975303707356868,0.9540169426000037,0.018866712353750904,0.0021311958201318155,1.9825363250843217e-5,0.0009742746366378782,0.06849766188347518,0.07852113246917725,0.3153805136680603,-0.8179929256439209,1.0463770627975464,0.15352346003055573,-2.3945260047912598,3.7371559143066406,-1.4100279808044434,-2.2055251598358154,-2.6749179363250732,-2.643787145614624,0.022626936435699463
0.05818037499999998,0.0034223749999999996,17.0,1.5195109363285184,0.975997396253627,0.018868092342354197,0.0023442276333190894,2.1804370426489256e-5,0.0010716724279702682,0.06849763145900468,0.07838921248912811,0.3151698410511017,-0.8171409368515015,1.0454120635986328,0.15327416360378265,-2.3917341232299805,3.734649181365967,-1.4087598323822021,-2.2017273902893066,-2.67187762260437,-2.643061637878418,0.022473394870758057
0.05818037499999998,0.0034223749999999996,17.0,1.5406606691831217,0.9971472473711117,0.01886689227244242,0.002562939565597236,2.384088514231772e-5,0.0011716486512000567,0.06849765932677351,0.0786033570766449,0.3154738247394562,-0.818622350692749,1.047032117843628,0.15330825746059418,-2.3967537879943848,3.73878812789917,-1.4116172790527344,-2.208796739578247,-2.6769931316375732,-2.6441588401794434,0.023419737815856934
0.05818037499999998,0.0034223749999999996,17.0,1.5609789839517807,1.0174655602528682,0.018867112173065387,0.0027832096340465783,2.5889371697679582e-5,0.0012723479528144257,0.06849765399162078,0.07849085330963135,0.3152961730957031,-0.8178887367248535,1.0461965799331665,0.15313829481601715,-2.394318103790283,3.736607789993286,-1.4105052947998047,-2.205500364303589,-2.6743688583374023,-2.6435670852661133,0.023272693157196045
0.05818037499999998,0.0034223749999999996,17.0,1.580466156632216,1.036952717583098,0.01886706770336612,0.0029254792595256643,2.7212437116960432e-5,0.0013373864052966472,0.06849765448501292,0.07850344479084015,0.31529608368873596,-0.8179470300674438,1.046271800994873,0.15314333140850067,-2.394524574279785,3.7366783618927,-1.4107074737548828,-2.2058346271514893,-2.6745615005493164,-2.643653154373169,0.02338433265686035
0.05818037499999998,0.0034223749999999996,17.0,1.5991220851787074,1.055608591970391,0.018867360020242474,0.003089494402151975,2.87372217020446e-5,0.0014123683697735425,0.06849764685640895,0.07857732474803925,0.3154371678829193,-0.8185293674468994,1.046768069267273,0.15322574973106384,-2.3964438438415527,3.7384026050567627,-1.4117059707641602,-2.208523988723755,-2.676532745361328,-2.6442184448242188,0.023774921894073486
0.05818037499999998,0.0034223749999999996,17.0,1.616946930283941,1.073433513163688,0.01886665625665321,0.003293126420087017,3.0633365187754795e-5,0.0015054523724849715,0.06849766233851783,0.07852831482887268,0.3153119683265686,-0.8180603981018066,1.0464894771575928,0.15316084027290344,-2.3949408531188965,3.736989974975586,-1.4109821319580078,-2.206364154815674,-2.6749565601348877,-2.6436727046966553,0.023413419723510742
0.05818037499999998,0.0034223749999999996,17.0,1.633940393613352,1.0904269317174158,0.018867161742500804,0.0034678809706959507,3.225755194954903e-5,0.0015853469870830445,0.06849765122842598,0.0784442126750946,0.31520596146583557,-0.817546010017395,1.0457717180252075,0.15312016010284424,-2.3931779861450195,3.735520362854004,-1.4100651741027832,-2.2039828300476074,-2.673119306564331,-2.6434712409973145,0.023310482501983643
0.05818037499999998,0.0034223749999999996,17.0,1.6501027577433205,1.1065893170112893,0.01886700426264836,0.0036230103836780263,3.370098529518801e-5,0.0016562629175494628,0.06849765597144206,0.07854212820529938,0.31534063816070557,-0.8181989192962646,1.0466102361679077,0.1531401127576828,-2.3954339027404785,3.737401247024536,-1.4112176895141602,-2.2070062160491943,-2.6754024028778076,-2.643678665161133,0.023501098155975342
0.05818037499999998,0.0034223749999999996,17.0,1.6654339653018142,1.1219205826557779,0.01886645777492209,0.0038065216026019937,3.5409702867226165e-5,0.00174014900146467,0.06849766813086558,0.07861678302288055,0.3154517114162445,-0.8186670541763306,1.047121286392212,0.15325823426246643,-2.3969688415527344,3.7387502193450928,-1.4119925498962402,-2.209169387817383,-2.6770901679992676,-2.6441657543182373,0.02367866039276123
0.05818037499999998,0.0034223749999999996,17.0,1.6799339780918106,1.1364206401194625,0.01886587905686333,0.003911995334288516,3.639259680714839e-5,0.0017883590404978377,0.06849768055604005,0.07856038212776184,0.3153110444545746,-0.8181290626525879,1.046793818473816,0.15320049226284027,-2.3952274322509766,3.7371253967285156,-1.4111263751983643,-2.206683874130249,-2.675293207168579,-2.6435513496398926,0.02324014902114868
0.05818037499999998,0.0034223749999999996,17.0,1.693602573254838,1.150089160571356,0.018866760291270754,0.004021379756268121,3.740767894626605e-5,0.0018383744340480796,0.06849766046946337,0.07866314053535461,0.31553027033805847,-0.8189598917961121,1.047387719154358,0.15335692465305328,-2.3979287147521973,3.739633083343506,-1.412431240081787,-2.210537910461426,-2.6781466007232666,-2.644559621810913,0.023795366287231445
0.05818037499999998,0.0034223749999999996,17.0,1.7064401728450627,1.1629267756647783,0.018866304578848025,0.004139380882199254,3.85061942689383e-5,0.0018923123201176817,0.06849767167667181,0.07878339290618896,0.31570056080818176,-0.8197094202041626,1.0481202602386475,0.15366418659687042,-2.4003987312316895,3.7416555881500244,-1.4136102199554443,-2.213956594467163,-2.6808769702911377,-2.6454131603240967,0.02411174774169922
0.05818037499999998,0.0034223749999999996,17.0,1.7184464523662715,1.1749330016387574,0.018866677471555612,0.004263373896500852,3.965774785715914e-5,0.0019489995924882142,0.06849766498768158,0.07871079444885254,0.31561607122421265,-0.8192479610443115,1.047355055809021,0.15380024909973145,-2.3987221717834473,3.7402470111846924,-1.4126851558685303,-2.211749315261841,-2.679283857345581,-2.6455891132354736,0.02404576539993286
0.05818037499999998,0.0034223749999999996,17.0,1.7296215136091986,1.1861079979110456,0.01886714338345065,0.0043904940282154595,4.083781676200483e-5,0.002007117736425994,0.06849765633458027,0.0786304771900177,0.3155137598514557,-0.8187474608421326,1.0465964078903198,0.15389059484004974,-2.396969795227051,3.7387020587921143,-1.411707878112793,-2.2093632221221924,-2.677530527114868,-2.645519733428955,0.023927032947540283
0.05818037499999998,0.0034223749999999996,17.0,1.7399653606026355,1.196451772743216,0.018867634590037007,0.004529297203520293,4.2126188264845346e-5,0.002070577644308745,0.06849764760785376,0.07854725420475006,0.31540754437446594,-0.8182493448257446,1.0458531379699707,0.1539253145456314,-2.3952412605285645,3.737192153930664,-1.4107539653778076,-2.206995725631714,-2.6757752895355225,-2.645327568054199,0.02381587028503418
0.05818037499999998,0.0034223749999999996,17.0,1.749477958872366,1.205964287581263,0.018868370583958766,0.004687873252134128,4.359763145348024e-5,0.002143080908791895,0.06849763271682208,0.07839058339595795,0.3152161240577698,-0.8172925710678101,1.0444273948669434,0.15401357412338257,-2.39186429977417,3.7343227863311768,-1.4089572429656982,-2.2024712562561035,-2.672414779663086,-2.6451337337493896,0.023633062839508057
0.05818037499999998,0.0034223749999999996,17.0,1.7581592538512125,1.214645472558801,0.01886968019620313,0.004868807256898075,4.5274857828405695e-5,0.0022258151575631196,0.06849760573784087,0.07821646332740784,0.31499141454696655,-0.816264271736145,1.0430235862731934,0.15391753613948822,-2.3883652687072754,3.7313120365142822,-1.4071075916290283,-2.1976490020751953,-2.66872501373291,-2.644442558288574,0.023384034633636475
0.05818037499999998,0.0034223749999999996,17.0,1.766009455393319,1.222495612955071,0.018870274621449253,0.005096242925274079,4.738679432008112e-5,0.002329798109662378,0.06849759454579288,0.07807676494121552,0.3147965669631958,-0.8154169321060181,1.0419460535049438,0.15383227169513702,-2.385493278503418,3.7287819385528564,-1.405587911605835,-2.1936392784118652,-2.665687084197998,-2.643777370452881,0.0231054425239563
0.05818037499999998,0.0034223749999999996,17.0,1.7730281534289005,1.229514163812267,0.018872687000639574,0.005443016025444443,5.060139961963247e-5,0.002488370640393432,0.06849754427284577,0.07817021012306213,0.31494712829589844,-0.8160878419876099,1.0425410270690918,0.1540055274963379,-2.387749671936035,3.7306630611419678,-1.4067018032073975,-2.1967499256134033,-2.668092966079712,-2.644314765930176,0.02350592613220215
0.05818037499999998,0.0034223749999999996,17.0,1.7792154862628016,1.2357013199403104,0.018876063433952473,0.006020926214708054,5.595955223130009e-5,0.002752638297427391,0.06849747403303011,0.07788980007171631,0.31458717584609985,-0.8143808841705322,1.0402239561080933,0.15390726923942566,-2.3818397521972656,3.725675344467163,-1.4036333560943604,-2.1887240409851074,-2.662005662918091,-2.643446683883667,0.023079633712768555
0.05818037499999998,0.0034223749999999996,17.0,1.784571559459561,1.2410572113824736,0.018879720148764392,0.007335492476154646,6.815827277348695e-5,0.0033537171206051587,0.06849739796823864,0.07735434174537659,0.3139036297798157,-0.8111413717269897,1.0358408689498901,0.15362654626369476,-2.370647430419922,3.7162692546844482,-1.3978512287139893,-2.1735305786132812,-2.650387763977051,-2.64165997505188,0.022292673587799072
0.05818037499999998,0.0034223749999999996,17.0,1.789095470518871,1.2455806440865325,0.018889279502190492,0.013602896591520251,0.00012630302492301949,0.006219540424442508,0.068497195083681,0.07758824527263641,0.3142027258872986,-0.812549352645874,1.037576675415039,0.1539469212293625,-2.375405788421631,3.7201998233795166,-1.4002726078033447,-2.1800196170806885,-2.6555051803588867,-2.6427342891693115,0.02271944284439087
0.05818037499999998,0.0034223749999999996,17.0,1.7578086255632976,-1.2445,0.007231790867624131,-0.01350927767785941,-0.0,-0.00629947963732822,0.0684475,0.0787670910358429,0.31618228554725647,-0.8190877437591553,1.0462110042572021,0.1542544662952423,-2.3978047370910645,3.74364972114563,-1.4084022045135498,-2.2116329669952393,-2.681431531906128,-2.6447341442108154,0.02087634801864624
0.05818037499999998,0.0034223749999999996,17.0,1.7532831710178431,-1.2399745454545454,0.007231790867624131,-0.007287093103631278,-0.0,-0.003398027319911742,0.0684475,0.07924216985702515,0.31664812564849854,-0.822252631187439,1.0503697395324707,0.1545962542295456,-2.4087109565734863,3.751281976699829,-1.4151394367218018,-2.2260594367980957,-2.69184947013855,-2.6467959880828857,0.02289712429046631
0.05818037499999998,0.0034223749999999996,17.0,1.7479265105354684,-1.2346178849721707,0.007231790867624131,-0.00598176952837244,-0.0,-0.002789344940398283,0.0684475,0.07938902080059052,0.31682345271110535,-0.8232982158660889,1.0516263246536255,0.15469129383563995,-2.4122676849365234,3.7539217472076416,-1.417297124862671,-2.2308197021484375,-2.6952810287475586,-2.647550344467163,0.02361351251602173
0.05818037499999998,0.0034223749999999996,17.0,1.7417386441161733,-1.2284300185528756,0.007231790867624131,-0.0054108714089920115,-0.0,-0.002523130775304903,0.0684475,0.07956993579864502,0.31703561544418335,-0.8245946168899536,1.0531963109970093,0.1547924280166626,-2.416677474975586,3.7571804523468018,-1.4199824333190918,-2.2367095947265625,-2.6995248794555664,-2.648465871810913,0.024500906467437744
0.05818037499999998,0.0034223749999999996,17.0,1.7347195717599582,-1.2214109461966605,0.007231790867624131,-0.0050659956591046764,-0.0,-0.0023623125720204905,0.0684475,0.07964678108692169,0.31710997223854065,-0.8251563310623169,1.0539453029632568,0.15477894246578217,-2.418625831604004,3.758523941040039,-1.4212779998779297,-2.239269256591797,-2.701277732849121,-2.648751735687256,0.02494579553604126
0.05818037499999998,0.0034223749999999996,17.0,1.7268692934668226,-1.213560667903525,0.007231790867624131,-0.004832163498144391,-0.0,-0.002253274844641777,0.0684475,0.07968516647815704,0.3171815574169159,-0.8255233764648438,1.0543129444122314,0.15473808348178864,-2.419846534729004,3.759542465209961,-1.4220447540283203,-2.2409369945526123,-2.7024223804473877,-2.6490230560302734,0.025278806686401367
0.05818037499999998,0.0034223749999999996,17.0,1.718187809236767,-1.2048791836734694,0.007231790867624131,-0.004658686211003417,-0.0,-0.002172381057131987,0.0684475,0.07972154021263123,0.3172191083431244,-0.8258398175239563,1.0547348260879517,0.15467025339603424,-2.4209513664245605,3.760305166244507,-1.422839879989624,-2.2423765659332275,-2.703340530395508,-2.649136781692505,0.025594472885131836
0.05818037499999998,0.0034223749999999996,17.0,1.708675119069791,-1.1953664935064934,0.007231790867624131,-0.004500672782380038,-0.0,-0.0020986981852735777,0.0684475,0.07973587512969971,0.3172593116760254,-0.8260301351547241,1.0548995733261108,0.15460792183876038,-2.4215803146362305,3.760871648788452,-1.4232673645019531,-2.2432525157928467,-2.703899621963501,-2.6492679119110107,0.025820910930633545
0.05818037499999998,0.0034223749999999996,17.0,1.6983312229658951,-1.1850225974025974,0.007231790867624131,-0.0043675428017553135,-0.0,-0.002036618655778242,0.0684475,0.0797363668680191,0.3172862231731415,-0.8261632919311523,1.0549964904785156,0.154498890042305,-2.422020435333252,3.761291265487671,-1.42362380027771,-2.2438580989837646,-2.704218626022339,-2.649325132369995,0.02605384588241577
0.05818037499999998,0.0034223749999999996,17.0,1.6871561209250787,-1.173847495361781,0.007231790867624131,-0.004235456910619773,-0.0,-0.001975025993207512,0.0684475,0.07976262271404266,0.31730642914772034,-0.8264258503913879,1.055382251739502,0.15439143776893616,-2.422952175140381,3.76187801361084,-1.424365758895874,-2.2450480461120605,-2.704925298690796,-2.649359941482544,0.026363074779510498
0.05818037499999998,0.0034223749999999996,17.0,1.675149812947342,-1.1618411873840444,0.007231790867624131,-0.004110515989231529,-0.0,-0.0019167650847472318,0.0684475,0.07977250218391418,0.31731611490249634,-0.8265670537948608,1.0555826425552368,0.15429425239562988,-2.423450469970703,3.762204885482788,-1.4247996807098389,-2.245690107345581,-2.705272912979126,-2.649359703063965,0.026571154594421387
0.05818037499999998,0.0034223749999999996,17.0,1.6623122990326855,-1.1490036734693876,0.007231790867624131,-0.003988963106935656,-0.0,-0.0018600840448618533,0.0684475,0.0797567367553711,0.31731289625167847,-0.8265253305435181,1.0554983615875244,0.15422523021697998,-2.423295021057129,3.762143611907959,-1.424738883972168,-2.245495080947876,-2.705090045928955,-2.6493191719055176,0.026601552963256836
0.05818037499999998,0.0034223749999999996,17.0,1.6486435791811085,-1.1353349536178108,0.007231790867624131,-0.0038946113623775803,-0.0,-0.0018160871038141384,0.0684475,0.07976122200489044,0.31730952858924866,-0.8265429139137268,1.0555520057678223,0.15422305464744568,-2.423366069793701,3.7621562480926514,-1.4248051643371582,-2.245573043823242,-2.705146551132202,-2.6493074893951416,0.026610851287841797
0.05818037499999998,0.0034223749999999996,17.0,1.6341436533926113,-1.1208350278293135,0.007231790867624131,-0.0037594980921360696,-0.0,-0.0017530827511821562,0.0684475,0.07977117598056793,0.31731003522872925,-0.8265882730484009,1.0556368827819824,0.1542482227087021,-2.423523426055908,3.7622222900390625,-1.4249045848846436,-2.2457633018493652,-2.70529842376709,-2.6493351459503174,0.026617467403411865
0.05818037499999998,0.0034223749999999996,17.0,1.6188125216671938,-1.105503896103896,0.007231790867624131,-0.003597781427273475,-0.0,-0.0016776730319054427,0.0684475,0.07973319292068481,0.31727030873298645,-0.8263176679611206,1.0552918910980225,0.1542394459247589,-2.4226059913635254,3.76157546043396,-1.4243087768554688,-2.2445294857025146,-2.7044484615325928,-2.649165630340576,0.02641451358795166
0.05818037499999998,0.0034223749999999996,17.0,1.6026501840048561,-1.0893415584415584,0.007231790867624131,-0.003430379787266505,-0.0,-0.0015996123651824863,0.0684475,0.07973870635032654,0.31731176376342773,-0.8264026641845703,1.055266261100769,0.15426762402057648,-2.4228310585021973,3.761929988861084,-1.4243531227111816,-2.244910955429077,-2.704768657684326,-2.649352550506592,0.026468753814697266
0.05818037499999998,0.0034223749999999996,17.0,1.5856566404055983,-1.0723480148423006,0.007231790867624131,-0.0032689671949694475,-0.0,-0.001524344437271718,0.0684475,0.07973258197307587,0.3173116147518158,-0.8263824582099915,1.0552208423614502,0.15424543619155884,-2.4227614402770996,3.761908769607544,-1.4243197441101074,-2.2448322772979736,-2.7046871185302734,-2.64933180809021,0.026482224464416504
0.05818037499999998,0.0034223749999999996,17.0,1.56783189086942,-1.0545232653061223,0.007231790867624131,-0.003075535155804254,-0.0,-0.0014341455960764507,0.0684475,0.07968169450759888,0.3172414004802704,-0.8259843587875366,1.054786205291748,0.15422873198986053,-2.421438694000244,3.760887622833252,-1.4234955310821533,-2.2430315017700195,-2.7034103870391846,-2.6490118503570557,0.02616339921951294
0.05818037499999998,0.0034223749999999996,17.0,1.5491759353963217,-1.035867309833024,0.007231790867624131,-0.0029352634050113006,-0.0,-0.0013687358044588871,0.0684475,0.07970502972602844,0.3172646462917328,-0.8261369466781616,1.0549843311309814,0.15423941612243652,-2.4219555854797363,3.761258363723755,-1.4238224029541016,-2.2437374591827393,-2.7038962841033936,-2.649115562438965,0.026264429092407227
0.05818037499999998,0.0034223749999999996,17.0,1.5296887739863032,-1.0163801484230055,0.007231790867624131,-0.0027815072896682285,-0.0,-0.0012970381503862492,0.0684475,0.07975324988365173,0.31729334592819214,-0.8264470100402832,1.055450677871704,0.15425853431224823,-2.423043727874756,3.7619152069091797,-1.424562931060791,-2.245133876800537,-2.7048492431640625,-2.6492464542388916,0.026484429836273193
0.05818037499999998,0.0034223749999999996,17.0,1.5093704066393645,-0.9960617810760667,0.007231790867624131,-0.0025621936361135385,-0.0,-0.001194770514195745,0.0684475,0.07976901531219482,0.31731465458869934,-0.82651287317276,1.0555272102355957,0.15430182218551636,-2.4232826232910156,3.762155294418335,-1.4245960712432861,-2.2454566955566406,-2.705115795135498,-2.649306297302246,0.02642989158630371
0.05818037499999998,0.0034223749999999996,17.0,1.4882208333555054,-0.9749122077922077,0.007231790867624131,-0.002346993325166119,-0.0,-0.0010944209611636264,0.0684475,0.07973940670490265,0.3173001706600189,-0.8263324499130249,1.0552647113800049,0.1542505919933319,-2.422703266143799,3.7618494033813477,-1.4241271018981934,-2.2446718215942383,-2.7045276165008545,-2.6491525173187256,0.026254773139953613
0.05818037499999998,0.0034223749999999996,17.0,1.4662400541347262,-0.9529314285714284,0.007231790867624131,-0.0021476104069555846,-0.0,-0.0010014471794967622,0.0684475,0.07975009083747864,0.3173079192638397,-0.8264141082763672,1.0554155111312866,0.15417753159999847,-2.4230642318725586,3.7621195316314697,-1.4243226051330566,-2.2450931072235107,-2.7047133445739746,-2.649064540863037,0.026285171508789062
0.05818037499999998,0.0034223749999999996,17.0,1.4434280689770267,-0.930119443413729,0.007231790867624131,-0.0019506816493196622,-0.0,-0.000909617791700182,0.0684475,0.07974335551261902,0.3172890841960907,-0.826387345790863,1.055464506149292,0.15405724942684174,-2.423086166381836,3.762089967727661,-1.4243526458740234,-2.245026111602783,-2.7045209407806396,-2.6488358974456787,0.026271820068359375
0.05818037499999998,0.0034223749999999996,17.0,1.4197848778824071,-0.9064762523191094,0.007231790867624131,-0.001816233401366984,-0.0,-0.0008469235440543261,0.0684475,0.07974480092525482,0.3172867000102997,-0.8263570070266724,1.0554664134979248,0.15402434766292572,-2.423098564147949,3.7621374130249023,-1.4242258071899414,-2.244959592819214,-2.704404830932617,-2.648696184158325,0.026148557662963867
0.05818037499999998,0.0034223749999999996,17.0,1.3953104808508672,-0.8820018552875695,0.007231790867624131,-0.0015975344750723776,-0.0,-0.0007449425598928755,0.0684475,0.07975921034812927,0.3173161447048187,-0.8264781832695007,1.0555710792541504,0.15399309992790222,-2.4235544204711914,3.762563943862915,-1.4244327545166016,-2.245553731918335,-2.704760789871216,-2.6487603187561035,0.026228129863739014
0.05818037499999998,0.0034223749999999996,17.0,1.3700048778824072,-0.8566962523191094,0.007231790867624131,-0.0014074489744158685,-0.0,-0.0006563042352325183,0.0684475,0.0797567367553711,0.3173145651817322,-0.8264835476875305,1.0555707216262817,0.15394137799739838,-2.423619270324707,3.762603998184204,-1.4244811534881592,-2.245601177215576,-2.7047436237335205,-2.6487362384796143,0.02627474069595337
0.05818037499999998,0.0034223749999999996,17.0,1.3438680689770268,-0.8305594434137291,0.007231790867624131,-0.0012182950287034507,-0.0,-0.000568100301776583,0.0684475,0.07975433766841888,0.31731319427490234,-0.8264859914779663,1.055567741394043,0.15390098094940186,-2.4236583709716797,3.7626290321350098,-1.4245185852050781,-2.2456302642822266,-2.7047207355499268,-2.6487178802490234,0.026314735412597656
0.05818037499999998,0.0034223749999999996,17.0,1.3169000541347262,-0.8035914285714285,0.007231790867624131,-0.0010707906244926734,-0.0,-0.0004993178684815071,0.0684475,0.07978636026382446,0.317310631275177,-0.8266614079475403,1.055891513824463,0.15396787226200104,-2.4242162704467773,3.7627758979797363,-1.4250502586364746,-2.246361255645752,-2.7052948474884033,-2.6488425731658936,0.02649378776550293
0.05818037499999998,0.0034223749999999996,17.0,1.2891008333555056,-0.7757922077922077,0.007231790867624131,-0.0009323052377179888,-0.0,-0.0004347410720859147,0.0684475,0.0796433836221695,0.3171853721141815,-0.8258267641067505,1.054825782775879,0.15361465513706207,-2.421572685241699,3.76102876663208,-1.4233529567718506,-2.2426812648773193,-2.7023415565490723,-2.648002862930298,0.026005923748016357
0.05818037499999998,0.0034223749999999996,17.0,1.2604704066393644,-0.7471617810760667,0.007231790867624131,-0.0007575978957051829,-0.0,-0.00035327370056943875,0.0684475,0.07970477640628815,0.31729966402053833,-0.8262937068939209,1.0552146434783936,0.1537243276834488,-2.423067092895508,3.762366533279419,-1.4241046905517578,-2.244800567626953,-2.703960418701172,-2.648536205291748,0.02628624439239502
0.05818037499999998,0.0034223749999999996,17.0,1.2310087739863034,-0.7177001484230054,0.007231790867624131,-0.0006612510957268546,-0.0,-0.0003083464499008164,0.0684475,0.07972404360771179,0.3173368573188782,-0.826400876045227,1.0552918910980225,0.15379518270492554,-2.4234418869018555,3.762744665145874,-1.4241719245910645,-2.2453153133392334,-2.7043910026550293,-2.6486544609069824,0.026258468627929688
0.05818037499999998,0.0034223749999999996,17.0,1.2007159353963217,-0.687407309833024,0.007231790867624131,-0.0004928426673070174,-0.0,-0.00022981631003079843,0.0684475,0.07971736788749695,0.3173798620700836,-0.8264256715774536,1.0551594495773315,0.15376658737659454,-2.423532009124756,3.7630908489227295,-1.4240567684173584,-2.2455055713653564,-2.704460859298706,-2.648733377456665,0.02626824378967285
0.05818037499999998,0.0034223749999999996,17.0,1.1695918908694203,-0.6562832653061225,0.007231790867624131,-0.00029285277014542586,-0.0,-0.00013655948943071765,0.0684475,0.07973791658878326,0.31746065616607666,-0.8266159892082214,1.0551968812942505,0.15379726886749268,-2.424156665802002,3.763899326324463,-1.4242072105407715,-2.246450185775757,-2.7051126956939697,-2.649003744125366,0.026343822479248047
0.05818037499999998,0.0034223749999999996,17.0,1.1376366404055982,-0.6243280148423005,0.007231790867624131,-0.00011552958237346137,-0.0,-5.3872329004193784e-5,0.0684475,0.07973308861255646,0.31750285625457764,-0.8266404867172241,1.0550754070281982,0.15378151834011078,-2.424257278442383,3.7642500400543213,-1.4240813255310059,-2.246640920639038,-2.705183982849121,-2.6490726470947266,0.026330649852752686
0.05818037499999998,0.0034223749999999996,17.0,1.1048501840048561,-0.5915415584415583,0.007231790867624131,7.634460927429868e-5,0.0,3.560007596345661e-5,0.0684475,0.07972809672355652,0.317503958940506,-0.8266220092773438,1.055044412612915,0.1537775993347168,-2.4241838455200195,3.764216899871826,-1.424046516418457,-2.2465689182281494,-2.7051098346710205,-2.649061679840088,0.026330769062042236
0.05818037499999998,0.0034223749999999996,17.0,1.0712325216671938,-0.5579238961038959,0.007231790867624131,0.00019911540637582574,0.0,9.284903884969219e-5,0.0684475,0.07972267270088196,0.3175044655799866,-0.8266077041625977,1.0550135374069214,0.15377190709114075,-2.424126148223877,3.764193058013916,-1.4240245819091797,-2.246504306793213,-2.7050445079803467,-2.6490530967712402,0.026341259479522705
0.05818037499999998,0.0034223749999999996,17.0,1.0367836533926111,-0.5234750278293134,0.007231790867624131,0.00034273833211461644,0.0,0.00015982150900831695,0.0684475,0.07971760630607605,0.31750479340553284,-0.8265973329544067,1.0549887418746948,0.1537644863128662,-2.4240856170654297,3.7641818523406982,-1.4240093231201172,-2.2464537620544434,-2.704993724822998,-2.6490461826324463,0.026352643966674805
0.05818037499999998,0.0034223749999999996,17.0,1.0015035791811084,-0.4881949536178106,0.007231790867624131,0.0004918364608684513,0.0,0.00022934710826281017,0.0684475,0.07971301674842834,0.3175053000450134,-0.8265879154205322,1.054965853691101,0.15375755727291107,-2.4240469932556152,3.7641713619232178,-1.423995018005371,-2.246408462524414,-2.7049477100372314,-2.6490390300750732,0.02636265754699707
0.05818037499999998,0.0034223749999999996,17.0,0.9653922990326855,-0.4520836734693877,0.007231790867624131,0.0006459114522537805,0.0,0.0003011934566759546,0.0684475,0.07973666489124298,0.31750309467315674,-0.8267109394073486,1.0552036762237549,0.1538257747888565,-2.424407482147217,3.7642569541931152,-1.4243512153625488,-2.2468960285186768,-2.705369472503662,-2.649155616760254,0.0264626145362854
0.05818037499999998,0.0034223749999999996,17.0,0.9284498129473423,-0.4151411873840446,0.007231790867624131,0.0008072029495648288,0.0,0.0003764049170673828,0.0684475,0.07973316311836243,0.3175033926963806,-0.826703667640686,1.0551884174346924,0.15382343530654907,-2.424382209777832,3.7642509937286377,-1.4243416786193848,-2.246859550476074,-2.7053372859954834,-2.6491498947143555,0.026469171047210693
0.05818037499999998,0.0034223749999999996,17.0,0.8906761209250789,-0.37736749536178116,0.007231790867624131,0.0009955353156267865,0.0,0.00046422574164052424,0.0684475,0.07972948253154755,0.31750360131263733,-0.8266972899436951,1.0551725625991821,0.15382079780101776,-2.42435359954834,3.7642440795898438,-1.4243311882019043,-2.2468245029449463,-2.7053022384643555,-2.649146556854248,0.026475608348846436
0.05818037499999998,0.0034223749999999996,17.0,0.8520712229658952,-0.3387625974025974,0.007231790867624131,0.0011111811242812935,0.0,0.0005181522678496485,0.0684475,0.07972492277622223,0.31750375032424927,-0.8266892433166504,1.0551528930664062,0.15381652116775513,-2.4243202209472656,3.7642323970794678,-1.4243249893188477,-2.246778726577759,-2.7052571773529053,-2.6491429805755615,0.026490867137908936
0.05818037499999998,0.0034223749999999996,17.0,0.8126351190697911,-0.29932649350649343,0.007231790867624131,0.0012187451103891666,0.0,0.0005683101783134276,0.0684475,0.07972092926502228,0.3175041675567627,-0.8266828060150146,1.0551369190216064,0.15381398797035217,-2.424293041229248,3.764225482940674,-1.4243180751800537,-2.246741533279419,-2.70522141456604,-2.649139642715454,0.026501178741455078
0.05818037499999998,0.0034223749999999996,17.0,0.7723678092367671,-0.25905918367346925,0.007231790867624131,0.0014620927541067418,0.0,0.000681785048172907,0.0684475,0.07960088551044464,0.3173486590385437,-0.8258090019226074,1.0542216300964355,0.1536814570426941,-2.421565055847168,3.7621309757232666,-1.42250657081604,-2.242865562438965,-2.7022743225097656,-2.648205280303955,0.025761008262634277
0.05818037499999998,0.0034223749999999996,17.0,0.7312692934668227,-0.21796066790352486,0.007231790867624131,0.0016736443580134656,0.0,0.0007804331811695854,0.0684475,0.07959695160388947,0.3173487186431885,-0.8257995247840881,1.0542054176330566,0.15368665754795074,-2.4215216636657715,3.7621090412139893,-1.4224929809570312,-2.2428159713745117,-2.7022321224212646,-2.648205280303955,0.025766193866729736
0.05818037499999998,0.0034223749999999996,17.0,0.6893395717599581,-0.1760309461966605,0.007231790867624131,0.0019192974639568794,0.0,0.0008949831057205604,0.0684475,0.07962895929813385,0.3173999488353729,-0.8260242938995361,1.0544145107269287,0.15378078818321228,-2.4222264289855957,3.762723207473755,-1.4228689670562744,-2.2438015937805176,-2.702998638153076,-2.6484899520874023,0.025893330574035645
0.05818037499999998,0.0034223749999999996,17.0,0.6465786441161733,-0.13327001855287568,0.007231790867624131,0.001945668990550839,0.0,0.000907280350528562,0.0684475,0.07962611317634583,0.3173947334289551,-0.8260253667831421,1.0544134378433228,0.15383179485797882,-2.4222006797790527,3.762686252593994,-1.422905683517456,-2.243739128112793,-2.702991247177124,-2.6485202312469482,0.025932133197784424
0.05818037499999998,0.0034223749999999996,17.0,0.6029865105354685,-0.08967788497217066,0.007231790867624131,0.0019376575179052874,0.0,0.000903544539480842,0.0684475,0.07967707514762878,0.3174310624599457,-0.8262903094291687,1.0548152923583984,0.1540302336215973,-2.4229602813720703,3.7632217407226562,-1.4234552383422852,-2.244765520095825,-2.7039616107940674,-2.6489217281341553,0.026042163372039795
0.05818037499999998,0.0034223749999999996,17.0,0.5585631710178433,-0.045254545454545436,0.007231790867624131,0.0017773517265413544,0.0,0.0008287927213212426,0.0684475,0.07972390949726105,0.3173426687717438,-0.8262621760368347,1.0552923679351807,0.154261514544487,-2.422713279724121,3.7624521255493164,-1.4237616062164307,-2.244349718093872,-2.7039670944213867,-2.649012327194214,0.025891005992889404
0.05818037499999998,0.0034223749999999996,17.0,0.5133086255632978,0.0,0.007231790867624131,6.281268975233483e-6,0.0,2.929003826082774e-6,0.0684475,0.0799468606710434,0.31760504841804504,-0.8277771472930908,1.056962490081787,0.15456147491931915,-2.4274277687072754,3.765918731689453,-1.4268548488616943,-2.251030445098877,-2.7091240882873535,-2.6506764888763428,0.027045011520385742
0.05818037499999998,0.0034223749999999996,17.0,0.5585631710178433,0.04525454545454546,0.007231790867624131,-0.001763394079220552,-0.0,-0.0008222841634857258,0.0684475,0.07975408434867859,0.31728115677833557,-0.8261889219284058,1.0555460453033447,0.1546671986579895,-2.422092914581299,3.76157546043396,-1.4237356185913086,-2.243511199951172,-2.7038052082061768,-2.649437665939331,0.02565598487854004
0.05818037499999998,0.0034223749999999996,17.0,0.6029865105354685,0.08967788497217068,0.007231790867624131,-0.0019202397488271333,-0.0,-0.0008954225003717234,0.0684475,0.07979902625083923,0.3173125684261322,-0.8264375925064087,1.055861473083496,0.15490278601646423,-2.422748565673828,3.76190185546875,-1.4242641925811768,-2.2444913387298584,-2.7046844959259033,-2.649846076965332,0.02583533525466919
0.05818037499999998,0.0034223749999999996,17.0,0.6465786441161735,0.1332700185528757,0.007231790867624131,-0.0019169063733980361,-0.0,-0.0008938681218816297,0.0684475,0.07975126802921295,0.3172513544559479,-0.8261995315551758,1.0555377006530762,0.15488466620445251,-2.4219284057617188,3.761092185974121,-1.4238924980163574,-2.2433598041534424,-2.703798770904541,-2.6495895385742188,0.025833308696746826
0.05818037499999998,0.0034223749999999996,17.0,0.6893395717599583,0.1760309461966605,0.007231790867624131,-0.0018278171903992337,-0.0,-0.0008523251535905161,0.0684475,0.07972489297389984,0.31723544001579285,-0.8260460495948792,1.0553147792816162,0.15494002401828766,-2.42134428024292,3.7607345581054688,-1.423530101776123,-2.242581367492676,-2.703270673751831,-2.6495606899261475,0.025726675987243652
0.05818037499999998,0.0034223749999999996,17.0,0.7312692934668228,0.21796066790352506,0.007231790867624131,-0.0017096067929113117,-0.0,-0.0007972027399683515,0.0684475,0.07972888648509979,0.31723514199256897,-0.8260565400123596,1.0553462505340576,0.1549489051103592,-2.4213976860046387,3.7607614994049072,-1.4235453605651855,-2.242628574371338,-2.7033207416534424,-2.649571418762207,0.02571040391921997
0.05818037499999998,0.0034223749999999996,17.0,0.7723678092367671,0.25905918367346936,0.007231790867624131,-0.001627646725706288,-0.0,-0.0007589841329677506,0.0684475,0.07969768345355988,0.31713277101516724,-0.8257585763931274,1.0552375316619873,0.15479527413845062,-2.420541763305664,3.759798288345337,-1.4232161045074463,-2.241337299346924,-2.7023231983184814,-2.649060010910034,0.025536835193634033
0.05818037499999998,0.0034223749999999996,17.0,0.8126351190697912,0.2993264935064935,0.007231790867624131,-0.001340554272956541,-0.0,-0.0006251107236520414,0.0684475,0.07981570065021515,0.3173070251941681,-0.8267174363136292,1.0561411380767822,0.15466326475143433,-2.423823356628418,3.762310028076172,-1.4251322746276855,-2.2459070682525635,-2.7055251598358154,-2.6496901512145996,0.026357054710388184
0.05818037499999998,0.0034223749999999996,17.0,0.8520712229658951,0.33876259740259734,0.007231790867624131,-0.0012725519466824685,-0.0,-0.0005934007181380867,0.0684475,0.07981182634830475,0.3172767460346222,-0.826671838760376,1.0561619997024536,0.15458649396896362,-2.4237523078918457,3.762094259262085,-1.4251387119293213,-2.2457501888275146,-2.7053661346435547,-2.649510622024536,0.02634727954864502
0.05818037499999998,0.0034223749999999996,17.0,0.8906761209250788,0.377367495361781,0.007231790867624131,-0.0010904013433422207,-0.0,-0.0005084624968629757,0.0684475,0.07980696856975555,0.3172479271888733,-0.8266233205795288,1.0561654567718506,0.15451589226722717,-2.4236698150634766,3.761868476867676,-1.4251313209533691,-2.2455813884735107,-2.7051942348480225,-2.649334192276001,0.026340961456298828
0.05818037499999998,0.0034223749999999996,17.0,0.9284498129473423,0.41514118738404454,0.007231790867624131,-0.000881945366077632,-0.0,-0.0004112578782763136,0.0684475,0.07980895042419434,0.31724849343299866,-0.8266295194625854,1.0561779737472534,0.15452206134796143,-2.4236936569213867,3.7618839740753174,-1.4251408576965332,-2.245605945587158,-2.705219268798828,-2.6493418216705322,0.026336312294006348
0.05818037499999998,0.0034223749999999996,17.0,0.9653922990326854,0.45208367346938777,0.007231790867624131,-0.000704253423952787,-0.0,-0.00032839876487106355,0.0684475,0.07981111109256744,0.31724920868873596,-0.8266358971595764,1.056190848350525,0.15453214943408966,-2.4237146377563477,3.761894464492798,-1.4251465797424316,-2.2456300258636475,-2.7052457332611084,-2.649350166320801,0.026328861713409424
0.05818037499999998,0.0034223749999999996,17.0,1.0015035791811084,0.4881949536178107,0.007231790867624131,-0.0005372070027927773,-0.0,-0.00025050373941676584,0.0684475,0.07981324195861816,0.31724944710731506,-0.8266428709030151,1.0562046766281128,0.15454168617725372,-2.423741340637207,3.761903762817383,-1.4251585006713867,-2.245659112930298,-2.7052743434906006,-2.649359703063965,0.026325881481170654
0.05818037499999998,0.0034223749999999996,17.0,1.0367836533926111,0.5234750278293134,0.007231790867624131,-0.0003789982784601297,-0.0,-0.00017672979967351914,0.0684475,0.07981577515602112,0.3172500431537628,-0.8266499042510986,1.0562206506729126,0.15455262362957,-2.4237680435180664,3.761910915374756,-1.4251658916473389,-2.2456905841827393,-2.705305576324463,-2.6493706703186035,0.026316523551940918
0.05818037499999998,0.0034223749999999996,17.0,1.0712325216671938,0.557923896103896,0.007231790867624131,-0.00024214601204700968,-0.0,-0.00011291453980921318,0.0684475,0.07977932691574097,0.31719762086868286,-0.8263696432113647,1.055959939956665,0.15455497801303864,-2.422816276550293,3.761186122894287,-1.424635648727417,-2.2443697452545166,-2.704364061355591,-2.6491692066192627,0.026100575923919678
0.05818037499999998,0.0034223749999999996,17.0,1.1048501840048561,0.5915415584415583,0.007231790867624131,-4.778654876066664e-5,-0.0,-2.2283233643896117e-5,0.0684475,0.07978229224681854,0.3171982169151306,-0.8263792395591736,1.0559794902801514,0.15456482768058777,-2.422853946685791,3.761199951171875,-1.4246506690979004,-2.2444112300872803,-2.7044053077697754,-2.6491801738739014,0.02609539031982422
0.05818037499999998,0.0034223749999999996,17.0,1.1376366404055982,0.6243280148423004,0.007231790867624131,0.00013024083430475384,0.0,6.073229844080298e-5,0.0684475,0.0797843337059021,0.31719839572906494,-0.8263895511627197,1.055995225906372,0.1545686423778534,-2.4228920936584473,3.761215925216675,-1.424673080444336,-2.244452476501465,-2.7044408321380615,-2.649190902709961,0.0261000394821167
0.05818037499999998,0.0034223749999999996,17.0,1.1695918908694203,0.6562832653061225,0.007231790867624131,0.00031214068635270067,0.0,0.0001455535924680218,0.0684475,0.07978619635105133,0.31719842553138733,-0.8264014720916748,1.0560131072998047,0.15456801652908325,-2.4229321479797363,3.7612361907958984,-1.4247019290924072,-2.2444984912872314,-2.7044782638549805,-2.6492021083831787,0.02610909938812256
0.05818037499999998,0.0034223749999999996,17.0,1.200715935396322,0.6874073098330241,0.007231790867624131,0.0005198676655284778,0.0,0.00024241827366309064,0.0684475,0.07976816594600677,0.31715577840805054,-0.8262423276901245,1.055915117263794,0.15453720092773438,-2.4224252700805664,3.7607600688934326,-1.4244682788848877,-2.2437641620635986,-2.703937530517578,-2.649033546447754,0.02600276470184326
0.05818037499999998,0.0034223749999999996,17.0,1.2310087739863034,0.7177001484230056,0.007231790867624131,0.0007006883475809107,0.0,0.00032673634245695016,0.0684475,0.07971276342868805,0.31707876920700073,-0.8259215354919434,1.0555546283721924,0.15442819893360138,-2.4213967323303223,3.7598376274108887,-1.423938512802124,-2.2422947883605957,-2.7027695178985596,-2.6486382484436035,0.025890350341796875
0.05818037499999998,0.0034223749999999996,17.0,1.2604704066393646,0.7471617810760669,0.007231790867624131,0.0008313354293365867,0.0,0.0003876580771952241,0.0684475,0.07973276078701019,0.31713664531707764,-0.8261501789093018,1.0556926727294922,0.15440520644187927,-2.422112464904785,3.7605113983154297,-1.424344539642334,-2.2433509826660156,-2.703497886657715,-2.6488826274871826,0.026113688945770264
0.05818037499999998,0.0034223749999999996,17.0,1.2891008333555056,0.7757922077922077,0.007231790867624131,0.0009715821171737252,0.0,0.0004530561817645553,0.0684475,0.07969030737876892,0.317091166973114,-0.8259018659591675,1.0553779602050781,0.1543872058391571,-2.4212708473205566,3.759876251220703,-1.4238598346710205,-2.2421627044677734,-2.702606201171875,-2.648690938949585,0.02599090337753296
0.05818037499999998,0.0034223749999999996,17.0,1.3169000541347262,0.8035914285714285,0.007231790867624131,0.0010977510394251117,0.0,0.0005118897164315394,0.0684475,0.07980628311634064,0.3172350227832794,-0.8266348838806152,1.0561659336090088,0.1545303463935852,-2.423717975616455,3.761770725250244,-1.4251983165740967,-2.2455923557281494,-2.705212116241455,-2.6493330001831055,0.026405394077301025
0.05818037499999998,0.0034223749999999996,17.0,1.3438680689770266,0.830559443413729,0.007231790867624131,0.0012365187196369395,0.0,0.0005765981484187186,0.0684475,0.07980768382549286,0.3172338306903839,-0.826638400554657,1.0561686754226685,0.15454421937465668,-2.4237265586853027,3.761744976043701,-1.4252018928527832,-2.2456045150756836,-2.7052338123321533,-2.6493473052978516,0.026405930519104004
0.05818037499999998,0.0034223749999999996,17.0,1.3700048778824072,0.8566962523191094,0.007231790867624131,0.00141791592965972,0.0,0.0006611850566202918,0.0684475,0.07980942726135254,0.3172321617603302,-0.8266441822052002,1.0561726093292236,0.154552161693573,-2.4237470626831055,3.761726140975952,-1.4252138137817383,-2.245631217956543,-2.705263137817383,-2.6493637561798096,0.026413798332214355
0.05818037499999998,0.0034223749999999996,17.0,1.3953104808508672,0.8820018552875695,0.007231790867624131,0.001599672264414488,0.0,0.0007459394274346238,0.0684475,0.07980066537857056,0.31721991300582886,-0.8265717029571533,1.0560775995254517,0.15457460284233093,-2.4235053062438965,3.7615206241607666,-1.4250545501708984,-2.2452781200408936,-2.70503306388855,-2.649390459060669,0.02636432647705078
0.05818037499999998,0.0034223749999999996,17.0,1.4197848778824071,0.9064762523191093,0.007231790867624131,0.001802061039826247,0.0,0.000840314863333739,0.0684475,0.07980264723300934,0.31721600890159607,-0.8265862464904785,1.0560734272003174,0.1545564830303192,-2.423563003540039,3.7615017890930176,-1.425121545791626,-2.2453770637512207,-2.705084800720215,-2.649430513381958,0.026430726051330566
0.05818037499999998,0.0034223749999999996,17.0,1.443428068977027,0.9301194434137291,0.007231790867624131,0.0019580914136678516,0.0,0.0009130730215608666,0.0684475,0.07978641986846924,0.31718847155570984,-0.8264998197555542,1.0559749603271484,0.15443572402000427,-2.4232935905456543,3.761230707168579,-1.4250974655151367,-2.245072364807129,-2.7047536373138428,-2.6493537425994873,0.02651423215866089
0.05818037499999998,0.0034223749999999996,17.0,1.4662400541347262,0.9529314285714284,0.007231790867624131,0.0021269702494333873,0.0,0.0009918225159786362,0.0684475,0.07978817820549011,0.3171839714050293,-0.8265167474746704,1.0559723377227783,0.15439708530902863,-2.4233598709106445,3.761221170425415,-1.4252054691314697,-2.2452127933502197,-2.7047994136810303,-2.6494028568267822,0.026617705821990967
0.05818037499999998,0.0034223749999999996,17.0,1.4882208333555054,0.9749122077922078,0.007231790867624131,0.0023395815902755904,0.0,0.0010909648124239582,0.0684475,0.07972538471221924,0.31708866357803345,-0.8261137008666992,1.0555262565612793,0.15428337454795837,-2.422048568725586,3.760051965713501,-1.4245727062225342,-2.2434117794036865,-2.7033748626708984,-2.6490402221679688,0.026502609252929688
0.05818037499999998,0.0034223749999999996,17.0,1.5093704066393645,0.9960617810760668,0.007231790867624131,0.0025578589378613247,0.0,0.0011927492112049467,0.0684475,0.0797724723815918,0.3171687126159668,-0.826468288898468,1.0558220148086548,0.15433728694915771,-2.4231934547424316,3.7610349655151367,-1.4252045154571533,-2.245060682296753,-2.704584836959839,-2.649430513381958,0.026771903038024902
0.05818037499999998,0.0034223749999999996,17.0,1.5296887739863032,1.0163801484230055,0.007231790867624131,0.0027776930626859163,0.0,0.0012952595471344556,0.0684475,0.07975687086582184,0.31715258955955505,-0.8264037370681763,1.0557291507720947,0.1542670875787735,-2.422985553741455,3.76086163520813,-1.4251482486724854,-2.244800567626953,-2.7043113708496094,-2.6493451595306396,0.026815950870513916
0.05818037499999998,0.0034223749999999996,17.0,1.5491759353963217,1.035867309833024,0.007231790867624131,0.002919680529253093,0.0,0.0013614693901567569,0.0684475,0.07976016402244568,0.31715142726898193,-0.8264169692993164,1.0557496547698975,0.15426482260227203,-2.423032760620117,3.760867118835449,-1.4252049922943115,-2.244882822036743,-2.7043538093566895,-2.649371862411499,0.02684915065765381
0.05818037499999998,0.0034223749999999996,17.0,1.56783189086942,1.0545232653061223,0.007231790867624131,0.003083370697772047,0.0,0.0014377993693018274,0.0684475,0.07975240051746368,0.3171273171901703,-0.8263311386108398,1.0557098388671875,0.15425683557987213,-2.4227614402770996,3.760603427886963,-1.4250822067260742,-2.2444913387298584,-2.704071521759033,-2.6492679119110107,0.02678048610687256
0.05818037499999998,0.0034223749999999996,17.0,1.585656640405598,1.0723480148423004,0.007231790867624131,0.003286598069813148,0.0,0.0015325658492313077,0.0684475,0.07978034019470215,0.3171773850917816,-0.8265362977981567,1.0559072494506836,0.15427762269973755,-2.4234209060668945,3.761216402053833,-1.4254374504089355,-2.2454326152801514,-2.7047717571258545,-2.6494827270507812,0.02689903974533081
0.05818037499999998,0.0034223749999999996,17.0,1.6026501840048561,1.0893415584415584,0.007231790867624131,0.003461007195448385,0.0,0.0016138941601671361,0.0684475,0.0797569751739502,0.31714048981666565,-0.8263884782791138,1.0557551383972168,0.15423832833766937,-2.4229564666748047,3.760784149169922,-1.4251890182495117,-2.2447547912597656,-2.70424222946167,-2.6492905616760254,0.02683049440383911
0.05818037499999998,0.0034223749999999996,17.0,1.6188125216671938,1.105503896103896,0.007231790867624131,0.003615828992688246,0.0,0.0016860887498694039,0.0684475,0.07976454496383667,0.31715428829193115,-0.8264343738555908,1.055773138999939,0.15427272021770477,-2.4231038093566895,3.76092267036438,-1.4252490997314453,-2.2449796199798584,-2.7044172286987305,-2.649388313293457,0.026865005493164062
0.05818037499999998,0.0034223749999999996,17.0,1.634143653392611,1.1208350278293133,0.007231790867624131,0.003798975518667989,0.0,0.0017714913774982415,0.0684475,0.07978673279285431,0.3171933889389038,-0.8265938758850098,1.0559282302856445,0.15429764986038208,-2.423614025115967,3.761390209197998,-1.4255144596099854,-2.245706558227539,-2.704970598220825,-2.6495442390441895,0.02694523334503174
0.05818037499999998,0.0034223749999999996,17.0,1.6486435791811085,1.1353349536178106,0.007231790867624131,0.0039042388274865975,0.0,0.001820576464523093,0.0684475,0.07981239259243011,0.31723183393478394,-0.8267629742622375,1.0561211109161377,0.15432122349739075,-2.424172878265381,3.76187801361084,-1.4257957935333252,-2.246483087539673,-2.7055630683898926,-2.649662971496582,0.027002930641174316
0.05818037499999998,0.0034223749999999996,17.0,1.6623122990326853,1.1490036734693876,0.007231790867624131,0.0040134080087248815,0.0,0.0018714828897690161,0.0684475,0.07977589964866638,0.31717365980148315,-0.8265053033828735,1.0558793544769287,0.15425783395767212,-2.423337936401367,3.7611606121063232,-1.4253685474395752,-2.245319366455078,-2.704667329788208,-2.6494054794311523,0.0268632173538208
0.05818037499999998,0.0034223749999999996,17.0,1.6751498129473423,1.1618411873840446,0.007231790867624131,0.004131174242648845,0.0,0.0019263981865198332,0.0684475,0.07980075478553772,0.317203164100647,-0.8266385793685913,1.0560061931610107,0.1543501615524292,-2.423769950866699,3.7614967823028564,-1.4255645275115967,-2.2459235191345215,-2.705167293548584,-2.649601697921753,0.02690988779067993
0.05818037499999998,0.0034223749999999996,17.0,1.6871561209250787,1.173847495361781,0.007231790867624131,0.0042549219705326205,0.0,0.0019841026997113186,0.0684475,0.07979245483875275,0.3171793520450592,-0.8265296220779419,1.0558756589889526,0.15442423522472382,-2.423400402069092,3.761133909225464,-1.425337791442871,-2.2454135417938232,-2.704841136932373,-2.649653673171997,0.026836693286895752
0.05818037499999998,0.0034223749999999996,17.0,1.6983312229658951,1.1850225974025972,0.007231790867624131,0.004381790996790411,0.0,0.0020432626982379936,0.0684475,0.07978054881095886,0.31714820861816406,-0.8263934850692749,1.0557184219360352,0.15450270473957062,-2.422943592071533,3.7606804370880127,-1.4250609874725342,-2.2447776794433594,-2.7044243812561035,-2.6496834754943848,0.02674555778503418
0.05818037499999998,0.0034223749999999996,17.0,1.708675119069791,1.1953664935064934,0.007231790867624131,0.004520320102746167,0.0,0.0021078598812225282,0.0684475,0.07976619899272919,0.31711286306381226,-0.8262499570846558,1.0555477142333984,0.15457308292388916,-2.422475814819336,3.7601988315582275,-1.4247674942016602,-2.244110345840454,-2.703982353210449,-2.6496493816375732,0.026654183864593506
0.05818037499999998,0.0034223749999999996,17.0,1.718187809236767,1.2048791836734694,0.007231790867624131,0.004678583543830906,0.0,0.002181659335806304,0.0684475,0.07973934710025787,0.31706151366233826,-0.8260348439216614,1.05530846118927,0.15461450815200806,-2.421767234802246,3.759519577026367,-1.424360990524292,-2.243107795715332,-2.703270435333252,-2.6495401859283447,0.026530086994171143
0.05818037499999998,0.0034223749999999996,17.0,1.7268692934668224,1.2135606679035247,0.007231790867624131,0.00485916250124621,0.0,0.002265864686550706,0.0684475,0.07968407869338989,0.3169742226600647,-0.8256522417068481,1.0548639297485352,0.15460962057113647,-2.420499324798584,3.7583751678466797,-1.423666000366211,-2.2413361072540283,-2.7019593715667725,-2.649277448654175,0.026353180408477783
0.05818037499999998,0.0034223749999999996,17.0,1.734719571759958,1.2214109461966602,0.007231790867624131,0.005086149303646791,0.0,0.0023717103708102124,0.0684475,0.07966162264347076,0.31693392992019653,-0.8254786729812622,1.0546483993530273,0.1546502560377121,-2.419924259185791,3.757830858230591,-1.423330545425415,-2.2405271530151367,-2.701390504837036,-2.6492040157318115,0.02626878023147583
0.05818037499999998,0.0034223749999999996,17.0,1.7417386441161733,1.2284300185528756,0.007231790867624131,0.005432243306363188,0.0,0.0025330966547183853,0.0684475,0.07955223321914673,0.3167814314365387,-0.8247736692428589,1.053795576095581,0.15458066761493683,-2.4175610542297363,3.7558023929595947,-1.42207670211792,-2.237272024154663,-2.698922872543335,-2.6487479209899902,0.025999724864959717
0.05818037499999998,0.0034223749999999996,17.0,1.7479265105354682,1.2346178849721705,0.007231790867624131,0.0060090220930617754,0.0,0.0028020530200172852,0.0684475,0.07939635217189789,0.31657394766807556,-0.8237869143486023,1.052565574645996,0.15447640419006348,-2.4142251014709473,3.7529988288879395,-1.4203283786773682,-2.2327065467834473,-2.6954450607299805,-2.6481878757476807,0.025665223598480225
0.05818037499999998,0.0034223749999999996,17.0,1.7532831710178431,1.2399745454545454,0.007231790867624131,0.00732100586192025,0.0,0.003413841098811049,0.0684475,0.07922472059726715,0.3163493871688843,-0.8227183818817139,1.051224946975708,0.15434695780277252,-2.410612106323242,3.7499585151672363,-1.418438196182251,-2.22776198387146,-2.6916675567626953,-2.647545337677002,0.025314629077911377
0.05818037499999998,0.0034223749999999996,17.0,1.7578086255632976,1.2445,0.007231790867624131,0.013576112338049642,0.0,0.006330645151205112,0.0684475,0.07877357304096222,0.3157585859298706,-0.8199249505996704,1.0477631092071533,0.1539178043603897,-2.4011220932006836,3.7420618534088135,-1.4135463237762451,-2.214789390563965,-2.6817049980163574,-2.645817279815674,0.024399638175964355
