t,dt,step,x,y,z,Gamma_x,Gamma_y,Gamma_z,sigma,U_ref_x,U_ref_y,U_ref_z,Gx_ref_x,Gx_ref_y,Gx_ref_z,Gy_ref_x,Gy_ref_y,Gy_ref_z,Gz_ref_x,Gz_ref_y,Gz_ref_z
0.023956624999999995,0.0034223749999999996,7.0,1.938020326190489,-1.2460378296341268,0.10264614125812378,-0.0007598773396980413,-0.00841976683916744,-0.002402501136370508,0.06862826060505897,-0.6535556128347838,-0.2615738984355777,0.9040273660667537,4.812809329597826,-3.740615417515297,14.246232110630883,0.9936576443184726,-2.2591498145788864,7.182954234734899,-18.662295519196118,-2.1689135648786007,-2.5536595150189427
0.023956624999999995,0.0034223749999999996,7.0,1.9337407543772764,-1.2412150609239556,0.10180027077495273,-0.0004926898388700343,-0.004624257678949528,-0.001327101511132917,0.06863336712226888,-0.6510170266333971,-0.25321309932196573,0.8742819691158586,4.7790939666232335,-4.133975313601809,15.818017716920508,1.3996578953348835,-2.2608683314083518,7.110039608932721,-19.988355917118465,-2.3740572584142488,-2.5182256352148817
0.023956624999999995,0.0034223749999999996,7.0,1.928746616089925,-1.2354739479285586,0.10068777342721726,-0.0004288447813112137,-0.0037997851475920353,-0.00108709989526867,0.0686377651138035,-0.6417244964548934,-0.24142374092603316,0.8331642051917595,4.718893192659939,-4.523197192005937,17.442278247177015,1.8277176334939331,-2.265543487871934,7.080233962225493,-21.33729771904956,-2.6590453254829627,-2.4533497047880037
0.023956624999999995,0.0034223749999999996,7.0,1.9230725328541958,-1.2288017301979004,0.09926408305697833,-0.00039197665674276026,-0.003417294889527905,-0.0009686771227537761,0.06864095092614311,-0.6221401627976508,-0.2253148753136925,0.7782544826465168,4.627266419633464,-4.944216219450491,19.2654415096122,2.320006085835586,-2.276113112782764,7.120729938306567,-22.872026089270285,-3.025770445595756,-2.3511533068506973
0.023956624999999995,0.0034223749999999996,7.0,1.9167533276887223,-1.2211873767841759,0.09749093398912935,-0.00035488403270772143,-0.0031792778353351187,-0.0008864469720953208,0.06864207821570775,-0.5882858361958565,-0.20394783614993195,0.707416400974502,4.5033960640885455,-5.3861893978805835,21.2705040547093,2.865878972929192,-2.296553783939965,7.286556862086157,-24.597632237550606,-3.488071967530739,-2.2068422801485856
0.023956624999999995,0.0034223749999999996,7.0,1.9098180869339525,-1.2126236284157583,0.09534472207381166,-0.0003081538192173772,-0.0029998117773026903,-0.0008154692978715927,0.0686402760613264,-0.5362123903227869,-0.17639913996005835,0.6192164117408245,4.3524474011936345,-5.828405027422852,23.40674187958003,3.4349840182873663,-2.3314422936182484,7.652647232313995,-26.488829386626605,-4.063041504003623,-2.021005107575382
0.023956624999999995,0.0034223749999999996,7.0,1.9022822076937573,-1.203109117820197,0.092825466776245,-0.0002480485227604232,-0.002844042734570486,-0.0007458458165010435,0.06863485864182717,-0.4627554776758518,-0.14183329304088657,0.5133770501684737,4.186486560699938,-6.243996042985481,25.6005952376275,3.9786541149464254,-2.3852085802858007,8.309029427764397,-28.49715366888788,-4.770156069270305,-1.801277980414132
0.023956624999999995,0.0034223749999999996,7.0,1.894138892079311,-1.1926502087141015,0.08996421565613649,-0.00017422413358040366,-0.002695016739285844,-0.0006733729869108138,0.06862561594902919,-0.3664947016711214,-0.09958709886688745,0.39117805194648214,4.023703451827345,-6.602412696802852,27.762106475494747,4.434053079081639,-2.4613231301916203,9.350218528265433,-30.553755349891766,-5.630985252199727,-1.56238032163572
0.023956624999999995,0.0034223749999999996,7.0,1.88535288817361,-1.1812621680529893,0.086826123480729,-8.918931652057767e-5,-0.002543914104644242,-0.0005967682021057219,0.06861313348112658,-0.24867388788249714,-0.049279204291093094,0.2557136391163783,3.885576798541945,-6.872349422919721,29.79399925492671,4.734800823177428,-2.5617128100606115,10.8579386674484,-32.57667500024978,-6.668609059339578,-1.3238639884813357
0.023956624999999995,0.0034223749999999996,7.0,1.8758599425631841,-1.1689693165986113,0.08350678693434013,2.059569611806048e-6,-0.0023867509764317245,-0.0005166374866740446,0.06859900275931857,-0.11371068196616181,0.009034849754559265,0.11193734913259899,3.792276473554629,-7.024994951463219,31.603966481664507,4.827465539030741,-2.686421545076987,12.87924106672563,-34.48371322339264,-7.906055729857198,-1.1058549284776422
0.023956624999999995,0.0034223749999999996,7.0,1.865574408955958,-1.15580383395526,0.08012107714019237,9.280941888704483e-5,-0.0022232120032249013,-0.0004349450663048239,0.06858571528633157,0.031059217469186277,0.07466281804603965,-0.03354420281180458,3.757239905949562,-7.037346856558816,33.119017228947335,4.689133071725863,-2.833047086124104,15.405161966776301,-36.20773629860472,-9.363113503489156,-0.9241928198254609
0.023956624999999995,0.0034223749999999996,7.0,1.8544044154139996,-1.1418029645047254,0.07678640584913346,0.00017599511748539554,-0.0020559139196500292,-0.0003545233517270702,0.06857605027218981,0.17652102885925064,0.14609028288001488,-0.17295804753139335,3.7823087047497737,-6.895617603251765,34.29947729548102,4.338480645492719,-2.9953765249739934,18.357467536671916,-37.708511183602205,-11.051345883189818,-0.786932179775781
0.023956624999999995,0.0034223749999999996,7.0,1.8422701069263587,-1.1270046865407404,0.07360502616889161,0.00024585262413573964,-0.0018892657725298966,-0.00027845619246772845,0.06857199173784818,0.3135336811262023,0.2209322594501549,-0.298159560856263,3.8550489167809934,-6.598811556415315,35.14895483904028,3.8340459660793846,-3.161460295286673,21.591160112231723,-38.976033002112636,-12.96813137324739,-0.6935886214943212
0.023956624999999995,0.0034223749999999996,7.0,1.8291181988510843,-1.1114426152192483,0.07065111259548516,0.0002991537085703806,-0.001727874991397068,-0.00020942065177836718,0.06857364755906949,0.43470607336896383,0.29614300799334203,-0.40170458264782183,3.949711667137581,-6.1618587558865405,35.7159687646363,3.25907851078964,-3.3126913082360794,24.91662555031269,-40.024844389625706,-15.091727603085598,-0.6370203589015017
0.023956624999999995,0.0034223749999999996,7.0,1.8149273855726886,-1.0951416858393757,0.06796690675588025,0.0003354579148934213,-0.0015751279244418856,-0.0001492189910214796,0.06857892179457528,0.5355709955544931,0.36849279267001794,-0.4780190126131004,4.0323337374460175,-5.6165783064811725,36.08437679019242,2.6991337803418154,-3.4258245106000564,28.137506821975805,-40.88366211809005,-17.37995007497684,-0.606509226845959
0.023956624999999995,0.0034223749999999996,7.0,1.7997036349874425,-1.0781162423874666,0.06556844614343849,0.0003564411806469716,-0.0014326009088173398,-9.86435637778858e-5,0.06858432129022118,0.6148192478958371,0.43515084447442737,-0.5243256523693915,4.068804987708461,-5.008500875681575,36.35379289545816,2.2217351410549293,-3.478276470551172,31.09196403607688,-41.585883475752134,-19.774200390031357,-0.5905285171572825
0.023956624999999995,0.0034223749999999996,7.0,1.7834691931353142,-1.0603711188623959,0.06345722762440109,0.0003648464792896397,-0.0013003692219466711,-5.7611736215859626e-5,0.06858643400722896,0.673685906506905,0.4941237462948586,-0.5409734196457563,4.033240006454303,-4.3891712624886505,36.61612145317141,1.8651726200664023,-3.4545199210633735,33.68176418371177,-42.16392643681593,-22.208249579364633,-0.5787200853909272
0.023956624999999995,0.0034223749999999996,7.0,1.7662501947912987,-1.0419048934430377,0.061632324386646634,0.0003636053063319219,-0.0011777773658353432,-2.540274236309576e-5,0.06858324626601399,0.7148779727969273,0.5443749639066133,-0.5310606587855736,3.913756560971078,-3.806085321583204,36.936841072708916,1.6381867521357774,-3.350307260202524,35.87906170713924,-42.64706385361041,-24.618818762633744,-0.5634493007685517
0.023956624999999995,0.0034223749999999996,7.0,1.7480731089842587,-1.0227126790747285,0.06009466508718695,0.0003552348413863454,-0.0010639603490333654,-9.397003664851834e-7,0.06857419715174477,0.7416820740981153,0.5857075539885294,-0.4992763354058126,3.7135231895118515,-3.2944128457288957,37.34718571369646,1.527210759806953,-3.172615681174174,37.711748509110244,-43.06013752785303,-26.953343396134628,-0.5409075083376801
0.023956624999999995,0.0034223749999999996,7.0,1.7289552540998256,-1.0027900432533603,0.05885839097259092,0.00034181144603065325,-0.0009583068345180848,1.705987872249527e-5,0.06856014530380353,0.7567755707163836,0.6182100660200874,-0.45106535011317395,3.4484947392938423,-2.871754610861228,37.84908953854284,1.5067613269656128,-2.9372528070064337,39.238105775454976,-43.42539517549871,-29.175773357456684,-0.5112419322874088
0.023956624999999995,0.0034223749999999996,7.0,1.708911655905978,-0.9821315153239968,0.05793551041332025,0.00032476794510321466,-0.0008606361463145618,2.990629183378597e-5,0.0685427720399666,0.7624252639823312,0.6422203631380531,-0.39139447858998433,3.1413835285600253,-2.5394781498656367,38.426118439773276,1.5476568942413462,-2.6634672896430125,40.52207414899597,-43.760251943998256,-31.264008077723034,-0.477916238917011
0.023956624999999995,0.0034223749999999996,7.0,1.687962205501374,-0.9607275526254905,0.05729518250086774,0.0003052725853518602,-0.0007705518276459979,3.869937617072453e-5,0.06852346963964183,0.7620284384475564,0.6593525020083743,-0.32392775861091394,2.815302091756182,-2.288057808843865,39.05342575488911,1.6216223625353068,-2.3688754245039183,41.6156122880714,-44.07073277283954,-33.19976969259198,-0.4464266672522655
0.023956624999999995,0.0034223749999999996,7.0,1.6661170789451127,-0.9385717323562367,0.05695615829495787,0.00028414133856663264,-0.0006877896514451939,4.441067738457547e-5,0.06850346362109355,0.7558952015410575,0.6694401767162192,-0.25194067938550635,2.492990868372205,-2.0974019070210717,39.7117704595941,1.7049111755969857,-2.07257168698336,42.55839853572189,-44.37065753328921,-34.98250494740333,-0.42041918138884604
0.023956624999999995,0.0034223749999999996,7.0,1.643400933107846,-0.9156472889499881,0.0568683660610467,0.0002619611639972214,-0.0006119008768903369,4.7738815539840706e-5,0.06848323915465748,0.7465645593685919,0.6741645776306597,-0.1769717685293412,2.190489076450545,-1.9479203686099342,40.38294201363526,1.7774220391861721,-1.7879568998407975,43.37348902280016,-44.65997064620514,-36.60505842313944,-0.40253217660974894
0.023956624999999995,0.0034223749999999996,7.0,1.6198165904098107,-0.891948396002194,0.05700327774888478,0.0002392247982856908,-0.0005423049616451746,4.9208904591491354e-5,0.0684635312632457,0.7348106431914272,0.674219260091364,-0.10142586903968195,1.9202283627168966,-1.819186107922006,41.05489692530004,1.8260747066664063,-1.525393920415767,44.07677527201435,-44.9430016355911,-38.06896169016081,-0.39483444230112497
0.023956624999999995,0.0034223749999999996,7.0,1.595382324237582,-0.8674583814612528,0.057302532611026975,0.00021627038148311594,-0.0004782605986503924,4.91492792305561e-5,0.06844429779622631,0.7222365232913954,0.6710635361739772,-0.02623613917884122,1.6877672917955278,-1.6968927923540595,41.71495424731596,1.8424877717415806,-1.2911840050620893,44.679456477226466,-45.21755554393122,-39.373558505572646,-0.39658328673343685
0.023956624999999995,0.0034223749999999996,7.0,1.5701068741504665,-0.8421654993299189,0.057714401561706326,0.00019336670872210796,-0.000419015011047064,4.779300391592864e-5,0.06842562292154822,0.7097889981134394,0.6658134879837846,0.04745610209593676,1.494361934390575,-1.5717697961433004,42.35095382535265,1.8247635840192085,-1.0879436435687857,45.192667793995824,-45.48172571294074,-40.52233777308627,-0.4064182908217884
0.023956624999999995,0.0034223749999999996,7.0,1.5439946861167975,-0.8160609063809395,0.05819349346803862,0.00017071274663985064,-0.00036385839599648327,4.531701572709442e-5,0.06840762938146515,0.69801450486316,0.6593227157991202,0.11866659514004635,1.337705479766361,-1.4400123863955216,42.95071435724294,1.7763046316544882,-0.9151929217587571,45.62861012889559,-45.733026845731274,-41.5220045461028,-0.4225125580076032
0.023956624999999995,0.0034223749999999996,7.0,1.5170465325368196,-0.7891391070683671,0.05870489933178903,0.00014844642446851372,-0.00031216282989042184,4.187572838293627e-5,0.06839051498737687,0.6870667957204345,0.6521058234444234,0.18665133764282293,1.2134620353329326,-1.3020543170410965,43.503035849643396,1.704246470044646,-0.7703799938600421,46.000513643069745,-45.96891039969978,-42.382303810664254,-0.4430820414728895
0.023956624999999995,0.0034223749999999996,7.0,1.4892605132615901,-0.7613978077522757,0.05922566636181343,0.00012664993387430222,-0.00026339192469201764,3.761657807444375e-5,0.06837452639705914,0.6767716075274137,0.6443308655079804,0.2509878117479858,1.1167613980349353,-1.1608951102334162,43.999359566333915,1.6176432996963757,-0.6498863930714265,46.321566019641445,-46.18736239284172,-43.115344869145304,-0.46687500496350876
0.023956624999999995,0.0034223749999999996,7.0,1.4606332339458674,-0.7328372354667176,0.0597437531672967,0.00010535448814295422,-0.00021709250879451994,3.268048011089914e-5,0.06835985412922348,0.6667452816812388,0.6358914473280054,0.31159197834303315,1.0428919042229472,-1.020967471437331,44.435689101105666,1.5262051551093991,-0.5494460073588796,46.602763204320546,-46.38724451264564,-43.73438311881254,-0.4934458968640671
0.023956624999999995,0.0034223749999999996,7.0,1.4311610462606201,-0.7034587746159663,0.060254812104103335,8.455136263519199e-5,-0.00017288169472540923,2.7194383491275137e-5,0.06834646665048649,0.6565960704677504,0.626589215572234,0.36863486863474343,0.9867806220072072,-0.8880809239465974,44.81332103067719,1.439774245910232,-0.46396624511819506,46.84985911712563,-46.56751856265397,-44.25170588337251,-0.5228143768890109
0.023956624999999995,0.0034223749999999996,7.0,1.4008418878669775,-0.6732639132317805,0.06075978573774563,6.417998803872393e-5,-0.00013038682585842794,2.126671195160702e-5,0.0683342442157022,0.646092735904583,0.6163104820630114,0.4223872050273608,0.9426669762293332,-0.7691277764664609,45.13616135081446,1.3672347028217164,-0.3881968643457865,47.061852368680725,-46.72558300467304,-44.67626099703826,-0.5544701118835461
0.023956624999999995,0.0034223749999999996,7.0,1.369680641067095,-0.6422483716264904,0.06124751181796819,4.416800612940802e-5,-8.926044946366404e-5,1.498854131255552e-5,0.0683229928232079,0.6359669746179957,0.6058035218735721,0.47358753215282123,0.9055063114795304,-0.6701464508155511,45.403762517922075,1.3132810471000973,-0.31979518824636954,47.23332815816932,-46.85352014633117,-45.009802816459086,-0.5857111232331611
0.023956624999999995,0.0034223749999999996,7.0,1.3376786126899287,-0.6104110356031841,0.0617322799463797,2.4415859316372683e-5,-4.913400461638728e-5,8.43928199255432e-6,0.06831318457122994,0.6259427831785865,0.5948346738501352,0.5226738793346759,0.874754950378129,-0.5924380203532627,45.6127037890492,1.2783520514695113,-0.26029891152400136,47.36481753708841,-46.94801574381734,-45.25697289814068,-0.614456038854127
0.023956624999999995,0.0034223749999999996,7.0,1.3048431679106016,-0.5777464689422812,0.06220827104401257,4.805537648740443e-6,-9.637689447674245e-6,1.683574430307764e-6,0.06830504649402133,0.6166673514800176,0.5839995677231742,0.5708813627265913,0.8518232878058746,-0.5353873163969306,45.757673986750056,1.2606410972542041,-0.21346601915695687,47.46138613620911,-47.00485346696474,-45.419605848314816,-0.6383572686489174
0.023956624999999995,0.0034223749999999996,7.0,1.2711617792068466,-0.544266950922143,0.06269543550037582,8.467482288298652e-5,-7.020511819905894e-5,-7.5725768655400025e-6,0.06825693523051157,0.6075057955784149,0.5726583323304535,0.6180677153526679,0.8387166787743829,-0.4983444299119045,45.833169350632446,1.2627766744885276,-0.1796739320594995,47.52551884405733,-47.02041183411069,-45.49794397011571,-0.6590427467148839
0.023956624999999995,0.0034223749999999996,7.0,1.2366386794801842,-0.5099720513775681,0.06320088823456678,0.0001980302858456986,-0.00016392999153930392,-1.7576663988769717e-5,0.06826127041413554,0.5986115165526815,0.5608268550819635,0.6657568729430193,0.833916489814077,-0.48564257636542113,45.842134312246955,1.2900740490351392,-0.15838982316667463,47.56482520640683,-46.99696339723205,-45.495471298382974,-0.6755266666473998
0.023956624999999995,0.0034223749999999996,7.0,1.2012733712251202,-0.47486593298704843,0.06374084775239923,0.00031353470368504,-0.00025910327682916826,-2.7787370902414288e-5,0.06826524402997836,0.5900451676507673,0.5483701109042828,0.7153358691988336,0.8352031576746545,-0.5041493633809423,45.780135297865755,1.3510071599546203,-0.14845854308487694,47.582932238293715,-46.93207865883954,-45.40752597798059,-0.6867446145897778
0.023956624999999995,0.0034223749999999996,7.0,1.1650664783764704,-0.4389531116340899,0.06433786398766386,0.00043213093843393676,-0.00035641351814384654,-3.853793828164224e-5,0.06826901752362982,0.5820937453740618,0.5352687863985189,0.768812726106781,0.8392283593296057,-0.5642819716963646,45.632766981526835,1.457712111896746,-0.14883019332415312,47.584890613785504,-46.82020217077463,-45.22088670418803,-0.6903981660054538
0.023956624999999995,0.0034223749999999996,7.0,1.128027437185338,-0.40223118137689445,0.06501808681283786,0.0005547292967950772,-0.00045642189310312687,-5.0299366484009454e-5,0.06827281819518032,0.5757056346060176,0.5219503926308434,0.8301491393601756,0.8396977493063612,-0.6817022280679269,45.37412681981334,1.6274140627358273,-0.1590306167579234,47.5853455427698,-46.65715241083901,-44.913287150575684,-0.6806671325484369
0.023956624999999995,0.0034223749999999996,7.0,1.0901413407710634,-0.3647271326378892,0.06586068316740147,0.0006821157673019945,-0.0005594475184471297,-6.382732181247276e-5,0.068276818401593,0.5704775506395876,0.5073083539518322,0.9031464321315157,0.8309983478103635,-0.8725265869946017,44.967773530001175,1.8854870989576313,-0.1782935914068466,47.623889567392524,-46.45554653040566,-44.456977856074474,-0.6527047564035218
0.023956624999999995,0.0034223749999999996,7.0,1.051417670427507,-0.3264521912773478,0.06694883102570105,0.0008146941620028491,-0.000665350964924998,-8.033965079228243e-5,0.06828119826213909,0.56735783539906,0.4908888525109217,0.9975670912553829,0.8060801459986243,-1.1501433319304222,44.363340586853006,2.259378278135582,-0.2124691351760766,47.76555617720613,-46.249182756218076,-43.79712776130839,-0.5936110108225454
0.023956624999999995,0.0034223749999999996,7.0,1.0118450873131368,-0.28744698956284387,0.0684589228478859,0.0009516847835297337,-0.0007735272646770269,-0.00010187173916930702,0.06828637110864075,0.5644242765233174,0.4687324863082151,1.1261981386475688,0.7631615411046581,-1.5116455313108526,43.53089878600722,2.7739972902959167,-0.27219748694288315,48.09713613089027,-46.13630087847163,-42.84399077368324,-0.49096405416177435
0.023956624999999995,0.0034223749999999996,7.0,0.9714115516237036,-0.24777711113999956,0.07060788160213971,0.0010892413780433522,-0.0008832983242874384,-0.00013137808078612825,0.06829134849407921,0.5575491846644138,0.43461409165663145,1.3044374476461427,0.7370363014151042,-1.905801645806846,42.52271290667236,3.4007529355988217,-0.39534616338854645,48.67006900299805,-46.31555268227055,-41.417308590854745,-0.3416901380265608
0.023956624999999995,0.0034223749999999996,7.0,0.9300755151939977,-0.20754727180289043,0.07360747343324832,0.0012160320334928933,-0.00099572860385124,-0.00017155317602718026,0.06828575370023965,0.5337523105565832,0.3782989191262729,1.537952073849807,0.900781793157111,-2.183344257282332,41.67240890347225,3.9452319826406668,-0.6766062838136913,49.361870731734506,-47.15552925638537,-39.17883715615368,-0.2241755093434201
0.023956624999999995,0.0034223749999999996,7.0,0.8877529935330414,-0.16686746230165267,0.0773033909882151,0.0013021565010448654,-0.0011175685585141349,-0.00022088098420221957,0.0682401795440648,0.4687526670298446,0.2951451657794885,1.7873237531575632,1.648150110911284,-2.1393385677159222,42.05216477723592,3.9546672422182483,-1.2321526765677524,49.43222179491408,-49.131258990329435,-35.489335721121336,-0.41599743434352837
0.023956624999999995,0.0034223749999999996,7.0,0.8446296306681718,-0.12561603758716652,0.08006598787592138,0.0012758027351051197,-0.0012559903880524574,-0.0002660464767902013,0.06814923305214496,0.3755538698970582,0.22036085271122652,1.9026898430073185,3.1928253966520357,-1.7035913862275158,45.78765685850672,3.09329222849081,-2.114937275176458,46.434148724161524,-52.25406079131412,-29.304456937290116,-1.0778881214755747
0.023956624999999995,0.0034223749999999996,7.0,0.8027318212893215,-0.08319598175601309,0.0765580891796851,0.0010224430416785658,-0.0013541047947030918,-0.00027607814923416796,0.0681974788859635,0.5135505641437361,0.23567769211657816,1.6094460085581253,4.819623348715477,-0.8573090930572754,53.570723777030956,2.542123743123495,-3.7849277478936854,35.58032505253129,-55.16566371760512,-19.9717481924522,-1.0346956008218007
0.023956624999999995,0.0034223749999999996,7.0,0.7661088221910373,-0.040070318477142985,0.05857179865096551,0.0005791792535271711,-0.0011923477521164204,-0.0002084407905582769,0.06850094742507395,1.4159431495025447,0.2626109722899676,0.6868845521393618,7.6407111392378555,-0.06830844341401227,57.16257814730429,3.792986245613393,-7.383127347116245,16.190127097287075,-52.55083899069553,-9.150745840658823,-0.2575837921216184
0.023956624999999995,0.0034223749999999996,7.0,0.727946896990941,0.0017657707744980701,0.0293745401508445,2.860305382568825e-16,-5.78115250529589e-16,-2.642359608409587e-17,0.0676040515503782,2.430695611882293,0.06345541997460524,-0.8584120525230615,15.000087050105114,-1.2658138994127073,40.53621188367164,1.508418312610376,-9.079288011220822,1.2038090851709968,-34.86102639825003,-1.9454470520326217,-5.920799038884293
0.023956624999999995,0.0034223749999999996,7.0,0.7652893498590367,0.039767273708498134,0.06437056473982113,-0.0004016190855884533,-0.0011380100095124798,0.00010370434093611943,0.06869495353239974,1.307670539098753,-0.35859175698611234,0.7294143694897928,7.679066579865228,-3.326139168253545,57.08652336865742,1.0529080115394873,-6.650912517814572,-14.266445283680264,-53.25353130293696,4.073400101359289,-1.0281540620506584
0.023956624999999995,0.0034223749999999996,7.0,0.8021554510438891,0.08121371175344483,0.0850672502613881,-0.0009212324565585218,-0.0013806014826120748,0.00023891821614202915,0.06819490824847399,0.4131970694803063,-0.40684167101835017,1.7409947423028893,4.451595909861357,-0.34505150597349643,53.58002550106145,0.3327863564239623,-1.9078994269921132,-34.65791538354513,-56.03292989431899,16.79748455224126,-2.5436964828692394
0.023956624999999995,0.0034223749999999996,7.0,0.8451603400498887,0.12388058707483328,0.08704232322425806,-0.0012420052015435406,-0.0012727839276601035,0.00029874280988902087,0.06819342678499678,0.38924156383349323,-0.3600933959875401,2.084217201896556,2.236670384193257,2.5056155142591328,45.640648705017924,-3.066730139466045,-0.36470921439443216,-46.786322778552204,-53.36558736518841,27.86263850423297,-1.8719611697988263
0.023956624999999995,0.0034223749999999996,7.0,0.8886516455185105,0.16552253590057742,0.08167238448760983,-0.0012913141669457149,-0.0011172230525977574,0.0002677696198847032,0.0683176973868636,0.5390756852599242,-0.3994737338330924,1.9383545115347123,0.5310447047495349,3.681422385775068,42.00302341947002,-5.293128321180863,-0.07240101518473627,-50.2043871794042,-49.982570848858714,34.984707161396784,-0.4586436895647951
0.023956624999999995,0.0034223749999999996,7.0,0.930799674856817,0.20654864404561046,0.07605917824375551,-0.001211898041678953,-0.0009921167462378598,0.00020765452338764815,0.06834043225171324,0.5979241743195913,-0.4517198177773462,1.6372691154283512,0.12636258350580237,3.6682695087703636,41.952930942933776,-5.407634169454683,-0.04090837954257108,-50.12903610418337,-47.850484487485346,39.199515278967304,-0.08545420396323003
0.023956624999999995,0.0034223749999999996,7.0,0.9718957133569077,0.2470558070123709,0.07197643451725,-0.001087062890254979,-0.0008811982800958549,0.0001546211623140641,0.06831536509898506,0.5978168710858237,-0.4812331386978247,1.366844511166111,0.3745260491543112,3.036601707218951,43.08176430598044,-4.5275518150438,-0.1330581971721794,-49.4239846040762,-47.058821394370455,41.78521972436431,-0.2414678519821314
0.023956624999999995,0.0034223749999999996,7.0,1.0121835603620153,0.2869001101111696,0.06927216832415639,-0.0009501660661936236,-0.0007728937884535637,0.0001161380934872318,0.06829176544220256,0.5860440883257666,-0.4969238585636373,1.1692114073537085,0.6779944678536358,2.2754455747233027,44.23796092633165,-3.5256978231161415,-0.24097996524940413,-48.883934312813224,-46.968587399350874,43.42600545049324,-0.43701450260423236
0.023956624999999995,0.0034223749999999996,7.0,1.051701826377198,0.32598866017580264,0.06747278374143609,-0.0008134882727448661,-0.0006654746121462578,8.923717437997377e-5,0.06827835112286962,0.5798250449017044,-0.5097791987345396,1.0319198400040765,0.8589310801182364,1.642827419842408,45.12294207185684,-2.729300386068889,-0.30060678630009413,-48.59113181345187,-47.138992918484256,44.490240188465435,-0.5583242938181413
0.023956624999999995,0.0034223749999999996,7.0,1.0904236751463197,0.36429122995093227,0.06621884226776198,-0.0006810724640104087,-0.00055990089079924,6.962509524130062e-5,0.0682713270610678,0.5805219966094319,-0.5232312705135836,0.9338186432558082,0.9302448521831407,1.1998114122423276,45.74258354286286,-2.1784739907193407,-0.3107450338875626,-48.47121501522349,-47.37334035246955,45.201483012842004,-0.6194998182955764
0.023956624999999995,0.0034223749999999996,7.0,1.1283279299079183,0.40179866820825216,0.06527291873367429,-0.0005538030588944959,-0.00045698852824455093,5.42282056321807e-5,0.06826704054159145,0.586392794401144,-0.5378087595477249,0.8591638156701537,0.9408976563361194,0.917617255937605,46.164011699678525,-1.8196390602283645,-0.2959871035697166,-48.44278628792107,-47.59344383128859,45.6865064425029,-0.6449105527664014
0.023956624999999995,0.0034223749999999996,7.0,1.1653869792708178,0.43851833585206274,0.0645282625858694,-0.00043135228851338275,-0.000356961725047874,4.122284353020327e-5,0.06826360502921684,0.5941374562000312,-0.5517594444819246,0.7968972336410656,0.9288316355140813,0.7486788679165434,46.44741229772092,-1.593091311555898,-0.2761686028832473,-48.45313423015135,-47.77767657983088,46.01979645007925,-0.6526630326308339
0.023956624999999995,0.0034223749999999996,7.0,1.201611151681938,0.4744284184221053,0.06389283478718595,-0.00031294228582247726,-0.0002595541435906771,2.955523206091091e-5,0.06826023687167165,0.6033298606522522,-0.5654036343979961,0.7429859817711691,0.9122725303285342,0.6567797632754528,46.627911428162996,-1.4524023135838355,-0.2642643626015159,-48.46690747452403,-47.91573181383223,46.23486635282661,-0.6480081677270174
0.023956624999999995,0.0034223749999999996,7.0,1.2369914725757427,0.5095321625577092,0.0633302179746282,-0.00019764351629969845,-0.00016423996829835263,1.8614245871347037e-5,0.06825658288537928,0.6129112309632947,-0.5782281646484767,0.69351553885442,0.900368974031017,0.617306691406062,46.73028086191045,-1.37008749839454,-0.2638669716656054,-48.469011650780836,-48.01118877220706,46.35484388838644,-0.6365020023654108
0.023956624999999995,0.0034223749999999996,7.0,1.2715265427366929,0.5438260129352965,0.06281539931792407,-8.450435523826348e-5,-7.034699224807622e-5,7.992522840674859e-6,0.06825249003680445,0.6224254913461102,-0.5900963445746367,0.6464803055862489,0.8963415956108569,0.6158376559636435,46.76963112703752,-1.3297227147869348,-0.2756102233620377,-48.453983260717806,-48.07015291723528,46.39416164158325,-0.620731372248819
0.023956624999999995,0.0034223749999999996,7.0,1.3052160922071903,0.5773069493751873,0.06233076914433787,-4.83463641191974e-6,-9.6130974245523e-6,-1.7487979725008304e-6,0.06832618961245254,0.6316800143576649,-0.6010190816793444,0.6005107934500529,0.901562969894306,0.6435808250126909,46.75140977865324,-1.3212999768075258,-0.2992938635339799,-48.418859192569286,-48.09598772621267,46.35903462756031,-0.6022691063603255
0.023956624999999995,0.0034223749999999996,7.0,1.3380546637285011,0.6099767961112854,0.061868492365204544,-2.456307816335869e-5,-4.9005204345324966e-5,-8.792090257922087e-6,0.06833293073733442,0.6403725459519999,-0.6108481876396962,0.5540148566062006,0.9172663438093709,0.6945235292282552,46.67233254458675,-1.3387368129984178,-0.3343839649674613,-48.35861446750967,-48.087398753481395,46.24785861719735,-0.5828823788419096
0.023956624999999995,0.0034223749999999996,7.0,1.3700545758628178,0.6418237767630818,0.06140755579143128,-4.443641197200888e-5,-8.901443296749085e-5,-1.5670756911108227e-5,0.06834150850541669,0.6490994947234888,-0.6201994350675378,0.5070027820106608,0.9427750375272623,0.766502796122689,46.533217179072395,-1.3770395542827631,-0.3815420745705399,-48.274401259726055,-48.047371469468736,46.06078272694793,-0.5612329629567212
0.023956624999999995,0.0034223749999999996,7.0,1.4012115203476798,0.6728503164622974,0.060947127913122304,-6.457710733411486e-5,-0.00012999258884799884,-2.2329682786564327e-5,0.06835211122996032,0.6575957698109257,-0.6288622323024449,0.458090200491644,0.9786265239137407,0.8570995538524377,46.32996514921626,-1.4336899591664396,-0.4401682599859814,-48.16212455181345,-47.97563544246826,45.79220840394907,-0.5384582639277575
0.023956624999999995,0.0034223749999999996,7.0,1.4315273234226706,0.7030541102494934,0.060467972019989324,-8.508711629665526e-5,-0.00017228880485101574,-2.8694945751805904e-5,0.06836439489078,0.6666102448896728,-0.6375330232492825,0.40652587163300646,1.0251570398458623,0.9645576245529441,46.05821969774823,-1.505286158509903,-0.5107122109697892,-48.01624160011725,-47.86939185020142,45.43139432603607,-0.5144448288760731
0.023956624999999995,0.0034223749999999996,7.0,1.4610008319214736,0.7324363183080342,0.05997492140981962,-0.00010603799139669105,-0.00021624586766809373,-3.467258794394845e-5,0.06837833921925826,0.6758821280992007,-0.6459051495267514,0.351394646842784,1.0843725936431259,1.08565691770814,45.717703897618726,-1.5877348097148176,-0.5942501868770681,-47.833182917698146,-47.73191116814346,44.97116055412772,-0.49012240676605673
0.023956624999999995,0.0034223749999999996,7.0,1.4896340294874078,0.7609955683935704,0.059466643079863275,-0.00012748701332941753,-0.00026224342922645863,-4.014997496954407e-5,0.06839376366761933,0.6856776913777661,-0.6541070880511634,0.29227630176200836,1.1593386874662353,1.2161816314637381,45.309729502696136,-1.674607451559994,-0.6933544950349951,-47.607577848619506,-47.565763171165386,44.40131431337758,-0.46598419243123973
0.023956624999999995,0.0034223749999999996,7.0,1.517429277005879,0.7887318382335425,0.05894846518288424,-0.00014943946408689304,-0.0003106715644459532,-4.5001198671734125e-5,0.06841052728445333,0.6962416911245887,-0.6621769161885114,0.22901988409416962,1.25461799996589,1.3507545785869806,44.83844974203098,-1.7574804147779086,-0.8117088418345034,-47.3322440609722,-47.37438873894393,43.710880648002735,-0.44290915813138737
0.023956624999999995,0.0034223749999999996,7.0,1.5443883082411318,0.8156466204151327,0.058434499537757506,-0.00017186253562365554,-0.00036197819761575703,-4.909377513121246e-5,0.06842845609411337,0.70774735902724,-0.6700103486560943,0.1617939169041097,1.375939489968835,1.4836766244286268,44.31090232308379,-1.826575363533353,-0.9536703285564715,-46.99789874030501,-47.16158178144794,42.888668625255946,-0.42226916141236187
0.023956624999999995,0.0034223749999999996,7.0,1.5705117796032317,0.8417433752147471,0.05794938554766844,-0.0001946748130077303,-0.0004166831096453508,-5.229304176493268e-5,0.06844736912209622,0.7202131682744343,-0.6772906806309132,0.09112231635259939,1.5293542680519518,1.6103999547255676,43.73653627360602,-1.8721271280861287,-1.1234846883168215,-46.59369712040413,-46.93104231181957,41.924214126932355,-0.4058695797351295
0.023956624999999995,0.0034223749999999996,7.0,1.595798221459007,0.8670282082114136,0.0575288935464997,-0.00021774248744467215,-0.00047538678113895425,-5.445928870058883e-5,0.0684671081065567,0.733398641889044,-0.6834255717215881,0.01782994756040721,1.7199705107274263,1.729333347863822,43.1263720119317,-1.8863348881281177,-1.3242078590760942,-46.10831074083136,-46.68605660708802,40.80884431077904,-0.39576265165133223
0.023956624999999995,0.0034223749999999996,7.0,1.6202428522209085,0.8915102132019813,0.057218475169569405,-0.00024087460157286284,-0.0005387600547593267,-5.54310766727996e-5,0.06848754894715722,0.746718234575861,-0.6875287524823736,-0.0570554387902353,1.9504901641673325,1.8435548907554904,42.49214431918074,-1.8653943913116173,-1.5565636714318527,-45.5308349611109,-46.42929282313604,39.53650944298082,-0.39392649273547936
0.023956624999999995,0.0034223749999999996,7.0,1.6438368468673439,0.9152011793972326,0.05706925674641,-0.0002638144619335406,-0.0006075061681661535,-5.499170843360102e-5,0.06850857163100046,0.7592154461191396,-0.6884738018958618,-0.13237979140805958,2.2198548191622542,1.9619131150703415,41.845775449930386,-1.811027360388284,-1.817991766178056,-44.85081734247411,-46.16260281005557,38.10408788480314,-0.4018630529841998
0.023956624999999995,0.0034223749999999996,7.0,1.666562125585875,0.9381177267743549,0.057137866862742505,-0.0002862392205871298,-0.0006823099041990218,-5.283064672475032e-5,0.06853018614579341,0.7693185033203095,-0.6848129695527465,-0.20721839474814951,2.5226450773541855,2.098531709967461,41.200102291385996,-1.731569676200404,-2.102073170936221,-44.0571694120933,-45.88798179063715,36.5123257197401,-0.4205719064179664
0.023956624999999995,0.0034223749999999996,7.0,1.6884153552779988,0.9602660297077575,0.0574543913321695,-0.00030768166153506,-0.0007637029762796091,-4.844700890597146e-5,0.06855150858811325,0.7761731101434883,-0.6757726858463741,-0.2791809260423439,2.846607947677191,2.273740556120431,40.56758771426344,-1.640076925965984,-2.3984282210185683,-43.133751225277294,-45.60141922529937,34.76017975522615,-0.4481797266586219
0.023956624999999995,0.0034223749999999996,7.0,1.7093725172779568,0.9816628530639643,0.05806448638550483,-0.00032758567486864114,-0.0008520889336785217,-4.117081146080022e-5,0.06857199040409709,0.7773999055970084,-0.6597456797385841,-0.3467221066601702,3.1757579927789124,2.5074432518920373,39.96647127101641,-1.5566108345556169,-2.6932129409756245,-42.05724498588459,-45.302343891873555,32.85430885565796,-0.48254505180328877
0.023956624999999995,0.0034223749999999996,7.0,1.7294208636503587,1.0023163015405743,0.0589598825306887,-0.00034519130510872963,-0.0009476945841748073,-3.0077953241079706e-5,0.06859032150233599,0.7722624038577431,-0.6365787688139519,-0.40673812336708154,3.4878030862966045,2.8194770438528978,39.41623255173955,-1.504974054924615,-2.9677920065726835,-40.78870665276439,-44.97881779172321,30.79707012295703,-0.5200110797239207
0.023956624999999995,0.0034223749999999996,7.0,1.748541633843468,1.0222361199555376,0.060163547379274096,-0.00035943033680867675,-0.0010508358008401374,-1.4115808735685025e-5,0.0686050112562353,0.7577041117147729,-0.6048426061160755,-0.4555638391318712,3.7594229966103243,3.220185625909423,38.94041815394769,-1.5132558965272864,-3.203966275956002,-39.276657179659026,-44.62337580872183,28.605177260851537,-0.5554567206543222
0.023956624999999995,0.0034223749999999996,7.0,1.7667194204054915,1.0414284502066562,0.06166480867373734,-0.0003689971683736528,-0.0011616699003303484,7.949119737623511e-6,0.06861425256012214,0.7314349317803459,-0.5641280557969581,-0.48834533987632733,3.9677395678484277,3.7088626911064915,38.55423296111139,-1.6104871439629376,-3.3824666722161476,-37.45845200914012,-44.21865748715522,26.300301719536872,-0.5852728956322796
0.023956624999999995,0.0034223749999999996,7.0,1.7839356261305122,1.0598987488535165,0.06345220536120283,-0.00037203227891838254,-0.0012807280392740615,3.730714199739262e-5,0.0686170652175413,0.6906843486337229,-0.5142447614586293,-0.49984210004849455,4.096450062457857,4.268762587801371,38.254412230839996,-1.822158821949545,-3.487566202019298,-35.27713361057837,-43.742630974656116,23.91774622328655,-0.6088838604385602
0.023956624999999995,0.0034223749999999996,7.0,1.8001625428286236,1.0776528294483019,0.06552610893034308,-0.00036632134344416717,-0.001408800269792577,7.492812309597806e-5,0.06861386981594862,0.6320949043179549,-0.4553010467172389,-0.48560180825587906,4.141673414405831,4.865948718834017,38.008446031108114,-2.1621730106137065,-3.5121326689971264,-32.70550722103612,-43.17036690739362,21.508578770985597,-0.6295407454087063
0.023956624999999995,0.0034223749999999996,7.0,1.8153732831769425,1.0946927033743137,0.06788772119899791,-0.00034931588813875514,-0.0015464976054503986,0.00012143440047229608,0.06860657354299318,0.5529043037199515,-0.38825152649599576,-0.4427186882638424,4.114188670340779,5.454431252732497,37.74979236002241,-2.6225648554880476,-3.460022270949045,-29.77074056867904,-42.47210933628568,19.13389852132855,-0.6541663993917335
0.023956624999999995,0.0034223749999999996,7.0,1.8295448388232403,1.1110139934346237,0.0705355993172004,-0.0003186814113554502,-0.001693778491248503,0.00017685143042316993,0.06859860349352441,0.45180088353790865,-0.3150055581724776,-0.3709702958040753,4.0386226539372405,5.984089749035564,37.38585589507636,-3.16626463239566,-3.346312140281298,-26.568494352008067,-41.61464397810028,16.857401532012194,-0.6923105136559448
0.023956624999999995,0.0034223749999999996,7.0,1.842670751589562,1.1266024889226098,0.0734537702758082,-0.0002730588883485164,-0.0018492268791325864,0.00024041590119438562,0.06859365559962537,0.33001266028251125,-0.23833794065176694,-0.27311686528894086,3.9479358584496786,6.410427000967988,36.816636328207835,-3.727097963395201,-3.1933744684677654,-23.256173984391417,-40.56337345111867,14.735083992014012,-0.754561389981911
0.023956624999999995,0.0034223749999999996,7.0,1.8547723472004707,1.1414328750546652,0.07660046852456735,-0.0002129662865908951,-0.0020097363699942894,0.00031046986955637077,0.0685942169514815,0.19194351466460707,-0.16148547033519864,-0.1545252438459797,3.8753451184011527,6.702041685966707,35.958063833440185,-4.220523502914056,-3.0247499833266582,-20.02470031708639,-39.28799066747858,12.806861320110919,-0.850595135074496
0.023956624999999995,0.0034223749999999996,7.0,1.8659036643683777,1.1554705018136535,0.07990264021939077,-0.0001413739519628179,-0.0021710053839907404,0.00038457816887985184,0.06860065601693485,0.04496758431244903,-0.08758801897102095,-0.02224732892616686,3.8464665731827368,6.843766054860736,34.76148339753061,-4.563606903258051,-2.859850057751481,-17.05874498034271,-37.772133614456045,11.092987089598562,-0.9866165154312567
0.023956624999999995,0.0034223749999999996,7.0,1.8761461291253956,1.1686757187633992,0.08325968550386455,-6.349226068429805e-5,-0.0023288140918969356,0.00045992580641547435,0.06861138401054366,-0.10172218764122203,-0.019207757480880255,0.1160817520853687,3.874265203428942,6.835836935344038,33.22323415714241,-4.697390965575353,-2.711612182336028,-14.500397732581014,-36.02411725276158,9.595771981106639,-1.1626530210929151
0.023956624999999995,0.0034223749999999996,7.0,1.8855938477307508,1.1810091993980651,0.08655594294467496,1.4289922298312089e-5,-0.0024805222290509156,0.0005338882481318352,0.068623804651679,-0.23888761084804147,0.04191579020484804,0.25320546802739585,3.9579585348521964,6.690989146408604,31.383122686673396,-4.602353562764448,-2.5869626833493875,-12.427929040773918,-34.08312141533572,8.304736116371235,-1.3709958515028071
0.023956624999999995,0.0034223749999999996,7.0,1.8943349860307328,1.1924366430817905,0.08967784456723676,8.584883350661507e-5,-0.002626216947841988,0.0006045887531198038,0.06863537303573554,-0.3590208266381007,0.09486928837867548,0.3829297948723746,4.085414533291802,6.431108731325551,29.31458422119815,-4.3005766264646335,-2.488441407809537,-10.853209462620503,-32.01633301160502,7.20249597940498,-1.5969731254822608
0.023956624999999995,0.0034223749999999996,7.0,1.9024361312223748,1.2029319413423647,0.0925302593807681,0.00014653746036410745,-0.0027695213417956565,0.0006713669810395602,0.06864428241732484,-0.45752345781520626,0.1394266933697961,0.5005392661757954,4.237687615890627,6.084000456669582,27.11077253598981,-3.8449717584333327,-2.4155745642385864,-9.734057431153497,-29.90730990512784,6.269382303891193,-1.8221130516520354
0.023956624999999995,0.0034223749999999996,7.0,1.9099342951044487,1.2124786154100853,0.0950475729177292,0.00019385965872283664,-0.002918805370686132,0.0007352916578823865,0.0686496809171642,-0.5330025068809463,0.17587429112697708,0.6029905671339792,4.394191145694315,5.680166685599118,24.870241425616353,-3.3017536277590613,-2.3656893720910315,-8.994329969914652,-27.84049178034858,5.486087674155616,-2.0285017736032804
0.023956624999999995,0.0034223749999999996,7.0,1.9168372755313057,1.2210697262943895,0.09719754354695753,0.00022769881049576209,-0.0030904126126257156,0.000800116434516,0.06865154962615645,-0.5867853557570312,0.20485539934845304,0.688903690899789,4.537198425261594,5.249579430690686,22.68461909748749,-2.7338075043274626,-2.3345645223320433,-8.544703082008255,-25.887858569955085,4.834687213159065,-2.202633902929553
0.023956624999999995,0.0034223749999999996,7.0,1.9231299444271903,1.2287066118767396,0.09897855787677444,0.000250467335098651,-0.00331810428029196,0.0008747928681513392,0.06865042496061033,-0.62200336633947,0.22724289298927847,0.758364179747894,4.654730741108378,4.818739666935912,20.629435684900482,-2.1898984325160993,-2.3172328407236855,-8.299258740997365,-24.10111989212948,4.298804735128543,-2.3374979003846907
0.023956624999999995,0.0034223749999999996,7.0,1.9287829271820487,1.235396878922742,0.10041255771375246,0.00026802829146346514,-0.0036851213819849363,0.000981912644976245,0.06864710726213548,-0.6426207749541903,0.2440304697104923,0.8125803830342072,4.741469394284187,4.408217677246119,18.757591687727075,-1.7004713605865456,-2.3088684912943935,-8.18578768135673,-22.50855876667842,3.863620242594987,-2.432600902989796
0.023956624999999995,0.0034223749999999996,7.0,1.9337607786756128,1.241152105503406,0.10153631558427514,0.00029525913555107327,-0.004479461973100993,0.0011987651110332534,0.06864241602918397,-0.6526603893292511,0.25623786180248476,0.8534729030815877,4.797977479078266,4.029185532539943,17.0886408207169,-1.2765220488785083,-2.3054961291941876,-8.15026749637993,-21.107943746236845,3.516281795331308,-2.4924813498840774
0.023956624999999995,0.0034223749999999996,7.0,1.9380281224216378,1.2459856561765428,0.10239319409864164,0.00040829765446637114,-0.008149945326791775,0.002172122540071768,0.068636668557825,-0.6557166469957983,0.2648327435085124,0.8832784743238387,4.828938706352041,3.6499762968215745,15.483158859937971,-0.8800253876583262,-2.304339947267089,-8.15986807600075,-19.74327392741649,3.2495020473686083,-2.524598759084949
0.023956624999999995,0.0034223749999999996,7.0,1.9494978701759913,-1.2448137542459068,0.11247204046488087,0.0003334490822317869,-0.0012736255758822037,-0.00030939139304113426,0.06830329358018897,-0.7701395779265527,-0.3239703630856079,1.0393690590249915,5.796263944292502,-2.918665650708816,12.00218587659304,0.2937861620949509,-2.5619021030113256,7.684116995631755,-16.94052073845458,-1.9206479258449318,-3.234361841281173
0.023956624999999995,0.0034223749999999996,7.0,1.9446160791193723,-1.2396440233901862,0.11180652509615807,0.0010714637522911312,-0.004273633046764238,-0.001062847316682805,0.06831698113640387,-0.7843850667556085,-0.32075659079508556,1.0188286703514753,5.812817167409358,-3.2068397283676697,13.229170085582167,0.546499356731087,-2.5967371336965397,7.614827835865776,-17.8394356793292,-2.115523755086337,-3.216080033712833
0.023956624999999995,0.0034223749999999996,7.0,1.9389844285745408,-1.2335680446416897,0.11090015929400324,0.0015661096469238474,-0.006429125381402967,-0.0016364792544817071,0.06833010828673208,-0.7951729441619156,-0.3149786337869973,0.9875709180171109,5.799096615451342,-3.5611072530985775,14.782887831640979,0.8867927596276058,-2.6415439681035764,7.591673586279537,-19.017694938506963,-2.4015321654181685,-3.1575526473477686
0.023956624999999995,0.0034223749999999996,7.0,1.932637742779304,-1.226572384390966,0.1097025632006099,0.002127015774501342,-0.008847433464192835,-0.002297265306929478,0.06834396304007467,-0.7990510288425293,-0.3057306981187891,0.9426313839210726,5.744805225037431,-3.9539784529638893,16.576355691450363,1.296515649577794,-2.7005402113840393,7.63128720263093,-20.408415485688547,-2.774969776123412,-3.0442650136533898
0.023956624999999995,0.0034223749999999996,7.0,1.9256123666325056,-1.2186456776937862,0.10816892800174653,0.002801476784103133,-0.011553679786294756,-0.0030444049317083013,0.06835714823676016,-0.7919539557526593,-0.2920734494512146,0.8812545138210799,5.643931879424177,-4.369021658973417,18.573762959195037,1.7640618431853199,-2.779424857563035,7.786914308023015,-22.006560474990078,-3.251995372405162,-2.864507021861149
0.023956624999999995,0.0034223749999999996,7.0,1.917940394357262,-1.2097810322602431,0.1062690104077526,0.003655016128307094,-0.014562514264387406,-0.003867197264728612,0.06836756207643244,-0.7696221387872975,-0.2731200617771584,0.8013679691953314,5.497630977138577,-4.783108204202499,20.71556134982746,2.2626180907041604,-2.884757059414017,8.130732539780386,-23.791899628486945,-3.8495131389282875,-2.612873917724569
0.023956624999999995,0.0034223749999999996,7.0,1.9096415139558378,-1.1999785719305724,0.10399701364465505,0.004773638848874641,-0.017882065042882807,-0.004744777553212248,0.06837258806794859,-0.7283470275750357,-0.24814066370386773,0.7021138244513371,5.316166661855734,-5.167093412247289,22.918228766220277,2.7479202410304766,-3.0227208068471474,8.749453241504924,-25.723472853662592,-4.584402401513209,-2.2934458550085943
0.023956624999999995,0.0034223749999999996,7.0,1.9007139248204141,-1.18924761876271,0.1013798984645329,0.006260803609526785,-0.02150956097815042,-0.005644779705472754,0.06836965004685071,-0.6659758191151435,-0.21667961993034995,0.584329088249659,5.118693406128859,-5.488110717052497,25.079724520267657,3.1613050416480535,-3.197469185829919,9.733081881618501,-27.737799456665087,-5.472963758785075,-1.921224220298947
0.023956624999999995,0.0034223749999999996,7.0,1.8911273434020353,-1.1776079337647107,0.09848092736386538,0.008227366493251842,-0.025422969213173115,-0.006522874814564966,0.06835715738042593,-0.5829274416523983,-0.1786871653654589,0.45085397925774956,4.930095259867007,-5.7131678963824495,27.0906568893053,3.4399896359868563,-3.40944629534364,11.156714250778723,-29.753386452313784,-6.530478976469988,-1.5206489645233614
0.023956624999999995,0.0034223749999999996,7.0,1.8808219630761835,-1.1650894760423582,0.09539566917437614,0.010772272333641364,-0.029572894166179562,-0.007325274086812268,0.0683355987970072,-0.4828133853369111,-0.1346702518856288,0.3065761792122657,4.775149833137466,-5.813362137586212,28.84982570360709,3.5335565926901755,-3.654009707320111,13.058294356750146,-31.68240061669754,-7.770541367065007,-1.1211401258173557
0.023956624999999995,0.0034223749999999996,7.0,1.8697161685100594,-1.1517302740368298,0.09223969868290725,0.013955579154618815,-0.03388162067926751,-0.007996169454346518,0.06830824104333182,-0.3722592471593757,-0.08584673791610972,0.15817114404619195,4.671470827058394,-5.767990126475,30.281308197423186,3.421342071502319,-3.920357091059513,15.418434510294546,-33.44658007298446,-9.203516159362454,-0.7511137359988744
0.023956624999999995,0.0034223749999999996,7.0,1.857722392382769,-1.1375722743206296,0.08913040462273829,0.017773257234429587,-0.0382557591533007,-0.008489974283252644,0.06828080308795192,-0.25977845493807195,-0.03423508828067991,0.013533299019436092,4.623462471190206,-5.568171458693017,31.34911185658029,3.122703269590791,-4.190682423876212,18.15014167850038,-34.99108878953058,-10.833442192057518,-0.4327800473140013
0.023956624999999995,0.0034223749999999996,7.0,1.8447661273086096,-1.1226556037611215,0.08616828750152063,0.02214907473247628,-0.04261102832301736,-0.008784139278718798,0.0682598731914885,-0.15398340100203023,0.017434840592689186,-0.11909142708439532,4.619564747636851,-5.219857089106535,32.065073603007605,2.6940463903948393,-4.440092536003015,21.105103274205202,-36.29043958633914,-12.653309569056047,-0.17947221163383525
0.023956624999999995,0.0034223749999999996,7.0,1.830800650946915,-1.10701256289352,0.08342409375541375,0.02695335687243164,-0.046896250941821496,-0.008885719643395355,0.06825064278208376,-0.06177780625734622,0.06607492993401082,-0.23220922256581839,4.634232847265952,-4.745657420913066,32.486665886140095,2.212963777169378,-4.638607815005681,24.098370470789835,-37.34536406494391,-14.640132452340879,0.004374967739729431
0.023956624999999995,0.0034223749999999996,7.0,1.8158117222666157,-1.0906633460792052,0.08093603323055554,0.03204152263377062,-0.05110111973069778,-0.008827697747523768,0.06825514038082996,0.012798694210151054,0.10880509973973608,-0.3202282126607088,4.634421047438708,-4.184020676221271,32.703929809568216,1.7565703493353446,-4.756223697019547,26.945801890605534,-38.174641263345165,-16.752712943307344,0.12180264958084037
0.023956624999999995,0.0034223749999999996,7.0,1.7998116630027603,-1.0736151298820913,0.0787168939563655,0.03729180262917958,-0.05524400871325508,-0.00865755497741522,0.06827191297307232,0.06874065062473898,0.1435203589210056,-0.3803304381535967,4.588445521709395,-3.584267115233322,32.81843901029961,1.3832620242271565,-4.77002886765281,29.501853925669046,-38.80699588421976,-18.934679555844447,0.1815833459434182
0.023956624999999995,0.0034223749999999996,7.0,1.7828273758192354,-1.0558646162775598,0.07676655233174955,0.0426244067296289,-0.05935055120702024,-0.008424400099159577,0.06829714680132254,0.1074017330418833,0.16920389118637055,-0.4127433055240578,4.474077255555574,-2.997783984519447,32.92062982656959,1.1238272081083076,-4.6703119560391615,31.683891808749593,-39.27540763210621,-21.12268874335069,0.19623470048357847
0.023956624999999995,0.0034223749999999996,7.0,1.764888624354654,-1.0374023904843563,0.0750836892764953,0.04799898281986811,-0.06343714601543855,-0.008169436052275186,0.06832638516520828,0.1314278824601716,0.18586887496898213,-0.4202907002933185,4.28320334210411,-2.468168260286253,33.07300688332164,0.9824274875817761,-4.4626192369990285,33.47526008827896,-39.61332449811053,-23.256588813009948,0.1794158948949128
0.023956624999999995,0.0034223749999999996,7.0,1.7460208717944756,-1.0182168644206975,0.07367208448640611,0.05339920281279455,-0.06750614746645686,-0.007920916851924224,0.06835590411271579,0.14377431586621334,0.19422494612891603,-0.4074060220772666,4.02201601516128,-2.023996281096581,33.30432216940233,0.9439918157498587,-4.165073171138024,34.909512217259746,-39.85173638281406,-25.287463657372005,0.14305715597673488
0.023956624999999995,0.0034223749999999996,7.0,1.7262434353769296,-0.9982963677251101,0.07254016474185682,0.05881560993597759,-0.07155074257496744,-0.007692623015158619,0.06838330045555933,0.1470917432574282,0.19528900711803898,-0.37899508519228514,3.7075157563774574,-1.6764037820941469,33.61475772674171,0.9833780775632386,-3.8028761690821424,36.04587467572978,-40.01695990964351,-27.181191915212757,0.09536041270468669
0.023956624999999995,0.0034223749999999996,7.0,1.7055711694813394,-0.9776292615274073,0.07169547672230851,0.06423369476862513,-0.07556360323503158,-0.007484768096671613,0.06840739275500922,0.14352642997259052,0.19012643303968182,-0.3395263852261699,3.3622853478266217,-1.4211705146670728,33.98744596543247,1.0728028363323376,-3.4027794477435243,36.94697494672131,-40.1295360197496,-28.91771075902845,0.04049409991690611
0.023956624999999995,0.0034223749999999996,7.0,1.684017184345988,-0.9562029162706099,0.07113734173040166,0.0696293052933979,-0.07954388056262676,-0.007286831512575824,0.06842779393115973,0.13480639810817827,0.17977914561055802,-0.2925471007951633,3.009538883630352,-1.2433817152113127,34.40012499500586,1.186294919461217,-2.989273398464897,37.66522369185472,-40.20437282005084,-30.487792522640465,-0.02026548516545622
0.023956624999999995,0.0034223749999999996,7.0,1.6615946836938502,-0.9340027462607621,0.07085109320771395,0.07497046316180309,-0.08349938473873221,-0.007082018554820238,0.06844448778975204,0.12242335960230624,0.1653148040225787,-0.24061757955982713,2.669583880765748,-1.1226372600352486,34.832629706979304,1.3018148220834154,-2.582701146007706,38.23845529907725,-40.25176266347957,-31.889350478833038,-0.08688273475804194
0.023956624999999995,0.0034223749999999996,7.0,1.6383170867938253,-0.9110122777266871,0.07080632451137199,0.08022307908483059,-0.08744351869634913,-0.0068526840517463515,0.06845758224787098,0.10775429846486313,0.14788103498364,-0.18552580625290527,2.3578384914639465,-1.0375819569027676,35.26926862344709,1.4022645597011192,-2.198613083253663,38.691920432383306,-40.27867178992872,-33.12458749534531,-0.15922540821028272
0.023956624999999995,0.0034223749999999996,7.0,1.6141967156110415,-0.8872145305992226,0.07095982194440008,0.08535733656003773,-0.09138911859269197,-0.006585518071861153,0.06846724832952643,0.09205838703122861,0.1286791122376012,-0.12860046244356987,2.0840609462894624,-0.969318403908091,35.697751689437816,1.4761119997215792,-1.8476743627516463,39.04291516628198,-40.289789932760485,-34.19837748652565,-0.23638658353781747
0.023956624999999995,0.0034223749999999996,7.0,1.5892430889428646,-0.8625941337484684,0.07126192288838568,0.09035196379412813,-0.09534262420006734,-0.006275101097805158,0.06847375729788743,0.07638168997695455,0.10884866542697354,-0.07096516869135831,1.8524649312330959,-0.9036050658239524,36.10719059683498,1.5176673007550887,-1.535847810016149,39.30514045470988,-40.28810298906266,-35.117591841085485,-0.3166171212169465
0.023956624999999995,0.0034223749999999996,7.0,1.5634618907370201,-0.8371391708901659,0.07166386424613351,0.09519536506356438,-0.09930103461552119,-0.005924890254786701,0.06847751712491597,0.061452178269623285,0.08932027937394317,-0.013648563798285317,1.6625456748399583,-0.8317799173822044,36.48692384343488,1.526761798436275,-1.2649073029984383,39.49139486009624,-40.27508412985037,-35.89083504416067,-0.39763837184152134
0.023956624999999995,0.0034223749999999996,7.0,1.5368549961053302,-0.8108420959994811,0.07212386588569358,0.0998843672915598,-0.10325197272650596,-0.005545639556228603,0.06847905555994918,0.04762948375949655,0.07070247742940564,0.04244415730535714,1.5104961578471519,-0.7504246325786984,36.82657763240106,1.5076807777288914,-1.0333707761425566,39.61458585041432,-40.250821722856095,-36.52817699635546,-0.47712538170459373
0.023956624999999995,0.0034223749999999996,7.0,1.5094211905225097,-0.7836997332211808,0.07261076242000436,0.10442168151244594,-0.1071759827581359,-0.00515220632942194,0.06847895320977836,0.03492073228551487,0.05323494995549782,0.09662588741922275,1.3909660943557718,-0.6600665713525705,37.11706541079728,1.4675263143980526,-0.8377129123694304,39.68758453165144,-40.21437151462437,-37.040744668253716,-0.553253181986343
0.023956624999999995,0.0034223749999999996,7.0,1.48115709015344,-0.7557126662707848,0.07310495782559036,0.10881243149388738,-0.11105031432230916,-0.00476035359808439,0.06847776335639351,0.023047040762770483,0.03681278110367004,0.1485024759537232,1.2985424094526723,-0.5636501691983853,37.35220872476733,1.414628470509424,-0.673368015979701,39.7222303774756,-40.16432941437873,-37.44020289763785,-0.6251743934729709
0.023956624999999995,0.0034223749999999996,7.0,1.4520583055255711,-0.7268840141173349,0.07359690804172857,0.11305978420320104,-0.11485365088256555,-0.004385277233050236,0.06847595497908507,0.011572840188227827,0.021099696476561017,0.1979813778561883,1.2280165908200285,-0.4657732724962654,37.53034022584205,1.3577643471127816,-0.5349170446314166,39.72744605260734,-40.099193256131635,-37.738057566177915,-0.6930995461886136
0.023956624999999995,0.0034223749999999996,7.0,1.4221213439598523,-0.6972172659910458,0.07408363147542361,0.11716101815047986,-0.11857021143497735,-0.004042048811362264,0.06847389089909707,0.00013661294479208638,0.005761288037714192,0.24523319238690408,1.1734039832360637,-0.37284578524599027,37.65418583071251,1.3059354516307762,-0.4158278022183825,39.70688630669588,-40.016950462402875,-37.94453955969076,-0.7575761810176794
0.023956624999999995,0.0034223749999999996,7.0,1.3913458324267831,-0.6667137364609617,0.07456467693055308,0.1211078186572903,-0.12218949754016772,-0.0037448625498517564,0.06847183057719185,-0.01128555797013488,-0.009258309839785508,0.2906521020270258,1.1280719211403467,-0.2922059810270889,37.727342307358406,1.2668352103262361,-0.3098512685614362,39.658565166804884,-39.91427926236412,-38.067273930958095,-0.8182206525789084
0.023956624999999995,0.0034223749999999996,7.0,1.3597346948627618,-0.6353720681483646,0.07504015770514066,0.12489249014590766,-0.125699961798627,-0.003502793346694528,0.06846994742904751,-0.022353276197529096,-0.0236873252915939,0.3348066177861419,1.0879146715047896,-0.228708811815225,37.749768136569834,1.2437311239935565,-0.2145840988314605,39.57923547775339,-39.78712992722378,-38.11111711464094,-0.8733305726733275
0.023956624999999995,0.0034223749999999996,7.0,1.3272910053079163,-0.603191130233376,0.07551213568435675,0.12851275182471303,-0.12908368920503827,-0.003317833869594503,0.06846835893445882,-0.032704428609614505,-0.03724401638132275,0.378350923858056,1.0536975412825615,-0.18254959740991875,37.71834458097123,1.2351403725914267,-0.13247684787834768,39.47050399954874,-39.63316463826067,-38.080087191346955,-0.9212206934042161
0.023956624999999995,0.0034223749999999996,7.0,1.2940149801256826,-0.5701729467594555,0.07598682417312383,0.1319677097333784,-0.13231956857324378,-0.003191207501019115,0.06846716019803757,-0.042283167209066004,-0.04995422976938661,0.4219788227075969,1.0279986543964434,-0.15241254982098867,37.631779404205155,1.2395493509981326,-0.06645334089877417,39.33941141561799,-39.4529924626768,-37.9789423543815,-0.9615453134976709
0.023956624999999995,0.0034223749999999996,7.0,1.2599047839669675,-0.5363219807657477,0.07647475082983711,0.13525152095781706,-0.1353888730896295,-0.0031311651530287984,0.06846644596401123,-0.0512516759888416,-0.06207329438038154,0.46652177208902285,1.0108795951648295,-0.13991974061224097,37.49128868094567,1.2594943271036008,-0.016046650263521207,39.19320486180572,-39.2478410616105,-37.81122836164222,-0.9948329449013098
0.023956624999999995,0.0034223749999999996,7.0,1.2249591624084306,-0.5016426556583381,0.07698998341206176,0.13835369554137728,-0.13827449337269324,-0.0031542561521618103,0.0684663173488133,-0.05968755273897563,-0.07379907391522102,0.5131224351422955,0.9999166788740851,-0.15017696432234184,37.295702001536256,1.3009459457792094,0.021375884751081903,39.03583557414356,-39.01661323170899,-37.575660142051824,-1.0212925636251675
0.023956624999999995,0.0034223749999999996,7.0,1.189178412328134,-0.4661385312093602,0.07755106115527456,0.1412631511305097,-0.14095647412768214,-0.0032851171349989597,0.06846688036815904,-0.06744219859810696,-0.08513603336762748,0.5634108761870186,0.992163483575001,-0.19064688500550978,37.037727655421634,1.371747477392062,0.0482409533411095,38.87063011549523,-38.75637478623427,-37.264956978868575,-1.0404044369161105
0.023956624999999995,0.0034223749999999996,7.0,1.1525640086839768,-0.4298128543318221,0.07818477625612587,0.14397084238134025,-0.14340878665399734,-0.0035624419393682416,0.06846824638685976,-0.07416081489034931,-0.09591087494215209,0.6198387623013241,0.9838518917914887,-0.27194266330639677,36.70249686063092,1.4825631806094748,0.0671019736827479,38.706820908432675,-38.46578402628363,-36.86623208964531,-1.0509538654742399
0.023956624999999995,0.0034223749999999996,7.0,1.115126556693476,-0.3926625875000248,0.07892587283894881,0.14647230926446664,-0.1455958969378139,-0.004048605183416101,0.06847054724524704,-0.07896693452227842,-0.10548683803400932,0.6871161690953063,0.9696872970898882,-0.4083555800537848,36.264144710949274,1.6478399555956242,0.08119268252168245,38.56723328891581,-38.149989805052236,-36.35870341130829,-1.0508799796115715
0.023956624999999995,0.0034223749999999996,7.0,1.0768488169359944,-0.3547091419240254,0.07986183587929337,0.14877040300243907,-0.14747040905879216,-0.004837839125234182,0.06847377809018748,-0.08242590562908265,-0.11453051758962957,0.7703517344374141,0.9459002046163548,-0.6141349066417858,35.68350337406795,1.8835851014517384,0.0928692677182485,38.499500759341345,-37.82899110461958,-35.70583991113211,-1.0387694723346061
0.023956624999999995,0.0034223749999999996,7.0,1.037729040359626,-0.31596585968683016,0.08110078866538616,0.1508494734303715,-0.14899880548195577,-0.006076041881874961,0.068477613768858,-0.0848877366479439,-0.12339065541838252,0.8804381731145822,0.9131219253636481,-0.8962947438683285,34.91421294064367,2.201735700737281,0.10354532564260518,38.580609788345186,-37.55464229512874,-34.84129744319776,-1.0166672510062482
0.023956624999999995,0.0034223749999999996,7.0,0.9977380387428734,-0.276466016183726,0.08284625955800672,0.15259509329660625,-0.15025197672164753,-0.007973367950071683,0.0684800420967714,-0.09074654490903225,-0.1353338908214642,1.0314596999821355,0.8849303032903599,-1.2423750617162574,33.930551208227406,2.5893348842706545,0.11231377354336236,38.896710222284405,-37.43185037898485,-33.63639239646393,-0.9972440768337215
0.023956624999999995,0.0034223749999999996,7.0,0.9568247795168197,-0.23625268651280396,0.08533828175685503,0.15362670399840184,-0.15160938820651249,-0.010718776246373612,0.06847358405412372,-0.10960113608174393,-0.15476505542414662,1.2378403001046292,0.9413924789161922,-1.5840314145605665,32.80770016404501,2.9336868491634185,0.08935360212244918,39.46782132501782,-37.64603040220766,-31.844735123413002,-1.0307460810386422
0.023956624999999995,0.0034223749999999996,7.0,0.9148673335690726,-0.19536910811318492,0.08874947958306867,0.15286381691385764,-0.1542601606327794,-0.014205450093822092,0.06843649809635974,-0.1645787085258136,-0.18604810112393233,1.4950327339460532,1.3311389948715067,-1.778384132204311,31.96875795695475,2.9011025610317946,-0.04035267873006569,40.034369190535884,-38.44164638643924,-29.025741349100876,-1.2907863161414468
0.023956624999999995,0.0034223749999999996,7.0,0.8716990315904374,-0.15374411659939438,0.09263814700222382,0.14732046988131006,-0.16099779234131792,-0.017645862307759084,0.06833947068894333,-0.28562111638747467,-0.21452643021675014,1.7315889454810038,2.3880993165858135,-1.7200612990151105,32.661913145469086,1.973287926686349,-0.3110150304815119,39.50591480949873,-39.86822990785345,-24.51962989997128,-2.0770842861042995
0.023956624999999995,0.0034223749999999996,7.0,0.8278245357004217,-0.11084507001221047,0.09439699514483967,0.12927581333648078,-0.17531719157092335,-0.01944597609552191,0.06827769961765705,-0.409045140678246,-0.1686163986499771,1.7473472145264146,3.7438987369273726,-1.4015684929963723,36.94187821367941,0.32044251088063896,-0.743219096739228,35.07478176135546,-41.50646993776811,-17.990975317357933,-3.00067964018814
0.023956624999999995,0.0034223749999999996,7.0,0.7869187898538417,-0.06592566525363837,0.08679869837799307,0.08736831879126346,-0.1911597319558101,-0.018557688670198073,0.06871956884246738,-0.09954370716918651,0.013765572554714655,1.276454337064696,4.520682677463732,-0.475758223184033,44.37198185935555,0.3391303898828153,-2.4773086697964866,23.11587653974438,-43.67615362374535,-10.67523864633815,-2.0433740076672566
0.023956624999999995,0.0034223749999999996,7.0,0.7537819662058052,-0.020871271687870972,0.06213351742577359,0.03538720110415742,-0.1875301458122227,-0.015017756662564585,0.06966354065202406,1.1975916325965053,0.10352318124517543,0.21649732133296512,8.028745319608205,-0.021854368602528113,44.81738266511006,2.2736263469463704,-6.958588649301338,6.274764187984143,-41.42336230763534,-3.8291218153864057,-1.0701566703068575
0.023956624999999995,0.0034223749999999996,7.0,0.7532295835608901,0.019777178948739156,0.06534391143234798,-0.0038673758134506186,-0.15020555770476846,-0.004836345851928318,0.06982700725667568,1.1295097631288304,-0.18611236004243756,0.23905190917271912,7.9837939236236855,-2.4569022530726987,47.13846004618343,1.7159795535650548,-6.600848928629767,-5.515659668012292,-44.10286315852056,0.20998589855269145,-1.3829449949939165
0.023956624999999995,0.0034223749999999996,7.0,0.7858322828454847,0.062336523028846264,0.09479352225232299,-0.07247051281185327,-0.1993705821163138,0.009772395977412378,0.06834369962228264,-0.2344498362432331,-0.2337412260190399,1.3873511767766675,4.135286789711161,-1.0067980334475548,43.60201135420511,3.0688827692940914,-0.6043167810130264,-21.735732996011155,-43.00217737763547,7.665377057696856,-3.5309700086981297
0.023956624999999995,0.0034223749999999996,7.0,0.8277671599439766,0.10810218128298213,0.10218412092209307,-0.12721531851645465,-0.1845715489309525,0.02154652877533243,0.067861988408914,-0.4454199678172546,-0.014857532402151184,1.9302174923538942,2.9558491646378533,1.6258967717288089,36.00340516629855,0.746032466540522,1.3864343432092128,-34.57168372814271,-41.4774775251416,16.069106658014732,-4.342283507847073
0.023956624999999995,0.0034223749999999996,7.0,0.8723182571770224,0.15203473767243061,0.09786599280521341,-0.149214122991864,-0.16602602770439254,0.02391654554474391,0.06814053718323097,-0.2385041067599306,0.08709405274223689,1.8948868050953092,1.285884201597941,2.822797634284638,32.13471625928602,-2.612584434452804,1.2068402202880302,-39.90072314953826,-40.49416613510283,23.63561648966144,-2.4927244218859688
0.023956624999999995,0.0034223749999999996,7.0,0.9154472809704242,0.19430076920690367,0.09173033752744886,-0.15575617766089328,-0.1575324952640902,0.020043445572241445,0.06836626974526137,-0.10666928232553174,0.09969893751610313,1.5987331085095071,0.42756456890059086,3.0485000247597975,31.917949014960758,-4.064423951698933,0.8572247149345921,-40.644390839598465,-39.08947015136935,28.802525766114695,-1.284789283835185
0.023956624999999995,0.0034223749999999996,7.0,0.9571524939052256,0.23560195743765155,0.08695732099387898,-0.15678925143828215,-0.15457102479366863,0.014914848905442271,0.06844769512994058,-0.07322428850297515,0.10181629184826275,1.2921385309189557,0.4544097780362681,2.6399072557427816,33.11581286257943,-3.956999212600917,0.5212842729166863,-40.072953719346785,-38.285635092920245,32.010932849682426,-0.9756940509529551
0.023956624999999995,0.0034223749999999996,7.0,0.9978736886271424,0.27606725367142426,0.08375307267268361,-0.15583737532999503,-0.15326925790496554,0.010712563774455154,0.06846756232099264,-0.07591014132469434,0.10662022306330676,1.0574708687997119,0.7305312402440115,1.983460721752821,34.431027052246364,-3.306437502965499,0.24075124540075332,-39.50983667202406,-38.10769165103482,34.02745007951702,-0.9712824856447627
0.023956624999999995,0.0034223749999999996,7.0,1.0377770585674624,0.31569065672580854,0.08164395586192243,-0.15412227531770906,-0.15210059092824077,0.007838997179096951,0.06846986336601604,-0.08211404798105737,0.10830032851966995,0.8933004612278994,0.9446638949290768,1.3719422400360373,35.48799470382297,-2.6552975138306154,0.0650551248512739,-39.221750593962206,-38.266822250052535,35.35134323537298,-1.0097190197803512
0.023956624999999995,0.0034223749999999996,7.0,1.0768807223857517,0.35447735664086477,0.0802057008908417,-0.1520500849001768,-0.15064522238806238,0.006025916839817336,0.06846815777172872,-0.08366704585966553,0.10490964542511344,0.7778408681836144,1.0517459976362016,0.9163341790282875,36.27597715469885,-2.1632052417782393,-0.015577317574303895,-39.16311577320912,-38.56515986743105,36.27648408688846,-1.036168680061898
0.023956624999999995,0.0034223749999999996,7.0,1.1151731445882758,0.39243855325493865,0.07915065595200449,-0.1497419159858466,-0.14883794573661094,0.004915769528462026,0.06846607650668664,-0.08019710701724829,0.09716398685384273,0.6923465603631391,1.0883359686982534,0.6133536991155278,36.86704840336974,-1.8286196144656182,-0.04131171085949597,-39.24355840006673,-38.905125538077144,36.965770749532794,-1.047024257838759
0.023956624999999995,0.0034223749999999996,7.0,1.1526318310481383,0.42958647560245455,0.07833467289804244,-0.14722685214727482,-0.1467070415034947,0.00424394740617135,0.06846447966366888,-0.07420122023596022,0.08752506807253024,0.6239034769982083,1.09262874669391,0.42420431413731774,37.32455485612297,-1.6099933982463097,-0.047008567961952116,-39.39460267386611,-39.24243319771368,37.50334298187058,-1.0456201787319566
0.023956624999999995,0.0034223749999999996,7.0,1.1892650652048664,0.46590959156664213,0.0776544361105841,-0.14450930247094274,-0.14429624802965932,0.003848554539536535,0.06846359396088209,-0.06632555541582694,0.07656118433019599,0.5667876341187283,1.0873713083729943,0.3120793785820166,37.68850254738521,-1.4691918807747186,-0.05288895232379301,-39.57383860779111,-39.55913789337001,37.93220331690791,-1.034482356049202
0.023956624999999995,0.0034223749999999996,7.0,1.2250609309624667,0.5014127836675051,0.07706540377045804,-0.14159252314022375,-0.1416438123050755,0.003636456567655293,0.06846338249744753,-0.05774954796091761,0.0652305967955188,0.516220804519649,1.0831848802967583,0.25204720141686987,37.98324826027954,-1.380784930049417,-0.0674858867490435,-39.75901661989431,-39.84975983765056,38.27530470188163,-1.015698993547715
0.023956624999999995,0.0034223749999999996,7.0,1.2600174361628014,0.5360937258758531,0.07653618959128522,-0.1384821112735136,-0.13877987778270545,0.0035552425147557286,0.06846377873751851,-0.04894578942052473,0.05384320957835978,0.4697573601179152,1.0841982067630302,0.22896116068037145,38.223577970255015,-1.3295777382324079,-0.09345708180995983,-39.940532571201246,-40.11539373772542,38.54669523206052,-0.990741124953071
0.023956624999999995,0.0034223749999999996,7.0,1.2941334382863,0.5699500059369599,0.07604624579345798,-0.13518667517362676,-0.13572716568647292,0.0035737002574397895,0.0684647022821359,-0.04018334364776959,0.04252908326944928,0.42577109540297914,1.0925130543366917,0.23337141841011216,38.41746286088968,-1.3061476119627837,-0.13185931569479156,-40.11538985739102,-40.35915892716506,38.75479889628337,-0.9606537386419003
0.023956624999999995,0.0034223749999999996,7.0,1.3274089549171328,0.6029786524772314,0.07558062958356544,-0.13171654132054628,-0.13250304827290493,0.0036714199739428443,0.0684660712276155,-0.031534541770342775,0.03124823104119907,0.3830741283843843,1.109932751013867,0.25883907615229707,38.566083552239334,-1.3039358834887078,-0.18399385354532793,-40.28137961277303,-40.582435926892394,38.90207273012436,-0.925938897468539
0.023956624999999995,0.0034223749999999996,7.0,1.3598452402519423,0.6351759200073237,0.0751274292531599,-0.12808128136766145,-0.1291225884469061,0.003835275559936203,0.06846780631623967,-0.022900392668935985,0.019811699095931546,0.3407244758691806,1.1375298439627968,0.30126040340801713,38.66518939375897,-1.318545601882351,-0.2510045884238357,-40.43421346131382,-40.78368712299395,38.985263016519724,-0.8865252555389597
0.023956624999999995,0.0034223749999999996,7.0,1.3914440841504332,0.6665378754183882,0.07467681693474856,-0.12428807009103457,-0.12560076343783738,0.004057286024572824,0.06846982100664445,-0.014100397462267917,0.007963427155318241,0.2978988477827249,1.1754415362691837,0.3583349124083642,38.70861921829589,-1.347293111379761,-0.3334713932546017,-40.568394414517,-40.96033109302087,38.997703751257575,-0.8419701430145822
0.023956624999999995,0.0034223749999999996,7.0,1.4222071747737184,0.6970609969260875,0.07422097390362736,-0.12034163048126001,-0.1219531667331312,0.004331444745001139,0.06847200061609172,-0.004945956965040297,-0.0045498598738729435,0.25383801154225033,1.223772929417995,0.4282753906737669,38.691305627383095,-1.387930837590716,-0.4320699339192966,-40.678952170600056,-41.11101996611692,38.9315541009463,-0.7917029954987008
0.023956624999999995,0.0034223749999999996,7.0,1.452136080167909,0.7267422617190633,0.07375456572652543,-0.11624446366741883,-0.11819639639907004,0.004650814991691546,0.06847417822961978,0.004749827487573863,-0.01796414302378826,0.20787694438128881,1.2836436919903558,0.5085538775618844,38.61044855491032,-1.4372621894739268,-0.5484424672530025,-40.761652034052936,-41.23638660989159,38.7785079940107,-0.7352012247373538
0.023956624999999995,0.0034223749999999996,7.0,1.4812325448544572,0.7555790304585068,0.0732758522463124,-0.11199669427949413,-0.1143487328784687,0.005005768809537512,0.06847610929328653,0.015190962082259687,-0.03250437167917973,0.15952724157737835,1.3577681310363805,0.5953237119474278,38.46576590656131,-1.4903048864895767,-0.6856000308799041,-40.811978579563934,-41.33863946833738,38.529602295066965,-0.6721681001564783
0.023956624999999995,0.0034223749999999996,7.0,1.5094986491713303,0.7835691750107084,0.07278852266438668,-0.10759600349926536,-0.11043058170856415,0.005383239044072823,0.06847744831312061,0.02659814116993397,-0.04836587976848191,0.10856989684698694,1.4506253017862631,0.6835516344013028,38.2596622813373,-1.5400753057662622,-0.8478657935142282,-40.82400983418835,-41.42085595959573,38.175054705944206,-0.6027595082720346
0.023956624999999995,0.0034223749999999996,7.0,1.5369365993924256,0.8107116411771192,0.07230402502796487,-0.10303834282793554,-0.10646389858290589,0.005767004550517504,0.06847773918316655,0.03916661514567436,-0.06565390750640983,0.05512315218976082,1.5682436511243238,0.767795829701983,37.99728956742414,-1.5780019825701108,-1.0404389699149288,-40.78981223299881,-41.48627509437446,37.704426978289,-0.5278046812093946
0.023956624999999995,0.0034223749999999996,7.0,1.5635480988080501,0.8370073844117291,0.07184371961090426,-0.09831979877643322,-0.1024701530164947,0.006139257055441657,0.06847643534772838,0.052984613458804404,-0.08429369595889534,-0.00034411090496058364,1.71747842859239,0.8435612174201398,37.68620767822078,-1.595021854967945,-1.2685830378022516,-40.6995521596816,-41.53762289567917,37.107040296703005,-0.44889539079013685
0.023956624999999995,0.0034223749999999996,7.0,1.5893333795358948,0.8624604206209809,0.07143988144290475,-0.0934393580649092,-0.09846715465268494,0.006483435090906609,0.06847295796626003,0.0679330760996122,-0.10394407982262156,-0.0570663974161551,1.9047472798705445,0.9090218755756385,37.335646848614346,-1.583265295287319,-1.5365065894513108,-40.54215865767755,-41.57653632410611,36.37251073403066,-0.36824069041923363
0.023956624999999995,0.0034223749999999996,7.0,1.6142900995509777,0.8870786256397223,0.07113464995201897,-0.0884018085960366,-0.09446583112224644,0.0067877308812346274,0.06846677677180119,0.08359876248929601,-0.12395255738114884,-0.11408394774130488,2.13443060289073,0.9667214481884494,36.95570230670373,-1.5379660440595224,-1.846116117772787,-40.30602018087966,-41.603189352150146,35.49129008156688,-0.28831448511794205
0.023956624999999995,0.0034223749999999996,7.0,1.6384124730653735,0.9108738991920413,0.07097647573317002,-0.0832199989742485,-0.09046822894198142,0.007048172007048499,0.0684574747217669,0.09923570876359296,-0.14337835548534664,-0.17033893645256487,2.4073059211827874,1.02476571755875,36.55684538264647,-1.4590760073125135,-2.1958727222872394,-39.97909317844766,-41.616161309813236,34.45511207729194,-0.2114331988955489
0.023956624999999995,0.0034223749999999996,7.0,1.6616911144413722,0.9338614141023666,0.07101431814527055,-0.07791576542701051,-0.08646775964602389,0.007270072047786953,0.06844475979200179,0.11379779099148853,-0.16108527219474983,-0.22469340944878397,2.7193267128328924,1.0970737816369305,36.1500877840124,-1.352202611856156,-2.57994058763827,-39.54789808292883,-41.61243627978983,33.2573074359448,-0.13938612519462226
0.023956624999999995,0.0034223749999999996,7.0,1.6841138672382194,0.9560580143137543,0.0712907559860875,-0.07251869113561524,-0.08245226447980972,0.007467000669199099,0.06842842545651852,0.12602857270179071,-0.1758713204890427,-0.2758143155943799,3.0609058808593614,1.2024299372742506,35.74805550456496,-1.2288097675347145,-2.987698661825634,-38.99500176163009,-41.58726900152281,31.893121824880204,-0.07320721903372529
0.023956624999999995,0.0034223749999999996,7.0,1.705667292380368,0.9774803316406401,0.07183603836960366,-0.06706217044381672,-0.07840940406496616,0.007657164912299766,0.06840831832976141,0.13454720962557906,-0.186573989982914,-0.32192614148934945,3.416821354420057,1.3622664539438136,35.36666174165392,-1.105881283825564,-3.4035809428716663,-38.29502819783287,-41.533635644843706,30.36040673933376,-0.01324041154839036
0.023956624999999995,0.0034223749999999996,7.0,1.7263378886264997,0.9981434683523656,0.07266528751998108,-0.061577550803245715,-0.0743322723431184,0.007858016867773735,0.06838441123750429,0.1378513949637998,-0.19209819452133353,-0.3605094207308411,3.766955591966015,1.597221616937178,35.025897919669355,-1.0052828049953113,-3.8072323185468693,-37.41037166534641,-41.44117851695561,28.661182333183113,0.04027672658085396
0.023956624999999995,0.0034223749999999996,7.0,1.7461120366644631,1.018060812119205,0.07378010946568833,-0.056088727518251474,-0.07022224080228753,0.008080544296721852,0.06835706231548606,0.13420124353372034,-0.1913697774973171,-0.38809486701901336,4.088221551762134,1.9226198742716996,34.74738156505589,-0.9527517489072344,-4.174215483819512,-36.28931572909647,-41.29487093503239,26.804365181665162,0.08599393205737883
0.023956624999999995,0.0034223749999999996,7.0,1.7649742880090815,1.0372448321557561,0.07517407870715732,-0.05061032851355997,-0.06608691965895697,0.008324641043623777,0.06832744329048407,0.12144119358655686,-0.1832904429027351,-0.4003340229062404,4.358010062019378,2.343344152740959,34.54693461028874,-0.9757987881148945,-4.4778801485576025,-34.87027489146378,-41.07391397014903,24.80930756659166,0.11987008653822505
0.023956624999999995,0.0034223749999999996,7.0,1.7829047348525024,1.0557079957802682,0.07683978179702133,-0.045152128736321843,-0.06193345332010959,0.008576343134460616,0.06829796031409514,0.09691270806273417,-0.16680578754271336,-0.3924853493153664,4.559017607758341,2.849273232533152,34.42303361468896,-1.0993325094342927,-4.693052097472544,-33.09513430013071,-40.751478446128516,22.708883267425158,0.13403448971420448
0.023956624999999995,0.0034223749999999996,7.0,1.7998773642766819,1.0734626274277355,0.07877407575854256,-0.03973066587085574,-0.057760116282599805,0.008807202861048531,0.06827233663673876,0.05765032902863237,-0.1411556980483468,-0.3603166253779969,4.684369261547352,3.41320282357011,34.345403350926354,-1.3383704509279968,-4.8013987869689725,-30.931093442588864,-40.29568946469856,20.55016183945295,0.11702952542162079
0.023956624999999995,0.0034223749999999996,7.0,1.8158619367050182,1.09051881163252,0.0809783779329442,-0.034385886400663465,-0.05355145992691206,0.008976163986500101,0.06825500591419972,0.0009929400769688457,-0.10625899173495225,-0.3012142497875182,4.741117033868986,3.9930957678438213,34.2499762009569,-1.689024966164795,-4.796832319302535,-28.394651680498225,-39.67177239412239,18.390923871826832,0.05571528543354956
0.023956624999999995,0.0034223749999999996,7.0,1.830831226510238,1.1068803954220536,0.0834524202605459,-0.029195966387485853,-0.04928265583754324,0.009034785024514911,0.06824972814943014,-0.07443116805356734,-0.06305507675346518,-0.21511633298866575,4.750212122465966,4.538985909765106,34.04488890125826,-2.1211749273878273,-4.688284082572231,-25.566871403395645,-38.84502966363887,16.291860396130357,-0.06192803989373362
0.023956624999999995,0.0034223749999999996,7.0,1.8447728875641238,1.1225404893312958,0.08618283682816079,-0.024279695947368868,-0.044934906888032145,0.008936514468890296,0.06825788571715995,-0.16762923437447838,-0.01358681066287367,-0.10489192941117176,4.742145856979208,5.002484298884657,33.62745397757692,-2.5774124573145865,-4.497940048535021,-22.590135288472613,-37.784845256682345,14.306789756874691,-0.24420580844418482
0.023956624999999995,0.0034223749999999996,7.0,1.8577016185699828,1.1374787205573804,0.08913110315748321,-0.01977824278290632,-0.04051566678982893,0.008648832961252524,0.06827739715526944,-0.2745552151692626,0.039278061377959944,0.023987089677290494,4.7492019711782385,5.345380705807878,32.90694353403259,-2.981745137723903,-4.255472104200436,-19.64426028139197,-36.4707299286687,12.47488566192232,-0.49372986697780513
0.023956624999999995,0.0034223749999999996,7.0,1.8696652193316123,1.1516619769780763,0.09222677129109146,-0.01581937418299356,-0.03607062600093492,0.008163930994760387,0.06830306995697658,-0.38826492608993673,0.09238709970540075,0.16432678479332588,4.796839311917831,5.544643353024509,31.82562471542718,-3.2576356422251944,-3.9910568648878924,-16.909750436965023,-34.90080494591891,10.818028118355784,-0.805782447029937
0.023956624999999995,0.0034223749999999996,7.0,1.880739877060905,1.1650486818158745,0.0953702777853635,-0.01248059913808414,-0.031677445989843164,0.007502295923193268,0.06832837572892266,-0.5000638406925728,0.142868868034815,0.3083043800172403,4.89723196830158,5.593460028742828,30.37173734573367,-3.349548015410774,-3.7301225520326593,-14.531682447153695,-33.10027302599773,9.343337899367837,-1.167109416268921
0.023956624999999995,0.0034223749999999996,7.0,1.8910152054034055,1.1775950201560943,0.09844547979709055,-0.009770389763494841,-0.027424185789058735,0.006706911210104963,0.0683476977663828,-0.6013231836115613,0.18851734273329782,0.4484669215841229,5.047063055822394,5.499684811290432,28.5816189497671,-3.238802186292315,-3.49095542723562,-12.596073946245676,-31.12471885955493,8.048256651954254,-1.556107628586777
0.023956624999999995,0.0034223749999999996,7.0,1.90057482640128,1.1892610596684823,0.10133786397552642,-0.007634541150418717,-0.023386180442061515,0.005831495012901959,0.06835788666783928,-0.6852946855402979,0.2279313464416132,0.5784898582163375,5.229898233877855,5.283053504150671,26.531852089404634,-2.9465809719927094,-3.284467705419799,-11.123901573305183,-29.054206696189336,6.925184934550545,-1.9454305284580569
0.023956624999999995,0.0034223749999999996,7.0,1.909480089139746,1.200015292973298,0.10395235148004736,-0.005979241532616475,-0.019613407405066955,0.004928871830249966,0.06835856601067898,-0.7482703800659217,0.2604710399905435,0.6936775267614226,5.421873547794144,4.971686837379729,24.324752626006436,-2.5236544310862765,-3.1149937154503267,-10.080853591097753,-26.979255638071823,5.9642093020429705,-2.3068798323438218
0.023956624999999995,0.0034223749999999996,7.0,1.917762079115335,1.20983701724614,0.10622548264618961,-0.004696807197518099,-0.01613028647434494,0.0040434751283652225,0.06835142235547867,-0.7897867121769944,0.2861278080389173,0.7912140366575213,5.598572749032613,4.5980078529918025,22.07139942637012,-2.032920188438017,-2.9815587328480784,-9.39649810851717,-24.984562152887587,5.154074822166412,-2.6170140161845334
0.023956624999999995,0.0034223749999999996,7.0,1.9254226142251742,1.2187166241471215,0.10812955545058754,-0.003684859187814135,-0.012942363561043552,0.0032083697056591,0.06833910444301192,-0.812010810822163,0.3053711423375757,0.8701581305299095,5.74089944951478,4.194484925778003,19.876072818772208,-1.5328445030505748,-2.879527536336163,-8.98550240584441,-23.136868685238465,4.482288576682948,-2.861371913178619
0.023956624999999995,0.0034223749999999996,7.0,1.9324413959727993,1.2266542418822317,0.10966935365183067,-0.002856817204016722,-0.010043392000215954,0.0024451417088111136,0.06832427306227634,-0.8187132201145244,0.3189963914957137,0.9311941772939888,5.838410483901273,3.789973172249548,17.82492195785674,-1.0671818182600756,-2.8024714960559494,-8.765138242856972,-21.480071635896753,3.9351675414746157,-3.0359389878453222
0.023956624999999995,0.0034223749999999996,7.0,1.9387853477641181,1.233657355512169,0.11087409853982405,-0.002145220111675969,-0.0074182270769184155,0.001764697992272501,0.06830904287698579,-0.814241977371221,0.32798095456460846,0.9762056556993717,5.889723062090686,3.4073823630390447,15.980293553272158,-0.6620194402492187,-2.7438725618427457,-8.666242894637856,-20.036842478976958,3.4982449916564016,-3.1458505002479398
0.023956624999999995,0.0034223749999999996,7.0,1.944417021411289,1.2397380670270248,0.11178774114029479,-0.00149868068217266,-0.005035705632135734,0.001166846920286068,0.06829478956753166,-0.8027561080845232,0.33335722881428675,1.0077795867840615,5.900691310215234,3.0630117557264556,14.380894270242559,-0.3281920067386113,-2.6982971098498933,-8.63771301823163,-18.814312711119765,3.157143792919336,-3.20239420036534
0.023956624999999995,0.0034223749999999996,7.0,1.949300552117082,1.244910543565653,0.11246003791382553,-0.0008643109023780785,-0.0028021425921462358,0.0006317871275891517,0.06828212871691526,-0.7877915970515587,0.33611229062778325,1.0287482610072862,5.881564138256804,2.7677499172926447,13.048438985042258,-0.06660575359019817,-2.6619110890691404,-8.646921173084836,-17.813116402102914,2.899378346482767,-3.219653049187665
0.023956624999999995,0.0034223749999999996,7.0,1.9110629155736671,-1.2438536565796534,0.08199335275820081,-0.0029428651661979445,-0.010007638524585513,-0.0033356203991766805,0.06854335275057015,-0.3123371471057831,-0.0908613152614441,0.4853553342984302,3.069933283885,-5.430759941384607,19.418510776533527,3.630211715045715,-1.1273209444911747,4.753654259293764,-22.336826932193002,-2.131309592036032,-1.9426123393938255
0.023956624999999995,0.0034223749999999996,7.0,1.9070608651781495,-1.2389117798214115,0.08081224889503731,-0.0016850347175595653,-0.005444144250798377,-0.0018065753613392599,0.06853474108565914,-0.2767160554258627,-0.07069814514542608,0.42717412545786476,3.0292160178395373,-5.81328470661178,20.911775493797144,4.1505589918721775,-1.0609643728069729,4.563220985831961,-23.644189842009325,-2.218622370024068,-1.9682516450325673
0.023956624999999995,0.0034223749999999996,7.0,1.90238462787714,-1.2330366754875899,0.07932873103378948,-0.0013981036663565291,-0.004479931884496472,-0.001467572793598793,0.06852349758615095,-0.22777148313418186,-0.04494459600931532,0.35339738808548,2.983058185964509,-6.146111153692269,22.345118111665816,4.657282804680721,-0.985653755806107,4.49144185806102,-24.872380816053006,-2.4191246442303216,-1.9974044301584042
0.023956624999999995,0.0034223749999999996,7.0,1.897056598063984,-1.2262201337689609,0.07751712202356908,-0.0012524309923041012,-0.004046690155770647,-0.001301123908530026,0.06850782804237969,-0.16252302414815975,-0.01277653547181794,0.2624742537457509,2.936947461900863,-6.480309757813871,23.8842224606934,5.196452729496273,-0.9039496234308374,4.538249095544531,-26.19544689784888,-2.6886713578644423,-2.0329978384700222
0.023956624999999995,0.0034223749999999996,7.0,1.891093491411282,-1.2184565949414439,0.07536278610137627,-0.0011427809733238672,-0.0037890140423435647,-0.0011880648262412113,0.06848660340934239,-0.07824189622179657,0.026652238761012338,0.15344843472177125,2.8997232374552966,-6.803731646963544,25.503094802420645,5.742236723908393,-0.8189562234730436,4.767664446250329,-27.596350479002787,-3.0333885506888336,-2.080767013982253
0.023956624999999995,0.0034223749999999996,7.0,1.884500143584093,-1.209744688843579,0.07286997536324559,-0.0010365443011875054,-0.0036037089778901523,-0.0010937328125261363,0.0684589686356428,0.026909684309667194,0.07416506230932651,0.02633151217661059,2.8834198322810387,-7.095075752040033,27.14614520840309,6.249621811092372,-0.7341648703709411,5.262018519191167,-29.028599445487544,-3.467458836400628,-2.149254961910092
0.023956624999999995,0.0034223749999999996,7.0,1.8772638193898146,-1.2000887656315526,0.07006723317461487,-0.0009200662595107306,-0.003447408565097229,-0.0010039814326966443,0.0684245712911323,0.15316576783443137,0.13050568375689806,-0.1175218308587577,2.9020006672732124,-7.329330702020746,28.74344708196501,6.662043884880358,-0.6533665797978325,6.110319784399169,-30.43219726116014,-4.010002282554387,-2.2486340874753816
0.023956624999999995,0.0034223749999999996,7.0,1.8693500107728247,-1.1895000383910546,0.06700964259244062,-0.0007881412349313381,-0.003297127770667532,-0.0009121164195972251,0.06838380079525339,0.2985206850331648,0.1962549810064328,-0.2751245567089063,2.969041676492681,-7.480430758955359,30.21877767808253,6.9209124722586735,-0.5808061605135966,7.393491405478941,-31.74368594350198,-4.684209917746725,-2.3882355159790825
0.023956624999999995,0.0034223749999999996,7.0,1.8607016998379884,-1.1779971801478153,0.06378100923277095,-0.0006414516809902997,-0.003139025030693796,-0.0008152362150231772,0.0683381892947178,0.45826415128983833,0.2716727500754708,-0.44174953716172344,3.094888143979877,-7.523607183469988,31.499004863313708,6.978630815477611,-0.5219351340169793,9.165383873732923,-32.908320942567634,-5.516398433810571,-2.5729530099628977
0.023956624999999995,0.0034223749999999996,7.0,1.8512457068383834,-1.1656061610737058,0.0604789915300947,-0.0004854858454890024,-0.0029650762755972114,-0.0007131611652117733,0.06829009082728504,0.6254520705548402,0.3565116629603811,-0.6109790680979194,3.28287144220195,-7.437838974515997,32.524870065611196,6.8139979479170085,-0.4826148112227808,11.43240109543162,-33.89020634123265,-6.532350441036095,-2.80025663097917
0.023956624999999995,0.0034223749999999996,7.0,1.8409018136219408,-1.1523588544970331,0.05721034200564612,-0.0003307432352318651,-0.0027737212269095535,-0.0006080587481916081,0.06824258944720189,0.7915561411252174,0.4497499929303292,-0.7751761149125341,3.526859514957867,-7.208559845533906,33.2634244205219,6.441556191225353,-0.4684291342766188,14.138498848472716,-34.68008902835866,-7.753568241301134,-3.0584303806812474
0.023956624999999995,0.0034223749999999996,7.0,1.829599555200693,-1.1382896870993722,0.05407249321580382,-0.0001875584181245422,-0.00256801475849499,-0.000503946236127859,0.06819913596352346,0.9480088598275498,0.5494162388684828,-0.9261135774863799,3.8092625863331113,-6.831111695160407,33.71823646905724,5.9123945779830365,-0.4813728720112854,17.1625450311297,-35.29383317378997,-9.190765527747041,-3.3278897143218265
0.023956624999999995,0.0034223749999999996,7.0,1.8172879715935812,-1.1234326381809148,0.051136420783482094,-6.577570269222381e-5,-0.002355728554835823,-0.00040562534328992915,0.06816185179963725,1.087870579901274,0.6527061076738183,-1.0561093866406435,4.101850476303954,-6.314421521351574,33.93285379693875,5.303444386084415,-0.5157867817130397,20.332708718027636,-35.76248967297742,-10.837153087354428,-3.586063694590917
0.023956624999999995,0.0034223749999999996,7.0,1.803943282931347,-1.1078160152455734,0.04844637124265065,3.0261842773608022e-5,-0.0021453758129371665,-0.00031726651706226114,0.06813141742764335,1.206755216776377,0.7562794668342392,-1.1591721660214138,4.369817440148208,-5.683429161989619,33.9854753862719,4.69783019382071,-0.5578363782369794,23.45925335356996,-36.12244970569644,-12.66580291779903,-3.8119810619112267
0.023956624999999995,0.0034223749999999996,7.0,1.7895673553721922,-1.09145933764453,0.046020054766763366,0.00010062876290116478,-0.0019437604663979408,-0.00024145693338548557,0.06810687079132112,1.3032758647940756,0.8568396590971807,-1.2319699763531422,4.57839356749147,-4.978077749453811,33.97227694832699,4.16522831209101,-0.587908211155818,26.374824089288417,-36.40600739932799,-14.630764954534785,-3.990485356335654
0.023956624999999995,0.0034223749999999996,7.0,1.7741802165148983,-1.0743722871751848,0.04385777737924726,0.00014865239843075834,-0.001754616364178731,-0.0001789883291830223,0.06808631002533827,1.3786392598645134,0.9516908341678755,-1.2742244158919196,4.700484575777415,-4.24753701491713,33.98487390919581,3.7485093480267957,-0.5865988058727606,28.96788939243073,-36.63760963959115,-16.673728430027907,-4.113885769904652
0.023956624999999995,0.0034223749999999996,7.0,1.7578104176972589,-1.0565561273927382,0.041954005511723444,0.00017890291800437606,-0.001579079337601737,-0.00012923064983363204,0.06806788929871822,1.4357182463070222,1.039056189900134,-1.2883656788952096,4.7225402623994235,-3.5408930393150286,34.090234934287174,3.460521914481619,-0.5410403184084605,31.19632921332924,-36.834584633797164,-18.734080438799346,-4.1814999439909615
0.023956624999999995,0.0034223749999999996,7.0,1.7404869386082695,-1.0380064979458956,0.04030609079471516,0.00019575518658384715,-0.0014169296167443398,-9.068781414381522e-5,0.06805037979195265,1.4780177829654124,1.118073951992029,-1.278600490375579,4.646422873270411,-2.897739578212948,34.32082917784676,3.2899369837032375,-0.448297733923627,33.07794967184551,-37.00963613050577,-20.75855642514594,-4.198125139346787
0.023956624999999995,0.0034223749999999996,7.0,1.7222336861141847,-1.018717037998,0.0389205743077119,0.0002027519023265493,-0.0012675869965411192,-6.146104207074222e-5,0.0680334200697395,1.5087491050218669,1.1884896635515252,-1.2498590044737468,4.48697999421659,-2.3420285773243665,34.677583965466496,3.2116452824781763,-0.314996267771257,34.66608588438596,-37.17418447947982,-22.708143098976578,-4.17198372644533
0.023956624999999995,0.0034223749999999996,7.0,1.70307140842962,-0.9986800323217547,0.03780073924544037,0.00020252509699466277,-0.0011307194297570282,-3.961941174364089e-5,0.06801725650067547,1.5308114915274469,1.250567885075355,-1.2066900442065083,4.26645230750052,-1.8814157148174089,35.14061296213186,3.196627403823418,-0.1530490964872938,36.02281628918704,-37.33527520119077,-24.55601217476592,-4.113403211013227
0.023956624999999995,0.0034223749999999996,7.0,1.6830168457440058,-0.9778886148845306,0.03694639380224091,0.00019713186657005917,-0.0010058105083334394,-2.342024292059788e-5,0.06800232425222315,1.5465188048366518,1.304801183834523,-1.1529007101105484,4.009187317567142,-1.5098101676695337,35.682351171779636,3.218067010130804,0.023531552626927296,37.200907922222704,-37.49749535102935,-26.28601593428069,-4.032718870194062
0.023956624999999995,0.0034223749999999996,7.0,1.662081312866855,-0.9563379462233714,0.03637469408469192,0.0001879960771535413,-0.0008926243155011818,-1.1361567451273804e-5,0.06798901180530419,1.5567094875100251,1.3510733478754389,-1.0917328734991727,3.737549609946145,-1.2119885122553609,36.279607654726995,3.253253911325486,0.19963675372154652,38.23976845038162,-37.67360707165524,-27.898350740616884,-3.9371863636676934
0.023956624999999995,0.0034223749999999996,7.0,1.6402788138475828,-0.9340210163978062,0.036058566116162274,0.00017637773373486117,-0.0007904478267648894,-2.3381882505198413e-6,0.06797753757825441,1.5631224708609381,1.390138411771268,-1.0253956031399676,3.469659499966067,-0.9695700791509594,36.91093231117248,3.2848565856005996,0.3653826826591387,39.160605194455584,-37.86058589615849,-29.38536934949505,-3.8350421826252097
0.023956624999999995,0.0034223749999999996,7.0,1.617621420348056,-0.9109304205134989,0.03596534585023314,0.00016311112442707614,-0.0006983831790906324,4.415440132912144e-6,0.0679678167691667,1.5670132520538207,1.4226868348013417,-0.9556984175350144,3.218910211497272,-0.7643734580008509,37.55980081355253,3.299914081135409,0.5133829885764113,39.97528610377352,-38.055650334984065,-30.742868664270283,-3.7322932000736855
0.023956624999999995,0.0034223749999999996,7.0,1.5941171330577413,-0.8870595635896347,0.03605588182645052,0.00014889351093699504,-0.0006152516774480918,9.409457176672124e-6,0.0679595488308638,1.5693065230783054,1.4494023286981197,-0.8843256275922736,2.994172986776692,-0.5811261607523549,38.21164642512083,3.2902429365984287,0.6396344275434008,40.69099500031418,-38.25539422957879,-31.968568187742623,-3.633807414320086
0.023956624999999995,0.0034223749999999996,7.0,1.569772810448782,-0.8624007557530156,0.03628247165254598,0.00013423505317427173,-0.0005397707487147711,1.294319987591779e-5,0.06795233325397748,1.5708589721102395,1.4711327789608122,-0.8126643090182476,2.7998748733663823,-0.40932393361907776,38.85188505944211,3.252256710088568,0.74329333855337,41.31406422568024,-38.45379036625768,-33.060248986191446,-3.5431682119197516
0.023956624999999995,0.0034223749999999996,7.0,1.5445915574168803,-0.8369473427520456,0.03660056590172682,0.00011950428308744988,-0.0004707157064684968,1.5210702260292861e-5,0.06794579303645257,1.5721830542770088,1.4886407726965796,-0.7419613188730518,2.6368344298803073,-0.24321609110963063,39.46614575560543,3.1868491370797076,0.8258171877742312,41.85240597414604,-38.645605043710084,-34.01902449572773,-3.462651617654541
0.023956624999999995,0.0034223749999999996,7.0,1.5185736295873509,-0.8106938454727903,0.03697271770660171,0.00010495275586729839,-0.00040700731014485454,1.6357774096111602e-5,0.06793965921151843,1.5734746914157687,1.5025517565442454,-0.6732120906125771,2.5031623731603894,-0.08111522853150208,40.04121079339344,3.098517679343222,0.8900111886431248,42.31617898174037,-38.82688330266689,-34.849783472602205,-3.3931735618035166
0.023956624999999995,0.0034223749999999996,7.0,1.4917171950719559,-0.7836362344835945,0.03737141471516037,9.073857370926671e-5,-0.0003477438993729851,1.6519637844335017e-5,0.06793380170903718,1.5746483053570675,1.5133022866244576,-0.6070771783711479,2.3954076116377476,0.07591292671736417,40.56656240240403,2.9940900528353085,0.9390623838391201,42.717346047451805,-38.99559936100563,-35.561299915404646,-3.334469995476863
0.023956624999999995,0.0034223749999999996,7.0,1.464019229618478,-0.7557719607620998,0.03777949540429304,7.694525035399002e-5,-0.00029219248623645966,1.5834393199217697e-5,0.06792820314778747,1.5754171824697554,1.521135148327235,-0.5438435493844709,2.3095523115153886,0.22530981095503025,41.036095569069616,2.8814640699257783,0.9759484690476584,43.06815875759152,-39.15192137066509,-36.16551860944068,-3.2855007805630456
0.023956624999999995,0.0034223749999999996,7.0,1.4354765306631532,-0.7270995769869367,0.038188386989283965,6.359846070201054e-5,-0.00023975848700003716,1.4437890726820714e-5,0.06792290041593617,1.5754204689897,1.5261606021282463,-0.4834647476689607,2.2414277648556875,0.3636892962378635,41.448988420021124,2.7687606881110014,1.0034508581054062,43.378410813585035,-39.29734092241423,-36.675565534478565,-3.244878622961097
0.023956624999999995,0.0034223749999999996,7.0,1.4060867935334511,-0.6976179478729858,0.03859518487079151,5.067937985474806e-5,-0.00018993892155215513,1.2454626881076501e-5,0.06791781886126534,1.574378117494206,1.5284764326754237,-0.4256825453034313,2.1867282132509653,0.48709591034714333,41.80788210710656,2.6636436291228462,1.0243266748473072,43.652172366517604,-39.431998983865576,-37.102226321712784,-3.2110548880982708
0.023956624999999995,0.0034223749999999996,7.0,1.375850084249882,-0.6673248342577288,0.038998168880182996,3.8141986905091625e-5,-0.0001422799410485752,9.989426294079416e-6,0.0679128739574421,1.5722787560241112,1.528346288186716,-0.37009742884248287,2.141570823519783,0.5918299834460682,42.113879673011404,2.5719856250503175,1.0405634187035975,43.88701509755042,-39.55099926792787,-37.4498947715887,-3.1821342422233805
0.023956624999999995,0.0034223749999999996,7.0,1.3447680290823956,-0.6362174231511957,0.03939662138209066,2.592292440639764e-5,-9.63383287628656e-5,7.137183817581691e-6,0.06790803349804783,1.5693075277817907,1.5261492695401986,-0.3162536346429484,2.1039732417203365,0.6760868172860794,42.36330036743823,2.496651789342243,1.0521117181431097,44.078974514358606,-39.645808274921194,-37.71786615640178,-3.156084959863454
0.023956624999999995,0.0034223749999999996,7.0,1.3128457655313182,-0.6042919424565205,0.03977767659134187,1.394578047535259e-5,-5.167523717245596e-5,3.987399863358932e-6,0.06790347293017539,1.5662333457366682,1.52275250518512,-0.2633222305361909,2.0741309561898675,0.7401678779539368,42.5490137033076,2.4380082522298823,1.0568870889661781,44.22732528608759,-39.70367650631661,-37.89963756106314,-3.131018045156045
0.023956624999999995,0.0034223749999999996,7.0,1.2800775734602567,-0.5715512190470057,0.04017340354561708,2.1267896126895718e-6,-7.860763800880482e-6,6.24984919039572e-7,0.06789922378778646,1.5620072820330404,1.517241422156255,-0.21105636374035375,2.0534785329876932,0.7849349825183345,42.67253658425715,2.3970225074214184,1.052568487435728,44.34225376126797,-39.735396109955026,-38.01038183073335,-3.106047020423416
0.023956624999999995,0.0034223749999999996,7.0,1.2464661098805048,-0.5379950407529628,0.04057981398812484,9.451132499679985e-5,-6.912533993372441e-5,-5.303417973897625e-6,0.0682842550419062,1.5570685972188694,1.510022163805504,-0.15827189259965802,2.0426429029819864,0.8098035340472931,42.725074827257735,2.3757317741305055,1.037225009256645,44.42213912240555,-39.72905591775801,-38.04051404584498,-3.079867912238627
0.023956624999999995,0.0034223749999999996,7.0,1.2120106907854111,-0.5036261133028063,0.041008977301628786,0.00021085790196592337,-0.0001539016849099536,-1.1730772710709642e-5,0.0682831493165349,1.551335935766391,1.5009165595519378,-0.10378392955617727,2.041552367664315,0.8117563650329358,42.70809923064568,2.378999902305954,1.0093806097087594,44.47566279838323,-39.687376689700685,-37.992259615146615,-3.0509329773730807
0.023956624999999995,0.0034223749999999996,7.0,1.1767106126047462,-0.4684481949284343,0.04147755196452598,0.0003291181630967828,-0.000239696098125146,-1.8319349622943242e-5,0.06828163038077593,1.5448215612321265,1.489708921375193,-0.04603050948613376,2.049027082878209,0.7850642118917146,42.61253660493774,2.415098586363122,0.9679032744008487,44.50639226435274,-39.60546301975082,-37.85651647784713,-3.0169303572790587
0.023956624999999995,0.0034223749999999996,7.0,1.1405659916537918,-0.43246603507036896,0.04201013830497169,0.00045020183355762885,-0.0003270719974232855,-2.5370485141153314e-5,0.06828001162739752,1.5377424605676564,1.4761669344288453,0.01730692330015538,2.061821578244454,0.7206238629593018,42.42015146364933,2.497581846382952,0.9116099142848592,44.52137227196058,-39.47608500347587,-37.615381334998204,-2.9734314925293086
0.023956624999999995,0.0034223749999999996,7.0,1.1035789763334307,-0.3956856675784421,0.042645348324065926,0.0005749988515113144,-0.00041645587223761724,-3.3345995067459346e-5,0.06827884895622321,1.5306612780022057,1.459947206592202,0.09004124113037269,2.073446057814054,0.6068603604998557,42.102690109283245,2.6470286027812673,0.8371241504110143,44.540813618124126,-39.295212478523574,-37.24158320425928,-2.910570208225068
0.023956624999999995,0.0034223749999999996,7.0,1.0657523066612067,-0.3581186527012677,0.0434531291639633,0.0007042768904548068,-0.0005080009844141121,-4.300962298688278e-5,0.06827950639663306,1.5243068026677842,1.4398972039446312,0.17839657046131294,2.07351260668433,0.43439183343170784,41.62409445672179,2.892901390962135,0.7346242669653925,44.61044375998157,-39.07582047425729,-36.699258982142915,-2.8081368736497274
0.023956624999999995,0.0034223749999999996,7.0,1.0270962163042063,-0.31979028775645874,0.044529565360866136,0.000838355325210721,-0.0006014453177244453,-5.5673810517052204e-5,0.0682848586190038,1.5204239910987989,1.4138035458644465,0.29238520340221036,2.0464648821828706,0.2052902852877183,40.95423156761505,3.27473463988275,0.5818067502088273,44.80501305645535,-38.86211785979969,-35.93215239699864,-2.6282716323917
0.023956624999999995,0.0034223749999999996,7.0,0.9876249947056821,-0.28075046909967527,0.046039510039908284,0.000976124569429946,-0.0006962076875569354,-7.349905794515739e-5,0.06830014089820129,1.5205308625763936,1.375631687325576,0.4453704481044988,1.9779232289141364,-0.048092348373044956,40.11067360589825,3.8318070054757567,0.3313056171516114,45.210986430881476,-38.77507877170576,-34.86104078566246,-2.3092288460657473
0.023956624999999995,0.0034223749999999996,7.0,0.94736985544017,-0.24109441605491813,0.04817296495072289,0.0011128575716308183,-0.0007920996548898332,-9.927383711501257e-5,0.06833084319689121,1.525659731317929,1.3140744716682804,0.6500913346746979,1.9012874355974714,-0.2235500502501862,39.24167169202208,4.551983178368169,-0.1182893249428659,45.85423667238374,-39.058794314161254,-33.343702249134616,-1.7829981106546087
0.023956624999999995,0.0034223749999999996,7.0,0.9063684945254832,-0.20099191979785436,0.05101148914766475,0.001234703372693542,-0.0008922398465038824,-0.00013478940120980145,0.06837184094872391,1.532029103634552,1.2114128953438428,0.9019208975369902,2.016482347154631,-0.12446490473264875,38.852912733273875,5.2687723621301945,-0.9375430968875573,46.49855303574159,-40.16159868348601,-31.120923203405724,-1.0789392502670756
0.023956624999999995,0.0034223749999999996,7.0,0.8646798076068826,-0.160655860521454,0.05401652739149484,0.0013058256703388105,-0.0010078653436693754,-0.0001765204820540924,0.06839271926539298,1.5328372834065263,1.0546788283776831,1.135524347018457,2.786431348514299,0.4370775116716376,40.1695569474287,5.610842259088435,-2.293696085418886,46.01702520186737,-42.56935240014562,-27.620263524575815,-0.4927352630954118
0.023956624999999995,0.0034223749999999996,7.0,0.8226793454481388,-0.12014916485987664,0.05479599928251166,0.0012496041944387128,-0.0011451005248042253,-0.00020889395858858547,0.06837563918769385,1.5738492587005997,0.8661763443733913,1.154309367517649,4.596099929346672,1.3729788904503724,44.70537855118041,5.476090686007418,-4.219103048785458,41.194277390619476,-45.688657360007554,-21.77772054386869,-0.37699688056120284
0.023956624999999995,0.0034223749999999996,7.0,0.7815706188132793,-0.07940752773436946,0.04811706894371722,0.000989006676167395,-0.0012304769203637356,-0.00020015928627181094,0.06838494454603183,1.8662564314374386,0.6823656131047641,0.6385537877638301,7.561830479861004,2.182477538093899,49.92476014682898,5.778980012228741,-6.675513069141772,27.842828760680064,-45.80314609355376,-13.209087569771068,-0.8863174107192335
0.023956624999999995,0.0034223749999999996,7.0,0.7402836265459076,-0.038926844178918014,0.031226184931207455,0.0006137520854806708,-0.0010927026820790108,-0.00011809625456062403,0.06826696435762958,2.393310477764396,0.4254270734701264,-0.5599430047598155,13.165044067554915,1.7491162492679067,43.71451068986592,5.356790837032121,-8.485739258466518,9.920671666384639,-36.84696697356648,-4.953455719718545,-4.6793048090883955
0.023956624999999995,0.0034223749999999996,7.0,0.6914209896094196,0.0019880822288247464,0.015547532768038594,3.597710313798369e-16,-5.52339386831607e-16,6.079444900331561e-17,0.06799362129083478,2.2169021281787917,0.10791946011286879,-1.8144611481819442,17.97941838301696,-0.16602284572754158,18.95178210547812,0.810736759554895,-6.715987865880181,1.4558982431401772,-23.490170326523625,-1.013720534583216,-11.263430517136793
0.023956624999999995,0.0034223749999999996,7.0,0.741312327624786,0.04126423236403339,0.03462511150515477,-0.0004429419612799932,-0.0010283031707941609,2.097906403061084e-5,0.06851367898274896,2.415356089002714,-0.3431672764217514,-0.44085665597188234,13.434813135956592,-4.5618362244011905,43.87423946898535,-2.2842605679313506,-8.879643579402707,-8.260589731346087,-36.82456095256888,0.9071722436588395,-4.555169556553867
0.023956624999999995,0.0034223749999999996,7.0,0.7834091069452085,0.07898725481094501,0.05428495642386847,-0.0008780617963695043,-0.0012340623687905746,0.00013762894158255709,0.06854367270144697,1.918169036949068,-0.7616816338602211,0.875331807038436,7.504965046087875,-4.539183450072996,50.00115944149037,-3.1026077407330224,-6.2953196843972545,-27.775098222759887,-46.31227376302062,9.408402259484415,-1.2096453616906213
0.023956624999999995,0.0034223749999999996,7.0,0.824905831460113,0.11848376040257123,0.0607206787359796,-0.0012118120239980978,-0.0011511732065425594,0.00021780271003762008,0.06851623554687235,1.68672461184572,-0.9961688632373427,1.4294381456402656,3.7868501128341743,-1.7574769259872927,44.498258015245575,-5.053896538401292,-3.360679876148161,-42.02688360492372,-46.21037352622799,19.503561026215664,-0.42617023668601256
0.023956624999999995,0.0034223749999999996,7.0,0.8666607589718984,0.15882263923122536,0.05800088394974879,-0.0012953267046695316,-0.0009988826476038616,0.00021435306314069498,0.0685308103533724,1.6715550700414017,-1.1819815997394438,1.3597620312218077,1.6614216479223551,0.4067656412138541,39.95067695634526,-6.66999505199324,-1.574103117088655,-46.95360581929217,-42.69431162841014,26.322268582880547,-0.08731853083369982
0.023956624999999995,0.0034223749999999996,7.0,0.9078199765199937,0.19938106403905964,0.053197614201875916,-0.0012311981315455572,-0.0008826985888619357,0.0001694409092143677,0.06845721587666383,1.649620097242834,-1.3203467313421782,1.0557905761755424,1.1715994026280043,1.2893549552246644,38.9090130785762,-6.59386867940242,-0.5189365274320623,-47.263115727430616,-40.17304375978322,30.391829719790067,-0.6526628751959436
0.023956624999999995,0.0034223749999999996,7.0,0.948388790674938,0.23978643029915578,0.0492379761876181,-0.001110956158921157,-0.0007868970505731038,0.00012318756616405333,0.06836063954518382,1.6108917063228316,-1.4005388159343228,0.7529501032782883,1.4653093228180258,1.2572314344099422,39.59669517120486,-5.607608821620818,0.036594562530288526,-46.53771965828745,-39.249529997396515,33.06108356120148,-1.5019038853483155
0.023956624999999995,0.0034223749999999996,7.0,0.9883921619508784,0.27969038020054504,0.04651615177815792,-0.0009745953502558108,-0.0006941275593397398,8.860272065370539e-5,0.06829825642553154,1.5816935490863269,-1.4432430799720728,0.5187030687227441,1.8309932492049272,0.8237022454046246,40.67103974142434,-4.536718204105144,0.30502947264238506,-45.915105041998025,-39.181627614774285,34.913233952520976,-2.136022721847312
0.023956624999999995,0.0034223749999999996,7.0,1.0277438031398547,0.31889242423774483,0.04471381173349992,-0.0008370212856426416,-0.0006008369400778116,6.512177604213991e-5,0.06827091005663656,1.5686190888994975,-1.4694698736397196,0.3498513704227944,2.051626194579619,0.33469182823430693,41.61778195823787,-3.7038911834350885,0.45500403306681125,-45.556276832040616,-39.407606912169236,36.18853417271091,-2.5066302276464305
0.023956624999999995,0.0034223749999999996,7.0,1.0663529779769685,0.3573153162569408,0.04348684914226686,-0.0007031349270993309,-0.0005079652907975913,4.9053652527480494e-5,0.06826330769316002,1.5674649240769554,-1.4897036267355355,0.2269146944016004,2.139388870226742,-0.06199437915197141,42.32628258670322,-3.1441498049415166,0.5687588608972111,-45.393731619432444,-39.6855187685517,37.05895515292602,-2.708147731123953
0.023956624999999995,0.0034223749999999996,7.0,1.1041635991224463,0.39493675787881344,0.04260202346419472,-0.0005740227123086879,-0.00041664074644973863,3.732805390838612e-5,0.06826399476794874,1.5726797971207878,-1.5073034728151495,0.13272306939069262,2.152742472006193,-0.33925175867428875,42.82409502393129,-2.796469065663969,0.6689230299569698,-45.340101045745094,-39.93520038535847,37.65600236665109,-2.8216655019631625
0.023956624999999995,0.0034223749999999996,7.0,1.1411489588012849,0.4317499608172357,0.041916773899837785,-0.00044940985429672907,-0.00032731531810144395,2.8024182844047304e-5,0.06826728649406665,1.580578543360642,-1.5230115066816112,0.05596663131966312,2.136560061711781,-0.5166750227107675,43.162350561101434,-2.5913160125793273,0.755751904147098,-45.331830052816066,-40.13488945439088,38.06470381368739,-2.8923119658588785
0.023956624999999995,0.0034223749999999996,7.0,1.177294800141245,0.46775475471826,0.04135674065146384,-0.00032853367046182673,-0.00023991695960575262,2.0037296142848974e-5,0.06827085079912464,1.5888533035158887,-1.5365785879067224,-0.010410134583698475,2.1157309439285097,-0.6217040790596791,43.38300418493364,-2.477573083663775,0.8268110783732315,-45.33207385800155,-40.28633764419028,38.339395600728196,-2.942542022301741
0.023956624999999995,0.0034223749999999996,7.0,1.2125979161073772,0.5029481895116509,0.04087367587623723,-0.00021048742312978144,-0.00015406059288125654,1.2733043579982567e-5,0.06827389236393352,1.596626979610788,-1.5480415035514588,-0.07031089822976058,2.101101297024905,-0.6757942805349834,43.51412836282466,-2.4225168263672376,0.8809373512942833,-45.32169841080914,-40.394372474680566,38.51019119727129,-2.982038648319187
0.023956624999999995,0.0034223749999999996,7.0,1.247057460942763,0.5373277727736824,0.04043928269839032,-9.434830350328617e-5,-6.920239168157675e-5,5.721448923009678e-6,0.06827613262177366,1.603539308882076,-1.5574688318460697,-0.12611852346795863,2.09642678738945,-0.6929581602816307,43.57463207653832,-2.4070989903176456,0.9188603576618283,-45.29367426106531,-40.46692123705416,38.59677352006752,-3.015287145051279
0.023956624999999995,0.0034223749999999996,7.0,1.2806735029961926,0.5708914372783994,0.040035406660709205,-2.1359815254657675e-6,-7.877700763945145e-6,-6.70317203200623e-7,0.06790090856869242,1.609480854878807,-1.5649593903900139,-0.17941581428947762,2.102191930128845,-0.6813667231328804,43.574986394493365,-2.4208473290573322,0.9425064243449789,-45.24525052240411,-40.51030397625421,38.610424645620824,-3.0446983544738204
0.023956624999999995,0.0034223749999999996,7.0,1.3134458375148377,0.6036380105070016,0.03964949589919502,-1.3999733733284003e-5,-5.1771292638235194e-5,-4.30661008572295e-6,0.06790524081371244,1.6144211047598933,-1.5705766635076555,-0.23142760441526453,2.117637831608496,-0.64545824207357,43.51478832451025,-2.4581931301854345,0.9544371931362462,-45.169946198516115,-40.523837091366126,38.55178055921578,-3.0720750247447417
0.023956624999999995,0.0034223749999999996,7.0,1.345371892982034,0.6355690512888509,0.03928202366630469,-2.601409497492685e-5,-9.648989831882993e-5,-7.778858229234071e-6,0.06790986410676836,1.6179338985988732,-1.5739357900069446,-0.2834182615879224,2.1420833438117093,-0.5873689937033898,43.401027944211336,-2.5164362861515004,0.9572002779411547,-45.07223703520776,-40.51959423650195,38.431491982183644,-3.0992836217528654
0.023956624999999995,0.0034223749999999996,7.0,1.3764554437035352,0.6666815774386244,0.03890450288849048,-3.8271409821479514e-5,-0.00014245296276286184,-1.1014843963224237e-5,0.0679148545968595,1.6208893794940387,-1.5757937402278344,-0.33595181417712583,2.1751651151875393,-0.5084339743806612,43.22616674992217,-2.592778114147116,0.952448412494295,-44.94386208220869,-40.48638443828202,38.234841108301886,-3.1276135276818327
0.023956624999999995,0.0034223749999999996,7.0,1.4066938094251547,0.696978350469397,0.03852205548797232,-5.085413859174829e-5,-0.00019008355073754462,-1.3930194220446492e-5,0.06792004487681386,1.622878613939879,-1.5756311774000087,-0.3901366979498638,2.2178028483269028,-0.410135756442636,42.98690655804864,-2.684680029219309,0.9413247471293207,-44.78089514202578,-40.42790729815625,37.95973233065446,-3.1591275954562272
0.023956624999999995,0.0034223749999999996,7.0,1.4360872198946273,0.726460651584866,0.03813077814581309,-6.382948340213619e-5,-0.0002398149986004955,-1.6422301446845092e-5,0.06792539083866014,1.624013059690447,-1.5733322953181903,-0.44674252045025603,2.271636358652621,-0.2941855523044451,42.68030540634351,-2.788538021929535,0.9241410146879887,-44.57832587823635,-40.34424681819143,37.598284545465916,-3.19577737334061
0.023956624999999995,0.0034223749999999996,7.0,1.464636623129817,0.7551300993656402,0.03772970574053112,-7.724356551356102e-5,-0.00029210602829795137,-1.8374502022176865e-5,0.06793083557488666,1.6244732793668661,-1.5687538601518238,-0.5063559008230086,2.3392070102456857,-0.1629387694058719,42.3058812050013,-2.8994164223101815,0.9003676164564072,-44.33067883323669,-40.23661681264122,37.141755636342346,-3.2395746267020935
0.023956624999999995,0.0034223749999999996,7.0,1.492343840246222,0.7829886193967169,0.037322163847121455,-9.11135722942389e-5,-0.0003474676992254968,-1.9658943372700202e-5,0.06793639201895972,1.624502585641932,-1.5617180788026672,-0.5692892469709212,2.423990781681954,-0.019545336462547237,41.86598111456849,-3.010793946834063,0.8684329033506053,-44.03111200881441,-40.10680766447358,36.5804456123082,-3.292423685032559
0.023956624999999995,0.0034223749999999996,7.0,1.5192112068376358,0.8100387678654503,0.036918055025712035,-0.00010541479251781826,-0.000406494346277474,-2.0148096367407693e-5,0.06794204752328663,1.6243517831458096,-1.5519740754861509,-0.6355186235636994,2.5302413891703024,0.13229487366036669,41.366150793245964,-3.1148412023985093,0.8256997106793204,-43.67113675357254,-39.957109455510825,35.90439790997656,-3.3559410998496233
0.023956624999999995,0.0034223749999999996,7.0,1.5452409463036734,0.8362840223015697,0.03653600593660545,-0.00012006836406633462,-0.00046990383430010034,-1.9720546331564133e-5,0.06794787722839284,1.624197969604951,-1.5391548833717443,-0.7046466642580679,2.6624597214515853,0.2891292360707867,40.815155634225476,-3.2032892100818264,0.7687257015076678,-43.24112269239634,-39.790447830342735,35.104580132689485,-3.431185422959252
0.023956624999999995,0.0034223749999999996,7.0,1.5704343963457665,0.8617289570918053,0.03620449361872241,-0.00013492662046138946,-0.0005385681387922227,-1.82621732354964e-5,0.0679540494751739,1.6240536800694763,-1.522747302043659,-0.7759090567896199,2.8244904532116917,0.4490314029107761,40.22445479520259,-3.2687810667937236,0.6938390831126208,-42.731418266425415,-39.61055458292583,34.17414102754525,-3.518329536324313
0.023956624999999995,0.0034223749999999996,7.0,1.594791064936056,0.8863793011361989,0.03596129223062654,-0.0001497562324874196,-0.0006135213910470822,-1.5651048202742453e-5,0.06796083653850873,1.6236838482625895,-1.5020870359334855,-0.8482367596771878,3.0184163017624983,0.6130820996555217,39.60731977093674,-3.3064203182809107,0.5979783300013118,-42.133506309161206,-39.422080776332,33.109342628689646,-3.6163946317638103
0.023956624999999995,0.0034223749999999996,7.0,1.6183077844230818,0.9102417889544733,0.03585068920939692,-0.00016421647612042972,-0.0006959271281684454,-1.1719494797057985e-5,0.06796858895941037,1.6225604684076231,-1.4763931810513868,-0.9203425783633589,3.2434879155547884,0.7866570194694297,38.9779448771223,-3.3150980983337153,0.47964692213803006,-41.4404819840235,-39.230433870965925,31.90976027759385,-3.7231348376928204
0.023956624999999995,0.0034223749999999996,7.0,1.6409780324120031,0.9333239363596906,0.03591895205554237,-0.0001778331932137582,-0.0007869917993190772,-6.19469587768916e-6,0.06797768082937317,1.6198565336479382,-1.4448278952749114,-0.9908014940522546,3.4952976578852666,0.9800700801910084,38.35088768443584,-3.29829722021968,0.3398018724892695,-40.646372934475615,-39.04131179371452,30.57777287841633,-3.835099530374536
0.023956624999999995,0.0034223749999999996,7.0,1.6627931432201042,0.9556328800028894,0.036206561419404426,-0.00018996411991880358,-0.0008878237370480373,1.3915127027238403e-6,0.06798833409488089,1.6145719393432112,-1.4066315723137253,-1.0579743961568602,3.7650829954727536,1.2084075744188987,37.74118809922872,-3.264197031383379,0.18251396426886435,-39.743995184398116,-38.85892733016113,29.11675765322841,-3.947596959741618
0.023956624999999995,0.0034223749999999996,7.0,1.6837414096534398,0.9771759708727578,0.03674490471077533,-0.00019983424202062985,-0.000999252803488413,1.176314373008668e-5,0.06800061974962554,1.6054899176510404,-1.3611139521021085,-1.1200228613651164,4.03950199313982,1.4898679502701164,37.16571248387347,-3.225705582896799,0.015318505852338134,-38.72119258250436,-38.68577940070125,27.530993002449573,-4.054820498992155
0.023956624999999995,0.0034223749999999996,7.0,1.7038089268569685,0.9979604657981068,0.037559258258739014,-0.00020627889702065554,-0.0011219322085713184,2.5971370105567415e-5,0.06801430314682419,1.590933548408877,-1.3075200944734868,-1.1747316310590803,4.300508978595134,1.8429376186938664,36.64583730246928,-3.2001653394002423,-0.15161976792577675,-37.556697803272904,-38.52443747267,25.828089581377775,-4.1488892106693545
0.023956624999999995,0.0034223749999999996,7.0,1.7229833614660934,1.0179921770602758,0.03863727062626839,-0.00020799525394522524,-0.0012560758059768239,4.5438633557772117e-5,0.06802898916193445,1.5699156648522712,-1.2458384895677772,-1.2189581528022602,4.525794163321331,2.282911158961639,36.20449531161427,-3.210121289317814,-0.3035479595246109,-36.21198105997199,-38.3637771591475,24.009439655323657,-4.222246203796718
0.023956624999999995,0.0034223749999999996,7.0,1.7412471280305302,1.0372787679558555,0.03998059589177554,-0.00020313745526803512,-0.001402100606293644,7.180723681515228e-5,0.06804426392409874,1.5400822032334016,-1.1755258220027007,-1.2490147373517706,4.691073616186554,2.8160876686178513,35.86819668941582,-3.282283325893736,-0.42664746650980206,-34.63548304478223,-38.19982897606936,22.091564337758278,-4.264426149676751
0.023956624999999995,0.0034223749999999996,7.0,1.7585788560663929,1.0558286443359697,0.04158551419959822,-0.0001893396935761724,-0.0015603328430908317,0.00010688707683363549,0.06805988313527846,1.4985670898198424,-1.096310098112992,-1.260504642129913,4.774008042846984,3.4353198651198245,35.655250354161105,-3.4456374996719146,-0.5090771215903204,-32.766448685639276,-38.025446076661034,20.10059134569932,-4.264930921256662
0.023956624999999995,0.0034223749999999996,7.0,1.7749543114528739,1.0736486961294516,0.04344529601397205,-0.00016344482670306885,-0.0017313606170595898,0.00015245122490369257,0.06807617299052077,1.4421765718772483,-1.0084209498105332,-1.2486767217490677,4.759327950881494,4.117580491916252,35.56321361637451,-3.7254530859672363,-0.5442821704245365,-30.55270891732492,-37.829318839212654,18.07439942458527,-4.2150457804569585
0.023956624999999995,0.0034223749999999996,7.0,1.7903430605418942,1.0907442209534037,0.045564364413901076,-0.00012156167663698156,-0.0019154922424734556,0.00020987217903019518,0.06809439401354225,1.3673077397643583,-0.9126378798876811,-1.2095837213866398,4.644555674241254,4.824447712931157,35.55853823221978,-4.1337449643019175,-0.5353187709054392,-27.976637880090063,-37.599925594945624,16.06523837679388,-4.109236903335818
0.023956624999999995,0.0034223749999999996,7.0,1.804715471124758,1.1071145821845423,0.04794863935522505,-5.9617851294346765e-5,-0.002111856522083623,0.00027974365829890383,0.06811646028369127,1.2710074466582915,-0.8106676093416982,-1.1409885471478183,4.442269356615078,5.508364617348559,35.573658962658605,-4.658957983240002,-0.4949163821063028,-25.078704031618933,-37.32063008088565,14.131823814637821,-3.947352974508776
0.023956624999999995,0.0034223749999999996,7.0,1.818050472451221,1.1227505278786094,0.05059808558896608,2.5394215327915147e-5,-0.002317215059908144,0.00036139827261084045,0.06814443984781217,1.15196081735217,-0.7051387267469607,-1.0432574369726084,4.178434614631761,6.121722561345032,35.516933111653714,-5.259934137382948,-0.4423358135515106,-21.96673433221055,-36.9673903810843,12.330201508486873,-3.7360988010802485
0.023956624999999995,0.0034223749999999996,7.0,1.8303453615258611,1.137632645350199,0.053495423468615806,0.00013365503482393924,-0.002525426750306872,0.0004525811487934162,0.06817957425847723,1.011432109826484,-0.599311215478351,-0.9196497487380552,3.8867772107408283,6.625851381843146,35.29256494684834,-5.868610572336128,-0.3973046820624736,-18.802878457638126,-36.50773006639595,10.703939982362739,-3.4894725286783537
0.023956624999999995,0.0034223749999999996,7.0,1.8416235052145837,1.151732276339453,0.056597240295555004,0.00026148906226771594,-0.0027285781742896753,0.0005496249430141047,0.06822152285235591,0.8536979987584399,-0.4965500256514999,-0.7759042287941569,3.601388776383126,6.996545565062453,34.82292724560524,-6.402744179742192,-0.3741984448336164,-15.771471618294797,-35.904256931162195,9.277780216178526,-3.2271903315495094
0.023956624999999995,0.0034223749999999996,7.0,1.8519354449706737,1.1650146597107196,0.05983677287730741,0.0004001163724769106,-0.0029190944437785474,0.0006481669696844898,0.06826844810241156,0.6855287832859035,-0.3997411908001545,-0.6193316054126385,3.350465116881681,7.224932410130305,34.06530174249284,-6.784890760379736,-0.3799041655117169,-13.040395292438008,-35.124824181089856,8.057317474872232,-2.9705609513699653
0.023956624999999995,0.0034223749999999996,7.0,1.8613536408283264,1.177443811142261,0.06311318178745871,0.0005402735099181552,-0.003093622096192428,0.00074453599092725,0.06831702865468602,0.5156947241266551,-0.3110691130129442,-0.4576265780581443,3.1516644980242767,7.315271934457286,33.016431967851595,-6.962978021012439,-0.4127057157349268,-10.729167483084916,-34.14980391694069,7.030169859485617,-2.7389587822893513
0.023956624999999995,0.0034223749999999996,7.0,1.869960050078659,1.1889862320986833,0.06632174767207727,0.0006723097533672955,-0.003253097868442899,0.0008365864142328932,0.06836407171507772,0.3528039699209967,-0.2317581952614107,-0.29796518155842056,3.0119714825149355,7.2811703789223845,31.709977144366675,-6.9205045451873,-0.46768424297310973,-8.895401828146081,-32.98634367637808,6.175224622867601,-2.5442872395418266
0.023956624999999995,0.0034223749999999996,7.0,1.877829390723132,1.199614278801229,0.0693673009299069,0.0007908567850593716,-0.00340473947243891,0.0009242692943595408,0.06840698689313612,0.20391427584529437,-0.1622507647028806,-0.14643006901819233,2.9293490690264665,7.142434950714141,30.206045802762134,-6.676563293181721,-0.5391820240354153,-7.5366486065178835,-31.669030080484355,5.468216329832266,-2.390167044991052
0.023956624999999995,0.0034223749999999996,7.0,1.8850209920497885,1.209307729344503,0.07216564784864996,0.000894858796289586,-0.0035617079323012747,0.0010100794044614106,0.06844391380787274,0.07396519750883018,-0.10245741342773675,-0.007533381549679661,2.894687261811772,6.922598351346956,28.57849727207397,-6.27737195626397,-0.6212263929681658,-6.604381909746719,-30.251897302900353,4.884880069904183,-2.273460868843606
0.023956624999999995,0.0034223749999999996,7.0,1.891571374281863,1.2180542307784148,0.07466098226161133,0.0009885617959036475,-0.003746427646957967,0.0011000780653448528,0.06847414471272441,-0.03483289194294748,-0.05190084165212312,0.11579031983599636,2.8955481785613424,6.6465817988250215,26.904354568346104,-5.780799651223366,-0.7088427899233398,-6.023243407926221,-28.79907774111425,4.4046786977191905,-2.1867053886380026
0.023956624999999995,0.0034223749999999996,7.0,1.8974948224821964,1.225848693912186,0.07682338126233335,0.0010836957952804955,-0.004001649634108212,0.0012073314917654138,0.06849778895329944,-0.12254216452505111,-0.00988277852668559,0.22210902982239403,2.9188085491170908,6.338475214580902,25.25439088321642,-5.243350211267801,-0.7974737797990544,-5.709082999135791,-27.37224648962531,4.01123886258251,-2.1213347693180347
0.023956624999999995,0.0034223749999999996,7.0,1.9027877883884345,1.2326921427244184,0.07864625322563479,0.0012083868908783876,-0.004429306429883933,0.0013640951068485205,0.06851553944809619,-0.19086165078572315,0.024421399531307904,0.3112565569991593,2.952874207843368,6.018971255836577,23.685083557332124,-4.7105655817846666,-0.8829642203697219,-5.583150656924609,-26.020165139897912,3.6927643731980315,-2.0699099874736455
0.023956624999999995,0.0034223749999999996,7.0,1.907433612577985,1.2385900133832466,0.08014368346933971,0.0014528590803144182,-0.005380126099411337,0.0016813735287661902,0.06852846704452491,-0.2424836478138999,0.05189255274776571,0.383973587554613,2.9891721770092476,5.70023713704173,22.22376103504339,-4.209086839392118,-0.9618496480722063,-5.583013797789179,-24.762643336080377,3.4445764695243155,-2.0273225289370407
0.023956624999999995,0.0034223749999999996,7.0,1.911410343298668,1.2435506298474064,0.08133912663816159,0.0025219702743321296,-0.009877226930264398,0.003107156863695911,0.06853821703603373,-0.2803411147619392,0.07340115782094198,0.441615712335157,3.02210927397395,5.335412198270017,20.708538703530138,-3.697965940173737,-1.0312933183586932,-5.702096630863718,-23.430703705195196,3.3044792439872634,-1.990815955615255
0.023956624999999995,0.0034223749999999996,7.0,1.9090557661803673,-1.2413853418115628,0.08141161859977565,-0.00010950852451803314,-0.0001755619165158544,-5.130462206755947e-5,0.06837200674372884,-0.2951917683118777,-0.08096643850773479,0.456769128020611,3.0495379819371555,-5.789724191937577,20.66493414462261,4.056704048237399,-1.0938697727968378,4.506997345352487,-23.488913180783417,-2.028398854799771,-1.9556682091403126
0.023956624999999995,0.0034223749999999996,7.0,1.9047148303351045,-1.2359774813699353,0.0800813242036948,-0.0003666853322732393,-0.0005901609773248116,-0.00016769357585501505,0.06836485958812102,-0.25314765204069817,-0.05807142046062743,0.3909108022268256,3.005652025420458,-6.07960181328233,21.922127267155766,4.502828024949682,-1.022822251485477,4.43932139918268,-24.549888535151403,-2.239272147215598,-1.9828297739349892
0.023956624999999995,0.0034223749999999996,7.0,1.8997114098962702,-1.2296320605020803,0.07843470567689706,-0.0005472231120819427,-0.0008877202845897332,-0.0002432341180852292,0.06835415297970035,-0.19627135357818862,-0.029175375821278975,0.3086312924342383,2.9587409377965623,-6.3931818196573635,23.34693083941179,5.007042412196073,-0.9440404518167377,4.447102207774849,-25.76335211866554,-2.49942050367114,-2.014700485979822
0.023956624999999995,0.0034223749999999996,7.0,1.8940655198236438,-1.2223420196800012,0.076451129690355,-0.0007383288369204272,-0.0012153980958171042,-0.0003178932425631448,0.06833872899827574,-0.12165755500150828,0.006561155699485371,0.20863647395991275,2.91598036499654,-6.709895460852137,24.886997754924643,5.539603922660047,-0.8603927306536018,4.598964669415842,-27.085686296851243,-2.8262904306255567,-2.055587634342942
0.023956624999999995,0.0034223749999999996,7.0,1.887788664248485,-1.2141037562911856,0.07412452012713676,-0.0009304991428904674,-0.0015672711699587158,-0.0003864872488496839,0.06831716916626952,-0.02694345675283721,0.04997772247891825,0.0904185231342032,2.8878863587999146,-7.008184958927594,26.48661543786734,6.060216510705217,-0.7751834225450728,4.9726606041920896,-28.47019908887393,-3.2338808762768183,-2.112702936254841
0.023956624999999995,0.0034223749999999996,7.0,1.8808773912348438,-1.204918630033035,0.07147092070922614,-0.0011097195666325804,-0.0019307981838325647,-0.0004419397920761306,0.06828824034515037,0.08898016393704106,0.10186483560634137,-0.04537210846918221,2.8876751563476786,-7.26357574286253,28.078528915293088,6.516211531201485,-0.6920449967926232,5.6557524821799605,-29.85896979186524,-3.7394374154774472,-2.1956301595550585
0.023956624999999995,0.0034223749999999996,7.0,1.8733082079225813,-1.1947943512611168,0.06853267253607712,-0.0012592209237758415,-0.0022862135744427213,-0.00047580960638731514,0.0682513246035872,0.22526238537476165,0.16289493873441732,-0.19658500636020076,2.929457007682577,-7.450177884290828,29.587981748702287,6.848513532108711,-0.614994514126756,6.734635229178483,-31.188325411224607,-4.363765460330654,-2.3144624935558262
0.023956624999999995,0.0034223749999999996,7.0,1.8650351473624778,-1.1837458643991026,0.06537836246189305,-0.0013631304308195026,-0.0026075384125613388,-0.00047944224691174827,0.06820683630798696,0.3785898175732511,0.2335137103126239,-0.35934910803983433,3.0254694975815797,-7.542599515084255,30.93959367271591,7.002808015173464,-0.5487014681573091,8.27798556140328,-32.39812565750489,-5.130795420793143,-2.4767680294242727
0.023956624999999995,0.0034223749999999996,7.0,1.8559916695767702,-1.1717955869203223,0.06210225866374966,-0.001411332610808786,-0.0028658076741910465,-0.00044583426171659175,0.06815658216049468,0.5429801382379823,0.3137448415240901,-0.5280749772485283,3.183024182459214,-7.518039786808566,32.067194348088535,6.943419694779614,-0.4991322749537648,10.317049916277979,-33.44364502261991,-6.0663927052935245,-2.6838919075054517
0.023956624999999995,0.0034223749999999996,7.0,1.8460999079149476,-1.1589728119450533,0.058805368084084424,-0.0014037520564280923,-0.003035293976607369,-0.0003721294406340435,0.06810351660713654,0.7106435519809172,0.40299216863511333,-0.6956454394098668,3.400804586539802,-7.3586828415685686,32.92467727501879,6.667090660518626,-0.47196174375501676,12.827167496726801,-34.30296371481947,-7.19386846290857,-2.9288428427847863
0.023956624999999995,0.0034223749999999996,7.0,1.8352828060420618,-1.1453109112742994,0.05559470902844716,-0.0013532965278527256,-0.00310394090433033,-0.0002619312346561814,0.06805136163776115,0.8727376557383173,0.49974379263262986,-0.8540315410009395,3.6671060249131213,-7.054483583403208,33.49774486571827,6.207218533064744,-0.4717875257793788,15.71902290305438,-34.98183289505963,-8.530624861654237,-3.1953184991337413
0.023956624999999995,0.0034223749999999996,7.0,1.823478484089392,-1.1308447637723409,0.0525534596836793,-0.0012804258305914448,-0.003075378231413785,-0.00012521548421745343,0.0680036929271145,1.0214214217337314,0.6015968711177982,-0.995145824631735,3.958605304934065,-6.606886838827666,33.810287556428534,5.6297690571154,-0.4968397449883444,18.843400529222027,-35.50490016325232,-10.079510104200859,-3.461765559945719
0.023956624999999995,0.0034223749999999996,7.0,1.8106495534534504,-1.1156059176513522,0.04973972628345087,-0.0012048580785446058,-0.0029674568232183982,2.4051130669122716e-5,0.06796310297488714,1.1509422411069097,0.7054146071638621,-1.1120247173519888,4.243105986166819,-6.032144502872601,33.924216529007865,5.016644852268278,-0.5373142144238452,22.015640177427972,-35.90673866513552,-11.824605434408468,-3.705791771742969
0.023956624999999995,0.0034223749999999996,7.0,1.7967858451537233,-1.0996185033073775,0.047183522227346474,-0.0011403180529606118,-0.002802853308882146,0.0001717725390791066,0.06793097958185078,1.2584402623273359,0.8078061595810947,-1.1999353509061916,4.484906358457338,-5.362456032285732,33.92836677523373,4.445544994069841,-0.57587777768556,25.053355760464093,-36.22145505634839,-13.729650785669836,-3.909028580771778
0.023956624999999995,0.0034223749999999996,7.0,1.7818995667812654,-1.0828970209976596,0.04489235755182906,-0.0010924969658994625,-0.002600206142461606,0.0003064285229955578,0.06790792896318919,1.3439322417777988,0.9057228770387412,-1.2570880790922903,4.652245173092382,-4.642720099633915,33.91848927600597,3.972892873498636,-0.5921880538136627,27.814971312566513,-36.4765801126017,-15.741883979217695,-4.060057119278723
0.023956624999999995,0.0034223749999999996,7.0,1.7660162812213605,-1.0654465898394596,0.04286216154616206,-0.0010611002156897913,-0.002370826861326407,0.0004198821877397709,0.06789446837132801,1.409600236976309,0.9969177213386589,-1.284655345397696,4.724375476048761,-3.922729313652941,33.97504095703048,3.6255314340662195,-0.5694923144182017,30.224234343771812,-36.69202510102446,-17.800795007828505,-4.154883161630567
0.023956624999999995,0.0034223749999999996,7.0,1.7491653643428988,-1.0472652549245864,0.0410881687189315,-0.001043119513919809,-0.002121404558191958,0.0005072062174267671,0.06789134165878119,1.4587506396544607,1.080096659578965,-1.2861053435942786,4.695617880491629,-3.2473223826603266,34.14745318114189,3.4025258174173105,-0.49979296840793314,32.271839897391615,-36.8820204501504,-19.848620277631184,-4.195824912083701
0.023956624999999995,0.0034223749999999996,7.0,1.7313733532492945,-1.0283474171994897,0.039573208342748856,-0.0010341287700841193,-0.0018564852218691432,0.0005659691653927492,0.06789935196457998,1.4947810523294458,1.154726941448483,-1.2661517544697387,4.5749563321619195,-2.648284048551854,34.45089773699205,3.2839291154037427,-0.38537539226429296,33.99700075504711,-37.0583817757655,-21.839105746657243,-4.1895809398976205
0.023956624999999995,0.0034223749999999996,7.0,1.7126631591973787,-1.0086854586768477,0.03831959184494102,-0.0010302632800442033,-0.0015835807706140793,0.0005962211414097655,0.06791903646969244,1.5208904287041678,1.2209152624300463,-1.2295668333774068,4.381620392921457,-2.141149950282208,34.87330607107165,3.2415659104496166,-0.2357126923634977,35.460065947258734,-37.22847005306294,-23.738550533877355,-4.145907700557965
0.023956624999999995,0.0034223749999999996,7.0,1.693052929778901,-0.9882722990139495,0.03733153669723406,-0.0010275825200577527,-0.0013105319230553867,0.0006002117011957806,0.06795039563123681,1.5395989015181921,1.279026705752802,-1.1805814544112772,4.139573411583826,-1.7260487454170839,35.38901611006034,3.247044118765791,-0.0644287504205231,36.71988626992149,-37.39826696541323,-25.52643447443218,-4.075144661163315
0.023956624999999995,0.0034223749999999996,7.0,1.672555362936311,-0.967102787367683,0.03662440102423603,-0.0010236353815435602,-0.0010481509476144805,0.0005823947374431093,0.06799258555494134,1.5522157176111928,1.3290996554964782,-1.1227936035802841,3.8725903725446433,-1.3916708569254785,35.971698183468376,3.275650676451367,0.1131464969126106,37.82317917119956,-37.57824665414721,-27.197448062198916,-3.985736869457254
0.023956624999999995,0.0034223749999999996,7.0,1.6511846268148038,-0.945170193729787,0.036184826851816475,-0.001017044942008204,-0.0008054213376841163,0.0005483672259444648,0.06804396458265827,1.5603407150084379,1.3716544945470917,-1.058771946710478,3.600914182948596,-1.1211765233011517,36.59754948024835,3.307845147345049,0.285134987141244,38.79897999166839,-37.76914138212103,-28.745388988144253,-3.886049170089839
0.023956624999999995,0.0034223749999999996,7.0,1.6289528651336915,-0.922467899103163,0.03598671167808682,-0.0010073288257362938,-0.0005881103495978675,0.0005041869618358944,0.06810152829936073,1.5653070866102905,1.4073112201304379,-0.9905649468882358,3.3403666697559498,-0.8960980495009347,37.247751212573064,3.3288672908502193,0.44259306353092487,39.663394037830535,-37.969136263478035,-30.165885487157848,-3.782959733286872
0.023956624999999995,0.0034223749999999996,7.0,1.6058713091490018,-0.8989881365469284,0.03599108026799387,-0.0009950754368979785,-0.0003984911513379544,0.000455232087156839,0.06816118363544495,1.5683066520287643,1.4368357334921438,-0.9198196029373407,3.1019334829083145,-0.6999155719013365,37.90668593705592,3.3284078975908997,0.5798978984894646,40.42530398498056,-38.17377085602737,-31.454820644146746,-3.681831381397783
0.023956624999999995,0.0034223749999999996,7.0,1.5819463590312433,-0.8747244103417611,0.0361560417525946,-0.0009821432279488995,-0.0002356244432061666,0.0004063166589759195,0.06821850818974551,1.5701423433851764,1.4609327493571413,-0.8481438499234335,2.8922672582913687,-0.5198548545492586,38.560006299747535,3.3009900834380477,0.6946801831584345,41.09132882296037,-38.37911109990289,-32.61082639400946,-3.5869474414498006
0.023956624999999995,0.0034223749999999996,7.0,1.5571833350668502,-0.8496692427256853,0.03643394584713374,-0.0009691559480958819,-9.611831591319867e-5,0.000360029789577567,0.06826991717883876,1.5715354656608487,1.4804432145742865,-0.7768334054728006,2.7138463030888067,-0.34805043416921044,39.19327894761046,3.2454878827156914,0.7873793474825636,41.66846917391129,-38.57921750055836,-33.632990000525965,-3.501225650571371
0.023956624999999995,0.0034223749999999996,7.0,1.5315838256377106,-0.8238165285999562,0.03678333750458366,-0.0009565809096984053,2.410463948798855e-5,0.00031771411760562763,0.0683134080094798,1.5728375653855102,1.4960690544414328,-0.7070191937506328,2.5659895183027635,-0.18101965880086843,39.792763176915,3.164826336884523,0.8602599837902885,42.165809720718556,-38.76961677012738,-34.52431748257046,-3.4262495020930506
0.023956624999999995,0.0034223749999999996,7.0,1.5051469273556453,-0.7971615009766583,0.03717159113229715,-0.0009444666753286469,0.00012897992280376048,0.0002796577168207507,0.06834855880891887,1.5740952602559009,1.5083440554741367,-0.6395363880296234,2.445877259559811,-0.01864532493175192,40.34660107924996,3.0648513152707317,0.9164242559683407,42.594548756096835,-38.9474730024044,-35.2917001266788,-3.3623015155281477
0.023956624999999995,0.0034223749999999996,7.0,1.4778700908347917,-0.7697008951785808,0.0375765119878552,-0.0009325932172120268,0.00022178348564292575,0.00024554923223204974,0.06837603506066656,1.5751089293907377,1.5176039359632825,-0.5748575647668561,2.349679606569371,0.13716099984054386,40.84647601980499,2.953028649233628,0.9589886998916693,42.967042226196035,-39.11205166826373,-35.94564539742889,-3.308668306461043
0.023956624999999995,0.0034223749999999996,7.0,1.4497500786559516,-0.7414327841219236,0.03798558747597787,-0.0009207229481843432,0.00030487314489824997,0.00021484115953626542,0.06839703234590128,1.5755364113004544,1.5240127746890206,-0.5130901197462917,2.273293090303366,0.28343286477826873,41.28907937748633,2.8373932233111145,0.9907958546279586,43.29470015690759,-39.26452385329542,-36.49901868286243,-3.264088944931327
0.023956624999999995,0.0034223749999999996,7.0,1.4207839379120262,-0.7123560663091113,0.03839360841072445,-0.0009087772940014574,0.00037969064608769573,0.00018708526745830962,0.068412875534797,1.5750332632350486,1.5276529253143896,-0.4540691289362639,2.2124773637708763,0.41650335203924255,41.675858788807226,2.72590900823086,1.0146325731083026,43.584770424527804,-39.40624450036378,-36.964306884789856,-3.227109936879177
0.023956624999999995,0.0034223749999999996,7.0,1.3909705244506785,-0.6824690975130282,0.038798607210254,-0.0008969872251978714,0.0004468423386293801,0.00016190700989786113,0.06842477223040333,1.573444627153274,1.5286941134713374,-0.3974514954129773,2.1629857080723744,0.5323937289958844,42.0093804898896,2.6254975126956395,1.0330252832712428,43.83782070401614,-39.53508380421981,-37.34935847903467,-3.196010991343618
0.023956624999999995,0.0034223749999999996,7.0,1.3603108362956273,-0.6517692402666474,0.03919927819535238,-0.0008856249079935857,0.0005066103183346159,0.0001390507397015334,0.06843369943748266,1.5708777027369187,1.5274747639323856,-0.34281027864968205,2.121725113688678,0.6282113105939616,42.288359279386555,2.540566350969619,1.047058984675653,44.049739159793916,-39.6437678198314,-37.655479360486176,-3.1687840983643336
0.023956624999999995,0.0034223749999999996,7.0,1.3288067853540173,-0.620253813782302,0.039595727837669285,-0.0008747008458979038,0.0005593854278212884,0.00011832468679391841,0.06844042028289903,1.567548472056317,1.5243712956659776,-0.28964166723629,2.0879534153494124,0.7033796499119104,42.50755854377524,2.4725445242821307,1.0555445226527118,44.21852740660284,-39.72400834118617,-37.88143044818121,-3.1434979380021244
0.023956624999999995,0.0034223749999999996,7.0,1.296463240911517,-0.5879198700252141,0.03997603862555164,-0.0008639661399267957,0.0006057013496994578,9.941691169768445e-5,0.06844562315405457,1.564191592575132,1.5201864125442979,-0.23702224793743762,2.062537030164239,0.7587040101053677,42.661102109417435,2.4215014749625263,1.0559837565683503,44.3465939647242,-39.765484162176215,-38.02220893186149,-3.1185207867325873
0.023956624999999995,0.0034223749999999996,7.0,1.2632733992953302,-0.5547712107351912,0.04037586556952931,-0.0008528059897403593,0.0006462349069660696,8.237973121059199e-5,0.06844974324671867,1.559617575559456,1.513832385453239,-0.18463413314329888,2.0467854520523154,0.7944847825038711,42.75229267093456,2.389190532015262,1.0463282100808484,44.445173185779275,-39.78137348221325,-38.09427968583673,-3.093113662133167
0.023956624999999995,0.0034223749999999996,7.0,1.2292400289952536,-0.5208082962438144,0.040791931717601135,-0.0008407713210708124,0.0006809334272850785,6.681548920382733e-5,0.06845333038519827,1.554287066775718,1.5056910710890845,-0.1311621553898602,2.040915886077462,0.8089600327492193,42.777886863635295,2.3788628420142373,1.0248598126803914,44.51770971091075,-39.76501210007646,-38.0919817498979,-3.065775698757853
0.023956624999999995,0.0034223749999999996,7.0,1.1943622924167125,-0.48603441112990164,0.0412384330038794,-0.0008277191890313009,0.0007098622055994576,5.242146211458769e-5,0.06845685075033742,1.5481494813702272,1.4955559387256232,-0.07526682074591001,2.044381472053053,0.7979447332002748,42.730721295550126,2.3968073080221863,0.9902850223275919,44.56628651351264,-39.711603914256095,-38.00842648561759,-3.0346664943806454
0.023956624999999995,0.0034223749999999996,7.0,1.1586398539256109,-0.4504537214083963,0.04173528372055076,-0.0008135764411803064,0.000732831000743135,3.87185475619917e-5,0.06846084057916729,1.5413109103131113,1.4832107593105817,-0.015064605435479203,2.0551092466941423,0.7540682480760288,42.5965707002463,2.453666499679134,0.9415554509254139,44.59461183126336,-39.61386952181984,-37.82940323653394,-2.9966646976195555
0.023956624999999995,0.0034223749999999996,7.0,1.1220734902353362,-0.41407169734303295,0.04231352060943882,-0.0007983152828137644,0.0007495490581473856,2.4980297240389293e-5,0.06846610787977885,1.5341287135211137,1.4683792029996703,0.05237774695357991,2.068366677645706,0.6667206388980061,42.35251365198486,2.5663441596694616,0.8768429608613951,44.615230391515915,-39.46565297645107,-37.532894991975745,-2.9452096385071007
0.023956624999999995,0.0034223749999999996,7.0,1.0846665378097629,-0.3768959909982417,0.043023112049597564,-0.0007816094177915269,0.0007599934449477056,1.0667257954851813e-5,0.06847419374324243,1.5273532944914372,1.4505015114178927,0.13200396184320717,2.075762081666278,0.5245669494426698,41.96519529931108,2.7595423749467427,0.7900913003232057,44.65929557734315,-39.268184214447466,-37.08630403360065,-2.8658533819894836
0.023956624999999995,0.0034223749999999996,7.0,1.0464234383805078,-0.3389440945483315,0.04395120688478123,-0.0007631631358221248,0.0007640943706836213,-4.145268938987022e-6,0.06848817307588334,1.5219739630959577,1.4278292659001088,0.23173083391075974,2.064472557337788,0.32238020981993754,41.39901777828401,3.06801968546639,0.6661951637333979,44.78840273173621,-39.04924844564318,-36.44704263450491,-2.7306677210711796
0.023956624999999995,0.0034223749999999996,7.0,1.0073568965346817,-0.3002519204793841,0.04522248640137167,-0.0007446812965645913,0.0007597930001846917,-1.70502810930235e-5,0.06851390122138115,1.5198640566346906,1.3966742584672838,0.36348524783650893,2.0172459962669094,0.07364745857447665,40.640554388833046,3.534527666041126,0.4727911125719443,45.08764771350023,-38.88431731454482,-35.54818651525873,-2.4900371088388478
0.023956624999999995,0.0034223749999999996,7.0,0.9674891269974885,-0.2608885008348098,0.047022894957223615,-0.0007336779738695465,0.0007391750594998303,-1.764696644688798e-5,0.06855957757479995,1.522542280879873,1.3486076176878106,0.5413393997693242,1.9336711223937937,-0.16084565667156753,39.755841943367344,4.1832133692219795,0.13951642836363054,45.62660860033125,-38.946557735317434,-34.284074074994734,-2.073187550757426
0.023956624999999995,0.0034223749999999996,7.0,0.9268565823194398,-0.2209838905889182,0.049520145562291513,-0.0007528247660391771,0.0006771827493601313,2.8187028883546745e-5,0.0686237057383353,1.5292487804217003,1.2688336329663361,0.7726578132512483,1.9119053268125554,-0.23226195506115704,39.03037476945189,4.941779907617164,-0.47147912398624403,46.34267960545127,-39.57479537811233,-32.46691416834855,-1.4404262028263117
0.023956624999999995,0.0034223749999999996,7.0,0.8854982143039025,-0.180742471109324,0.052586963159421005,-0.0008607651672264717,0.0004897740125509496,0.00021005420143167399,0.06864099380200595,1.5329014094404971,1.1392344198047362,1.0300005291639054,2.2866416246523436,0.07170329538086824,39.28642819175908,5.536509009058671,-1.5460056321320448,46.676435188816605,-41.29209112610157,-29.71982460675598,-0.740635992520302
0.023956624999999995,0.0034223749999999996,7.0,0.8435598332256308,-0.1403333517498317,0.05495506852705968,-0.0011542847241250544,-0.00011613935844486745,0.0006923929639723853,0.068467212664836,1.5396141491183784,0.9606227142318989,1.190614147945435,3.564933728647036,0.8236461214658142,42.08081841468122,5.625242779146258,-3.192193801363548,44.601140587470105,-44.24857134463783,-25.211213024164344,-0.37273992728348765
0.023956624999999995,0.0034223749999999996,7.0,0.8018371707656178,-0.09969612980649369,0.052749510252981746,-0.0017537529034623344,-0.0020724025035259662,0.001588771922706773,0.06837116587194458,1.6722640756079332,0.7746223505284607,0.9812022608811656,5.892128106802064,1.7273473863747506,47.7249860449933,5.636330843325001,-5.397955475717668,35.8360293035173,-46.45724814626505,-17.919669043193625,-0.49417263108439013
0.023956624999999995,0.0034223749999999996,7.0,0.7612368419625707,-0.05900729669773701,0.040599281743422005,-0.0032771858490000766,-0.006363795267769385,0.0023425675202466655,0.06796936185265927,2.144415013587708,0.5699330280874063,0.10883410246392991,9.95788678799179,2.0375730014868862,48.85458243291304,6.137090734655606,-7.868297030017917,18.848876511431914,-42.2852993646158,-8.957964526648373,-2.089589757973873
0.023956624999999995,0.0034223749999999996,7.0,0.7170408511204297,-0.018598935824664157,0.02197833533312025,-0.005604573485855986,-0.009092721956117333,0.0018522396587834318,0.0669538214634218,2.4478543481922137,0.2584866897438336,-1.2635229432585375,16.4483989827577,0.7086980947316589,32.22889325392377,3.569425654135498,-8.080741933172725,4.287965552992734,-29.099859489566704,-2.845838670656272,-8.367657049584972
0.023956624999999995,0.0034223749999999996,7.0,0.7175588516494081,0.022139057028917976,0.023507522823240045,0.0007048009960814784,0.000330733530772707,-0.0005751400656364457,0.06948803757770554,2.4600803987072006,-0.08853260770633908,-1.2057608875050336,16.625412670182783,-2.563832120172201,33.01464038240418,-1.1169847199252494,-8.439483733332242,-1.4535033647436733,-29.618855070921786,-0.6137906669638742,-8.185928936850543
0.023956624999999995,0.0034223749999999996,7.0,0.7627053742736346,0.059860034031633785,0.04569042695670431,0.004079415678560223,-0.009227013411468865,-0.004060883804527931,0.06825654620792139,2.17688957970368,-0.5804382274730776,0.29050919408871473,10.155776250265037,-4.914836334454997,48.81995996654568,-2.988227805397067,-7.943701249941978,-18.077696777080206,-42.35355341999086,4.7205772850992505,-2.2120750003230576
0.023956624999999995,0.0034223749999999996,7.0,0.80394427566529,0.0984588585380408,0.05915463091033883,0.0016492543064270534,-0.0025098247754607376,-0.002145016812164836,0.06856170059484683,1.7540484830002336,-0.8905180156861191,1.2510317824605808,5.461708958276393,-3.0582341468266723,47.62962276343817,-4.077567537759887,-4.678145376796449,-36.31479899304187,-47.03710362882241,14.885153801023408,-0.7835635814799435
0.023956624999999995,0.0034223749999999996,7.0,0.845732491147216,0.13850537507056757,0.059981645494368824,0.001044497609354766,-4.172302762589703e-5,-0.0006534432728042446,0.06857061457793208,1.6728252926560336,-1.0923951019768114,1.447336362440614,2.5057182989307996,-0.46251747070340943,41.82133518707082,-6.117788944330359,-2.358282089051628,-45.549704282318615,-44.57532049897793,23.494204556642813,-0.1474362098791713
0.023956624999999995,0.0034223749999999996,7.0,0.8872199464632028,0.17899570290424527,0.05559913484782644,0.0007892725640888361,0.0005118133736858202,-2.5622754961229606e-5,0.0688168534954812,1.6646922161153341,-1.2585009820256774,1.2180149579974588,1.2554527782209992,1.0073545312077232,39.18706468446264,-6.829205895962391,-0.974171187396633,-47.52211885176075,-41.308758743759164,28.72305491383701,-0.2812815908243657
0.023956624999999995,0.0034223749999999996,7.0,0.9280700663811966,0.21952523337039323,0.0510664587244148,0.0007261782326352057,0.0006466977179431375,0.0001237724417743996,0.06871427175573457,1.6303815024330535,-1.3665390457807804,0.8981211959657525,1.2778252447276686,1.3551668518103346,39.24048270512476,-6.154262366479968,-0.19329536823145083,-47.04768478939743,-39.65408392958789,31.969186933918124,-1.0845298764962197
0.023956624999999995,0.0034223749999999996,7.0,0.9683622320735229,0.25971436353946076,0.04774467778213261,0.0007380763852762105,0.0006907865059405578,0.0001068974568451161,0.06858561870381102,1.5943520556691546,-1.4249198299973618,0.6272806612743159,1.6604256422472243,1.064878024218682,40.223293078992356,-5.055468159699908,0.19349010706505,-46.31272618800621,-39.24747341736015,34.18435049503827,-1.8539157493122733
0.023956624999999995,0.0034223749999999996,7.0,1.0080521104434237,0.2992826818665578,0.045528655953704915,0.0007638655227008347,0.0007120078125515939,5.932693926717342e-5,0.06851338134003221,1.5733308046087515,-1.457460057601154,0.4277086430703923,1.9605359486803176,0.5754398064285212,41.26010798068722,-4.087789372369294,0.38740022675309754,-45.81679877269436,-39.36789455745018,35.71860293914791,-2.3479361754334134
0.023956624999999995,0.0034223749999999996,7.0,1.0470417144235895,0.33809986610451703,0.044048682554907514,0.0007886422507744262,0.0007239733681550367,1.803253092986887e-5,0.06847991899590933,1.5669381916471643,-1.4799751204781262,0.2841867693273695,2.1082070164964373,0.12495044123902554,42.084123928380386,-3.3969380031998915,0.5137897569939114,-45.5599228973024,-39.63103460160382,36.76582030609759,-2.6219967734903524
0.023956624999999995,0.0034223749999999996,7.0,1.0852563302858245,0.37612331278730426,0.04301514805491433,0.0008105914529396186,0.0007286263723938152,-1.2763652259587954e-5,0.06846476957103395,1.569524383114336,-1.4986943020670356,0.1773209638925817,2.1519943293009054,-0.2103262409608385,42.675764345485895,-2.9530876715977534,0.6200405485201206,-45.45408501667197,-39.89427552387832,37.47982643603028,-2.7720348778210235
0.023956624999999995,0.0034223749999999996,7.0,1.1226563948856996,0.41334102928365263,0.04224213083662943,0.0008300716189632039,0.0007260498912718143,-3.593161763850991e-5,0.06845730946146157,1.5764451820823295,-1.5153584531932613,0.0928928514568153,2.1464480112413966,-0.43366114703935915,43.08189055645561,-2.684888940080504,0.7139606203858424,-45.42192166193862,-40.1135326112282,37.9675399193642,-2.8604086316272404
0.023956624999999995,0.0034223749999999996,7.0,1.1592231219460118,0.44974998196489835,0.04162630498633456,0.0008475927635836971,0.0007162214468772195,-5.459988867190784e-5,0.0684529477646506,1.584718227658962,-1.5300233359017401,0.02196473585505766,2.1258775935129153,-0.5712179183818371,43.35085308257759,-2.5309673321817145,0.7931700292647664,-45.4142299037928,-40.282121164669384,38.297583782482754,-2.919047622777684
0.023956624999999995,0.0034223749999999996,7.0,1.1949478189562215,0.48534941018724986,0.04110909784888106,0.0008635437849207921,0.0006992414864214136,-7.106564676510034e-5,0.06844972901997891,1.5928106659716594,-1.5425361624816618,-0.04081950906232048,2.1073402885279617,-0.6481440489228197,43.51726992082121,-2.4500906218120115,0.8558210813254201,-45.40380839519836,-40.404257921480514,38.510786755615,-2.9631613698533807
0.023956624999999995,0.0034223749999999996,7.0,1.2298292039103274,0.5201361641972198,0.040653003182508335,0.0008781052156991631,0.0006753846765699396,-8.703463133730747e-5,0.0684467710213008,1.6001803101457082,-1.5529750884990376,-0.09844681703430323,2.0974564655980554,-0.6819611007667269,43.60413062673815,-2.417062241975545,0.9017111966684259,-45.378217993023185,-40.48634355930018,38.630900010269094,-2.999167662266478
0.023956624999999995,0.0034223749999999996,7.0,1.2638670175044586,0.5541079614119586,0.040235664888492895,0.0008914957876007672,0.0006448173578814535,-0.00010353890139422453,0.06844356752071465,1.6066152450532813,-1.5614273406048522,-0.15283520667536268,2.098021678688078,-0.6834588391015289,43.626791466916316,-2.417705830809179,0.9322429674625455,-45.334061012701504,-40.53667610325444,38.6740124499548,-3.030264646150621
0.023956624999999995,0.0034223749999999996,7.0,1.2970613510227527,0.5872631047983254,0.039842024201279094,0.0009039445281027553,0.0006074969105256033,-0.00012120368171773539,0.06843971896674565,1.6120636486153803,-1.5679847468641124,-0.2053458516590985,2.1087123143651634,-0.658580826438624,43.593835809800034,-2.444480718076375,0.9497293246613036,-45.270719953852094,-40.5618490390751,38.6495668815375,-3.0584416390264675
0.023956624999999995,0.0034223749999999996,7.0,1.3294094710006117,0.6196027312030212,0.039471910012662356,0.0009158466203136722,0.0005636023863517381,-0.00014068719563343053,0.06843477296516236,1.616065647073214,-1.5722678261282277,-0.2573257246127585,2.1287641678817564,-0.6104381187705491,43.508347786993305,-2.4936653014227366,0.9568789930488326,-45.187267286940056,-40.569315826252925,38.564875555870046,-3.0856431609305885
0.023956624999999995,0.0034223749999999996,7.0,1.360915537165844,0.6511234923632265,0.03909481495619462,0.0009277098820075362,0.0005126882373644758,-0.00016187600671654356,0.0684282928166284,1.6195266115612272,-1.575104567911161,-0.30935707438688725,2.157389337557352,-0.5406208676382447,43.36387738604731,-2.562278018672894,0.9556851660987589,-45.07592405118982,-40.548124309607125,38.40661181293417,-3.11307450365611
0.023956624999999995,0.0034223749999999996,7.0,1.3915765639358748,0.6818279445978529,0.03871550170386649,0.0009394646809465718,0.00045468101919559896,-0.0001852573475767767,0.06841961131010137,1.6219927803776404,-1.5759723599882292,-0.3626004011053849,2.1950608136236287,-0.4505498999130787,43.15689401955179,-2.648063947752982,0.9476839882148685,-44.93265930947613,-40.501781479850585,38.17359387443495,-3.142744801838499
0.023956624999999995,0.0034223749999999996,7.0,1.421392429390803,0.7117172469845409,0.03832904961477633,0.000951144463129119,0.00038926725040511494,-0.00021110664077322695,0.0684079333984415,1.6235387644044954,-1.5747648550377618,-0.4178959207414778,2.2429945848662447,-0.3417195693253224,42.883418629764044,-2.74794918917136,0.9335622097082998,-44.75234279731056,-40.429688561763015,37.858348961527966,-3.1765567945745437
0.023956624999999995,0.0034223749999999996,7.0,1.4503637473062427,0.7407928063286107,0.037932797669325474,0.0009627874464197367,0.0003158865367821037,-0.0002397740111247563,0.06839227958641837,1.6243134327537485,-1.5713561271122347,-0.47592786588157154,2.3032610337003465,-0.2160852459476366,42.54167345602503,-2.857747276159137,0.9132335621440137,-44.52987405705809,-40.33252040389769,37.4525834632863,-3.2164945958443605
0.023956624999999995,0.0034223749999999996,7.0,1.4784918059344452,0.7690564636142802,0.03752783386953093,0.0009744749273838891,0.00023357679302610506,-0.000271761752003175,0.0683714954578859,1.6245252568135593,-1.5655827245213543,-0.5371655584928097,2.378879571702166,-0.0763658936960262,42.13250465589468,-2.971797740928113,0.8856808154421614,-44.259201634760984,-40.21185394040432,36.94712776047614,-3.2645603871443294
0.023956624999999995,0.0034223749999999996,7.0,1.5057788431051486,0.7965103300912237,0.03712029956613135,0.000986416034360176,0.00014070810779188948,-0.0003076379922274015,0.06834432031507064,1.6244364994522713,-1.5572418642830699,-0.6017525741890899,2.4737396954420308,0.07401364062884971,41.65973042301396,-3.082897409495282,0.8487815367144923,-43.932668914770005,-40.069578014487945,36.33198968967297,-3.3225212321565234
0.023956624999999995,0.0034223749999999996,7.0,1.5322271897508222,0.8231574174116363,0.03672425149445917,0.0009988206424974121,3.4904072291085434e-5,-0.0003480836923813118,0.06830959767868611,1.6242701323384152,-1.5460281366761606,-0.669485101175616,2.5923117207246875,0.23139657565386101,41.1304054581664,-3.182920639016496,0.7994514933887206,-43.54113142584936,-39.90817727474056,35.59755229040815,-3.391763214113408
0.023956624999999995,0.0034223749999999996,7.0,1.5578387439012114,0.8490017264860158,0.036363136540785004,0.0010118325779793636,-8.708235416457304e-5,-0.000393532792383848,0.06826665544437233,1.6241333009259151,-1.531505035720903,-0.7397789959094979,2.7388991680046866,0.39294958505631283,40.55455085352924,-3.26390502669351,0.7340449247455684,-43.074798942848396,-39.73077865589729,34.73572700775104,-3.4729440927502555
0.023956624999999995,0.0034223749999999996,7.0,1.5826140540373272,0.8740484062492242,0.03607023171939155,0.0010253267737565918,-0.00022917118297799042,-0.00044378318063185637,0.06821585233828309,1.6239243912207826,-1.51308303224888,-0.8117088114367405,2.9166126375676416,0.5580532924501247,39.94442708563317,-3.3195263891701634,0.6490783013992275,-42.52445057246223,-39.54135436055122,33.741114497111845,-3.5656909389668656
0.023956624999999995,0.0034223749999999996,7.0,1.606551390775195,0.8983037130853543,0.03588701184359683,0.001038763830995949,-0.000395441397782109,-0.0004975154231565893,0.06815906320951548,1.62326569621012,-1.4900336117304398,-0.8840871343013981,3.1262518942623334,0.7297086043033123,39.313641856097725,-3.346555424320772,0.5421482685442107,-41.882319583216855,-39.34475808151891,32.61159462872339,-3.668400162806542
0.023956624999999995,0.0034223749999999996,7.0,1.6296457893353953,0.9217749233741541,0.03585967902175613,0.0010514651342546611,-0.0005893071530037336,-0.0005520649908751428,0.06809969730474819,1.6214664486334391,-1.4615302279462008,-0.9555654465375045,3.3653590375160176,0.9155207097022978,38.6764434171229,-3.345950807964031,0.4128784401283556,-41.142058003915615,-39.14658416639574,31.34827237574015,-3.7782374776443755
0.023956624999999995,0.0034223749999999996,7.0,1.6518900693107237,0.9444691264086849,0.03603169691435583,0.001061436550520762,-0.0008117392073527542,-0.0006024681372273434,0.06804198346980014,1.6176355353243936,-1.4267860761147704,-1.0245864187869258,3.627385472277763,1.1280054244118398,38.047515559065815,-3.323165001157622,0.26369374158239195,-40.29728007242274,-38.95165780838902,29.953736226686278,-3.891079213860155
0.023956624999999995,0.0034223749999999996,7.0,1.673273492488294,0.9663938959939758,0.036440344594317636,0.0010680485270513794,-0.0010605529956811475,-0.0006430580688180621,0.0679898916453427,1.6106302385657665,-1.3850483365385664,-1.0894648912149008,3.9013848407799854,1.383637429131044,37.44280718408791,-3.2884252979107282,0.10037214800478869,-39.338817438639666,-38.76400335887538,28.43205800104729,-4.001756988784775
0.023956624999999995,0.0034223749999999996,7.0,1.6937837975407435,0.9875561679107394,0.03711143559961654,0.001071702953919199,-0.001330068166748178,-0.0006674108714967446,0.06794638350382268,1.5991216843640732,-1.335666027952546,-1.1481578823662313,4.171620354331288,1.7008786290046183,36.88138406621426,-3.256444136697065,-0.06799912062026252,-38.25039842321099,-38.58551759313305,26.788028324753217,-4.103621233711023
0.023956624999999995,0.0034223749999999996,7.0,1.7134067226105256,1.0079630769612602,0.038058168363300476,0.001073664203850641,-0.0016113069427845861,-0.0006695068227240273,0.0679131639226121,1.581523036410048,-1.278084754614959,-1.1981163702356699,4.41790424330071,2.09666868783907,36.386813184974066,-3.2466847484945824,-0.229420967004632,-37.00331302801636,-38.41551947487797,25.02821381178485,-4.188483276296079
0.023956624999999995,0.0034223749999999996,7.0,1.7321285999583418,1.0276207387696987,0.03926864975966207,0.0010763198081682136,-0.0018935775246396135,-0.0006444998995468698,0.06789119309100429,1.5564256159792949,-1.2121731885376064,-1.235852589363945,4.6165111347756245,2.582416129673122,35.98472804468111,-3.283676695861111,-0.36885708457594596,-35.551890113002294,-38.2446668256121,23.158960095500237,-4.247654050199679
0.023956624999999995,0.0034223749999999996,7.0,1.7499302459341963,1.0465370994385577,0.04074079515488145,0.0010833705270207091,-0.002168712040774707,-0.0005898561332102996,0.06788063240715582,1.5212455753348502,-1.1375040056314,-1.2572917471357767,4.743498190118708,3.1582534482353064,35.699594298965536,-3.3956666175721346,-0.4729844125058467,-33.83871449851753,-38.067874092709104,21.201142443274314,-4.270513777612864
0.023956624999999995,0.0034223749999999996,7.0,1.7667879549034562,1.0647204983783418,0.042471880919675915,0.0010985433906023335,-0.002429366976824954,-0.0005053198939866422,0.06788110753407747,1.4728095814369269,-1.0539600403583367,-1.257844911410308,4.779442434551703,3.80928215787027,35.5418371539573,-3.610869276266603,-0.5324033977798949,-31.804713911035616,-37.877766357435235,19.1875336118489,-4.2470390367718105
0.023956624999999995,0.0034223749999999996,7.0,1.7826750286179867,1.082176997599797,0.044458422573638356,0.0011260888615695869,-0.002671220337957859,-0.0003931587299029481,0.06789193395641968,1.4077421717574679,-0.9620482201950642,-1.2329811015964833,4.714762412038938,4.504847734161349,35.49487778150874,-3.949590745840645,-0.5447967957715538,-29.411452680519787,-37.66257561754071,17.162897139087892,-4.169965616267385
0.023956624999999995,0.0034223749999999996,7.0,1.7975605239389723,1.0989094519924056,0.046706933387155675,0.0011689049836133046,-0.0028879283118432753,-0.0002581648001970042,0.06791245379425373,1.322621249936086,-0.8629731807660563,-1.1794831164685058,4.554368448293785,5.201427143505078,35.50845148721453,-4.413739185504946,-0.5182119843192251,-26.667630041580033,-37.40929513693091,15.183758231947007,-4.036156463974558
0.023956624999999995,0.0034223749999999996,7.0,1.8114177977448978,1.1149132869299825,0.04922178434257943,0.0012275061285817917,-0.0030685512789016198,-0.00010819979189321017,0.06794225164064452,1.215169965049312,-0.7589105461788294,-1.096327938068482,4.317934039091296,5.850794775231189,35.50180179746462,-4.978002853301489,-0.4692311220003044,-23.646866208748715,-37.098606061507894,13.308568868935058,-3.8487029170909928
0.023956624999999995,0.0034223749999999996,7.0,1.8242336785930118,1.1301742888958006,0.05199577744103511,0.00129699119056364,-0.003194489351357271,4.5639603816374574e-5,0.06798090234466438,1.0852538632580262,-0.6528529096742406,-0.9853189443161982,4.036102377776573,6.409496313031361,35.37942093860112,-5.58768784113184,-0.41814842886211856,-20.48623604998022,-36.70317056871189,11.587796407721857,-3.617953948914454
0.023956624999999995,0.0034223749999999996,7.0,1.836017680440883,1.1446682229361633,0.05499950665606346,0.001365008765504089,-0.0032422595040696132,0.00018965725370043938,0.06802728400120803,0.9356126784338354,-0.5481814317241813,-0.8510272510426173,3.7436676986685002,6.84636565183716,35.05307577977769,-6.166423712102174,-0.38261374907823814,-17.36270115608588,-36.18841893020293,10.055441705520877,-3.361053949590263
0.023956624999999995,0.0034223749999999996,7.0,1.846807179692046,1.1583629824609019,0.05817512386316399,0.0014133981778286797,-0.0031921038315386708,0.00030996384917701767,0.06807905173218423,0.7719376243644673,-0.44810121486131443,-0.7000776793128225,3.4723061734123086,7.1456175332084,34.46156462607331,-6.632753871485344,-0.3730672973060004,-14.456012170145526,-35.518306294285715,8.72536918605226,-3.0992388761063085
0.023956624999999995,0.0034223749999999996,7.0,1.856663942958971,1.1712225332124857,0.061444906919552573,0.0014217498534580368,-0.003036973930003137,0.0003958613523994578,0.0681328475143306,0.6018981505967548,-0.3551249840001462,-0.5401422286727945,3.2456333398782493,7.3056184438963685,33.58214602161639,-6.919596824478247,-0.39269927444713926,-11.912620448892602,-34.667266573839676,7.594032091796668,-2.8529340654311106
0.023956624999999995,0.0034223749999999996,7.0,1.8656668795404732,1.1832118026420384,0.06470004074660612,0.0013784158901127368,-0.00278806403254336,0.000442820090136369,0.0681848094132586,0.43452838863035437,-0.2709970707124838,-0.3787357386775098,3.0757805073912268,7.335832569939141,32.42953797923151,-6.992129855569364,-0.43722980022477304,-9.821720487071723,-33.626035050428015,6.643074811525441,-2.6385507071664533
0.023956624999999995,0.0034223749999999996,7.0,1.8738967420382688,1.1942999051445546,0.06783694260979987,0.0012806850776102153,-0.002468102674581087,0.00045227391950024504,0.0682317682167258,0.2778818744224612,-0.19653557372139918,-0.22251798463719602,2.9648507431559925,7.25308907422466,31.05046157759852,-6.852116732412842,-0.5009352277775017,-8.210521233679897,-32.41402291952198,5.8493499253081636,-2.46391551537849
0.023956624999999995,0.0034223749999999996,7.0,1.8814210333610484,1.204462761336868,0.07076791332852195,0.0011374432459458927,-0.002106493271969959,0.0004301249190163739,0.06827166671260607,0.13793306405345845,-0.13187891718146535,-0.07684493114344461,2.9071615736601664,7.07895648535156,29.512121472866205,-6.532883521193564,-0.5782215696102411,-7.052591772667568,-31.07574393071831,5.189377255746237,-2.3289400040499246
0.023956624999999995,0.0034223749999999996,7.0,1.8882882708860058,1.213684058454964,0.07342063100201626,0.0009631977842730439,-0.001730200931806991,0.0003842805170726891,0.06830368115225471,0.018319493533583014,-0.07673324946010292,0.05456409569040995,2.891496962308775,6.8376444058958565,27.890374591392806,-6.088075245110889,-0.6634720698432139,-6.284713434487772,-29.670765536530265,4.6412484869362824,-2.228024892465561
0.023956624999999995,0.0034223749999999996,7.0,1.8945236709498239,1.2219551492494427,0.07575264773975991,0.0007737980524448792,-0.0013603040544917355,0.0003228048743212081,0.06832817414974635,-0.07994794225664771,-0.030495865775809528,0.1695377911959215,2.9048067983938184,6.553964786048156,26.26072601552414,-5.576244039614156,-0.7519861761154464,-5.825847902687775,-28.263979258522525,4.187034486250125,-2.1528206222783735
0.023956624999999995,0.0034223749999999996,7.0,1.9001319161303234,1.229274117248256,0.07774649234222519,0.0005826167641713323,-0.0010102504001222663,0.00025259897339319714,0.06834619420622284,-0.1578347648712077,0.007603659451176192,0.2672992915513441,2.934553149819965,6.251527759294511,24.691223040420834,-5.0501461431570895,-0.839426440827082,-5.592843565312759,-26.91524254570475,3.812283948612243,-2.095126708992883
0.023956624999999995,0.0034223749999999996,7.0,1.9051027426659406,1.235644402587334,0.0794053817764251,0.0003985847441757999,-0.0006860887932543439,0.0001787365571750482,0.06835907237650292,-0.2175786167100332,0.038423378175389246,0.3481831190673375,2.970461480420613,5.9512391396816255,23.238360775182713,-4.550635930691348,-0.9219004766517613,-5.511181090711046,-25.673522920277264,3.5054499724740342,-2.0485610037688518
0.023956624999999995,0.0034223749999999996,7.0,1.9094157972415446,1.241073007866591,0.0807499322566488,0.0002218355922290783,-0.00038084587491297973,0.00010242502005303297,0.0683680770356614,-0.26208197947750816,0.06284605487030595,0.41325829916791057,3.0055327034843984,5.670535461671805,21.946297046899797,-4.1049593678250815,-0.9962975179636128,-5.52001104797845,-24.575586997547617,3.2570993853501466,-2.009235185520786
0.023956624999999995,0.0034223749999999996,7.0,1.8836212409823734,-1.2420978973498578,0.061855295398312415,-0.0029465827389611983,-0.005386636362183996,-0.0021438087852324976,0.06840684673275056,0.09862848718416968,0.10218039814922096,-0.04934225135632425,2.454042985550401,-6.124580123114021,21.599538826914614,6.812065647214334,0.5283483029485398,0.5516013449456586,-23.166020959686122,-0.7570436168776138,-2.982391288498941
0.023956624999999995,0.0034223749999999996,7.0,1.8796719944912041,-1.2371419584107393,0.060589793994567244,-0.0015916805094061777,-0.0028631713758387606,-0.0011293089425588718,0.06838810890884989,0.15453230200148027,0.1309693825534851,-0.13249875515101625,2.525784633472883,-6.3619601200144285,22.61171093818923,7.297101702206064,0.6623536104218827,0.2980352297706077,-24.04315617733311,-0.7238607371924968,-3.1881382438947656
0.023956624999999995,0.0034223749999999996,7.0,1.8750299830541595,-1.2312602201440344,0.05904166287261941,-0.0012847771366326205,-0.0023102779722222544,-0.0008976735562503136,0.068364428276408,0.22544444047360626,0.16662954545406092,-0.2346061738745575,2.62629439023779,-6.547683351448229,23.580656417617007,7.7706792677388075,0.8168002499892556,0.18123831988576772,-24.8645357608939,-0.7868951598039885,-3.4430946402270437
0.023956624999999995,0.0034223749999999996,7.0,1.8697022665108052,-1.2244492643631786,0.057199716220286106,-0.0011279359916610732,-0.002044437205941001,-0.0007788557469995065,0.06833448777437857,0.31292435262879076,0.20981343985088535,-0.356403153929265,2.764192440147491,-6.708521394612324,24.575977520443484,8.248434524923175,0.9890809235842368,0.2032682652671994,-25.7064296427805,-0.8978625919167388,-3.753273363731728
0.023956624999999995,0.0034223749999999996,7.0,1.8636888222324228,-1.2167082893099908,0.055066437212385584,-0.0010154704852316132,-0.0018739383316106067,-0.0006962754223370141,0.0682975565362559,0.41782325584379365,0.261163628856778,-0.49783512337529173,2.9489367934459163,-6.8291800098483115,25.560054879508602,8.697088880052283,1.175869353053237,0.43138075250324287,-26.5398937210407,-1.0648980157496812,-4.124806146499148
0.023956624999999995,0.0034223749999999996,7.0,1.856979158276112,-1.2080403466904335,0.052660502232464296,-0.0009162101924362236,-0.0017416571232296157,-0.0006272463601240829,0.06825322239762603,0.5398578444255997,0.32126577710709975,-0.657671033289949,3.1894068033019467,-6.888788548125115,26.47966686956028,9.072602807392599,1.3731324048456857,0.9451569240981084,-27.323278064891877,-1.3055359561960267,-4.562539208147634
0.023956624999999995,0.0034223749999999996,7.0,1.8495497088810255,-1.1984533050986843,0.05002009379210234,-0.0008191735207204679,-0.0016280185817853367,-0.0005642527012057429,0.06820159501137155,0.6771667409944061,0.39057971517574747,-0.8331667680020978,3.4919846969216817,-6.864809716154078,27.276524105296552,9.328249138625374,1.5758516125777973,1.822564152470528,-28.014078007043075,-1.6431333053398272,-5.067836309499479
0.023956624999999995,0.0034223749999999996,7.0,1.8413632754153806,-1.1879604711645653,0.04720315529810884,-0.0007193804209457051,-0.0015214734596292858,-0.0005032717409571373,0.06814345690138343,0.826060392885205,0.46933107795084916,-1.0198474403940172,3.858290462037614,-6.7355840219477265,27.895670499755106,9.424219957796282,1.7776484952452685,3.123858504537614,-28.577928562946482,-2.1048650401982827,-5.635938957282877
0.023956624999999995,0.0034223749999999996,7.0,1.8323715067282187,-1.176580659447905,0.04428370910877192,-0.0006161602858150448,-0.0014156336737546622,-0.00044263785725107065,0.06808032423612405,0.9811215583981113,0.5573519298237068,-1.2115089387425444,4.2829942664265195,-6.482587715635255,28.294328544018935,9.338155838541404,1.9707169146823966,4.873635861136601,-28.995574688965323,-2.719031388972331,-6.253711181108925
0.023956624999999995,0.0034223749999999996,7.0,1.822520685898006,-1.1643374749513942,0.04134409416020917,-0.0005118117609641055,-0.001306888939925875,-0.00038211705917503403,0.06801436310000691,1.1357522086356369,0.6538884255365833,-1.4005371804680324,4.752237712466001,-6.093157262206911,28.451935470662384,9.07395984772532,2.1467303431754217,7.044862216777652,-29.266928109016305,-3.510711987833005,-6.898968055641426
0.023956624999999995,0.0034223749999999996,7.0,1.8117598378423883,-1.151257599757487,0.0384644216741829,-0.00041071831403556255,-0.0011939450713636004,-0.0003226225746479519,0.0679481392953286,1.283118764509996,0.7574427732113244,-1.578605255071284,5.243258104385274,-5.56366853002503,28.37893848359466,8.664929190905816,2.299150521513351,9.551441327042516,-29.410028462304744,-4.496190563257788,-7.542408625898632
0.023956624999999995,0.0034223749999999996,7.0,1.8000489529988037,-1.137368078333304,0.03571198733717857,-0.0003180489616745008,-0.0010777844076149258,-0.0002659273280260961,0.06788421692103357,1.4172763127877268,0.8657551830686175,-1.737711474468818,5.725815145951338,-4.902800675987683,28.120796633629006,8.16864070177096,2.4264020602850067,12.255427458124913,-29.454930101587596,-5.677272751253498,-8.15221720623634
0.023956624999999995,0.0034223749999999996,7.0,1.7873646839498578,-1.1226930196828628,0.0331340064112758,-0.00023810466450312244,-0.0009612594100572654,-0.0002141300545366961,0.0678246956100351,1.5341414056375389,0.9760122536717771,-1.8713703631733118,6.165824496828581,-4.133695846251614,27.75352247434354,7.654147355320494,2.534184116936363,14.990914093291343,-29.43496333019727,-7.03735237906295,-8.700008613764945
0.023956624999999995,0.0034223749999999996,7.0,1.773701675555934,-1.1072505963942163,0.030756189316645973,-0.00017302927176831028,-0.0008480736525489042,-0.00016897253671098675,0.06777087229846014,1.6320053196262876,1.0852700623375506,-1.9756263953319726,6.530981289688054,-3.2932446426519326,27.36946764488216,7.185534528374521,2.6349176093652846,17.599297864275297,-29.379033362473848,-8.541216503850256,-9.165898899053344
0.023956624999999995,0.0034223749999999996,7.0,1.7590694592664706,-1.0910513474811065,0.028587422604256535,-0.00012257598793754323,-0.0007416402548564818,-0.00013134816111597285,0.06772320371013307,1.7114416880868049,1.1909499912709014,-2.049534780111388,6.797121027150507,-2.427290495385829,27.056646179887704,6.807768495091845,2.743747549606061,19.96363295606252,-29.307662384121727,-10.139618618234874,-9.540868576756575
0.023956624999999995,0.0034223749999999996,7.0,1.7434869850703576,-1.0740983085047475,0.02662758877505026,-8.494355979788925e-5,-0.0006451861343026932,-0.00010133881952117537,0.06768157219262047,1.774713641132293,1.2912086444995572,-2.094900761245881,6.953152829395765,-1.582501074086909,26.87913592515297,6.539848788393891,2.8729241515739856,22.02837732285812,-29.232829537759297,-11.777502029466076,-9.826076980969738
0.023956624999999995,0.0034223749999999996,7.0,1.7269751450674737,-1.0563890774801699,0.024879445849688115,-5.67985792463488e-5,-0.0005529150295987337,-7.714968139468863e-5,0.06764552226288455,1.8247943928229646,1.384989026869989,-2.1154973765433303,7.002568099044739,-0.7976214755867005,26.867211662390126,6.376805763807388,3.0270803782238604,23.797217412475142,-29.162812034702224,-13.404416401484502,-10.0296484772686
0.023956624999999995,0.0034223749999999996,7.0,1.7095547276581735,-1.0379176396666872,0.0233443258565912,-3.706390136586753e-5,-0.00047613993066200427,-5.93145898693783e-5,0.06761446836663532,1.8648633863949546,1.471966995387182,-2.115784474772604,6.96086924853234,-0.09749047150199724,27.01733497229679,6.298271814259183,3.203371456346704,25.31313505866233,-29.099372926528737,-14.97893179182919,-10.164240704879044
0.023956624999999995,0.0034223749999999996,7.0,1.6912433442400183,-1.01867739375535,0.022026568709146262,-2.2973547068952773e-5,-0.0004082827672206802,-4.5752035688813794e-5,0.06758788978629182,1.897667129433605,1.5522431769222724,-2.100049978595229,6.850391136659711,0.5082134175680467,27.305875704253598,6.27856032335067,3.3930585849848067,26.63219497269193,-29.043956636767096,-16.472041688106422,-10.243449721644524
0.023956624999999995,0.0034223749999999996,7.0,1.6720527991876208,-0.9986635471980585,0.020954379962221922,-1.316555464801255e-5,-0.00035002014475980444,-3.554185716196286e-5,0.06756502644540473,1.9246228497381719,1.625650156761158,-2.072231980648899,6.694251711521021,1.022586192462679,27.703215651542862,6.292519348121652,3.582612944693355,27.806029065543438,-29.008263742267218,-17.875653707855175,-10.276864656214372
0.023956624999999995,0.0034223749999999996,7.0,1.6519952392448287,-0.9778716186321508,0.02012461273262634,-6.5443773621115875e-6,-0.0003010760902978489,-2.7865016358999494e-5,0.06754510086230747,1.9473973203923665,1.6924194049184522,-2.035096279806,6.513693621803366,1.4569631051663716,28.17964790851407,6.32103100074892,3.7619433227024324,28.868499787261985,-28.99101128086849,-19.180503363005453,-10.275636944505791
0.023956624999999995,0.0034223749999999996,7.0,1.6310799059589947,-0.956298848122648,0.019533192855446795,-2.1731302439492937e-6,-0.0002610779881204262,-2.2086421686666435e-5,0.06752734687964614,1.9670143625627412,1.752610860968998,-1.9908901623460946,6.325816637812685,1.8264487906319729,28.711883939364828,6.349442523111839,3.9224420331199705,29.838333260062377,-28.99340790838119,-20.3847066820095,-10.248258670932655
0.023956624999999995,0.0034223749999999996,7.0,1.6093145732987024,-0.9339431709997708,0.019162830231495964,6.128366796277819e-7,-0.0002302308954672675,-1.7787561888409415e-5,0.06751106334017104,1.9842975836586163,1.806314664752673,-1.9414206358490607,6.143575388494056,2.146301783551639,29.281410993819225,6.367177450168466,4.058833480955838,30.722903714767657,-29.013918539948694,-21.48719376844989,-10.20240886944991
0.023956624999999995,0.0034223749999999996,7.0,1.5867055547170488,-0.9108024215091017,0.018983407664128,2.435130357892408e-6,-0.00021366693421113895,-1.5012202526076311e-5,0.0674956963552296,1.9999530035739448,1.8537246159809297,-1.888218382227437,5.976081093747559,2.4295821966239277,29.87171765705237,6.367080451891782,4.169228636664321,31.5237283976423,-29.047866843935275,-22.486131074981643,-10.145309730411874
0.023956624999999995,0.0034223749999999996,7.0,1.5632563323306867,-0.8868746573392052,0.01895967712734039,3.311744839774354e-6,-0.00018286408741533683,-1.160150556176035e-5,0.06748092353162907,2.0144427973455206,1.8950747981565463,-1.8327239965258841,5.82890851497069,2.6857768527837864,30.469224876812806,6.345345516959756,4.254491747009921,32.24112184344932,-29.092837934546004,-23.380877036808855,-10.083400261980602
0.023956624999999995,0.0034223749999999996,7.0,1.538968765565507,-0.8621570499267782,0.019051849703936665,3.807415567183644e-6,-0.00016460239433106164,-9.34987981253193e-6,0.06746661917425653,2.0281080686306576,1.930738395550405,-1.7761790620410578,5.704480307956984,2.9209496760516913,31.05662901817758,6.3010194406377105,4.317627293729484,32.87689946282215,-29.14152610244151,-24.170975130771726,-10.022107601686487
0.023956624999999995,0.0034223749999999996,7.0,1.5138424964950923,-0.8366465577770527,0.019223872682187906,4.061285742420343e-6,-0.00015161094398749486,-7.642433762883324e-6,0.06745282403436693,2.0410539453159204,1.9611171715971258,-1.719653391399131,5.602543055267227,3.1378125584250713,31.619998244634353,6.236067426125603,4.362617522665246,33.435904768778194,-29.190485547045338,-24.858718464668364,-9.965160577932473
0.023956624999999995,0.0034223749999999996,7.0,1.4878757143678067,-0.8103399862383514,0.01944635436091843,4.2091049948689865e-6,-0.00014313664976680309,-6.349805797727957e-6,0.06743967332559506,2.0531936745171957,1.986614156397495,-1.6639576215411003,5.520878224040827,3.336828449766479,32.147405603295844,6.154542039404324,4.393482693973385,33.92616399266912,-29.237741389522586,-25.44951917758841,-9.914360918014214
0.023956624999999995,0.0034223749999999996,7.0,1.4610658653086273,-0.7832342259760119,0.01969814061922364,4.3352813528975414e-6,-0.00013862293876306327,-5.372254927602472e-6,0.06742731860394442,2.0643058952035114,2.007601457907526,-1.6095902409861782,5.456133038735495,3.5171721794617885,32.63093751575448,6.061782659358598,4.413563389741611,34.358093521331426,-29.283559979476355,-25.951922207462033,-9.8696964284771
0.023956624999999995,0.0034223749999999996,7.0,1.4334103983099844,-0.7553263819071081,0.01996584011288007,4.4902330220702634e-6,-0.00013765485212228522,-4.630986038082181e-6,0.06741587920988011,2.0741181275006673,2.0244129365402355,-1.5567299183410275,5.404625403553701,3.6775515662656333,33.06747522603649,5.963562553221402,4.425188484747921,34.74275238851666,-29.329976644825685,-26.37654871849464,-9.829813888301617
0.023956624999999995,0.0034223749999999996,7.0,1.4049070581134673,-0.7266140215031818,0.02024289161140305,4.7013092472661254e-6,-0.00013989444203546438,-4.063960350167356e-6,0.06740541409951792,2.082362493312758,2.037332822943343,-1.5053117819046893,5.363039055012091,3.8168301857172575,33.457186779631805,5.8653208523196625,4.429693319902591,35.08903848035692,-29.37916943939015,-26.733847488491563,-9.792732374914682
0.023956624999999995,0.0034223749999999996,7.0,1.3755546779685963,-0.6970947821113482,0.020526186384890392,4.9813163117773235e-6,-0.00014505084162874662,-3.6281985856365534e-6,0.06739591591004974,2.0888719746064934,2.0466489826123384,-1.4550689413368176,5.328922381651965,3.934470341564793,33.7994959569291,5.771494936000967,4.427613469922366,35.4004990237776,-29.429446224357815,-27.029692593448377,-9.756535851574318
0.023956624999999995,0.0034223749999999996,7.0,1.3453527788478867,-0.6667666446312585,0.020815233255825356,5.3345644584123705e-6,-0.00015285918231299408,-3.301295853370914e-6,0.06738736572292393,2.0935625841763814,2.0526327422959576,-1.405632024273937,5.300870920081658,4.030697127853941,34.090166159117224,5.685303466369943,4.418985619079747,35.674740802870346,-29.47411488329385,-27.264027423751966,-9.71985653916141
0.023956624999999995,0.0034223749999999996,7.0,1.3143014929540262,-0.6356278996125799,0.021111106022697067,5.75896059467775e-6,-0.00016301269059625862,-3.0763453455320393e-6,0.06737968989761033,2.096421066198419,2.055537316716805,-1.356543985939718,5.278264973561911,4.106132885318806,34.323600536670995,5.609091249981544,4.4036097685613615,35.908049497518235,-29.50495683051012,-27.43413083652862,-9.681874742123272
0.023956624999999995,0.0034223749999999996,7.0,1.2824037290771277,-0.6036763288859925,0.021403501866084414,6.224046437227524e-6,-0.00017456475216944749,-2.9480581314005895e-6,0.06737284949415002,2.097872593387533,2.0559488394327694,-1.30699363623241,5.261338106193413,4.161720147674258,34.49571492270728,5.544853160363164,4.381070947416927,36.10000456940316,-29.510912523641952,-27.532985358156285,-9.642409053610356
0.023956624999999995,0.0034223749999999996,7.0,1.249655712969792,-0.5709127141617449,0.02172070894588329,6.779856045171378e-6,-0.0001885020112385825,-2.941715469139575e-6,0.06736664838470123,2.097202244559302,2.0533244890167914,-1.2566586156598003,5.250382536319305,4.1974857838884185,34.60912174982644,5.493450470749278,4.348909714213358,36.2600779880638,-29.503781618627762,-27.574703207575137,-9.599292250532663
0.023956624999999995,0.0034223749999999996,7.0,1.2160587710342834,-0.5373373536813048,0.022060661366162193,7.620114951814098e-6,-0.0002099710907322464,-3.156324514436288e-6,0.06736113412944972,2.094639789280083,2.0479104619153676,-1.204384519145811,5.246845543995416,4.213705048887794,34.65951080990901,5.456332641636793,4.304295015621995,36.39414143922486,-29.477277113061657,-27.553538766698797,-9.55114055961741
0.023956624999999995,0.0034223749999999996,7.0,1.181611939106392,-0.5029523473112164,0.02243521836947308,8.463622181356474e-6,-0.00023079560707096398,-3.522182257197171e-6,0.06735631439657698,2.090038727089545,2.039500288001694,-1.1488293559573608,5.251176638651777,4.208394470275644,34.63955797237888,5.436706421076867,4.243995310669252,36.50672266454601,-29.427823370128944,-27.462693772562982,-9.49517194932103
0.023956624999999995,0.0034223749999999996,7.0,1.1463137602375455,-0.467761151139848,0.02286251261246589,9.37964892238226e-6,-0.0002522992446483649,-4.157652020312589e-6,0.06735213360358301,2.0832748108878194,2.027749991098065,-1.0881433089894963,5.262093588233622,4.176952033048966,34.53568739134,5.441882387692482,4.165167493916802,36.602323696511526,-29.34893884731959,-27.288654912889612,-9.427261082150421
0.023956624999999995,0.0034223749999999996,7.0,1.1101637709751535,-0.4317680845898547,0.023369641016103934,1.0395138238839739e-5,-0.00027415790340291527,-5.206320185331745e-6,0.06734841453570856,2.074457863982934,2.0122110000525524,-1.0195414373673168,5.275760669310859,4.11286869981161,34.327938634944424,5.485089408887649,4.063825023051309,36.69205250186038,-29.233665671351826,-27.009641041373992,-9.339585692362164
0.023956624999999995,0.0034223749999999996,7.0,1.0731632651740222,-0.39497910114498525,0.024002044048676705,1.1545052959452767e-5,-0.0002956478825142616,-6.866783052981394e-6,0.06734478203230658,2.06409255441237,1.992054779421761,-0.9386747873049344,5.2840662989371685,4.009838238495464,33.991654313920854,5.588216747290317,3.931208638261514,36.80260274547187,-29.080489715910552,-26.59543145052429,-9.21527493719868
0.023956624999999995,0.0034223749999999996,7.0,1.0353218438853207,-0.35740541346154225,0.024818075269003464,1.2866480105756863e-5,-0.00031567152437044925,-9.381119332818316e-6,0.06734061447154602,2.0539520577335586,1.9659264984969265,-0.8385455321107907,5.272405988565463,3.867156266308439,33.507429285999365,5.786546374876097,3.7475884958384063,36.985216150928515,-28.89861700473753,-26.001317514397172,-9.019994484403874
0.023956624999999995,0.0034223749999999996,7.0,0.9966575778152663,-0.3190721719803384,0.025919360056910572,1.4329305815774347e-5,-0.0003326955316688261,-1.2989608391773816e-5,0.0673348456703841,2.0471185199488717,1.9301877205736124,-0.7094509004140077,5.219843113662216,3.700697660403935,32.887259300614815,6.131609718784667,3.469927870420033,37.3188260141552,-28.737626523688427,-25.17827844468409,-8.689770984082264
0.023956624999999995,0.0034223749999999996,7.0,0.9572095803269111,-0.2800341672154967,0.027438655532944712,1.5659368972886472e-5,-0.000344713806042673,-1.7798791119691283e-5,0.0673258783003764,2.0488980271214845,1.8770387196467908,-0.5401436653545829,5.115152310288954,3.5648965659306957,32.21435913263484,6.680446421146583,3.0098078575326763,37.87075131787208,-28.704988778435272,-24.056825945616165,-8.124960167821632
0.023956624999999995,0.0034223749999999996,7.0,0.9170442329639638,-0.24040783717884426,0.029492143950574517,1.587212037362593e-5,-0.00034970905585870787,-2.331455013938701e-5,0.06731195407375196,2.065897254996244,1.791428878675149,-0.3251141470150428,5.014655231231865,3.5749616657428676,31.742950879146544,7.449937736104923,2.208527883000094,38.586586692511446,-29.02119178838311,-22.53951022854906,-7.223183114231962
0.023956624999999995,0.0034223749999999996,7.0,0.8762411415080086,-0.20040492795340287,0.03197607714399025,1.240609950244734e-5,-0.0003480872528763434,-2.768955417530462e-5,0.06729283420883912,2.1020190484268184,1.6503689092409788,-0.08598535572395177,5.168582054113605,3.883769927166311,32.08279975383329,8.315199119053036,0.8485927714132239,38.98949564088283,-30.075753259362088,-20.45991719419585,-6.017174825526831
0.023956624999999995,0.0034223749999999996,7.0,0.8348627630023662,-0.16030372633923198,0.03400827741067404,-1.5803445454615737e-7,-0.00034903585761848825,-2.852220679388482e-5,0.06727130271813332,2.157206868380995,1.4333385062156958,0.08153992695642795,6.113511811376157,4.5212180318523405,34.21129460038051,8.953925921287171,-1.2107356591083465,37.43209128307828,-32.12855712696042,-17.394286125340766,-4.902776152267817
0.023956624999999995,0.0034223749999999996,7.0,0.7929882056881493,-0.12029522933876237,0.03309252552405035,-3.268000189526935e-5,-0.0003718668405879944,-2.6759217303141172e-5,0.06724045943512773,2.2532532334696094,1.1437954352999387,-0.042334016786363546,8.428168392674056,5.104313880281578,37.937745517792465,9.167359462484875,-3.7561737931679744,30.50101186424481,-33.977595931474305,-12.662837741187923,-4.671994599506061
0.023956624999999995,0.0034223749999999996,7.0,0.7503243277013478,-0.08040218751420232,0.026041974243765545,-9.272571057482608e-5,-0.0003948459034079085,-2.7273041069990458e-5,0.06720175564894498,2.4080884070822623,0.795853062571994,-0.6877078877681281,12.526499634559416,4.772669565207681,37.38903200054422,8.68272648695409,-5.976335419199197,16.729235970486954,-31.898152408879124,-6.760680920084174,-6.550164215360214
0.023956624999999995,0.0034223749999999996,7.0,0.704327846031959,-0.04025940157253784,0.015160895696106163,-0.00011491399513898172,-0.00029999362579653517,-2.5885378003678563e-5,0.06742936358166148,2.3216480509606474,0.40775346593517625,-1.6464836414432806,17.153202621571687,2.8634703442735785,23.228594407737663,5.417385181685927,-6.304129366617432,4.227467343666554,-24.508865441201312,-2.426434816860341,-10.84907325495427
0.023956624999999995,0.0034223749999999996,7.0,0.6529599263543894,0.0015663297252698563,0.010165757353152536,-0.0001111584452509574,-0.00030111379985878743,-3.074504062120463e-5,0.06826740475082063,1.663442290079064,0.10522874615609965,-2.1427622315298516,15.922689927753547,0.546866860474233,2.8137784878108167,0.5040056745231226,-4.344872189848123,1.3865882324900192,-17.34688785685002,-0.5822675605550937,-11.577817737905447
0.023956624999999995,0.0034223749999999996,7.0,0.70531215965101,0.04334303330874444,0.017266219947222584,-0.00020125055331806423,-0.0003907145533451613,-1.8260600241243128e-5,0.06804629045439323,2.364112184953153,-0.2139045201178538,-1.5328692193266655,17.57261019235359,-3.740836495965319,23.535166417739735,-3.788576217453119,-7.138311627085013,-1.9822406546429696,-23.87714537313784,0.14594428808686635,-10.434298565268593
0.023956624999999995,0.0034223749999999996,7.0,0.7524358966124403,0.0815973758935754,0.03025206558599673,-0.00015728975374463286,-0.00020019762758835533,4.637748137129738e-6,0.06820814182066454,2.5223327958092128,-0.7415005217128441,-0.47120275188972305,12.958673046896937,-7.097601514635399,37.507640752929916,-7.08205474629935,-6.761532734494416,-16.3901793515326,-31.038174725974056,3.450392115583583,-6.197140312402519
0.023956624999999995,0.0034223749999999996,7.0,0.7955747704512804,0.11964848427200919,0.037675716086180346,1.159180017303638e-5,-0.0001140670960003135,8.12125556709161e-6,0.06703075179775723,2.42666315920296,-1.2105916617531833,0.21594713085622036,8.211118896789024,-6.642362383248417,37.6933879963592,-8.951135425474275,-3.8992524997703755,-31.4707934391213,-33.10758011884503,9.776713816079535,-4.3118663970186555
0.023956624999999995,0.0034223749999999996,7.0,0.8370777816791344,0.15886509899339907,0.037435685392624124,-2.584294184669749e-6,-0.00034186021894063275,3.806501551908595e-5,0.06709685286713425,2.334088439538084,-1.5472728295158669,0.2990741430859,5.417561980018187,-4.7776435932426,33.80156677312841,-9.945776498871627,-1.003569159848671,-38.586787547826596,-31.182511223390772,15.266909516991785,-4.413992820169514
0.023956624999999995,0.0034223749999999996,7.0,0.8777775222983843,0.19889139237730796,0.033968034813462,-2.1425576550048283e-5,-0.000459253308577643,5.202295643435654e-5,0.06717793677339115,2.241798614082573,-1.7672246016691369,0.06253238333962126,4.5606758418837625,-3.457094020702173,31.82723296228147,-9.564426120768745,1.0792024832453355,-39.89563227306481,-29.31398982167938,18.93708956400777,-5.639878325129099
0.023956624999999995,0.0034223749999999996,7.0,0.9180512983638744,0.23909023072192903,0.030434318010836577,-2.649615118154428e-5,-0.0005012576357038803,4.557953063191572e-5,0.06724316228409963,2.1658211608519653,-1.8947458521513114,-0.2318893291028785,4.710638307071081,-2.977793082992195,31.765623516915934,-8.455700177286952,2.3417428318730034,-39.31413471326078,-28.640754452137163,21.544690997400096,-7.052381138944088
0.023956624999999995,0.0034223749999999996,7.0,0.957924039382879,0.2789419855447221,0.027767812723322387,-2.4746963625639972e-5,-0.0005023342313119456,3.279645840479732e-5,0.06728168918355427,2.1223995077455617,-1.9647071099845352,-0.48154898921451955,5.056541002854899,-3.032925154725174,32.493840535410705,-7.3654107270389995,3.0407154030098646,-38.550871371617085,-28.6665437145628,23.494383929391557,-8.09725640586476
0.023956624999999995,0.0034223749999999996,7.0,0.9972411671295759,0.3181531877425952,0.025928906964096107,-2.153840703792036e-5,-0.00048270742901338496,2.184820737630082e-5,0.0673018311484192,2.107135354878592,-2.0057673812270167,-0.6705443868955099,5.298242331525279,-3.302040883667898,33.34160994295456,-6.56871735114133,3.4334105586625467,-38.006310398997456,-28.911367679143353,24.910454506922083,-8.731652890187826
0.023956624999999995,0.0034223749999999996,7.0,1.0358569583640393,0.35660134304342656,0.02466795385802547,-1.8628723249768708e-5,-0.0004531684655613891,1.4346423649163518e-5,0.06731236114231477,2.1087278263473577,-2.033930666798257,-0.8108202709980553,5.410105690346113,-3.594750229484995,34.05038315712913,-6.067041422323017,3.6820513924505214,-37.68242437674687,-29.17163893883057,25.901493322837112,-9.092157082796641
0.023956624999999995,0.0034223749999999996,7.0,1.073685129075591,0.39424724801709926,0.023772585007036332,-1.6290334032283003e-5,-0.00041947724331509206,9.594047641661495e-6,0.0673185605984147,2.1178478694658676,-2.0559371337179395,-0.917914112193083,5.439975511039944,-3.8332894511804625,34.570389805022586,-5.780682681183456,3.8631058976729484,-37.50145852094362,-29.39088974946347,26.58477441515716,-9.303081408712897
0.023956624999999995,0.0034223749999999996,7.0,1.1106856082683918,0.43108129133263573,0.023100326101132575,-1.4393117585145054e-5,-0.0003847662931593191,6.6704547440376515e-6,0.06732312626178426,2.1290107528224245,-2.0741025413685312,-1.0036931300575096,5.432772457619434,-4.002602584987456,34.925988742134955,-5.631351662888971,4.005713776856291,-37.392616230450855,-29.56140110043658,27.053955204290265,-9.438486234475725
0.023956624999999995,0.0034223749999999996,7.0,1.1468423502251404,0.4671020290303991,0.022566224494462987,-1.280287087334828e-5,-0.00035074088802966065,4.899593935691088e-6,0.06732732271397536,2.1395032257556883,-2.089053986077098,-1.0758821470114077,5.415318437556962,-4.111729367473639,35.15382327249405,-5.564143215740868,4.120157325355922,-37.30975792396485,-29.689081069377877,27.37300730329632,-9.535475762912878
0.023956624999999995,0.0034223749999999996,7.0,1.1821490428033028,0.5023102523586623,0.022123207234829297,-1.1425330806359946e-5,-0.00031830038058219866,3.847371074064853e-6,0.06733182556244041,2.1481257020272078,-2.100893884651209,-1.1393423557531857,5.400624955306041,-4.174558698171866,35.28374958625508,-5.545743835528896,4.210824660158133,-37.227866936624295,-29.783662497007047,27.583754532078366,-9.611449615464178
0.023956624999999995,0.0034223749999999996,7.0,1.216605998606178,0.5367044540331942,0.02173893066609046,-1.0199030802276083e-5,-0.00028776720141108114,3.245426542821691e-6,0.06733679399086456,2.1546603631590737,-2.1098460399290335,-1.1969432688088644,5.393774219526743,-4.202576889051135,35.3370429635312,-5.557200973063816,4.28038230995107,-37.13601839680159,-29.852441951715488,27.71060138375879,-9.674156529477816
0.023956624999999995,0.0034223749999999996,7.0,1.250214482049417,0.5702832132806085,0.021393385503931977,-9.039955411180962e-6,-0.0002578353672238794,2.9108364522591305e-6,0.06734228503506602,2.1591872965621794,-2.116114304026642,-1.2505964000166736,5.395826337197986,-4.203233105098561,35.328742402740225,-5.588799734704475,4.331761047918496,-37.03066717575647,-29.9030368583619,27.769719506869876,-9.72758738511648
0.023956624999999995,0.0034223749999999996,7.0,1.2829753046184185,0.6030458345866203,0.021073752450245852,-8.191702673363977e-6,-0.00023603701999254115,2.8265544010140724e-6,0.06734825569998075,2.161822882297023,-2.1198157027500235,-1.3016907355538072,5.405592483089115,-4.180082977033873,35.26778515838907,-5.636492613263989,4.368736906913362,-36.90934666571964,-29.94090628466643,27.770906532524922,-9.774329390002476
0.023956624999999995,0.0034223749999999996,7.0,1.3148877707076663,0.6349931417055286,0.020778191958024172,-7.468493478553556e-6,-0.00021749943263080652,2.894341161318985e-6,0.06735470134499029,2.1623887929123358,-2.1207236550095687,-1.3514052295467236,5.4209210676274555,-4.133849861761658,35.15889810026195,-5.698732885173943,4.3950186350665374,-36.768461427646145,-29.972824606456587,27.72143784893033,-9.815939702693992
0.023956624999999995,0.0034223749999999996,7.0,1.3459528584477787,0.666125253984806,0.020484268326612393,-6.822019346392872e-6,-0.00020112767647632336,3.0797723240122037e-6,0.06736179500309937,2.161343094549715,-2.1191291407298407,-1.4003576629730423,5.441010827220385,-4.065157435119034,34.997827620151924,-5.774598483127166,4.413928770312058,-36.599506124556584,-29.990167235953837,27.611282284565306,-9.854939597532441
0.023956624999999995,0.0034223749999999996,7.0,1.3761684187181102,0.6964452301638566,0.02019700763183986,-6.272481094839487e-6,-0.00018771681499766814,3.3770370887187903e-6,0.06736959522889167,2.1583425304134187,-2.114509086982959,-1.4495015061256031,5.465916638556173,-3.974060637159401,34.781138453040604,-5.861947400594108,4.426867609442776,-36.397601946118876,-29.997285587518718,27.441468083162434,-9.89278424799895
0.023956624999999995,0.0034223749999999996,7.0,1.4055340271758245,0.7259554285477866,0.019913765933081695,-5.816073422756576e-6,-0.00017746605576441027,3.7888304714119157e-6,0.0673782302171911,2.153401638741894,-2.1065809919171246,-1.4995270781694778,5.496982568107361,-3.8609835955007292,34.504692951466154,-5.957945775183287,4.434602912647552,-36.157209858341204,-29.994170964329744,27.206871839488176,-9.931585480754913
0.023956624999999995,0.0034223749999999996,7.0,1.4340501442982037,0.754658293562536,0.019633712466801415,-5.44308989697289e-6,-0.0001705513424459824,4.329413765368021e-6,0.06738778228200555,2.1466369605751177,-2.095055856066005,-1.5509832978196743,5.536298797507417,-3.7264249677946792,34.166447420655324,-6.058976319911169,4.437353326392794,-35.872601821118515,-29.98133609290106,26.90133367962069,-9.973652123900209
0.023956624999999995,0.0034223749999999996,7.0,1.461718133903921,0.7825564536526681,0.01935907600834434,-5.13629338354188e-6,-0.00016718715586890734,5.026667727979702e-6,0.0673982709181111,2.138255544544924,-2.0796266314024847,-1.604216070053282,5.586610006325557,-3.571151543547318,33.76713439981141,-6.160506699965812,4.434624259377587,-35.537119275117796,-29.959546833624287,26.517719071116332,-10.02123426570314
0.023956624999999995,0.0034223749999999996,7.0,1.4885401360764523,0.8096527910083655,0.01909685333497932,-4.866016110572129e-6,-0.00016764280435982453,5.923302010898929e-6,0.06740964482341896,2.1285235529615196,-2.0599573963242763,-1.6593009707433848,5.651229608361286,-3.3963482769628857,33.31071916450182,-6.257120951481206,4.424908977852892,-35.14297773097839,-29.929724671249858,26.04831138640778,-10.076138586214176
0.023956624999999995,0.0034223749999999996,7.0,1.5145187595335072,0.8359504340850965,0.01886062826882085,-4.583113344228873e-6,-0.00017227030225090305,7.0787075452032585e-6,0.06742178367778752,2.1177147622146917,-2.035678077331076,-1.715991804937687,5.733718573754711,-3.203443563434939,32.80466042219084,-6.342934541034108,4.405541656095526,-34.681751954951366,-29.89314118925188,25.485653314656112,-10.139260229850237
0.023956624999999995,0.0034223749999999996,7.0,1.5396565695325222,0.8614526615590833,0.018671905886312228,-4.2094091525079284e-6,-0.00018156720474530894,8.573756381206967e-6,0.06743452231624511,2.1060420487503904,-2.0063867264612343,-1.7737056219860545,5.8372821664123435,-2.9935219721597557,32.25969205792655,-6.412371252107976,4.372834854794666,-34.14547382930345,-29.851792106935346,24.823609707375446,-10.210117021207015
0.023956624999999995,0.0034223749999999996,7.0,1.563955421446756,0.8861627242006703,0.018560219123940628,-3.6232006078936956e-6,-0.0001962505271949289,1.052019725074516e-5,0.06744770542969,2.093586165927494,-1.9716638545768828,-1.8315543185569079,5.963978980644171,-2.7663963641438403,31.68908704161746,-6.461126756950627,4.32254130397539,-33.527940969944176,-29.80875093022372,24.05824948440778,-10.286520284619565
0.023956624999999995,0.0034223749999999996,7.0,1.5874157423864126,0.9100836466053597,0.01856145509028869,-2.7140073032741165e-6,-0.00022356548039275678,1.345200941409407e-5,0.06746126802033546,2.080240841151213,-1.9311001839992354,-1.8884123722836166,6.113910446866482,-2.5195688725506775,31.107258259080712,-6.487052118596797,4.250605045552948,-32.8255588984231,-29.76785248918236,23.188165682920452,-10.364515492419438
0.023956624999999995,0.0034223749999999996,7.0,1.6100359282295538,0.9332180910202961,0.01871430166063038,-9.240552114554704e-7,-0.00023592322460713513,1.578903718108395e-5,0.06747530261888744,2.0656897552701996,-1.884332672269723,-1.9429895271601947,6.284549689465601,-2.2471444298070242,30.53174279404021,-6.490969593411493,4.1540852198126785,-32.03722377760596,-29.73621394740121,22.214101819378907,-10.438634909278282
0.023956624999999995,0.0034223749999999996,7.0,1.631812068625615,0.9555683346816131,0.019055279339294205,1.682247173019074e-6,-0.0002626571468320616,1.943756355989646e-5,0.06749013742399265,2.049419950205299,-1.8310778832319023,-1.9938703099951485,6.470264804664677,-1.939759809698873,29.976428639405576,-6.476579423083107,4.032085063085874,-31.16289452680322,-29.717038285062202,21.137886132410028,-10.502349867750548
0.023956624999999995,0.0034223749999999996,7.0,1.6527380870454338,0.977136420089129,0.019613470896198713,5.663463856335947e-6,-0.00029832648600659187,2.4367686629983355e-5,0.06750631091791863,2.030754600230732,-1.7711465671405966,-2.0394912649169012,6.661958255161419,-1.5844669472477317,29.458301102100314,-6.45091908120451,3.886518270702949,-30.200985856126334,-29.71472770578227,19.961455546557318,-10.548476525864361
0.023956624999999995,0.0034223749999999996,7.0,1.6728061018557514,0.9979245553101722,0.020406576496842566,1.1596114641900847e-5,-0.00034261479288874287,3.095629901650704e-5,0.06752453469349964,2.0088634937928234,-1.7044245589181126,-2.07804168018137,6.8467045091302285,-1.1660966766978937,28.996280045444003,-6.424406653354553,3.72255444637015,-29.14418253896512,-29.731114689135,18.6864896022652,-10.569258955500377
0.023956624999999995,0.0034223749999999996,7.0,1.692006648234962,1.0179357242462512,0.021439732654864242,2.0294425719357464e-5,-0.0003958248216568832,3.977571032794012e-5,0.06754560302600285,1.9827069155647354,-1.630824361230142,-2.10729036294335,7.007435612741822,-0.6695894856073484,28.613643458568244,-6.411476109842444,3.5485725688802248,-27.9742827713228,-29.76545249064176,17.31556947801264,-10.55600818162204
0.023956624999999995,0.0034223749999999996,7.0,1.7103277009422375,1.0371745214389505,0.022714442101780426,3.2705387055406815e-5,-0.000458204432038902,5.1563039275036125e-5,0.06757031311620655,1.9506882760819528,-1.5501321666177317,-2.1244792537890973,7.1230078197868,-0.08356586562017937,28.33933034561542,-6.431095085634353,3.3746436775029407,-26.65836651325293,-29.818289786811746,15.857579155779236,-10.497651497289738
0.023956624999999995,0.0034223749999999996,7.0,1.7277564382658919,1.0556464009535511,0.02420789663996214,5.000958049662943e-5,-0.0005291116558906042,6.714603988332616e-5,0.06759947338408231,1.9112631550741217,-1.4624435277119006,-2.125830309698249,7.1702334766026885,0.5952129311170276,28.201990993258473,-6.50790475324956,3.21343456899925,-25.146414746620902,-29.880071011056735,14.322034668874158,-10.383668045601942
0.023956624999999995,0.0034223749999999996,7.0,1.7442746814727428,1.0733583650136975,0.025916944517975774,7.463005596963124e-5,-0.0006150890514728564,8.840255307789526e-5,0.06763369369697848,1.8616676559343117,-1.3676492632910147,-2.10720992506259,7.126714786369101,1.357480612049739,28.223856255579697,-6.667366434100938,3.0731664775024377,-23.383804581427714,-29.950123368450075,12.737644531858011,-10.199881263871545
0.023956624999999995,0.0034223749999999996,7.0,1.7598612214373077,1.0903167702585885,0.027839502834112902,0.00010747518173967441,-0.0007051192568868086,0.00011487069171732176,0.06767361365533067,1.7987521836993505,-1.266082589397406,-2.064319825197617,6.97664496435635,2.179233442776248,28.407023035900288,-6.930042006595898,2.956464789652622,-21.328229465331287,-30.026785331665213,11.144400737248258,-9.933109754008967
0.023956624999999995,0.0034223749999999996,7.0,1.7744950060150595,1.106524272838915,0.029972210154493674,0.00015153107536660152,-0.0008051721437934275,0.00014822304545296936,0.06771975558298371,1.7195506865162546,-1.15879044205594,-1.9935337049710011,6.715799676723129,3.0230900929933395,28.72037903197572,-7.3016718396722275,2.8586418232487563,-18.975407618053712,-30.102141070431816,9.590887593467771,-9.57444149997189
0.023956624999999995,0.0034223749999999996,7.0,1.7881561264226309,1.1219782759771109,0.032316616400805576,0.00020848656602052689,-0.0009124442576939381,0.0001884815149871379,0.06777240632418864,1.6217029914208994,-1.047568381689944,-1.8931875059097005,6.354245382884091,3.8439891064033866,29.099728814448017,-7.764597467816535,2.7673761546931064,-16.378445027141733,-30.165626027675653,8.130581859046687,-9.1216215375772
0.023956624999999995,0.0034223749999999996,7.0,1.8008344113121337,1.1366684434443346,0.03486417368098062,0.00027876332464501157,-0.001023986754609752,0.00023498484465494032,0.06783131058590683,1.5045445862234406,-0.9349623443515644,-1.76423726800872,5.914961023635413,4.597768386423587,29.457571526927005,-8.275630598392231,2.6676960435031614,-13.650170822373614,-30.197344320998877,6.810569871709841,-8.582657067138575
0.023956624999999995,0.0034223749999999996,7.0,1.8125346860578153,1.1505766107122066,0.03758961408185597,0.0003607329089194465,-0.00113643952613078,0.00028631140370396926,0.0678953856888191,1.369677684998944,-0.8239053660387233,-1.610515413398988,5.4291926808733075,5.248909029683951,29.70249734023328,-8.772335567795487,2.547301039714334,-10.944318877564752,-30.16843858444512,5.663931344123852,-7.976493720587642
0.023956624999999995,0.0034223749999999996,7.0,1.8232800049395481,1.1636784176580215,0.04044635432827212,0.0004508083967165493,-0.0012470072962795216,0.00034066227203793817,0.0679626869306284,1.2210889672380079,-0.717242088677381,-1.438258616991822,4.930364206879867,5.775053315580114,29.7595822110214,-9.18661337340964,2.4004373268363253,-8.422507194736095,-30.044847771643436,4.705429567403887,-7.330801533716194
0.023956624999999995,0.0034223749999999996,7.0,1.83311044953823,1.1759462808852674,0.04336786467294949,0.0005444728735720101,-0.0013544490824318567,0.00039644198493326037,0.06803068047064413,1.064666586171109,-0.6173144528526641,-1.2551372391462399,4.448625088350514,6.167600044625703,29.584392178139822,-9.460810780299488,2.228478227743863,-6.2201904667704735,-29.79499843443888,3.9319363990254845,-6.677103316094375
0.023956624999999995,0.0034223749999999996,7.0,1.8420775086008685,1.1873527247372824,0.04627475077043706,0.000637723649431,-0.0014596011980650575,0.00045275544673710174,0.06809668683058832,0.9072506554514695,-0.525744830636171,-1.0691279945319696,4.0072456192380015,6.429589122660021,29.16733887924679,-9.560572561504587,2.037758568989709,-4.423412141564769,-29.39878214042641,3.326538200518204,-6.045004188227715
0.023956624999999995,0.0034223749999999996,7.0,1.8502358368210294,1.1978731894322971,0.04908511182197106,0.0007283007144272379,-0.0015655674376490606,0.0005097144924630089,0.06815831327768752,0.7555157936398088,-0.44343197128203093,-0.8875397573705915,3.621085342852398,6.572599333484901,28.529651858896134,-9.480334285215406,1.8365523979094096,-3.061496694457228,-28.854109827498505,2.864300930452327,-5.457637740761806
0.023956624999999995,0.0034223749999999996,7.0,1.8576350329238187,1.2074878680423713,0.0517249070333529,0.0008165833024397248,-0.0016782645493324108,0.0005687445671483293,0.06821376158527195,0.6150140129378009,-0.37068312621328986,-0.7163627319407208,3.296773234356578,6.613786664566952,27.714595477455067,-9.240696622532253,1.6328298253658198,-2.113805904737094,-28.17844294555722,2.517811072242665,-4.9296030597224
0.023956624999999995,0.0034223749999999996,7.0,1.8643136798049522,1.2161825378790914,0.05413565643429721,0.0009069389425813898,-0.0018088966664052608,0.0006335106140335389,0.06826196977240259,0.4896030911421221,-0.3073862392550158,-0.5599689549404814,3.0340588776294424,6.57337616214582,26.77746003818014,-8.88003044597464,1.4333127766794778,-1.5247794453782069,-27.40509503392868,2.2613721774373143,-4.467371654308919
0.023956624999999995,0.0034223749999999996,7.0,1.8702966880836174,1.223948566400209,0.056278185125944694,0.001008641223365345,-0.001975344398702761,0.0007105119034809053,0.06830259327434784,0.3813181965914385,-0.253159707774686,-0.4211049180015597,2.8277987039805605,6.472612713742803,25.776863749546976,-8.444197915027098,1.2434490643674285,-1.2209731511404232,-26.576485718638246,2.0734233283439507,-4.0712477683479875
0.023956624999999995,0.0034223749999999996,7.0,1.875595721789485,1.2307823200390149,0.058132516401795425,0.0011499649478434442,-0.002233878882670274,0.0008208354156499847,0.06833587532936436,0.29059939911528465,-0.20746112920944104,-0.30108582849691085,2.670087667817568,6.331320117330845,24.766263216554545,-7.976952067293779,1.067694190063026,-1.1265597862176784,-25.734894589689432,1.9382992470337048,-3.737781857880594
0.023956624999999995,0.0034223749999999996,7.0,1.8802119818664298,1.236684203343286,0.05969398657210521,0.0014255644776953664,-0.0027697971173840418,0.0010347352046132365,0.06836242085778979,0.21674166436191697,-0.16966299662755677,-0.20009273255978782,2.552092867401834,6.164294186077906,23.783835561941224,-7.512135402864848,0.90976598280711,-1.1765692162904444,-24.910658248911822,1.8490811172526098,-3.461858850208943
0.023956624999999995,0.0034223749999999996,7.0,1.8841385008223666,1.2416574324510887,0.06097252024701261,0.0026404329271334137,-0.005210862025398696,0.001967690035173484,0.06838347272266782,0.15826995598748386,-0.13911011680042423,-0.11755887729421514,2.46557895680257,5.947686644381642,22.7638248612629,-7.0379518886046055,0.7725333843138407,-1.3647487242126666,-24.032533540026343,1.849787625177279,-3.2381123411164134
0.023956624999999995,0.0034223749999999996,7.0,1.8816432149458808,-1.2396215273759073,0.06122876660297799,-4.245230454426173e-6,-3.8644586365443215e-6,-1.3559744221441478e-6,0.06825622336135645,0.12607587407852963,0.11641584871837911,-0.09052965909606772,2.4884753245188773,-6.354375631986514,22.38454693605462,7.165740802525842,0.5956865368573832,0.2661019904946639,-23.882397701647676,-0.5892196493306304,-3.0841618613762565
0.023956624999999995,0.0034223749999999996,7.0,1.8773469970426109,-1.234202988884938,0.059821948418296036,-1.4528309443810191e-5,-1.3276566151031193e-5,-4.526195558299101e-6,0.06823621788906625,0.18937978801633495,0.1485914163039322,-0.18310322714114263,2.573880044794534,-6.525937381416768,23.276159277823442,7.606115337668906,0.7401670655769332,0.13155133379982445,-24.632139508782867,-0.6587658387567963,-3.3140471103714657
0.023956624999999995,0.0034223749999999996,7.0,1.872362179945414,-1.227856657559199,0.05812664701128959,-2.1902150606543995e-5,-2.016710637396397e-5,-6.6346745198078956e-6,0.06821006100587361,0.26850852826036503,0.18796509362835442,-0.2950692459284716,2.6922958854443184,-6.689187440535815,24.235009097898725,8.073316106883182,0.9037988670708388,0.09377588500986615,-25.43983854370592,-0.7603149362477595,-3.596094752515151
0.023956624999999995,0.0034223749999999996,7.0,1.8666926270495616,-1.220580351302838,0.05613716421480818,-2.9897519458017503e-5,-2.787707052038088e-5,-8.782328271859784e-6,0.06817653586505464,0.36473527045836074,0.23518916258637224,-0.4268044178210321,2.8528527164436372,-6.825022295169114,25.214681359940467,8.533773505056736,1.0836611975765016,0.22122408078641567,-26.26660172770964,-0.9070568670397771,-3.936513914020144
0.023956624999999995,0.0034223749999999996,7.0,1.8603333738240748,-1.2123750918720249,0.05386377819046957,-3.830459776911209e-5,-3.6369378356843946e-5,-1.08714356514951e-5,0.06813460953883543,0.478390158948013,0.2908834296534948,-0.577702274758852,3.0649049541901623,-6.911958690341735,26.161182568252325,8.945080051803007,1.2760900933307928,0.5927292304841891,-27.068427150747514,-1.116320462875505,-4.340995047520959
0.023956624999999995,0.0034223749999999996,7.0,1.8532675252186206,-1.2032462682709424,0.051334800046916845,-4.64858404990942e-5,-4.524442875028873e-5,-1.2690039976714608e-5,0.06808371189350737,0.6084350827254531,0.3555796949833711,-0.7458015912091776,3.3363150361621656,-6.927133526719038,27.01564955703317,9.260019791599904,1.4766010871428699,1.289874477707371,-27.800005430666136,-1.4099771360118465,-4.812916123305046
0.023956624999999995,0.0034223749999999996,7.0,1.8454645318420564,-1.1932044477640789,0.04859857335451448,-5.386355211019591e-5,-5.411997175893406e-5,-1.4040852956714927e-5,0.06802408521388634,0.7520962468891194,0.4296351582362031,-0.927499544562789,3.6713240290064038,-6.847864312635607,27.719603887802766,9.433829882153349,1.6795303078031603,2.3841368881561746,-28.421104728108794,-1.8140079252622903,-5.350854336809567
0.023956624999999995,0.0034223749999999996,7.0,1.8368810757669678,-1.1822657454742524,0.04572182800251523,-5.976265241013405e-5,-6.240221011299973e-5,-1.4689306823177174e-5,0.06795706470143356,0.9047740965184525,0.5130984887233602,-1.1174323789027616,4.068269824832233,-6.6536267537889335,28.22257959693067,9.434159102784411,1.8777435763915045,3.919972442513226,-28.90377979532504,-2.356703663148612,-5.94601340122374
0.023956624999999995,0.0034223749999999996,7.0,1.827465255728629,-1.1704515267822737,0.042783879212729685,-6.35879423307621e-5,-6.934787629718403e-5,-1.4414055011053304e-5,0.067885196226034,1.0603650364997335,0.6055288884474102,-1.3086265863640743,4.5176407266345056,-6.328464710113803,28.49157966349408,9.251123106973886,2.0629798517313014,5.897286675258558,-29.238005256351194,-3.0652381979450145,-6.580620578365817
0.023956624999999995,0.0034223749999999996,7.0,1.8171637429057972,-1.1577872063489647,0.03986721575517199,-6.501175616083905e-5,-7.417936122595245e-5,-1.3079174251029046e-5,0.06781213892564038,1.2120255774284898,0.7058098914135853,-1.4930057447089666,5.001031228041055,-5.86391296945455,28.520754580011435,8.903636905111485,2.227459467605484,8.259033796483347,-29.433209794479417,-3.9606928038274085,-7.228490695646545
0.023956624999999995,0.0034223749999999996,7.0,1.8059302578007967,-1.1443000099023852,0.03704654739526351,-6.411268228084155e-5,-7.627831799728062e-5,-1.0717151655594772e-5,0.0677423630840764,1.3532427634798245,0.8120486871087758,-1.6622720350772937,5.491608173497848,-5.262289275811709,28.338237629238535,8.438504037514376,2.3667749390575237,10.890683351863304,-29.514495718883207,-5.052320084150783,-7.858383112555373
0.023956624999999995,0.0034223749999999996,7.0,1.7937328085134987,-1.13001588513078,0.034379513474257106,-6.135797333329294e-5,-7.538425946201368e-5,-7.573166364091479e-6,0.06768069086489235,1.4789229144206564,0.9216663994501689,-1.8090535497629503,5.956627244028574,-4.539567393172069,28.006214843315785,7.921093523139645,2.482890732431486,13.636110723403156,-29.514765969928433,-6.33259660794043,-8.439517976460047
0.023956624999999995,0.0034223749999999996,7.0,1.7805573026004673,-1.1149562293304394,0.03190218496828997,-5.740612440428467e-5,-7.167219641424406e-5,-4.063571106377918e-6,0.06763175424815744,1.586161410816351,1.0317246331446488,-1.9280505107736137,6.36215241520512,-3.7262605855639106,27.61139613224837,7.420002023710079,2.5852005827595037,16.328453720086536,-29.466031847703757,-7.77506360699561,-8.947352997964613
0.023956624999999995,0.0034223749999999996,7.0,1.766406519641003,-1.0991354408115974,0.02963086456317,-5.2852309774325564e-5,-6.565219270495405e-5,-6.586399626607711e-7,0.0675994903864569,1.6744533751686428,1.1394090050126082,-2.0168167983184437,6.6792693289167655,-2.864663595804623,27.246757137227398,6.991013604727132,2.6881591362922213,18.826698876639337,-29.39334338227247,-9.336561362345089,-9.367428465208988
0.023956624999999995,0.0034223749999999996,7.0,1.7512956182220687,-1.082560123440848,0.02756856456165428,-4.808353071444701e-5,-5.798368051345098e-5,2.242762610395464e-6,0.0675868049207751,1.7453310966475313,1.242486786851463,-2.0758678436311118,6.890007255071622,-2.0021404616420426,26.990319915639322,6.6662107981025605,2.806149102456659,21.04404228562117,-29.312743968817436,-10.963803132254824,-9.696156357528285
0.023956624999999995,0.0034223749999999996,7.0,1.7352448707476587,-1.065230220491478,0.02571594405807684,-4.3349079248532535e-5,-4.940411121369707e-5,4.396676034395553e-6,0.06759539914240453,1.8015161968390638,1.3395212274060229,-2.1081414426318608,6.990752655680357,-1.1821854444459803,26.889343749846063,6.451623421339896,2.947881755209617,22.956683724833432,-29.23385019647301,-12.603242292960555,-9.938634410889991
0.023956624999999995,0.0034223749999999996,7.0,1.718275716196548,-1.0471413961476317,0.024076261918259463,-3.8246480470642025e-5,-4.00200863334113e-5,5.652514409685918e-6,0.0676257785276517,1.8461221896087887,1.4298328936165408,-2.117903064873139,6.991552836119614,-0.4369289694749923,26.95638126467417,6.333102875355061,3.113917759373217,24.591607994932712,-29.162200848249384,-14.209048336281716,-10.105470595492827
0.023956624999999995,0.0034223749999999996,7.0,1.700407075037943,-1.0282870220445652,0.022654009189461727,-3.320793297043639e-5,-3.091677624209042e-5,6.080599652039341e-6,0.06767696910472021,1.8821053170861017,1.513320495340783,-2.1096366347858995,6.912034014244039,0.21661226932638825,27.176232033479327,6.286377254884099,3.297926831653921,26.00171795441293,-29.099983000056124,-15.74679645786092,-10.209960845897955
0.023956624999999995,0.0034223749999999996,7.0,1.6816547503043207,-1.008660810594133,0.021454752035900873,-2.8139005733564247e-5,-2.246922107204585e-5,5.809676570060201e-6,0.06774688102832152,1.911883914904399,1.5901705445999954,-2.0873217560637927,6.775767422568384,0.7758314017765207,27.51947284373225,6.2858505090610475,3.489466051166291,27.241755467964538,-29.048191549299062,-17.194193660855873,-10.26523347373467
0.023956624999999995,0.0034223749999999996,7.0,1.6620292161661527,-0.9882587183832214,0.02050490122757686,-2.309516866608941e-5,-1.5143277106361812e-5,5.040277692495111e-6,0.06783141370702282,1.9365792472575218,1.6602021902450945,-2.054484817100368,6.604930167256205,1.2485896720220164,27.956805850439803,6.308624403046188,3.675087002292708,28.35602497666527,-29.018330522225902,-18.548169964231324,-10.280017169548922
0.023956624999999995,0.0034223749999999996,7.0,1.3604563334421582,-0.6819279178681357,0.020670944959160435,0.0005649106163200074,-0.0005793405986939092,-1.951596829332672e-5,0.06845504077701892,2.09146298258629,2.050061581442452,-1.4301065932990675,5.314095217972313,3.9866032160615563,33.92471984425121,5.7259394828572034,4.424096457183797,35.506583197200634,-29.425243206640822,-27.118614125002573,-9.738191675156104
0.023956624999999995,0.0034223749999999996,7.0,1.3298296237065812,-0.6511947439035441,0.020963185886381824,0.0006409508016539293,-0.000654569761031266,-1.982675746536771e-5,0.06845627425725304,2.095229019185856,2.0544646569197575,-1.3809131976266027,5.288828253617618,4.072313093082399,34.182801518623336,5.644481129553982,4.412112876966905,35.75547785449298,-29.459497715246155,-27.315887282470747,-9.700941130584528
0.023956624999999995,0.0034223749999999996,7.0,1.2983537696505527,-0.6196502164015193,0.021263305671258784,0.000708380115837607,-0.0007209519006838075,-1.98399347209375e-5,0.06845705169991058,2.0971756578712557,2.0559061915481442,-1.3317969314725027,5.2689157039893475,4.137534946609494,34.38259026332488,5.574007054894367,4.393143928534575,35.963753261982426,-29.477765139882713,-27.448859508246098,-9.662059632523915
0.023956624999999995,0.0034223749999999996,7.0,1.2660321147231304,-0.5872921716025749,0.021560632747254716,0.0007715976612898601,-0.000782992565832157,-1.9845726330937893e-5,0.06845761938311352,2.0977717892621883,2.05497693123055,-1.2818327736645756,5.2549663430607545,4.183231925302463,34.52122754657345,5.516186273754669,4.3662275617888895,36.13374103469379,-29.47037850136391,-27.51112114973954,-9.62119390484964
0.023956624999999995,0.0034223749999999996,7.0,1.2328595463795207,-0.5541226478341582,0.021888302917095426,0.0008184992150026877,-0.0008284567421624144,-1.969336367852326e-5,0.06845806494340054,2.0961564208259937,2.0509573987204974,-1.230678493723008,5.247616433903506,4.209242729766353,34.60179537188963,5.471775736262713,4.328236014080134,36.2769339755479,-29.452150356997826,-27.51870414401419,-9.575852447983632
0.023956624999999995,0.0034223749999999996,7.0,1.198837796890451,-0.520142151087169,0.022243762858666388,0.0008387014446780462,-0.0008468731359523178,-1.9320895817685742e-5,0.06845857739319826,2.0925911827190706,2.0440742098717415,-1.1769493624388572,5.248072082415018,4.21499793329023,34.6183811480414,5.4428881532916185,4.276103280126613,36.398472903831525,-29.41503624869997,-27.462457045554892,-9.524175362541628
0.023956624999999995,0.0034223749999999996,7.0,1.1639653786753044,-0.48535363886004207,0.02264211296715116,0.0008373877191355347,-0.0008435225353784427,-1.903043923731182e-5,0.06845932586509965,2.0869079838844,2.03403248926951,-1.1190950808604032,5.256011507051408,4.1972200551341485,34.55997782965816,5.434551472257386,4.2068561134107565,36.50185482788592,-29.353368584007413,-27.332087427135317,-9.46286762046216
0.023956624999999995,0.0034223749999999996,7.0,1.1282411476727385,-0.44976101486734854,0.02310546739711235,0.0008157244043482594,-0.0008195792392783703,-1.9010600263260802e-5,0.0684606044180564,2.0790717943066133,2.0204414884007704,-1.054866068664881,5.26900124972659,4.150174899295042,34.40990182792914,5.456803352581729,4.117400337281287,36.59389342147465,-29.260134447194247,-27.11015234888007,-9.386401587007859
0.023956624999999995,0.0034223749999999996,7.0,1.091665613710475,-0.4133690475698517,0.023667781876028474,0.0007739713212232048,-0.0007752761523440517,-1.9420987338091006e-5,0.0684630984830579,2.06939422075792,2.002742296784867,-0.980762930192922,5.281359297797349,4.067094011505787,34.14499515946885,5.526755227340585,4.001934183686638,36.692119519170596,-29.129412937451242,-26.769994519574926,-9.28329348148399
0.023956624999999995,0.0034223749999999996,7.0,1.0542427598028519,-0.3761858050892097,0.02438404218135063,0.0007109068135212162,-0.0007094144713154813,-2.034616683626505e-5,0.06846843602846686,2.058815222654219,1.9798217007439496,-0.8912839586911142,5.281920479941139,3.9434393290640513,33.74146780014703,5.672371547339947,3.8472047680754033,36.83490291741359,-28.9651051860855,-26.27605711763545,-9.129125248016532
0.023956624999999995,0.0034223749999999996,7.0,0.7717375049151848,-0.10024292553785627,0.03040362351731116,-0.00011350830614362704,-0.00010597223475447291,4.510380427104895e-5,0.06785192950691576,2.3304298251474838,0.9764054277234377,-0.2974823302274768,10.246268637212008,5.110542934677683,38.89207880132169,9.101532454857155,-4.995496291077278,24.194872844761242,-33.70313400837895,-9.706140508587646,-5.250772346134723
0.023956624999999995,0.0034223749999999996,7.0,0.7278872796529452,-0.060335461945280944,0.020502713110007502,-0.0002592235334837885,-0.0002972326158235298,7.036864263934221e-5,0.06711682045353264,2.4302071518315156,0.6007947992967999,-1.1732341684012637,15.095676325406876,3.9870743204907626,32.16668097499423,7.524548058513657,-6.476815882425332,9.481457598780372,-28.58671210647702,-4.234218506375454,-8.618860442981548
0.023956624999999995,0.0034223749999999996,7.0,0.6790434114285759,-0.019560894403224022,0.011410753224483655,-0.00042801270409132135,-0.0004508859116248338,7.678805711634454e-5,0.06665733991185908,2.047677175150375,0.23549024438177724,-1.9962097377153618,17.61522000790203,1.6007943626742385,12.325443570944286,2.781137522689166,-5.495837356837033,1.7446995379461905,-20.580499595408885,-1.3129436558111556,-12.119382651065004
0.023956624999999995,0.0034223749999999996,7.0,0.6794749178861352,0.02293531338829325,0.012331127693426562,8.171179057423652e-5,4.387570087793783e-5,-1.7972523784355353e-5,0.0688993028026748,2.0650960798958677,-0.014104712618429814,-1.940644829120745,17.830264977200404,-1.3218379881701285,12.593903720442185,-1.466693004435952,-5.947503600041521,1.0468838513806615,-20.296061860128372,-0.2769406104393741,-11.882761377158882
0.023956624999999995,0.0034223749999999996,7.0,0.7294651218935314,0.06261459458976174,0.023791965901544556,0.0005557739906642693,-0.0006535007114226407,-0.00021104455196894036,0.06715406137918889,2.5061514402128733,-0.46891493678331997,-1.0047342110305684,15.61741390096202,-5.863935429967596,32.39159037872893,-5.733903685637122,-7.429810866922368,-8.189660700468817,-27.74567180921381,1.3106277695871482,-8.187603034039652
0.023956624999999995,0.0034223749999999996,7.0,0.7742033333407429,0.10040354881888165,0.03505504311910741,0.00028664544229049555,-0.00030701984304312604,-0.00015646060380351793,0.06796733857638566,2.479433804333423,-0.9917629313715202,-0.04891015724681848,10.39841765703253,-7.235091484362471,38.797400234320904,-8.097929002965117,-5.459752499490718,-24.681347881305445,-32.8182607813276,6.499087391153388,-4.938665157541808
0.023956624999999995,0.0034223749999999996,7.0,0.8163614432897496,0.13902300109901325,0.03826176904873506,0.00014278805653870273,-4.7927124613521904e-5,-5.742935464316373e-5,0.06855006067374622,2.3795854923391437,-1.39371428622322,0.31934766471937664,6.549390160153467,-5.713535596296942,35.699901027506314,-9.616020125487355,-2.3786782002055187,-36.034991862946754,-32.36068174755603,12.769182585087435,-4.170711959947945
0.023956624999999995,0.0034223749999999996,7.0,0.8573954725010824,0.17871761620408252,0.03585118412501765,7.227394058018923e-5,2.6560845392629513e-5,-6.247148545436901e-6,0.06886441420233808,2.28792119606858,-1.6701775635627636,0.20090101164348695,4.796972670346317,-4.004597666094652,32.54135656422688,-9.91077032971396,0.14516024604724576,-39.67679916383704,-30.135862911016698,17.278937621383587,-4.942132916393559
0.023956624999999995,0.0034223749999999996,7.0,0.8978569681107323,0.2189051467674939,0.03212333469653786,4.045700141774114e-5,3.1127992770063086e-5,4.079403087369276e-6,0.06876624605391476,2.200369187340712,-1.840082646454868,-0.0861370076577784,4.57300071438823,-3.1252439364167954,31.670265537373623,-9.04929966531969,1.7960355645522563,-39.69360582629667,-28.88676724279066,20.334504815176768,-6.369036278940487
0.023956624999999995,0.0034223749999999996,7.0,0.9379433122167936,0.2589801022592455,0.028991568597550216,2.5715700701391048e-5,2.2901498250403257e-5,2.8093742569103456e-6,0.06860872981929371,2.140092034584477,-1.9346571260100465,-0.3637885699225099,4.886771330554424,-2.958513965157812,32.11984751632877,-7.886875935686874,2.741978717008418,-38.91961052330479,-28.640245930727065,22.5906258071457,-7.628750047562845
0.023956624999999995,0.0034223749999999996,7.0,1.6824130829916963,1.0079203355965567,0.020887793672777023,2.125982030033017e-5,-1.6417088207790338e-5,-4.8874107464600674e-6,0.0677410022728791,1.9965333277154402,-1.6688820361501522,-2.0938340937502327,6.930440220339495,-0.9283636115095468,28.819574977305727,-6.417970044836911,3.6371100175815503,-28.58168321411421,-29.77015615291748,18.020458306854024,-10.567550237921045
0.023956624999999995,0.0034223749999999996,7.0,1.7011754650575444,1.0275443491238299,0.022044758729596468,2.589007623245541e-5,-2.3439483803590008e-5,-5.421260321321778e-6,0.06766668870848251,1.9675799919188428,-1.5917466898204875,-2.117564950198218,7.071564588637479,-0.3879942197426657,28.490614990153883,-6.418972054214056,3.461393579480854,-27.345046823836995,-29.8192328297926,16.606618148158763,-10.53295816811833
0.023956624999999995,0.0034223749999999996,7.0,1.7190530427828314,1.046398221799313,0.023425352533374605,3.0490162831571903e-5,-3.1204878250013426e-5,-5.391762781093649e-6,0.06761016794688048,1.9322897103160137,-1.5076869484732673,-2.1273726075593995,7.156369947527424,0.24490431819159894,28.284197394289837,-6.4646932441514195,3.292779636170491,-25.938429777385718,-29.87930127314543,15.106252231567522,-10.449149583697917
0.023956624999999995,0.0034223749999999996,7.0,1.7360294822477464,1.064488628228968,0.025025400755549158,3.512649480143678e-5,-3.9400741602843244e-5,-4.667279158765685e-6,0.06757401836760547,1.8882237715604417,-1.4165042513237103,-2.119408567587174,7.161291162460439,0.9679692607310773,28.22844503955,-6.580411068875195,3.141193632802577,-24.308638162847053,-29.950112359791753,13.541691019739238,-10.302484795263013
0.023956624999999995,0.0034223749999999996,7.0,1.752085857960938,1.0818224207097913,0.02683860712768931,3.9353338954692196e-5,-4.703392161496684e-5,-3.1375238601154343e-6,0.0675596668570984,1.832499955919942,-1.3183272186849695,-2.0893113114374446,7.0665322729256035,1.764833070954785,28.336996637649932,-6.790425611159463,3.0128179926788543,-22.403864170830087,-30.02893797672706,11.945837998296069,-10.079350265604454
0.023956624999999995,0.0034223749999999996,7.0,1.76719944557241,1.0984045372301585,0.028864850019834652,4.358150321755324e-5,-5.407210193664375e-5,-9.236903165302665e-7,0.0675670694480889,1.7619023996470262,-1.213788118731438,-2.0330488465925343,6.861544805385439,2.6043665777438143,28.596260781940234,-7.109174349199522,2.906505310229967,-20.197364591298875,-30.112240220823224,10.364098825818566,-9.768050115615406
0.023956624999999995,0.0034223749999999996,7.0,1.781350175638001,1.114235180726286,0.031101388334522615,4.7605671004557435e-5,-5.9862071051429914e-5,1.8037561106695277e-6,0.06759490605930589,1.6737471623949,-1.1043232285343667,-1.9477826129353037,6.5490308766893985,3.4446559458196764,28.958442155615536,-7.531785633769458,2.813773428116267,-17.711452754211233,-30.190184595459748,8.847524455962999,-9.36280430480566
0.023956624999999995,0.0034223749999999996,7.0,1.794521853151966,1.1293081340887512,0.033546746062955726,5.1133741264818915e-5,-6.380977181439142e-5,4.731508936435141e-6,0.06764059455715532,1.5663852568720238,-0.9921154290919193,-1.8330938243055868,6.145836991623626,4.240004245422231,29.345768088475563,-8.027763343480709,2.7202320813529477,-15.029606579982847,-30.24812334438353,7.447715788018795,-8.866069072976574
0.023956624999999995,0.0034223749999999996,7.0,1.8067111003845209,1.1436091139914013,0.03618499184966885,5.37054441609399e-5,-6.542101843752968e-5,7.472980106901484e-6,0.0677004045653987,1.4402206909126585,-0.8799544370564175,-1.6913748770575612,5.679719327590538,4.949698993919448,29.66604939919318,-8.543124416716685,2.6115961737475573,-12.288191646403858,-30.261406160231438,6.205639374507116,-8.291315501338095
0.023956624999999995,0.0034223749999999996,7.0,1.8179315809444165,1.1571166096154542,0.0389805867731584,5.478875411137894e-5,-6.445732313550109e-5,9.665120230919042e-6,0.0677697655572722,1.2980528707342727,-0.7707865227508468,-1.52773725862439,5.18372378397979,5.54435084314098,29.833639110714135,-9.010656889764519,2.478513073684361,-9.649287719279446,-30.19771829948034,5.14570100099751,-7.662236857664149
0.023956624999999995,0.0034223749999999996,7.0,1.8282151604742771,1.1698042803828903,0.041876603735814456,5.397557668104258e-5,-6.104331031737133e-5,1.10675784233188e-5,0.06784375970489799,1.1448950054638245,-0.6672468105335619,-1.3492567071351071,4.690203121511208,6.008440759765559,29.787426848171748,-9.365472118374285,2.3188786636683076,-7.265456097572572,-30.02302543837904,4.273771906314327,-7.009081785179511
0.023956624999999995,0.0034223749999999996,7.0,1.8376084041419667,1.181644228368247,0.04479910058551942,5.115189650399438e-5,-5.563263214930029e-5,1.1608635190666325e-5,0.06791768989700651,0.9872325695461939,-0.571333127403636,-1.1638825208459178,4.2261999976853755,6.3393966685922205,29.50021297730157,-9.56018608031452,2.136876905860316,-5.249869949749607,-29.71037815034939,3.579567443745579,-6.363076903545689
0.023956624999999995,0.0034223749999999996,7.0,1.8461653715067865,1.192610152427529,0.04766619352033769,4.6534886925225664e-5,-4.885747063488554e-5,1.1361834041456638e-5,0.06798759066749198,0.8319504559921002,-0.4842995822554533,-0.9793564373164346,3.810889616171651,6.544828487158074,28.978586786813725,-9.57447042955691,1.9401438385779048,-3.6607096416553753,-29.248143216716386,3.0417366315223178,-5.751033454749556
0.023956624999999995,0.0034223749999999996,7.0,1.8539390719832016,1.2026796994215199,0.05039879498966214,4.057765964047328e-5,-4.135969057796392e-5,1.048431837292715e-5,0.06805058515025554,0.685259843714737,-0.4067319608308493,-0.802387955531066,3.4549575520170275,6.639433282380339,28.25609464232786,-9.416433332309484,1.736993290899658,-2.5012844825547087,-28.644279068758177,2.6336286506422644,-5.191950842916684
0.023956624999999995,0.0034223749999999996,7.0,1.8609741595549985,1.2118357884021205,0.052929900741999436,3.381848371360966e-5,-3.367411722459668e-5,9.1564108467051e-6,0.0681050273635131,0.5519147987558112,-0.3387099552049028,-0.6381811145876797,3.1614254401649675,6.642295520437245,27.38358734201301,-9.116771506688917,1.5348207781580512,-1.7315911862049167,-27.92525212043685,2.328175410444691,-4.696246218323019
0.023956624999999995,0.0034223749999999996,7.0,1.8673025665369127,1.2200670054109948,0.055210392801503326,2.670935769989115e-5,-2.613843880101025e-5,7.53048207054889e-6,0.06815041593187182,0.43486310029114567,-0.2799729418626746,-0.4902897807965,2.927376694124252,6.574675483382914,26.419806282436987,-8.71903915003708,1.339687867534368,-1.2849166074808844,-27.130657534849988,2.1011262668698847,-4.267064561658623
0.023956624999999995,0.0034223749999999996,7.0,1.8729424588528787,1.2273672867363177,0.05721079638261596,1.9879624359318604e-5,-1.921801423327236e-5,5.8078844977957475e-6,0.06818713072082552,0.3353102783210237,-0.2300495526374345,-0.36072126542201943,2.746067230634113,6.458172448752043,25.423804660116318,-8.26979631154734,1.1565140294831298,-1.084019109248238,-26.30600908612004,1.9326174233927993,-3.9025812601172425
0.023956624999999995,0.0034223749999999996,7.0,1.87789983057883,1.2337351138767378,0.058919620202966434,1.3461029313535876e-5,-1.291520830201194e-5,4.0600123354990486e-6,0.06821609164449989,0.2530646937982641,-0.18834837988006783,-0.25019609068093185,2.6089681507020095,6.31324891966617,24.44977749599755,-7.811264589776966,0.9893493315780726,-1.0535366256319787,-25.49620756704398,1.8073776079440835,-3.5983174822800823
0.023956624999999995,0.0034223749999999996,7.0,1.8821718643377443,1.2391724371752824,0.060338547307395296,7.335001967214936e-6,-7.008630869100937e-6,2.2749796242310147e-6,0.0682384256196789,0.1870258409890807,-0.15422282557044484,-0.1584720028881448,2.507363555677139,6.1581098791368065,23.54397327559958,-7.377511109809993,0.8415520960426053,-1.1277306590692993,-24.74082647044156,1.7141541591136438,-3.348915651719745
0.023956624999999995,0.0034223749999999996,7.0,1.8546794069006818,-1.2412546844706376,0.04348217104672899,-0.004405847966800719,-0.004738993388782326,-0.0025038735105273203,0.06830746654043038,0.4409230343573264,0.2700496770615751,-0.5894469756641255,3.1240617846620307,-5.511015993780716,19.537795744325066,9.334977313068995,2.223401070967388,-4.373860354560841,-20.80019918790228,1.2808697500894901,-5.347462855629416
0.023956624999999995,0.0034223749999999996,7.0,1.8505970872346456,-1.236374269777613,0.042400178062025694,-0.002366349062290906,-0.002507175132341258,-0.0013184001923006534,0.06829053417827899,0.4980499693214118,0.3028783624519778,-0.688677082270903,3.325660460839351,-5.62828380688613,20.071131937480786,9.754411244678177,2.4018408303094243,-4.740838991920354,-21.358493978143596,1.4527771704290888,-5.7275012911487755
0.023956624999999995,0.0034223749999999996,7.0,1.8457724094790269,-1.2305910404942895,0.04109789186031773,-0.0019146658548768744,-0.002021436118441176,-0.0010513104359461882,0.06826983285682936,0.5676999668701102,0.3428738657729928,-0.8083837469550829,3.578818613909645,-5.658923190270435,20.48295110123716,10.129817326656182,2.606160119323998,-4.940370733555282,-21.825454473649188,1.50240284541143,-6.184978733233639
0.023956624999999995,0.0034223749999999996,7.0,1.8402028947027853,-1.223905048474225,0.0395767887393514,-0.0016916429456183444,-0.001789249162677773,-0.0009166702786939181,0.06824498051932464,0.6500506921055973,0.3904325249260396,-0.9485135350168175,3.888911510345302,-5.638316753242808,20.833068744354645,10.48538067773201,2.831996613197309,-5.002766720202367,-22.274720605818914,1.5043028136308674,-6.720908123542612
0.023956624999999995,0.0034223749999999996,7.0,1.8338810488940473,-1.2163187496191663,0.03784752425532713,-0.001540507667714249,-0.0016426199712972075,-0.0008253267827981663,0.06821582740311938,0.7446088829060385,0.4458723216902848,-1.1080704516946147,4.259905046433878,-5.553657765646931,21.089550290836062,10.79405384484009,3.07389574405334,-4.869941878701376,-22.690487988174773,1.4485466744364675,-7.333800790487227
0.023956624999999995,0.0034223749999999996,7.0,1.8267931091737961,-1.2078377505718045,0.035932331057416056,-0.0014153270673243378,-0.0015334883432905919,-0.0007516939146981359,0.06818240949080044,0.8499525477796784,0.509365342470575,-1.2847747503923554,4.692903986138007,-5.387030437083775,21.212295293965777,11.022650673195256,3.325314346770062,-4.474509282234392,-23.05034167280411,1.3132309232774104,-8.018218332908075
0.023956624999999995,0.0034223749999999996,7.0,1.8189186062474074,-1.1984713441872148,0.03386604110260552,-0.0012985220454804348,-0.001443741267180046,-0.0006861475370618678,0.06814498605138886,0.9635593403632071,0.5808506431582966,-1.4747998913917446,5.184518171764457,-5.120129146878505,21.164445197300928,11.140165672568536,3.578756325092182,-3.756023140442522,-23.334810678722754,1.0709751230340308,-8.763274496856647
0.023956624999999995,0.0034223749999999996,7.0,1.810231232037867,-1.1882326602359548,0.03169495206722838,-0.0011815846572953057,-0.0013639452777972818,-0.0006239145660350086,0.06810405637976319,1.0818111682053775,0.659926006231344,-1.6726866943863796,5.725331623007699,-4.7371326229346495,20.920889113325902,11.125215669248634,3.826229928229538,-2.6762984436039923,-23.532283508133467,0.6925710755721083,-9.551561551237242
0.023956624999999995,0.0034223749999999996,7.0,1.8007012740304709,-1.177138248856586,0.02947311185566516,-0.001060995767946273,-0.0012884468508919168,-0.000562599730886794,0.06806035182902712,1.2002490557415724,0.7457322464500555,-1.8715415229334398,6.298884087256535,-4.227593696709594,20.476456331419666,10.972885213098177,4.060305004094021,-1.2341389392223614,-23.641605369817103,0.15112415499809334,-10.359189091350546
0.023956624999999995,0.0034223749999999996,7.0,1.790299403802342,-1.1652069562929788,0.02725633307544395,-0.000936539495026516,-0.0012131952662668495,-0.0005011860713777953,0.06801481746982298,1.3140930777291246,0.836869938386184,-2.063594237780002,6.881660567513409,-3.589648116270019,19.852765987418714,10.699067149587142,4.275915112007223,0.5245593383623565,-23.672193514591292,-0.572772621214385,-11.157575679520638
0.023956624999999995,0.0034223749999999996,7.0,1.7790010162056598,-1.1524580902659085,0.025095206118057895,-0.0008106693321141691,-0.0011351907865676564,-0.0004397857869514162,0.06796859738010846,1.4189479951916457,0.9314120431804906,-2.241104058292257,7.444587958882633,-2.8330000412427894,19.10087178170669,10.339958661489712,4.472538656229776,2.5069011812373443,-23.641379902604925,-1.4856990682651419,-11.9171266151124
0.023956624999999995,0.0034223749999999996,7.0,1.7667898900031993,-1.138909124555441,0.023029135632616392,-0.000687801278945655,-0.0010527271827032066,-0.0003795521040974132,0.06792300727196529,1.5115205910537597,1.0270699227430795,-2.39746326442299,7.956354607079583,-1.9805668585063112,18.29675085428855,9.945618314620004,4.655678433926705,4.5868847419663155,-23.569791818217524,-2.5773855877092338,-12.612033041006297
0.023956624999999995,0.0034223749999999996,7.0,1.753659985412184,-1.1245734824037579,0.02108345186976927,-0.000573051617246186,-0.000965826973511141,-0.00032239030966105394,0.06787944667039109,1.5901300926700546,1.1215138901304067,-2.528210112070493,8.388352017859075,-1.067368404649459,17.528497706729883,9.568797896047355,4.83627173727957,6.631513181070515,-23.476473053693393,-3.819701547796022,-13.22462375513866
0.023956624999999995,0.0034223749999999996,7.0,1.7396148149237822,-1.1094590780543025,0.019270659055091156,-0.0004706490199128711,-0.0008762382480863164,-0.0002703477135709188,0.06783922679811795,1.6548377967094932,1.2127592037896497,-2.63161254036683,8.720185706193588,-0.13583679502298784,16.877835052747674,9.252640188830645,5.0274523554165595,8.53102968019574,-23.375521327569444,-5.169744861593081,-13.74763806161015
0.023956624999999995,0.0034223749999999996,7.0,1.7246648377190819,-1.0935681805757713,0.01759593788049826,-0.0003828251290043761,-0.0007867698860301568,-0.00022492398413477633,0.06780339867822394,1.7071363663254546,1.2994600712605093,-2.708607723197596,8.943876082736443,0.7716706893151296,16.40240221170832,9.021779228751297,5.239674111303007,10.221475998440972,-23.275448773348668,-6.576871071433379,-14.183550194039443
0.023956624999999995,0.0034223749999999996,7.0,1.7088238318132871,-1.0768981402254478,0.016059212358466454,-0.00031006794604321666,-0.000700857160247245,-0.00018679408204810567,0.06777225181815873,1.7494521721116947,1.381023698024496,-2.7620497839155562,9.065127760199305,1.6206815998043773,16.125869188907608,8.880481193559588,5.4772240496589,11.690320063599142,-23.178689405056566,-7.990219507680547,-14.542351809858214
0.023956624999999995,0.0034223749999999996,7.0,1.6921062314915964,-1.0594435627132854,0.01466035206822456,-0.00024977359936473017,-0.0006180974587715309,-0.0001550732164976809,0.0677463094090858,1.7844729930130927,1.4574827802420909,-2.7956877030874114,9.100666400483018,2.389687096361739,16.040241909612522,8.817222365393736,5.736986572007047,12.964344371461571,-23.084090734847486,-9.36573896552862,-14.837652972490062
0.023956624999999995,0.0034223749999999996,7.0,1.6745228726289167,-1.041198620262877,0.013423116420461116,-0.00020184644562292102,-0.0005438193497558938,-0.0001298249725385328,0.0677249494683173,1.8141048457620443,1.5289886341850187,-2.813602314940128,9.072044815131992,3.0710293797947132,16.11685846996087,8.811146955685881,6.007985768868145,14.088911570933362,-22.99734269669667,-10.677397910364666,-15.080030584000147
0.023956624999999995,0.0034223749999999996,7.0,1.656084456558798,-1.0221574915332519,0.012351984287380395,-0.0001637215571475415,-0.0004769910135208666,-0.00010953343502878801,0.0677072761376884,1.8402448001487726,1.5959238638880824,-2.818936298253951,9.002082326778678,3.6679972536622922,16.320232608801028,8.84239383444276,6.279188952535322,15.107344558073699,-22.915954954824805,-11.904726719607185,-15.281271279313996
0.023956624999999995,0.0034223749999999996,7.0,1.636798577357086,-1.002316043717354,0.011458288085609569,-0.00013367605797253232,-0.0004182437487598603,-9.327416760625967e-5,0.06769212062241738,1.8640530882137034,1.6584694713570545,-2.8142289520316517,8.910102915083597,4.1905416352818,16.61800811172466,8.893931076853692,6.539164911761521,16.050302103332008,-22.84102430026746,-13.039161910228174,-15.44926782684513
0.023956624999999995,0.0034223749999999996,7.0,1.61667111787235,-0.981671835041525,0.010747148619653655,-0.00011035173023522464,-0.00036769286896354617,-8.02079928849306e-5,0.067678148101796,1.8862953595687835,1.7166354025663773,-2.801382040163318,8.81108437337631,4.651085431898091,16.984962386747398,8.952954647211495,6.778780809253472,16.93367497799051,-22.773369562727535,-14.07799715798156,-15.589865182629781
0.023956624999999995,0.0034223749999999996,7.0,1.595706435551287,-0.960223891650051,0.010214662604843938,-9.246077542403486e-5,-0.00032506365657207205,-6.966245883073961e-5,0.06766409608359546,1.9074744158380046,1.7703003504847652,-2.78187720406658,8.715895414361166,5.061561823437055,17.402250479984524,9.010053705921635,6.99187144383973,17.761929414971892,-22.713091518732586,-15.0214144087931,-15.707766858200898
0.023956624999999995,0.0034223749999999996,7.0,1.5739074160845943,-0.9379721910066381,0.009846978571265154,-7.891516141894285e-5,-0.00028992427500997594,-6.114973387713642e-5,0.06764899900472975,1.9279222219966459,1.8192939082639736,-2.7569609586256796,8.631954214184494,5.431711189306226,17.854735225939287,9.058322463416335,7.175342815729751,18.53308112594856,-22.659309602197894,-15.87059830251174,-15.807297029914249
0.023956624999999995,0.0034223749999999996,7.0,1.5512754544160063,-0.914917038240578,0.009621635223400659,-6.903637702979263e-5,-0.0002625699537017273,-5.450093796653419e-5,0.0676323469371413,1.9478413569346735,1.863480496954305,-2.7277514527075732,8.563745386536558,5.768419155905357,18.328604832791395,9.092949031133127,7.328921198048725,19.243091015361372,-22.610249319074832,-16.626994904586052,-15.892666584585278
0.023956624999999995,0.0034223749999999996,7.0,1.5278103573900805,-0.8910586805324862,0.00951210385102587,-6.073729620694042e-5,-0.00023712731939333842,-4.838403984100096e-5,0.06761411981304363,1.9672805812793845,1.9027928853286713,-2.6953003356118925,8.513099041790063,6.075656604239496,18.8108477212705,9.111190219169961,7.4545105915950165,19.888798118915865,-22.564794938260285,-17.29283966943424,-15.96760963338508
0.023956624999999995,0.0034223749999999996,7.0,1.503510694483476,-0.8663968264603986,0.009490449268763723,-5.4851517241593964e-5,-0.00021825622955602442,-4.371956506066196e-5,0.06759469783489655,1.9861699180517853,1.9372783633082475,-2.6605525138970267,8.479600640565689,6.355320878654383,19.28830419717208,9.112168193264095,7.555501933633886,20.469940513473823,-22.521404056379666,-17.87149541122807,-16.03510257419956
0.023956624999999995,0.0034223749999999996,7.0,1.4783741540112123,-0.8409305930129,0.009531595150175336,-5.0539937490457814e-5,-0.00020379648177865434,-4.003838399763322e-5,0.06757467894945421,2.0043210282135253,1.9670826294369916,-2.6243184790053755,8.461039711255832,6.6077570247398585,19.749857567140204,9.096901836549135,7.635865831413406,20.989496274352252,-22.480103620331853,-18.36794706801621,-16.096905542669248
0.023956624999999995,0.0034223749999999996,7.0,1.452398086073756,-0.8146585134846843,0.009615259337024194,-4.7488054251398665e-5,-0.0001932321210067484,-3.7220613557874096e-5,0.06755468858055308,2.0214755406695386,1.9924372860878659,-2.5872238368348657,8.454059403852371,6.832672926083792,20.187141061129125,9.067841266309985,7.699420560151618,21.453594061870383,-22.442068212382477,-18.789065841268894,-16.15347996400397
0.023956624999999995,0.0034223749999999996,7.0,1.4255800160041103,-0.7875786713107978,0.009726598233073877,-4.54696543914829e-5,-0.0001861345530734087,-3.5163070844747415e-5,0.06753523858676029,2.0373626613423386,2.0136385813016684,-2.5496806718396288,8.454917686535325,7.0297920267401866,20.59538755344828,9.028347908027992,7.749266288752075,21.87067597240163,-22.409623459294576,-19.143243320960178,-16.20418397528738
0.023956624999999995,0.0034223749999999996,7.0,1.3979179602028846,-0.7596889344386447,0.009855935241887716,-4.4327188921465654e-5,-0.00018217356611418802,-3.378045112905711e-5,0.06751670521799162,2.0517424387962877,2.0310141355611515,-2.5118769336837667,8.460311151135327,7.199428507704528,20.972266535364476,8.98192603522154,7.787348962264829,22.250287970422185,-22.385352947065794,-19.43915170100515,-16.247660113400162
0.023956624999999995,0.0034223749999999996,7.0,1.3694105115794575,-0.7309873018606516,0.009998152028732372,-4.3949689915361245e-5,-0.0001810920562097732,-3.3003622745890787e-5,0.06749930139560298,2.064410272468916,2.0448697223893104,-2.4737549809498294,8.468008575225548,7.342842781210688,21.31471898748596,8.93139177217798,7.814231647814951,22.60090118030264,-22.369950796756203,-19.6832920583034,-16.282240223040485
0.023956624999999995,0.0034223749999999996,7.0,1.3400565369430608,-0.7014722832874601,0.010152076468846246,-4.4260370457871275e-5,-0.00018270220529711283,-3.27856177920729e-5,0.06748322929259035,2.0751665138879316,2.05542899911979,-2.4350010692553905,8.476777928186737,7.461923645464152,21.61695192693019,8.878624002759347,7.82952601429811,22.92646135288935,-22.36012236619498,-19.877695160584565,-16.30630394248486
0.023956624999999995,0.0034223749999999996,7.0,1.309855118535323,-0.6711429677347022,0.010319370171585098,-4.521702719380246e-5,-0.00018690549719381375,-3.310440120900399e-5,0.06746857431824184,2.08381670227675,2.0628297293891102,-2.3951135933519243,8.485592907681717,7.558159259870695,21.873073608264736,8.825303508853263,7.833056669184279,23.22480492024643,-22.34946730910052,-20.020600500122146,-16.318649576865976
0.023956624999999995,0.0034223749999999996,7.0,1.2788058582213344,-0.6399985658565618,0.010502431142622948,-4.682155515275584e-5,-0.00019375261836306236,-3.3968830243181094e-5,0.06745527031761937,2.0902429376734655,2.0672058769815194,-2.353533039054672,8.493353330219723,7.632191061314324,22.081036644299708,8.773576333052427,7.825434549163795,23.49191366508209,-22.33231436415971,-20.109978279265185,-16.318787879383514
0.023956624999999995,0.0034223749999999996,7.0,1.246910886808825,-0.6080376197414944,0.01069169387183678,-4.9251113290959865e-5,-0.00020398778620849478,-3.5513872431954835e-5,0.06744317179940687,2.0947179007374035,2.06898784558879,-2.3094346388174887,8.500197732234017,7.685137782167168,22.24093984348725,8.725678134659457,7.807267152016601,23.728290590395783,-22.300822223560303,-20.14032764979558,-16.307464884250617
0.023956624999999995,0.0034223749999999996,7.0,1.214166939070459,-0.5752605319327483,0.010913138399398031,-5.138997757522276e-5,-0.0002130833287922088,-3.695483651136554e-5,0.06743212661851486,2.0966974685443907,2.0678118297425314,-2.262547827837414,8.50618608846852,7.7171318843865775,22.35244423775546,8.681425528627194,7.7759324963051375,23.94182381527108,-22.26467233041494,-20.121377863723055,-16.28211858477365
0.023956624999999995,0.0034223749999999996,7.0,1.1805751304083016,-0.5416673469654016,0.011164041505220315,-5.480008680387315e-5,-0.00022755683507854498,-3.945446418052072e-5,0.06742210302636548,2.096302209099288,2.0638409554821604,-2.2115693144639113,8.512537183009533,7.728885095447315,22.408902911961437,8.641114228275908,7.728502331953233,24.140855167239085,-22.216751526731468,-20.044889293596658,-16.241039514962793
0.023956624999999995,0.0034223749999999996,7.0,1.1461344438259589,-0.5072595536638767,0.011456310855117597,-5.8540724423344274e-5,-0.00024360815951725263,-4.241265860771104e-5,0.0674131290158485,2.0933290325295446,2.0568483746459587,-2.154891772950874,8.518499898167175,7.718475421985721,22.40141605344263,8.606601169246124,7.661470991017616,24.332848066739544,-22.152873609774186,-19.901417458264763,-16.179970889184805
0.023956624999999995,0.0034223749999999996,7.0,1.1108439942690504,-0.4720392375929974,0.011807806491294818,-6.256848050719626e-5,-0.0002612143519772963,-4.5929229538715536e-5,0.06740519749036399,2.0876458616265476,2.046488008553744,-2.0902181849947854,8.521216662869152,7.682355309437227,22.317395118789857,8.583569465180686,7.5711122322965085,24.52746311830718,-22.066978118767295,-19.67478290133915,-16.092328895165664
0.023956624999999995,0.0034223749999999996,7.0,1.074703452953251,-0.43600898999984444,0.012248456984227796,-6.665163360197472e-5,-0.0002796594814309241,-5.0038729526194965e-5,0.06739812811327334,2.079347881783228,2.03218877026763,-2.014270405182978,8.514969716170668,7.616770123854107,22.14165895599343,8.58389452224782,7.451298760659536,24.742605244021266,-21.954139831118358,-19.341303067049207,-15.966268476830207
0.023956624999999995,0.0034223749999999996,7.0,1.0377188093156129,-0.3991726584928022,0.01280950203296851,-7.041709450164445e-5,-0.00029773292110259517,-5.474715221310847e-5,0.06739119023842498,2.0695294217511964,2.0132467457755014,-1.922014817292747,8.489927574581017,7.520709405887627,21.864612562800204,8.630828432561978,7.289829260405413,25.010238408560824,-21.808490870196284,-18.862305977888024,-15.779756834986433
0.023956624999999995,0.0034223749999999996,7.0,0.9999023288353965,-0.3615391150164348,0.013546303199570946,-7.332404401611991e-5,-0.0003134949499573009,-5.995073365715602e-5,0.06738267644780417,2.0605666589043117,1.98783595983138,-1.8068166254651001,8.431413023098784,7.401031878249772,21.4994690764273,8.76521080672748,7.059062992430899,25.384190687848694,-21.641731928422434,-18.19466875016307,-15.49047601552968
0.023956624999999995,0.0034223749999999996,7.0,0.9612815569482647,-0.32313062537203724,0.014531011965649343,-7.462109420152262e-5,-0.0003238430435316247,-6.52407023471398e-5,0.06736919255496283,2.057231191183697,1.951767914179081,-1.660586615022748,8.328308191691015,7.285032664520119,21.10128479358034,9.048325151398867,6.697204558172033,25.931883072414106,-21.488528281339285,-17.285401133381058,-15.025512749863047
0.023956624999999995,0.0034223749999999996,7.0,0.9219062181857932,-0.2840036481926039,0.01584182025976401,-7.357984333995658e-5,-0.00032439499208796894,-6.952705761298217e-5,0.06734446061473315,2.066997127004073,1.895719379809971,-1.4766759864097847,8.198468932065742,7.231338580052916,20.81033503755514,9.550772678998875,6.082389068445212,26.669661400158816,-21.423134264418785,-16.072108269572215,-14.28085800051095
0.023956624999999995,0.0034223749999999996,7.0,0.881845945323256,-0.24428085513762332,0.017492319649347405,-7.034931374044976e-5,-0.0003108827688124823,-7.05255948646042e-5,0.06729812743646092,2.0984224162473217,1.8021099644150067,-1.2598230858684096,8.151720753317504,7.3190600189307435,20.940787972053673,10.302182168587422,5.0170220362637155,27.400304221889172,-21.608055800912137,-14.498960311746972,-13.168742789581229
0.023956624999999995,0.0034223749999999996,7.0,0.8411514140545412,-0.20417818750204847,0.01922336290027508,-6.770497924987181e-5,-0.0002844185054943403,-6.564010260519625e-5,0.06722148716581725,2.1546875962576304,1.6449563253339161,-1.0495457752769726,8.495131411340306,7.5739837080753665,22.01480278060356,11.166629743378401,3.2716077168859314,27.35798597410218,-22.320891320043348,-12.506790564977502,-11.766739128226233
0.023956624999999995,0.0034223749999999996,7.0,0.7997555670526071,-0.16396592724825831,0.020120496929912503,-7.357955209916133e-5,-0.00026175597675850114,-5.689654063741671e-5,0.0671291757059463,2.22315682526112,1.399625656082793,-0.9565977612730793,9.743259004343763,7.7823923588862645,24.272202119364746,11.725208076768947,0.7908690493665973,24.66374812014695,-23.633504582201677,-9.944527114665851,-10.534128053710356
0.023956624999999995,0.0034223749999999996,7.0,0.7573275691369264,-0.12379576450011147,0.01851076374621769,-0.00010258777753973549,-0.0002715264663384198,-5.2818319485541106e-5,0.06708147281947602,2.2672762709191607,1.06398754356536,-1.1560658172215228,12.276496128008501,7.335402240141291,25.591695725473834,11.331544868314474,-1.9544096017477883,17.027913896103183,-24.42892463065001,-6.719446212995858,-10.322086526260687
0.023956624999999995,0.0034223749999999996,7.0,0.7129608151962903,-0.08345733745669151,0.013800884309003059,-0.00014628785846866464,-0.0002808564152667847,-5.212277418201841e-5,0.06720885573676579,2.1790829515896073,0.67331952707012,-1.678804236824679,15.474275683386207,5.58920610849542,19.86815384888797,8.93412152606934,-3.8748599132423975,6.501174709350866,-22.574457133706197,-3.561232228816567,-11.599415770143814
0.023956624999999995,0.0034223749999999996,7.0,0.6654236190653458,-0.04217950047475984,0.009585854487554469,-0.0001091970244117986,-0.00017319127934518484,-3.287725728843793e-5,0.0676835967995717,1.7724568526498043,0.31383087335676546,-2.1267653729245355,16.07581881446329,2.8859677320571535,5.794359985085462,4.203240485816883,-3.9758980145745357,0.8456536004336879,-18.28792751415642,-1.5573962856418189,-12.099920799888727
0.023956624999999995,0.0034223749999999996,7.0,0.6156101026048992,0.0009493924935339169,0.009955681532101902,-7.286504738119919e-5,-0.00014371235493041115,-2.5445891259870733e-5,0.06834030934529715,1.150903837722417,0.08269529260880776,-2.083084573837484,11.610357090218004,0.7160325401347715,-4.72362042617836,0.35572329231382066,-2.732064786385118,1.1301985400579653,-13.571960265916227,-0.48193237022599955,-8.878292303832863
0.023956624999999995,0.0034223749999999996,7.0,0.66604368528171,0.04455509558978279,0.01076818816749992,-0.00013388939953106664,-0.00021235445814323742,-3.118606851715847e-5,0.06802730838408218,1.811403568746694,-0.10680043675858866,-2.0218017839953366,16.527508161910866,-2.1646692409918824,6.286374835280229,-3.1865064873524194,-4.815432482577866,1.422743640403661,-17.592651234694053,0.28525806791850833,-11.712075679332989
0.023956624999999995,0.0034223749999999996,7.0,0.7144603009773499,0.08516472837340665,0.016322692409905706,-9.348807121847606e-5,-0.00010621672864284935,-1.0097630453479575e-5,0.06789683699493927,2.2881680897854437,-0.5274303205509511,-1.4824800485844165,16.246713301631754,-6.57643537121306,20.227191202353534,-8.104645502279165,-5.228693423804176,-5.601569668152599,-21.0584175130539,1.4381541010660985,-11.018019877827555
0.023956624999999995,0.0034223749999999996,7.0,0.7593697120070376,0.12413614160320377,0.02152376070079006,1.5191929122000748e-5,-3.839867055843427e-5,7.070988895275962e-6,0.0668363334842957,2.4410103149329436,-1.039826196893997,-0.9263061257121774,12.738749019804864,-8.98672636227189,25.362228072632195,-11.494921425349355,-2.8762474038976533,-17.53943125892944,-22.507765543815374,4.1042402676694225,-9.862501615907231
0.023956624999999995,0.0034223749999999996,7.0,0.8016205423084778,0.16330939830946076,0.02262059984346401,5.90704155664283e-5,-0.0002176553301349532,5.199004370306526e-5,0.06694512711986239,2.40235667521387,-1.463221568209576,-0.7575192024856116,9.659797904403609,-8.854037338415292,23.6279826482015,-12.797563784290267,0.5293816431361386,-25.662523539642795,-21.81738441343165,7.497619181500669,-10.189179547539762
0.023956624999999995,0.0034223749999999996,7.0,0.8424605185862196,0.2031571182644645,0.020821352010135342,7.986135451674863e-5,-0.0003583788555936677,9.472572462075756e-5,0.06711665173956698,2.2940965946506506,-1.7418055345988304,-0.9106911791202942,8.233284181010607,-7.93345576359151,21.350216032009996,-12.409639072938113,3.362449260713774,-28.25328310282093,-20.995043256468865,10.519125423911893,-11.595733441724388
0.023956624999999995,0.0034223749999999996,7.0,0.8826612015826529,0.24326822045637966,0.018299303273796568,9.397420233923787e-5,-0.0004372217594398186,0.00011119202266760975,0.0672446785981727,2.1943775394502425,-1.9008637836041262,-1.1766326808371386,8.00858173604947,-7.285579273199577,20.49193731212425,-11.286702741031984,5.198625554303219,-28.11156405832955,-20.874136831826668,13.04743441025948,-13.20720729035268
0.023956624999999995,0.0034223749999999996,7.0,0.9224298200943135,0.28312302743357115,0.016114284276844623,0.00010252939388669574,-0.00046502910555255253,0.00010737932507700031,0.06731068155368641,2.1344556549833786,-1.9853495690252951,-1.4333723713056734,8.22742818143357,-7.068372793201876,20.638741607559226,-10.22753659614775,6.249044479046644,-27.271991511437395,-21.149800605932793,15.104554241272647,-14.47647266048022
0.023956624999999995,0.0034223749999999996,7.0,0.9616717602605683,0.3223854626116604,0.014491785614799219,0.00010471977608951928,-0.0004600328053223831,9.631091512392777e-5,0.06733912257626916,2.1105753999892247,-2.030990991651751,-1.6424967071756054,8.479615242917523,-7.128955569236583,21.16877332865277,-9.503148212701047,6.828858441796394,-26.478289316334227,-21.491019216068384,16.676661789115638,-15.308473684713915
0.023956624999999995,0.0034223749999999996,7.0,1.0002443055254078,0.3608979916856257,0.013343762302073315,0.00010196455472913786,-0.00043739673492205306,8.476376482094472e-5,0.06735164466982937,2.108586772836172,-2.0586921159964775,-1.8035555825151621,8.647169938493281,-7.302186547495111,21.723947019663097,-9.090193874962075,7.166472162822352,-25.89411853351739,-21.77673844773393,17.812966728259997,-15.813642101315638
0.023956624999999995,0.0034223749999999996,7.0,1.0380497897479644,0.39860338607033746,0.012527111342704544,9.636159498419682e-5,-0.00040705995996139454,7.470509864663139e-5,0.06735898558310775,2.1165607120046146,-2.078335185951644,-1.9274439134607335,8.733249194288202,-7.486562229274865,22.167074570414908,-8.88868203137438,7.387372500102715,-25.49404517761188,-21.99278224325466,18.610811894106654,-16.12062169439092
0.023956624999999995,0.0034223749999999996,7.0,1.0750377479271853,0.43548661641980213,0.01192777580359294,8.954391836238475e-5,-0.00037471890772564895,6.631213666719175e-5,0.06736533281450632,2.127285252640364,-2.093740475786387,-2.0253460861420813,8.768340121023716,-7.638212627146139,22.476028314290247,-8.809921065840173,7.548671763737952,-25.212707687880915,-22.153910460242752,19.16740833113344,-16.317011884761673
0.023956624999999995,0.0034223749999999996,7.0,1.1111865834966266,0.4715462811624781,0.01146787160876755,8.254383638441635e-5,-0.00034339603323378057,5.936751526609483e-5,0.06737214574522557,2.1372445500255792,-2.1061436682351307,-2.105552729545457,8.777786047538253,-7.746536554763681,22.668890937795645,-8.7959180545216,7.673449943075304,-24.99490359780156,-22.274930446324387,19.555287386405027,-16.45123599061355
0.023956624999999995,0.0034223749999999996,7.0,1.1464883320811845,0.5067841492499644,0.01110037415715825,7.590093084505319e-5,-0.00031458162419941034,5.3620424077975744e-5,0.06737986776212698,2.144984520553971,-2.1158382522355956,-2.173626334408045,8.776681649019702,-7.814781656763016,22.76962733748568,-8.813910087279558,7.77073512808046,-24.805596384551222,-22.367753596544844,19.823530307153803,-16.547416777100146
0.023956624999999995,0.0034223749999999996,7.0,1.1809412797114223,0.5412013148966659,0.010795959205849505,6.988144205083575e-5,-0.0002889157442069105,4.8869654819089864e-5,0.06738854037890667,2.150119253308507,-2.1229324561874527,-2.233188790848844,8.772849070473114,-7.849905400024789,22.79777392254041,-8.846971757203711,7.844578729198569,-24.626271737978925,-22.44130489898756,20.003424618416613,-16.617427799671677
0.023956624999999995,0.0034223749999999996,7.0,1.2145462295088072,0.5747978553644101,0.01053455528989334,6.451441164760782e-5,-0.000266261894803667,4.490793740612358e-5,0.06739808228572,2.1527574483315117,-2.1275722216784456,-2.2866581933045858,8.769837988091554,-7.858141199904793,22.767643061939975,-8.88738699461016,7.897977849103851,-24.448065160040834,-22.502396594990547,20.11444759935227,-16.6678158371954
0.023956624999999995,0.0034223749999999996,7.0,1.24730435340098,0.6075736171599622,0.010302934382044656,6.064930534228421e-5,-0.00024997723284472237,4.219424942303342e-5,0.06740838880551801,2.153119395418841,-2.1298756977463205,-2.335738498305362,8.76828714435157,-7.843123847605424,22.68957293220826,-8.932684599111663,7.9343831165742476,-24.265248432909218,-22.556393043432628,20.168977353745575,-16.702670260925824
0.023956624999999995,0.0034223749999999996,7.0,1.2792155454157226,0.6395294080891946,0.010099157909205292,5.679418378329643e-5,-0.0002338246700671268,3.962447307574539e-5,0.06741953890159995,2.1511833204626805,-2.1296946669694785,-2.3817676499172116,8.766620013234592,-7.805255211968834,22.571286024091105,-8.982711666931902,7.957248850276635,-24.071528207101117,-22.61045839414932,20.176674122717067,-16.723868863511235
0.023956624999999995,0.0034223749999999996,7.0,1.3102806889928216,0.670665623209108,0.009903742151297232,5.3936899785844486e-5,-0.00022180598460886248,3.785445120703206e-5,0.06743165650736152,2.1472915272675532,-2.127162042961256,-2.425301382061399,8.763677137472591,-7.744348475129255,22.413933601063256,-9.03790522250927,7.969916807226648,-23.858952111811682,-22.659139267086395,20.133067193238453,-16.73359394469924
0.023956624999999995,0.0034223749999999996,7.0,1.3404982025743066,0.7009847670524886,0.009722108804246246,5.1886429986040206e-5,-0.00021309244250987674,3.6732887718154804e-5,0.06744493265376446,2.1411758354075547,-2.121812119832085,-2.467144175424535,8.758401791419058,-7.659001129868648,22.216171138484402,-9.09679132977072,7.973305119427086,-23.62164245544556,-22.706878788138432,20.041160942967696,-16.731706910846132
0.023956624999999995,0.0034223749999999996,7.0,1.3698674852415837,0.7304890032114579,0.009553044611276016,5.06136534801901e-5,-0.00020751129895634206,3.623115822245146e-5,0.06745955996443743,2.1327948103889502,-2.113315204118048,-2.5078266891260523,8.75135443833604,-7.548355642660791,21.97454887126262,-9.157172386257244,7.967587105354419,-23.35433358028844,-22.754176319302033,19.898506459814975,-16.71894154369046
0.023956624999999995,0.0034223749999999996,7.0,1.3983886100593206,0.7591804663292129,0.009396397558705903,5.013148323797416e-5,-0.00020504057704138421,3.635214761969307e-5,0.0674756414365299,2.1222029438486123,-2.1013468280357115,-2.547783694157733,8.744099376115349,-7.4115942138117035,21.68646221038879,-9.216354134748466,7.952490424746604,-23.051843896029414,-22.801565573273635,19.701395942375587,-16.69658980086195
0.023956624999999995,0.0034223749999999996,7.0,1.4260624471354904,0.7870612718216455,0.009253785559820224,5.0487091405728885e-5,-0.00020575667859818795,3.712030706416504e-5,0.06749314211847987,2.109558573020634,-2.0855883007611977,-2.5873150527517725,8.738968939296749,-7.247930228071855,21.351503949857513,-9.271287189877931,7.927348307135387,-22.70830304287858,-22.849470709454184,19.445008441754414,-16.666317246432143
0.023956624999999995,0.0034223749999999996,7.0,1.452890660722275,0.8141335257508616,0.009129760606841357,5.176586172312637e-5,-0.000209822695063109,3.85779898431416e-5,0.06751184953203763,2.09510958834943,-2.065724813638897,-2.626528231301297,8.738970292435262,-7.056831872156052,20.972085801545813,-9.318583408685454,7.890819508774254,-22.31702951724315,-22.89803350467738,19.12357812064718,-16.62978980120952
0.023956624999999995,0.0034223749999999996,7.0,1.4788756131286436,0.8403992437501078,0.00903311222718088,5.410181933951017e-5,-0.00021749125475063427,4.078415901191807e-5,0.06753134866787439,2.079165895396384,-2.041454925037158,-2.6652897560528337,8.747606039329488,-6.838212839968288,20.553750962579283,-9.354710925087646,7.840645846662474,-21.870984509018573,-22.94711493324792,18.73080414567862,-16.588251885991962
0.023956624999999995,0.0034223749999999996,7.0,1.504020135579396,0.8658601915221713,0.008977953196099243,5.769479835986069e-5,-0.00022911942246264778,4.381666752348033e-5,0.0675510388750674,2.0620575875532436,-2.012509764361353,-2.7032032206419365,8.7684823487256,-6.592387837139052,20.10511720621535,-9.376425536400603,7.77363545760217,-21.363706777045884,-22.996493609896742,18.260487255888275,-16.542117806327777
0.023956624999999995,0.0034223749999999996,7.0,1.528327152207638,0.890517694781209,0.008984088039127926,6.282436236933131e-5,-0.0002451530056999491,4.7772279527833696e-5,0.0675702172722831,2.0440829672666423,-1.978677417304836,-2.739624537469038,8.804730755721776,-6.319714171991252,19.637321933065994,-9.381333845484871,7.685933195881673,-20.790518568092025,-23.046178691563913,17.707204490126244,-16.490663951603448
0.023956624999999995,0.0034223749999999996,7.0,1.551799193921926,0.9143724906303611,0.009076187259056099,7.027009852070042e-5,-0.0002676430716914191,5.3076402607003296e-5,0.06758822879300265,2.0254574994602437,-1.9398272681905167,-2.773711793620678,8.858352902618035,-6.019962124508267,19.16302966665414,-9.368414778130933,7.573570013642118,-20.14956083590275,-23.096593510387134,17.06679959045455,-16.43192291626015
0.023956624999999995,0.0034223749999999996,7.0,1.5744378832268233,0.9374247056930217,0.009281571986562346,7.912849380659218e-5,-0.000291845000727582,5.8833163145391305e-5,0.06760464974967265,2.006275712084809,-1.895926816108126,-2.8044894825679263,8.929614426995073,-5.691376630307749,18.69615890648954,-9.33852339346624,7.433213190939816,-19.44193224459161,-23.149260857614976,16.336310948149322,-16.3628276179349
0.023956624999999995,0.0034223749999999996,7.0,1.5962435104095223,0.9596740160983864,0.009626831963737072,9.139348288019756e-5,-0.00032357158625954746,6.629794887993833e-5,0.06761945595936067,1.9864933043322788,-1.8470425023986483,-2.8308978752034877,9.016574882532506,-5.330113854789595,18.250183825288993,-9.294329041848117,7.262980064185351,-18.67132382418797,-23.20541825934364,15.513986870960164,-16.27955494671786
0.023956624999999995,0.0034223749999999996,7.0,1.617214809731314,0.9811199933075351,0.010133944600134105,0.00010761803210868672,-0.00036244989562187824,7.560684338869902e-5,0.06763311028280204,1.9659265264753814,-1.7933171889166526,-2.851803237845192,9.114743332133504,-4.929467880485361,17.83937048685342,-9.240559238240765,7.063167954527633,-17.842027711314284,-23.266673122749985,14.598542136972933,-16.177911286661136
0.023956624999999995,0.0034223749999999996,7.0,1.6373489402743764,1.001762604993719,0.010816949378930824,0.00012874345192181655,-0.0004088783588939842,8.719528080393038e-5,0.06764653731339601,1.94425070026542,-1.7349197955931075,-2.865953423666454,9.216727568744894,-4.479899619563274,17.479331804990018,-9.183972570719797,6.836788377192971,-16.956231739358472,-23.333960540159005,13.589123111893299,-16.053515945937885
0.023956624999999995,0.0034223749999999996,7.0,1.6566415424437708,1.021602797841582,0.011680326195923147,0.0001558926836103462,-0.00046315142472322217,0.00010166965149064788,0.06766098108125561,1.920967629614873,-1.6719709029482848,-2.871868091197292,9.311708953605757,-3.969686669115261,17.189196475360987,-9.133781389637676,6.589832395795199,-16.00992713181912,-23.407314513341678,12.485935220987948,-15.901541349400953
0.023956624999999995,0.0034223749999999996,7.0,1.6750866871219336,1.0406430163764568,0.012719797809630354,0.00019025409491772944,-0.0005252403069404759,0.00011979012526125946,0.06767779054927228,1.895316293478589,-1.6044645075993018,-2.867664661965285,9.384782279263888,-3.3865904660277506,16.994048414546587,-9.10252524443337,6.33116820507352,-14.988116392827832,-23.486094696435494,11.292050683719268,-15.715950484337407
0.023956624999999995,0.0034223749999999996,7.0,1.6926766633896415,1.058887437462105,0.013925192447084695,0.00023336101206001744,-0.00059467023432656,0.00014241020527358701,0.06769818375020768,1.866138445719854,-1.5322279953935831,-2.85085763507666,9.41670933865101,-2.7207671731700422,16.92560823598539,-9.106879971649246,6.071838905136384,-13.861425833428832,-23.569509017587567,10.016307874285985,-15.488548243787397
0.023956624999999995,0.0034223749999999996,7.0,1.709401030999453,1.0763418423020434,0.015290227495327989,0.0002875992424428939,-0.0006727115072560003,0.0001709618130445844,0.0677231027220557,1.8316120788838082,-1.4549143876672082,-2.818349848736512,9.384860259634412,-1.9688511155740411,17.018356673076052,-9.166521975020203,5.822717010780748,-12.58799734183199,-23.659358237865526,8.678409010193414,-15.207577270415156
0.023956624999999995,0.0034223749999999996,7.0,1.7252481945889437,1.0930124271383246,0.01679601172555105,0.0003530853993705239,-0.0007544507003745229,0.00020542210219645234,0.06775325365828737,1.7897438838562536,-1.3723552289142642,-2.7662495728012577,9.267444054762993,-1.1381496683480903,17.29974508437943,-9.301807540189392,5.593858713617419,-11.123501374108194,-23.751859164689957,7.304944530188262,-14.861302768380408
0.023956624999999995,0.0034223749999999996,7.0,1.7402034858942916,1.1089047127029177,0.018443401900475036,0.00043231505659064906,-0.0008405346110957891,0.0002467047170214934,0.06778830239063283,1.7378417575634981,-1.2845304737664232,-2.6909494223106574,9.047409669734604,-0.24937760015413865,17.77688179015395,-9.524387052378257,5.387984423485378,-9.441394713896258,-23.84892131203768,5.93905148469054,-14.43539409321998
0.023956624999999995,0.0034223749999999996,7.0,1.7542531993242145,1.1240214558505872,0.020230243727575013,0.0005251757832728198,-0.0009279468909394613,0.00029436037932359946,0.06782804284502239,1.6735288653881508,-1.192047988360314,-2.58966850692788,8.718447619458539,0.6642834861824066,18.425717592818078,-9.830894767851,5.201010931513965,-7.553067197594016,-23.947777573454836,4.629543776893891,-13.919458550972513
0.023956624999999995,0.0034223749999999996,7.0,1.7673864522988052,1.1383606102516726,0.022152536933674197,0.0006299922289201119,-0.0010140378363465048,0.0003471625074455511,0.06787156133577664,1.5952485378179775,-1.096230700195221,-2.4615428027381507,8.28747517564293,1.5620691148661674,19.188968764502583,-10.197938090817825,5.022597952787444,-5.519789424903946,-24.04100682556333,3.425687774895698,-13.310073128430371
0.023956624999999995,0.0034223749999999996,7.0,1.7795993545117006,1.1519144444490714,0.024198041028730112,0.0007431969179868466,-0.0010969157572764921,0.0004033220428052075,0.06791765447860733,1.5028707612814571,-0.9990401820112085,-2.308275589921701,7.7737357732406425,2.4031658955992485,19.985854267109147,-10.584017578914086,4.840059162312764,-3.4475265338982375,-24.115088743805238,2.368726917216711,-12.613794935553404
0.023956624999999995,0.0034223749999999996,7.0,1.7908975538844287,1.1646696657102513,0.026341745502613444,0.0008601950086171324,-0.0011761480868202605,0.0004610744467246137,0.06796497210777429,1.3979908491260795,-0.9027897246698495,-2.1342071021601674,7.204851069313565,3.153846599693045,20.72951264163547,-10.937931297314474,4.642971788142502,-1.4652936907186584,-24.15123703905305,1.4853198074413911,-11.847822857456064
0.023956624999999995,0.0034223749999999996,7.0,1.8012969372235512,1.176608837046159,0.028544630003020547,0.000976788333566186,-0.001252934902655592,0.000519261332122816,0.06801217655075253,1.283818927720862,-0.8097714608223733,-1.9457513989970145,6.611573810083278,3.7918940124705722,21.34514429301448,-11.210639329887474,4.426265945147467,0.3040244397200935,-24.128644234065774,0.7846406575803484,-11.03783975523074
0.023956624999999995,0.0034223749999999996,7.0,1.8108219187907224,1.1877125629451009,0.030756481002161027,0.0010904336892404705,-0.00132984033818971,0.0005776559572230271,0.06805803851553112,1.1646913303683362,-0.7219422144512254,-1.7504228748172688,6.022994019521345,4.307606379843613,21.782569225788613,-11.366175605333067,4.190748378941856,1.7689988486906414,-24.029349476721467,0.25951261207212784,-10.213742398463202
0.023956624999999995,0.0034223749999999996,7.0,1.8195018493318444,1.1979617779677991,0.03292173506066949,0.0012010325281563894,-0.0014106160541224391,0.0006370971047024131,0.06810148412912821,1.0453699454977137,-0.6407546713718437,-1.5557771993735772,5.463216929593376,4.702211686401252,22.02064159507641,-11.388103177515045,3.9416381112497043,2.8832862246253708,-23.842975422306953,-0.1095283702457839,-9.404855040843081
0.023956624999999995,0.0034223749999999996,7.0,1.8273667037283428,1.2073396010420305,0.03498635125963184,0.0013116170855953602,-0.0015007254979711973,0.0006997477175891407,0.06814163172690946,0.9303427353623157,-0.5671351474264272,-1.368542027679047,4.949737047186331,4.985054152851036,22.06463423361347,-11.280255496794226,3.6864378691001893,3.6459875601558016,-23.56959727358288,-0.3489295163293187,-8.636174916286524
0.023956624999999995,0.0034223749999999996,7.0,1.8344432682086294,1.2158324974230696,0.03690373362664628,0.0014299911831332625,-0.0016094730775790894,0.0007700539964125975,0.06817783040618672,0.8232986544201346,-0.5015553552222687,-1.1940795712095083,4.493249991934259,5.17060233344232,21.939487117573996,-11.062731816071976,3.4331803963037095,4.092147839422748,-23.21985752645497,-0.48704542098499026,-7.9264303882379705
0.023956624999999995,0.0034223749999999996,7.0,1.840752642063936,1.2234307382004999,0.03863845310486859,0.00157220168767909,-0.001754397304449692,0.0008568833326073126,0.06820968423294868,0.7268596686009231,-0.4441388907336311,-1.0361915953499496,4.098465675183025,5.275781667469808,21.68176566285187,-10.765373585497045,3.1893990629047684,4.27874960041869,-22.81257372339264,-0.5501664067739381,-7.287864738087793
0.023956624999999995,0.0034223749999999996,7.0,1.846309288803507,1.2301282874127304,0.04016744721197571,0.0017812543323691638,-0.001982977310717054,0.000984364931725524,0.0682370459315743,0.6425601821168937,-0.3947644346001758,-0.8971948694198665,3.76547486845236,5.317270286523245,21.331233323523254,-10.420529177813819,2.9616812774637618,4.269995796086838,-22.369866968147655,-0.5590449564438726,-6.727156145916123
0.023956624999999995,0.0034223749999999996,7.0,1.8511213972515652,1.2359222940770127,0.041479097179819666,0.002203167319074135,-0.0024599593980552835,0.0012361708363554749,0.0682599817433675,0.5710043478489933,-0.35315173471750905,-0.7781662166577834,3.4912831853773407,5.307091555084133,20.919697528491003,-10.055017656433934,2.7555350616711833,4.121845638685525,-21.90775760819407,-0.5229499358974912,-6.246818247048526
0.023956624999999995,0.0034223749999999996,7.0,1.8551920777843196,1.2408123620688782,0.04257093449571739,0.004104523421894141,-0.004648328011254147,0.002350386973617064,0.0682787912051125,0.5121137466254193,-0.3189305326196738,-0.6792638254662887,3.2712283667585504,5.212070773935938,20.3889468980389,-9.647503134925552,2.5753846060423413,3.8078937366920953,-21.354719900265426,-0.3720862091963708,-5.846612972800889
0.023956624999999995,0.0034223749999999996,7.0,1.8526373141867896,-1.238815210266624,0.042943683246103294,-2.082044957079912e-5,-8.875922620200734e-6,-5.2548462407972826e-6,0.06824083196656572,0.46926238472744475,0.28634801850861,-0.6388045114669973,3.2234001397987306,-5.699388574887237,20.051848472984005,9.6754926061631,2.313253482825042,-4.790667565970623,-21.324292416562226,1.5924969774134332,-5.536653622623771
0.023956624999999995,0.0034223749999999996,7.0,1.848184019340553,-1.2334833747896161,0.041751396315303176,-6.982468056077561e-5,-2.98492055901217e-5,-1.7295520583028626e-5,0.06822136909665145,0.5326371618634936,0.3227300071481692,-0.748278551915059,3.450349350177564,-5.725682352809243,20.436000614752746,10.02617735830279,2.5049781456456715,-4.99281994198667,-21.747418076934512,1.618613373140603,-5.95532749582324
0.023956624999999995,0.0034223749999999996,7.0,1.8429875774283422,-1.2272485350620013,0.0403387245786579,-0.00010476434341783378,-4.5046356698013556e-5,-2.5424100373430747e-5,0.06819727157221626,0.6086829081358135,0.36648390415454124,-0.8782855206970835,3.7316580889488518,-5.7183596216532315,20.795684695572184,10.38057031669178,2.7204979473297723,-5.104784256145176,-22.182961250604414,1.6213804633316822,-6.452156036278629
0.023956624999999995,0.0034223749999999996,7.0,1.8370431435010628,-1.220111867952446,0.038711468522234296,-0.00014304623354974806,-6.213252190378703e-5,-3.397003111393296e-5,0.06816816507843905,0.6972689429405418,0.41797289416336997,-1.028335528050919,4.072133670282153,-5.659282141856663,21.088904037851815,10.707660015027933,2.9549054815006297,-5.060650585542489,-22.60395031968374,1.5816488654101177,-7.027039151782783
0.023956624999999995,0.0034223749999999996,7.0,1.8303401639103818,-1.2120773443099955,0.03688592129434189,-0.00018398464501832715,-8.11761880841388e-5,-4.271364760213806e-5,0.06813391155267287,0.7974588831961829,0.47744984545185987,-1.1968205051479957,4.474475050713548,-5.529151450936502,21.27196725473513,10.973062793602889,3.202194367555881,-4.79001372786591,-22.983739361249153,1.4767447373588516,-7.676669418269425
0.023956624999999995,0.0034223749999999996,7.0,1.8228614736148334,-1.2031523876463752,0.03489066962162618,-0.00022611852778335877,-0.00010202104552329139,-5.12562019483656e-5,0.06809476154061621,0.9072863147592893,0.5449805224116077,-1.380702286184822,4.937704756206722,-5.308513090337751,21.30351878366779,11.14286182047331,3.4553144374883398,-4.22554316796484,-23.298807627370795,1.2798083337354595,-8.393019193695064
0.023956624999999995,0.0034223749999999996,7.0,1.8145834676874024,-1.1933482371076767,0.03276660737477288,-0.0002674940456885767,-0.00012434365134902578,-5.906369275237341e-5,0.06805148481038198,1.0236616590259409,0.6203453778747307,-1.5753262975203521,5.455546469431049,-4.979596923250718,21.150856966020793,11.189664443721128,3.7064389188158287,-3.315587633366937,-23.53241653525029,0.9614400910638713,-9.161985388246869
0.023956624999999995,0.0034223749999999996,7.0,1.8054777517507883,-1.1826798329766206,0.030564514129418897,-0.00030566779734890806,-0.00014750122476157477,-6.54294770841246e-5,0.06800543342150343,1.1424968866007101,0.7029245178799162,-1.774467084632399,6.015098724320632,-4.5287574253277025,20.7975876689071,11.099539227078694,3.947691591119275,-2.038889853667319,-23.67764381946772,0.4928314534362549,-9.96279031543992
0.023956624999999995,0.0034223749999999996,7.0,1.795514319194203,-1.1711650547133015,0.028340103203536925,-0.00033800423351864896,-0.00017040244317569804,-6.951356090254462e-5,0.06795851843066852,1.2590974309393155,0.7915918481058812,-1.9707027572891682,6.596263563646372,-3.9494464828194182,20.251210979543558,10.8777843865098,4.172584931687067,-0.4174381605695224,-23.738598829383246,-0.1497096689997594,-10.768848495333431
0.023956624999999995,0.0034223749999999996,7.0,1.7846657442381042,-1.1588232265190705,0.026147327248350807,-0.0003621900959866904,-0.00019142566375384855,-7.048139450918855e-5,0.06791312844280732,1.3687912731904783,0.8846719555280562,-2.1561571373357586,7.172441630030034,-3.245363706316671,19.548151077141753,10.551007565020791,4.37810197818978,1.4780613691940383,-23.729031716164815,-0.9794577875082974,-11.55054360821982
0.023956624999999995,0.0034223749999999996,7.0,1.7729113329174717,-1.1456730028907216,0.024031647533264113,-0.0003768877677383817,-0.00020853058268704454,-6.776617541757557e-5,0.06787203987738286,1.4676652537156945,0.9800255045365356,-2.3235322578313538,7.712932049249551,-2.4329066938271176,18.753071722690443,10.16360384121209,4.566689845109159,3.5351481905407596,-23.668510719134332,-1.9944735523655372,-12.279621894358707
0.023956624999999995,0.0034223749999999996,7.0,1.760239956068866,-1.1317300349379853,0.022025419438561004,-0.00038221515131221616,-0.000219659888334899,-6.137017461016535e-5,0.06783831692627519,1.5532031841778746,1.075298409681727,-2.4672064622286296,8.187139606013922,-1.5415545493601936,17.95012047119437,9.768591910657921,4.746838537101517,5.620363371234891,-23.57744457005918,-3.1750125300951186,-12.933978143115448
0.023956624999999995,0.0034223749999999996,7.0,1.74665063115686,-1.1170050589628606,0.02014706485587289,-0.0003796734637897353,-0.00022330302920050342,-5.200810641308973e-5,0.06781511628692037,1.6246180020900538,1.1682914875350718,-2.584067976635726,8.569986419611881,-0.6109293879747727,17.22665683001095,9.415296373601821,4.931129005071681,7.608853176660638,-23.472778056718223,-4.484623633068011,-13.501115424683567
0.023956624999999995,0.0034223749999999996,7.0,1.7321507619978351,-1.1015031076553874,0.018405144264388086,-0.0003714742687891679,-0.00021887248435636613,-4.093609660294275e-5,0.06780534904107759,1.6827416100755612,1.2573163409581274,-2.6737940462587875,8.846991517589732,0.3155568744448025,16.65419037821612,9.138171347026338,5.131869378403817,9.412196873475937,-23.366120542031695,-5.875551740453124,-13.978860895993549
0.023956624999999995,0.0034223749999999996,7.0,1.716752919774821,-1.0852236871180871,0.01680051127138836,-0.0003597330785393741,-0.00020667639788810168,-2.957336328459472e-5,0.06781120670643065,1.7296435037255449,1.3414179028751354,-2.738390048435588,9.017239038986048,1.198729771744076,16.27379004759129,8.951372765235254,5.356840372705869,10.993062415355178,-23.262491460739767,-7.295873843324224,-14.3740794116919
0.023956624999999995,0.0034223749999999996,7.0,1.7004712776368718,-1.0681626784944374,0.015336523625539673,-0.00034632614232022417,-0.00018799779359952542,-1.9124220652247638e-5,0.06783350353604649,1.7678623308608639,1.420315451620646,-2.7813501840567287,9.092370269873511,2.010393310335566,16.09225981015087,8.849935423404869,5.606088747548711,12.361398160824693,-23.163817694365694,-8.698785979282675,-14.698459017422232
0.023956624999999995,0.0034223749999999996,7.0,1.683319468338943,-1.050313949000049,0.014014708323972051,-0.0003313404844478956,-0.00016321103912382532,-1.0336740951524536e-5,0.06787298230911212,1.7999867171140056,1.4942400409082195,-2.80651119184627,9.09270450135062,2.7363461547498806,16.089356506571995,8.817200014998068,5.873265909408791,13.556088628875067,-23.068079677128825,-10.046089867335846,-14.965970410759422
0.023956624999999995,0.0034223749999999996,7.0,1.66530733919172,-1.0316718323693577,0.012860001743381581,-0.00031599079690708897,-0.00013427356885505518,-3.5955419153573914e-6,0.06792791483695464,1.827673398908736,1.5633850179435733,-2.817694679723754,9.040531844320851,3.3749916848423442,16.231646135611545,8.831320382430782,6.145830374762424,14.623750441586676,-22.981082402899997,-11.31811638728469,-15.186362219083255
0.023956624999999995,0.0034223749999999996,7.0,1.6464442152262617,-1.0122312106442972,0.01187769074916568,-0.0003005182138268285,-0.00010273084950848554,1.053343950741923e-6,0.06799508641032095,1.8525116109222144,1.6280742233886416,-2.8176808972679472,8.957311222801689,3.9336433002668034,16.484190030559326,8.873747591927652,6.412604034439321,15.60212778689828,-22.900745880728035,-12.500034524014698,-15.369915257240985
0.023956624999999995,0.0034223749999999996,7.0,1.6267368129726516,-0.9919888083007148,0.011076274443891056,-0.0002854060170112755,-7.035351105877375e-5,3.818403333880508e-6,0.06806942545978571,1.8754473889807561,1.6884026772459706,-2.8086568724707313,8.860197152612535,4.423984083281106,16.818031476471784,8.929614263033518,6.663202265040799,16.51434648033368,-22.827926843114714,-13.586751339815763,-15.523399417653334
0.023956624999999995,0.0034223749999999996,7.0,1.6061902210189094,-0.9709429807927922,0.010456603278166514,-0.00027104205245942405,-3.877103266732136e-5,5.073494524315905e-6,0.06814461673147927,1.8970976360294611,1.744304608241083,-2.7922840141840926,8.762004823380149,4.8584889204329125,17.211351423329194,8.987944076827755,6.889952579361321,17.370040150878904,-22.763028424297076,-14.577452045857815,-15.651957402741473
0.023956624999999995,0.0034223749999999996,7.0,1.5848080546702132,-0.9490933106601998,0.010009713753387632,-0.0002578020427240576,-9.298376049416166e-6,5.26693820504149e-6,0.06821454663862654,1.9178710124139788,1.795622863942452,-2.769905131894527,8.67177713930056,5.248123839405041,17.64742911215609,9.040671599251429,7.088255022956112,18.169906627007638,-22.705545014003746,-15.473080385175606,-15.760032162256657
0.023956624999999995,0.0034223749999999996,7.0,1.562592434298106,-0.9264400304869262,0.009717229155730214,-0.00024606865555865023,1.721889176398256e-5,4.838744185262061e-6,0.06827486761425723,1.9380288185896137,1.842193243486173,-2.7426948600615937,8.595393625792873,5.601200213042333,18.11196613808388,9.081975485530537,7.256482819361354,18.910539455946125,-22.654089880362168,-16.275104466655876,-15.851876445154245
0.023956624999999995,0.0034223749999999996,7.0,1.5395439924749443,-0.9029834198408297,0.009553702584082894,-0.00023621439238055985,4.046968081767763e-5,4.151941534518058e-6,0.0683237263630794,1.9577074634409541,1.883918010072064,-2.7117268143326227,8.535981562351994,5.92312245265876,18.59138797376203,9.108083620142875,7.395576458178421,19.588164988495773,-22.606734351974858,-16.985242513958315,-15.931558020530415
0.023956624999999995,0.0034223749999999996,7.0,1.5156618181284223,-0.878723534990249,0.009491867620799361,-0.00022713774457005446,6.025303373160081e-5,3.4436365713229425e-6,0.06836139254231269,1.9768837043322809,1.9207784359200546,-2.67801136204707,8.494167808630278,6.2167055559454045,19.072485364075835,9.117187213165387,7.508264948796731,20.200906564969337,-22.562219428543056,-17.60635995699317,-16.00243275742703
0.023956624999999995,0.0034223749999999996,7.0,1.4909439918409182,-0.8536597765700805,0.009504739127799184,-0.0002191482341554702,7.677434495935399e-5,2.863665495466073e-6,0.068389381364896,1.9954274729914254,1.9528752439366912,-2.6424285032280332,8.468568829400985,6.482938252527791,19.54307756208563,9.109429655225565,7.598341744247488,20.750131568981093,-22.51978810855167,-18.142547347576066,-16.06691057364847
0.023956624999999995,0.0034223749999999996,7.0,1.4653879635557514,-0.8277909574347722,0.00956950185832424,-0.00021203959471242652,9.03536393555443e-5,2.4643645796552977e-6,0.06840961027156005,2.013108391824172,1.980399572862956,-2.605700278830226,8.456309413656466,6.721767716270135,19.993213970830993,9.086589047170493,7.66978019170118,21.240500042706444,-22.479963710455444,-18.599762047804205,-16.12608960535766
0.023956624999999995,0.0034223749999999996,7.0,1.4389911150160186,-0.8011153636954712,0.009668621409230539,-0.00020551792047454853,0.00010132317608764192,2.2381832131669697e-6,0.06842391079462769,2.029654698846045,2.003618389048433,-2.5683465745788907,8.453738789179345,6.932839621413443,20.416329627853138,9.05164657,7.726095516165474,21.67942210672089,-22.444539450069893,-18.98572131907915,-16.179834305344826
0.023956624999999995,0.0034223749999999996,7.0,1.4117511959474165,-0.7736309298556513,0.009789891533116057,-0.00019925743817601212,0.00010995503329533024,2.1472469678897897e-6,0.06843383017366933,2.044808746922415,2.0228496293615503,-2.5306670602579393,8.457237920188359,7.116119338554196,20.809180443852075,9.008135865750786,7.769854574229394,22.076069133689494,-22.416135749216476,-19.30916051379603,-16.227092494417743
0.023956624999999995,0.0034223749999999996,7.0,1.3836665302105338,-0.7453355558487018,0.009926113960500796,-0.0001929261743869116,0.00011644649479582385,2.151406775106133e-6,0.06844059820101227,2.058348423789697,2.0384156032449416,-2.4927314203699056,8.46399243897162,7.27238526990199,21.169503337536955,8.959288162442931,7.802301188161207,22.439804445168573,-22.396751632725564,-19.578043576316357,-16.26629362713284
0.023956624999999995,0.0034223749999999996,7.0,1.3547358836866588,-0.7162274436276953,0.010074130640157096,-0.00018621523107021254,0.00012092690766812014,2.213935825518308e-6,0.06844515150932313,2.0700782367176607,2.0505887218040737,-2.4543488279973764,8.472349692135051,7.403323805546291,21.49283670052921,8.907410208699803,7.823412020991837,22.77723150791482,-22.385152750957023,-19.796711844306266,-16.295761713126886
0.023956624999999995,0.0034223749999999996,7.0,1.3249582125177548,-0.6863054327183625,0.010234471816630149,-0.00017889104405364737,0.00012344837478953574,2.308209011394707e-6,0.06844816001024012,2.0797946217598313,2.059542167043053,-2.415097300831903,8.481283545308118,7.5107550579175015,21.772750199438335,8.854142379755533,7.832747859293451,23.08908556711199,-22.376141164420833,-19.964970482495115,-16.31403140460158
0.023956624999999995,0.0034223749999999996,7.0,1.2943328138042733,-0.6555687413594251,0.010409401748128037,-0.00017082906276461458,0.00012398776170987247,2.408578260676911e-6,0.06845007729711536,2.087331929992086,2.0654001037196172,-2.374430958797357,8.489681551354556,7.595704788224113,22.00501654838239,8.801394122579202,7.830569770427498,23.371373899027613,-22.363152178251195,-20.080432129159554,-16.320251321782074
0.023956624999999995,0.0034223749999999996,7.0,1.2628596377513202,-0.6240164941649983,0.010601225901947106,-0.00016198875286345488,0.00012254066844128624,2.4901139334600203e-6,0.0684512233399595,2.092629568210527,2.0683188520746776,-2.3317889110533585,8.496708278315964,7.658673714426127,22.189469087222193,8.751332337250041,7.817502077188561,23.621926360234667,-22.34212484464688,-20.14201556653161,-16.314210355504503
0.023956624999999995,0.0034223749999999996,7.0,1.2305411090433203,-0.5916472647621601,0.010799915263251029,-0.00015262846740324927,0.0001194152692218627,2.537443897329618e-6,0.068451880770994,2.096002170695363,2.0687392145657713,-2.2862732079563024,8.503195562784702,7.701082273798327,22.32570123847078,8.70559444000993,7.793288396506613,23.844673010221832,-22.30610893375576,-20.144205952887578,-16.29648395929134
0.023956624999999995,0.0034223749999999996,7.0,1.197373247475373,-0.5584620542763555,0.011035069909147073,-0.00014140652566498908,0.00011381867213631709,2.533085071891512e-6,0.06845219798496921,2.09680725595499,2.066174006622744,-2.2375000740899007,8.509335182690714,7.722842629175417,22.41091009198489,8.663404293388549,7.754308246377836,24.048956863117272,-22.264949223241853,-20.09621654365458,-16.263643429068566
0.023956624999999995,0.0034223749999999996,7.0,1.163357094446974,-0.5244613773685057,0.011304922787599902,-0.00012885717310569768,0.00010630782990648217,2.4625912042536616e-6,0.06845238029510162,2.0951413993962644,2.0607207174912556,-2.1838961716684837,8.515712678724588,7.723632707192202,22.437102826816588,8.625771348975956,7.697446973446421,24.242415035986525,-22.21023835605678,-19.98651168529708,-16.21315965217103
0.023956624999999995,0.0034223749999999996,7.0,1.1284915218979457,-0.48964709137462076,0.01162428968878833,-0.00011497686217739628,9.69912401981351e-5,2.2901506853610565e-6,0.06845264383031824,2.0908087849413546,2.0520844584040145,-2.123543936637835,8.520542005006705,7.700569996813073,22.393495964575337,8.596219607622418,7.619229352051136,24.43295015770039,-22.13668226650859,-19.80257599055328,-16.139771357057825
0.023956624999999995,0.0034223749999999996,7.0,1.0927759547318794,-0.45402147194128484,0.012015573338790695,-9.999650389881944e-5,8.613850335784103e-5,1.978517343541515e-6,0.0684534076208737,2.0837808449496684,2.0398430970355426,-2.0536877369224764,8.519720217112972,7.64981615142664,22.26573956550922,8.583166214884594,7.515117681809381,24.63359386932618,-22.03806074503405,-19.524294626596326,-16.034837898922362
0.023956624999999995,0.0034223749999999996,7.0,1.0562120722104436,-0.4175875502733067,0.012512590883529984,-8.440630535371714e-5,7.419777833123083e-5,1.5107628403880869e-6,0.0684556662333174,2.074495050947112,2.023323574780375,-1.9702964042892535,8.505570023195691,7.56842974822706,22.039813663728246,8.603310880903175,7.37652063308071,24.868660292082968,-21.90966328688796,-19.12206275085624,-15.882090656276416
0.023956624999999995,0.0034223749999999996,7.0,1.0188092603631058,-0.38035113040726115,0.013153829071647865,-6.900367529940238e-5,6.179662348029416e-5,9.084902950202747e-7,0.06846174301565756,2.0646824794053593,2.001460742339844,-1.8674523637559812,8.46565621850679,7.45841369170199,21.715109202218184,8.688093863620997,7.185245091058152,25.180238642638596,-21.750997705400106,-18.552828855981023,-15.650901309564937
0.023956624999999995,0.0034223749999999996,7.0,0.9805860006233337,-0.3423259614759069,0.01400520165505593,-5.4896621262493115e-5,4.9763617177716585e-5,2.4750491742819496e-7,0.06847654898763855,2.0577777657645915,1.9714604676572431,-1.7377045433943303,8.38520178051943,7.335016451196718,21.32291118580141,8.888792415290368,6.899471103275506,25.63274334616822,-21.58507384055507,-17.770074147276546,-15.28467288379493
0.023956624999999995,0.0034223749999999996,7.0,0.6905557900609597,0.0651039501189737,0.013161678848514838,0.0004204654544822196,-0.00025215266454230845,-5.2922606259509404e-5,0.06717764980788814,2.0907335170128025,-0.2912614847187477,-1.7948002232098854,17.062376233250372,-4.397345004568558,13.811983156639307,-5.695082844735232,-5.38093779709564,-1.007931603703473,-19.4405611011092,0.7628037934709532,-11.68143843615474
0.023956624999999995,0.0034223749999999996,7.0,0.7372235617812474,0.10462229110593506,0.01932796221107125,0.0003026539159076805,-0.00017554823827238035,-5.4407378100835244e-5,0.06772491927329304,2.39812927455094,-0.7847078371710949,-1.170918776896832,14.625217475734324,-8.159583517419584,24.063382141959252,-10.060963981219919,-4.331191142695767,-11.568571220459592,-22.11590592623368,2.596398604899427,-10.294026333038541
0.023956624999999995,0.0034223749999999996,7.0,0.7806400836042259,0.14354028126269291,0.022582134126659832,0.0001869252201489811,-4.7299858459607825e-5,-2.6261986080196966e-5,0.06842085643645279,2.436863518144077,-1.2679395492651484,-0.7895615418868541,11.021480870676797,-9.129113613446654,24.887025735513582,-12.397311016403206,-1.1819799114725271,-22.374967852061545,-22.313323956887075,5.809159451178867,-9.83950095920427
0.023956624999999995,0.0034223749999999996,7.0,0.8220529838187818,0.18306660021357557,0.021931227421722255,0.00010802571919230346,2.83107582523303e-5,-1.5175262444557742e-6,0.0688171440451702,2.3513427959669047,-1.619365569408875,-0.8075687064720671,8.74946914869421,-8.3944209145612,22.36519782598202,-12.769302999558155,2.060550665325411,-27.48547026303654,-21.351575290581973,9.068926794798182,-10.810019814019606
0.023956624999999995,0.0034223749999999996,7.0,0.8625151865800622,0.22311379902072895,0.019563800828050128,6.620712538824892e-5,4.462330061954454e-5,5.142286062384933e-6,0.06876267021992122,2.240342242577388,-1.833040779351871,-1.0390574558668113,8.0242449815999,-7.54690648801257,20.784350093680846,-11.887127712350289,4.394072851656613,-28.356793535730333,-20.888209649236423,11.832985855162116,-12.418317833256504
0.023956624999999995,0.0034223749999999996,7.0,0.9809452858882137,0.3416368851479253,0.013870712207360837,5.288079565783997e-5,4.608976915079891e-5,8.056052668328341e-7,0.06846760345705598,2.107705960533223,-2.046198041401297,-1.7280029634367406,8.57466974582697,-7.202754262013975,21.488393244197145,-9.271023186000853,7.017123592631837,-26.15747435081034,-21.67643136243182,17.286924775978772,-15.591793338458801
0.023956624999999995,0.0034223749999999996,7.0,1.0191429775929128,0.37974934626455,0.012904398387485319,6.359482653327614e-5,5.4073330483583054e-5,-3.030787616430194e-7,0.06844961227703457,2.1118597303893494,-2.069135092749564,-1.869054156357025,8.698308785409893,-7.390746520330549,21.994135372571762,-8.975312217256652,7.286201587439753,-25.673506862438362,-21.92501285457359,18.242843299289802,-15.984510372849641
0.023956624999999995,0.0034223749999999996,7.0,1.0565437888522915,0.41704424357121556,0.012207214446002769,7.671405873474962e-5,6.388319220098097e-5,-1.210464564831639e-6,0.06844439717454501,2.1218441929671052,-2.086421116963069,-1.9787686321260853,8.755252070580605,-7.56228597334106,22.367969043233547,-8.843464279601987,7.47309542745616,-25.341831447119286,-22.109842155996372,18.910970070178635,-16.228347498036765
0.023956624999999995,0.0034223749999999996,7.0,1.093113634733314,0.45351560977304467,0.011685445740971696,9.068398736093605e-5,7.418468423502424e-5,-1.918950138023298e-6,0.06844391160908596,2.1324496364366836,-2.100247456387342,-2.0670364993515666,8.775083270824174,-7.6929749796068165,22.614575644298004,-8.801850015336557,7.614519208828719,-25.099135386174,-22.24811018822193,19.37790006313066,-16.389602479652876
0.023956624999999995,0.0034223749999999996,7.0,1.1288395923514374,0.4891640558216706,0.011275656636037005,0.00010458278099298431,8.41318901097309e-5,-2.4461188016067298e-6,0.06844480156512785,2.141412859754439,-2.111296753115588,-2.1406414936442157,8.777944461876016,-7.780992985980564,22.757417001389516,-8.806259333833868,7.724937235329892,-24.900131416182198,-22.352221794589635,19.702651414640407,-16.50288169720591
0.023956624999999995,0.0034223749999999996,7.0,1.1637169691054419,0.5239914940164289,0.010942644554331315,0.00011792851617947965,9.316744662480204e-5,-2.8159059948877836e-6,0.06844581185491216,2.147861131049235,-2.119680333305184,-2.204120357953375,8.774818200346092,-7.832216611788334,22.81869415743514,-8.832822867795247,7.810178478571121,-24.71866982857509,-22.43326835210793,19.925309712573497,-16.584996678917218
0.023956624999999995,0.0034223749999999996,7.0,1.1977458110825694,0.5579983440559305,0.010661653990209819,0.00013044865130591482,0.00010096662046029677,-3.075709365745321e-6,0.06844655141459068,2.1517279204308872,-2.125535364111317,-2.2604003740385976,8.77115097073644,-7.853621783326331,22.815187859701876,-8.86981589615525,7.873469879230779,-24.54191492746826,-22.498675917580275,20.070263685982425,-16.644620849967225
0.023956624999999995,0.0034223749999999996,7.0,1.2309272881694255,0.5911844509796228,0.010416309389308862,0.00014208066476265263,0.00010734484727627016,-3.261681941953977e-6,0.06844689361440118,2.153211744645305,-2.1290068063207777,-2.311504606953113,8.768938721028423,-7.850269655218526,22.759189004722128,-8.912523958712192,7.917952949179524,-24.363250859219004,-22.554669852767237,20.15309321976147,-16.686891670207956
0.023956624999999995,0.0034223749999999996,7.0,1.2632616332153093,0.6235503568776828,0.010203405459605682,0.00015223458134109333,0.00011168673192277276,-3.3842242477987924e-6,0.06844674610048258,2.152327356069327,-2.1300009993972666,-2.359022745443893,8.767405782464573,-7.8239528232933075,22.659943132004162,-8.959808080884418,7.947040454242257,-24.177097422591032,-22.60944042804715,20.186656355128175,-16.714446236706827
0.023956624999999995,0.0034223749999999996,7.0,1.2947503111324126,0.6550958417134138,0.010000265403558332,0.00016214929650284663,0.00011469940297278671,-3.4571064303335172e-6,0.06844599012346443,2.149523151913335,-2.12876872123969,-2.4036374991668716,8.765435156569952,-7.7751010663808895,22.521272248092167,-9.012454202215388,7.964742802067926,-23.975563735096202,-22.658059848285564,20.167845787720893,-16.73017795863787
0.023956624999999995,0.0034223749999999996,7.0,1.3253918073871682,0.6858232033486327,0.009811922794029539,0.0001715345293532182,0.00011596467540430371,-3.4846792237055424e-6,0.06844440234455401,2.1445371072716934,-2.124878092469564,-2.4462554545622406,8.761342073409978,-7.702280834181778,22.34362734282514,-9.069604266779976,7.972733288739587,-23.75222365243575,-22.705567236333053,20.10126391744121,-16.73407536214955
0.023956624999999995,0.0034223749999999996,7.0,1.355185311173627,0.7157345636097255,0.009636641344877392,0.0001804198781623398,0.00011534531569735949,-3.484441950420756e-6,0.06844165834615443,2.1372971353281955,-2.1180074212082056,-2.487457360529363,8.755046503948742,-7.604540057267751,22.12399014752953,-9.129482490583275,7.971614340585546,-23.501375798791983,-22.75247534943519,19.985266666591823,-16.726660844534276
0.023956624999999995,0.0034223749999999996,7.0,1.3841305279534162,0.7448320774500515,0.009473690332980818,0.0001888884878878128,0.00011274126290879521,-3.4873998115846367e-6,0.06843728877194184,2.127806113545525,-2.1078282916221878,-2.52772835655707,8.747650560797348,-7.4810614795666135,21.8590785284091,-9.189605925123669,7.961295412340744,-23.217936403059717,-22.799289615490316,19.816755953526545,-16.7089459731381
0.023956624999999995,0.0034223749999999996,7.0,1.4122279215917284,0.7731178637824496,0.00932367053193543,0.0001970697452298989,0.0001080292796109796,-3.534454675730392e-6,0.06843063417779945,2.116170953800363,-2.0940199702312587,-2.567442965142466,8.741114936961665,-7.3310212916280575,21.547266039316003,-9.24710810156977,7.941333076666337,-22.896447780378832,-22.84650996379006,19.591469339867768,-16.682448013628008
0.023956624999999995,0.0034223749999999996,7.0,1.439478761765476,0.8005940362309996,0.009189493917477564,0.00020515059382513384,0.00010103213731678685,-3.6757734955589203e-6,0.06842079510255644,2.1025970241069434,-2.076265463553526,-2.6068125941522275,8.738117967170613,-7.153722356035863,21.189486331137086,-9.298769231280293,7.9107656305230725,-22.530625418454232,-22.894429448280682,19.304094645518596,-16.648883597693683
0.023956624999999995,0.0034223749999999996,7.0,1.465885078162408,0.8272626706450059,0.00907765299223642,0.00021337851791061383,9.15011165096924e-5,-3.967913829139662e-6,0.06840658227027034,2.0873672623657615,-2.0542549007359003,-2.6458298993616363,8.741946188280469,-6.948835255339792,20.789681044601835,-9.341097976265734,7.867816400576639,-22.11353517184719,-22.94303424208313,18.948546105172394,-16.60976258885712
0.023956624999999995,0.0034223749999999996,7.0,1.4914495032368373,0.8531256805271389,0.008999469491824258,0.0002220465327398167,7.911635497398598e-5,-4.4622800913773146e-6,0.06838648553141027,2.0708075775247634,-2.027700393489,-2.684231616631173,8.756214613532155,-6.716489819814341,20.354954104126893,-9.370649141816884,7.8097501182838265,-21.638296588408892,-22.992108819069692,18.51849921115603,-16.565964731815974
0.023956624999999995,0.0034223749999999996,7.0,1.5161749687650543,0.8781846351457915,0.008971890797008494,0.00023144999356338028,6.35183378345004e-5,-5.181624926537434e-6,0.06835870998481115,2.0532389574745724,-1.9963583622513943,-2.721494358369058,8.784372470484374,-6.457079749463459,19.895270905038434,-9.384536776956653,7.732995681761807,-21.099190325859716,-23.041507798801067,18.008072708800242,-16.51736815224617
0.023956624999999995,0.0034223749999999996,7.0,1.5400642680926684,0.9024405795616491,0.009017312897080054,0.0002418150880672109,4.437991454939863e-5,-6.0863707820557246e-6,0.06832136571262255,2.034924387381072,-1.9600546666038223,-2.756868489947338,8.829071145938775,-6.170753094367836,19.422700978248297,-9.381003468551798,7.633559897442155,-20.492830040127107,-23.091478687427042,17.412421618648,-16.46263104338094
0.023956624999999995,0.0034223749999999996,7.0,1.5631195430302263,0.9258939390463864,0.009162065721236732,0.00025289893545375264,2.149167871304112e-5,-7.030126547264152e-6,0.06827291527546966,2.0160229407264967,-1.9187062577762748,-2.789438537823747,8.891519139752821,-5.856657904173488,18.950508487650012,-9.359897588287785,7.5076902940973005,-19.818838005839833,-23.14288549164021,16.7279932933002,-16.399209433850125
0.023956624999999995,0.0034223749999999996,7.0,1.5853417980265065,0.9485445838068111,0.00943356548708658,0.00026561930624724895,-4.947663702872384e-6,-7.784177547528361e-6,0.06821293705906412,1.9965613124077932,-1.8723310784060347,-2.81818364528033,8.970937842112264,-5.51210016523248,18.492461417654717,-9.322960256660092,7.352675409161746,-19.079773266187367,-23.197196851096567,15.95251201176327,-16.323613251274
0.023956624999999995,0.0034223749999999996,7.0,1.6067305667800933,0.9703920829365983,0.009856577286006833,0.0002797450005153315,-3.461961764443214e-5,-7.97883994427238e-6,0.06814296680490892,1.9764257524592923,-1.821038129357455,-2.8420099539687316,9.064163495151849,-5.131843776878632,18.062562054242427,-9.273903015365905,7.167633129891109,-18.27980211081179,-23.256110848900747,15.084410744653669,-16.231796625042943
0.023956624999999995,0.0034223749999999996,7.0,1.6272837985717854,0.9914361323957395,0.010449464296301796,0.000294875359610546,-6.670880297088743e-5,-7.157006168196341e-6,0.06806692892060918,1.9553642898492865,-1.7649914171035852,-2.859735377604096,9.165322843742638,-4.707768215920105,17.675584479264874,-9.21842099712339,6.954153932945357,-17.422530482902253,-23.321012520048793,14.122527356850181,-16.119476776687993
0.023956624999999995,0.0034223749999999996,7.0,1.6469978991627325,1.011677109020667,0.011221578818024696,0.00031062894311467286,-9.993510726671675e-5,-4.841831336813686e-6,0.06799060891507021,1.932973930819273,-1.7043464278393567,-2.8700139740100443,9.265412431176664,-4.229122970762765,17.34865964970935,-9.164402191756743,6.7167093941664335,-16.507565125045975,-23.392503239188432,13.06629199550973,-15.982121825343095
0.023956624999999995,0.0034223749999999996,7.0,1.6658677557699546,1.0311166439360415,0.012172799002086778,0.0003266192224686374,-0.00013269903540684644,-6.173756824539748e-7,0.06792027514996993,1.9086420264676767,-1.6391701450703238,-2.871192779452538,9.351677371041697,-3.6836434058643253,17.10370404200626,-9.122586831231823,6.462753856993409,-15.525947137154033,-23.470340686829267,11.916920797994422,-15.814431228035106
0.023956624999999995,0.0034223749999999996,7.0,1.6838865841972908,1.049758034112177,0.013295539210511336,0.00034238207840148855,-0.00016324488926279643,5.775841937656276e-6,0.06786125916643178,1.8814281596332796,-1.5693746086993066,-2.8611178558477555,9.407048554609824,-3.0598093973784337,16.969293327509668,-9.107530338764251,6.2023591754139895,-14.455668264820323,-23.55387165620158,10.679827327552847,-15.60940773002382
0.023956624999999995,0.0034223749999999996,7.0,1.7010452677162287,1.067606329168666,0.014583340773126745,0.0003577326844258775,-0.0001900330320916969,1.4361419216047107e-5,0.06781722197029622,1.8498024225137504,-1.4946655735500862,-2.8370437100358914,9.41025171339678,-2.350344524786416,16.979558133325146,-9.137543776276326,5.946517370858815,-13.260445841668323,-23.64468476812353,9.369414185895872,-15.356769084255593
0.023956624999999995,0.0034223749999999996,7.0,1.7173332867964446,1.0846675494680822,0.01601565451521854,0.00037158571947623327,-0.000211125112666179,2.4831109224651757e-5,0.06779036263019037,1.8120351653360531,-1.4148355002463253,-2.7953134247951987,9.338865365903201,-1.5566658729108345,17.166759030840176,-9.23391540801915,5.706917124237628,-11.89491880054819,-23.738607188040376,8.00599631736836,-15.04578249014083
0.023956624999999995,0.0034223749999999996,7.0,1.7327369124379215,1.1009479223028236,0.017590933011397584,0.0003838618158270345,-0.00022595585699941874,3.647798289375033e-5,0.067780467056531,1.7655596129838425,-1.3296745160948877,-2.7322142276384427,9.172431018910888,-0.6924126499707438,17.550113630326152,-9.413268529683277,5.489529649293465,-10.320979306561714,-23.838027464059433,6.626896689956966,-14.661960668204356
0.023956624999999995,0.0034223749999999996,7.0,1.7472416684730097,1.1164517120521804,0.019306714351354882,0.0003928695907819714,-0.000233150024072248,4.815109558010589e-5,0.06778702233012758,1.7078214425397682,-1.239468727084543,-2.644389844354418,8.898785968931248,0.21525772187752823,18.122183740006285,-9.680949465844828,5.294008363597478,-8.528274179553348,-23.94188443678528,5.2778262706572665,-14.192794332528722
0.023956624999999995,0.0034223749999999996,7.0,1.7608349905425507,1.1311795790641872,0.021160358043870384,0.00039658225284564875,-0.00023214928427801366,5.843977153625706e-5,0.06780805320802855,1.636775952505422,-1.1451747241127321,-2.5298926199468044,8.518042545573518,1.1286699507945417,18.841909068158607,-10.023992726874294,5.112880469691132,-6.552193322051154,-24.045095205604834,4.008644998037761,-13.630923015264653
0.023956624999999995,0.0034223749999999996,7.0,1.7735089900631384,1.1451267041238506,0.023144561080213545,0.0003927358036505914,-0.00022321733824019253,6.600386781714719e-5,0.06784071237564551,1.5515109330365944,-1.0484536235943818,-2.3890794324659654,8.043525465557527,2.0060778042142733,19.638476173463037,-10.409412940527856,4.934069910361766,-4.477791058241094,-24.13714502298857,2.8656536244637842,-12.977595375919291
0.023956624999999995,0.0034223749999999996,7.0,1.785264258641802,1.1582825126158212,0.025241185926515863,0.0003796155912916355,-0.0002075807088016991,6.998181655118225e-5,0.06788176425355097,1.4527347051109547,-0.9514830234985736,-2.224986647265538,7.499207439888304,2.8093793144771104,20.42565208220532,-10.78956315189422,4.745497596108701,-2.425854456841382,-24.201525164971635,1.8836569284145415,-12.244705035997011
0.023956624999999995,0.0034223749999999996,7.0,1.7961115523670395,1.170631442227895,0.02741823188820511,0.00035679016424068524,-0.0001871572508027235,7.02066366820567e-5,0.06792797274284619,1.342876611695148,-0.8566091242863627,-2.043075064229407,6.914882150452081,3.5101331437484817,21.120508302597074,-11.112772546840045,4.539161585878006,-0.5261249614180545,-24.217853031853515,1.0810506780479825,-11.454043736330085
0.023956624999999995,0.0034223749999999996,7.0,1.8060712919336943,1.1821548161425703,0.02963063007917532,0.0003253078235430887,-0.0001640216188593319,6.711826366701482e-5,0.06797635459255205,1.2257762439282642,-0.7659874931918146,-1.8504276227282481,6.320967050945278,4.0923025551302175,21.659393191143,-11.335294916259997,4.312977077833136,1.111325748105748,-24.166116995914543,0.4588950589233636,-10.633944128778415
0.023956624999999995,0.0034223749999999996,7.0,1.815170811434967,1.1928331566749402,0.031824756319455125,0.00028730840952753277,-0.0001399491624681999,6.148649126093742e-5,0.0680243190112933,1.1060654717278569,-0.6813357209807139,-1.6546950449086266,5.744370002333549,4.551853502804852,22.00652587154472,-11.430348356749832,4.0701754438795765,2.416306602408331,-24.031719074476033,0.003590175610722424,-9.814545446213124
0.023956624999999995,0.0034223749999999996,7.0,1.823440258116901,1.2026483064410474,0.033945037935473016,0.0002453843165340563,-0.00011622391957009942,5.413917095935483e-5,0.06806977311183586,0.9884439973082161,-0.6038413439945873,-1.4631053116006287,5.206018709922904,4.8944301729076765,22.154658842020485,-11.391775461094106,3.81735046397629,3.365487529715085,-23.809475051610203,-0.3083302918347531,-9.023369173899189
0.023956624999999995,0.0034223749999999996,7.0,1.830908400616755,1.2115849528043992,0.035940555098895474,0.00020202494068071003,-9.366180461577426e-5,4.580000318864009e-5,0.06811120658488107,0.8770506496070283,-0.5341938181469544,-1.2817506766464164,4.719994410209846,5.132407308243049,22.120119049309046,-11.232267141096633,3.5624306358772753,3.977392565535207,-23.505236698687334,-0.5049704042415187,-8.282425046087122
0.023956624999999995,0.0034223749999999996,7.0,1.8375994056405782,1.21963143160969,0.037769963768248364,0.0001592557882383634,-7.270897031685072e-5,3.702669388573998e-5,0.0681477164146281,0.7750618268530883,-0.47267963038827726,-1.1152249552069904,4.293894555943178,5.282131428801707,21.935333613444225,-10.977925228040053,3.313279757862046,4.300220797725812,-23.134885134428178,-0.6146656462005333,-7.607174313805226
0.023956624999999995,0.0034223749999999996,7.0,1.843531112240567,1.2267798830158811,0.03940395552066352,0.00011863412525762826,-5.361030008638858e-5,2.8245229626113044e-5,0.06817894632742291,0.6845516527645727,-0.4192901133014231,-0.9665738195717153,3.9299699501609098,5.361659946217049,21.641291104570684,-10.661575758152479,3.076988105782405,4.397773111771608,-22.72142154743106,-0.6629890799072771,-7.006958055943315
0.023956624999999995,0.0034223749999999996,7.0,1.8487147792721372,1.2330259215197057,0.040825329961021325,8.080761573883625e-5,-3.628930365997888e-5,1.9670263072880804e-5,0.0682049579527002,0.6065695416167326,-0.37381665834507,-0.8374662284365519,3.626613527765767,5.3890474552316086,21.281325777228417,-10.316840673777293,2.8596108032699012,4.337326203323715,-22.29134019493757,-0.6712522915428393,-6.486224331035668
0.023956624999999995,0.0034223749999999996,7.0,1.853155919957042,1.238367999226599,0.04202729857195341,4.505933591278277e-5,-2.01688360063592e-5,1.1191758199423933e-5,0.06822607573401311,0.5413521233319641,-0.33592778808615353,-0.7284868420376873,3.379862007031006,5.381124387749669,20.89667512142384,-9.97402959220775,2.666112996086003,4.181187993924614,-21.871293971090434,-0.6561616503994798,-6.045975003117011
0.023956624999999995,0.0034223749999999996,7.0,1.8234622753466914,-1.2415961650943692,0.028661053784197324,-0.0056457550157033316,-0.0033697498200148572,-0.002746168931376106,0.0683396681587889,0.6098412225711102,0.38919821701857193,-1.0353740339868285,4.256663031557154,-4.228800304962736,14.616593280930585,10.472633335776228,3.4466991026872287,-8.990901208543713,-17.363071410628137,3.139490917017677,-7.703362134244377
0.023956624999999995,0.0034223749999999996,7.0,1.8191831039848623,-1.2368393189564357,0.027932364332476547,-0.0030200506175460415,-0.0017689391149889012,-0.001446521299106533,0.06833428623137311,0.6552449252872257,0.42218510170167145,-1.138265532307302,4.508625905603359,-4.247215827077188,14.671914792320806,10.792488884061939,3.6281835103550275,-9.446745959986888,-17.709282634664223,3.3687399828656646,-8.136809415958384
0.023956624999999995,0.0034223749999999996,7.0,1.8141153868563538,-1.2312080220354336,0.027065996439146124,-0.002443673375200182,-0.0014185069510441154,-0.001155256177118014,0.06832805172902433,0.7091803027576286,0.46182922242917207,-1.2606829896212661,4.812300601228522,-4.155994303381574,14.56701460337525,11.045074880674557,3.8311410268870167,-9.718008711460627,-17.984486004085472,3.4386788133190005,-8.64344162811554
0.023956624999999995,0.0034223749999999996,7.0,1.8082550644745286,-1.2247040075272986,0.026067045754093777,-0.002165108842448772,-0.0012499583618545394,-0.0010103241680951365,0.06832111938839605,0.7711789600922977,0.5082019317189188,-1.4018024668839766,5.167955553460542,-3.997624406699507,14.343067211987755,11.264569665730088,4.048663171910998,-9.867508616588418,-18.2451984455209,3.4455072333567887,-9.216618725371545
0.023956624999999995,0.0034223749999999996,7.0,1.801595656577332,-1.2173307445831985,0.02494610259817019,-0.001983422589279892,-0.0011435868570243788,-0.0009138221910195098,0.06831361930698641,0.8402872445927666,0.5612033091950366,-1.5598326292273281,5.5737386762731,-3.7630018505792435,13.97975661562638,11.432429499217797,4.272664836096946,-9.850621097758628,-18.48521069239753,3.3784543444467148,-9.84640351237005
0.023956624999999995,0.0034223749999999996,7.0,1.794128014560129,-1.209093804105703,0.02372014051934701,-0.001841016864540424,-0.001066078377393692,-0.0008380893393664928,0.06830567426123563,0.9149590345432077,0.6204859167947714,-1.7317701815025643,6.024642317205474,-3.438835389009365,13.457029962287248,11.52623666237089,4.494448745564498,-9.615386209933055,-18.69434488759805,3.2140602406731,-10.519091062769974
0.023956624999999995,0.0034223749999999996,7.0,1.7858405142604412,-1.200001007570345,0.022412485742441417,-0.0017152753537215935,-0.0010049449099005956,-0.0007724901432121167,0.06829738078854831,0.9930237214107582,0.685379771514942,-1.9132752887766191,6.511463133457844,-3.0131937453334405,12.765127302850784,11.52728719975257,4.705714568026628,-9.119448235948727,-18.864455712374312,2.9254479979065273,-11.21717770148446
0.023956624999999995,0.0034223749999999996,7.0,1.7767198365986547,-1.1900622333364066,0.02105153324934255,-0.0015952283547591174,-0.0009543343253487831,-0.0007119721465995097,0.06828879128678073,1.071775830621508,0.7548355581542927,-2.0987579126538436,7.020008105156194,-2.478866337326872,11.911489316857278,11.42603376840931,4.900036194616509,-8.342907884767968,-18.991692865101985,2.4871995111593574,-11.920044299772695
0.023956624999999995,0.0034223749999999996,7.0,1.7667523525563587,-1.1792887858131291,0.019668150370822004,-0.00147519565294154,-0.0009109553243197841,-0.0006539190563433903,0.068279913005559,1.148215705018203,0.8274139481546898,-2.2817503185784243,7.530933125418507,-1.836460813956387,10.925672282587765,11.226360745264845,5.07463727481948,-7.298571368128613,-19.07729647935556,1.8801183759522218,-12.605570400237987
0.023956624999999995,0.0034223749999999996,7.0,1.7559259168524388,-1.1676923221529643,0.0182921641696007,-0.0013523777715691826,-0.0008723144663491902,-0.000596955779714897,0.06827073987154114,1.2194296956864845,0.9013551605548666,-2.4555804483215256,8.020687678764917,-1.096966931698208,9.860531583628855,10.947430986844672,5.231968724103243,-6.0362581946387355,-19.127124779826097,1.0960050709849094,-13.252656402868164
0.023956624999999995,0.0034223749999999996,7.0,1.7442316504808955,-1.155283479472817,0.01694882217117553,-0.0012260308339061663,-0.0008359343779098362,-0.0005405388785454016,0.06826132138629984,1.2830403233505032,0.9747524653180235,-2.6142549401050745,8.463949432479364,-0.28278405320323424,8.787589511025924,10.621697783262023,5.380265038200659,-4.637540406192723,-19.150042146489913,0.1413611181574341,-13.844214470680017
0.023956624999999995,0.0034223749999999996,7.0,1.7316651770414622,-1.1420705101477728,0.015656382355929394,-0.0010972158080790918,-0.0007991724889025188,-0.0004848479586559443,0.06825184613452107,1.3376047828509523,1.0458168482489454,-2.7533412121228515,8.837520016215493,0.5738799637477795,7.785891185575584,10.288748130844846,5.53225478364758,-3.2000520094183664,-19.15566810643544,-0.9613414931546083,-14.369774799863073
0.023956624999999995,0.0034223749999999996,7.0,1.7182268839471375,-1.1280583215504423,0.014425765477236377,-0.000968562522669813,-0.0007595613748599179,-0.00043071319261199514,0.06824269003206541,1.3828267369079377,1.1131659197803059,-2.870570889346246,9.12490963014628,1.435670531687308,6.9264607943567515,9.986446896594826,5.701846427594694,-1.815241550925774,-19.152238260795976,-2.1757858528512215,-14.826756057740983
0.023956624999999995,0.0034223749999999996,7.0,1.703921194420919,-1.1132482168904538,0.013261999836803876,-0.0008436896259363297,-0.0007154491406707818,-0.00037939501521810155,0.06823436981759812,1.4195046411685344,1.1760333240553698,-2.9659322974898457,9.320109042477483,2.2668589964035153,6.257470801168217,9.7425090914763,5.899828647506412,-0.5476193273791067,-19.145124091399204,-3.4571001488210116,-15.21993768998388
0.023956624999999995,0.0034223749999999996,7.0,1.6887552708024414,-1.0976384052643016,0.012162969257379128,-0.0007263587535636125,-0.0006665192424143329,-0.0003322176935739441,0.06822743494991142,1.449303959937809,1.2343308253517034,-3.0411516635065476,9.4290896877584,3.039947278598667,5.796211505410326,9.570111704123162,6.1308499467784845,0.5761113512757511,-19.135147618018184,-4.7579951799561275,-15.559939634536878
0.023956624999999995,0.0034223749999999996,7.0,1.672735551532386,-1.081225349510594,0.011144923438645739,-0.0006194718142309027,-0.0006138516512769786,-0.0002900612960146846,0.06822242551558422,1.473858752785016,1.2883904571711629,-3.0992468044041592,9.46640183526062,3.7396581438156624,5.530039488389144,9.46678414929978,6.390364155456596,1.5627504949791349,-19.12612216178546,-6.040146242066508,-15.856765990717195
0.023956624999999995,0.0034223749999999996,7.0,1.6558696626096225,-1.064004507106612,0.010208974675282425,-0.0005245730118843656,-0.0005586777830578267,-0.00025304198692563965,0.06821948316860905,1.4950667301815412,1.3388614791153672,-3.1431312022808795,9.45273490115976,4.362667549945858,5.428200377384522,9.422053621733005,6.669887006689576,2.4406438809771673,-19.115062740095816,-7.270935552562954,-16.12262190784937
0.023956624999999995,0.0034223749999999996,7.0,1.6381632722674133,-1.045971659574066,0.009365997453479291,-0.0004428482537737779,-0.0005040764435685592,-0.00022151489990540876,0.06821851659053076,1.514323903804245,1.386345306523056,-3.175437262109616,9.4085085611082,4.914689123532787,5.453485348683188,9.421414597807281,6.95776350700779,3.242190753960783,-19.100750815914513,-8.429730060092018,-16.366272068116
0.023956624999999995,0.0034223749999999996,7.0,1.6196208262632612,-1.0271234528261894,0.008627126086304423,-0.00037399515000451826,-0.00045159029636025115,-0.00019478715977503736,0.06821904347245071,1.5326087940062016,1.4312575546370137,-3.1981749247428204,9.350941856818029,5.405978306704384,5.572634251456249,9.451345192894863,7.2427165400595745,3.992731884528353,-19.08221492559927,-9.504760731440333,-16.59365839687758
0.023956624999999995,0.0034223749999999996,7.0,1.6002455860876028,-1.0074576755434295,0.008001332909264521,-0.0003173983315609373,-0.00040306367979979843,-0.00017234339781600143,0.06822022609727459,1.5505327334297576,1.4737676468595675,-3.212795147404244,9.292845379846922,5.847695119265638,5.760346837432568,9.500860998248305,7.515355411880799,4.706430238664106,-19.058899236995988,-10.490694819051255,-16.808200791727728
0.023956624999999995,0.0034223749999999996,7.0,1.5800397762736074,-0.9869732502263793,0.0074926770989000415,-0.0002718744232040332,-0.0003597607639395814,-0.000153610581468286,0.06822098901297904,1.5684436581636552,1.5138275236324772,-3.2203670111795466,9.2429821309951,6.24954016217187,5.998864352342272,9.561359709026531,7.768655509963713,5.3875518759109,-19.03061080497712,-11.386102319952895,-17.01163764095883
0.023956624999999995,0.0034223749999999996,7.0,1.5590046592067646,-0.9656700205431096,0.0070986648631097635,-0.0002359059629988751,-0.0003223290864242999,-0.00013804197573059844,0.06822023688474549,1.5865119242543968,1.551245963286565,-3.2217536598116694,9.206902959350044,6.6186774870483145,6.275411907828061,9.625921158407946,7.997952485947652,6.034061689376661,-18.997388100480208,-12.191694454193232,-17.2048554452977
0.023956624999999995,0.0034223749999999996,7.0,1.537140562023886,-0.9435484158396108,0.006810206608703529,-0.00020773325775638556,-0.00029066322453462747,-0.0001250728686734054,0.06821711038394705,1.604779119231074,1.5857743376535076,-3.217731774871635,9.187602169967706,6.959528487429172,6.579681152843846,9.688882958868609,8.200811808560669,6.641245369826994,-18.9594978953385,-12.9093940864262,-17.388413978528394
0.023956624999999995,0.0034223749999999996,7.0,1.514446927240268,-0.9206090804609953,0.006613090337853091,-0.0001861865768365478,-0.0002649423620039311,-0.00011451754235556866,0.06821117878135508,1.6231792419107394,1.6171815835974555,-3.2090492607756462,9.185901439016211,7.274152889322792,6.9022258899902145,9.745762133565842,8.376809653252764,7.204494266809384,-18.91748382491563,-13.542094559806948,-17.562711092268984
0.023956624999999995,0.0034223749999999996,7.0,1.4909224459250006,-0.8968525495557307,0.006490391169412082,-0.00017108226207105596,-0.0002462554715975397,-0.00010676618607224733,0.0682024948370625,1.641550844195172,1.6453069570066485,-3.196435448277343,9.200745668150127,7.562938971144628,7.233933986832741,9.793359453507643,8.527164737712834,7.7210380942013845,-18.87227813958684,-14.093727526811636,-17.727910405862943
0.023956624999999995,0.0034223749999999996,7.0,1.4665652882561893,-0.8722790261244914,0.006425013768342623,-0.00015979276357494304,-0.00023173640610561625,-0.00010059385173163454,0.06819150582123341,1.6596553688297255,1.6700880748634064,-3.1805808947155523,9.22957753007043,7.825247535889797,7.566630995552471,9.82999762786671,8.654234257242702,8.190517169603904,-18.8256239580136,-14.569151202992423,-17.883811787313157
0.023956624999999995,0.0034223749999999996,7.0,1.4413734030940044,-0.8468882751350516,0.006401668625230141,-0.00015187553975854357,-0.00022129734364119375,-9.601349717250849e-5,0.06817887674408266,1.6772087765818626,1.6915683028113457,-3.1621046446761105,9.268842178346503,8.060324404089169,7.893355582245935,9.855307842579814,8.76096366252204,8.615335360422108,-18.779653317364513,-14.974487350517588,-18.02980584086854
0.023956624999999995,0.0034223749999999996,7.0,1.4153448305362166,-0.8206796202302439,0.006407931985522506,-0.00014692230060478072,-0.0002146922037060123,-9.297377771475924e-5,0.06816530630340516,1.6939237976302535,1.709889339643996,-3.1415239942251407,9.314605950272108,8.267777627930053,8.209123650387074,9.870126880371147,8.85036103210256,9.000141632992454,-18.737018394930438,-15.316796476900892,-18.16496698237466
0.023956624999999995,0.0034223749999999996,7.0,1.388477944793221,-0.7936520355569948,0.00643454677955388,-0.00014463441855713083,-0.00021169740391400012,-9.142140876968034e-5,0.0681514110472833,1.709547417540701,1.7252682593269646,-3.119219649276302,9.363245080512831,8.448005635913884,8.51027645349029,9.876040363228034,8.924959715360178,9.3516241306098,-18.700487750918164,-15.60346224051653,-18.288204795872993
0.023956624999999995,0.0034223749999999996,7.0,1.3607715238119074,-0.7658043597444406,0.006475538813960295,-0.0001447819654526231,-0.00021210591377878162,-9.12991283560095e-5,0.06813769767036804,1.723868215882888,1.7379485800142433,-3.0953612420246324,9.412030237013688,8.602432074352103,8.792343423640833,9.874632299131159,8.9862449962937,9.678350268379031,-18.67182386675121,-15.840822738560444,-18.398275233307384
0.023956624999999995,0.0034223749999999996,7.0,1.332224614707634,-0.7371356133552907,0.006528456322637017,-0.0001471373168156244,-0.00021566344058289243,-9.252419378200399e-5,0.06812455415575693,1.7366854043519806,1.7481284330571107,-3.069797744795996,9.459197280940776,8.733211893982945,9.048811848839863,9.866831942906769,9.034413894641892,9.988919342491359,-18.65016500447428,-16.032361521576117,-18.49361117558268
0.023956624999999995,0.0034223749999999996,7.0,1.302836379825519,-0.7076452082233537,0.006594032003965961,-0.00015147531024710945,-0.00022208645643023782,-9.499667238112744e-5,0.06811218963709766,1.7477845827486533,1.7559172962776461,-3.042037527237416,9.503311092739562,8.842234327295461,9.273861076683094,9.85310673123715,9.069089323064128,10.28774097003265,-18.631534883946223,-16.178049168347624,-18.57240041580368
0.023956624999999995,0.0034223749999999996,7.0,1.2726061881772284,-0.6773327907796762,0.006674489740127587,-0.00015761885211704605,-0.00023114114767673488,-9.862907663035346e-5,0.0681005977921362,1.7569792290279116,1.7613802330048096,-3.011431378365935,9.54273397757445,8.930350349130444,9.466408604928846,9.834370808730467,9.090555525278308,10.573011108038466,-18.61086163662281,-16.276106852570262,-18.633289502852772
0.023956624999999995,0.0034223749999999996,7.0,1.2415338395409017,-0.64619789549531,0.006771665078580015,-0.00016540754595373736,-0.00024260990744679936,-0.0001033348723274947,0.06808965745916923,1.7641791380513865,1.7646213926259393,-2.9773957570155574,9.576187716621039,8.997967392661335,9.62886408804883,9.812125011165826,9.099811772232698,10.841565006359666,-18.584750368848564,-16.32542055343421,-18.675999488853737
0.023956624999999995,0.0034223749999999996,7.0,1.2096208582312629,-0.614239588349653,0.006876465118899918,-0.00017428742788203652,-0.00025568385020442556,-0.00010878544059057494,0.06807922436555341,1.769587246669145,1.7659696493822312,-2.939162097336914,9.604127142494372,9.046609823967158,9.762117561361018,9.787870882224016,9.097658549224667,11.09614696145799,-18.548198123753153,-16.32185840480284,-18.701785691719056
0.023956624999999995,0.0034223749999999996,7.0,1.1768649286418091,-0.5814582396606413,0.007011237226371627,-0.00018590127280010546,-0.00027282477491771096,-0.00011605409392259936,0.06806939571272314,1.7727820365059141,1.7651610216866611,-2.8963227609376343,9.62596064776247,9.076463031284652,9.861249451309885,9.760228365913205,9.081677613448651,11.344331568739403,-18.506164850550206,-16.269886503749056,-18.707638261211127
0.023956624999999995,0.0034223749999999996,7.0,1.1432664786450542,-0.5478537283576089,0.007174358581356325,-0.00019887145055208315,-0.00029203120146895057,-0.0001243521530625094,0.06806016050425792,1.7738074916607722,1.762284682949072,-2.847435449101017,9.641574839676787,9.087822912304508,9.920738842865795,9.729136085867538,9.049845924859406,11.59689710009086,-18.452976845232733,-16.16059021974598,-18.691420764536165
0.023956624999999995,0.0034223749999999996,7.0,1.1088253616767447,-0.5134266640455774,0.00737508625565725,-0.00021240090392150038,-0.00031218274341997775,-0.0001333037681542303,0.06805152854624319,1.7725570717146026,1.7572007205471702,-2.7905903319647822,9.648653461707342,9.079211150662953,9.934196343653703,9.695807323070838,8.999593774238235,11.865468767280353,-18.3836052797395,-15.982286269905345,-18.6482472359456
0.023956624999999995,0.0034223749999999996,7.0,1.073541064848799,-0.47817783206833536,0.0076312277753637575,-0.00022581585509566466,-0.00033237016692188394,-0.00014267258163429573,0.06804348816737171,1.7689928505224168,1.7496113834705713,-2.7231883233523417,9.642762695742373,9.048693199128019,9.894449246324099,9.664914052991406,8.927435330679923,12.165834773341345,-18.292990320732848,-15.717662148447609,-18.570198026422272
0.023956624999999995,0.0034223749999999996,7.0,1.0374166701556429,-0.4421082973778147,0.00795720338047155,-0.00023797379257472557,-0.00035104333009991273,-0.00015199857559406506,0.06803569398567458,1.7636861563320323,1.7392161272457156,-2.6414234880049094,9.617584430345511,8.996211061242267,9.79903924444075,9.648499634484171,8.827367852603087,12.522005031887282,-18.172767904756245,-15.337172431249295,-18.444952282948595
0.023956624999999995,0.0034223749999999996,7.0,1.000457826016222,-0.40522078056647565,0.008381244768564791,-0.00024748230760718434,-0.00036632003338803664,-0.00016068230377356413,0.06802724429499575,1.7579799544035781,1.7251569727807898,-2.5405786429852273,9.564099822326474,8.92545541503287,9.661221328918256,9.671197727029153,8.685494799937409,12.967345177065736,-18.021192788719063,-14.804655222771778,-18.249594622263878
0.023956624999999995,0.0034223749999999996,7.0,0.9626780409087106,-0.36752246372320624,0.008936048248110513,-0.0002525302929401856,-0.00037575203187161817,-0.0001677915153778407,0.06801603137093883,1.7549044192019991,1.705459467453615,-2.4151237609880103,9.475862708118806,8.850598767666213,9.520945037594151,9.776811959304208,8.468395367659708,13.548287006625962,-17.846061030685412,-14.075438661642105,-17.94425807577853
0.023956624999999995,0.0034223749999999996,7.0,0.9241027625141284,-0.3290343458859827,0.009658188055184428,-0.0002506850631753902,-0.00037586021510397825,-0.00017162081259056584,0.06799766158070826,1.7596924906216556,1.6752625584507241,-2.2596989399056886,9.362940344812651,8.802407850992111,9.459648079018406,10.028165885274305,8.100272178639198,14.30433717220517,-17.66890745992659,-13.096852372115853,-17.463212523451844
0.023956624999999995,0.0034223749999999996,7.0,0.8847703942249189,-0.28980801618255947,0.010570019774477244,-0.0002395920374211368,-0.00036267640044822106,-0.0001692613194583209,0.06796306504595695,1.7793937113328155,1.6240645557586617,-2.073225878703411,9.280953194435826,8.82013412043092,9.64465535315984,10.4897683480624,7.438546076080885,15.177315797773765,-17.540126419896726,-11.820502052846912,-16.71949927051668
0.023956624999999995,0.0034223749999999996,7.0,0.844719729409831,-0.24994665666922797,0.011612166234675328,-0.00021945590760535905,-0.00033433786131924887,-0.00015718684275748093,0.06789805726582218,1.819788534604739,1.5333635728324642,-1.8702240396377867,9.384402630410742,8.910655335594646,10.358526826186145,11.160577770904167,6.271300908310634,15.826551533865233,-17.580366718197443,-10.235969953300591,-15.655703538721383
0.023956624999999995,0.0034223749999999996,7.0,0.8039401523913379,-0.20961095268427665,0.012510397836500741,-0.00019740706108959993,-0.00029640880899419093,-0.00013533674878743248,0.06779488540709427,1.8761899459082831,1.3781722745346865,-1.7004068562446242,9.967515168084049,8.94998305226973,11.827211865470696,11.823718382585996,4.396827476336472,15.34545282099506,-17.982516237383614,-8.387963471655745,-14.364342644420537
0.023956624999999995,0.0034223749999999996,7.0,0.7622758151678363,-0.16896109334891307,0.012657204445439578,-0.0001913711802410887,-0.0002678336727500037,-0.00011384898688037717,0.06768428138738938,1.9185325742389474,1.1389810651227885,-1.661105846197498,11.331689280977544,8.560415162574976,13.41964444966347,11.897852613012406,1.8716436552484401,12.222662442215318,-18.727078579055753,-6.344425106090073,-13.203332936225982
0.023956624999999995,0.0034223749999999996,7.0,0.7193330041693746,-0.1280023924760269,0.011443972105089233,-0.00021719197188839885,-0.0002631155361561604,-0.00010441215415001337,0.06765821518173393,1.878894902809856,0.8252184266489959,-1.834991966433194,13.279584594294771,7.21883513548637,12.269628149727984,10.496029333686648,-0.6956664702369754,6.037268189001589,-18.98456022051267,-4.257372911737102,-12.583918124057783
0.023956624999999995,0.0034223749999999996,7.0,0.6745552714327073,-0.08643253717198628,0.009505769543095694,-0.00022552720432267453,-0.00023150925645497149,-9.050335706219879e-5,0.06782176501168706,1.659494956900898,0.4919089016137161,-2.1020090420247968,14.306551193488298,4.848278524133038,5.276297910346146,7.0197001351550545,-2.3131319640165633,0.49516349542351656,-17.523528359256794,-2.499604134390419,-11.99341922947176
0.023956624999999995,0.0034223749999999996,7.0,0.6278762911026925,-0.04371967152008991,0.008894998416875405,-0.00010773891221000826,-0.0001027254280524249,-3.9071995224689856e-5,0.06813098923223591,1.2441128035604514,0.22143420340205705,-2.140278285146936,12.214142514649387,2.3054700351263127,-3.420046599535208,2.784505076895731,-2.482927044148205,-0.378755448311309,-14.350091518510995,-1.281684276001809,-9.731215470501189
0.023956624999999995,0.0034223749999999996,7.0,0.5802519700323455,0.0004653194021460954,0.010156793571785535,-5.632578639612083e-5,-2.8032627139371283e-5,-2.4952937676499435e-5,0.06838489335926407,0.8070521078224527,0.059874104842888624,-1.8747845296040093,7.846642586254646,0.6096406276787657,-6.6026241243254,0.24558900980264173,-1.7817083883543279,0.8739654712405875,-10.495917657784984,-0.44856969431778915,-6.06493419790032
0.023956624999999995,0.0034223749999999996,7.0,0.6281752435468131,0.045019856517854784,0.009501912317053027,-0.00012138323748168258,-0.00013216663018387643,-4.3628855224404244e-5,0.06820842297950346,1.2750589021518188,-0.050499777329070475,-2.048852394246247,12.604991881644874,-1.0194429965123881,-2.862372329077849,-2.0662494107228073,-3.122150409381685,2.2619620057488428,-13.829252212300892,0.3190044574246005,-9.482841472263189
0.023956624999999995,0.0034223749999999996,7.0,0.6753323957407235,0.08767626953893924,0.010840237139762225,-4.176674503721206e-5,-3.6972661082806435e-5,-1.0191113553220025e-5,0.06797160996112733,1.7464492551465713,-0.3265021937474337,-1.9211185817349101,15.133962538366221,-4.557016860180723,6.017271780211617,-6.460207512768699,-3.690980495325365,0.4822062165479781,-16.155437571769475,1.1968669234826057,-11.44298204304085
0.023956624999999995,0.0034223749999999996,7.0,0.7204998840806157,0.1286458206645785,0.013165316932155351,4.651933407989771e-5,-5.472054999618761e-5,2.1327656481706077e-5,0.0674721095772941,2.021925041036596,-0.7378899027204118,-1.6145919579137311,14.082318091979669,-8.070718315832016,12.49929325718937,-10.708180446643572,-2.05282228552784,-6.248368418441723,-16.973435671488236,2.400993400792948,-12.02949580645184
0.023956624999999995,0.0034223749999999996,7.0,0.7634490775330697,0.16891751782339842,0.014235810084051899,0.00012684608590031267,-0.0001801263792546894,7.926274414909005e-5,0.06754249094157468,2.0742704816097866,-1.1426947668976584,-1.4607615151450128,11.668155855260872,-9.65655867786226,12.994375411518634,-12.875875676608466,1.1629781965916015,-13.04506464355586,-16.705770840395964,4.23942146286014,-12.83113405185249
0.023956624999999995,0.0034223749999999996,7.0,0.8048205772895238,0.2091630590419635,0.013637606958033248,0.0002017703605142685,-0.0003112878382253622,0.00015196157873232572,0.06772395025821619,2.0015868548282323,-1.4373967422217109,-1.552893212165552,9.944619447608957,-9.688042732888352,11.087381031104675,-12.974268318536758,4.268986858668981,-16.20949274746669,-16.46630034282724,6.446782084526382,-14.213606306277944
0.023956624999999995,0.0034223749999999996,7.0,0.8452738101611561,0.24937391989209937,0.012258579170683912,0.00026265195304955955,-0.0004089487648063335,0.00020445244270409903,0.06787544089552079,1.9050242551576115,-1.6124153361335363,-1.7791392044344423,9.296572569306598,-9.26021272904065,9.637569951333846,-12.077934960209728,6.427503484215204,-16.531808187788982,-16.707925972385006,8.694888712897916,-15.724076053521802
0.023956624999999995,0.0034223749999999996,7.0,0.8851018109009055,0.289256470879116,0.010839686381975864,0.00030295386521938427,-0.0004648339459905503,0.0002257405044627297,0.06795846696582133,1.8353241203455488,-1.70352402307177,-2.028134619169134,9.280380083328247,-8.940199539151441,9.107436745897637,-11.116267366547186,7.68170245207877,-15.720149762120107,-17.18355666089804,10.724322045420472,-16.96208253540702
0.023956624999999995,0.0034223749999999996,7.0,0.9243190385285942,0.32855026128387294,0.00967843127319729,0.00032156419899558063,-0.00048573221554882527,0.00022592704861329116,0.06799429922635553,1.7998161610016419,-1.7479121506523958,-2.24704332568285,9.470843087592112,-8.832576937044664,9.143872370960713,-10.447876704909476,8.345810751113001,-14.718722667838259,-17.63469580985613,12.37186053444114,-17.816653838705133
0.023956624999999995,0.0034223749999999996,7.0,0.9628471878225225,0.36710599888852424,0.00881206729317935,0.0003227123799572548,-0.000482023175964693,0.00021597959722458165,0.06800870256076928,1.7884514873630692,-1.7701577454057338,-2.422935110653287,9.662346813067728,-8.870829253618414,9.39150218793157,-10.082207919904132,8.692530966631638,-13.866592720991157,-17.978515657542587,13.609907183461662,-18.35487777969936
0.023956624999999995,0.0034223749999999996,7.0,1.0006133939117112,0.40485791819545247,0.008183603279259108,0.00031242047489360837,-0.00046333373595204943,0.000202130675130812,0.06801613479724986,1.7897848871347624,-1.7831031547344502,-2.5603344662920056,9.795675682355093,-8.970359639936841,9.65147987159764,-9.923532836816314,8.888192913005911,-13.222280332346187,-18.22345656397222,14.500888173267597,-18.683868595361005
0.023956624999999995,0.0034223749999999996,7.0,1.0375729770468178,0.44178367272506663,0.0077241305948459295,0.000295964655347523,-0.0004370162875052549,0.00018733283886764396,0.06802236614385382,1.7959526122322156,-1.7922593521874277,-2.668290071639243,9.872788198320574,-9.075788975623912,9.84824165196568,-9.879853212427482,9.014936836318185,-12.744791127860287,-18.397849971024346,15.131697014312651,-18.887725034638773
0.023956624999999995,0.0034223749999999996,7.0,1.0737035837959414,0.4778786431526892,0.007380557369987272,0.00027698334385594726,-0.00040790796246534895,0.00017293046526268858,0.06802908845692396,1.8026482438214848,-1.7994963841647453,-2.7550011290207492,9.910518371043812,-9.161389974848626,9.968797950480806,-9.890435510182089,9.106977049733924,-12.37715769584467,-18.52546204225632,15.577448845031679,-19.017495420777742
0.023956624999999995,0.0034223749999999996,7.0,1.1089956160296068,0.5131436408908625,0.0071152382217351245,0.0002577192810429311,-0.00037889593758616536,0.00015956381458485916,0.0680367138653905,1.8079303120834147,-1.805263326924195,-2.826477453036076,9.923873887257242,-9.219625818034343,10.02197164701506,-9.922098254232305,9.176670452906954,-12.07527028598675,-18.62160510695223,15.891382020471479,-19.100544340164202
0.023956624999999995,0.0034223749999999996,7.0,1.14344608807924,0.5475802188492783,0.006903792666580849,0.00023934226085062615,-0.0003514879816335992,0.00014745986765511235,0.06804508824271595,1.811109768999606,-1.809579764089792,-2.8868688729246097,9.922900626075284,-9.251257368902568,10.020015519485556,-9.958899738700651,9.228029892944086,-11.811559295848308,-18.69651091995356,16.1087773186802,-19.15093051901936
0.023956624999999995,0.0034223749999999996,7.0,1.1770542674971503,0.581189483376085,0.006730616220028303,0.00022236504665478965,-0.000326313097239842,0.00013664118603468953,0.06805410031393926,1.812077148959199,-1.812404321246708,-2.9390734129696034,9.91361663786595,-9.259618315106954,9.972822603265111,-9.994339850585575,9.26278314845103,-11.569972666350443,-18.75778672308775,16.252552351330724,-19.176399786316967
0.023956624999999995,0.0034223749999999996,7.0,1.2098205660338046,0.613971972111291,0.006584478359765948,0.00020737431932666835,-0.00030416111310439353,0.00012729285072908387,0.0680636645293237,1.8109646623326179,-1.8137341095106978,-2.9851406779143876,9.899098418106563,-9.247662892949101,9.888172287908713,-10.02692005840254,9.28281303272491,-11.340023675043243,-18.811102886485433,16.337219769290495,-19.181911450831485
0.023956624999999995,0.0034223749999999996,7.0,1.2417448736906096,0.6459285214245898,0.0064645775406151655,0.00019569838665343996,-0.00028694185180669964,0.00012012503313754398,0.06807378701582138,1.8077780255428793,-1.8134126358163813,-3.0266412538329557,9.87964898504417,-9.216157099386134,9.772341768336288,-10.056969114596944,9.2900899523149,-11.112337284736185,-18.86282271939388,16.373977014178045,-19.169738937359075
0.023956624999999995,0.0034223749999999996,7.0,1.2728281899532425,0.677059270619415,0.006352824926254883,0.00018547451028328387,-0.00027188296131731366,0.00011394567297060888,0.06808441136172451,1.8028406996437636,-1.8115398688828497,-3.064232200417364,9.855183140785826,-9.16499480308126,9.630822548156264,-10.086054040950803,9.287162022264832,-10.878862249512242,-18.910737709930245,16.36229246211062,-19.142345163050642
0.023956624999999995,0.0034223749999999996,7.0,1.3030695667410592,0.707365807602669,0.00625481362272794,0.00017717236407539268,-0.0002596542905650201,0.00010900691652217871,0.06809565650200444,1.7959669086153878,-1.807745000375651,-3.098663617685397,9.824377874953228,-9.092240144995012,9.464963310700517,-10.1134409000486,9.274279028562438,-10.632787548708563,-18.958694273220075,16.306107176572816,-19.098656903515643
0.023956624999999995,0.0034223749999999996,7.0,1.3324686287771241,0.7368494996119613,0.00617002708807163,0.00017084072504986705,-0.000250301354073749,0.00010531479099312856,0.06810760479258009,1.7871167309842717,-1.8017455232539685,-3.130350370681226,9.78716720730822,-8.996336421453613,9.273702413761198,-10.137712990909932,9.251009877500524,-10.369406080650505,-19.007412428256657,16.204663489526588,-19.038177084808744
0.023956624999999995,0.0034223749999999996,7.0,1.361025327385066,0.7655116987584558,0.006098700361348828,0.00016652415484137787,-0.00024385698974899715,0.0001028711282274159,0.06812028088104707,1.7763118698343454,-1.7932611165918815,-3.1596151433471604,9.744528701849678,-8.875858016975577,9.055176714305075,-10.156980920160372,9.216462871541525,-10.084566938456787,-19.05744239889727,16.055826914908486,-18.960991573391205
0.023956624999999995,0.0034223749999999996,7.0,1.3887400929589921,0.7933536956630866,0.006041991435897403,0.0001643235881754508,-0.00024042241953444132,0.0001017028373688493,0.06813359027861865,1.7636612926750086,-1.7820265464898748,-3.186693505607957,9.69835362124251,-8.729447649460758,8.808482158084056,-10.1692622865777,9.169533843796119,-9.773617121260846,-19.109148236182477,15.85635755409473,-18.867887465038635
0.023956624999999995,0.0034223749999999996,7.0,1.4156138867866253,0.8203767070190316,0.00600259813727486,0.00016440877747251833,-0.0002401733016373226,0.00010186041974282922,0.06814726859803104,1.7493621073763816,-1.7677945466434228,-3.2116952674378316,9.651352921273837,-8.555934096727045,8.534637215326295,-10.172612179279819,9.10878278655623,-9.431170204662083,-19.162522899068005,15.60200596336259,-18.76013570783006
0.023956624999999995,0.0034223749999999996,7.0,1.4416481952156381,0.8465818217656338,0.005985544265476196,0.00016702912808014072,-0.00024335620799194435,0.00010341272780532885,0.06816085020540665,1.7336879017916103,-1.7503455612505379,-3.234563076986315,9.606955413252823,-8.354581479735694,8.236993224528884,-10.16526393314162,9.032254354389206,-9.051461491321254,-19.217044726506767,15.287675674924765,-18.63920976764202
0.023956624999999995,0.0034223749999999996,7.0,1.466844953688276,0.8719699009997633,0.0059989095939526815,0.00017253052071391315,-0.0002502828172549522,0.00010644311482733713,0.06817367896102167,1.7169657447992557,-1.7295062572475488,-3.255049276275848,9.56906812185071,-8.125284744088258,7.921274603548493,-10.145896170004098,8.937453259578755,-8.62905185812747,-19.271671514727803,14.907749981811644,-18.50652138142946
0.023956624999999995,0.0034223749999999996,7.0,1.4912063801232764,0.8965414648517412,0.006054216857340818,0.00018134994908179108,-0.0002612769034281567,0.00011103186094974855,0.06818498642666444,1.6995420288554544,-1.705171764522162,-3.2727208136479073,9.541662913679684,-7.868570005704496,7.5952172655583015,-10.113978345740726,8.821536086276087,-8.159752750205667,-19.324984820474683,14.456548408289676,-18.363198999955774
0.023956624999999995,0.0034223749999999996,7.0,1.5147347247675849,0.9202966099083808,0.0061661389564755965,0.00019403890670450087,-0.00027664650840304836,0.00011726071302214567,0.06819404201906408,1.6817425316455392,-1.677325515702019,-3.2869936892586082,9.528247353906997,-7.585329635225141,7.267859946590055,-10.070087765083192,8.681703253602175,-7.641540140643508,-19.375435511521733,13.928794577622938,-18.20995060750916
0.023956624999999995,0.0034223749999999996,7.0,1.5374319735203492,0.9432350026276878,0.006351304322131685,0.00021213527242822447,-0.000297834662123598,0.00012573062416643114,0.06820034310108089,1.663835377903059,-1.6460500567392762,-3.297186224278582,9.531318543806236,-7.276320756245219,6.94871298910671,-10.016077341300582,8.515726878310348,-7.075140296816472,-19.42153494557873,13.32001314275346,-18.047045422116586
0.023956624999999995,0.0034223749999999996,7.0,1.5592995596127013,0.96535598478954,0.006626258101764633,0.00023691837592649574,-0.00032550719628397556,0.00013679560194536426,0.06820378352110266,1.6460039441316376,-1.6115217874096752,-3.3025701476615574,9.55189191324881,-6.941383025868191,6.647433116586625,-9.955171906124777,8.322511318867349,-6.4638045586404775,-19.462178983629997,12.626590968755684,-17.874403232116173
0.023956624999999995,0.0034223749999999996,7.0,1.5803381397069278,0.9866588000613582,0.007004962199049957,0.00026880987094358885,-0.0003587043898522859,0.00015027812458912615,0.06820473539992836,1.6283312831611332,-1.5739839818967931,-3.3023985876458353,9.589147088526166,-6.578638047031605,6.37392103881714,-9.891896695168688,8.102575654295052,-5.812384294111864,-19.49675951727009,11.845740325498545,-17.691722742821202
0.023956624999999995,0.0034223749999999996,7.0,1.6005474660652648,1.0071429167979822,0.007496471179159922,0.00030940929502414326,-0.0003976675042830471,0.00016672648349933022,0.06820400054468627,1.6107897842400203,-1.5336958487263148,-3.295897073467623,9.640135672000469,-6.183914587830726,6.138811275652607,-9.831877265134937,7.858392083662018,-5.12581079199676,-19.52490526539204,10.975672811732816,-17.498527755662487
0.023956624999999995,0.0034223749999999996,7.0,1.6199263393866254,1.0268083937611674,0.008103503658097061,0.0003600767336753085,-0.00044192190644349254,0.00018665049264837355,0.06820263729239433,1.5932215144848154,-1.4908604678431387,-3.282207073270611,9.69938726239439,-5.750344839854936,5.95513015301107,-9.781949814563607,7.594592270627131,-4.406446092874285,-19.546520497533535,10.015843786612825,-17.29397953302152
0.023956624999999995,0.0034223749999999996,7.0,1.6384725827322315,1.0456562147631385,0.008822448268609607,0.00042192971989003,-0.0004904610961045286,0.00021059730697501675,0.06820172270101355,1.575291036466002,-1.4455419282324484,-3.260272000977853,9.75824846403345,-5.268549331678086,5.840673794122853,-9.750581695294821,7.31809614147267,-3.650639041361502,-19.561782552722622,8.967881009462342,-17.076344605506115
0.023956624999999995,0.0034223749999999996,7.0,1.656182966674672,1.0636885076878748,0.00964490747513331,0.0004956509969830974,-0.0005417469638945484,0.00023908088798703115,0.06820213679075145,1.5564013715371974,-1.3975926560304468,-3.22867008701596,9.804054669377871,-4.727673548876376,5.820446157934944,-9.74855483163555,7.038106802616832,-2.8451751044264464,-19.57127030846431,7.837287465784563,-16.842161471994714
0.023956624999999995,0.0034223749999999996,7.0,1.6730530633573724,1.0809085627194062,0.010560342241235397,0.0005817440440195286,-0.0005945248066063762,0.0002728083701364222,0.06820443102763586,1.5355915956723318,-1.346624476567478,-3.1854448679436738,9.8197665054612,-4.117687525384562,5.927074911457023,-9.789121459282386,6.765615268568844,-1.9658746544139554,-19.576030026741932,6.635872116254511,-16.58538177403004
0.023956624999999995,0.0034223749999999996,7.0,1.6890771816621057,1.0973205571056257,0.011558631191343973,0.0006794202613574921,-0.0006459432361011223,0.00031154450538823384,0.06820877827759453,1.5114819456768114,-1.2920655909624272,-3.128046491210209,9.785114240728136,-3.4329270317523473,6.196925645760458,-9.886490121921872,6.5118886799477185,-0.9814390201697194,-19.577495004101284,5.3841118304264395,-16.297002920675858
0.023956624999999995,0.0034223749999999996,7.0,1.7042480611924744,1.1129289303318723,0.012636380396469488,0.0007876235302200172,-0.0006947955115999347,0.00035529109106810204,0.06821508331033162,1.482249378079436,-1.2333041312289936,-3.053617346113358,9.679605141233836,-2.676405158485715,6.660133685777683,-10.051208737866231,6.285312460858923,0.13563200966810188,-19.578131883164197,4.113582588748931,-15.964917602092763
0.023956624999999995,0.0034223749999999996,7.0,1.7185586831951776,1.1277374362477846,0.013781652965969116,0.0009039282012313735,-0.0007398203316442495,0.00040329501149797273,0.06822289038021617,1.4461919926797324,-1.170011679596918,-2.9592942920034835,9.488217111905694,-1.8627232827370674,7.328688242731146,-10.285633381662095,6.089824503975793,1.392620314917458,-19.575606670604007,2.8624730142977386,-15.578041615881489
0.023956624999999995,0.0034223749999999996,7.0,1.7320018956947683,1.14174789047564,0.014995987019889974,0.001024968812132555,-0.0007809486557334106,0.0004543427767399796,0.06823168552174638,1.4016547580313914,-1.1022845952676605,-2.843408966185637,9.20446133847629,-1.0182050935381004,8.185524810497231,-10.57729468351024,5.920900020602983,2.7641362438447996,-19.569358986563888,1.6767641635321742,-15.125361359079271
0.023956624999999995,0.0034223749999999996,7.0,1.7445732627184845,1.1549590854610863,0.016273712854896122,0.0011472722516126662,-0.0008193813003644801,0.0005072139893590663,0.0682409644293448,1.3478295800567694,-1.030878243943203,-2.705976184681164,8.83352399658577,-0.17708347756626647,9.183327331369627,-10.899626632330676,5.768176321888113,4.188074129071609,-19.554241095314122,0.599880363621774,-14.601700318473878
0.023956624999999995,0.0034223749999999996,7.0,1.756272193318067,1.1673662842928376,0.017604072146048765,0.0012681064227892792,-0.0008572232044538729,0.000561047158248447,0.06825035873592186,1.2849627117057052,-0.9571464572271725,-2.5492172068532177,8.390893363060213,0.6248014251472883,10.252298796351246,-11.216066373434428,5.618301977388904,5.576061566526575,-19.52244753664344,-0.3330413354464919,-14.009195340449116
0.023956624999999995,0.0034223749999999996,7.0,1.7671028080992854,1.1789614262964998,0.018969010453968087,0.0013861533009709775,-0.0008969167608349846,0.0006155911099811636,0.06825967889291652,1.2144303524336932,-0.8828443643559539,-2.3774598745671733,7.898875856458009,1.3564670372376801,11.314698124204408,-11.488223839781174,5.4591537187974355,6.833407956630248,-19.464690927573333,-1.1004003066415582,-13.358029575255442
0.023956624999999995,0.0034223749999999996,7.0,1.7770737181590486,1.1897340544582176,0.020343504965532114,0.0015018381624730525,-0.0009408797682139015,0.0006712994211948466,0.06826886694996019,1.1385401264948254,-0.8098495320877316,-2.1965569544471037,7.382232399210809,1.9962135629390916,12.300044551757303,-11.684440641095351,5.2829977668561545,7.8806296818763375,-19.372298555907907,-1.696130925966619,-12.665230166066967
0.023956624999999995,0.0034223749999999996,7.0,1.7861968414865055,1.1996726462742657,0.02169791716781625,0.0016176142144013542,-0.0009916216800230258,0.0007294382164665494,0.06827791167976172,1.0601475531237543,-0.7399046832475796,-2.013034052614627,6.8644099615898515,2.533133193106986,13.15604531442957,-11.785786362192844,5.087690445468358,8.668703496663824,-19.239450637032466,-2.128404259211708,-11.952100407058204
0.023956624999999995,0.0034223749999999996,7.0,1.794485668445038,1.2087659617558562,0.02300146380161724,0.0017387464075659111,-0.001052463926036509,0.0007924691534093155,0.06828677875445875,0.9822177476988431,-0.6744470580666688,-1.833234983615755,6.365114213318783,2.966133406632536,13.853175629568499,-11.788061356304313,4.876109124159478,9.18428066974895,-19.0648130869427,-2.415979964236465,-11.241223337478258
0.023956624999999995,0.0034223749999999996,7.0,1.80195349670713,1.2170041066725366,0.024225678493054525,0.0018755931505964648,-0.0011292613985415354,0.0008651844999010413,0.06829538033680223,0.9074508856001045,-0.6145376640401322,-1.662667737525692,5.899271934981348,3.3015208662846423,14.383578768829507,-11.700103624248584,4.654616844685431,9.445662632201673,-18.85205756275501,-2.5835419018530232,-10.55388877966678
0.023956624999999995,0.0034223749999999996,7.0,1.8086120493242304,1.2243791680957181,0.025346991616363758,0.0020494771593595577,-0.0012343273497745205,0.0009576284544563829,0.06830357968578746,0.8380404757893215,-0.5608684209986204,-1.5056393605066885,5.477045138403006,3.5500994387301765,14.75631684087605,-11.539737978963123,4.431352562457373,9.493027333100574,-18.60913287681493,-2.65708713178591,-9.908397700860384
0.023956624999999995,0.0034223749999999996,7.0,1.8144706745928412,1.2308854237617621,0.02634803375857379,0.00231513980063758,-0.0014006303769370438,0.001096125734660573,0.06831121324429176,0.7755776423292255,-0.5138147736945954,-1.36516630742139,5.104471469950299,3.7240070486155648,14.990631427123615,-11.328554785818215,4.214818189282911,9.37608462697683,-18.34605204140359,-2.6592209552330393,-9.319289659233215
0.023956624999999995,0.0034223749999999996,7.0,1.819536119959608,1.2365192146805182,0.027217711882388095,0.002863196043844111,-0.0017462385394944372,0.0013737148652012423,0.06831811215275915,0.7210745732797584,-0.47350697883949794,-1.2430886199011002,4.784379143438108,3.8314840501021514,15.106126146628261,-11.08463899983796,4.012918169004648,9.137871724605878,-18.06899457750982,-2.600364984468952,-8.797297312442758
0.023956624999999995,0.0034223749999999996,7.0,1.8238127422820813,1.2412786017926467,0.02795037790099079,0.005355358225413895,-0.0033241251064131355,0.002609791363530877,0.06832407043004815,0.6750630796707613,-0.4399034598752736,-1.1403010492276606,4.51734122236201,3.8317951715246417,15.061902430123755,-10.776026725027101,3.832423195404704,8.719565392088377,-17.722355753241633,-2.3892586919263366,-8.349764417766716
0.023956624999999995,0.0034223749999999996,7.0,1.8111862474370788,-1.2279557221116078,0.02656579476266361,5.748017219869891e-6,-2.746483403114536e-5,-8.892497172275062e-6,0.06839826538391809,0.7402600368130656,0.48495464177626824,-1.331361667292308,4.989658495345919,-4.153401635375508,14.553036684464502,11.234082605339252,3.9422194235545764,-9.964596699009535,-18.206962494669273,3.602031104320713,-8.931877918900492
0.023956624999999995,0.0034223749999999996,7.0,1.8049271824233692,-1.2210165898719636,0.025504315718142892,8.677877474694319e-6,-4.1851879695846776e-5,-1.3477062311744697e-5,0.06839161767668081,0.80595002992907,0.5346738295811763,-1.481201518610203,5.370817183507777,-3.949823513634437,14.251100067369123,11.421492871487345,4.163711338116838,-10.020542002378857,-18.448231172580424,3.559156594949837,-9.534528521624619
0.023956624999999995,0.0034223749999999996,7.0,1.797864707377523,-1.2132107760296231,0.02432869573656246,1.2508969813752782e-5,-6.0542241394081594e-5,-1.9303730713781578e-5,0.06838390472116626,0.8780382966274499,0.5908779280434068,-1.646580154102658,5.799988307712518,-3.6653455956171834,13.801451110459857,11.547861297097622,4.387314648999454,-9.88768773891664,-18.66611047086058,3.4353849312532017,-10.187302956711964
0.023956624999999995,0.0034223749999999996,7.0,1.7899883717709766,-1.2045449866028448,0.02305918405601951,1.7556110732613325e-5,-8.454813778366408e-5,-2.6536179459472623e-5,0.06837543239503083,0.9546611407209846,0.6530647995842225,-1.82382403857135,6.270159272208895,-3.285825386602053,13.186972520235386,11.59085928751491,4.604391414900203,-9.515063812429362,-18.84969876127135,3.2026002942930236,-10.874550687109098
0.023956624999999995,0.0034223749999999996,7.0,1.7812855716522356,-1.1950281258752677,0.02172188789232622,2.427240453821635e-5,-0.00011497614619644864,-3.5257821028748756e-5,0.0683667676522165,1.0333593931254654,0.720377730639472,-2.007937549718217,6.769674340473461,-2.8008673395438173,12.405263823805,11.535356477512739,4.807395292410693,-8.869299676140571,-18.99223334656895,2.833137067912231,-11.577069632884148
0.023956624999999995,0.0034223749999999996,7.0,1.7717426441620252,-1.184670889705168,0.020346809960487707,3.334767482004059e-5,-0.0001531139803788727,-4.5458152013969674e-5,0.06835872035767342,1.1112426524643635,0.7915679967245084,-2.192827217074026,7.281706622135023,-2.20662595761547,11.474170820486522,11.3779741186283,4.991536059071646,-7.945634932531201,-19.092054713953367,2.3036794306799973,-12.273242681206662
0.023956624999999995,0.0034223749999999996,7.0,1.7613464955464093,-1.1734849047072848,0.01896471298948998,4.581829157298699e-5,-0.00020041741774094832,-5.6991779194459765e-5,0.06835222727918557,1.1853049022196254,0.8650206882040652,-2.371829614714311,7.78459775514194,-1.5086013593352743,10.434911813866846,11.130198060684007,5.156536448727721,-6.775404521823296,-19.15258962128174,1.5998670448959262,-12.94113420386967
0.023956624999999995,0.0034223749999999996,7.0,1.7500864489675136,-1.1614814770258381,0.01760346551742494,6.318310385626068e-5,-0.0002584289071271494,-6.954226191783374e-5,0.06834814544632939,1.2528517245559383,0.9388754588869362,-2.5385085733934862,8.253524394236127,-0.7235209570592109,9.350453797799885,10.818367737264992,5.307804158585791,-5.425748483959332,-19.181192914555968,0.720598535869023,-13.561328552821916
0.023956624999999995,0.0034223749999999996,7.0,1.7379558132994442,-1.148670179335173,0.01628493778399304,8.746807134077592e-5,-0.000328576138163369,-8.260892337821173e-5,0.06834701887619339,1.3119407119051716,1.0112506872575961,-2.687568560867106,8.663712223755478,0.12086347028920412,8.29751368913668,10.479508621364216,5.456131884646238,-3.988897750670487,-19.18711558031708,-0.31936503147765427,-14.119844108401717
0.023956624999999995,0.0034223749999999996,7.0,1.7249526611598869,-1.1350576440127713,0.015023559525414398,0.0001211546786188844,-0.000411849535072834,-9.55475829756659e-5,0.06834892167647377,1.361700164670725,1.0805315540102867,-2.815628912558425,8.994823177012698,0.9889494744237707,7.352768624764604,10.1535136594981,5.61534067422817,-2.5623860076361225,-19.17924543414113,-1.4898014883562254,-14.610163851240877
0.023956624999999995,0.0034223749999999996,7.0,1.7110796024637362,-1.1206469244625807,0.013826818663038807,0.00016692003159966346,-0.0005084577108784655,-0.0001076838718690171,0.06835346269593331,1.402414849020624,1.1456322134527328,-2.921585506476799,9.235349145782886,1.8432339363318497,6.5770048280812325,9.874069354269771,5.7982833200735735,-1.2263956808625158,-19.164268615860298,-2.7488769566756925,-15.033632465856469
0.023956624999999995,0.0034223749999999996,7.0,1.6963427312904407,-1.105437667671461,0.012693797739401705,0.00022724372376964696,-0.0006176265383895962,-0.00011847056538896123,0.06835994838240886,1.435408742875246,1.2061441512767508,-3.0063585814252667,9.385505702839732,2.6513479947654,6.003169913490481,9.662034875303192,6.013106934820944,-0.027039287488536318,-19.14460273085177,-4.048832849782564,-15.398612637660682
0.023956624999999995,0.0034223749999999996,7.0,1.6807485737004375,-1.089427058465755,0.01163788247318986,0.0003040819816826349,-0.000737656351627558,-0.0001275613437897027,0.06836765679631812,1.46225700077205,1.2621966611238837,-3.072535370914073,9.455666000200237,3.3917146585598754,5.632459322788185,9.521840847931259,6.259091306876485,1.0265290158171272,-19.124626651543437,-5.347227812651761,-15.714757307076713
0.023956624999999995,0.0034223749999999996,7.0,1.6643048763143156,-1.0726108911055516,0.010660301216690444,0.00039836139494992396,-0.0008661265264743832,-0.00013480870406434143,0.0683759500929264,1.4849136789785236,1.314342456780227,-3.123054160083414,9.464529799625373,4.055241377288271,5.442018520425711,9.446834296885472,6.530048089057866,1.9541978714707675,-19.10257114474999,-6.606649998486986,-15.99457788868325
0.023956624999999995,0.0034223749999999996,7.0,1.6470180103645278,-1.054984706296155,0.009770240093910379,0.0005110732677724757,-0.00100067824642524,-0.00014030630768782106,0.06838447909003188,1.5049802509980257,1.3632218014761948,-3.160778799143956,9.433003466035592,4.643705530741502,5.396520302120144,9.4235978216314,6.815199076407031,2.787864224437774,-19.077466654873138,-7.801076990248726,-16.248202542442623
0.023956624999999995,0.0034223749999999996,7.0,1.6288930571872702,-1.0365446715938604,0.008978786368847956,0.0006409947354646034,-0.0011381553688725558,-0.0001440258813635924,0.06839306562056041,1.5236439453985298,1.4093565563484856,-3.1880263586046773,9.380164613322677,5.165645981679407,5.46029049299513,9.437778558447611,7.102834858836245,3.5573592239204603,-19.0484656344061,-8.914651229481745,-16.482999472158912
0.023956624999999995,0.0034223749999999996,7.0,1.609933838799748,-1.0172880001794007,0.008296363988393757,0.0007861570149254558,-0.0012763251242600478,-0.00014603613326752017,0.0684016327224775,1.5416846224631393,1.453038127412435,-3.206503824455822,9.321015461855744,5.6321889507264284,5.604210703279547,9.477044053176607,7.382525534229767,4.2826125391268475,-19.01507354101981,-9.939359014024571,-16.703540996085515
0.023956624999999995,0.0034223749999999996,7.0,1.5901430758492603,-0.9972130720817325,0.007729757634341062,0.000943572675882967,-0.0014137698912218251,-0.00014640310229000687,0.06841011271157653,1.5595673089226132,1.4943183141599596,-3.2174435238705517,9.26621569740354,6.053990679241805,5.807262113201538,9.531663820253625,7.6460642453396135,4.972655933959222,-18.977136462845706,-10.872367200184307,-16.912279942743137
0.023956624999999995,0.0034223749999999996,7.0,1.5695225005261249,-0.9763193129565584,0.00727983267690718,0.0011097630455038604,-0.001550155366666871,-0.00014521566822507583,0.0684183864555457,1.577541594081533,1.53306591234479,-3.221790452492006,9.222800305197909,6.4395755733377475,6.0546563863225735,9.593927403948099,7.887633386266255,5.628402432096262,-18.934675165508008,-11.713807208075318,-17.110433691464166
0.023956624999999995,0.0034223749999999996,7.0,1.5480728991951385,-0.9546069093011517,0.0069406758333333774,0.0012814138650410745,-0.0016861317505787801,-0.000142603177569746,0.06842626451619524,1.5957087552749634,1.5690502133544904,-3.220352462148859,9.194965176531033,6.794746511776105,6.335109600778618,9.657534804088732,8.103715546318085,6.246384906498495,-18.887809289907715,-12.46539298263351,-17.29868072284911
0.023956624999999995,0.0034223749999999996,7.0,1.5257941418102017,-0.9320764445956539,0.006700362472793123,0.0014561168315191575,-0.0018232186437330592,-0.00013876239632274487,0.06843350804993284,1.6140544068796672,1.602023276017198,-3.2138872223007495,9.18457015969822,7.122697522181631,6.63877613608184,9.717373824846895,8.292926349797819,6.821922342037963,-18.836825773636072,-13.129794933773411,-17.477496509496028
0.023956624999999995,0.0034223749999999996,7.0,1.502685269070171,-0.9087285434994268,0.006542994977048243,0.0016319120003234426,-0.0019624521945991675,-0.00013388213934458515,0.06843987695760818,1.6324627828037808,1.631784447632616,-3.203133740365141,9.191451205460876,7.424551958224399,6.956360847956676,9.769588924621926,8.455725426028689,7.3513524179219525,-18.782418697559837,-13.710581886141727,-17.647176631489558
0.023956624999999995,0.0034223749999999996,7.0,1.4787446756934395,-0.8845635944804566,0.006451277918478831,0.0018055896109352328,-0.002102224479847551,-0.0001280461799904908,0.06844518444592633,1.6507305436873947,1.6582204482659662,-3.1888050722692136,9.213741846764261,7.700114616274629,7.27920076988109,9.811709983205047,8.593972244494923,7.833375163484198,-18.72596465184023,-14.212439727353747,-17.807714091259168
0.023956624999999995,0.0034223749999999996,7.0,1.4539703811142448,-0.8595815864917193,0.006408843478412637,0.0019771744978921745,-0.0022437584807215513,-0.00012160518952930837,0.0684493370997261,1.6685914719693007,1.6813222104944618,-3.171559484731243,9.248312602342809,7.948669934580313,7.599454349923946,9.842668123932476,8.710386441340999,8.269153172940616,-18.669221831132244,-14.640962891488476,-17.958699043683794
0.023956624999999995,0.0034223749999999996,7.0,1.4283603438058428,-0.8337820573587331,0.006401779314511576,0.002146793592573257,-0.0023874752896035603,-0.00011487122578712259,0.06845234890360072,1.685754474309267,1.7011842684108887,-3.1519679015080824,9.291336116212634,8.169606961682735,7.911097041638267,9.862717285300961,8.8080073835386,8.662287270724953,-18.614562467883363,-15.002802268307878,-18.099343499751228
0.023956624999999995,0.0034223749999999996,7.0,1.4019127508947822,-0.8071641370432893,0.006419252125609982,0.0023147290635929505,-0.0025334525695647893,-0.00010813122554143588,0.06845432882037214,1.7019462165233665,1.7179903556876368,-3.130484485236144,9.338950024039475,8.3629083430117,8.209984776933677,9.873125961151066,8.889673695530739,9.01845580740692,-18.564761795827387,-15.305299461114382,-18.228623719570212
0.023956624999999995,0.0034223749999999996,7.0,1.374626185739811,-0.7797266967215084,0.006453637022638811,0.0024813957932707134,-0.002681576452838163,-0.00010162728784272917,0.06845545101463857,1.716936504983562,1.731978794526445,-3.1073963457535,9.387930181903576,8.529500247415537,8.492346018631206,9.875563092134257,8.95745571966196,9.345350617192512,-18.52226714737816,-15.55551733889806,-18.34538590156554
0.023956624999999995,0.0034223749999999996,7.0,1.346499587238276,-0.7514686268739355,0.006500714381182879,0.002647296839104739,-0.00283153505658006,-9.55279069843862e-5,0.06845591809109515,1.7305244809856137,1.7433790972960506,-3.0827238434271416,9.436074554343836,8.671275455913673,8.752628293608248,9.871310747475103,9.012169554382112,9.651949002454376,-18.487708396048443,-15.758538162816283,-18.448244108725962
0.023956624999999995,0.0034223749999999996,7.0,1.317532068452293,-0.722389139181676,0.006559761540655728,0.002812885203310993,-0.002982933786440684,-8.993772042200073e-5,0.06845592382766494,1.7425021731768937,1.7523451863483936,-3.056134567987427,9.481889956878412,8.790413914404349,8.984095515485329,9.860959367314534,9.05356864727631,9.945281336961191,-18.458572981664588,-15.915993357388032,-18.535458604154734
0.023956624999999995,0.0034223749999999996,7.0,1.2877228666932625,-0.6924878069241168,0.006632540671579724,0.002978322034865773,-0.0031355868687914287,-8.497004817978012e-5,0.06845562337294826,1.7526598333517542,1.75895324560717,-3.0270246170423993,9.523845972078552,8.888315888260989,9.183017311124688,9.845082385583183,9.081488013954274,10.226474170042179,-18.429947039937055,-16.026632659158455,-18.605333986032836
0.023956624999999995,0.0034223749999999996,7.0,1.2570715499883605,-0.6617642534740773,0.0067212273517244375,0.0031434343344687145,-0.0032896085783388606,-8.080037078973187e-5,0.06845512424584516,1.7608540374405264,1.763280468470805,-2.9947612312722423,9.56035476377018,8.965472837928814,9.350635109550517,9.824954496639924,9.096687650556735,10.492097249535064,-18.397337306342386,-16.08883500273577,-18.657042414326906
0.023956624999999995,0.0034223749999999996,7.0,1.2255781307897955,-0.6302179209706563,0.006827338757272406,0.0033081061252731507,-0.0034451486130585122,-7.761128318284084e-5,0.068454499214031,1.7670441805179522,1.7654574368132663,-2.9588017075445943,9.590689442488094,9.022535940189904,9.488944638833853,9.801945944016202,9.100001602792807,10.741171406023584,-18.358491026440348,-16.102027336308108,-18.690691045280925
0.023956624999999995,0.0034223749999999996,7.0,1.1932444698673126,-0.5978479529565777,0.006940931993071083,0.0034735098843095315,-0.003603374334322825,-7.5589837922726e-5,0.06845383037359715,1.7714632564505701,1.7658204660312014,-2.918263349927412,9.615832638392165,9.06136576414995,9.596551511968396,9.77693910872878,9.091451238331642,10.9799136951758,-18.308074266843132,-16.061031761428346,-18.707283876723803
0.023956624999999995,0.0034223749999999996,7.0,1.1600671751797211,-0.5646549864265673,0.0070893174770704165,0.0036354444536200034,-0.003758363030464167,-7.464672582512242e-5,0.06845310681807952,1.77357608690077,1.7639783791658967,-2.8725890514424717,9.63469174973235,9.081418554381546,9.66747423674313,9.748137444785657,9.067801284948246,11.21738176241034,-18.252055629550487,-15.969891002521434,-18.702493034680618
0.023956624999999995,0.0034223749999999996,7.0,1.1260473881822197,-0.530639134797189,0.0072698399984025995,0.003791410005109925,-0.003906927792209613,-7.505712948715506e-5,0.06845241221224231,1.7734670962035994,1.7600159890163116,-2.819982167191406,9.646422861940144,9.082415415545679,9.696188703806323,9.716155975661648,9.027044522697436,11.465164640786595,-18.18295157671385,-15.81650569810717,-18.673467384637586
0.023956624999999995,0.0034223749999999996,7.0,1.0911847173929519,-0.4958010900763637,0.007495309245138672,0.003938745427848583,-0.004045415978127689,-7.734997646103789e-5,0.06845187008209755,1.7710507483250049,1.753725946599717,-2.7582036644411247,9.647690183303704,9.062542473730424,9.675985743275595,9.683637191613666,8.966350497755434,11.736675015169757,-18.09563773348057,-15.586663481241517,-18.61404068105914
0.023956624999999995,0.0034223749999999996,7.0,1.055479675825616,-0.46014171721813935,0.00778490030169982,0.0040727447316092685,-0.004168139399686467,-8.247391134333338e-5,0.06845182245945061,1.7664858287896135,1.744771969470231,-2.6841400429828997,9.633037056756544,9.020496968968992,9.601076209400032,9.658154840840298,8.881204183939047,12.051803933139443,-17.984494096059972,-15.258563407956453,-18.5142412406956
0.023956624999999995,0.0034223749999999996,7.0,1.0189370040709114,-0.4236627746290221,0.008156211596226481,0.0041864678534998204,-0.004267860661273334,-9.202613456159216e-5,0.0684531849828474,1.7607255195577478,1.7326881708366186,-2.5934348755264365,9.594806113626534,8.957929802653707,9.475792285911755,9.65722207872938,8.762671057521775,12.439603904765868,-17.842804637248562,-14.79843445344735,-18.357477171148282
0.023956624999999995,0.0034223749999999996,7.0,0.981565356420301,-0.3863684463664031,0.00864158267094782,0.004269573759555713,-0.004336391117396118,-0.00010889457609555435,0.068457956751113,1.755830866119823,1.7161660266018393,-2.4809448024687715,9.52407937529127,8.882931103668644,9.326180971860103,9.714250150835838,8.589184328624427,12.940682091011613,-17.674072853215694,-14.16725329430692,-18.113263703915706
0.023956624999999995,0.0034223749999999996,7.0,0.9433838832044871,-0.3482712772513577,0.009275932873129401,0.004307932514962257,-0.004364016448128446,-0.0001367557776114985,0.06847021518849425,1.7559141735819919,1.6920826263727513,-2.3409956488884753,9.420267565912171,8.81807600524993,9.210142069122709,9.882966414185288,8.3093615389462,13.605100260029484,-17.492798250366693,-13.317097294862183,-17.729629104858358
0.023956624999999995,0.0034223749999999996,7.0,0.9044248314130752,-0.3094050873785159,0.010093347812301631,0.004281628693497562,-0.004344324765694491,-0.00017947890279218666,0.06849681551815003,1.7672694864764422,1.6531102026647624,-2.1695048050647427,9.311282095880902,8.801347669538869,9.245430446108138,10.230806774880262,7.816306762188562,14.441755991902342,-17.33171310116525,-12.195958459848514,-17.127588858069473
0.023956624999999995,0.0034223749999999996,7.0,0.8647300681580302,-0.26984493846968144,0.01108767568643485,0.004164879458216492,-0.004287980585697999,-0.00023889887219500665,0.06854593153300642,1.7969952980827102,1.5849011121294736,-1.9712457918765633,9.29449786598302,8.864187062077942,9.658862281352842,10.802438915702625,6.92991462924923,15.282100378188543,-17.269628902761998,-10.771704083979563,-16.224412495232258
0.023956624999999995,0.0034223749999999996,7.0,0.8243230039386761,-0.22972469771667264,0.012111617776060204,0.003930954520059865,-0.0042390553701936624,-0.00031086051772117793,0.06861960050168385,1.8472377712422687,1.4650274078774503,-1.775663683482372,9.594968501469053,8.96403943580231,10.74905389363315,11.511487378862446,5.424396933055057,15.540953459497455,-17.470374728540026,-9.064551096975077,-15.019365434524126
0.023956624999999995,0.0034223749999999996,7.0,0.7831337400540896,-0.18921832765883348,0.012726703071599812,0.0035538196911073803,-0.004261992334983188,-0.00038343962362201347,0.06869891399449786,1.9024903236082398,1.2688692584477355,-1.6570825586732774,10.547122271667506,8.85849844255034,12.46843576835652,11.969072144681665,3.185907537158116,13.954140093700556,-18.082193956625296,-7.135488562576091,-13.733029808825624
0.023956624999999995,0.0034223749999999996,7.0,0.7408946060416151,-0.14843167015743317,0.012224861741037705,0.0030116354736168444,-0.004345413425638065,-0.0004362963665227812,0.06873218032855687,1.9147741340166597,0.9883107672054797,-1.7221434532828341,12.291964473854275,8.051049368599266,13.187853595350186,11.415844736914796,0.5264181512001385,9.167181786650312,-18.73980960755795,-5.072175813544186,-12.818382625054415
0.023956624999999995,0.0034223749999999996,7.0,0.697095019918885,-0.10722638591469676,0.010440983567810666,0.0023636764204887917,-0.004327772131707071,-0.0004287941808909884,0.0686529979438394,1.796477347603343,0.6551060458342917,-1.9769480335846048,14.067712212272161,6.144899136784488,9.199411576600587,8.96987864531041,-1.6827985320102814,2.6339785344418396,-18.24007313744032,-3.1378012825491814,-12.384913680261883
0.023956624999999995,0.0034223749999999996,7.0,0.6513023804855086,-0.06515057814795076,0.008927126032675124,0.0018102353783023854,-0.0041144206370638415,-0.0003080990488286467,0.06848266826797449,1.4678607526329164,0.34362674945829547,-2.1656237403229617,13.702072546874264,3.5294508151696853,0.2777112986222752,4.793864906320578,-2.5644153488527057,-0.6407669390052967,-15.826341478844041,-1.6958692744168882,-11.137657198021572
0.023956624999999995,0.0034223749999999996,7.0,0.6039989032911347,-0.021710274702455533,0.009371662281478248,0.0016796401060724042,-0.0038553598282276657,4.02027177592506e-5,0.06838010758660179,1.0136794353225267,0.12668851435157416,-2.0323777928116473,10.097450024953883,1.3145923959224353,-6.066146983379473,1.2252200719784236,-2.1796192570185746,0.15606754838349718,-12.17717265492282,-0.7089648930029283,-7.917830767935311
0.023956624999999995,0.0034223749999999996,7.0,0.6041202643995903,0.022849894678735824,0.009633901188819525,0.0007430739839238837,-0.0029936212855079876,0.00020684555966516414,0.06865011968693148,1.0259406139630651,0.02175884709361586,-1.9900937944904185,10.26132233553509,0.0369770557984729,-5.719491514322777,-0.5830004501966372,-2.435981451013754,1.6238030053003436,-12.037916092803515,-0.046363469692439374,-7.82534088452133
0.023956624999999995,0.0034223749999999996,7.0,0.6518269751654422,0.06649948018924755,0.009909905373349636,-0.0013036827565039392,-0.003739973341457328,0.0003333413625236021,0.06846491901755151,1.5240948181011869,-0.16521938358343977,-2.0259138038569895,14.336446255197261,-2.6337617509461753,1.0334495295380606,-4.068428460186156,-3.6208298449098466,2.1262781045664583,-14.918170343030315,0.66910187411057,-10.715616410287417
0.023956624999999995,0.0034223749999999996,7.0,0.6981017260694324,0.10821838164624417,0.012034054934425487,-0.0019213506905537763,-0.003843968422798844,0.00035572038571898433,0.06872152275684176,1.9144026540315706,-0.5222122157378026,-1.7683955939342524,14.961440643623654,-6.501671248491674,9.767784873243263,-8.736108250648503,-3.1679675899036512,-2.328367070269322,-16.503985890159615,1.5946424321367128,-11.79347305372001
0.023956624999999995,0.0034223749999999996,7.0,0.7421168684574481,0.14871114654219905,0.013933763407373744,-0.0025601573443415353,-0.0037805605729552064,0.00038335950894468756,0.06885619144467292,2.0709437930036296,-0.9489769328119326,-1.505474470659169,12.883298168551404,-9.14310511130614,13.094097737577744,-12.064887770720782,-0.5380573816832316,-9.81109903903604,-16.6682658002032,3.0737753537656376,-12.345240786868178
0.023956624999999995,0.0034223749999999996,7.0,0.7841811454548693,0.18893205027063378,0.014099107195001086,-0.003141441794031652,-0.0037349583870955024,0.0003904489311529942,0.06881231815819873,2.0465137405003864,-1.3054742835759945,-1.48105313562459,10.666697607018412,-9.808604050585314,11.869812433474673,-13.10784384242927,2.8021823034892415,-14.873858269711866,-16.304078607059083,5.098819927227579,-13.468879910507649
0.023956624999999995,0.0034223749999999996,7.0,0.8250325105911116,0.22918795949079662,0.012991463531512308,-0.0036233782601665836,-0.0038521089701222836,0.00035734022794361206,0.06868931017009086,1.9520546931707077,-1.5375701830027817,-1.6570007928076473,9.509538163973847,-9.493405801454019,10.017027065545326,-12.570293092716659,5.471191326437107,-16.35229988285776,-16.308424235077258,7.325045329969711,-14.980729490410962
0.023956624999999995,0.0034223749999999996,7.0,0.8651582345985052,0.2692721323239008,0.011530568795573586,-0.0039865420539031875,-0.004069587128876325,0.00029504684115147484,0.06857528500169625,1.8658453231788552,-1.6656579895686217,-1.90470135467268,9.241291501369595,-9.078795816704929,9.039012628510955,-11.568812928789088,7.145751093157114,-15.91106482649324,-16.69859255788244,9.464132128151556,-16.387042594526715
0.023956624999999995,0.0034223749999999996,7.0,0.9046878087651032,0.30888522833436016,0.010223881713747484,-0.0042150882297550245,-0.0042704090972135915,0.00022911166130404922,0.06850191079028146,1.8138654156550724,-1.7295872627134603,-2.1422070744123465,9.366758472825069,-8.862491267050432,8.831429863739087,-10.742233621016593,8.066316014385283,-14.916285461111856,-17.170628214874956,11.297433550926668,-17.43307448721034
0.023956624999999995,0.0034223749999999996,7.0,0.9435707292456293,0.3478221565474893,0.009213386932904277,-0.004321935658640664,-0.004394641268941628,0.00017614391660267855,0.06846473626063578,1.7919239599727868,-1.7607165461998124,-2.339822749361283,9.571894453207031,-8.835813646415836,8.999563643441011,-10.236836564551488,8.545124517083865,-13.961960264541945,-17.56249720953496,12.729258884047818,-18.1170189702909
0.023956624999999995,0.0034223749999999996,7.0,0.9817250865738818,0.3859806252581853,0.008474348672773963,-0.004337181922207322,-0.004435146781123482,0.00013959234744295355,0.06844964459690495,1.788113665152869,-1.7772925638176214,-2.4955187593117585,9.736500399904033,-8.912052931691399,9.26527869623434,-9.988698045532171,8.802057544790454,-13.214130584205893,-17.850121372048182,13.783225502297588,-18.538557944694496
0.023956624999999995,0.0034223749999999996,7.0,1.0190918575113073,0.4233207232825509,0.007937832789521683,-0.00428932367472537,-0.004407445968306104,0.00011630839477892975,0.06844531598130395,1.7925848747183992,-1.7879592627930065,-2.6171306646970667,9.840040641190585,-9.018787044055598,9.49828574596498,-9.897410394227755,8.956937838193902,-12.6641128829496,-18.056721427382126,14.538272143627067,-18.79697847938447
0.023956624999999995,0.0034223749999999996,7.0,1.0556387650818189,0.45983114033074424,0.007541223821550645,-0.00419911671103144,-0.004330315196619467,0.00010198672448435762,0.0684453348542431,1.7993826144367908,-1.7960565180884465,-2.7136196168827644,9.89543166604489,-9.116222417908922,9.659958698551653,-9.886312592585135,9.06396700459235,-12.255031789538629,-18.20850177309055,15.07605763614442,-18.95939867063723
0.023956624999999995,0.0034223749999999996,7.0,1.091350731146858,0.49551094211534313,0.007240725854487128,-0.004079900210374755,-0.004219858397919094,9.348355244964877e-5,0.06844674365136914,1.805511546809135,-1.8025404634213193,-2.7921395104687114,9.919463643857139,-9.188820308920315,9.750769575261934,-9.909820852223893,9.144059206046165,-11.933691731844723,-18.324401892341108,15.460183336447955,-19.063522849903304
0.023956624999999995,0.0034223749999999996,7.0,1.1262222371564867,0.5303615301648867,0.007004492838756166,-0.003941396949479431,-0.004087208717492021,8.871647810745645e-5,0.06844839190286574,1.8097897602085553,-1.8075940168689548,-2.8576713724518483,9.924729865350654,-9.234031466311725,9.7819973799906,-9.944760923251417,9.204368293130196,-11.663832557806026,-18.41573612726284,15.733003063608528,-19.12909815848084
0.023956624999999995,0.0034223749999999996,7.0,1.1602515752178288,0.5643843498548752,0.006813754630409982,-0.0037900256377796145,-0.003940251668532928,8.638673012752258e-5,0.06844992338908222,1.8118608863052104,-1.811170121629277,-2.913689239132897,9.919071533538853,-9.254272003140036,9.764420578588703,-9.980684371745944,9.247272070288378,-11.42385910409192,-18.49099593283129,15.922758786955642,-19.16634360382722
0.023956624999999995,0.0034223749999999996,7.0,1.193438782725439,0.5975801604357397,0.006655174563255864,-0.003629727130030503,-0.003783925696120232,8.577565021427783e-5,0.0684512712176626,1.8117741277306245,-1.8132524773742844,-2.96262573041791,9.906967131769703,-9.252911397774751,9.706456805002142,-10.014052816243124,9.274433666304255,-11.200923926920085,-18.55642136314611,16.04741232197428,-19.181400798073945
0.023956624999999995,0.0034223749999999996,7.0,1.2257838191046677,0.6299497716861325,0.006526504136625575,-0.0034636804004571256,-0.003622336117306511,8.655907209062508e-5,0.06845244207872005,1.8095444857024516,-1.8137076109677153,-3.0063510238568556,9.889844193928953,-9.2316576191416,9.614782088307011,-10.04444077478057,9.28765629674669,-10.984977601176842,-18.619178600400865,16.120643497586112,-19.177500490675637
0.023956624999999995,0.0034223749999999996,7.0,1.2572879806106232,0.6614930819301157,0.006407285283801225,-0.003297304935274478,-0.003461981353670385,8.868815450443956e-5,0.06845345010214506,1.8055644965318425,-1.8127059441428437,-3.045737630287624,9.868245134729367,-9.191352730252252,9.49541572688519,-10.0735635318446,9.28988756972363,-10.767264650854083,-18.67696923460624,16.143426633125323,-19.158132704453013
0.023956624999999995,0.0034223749999999996,7.0,1.287950424690147,0.6922115336373266,0.0063024901725557475,-0.0031295452209642305,-0.0033023161441847167,9.203246173051559e-5,0.06845426558753537,1.7996728000270812,-1.8099130318102958,-3.08169612017924,9.840708022458443,-9.130274794223025,9.351438793569585,-10.101328298321283,9.282018737264956,-10.539940518097655,-18.73440789406604,16.121336819111598,-19.122726759723395
0.023956624999999995,0.0034223749999999996,7.0,1.3177707201060764,0.7221064450988318,0.006211068315021937,-0.0029605398603783214,-0.003143724124703289,9.644343286473468e-5,0.06845482200856123,1.7918206263461194,-1.8050597736769558,-3.114716439639571,9.806666518530038,-9.046802494218028,9.182952867596578,-10.126801850967736,9.264074906408627,-10.297469769625472,-18.792397959306577,16.054531224940682,-19.07074142493867
0.023956624999999995,0.0034223749999999996,7.0,1.3467486255539214,0.7511791878669452,0.006132895434614109,-0.0027904306162955016,-0.002986437855658932,0.00010173613585672025,0.06845500851937368,1.7819931694985809,-1.7978616211243301,-3.1451622002914075,9.766583193404665,-8.939443315282537,8.988222350811196,-10.148275297921828,9.235334868563418,-10.03558843348019,-18.85154102226992,15.941500771790047,-19.001918061968063
0.023956624999999995,0.0034223749999999996,7.0,1.374884319340861,0.7794310840228387,0.006068607527429615,-0.002619246324935952,-0.0028306390582745287,0.00010771437052725416,0.06845467209072825,1.770254254757909,-1.7880454691340684,-3.1733160772494857,9.721905217227844,-8.806792187124389,8.765683195132784,-10.163801438140535,9.194800770162969,-9.749970741284601,-18.912304722182764,15.779541126463188,-18.91670598739081
0.023956624999999995,0.0034223749999999996,7.0,1.402178492690226,0.806863390127498,0.006020032980127232,-0.002446898887299794,-0.0026765573742280825,0.00011417470818379594,0.06845362915025667,1.7567573800260523,-1.775354551095751,-3.1993568928058913,9.674938706013583,-8.647542121850345,8.515301445748738,-10.171421465400204,9.141228512372091,-9.435582806054983,-18.974886101317956,15.564897986378183,-18.81616721838568
0.023956624999999995,0.0034223749999999996,7.0,1.4286323717100762,0.8334772689410056,0.005990921777636435,-0.0022732025237896846,-0.0025244773766299,0.00012089416474281458,0.0684516892575531,1.7417396912617442,-1.7595536556997196,-3.223315882243985,9.62876889466656,-8.460688405554942,8.239220213986664,-10.16927311195149,9.072938869118198,-9.086782269142862,-19.039027974464975,15.29287287631327,-18.70170776378477
0.023956624999999995,0.0034223749999999996,7.0,1.454247680075198,0.8592737099528924,0.005987733118537752,-0.0020979157903010578,-0.0023746759888684456,0.00012762079579599128,0.06844868916835707,1.7255048670043225,-1.7404436270954404,-3.2450426655669102,9.587101716815788,-8.245772620919025,7.941986474150569,-10.155792558029836,8.98769972094437,-8.697860612296747,-19.103942146252535,14.958060334515109,-18.57480143776015
0.023956624999999995,0.0034223749999999996,7.0,1.4790265193488565,0.8842534177669247,0.006020236158948518,-0.0019208248343650846,-0.002227294572173893,0.00013407494056683127,0.0684445305711731,1.7083942846599878,-1.7178824671488342,-3.264195269487085,9.553935659734798,-8.002995140477104,7.630404644090053,-10.130031381127099,8.88280728124739,-8.263868624966776,-19.168387432624986,14.554744079760503,-18.436742940982185
0.023956624999999995,0.0034223749999999996,7.0,1.5029711580655707,0.9084167085137959,0.006101599140126562,-0.0017418337776897938,-0.002082101996211847,0.0001399554193860828,0.06843921037277452,1.6907490284600502,-1.6918071501015854,-3.280260186977035,9.533080173752893,-7.7330898270244806,7.3129923095979095,-10.091999966326588,8.755382256904754,-7.781569980932195,-19.23088505341578,14.077370642302713,-18.288462430657635
0.023956624999999995,0.0034223749999999996,7.0,1.5260837526288904,0.9317634595088509,0.00624766256124869,-0.0015611323456977886,-0.001938283800318578,0.00014494798374120068,0.06843283128437051,1.672870321029514,-1.662249848387066,-3.2925983021873257,9.527605592526912,-7.43692108659693,6.999214396572321,-10.042935476465379,8.602839699526891,-7.250198236389825,-19.289999450167148,13.520955490690362,-18.130445292053793
0.023956624999999995,0.0034223749999999996,7.0,1.5483660475871506,0.9542931550031554,0.00647529894298468,-0.0013806716411235208,-0.0017959847182110154,0.00014886606487978787,0.06842558498661774,1.6549868324498618,-1.6293416163734011,-3.3004999545826967,9.539325078304815,-7.114846502260448,6.698741472756504,-9.985418512967177,8.423447143226424,-6.671575792189156,-19.344480171151357,12.881228887551492,-17.962772221531242
0.023956624999999995,0.0034223749999999996,7.0,1.569819113314456,0.9760050525594044,0.006800080596573474,-0.0012031616554051086,-0.0016552002326128616,0.0001516071425691762,0.06841771011768828,1.6372335675321934,-1.593296905524604,-3.3032267715922066,9.568381652438257,-6.765937796117492,6.421298626047009,-9.923346126146523,8.216858243410899,-6.049669791691267,-19.393465296608564,12.15476119745877,-17.785239895849156
0.023956624999999995,0.0034223749999999996,7.0,1.5904431685949214,0.9968984621172982,0.007233778863355227,-0.00103077455705525,-0.0015142642920849673,0.00015298440775182246,0.06840943815949899,1.6196402378003532,-1.5543747501221628,-3.3000227017552977,9.612939566229647,-6.387227844019,6.177098238754018,-9.861819466312896,7.984527004342761,-5.389421251170583,-19.436565057310755,11.339040052265112,-17.5974665705724
0.023956624999999995,0.0034223749999999996,7.0,1.6102374980777872,1.0169730978117766,0.007782400021562893,-0.0008666672698572263,-0.0013724192560085294,0.0001528833857002256,0.06840094692440934,1.6021185753974676,-1.512816673841558,-3.2900829190338445,9.668867333053264,-5.973190678584227,5.977742559869618,-9.80707495150664,7.729974075062144,-4.694564100333913,-19.47359525863632,10.432520085751888,-17.398841408115423
0.023956624999999995,0.0034223749999999996,7.0,1.6292004249595051,1.0362294380264103,0.008445423152364644,-0.0007142191385737564,-0.0012298189657861465,0.00015122247967576938,0.06839234186569186,1.5844312258217153,-1.4687674938156061,-3.2724699667091497,9.729224512986622,-5.51561687083491,5.838211123954339,-9.76671279847694,7.458949220063457,-3.9646529325045488,-19.50452600727233,9.435269926201302,-17.188173733050085
0.023956624999999995,0.0034223749999999996,7.0,1.647329268407246,1.0546690130543805,0.009216587668812077,-0.0005764285797953563,-0.0010876469452149851,0.00014792874538766102,0.06838367855124589,1.5661263487730968,-1.422194212431231,-3.2459711087381047,9.783477759009951,-5.004169829819799,5.779438884298774,-9.750297034675725,7.17951596105148,-3.191439445592134,-19.529549121276546,8.350316500830028,-16.962993720061444
0.023956624999999995,0.0034223749999999996,7.0,1.6646202311379326,1.0722945349088249,0.010086066588099072,-0.0004554066588138524,-0.0009479048110903851,0.000142906145648381,0.06837502886004504,1.5464399185789264,-1.372830183583825,-3.2089198548807527,9.816789819698243,-4.427996674243087,5.830109376855033,-9.76992419919091,6.901869095560866,-2.3560528195708312,-19.549240937912373,7.185775050664251,-16.718658915259102
0.023956624999999995,0.0034223749999999996,7.0,1.6810682435503579,1.0891097846738476,0.011043344471058966,-0.00035270321297212545,-0.0008136105331072701,0.00013612172637102058,0.06836657786845757,1.5242039537157002,-1.3201829583874598,-3.1590656255739678,9.810264721837708,-3.7787030753240303,6.025167120064405,-9.839668171560637,6.63738638215906,-1.4297972997544384,-19.564584530844993,5.957395833272958,-16.447651103996765
0.023956624999999995,0.0034223749999999996,7.0,1.6966669845306326,1.1051191586727773,0.012079177237102723,-0.0002675659538650402,-0.000687086682121118,0.00012743233434278487,0.06835869561428491,1.4978494335996746,-1.263645500132927,-3.093624922163322,9.743145344287802,-3.0544031045043556,6.399140855103709,-9.972769458494831,6.396519851308229,-0.3817126163653359,-19.576588751937184,4.69068116414975,-16.139665195596024
0.023956624999999995,0.0034223749999999996,7.0,1.711408821285451,1.120326890886346,0.013192299560900952,-0.00019949395480221832,-0.0005708529489511009,0.00011688424676130647,0.06835204329002127,1.4654464392895938,-1.2026858750999971,-3.0097552383863264,9.596674129071879,-2.2636650312165614,6.974270709398953,-10.175930120269173,6.1851883154449965,0.80783421133218,-19.587259273913673,3.422259772310971,-15.78186244451688
0.023956624999999995,0.0034223749999999996,7.0,1.7252868758560334,1.1347359188609871,0.014371242314431038,-0.00014686151987350072,-0.00046684491489109724,0.00010474410098163505,0.06834737535277838,1.4253935154783735,-1.1371853637479545,-2.9049752359676098,9.359984736530793,-1.4271394702691031,7.74907475694727,-10.44502088620162,6.003850717010883,2.1306260751694728,-19.592983964475398,2.193722589642226,-15.363835453541679
0.023956624999999995,0.0034223749999999996,7.0,1.7382949534798033,1.148346682078553,0.015617099232855236,-0.00010740271183975031,-0.0003761573252484828,9.152096334839067e-5,0.06834540694710765,1.3763501309234627,-1.0675472419635492,-2.778412469213884,9.032135747036945,-0.5758350027699108,8.691057396477616,-10.760062622020795,5.844559727903862,3.542519298782042,-19.59181956444635,1.0515753317516185,-14.876695474940798
0.023956624999999995,0.0034223749999999996,7.0,1.7504303966631312,1.161156247243211,0.016921749136376504,-7.848437672366951e-5,-0.0002988995293192182,7.790607220487578e-5,0.06834653803946521,1.3180097514787927,-0.9948380571104434,-2.631143606552233,8.623720123614184,0.2542930174672935,9.74048174970639,-11.088657929869505,5.6950070836425635,4.966121668590864,-19.577245353427887,0.03623188438805844,-14.318727207256753
0.023956624999999995,0.0034223749999999996,7.0,1.7616949002772297,1.1731581661703716,0.018270943937100676,-5.752181945946282e-5,-0.00023431877100501443,6.460162712269206e-5,0.0683506965398448,1.2511846022960291,-0.9206402253289242,-2.466472077279463,8.154099296469866,1.0290407958706445,10.821944917348825,-11.392196140757092,5.541973052749121,6.306983980314471,-19.540726796385552,-0.8231131708706982,-13.696072349218978
0.023956624999999995,0.0034223749999999996,7.0,1.7720948880915883,1.184343056199078,0.019643031905710158,-4.230425509880599e-5,-0.00018111290655076632,5.218364046380459e-5,0.06835733532362501,1.1777471423406478,-0.8468027141317631,-2.2895677637371143,7.647297127779434,1.7216314831307613,11.859922619831583,-11.63466877742314,5.375233859696775,7.475437609836112,-19.47326246786394,-1.5123317535861585,-13.022530987476213
0.023956624999999995,0.0034223749999999996,7.0,1.781640782960572,1.1946997723646768,0.021010359096167646,-3.1134335097378906e-5,-0.00013776992655522395,4.103979656800521e-5,0.0683655906280965,1.1003260794788015,-0.7751620682955943,-2.1067197654318233,7.1277936319596655,2.315722536880649,12.792265948831417,-11.790251203192671,5.189792870052918,8.405786947429208,-19.367610158359877,-2.0326940294758504,-12.317586502012587
0.023956624999999995,0.0034223749999999996,7.0,1.7903454904880685,1.2042167900444312,0.02234230710551438,-2.2803989397637886e-5,-0.00010280533784129894,3.1372190208309326e-5,0.06837451473314277,1.0218798970858265,-0.707323466483731,-1.9244533175285985,6.61737897723701,2.8055907849640502,13.578058000829047,-11.847396471153855,4.986130378495221,9.066780274627176,-19.220315941848252,-2.3982836999449626,-11.603509355732227
0.023956624999999995,0.0034223749999999996,7.0,1.7982225909343295,1.2128834383755986,0.02360888465480716,-1.6491488163284947e-5,-7.487463161510149e-5,2.3231474398975444e-5,0.06838328211115008,0.9452786456396457,-0.6445406704736724,-1.748757112427013,6.133440270012584,3.194353685635526,14.199253446202086,-11.808934774437878,4.7690496376439455,9.462026879864043,-19.03290242114882,-2.6317770477770104,-10.902489907656532
0.023956624999999995,0.0034223749999999996,7.0,1.8052847273073303,1.2206907586017988,0.024783828031609258,-1.1649560327999684e-5,-5.280796462180577e-5,1.6560540061909375e-5,0.06839130671171534,0.8729905764889603,-0.5876876227950834,-1.5845688937932147,5.688496098548404,3.4913421688166766,14.657676800661477,-11.689149266994585,4.545977408175822,9.622890541133373,-18.811937378005712,-2.7599515426702568,-10.234473506724223
0.023956624999999995,0.0034223749999999996,7.0,1.8115425019551348,1.2276319214815838,0.025846565507066543,-7.889501349255378e-6,-3.5494690545720936e-5,1.1199796658896538e-5,0.06839826295605854,0.8069140815308968,-0.5372918588350949,-1.4355529760110461,5.290569110356769,3.7094781762394198,14.969663762879605,-11.509432672804943,4.325366795543327,9.597941086361223,-18.56812718357802,-2.809903956971444,-9.615935905900098
0.023956624999999995,0.0034223749999999996,7.0,1.8170039715242705,1.2337022562965065,0.02678288655707196,-4.940816440779919e-6,-2.198150197345575e-5,6.955909199262721e-6,0.06840404041960592,0.7483456687345854,-0.4935989306719204,-1.3041217099514142,4.943996940750352,3.863095733741207,15.1602481214852,-11.293969251375204,4.1155045527300835,9.442566567423512,-18.314812374435174,-2.8064377813986514,-9.059501493480436
0.023956624999999995,0.0034223749999999996,7.0,1.7908298386984807,-1.2428330642055678,0.017038953163061046,-0.006927966166794504,-0.0017864886244630513,-0.003129376081186859,0.06842456732930212,0.6307224637417076,0.4583198516588592,-1.3126853891836596,4.865859913697601,-2.871565122484963,8.94645413284597,10.19430462571671,3.9883335087643847,-12.014726489771972,-14.096553506100006,4.13948574423912,-8.854193422461986
0.023956624999999995,0.0034223749999999996,7.0,1.7863956610227443,-1.2382029771653187,0.01670083860275675,-0.003696291531287194,-0.0009270932480746378,-0.0016540638212507387,0.06842662068984502,0.6619709578819705,0.4889417767213753,-1.4075121707443254,5.084292572155241,-2.8337346532574537,8.669986475412154,10.424299556413224,4.139944057155876,-12.504500097855647,-14.314320789413275,4.366746327395059,-9.22423662931112
0.023956624999999995,0.0034223749999999996,7.0,1.7811444313208677,-1.2327234933752171,0.016302128867245795,-0.002993610223255995,-0.0007380746308562968,-0.0013277781264369657,0.06842935600377889,0.698429532385328,0.5252237815230365,-1.519012070651836,5.341307185435202,-2.6687896306634715,8.240567462320914,10.56639564034617,4.30333822163759,-12.788589478222127,-14.499047773848275,4.390473730697968,-9.644645407072812
0.023956624999999995,0.0034223749999999996,7.0,1.7750740454111285,-1.2263960791018829,0.015846290971143873,-0.0026600004590378095,-0.0006460452907248791,-0.001168762344515269,0.06843286783604657,0.7395134798315911,0.5669112949000391,-1.645864590085789,5.634421909204364,-2.430026032408484,7.68012730955254,10.66798508877876,4.470128719981958,-12.965718882758315,-14.680895275844792,4.332626400580041,-10.104550629186328
0.023956624999999995,0.0034223749999999996,7.0,1.768181620577949,-1.219223041970214,0.0153390002868365,-0.0024491217633046914,-0.0005873921786173972,-0.0010655252543109413,0.06843721456959358,0.7843360000875954,0.6135120553853851,-1.7859081066102507,5.959309137312991,-2.113758310066439,6.982237806220703,10.718591016658822,4.631355954041927,-13.006829543132607,-14.856649067902454,4.186167884558826,-10.590665091354932
0.023956624999999995,0.0034223749999999996,7.0,1.7604634992889376,-1.2112076259515827,0.01478831052685382,-0.0022912264735904077,-0.000544731315975855,-0.000986711243966231,0.06844239802982598,0.8316744771409449,0.6642397959862869,-1.9360189999414872,6.3091093358422965,-1.71333146581445,6.146941745829374,10.70446908542127,4.778641702635094,-12.875959925025107,-15.021119262329309,3.9315369081442353,-11.08775103847738
0.023956624999999995,0.0034223749999999996,7.0,1.7519154056369013,-1.202353970786438,0.014204422214030177,-0.002158978757384897,-0.0005117191032732221,-0.000920185703852743,0.06844834820982768,0.8799896584582168,0.7179870453427971,-2.0921244038564897,6.673787113744072,-1.2254148591914384,5.187307197555126,10.615695930391436,4.905784863816182,-12.546901719268172,-15.170205726672725,3.548154044274615,-11.579571977560251
0.023956624999999995,0.0034223749999999996,7.0,1.7425327858484971,-1.1926668867326782,0.013598965866059383,-0.002039408223680154,-0.00048570332496838877,-0.0008603284695858198,0.06845491934908657,0.9275207965754614,0.7733496468375474,-2.2494083730681056,7.039791368935061,-0.6532211574302847,4.132965264434027,10.450158606531305,5.0105291037556,-12.01292703587036,-15.301905806686067,3.019678117204572,-12.050320472690657
0.023956624999999995,0.0034223749999999996,7.0,1.7323113157565904,-1.1821514309154555,0.012983851597847863,-0.0019256418726487227,-0.00046549550234906243,-0.000804306048201186,0.06846190258331804,0.9724657954672435,0.8287227400659696,-2.40273756517886,7.3904068453927625,-0.008573436234334488,3.030525756861437,10.21604435514949,5.095958975876958,-11.29268074144375,-15.41658003151224,2.338183129809631,-12.486365821269725
0.023956624999999995,0.0034223749999999996,7.0,1.721247488782474,-1.1708123337913874,0.012369923678445704,-0.001813738542042465,-0.00045042895659718135,-0.0007506625173731051,0.06846905631517371,1.0132276715926707,0.8824731613334197,-2.5472654767733194,7.707189363566078,0.6876378265970365,1.9396474106716046,9.932109709552174,5.170800356935262,-10.430292403702042,-15.516625299339504,1.5073260984423513,-12.87798972050135
0.023956624999999995,0.0034223749999999996,7.0,1.7093391340420991,-1.158653396699575,0.011765821387980395,-0.00170136405586564,-0.0004398567823710682,-0.0006987267571030201,0.06847614885667463,1.048673747163527,0.9331651257503919,-2.6790890560220335,7.972621379826087,1.4072983718148622,0.9243950285429251,9.625041920838093,5.2480281720782305,-9.48815468949282,-15.605664437683735,0.5436636428654824,-13.22064955190432
0.023956624999999995,0.0034223749999999996,7.0,1.696585696326277,-1.1456770282059017,0.0111774768346543,-0.0015872335630285736,-0.000432857031721112,-0.0006483256597503504,0.06848300125772669,1.078328633033483,0.9797829090086442,-2.7957677822653255,8.17356389923861,2.119321397321711,0.04144216116146189,9.324181198806462,5.341770222074913,-8.533410528956885,-15.687493758052488,-0.5246025860892695,-13.515334121313524
0.023956624999999995,0.0034223749999999996,7.0,1.6829881509339921,-1.1318840395201457,0.010608939383943803,-0.0014709020947595926,-0.0004281157565739548,-0.000599603260011769,0.06848952598739942,1.1024200625672702,1.021874865862209,-2.896529143012295,8.304393954169786,2.7953534358687784,-0.6712742644351477,9.055137057724862,5.463365691126357,-7.622462934504244,-15.765214725536266,-1.6615261879387762,-13.767759645296168
0.023956624999999995,0.0034223749999999996,7.0,1.6685486774597125,-1.1172739282339261,0.010061589225263878,-0.0013530796641137467,-0.0004238288276278489,-0.0005527531413269253,0.0684956878331104,1.1217922056616947,1.05956315503802,-2.9820409508467596,8.36862025021824,3.414960715822226,-1.200877980114949,8.83489702771404,5.618351407841771,-6.789337959656972,-15.840203727104317,-2.8285906747197864,-13.986971658060014
0.023956624999999995,0.0034223749999999996,7.0,1.6532699900476553,-1.101845123950508,0.00953874864586638,-0.0012340434479239343,-0.00041873140214722436,-0.0005083613773210615,0.06850153308216235,1.137610159127383,1.093405054309144,-3.053939411785682,8.377654568835045,3.9684945927246944,-1.5586249887664447,8.669765256015483,5.805235399937428,-6.043068870736423,-15.912658953817523,-3.990463227380286,-14.182889968772459
0.023956624999999995,0.0034223749999999996,7.0,1.6371548499702508,-1.0855956354657685,0.009044549472727181,-0.0011157464897915753,-0.00041112546202542305,-0.00046657741369171487,0.06850710360053598,1.1511124863544666,1.124170886629731,-3.1141776999733914,8.347691900254251,4.4564338797381815,-1.7717644267604877,8.557330869836695,6.017083478185535,-5.373278037330816,-15.981472561109149,-5.118558214020981,-14.364775378439786
0.023956624999999995,0.0034223749999999996,7.0,1.6202056865360794,-1.0685234708325286,0.008584841904610353,-0.0009999298500438787,-0.0003997266737747352,-0.0004274349382033096,0.06851238889492547,1.1633823411500614,1.152620579634746,-3.164540490912203,8.295676910660733,4.886277877074653,-1.8729904929369892,8.490180768856508,6.244282827005775,-4.760824786001097,-16.044843601886896,-6.192362868164612,-14.53995973766652
0.023956624999999995,0.0034223749999999996,7.0,1.602424441430388,-1.0506269326104796,0.008166584786127156,-0.000889528267211434,-0.00038404804972655643,-0.00039122852434029875,0.0685172822839336,1.1752408887030752,1.1793492756581545,-3.2064011997215363,8.236227888964626,5.268619517502005,-1.8918462252203716,8.459492342549806,6.477162948169094,-4.187292929620516,-16.10079079438176,-7.198842063024825,-14.713390837133698
0.023956624999999995,0.0034223749999999996,7.0,1.5838125550318187,-1.0319047585805579,0.007796567122973084,-0.0007869564790102298,-0.00036399107674729676,-0.0003579158769898401,0.06852156701006128,1.1872413899180123,1.204723179225015,-3.2407133884124355,8.180303436136557,5.613914848673687,-1.850607744358193,8.457134466249967,6.70746664874876,-3.640378596024823,-16.14759363132683,-8.130578075600035,-14.887770084885322
0.023956624999999995,0.0034223749999999996,7.0,1.5643710020469428,-1.0123561509375367,0.007479920612870518,-0.0006947893644229477,-0.00034041504004432793,-0.000327612931788599,0.06852494239157235,1.1997153640198657,1.228886972527571,-3.26813284025597,8.135307208833538,5.930693923036129,-1.7643378585010612,8.47612412928629,6.928715658678029,-3.1147266474702464,-16.18401682211743,-8.983992980062634,-15.064022867511559
0.023956624999999995,0.0034223749999999996,7.0,1.544100320840886,-0.9919807329232164,0.007218905893218123,-0.0006148348233812507,-0.0003149112160821082,-0.0003004364207354343,0.06852708688605795,1.2128254809679881,1.2518112795955496,-3.2891648742280135,8.10578494440036,6.224889047981198,-1.6429773372461973,8.510357384657064,7.136066992702122,-2.6103201251784474,-16.20946592608111,-9.757940837096092,-15.241851937102474
0.023956624999999995,0.0034223749999999996,7.0,1.5230006300941712,-0.97077845628153,0.007012334313957609,-0.0005477255338352013,-0.00028939060211572706,-0.00027646547698797287,0.06852773948618483,1.226603952324499,1.2733552689592451,-3.304276940372907,8.094061496319538,6.499879538749983,-1.493661912054675,8.554311638832772,7.3261448786175265,-2.1301273827779847,-16.224072469197477,-10.45290668409003,-15.420206374937063
0.023956624999999995,0.0034223749999999996,7.0,1.5010716533107145,-0.948749478287838,0.006855768898100093,-0.0004928455905812527,-0.00026550135081824703,-0.00025565759956617173,0.06852677130791487,1.240976370945141,1.2933294194439668,-3.3139607080280684,8.100632947182165,6.756916678592111,-1.3223540766595137,8.603015784117703,7.496968945861452,-1.678018304710872,-16.228723704396266,-11.070646628552637,-15.597601893043608
0.023956624999999995,0.0034223749999999996,7.0,1.4783127720835352,-0.925894031025095,0.006742393497641119,-0.00044911207333993774,-0.0002444908447437214,-0.00023804315400261297,0.06852422222666939,1.2557796295479156,1.31154946975445,-3.3187504207250473,8.124428057207226,6.995770483231977,-1.1346886322492094,8.652203628648941,7.647884060783295,-1.2572273771978069,-16.224993908160478,-11.614094538945842,-15.77231211799052
0.023956624999999995,0.0034223749999999996,7.0,1.4547231153769413,-0.9022123065258357,0.006664236959365582,-0.0004156625294067707,-0.00022727741463083852,-0.0002238703736856394,0.06852029161519797,1.270781956402761,1.3278761671169335,-3.319210542424202,8.16309378395903,7.215441788696813,-0.9361818569416008,8.69851673624553,7.779396911322547,-0.8694541406156484,-16.214999564564145,-12.08731170343262,-15.942490695281567
0.023956624999999995,0.0034223749999999996,7.0,1.4303016774881658,-0.8777043744403104,0.006613366070139224,-0.00039007575699493595,-0.00021343359569097716,-0.0002124827420089276,0.06851529010452367,1.2857091764559818,1.3422390526595698,-3.315907164619708,8.21337484322388,7.4147314833013045,-0.7319236639978572,8.739730418653965,7.892908196711349,-0.5147225783414855,-16.201303835932762,-12.495235675185908,-16.10628303993523
0.023956624999999995,0.0034223749999999996,7.0,1.4050474474839476,-0.8523701386176527,0.006582743682127883,-0.0003714094956932945,-0.00020295403718917235,-0.0002038698819901814,0.06850957414848666,1.3002767752812912,1.3546455128466899,-3.3093763955435795,8.271581767840352,7.5928411417261215,-0.5263640105456623,8.774687292696548,7.990375883503685,-0.19133353610404635,-16.186651939065303,-12.843661198167338,-16.261957651344016
0.023956624999999995,0.0034223749999999996,7.0,1.3789595247482884,-0.8262093353400866,0.006566670202920638,-0.000358936799579425,-0.00019570345348991463,-0.0001980016914620343,0.06850349093944583,1.3142216013575678,1.3651758116901542,-3.3000878014423156,8.334110241624657,7.749674243594657,-0.32352572852796246,8.803193453995313,8.073911409672487,0.1040491705772036,-16.173786112215215,-13.138756182475863,-16.408021651297137
0.023956624999999995,0.0034223749999999996,7.0,1.352037186425642,-0.7992215827057019,0.006560994633932593,-0.00035213198198878076,-0.00019151228317169773,-0.00019484616929947595,0.06849734806098758,1.3273205862640107,1.3739603837221697,-3.288371830538817,8.397921966376595,7.886025865143752,-0.1281826836619632,8.82560816625001,8.145272678276514,0.37705108851471403,-16.164868732493076,-13.38626566837903,-16.543194644653084
0.023956624999999995,0.0034223749999999996,7.0,1.324279879513841,-0.7714064860817236,0.006563338632692319,-0.0003505480844545804,-0.00019017548667996697,-0.000194334918513882,0.06849139088176334,1.3393853101850952,1.381136943196429,-3.274288948104135,8.460768814658012,8.0034585525115,0.05342893367101896,8.842265746512865,8.205381646379767,0.63590869453155,-16.160427733913043,-13.590254668503874,-16.666150461037788
0.023956624999999995,0.0034223749999999996,7.0,1.2956871617119914,-0.7427637530207958,0.0065731967608845445,-0.00035373248340230077,-0.00019144901119588653,-0.0001963360377838011,0.06848576216916422,1.3502425102400248,1.386805971088286,-3.257523384279392,8.520939121817918,8.103671025877821,0.21579646417241344,8.85317580703323,8.254335094687598,0.8890603804616558,-16.158517771976573,-13.752101600049556,-16.775274216505505
0.023956624999999995,0.0034223749999999996,7.0,1.2662586781571359,-0.713293213100761,0.006591409987595085,-0.0003612621251875621,-0.0001951002237200603,-0.00020068067329019523,0.06848047331113266,1.3597350815811824,1.3910255444582031,-3.2374684487042344,8.576784171816302,8.187723705443506,0.358019973068289,8.858381488943206,8.292168131055774,1.1406015272219379,-16.155380333251426,-13.87096275550739,-16.86895230287205
0.023956624999999995,0.0034223749999999996,7.0,1.2359942165879019,-0.6829947116223299,0.006619077762606216,-0.00037279609279244517,-0.00020095092994992992,-0.00020720693163333678,0.06847545202914719,1.3677555939703099,1.3938550977842021,-3.213490560732465,8.626757372150488,8.256045282757126,0.4836616464577009,8.858447039039566,8.31956219744282,1.3894045431515414,-16.147504401609105,-13.94556171616628,-16.946319569593317
0.023956624999999995,0.0034223749999999996,7.0,1.204893740664888,-0.6518680218350773,0.006656954575593933,-0.0003879995652373641,-0.00020882861857879427,-0.0002157461556957206,0.06847063914705816,1.3742655992188935,1.3953885997185107,-3.1850718866386054,8.669985755300644,8.30923991766012,0.5954326611841909,8.854144461155586,8.337450788727272,1.6344779729859598,-16.132917378320457,-13.975179125060356,-17.007436544027918
0.023956624999999995,0.0034223749999999996,7.0,1.172957301478858,-0.619912909239124,0.00670598159795043,-0.00040623443881815933,-0.00021840504427021547,-0.0002259572394516979,0.06846602718019257,1.3792607252973095,1.395725919468701,-3.1516393198641612,8.70629859680858,8.348375099046843,0.6917164308055287,8.8456442018595,8.34602516354562,1.880177593021316,-16.11036807792318,-13.958541272102162,-17.05232376035421
0.023956624999999995,0.0034223749999999996,7.0,1.1401851324560233,-0.58712931873685,0.006767216551525474,-0.00042796976930194837,-0.00022988450848593947,-0.00023818163874105556,0.06846162722622198,1.382740291995444,1.394935734430655,-3.1122539645127953,8.735356050439503,8.37438365625894,0.7686385498143112,8.832433407758337,8.344553791108186,2.136160367924047,-16.07745376546499,-13.891738575242325,-17.079909841547675
0.023956624999999995,0.0034223749999999996,7.0,1.1065768098250737,-0.5535171717189484,0.006846404025028409,-0.0004516068709575359,-0.00024241369877387866,-0.0002515899761397961,0.06845742785391047,1.3846443206172059,1.3929790857308015,-3.06550533607682,8.755453995647423,8.38712978375696,0.8228493074208413,8.81416211489905,8.331719834408407,2.414349761888231,-16.031006457539632,-13.767614416071222,-17.087173830055818
0.023956624999999995,0.0034223749999999996,7.0,1.0721327003002492,-0.519076645935939,0.006948345787727972,-0.0004754714964085361,-0.0002550903937836631,-0.00026535817656485235,0.06845341154465326,1.38503705551152,1.3898099283195346,-3.009321272558471,8.76365267850155,8.386338411040532,0.8527432123609617,8.792398427573968,8.306198148159927,2.729899650064142,-15.965797066473371,-13.573360346826275,-17.069850826661458
0.023956624999999995,0.0034223749999999996,7.0,1.036853392105838,-0.48380792238593584,0.007081595322402009,-0.0004974349837415739,-0.0002667806016775062,-0.00027844739722663193,0.06844951874547539,1.384182360502415,1.3852810183431954,-2.9409206564490122,8.755538478827948,8.372507140783439,0.8598260940117517,8.772355854613458,8.265472093951441,3.102922778413539,-15.875951314736227,-13.289851856765248,-17.021010572779385
0.023956624999999995,0.0034223749999999996,7.0,1.0007411676499351,-0.44771178228574854,0.0072554651478877515,-0.0005147424934442868,-0.00027610680593861324,-0.0002894917543409844,0.06844556704042933,1.3828648432465416,1.3790584747646937,-2.856741861250713,8.725663091786013,8.34863193319746,0.8561233902802516,8.766697468329218,8.203594720766453,3.558378166752679,-15.755856910903177,-12.889735994916627,-16.92925781255245
0.023956624999999995,0.0034223749999999996,7.0,0.9638004529929517,-0.4107901452566862,0.007482144064491988,-0.000523973219356274,-0.00028141672718125173,-0.0002967119020063292,0.06844109677216169,1.3827788228029907,1.3702289115343023,-2.7528132864762465,8.66978164246613,8.322862106515405,0.871595228346805,8.800696282201137,8.105078869863982,4.124811538451168,-15.604624637922742,-12.33873936217718,-16.774860512330076
0.023956624999999995,0.0034223749999999996,7.0,0.9260399163121358,-0.3730488259801587,0.007773621861364661,-0.0005207104571843827,-0.00028064419510766026,-0.00029764953192234063,0.06843510317542588,1.3870287695937098,1.3564350213224012,-2.6252718606205687,8.592907325332252,8.312291359642016,0.9577795822890083,8.915753677130894,7.930778177652159,4.833823918832327,-15.42835642269855,-11.59582455148428,-16.523685502984424
0.023956624999999995,0.0034223749999999996,7.0,0.8874731808229992,-0.33450285940789665,0.008138980514173418,-0.0004995832852964491,-0.00027128969737017,-0.00028882931594949334,0.0684251714495583,1.4001709986009492,1.3321235283006327,-2.4717954607519617,8.524687753101595,8.339394347490536,1.2054801873179195,9.164565202766761,7.595954222965593,5.687143692986039,-15.242469436450993,-10.616843824850108,-16.120641976067173
0.023956624999999995,0.0034223749999999996,7.0,0.8481163409511076,-0.2951843449302134,0.00856924506820203,-0.0004567996262596787,-0.00025151595001972853,-0.0002665282660758407,0.06840629043708447,1.4270148276130519,1.2863695743936512,-2.296634751536423,8.544793878947786,8.408940366912455,1.7700408458922716,9.584151574880012,6.953324662373115,6.555209528228673,-15.087124991786165,-9.375709235856434,-15.498118541320894
0.023956624999999995,0.0034223749999999996,7.0,0.8079756422967197,-0.2551485073327497,0.00900282483668205,-0.0003954902406445365,-0.00022197862906571936,-0.0002298018233445862,0.0683713637190099,1.4682815897499315,1.201905730249913,-2.120999810181562,8.809661868276638,8.454696570167906,2.812170893695768,10.115636112261033,5.809673386155359,7.021465576390195,-15.056184322613502,-7.902615873498805,-14.619335254431999
0.023956624999999995,0.0034223749999999996,7.0,0.7670170935295034,-0.21446554211416302,0.009285488497826505,-0.0003321543089789106,-0.00018840235595259114,-0.00018625391141689288,0.06831752014251413,1.5110505953003666,1.0590189537806556,-1.9936909506467229,9.516342801308987,8.262011533524438,4.188241913621231,10.461110913330096,4.035767886240537,6.275857845281679,-15.268250972907786,-6.2995326589988325,-13.552110687549506
0.023956624999999995,0.0034223749999999996,7.0,0.7251261628668028,-0.1731791189173172,0.009200771827244159,-0.0002933770645091908,-0.00016179166250079389,-0.00015237982071963837,0.06826150681345312,1.5173131142759078,0.8489390480886285,-1.9781292382186872,10.672490320000634,7.464664230683459,4.767824323437274,9.996569578375674,1.8006179145400978,3.5624941394660707,-15.61631240838252,-4.699359838616444,-12.473108234540735
0.023956624999999995,0.0034223749999999996,7.0,0.6821093063147902,-0.1312383017650509,0.00872839658039325,-0.0002769118574108577,-0.00014090115078253283,-0.00013090818773496722,0.0682483854858714,1.426052806579355,0.5925386237046547,-2.071420563864772,11.649843243339236,5.813940953031726,2.4132053151090687,8.041020087978003,-0.28180085218442147,-0.13719735527146878,-15.423842187224519,-3.2308512031036227,-11.368042391154809
0.023956624999999995,0.0034223749999999996,7.0,0.6378330593912686,-0.08847360961954745,0.008356420249640568,-0.0002009497169368508,-9.358363282320024e-5,-8.845686329250387e-5,0.06830735218922397,1.1963565604068465,0.3428281134878821,-2.115863905767857,11.107442713406508,3.614178482693665,-2.7734759420488078,4.76609384979161,-1.486607839366032,-1.7259347714307234,-13.884929293749902,-2.0151197742612323,-9.62083487404047
0.023956624999999995,0.0034223749999999996,7.0,0.5924575846242377,-0.044693639906425914,0.008589942839560332,-7.292238922496718e-6,-3.4300840302940647e-6,-3.106791495888305e-6,0.06838417172472552,0.8809003573909311,0.15390053817226065,-1.9522921653699452,8.496681241691133,1.652313710175224,-6.3371427230510005,1.7364265866466495,-1.6438103983612256,-0.5754149589953604,-11.118598940928639,-1.0774147051674856,-6.852870843329904
0.023956624999999995,0.0034223749999999996,7.0,0.5463431757272252,0.00016685603757516407,0.009207671788334612,-6.895657922058226e-5,-9.261632461543795e-6,-4.0125390301948014e-5,0.06841497172383998,0.5956056576369435,0.042914282121875806,-1.6486244214172845,5.297892472850553,0.44449966490598836,-6.319756738841582,0.16524600545194604,-1.2262472508803794,0.6608912898602163,-8.010362159697168,-0.39563275271453546,-4.071645221970174
0.023956624999999995,0.0034223749999999996,7.0,0.592558403036592,0.04517489390618443,0.008835434652965506,-0.00020751466131112745,-0.00010673176840293509,-9.193038654509683e-5,0.0683542920061847,0.9039238465526703,-0.026148946516464128,-1.8767533082407557,8.78544405906975,-0.44494692558455373,-5.809246052366685,-1.2366642059580817,-2.0649617641465694,2.0372203559806206,-10.775997641293598,0.21523756134955027,-6.720482294923176
0.023956624999999995,0.0034223749999999996,7.0,0.6381068725599709,0.08901031511982824,0.008889019496959909,-8.80107425119143e-5,-4.229747718196893e-5,-3.228108579242345e-5,0.06823802619601467,1.2628158603810062,-0.1984927545308529,-1.9582385416755739,11.825053137851315,-2.7523539989629784,-1.8633297430744447,-4.3299875339301765,-2.583780061616927,2.512294723369545,-12.892518415451539,1.0826191218144157,-9.2412730762344
0.023956624999999995,0.0034223749999999996,7.0,0.6825559387436196,0.1316317166190991,0.009446995044476627,3.20560936434062e-5,-1.593425539475905e-5,1.5119150143298006e-5,0.06816154877626018,1.5396768521366446,-0.4860133163765958,-1.864970824951818,12.52065430309056,-5.860160924418377,3.166155000023305,-8.140263409522033,-1.6698910655681827,-0.05455288117059881,-13.7910898235305,1.9855820564887257,-10.85076323752238
0.023956624999999995,0.0034223749999999996,7.0,0.7256230994520283,0.17330946584081183,0.009920733806394308,0.00015687488193232157,-8.702936400970832e-5,8.347691258712929e-5,0.06819549199888923,1.648710305668804,-0.8130628510517545,-1.7740928734011847,11.225851698148853,-8.137972246111127,4.934839156879303,-10.73691451911569,0.8012223681621706,-4.3835118957003125,-13.813204794377782,3.1321055838689205,-12.027074066311023
0.023956624999999995,0.0034223749999999996,7.0,0.7674272428575605,0.21437677441184666,0.009858492390411172,0.0003027750956403184,-0.00017363256552038698,0.00017710636923172574,0.06828704527701193,1.623425911303426,-1.0830138716109259,-1.8298891628016498,9.653166182500698,-8.978881051695302,3.8339693101917067,-11.426272440191873,3.6404560150852734,-7.225604660468255,-13.806929719476734,4.679857919725487,-13.293622197585961
0.023956624999999995,0.0034223749999999996,7.0,0.8082513532076414,0.2549479571896784,0.009377319281202001,0.00044432197210931293,-0.00025112994886066447,0.0002685328834908703,0.06836667761729777,1.5468366097544437,-1.2576906922637858,-2.0104917254238996,8.743898557537348,-8.94684836844534,2.219374119222222,-10.9248659212996,5.831527154382418,-7.826242738872925,-14.146419912746545,6.498499796459392,-14.575425711919767
0.023956624999999995,0.0034223749999999996,7.0,0.8482818977199521,0.29495430377523785,0.008762957737145416,0.0005536669727479089,-0.0003061391587295888,0.0003315720846265834,0.06841305991605931,1.4765962515023565,-1.3517979918200784,-2.235587768588107,8.472693880508036,-8.67977061798016,1.1655898035601926,-10.140135995128617,7.1665788973842295,-7.1453684503263375,-14.671021247956501,8.310611901951356,-15.63927277789227
0.023956624999999995,0.0034223749999999996,7.0,0.8875716454709046,0.3342844558356237,0.008197089640157817,0.0006201868427595958,-0.0003380324578066809,0.00036314479968735695,0.06843414567613179,1.4316047181606284,-1.395506993908682,-2.4492791882020413,8.527731238512036,-8.474632027395135,0.7077113045948945,-9.524159277049359,7.862697252766831,-6.077036656381956,-15.164856871711006,9.883336567499294,-16.390428491278872
0.023956624999999995,0.0034223749999999996,7.0,0.9261053841485284,0.3728553551024005,0.007743881235351459,0.0006476441240712264,-0.00035050073114661564,0.00037133662075128647,0.06844237043895769,1.4093942913001272,-1.4134937894216744,-2.629153227393541,8.676965664529662,-8.388630684465316,0.6022997793971263,-9.162333239332897,8.189387744056786,-5.06534031004674,-15.545066335077024,11.120894981564938,-16.866353408586438
0.023956624999999995,0.0034223749999999996,7.0,0.9638530347232264,0.410621574634764,0.007402935292394027,0.000646386896166281,-0.0003487476388031068,0.00036500977499863847,0.0684459004862285,1.4016389292176648,-1.4205262650546802,-2.772937714885756,8.813070044994605,-8.38700482640186,0.6399249670579892,-8.995185073281563,8.336847882026992,-4.250247636472653,-15.8155234800466,12.039106134925612,-17.149917927021608
0.023956624999999995,0.0034223749999999996,7.0,1.0007908675858515,0.44756337852229505,0.007151345307435643,0.0006273341788347443,-0.00033804747574439647,0.00035078190497429774,0.0684484766561988,1.4010768427584745,-1.4237279083305454,-2.886404154514809,8.905900587517658,-8.423406148539382,0.7044052151775334,-8.942281595258592,8.408487139411891,-3.6283027052482573,-16.004598445753434,12.701418242570869,-17.314387726929553
0.023956624999999995,0.0034223749999999996,7.0,1.0369047260155033,0.4836741987821747,0.006964815559352507,0.0005989401958927347,-0.0003225974803549378,0.00033290411174163756,0.0684513286530133,1.4030825096788455,-1.425860387254249,-2.976676290622735,8.957770860900508,-8.466289422823387,0.7486418721652651,-8.944382737759422,8.450219969409076,-3.1515488110942833,-16.138153443740247,13.174301499901784,-17.407990830309586
0.023956624999999995,0.0034223749999999996,7.0,1.0721874129945048,0.51895288509561,0.006824891973378489,0.0005666634437287842,-0.0003051536817859682,0.0003138786428327209,0.06845465835239446,1.4051834777581915,-1.4276727318927662,-3.049723422183551,8.979213811752777,-8.499901848696334,0.7604092040301043,-8.96725562624408,8.478542436597188,-2.772497923266197,-16.234354255671892,13.51018803430225,-17.457756248349966
0.023956624999999995,0.0034223749999999996,7.0,1.1066357647672367,0.5533998862834636,0.006716969665281397,0.0005340746280082026,-0.0002876372374940038,0.00029522901343728063,0.06845842553537847,1.4062725357225192,-1.4292078792616154,-3.1099210298280107,8.980097340955098,-8.518744368876515,0.7404686282658383,-8.994157998077041,8.49781141417636,-2.4569718701629975,-16.30478892454335,13.745291254726677,-17.477908755131462
0.023956624999999995,0.0034223749999999996,7.0,1.1402485853548587,0.5870159269070835,0.00663234145425945,0.0005030601597202666,-0.0002710146260988629,0.0002777683374892167,0.0684625271835309,1.4059246427319048,-1.4303137232207206,-3.1604277389133233,8.967456370747788,-8.522203965521028,0.6922423117900157,-9.018123649492825,8.508449830875492,-2.182747455492261,-16.35780142046504,13.903969668833867,-17.475906201623257
0.023956624999999995,0.0034223749999999996,7.0,1.173025583304495,0.6198015307500657,0.006564482823212155,0.0004750128797709066,-0.0002560329737812003,0.000262113484483142,0.06846691980741033,1.404056047118396,-1.4308566521035566,-3.203518579607376,8.945755750134198,-8.51133044988799,0.6191554035345559,-9.037293651061239,8.510510196854314,-1.9349574033698969,-16.39947412002255,14.002065153226967,-17.456265946988506
0.023956624999999995,0.0034223749999999996,7.0,1.2049667533899746,0.651757094205893,0.006508945020548685,0.0004513977577928032,-0.00024348837224624577,0.0002489812229206669,0.06847159233292549,1.4006943852110803,-1.43072143497251,-3.240821165120447,8.917224236718127,-8.486851137039343,0.5249193663639518,-9.052077720563613,8.504550709109255,-1.7019878966484396,-16.434334475918735,14.049730377515692,-17.42177494582738
0.023956624999999995,0.0034223749999999996,7.0,1.236072074987658,0.682883034548931,0.006463033056958264,0.0004313880963465392,-0.00023294627867257762,0.0002378590454768549,0.06847654334516218,1.3958630404268686,-1.4297693997391465,-3.273425131575515,8.882372309809933,-8.448305230529227,0.4137492210779443,-9.063416885254393,8.49123726596166,-1.4740066805286882,-16.465449904227903,14.052733810530622,-17.373609575771606
0.023956624999999995,0.0034223749999999996,7.0,1.266341435550212,0.7131798626506742,0.0064254617242004855,0.0004154824796327759,-0.00022468153374686486,0.00022898353329913563,0.06848177495746839,1.3895492343521507,-1.4278179176432546,-3.301995831923855,8.840908693507194,-8.394422198114516,0.2889331829131534,-9.07154790799383,8.470662918630305,-1.243793141735577,-16.494478812116945,14.013707900693277,-17.31157161213751
0.023956624999999995,0.0034223749999999996,7.0,1.2957747054870807,0.7426481522194865,0.006395866850348941,0.00040382342219094105,-0.00021877106852963166,0.00022239993688411892,0.06848729187990447,1.3817307674000676,-1.4246568591321318,-3.3269310776273286,8.79271359142388,-8.323676807120242,0.15174330325758076,-9.075842089739112,8.44217863627771,-1.0066474244485384,-16.5222587568667,13.93301548090961,-17.234892227701586
0.023956624999999995,0.0034223749999999996,7.0,1.3243718550044459,0.7712884784836006,0.0063744157716093585,0.00039653463532911997,-0.00021527762015477046,0.00021813589355349988,0.06849308773496728,1.3724182331972243,-1.4200754122013453,-3.348493642248865,8.738364360934574,-8.234626758080855,0.0018530506061452386,-9.075175842510156,8.404704659976371,-0.7591282385481736,-16.549281182386547,13.809556582236054,-17.14306902091094
0.023956624999999995,0.0034223749999999996,7.0,1.3521330377610088,0.7991013839149606,0.006361721524464643,0.00039381133259667626,-0.00021429909224684372,0.0002162384073930961,0.06849911954542277,1.3616827393075315,-1.4138772319605037,-3.366865252999729,8.67924416303058,-8.125947150064226,-0.16130901395915917,-9.06834794157937,8.35700184661567,-0.49771974181131773,-16.57585098711715,13.64118494327003,-17.036246009646245
0.023956624999999995,0.0034223749999999996,7.0,1.3790586327114343,0.8260873646989536,0.006359028270641957,0.0003959572081348308,-0.00021598241087955112,0.00021677889589988866,0.0685052809562952,1.3496660943677583,-1.4058865637723597,-3.382138118047294,8.61752095336746,-7.996473895147929,-0.33741989803039113,-9.054310892262858,8.297688097113504,-0.21832124840516656,-16.601992136414328,13.424850506065507,-16.91520905048097
0.023956624999999995,0.0034223749999999996,7.0,1.4051492577617237,0.8522468510437535,0.006368537362724577,0.00040341130837304417,-0.00022052136596000137,0.00021984806540741278,0.06851138266856414,1.336579753181866,-1.3959558207681468,-3.3942856791350704,8.556100432865914,-7.845370723428799,-0.5246651175002582,-9.032326411120344,8.225152339436008,0.08358128493650745,-16.627281132659572,13.156680002398195,-16.78125277230192
0.023956624999999995,0.0034223749999999996,7.0,1.4304057561285337,0.877580172855945,0.006393754230618373,0.00041678150725329185,-0.0002281413981354673,0.0002255497865192798,0.06851714781550824,1.3226947020669486,-1.383978324604305,-3.4031403898447197,8.498495820833734,-7.672336897503433,-0.7195616790680407,-9.002159496694455,8.137547366266302,0.4124163051794262,-16.650733556057826,12.832137269736585,-16.636043187100025
0.023956624999999995,0.0034223749999999996,7.0,1.4548291473192132,0.902087521301268,0.006439724744593955,0.0004368646645255609,-0.00023905154082800274,0.00023398704484566349,0.06852223076776687,1.3083216981076908,-1.3699033304160455,-3.408391135404413,8.448561273883744,-7.477732939855709,-0.9171264856322776,-8.964309562220143,8.032930424743132,0.7718728614677024,-16.670802578187224,12.44630881502262,-16.48149169862688
0.023956624999999995,0.0034223749999999996,7.0,1.47842054030279,0.9257689232498802,0.006512995746592946,0.0004646671912666454,-0.0002533650372174852,0.00024525714613729473,0.0685262635575933,1.2937832829453724,-1.3537483083027475,-3.4096050497942083,8.410102174842448,-7.262534727931805,-1.1113598517613894,-8.920210418797337,7.909536547040652,1.1642113650214696,-16.685506199005637,11.994287875276976,-16.3196387218831
0.023956624999999995,0.0034223749999999996,7.0,1.5011810183359797,0.9486242440359505,0.00662115445990036,0.0005018888117217208,-0.0002712488519937611,0.00025971140573289854,0.06852892291933288,1.2793821513678503,-1.3356035457875681,-3.4062708407925655,8.386425539646057,-7.0280847835847995,-1.295898416687914,-8.872316667230239,7.766128036217208,1.5897182126594427,-16.69265249247382,11.471611112731155,-16.152553575863276
0.023956624999999995,0.0034223749999999996,7.0,1.5231115139442393,0.970653228892974,0.006771918841361212,0.0005500035813350472,-0.00029232202442274656,0.00027751364778661554,0.068529998775754,1.2653714379120906,-1.3156247100277079,-3.3978512878941096,8.379908276640169,-6.775580408064829,-1.4644774898955337,-8.824107877502035,7.6023433706067065,2.0466622554040423,-16.69018107973765,10.874543155576939,-15.982251647246873
0.023956624999999995,0.0034223749999999996,7.0,1.544212695273458,0.9918555851875845,0.0069719280858872145,0.0006096544255007167,-0.00031535096162122795,0.0002984707046764898,0.06852944052857901,1.2519306988112933,-1.2940102576713357,-3.3838272081391354,8.39164399202885,-6.505425353928022,-1.6110291183182999,-8.779954794267539,7.418967982854487,2.5317524995070433,-16.676480037476743,10.20028060025027,-15.810611974883335
0.023956624999999995,0.0034223749999999996,7.0,1.5644848809894902,1.0122310969019268,0.007225534938550047,0.00068153597449864,-0.00033894959019634363,0.00032266809010132323,0.06852736386077865,1.2391478177942041,-1.270962966389874,-3.3637174421809206,8.421177671572977,-6.216586704441855,-1.7293593013133606,-8.744868655851935,7.218083306441184,3.041010091670991,-16.650564708113667,9.447178782024892,-15.639260978014157
0.023956624999999995,0.0034223749999999996,7.0,1.5839279902133432,1.0317797535957316,0.007533957808126248,0.0007652728215131578,-0.0003614092263788258,0.0003500660927718438,0.06852401425246236,1.227002698406183,-1.246637810963322,-3.3370641789024442,8.466252538168309,-5.905952195697293,-1.812194479758894,-8.72437013732287,7.003122686261492,3.571287270106884,-16.612211741325602,8.614869199477393,-15.469375224429802
0.023956624999999995,0.0034223749999999996,7.0,1.6025415192195291,1.0505018719292036,0.007895079383228932,0.00085944917521772,-0.00038118638419488364,0.0003805790719712283,0.06851969852496656,1.2153446601197255,-1.2210811788784317,-3.303374711075341,8.522419034683486,-5.5679060724573795,-1.8495647225477638,-8.724526669704069,6.778936605571553,4.122255872316036,-16.56195546424841,7.704636689736138,-15.301355640255041
0.023956624999999995,0.0034223749999999996,7.0,1.620324524578506,1.0683981889765652,0.0083039950434655,0.0009618734600974515,-0.0003972865564565983,0.0004141017372346734,0.06851470721046095,1.2038551051913955,-1.19416969931394,-3.2620143950873626,8.582404094489634,-5.1942640411351,-1.8265628311943745,-8.75224572174224,6.551952817746986,4.69870688924696,-16.501011850258706,6.720195320968032,-15.134356912236623
0.023956624999999995,0.0034223749999999996,7.0,1.6372755939138064,1.0854699084354036,0.008754178855122812,0.0010703876426396322,-0.000409560495600503,0.0004506672455097065,0.06850925342152552,1.191995706320263,-1.1655632034342447,-3.212065093726913,8.63542618249361,-4.774906822865178,-1.7213075929330415,-8.815532733170095,6.330304916346177,5.312199430931466,-16.43112134729882,5.669032297224229,-14.965731098839797
0.023956624999999995,0.0034223749999999996,7.0,1.6533928113518706,1.1017186750183792,0.009238923028092021,0.0011821753305907734,-0.00041821995494265387,0.0004899647071287996,0.06850344639446358,1.1789630016726147,-1.1346964003297442,-3.1522061169317594,8.66708720379674,-4.2995054317055015,-1.5048602605674086,-8.923045070289874,6.12346102987208,5.980356122516001,-16.35432127172642,4.564099039338009,-14.790548233668813
0.023956624999999995,0.0034223749999999996,7.0,1.6686737717655122,1.1171464377985556,0.009752581386588424,0.001295484509189284,-0.00042432083714768755,0.0005319408829119604,0.06849730402178555,1.163693686456347,-1.1008402714296113,-3.080720370058369,8.660659035387159,-3.7606500001048064,-1.145205582508573,-9.082054344673333,5.940786848036697,6.721695323695041,-16.272501873211052,3.4255845152652125,-14.60144588342385
0.023956624999999995,0.0034223749999999996,7.0,1.6831157335898865,1.131755160773389,0.010291164182357872,0.001408177274573781,-0.00042945605823760917,0.0005764087911145911,0.06849079540135947,1.1449680484334341,-1.0632514794408159,-2.9957277119379278,8.600063485449127,-3.157649839826755,-0.6156271764636848,-9.294970162652854,5.789010687275242,7.546427461453064,-16.186890499178467,2.2814570789697,-14.389074172724374
0.023956624999999995,0.0034223749999999996,7.0,1.6967160416362892,1.1455463684122995,0.010850869760193163,0.0015200697786690418,-0.00043469552351954713,0.0006228262296566998,0.06848389328507923,1.121643332780476,-1.021390645103465,-2.8956469003158025,8.47383296404802,-2.499540814279092,0.09505087006255782,-9.555789975376731,5.669611407113417,8.44597781479458,-16.097326046531194,1.166105811599044,-14.143444371161436
0.023956624999999995,0.0034223749999999996,7.0,1.7094723950721271,1.1585206785756739,0.011431502092605956,0.00163020231133809,-0.00044187403290471235,0.0006709709166792978,0.06847663741368297,1.0928537281545405,-0.975132561274528,-2.7798616885540546,8.278006643602264,-1.8057671019864574,0.9742630304383746,-9.848005119607011,5.577129097469199,9.387759392622169,-16.002887269950907,0.11718916670385364,-13.855135741071466
0.023956624999999995,0.0034223749999999996,7.0,1.7213838196155484,1.1706773068070222,0.01202850640319638,0.0017388822346940584,-0.00045234137800786235,0.0007206985875788937,0.06846913709056282,1.0583623449179493,-0.9249120729168652,-2.6491317483576013,8.017619224287238,-1.1034051104653002,1.985054354653521,-10.146877852280888,5.500641092527434,10.317263171944548,-15.900591975030089,-0.8304353499023293,-13.518260316814667
0.023956624999999995,0.0034223749999999996,7.0,1.7324507810398881,1.1820139498255866,0.012636028254994552,0.0018472603115080456,-0.0004670832542876147,0.0007721753079894103,0.06846158715814511,1.018607162496043,-0.871709587025924,-2.5058497402131863,7.705048405353065,-0.42223624532997134,3.0719901500862434,-10.42397289332453,5.426500546187575,11.169510707857048,-15.78693395351347,-1.649355711043843,-13.131548951540642
0.023956624999999995,0.0034223749999999996,7.0,1.7426753314761743,1.1925269354176895,0.013245528437707082,0.00195752819008375,-0.0004868130978029325,0.000826047584147364,0.06845423339909236,0.974670555036358,-0.8169156162551242,-2.3538370669559012,7.357089845596674,0.2107122794540362,4.172232170467774,-10.653372946404865,5.342184325281151,11.883983596194685,-15.658611099833255,-2.32345114589769,-12.69927417087783
0.023956624999999995,0.0034223749999999996,7.0,1.7520608473735848,1.2022116668823437,0.013846267324047987,0.0020734448581846516,-0.0005122518280288241,0.0008837144841737437,0.06844732847306205,0.9280952434899978,-0.7621167381259006,-2.1978427677784915,6.991666765513635,0.7752277254059103,5.227037973929415,-10.816781668025142,5.239272416141682,12.41772278996534,-15.513554401898839,-2.849086477138993,-12.230939181655314
0.023956624999999995,0.0034223749999999996,7.0,1.760611533575898,1.2110632049421135,0.014426415382001704,0.0022016034838088262,-0.0005446231731617603,0.0009478963224904813,0.06844108846108046,0.8806348582434941,-0.7088778250283774,-2.0429074289312634,6.625274164581135,1.2596748169872944,6.190223029510639,-10.906086051703392,5.11478393964788,12.752360365635312,-15.351710492384258,-3.233822912736257,-11.740058104229014
0.023956624999999995,0.0034223749999999996,7.0,1.7683318549656772,1.219076824972055,0.014974371452297592,0.0023544794193673673,-0.0005865934456871579,0.0010239934206544084,0.06843566226876545,0.8340152099485786,-0.6585749448547775,-1.8937759057383974,6.271563192813848,1.660569900021644,7.03205868391903,-10.923119992758147,4.970886295017844,12.894066117018966,-15.17534442126164,-3.4933452320999594,-11.242449487831694
0.023956624999999995,0.0034223749999999996,7.0,1.7752260409681027,1.2262484319860458,0.015479897149140612,0.0025583370615438845,-0.0006444769899287596,0.0011236531758132635,0.06843111933833497,0.7897581607732659,-0.6123014673208605,-1.7544813127377947,5.9409410066711015,1.9806294768086594,7.7389475646135875,-10.877290235319165,4.813554177761983,12.867905763318964,-14.988761172679796,-3.647425998479171,-10.754495184433084
0.023956624999999995,0.0034223749999999996,7.0,1.7812977475334222,1.2325747854727007,0.015934832716521668,0.0028803554350306827,-0.0007355763744431397,0.0012770565506327106,0.06842745437087039,0.7490865613672204,-0.5708428377729132,-1.62814056627235,5.640822504337094,2.2257176792036937,8.31004075096366,-10.781747728288073,4.650873725485212,12.708471241987658,-14.797295710792675,-3.7148463862800325,-10.291696229822305
0.023956624999999995,0.0034223749999999996,7.0,1.7865498949071597,1.238053546218009,0.016333340907433425,0.0035576985097936303,-0.0009231246359320216,0.001591503362287389,0.06842460361523908,0.7129020937975795,-0.5347011908682954,-1.5169370028614868,5.376176836021291,2.398841536456925,8.750862846040201,-10.646572474000651,4.4915112531490715,12.44383583564514,-14.604270164607168,-3.7023219479034033,-9.867688089170361
0.023956624999999995,0.0034223749999999996,7.0,1.7909846527983553,1.2426831915915821,0.01667175769243429,0.006669846482514692,-0.0017766203121060337,0.0030119674059642183,0.068422466253139,0.6818143175505933,-0.5041481740269156,-1.4222329175972175,5.150128930013809,2.4481977848229755,9.038826217014446,-10.42620413538595,4.343603490264837,11.979133452370881,-14.379815685267362,-3.4923601642155195,-9.493732420278638
0.023956624999999995,0.0034223749999999996,7.0,1.7886129738380911,-1.2405179548545753,0.016869847000569538,6.588131194077915e-6,-1.4237630209726546e-5,-3.1326328831474645e-6,0.06840911105653719,0.6463867931727848,0.47361801551021215,-1.3601376699383476,4.975169224199694,-3.0130411448636325,8.901749049075704,10.470618843894266,4.065669757508065,-12.619598259910875,-14.295948048326801,4.608200748493307,-9.040838981707758
0.023956624999999995,0.0034223749999999996,7.0,1.78377043707384,-1.2354630521775276,0.01650115321407431,2.2619356089473617e-5,-4.917222540281155e-5,-1.0799856762816267e-5,0.06840686155612345,0.6802865990248779,0.5070903121348092,-1.4634063810435745,5.213083326054904,-2.8525363793224137,8.513114280890834,10.598021338843123,4.2238417170863185,-12.881105956051986,-14.460848528385107,4.606405730031987,-9.436925043141203
0.023956624999999995,0.0034223749999999996,7.0,1.778109867417966,-1.2295594095932496,0.016073394578455788,3.48518626752388e-5,-7.62462590181201e-5,-1.6682807271166425e-5,0.0684045238356113,0.7191313698028937,0.5461165566738118,-1.5827638586702812,5.48849540769586,-2.6351333839420987,8.007914228264282,10.704878597851824,4.389670181541639,-13.081962904542639,-14.633629767143471,4.557783483719849,-9.878165589237495
0.023956624999999995,0.0034223749999999996,7.0,1.7716287746864483,-1.2228089016667187,0.015591116287982518,4.921826242718433e-5,-0.00010838889752293284,-2.3558547870098627e-5,0.06840226397854084,0.7621898782084128,0.5903294498703645,-1.7164839030136336,5.7980674246882575,-2.3491756978354297,7.371596624307852,10.773134197991784,4.554380598414266,-13.177352749652636,-14.805791508078014,4.440555364099142,-10.352448023102527
0.023956624999999995,0.0034223749999999996,7.0,1.7643238776586543,-1.2152143039677936,0.015061194613757658,6.606823372841126e-5,-0.00014646279529028088,-3.1500796266922766e-5,0.0684002819990758,0.8084073371550423,0.6390935765795719,-1.8619271364983179,6.136275358053324,-1.9845500152650606,6.597792923342725,10.78565420774036,4.709151011445822,-13.12357947239078,-14.9703204650309,4.230762400435026,-10.845426369499151
0.023956624999999995,0.0034223749999999996,7.0,1.7561911793670213,-1.2067793264227014,0.014492819204190288,8.574942793131026e-5,-0.00019130262714393375,-4.0508927635467564e-5,0.06839880168525181,0.85639534622388,0.6914612866188886,-2.01547979904786,6.4947221503442805,-1.5345769556127398,5.691846586316081,10.728829134040874,4.846504846478845,-12.88551647731501,-15.121670481224793,3.904815776200134,-11.341226996823135
0.023956624999999995,0.0034223749999999996,7.0,1.7472262148782813,-1.1975084839430818,0.013897020296737405,0.00010865918973936448,-0.00024378522518398555,-5.050210932822882e-5,0.06839804915841596,0.9044871870937982,0.7461688833755357,-2.1726582601352136,6.861607721595807,-0.9983952702245015,4.674614699956459,10.595774895342966,4.962040745240514,-12.444693720176394,-15.256411149400442,3.4425646018867218,-11.823648466836337
0.023956624999999995,0.0034223749999999996,7.0,1.7374244817496909,-1.1874067696373027,0.013285716845004925,0.00013530989134923614,-0.00030489493231659366,-6.131543138670123e-5,0.06839821947163793,0.9508761154567151,0.8016954110412925,-2.3284260537268167,7.2216873950781375,-0.38315605453692464,3.584309262539188,10.389160278681539,5.0560912854923865,-11.806247707042388,-15.373560590730838,2.8309032979606736,-12.277778680570535
0.023956624999999995,0.0034223749999999996,7.0,1.72678200247698,-1.1764791455818342,0.012670428651397768,0.00016640074727207092,-0.000375746126727547,-7.269852135858583e-5,0.06839943586131585,0.9938331812336316,0.8563979845536437,-2.477719338914945,7.557131707494256,0.2947816775434417,2.4747492264866735,10.122535491675935,5.134652990697609,-11.001835868657585,-15.474450307305794,2.0671892688807323,-12.691784698191876
0.023956624999999995,0.0034223749999999996,7.0,1.7152958973269745,-1.1647299367601194,0.012060982254126502,0.00020290776595120806,-0.0004575693297444464,-8.433029259562353e-5,0.06840171302876577,1.031968356896793,0.9087158223504613,-2.6160971610517683,7.849588863214875,1.0105545848212931,1.40895343002974,9.81911052328268,5.208877928433644,-10.085976918472237,-15.562090380535018,1.1614539335243492,-13.058466791648522
0.023956624999999995,0.0034223749999999996,7.0,1.7029648002317783,-1.1521622783695333,0.01146464892783668,0.0002461764651776347,-0.0005516279169901458,-9.58537619627439e-5,0.06840493995362765,1.06446618070487,0.9574027702018544,-2.7403525616709596,8.083334831584363,1.733928798178965,0.4485638381062453,9.507643810352826,5.29277008845174,-9.125272871997367,-15.64018100885418,0.13642296266273438,-13.376104920036102
0.023956624999999995,0.0034223749999999996,7.0,1.6897890389420043,-1.1387777609652956,0.010886072103377291,0.00029798792827603595,-0.0006590425732827094,-0.00010692583970696391,0.06840889657191389,1.0912156940426558,1.0017197193618548,-2.8488875293355047,8.248745851116103,2.4344819320590076,-0.3582236643905443,9.21635162909506,5.399519910597336,-8.183176831524115,-15.712066057699394,-0.9751162692797039,-13.64826576171345
0.023956624999999995,0.0034223749999999996,7.0,1.6757700242304128,-1.1245765182975769,0.01032847238774492,0.00036056579950430854,-0.000780538247448858,-0.00011725769114458258,0.06841329120393447,1.1127668378219067,1.0415121949549158,-2.941714965435048,8.344734005883073,3.0873521753458606,-0.9860748858381145,8.966866816955076,5.537736575954421,-7.305873869046675,-15.779999193002565,-2.1351968998861826,-13.882470581837513
0.023956624999999995,0.0034223749999999996,7.0,1.6609105120066874,-1.1095574208036483,0.00979334504096043,0.0004362031417120763,-0.0009160093033903644,-0.0001265478179555914,0.06841783776338277,1.1301732342850712,1.0771479226247678,-3.0200568521462188,8.379143184982725,3.6773818572182226,-1.4349760126072226,8.77084453600227,5.7094100830165155,-6.5145641434831605,-15.844505098125719,-3.3060708420868954,-14.088553267999236
0.023956624999999995,0.0034223749999999996,7.0,1.645213216109509,-1.0937186338404912,0.009284563172330233,0.0005282266627806717,-0.001064882517275934,-0.00013477351343744824,0.0684223024055888,1.1446640624156517,1.1093199708661197,-3.0857828931588327,8.366264674772035,4.200297022741622,-1.7256114339532023,8.629783634144339,5.909976765292289,-5.807620855429994,-15.905048016058226,-4.455273543781495,-14.276241440064315
0.023956624999999995,0.0034223749999999996,7.0,1.6286807578155016,-1.077058122180267,0.00880715117548067,0.0006391743527474356,-0.0012250325596230606,-0.0001416275423518588,0.0684265388931268,1.1574183365540194,1.1388167450658904,-3.14080437910484,8.323126353081923,4.660581128520986,-1.8891944360098494,8.538266718765653,6.130782648314291,-5.16917212777594,-15.960140942967374,-5.558013265078225,-14.453909001396205
0.023956624999999995,0.0034223749999999996,7.0,1.61131532525193,-1.0595740195497838,0.008367647469964176,0.0007712840866263965,-0.0013933830620861923,-0.00014681204058967362,0.06843048721257076,1.1693915692699186,1.1663272810456942,-3.18670886550041,8.265757966214878,5.0677260489016325,-1.9574520739987078,8.487839426502903,6.36192970484573,-4.579806228842186,-16.007976716713515,-6.597445753760767,-14.627687671060592
0.023956624999999995,0.0034223749999999996,7.0,1.593118601448449,-1.0412648413699979,0.007973108898407943,0.0009252115459210727,-0.0015655426113009626,-0.00014993599550543218,0.06843414755632982,1.1812649016646986,1.192333021607099,-3.224645512027557,8.206973412643388,5.432521947639195,-1.9561650942846405,8.469928311273433,6.594366544180853,-4.024084673058685,-16.04693592925787,-7.563400954312902,-14.801339956824233
0.023956624999999995,0.0034223749999999996,7.0,1.5740917855183532,-1.022129563312989,0.007629665570237154,0.0010993245079727544,-0.0017368656781427618,-0.00015067342183999088,0.06843754387339593,1.193472079277966,1.2170836130959992,-3.255397135079685,8.155856208368405,5.764559996035874,-1.903425428353903,8.477023656512781,6.820741906490098,-3.493384776309813,-16.07585195616716,-8.450547733233106,-14.97659811485848
0.023956624999999995,0.0034223749999999996,7.0,1.554235628490949,-1.0021676102149437,0.007341117673856338,0.0012893507110328802,-0.0019035105175604081,-0.00014890629461846892,0.06844069174424516,1.2062532017258545,1.2406282414167307,-3.279525511648597,8.118268935527457,6.071062283148086,-1.8110496663778406,8.502656831821419,7.035433454693668,-2.9852029426214077,-16.09413600000003,-9.256801224979434,-15.15370239022113
0.023956624999999995,0.0034223749999999996,7.0,1.5335504545015686,-0.9813787857499657,0.007108010264799806,0.001489239544693493,-0.0020635878672377646,-0.0001448264719476375,0.06844358030829881,1.2197012455273193,1.262873060370368,-3.2975052047426763,8.097570298259607,6.356637299254263,-1.6870538861757982,8.54103799192477,7.23435495694408,-2.501004140952836,-16.10179632761936,-9.982219095456093,-15.33192525520369
0.023956624999999995,0.0034223749999999996,7.0,1.5120361782119545,-0.9597631621775745,0.006927446537063886,0.0016928233005678332,-0.002217444954108497,-0.00013889523043849618,0.06844617110836976,1.2337922125308067,1.283645182943182,-3.309810547222063,8.095125006013362,6.623546483083945,-1.537728056231302,8.58688522500312,7.41484160153627,-2.044030280092181,-16.099443595419828,-10.628356175451872,-15.509966607549627
0.023956624999999995,0.0034223749999999996,7.0,1.4896923418328034,-0.9373209505565794,0.0067936542204935805,0.0018953539077924293,-0.002367030870811592,-0.0001317010409514348,0.06844841036369434,1.2484047610279632,1.3027518081449325,-3.3169541155437594,8.110607511387771,6.872244689029438,-1.3688387942677833,8.635519458158157,7.575594977524934,-1.61760678066311,-16.088290105535926,-11.197938829603425,-15.6862024889127
0.023956624999999995,0.0034223749999999996,7.0,1.4665181865628822,-0.9140523754750514,0.006699080112267124,0.0020938859321600074,-0.002514537224371436,-0.00012379754296289912,0.06845024729528525,1.2633383814127477,1.3200274134800523,-3.319487837401613,8.142260165612342,7.102053816604282,-1.1860401683715949,8.683082478059683,7.716572936095428,-1.224004140997648,-16.070127897176707,-11.694735415584168,-15.858833101707773
0.023956624999999995,0.0034223749999999996,7.0,1.4425127578776862,-0.8899575752824336,0.006635644162796797,0.0022865552597366653,-0.0026610509387512997,-0.0001156083491579858,0.06845165083330487,1.2783363073022163,1.335365413790915,-3.317980572073013,8.187222962569274,7.311842899975184,-0.9947356140296405,8.726734237885537,7.838770474500718,-0.8638452781067284,-16.047259937281698,-12.12349600008189,-16.02599343706999
0.023956624999999995,0.0034223749999999996,7.0,1.4176750318027975,-0.8650365391350485,0.006595789633341429,0.002473391140517512,-0.002807940318102493,-0.00010749978264359164,0.06845261963650101,1.2931150458770728,1.3487342686623032,-3.3129868130224662,8.241960675559715,7.500608481721406,-0.799818388562333,8.764747758614895,7.943913385336823,-0.5361519063590587,-16.022253347694114,-12.489728383761333,-16.185874060896534
0.023956624999999995,0.0034223749999999996,7.0,1.3920040410298389,-0.8392890839802668,0.006573123218806669,0.0026548848788775664,-0.0029558084459525734,-9.973463885992913e-5,0.06845318397066079,1.307397442265622,1.3601796127696562,-3.3050146254418293,8.302762666328885,7.667889786282263,-0.605471707863559,8.796466293268711,8.034092074457329,-0.23841781307448037,-15.997847441205305,-12.799502023698484,-16.336854740786247
0.023956624999999995,0.0034223749999999996,7.0,1.3654989707537666,-0.8127148769009328,0.006562704397029413,0.0028316903779346233,-0.003104715881400177,-9.24909584736619e-5,0.06845340090373772,1.3209396684265944,1.3698110791470715,-3.2944761876827307,8.366260458259017,7.814042528924427,-0.41593262090587435,8.822028719869973,8.111307553986952,0.03373071009791667,-15.97658225025734,-13.058898088758449,-16.477568012245953
0.023956624999999995,0.0034223749999999996,7.0,1.3381591895343237,-0.7853135140201086,0.006561246549221014,0.0030044829930472913,-0.003254270642755095,-8.585740102519924e-5,0.06845334502525387,1.3335383441065018,1.377768954807893,-3.2815842949240155,8.42981450250886,7.940302071399886,-0.2367461074543351,8.8418415746056,8.176938799206805,0.28729725642331616,-15.959957727828652,-13.27296837941194,-16.606753301715656
0.023956624999999995,0.0034223749999999996,7.0,1.3099842076890484,-0.7570846414460242,0.006567331214048659,0.0031738422127875845,-0.0034037470250633827,-7.984003315950803e-5,0.06845309552217817,1.345014756786193,1.3841761866916809,-3.26621459690885,8.491507963598444,8.048412541169002,-0.07423376692772111,8.856065922337875,8.231438806095817,0.5311321731257269,-15.947326155779745,-13.444471246082035,-16.722946769694268
0.023956624999999995,0.0034223749999999996,7.0,1.2809736243153171,-0.7280280352046625,0.006581247922920618,0.003340014732075158,-0.003552415643673909,-7.44276006885394e-5,0.06845272124922366,1.355201199757743,1.3891087664638486,-3.2478785600298683,8.549704663717957,8.139827805410762,0.06807592812389388,8.864640637022982,8.274749163371444,0.7719965454101899,-15.935658896837817,-13.573503982038885,-16.824453827089396
0.023956624999999995,0.0034223749999999996,7.0,1.2511271471432646,-0.6981435499060522,0.006604102861632581,0.00350273188168304,-0.003699853728284094,-6.967632536551612e-5,0.06845227087284642,1.363960715958741,1.3926186633501858,-3.2259221668313485,8.602752475068872,8.215232163575193,0.1919857631978012,8.867831945861681,8.307198846625573,1.0110581288093343,-15.921067952378227,-13.658815133424515,-16.909951321694432
0.023956624999999995,0.0034223749999999996,7.0,1.2204446554379331,-0.6674309968983061,0.006636824109795683,0.003661400462548505,-0.003845792396971489,-6.569715631904276e-5,0.06845177493644954,1.3712215025615444,1.3947821509091876,-3.199772366720795,8.64937832062326,8.275056780257263,0.3013796870833899,8.866388409329161,8.32971622050664,1.2464460214541644,-15.900799026117719,-13.699478911159014,-16.979094541129886
0.023956624999999995,0.0034223749999999996,7.0,1.1889261742217114,-0.6358901291573815,0.0066801389277810885,0.0038154823360711126,-0.003989636858812745,-6.25527058080355e-5,0.06845125508961804,1.3769692907464568,1.3957030201241083,-3.168920302906503,8.689130494268268,8.320198889790527,0.396868664319312,8.8608405252823,8.342961796497343,1.4795974123596807,-15.873470315209085,-13.694801667475847,-17.032092290765625
0.023956624999999995,0.0034223749999999996,7.0,1.1565719552216531,-0.6035208160080512,0.006734484721555407,0.003964475062807299,-0.004130829520820195,-6.032526534860589e-5,0.06845073669198248,1.381213327093223,1.3954774819245366,-3.1326329809504854,8.72192957915954,8.351807226554758,0.4753119342914148,8.850973734081578,8.346648522691318,1.7179351661270588,-15.83733729922625,-13.642331441674862,-17.068578101850843
0.023956624999999995,0.0034223749999999996,7.0,1.1233815906583833,-0.5703229184185229,0.006804616631445265,0.004106802313619828,-0.004265383137093534,-5.8806092179403426e-5,0.06845023335426872,1.3838932194998304,1.3940980076307186,-3.0897707282152007,8.746734800914327,8.370203177619539,0.5329787595617613,8.8361007860851,8.339588181850901,1.9724635937349226,-15.79018816227156,-13.537122077412914,-17.08632298276523
0.023956624999999995,0.0034223749999999996,7.0,1.0893553156296876,-0.5362965696397605,0.0068943946093475645,0.004239839457070168,-0.004390294505887555,-5.8221373453907796e-5,0.06844979942852872,1.385021314083696,1.3915424861210308,-3.038579265595974,8.761307296017119,8.3752118446858,0.5676519587275365,8.816656119558736,8.320578153939982,2.2568895507464712,-15.727603142881458,-13.369305859577851,-17.081885449957095
0.023956624999999995,0.0034223749999999996,7.0,1.054493382963697,-0.5014418797425316,0.007011153550668486,0.0043603896536907345,-0.004501433835250574,-5.894435684096e-5,0.06844955091669697,1.3847257802826056,1.3877120657631876,-2.976657877156904,8.761919891124675,8.366823680891784,0.5789130594963598,8.795592404044132,8.287850977122652,2.588937819211206,-15.64431914000498,-13.1236268169987,-17.049770868247315
0.023956624999999995,0.0034223749999999996,7.0,1.0187972997316137,-0.4657593545189547,0.007163177384260801,0.004463635882249031,-0.004593288179922131,-6.162921698965297e-5,0.06844979341343271,1.3835001732683914,1.3824014146558814,-2.9008051880405077,8.743592281874724,8.346718984216555,0.5727263309277937,8.78119278892888,8.237633432554098,2.991960329582249,-15.534361715653302,-12.777180309608587,-16.981225714428838
0.023956624999999995,0.0034223749999999996,7.0,0.9822700467903924,-0.42925008195189257,0.007362086194866536,0.004541700817231892,-0.004660075837110991,-6.799720022649259e-5,0.06845118015887186,1.3825101302328209,1.3750421089066192,-2.8072062261561106,8.700859136579925,8.320172802552209,0.569788601431914,8.791524295054765,8.160297241985917,3.4932456308959816,-15.394431461792115,-12.29989388501154,-16.86115637856587
0.023956624999999995,0.0034223749999999996,7.0,0.9449180583039449,-0.3919174937967455,0.007619860174308477,0.0045843442293261,-0.004694891878968533,-8.031775230586188e-5,0.0684550444081121,1.3841173482505693,1.3641614419135435,-2.6918578532623836,8.63271869931324,8.299831528537766,0.6105765115320774,8.859612423840746,8.03089039799497,4.124728907580198,-15.227322603244575,-11.65496912119838,-16.663609097308218
0.023956624999999995,0.0034223749999999996,7.0,0.9067525024397731,-0.35377116990028756,0.007947876847093794,0.00457875373452258,-0.00469194778955871,-0.00010167287318841159,0.06846371324375472,1.3921995571140489,1.3460632388347644,-2.5513477435471623,8.554091818323306,8.307282642281008,0.7628026500324107,9.03359346634103,7.790209764135,4.912284576796482,-15.04337853145568,-10.799850003476568,-16.344301582458318
0.023956624999999995,0.0034223749999999996,7.0,0.8677889549248429,-0.3148336846105595,0.00834923126625818,0.004510275234255176,-0.004653818814515447,-0.00013535490625443986,0.06848029870485535,1.4117254662154095,1.312747938518931,-2.3856851465326776,8.515917775878062,8.361106688202785,1.148468807369475,9.363648219939833,7.3230849953778625,5.8099442691405185,-14.86688307153886,-9.69661473699967,-15.839002771255917
0.023956624999999995,0.0034223749999999996,7.0,0.8280410934029425,-0.2751484618304273,0.008793902633207678,0.004364849794623245,-0.00460192530465881,-0.00018312338614754893,0.06850669247906285,1.446293459905533,1.2500381734623465,-2.2060791461826743,8.634527927106136,8.439546136094162,1.9424177702090921,9.852931721858784,6.453024014712853,6.565946194592317,-14.760547407709547,-8.343810984021179,-15.087551941818997
0.023956624999999995,0.0034223749999999996,7.0,0.7874999445565258,-0.2347809407391877,0.009177356313739282,0.004132255150052808,-0.004576179683921951,-0.00024149796829369812,0.06853817294547183,1.4912793405863434,1.1384385724587844,-2.0468356983555167,9.10007025336342,8.410542098323008,3.2128060997434567,10.342307856421183,4.996613491113252,6.564687876916769,-14.841511524024341,-6.809272607853886,-14.096683744476662
0.023956624999999995,0.0034223749999999996,7.0,0.7460953411901057,-0.19379567908065393,0.009299776186291773,0.0038032692131079486,-0.004599801388466838,-0.00029865565305966537,0.06855642906462497,1.5222689071946194,0.9614231126057818,-1.9690138215806907,10.059888477895393,7.969301489704622,4.415990509735242,10.369055145933803,2.941416512113029,4.893139028288282,-15.163296446780489,-5.21677853208446,-13.001304990008403
0.023956624999999995,0.0034223749999999996,7.0,0.7036666711829255,-0.15219690470388256,0.008993506238882594,0.003379100292340697,-0.004615864783156179,-0.0003327054313835673,0.06853318805164534,1.4875951775620408,0.7231403157820826,-2.0176904847401773,11.260938469906637,6.751940636764918,3.766426692736524,9.211674323784926,0.6845075853593534,1.40801323481315,-15.355191986363526,-3.695535985609635,-11.94544605526598
0.023956624999999995,0.0034223749999999996,7.0,0.6600216697556074,-0.10987045470345057,0.008484358507768696,0.0029145532967412013,-0.0045200293996013685,-0.0003120710599919953,0.06846206036481607,1.3274251644703376,0.46233146519010737,-2.113774396103234,11.649249085497782,4.745051656186163,-0.3495950500159784,6.473415691835915,-1.0266716658882693,-1.5709587451099072,-14.550261172452624,-2.3744132246867062,-10.622577419609513
0.023956624999999995,0.0034223749999999996,7.0,0.6151538161574166,-0.06661629757214005,0.008395758408545525,0.002540636769263731,-0.004318151000507702,-0.0001968638982976456,0.06839200260187689,1.0412331751793646,0.23816881238385854,-2.0607895038685986,9.99791273530812,2.561283753301771,-5.330046056220967,3.0889947622203158,-1.6758087099697703,-1.5073954159143388,-12.31650355441406,-1.337004148949874,-8.322104025338355
0.023956624999999995,0.0034223749999999996,7.0,0.5693685571593561,-0.022292980924182717,0.008882123430228955,0.0026153768723965556,-0.004139303264115406,0.00021067133632757658,0.06837336845321093,0.7280207589572137,0.08901579661200018,-1.8068220221196956,6.838637929302519,0.9318345364555952,-6.922763788992293,0.7730305619007599,-1.4677874339643542,-0.015219244434323176,-9.267581332003196,-0.5293950662880528,-5.370850495338162
0.023956624999999995,0.0034223749999999996,7.0,0.5694093144258072,0.022702526855899054,0.008989921179510559,0.0008413192250920907,-0.0032759906909093153,0.00023211251093797802,0.06852910197112018,0.7370484452495031,0.018189534858872335,-1.7727307713515534,6.951931580196673,0.12970144960648128,-6.599712989709255,-0.3171437567174041,-1.6264007954251898,1.273884126166731,-9.202473784979777,-0.08077156983281543,-5.325530784771479
0.023956624999999995,0.0034223749999999996,7.0,0.6153336011002666,0.06714619528632715,0.008788254503185726,-0.0020717853385110287,-0.004077009252040329,0.00034728274079428743,0.06835438263812665,1.0836236310980067,-0.09632752042462589,-1.9425030805694044,10.503293258896598,-1.4385213358122004,-4.548622530984544,-2.5506065954048083,-2.4337413889903563,2.667774400302358,-11.697656381152353,0.5128088673806745,-8.06955186990625
0.023956624999999995,0.0034223749999999996,7.0,0.6603898763868806,0.11036066478743224,0.009129835556071896,-0.0026287819598404083,-0.004286004241146859,0.0003434861367738101,0.06845547980980422,1.4190448059383263,-0.3300763209030588,-1.9257934846636042,12.504961859252148,-4.325676988546531,0.5689854521757592,-6.241170929091504,-2.3574380668320227,1.823409762001789,-13.212343556334128,1.3488309757059391,-10.147523792420097
0.023956624999999995,0.0034223749999999996,7.0,0.7041583274671803,0.15246311672106722,0.009736352188181321,-0.003112341906212972,-0.004313947445993449,0.00033796408428894307,0.06856754110604305,1.6151893038544107,-0.6506648317698414,-1.8062723781843681,12.017462688445068,-7.193673810579121,4.262498119526907,-9.65212922248157,-0.5756003672606305,-2.0108981801248955,-13.576903284906141,2.298360288346761,-11.441862321184438
0.023956624999999995,0.0034223749999999996,7.0,0.7465614921805886,0.19380452175653592,0.009959175819980194,-0.0035480108947531916,-0.004272161362946033,0.00032013230094923547,0.06860740278849312,1.6477280816766842,-0.958558270138172,-1.7818669959404165,10.389808134324529,-8.726391544892026,4.3118324505864845,-11.280324786297475,2.250771649978941,-5.852325473343122,-13.50134455011471,3.606573949315205,-12.640579784303446
0.023956624999999995,0.0034223749999999996,7.0,0.787843316455147,0.23462365473539415,0.009652599480574243,-0.003921496603977594,-0.004296776471225147,0.00027832605696371474,0.06857941800378171,1.5871196005340358,-1.1816678489894046,-1.9092374772215983,9.105131172003823,-9.028207970320008,2.724290761813161,-11.257497653626011,4.840588652181191,-7.473946983666101,-13.668488227016033,5.284786312941579,-13.945719824185007
0.023956624999999995,0.0034223749999999996,7.0,0.8282567860305373,0.27492570380900844,0.009073753689739587,-0.004224942469972997,-0.0044190133537161365,0.0002220901643468132,0.06853001281299766,1.509183147521106,-1.3126993248453895,-2.12127843642204,8.548541299593516,-8.811653165069188,1.33782619765273,-10.535733672444874,6.593273298094692,-7.269770617029325,-14.128551274693736,7.106892158331111,-15.14181459768822
0.023956624999999995,0.0034223749999999996,7.0,0.8679160112008799,0.31460642222718005,0.008469298071601105,-0.004444217596209555,-0.004574060083704468,0.0001688358479104137,0.06848937292505677,1.4509431839663705,-1.3780636778290656,-2.3453414529793863,8.477028281755876,-8.55078528979186,0.5976533100695265,-9.813778417801919,7.57463192567958,-6.293476524761193,-14.648749956748706,8.80016178551229,-16.051660207435475
0.023956624999999995,0.0034223749999999996,7.0,0.9068312109955424,0.3535646103055135,0.007956735139186011,-0.004572726747987137,-0.004697493121677645,0.00012832513551194535,0.06846470222299057,1.418211211116005,-1.406526462348443,-2.5434054330052525,8.599326395750651,-8.402327587487996,0.339545065897363,-9.330674724562403,8.057201141554511,-5.209438728833445,-15.082098379462995,10.19784204596382,-16.65652753730518
0.023956624999999995,0.0034223749999999996,7.0,0.9449753585228163,0.39173683579169755,0.007561554977694987,-0.00462039012823369,-0.004760537795775796,0.0001014910149036588,0.06845256717344728,1.4042437733005402,-1.41777739627273,-2.7048855401818894,8.749351682309193,-8.362697031855713,0.3214893104373948,-9.077878133679233,8.276926383500573,-4.286010225954287,-15.400656887844795,11.266104434926312,-17.02627806580975
0.023956624999999995,0.0034223749999999996,7.0,0.98232037689138,0.4290922329398182,0.007268288246781972,-0.004605249780762773,-0.0047624101646383254,8.515929663417313e-5,0.06844777839401057,1.4008093689587018,-1.4223559530716798,-2.832684314541275,8.86487025797886,-8.384692763641187,0.38115204073117875,-8.976989106590636,8.378110523751245,-3.5734916099459424,-15.626317904072858,12.049918884996233,-17.242980781730108
0.023956624999999995,0.0034223749999999996,7.0,1.0188474579644429,0.4656189028693632,0.007051813137101067,-0.004544898455936997,-0.0047149346021103985,7.572467517785919e-5,0.06844656170046434,1.4019471430075503,-1.4248468869810524,-2.9337700129516726,8.936183070905697,-8.427622581622186,0.44081187843480407,-8.956678408953092,8.431506685991296,-3.035883171870505,-15.787265959878939,12.616031331858315,-17.367689756897
0.023956624999999995,0.0034223749999999996,7.0,1.054546326697936,0.5013136384103006,0.006890189846853936,-0.004453628308395342,-0.004631475752514815,7.04090347764129e-5,0.06844682152954001,1.4042112597175829,-1.4267943866749095,-3.0148257861152117,8.971574395072523,-8.467986354966579,0.47370053205720036,-8.97121897718701,8.465559692030478,-2.620992149132787,-15.904776640978888,13.023295611767367,-17.437134087103
0.023956624999999995,0.0034223749999999996,7.0,1.0894120877256905,0.536176401660559,0.006767839217682211,-0.004340349131303949,-0.004524114308215559,6.784259152484113e-5,0.0684475806292371,1.4058895910325595,-1.4284796799974173,-3.0810248132675477,8.981720615932408,-8.495611051460795,0.4752278000907677,-8.99633235607246,8.489192509918363,-2.2866009840359287,-15.992955566623898,13.315095447098297,-17.470913125850743
0.023956624999999995,0.0034223749999999996,7.0,1.123442760854635,0.5702078436072611,0.006672466544523363,-0.004212219136296379,-0.004400510077013512,6.696048412849255e-5,0.0684484455483204,1.406289094611384,-1.4298201941830642,-3.1360707353096626,8.975171373926086,-8.50786029490105,0.44782422992527404,-9.02109918480145,8.504183241289315,-2.00440180579556,-16.060892418847946,13.520364414331826,-17.479354615215396
0.023956624999999995,0.0034223749999999996,7.0,1.1566376936523133,0.6034086095091784,0.006596852531066138,-0.004073553682031118,-0.004266053776079078,6.725401419172702e-5,0.0684492875945417,1.4051854422554773,-1.4306609752034054,-3.18264842148576,8.95762016880249,-8.505175801441174,0.3946554525412205,-9.04160007322957,8.510522050493533,-1.756048061615321,-16.11543835580577,13.658478149898192,-17.468142219296013
0.023956624999999995,0.0034223749999999996,7.0,1.188996790898083,0.6357791416889104,0.006535560540984497,-0.003927277925622685,-0.004124632448582882,6.85151687531788e-5,0.06845007626220975,1.4025704640181853,-1.4308818983928326,-3.222692591056463,8.932373338040648,-8.488560230043904,0.31898678321446267,-9.057433236841785,8.508504102656989,-1.5283596161568025,-16.161677454675246,13.741919267200638,-17.440877440697623
0.023956624999999995,0.0034223749999999996,7.0,1.2205200622375416,0.6673198305565322,0.0064850469050191815,-0.003776145702189663,-0.003980019453916029,7.073602587315999e-5,0.06845080811677887,1.398478617309997,-1.4303611066786683,-3.2575519079614383,8.900716765777293,-8.458167925359305,0.22462641765756805,-9.069466859250907,8.498832975112785,-1.3103970254365402,-16.20317624500124,13.778321181818663,-17.399549740890084
0.023956624999999995,0.0034223749999999996,7.0,1.2512074392584993,0.6980311381336219,0.00644337220326283,-0.0036204086791372173,-0.0038332732737565546,7.393951343179453e-5,0.0684514784178173,1.3929147785915614,-1.4289380803818945,-3.2880874334317336,8.862629514956113,-8.413072521062979,0.11546105643994446,-9.078365603016822,8.48195388448939,-1.093532494295004,-16.24217679109931,13.771765942171754,-17.344583399445494
0.023956624999999995,0.0034223749999999996,7.0,1.2810587865089007,0.727913614147586,0.00640977104663492,-0.003460377719685408,-0.003685245841392347,7.812142382568045e-5,0.0684520705325882,1.3858561788077277,-1.426413102548189,-3.3148114201893604,8.817805362795843,-8.351800651348936,-0.006215026211739342,-9.083922616516247,8.457571613573537,-0.871853006171528,-16.279810308620046,13.72360010514261,-17.275376976369373
0.023956624999999995,0.0034223749999999996,7.0,1.3100740106550295,0.7569678393474938,0.006384174618596506,-0.0032962072481534216,-0.00353640409659058,8.322325876836614e-5,0.0684525516999916,1.3772922152519085,-1.4225729667898142,-3.3380425450797295,8.766437936783646,-8.272847487316438,-0.14009407181837674,-9.085208616923468,8.42477606693796,-0.6414649834918005,-16.31667327646364,13.633366537268607,-17.191214003721594
0.023956624999999995,0.0034223749999999996,7.0,1.3382531655460075,0.7851943747733994,0.006366962214689391,-0.003127890969582674,-0.0033870348100170974,8.91589440817205e-5,0.06845287218006654,1.3672613160927338,-1.4172130692762925,-3.35800145740719,8.709504442307106,-8.174823103234068,-0.2868120783603732,-9.081029621942882,8.382391817818975,-0.39900262148604926,-16.35315028115737,13.499407486966504,-17.09189626012607
0.023956624999999995,0.0034223749999999996,7.0,1.365596513435512,0.8125937412574841,0.006359024669780796,-0.002955249857771846,-0.003237401583082142,9.583531408548246e-5,0.06845296805692842,1.3558692239756207,-1.4101467162789199,-3.3748287030611914,8.648780943027912,-8.05645965190317,-0.44661331758321204,-9.070250908393618,8.329119064815504,-0.14066840074211573,-16.389417079308792,13.319115952725507,-16.97790000784342
0.023956624999999995,0.0034223749999999996,7.0,1.392104551623311,0.839166405444223,0.006362035569446317,-0.002777929073744342,-0.003087789755248018,0.00010314876469603835,0.06845276817593662,1.3432929665193056,-1.401210945649924,-3.3885612450265437,8.586809850957838,-7.916718009219776,-0.6184877778528461,-9.051970447532774,8.263471697665253,0.13789033174572327,-16.425287212092016,13.089021905114413,-16.8502815486231
0.023956624999999995,0.0034223749999999996,7.0,1.417778013365277,0.8649127524460025,0.0063788018581540816,-0.0025954209246362996,-0.0029384534560759627,0.00011096951182540523,0.06845220467736558,1.3297753340720337,-1.390276717049542,-3.3991044182049293,8.526821372480423,-7.7549899072878095,-0.799797076132697,-9.025687250836516,8.183714546068437,0.4412178253111887,-16.460064229917183,12.80489772057581,-16.710535918548853
0.023956624999999995,0.0034223749999999996,7.0,1.4426178376198786,0.889833047513527,0.006413574422972544,-0.002407151068147624,-0.0027894727233938295,0.00011912320012950705,0.06845122519476997,1.3156100122982417,-1.3772633565674313,-3.406218480897836,8.472538381197982,-7.5712781646835605,-0.9862636261906031,-8.99152039719467,8.087927381287527,0.7734687909750364,-16.49248714925976,12.46197247624546,-16.560465762485514
0.023956624999999995,0.0034223749999999996,7.0,1.466625100878716,0.9139274018760793,0.006472168973158047,-0.0022126686478689357,-0.002640513616755288,0.00012737009295380144,0.06844980356597186,1.3011173539822343,-1.3621528528606226,-3.40952795613659,8.427843334683436,-7.366245217919834,-1.1722924612072552,-8.950434773512278,7.974216404832334,1.1377317664176667,-16.520804344056153,12.055259664113759,-16.402059739515774
0.023956624999999995,0.0034223749999999996,7.0,1.4898009144586788,0.937195759567099,0.006561730818461739,-0.0020120055915654623,-0.0024905774411205497,0.0001353819297881017,0.06844794544668954,1.2866138981700634,-1.344998908224741,-3.4085550617649374,8.396349528560632,-7.141060002599842,-1.3515514679140146,-8.904400828678163,7.841033807895518,1.5354203560884565,-16.542971762497128,11.579938041771419,-16.237383336456148
0.023956624999999995,0.0034223749999999996,7.0,1.5121463018939054,0.9596379184854853,0.006690044937146629,-0.001806565263812729,-0.0023383738682126757,0.00014275323023390238,0.06844568604158843,1.2723810723763844,-1.3259260606748795,-3.4027696175766033,8.380951327353753,-6.897021515954074,-1.5176072698153946,-8.856435077123551,7.687536927501408,1.9659975006848494,-16.556904090285354,11.031676508513408,-16.068488254855176
0.023956624999999995,0.0034223749999999996,7.0,1.5336620770925224,0.9812535923843257,0.006864448737210049,-0.0015992962988740332,-0.002182180269366265,0.00014899822955038265,0.06844307936974385,1.2586380462151927,-1.305115008603464,-3.3916395168305358,8.383426431981283,-6.634988500978573,-1.664248269882311,-8.810512127650703,7.513906694681602,2.4271379625604186,-16.560792686960696,10.4069183849397,-15.897333126662888
0.023956624999999995,0.0034223749999999996,7.0,1.55434874331291,1.0020425107264892,0.007090580453401373,-0.0013945383431618347,-0.002019993555248032,0.00015357031523226405,0.0684401814713852,1.245520905888594,-1.2827720848468558,-3.374664392488257,8.404130148580668,-6.354705928658402,-1.7853797373818123,-8.771376185034601,7.321559477344003,2.915393013978318,-16.553362897369176,9.703090087254406,-15.725689625924671
0.023956624999999995,0.0034223749999999996,7.0,1.574206425587861,1.0220045428273172,0.007371307395523834,-0.0011981080750309218,-0.0018511660028259853,0.0001560120955330871,0.06843703275393782,1.233066267829865,-1.259083611639928,-3.351379596256902,8.441751862274092,-6.054150750208307,-1.8744954029633416,-8.744329624676084,7.11324081142274,3.427375463901322,-16.5339409489319,8.918758597966837,-15.55499267369684
0.023956624999999995,0.0034223749999999996,7.0,1.5932348359615778,1.0411398257315658,0.007706172433489754,-0.001015991603240691,-0.0016770572772781046,0.00015607707244339952,0.06843364636504341,1.2211930636150723,-1.234158761578749,-3.321321083262014,8.493014584742618,-5.729001059930841,-1.9234437461197862,-8.735148969073894,6.893070300100522,3.9613882138687497,-16.502484424264207,8.05397620221413,-15.386084884843141
0.023956624999999995,0.0034223749999999996,7.0,1.611433256394089,1.059448873987883,0.008091565313651041,-0.0008528227232541508,-0.0015009809937837492,0.00015378473910270646,0.06843000919900252,1.209673500604718,-1.2079673515908471,-3.2839431314928373,8.55216744144145,-5.372361123569949,-1.920428407931816,-8.750256488784009,6.666650616396918,4.5195337987430735,-16.459573942683335,7.110920276140252,-15.218818057838364
0.023956624999999995,0.0034223749999999996,7.0,1.6288005173120528,1.0769326519147024,0.00852160703889336,-0.000710904607765342,-0.0013273108230691388,0.0001493574866562306,0.06842609910089284,1.1980876030509369,-1.180283384667305,-3.2384904891414497,8.610279081071605,-4.974979864856738,-1.8476239293918924,-8.797069451622868,6.441248413999802,5.10983723569939,-16.406381496082272,6.094968826496635,-15.051527495071408
0.023956624999999995,0.0034223749999999996,7.0,1.645334962399871,1.093592588038433,0.008989503154053127,-0.0005903023673754557,-0.0011605199265402155,0.0001431092606337819,0.06842191606491131,1.1857704732901877,-1.1506535275738625,-3.183857844490082,8.654736344602702,-4.526373468646552,-1.6797808745100309,-8.884016391867325,6.225751633075744,5.747006777249695,-16.34454156662121,5.016237150720449,-14.880487977678445
0.023956624999999995,0.0034223749999999996,7.0,1.6610344285606773,1.1094305002658873,0.00948894612790182,-0.0004893219878356066,-0.0010040068868074127,0.0001352926270576297,0.06841751819304938,1.1717855507105563,-1.118419566496215,-3.1185183701083017,8.66973681524978,-4.017240598024405,-1.3858742413599725,-9.019388552580423,6.029826434910279,6.449753168208,-16.275895828965282,3.8913372865028495,-14.699563250160063
0.023956624999999995,0.0034223749999999996,7.0,1.675896317103005,1.1244483878657618,0.010015085344669813,-0.0004058418301418639,-0.000860388414196613,0.00012618762283380557,0.06841304776345937,1.1549737177337651,-1.0828227818347012,-3.0406325771292266,8.63843387986611,-3.443053931988685,-0.9353718486250971,-9.208514835614645,5.86188697653157,7.233536166077928,-16.20199184068132,2.7445739579464323,-14.50032085639768
0.023956624999999995,0.0034223749999999996,7.0,1.6899179002216536,1.1386480618805221,0.010564388314895517,-0.00033641293092444405,-0.0007305489185296917,0.00011583286983193013,0.06840873388838728,1.1341185037073496,-1.0431926971996988,-2.9484039072585557,8.54654708308674,-2.807696762968324,-0.3079958513311869,-9.449989845077594,5.7263359919088765,8.10013149633864,-16.123524822348877,1.6077102595210184,-14.272883074995615
0.023956624999999995,0.0034223749999999996,7.0,1.7030965563973774,1.1520306426424105,0.011134175282255077,-0.0002788187049770073,-0.0006149863035785103,0.00010453187122442961,0.06840485554354425,1.1081936833267312,-0.9991718601793363,-2.8406448584092803,8.386085159193764,-2.1254895890981262,0.4964306583068045,-9.732670316947251,5.621323359167319,9.029152021668578,-16.0398470889362,0.5173561777950896,-14.007408518361075
0.023956624999999995,0.0034223749999999996,7.0,1.7154306521624325,1.164596109695251,0.011723094403948442,-0.00023069791856604265,-0.0005132033284487102,9.259597171029234e-5,0.0684016997460291,1.0766081882036425,-0.9509028150225626,-2.717384161337928,8.157507812139507,-1.420174047877645,1.4530983602755319,-10.03548500115416,5.538378427471601,9.976220947333545,-15.949315679040115,-0.48927443996319075,-13.695886239611106
0.023956624999999995,0.0034223749999999996,7.0,1.726919870183197,1.1763429248416655,0.01232577560796035,-0.0001900945945092293,-0.0004241920426620695,8.040447542100856e-5,0.06839948415590844,1.0394582607402618,-0.899098892954612,-2.5801824146061456,7.869780187727094,-0.7208433983251146,2.5149896619834538,-10.331168820359078,5.464812167268889,10.879906271039902,-15.848675492637309,-1.3804083381122596,-13.334592354995976
0.023956624999999995,0.0034223749999999996,7.0,1.73756547110114,1.187268071811473,0.012935037172665573,-0.00015549566967969453,-0.00034671885556325147,6.835245406547924e-5,0.06839831966500612,0.9975147333804624,-0.8449650696699664,-2.432180367537319,7.537863589706442,-0.05650996760457132,3.621736763282441,-10.591822918351937,5.387103518498042,11.675665197496485,-15.734536013221602,-2.133926927559068,-12.924967108204479
0.023956624999999995,0.0034223749999999996,7.0,1.7473702078716113,1.1973673594163845,0.01354115770021695,-0.00012578529416437754,-0.00027953248658181264,5.679740078787902e-5,0.06839819352931371,0.9521142386070558,-0.7900151960213777,-2.2777271541954516,7.179471105734666,0.5488591120338036,4.711429207835019,-10.794865026421038,5.294490991790054,12.310523610209156,-15.604219811882858,-2.7400121231854087,-12.473962097524721
0.023956624999999995,0.0034223749999999996,7.0,1.756337930698009,1.2066359536669606,0.014132713567663827,-0.00010015701256496534,-0.000221473541196144,4.602100347313315e-5,0.06839898538035478,0.9049332752278988,-0.7358480457066031,-2.12178920781609,6.812052746009285,1.0793355315907243,5.7309402651792745,-10.927009588050492,5.181186742355219,12.753539071770726,-15.456721994506962,-3.2011079414186634,-11.993239488364503
0.023956624999999995,0.0034223749999999996,7.0,1.7644730358649905,1.2150689648354063,0.014697843731646579,-7.801891100986421e-5,-0.00017150245213507073,3.621248479359619e-5,0.06840050271238066,0.8577361157385677,-0.6839500477560259,-1.9693193689395856,6.450793262801954,1.5277081803336587,6.642225988673814,-10.985466449157176,5.046862495790933,12.999391020253386,-15.293316920766854,-3.5297678966446675,-11.497655758592886
0.023956624999999995,0.0034223749999999996,7.0,1.771779919546134,1.2226619439321196,0.01522551513062589,-5.8912782501288335e-5,-0.00012868010712086426,2.7468877740666677e-5,0.06840252085458166,0.812162988706594,-0.6355636652611593,-1.8247450275214403,6.107735450095434,1.894358667726327,7.424106892816374,-10.976684429699022,4.8957549212851434,13.065615152885803,-15.117673451758526,-3.745342910704677,-11.003490371380575
0.023956624999999995,0.0034223749999999996,7.0,1.7782625546420143,1.2294112049975672,0.015706465914899867,-4.243126576252205e-5,-9.208194202423401e-5,1.979462585479513e-5,0.06840481621722361,0.7695938023240353,-0.5916292207020168,-1.6916567339612816,5.7917498376216825,2.185194085330624,8.07055684124465,-10.91364871932556,4.735073596377511,12.985926142508166,-14.935515049120891,-3.870492761769564,-10.526823433999192
0.023956624999999995,0.0034223749999999996,7.0,1.7839242411150535,1.2353139576284948,0.01613368431325967,-2.8150374149386898e-5,-6.070654852592432e-5,1.3103792919680994e-5,0.06840718804254972,0.73109126952758,-0.5527869518125939,-1.5727019799973145,5.508968790286924,2.409403703762727,8.58706725819924,-10.812810505692488,4.573341544486551,12.802423840184055,-14.753974793139443,-3.9282250396688374,-10.082310334773476
0.023956624999999995,0.0034223749999999996,7.0,1.7887675218884287,1.240368282189434,0.01650244346729848,-1.5340456964032452e-5,-3.288750031706058e-5,7.1137332980015675e-6,0.06840946905176998,0.697406980673263,-0.5194179921844254,-1.46963962043825,5.263380598596331,2.5775258535449135,8.986513872670962,-10.691421339896555,4.419057613738676,12.558734239578873,-14.580867939965753,-3.939775879286649,-9.682438212335006
0.023956624999999995,0.0034223749999999996,7.0,1.7578086255632976,-1.2445,0.007231790867624131,-0.007734171588945215,-0.0,-0.003606503441409968,0.0684475,0.5798051443115434,0.48794152766336923,-1.4222160827010373,4.690712086730636,-1.7353417402420321,4.443795710720578,8.999056866555334,3.9664337014116846,-12.922010802272942,-11.352096199833994,4.202672596381238,-8.657145788142314
0.023956624999999995,0.0034223749999999996,7.0,1.7532831710178431,-1.2399745454545454,0.007231790867624131,-0.004111256950491005,-0.0,-0.0019171106006569219,0.0684475,0.600160359896438,0.5146917941708018,-1.5026603107026115,4.847834423931859,-1.6722599000386698,4.009327809841639,9.167532111339652,4.078556937913587,-13.381836383784526,-11.466066345973376,4.396885991520608,-8.926391361845436
0.023956624999999995,0.0034223749999999996,7.0,1.7479265105354684,-1.2346178849721707,0.007231790867624131,-0.0033260920808041426,-0.0,-0.0015509822090076664,0.0684475,0.6236053597520232,0.5458936194731874,-1.5963775572564125,5.030329737623502,-1.4691702604964227,3.4699687505451298,9.231039783813856,4.194256441957043,-13.621882765574876,-11.590670731794972,4.358326733655672,-9.224586179580532
0.023956624999999995,0.0034223749999999996,7.0,1.7417386441161733,-1.2284300185528756,0.007231790867624131,-0.002954926399666894,-0.0,-0.0013779048094490509,0.0684475,0.649642684296118,0.5810522628607512,-1.7019339545566456,5.23529763325468,-1.1934197764783228,2.8217442011597496,9.251812718860002,4.305628485487483,-13.768945874696096,-11.721783825332027,4.22907595001025,-9.54092611874216
0.023956624999999995,0.0034223749999999996,7.0,1.7347195717599582,-1.2214109461966605,0.007231790867624131,-0.0027226513445831923,-0.0,-0.0012695931724651468,0.0684475,0.6775955084670586,0.619431922610114,-1.8172681121824172,5.4583404297083895,-0.8483291649516198,2.0673244464539406,9.22656911367533,4.405032838266559,-13.8089519550301,-11.855565121910272,4.0086418289144214,-9.863373267974936
0.023956624999999995,0.0034223749999999996,7.0,1.7268692934668226,-1.213560667903525,0.007231790867624131,-0.002551815089281351,-0.0,-0.0011899309183273756,0.0684475,0.706604861695175,0.6600391800598591,-1.9396678696407799,5.693075408722004,-0.43502569833376525,1.21883885684658,9.148437079704829,4.486417603630074,-13.72055830167713,-11.988846397628379,3.6846484485986863,-10.179493012352085
0.023956624999999995,0.0034223749999999996,7.0,1.718187809236767,-1.2048791836734694,0.007231790867624131,-0.002412184563644812,-0.0,-0.0011248201349108498,0.0684475,0.7356619430214746,0.7016508152264017,-2.06586107323374,5.930770915424164,0.041167574604254735,0.29986856577949883,9.013713199683359,4.546824585068999,-13.490506239913211,-12.119457284993874,3.2452258603186013,-10.477595500493154
0.023956624999999995,0.0034223749999999996,7.0,1.708675119069791,-1.1953664935064934,0.007231790867624131,-0.0022896472873471215,-0.0,-0.0010676800645637815,0.0684475,0.7636855787523775,0.742899277437866,-2.1922454061192966,6.160373631805401,0.5685910137166559,-0.6544226049072962,8.82467919738866,4.587648518423079,-13.120286867936711,-12.246398925298942,2.6837046868038685,-10.748022150228497
0.023956624999999995,0.0034223749999999996,7.0,1.6983312229658951,-1.1850225974025974,0.007231790867624131,-0.002176886451150948,-0.0,-0.0010150988231055445,0.0684475,0.7896438679876532,0.7824156242723634,-2.315246311331657,6.3692357613784045,1.1290125369653565,-1.599977063190497,8.59076171951153,4.615076654001534,-12.628720428558907,-12.3697909596205,2.0014546126513624,-10.984312415379948
0.023956624999999995,0.0034223749999999996,7.0,1.6871561209250787,-1.173847495361781,0.007231790867624131,-0.0020698534343413033,-0.0,-0.0009651885076917744,0.0684475,0.8127013001510851,0.8190083935197985,-2.4317407665588346,6.544724940606523,1.6993058369768188,-2.4896607142240974,8.327863862042138,4.63921890482687,-12.049933213727918,-12.490569810964294,1.2092037997776852,-11.183943845433399
0.023956624999999995,0.0034223749999999996,7.0,1.675149812947342,-1.1618411873840444,0.007231790867624131,-0.001966243840910192,-0.0,-0.0009168745608165214,0.0684475,0.8323542190153166,0.8518349066694456,-2.5394376853051748,6.676549827198648,2.254898950640571,-3.2812893448216234,8.055776866306958,4.671856900904833,-11.426678866720914,-12.609995154642338,0.32652122786216153,-11.348406728103482
0.023956624999999995,0.0034223749999999996,7.0,1.6623122990326855,-1.1490036734693876,0.007231790867624131,-0.0018647775038661758,-0.0,-0.0008695600308079604,0.0684475,0.8485095508649279,0.8805115613777132,-2.637092755208051,6.7591577836684005,2.7741523398050814,-3.9455805899182415,7.794286068767046,4.723399540474354,-10.800763479811863,-12.729094873243712,-0.6205616711097086,-11.482557324142732
0.023956624999999995,0.0034223749999999996,7.0,1.6486435791811085,-1.1353349536178108,0.007231790867624131,-0.0017648407465044491,-0.0,-0.0008229587555190094,0.0684475,0.861474330422147,0.9051230193151538,-2.724479020997149,6.793248167111743,3.2422205920616,-4.471106688409656,7.559295865892966,4.80017963723079,-10.203970903234106,-12.848207421350175,-1.6032161265715938,-11.593427804342525
0.023956624999999995,0.0034223749999999996,7.0,1.6341436533926113,-1.1208350278293135,0.007231790867624131,-0.0016663022732086585,-0.0,-0.0007770095107982804,0.0684475,0.8718563136172629,0.9261263951140044,-2.802126658344989,6.785625350018616,3.652968874374295,-4.864167533518215,7.3604380891386345,4.903219713660361,-9.65300030299135,-12.966743820641273,-2.59369494838675,-11.688845063678993
0.023956624999999995,0.0034223749999999996,7.0,1.6188125216671938,-1.105503896103896,0.007231790867624131,-0.001569408734753458,-0.0,-0.0007318273117908845,0.0684475,0.8804129419538216,0.9441884055100964,-2.870940652345257,6.747342879282185,4.0083359746370215,-5.143721202706121,7.200928872781165,5.028888140855294,-9.150040693259761,-13.083207054551139,-3.5682963445194043,-11.776231020137478
0.023956624999999995,0.0034223749999999996,7.0,1.6026501840048561,-1.0893415584415584,0.007231790867624131,-0.0014747161694879916,-0.0,-0.0006876714434372554,0.0684475,0.8879039930322303,0.9600159608525985,-2.9318457175505848,6.69095145370118,4.315730855356543,-5.333835692747024,7.079269761839967,5.170867002693557,-8.68775789365277,-13.19542168283664,-4.50875553884377,-11.861818456394714
0.023956624999999995,0.0034223749999999996,7.0,1.5856566404055983,-1.0723480148423006,0.007231790867624131,-0.0013828591787866985,-0.0,-0.0006448378252181699,0.0684475,0.894990599980723,0.9742305953324412,-2.9855692701870313,6.628034025686392,4.584820461589524,-5.456977199593807,6.991565774087609,5.322277350799472,-8.255604690623564,-13.300883086159955,-5.4021218709625565,-11.950311376485862
0.023956624999999995,0.0034223749999999996,7.0,1.56783189086942,-1.0545232653061223,0.007231790867624131,-0.0012948632710409493,-0.0,-0.0006038046595500264,0.0684475,0.9021910079049197,0.9873049482591493,-3.0325873440078124,6.5678247423392815,4.824975891052456,-5.530324055015245,6.933267738744958,5.47704250646133,-7.8445574824381055,-13.39714012855416,-6.239782105675686,-12.044867248800616
0.023956624999999995,0.0034223749999999996,7.0,1.5491759353963217,-1.035867309833024,0.007231790867624131,-0.001211478493382805,-0.0,-0.0005649216991544818,0.0684475,0.9098758714067667,0.9995498703921392,-3.073185283959837,6.516936354173625,5.043830711423588,-5.565252495723148,6.8999528209220164,5.6303032662140176,-7.4492744412088365,-13.4821509834084,-7.016244422531916,-12.147239620387635
0.023956624999999995,0.0034223749999999996,7.0,1.5296887739863032,-1.0163801484230055,0.007231790867624131,-0.0011334928840717393,-0.0,-0.0005285564123068482,0.0684475,0.9182788833939174,1.0111301078150177,-3.1075617063601233,6.479691775686021,5.2468227985543425,-5.568726924847914,6.887365220465395,5.778275199797318,-7.068071321797791,-13.554571444964521,-7.728266887053509,-12.257966975483338
0.023956624999999995,0.0034223749999999996,7.0,1.5093704066393645,-0.9960617810760667,0.007231790867624131,-0.0010615560644465177,-0.0,-0.0004950117224122925,0.0684475,0.9275083292851887,1.022092170508043,-3.1359223204514604,6.458546037434282,5.437260001891415,-5.545165731461443,6.891270269852415,5.918017313508771,-6.701897194616793,-13.6139419595495,-8.374342053439333,-12.376563350943055
0.023956624999999995,0.0034223749999999996,7.0,1.4882208333555054,-0.9749122077922077,0.007231790867624131,-0.0009961734121923592,-0.0,-0.0004645232909556932,0.0684475,0.9375577528002229,1.032397156835904,-3.1585396624943685,6.454379343777603,5.616641199725064,-5.497948705807655,6.907424774108223,6.047333895010417,-6.353078210707534,-13.660745547904952,-8.954469170565703,-12.50171323878802
0.023956624999999995,0.0034223749999999996,7.0,1.4662400541347262,-0.9529314285714284,0.007231790867624131,-0.0009376803840954847,-0.0,-0.0004372475440054451,0.0684475,0.9483198595083054,1.041955701666094,-3.1757754133957765,6.466696655526625,5.785105888915901,-5.430337755280815,6.931727676913117,6.164790300354584,-6.024220785462899,-13.696326419756822,-9.470032980838262,-12.631486955881211
0.023956624999999995,0.0034223749999999996,7.0,1.4434280689770267,-0.930119443413729,0.007231790867624131,-0.0008864682916940341,-0.0,-0.0004133669531285073,0.0684475,0.9596069306024253,1.050662138674228,-3.188071658962294,6.493842133332776,5.941959114990639,-5.345873238456336,6.960459292518259,6.269739891546631,-5.717396272437685,-13.72269182550689,-9.923682751194386,-12.763582024879398
0.023956624999999995,0.0034223749999999996,7.0,1.4197848778824071,-0.9064762523191094,0.007231790867624131,-0.0008431519843027061,-0.0,-0.00039316822726893506,0.0684475,0.9711776326135236,1.0584240997862615,-3.1959219723565293,6.53328814847996,6.086189837548643,-5.248374410820776,6.990519250475863,6.362289164588688,-5.43369740805141,-13.742257019820519,-10.319139266201754,-12.895577313068646
0.023956624999999995,0.0034223749999999996,7.0,1.3953104808508672,-0.8820018552875695,0.007231790867624131,-0.0008074481979517482,-0.0,-0.00037651927826835353,0.0684475,0.9827673867657255,1.0651841351092428,-3.199834792582322,6.581993973963565,6.216871837272876,-5.1417534111910275,7.019632596452504,6.4431787302311365,-5.17322540690014,-13.757603787820216,-10.660848035044943,-13.025172704194688
0.023956624999999995,0.0034223749999999996,7.0,1.3700048778824072,-0.8566962523191094,0.007231790867624131,-0.000779701639158227,-0.0,-0.00036358084541548665,0.0684475,0.9941179028224013,1.070930920625113,-3.200294206010236,6.636799703990722,6.333531717490114,-5.030029220760152,7.046350937038999,6.513574231029737,-4.934941919210818,-13.771261391740564,-10.95372951956223,-13.15037393502045
0.023956624999999995,0.0034223749999999996,7.0,1.3438680689770268,-0.8305594434137291,0.007231790867624131,-0.000760203875351256,-0.0,-0.0003544888888353987,0.0684475,1.005000271478122,1.0756978723000286,-3.1977023288994126,6.694807038749966,6.436326917101267,-4.91782845019707,7.069943999030966,6.574750562908213,-4.716146895231977,-13.78538451418698,-11.2026184490863,-13.269557601658184
0.023956624999999995,0.0034223749999999996,7.0,1.3169000541347262,-0.8035914285714285,0.007231790867624131,-0.0007491490721097984,-0.0,-0.0003493339494245103,0.0684475,1.015225863657779,1.0795477145402468,-3.1922769938003497,6.7536508652857234,6.526064781712611,-4.810738209223064,7.090087768269254,6.627702615721825,-4.511450680519724,-13.801159853223528,-11.41147269749496,-13.38135348100756
0.023956624999999995,0.0034223749999999996,7.0,1.2891008333555056,-0.7757922077922077,0.007231790867624131,-0.000746538558906056,-0.0,-0.0003481166471258905,0.0684475,1.0246439686262958,1.08254782142324,-3.183931023340623,6.811516944337593,6.60391616458842,-4.7139103976962,7.106534082203598,6.672901135866533,-4.312985227941228,-13.81811534377595,-11.582509491066682,-13.48441808020414
0.023956624999999995,0.0034223749999999996,7.0,1.2604704066393644,-0.7471617810760667,0.007231790867624131,-0.0007521385740671415,-0.0,-0.00035072797708128877,0.0684475,1.0331354448386132,1.0847528507789093,-3.172254218965596,6.866899215070848,6.6708853087197335,-4.62894978486471,7.119054913734721,6.710499135281665,-4.113490946003422,-13.834069518758122,-11.715986138445741,-13.57739835035251
0.023956624999999995,0.0034223749999999996,7.0,1.2310087739863034,-0.7177001484230054,0.007231790867624131,-0.0007655376093280619,-0.0,-0.00035697604983534484,0.0684475,1.04061517758355,1.0862106030935372,-3.156681141069134,6.9184219015515085,6.727521448142842,-4.5528520756765625,7.127678192991651,6.740861058811303,-3.9098392743831183,-13.846205074073247,-11.81107384592436,-13.65928296036282
0.023956624999999995,0.0034223749999999996,7.0,1.2007159353963217,-0.687407309833024,0.007231790867624131,-0.0007862132722125844,-0.0,-0.0003666172697758287,0.0684475,1.04704033097698,1.0869810322401063,-3.13669550379646,6.965012522591963,6.77424188076456,-4.481639483281974,7.132752865282213,6.764742082077487,-3.7021392996953804,-13.852383069483055,-11.86694805446442,-13.729754604669447
0.023956624999999995,0.0034223749999999996,7.0,1.1695918908694203,-0.6562832653061225,0.007231790867624131,-0.0008134823462830909,-0.0,-0.0003793330478457018,0.0684475,1.0524068849842492,1.0871391543509499,-3.111825070786062,7.006084628176391,6.811777081403715,-4.414570189229054,7.134578820716644,6.78284361979871,-3.4889516544965358,-13.851291223562207,-11.882720463279945,-13.788928247975095
0.023956624999999995,0.0034223749999999996,7.0,1.1376366404055982,-0.6243280148423005,0.007231790867624131,-0.0008462019544873929,-0.0,-0.00039459045172319894,0.0684475,1.056733593224403,1.086755716637702,-3.0814276559115332,7.041207567023212,6.8410527158965655,-4.353824480124135,7.133079619431151,6.7953694330939785,-3.2642300295675737,-13.841464529307997,-11.856215345498656,-13.836577000117188
0.023956624999999995,0.0034223749999999996,7.0,1.1048501840048561,-0.5915415584415583,0.007231790867624131,-0.000883568360547713,-0.0,-0.00041201469302685556,0.0684475,1.0600588818786614,1.0858796312676784,-3.0444822579357993,7.069456557023058,6.862810145244398,-4.301306750057576,7.1280292599368344,6.80211432966776,-3.0178625628595297,-13.820414593548676,-11.782774321237477,-13.871570886690815
0.023956624999999995,0.0034223749999999996,7.0,1.0712325216671938,-0.5579238961038959,0.007231790867624131,-0.0009227957575289484,-0.0,-0.00043030672864869193,0.0684475,1.0624744975339369,1.0845342083538188,-2.9994872552236838,7.089020267716368,6.877576189704299,-4.256722259852249,7.119938422640236,6.80274728215302,-2.736856654169512,-13.784467715375804,-11.65420677441329,-13.891767549869401
0.023956624999999995,0.0034223749999999996,7.0,1.0367836533926111,-0.5234750278293134,0.007231790867624131,-0.000960157405897891,-0.0,-0.0004477287514044241,0.0684475,1.0642044403991489,1.0827031944607781,-2.9443958167791737,7.097189950176873,6.886356891213524,-4.216672078383215,7.111228084058913,6.796574442699658,-2.4045568153023567,-13.728963309885492,-11.45781567324789,-13.89376439287653
0.023956624999999995,0.0034223749999999996,7.0,1.0015035791811084,-0.4881949536178106,0.007231790867624131,-0.000990551403259806,-0.0,-0.0004619017051362279,0.0684475,1.0657421908371951,1.0802607171013017,-2.8765898542020096,7.090609452754733,6.891607504819775,-4.171256214001048,7.1081651705524,6.781305895046701,-2.0006106872434537,-13.64884695733309,-11.175186096893333,-13.871915347801432
0.023956624999999995,0.0034223749999999996,7.0,0.9653922990326855,-0.4520836734693877,0.007231790867624131,-0.0010072380820201501,-0.0,-0.0004696828312313487,0.0684475,1.0680731415072071,1.076781203845253,-2.7930876681656174,7.066409272545678,6.898552451215627,-4.098566864448663,7.124043401271908,6.750103453003301,-1.5040950212732196,-13.540557696222244,-10.781915126366762,-13.816512725548984
0.023956624999999995,0.0034223749999999996,7.0,0.9284498129473423,-0.4151411873840446,0.007231790867624131,-0.0010018410376144364,-0.0,-0.00046716614809356175,0.0684475,1.0729617815873655,1.0710920690165933,-2.6910353638255224,7.026174874388701,6.91703237757853,-3.9630738124372975,7.182588904050287,6.684420507130708,-0.8953899022760788,-13.40459431833022,-10.24839210071929,-13.710595381519404
0.023956624999999995,0.0034223749999999996,7.0,0.8906761209250789,-0.37736749536178116,0.007231790867624131,-0.0009643830218085643,-0.0,-0.00044969918846399264,0.0684475,1.0831093789557882,1.0603402684932348,-2.568380274469444,6.984528037396341,6.960827316711835,-3.7122783876042162,7.317866471987204,6.540026248905841,-0.1621011374213122,-13.246368324391891,-9.540925882393333,-13.52455428630218
0.023956624999999995,0.0034223749999999996,7.0,0.8520712229658952,-0.3387625974025974,0.007231790867624131,-0.0008852910069579589,-0.0,-0.0004128179762402464,0.0684475,1.1017314458937273,1.0385451945565127,-2.4258218202282142,6.982468321538943,7.036445587997331,-3.261491803841235,7.564291778251868,6.230366802193452,0.6583686990024658,-13.07920656061432,-8.629547393130416,-13.212835123732397
0.023956624999999995,0.0034223749999999996,7.0,0.8126351190697911,-0.29932649350649343,0.007231790867624131,-0.0007619920415600378,-0.0,-0.0003553227244326077,0.0684475,1.130691796311406,0.995300863435828,-2.271935862579329,7.102633565439672,7.11433734901406,-2.506775585492801,7.922444519467888,5.621681771515736,1.3886604840255043,-12.93754095333703,-7.511852096226835,-12.724315336955415
0.023956624999999995,0.0034223749999999996,7.0,0.7723678092367671,-0.25905918367346925,0.007231790867624131,-0.0006093998160501921,-0.0,-0.00028416780110245205,0.0684475,1.165887330412135,0.9164100046549011,-2.130200982379079,7.46448760597197,7.083389931872941,-1.4492162332297998,8.281173574709493,4.569371668202739,1.6253071964666368,-12.887233059016848,-6.241807525118393,-12.033859274174704
0.023956624999999995,0.0034223749999999996,7.0,0.7312692934668227,-0.21796066790352486,0.007231790867624131,-0.00046358741287513925,-0.0,-0.00021617436084794066,0.0684475,1.1899001727235545,0.7894541541859027,-2.038919806370694,8.136916573865893,6.721555043115398,-0.4967492297668386,8.316859774676047,3.0356273542295185,0.8276480223498214,-12.968715037368037,-4.9268413834569404,-11.172543928095424
0.023956624999999995,0.0034223749999999996,7.0,0.6893395717599581,-0.1760309461966605,0.007231790867624131,-0.00035534098772756515,-0.0,-0.00016569822383372503,0.0684475,1.1681108192259657,0.6155468272014741,-2.022946882180224,8.911829334939151,5.782285008260947,-0.7253309307722761,7.516943763501317,1.256365499057748,-1.0279646957700794,-12.994140680251018,-3.6750551740673885,-10.16819483399688
0.023956624999999995,0.0034223749999999996,7.0,0.6465786441161733,-0.13327001855287568,0.007231790867624131,-0.00025704679391938046,-0.0,-0.00011986288850879686,0.0684475,1.06324663198157,0.41914470953580135,-2.0321420346429053,9.10882864748187,4.253667580260563,-2.9740044465934874,5.583058019558614,-0.2581664305553791,-2.519778176203468,-12.418431959211949,-2.5569925524587256,-8.850662216926498
0.023956624999999995,0.0034223749999999996,7.0,0.6029865105354685,-0.08967788497217066,0.007231790867624131,-8.646202844207626e-5,-0.0,-4.031790600215547e-5,0.0684475,0.873813979073938,0.24015070961075335,-1.9461441252637732,8.001761566865795,2.530681920982659,-5.714935297631634,3.065126888843686,-1.0655514143953175,-2.0463649341896355,-10.822782697122957,-1.6182449299305448,-6.93621015247048
0.023956624999999995,0.0034223749999999996,7.0,0.5585631710178433,-0.045254545454545436,0.007231790867624131,0.00016519597805308156,0.0,7.703214966255702e-5,0.0684475,0.6529246205879385,0.10907280011247915,-1.7233681122244073,5.840682723844261,1.1365753976131971,-6.467045200933939,1.0888104919976098,-1.1604205874845666,-0.5171251429448194,-8.500400600090574,-0.860776140179168,-4.6802621363596995
0.023956624999999995,0.0034223749999999996,7.0,0.5133086255632978,0.0,0.007231790867624131,-0.00014305957205389822,-0.0,-6.670977402110958e-5,0.0684475,0.4626732911398909,0.03156225124183652,-1.445189396629887,3.700427972964094,0.3095743026012637,-5.583635948004832,0.11175293934083927,-0.8832633801550974,0.4891156354585401,-6.101017004042249,-0.32353332859511824,-2.8171645928089943
0.023956624999999995,0.0034223749999999996,7.0,0.5585631710178433,0.04525454545454546,0.007231790867624131,-0.0004768427729942477,-0.0,-0.0002223554367830833,0.0684475,0.6697644152323802,-0.015760198353213177,-1.6634361748089217,6.035674402612943,-0.2045617188318051,-5.982003710215611,-0.7514438850693068,-1.422475026456195,1.6385955333081317,-8.293999134716485,0.08795837065956393,-4.613199376156751
0.023956624999999995,0.0034223749999999996,7.0,0.6029865105354685,0.08967788497217068,0.007231790867624131,-0.00024302877531314122,-0.0,-0.00011332617908054823,0.0684475,0.9230328983079229,-0.12648102678526185,-1.8158678767873022,8.546055183839991,-1.6115112916899763,-4.827074302264515,-2.731081339958769,-1.8307034700872984,2.637706826440719,-10.175472749002475,0.851113113292687,-6.715351713752683
0.023956624999999995,0.0034223749999999996,7.0,0.6465786441161735,0.1332700185528757,0.007231790867624131,-3.8758313085841626e-5,-0.0,-1.8073298209097045e-5,0.0684475,1.151580882369576,-0.3191069671219086,-1.8521940041571916,9.893296439338195,-3.8634040064215287,-1.9900362471421946,-5.5793664547234405,-1.4155138216485652,2.3047131946155,-11.251401434429464,1.6809122368058473,-8.47778261768963
0.023956624999999995,0.0034223749999999996,7.0,0.6893395717599583,0.1760309461966605,0.007231790867624131,0.0001524971958809254,0.0,7.111061028643844e-5,0.0684475,1.2779336485040482,-0.5623199297501292,-1.830668673558782,9.553283797900914,-6.022188729386593,-0.06735737386772221,-8.015329496202353,0.21017195342031492,0.2097780920547427,-11.57220096814328,2.566566286615604,-9.763455751321237
0.023956624999999995,0.0034223749999999996,7.0,0.7312692934668228,0.21796066790352506,0.007231790867624131,0.00038726742212142197,0.0,0.0001805857646891636,0.0684475,1.2916041507871467,-0.7884941391057382,-1.86993540995231,8.412283708021022,-7.244480509192822,-0.3414777749069865,-9.078797797644366,2.4532766937815573,-1.8527871879860351,-11.699304198068878,3.6842693880577277,-10.865560401802568
0.023956624999999995,0.0034223749999999996,7.0,0.7723678092367671,0.25905918367346936,0.007231790867624131,0.0006552698283466343,0.0,0.00030555733911594705,0.0684475,1.241805289672813,-0.9512940292492216,-2.0043719559732236,7.465168117407246,-7.567497074166576,-1.682526576950541,-8.980489117436667,4.427376519410728,-2.5543162176361935,-12.01231714819432,5.069951644100381,-11.892544636817977
0.023956624999999995,0.0034223749999999996,7.0,0.8126351190697912,0.2993264935064935,0.007231790867624131,0.000899685299913663,0.0,0.00041953014527921784,0.0684475,1.1797893692053707,-1.046471710844653,-2.1928105653999923,7.008741529961493,-7.447028890816943,-2.93276466604204,-8.423077173896177,5.741174248679164,-2.0916878083991763,-12.476621260472342,6.55778497848159,-12.749915778640656
0.023956624999999995,0.0034223749999999996,7.0,0.8520712229658951,0.33876259740259734,0.007231790867624131,0.0010774010370065677,0.0,0.0005024003544602996,0.0684475,1.131116573262937,-1.0925881609676569,-2.387112159013438,6.909280384345887,-7.2326247347163,-3.7260613559190774,-7.882306975119904,6.45679775937744,-1.1186118201965665,-12.936592917362828,7.936193629656407,-13.366078143723326
0.023956624999999995,0.0034223749999999996,7.0,0.8906761209250788,0.377367495361781,0.007231790867624131,0.0011789714437029355,0.0,0.0005497634129447337,0.0684475,1.1007706055870754,-1.1106344419339613,-2.559929438715177,6.9723231701039206,-7.071781332165151,-4.125589170517923,-7.517467295700309,6.784062670055841,-0.09241487175406041,-13.307756345506126,9.077552404193755,-13.756385840159759
0.023956624999999995,0.0034223749999999996,7.0,0.9284498129473423,0.41514118738404454,0.007231790867624131,0.001216971961424179,0.0,0.0005674833453720042,0.0684475,1.0848165722241925,-1.1155591946926076,-2.7027549258864467,7.073039877761214,-6.987853861661825,-4.29164521116976,-7.3212753116775,6.907906116667536,0.786923156494517,-13.57883998133362,9.955841612154957,-13.980945994428737
0.023956624999999995,0.0034223749999999996,7.0,0.9653922990326854,0.45208367346938777,0.007231790867624131,0.0012107612542892913,0.0,0.0005645872450724483,0.0684475,1.0776886135433412,-1.1156494858372261,-2.81724560984402,7.156854099361213,-6.958185793815083,-4.350632763357739,-7.237736357148149,6.943447705303785,1.4793718427776812,-13.768724901342795,10.604484478214522,-14.100301804665005
0.023956624999999995,0.0034223749999999996,7.0,1.0015035791811084,0.4881949536178107,0.007231790867624131,0.0011777253726160113,0.0,0.0005491823604542954,0.0684475,1.075014193890384,-1.1146317302275377,-2.9085287034353984,7.20984102169589,-6.955389991403753,-4.373674560424625,-7.215120275265313,6.947705435857609,2.0129172537508655,-13.900018085571613,11.074046551496728,-14.157546457553503
0.023956624999999995,0.0034223749999999996,7.0,1.0367836533926111,0.5234750278293134,0.007231790867624131,0.0011306129224891671,0.0,0.0005272134641657025,0.0684475,1.0740514497805231,-1.1138003732379043,-2.9818378528218106,7.234748680204963,-6.960570127125782,-4.3928369026425305,-7.219606026086883,6.943403317532543,2.4300382608815507,-13.990448080575483,11.410135110071735,-14.17815199773752
0.023956624999999995,0.0034223749999999996,7.0,1.0712325216671938,0.557923896103896,0.007231790867624131,0.0010779630371117188,0.0,0.0005026624194132155,0.0684475,1.0732986206897859,-1.1133930086584969,-3.0414144114368526,7.238482389637528,-6.963702513386479,-4.420044140377693,-7.23286770445146,6.937111410536321,2.7666672807839436,-14.052385412936209,11.647091105004431,-14.175593800173852
0.023956624999999995,0.0034223749999999996,7.0,1.1048501840048561,0.5915415584415583,0.007231790867624131,0.0010252354782395608,0.0,0.0004780751549153097,0.0684475,1.0720161231933367,-1.1132919540321087,-3.0904399995269833,7.2273978619931585,-6.960607867686093,-4.4590582190878605,-7.24638280003785,6.929346040852083,3.048388094833247,-14.094407252536922,11.808788287399393,-14.156743902845244
0.023956624999999995,0.0034223749999999996,7.0,1.1376366404055982,0.6243280148423004,0.007231790867624131,0.0009759890242631304,0.0,0.0004551111562891225,0.0684475,1.069877481508786,-1.1133140479467152,-3.1312630717956553,7.206120899986726,-6.950053864238982,-4.510879765678202,-7.256988275251741,6.919205398661889,3.2929531320724004,-14.122731489066497,11.911296966867743,-14.125326298648616
0.023956624999999995,0.0034223749999999996,7.0,1.1695918908694203,0.6562832653061225,0.007231790867624131,0.0009327728016568402,0.0,0.00043495910073127825,0.0684475,1.0667533909037976,-1.1132928552650756,-3.165601251865181,7.177508621365861,-6.931755090619497,-4.575054306130448,-7.264124830341426,6.906012339330435,3.5136442451290577,-14.14199043436784,11.965233923382108,-14.083520960696292
0.023956624999999995,0.0034223749999999996,7.0,1.200715935396322,0.6874073098330241,0.007231790867624131,0.0008960764802699864,0.0,0.00041784732504247124,0.0684475,1.0625905554646105,-1.1130773835254637,-3.1946541028565374,7.142936603882078,-6.9052252723872245,-4.649631060791219,-7.268207947252821,6.889460746767864,3.721132362888043,-14.15543695776854,11.977150513478174,-14.032397350649935
0.023956624999999995,0.0034223749999999996,7.0,1.2310087739863034,0.7177001484230056,0.007231790867624131,0.0008667262242839417,0.0,0.00040416107590736904,0.0684475,1.0573564087130711,-1.1125155877530766,-3.219188709716966,7.102826058481953,-6.869539716309775,-4.731834410278729,-7.269556838088189,6.869209736017555,3.923370359086273,-14.165045275126669,11.950603363209398,-13.972035794499503
0.023956624999999995,0.0034223749999999996,7.0,1.2604704066393646,0.7471617810760669,0.007231790867624131,0.0008450574293036975,0.0,0.00039405675086509053,0.0684475,1.051029504687695,-1.1114509855682404,-3.2396570894193992,7.057329124660695,-6.823510985928937,-4.819433121418524,-7.268019263168963,6.844590733427624,4.125576533517317,-14.171838870272847,11.886886742940804,-13.90191985808832
0.023956624999999995,0.0034223749999999996,7.0,1.2891008333555056,0.7757922077922077,0.007231790867624131,0.0008312280576713206,0.0,0.0003876080089654417,0.0684475,1.0436133601939273,-1.1097310600387493,-3.256323504695265,7.006879047165775,-6.7659596659644325,-4.911428889356179,-7.263055985475151,6.8146473066449476,4.331129503708385,-14.176323031797228,11.785768169677116,-13.821526353810716
0.023956624999999995,0.0034223749999999996,7.0,1.3169000541347262,0.8035914285714285,0.007231790867624131,0.0008253332474603383,0.0,0.00038485921382069036,0.0684475,1.0351534450000193,-1.1072163192814375,-3.2693466740884545,6.952449896864886,-6.695817014058013,-5.007594016871089,-7.254024069976171,6.778297650498004,4.5428732817101505,-14.178751342586377,11.645978732440446,-13.730747547362881
0.023956624999999995,0.0034223749999999996,7.0,1.3438680689770266,0.830559443413729,0.007231790867624131,0.0008274437141008011,0.0,0.00038584334057741883,0.0684475,1.0257480758898982,-1.1037862209923395,-3.278802850822973,6.895628972306491,-6.612156934876769,-5.107574278728571,-7.240415365951349,6.734403783565093,4.76388640079212,-14.17915685427994,11.46543932978177,-13.630032755871575
0.023956624999999995,0.0034223749999999996,7.0,1.3700048778824072,0.8566962523191094,0.007231790867624131,0.000837605848016812,0.0,0.00039058202144565135,0.0684475,1.0155525975625423,-1.0993451122726863,-3.284675000105298,6.838620468925047,-6.51428184492613,-5.210208598718836,-7.222025746149351,6.681756498623958,4.997565315724413,-14.177247880213024,11.24135038593274,-13.520376967549002
0.023956624999999995,0.0034223749999999996,7.0,1.3953104808508672,0.8820018552875695,0.007231790867624131,0.0008558292186566525,0.0,0.00039907971873240594,0.0684475,1.004777263705093,-1.0938304337762192,-3.286836134632124,6.784190006643118,-6.401862614617431,-5.313210178761897,-7.199115645462924,6.6190838682168165,5.2473248634577505,-14.172282794563381,10.970280588025116,-13.403273874859929
0.023956624999999995,0.0034223749999999996,7.0,1.4197848778824071,0.9064762523191093,0.007231790867624131,0.0008820652586304479,0.0,0.0004113137850918474,0.0684475,0.9936777412761142,-1.0872215371140572,-3.2850431422408666,6.735514088798048,-6.275058667874073,-5.413162508602375,-7.1725778457854155,6.545146938871683,5.516151853398338,-14.162998379810261,10.648333900807831,-13.280661027669733
0.023956624999999995,0.0034223749999999996,7.0,1.443428068977027,0.9301194434137291,0.007231790867624131,0.0009161997689847446,0.0,0.000427230968677427,0.0684475,0.982537311872107,-1.0795451600377473,-3.2789489751839085,6.695922397729294,-6.134542352174643,-5.5057960946144595,-7.144073200058019,6.458917989236245,5.80612704397282,-14.147636591149825,10.271422358378791,-13.154840386965532
0.023956624999999995,0.0034223749999999996,7.0,1.4662400541347262,0.9529314285714284,0.007231790867624131,0.0009583108354739818,0.0,0.00044686768147443265,0.0684475,0.9716416832428925,-1.070873622964926,-3.268135379951411,6.668559371657091,-5.981384448008921,-5.5864778443872325,-7.116074833264552,6.3597957095916735,6.118019201287066,-14.124093002070259,9.835641859096938,-13.028355081248767
0.023956624999999995,0.0034223749999999996,7.0,1.4882208333555054,0.9749122077922078,0.007231790867624131,0.001008229789103525,0.0,0.0004701452718389729,0.0684475,0.9612493726701261,-1.06131331434527,-3.252161262713299,6.656015684109596,-5.816754144204797,-5.650736132439053,-7.09182027328291,6.247799348905416,6.451171071183602,-14.090180961101938,9.337632949130358,-12.903815033015004
0.023956624999999995,0.0034223749999999996,7.0,1.5093704066393645,0.9960617810760668,0.007231790867624131,0.0010654008171428072,0.0,0.0004968045600382844,0.0684475,0.9515618174550288,-1.050983229221366,-3.23061445276986,6.659986361430911,-5.641487948201046,-5.694590329546433,-7.075144642340843,6.123692246165574,6.803721481618845,-14.043966506334154,8.774925697581695,-12.783678607596489
0.023956624999999995,0.0034223749999999996,7.0,1.5296887739863032,1.0163801484230055,0.007231790867624131,0.0011295008048315403,0.0,0.0005266948751851817,0.0684475,0.9426973446506154,-1.0399856275859645,-3.2031516208068376,6.680998769256318,-5.455604918544154,-5.71452373210672,-7.070218625536458,5.9890121429431495,7.173130596982781,-13.984097908669806,8.146250328246998,-12.670010912199471
0.023956624999999995,0.0034223749999999996,7.0,1.5491759353963217,1.035867309833024,0.007231790867624131,0.0012000221121046025,0.0,0.0005595795008297125,0.0684475,0.9346717098900368,-1.0283724789552657,-3.1695135512204398,6.718212148241855,-5.257791588300137,-5.70703019405193,-7.081319233084477,5.846033302920729,7.55705901845842,-13.910051093525942,7.4516895053847065,-12.56424545116258
0.023956624999999995,0.0034223749999999996,7.0,1.56783189086942,1.0545232653061223,0.007231790867624131,0.0012763155204973666,0.0,0.0005951557014300052,0.0684475,0.9273850656976531,-1.016111438255359,-3.1295072490641016,6.769225698436837,-5.044965612053121,-5.667671858317132,-7.112686313834528,5.697742048607147,7.954445957259732,-13.82223874742197,6.692826227208057,-12.466967747043984
0.023956624999999995,0.0034223749999999996,7.0,1.585656640405598,1.0723480148423004,0.007231790867624131,0.0013575975758432933,0.0,0.0006330581463083893,0.0684475,0.9206119836061092,-1.0030539322461602,-3.0829503891486394,6.829791676043226,-4.811955292354749,-5.589596444414124,-7.168555782083037,5.547929002490999,8.36673200248745,-13.721968139745453,5.872976200497156,-12.377720678534224
0.023956624999999995,0.0034223749999999996,7.0,1.6026501840048561,1.0893415584415584,0.007231790867624131,0.0014431266334132063,0.0,0.0006729410008480195,0.0684475,0.9139905536033516,-0.9889078757531145,-3.0295816448871613,6.8934046243124865,-4.551419764446012,-5.461709934330014,-7.253301754392012,5.401412848901815,8.798884080691314,-13.611262236703599,4.997680659733246,-12.2948174732143
0.023956624999999995,0.0034223749999999996,7.0,1.6188125216671938,1.105503896103896,0.007231790867624131,0.0015318843322710185,0.0,0.0007143293955456325,0.0684475,0.9070124551174146,-0.9732220156760468,-2.968959669291538,6.950981907777811,-4.254275558349675,-5.267293976021863,-7.371395225772141,5.26417684333249,9.25947620171833,-13.492573825932132,4.075527673728733,-12.215158751110303
0.023956624999999995,0.0034223749999999996,7.0,1.634143653392611,1.1208350278293133,0.007231790867624131,0.0016232390755607116,0.0,0.0007569288119504004,0.0684475,0.8990280251458429,-0.9553979203798393,-2.9004025322759226,6.99113166314397,-3.9110810513400724,-4.984464851423236,-7.526645310080843,5.142963847268397,9.758643362513235,-13.368428029942782,3.1193026751110384,-12.134095510412367
0.023956624999999995,0.0034223749999999996,7.0,1.6486435791811085,1.1353349536178106,0.007231790867624131,0.001716629506798669,0.0,0.0008004774852350577,0.0684475,0.8892897340150601,-0.9347511037547592,-2.8230378830932925,7.001494250337722,-3.5145028409735315,-4.589730124114047,-7.720512827046768,5.043954389172772,10.303502684902961,-13.241037217389058,2.1469088242780097,-12.045448639510496
0.023956624999999995,0.0034223749999999996,7.0,1.6623122990326853,1.1490036734693876,0.007231790867624131,0.0018117917418042375,0.0,0.0008448523641853,0.0684475,0.877050646456315,-0.9106324485538341,-2.7360117880261603,6.971133239063,-3.0624278072051063,-4.06451730880257,-7.949869392294273,4.970708822310515,10.892013170706273,-13.111953251780065,1.1814734398184856,-11.941842061373517
0.023956624999999995,0.0034223749999999996,7.0,1.6751498129473423,1.1618411873840446,0.007231790867624131,0.0019088253929102658,0.0,0.0008900998987947812,0.0684475,0.8617077913125133,-0.8825924070330251,-2.6388328956476315,6.893207026000349,-2.5604971850246776,-3.4025466971349436,-8.205356642875184,4.922262143890608,11.508101601509322,-12.981846450691407,0.25000273976361903,-11.815469169890955
0.023956624999999995,0.0034223749999999996,7.0,1.6871561209250787,1.173847495361781,0.007231790867624131,0.002008295084695888,0.0,0.0009364833778287343,0.0684475,0.8429491481768732,-0.8505393244900766,-2.531744521988739,6.7667793562592395,-2.022752275953583,-2.6148148408616056,-8.471531130550725,4.892486845685597,12.121067078692155,-12.850500512193012,-0.6194721410662252,-11.659266201944844
0.023956624999999995,0.0034223749999999996,7.0,1.6983312229658951,1.1850225974025972,0.007231790867624131,0.0021114095093579762,0.0,0.0009845664237149126,0.0684475,0.8208507696656644,-0.8148334258960725,-2.4159793238336493,6.596985039357532,-1.4698234466166429,-1.7297789503239285,-8.729182847131332,4.871283371019061,12.690460610863791,-12.71706450434499,-1.401627545338555,-11.468268410376588
0.023956624999999995,0.0034223749999999996,7.0,1.708675119069791,1.1953664935064934,0.007231790867624131,0.002220369085176844,0.0,0.0010353751083485708,0.0684475,0.7958880402496015,-0.7762796620949278,-2.2937903797428363,6.393597280117313,-0.9252442306199744,-0.7885932858891722,-8.959084844620135,4.847192475818393,13.174866783642349,-12.580516396983452,-2.0773734149510963,-11.240789755935706
0.023956624999999995,0.0034223749999999996,7.0,1.718187809236767,1.2048791836734694,0.007231790867624131,0.002339065282990494,0.0,0.0010907240543829564,0.0684475,0.7688607586150793,-0.7360229251588426,-2.1682448955943987,6.168741848283483,-0.4112614231075221,0.1625938090888849,-9.145758002033677,4.810341262023056,13.541182449846808,-12.440210847528974,-2.6361419794766383,-10.97908311030654
0.023956624999999995,0.0034223749999999996,7.0,1.7268692934668224,1.2135606679035247,0.007231790867624131,0.0024745604781002076,0.0,0.0011539065015058218,0.0684475,0.740763279497051,-0.6953840350514024,-2.0428562774432004,5.934674437371855,0.05447194000577639,1.0804472995311327,-9.279973024922258,4.754627735109766,13.77109911340423,-12.296352623935919,-3.07638732708955,-10.68930217248162
0.023956624999999995,0.0034223749999999996,7.0,1.734719571759958,1.2214109461966602,0.007231790867624131,0.0026405142559858016,0.0,0.0012312920190336277,0.0684475,0.7126430533302129,-0.6556878150381258,-1.9211727737889248,5.7022351269002876,0.46051449231901126,1.9301369550610965,-9.359399430228692,4.678575537114366,13.863081352747297,-12.150270623228307,-3.404317748033263,-10.380810664014648
0.023956624999999995,0.0034223749999999996,7.0,1.7417386441161733,1.2284300185528756,0.007231790867624131,0.0028662184847094417,0.0,0.0013365396293654286,0.0684475,0.6854832161645132,-0.6181250958734855,-1.8064286416099489,5.480137195879858,0.8014266729268781,2.688010112237428,-9.387491746507175,4.584925448231832,13.82988967650704,-12.004443012094027,-3.631165014603825,-10.065062644111691
0.023956624999999995,0.0034223749999999996,7.0,1.7479265105354682,1.2346178849721705,0.007231790867624131,0.003226821512444198,0.0,0.0015046915827520249,0.0684475,0.6601272019976975,-0.5836694535041264,-1.7013185167615266,5.274915112805108,1.0757316689210679,3.3415311934169587,-9.37077281567154,4.479433094530634,13.692136027199462,-11.86230196179657,-3.7686510238431286,-9.754348207335742
0.023956624999999995,0.0034223749999999996,7.0,1.7532831710178431,1.2399745454545454,0.007231790867624131,0.003989305524995974,0.0,0.0018602437170256703,0.0684475,0.6372463490000841,-0.5530490314747849,-1.6079061148307565,5.091239470432176,1.2797650008953612,3.8874050052778277,-9.312294112514941,4.3694235736506535,13.463407227242858,-11.727896185162459,-3.8169866060438897,-9.460663044082823
0.023956624999999995,0.0034223749999999996,7.0,1.7578086255632976,1.2445,0.007231790867624131,0.007506139451806628,0.0,0.003500170309556794,0.0684475,0.6173409789618942,-0.5267608843138141,-1.5276435115039557,4.932348457339496,1.3477073440470453,4.328884749748606,-9.151545017479005,4.262513437566731,13.020602302019551,-11.605501752395037,-3.6380380152153866,-9.194861894906227
0.023956624999999995,0.0034223749999999996,7.0,1.7555458982905703,-1.2422372727272726,0.007231790867624131,2.1101648481835254e-5,-2.1101648481835254e-5,0.0,0.0684475,0.0,0.0,0.0,0.0,0.0,0.0,0.0,0.0,0.0,0.0,0.0,0.0
0.023956624999999995,0.0034223749999999996,7.0,1.7506048407766557,-1.237296215213358,0.007231790867624131,7.202827930054295e-5,-7.202827930054295e-5,0.0,0.0684475,0.0,0.0,0.0,0.0,0.0,0.0,0.0,0.0,0.0,0.0,0.0,0.0
0.023956624999999995,0.0034223749999999996,7.0,1.7448325773258209,-1.2315239517625232,0.007231790867624131,0.00011025916954899055,-0.00011025916954899055,0.0,0.0684475,0.0,0.0,0.0,0.0,0.0,0.0,0.0,0.0,0.0,0.0,0.0,0.0
0.023956624999999995,0.0034223749999999996,7.0,1.7382291079380658,-1.2249204823747681,0.007231790867624131,0.0001545112112732054,-0.0001545112112732054,0.0,0.0684475,0.0,0.0,0.0,0.0,0.0,0.0,0.0,0.0,0.0,0.0,0.0,0.0
0.023956624999999995,0.0034223749999999996,7.0,1.7307944326133904,-1.2174858070500927,0.007231790867624131,0.00020550267043677203,-0.00020550267043677203,0.0,0.0684475,0.0,0.0,0.0,0.0,0.0,0.0,0.0,0.0,0.0,0.0,0.0,0.0
0.023956624999999995,0.0034223749999999996,7.0,1.7225285513517947,-1.209219925788497,0.007231790867624131,0.00026373722467604475,-0.00026373722467604475,0.0,0.0684475,0.0,0.0,0.0,0.0,0.0,0.0,0.0,0.0,0.0,0.0,0.0,0.0
0.023956624999999995,0.0034223749999999996,7.0,1.713431464153279,-1.2001228385899814,0.007231790867624131,0.000329594306846571,-0.000329594306846571,0.0,0.0684475,0.0,0.0,0.0,0.0,0.0,0.0,0.0,0.0,0.0,0.0,0.0,0.0
0.023956624999999995,0.0034223749999999996,7.0,1.7035031710178432,-1.1901945454545455,0.007231790867624131,0.0004033501029682585,-0.0004033501029682585,0.0,0.0684475,0.0,0.0,0.0,0.0,0.0,0.0,0.0,0.0,0.0,0.0,0.0,0.0
0.023956624999999995,0.0034223749999999996,7.0,1.692743671945487,-1.1794350463821892,0.007231790867624131,0.0004851713830875108,-0.0004851713830875108,0.0,0.0684475,0.0,0.0,0.0,0.0,0.0,0.0,0.0,0.0,0.0,0.0,0.0,0.0
0.023956624999999995,0.0034223749999999996,7.0,1.6811529669362104,-1.1678443413729127,0.007231790867624131,0.0005751057403683075,-0.0005751057403683075,0.0,0.0684475,0.0,0.0,0.0,0.0,0.0,0.0,0.0,0.0,0.0,0.0,0.0,0.0
0.023956624999999995,0.0034223749999999996,7.0,1.668731055990014,-1.155422430426716,0.007231790867624131,0.000673073821486915,-0.000673073821486927,0.0,0.0684475,0.0,0.0,0.0,0.0,0.0,0.0,0.0,0.0,0.0,0.0,0.0,0.0
0.023956624999999995,0.0034223749999999996,7.0,1.655477939106897,-1.142169313543599,0.007231790867624131,0.0007788663123078175,-0.0007788663123078175,0.0,0.0684475,0.0,0.0,0.0,0.0,0.0,0.0,0.0,0.0,0.0,0.0,0.0,0.0
0.023956624999999995,0.0034223749999999996,7.0,1.6413936162868599,-1.1280849907235622,0.007231790867624131,0.0008921469954031356,-0.0008921469954031215,0.0,0.0684475,0.0,0.0,0.0,0.0,0.0,0.0,0.0,0.0,0.0,0.0,0.0,0.0
0.023956624999999995,0.0034223749999999996,7.0,1.6264780875299025,-1.1131694619666048,0.007231790867624131,0.0010124622219317447,-0.0010124622219317447,0.0,0.0684475,0.0,0.0,0.0,0.0,0.0,0.0,0.0,0.0,0.0,0.0,0.0,0.0
0.023956624999999995,0.0034223749999999996,7.0,1.610731352836025,-1.0974227272727273,0.007231790867624131,0.0011392560590593572,-0.0011392560590593572,0.0,0.0684475,0.0,0.0,0.0,0.0,0.0,0.0,0.0,0.0,0.0,0.0,0.0,0.0
0.023956624999999995,0.0034223749999999996,7.0,1.5941534122052272,-1.0808447866419295,0.007231790867624131,0.0012718852038241717,-0.0012718852038241717,0.0,0.0684475,0.0,0.0,0.0,0.0,0.0,0.0,0.0,0.0,0.0,0.0,0.0,0.0
0.023956624999999995,0.0034223749999999996,7.0,1.5767442656375092,-1.0634356400742115,0.007231790867624131,0.0014096910913551784,-0.0014096910913551784,0.0,0.0684475,0.0,0.0,0.0,0.0,0.0,0.0,0.0,0.0,0.0,0.0,0.0,0.0
0.023956624999999995,0.0034223749999999996,7.0,1.5585039131328708,-1.0451952875695731,0.007231790867624131,0.0015519165406017977,-0.0015519165406017977,0.0,0.0684475,0.0,0.0,0.0,0.0,0.0,0.0,0.0,0.0,0.0,0.0,0.0,0.0
0.023956624999999995,0.0034223749999999996,7.0,1.5394323546913125,-1.0261237291280147,0.007231790867624131,0.0016978319501588892,-0.0016978319501588892,0.0,0.0684475,0.0,0.0,0.0,0.0,0.0,0.0,0.0,0.0,0.0,0.0,0.0,0.0
0.023956624999999995,0.0034223749999999996,7.0,1.5195295903128339,-1.0062209647495362,0.007231790867624131,0.0018467133277947029,-0.0018467133277947029,0.0,0.0684475,0.0,0.0,0.0,0.0,0.0,0.0,0.0,0.0,0.0,0.0,0.0,0.0
0.023956624999999995,0.0034223749999999996,7.0,1.4987956199974348,-0.9854869944341371,0.007231790867624131,0.0019978652232380176,-0.0019978652232380176,0.0,0.0684475,0.0,0.0,0.0,0.0,0.0,0.0,0.0,0.0,0.0,0.0,0.0,0.0
0.023956624999999995,0.0034223749999999996,7.0,1.4772304437451158,-0.9639218181818181,0.007231790867624131,0.002150639420897207,-0.002150639420897207,0.0,0.0684475,0.0,0.0,0.0,0.0,0.0,0.0,0.0,0.0,0.0,0.0,0.0,0.0
0.023956624999999995,0.0034223749999999996,7.0,1.4548340615558766,-0.9415254359925787,0.007231790867624131,0.00230447175319223,-0.002304471753192253,0.0,0.0684475,0.0,0.0,0.0,0.0,0.0,0.0,0.0,0.0,0.0,0.0,0.0,0.0
0.023956624999999995,0.0034223749999999996,7.0,1.431606473429717,-0.9182978478664192,0.007231790867624131,0.0024588180676867713,-0.002458818067686748,0.0,0.0684475,0.0,0.0,0.0,0.0,0.0,0.0,0.0,0.0,0.0,0.0,0.0,0.0
0.023956624999999995,0.0034223749999999996,7.0,1.407547679366637,-0.8942390538033395,0.007231790867624131,0.0026129969732219664,-0.0026129969732219547,0.0,0.0684475,0.0,0.0,0.0,0.0,0.0,0.0,0.0,0.0,0.0,0.0,0.0,0.0
0.023956624999999995,0.0034223749999999996,7.0,1.3826576793666372,-0.8693490538033395,0.007231790867624131,0.0027666411336921505,-0.0027666411336921626,0.0,0.0684475,0.0,0.0,0.0,0.0,0.0,0.0,0.0,0.0,0.0,0.0,0.0,0.0
0.023956624999999995,0.0034223749999999996,7.0,1.3569364734297171,-0.8436278478664192,0.007231790867624131,0.00291935750231261,-0.002919357502312635,0.0,0.0684475,0.0,0.0,0.0,0.0,0.0,0.0,0.0,0.0,0.0,0.0,0.0,0.0
0.023956624999999995,0.0034223749999999996,7.0,1.3303840615558766,-0.8170754359925788,0.007231790867624131,0.0030707004847213473,-0.0030707004847213347,0.0,0.0684475,0.0,0.0,0.0,0.0,0.0,0.0,0.0,0.0,0.0,0.0,0.0,0.0
0.023956624999999995,0.0034223749999999996,7.0,1.303000443745116,-0.7896918181818181,0.007231790867624131,0.0032201391578573907,-0.0032201391578573907,0.0,0.0684475,0.0,0.0,0.0,0.0,0.0,0.0,0.0,0.0,0.0,0.0,0.0,0.0
0.023956624999999995,0.0034223749999999996,7.0,1.274785619997435,-0.7614769944341372,0.007231790867624131,0.0033670603616412125,-0.0033670603616412125,0.0,0.0684475,0.0,0.0,0.0,0.0,0.0,0.0,0.0,0.0,0.0,0.0,0.0,0.0
0.023956624999999995,0.0034223749999999996,7.0,1.2457395903128339,-0.7324309647495361,0.007231790867624131,0.003510802290052647,-0.003510802290052647,0.0,0.0684475,0.0,0.0,0.0,0.0,0.0,0.0,0.0,0.0,0.0,0.0,0.0,0.0
0.023956624999999995,0.0034223749999999996,7.0,1.2158623546913125,-0.7025537291280147,0.007231790867624131,0.0036506601624847856,-0.0036506601624847856,0.0,0.0684475,0.0,0.0,0.0,0.0,0.0,0.0,0.0,0.0,0.0,0.0,0.0,0.0
0.023956624999999995,0.0034223749999999996,7.0,1.185153913132871,-0.6718452875695733,0.007231790867624131,0.0037858196654226507,-0.0037858196654226373,0.0,0.0684475,0.0,0.0,0.0,0.0,0.0,0.0,0.0,0.0,0.0,0.0,0.0,0.0
0.023956624999999995,0.0034223749999999996,7.0,1.1536142656375092,-0.6403056400742115,0.007231790867624131,0.003915237152408654,-0.003915237152408654,0.0,0.0684475,0.0,0.0,0.0,0.0,0.0,0.0,0.0,0.0,0.0,0.0,0.0,0.0
0.023956624999999995,0.0034223749999999996,7.0,1.1212434122052273,-0.6079347866419293,0.007231790867624131,0.004037590712639424,-0.0040375907126394515,0.0,0.0684475,0.0,0.0,0.0,0.0,0.0,0.0,0.0,0.0,0.0,0.0,0.0,0.0
0.023956624999999995,0.0034223749999999996,7.0,1.088041352836025,-0.5747327272727272,0.007231790867624131,0.004150447664578419,-0.004150447664578419,0.0,0.0684475,0.0,0.0,0.0,0.0,0.0,0.0,0.0,0.0,0.0,0.0,0.0,0.0
0.023956624999999995,0.0034223749999999996,7.0,1.0540080875299025,-0.5406994619666047,0.007231790867624131,0.004250864476528766,-0.004250864476528752,0.0,0.0684475,0.0,0.0,0.0,0.0,0.0,0.0,0.0,0.0,0.0,0.0,0.0,0.0
0.023956624999999995,0.0034223749999999996,7.0,1.01914361628686,-0.505834990723562,0.007231790867624131,0.004335041704691485,-0.004335041704691499,0.0,0.0684475,0.0,0.0,0.0,0.0,0.0,0.0,0.0,0.0,0.0,0.0,0.0,0.0
0.023956624999999995,0.0034223749999999996,7.0,0.983447939106897,-0.47013931354359917,0.007231790867624131,0.004398156473610375,-0.004398156473610375,0.0,0.0684475,0.0,0.0,0.0,0.0,0.0,0.0,0.0,0.0,0.0,0.0,0.0,0.0
0.023956624999999995,0.0034223749999999996,7.0,0.946921055990014,-0.43361243042671616,0.007231790867624131,0.004434472080931497,-0.004434472080931497,0.0,0.0684475,0.0,0.0,0.0,0.0,0.0,0.0,0.0,0.0,0.0,0.0,0.0,0.0
0.023956624999999995,0.0034223749999999996,7.0,0.9095629669362105,-0.3962543413729129,0.007231790867624131,0.004437933354446664,-0.004437933354446644,0.0,0.0684475,0.0,0.0,0.0,0.0,0.0,0.0,0.0,0.0,0.0,0.0,0.0,0.0
0.023956624999999995,0.0034223749999999996,7.0,0.8713736719454871,-0.3580650463821893,0.007231790867624131,0.0044043688533839925,-0.0044043688533840115,0.0,0.0684475,0.0,0.0,0.0,0.0,0.0,0.0,0.0,0.0,0.0,0.0,0.0,0.0
0.023956624999999995,0.0034223749999999996,7.0,0.8323531710178432,-0.3190445454545454,0.007231790867624131,0.004335876683826244,-0.004335876683826244,0.0,0.0684475,0.0,0.0,0.0,0.0,0.0,0.0,0.0,0.0,0.0,0.0,0.0,0.0
0.023956624999999995,0.0034223749999999996,7.0,0.7925014641532792,-0.27919283858998134,0.007231790867624131,0.004245141579039062,-0.004245141579039062,0.0,0.0684475,0.0,0.0,0.0,0.0,0.0,0.0,0.0,0.0,0.0,0.0,0.0,0.0
0.023956624999999995,0.0034223749999999996,7.0,0.7518185513517949,-0.23850992578849706,0.007231790867624131,0.004152665355596668,-0.004152665355596668,0.0,0.0684475,0.0,0.0,0.0,0.0,0.0,0.0,0.0,0.0,0.0,0.0,0.0,0.0
0.023956624999999995,0.0034223749999999996,7.0,0.7103044326133904,-0.19699580705009268,0.007231790867624131,0.004068911420768009,-0.004068911420767998,0.0,0.0684475,0.0,0.0,0.0,0.0,0.0,0.0,0.0,0.0,0.0,0.0,0.0,0.0
0.023956624999999995,0.0034223749999999996,7.0,0.6679591079380657,-0.15465048237476808,0.007231790867624131,0.003973841156438988,-0.003973841156438978,0.0,0.0684475,0.0,0.0,0.0,0.0,0.0,0.0,0.0,0.0,0.0,0.0,0.0,0.0
0.023956624999999995,0.0034223749999999996,7.0,0.6247825773258209,-0.11147395176252317,0.007231790867624131,0.0038356561974929398,-0.0038356561974929493,0.0,0.0684475,0.0,0.0,0.0,0.0,0.0,0.0,0.0,0.0,0.0,0.0,0.0,0.0
0.023956624999999995,0.0034223749999999996,7.0,0.5807748407766559,-0.06746621521335805,0.007231790867624131,0.003664226077164775,-0.003664226077164784,0.0,0.0684475,0.0,0.0,0.0,0.0,0.0,0.0,0.0,0.0,0.0,0.0,0.0,0.0
0.023956624999999995,0.0034223749999999996,7.0,0.5359358982905705,-0.022627272727272718,0.007231790867624131,0.0035241027146631367,-0.0035241027146631367,0.0,0.0684475,0.0,0.0,0.0,0.0,0.0,0.0,0.0,0.0,0.0,0.0,0.0,0.0
0.023956624999999995,0.0034223749999999996,7.0,0.5359358982905705,0.02262727272727273,0.007231790867624131,0.0,-0.0035349317326315226,0.0,0.0684475,0.0,0.0,0.0,0.0,0.0,0.0,0.0,0.0,0.0,0.0,0.0,0.0
0.023956624999999995,0.0034223749999999996,7.0,0.5807748407766559,0.06746621521335806,0.007231790867624131,-0.0036638432035874086,-0.0036638432035874086,0.0,0.0684475,0.0,0.0,0.0,0.0,0.0,0.0,0.0,0.0,0.0,0.0,0.0,0.0
0.023956624999999995,0.0034223749999999996,7.0,0.624782577325821,0.1114739517625232,0.007231790867624131,-0.0037840651286659152,-0.003784065128665916,0.0,0.0684475,0.0,0.0,0.0,0.0,0.0,0.0,0.0,0.0,0.0,0.0,0.0,0.0
0.023956624999999995,0.0034223749999999996,7.0,0.6679591079380659,0.15465048237476808,0.007231790867624131,-0.0038692184469565263,-0.0038692184469565237,0.0,0.0684475,0.0,0.0,0.0,0.0,0.0,0.0,0.0,0.0,0.0,0.0,0.0,0.0
0.023956624999999995,0.0034223749999999996,7.0,0.7103044326133906,0.19699580705009279,0.007231790867624131,-0.00393323812900995,-0.00393323812900995,0.0,0.0684475,0.0,0.0,0.0,0.0,0.0,0.0,0.0,0.0,0.0,0.0,0.0,0.0
0.023956624999999995,0.0034223749999999996,7.0,0.7518185513517949,0.23850992578849722,0.007231790867624131,-0.004025720686511291,-0.004025720686511308,0.0,0.0684475,0.0,0.0,0.0,0.0,0.0,0.0,0.0,0.0,0.0,0.0,0.0,0.0
0.023956624999999995,0.0034223749999999996,7.0,0.7925014641532792,0.27919283858998145,0.007231790867624131,-0.004160206898257638,-0.004160206898257632,0.0,0.0684475,0.0,0.0,0.0,0.0,0.0,0.0,0.0,0.0,0.0,0.0,0.0,0.0
0.023956624999999995,0.0034223749999999996,7.0,0.8323531710178432,0.3190445454545454,0.007231790867624131,-0.004306651405518231,-0.004306651405518219,0.0,0.0684475,0.0,0.0,0.0,0.0,0.0,0.0,0.0,0.0,0.0,0.0,0.0,0.0
0.023956624999999995,0.0034223749999999996,7.0,0.8713736719454869,0.35806504638218917,0.007231790867624131,-0.004427805808905363,-0.004427805808905376,0.0,0.0684475,0.0,0.0,0.0,0.0,0.0,0.0,0.0,0.0,0.0,0.0,0.0,0.0
0.023956624999999995,0.0034223749999999996,7.0,0.9095629669362105,0.39625434137291277,0.007231790867624131,-0.004502511881086154,-0.004502511881086148,0.0,0.0684475,0.0,0.0,0.0,0.0,0.0,0.0,0.0,0.0,0.0,0.0,0.0,0.0
0.023956624999999995,0.0034223749999999996,7.0,0.9469210559900139,0.43361243042671616,0.007231790867624131,-0.004527050289211734,-0.00452705028921174,0.0,0.0684475,0.0,0.0,0.0,0.0,0.0,0.0,0.0,0.0,0.0,0.0,0.0,0.0
0.023956624999999995,0.0034223749999999996,7.0,0.9834479391068969,0.4701393135435992,0.007231790867624131,-0.004507807562215288,-0.004507807562215295,0.0,0.0684475,0.0,0.0,0.0,0.0,0.0,0.0,0.0,0.0,0.0,0.0,0.0,0.0
0.023956624999999995,0.0034223749999999996,7.0,1.0191436162868597,0.5058349907235621,0.007231790867624131,-0.004454348063474156,-0.004454348063474177,0.0,0.0684475,0.0,0.0,0.0,0.0,0.0,0.0,0.0,0.0,0.0,0.0,0.0,0.0
0.023956624999999995,0.0034223749999999996,7.0,1.0540080875299025,0.5406994619666048,0.007231790867624131,-0.004375562393968252,-0.004375562393968238,0.0,0.0684475,0.0,0.0,0.0,0.0,0.0,0.0,0.0,0.0,0.0,0.0,0.0,0.0
0.023956624999999995,0.0034223749999999996,7.0,1.088041352836025,0.5747327272727272,0.007231790867624131,-0.004278388275020008,-0.00427838827501998,0.0,0.0684475,0.0,0.0,0.0,0.0,0.0,0.0,0.0,0.0,0.0,0.0,0.0,0.0
0.023956624999999995,0.0034223749999999996,7.0,1.1212434122052273,0.6079347866419293,0.007231790867624131,-0.004167795118657572,-0.004167795118657572,0.0,0.0684475,0.0,0.0,0.0,0.0,0.0,0.0,0.0,0.0,0.0,0.0,0.0,0.0
0.023956624999999995,0.0034223749999999996,7.0,1.1536142656375092,0.6403056400742114,0.007231790867624131,-0.004047303979135922,-0.004047303979135936,0.0,0.0684475,0.0,0.0,0.0,0.0,0.0,0.0,0.0,0.0,0.0,0.0,0.0,0.0
0.023956624999999995,0.0034223749999999996,7.0,1.185153913132871,0.6718452875695733,0.007231790867624131,-0.0039196440360051415,-0.003919644036005155,0.0,0.0684475,0.0,0.0,0.0,0.0,0.0,0.0,0.0,0.0,0.0,0.0,0.0,0.0
0.023956624999999995,0.0034223749999999996,7.0,1.2158623546913125,0.7025537291280148,0.007231790867624131,-0.00378623178451479,-0.00378623178451479,0.0,0.0684475,0.0,0.0,0.0,0.0,0.0,0.0,0.0,0.0,0.0,0.0,0.0,0.0
0.023956624999999995,0.0034223749999999996,7.0,1.2457395903128339,0.7324309647495362,0.007231790867624131,-0.0036480963080395786,-0.0036480963080395786,0.0,0.0684475,0.0,0.0,0.0,0.0,0.0,0.0,0.0,0.0,0.0,0.0,0.0,0.0
0.023956624999999995,0.0034223749999999996,7.0,1.274785619997435,0.7614769944341373,0.007231790867624131,-0.0035059470496162327,-0.0035059470496162327,0.0,0.0684475,0.0,0.0,0.0,0.0,0.0,0.0,0.0,0.0,0.0,0.0,0.0,0.0
0.023956624999999995,0.0034223749999999996,7.0,1.303000443745116,0.7896918181818181,0.007231790867624131,-0.0033603071244104766,-0.0033603071244104636,0.0,0.0684475,0.0,0.0,0.0,0.0,0.0,0.0,0.0,0.0,0.0,0.0,0.0,0.0
0.023956624999999995,0.0034223749999999996,7.0,1.3303840615558764,0.8170754359925787,0.007231790867624131,-0.0032116152104355146,-0.0032116152104355276,0.0,0.0684475,0.0,0.0,0.0,0.0,0.0,0.0,0.0,0.0,0.0,0.0,0.0,0.0
0.023956624999999995,0.0034223749999999996,7.0,1.356936473429717,0.8436278478664192,0.007231790867624131,-0.0030602878114937785,-0.0030602878114937785,0.0,0.0684475,0.0,0.0,0.0,0.0,0.0,0.0,0.0,0.0,0.0,0.0,0.0,0.0
0.023956624999999995,0.0034223749999999996,7.0,1.3826576793666372,0.8693490538033395,0.007231790867624131,-0.0029067510237689234,-0.0029067510237689234,0.0,0.0684475,0.0,0.0,0.0,0.0,0.0,0.0,0.0,0.0,0.0,0.0,0.0,0.0
0.023956624999999995,0.0034223749999999996,7.0,1.407547679366637,0.8942390538033393,0.007231790867624131,-0.002751454471463719,-0.002751454471463719,0.0,0.0684475,0.0,0.0,0.0,0.0,0.0,0.0,0.0,0.0,0.0,0.0,0.0,0.0
0.023956624999999995,0.0034223749999999996,7.0,1.431606473429717,0.9182978478664192,0.007231790867624131,-0.0025948720012762315,-0.0025948720012762315,0.0,0.0684475,0.0,0.0,0.0,0.0,0.0,0.0,0.0,0.0,0.0,0.0,0.0,0.0
0.023956624999999995,0.0034223749999999996,7.0,1.4548340615558766,0.9415254359925788,0.007231790867624131,-0.0024375011954241867,-0.002437501195424175,0.0,0.0684475,0.0,0.0,0.0,0.0,0.0,0.0,0.0,0.0,0.0,0.0,0.0,0.0
0.023956624999999995,0.0034223749999999996,7.0,1.4772304437451158,0.9639218181818181,0.007231790867624131,-0.00227999729487538,-0.0022799972948753912,0.0,0.0684475,0.0,0.0,0.0,0.0,0.0,0.0,0.0,0.0,0.0,0.0,0.0,0.0
0.023956624999999995,0.0034223749999999996,7.0,1.4987956199974348,0.9854869944341373,0.007231790867624131,-0.0021230688723947217,-0.0021230688723947438,0.0,0.0684475,0.0,0.0,0.0,0.0,0.0,0.0,0.0,0.0,0.0,0.0,0.0,0.0
0.023956624999999995,0.0034223749999999996,7.0,1.5195295903128339,1.0062209647495362,0.007231790867624131,-0.00196733284835735,-0.001967332848357329,0.0,0.0684475,0.0,0.0,0.0,0.0,0.0,0.0,0.0,0.0,0.0,0.0,0.0,0.0
0.023956624999999995,0.0034223749999999996,7.0,1.5394323546913125,1.0261237291280147,0.007231790867624131,-0.0018134877536911589,-0.0018134877536911589,0.0,0.0684475,0.0,0.0,0.0,0.0,0.0,0.0,0.0,0.0,0.0,0.0,0.0,0.0
0.023956624999999995,0.0034223749999999996,7.0,1.5585039131328708,1.0451952875695731,0.007231790867624131,-0.0016622739862932282,-0.0016622739862932282,0.0,0.0684475,0.0,0.0,0.0,0.0,0.0,0.0,0.0,0.0,0.0,0.0,0.0,0.0
0.023956624999999995,0.0034223749999999996,7.0,1.576744265637509,1.0634356400742113,0.007231790867624131,-0.0015144583234973715,-0.0015144583234973715,0.0,0.0684475,0.0,0.0,0.0,0.0,0.0,0.0,0.0,0.0,0.0,0.0,0.0,0.0
0.023956624999999995,0.0034223749999999996,7.0,1.594153412205227,1.0808447866419293,0.007231790867624131,-0.0013708131014727812,-0.0013708131014727812,0.0,0.0684475,0.0,0.0,0.0,0.0,0.0,0.0,0.0,0.0,0.0,0.0,0.0,0.0
0.023956624999999995,0.0034223749999999996,7.0,1.610731352836025,1.0974227272727273,0.007231790867624131,-0.0012321421257125195,-0.0012321421257125195,0.0,0.0684475,0.0,0.0,0.0,0.0,0.0,0.0,0.0,0.0,0.0,0.0,0.0,0.0
0.023956624999999995,0.0034223749999999996,7.0,1.6264780875299023,1.1131694619666046,0.007231790867624131,-0.0010991493696977058,-0.0010991493696977058,0.0,0.0684475,0.0,0.0,0.0,0.0,0.0,0.0,0.0,0.0,0.0,0.0,0.0,0.0
0.023956624999999995,0.0034223749999999996,7.0,1.6413936162868599,1.128084990723562,0.007231790867624131,-0.0009725275800175401,-0.0009725275800175257,0.0,0.0684475,0.0,0.0,0.0,0.0,0.0,0.0,0.0,0.0,0.0,0.0,0.0,0.0
0.023956624999999995,0.0034223749999999996,7.0,1.6554779391068968,1.142169313543599,0.007231790867624131,-0.0008528829771322538,-0.0008528829771322673,0.0,0.0684475,0.0,0.0,0.0,0.0,0.0,0.0,0.0,0.0,0.0,0.0,0.0,0.0
0.023956624999999995,0.0034223749999999996,7.0,1.668731055990014,1.1554224304267162,0.007231790867624131,-0.000740719303280689,-0.000740719303280689,0.0,0.0684475,0.0,0.0,0.0,0.0,0.0,0.0,0.0,0.0,0.0,0.0,0.0,0.0
0.023956624999999995,0.0034223749999999996,7.0,1.6811529669362104,1.1678443413729127,0.007231790867624131,-0.0006364211748094458,-0.0006364211748094458,0.0,0.0684475,0.0,0.0,0.0,0.0,0.0,0.0,0.0,0.0,0.0,0.0,0.0,0.0
0.023956624999999995,0.0034223749999999996,7.0,1.692743671945487,1.179435046382189,0.007231790867624131,-0.0005402429099874783,-0.0005402429099874679,0.0,0.0684475,0.0,0.0,0.0,0.0,0.0,0.0,0.0,0.0,0.0,0.0,0.0,0.0
0.023956624999999995,0.0034223749999999996,7.0,1.7035031710178432,1.1901945454545453,0.007231790867624131,-0.0004523035413157327,-0.0004523035413157327,0.0,0.0684475,0.0,0.0,0.0,0.0,0.0,0.0,0.0,0.0,0.0,0.0,0.0,0.0
0.023956624999999995,0.0034223749999999996,7.0,1.713431464153279,1.2001228385899814,0.007231790867624131,-0.0003725875325730485,-0.00037258753257305685,0.0,0.0684475,0.0,0.0,0.0,0.0,0.0,0.0,0.0,0.0,0.0,0.0,0.0,0.0
0.023956624999999995,0.0034223749999999996,7.0,1.7225285513517947,1.209219925788497,0.007231790867624131,-0.0003009495683059157,-0.0003009495683059157,0.0,0.0684475,0.0,0.0,0.0,0.0,0.0,0.0,0.0,0.0,0.0,0.0,0.0,0.0
0.023956624999999995,0.0034223749999999996,7.0,1.7307944326133902,1.2174858070500925,0.007231790867624131,-0.00023711988519990526,-0.00023711988519990526,0.0,0.0684475,0.0,0.0,0.0,0.0,0.0,0.0,0.0,0.0,0.0,0.0,0.0,0.0
0.023956624999999995,0.0034223749999999996,7.0,1.7382291079380656,1.224920482374768,0.007231790867624131,-0.00018070275812506376,-0.00018070275812506376,0.0,0.0684475,0.0,0.0,0.0,0.0,0.0,0.0,0.0,0.0,0.0,0.0,0.0,0.0
0.023956624999999995,0.0034223749999999996,7.0,1.7448325773258209,1.2315239517625232,0.007231790867624131,-0.00013113442412295912,-0.00013113442412295912,0.0,0.0684475,0.0,0.0,0.0,0.0,0.0,0.0,0.0,0.0,0.0,0.0,0.0,0.0
0.023956624999999995,0.0034223749999999996,7.0,1.7506048407766557,1.237296215213358,0.007231790867624131,-8.754508112035844e-5,-8.754508112035844e-5,0.0,0.0684475,0.0,0.0,0.0,0.0,0.0,0.0,0.0,0.0,0.0,0.0,0.0,0.0
0.023956624999999995,0.0034223749999999996,7.0,1.7555458982905703,1.2422372727272726,0.007231790867624131,-4.797287578298389e-5,-4.797287578298389e-5,0.0,0.0684475,0.0,0.0,0.0,0.0,0.0,0.0,0.0,0.0,0.0,0.0,0.0,0.0
