t,dt,step,x,y,z,Gamma_x,Gamma_y,Gamma_z,sigma,U_ref_x,U_ref_y,U_ref_z,Gx_ref_x,Gx_ref_y,Gx_ref_z,Gy_ref_x,Gy_ref_y,Gy_ref_z,Gz_ref_x,Gz_ref_y,Gz_ref_z
0.020534249999999997,0.0034223749999999996,6.0,1.9090383766358667,-1.2454460376186913,0.08549964689618321,-0.0018049903243870047,-0.008298619052241182,-0.0029030278582342305,0.06856413674593707,-0.5665237526095787,-0.2491645083998654,0.8906372372508896,4.193575986927117,-4.18098147477589,13.539746844222522,1.9280797282539264,-2.109011435278633,6.367000879620368,-18.472585430927424,-1.2711377870553595,-2.0845645516484783
0.020534249999999997,0.0034223749999999996,6.0,1.9047404243726973,-1.240663982037131,0.08477778033347283,-0.001061606885593887,-0.004549790657482829,-0.0015953929484268012,0.06856492968885929,-0.5593280165471416,-0.2387806121840351,0.8585108899614223,4.133872870288127,-4.614539149299364,15.073714841243973,2.3706377755629253,-2.0944252245404535,6.239261450991273,-19.772734796843626,-1.4000721807501715,-2.039447645747677
0.020534249999999997,0.0034223749999999996,6.0,1.8997042244975049,-1.2349772141936504,0.08383434260896448,-0.0008873033971127342,-0.0037372404222987036,-0.0013005470438085937,0.06856543506762049,-0.5451037862889062,-0.22450509592822382,0.8140638737723749,4.047530652032616,-5.0341389956837554,16.65526428867245,2.817100197611706,-2.0814265261256035,6.180845663562747,-21.08843645011914,-1.6267165765770615,-1.9661041259070042
0.020534249999999997,0.0034223749999999996,6.0,1.8939532860115171,-1.2283756850605836,0.08263401676804934,-0.0007956536250992591,-0.00336206965002039,-0.0011536925480590092,0.06856486582666607,-0.5207773395586229,-0.20542929616280292,0.7545889058558227,3.9325020381460094,-5.483771939192517,18.428761864018067,3.314198317911943,-2.0743544568397243,6.202579996163292,-22.579036760485284,-1.934542869245326,-1.8581475813062858
0.020534249999999997,0.0034223749999999996,6.0,1.8875101753856556,-1.2208510846653544,0.08114679614229721,-0.0007228461573397266,-0.0031309826902904915,-0.0010517100102324926,0.06856260056753258,-0.48299449286020824,-0.18062102048851664,0.6776353772578397,3.7915765913707973,-5.95102246928256,20.37577652810938,3.8468046513704177,-2.0791928943313844,6.361896099841539,-24.248001000718695,-2.337888632368174,-1.7123836970394128
0.020534249999999997,0.0034223749999999996,6.0,1.8803921401285213,-1.2123986680277965,0.07935471655289304,-0.000649227130146119,-0.00295934538938635,-0.0009646577762898828,0.06855804581393615,-0.42856353483246956,-0.1492049746198444,0.581488997375527,3.6341833229388167,-6.411909115515605,22.4433743596214,4.380131963240501,-2.1031680529870584,6.738128112077992,-26.07009556876962,-2.8570849069817474,-1.5310152699517583
0.020534249999999997,0.0034223749999999996,6.0,1.8726055761017844,-1.2030191528416763,0.07725900365370891,-0.0005671760929940643,-0.00281275007947246,-0.0008807162066527583,0.0685507639044592,-0.35512917861914983,-0.11045960482411343,0.4657263178430529,3.4770667635897894,-6.8352981148804055,24.5550065062663,4.863182587346892,-2.1538516994867942,7.425249928491033,-27.99946687282462,-3.5161049430099154,-1.3232150641029925
0.020534249999999997,0.0034223749999999996,6.0,1.864140497695665,-1.1927203219330456,0.07488583014673995,-0.000474636065846034,-0.0026742977725504103,-0.0007948505224247512,0.06854068120703323,-0.2619898246257935,-0.06393017543114331,0.3317460119247768,3.3429064501845858,-7.185830214423967,26.61783392032162,5.234391611683931,-2.23786464969223,8.519094404869332,-29.972997877924694,-4.341479776127354,-1.105041800492356
0.020534249999999997,0.0034223749999999996,6.0,1.8549670154616713,-1.1815178881355548,0.07228836414073109,-0.00037329798041212884,-0.002534979192409883,-0.0007054635075125079,0.06852830445885587,-0.15083599525555438,-0.009562731812528338,0.18313900665766275,3.256339959036153,-7.427616830210911,28.533809700996667,5.433005563870944,-2.359363380634865,10.097562871534732,-31.917159320096236,-5.3607307040912,-0.8969765784012866
0.020534249999999997,0.0034223749999999996,6.0,1.8450361136886857,-1.1694351888648566,0.06954311249652838,-0.00026773916244872723,-0.002390448118047631,-0.000613168348648322,0.06851481725002352,-0.026087344370913437,0.05214040258178626,0.025750363868728764,3.2377487209911444,-7.528731648867908,30.21482795049356,5.415078167219424,-2.51841905297906,12.196670234590401,-33.75912154407588,-6.599594790090023,-0.719329668012082
0.020534249999999997,0.0034223749999999996,6.0,1.8342861020008188,-1.1565013947878806,0.06674007558238941,-0.00016438867117271816,-0.0022399088602413353,-0.0005201547128662985,0.06850189598195944,0.10546170530165855,0.11997043967080834,-0.13268178642936612,3.296318214297405,-7.466125551072605,31.599648804681937,5.169138250259015,-2.7092921585314906,14.789184645966017,-35.43938621956455,-8.077656733352823,-0.5870260557659199
0.020534249999999997,0.0034223749999999996,6.0,1.8226538703697537,-1.1427481988413983,0.06396868947956441,-6.997330104048822e-5,-0.0020854259984381396,-0.0004295756940827098,0.06849116179211702,0.23575377182531063,0.1919423850790229,-0.2833490387176705,3.4247812935239077,-7.230465173937626,32.668315700857505,4.72444160034317,-2.9188420951587113,17.77502375733564,-36.921244448341525,-9.802673559980951,-0.5059391983651987
0.020534249999999997,0.0034223749999999996,6.0,1.8100874432040583,-1.1282054662216758,0.06130388148977867,1.024829772819743e-5,-0.0019308162977176358,-0.0003447734952973657,0.06848342611052095,0.3570569399396735,0.2654100055110554,-0.41757680602281094,3.59831415202518,-6.830053954555894,33.44870314462346,4.14648451828319,-3.1260295951229202,20.991146751283804,-38.19332434905,-11.764927349767802,-0.47228455690225996
0.020534249999999997,0.0034223749999999996,6.0,1.7965550443387013,-1.1128969698051119,0.058797292872183306,7.369918328585103e-5,-0.0017800862679258223,-0.00026849010948235084,0.0684781729825735,0.46347662050375077,0.3374215807245339,-0.5281783336011397,3.778891526354395,-6.292375002377505,34.01089935546039,3.520161506066216,-3.30398419429002,24.242125818305514,-39.26508581838172,-13.933879038112822,-0.47490733206437385
0.020534249999999997,0.0034223749999999996,6.0,1.782047222600382,-1.0968376767386268,0.05647686126094667,0.00012058124413916094,-0.0016360785035739133,-0.0002023659493042847,0.06847371850097188,0.5518375487737485,0.4052384688781602,-0.6105985577399029,3.9242223252673467,-5.661581127392767,34.449186426790355,2.9272872833067387,-3.425292783876269,27.342803288794435,-40.158647673200996,-16.25937352881283,-0.4989295413910775
0.020534249999999997,0.0034223749999999996,6.0,1.7665720243822955,-1.08003358941839,0.05435412025856392,0.00015301246919792406,-0.0014999870939656882,-0.00014687697908034574,0.06846802751625425,0.6216822980062666,0.4668077680452893,-0.6634790782065771,3.998211073436544,-4.991366614963245,34.85717154147357,2.4278176155442135,-3.468986767390794,30.157077590724327,-40.90110500146744,-18.67810113211211,-0.5292243060457481
0.020534249999999997,0.0034223749999999996,6.0,1.7501465105780085,-1.062483937897393,0.05243495699999943,0.0001738659996160264,-0.0013717568713182689,-0.00010158949264986079,0.06845964501895804,0.6745471489400722,0.5209780913696549,-0.688452444416275,3.979089485622932,-4.334912689765286,35.3055457758539,2.0513396830805646,-3.4259694698410246,32.61778345365835,-41.51957006386178,-21.123529651421705,-0.5531200157819066
0.020534249999999997,0.0034223749999999996,6.0,1.73278811835874,-1.0441844560342652,0.05072861628214854,0.00018590367379134491,-0.0012508731851537075,-6.549346634817379e-5,0.06844825600119296,0.7129387594630933,0.5673967710052155,-0.6893088669574629,3.8625752649022815,-3.735301598335959,35.83076369794878,1.7995772405116135,-3.300255824953662,34.72231663578256,-42.03889421913806,-23.5357967081482,-0.5623194399486182
0.020534249999999997,0.0034223749999999996,6.0,1.7145116119808494,-1.025130787568068,0.04925444992081651,0.00019134075444909008,-0.0011366680043857597,-3.734197988364899e-5,0.06843425336265825,0.739328544109702,0.6061167883700179,-0.670821448562937,3.6598039094909303,-3.2195624980068906,36.437199390010704,1.6555264459575372,-3.1062918658792604,36.510941095545796,-42.48147116278973,-25.868569571846205,-0.553512043611673
0.020534249999999997,0.0034223749999999996,6.0,1.6953304817491466,-1.0053169134878466,0.04802553062754741,0.0001917361932620206,-0.0010292372044784343,-1.576805327270939e-5,0.06841876491523816,0.756270553591996,0.6376321527965315,-0.6375267260270913,3.3914369403120976,-2.798344290600854,37.10778690364066,1.5935654937712187,-2.8628850905205625,38.0402861899477,-42.86464931210178,-28.088616788044263,-0.5285518497915355
0.020534249999999997,0.0034223749999999996,6.0,1.675254869661648,-0.9847375466435908,0.047060947233977364,0.00018814214602853188,-0.0009287351806492874,5.156402804892092e-7,0.06840288606421038,0.7657112767268741,0.6622664742486869,-0.5929494042348676,3.0822129835145162,-2.467484047325777,37.8117727473687,1.5847074148921978,-2.590489712632348,39.36440081556698,-43.195970841687306,-30.174713194193206,-0.4917232708821654
0.020534249999999997,0.0034223749999999996,6.0,1.6542892704406897,-0.9633903760157561,0.04635764373568572,0.00018154671103852497,-0.000834959282356986,1.2599924821058977e-5,0.06838753311912248,0.7690132136117905,0.6808254797901531,-0.5423288586172983,2.756336423967976,-2.2135129344475972,38.54315263571246,1.6090101490723079,-2.3064674973150288,40.52521677807371,-43.50791900770476,-32.11930621393358,-0.44986892665294875
0.020534249999999997,0.0034223749999999996,6.0,1.6324455141993626,-0.9412680751119341,0.0459212638866245,0.00017256251529554491,-0.0007480161209977532,2.139617668467736e-5,0.06837312046979993,0.7673757753256852,0.6933926102974868,-0.48491249497572636,2.4342227227249413,-2.0173946879813043,39.272460536222425,1.6424745549936086,-2.0269903262320508,41.54191563610516,-43.79306166850529,-33.91157659940969,-0.40723239649288984
0.020534249999999997,0.0034223749999999996,6.0,1.609740031333762,-0.9183592839949816,0.04570932919844217,0.00016172082887506336,-0.0006676672425513469,2.7568530976658337e-5,0.06835956975348619,0.7628491535484871,0.7012984070451771,-0.4234283620046149,2.1310450472389197,-1.8606584967187336,39.993008372761594,1.6685373359987923,-1.7626118737667509,42.432508642393906,-44.06028430855927,-35.54586035017626,-0.3684331734721718
0.020534249999999997,0.0034223749999999996,6.0,1.5861738360731241,-0.8946603159965043,0.04569962681095701,0.00014957985009525005,-0.0005934193189652702,3.162306661264978e-5,0.06834715143559748,0.755986111594301,0.7049512152095969,-0.35999908561465155,1.8579015238768342,-1.7253061944381505,40.69889031159295,1.6758192787157817,-1.5214377232829903,43.20635412441648,-44.31694779560456,-37.02223066506902,-0.33646380059384456
0.020534249999999997,0.0034223749999999996,6.0,1.5617604226946995,-0.8701590775544658,0.045838121879823474,0.00013653728183998326,-0.0005246464074000891,3.3891512735582404e-5,0.06833549682281848,0.7482971025772169,0.7056389551073505,-0.29574842353539627,1.6200215613573188,-1.5988788467972637,41.382873553813575,1.6575369572805148,-1.3075023336234814,43.871582190767455,-44.563321743745334,-38.33861171887069,-0.3125192277338354
0.020534249999999997,0.0034223749999999996,6.0,1.536506230296007,-0.844847102543358,0.04607864317254535,0.00012295904237287722,-0.0004606470869779522,3.462761272349732e-5,0.06832445787819287,0.740640259853429,0.7043196587354235,-0.23200230347792175,1.4185589454019853,-1.4733245997766105,42.036089446497805,1.6124327836427443,-1.1220018279520532,44.43871071429827,-44.799349300628606,-39.49782666704076,-0.2965571174499327
0.020534249999999997,0.0034223749999999996,6.0,1.5104144944115068,-0.8187181904134219,0.0463816605162471,0.00010913747076608126,-0.00040074365300886466,3.404033727175828e-5,0.06831397574680058,0.7334866124880334,0.7017155337603369,-0.169915323537273,1.2513891643589192,-1.3452020293476756,42.647785032365,1.5437285913981684,-0.9636880711108669,44.92112224259016,-45.023661309653086,-40.50667535626109,-0.28770109324805077
0.020534249999999997,0.0034223749999999996,6.0,1.4834856548210291,-0.7917687556266416,0.046717869455978576,9.528819904569988e-5,-0.0003443350314677675,3.2319294487156625e-5,0.06830406864678093,0.7269293716669334,0.698238773860185,-0.11032093761240298,1.1145395015383741,-1.2146172744915706,43.20712689501499,1.4576350993309752,-0.8297420802468017,45.33375849513102,-45.2342620853145,-41.37555752766537,-0.2847974212915717
0.020534249999999997,0.0034223749999999996,6.0,1.4557182544031286,-0.7639975215576015,0.047068815432331226,8.155381099811012e-5,-0.0002909091667829434,2.9643781163548263e-5,0.06829479519350826,0.7207662830642477,0.6940019744965397,-0.05362452465446827,1.0035654755283927,-1.08379300823196,43.70570991282336,1.3617368399513043,-0.716665154906868,45.69101263359073,-45.429355142665756,-42.11741704033971,-0.2869003206215226
0.020534249999999997,0.0034223749999999996,6.0,1.4271099446521958,-0.7354048366985393,0.04742527641812494,6.801331177049458e-5,-0.00024002951525251484,2.6180354883845092e-5,0.0682861979548955,0.7146269908107453,0.688898983707202,0.0001937184883251922,0.9142247954627055,-0.9560573666813443,44.139834895611536,1.2639245933366368,-0.6206950821389491,46.004319267232,-45.60789079382331,-42.746220158945114,-0.29352971332375627
0.020534249999999997,0.0034223749999999996,6.0,1.3976581618960982,-0.7059917264629749,0.04778446203137425,5.4699095796450104e-5,-0.0001913185536328526,2.2074979968765724e-5,0.06827821494393779,0.7084324505248764,0.6826822789951593,0.05030579256908263,0.8424953192817175,-0.8356598549111278,44.51329084753926,1.1739099164217877,-0.5381211527468996,46.27312685953044,-45.77206245267428,-43.274807202390974,-0.30437416653481847
0.020534249999999997,0.0034223749999999996,6.0,1.3673615466058169,-0.6757595689905603,0.04814752179997451,4.159246796481388e-5,-0.00014439736559990538,1.7451188199383997e-5,0.06827080692560594,0.7014019487109503,0.675362452259604,0.09905227208547014,0.7828498987540802,-0.727918418274152,44.827221439509046,1.0947826404090257,-0.46400908527678597,46.50887190629603,-45.9133178394517,-43.71234797022992,-0.31884081347729526
0.020534249999999997,0.0034223749999999996,6.0,1.336222103483017,-0.6447064306193886,0.0485117924740355,2.8664919484514104e-5,-9.89081176665006e-5,1.2409687424562693e-5,0.06826388909381692,0.6940405292213317,0.6671975836967636,0.1460347882186086,0.731567051747412,-0.6371067114005817,45.08578161520467,1.0321714561516955,-0.39685055886140985,46.70149071935262,-46.02851128987012,-44.06215227577217,-0.33471649288600136
0.020534249999999997,0.0034223749999999996,6.0,1.3042450804517018,-0.6128286965808606,0.04887029769336632,1.5864908981130257e-5,-5.44684373472456e-5,7.0382549622221775e-6,0.06825771277423569,0.6869561261858852,0.6588044819575387,0.1919549925227743,0.6874721438496139,-0.564530474267934,45.285657987595066,0.9858025842492736,-0.3382332523720023,46.85106062777828,-46.110362989748126,-44.3245102847341,-0.3492388914776118
0.020534249999999997,0.0034223749999999996,6.0,1.271430255193659,-0.5801268753912328,0.04923122764134285,3.1257546486027986e-6,-1.0687568362989252e-5,1.412567842045272e-6,0.06825234414713874,0.6800285452669785,0.6500780337702569,0.23735451361210883,0.6519301280897958,-0.5090525993164291,45.42378487218229,0.9545293733531627,-0.29082545916922586,46.964542947196804,-46.15776864856531,-44.50397869229621,-0.36110466892056997
0.020534249999999997,0.0034223749999999996,6.0,1.2377701888138009,-0.5466084197653183,0.0496105126712706,8.857272641268522e-5,-6.579241783191109e-5,-6.293189488880296e-6,0.06826514201828128,0.6727384897270001,0.6404939505190197,0.2824793769839353,0.626123183903389,-0.4701923301047996,45.49406487295836,0.939864890940888,-0.25520378381351044,47.0430360012804,-46.166719706970866,-44.60011507622817,-0.37091940008987867
0.020534249999999997,0.0034223749999999996,6.0,1.2032684981048174,-0.5122727508591445,0.05001092916607054,0.00020714627730701975,-0.00015360179492962327,-1.4550451845334212e-5,0.06826858854176819,0.6653031445815291,0.6301665758945404,0.3286969146267852,0.608782649406457,-0.4511657793553414,45.50005387267284,0.9457471924304436,-0.23084768595855365,47.092989200213474,-46.13907760713054,-44.615897086932094,-0.37793496344790367
0.020534249999999997,0.0034223749999999996,6.0,1.167925069282965,-0.4771226659568227,0.05044399791107339,0.00032795388757912914,-0.0002427572452205384,-2.289465219737962e-5,0.06827184625262608,0.6577953506288204,0.6190270074049947,0.3772613840343349,0.5978934873641791,-0.4573813073413782,45.43766740249103,0.9784087822012583,-0.21684649275654952,47.116130588656375,-46.07152135008865,-44.54624350648303,-0.38104699460763053
0.020534249999999997,0.0034223749999999996,6.0,1.1317405592572933,-0.4411612117718604,0.05092557885485084,0.00045196662279629445,-0.0003339219232704924,-3.1564190767743695e-5,0.06827503514132414,0.6504756168167412,0.6071115255642113,0.42996034173647457,0.5911011658233903,-0.49647247421251883,45.29201345337082,1.0461220641217306,-0.21330378646421166,47.116442536632725,-45.956882188009544,-44.37772149430984,-0.3777973793591779
0.020534249999999997,0.0034223749999999996,6.0,1.09472172490543,-0.4043864113047133,0.05147025634934537,0.000580132525778693,-0.000427633906345305,-4.0879125443947425e-5,0.06827824059444013,0.6441695910214151,0.5948436578031536,0.4903737163177807,0.5867675301817672,-0.5773732089385717,45.03640451603118,1.1592751580560927,-0.22344632001923925,47.112948585658316,-45.790440542201246,-44.090242464521125,-0.36332121016252744
0.020534249999999997,0.0034223749999999996,6.0,1.0568519460833412,-0.3668234036368029,0.05215319964027595,0.0007132927906925323,-0.0005241877832068524,-5.1369073670990595e-5,0.06828149852177046,0.6374847774268281,0.5802686815731783,0.5623318145113877,0.5868398293866262,-0.7075074663649533,44.638238944668295,1.335424815960534,-0.251655180159212,47.15377021724822,-45.59165657444727,-43.667750538928644,-0.33518464922741487
0.020534249999999997,0.0034223749999999996,6.0,1.0181363660067448,-0.32848190567088015,0.05303559819780759,0.000851856936962669,-0.0006234727284222864,-6.393848192411643e-5,0.06828510927926916,0.630696065208776,0.5624324571587414,0.6552969173605135,0.5882573671707702,-0.898737011267654,44.06448094218529,1.6027750893623953,-0.3026914959257902,47.304574637640464,-45.400157706174326,-43.07029878839679,-0.2855658712449811
0.020534249999999997,0.0034223749999999996,6.0,0.978570972422431,-0.289389916316782,0.05423737388720637,0.0009950782094089458,-0.0007249038830576682,-8.023726696478322e-5,0.06829009175648072,0.6230732973778103,0.5385454589084864,0.7818883618224617,0.5836902695969198,-1.1611443601776323,43.29281309208442,1.9973321194651659,-0.38352586145602957,47.63647099625886,-45.30161445723239,-42.21306300211426,-0.20016440814089104
0.020534249999999997,0.0034223749999999996,6.0,0.938151738226768,-0.2495909836210928,0.05592810612663395,0.0011395614118310407,-0.0008275097310710587,-0.00010289964372567023,0.06829712898056718,0.6125533895919313,0.5036810810346841,0.9577096282203474,0.5909439068916216,-1.4694536613225875,42.34473377029431,2.5212466682844226,-0.5293038512809343,48.200480870645855,-45.46429840393946,-40.91568426845793,-0.061640055610688166
0.020534249999999997,0.0034223749999999996,6.0,0.8968686755854002,-0.20915814830342402,0.058285271200349764,0.0012753783242037578,-0.0009311960479791624,-0.00013513964935794477,0.06830206386255029,0.5916069458028752,0.44931904854855104,1.1931040217086881,0.7283393159507541,-1.7182696528322454,41.46498918261039,3.0599659284864416,-0.8269982769071136,48.90339774419198,-46.210965186089126,-38.83586315166991,0.09865896095635862
0.020534249999999997,0.0034223749999999996,6.0,0.8546946051061967,-0.16818761519843284,0.06126460090289008,0.0013757242253984415,-0.001040637170239789,-0.00017839134418651506,0.06828770014127636,0.5432628419326957,0.3683564220843199,1.461253040764755,1.2925493942844752,-1.7429842616259377,41.563071476724936,3.2988262934683146,-1.3843468861454822,49.08442587432335,-48.006373976311636,-35.34616757611547,0.09179749186100834
0.020534249999999997,0.0034223749999999996,6.0,0.8117727244874442,-0.12665670258897643,0.06371882623670015,0.0013740957999432617,-0.0011651139725173594,-0.00022515807067247605,0.06823641705649271,0.47451408878504836,0.283076382319828,1.6270406869844822,2.527506251204191,-1.4575760446595016,44.66581658525881,2.9517761205347184,-2.2521293386993833,46.460876415382366,-51.01779009434781,-29.440373211549463,-0.2753769125048036
0.020534249999999997,0.0034223749999999996,6.0,0.7693808262271287,-0.08420883332449927,0.06131801537017055,0.001154251667497313,-0.0012697730152258391,-0.0002457620056033595,0.0682187839003543,0.5830856468408366,0.26369564246338334,1.3795303727425194,4.040339681272883,-0.811206263514555,51.959355400403695,2.790361506639372,-3.770327397525947,36.10214999436338,-54.04354294148385,-20.394958963932925,-0.2700122837469342
0.020534249999999997,0.0034223749999999996,6.0,0.7300184366202594,-0.041070776747335794,0.0468318202516863,0.0007124318070786553,-0.0011529737098351749,-0.00018619734981724405,0.06827400161925976,1.3010988569391317,0.2634441110063988,0.38418228982750985,6.882342345815619,-0.13240357628781124,55.36817158761395,3.835040157647498,-6.788267320398652,16.57569780097424,-51.948005702090335,-9.691418865819875,-0.09407502541696908
0.020534249999999997,0.0034223749999999996,6.0,0.6889643039801435,0.0014909426541597527,0.02332954800120105,3.7325846818916925e-16,-5.569724030017217e-16,1.2961179389779471e-17,0.06753074674468208,2.081199602986336,0.07777792984731419,-1.2162664016944287,13.798820109423856,-1.161132975014964,37.797568346175964,1.5507720551657318,-8.059061566594535,1.5677785059476668,-36.62323108540662,-2.2252460107799052,-5.739758542829322
0.020534249999999997,0.0034223749999999996,6.0,0.729493287875631,0.041056447036491486,0.05236266757394461,-0.0005112362133479336,-0.0011168666500931993,9.078878924485194e-5,0.0684654875927817,1.2041720858976472,-0.3365676444403977,0.47621589145611287,6.821577304017634,-3.2102431296768335,55.30495988991641,0.6440888485726836,-6.188187955425393,-14.051865876440798,-52.62872507287826,3.9268755651472658,-0.633389348592242
0.020534249999999997,0.0034223749999999996,6.0,0.7690487662055806,0.08283647644739718,0.06919867571782505,-0.0010506440348207432,-0.0013009463545860392,0.00022047788530425843,0.06829007811934197,0.4984366326461637,-0.4219812382481584,1.5735618868378098,3.6190546740827734,-0.2653293637244236,51.75055152834013,-0.28109642422733355,-2.029149206441416,-35.068175263006125,-54.970489975448004,16.659344625377994,-1.5899054676413562
0.020534249999999997,0.0034223749999999996,6.0,0.8122001939727207,0.12542264224968402,0.06995004335119852,-0.0013465056001046739,-0.0011749031878877214,0.0002612727750511318,0.0683382498610153,0.4950642765048564,-0.4141036554184035,1.8455904361740672,1.5958703779296097,2.2772770836072485,44.23799725356593,-3.083680923347127,-0.6714763155456434,-46.928050926258784,-52.10631284991474,27.724561839278103,-0.9243940623839669
0.020534249999999997,0.0034223749999999996,6.0,0.8553416463708943,0.16721310017013205,0.0650578808112548,-0.0013706551428402532,-0.0010344732340300084,0.00022227073735029166,0.06838471825779356,0.6099347530649907,-0.4675510670608241,1.6282675485249578,0.29343530045219185,3.177922024680543,41.278907948584404,-4.590732670055071,-0.37953820315891956,-50.06356933981078,-48.83010685322676,34.78335913823873,0.0861029027067268
0.020534249999999997,0.0034223749999999996,6.0,0.89738061037083,0.2084223995587348,0.060381862595381725,-0.0012747524367999882,-0.0009246850039365537,0.00016738084918000855,0.06835997526535989,0.6491272048011413,-0.5199461057985716,1.2973618275749719,0.07903596532347996,3.0576247889724044,41.572564861394206,-4.382088039140748,-0.2990815750676961,-49.868723789413266,-46.900447346301185,38.88721384192326,0.22004560974421666
0.020534249999999997,0.0034223749999999996,6.0,0.9385034259326885,0.24904640409220857,0.05709417574847507,-0.0011390893314034637,-0.0008241552796797024,0.00012365177029614077,0.06832240815252051,0.6484257964248432,-0.5497174902772678,1.0200146005531485,0.31088554445065003,2.4729741328049744,42.803156249184376,-3.5019492269318175,-0.3265157314535795,-49.092865210263454,-46.207889806971494,41.32150096019104,0.01563018700292805
0.020534249999999997,0.0034223749999999996,6.0,0.9788308219217088,0.28896524014103875,0.0549320172349906,-0.0009942920848074416,-0.0007237337651262238,9.34196342495526e-5,0.06829794294844264,0.6433885590996828,-0.5678909148236543,0.822518145316404,0.5343932238854614,1.8369348148921618,43.96154849414364,-2.6388549516801074,-0.3720442405079657,-48.51256442485624,-46.13954955446036,42.81814615361045,-0.16234898337749679
0.020534249999999997,0.0034223749999999996,6.0,1.0183657173661695,0.3281148123093967,0.053478691855377555,-0.000851010517932559,-0.0006233023670453628,7.25860643024048e-5,0.06828544770200902,0.6439923886348075,-0.5834410305899452,0.6857503777091838,0.6474237941273874,1.337187606764417,44.82280086646852,-2.0018316918186754,-0.3868721986199429,-48.20110296889204,-46.30192961831899,43.774370655408106,-0.26055159550744594
0.020534249999999997,0.0034223749999999996,6.0,1.0570833815997065,0.36647524347540006,0.052446442418029496,-0.0007125291806363448,-0.00052439901551365,5.725942813856872e-5,0.06827911396039793,0.6494918639798335,-0.5987169045846407,0.5871302693437737,0.6810678146178838,0.9996120924714248,45.42135887941627,-1.5822627296165965,-0.37376126417777406,-48.07089742242146,-46.52030047733373,44.412314378077824,-0.3073065504401098
0.020534249999999997,0.0034223749999999996,6.0,1.09497068000671,0.4040373483314134,0.05165928693478426,-0.0005794575612451218,-0.0004279840350087012,4.49912567133201e-5,0.06827524129650303,0.6578026403485646,-0.6138097238819311,0.5113143158860864,0.678673111775502,0.789595785061345,45.830945091855824,-1.31858424143819,-0.3515210546771529,-48.03410721283516,-46.72597962507146,44.848740604838035,-0.3271520570983495
0.020534249999999997,0.0034223749999999996,6.0,1.1320086286615538,0.4408068183039618,0.05104254981354615,-0.00045138420217397134,-0.000334299778640048,3.4434892103786564e-5,0.06827218338657298,0.6662411053664319,-0.6272860315028521,0.44801076027333114,0.6677178008614342,0.6667248579115057,46.109058739833415,-1.1577741390477307,-0.332851853308021,-48.034477463803604,-46.9000208925992,45.14813490184701,-0.3348659475534132
0.020534249999999997,0.0034223749999999996,6.0,1.1682093992756166,0.47676330200923106,0.050512333772947476,-0.0003274986233984324,-0.00024308630559260398,2.481558590246415e-5,0.06826925346942644,0.6753223071677315,-0.6401778703177604,0.39341503609605905,0.6596330047485387,0.6026805386746404,46.28879189005615,-1.0627435400210374,-0.32520156531906563,-48.03693353411901,-47.031052291953756,45.33599104673399,-0.3344314394294736
0.020534249999999997,0.0034223749999999996,6.0,1.2035656561774373,0.5119099528409355,0.05004853963592306,-0.00020684577310324499,-0.00015383403150059103,1.569184495510745e-5,0.06826615595535743,0.6840461444739924,-0.6518722874345877,0.3438390105820918,0.659672750166191,0.5789506577700866,46.39285051116615,-1.0127539156518446,-0.3296606744804588,-48.02631243122776,-47.12383807202897,45.4333374178258,-0.33001207568573226
0.020534249999999997,0.0034223749999999996,6.0,1.2380774500353644,0.5462434967486833,0.049630655395671554,-8.844076995503011e-5,-6.58994121365197e-5,6.759512633583032e-6,0.06826277682577772,0.6922333821109374,-0.6623967075834473,0.29741359067090484,0.6692137635445814,0.5849871468602239,46.43507513211146,-0.9957476152527481,-0.34587672507846046,-47.99693016687088,-47.183918430485576,45.45256207864746,-0.3233370384661202
0.020534249999999997,0.0034223749999999996,6.0,1.2717450448592893,0.5797613234020049,0.049244755395890676,-3.1443007873366944e-6,-1.067191505759775e-5,-1.4996694050652778e-6,0.0682693927869739,0.6998156533253248,-0.6718135875925112,0.2528295213165549,0.6887343370953461,0.6144704063038665,46.42037191306249,-1.004534453870336,-0.37325578609325283,-47.945553469918984,-47.21430241827499,45.39891516673038,-0.31547855100209304
0.020534249999999997,0.0034223749999999996,6.0,1.3045643563111724,0.6124646714709877,0.04888689478367795,-1.5957019019587896e-5,-5.4385571159628127e-5,-7.501599113428204e-6,0.0682738509853401,0.7065007263335159,-0.6799335221638336,0.20864204933185274,0.7188793464378685,0.6631430914986619,46.34503543352658,-1.034720907409987,-0.41124651947856095,-47.86647524647681,-47.213621325467805,45.270524634451085,-0.30763282695930816
0.020534249999999997,0.0034223749999999996,6.0,1.33654352995062,0.6443459142117268,0.048539077762330345,-2.8830426298117453e-5,-9.87476326043043e-5,-1.3292166573894703e-5,0.06827922287903934,0.7128388993360013,-0.6873099671369777,0.1645167086970851,0.7593030067176237,0.7294017707333931,46.21075158850005,-1.0829250003027255,-0.4600683497632846,-47.76117421274628,-47.184860490502224,45.06750058519939,-0.29923465695433904
0.020534249999999997,0.0034223749999999996,6.0,1.3676831464618413,0.6754035118545377,0.048189918509652006,-4.183637498861902e-5,-0.000144134319759042,-1.880587826505525e-5,0.06828567939425469,0.7191601461678397,-0.6942600623587813,0.11956271547638986,0.81015296349993,0.8119467875258927,46.012091672128285,-1.1470014326863371,-0.5194731569559814,-47.623839438022046,-47.124972718187664,44.78159468598911,-0.2906798065439485
0.020534249999999997,0.0034223749999999996,6.0,1.3979806058910922,0.705638801973442,0.04784181049138561,-5.5030023660025294e-5,-0.00019091285385519825,-2.3959543125609075e-5,0.06829305568347917,0.7252286402627723,-0.7005310697740932,0.07270762895264293,0.8723128554058333,0.9092452069574333,45.74577457612674,-1.2249014027604175,-0.5894881249109472,-47.45002539276611,-47.03499800022891,44.40617319993788,-0.28282473049488643
0.020534249999999997,0.0034223749999999996,6.0,1.4274360483854425,0.7350520468922778,0.04749077514522602,-6.844014194490791e-5,-0.00023943786313966603,-2.864802901056341e-5,0.0683012999521531,0.7312342400432601,-0.7062279792458679,0.02319507263865677,0.9474470244756615,1.0191929396572872,45.40984078929871,-1.3133735180573338,-0.6710269726001495,-47.23515346601525,-46.916113389507174,43.93216472895087,-0.27642005187551155
0.020534249999999997,0.0034223749999999996,6.0,1.4560504587851386,0.7636421041173173,0.04713689762506977,-8.208169658927125e-5,-0.00029009398683132656,-3.274391144999885e-5,0.06831031027385141,0.7373327841803629,-0.7113907365958393,-0.02921246973362878,1.0380371920525584,1.138691102246162,45.00229939798664,-1.4055074509766359,-0.7657231809611151,-46.980148483586504,-46.76791725484327,43.35006034143475,-0.272314011091444
0.020534249999999997,0.0034223749999999996,6.0,1.4838255748403382,0.7914088525521412,0.046784133651437694,-9.59193268949029e-5,-0.0003432637465044428,-3.610289983786111e-5,0.06832003737647001,0.7438574779428961,-0.7160418690731379,-0.08539716987185926,1.1486845591955557,1.2638005937856496,44.53052144649406,-1.4986973736446874,-0.8773231264871698,-46.665573908783706,-46.60014261030351,42.64805120780319,-0.2713614327083866
0.020534249999999997,0.0034223749999999996,6.0,1.5107626097322928,0.8183530750837322,0.04644352607628164,-0.00010987385440972061,-0.0003993777166921319,-3.8567887614134454e-5,0.06833043402728582,0.7509279354127263,-0.720118878441106,-0.14477499516604933,1.2840790598677227,1.3901544711297331,43.99808391150751,-1.5830333795867844,-1.0091628005885964,-46.28828189883068,-46.41330977812958,41.81484511460939,-0.2749162592791251
0.020534249999999997,0.0034223749999999996,6.0,1.536862230529616,0.8444767880643129,0.04613470021198665,-0.00012380712193488675,-0.000458928928087015,-3.997302536989243e-5,0.06834146928253919,0.758624278313169,-0.723392897250571,-0.2068306563326896,1.4495717970505535,1.5142365835173397,43.41345794481772,-1.6503905162541737,-1.1651920005661158,-45.83667100806212,-46.21089171383433,40.83930198522438,-0.28437979648443734
0.020534249999999997,0.0034223749999999996,6.0,1.5621236846169413,0.8697838154525205,0.04588707450446447,-0.000137513276367527,-0.0005224854713533305,-4.0142730309655276e-5,0.06835314556157211,0.7668035042038984,-0.7254096293702811,-0.27067124963850603,1.6497838544258667,1.6348717202442844,42.78682796479195,-1.6939622092630835,-1.3487045832931646,-45.29804367943005,-45.9956087720157,39.712024498380266,-0.30107927113270283
0.020534249999999997,0.0034223749999999996,6.0,1.586543860324812,0.8942801715649308,0.04573931898204894,-0.00015071444798234307,-0.0005906809185242252,-3.888040682710883e-5,0.0683655176980182,0.7750008282878232,-0.7254564931821996,-0.3351148003185496,1.88726956825138,1.7547718527061285,42.128612061597636,-1.7100246488028004,-1.5613181024104283,-44.66009935996821,-45.76900675378541,38.4265403653623,-0.3259514658409505
0.020534249999999997,0.0034223749999999996,6.0,1.6101166642649885,0.917973970662627,0.04573633352173072,-0.0001630621687222391,-0.0006641701816977077,-3.594265599863385e-5,0.0683786938091356,0.7823876441357254,-0.7225978595024325,-0.39881242650047094,2.1611775215364313,1.881653773917752,41.448073786039735,-1.6994644979479696,-1.8020122371050995,-43.91214412645394,-45.5311453322385,36.979977092411836,-0.3591652844313321
0.020534249999999997,0.0034223749999999996,6.0,1.632828812135742,0.9408772020607984,0.04593079755117496,-0.00017415763595971908,-0.0007435662392586957,-3.101038083573625e-5,0.06839299039521603,0.7874785509892686,-0.7155468150947419,-0.46062535017829803,2.46648323910001,2.0280384815424397,40.75325922292861,-1.668905037309702,-2.066608800399249,-43.045206693455924,-45.28179977093787,35.37433261699359,-0.3998744387007619
0.020534249999999997,0.0034223749999999996,6.0,1.6546791171232655,0.9629937634299205,0.046345974946523316,-0.0001835068526651633,-0.0008292773729151382,-2.3588514791609516e-5,0.06840801384956331,0.7896791426353353,-0.7038321447533399,-0.5183871687217415,2.792139770798352,2.21224900919825,40.05068813937775,-1.6297034135165829,-2.3467802534983675,-42.04923292025982,-45.013917032706274,33.60980168310518,-0.44535951729998496
0.020534249999999997,0.0034223749999999996,6.0,1.6756506492183671,0.984335630354105,0.047023093874875965,-0.00019059833625336675,-0.0009215308085712589,-1.3037320027623966e-5,0.06842381373929463,0.786899936834119,-0.6861361557823,-0.5709655583779741,3.122937382160916,2.4532913390218427,39.349472586984454,-1.598923701668974,-2.6314172652736234,-40.9058622484915,-44.72053215298101,31.692752090553483,-0.49152011688729286
0.020534249999999997,0.0034223749999999996,6.0,1.6957311108509459,1.0049108319237299,0.04796184366140776,-0.00019484466668282606,-0.0010202856624348976,1.5117808929244096e-6,0.06843989471517381,0.7776838594591452,-0.6620488299825249,-0.6138497112849639,3.438453372414412,2.7702743684378395,38.672050510982814,-1.6000313334114395,-2.904363705714748,-39.596992079395164,-44.40446715535949,29.633011859138318,-0.5340896666996625
0.020534249999999997,0.0034223749999999996,6.0,1.7149146231869443,1.0247230878347064,0.04916293768907685,-0.00019540157657004577,-0.00112550186916942,2.1116688413286865e-5,0.06845534669764915,0.7610269602906045,-0.6309178978548207,-0.6477017565333058,3.7143144628833897,3.177124967556843,38.03012264498338,-1.653725463015862,-3.147814439332977,-38.08066668459167,-44.037882137633396,27.43976724738078,-0.566500023550412
0.020534249999999997,0.0034223749999999996,6.0,1.7331900611881272,1.0437781678549436,0.05061018787402004,-0.00019136037043166387,-0.0012369416311198338,4.700513203729052e-5,0.06846904257750394,0.734718301199036,-0.5922949321622578,-0.6669671566943074,3.9255972497012817,3.6783190202550022,37.45129344365531,-1.7888905161098823,-3.341433629857773,-36.30347765670816,-43.61164714917485,25.133331282369237,-0.5841636198435104
0.020534249999999997,0.0034223749999999996,6.0,1.7505453277367031,1.0620819532253956,0.05228805786735077,-0.00018124107068496207,-0.0013547304948414959,8.044029551803133e-5,0.06847979711914735,0.6963235951998382,-0.545715406389879,-0.6671148634432462,4.0510496272819,4.264010374093064,36.9510075727679,-2.0311465903978743,-3.466140918601776,-34.20933051622478,-43.107351877957186,22.745524499817005,-0.584908708680126
0.020534249999999997,0.0034223749999999996,6.0,1.7669637553937838,1.079639757380237,0.05418082350576554,-0.00016314149783857988,-0.0014793551124024616,0.00012257646122693013,0.0684871731171911,0.6432074272918137,-0.4910284911259397,-0.6435716316508937,4.0789882320848605,4.907699934327688,36.52327552233787,-2.3977127350254754,-3.507762821407688,-31.75826889612999,-42.502465294999936,20.32177123326518,-0.5712254106771723
0.020534249999999997,0.0034223749999999996,6.0,1.7824274103012239,1.0964561593735762,0.05627976505193808,-0.0001346480784531117,-0.0016113016434788582,0.00017431870452254552,0.06849144881745652,0.5728098390259019,-0.42855277030915334,-0.5926843610688679,4.012781706922528,5.567194541037256,36.12990627063397,-2.887302269910597,-3.462283756432851,-28.952498700389725,-41.77120062851233,17.92008146234646,-0.5504979504896789
0.020534249999999997,0.0034223749999999996,6.0,1.7969187342744541,1.1125321408755453,0.05857930767176963,-9.328353207275111e-5,-0.0017506588766296695,0.00023602277593652294,0.06849410462262538,0.4835269144029216,-0.3594063788749629,-0.5129352443040739,3.8731741796786796,6.190209718634516,35.698766385568234,-3.471032668019823,-3.338745224498454,-25.857629945534704,-40.8851928680244,15.60478063466002,-0.5344289551802225
0.020534249999999997,0.0034223749999999996,6.0,1.8104294110820263,1.1278616884536488,0.06106797842764349,-3.727072573079672e-5,-0.0018963778033100356,0.00030721012927627147,0.06849729605481189,0.375756800981769,-0.28562747461831817,-0.4057148660913876,3.6953514915715155,6.723744300229249,35.135292497251875,-4.089719074246927,-3.158099384280789,-22.60690920096203,-39.81572000638295,13.436821587176599,-0.5372521072907273
0.020534249999999997,0.0034223749999999996,6.0,1.822969020439953,1.1424294972355487,0.063717866213966,3.345352305901745e-5,-0.002045875687827706,0.0003863523306780174,0.0685029254697898,0.2526474627521329,-0.20997965600299023,-0.27548362288195866,3.5210802822735343,7.123914678716174,34.34478062107767,-4.662055209821327,-2.9479416132704177,-19.381810420454425,-38.53875320566176,11.464214301795764,-0.5731386690031174
0.020534249999999997,0.0034223749999999996,6.0,1.8345700109867997,1.1562110509040857,0.06647751266954531,0.00011648813001230535,-0.002195438594207213,0.0004709273023242468,0.06851177283872552,0.12012212901822748,-0.13549646640685256,-0.12919786504344538,3.388435962007016,7.362980424293974,33.25717817374748,-5.103132948343443,-2.7355922115289473,-16.374282773564026,-37.04290658982113,9.716003009124554,-0.6528437504780681
0.020534249999999997,0.0034223749999999996,6.0,1.845285610180569,1.1691753438529982,0.06927236477173518,0.0002070480759212273,-0.0023414368664398735,0.0005578533117081769,0.06852324454940728,-0.013990536870024719,-0.06496280583381,0.024794743575070843,3.322882111364263,7.431924617429449,31.844990791926453,-5.346922450258862,-2.5426835934337304,-13.745273716931361,-35.33804355018758,8.201463137353425,-0.7801985179305336
0.020534249999999997,0.0034223749999999996,6.0,1.8551806278093546,1.1812892757597475,0.07201340533347833,0.0002990187407127834,-0.0024817885381020963,0.0006441837063577117,0.0685358140262281,-0.141477472105368,-0.0005370191543527876,0.17803360796005238,3.3327408351742838,7.339114100411116,30.12883104807749,-5.363392394185948,-2.3828347714121887,-11.594935968143705,-33.46026370997497,6.913674261295632,-0.9499060637620946
0.020534249999999997,0.0034223749999999996,6.0,1.8643186229770872,1.1925222236647721,0.07461086210668762,0.0003865132402925597,-0.0026170718673332537,0.0007278126765533041,0.06854776009400876,-0.255359818497895,0.056400309375579646,0.3230681361735056,3.410004792257983,7.106615428886502,28.170870481387354,-5.16336639680839,-2.261931311890756,-9.952779297641106,-31.469690200442713,5.835121155093006,-1.1480734803672277
0.020534249999999997,0.0034223749999999996,6.0,1.8727503187983046,1.2028495875205019,0.07698808078705414,0.0004652679885306276,-0.0027512881031387334,0.0008080631091369514,0.06855775932472982,-0.3510444337573882,0.10521124494716108,0.45422550855870897,3.535304482552193,6.765537036620027,26.060459825629838,-4.7905076333044665,-2.179672375837846,-8.786646440517774,-29.441037197563503,4.943052981371458,-1.355632106714345
0.020534249999999997,0.0034223749999999996,6.0,1.880506887492625,1.2122547471398104,0.07909132632971622,0.0005335743516657227,-0.002893024948836226,0.0008863053299408389,0.06856513750300944,-0.4267115799846701,0.14587032626320096,0.5679580676995631,3.6846666148615976,6.351199195894961,23.897225455288286,-4.305657836769014,-2.1314244796672583,-8.023127855369898,-27.450674265132857,4.213371937111065,-1.5532421351943406
0.020534249999999997,0.0034223749999999996,6.0,1.8875990518455366,1.220729424379476,0.08089353606617808,0.0005929943035669835,-0.0030586337888644606,0.0009671132494723521,0.06856982675243871,-0.48299391077607673,0.17881063444352155,0.662803677240373,3.8356947556135537,5.898644065452113,21.775884061712873,-3.7706868787426107,-2.110039782435396,-7.570641160496658,-25.56501534401515,3.6229141034184766,-1.7256549731781594
0.020534249999999997,0.0034223749999999996,6.0,1.8940206328902378,1.228272776938898,0.08239244286519813,0.000649758175972079,-0.0032815896974868076,0.0010613558533539348,0.06857217354656815,-0.5222354344923766,0.20477758777020244,0.7390561246864196,3.9716284900006147,5.438902969748066,19.775062377297793,-3.2369397457535523,-2.107528544662436,-7.3386376921042675,-23.83317459580459,3.1506197879077043,-1.8640999453381768
0.020534249999999997,0.0034223749999999996,6.0,1.8997542019948415,1.2348896974134669,0.08360498805706448,0.0007197816794422007,-0.003644305630749141,0.0011966326484668497,0.06857272858853139,-0.5476593612702045,0.22469790042510274,0.7982747813529426,4.082853079622474,4.996063559303147,17.949869431676817,-2.7395276496898546,-2.1164269467986854,-7.250078854809225,-22.283299984562234,2.778320297758911,-1.9664261328237909
0.020534249999999997,0.0034223749999999996,6.0,1.904776769000572,1.2405888036171904,0.08456029368160835,0.0008538062922794122,-0.004432264721964669,0.0014679866270606177,0.06857209596973111,-0.5626754122428539,0.23956590170692754,0.8427605761737353,4.166339030382544,4.583088598820912,16.32113084272022,-2.294130173639227,-2.1306863421319147,-7.248289924256469,-20.91460139679034,2.492582937698595,-2.0356526882506314
0.020534249999999997,0.0034223749999999996,6.0,1.909064299098619,1.2453805165647995,0.08529298602118474,0.0014319510829386727,-0.00807822996104639,0.0026733773725953957,0.06857093674844884,-0.570420565594766,0.25035096036958215,0.8750935088925968,4.2239129050770385,4.160433895256292,14.750470125110306,-1.8583187551010665,-2.1460253685886173,-7.316334637859021,-19.573650838263813,2.3041292943628133,-2.077887536488422
0.020534249999999997,0.0034223749999999996,6.0,1.9208978334592473,-1.2440141304338044,0.09486780918716078,0.0003308704239916931,-0.0012673301937383477,-0.00034241872674238257,0.06831863851384129,-0.6777576508298032,-0.3094116935056928,1.0290534481395888,5.157994224169396,-3.378899472515493,11.32604481765244,1.237495069231139,-2.4124538455816493,6.8873310262392495,-16.92929193261205,-1.0994720644546503,-2.745540378587749
0.020534249999999997,0.0034223749999999996,6.0,1.9160506386033826,-1.2388703070465081,0.09429318984518946,0.001073745601751744,-0.004250821745676001,-0.0011696172999490924,0.06832613701267186,-0.6852943350210259,-0.3037790556816124,1.007407476275303,5.140899833335727,-3.6929043301513347,12.509545086410538,1.5168841643851205,-2.429415562928148,6.796723459914735,-17.824627760437824,-1.251637496056923,-2.7114842704075834
0.020534249999999997,0.0034223749999999996,6.0,1.9104401841932446,-1.2328314341402022,0.09351968699851956,0.0015912338569102095,-0.006392279234484224,-0.0017876324255380184,0.06833307473960512,-0.688649661719983,-0.2950444831049454,0.9745425112362239,5.093117182377056,-4.07775307188803,14.012039194387052,1.879945992891601,-2.454887528797392,6.754886972812853,-18.992476805777915,-1.4879277054795677,-2.6382296535796668
0.020534249999999997,0.0034223749999999996,6.0,1.9040903739916053,-1.2258868991456973,0.0925078677880653,0.0021926358551941963,-0.008794192545643616,-0.0024901835508047776,0.06834048101701759,-0.6847962992677631,-0.2822794838984979,0.9273050154330412,5.007470241981662,-4.502253439888551,15.747071468719694,2.300544958868996,-2.4944477742271545,6.782750568604799,-20.36297626924916,-1.8061722393777349,-2.513022467754505
0.020534249999999997,0.0034223749999999996,6.0,1.897024970431404,-1.2180280870251583,0.09122312918038183,0.0029271615960108103,-0.011481883813464593,-0.0032740228869911053,0.0683474911755452,-0.6702905732570622,-0.26455177581936745,0.8627233794771765,4.88166978694509,-4.947390817789387,17.67871184083936,2.7604542459944166,-2.5557361041962197,6.938396772919126,-21.927558806839276,-2.22472143300857,-2.3259336827488664
0.020534249999999997,0.0034223749999999996,6.0,1.8892632524529862,-1.2092504757525104,0.08964289891781849,0.003860440208833706,-0.014469810549755106,-0.004125229590717095,0.06835277013788552,-0.6416825037678654,-0.2410296220223398,0.7785281025546215,4.721013147760767,-5.386617939654549,19.7466995889478,3.226860008984189,-2.647852552619952,7.299054228723504,-23.663238620521593,-2.7637036252836062,-2.073160595140814
0.020534249999999997,0.0034223749999999996,6.0,1.880814274725974,-1.1995558430986017,0.08776445799280752,0.00507607936214738,-0.017765221452614662,-0.005019099661643276,0.06835467342614665,-0.5961910043127259,-0.21110954179531619,0.6737696623410049,4.540030870837726,-5.7865976198907765,21.86607728092643,3.6516990266755904,-2.779969008074934,7.955525383609254,-25.528384997877946,-3.44418372793621,-1.76006186276279
0.020534249999999997,0.0034223749999999996,6.0,1.8716709237582771,-1.1889541063081441,0.0856113492181612,0.006671810367345881,-0.021363827146215056,-0.005919072247876454,0.06835167188444582,-0.5325658098798999,-0.1745596261224069,0.5494193065754878,4.361764797573551,-6.109834035156519,23.933176708027844,3.9763603443769955,-2.9592141276219333,8.999059411661602,-27.462158797706493,-4.287217670425601,-1.402550669951619
0.020534249999999997,0.0034223749999999996,6.0,1.8618059594249663,-1.1774642022305812,0.08323572165858314,0.008748483602942787,-0.02524210223524118,-0.006777077006955464,0.06834302575613567,-0.45190383072203566,-0.13167080525454714,0.40878937291460365,4.213747435129015,-6.319000485638551,25.838401837986144,4.142992755345687,-3.18812914903665,10.500811602541365,-29.38942917624296,-5.312653615196815,-1.025618286092374
0.020534249999999997,0.0034223749999999996,6.0,1.8511726176835592,-1.165113439778724,0.08071434251270554,0.011390197977932389,-0.02935070116757904,-0.007537642380756743,0.06832948957768567,-0.3580645581564104,-0.08340165070421054,0.2576028274106398,4.120910740672962,-6.382329436575897,27.48435995461698,4.110691025082663,-3.4621163687862304,12.487747420064709,-31.231402074812088,-6.537414399645093,-0.6587943718867331
0.020534249999999997,0.0034223749999999996,6.0,1.8397113513207841,-1.1519349686185043,0.0781377974091177,0.014638367978566134,-0.033615659641942186,-0.008147414068439244,0.06831364088596756,-0.2573545693505584,-0.03147607198439888,0.10359064045151423,4.097253172275349,-6.279169946910973,28.805427117693508,3.8709826457785548,-3.7673583168331337,14.92267380156187,-32.91911833895228,-7.972854328405515,-0.3298948554422159
0.020534249999999997,0.0034223749999999996,6.0,1.8273617442178378,-1.1379634629016746,0.07559525302433427,0.018470557826012958,-0.037952584125402915,-0.008568689913601202,0.06829944653291124,-0.15739771754060244,0.021646394655316554,-0.04440406881147122,4.13934824768575,-6.004805265208989,29.78288153385934,3.4550818613268315,-4.079928085187925,17.697684739109867,-34.404602606493114,-9.620888024007966,-0.05942016249781992
0.020534249999999997,0.0034223749999999996,6.0,1.8140756661685553,-1.1232298262659777,0.07315974976135034,0.02279920235635708,-0.042290215719542626,-0.008791092147797844,0.06829104193171474,-0.06549734051170895,0.0730176286243302,-0.17769843450918904,4.22479453202678,-5.573578903068967,30.449649288224872,2.9279102180842096,-4.367246996093237,20.64753219508015,-35.665275460300144,-11.469313599068581,0.1424524640664629
0.020534249999999997,0.0034223749999999996,6.0,1.7998263890886572,-1.1077564534344984,0.07087955712461971,0.027496743873103538,-0.04658937441851256,-0.008834157419077065,0.06829124394751589,0.01290316591422759,0.11968044373761469,-0.28915140435905956,4.317041958443162,-5.0190818725371,30.88143294743715,2.370355940666045,-4.592949506303534,23.582060195615664,-36.70120031484923,-13.488116243420711,0.2759075478603686
0.020534249999999997,0.0034223749999999996,6.0,1.784610069507959,-1.0915547693713343,0.06877871219117422,0.032435461171522274,-0.050844198617051806,-0.008738800015992917,0.06830059903371223,0.07507219834815484,0.15924673419469007,-0.37428069719514956,4.375220843661672,-4.390114699969271,31.17603621279426,1.8574199543961203,-4.724730770370229,26.32772479334212,-37.52842920237357,-15.629455918663224,0.34950992670854913
0.020534249999999997,0.0034223749999999996,6.0,1.7684399368709176,-1.0746259287311577,0.06686547696717146,0.0375197524055238,-0.05506666698745273,-0.00855308728399395,0.0683174618139441,0.12091502849870955,0.19032900476944672,-0.431765263962709,4.365189972314629,-3.7423240440887136,31.42783966478391,1.4413953462842535,-4.7424275571967085,28.7626561859439,-38.172147965438725,-17.8329495466368,0.37723758488207965
0.020534249999999997,0.0034223749999999996,6.0,1.7513370438386096,-1.0569640107504539,0.06514374414883226,0.042696319954752406,-0.05926769636337194,-0.00832002104270389,0.068338930102098,0.1521839118919829,0.21262863569975546,-0.4631806443540989,4.267571955783115,-3.1276839725740757,31.70669652968933,1.1454811321018945,-4.642569852157574,30.83222025705301,-38.66130726687453,-20.034928364200567,0.3749978963744565
0.020534249999999997,0.0034223749999999996,6.0,1.733322215852832,-1.0385598923925903,0.06362170513232646,0.04794409024550301,-0.06344695582734342,-0.008071108515667941,0.06836200148882987,0.17144948195864518,0.22667989605336714,-0.4721106332926166,4.080314009053559,-2.585505983354123,32.048245522836545,0.9674150307255109,-4.437393349484861,32.5419580043984,-39.024747064438216,-22.177981576880978,0.35707934043130213
0.020534249999999997,0.0034223749999999996,6.0,1.7144118835400606,-1.0194040641020012,0.06231443422333522,0.053255610741994565,-0.0675939400502518,-0.00782485337401831,0.06838437227717431,0.18127332073169042,0.23343526538881773,-0.46300739917140926,3.8160367771648382,-2.137875467686601,32.45688543548361,0.8885677819032735,-4.149536213050639,33.93559642670408,-39.28856393140538,-24.217266057588645,0.3334994358857922
0.020534249999999997,0.0034223749999999996,6.0,1.6946177514916843,-0.9994876841337096,0.06124045907277093,0.058620858277314655,-0.07169559738007661,-0.007587791717883116,0.06840468074205776,0.18378909772995458,0.23391684786124964,-0.4402028013320447,3.496438578469581,-1.7899984607402535,32.91700841071256,0.8832576498830134,-3.805600599942396,35.07047099650783,-39.47472275426867,-26.122260966551057,0.3091620214728157
0.020534249999999997,0.0034223749999999996,6.0,1.6739486137273938,-0.9788022069136085,0.060414820622580793,0.06401851073255671,-0.07574456254063382,-0.007356684974411116,0.06842233567730309,0.1806570617672279,0.2290575300926542,-0.4073163266858379,3.146414453487591,-1.5338902323125472,33.40581543645403,0.9251697617629001,-3.4312207205382332,35.99966004065122,-39.60083626036529,-27.87492493934996,0.28480626705064077
0.020534249999999997,0.0034223749999999996,6.0,1.6524124768551014,-0.9573384001555145,0.05984188170206062,0.06941483595748532,-0.07974402586748233,-0.007121624503813261,0.0684371907495408,0.17322315322184723,0.21971986134440855,-0.36708845008766144,2.789594386436001,-1.3532911157908556,33.90259636257004,0.9905793977278244,-3.0484323486705693,36.76368210467237,-39.680736306304894,-29.466252661799036,0.25883796223457195
0.020534249999999997,0.0034223749999999996,6.0,1.630017831610082,-0.9350855580580049,0.05951063860648828,0.07476813888293668,-0.08370758340867032,-0.006869931502142051,0.068449272153105,0.16270289357952944,0.20679664740188755,-0.3215178940314024,2.4456903752812047,-1.2283001326056335,34.39267678021098,1.0596766619907987,-2.6747637942830838,37.389803783291626,-39.725322119750864,-30.893002158215623,0.22907341900187825
0.020534249999999997,0.0034223749999999996,6.0,1.6067737103049904,-0.9120314763314569,0.05939411885262983,0.08003608409586258,-0.0876543857709167,-0.006590215720343173,0.06845865049394391,0.15027438159363557,0.19128490569971385,-0.2721339220498217,2.1292379349823105,-1.1390572484270667,34.866976360798255,1.1172660181731426,-2.3231810692482604,37.89552394878906,-39.74326778295491,-32.15552127421112,0.19394313426594895
0.020534249999999997,0.0034223749999999996,6.0,1.582688765799255,-0.8881633840203893,0.05945300198551248,0.0851831312966209,-0.0916016579684498,-0.006275628535814996,0.0684654408175796,0.1370500069214143,0.17426484850980725,-0.22025712467619854,1.8492188168433135,-1.0683439033931417,35.31931476726902,1.1533178436762248,-2.0023355830816008,38.29333804942567,-39.741378891701316,-33.25676127475885,0.1531167662382857
0.020534249999999997,0.0034223749999999996,6.0,1.5577699585824947,-0.8634695626372678,0.05964220513336613,0.09018560013278651,-0.09555781206425093,-0.005925581656732324,0.0684698543251294,0.12396621802732527,0.15678038998471644,-0.1671521201704561,1.6093169368787432,-1.0031700201571656,35.743546541264294,1.1632001411405126,-1.7169109087114593,38.59482515088188,-39.72460989485272,-34.20205556207373,0.10759397183271609
0.020534249999999997,0.0034223749999999996,6.0,1.532021541282132,-0.8379409771089442,0.0599182241019882,0.09503279205799849,-0.09951912549824886,-0.005545730924661408,0.0684722251202333,0.11166581804330812,0.13967781424325448,-0.11403407479889241,1.408783481361922,-0.935413715087472,36.131965727709655,1.1472560378965835,-1.46808889412558,38.81290058138451,-39.69593980400422,-34.9991139277864,0.05930541276365893
0.020534249999999997,0.0034223749999999996,6.0,1.5054448228390618,-0.8115721938288182,0.06024494352740263,0.0997243132788454,-0.10347096267808589,-0.005146450121469179,0.06847298060571286,0.10043909276792348,0.12348225880610261,-0.06195500101728189,1.2438715695382878,-0.8615337794487586,36.47554531206452,1.109631514746657,-1.2542658196347536,38.96195707365107,-39.65640763508032,-35.657828357229846,0.01039425009646669
0.020534249999999997,0.0034223749999999996,6.0,1.4780387040513492,-0.7843613135240962,0.06059657510015809,0.10426544607873325,-0.10739198135097833,-0.004740372243446255,0.06847257508617889,0.0902455633588245,0.10836134423458683,-0.011651471932272449,1.109562812233724,-0.781483239779458,36.76565026968627,1.0566632067331527,-1.072043147605199,39.0565653273101,-39.60555740421551,-36.18975772928817,-0.03751966462852402
0.020534249999999997,0.0034223749999999996,6.0,1.449800571963012,-0.7563092114265397,0.06095775105790258,0.10866253583410815,-0.11125894673081364,-0.004340066853497618,0.06847142581604,0.08079543250687302,0.094173709456043,0.03654944692624574,1.0009672428709644,-0.6973403384887267,36.99633616756456,0.9954613736617578,-0.9171454952431882,39.10968124390446,-39.54224171474478,-36.60737380130061,-0.08382174762777765
0.020534249999999997,0.0034223749999999996,6.0,1.420727277823949,-0.7274184295587073,0.06132155302243626,0.11291895231337834,-0.11505104498443405,-0.0039571834806668114,0.06846987612361681,0.07167736130892491,0.08058944608891086,0.08270744013544544,0.9135903692453909,-0.6125469228224034,37.16631048879399,0.9332808943858618,-0.7846941408839243,39.130605654211074,-39.46521934078973,-36.923088949020986,-0.12889622836146666
0.020534249999999997,0.0034223749999999996,6.0,1.390816363261771,-0.6976917031554137,0.06168622281074764,0.11703198970907944,-0.11875309126652894,-0.0036031902047305316,0.06846818594881017,0.06255363974124552,0.06729299150747153,0.12713832283288212,0.8424279309086818,-0.5320344399832704,37.279168509433084,0.8773715881356788,-0.669073930413927,39.12290719374696,-39.372784276492524,-37.14785146419306,-0.17335400049475466
0.020534249999999997,0.0034223749999999996,6.0,1.3600673710535773,-0.6671303919714874,0.06205165726617886,0.12099337752436742,-0.12235502663513786,-0.0032890681465670684,0.06846653803769832,0.05337545273629844,0.054212601985149704,0.170254317931591,0.7818597233617341,-0.46164158309019887,37.34015574816663,0.833730812177724,-0.5651188107904033,39.0846234866901,-39.26175965171383,-37.28954155890924,-0.21674091257133027
0.020534249999999997,0.0034223749999999996,6.0,1.3284819166338537,-0.6357341860714878,0.062417797637772485,0.12479500837190521,-0.12584606816672272,-0.003021910355671042,0.06846505287672984,0.044403592675143995,0.04155898652747691,0.2124857961723848,0.7281429672540454,-0.40537635459087035,37.351148089178764,0.804587548709095,-0.4710039679463628,39.013225014532935,-39.12792010637044,-37.35276095848403,-0.25713899930768164
0.020534249999999997,0.0034223749999999996,6.0,1.2960617562740369,-0.6035028876710671,0.06278601527695334,0.12843343553352776,-0.1292097308514169,-0.0028030876695285317,0.06846381174494026,0.03592121987279613,0.02955464659352173,0.25432564022692644,0.6815027699345223,-0.3634371976695834,37.310171874147784,0.7882642352853163,-0.38892217970764276,38.911473221386714,-38.968641130172855,-37.34109132607534,-0.2925805902268793
0.020534249999999997,0.0034223749999999996,6.0,1.2628069469997734,-0.5704382111035466,0.0631611149089289,0.1319062102061867,-0.13242671791083893,-0.0026331550355870223,0.06846288090718727,0.027958495280334613,0.01816422390819324,0.29641854401609025,0.6438255831394561,-0.3346010116535825,37.21620388380815,0.7831847913703722,-0.3213007536624583,38.786854841076064,-38.78444452149696,-37.25904343514793,-0.32252482947699657
0.020534249999999997,0.0034223749999999996,6.0,1.2287163714872384,-0.5365433139840313,0.06355123949558236,0.13520596410560848,-0.1354801656031942,-0.0025181883252755116,0.06846232722035273,0.020374232639553805,0.007169215445399257,0.3396130301462297,0.6150061078706096,-0.31997229383492987,37.070715806188765,0.7912357734503399,-0.2675694983527275,38.645736614985964,-38.57658759706163,-37.11012826333101,-0.347436609517881
0.020534249999999997,0.0034223749999999996,6.0,1.1937894421488997,-0.5018211931544573,0.06396676998317606,0.1383206476808718,-0.13835497229753435,-0.0024708896297338653,0.06846222454959877,0.0131275967952348,-0.0035703579591669925,0.3849973613509883,0.5927018578977937,-0.32365053270424315,36.87313072408656,0.8171129521816407,-0.22527813990413156,38.49034155265949,-38.34368384521105,-36.89305860700353,-0.3674237179936633
0.020534249999999997,0.0034223749999999996,6.0,1.1580268196433219,-0.46627408440004464,0.0644207765067465,0.141237625409034,-0.14103330702139705,-0.0025101348804295936,0.06846265693416131,0.006410082396784011,-0.013988322054495942,0.4340250504345265,0.5740055830579116,-0.35168893574538596,36.61647363885565,0.8666162768672596,-0.19246338169574773,38.32216309790601,-38.08178153694005,-36.60052074332725,-0.38154220136216394
0.020534249999999997,0.0034223749999999996,6.0,1.1214299241590497,-0.42990411553173186,0.06493228953234413,0.1439484877849761,-0.14348932627703856,-0.002663412550701356,0.06846372488718526,0.0005685105396916217,-0.023888340415416046,0.4888844712592461,0.5567706605830931,-0.41138518562516163,36.28509112988168,0.9462374760526572,-0.1688723108427048,38.15021579739592,-37.78819599483025,-36.2200894934976,-0.38789834974038906
0.020534249999999997,0.0034223749999999996,6.0,1.0840064953535808,-0.3927095533567525,0.06552230983665483,0.1464550433300365,-0.145682602835828,-0.00297038342021814,0.06846556905079089,-0.0036840944023902485,-0.03276462534079983,0.5538850418689921,0.5422255182385348,-0.5093604963821212,35.852878973724,1.0631713838324002,-0.15718489518391887,38.002379289445464,-37.46867487888282,-35.73422945296036,-0.3850406230546161
0.020534249999999997,0.0034223749999999996,6.0,1.0457368079981288,-0.3547128567057029,0.06627042864698927,0.14876477699680635,-0.1475630217966879,-0.003494875120950107,0.06846826616791302,-0.007986033469249466,-0.04234673889110244,0.6339892950799401,0.5350199783890351,-0.6521462551670777,35.28764228111735,1.2289973736621846,-0.15964279961536854,37.93264192748224,-37.14729691018393,-35.116080013238346,-0.37537717877366694
0.020534249999999997,0.0034223749999999996,6.0,1.0066166248777868,-0.3159267661752843,0.06726104892234334,0.1508563474771586,-0.1491045321690202,-0.004361783520028565,0.06847179368705703,-0.013325489735831291,-0.053665815548546804,0.7395929590865246,0.5356152120809595,-0.8509666728783233,34.55806983362741,1.4628530551513086,-0.17082063745783832,38.012028378644224,-36.87641454435966,-34.31247883777728,-0.36479457462312065
0.020534249999999997,0.0034223749999999996,6.0,0.9666328136954377,-0.2763720014918836,0.06863353431622671,0.15262884525717094,-0.15036091103177232,-0.005778462998646634,0.0684753743668142,-0.022104601443590135,-0.06847823413665982,0.8849033140149936,0.5476237913305497,-1.11116914444099,33.6374259054739,1.7708255933095505,-0.18578517651011017,38.31387646644299,-36.751282778800736,-33.20526558999131,-0.3618386148204424
0.020534249999999997,0.0034223749999999996,6.0,0.9257613906869414,-0.23607414080007766,0.07057707433981332,0.15378732303742473,-0.15160082722069546,-0.007983527693559013,0.06847536283905904,-0.040521324438080965,-0.0896028321888751,1.0860917152434577,0.6257833601008634,-1.3936261517684445,32.56026032430644,2.084514459316056,-0.22745272539888597,38.87049847341311,-36.942991910093234,-31.554562974693514,-0.39833063470197794
0.020534249999999997,0.0034223749999999996,6.0,0.883939101368506,-0.19506566058403366,0.07326282708207929,0.15343142488397835,-0.15375678688784264,-0.01109310393206706,0.06845989044490258,-0.08510166009696747,-0.1206297542068086,1.3464692739698665,0.9537443892413935,-1.590566626499452,31.656713030419578,2.169218892922081,-0.3534570212088884,39.4839837529468,-37.703873702020516,-28.92540037680244,-0.6002873680325047
0.020534249999999997,0.0034223749999999996,6.0,0.8410769125763482,-0.15332186765868128,0.07645950269789083,0.14890475887674307,-0.1593016562156952,-0.014796164514667254,0.06841017597250292,-0.18037683328090437,-0.15259536711048832,1.6115518211872375,1.812118885585134,-1.593965260142112,32.04223944278326,1.6201221561323018,-0.5921186910199561,39.20849828665822,-39.18602567860742,-24.653327506145366,-1.2200001945651764
0.020534249999999997,0.0034223749999999996,6.0,0.7974973470010606,-0.1105238173318962,0.0782296248008134,0.1329604773064286,-0.17218953319054253,-0.01791614817261334,0.06837973562431168,-0.28388228985606373,-0.1293120032496674,1.6880914828497873,3.0114396016736307,-1.3541025993286675,35.86454660494538,0.4633788008192134,-0.9731879811104555,35.33606388711837,-41.108369435048296,-18.296215148414497,-2.0382516205631744
0.020534249999999997,0.0034223749999999996,6.0,0.755586124151888,-0.0661171428153042,0.07241477713761874,0.09369548767060937,-0.18881064024281669,-0.018723791514502833,0.06868436749896925,-0.042528536468279955,0.015337227981504756,1.2264850808780172,3.7626145538416296,-0.565155613551349,43.212081907038,0.498254608930575,-2.4640528143665317,23.61334408744736,-43.25331360625276,-10.882666791839124,-1.298561739475094
0.020534249999999997,0.0034223749999999996,6.0,0.7184928867975818,-0.021276776813796375,0.05191702391674488,0.04193997986012663,-0.1882995741090349,-0.015834079089222228,0.0693320235280062,1.0229523869054638,0.09853218393453134,-0.00792507855844752,6.852906646664443,-0.07877124870648956,43.12865591492853,2.077658914395663,-6.26552357633638,6.261102128197371,-40.97751339685419,-3.907732160444897,-0.5873830703280598
0.020534249999999997,0.0034223749999999996,6.0,0.7181298989704363,0.020440275178563855,0.054977729546890806,-0.0023446893314714606,-0.15178525000566231,-0.00428088855394143,0.069483186330303,0.9615760798029183,-0.1716636488629845,0.04456770574626443,6.757323157117943,-2.37961565672708,45.492650829894224,1.5514523001472975,-5.953434884446984,-5.346007702254654,-43.60559672027419,0.08386633996823506,-0.8038882726709532
0.020534249999999997,0.0034223749999999996,6.0,0.7548646905516883,0.06334056004875474,0.07985521272103217,-0.07680848335527796,-0.19778339832931066,0.011962306722039137,0.06838135722407326,-0.16197198568540871,-0.23753096799223242,1.399111309180454,3.3698406962460252,-0.8303452240684082,42.31545060304879,2.6716326045306245,-0.5882153693214163,-22.154274806099462,-42.68569532591516,7.370164075476684,-2.7816253269246105
0.020534249999999997,0.0034223749999999996,6.0,0.7974953233765111,0.10846053974710683,0.08524153597152716,-0.13100162719337197,-0.18072098566708164,0.021227411512478055,0.06805783654399715,-0.3105871708144182,-0.05119071832749404,1.9157954935785813,2.21979630774144,1.71833346880462,34.73908725866819,0.46328341194506684,1.1089055257130078,-34.91382754601672,-41.221934345118676,16.044986772763238,-3.3287018334544456
0.020534249999999997,0.0034223749999999996,6.0,0.8415152939021653,0.15207193944556063,0.08104460193998175,-0.1513743492827334,-0.1634712668887306,0.020996153920630735,0.06826402787608501,-0.13491487596214913,0.03157876490247279,1.7980387531235031,0.792401083579648,2.7202933725793272,31.330592074628843,-2.253473719529697,0.814707446146294,-39.74828761840238,-39.85581326555807,23.654330062653646,-1.6071085297259426
0.020534249999999997,0.0034223749999999996,6.0,0.8843268658396896,0.19430258045808052,0.07585502661251249,-0.15681309970418145,-0.15652770432956356,0.016321776616717118,0.06840965559646321,-0.034273336358804016,0.04170985443055466,1.4611131842784921,0.17225000189848774,2.792138550677211,31.446932634240955,-3.2287000662210743,0.4319109289816171,-40.24778431654712,-38.36570806568425,28.70441380315396,-0.6041609308801049
0.020534249999999997,0.0034223749999999996,6.0,0.9259723276235129,0.23561521164299776,0.07200645930952426,-0.15722763161075398,-0.15433152101223185,0.011569936802770873,0.06845669121417174,-0.01040518058863818,0.04304032607912366,1.1461583536364774,0.22944259069390086,2.354075055087783,32.76085058948722,-2.9868907090415635,0.12624451004906995,-39.59270712804586,-37.58719960324012,31.755233626859148,-0.35568710074297183
0.020534249999999997,0.0034223749999999996,6.0,0.9667161559958382,0.2760906888569648,0.06946561762503878,-0.15598598246652953,-0.15329401210101018,0.008081114978697042,0.06846626396565975,-0.01093649799132357,0.04423703048184446,0.9148414039803318,0.4346007014423737,1.7727908912835788,34.08499137873272,-2.3938534246088237,-0.09396855257510209,-39.00239715174218,-37.43163884388485,33.62627772331262,-0.3406321488672719
0.020534249999999997,0.0034223749999999996,6.0,1.006642966488027,0.3157320350219622,0.0677864675290401,-0.15416397647909214,-0.15218401078073962,0.005849207079376875,0.0684661285066693,-0.012456963959944627,0.04167002491846175,0.7552636875414599,0.5728472822068907,1.2749190530298493,35.11671892768167,-1.8563211067756333,-0.21560275631029313,-38.708531498493294,-37.59933542277057,34.84216705292912,-0.35724452589659766
0.020534249999999997,0.0034223749999999996,6.0,1.0457557476133554,0.35454708282156655,0.06661894293887737,-0.1520605230029333,-0.15072518798910647,0.004504166334970391,0.06846416682091272,-0.010168168026444682,0.03495567967834303,0.6428230345697301,0.6315951117891586,0.9224887233843878,35.878979612926486,-1.4689659980637493,-0.2644948535393208,-38.64927716789462,-37.89715264053391,35.69560522314037,-0.36710025824983805
0.020534249999999997,0.0034223749999999996,6.0,1.0840427384905158,0.3925435596459763,0.0657532560631077,-0.14974385774172244,-0.14890515817875824,0.0037096470206545804,0.06846232142374203,-0.004926809032305576,0.02571097549405389,0.5587254007191211,0.6466662890340561,0.6951396424825842,36.45305004737129,-1.2123701770878557,-0.2786263190973934,-38.72824040726117,-38.23176247482319,36.33739855356693,-0.3680399699366635
0.020534249999999997,0.0034223749999999996,6.0,1.1214894296244475,0.4297289663930417,0.06508053130416293,-0.14722266978609033,-0.14676755644400136,0.003250027960767915,0.06846100480659101,0.0014164203049058237,0.015785352322887785,0.4909574650676406,0.6465393876490045,0.5556455407061209,36.901433844918685,-1.0471741645122281,-0.2846406292575518,-38.875759715855516,-38.56239626448294,36.84131343034841,-0.361898758391452
0.020534249999999997,0.0034223749999999996,6.0,1.1581059044225994,0.4660913326903691,0.06451365877322661,-0.14449663833788734,-0.14435771145741977,0.0030021189235707514,0.06846029660716348,0.008964367156313035,0.005036705254130827,0.4341653415958137,0.6459017812370134,0.47416737558222993,37.26181307715268,-0.9422533143519172,-0.29585902638926953,-39.05003714325447,-38.8731319477197,37.24365279780313,-0.35004275484774394
0.020534249999999997,0.0034223749999999996,6.0,1.193883150460731,0.5016341536381466,0.06402399923964387,-0.14156878706224083,-0.14171230054112058,0.002896455129864188,0.06846012557032516,0.01671886423392036,-0.005709189152122394,0.38397680915566873,0.6508497447195616,0.4318578977579496,37.55644528327349,-0.878202847821901,-0.3170487313764416,-39.22912559387327,-39.15968542204296,37.56399266322704,-0.33380101334312084
0.020534249999999997,0.0034223749999999996,6.0,1.228820460356853,0.5363549387273957,0.06358735570627494,-0.13844547043823743,-0.13885966890825258,0.0028944578115500125,0.06846042536490993,0.024412842827523266,-0.016307791927371,0.33813730739975195,0.6633952882291991,0.4176420946054671,37.798893951758735,-0.8438610830758497,-0.34920642402621105,-39.40348532582147,-39.42361658233186,37.81463812962166,-0.3141888642029876
0.020534249999999997,0.0034223749999999996,6.0,1.2629175063228315,0.5702513746505388,0.06318767681398185,-0.13513589261904801,-0.13582125170764767,0.002973197812868266,0.06846113151813692,0.03189530427392813,-0.026714399826072818,0.2951368419898944,0.6846513400497887,0.42465831080407623,37.996367003623014,-0.8323767673597887,-0.3926980783596975,-39.57004551716307,-39.66813827785224,38.00310371180819,-0.2919532616900915
0.020534249999999997,0.0034223749999999996,6.0,1.296174568144752,0.6033209576018876,0.06281310477312692,-0.13165069508378158,-0.13261360509208098,0.0031174475741017225,0.06846218444945164,0.03915136381769137,-0.037001504815133875,0.2538335538275088,0.7159206992951137,0.4481530636037393,38.149594608282044,-0.8388367599687387,-0.4485303105216874,-39.72656329039841,-39.89454073684672,38.13133102541726,-0.26739038877342586
0.020534249999999997,0.0034223749999999996,6.0,1.3285926389212586,0.635560777862239,0.06245403897238207,-0.12799967042515248,-0.12925120043082652,0.0033172644878283466,0.06846352903236373,0.04629709927837807,-0.047356341861652794,0.21327532475181574,0.7580782651526132,0.48512262052844096,38.254215837334165,-0.85990435374427,-0.5177504785656697,-39.86862204265366,-40.10111925897424,38.19575428763103,-0.24032778658694318
0.020534249999999997,0.0034223749999999996,6.0,1.3601729977231534,0.6669678643864326,0.06210254409883807,-0.12419029354185872,-0.1257484140373281,0.003566633553309087,0.06846510613797964,0.05350578527203922,-0.05801277868066466,0.17261267486541396,0.811279501737106,0.5339910589128699,38.30413460617424,-0.8936369106067824,-0.6009277139600095,-39.990413129721446,-40.285097743437525,38.18951544662177,-0.2103517877770965
0.020534249999999997,0.0034223749999999996,6.0,1.3909168009501685,0.6975395663406546,0.06175239430483728,-0.12022777892563513,-0.12212004485261221,0.0038611069742814667,0.06846683702020816,0.060944832679343836,-0.06919057180280129,0.13106928917117483,0.8756899388715781,0.5935808065111593,38.29417822916655,-0.9384913506638174,-0.6986574824088073,-40.08661936547304,-40.4449180087655,38.104636916119134,-0.17703245646277074
0.020534249999999997,0.0034223749999999996,6.0,1.4208250860856277,0.7272735969979978,0.061399406265553604,-0.11611537010043238,-0.11838158227048286,0.0041955817591426935,0.06846860519805598,0.0687715144915207,-0.08108703673949591,0.08796317465059672,0.952341449174984,0.662099553957924,38.22103193177988,-0.9921794861702302,-0.8123017596543068,-40.15279898847306,-40.58099676927312,37.932658671876304,-0.14003968952067652
0.020534249999999997,0.0034223749999999996,6.0,1.4498990055071184,0.7561679266336078,0.06104218082417883,-0.11185413706513309,-0.11454988503017853,0.004562948247998503,0.06847023708580555,0.07715776094163171,-0.09389157229155412,0.042768077259308944,1.043600723299512,0.7366748772233682,38.08346055760495,-1.0509515502862103,-0.9443563290151346,-40.184402573458144,-40.695348849254216,37.66437430020179,-0.09924439428437654
0.020534249999999997,0.0034223749999999996,6.0,1.4781399966124107,0.7842208184867625,0.06068343873459174,-0.10744266805465272,-0.1106438391923307,0.004953421898737667,0.06847148347402605,0.08630113393977068,-0.10778136164523823,-0.004800157835093586,1.153332236546852,0.8134460815550993,37.882610383116585,-1.1093523411868527,-1.0984620384151134,-40.17552281414424,-40.79091346463585,37.289618849943686,-0.054870198131739455
0.020534249999999997,0.0034223749999999996,6.0,1.50554971435784,0.8114311619705751,0.06033190409507423,-0.10287730533664903,-0.10668427902995863,0.005354514894970104,0.06847200957331111,0.0963987893267783,-0.12287865195234907,-0.05469570536853248,1.286782750704822,0.8881811944050891,37.622309816181314,-1.1604594595966968,-1.2791165521775958,-40.11803034930343,-40.87084122649746,36.79744027253315,-0.007666198527227503
0.020534249999999997,0.0034223749999999996,6.0,1.5321296376309683,0.8377991248971448,0.06000433854011007,-0.09815345751504487,-0.10269258743693631,0.005751873356475952,0.06847140502505665,0.10757938908952625,-0.13917234390818617,-0.10648720480638577,1.4500589313211922,0.9574101877065057,37.30895350131295,-1.1966787201343851,-1.4910489764982318,-40.00138342582779,-40.93772610651,36.17661421341135,0.04099004517703957
0.020534249999999997,0.0034223749999999996,6.0,1.557880350243984,0.8633270060571905,0.059726967524783216,-0.09326820079471568,-0.09868782680293091,0.0061311162353302594,0.068469221460406,0.11980561109645839,-0.15642709725833864,-0.15936723143865697,1.6491066406621457,1.0199359463200286,36.95072991816549,-1.2110736456799873,-1.738272344599871,-39.81319115823266,-40.99283729554258,35.41637125641689,0.08916570393772542
0.020534249999999997,0.0034223749999999996,6.0,1.5828006409433257,0.8880200165730894,0.0595353450582812,-0.08822384840393284,-0.09468298785575109,0.006480464091746119,0.06846503188578223,0.13277763340834442,-0.17411806965488508,-0.21223700535000964,1.8882694511369338,1.078397786135037,36.55634921315497,-1.1990199273195157,-2.022944308772007,-39.540312538160286,-41.03552192560497,34.50718402246085,0.13467485763507314
0.020534249999999997,0.0034223749999999996,6.0,1.606886742003661,0.911886616312903,0.059471853744779764,-0.08303165508884422,-0.09068163996280547,0.006793464121451401,0.06845848894937487,0.14587822056375663,-0.1914294323605919,-0.2638375322806349,2.168696405134187,1.140430152724665,36.13379883142285,-1.1598195381705465,-2.3442589910702933,-39.16994222653814,-41.0629473166887,33.441434709227124,0.1755625859361052
0.020534249999999997,0.0034223749999999996,6.0,1.6301321346243602,0.9349380733802003,0.05958063558625506,-0.07771438521467122,-0.0866766465532298,0.0070707444821871265,0.06844935119987113,0.15819257970869052,-0.2073337400927439,-0.3128601350077378,2.4869696051592247,1.2189773054645625,35.6898987605383,-1.0978667831132096,-2.6976104561535856,-38.68985372886119,-41.07019010939323,32.21380189786552,0.21064085099436197
0.020534249999999997,0.0034223749999999996,6.0,1.6525281950537476,0.957187213138168,0.059900794917522246,-0.07230614601120194,-0.0826524057345964,0.007319878369679128,0.06843746242074797,0.168601559949871,-0.22072772908121704,-0.35795609352100694,2.834248250887632,1.3315375985942655,35.23137085309457,-1.023094423216529,-3.074138005849986,-38.0868918530441,-41.05045049776354,30.82138137552674,0.23988975496235437
0.020534249999999997,0.0034223749999999996,6.0,1.6740654620136972,0.978646814045271,0.060459840805721594,-0.06684838763606912,-0.07859071065334186,0.007553162504184993,0.06842271108518116,0.1758944384081433,-0.23055811066118467,-0.39759742026691086,3.1960395108363624,1.4983676142972715,34.7673983565459,-0.9507290937527002,-3.4605464650104087,-37.34336260529869,-40.99506309524259,29.26388500843785,0.2645069541740469
0.020534249999999997,0.0034223749999999996,6.0,1.6947347842161047,0.9993284086639657,0.061269757847810295,-0.06138273311131681,-0.07447808739025513,0.007783904167743623,0.06840504017753415,0.17881617728161042,-0.23586674315582784,-0.42981408940641275,3.552620831320673,1.7397443360449416,34.31234591283887,-0.9006615275206807,-3.8390341907022183,-36.43223410251466,-40.89309164709875,27.544517049968185,0.2864133593815453
0.020534249999999997,0.0034223749999999996,6.0,1.714527508242552,1.0192420356868162,0.0623273150636266,-0.055943256505669364,-0.07031112721256072,0.008022193859027625,0.06838458155045053,0.17598991485619733,-0.235735979411753,-0.45191359690526567,3.8803112156659356,2.0722911672598636,33.88629049295862,-0.8966543359255447,-4.187417122756682,-35.31341063547746,-40.730533219903876,25.67202618374318,0.30710590709074687
0.020534249999999997,0.0034223749999999996,6.0,1.7334343112000061,1.0383969071411254,0.06361860555406923,-0.0505516164187351,-0.0660971024325874,0.008271062691538527,0.06836193107690557,0.16573577944624945,-0.22919281096115796,-0.46034317720705886,4.154074707538094,2.50443971922035,33.511054162700916,-0.9649746358711111,-4.480012056570335,-33.9342856851306,-40.489380554170616,23.663874371534035,0.32593734903223887
0.020534249999999997,0.0034223749999999996,6.0,1.751443060009279,1.0568023994072093,0.06512614481336176,-0.04521803292943189,-0.06184930576107387,0.008523523693636568,0.068338472763203,0.1459053517105059,-0.2151840594764089,-0.450864900203782,4.3518887302773015,3.031604878425425,33.20085748232714,-1.1312027208936184,-4.69020074905728,-32.23800345960464,-40.14696550733355,21.54959214773447,0.3383120187799793
0.020534249999999997,0.0034223749999999996,6.0,1.7685369502536024,1.074468469473295,0.06683567722226451,-0.03994999832742435,-0.057578870797411495,0.008760584751987165,0.06831654205348284,0.11391948559732569,-0.19272624775932587,-0.4191544920489789,4.4605406447125935,3.6325198926831144,32.94951858368887,-1.4139056870481237,-4.795280196039848,-30.181205697041015,-39.67609531481721,19.372563229879535,0.33473955132725536
0.020534249999999997,0.0034223749999999996,6.0,1.7846948327289387,1.0914046184984854,0.06873944868994594,-0.03476826480773455,-0.05328708917153417,0.008950489189296104,0.06829916721509796,0.0671841490796856,-0.16124840906156646,-0.36178123150630676,4.481214547360393,4.268809547566345,32.71937761541853,-1.8154334957482257,-4.782826185542519,-27.758305608330698,-39.04638410937056,17.188286208544646,0.30161163818212317
0.020534249999999997,0.0034223749999999996,6.0,1.799895441611203,1.107617042768621,0.07083354524594818,-0.029724987678909884,-0.048963980016593626,0.00905045918645134,0.06828925297771143,0.003922572591877495,-0.12100928222073229,-0.277315149395397,4.43225976933445,4.889364641224248,32.43860655081721,-2.3128862123060667,-4.655986669862125,-25.02307078290246,-38.22692152286229,15.058207133921517,0.22372690052767474
0.020534249999999997,0.0034223749999999996,6.0,1.814125563381966,1.1231046742274668,0.07310931621882663,-0.02491348397260693,-0.04459758792410376,0.009013050096107443,0.06828841568229183,-0.07578321616018471,-0.07336723282974635,-0.16716333229649744,4.346870396153042,5.439090733724799,32.01122887096128,-2.8544424970410613,-4.43458050596173,-22.09542485210667,-37.19034925540648,13.040460286776016,0.08771010980869226
0.020534249999999997,0.0034223749999999996,6.0,1.8273894274070985,1.137855867964837,0.07554221259853217,-0.02045856814678601,-0.040191718882780635,0.008797807768519867,0.06829605882693654,-0.16918456525142314,-0.020714433812451877,-0.03578377342338978,4.2653328600690505,5.869250187156711,31.338485257602944,-3.3656266032226294,-4.1507411278092095,-19.146043306102907,-35.91861032600427,11.180989615797392,-0.11459173225984089
0.020534249999999997,0.0034223749999999996,6.0,1.839714614530204,1.1518476080780589,0.07808359722538477,-0.01648587112493883,-0.03578094239083028,0.008384722971040629,0.06830932074232302,-0.270776156455839,0.03393490941554275,0.10983789599251764,4.224172294127726,6.145814928851741,30.344443147101224,-3.766019548975558,-3.840968722827048,-16.361954256734855,-34.41027110558331,9.508650328273813,-0.38320357130068
0.020534249999999997,0.0034223749999999996,6.0,1.8511505507754347,1.1650479673691478,0.08066034118238084,-0.013083737061628567,-0.0314304499102164,0.007782468932547234,0.06832405194939785,-0.37314562891866676,0.0875197908518702,0.2612777933600114,4.24632157037426,6.253661709034421,28.99657337131051,-3.991094287545687,-3.5382211670678805,-13.905988626835942,-32.68756975172043,8.03553181059536,-0.7081004033063794
0.020534249999999997,0.0034223749999999996,6.0,1.861759209084876,1.1774209780978542,0.08318340481656489,-0.010278428762869978,-0.027219338468530037,0.0070263720246857946,0.06833631203047899,-0.46852978757496255,0.1374322638636407,0.4099868835050127,4.336085962887078,6.196618119082037,27.31445798345582,-4.010021461821604,-3.266816285013723,-11.885212074146606,-30.79936452933777,6.760830506740638,-1.0692696778733553
0.020534249999999997,0.0034223749999999996,6.0,1.8716016567451115,1.1889321629468201,0.08556235084249311,-0.00803397866238154,-0.023218817168898603,0.006167747499926705,0.06834358308282477,-0.5504844754451464,0.18180061687977467,0.5484847756699063,4.480378566507171,5.994541807828086,25.364961918191483,-3.83171302593171,-3.0407382013398294,-10.33791928699299,-28.81667451299643,5.67549551858532,-1.439640365167343
0.020534249999999997,0.0034223749999999996,6.0,1.8807258380826117,1.1995531018005825,0.08772039421354028,-0.006271308401591821,-0.01947826173142656,0.005261059115927404,0.06834518715496998,-0.6150487439677261,0.21955446867355363,0.6712008682731297,4.654944152580238,5.678621343223069,23.247126652017197,-3.497548745200144,-2.864446547354445,-9.239915207765097,-26.821255740302387,4.765813000164662,-1.7904976052257928
0.020534249999999997,0.0034223749999999996,6.0,1.8891596398234183,1.2092641347860171,0.0896051237230017,-0.004892825996315686,-0.016023032901458917,0.004354441016340887,0.06834194023470186,-0.6610824222163397,0.2503472694490968,0.7748631228315348,4.832580540552138,5.285840444988829,21.072641024979973,-3.0657790232676265,-2.7350563581327685,-8.523765418122581,-24.89166515962129,4.015567868357234,-2.0975241824193693
0.020534249999999997,0.0034223749999999996,6.0,1.896910257478739,1.218055057345047,0.09119253543898025,-0.003802032223783433,-0.012859727460290661,0.0034851642200954837,0.06833543348426527,-0.6898532216285836,0.2744119843354,0.8584499920439416,4.9902821184712565,4.853539607424329,18.947648799915168,-2.59520807521099,-2.645072228114778,-8.102088500396711,-23.092157015332877,3.4072469538000396,-2.3452098903564784
0.020534249999999997,0.0034223749999999996,6.0,1.903968261928705,1.2259241781829264,0.09248480307252573,-0.0029148748782647114,-0.009982627897348117,0.002678715672822897,0.068327350700227,-0.7042062205379737,0.29239567613787865,0.9228083473911997,5.113401477675313,4.415017058487792,16.959796241180435,-2.133821057784406,-2.5850832006412405,-7.887498970135592,-21.46740119728957,2.9228509709960364,-2.5283182770340726
0.020534249999999997,0.0034223749999999996,6.0,1.910313720270064,1.232876358504343,0.09350398601221666,-0.0021638720098138735,-0.007376565915083176,0.0019492847536178176,0.0683190403952978,-0.7076801453881368,0.30519649758551143,0.9700895690942367,5.196509060870493,3.996848004221901,15.172060405471957,-1.7141209471701726,-2.545938515477321,-7.805457477373279,-20.042899740227437,2.544663423302033,-2.650570545393169
0.020534249999999997,0.0034223749999999996,6.0,1.9159221118744427,1.238920676999526,0.09428428289940814,-0.0014957987935018623,-0.005010107560026088,0.0012990643893460137,0.0683113542178715,-0.7038117153939347,0.31381836654080614,1.0031571187010826,5.241826951892777,3.6181487385558815,13.623092309176721,-1.3539253429559044,-2.5201144294894005,-7.799884760167253,-18.82937317820555,2.2561517533430973,-2.721712522403377
0.020534249999999997,0.0034223749999999996,6.0,1.920768801557805,1.2440682320925274,0.09486485696537614,-0.0008550629603163843,-0.002789563804246347,0.0007084258153468931,0.06830462217552284,-0.69571155439789,0.3192548338964395,1.0250786685752353,5.256547306916141,3.2919283738713156,12.334231474378674,-1.0606246395536807,-2.502252199826011,-7.834056650633412,-17.830846129694482,2.043576589950597,-2.754295107090127
0.020534249999999997,0.0034223749999999996,6.0,1.8809774255320575,-1.2438274516960803,0.06629037889209373,-0.0045170818122542665,-0.009540041884287354,-0.003972047470178857,0.06849960169689683,-0.25172985030374573,-0.08288792199912458,0.45754607449964746,2.532726903777665,-5.845922944194009,18.603077011717144,4.4545686737463255,-0.9897096110296778,3.775232481846249,-21.76123404234889,-1.0117617740579583,-1.5430172927479835
0.020534249999999997,0.0034223749999999996,6.0,1.8768540764908268,-1.2389631947146256,0.06533807903826215,-0.0025438750257323647,-0.0051775389357180965,-0.0021501200387238142,0.06849237501598394,-0.2163329369095111,-0.060974736962550395,0.39392053920030606,2.484585817769724,-6.258431537248579,20.03731368994177,4.988382923556724,-0.9109745322844001,3.508537555538053,-23.01319380755952,-1.0122165812266464,-1.5736112854853255
0.020534249999999997,0.0034223749999999996,6.0,1.8720132853679454,-1.233185758755496,0.06414448362928446,-0.002100361742085058,-0.004260680481755357,-0.0017457212813018993,0.06848347635162531,-0.16868107026923862,-0.03310585960279105,0.3130076828598143,2.435610053862001,-6.603585403181296,21.407601769755704,5.483430236598891,-0.8240409273806174,3.3985705047477555,-24.188961642508126,-1.1614463638583605,-1.6115691264813836
0.020534249999999997,0.0034223749999999996,6.0,1.866468525966081,-1.2264893108386594,0.06269006388006058,-0.0018824740119315077,-0.0038521492337958174,-0.0015477236704792214,0.06847146180459741,-0.1063666816131445,0.0015222800331808838,0.21298065919290152,2.3947521002521026,-6.9424844379626265,22.86785794246702,5.995530315743453,-0.7336754508848848,3.417421534296926,-25.456943711339925,-1.3879140395663077,-1.6610766493672213
0.020534249999999997,0.0034223749999999996,6.0,1.8602286164019184,-1.2188706203546282,0.0609640656514853,-0.0017294883683222405,-0.003613177743347484,-0.001414360828063448,0.06845549019643452,-0.027292731240766508,0.04368693257437653,0.09267488950073938,2.3749285495576147,-7.260885345072676,24.386736963805504,6.498436445956871,-0.6458671356261033,3.6289735660218883,-26.803616772383375,-1.699029209429578,-1.729061413931511
0.020534249999999997,0.0034223749999999996,6.0,1.8532935255831033,-1.2103304569938527,0.05897085119989772,-0.0015929384789785963,-0.0034456985046276596,-0.001304479263375132,0.06843487152655268,0.06977169926745623,0.0940649832609322,-0.047945411030937544,2.3924954568381978,-7.533667374248739,25.903954991576335,6.947845226934431,-0.5674954620946251,4.1170756374222535,-28.18899751347951,-2.1136287914020757,-1.824999994743573
0.020534249999999997,0.0034223749999999996,6.0,1.8456508446474922,-1.2008749379922847,0.05673381789324343,-0.0014527465126851216,-0.0033085438813192196,-0.0012013071614470705,0.06840921407216835,0.18460204547530087,0.15314027833964863,-0.2073131409612787,2.465206409552706,-7.73142365607542,27.346552284145833,7.290633883591374,-0.5057104062417833,4.970330335607811,-29.56169122068623,-2.6562895157331603,-1.9594960033109214
0.020534249999999997,0.0034223749999999996,6.0,1.8372734116752762,-1.1905163992626304,0.054297593918425424,-0.0012995523108752227,-0.0031791756178308856,-0.0010968077177123073,0.0683786649549864,0.31499434203927396,0.22108610425969247,-0.38190484763372584,2.608694538921027,-7.823990848464025,28.63931172510773,7.474604087244135,-0.4671784686529595,6.264968481260549,-30.86766973024535,-3.355168326611678,-2.1415160702680645
0.020534249999999997,0.0034223749999999996,6.0,1.828120610170233,-1.1792736204932561,0.05172376990538329,-0.0011340114134906938,-0.0030450614335101253,-0.000987673076761674,0.06834380312341053,0.45662615106960164,0.2976190131394916,-0.5661028189409805,2.831757074759882,-7.784020221486358,29.71643367765587,7.461372634565156,-0.45683941508562176,8.04441812316207,-32.05899838044615,-4.239308797789266,-2.3749176596742587
0.020534249999999997,0.0034223749999999996,6.0,1.8181396283730111,-1.1671705662144474,0.04909373548516824,-0.0009592502615996513,-0.0028971647084287608,-0.0008734633304590306,0.06830637533742198,0.6030393331604446,0.3818192984091545,-0.7525629018219497,3.132274305156356,-7.590876200546312,30.53543166638992,7.238112113521472,-0.47744514067595484,10.299092417473602,-33.10441859088922,-5.335234875004479,-2.6548291644804043
0.020534249999999997,0.0034223749999999996,6.0,1.8072784364965935,-1.154235073168368,0.04647857991101212,-0.0007851655647476794,-0.002732732535609021,-0.0007565963697161071,0.06826801173880803,0.7476732780568416,0.4720683457141943,-0.933283137614014,3.493453519070143,-7.2347626080765,31.08117098045859,6.825619216157155,-0.5255488819415061,12.955008603760096,-33.98286092912949,-6.657817957374968,-2.967904637128635
0.020534249999999997,0.0034223749999999996,6.0,1.7954907680109602,-1.1404945496906176,0.043956602832732485,-0.0006218169729517222,-0.002553532299285185,-0.0006414750648746028,0.06823090229798844,0.8820232061780395,0.5658755729476859,-1.0985187213563004,3.884902902499369,-6.721424149734147,31.39875135978905,6.280593606177875,-0.5926952076088686,15.876448143874521,-34.717905382799486,-8.213531580754555,-3.2922076948905
0.020534249999999997,0.0034223749999999996,6.0,1.7827463035026665,-1.125973514512095,0.041572643501041395,-0.0004780270141218693,-0.002365530333801523,-0.0005332111621232334,0.06819630673900408,1.0012752181238087,0.6603958480548173,-1.241569987349731,4.26631976331455,-6.073274868285898,31.549979558970325,5.676349180171761,-0.6615844161127216,18.88979780323686,-35.32068045948189,-9.982810841475064,-3.604735347201824
0.020534249999999997,0.0034223749999999996,6.0,1.769032867243635,-1.1106897403729359,0.03935544088366592,-0.0003583512994641247,-0.0021759915792902494,-0.0004360791256595828,0.06816482412754597,1.1022704406360397,0.7526871602531402,-1.3574911287360185,4.595582516109027,-5.329361326293411,31.625004594198774,5.0890961393372605,-0.710778861765749,21.819300665723027,-35.815373379110135,-11.92759287193391,-3.884803654343284
0.020534249999999997,0.0034223749999999996,6.0,1.7543547525969632,-1.0946529147323918,0.037316411915232606,-0.00026278331667010224,-0.0019908778215553358,-0.0003525083888012702,0.06813636942099255,1.1844125063446227,0.8402660546920243,-1.4443414869694426,4.83763499048452,-4.53979466664259,31.71373581687593,4.578910420636591,-0.7195530061189297,24.525320034811084,-36.22459279510446,-13.993486249725482,-4.1180819843655865
0.020534249999999997,0.0034223749999999996,6.0,1.738727031375355,-1.0778651485907609,0.035458142117745214,-0.00018830782252012343,-0.0018136778496566418,-0.00028298527435153235,0.06811056598089178,1.24916011717215,0.9214618091984296,-1.5030794774403713,4.971662134528681,-3.756802938331451,31.884603071804634,4.179260799838179,-0.673930458916149,26.928904294157213,-36.56664064873867,-16.118482615715997,-4.297731675612529
0.020534249999999997,0.0034223749999999996,6.0,1.7221690965505396,-1.060323074272382,0.03378317848141075,-0.00013088956464152085,-0.001645808477160187,-0.00022657438509526647,0.06808713667960425,1.2991386270806273,0.9954792316321626,-1.5367893553940914,4.993932191829992,-3.025136885438375,32.17247638881104,3.896571124998654,-0.5703551730879098,29.014198154828527,-36.85573362288997,-18.243095616745254,-4.42357701874208
0.020534249999999997,0.0034223749999999996,6.0,1.7046997039135476,-1.0420203612260452,0.0322990629064142,-8.682283214451705e-5,-0.0014876753396293272,-0.00018156869087371564,0.06806595064261207,1.3372680518242386,1.062203458170411,-1.5495832406604078,4.915718531436617,-2.3752611904733785,32.57944445050923,3.7175761476360836,-0.41540459640793154,30.811373264985907,-37.103364891589,-20.318245999272605,-4.500313935028681
0.020534249999999997,0.0034223749999999996,6.0,1.6863357707166338,-1.0229493194611308,0.03101541731721562,-5.333536395489319e-5,-0.001339713915082841,-0.0001459884757107764,0.0680470056654703,1.3662961355354521,1.1219590315772334,-1.5455346026813392,4.757883682395333,-1.8213010034002153,33.08547458173765,3.619376758193966,-0.2222041911194503,32.37146284363815,-37.31843353311307,-22.307866644327653,-4.535679491275886
0.020534249999999997,0.0034223749999999996,6.0,1.6670866728827396,-1.003105050721467,0.029956463911669503,-2.8154941773859976e-5,-0.0012017115163603345,-0.0001178656950252717,0.06803055880314396,1.38792085260824,1.1748925692235008,-1.5284161153904516,4.544891810285428,-1.362440062549992,33.662525806639046,3.577021619765073,-0.007792589773339334,33.745047450009785,-37.51362105458414,-24.19265081087904,-4.537099220512094
0.020534249999999997,0.0034223749999999996,6.0,1.646964591291322,-0.9824814021699012,0.029121101759061782,-9.793485066057707e-6,-0.0010742319880614388,-9.548979198732898e-5,0.0680166553629334,1.4041937427181455,1.2216379421509906,-1.5023631516070046,4.3003813559138155,-0.9882092213991269,34.28767241710118,3.5691996555260426,0.21355758820191162,34.97391100551391,-37.69863902034514,-25.959059769334903,-4.513938944115728
0.020534249999999997,0.0034223749999999996,6.0,1.6259786278857669,-0.9610736849004801,0.028522703566696235,3.009844698992662e-6,-0.000957436686040069,-7.742440774978281e-5,0.0680049851666852,1.415887180402971,1.262060478687026,-1.4666916652049071,4.044122189849572,-0.682569980248844,34.93472660115339,3.5756585058866035,0.4273493460288924,36.07553542565068,-37.8736026116284,-27.59966722028473,-4.471471535878472
0.020534249999999997,0.0034223749999999996,6.0,1.6041373391963871,-0.938877274001087,0.02814242986120277,1.1368459439276002e-5,-0.000851069606268579,-6.259612750351811e-5,0.06799537243669598,1.4243575724748891,1.2966834581941722,-1.4245730284894882,3.7923128807979705,-0.4280186423622907,35.59421501239618,3.58221184141587,0.624791573917862,37.065362875636566,-38.046066863801535,-29.110143872516982,-4.417104454715827
0.020534249999999997,0.0034223749999999996,6.0,1.5814488126786765,-0.9158870461263018,0.027952683882468295,1.626099755500359e-5,-0.000754491502097631,-5.025541640247946e-5,0.06798739148016583,1.4307051667298276,1.325995420695768,-1.3775350152798727,3.5568893885503186,-0.2085171973952793,36.25678322016781,3.5775803245557656,0.800104254814624,37.948512954641416,-38.21707258313977,-30.485901349020104,-4.356993643364939
0.020534249999999997,0.0034223749999999996,6.0,1.5579185616501408,-0.8920983272569006,0.027919642145345428,1.8628367577614856e-5,-0.0006666191353698646,-3.9899164822122454e-5,0.06798063103299118,1.4357693579907593,1.3505032346508234,-1.327141001072796,3.3457580253240757,-0.011236962962653264,36.91357535373026,3.554341704017143,0.9507215585253478,38.72801320169144,-38.38665678237705,-31.724390748187925,-4.296479583849424
0.020534249999999997,0.0034223749999999996,6.0,1.5335511517130496,-0.8675058464611513,0.02800251743288309,1.9192132063728634e-5,-0.0005863221674336698,-3.121750430059244e-5,0.0679746452597117,1.4403038761121003,1.3708679359321545,-1.2748433793921317,3.163019131221554,0.17251598182099157,37.55395690084623,3.509197075181712,1.0770355671549836,39.408501123330275,-38.5521760086859,-32.82417961678576,-4.240054698376539
0.020534249999999997,0.0034223749999999996,6.0,1.5083485469055689,-0.8421051164338074,0.02816376399382898,1.8556119000893452e-5,-0.0005124329715994865,-2.3997881738429545e-5,0.06796911119615076,1.4447346093345832,1.3876896903186555,-1.2219884368464629,3.0093644955900736,0.34739866091449695,38.165479710153754,3.442675079932236,1.1813259671948995,39.9981200772774,-38.7107758414056,-33.787632245521515,-4.190690462784969
0.020534249999999997,0.0034223749999999996,6.0,1.4823106511223738,-0.8158926220026106,0.02837268037656523,1.7174614037605262e-5,-0.0004439079890262481,-1.807219532116472e-5,0.06796382967458188,1.4491784833438495,1.4014524767404921,-1.169647146821188,2.8828852480395404,0.5147498942223183,38.73548737566761,3.358347226716531,1.266843322518718,40.50829363975267,-38.85994182804828,-34.62118915324679,-4.149728570558258
0.020534249999999997,0.0034223749999999996,6.0,1.4554359245428832,-0.7888659330425605,0.028607485525097523,1.5365447889762672e-5,-0.0003798753762800587,-1.3284736350663893e-5,0.06795870932616907,1.4534918780776442,1.4124838180516097,-1.1184945965689885,2.7801400450230638,0.6737300816347999,39.253645731394954,3.261667483775086,1.3369060772894987,40.95219352124475,-38.99826467570331,-35.33501743720719,-4.117046122312567
0.020534249999999997,0.0034223749999999996,6.0,1.4277221409854626,-0.7610235742153322,0.028855062893158714,1.3333916773542012e-5,-0.0003196260644405378,-9.481839946660628e-6,0.06795372820726536,1.457366104600186,1.4209630682725756,-1.0687743781838959,2.6971282834066925,0.8223910228110287,39.714214331424365,3.1588695298742624,1.3943566636218514,41.34270508183058,-39.125891598375,-35.94189550898269,-4.091484947028549
0.020534249999999997,0.0034223749999999996,6.0,1.399167114144482,-0.7323646998869439,0.0291090701455926,1.1201526199611502e-5,-0.0002625778983768464,-6.5168895862230055e-6,0.06794890738865521,1.460449491537287,1.4269773184228929,-1.0203712813337829,2.6297919660812323,0.9582488612441106,40.116937318999014,3.056257534639891,1.4415767829907116,41.689858489664104,-39.24396404839814,-36.4551827075383,-4.071368749071939
0.020534249999999997,0.0034223749999999996,6.0,1.3697693307856644,-0.702888624072748,0.029367478263175123,9.031120369145432e-6,-0.00020822755208834472,-4.2559381698033236e-6,0.06794418029038767,1.4624718963937835,1.4306107677224964,-0.9729773589884269,2.574149823559042,1.0785011860385845,40.465209048194666,2.9596893704453637,1.4807078735258266,41.99798689002147,-39.35236292597807,-36.885625996518336,-4.054857697084872
0.020534249999999997,0.0034223749999999996,6.0,1.3395287773944222,-0.6725940212464607,0.029628873063344795,6.854900056065281e-6,-0.0001561127138410537,-2.5856654513434848e-6,0.06793950269168693,1.4633926410984754,1.4320823318869136,-0.9262230493118008,2.5268246878843357,1.1806974452489265,40.76127698824025,2.8736794218064654,1.5132869020476736,42.26525813892163,-39.44646088596274,-37.23780507709846,-4.04011158993201
0.020534249999999997,0.0034223749999999996,6.0,1.3084463854137038,-0.6414792854094893,0.029892565407246226,4.688029207231299e-6,-0.00010577817222500198,-1.4001788197931634e-6,0.06793481740009262,1.4633312252618722,1.4316938142041506,-0.8797495723046044,2.486055625803246,1.2638698131230754,41.00286412028501,2.8004650279545475,1.5393436580712574,42.48846522521121,-39.518397841982704,-37.51142770725581,-4.025399283874505
0.020534249999999997,0.0034223749999999996,6.0,1.2765261071177427,-0.6095411724153891,0.03015263101097555,2.534292228223753e-6,-5.6770008394714754e-5,-5.965349166624786e-7,0.06793009526653479,1.4633704373735097,1.4297914851122364,-0.8357671528546582,2.452382191387623,1.3287890250736591,41.18363385127268,2.7414778929977524,1.5568506371376023,42.66563716016722,-39.558996657015754,-37.705177031236005,-4.009232828525223
0.020534249999999997,0.0034223749999999996,6.0,1.2437629883967805,-0.5767835486330158,0.030425446961595187,3.8823380621233736e-7,-8.63968010261414e-6,-7.181441159861297e-8,0.06792539372735185,1.4616896735461675,1.4262916388411286,-0.7883179237543386,2.4256848085813933,1.3759712368014538,41.30625397825788,2.6949732453207074,1.5650932961375008,42.8105022151934,-39.57355947829285,-37.82466806997149,-3.990778104718893
0.020534249999999997,0.0034223749999999996,6.0,1.2101596172925448,-0.5432052411780482,0.030710706790435475,9.963123576765419e-5,-6.286885016362282e-5,-1.5939512174849565e-6,0.06829864935748331,1.459145089945195,1.421244999934928,-0.7391435406361023,2.4069313522760893,1.4053842346127365,41.3617109147246,2.6632617530667764,1.5620615310609027,42.91927267329294,-39.552546821836316,-37.864436324214594,-3.968992883336994
0.020534249999999997,0.0034223749999999996,6.0,1.175715615271289,-0.5088081170521984,0.03101709743864429,0.00022227470797388924,-0.0001399260302634923,-3.434288340941028e-6,0.06829707385480872,1.455657813527838,1.4145189391831992,-0.6871369842821666,2.3960377947799607,1.4147835167932343,41.35120782132844,2.649593701295769,1.5466456023690112,42.99939869000422,-39.4980217013292,-37.82619187672681,-3.942683397148976
0.020534249999999997,0.0034223749999999996,6.0,1.1404306615740052,-0.47359456793261495,0.03135618539769275,0.0003469172626104944,-0.00021787802837459672,-5.292019936184437e-6,0.06829521610877944,1.4512279185160772,1.4059763122233118,-0.6308405533229897,2.392091059909204,1.399779377443773,41.265202281765106,2.6596244857873415,1.5179305145262114,43.05272082729082,-39.403712199996825,-37.700186118461865,-3.9100215744354156
0.020534249999999997,0.0034223749999999996,6.0,1.1043049303669956,-0.4375676198634981,0.03174513836913257,0.0004745063210027465,-0.00029725776167756183,-7.352480450136008e-6,0.0682932618156715,1.4459854035525608,1.3954617127429665,-0.5680745196062215,2.3933701743641196,1.3540249676255085,41.084665547388795,2.702329802099867,1.4740252176561552,43.086144855201645,-39.261094292034926,-37.46883848741891,-3.8673953920202733
0.020534249999999997,0.0034223749999999996,6.0,1.0673376306545783,-0.4007326673262148,0.03221508678375116,0.0006059822485415327,-0.00037846247526075706,-9.913220165641862e-6,0.06829154348148049,1.4400544071200096,1.3824853332221456,-0.4952780939629702,2.3977207131791856,1.2706397289078144,40.78409607584229,2.791422561663731,1.4095312253470813,43.12645235041514,-39.07089351041057,-37.11239857171928,-3.807251938526266
0.020534249999999997,0.0034223749999999996,6.0,1.029531565713694,-0.3630980371277081,0.03281089228602475,0.000742160436469033,-0.00046164475533522496,-1.3504603163804232e-5,0.06829089169704998,1.4334710071741357,1.3663764348348837,-0.4051945055648046,2.3998617751253475,1.1433300157122372,40.34628126989959,2.9491868791743157,1.3142227979074401,43.230762995846135,-38.85749083222844,-36.60526173372289,-3.7140845730327876
0.020534249999999997,0.0034223749999999996,6.0,0.9908878986342112,-0.32468212690043263,0.03361398091658485,0.0008833909287426179,-0.0005466199335913556,-1.9152703299498665e-5,0.06829317867522479,1.4277617544921153,1.344199931467471,-0.2905687174088149,2.3893192016831386,0.9680053487927694,39.74792860783002,3.2152323784051364,1.1679958675527249,43.47010901960343,-38.66724030926651,-35.91140983706825,-3.5573150692358593
0.020534249999999997,0.0034223749999999996,6.0,0.9514175935956258,-0.28551588828769126,0.03473708741190004,0.0010287603073953933,-0.0006328662958916437,-2.860302665602043e-5,0.06830201230472495,1.4243696578423073,1.3117364803346183,-0.1373839408078955,2.3515848246919946,0.7607958429145396,39.00285181573799,3.635503935934896,0.928974213349881,43.920278694422194,-38.59972366102486,-34.93667972895358,-3.280559038041875
0.020534249999999997,0.0034223749999999996,6.0,0.9111451612802411,-0.24565983047265247,0.03632163720488475,0.001174312712685486,-0.0007199669825980668,-4.440384619321609e-5,0.06832180081231566,1.4256110659263894,1.2598815764178952,0.06794570603678499,2.3059427155873604,0.5938013324462325,38.209671007809455,4.227716002139995,0.5000805219958352,44.60748043712624,-38.848213976741874,-33.5084234660546,-2.806023237583195
0.020534249999999997,0.0034223749999999996,6.0,0.8701078811878963,-0.20523041567710018,0.038453717519644506,0.00130810067915203,-0.0008101468449299991,-6.913295647891017e-5,0.06835076813473535,1.4310738676581247,1.1725625249564764,0.326010153060704,2.392450756773765,0.6185541052568319,37.777403021478804,4.899263491017581,-0.2876764291107206,45.311064784469245,-39.78537324623559,-31.33186551670549,-2.104774327663042
0.020534249999999997,0.0034223749999999996,6.0,0.828369764082374,-0.16439540740554393,0.04079357345877216,0.0013981209935247053,-0.000913773215919546,-0.00010238666191562444,0.0683665154811574,1.437740577467792,1.0338742595785588,0.5836527719010542,2.9665787931537264,0.9911350426930179,38.77578011475381,5.3848656986638535,-1.6088941844658426,44.96110844861025,-41.85820686541112,-27.848551012103695,-1.3576846086878886
0.020534249999999997,0.0034223749999999996,6.0,0.7861751949306444,-0.1232657902657912,0.041598549040028396,0.0013721222838382332,-0.0010433826978787995,-0.0001339043114621559,0.06833193145270351,1.4769255319507018,0.8538961267074299,0.6557588177783227,4.431391305007293,1.6602228367554213,42.67710392061803,5.555888867647489,-3.4831898030274893,40.47255436437968,-44.719978512914324,-22.129975522515288,-0.9482015019798037
0.020534249999999997,0.0034223749999999996,6.0,0.7441599130466783,-0.08186567472763476,0.03678287859223778,0.0011418155457859009,-0.0011473629522815404,-0.00013386839621082827,0.0682417197234819,1.695994364907304,0.6627106343655493,0.19773181029379566,7.144429345727541,2.2315482861584943,47.36180080722512,5.91585749246028,-5.7570392624189,27.500075983245075,-45.3222972904816,-13.837568973160401,-1.3873900833086352
0.020534249999999997,0.0034223749999999996,6.0,0.701400037763934,-0.04045962866531225,0.02416259205378079,0.0007552391732347196,-0.001050497527662647,-6.687182853147836e-5,0.0680571937892245,2.0655613394796,0.4107516189981275,-0.9539239893785654,12.254807626708212,1.7454976648062444,40.791882220871436,5.234457716776545,-7.360327055723655,9.721989689910151,-38.19236324449528,-5.614577004320144,-4.894480570984557
0.020534249999999997,0.0034223749999999996,6.0,0.6532808603201319,0.0015685342769809999,0.012957063354873248,4.628217133820189e-16,-5.060978211167088e-16,1.327343301243095e-16,0.06816368786136552,1.8620647923002152,0.11666992343569632,-2.0856901700050323,15.991215375656699,-0.06090874151719615,16.136074187871987,0.9571632162494356,-5.895043857487714,1.6198533324328932,-25.764837034766376,-1.2464380280457301,-10.096171518168989
0.020534249999999997,0.0034223749999999996,6.0,0.7022880368886084,0.04241262359875956,0.027079133076902802,-0.0005645500202526505,-0.0010041773844280122,-2.5383561808216123e-5,0.06821211693279236,2.1023411580073765,-0.29945575069064173,-0.8076203102398911,12.560784967293896,-4.384731586238514,41.09672032308716,-2.23059654996547,-7.952542506176196,-7.398265270539502,-38.05984257811957,1.025856431529826,-4.608242461117696
0.020534249999999997,0.0034223749999999996,6.0,0.7457116036660412,0.08167787128718469,0.042014523886458134,-0.0010264489580151667,-0.0011617474691330383,7.789114798366195e-5,0.0683744476920175,1.7739329120264251,-0.7209561802455332,0.47022846358229303,7.1247166222966465,-4.595169713847516,47.3838620374759,-3.661887907073503,-5.659641175436879,-27.079298961661245,-45.64798647518247,9.48454005630721,-1.465075446859764
0.020534249999999997,0.0034223749999999996,6.0,0.7879355301555911,0.1220474455062345,0.046480912147188955,-0.0013408262502505426,-0.0010464160646559363,0.000144398934655087,0.06847153887318085,1.6072958157570036,-0.9766702370699533,0.9519658121100104,3.7160269384532003,-2.175164129008303,42.30279754004902,-5.474936459408133,-2.859115040902116,-41.34305805912262,-45.10588074886175,19.45756865867882,-0.8569118975510841
0.020534249999999997,0.0034223749999999996,6.0,0.829851166898542,0.16301022700606527,0.04396123615644618,-0.0013946773079572064,-0.0008994897017556874,0.00013696029646743688,0.06849148243440939,1.5778761666835657,-1.1621505103413807,0.8140654886620745,2.006372456359118,-0.33617076040236743,38.36709731278266,-6.570897898006924,-1.0165153173053574,-46.15212588238312,-41.96635287641504,26.386286283151296,-0.9898571390537629
0.020534249999999997,0.0034223749999999996,6.0,0.8711629589344416,0.20400631630420002,0.04010724725347747,-0.0013093484059732144,-0.0007973795197421584,9.966392194835313e-5,0.06842196754279965,1.5424480095018758,-1.2851723422850676,0.47590376502063925,1.7115756778349753,0.36461528941310756,37.659478525474704,-6.207672772854491,0.094996966776217,-46.36522506002932,-39.84777338704109,30.58791893201443,-1.8065726446111916
0.020534249999999997,0.0034223749999999996,6.0,0.911885004190519,0.24466361582802867,0.03705795290251142,-0.0011750330054360542,-0.0007131373350205781,6.536328300104308e-5,0.06834500247486502,1.5045548092508296,-1.3505413658091983,0.16007959439914116,1.997280541509325,0.28768593305217843,38.445375252997145,-5.211881155129269,0.6713206203240187,-45.51401883254626,-39.08914982270691,33.25509765117731,-2.668601161833346
0.020534249999999997,0.0034223749999999996,6.0,0.9519832691196006,0.28470625502438973,0.03500437773215395,-0.0010285515464370635,-0.0006299728445981014,4.2141603398906824e-5,0.06829986704986846,1.481813225202836,-1.3834853585732714,-0.07874216340487969,2.2922674309175286,-0.10474815962131839,39.50715157029031,-4.275373136790547,0.9476250862440373,-44.772792708394164,-39.04194138394089,35.01476898454727,-3.2398925171615636
0.020534249999999997,0.0034223749999999996,6.0,0.9913715378619099,0.3239966191768713,0.03365416236058022,-0.0008827499983092657,-0.0005455517442533179,2.7990008361763614e-5,0.06828205255493992,1.4744235518252495,-1.403537962033262,-0.25012461627060123,2.4521984324052566,-0.51931861091813,40.40293455694894,-3.610729612795278,1.1019845594847197,-44.32664868192625,-39.24476079125139,36.18669214128199,-3.5541829918899794
0.020534249999999997,0.0034223749999999996,6.0,1.029981668559659,0.3624870843314626,0.03273381787877988,-0.0007414550695973867,-0.00046129375029150643,1.941326100266514e-5,0.06827841880819888,1.4762713455794982,-1.4191909458429055,-0.3755258576087161,2.5078160695221734,-0.8441718769355925,41.059276458660335,-3.195977273919049,1.214329275803764,-44.1008735506154,-39.49798459194353,36.97860275718768,-3.72214534532594
0.020534249999999997,0.0034223749999999996,6.0,1.0677760221712602,0.40016494809167097,0.032072692472872845,-0.0006053439176807692,-0.0003783915958315694,1.3913709873900338e-5,0.06828032780044357,1.4819329751667183,-1.4326374016324106,-0.47114097103513763,2.5125237083230916,-1.0665815966701753,41.514331121127654,-2.95442693302905,1.3063275543226527,-43.99823345219896,-39.73155334730154,37.52671129227956,-3.818851262645743
0.020534249999999997,0.0034223749999999996,6.0,1.104740208524251,0.4370268373992406,0.03155874229120232,-0.0004739678225879433,-0.00029730684458338316,1.0051782706329989e-5,0.06828379952230375,1.488861620030527,-1.444664307259845,-0.5498608251304616,2.501346369196929,-1.2071638114207637,41.82371470807279,-2.8214741888895882,1.3809294032131831,-43.947118685021714,-39.925724524849315,37.90400024111809,-3.882275772410112
0.020534249999999997,0.0034223749999999996,6.0,1.1408648016635867,0.4730732733268654,0.03114458044907732,-0.0003465054204595927,-0.0002179660460663878,7.049593814612468e-6,0.06828732364468916,1.4952140765581028,-1.4547759700771554,-0.617294772819615,2.4909072802211307,-1.2886197276958715,42.024255748856966,-2.7552156808963155,1.4379885385830735,-43.908416087784076,-40.079701875771576,38.15938238938523,-3.9288958188042056
0.020534249999999997,0.0034223749999999996,6.0,1.1761499660762387,0.5083006307193463,0.03079059021102849,-0.000222009026435597,-0.00014000313253366865,4.462468910097737e-6,0.06829039048513275,1.5006905293211026,-1.4631708976866833,-0.6770358892355339,2.4878232541220378,-1.3282012807315144,42.141188278137996,-2.730993991547496,1.4778403275694687,-43.86170998321495,-40.194979342920426,38.31636827839178,-3.965663581691507
0.020534249999999997,0.0034223749999999996,6.0,1.2105948330473104,0.5427078614808808,0.03047755381686297,-9.951464816328278e-5,-6.290893020700909e-5,2.0234133468028774e-6,0.06829285528557019,1.5050831303960635,-1.4698498392706776,-0.731480892974522,2.494018284203284,-1.3369166156313685,42.19153363747961,-2.735272177997644,1.5017877753442168,-43.79926313326405,-40.27876287638417,38.39231818567414,-3.995806059547501
0.020534249999999997,0.0034223749999999996,6.0,1.2441996756501552,0.5762934703016364,0.03019180968308413,-3.851788313631047e-7,-8.663992372033439e-6,2.0025198937244877e-8,0.06792004951993989,1.5084008045443293,-1.474904183349998,-0.7822038337791875,2.5093049876055087,-1.3209865727198296,42.18481686865974,-2.7609483313281697,1.511726226117268,-43.717534421971585,-40.336337561682775,38.39677595390505,-4.021031213722776
0.020534249999999997,0.0034223749999999996,6.0,1.2769644938832614,0.6090565232066154,0.029923775193169286,-2.5091290949963735e-6,-5.691441886562768e-5,2.38814522710361e-7,0.06792512003069404,1.5106754343592173,-1.4783890293704558,-0.8303981649141332,2.5327557671869547,-1.2835944698207296,42.12057431842746,-2.8044131183340824,1.5098591091130935,-43.609139627573775,-40.36640169896298,38.32950930723862,-4.042614876300046
0.020534249999999997,0.0034223749999999996,6.0,1.3088867880471777,0.640998845360437,0.02967238391505383,-4.63382870946866e-6,-0.0001060201817069532,6.923607237246517e-7,0.06793011010776097,1.5115711016220206,-1.4800714678368894,-0.876963170502237,2.563532449541963,-1.2260055254000168,42.00404053721625,-2.8635451380103607,1.4982786768941903,-43.47725356715723,-40.37754498471883,38.19839928958313,-4.061811126436156
0.020534249999999997,0.0034223749999999996,6.0,1.3399703745489546,0.6721171063537503,0.029420792903776045,-6.770896149409181e-6,-0.00015642387813164578,1.470372436840814e-6,0.06793507342037206,1.5117648288387169,-1.4802911314141416,-0.9230385402709129,2.6016455242133643,-1.1491245755363346,41.83134535044019,-2.937410188422706,1.4781494387641392,-43.312971568285285,-40.36500659794505,37.99368991415375,-4.0797949629775
0.020534249999999997,0.0034223749999999996,6.0,1.3702126078969812,0.7024138792298561,0.029171031918596504,-8.924210417488478e-6,-0.00020856806891416096,2.670255274777937e-6,0.06793999977497345,1.5109276816760802,-1.4787226099560742,-0.9692628243870782,2.6478173604802886,-1.0537416410947522,41.59704186908488,-3.023643991194499,1.4502991839159305,-43.11175107825698,-40.32914415020429,37.71088970054371,-4.098116544396215
0.020534249999999997,0.0034223749999999996,6.0,1.3996134823433957,0.7318900565473698,0.028920629801945083,-1.1084334339121991e-5,-0.0002629002084639998,4.405597210704366e-6,0.06794491694910913,1.5091425288709361,-1.4752369177542026,-1.0163255048221433,2.703623692336837,-0.9408720992727275,41.29757587741441,-3.119510190978899,1.4148714618290983,-42.86835573417581,-40.270227208908636,37.34249219208293,-4.1184951541659345
0.020534249999999997,0.0034223749999999996,6.0,1.4281734740135645,0.7605467376387094,0.02866926612912453,-1.3219936461352308e-5,-0.00031988665882388555,6.80119049799881e-6,0.06794982587758336,1.5065602406359038,-1.469687100223524,-1.0647700562449267,2.771473284728227,-0.8119946792892537,40.93155742758386,-3.221221524644349,1.3713717649366355,-42.57730820121099,-40.18975029382188,36.880149195809906,-4.142845049664863
0.020534249999999997,0.0034223749999999996,6.0,1.4558937125650555,0.7883851583290562,0.028419621803171802,-1.5265671504849783e-5,-0.00038003687966550823,9.9927253952529e-6,0.06795478134504691,1.5034062465589666,-1.4619115689941378,-1.1149101605191032,2.8546595489242934,-0.6692324360558166,40.50019832804856,-3.323739848247125,1.318468131421476,-42.231926499436604,-40.089800439568954,36.31437281225758,-4.173127680345769
0.020534249999999997,0.0034223749999999996,6.0,1.4827758058964942,0.8154068793899736,0.028179208227673443,-1.710131232438319e-5,-0.00044393228834870523,1.4116180963986472e-5,0.06795977952562324,1.4999387512244666,-1.4517070193587198,-1.1667554674337857,2.957221047544402,-0.5152285760126151,40.007834415184426,-3.420946336678033,1.2538606283850215,-41.823844797047464,-39.97283093855136,35.63498821351571,-4.2110816759294245
0.020534249999999997,0.0034223749999999996,6.0,1.5088214559011677,0.8416139711635973,0.02796224101049523,-1.8529387142641524e-5,-0.0005122665864422116,1.9305887677542626e-5,0.06796486570032967,1.4963791978483263,-1.438795966171852,-1.2199485198005762,3.083463229240068,-0.35257801694791086,39.46218419853584,-3.50629051713626,1.1743722005142088,-41.34320455405759,-39.84157499697756,34.832105556149074,-4.257835429754275
0.020534249999999997,0.0034223749999999996,6.0,1.5340319111818481,0.8670091856241119,0.027790935758767128,-1.924956630132558e-5,-0.0005858793861329943,2.5694786205876997e-5,0.06797013881256699,1.492822846973369,-1.4227985297038932,-1.2737399792899355,3.2371367157095308,-0.18283260007064575,38.87393490495547,-3.57386123981361,1.0763352113121596,-40.7795448592434,-39.69897340953636,33.89736432970412,-4.313471927021689
0.020534249999999997,0.0034223749999999996,6.0,1.5584072320039701,0.8915960928146912,0.027695648845103272,-1.883600272424468e-5,-0.0006657650019777975,3.3428452792608027e-5,0.06797578466200706,1.4891440607776503,-1.4032181335073164,-1.3270286586460047,3.4204010276415513,-0.0052551357728638235,38.25555978428643,-3.619669766662312,0.9562685882755997,-40.12314496174343,-39.548086553324865,32.82514011843144,-4.376669615917152
0.020534249999999997,0.0034223749999999996,6.0,1.5819456190688819,0.9153790538768616,0.027713061286368613,-1.6722683370777548e-5,-0.0007530312865867572,4.269851462561083e-5,0.06798209741488605,1.484933868608508,-1.379461622117448,-1.3784567615260581,3.6327859311093493,0.18438737966110383,37.619685326018796,-3.642846848677738,0.8117715495652128,-39.36629437042874,-39.39185036897796,31.613240058928746,-4.444557480674563
0.020534249999999997,0.0034223749999999996,6.0,1.6046428698470627,0.938363106060431,0.0278825914079279,-1.2203306330586268e-5,-0.0008487941347714033,5.37945439470871e-5,0.06798948147772298,1.4794793677947309,-1.3508843144383933,-1.4265407248531263,3.8703740289949446,0.3946153420297118,36.97768359407985,-3.646466345310227,0.6424729670514955,-38.50378792945737,-39.23274852993801,30.262915946519282,-4.51284699604644
0.020534249999999997,0.0034223749999999996,6.0,1.626493244289263,0.9605531461442117,0.028238983039517895,-4.443182857085347e-6,-0.0009540078425830085,6.719080781558156e-5,0.06799834244046085,1.47189752969297,-1.3169217688172963,-1.4697050788296773,4.125313819247086,0.6383442061780715,36.33937736458765,-3.637834875667519,0.4509658345276026,-37.531898203688826,-39.07139829056969,28.777324715159214,-4.576279653774686
0.020534249999999997,0.0034223749999999996,6.0,1.6474887224801231,0.9819544231042906,0.028809466494371407,7.490827666430751e-6,-0.0010693078471427587,8.360225464398293e-5,0.06800909639264432,1.4610986876154597,-1.2770596585682787,-1.5063739470886917,4.38562997213654,0.9319105059492605,35.71461789688074,-3.6283156816623094,0.2432635895501043,-36.44525079963222,-38.906856811165966,27.1613564735901,-4.628893561686645
0.020534249999999997,0.0034223749999999996,6.0,1.667620402415301,1.0025719532579862,0.029612636038578957,2.4618782240004637e-5,-0.0011949129717382626,0.00010405335330022642,0.06802195445285165,1.4456973067135641,-1.2307939448594822,-1.5349580405408154,4.635015571930296,1.2932697068190009,35.115158758305796,-3.632570916239306,0.028482829977493546,-35.2284501417657,-38.73353214528013,25.42034405136901,-4.66349840190779
0.020534249999999997,0.0034223749999999996,6.0,1.6868786697663736,1.0224111417130601,0.030638566735679187,4.806058232443937e-5,-0.0013306164606380617,0.00012992199205372093,0.06803722692471727,1.4248644778505366,-1.1780321773280291,-1.5529328444495636,4.853481964329482,1.738611164385377,34.56222805665531,-3.670345995745207,-0.17900419826450378,-33.86524987703398,-38.54847539737132,23.561702570978127,-4.67447776606498
0.020534249999999997,0.0034223749999999996,6.0,1.7052512624289098,1.0414785013623338,0.03188693286340003,7.926752359807185e-5,-0.0014761587936705863,0.0001628202567234859,0.0680548923735313,1.3965748606305983,-1.1181973240053875,-1.5578399291716634,5.01724074480558,2.2788224922033837,34.08021830853741,-3.763412401530456,-0.36464067708926806,-32.314143379395034,-38.34321775141635,21.599192842017327,-4.652600067716311
0.020534249999999997,0.0034223749999999996,6.0,1.7227270475345338,1.059780019317599,0.03333831907439328,0.00012007218672396467,-0.0016311942329193159,0.0002046308819939796,0.06807480017999959,1.3589538327463593,-1.0510354555332113,-1.5460623978384995,5.101574610867911,2.9148956122731087,33.69613060856638,-3.9366524682320834,-0.5118982768076424,-30.525099366471903,-38.106362363906385,19.55286146714716,-4.589676334060269
0.020534249999999997,0.0034223749999999996,6.0,1.7392891744890844,1.0773236041459928,0.03498103984264701,0.0001730192541810525,-0.0017955855401054377,0.0002572195398789251,0.06809697074455279,1.3093254622802613,-0.9762494155215284,-1.5136038911321155,5.085214382612734,3.6332375114731614,33.428348777011486,-4.213228085516335,-0.6075429390366317,-28.44738316377026,-37.82796496181965,17.457327645666016,-4.4776714435761
0.020534249999999997,0.0034223749999999996,6.0,1.754917968211033,1.0941161926095961,0.03680946044556282,0.00024141780648395813,-0.0019690518323572776,0.00032218174954520113,0.06812157840907573,1.2446656501295537,-0.8939017969024434,-1.4565136218406989,4.9562288051651455,4.4040212444631885,33.273216817377204,-4.606770340118639,-0.6453669962926843,-26.050775909146658,-37.49698871447432,15.360890949141403,-4.3108618088724615
0.020534249999999997,0.0034223749999999996,6.0,1.7695932661593703,1.1101615734947858,0.03882174190481151,0.0003288913896176182,-0.0021504430286604388,0.00040041046657626945,0.06814896556345433,1.162266142415269,-0.804758549330779,-1.3718474790439137,4.717453732930099,5.183393284079861,33.19444024834129,-5.111633804089288,-0.629122416680081,-23.350072460120373,-37.099235313364375,13.321503496114422,-4.0883313162500174
0.020534249999999997,0.0034223749999999996,6.0,1.7832992946074393,1.1254578992313775,0.04101575454820165,0.0004381878600031018,-0.002336719525385416,0.0004915171748492832,0.06817960415639307,1.06057394198577,-0.7104683091325413,-1.2587343209963537,4.38868615153395,5.920143136998999,33.12266782119233,-5.695425864774449,-0.5728816764311733,-20.421905491187058,-36.61616722582455,11.3992570133715,-3.8158044751027758
0.020534249999999997,0.0034223749999999996,6.0,1.796031250171557,1.1399955226660272,0.043380376906010876,0.0005694098844113735,-0.002522489868266505,0.0005933649848436634,0.06821370873417314,0.940095312195397,-0.6135120323120861,-1.1191046791116739,4.004079011597714,6.5650636493934105,32.967707869224895,-6.299128234925842,-0.49743964616386577,-17.402547673209853,-36.0244880653961,9.646443314910774,-3.506639365433849
0.020534249999999997,0.0034223749999999996,6.0,1.8078011298076972,1.1537564254773052,0.0458871430523363,0.0007185905747399072,-0.0027009682773287886,0.0007021290624141497,0.06825082030525566,0.8039273396210429,-0.5168654752741156,-0.9577729390423596,3.6052382452665124,7.0796411062635025,32.639715057005986,-6.847131928467274,-0.42439923177161687,-14.464150895713566,-35.298764551910985,8.099140026588081,-3.1808390134948943
0.020534249999999997,0.0034223749999999996,6.0,1.818639081882831,1.16671557957386,0.04849413807168808,0.0008778553430513522,-0.002866316042522761,0.0008131501172765695,0.06828977043954652,0.6566497592782032,-0.42340512074254916,-0.7793813818148332,3.232647754070003,7.44140617402365,32.0757499014558,-7.265591622617517,-0.3717034165545534,-11.777419368218679,-34.42511747478166,6.775042446464473,-2.8609443375154493
0.020534249999999997,0.0034223749999999996,6.0,1.8285930459583324,1.1788446010176175,0.05111802681734418,0.0010380291640227162,-0.0030164174420819934,0.0009223206568107242,0.06832839263797312,0.5072973185886381,-0.3358544559344977,-0.5970192426539714,2.9171562434738827,7.644205243929776,31.23532639074051,-7.497576547717156,-0.3474759898050893,-9.477453899574117,-33.38005498547888,5.6674953953824145,-2.5696802536687935
0.020534249999999997,0.0034223749999999996,6.0,1.8377151525065245,1.1901146888388088,0.05369212941257333,0.0011899893387906783,-0.0031534032798946673,0.0010272180083569329,0.06836495878318281,0.36226965960500374,-0.2559237577414794,-0.41658142271455656,2.676902392837596,7.696821577491419,30.132793807778484,-7.5203852632559185,-0.3559499118471452,-7.639322088583997,-32.1824780696227,4.761716803727634,-2.3209524809904503
0.020534249999999997,0.0034223749999999996,6.0,1.8460610038711456,1.2005006719917886,0.05613222619737194,0.0013296419363858425,-0.0032850610426747038,0.0011279923012611074,0.06839753447186547,0.22830489410807056,-0.18469656664456435,-0.24512749367170175,2.5151908696912035,7.6188282953564865,28.811454211145758,-7.345791757606858,-0.3941136995493603,-6.275704125897201,-30.862285764975585,4.031830233474863,-2.121077170141843
0.020534249999999997,0.0034223749999999996,6.0,1.853672055116012,1.2099827868622646,0.058377587675502454,0.001457806106974887,-0.003424407498815297,0.0012277062242465903,0.06842527779076155,0.10986733063240545,-0.12257721047198408,-0.08817114590375948,2.424612136144056,7.436438720101834,27.33800816184828,-7.011024540369061,-0.45695318001620555,-5.347468079709671,-29.467904167513108,3.4510007669768714,-1.9676589561278492
0.020534249999999997,0.0034223749999999996,6.0,1.860576808148749,1.21854786052563,0.06038274798351119,0.0015819930053138096,-0.003593037432271571,0.0013337032210545491,0.06844789325264632,0.00933487914536025,-0.06947801899360107,0.050785947098688354,2.390563245815559,7.178893249734766,25.78861724453199,-6.567817617318525,-0.5374110907622645,-4.782727226957406,-28.054635339098336,2.993376296482364,-1.8531521550532937
0.020534249999999997,0.0034223749999999996,6.0,1.8667887129219234,1.2261891798767426,0.06212321132785836,0.0017204128186603072,-0.0038317748997634057,0.0014617446877114469,0.068465642861119,-0.0729332400149674,-0.024957850221521694,0.17010921810803176,2.395948999239753,6.874925968082327,24.237205473727787,-6.069315298686894,-0.6278975135361928,-4.496745928153688,-26.67583736965072,2.636857244190389,-1.768051485703559
0.020534249999999997,0.0034223749999999996,6.0,1.8723086945233185,1.232905631642552,0.06359275728692465,0.0019171739871368424,-0.0042380672491347665,0.0016507570766475124,0.0684791400587595,-0.13806290627904336,0.01165270754223162,0.26971530729303395,2.424660428778366,6.54929655166705,22.745062618989834,-5.560324619847818,-0.7211079440834788,-4.408512065307348,-25.37377597210384,2.364761724273955,-1.7035524846948882
0.020534249999999997,0.0034223749999999996,6.0,1.8771279333181046,1.2387002381818502,0.06480223292006279,0.002318306359970987,-0.005148237131031429,0.002034952940255637,0.06848921398633072,-0.18814074544786583,0.04114864254492053,0.35060798754204214,2.463875743928626,6.216476116081436,21.344851967245305,-5.067797958379655,-0.8108272649759563,-4.455285845869966,-24.164512253619698,2.170957937211516,-1.6530484789526685
0.020534249999999997,0.0034223749999999996,6.0,1.8812332921143435,1.2435788132776917,0.06576951474244304,0.004105165255324764,-0.00947309410976066,0.0037608438922321387,0.06849723270361618,-0.2255452153680044,0.06436281162494539,0.4144714430149855,2.5044214530174336,5.819479753266897,19.885391129867042,-4.54065914741052,-0.8920602441939665,-4.658179566785137,-22.8833384345193,2.120622235792068,-1.6123612088234696
0.020534249999999997,0.0034223749999999996,6.0,1.878911694775886,-1.2413973680767227,0.0658210899197685,-0.00016078677853082068,-0.00015259891403996846,-6.195321579507119e-5,0.06835565899208823,-0.23459999547944024,-0.07212358420832814,0.4263063076209151,2.508060848013174,-6.252168981487464,19.798751003259802,4.920573368467588,-0.9498010625313779,3.412832547101147,-22.86387142681514,-0.7878827533673298,-1.5582597854817997
0.020534249999999997,0.0034223749999999996,6.0,1.874428547176207,-1.23607697021571,0.06474967848310781,-0.0005380909070958465,-0.0005136290419769854,-0.00020261553219165753,0.06835146135248382,-0.19326839656727324,-0.04729449848060557,0.3541802957903233,2.4587807417101666,-6.549897827279536,21.006520829943536,5.3543209909857445,-0.8665782285588158,3.324415434728424,-23.882070151099366,-0.9661459701510088,-1.5922025131513518
0.020534249999999997,0.0034223749999999996,6.0,1.8692351190781582,-1.2298402544668656,0.063426326458592,-0.000803949706828516,-0.0007740607832853962,-0.00029437004194625584,0.06834479168108964,-0.13845299089783497,-0.01610553642815207,0.26379815832758846,2.4127541793139917,-6.867980669835572,22.36544985535833,5.8350176222005405,-0.7774149853940685,3.312032302000878,-25.04611273662553,-1.191924340712148,-1.6353391939199244
0.020534249999999997,0.0034223749999999996,6.0,1.863342856927655,-1.2226825301985005,0.06183557528379109,-0.001089139098167664,-0.0010628718587671008,-0.00038595350966116437,0.068334583556308,-0.0678577924127765,0.022240926084876055,0.15361575921115322,2.3809519797660226,-7.182039299688686,23.820422789866317,6.329712489585942,-0.6877332938725073,3.450797309026919,-26.317117665247466,-1.4900216138505207,-1.6932186858935157
0.020534249999999997,0.0034223749999999996,6.0,1.85675663695939,-1.2146024425084534,0.059973490389096204,-0.0013837430822288216,-0.0013763680120460085,-0.0004717725401296966,0.06831946574642082,0.020248958242488336,0.06848006711804662,0.022986238201466103,2.378153703268718,-7.466594196320511,25.311127262680042,6.797221448101194,-0.6040138407821095,3.821625159596724,-27.653956443460068,-1.8797853528140673,-1.7741398624866072
0.020534249999999997,0.0034223749999999996,6.0,1.849470521062017,-1.2056033267549806,0.057853723447129524,-0.0016714869554775862,-0.0017045574408208596,-0.0005437929661048322,0.06829804616557933,0.12642873208230587,0.1232029188205253,-0.12736662274476154,2.421746652653151,-7.69276521299761,26.766288827865523,7.1866662118424385,-0.5333505311818809,4.51342536513163,-29.006439436590373,-2.3841931152308864,-1.8883961214712681
0.020534249999999997,0.0034223749999999996,6.0,1.8414647730924945,-1.195694374628041,0.05551037208919993,-0.0019327080598990833,-0.002031548748155187,-0.0005925130827530053,0.06826924862823992,0.24950332127378658,0.18675199085749952,-0.2949172704090894,2.5288984322513777,-7.830249580513778,28.109641567186465,7.443935938014243,-0.48274337029939024,5.610393975528947,-30.319892172731265,-3.0294954562630734,-2.0461550619519864
0.020534249999999997,0.0034223749999999996,6.0,1.83270477220984,-1.1848911680785974,0.05299828636931288,-0.0021461192870406228,-0.0023339588494858928,-0.0006076952725933673,0.06823272100621441,0.3861581663048418,0.2590875599582832,-0.4750925100571029,2.7124044481762786,-7.850188442431188,29.269723004397935,7.522453527014931,-0.45824444612068704,7.1735472636192,-31.542920833021558,-3.8436956386506576,-2.254160002055594
0.020534249999999997,0.0034223749999999996,6.0,1.823144141151009,-1.1732154022657941,0.05038663766834994,-0.0022991875780859167,-0.00258783175274477,-0.0005813937146643801,0.06818907455236672,0.5310359947706014,0.3396297089590177,-0.6613074763835681,2.9758419871020934,-7.728606841219999,30.19170691992897,7.396240234759049,-0.46352511332476914,9.220524197049716,-32.635410724673605,-4.853755196905276,-2.5123168737773254
0.020534249999999997,0.0034223749999999996,6.0,1.8127283873002298,-1.1606932668503376,0.04775388391178205,-0.002385598276620305,-0.002767227077772001,-0.000509474212819986,0.06814014030837125,0.6771999686371473,0.4271140340596256,-0.8455242408412292,3.3099194032740593,-7.450325318313809,30.850368814065984,7.070185691302841,-0.49848816031763943,11.708563589233044,-33.5762132278883,-6.080945908889189,-2.811431242956419
0.020534249999999997,0.0034223749999999996,6.0,1.8014073093391034,-1.1473525589437092,0.04518254667247665,-0.0024154102552549263,-0.0028577016122993126,-0.00039529520317561006,0.06808878102231508,0.8175259380898601,0.5194549193363865,-1.0195991505181121,3.69095277762591,-7.012546859855359,31.252676809621878,6.5809368942885795,-0.5582503724412322,14.531892003553661,-34.358649580568354,-7.535324162694346,-3.132702405184681
0.020534249999999997,0.0034223749999999996,6.0,1.7891424524978894,-1.133219921966933,0.04272696979932064,-0.002406487076842086,-0.0028581613624880983,-0.00024952083497318037,0.06803864385067118,0.9447024533406979,0.6139547303920714,-1.174280884115457,4.082470696884392,-6.429429139505564,31.462809986945604,5.998567802041495,-0.6287349863828263,17.53130693534804,-35.01080227466159,-9.212157482303573,-3.4537357105015696
0.020534249999999997,0.0034223749999999996,6.0,1.775912498303646,-1.1183166537568414,0.04042628197611946,-0.0023794065563354193,-0.0027806741859023407,-8.748324863942772e-5,0.0679938063911876,1.05487232574322,0.707653327427493,-1.303946377491195,4.4422953179830325,-5.7312977938525504,31.555939037206905,5.398392021095384,-0.6903889189518349,20.5285568275179,-35.5478849298382,-11.082861008413742,-3.7519063990311974
0.020534249999999997,0.0034223749999999996,6.0,1.7617141419820592,-1.102656487388412,0.03829958627358432,-0.002349519849378904,-0.002642439489645024,7.5126491001267e-5,0.06795830135008409,1.1462013098178512,0.7977851740944254,-1.4051393276133766,4.730847033714301,-4.962861307311111,31.624238533454452,4.849412265538696,-0.7213735620759467,23.36300358052558,-35.99316237107621,-13.101143977089052,-4.0094734716383496
0.020534249999999997,0.0034223749999999996,6.0,1.7465579438416292,-1.0862450945980224,0.03635266674295839,-0.002324183134211422,-0.0024579748626206055,0.00022539480708789472,0.06793555902399649,1.219227747582114,0.882252624626842,-1.4774452749916231,4.919643045774784,-4.175701741973968,31.74825632248213,4.39806614234684,-0.7037307916938348,25.924685264135952,-36.36651903849408,-15.20813987308408,-4.215912254080949
0.020534249999999997,0.0034223749999999996,6.0,1.730461957892979,-1.0690814998049927,0.0345870821609163,-0.0023042220338853024,-0.002236087219896465,0.00035415632629250896,0.06792791879534464,1.276119816492365,0.9598411942524809,-1.523018057877871,4.996487788968986,-3.4186584925999566,31.979658599350234,4.062923175454872,-0.6285383952569421,28.168027471496732,-36.683556783913744,-17.342232895318354,-4.367949393712043
0.020534249999999997,0.0034223749999999996,6.0,1.7134455439692453,-1.051160547540877,0.033007672787200945,-0.002287012225680504,-0.001981681068182182,0.0004556081069416838,0.06793638753824882,1.3197400325795297,1.0301350134339038,-1.5456012686557155,4.9657668423900025,-2.7292819990790687,32.335541628316776,3.8387407339093826,-0.4976416511575676,30.103450663045052,-36.956636649343814,-19.448608750353557,-4.468125191232438
0.020534249999999997,0.0034223749999999996,6.0,1.69552566701693,-1.0324754265251614,0.03162609910292812,-0.002269958105754152,-0.0017012386745530682,0.0005268573644057537,0.06796062580782902,1.3528581367891044,1.0932204220787403,-1.5494444958858367,4.84437043380774,-2.1293003290256625,32.80472746544663,3.705798854351765,-0.3217004800554062,31.774807513868808,-37.196341729112525,-21.48548828880538,-4.522669953752334
0.020534249999999997,0.0034223749999999996,6.0,1.6767183364484797,-1.0130184856909417,0.03045190156472997,-0.002248841287875334,-0.001398305005591377,0.0005672378407860137,0.06799912503096679,1.3780193074246887,1.1495300131891129,-1.5383354748253157,4.655620038543886,-1.6249807034716306,33.36110716483668,3.639441713143296,-0.11554191599741102,33.23482710025179,-37.41031076653372,-23.423204798828447,-4.540078122546469
0.020534249999999997,0.0034223749999999996,6.0,1.6570312912143343,-0.992785476263077,0.02950249107544841,-0.002223059733869661,-0.0010844719558298717,0.0005789679279108173,0.06804916789466697,1.396858902882039,1.199332199647722,-1.515653200058727,4.424081741975827,-1.2097505044134091,33.975275300824535,3.6160383367679465,0.10441221324439356,34.52818572174215,-37.60784044795041,-25.246198232135654,-4.528493955220227
0.020534249999999997,0.0034223749999999996,6.0,1.6364759426291284,-0.9717706733127244,0.028790554307042096,-0.0021931402675876253,-0.0007714443683764938,0.0005662725405608343,0.06810682289932596,1.4105693264158867,1.242795714399873,-1.4852600072658442,4.1713388214182165,-0.8701344431810781,34.628677107292454,3.6153183271377394,0.32304157919187154,35.69138579648877,-37.80402195355891,-26.950155609314912,-4.494380400610081
0.020534249999999997,0.0034223749999999996,6.0,1.615061151950721,-0.9499694420581952,0.028304874909438785,-0.0021609477351160825,-0.0004702922024563043,0.0005349899648503234,0.06816730363659197,1.4204973678303705,1.2802353569240874,-1.4461391589309704,3.9156280567484054,-0.589202733683391,35.2959855673371,3.6201802764201227,0.5294977836558418,36.733580342903544,-37.990131641045295,-28.523487397624162,-4.445125840404242
0.020534249999999997,0.0034223749999999996,6.0,1.5927950471583676,-0.9273770975211649,0.02802544319064866,-0.0021295558152501864,-0.0001898465778863885,0.000491677346001607,0.06822571487914371,1.4277446659047919,1.3120889225642043,-1.4013715626635714,3.670888953564661,-0.3503182097420742,35.96997695018782,3.618370657818805,0.7162168535995375,37.66699401676525,-38.1740041869286,-29.9644054603554,-4.3871058071641995
0.020534249999999997,0.0034223749999999996,6.0,1.5696851395159563,-0.9039883085803896,0.02791903322945547,-0.0021013571698145924,6.58184721455742e-5,0.00044247571950127264,0.06827815994371757,1.4333642155846553,1.3389147139316449,-1.3524449495936237,3.447015882276696,-0.13931469839388225,36.64154775768896,3.600924865383912,0.8791898122730244,38.495340054852186,-38.35509415628219,-31.26883844807298,-4.326205694549716
0.020534249999999997,0.0034223749999999996,6.0,1.5457358784858943,-0.8797984560444737,0.02794941425387464,-0.0020786738955197517,0.00029523370268893937,0.0003925658976525982,0.06832233465601673,1.4380880140787098,1.3612503575736903,-1.3009190678656197,3.2499484801723355,0.054297407387994726,37.301005083161684,3.562797693994255,1.01734395464748,39.22233158996586,-38.53252439972971,-32.435467347395125,-4.2672924348198125
0.020534249999999997,0.0034223749999999996,6.0,1.5209507343949722,-0.8548024672843598,0.028076128467447704,-0.002062215342167979,0.0005000023295985466,0.0003452848066269451,0.06835766840609386,1.4425361062500472,1.3797569439350679,-1.2481932807158622,3.081996275434583,0.23690938353859342,37.93673748741077,3.5028950812835817,1.1321691896359,39.85435682162493,-38.70325217417277,-33.46451525386297,-4.214165465070481
0.020534249999999997,0.0034223749999999996,6.0,1.4953305742589404,-0.828996315493325,0.028264675010516778,-0.002051541699455689,0.0006833173281526976,0.0003024180153186399,0.06838482085520108,1.446976421109838,1.394983817884532,-1.1954930233781722,2.9424181327495784,0.4112763397907454,38.53606715591933,3.4235098537018707,1.2265557907159,40.401338750305754,-38.86464912775288,-34.36038120711255,-4.1689739234654795
0.020534249999999997,0.0034223749999999996,6.0,1.4688744825479447,-0.8023770371213217,0.028488760516744323,-0.00204536926773954,0.0008487083991723986,0.0002644774012575875,0.06840507417472153,1.4513849068689388,1.40733776024426,-1.1437001625491894,2.828396560618515,0.5774699478236773,39.08736995432341,3.3293305533111752,1.3038845067560028,40.87573941084093,-39.014858581755085,-35.13140346530574,-4.1322810673745165
0.020534249999999997,0.0034223749999999996,6.0,1.4415804792758815,-0.7749427131375041,0.028731129008529453,-0.002042157834352307,0.0009992324786642947,0.00023121994924786665,0.06841986004413524,1.4555209685271744,1.4170675090101716,-1.093270041697564,2.736112291847242,0.7340139580263997,39.58256040561848,3.2262881238991454,1.3672661382031956,41.29076288860998,-39.15339642003131,-35.78914836952379,-4.103378430050439
0.020534249999999997,0.0034223749999999996,6.0,1.413446282752534,-0.7466922268028586,0.028982364085231513,-0.0020405637843589793,0.001137062560166715,0.00020203860411741997,0.06843049613843695,1.4590388654182063,1.4242966896955882,-1.044248700985372,2.6615092320464013,0.8787075420183519,40.018793870266386,3.1206588034836207,1.4192768351178493,41.6581329291036,-39.28118233410721,-36.346917588798604,-4.080786067164247
0.020534249999999997,0.0034223749999999996,6.0,1.384469916576425,-0.7176249356659175,0.029238754301750308,-0.0020396467560073062,0.001263432174045535,0.0001763795828664726,0.06843808253079742,1.4616073272773322,1.4290930968066216,-0.9964051815626475,2.600550274746924,1.0089220890448565,40.39814589459483,3.018551995396199,1.4621694199781075,41.9852408754685,-39.39920398897022,-36.81719390608069,-4.062719694725033
0.020534249999999997,0.0034223749999999996,6.0,1.3546506368303384,-0.6877398304675983,0.029498756001019803,-0.0020389913638458766,0.0013786766384375948,0.00015363306798462699,0.06844347977188601,1.4630682602152443,1.4316039078587304,-0.9493817110893242,2.549443763272765,1.1219451505633355,40.72409069733907,2.9252392608158093,1.4978835070246548,42.27303092134604,-39.50525784869565,-37.2077887158168,-4.047327270297421
0.020534249999999997,0.0034223749999999996,6.0,1.3239889724803675,-0.6570353965829797,0.02976131951853374,-0.0020383162920027103,0.0014827697558011561,0.00013333199699429296,0.06844732874538098,1.4634741535586546,1.4321000985551628,-0.9028207435073157,2.505514663360688,1.2159952547249453,40.996647810031405,2.844108336149184,1.5272845823878411,42.518087700754336,-39.59260096154625,-37.520339997470806,-4.032799245748528
0.020534249999999997,0.0034223749999999996,6.0,1.292486067740906,-0.6255101089829995,0.0300262674854694,-0.0020370501074363336,0.001575835937687505,0.0001151605869840836,0.06845010320760848,1.4629764783901136,1.4308824752392382,-0.8563313067619298,2.4679920637880715,1.2910342695420916,41.211898873348105,2.7762797656423306,1.5495614287683197,42.719050300111135,-39.65358710438477,-37.75393486413374,-4.0175534925563925
0.020534249999999997,0.0034223749999999996,6.0,1.2601457349114031,-0.5931612535251155,0.030288841223108837,-0.0020345118539399866,0.0016580850746366672,9.866597912617855e-5,0.06845219355627102,1.462625425351374,1.4282159002016261,-0.8120494391118898,2.43797714081255,1.3481790451659557,41.364435063290024,2.722867468970637,1.5623244836839785,42.87686672855635,-39.68152575392169,-37.90885576804478,-4.000301624496532
0.020534249999999997,0.0034223749999999996,6.0,1.2269624980759266,-0.5599930955282972,0.030566907805766347,-0.002029421174689938,0.0017300052462689442,8.403955059327578e-5,0.06845385122277596,1.4605235078238015,1.4239538042398863,-0.7638576175111437,2.415245718440104,1.3874909206266755,41.45834528625519,2.682605395910955,1.5650550049970455,43.00589356107978,-39.683197194849235,-37.99107549587269,-3.980300723437151
0.020534249999999997,0.0034223749999999996,6.0,1.1929388358742286,-0.5260051486980656,0.03086154782649856,-0.002020558580722168,0.0017909146422815441,7.081504192063216e-5,0.06845535182891135,1.4575114633776027,1.4180805408531543,-0.7134177847243179,2.4005045222500767,1.4079952476839854,41.48990377091587,2.6586846682069774,1.555911326840034,43.10699011520632,-39.65443217560347,-37.99930897501743,-3.9564158490901122
0.020534249999999997,0.0034223749999999996,6.0,1.158074346698786,-0.4911995220775476,0.03118266204858948,-0.0020074457349667013,0.0018406104919588757,5.863035923888496e-5,0.0684569317634353,1.45354260359169,1.4104575485756554,-0.6594719988712295,2.3932780958001887,1.4064933116729843,41.45170401415088,2.655358824918653,1.533935313840307,43.18077327630209,-39.58947014794896,-37.92611337805384,-3.9272134096404927
0.020534249999999997,0.0034223749999999996,6.0,1.122368915061445,-0.45557886855291785,0.03154409571487224,-0.0019895445647739795,0.0018785998244782096,4.68474601996909e-5,0.06845887281740042,1.4486810649079092,1.400950608649534,-0.6002678825842374,2.392206562520008,1.37754576191911,41.32877886418494,2.679808489496985,1.4979759063945497,43.22950235739521,-39.47942667073741,-37.75680849310365,-3.8901824689145568
0.020534249999999997,0.0034223749999999996,6.0,1.085822857716078,-0.41914690530923915,0.031968139539221105,-0.001966000340311776,0.001904639871369004,3.460002485699673e-5,0.06846161719672636,1.4431021553756735,1.3893171767568298,-0.5330125710462698,2.395338487677384,1.3143603050167267,41.098259719490706,2.743029330967353,1.4446980160405123,43.26829446170234,-39.31851567404028,-37.47185446488933,-3.8400365037178994
0.020534249999999997,0.0034223749999999996,6.0,1.0484355700775871,-0.3819108197388315,0.032494387275912875,-0.001935626613439949,0.0019188078744207875,2.13438934097441e-5,0.06846605083993403,1.436979659764416,1.3748034317057245,-0.4530075442041737,2.3998430808027686,1.2102599690105185,40.73437796356523,2.8625404148450895,1.3661186497418558,43.338168544261656,-39.116759001049566,-37.050864978156575,-3.7659617305446287
0.020534249999999997,0.0034223749999999996,6.0,1.010210026910807,-0.3438828362184255,0.03318246793549599,-0.0018980267397603542,0.0019204562701421065,7.160540523458619e-6,0.06847397920659744,1.4304587262640034,1.3561659632603764,-0.35151390204508004,2.3972586001490725,1.0594669183466852,40.225192088532346,3.0680321312169534,1.2487888018409643,43.508178157060996,-38.913930730010044,-36.46328145050822,-3.6460474019900406
0.020534249999999997,0.0034223749999999996,6.0,0.9711508840070158,-0.3050868150139191,0.03413003511896904,-0.0018566906582625977,0.0019052151741966064,-5.3506715575182685e-6,0.0684890255318631,1.425606485131438,1.329588622957081,-0.21930348412467443,2.3740436727273138,0.8639314329084248,39.554105273105456,3.4058921342802497,1.0638600114768875,43.851999500954236,-38.77389958740044,-35.65111559978064,-3.437903684204207
0.020534249999999997,0.0034223749999999996,6.0,0.931275661582993,-0.2655655456624645,0.035466882510872405,-0.0018228433140243486,0.0018611450528123806,-5.326003299591153e-6,0.06851763444299418,1.4243267435166325,1.2889444845647156,-0.0413449721742273,2.325141765676817,0.6620855965246935,38.763114826412526,3.9156016152520996,0.7461916790634031,44.43286419936238,-38.83399346391931,-34.48330849889433,-3.071333444740221
0.020534249999999997,0.0034223749999999996,6.0,0.8906155678434053,-0.2254046547687994,0.03732817160378742,-0.0018308401147693965,0.001752131474040154,4.383277491517189e-5,0.06856595798098229,1.4280630793287055,1.2216484863608914,0.1923542513527402,2.3159553631865823,0.563997724229125,38.06558225343919,4.574854054883179,0.16160584001632924,45.19751731510584,-39.36807000317227,-32.73709505706425,-2.4775612032029137
0.020534249999999997,0.0034223749999999996,6.0,0.8492157472750731,-0.1847520888578464,0.03966304789233451,-0.001980753308976809,0.0014631549391955917,0.00023931669852812412,0.06861764662093812,1.4340897408288746,1.1096577152163072,0.462934087401695,2.5907088028704326,0.7366403626105309,38.15374632179286,5.207568806739364,-0.8783996618227892,45.61734245934283,-40.82203096948087,-30.016245254299655,-1.7123091410476405
0.020534249999999997,0.0034223749999999996,6.0,0.8071943074607374,-0.14376703817270897,0.04159381348711057,-0.002498395466661829,0.0006508200468942989,0.0007645054825200373,0.06858372699203674,1.4473169647817365,0.9462835554001303,0.662073599303035,3.5760027793515694,1.2483285101585755,40.43582595973879,5.548763830351168,-2.4881080313847717,43.778218640083416,-43.40781787020632,-25.57282865973926,-1.0878947479667995
0.020534249999999997,0.0034223749999999996,6.0,0.7650112623367413,-0.10249116367277815,0.04018524610942766,-0.0037185351406567968,-0.0015447468985878752,0.001737615362440958,0.06839831419081252,1.552526239851962,0.7596266189001295,0.5145421744322866,5.583873306534627,1.8774954490019888,45.415054059233924,5.813136527577679,-4.595540515209208,35.471469589709706,-45.61831935237438,-18.544628684601513,-0.9883327913254203
0.020534249999999997,0.0034223749999999996,6.0,0.7230253968783003,-0.061054866712420976,0.031159174783227064,-0.006102646785795059,-0.0057379978680257215,0.0025716733546067403,0.06797519237524076,1.8964826369954528,0.5490329128063371,-0.31217889802914145,9.38265355943397,2.0172647785145523,46.14959938185248,6.143023040405395,-6.810487261010607,18.785477837283317,-42.612734498635454,-9.872735519031048,-2.572166298423363
0.020534249999999997,0.0034223749999999996,6.0,0.6780990656907572,-0.0195472635909167,0.017404288269202563,-0.00856323075288737,-0.008105154707270159,0.0020988958100311246,0.06719716913153949,2.0762851749906455,0.2560279946149734,-1.6065080455823748,14.981625350057225,0.7433058275409804,29.311434968986052,3.5153203607728414,-7.044129310742901,4.4406252422079175,-31.393517550870115,-3.5150653842831106,-7.937496039314309
0.020534249999999997,0.0034223749999999996,6.0,0.6785433443366722,0.02239162780016929,0.018704285586087666,0.00105083386103966,0.0012702797351890284,-0.000715925613195023,0.06937809541855501,2.0959523875778765,-0.06057017706709857,-1.5358944166262756,15.189436135908913,-2.3701176606130603,30.21270307011411,-0.8810550052403608,-7.501299463010923,-0.8442217563327544,-31.85194885526998,-0.6540936553820668,-7.688136672897987
0.020534249999999997,0.0034223749999999996,6.0,0.7242884711099851,0.06187056546042054,0.03551845343641498,0.0075353260573500554,-0.00851265420774079,-0.004600952732643235,0.06808826077755249,1.9507781748121311,-0.5324606852162788,-0.09490580955993239,9.614971901976212,-4.7937109547234975,46.17431759304146,-3.3179429546364267,-7.147094750321823,-17.497767361398424,-42.52012266796777,5.121165265233569,-2.467877151654392
0.020534249999999997,0.0034223749999999996,6.0,0.7667356336282323,0.10163735806780085,0.0455463749890309,0.003721002002314,-0.0020558223055976836,-0.002468874618601078,0.06844446592647,1.6586354647131676,-0.8616863732166202,0.814008487722671,5.208978887309935,-3.2699605656867194,45.183761578205356,-4.688983607741607,-4.146731560844676,-35.81650132742325,-46.01946479396912,15.019115140247385,-1.0622473264652617
0.020534249999999997,0.0034223749999999996,6.0,0.8088599987390371,0.14239948501426708,0.04566657169228922,0.0022829662066212717,0.0006988620403812187,-0.0007403618018748732,0.06867358627557593,1.5894684333750773,-1.0757867206911698,0.9317869746732509,2.6532173426143597,-1.0559658636076876,39.99112909789467,-6.27419230533745,-1.8373035161324975,-44.89007799936297,-43.65428358392041,23.5704585380835,-0.8159138264818584
0.020534249999999997,0.0034223749999999996,6.0,0.8504807202710759,0.1834268769196257,0.04200573719901702,0.001796530565881815,0.0014829270070926125,-1.0368361712362041e-5,0.06871618595220765,1.5622630357806915,-1.2317056476955373,0.651596451845402,1.7318011727474656,0.14864523119442383,37.866172632012024,-6.540530463182251,-0.38342007608792106,-46.74725100441514,-40.86627904630779,28.937603631467887,-1.348381096659544
0.020534249999999997,0.0034223749999999996,6.0,0.8914944476799866,0.22429507528023487,0.03845535630694319,0.0017283576665813184,0.00170926333294143,0.00015290562988420957,0.06860896663518146,1.5223235102374133,-1.3234087561632797,0.3100905795332971,1.8292942971209787,0.3877058772530138,38.124681319604605,-5.7304371876021225,0.4340336968812979,-46.16020140828931,-39.50192222240739,32.25172979972395,-2.2633279940022777
0.020534249999999997,0.0034223749999999996,6.0,0.9319139509790906,0.2646699451448006,0.035928047691916806,0.001784234665598322,0.0017906456732069444,0.0001265665193559866,0.06852605787770585,1.4910474461876453,-1.3694715485516449,0.03161122317668201,2.158831273730617,0.10378663453164891,39.1419970964567,-4.711929740483553,0.8326781809486019,-45.299367098046986,-39.17553619394752,34.410776773459446,-2.991509454679217
0.020534249999999997,0.0034223749999999996,6.0,0.971667413266417,0.30434625564776635,0.03426432722298783,0.0018565643415636827,0.0018341688825820439,6.776375084045837e-5,0.06848490422034259,1.476575213462427,-1.3943300322082075,-0.17105292936646663,2.3883602650259403,-0.3207138032635851,40.14265108908975,-3.9073039789119957,1.0326865134142216,-44.702612274620726,-39.28843854877504,35.84208983705594,-3.4210467784401635
0.020534249999999997,0.0034223749999999996,6.0,1.0106729044375755,0.34323941273696834,0.033155772448320145,0.001920227114004083,0.001862253287056417,1.8683389344813745e-5,0.06846718194024072,1.4745693199762537,-1.41164275091036,-0.3170073124411069,2.48925769174269,-0.6939049737567219,40.91397930437663,-3.3782260318831145,1.1609605528773876,-44.37404874021588,-39.526778850281666,36.79870589837825,-3.650218244620079
0.020534249999999997,0.0034223749999999996,6.0,1.0488777952482136,0.3813240493711029,0.03238329687254939,0.001972515737226985,0.0018772690771218395,-1.6539602148710273e-5,0.06845960173152968,1.4787192815732575,-1.425985091395204,-0.42532343033129133,2.513722319836122,-0.9642337113556361,41.45786268358281,-3.0609251987270407,1.2622057259253443,-44.215116130117096,-39.769952412497375,37.45212290746661,-3.775928045761468
0.020534249999999997,0.0034223749999999996,6.0,1.0862584796931263,0.41859437341915984,0.031802640716336435,0.002014560056580161,0.0018788442944995991,-4.171275912420507e-5,0.06845607850458207,1.4853543496561425,-1.4388183795914236,-0.512046412222843,2.5076127977538083,-1.1416752523186042,41.830238976355226,-2.8814147373291146,1.3456227047075102,-44.138112181817526,-39.97992248192783,37.900822172142256,-3.853235502461319
0.020534249999999997,0.0034223749999999996,6.0,1.1228031809765777,0.4550488717930478,0.031344218488938896,0.0020480628651307134,0.0018665130617231027,-6.089399676085697e-5,0.0684541442953491,1.4920832193369393,-1.44988293910185,-0.5845614826507173,2.4955074046734538,-1.2492380974126696,42.07549251733458,-2.7866637280074533,1.411508158443299,-44.09039475106516,-40.147958115629926,38.20721866413763,-3.9070155631167527
0.020534249999999997,0.0034223749999999996,6.0,1.1585085164878561,0.4906856142583055,0.030962423466013793,0.002074317470031538,0.0018404144238239604,-7.66999816943479e-5,0.06845281376779269,1.4980685547431627,-1.4591686965493083,-0.6477733430226074,2.4882620856454114,-1.3072656616994252,42.22495052079825,-2.7444009617381138,1.459881756303779,-44.04265921993156,-40.274725275750676,38.40420722286576,-3.9481438419491925
0.020534249999999997,0.0034223749999999996,6.0,1.1933735304670552,0.5255030912911338,0.03063087202566131,0.0020942796922087037,0.0018010438060474267,-9.132257364450582e-5,0.06845166184545065,1.5030100233041854,-1.466698790252061,-0.7046459394910114,2.4897248170124384,-1.329670775749425,42.299307925206804,-2.7363531446980276,1.491623505027169,-43.98171712354383,-40.36569881487133,38.51231790598586,-3.981348322039609
0.020534249999999997,0.0034223749999999996,6.0,1.227398385079587,0.5594996382569004,0.030332820483635534,0.002108857994476395,0.0017488624805678521,-0.00010604172662352865,0.06845044716617557,1.5068638697780037,-1.4725596857060925,-0.757070179414167,2.500529554557883,-1.3247727937222435,42.31248316553464,-2.752693658627398,1.5083418691918553,-43.903455114117605,-40.427913598538396,38.54531605593212,-4.00887142374974
0.020534249999999997,0.0034223749999999996,6.0,1.260583276160166,0.592674043218811,0.030056941695058747,0.002118854411324051,0.0016840640224863312,-0.0001216008070456642,0.06844897530373045,1.5096590223731297,-1.4768299082798002,-0.8063998640337894,2.5199974882827463,-1.2969653020892198,42.27252560085031,-2.7884722409020863,1.5121383371617996,-43.80634404984806,-40.4671192241365,38.5113666537636,-4.032135825444542
0.020534249999999997,0.0034223749999999996,6.0,1.2929258065328615,0.6250275673508618,0.029800853918668185,0.0021256327437694715,0.0016073993216078734,-0.0001388194408870957,0.06844701438973341,1.511075494974714,-1.479321835723897,-0.8535847119432874,2.5471221020252885,-1.2482469165869645,42.18079113261012,-2.840896162385197,1.5052886694154992,-43.68831768485679,-40.486930191129204,38.41459835431872,-4.0524107714407895
0.020534249999999997,0.0034223749999999996,6.0,1.324429966047211,0.6565568307132086,0.029546987225495893,0.0021302809913090453,0.001518835639591328,-0.0001574746732267246,0.06844432928969478,1.5117986573172357,-1.4803964308763191,-0.8998760672266299,2.5815223993401606,-1.1797231693251178,42.03476532702612,-2.9090102152505,1.4892768441247746,-43.5409299657204,-40.48328086051899,38.24704417848697,-4.070799243464937
0.020534249999999997,0.0034223749999999996,6.0,1.3550929450415532,0.6872642123506933,0.02929673140335007,0.00213332501165957,0.0014185484284813645,-0.00017832119981137432,0.06844053918994983,1.5114744921888668,-1.479743553278515,-0.9459276909795958,2.6234860225121035,-1.0921090714398942,41.828905782357175,-2.9907430659251433,1.4652629016120866,-43.35937139043385,-40.45607102356208,38.004841098049226,-4.0887489241241886
0.020534249999999997,0.0034223749999999996,6.0,1.3849145087871553,0.7171505289463972,0.029046880791646017,0.002135418764662741,0.0013065268980269466,-0.00020181395032884195,0.06843516083296748,1.510151878927513,-1.4772401724450603,-0.9924855483490915,2.674189946366479,-0.9862525213385988,41.55880212192189,-3.083803060694618,1.4336710930784693,-43.138192313480694,-40.40485644603771,37.680873848342074,-4.10786103944495
0.020534249999999997,0.0034223749999999996,6.0,1.4138949080835463,0.7462167477243675,0.028795852916553843,0.002137295768880719,0.0011824742963687557,-0.00022849753747390862,0.06842754944408531,1.5079498842186072,-1.4727515260917672,-1.0401715820024755,2.7356116513373174,-0.863319398403905,41.22193582515857,-3.1850151338062145,1.3943495429096033,-42.87222617828327,-40.33056708464981,37.267290995802675,-4.129961194246919
0.020534249999999997,0.0034223749999999996,6.0,1.4420348624740673,0.7744640967734934,0.028544833143310966,0.00213983879131385,0.0010456596894874617,-0.0002590704833862578,0.06841685930951172,1.5050503454913804,-1.466117803129281,-1.0894323260273127,2.8106005081398853,-0.7250461033661226,40.818132214993,-3.290037689999329,1.3464135053434714,-42.55555827849595,-40.23510505576683,36.75531063823425,-4.157014013483358
0.020534249999999997,0.0034223749999999996,6.0,1.4693358488917587,0.801893883392466,0.02829847659572468,0.0021442142415283253,0.0008946712421864873,-0.0002942064706177414,0.06840201172838653,1.5017094571246439,-1.4571674490245383,-1.1404330149315285,2.9028531469025722,-0.5737967094980715,40.35003309192828,-3.3933010515876116,1.2880566767094563,-42.18077313084381,-40.1206260310616,36.13502612828207,-4.190909823612027
0.020534249999999997,0.0034223749999999996,6.0,1.4957995511358835,0.8285079205723855,0.028067468963580023,0.0021517727495651397,0.0007273693904710692,-0.0003346646403909106,0.06838170774968161,1.498174556382939,-1.4456620833965579,-1.1930097689204764,3.016622115535748,-0.41222843488732736,39.82355151623785,-3.4884270247399085,1.2165161026762672,-41.7387869761616,-39.989651326844864,35.39637720556039,-4.233138218212016
0.020534249999999997,0.0034223749999999996,6.0,1.5214275323544721,0.8543085919183084,0.02786987278904618,0.0021639661804738835,0.0005408217637619033,-0.0003808271496417155,0.06835452499910669,1.4946169039311024,-1.4312769499433458,-1.2466098930017075,3.1560557685210933,-0.24252506459682238,39.247827551557904,-3.5690699140708135,1.1283056152436373,-41.219388964798455,-39.84487011237816,34.53016352096776,-4.284361383764733
0.020534249999999997,0.0034223749999999996,6.0,1.5462205454466686,0.8792990445215939,0.027732020862236136,0.0021819711709853756,0.00033163871502404647,-0.00043227918077923,0.06831917160438994,1.491032855262577,-1.4135745025680355,-1.300300935119345,3.3242488896280125,-0.065277256922367,38.63444074587642,-3.630099408207497,1.0197514194869437,-40.61237777450112,-39.68912172672043,33.529323590722534,-4.344000309114959
0.020534249999999997,0.0034223749999999996,6.0,1.5701777992964325,0.9034832544010387,0.027687756037479857,0.002206162749200114,9.671066010583204e-5,-0.00048726808538521876,0.06827493745860878,1.4871609228831415,-1.3920055901663264,-1.3528406009696536,3.522176478619342,0.12175024750800478,37.99598807412184,-3.6688434587851795,0.8877895535171595,-39.90890735035608,-39.52529000506713,32.38990070866823,-4.409966032136504
0.020534249999999997,0.0034223749999999996,6.0,1.5932962049815063,0.9268660280940374,0.0277759911259131,0.002235849159788134,-0.00016561281207865507,-0.0005423672856054887,0.06822228119339202,1.482426602603932,-1.3659343059716893,-1.402803661600109,3.747742778153175,0.324636369900736,37.34453654059927,-3.686108723116464,0.7308983345373,-39.1024416892256,-39.35620252452705,31.11149390710076,-4.478641112690474
0.020534249999999997,0.0034223749999999996,6.0,1.6155711154771213,0.9494521490150171,0.028033747833916288,0.002269015292354346,-0.0004543876569288867,-0.0005922360204420504,0.0681633248686209,1.4760569708136007,-1.3347723977570334,-1.448629026760182,3.995118091090912,0.5538118342054802,36.69071179890491,-3.686730338826928,0.5501127822268429,-38.18858211785766,-39.183313912064214,29.695977039150417,-4.545230873317755
0.020534249999999997,0.0034223749999999996,6.0,1.6369952329264932,0.9712469300151874,0.02849347475642118,0.002302713981495117,-0.0007649155398339473,-0.0006302991863271544,0.06810183918698146,1.4670235546634143,-1.2979505599084769,-1.4887746355292681,4.254430236490497,0.8236240271981912,36.044384822736106,-3.679652118624103,0.3496401000522602,-37.16302019212725,-39.00720940246275,28.14749751626201,-4.604070336542757
0.020534249999999997,0.0034223749999999996,6.0,1.6575601915572309,0.9922554197925376,0.029175789771485612,0.0023339989309051736,-0.0010887141122250823,-0.0006495095927995619,0.06804262329336472,1.454170759631022,-1.2550363781229024,-1.5217601074517706,4.5116405213442645,1.15110321560221,35.415369004061745,-3.677483400066924,0.1372601196120174,-36.01337775634601,-38.82231002442238,26.469073110481155,-4.648900640956284
0.020534249999999997,0.0034223749999999996,6.0,1.6772566836902407,1.0124827145766881,0.030091949053484925,0.002360766385102649,-0.0014145249703521193,-0.0006435118963913732,0.06799050208574282,1.4361970330814369,-1.2055469373133494,-1.5453023299855262,4.748382686597515,1.5533291084179193,34.824001506740494,-3.6969565493809076,-0.07590803853620472,-34.73146735498148,-38.633610895397055,24.671569432567303,-4.67247464806131
0.020534249999999997,0.0034223749999999996,6.0,1.6960732702459187,1.0319350785245047,0.031231132952146117,0.002382195057267865,-0.0017302731654597304,-0.0006075539338656089,0.06794956882973079,1.4118327197153377,-1.1493042426831974,-1.5572451224863548,4.942854918465674,2.044158836380678,34.290765212598885,-3.758623476323263,-0.27474950576250207,-33.281256165736764,-38.42833986210843,22.760465981493653,-4.668105412703171
0.020534249999999997,0.0034223749999999996,6.0,1.7140007697271213,1.0506176862296863,0.03257841481574284,0.002399680472693633,-0.002026254671327935,-0.0005392309666947458,0.06792276969315501,1.3793532592428535,-1.0859707817333049,-1.5543220400378728,5.070302899860406,2.630345110998759,33.8439237185011,-3.886137875600799,-0.4430158578419286,-31.61860726898672,-38.197566959278866,20.751750691260863,-4.627287042018476
0.020534249999999997,0.0034223749999999996,6.0,1.731022322387837,1.0685388060931436,0.03412605294213605,0.002415555509042105,-0.0022950263487420586,-0.00043883517531819664,0.06791185426634123,1.3361363809994082,-1.0150639133728776,-1.5328688948987308,5.1071098869167,3.305901220925446,33.50856267873663,-4.10417344382935,-0.5661643700859945,-29.691212700914623,-37.93430855083407,18.67483516928646,-4.540945516830708
0.020534249999999997,0.0034223749999999996,6.0,1.747121054270431,1.0857054872547824,0.03586048246316412,0.0024332115706319412,-0.0025321181650664855,-0.00030916208166895977,0.06791737844802018,1.2794739843235774,-0.93652149263228,-1.4887240391783845,5.035842982633695,4.0497344949752145,33.29401375245702,-4.432792944545727,-0.6334630363175161,-27.455413148556953,-37.62685971492488,16.56992324364634,-4.402379946316181
0.020534249999999997,0.0034223749999999996,6.0,1.7622765010055144,1.1021234975653027,0.03777902092278748,0.002455297238414869,-0.0027328958747452853,-0.00015595406232028525,0.06793852867249374,1.2063763577143665,-0.8507025421683092,-1.4183144815231836,4.851340618056936,4.825023576504912,33.18167177697583,-4.877764765189518,-0.6434539774152769,-24.90034529941454,-37.263418764589765,14.490932852156682,-4.207886640641659
0.020534249999999997,0.0034223749999999996,6.0,1.776469857960098,1.117794164789717,0.03988068909250493,0.0024812413580385956,-0.002888786231340194,1.1788290322714318e-5,0.06797310033357326,1.1145854129607946,-0.7587946898455641,-1.3196065671718151,4.5648204309948435,5.5838999478216165,33.118679050303136,-5.421461705073038,-0.6052033452024502,-22.06995635483918,-36.82831738936715,12.497783953457446,-3.9596170857923942
0.020534249999999997,0.0034223749999999996,6.0,1.7896899421998878,1.1327119782289075,0.042160061711083614,0.0025043017538293475,-0.00298509818282846,0.00018138207921793886,0.06801772874566783,1.0034682041705827,-0.6628812640465728,-1.1930586109351853,4.203770822894218,6.275776380012127,33.0239277760304,-6.018564805684404,-0.536737161174724,-19.07136078822598,-36.30128407885962,10.647355602607806,-3.667033661719494
0.020534249999999997,0.0034223749999999996,6.0,1.8019396954678089,1.146863110534224,0.0445983037889699,0.0025100682085999354,-0.0030036253203185115,0.0003372684515055705,0.06806838312434496,0.874779648527247,-0.5657411932197136,-1.0420579952883162,3.8070288110504062,6.856713333077461,32.80537195171611,-6.600976465728754,-0.45999684760669624,-16.06163059682864,-35.65820037822459,8.98389834124259,-3.3470319634437096
0.020534249999999997,0.0034223749999999996,6.0,1.8132404693585196,1.1602258615159524,0.04715658273397825,0.0024788322336344584,-0.0029302937026479585,0.000463856829734947,0.06812093343253112,0.732884730280993,-0.47041031108926884,-0.8726465100146766,3.4165831419348014,7.296444441029989,32.38223919896869,-7.091978113410101,-0.3948519306709997,-13.216172997540216,-34.87522011592532,7.532796076730308,-3.021731211263803
0.020534249999999997,0.0034223749999999996,6.0,1.8236307903752174,1.1727729232045179,0.049783518454752713,0.002392238083447594,-0.002763289912361495,0.0005495973370285985,0.068171637127335,0.5832606013313361,-0.37958611163962086,-0.6901648428631085,3.0692408635573076,7.581394341738406,31.70838856672728,-7.425730556444651,-0.3558300041149796,-10.690600047011946,-33.943387673893106,6.301355064204356,-2.7134108594423285
0.020534249999999997,0.0034223749999999996,6.0,1.8331635736088205,1.184475515427253,0.05238893744105989,0.00224148287675041,-0.0025159989707754355,0.0005900059765225863,0.06821744345090218,0.43530906618319976,-0.2956589328059276,-0.5078728117398613,2.789415719154777,7.7130107527307255,30.76252811817544,-7.56038432754363,-0.34744429233523916,-8.592554407652873,-32.84736185511545,5.275352452668582,-2.4419714268195354
0.020534249999999997,0.0034223749999999996,6.0,1.8418911669775249,1.1953061314827895,0.05490620618669816,0.0020283817372624747,-0.0022112766101510173,0.0005874861720752278,0.06825638877722452,0.29504774254678573,-0.21996224683337331,-0.33121365544017434,2.588226657761975,7.705666438253898,29.57593402425771,-7.490045059268579,-0.3711377950222931,-6.966134606579896,-31.61517177634999,4.436001929477824,-2.2170888627396814
0.020534249999999997,0.0034223749999999996,6.0,1.849865160855136,1.2052422038482253,0.05725568379893972,0.0017671797184916718,-0.0018760007482227924,0.0005495160696755682,0.06828759392510969,0.16836394542810046,-0.1532375971211957,-0.166452333563424,2.4628945711023635,7.582316854580221,28.203541804016627,-7.240633708019046,-0.42211234316747076,-5.797576335582299,-30.28450601577377,3.7567603262762628,-2.040782227934893
0.020534249999999997,0.0034223749999999996,6.0,1.85712016510484,1.2142671512793426,0.05938565348292349,0.0014768598598361759,-0.001533506836526367,0.0004854863316416204,0.0683112681255359,0.05862964986901017,-0.0956237804936035,-0.018140128999714067,2.402024438247401,7.370771456726656,26.717889715697286,-6.8575803861185864,-0.49438563301909716,-5.030145918308967,-28.908216383226357,3.212151327601333,-1.9076388052283046
0.020534249999999997,0.0034223749999999996,6.0,1.8636771179110656,1.2223710625607633,0.061261035541649404,0.0011765100823331305,-0.0012010613512858617,0.00040468397263388524,0.06832837186728487,-0.03282075340432094,-0.0468422813200705,0.11117185559739964,2.389299989168103,7.100486423633138,25.196061509197577,-6.39474327674172,-0.580528938593663,-4.583905710940585,-27.54250003852047,2.7784363376879155,-1.8087710505744397
0.020534249999999997,0.0034223749999999996,6.0,1.8695427772680155,1.229550115947324,0.0628671624922078,0.0008820145617968912,-0.0008896940824027315,0.00031511417028478174,0.06834023991428173,-0.10644105895054717,-0.006326161866389021,0.22065878839965647,2.4078164434660687,6.799728396671386,23.710255901692282,-5.903107913747068,-0.6730308462709453,-4.373498863276905,-26.239648043684916,2.435188253754171,-1.7347855971951227
0.020534249999999997,0.0034223749999999996,6.0,1.8747131573913243,1.2358054520945396,0.06420563518342524,0.0006026144182607078,-0.0006032421898209087,0.00022230826591641722,0.06834824307278449,-0.16386832416497474,0.02666611764701083,0.3108368809942414,2.4428553153518697,6.493573764443732,22.321734145126722,-5.424371621859726,-0.7650101155411816,-4.32060996274003,-25.043025849182932,2.165288834050637,-1.6778451998106874
0.020534249999999997,0.0034223749999999996,6.0,1.8791765225030197,1.241141596903515,0.065292560480117,0.0003356322368675407,-0.00033456115106343296,0.00012718957325282552,0.06835353564608135,-0.20741759082653272,0.05295679815027709,0.3830836625897276,2.4834723184584715,6.202938726732741,21.078740836736543,-4.988349745821699,-0.8508898131657371,-4.36026067892236,-23.985741885052818,1.9544898116345797,-1.6325825052927339
0.020534249999999997,0.0034223749999999996,6.0,1.85223834657058,-1.242691176603049,0.04797454827991733,-0.003970351475104022,-0.004851942730074131,-0.002504303354259837,0.06842548338913643,0.11053375937787409,0.10485240032544263,-0.09088336563890857,2.024196822295866,-6.457438352761494,20.51706776711234,7.335499235969115,0.608364054478082,-0.5743931972358729,-22.356798936277897,0.40003188427649583,-2.6325608767739506
0.020534249999999997,0.0034223749999999996,6.0,1.848109285929461,-1.2378393223237532,0.047027288604756856,-0.0021346934940187747,-0.002574663361336192,-0.0013197438664755987,0.06841448297777068,0.16185206062187021,0.1352619910298078,-0.18133438678477845,2.1023648540320745,-6.697675068047261,21.41784187945359,7.801491800446552,0.7467304686700519,-0.8903862450483295,-23.187464075951958,0.475712038670229,-2.849095322702125
0.020534249999999997,0.0034223749999999996,6.0,1.8432404469217345,-1.2320855642828517,0.04586815448488094,-0.0017218804166025886,-0.0020776840331836383,-0.0010498333810317396,0.0684004508753965,0.22549607672908656,0.172768118221301,-0.2913706040730052,2.2159623157357617,-6.870773387252786,22.267749240713616,8.239149021501543,0.9017896635162983,-1.0467625265569478,-23.986100133219757,0.42163175091960414,-3.1177519792520596
0.020534249999999997,0.0034223749999999996,6.0,1.8376348385861112,-1.2254281520006953,0.044490505160266695,-0.0015142857874633738,-0.001839991408235978,-0.0009119602610990208,0.06838267289767382,0.30320199421181715,0.21796922808435296,-0.4226533014881671,2.3764573558442548,-7.007524670459904,23.11502909555934,8.669359801073316,1.0677881002168697,-1.0610164878324175,-24.817259883528013,0.3032237285979306,-3.444245456061125
0.020534249999999997,0.0034223749999999996,6.0,1.8312905925684118,-1.2178678717267017,0.04289643586119274,-0.0013694538333413474,-0.001687899227821245,-0.0008161846666711317,0.06836061285144811,0.39540230532062676,0.27133006268662485,-0.5750258855840855,2.5959689952431386,-7.090026822991927,23.917266716674153,9.061174552008971,1.2379117861427709,-0.8686084828390879,-25.658116850208373,0.1091871851920822,-3.833880781385903
0.020534249999999997,0.0034223749999999996,6.0,1.8241989470727569,-1.209409005919169,0.0411000238318298,-0.001249324025634277,-0.0015757228379257408,-0.0007388224278795321,0.06833388710577361,0.501531432652724,0.3331356264630113,-0.7469807407035465,2.885375032050767,-7.0939757103913275,24.619498483441447,9.374262969835998,1.4046142337707672,-0.3932482137578066,-26.474461851937352,-0.18311027803737653,-4.289989265821535
0.020534249999999997,0.0034223749999999996,6.0,1.8163428944250073,-1.200060058780488,0.039129336908872596,-0.0011351494253484325,-0.0014803195667705837,-0.00066836184472097,0.06830237582811366,0.6196972116375916,0.4033919201649732,-0.9353072276569275,3.251508195632546,-6.994270869185446,25.16757815226714,9.568072633368454,1.5602862070053152,0.43596034973853953,-27.231790500115086,-0.6011361084037589,-4.811794402637863
0.020534249999999997,0.0034223749999999996,6.0,1.8076972026529676,-1.1898340275540757,0.037026200354112214,-0.0010206549950589662,-0.0013923574379423112,-0.000600661518513995,0.06826633635783469,0.7465283749652413,0.4817122247803844,-1.1349267073652338,3.6939155136613846,-6.768142459918962,25.517503915932007,9.610289195028848,1.6982144232955994,1.6683642519249846,-27.901038902616413,-1.1745884295281104,-5.3921299369569775
0.020534249999999997,0.0034223749999999996,6.0,1.7982303675537228,-1.1787480045895937,0.034843029544799974,-0.000903893872256425,-0.0013059903353230802,-0.0005338199612885823,0.0682264708183326,0.8773240335404247,0.5672018159736998,-1.33903762486461,4.201997108611622,-6.3989591427263806,25.645990188006436,9.486132862848965,1.8138955710185745,3.314406390677243,-28.46406358574339,-1.9311706845344143,-6.015892679630203
0.020534249999999997,0.0034223749999999996,6.0,1.787908528370072,-1.1668219653416294,0.03263684198078758,-0.0007860895961801842,-0.0012175240355772924,-0.00046747701455189094,0.06818391559266967,1.006568715711252,0.6583778670041295,-1.5396571279555742,4.753616536598043,-5.880081145079498,25.55918273962509,9.205121548830926,1.9066797506124626,5.333049739573033,-28.916357268709586,-2.8914725345312884,-6.660296287210504
0.020534249999999997,0.0034223749999999996,6.0,1.776700590764491,-1.154076765080189,0.0304616991066561,-0.0006707011184213863,-0.0011250768169420136,-0.00040247336542141837,0.06814013603330739,1.128751794194264,0.7531855045651757,-1.7285505804458654,5.316213037072069,-5.218341086657065,25.296694268158873,8.802248699368324,1.9813541011102784,7.629926333109314,-29.266230569580006,-4.063364582392529,-7.29756713818235
0.020534249999999997,0.0034223749999999996,6.0,1.764583103262101,-1.1405316382156891,0.02836180418741905,-0.0005622176590517396,-0.0010286586780374482,-0.000340511902537644,0.06809673882683091,1.2392881841663146,0.8491685004878974,-1.8983960602958325,5.850909969467676,-4.435996427680583,24.927768383496446,8.331766789427748,2.048752105926374,10.070508571348578,-29.530631344670148,-5.437438916767312,-7.8996620753940565
0.020534249999999997,0.0034223749999999996,6.0,1.7515432902686154,-1.1262017857066378,0.026367645878455668,-0.0004646587100372122,-0.0009300018558147174,-0.0002835983221789999,0.06805524921342793,1.3352548913296827,0.9437998279881246,-2.0438882251464405,6.319128508346706,-3.569736349495366,24.53843834719226,7.854753474605662,2.124313628698838,12.507066615823156,-29.729375417561847,-6.985368226038956,-8.44344213704554
0.020534249999999997,0.0034223749999999996,6.0,1.7375792900766547,-1.1110967600799226,0.024496553652873936,-0.00038036453983502125,-0.000831849273633285,-0.0002333700097746809,0.0680169248335196,1.4156984910726165,1.0348860339959471,-2.1624312346148407,6.690059752683896,-2.6658731076030855,24.21240455599009,7.42467597940158,2.2242965572581914,14.811191685486682,-29.88020190591107,-8.662537840653973,-8.914356309942098
0.020534249999999997,0.0034223749999999996,6.0,1.7226978159809292,-1.095220144752316,0.022757151383646666,-0.0003096764649105275,-0.0007369966771002801,-0.00019063445544719923,0.06798265818407903,1.4814310985778805,1.1208913637545705,-2.2541762898976705,6.946580573204868,-1.7724088234220334,24.01217559662019,7.076393042788624,2.360864464410023,16.89949972178957,-29.996292163017504,-10.414790903927205,-9.307445037614894
0.020534249999999997,0.0034223749999999996,6.0,1.706910774686439,-1.078570503307237,0.02115478555228117,-0.0002514760670852292,-0.0006476300829498698,-0.00015531650736612206,0.06795298530679471,1.5344615905694365,1.2010561995206464,-2.32139703545255,7.08747356510185,-0.9304744400337476,23.967959306030203,6.822482896513889,2.53843135656772,18.742545042357523,-30.086101603714013,-12.187083265849795,-9.625904921669562
0.020534249999999997,0.0034223749999999996,6.0,1.6902318500616174,-1.0611428242579992,0.019695213855982087,-0.00020415275394807913,-0.0005654087308927264,-0.000126716281552242,0.06792776799769856,1.5773207215704228,1.2752946429081728,-2.3674848661066616,7.125291913436335,-0.16814855016301164,24.078202593010612,6.657060664323432,2.753020517032048,20.355358439969212,-30.154432462352766,-13.93102380047907,-9.878312430468398
0.020534249999999997,0.0034223749999999996,6.0,1.67267124462073,-1.0429317700029135,0.018397885003764086,-0.00016565138589061198,-0.0004906216036115955,-0.00010378686647716514,0.06790723980013628,1.6121069594256645,1.3437561117847256,-2.396203244832867,7.080636518409577,0.5016171065402247,24.319761573963905,6.562905903905049,2.9931042707631303,21.776752881930413,-30.20880061816409,-15.612766347234976,-10.073740789172703
0.020534249999999997,0.0034223749999999996,6.0,1.6542404890056817,-1.0239311445094152,0.017269705092020485,-0.00013460520325452984,-0.0004239117292736417,-8.550861365175145e-5,0.06789077590416774,1.641047540643206,1.406975130298647,-2.4122222207424224,6.97728844925925,1.0786916309486887,24.665265309007744,6.521352115812559,3.246086138099003,23.05307090056756,-30.25620539828634,-17.208794937386312,-10.223374587358261
0.020534249999999997,0.0034223749999999996,6.0,1.6349484704733728,-1.0041361708343226,0.0163317212803706,-0.00010977112971500247,-0.00036540909323832166,-7.092034400790397e-5,0.06787731891973729,1.6652514994057903,1.4649413758677245,-2.414977516183741,6.836653750485876,1.571739858259178,25.078610964624513,6.512577600454626,3.4973287024252597,24.211298117726862,-30.29374597959577,-18.703788453358754,-10.33398245291114
0.020534249999999997,0.0034223749999999996,6.0,1.6148025441628717,-0.9835432623280559,0.015587941742865492,-9.010118920492943e-5,-0.0003149758383178197,-5.9237562058964884e-5,0.06786600904359098,1.6859651781472778,1.5179043193526784,-2.4079641470490345,6.677150108301459,1.9940653228094867,25.54208862861721,6.522220209809097,3.735864864462796,25.275762847497912,-30.3300384968894,-20.092380079717554,-10.41301497276425
0.020534249999999997,0.0034223749999999996,6.0,1.5938090548045412,-0.9621499702643063,0.015035642851072936,-7.468871664804938e-5,-0.000272262996525849,-4.984604749675367e-5,0.067855850507759,1.7040750434933383,1.5659034045230653,-2.3927436886478444,6.513290148809473,2.360043702614195,26.04105786448037,6.538109433376075,3.9532559937098184,26.25583123740009,-30.368364817056563,-21.371209516166335,-10.466546142519302
0.020534249999999997,0.0034223749999999996,6.0,1.5719732700963096,-0.9399545192746347,0.01466085018836545,-6.274154576150833e-5,-0.0002367334411504381,-4.22835423916599e-5,0.06784597940527891,1.7203331167994567,1.6089670288576818,-2.3707059240692265,6.356207750507717,2.682800635119353,26.564908262838117,6.55061964947742,4.144394012943474,27.15325800999423,-30.410268144999527,-22.538100273140742,-10.50060176345119
0.020534249999999997,0.0034223749999999996,6.0,1.5492993071554164,-0.9169552727185175,0.014439133673951249,-5.355751238156214e-5,-0.00020761810082078118,-3.618784276727993e-5,0.06783576518773339,1.7353881637564574,1.647195579249654,-2.343193442105808,6.21398042533874,2.9728800811184612,27.10388156300232,6.5526373232237765,4.307451692827361,27.966466089638676,-30.45525953650592,-23.59115092277852,-10.521432118166107
0.020534249999999997,0.0034223749999999996,6.0,1.5257894293460732,-0.893150771845992,0.014341588351069572,-4.664280345098171e-5,-0.00018454216022899944,-3.1368425609340226e-5,0.06782499108951617,1.74967454114553,1.6807351380760085,-2.311584069288865,6.091577762816191,3.237628954495497,27.646900216539553,6.53959478769954,4.443229114135204,28.694350171510674,-30.502210618492395,-24.53012327672301,-10.53480687695138
0.020534249999999997,0.0034223749999999996,6.0,1.5014446405700965,-0.8685391691375446,0.01433633806979272,-4.1873195561413584e-5,-0.00016811376821997798,-2.7840721417373435e-5,0.0678136619608224,1.7634755907190252,1.709845714720949,-2.2771659341858017,5.991097609406453,3.4813713691129875,28.181011706448384,6.509737835982392,4.554617258659573,29.338882307026953,-30.548689904627174,-25.35621663074534,-10.545714868066035
0.020534249999999997,0.0034223749999999996,6.0,1.4762644517714663,-0.8431185714687959,0.01439499594378678,-3.846511489253436e-5,-0.00015598863405297334,-2.5152625200469167e-5,0.06780202568853029,1.7768410627840057,1.7348164523682479,-2.2410612662282996,5.911976676187621,3.7058778673654444,28.69295256967067,6.463819352920218,4.6454397757629495,29.905960353600822,-30.59292969924307,-26.073617606408547,-10.557416451950578
0.020534249999999997,0.0034223749999999996,6.0,1.450247391695546,-0.8168870906954737,0.01449506497660644,-3.628345399081874e-5,-0.00014811958727791005,-2.32555692829226e-5,0.06779041447014662,1.7896318735551542,1.7559390084928632,-2.204104374966321,5.851672736473546,3.9112746061883485,29.17113984104859,6.404499657658789,4.719545580060064,30.40484669285981,-30.633989737100727,-26.689625701216166,-10.571218316533619
0.020534249999999997,0.0034223749999999996,6.0,1.4233915424974077,-0.7898429403798357,0.01462085653178992,-3.516684717071826e-5,-0.00014417266678060716,-2.2055353194730093e-5,0.06777913040327388,1.8015884436820633,1.7734845788091163,-2.1667845581587613,5.806526008778714,4.096848120449816,29.60812876897626,6.335633076991309,4.780131425622837,30.84668421332154,-30.672414297206565,-27.214158710234237,-10.586657434401543
0.020534249999999997,0.0034223749999999996,6.0,1.39569508735753,-0.7619844477715695,0.014762657531900805,-3.4988615180375456e-5,-0.000143826305592862,-2.146313980772772e-5,0.06776838561896653,1.8124206489724075,1.7877044967538978,-2.1292592186192714,5.772612379771452,4.261692687536601,30.00149301098324,6.261531450169762,4.829454819374866,31.24274287485033,-30.709991694071952,-27.658505141472205,-10.602067199146312
0.020534249999999997,0.0034223749999999996,6.0,1.367156507984645,-0.7333101809285101,0.01491592794122137,-3.564924925116921e-5,-0.0001467845639264418,-2.139992415217598e-5,0.06775827144750604,1.8218584884898168,1.7988175982120467,-2.0914454651681758,5.746396704687048,4.4051157648358945,30.352175369461417,6.186272455498141,4.868821568164981,31.602014440294685,-30.748480775231727,-28.03324797309153,-10.615218272852033
0.020534249999999997,0.0034223749999999996,6.0,1.3377750338293515,-0.7038187161850017,0.015078386428122023,-3.7066223512493873e-5,-0.00015277407287183926,-2.1802141172414384e-5,0.06774882699175586,1.8297372393563724,1.8070562725402046,-2.0530857350001197,5.7252658140097115,4.527003441996634,30.660495035520736,6.113217705100963,4.898843095952091,31.928398382830125,-30.78610968407986,-28.344383932270755,-10.624108909961802
0.020534249999999997,0.0034223749999999996,6.0,1.307550370983909,-0.6735088457545491,0.015249720622301413,-3.916654837385768e-5,-0.0001615338166786872,-2.2623206350951232e-5,0.06774004916770539,1.8359695545172388,1.812636767004264,-2.013842981297594,5.7076169340170555,4.627853288145394,30.92332731846931,6.044759802792446,4.919659756630728,32.220134599051626,-30.81663956668319,-28.592283630317503,-10.62727669064777
0.020534249999999997,0.0034223749999999996,6.0,1.276482643203086,-0.6423795488732793,0.015430584689042659,-4.186709237699327e-5,-0.0001727497900600632,-2.382225571059864e-5,0.06773189537482276,1.8405378967136437,1.815761829551379,-1.9733172209917236,5.692646873891266,4.708476319219371,31.136157097357323,5.98260593360404,4.931237084067491,32.47403812880865,-30.832501556844825,-28.774765471323196,-10.623883957958759
0.020534249999999997,0.0034223749999999996,6.0,1.244574167110494,-0.6104287128966168,0.015617342460776184,-4.4918899714931876e-5,-0.00018541843452928814,-2.5274982630794023e-5,0.06772417237647906,1.8442859462901051,1.816615812217938,-1.9336853577508306,5.680897858547423,4.770017607969706,31.29517755885031,5.929215252501654,4.932832991249532,32.68825764912554,-30.826789901680264,-28.89079373358025,-10.61373084979697
0.020534249999999997,0.0034223749999999996,6.0,1.2118218430335381,-0.5776583507790454,0.015822208251969776,-4.857170221311655e-5,-0.0002006048165208297,-2.7133015382226762e-5,0.06771696463396512,1.8456456352748598,1.8153058935665445,-1.888953925139829,5.6716276059810475,4.812633526147796,31.403657040829206,5.882912406950485,4.92390784175104,32.87541140478019,-30.80444079372549,-28.943895590431485,-10.595535447732086
0.020534249999999997,0.0034223749999999996,6.0,1.1782269215648842,-0.5440679867636958,0.01604736839500769,-5.4151858243230435e-5,-0.00022382868128882586,-3.0159669006452152e-5,0.06771007724932479,1.8452885570038349,1.811777967798864,-1.840877481249854,5.666331571884451,4.836827847365326,31.456569675549606,5.84526627752782,4.901818219167781,33.03945319473987,-30.7619648839418,-28.93333315158957,-10.568149791052226
0.020534249999999997,0.0034223749999999996,6.0,1.143788865458424,-0.5096589339889974,0.01630085345732474,-5.952587204692439e-5,-0.0002463412400706882,-3.322685603592538e-5,0.06770346231475322,1.8430876016048587,1.8058883539177326,-1.7881554926586083,5.665280251255875,4.841066444142255,31.4462641661251,5.818109481047798,4.864284511882779,33.18396133988754,-30.694819570217053,-28.8517097582251,-10.529564763138643
0.020534249999999997,0.0034223749999999996,6.0,1.1085067157911237,-0.47443333116413855,0.016595443715385454,-6.501068917504935e-5,-0.00026955838799024956,-3.661971272421672e-5,0.06769706502240926,1.8389016705988812,1.797388627016558,-1.72898480311361,5.667380634836924,4.821781648078061,31.358835687017947,5.805994846722874,4.809268840109006,33.31217002769677,-30.594909298187556,-28.68508958385724,-10.476649474945932
0.020534249999999997,0.0034223749999999996,6.0,1.0723800016760028,-0.4383937929281762,0.016950232318050644,-7.047675766812702e-5,-0.00029312993870579185,-4.042493009781819e-5,0.06769074644647252,1.8327337143908575,1.7859587318894359,-1.6606808379681266,5.669867250777567,4.773859548292435,31.17685833108747,5.817833844847208,4.7336292753622535,33.4357870417677,-30.455612099324455,-28.413918800031453,-10.40349652613982
0.020534249999999997,0.0034223749999999996,6.0,1.0354089168575409,-0.4015442052145838,0.01739587998255783,-7.567329782447377e-5,-0.0003162897780487699,-4.468937344249248e-5,0.06768417398314464,1.8248807218569238,1.7710286047800363,-1.579105417353575,5.667401703760621,4.691850536046179,30.88696788722451,5.8696060373985715,4.630059521530043,33.588387356636524,-30.282396117939363,-28.017335551927502,-10.297461225290673
0.020534249999999997,0.0034223749999999996,6.0,0.9975989604866305,-0.36389041372787645,0.01797404147908794,-8.023061700234342e-5,-0.0003378677168313238,-4.9416843220598423e-5,0.06767647686111193,1.816144259609776,1.7518042312730115,-1.4769418303430304,5.6500778195618935,4.573517379068505,30.494512805861813,5.988812883724483,4.482420275185818,33.835369872525256,-30.10412958780611,-27.466817186276952,-10.132498094747723
0.020534249999999997,0.0034223749999999996,6.0,0.9589591549191966,-0.32544737528480583,0.01875545785597962,-8.368029881011951e-5,-0.000356215738588641,-5.454230139352098e-5,0.06766637968670886,1.8094982319749502,1.7250722709541475,-1.3467605371993678,5.60566568281724,4.427449936157174,30.000836509596557,6.221557654981724,4.252282872707239,34.25376550057081,-29.96288615223801,-26.71637876003241,-9.857948555524468
0.020534249999999997,0.0034223749999999996,6.0,0.919511975545611,-0.2862478553127959,0.019834185747486462,-8.553194788546542e-5,-0.0003690836015428936,-5.9858758614355174e-5,0.06765144797862296,1.8088437491604787,1.6848628068618936,-1.1763507493731282,5.5265651894922305,4.292157086443648,29.46419368863593,6.625673348877009,3.8606514650870043,34.90826965644251,-29.947602453024704,-25.667083893459637,-9.38721665457925
0.020534249999999997,0.0034223749999999996,6.0,0.8792991858877824,-0.24636420934713696,0.02130313123674139,-8.573297788895014e-5,-0.00037397151351506176,-6.453606269096671e-5,0.06762690193935766,1.8200770089505374,1.6183516020668063,-0.9579256550913829,5.454781147644358,4.255148847692374,29.079706129751614,7.238934942186267,3.154433808813408,35.75343468736348,-30.23680475155509,-24.17085977673481,-8.60921495645776
0.020534249999999997,0.0034223749999999996,6.0,0.8383784184267256,-0.20593644587719626,0.023118262777410806,-8.61033595109349e-5,-0.0003704876562567408,-6.654654273878748e-5,0.06758460392632219,1.847772853943697,1.5041164407289105,-0.7061804112449057,5.579721525358154,4.435241212353358,29.365276521492724,7.987988701431364,1.9066036940240105,36.341284905234325,-31.154205591575717,-22.004600904334236,-7.486325219382175
0.020534249999999997,0.0034223749999999996,6.0,0.7968027807067257,-0.16516798413333114,0.02469766037984378,-9.33165899617142e-5,-0.0003667980957469996,-6.40248502121544e-5,0.06751635836213361,1.8925221393060467,1.3194370711853787,-0.5033421181228109,6.325159049351713,4.846870775028671,31.19506820633106,8.615358392789805,-0.05205114197888981,35.11234342758783,-32.949865935994104,-18.758191443300372,-6.273107907372823
0.020534249999999997,0.0034223749999999996,6.0,0.7546029447240996,-0.12423359671844239,0.024274552076460044,-0.00012192140879945926,-0.0003809945983093928,-5.934859347922771e-5,0.06742746643945921,1.964785993590835,1.0604686428653987,-0.556286732660577,8.222112944602303,5.16440809425898,34.48731932128662,8.865892619672996,-2.535931144038813,28.77270539517095,-34.75839812780832,-13.888566668574573,-5.686181800563486
0.020534249999999997,0.0034223749999999996,6.0,0.7114953154153346,-0.08317724878761051,0.019482059164642435,-0.00017500566196037637,-0.00039087044625820213,-5.6488742639847165e-5,0.0673792972334446,2.0634422078405628,0.7408440869901968,-1.1045810712171782,11.689126640447284,4.676578730454115,33.8264019350084,8.281120296773194,-4.770739093899879,15.653889273018493,-33.436314496199905,-7.83946322491303,-6.918387546547401
0.020534249999999997,0.0034223749999999996,6.0,0.6658698227583486,-0.041708082830999686,0.011980561993204937,-0.00017021497952798178,-0.00028874220777878255,-4.679112046044803e-5,0.06760954024561908,1.954498842118359,0.3870363309387886,-1.9500774636019622,15.403820860920208,2.823195042074497,20.056185037718524,5.111005230690301,-5.344534879451691,3.6400551894791913,-26.831158594559287,-3.0160111409868398,-10.059285981468516
0.020534249999999997,0.0034223749999999996,6.0,0.616603192525971,0.0011692989065580262,0.008939786894960661,-0.00016326571626956737,-0.0002899183915035812,-5.611052899695401e-5,0.06827557287533344,1.394460903823065,0.11054490637364175,-2.3196898492720086,13.91309195494521,0.6154995946055422,0.2906621726881526,0.6273118233136582,-3.7918798286381485,1.3827234111273228,-18.57706787889885,-0.6890003894879642,-10.121212126307054
0.020534249999999997,0.0034223749999999996,6.0,0.6666553174014096,0.04402951556214588,0.013649097287176337,-0.0002646808113984248,-0.00037282883070357154,-4.9423211480107986e-5,0.06794301358406521,2.0112834303563436,-0.1747411399008084,-1.8172305723095843,15.924349034871044,-3.4876978878857963,20.645569268109202,-3.291792713936764,-6.343282730693958,-1.047995972321816,-26.156411522429437,0.24648498500124014,-9.581066304177089
0.020534249999999997,0.0034223749999999996,6.0,0.7131300225441987,0.08411454889750591,0.022846869254921444,-0.0001884944188291898,-0.00018532111453468077,-1.1962363954700213e-5,0.06803513244437788,2.197239198176912,-0.6675694837409006,-0.8537014006177734,12.25351500422754,-6.892530390369913,34.14541548605631,-6.851750103925601,-5.830333015859103,-14.969851120352361,-32.511334400759985,4.057382527703458,-6.423181988368437
0.020534249999999997,0.0034223749999999996,6.0,0.7565275548500792,0.12378815577277498,0.027875076617352824,3.821829941387991e-5,-0.00011641877634489688,1.7738368999514374e-5,0.06725579146803189,2.149951953231013,-1.1171875514340166,-0.2725090099804761,8.153793316113136,-6.76934694736194,34.22926019648171,-8.980569638426426,-2.8791470373249664,-29.680011696960808,-33.89045593188499,10.65648747257179,-5.27464627878816
0.020534249999999997,0.0034223749999999996,6.0,0.7983882793439435,0.16411738936419829,0.027322622784162948,8.635600789157768e-5,-0.00035824465222033104,7.188861583144952e-5,0.06740201503626213,2.068177904273835,-1.432556973822836,-0.27337076927380866,5.781424619784149,-5.259615345356683,30.6504815564021,-9.832706783534459,0.1021987288683381,-36.46105832875045,-32.13513768273661,16.485606081176453,-5.883623348652481
0.020534249999999997,0.0034223749999999996,6.0,0.8394439935399598,0.20482933906981254,0.02458656046345767,0.00010621272225681396,-0.00048745551690905796,0.00010203667592098549,0.06752009519612388,1.9788056641481357,-1.624172372720896,-0.5560748819808975,5.093893306855888,-4.160203095729544,28.929256155566918,-9.322658574526965,2.194922247426757,-37.51891606471741,-30.578894544621598,20.50323359336576,-7.288815554282645
0.020534249999999997,0.0034223749999999996,6.0,0.8799838370228075,0.24540765157840114,0.02194313146798125,0.00011750406354602949,-0.0005348739670892142,0.00010314700507691437,0.06758802683059847,1.9097999578997886,-1.724837955076294,-0.8722109087833618,5.243804026874221,-3.783710674584479,28.936475888710333,-8.24640049564236,3.391347788088796,-36.69423009739266,-30.018216475138463,23.269786921101055,-8.63515181496302
0.020534249999999997,0.0034223749999999996,6.0,0.9199950666098834,0.2854622069143812,0.01999916382691609,0.00012178328151822262,-0.0005371251257665444,9.250850763550814e-5,0.06762167104876796,1.8735990716703725,-1.7743144904124872,-1.1317971247636953,5.543329032258788,-3.8681386265827853,29.61831422152696,-7.290024178630534,4.002734003049882,-35.71350321383758,-30.03239110111093,25.209037330289167,-9.54606303530867
0.020534249999999997,0.0034223749999999996,6.0,0.9593547478611071,0.3247922075086906,0.01867737983899744,0.00012019782447145958,-0.0005165043592225711,8.066107253374586e-5,0.06763924508172345,1.8626311003488534,-1.8010247872525067,-1.326008791324863,5.7469481242140485,-4.123568305506662,30.369640225771395,-6.6524805821292725,4.3222563678530665,-35.00504782377166,-30.239869928829922,26.54776025392726,-10.069204492067115
0.020534249999999997,0.0034223749999999996,6.0,0.9979617574651164,0.36332241641802465,0.017776632281757503,0.00011479493200114576,-0.00048495868142734604,7.052969370956e-5,0.06765041666693644,1.865192939533659,-1.8189682181859603,-1.469983430298718,5.8418395827013345,-4.3844440618217755,30.977279087032592,-6.287177219933686,4.516652551869482,-34.56269092766316,-30.475372808167755,27.46235380944641,-10.358492134570808
0.020534249999999997,0.0034223749999999996,6.0,1.0357612638170615,0.4010323055722935,0.017138187967267685,0.00010735783860092168,-0.00044884062377871937,6.221438114953119e-5,0.06765912072009948,1.872909425883686,-1.833256634224045,-1.578981939089143,5.871929881843075,-4.590051778453687,31.410843135773472,-6.098745530179202,4.655808871267349,-34.292472413846916,-30.68457884473889,28.09162110162051,-10.527738753110423
0.020534249999999997,0.0034223749999999996,6.0,1.0727289929334802,0.4379182478967482,0.016664428368889907,9.906057295389572e-5,-0.00041155148131948586,5.5300842406504975e-5,0.06766678695426655,1.8813637439357327,-1.8452138358142622,-1.6670580397535977,5.8736290612125535,-4.7322905640047335,31.70460853047258,-6.012409337356563,4.763424540445244,-34.11226484097355,-30.86206155925949,28.52905258675076,-10.637053601657795
0.020534249999999997,0.0034223749999999996,6.0,1.1088573787854565,0.4739813328504615,0.016288425964402675,9.060807312179657e-5,-0.0003749603241462857,4.942808805149643e-5,0.06767405540519643,1.8888014443565533,-1.8552242338009417,-1.740371985387205,5.86751559131514,-4.821608811299577,31.88898219380475,-5.983126240239923,4.847578194491531,-33.96969820979145,-31.002439206531097,28.82820407201799,-10.71509378580667
0.020534249999999997,0.0034223749999999996,6.0,1.1441424663693625,0.5092224974141062,0.01598097465546277,8.237520907971401e-5,-0.00034003322036400667,4.435173728690787e-5,0.06768123085403571,1.8943549983027557,-1.8630860409384316,-1.803605681752909,5.862467859460602,-4.870037867013817,31.989792894506916,-5.985627492466775,4.910909599952053,-33.83708188090473,-31.113112777596807,29.025940407030365,-10.773377459412655
0.020534249999999997,0.0034223749999999996,6.0,1.1785847714408526,0.5436411431487665,0.015718854690274883,7.452821302704928e-5,-0.000307120388370816,3.988673243499163e-5,0.06768835853269735,1.8979852922039948,-1.8688842692885286,-1.8595842147051276,5.8621565542401255,-4.887489005118468,32.02481192850695,-6.006879919667501,4.955267168773874,-33.70179598922566,-31.199449624306915,29.14279537868077,-10.817423723014006
0.020534249999999997,0.0034223749999999996,6.0,1.2121851579532488,0.5772365843597884,0.015487717384092718,6.677137596834348e-5,-0.00027482535580823284,3.570883087685921e-5,0.06769549002557694,1.899826322457018,-1.8727243347931222,-1.9102344221253929,5.867375206124353,-4.880199060290467,32.00668432598763,-6.040747731333564,4.982791204931057,-33.55882751315716,-31.26789963694016,29.192593379248727,-10.8501664110554
0.020534249999999997,0.0034223749999999996,6.0,1.2449441265934595,0.6100085018314017,0.01527851611590792,6.108855325608924e-5,-0.0002512096484112809,3.277666255026305e-5,0.06770262712838244,1.8999987816839554,-1.8746576537272293,-1.9569518347149755,5.877185765560944,-4.851056184015953,31.94320244359653,-6.084947102294817,4.996274668788749,-33.40441493759601,-31.323167080533636,29.183946114900778,-10.873460434349688
0.020534249999999997,0.0034223749999999996,6.0,1.2768605219090665,0.6419581060219968,0.015087883735572384,5.622558400506914e-5,-0.00023104718767055345,3.0379618594721035e-5,0.06771007617089257,1.8983391118469066,-1.8745543708310108,-2.000536485965357,5.88984282958369,-4.800436312307993,31.837212632337785,-6.138492760925512,4.998570252178688,-33.233412198724324,-31.368212953202367,29.120671850469883,-10.888413081762373
0.020534249999999997,0.0034223749999999996,6.0,1.3079361017636535,0.6730844079063788,0.014904585561494581,5.1906430119624834e-5,-0.00021315927286194453,2.8349103085755148e-5,0.0677177741047481,1.89526265250788,-1.8724351864508044,-2.0422366044402396,5.904746902419755,-4.728400656984343,31.688436542044414,-6.201692315977048,4.991646600884469,-33.03669446440661,-31.401215574293488,28.997813562791258,-10.896393503304221
0.020534249999999997,0.0034223749999999996,6.0,1.338168817525169,0.70338994891293,0.014730434216435528,4.8344436689237746e-5,-0.000198388887293047,2.6780180344639963e-5,0.06772596612636239,1.8904496597221359,-1.8679451774536218,-2.0824622309309717,5.9218544152020955,-4.634603540501795,31.491621204815832,-6.272444982914864,4.976284101586414,-32.80883007905626,-31.42255191166211,28.813192847363567,-10.898138516788512
0.020534249999999997,0.0034223749999999996,6.0,1.3675583123155566,0.7328762413862616,0.014563997018382985,4.559702296412181e-5,-0.00018693499716375476,2.5697845357413748e-5,0.06773479177037009,1.883902757508062,-1.860833456305372,-2.1217834922110628,5.942401019650759,-4.518996400665273,31.242395765782998,-6.34850907744352,4.95266674641963,-32.54425111558818,-31.432242080667628,28.561699789353263,-10.895067766070392
0.020534249999999997,0.0034223749999999996,6.0,1.3961048007639554,0.761544825791261,0.014405009419247968,4.3716570139283223e-5,-0.00017896326702978435,2.5130340173226103e-5,0.0677443259088217,1.875719420523014,-1.850852414498359,-2.160665977551422,5.968423798191171,-4.381600678328638,30.938162105258467,-6.427073647741974,4.9206137697185035,-32.23740627496751,-31.431048603200367,28.237333858931596,-10.889037567909668
0.020534249999999997,0.0034223749999999996,6.0,1.423809115976339,0.7893973157706257,0.014255240222440535,4.276805254379713e-5,-0.00017466588067656407,2.5117721597785282e-5,0.0677545556185421,1.8660889806742553,-1.8377498008690187,-2.1994150907530003,6.00270662946407,-4.2226716402631475,30.578777758223694,-6.504674861658042,4.879429720612428,-31.881956800242236,-31.420117907804062,27.83307660549948,-10.88213635007649
0.020534249999999997,0.0034223749999999996,6.0,1.4506726755549473,0.8164354247607715,0.014119731284329095,4.283478309360243e-5,-0.0001742661947348226,2.571235886824277e-5,0.06776535937519813,1.8552725018000136,-1.8212624043130872,-2.238106989308663,6.048711426801015,-4.042867921795174,30.167067105065517,-6.57721966339987,4.827617149001271,-31.470470265671636,-31.400714559374403,27.341024587461845,-10.876328575802287
0.020534249999999997,0.0034223749999999996,6.0,1.4766973200031248,0.8426609628844705,0.01400823392541036,4.402544317147663e-5,-0.00017801933468817726,2.6978278774505316e-5,0.06777649927533681,1.8435614818693369,-1.801113387686938,-2.276526242380121,6.110268273762319,-3.8431852229103725,29.709261310494636,-6.640320552301566,4.762702661144092,-30.994657511136573,-31.374182139816394,26.75296546508056,-10.872970934906414
0.020534249999999997,0.0034223749999999996,6.0,1.501884968875855,0.868075821226365,0.013936489828465534,4.647953660504599e-5,-0.00018619521255126766,2.8987928295021908e-5,0.0677876462240731,1.8312124549196052,-1.7770117621389108,-2.314130428307381,6.190965665067513,-3.6245557328122846,29.215015552211618,-6.689936820081717,4.681301537338252,-30.446142485748634,-31.34206760118383,26.06130066875153,-10.872267202405757
0.020534249999999997,0.0034223749999999996,6.0,1.5262371193179443,0.8926819359782294,0.013926766440987337,5.0306947726924176e-5,-0.0001987909024714891,3.17768626031878e-5,0.06779845128560802,1.8183683362410639,-1.748657806004991,-2.3500585065995305,6.2933319899470455,-3.38713816754114,28.69672890014682,-6.723183687911425,4.579472077279158,-29.81761771014661,-31.306283193493798,25.260036869659768,-10.872804067226205
0.020534249999999997,0.0034223749999999996,6.0,1.5497543055179037,0.9164812116253837,0.01400699537209681,5.6232110800222614e-5,-0.00021800116370839678,3.574769286393022e-5,0.06780865718459352,1.8049898567128106,-1.7157607606542782,-2.3831867039183887,6.41798819423955,-3.1294516433097734,28.168015004386515,-6.739085608962818,4.453361597325002,-29.104071843336147,-31.268934476620398,24.34554290496749,-10.871349791564548
0.020534249999999997,0.0034223749999999996,6.0,1.5724356735935505,0.9394754211397148,0.014208143807815442,6.433943047497997e-5,-0.0002431665183766599,4.087816645855564e-5,0.06781822088161725,1.7908210352598979,-1.6780689023418756,-2.4122181531046416,6.562966180380056,-2.847433836392689,27.64242351570004,-6.739213630159915,4.300086265882295,-28.303403352623935,-31.232382493096967,23.316609865447788,-10.863052446262357
0.020534249999999997,0.0034223749999999996,6.0,1.5942787838967742,0.9616661651199364,0.014560064526171307,7.504640141302904e-5,-0.00027460790468975704,4.7345764059323014e-5,0.06782740616053005,1.7753987773356659,-1.6354000524406356,-2.435777706946044,6.723318474044285,-2.533846114813942,27.1319805174876,-6.727914942638258,4.118698930672929,-27.416151574999674,-31.19840476754097,22.17404238408069,-10.84201740471721
0.020534249999999997,0.0034223749999999996,6.0,1.615279657310407,0.9830549941158326,0.015086810670019754,8.897704496873766e-5,-0.00031302561362840593,5.5476892706021215e-5,0.06783680774358732,1.7580934231846579,-1.5876516967902563,-2.452472318015185,6.89098892757889,-2.17813520740749,26.647288853702857,-6.71227469168831,3.9110249201301746,-26.44363701093524,-31.1675193066166,20.919852428578356,-10.802013847709066
0.020534249999999997,0.0034223749999999996,6.0,1.6354329720227592,1.003643741276781,0.01580287934376338,0.00010682047910784862,-0.0003589019606876872,6.568951721248982e-5,0.06784729291002609,1.7381452379728353,-1.5347731811682672,-2.4608750214107316,7.054739415154933,-1.766999281809783,26.199394409457042,-6.701943967077708,3.6821633389074946,-25.384478603479696,-31.138488887110384,19.556753117931617,-10.736902754062429
0.020534249999999997,0.0034223749999999996,6.0,1.6547322395716464,1.0234349976001165,0.01671170103952694,0.0001293625485279503,-0.0004125591243130716,7.854028558497337e-5,0.06785987778274306,1.7146548782876812,-1.4767006530575733,-2.459408438490541,7.199908740768903,-1.285814642423327,25.802936761762552,-6.709140689495473,3.440560566220637,-24.230076785732702,-31.108268694511395,18.08866831959465,-10.640469306989539
0.020534249999999997,0.0034223749999999996,6.0,1.6731698317777286,1.0424325197426567,0.017809447186679532,0.00015751194466520694,-0.0004741425137480069,9.474106394814034e-5,0.0678754735081135,1.6863553149326167,-1.4132332982318532,-2.446163793423716,7.307966439857696,-0.7209448335105402,25.477563060668185,-6.748528844840388,3.197230296826871,-22.956691939528834,-31.070085381821695,16.52178102754373,-10.505196736684569
0.020534249999999997,0.0034223749999999996,6.0,1.6907365719737355,1.0606415326903444,0.019077571973878996,0.00019234196467077003,-0.0005435681478385549,0.00011517264225907635,0.06789516647123922,1.6521091010085334,-1.344208755668788,-2.418568614344912,7.357264502456245,-0.06366586806230964,25.25415633536721,-6.839225399191735,2.966446496028998,-21.538451233691482,-31.023660482526488,14.870826705961967,-10.323710998485238
0.020534249999999997,0.0034223749999999996,6.0,1.7074208814439698,1.0780684214522156,0.02050818239466818,0.00023522295537382534,-0.0006205960838802749,0.00014077552698765042,0.06791947957935779,1.6097049951095586,-1.2691660637202358,-2.373624875214804,7.323884351727965,0.6862772546508713,25.161367451545598,-7.000212319842417,2.760747761615927,-19.92930503815053,-30.963354265470016,13.15923251360288,-10.084632113343893
0.020534249999999997,0.0034223749999999996,6.0,1.723211347667611,1.0947191251718011,0.022085833944843352,0.0002877049804552334,-0.0007045752975208155,0.00017250630830300764,0.06794859648639026,1.5569133306527687,-1.1879105885458083,-2.3077165688554433,7.186716931490803,1.5163157208421851,25.221103881035784,-7.248539318426513,2.5908975327798016,-18.090530605943158,-30.883017939309966,11.421012881818125,-9.777614464270602
0.020534249999999997,0.0034223749999999996,6.0,1.7380942902087353,1.1105987973127247,0.023802837219476614,0.00035137938663606786,-0.0007943623281407636,0.00021106634831091577,0.06798256103585389,1.4912430895845392,-1.1005543301950036,-2.2175164971923245,6.932663392679485,2.399103004829862,25.43359244388948,-7.590663310362623,2.4608621692252077,-16.006572468321394,-30.777020833313156,9.702792718246178,-9.393525561904697
0.020534249999999997,0.0034223749999999996,6.0,1.752057306871736,1.1257091568820288,0.025655165438795934,0.00042734076987851837,-0.0008881130413364557,0.00025661217420890357,0.06802093019320285,1.410600801119137,-1.0078394661102585,-2.100844203078964,6.561989901848307,3.2944955246809644,25.767771755253982,-8.014720045477224,2.3659404424836588,-13.705416496907484,-30.637463070350552,8.058433807777227,-8.927930344331967
0.020534249999999997,0.0034223749999999996,6.0,1.7650932948181546,1.1400467637631648,0.027634541769728915,0.0005154590143802988,-0.0009833719108771357,0.00030853666510249705,0.06806289975836079,1.314104120384116,-0.9112982355819341,-1.957576760353977,6.090771714339187,4.155621379666759,26.160804237324687,-8.486954671644446,2.2940066848688843,-11.267900157418325,-30.451185403004857,6.540394873975711,-8.384778399208075
0.020534249999999997,0.0034223749999999996,6.0,1.7772038398609795,1.153602076796193,0.029723829700659808,0.0006138560910780219,-0.001077597483987714,0.0003654789590676,0.06810728177206053,1.2026363122272639,-0.8131305654417965,-1.7902598259737807,5.548891493858976,4.937188751109962,26.52925509979498,-8.955034197282288,2.2290103518783253,-8.819291636352636,-30.20011683990383,5.191524355420049,-7.7779018457373015
0.020534249999999997,0.0034223749999999996,6.0,1.7884016189098535,1.1663597533054855,0.03189264465217523,0.0007190971983641529,-0.0011690079430852654,0.0004256923356150085,0.06815257514607313,1.0790677354058489,-0.7158895485741458,-1.604067914907921,4.97440573377692,5.603144137613312,26.787782349255664,-9.35866048516261,2.1557637558943896,-6.504425775804509,-29.863673062108305,4.038566907877456,-7.130169489671311
0.020534249999999997,0.0034223749999999996,6.0,1.7987102182364758,1.178300255514073,0.03409681915736244,0.0008271877651005327,-0.0012572983582821628,0.0004876243424355466,0.06819713077846214,0.9479673776084453,-0.6220837271821987,-1.4061345686053022,4.4062674217636495,6.131300846888429,26.868002193849513,-9.643723713443743,2.0636256314461576,-4.456067537596983,-29.4237534694377,3.0897700594877535,-6.469893053209806
0.020534249999999997,0.0034223749999999996,6.0,1.808161125550014,1.1894022771119066,0.03628222287533175,0.0009349123434875254,-0.0013439249171591614,0.0005504403967789377,0.06823937380889968,0.8148789777155219,-0.5338452634337396,-1.204489420523149,3.8777409923772015,6.514309794293388,26.731102073803353,-9.774695344856069,1.9479124691633989,-2.76851558056757,-28.870715119424663,2.336703937614832,-5.825653461540599
0.020534249999999997,0.0034223749999999996,6.0,1.8167888296629464,1.199645284014372,0.038391598002591724,0.0010409922782599888,-0.0014321504576598459,0.0006143763016212788,0.06827801271897539,0.6854008855282805,-0.4527495708026099,-1.0069379149207731,3.4121542026778284,6.757830420370037,26.37154916595844,-9.741046582559296,1.8093261143262498,-1.4844692499393422,-28.20785821499737,1.7589039541002898,-5.221480317004077
0.020534249999999997,0.0034223749999999996,6.0,1.8246256257345619,1.209011575912407,0.040372064617172215,0.0011470308742501697,-0.0015274378685937876,0.0006810948459373744,0.06831217699746371,0.5643547242750608,-0.3797852681587673,-0.8201650630039847,3.0215417429381066,6.877255883226115,25.81303910169715,-9.556397335092232,1.6524241647763391,-0.5964469770359507,-27.45254268387726,1.3294456067393965,-4.673965907714444
0.020534249999999997,0.0034223749999999996,6.0,1.8316976005154828,1.2174875590955307,0.04218110276782173,0.0012586577577528184,-0.001638768926141608,0.0007543681828320072,0.06834145763406435,0.45525081345939566,-0.3154215370621445,-0.6492082521763122,2.7077757007850933,6.894075375853597,25.09984470683469,-9.252055627581475,1.4840090470441498,-0.058683306551386344,-26.633656982952612,1.0199294254654978,-4.191784747829244
0.020534249999999997,0.0034223749999999996,6.0,1.8380225827087695,1.2250641930314856,0.04378976719635408,0.00139294065384548,-0.0017885092814508747,0.0008447804178643482,0.06836585864520535,0.3601184611082077,-0.259715700500018,-0.49730788031553974,2.465226029820222,6.832262518472338,24.28636714308957,-8.867927822218917,1.311816702929428,0.19622912722517372,-25.786185230665364,0.804462319821492,-3.7770427327496505
0.020534249999999997,0.0034223749999999996,6.0,1.8436100485166096,1.2317367478722767,0.04518300404967802,0.001584983154668316,-0.002021257512697407,0.0009743996864496139,0.06838569018278443,0.2796431181272654,-0.21242504305807172,-0.3660552025248253,2.2838941530050496,6.715256847330998,23.427883323334584,-8.444107154028714,1.1435429536931871,0.2416794764572968,-24.945337429149877,0.6620362457232231,-3.4274371066982354
0.020534249999999997,0.0034223749999999996,6.0,1.8484624358995752,1.2375040880342834,0.04635773512702144,0.0019660440379631185,-0.0025060599584444884,0.0012269557023371137,0.0684014517341467,0.2134867831068748,-0.1731085383982674,-0.25572205113490676,2.152200616205881,6.560649422652983,22.56743702441551,-8.011913663531072,0.9861559001509015,0.1405867841220433,-24.13547106932569,0.582384950993499,-3.138356516356782
0.020534249999999997,0.0034223749999999996,6.0,1.8525771546131273,1.2423677071422268,0.047319691022914064,0.0036587303808679763,-0.004722232463434767,0.002331479581785402,0.06841382504564901,0.16066597086483106,-0.14121561276242164,-0.16566321848041027,2.0589942528104994,6.340351291989177,21.653699063139282,-7.552538848093712,0.8454687687251458,-0.12030315703806119,-23.289058640566385,0.6250189939433194,-2.9044630215356464
0.020534249999999997,0.0034223749999999996,6.0,1.8501718072572029,-1.2402664129699525,0.047504999695565334,-6.063339734339827e-6,-2.8059038650707455e-6,-1.6076664597143769e-6,0.0683253546528478,0.13547341090086454,0.11988160654145702,-0.1352468435161347,2.0612471221800255,-6.707429224515325,21.223041706701938,7.699168927873991,0.6783924639038127,-0.9432751943840703,-23.025216319067898,0.6409128807289054,-2.7396395860838365
0.020534249999999997,0.0034223749999999996,6.0,1.8456726236779495,-1.2349637346709048,0.04645229911197203,-2.0727759047457704e-5,-9.647476910300889e-6,-5.3644507738731776e-6,0.06831515067358032,0.19320617335655968,0.15381418750680986,-0.2358625601028455,2.1562458389536094,-6.8672995828088155,22.006913680297043,8.104273451866149,0.8255187487749197,-1.1090661382693168,-23.7466418093259,0.578439507314045,-2.9817645877285286
0.020534249999999997,0.0034223749999999996,6.0,1.840435595624062,-1.2287580503838642,0.04518362137709812,-3.1262804715712306e-5,-1.4684977723889835e-5,-7.867821613699198e-6,0.06830133773173007,0.2638503305126643,0.19513350381157032,-0.35654410453232277,2.292279313721055,-7.010551431794632,22.835395507703204,8.527697803817013,0.9866141348752234,-1.1793807207721183,-24.539836992948036,0.4727260761036466,-3.2788934485962793
0.020534249999999997,0.0034223749999999996,6.0,1.8344615053699294,-1.2216487795028153,0.043696348620919596,-4.2755932004378716e-5,-2.035561602348154e-5,-1.0422689353733621e-5,0.06828301114168257,0.3488634503135679,0.24439649026527427,-0.4985178921964937,2.48134457978482,-7.114457743610592,23.651856610869952,8.93451591349865,1.1553161592733705,-1.08471928206951,-25.365828974668855,0.3062431055723909,-3.636660739058189
0.020534249999999997,0.0034223749999999996,6.0,1.827745205367344,-1.2136383751956679,0.04199831525002622,-5.4811629605937035e-5,-2.65796010080081e-5,-1.2884262601498087e-5,0.06825931636135099,0.448215813358824,0.3019872425289472,-0.6609907653337017,2.7352061803637566,-7.153987225560788,24.39979139173898,9.28485862589382,1.3243828691329544,-0.7476968912118617,-26.18847865145216,0.056031029036399185,-4.059589049496709
0.020534249999999997,0.0034223749999999996,6.0,1.8202738576021702,-1.2047331898398874,0.040110547118603034,-6.725441546163107e-5,-3.3392797869647306e-5,-1.5154859481931505e-5,0.06822967820903529,0.5607016535369105,0.368062130576978,-0.8416272424413773,3.06305545311351,-7.103012200774239,25.021516634373327,9.536328554649964,1.4861475098418437,-0.09130410298342312,-26.970618716943786,-0.30500539799343773,-4.549202962955352
0.020534249999999997,0.0034223749999999996,6.0,1.8120261931869774,-1.194943997863742,0.03806824813216846,-7.930095436906803e-5,-4.0510977469309246e-5,-1.6982444925948248e-5,0.0681940796586641,0.6836836901288117,0.442442740650528,-1.0362772373807412,3.468414897510411,-6.9367516959703694,25.465862122390675,9.651004965667468,1.6333262717584223,0.9471956962943613,-27.678846833684478,-0.8065666664130429,-5.101741169268832
0.020534249999999997,0.0034223749999999996,6.0,1.802973465755395,-1.1842859525973057,0.03591913076853122,-9.010587470292434e-5,-4.752418671911353e-5,-1.809273594887754e-5,0.06815332037663978,0.813080418091066,0.5244986188683874,-1.2389539900589508,3.9459725530084357,-6.634926590664905,25.697691255953107,9.604282651427372,1.7601480311568487,2.3995270392539254,-28.288692250982436,-1.4780781783471997,-5.706120584165281
0.020534249999999997,0.0034223749999999996,6.0,1.793082434477298,-1.1727777878403316,0.03371874837691938,-9.883418633445142e-5,-5.385725955117415e-5,-1.821354770115048e-5,0.06810917271964274,0.9436989591901044,0.6130436290107517,-1.4421731876643546,4.4793297557124685,-6.18545151323292,25.70750671540935,9.393104882112523,1.8638523809587568,4.2510224564958055,-28.788524359292385,-2.3442662185930705,-6.343182136671225
0.020534249999999997,0.0034223749999999996,6.0,1.7823200268594064,-1.1604401904519228,0.0315234993476222,-0.00010485184544377242,-5.882005711675914e-5,-1.714892731536563e-5,0.0680643780999033,1.0699198229552274,0.7062962399435747,-1.6376989895993745,5.040773679128744,-5.588171878627872,25.518170872877683,9.040210898593282,1.946382097009863,6.43282815716437,-29.180506450244135,-3.4197268424806633,-6.987155776138609
0.020534249999999997,0.0034223749999999996,6.0,1.7706585334485692,-1.1472934932107017,0.029383104380394508,-0.000107907039394184,-6.174637494260062e-5,-1.4873473853547324e-5,0.0680224632120431,1.1865985408725621,0.8019685821437538,-1.8176194745403977,5.5938941426840305,-4.8577139339508975,25.185261741020078,8.591607417493737,2.015611444898586,8.82747419809326,-29.477938811050553,-4.703710902074564,-7.609505587582615
0.020534249999999997,0.0034223749999999996,6.0,1.75807971900976,-1.1333551359589737,0.027334996935757493,-0.00010818062083801621,-6.218103471600192e-5,-1.1593862330376731e-5,0.06798736634909373,1.2899276688069214,0.897522421067211,-1.9755217407357666,6.0990856860164735,-4.024079477847446,24.788611218796106,8.106831194285395,2.085027624874114,11.289685896522075,-29.699983523940094,-6.176917979307864,-8.184113310890597
0.020534249999999997,0.0034223749999999996,6.0,1.7445764887540693,-1.1186375762514074,0.025402640233903914,-0.00010614739266792756,-6.0008967276731516e-5,-7.722515382839475e-6,0.06796287662448951,1.3779777516331386,0.9905529160752576,-2.1074273736183566,6.520853523822314,-3.129714629274027,24.415663186788624,7.644824710376398,2.1710541538146355,13.677596468841504,-29.86600693392066,-7.802012016968736,-8.691907677636948
0.020534249999999997,0.0034223749999999996,6.0,1.7301517219276876,-1.1031472959051813,0.0235982394173984,-0.00010233587552695991,-5.544436873542129e-5,-3.764896614192416e-6,0.06795197942218133,1.4507430352301123,1.0791721684757503,-2.212170322282841,6.834801368820764,-2.222887650897943,24.141487189296907,7.250588284024566,2.288452387411269,15.883371043199022,-29.991718769299606,-9.528507682577295,-9.12325375623203
0.020534249999999997,0.0034223749999999996,6.0,1.7148152866520132,-1.0868851612646508,0.021927810015318818,-9.714967199284828e-5,-4.89158374930946e-5,-1.8661603053693076e-7,0.06795633339626939,1.509733826513771,1.1622421329840646,-2.291077227282154,7.031879577168734,-1.3490595118967448,24.01300413979462,6.947634695929375,2.445783802893692,17.85117510065895,-30.08780767521297,-11.300737577536731,-9.477663380062433
0.020534249999999997,0.0034223749999999996,6.0,1.698579513814004,-1.0698478831102676,0.020399215222144856,-9.08302573102889e-5,-4.095261065840335e-5,2.6775817557164344e-6,0.06797603228431638,1.5572154379335152,1.2393366506489742,-2.3471626811579687,7.118252127533931,-0.5431398816016696,24.043605105353464,6.738120490941386,2.6427765701381127,19.576243023744627,-30.161795038881184,-13.0671379252001,-9.761028697672048
0.020534249999999997,0.0034223749999999996,6.0,1.6814585564511204,-1.0520294879600882,0.019018273007066124,-8.360262632153017e-5,-3.224711582480289e-5,4.647208406698899e-6,0.0680093219722221,1.5957786738334367,1.3106188421817337,-2.383975718411099,7.111525336977076,0.17443854975526313,24.219293027483065,6.60978102472837,2.872045240432034,21.08867880439624,-30.216981587956873,-14.784558460108041,-9.983570577409104
0.020534249999999997,0.0034223749999999996,6.0,1.6634614149705176,-1.0334246789554098,0.017807156142235443,-7.544513421418231e-5,-2.3207214861150952e-5,5.7007723074320174e-6,0.06805442701415165,1.6272916173859904,1.376295167760881,-2.405128278346235,7.034191694645196,0.7977890951903228,24.51124895219066,6.542940651591439,3.120032462864255,22.43141547584979,-30.261212162611642,-16.426097979017143,-10.154224157509454
0.020534249999999997,0.0034223749999999996,6.0,1.6445987926698675,-1.0140276668858605,0.01677168907920637,-6.660639572144063e-5,-1.4589357777393817e-5,5.92383213330093e-6,0.06810749432357854,1.6537769409154848,1.4368977481301926,-2.414944835513073,6.909626450335164,1.3319157113561575,24.892354210850975,6.519405423445336,3.373985385701295,23.647323260237464,-30.301225839166964,-17.973509792291896,-10.283611836036464
0.020534249999999997,0.0034223749999999996,6.0,1.624878804617793,-0.9938343293256506,0.015931664908040967,-5.730934432443865e-5,-7.017461086985884e-6,5.498806268012679e-6,0.06816422125546771,1.676091156763672,1.4923153040116397,-2.4125517687078464,6.75745050989048,1.7882455241006465,25.329980824094132,6.520719759879775,3.620010327609315,24.756987306627746,-30.334466784424155,-19.415850209843317,-10.377460837499793
0.020534249999999997,0.0034223749999999996,6.0,1.604308253422899,-0.9728416881202706,0.015285762386471492,-4.779465028381447e-5,-9.993380274631558e-7,4.649129341254301e-6,0.06822025578672805,1.6953846616434507,1.5427589662012275,-2.4012158425249153,6.59418712831536,2.181039130110069,25.81004956130619,6.5341060620657005,3.8486701964908727,25.778565926907625,-30.368736453218116,-20.7495885636227,-10.442857324806237
0.020534249999999997,0.0034223749999999996,6.0,1.5828929506415719,-0.9510476974329669,0.014825585757024133,-3.8292166964437886e-5,3.140959867581862e-6,3.5988182749283847e-6,0.06827183227438123,1.7124697854693383,1.5882521919448285,-2.382387913631031,6.432584213628025,2.524274842853468,26.32033115475288,6.548697999381312,4.053199323427645,26.71710582537937,-30.406426711267095,-21.97219994453903,-10.485783537055674
0.020534249999999997,0.0034223749999999996,6.0,1.3226644345957221,-0.6886621909380187,0.015163509194044907,0.0005319231515846267,-0.0005450338441292848,-1.5456114289380913e-5,0.06845614717817289,1.8330830513981209,1.8101848366223203,-2.033463617883683,5.716011000426099,4.579865940677244,30.77352456116875,6.078550649694562,4.910473103826887,32.04215981720584,-30.77759706520119,-28.439548011780172,-10.626484104252995
0.020534249999999997,0.0034223749999999996,6.0,1.2920181566778182,-0.657942763904293,0.015339493237562514,0.0006115343043957967,-0.0006240190277988178,-1.571511357060311e-5,0.06845643892855155,1.8384759390911438,1.8145046542914192,-1.9936331852690288,5.699773134414855,4.6703681213016655,31.007106879471372,6.013139090238088,4.926650178623673,32.30963481078406,-30.79702365639285,-28.64929507060422,-10.626423313038527
0.020534249999999997,0.0034223749999999996,6.0,1.2605289943585152,-0.6264034705186359,0.015525649257284686,0.0006822559969440627,-0.0006937845305799138,-1.5638447897279173e-5,0.06845650251396333,1.842215019603482,1.8164635794681008,-1.952287213124586,5.68604764233885,4.741017760882266,31.19004105816954,5.954772856834179,4.933485362053742,32.53968472537288,-30.799921011646187,-28.793751527030537,-10.619533004392592
0.020534249999999997,0.0034223749999999996,6.0,1.2281995866484499,-0.5940421879747966,0.015718041629803788,0.0007484554350465904,-0.0007588889738540501,-1.5484180722835086e-5,0.06845647767251267,1.845186707443076,1.8162367730183357,-1.9115246025805084,5.675800752255649,4.793004338007465,31.319434044595845,5.905638401732077,4.929844586109882,32.7331415399674,-30.780830888414133,-28.872646341654022,-10.605645338365532
0.020534249999999997,0.0034223749999999996,6.0,1.1950258852759623,-0.5608617997023002,0.015932570952833226,0.0007980712774771203,-0.0008071344700460311,-1.5142087039970107e-5,0.0684564338868247,1.8456858201747446,1.813813134243382,-1.865258137909246,5.66842073963063,4.826202888819111,31.398759979286712,5.863773593321206,4.914590780760877,32.904380739353364,-30.746984419411923,-28.890709099736082,-10.583011520391508
0.020534249999999997,0.0034223749999999996,6.0,1.1610094801159299,-0.5268618931927528,0.01617064396703591,0.0008207070853164455,-0.0008280814951907349,-1.4584906817859301e-5,0.06845646439555171,1.8444225434052546,1.8091249704846577,-1.8150358728167437,5.665306088176743,4.840433773459197,31.42143598517506,5.831290416349704,4.884995467842733,33.05642577313837,-30.693138918304022,-28.843848481520503,-10.550301556019472
0.020534249999999997,0.0034223749999999996,6.0,1.1261494438957917,-0.4920443108159359,0.016442877720125613,0.0008215543300165874,-0.0008270374641235617,-1.4070046114741526e-5,0.06845665372810365,1.84123511763996,1.8019571260712877,-1.7593434849247997,5.666070378607686,4.8331510263399755,31.376027582125968,5.8111529779454605,4.838942269807599,33.191644571151635,-30.61223793401475,-28.721217735107476,-10.50501264841529
0.020534249999999997,0.0034223749999999996,6.0,1.0904449453520773,-0.4564114519396033,0.01676493710462766,0.0008017910849914532,-0.0008052038453018023,-1.3756577123399822e-5,0.06845715172839228,1.8360326265520066,1.7920279069769012,-1.6959994471234052,5.6688329677230485,4.799890414171783,31.246285571804698,5.809878846467385,4.774116533322408,33.31596368554108,-30.4960449254002,-28.505683043185662,-10.442949501045456
0.020534249999999997,0.0034223749999999996,6.0,1.0538953380424474,-0.41996658045727436,0.01716180391928615,0.0007616837112675392,-0.000762851810217255,-1.3773471873865867e-5,0.06845833212208849,1.8289106145040608,1.7789000521986407,-1.621702558285496,5.669687452296333,4.735143922323566,31.015378526501614,5.839443317161554,4.685765880440607,33.45028825446988,-30.34267392641911,-28.17683850842042,-10.355453332736944
0.020534249999999997,0.0034223749999999996,6.0,0.7331194769443674,-0.10362690746262714,0.02248165410166425,-0.00020734836250050986,-6.545094000471558e-5,4.7954238736685676e-5,0.06824427257544567,2.0169900870000927,0.9068850461371939,-0.7645838543429729,9.75923209707423,5.06538325543181,35.32406789575752,8.767349921944925,-3.766225428042341,22.813573725791315,-34.75690698160345,-10.882267353255656,-5.993006669031874
0.020534249999999997,0.0034223749999999996,6.0,0.6890391919700503,-0.0624459439425405,0.015643114109815216,-0.0004156180261933135,-0.0002255794702842681,7.704392907157645e-5,0.06767784731214382,2.0612662012302763,0.5625561400924635,-1.5356834373632846,13.810962925322807,3.894328970731352,28.74496562251522,7.108710812270604,-5.357257586592463,8.666992725030571,-30.669434912351576,-5.118154505029163,-8.453705338730325
0.020534249999999997,0.0034223749999999996,6.0,0.6414763353239961,-0.020414732657574708,0.00952711638347859,-0.0006277074097675827,-0.00034285769643609143,8.504330975234977e-5,0.06728508232951354,1.717360875097336,0.2303681855617184,-2.2366953950385025,15.570050412982493,1.6223883308993958,9.495039681082371,2.6950545166205675,-4.743162437345086,1.4326876700898907,-22.592435388582434,-1.6206697166829525,-10.826887975637398
0.020534249999999997,0.0034223749999999996,6.0,0.6418221724687745,0.022939692690428264,0.010240792578733346,0.00010918307527905225,0.00014498457868527073,-1.9766234995753505e-5,0.0689719929240847,1.742115989400375,0.006116197428680997,-2.174315934223372,15.841621211527682,-1.153362534609976,9.928100402750822,-1.107752984889166,-5.26571499306303,1.5578005062514737,-22.28997963220689,-0.3638073807480767,-10.57590621846466
0.020534249999999997,0.0034223749999999996,6.0,0.6902821863313567,0.06418243978326851,0.018273907463200015,0.0008567810794135671,-0.0005092627247866696,-0.00023693695160322066,0.06762672024862285,2.1557984250559628,-0.4106447289034407,-1.337055841566456,14.4556033956701,-5.591364661933055,29.26344891200896,-5.296970859225324,-6.552625203953167,-6.994075609159477,-29.771903821546765,1.71000249239817,-7.902978191716922
0.020534249999999997,0.0034223749999999996,6.0,0.7349919537881654,0.10379166879332206,0.026173401905024193,0.0005225998464149251,-0.00021359280710445453,-0.0001761263355051738,0.06826831354392307,2.1831272815125544,-0.9069975704833644,-0.48425789658423535,10.050915659721626,-7.173250630538477,35.317616285295664,-8.058812339222214,-4.4861692361062815,-23.096959951293748,-33.82955142464794,7.27037419016496,-5.564746423615353
0.020534249999999997,0.0034223749999999996,6.0,0.7774894229438494,0.14377617186894465,0.028097931247528594,0.00028315159736212704,3.401990950153508e-5,-6.315625328152557e-5,0.06870508330118391,2.111317819665073,-1.2908826863539073,-0.2157515110189255,6.7301860171840655,-6.027714773175979,32.3781799527491,-9.600749351072677,-1.3107128113667246,-34.06871744543268,-33.16715242711972,13.805519439838786,-5.419473205817336
0.020534249999999997,0.0034223749999999996,6.0,0.8188883266441851,0.1843576009902859,0.026041854049236757,0.00015551255473612434,9.981330330720989e-5,-5.514216243354474e-6,0.06876371703018642,2.0230004911099297,-1.5417348214831434,-0.39860454521390715,5.275398163086591,-4.611637663580796,29.546773420703918,-9.716858613522051,1.2677161739685374,-37.41961444461555,-31.26943233809379,18.68418801589377,-6.543114337055138
0.020534249999999997,0.0034223749999999996,6.0,0.8596716653800525,0.2250616348837168,0.02319554343950814,9.465929066032955e-5,8.58683607350761e-5,5.244585185142033e-6,0.06863900170060096,1.9405010991967473,-1.683026779087154,-0.717657874045852,5.118136529856311,-3.8874611870003255,28.831025946623868,-8.809424965300199,2.885158205097,-37.18974623232975,-30.236611858434028,22.000439871036967,-8.003294734953302
0.020534249999999997,0.0034223749999999996,6.0,0.8999595952033047,0.2654135221423333,0.020886727029381564,6.228071966992785e-5,6.0385292037699496e-5,3.3966195343019322e-6,0.06853449018409001,1.8879043967972153,-1.7536970330261625,-1.009972397969616,5.397835916070602,-3.782122339968448,29.281843764452866,-7.740665395614989,3.747564364814754,-36.177897661790226,-30.024075241214263,24.317533934170015,-9.145400280885358
0.020534249999999997,0.0034223749999999996,6.0,1.6253595803356795,0.9933439573608326,0.015417049259312095,4.526666889225464e-5,-4.716773748688358e-6,-4.8788696493080476e-6,0.06816143293185357,1.7486038078020048,-1.5621267492914768,-2.4577597570051872,6.973345400206018,-1.978090427877086,26.44262201338862,-6.710209533104006,3.799962760539617,-25.927045913921205,-31.175447978009366,20.25511594154819,-10.773308160745632
0.020534249999999997,0.0034223749999999996,6.0,1.6450869102203556,1.0135333304163379,0.016228553426669012,5.3786519690928234e-5,-1.076799121549391e-5,-5.499267838070435e-6,0.06810358460387102,1.7270311334257997,-1.506702349615844,-2.4614922285275647,7.129928785440232,-1.5334066716184656,26.021033422720215,-6.707669543536973,3.5635934627744232,-24.821932087812833,-31.14926245361285,18.83898019767229,-10.693522248214654
0.020534249999999997,0.0034223749999999996,6.0,1.6639566123322669,1.0329268606528783,0.01723366008105168,6.192794872900315e-5,-1.7893995651477483e-5,-5.595435563331094e-6,0.06804873316158712,1.7012312130950873,-1.4459664537929733,-2.454510594428992,7.259159161190334,-1.011403536771666,25.659398234643174,-6.729402383038094,3.319353196526339,-23.609310797861028,-31.118067264673655,17.31982487220053,-10.57851235771667
0.020534249999999997,0.0034223749999999996,6.0,1.6819602888916811,1.0515290848953456,0.018415286659152034,6.946808676373902e-5,-2.5568943698485424e-5,-4.9859912456941415e-6,0.06800124026741348,1.6703072029277737,-1.3798484885985551,-2.434491659993412,7.341163331657302,-0.40058400135854344,25.38528830886994,-6.793165682461759,3.080814329454135,-22.26984337843211,-31.0813455438723,15.7082382955733,-10.421977661111438
0.020534249999999997,0.0034223749999999996,6.0,1.6990872540220385,1.0693459494311441,0.019766425785927823,7.624600156898594e-5,-3.3243961122709015e-5,-3.5714270080064247e-6,0.06796476349023524,1.6322643487088333,-1.3078929623103133,-2.3987901573213675,7.3524886711759905,0.30439063765220964,25.227289215919797,-6.91746794471948,2.860755275742536,-20.761029842125033,-31.03363432243733,14.022501792331175,-10.213243946918528
0.020534249999999997,0.0034223749999999996,6.0,1.7153275228805003,1.0863833155199272,0.021267781341788406,8.212622969194216e-5,-4.0360930100774787e-5,-1.3444598052569604e-6,0.06794214926137221,1.5851466762134758,-1.2298578001630136,-2.3439135184661763,7.270272099767174,1.0979315114247492,25.213032157798953,-7.121813118950117,2.6721629429707536,-19.04021793919496,-30.967906943257297,12.289592634889242,-9.942435042737928
0.020534249999999997,0.0034223749999999996,6.0,1.7306662570120015,1.102647512910081,0.022915449810320676,8.69803358255414e-5,-4.6397628356887406e-5,1.5623817871496391e-6,0.06793504974253009,1.5262845874244506,-1.145559402732952,-2.2664362214112646,7.076367881741159,1.9601340399326748,25.355260843342172,-7.418551955078566,2.521884738387998,-17.077236277100056,-30.88161646263495,10.55220746872899,-9.598252620129154
0.020534249999999997,0.0034223749999999996,6.0,1.7450913367813516,1.1181419459498474,0.024699195861794126,9.062079052671583e-5,-5.087553960859845e-5,4.887796368451882e-6,0.0679436764787686,1.4534612599847716,-1.0554536084328443,-2.1633904849422225,6.76392494913446,2.856988806926966,25.639441230939827,-7.806328081683748,2.410300787173511,-14.875881958751455,-30.766250927379748,8.859823321755929,-9.174225736307971
0.020534249999999997,0.0034223749999999996,6.0,1.7585922278062036,1.1328660188248192,0.026614725488178264,9.273238654640835e-5,-5.338536809644613e-5,8.247564695724294e-6,0.06796662681805128,1.365058561894218,-0.9606567118638902,-2.0335300615056804,6.340941010059668,3.7441037012726364,26.018070667371457,-8.26249473116032,2.328609639534261,-12.489970234371937,-30.61182231498569,7.266903242170196,-8.66955064959393
0.020534249999999997,0.0034223749999999996,6.0,1.7711657105569716,1.146813330560042,0.028650094542055762,9.289393202955025e-5,-5.3681337293261677e-5,1.1211384511205726e-5,0.0680010603315124,1.2610103870382057,-0.8630569414802163,-1.878012414006974,5.830790075627209,4.574332056858278,26.416075631283654,-8.74322689507674,2.262184498564216,-10.024398753969564,-30.40250580007954,5.822157232546368,-8.092974574191423
0.020534249999999997,0.0034223749999999996,6.0,1.782818684054203,1.1599713612732492,0.03078198200117714,9.071008046938318e-5,-5.1784436936496246e-5,1.3408945941291442e-5,0.068043196565835,1.143182374863269,-0.7650741378529893,-1.7007247923589626,5.268208955213585,5.30610323504362,26.746527903043546,-9.19060172843097,2.194847482732533,-7.617872037442236,-30.11840284803907,4.561185649674193,-7.463056437946119
0.020534249999999997,0.0034223749999999996,6.0,1.793569394788123,1.1723224495012528,0.032973025146165846,8.600502034605901e-5,-4.8012943897676024e-5,1.4628107647613225e-5,0.06808898250406907,1.0153453101817578,-0.6692851156444408,-1.5079168879758291,4.6925616393202185,5.9097990610996405,26.93039819571676,-9.545583647975915,2.1133427945839154,-5.413198088671677,-29.73937529159345,3.5018534197824676,-6.805904433904136
0.020534249999999997,0.0034223749999999996,6.0,1.8034458142112135,1.1838458830923386,0.03517349399119698,7.894914535315458e-5,-4.289515502245473e-5,1.4848361320968538e-5,0.06813469764612452,0.8826509603553943,-0.5780430324344983,-1.3072987234434892,4.1406512142909,6.370575158281846,26.912945040304585,-9.761971455831668,2.009943367341115,-3.5268518002766407,-29.250834169692503,2.6440007449019576,-6.150594581632012
0.020534249999999997,0.0034223749999999996,6.0,1.812481529662167,1.19452046514745,0.03732684457496619,7.003682409698032e-5,-3.701741667160653e-5,1.4200852486601678e-5,0.06817737923287633,0.750777169669876,-0.493215738097257,-1.106909983190168,3.64115892086609,6.687819585678478,26.671999958350106,-9.816221486805695,1.8827778862320776,-2.028483276767896,-28.64928586125029,1.9727925022094706,-5.523936807098169
0.020534249999999997,0.0034223749999999996,6.0,1.8207105007227617,1.2043268717638782,0.039377176666324634,5.994851268910022e-5,-3.089611041394988e-5,1.2894428307273317e-5,0.06821504621264524,0.6250203178597329,-0.4160842532428602,-0.9140847703928305,3.2118259388106885,6.872476166605626,26.217546687803768,-9.71025809967381,1.7346540311475225,-0.9351370612582152,-27.945310164989984,1.4639639450174082,-4.946479969958209
0.020534249999999997,0.0034223749999999996,6.0,1.8281623079426939,1.2132493409341507,0.041276197445792986,4.9393125831677305e-5,-2.491895513025944e-5,1.1152094280869242e-5,0.06824672693720814,0.5095941029559246,-0.34736850107208783,-0.7347299749933636,2.859418920639031,6.94352551554872,25.585031195096054,-9.467556472091044,1.5714123184046305,-0.21846222445467017,-27.16286039104687,1.0891687139554025,-4.430831239043663
0.020534249999999997,0.0034223749999999996,6.0,1.834859068207363,1.2212765271553865,0.042987910485723035,3.905028642508578e-5,-1.9371014021205947e-5,9.188123496997709e-6,0.0682723138103361,0.4072760165939877,-0.28732042859526974,-0.5729908904907071,2.5817453741884906,6.924488876509548,24.82583977181194,-9.125156784719772,1.4004452206386755,0.1806052336302621,-26.335458037796858,0.8202340840603739,-3.982190594827166
0.020534249999999997,0.0034223749999999996,6.0,1.8408143940079214,1.2284015837898599,0.04449035339158978,2.9022785614780703e-5,-1.4216957239503447e-5,7.07705693391403e-6,0.0682923054740783,0.31940175779297275,-0.2358365024008821,-0.4312617645676269,2.3706632764529854,6.840408066519781,23.99787154369564,-8.72493303205693,1.229559461740083,0.33568932080660346,-25.50096764855436,0.6318329997346941,-3.6002227381930694
0.020534249999999997,0.0034223749999999996,6.0,1.8460340778236788,1.234621658882163,0.04577470243401046,1.9647266832821802e-5,-9.540304063461174e-6,4.941740677842117e-6,0.06830752166187586,0.24610884565811403,-0.1925652734850687,-0.31043753239783567,2.2151167770672204,6.715469543647179,23.15791402428601,-8.30657426706086,1.066150466362582,0.32143638657862206,-24.696630888235486,0.5028134191217567,-3.2812672434298036
0.020534249999999997,0.0034223749999999996,6.0,1.8505178313732293,1.2399370308319095,0.046842621506516115,1.0719053561523023e-5,-5.1755362859632425e-6,2.7687694226021573e-6,0.06831886371787958,0.18669844986787207,-0.15700266139460914,-0.21029078673559973,2.1035648258030912,6.5713867083729856,22.35660516830533,-7.9033902047800515,0.9166456700861878,0.20464107467520457,-23.95555466074038,0.41638491309788417,-3.02021049588928
0.020534249999999997,0.0034223749999999996,6.0,1.822233238567465,-1.2423720261140492,0.031406980109817594,-0.0054818087227468774,-0.0038052430425417516,-0.002858246760580144,0.06839272999890265,0.40373114447381814,0.26999707383178745,-0.6284428403099739,2.704504845962576,-5.703899435561414,18.14246107919483,9.41917162316295,2.214734448662457,-5.3466533899097195,-19.99510280844144,2.090836399591295,-4.919239294625035
0.020534249999999997,0.0034223749999999996,6.0,1.8179731334857652,-1.2376081496906517,0.0306918779602045,-0.0029318759379220313,-0.002006942934695072,-0.0015058392154276704,0.06838601155397804,0.452904845432711,0.30434809270606383,-0.7315561791593188,2.909620500845741,-5.805803591794538,18.520171367618758,9.80714630394975,2.387964417713206,-5.767672762628524,-20.52912084205748,2.265092931828567,-5.297584918558947
0.020534249999999997,0.0034223749999999996,6.0,1.8129330674311332,-1.2319659784815769,0.029831952221849367,-0.0023691568984109384,-0.0016167451394440615,-0.0012021832500587056,0.06837780452784041,0.5123418484773433,0.3459863567193302,-0.8556559944100722,3.1700081933874076,-5.802124865123087,18.76807847574883,10.133680605168639,2.5802368390094768,-5.999405473232687,-21.005703476194494,2.2755830944998174,-5.750245032396881
0.020534249999999997,0.0034223749999999996,6.0,1.8071106894325075,-1.2254463752555067,0.028828434111177918,-0.0020937473034920995,-0.001430862877951561,-0.0010499955354490577,0.06836804921938747,0.5819474602245627,0.39511962646618043,-1.0004796082207743,3.492010804405646,-5.73294619434066,18.925445223924694,10.431505306397515,2.7840446427685226,-6.09705748797488,-21.484459310537087,2.2148189047670135,-6.2760554471741665
0.020534249999999997,0.0034223749999999996,6.0,1.8005007222497809,-1.218052146869291,0.02768842733654445,-0.0019105673568973129,-0.001314177542426981,-0.0009474232360889279,0.06835672050596524,0.661052172246377,0.4517622051562271,-1.1647404374379238,3.880016133044263,-5.584152776198771,18.959902100766826,10.677328937396839,2.990717357138424,-6.010266750437578,-21.953170622475092,2.0714213900979446,-6.870733490182691
0.020534249999999997,0.0034223749999999996,6.0,1.793094381525892,-1.2097885420671584,0.02642627784754016,-0.0017650080865347065,-0.0012296455800298724,-0.0008663245772753596,0.06834385643593469,0.7482318480883146,0.515642826098813,-1.3458160196289537,4.334548311318774,-5.336932922379549,18.83697885263499,10.84277335418355,3.191166621519571,-5.680633021378767,-22.394053458164105,1.8212012044692905,-7.5257149328383495
0.020534249999999997,0.0034223749999999996,6.0,1.7848793001128056,-1.2006635096934306,0.02506398249424337,-0.0016337056357688677,-0.0011615935273738486,-0.0007948791031223991,0.06832957892797617,0.8412120729336241,0.5861155602440264,-1.539560424756086,4.850183202620419,-4.974094348724121,18.532081154945637,10.902986899635632,3.3770838967726,-5.059634700390193,-22.791286807833657,1.4363256578479717,-8.227267099393032
0.020534249999999997,0.0034223749999999996,6.0,1.7758401962359236,-1.1906875682324336,0.02363019234749376,-0.0015065558989719099,-0.0011028888542908705,-0.0007279823603587849,0.06831410739442402,0.936923637420572,0.6620919553126144,-1.7403444268681882,5.413788513696012,-4.483871714038493,18.038803828047595,10.843008347747178,3.542538229001727,-4.122398658807033,-23.13414937674904,0.8897492845285081,-8.956326742697746
0.020534249999999997,0.0034223749999999996,6.0,1.7659603724776392,-1.1798731740075827,0.022157658326064745,-0.0013787541456847722,-0.001049112123253964,-0.0006630601060209687,0.0682977657711412,1.0317565201207697,0.7420229779931486,-1.9414095945704393,6.00379310176794,-3.8636435023486175,17.375440937565354,10.663159464655438,3.685739385674986,-2.879385642633353,-23.41878528118357,0.16013011674891459,-9.689532487442925
0.020534249999999997,0.0034223749999999996,6.0,1.755223859704676,-1.1682335749412602,0.020679482138819157,-0.0012487797536181865,-0.0009969359077119525,-0.0005989956131579457,0.06828098738213277,1.1220067150125994,0.823965980611948,-2.135557017475462,6.591215044530437,-3.1229411660335487,16.587308976497145,10.381577107981466,3.8104602648740564,-1.3816805501594647,-23.648170677833253,-0.763174921575016,-10.4016753094045
0.020534249999999997,0.0034223749999999996,6.0,1.743617714059932,-1.1557812971274501,0.01922511369547674,-0.0011175466641219199,-0.0009436047902988743,-0.0005357404271372414,0.06826432005111471,1.2044340351299923,0.9057628762961094,-2.316078948877509,7.142885153307587,-2.284776294082204,15.742691357489445,10.032302468854871,3.9263599543443672,0.28391189694102054,-23.830373354309824,-1.8759507142475533,-11.069245107651959
0.020534249999999997,0.0034223749999999996,6.0,1.7311337972189307,-1.1425265875018014,0.017817373550165508,-0.0009877817304953561,-0.0008870752688432328,-0.00047412493093957383,0.06824842041885104,1.2767811485737135,0.9853203443095513,-2.4777161836909,7.626631222352964,-1.3841452634094733,14.92162629611478,9.65859020497528,4.047490565392824,2.0109814509271327,-23.975701886150812,-3.157247331716671,-11.674121787745792
0.020534249999999997,0.0034223749999999996,6.0,1.7177694699892583,-1.128476234919705,0.016471576915300802,-0.0008631469017651331,-0.0008264258337680375,-0.00041556840569421125,0.06823401275365212,1.338086415748822,1.0609274303071312,-2.6173521656927963,8.017273200797812,-0.46321580823651687,14.199707621619735,9.303165507647934,4.188889355298734,3.6968830135398774,-24.093811482165613,-4.570912417713667,-12.206162556096542
0.020534249999999997,0.0034223749999999996,6.0,1.7035270215720604,-1.113633119325168,0.01519704146094982,-0.0007471334452612663,-0.0007620747757421072,-0.00036160147389992865,0.06822179710789901,1.3886818321673258,1.1315025941891241,-2.7342039678520136,8.301534385846491,0.435938172675858,13.632116745945597,8.998859832568417,4.362245703129509,5.265039123409173,-24.191786617917906,-6.070607357573003,-12.663780088975988
0.020534249999999997,0.0034223749999999996,6.0,1.6884129162613308,-1.0979964616915658,0.013996945217579496,-0.0006421879827213581,-0.0006955264678406948,-0.0003133852027107194,0.0682122475359216,1.429974254303871,1.1966980587662,-2.829398008271078,8.480207219249,1.2787480636616828,13.244224136544183,8.763493085226777,4.572849295298805,6.677517972208296,-24.272545867110047,-7.606209989881793,-13.053056514547801
0.020534249999999997,0.0034223749999999996,6.0,1.6724330681335484,-1.0815632501567227,0.012884260036482352,-0.0005494366970354934,-0.0006288251074142678,-0.0002713562006050632,0.06820577315066154,1.4636322342962573,1.256687174010134,-2.905416920784308,8.565444135900409,2.043277646022996,13.03153093950137,8.598804463379533,4.817163484524287,7.932689718346625,-24.339869237493893,-9.133846571144222,-13.382607620424707
0.020534249999999997,0.0034223749999999996,6.0,1.655595487815276,-1.0643288603421421,0.011863388348805542,-0.0004688896860804315,-0.0005639223175522186,-0.00023543349070151128,0.06820241234703979,1.4917323911816354,1.3121506309598923,-2.9666833903963434,8.577421814020518,2.720967337193758,12.973782699869757,8.497533324746849,5.08695963580978,9.056986663702048,-24.398112060081832,-10.618252513728633,-13.664381449830293
0.020534249999999997,0.0034223749999999996,6.0,1.637907261021373,-1.0462886021837325,0.010948457626813665,-0.0003999960494796248,-0.0005025420743282187,-0.0002050505143057986,0.06820160908378384,1.5157049035678363,1.3635300605993987,-3.0122957655883766,8.537827929471089,3.3143921597406414,13.030887049727214,8.445602833403996,5.369947378039642,10.073765094298636,-24.438044963412327,-12.02970998113437,-13.907775307510725
0.020534249999999997,0.0034223749999999996,6.0,1.619374022333611,-1.0274382515320197,0.010150487108351333,-0.00034187646663199044,-0.0004459438469545528,-0.0001794903281599077,0.068202715355244,1.536891522912978,1.4114251732691339,-3.046001850376572,8.46652452354969,3.832884478284456,13.177391865709229,8.430510939246627,5.654300336875149,11.013033693438341,-24.46588643985833,-13.35403307951209,-14.120824860424841
0.020534249999999997,0.0034223749999999996,6.0,1.6000005685822867,-1.007774592494727,0.00947875329710032,-0.0002934828156500708,-0.00039497282157207865,-0.00015801130415654313,0.06820474906823325,1.5562236843514032,1.4561409160377876,-3.069347828319819,8.379653946826444,4.288671270885616,13.391047735591616,8.440887518647793,5.929537342323105,11.891711908346066,-24.48338127118039,-14.582114413887991,-14.309191289149569
0.020534249999999997,0.0034223749999999996,6.0,1.5797907401627875,-0.9872955053729168,0.008937171484635013,-0.0002536680864145219,-0.00035005816989767567,-0.00013993797588207762,0.06820659032722745,1.5743833902653857,1.4977790367591874,-3.0835551274629447,8.289633571004295,4.693933861635544,13.656778055192346,8.467164995841593,6.187389676682414,12.717219712164212,-24.492543846060723,-15.709459466858611,-14.477023247686697
0.020534249999999997,0.0034223749999999996,6.0,1.5587474079529007,-0.9659998438050083,0.00852252599201808,-0.00022122982973122172,-0.00031123232294167713,-0.0001246917618899545,0.0682071645803941,1.5918719654879656,1.536295129751184,-3.089696900131553,8.205746009691808,5.05909120705347,13.964102067431384,8.501160168374279,6.422030423498593,13.49001812112164,-24.49526096377273,-16.734254314737438,-14.627776433190409
0.020534249999999997,0.0034223749999999996,6.0,1.5368724125967925,-0.9438871579425916,0.008224296107972089,-0.00019492686089877298,-0.0002781274478617358,-0.00011176919909129261,0.06820564262673606,1.6090412491747064,1.571574439732204,-3.0888248286493174,8.13460926570755,5.391991389769173,14.304144481854001,8.535889545500135,6.6301405231067925,14.206785147221304,-24.49302071055056,-17.65629758948133,-14.76474978881432
0.020534249999999997,0.0034223749999999996,6.0,1.5141665268304927,-0.9209573576401483,0.008026123446771416,-0.00017312695240075663,-0.00024947257775138817,-0.00010046494518217693,0.06820150096239015,1.6260952264373618,1.6035014659646758,-3.082021149619858,8.080338899046744,5.697729851805427,14.667473880013743,8.565751038079014,6.810813412001996,14.863430689547627,-24.486885956913426,-18.476690803750877,-14.891152311048721
0.020534249999999997,0.0034223749999999996,6.0,1.4906295120788717,-0.897210404936274,0.007908466278853266,-0.00015753498029003225,-0.00022848817042749495,-9.209081910427881e-5,0.06819496124751481,1.6430832573272403,1.632008744078773,-3.070375657964175,8.044581782630418,5.979103424104654,15.042887331306616,8.58666781727848,6.965196700994751,15.457845305975763,-24.47727652170244,-19.198290166005226,-15.009778483625162
0.020534249999999997,0.0034223749999999996,6.0,1.4662602999648038,-0.8726461015274257,0.007851631411649707,-0.00014532807719819447,-0.00021163893691325368,-8.522242073862385e-5,0.06818633324179275,1.659905022894338,1.6571000465718586,-3.054908921501148,8.026683894631189,6.2369208980005695,15.418776903059898,8.596574137664533,7.095860293768655,15.99085390576694,-24.465000013954157,-19.82548562841402,-15.122544188399834
0.020534249999999997,0.0034223749999999996,6.0,1.441057281887219,-0.8472639922375144,0.007838289858099375,-0.00013599269409343765,-0.00019850667809342992,-7.974116533347934e-5,0.06817623983012283,1.6763389628728125,1.6788525833739838,-3.036482571410116,8.024134827367257,6.471032068505689,15.784228309456592,8.595071737327869,7.2060335812791445,16.466849234774184,-24.450942012185752,-20.364748144177618,-15.230168408646419
0.020534249999999997,0.0034223749999999996,6.0,1.4150186574533248,-0.8210633572302338,0.007854857449818101,-0.00012924036171180371,-0.00018887559336500727,-7.560619985633746e-5,0.06816532756191492,1.69209449532007,1.6974084935384826,-3.0157394235000083,8.03325674654588,6.680938210608889,16.131230079631734,8.583215122876418,7.298921127988485,16.892880817180565,-24.436600779920884,-20.82426413457811,-15.33217787453436
0.020534249999999997,0.0034223749999999996,6.0,1.3881427686075938,-0.7940432531344445,0.007891687701876829,-0.00012478459279877048,-0.00018245005161960065,-7.272890469043884e-5,0.06815413009479786,1.7068751366654749,1.7129629422518529,-2.9930901681141955,8.050009730429963,6.866308947112669,16.45568371863011,8.56305435587364,7.377211960866373,17.277651710362942,-24.424222227904806,-21.213328592238376,-15.427221691296333
0.020534249999999997,0.0034223749999999996,6.0,1.360428323972314,-0.7662026008463501,0.007942588980219793,-0.0001224038031991324,-0.00017897782909348506,-7.102339860573787e-5,0.06814302610687394,1.7204277170132793,1.7257446106392806,-2.9687225929218037,8.07077337744218,7.027370239472661,16.75614933775195,8.537000761163325,7.442741675913472,17.63054335667442,-24.416120348218872,-21.541061607897777,-15.513515053355652
0.020534249999999997,0.0034223749999999996,6.0,1.3318744318230624,-0.7375403494569809,0.008004324914307368,-0.00012192935830604275,-0.00017825401421408117,-7.041567897066441e-5,0.06813227068779619,1.7325533596242126,1.7359779377150037,-2.942593365209965,8.09289510707364,7.165109568475543,17.030603819331663,8.50712445678817,7.49630347337025,17.95980940892821,-24.412757168481612,-21.814119797125674,-15.589198580443885
0.020534249999999997,0.0034223749999999996,6.0,1.3024804784832136,-0.7080556715598216,0.008076214484464935,-0.00012324057649395958,-0.00018012624304432882,-7.085280113985085e-5,0.06812202655961314,1.7430864158795527,1.7438381428543568,-2.9144155894701846,8.114686044463673,7.281026614781448,17.274416548377694,8.474823565756768,7.537894413528587,18.26949131178783,-24.410761329398344,-22.034583097937706,-15.652580457992267
0.020534249999999997,0.0034223749999999996,6.0,1.27224605576801,-0.6777480063395586,0.008159281103671218,-0.0001262757154350246,-0.00018451793383916266,-7.231280982841896e-5,0.06811235042499918,1.751890334922725,1.7494456716362605,-2.8837237564953164,8.134902650881038,7.376420628162827,17.482712727093237,8.44125035168287,7.567531583470156,18.55787831844384,-24.403742497146,-22.200698666523007,-15.702434234351205
0.020534249999999997,0.0034223749999999996,6.0,1.2411710535536613,-0.6466168757862523,0.00825493741127981,-0.00013107071311339546,-0.00019149036428505592,-7.482537984964554e-5,0.06810318871168906,1.7588944250820613,1.7529161586225965,-2.8500153887538127,8.152545232482415,7.452071781802007,17.653958533905072,8.407806882792638,7.585746373469332,18.82143220133306,-24.38619138555459,-22.310606700914526,-15.73829160595176
0.020534249999999997,0.0034223749999999996,6.0,1.2092556662057294,-0.6146617804085628,0.008364480070198414,-0.00013812865907295133,-0.00020178897864340915,-7.868510423939668e-5,0.06809443988871036,1.7647142571916306,1.7542337587137933,-2.8155308169776774,8.16795622484403,7.5089701011522765,17.786510988365634,8.376644391616907,7.592267170455882,19.05809671229293,-24.355246733891484,-22.36581882988617,-15.760223395299912
0.020534249999999997,0.0034223749999999996,6.0,1.1765016940366657,-0.5818814371472492,0.008484888065606698,-0.0001443848299508104,-0.00021094438089998881,-8.216597214658944e-5,0.06808591912317329,1.7682917188527758,1.7539106665340578,-2.7740337182067805,8.18116574494284,7.548111333007082,17.883610831386537,8.346329090729505,7.587357561704362,19.281729636950185,-24.30994205112076,-22.361844628690182,-15.768523306647207
0.020534249999999997,0.0034223749999999996,6.0,1.1429058116314859,-0.548278092956601,0.00863099188306135,-0.00015424552103509702,-0.00022541091313583387,-8.780275967452115e-5,0.06807781025329415,1.7698442092477589,1.7515166622048413,-2.727423704850674,8.192540552048337,7.569439392186114,17.93582080449561,8.316615747145624,7.567648981269194,19.496879310049493,-24.250416267261727,-22.30023706562201,-15.760189533317527
0.020534249999999997,0.0034223749999999996,6.0,1.1084689058250499,-0.5138516609610037,0.008806020224921943,-0.0001651185304729,-0.00024142923237499233,-9.419417366413533e-5,0.06807002844022983,1.769340608281365,1.7470183607012564,-2.6739913036779805,8.201671346055427,7.571754048319719,17.93479118591604,8.288595243622549,7.531216521553621,19.71095721834163,-24.169453226823354,-22.169401259656166,-15.732887867609048
0.020534249999999997,0.0034223749999999996,6.0,1.0731904575017763,-0.4786032164743341,0.009021722788291187,-0.0001769582972845029,-0.0002589790848534823,-0.00010142864007742908,0.06806257121999368,1.7666585419166299,1.7401964555709302,-2.611484005091189,8.206098176063243,7.552112347184596,17.869956799963518,8.265779578219469,7.476016052874145,19.932251001027524,-24.059682953151345,-21.953447284701536,-15.682114228937376
0.020534249999999997,0.0034223749999999996,6.0,1.0370702098998625,-0.4425340817001151,0.009296007380296257,-0.00018925139114845662,-0.0002773884928218409,-0.00010935602274164382,0.06805527705080851,1.761891350878145,1.730764659203252,-2.536837367253535,8.201130613097058,7.506771021988567,17.7353304170097,8.256888190266055,7.399024230984069,20.177481571067826,-23.91779431465081,-21.632359455250544,-15.600154844081123
0.020534249999999997,0.0034223749999999996,6.0,1.0001121515328717,-0.4056448509280169,0.009646712607607844,-0.00020110667505025327,-0.00029546951616694434,-0.00011766332684131984,0.06804761088423367,1.7556086846084777,1.7186603827731761,-2.4449920357617096,8.17962579935296,7.4342364028513455,17.544029784386368,8.279427726435424,7.293493078739937,20.486910772854593,-23.754289271309872,-21.179951569126473,-15.473118878092883
0.020534249999999997,0.0034223749999999996,6.0,0.9623224075460209,-0.36793936311210074,0.010106888720395453,-0.00021106660249219496,-0.00031126345692891104,-0.00012568010259629854,0.06803865934779152,1.750220634929599,1.7024339517832603,-2.331656289853577,8.134862440747083,7.33965443434907,17.302672287102798,8.365623181277286,7.136674372801606,20.924710523776064,-23.58530906161148,-20.566444399695285,-15.271536813548694
0.020534249999999997,0.0034223749999999996,6.0,0.9237148464821983,-0.329429150468589,0.010723190684810866,-0.0002168187911357418,-0.00032158165338029955,-0.0001321845595715975,0.06802661151295698,1.7488618231569453,1.6791716840687603,-2.187913523180607,8.061456563688676,7.24446181659027,17.05147044795009,8.564587496844213,6.87696135310023,21.56959477045007,-23.449732054388424,-19.72765056539125,-14.938417916788907
0.020534249999999997,0.0034223749999999996,6.0,0.884315397615152,-0.2901452078587754,0.011551978289811235,-0.00021527490013339753,-0.00032191434349713793,-0.00013499366738076738,0.06800698585457703,1.757121114040583,1.641314080099872,-2.005605307056188,7.97405505601433,7.193485049546964,16.892989700459918,8.941647071151934,6.405734613806793,22.448220164502438,-23.41102293042357,-18.5651259456109,-14.379789669821117
0.020534249999999997,0.0034223749999999996,6.0,0.8441635584719217,-0.2501578824512194,0.012615381171515366,-0.00020386048762689935,-0.0003076828606652465,-0.0001306996024851688,0.06796968286766839,1.781951197541573,1.5736364056204062,-1.7851160316757628,7.9569983675863565,7.248887347472724,17.089858951583988,9.536326560347108,5.529912448393775,23.398433034854012,-23.609004608840507,-16.96185069306123,-13.486910815980131
0.020534249999999997,0.0034223749999999996,6.0,0.803292478142453,-0.20959853304539164,0.013770856890822315,-0.00018475575756343987,-0.0002793570103072705,-0.00011676977483094126,0.06789921124058489,1.8264900863664824,1.451746841966133,-1.5570561600131059,8.246602735907414,7.424415497466545,18.10627997210416,10.250032904884666,3.99917919521588,23.724856809464587,-24.277564699614448,-14.789397856694034,-12.245781931123293
0.020534249999999997,0.0034223749999999996,6.0,0.7616685573469856,-0.16864447557696816,0.014457575147303487,-0.0001724174546301159,-0.000252586073277999,-9.86132019982949e-5,0.06779134475479026,1.8802142247950058,1.2497185623706712,-1.4190690963366241,9.242012598279606,7.519196582218512,20.199472788604083,10.72700553068205,1.706605084148901,21.656599214326864,-25.4906443294532,-11.885576915962918,-10.948617682428504
0.020534249999999997,0.0034223749999999996,6.0,0.7190887420594126,-0.12741305042566092,0.013595108652171154,-0.00019256791793956528,-0.00025398137372759994,-8.9971023695406e-5,0.06769396886588282,1.908976442616199,0.9609583377416683,-1.5395537078047652,11.256927400105349,6.999853186253548,21.532814654943138,10.349396588317571,-0.9514430571636292,14.890986120209032,-26.32845424131287,-8.21457615874705,-10.30548434294172
0.020534249999999997,0.0034223749999999996,6.0,0.6750085554257216,-0.0857885726983623,0.010749177714187876,-0.00022781672979309598,-0.00025318103897849995,-8.636871141350184e-5,0.06773500312574844,1.8219482496404888,0.6166972340905714,-1.9656379660595922,13.765042979472465,5.329034754792058,16.33690586689392,8.133092743519846,-2.9630166007907084,5.124599051126623,-24.644034795750457,-4.468326564786388,-10.802026378681745
0.020534249999999997,0.0034223749999999996,6.0,0.628752913881216,-0.04329331570390473,0.008248724844721724,-0.000156990780632183,-0.0001523328941326086,-5.406917452399798e-5,0.06802850494481393,1.4789557053997022,0.29596202660617704,-2.318908130281464,14.027923599647295,2.808516510595029,3.013614676911647,3.8804182870903308,-3.33090142491807,0.028944923472668995,-19.755654027564685,-1.8215412333382452,-10.697022174729225
0.020534249999999997,0.0034223749999999996,6.0,0.5808532520579698,0.0006392766484724639,0.008830693451781354,-0.00011307229926886639,-0.0001288469177807438,-4.549933790230127e-5,0.0684031245414638,0.9668334374691835,0.0867321106345652,-2.178013433677252,10.0663306161557,0.7511811630407438,-6.974599514101024,0.4361934892314559,-2.3609354400153717,1.01583805209515,-13.710960555159668,-0.4482378202540869,-7.705395176140324
0.020534249999999997,0.0034223749999999996,6.0,0.6291961871434606,0.04488658532129514,0.009052755678280285,-0.0001878803849655656,-0.0001907958127528146,-6.288834717149995e-5,0.06810185096831362,1.531117469918145,-0.07874752547650572,-2.206109376952006,14.596886683677612,-1.9583757039584482,3.8093316871593337,-2.6736527599470206,-4.277914563643547,2.2778668853810786,-19.055339822538002,0.2540700764963908,-10.318972120034072
0.020534249999999997,0.0034223749999999996,6.0,0.6760573102415766,0.08693037252752069,0.012528256218224305,-0.00011750553468252721,-9.281099222102485e-5,-2.5900064610221496e-5,0.06792923682998359,1.9529449499238982,-0.4620823998331336,-1.7403853656477761,14.723327326022378,-6.217896213772422,17.112001516747057,-7.297518844592669,-4.534588541781532,-4.114752017671691,-23.144334010795188,1.8922739524447483,-10.188738784240844
0.020534249999999997,0.0034223749999999996,6.0,0.7204679846351407,0.12763678247645924,0.015729767143495096,2.762746307980833e-5,-3.5833929832911805e-5,1.2084702669204533e-5,0.06751525187001946,2.0982045160380283,-0.933302483610954,-1.275855157248585,11.874091318229507,-8.64882358025755,21.54731308838201,-10.70921102610097,-2.0464390730964714,-15.431381153870351,-24.53534938498883,5.2526498664238455,-9.827652245133034
0.020534249999999997,0.0034223749999999996,6.0,0.762887647838166,0.16819912416905394,0.016208434702410502,0.00013994186161490096,-0.00021006329294811078,8.539411002313663e-5,0.06768366771587599,2.0627972113875797,-1.315937856906543,-1.1951522197708997,9.257604557330545,-8.66493616016262,19.598514934036537,-12.0076757269118,1.4214606738991937,-22.848134940552953,-23.914140710769534,9.29106940658882,-10.679065231229744
0.020534249999999997,0.0034223749999999996,6.0,0.804122924538067,0.20891407107139376,0.0148649808383958,0.0002258860320062907,-0.0003515636628936828,0.00015757148000721408,0.06785658574792813,1.9609351041571008,-1.5540839110067954,-1.405620851979919,8.031214196954357,-7.865234951769886,17.36096637659702,-11.612357174572885,4.188059393448146,-24.861176160835722,-23.212724777711255,12.829276213187631,-12.21927359040251
0.020534249999999997,0.0034223749999999996,6.0,0.8446653824862783,0.24948867117690673,0.013142147502720938,0.00028035853296839,-0.0004317777714351351,0.00019414709020810066,0.0679569604769585,1.8693173060135728,-1.6766822916483102,-1.700554544833325,7.833493202222822,-7.276977615183551,16.509898531745808,-10.556039477945422,5.853173387378666,-24.284994797428567,-23.089741257073584,15.635207042810778,-13.686666589601487
0.020534249999999997,0.0034223749999999996,6.0,0.8846289035879151,0.28957285163342944,0.011700505928704764,0.0003043517373806756,-0.0004604703037767789,0.0001994904274608208,0.067999867314972,1.8152729901866929,-1.7323033219442183,-1.9692472482161079,8.018531626132514,-7.081283259067227,16.58210117936344,-9.611809508980716,6.703953741967125,-23.128703733477245,-23.300464903739726,17.75438077513782,-14.722485368099642
0.020534249999999997,0.0034223749999999996,6.0,0.9239444117075759,0.32895241027613986,0.010653386663881121,0.00030550707581909726,-0.00045597396148342394,0.00018971704685059922,0.06801672670575162,1.7933618921743202,-1.7571042722428214,-2.1821590108265068,8.230384521790441,-7.136452489144671,16.98631319177638,-9.007981301597557,7.114067730228704,-22.12241223112647,-23.58581523124182,19.277753949594313,-15.344452252019137
0.020534249999999997,0.0034223749999999996,6.0,0.9625221350345808,0.3675345586253936,0.009923078945836222,0.0002930646679881613,-0.00043364441798068913,0.0001749320412748932,0.06802547521220755,1.7899426276046317,-1.7701887111289096,-2.3440820952816583,8.368763418605504,-7.285789032736874,17.405446186992034,-8.690832681424865,7.326899958113479,-21.399005625417743,-23.8452467966758,20.339145101880533,-15.695663376718977
0.020534249999999997,0.0034223749999999996,6.0,1.000304310827111,0.4052897419306269,0.009408381070363629,0.00027413952816067314,-0.00040354316753903063,0.00015942336119273876,0.06803269643721992,1.7944575387235713,-1.7793672050079818,-2.4680874890574853,8.438882146338356,-7.438831845691757,17.731043026567082,-8.550746117828595,7.45878869650481,-20.90258438252177,-24.059606648996724,21.074452488379702,-15.89767084284316
0.020534249999999997,0.0034223749999999996,6.0,1.0372626358729236,0.44221251105166154,0.009032996787779276,0.00025310561314078716,-0.000371418988676041,0.0001447722324555127,0.06804006135968514,1.8009186821352554,-1.7870165341843582,-2.5647154447723928,8.467055677810666,-7.560213670513015,17.948901981722816,-8.504111931069273,7.55444534847998,-20.54972900350345,-24.230279060313137,21.588248098225232,-16.021501026290643
0.020534249999999997,0.0034223749999999996,6.0,1.073384964083131,0.4783038636786988,0.008750523735700415,0.00023232605111445987,-0.0003402666521896618,0.00013153508350645585,0.06804776160583857,1.8066617595719554,-1.7934895503704011,-2.6443358412693887,8.473383379299928,-7.642889519409138,18.081012066293965,-8.50205107268064,7.62802255542766,-20.275940235830305,-24.370357669839432,21.949224311725825,-16.101405934727577
0.020534249999999997,0.0034223749999999996,6.0,1.108668031671817,0.5135665292248798,0.00852577578986188,0.00021301703032362731,-0.00031160901280819766,0.00011985829774730881,0.06805574812635498,1.8106981429559401,-1.7987419520198877,-2.7109819786482046,8.469926927921328,-7.691184504809355,18.14376154436472,-8.520084413029345,7.683757270851746,-20.042693925236726,-24.482026916716386,22.198146606347073,-16.153684198773067
0.020534249999999997,0.0034223749999999996,6.0,1.1431104744911866,0.5480014907618653,0.008342759001791697,0.0001957060289458098,-0.00028606683023071314,0.00010973990674734254,0.06806390783270985,1.8127055912929873,-1.8025687286657515,-2.7681409560801997,8.462517310843861,-7.711145019938432,18.151876953361583,-8.546264479068432,7.722516541170675,-19.829626789911377,-24.57276860652638,22.36258352784367,-16.185033852014534
0.020534249999999997,0.0034223749999999996,6.0,1.176712641990678,0.5816092114212496,0.008188906819907901,0.00018035331476856837,-0.00026350330639510655,0.00010097474353156843,0.0680721903943843,1.8127672745324332,-1.8049357823600771,-2.818165982198125,8.454035439223993,-7.708088097787394,18.115843972687905,-8.575801530300337,7.745384071879541,-19.62640982161831,-24.648533889166483,22.459368862018913,-16.199419511103542
0.020534249999999997,0.0034223749999999996,6.0,1.2094741231172077,0.6143906190192299,0.008059431135681295,0.00016925819931016948,-0.0002472334989474143,9.473967006785453e-5,0.06808066963690557,1.810935640148675,-1.80575193901815,-2.862825920110018,8.4448827754481,-7.684837330408143,18.04317285566097,-8.607258911310561,7.754022598023461,-19.425695652851125,-24.71568613601402,22.500836536262828,-16.198905373471575
0.020534249999999997,0.0034223749999999996,6.0,1.2413971154495362,0.6463444175379691,0.007940931681075215,0.0001582124314094436,-0.00023108476370372306,8.862972804720062e-5,0.06808922390391452,1.8074263551841323,-1.8051834892180616,-2.902751274822174,8.43460510549223,-7.642294982825978,17.940353681234935,-8.64134036293377,7.751361236329773,-19.221344747111672,-24.773956244990345,22.489200159224055,-16.185966341821995
0.020534249999999997,0.0034223749999999996,6.0,1.2724802334340486,0.6774723093888828,0.007834809705730068,0.0001499246373004551,-0.00021899456930462514,8.413761554260052e-5,0.06809807960314573,1.8023050707787005,-1.8029048412973037,-2.939524581483355,8.421705624815335,-7.579430952074924,17.810078266391443,-8.678588031783923,7.738522916190989,-19.00295677338713,-24.827560346831326,22.42777540993637,-16.16022854100632
0.020534249999999997,0.0034223749999999996,6.0,1.3027229353403278,0.7077754448746758,0.007739865196290523,0.0001438391778916233,-0.0002101394202483414,8.093308857547187e-5,0.06810734345823267,1.795382393527823,-1.798682786095649,-2.973279876023334,8.405442082980446,-7.495044211653979,17.6503292595896,-8.717640480498618,7.715996422593277,-18.765205820858796,-24.875881989800014,22.31507237059717,-16.121438505573742
0.020534249999999997,0.0034223749999999996,6.0,1.3321248393257772,0.7372550496173763,0.0076556518195800135,0.0001398393544871725,-0.00020433531406137263,7.894198677573145e-5,0.06811712609672854,1.7866158004018444,-1.792246887232793,-3.004426761694778,8.38631847591109,-7.388180078669943,17.457809908592946,-8.756740243441842,7.683404331055552,-18.503083185219623,-24.91909493045969,22.14817147154259,-16.06972280696665
0.020534249999999997,0.0034223749999999996,6.0,1.3606859556810462,0.7659123126170838,0.007582302491248388,0.00013790827356765877,-0.0002015409317272243,7.814511432835671e-5,0.06812746611325275,1.7760475408116176,-1.7833396692864358,-3.033306420680352,8.365819306456762,-7.257970557768839,17.229750702139572,-8.793795366132343,7.6401019230031855,-18.21184966397454,-24.95772940765489,21.92318955597042,-16.00592122945996
0.020534249999999997,0.0034223749999999996,6.0,1.388406776127932,0.7937483848017246,0.007520954919641798,0.00013809414669899758,-0.0002018021230355555,7.855451223667598e-5,0.06813828711680177,1.7638161618615038,-1.771717203074267,-3.0601604308925863,8.346270459766485,-7.103627049678778,16.965202882069416,-8.8265339063419,7.5852169288531135,-17.88616259518633,-24.992479920307378,21.635279019140114,-15.93148738861959
0.020534249999999997,0.0034223749999999996,6.0,1.4152882984002588,0.8207643782406031,0.007474500686563962,0.00014050368403989498,-0.0002052346639219906,8.020370011688881e-5,0.06814935886666204,1.7501506090192274,-1.7571483275292967,-3.085073861427848,8.330792497798715,-6.924632240982208,16.66565200034627,-8.852542557640964,7.517414661982678,-17.51988310002449,-25.02390848349869,21.278591321269253,-15.848207159781396
0.020534249999999997,0.0034223749999999996,6.0,1.4413319960651354,0.846961321963558,0.007448477596050617,0.00014530466151334363,-0.00021201614468189042,8.314078637029143e-5,0.06816027118696592,1.7353517575017001,-1.7394225217471235,-3.1079214466164364,8.323145176773517,-6.72092568586501,16.33543375478919,-8.869452796193844,7.434695340032903,-17.106361612616222,-25.05227216197092,20.846470402574017,-15.757840516806422
0.020534249999999997,0.0034223749999999996,6.0,1.4665396942062758,0.872340092085421,0.007451928233885825,0.00015272951435826946,-0.00022237305135351592,8.742075053003513e-5,0.06817044360974918,1.7197567767668736,-1.718363306389977,-3.1283316960958847,8.327331008713598,-6.492908289384045,15.98192125243918,-8.875326934766925,7.3343779177010875,-16.63907678343751,-25.07751070248212,20.331921324676497,-15.661708926414693
0.020534249999999997,0.0034223749999999996,6.0,1.49091332865825,0.8969013469359113,0.0074979161498925865,0.00016300531625578082,-0.00023645260991795875,9.305658876480122e-5,0.06817919378862071,1.70368655944139,-1.6938424382387358,-3.145680481380066,8.34697061576209,-6.241186611549641,15.615233891897638,-8.8691520105245,7.213317986200645,-16.112538569512076,-25.099349137577537,19.728257707975594,-15.56028860196274
0.020534249999999997,0.0034223749999999996,6.0,1.514454618547588,0.9206454881707893,0.007603288263165781,0.0001765255267604956,-0.0002545377365375895,0.00010011419580217096,0.06818587058969633,1.6873864778659202,-1.66579253735089,-3.1591207327019277,8.384570423509937,-5.966070612164783,15.247330887795039,-8.851293308944372,7.068356837184822,-15.523267713359296,-25.11739566095603,19.029769774839245,-15.452927260694763
0.020534249999999997,0.0034223749999999996,6.0,1.537164722603413,0.9435726681422173,0.0077873592799514195,0.00019624450174829576,-0.00028042434132851627,0.00011006118156620317,0.06819002899912634,1.6709763203404364,-1.6342156475298506,-3.1676442797407414,8.440846422521727,-5.666959219162084,14.890485692547534,-8.823723784844688,6.896959839516922,-14.870645054517137,-25.130959232263397,18.232355016497362,-15.337806262038653
0.020534249999999997,0.0034223749999999996,6.0,1.559043953793993,0.9656828770961555,0.008069522121467087,0.0002200819878174278,-0.0003104357930043363,0.00012148566637263143,0.06819159372680539,1.6544219451795685,-1.5991816061178177,-3.170160346239055,8.514245743593566,-5.341273237121314,14.556732766018813,-8.79042140724513,6.697945793562384,-14.156453943189607,-25.13970810731087,17.333189682498453,-15.212191537155956
0.020534249999999997,0.0034223749999999996,6.0,1.5800916013367365,0.9869761440514453,0.008466258275129994,0.00024963387821245076,-0.00034594388302070346,0.00013507439745471714,0.06819094761374543,1.637530530021666,-1.560807108003929,-3.1655663259017746,8.600719660305097,-4.984108611842694,14.256357591985381,-8.756922003641586,6.472145476531984,-13.384550954112777,-25.142666271513733,16.33124375374304,-15.07286513683708
0.020534249999999997,0.0034223749999999996,6.0,1.6003058701363184,1.007452849371259,0.008988407398586362,0.0002860169624995119,-0.0003873333779171839,0.00015129254642636187,0.06818889579646974,1.6199581140082586,-1.5192089170554028,-3.1527803422845855,8.693651380996817,-4.587715204675028,13.998865075477303,-8.730212691111628,6.222823472273848,-12.558529916947014,-25.13846641398129,15.22692087743667,-14.916474853270673
0.020534249999999997,0.0034223749999999996,6.0,1.6196839058551982,1.0271140877274336,0.009639604140978877,0.000330304105904756,-0.0004346299365531271,0.0001706748589565441,0.06818651492700246,1.6012083572466531,-1.4744340477551336,-3.130706418186079,8.783703720722892,-4.1416598916738945,13.79500292541243,-8.718520773041966,5.955801233504232,-11.678680099175965,-25.125320105048743,14.022351554924096,-14.739504954227124
0.020534249999999997,0.0034223749999999996,6.0,1.6382218427144615,1.045961974767438,0.010416420547035097,0.00038352710095216974,-0.00048751772041663805,0.0001938513885004269,0.06818494660987981,1.5806010273697197,-1.4263824697104557,-3.098119466078524,8.858386784535972,-3.633667048997498,13.659824391016482,-8.73143117734079,5.679349860208731,-10.738478117239591,-25.101265507951624,12.722358817005842,-14.537736644744697
0.020534249999999997,0.0034223749999999996,6.0,1.6559148118479603,1.0639997843179863,0.011310149644496633,0.0004466534842159825,-0.0005453238182231165,0.00022152350501718286,0.06818520698115704,1.5572029082650458,-1.374749551368367,-3.0534916368377636,8.901492111858818,-3.051377468114818,13.615344639257968,-8.780251371622876,5.403883050250212,-9.721785539665825,-25.064580628774454,11.336281273665774,-14.305375162109026
0.020534249999999997,0.0034223749999999996,6.0,1.6727569844986294,1.0812317925382124,0.012310099171168886,0.0005205397487646554,-0.0006070114839985953,0.00025438433334122124,0.06818799327531398,1.529653841861257,-1.3190056108207564,-2.994681231304687,8.893109010320934,-2.3851971552278153,13.688828048672534,-8.877618986947875,5.141078335605103,-8.599038574067162,-25.01088812702402,9.878830127018476,-14.03418734592603
0.020534249999999997,0.0034223749999999996,6.0,1.6887412628462,1.0976629707944354,0.013403638531423068,0.0006057928115991401,-0.0006711136298242107,0.0002930319612814728,0.06819392476475539,1.4965305048929909,-1.258566461942755,-2.9194747865810884,8.811326153215646,-1.6324720379757967,13.91514635512729,-9.036900401270726,4.902796459671546,-7.347567042891934,-24.945918874004665,8.378586453955,-13.714122612887195
0.020534249999999997,0.0034223749999999996,6.0,1.703859672293487,1.1132980038139715,0.014585498368615281,0.0007025910159228849,-0.0007359267109045093,0.0003376020669262642,0.06820296200979084,1.4557637022456658,-1.1928318699551532,-2.8251071605107922,8.635747252558996,-0.8011850444131929,14.316096950623782,-9.265752609290747,4.6970885404839695,-5.940805174364222,-24.86689875445088,6.870545576198207,-13.332835793042976
0.020534249999999997,0.0034223749999999996,6.0,1.718105571360749,1.128140162256002,0.01584518730843501,0.0008101161541279896,-0.0007995597790849655,0.00038780085148064955,0.06821483642639525,1.405610540992808,-1.121617719924863,-2.709188355965341,8.353514151987435,0.0874258221718374,14.895396516702025,-9.562561396106059,4.527016781138354,-4.379554930257453,-24.770816374370455,5.398131395977229,-12.880530933125781
0.020534249999999997,0.0034223749999999996,6.0,1.7314725791130459,1.1421903246568461,0.01717880190926027,0.0009263477547438605,-0.0008604954491233183,0.0004426547132617359,0.06822910531171428,1.344654869212603,-1.045273484593196,-2.570615415208698,7.963075141643212,0.999826207411273,15.627431129896795,-9.910299271506931,4.387388583601064,-2.700258568743864,-24.654607788289024,4.010140394916422,-12.350463725244273
0.020534249999999997,0.0034223749999999996,6.0,1.7439582000255263,1.1554457417067854,0.018577218557804646,0.0010482071280071292,-0.0009181001258895195,0.0005007955054653035,0.06824511113960935,1.2725156764988053,-0.9648707026096747,-2.410169236607312,7.476747717817644,1.8950847610496175,16.457172762238457,-10.277129503926783,4.266754374676311,-0.9771774749688419,-24.511308555919726,2.7516760764724513,-11.743502092493953
0.020534249999999997,0.0034223749999999996,6.0,1.7555648774449577,1.1678997215496485,0.02002521748835518,0.0011722963657582115,-0.0009729429813681811,0.0005608891138375021,0.06826214684957232,1.1900984145054063,-0.8821091520776879,-2.2309145102303574,6.918847285879572,2.73205879792169,17.309542039854414,-10.621381803147775,4.150501059671242,0.6896411361971293,-24.331264024244152,1.65771550398955,-11.06934834555081
0.020534249999999997,0.0034223749999999996,6.0,1.7663005937236584,1.1795420659503937,0.02150000051455706,0.0012959324863459072,-0.0010267031955705525,0.0006220950757837003,0.06827954475863582,1.0996083724515047,-0.7990764651766273,-2.0380160913550736,6.321020913619283,3.476405364925635,18.105140892909912,-10.900614038608621,4.0250423057728,2.195985179406256,-24.10400591276023,0.7482818461500603,-10.346063219392079
0.020534249999999997,0.0034223749999999996,6.0,1.7761782127165924,1.190360233755228,0.022972065481722915,0.0014180448399184053,-0.0010818573071459932,0.0006843753740493636,0.06829672059629613,1.0042512424052399,-0.7179367111628036,-1.8380662166897812,5.716420119609152,4.105230344831802,18.776203035760236,-11.081125668910285,3.8810930843411042,3.4562400784022254,-23.82115828542321,0.027055496822563935,-9.597513203950262
0.020534249999999997,0.0034223749999999996,6.0,1.7852137299196824,1.2003408882664075,0.024408159777541263,0.0015398502026135522,-0.0011415629577491027,0.0007487064957457706,0.06831318591741492,0.9077246287440226,-0.6406529549398051,-1.6381547072735798,5.134547732691715,4.608560818367961,19.27764861598724,-11.144585300081962,3.715092637655906,4.419204762313856,-23.47935859024916,-0.5166817346236873,-8.84964037034762
0.020534249999999997,0.0034223749999999996,6.0,1.7934239881137273,1.2094714113747782,0.025775255538150764,0.0016657153546936095,-0.0012101451314165271,0.0008174649425129585,0.06832855171277799,0.8136642404442189,-0.5688075984313062,-1.4449617265778283,4.597930895979676,4.988124014686537,19.591111315669245,-11.090048942891523,3.5288828416067592,5.073081636330339,-23.082104646485465,-0.9039018650027861,-8.126813737586437
0.020534249999999997,0.0034223749999999996,6.0,1.8008245232075806,1.2177410620406999,0.02704428792034756,0.001805092709843403,-0.0012946610206919736,0.0008954511905738963,0.06834253261140244,0.7251937230969004,-0.5035309459629258,-1.26408349804665,4.120906410492962,5.254519816564927,19.722691944778376,-10.931637842467369,3.3283342181647786,5.440565075858071,-22.639892608653923,-1.160918608585765,-7.4492406286577415
0.020534249999999997,0.0034223749999999996,6.0,1.8074280358775536,1.225141628578142,0.028192725039782186,0.0019800016626032755,-0.0014105771152578689,0.0009938312542045796,0.06835494752291842,0.6446619625191174,-0.4455139016935115,-1.0996806631200653,3.710149512818739,5.42370945077986,19.696582619414023,-10.693377334760177,3.1216455558207246,5.567673733432206,-22.168525083492884,-1.314618017057908,-6.831795068639464
0.020534249999999997,0.0034223749999999996,6.0,1.8132436843616573,1.2316675826457137,0.029205603616875242,0.002242199758779518,-0.0015944953578891227,0.0011393297111336443,0.06836571087010117,0.5735767868748556,-0.3950712541500786,-0.9544306891961437,3.366270658161956,5.5133907374427,19.54688330721155,-10.403017487894086,2.9177994497803255,5.510472345963051,-21.68599213023988,-1.3882081189186244,-6.28407010794228
0.020534249999999997,0.0034223749999999996,6.0,1.8182771216969111,1.2373158428811672,0.03007517153071359,0.002776532920100594,-0.001979636519878117,0.0014286617596007392,0.06837481268467774,0.5126906941179015,-0.3522277305214713,-0.8297024142006105,3.0858022271933727,5.536977033221274,19.305791004929727,-10.083689377234895,2.725397696560587,5.317837742199487,-21.20498464768916,-1.3925542399375228,-5.8111999237539615
0.020534249999999997,0.0034223749999999996,6.0,1.8225310460130941,1.2420852942805136,0.03079956889568691,0.005194376939488732,-0.0037518290815569365,0.0027141868423347882,0.06838227598388358,0.46217341639575366,-0.3168085930148079,-0.7258536346607872,2.863074667063908,5.4565077404366535,18.935044349285434,-9.705338119327866,2.551927889863801,4.938717755611711,-20.667507761961755,-1.2398436164675148,-5.415002556927711
0.020534249999999997,0.0034223749999999996,6.0,1.8201028190670598,-1.239990493861597,0.031051009748896047,-2.63224792971289e-5,-1.3308774628633765e-6,-5.221357334981159e-6,0.06836243164167408,0.4281750061741886,0.2870684003466071,-0.6797576859053966,2.805289054516106,-5.90258932549664,18.531669307063883,9.76158124093138,2.3025375446953587,-5.84359271579329,-20.458213456969645,2.4576685527633613,-5.107826599211464
0.020534249999999997,0.0034223749999999996,6.0,1.8154529251690126,-1.2347873959473532,0.03026337576633479,-8.82133987883876e-5,-4.553009193069258e-6,-1.7173074594765345e-5,0.06835463074561565,0.48248840920315983,0.32504749105668906,-0.7933868984850846,3.037531625918388,-5.897669925234265,18.775102186918197,10.065417078812642,2.485889305253403,-6.067528192268448,-20.892524925965837,2.4445942552803084,-5.523420931171789
0.020534249999999997,0.0034223749999999996,6.0,1.8100221595925934,-1.2287062596704112,0.029330999442787685,-0.00013237859269964853,-7.055186417791407e-6,-2.523373489625125e-5,0.06834493314545773,0.5470688878326304,0.37043474056758985,-0.9279624555384213,3.3283734595132715,-5.847320281835237,18.96188148281333,10.364488172495449,2.6846454720223893,-6.206830286348457,-21.35270609757798,2.3908140699552516,-6.013018931535665
0.020534249999999997,0.0034223749999999996,6.0,1.8038067768564034,-1.2217488660480775,0.02825789221312768,-0.00018102646012535078,-1.0110841373557132e-5,-3.371746323029418e-5,0.06833320762704569,0.6215538342741564,0.42335012084315937,-1.0827428921761826,3.683360654646499,-5.731038697731171,19.050605890224666,10.629911718571678,2.8906550435581186,-6.199149120925052,-21.817893348812678,2.2726914051295557,-6.574015698204612
0.020534249999999997,0.0034223749999999996,6.0,1.7967997715148598,-1.213919208877279,0.02705470568668594,-0.00023356731528733986,-1.3902697474003537e-5,-4.2418291220556865e-5,0.068319468713045,0.7049095394473484,0.4836742432932262,-1.2557974199965198,4.1051624288270485,-5.527842479666253,19.00148201572807,10.831112765498261,3.0949294660022235,-5.980872856246694,-22.267130442969293,2.064060354753759,-7.20009189482927
0.020534249999999997,0.0034223749999999996,6.0,1.7889905206311472,-1.2052238891451557,0.025739675722185183,-0.0002889361441346743,-1.86431131170686e-5,-5.1030482445035755e-5,0.06830396674065714,0.79528605347791,0.5509562184324398,-1.443745120325127,4.591530694121756,-5.2181178414926395,18.782438827826063,10.93957993726343,3.2886144878113357,-5.4947268772405105,-22.681599803884147,1.736102973505875,-7.88014518193309
0.020534249999999997,0.0034223749999999996,6.0,1.780365061364202,-1.1956721937557302,0.024338362334934954,-0.0003453063850962562,-2.4509488185205794e-5,-5.907924219728451e-5,0.0682872618198227,0.8899904157594779,0.6243325418727345,-1.6416702545813013,5.133306968269828,-4.786498484469051,18.37648622265725,10.934277726116301,3.4644036994695497,-4.701717792051209,-23.047077875696978,1.2599582033505632,-8.597710667739385
0.020534249999999997,0.0034223749999999996,6.0,1.770907181927806,-1.185275721247357,0.02288185877044465,-0.00040036429323485096,-3.155182068177286e-5,-6.594903574878726e-5,0.06827024781489253,0.9856391316503205,0.7024803720514334,-1.843313312873002,5.713092230093619,-4.225236405926626,17.788781792527033,10.807284605075445,3.618261421557529,-3.593464264701435,-23.35585761135872,0.6105694616489231,-9.331353651651153
0.020534249999999997,0.0034223749999999996,6.0,1.7606002864910448,-1.174047483948971,0.021403556482110245,-0.00045145811198089544,-3.952387912075603e-5,-7.090233173869669e-5,0.06825410433805215,1.0785143526234537,0.7836381854506073,-2.0415971980427283,6.305326748658156,-3.5375027823179903,17.051112379586833,10.567811796358532,3.751091499556014,-2.2008785635426946,-23.60742049947658,-0.22858280382448476,-10.056418248214172
0.020534249999999997,0.0034223749999999996,6.0,1.7494296891720846,-1.162000548546244,0.019935128963766712,-0.0004959601677838006,-4.769577091968049e-5,-7.318473370248556e-5,0.06824018201759673,1.165080979103103,0.8657271861089945,-2.229456999593428,6.878406111983727,-2.73964224428226,16.221164021688736,10.242582727704738,3.8697031066122483,-0.5945538110706753,-23.807455120440277,-1.2608538065068835,-10.748109218595978
0.020534249999999997,0.0034223749999999996,6.0,1.7373847296942124,-1.1491464538512064,0.01850289491689681,-0.0005317940055610085,-5.476390850850865e-5,-7.223297418191212e-5,0.06822984873570519,1.2425450802483813,0.9465851760284894,-2.4008164908977876,7.3989745213781415,-1.8611617532410276,15.374788298134362,9.871399228748512,3.9862796953667687,1.1260370394254846,-23.965444521074193,-2.4733363957380363,-11.38525421674491
0.020534249999999997,0.0034223749999999996,6.0,1.7244600531333338,-1.1354937947372183,0.0171258129212864,-0.000557928702937896,-5.8998967478739856e-5,-6.7925983661476e-5,0.06822432070588783,1.309286723557203,1.0242767360221758,-2.551446919407959,7.837709955532763,-0.9415184273895113,14.591820727330767,9.498545469519208,4.115869454196737,2.8531916473622396,-24.091669358586042,-3.836701882655934,-11.953579409729503
0.020534249999999997,0.0034223749999999996,6.0,1.7106556538599889,-1.12104738186169,0.01581584209247129,-0.0005745398462436831,-5.8643901202493206e-5,-6.072957979511087e-5,0.0682244878218494,1.3650201146803531,1.0973890494742997,-2.6794268226815277,8.175020476359746,-0.023832496204309425,13.939242659558362,9.162738247272525,4.2723227693316055,4.495031388960899,-24.19471136107317,-5.308647241817511,-12.447343245691343
0.020534249999999997,0.0034223749999999996,6.0,1.6959757639652324,-1.1058082161064404,0.014580418542240983,-0.0005827041787346704,-5.235628314195214e-5,-5.1606418763144265e-5,0.06823075825628912,1.4106283806571134,1.1652021246943705,-2.7850415229498733,8.4046373979123,0.8528267904282837,13.4577598009806,8.889370436494863,4.464180108966893,5.993729677540111,-24.280225086998183,-6.840289981270554,-12.8688175068792
0.020534249999999997,0.0034223749999999996,6.0,1.6804279181732957,-1.0897740586198281,0.013422397992446052,-0.0005838657232285665,-3.9448242499471816e-5,-4.174455298563688e-5,0.06824297170026229,1.4478422265774296,1.2276961381586506,-2.8701255295831696,8.533884061252119,1.6599011834200694,13.157307411763279,8.688208699903308,4.692767149931817,7.331047801241764,-24.349902401910597,-8.382744214331467,-13.226651211183938
0.020534249999999997,0.0034223749999999996,6.0,1.664018148299563,-1.0729411436507135,0.01235618106889638,-0.0005794340320144296,-1.989456387382747e-5,-3.2169090520696756e-5,0.06826041276779012,1.4783922101356735,1.2852424973320096,-2.937448629632062,8.579235700140755,2.3824755951267704,13.021783280652047,8.554823853899224,4.951120322989029,8.519501263886058,-24.407071193520736,-9.896449616018547,-13.530356023129777
0.020534249999999997,0.0034223749999999996,6.0,1.646754232414387,-1.0553045948750002,0.011386685182427771,-0.0005705575991213957,5.872509124342593e-6,-2.372591525464971e-5,0.06828202005267059,1.5042765956477808,1.338602778199531,-2.991357240341595,8.56251478226284,3.0181355107354086,13.02570652695663,8.47893853645033,5.229207303140133,9.591508083620282,-24.45581606926467,-11.351351905482787,-13.79172208540298
0.020534249999999997,0.0034223749999999996,6.0,1.6286427269302328,-1.0368599328913608,0.01052973282229478,-0.000558425009511787,3.688281760311408e-5,-1.6845133725739272e-5,0.06830626274513374,1.5266991041638787,1.3881555248258433,-3.030717830017753,8.504637340260123,3.5734887405827034,13.129387445818924,8.445790072294974,5.514241305580582,10.569459576476143,-24.487556574467913,-12.723288982162844,-14.018878645840712
0.020534249999999997,0.0034223749999999996,6.0,1.609688764600674,-1.0176034022960903,0.009794862385898452,-0.0005442106589971544,7.177402744570568e-5,-1.1678399565522717e-5,0.06833147860025504,1.5468448065853322,1.4344081665879194,-3.0590121617389525,8.423712059440568,4.059810812670833,13.310797589480327,8.443652478732616,5.795099799442256,11.478967739059268,-24.508637494382434,-14.002014930344203,-14.218811858882827
0.020534249999999997,0.0034223749999999996,6.0,1.5898966520016413,-0.9975323471014724,0.00918894994118101,-0.0005291003531326009,0.00010887666982308436,-8.129291737150828e-6,0.06835599853220657,1.5655078146958135,1.477557769253876,-3.0775973938749526,8.333928732381137,4.489615391054417,13.551486883733338,8.462081020599816,6.062378724960245,12.332069516328499,-24.52092136682972,-15.181193865981003,-14.39630745734138
0.020534249999999997,0.0034223749999999996,6.0,1.5692697428310525,-0.9766451688498963,0.00871244469052985,-0.0005141986234379135,0.00014639571912019298,-5.92970919047961e-6,0.06837842358699403,1.583272021718738,1.517622937582185,-3.0875988325853747,8.246037007019087,4.874355656459203,13.838996034824904,8.492237915999212,6.309030626491617,13.132428805817716,-24.526299357665536,-16.258020998933368,-14.555067633510712
0.020534249999999997,0.0034223749999999996,6.0,1.5478103940080017,-0.9549411150046538,0.008358366627755508,-0.0005003876062072677,0.00018263840920470825,-4.720174055381736e-6,0.0683978350860878,1.6005613180665064,1.5545140129089703,-3.0900663328924645,8.167931378613854,5.223211223545729,14.163883169000629,8.526537309082235,6.530495775166777,13.878335518155719,-24.526355275811486,-17.231710481117403,-14.698427153780651
0.020534249999999997,0.0034223749999999996,6.0,1.5255199062546532,-0.9324199604722453,0.008112987514092488,-0.0004881791998367377,0.00021620676068677332,-4.1281736949331264e-6,0.06841384840341727,1.6176535616141758,1.5881081081591621,-3.0860645340742807,8.104958479055247,5.542638187910904,14.517050177489837,8.558645881041413,6.7246990921033625,14.565851963764212,-24.522209505582957,-18.10283853852847,-14.829657571158611
0.020534249999999997,0.0034223749999999996,6.0,1.5023985268789588,-0.9090816757798127,0.007957979037762155,-0.00047767551693884215,0.0002457591708386854,-3.839395628396761e-6,0.06842644549967253,1.6346751182491612,1.6183093457416213,-3.076685713955437,8.059980087986377,5.836464694528386,14.888169300119236,8.583741573613418,6.8918328067832535,15.191628767484465,-24.51455042537199,-18.87334813040138,-14.95181289476964
0.020534249999999997,0.0034223749999999996,6.0,1.4784455685579987,-0.8849261618988876,0.007873369371578494,-0.0004689813370682218,0.0002717036120416707,-3.6117337049409155e-6,0.06843609563572559,1.6515978877711435,1.645084681166668,-3.062995598396289,8.033445617779641,6.106379601994156,15.265690754762698,8.598767801758067,7.033852092560302,15.754975573079301,-24.5039671036952,-19.54687811697359,-15.067297710339961
0.020534249999999997,0.0034223749999999996,6.0,1.4536596496114143,-0.8599530971038609,0.007840415898337753,-0.00046180420001310684,0.0002937122765211469,-3.3239622346698886e-6,0.06844315654949969,1.6682552686222056,1.6684754254158678,-3.045944243406473,8.02369276781649,6.352655337357917,15.637946443803296,8.60248150978926,7.153752234631741,16.258657040026467,-24.491108454405378,-20.12896088115894,-15.177445002448234
0.020534249999999997,0.0034223749999999996,6.0,1.4280390206279012,-0.8341618907023712,0.007843593678918317,-0.00045545807565091246,0.00031188712128799875,-2.925844812527739e-6,0.06844809987739506,1.6843833106360924,1.6885927019655282,-3.0262870585747845,8.02752757425601,6.574890756597899,15.995254172742646,8.595262707832017,7.254822108976479,16.70850794751443,-24.477117054201948,-20.626955099972587,-15.282349683232498
0.020534249999999997,0.0034223749999999996,6.0,1.4015819161486458,-0.8075517034222188,0.007871343688564856,-0.00044926597763125895,0.00032638588422948553,-2.4217436549424904e-6,0.06845137615504185,1.6996808435475383,1.7056069216134742,-3.004548854513585,8.04098893915705,6.77262052788354,16.33156445454126,8.578730429494062,7.340054333736372,17.112495959173188,-24.463878018154002,-21.049679282707363,-15.381043272893429
0.020534249999999997,0.0034223749999999996,6.0,1.374286846006911,-0.7801215089805682,0.007915837614937303,-0.00044255954954084054,0.00033729287061949565,-1.8432728527760575e-6,0.06845339116709094,1.7138691312773027,1.719733382769576,-2.981027094920491,8.060160112026285,6.9457612183712225,16.644424708555682,8.555196719665224,7.411742344263514,17.47977845764838,-24.453819782857423,-21.406532414343662,-15.471902456289799
0.020534249999999997,0.0034223749999999996,6.0,1.3461527290244384,-0.751870217737387,0.00797242303845565,-0.00043468095177814524,0.0003445886071766452,-1.2273536162046387e-6,0.06845449446339653,1.726723775723445,1.7312044131475846,-2.955795797460825,8.081868280114715,7.094924215100905,16.932520934938513,8.526971467114132,7.471202034640621,17.819455972096954,-24.448607986881257,-21.705688458458535,-15.553070314755342
0.020534249999999997,0.0034223749999999996,6.0,1.317178831558561,-0.7227968718463588,0.008039214632847867,-0.00042500659519543023,0.00034816806153502365,-6.032754748129699e-7,0.06845497175537495,1.7380656364857183,1.740223969896518,-2.928687722616871,8.103990504836556,7.22143026140326,17.19249850168208,8.495773774733234,7.518752330105774,18.13802806498348,-24.446893370951503,-21.95160953986095,-15.622742834942335
0.020534249999999997,0.0034223749999999996,6.0,1.2873646407597834,-0.6929007899310284,0.008116542421742678,-0.000413012991496494,0.00034784568441293404,5.108074215547464e-9,0.06845504000107364,1.747741179235255,1.7469360667702805,-2.8993107842995123,8.125132924671716,7.326773167746977,17.419048118474638,8.462784337710392,7.554284722264064,18.43650748166662,-24.443410265352643,-22.14407363077474,-15.679417646935777
0.020534249999999997,0.0034223749999999996,6.0,1.2567098827101952,-0.6621814819480304,0.008205776959469478,-0.00039831563118004535,0.0003433663450369927,5.686874198705232e-7,0.06845485176549229,1.755641694961463,1.751451199578688,-2.867164310332918,8.144143994370877,7.411967096384481,17.60872647334538,8.429267486797434,7.578088377098591,18.711405867174527,-24.431663074740925,-22.280746460603453,-15.722232371469472
0.020534249999999997,0.0034223749999999996,6.0,1.225214619926664,-0.63063845054375,0.00830823048884326,-0.0003806307545060362,0.00033450777335585825,1.057557108839212e-6,0.06845451194195126,1.7617385355197606,1.7538979908457522,-2.831756896235941,8.160340097633778,7.47772117509915,17.76156116268929,8.396625986655183,7.590721591486925,18.96088286565936,-24.407808131704893,-22.360812687472162,-15.751061689120688
0.020534249999999997,0.0034223749999999996,6.0,1.192880647089617,-0.5982702907415414,0.0084204349636874,-0.00035995958437131244,0.00032138220893582556,1.4432810225018274e-6,0.06845410693865943,1.766810075963915,1.7543710967709891,-2.79516818947308,8.17497199339274,7.525526247173368,17.87570855915222,8.366885304337627,7.591617301256337,19.186690882468316,-24.36832129301827,-22.384302826675007,-15.766589294649089
0.020534249999999997,0.0034223749999999996,6.0,1.1597050048028357,-0.565078856869889,0.00855535867313101,-0.0003346954054490029,0.0003028835456512975,1.7521426517915086e-6,0.06845367263291338,1.7693184958673416,1.752957158838748,-2.7513245619069826,8.18708414817532,7.555275270712194,17.950508656737483,8.337066879371458,7.579400753847107,19.402590870353112,-24.31686077585969,-22.350831617706447,-15.76648490202242
0.020534249999999997,0.0034223749999999996,6.0,1.125688664064171,-0.5310638637860097,0.008714776063367373,-0.0003058603099553662,0.00028010586304443225,1.9564852107568046e-6,0.0684532656540185,1.7698586431975303,1.749530037004859,-2.7015226221956894,8.197525252298824,7.566908301996844,17.976756520758777,8.308407347017841,7.551540247263621,19.613746599552165,-24.246958960064216,-22.253403968886754,-15.749065499562427
0.020534249999999997,0.0034223749999999996,6.0,1.090830987878881,-0.49622631568753944,0.008908525654976032,-0.0002735861307517069,0.0002533181667019064,2.016941430158829e-6,0.06845295243883275,1.7682646615327193,1.7438923001746112,-2.6438600025020613,8.204715631989577,7.558152285471002,17.944249930651523,8.282772182955478,7.505938421275747,19.827196406167072,-24.151770051088732,-22.079226120296894,-15.710654053265312
0.020534249999999997,0.0034223749999999996,6.0,1.055131132054418,-0.4605675943607364,0.009152298508798708,-0.0002386757652345052,0.00022326765215999046,1.9010155923515715e-6,0.06845288171973454,1.7644603523456617,1.7357660323800594,-2.5757274300998994,8.20507729912489,7.525455248775205,17.843490407944937,8.265837469515612,7.440242284618384,20.054190186763357,-24.02539447779869,-21.81040669523226,-15.645319583743259
0.020534249999999997,0.0034223749999999996,6.0,1.0185917410452392,-0.42408806586699066,0.009460911783603441,-0.00020236988981438075,0.0001911580216623696,1.5470580987353493e-6,0.06845351654560315,1.7586517103545871,1.7251695261740798,-2.4926021514889185,8.19253245743741,7.465994233183844,17.68062543148561,8.270092047889259,7.3507474884131,20.322776402210746,-23.87130169402746,-21.422186433225676,-15.54327994585052
0.020534249999999997,0.0034223749999999996,6.0,0.9812166436567069,-0.3867899912966409,0.009861863423567223,-0.000166397509488743,0.00015854745720380459,9.981620368577496e-7,0.06845593768098253,1.752655723509189,1.7111174173459383,-2.3912645239536614,8.160554797927038,7.380313475522856,17.457666099992277,8.320502950035698,7.223292589553362,20.682753117295505,-23.698516606537176,-20.891963616570823,-15.383847387480392
0.020534249999999997,0.0034223749999999996,6.0,0.9430156695089116,-0.34867990452944486,0.010393639809801252,-0.00013305844007469603,0.00012758834816023592,3.5310206378864953e-7,0.06846267520629952,1.7487380281614031,1.69195302035852,-2.263763289037507,8.101453990810823,7.280978572301113,17.203521659584673,8.456338914289566,7.024080961032825,21.213494211228834,-23.539872331975452,-20.172751643829812,-15.12553495184366
0.020534249999999997,0.0034223749999999996,6.0,0.6049853350274309,0.022929841521953348,0.008472842523408835,0.00010156050069750617,0.00015989003933588363,1.0890595636358408e-5,0.06870546403528065,1.2454402044117003,0.03081068320531913,-2.2614217412422,12.701190037920945,-0.25224682235715257,-2.7621635357566503,-0.7567368931201935,-3.3506944921603523,2.1894959058621617,-16.442469448030682,-0.13599641262669016,-9.350495545760603
0.020534249999999997,0.0034223749999999996,6.0,0.6528029871737754,0.06606350074351094,0.010534184806086342,0.0006083942705031748,-8.74382581637185e-5,-5.56642312584064e-5,0.06795936178059991,1.7752847552797415,-0.2458012859839979,-2.0145775087596323,15.252798291263648,-4.103957022314389,11.086347826331652,-4.98296605125868,-4.763878209246123,0.18172870953370637,-21.363486763204264,0.9271945049287401,-10.488920082017524
0.020534249999999997,0.0034223749999999996,6.0,0.6984562966703439,0.10726330777626573,0.014405679838192648,0.0004943549686039956,-3.2752443154955346e-5,-5.775680304553467e-5,0.06837170619985881,2.0559368367057447,-0.6988223755385943,-1.4723542670333556,13.44029827943559,-7.785941714565997,20.564720990876406,-9.249563565334256,-3.565058347569934,-9.807384691260694,-24.19917254566079,3.410283795228688,-9.875239931865655
0.020534249999999997,0.0034223749999999996,6.0,0.7417698067611804,0.14779702747907308,0.016299789092257967,0.0003441482486503211,7.539275872744984e-5,-2.6581032541014515e-5,0.06869150758509607,2.095360206023854,-1.1411588584901715,-1.1858553879571454,10.420085127716414,-8.859607929660378,20.914010811907144,-11.620613760745268,-0.3071625824641703,-19.916536191584456,-24.355951870898586,7.29431457130651,-10.112922545252244
0.020534249999999997,0.0034223749999999996,6.0,0.783510273208177,0.18844894625745853,0.015662094580393398,0.00022400618521658335,0.00013447177988319954,-7.563607954298187e-8,0.06873147853355317,2.014525150106904,-1.4517637977684446,-1.2778858466231462,8.476624540529901,-8.270948001724392,18.3546655948223,-11.9707705311959,2.936154343989494,-24.362848111117557,-23.52632632208974,11.144226064500828,-11.412778884519406
0.020534249999999997,0.0034223749999999996,6.0,0.8243641944139106,0.22914064247783936,0.01399597169403915,0.00015352878844782938,0.00013115597963136728,6.300707299213354e-6,0.06862722225874789,1.9112688670955953,-1.6263957804008302,-1.551229770167103,7.8489879560798945,-7.509741324954678,16.81372371235459,-11.118981092044319,5.143260310188648,-24.727653013916722,-23.123368599880678,14.30764516387635,-12.992248266268547
0.020534249999999997,0.0034223749999999996,6.0,0.9432261125208606,0.34824205838408656,0.010257282977477591,0.00013108413422396897,0.000123883813327664,1.0186808783666704e-6,0.06845534003694817,1.7901263319927583,-1.764404048743088,-2.268267011729225,8.309173998857748,-7.193991070679215,17.24126807498721,-8.83366899993165,7.234984335598189,-21.71747962139637,-23.75843395608808,19.842788860317683,-15.544158334455938
0.020534249999999997,0.0034223749999999996,6.0,0.981411039562256,0.38641229292396817,0.009645673908749614,0.0001563737625313733,0.00014575269350693414,-1.2931175913157234e-7,0.06844807516447075,1.791660494173284,-1.7750164504102155,-2.409680629211475,8.410509637912053,-7.353341575801773,17.61879309621948,-8.61640466758429,7.398734877758243,-21.120472924391855,-23.995213592116688,20.72935353673486,-15.809244515670299
0.020534249999999997,0.0034223749999999996,6.0,1.0187834983512898,0.4237513068500853,0.009207930650678034,0.0001872526897645314,0.00017259182875170297,-1.0051023210007286e-6,0.06844687819084565,1.79767779138157,-1.7833208418288191,-2.5193574518486126,8.45663782909799,-7.493694934735763,17.890324576840868,-8.529901313663027,7.509587897893013,-20.70828327924393,-24.18782133230853,21.347045704050064,-15.966225726991002
0.020534249999999997,0.0034223749999999996,6.0,1.0553243557369385,0.4602580852233601,0.008885813811806014,0.00021998665019468228,0.0002009098766055965,-1.6273375814116287e-6,0.06844763449150913,1.8038966743819203,-1.7903292501345505,-2.6062321108960624,8.471829202745116,-7.596431249546886,18.061539064866277,-8.50866770352076,7.59323904758904,-20.404899855073566,-24.341859470715015,21.78293703543467,-16.065068250334168
0.020534249999999997,0.0034223749999999996,6.0,1.0910276557591476,0.495934868043737,0.008632606312051832,0.0002523284077172181,0.0002285485736901063,-2.0083332582672254e-6,0.0684488474454083,1.808917699661971,-1.796272058456756,-2.678831339077585,8.472444211386847,-7.662269633835582,18.15678153702605,-8.518039348764649,7.657895132969887,-20.158238855558483,-24.46581712817832,22.086589293904296,-16.13033934435673
0.020534249999999997,0.0034223749999999996,6.0,1.1258904423710736,0.5307835704196309,0.008430496071616998,0.0002830849439421383,0.0002541345677097245,-2.1981481889830547e-6,0.06845001253786487,1.8119484904575711,-1.80082638484674,-2.740409053568244,8.466501269189534,-7.696428716367451,18.190707254963797,-8.540333577898927,7.70509112242378,-19.940047973332778,-24.566171403670612,22.294186173212577,-16.171592391613302
0.020534249999999997,0.0034223749999999996,6.0,1.159912701214496,0.5648048773124105,0.008263279246156156,0.00031155197600998114,0.0002769330478770424,-2.239193391306143e-6,0.06845103557346938,1.8129689644809657,-1.8039265258065897,-2.7937729039376467,8.458347932875302,-7.705044109869353,18.175639047380315,-8.567858591918844,7.7357660186521935,-19.73582195704296,-24.64863422482076,22.42629511625511,-16.1941139515275
0.020534249999999997,0.0034223749999999996,6.0,1.1930949812901452,0.5979990133561881,0.008120522810572694,0.0003375640913290269,0.00029662362381558413,-2.169048169968409e-6,0.06845191904824123,1.8121261988549495,-1.8055730741734477,-2.8409066257160296,8.44970529163299,-7.692387765926262,18.12067196405325,-8.597961537613815,7.751403995152201,-19.537549422885004,-24.718818852382107,22.496450932522528,-16.201109286785186
0.020534249999999997,0.0034223749999999996,6.0,1.2254367775873432,0.6303669232042414,0.0079988946590558,0.00036003450258710465,0.0003120016384237572,-2.0116691607705997e-6,0.06845266548833788,1.8093478811402828,-1.8056778864234302,-2.8829469719006826,8.439985099366822,-7.659886991708628,18.031964871063092,-8.629889164859001,7.754081792956573,-19.338699358205456,-24.78153470630986,22.51406234620582,-16.194066892323395
0.020534249999999997,0.0034223749999999996,6.0,1.2569399280614286,0.661907620780238,0.007886777580165281,0.00038024619757541853,0.00032400027837779045,-1.7273355337311355e-6,0.06845327063084176,1.8051029921467368,-1.8042777159546184,-2.9214211988206955,8.428605605330516,-7.607800907233402,17.915604654720365,-8.665423098622755,7.746194382467312,-19.129718698220966,-24.837678349362957,22.47974518303727,-16.17479998779783
0.020534249999999997,0.0034223749999999996,6.0,1.287602938747158,0.692622958867114,0.007786305783539227,0.0003981118729072345,0.000332248089332666,-1.3323194898027676e-6,0.06845367127209316,1.7990969404470776,-1.8010682496859238,-2.9566365352272688,8.41404442923112,-7.534671947317548,17.770906128828614,-8.703461046215942,7.728561275485955,-18.904092775444305,-24.88848836729353,22.394819190702353,-16.14260570471707
0.020534249999999997,0.0034223749999999996,6.0,1.3174253069589736,0.7225141492708816,0.007696722242366594,0.00041379933012602836,0.00033669887773337895,-8.437364997935001e-7,0.06845376777803602,1.7912601010250215,-1.795780673898832,-2.989046503175475,8.396233160615994,-7.439453046546036,17.595122110970085,-8.74257262788168,7.701110090802254,-18.656222033688735,-24.934021362737003,22.25702454435554,-16.097343251418256
0.020534249999999997,0.0034223749999999996,6.0,1.3464068277837433,0.751582403308334,0.007617845743744799,0.0004275356565988713,0.0003373546164568247,-2.949765119299987e-7,0.06845340762571218,1.7815888216701392,-1.7881499767256406,-3.0190271497992915,8.376189388525741,-7.321250532073988,17.384981866462685,-8.780794546855082,7.6632957275276254,-18.381404815722703,-24.974622132734382,22.06296416024471,-16.039485116053378
0.020534249999999997,0.0034223749999999996,6.0,1.374547744751108,0.7798288886138615,0.007550228760769551,0.0004396084046940933,0.0003341987244641764,2.7124454745617294e-7,0.06845237816584289,1.7701731438464483,-1.7779260212611534,-3.0468765969802454,8.355822439756215,-7.179218781792988,17.138517558369326,-8.815944848989679,7.614381594867139,-18.074686118695737,-25.010940654874616,21.808308769997282,-15.970204034623357
0.020534249999999997,0.0034223749999999996,6.0,1.401848800350914,0.8072547390011149,0.00749577281607335,0.0004503864790212369,0.00032716634067296764,8.054407653610617e-7,0.06845040303322866,1.7571979006371918,-1.7648709219083323,-3.07276606659881,8.337859543218833,-7.012670981379111,16.855931228234553,-8.845676758748892,7.5532993515619795,-17.730340078936162,-25.04363849155613,21.487730136445077,-15.891158894780808
0.020534249999999997,0.0034223749999999996,6.0,1.428311236851681,0.8338610325954207,0.007458566036733173,0.0004603366404963486,0.0003161315103348136,1.254678818733229e-6,0.06844714374927255,1.7429309497916523,-1.748762444274505,-3.0966821896335706,8.325770273478541,-6.8212962230953735,16.540080881136856,-8.867569567704907,7.478400844869605,-17.341940842250644,-25.07313891348536,21.0949630085875,-15.80417111834814
0.020534249999999997,0.0034223749999999996,6.0,1.4539367246393378,0.8596487309450097,0.00744578675130698,0.000470027183452735,0.00030091329746104574,1.573624258684296e-6,0.06844220704535352,1.7276967240635965,-1.7294053041958708,-3.1183805674568306,8.32349882807781,-6.605271810599258,16.1968107908004,-8.879418012812335,7.387337398376548,-16.902831538183534,-25.09953634668755,20.62313912658667,-15.710836226454354
0.020534249999999997,0.0034223749999999996,6.0,1.4787271800091515,0.8846186083399596,0.007468439317996451,0.00048010776675887847,0.00028131769803228996,1.745675013507764e-6,0.06843515831870971,1.7118315555250936,-1.7066453936461812,-3.137363255720303,8.33494496455777,-6.36514608817003,15.83492859566634,-8.879684836049758,7.2771576954227,-16.40691052655783,-25.122648804328794,20.065363377152888,-15.612102659980469
0.020534249999999997,0.0034223749999999996,6.0,1.5026844745777643,0.9087711977496712,0.0075415476840087975,0.0004912864533439036,0.00025724517701233385,1.8109748392654406e-6,0.06842554467724758,1.6956260115073374,-1.6803833908393828,-3.152890010852003,8.363267047386922,-6.1014569822323175,15.465614170280695,-8.86799023123786,7.1446428087592455,-15.8496031928409,-25.142139863306536,19.415391604993076,-15.507909856146165
0.020534249999999997,0.0034223749999999996,6.0,1.5258100900614662,0.9321067716402631,0.007683408621127291,0.000504197348873046,0.00022879060808190236,1.8938266002877908e-6,0.06841293861653751,1.679268256716083,-1.6505858490206775,-3.164025184876471,8.410157544568246,-5.814117596023859,15.1012923958111,-8.84551083253022,6.986856952512877,-15.228728651611458,-25.15761237684031,18.668206631415305,-15.397014497081122
0.020534249999999997,0.0034223749999999996,6.0,1.5481047955727993,0.9546253839627862,0.007913716100821266,0.0005182257307689128,0.00019597052875600692,2.217399991224017e-6,0.06839702019880192,1.6628037684880612,-1.617289732944751,-3.169710347726184,8.475251545823452,-5.501656555003177,14.754257539016402,-8.815200698892259,6.801847074308619,-14.544837203706901,-25.168577187659565,17.82027118904005,-15.277098620132064
0.020534249999999997,0.0034223749999999996,6.0,1.5695684118641353,0.9763270106731465,0.008250787779967114,0.0005336253834206312,0.000159896951265336,3.1088963281436663e-6,0.06837771173670952,1.6461193074708547,-1.580592377008514,-3.1688424329105334,8.555775013716275,-5.160463204611287,14.435685325667738,-8.781787837256893,6.589359288425154,-13.800959350203698,-25.174401172604526,16.869707456629524,-15.14513430214142
0.020534249999999997,0.0034223749999999996,6.0,1.5901996931459181,0.9972118094818967,0.00870858565454843,0.0005499469120685628,0.00012196932910439178,4.963316066402319e-6,0.06835533622692845,1.628946450492043,-1.5406181424552134,-3.1603295662741813,8.646417489017798,-4.784235737259868,14.155452715507142,-8.75157027907593,6.351396151041836,-13.001031295473522,-25.174077153227508,15.816079225321044,-14.997813640059636
0.020534249999999997,0.0034223749999999996,6.0,1.6099963155061847,1.0172804682378098,0.009294466830999472,0.0005663397491433936,8.39043262209953e-5,8.182337485707187e-6,0.06833072510846823,1.6108677527085928,-1.4974591572018732,-3.1430933230674643,8.7392541528595,-4.363841161983589,13.923455242517049,-8.732159141443024,6.092488125980871,-12.14731415726358,-25.166140279786816,14.660451458421536,-14.831742278840375
0.020534249999999997,0.0034223749999999996,6.0,1.628954922259508,1.0365345542311715,0.010008434350049156,0.0005817180957234151,4.754353174197271e-5,1.309076526722389e-5,0.06830518973516261,1.591302773816755,-1.45109915843696,-3.1159942078524274,8.823467118656179,-3.8877732252300357,13.752269701990105,-8.732425148746069,5.819689796939339,-11.23701993940344,-25.14878383398588,13.40597518799215,-14.643156915595519
0.020534249999999997,0.0034223749999999996,6.0,1.6470711583340865,1.0549767495822193,0.010844137966041386,0.0005949242823249295,1.4621538327002801e-5,1.9847068522586807e-5,0.06828034609341549,1.5694574280119176,-1.4013420571031598,-3.077682338048018,8.884796414585972,-3.3434085007453924,13.660228098454871,-8.762787759384128,5.54238283186011,-10.258978414654097,-25.12019298264606,12.059287163912689,-14.42717924644608
0.020534249999999997,0.0034223749999999996,6.0,1.6643397325761582,1.0726108336812379,0.011792218334275347,0.0006048344822553093,-1.3415459714415968e-5,2.8356505987452462e-5,0.06825787118402749,1.5441356880301698,-1.3477526434638885,-3.0262910169222796,8.905104551664458,-2.719240127426285,13.67131103198936,-8.835148621853575,5.271621288899403,-9.18811311227548,-25.07583865764537,10.63124531938361,-14.176725840563861
0.020534249999999997,0.0034223749999999996,6.0,1.68075406014532,1.0894415533256054,0.012838579121232548,0.0006103194199657125,-3.547452305781258e-5,3.8262655147036076e-5,0.06823937822276328,1.5141310687427243,-1.2898043067628473,-2.9597914333013384,8.863281458686611,-2.0086389253170926,13.82010874340678,-8.963516365423358,5.019794770629443,-8.00287089689194,-25.020880803837102,9.14506680636154,-13.883076229316048
0.020534249999999997,0.0034223749999999996,6.0,1.6963064362167477,1.1054738301968836,0.013977317741289467,0.0006103261089577252,-5.099631898676583e-5,4.871263319684932e-5,0.06822602649147091,1.477462812240341,-1.2268195469230045,-2.875510092784973,8.737399592160935,-1.213561235663268,14.133714728013157,-9.158487320646271,4.796777054597702,-6.670917581389798,-24.952761669018276,7.630655795301491,-13.534176646758638
0.020534249999999997,0.0034223749999999996,6.0,1.7109900886143363,1.1207117079827864,0.01519666622965821,0.0006034575149920653,-5.979419391274174e-5,5.869121643113733e-5,0.06821870650028242,1.4323289309686724,-1.1584152316693588,-2.7707752743710397,8.51040377182152,-0.3483608247689992,14.627374057635851,-9.424444727777235,4.608978524806127,-5.179260992355651,-24.868956054287835,6.127298025119859,-13.119382296627647
0.020534249999999997,0.0034223749999999996,6.0,1.7247975834505611,1.1351575238154645,0.016493077078226684,0.0005882245935271392,-6.232840942081846e-5,6.696245272756064e-5,0.06821770924003324,1.376997349660317,-1.0846168495082007,-2.643789285877975,8.17433779742756,0.5593206954527026,15.290726860063424,-9.752237377946056,4.45504873386134,-3.545075385668039,-24.767635839253376,4.682631078248535,-12.629386531288892
0.020534249999999997,0.0034223749999999996,6.0,1.7377244845633661,1.1488104198523825,0.01785937191384463,0.0005633891907415514,-5.973291830488578e-5,7.245714415090892e-5,0.06822271299178702,1.3105422178219697,-1.0061367542730113,-2.494287676546199,7.73455556264999,1.471535278454874,16.08299402749252,-10.117354150289094,4.32655756296343,-1.824180071250111,-24.643307919021137,3.344307272395856,-12.06111312561342
0.020534249999999997,0.0034223749999999996,6.0,1.7497705939559818,1.1616657007794249,0.01928373206006048,0.0005285232586280664,-5.364783813522695e-5,7.457000598898485e-5,0.06823285372078577,1.2331957762830272,-0.9243765089531755,-2.324165471844685,7.2097065215382194,2.3462967546193596,16.937536012535798,-10.482155708293739,4.210000256329815,-0.1058852465598083,-24.487446838864205,2.1533616109409417,-11.41970677786804
0.020534249999999997,0.0034223749999999996,6.0,1.760941086527199,1.1737148466225074,0.020747256159940435,0.00048439682686543073,-4.581735055342204e-5,7.329247972860679e-5,0.06824688916175548,1.1465222867068787,-0.841262221546826,-2.137576850116824,6.6283891394278065,3.145027058672761,17.775099799699113,-10.803338909365108,4.090791658426521,1.5046173631504511,-24.28966996143846,1.138023303041394,-10.719180797854332
0.020534249999999997,0.0034223749999999996,6.0,1.7712465000033795,1.1849463373432656,0.022223612470236995,0.0004329076648871021,-3.7668101348042594e-5,6.910359146013095e-5,0.06826339432418778,1.0532707991066974,-0.7589555780208211,-1.9404902065787906,6.023671906915869,3.838621529478816,18.52040928474538,-11.041702505290065,3.9571818407878316,2.9096201487829076,-24.040226541830876,0.3104471802428615,-9.980853747703707
0.020534249999999997,0.0034223749999999996,6.0,1.7807014900851201,1.1953470553867958,0.023681029881336406,0.0003766275194466114,-3.0097898315126258e-5,6.272706292564332e-5,0.0682809498170555,0.9569548801312431,-0.6795484040870252,-1.7398549043207858,5.427412068625501,4.410565633020173,19.116142645881347,-11.170590757517143,3.802659684061901,4.039075496627162,-23.733044562743736,-0.33301967132854116,-9.230071752687397
0.020534249999999997,0.0034223749999999996,6.0,1.7893227375313385,1.204903862832637,0.025085906419332067,0.00031825605785780134,-2.3508986622227702e-5,5.490893051965935e-5,0.06829830756092528,0.861301785288575,-0.6048294153692502,-1.5426518205969109,4.865923131311575,4.856993456462133,19.53057519540889,-11.180354855454663,3.6264506394293736,4.86129459320583,-23.36823859869172,-0.8087178210245928,-8.49237377074095
0.020534249999999997,0.0034223749999999996,6.0,1.7971266555663945,1.2136049674114946,0.026406804305361666,0.0002602094423301616,-1.7967974173632698e-5,4.629171722626362e-5,0.06831451167545381,0.7697356351337228,-0.5361596168745963,-1.3550835805724781,4.357706462962498,5.184584168227381,19.75833699285775,-11.078142004895906,3.432579537785843,5.382810067816194,-22.953200156520406,-1.1411006445545346,-7.790286000748339
0.020534249999999997,0.0034223749999999996,6.0,1.8041275044128657,1.2214408372188632,0.027617686836127746,0.0002044199619388925,-1.3371658893054054e-5,3.737921044599016e-5,0.06832894999668972,0.6850148930143114,-0.4744464949726584,-1.1820568398278863,3.913169654620024,5.407452709318121,19.816036664095034,-10.884098758089754,3.2282608757487905,5.640148529899004,-22.50201156124143,-1.3581048185455984,-7.141430530368815
0.020534249999999997,0.0034223749999999996,6.0,1.8103362649261985,1.2284045976038311,0.028699737395448566,0.00015200780788684958,-9.544128177951131e-6,2.849630782036053e-5,0.068341332243407,0.6090697414619142,-0.420185622328719,-1.0269883760245477,3.5357691734545202,5.543956369127423,19.73532349365647,-10.625925819356073,3.0222360106955555,5.687981133028795,-22.0335616047383,-1.48743012489934,-6.558005184150075
0.020534249999999997,0.0034223749999999996,6.0,1.8157603212024278,1.2344919755935104,0.029641666073071574,0.0001034999362813573,-6.311010512628766e-6,1.9843858014478205e-5,0.06835161671853159,0.5430181932995929,-0.37353792260045127,-0.8918790405279997,3.2238712872597626,5.613946919027756,19.555636376957132,-10.333584051221012,2.8234034824038767,5.587558577020673,-21.569075763475276,-1.5540587640332968,-6.047274769663642
0.020534249999999997,0.0034223749999999996,6.0,1.8204037829888315,1.2397009252367268,0.030438817923487037,5.7746229581404423e-5,-3.4522364316468336e-6,1.1294278250945379e-5,0.06835991870957837,0.48730251014021514,-0.3344195600225372,-0.7775604189415045,2.9727282023720574,5.636714337234677,19.318081613097522,-10.035296524160207,2.639869539802681,5.397921003600375,-21.129761218465685,-1.5790768726376248,-5.612597742174739
0.020534249999999997,0.0034223749999999996,6.0,1.7905029351910982,-1.2430770836796368,0.01801768115654846,-0.006554032180986453,-0.0020318521436872954,-0.0030816691913578597,0.0684279510157324,0.543067811287777,0.39046149901438254,-1.0479811987689152,3.7076329396194763,-4.24347137364411,13.146073292569223,10.122169878716697,3.360195434828408,-9.454201548005187,-16.612730831019295,3.3634199996231082,-7.067828374447884
0.020534249999999997,0.0034223749999999996,6.0,1.786086886895186,-1.2384360213115566,0.017659718130297014,-0.0034874471788595082,-0.0010610860105504695,-0.0016249075303536912,0.0684282040860807,0.5805643839438321,0.4244938962413627,-1.1502366568586067,3.95122609942136,-4.226846531717102,13.040305389981414,10.403681214565871,3.529225087075927,-9.938493064722739,-16.92914805908583,3.5601165634717344,-7.480451186497287
0.020534249999999997,0.0034223749999999996,6.0,1.780857838653138,-1.232942817151547,0.01723445657115821,-0.0028137887476236316,-0.0008488078675361148,-0.0013002634765780187,0.0684287848328331,0.6246704173966916,0.4650287143754789,-1.2714011887500622,4.245881178944157,-4.080285576203783,12.785636654824527,10.60234618554381,3.712264574185851,-10.222701793459994,-17.217311910132242,3.5578590381049437,-7.958145753130005
0.020534249999999997,0.0034223749999999996,6.0,1.7748136966044386,-1.2265987872536106,0.016744406408768658,-0.0024881642196490188,-0.0007465404601444092,-0.0011400104985001308,0.06842981340739117,0.6748093900088855,0.5118622652574567,-1.4104211729390577,4.591675656795415,-3.852469416676438,12.399019113123725,10.761403873058633,3.9002558079020075,-10.394935135114041,-17.509281978110984,3.470112650494817,-8.491931464697418
0.020534249999999997,0.0034223749999999996,6.0,1.7679513479314757,-1.219406225325092,0.016194592538146636,-0.002277301202404325,-0.0006820047843732117,-0.0010343118694299525,0.06843140360211852,0.7300206185623145,0.5645186887501615,-1.5653104939872868,4.985990281487055,-3.5359122539016434,11.864087679773025,10.866701912240286,4.083443291519209,-10.421740819921613,-17.799157318379937,3.2876692876151683,-9.069433573006268
0.020534249999999997,0.0034223749999999996,6.0,1.7602666120236004,-1.2113685460537857,0.015592880155823219,-0.00211568607625608,-0.0006354238654463558,-0.0009525507792070014,0.06843364768632068,0.7889058883474093,0.6221803918037223,-1.7329846163202156,5.422307396087823,-3.120599854390332,11.170893254692498,10.900877748873398,4.2525963789296135,-10.263204122475795,-18.078693975320128,2.988896465473421,-9.674903775017434
0.020534249999999997,0.0034223749999999996,6.0,1.7517543835172178,-1.2024902770406372,0.014949857830968694,-0.0019769461660407617,-0.0005991481748423705,-0.000882573483779464,0.06843660101113754,0.8496423389629845,0.6836508545117973,-1.9092391608136112,5.889174260606128,-2.6007125329693905,10.323891332193748,10.850868942069344,4.400688424034735,-9.889787974551448,-18.34098018306318,2.550905381748484,-10.289862684640863
0.020534249999999997,0.0034223749999999996,6.0,1.7424090111650112,-1.192776840504546,0.014278164377440497,-0.0018490345447113288,-0.0005698090499052339,-0.000818943172094182,0.06844027051149308,0.910089769451134,0.7473745227130486,-2.0889408673639083,6.369732946622073,-1.9782016480091544,9.346562126024853,10.712258261759054,4.524742001167074,-9.292453817802278,-18.581692074723307,1.9547408366544208,-10.894474947789147
0.020534249999999997,0.0034223749999999996,6.0,1.7322248964049893,-1.1822341039932773,0.013591292546086318,-0.0017257146210796588,-0.0005455546335726542,-0.0007589322189110069,0.06844461186622532,0.9680024359387736,0.8115353945710062,-2.266462498957622,6.8423008561178245,-1.2652000400649996,8.282637858411185,10.492068348183349,4.627283871728698,-8.489079141343804,-18.799491571259647,1.1898594455571203,-11.469584727846517
0.020534249999999997,0.0034223749999999996,6.0,1.7211972109736577,-1.1708677465779271,0.012902109608882722,-0.001603710137193943,-0.00052502452159324,-0.0007011794905519542,0.06844953867563766,1.0213219404267004,0.8742406517458227,-2.436321574515044,7.282390441132076,-0.4846320018995542,7.192491784073386,10.209097219535865,4.716689522275702,-7.524819686512965,-18.995655645003918,0.25768507253550016,-11.999079963407786
0.020534249999999997,0.0034223749999999996,6.0,1.7093225565401302,-1.1586825660529858,0.01222151988233017,-0.0014815272090092427,-0.0005068710041524275,-0.000645128167552625,0.06845494307188328,1.0684878384084007,0.933766753138016,-2.5938924188674424,7.666179276260253,0.33169705681177475,6.14425869312276,9.891132419615184,4.805835839196262,-6.464841869551934,-19.173101546680304,-0.8266157593317173,-12.472015115456516
0.020534249999999997,0.0034223749999999996,6.0,1.6965993680789948,-1.145681906525104,0.011557739021598564,-0.0013589590303829465,-0.0004896026937989431,-0.0005907657290447386,0.06846072169616679,1.1086754494935382,0.9888106838064749,-2.7359930672218886,7.9747992582801634,1.1476715152390862,5.2012868854486,9.5693926506426,4.909056898699488,-5.380481442333322,-19.335133096313722,-2.0349730954445433,-12.883856156979636
0.020534249999999997,0.0034223749999999996,6.0,1.6830279298146533,-1.1318673733730982,0.010916470721576742,-0.001236825031262605,-0.00047168889591022096,-0.000538454113229792,0.06846679662232533,1.1418778757470165,1.038667756011759,-2.8611537035920964,8.198159345836103,1.9291317678619309,4.4097074058856816,9.271874465599181,5.038269287555528,-4.333193400048161,-19.48432951503499,-3.329999601181613,-13.236428633391647
0.020534249999999997,0.0034223749999999996,6.0,1.668610016750912,-1.1172389129706946,0.010301860505633822,-0.0011167088423337768,-0.00045183504227827944,-0.0004887560813159687,0.06847312057342762,1.1688006732375171,1.0832708185303406,-2.9694751122319776,8.336814742146439,2.6498581520315034,3.7907482663809606,9.01805596243216,5.199791443619894,-3.362415009938524,-19.62190418381299,-4.670437731339545,-13.536606185766319
0.020534249999999997,0.0034223749999999996,6.0,1.653348090410283,-1.1017951597233877,0.009718355796203844,-0.0010006228987152637,-0.0004292407667611378,-0.0004422518371149929,0.06847962777050597,1.1906658142054738,1.1231613389659452,-3.0640385233075365,8.400921459644506,3.295096514341356,3.344889776337919,8.817312854134167,5.393219024344165,-2.4784318371096004,-19.753139099680443,-6.019220534250494,-13.794140483988661
0.020534249999999997,0.0034223749999999996,6.0,1.6372455933509178,-1.085534073631534,0.009169278486348818,-0.0008906670574645282,-0.0004038048248374119,-0.00039939528043231586,0.0684863298649576,1.2087098684144908,1.158941285341001,-3.1427505727534357,8.407183540917357,3.861919389222332,3.0427580477726375,8.668850574262343,5.612635014052957,-1.681722565776463,-19.865881721153336,-7.338104079317092,-14.019818554970326
0.020534249999999997,0.0034223749999999996,6.0,1.6203051725954287,-1.0684532947914331,0.00866226392570466,-0.0007887566952793194,-0.0003759583568773072,-0.0003604506980595516,0.06849307331567034,1.2242039064826913,1.1915237502169231,-3.2091672685703494,8.3739153296478,4.356072468132944,2.859948023457428,8.567570273513265,5.8490506972831895,-0.9520734067909024,-19.964344312812646,-8.604269742824933,-14.222966026931001
0.020534249999999997,0.0034223749999999996,6.0,1.6025293778624434,-1.050550621477866,0.00820443574039716,-0.0006964514836693038,-0.0003465962403667848,-0.0003255069999356591,0.0684996383263812,1.2381771000835402,1.2216362388667692,-3.2646670046987762,8.318108329929295,4.788253236935409,2.769668568183774,8.506112400746492,6.093056732341033,-0.2720208211549985,-20.047371770575104,-9.800197920234472,-14.411165062270346
0.020534249999999997,0.0034223749999999996,6.0,1.5839203436296483,-1.0318242241010458,0.007802485991316522,-0.0006148154612971593,-0.0003168808871575494,-0.0002945176919230474,0.06850569760086518,1.2514181189442874,1.2498040829222827,-3.310300060158609,8.253605894196673,5.170517502921099,2.751330079306715,8.477176801335252,6.336219516313449,0.37100828102027017,-20.11441541003356,-10.914736321421772,-14.589825410510128
0.020534249999999997,0.0034223749999999996,6.0,1.5644797613969321,-1.012272759579017,0.00746122871225925,-0.0005443132282146175,-0.0002880504156871463,-0.0002673421273021703,0.06851084721874623,1.2645012104837015,1.2763291980005849,-3.346884392818896,8.190917037794197,5.513934346695428,2.790917490188825,8.474026299216428,6.571546491178655,0.983234687077354,-20.16566380242757,-11.94137085460694,-14.762463528972857
0.020534249999999997,0.0034223749999999996,6.0,1.544208851430146,-0.9918953895159132,0.007182395372985,-0.00048478415044357685,-0.00026122095653988994,-0.0002437771494806816,0.06851467432416061,1.2778209427625151,1.301316177994661,-3.375136873325745,8.13769439081727,5.827373750592556,2.879019027451786,8.490283363814578,6.793498261891667,1.5655516484361056,-20.202009930954386,-12.87681852743276,-14.931192652708924
0.020534249999999997,0.0034223749999999996,6.0,1.523108328427706,-0.9706917212157107,0.006964044662300245,-0.0004355287393076452,-0.0002372219193154352,-0.0002235803642272613,0.06851684465956519,1.2916139674223654,1.3247228445567063,-3.3957774717248355,8.099191437734486,6.117068459019736,3.0083354105377698,8.519748223690659,6.997988111477535,2.1154366607418598,-20.224923991913155,-13.72013484556105,-15.097179549212035
0.020534249999999997,0.0034223749999999996,6.0,1.5011783855914123,-0.9486616904922061,0.006800762900564079,-0.0003954685772598727,-0.00021650425041655052,-0.000206479161849,0.0685171824779383,1.305968548855556,1.346420131177233,-3.4095822258683044,8.078470913542118,6.386667941594559,3.1717136305128815,8.5565238468273,7.182461909524217,2.628974143600847,-20.236285350442664,-14.472270299877861,-15.260932823066328
0.020534249999999997,0.0034223749999999996,6.0,1.478418725080112,-0.9258054132171503,0.006684590607516411,-0.00036307828127989767,-0.00019900840092531517,-0.00019204071369238518,0.068515714596714,1.3208327572446885,1.3662506475618692,-3.4173819792175,8.076477894514376,6.637632360047002,3.361125393097521,8.595383230325481,7.345928778402387,3.102699514905322,-20.238222542728376,-15.135885206964632,-15.422406672916773
0.020534249999999997,0.0034223749999999996,6.0,1.4548286471996268,-0.9021230395813898,0.006606386556326519,-0.0003389434242676302,-0.0001855613737048676,-0.00018095085592745482,0.06851266090986656,1.3360317499600147,1.3840773193217433,-3.4200169189875753,8.092188854471011,6.869963228619416,3.5676106776147756,8.632076137017554,7.488806139729626,3.535167077961067,-20.23289546396807,-15.715411944389631,-15.580994994200656
0.020534249999999997,0.0034223749999999996,6.0,1.4304071891116374,-0.8776146416358765,0.0065572071273779136,-0.0003208572283569853,-0.00017524101777345453,-0.0001723693986063624,0.06850837397307205,1.3512990203494135,1.3998164995869025,-3.418270903745379,8.122968492934286,7.082771350467947,3.7824392564154263,8.663762809195129,7.612564265203547,3.9272275138191506,-20.222625644166097,-16.21654919695529,-15.735532758137833
0.020534249999999997,0.0034223749999999996,6.0,1.405153288699792,-0.8522801486077112,0.006529307024194575,-0.0003081851114939769,-0.00016784128036464286,-0.00016620853759099962,0.06850325274690758,1.3663201664737366,1.4134547649166558,-3.412817511088071,8.165128801908859,7.275090150117786,3.998375858520839,8.688928734891862,7.719273621054997,4.282076645090926,-20.209800077403354,-16.646249768121866,-15.884402422963856
0.020534249999999997,0.0034223749999999996,6.0,1.3790659431624692,-0.8261193274536863,0.006516580364434676,-0.0003005867003496841,-0.00016323271940510135,-0.00016246636660544048,0.06849766708741704,1.3807819028471369,1.4250519421365015,-3.404196209597463,8.21459599762395,7.446312498831432,4.210630719490264,8.707295354985748,7.811166616711726,4.604616444876529,-20.197015261803106,-17.01222977059415,-16.02576261433567
0.020534249999999997,0.0034223749999999996,6.0,1.3521443280644196,-0.7991318046703353,0.006514579484764023,-0.0002978372028370009,-0.0001613059004945695,-0.00016114395026629088,0.06849192054836407,1.3944130436062578,1.4347305240804664,-3.3927984777428657,8.267575112546822,7.596496527807151,4.416185170902088,8.719474481295821,7.890226198854664,4.901284683284376,-20.186882359519217,-17.322265433306413,-16.157801311401478
0.020534249999999997,0.0034223749999999996,6.0,1.3243878414451924,-0.7713171361946496,0.006520465709980239,-0.0002997640372770067,-0.00016195941953860534,-0.00016223007862235526,0.06848624884019075,1.4070007902901374,1.4426463444804358,-3.3788116806557675,8.321070437982817,7.726516013394404,4.611499290158992,8.72639477466884,7.957776581965022,5.180090385040773,-20.181006506688593,-17.582824410196064,-16.27884701994785
0.020534249999999997,0.0034223749999999996,6.0,1.2957960634076726,-0.7426749182070265,0.006533073655916413,-0.00030614179157775496,-0.00016505482959256818,-0.00016566044701103895,0.0684808172858098,1.4183767342767137,1.44894270673574,-3.3621163913798284,8.37302185875343,7.8378713591142475,4.791082049885747,8.728745483066042,8.014280574604696,5.449051595865825,-20.17832179072904,-17.797230306392276,-16.387302433358133
0.020534249999999997,0.0034223749999999996,6.0,1.2663686908826208,-0.7132048686253184,0.0065527376814542215,-0.0003166950989415641,-0.0001704284343895197,-0.00017132511255549948,0.06847569379724,1.428397884934764,1.4537182935325503,-3.342264950347076,8.421939434163054,7.932037370939461,4.949894514397252,8.726940689578411,8.059749968790207,5.712312072341033,-20.17454695795108,-17.965044108003077,-16.48168940295325
0.020534249999999997,0.0034223749999999996,6.0,1.236105539117877,-0.6829067896542454,0.006580477193659311,-0.00033119579810192304,-0.00017795199378585746,-0.0001791217950927059,0.06847084338825475,1.4369594229947338,1.4570459003088936,-3.3186641260214382,8.466524767100378,8.009908012026209,5.087110267513671,8.721615195974493,8.094548636287653,5.968231116352325,-20.16435405133994,-18.08410712379259,-16.561073403388022
0.020534249999999997,0.0034223749999999996,6.0,1.2050065856299033,-0.6517804638436493,0.006617099123354617,-0.00034952380005776935,-0.00018756348652306862,-0.00018899626475843277,0.06846619156768066,1.4440227989001693,1.4590171246188166,-3.290799537978409,8.505938807963068,8.072116569083503,5.204943024415765,8.71371227776811,8.119475401121074,6.2139641148601585,-20.144374640136515,-18.153315448368094,-16.62541420908417
0.020534249999999997,0.0034223749999999996,6.0,1.1730719159378216,-0.6198256614186702,0.006663278014576582,-0.0003718230832538198,-0.00019933990712767016,-0.00020104098720870894,0.0684616968269731,1.4501817979361842,1.4595853385521735,-3.260833634307406,8.540775704483222,8.119791594323098,5.301246642241429,8.704691507989109,8.13430628073626,6.448887373197569,-20.112731872421858,-18.173812108813486,-16.675081985219503
0.020534249999999997,0.0034223749999999996,6.0,1.1403015624715513,-0.5870422771641393,0.0067205312716621946,-0.0003958101661527496,-0.0002120509789162226,-0.00021405214875097324,0.06845735437127728,1.4542679565462384,1.4590957267872,-3.2227680950275306,8.570374330182615,8.1536058670962,5.376456751707669,8.692277975988986,8.139259027624245,6.68749182699559,-20.06952943475637,-18.141277718089874,-16.709633357806876
0.020534249999999997,0.0034223749999999996,6.0,1.1066954180926245,-0.5534304072842818,0.006792044626566607,-0.0004236479131434604,-0.00022684541041979357,-0.00022925357842958028,0.06845316182514777,1.4567887714973708,1.4573981679016441,-3.177958118385074,8.594881146007127,8.17388238967802,5.422687176752439,8.67673923851142,8.132476907671068,6.937529320803656,-20.010335150954404,-18.050979027902542,-16.727358053678195
0.020534249999999997,0.0034223749999999996,6.0,1.0722533418764062,-0.5189902706253938,0.006882951798363705,-0.00045260959925571295,-0.00024225965430196448,-0.0002452574976939458,0.06844910205580951,1.4576769265228122,1.454420341665508,-3.124530626128798,8.612551500267282,8.179518386912958,5.434773799229248,8.658691580633906,8.11277916453304,7.209937622065957,-19.92925594607749,-17.891336400204857,-16.725330664800314
0.020534249999999997,0.0034223749999999996,6.0,1.0369754608998054,-0.4837220599344092,0.007000290841878891,-0.00048120864879975926,-0.0002575147343916264,-0.0002613746997177104,0.06844511794816477,1.4569924904457294,1.4500821354716964,-3.0599749373795286,8.620130354020533,8.168973055175618,5.411670315962095,8.641674434597386,8.079309634659362,7.51747499912653,-19.820087733036026,-17.64550812513344,-16.69943998867991
0.020534249999999997,0.0034223749999999996,6.0,1.0008627386831213,-0.4476258565141905,0.007152555424252852,-0.0005075203773525429,-0.00027164297064010144,-0.0002766860877027765,0.06844107898896484,1.454888689984859,1.444480620501276,-2.9805688434502593,8.612380614043737,8.141738705780538,5.36875233127767,8.634570961870605,8.030972347187182,7.880825147615885,-19.685561464638152,-17.291528111446024,-16.643352961230896
0.020534249999999997,0.0034223749999999996,6.0,0.9639178514038861,-0.4107020172066095,0.007349852500578638,-0.0005290509889079673,-0.0002834260530176851,-0.0002899687896742959,0.06843683508640332,1.4530686593216167,1.4370426217188268,-2.884085035792189,8.585625896956127,8.101346465066248,5.315090868725162,8.657370476673423,7.959299091350496,8.335139098086374,-19.52742229379558,-16.807321344661478,-16.544924988306647
0.020534249999999997,0.0034223749999999996,6.0,0.9261463271969864,-0.37295294847146626,0.007606672445257308,-0.0005417226710536276,-0.0002908554378324819,-0.00029914097496993897,0.06843216326858306,1.4535042283551518,1.426758454257139,-2.7647501715106753,8.537588164087014,8.061207051280537,5.2814456569957295,8.741637244494454,7.839570784054599,8.946661909317685,-19.366570541524602,-16.151103879081177,-16.37715894814162
0.020534249999999997,0.0034223749999999996,6.0,0.8875581849485363,-0.3343872033956795,0.007943495565188774,-0.0005392893851136331,-0.0002909117917717059,-0.00030071098155194854,0.06842608737694504,1.4599424872531435,1.4099925847122692,-2.616250079421528,8.476647550116676,8.046728812661156,5.323515922390226,8.936784321110135,7.609479705362577,9.773620187031664,-19.225472272730833,-15.254305324216109,-16.08612725547926
0.020534249999999997,0.0034223749999999996,6.0,0.8481692861451532,-0.29502684674281393,0.008376626505549352,-0.000514518897449593,-0.00028024033165730835,-0.00028976658724996687,0.06841547242617972,1.4776984230407066,1.3782257093296597,-2.4346401151440897,8.443288619514004,8.090008219302398,5.582058502682271,9.300256878933842,7.142591441690821,10.787064512374485,-19.15060942360601,-14.029179104696805,-15.585880061204811
0.020534249999999997,0.0034223749999999996,6.0,0.8079968728308013,-0.25491806066175976,0.008885362616350652,-0.0004638080840360082,-0.00025705782267119147,-0.0002618256033338129,0.06839352197962535,1.5114695705127537,1.3152659636604573,-2.228818384775627,8.554068681861768,8.196768480925773,6.312507189854426,9.840788494723318,6.230032247179516,11.710109048283124,-19.24824318568028,-12.402022280116014,-14.784100929041283
0.020534249999999997,0.0034223749999999996,6.0,0.7670380850408931,-0.21413663850224682,0.009347429316870635,-0.00039757890804264877,-0.00022522055354067224,-0.00021952342319373042,0.06835104390331039,1.557757746298122,1.1973138485177917,-2.039674402554333,9.032319555328012,8.25369009988537,7.7470925375030975,10.387848734223262,4.642742552474056,11.726492915012967,-19.674423873794645,-10.347850116621386,-13.675062107802058
0.020534249999999997,0.0034223749999999996,6.0,0.7252259010338186,-0.17276344924169793,0.009474270979178558,-0.00034978907793604795,-0.00019874764924215915,-0.00018081425819455336,0.0682882240063186,1.5918805701997545,1.003235054433617,-1.9564318846532167,10.105564630041732,7.91514702812977,9.390908730526851,10.454173314554817,2.3731170254760023,9.365302048842928,-20.38668202117964,-7.910366854085723,-12.478681655517736
0.020534249999999997,0.0034223749999999996,6.0,0.6823847432807104,-0.13081032993423541,0.008957756951507908,-0.0003493602663320562,-0.0001882515704517072,-0.0001629767380635889,0.06824020294924972,1.557150488617538,0.7375129218961213,-2.06600443057506,11.61649565820684,6.711778628707588,8.64650886059568,9.25527184971879,-0.05899386592198362,4.006565912450033,-20.562692854939588,-5.278175094164031,-11.557501792284857
0.020534249999999997,0.0034223749999999996,6.0,0.6382704572920803,-0.08814251766788403,0.008085570360391817,-0.0003280530620392884,-0.00015923856303534688,-0.00013936242213475906,0.06827360522251512,1.375891180503202,0.44782865015656287,-2.2670235523728657,12.36011663550011,4.572274682695692,2.361160912641066,6.243832772358468,-1.7213686354136206,-0.9408420955793624,-18.743551608142607,-2.910093183781335,-10.638748000086478
0.020534249999999997,0.0034223749999999996,6.0,0.5928583619499612,-0.04451292817054934,0.007875913466953417,-0.00015404988792019463,-6.905377362522862e-5,-6.152760737114037e-5,0.06838158760142334,1.0386205502326054,0.20869196798529618,-2.2417227675563267,10.545165420138,2.230701025352606,-5.800270258486973,2.54904530289431,-2.0572065260282173,-1.240829711267474,-14.691324289542841,-1.252876476215023,-8.487958894109783
0.020534249999999997,0.0034223749999999996,6.0,0.5465569168814212,0.00023856420336146138,0.008637355821070626,-9.64265505683547e-5,3.515179580677504e-6,-4.4224965927662266e-5,0.06844822792125661,0.6819756270254866,0.06363530047543074,-1.9021982796740502,6.808265394456789,0.6285836604116763,-8.444544323777585,0.2986872458583902,-1.5216655239196752,0.7031288535097542,-10.048418801837839,-0.3283102482410292,-5.286599870537119
0.020534249999999997,0.0034223749999999996,6.0,0.5930193323113397,0.045173697257408794,0.008172299435177484,-0.00018589025791333698,-9.591338376101133e-5,-8.171204990076542e-5,0.06833466745249325,1.0795033524472428,-0.030301314965372243,-2.153309514706931,11.028246857642728,-0.8753956796187436,-5.002960328790977,-1.707835256926216,-2.7632463459673575,2.9872584850486144,-14.18767543415842,0.2625772592155334,-8.265000511675364
0.020534249999999997,0.0034223749999999996,6.0,0.6386852306383153,0.08876780630405232,0.00877580248491832,-5.575918295571285e-5,-2.571144051198714e-5,-2.0353319245845308e-5,0.06817886949965987,1.4836588142362632,-0.27861529426168535,-2.072422745953281,13.384287480704725,-4.24620505560711,3.553028945031866,-5.6624631920441,-3.2438495882432337,1.8865075560636988,-17.41038612074269,1.29301205148312,-10.140437892461502
0.020534249999999997,0.0034223749999999996,6.0,0.6829919793246677,0.13112510756614665,0.009869649790542532,7.41630256713702e-5,-3.952278095868226e-5,3.35097411389043e-5,0.06814615511715347,1.7214203939447419,-0.6527836868280757,-1.8172203500021595,12.606026341372838,-7.599613349530397,9.292603958631886,-9.60628279444994,-1.5422279504054868,-4.345797206674743,-18.670549343808567,3.063625738538457,-11.063798390967353
0.020534249999999997,0.0034223749999999996,6.0,0.7258199470806908,0.17272836996046864,0.010313315514748766,0.0002332174678307266,-0.0001344989085120181,0.00012271951945012314,0.0682354948079629,1.759851048849641,-1.01497270420632,-1.7276502266925382,10.545328557309457,-9.08804675217688,9.205640502920664,-11.623078922586277,1.6584618772792727,-10.427511467951971,-18.577171203423223,5.5882923509389615,-12.203790434588722
0.020534249999999997,0.0034223749999999996,6.0,0.7674722917919503,0.2139000036207513,0.009941286751465968,0.0004133913116358115,-0.0002374361046191547,0.00023775204990706607,0.06833752893961434,1.6860650926310115,-1.2662191390649649,-1.872811841169985,9.039070750769227,-9.060880045094384,7.083047769786752,-11.675298350210966,4.62251923134706,-12.83827583011108,-18.38854043627798,8.363725498402278,-13.661589982116288
0.020534249999999997,0.0034223749999999996,6.0,0.8082621041201383,0.25462480555473094,0.009218732479830476,0.0005636999160217623,-0.00031483555560808023,0.00032989828869426995,0.0683989645293898,1.5936176777849969,-1.4016985493734955,-2.1290521462407033,8.458095687203464,-8.585376986099211,5.564414161503919,-10.81620683525,6.535567586174724,-12.581508770554882,-18.564177624141625,10.940668503793223,-14.993663273378196
0.020534249999999997,0.0034223749999999996,6.0,0.8483220554635215,0.294751016213675,0.008507916794361681,0.0006566898969972655,-0.00035931560065846705,0.00037816036316051186,0.06842491546257524,1.527558869342257,-1.4609646833474061,-2.3892574444489525,8.425044260265796,-8.227990272193614,4.964549375467706,-9.929548032639252,7.516289799632991,-11.393439323414466,-18.931768272684963,13.0711138693183,-15.94133405989879
0.020534249999999997,0.0034223749999999996,6.0,0.8876538610559316,0.3341500912804443,0.007942101001467767,0.0006947025357922637,-0.0003761149454200891,0.000391249772581673,0.06843346884575546,1.4928457685815975,-1.4822250690365757,-2.6088140992721915,8.56761232058501,-8.087430045279216,4.899727773641934,-9.33674146194823,7.945832752518468,-10.175834981028478,-19.296580045443058,14.683460489545519,-16.513445073103462
0.020534249999999997,0.0034223749999999996,6.0,0.9262189804650361,0.3727523326372495,0.007528254618331723,0.0006930286036992516,-0.00037342498030085353,0.0003833926283777971,0.06843652681003999,1.4794806437868304,-1.4885907596449401,-2.781272566537877,8.708218285458921,-8.089787831568662,5.030094455846842,-9.02492705709,8.119921078876656,-9.208484014133436,-19.59189554878499,15.838165713470675,-16.82813936433559
0.020534249999999997,0.0034223749999999996,6.0,0.9639837245320676,0.4105295381744554,0.007232100401885135,0.0006674881113203236,-0.00035891083668042925,0.00036484230891595454,0.06843896987506536,1.4771032961473298,-1.4906767565623855,-2.914601680061715,8.799723416732693,-8.150729806306252,5.181329250463116,-8.892256563376504,8.196007516566631,-8.500976759633113,-19.81865556381446,16.64755080457018,-16.995730933299317
0.020534249999999997,0.0034223749999999996,6.0,1.000928249579311,0.44747357760922807,0.007017641565596929,0.000629974449260785,-0.00033841663320931925,0.0003417377637325725,0.06844201128690044,1.4789948419712626,-1.4922023621369505,-3.0189607226725714,8.84619765736567,-8.219301165597095,5.293075896246431,-8.852317687011542,8.23928728618738,-7.984187749202571,-19.992969288209622,17.215059004810463,-17.085484943553066
0.020534249999999997,0.0034223749999999996,6.0,1.0370429405497104,0.48358374124085124,0.006858406364353019,0.0005880806480238082,-0.00031577256718003425,0.00031753197085625993,0.06844563715579952,1.4815643865407666,-1.4939271122339413,-3.1014686960038906,8.862137799233498,-8.273398795077288,5.353336636452531,-8.853314538797934,8.270637631418117,-7.589777474866587,-20.126080114192472,17.61548798725322,-17.132775430651623
0.020534249999999997,0.0034223749999999996,6.0,1.0723233453567222,0.5188611253684059,0.006739705855233436,0.0005461446264576005,-0.00029320944926802215,0.000294065135954822,0.06844961442394026,1.483324904320626,-1.4956541952712734,-3.1700247652608518,8.859132977496676,-8.30661387216473,5.372765821711476,-8.868873340476712,8.293923562032912,-7.269027954665164,-20.233397130524942,17.897071380516817,-17.15305653952959
0.020534249999999997,0.0034223749999999996,6.0,1.1067688406236258,0.5533071503221327,0.00664448675672531,0.0005064824287169253,-0.0002719267796681511,0.00027225988883124586,0.06845381615120785,1.4837360478454993,-1.4971547980820565,-3.2272348649141267,8.845303771361811,-8.32005993861988,5.356998212040974,-8.887790119169622,8.308930695424488,-6.9941370265850855,-20.31800500461104,18.08891550679749,-17.154234466786296
0.020534249999999997,0.0034223749999999996,6.0,1.1403786806513594,0.5869224514489706,0.006568105988507944,0.00047013233116181895,-0.00025246685435256647,0.0002524860261442434,0.06845816055917434,1.482605765595561,-1.4981451530708758,-3.275827105437397,8.824893984488147,-8.316082579554102,5.3118866790315975,-8.905394005844553,8.3144464124107,-6.748539624193471,-20.386878933322397,18.211378139502028,-17.139340396898838
0.020534249999999997,0.0034223749999999996,6.0,1.1731529471433564,0.6197074435438911,0.00650524538546184,0.0004391206362320931,-0.0002359125561728813,0.00023571897699313054,0.06846264214978777,1.4799790122168677,-1.498494545307681,-3.3177294108289677,8.800167179981322,-8.296955151031918,5.242203716163211,-8.92078825001514,8.310493596196453,-6.521336071464701,-20.445122965384634,18.277151713068992,-17.110660776177767
0.020534249999999997,0.0034223749999999996,6.0,1.2050917299050454,0.6516624447798088,0.006452401847629591,0.0004110455495354227,-0.0002209783251200733,0.00022060415458197795,0.06846727641656616,1.4758187370044566,-1.4981127694176488,-3.3539479609250424,8.771456941558741,-8.263267600028968,5.15239815691589,-8.934305231181396,8.298012555133026,-6.303714589213651,-20.495839300820393,18.29366560579387,-17.069469496691763
0.020534249999999997,0.0034223749999999996,6.0,1.2361949589773242,0.6827878671877641,0.006407675798019134,0.0003877150301257798,-0.00020863923762675808,0.00020807431589607675,0.0684720829923406,1.4703298789929462,-1.4968064371608358,-3.3860788847507797,8.738244699150815,-8.21439339657025,5.047645250704169,-8.947277627168756,8.277579073326113,-6.08471855976345,-20.5425949877463,18.264614954994187,-17.015823772476935
0.020534249999999997,0.0034223749999999996,6.0,1.2664624367225559,0.713084248433264,0.0063703467536852165,0.00036874445009126635,-0.00019869055256596516,0.00019790015753190404,0.06847708820355926,1.4633586257437792,-1.4943930651248873,-3.414217773389009,8.699635608728618,-8.148911928262184,4.9292258655875685,-8.959019269740947,8.249285039617199,-5.8589554955394245,-20.585273313167164,18.190396782631826,-16.948920648345815
0.020534249999999997,0.0034223749999999996,6.0,1.2958939826261142,0.7425521755546188,0.006340320062651444,0.00035399828817503094,-0.0001910589044615717,0.0001899901167422013,0.06848232016844737,1.4548635482248657,-1.4906490582162462,-3.438674796781272,8.655584844935207,-8.065490731041292,4.796337604490403,-8.968417176591315,8.212405841138093,-5.622133805331568,-20.624106699008053,18.06964407756114,-16.867990686073316
0.020534249999999997,0.0034223749999999996,6.0,1.3244895642598555,0.7711922177325798,0.006317822391922674,0.00034343731097406755,-0.00018572428121389675,0.0001843005386595947,0.06848778747677103,1.4448577452841147,-1.4853608742715954,-3.459685650984174,8.606975776825967,-7.9629582994809915,4.6472226031435175,-8.974030797461436,8.165941110511135,-5.370711687928869,-20.659426988508418,17.89994964900075,-16.77291688733711
0.020534249999999997,0.0034223749999999996,6.0,1.35224936718185,0.7990049071427158,0.00630346344776438,0.0003371224441724206,-0.00018272411561107144,0.00018083135272893087,0.06849345139239876,1.4334312882086984,-1.4783337463804809,-3.47742426740347,8.555563686271823,-7.840250019222431,4.480802839674652,-8.974429155868279,8.108804334065463,-5.100710378313729,-20.691677223344,17.67806490284142,-16.664368020337275
0.020534249999999997,0.0034223749999999996,6.0,1.3791738258543806,0.8259907333941785,0.006298531678838831,0.0003352081926221146,-0.00018214835177797657,0.00017961512880878164,0.06849919994221179,1.4207566789268498,-1.4693944769532663,-3.4919651149807716,8.503946705114748,-7.696504431382454,4.297590164819444,-8.968329984399135,8.039724947164013,-4.807434806628538,-20.721165692406082,17.399853468420048,-16.54367165227877
0.020534249999999997,0.0034223749999999996,6.0,1.4052636319918912,0.8521501215029922,0.006305389053135434,0.0003379384795038691,-0.00018413207913609112,0.000180705090669242,0.06850482864278867,1.4070848040687813,-1.4583999724020789,-3.5032385433689854,8.455512109644912,-7.531272651184634,4.100138746094956,-8.954752502039279,7.957110999339217,-4.485745463645934,-20.747820168052364,17.06029204100641,-16.412623108984125
0.020534249999999997,0.0034223749999999996,6.0,1.4305197106993588,0.8774833942032901,0.006327873464167307,0.0003456518841541672,-0.0001888472765436373,0.00018416611504955857,0.06851003548574194,1.3927297713838198,-1.4452515264260841,-3.5109982137541738,8.414228171391164,-7.344686307161651,3.8932702537165778,-8.933279254080285,7.859040576639731,-4.1305750496318625,-20.771042698046866,16.653640328619137,-16.273268748030894
0.020534249999999997,0.0034223749999999996,6.0,1.4549431492647489,0.901990735892067,0.006371587087391167,0.00035874864780513266,-0.00019646339736591778,0.0001900453980270483,0.06851444017452937,1.3780397136113804,-1.4299092410625085,-3.514808766679682,8.384231705984154,-7.13746226289132,3.684014898870436,-8.904378526457545,7.743426396394156,-3.737586828037152,-20.789680575882286,16.17379053854949,-16.12765810237831
0.020534249999999997,0.0034223749999999996,6.0,1.4785350771925831,0.9256721762562499,0.006443892665917621,0.00037780807832258267,-0.00020717568947503567,0.00019842711033890039,0.06851763343230995,1.3633556024532123,-1.4124008749715513,-3.514059197200915,8.369257782383086,-6.9106887590501564,3.481144030515708,-8.869675650719545,7.608331340691298,-3.30389206157531,-20.802089376597102,15.614757574782137,-15.977589123074377
0.020534249999999997,0.0034223749999999996,6.0,1.5012965139503414,0.9485276067641026,0.006553446088724508,0.0004050394556939841,-0.00022194977206535358,0.00021018619567197757,0.06851925134822322,1.3489654288591832,-1.392820780274267,-3.508002936042326,8.372017912018165,-6.6654211382662725,3.294284602762775,-8.832046166207567,7.452381804736244,-2.828715435361542,-20.80621973312932,14.971298804674959,-15.824399716754408
0.020534249999999997,0.0034223749999999996,6.0,1.5232282112193447,0.9705568394287499,0.00670921148634439,0.0004396121584502539,-0.00023989925194393432,0.00022456120047250892,0.06851905670407665,1.3350628188766287,-1.3713153440192598,-3.495817866226923,8.39364875452784,-6.401869378006492,3.1331048528613183,-8.795742437098083,7.275204505207602,-2.3132877114059425,-20.799970231379532,14.239083749492789,-15.668853259735446
0.020534249999999997,0.0034223749999999996,6.0,1.5443305174270068,0.9917597120964483,0.006919108047300738,0.0004829295310422179,-0.0002611325506651839,0.00024196738261395836,0.06851700038018356,1.3217168008472548,-1.348052193466459,-3.476671911923479,8.433329658734175,-6.118831206148767,3.006341710937812,-8.765992740197364,7.077789986655187,-1.7608293224704372,-20.781197975249142,13.415414405556756,-15.511119645389353
0.020534249999999997,0.0034223749999999996,6.0,1.564603286800468,1.0121362319917742,0.00718863533767525,0.0005359605848505036,-0.0002852894944086507,0.0002626576396482312,0.06851323754551222,1.308854467336638,-1.3231730843328404,-3.449774197596388,8.488093638184132,-5.812910884979783,2.921748406958423,-8.748735374506492,6.8626892460240505,-1.1753226897662754,-20.748008176390634,12.499322789625769,-15.350782884208185
0.020534249999999997,0.0034223749999999996,6.0,1.5840458430601176,1.0316867315661706,0.007519904896918565,0.0005993676052592142,-0.0003116817662763962,0.00028686852318521923,0.06850808878121722,1.2962521414708232,-1.296734953999654,-3.4143890947471043,8.552734098497808,-5.478068565912134,2.8869590089532102,-8.750249287780242,6.634020463043919,-0.5597838475519948,-20.69892468610169,11.491842897481982,-15.186754561541724
0.020534249999999997,0.0034223749999999996,6.0,1.6026569897101783,1.050411999012979,0.007911404619123083,0.0006733801047629264,-0.0003393614865608224,0.0003148157181418083,0.0685019598672112,1.2835253337011256,-1.2686481786824886,-3.369794733990992,8.619610757972572,-5.105539780562912,2.9114584567198976,-8.776987149502073,6.397380266810379,0.08594812027681596,-20.633048455683106,10.396437120609054,-15.016991024782955
0.020534249999999997,0.0034223749999999996,6.0,1.6204350426460696,1.068313348240611,0.008358576894570173,0.0007577126913470246,-0.0003672430057326905,0.00034666882625168096,0.06849525131420316,1.270107173810372,-1.2386243816179034,-3.3151829445166796,8.678223512575522,-4.684285026886554,3.0091780314592755,-8.835706303796078,6.159790713298822,0.7673804517240744,-20.550177088685935,9.219808555955304,-14.838014225874337
0.020534249999999997,0.0034223749999999996,6.0,1.6373778607333889,1.085392604344472,0.008855018244035416,0.0008515607304945623,-0.00039425506519434085,0.00038251413157424713,0.06848828930904076,1.255214555577414,-1.20615001163297,-3.24952640177206,8.714752794853664,-4.202219527617199,3.200529274490581,-8.93364753801274,5.929626652774845,1.4965180843110601,-20.450838038218407,7.97321522540302,-14.644379447628506
0.020534249999999997,0.0034223749999999996,6.0,1.6534828774092765,1.1016519864431,0.009393908381420122,0.0009536525527748239,-0.00041950264519629085,0.00042230766557264465,0.06848129593763326,1.2378228922914325,-1.1705080709827764,-3.1714797577448564,8.712229523928603,-3.648542665008586,3.512027547214971,-9.078054645469532,5.7161245045787465,2.290419023889727,-20.33616352338489,6.674118874069994,-14.428354028507343
0.020534249999999997,0.0034223749999999996,6.0,1.6687472909046168,1.117093829730854,0.009967870515496698,0.001062336245987722,-0.00044245483975494684,0.0004658268009443696,0.0684744291399631,1.2166417973864543,-1.1308647706593506,-3.0791001426904296,8.652312788587343,-3.017172532236725,3.969956003080338,-9.274175375379833,5.528032131147429,3.1692237576672686,-20.20382343879927,5.345583197876237,-14.180344919734777
0.020534249999999997,0.0034223749999999996,6.0,1.6831678653497275,1.131720344165838,0.010574042908839619,0.0011756967650068731,-0.00046304249302351046,0.0005126630437412801,0.06846769703571152,1.1904715621953306,-1.0864810523356934,-2.9713429017660187,8.51808079890763,-2.3107599364218014,4.598867632649837,-9.522342320476584,5.370988994262468,4.132374150345593,-20.062213558685652,4.0242840314510815,-13.88906979317009
0.020534249999999997,0.0034223749999999996,6.0,1.696741981847406,1.1455328885461944,0.01120797069566776,0.0012918079404455178,-0.00048185284627379676,0.0005622594828760629,0.06846118270064712,1.1580665801959633,-1.0368864824196828,-2.846766591651311,8.298997471072587,-1.5432064902723057,5.400382915599057,-9.81372777742399,5.2453115071198875,5.170454198312123,-19.907937150024523,2.7470391795772966,-13.54430897819248
0.020534249999999997,0.0034223749999999996,6.0,1.7094678047841938,1.1585315922548165,0.0118656009565709,0.0014090611384253984,-0.0004999883374212194,0.0006140609595041754,0.0684549564018249,1.1187007246692744,-0.9821358498684103,-2.7052818450259464,7.993874080388824,-0.7397164401089047,6.35343118999839,-10.129419768316682,5.144772655337962,6.2453890037245605,-19.739834053658402,1.5542178368908879,-13.138646735726788
0.020534249999999997,0.0034223749999999996,6.0,1.721344964589751,1.1707149366097802,0.012541297874343457,0.0015265247651131781,-0.0005188473399017698,0.0006676934832216518,0.0684491202406976,1.0723461562831589,-0.9229100267549221,-2.548341839112664,7.612022289028019,0.06667731788664447,7.412330568437899,-10.442177967619548,5.057739402265866,7.297544311541061,-19.555422060445874,0.48234453550598855,-12.669761691293878
0.020534249999999997,0.0034223749999999996,6.0,1.7323749241605968,1.1820796721119435,0.013226881560382566,0.0016442395873873107,-0.0005398592439647412,0.0007231391842850023,0.06844379924754108,1.0197821781684415,-0.8604799747171674,-2.3790836608851276,7.171553190247727,0.8408753603572505,8.514317123606284,-10.721550922215874,4.970264125824453,8.257469405756396,-19.351532132030226,-0.44118959334068986,-12.141817316072174
0.020534249999999997,0.0034223749999999996,6.0,1.742560975807827,1.192621092163159,0.013911455502824323,0.0017634997790639726,-0.0005643634364041419,0.0007809043192476823,0.06843911762827445,0.9625206630982454,-0.796535223170758,-2.202069552418313,6.695741325624844,1.5517586401695074,9.591747201853972,-10.940324661408372,4.869831280778804,9.061481864122308,-19.125413799460652,-1.2015869994579607,-11.565572606403647
0.020534249999999997,0.0034223749999999996,6.0,1.7519078563212525,1.2023335908455435,0.014582124707160957,0.0018873391434093677,-0.0005937385606805387,0.0008422692997823418,0.06843517110445844,0.9025777342186018,-0.732939819054282,-2.0227161191093694,6.208873447534383,2.176619398973193,10.584450137387687,-11.079937044130634,4.748296142051443,9.665156563325947,-18.875979602671563,-1.7974267719119992,-10.957169589585828
0.020534249999999997,0.0034223749999999996,6.0,1.7604211054813095,1.2112113423270667,0.015225320002214647,0.0020216586549125495,-0.0006298566358736749,0.0009098261763634159,0.06843200607199501,0.8421715646630378,-0.6714919720634376,-1.8465991288801311,5.732824658292792,2.703047772105219,11.448519216740515,-11.13322930918022,4.6031869227447535,10.05047227543807,-18.60477069090975,-2.2389089017507575,-10.336011581037543
0.020534249999999997,0.0034223749999999996,6.0,1.7681063605471168,1.2192489266235462,0.015828267528312265,0.002177954832945577,-0.0006760883062166041,0.0009887655647582009,0.06842961148638937,0.7834343639816508,-0.6137432778309438,-1.6788270780687982,5.284991251929747,3.128404455621721,12.159955071390435,-11.104182770551095,4.437378189131184,10.225567885471174,-18.31632132231629,-2.54437912012148,-9.72236944106093
0.020534249999999997,0.0034223749999999996,6.0,1.7749687606167561,1.2264417781249108,0.01638018475442701,0.0023814597914375095,-0.0007400301913526439,0.0010907101880856702,0.0684279235624923,0.7282010495747461,-0.5608999381895992,-1.5236112546805864,4.877599545491076,3.457563563856967,12.713557485374235,-11.005265672319956,4.257694406482652,10.218613371311164,-18.017759087698344,-2.7359761773952327,-9.135293951973727
0.020534249999999997,0.0034223749999999996,6.0,1.7810125617906858,1.232786409843189,0.01687296439812218,0.002694983712808353,-0.0008412852594073025,0.0012450018841335838,0.06842683933685106,0.6778986652459328,-0.5138003698602689,-1.384072542022698,4.518044388337665,3.6995232956448434,13.118456404193402,-10.853257002958802,4.073133787919037,10.068059596059701,-17.717550458468484,-2.834609344232117,-8.591178176256705
0.020534249999999997,0.0034223749999999996,6.0,1.7862409820352387,1.238280431905182,0.017301310359739384,0.0033422083142793197,-0.0010514003351309571,0.0015569418775578515,0.06842623385975606,0.6335280061328559,-0.47294867299894366,-1.2622555326628258,4.209808967041884,3.860984278254682,13.390281039004226,-10.662010001291472,3.8932454634573386,9.8064093408971,-17.421850282780227,-2.8492292865407287,-8.10305443049922
0.020534249999999997,0.0034223749999999996,6.0,1.790656235425019,1.242922420383052,0.01766243474951541,0.0062842942730263265,-0.0020116156203885526,0.0029545012255474843,0.06842597664130651,0.5957109183931646,-0.43858021721573515,-1.1592848453076334,3.9535842865228115,3.8949132819005885,13.511901296736774,-10.3904381070173,3.726939650555035,9.349722360918825,-17.099268492961215,-2.6710765890837833,-7.6805239370778455
0.020534249999999997,0.0034223749999999996,6.0,1.7778363377469706,-1.229770513067774,0.016989049003646776,1.3750379683227233e-5,-2.77800232395994e-5,-5.963737819195689e-6,0.06841141738940461,0.6498783539970019,0.4884672818521826,-1.3411145007384446,4.41828094371228,-4.052331708791741,12.653651910709996,10.769514792796995,3.809406277044926,-10.50157304689704,-17.418237273861603,3.697465825714625,-8.227687220757215
0.020534249999999997,0.0034223749999999996,6.0,1.771383455895427,-1.2230019160258638,0.016468403517566083,2.0967537804227148e-5,-4.250814406460119e-5,-9.068080941393648e-6,0.06840857739114006,0.7026757607201002,0.5382849283683505,-1.4883423174295145,4.788910923058724,-3.772096340175288,12.187162333388335,10.894284634458366,3.9957711327723566,-10.587495187214893,-17.703401150966098,3.54725951812026,-8.784682055831075
0.020534249999999997,0.0034223749999999996,6.0,1.7641103711632118,-1.2153863841847588,0.015891652390194803,3.0356001281633523e-5,-6.170220551484122e-5,-1.3022760874663478e-5,0.06840580708994892,0.7598887957218409,0.5935533626367681,-1.650007991782322,5.205269512375875,-3.4001554949420383,11.56749146832584,10.95865132228871,4.172526475388717,-10.512427844116878,-17.98367668779633,3.2970048526335054,-9.377795987764587
0.020534249999999997,0.0034223749999999996,6.0,1.75601240752757,-1.2069279054323965,0.015268078815867671,4.2366937083607035e-5,-8.621938161189884e-5,-1.7901181267985892e-5,0.06840334541928692,0.8198986475503938,0.6532653316835045,-1.8224535489142526,5.658443929080779,-2.926879729190507,10.790443123273977,10.945598640835566,4.331347922405221,-10.237716448820345,-18.250435782069765,2.9210896744098958,-9.989791851486004
0.020534249999999997,0.0034223749999999996,6.0,1.7470841278467717,-1.1976314965982144,0.014609414390249278,5.757506852612678e-5,-0.0001170635979388499,-2.3737834545441193e-5,0.06840146657689154,0.8807040806771794,0.7160367850440462,-2.000970413146301,6.134256752653519,-2.34949340457297,9.869325974181058,10.845482187965354,4.467054103005067,-9.742084716136134,-18.497592054443658,2.3969489219477085,-10.601310855658607
0.020534249999999997,0.0034223749999999996,6.0,1.7373198300195611,-1.18750286776694,0.013928886845460578,7.667896410000155e-5,-0.00015530084228409618,-3.0488018772073573e-5,0.0684004436006278,0.9400819185309489,0.7801644827392855,-2.1801131629125736,6.613269080753403,-1.6746526915722544,8.837741944846009,10.65922422484919,4.579333934286723,-9.02915618101786,-18.72210500000762,1.7088837241144672,-11.192603015040122
0.020534249999999997,0.0034223749999999996,6.0,1.726714222458235,-1.1765478698500431,0.013239840343272215,0.00010056019473437492,-0.00020205150986185065,-3.801121385109124e-5,0.06840049508956213,0.9958448537962411,0.8437681442442555,-2.3542471593717025,7.072056553312666,-0.9198900187377221,7.748399466029613,10.399825998144536,4.673726414510305,-8.130769465407253,-18.923869538848983,0.8518299958367795,-11.745782967822976
0.020534249999999997,0.0034223749999999996,6.0,1.7152631360503774,-1.164771812171723,0.0125542710859376,0.00013033621115291259,-0.00025843180425297785,-4.60634785838509e-5,0.06840172856223846,1.04615284633681,0.9050103355370716,-2.518244628656998,7.485993415127853,-0.11296260338414046,6.6667482184276725,10.091103500198916,4.76115484558525,-7.103434576780537,-19.10496988749299,-0.16598367992921376,-12.247148260713104
0.020534249999999997,0.0034223749999999996,6.0,1.7029640756248898,-1.1521788084076208,0.011881749331326012,0.0001673859488276173,-0.00032543608975136435,-5.431165465850734e-5,0.06840410220168669,1.0897981189869241,0.9623537552189038,-2.6681586055849595,7.833254421090269,0.711470173255072,5.659901988993979,9.763351685783062,4.855672577836879,-6.017361906395423,-19.268504153189255,-1.322561646587307,-12.688926998927151
0.020534249999999997,0.0034223749999999996,6.0,1.6898164355080019,-1.1387713336982392,0.011229135140523632,0.0002133151865174546,-0.00040376515182494123,-6.237588981714348e-5,0.06840742516512671,1.1263718966126768,1.0147848344561066,-2.8016676361882062,8.099049526905906,1.517476759458759,4.783612005625703,9.44694813166718,4.9708435104016875,-4.940793753323618,-19.417364123640713,-2.584435937714745,-13.069893037307596
0.020534249999999997,0.0034223749999999996,6.0,1.675821316908485,-1.1245501242473546,0.010601157779488926,0.00026984368591667244,-0.0004936439023060901,-6.989211784566056e-5,0.06841140214320368,1.1562516835096364,1.061926938991352,-2.9181379526156737,8.27862243052011,2.274263204430123,4.071748259028542,9.166079739501644,5.116025351967649,-3.925187965817107,-19.553352150007747,-3.911374081894612,-13.394647782487763
0.020534249999999997,0.0034223749999999996,6.0,1.660980793446364,-1.1095143896394892,0.010002671493137577,0.0003386336731356547,-0.0005946943410854466,-7.656752089564361e-5,0.06841573857901552,1.18039037169872,1.1039942764220554,-3.0183082003372816,8.37763203816083,2.9611817741634376,3.532320910264353,8.93484019934683,5.294010343375804,-2.997116953034213,-19.677147026199012,-5.262389068946713,-13.671642381536621
0.020534249999999997,0.0034223749999999996,6.0,1.6452982393762463,-1.0936623970924335,0.009435454382660299,0.0004210848665196624,-0.0007059116188565962,-8.220662117083247e-5,0.06842009249080479,1.20019572706677,1.1417320369540078,-3.1055359407529477,8.410179703858539,3.569507719158484,3.1559656987430302,8.758061558009933,5.501620821591241,-2.155452577494191,-19.79274601797997,-6.602312375522618,-13.911800525449776
0.020534249999999997,0.0034223749999999996,6.0,1.62877637809497,-1.0769918567602264,0.008906974085093049,0.0005181429372164608,-0.0008257359181460787,-8.669176310523746e-5,0.06842430712990406,1.2168000298988113,1.17578163398073,-3.1778069860117157,8.394157385796232,4.1012438164057246,2.908255824427364,8.631395103372332,5.730765504720794,-1.3946587045150605,-19.888719994804525,-7.897350166146092,-14.124922890517029
0.020534249999999997,0.0034223749999999996,6.0,1.6114179374469004,-1.0595004655701636,0.008424087053974067,0.0006300711594253542,-0.0009522245580466573,-8.99614601625363e-5,0.06842829585089627,1.231407082591433,1.2070259604370008,-3.2385321940751934,8.347553684447455,4.565069830235267,2.7650662880121,8.548576027424957,5.972088280812715,-0.6932276263955445,-19.969213080195345,-9.12840515017414,-14.319641965260162
0.020534249999999997,0.0034223749999999996,6.0,1.593225259448383,-1.0411861916824772,0.007993876249807278,0.0007562579094321586,-0.0010833291609071143,-9.199357709949653e-5,0.06843204786757744,1.2449222580152393,1.2360960346073695,-3.28891564792063,8.285851910594692,4.972724564256785,2.7027033260676663,8.502145263082726,6.216570888805629,-0.03582422908293502,-20.03355169295901,-10.281352688674458,-14.50242279940032
0.020534249999999997,0.0034223749999999996,6.0,1.574200255598465,-1.0220474458196829,0.007622260928236329,0.0008951523398377551,-0.0012172550552808784,-9.280567342871755e-5,0.06843558645308184,1.2580205303075638,1.2634027019770029,-3.329872343174236,8.221160239697872,5.335973039603662,2.7042703444693204,8.485090132732926,6.45649785675663,0.5869334420457243,-20.081753774160873,-11.347640233806137,-14.677658096454493
0.020534249999999997,0.0034223749999999996,6.0,1.5543443822854555,-1.002083144302758,0.00731261821073656,0.0010444351370344632,-0.0013527951495541958,-9.246078724657092e-5,0.06843892905070098,1.2711812132915685,1.2891425872289504,-3.362152283259304,8.16246839322676,5.664872480487147,2.758563053527964,8.49088214330807,6.685620021523872,1.1784994912309694,-20.114532588593224,-12.3226702781533,-14.848088414750642
0.020534249999999997,0.0034223749999999996,6.0,1.5336586075224996,-0.9812926862911209,0.007064853722958271,0.0012014158656506577,-0.001489489276479379,-9.106715393084383e-5,0.06844206218522313,1.2847171143701093,1.3133387824914118,-3.38646285329578,8.116171611785456,5.966994433368859,2.8576334057030244,8.513221495082194,6.899127291399659,1.7379915824975611,-20.133185618823855,-13.20462319699825,-15.015298903185114
0.020534249999999997,0.0034223749999999996,6.0,1.5121433819685217,-0.9596758628284175,0.006875203199786194,0.0013635174355475558,-0.0016275380315266617,-8.876916055301667e-5,0.06844493615895669,1.2987890259001287,1.3358975336965582,-3.4035483372480386,8.086402670878254,6.247258124182857,2.9944827115382524,8.546004269646346,7.093696741332574,2.26216604606786,-20.139438333039276,-13.993769316148178,-15.180099412210827
0.020534249999999997,0.0034223749999999996,6.0,1.4897986434976935,-0.9372327201136599,0.006736822011134459,0.001528690410817822,-0.0017675595455815287,-8.573517041526798e-5,0.06844747735734588,1.3134130259012913,1.3566685705614288,-3.4142149899976113,8.075145654742863,6.508171325022637,3.1615551803265705,8.583588717860778,7.267568942920674,2.74734416565698,-20.135284474080844,-14.69215053974368,-15.342714597663539
0.020534249999999997,0.0034223749999999996,6.0,1.4666238770201137,-0.9139634082294047,0.006640978831378122,0.0016958982288848238,-0.001910611200921584,-8.215793997425486e-5,0.06844961087607798,1.328472216359737,1.3754995452289511,-3.4193053630820476,8.08232274729927,6.750370085222209,3.350241421319063,8.621195536722432,7.420496119411383,3.191046175640214,-20.1228330343401,-15.303429416321228,-15.502818866710665
0.020534249999999997,0.0034223749999999996,6.0,1.4426182308670052,-0.8898680492777061,0.006578481685147694,0.0018632483087191532,-0.0020558893145812274,-7.815530035493754e-5,0.06845128378680035,1.3437408176288712,1.3922772226481614,-3.4196388515640597,8.106039926866746,6.973327850815151,3.551581556817075,8.655253440772047,7.5534792110315205,3.5931449146525476,-20.104371128748287,-15.832880416889632,-15.65951913789827
0.020534249999999997,0.0034223749999999996,6.0,1.4177806716253587,-0.8649466485480246,0.006540905360615202,0.0020303934919561092,-0.0022035921992826436,-7.390230920549183e-5,0.06845248045789303,1.358922246951366,1.406952139875364,-3.415948163135416,8.143053577964125,7.176085627713957,3.7573794734586783,8.683554100855941,7.668347067492098,3.9558545591734693,-20.08218676531437,-16.28698792841694,-15.811400645456219
0.020534249999999997,0.0034223749999999996,6.0,1.3921101492304782,-0.8391990535657319,0.006521312944405731,0.0021973028556590496,-0.002353735295421143,-6.956032852138382e-5,0.06845322588424539,1.3736967715697241,1.4195481282366433,-3.4088402313404824,8.18939734910397,7.3578232146712725,3.9615873296772484,8.705221929096053,7.767302317357195,4.283319161012715,-20.058753032631337,-16.673178470121943,-15.956699666461176
0.020534249999999997,0.0034223749999999996,6.0,1.3656057401130919,-0.812624955258832,0.0065144475902729915,0.002364041230195596,-0.002506167585250564,-6.527282800749417e-5,0.06845357863799192,1.3877684683056761,1.430158852576319,-3.398782803294574,8.24106129888857,7.518247439590811,4.160521414743166,8.720476519314422,7.852502229504406,4.581208221342941,-20.036740373083745,-16.99932771807616,-16.09356352839298
0.020534249999999997,0.0034223749999999996,6.0,1.3382667323117166,-0.785223932815481,0.006516671669183781,0.0025307312439764983,-0.0026606461638413164,-6.115893534904424e-5,0.0684536183292734,1.400895662321054,1.4389285173912492,-3.3860755865875123,8.294606977381292,7.657830523354494,4.351232438086706,8.730161888345924,7.92564431509984,4.856793564985548,-20.01845165504037,-17.272774132206763,-16.220251292481127
0.020534249999999997,0.0034223749999999996,6.0,1.3100926246047675,-0.7569955481573684,0.006525983049690538,0.002697499848112882,-0.0028167952454391685,-5.7300163889774626e-5,0.06845343163920473,1.4128910103859813,1.4460125005231073,-3.3707634910620436,8.347527791010867,7.77782380799331,4.529188119818758,8.735126569084764,7.987612824104641,5.1184631973423285,-20.00435919899931,-17.498610142612485,-16.335140615115503
0.020534249999999997,0.0034223749999999996,6.0,1.2810830614834683,-0.7279394550040902,0.006542032096339313,0.0028643822268845792,-0.0029741467242242916,-5.3746279455353345e-5,0.06845309844903137,1.4235998587389507,1.4515328457537156,-3.3525522218479833,8.398117636168719,7.879821768722431,4.688612859024115,8.735869852041366,8.038547685819228,5.372817127547684,-19.991704905854697,-17.678192507904885,-16.43666532198793
0.020534249999999997,0.0034223749999999996,6.0,1.2512377938153896,-0.6980554264480788,0.006565632173754522,0.0030311756619021968,-0.0031322992875672476,-5.0555026574260675e-5,0.06845268063236587,1.432894560461287,1.4555695405149602,-3.330887601894966,8.444997333426043,7.965040302053963,4.826332299167655,8.732841885849266,8.078554398841083,5.620972600536893,-19.97528340467253,-17.80985434871653,-16.523551732267123
0.020534249999999997,0.0034223749999999996,6.0,1.2205567160317163,-0.6673432647182873,0.006597764350228712,0.003197388821802765,-0.003290934679188946,-4.7818500594273494e-5,0.06845221908112187,1.4407018080394844,1.4582007419758753,-3.305199676691803,8.487027647099136,8.034159619064916,4.943617943170703,8.726873396659045,8.108285813668761,5.85981077691368,-19.950505264270348,-17.891780874262498,-16.595313460767898
0.020534249999999997,0.0034223749999999996,6.0,1.1890398763089425,-0.6358027341391176,0.0066390815532657585,0.003362330552412949,-0.0034494972548793747,-4.562342807889438e-5,0.06845173957440655,1.4470134552956657,1.4595305743856182,-3.2750189110193433,8.523803277472675,8.087967742464768,5.042235896099114,8.718789809927722,8.128425864966275,6.088658617091521,-19.915349705250982,-17.923671047446092,-16.652229142438944
0.020534249999999997,0.0034223749999999996,6.0,1.1566873536587077,-0.6034336494481882,0.006690546724475899,0.0035245098088280587,-0.0036061964495357583,-4.399695826946141e-5,0.06845125965389381,1.4524284468150033,1.4594870446849575,-3.2424310631664337,8.556253017219612,8.127702882172068,5.117934220121862,8.709578953871478,8.138177524728837,6.310326054108644,-19.86829026824813,-17.906300458694176,-16.694430541948446
0.020534249999999997,0.0034223749999999996,6.0,1.1234991095534104,-0.5702360075737154,0.006754451585360703,0.003684870286112188,-0.003761410088853722,-4.298772599565879e-5,0.06845079231736317,1.4557370674713714,1.4583965062901991,-3.201169934112574,8.583415033493951,8.153769162750066,5.1699510440162655,8.69663500207745,8.13739728481583,6.5410068669822445,-19.808331614477144,-17.833483384291263,-16.72081231830975
0.020534249999999997,0.0034223749999999996,6.0,1.0894749945711515,-0.5362099834875089,0.006834949102703503,0.0038392694353805087,-0.003910269453949461,-4.266936897587676e-5,0.06845035320467671,1.4574410006824319,1.456065633057329,-3.1523030142522264,8.604790950042744,8.165802919891549,5.1907135746279796,8.680690192849019,8.124240908188845,6.7887565241726655,-19.730151578000555,-17.698014719880693,-16.729031858231593
0.020534249999999997,0.0034223749999999996,6.0,1.0546149509244263,-0.5013558014636932,0.006938157890637456,0.003984442134083432,-0.004048990679381404,-4.331348654900399e-5,0.06844998364794769,1.4575148022662237,1.4524127967062002,-3.0936342079976615,8.617891011820214,8.162460194152674,5.176553882066351,8.663459441874819,8.097721238418835,7.065508617163857,-19.627435540756718,-17.485926707646286,-16.715612250239044
0.020534249999999997,0.0034223749999999996,6.0,1.0189194345208872,-0.46567359549921794,0.007071918982898638,0.004115262753685593,-0.004172458651750488,-4.548201776229928e-5,0.06844980777250417,1.4558898851008135,1.4475279977633027,-3.0216336109216146,8.618140433211806,8.142593891114323,5.136935489388597,8.650356638274141,8.057404515358181,7.388264849017738,-19.499771213380996,-17.177293181152315,-16.675544948569964
0.020534249999999997,0.0034223749999999996,6.0,0.9823901447589066,-0.4291634752302743,0.007245372738495788,0.004224738083896644,-0.004274308549387583,-5.015555701690574e-5,0.06845016279026901,1.4538619121537915,1.4409882399588352,-2.9345604199621724,8.60159732444063,8.107079538416187,5.0773378848628115,8.65614577123296,7.998760095607811,7.781040690950857,-19.343835254964617,-16.753406755424887,-16.600357420048432
0.020534249999999997,0.0034223749999999996,6.0,0.9450310256711815,-0.3918264796214589,0.007470352986701972,0.004303781578732413,-0.004345885497988137,-5.87566812742803e-5,0.06845186814684609,1.4528111814757103,1.4323736556814244,-2.827326951202097,8.563996446424103,8.064203700459645,5.0257269949415955,8.70500577582852,7.9078636585801485,8.29898321281836,-19.177935270914446,-16.183055974235444,-16.471860105004243
0.020534249999999997,0.0034223749999999996,6.0,0.9068496206843243,-0.3536674141433701,0.007764623264921386,0.004340137234567173,-0.004376259835953189,-7.324113615216635e-5,0.06845667110699682,1.4556871779996663,1.4195254504465855,-2.694131385605136,8.507206062884073,8.033637628879564,5.017546139919943,8.837199179088705,7.743758235975545,9.011706483743255,-19.021804788401443,-15.413531970695301,-16.250964298859607
0.020534249999999997,0.0034223749999999996,6.0,0.8678588689615816,-0.3147004558253529,0.008149003338674002,0.004317233387596786,-0.0043568363185456475,-9.615750559452768e-5,0.068467685239432,1.4670886129977063,1.396706872425555,-2.5290311565791583,8.451533319352436,8.046259794694286,5.144574191454563,9.108863767103166,7.4156119079467375,9.948743455573316,-18.90637708108205,-14.365271768425822,-15.867145227299192
0.020534249999999997,0.0034223749999999996,6.0,0.8280766505259329,-0.2749584057899043,0.008627153321059072,0.004217337220326027,-0.004292331030399573,-0.00012961380645171644,0.06848887399250153,1.4925597897663607,1.3518435868362153,-2.3326919921283014,8.469330538762934,8.128636327019802,5.606153668797182,9.564148308958089,6.755335916536611,10.986248991509893,-18.90355756281874,-12.954268115969443,-15.224666455299541
0.020534249999999997,0.0034223749999999996,6.0,0.7875142943409672,-0.2345027486225552,0.00913733131562717,0.004030211147505925,-0.004215263764829016,-0.00017288156051501114,0.06852128083818843,1.5340503913408097,1.2644761464991743,-2.1272345223948657,8.731459857406097,8.242462679470096,6.68318915337471,10.141660603503253,5.526557959139738,11.618970447156244,-19.152198358237506,-11.12859453282206,-14.25801781654582
0.020534249999999997,0.0034223749999999996,6.0,0.746143200308132,-0.19341800007241264,0.009476872789866682,0.003755405427473083,-0.004181668635022169,-0.000221103292426711,0.06855434599214882,1.5791587796826116,1.1099356170817367,-1.9775383470727066,9.491025677731523,8.165247264085775,8.385442146233494,10.524041054031377,3.569512726686969,10.6632789215115,-19.762110546109014,-8.893327781267901,-13.060538404418498
0.020534249999999997,0.0034223749999999996,6.0,0.70384535239344,-0.15176198093515522,0.009300343810209047,0.0033859624271269273,-0.004202191451008225,-0.00026320815676219005,0.06855856680480459,1.5878962726532564,0.8767470163225214,-1.986648447466014,10.853220987160935,7.446294994440786,9.308672258172514,10.057478261346905,1.1163249500047085,6.705901786686884,-20.37115348614417,-6.3445157800411,-11.96954593716565
0.020534249999999997,0.0034223749999999996,6.0,0.660393511190204,-0.10947861751514802,0.008505905348457632,0.002924985782972497,-0.004166753002217346,-0.0002705237909696556,0.06850106055428383,1.4883647713380335,0.5904081788871675,-2.1740131523712436,12.212618662152767,5.733548664999282,5.926738913057252,7.946492987853075,-1.0462704401639094,0.8868233824296564,-19.70418018044207,-3.803804330065491,-11.166348221988823
0.020534249999999997,0.0034223749999999996,6.0,0.6156024363321506,-0.06636078413231439,0.007842646106605965,0.002446785103058147,-0.003980018775670653,-0.00020185725230938855,0.06840542749802345,1.2200619955653742,0.31714738965608086,-2.2993531997977437,11.817781677277479,3.358629431747301,-2.326439434173673,4.314228971349689,-2.0497921967295043,-1.861576917623592,-16.656100997987306,-1.7985514632351827,-9.767989480547975
0.020534249999999997,0.0034223749999999996,6.0,0.5696807153008179,-0.022175804007977574,0.008173583505292398,0.0021587437953402176,-0.0037424110670947006,7.372665145627273e-5,0.0683581602476959,0.851181521506046,0.12419852422428722,-2.097815672063403,8.73884690060056,1.2940275049539567,-8.219976414759767,1.1770250021832631,-1.841028406681931,-0.37457529066104356,-12.060525043768562,-0.5600853203190541,-6.897818493918636
0.020534249999999997,0.0034223749999999996,6.0,0.5697457071049669,0.022757180729810398,0.008296172415496805,0.0006472784682712935,-0.003049947468526487,0.00017124581038330895,0.06855077923732625,0.8676707280913972,0.03234331669010598,-2.0599614140113545,8.940130743951059,0.11172989008355753,-7.789545744297275,-0.4074294066067805,-2.1259729984153086,1.8705694847614942,-11.920701002257394,-0.029003162386097663,-6.814157745535766
0.020534249999999997,0.0034223749999999996,6.0,0.6158845321713308,0.06704314225992174,0.008338935902870374,-0.0020215661876331155,-0.003669519933905134,0.00022630729051997605,0.06836820201127505,1.292297866981432,-0.13262606347386977,-2.155715310076146,12.604648510326268,-2.4051599037110223,-1.2020596236667047,-3.4949023211460313,-3.216394216980166,3.2915104950777514,-15.766217166494124,0.5819234914422443,-9.3882542933461
0.020534249999999997,0.0034223749999999996,6.0,0.6609246157853528,0.10997276747895711,0.009342585125600666,-0.0024784993052608794,-0.003723913424979855,0.00022823675542223148,0.06851802179801003,1.6289878846579988,-0.45676249668468993,-1.9428222472363033,13.314041574470268,-6.096905645827925,6.960217383290143,-7.770511694767438,-2.683782558187032,-0.6536909993162127,-18.038887594450408,1.899472832036084,-10.630259016283246
0.020534249999999997,0.0034223749999999996,6.0,0.7044726532198194,0.1518908181765202,0.010208826972977765,-0.0029090255361632284,-0.0036733233634120566,0.0002348925808772536,0.06861751265612887,1.7613750285386938,-0.8430596642873962,-1.7398713658943996,11.59227699895794,-8.604603261269178,9.549624093842736,-10.88506570658603,-0.020857657859108546,-7.549369902474347,-18.47096128330214,4.05214400559086,-11.571419341098819
0.020534249999999997,0.0034223749999999996,6.0,0.7466666630157567,0.19326101013996014,0.010204072432827189,-0.0033252531738549394,-0.0036866975639996743,0.00023017189219018126,0.06861391711084427,1.730437982209791,-1.1559419678701215,-1.7769976832293781,9.67337561972599,-9.194512967817515,7.936425228181996,-11.833744338795892,3.243263783179066,-11.84343420716362,-18.213679125029007,6.731553935132684,-12.916639402905053
0.020534249999999997,0.0034223749999999996,6.0,0.7878593346717435,0.23422418025748012,0.009596908861628192,-0.003717188572704891,-0.0038515073347818044,0.00020461272766724692,0.06855842265960047,1.6383570208709803,-1.345948175257355,-1.9946636901453574,8.652300993648785,-8.82466883070773,5.965466893916935,-11.29885835451366,5.71138605123106,-12.642275707347716,-18.201157385773175,9.41341158364622,-14.363687044879853
0.020534249999999997,0.0034223749999999996,6.0,0.8282780038390789,0.27466862386631924,0.008851075211847933,-0.004041050801931677,-0.00408669468085439,0.0001651334974821207,0.06850428199175077,1.5565317676378965,-1.4380022370377459,-2.262021078613507,8.40091351753034,-8.366736859319317,4.925638700271924,-10.35982090402467,7.116223355497051,-11.72414763040385,-18.49187571977209,11.757709802081793,-15.517136873027384
0.020534249999999997,0.0034223749999999996,6.0,0.8679775847595321,0.3144432564783443,0.00820622773799154,-0.004256778067277846,-0.004287157388764732,0.00012629115619714373,0.06847028041483831,1.5068872961396502,-1.4744880889261551,-2.5044981437188363,8.489276303350639,-8.11690251599035,4.63240990063948,-9.611849841439113,7.7768842178292195,-10.438748939300933,-18.862018453884655,13.610544540079932,-16.266160521179863
0.020534249999999997,0.0034223749999999996,6.0,0.9069308917082824,0.3534493663005294,0.007719116952713127,-0.004362743114509696,-0.004405265105959782,9.668473494409298e-5,0.06845391062008002,1.484250615875588,-1.4863668772114198,-2.7001128246696076,8.642673294508974,-8.057330629774235,4.688792923081463,-9.171965018499721,8.051678842479419,-9.325570620356629,-19.187050774664073,14.9742633471543,-16.69435213698839
0.020534249999999997,0.0034223749999999996,6.0,0.9450990636466466,0.39164093951713086,0.007368708814213139,-0.004381025592714323,-0.004439848383140221,7.709479102859185e-5,0.06844777809450364,1.4774338395921132,-1.4898266455814209,-2.851802455350767,8.760143536982328,-8.097101987763242,4.83949408098767,-8.96245563240596,8.164431007603076,-8.493785341294155,-19.443466864092557,15.942525433851083,-16.924574544585425
0.020534249999999997,0.0034223749999999996,6.0,0.9824553855617105,0.4290019270588873,0.007117157775531868,-0.004336470884663154,-0.004408093323677698,6.499820456233645e-5,0.06844634742555833,1.4777891712744866,-1.4914191682512807,-2.969538131952659,8.827556272956915,-8.16670419008489,4.975167007344196,-8.883851099961438,8.219705853982187,-7.89580339363224,-19.643025767457303,16.625487550017656,-17.047262126939103
0.020534249999999997,0.0034223749999999996,6.0,1.01898575392505,0.46552893337596496,0.006932843551086804,-0.004248479560617085,-0.00432881617050627,5.7772728835804455e-5,0.06844668740041236,1.4803459833457477,-1.493042370331348,-3.062686716197874,8.8570933702903,-8.230684711876805,5.066030600191067,-8.867724271510992,8.255908883666384,-7.455522443416817,-19.800411560748213,17.110687069196768,-17.1130022539567
0.020534249999999997,0.0034223749999999996,6.0,1.054683368163332,0.5012224726608859,0.006797223794382078,-0.004130845522575107,-0.004217061991285102,5.3596735059515805e-5,0.06844752255601687,1.4825582932540056,-1.4947699070695906,-3.1371932266909583,8.862267188100146,-8.275746091816602,5.1095568547413555,-8.876653498398761,8.283061050048953,-7.113077060243866,-19.924868728208452,17.458615217485978,-17.145328238149094
0.020534249999999997,0.0034223749999999996,6.0,1.0895466551637611,0.5360841231025057,0.00668961582766331,-0.003993280239595601,-0.004083728462453971,5.137689967548239e-5,0.06844843075217043,1.483720418807085,-1.4964523259185072,-3.199680966270669,8.853305636812737,-8.300366114370188,5.118053499391785,-8.893560295751566,8.302524611669249,-6.829666519757367,-20.02689757462915,17.70385310500593,-17.155830248482
0.020534249999999997,0.0034223749999999996,6.0,1.1235743394566104,0.570114716746535,0.0066045547022717645,-0.003842540250433591,-0.00393641354304385,5.045050925108566e-5,0.06844927353487729,1.4833660497787395,-1.4977203980705098,-3.2523232089330025,8.835796196167243,-8.30612853143895,5.095448453200399,-8.910776440526757,8.312883144422633,-6.583405226803863,-20.111357872099916,17.871749505215483,-17.148679340589883
0.020534249999999997,0.0034223749999999996,6.0,1.156766390040789,0.6033148208210385,0.006535443765988671,-0.0036829801745064577,-0.003780053447735642,5.0453482549891226e-5,0.06845004268607778,1.4814831049013437,-1.498405146293953,-3.2973847299417036,8.813083652090182,-8.295637756309404,5.046672495459553,-8.926043997498926,8.31362356559199,-6.360979882292054,-20.183502778779793,17.977566722884767,-17.126707217682167
0.020534249999999997,0.0034223749999999996,6.0,1.1891229268819121,0.6356847707888542,0.006477895951403093,-0.0035194110304943866,-0.0036200608023410777,5.124793322099842e-5,0.06845075365355259,1.478036721775558,-1.4984179780137323,-3.336124237668205,8.786366039409803,-8.270386930026364,4.975659337863494,-8.939086839795351,8.30536230381974,-6.153083162499561,-20.246752866265787,18.03092483438679,-17.09172834322954
0.020534249999999997,0.0034223749999999996,6.0,1.2206439681943055,0.6672249167405707,0.006429239194895931,-0.0033513918306924853,-0.0034564761914064462,5.274922858040171e-5,0.06845141648875107,1.4732743638533796,-1.4975885885554994,-3.370429792493499,8.75559837864952,-8.23034472157182,4.888181378148666,-8.951494189565038,8.288824440633807,-5.947997098154368,-20.30565437096632,18.03740345159383,-17.044422819283334
0.020534249999999997,0.0034223749999999996,6.0,1.2513293664681244,0.6979357385800351,0.0063882298058146195,-0.0031816091892411854,-0.003292422207753472,5.4944670471450435e-5,0.06845202674525787,1.4670568731838436,-1.495760353845528,-3.4005289622660366,8.719771873057681,-8.174301910700654,4.786710132834501,-8.963056602572651,8.264545457414465,-5.738919201587191,-20.360437556748646,17.998618168952596,-16.984317330472145
0.020534249999999997,0.0034223749999999996,6.0,1.2811789130644946,0.7278178095248409,0.0063545190987864516,-0.003010564951933454,-0.0031285603731982716,5.776007525670585e-5,0.06845256262992122,1.4593323530756996,-1.4927143120467035,-3.4268043448433434,8.678411855906173,-8.10085931042339,4.671559479976761,-8.973019881073702,8.232108630805563,-5.520546753816188,-20.41140832015672,17.91395788265734,-16.910520486711732
0.020534249999999997,0.0034223749999999996,6.0,1.310192488668929,0.7568717125794355,0.006328185479825903,-0.002838748814970438,-0.002965430444342635,6.109498244601265e-5,0.0684529836140669,1.450082091638894,-1.488229770280048,-3.449522104543459,8.63193688875322,-8.008771467819853,4.5411741222222695,-8.980051114397053,8.190605607441565,-5.289136598772081,-20.458777947760638,17.78145842568473,-16.822542496194774
0.020534249999999997,0.0034223749999999996,6.0,1.338370163563536,0.7850979988107474,0.0063096192507578345,-0.00266649716400359,-0.0028034510182298363,6.484279070131198e-5,0.06845323074108405,1.4393559675829595,-1.482102293264655,-3.468890142441829,8.581669874764088,-7.896914922731652,4.393948480144078,-8.982695492842208,8.138993099278995,-5.04099656132685,-20.502928557543548,17.59827305699951,-16.72066297404309
0.020534249999999997,0.0034223749999999996,6.0,1.3657122444101328,0.8124971804275463,0.006299721058856045,-0.0024940148553161956,-0.0026430124580331367,6.889703070054995e-5,0.06845323020531117,1.4272849075721883,-1.4741473299047432,-3.485038870006507,8.529785561055009,-7.764295987576773,4.229496293792494,-8.979590659829986,8.07611427444242,-4.7717634856935875,-20.544249017810003,17.360701581631623,-16.605899835497418
0.020534249999999997,0.0034223749999999996,6.0,1.392219293787087,0.8390697187675735,0.006300259248246569,-0.002321404125934859,-0.0024845064962661133,7.314516399645725e-5,0.06845290134940207,1.4140813696763768,-1.4642051922954367,-3.4979763734996743,8.479286582437414,-7.61022130208235,4.049282995789846,-8.969588992806782,8.000551227909174,-4.476451123578003,-20.58286553708633,17.064141133857937,-16.479837810346584
0.020534249999999997,0.0034223749999999996,6.0,1.4178921246831253,0.8648159929206446,0.006314279756755571,-0.0021486971488516994,-0.0023283087186121753,7.746217882980056e-5,0.06845216888228889,1.4000302753642975,-1.4521529631340853,-3.5075484360136233,8.433885864810417,-7.434505424875244,3.8569583002966548,-8.95196311227889,7.9105396269242645,-4.149862409153809,-20.61844140750072,16.70316198865968,-16.344425491734683
0.020534249999999997,0.0034223749999999996,6.0,1.442731754479041,0.8897362604109208,0.006346470790529138,-0.001975907372511518,-0.0021747173605634372,8.170828746592078e-5,0.06845097729665989,1.3854670237586066,-1.4379196223298023,-3.5134152251376554,8.397696936909941,-7.237570093496373,3.6584603388875085,-8.926708311652456,7.804045830175288,-3.7871814261236327,-20.650093117290677,16.271767007325607,-16.201742767085225
0.020534249999999997,0.0034223749999999996,6.0,1.4667393085805505,0.9138306289599749,0.006403330255917166,-0.0018030751154342326,-0.002023802744033767,8.572677239837281e-5,0.06844930381775785,1.3707417262050916,-1.421498317500403,-3.515051222895059,8.374732842344208,-7.020344074248446,3.4617720002853747,-8.894853486436856,7.679011430735006,-3.384672400383793,-20.67641965134689,15.76381453639123,-16.053744273079204
0.020534249999999997,0.0034223749999999996,6.0,1.4899158815788065,0.9370990550485853,0.006492948859040711,-0.0016304694900953986,-0.0018753627949046725,8.934577016340119e-5,0.06844716549134636,1.356174619444898,-1.402950767645411,-3.5117721652130784,8.368295508738075,-6.783927462095071,3.276257699162907,-8.858678271066909,7.533724973946906,-2.9403347514430975,-20.69560868740464,15.173520052326289,-15.90202048268499
0.020534249999999997,0.0034223749999999996,6.0,1.5122623788003509,0.95954138037062,0.0066242817316833754,-0.001459987375210136,-0.0017303153287342513,9.245693069885448e-5,0.06844461658009397,1.342011412052082,-1.3823999313118824,-3.502786352589442,8.38037465851632,-6.529036599182169,3.111623807437664,-8.82176627876967,7.367257353137391,-2.454224346247209,-20.70550574915107,14.495873956328316,-15.747632011653712
0.020534249999999997,0.0034223749999999996,6.0,1.533779366475862,0.9811574136299471,0.006805949392071134,-0.0012924705210244942,-0.0015875184078086918,9.487078648924121e-5,0.06844173457382054,1.3283868902978906,-1.3600076492339634,-3.487259592990158,8.411171623514901,-6.255276659760967,2.977191508294637,-8.788889392234864,7.179874961502699,-1.9285716002857571,-20.70401616374425,13.727247751206855,-15.5910465850176
0.020534249999999997,0.0034223749999999996,6.0,1.554466956271025,1.0019470567845603,0.007044822766351929,-0.001129802127545009,-0.0014462709830646448,9.642422586536776e-5,0.06843859726675619,1.3153012607669694,-1.3359355528156645,-3.464376380694106,8.45881697729035,-5.960404725221582,2.881205651309666,-8.765706045358199,6.973329291601092,-1.366948724825526,-20.68913734260034,12.865573677288943,-15.432146268891437
0.020534249999999997,0.0034223749999999996,6.0,1.5743247412985493,1.02191045876902,0.007344799392138536,-0.0009744303029457298,-0.0013062467405856265,9.69783795121539e-5,0.06843525861030551,1.3026079890040407,-1.3102912756279583,-3.433375457825396,8.519249737182168,-5.639732279055984,2.831160500335677,-8.758382055731573,6.750954874766939,-0.7728988565780783,-20.659149778013735,11.910626723201908,-15.2702046119491
0.020534249999999997,0.0034223749999999996,6.0,1.5933517851954437,1.0410481634859774,0.007706170988676079,-0.0008289881443242267,-0.0011677430237478584,9.642674529302208e-5,0.06843173423594615,1.2900058279703437,-1.283066840813833,-3.3935380446501306,8.58610089239031,-5.285837735649164,2.8352199488649776,-8.773301204015556,6.517610484237822,-0.14795328613120032,-20.6127726504233,10.864370812353126,-15.103711376628127
0.020534249999999997,0.0034223749999999996,6.0,1.6115466471443924,1.059361213893837,0.008125798488460876,-0.0006958348197421147,-0.001031797954411635,9.469814316479937e-5,0.06842800575342502,1.2770241199462098,-1.2540800068672393,-3.344116405578489,8.650387585649465,-4.888726935128114,2.9045929451530177,-8.81704728385046,6.279596952595477,0.5106042243116101,-20.549305439121184,9.731588329077102,-14.929984538244952
0.020534249999999997,0.0034223749999999996,6.0,1.6289074156193424,1.0768511823483125,0.008598035893557777,-0.0005766624825788564,-0.0009000738559151124,9.175287171455724e-5,0.06842404648315528,1.2629942292504615,-1.2229325480802302,-3.2842122084837033,8.700017354120524,-4.436630724800165,3.056060391914655,-8.896618104198543,6.044621881096694,1.2115325557820438,-20.46872949124514,8.52096642590247,-14.744639235217221
0.020534249999999997,0.0034223749999999996,6.0,1.6454317364444753,1.0935201076262795,0.009116099142742019,-0.00047230239682142285,-0.0007745608315262668,8.757738274619703e-5,0.06841986280251201,1.247015795889728,-1.1890045307085744,-3.2126496712811807,8.71953459704921,-3.9177444054615935,3.313098557195483,-9.019384555680832,5.821588293482936,1.9697117866138356,-20.371702631042396,7.2466304220351425,-14.541122890532144
0.020534249999999997,0.0034223749999999996,6.0,1.661116861001972,1.1093703190754396,0.009673431030336388,-0.0003827458349604771,-0.0006572355939041325,8.21885696624079e-5,0.06841553726361958,1.2278681302215861,-1.1514932010448116,-3.127646801742586,8.690960977094937,-3.323118187934149,3.701756474966671,-9.191740628929264,5.619637628664044,2.806498030943284,-20.255977051596567,5.928021393558883,-14.31059860575898
0.020534249999999997,0.0034223749999999996,6.0,1.6759598951400658,1.1244040899316112,0.010262894626891679,-0.0003072879415502649,-0.0005497788673269587,7.565970642314784e-5,0.06841123562134177,1.2044570484786783,-1.109623237507182,-3.0280403461801884,8.596286712921241,-2.6506172928105154,4.251550056514687,-9.417508580699616,5.446587363981498,3.727157737028399,-20.12910962852887,4.597410487366692,-14.04287407690274
0.020534249999999997,0.0034223749999999996,6.0,1.6899576907552791,1.1386233260424587,0.01088295003933963,-0.00024471507076160546,-0.000453380428232209,6.814586889884853e-5,0.0684072745250821,1.1753535639893733,-1.0627224814423661,-2.912140747157812,8.421129578291179,-1.908234785588937,4.9738416125181395,-9.69225413133483,5.305421092957115,4.733407788965859,-19.989052193721097,3.2898592678088434,-13.726550671248292
0.020534249999999997,0.0034223749999999996,6.0,1.7031079955990334,1.1520288191183026,0.01152880166610518,-0.0001934685495909386,-0.000368625651994255,5.9923183184353566e-5,0.06840396080879588,1.1395922888610088,-1.0105712120855528,-2.7792314739165476,8.159316858718947,-1.1157302602080705,5.86057624912179,-10.002320593775604,5.193339336604968,5.799735105671092,-19.83510176723567,2.0454907421647213,-13.352656195323917
0.020534249999999997,0.0034223749999999996,6.0,1.715409637501894,1.1646199154238928,0.012195788045532313,-0.00015184534421127893,-0.0002954791708999186,5.136104410957244e-5,0.06840159193984391,1.0967683203862477,-0.9535279619719269,-2.629944345908369,7.8148846801443135,-0.30280497801957373,6.878172760248315,-10.324198122936213,5.10117797136884,6.876301017036599,-19.665504463670192,0.9036443210341998,-12.916062651513153
0.020534249999999997,0.0034223749999999996,6.0,1.7268631275940167,1.1763942313197682,0.012877099617300297,-0.0001181879021862112,-0.0002333801988326815,4.286561502265856e-5,0.06840036223382806,1.047249833159743,-0.8925778488959122,-2.466569702359216,7.401832554729295,0.4957061549023386,7.971405143076849,-10.62829244659756,5.015721874509091,7.896757464182837,-19.47746884927785,-0.10298885535523558,-12.417554429238388
0.020534249999999997,0.0034223749999999996,6.0,1.7374708551570415,1.1873477475710053,0.01356318812276545,-9.102844970263843e-5,-0.00018141500583157615,3.480850925215184e-5,0.06840031749699196,0.9921966218447086,-0.829224322846648,-2.2929988962158268,6.941311546729261,1.246014262117397,9.07371785002585,-10.884997458089751,4.923306958627405,8.792615140698596,-19.268040826570438,-0.9529318430349315,-11.864618505356667
0.020534249999999997,0.0034223749999999996,6.0,1.7472368882637312,1.1974752388144998,0.014242048890379319,-6.915269386826175e-5,-0.0001384972191806078,2.74745145506344e-5,0.06840135360021647,0.9334021722543352,-0.7652726036653067,-2.1142930344819892,6.457559514940623,1.9208194068887614,10.12002647682535,-11.070908381835377,4.813316366746551,9.508484917322736,-19.035313846399514,-1.6381253077596882,-11.27087588168718
0.020534249999999997,0.0034223749999999996,6.0,1.7561664413513893,1.206770913042936,0.014900287477039099,-5.1591797372507426e-5,-0.0001035012984775045,2.104042735967588e-5,0.06840325376493496,0.8730179784003974,-0.7025791128496286,-1.9360262200324316,5.973994524429662,2.502548696724973,11.057644134035122,-11.173064420740737,4.680356595363042,10.012802526705121,-18.77959184205635,-2.1634346457924867,-10.654351119792702
0.020534249999999997,0.0034223749999999996,6.0,1.7642651789748733,1.2152290828954861,0.015524571496235984,-3.7575386509653566e-5,-7.533478767440856e-5,1.557915557560463e-5,0.0684057447798579,0.8132490087788156,-0.6428359888085495,-1.76360456946436,5.510428623307133,2.984037859845336,11.852617382654442,-11.190232276956685,4.524710816045356,10.301369909401448,-18.504125072441507,-2.544039449451378,-10.035139439352488
0.020534249999999997,0.0034223749999999996,6.0,1.7715385480587846,1.2228447135752702,0.016103004679477846,-2.647019815279512e-5,-5.295276951597705e-5,1.1075107849349084e-5,0.06840855052147013,0.7560985935281334,-0.5874302368393882,-1.601727400830772,5.081708377151825,3.36720266746993,12.49099200258625,-11.131499116820075,4.351400582317078,10.394238665164858,-18.215214330327132,-2.8017544562395122,-9.433108959468905
0.020534249999999997,0.0034223749999999996,6.0,1.777991280054989,1.2296137612855347,0.016626084449254504,-1.77772109138219e-5,-3.5448594077065614e-5,7.465031977851962e-6,0.06841142909086775,0.7032064109659323,-0.5373846675924819,-1.4540747207038354,4.69758585040273,3.660615333861147,12.976162286625131,-11.013217724483889,4.168525623151855,10.328485757281104,-17.921702983850427,-2.9613149089536073,-8.866111473554582
0.020534249999999997,0.0034223749999999996,6.0,1.7836271219592688,1.2355332904317895,0.017087108205020338,-1.099772846162011e-5,-2.1847840936692683e-5,4.617355311290506e-6,0.0684141903015121,0.655786012581387,-0.4933659986928017,-1.3232230871836508,4.363396242540151,3.876832366801146,13.32412434150803,-10.85549431971866,3.985516216410861,10.149815860553396,-17.63408436424138,-3.0473149079829587,-8.348912458951009
0.020534249999999997,0.0034223749999999996,6.0,1.7578086255632976,-1.2445,0.007231790867624131,-0.007534688672133838,-0.0,-0.0035134830296297266,0.0684475,0.5602737952861904,0.4604705184572013,-1.2916024272400188,4.175268530871314,-2.6406414461436203,7.793241793206317,9.516206808403929,3.8683650004298733,-11.753582769842707,-13.344292482421467,3.729903644118209,-8.043633531301198
0.020534249999999997,0.0034223749999999996,6.0,1.7532831710178431,-1.2399745454545454,0.007231790867624131,-0.003994153504331865,-0.0,-0.0018625043669165731,0.0684475,0.5852362205259614,0.4908669319631347,-1.3820142776277093,4.380578467471285,-2.5575885110597754,7.387381175604193,9.712639397342121,4.006223707846992,-12.246330701949743,-13.510840278528311,3.9090859373748086,-8.386802175318278
0.020534249999999997,0.0034223749999999996,6.0,1.7479265105354684,-1.2346178849721707,0.007231790867624131,-0.003221052725920409,-0.0,-0.0015020015534177207,0.0684475,0.6140139532348188,0.5264155143090287,-1.4878736725640647,4.621886302326377,-2.3282936044041413,6.8668557540205075,9.807026006393672,4.1507009683589375,-12.527268347201108,-13.694957735940976,3.8559947503792333,-8.772587270685312
0.020534249999999997,0.0034223749999999996,6.0,1.7417386441161733,-1.2284300185528756,0.007231790867624131,-0.0028510459429062144,-0.0,-0.0013294645569289069,0.0684475,0.6460048149825648,0.5665890911168782,-1.6077882140830768,4.896061965511153,-2.016423668091659,6.221670138187163,9.857633345089182,4.292897550035452,-12.717132045421828,-13.891230167971914,3.7072929435895854,-9.1889595155466
0.020534249999999997,0.0034223749999999996,6.0,1.7347195717599582,-1.2214109461966605,0.007231790867624131,-0.002615956568528071,-0.0,-0.001219840581305511,0.0684475,0.6803893505474417,0.6105831133078722,-1.7396548767710944,5.197716733124132,-1.6236241584780133,5.449009115296023,9.858849130225936,4.42400857603722,-12.798958406462278,-14.09441985502445,3.4601953403823913,-9.621725309161356
0.020534249999999997,0.0034223749999999996,6.0,1.7268692934668226,-1.213560667903525,0.007231790867624131,-0.002440604525672453,-0.0,-0.0011380725808488128,0.0684475,0.7161303425029286,0.6572930816135532,-1.8806151584446278,5.518602637874794,-1.150178027370122,4.55674614555084,9.801829410792465,4.53671772279593,-12.748712284730974,-14.299901768219996,3.1000826055012363,-10.055320360670729
0.020534249999999997,0.0034223749999999996,6.0,1.718187809236767,-1.2048791836734694,0.007231790867624131,-0.0022955268640741846,-0.0,-0.0010704217562183208,0.0684475,0.7520134071807294,0.7053412565174543,-2.027134762078106,5.847274008165301,-0.6015661987378321,3.566072158248094,9.681341636506147,4.626803773916149,-12.550664618373977,-14.50403571496267,2.6128463234264045,-10.474077782081443
0.020534249999999997,0.0034223749999999996,6.0,1.708675119069791,-1.1953664935064934,0.007231790867624131,-0.002167213791979571,-0.0,-0.0010105883880592082,0.0684475,0.7867381379193603,0.7531674843754095,-2.1752363337075895,6.169302757006432,0.009254576384967284,2.512065494837807,9.498671142276727,4.694521334857623,-12.204213594701642,-14.704378307101992,1.9897403434523142,-10.863824091864045
0.020534249999999997,0.0034223749999999996,6.0,1.6983312229658951,-1.1850225974025974,0.007231790867624131,-0.002048757614949219,-0.0,-0.0009553513655541908,0.0684475,0.8190568134843564,0.7991845333951139,-2.320875434522343,6.468336733813526,0.6615848860207596,1.4411270560791463,9.262838285347408,4.745165797072461,-11.726679591277158,-14.899657717714094,1.2305226610474176,-11.213502530885984
0.020534249999999997,0.0034223749999999996,6.0,1.6871561209250787,-1.173847495361781,0.007231790867624131,-0.0019364306506361886,-0.0,-0.0009029724418777215,0.0684475,0.8479390125299504,0.8419756238849156,-2.4603957170119037,6.72811803458928,1.328817891225344,0.40491995122330665,8.989912502421028,4.788314590685695,-11.151433447652312,-15.089492725039367,0.3450773732635593,-11.516432625274986
0.020534249999999997,0.0034223749999999996,6.0,1.675149812947342,-1.1618411873840444,0.007231790867624131,-0.0018281923914871187,-0.0,-0.0008525001127311449,0.0684475,0.8727221519120653,0.8804884144147941,-2.590949702250783,6.935201906948659,1.9822266907749542,-0.5482297837854747,8.70036555131632,4.835654319146209,-10.521306640107783,-15.273921104029629,-0.6468534523685244,-11.770856226094855
0.020534249999999997,0.0034223749999999996,6.0,1.6623122990326855,-1.1490036734693876,0.007231790867624131,-0.0017229795018842667,-0.0,-0.0008034385365727185,0.0684475,0.8932010504746262,0.914168556602964,-2.7107570469623723,7.081650396353895,2.5958234707921704,-1.3820704375322532,8.415107509996764,4.897961718964358,-9.879026666042112,-15.452876250132084,-1.7179208611584709,-11.979612115318252
0.020534249999999997,0.0034223749999999996,6.0,1.6486435791811085,-1.1353349536178108,0.007231790867624131,-0.001620349432600176,-0.0,-0.0007555813493085689,0.0684475,0.9096887051986492,0.9430807037883087,-2.821133348281769,7.166675998507529,3.1506938447008923,-2.0740469490986726,8.152008294161547,4.982408783818613,-9.25455208916567,-15.631033867899914,-2.839140353891726,-12.14908478232613
0.020534249999999997,0.0034223749999999996,6.0,1.6341436533926113,-1.1208350278293135,0.007231790867624131,-0.0015202940111917363,-0.0,-0.0007089247400658878,0.0684475,0.922665469318225,0.9674583984849183,-2.91819896371199,7.196637978463422,3.6377242575839954,-2.632540787094862,7.921555363198788,5.090988019703128,-8.673721588686398,-15.796652000029262,-3.9749292747471525,-12.287625998166538
0.020534249999999997,0.0034223749999999996,6.0,1.6188125216671938,-1.105503896103896,0.007231790867624131,-0.0014231310268224945,-0.0,-0.000663616896365316,0.0684475,0.932995476376279,0.988090222845723,-3.0045948493589805,7.182944236675242,4.056877740014032,-3.0673577346852197,7.729361867289751,5.2213119509988815,-8.137644204912833,-15.953028144431252,-5.099993151083394,-12.404256187674134
0.020534249999999997,0.0034223749999999996,6.0,1.6026501840048561,-1.0893415584415584,0.007231790867624131,-0.0013294203524662868,-0.0,-0.0006199188912621472,0.0684475,0.9415336303945051,1.0057782449195245,-3.081088271862852,7.139291346398194,4.415055842813802,-3.3989675949690943,7.575848415520206,5.368157439678597,-7.641156090604065,-16.097896456532563,-6.1920842171513195,-12.507448786076795
0.020534249999999997,0.0034223749999999996,6.0,1.5856566404055983,-1.0723480148423006,0.007231790867624131,-0.0012398750960740013,-0.0,-0.0005781632524549715,0.0684475,0.949073382503041,1.0212842634688557,-3.148356481283574,7.079001071258748,4.722723535828789,-3.647569050914098,7.458828291086423,5.525478701810918,-7.17535810331286,-16.22899423689437,-7.234532060966334,-12.604479773069666
0.020534249999999997,0.0034223749999999996,6.0,1.56783189086942,-1.0545232653061223,0.007231790867624131,-0.001155261633542765,-0.0,-0.000538707346893645,0.0684475,0.956289625017859,1.0352425096614148,-3.206916291052133,7.0134463265984,4.991051639618222,-3.8291679149578335,7.3750999280134675,5.687676855826645,-6.7322457854281055,-16.344420321450265,-8.2155292823482,-12.701123182425048
0.020534249999999997,0.0034223749999999996,6.0,1.5491759353963217,-1.035867309833024,0.007231790867624131,-0.0010763023949638064,-0.0,-0.000501888049262189,0.0684475,0.9637189703603012,1.048122482895354,-3.257165081834627,6.95157902077181,5.230086081040688,-3.9548110495632387,7.321100284930706,5.850001585749861,-6.30690321190815,-16.442928779064975,-9.127112032163444,-12.801580606521686
0.020534249999999997,0.0034223749999999996,6.0,1.5296887739863032,-1.0163801484230055,0.007231790867624131,-0.0010036025636619892,-0.0,-0.0004679875611795751,0.0684475,0.9717545902990888,1.0602241068943636,-3.299465760132642,6.900071211496606,5.4478506247595755,-4.031812330383709,7.292907540058103,6.008458196185669,-5.897741229296078,-16.524121473964588,-9.964297276172926,-12.908529407682288
0.020534249999999997,0.0034223749999999996,6.0,1.5093704066393645,-0.9960617810760667,0.007231790867624131,-0.0009376139997067253,-0.0,-0.0004372165884565847,0.0684475,0.9806427530189764,1.0716917512494364,-3.334224217559445,6.863559951073741,5.650039096122545,-4.065572965600264,7.286101213288601,6.159669554582069,-5.505754593771116,-16.588517460500444,-10.724524846426064,-13.023229505655799
0.020534249999999997,0.0034223749999999996,6.0,1.4882208333555054,-0.9749122077922077,0.007231790867624131,-0.0008786337506482866,-0.0,-0.0004097136466407456,0.0684475,0.9904811370113086,1.0825414999306624,-3.361934554691693,6.844774108956487,5.840051428086244,-4.061121614170227,7.295808828427681,6.300899351121078,-5.133454433330195,-16.637491157739074,-11.407343027055493,-13.145673460077564
0.020534249999999997,0.0034223749999999996,6.0,1.4662400541347262,-0.9529314285714284,0.007231790867624131,-0.0008268162827850036,-0.0,-0.0003855507645498962,0.0684475,1.0012252939089823,1.092699031672959,-3.3831855830876743,6.8445894873640425,6.019284465986913,-4.024038300104867,7.31699885551122,6.430194514606619,-4.783732095893305,-16.67309439290446,-12.014203556788463,-13.274784001970662
0.020534249999999997,0.0034223749999999996,6.0,1.4434280689770267,-0.930119443413729,0.007231790867624131,-0.0007820567478307934,-0.0,-0.00036467905062529163,0.0684475,1.0127083091990756,1.1020435184707367,-3.3986323501900904,6.862155022403581,6.187633214725098,-3.9606763034862302,7.344915162847914,6.546506471998801,-4.4588276911370786,-16.69780857226413,-12.548234036646722,-13.408661494402384
0.020534249999999997,0.0034223749999999996,6.0,1.4197848778824071,-0.9064762523191094,0.007231790867624131,-0.0007453535879165364,-0.0,-0.000347564086078786,0.0684475,1.0246735727352774,1.1104502021558647,-3.4089460209743985,6.895185556424877,6.344163619500565,-3.8777136291312226,7.375452294210684,6.649687113589342,-4.159557387285705,-16.714302336554752,-13.014025228463478,-13.544872670014218
0.020534249999999997,0.0034223749999999996,6.0,1.3953104808508672,-0.8820018552875695,0.007231790867624131,-0.000716106237388092,-0.0,-0.0003339258225466288,0.0684475,1.0368157754419811,1.117824267891409,-3.414763890374037,6.940415013462936,6.487644788329561,-3.7812862383504835,7.405531276187575,6.740345269008863,-3.8853671069416267,-16.725276775127888,-13.417078289934377,-13.680760282471807
0.020534249999999997,0.0034223749999999996,6.0,1.3700048778824072,-0.8566962523191094,0.007231790867624131,-0.0006945088951571654,-0.0,-0.0003238548164685533,0.0684475,1.0488230190182097,1.1241215350496865,-3.4166577156974527,6.994131005060755,6.617101920183252,-3.676288453790374,7.433144327387268,6.819609888666504,-3.6344319196230535,-16.733423911358855,-13.763570563063391,-13.813740893727259
0.020534249999999997,0.0034223749999999996,6.0,1.3438680689770268,-0.8305594434137291,0.007231790867624131,-0.0006808777070461845,-0.0,-0.00031749848906265153,0.0684475,1.0604128000206523,1.1293545376751664,-3.415112866057671,7.052702928573123,6.732106531105238,-3.566604240696223,7.457299676041303,6.888835422837319,-3.4036989972630325,-16.74135257732692,-14.059854410936374,-13.941538351410445
0.020534249999999997,0.0034223749999999996,6.0,1.3169000541347262,-0.8035914285714285,0.007231790867624131,-0.000675501826656978,-0.0,-0.00031499167486783927,0.0684475,1.071355020804079,1.1335834184173015,-3.410474847346966,7.113028347914554,6.832936166260503,-3.4564775611853165,7.477742517104133,6.9492519434563205,-3.188151399147252,-16.75111534233362,-14.31166424401177,-14.062280291370879
0.020534249999999997,0.0034223749999999996,6.0,1.2891008333555056,-0.7757922077922077,0.007231790867624131,-0.0006785147980430658,-0.0,-0.0003163966464989739,0.0684475,1.0814771591203138,1.1368925814448343,-3.4028306445865115,7.172785060502366,6.9205318700781175,-3.3515099667639046,7.494534278138649,7.001639813613477,-2.980350856303411,-16.763127814686705,-14.522841169851063,-14.174424874115836
0.020534249999999997,0.0034223749999999996,6.0,1.2604704066393644,-0.7471617810760667,0.007231790867624131,-0.0006897847659206576,-0.0,-0.00032165191882745574,0.0684475,1.090654912842224,1.1393630453547008,-3.3919047813510286,7.230352320770955,6.99612296949988,-3.2568030671731507,7.50775257738865,7.046301123308072,-2.7726332184184477,-16.77523150948399,-14.694292742468187,-14.276653444079036
0.020534249999999997,0.0034223749999999996,6.0,1.2310087739863034,-0.7177001484230054,0.007231790867624131,-0.0007089701805779243,-0.0,-0.0003305982246070184,0.0684475,1.0988032264282839,1.1410613249098263,-3.3771420585206213,7.284498140942755,7.060688664978879,-3.173275699103892,7.517564344805216,7.083489568473208,-2.5614080338316834,-16.783380643064934,-14.82458195342065,-14.367987709415953
0.020534249999999997,0.0034223749999999996,6.0,1.2007159353963217,-0.687407309833024,0.007231790867624131,-0.0007356701019070698,-0.0,-0.00034304860239493497,0.0684475,1.1058781064972338,1.14205313152433,-3.357970113120432,7.33427374807373,7.11484573205065,-3.0977063964350964,7.524414813458387,7.113819482759335,-2.347968695049695,-16.783916945218365,-14.912040059820146,-14.448093230833054
0.020534249999999997,0.0034223749999999996,6.0,1.1695918908694203,-0.6562832653061225,0.007231790867624131,-0.0007694982568467428,-0.0,-0.00035882293010455833,0.0684475,1.111875399785384,1.1424162778227112,-3.3339388029832775,7.379245663696449,7.15929066542525,-3.0277381148406604,7.528785760292651,7.13800965892991,-2.133272170253618,-16.774999913058767,-14.95598066903758,-14.517255322626356
0.020534249999999997,0.0034223749999999996,6.0,1.1376366404055982,-0.6243280148423005,0.007231790867624131,-0.0008098635105856348,-0.0,-0.00037764555704637335,0.0684475,1.1168101288949814,1.142226944061277,-3.3045389306764914,7.419458135025456,7.194988377041503,-2.9651274762966557,7.530705639366588,7.156293595645317,-1.9128467834327652,-16.75561880190281,-14.95545453312705,-14.575751730670769
0.020534249999999997,0.0034223749999999996,6.0,1.1048501840048561,-0.5915415584415583,0.007231790867624131,-0.0008545895350790514,-0.0,-0.00039850164478648153,0.0684475,1.1212680634647272,1.1413614508018537,-3.2714676262358413,7.455382932171059,7.222753820001669,-2.916078143014189,7.530722918145655,7.167809467193313,-1.6801120061874666,-16.722931296386818,-14.908123751144455,-14.62319239936437
0.020534249999999997,0.0034223749999999996,6.0,1.0712325216671938,-0.5579238961038959,0.007231790867624131,-0.0009033498049347016,-0.0,-0.0004212389320338756,0.0684475,1.1241341995387746,1.1401769729324787,-3.2281928546299055,7.48497050569452,7.242674715747924,-2.878356607482761,7.526824434214649,7.17331316602685,-1.416676572858907,-16.674344989112715,-14.804217301455578,-14.658283671721362
0.020534249999999997,0.0034223749999999996,6.0,1.0367836533926111,-0.5234750278293134,0.007231790867624131,-0.0009520586138783749,-0.0,-0.0004439522226639191,0.0684475,1.1260594871874336,1.1385409979265004,-3.175287128097437,7.506863234442872,7.254748200565402,-2.8529256995254015,7.52122487265049,7.172310409166794,-1.1120922155900577,-16.603702372286964,-14.632748315361697,-14.67917364360968
0.020534249999999997,0.0034223749999999996,6.0,1.0015035791811084,-0.4881949536178106,0.007231790867624131,-0.0009966669914590657,-0.0,-0.00046475345074766493,0.0684475,1.127063093140666,1.136628447825096,-3.109744998456381,7.517650660940233,7.2595260017875844,-2.8250624852026722,7.5177308792409026,7.165578795122404,-0.7510709083172995,-16.51062133839087,-14.376177947895545,-14.683229456062646
0.020534249999999997,0.0034223749999999996,6.0,0.9653922990326855,-0.4520836734693877,0.007231790867624131,-0.0010322507397674307,-0.0,-0.00048134642508971555,0.0684475,1.1283120316849797,1.1341225519392437,-3.0303164906452578,7.515092613252899,7.259472911832132,-2.7867033095625917,7.527524838713066,7.150899361212158,-0.31919815411307567,-16.38932154793163,-14.018143608965147,-14.665991974465054
0.020534249999999997,0.0034223749999999996,6.0,0.9284498129473423,-0.4151411873840446,0.007231790867624131,-0.001052219107962404,-0.0,-0.0004906578280998903,0.0684475,1.130870229094755,1.130767331694093,-2.9333549467143163,7.497246177235541,7.262891794300361,-2.711663980558136,7.5686019230556125,7.119681747240414,0.22050882576013878,-16.25247156990982,-13.531718866228765,-14.616927924475933
0.020534249999999997,0.0034223749999999996,6.0,0.8906761209250789,-0.37736749536178116,0.007231790867624131,-0.0010464957047593528,-0.0,-0.00048798896135559866,0.0684475,1.1370033391753211,1.1250023249643128,-2.8149201326630364,7.468763875190625,7.285580955585137,-2.5697055792104035,7.6711716700945285,7.042418474723923,0.9212777537279135,-16.11142672160885,-12.874140647880976,-14.511182349914552
0.020534249999999997,0.0034223749999999996,6.0,0.8520712229658952,-0.3387625974025974,0.007231790867624131,-0.0010014722546120435,-0.0,-0.00046699418175534855,0.0684475,1.1500804676909335,1.112605789597554,-2.6709639653264445,7.450150158704394,7.347227164067305,-2.2859627190971428,7.877295884205813,6.849947634676521,1.8101900983857675,-15.98135878252957,-11.982378139405284,-14.300097793380914
0.020534249999999997,0.0034223749999999996,6.0,0.8126351190697911,-0.29932649350649343,0.007231790867624131,-0.0009050602788640581,-0.0,-0.00042203653912620894,0.0684475,1.1738503718686835,1.0845702832382489,-2.5023594064500347,7.498755906535056,7.453977696981627,-1.7152984527327293,8.221778105923047,6.4105374150352255,2.7999751272187536,-15.899356087977187,-10.793091538096851,-13.909293321570273
0.020534249999999997,0.0034223749999999996,6.0,0.7723678092367671,-0.25905918367346925,0.007231790867624131,-0.000759537844858796,-0.0,-0.00035417831371619985,0.0684475,1.209023385054359,1.0254299021659197,-2.3248623164984963,7.73182904004585,7.550652169492588,-0.6929205914470583,8.664726640895907,5.530399711674119,3.5455466891707292,-15.944630757613414,-9.281543552829437,-13.262228751719952
0.020534249999999997,0.0034223749999999996,6.0,0.7312692934668227,-0.21796066790352486,0.007231790867624131,-0.0005987414130647751,-0.0,-0.00027919770616664997,0.0684475,1.2453207730789702,0.9158183726663456,-2.1808399060192385,8.299102622863227,7.443861863843909,0.7011647688955451,8.968357973646938,4.048265357918186,3.2986494787610856,-16.19984367750156,-7.496422776131494,-12.347367980781428
0.020534249999999997,0.0034223749999999996,6.0,0.6893395717599581,-0.1760309461966605,0.007231790867624131,-0.00047970900222415124,-0.0,-0.000223691981423015,0.0684475,1.2517174567116296,0.7446638323146194,-2.1319161430773046,9.207028162696213,6.794910982920036,1.4933121471452095,8.61116621308589,2.066557495745551,1.2424900647680959,-16.515372097392913,-5.559540110503376,-11.273585658441762
0.020534249999999997,0.0034223749999999996,6.0,0.6465786441161733,-0.13327001855287568,0.007231790867624131,-0.00040749130789011635,-0.0,-0.0001900163175007577,0.0684475,1.1786345217325456,0.5277532806792429,-2.184419577478843,9.970615042220478,5.365918687035364,-0.3743586277136051,6.991151895298969,0.1195451381415901,-1.880480999607039,-16.146027493648116,-3.6526749104822778,-10.090160180362068
0.020534249999999997,0.0034223749999999996,6.0,0.6029865105354685,-0.08967788497217066,0.007231790867624131,-0.0002758466206605684,-0.0,-0.00012862939169019992,0.0684475,0.9943536688207244,0.3114516314345917,-2.190377102990747,9.520666166454724,3.401297551432839,-5.0666399784851475,4.21189346493386,-1.0978779660376794,-3.0311777860238354,-14.154095853456422,-2.0288270429636195,-8.422788200417038
0.020534249999999997,0.0034223749999999996,6.0,0.5585631710178433,-0.045254545454545436,0.007231790867624131,-1.049504758152699e-5,-0.0,-4.893921059967133e-6,0.0684475,0.7401120587916497,0.14537205902803915,-1.982551127343034,7.3471355755515475,1.5875106300882602,-8.265637392498745,1.5936506544804563,-1.3478451896341936,-1.307681416315375,-10.783374441312592,-0.8910805509711527,-5.99929038591735
0.020534249999999997,0.0034223749999999996,6.0,0.5133086255632978,0.0,0.007231790867624131,-0.00017659100667489266,-0.0,-8.234573877380293e-5,0.0684475,0.5064608896274666,0.04637186491965383,-1.6270373987106859,4.614310273976614,0.46132175238039796,-7.56771646660312,0.20090757392846004,-1.0362911884143873,0.48392982126100537,-7.382344003324087,-0.2537699813080796,-3.5780190855622247
0.020534249999999997,0.0034223749999999996,6.0,0.5585631710178433,0.04525454545454546,0.007231790867624131,-0.00037505845859542715,-0.0,-0.00017489263149885715,0.0684475,0.7700026167060239,-0.010747751079463151,-1.91723240861869,7.698387398422452,-0.3370688200565335,-7.595684453541243,-1.0170262682178053,-1.8143836577153776,2.5513784195120484,-10.471759129819333,0.19232013885838908,-5.884003740707075
0.020534249999999997,0.0034223749999999996,6.0,0.6029865105354685,0.08967788497217068,0.007231790867624131,-0.0001331351421843271,-0.0,-6.208193637010635e-5,0.0684475,1.0765841080787093,-0.1635799338941907,-2.034581478739307,10.394210675966843,-2.5221961368559427,-3.7930394291866243,-3.769503225771548,-2.289988030294956,3.7555701773063785,-13.207022884853721,0.9929172626612754,-8.104222645671879
0.020534249999999997,0.0034223749999999996,6.0,0.6465786441161735,0.1332700185528757,0.007231790867624131,4.7733086146524246e-5,0.0,2.225830361749653e-5,0.0684475,1.3122075708062235,-0.42389710927269375,-1.9638258132676183,11.033033727467972,-5.470982886753066,0.7995872160311692,-7.208791442254533,-1.3568247148376036,1.5770409256906792,-14.606970643146179,2.145566373523836,-9.67620901263037
0.020534249999999997,0.0034223749999999996,6.0,0.6893395717599583,0.1760309461966605,0.007231790867624131,0.00025692729289553427,0.0,0.00011980716426622001,0.0684475,1.3990026317327342,-0.7174270742784808,-1.9063644007014953,9.894885495862814,-7.575289092741423,1.9807941047351545,-9.53666181275505,1.0700129960034757,-2.28308630526146,-14.870804630065768,3.76269981200491,-10.964898491866297
0.020534249999999997,0.0034223749999999996,6.0,0.7312692934668228,0.21796066790352506,0.007231790867624131,0.000552197641756303,0.0,0.00025749398916609454,0.0684475,1.365940652549065,-0.9507281809912684,-1.9985267583730377,8.494166857940291,-8.259330184764599,0.5235728359670279,-10.088346057902484,3.7557810383151398,-4.48534062314247,-14.917774936366325,5.77379258854703,-12.24994789625543
0.020534249999999997,0.0034223749999999996,6.0,0.7723678092367671,0.25905918367346936,0.007231790867624131,0.0008647527314398536,0.0,0.0004032408210808566,0.0684475,1.2893156481459354,-1.0902868595090656,-2.2031196952461594,7.6751665149723385,-8.103168204822893,-1.2211810026202636,-9.5567982584492,5.697193644378576,-4.5175077264732035,-15.186042120950788,7.895173317526878,-13.372360159350906
0.020534249999999997,0.0034223749999999996,6.0,0.8126351190697912,0.2993264935064935,0.007231790867624131,0.0011076899227063905,0.0,0.0005165242938191083,0.0684475,1.2211189423498412,-1.1550764126852089,-2.436784476460253,7.414703455100466,-7.750751216541471,-2.3250691854460888,-8.798150374567625,6.751762034086238,-3.464631355599276,-15.590838880195863,9.819152560091377,-14.1664654891867
0.020534249999999997,0.0034223749999999996,6.0,0.8520712229658951,0.33876259740259734,0.007231790867624131,0.0012496936555426625,0.0,0.0005827417219272585,0.0684475,1.1771360584101778,-1.1771517198046288,-2.6485425058027947,7.433776136740843,-7.489871268282769,-2.8318680290077967,-8.22242413641555,7.2025650440995515,-2.2033427033849846,-15.977095537712582,11.369039799380143,-14.636341180840393
0.020534249999999997,0.0034223749999999996,6.0,0.8906761209250788,0.377367495361781,0.007231790867624131,0.0013034980313450413,0.0,0.0006078311144061573,0.0684475,1.154048338850198,-1.1804752257073254,-2.821880848879569,7.529480245120057,-7.361863915173567,-3.0023181538149273,-7.890193394078032,7.34782011323358,-1.1136388850418375,-16.283350006620065,12.52327662959854,-14.877300358353642
0.020534249999999997,0.0034223749999999996,6.0,0.9284498129473423,0.41514118738404454,0.007231790867624131,0.0012965541610696458,0.0,0.0006045931345195055,0.0684475,1.1439532478592145,-1.1778944998167238,-2.9584425686391262,7.613294601436324,-7.322760919488349,-3.0353579703299283,-7.73313665254309,7.3724207975988785,-0.27716053268142843,-16.511099628693195,13.349348746364791,-14.985715399035197
0.020534249999999997,0.0034223749999999996,6.0,0.9653922990326854,0.45208367346938777,0.007231790867624131,0.0012541684759590185,0.0,0.0005848283649562737,0.0684475,1.140397968855883,-1.1747217934475722,-3.0656579838912137,7.663381914941873,-7.324808085252447,-3.0321970879656495,-7.673722317397393,7.3622914485519715,0.3451905618637081,-16.679246604702215,13.933671762655472,-15.025673363493846
0.020534249999999997,0.0034223749999999996,6.0,1.0015035791811084,0.4881949536178107,0.007231790867624131,0.0011941424992965828,0.0,0.0005568377923503467,0.0684475,1.1394320431750593,-1.172502308590093,-3.1508789223398406,7.683266861863252,-7.3380569768930926,-3.031696188333871,-7.659852923979515,7.347936510663094,0.8167376121240275,-16.804525523109465,14.34700738144938,-15.031203372526344
0.020534249999999997,0.0034223749999999996,6.0,1.0367836533926111,0.5234750278293134,0.007231790867624131,0.0011274363750577248,0.0,0.0005257322157719284,0.0684475,1.1389080901724495,-1.1712922461382658,-3.2187183567355975,7.681666101742244,-7.348145636960781,-3.0472710039046107,-7.663492961973004,7.3360313216945086,1.188306209377676,-16.896109230552135,14.638890728926006,-15.01769742343675
0.020534249999999997,0.0034223749999999996,6.0,1.0712325216671938,0.557923896103896,0.007231790867624131,0.0010605227129860206,0.0,0.000494529862712697,0.0684475,1.1380020959163697,-1.170788764247711,-3.275302042039148,7.665956337894972,-7.349885010501125,-3.0754451174347213,-7.67147405079573,7.32538392238514,1.494721771667576,-16.966983894199387,14.840528333164471,-14.991340260280106
0.020534249999999997,0.0034223749999999996,6.0,1.1048501840048561,0.5915415584415583,0.007231790867624131,0.0009971373061369718,0.0,0.0004649727620837153,0.0684475,1.1362345522958714,-1.1706404046008358,-3.3223441626678,7.641172092007313,-7.342330657797545,-3.117912584652421,-7.678468533831837,7.3134599669645,1.7567193801779404,-17.020909148188434,14.973152334443023,-14.954632058971809
0.020534249999999997,0.0034223749999999996,6.0,1.1376366404055982,0.6243280148423004,0.007231790867624131,0.0009403939997179103,0.0,0.0004385129237514712,0.0684475,1.1333657072913095,-1.1706236998765287,-3.3614947107998217,7.61022578331904,-7.325958940748684,-3.174144072487756,-7.682514933529585,7.298636622191417,1.987277371877179,-17.062129263310997,15.050423634640735,-14.908862405510455
0.020534249999999997,0.0034223749999999996,6.0,1.1695918908694203,0.6562832653061225,0.007231790867624131,0.0008901480763257758,0.0,0.00041508286488264954,0.0684475,1.1295650350030206,-1.1705106799297598,-3.3951105861365667,7.574753844592422,-7.301077707570333,-3.2412545456480983,-7.6845782492726515,7.279997579607251,2.200140056961061,-17.096181292531917,15.081082334839934,-14.854751424199677
0.020534249999999997,0.0034223749999999996,6.0,1.200715935396322,0.6874073098330241,0.007231790867624131,0.0008468188736725096,0.0,0.0003948781258636816,0.0684475,1.124700729216152,-1.1701729790392204,-3.423711739091013,7.534784153745289,-7.267162136766386,-3.3164062206020715,-7.684784435405334,7.2574944009781115,2.4037224958750936,-17.124734474468134,15.06998770906473,-14.792278554723403
0.020534249999999997,0.0034223749999999996,6.0,1.2310087739863034,0.7177001484230056,0.007231790867624131,0.0008116854705451152,0.0,0.0003784951509283308,0.0684475,1.1187397778949555,-1.1694479555288764,-3.447867125378748,7.489944416942127,-7.223142685446964,-3.3964864031432427,-7.683210310311415,7.2307895921732515,2.6049357459172295,-17.148911439194578,15.019095961587873,-14.72073400911538
0.020534249999999997,0.0034223749999999996,6.0,1.2604704066393646,0.7471617810760669,0.007231790867624131,0.0007844253511342756,0.0,0.00036578354848483655,0.0684475,1.1116536656804712,-1.1681680667253505,-3.4678851037405605,7.440084937398441,-7.167788581106866,-3.4800792089475383,-7.679364720114787,7.199133314267794,2.8079988370131543,-17.169070740106296,14.928248409827386,-14.639218251666236
0.020534249999999997,0.0034223749999999996,6.0,1.2891008333555056,0.7757922077922077,0.007231790867624131,0.0007649498093406755,0.0,0.00035670195419976316,0.0684475,1.1034462485638001,-1.1661740391224833,-3.483953388139209,7.385683094020227,-7.10000705077747,-3.567334309824284,-7.6724095778637045,7.161533889475693,3.0156836803070743,-17.185402317777292,14.79613350055004,-14.547216983495915
0.020534249999999997,0.0034223749999999996,6.0,1.3169000541347262,0.8035914285714285,0.007231790867624131,0.0007532399962105943,0.0,0.00035124157866164233,0.0684475,1.094174511416519,-1.1633234666303738,-3.49619780509317,7.327935528657734,-7.01884398910936,-3.6587610673346025,-7.66150858795374,7.116946700835649,3.230776532456177,-17.198136305182977,14.620665245438444,-14.444882229493375
0.020534249999999997,0.0034223749999999996,6.0,1.3438680689770266,0.830559443413729,0.007231790867624131,0.0007493193814340637,0.0,0.00034941336596667046,0.0684475,1.0839593049111735,-1.1594955190936376,-3.5046741898704754,7.268773020717154,-6.9235115246993635,-3.7541659065290505,-7.64604118270342,7.064286237730113,3.456628020913996,-17.207432983823193,14.399036863213748,-14.33305925844726
0.020534249999999997,0.0034223749999999996,6.0,1.3700048778824072,0.8566962523191094,0.007231790867624131,0.0007532220832833871,0.0,0.00035123322572650563,0.0684475,1.072989239485662,-1.1545981525610132,-3.5093370187382367,7.210862734756195,-6.81352661264818,-3.8520639448611598,-7.625764818378417,7.002365240520804,3.6970085010932543,-17.21316801350527,14.127687264903383,-14.213227975277
0.020534249999999997,0.0034223749999999996,6.0,1.3953104808508672,0.8820018552875695,0.007231790867624131,0.0007649660041026662,0.0,0.0003567095059413014,0.0684475,1.0615174456348706,-1.1485791683744846,-3.510011614419012,7.157527251971963,-6.688882915749015,-3.949401196667817,-7.601016306266636,6.929900652555272,3.9557001349106744,-17.214746058491695,13.802334219677807,-14.087427904527235
0.020534249999999997,0.0034223749999999996,6.0,1.4197848778824071,0.9064762523191093,0.007231790867624131,0.0007845103968556843,0.0,0.00036582320595602273,0.0684475,1.0498483030383343,-1.1414371334659075,-3.5063802941258553,7.112515703837797,-6.550146077137622,-4.041496190218168,-7.572941624010355,6.845636996193618,4.236017312459696,-17.210994817859973,13.418134753290907,-13.958152700031413
0.020534249999999997,0.0034223749999999996,6.0,1.443428068977027,0.9301194434137291,0.007231790867624131,0.0008118069193302384,0.0,0.0003785517834269074,0.0684475,1.038312470552274,-1.133226329140918,-3.4979874197321577,7.079621713341172,-6.398394736729236,-4.122238913592638,-7.54367559337765,6.74856438138053,4.540315229897919,-17.20015987764148,12.969993448711321,-13.8281860947217
0.020534249999999997,0.0034223749999999996,6.0,1.4662400541347262,0.9529314285714284,0.007231790867624131,0.0008475718029881913,0.0,0.0003952292225696334,0.0684475,1.0272317562181108,-1.1240508101745084,-3.4842660785599215,7.062195411079401,-6.234984755264506,-4.1845714646882035,-7.5163762361165265,6.638173456584141,4.8695366394572135,-17.180010831744724,12.453038843649182,-13.700368867663546
0.020534249999999997,0.0034223749999999996,6.0,1.4882208333555054,0.9749122077922078,0.007231790867624131,0.000890743489434037,0.0,0.00041536051057479754,0.0684475,1.016878343226107,-1.114045003955829,-3.4645845849135894,7.062627054850809,-6.061012513944366,-4.221163799845436,-7.495198554598346,6.5146834854920534,5.223196108054936,-17.1480576936231,11.8629519208395,-13.57731054034286
0.020534249999999997,0.0034223749999999996,6.0,1.5093704066393645,0.9960617810760668,0.007231790867624131,0.0009414151623795404,0.0,0.0004389890997208113,0.0684475,1.0074346398856606,-1.1033412971370673,-3.438304676791176,7.081892223913922,-5.876799560039473,-4.225092339701721,-7.484937766398067,6.379186906962163,5.599336679507843,-17.101852838898225,11.196659422961643,-13.461079130876087
0.020534249999999997,0.0034223749999999996,6.0,1.5296887739863032,1.0163801484230055,0.007231790867624131,0.0009994102630441674,0.0,0.00046603265929619697,0.0684475,0.9989603455197739,-1.0920284023997733,-3.404837885766147,7.119237032398476,-5.681204155928428,-4.190263601686804,-7.490683750948691,6.233671109958584,5.995165711837369,-17.03932408642756,10.452673766425866,-13.352908142357057
0.020534249999999997,0.0034223749999999996,6.0,1.5491759353963217,1.035867309833024,0.007231790867624131,0.001064422318956523,0.0,0.0004963482788405293,0.0684475,0.9913716984331806,-1.0801071127985549,-3.3636835423065268,7.172025546146668,-5.471079461839625,-4.111299505630634,-7.517395688752847,6.080922286621701,6.407969381603362,-16.959068699527744,9.631429590610496,-13.252947832768365
0.020534249999999997,0.0034223749999999996,6.0,1.56783189086942,1.0545232653061223,0.007231790867624131,0.0011360081613347433,0.0,0.0005297293053569701,0.0684475,0.9844338342128951,-1.0674508253176058,-3.314432658571752,7.235676709408295,-5.240938912307319,-3.9826743087083796,-7.5695900589804745,5.924389471642827,6.8363148483666265,-16.860547280175233,8.735533490941929,-13.160066181051121
0.020534249999999997,0.0034223749999999996,6.0,1.585656640405598,1.0723480148423004,0.007231790867624131,0.0012135861617291897,0.0,0.000565904521045252,0.0684475,0.9777621219786683,-1.0537764387406099,-3.2567286631905876,7.303553922270289,-4.982900043783832,-3.797122147924265,-7.651259184800669,5.768136464071063,7.281301507704976,-16.744143488603942,7.7700543735918135,-13.071690386341352
0.020534249999999997,0.0034223749999999996,6.0,1.6026501840048561,1.0893415584415584,0.007231790867624131,0.0012964636969945076,0.0,0.0006045509504284806,0.0684475,0.9708263244710248,-1.038629276636772,-3.1901901618071213,7.366746369419793,-4.686995533786733,-3.5437295899334558,-7.76598412569783,5.6169376094462,7.747444270199118,-16.611084796976805,6.743018473811301,-12.983683978865994
0.020534249999999997,0.0034223749999999996,6.0,1.6188125216671938,1.105503896103896,0.007231790867624131,0.0013839009035561914,0.0,0.0006453235894558744,0.0684475,0.9629569341199139,-1.0213877831298677,-3.1143232891236354,7.41394261284567,-4.342072594826881,-3.2066676247410664,-7.916930113020535,5.4763381569263325,8.24247056122282,-16.463240003354564,5.666203443629907,-12.890280769771998
0.020534249999999997,0.0034223749999999996,6.0,1.634143653392611,1.1208350278293133,0.007231790867624131,0.001475200751406823,0.0,0.0006878974076970099,0.0684475,0.9533655926666849,-1.001300649749789,-3.0284778171446205,7.431889487828243,-3.937598380837741,-2.7659502850861606,-8.106224140459407,5.352253297819581,8.775122891166982,-16.30282068259003,4.556101778918832,-12.784142785647816
0.020534249999999997,0.0034223749999999996,6.0,1.6486435791811085,1.1353349536178106,0.007231790867624131,0.0015698052265163678,0.0,0.0007320121989363248,0.0684475,0.9412015355173206,-0.9775730929827345,-2.931914570879109,7.406918908756702,-3.4664575519857537,-2.2013216456716744,-8.333424404409497,5.249741874526049,9.350574469198627,-16.132026608737217,3.434602498449211,-12.656660783282748
0.020534249999999997,0.0034223749999999996,6.0,1.6623122990326853,1.1490036734693876,0.007231790867624131,0.001667382777431678,0.0,0.0007775133581921431,0.0684475,0.9255775528794947,-0.9494900132799247,-2.823601207059819,7.327549979956301,-2.9281468570859492,-1.5008733820009539,-8.593245331415575,5.171071326533706,9.968090689578844,-15.94942255700438,2.326997301352362,-12.498621306490003
0.020534249999999997,0.0034223749999999996,6.0,1.6751498129473423,1.1618411873840446,0.007231790867624131,0.0017679114064466726,0.0,0.0008243906277656579,0.0684475,0.9060521760390677,-0.916664704484163,-2.7042349606592486,7.187155069387183,-2.331305254791083,-0.6606024904917877,-8.8749843284022,5.114222460681117,10.602284888467413,-15.762855679764568,1.2671451005126013,-12.3013775300683
0.020534249999999997,0.0034223749999999996,6.0,1.6871561209250787,1.173847495361781,0.007231790867624131,0.0018717850910848059,0.0,0.0008728277223931968,0.0684475,0.8822757598627947,-0.8790861333146992,-2.574115528706842,6.986097949254732,-1.6938326388969396,0.29949223572782463,-9.161424987149385,5.072141630180534,11.224322453391835,-15.569586110662678,0.2838929962572404,-12.058239579435265
0.020534249999999997,0.0034223749999999996,6.0,1.6983312229658951,1.1850225974025972,0.007231790867624131,0.0019799951275035975,0.0,0.0009232868910645106,0.0684475,0.854426819802611,-0.8372763486992684,-2.4350049328518395,6.731755220147007,-1.0407146443064905,1.3436764016402767,-9.432153140398835,5.034261543468743,11.792687617881862,-15.369772557487675,-0.5959690510007696,-11.766016763615747
0.020534249999999997,0.0034223749999999996,6.0,1.708675119069791,1.1953664935064934,0.007231790867624131,0.002094475695228421,0.0,0.0009766700565045278,0.0684475,0.8231326858665413,-0.7922460836236184,-2.2897176971592628,6.436992212957369,-0.3997625496815543,2.42417303305277,-9.667149877278986,4.989117795847488,12.265696635176328,-15.163561926331004,-1.3530261216284032,-11.42611000880486
0.020534249999999997,0.0034223749999999996,6.0,1.718187809236767,1.2048791836734694,0.007231790867624131,0.0022187918330556985,0.0,0.0010346396236056395,0.0684475,0.7893849017332302,-0.7453671632745618,-2.141870898585146,6.117595349484635,0.20307138774309658,3.489709913078354,-9.850636859587775,4.927279795216937,12.610799236899991,-14.951607143365182,-1.9774201945346188,-11.04487514470157
0.020534249999999997,0.0034223749999999996,6.0,1.7268692934668224,1.2135606679035247,0.007231790867624131,0.00235958586897697,0.0,0.0011002929607782784,0.0684475,0.7543948757869163,-0.698185545131464,-1.9954740323098599,5.789651743312961,0.7473688997379088,4.493975313926427,-9.973653773145747,4.843467677425112,12.811004503341024,-14.735516175748469,-2.469115509945847,-10.633119420738076
0.020534249999999997,0.0034223749999999996,6.0,1.734719571759958,1.2214109461966602,0.007231790867624131,0.0025298935503258175,0.0,0.0011797087368338674,0.0684475,0.7194348082493406,-0.6522298243711216,-1.85448328231503,5.467574486695921,1.2200584712226015,5.401627989794455,-10.034743991465424,4.737304422910132,12.866734401523734,-14.518100029534835,-2.836336248408184,-10.204878909606055
0.020534249999999997,0.0034223749999999996,6.0,1.7417386441161733,1.2284300185528756,0.007231790867624131,0.0027581955087723382,0.0,0.001286167688429264,0.0684475,0.6857024689283432,-0.6088594885466488,-1.7224311737123188,5.16302983694524,1.6152127205844131,6.190906053203281,-10.038799946440559,4.612786543453419,12.793147363118756,-14.30336350707401,-3.0925329206222787,-9.775816380398664
0.020534249999999997,0.0034223749999999996,6.0,1.7479265105354682,1.2346178849721705,0.007231790867624131,0.003117264512468137,0.0,0.0014536043146587006,0.0684475,0.6542309570264182,-0.5691747814679213,-1.6021947245499377,4.884665231457544,1.9319045640392027,6.85316293382043,-9.99426748621862,4.476959881086601,12.613544443435075,-14.09626475714028,-3.251688956626504,-9.361625112544147
0.020534249999999997,0.0034223749999999996,6.0,1.7532831710178431,1.2399745454545454,0.007231790867624131,0.0038668006033185827,0.0,0.0018031187338858243,0.0684475,0.6258467181160539,-0.5339882086526373,-1.4959125784552034,4.638372190176971,2.1679108878768223,7.390363200518992,-9.906528712265423,4.338367840250554,12.344472130206684,-13.902324813983727,-3.316367121927526,-8.976740030427527
0.020534249999999997,0.0034223749999999996,6.0,1.7578086255632976,1.2445,0.007231790867624131,0.007296828622650406,0.0,0.0034025670669864754,0.0684475,0.6011671246426227,-0.5038437593932715,-1.405024125524242,4.427813255175184,2.261001760850596,7.811682519596138,-9.719157567209166,4.205695347067742,11.869177761805215,-13.727184298027932,-3.154101465820004,-8.633508602242927
0.020534249999999997,0.0034223749999999996,6.0,1.7555458982905703,-1.2422372727272726,0.007231790867624131,1.4471879431828307e-5,-1.4471879431828307e-5,0.0,0.0684475,0.0,0.0,0.0,0.0,0.0,0.0,0.0,0.0,0.0,0.0,0.0,0.0
0.020534249999999997,0.0034223749999999996,6.0,1.7506048407766557,-1.237296215213358,0.007231790867624131,5.0170162022593397e-5,-5.0170162022593397e-5,0.0,0.0684475,0.0,0.0,0.0,0.0,0.0,0.0,0.0,0.0,0.0,0.0,0.0,0.0
0.020534249999999997,0.0034223749999999996,6.0,1.7448325773258209,-1.2315239517625232,0.007231790867624131,7.808413178442138e-5,-7.808413178442138e-5,0.0,0.0684475,0.0,0.0,0.0,0.0,0.0,0.0,0.0,0.0,0.0,0.0,0.0,0.0
0.020534249999999997,0.0034223749999999996,6.0,1.7382291079380658,-1.2249204823747681,0.007231790867624131,0.00011137842399992534,-0.00011137842399992534,0.0,0.0684475,0.0,0.0,0.0,0.0,0.0,0.0,0.0,0.0,0.0,0.0,0.0,0.0
0.020534249999999997,0.0034223749999999996,6.0,1.7307944326133904,-1.2174858070500927,0.007231790867624131,0.00015091118371403793,-0.00015091118371403793,0.0,0.0684475,0.0,0.0,0.0,0.0,0.0,0.0,0.0,0.0,0.0,0.0,0.0,0.0
0.020534249999999997,0.0034223749999999996,6.0,1.7225285513517947,-1.209219925788497,0.007231790867624131,0.0001973805935365171,-0.0001973805935365171,0.0,0.0684475,0.0,0.0,0.0,0.0,0.0,0.0,0.0,0.0,0.0,0.0,0.0,0.0
0.020534249999999997,0.0034223749999999996,6.0,1.713431464153279,-1.2001228385899814,0.007231790867624131,0.00025142624079848734,-0.00025142624079848734,0.0,0.0684475,0.0,0.0,0.0,0.0,0.0,0.0,0.0,0.0,0.0,0.0,0.0,0.0
0.020534249999999997,0.0034223749999999996,6.0,1.7035031710178432,-1.1901945454545455,0.007231790867624131,0.00031359815077228295,-0.00031359815077228295,0.0,0.0684475,0.0,0.0,0.0,0.0,0.0,0.0,0.0,0.0,0.0,0.0,0.0,0.0
0.020534249999999997,0.0034223749999999996,6.0,1.692743671945487,-1.1794350463821892,0.007231790867624131,0.0003843405440390832,-0.0003843405440390832,0.0,0.0684475,0.0,0.0,0.0,0.0,0.0,0.0,0.0,0.0,0.0,0.0,0.0,0.0
0.020534249999999997,0.0034223749999999996,6.0,1.6811529669362104,-1.1678443413729127,0.007231790867624131,0.0004639696224653656,-0.0004639696224653656,0.0,0.0684475,0.0,0.0,0.0,0.0,0.0,0.0,0.0,0.0,0.0,0.0,0.0,0.0
0.020534249999999997,0.0034223749999999996,6.0,1.668731055990014,-1.155422430426716,0.007231790867624131,0.0005526532563780816,-0.0005526532563780915,0.0,0.0684475,0.0,0.0,0.0,0.0,0.0,0.0,0.0,0.0,0.0,0.0,0.0,0.0
0.020534249999999997,0.0034223749999999996,6.0,1.655477939106897,-1.142169313543599,0.007231790867624131,0.0006503956200727102,-0.0006503956200727102,0.0,0.0684475,0.0,0.0,0.0,0.0,0.0,0.0,0.0,0.0,0.0,0.0,0.0,0.0
0.020534249999999997,0.0034223749999999996,6.0,1.6413936162868599,-1.1280849907235622,0.007231790867624131,0.000757028812919425,-0.0007570288129194131,0.0,0.0684475,0.0,0.0,0.0,0.0,0.0,0.0,0.0,0.0,0.0,0.0,0.0,0.0
0.020534249999999997,0.0034223749999999996,6.0,1.6264780875299025,-1.1131694619666048,0.007231790867624131,0.0008722129541352057,-0.0008722129541352057,0.0,0.0684475,0.0,0.0,0.0,0.0,0.0,0.0,0.0,0.0,0.0,0.0,0.0,0.0
0.020534249999999997,0.0034223749999999996,6.0,1.610731352836025,-1.0974227272727273,0.007231790867624131,0.0009954456651837169,-0.0009954456651837169,0.0,0.0684475,0.0,0.0,0.0,0.0,0.0,0.0,0.0,0.0,0.0,0.0,0.0,0.0
0.020534249999999997,0.0034223749999999996,6.0,1.5941534122052272,-1.0808447866419295,0.007231790867624131,0.0011260810860771408,-0.0011260810860771408,0.0,0.0684475,0.0,0.0,0.0,0.0,0.0,0.0,0.0,0.0,0.0,0.0,0.0,0.0
0.020534249999999997,0.0034223749999999996,6.0,1.5767442656375092,-1.0634356400742115,0.007231790867624131,0.0012633576505248585,-0.0012633576505248585,0.0,0.0684475,0.0,0.0,0.0,0.0,0.0,0.0,0.0,0.0,0.0,0.0,0.0,0.0
0.020534249999999997,0.0034223749999999996,6.0,1.5585039131328708,-1.0451952875695731,0.007231790867624131,0.0014064329658253164,-0.0014064329658253164,0.0,0.0684475,0.0,0.0,0.0,0.0,0.0,0.0,0.0,0.0,0.0,0.0,0.0,0.0
0.020534249999999997,0.0034223749999999996,6.0,1.5394323546913125,-1.0261237291280147,0.007231790867624131,0.0015544234433154884,-0.0015544234433154884,0.0,0.0684475,0.0,0.0,0.0,0.0,0.0,0.0,0.0,0.0,0.0,0.0,0.0,0.0
0.020534249999999997,0.0034223749999999996,6.0,1.5195295903128339,-1.0062209647495362,0.007231790867624131,0.0017064457290805763,-0.0017064457290805763,0.0,0.0684475,0.0,0.0,0.0,0.0,0.0,0.0,0.0,0.0,0.0,0.0,0.0,0.0
0.020534249999999997,0.0034223749999999996,6.0,1.4987956199974348,-0.9854869944341371,0.007231790867624131,0.0018616566011948929,-0.0018616566011948929,0.0,0.0684475,0.0,0.0,0.0,0.0,0.0,0.0,0.0,0.0,0.0,0.0,0.0,0.0
0.020534249999999997,0.0034223749999999996,6.0,1.4772304437451158,-0.9639218181818181,0.007231790867624131,0.002019289064392191,-0.002019289064392191,0.0,0.0684475,0.0,0.0,0.0,0.0,0.0,0.0,0.0,0.0,0.0,0.0,0.0,0.0
0.020534249999999997,0.0034223749999999996,6.0,1.4548340615558766,-0.9415254359925787,0.007231790867624131,0.002178688851216776,-0.002178688851216798,0.0,0.0684475,0.0,0.0,0.0,0.0,0.0,0.0,0.0,0.0,0.0,0.0,0.0,0.0
0.020534249999999997,0.0034223749999999996,6.0,1.431606473429717,-0.9182978478664192,0.007231790867624131,0.00233942747660136,-0.0023394274766013376,0.0,0.0684475,0.0,0.0,0.0,0.0,0.0,0.0,0.0,0.0,0.0,0.0,0.0,0.0
0.020534249999999997,0.0034223749999999996,6.0,1.407547679366637,-0.8942390538033395,0.007231790867624131,0.0025007130181202777,-0.0025007130181202665,0.0,0.0684475,0.0,0.0,0.0,0.0,0.0,0.0,0.0,0.0,0.0,0.0,0.0,0.0
0.020534249999999997,0.0034223749999999996,6.0,1.3826576793666372,-0.8693490538033395,0.007231790867624131,0.0026622087756092054,-0.0026622087756092176,0.0,0.0684475,0.0,0.0,0.0,0.0,0.0,0.0,0.0,0.0,0.0,0.0,0.0,0.0
0.020534249999999997,0.0034223749999999996,6.0,1.3569364734297171,-0.8436278478664192,0.007231790867624131,0.002823651086958772,-0.0028236510869587964,0.0,0.0684475,0.0,0.0,0.0,0.0,0.0,0.0,0.0,0.0,0.0,0.0,0.0,0.0
0.020534249999999997,0.0034223749999999996,6.0,1.3303840615558766,-0.8170754359925788,0.007231790867624131,0.0029847643694148893,-0.0029847643694148767,0.0,0.0684475,0.0,0.0,0.0,0.0,0.0,0.0,0.0,0.0,0.0,0.0,0.0,0.0
0.020534249999999997,0.0034223749999999996,6.0,1.303000443745116,-0.7896918181818181,0.007231790867624131,0.003145201830102618,-0.003145201830102618,0.0,0.0684475,0.0,0.0,0.0,0.0,0.0,0.0,0.0,0.0,0.0,0.0,0.0,0.0
0.020534249999999997,0.0034223749999999996,6.0,1.274785619997435,-0.7614769944341372,0.007231790867624131,0.00330450605230266,-0.00330450605230266,0.0,0.0684475,0.0,0.0,0.0,0.0,0.0,0.0,0.0,0.0,0.0,0.0,0.0,0.0
0.020534249999999997,0.0034223749999999996,6.0,1.2457395903128339,-0.7324309647495361,0.007231790867624131,0.003462126755726516,-0.003462126755726516,0.0,0.0684475,0.0,0.0,0.0,0.0,0.0,0.0,0.0,0.0,0.0,0.0,0.0,0.0
0.020534249999999997,0.0034223749999999996,6.0,1.2158623546913125,-0.7025537291280147,0.007231790867624131,0.0036174320145426456,-0.0036174320145426456,0.0,0.0684475,0.0,0.0,0.0,0.0,0.0,0.0,0.0,0.0,0.0,0.0,0.0,0.0
0.020534249999999997,0.0034223749999999996,6.0,1.185153913132871,-0.6718452875695733,0.007231790867624131,0.003769564446038486,-0.0037695644460384726,0.0,0.0684475,0.0,0.0,0.0,0.0,0.0,0.0,0.0,0.0,0.0,0.0,0.0,0.0
0.020534249999999997,0.0034223749999999996,6.0,1.1536142656375092,-0.6403056400742115,0.007231790867624131,0.003916484338133915,-0.003916484338133915,0.0,0.0684475,0.0,0.0,0.0,0.0,0.0,0.0,0.0,0.0,0.0,0.0,0.0,0.0
0.020534249999999997,0.0034223749999999996,6.0,1.1212434122052273,-0.6079347866419293,0.007231790867624131,0.004059793179225771,-0.004059793179225799,0.0,0.0684475,0.0,0.0,0.0,0.0,0.0,0.0,0.0,0.0,0.0,0.0,0.0,0.0
0.020534249999999997,0.0034223749999999996,6.0,1.088041352836025,-0.5747327272727272,0.007231790867624131,0.004197329001027103,-0.004197329001027103,0.0,0.0684475,0.0,0.0,0.0,0.0,0.0,0.0,0.0,0.0,0.0,0.0,0.0,0.0
0.020534249999999997,0.0034223749999999996,6.0,1.0540080875299025,-0.5406994619666047,0.007231790867624131,0.004325600281621142,-0.004325600281621128,0.0,0.0684475,0.0,0.0,0.0,0.0,0.0,0.0,0.0,0.0,0.0,0.0,0.0,0.0
0.020534249999999997,0.0034223749999999996,6.0,1.01914361628686,-0.505834990723562,0.007231790867624131,0.004440967705639139,-0.0044409677056391535,0.0,0.0684475,0.0,0.0,0.0,0.0,0.0,0.0,0.0,0.0,0.0,0.0,0.0,0.0
0.020534249999999997,0.0034223749999999996,6.0,0.983447939106897,-0.47013931354359917,0.007231790867624131,0.004538639470725,-0.004538639470725,0.0,0.0684475,0.0,0.0,0.0,0.0,0.0,0.0,0.0,0.0,0.0,0.0,0.0,0.0
0.020534249999999997,0.0034223749999999996,6.0,0.946921055990014,-0.43361243042671616,0.007231790867624131,0.004612151399883474,-0.004612151399883474,0.0,0.0684475,0.0,0.0,0.0,0.0,0.0,0.0,0.0,0.0,0.0,0.0,0.0,0.0
0.020534249999999997,0.0034223749999999996,6.0,0.9095629669362105,-0.3962543413729129,0.007231790867624131,0.004652977618665522,-0.004652977618665501,0.0,0.0684475,0.0,0.0,0.0,0.0,0.0,0.0,0.0,0.0,0.0,0.0,0.0,0.0
0.020534249999999997,0.0034223749999999996,6.0,0.8713736719454871,-0.3580650463821893,0.007231790867624131,0.004651959579271321,-0.004651959579271342,0.0,0.0684475,0.0,0.0,0.0,0.0,0.0,0.0,0.0,0.0,0.0,0.0,0.0,0.0
0.020534249999999997,0.0034223749999999996,6.0,0.8323531710178432,-0.3190445454545454,0.007231790867624131,0.004603964569974737,-0.004603964569974737,0.0,0.0684475,0.0,0.0,0.0,0.0,0.0,0.0,0.0,0.0,0.0,0.0,0.0,0.0
0.020534249999999997,0.0034223749999999996,6.0,0.7925014641532792,-0.27919283858998134,0.007231790867624131,0.004515586453608606,-0.004515586453608606,0.0,0.0684475,0.0,0.0,0.0,0.0,0.0,0.0,0.0,0.0,0.0,0.0,0.0,0.0
0.020534249999999997,0.0034223749999999996,6.0,0.7518185513517949,-0.23850992578849706,0.007231790867624131,0.004410693967841805,-0.004410693967841805,0.0,0.0684475,0.0,0.0,0.0,0.0,0.0,0.0,0.0,0.0,0.0,0.0,0.0,0.0
0.020534249999999997,0.0034223749999999996,6.0,0.7103044326133904,-0.19699580705009268,0.007231790867624131,0.0043183101278686815,-0.00431831012786867,0.0,0.0684475,0.0,0.0,0.0,0.0,0.0,0.0,0.0,0.0,0.0,0.0,0.0,0.0
0.020534249999999997,0.0034223749999999996,6.0,0.6679591079380657,-0.15465048237476808,0.007231790867624131,0.004234039557441452,-0.0042340395574414404,0.0,0.0684475,0.0,0.0,0.0,0.0,0.0,0.0,0.0,0.0,0.0,0.0,0.0,0.0
0.020534249999999997,0.0034223749999999996,6.0,0.6247825773258209,-0.11147395176252317,0.007231790867624131,0.004107457746965965,-0.004107457746965976,0.0,0.0684475,0.0,0.0,0.0,0.0,0.0,0.0,0.0,0.0,0.0,0.0,0.0,0.0
0.020534249999999997,0.0034223749999999996,6.0,0.5807748407766559,-0.06746621521335805,0.007231790867624131,0.003917829611482547,-0.003917829611482558,0.0,0.0684475,0.0,0.0,0.0,0.0,0.0,0.0,0.0,0.0,0.0,0.0,0.0,0.0
0.020534249999999997,0.0034223749999999996,6.0,0.5359358982905705,-0.022627272727272718,0.007231790867624131,0.0037375689010623425,-0.0037375689010623425,0.0,0.0684475,0.0,0.0,0.0,0.0,0.0,0.0,0.0,0.0,0.0,0.0,0.0,0.0
0.020534249999999997,0.0034223749999999996,6.0,0.5359358982905705,0.02262727272727273,0.007231790867624131,0.0,-0.0037230705197107603,0.0,0.0684475,0.0,0.0,0.0,0.0,0.0,0.0,0.0,0.0,0.0,0.0,0.0,0.0
0.020534249999999997,0.0034223749999999996,6.0,0.5807748407766559,0.06746621521335806,0.007231790867624131,-0.0038363471774416533,-0.0038363471774416533,0.0,0.0684475,0.0,0.0,0.0,0.0,0.0,0.0,0.0,0.0,0.0,0.0,0.0,0.0
0.020534249999999997,0.0034223749999999996,6.0,0.624782577325821,0.1114739517625232,0.007231790867624131,-0.003920631711375321,-0.0039206317113753214,0.0,0.0684475,0.0,0.0,0.0,0.0,0.0,0.0,0.0,0.0,0.0,0.0,0.0,0.0
0.020534249999999997,0.0034223749999999996,6.0,0.6679591079380659,0.15465048237476808,0.007231790867624131,-0.0039652568973382405,-0.003965256897338238,0.0,0.0684475,0.0,0.0,0.0,0.0,0.0,0.0,0.0,0.0,0.0,0.0,0.0,0.0
0.020534249999999997,0.0034223749999999996,6.0,0.7103044326133906,0.19699580705009279,0.007231790867624131,-0.004029076378920265,-0.004029076378920265,0.0,0.0684475,0.0,0.0,0.0,0.0,0.0,0.0,0.0,0.0,0.0,0.0,0.0,0.0
0.020534249999999997,0.0034223749999999996,6.0,0.7518185513517949,0.23850992578849722,0.007231790867624131,-0.004168237754909229,-0.004168237754909245,0.0,0.0684475,0.0,0.0,0.0,0.0,0.0,0.0,0.0,0.0,0.0,0.0,0.0,0.0
0.020534249999999997,0.0034223749999999996,6.0,0.7925014641532792,0.27919283858998145,0.007231790867624131,-0.004357199655479871,-0.004357199655479865,0.0,0.0684475,0.0,0.0,0.0,0.0,0.0,0.0,0.0,0.0,0.0,0.0,0.0,0.0
0.020534249999999997,0.0034223749999999996,6.0,0.8323531710178432,0.3190445454545454,0.007231790867624131,-0.004533259171340995,-0.004533259171340982,0.0,0.0684475,0.0,0.0,0.0,0.0,0.0,0.0,0.0,0.0,0.0,0.0,0.0,0.0
0.020534249999999997,0.0034223749999999996,6.0,0.8713736719454869,0.35806504638218917,0.007231790867624131,-0.004653455696302171,-0.004653455696302184,0.0,0.0684475,0.0,0.0,0.0,0.0,0.0,0.0,0.0,0.0,0.0,0.0,0.0,0.0
0.020534249999999997,0.0034223749999999996,6.0,0.9095629669362105,0.39625434137291277,0.007231790867624131,-0.004705818700607817,-0.004705818700607811,0.0,0.0684475,0.0,0.0,0.0,0.0,0.0,0.0,0.0,0.0,0.0,0.0,0.0,0.0
0.020534249999999997,0.0034223749999999996,6.0,0.9469210559900139,0.43361243042671616,0.007231790867624131,-0.0046975867588745146,-0.0046975867588745215,0.0,0.0684475,0.0,0.0,0.0,0.0,0.0,0.0,0.0,0.0,0.0,0.0,0.0,0.0
0.020534249999999997,0.0034223749999999996,6.0,0.9834479391068969,0.4701393135435992,0.007231790867624131,-0.0046426919278691435,-0.0046426919278691504,0.0,0.0684475,0.0,0.0,0.0,0.0,0.0,0.0,0.0,0.0,0.0,0.0,0.0,0.0
0.020534249999999997,0.0034223749999999996,6.0,1.0191436162868597,0.5058349907235621,0.007231790867624131,-0.004554604821687656,-0.0045546048216876765,0.0,0.0684475,0.0,0.0,0.0,0.0,0.0,0.0,0.0,0.0,0.0,0.0,0.0,0.0
0.020534249999999997,0.0034223749999999996,6.0,1.0540080875299025,0.5406994619666048,0.007231790867624131,-0.004443810928540378,-0.004443810928540363,0.0,0.0684475,0.0,0.0,0.0,0.0,0.0,0.0,0.0,0.0,0.0,0.0,0.0,0.0
0.020534249999999997,0.0034223749999999996,6.0,1.088041352836025,0.5747327272727272,0.007231790867624131,-0.004317744612699016,-0.004317744612698987,0.0,0.0684475,0.0,0.0,0.0,0.0,0.0,0.0,0.0,0.0,0.0,0.0,0.0,0.0
0.020534249999999997,0.0034223749999999996,6.0,1.1212434122052273,0.6079347866419293,0.007231790867624131,-0.004181425184537714,-0.004181425184537714,0.0,0.0684475,0.0,0.0,0.0,0.0,0.0,0.0,0.0,0.0,0.0,0.0,0.0,0.0
0.020534249999999997,0.0034223749999999996,6.0,1.1536142656375092,0.6403056400742114,0.007231790867624131,-0.004038922106320728,-0.004038922106320742,0.0,0.0684475,0.0,0.0,0.0,0.0,0.0,0.0,0.0,0.0,0.0,0.0,0.0,0.0
0.020534249999999997,0.0034223749999999996,6.0,1.185153913132871,0.6718452875695733,0.007231790867624131,-0.003892700578053823,-0.003892700578053837,0.0,0.0684475,0.0,0.0,0.0,0.0,0.0,0.0,0.0,0.0,0.0,0.0,0.0,0.0
0.020534249999999997,0.0034223749999999996,6.0,1.2158623546913125,0.7025537291280148,0.007231790867624131,-0.0037411595543778327,-0.0037411595543778327,0.0,0.0684475,0.0,0.0,0.0,0.0,0.0,0.0,0.0,0.0,0.0,0.0,0.0,0.0
0.020534249999999997,0.0034223749999999996,6.0,1.2457395903128339,0.7324309647495362,0.007231790867624131,-0.003586412463283359,-0.003586412463283359,0.0,0.0684475,0.0,0.0,0.0,0.0,0.0,0.0,0.0,0.0,0.0,0.0,0.0,0.0
0.020534249999999997,0.0034223749999999996,6.0,1.274785619997435,0.7614769944341373,0.007231790867624131,-0.003429238273190347,-0.003429238273190347,0.0,0.0684475,0.0,0.0,0.0,0.0,0.0,0.0,0.0,0.0,0.0,0.0,0.0,0.0
0.020534249999999997,0.0034223749999999996,6.0,1.303000443745116,0.7896918181818181,0.007231790867624131,-0.0032700959951862322,-0.0032700959951862192,0.0,0.0684475,0.0,0.0,0.0,0.0,0.0,0.0,0.0,0.0,0.0,0.0,0.0,0.0
0.020534249999999997,0.0034223749999999996,6.0,1.3303840615558764,0.8170754359925787,0.007231790867624131,-0.0031093312724573725,-0.003109331272457385,0.0,0.0684475,0.0,0.0,0.0,0.0,0.0,0.0,0.0,0.0,0.0,0.0,0.0,0.0
0.020534249999999997,0.0034223749999999996,6.0,1.356936473429717,0.8436278478664192,0.007231790867624131,-0.002947255876726201,-0.002947255876726201,0.0,0.0684475,0.0,0.0,0.0,0.0,0.0,0.0,0.0,0.0,0.0,0.0,0.0,0.0
0.020534249999999997,0.0034223749999999996,6.0,1.3826576793666372,0.8693490538033395,0.007231790867624131,-0.0027841854166740887,-0.0027841854166740887,0.0,0.0684475,0.0,0.0,0.0,0.0,0.0,0.0,0.0,0.0,0.0,0.0,0.0,0.0
0.020534249999999997,0.0034223749999999996,6.0,1.407547679366637,0.8942390538033393,0.007231790867624131,-0.00262045914240712,-0.00262045914240712,0.0,0.0684475,0.0,0.0,0.0,0.0,0.0,0.0,0.0,0.0,0.0,0.0,0.0,0.0
0.020534249999999997,0.0034223749999999996,6.0,1.431606473429717,0.9182978478664192,0.007231790867624131,-0.0024564378461858294,-0.0024564378461858294,0.0,0.0684475,0.0,0.0,0.0,0.0,0.0,0.0,0.0,0.0,0.0,0.0,0.0,0.0
0.020534249999999997,0.0034223749999999996,6.0,1.4548340615558766,0.9415254359925788,0.007231790867624131,-0.0022925329274441856,-0.0022925329274441747,0.0,0.0684475,0.0,0.0,0.0,0.0,0.0,0.0,0.0,0.0,0.0,0.0,0.0,0.0
0.020534249999999997,0.0034223749999999996,6.0,1.4772304437451158,0.9639218181818181,0.007231790867624131,-0.002129623805325904,-0.0021296238053259142,0.0,0.0684475,0.0,0.0,0.0,0.0,0.0,0.0,0.0,0.0,0.0,0.0,0.0,0.0
0.020534249999999997,0.0034223749999999996,6.0,1.4987956199974348,0.9854869944341373,0.007231790867624131,-0.0019681494467484527,-0.001968149446748473,0.0,0.0684475,0.0,0.0,0.0,0.0,0.0,0.0,0.0,0.0,0.0,0.0,0.0,0.0
0.020534249999999997,0.0034223749999999996,6.0,1.5195295903128339,1.0062209647495362,0.007231790867624131,-0.0018087699098166638,-0.0018087699098166446,0.0,0.0684475,0.0,0.0,0.0,0.0,0.0,0.0,0.0,0.0,0.0,0.0,0.0,0.0
0.020534249999999997,0.0034223749999999996,6.0,1.5394323546913125,1.0261237291280147,0.007231790867624131,-0.0016522547732999754,-0.0016522547732999754,0.0,0.0684475,0.0,0.0,0.0,0.0,0.0,0.0,0.0,0.0,0.0,0.0,0.0,0.0
0.020534249999999997,0.0034223749999999996,6.0,1.5585039131328708,1.0451952875695731,0.007231790867624131,-0.001499455388401558,-0.001499455388401558,0.0,0.0684475,0.0,0.0,0.0,0.0,0.0,0.0,0.0,0.0,0.0,0.0,0.0,0.0
0.020534249999999997,0.0034223749999999996,6.0,1.576744265637509,1.0634356400742113,0.007231790867624131,-0.0013512757073307793,-0.0013512757073307793,0.0,0.0684475,0.0,0.0,0.0,0.0,0.0,0.0,0.0,0.0,0.0,0.0,0.0,0.0
0.020534249999999997,0.0034223749999999996,6.0,1.594153412205227,1.0808447866419293,0.007231790867624131,-0.0012086353811264136,-0.0012086353811264136,0.0,0.0684475,0.0,0.0,0.0,0.0,0.0,0.0,0.0,0.0,0.0,0.0,0.0,0.0
0.020534249999999997,0.0034223749999999996,6.0,1.610731352836025,1.0974227272727273,0.007231790867624131,-0.0010724271052282397,-0.0010724271052282397,0.0,0.0684475,0.0,0.0,0.0,0.0,0.0,0.0,0.0,0.0,0.0,0.0,0.0,0.0
0.020534249999999997,0.0034223749999999996,6.0,1.6264780875299023,1.1131694619666046,0.007231790867624131,-0.000943472954595498,-0.000943472954595498,0.0,0.0684475,0.0,0.0,0.0,0.0,0.0,0.0,0.0,0.0,0.0,0.0,0.0,0.0
0.020534249999999997,0.0034223749999999996,6.0,1.6413936162868599,1.128084990723562,0.007231790867624131,-0.0008224846408387887,-0.0008224846408387764,0.0,0.0684475,0.0,0.0,0.0,0.0,0.0,0.0,0.0,0.0,0.0,0.0,0.0,0.0
0.020534249999999997,0.0034223749999999996,6.0,1.6554779391068968,1.142169313543599,0.007231790867624131,-0.0007100314464331983,-0.0007100314464332095,0.0,0.0684475,0.0,0.0,0.0,0.0,0.0,0.0,0.0,0.0,0.0,0.0,0.0,0.0
0.020534249999999997,0.0034223749999999996,6.0,1.668731055990014,1.1554224304267162,0.007231790867624131,-0.0006065179458827046,-0.0006065179458827046,0.0,0.0684475,0.0,0.0,0.0,0.0,0.0,0.0,0.0,0.0,0.0,0.0,0.0,0.0
0.020534249999999997,0.0034223749999999996,6.0,1.6811529669362104,1.1678443413729127,0.007231790867624131,-0.0005121721018693279,-0.0005121721018693279,0.0,0.0684475,0.0,0.0,0.0,0.0,0.0,0.0,0.0,0.0,0.0,0.0,0.0,0.0
0.020534249999999997,0.0034223749999999996,6.0,1.692743671945487,1.179435046382189,0.007231790867624131,-0.0004270432066180007,-0.0004270432066179925,0.0,0.0684475,0.0,0.0,0.0,0.0,0.0,0.0,0.0,0.0,0.0,0.0,0.0,0.0
0.020534249999999997,0.0034223749999999996,6.0,1.7035031710178432,1.1901945454545453,0.007231790867624131,-0.00035100843682584073,-0.00035100843682584073,0.0,0.0684475,0.0,0.0,0.0,0.0,0.0,0.0,0.0,0.0,0.0,0.0,0.0,0.0
0.020534249999999997,0.0034223749999999996,6.0,1.713431464153279,1.2001228385899814,0.007231790867624131,-0.00028378632045260603,-0.00028378632045261237,0.0,0.0684475,0.0,0.0,0.0,0.0,0.0,0.0,0.0,0.0,0.0,0.0,0.0,0.0
0.020534249999999997,0.0034223749999999996,6.0,1.7225285513517947,1.209219925788497,0.007231790867624131,-0.00022495485152955382,-0.00022495485152955382,0.0,0.0684475,0.0,0.0,0.0,0.0,0.0,0.0,0.0,0.0,0.0,0.0,0.0,0.0
0.020534249999999997,0.0034223749999999996,6.0,1.7307944326133902,1.2174858070500925,0.007231790867624131,-0.00017397069525878562,-0.00017397069525878562,0.0,0.0684475,0.0,0.0,0.0,0.0,0.0,0.0,0.0,0.0,0.0,0.0,0.0,0.0
0.020534249999999997,0.0034223749999999996,6.0,1.7382291079380656,1.224920482374768,0.007231790867624131,-0.00013018002950405047,-0.00013018002950405047,0.0,0.0684475,0.0,0.0,0.0,0.0,0.0,0.0,0.0,0.0,0.0,0.0,0.0,0.0
0.020534249999999997,0.0034223749999999996,6.0,1.7448325773258209,1.2315239517625232,0.007231790867624131,-9.283920695523241e-5,-9.283920695523241e-5,0.0,0.0684475,0.0,0.0,0.0,0.0,0.0,0.0,0.0,0.0,0.0,0.0,0.0,0.0
0.020534249999999997,0.0034223749999999996,6.0,1.7506048407766557,1.237296215213358,0.007231790867624131,-6.097638032904378e-5,-6.097638032904378e-5,0.0,0.0684475,0.0,0.0,0.0,0.0,0.0,0.0,0.0,0.0,0.0,0.0,0.0,0.0
0.020534249999999997,0.0034223749999999996,6.0,1.7555458982905703,1.2422372727272726,0.007231790867624131,-3.290851540232447e-5,-3.290851540232447e-5,0.0,0.0684475,0.0,0.0,0.0,0.0,0.0,0.0,0.0,0.0,0.0,0.0,0.0,0.0
