t,dt,step,x,y,z,Gamma_x,Gamma_y,Gamma_z,sigma,U_ref_x,U_ref_y,U_ref_z,Gx_ref_x,Gx_ref_y,Gx_ref_z,Gy_ref_x,Gy_ref_y,Gy_ref_z,Gz_ref_x,Gz_ref_y,Gz_ref_z
0.013689499999999999,0.0034223749999999996,4.0,1.849962002483069,-1.2444697481343276,0.051860169038818085,-0.004606068999267146,-0.007422193760728924,-0.004024043236463472,0.06847376969723247,-0.3516288980095457,-0.2104918837064385,0.7484932668075366,2.645726643463486,-4.476047580264627,11.626785472877392,3.5071471238510763,-1.639302757707728,4.366463627472829,-16.423851626630615,0.1721857435585426,-1.0064238857557546
0.013689499999999999,0.0034223749999999996,4.0,1.845582466106362,-1.2397894860346335,0.05141746182331616,-0.00257879092552337,-0.00405139931537581,-0.0021999365146508558,0.0684712451338977,-0.3368580382229683,-0.19670755212437074,0.7122516713219417,2.5581388843053143,-4.94999908630101,12.957448429529721,3.9761701698992455,-1.5970075542613829,4.152536477476596,-17.55666493972298,0.1970510579911876,-0.9611313300439324
0.013689499999999999,0.0034223749999999996,4.0,1.8404173513212227,-1.2342364723911075,0.050850454741674773,-0.002114963394973137,-0.003329939179133248,-0.0017887868481351685,0.0684682324685341,-0.31538220596019834,-0.17825501142757372,0.6630792414956669,2.452849744686828,-5.37896171438926,14.311441297784773,4.400937746765827,-1.5549291914334158,4.08687956211682,-18.68954104806076,0.06638209364677528,-0.897920553253412
0.013689499999999999,0.0034223749999999996,4.0,1.834473911753358,-1.2278062540777501,0.05014296714167098,-0.0018856412574593322,-0.0030029573000676796,-0.0015861324159584203,0.06846422906649902,-0.2853250293033029,-0.15422250927759917,0.5984091069361893,2.3352539276272752,-5.8257488439442415,15.814234837794066,4.842162461489058,-1.5204164286447788,4.129576685692053,-19.965349965824196,-0.1514361352909626,-0.8148374989825001
0.013689499999999999,0.0034223749999999996,4.0,1.8277578859123518,-1.2204958062858398,0.04928200882707315,-0.0017287377261611635,-0.002807872973692884,-0.00144927704288898,0.06845889473482915,-0.24484928293540167,-0.12375796463046759,0.5160219359886419,2.216052041416547,-6.275619823147813,17.442977375963082,5.280352690982625,-1.5035855799101328,4.334464233679504,-21.387477972651723,-0.469323466762639,-0.712466461506412
0.013689499999999999,0.0034223749999999996,4.0,1.8202717713060923,-1.2123046513944193,0.048260954508632214,-0.0015970962098787091,-0.0026691579509376642,-0.0013371062710293255,0.06845186589217275,-0.19249588169364917,-0.0862090143298312,0.4145689987131222,2.111891130165711,-6.69934987460273,19.144045314207982,5.678645070078297,-1.5167522855684747,4.777644178969563,-22.936709809452353,-0.9118418185187414,-0.5951388445972334
0.013689499999999999,0.0034223749999999996,4.0,1.812012986232369,-1.20323595470033,0.04708264746683317,-0.001472414997155828,-0.002556090828311677,-0.0012334379174273238,0.06844277979299183,-0.12762284946578964,-0.041290225567023775,0.2941678385579383,2.044367339842781,-7.059741998582933,20.845185235787827,5.990388488735582,-1.5728073190794885,5.5438755678955545,-24.579811870650527,-1.508418934088767,-0.47156002076329584
0.013689499999999999,0.0034223749999999996,4.0,1.8029724574776178,-1.193297293260788,0.045761485781707543,-0.0013474652762787626,-0.002453419186655821,-0.001131227361063937,0.06843134054866769,-0.050857505051293335,0.01074503863985969,0.15693891202515547,2.0366346979992844,-7.316313725096716,22.465896766960952,6.166819853326472,-1.6824037913622953,6.7105367448634405,-26.272913024416393,-2.29000892148465,-0.3542309066369853
0.013689499999999999,0.0034223749999999996,4.0,1.7931343538552815,-1.1825007301274701,0.04432340389292694,-0.0012207838859896226,-0.0023526914171523305,-0.0010278942152218595,0.06841740271647055,0.03559464975809209,0.06896654301212035,0.007289101308339185,2.1075435077469056,-7.431460786428606,23.932081129764168,6.167934697349338,-1.8502303725100664,8.326853830995265,-27.9662368585274,-3.285318732284507,-0.25731313523683946
0.013689499999999999,0.0034223749999999996,4.0,1.7824775832098556,-1.1708618891037168,0.0428030204632125,-0.0010944803778368648,-0.002249291496255923,-0.0009235916639359484,0.06840103760683114,0.127970394589858,0.13171662989867566,-0.14826081174764683,2.264508258421522,-7.377872481030817,25.193270948163185,5.974696134825568,-2.07123643998045,10.392895981270476,-29.610633592571087,-4.516069704784428,-0.19327181844107258
0.013689499999999999,0.0034223749999999996,4.0,1.7709791350919621,-1.158397973308255,0.04123820487625626,-0.0009726735818733907,-0.002141391598436793,-0.0008202957771392936,0.0683825434194941,0.22142098105267807,0.1967062974429523,-0.3018188116440755,2.4977029997738796,-7.145641189997211,26.237176732497066,5.59814542374946,-2.328280311976694,12.84656595038713,-31.164428242796806,-5.99173664966364,-0.16942268779718328
0.013689499999999999,0.0034223749999999996,4.0,1.7586184815001404,-1.1451250856069926,0.039663646001018106,-0.000859819179737698,-0.002029369150014324,-0.0007209597734973216,0.06836238894988585,0.31088638017587344,0.26129452281571375,-0.4453545445739874,2.7787272002736216,-6.746718219154878,27.094854645274623,5.0804931035759315,-2.592903328999903,15.566953384853175,-32.59837107128458,-7.704989980714898,-0.18582387127371838
0.013689499999999999,0.0034223749999999996,4.0,1.7453814931604903,-1.1310556321750351,0.03810595103924764,-0.0007590916927635201,-0.0019149778855226344,-0.0006285485505759736,0.06834113258562295,0.3921084514052925,0.32292157472567523,-0.5721069794225798,3.065653962499412,-6.214450352482764,27.83197540357319,4.48593230455492,-2.8302427959437924,18.39716740054527,-33.897095832786654,-9.629579209814299,-0.23541116655561964
0.013689499999999999,0.0034223749999999996,4.0,1.7312622827235096,-1.1161967400909936,0.0365825223840755,-0.0006714551319110954,-0.001800230224261338,-0.0005451816585904448,0.06831937918426029,0.4624009056670006,0.3795732217053781,-0.6777044747010668,3.313439194428785,-5.597347784420474,28.527652594922085,3.8839184261929245,-3.0072464309053744,21.18039822135632,-35.057100506487394,-11.722135930244004,-0.3061927635234067
0.013689499999999999,0.0034223749999999996,4.0,1.7162622920658257,-1.1005502703811683,0.0351047360178288,-0.0005958151466359831,-0.0016865020079944923,-0.0004717313176564145,0.06829778907653145,0.5208797550272921,0.4300941104387472,-0.7606006315649818,3.485616927828833,-4.948734901405578,29.24919601692638,3.331909349543075,-3.101140792515413,23.79492238052113,-36.082767564469236,-13.92806661640627,-0.38447613531341995
0.013689499999999999,0.0034223749999999996,4.0,1.7003873267060743,-1.0841142598329692,0.0336836433507928,-0.0005299613509873204,-0.0015743164042549243,-0.0004079614497377132,0.0682770875174717,0.5681234088491125,0.47421518640232513,-0.8217153103303055,3.562276659450484,-4.316083048134933,30.034019622182385,2.8647930246023936,-3.1043268860567914,26.173451723589025,-36.98239484436292,-16.189873926566634,-0.4579497733936937
0.013689499999999999,0.0034223749999999996,4.0,1.6836441736346945,-1.0668849545582906,0.03233504661280855,-0.000471618138182352,-0.0014637225350918855,-0.00035296618239707837,0.0682580198700867,0.6055078315934834,0.5123061205548569,-0.8635214248989203,3.541477053253574,-3.7338678152475198,30.885823853455427,2.494011788706881,-3.0236970227998734,28.30101124115981,-37.76556851773842,-18.45507345645873,-0.5177800304536982
0.013689499999999999,0.0034223749999999996,4.0,1.6660375821084814,-1.0488585321033892,0.03108168518049422,-0.00041908874930853614,-0.0013548580639892714,-0.00030557328437509694,0.06824131528309776,0.6345489520701462,0.5450000624247228,-0.8890404862025684,3.435008070897509,-3.2214867919917003,31.783759585753714,2.2138936868582553,-2.875660230451029,30.19719377426826,-38.442197309812684,-20.681289390265427,-0.5593478404464781
0.013689499999999999,0.0034223749999999996,4.0,1.6475722727403483,-1.0300318485656526,0.02994990436334244,-0.00037123915191832437,-0.0012479155443764728,-0.00026466061451668987,0.06822737103004317,0.6565789030930574,0.5728975796788228,-0.9009898755906678,3.261799454263234,-2.785359365524636,32.69716446920285,2.009860424482798,-2.680038139149473,31.89504539218967,-39.02238563090143,-22.83723514765214,-0.5817613151137602
0.013689499999999999,0.0034223749999999996,4.0,1.628249993130932,-1.010402373044187,0.02896645296076683,-0.00032809381984747003,-0.0011439681210052618,-0.00022924596576777014,0.06821634125081855,0.6725858838514007,0.5963971016258828,-0.9015411493586287,3.0424660633688054,-2.4223536352349884,33.597917310478344,1.8646110123129531,-2.455803614604235,33.425331881866455,-39.517023288958626,-24.90134946077178,-0.5866624487645695
0.013689499999999999,0.0034223749999999996,4.0,1.6080721790700343,-0.9899679643848118,0.028149807666389998,-0.00028942541687976796,-0.0010438193720447883,-0.0001984463622339586,0.0682082062983699,0.6834426982999277,0.6157702089091447,-0.8922856892180164,2.7960187052433714,-2.12359378080036,34.46703908154851,1.7613337114402605,-2.2187154680632655,34.809246463439194,-39.937436138502946,-26.858033815235206,-0.5773032371801058
0.013689499999999999,0.0034223749999999996,4.0,1.587041222378465,-0.968726303549219,0.02750721688922409,-0.00025482470727364467,-0.0009480089181754627,-0.00017147985048586786,0.06820259111422225,0.6900001032677745,0.6312400648576146,-0.8744385597523355,2.538533673422284,-1.8774375169981585,35.295916090856956,1.6848395161214742,-1.9809565419752617,36.0577965071524,-40.295303887782154,-28.694949051805622,-0.5575771314470224
0.013689499999999999,0.0034223749999999996,4.0,1.5651600518133097,-0.9466746087359748,0.027033220698020013,-0.00022422429580813677,-0.0008571382727553757,-0.0001477818720434098,0.06819896271065465,0.6931589160736077,0.6430906238589574,-0.8491462529289445,2.2828418710893272,-1.6717104186790288,36.08378100516964,1.6221393699308213,-1.7513014675675636,37.174585379828876,-40.60205409924055,-30.40139930437569,-0.5315404035217662
0.013689499999999999,0.0034223749999999996,4.0,1.5424345565082143,-0.9238083736500259,0.02669903209580852,-0.00019724848840371368,-0.0007713366983107693,-0.0001269001020503104,0.06819659488993546,0.6943539796657255,0.652103937658291,-0.8175623593572002,2.03866907017335,-1.495427076191886,36.83316434314565,1.5631298995267942,-1.5348847403374364,38.159860050202724,-40.86601859954389,-31.966012048313797,-0.5037843298359113
0.013689499999999999,0.0034223749999999996,4.0,1.518863872992367,-0.9001261616517142,0.026499133408660773,-0.0001733713042618862,-0.0006905102415096381,-0.0001084501155960775,0.06819517413029512,0.6936901681237981,0.6582222115645073,-0.781463634466473,1.8124367449058947,-1.3391058161120812,37.546903357254614,1.5001251147943815,-1.3362918710545157,39.0159903963298,-41.09920260928261,-33.38495039090314,-0.47614487385137927
0.013689499999999999,0.0034223749999999996,4.0,1.4944528257676537,-0.8756237676742147,0.026396076107858667,-0.0001520554394459785,-0.000614276696838558,-9.215114630908717e-5,0.06819416531216665,0.6923165329790638,0.6623049199101111,-0.7424241012191011,1.6079696684507536,-1.1960041203673586,38.22333789875815,1.4290880908599795,-1.156526453433118,39.74957357122417,-41.30643870145741,-34.65328263268841,-0.45144321501763623
0.013689499999999999,0.0034223749999999996,4.0,1.4692033784934047,-0.8502985172797088,0.026363026272321337,-0.00013278018990950906,-0.0005421825920214886,-7.775572552455338e-5,0.06819328993428989,0.6907671962715519,0.6648797915142006,-0.702059591944794,1.4265906573264302,-1.0615451720116018,38.856934622408644,1.3486985173291066,-0.9957688360160537,40.37322615419613,-41.492084377596555,-35.77259387193795,-0.4308218213103769
0.013689499999999999,0.0034223749999999996,4.0,1.4431164908446352,-0.8241486040490045,0.02637820438986852,-0.0001151036774994318,-0.0004737642247562666,-6.504048515012557e-5,0.06819240381560983,0.6892933692479256,0.6663216933003727,-0.661672304725534,1.267696095797721,-0.9332561593096781,39.4397945328835,1.2600261219800033,-0.8531403651605516,40.90368482060278,-41.65891540774059,-36.74972131063053,-0.41455573063716855
0.013689499999999999,0.0034223749999999996,4.0,1.4161923352156842,-0.7971730588027502,0.0264260812537327,-9.868084930692494e-5,-0.0004085942988913863,-5.379639534490978e-5,0.0681914579921151,0.68790423009145,0.6668287721834656,-0.6220778370436713,1.129434119518122,-0.8103319293389901,39.96440314238224,1.1657835695829677,-0.727040899420095,41.35868685742958,-41.808660768785586,-37.59571500383701,-0.40239322009802775
0.013689499999999999,0.0034223749999999996,4.0,1.388430629439377,-0.7693715494864046,0.026496934965774863,-8.325459313464527e-5,-0.0003462897197240997,-4.3825564872830966e-5,0.06819045651763692,0.686449778591494,0.6664502295532609,-0.5835591990713732,1.0094350916986745,-0.6930315077562643,40.42591681396221,1.0694952742520314,-0.6155395091081,41.7542554974637,-41.9426493510467,-38.324139138933305,-0.39389558259057406
0.013689499999999999,0.0034223749999999996,4.0,1.3598309331460527,-0.7407441440041843,0.02658556616119264,-6.863439020799221e-5,-0.000286498197066293,-3.494227598278704e-5,0.06818942375798603,0.6847101127880101,0.665140404109528,-0.5459470033061229,0.9052584122995139,-0.5822369885206871,40.82367377499738,0.9749109349108926,-0.5165820306398602,42.102651955149476,-42.06230382254355,-38.94926874759031,-0.3886763816596533
0.013689499999999999,0.0034223749999999996,4.0,1.3303925714534988,-0.7112910446923684,0.026690111527956015,-5.46703569701656e-5,-0.0002288880625462828,-2.697842485941767e-5,0.068188367207872,0.6824682293846356,0.6628173749827051,-0.5088335021011183,0.814289768732392,-0.47946439164115107,41.161808243891905,0.8857770231458217,-0.42792392482092434,42.410169357640044,-42.168625950692885,-39.48394015345833,-0.3863658439114685
0.013689499999999999,0.0034223749999999996,4.0,1.3001154530398646,-0.6810129316273386,0.026811743670670223,-4.124707113283635e-5,-0.0001730930556110898,-1.9774846724232562e-5,0.06818736937919972,0.6795458083862929,0.6593995057685187,-0.47185229812616114,0.7335735342682611,-0.386872392673755,41.44723968212267,0.8053707782751768,-0.3474150966182385,42.67645353711864,-42.26045670806504,-39.93702263298071,-0.38615843765002233
0.013689499999999999,0.0034223749999999996,4.0,1.2690001032143814,-0.6499093902292713,0.026947333536016433,-2.8245078011321522e-5,-0.00011875644883979256,-1.3193656301030891e-5,0.06818639932005587,0.6761058883519028,0.6550978888938591,-0.4347751327900063,0.6607285675226108,-0.30617290206089853,41.6839268111117,0.7355348330180792,-0.27388141993341647,42.89864771034279,-42.33230891313003,-40.3111401252013,-0.3868471475891945
0.013689499999999999,0.0034223749999999996,4.0,1.23704704376433,-0.6179805299610774,0.02709539301891411,-1.5550023434571665e-5,-6.548487307371484e-5,-7.100406410249886e-6,0.06818552639696127,0.6723214305914912,0.6501117146870465,-0.39743465714856885,0.5950149450849178,-0.23744782635130135,41.87002592363471,0.6760370662854175,-0.20800513135904464,43.078747667277916,-42.37844049536977,-40.606833187014225,-0.3870098137258731
0.013689499999999999,0.0034223749999999996,4.0,1.2042589208140126,-0.5852249758635315,0.027248875945045353,-3.050403911641652e-6,-1.286299858159767e-5,-1.366149184976214e-6,0.06818457292803831,0.6685866153155294,0.644823067428108,-0.3592175077900682,0.5370588922647518,-0.179550254963787,42.00218054308998,0.6259838108672112,-0.15112298094892482,43.22446156667645,-42.39564587797109,-40.825358650176646,-0.3859359113158277
0.013689499999999999,0.0034223749999999996,4.0,1.1706308630942621,-0.5516465242153628,0.02742896745409678,9.98203151896544e-5,-5.121749799222406e-5,3.2569067548604735e-6,0.06827968020527586,0.6640613937754914,0.6384043172753856,-0.31968966434075285,0.4869831821697807,-0.1320855137604603,42.07494561472409,0.585201216122386,-0.10424018721275743,43.33778183780453,-42.38273440502125,-40.968071181345465,-0.3827429949570231
0.013689499999999999,0.0034223749999999996,4.0,1.1361647670528754,-0.5172451307827761,0.027631624904356483,0.00023342526267243079,-0.00011948426195812339,7.763598911670254e-6,0.06828096574881676,0.6590135951506666,0.631050756460884,-0.27774367205225553,0.44458335971737856,-0.0957658756686596,42.09281179088071,0.555270709964407,-0.06716175882744564,43.425321788664476,-42.342386678751055,-41.03790885763623,-0.37742160088993265
0.013689499999999999,0.0034223749999999996,4.0,1.100860335925144,-0.4820223287068071,0.027862255387484762,0.0003695122533788374,-0.00018872231392315266,1.2477146438491307e-5,0.06828234856169857,0.6533970535214962,0.6226261745589752,-0.23228510887839265,0.40931687095135655,-0.07243614949310373,42.05421776692747,0.5384259117859529,-0.040073278529084676,43.48892066889342,-42.27306871900085,-41.030971712172374,-0.3692435924222723
0.013689499999999999,0.0034223749999999996,4.0,1.0647173051366234,-0.44598007390409616,0.028128087016469752,0.0005091536601028379,-0.0002594844118152252,1.7374385503102544e-5,0.06828386297866773,0.6472174934652233,0.6129977255055962,-0.18190191215262427,0.3807928545234665,-0.06492873276952081,41.94963960891218,0.5378183193153702,-0.02400011089747381,43.53123088047597,-42.16971295592263,-40.93580177681867,-0.35679274362599295
0.013689499999999999,0.0034223749999999996,4.0,1.027737747539954,-0.4091179432878508,0.028425660165261032,0.0006533603909526163,-0.00033224090362486014,2.241131823354841e-5,0.06828557572573801,0.6410893720420432,0.6025364672565248,-0.12408857435416944,0.36015558176659906,-0.07606592740243891,41.7611129458004,0.5578416429547259,-0.021816318926570058,43.56726878689934,-42.028625206421424,-40.7349834041917,-0.3383392628400288
0.013689499999999999,0.0034223749999999996,4.0,0.9899160378198506,-0.3714465885097161,0.02880499950187996,0.0008029658479254828,-0.00040730216203499774,2.7421180466893823e-5,0.068287591569931,0.6335070452974577,0.5893965246312987,-0.055197648787768484,0.35060443550607967,-0.10879126253314565,41.46536071423506,0.6045998220458536,-0.040042099014744016,43.636537124296936,-41.86869083163632,-40.41901294648416,-0.3105623364913367
0.013689499999999999,0.0034223749999999996,4.0,0.9512538630953654,-0.3329698043885182,0.02927933185218011,0.0009583409174573147,-0.00048466693114187825,3.208819151275736e-5,0.06829007374771567,0.6247706356807846,0.5731441330833509,0.032109083490720544,0.3564740682397321,-0.16733258515272761,41.03966873679675,0.6924516531087748,-0.08615174732636334,43.79527636586533,-41.7230956577683,-39.961506800711696,-0.2703223209133683
0.013689499999999999,0.0034223749999999996,4.0,0.9117503445725349,-0.2936987080105012,0.029895704104817608,0.0011188645833075288,-0.0005638661326669328,3.568434077596558e-5,0.06829353423106024,0.6144712173066879,0.5520084807999256,0.1484299396845481,0.3787570277291776,-0.26068604888094743,40.46325851382291,0.8469114290074345,-0.17139391831511944,44.10994252162332,-41.655816743801786,-39.30042288298028,-0.2073631094140577
0.013689499999999999,0.0034223749999999996,4.0,0.8714066043298471,-0.253651285634699,0.03072436974394608,0.0012818626154048431,-0.0006437244975088291,3.6754201777508324e-5,0.06829902947595806,0.6023016144438665,0.5231274293198656,0.30844226508591305,0.4230719856208564,-0.3915802096967931,39.72230791225716,1.0976014386958464,-0.32334464858326384,44.65155723182213,-41.78298190080447,-38.28617702357742,-0.09972733703759173
0.013689499999999999,0.0034223749999999996,4.0,0.8302278114553301,-0.21285925229007782,0.03186173226754137,0.001439935930243876,-0.000722626110718857,3.260513074325292e-5,0.06830775671662187,0.5869487284866588,0.4811455731856597,0.5277173942255462,0.5233722767564205,-0.5362250636395979,38.93101584438405,1.4563776710189738,-0.6009115560289784,45.405688288484555,-42.335164077076435,-36.611932715920474,0.07753927927255767
0.013689499999999999,0.0034223749999999996,4.0,0.7882316224816216,-0.1713755126164147,0.03336378111402738,0.0015736207013139598,-0.000800979329981204,1.8966869931027538e-5,0.06831761442500055,0.5648514390145497,0.4187047179196775,0.8007217332349263,0.7806845598224087,-0.6376791132325715,38.712072774711636,1.880382882276165,-1.0884032571467386,45.91206686841571,-43.70202743938102,-33.7027665495675,0.30771869732433116
0.013689499999999999,0.0034223749999999996,4.0,0.7454998884669382,-0.12925351442600988,0.034860302071341026,0.0016317183366750844,-0.0008882715241543465,-7.569089456038597e-6,0.06830960167071856,0.5416390785646376,0.3382163490936629,1.0298581827444377,1.3461080641847007,-0.643074890262106,40.82226675717364,2.3018171446557965,-1.8479828397723148,44.24983137382287,-46.243613785746675,-28.648854999049437,0.5018747755876123
0.013689499999999999,0.0034223749999999996,4.0,0.7023942256057588,-0.08645599004296689,0.03422062039799444,0.0015030216082436802,-0.0009919288656763591,-3.475730979769618e-5,0.06823030284780006,0.6059672084658896,0.2744979370785311,0.8916744904700615,2.310556500463206,-0.4815121459618571,46.999069349336615,2.8766994641010797,-3.0174975613532444,35.40932134033347,-49.23679143904785,-20.64467669680268,0.706941060890037
0.013689499999999999,0.0034223749999999996,4.0,0.6594476235273387,-0.0430004214664921,0.027080647863756368,0.0010852539609037836,-0.0009773530808461772,-1.646758533594895e-5,0.06803763663962603,0.9605627662841981,0.22481744838866924,-0.08021310397239817,4.621957043140517,-0.22934250976423673,49.716853711718805,3.4868285800610175,-4.879402147368643,16.701557526166116,-48.30275886258344,-10.711039378338636,0.25744510422812794
0.013689499999999999,0.0034223749999999996,4.0,0.6149485479371493,0.0008368822350299977,0.014943177587719698,6.296081977928414e-16,-4.119395097920458e-16,2.0836759260898354e-16,0.06789364603774768,1.3001238300622209,0.08585100989879094,-1.5857316427230514,9.412787012887259,-0.8920885165024913,31.223221244220447,1.3890160038352881,-5.4967555152039855,2.4276344612366656,-37.25569989668969,-3.04149498416482,-3.9160314976832717
0.013689499999999999,0.0034223749999999996,4.0,0.6593227407515703,0.043342105833084586,0.03147755251153186,-0.0008501763751755513,-0.0009968640365136572,-4.593226355160841e-5,0.06815369847637351,0.8992673323159702,-0.25418791783585865,0.13596070498140184,4.3933762312845115,-2.550707714401577,49.94561668901524,-0.19101241906961158,-4.616390424729445,-12.586379305594967,-48.82612198365895,3.2580145710391624,0.2230141934449312
0.013689499999999999,0.0034223749999999996,4.0,0.7023313856860799,0.08612833584462576,0.04016329985184438,-0.00141291013157059,-0.0010303834198059226,2.9229307133075666e-5,0.0683812197983765,0.5604100529957929,-0.3837487476547668,1.231791451318905,1.8138325731323113,-0.26161650965730543,46.27646364927285,-1.2803132182133894,-1.8513992751658586,-34.19195148173562,-50.12404521250721,15.6165849564072,0.03756670203354666
0.013689499999999999,0.0034223749999999996,4.0,0.7456584202808282,0.12889547092821066,0.039249691450712984,-0.0016228336627512356,-0.000881567154408471,3.746488022575756e-5,0.06845900467260642,0.5674328374470802,-0.43213246200612376,1.3352113832227135,0.5827726950295185,1.335915787202281,39.61232590391735,-2.5959263726399846,-0.8373134668647058,-45.18097361579497,-47.17780097505921,26.37667797230987,0.25454077183518625
0.013689499999999999,0.0034223749999999996,4.0,0.7884381102110328,0.1710576628576365,0.03591454660891369,-0.0015794988612065975,-0.000785167182422347,1.0327607616753557e-5,0.06841365289665204,0.613911849888226,-0.49220871030274604,1.0029582824603631,0.11275887331181964,1.6767638464869505,37.83629347858216,-2.830613506323537,-0.4862214221477179,-47.42877998389206,-44.430523487813,33.06918825558354,0.37346254883589847
0.013689499999999999,0.0034223749999999996,4.0,0.8303963785411381,0.21259424759339682,0.03326751123703581,-0.0014448140556948983,-0.0007123471866091232,-1.1920659931519504e-5,0.06835685678947886,0.6261005999258648,-0.534461620656254,0.6409477712115141,0.152070656143555,1.4418033499361718,38.68375614596811,-2.3127223684170137,-0.30485119023433727,-46.769878771305336,-42.990503484375985,36.75626558742942,0.15278053409078265
0.013689499999999999,0.0034223749999999996,4.0,0.8715430749389217,0.25343094173141156,0.031526851705867595,-0.001284399503141521,-0.000638541703254103,-2.2715333662420666e-5,0.06832249957926419,0.6283147832710289,-0.5597939004935618,0.36866274542070987,0.29228967610802353,1.0427781269065084,39.98629550753038,-1.6908777084105928,-0.2230405438789395,-45.78116019000299,-42.498811559886555,38.775061735395084,-0.06924913222908358
0.013689499999999999,0.0034223749999999996,4.0,0.9118746284384565,0.2935048026959445,0.030381496339969966,-0.0011200246525861568,-0.0005613988563477421,-2.5849996738387474e-5,0.06830518748019658,0.632924956820342,-0.5783390528779374,0.18176337219629657,0.3765460624601799,0.6929408057846594,41.01573486965907,-1.22546569996547,-0.1782905452450938,-45.114229106549665,-42.45484611209459,39.93441952810606,-0.19825551721508586
0.013689499999999999,0.0034223749999999996,4.0,0.9513789151215096,0.33278743529826726,0.029583808283649163,-0.0009588893065882098,-0.0004834374918738552,-2.4977787698591403e-5,0.06829651163671244,0.6406255625411591,-0.59464619561071,0.051133269521808654,0.4065507125104541,0.45089246982933356,41.71163590696887,-0.9309765918612659,-0.14328086641222004,-44.757050551452764,-42.57031497487288,40.644671385777166,-0.26326984609823456
0.013689499999999999,0.0034223749999999996,4.0,0.9900481051990464,0.3712667739362537,0.028991692206794432,-0.0008032449839023055,-0.0004066486297793726,-2.2210700224733485e-5,0.06829166730710678,0.6496359217667,-0.6095828546362608,-0.0457893173180889,0.41328214613163083,0.30280478759152135,42.172525609432476,-0.7581874327743776,-0.11615627301847489,-44.57876224925509,-42.72263641808065,41.10278160052981,-0.29712587311315586
0.013689499999999999,0.0034223749999999996,4.0,1.0278788514347152,0.4089363618260857,0.02852761464776327,-0.0006534938449209975,-0.00033189511078921994,-1.860249853469141e-5,0.06828850572196853,0.6586824828008728,-0.6231081929798069,-0.12222544942714503,0.4173060691195955,0.2202634830158082,42.482510204653764,-0.6624739599654113,-0.10023902951639314,-44.484178425600575,-42.86792155954372,41.40225251193516,-0.317067039603202
0.013689499999999999,0.0034223749999999996,4.0,1.0648667223108526,0.44579586787780273,0.02817091920023311,-0.0005092044187489978,-0.0002593135273431657,-1.4650452156052458e-5,0.06828615662001754,0.6662082439076354,-0.6342446829405779,-0.1858474474842511,0.42707741150877765,0.18140308020112555,42.69045160934761,-0.6147910672206635,-0.09733273264972488,-44.42202160192063,-42.9962157377326,41.5924786077801,-0.3297446788590528
0.013689499999999999,0.0034223749999999996,4.0,1.1010170599167293,0.481835373425731,0.027861419266176034,-0.00036952585688835763,-0.00018864440689076448,-1.0633797607991046e-5,0.06828421845231657,0.6735283130999885,-0.6445126428158751,-0.24034877992682352,0.4461506292238796,0.1712441300386591,42.820964786032796,-0.5987357787088363,-0.10683860785054539,-44.364147226608615,-43.09738983154758,41.69003504684672,-0.3393120213733341
0.013689499999999999,0.0034223749999999996,4.0,1.1363277873277977,0.5170556128169806,0.02759865974219303,-0.00023342766732377263,-0.00011945221412919134,-6.663421916812337e-6,0.0682825022066398,0.6799809691242239,-0.6534217883740692,-0.2885737149641686,0.47483938257339603,0.18171874411599537,42.890196474476724,-0.6046078582131202,-0.12811842973999424,-44.29797842734987,-43.175623683228494,41.71165254773321,-0.3467209528334015
0.013689499999999999,0.0034223749999999996,4.0,1.1707993810856143,0.5514546380450219,0.0273722103343486,-9.98209611829881e-5,-5.120794782377966e-5,-2.8070161616396997e-6,0.06828092714322799,0.6856273115538466,-0.6611237837401521,-0.3322173227539988,0.5128170888604012,0.20829761143837036,42.9085110560289,-0.6273644697518642,-0.16005477779856786,-44.21800372343072,-43.234613091644476,41.666649720681114,-0.35276231106183364
0.013689499999999999,0.0034223749999999996,4.0,1.2044322361318105,0.5850309708390969,0.02717482900651835,3.0620571783681076e-6,-1.2872582586250006e-5,1.2575476688087207e-6,0.06819023404788215,0.6905320340680322,-0.6677432627946399,-0.3724989239356755,0.5597639835235454,0.24847636311514507,42.879291477983166,-0.6642122472040315,-0.20178720041888665,-44.11994117508624,-43.27574734147808,41.55833884838892,-0.3579767831046589
0.013689499999999999,0.0034223749999999996,4.0,1.237224404545221,0.6177848070614474,0.027009690707191635,1.5611195063353152e-5,-6.55306609699767e-5,6.542575586663618e-6,0.06819093151043444,0.6943920145722375,-0.6730338158597142,-0.4105700079853392,0.6155451818545463,0.3008410691719479,42.79842612774809,-0.7131722472627666,-0.25310127850585196,-43.99701310994165,-43.2969967540992,41.38432148923552,-0.36244390334869514
0.013689499999999999,0.0034223749999999996,4.0,1.2691808522611339,0.6497122997805337,0.026855357569920905,2.8358437887149895e-5,-0.00011883313053325453,1.2165751826060415e-5,0.06819155364949785,0.6980384858062565,-0.677803727390149,-0.44697319747401293,0.6805196196267623,0.36450991758487156,42.66734783007877,-0.7732822037284769,-0.3135538670272856,-43.84950176208614,-43.298716437983394,41.14251422279928,-0.3669657525994759
0.013689499999999999,0.0034223749999999996,4.0,1.300299325660967,0.6808145898290862,0.026715440816028925,4.1411078342854814e-5,-0.00017319029025365785,1.8244865532297998e-5,0.06819234454401232,0.70125429833264,-0.6818414742417477,-0.48268621103505777,0.7548591295961,0.43925766902401664,42.48112182832414,-0.8436410283000231,-0.3831561536229698,-43.67119271230861,-43.27929339520858,40.826933425733465,-0.3717029759731308
0.013689499999999999,0.0034223749999999996,4.0,1.330579608910237,0.7110912425937856,0.026590280310178013,5.487820116659355e-5,-0.00022898881712541454,2.4907850072999887e-5,0.06819320032384897,0.7040065617299497,-0.685085860813509,-0.5184212865038543,0.8390406860820545,0.5249295982507997,42.23565411931853,-0.9232638280667363,-0.46212193980100397,-43.45643947046529,-43.237701681205266,40.43011191686468,-0.37691874628105054
0.013689499999999999,0.0034223749999999996,4.0,1.3600215389265364,0.7405423682733884,0.026481016806705192,6.887703918191795e-5,-0.00028658259390695255,3.229339648432885e-5,0.06819413546734392,0.706284501079749,-0.6874704212217774,-0.5547976107249706,0.9340680767684016,0.621088853460557,41.92797783124645,-1.0107082710079969,-0.5510097269229094,-43.20004602578507,-43.17443548646964,39.9439677990135,-0.3830583498454916
0.013689499999999999,0.0034223749999999996,4.0,1.3886250748446616,0.7691674085648186,0.026386907220360644,8.352597945008252e-5,-0.00034633751452623927,4.0559798040883494e-5,0.06819508230543725,0.7082449595518933,-0.6890508656647307,-0.5922551488017501,1.0416278138620303,0.7268264936696659,41.556353105956504,-1.1038283787354652,-0.6507425722314896,-42.896115208776564,-43.090423929413646,39.35881621271007,-0.3908852416305403
0.013689499999999999,0.0034223749999999996,4.0,1.4163907843297991,0.7969663021844067,0.02630998208740919,9.897678805328195e-5,-0.0004085848778710316,4.987154930880612e-5,0.06819601211857322,0.7100416015540303,-0.6898401501060254,-0.631020916580244,1.1640343568789813,0.840855933667339,41.120889624566715,-1.1995822910889553,-0.7627849590079175,-42.53702387955901,-42.987204995943465,38.66393855494359,-0.4012493978710629
0.013689499999999999,0.0034223749999999996,4.0,1.4433189008604979,0.8239392009487796,0.026256044976852442,0.0001154185211005958,-0.00047367140938270194,6.040506018741338e-5,0.068196894577594,0.7118053794440511,-0.6897935312427128,-0.6710404119583927,1.3041095061414731,0.9617342480191707,40.62393918655967,-1.2942105256892822,-0.8890801533224049,-42.11251597708288,-42.86626962841663,37.84787705171336,-0.4150293528190685
0.013689499999999999,0.0034223749999999996,4.0,1.4694095536754044,0.8500865952942018,0.026235199392635355,0.0001331007876159607,-0.0005419675976596148,7.23459833570673e-5,0.06819771972007593,0.713625538627695,-0.6888021923135492,-0.7118737056376974,1.4647950718350253,1.0883784364758367,40.07011327788942,-1.383752710519301,-1.0318215909879989,-41.60952549035959,-42.728220097352114,36.8991690905675,-0.4329734808470267
0.013689499999999999,0.0034223749999999996,4.0,1.494662507416558,0.8754095155997793,0.026262933874763316,0.0001523519699483942,-0.0006138784961841233,8.589054208984559e-5,0.06819852864333664,0.7154729952502362,-0.6866501232126615,-0.75265048180494,1.6484904622500955,1.2208056480484462,39.4656289224548,-1.4648875396571872,-1.1930516849561708,-41.01294363097846,-42.572062071222874,35.80771153729506,-0.4554387772939247
0.013689499999999999,0.0034223749999999996,4.0,1.5190768406923538,0.8999097236477899,0.02636049629369831,0.00017358662150546131,-0.0006898354630772953,0.00010125152135923577,0.06819945493696043,0.7171151026306226,-0.6829810180689416,-0.7920992671676931,1.8562131474743975,1.3609527182619832,38.816988759874306,-1.5359665054298064,-1.3741111365784084,-40.30737882567689,-42.39473148410852,34.56641822944606,-0.4821020108959882
0.013689499999999999,0.0034223749999999996,4.0,1.542650686888371,0.9235897915681519,0.02655388789091067,0.00019729091559603148,-0.000770254479516721,0.00011867032683712945,0.06820076457876013,0.7180552756571447,-0.6772992209728428,-0.8286636140438108,2.0867871023959164,1.5133292076613876,38.12925268446334,-1.5979969212995946,-1.5750486886140742,-39.47962528602456,-42.191028906468254,33.17270629555008,-0.5117384137818418
0.013689499999999999,0.0034223749999999996,4.0,1.5653792283395176,0.9464539248859793,0.026879462804093337,0.00022396704603406764,-0.000855480473389472,0.00013842472629379833,0.06820300568503038,0.7171730148890307,-0.6687592100039013,-0.8608020534678001,2.3362336764491665,1.6851125576017358,37.40477513666178,-1.6551288637501056,-1.7946544964683164,-38.521098423190146,-41.95540058954549,31.63061660485942,-0.5415791799808498
0.013689499999999999,0.0034223749999999996,4.0,1.587263359411654,0.968503507275239,0.027343473225135327,0.0002541023881385983,-0.0009455820085002883,0.00016089620121477339,0.06820642757270251,0.7143395041209543,-0.6573840274068105,-0.8866882508514677,2.5977908784489427,1.8864636356292759,36.64191879163473,-1.7154099239111287,-2.0279338318303948,-37.427639473286625,-41.675752091947984,29.943898632576193,-0.5698570466185497
0.013689499999999999,0.0034223749999999996,4.0,1.6082969444955844,0.9897433183617321,0.0279743097274719,0.00028803170210320506,-0.0010404031064085572,0.00018652702854544205,0.06821178360544136,0.7080880813731466,-0.6423377103236003,-0.9051115880962713,2.8614102242055024,2.129023087077376,35.83887011442586,-1.7894898787000337,-2.2691407274202673,-36.19831941222786,-41.344087011636795,28.124482441191834,-0.5922694967852358
0.013689499999999999,0.0034223749999999996,4.0,1.6284767755871106,1.0101764206851283,0.028777960795713806,0.00032593491072869705,-0.001139437771283851,0.00021589013011976153,0.06821961046333008,0.6974598074764293,-0.6232618356708778,-0.9148635952221359,3.1139875598966307,2.425435644874715,34.99645865903436,-1.8908217725897918,-2.5090165212360214,-34.82985937840193,-40.949418380270686,26.183855109835154,-0.6049710386606096
0.013689499999999999,0.0034223749999999996,4.0,1.6478002407302197,1.0298053820258006,0.029748880013301483,0.00036786327452622045,-0.0012419145879777604,0.00024969145003261823,0.06823027296836119,0.68150314423728,-0.5998372761177664,-0.9146862338259508,3.339171183856507,2.787642228115296,34.12300110032667,-2.034936075981006,-2.735090781159324,-33.31174126221469,-40.48041648144917,24.13499221284714,-0.6040804026971831
0.013689499999999999,0.0034223749999999996,4.0,1.6662654982533098,1.0486326837748883,0.0308674176506953,0.00041386615438744633,-0.00134697596475969,0.00028876570729594953,0.06824384053703983,0.6593685375841253,-0.571783328378312,-0.9029730935609493,3.5176300892220103,3.224755211703775,33.2367984267496,-2.239033071045774,-2.931102136722012,-31.62261803751758,-39.925139477407875,21.993177843207125,-0.5865279524999981
0.013689499999999999,0.0034223749999999996,4.0,1.6838706529817455,1.0666610425655947,0.032107896452166794,0.0004642420742875206,-0.0014538248670965845,0.0003341179716523648,0.06826016975218312,0.6300067241545344,-0.538647882874244,-0.8775385756505597,3.6283285967270604,3.7400044007963267,32.36518444448942,-2.5206290198110377,-3.0778620393137173,-29.7312567354404,-39.27203578898547,19.779632053317346,-0.5504665574133436
0.013689499999999999,0.0034223749999999996,4.0,1.7006106649644874,1.0838938290617761,0.03344535918370487,0.0005197764644774981,-0.0015621382090778408,0.00038677317417345103,0.0682788810993701,0.5920108685193108,-0.4997872243372993,-0.8356730610940079,3.651907200443548,4.326902799564718,31.537666268607186,-2.894387817930026,-3.1555325544150516,-27.60383707730724,-38.51006193671266,17.524975479370937,-0.49637464602849485
0.013689499999999999,0.0034223749999999996,4.0,1.716480624097754,1.1003350077396656,0.03485754329473697,0.0005819505792826324,-0.0016717920721950152,0.0004478249201768945,0.06829926468930726,0.5438273856484,-0.45455911690440437,-0.7743687375436131,3.576182045079632,4.965863518816827,30.77341206922833,-3.3659092652039857,-3.1478321892329686,-25.219994526657533,-37.62791708156112,15.270539882752125,-0.4283498558466625
0.013689499999999999,0.0034223749999999996,4.0,1.7314735874784843,1.1159884362464336,0.03632914587669245,0.0006527641179894225,-0.0017827819276209534,0.0005180994355454837,0.06832059516182133,0.4840423497906631,-0.40259771314673365,-0.6911868973505073,3.402819437225535,5.622093917373735,30.066658223999173,-3.923479837239211,-3.0482302393470375,-22.594013140923646,-36.61440191248948,13.067571174234022,-0.3545891978784967
0.013689499999999999,0.0034223749999999996,4.0,1.7455836782132028,1.1308560977280742,0.037849398834819026,0.0007341447085705145,-0.0018946910744465537,0.0005977871945848641,0.06834216437597547,0.4120582024364265,-0.344195940333524,-0.5852518781543697,3.1516452571317877,6.247730036888612,29.377870066047322,-4.531754447846066,-2.8648391667799684,-19.792512989952783,-35.459445856095755,10.97217002392613,-0.28680609035182053
0.013689499999999999,0.0034223749999999996,4.0,1.7588095161097406,1.144936034426464,0.03940698486600055,0.0008270010626110042,-0.0020063220499985253,0.0006860464381539872,0.0683633235989052,0.3287721426563509,-0.2805559949184236,-0.45814811332480043,2.859302180477787,6.788998762259433,28.63798018712111,-5.132648694321441,-2.621012830741614,-16.936562691244305,-34.156915295374446,9.037534118034321,-0.23828934973617252
0.013689499999999999,0.0034223749999999996,4.0,1.7711572259341524,1.1582208809202892,0.04098436695681508,0.0009303867390130578,-0.0021158683913624207,0.0007808813244240184,0.06838347076182072,0.236926854131867,-0.21376314480932124,-0.3142630344210132,2.5713044957796467,7.196883567470487,27.7668295404983,-5.655954269718397,-2.3503753960358575,-14.18249592797671,-32.7088655762456,7.305900009310587,-0.22092909974378946
0.013689499999999999,0.0034223749999999996,4.0,1.7826413630008064,1.170697849717974,0.04255465607468933,0.0010413738685863768,-0.0022217187238052867,0.0008795088876736905,0.0684020384028981,0.1408814841541027,-0.14646902230420666,-0.160345590631803,2.3302905036326127,7.437491675383953,26.698588482629237,-6.03670869893887,-2.0882828106081384,-11.687207458748452,-31.12986033155734,5.802953889892997,-0.24200769302447492
0.013689499999999999,0.0034223749999999996,4.0,1.7932830355844216,1.1823503460943874,0.04408277346642045,0.0011558902711457002,-0.002323500502444567,0.000979141893640444,0.06841853610182905,0.045829758512432456,-0.08141776545055696,-0.004394773751627709,2.165468996379017,7.498352350480891,25.40292054558571,-6.232091361306842,-1.8635359370176794,-9.572353423423731,-29.449280570603488,4.536260532045556,-0.3019330593613357
0.013689499999999999,0.0034223749999999996,4.0,1.8031059096444788,1.193160626991802,0.045530379022494405,0.0012701814775133307,-0.002422906919901781,0.0010778866132875378,0.06843263538233713,-0.04323611387706747,-0.020998290566162307,0.14573059434294205,2.087386141289095,7.388977384391354,23.893579034844198,-6.230780554466121,-1.6934105158673995,-7.901573976989409,-27.709986163113623,3.497443246373892,-0.3939756254216954
0.013689499999999999,0.0034223749999999996,4.0,1.8121317089052846,1.203112554938564,0.04686232653723306,0.0013823448498312182,-0.0025243314921678155,0.001175554153124171,0.06844423386152092,-0.12242553614441852,0.03304956586370554,0.28352833424777674,2.0891132703915174,7.136484869611698,22.223043396951635,-6.051936746074757,-1.5828727045382547,-6.676947028027044,-25.963252663427017,2.6666084883763266,-0.5062405658532619
0.013689499999999999,0.0034223749999999996,4.0,1.8203767857996649,1.2121936425234818,0.048052127840425486,0.0014937862504967366,-0.0026359591842527712,0.001274550821418711,0.06845345298737666,-0.1894412974457397,0.0797408210329345,0.4045876108399053,2.1519973652095072,6.778514588915539,20.467758164016818,-5.73603451177572,-1.5269788248522194,-5.8516470315132585,-24.261612495197564,2.0173254095919546,-0.625018540357289
0.013689499999999999,0.0034223749999999996,4.0,1.8278505748415732,1.2203960130917835,0.04908484332288504,0.0016112586118148724,-0.002772719294726003,0.0013815493832495325,0.06846057580383229,-0.2436080269930141,0.11879721383811176,0.5067633013691383,2.252831873415445,6.355781385367692,18.710691901003713,-5.332505973278118,-1.5147354304368739,-5.3505816694727,-22.651923755533314,1.5210257385456758,-0.7380964429785725
0.013689499999999999,0.0034223749999999996,4.0,1.8345558518341916,1.2277163311030053,0.049957139046431814,0.0017517574386803911,-0.0029648358310269416,0.0015119572470324151,0.0684659627650595,-0.28555999884217176,0.15050510626557537,0.5899005935979,2.3698103012943315,5.905854701164413,17.026500376758836,-4.888715793601006,-1.5329118847989411,-5.09087602925101,-21.170275249131407,1.1504614623679101,-0.836898416495391
0.013689499999999999,0.0034223749999999996,4.0,1.8404901712528294,1.2341550145303732,0.050675229773874335,0.0019589045309956294,-0.003286739369507162,0.0017049852368316988,0.06846998193363031,-0.3167785264261378,0.17553598979431959,0.6553078131289931,2.486015061367668,5.458445269927839,15.471012309786717,-4.442210763876484,-1.5689119153442623,-4.997695710922891,-19.838375830869378,0.8827593676452935,-0.9171031460234053
0.013689499999999999,0.0034223749999999996,4.0,1.8456477454539197,1.239715108782243,0.05125178927781707,0.0023823469720399655,-0.003997245900109293,0.0020967943520653486,0.06847297856946602,-0.33914047223477745,0.1947710315074159,0.7051680540141991,2.5904869333785494,5.029067203226679,14.069119219588964,-4.013311817127374,-1.6124217080290009,-5.017411364399328,-18.65498691037146,0.7056719894708406,-0.9780652253495488
0.013689499999999999,0.0034223749999999996,4.0,1.8500212130657552,1.244401136137841,0.05170277444769371,0.004250818344480552,-0.007318543912224508,0.0038383965801884377,0.06847543046966738,-0.3545682640180188,0.20915415761425754,0.742019962924481,2.677622335688049,4.558726447378704,12.698919047247797,-3.5450738992962836,-1.6559746841622118,-5.183953404302452,-17.480772247594462,0.6820408619738066,-1.021647651525838
0.013689499999999999,0.0034223749999999996,4.0,1.8624999862049774,-1.24266078369944,0.060322382190286704,0.00044372238578188844,-0.001245898371423922,-0.00032470706695612655,0.06837993621341044,-0.444993892188162,-0.26455802583552546,0.8841667843044905,3.421917668702045,-3.809173096822782,9.753135260348662,2.8875013405548695,-1.9331029290572548,4.853715654736464,-15.406437512450958,0.3008394334006018,-1.4888147396447935
0.013689499999999999,0.0034223749999999996,4.0,1.8576514946183795,-1.237593194456751,0.05995624070997078,0.0014759734157195803,-0.004180273637452975,-0.001101846208594803,0.0683808648174503,-0.4399462427900713,-0.25488326481924645,0.8587431685063037,3.3488352931715264,-4.1423021816014005,10.75863423456607,3.179050795245119,-1.918384328940362,4.745308673282803,-16.193418224604272,0.23666328023498293,-1.430450964231166
0.013689499999999999,0.0034223749999999996,4.0,1.8520074740261259,-1.2316583109831003,0.05947950485990864,0.002237640250501877,-0.006286163808078556,-0.0016661760582870784,0.06838175906370417,-0.4299757561205715,-0.24122363443427833,0.821859683746756,3.2519019890109035,-4.544012453799845,12.039956334235088,3.532638170626985,-1.9101891543493463,4.705813158200808,-17.221795688443343,0.0937596869658699,-1.341712834661556
0.013689499999999999,0.0034223749999999996,4.0,1.8455755076341493,-1.2248514007624094,0.05887442748957595,0.0031346702680717068,-0.008646378886595566,-0.0022934027584904358,0.06838292182608112,-0.4131710305091203,-0.22263290257275942,0.7706353896875356,3.132724524095905,-4.980822980878766,13.508714594774274,3.9128980557187436,-1.9168025180605466,4.756019512483206,-18.41904054094188,-0.12230726341659413,-1.2159220060353568
0.013689499999999999,0.0034223749999999996,4.0,1.8383618245677602,-1.217169259575729,0.05812638093259356,0.004214026207610021,-0.011282477375381045,-0.002975446267555871,0.06838419317323681,-0.387598058054542,-0.19824073066428224,0.7024820243302167,2.9986057702457374,-5.429349978912229,15.127159124142263,4.292534486721978,-1.9495685681534478,4.95834688257412,-19.774262758472286,-0.43416028969074727,-1.0490372020922871
0.013689499999999999,0.0034223749999999996,4.0,1.8303695233158916,-1.2086114341373626,0.057227246944801344,0.005531223809442543,-0.014203291976840896,-0.0036939076412874274,0.06838528509047502,-0.35163840458883877,-0.16741274391155792,0.6156596853225487,2.863890331851125,-5.857613340350595,16.83598483818107,4.633517196847045,-2.0221106152020636,5.390322819984448,-21.265863248680823,-0.8676555853246721,-0.8417797166490629
0.013689499999999999,0.0034223749999999996,4.0,1.8215966255865617,-1.199181429170358,0.0561787936665962,0.00715070574037621,-0.017409069034373118,-0.004420807333052701,0.06838584586466412,-0.30444733656262735,-0.12994287474395502,0.509926440709046,2.7496591194481774,-6.226351987439965,18.555977595446862,4.889535264345897,-2.148251546784041,6.136003168495495,-22.859493373015905,-1.4503411230845742,-0.6014075726641385
0.013689499999999999,0.0034223749999999996,4.0,1.8120345474709667,-1.1888875409840176,0.05499497061971283,0.00914073335393013,-0.020889110026802656,-0.005119234767832206,0.06838560386813726,-0.24644229983104174,-0.08624802013049548,0.3871362067892429,2.6807229397569,-6.492980072571768,20.196804777610286,5.0129383286206695,-2.3385015819885457,7.270130253521737,-24.50880962567298,-2.209163533209342,-0.34222135776835416
0.013689499999999999,0.0034223749999999996,4.0,1.8016677947525885,-1.1777428830760492,0.05370187893365305,0.011562551452578963,-0.024617821884318186,-0.00574631174307676,0.06838456087879291,-0.1796502191915414,-0.03751480226273445,0.2515660402080627,2.67955131015593,-6.618112154893013,21.67288965463003,4.965840221530445,-2.595534468519815,8.836688815156585,-26.15955708256448,-3.1673595114001913,-0.08401684163611298
0.013689499999999999,0.0034223749999999996,4.0,1.7904755833436978,-1.1657642531540708,0.05233458762054471,0.014454276477037613,-0.02855308265052575,-0.00626010419860706,0.06838314143283752,-0.1077038566103558,0.014268511939589274,0.10974361954605229,2.7582555504121653,-6.573631828361055,22.92322429674019,4.732589156216155,-2.9098472138306115,10.827736430339462,-27.756523602005785,-4.340734038934692,0.15159166341844818
0.013689499999999999,0.0034223749999999996,4.0,1.7784354734916357,-1.1529698054314823,0.05093111103434226,0.017814350157895634,-0.032641128397624994,-0.00663020413034065,0.0683821782889412,-0.03534671602393954,0.06646239009936154,-0.030350691840642534,2.911504127328349,-6.350223048777579,23.928447822491222,4.328499158220161,-3.25751123087436,13.171650093745688,-29.251418127909048,-5.73376093642477,0.3460071035460108
0.013689499999999999,0.0034223749999999996,4.0,1.7655281076415195,-1.1393760008005327,0.04952539385608881,0.021594638230953356,-0.036828955828772214,-0.006847999291676882,0.06838267731986421,0.032498501660404557,0.11614014568298038,-0.16060979519822513,3.114086066182525,-5.961694381928024,24.717092698205406,3.799682821480432,-3.6020283982860257,15.739181551095733,-30.608948669943597,-7.336207874638553,0.4879423321035007
0.013689499999999999,0.0034223749999999996,4.0,1.7517412988864072,-1.1249947941598035,0.04814217678503963,0.025712147741459863,-0.04107796175240385,-0.006929979583024621,0.06838544382219196,0.09180136555031769,0.1606118499564328,-0.2742937627479829,3.3255614194987166,-5.443866555578858,25.355979438216032,3.2122548159231523,-3.901167836098142,18.369266930586264,-31.809201399533087,-9.12136606703949,0.5756064165994286
0.013689499999999999,0.0034223749999999996,4.0,1.7370717259165966,-1.1098321284677861,0.04679617711810672,0.030076700826302767,-0.04536857061527714,-0.006910366539947746,0.06839076365207493,0.14021165385562964,0.19794660782669427,-0.3671819818353274,3.5010744850242825,-4.847502409514386,25.9270802345523,2.6346622112524942,-4.1172078628633715,20.906639835738215,-32.84631708106777,-11.047212298061112,0.6161333778390935
0.013689499999999999,0.0034223749999999996,4.0,1.7215235903533883,-1.093888298576474,0.04549595227048893,0.03461890531828885,-0.04969233621437827,-0.006827087346666266,0.06839831209963,0.17725083705789302,0.22728112037743833,-0.4379700603287126,3.603852814192802,-4.2272943709283926,26.500669853864657,2.1207782390780148,-4.226514020384544,23.235992304538428,-33.72488356517453,-13.061217941101024,0.6226612061917423
0.013689499999999999,0.0034223749999999996,4.0,1.7051051640860395,-1.0771598222124963,0.04425024552066837,0.039302617095023015,-0.05403922720715892,-0.006709757730823794,0.06840731844920091,0.20389907134898802,0.2487812966972971,-0.4878284757330003,3.6138403183589394,-3.630933684925393,27.116767367636704,1.7007027757095339,-4.224042589640883,25.29860519655396,-34.455701870583546,-15.10782048092767,0.6102022712819463
0.013689499999999999,0.0034223749999999996,4.0,1.6878251026115894,-1.0596417359753234,0.0430732860598797,0.04411853522848887,-0.05839050711792434,-0.006575143630330415,0.06841686423603353,0.22186565722960663,0.26330426077026226,-0.5194142491196556,3.5293614767426464,-3.092136105641745,27.781646317705913,1.3813651812688268,-4.1211189851057215,27.087298152217908,-35.052176370315884,-17.135991226115983,0.5917575083630768
0.013689499999999999,0.0034223749999999996,4.0,1.6696901091243586,-1.0413292460651953,0.0419863256565528,0.049067382313267995,-0.06272069897411742,-0.006429105051498239,0.06842614961227665,0.23292049611715163,0.2719580389451054,-0.5358090859715954,3.36282373145414,-2.6290359187944357,28.477315654616188,1.153657208909876,-3.938749285422963,28.62718927659403,-35.52803153027444,-19.104315001561837,0.5759255539688212
0.013689499999999999,0.0034223749999999996,4.0,1.6507044091052594,-1.0222183027067693,0.04101489862558419,0.054143692696756195,-0.06700503574774933,-0.006270834232577656,0.06843462874214287,0.2385240666988091,0.2757651652229581,-0.5397634362932174,3.1340826218514026,-2.2465639219583067,29.176003903819794,1.0007103878548298,-3.700559587391027,29.954591342639105,-35.89642508409262,-20.982496646790803,0.5664769655396247
0.013689499999999999,0.0034223749999999996,4.0,1.6308704825029121,-1.0023053432665638,0.04018330664494553,0.05932669687076772,-0.0712271137083762,-0.006096363575137492,0.06844201255045346,0.23977095474028834,0.27552570865672116,-0.5333799827370003,2.8647687378875344,-1.94036620529942,29.852147856739773,0.9037171522855932,-3.4281728459511895,31.102576519963925,-36.16998990689307,-22.749943423419836,0.563404108063657
0.013689499999999999,0.0034223749999999996,4.0,1.6101901722491871,-0.9815867219837564,0.03950866460112891,0.06457928586453053,-0.07538333009654094,-0.005900767832748777,0.06844819586425173,0.2375170738747525,0.27185269039878807,-0.5181614119768996,2.5748499792436608,-1.7005452205760605,30.48868608930375,0.8448084566658373,-3.1393500486907624,32.094874577634926,-36.36117311701026,-24.392977538303516,0.5645000694471003
0.013689499999999999,0.0034223749999999996,4.0,1.5886655222771136,-0.960058249418909,0.038996579009509154,0.06985301143210959,-0.07948283997421246,-0.005679671137082234,0.06845317278905656,0.23254016938483635,0.26529183778710635,-0.4952618754072406,2.2810478233414164,-1.5146252594026028,31.078144496740574,0.8082327955286633,-2.8478121122355096,32.945692092325494,-36.48241485498696,-25.90215861720191,0.5667642888940926
0.013689499999999999,0.0034223749999999996,4.0,1.566299089103091,-0.937715060279518,0.03863970352419299,0.07509626166758299,-0.08354327154900083,-0.00543044889553751,0.06845698067873902,0.22563662121392583,0.25643610047002274,-0.4657847621887667,1.9962803564901348,-1.3697193727716246,31.62032532405734,0.780980383714797,-2.563708897572746,33.662645030128004,-36.54596456609674,-27.27058441190873,0.5674285410826123
0.013689499999999999,0.0034223749999999996,4.0,1.543093766098391,-0.9145518616221365,0.03841942004756739,0.08026280122064158,-0.08758369294645794,-0.005152967584603964,0.06845968225078986,0.2176232667000943,0.24597320616519033,-0.43100284083498547,1.7296027242316248,-1.2539755281431415,32.11837100944439,0.7532342516436494,-2.294250761446744,34.25092622885075,-36.56335095208251,-28.493378672496338,0.5646480372151175
0.013689499999999999,0.0034223749999999996,4.0,1.5190523158684137,-0.890563484058499,0.03830995171786711,0.0853182151095943,-0.09161734583786184,-0.004849615300486728,0.06846137193215741,0.2092622175615982,0.23464408188240007,-0.3924210599363773,1.486470315471259,-1.1573948825483809,32.574775721928305,0.7185794041431887,-2.044316248295697,34.71736046114593,-36.54471589798413,-29.56812501085383,0.5578459328244364
0.013689499999999999,0.0034223749999999996,4.0,1.494176861219108,-0.8657455432372584,0.0382835271207008,0.09024249673037339,-0.09564691657819173,-0.004524775364568053,0.0684621845208767,0.20115540322273065,0.22313401505602118,-0.35166351400218454,1.2692641568819727,-1.0721957368441357,32.988775625655485,0.6738843497290387,-1.816878345056434,35.0730446327454,-36.49830521362745,-30.495751586513297,0.5476141881744607
0.013689499999999999,0.0034223749999999996,4.0,1.468468567425042,-0.8400949496926217,0.038314989001897594,0.0950283097398059,-0.09966405310705019,-0.004184217926242163,0.06846229106966571,0.19366461214668126,0.21195415503689702,-0.31024069446191066,1.0779752445772763,-0.9929291289664155,33.35604186085251,0.6188813901207103,-1.6131733251268676,35.333541494343535,-36.430278571605534,-31.281215966345716,0.5351980805495945
0.013689499999999999,0.0034223749999999996,4.0,1.4419276446775189,-0.8136100618575356,0.03838463560017722,0.09967628764139223,-0.10365258601713045,-0.0038346086326472547,0.06846188004886537,0.18689685081171584,0.20137513688559086,-0.2693076646515275,0.910966543839971,-0.916399985880642,33.67043539944135,0.5554895453102655,-1.4328000478749605,35.51675364884519,-36.34482867910474,-31.933409123213785,0.5218335040349903
0.013689499999999999,0.0034223749999999996,4.0,1.4145536168258805,-0.786290477374693,0.03847899985834368,0.10418997634687491,-0.10759299978858233,-0.0034828804288217015,0.06846113242040927,0.1807543978234314,0.19143624830742148,-0.22951467358646094,0.7658030779268952,-0.8412830589245462,33.92646375057299,0.4869414798500269,-1.2740526797012035,35.640033788555854,-36.24461444223591,-32.46418813533271,0.5082496017743066
0.013689499999999999,0.0034223749999999996,4.0,1.3863456670545127,-0.7581366475759121,0.03859014569457021,0.10857229023956116,-0.11146593634218274,-0.0031354666881970167,0.06846020210880872,0.17501403599733428,0.18200583482824767,-0.19098905263642912,0.639983900979439,-0.7675136694238304,34.1212637057938,0.41697272092329657,-1.1344323108689045,35.71798925885141,-36.13148305856886,-32.8869940042926,0.49444840988946515
0.013689499999999999,0.0034223749999999996,4.0,1.3573029264390892,-0.7291494880940138,0.03871426877277277,0.11282337980743404,-0.11525439307919885,-0.0027980628949220822,0.06845920810391205,0.1694104800541959,0.17286478537805472,-0.153445090956854,0.5310877382420246,-0.6959598809468865,34.2560413740012,0.3494617511188275,-1.0108892837139505,35.76073707704858,-36.00697924045811,-33.21536441164041,0.479801545471925
0.013689499999999999,0.0034223749999999996,4.0,1.3274247354416135,-0.6993300027468462,0.03885003767398743,0.11693924535016181,-0.11894507289954656,-0.00247623388244564,0.0684582362880752,0.16373699768263814,0.16381683799917032,-0.11641698227014421,0.4361666050291047,-0.6286549780674894,34.336563054976324,0.288365782426182,-0.8998262918359766,35.77214864287694,-35.87171619652669,-33.46101068242317,0.463659686806872
0.013689499999999999,0.0034223749999999996,4.0,1.2967108873751267,-0.6686789422777786,0.03899702498299474,0.12091216238595028,-0.12252785042924286,-0.002175502969601904,0.06845734516079985,0.15795151524675652,0.15480656302014026,-0.07953634645555602,0.35159212178451804,-0.5685867929184443,34.370498166791464,0.2369106265095035,-0.7979432436912514,35.7506049486584,-35.72385512461591,-33.63164902351719,0.446351121906733
0.013689499999999999,0.0034223749999999996,4.0,1.2651616168269104,-0.6371967475123921,0.03915500741283525,0.12473398250366263,-0.12599227902380497,-0.001899586961526373,0.0684565725318549,0.15218087003876204,0.14593380084159313,-0.04262084248418016,0.27466662414751497,-0.5179317165560356,34.361850967310794,0.19592874672015875,-0.7041388687190542,35.69489318322838,-35.55930878494431,-33.73075990180307,0.42947224457154
0.013689499999999999,0.0034223749999999996,4.0,1.2327771818414632,-0.6048839317138323,0.03932457383685492,0.12839876510068274,-0.12932453796234167,-0.0016491860019342008,0.06845594384031513,0.14655999606669484,0.13729882364081625,-0.005440364390961718,0.20520121343056472,-0.47650369336217047,34.309296927049026,0.16377049921650036,-0.6198884981477287,35.61000078413287,-35.375097955012414,-33.76070050683752,0.41468728471716454
0.013689499999999999,0.0034223749999999996,4.0,1.1995574694059967,-0.5717414695877302,0.0395079836072755,0.13190060792420885,-0.13250899535932686,-0.0014243675407946146,0.06845548058714318,0.14107842018208835,0.1288495329957464,0.03255613979731805,0.14428152829031926,-0.4430094701674954,34.211406176708394,0.1389008125914335,-0.5467380022051511,35.50495977334421,-35.171930920334475,-33.72550090422592,0.40245647391483147
0.013689499999999999,0.0034223749999999996,4.0,1.1655020889858432,-0.5377707203957274,0.03970907873970729,0.13523016316873393,-0.13553115172263894,-0.001227754990387018,0.06845520607659215,0.13562261989675287,0.12042134088098622,0.07222845142219463,0.09196658260350567,-0.4174014495572583,34.06987123796902,0.12191854383187078,-0.4843286671617903,35.386282734794804,-34.95206599485896,-33.62896951472569,0.39236208455828425
0.013689499999999999,0.0034223749999999996,4.0,1.130610690155474,-0.5029731480866821,0.039932775210143115,0.1383747159704565,-0.1383771468255456,-0.0010649099601652853,0.06845515004448519,0.13011552361544884,0.11187458346914914,0.11458866675152345,0.04714237514463456,-0.40126842967250836,33.88577704852714,0.11482857770747444,-0.4313786064048591,35.25598287931304,-34.71550774122257,-33.470554161308925,0.38423623126022294
0.013689499999999999,0.0034223749999999996,4.0,1.0948830792957454,-0.4673502746340985,0.040185195547630066,0.14132002805631574,-0.14103150372625986,-0.0009443174366276653,0.06845535502470587,0.12457273608890501,0.10315029656099778,0.16080946035159394,0.008648084754955012,-0.39706026757909857,33.65552528469563,0.11977102539378962,-0.3873516722491336,35.115189856960576,-34.45950523491896,-33.243867798025136,0.3787035874941785
0.013689499999999999,0.0034223749999999996,4.0,1.0583191784446502,-0.4309038381758368,0.0404747802789944,0.14405225091146492,-0.14347482195481104,-0.0008790552245611868,0.06845588462669848,0.11906131774870546,0.0942282429412998,0.21251400376762317,-0.02380819240300163,-0.4075852962550659,33.3691717211474,0.138737318848794,-0.35326983077321084,34.970970253513364,-34.18174098191744,-32.937779656278046,0.37707802317621236
0.013689499999999999,0.0034223749999999996,4.0,1.0209224408829838,-0.393633907092067,0.04080028023661529,0.14656120781550874,-0.14568007595146454,-0.0008887633908676151,0.06845685301993741,0.11416839913181226,0.08557259555222886,0.27274647536304786,-0.04720541750696314,-0.43427321642337574,33.00801420258879,0.17337634242047859,-0.3328069410117914,34.846786741215226,-33.88661865837736,-32.537898848967465,0.3800123585187542
0.013689499999999999,0.0034223749999999996,4.0,0.9826845188731703,-0.3555492339583383,0.04121194081470202,0.14883982529441706,-0.14761379107036776,-0.0009978984617723223,0.06845837217208346,0.10821554039121278,0.07543450484491566,0.3460996820387001,-0.05432473329918865,-0.47801772256182207,32.54703328244121,0.22772007009377704,-0.33114283366423847,34.7881271086778,-33.596071689034716,-32.02769425886777,0.3854675669634274
0.013689499999999999,0.0034223749999999996,4.0,0.9436060855806881,-0.31665465080651084,0.04173398592458193,0.15086896490460855,-0.14925065311668556,-0.001265856920305544,0.06846068385304868,0.1007814187897992,0.06329808502987438,0.4411307554876157,-0.038242963190007646,-0.5437677240317722,31.962570610523716,0.31312272492482035,-0.34988687340322594,34.85457256765095,-33.35401715275426,-31.373093327575276,0.38812983659323363
0.013689499999999999,0.0034223749999999996,4.0,0.9036841133308037,-0.27695949964556743,0.04242294474677647,0.15260189392000578,-0.15059129959264073,-0.0018060309138781432,0.06846409785615662,0.09060110007891056,0.048010094381050625,0.5700894361354502,0.006842150179946624,-0.642506707386257,31.226580535585686,0.4443652897884379,-0.3900941306674628,35.11636339862858,-33.23541924705395,-30.487005741063633,0.3832519804875161
0.013689499999999999,0.0034223749999999996,4.0,0.8629149086594561,-0.2364768400175029,0.04336510000918284,0.15390907102747972,-0.15172207062178675,-0.002808309808646302,0.06846888390378901,0.07534423418381977,0.028146948834911076,0.7494337171473439,0.10210851219801799,-0.776788681678948,30.328198272893317,0.6195971837026102,-0.463737227817586,35.640290260923386,-33.377467831526964,-29.173386958607303,0.36162871561956855
0.013689499999999999,0.0034223749999999996,4.0,0.8212922231011093,-0.19522567730028237,0.04467246933613987,0.15432609276994316,-0.15307539060279057,-0.004561433120337161,0.06847464087399474,0.04916928500307452,0.001744335486391826,0.9929764866850139,0.3120341029766349,-0.9218364492735913,29.45028915740661,0.7853604302182763,-0.5964950868627519,36.35162019746043,-34.02152128106615,-27.046335766664296,0.28446098388611724
0.013689499999999999,0.0034223749999999996,4.0,0.7788161181785669,-0.15322133444180946,0.04636188850055324,0.15219306252533316,-0.1562030545460512,-0.007420482808255153,0.0684798560756859,0.0023219498642170593,-0.02932037425483695,1.2774759431646607,0.749175002440501,-1.0229661796409253,29.451320954983085,0.8066809427162769,-0.8049183472880042,36.58685004375461,-35.46833359829647,-23.461270016574286,0.05574334484750155
0.013689499999999999,0.0034223749999999996,4.0,0.7356039814782529,-0.11040644104583074,0.047686341571947094,0.14195788191263553,-0.16509264140365398,-0.011439955209833935,0.06849570468137321,-0.04845730395895356,-0.04004916982443058,1.4445516394261373,1.3892367324306167,-0.9923649924765454,32.47208249568679,0.6228613517075445,-1.1156459950595339,33.881089693766846,-37.744233057765435,-17.77952029673875,-0.2735907373710813
0.013689499999999999,0.0034223749999999996,4.0,0.6923399845086007,-0.06658100684557612,0.0452370984488752,0.11179662725213431,-0.18107749524547087,-0.015250067967774832,0.06860504447162027,0.07254943519002408,0.019524955514516763,1.0616259818484628,1.8950393149481413,-0.5846287475517348,39.32676349012553,0.8449496257309012,-2.054785767835147,23.0571074735707,-39.870908266339676,-10.48036712490485,0.15974645288700595
0.013689499999999999,0.0034223749999999996,4.0,0.6498664608331733,-0.022001033428069458,0.03425844642364159,0.06401074657594392,-0.18696760196555726,-0.015054606153419012,0.06880050222172894,0.6290222012549876,0.06829040907392503,-0.2811323328001951,3.8763215994240134,-0.20999344365343298,38.205893230658525,1.524230375137041,-4.2829209243389155,5.559879952745761,-37.48464117453934,-3.4769010809012793,0.4065993249149004
0.013689499999999999,0.0034223749999999996,4.0,0.6497666150279218,0.021615160138564307,0.03668887203290659,0.0010025163350848836,-0.15452300717656225,-0.0022030429701908666,0.06890563832756112,0.590008845445858,-0.12960296189083234,-0.1619099000746001,3.7146108598558203,-1.9490321206883936,40.60142330618015,1.0687323815651382,-4.075527778484945,-4.405058911749267,-39.80985651289956,-0.447264593058271,0.36091691862912106
0.013689499999999999,0.0034223749999999996,4.0,0.6921126408189239,0.06539154061451731,0.05089199420366567,-0.09249588509820261,-0.1916709953837431,0.013947469755443196,0.06845718178979611,-0.0019408386517668138,-0.21155282118862093,1.3740789956452135,1.47653951804347,-0.5250738487975035,38.069124723613164,1.5808042895586036,-0.4822385115495153,-21.218182164369892,-39.50229779072854,5.554726351513998,-0.9943010064939556
0.013689499999999999,0.0034223749999999996,4.0,0.7355902458868147,0.10961435380172205,0.05269566384528051,-0.1414860509931104,-0.17144619408592454,0.01615434846101302,0.06835996812766992,-0.056346898316643745,-0.10484601176715545,1.77526159651273,0.6874123205783645,1.4972787202280486,30.759292294645665,-0.003730515122580969,0.5162143669760932,-33.760153569534225,-38.10372250393324,14.68983992675221,-1.2036266875544572
0.013689499999999999,0.0034223749999999996,4.0,0.7789167201958338,0.1527905709890779,0.04948584819855126,-0.15604825574521775,-0.15861502018092086,0.012203211078955136,0.06842628441366684,0.037755952086241794,-0.06093599522523356,1.5149487165068958,0.013309962300638412,2.0011144755359367,28.20153788744028,-1.2928815428387253,0.18364618746271474,-37.568014353244266,-36.15742369837127,22.220638958097258,-0.196956149763353
0.013689499999999999,0.0034223749999999996,4.0,0.8213710536556567,0.1949799066544793,0.046443492847802,-0.15844765025872254,-0.15511166772825197,0.007817455673747614,0.0684568929687508,0.08265332248434498,-0.05599027065373775,1.1299778087956698,-0.17344792277293913,1.8243648767368497,28.874351114921673,-1.4898442151702713,-0.10648756739381039,-37.471607635051605,-34.648085524276546,26.840958432428216,0.27993549016674907
0.013689499999999999,0.0034223749999999996,4.0,0.8629517444252945,0.23632857318240852,0.04439728554603152,-0.15767905362951493,-0.15418865211432317,0.004824428189081974,0.06846183112815869,0.09440615250453722,-0.05807873938198624,0.8209388211560096,-0.11719453235955794,1.4383629409052296,30.31782621099397,-1.1819653829407857,-0.27371243370336357,-36.58557743449588,-33.98352490745414,29.433318264683603,0.3909069660629217
0.013689499999999999,0.0034223749999999996,4.0,0.9036981939871781,0.2768594513381581,0.04307030293499545,-0.15610099471389363,-0.15341963645288165,0.003055760640783628,0.06846043106062734,0.09888922265243968,-0.06356629661789284,0.6076273767457221,-0.046439051182659466,1.0792526639432565,31.55078428010338,-0.8213678382371999,-0.3605613311834731,-35.92732536149681,-33.88042551124106,30.938539132264843,0.407000382366133
0.013689499999999999,0.0034223749999999996,4.0,0.9436159388600006,0.31657388561442806,0.04216733750246848,-0.1542415901523587,-0.15227923979740887,0.00207235384123448,0.06845835487164542,0.10408743816600458,-0.0720829735593415,0.4616225488063392,-0.012706768928498714,0.8241635926080659,32.433356857043364,-0.5492627527156162,-0.39781908904642144,-35.61517115946787,-34.03814362748467,31.894483251265758,0.41052585797491997
0.013689499999999999,0.0034223749999999996,4.0,0.9827014071894329,0.35547177663177104,0.04151010543446834,-0.15216676086529787,-0.15074801909781768,0.001549588071333229,0.06845668489464671,0.11064156626060903,-0.08227105315411606,0.3562617047766092,-0.0022493228816945717,0.6651905230276861,33.06383525994863,-0.37063113592351016,-0.41332490873196975,-35.53440014861007,-34.292901695518395,32.562931438612424,0.4155742316136645
0.013689499999999999,0.0034223749999999996,4.0,1.0209512319801821,0.39355235812736356,0.041003563039393266,-0.14986940791418268,-0.14888218741891318,0.0012945302341521477,0.06845552122397658,0.11773352103129614,-0.09284338741831842,0.27514868191892883,0.003170615371405723,0.5729651963516866,33.5406126370767,-0.25979586806084626,-0.4257388329817483,-35.577307499054385,-34.57539059775426,33.06507857385229,0.4225682176103428
0.013689499999999999,0.0034223749999999996,4.0,1.058360474400316,0.4308160611723784,0.04060812004882235,-0.1473481695300767,-0.14672885326499013,0.0011996822562456379,0.0684547738770938,0.12421920084979327,-0.10259779429024458,0.2089592613622274,0.013419357834114336,0.5233448523532215,33.92059601150895,-0.19382302163477555,-0.4441407688683451,-35.680050675250655,-34.85930180041514,33.45713079453492,0.43072141103423095
0.013689499999999999,0.0034223749999999996,4.0,1.0949353158960957,0.4672567856401596,0.0402681202521971,-0.14460843459614242,-0.14432381764866414,0.0012104985060604283,0.0684543940899669,0.1309800081950398,-0.11240535231163203,0.15302879463102917,0.032409551531349515,0.5006071009231859,34.232959967729485,-0.15754931922525878,-0.4716556856070852,-35.8085740064161,-35.134105246611185,33.765577147917035,0.43924613407573593
0.013689499999999999,0.0034223749999999996,4.0,1.1306721235907307,0.5028749299822795,0.03997868544883308,-0.1416596961385219,-0.1416951637309748,0.0012927430251287214,0.06845429765186742,0.13734045085791088,-0.12167408901686125,0.10403348871709064,0.06095320706420252,0.49631325543433513,34.49373025149232,-0.14225535640822493,-0.5089289733935513,-35.94502040046625,-35.39751127963014,34.00565013215676,0.4479757663293488
0.013689499999999999,0.0034223749999999996,4.0,1.1655711614954825,0.5376687463616783,0.039727682039018344,-0.13851269651053982,-0.13886560300586823,0.0014279005085303636,0.06845443619517863,0.14330271495592092,-0.1304694267582563,0.060030514927108675,0.09889051821295149,0.5058112806675235,34.71299001688262,-0.1432492261455549,-0.5555232013788011,-36.08083597965084,-35.650759892309516,34.1869097545216,0.45663268316585026
0.013689499999999999,0.0034223749999999996,4.0,1.1996327461631515,0.5716367115164236,0.03950677572489949,-0.1351787976931709,-0.13585358095920042,0.0016052241120404016,0.0684547757414641,0.1488843251357329,-0.1388685035848687,0.019678428084221374,0.1462379060504017,0.5263124376473293,34.89602466362874,-0.15775914773965483,-0.61120079397373,-36.21229273766705,-35.89607262066978,34.31502552151296,0.46496288792332846
0.013689499999999999,0.0034223749999999996,4.0,1.2328572386628724,0.6047774400502871,0.03930982446506079,-0.13166933585163718,-0.1326743533081179,0.0018175347766633987,0.06845529198778137,0.15414046768613845,-0.14697966567743015,-0.018081740619359996,0.20360341967016776,0.5557655387862432,35.04257238266934,-0.1835764515140175,-0.6765440213691424,-36.33643980816628,-36.133710388673606,34.39077514472333,0.47294060169897445
0.013689499999999999,0.0034223749999999996,4.0,1.2652450839024305,0.6370895842390529,0.039132028978492994,-0.12799456548332955,-0.12934150806429048,0.00205989564208607,0.06845596523003072,0.1591784129703044,-0.15495629777959738,-0.05418623143116555,0.2715642078806513,0.5929221107168376,35.148138186986706,-0.21905492695288395,-0.7524175760883688,-36.4484555270182,-36.361122299590726,34.41000074408275,0.4808533682077176
0.013689499999999999,0.0034223749999999996,4.0,1.2967967403455956,0.6685718709367912,0.03896964607726402,-0.12416296139315322,-0.12586812899483066,0.0023291863621274288,0.06845677552576082,0.16412408956264007,-0.16296485418533832,-0.08948375663830131,0.350295638863618,0.6373652030408692,35.20697089679096,-0.2633080434484121,-0.8394236972487125,-36.54200119526846,-36.57473496094788,34.36558914747106,0.4891280583850937
0.013689499999999999,0.0034223749999999996,4.0,1.327512599979698,0.6992231703853268,0.03881996942432547,-0.12018137648264457,-0.12226711693437753,0.0026231006252839867,0.06845769766312018,0.1690878256778206,-0.17115138848861278,-0.12472603466462555,0.43995557196625856,0.6889750378435844,35.21399714155734,-0.3157758334661875,-0.938093601500045,-36.6109486489816,-36.77199852819326,34.24943737116355,0.4981380295337867
0.013689499999999999,0.0034223749999999996,4.0,1.3573930034477462,0.7290424918209494,0.038681404326061465,-0.11605529796618991,-0.11855140787051449,0.002939077339382562,0.0684586951763746,0.17416469205963309,-0.17963957140803044,-0.16055799406458635,0.5411772042267736,0.7473713969659922,35.16526420474565,-0.3755830250343386,-1.0493119042942107,-36.64994699889495,-36.95201587178382,34.0529920440307,0.5081347000674376
0.013689499999999999,0.0034223749999999996,4.0,1.386438317556174,0.7580289422445262,0.038553706712482066,-0.11178865537913153,-0.11473458700129131,0.0032736468016255527,0.06845971305620892,0.17945520818283778,-0.18854533261752135,-0.19749415933892556,0.655316450548253,0.8116774118596771,35.058015533365925,-0.4411073233882122,-1.1745396629208353,-36.65359325617309,-37.11516034104389,33.76693331260284,0.5192232123725825
0.013689499999999999,0.0034223749999999996,4.0,1.4146490033552113,0.786181724784456,0.03843852501335809,-0.10738337132324072,-0.11083166764262037,0.003622063932281526,0.06846066952892318,0.18508191155429907,-0.19798363733602814,-0.23586176363283504,0.7845378814252829,0.8805733771446158,34.89100377678136,-0.5097776717944662,-1.315843188423232,-36.61515644919345,-37.26243471166351,33.38090482575878,0.5313053069979488
0.013689499999999999,0.0034223749999999996,4.0,1.4420256244782732,0.8135002273931666,0.03834030549387027,-0.10283911893567796,-0.10685953830414158,0.003978125891826903,0.06846144884645618,0.19118667462539288,-0.20805363356212594,-0.2757137396606128,0.9317686790826006,0.95261140129915,34.6648969868331,-0.5781066830689943,-1.4757655522108315,-36.52549809406125,-37.394764146191136,32.88364975447329,0.543996873128231
0.013689499999999999,0.0034223749999999996,4.0,1.468568757500189,0.8399842278186115,0.038267471997179295,-0.09815381416174711,-0.10283653726047184,0.004334283301131489,0.06846189894923081,0.19789997057234363,-0.21879795091085955,-0.31673685981364885,1.1004217031746648,1.0268063323763106,34.38238387521047,-0.6420463110274921,-1.6569964033778652,-36.372533387231584,-37.5121732321306,32.263594110555054,0.5565747002032014
0.013689499999999999,0.0034223749999999996,4.0,1.494278780814959,0.8656342070489129,0.03823357658773682,-0.093325311904364,-0.0987807389063636,0.004682208834198587,0.0684618385512965,0.2052804683611955,-0.2301423309410939,-0.35819354043328167,1.293797424019256,1.1034547128531726,34.047695481890706,-0.6977233718452183,-1.861814216983657,-36.14150575093979,-37.612917066637756,31.50983580590627,0.5680167929644003
0.013689499999999999,0.0034223749999999996,4.0,1.5191555617162364,0.8904517061888068,0.03825788682610579,-0.08835448447763672,-0.09470695232997049,0.00501384958350815,0.06846107565827923,0.21323608472991407,-0.2418344177893772,-0.39893403380229947,1.514185038176043,1.1850177456515942,33.665530951920175,-0.742498517344528,-2.0913575511753186,-35.816214776565744,-37.69282711461807,30.61342247172525,0.5771725129992773
0.013689499999999999,0.0034223749999999996,4.0,1.543198138671279,0.9144395919547883,0.0383647390781086,-0.08324938062494444,-0.0906230679263057,0.005322666025205751,0.06845943301362581,0.22145361770858743,-0.2534107862728557,-0.4374975843207799,1.761854702330084,1.2767811433937113,33.23959291518226,-0.7761334135527024,-2.3449070083651087,-35.381079464564735,-37.74515525047162,29.568624655278377,0.583052306035024
0.013689499999999999,0.0034223749999999996,4.0,1.5664045716468278,0.93760205835289,0.03858110915571009,-0.07802944066751767,-0.08652714562126787,0.005604525855687501,0.06845676892919841,0.22937452870659933,-0.2642206889528829,-0.4722901885052788,2.0342368685007766,1.3870003506931585,32.77121299493826,-0.8017129497493023,-2.619430929081253,-34.823398120200395,-37.76095819875461,28.373715212723468,0.5851940605804772
0.013689499999999999,0.0034223749999999996,4.0,1.588772115511281,0.959944262649324,0.0389324059271395,-0.07272786141636105,-0.08240717427424049,0.0058579538761395055,0.06845298239461511,0.23624221635751183,-0.27351148019648003,-0.5017838888096817,2.3254471185612835,1.5264785757526336,32.25902179883297,-0.8260365749972504,-2.9094619686468026,-34.13444178247897,-37.729752784985024,27.030856249700552,0.5840148500855206
0.013689499999999999,0.0034223749999999996,4.0,1.6102977022404534,0.9814716863981042,0.039437399174757255,-0.06739005884129859,-0.0782448216507248,0.006083902134174168,0.06844800364189373,0.2412042876237617,-0.2805377047151676,-0.524645128300616,2.626053466128623,1.7077823712046174,31.70063519202977,-0.8594783931066172,-3.2070413019445922,-33.308026239477456,-37.64010451411608,25.54523904880349,0.5809878358159671
0.013689499999999999,0.0034223749999999996,4.0,1.6309784930460247,1.0021894947421264,0.040103922460113364,-0.0620676086695551,-0.07402243356643433,0.0062853012867934484,0.0684417875750529,0.24340858610101576,-0.2846279171460892,-0.5397079772138714,2.9229226737532175,1.9442327710238563,31.096288681516064,-0.9155455767871022,-3.5014105007200342,-32.33656141407674,-37.4800017517187,23.92424939362204,0.578487826966816
0.013689499999999999,0.0034223749999999996,4.0,1.65081215585241,1.0221021840504387,0.040926977947601445,-0.05680930489561085,-0.06973049147166399,0.006466415624526627,0.06843433362768789,0.24202321809582752,-0.2851622672058163,-0.5457761627433193,3.1991875581880715,2.2485245654352406,30.45298769164188,-1.010358801710091,-3.778421195126728,-31.20618200648214,-37.23703292681313,22.177579397481406,0.5792336369386553
0.013689499999999999,0.0034223749999999996,4.0,1.6697966061193963,1.0412136610543663,0.04189008207516762,-0.05165244765086628,-0.06537240048429155,0.006631904517980875,0.06842574493214511,0.23614853552525428,-0.28146926155340074,-0.5413263570679426,3.434676371090526,2.630680171397593,29.78708991224499,-1.1620542034266825,-4.019979023462971,-29.89318031022334,-36.89837761174819,20.31876313992455,0.5853026523724467
0.013689499999999999,0.0034223749999999996,4.0,1.6879291731384949,1.0595276986666222,0.04296956898226619,-0.04661764782415472,-0.06096476426444472,0.006785458216817629,0.06841631538767315,0.2246544857815349,-0.2727062395026333,-0.5242503076569235,3.6074558007083177,3.0951195899944683,29.1232337057314,-1.3896078592812247,-4.204185066830707,-28.364048406320602,-36.450586662913544,18.367876398400867,0.5967292661223909
0.013689499999999999,0.0034223749999999996,4.0,1.7052054799379832,1.0770485176037026,0.04414051861238458,-0.041709978670626785,-0.056532955588056696,0.006927612712262844,0.06840660306673348,0.20604887378671052,-0.2578211675785996,-0.49180619913190493,3.6973155986031307,3.636878245099436,28.487855719846902,-1.7099050884961893,-4.307250392019877,-26.58181084002991,-35.879257496855985,16.354394549968497,0.6099347934167456
0.013689499999999999,0.0034223749999999996,4.0,1.72161870875639,1.0937810466311753,0.04538220119056727,-0.03692824007838311,-0.0521033701440191,0.007052259956220622,0.06839742525518247,0.17853305285983143,-0.23568855922833332,-0.4409412534507041,3.6915203846692024,4.237642054679242,27.897042594079714,-2.131856398659164,-4.308198830293134,-24.520744464196618,-35.16902031579703,14.318658892802805,0.616678445623931
0.013689499999999999,0.0034223749999999996,4.0,1.737160142545551,1.1097303353381278,0.04668072687531345,-0.03228112138954977,-0.047695765641869364,0.007142498208038842,0.06838971760078587,0.14037686155063497,-0.2054474888606184,-0.36905249729704925,3.5915160268345216,4.863360703153636,27.342120266156176,-2.6481037782519805,-4.1959558145299924,-22.187600920522012,-34.30449947943427,12.310414436103946,0.6044397876954694
0.013689499999999999,0.0034223749999999996,4.0,1.7518215336270382,1.1248998763817346,0.04802744724350195,-0.02780377942273997,-0.04332084154831105,0.007168771049856498,0.06838426030979053,0.09059699130057158,-0.16694562463465457,-0.2750429025697653,3.4172862420256376,5.465876897637257,26.780536615865753,-3.2279342530197095,-3.9759968130506484,-19.640781399335584,-33.27277984407261,10.383828497844913,0.5587105710250116
0.013689499999999999,0.0034223749999999996,4.0,1.7655988295200937,1.139289276684686,0.04941365456732957,-0.02356415650716627,-0.03898663508942431,0.00709329603600484,0.06838137429879347,0.02969821544928185,-0.1210818118143338,-0.16029174052743728,3.2057340958168914,5.989939891664764,26.13989212577428,-3.8167729085329487,-3.6724937337829813,-16.995275628623688,-32.06734310009621,8.590113886923659,0.46675963796609
0.013689499999999999,0.0034223749999999996,4.0,1.7784956526076177,1.152892362318597,0.050824294429312175,-0.019651062444713565,-0.034710617995434775,0.00688169538908066,0.06838075724901813,-0.039905583476927756,-0.06984737645048694,-0.029074075905509783,3.0020570779496443,6.384195967242006,25.337000262095014,-4.345516752026797,-3.3237321013866916,-14.406029009320322,-30.692725828885955,6.970317723256856,0.32167502343704674
0.013689499999999999,0.0034223749999999996,4.0,1.7905246362138005,1.1656968161350392,0.05223418835232841,-0.016147317679539478,-0.03052777130116822,0.006516628032944345,0.06838158245522408,-0.11408483659658587,-0.01601520628313897,0.11184944970500399,2.84718582793772,6.612289202987658,24.305003654976165,-4.7475982707697035,-2.9724509192995243,-12.03393833601851,-29.168511582043475,5.550771997385746,0.12526509136180483
0.013689499999999999,0.0034223749999999996,4.0,1.8017056781373413,1.177685721077982,0.053608930357406034,-0.0131028628684459,-0.02648714377180937,0.0060052107769527855,0.06838282822865888,-0.18779702722876093,0.03739239095439055,0.25438258507226613,2.7668401499214412,6.660028810823919,23.016482061618284,-4.976788494795178,-2.655512205653421,-10.008485327077528,-27.53084738545615,4.342120466924207,-0.11132794426801909
0.013689499999999999,0.0034223749999999996,4.0,1.8120617656639924,1.1888404406908972,0.05491006953137704,-0.01052267305092364,-0.022639622081374457,0.005376270261658904,0.06838365864906659,-0.2561820720566489,0.08764325594840618,0.39057294018979266,2.7667333062640465,6.536570747730424,21.492826115640067,-5.018041415746418,-2.396992783886927,-8.402125911875888,-25.830000760706206,3.3411509268691892,-0.3697405223771211
0.013689499999999999,0.0034223749999999996,4.0,1.8216141451593904,1.1991437460176004,0.05610214673409423,-0.008372412351038794,-0.019026158420184822,0.004670682879753339,0.06838365897618345,-0.3155178238924007,0.13267548723663414,0.5139209645627089,2.834920104549813,6.270110195671382,19.797692296032732,-4.887595458360355,-2.2063127821849493,-7.224260829217081,-24.124000216990655,2.534061983767062,-0.6286073223648639
0.013689499999999999,0.0034223749999999996,4.0,1.8303786215274522,1.208582203693399,0.05715872551845475,-0.0065938029283432575,-0.015672538524442725,0.0039310207365810135,0.06838284507540729,-0.3637301333313492,0.17125826801174815,0.6201669728413524,2.9488858067325467,5.900312644879979,18.019632484981468,-4.624088880660193,-2.0805397701574124,-6.432814823275639,-22.47035223218373,1.900092628891831,-0.8683460365751349
0.013689499999999999,0.0034223749999999996,4.0,1.8383639156467133,1.2171473359715375,0.05806558132112042,-0.005120178878802918,-0.0125901613705528,0.0031944533052502737,0.06838150723954725,-0.4003984971518967,0.20296197480203396,0.7074615259350177,3.0836409345438263,5.470170115203979,16.252013480473302,-4.275913013383563,-2.008828707042813,-5.955119368532034,-20.918671740456944,1.4148969103551698,-1.0748122275010137
0.013689499999999999,0.0034223749999999996,4.0,1.8455719885860071,1.2248355879479618,0.05882073605630465,-0.0038872461572531753,-0.009778982093897966,0.0024893789032013514,0.06838001150382689,-0.4263999628922326,0.2280061352407681,0.7760422172584345,3.2178929169371466,5.0193933655308465,14.57692123177577,-3.8899756261937055,-1.9770437951060713,-5.709086660397172,-19.50628006895962,1.0533444576964146,-1.2408491218310755
0.013689499999999999,0.0034223749999999996,4.0,1.8519996149729585,1.2316474638170776,0.05943216454821072,-0.002838089323046289,-0.007228506839381744,0.0018342680543049603,0.06837865324884107,-0.4434066562254185,0.24705567742562565,0.8276417503697787,3.3371298894219503,4.580398638391871,13.056247887126858,-3.5047106164753994,-1.971333132390816,-5.618893650411761,-18.257310448880055,0.7916334439210654,-1.3657967570311342
0.013689499999999999,0.0034223749999999996,4.0,1.857640379431631,1.2375862814345018,0.05991441299101681,-0.0019217386303817703,-0.004910584353246978,0.0012361238728970008,0.06837759239375836,-0.4534139400520656,0.2610192688117053,0.8648429582830388,3.433961330736781,4.176993317270511,11.730133971091533,-3.1476733490243896,-1.9802270153635884,-5.62358035999307,-17.184878340610194,0.6088430980826242,-1.4537343153731919
0.013689499999999999,0.0034223749999999996,4.0,1.8624864956233125,1.2426569146056992,0.06028519848349417,-0.0010749091707565866,-0.0027345715496560484,0.000680548381053176,0.06837684380880525,-0.458392047318524,0.27088195635010903,0.8905252696833669,3.50677083233619,3.8256108775578537,10.622705587203578,-2.836947095449193,-1.9954043277966476,-5.6804803008943425,-16.297036914904098,0.48880424873027845,-1.5113665045395406
0.013689499999999999,0.0034223749999999996,4.0,1.820060853529693,-1.2438972110827984,0.035491083211003166,-0.00879627512216028,-0.007111896754576217,-0.005543007614867083,0.06845358879811424,-0.11056415589036958,-0.056364488167369664,0.33315104841040316,1.4767428473398103,-5.928079720726836,15.724565537491042,5.643319656275417,-0.6039451384693157,1.7597571018346492,-18.63351544788026,0.6279919417490631,-0.8727977088704946
0.013689499999999999,0.0034223749999999996,4.0,1.8157088301175575,-1.239205632286272,0.03503349875730927,-0.004855656602228034,-0.0038212897421178566,-0.0030025056679667626,0.06845061829974634,-0.07896072014798135,-0.031525292177408404,0.266274063792746,1.4476511330895103,-6.363775776716764,16.856860801764274,6.166721509937836,-0.5103871828774856,1.3642906837574504,-19.648166525434156,0.8027890254275236,-0.9372639502120262
0.013689499999999999,0.0034223749999999996,4.0,1.810568077782093,-1.2336444844468273,0.03446549063499855,-0.003993653439269971,-0.003145402922754356,-0.002448493543178777,0.06844694478191972,-0.0382963740883729,-0.00021445046173881855,0.1817676537429859,1.4321917338428993,-6.680697875037714,17.92671193024265,6.588794577976265,-0.41282559534347035,1.2340541000360408,-20.61858618714268,0.7236819797232428,-1.019366138499429
0.013689499999999999,0.0034223749999999996,4.0,1.8046409495297882,-1.2272122054857335,0.033780259570694145,-0.003590167361287068,-0.0028529427939869008,-0.00218635149636991,0.06844220934440014,0.012533948002296035,0.03821314989078625,0.07803690889042707,1.4435090831273478,-6.966833134726979,19.03935870391583,6.994692330516608,-0.3206184383368103,1.2529126172598024,-21.67602904853922,0.5428671231781736,-1.1228906447905385
0.013689499999999999,0.0034223749999999996,4.0,1.7979276227824608,-1.219908998136088,0.032974805387840124,-0.0033335195041684796,-0.002691203371255064,-0.0020188566142156834,0.0684361484932681,0.07425706219972264,0.08420788942465376,-0.04573911131611619,1.4976610341217607,-7.205855204415251,20.158273091393898,7.3629504487474655,-0.24528560992120096,1.4692443471039378,-22.8149880563717,0.2557793395726671,-1.2523754242005611
0.013689499999999999,0.0034223749999999996,4.0,1.790424819991095,-1.2117375649776858,0.03205297391619248,-0.0031325423803284717,-0.00258791886788626,-0.0018890620388546703,0.06842849180041394,0.14688436591832685,0.13787995658470484,-0.18912727252587325,1.6118776698790909,-7.368266020466965,21.22754235248838,7.65700347466056,-0.19940545050270772,1.9522409076894098,-24.012231825253515,-0.16056613913241022,-1.4124722193763852
0.013689499999999999,0.0034223749999999996,4.0,1.7821250803965876,-1.2027037078977831,0.031026302134443805,-0.002949832919976909,-0.0025130740167376925,-0.0017737712183968667,0.06841900913683543,0.2294185213741563,0.19884843581094205,-0.3500059660116435,1.8011887516614755,-7.421644429421958,22.18852672458324,7.837228165101716,-0.19447073305284537,2.7697420297796156,-25.237568261235058,-0.7349014523097938,-1.6067180186086307
0.013689499999999999,0.0034223749999999996,4.0,1.7730165567887841,-1.1928164776342525,0.029914397813737205,-0.002765818507958734,-0.0024505555836553624,-0.0016615260641830946,0.06840757364742325,0.3196554378002041,0.2661218493180643,-0.5243318055874373,2.0738026996510515,-7.33694859722706,22.992735858238568,7.870037159455821,-0.23793927826767958,3.9702436618603225,-26.45880668410755,-1.4964358591722213,-1.835863421383371
0.013689499999999999,0.0034223749999999996,4.0,1.7630838602178496,-1.182087692512422,0.02874335843624867,-0.002576804196030402,-0.0023892249851635364,-0.0015472196333282588,0.06839423533875987,0.4142209072404971,0.33805160952088115,-0.7062584806944439,2.4262828666333474,-7.094721269408499,23.61459874055578,7.737118291906151,-0.3300208903809082,5.566062131959658,-27.646235533867117,-2.4705374044127,-2.0962619762524413
0.013689499999999999,0.0034223749999999996,4.0,1.7523100210156786,-1.1705307350532375,0.027542374850056693,-0.002379976913464323,-0.0023213519879502565,-0.0014288997517137602,0.06837927816383016,0.5089198498263507,0.41240589281691675,-0.8887047335253437,2.8404013929900764,-6.690828282154175,24.06087259043744,7.442794537909651,-0.4612772034922339,7.520448582618279,-28.77628181289478,-3.6727227018384667,-2.3791241894978428
0.013689499999999999,0.0034223749999999996,4.0,1.7406792142386198,-1.1581587772708977,0.026339295474135355,-0.0021795645669903754,-0.0022417169279342433,-0.001307850479320903,0.06836323410894911,0.5993757035871924,0.48659482814001087,-1.0643289609308857,3.283683824080414,-6.139790043752681,24.372427281093014,7.015971602508328,-0.6123684759965133,9.747437468247128,-29.83353040336005,-5.104295228870667,-2.6713153480838967
0.013689499999999999,0.0034223749999999996,4.0,1.7281794500217673,-1.1449828604804497,0.025156636171719447,-0.0019824706975133544,-0.0021483457343841102,-0.001187551293652793,0.06834683917888669,0.6817997571195935,0.5580316689243163,-1.2266868108465143,3.714648951305283,-5.474200291856218,24.615397198081364,6.504879144612603,-0.7569326227164653,12.125877884665952,-30.810361959493314,-6.749112915134357,-2.957716328588819
0.013689499999999999,0.0034223749999999996,4.0,1.71480428163302,-1.1310104188660495,0.024009638561508773,-0.0017953368902636916,-0.00204243345819623,-0.0010722803945020386,0.06833093884310712,0.7536349725049677,0.6245461462470832,-1.3712157254646513,4.091697197285411,-4.7394578382691925,24.863253274974955,5.965610999146936,-0.8673877513609108,14.525586226039607,-31.704756738871712,-8.573773106375107,-3.2243094459245
0.013689499999999999,0.0034223749999999996,4.0,1.7005529316244805,-1.116244734431991,0.022907209565151323,-0.0016222105130660012,-0.0019271348461072494,-0.0009655602024544288,0.06831637147989773,0.8138428818754335,0.684713319897264,-1.495707757045218,4.382529936662862,-3.985002827886502,25.17621235317062,5.448776121438297,-0.9217941550445492,16.83607569679614,-32.517528432341926,-10.53170950214066,-3.4607357816183084
0.013689499999999999,0.0034223749999999996,4.0,1.685428951167323,-1.1006854303518097,0.021855198070188982,-0.0014639853079579596,-0.0018059220820695135,-0.0008692353187882123,0.0683038627293807,0.8627556475899708,0.7379739267486308,-1.600129322433732,4.570357305097948,-3.2549936199471117,25.58658187068217,4.989640892412607,-0.9089228017509333,18.986289242255822,-33.25025560278237,-12.57025865572146,-3.661434503347012
0.013689499999999999,0.0034223749999999996,4.0,1.6694381732645864,-1.0843296570836365,0.020860292248793176,-0.0013194575152480968,-0.0016815747487422396,-0.0007834970467365389,0.06829394974940992,0.9016136858805961,0.784512894144942,-1.6859300000577824,4.654703385056145,-2.581688167244039,26.095797435696202,4.605073947195996,-0.8294158902614538,20.94839037542977,-33.90448672902708,-14.638358634966938,-3.8252874947946873
0.013689499999999999,0.0034223749999999996,4.0,1.6525869631828811,-1.067173415363076,0.01993256767896775,-0.0011868455379442796,-0.0015561036648250371,-0.0007074766794929032,0.06828696108427862,0.9320290862879835,0.8249772239443681,-1.7551791354317408,4.647451693984384,-1.9832446554823409,26.682559620970025,4.29673483619401,-0.693120927229994,22.72733679867364,-34.482003956364416,-16.69232455869475,-3.9543307667543948
0.013689499999999999,0.0034223749999999996,4.0,1.6348810174583843,-1.0492124835931689,0.019085329673715175,-0.0010648016716787894,-0.0014311658986204396,-0.0006398690290620743,0.06828290109608667,0.9555937284960575,0.8601770089187277,-1.8098746598446143,4.5669247195875124,-1.4653202013484805,27.316060290189945,4.057096549482322,-0.5146096713791664,24.34436152451645,-34.98545218166104,-18.698254152001805,-4.052315048208351
0.013689499999999999,0.0034223749999999996,4.0,1.6163247683516677,-1.030443012353477,0.01833515663750701,-0.0009530546926433011,-0.001308580898463794,-0.0005793812646896527,0.06828152898399095,0.9736161390998714,0.8908244769668896,-1.8516126606893182,4.432693281091103,-1.024552480924516,27.96767623420562,3.874546395519028,-0.30952022560314435,25.822876183861275,-35.419475281878306,-20.63190744138813,-4.123173055487966
0.013689499999999999,0.0034223749999999996,4.0,1.5969223336428755,-1.010861675580518,0.01769465496668339,-0.000850602187830034,-0.001189536249736544,-0.0005246533074084002,0.06828237995191766,0.987249673593803,0.9175040269596136,-1.8815256518323948,4.262851659719453,-0.6522030765612691,28.617327941440944,3.73678975119241,-0.09174650897091184,27.180302757751182,-35.78995523564825,-22.475402220176584,-4.171105150748543
0.013689499999999999,0.0034223749999999996,4.0,1.576677102383125,-0.9904656238303327,0.017171979110171525,-0.000757777518066631,-0.0010758065106080284,-0.00047470245953482634,0.0682847679498344,0.9974579618870758,0.9406252073108998,-1.9004899245778413,4.072863176042243,-0.3370195591281354,29.254630056631683,3.631871181924285,0.12723160494242675,28.425937915614877,-36.1043713586074,-24.215335248110353,-4.200094780984668
0.013689499999999999,0.0034223749999999996,4.0,1.5555920513987538,-0.9692523870302278,0.016767676710550277,-0.0006742403068405911,-0.0009685626629103705,-0.00042867007295952484,0.06828790788103214,1.0051137345995687,0.9604961534649818,-1.9093636134014955,3.8755292414841915,-0.06736735431591859,29.876638884259382,3.5488231615056374,0.3387805776610153,29.56194179072055,-36.37099399001286,-25.84053036409844,-4.2143098191452095
0.013689499999999999,0.0034223749999999996,4.0,1.5336697444869976,-0.9472197636428633,0.01647410181744132,-0.0005993077957112405,-0.000868446639461055,-0.00038589299660108056,0.06829104681732184,1.011025638626531,0.9773960317252187,-1.9091942053524555,3.68113817922942,0.16738268393363237,30.483946500392097,3.4781159150890026,0.5371100332935036,30.58625853873145,-36.59799764798522,-27.341233716424757,-4.218248212522928
0.013689499999999999,0.0034223749999999996,4.0,1.5109123238890703,-0.9243657209753972,0.016275343792487983,-0.0005319986153669808,-0.0007755277771979864,-0.0003458942650003109,0.06829360147438104,1.0159668279645269,0.9916634789921801,-1.9013070973732134,3.497621454694767,0.3761214843025475,31.076655080230275,3.412215861662399,0.7191526358701263,31.49618835485391,-36.79224289067351,-28.709051352360213,-4.216774090564895
0.013689499999999999,0.0034223749999999996,4.0,1.4873210488011608,-0.9006885581773344,0.01615516769682127,-0.0004711729023247077,-0.0006894353229425836,-0.00030831723196039296,0.0682952097151666,1.0204292809735005,1.0035573718442046,-1.8872986293169807,3.3301412750499946,0.5654356622364302,31.65192824140039,3.3454757220457827,0.8835243409852951,32.29221276575104,-36.96021805288108,-29.939435536362144,-4.213665616035292
0.013689499999999999,0.0034223749999999996,4.0,1.4628967013058878,-0.8761867662118965,0.01609306631166654,-0.00041569136365755317,-0.0006094923346553786,-0.0002729305025448906,0.06829578714696982,1.0248406542261905,1.0134310276247602,-1.8688124564048159,3.181644607874748,0.7399256164459294,32.20290302122393,3.274808116074353,1.0306964000472387,32.97994314318072,-37.10601041439264,-31.031158924151914,-4.212341007921994
0.013689499999999999,0.0034223749999999996,4.0,1.4376393680236232,-0.8508592056820802,0.016071655740941534,-0.00036453978988980524,-0.0005349314998100892,-0.0002395542003655361,0.0682954446865771,1.0293748854351004,1.0215664516635898,-1.8473362845077885,3.0527666078784406,0.902249887818313,32.72038324880573,3.199130322625147,1.1619195966006355,33.57056543060332,-37.23288749921042,-31.988236750551618,-4.214686204479072
0.013689499999999999,0.0034223749999999996,4.0,1.411548684902569,-0.8247050696799284,0.016077306318335524,-0.0003168903727420858,-0.0004650176414958009,-0.00020803523348331124,0.06829439822643471,1.0340149481530923,1.0281764909586029,-1.8239913669495347,2.9423949950434363,1.0535772026399854,33.19541097561606,3.1190496811908766,1.2788445603978633,34.07888486961137,-37.34339336504214,-32.819252099804714,-4.2212395554413
0.013689499999999999,0.0034223749999999996,4.0,1.384624069339683,-0.7977238206057939,0.01610054879503816,-0.0002721026766924179,-0.00039910627957563807,-0.00017822641180296382,0.06829287693676452,1.0386120644118535,1.0334024515347948,-1.7994314660655895,2.848342180837013,1.1940931068092069,33.62174805796572,3.0363193853531882,1.3831378558606464,34.52069201443253,-37.43977103207632,-33.53603460735069,-4.231480036697658
0.013689499999999999,0.0034223749999999996,4.0,1.3568649236534291,-0.7699151098933594,0.016135574105065595,-0.000229687912386466,-0.0003366470871275798,-0.00014997612786942115,0.06829106406828174,1.0429567034095606,1.0373301237553034,-1.773858749368274,2.767996965256078,1.3234567641790063,33.997394771865345,2.9532916196550647,1.4762588451969882,34.910567967737784,-37.524410617524815,-34.1520659743429,-4.244255810453068
0.013689499999999999,0.0034223749999999996,4.0,1.3282707639765399,-0.7412787082228366,0.0161792899847324,-0.00018926129817349607,-0.0002771612705064975,-0.00012312835915581614,0.06828909587300255,1.0468444644533859,1.0400174271020295,-1.7471410056331715,2.6987205357800015,1.441041509379897,34.32481489818567,2.8725311182129944,1.5594726734425364,35.25974565347075,-37.599657708602166,-34.68058708202438,-4.258193209222535
0.013689499999999999,0.0034223749999999996,4.0,1.2988413271046246,-0.7118144153175657,0.016230570304186297,-0.00015050357362615715,-0.00022020848796499968,-9.751825615832725e-5,0.06828696896242005,1.0501211829977408,1.0415209866727286,-1.719005109887208,2.637975193682933,1.5460057093649624,34.60906173700712,2.796506884191288,1.6339255817007785,35.57364981736655,-37.666116760696106,-35.131879719404154,-4.271900775383713
0.013689499999999999,0.0034223749999999996,4.0,1.2685766644992174,-0.681521967898507,0.01628808181431996,-0.00011311848678126436,-0.0001653652645320281,-7.298284128044087e-5,0.06828469305926761,1.0527659454559823,1.0419719965242482,-1.6892146866252256,2.583722885070224,1.6377300685543783,34.85334180554755,2.727236863003569,1.7005678096481112,35.85142372105134,-37.71996807862119,-35.510221431228985,-4.284290694718334
0.013689499999999999,0.0034223749999999996,4.0,1.2374770291089292,-0.6504010897870817,0.016351101379147606,-7.681624631970693e-5,-0.00011220469121657435,-4.934694871316539e-5,0.0682822247144126,1.0548290425915372,1.041523280724969,-1.6576051270533059,2.5348321612705034,1.7162973814522684,35.05601868215973,2.6656787720426895,1.7595890424766796,36.09068806607162,-37.75431478037256,-35.81522395451413,-4.29442120374718
0.013689499999999999,0.0034223749999999996,4.0,1.2055428294937538,-0.6184516278974339,0.016418305738329662,-4.1305993841437815e-5,-6.029181041657308e-5,-2.6422391178253315e-5,0.06827955700042336,1.0564212111656437,1.0403425092252458,-1.6239121815471165,2.491275451024799,1.7826484841292323,35.21326553707822,2.6119778500866953,1.8105197940144326,36.2935402540989,-37.76374805051719,-36.04641099759997,-4.301795245039232
0.013689499999999999,0.0034223749999999996,4.0,1.1727741636684599,-0.5856737063845046,0.016493201532641163,-6.29671030536846e-6,-9.185552975690326e-6,-4.011148587746762e-6,0.06827660495919748,1.0574674502896244,1.038380198104138,-1.5876488618284106,2.453148911250619,1.8374774312773543,35.32417855026484,2.565796166142709,1.8522919281272792,36.46727826775924,-37.74877107017731,-36.2075332103925,-4.305440839377897
0.013689499999999999,0.0034223749999999996,4.0,1.1391711706506893,-0.5520675173020921,0.016576226967113143,0.00011225166822328365,-4.3237030959846726e-5,1.7300796898146396e-5,0.06836619340115788,1.058004798204374,1.0356552520691193,-1.5480315617554914,2.4208454021405887,1.8812809083596003,35.38370329664248,2.527417670359428,1.884194228274177,36.61335978021145,-37.704567245565826,-36.29526156965299,-4.305039630414765
0.013689499999999999,0.0034223749999999996,4.0,1.1047338372565105,-0.5176337760699394,0.016670568652600987,0.0002503758906938934,-9.608889537259667e-5,3.863280929310216e-5,0.06836421143634971,1.057979003687188,1.0320635520108592,-1.5040601776904645,2.3944974131585117,1.9134874937946251,35.39409379537122,2.4976348435270053,1.9052722711685457,36.739502728459584,-37.63388160926278,-36.31150365118021,-4.299769684327057
0.013689499999999999,0.0034223749999999996,4.0,1.0694620010599918,-0.4823734736224258,0.016780437550034572,0.0003907019310815814,-0.00014942021592261468,6.0282559435150436e-5,0.06836206010356081,1.0573420482896003,1.0274657651755872,-1.4544584296472818,2.3740977977402284,1.932595966903011,35.34953346732632,2.4781741330730687,1.9144060869824058,36.84787554575908,-37.53269822406594,-36.2486681761451,-4.288503884722633
0.013689499999999999,0.0034223749999999996,4.0,1.0333555865579316,-0.446287916076163,0.016911887999451924,0.000534287117270252,-0.00020362768076444797,8.232310564415823e-5,0.06835977459853529,1.0560784539098287,1.0216870060956578,-1.3974596900028422,2.3596242354673738,1.9361086637823919,35.23794843179114,2.4723247401662953,1.9098596089104534,36.94333805697243,-37.395417087149404,-36.09289180840289,-4.269483844377832
0.013689499999999999,0.0034223749999999996,4.0,0.9964145591427835,-0.40937880853551734,0.01707458303763496,0.0006821405411478606,-0.0002590286352245107,0.00010477576257604628,0.06835738244453166,1.0542006251969709,1.0144379978745859,-1.3302509391536421,2.351851958234889,1.9212148258941835,35.04361863829541,2.4853059973524148,1.8876959987302906,37.04688412222781,-37.22381690863127,-35.828806334727226,-4.239547956965176
0.013689499999999999,0.0034223749999999996,4.0,0.9586390869584551,-0.3716491637976224,0.017283890035305217,0.0008351016948001328,-0.00031579441426250705,0.00012754234253873657,0.06835507836851375,1.0517467085128391,1.0051330781437875,-1.2480733581572374,2.352372248265145,1.8850168398115987,34.754202261730626,2.526291741954198,1.840016068940386,37.205387138718045,-37.038246960519,-35.44166563726738,-4.192388317205527
0.013689499999999999,0.0034223749999999996,4.0,0.9200294760632806,-0.3331042056307004,0.017565635844218774,0.000993579427451682,-0.0003738746194303346,0.00015026981100125047,0.068353200242555,1.0488777013849127,0.9925692817790531,-1.1434147005694406,2.3609485908453487,1.8236077989570125,34.36419796857641,2.6134938606154337,1.7527236696498205,37.48633819282712,-36.88218760207424,-34.902634696031335,-4.113672260495164
0.013689499999999999,0.0034223749999999996,4.0,0.8805877124082413,-0.29375318721907945,0.017958469825433063,0.001157027980243197,-0.00043291459434126035,0.00017214506021687683,0.06835251901861651,1.0463686056888584,0.9744732775409355,-1.0053268145232312,2.3752461693729936,1.736903523531338,33.86849419933021,2.778473213069378,1.5967711642722433,37.968266712514314,-36.82437624864542,-34.13109786341364,-3.9720173336452334
0.013689499999999999,0.0034223749999999996,4.0,0.840320375740316,-0.25361405409420307,0.018517739939756302,0.001322755708343667,-0.0004923773790605515,0.0001915664882805036,0.06835422467320251,1.0459465679235664,0.9460459305880949,-0.8196642587892563,2.3997532365029803,1.6436014259379343,33.301252300222785,3.0629226653272967,1.3074887705178004,38.71339936777714,-36.99210006562941,-32.951719988673,-3.70724200702079
0.013689499999999999,0.0034223749999999996,4.0,0.7992442497807316,-0.21272345956993013,0.0192966024770111,0.001482683160457481,-0.0005529890385092101,0.00020573900360399276,0.0683578689667419,1.050174765941818,0.897634394783022,-0.5768920585843702,2.4757091308813757,1.5971304453675765,32.90925483506407,3.4973096553960783,0.7612422908596281,39.59881918086811,-37.628755415528644,-31.03657552480364,-3.236951421741
0.013689499999999999,0.0034223749999999996,4.0,0.7573978582682576,-0.17114933763514373,0.020222057199814382,0.0016147148118217628,-0.0006217794729470128,0.0002107037060631896,0.06835331644682324,1.0628756625100326,0.8149945606770035,-0.30517039653190864,2.7403864522694423,1.665625106581222,33.49326054077842,4.063819844701765,-0.2057180697379273,39.77300289563734,-39.07086888776139,-27.827248674935518,-2.5346683825315135
0.013689499999999999,0.0034223749999999996,4.0,0.7148628957166528,-0.12898755336572734,0.020679860887850773,0.0016632011407501585,-0.0007179606594881441,0.00020387573587643822,0.06830617312221572,1.0990782501858765,0.6899369443325267,-0.15278299574515075,3.4803133870871306,1.8353513701500304,36.41281864921234,4.717905539372718,-1.671409141638503,36.48710116022826,-41.30379186431604,-22.574429590015587,-1.8089042454486228
0.013689499999999999,0.0034223749999999996,4.0,0.6717053241522929,-0.08633426073349396,0.018964972625180418,0.0015308551985329687,-0.0008355086012650167,0.00019463551530575314,0.06817941425810814,1.2026422347946795,0.5292223046156321,-0.4617572608116859,5.244610555678022,1.9024350100715701,40.18814027760501,5.270173830995959,-3.455019295359736,25.22855171993344,-42.504664569975446,-15.027003979915579,-1.789591260318283
0.013689499999999999,0.0034223749999999996,4.0,0.6274262679206491,-0.0432312505810502,0.014137135239705206,0.0011614129188388903,-0.0008273067484471312,0.00019967534790954307,0.06807344951029846,1.31428034042575,0.3246155363302413,-1.4155611593183683,8.555643199722294,1.330591453756089,33.490983772594504,4.332105355214323,-4.701633865931277,8.90819662966838,-38.24889404360735,-7.063228015182937,-3.8540093337910073
0.013689499999999999,0.0034223749999999996,4.0,0.5808702373256244,0.0006849860530833721,0.010407006819217158,7.693196678836079e-16,-2.0330634971613717e-16,4.456388750314848e-16,0.06856900652175614,1.1056811070792074,0.11248982672220742,-2.263561620624819,10.256383172091114,0.021144391525161524,10.53570471047198,1.006030337988226,-3.9308216763172856,1.9749899012438765,-27.530767747221223,-1.9421903894586798,-6.3255614957738295
0.013689499999999999,0.0034223749999999996,4.0,0.6278815824252023,0.04420416992117277,0.015777081558610833,-0.0009516857188863185,-0.0008346397220949855,-0.00026528481273100437,0.06803810859077565,1.3783372253197126,-0.19212432171179541,-1.198413132037574,8.918553814698841,-3.404616252896441,34.444616168745235,-1.9003865629849441,-5.569429998198994,-5.1191049804111435,-37.97238587154716,0.9180143483436055,-3.349123816499848
0.013689499999999999,0.0034223749999999996,4.0,0.6724589592251157,0.08641358855951192,0.021899044529115425,-0.0014263639467229057,-0.0008719275590852039,-0.00023066588717580156,0.0681956458521516,1.3164198252981247,-0.5508113971546155,-0.08490611490695335,5.283657621918094,-3.941042980066742,40.27372683204281,-4.0032534181884225,-3.8883282749038517,-24.18890320001175,-42.50586574015644,9.373879103791927,-1.3953293470142407
0.013689499999999999,0.0034223749999999996,4.0,0.715602653847089,0.12856650613422416,0.02325892361738941,-0.0016498178297862718,-0.0007139958971709673,-0.00019633882985169867,0.06837372834017723,1.2361688357856295,-0.7868737355818041,0.21109807579537718,3.0021494031733345,-2.460095416727384,35.51067189845858,-5.125664465917653,-1.501657069751946,-37.676463053405435,-41.48103615322263,19.165194327316026,-1.5004923334213898
0.013689499999999999,0.0034223749999999996,4.0,0.7579494230769012,0.17062348399718344,0.021755022186493583,-0.0016229360257793363,-0.0006007285028701899,-0.00018969742233573633,0.06841480296890402,1.1823004415304865,-0.9264303521458972,-0.05252891224270929,2.1664622108781453,-1.362294526631295,32.49391731131113,-5.172399418731972,0.1582730867094527,-41.561414155584664,-39.221450125596256,26.231903744330886,-2.3247352975875977
0.013689499999999999,0.0034223749999999996,4.0,0.7996206196928825,0.21225207352244824,0.020005247317818154,-0.0014902960686016614,-0.0005375978367346487,-0.0001875333881931265,0.06839002014565472,1.1357036147673258,-0.9963524243696659,-0.4340222670459452,2.139451940593217,-1.0165220516395115,32.354199407852064,-4.502600202259978,1.081172990899095,-41.13658069402701,-37.83445437167162,30.473687886919972,-3.220624931492312
0.013689499999999999,0.0034223749999999996,4.0,0.8405927402105011,0.2532252240716433,0.018763525456736336,-0.0013269968419028092,-0.0004843390906075941,-0.0001785643230436744,0.06836451286914197,1.1052592518939224,-1.0250041166937411,-0.7492767387460496,2.31511099641323,-1.1206643293284948,33.25468422275458,-3.7601353723461437,1.5074000299460706,-39.893676788551836,-37.34961034722123,32.929186730718136,-3.822511026359303
0.013689499999999999,0.0034223749999999996,4.0,0.8808084348271782,0.2934306482974917,0.017978668598503715,-0.0011589960913012704,-0.000429137048621945,-0.00016306625506805195,0.06835256234811612,1.0911090137577373,-1.0369150630819597,-0.9749848849237733,2.436952234066057,-1.3619084934832175,34.17778351394015,-3.230811140234867,1.6947019016706422,-38.93223745430527,-37.335035637588135,34.384007398140895,-4.131654135736698
0.013689499999999999,0.0034223749999999996,4.0,0.9202254996084278,0.3328267039001666,0.017479724253330328,-0.0009944113504446682,-0.000372091660581659,-0.00014385416986594922,0.06834995086218788,1.0868221784857746,-1.044076055527804,-1.1346685992753485,2.4831635869920987,-1.5807490931556902,34.854787392034694,-2.9164557891273737,1.7911559562656887,-38.353041966874564,-37.49223630951178,35.28583719962097,-4.274319543257787
0.013689499999999999,0.0034223749999999996,4.0,0.9588228033332723,0.3714009929188608,0.017145113064831474,-0.0008354128287135164,-0.00031491696834046797,-0.0001230102562105712,0.06835147674496614,1.0869432463687991,-1.0501973093853316,-1.2525729456256334,2.490492428514074,-1.7350241587440751,35.305637870078414,-2.745068454744866,1.851804198989216,-38.019605055983455,-37.68594338925292,35.87136969453058,-4.342296627503293
0.013689499999999999,0.0034223749999999996,4.0,0.9965915378408875,0.4091500797864597,0.016906831224417194,-0.000682205225950171,-0.00025860019141090037,-0.00010162777047606612,0.06835435410309633,1.0884579154542429,-1.0558569957127613,-1.3443633381377924,2.4871485185201365,-1.8302357933545061,35.60079809848853,-2.6573075005380233,1.8917640300028795,-37.81250338579057,-37.86906406980956,36.263012048229584,-4.378912548523012
0.013689499999999999,0.0034223749999999996,4.0,1.0335284176009445,0.44607263547679066,0.016726571172870207,-0.0005342392157230053,-0.00020344018505086682,-8.020214173797853e-5,0.06835746793814747,1.0900793239055877,-1.060981898524677,-1.4190095224212333,2.4862203807886405,-1.881589163040885,35.79165517517975,-2.61792762567363,1.9151780433381431,-37.66300510266961,-38.02792313695048,36.522674474546676,-4.401398424126785
0.013689499999999999,0.0034223749999999996,4.0,1.0696315212355365,0.48216844120930075,0.016589063510267833,-0.0003906221421853221,-0.0001493546938548023,-5.893088611781685e-5,0.06836043727019196,1.0910851495824874,-1.0652318158409522,-1.4817690954103915,2.4917744848830816,-1.9013683998471154,35.90792982860029,-2.6073310461195596,1.92337017512993,-37.53587427204182,-38.16190763194497,36.684380344955585,-4.415144660013012
0.013689499999999999,0.0034223749999999996,4.0,1.1049010168845719,0.5174362729184432,0.016475874104747792,-0.0002503098903217685,-9.607488320006427e-5,-3.786899792076275e-5,0.06836317159658967,1.0915713445623678,-1.0688002623917678,-1.5357563346401895,2.505532038993942,-1.8988200515612994,35.96639161235268,-2.6155848305739307,1.917953502333196,-37.41334833804553,-38.27096605068292,36.76453723894631,-4.42348554132714
0.013689499999999999,0.0034223749999999996,4.0,1.139336685181032,0.5518756751586344,0.016380964773835785,-0.00011221977759054297,-4.3237924629522314e-5,-1.6994829706795616e-5,0.06836563243105599,1.0914851690281329,-1.0716676836803702,-1.5830909106168276,2.52731207104017,-1.879071683143279,35.978410204676585,-2.637243182698699,1.900022404510881,-37.287645928220115,-38.359668881779044,36.7755123001516,-4.427334475551049
0.013689499999999999,0.0034223749999999996,4.0,1.1729385892026725,0.5854860833415826,0.01629908661947432,6.319674282002159e-6,-9.216255772467602e-6,3.971930987143328e-6,0.06827458481763636,1.0908782319213164,-1.0738944860953374,-1.6252459246104207,2.55648867961849,-1.8448334620515963,35.95053205294224,-2.6699063101529696,1.870965611671245,-37.153656237872845,-38.431254666148526,36.723813885199775,-4.427454291289734
0.013689499999999999,0.0034223749999999996,4.0,1.2057066166954375,0.6182671284383537,0.016226663811355742,4.144887665021909e-5,-6.047407694156804e-5,2.617154333161529e-5,0.06827808956958856,1.0897789391799626,-1.0755071261695452,-1.6633082421006906,2.592354430241549,-1.7973189099998683,35.881803877028624,-2.7124768736241873,1.8320506983629194,-37.00286134608188,-38.483681426583175,36.608152074107956,-4.424405128604467
0.013689499999999999,0.0034223749999999996,4.0,1.2376405161387427,0.6502188921777967,0.016163495296846787,7.707014015278305e-5,-0.00011251283922351139,4.888173882158798e-5,0.06828118141905604,1.0880986476880399,-1.0764041923620897,-1.6981316671144115,2.6342581486575667,-1.7366336134595903,35.77662372506189,-2.7642101939481387,1.7839817551980974,-36.834699412112364,-38.52242425290091,36.432608141800635,-4.418239903855663
0.013689499999999999,0.0034223749999999996,4.0,1.2687401630399358,0.6813413636045406,0.016104595049197878,0.00011347349040975965,-0.00016577651764243585,7.228858056479037e-5,0.06828405798269914,1.085952804812789,-1.0766529144940569,-1.73037130763061,2.6824558609228486,-1.6630915664009747,35.630241657700395,-2.8247381918206327,1.72752146312898,-36.641798797380076,-38.54394939884849,36.19058884442327,-4.409977324051829
0.013689499999999999,0.0034223749999999996,4.0,1.2990052127227731,0.7116347200914255,0.01605077162216927,0.00015094434611823197,-0.00022069889145382403,9.657216814017982e-5,0.06828668480951562,1.0832682472240691,-1.0761094320470204,-1.7606183123141104,2.7372512380688594,-1.5764893454963491,35.43773557323761,-2.8930728177599714,1.6626347191736548,-36.41779017431377,-38.546889581133094,35.875843496575385,-4.399885957242515
0.013689499999999999,0.0034223749999999996,4.0,1.3284355134569725,0.7410991951677982,0.016001805660427054,0.00018976683259002797,-0.0002777045970890126,0.000121909446343162,0.06828910029979617,1.0800656789027643,-1.0746784133065235,-1.789370917608329,2.7995760067056152,-1.4767868314765282,35.19497642119669,-2.9680624697385594,1.589189909885619,-36.15687758987293,-38.53076460441124,35.48115559057788,-4.388765916591236
0.013689499999999999,0.0034223749999999996,4.0,1.3570310419579836,0.7697350806448351,0.01595837318883884,0.00023023664420234588,-0.00033721895513450753,0.00014846839672651472,0.06829128893261943,1.0764048679963967,-1.072253150531558,-1.8170235715415195,2.8708812038437994,-1.3640891455144804,34.89927114026062,-3.0481097458323947,1.5067947355663507,-35.85306938869921,-38.496242041144754,34.99864812842551,-4.37767593941015
0.013689499999999999,0.0034223749999999996,4.0,1.3847919763984984,0.7975426884673115,0.015922085372757175,0.00027267706368474365,-0.00039968418103585545,0.0001764121365785413,0.06829324984570409,1.0724043398796281,-1.0687297036509473,-1.843806739533012,2.9532186367681827,-1.238791161195763,34.549699717902904,-3.131109614537085,1.414723897453879,-35.499148291642165,-38.444446823124,34.41932677116109,-4.3679425342220615
0.013689499999999999,0.0034223749999999996,4.0,1.4117186944584674,0.8245223942793286,0.015896375721556555,0.00031747306109312836,-0.0004655803190508051,0.0002058861854710135,0.06829485105280135,1.0682242608579189,-1.0639954021798534,-1.8697102208333853,3.0491536115309734,-1.1015495274221574,34.14762799556122,-3.214518423076575,1.3118045898547839,-35.08596777559261,-38.37647427344515,33.73318265409294,-4.360958201385756
0.013689499999999999,0.0034223749999999996,4.0,1.4378117023176646,0.850674668261261,0.01588741723025974,0.0003651071700164548,-0.0005354529592329663,0.0002370245360321616,0.06829591556978955,1.0640338546011838,-1.0579164291788725,-1.894398517358227,3.1614593455469127,-0.9530562921601501,33.69709716309277,-3.2956901812275397,1.1964128797783347,-34.60225314951274,-38.29285627124973,32.929739627133046,-4.3578722253252495
0.013689499999999999,0.0034223749999999996,4.0,1.4630715301897295,0.8760001250974114,0.015904829478230204,0.0004162023342400422,-0.0006099336222347939,0.00026995325176093466,0.06829621921785853,1.059962028314557,-1.0503257784225153,-1.9171457435447006,3.29257541045692,-0.7936041910030226,33.20467746578619,-3.3724571356370765,1.0666295792090266,-34.03513001841665,-38.19296929043183,31.999025773853372,-4.359204989665943
0.013689499999999999,0.0034223749999999996,4.0,1.4874985380686987,0.9004995949049108,0.01596209631420627,0.00047155272119796466,-0.0006897338677933106,0.0003048046166810433,0.06829554753988074,1.056028918127527,-1.041008370327518,-1.9368273303055294,3.443885205402338,-0.6224822455537903,32.67857846705073,-3.443819837312582,0.9205484627699047,-33.371498193375594,-38.074600417652334,30.932947323109243,-4.36443366817224
0.013689499999999999,0.0034223749999999996,4.0,1.511092683630139,0.9241741882760475,0.01607617850547068,0.0005321224448474745,-0.0007755886530076527,0.00034174171310585443,0.0682937847763489,1.0520811932607517,-1.029696016177618,-1.9519916358579652,3.614967749740897,-0.43731777134532734,32.12710882700488,-3.5106122046850694,0.7567455849461757,-32.60008863949218,-37.933833173997044,29.726777599937076,-4.371713334687071
0.013689499999999999,0.0034223749999999996,4.0,1.5338532566034855,0.947025363536505,0.016266492822636397,0.0005989913169310378,-0.0008681378769647009,0.0003809865967978103,0.0682910137876712,1.0477354630038735,-1.0160646088951089,-1.9610179965699068,3.80298392803751,-0.23351924893591816,31.55687592704416,-3.575950480874644,0.5748113767698433,-31.713621922648482,-37.76542339952041,28.38040041247016,-4.3777953048073535
0.013689499999999999,0.0034223749999999996,4.0,1.5557790231126138,0.9690547970981973,0.01655025674926613,0.0006732342376614964,-0.0009677354603458688,0.00042287951733262875,0.06828756521366063,1.0424622911020083,-0.9998170076475057,-1.9622971424234608,4.002561034070374,-0.004112065406765325,30.971376952164984,-3.645571442158812,0.3761678823622743,-30.709844281925164,-37.562615818852215,26.89796217229581,-4.378728916432649
0.013689499999999999,0.0034223749999999996,4.0,1.57686782189218,0.990264570844696,0.01694259073296485,0.0007557635664006879,-0.0010742955462984482,0.0004678853040844278,0.06828403592232946,1.0355039752921125,-0.9806096848956197,-1.9544450993272255,4.20558184158799,0.2602802509802096,30.371281371028573,-3.727401433634042,0.16426119790858806,-29.590538474704733,-37.318389210892256,25.28784352076879,-4.369843039496578
0.013689499999999999,0.0034223749999999996,4.0,1.5971169803574305,1.010657013379379,0.01745142584448288,0.0008471808014555756,-0.0011871762514429364,0.0005166440091438799,0.0682811903098361,1.0260200103545067,-0.958117602669571,-1.9363533454055206,4.40145502154108,0.5708610158954545,29.756609693514367,-3.8313190360923106,-0.05479394315338663,-28.35807995271533,-37.02507663464141,23.560656130152097,-4.346661078387692
0.013689499999999999,0.0034223749999999996,4.0,1.6165233483807386,1.0302347840637693,0.01807671286806503,0.0009477291654461813,-0.0013052207071861633,0.0005699832631344404,0.06827983458151034,1.0130934438324306,-0.9319760275479085,-1.907120406079454,4.577044278183488,0.9398018308689552,29.130572816429538,-3.9686048964840563,-0.2720508748964037,-27.011054463783008,-36.674922321147015,21.72852753468129,-4.3049934032870825
0.013689499999999999,0.0034223749999999996,4.0,1.6350833202454806,1.0490009612951998,0.018810926731859825,0.001057413271425364,-0.001426933809073834,0.0006289201192161504,0.0682806819657136,0.9957096148663155,-0.901715602756194,-1.8658476177229442,4.716504752152955,1.3788159047448052,28.503544951099034,-4.1514752699483175,-0.47573727124039245,-25.540595892665728,-36.26064769806254,19.805527144143603,-4.240767480912562
0.013689499999999999,0.0034223749999999996,4.0,1.652792641562069,1.066959088291693,0.01964310039982157,0.001176300975620736,-0.0015507185907453849,0.0006946375953782963,0.0682842060427497,0.9726255180686464,-0.866676161204408,-1.8113932800886086,4.801239849944245,1.8970371340920977,27.89552429276466,-4.39235171181996,-0.6518444551933598,-23.929120674274387,-35.776531806760495,17.80992897475817,-4.149395394750887
0.013689499999999999,0.0034223749999999996,4.0,1.6696464187717137,1.0841133415610746,0.020555540989421826,0.0013048903969315809,-0.0016750666661084885,0.0007684491346744574,0.06829072533584467,0.9425399820109257,-0.8261296679270782,-1.7421565773855572,4.811281971704981,2.4980265919601092,27.334458084506878,-4.703165113227824,-0.7843369397933547,-22.152380058053748,-35.21692097942355,15.765435887476043,-4.026945031911627
0.013689499999999999,0.0034223749999999996,4.0,1.6856387743804222,1.1004681622265213,0.02153666352849046,0.0014443681084039099,-0.0017984711854634008,0.0008516103555176739,0.0683002460737159,0.9037615479881868,-0.7792034916006025,-1.65614248795002,4.7277100461236845,3.1762346589372705,26.85039776442622,-5.091381537189883,-0.858809667270349,-20.188420877192357,-34.57880579022762,13.705832577443639,-3.8689003788533363
0.013689499999999999,0.0034223749999999996,4.0,1.7007630901291901,1.116027771643934,0.02257705571057109,0.0015963656746363626,-0.0019191432915211199,0.0009449737155953821,0.0683124729122765,0.854614678887285,-0.7252223797528099,-1.5512919465991881,4.538124272320633,3.9134465584086064,26.463397002281006,-5.555272831412504,-0.8656364964024095,-18.03147113086933,-33.85959070384921,11.674237439090954,-3.672487775918225
0.013689499999999999,0.0034223749999999996,4.0,1.7150133117064141,1.1307951887737047,0.02367055447595096,0.001762026845983809,-0.0020345984781023514,0.0010484026304613365,0.06832689606464058,0.7938031567626546,-0.6639915685297204,-1.426174279312959,4.24257313265379,4.677245716470778,26.17051406391426,-6.077816655392123,-0.8045366258823553,-15.708592581118566,-33.0567829880354,9.720939594020559,-3.438036506771436
0.013689499999999999,0.0034223749999999996,4.0,1.7283857313072315,1.1447708839244226,0.024811645621277717,0.0019405970253425719,-0.0021416708275326423,0.0011602154010110707,0.06834280758080037,0.7209568480870719,-0.5960816906016272,-1.28084506124188,3.857600164740409,5.423246601822284,25.93793451364091,-6.6235178465279585,-0.6871559327579839,-13.290104274961982,-32.16776812401207,7.8976548979498356,-3.170444231982426
0.013689499999999999,0.0034223749999999996,4.0,1.7408810654702467,1.1579515739553372,0.02599155884990478,0.0021284218375846957,-0.0022373879496718676,0.0012771464175588716,0.06835937214611595,0.6371048288573439,-0.5229514679894299,-1.1175287343284745,3.4155453339207433,6.101707822826957,25.704213418244624,-7.141444388275064,-0.5358375959632539,-10.885887799767252,-31.19069381230902,6.249934555723942,-2.8797077379574905
0.013689499999999999,0.0034223749999999996,4.0,1.75250582175515,1.1703297183686932,0.027195005509699565,0.0023194121294212297,-0.002320480409191675,0.0013951793580353879,0.06837572917735277,0.5448317947377908,-0.4468266660286474,-0.9407932491576959,2.958413534496785,6.666822331546853,25.39512481790991,-7.575063891866431,-0.3785204490971803,-8.625877797367567,-30.126688854067798,4.810278494463292,-2.5798930853996036
0.013689499999999999,0.0034223749999999996,4.0,1.7632721833521314,1.1818940663568978,0.02839926145236591,0.00250715506385212,-0.0023925821923764584,0.0015109870452236092,0.06839110948120318,0.4479932801067415,-0.37036760982454625,-0.7570792875443514,2.5284456171916654,7.085464103178865,24.944318000007772,-7.87561783253191,-0.2418641312814016,-6.631582173995966,-28.982819970922122,3.5942471267798832,-2.2865814859102636
0.013689499999999999,0.0034223749999999996,4.0,1.773196288257883,1.1926311507100853,0.02957613155090117,0.0026876536033769464,-0.0024584477229624736,0.0016232697510111522,0.06840493510898528,0.35106509612143305,-0.2962487015606698,-0.5737249410911434,2.1591141156686975,7.342489469027062,24.311209037408577,-8.013671896849543,-0.14543049616158035,-4.990057956289508,-27.774465729827035,2.600449084766379,-2.0136836195071166
0.013689499999999999,0.0034223749999999996,4.0,1.7822955023421854,1.2025272393969262,0.03069596438145637,0.0028615844149126883,-0.0025256003574448673,0.001733611302675495,0.068416872813182,0.25835953382954685,-0.22678764885132252,-0.3978194773775511,1.869697737363275,7.441413273593988,23.489733163862034,-7.984511493723734,-0.09878140714149947,-3.7396661339291266,-26.525767129589664,1.8137168364806322,-1.7709163302217754
0.013689499999999999,0.0034223749999999996,4.0,1.790585642839849,1.211570148797617,0.031732119213802104,0.0030361542290141376,-0.0026046203419157602,0.0018472669371933108,0.06842682986675712,0.1733682952415856,-0.16371068343746012,-0.23523635795661282,1.664551608976736,7.401120587008116,22.506519375273573,-7.806237176744562,-0.10171612570866928,-2.8704885753054032,-25.26763868184042,1.2099523672655959,-1.562835483268066
0.013689499999999999,0.0034223749999999996,4.0,1.7980789662076635,1.2197504835302382,0.03266440190196675,0.003228309597528726,-0.0027117020401975435,0.001975121654734241,0.06843490356523026,0.0983978240160242,-0.10807168370333659,-0.09006601172737547,1.5361297399008247,7.2502873995331925,21.41133136039,-7.512518230602098,-0.14667664706479921,-2.336092530180439,-24.033908141865666,0.7612076415320901,-1.3894530928360254
0.013689499999999999,0.0034223749999999996,4.0,1.8047832847578207,1.2270621444828664,0.03348068970439922,0.003474079961565781,-0.0028770604330540664,0.0021397987182742153,0.0684413093500934,0.03452325561106451,-0.06029566553510473,0.03550846513600993,1.4697698266610577,7.021159406760652,20.26423965635475,-7.143266338168091,-0.22198718390974786,-2.070556202993496,-22.856658396213316,0.4402897209392925,-1.24778264275131
0.013689499999999999,0.0034223749999999996,4.0,1.8107022380787499,1.2335022027432783,0.034175915412378424,0.003861424071749885,-0.003173552432433742,0.002397007234625367,0.06844631413297039,-0.01820100485507116,-0.020298431876179378,0.14098907879857098,1.4483120216109522,6.743271662555269,19.122593811839657,-6.735595218481771,-0.3148089775432407,-2.00607155518244,-21.760964992908068,0.22559513934902733,-1.133503044067712
0.013689499999999999,0.0034223749999999996,4.0,1.8158356660408437,1.2390702643241311,0.03475392627145018,0.004691057946556288,-0.0038556794965793634,0.0029397383867081897,0.06845019013184318,-0.06050555546511556,0.012357583780013429,0.2271267504045209,1.4556763762943687,6.433347042726642,18.02434028194385,-6.311491122178875,-0.41344879816526625,-2.094670455134183,-20.75411420172428,0.11339142582067999,-1.042227578129102
0.013689499999999999,0.0034223749999999996,4.0,1.8201814243490169,1.2437677831341316,0.03522049259691318,0.008489891613547892,-0.0071647509658083215,0.005425684130778632,0.0684532987658412,-0.09347246139481165,0.03831620262299317,0.2954625354530364,1.4784890792448582,6.006013172458043,16.864896465978138,-5.788715813485722,-0.5082902746123467,-2.44703899649231,-19.705646029637737,0.2509311854617512,-0.9701988046325114
0.013689499999999999,0.0034223749999999996,4.0,1.8178837193142368,-1.2415522598147033,0.03526504845596966,-0.00030933302412711726,-1.6889202112735843e-5,-8.063210636346577e-5,0.06840882839504793,-0.09509322933170963,-0.04413962460252597,0.300264278761645,1.4605051422342614,-6.425901702788132,16.65542191349005,6.184740455315775,-0.556000347323066,1.1241701238900694,-19.50194532741068,1.1486334242656846,-0.904504794911195
0.013689499999999999,0.0034223749999999996,4.0,1.8131371437386858,-1.236426016171885,0.03475279073749547,-0.001036755789126768,-5.9516500677058695e-5,-0.0002661414003153885,0.06840807626883168,-0.059047650288990776,-0.016114892316195575,0.22469791598413544,1.4371698656962704,-6.689773900026645,17.626224790169804,6.545277335004653,-0.4596837389087884,1.0632753169346876,-20.362112332411062,0.9915997145689026,-0.9774861267874815
0.013689499999999999,0.0034223749999999996,4.0,1.8076032262244435,-1.230429271091527,0.034126250874491365,-0.0015549847548359497,-9.432939032263693e-5,-0.0003916333636345791,0.06840669279673858,-0.013354745913364902,0.018720464134508587,0.13063875364287067,1.433734287849121,-6.958519364568753,18.687717770995025,6.926962674748368,-0.36381810420202026,1.0778144736990791,-21.343670624977655,0.7876874811109996,-1.0699161836471003
0.013689499999999999,0.0034223749999999996,4.0,1.8012833044000964,-1.2235612576004837,0.033380553389274197,-0.0021238573600497004,-0.0001372911004963852,-0.0005226908670039838,0.06840433049573749,0.04292706483624963,0.06092892788272197,0.016829554769507243,1.464944518298721,-7.201111225125252,19.79100743718395,7.294733865123337,-0.27894103003147297,1.2482526852451175,-22.426519099723482,0.4967638759987506,-1.186003488267248
0.013689499999999999,0.0034223749999999996,4.0,1.7941759696506947,-1.21582336957748,0.032515701855342624,-0.0027357892502472138,-0.0001894121216209759,-0.0006545805539175839,0.06840057848783906,0.1102052166084931,0.11080565288820954,-0.11696987730139377,1.5477289236363572,-7.386280677770281,20.878412392215342,7.6111165805499645,-0.21727872701021791,1.647157216438189,-23.58534805965608,0.09213950911892761,-1.3304501966261388
0.013689499999999999,0.0034223749999999996,4.0,1.7862758826529992,-1.2072198257311917,0.03153940075335542,-0.0033739318024847828,-0.00025001174354363775,-0.000779483251404706,0.06839504432370522,0.18801054224251373,0.16822902561652278,-0.26951476364164084,1.698679830678323,-7.480477211971847,21.88825394167729,7.8351406753493755,-0.191161058079159,2.3477222493110257,-24.789831470338974,-0.4554463433906571,-1.5075187725991668
0.013689499999999999,0.0034223749999999996,4.0,1.7775733328436745,-1.197758083914771,0.03046733793351757,-0.004015767994371616,-0.00031543135800196176,-0.0008872346504348136,0.06838748392288987,0.27474712719882266,0.23252035166293,-0.43772198178478344,1.9299569452984713,-7.451889094919237,22.764355789365425,7.928766986597521,-0.21041363091013024,3.4103649677018413,-26.007082313774426,-1.1757716891366943,-1.719543314388343
0.013689499999999999,0.0034223749999999996,4.0,1.7680545185513652,-1.1874486897827767,0.029322695499706838,-0.004632183063405032,-0.00037738720417521197,-0.0009654885930237768,0.068377962077508,0.36759777459844506,0.30235572158773955,-0.6165983340151364,2.244386695756344,-7.275901447093985,23.468135142611946,7.865406471499012,-0.27918135087143775,4.865927176234491,-27.205367568232774,-2.0954996770350824,-1.9652053448849085
0.013689499999999999,0.0034223749999999996,4.0,1.7577029676097622,-1.1763044293869171,0.028133610561867653,-0.005203501300604173,-0.0004215360189134764,-0.0010029290294071883,0.06836699727897094,0.4627137289805067,0.37577499764533545,-0.7995813352935831,2.6312353910995614,-6.940767454660451,23.989983934537488,7.638128397826006,-0.39297502279585955,6.701656179176154,-28.358079195442087,-3.2345360843508533,-2.2382603683037017
0.013689499999999999,0.0034223749999999996,4.0,1.7465019557288677,-1.1643388029646635,0.02692911287722114,-0.005710350089806443,-0.0004296534034809907,-0.0009908239444400611,0.0683556248626293,0.5557212744024341,0.45033038564040273,-0.9793280798641184,3.064721411986386,-6.452162909359648,24.355115992263272,7.264455436444542,-0.5372002003541402,8.853742932688725,-29.446469003391893,-4.600361482464992,-2.527521211632245
0.013689499999999999,0.0034223749999999996,4.0,1.7344373273459097,-1.1515641124745013,0.02573471339295466,-0.0061492826034064045,-0.00038318826773117405,-0.0009278598347682296,0.0683453045178412,0.6424533860148689,0.5233859321511832,-1.1488188621015838,3.5069210698544317,-5.834361699438176,24.61987372380644,6.78440044123242,-0.6884222569971317,11.215225893895346,-30.460242869731296,-6.185016235564635,-2.818498812857297
0.013689499999999999,0.0034223749999999996,4.0,1.7214997919106818,-1.1379896951111368,0.024569286596821605,-0.006530155544509478,-0.00026882831887197834,-0.0008215504677199894,0.06833762542186633,0.7196876694915016,0.5925191409629234,-1.3024725895482463,3.9151196528829817,-5.127091661021581,24.857450986904787,6.251546413757391,-0.8188476547113369,13.657014057045252,-31.395809987791115,-7.963525315576416,-3.0962719981716442
0.013689499999999999,0.0034223749999999996,4.0,1.7076858637187278,-1.12362087813403,0.023444565190432982,-0.006869467965213231,-8.114765702121451e-5,-0.0006861765213487433,0.06833387009989475,0.7856302110878367,0.6559090912376466,-1.4369044296520317,4.251426843929323,-4.378264443495655,25.137392769635532,5.72001103324588,-0.9029766113750928,16.05650267456321,-32.25340364635314,-9.895825834174941,-3.348450232554231
0.013689499999999999,0.0034223749999999996,4.0,1.6929971849332697,-1.1084589759916936,0.022367415166799125,-0.0071814655896535375,0.00017939052370583844,-0.000538129524474623,0.06833464519157349,0.8399791690946975,0.7125706435434109,-1.5510679607144264,4.490973069764051,-3.6347340829323533,25.50705772195716,5.232499492835723,-0.9239010381382642,18.322525846517664,-33.034577412792984,-11.932099710495693,-3.567072031625788
0.013689499999999999,0.0034223749999999996,4.0,1.677438712589095,-1.0925021974834206,0.021343673573563617,-0.007472796321733164,0.0005106643633851415,-0.00039171953493958786,0.06833978909349447,0.8835929102317369,0.7623490338401173,-1.6457833396920718,4.625481185106877,-2.934260669281204,25.98272911120778,4.813971930427893,-0.8765340728307053,20.40697601135291,-33.740954557001906,-14.020113234138183,-3.7489471122761775
0.013689499999999999,0.0034223749999999996,4.0,1.661016771127994,-1.0757469715720769,0.02038146785931313,-0.007742892229974969,0.0009115047215656159,-0.0002573653566457004,0.06834856503260349,0.917963273603375,0.8057032313491356,-1.7229116208676096,4.661417329679662,-2.3012209659431555,26.55289756024867,4.472206907505709,-0.7666625152827709,22.300599635508366,-34.374151010001604,-16.112111218394837,-3.8947548143968875
0.013689499999999999,0.0034223749999999996,4.0,1.6437373578121983,-1.058189108264325,0.01949277721926609,-0.007988065520700811,0.001381242484450245,-0.00014181806221629298,0.06835995030504514,0.944721643385513,0.8433943185544494,-1.784551972975184,4.614640921742048,-1.746540949370201,27.1898414541532,4.202922189744327,-0.6070879207338663,24.018488108684885,-34.93637114632005,-18.169197283214928,-4.007553001008183
0.013689499999999999,0.0034223749999999996,4.0,1.6256055502443159,-1.03982450323179,0.01869310763123712,-0.008209097771039692,0.0019155825597175604,-4.950725072970101e-5,0.06837284484645635,0.9653190926929965,0.8761986811330174,-1.83251610960828,4.50458067954679,-1.2704718855065198,27.862569868674814,3.9956116124633643,-0.41332774399796823,25.58450049941127,-35.43108120674113,-20.16275888589434,-4.091252935548811
0.013689499999999999,0.0034223749999999996,4.0,1.60662565178888,-1.0206496136524357,0.017997114113519192,-0.008402002455380498,0.0025113268128387246,1.9020123467536885e-5,0.06838624591266526,0.980990904757649,0.904773487922141,-1.8681482971606045,4.350284010632526,-0.8664115152092225,28.546224384973574,3.837997053060717,-0.20027288001674112,27.01936044843602,-35.863339927043064,-22.07183729870115,-4.150011130615785
0.013689499999999999,0.0034223749999999996,4.0,1.5868013449560416,-1.0006613536834992,0.01741568882146888,-0.008576941836519062,0.003155093730162194,6.380755196048728e-5,0.06839928013237874,0.9927778427245016,0.9296067822458713,-1.8924217974279463,4.168540858343498,-0.5239785789233803,29.22497760853706,3.7177894333517454,0.019321008871363395,28.337105770114697,-36.23914787537259,-23.88186472834327,-4.187861867214859
0.013689499999999999,0.0034223749999999996,4.0,1.5661357991587326,-0.9798570835349556,0.016953340606197256,-0.008744479173036538,0.0038310286515644675,8.741356904556333e-5,0.06841126293894599,1.001590235686875,0.9510471039842446,-1.90617213557612,3.9734423252750433,-0.2316361835254401,29.891692412679557,3.6235985869764127,0.2354016436322526,29.543847741241166,-36.56553524901124,-25.58145406268832,-4.208843968907295
0.013689499999999999,0.0034223749999999996,4.0,1.5446317884059124,-0.9582344826407215,0.01660643876960823,-0.008916173762756375,0.004521385215736524,9.396801914138422e-5,0.06842173127356027,1.0082677568500789,0.9693793398066974,-1.9103316282346525,3.7764983676950794,0.021640517397922335,30.5446323289334,3.5453587195026572,0.4407919370433369,30.639991563155327,-36.84972995220802,-27.160984123168067,-4.217290304738418
0.013689499999999999,0.0034223749999999996,4.0,1.522291631197701,-0.9357914595544459,0.01636360171275301,-0.00910185195245106,0.0052093542993822935,8.848150580572061e-5,0.068430449030749,1.013580145000971,0.984888703541057,-1.906088361740631,3.5867528392285295,0.24533483929700317,31.183549693663426,3.474741010146472,0.6310536490422578,31.623430010629868,-37.098446953929596,-28.61217925737658,-4.21780648827079
0.013689499999999999,0.0034223749999999996,4.0,1.4991171763050222,-0.9125260836531665,0.0162062764582864,-0.00930760884690044,0.0058814961846766515,7.588952686302054e-5,0.06843738590934234,1.0182432703496147,0.997934882091288,-1.8949028549712839,3.410895220890968,0.44698428253001843,31.806283854896726,3.405612758870773,0.8042602365528193,32.49302984132842,-37.31691659476266,-29.928337725593906,-4.215155457443783
0.013689499999999999,0.0034223749999999996,4.0,1.475109302237775,-0.8884368035004866,0.016117758971446197,-0.009534696643710382,0.006528963307001672,6.0854692814416565e-5,0.06844265480260364,1.02264420319278,1.0087695267168952,-1.8784369104725547,3.2528021117328354,0.6317683054181137,32.40741568920524,3.333744835270741,0.9598211605880899,33.251953196236066,-37.510354965459655,-31.107135284052685,-4.212623272320924
0.013689499999999999,0.0034223749999999996,4.0,1.4502684702483815,-0.8635222739760535,0.016078139662640434,-0.009779814420439549,0.007146866223955809,4.650342798910833e-5,0.06844647850040815,1.0271081959462216,1.017734301715735,-1.8582792901705005,3.1142604368433315,0.8031034986637239,32.978215634636044,3.2573492229750087,1.0987410655346563,33.90855434782769,-37.68182387200477,-32.14962524624272,-4.213001502377987
0.013689499999999999,0.0034223749999999996,4.0,1.424594511853517,-0.8377815290788286,0.016071809218762757,-0.01003759484151576,0.007733924133472172,3.479076720001558e-5,0.0684491207331271,1.0317072030921424,1.0250779998476471,-1.835752334482435,2.9949491979254765,0.9627188200489694,33.50912820356014,3.176374341450013,1.2225263266079183,34.47586113310104,-37.83404278340593,-33.061944105508665,-4.217475524533398
0.013689499999999999,0.0034223749999999996,4.0,1.3980869241533154,-0.8112139079412582,0.016087258148529626,-0.010301413618994993,0.008290246350302516,2.6537712708435732e-5,0.06845084664633068,1.0363491049370388,1.030976199510393,-1.81174633146099,2.893126516135994,1.1111782727996795,33.992269897193694,3.0921207867921456,1.3328745052300668,34.969086009101666,-37.96930412183309,-33.85410431498256,-4.226001021366063
0.013689499999999999,0.0034223749999999996,4.0,1.3707450955566798,-0.7838189782939634,0.016116964529404292,-0.010564736520730053,0.008816107332840484,2.178563787759479e-5,0.06845189517214831,1.0408458185596665,1.0355393603115237,-1.7866785869439075,2.806322965876396,1.2483631319263482,34.42339673589311,3.0066964288491427,1.4313607216558089,35.40324832425698,-38.0898584011097,-34.53856505197613,-4.2376836875322015
0.013689499999999999,0.0034223749999999996,4.0,1.3425684782647649,-0.7555964536516595,0.016156590147526347,-0.010821789135967843,0.00931119025833143,2.0041503404672487e-5,0.06845246435859931,1.0449839511934202,1.038836117042595,-1.7605619591081514,2.731887997918956,1.3738187776907866,34.802776340981055,2.922554910614528,1.5193328406028748,35.79118474018291,-38.19811786298772,-35.128599110369755,-4.251220838521831
0.013689499999999999,0.0034223749999999996,4.0,1.3135566698019148,-0.7265461538446735,0.016204278970205037,-0.011067748382169972,0.009774296035959399,2.0875469851807532e-5,0.06845271588084044,1.0485736976821916,1.0409146872706652,-1.733168507046998,2.667209196841077,1.4868249422294066,35.13447789928998,2.842205228210735,1.597983232218575,36.14117462544573,-38.295794075399556,-35.63608891735933,-4.26519242905966
0.013689499999999999,0.0034223749999999996,4.0,1.2837095827909788,-0.6966678294109525,0.016258796254617135,-0.011298698052816879,0.010203313679496458,2.350693412730848e-5,0.06845277035505379,1.051529813902045,1.0418702637894302,-1.7042251765564862,2.609949022630374,1.5866506051950129,35.42306180748307,2.7679065475800297,1.6684185030756313,36.45498950228787,-38.381246337834774,-36.06821451934276,-4.278367525706003
0.013689499999999999,0.0034223749999999996,4.0,1.2530273784744579,-0.6659612076154268,0.01631914357870612,-0.011511082930379406,0.010595683116330851,2.7281548150521974e-5,0.06845271711792786,1.0538723727275183,1.0418492496012288,-1.6735432327799231,2.558470662635525,1.6730250494168426,35.669156302504796,2.701125789867294,1.7312507592499473,36.72992851764737,-38.448462668841536,-36.426232295172,-4.28972142188547
0.013689499999999999,0.0034223749999999996,4.0,1.2215103666729872,-0.634426044894764,0.01638481111494487,-0.011701160261590345,0.010948942260489872,3.178836432988603e-5,0.0684526229795699,1.0556696594020727,1.0409996742163106,-1.6409373027883454,2.512191346468342,1.7465086165067443,35.86919131256586,2.642253953216139,1.7862454438661413,36.96515679319768,-38.49059692706985,-36.70897824262364,-4.2984367903344864
0.013689499999999999,0.0034223749999999996,4.0,1.1891589584760438,-0.6020623776936044,0.016455184870161375,-0.011865290394468857,0.011261080052091539,3.6408253758250206e-5,0.0684525485260514,1.0570066584060944,1.0394442218599533,-1.6060317967846296,2.471372189254338,1.8082135707065912,36.020171524530944,2.591183166071387,1.8327138311062223,37.16545454371214,-38.504577772460436,-36.91742356748484,-4.304086020360555
0.013689499999999999,0.0034223749999999996,4.0,1.1559730975865696,-0.5688702394121626,0.01653376985838939,-0.011998889887060427,0.011529592370573851,4.176912838377274e-5,0.06845251649693351,1.0578048144390073,1.0371103175836307,-1.568194168199793,2.436159310712955,1.8586012037493391,36.12238385661833,2.547786664408373,1.8696321898813508,37.33849344137217,-38.49199832810421,-37.05541221517974,-4.305791500594309
0.013689499999999999,0.0034223749999999996,4.0,1.1219529394871137,-0.5348501810750661,0.01662203538014175,-0.012094582296050087,0.011748478177692005,4.740715461163426e-5,0.0684525727632265,1.0580656354452131,1.0339649191529028,-1.5265296255766359,2.4068434883799554,1.89772600891436,36.1750778347377,2.5125579325495337,1.8962149768896108,37.48915509693858,-38.45227067941412,-37.12269899840217,-4.303058465269568
0.013689499999999999,0.0034223749999999996,4.0,1.0870983658740954,-0.5000030285135333,0.016723565517486362,-0.012149310961531868,0.011915405200090694,5.304391048823015e-5,0.06845276024543771,1.057737002349187,1.029886671980636,-1.4799117268387323,2.383501206385953,1.9246498622096764,36.1735453968122,2.4866146153257196,1.9114406768447,37.61902817931732,-38.38156555671917,-37.113456158336405,-4.294941883230658
0.013689499999999999,0.0034223749999999996,4.0,1.051409218350529,-0.4643299256284311,0.0168433341660521,-0.012159286149179651,0.012026838641363651,5.796556691611772e-5,0.06845314342463077,1.0567849616818994,1.0247215558630094,-1.42686180087428,2.366062479953602,1.9373933702289476,36.10800225112709,2.4723581731189306,1.9140009603296417,37.72966231082844,-38.27362169964437,-37.01586740862249,-4.280063440283246
0.013689499999999999,0.0034223749999999996,4.0,1.014885481305538,-0.4278323450989337,0.01698917439948351,-0.01212042085624977,0.01207932590728136,6.120254210496799e-5,0.06845381926479274,1.055202795908858,1.0182461447310585,-1.3651847917192759,2.354762157248113,1.933232814289346,35.963885817298674,2.473890362062262,1.9012909160321874,37.83209296860371,-38.125081000188224,-36.814592245183825,-4.256053073280299
0.013689499999999999,0.0034223749999999996,4.0,0.9775272200702995,-0.3905125139547339,0.017172605315247776,-0.01202854968344584,0.012069742455868657,6.224716906523763e-5,0.06845501016292359,1.0530376930114984,1.0100761009311652,-1.2912050266535382,2.3510186808447866,1.9095024932322038,35.72579078614001,2.4979645591783144,1.8676062326013656,37.9596694751827,-37.945406009621415,-36.49450453786824,-4.21862491344615
0.013689499999999999,0.0034223749999999996,4.0,0.9393345762345554,-0.3523744075438855,0.017414412334183362,-0.011881207848552691,0.011994164936801034,6.145073873513177e-5,0.06845710512302171,1.0503277465373568,0.999331139685586,-1.1988692217982713,2.3558156578386833,1.8626803259129343,35.38518270542675,2.557542668097695,1.8023678588212093,38.17098111164266,-37.76669357532803,-36.03741292937499,-4.1581835166599
0.013689499999999999,0.0034223749999999996,4.0,0.9003084407951737,-0.3134249456454518,0.017746126936193617,-0.01168103882290495,0.011845330912409885,6.0072851417141505e-5,0.0684610061255201,1.0474871333271654,0.9843803843716036,-1.0790211242590118,2.367502570100265,1.7894275245245819,34.93626546689103,2.6774646930949726,1.6858196650323736,38.540087007614204,-37.642984992149856,-35.3938554754374,-4.053322235132637
0.013689499999999999,0.0034223749999999996,4.0,0.8604526226386753,-0.2736768662780879,0.01821475363217599,-0.01144280967318028,0.011606988406731335,6.412220327269144e-5,0.06846878159536991,1.0457496830135944,0.9619424067579843,-0.9188720826761004,2.385144498165062,1.6962488141891783,34.38118060921061,2.8960254364863944,1.474234837968338,39.146081154470615,-37.664538518386806,-34.44210895259394,-3.8593793361333986
0.013689499999999999,0.0034223749999999996,4.0,0.8197778671686525,-0.2331559067547363,0.01888045865320616,-0.011219304202416947,0.011229650143012035,9.614287324966384e-5,0.06848475537878301,1.0473080578712304,0.9250542756047265,-0.7046002839567402,2.4259446162741742,1.6166057111896308,33.824501296639305,3.2552655732410294,1.075292292847589,39.999089995585905,-38.0073193693097,-32.94235248563965,-3.5012369091217623
0.013689499999999999,0.0034223749999999996,4.0,0.7783098279086104,-0.19191319355207317,0.01976116667999855,-0.011179435210359401,0.010554302404737039,0.00021898854733289,0.06851578400498576,1.055085125888805,0.8612629237949456,-0.4388709067176686,2.5710905640536805,1.6140767902542141,33.732390532263956,3.7691272071532564,0.33704264888904933,40.723656928971415,-38.96778097688123,-30.46963373048691,-2.9081332129427317
0.013689499999999999,0.0034223749999999996,4.0,0.7361059335249753,-0.1500331796271085,0.020590270594966924,-0.011791080195905274,0.009148643216087986,0.0005546098003555512,0.06856533135440335,1.0760009092776404,0.7572344920061245,-0.1964803050476021,3.027535957969401,1.7229518548181375,35.249866391496326,4.406166925321757,-0.8831976115734012,39.72162259857884,-40.78544828385472,-26.37134044872202,-2.1443383463960015
0.013689499999999999,0.0034223749999999996,4.0,0.6932655650817534,-0.10761500074165094,0.020225123962876713,-0.01397107895665331,0.0063151816536657825,0.001194614377449422,0.06860461054575644,1.1400773695040436,0.6134366710688052,-0.22513764050842947,4.186547308727483,1.8405623167127494,39.115912650827795,5.1145594740739915,-2.555252011358046,33.031466006900054,-42.74183816342014,-20.044208690847253,-1.6312952973694428
0.013689499999999999,0.0034223749999999996,4.0,0.6496795044663346,-0.06474523445426465,0.01680280639339954,-0.017976022121487623,0.0024836208403662876,0.0017780020358245812,0.06851217431019403,1.2751516418985396,0.4327652998589351,-0.881293850379708,6.762742855854331,1.6347110068333552,39.320402249271744,5.239392044742848,-4.251541937627898,18.089239682461816,-41.53573663774091,-12.131067700751066,-2.511200918226431
0.013689499999999999,0.0034223749999999996,4.0,0.6043534738290253,-0.02132003951993721,0.011716906388713717,-0.02014280413549381,0.0009581444949761288,0.0015073515422763307,0.06823762433556799,1.2646120485086534,0.21132504719279574,-1.9327420624408773,10.01311990591441,0.6015485742459818,23.161272050867538,2.8792051555734566,-4.594028678984036,5.027406904469509,-33.479638072236455,-5.407966376165212,-5.41909122693038
0.013689499999999999,0.0034223749999999996,4.0,0.6045761028084659,0.022618476341410995,0.012419386379969227,0.0020813610324506102,0.009180344502097688,-0.0008335098590165023,0.06886687161239795,1.2977362211549086,-0.011922703749077857,-1.8312452258977234,10.276567599147016,-1.7456739738009652,24.399313308218616,-0.446945334184738,-5.160298643795878,0.5095833878140299,-33.79592514558713,-1.0133420774914896,-5.116268955351134
0.013689499999999999,0.0034223749999999996,4.0,0.6503209562980992,0.06526082207174934,0.019276493797791568,0.02115234378835969,8.72972574696429e-5,-0.0042242137015439316,0.06850617336553065,1.3658359966050249,-0.38265563153390086,-0.5652249079534665,7.036963404953203,-3.871920297322187,39.837955894334975,-3.3544316452514162,-5.024050804944414,-15.737213789429124,-41.20895209689833,6.036462405023814,-2.012912600008779
0.013689499999999999,0.0034223749999999996,4.0,0.6940476233765931,0.10738053548848332,0.02315689417909054,0.014115655860021415,0.00526637652545049,-0.0022448076127721244,0.06865007012023025,1.2705183880439872,-0.6829954072727692,0.165145072587362,3.940890502366552,-3.114749987053086,38.54568898042856,-4.816561417477346,-2.63768284222999,-33.312908718936306,-42.8040147617822,15.473573076842664,-1.303207660136561
0.013689499999999999,0.0034223749999999996,4.0,0.736759746974191,0.14952715608591155,0.022655743158790653,0.01095262393227384,0.008780253301788358,-0.0006161206910278,0.06861232578024122,1.208516788263859,-0.8664378273796919,0.11676234781532538,2.4393783845577532,-1.7852411350422002,34.16928610390087,-5.308019401419179,-0.5743222792155139,-41.32192589817391,-40.926000865252895,23.915765759067416,-1.865056105342239
0.013689499999999999,0.0034223749999999996,4.0,0.7787659575081352,0.1914053523591253,0.020835567876216796,0.010341869437224703,0.010253564646283728,1.5361421751889737e-5,0.06853837798528707,1.1576492286561277,-0.9682951856321945,-0.24469136598725877,2.0968440476325476,-1.1243137693728709,32.89971702667824,-4.869724644902997,0.697372733877194,-42.37949717705435,-39.106829015316606,29.413332238767193,-2.794216781509741
0.013689499999999999,0.0034223749999999996,4.0,0.8200941043579857,0.2327262697191756,0.01932009371126537,0.010609806869753779,0.010898757138811324,0.00012740040135995038,0.06848943189694112,1.118242257645281,-1.0139449815045625,-0.6026401178301518,2.2256500078746493,-1.055294207141289,33.51133256641933,-4.094266486650489,1.3373102288964231,-41.307090012971315,-38.259977462762016,32.65258549862562,-3.5629602367710733
0.013689499999999999,0.0034223749999999996,4.0,0.8606945754157915,0.2733238251672042,0.018327238435800496,0.011056023536651987,0.011296031552583201,8.595107623182247e-5,0.06846662280649675,1.096556439856881,-1.0320027793662014,-0.8715649196648956,2.38670955040287,-1.254178046989744,34.514216971327876,-3.4494128335988723,1.6183331029007932,-40.17418490643577,-38.081996442631194,34.55501763450233,-4.005042653303665
0.013689499999999999,0.0034223749999999996,4.0,0.9005146625407943,0.31312718007460916,0.017703863588189785,0.011470369207058797,0.011601371878657117,2.8261698782243514e-5,0.0684575754781318,1.088144661177196,-1.0407186190004314,-1.0609564250838777,2.4672136257997894,-1.4900589658322876,35.33878593139285,-3.039876252490923,1.7491223045341016,-39.43205927395355,-38.195048640542566,35.711387233196085,-4.216335930333895
0.013689499999999999,0.0034223749999999996,4.0,0.9395234779406085,0.35211305627450157,0.017298002944505474,0.011806861109826388,0.01183848108162331,-1.3819982937573414e-5,0.06845409895969354,1.0865703942912086,-1.047181168587251,-1.1973527943898457,2.489495991044053,-1.6736423159126985,35.906585050499594,-2.809719529105983,1.824385860432835,-39.00488879676906,-38.392067763359,36.44667626171115,-4.3138818514768875
0.013689499999999999,0.0034223749999999996,4.0,0.9777071410390078,0.39027495083576214,0.0170173838789506,0.012063340064745003,0.012004802964713164,-3.961123235933992e-5,0.06845267440720838,1.0876338536106,-1.0530738964488746,-1.3008013720747142,2.489069335691277,-1.7936470302812035,36.279166205800344,-2.688836828021646,1.8739128954749518,-38.752386499529344,-38.59068098275381,36.93174065353121,-4.362982231166227
0.013689499999999999,0.0034223749999999996,4.0,1.015060136296962,0.4276109189540549,0.016812093661107644,0.012245643051630055,0.012098435060264144,-5.358200537095538e-5,0.06845203644798459,1.089272628228632,-1.0584612984667032,-1.3832388113277028,2.485940278627372,-1.8628062960408962,36.52015361916673,-2.630615788716834,1.9052990646342565,-38.58210550699647,-38.765169500580434,37.25463901577215,-4.391239343261628
0.013689499999999999,0.0034223749999999996,4.0,1.0515802044914169,0.4641202207672931,0.016655245114909976,0.0123603124767943,0.012120697790859771,-5.978028492989416e-5,0.06845176020154249,1.0906138605182312,-1.0631542415277933,-1.4514802911520788,2.4879381744817284,-1.8952823861730483,36.66908057313841,-2.6090856908206055,1.9209694113513882,-38.44471197186172,-38.909531365301426,37.46065459251538,-4.408907585833116
0.013689499999999999,0.0034223749999999996,4.0,1.0872666324275106,0.4998020039712134,0.016530098898669774,0.01241379648364367,0.012074634595337181,-6.0538934476756564e-5,0.06845165971813111,1.0914014729629244,-1.0670973347235497,-1.5095479884328307,2.497587145216069,-1.901723084877905,36.74831442984553,-2.610301953120885,1.9223246605114792,-38.315412258226765,-39.0238491926423,37.57388711623094,-4.41991180572755
0.013689499999999999,0.0034223749999999996,4.0,1.1221192129307411,0.5346556956565758,0.01642679749219246,0.012412039587770516,0.01196416753876233,-5.843461729056837e-5,0.06845167344928178,1.0915965909104957,-1.0703086785423808,-1.5600094500478738,2.5153854295184837,-1.8889034571347243,36.771699411412534,-2.6269054327104833,1.9105206364122258,-38.182600579632876,-39.111395735643775,37.60911307860942,-4.425906065930709
0.013689499999999999,0.0034223749999999996,4.0,1.156138005982176,0.568680651258395,0.01633890078078998,0.012360599800494532,0.011793281897725116,-5.4863303552096334e-5,0.06845176308815103,1.0912462380776753,-1.0728516865606856,-1.6046105494258922,2.5409328641886693,-1.8605888535393453,36.748997616320416,-2.655363868129362,1.8868891613828627,-38.041326742834954,-39.17694165137771,37.57634925374779,-4.4278220255715315
0.013689499999999999,0.0034223749999999996,4.0,1.1893230208284964,0.6018764224505905,0.01626212746988719,0.01226402047621789,0.011564903636391273,-5.053314828174811e-5,0.0684519031196474,1.090391972868926,-1.0747715204997574,-1.6446115633370608,2.5735066435005236,-1.8185295471951857,36.68619720593164,-2.6941779007833384,1.8527947203126511,-37.888171375013414,-39.224412145155455,37.4813644990902,-4.426301363813176
0.013689499999999999,0.0034223749999999996,4.0,1.221673964351383,0.634242789060557,0.016195275439774292,0.012130603361089584,0.01128557187235142,-4.64254747198958e-5,0.06845205956411039,1.088977970636179,-1.0760072194130776,-1.6809732785372482,2.612340216442408,-1.7631791733734206,36.58484976203776,-2.7425296355961004,1.8091872952614039,-37.71854302972321,-39.25552310824628,37.325572140137716,-4.421527511703809
0.013689499999999999,0.0034223749999999996,4.0,1.253190830770483,0.6657798846354246,0.01613357157866918,0.011965605218174835,0.010958671363090958,-4.17918463639363e-5,0.06845221698804317,1.0871000266164648,-1.0766210506274154,-1.7144274015314056,2.6574104887507395,-1.6949621367951724,36.44171725017699,-2.8000107084894803,1.7569934745583895,-37.5256320705517,-39.267687800305744,37.104296129612486,-4.414403963309127
0.013689499999999999,0.0034223749999999996,4.0,1.2838732195133138,0.6964877651817509,0.01607726095264731,0.011773067569361516,0.010587134186825605,-3.778203484865387e-5,0.06845231993632425,1.0846867297055756,-1.0764878488435545,-1.7456070427089991,2.7087945351054077,-1.613632845305651,36.25210890790794,-2.865850274765565,1.6963571209941684,-37.3028957212061,-39.259201762880586,36.8118998237627,-4.405151656099575
0.013689499999999999,0.0034223749999999996,4.0,1.3137209206552187,0.7263666407893523,0.01602584282311784,0.011557337075605714,0.010173937974473963,-3.497410569751886e-5,0.06845230449115418,1.0817400552045395,-1.0755160938391306,-1.7750525455233652,2.76717476726303,-1.5190724695406645,36.01155519364965,-2.9391111980093974,1.627257833084436,-37.044532379955974,-39.22910402840875,36.44166507906673,-4.394432600347464
0.013689499999999999,0.0034223749999999996,4.0,1.342733850304668,0.7554167667057121,0.01597942734505925,0.011322898144141058,0.00972169138929384,-3.401148720084748e-5,0.06845208259007264,1.078302006931874,-1.0736073786547211,-1.8032146693060693,2.833738027022159,-1.4112469699737609,35.71680406004639,-3.0184981755375926,1.5494509301011763,-36.7450634100788,-39.17773262922695,35.986362781786134,-4.383188957123337
0.013689499999999999,0.0034223749999999996,4.0,1.370912055450029,0.7836384657357551,0.01593931538648298,0.01107457227752891,0.00923245776295419,-3.5684930130347e-5,0.06845153657165434,1.0744525644563383,-1.070648406468412,-1.8304177788590754,2.9102127104463382,-1.290316957490169,35.3661646661076,-3.1022107930877176,1.4623743525918713,-36.39831356599366,-39.10628839214238,35.437957647302774,-4.372587063038211
0.013689499999999999,0.0034223749999999996,4.0,1.3982558416337492,0.8110320566759655,0.015907694852905333,0.010817802163980919,0.008707564671429548,-4.051230377361112e-5,0.0684505053282231,1.070342084904054,-1.0665399031316622,-1.8567809643457869,2.998943813273824,-1.156792194560352,34.95989936519074,-3.1879634908301644,1.3651085367777571,-35.99650669916852,-39.016002562483614,34.787195943031435,-4.36405235005158
0.013689499999999999,0.0034223749999999996,4.0,1.4247656510611788,0.8375979639358698,0.015889327287711405,0.010558741908696172,0.008147597508410848,-4.916635178436597e-5,0.06844879162098996,1.0661372624490477,-1.0611575854777384,-1.882143771257349,3.1026460701296883,-1.0113296662329048,34.500755546299104,-3.273151212448405,1.2562418707335326,-35.52981442405247,-38.90786082600393,34.024152316661656,-4.358887940863221
0.013689499999999999,0.0034223749999999996,4.0,1.4504420218376166,0.8633367207665195,0.015892006331803266,0.010304184363674133,0.0075525872948070194,-6.179589061816587e-5,0.06844615721278316,1.0619952007018787,-1.0543533639745348,-1.9059825159196315,3.224007891618005,-0.8544718954651347,33.99413468841885,-3.355302724989363,1.133976743157792,-34.98647329623105,-38.7819324117639,33.13887305382786,-4.357984634775799
0.013689499999999999,0.0034223749999999996,4.0,1.4752854275254053,0.8882490392299305,0.015927251115219317,0.010060936425194806,0.0069227319917889805,-7.773433099238751e-5,0.06844233714311743,1.0579996935122635,-1.0459379690141186,-1.927370395919947,3.3650398229717338,-0.6861315108090295,33.44763419676268,-3.432707282832897,0.9963527307330463,-34.353690136388664,-38.63690296387674,32.12254535692005,-4.361392553704779
0.013689499999999999,0.0034223749999999996,4.0,1.4992960577878116,0.9123358810951407,0.016010375480335494,0.0098345216246405,0.006259586841333283,-9.509506560464916e-5,0.06843706614680703,1.0540918307062437,-1.035669841573548,-1.9450069412619218,3.526317422448039,-0.5049684070198167,32.86988250298372,-3.5050845709912504,0.8416363491058542,-33.61930910003187,-38.46985633962177,30.96888651996499,-4.367953771553891
0.013689499999999999,0.0034223749999999996,4.0,1.522473519445671,0.9355985468857471,0.016160118899505676,0.00962843539109104,0.005568236889510736,-0.000110624830884337,0.0684301178274658,1.0499946957442272,-1.0232417176659407,-1.9573374841305173,3.7062531585037255,-0.3077528566373461,32.268950910162324,-3.5741289214705154,0.6687995543769639,-32.77398738505649,-38.276639160190925,29.6756168386453,-4.375052712880691
0.013689499999999999,0.0034223749999999996,4.0,1.5448169742128368,0.9580385417760017,0.01639424681933958,0.009441638403436483,0.004857690099607226,-0.00011946274972885856,0.06842137298584072,1.0452852972496565,-1.0083673602998997,-1.9627120555683175,3.9008326878005093,-0.08906731002542953,31.65059104482422,-3.6440246818694546,0.4783632888679964,-31.81275584942216,-38.0515732098227,28.244399112887745,-4.379195976668506
0.013689499999999999,0.0034223749999999996,4.0,1.5663245953464497,0.9796578070547761,0.016730253388860913,0.009268170373054899,0.004141684546284196,-0.00011615512226371966,0.06841085799953062,1.0392783574844753,-0.9906975885683511,-1.9596265188711846,4.103245088889425,0.15898967821494278,31.017685773652754,-3.721221446178924,0.2725970401785138,-30.73522338838018,-37.78890971489057,26.681429068507633,-4.375842129067938
0.013689499999999999,0.0034223749999999996,4.0,1.5869939951090113,1.0004585222022868,0.01717965761837734,0.009098089036648015,0.003437578519362699,-9.515070832172892e-5,0.06839880564769485,1.0311815063797005,-0.9699102848931574,-1.9468306526335333,4.3041671292689605,0.44642800294446144,30.37127865852016,-3.814360172949165,0.05625750382290488,-29.543274645977707,-37.48229837757949,24.995563192298093,-4.360424633091863
0.013689499999999999,0.0034223749999999996,4.0,1.6068222561180292,1.020443168467321,0.017746493737783163,0.008919484637827033,0.002763885361231731,-5.1800849380929156e-5,0.06838567559656403,1.0201161792907758,-0.9456682868391846,-1.9233382559264738,4.4917700307569906,0.7847984926820172,29.713593891444102,-3.9338048408339628,-0.163157726995145,-28.23713231950228,-37.125125326500964,23.19737824148189,-4.328612303761848
0.013689499999999999,0.0034223749999999996,4.0,1.6258060119529085,1.0396145969884873,0.018426823241448374,0.008721371822728719,0.002137277135527177,1.6888576181588665e-5,0.0683721482895252,1.0051240565797463,-0.9175641700046533,-1.888281507503906,4.651608146120359,1.1861106894442432,29.051947888281532,-4.091203946505709,-0.37529238268305104,-26.81130668148834,-36.710804030797114,21.29906446955873,-4.276315763437309
0.013689499999999999,0.0034223749999999996,4.0,1.643941438858254,1.057976112179323,0.0192099685831233,0.008496415466488022,0.001570140342192247,0.00011182091570849405,0.06835909332338155,0.9851277049308804,-0.8850586270753009,-1.8406673604180357,4.76649974203276,1.6611109555461092,28.40199838795848,-4.2990652105352805,-0.5670608015536716,-25.25204820420764,-36.23318620666034,19.315714203338164,-4.199438940479088
0.013689499999999999,0.0034223749999999996,4.0,1.6612238247207047,1.0755315474810323,0.020084306966045185,0.008242422503799906,0.0010696154923453289,0.00023156253622228548,0.06834751358937291,0.9587500907931992,-0.8473974936928896,-1.7791602839565241,4.816802062688935,2.2167711014975087,27.788660215360775,-4.56969212151311,-0.7236681027605267,-23.53787943195451,-35.68780162290043,17.268438199928873,-4.093133959928406
0.013689499999999999,0.0034223749999999996,4.0,1.6776478764849378,1.0922852675660244,0.021031888385992768,0.007961878118601474,0.0006384343091182668,0.0003723843597515239,0.06833851591385665,0.9245937860309275,-0.8038149589080951,-1.7019323975210505,4.782727163765778,2.852932810102793,27.241969133428803,-4.913927365530737,-0.8291147548818214,-21.64417984324917,-35.069641108821564,15.185108228015451,-3.9536124088839566
0.013689499999999999,0.0034223749999999996,4.0,1.6932073437138837,1.1082416891912064,0.02204284242734105,0.007658913652507472,0.0002773695664087276,0.0005274492847853085,0.06833313658605483,0.8809125742037428,-0.7534875769405692,-1.6068954735529926,4.647804655976989,3.5586999933344705,26.788716484787756,-5.335907244598076,-0.8709127018360798,-19.55517416063614,-34.37617679760288,13.10452021659174,-3.7768919541409085
0.013689499999999999,0.0034223749999999996,4.0,1.7078956606413478,1.1234045830570267,0.02310964862323739,0.007334616088816101,-1.2212336342224198e-5,0.0006861581406312526,0.06833213901147818,0.8261536113864979,-0.6959366463668627,-1.4922034670638753,4.405086515939479,4.309596170325322,26.439043314319317,-5.827752420747446,-0.8435756775086654,-17.279365192982084,-33.60494595556401,11.073804098338496,-3.5615108384308156
0.013689499999999999,0.0034223749999999996,4.0,1.7217076773589124,1.1377758746801223,0.024226903244957854,0.006982727745374966,-0.0002276289301334747,0.0008338100809310032,0.06833572355630728,0.7594102879931361,-0.6313173565677536,-1.3570576521065696,4.062499508305338,5.067700051362062,26.175184096186744,-6.3643461633714455,-0.7525894336508266,-14.864125764661136,-32.7533887375147,9.144351307744804,-3.3099100746545105
0.013689499999999999,0.0034223749999999996,4.0,1.7346416388512256,1.1513542980974283,0.025387975951094082,0.006589027198007616,-0.0003673229596403665,0.0009533210923300721,0.06834332504774181,0.6809593580388864,-0.5606372370922582,-1.202524782008721,3.644796437545251,5.785957901318179,25.948472399748333,-6.902772695684002,-0.6152782536375976,-12.399914942372982,-31.818992356011456,7.364967045480045,-3.029518183907655
0.013689499999999999,0.0034223749999999996,4.0,1.7467010276252097,1.164134473544197,0.026581177094277916,0.006136455354138716,-0.00043523562468695664,0.0010293701391963209,0.06835368661189853,0.592602900396655,-0.48576192762163567,-1.0320010272538895,3.190083153867056,6.416195979775928,25.68845742866657,-7.388623126035711,-0.4575242148829292,-10.008808983517163,-30.800641192518775,5.774663210669937,-2.732558938984127
0.013689499999999999,0.0034223749999999996,4.0,1.7578952604162028,1.1761069054730262,0.027787502527243116,0.005613988363308159,-0.00044332537372280623,0.0010531738245881266,0.06836521465947398,0.4976105165188818,-0.409178955750438,-0.8510676883424826,2.7416616926571304,6.918315590582854,25.321532149884405,-7.767923429087756,-0.3074494380613578,-7.819812207895923,-29.701255059363763,4.3975362844001324,-2.4342122545957734
0.013689499999999999,0.0034223749999999996,4.0,1.7682387481222928,1.187259037225514,0.028981161901166397,0.0050236307004765555,-0.00040952304358495874,0.0010248519843631858,0.0683764173188354,0.4002333373894565,-0.3336042538712096,-0.6667395189735646,2.3383518502866285,7.267542116938488,24.79140748733479,-8.0002016486831,-0.18875109306130997,-5.940483731686432,-28.530825161531308,3.2410749991359595,-2.149600757225317
0.013689499999999999,0.0034223749999999996,4.0,1.7777485744330916,1.1975770423696146,0.030132719448253402,0.004381102891227234,-0.0003525852728754697,0.0009520709057266551,0.0683862147786423,0.30495516542317713,-0.2615719709597484,-0.4863603441856608,2.006982564156719,7.457624279482596,24.07330809115168,-8.067516766860184,-0.11619963267596596,-4.435824676859551,-27.308296528096438,2.297747168938641,-1.8907829314807543
0.013689499999999999,0.0034223749999999996,4.0,1.7864416297037928,1.207047773102731,0.031213532722070017,0.00371083523608517,-0.0002875983812682206,0.0008464636738089353,0.06839404786622362,0.21574411703830973,-0.19512504754614174,-0.31650955188754903,1.7592919350052116,7.499672828415586,23.17765018077217,-7.976459271133282,-0.09435204400193677,-3.3208983027127923,-26.06109263933594,1.5487356926497575,-1.6649398910032749
0.013689499999999999,0.0034223749999999996,4.0,1.794332139770272,1.21566032501813,0.03219985037890421,0.003039185645246125,-0.000224246934678485,0.0007201791336261928,0.06839982378678115,0.13552887094114113,-0.13565807971055263,-0.16221759297809876,1.5932549828515215,7.417825004742213,22.14408207218212,-7.7535512806942455,-0.11901659781112604,-2.5669201287991066,-24.822276183589654,0.9684500934603748,-1.4742383850403953
0.013689499999999999,0.0034223749999999996,4.0,1.8014301992531452,1.223406916815246,0.03307539378763527,0.00238896781978897,-0.00016738811360137817,0.0005837267440429806,0.06840377282021234,0.06599621904033749,-0.08390321983521928,-0.026622615375603887,1.4972284541351315,7.243559294779244,21.030071869668806,-7.436962844876562,-0.18022270119045078,-2.115643962210342,-23.62645292362928,0.5286857042742605,-1.3170057529446808
0.013689499999999999,0.0034223749999999996,4.0,1.807741433560058,1.2302830566690253,0.033832049921704695,0.0017770415798286517,-0.00011859758856144732,0.00044523776328854914,0.06840628502020157,0.007676213136157557,-0.04001753917886573,0.08896451987790564,1.4548585738789443,7.010286171163133,19.89873409793976,-7.067946724316847,-0.2654374778035893,-1.8956934220951707,-22.505847007544887,0.2018387496488227,-1.1894210960753542
0.013689499999999999,0.0034223749999999996,4.0,1.813267657711582,1.236287172804011,0.03446812815055434,0.0012097946727930456,-7.737443885369558e-5,0.00030944292471457504,0.06840778194716121,-0.03977500892985835,-0.003723188932937243,0.18472158055501758,1.4491583946084372,6.749295206336489,18.809160008193665,-6.684535451326811,-0.36214619282440574,-1.835784918418576,-21.48752288863043,-0.03735107013040908,-1.0870122017840325
0.013689499999999999,0.0034223749999999996,4.0,1.8180074289006176,1.2414198525262332,0.03498990887258848,0.0006733973545034411,-4.156705288834171e-5,0.000175175506292925,0.06840861050705817,-0.0773230414934811,0.02553395742546223,0.26183750538618383,1.4653228044332605,6.487529384585285,17.810839717510383,-6.317705722906148,-0.4596613701849498,-1.8726283229182825,-20.59247536961864,-0.2112884255345599,-1.0056614342483097
0.013689499999999999,0.0034223749999999996,4.0,1.7893391483600156,-1.2438907543291031,0.020631815486204685,-0.0065994195092788,-0.002455567764460069,-0.0033932734474208352,0.06845145611611259,0.13373835579284393,0.1184574664745554,-0.1626939370438543,1.3308255848346688,-6.30251836692999,16.632796435607876,7.734124030429608,0.7906509167920841,-2.3282278161815126,-18.665480857621382,1.8631128392127774,-2.121476501626751
0.013689499999999999,0.0034223749999999996,4.0,1.7849180212085147,-1.2392603728920968,0.02033804321997498,-0.003516658665559721,-0.0012942601891367544,-0.0017937017123193081,0.06845018955848677,0.17080735016837906,0.15084770417672944,-0.2506543011316509,1.429857313536225,-6.506239382544153,17.195528231819218,8.135745541187417,0.9230325485565505,-2.723103358083345,-19.323269897039236,2.0046712907891733,-2.3528898620927774
0.013689499999999999,0.0034223749999999996,4.0,1.779687450131046,-1.233777012688219,0.019979866931614267,-0.002833936894515509,-0.0010445481427338683,-0.0014364650620929864,0.06844865192994554,0.21616086316429142,0.19037025837615498,-0.3580922209246597,1.5714524350660803,-6.599012406491278,17.70511948838549,8.464251105589257,1.061722522992163,-2.8995907357957305,-20.0019431742953,1.936772567979504,-2.6331749580582438
0.013689499999999999,0.0034223749999999996,4.0,1.7736471374670453,-1.2274408521515237,0.019555649157977886,-0.0025002986877759826,-0.000927363161996182,-0.001259555061946171,0.06844682694135625,0.26994570013696967,0.23718983200493193,-0.48539965728326445,1.7666580792154782,-6.626519800128756,18.170661395130708,8.763155545077664,1.19611948092215,-2.9396253642807615,-20.73782206194109,1.772320570354619,-2.9627775601376256
0.013689499999999999,0.0034223749999999996,4.0,1.7667955400513327,-1.2202531632638878,0.01906621212825065,-0.0022795759324561148,-0.0008548429090149749,-0.0011414028804633955,0.06844470257942835,0.33184717184115614,0.2911543985614041,-0.6320235321770389,2.0255266902413758,-6.5704576041705955,18.553609179343177,9.010128121599982,1.3143895583613439,-2.799542459378406,-21.51898067426456,1.5005746042048063,-3.3399162486027154
0.013689499999999999,0.0034223749999999996,4.0,1.7591295408166028,-1.2122166123979874,0.018515607402528722,-0.002109642281274758,-0.0008041400530329818,-0.0010501792742004536,0.06844227912646512,0.40091918540841703,0.35167314499916524,-0.7961333851213165,2.354581015808646,-6.407558742197949,18.815314274807335,9.176253202014323,1.40508632588556,-2.4254845395261264,-22.327608419940766,1.09677082454177,-3.7596673416942084
0.013689499999999999,0.0034223749999999996,4.0,1.7506443284461173,-1.2033353993074123,0.017911466150208562,-0.0019597586642253095,-0.0007637498991132192,-0.0009703046130534062,0.0684395806706715,0.47547992228067487,0.41762915129094735,-0.9744225907862762,2.7537697821485647,-6.1184478895449095,18.928602196719154,9.235655095381894,1.4595042450971785,-1.7731559064552642,-23.145131825008853,0.5340103786403818,-4.213274027245745
0.013689499999999999,0.0034223749999999996,4.0,1.741333606934168,-1.1936151350573756,0.01726469493644509,-0.001818758422687892,-0.0007290250865077104,-0.0008961224158233645,0.06843666842114096,0.5531336775837707,0.4873633730511382,-1.1621523693901232,3.213675982717515,-5.6926128871189885,18.886193199136443,9.171585622899672,1.4743406776925385,-0.8203416697639188,-23.954331799981347,-0.2123592221322335,-4.68801666041005
0.013689499999999999,0.0034223749999999996,4.0,1.731190193376901,-1.1830624012785604,0.01658842623158626,-0.0016810563790839138,-0.0006968398931815928,-0.0008247500185906569,0.06843365226674096,0.6309635567521102,0.5587633583644119,-1.3535155398535912,3.7141278464361536,-5.132872325330576,18.70645986266565,8.981880298305743,1.45384226173804,0.422523449550076,-24.741257143916584,-1.159477706551057,-5.16797010817419
0.013689499999999999,0.0034223749999999996,4.0,1.7202069365547452,-1.1716840216484077,0.0158963984712419,-0.001544499076599132,-0.0006648121781172677,-0.0007549767759551923,0.06843069616533663,0.7058925279358006,0.6294706230987744,-1.5423104752636811,4.225367893000383,-4.457428794968486,18.43312246521304,8.681297516670556,1.4103946158018323,1.9089755224733453,-25.496047595815654,-2.312621635696426,-5.635762508802212
0.013689499999999999,0.0034223749999999996,4.0,1.7083777413990031,-1.159486189892709,0.015201234744903667,-0.001409146847442607,-0.0006310889717045965,-0.0006866856461572342,0.06842801396480272,0.7751416780906261,0.6971834113426156,-1.7227925158135564,4.71228707638275,-3.6985931421133973,18.12743707361411,8.299535888471228,1.3627576319029127,3.5627446072143294,-26.21264699230411,-3.662295979939427,-6.0750447082856684
0.013689499999999999,0.0034223749999999996,4.0,1.695698395247419,-1.1464736843822247,0.014513241672722135,-0.0012764182929973873,-0.0005944844333272337,-0.0006204796952444984,0.06842585469762595,0.8366558561097432,0.7599867999010734,-1.8904643816650475,5.14097857914535,-2.897844337434868,17.854120362509168,7.874925106270595,1.3319878248804653,5.293172498810317,-26.887591549491365,-5.183926697739731,-6.472966404025815
0.013689499999999999,0.0034223749999999996,4.0,1.6821669361458758,-1.1326493972296923,0.013840207605104442,-0.0011482692645493713,-0.0005546566567957307,-0.0005573003726113446,0.0684244786240405,0.8893581793382761,0.8166131511762684,-2.0425495924450567,5.4855660136284285,-2.0983508647933613,17.665591279299775,7.445804746316203,1.3362608268019005,7.014955967706959,-27.51847853610949,-6.840660905171223,-6.8218268404303295
0.013689499999999999,0.0034223749999999996,4.0,1.6677834856131268,-1.1180142937177895,0.013188244594247932,-0.0010264928708472174,-0.000512075967647075,-0.0004980464408452416,0.0684241259762672,0.9331554998138545,0.866548177447658,-2.178001280587151,5.7327820079062874,-1.3373370251324022,17.590672568135485,7.042862847181985,1.3866021172547003,8.664688987285976,-28.102819496212177,-8.58867407690349,-7.119384125160998
0.013689499999999999,0.0034223749999999996,4.0,1.6525496925522598,-1.102567747346044,0.012563208656773746,-0.0009123590889953713,-0.00046775811464202843,-0.000443319803207056,0.06842497991124849,0.9687216622908563,0.9099559688024723,-2.297092491872991,5.882664500836236,-0.6408404335534577,17.632109820009024,6.685191950930592,1.4852356473322912,10.20806949043644,-28.63769402078882,-10.383357386932284,-7.367900148168523
0.013689499999999999,0.0034223749999999996,4.0,1.6364682052233963,-1.0863080873124207,0.011971204498997525,-0.0008066263811097001,-0.0004229350664502992,-0.00039337148395542413,0.0684271655745473,0.9971958520275183,0.9474795074527725,-2.400795702562834,5.945676804641491,-0.022193491722307356,17.772832949982842,6.380807538887867,1.6269664559404915,11.636597277186922,-29.119953840438363,-12.184298302362508,-7.572643260581988
0.013689499999999999,0.0034223749999999996,4.0,1.619541579885195,-1.0692330442842113,0.011422222214482563,-0.0007101697213006287,-0.000378956087014018,-0.0003482348002467524,0.06843054909259669,1.0197889947450676,0.9799527479823714,-2.490260357088946,5.937741669351635,0.516225011297899,17.98675739335623,6.129477799263667,1.801802224298446,12.957789786524938,-29.547870640663806,-13.958816460344117,-7.739543893650082
0.013689499999999999,0.0034223749999999996,4.0,1.6017727285869243,-1.0513402859275551,0.010924565923833628,-0.000622308971259399,-0.00033660968250080444,-0.00030761609354307224,0.06843495661297298,1.037740734236428,1.008246810469443,-2.5664340152766503,5.876404902544428,0.9796337091985612,18.248712097074325,5.926954653357691,1.9986306161843579,14.184505556021625,-29.92054893734721,-15.681163180901304,-7.875035518728789
0.013689499999999999,0.0034223749999999996,4.0,1.5831642580305125,-1.0326275968845842,0.010487027521507696,-0.000543720972296857,-0.0002969366214460723,-0.00027135888896709907,0.06844000784769953,1.0521345976877094,1.033100661752599,-2.6300196742709456,5.777974503882729,1.377474395650309,18.54025678830075,5.76695480520018,2.2067574998889925,15.327914923101734,-30.239283699096042,-17.332214663903276,-7.9847320037717155
0.013689499999999999,0.0034223749999999996,4.0,1.5637185101821474,-1.0130930520080603,0.010116250505512733,-0.0004744027602362037,-0.0002606416169360265,-0.00023922727913707736,0.06844519722429186,1.0639143109755795,1.0550773616164686,-2.6815666147799746,5.656633107372242,1.7207575243614808,18.851018932375194,5.642413701871562,2.416948339999942,16.39410660179948,-30.507388181888647,-18.897349503993212,-8.073581447372181
0.013689499999999999,0.0034223749999999996,4.0,1.5434375033980223,-0.9927350743716391,0.009815228258220452,-0.0004141648263278825,-0.00022821133700347458,-0.00021100027570973955,0.0684499724088436,1.0738947605139104,1.074568014389733,-2.7216436952730447,5.5243536838956295,2.0202810598527403,19.176886907118185,5.545930236521493,2.6217720114848966,17.38379746323208,-30.729842361475935,-20.36493793015741,-8.14612569538053
0.013689499999999999,0.0034223749999999996,4.0,1.5223228715310289,-0.9715524251433892,0.009582481249001554,-0.0003626300057250567,-0.0001999062011365472,-0.00018647801550546016,0.0684538364434484,1.0827657410723264,1.0918287985675725,-2.7510012934226187,5.3910141282518875,2.2855327196324535,19.516769912834253,5.470123792014952,2.815743242070664,18.29368132989929,-30.91263555911943,-21.72544483099093,-8.206757370322546
0.013689499999999999,0.0034223749999999996,4.0,1.5003758072127078,-0.9495441531409264,0.009412185950185687,-0.0003192556497607222,-0.00017576614184913324,-0.00016546995541829196,0.06845644401952777,1.091080715418653,1.107029194707945,-2.770664923497039,5.264395618825638,2.5241155581067423,19.86929818619337,5.4080945773295825,2.9953505728911876,19.118693080994262,-31.061962739947884,-22.9712803577303,-8.259746191716825
0.013689499999999999,0.0034223749999999996,4.0,1.47759702452502,-0.926709530749236,0.009294557396576166,-0.0002832242561133873,-0.00015555588399829783,-0.00014769909926444882,0.06845765409210283,1.0992584338616054,1.1203106050855873,-2.7819248963366077,5.150137132128236,2.7416243426745304,20.23047881089695,5.354002013777166,3.1590083870469052,19.854668891885414,-31.183347505796224,-24.097120001645134,-8.309145519175134
0.013689499999999999,0.0034223749999999996,4.0,1.453986801283233,-0.9030479938760125,0.00922001922003595,-0.0002543788533519021,-0.00013930582135019583,-0.0001332420079647276,0.06845756043934953,1.1074906668803808,1.1317542174015467,-2.786251231812375,5.051352020225921,2.941595190115906,20.593125473184617,5.303104965525615,3.3063954717413018,20.501122063034742,-31.28205680142589,-25.10158252611774,-8.357747491967215
0.013689499999999999,0.0034223749999999996,4.0,1.4295450177544082,-0.8785590860209082,0.009177343171716297,-0.00023385409314685923,-0.000127674343075995,-0.0001228454838614888,0.06845639346502626,1.1158577747469094,1.1414776948873568,-2.7850883666525017,4.969152002358239,3.12616838633217,20.947611627977157,5.252345117910293,3.4384570032187987,21.062610634967726,-31.36202303718773,-25.986979747315125,-8.407609005577042
0.013689499999999999,0.0034223749999999996,4.0,1.4042713088252732,-0.8532424151616479,0.009157235694620878,-0.00021869605617992795,-0.0001190445479931203,-0.00011507619295964646,0.06845447020125478,1.1242856627040132,1.1495859806352724,-2.7796859719400286,4.902761722221862,3.296188848026806,21.284327270943347,5.2002102553264775,3.5566038842869125,21.548284474110826,-31.42689313312116,-26.75955722774844,-8.45936560650876
0.013689499999999999,0.0034223749999999996,4.0,1.3781651960658436,-0.827097623215737,0.00915252190481725,-0.00020906265218183944,-0.00011348642337932086,-0.00011009446449840657,0.06845210230538461,1.132607217862746,1.156182757256955,-2.7709638122853217,4.850144181302345,3.4519522685970854,21.59574798529769,5.146337948389466,3.6623664123607464,21.970588718062455,-31.479829910145817,-27.428955153404136,-8.512510593663087
0.013689499999999999,0.0034223749999999996,4.0,1.3512262080652504,-0.8001243715444248,0.009158231891434622,-0.00020466620747708856,-0.00011082069788601544,-0.00010779780673315634,0.06844953900289828,1.1406157827172323,1.16137131584008,-2.759473994533409,4.808627937102819,3.593443865625299,21.878246936158618,5.091323550575035,3.757123376681612,22.342955434291454,-31.52396562489777,-28.006737377573444,-8.565751313784435
0.013689499999999999,0.0034223749999999996,4.0,1.3234539652202362,-0.7723223397815081,0.009171101831701401,-0.00020518723757017587,-0.0001108530012760941,-0.00010804514051506253,0.06844695408709481,1.1481193807867447,1.1652621050589522,-2.7454445968998185,4.775488382515014,3.7206225268482456,22.132309493946117,5.036355009015788,3.8419904218530934,22.678104328670283,-31.562451539871166,-28.504984155778974,-8.617478804368114
0.013689499999999999,0.0034223749999999996,4.0,1.2948482073627967,-0.743691228231897,0.009189878291847723,-0.00021030287680204952,-0.00011339033800712005,-0.00011067853689371399,0.0684444134242244,1.1549493740216321,1.1679519656960111,-2.728875849746021,4.748263254711878,3.833509611384683,22.36065768996661,4.982733845205789,3.917685990222785,22.986104912521625,-31.597643590485898,-28.93441569098776,-8.665949244934664
0.013689499999999999,0.0034223749999999996,4.0,1.2654088118592903,-0.7142307752387885,0.009213423907741072,-0.000219688055949882,-0.00011824446189498091,-0.00011553493984909064,0.06844195839357844,1.1610192784382638,1.1695624110053615,-2.7096199925091113,4.725170731021503,3.9324816221910774,22.564439502588264,4.931711780062194,3.9847304777293786,23.271765043974643,-31.628224647788993,-29.30099647926421,-8.709901208750868
0.013689499999999999,0.0034223749999999996,4.0,1.2351357606867661,-0.6839407640812891,0.009241444626878178,-0.00023301144917609826,-0.00012522739163777367,-0.0001224485746671543,0.06843958435031501,1.1662861149420518,1.1702016905470904,-2.6874571297260297,4.705039854518346,4.018185326507479,22.740989549983798,4.88417851102693,4.0433798074256595,23.53406893120729,-31.648492225785564,-29.60507989423665,-8.748419661944004
0.013689499999999999,0.0034223749999999996,4.0,1.204029119102366,-0.6528210266072263,0.009273931055811008,-0.00024984720705895514,-0.00013410410595404896,-0.00013120594601523331,0.06843726804857611,1.1707479821968974,1.1699666456712379,-2.6621190825496686,4.687247617916219,4.091429121942717,22.8862000373686,4.840762517532819,4.093778176550859,23.77020783496131,-31.651625720306214,-29.844639178444208,-8.781025794467071
0.013689499999999999,0.0034223749999999996,4.0,1.172089013630623,-0.6208714414362544,0.009311088322454829,-0.00026875518379763355,-0.00014409974889508103,-0.00014105984053661223,0.06843497826681566,1.174428990526836,1.1689363599449305,-2.6332664361349876,4.67163372743582,4.15299759036055,22.998550687307095,4.801938866961598,4.13590666897834,23.981390066892665,-31.63456778221533,-30.019949221069908,-8.807540396414144
0.013689499999999999,0.0034223749999999996,4.0,1.1393156290801927,-0.5880919795031644,0.009352763615356504,-0.00029129314728487606,-0.00015604837009539736,-0.00015284000943019825,0.06843270289457798,1.177377480549707,1.1671773711459652,-2.6003976630809924,4.6585720565147115,4.203808339015583,23.078437525182395,4.767872202587826,4.1693850371740515,24.17424539927308,-31.597692729409754,-30.133490791446054,-8.827957093688763
0.013689499999999999,0.0034223749999999996,4.0,1.1057089428589928,-0.5544827122110322,0.009401820520141616,-0.00032550852409900287,-0.00017425802503746263,-0.00017076838044441432,0.0684303773858664,1.179536289122322,1.1646245134948987,-2.5627615895362905,4.648384281817608,4.2444177639816045,23.124372887331578,4.737965251695634,4.192984882914346,24.357039373221458,-31.54131842702492,-30.186634403550798,-8.841369164731951
0.013689499999999999,0.0034223749999999996,4.0,1.071268903227968,-0.5200439777579443,0.009459773677444714,-0.0003586950694740238,-0.0001919254942436198,-0.00018820721120005928,0.06842798076935296,1.180877523348517,1.1612109456832256,-2.5192274660279455,4.641493564163268,4.2741776201497395,23.131797793204203,4.712877769172889,4.205485304362443,24.53388268933848,-31.462318245844113,-30.173102447086134,-8.846978868525712
0.013689499999999999,0.0034223749999999996,4.0,1.0359953175653285,-0.4847762898293191,0.009530020049462502,-0.0003928960858338962,-0.0002101528274676419,-0.0002062736060490397,0.06842548631032482,1.1813349869448921,1.1567968625384524,-2.468248253571171,4.637822018040727,4.2918383070083745,23.09239995089242,4.693798427058455,4.205593749351698,24.708239897013488,-31.35470383320513,-30.082096541561157,-8.843415767392429
0.013689499999999999,0.0034223749999999996,4.0,0.9998880561102327,-0.448680256833012,0.009617605028963546,-0.00042757607075185304,-0.00022866910099354293,-0.0002247533674984075,0.06842288025600268,1.180884776624276,1.1512102298911469,-2.407681596857454,4.6370363410538875,4.295197531775837,22.996734798225628,4.683914170101309,4.191616912189655,24.888589496263712,-31.214293130496124,-29.89882517676537,-8.828653253243548
0.013689499999999999,0.0034223749999999996,4.0,0.9629472044179247,-0.4117566303469391,0.009729014786039866,-0.00046156689095516154,-0.00024687800554511517,-0.00024310494806433348,0.06842016943003465,1.1796472897529635,1.1442403322439028,-2.334384420840667,4.639069729544283,4.281862600609452,22.840556280781477,4.68927312230557,4.159964731936687,25.101231423385816,-31.047689252001632,-29.608693898032783,-8.79903446148098
0.013689499999999999,0.0034223749999999996,4.0,0.9251731787983982,-0.3740066892501438,0.009875211762562685,-0.0004930688659758372,-0.00026387602000754805,-0.0002604325900781676,0.06841737924246419,1.177939130831876,1.135423237551658,-2.243576451208311,4.643712983525866,4.249804244008568,22.629478700944198,4.720773341146091,4.101955954153721,25.400732113872742,-30.881298420080615,-29.19600182088117,-8.745668937679579
0.013689499999999999,0.0034223749999999996,4.0,0.886567106088728,-0.3354330638730977,0.010073281356618691,-0.0005193652803056905,-0.0002783245218489534,-0.0002753488231075273,0.0684146467532859,1.1765396889282396,1.1236542504095932,-2.1279470407588477,4.649818671972216,4.19958047627711,22.371689348199705,4.799093895849454,3.997929287608288,25.86498840797698,-30.758521710273452,-28.620272319967224,-8.647747959580506
0.013689499999999999,0.0034223749999999996,4.0,0.8471321557867832,-0.29604162212812024,0.010349309039115292,-0.0005364032455618464,-0.0002882922156524155,-0.00028570019198820767,0.06841215332464048,1.1771659233508391,1.1062161068867362,-1.9770024505545678,4.656965525998506,4.140905578569899,22.086157054067204,4.960403517354316,3.8030247802197663,26.577548215602274,-30.744669842480782,-27.781169035043536,-8.45999030621828
0.013689499999999999,0.0034223749999999996,4.0,0.8068761192858671,-0.255845989864245,0.010735219253616307,-0.0005388309441767125,-0.0002914056947675492,-0.00028819652140496717,0.06840931692856857,1.1830105544213214,1.0767447067300255,-1.7792407011705076,4.6786418351988805,4.103164233821465,21.87815394181257,5.254189056876178,3.4199980765227744,27.563977260615907,-30.961995746001236,-26.486945263565175,-8.098639911721662
0.013689499999999999,0.0034223749999999996,4.0,0.7658140885470435,-0.21487629829982943,0.011237105669380148,-0.0005228818585909284,-0.0002864257584160562,-0.0002790698656764025,0.06840201866118266,1.1984811240835898,1.0223658169955372,-1.5353370016519599,4.782399750861046,4.131762732716254,22.10402529637213,5.713355207456286,2.6751710019073776,28.534627651429084,-31.621062562104772,-24.417807766109053,-7.457570752768418
0.013689499999999999,0.0034223749999999996,4.0,0.7239658562377985,-0.17318806991069283,0.011723322691256453,-0.0004964111340307554,-0.0002777177086617238,-0.00025883605819072863,0.06837772702140002,1.2271121951475865,0.9236398594270332,-1.2978994291560084,5.156009196097481,4.222242727646136,23.4836379128981,6.2914124170822685,1.3721607767271404,28.225621342846665,-32.9146775386488,-21.115656627353616,-6.528169972824624
0.013689499999999999,0.0034223749999999996,4.0,0.6813318229500466,-0.13085316610746983,0.011711920933677419,-0.0004860661865164418,-0.0002753801532486966,-0.000237434856950957,0.06831947641266209,1.2677460499176811,0.7640818010477721,-1.2374229556855396,6.155388648866636,4.182702358420325,26.15725786973004,6.767481238245244,-0.4845999793793251,23.647080038444802,-34.4328949851035,-16.17732519092257,-5.670788669487308
0.013689499999999999,0.0034223749999999996,4.0,0.6377926847963967,-0.08791063480100188,0.01049198429881934,-0.0004824150870954025,-0.0002621462060100084,-0.00021354969615879248,0.06825463383821027,1.2902960803105572,0.5446843924457073,-1.5901109762085797,8.139385656185649,3.59570642720626,25.63277336985155,6.372242274113922,-2.382829249781344,12.740650251891312,-34.01095721395255,-9.978394547102637,-5.756556406404307
0.013689499999999999,0.0034223749999999996,4.0,0.5929899031175765,-0.04426560831758135,0.008553990335806377,-0.0003631976292414518,-0.00018102123798955025,-0.00015180987301253489,0.06829763202366301,1.1707397524017422,0.29842906896028054,-2.195821127089801,10.061425662068343,2.1779004588861333,13.467244487866607,3.9002075443297994,-3.240805656210448,2.5151031277865257,-28.642168877780886,-4.364182500965639,-6.820620005857894
0.013689499999999999,0.0034223749999999996,4.0,0.54678886204294,0.00035156489143792235,0.008044448739334105,-0.00036419425078801696,-0.00018602956452410773,-0.00016499558145880355,0.06844547165726213,0.8320689791643142,0.10537633939907531,-2.3434569802054988,8.803700849135225,0.603401818647064,-3.5570496987208835,0.6862675518001827,-2.527145497455416,1.401015969485942,-19.39203692887706,-1.106149730560677,-6.276555351679808
0.013689499999999999,0.0034223749999999996,4.0,0.5932561269308125,0.04497427361615655,0.009160415721489899,-0.0004950672095694978,-0.000233302785641012,-0.00019303397985747124,0.06822683195311943,1.2488802023026588,-0.09296240686266838,-2.018934676745534,10.736451883372403,-2.567618373170294,14.88229100007017,-2.181811719780745,-4.390643317201231,0.7830752971328808,-28.040977296633283,0.1547503692306471,-6.34580856617117
0.013689499999999999,0.0034223749999999996,4.0,0.638324136154812,0.08821599580602697,0.011766896049946756,-0.0002817150351575354,-0.0001061810305701528,-8.889635180026512e-5,0.0681790038248687,1.4491975646998045,-0.46335068535862545,-1.242255555295767,8.86131281422548,-5.422211580780603,26.719330340039228,-5.562062592348567,-3.7583674268611595,-11.565850783062888,-33.12768449520168,4.905677895906236,-5.102945387364326
0.013689499999999999,0.0034223749999999996,4.0,0.6819070208882596,0.13073479115174963,0.013042059355374043,0.00014567374180000933,-8.376129007434184e-5,6.969499823619513e-5,0.06829661262321682,1.452043853430154,-0.809192924885029,-0.8686926198017842,6.292315511913693,-5.680425966482214,25.887769623950323,-7.4017089719970635,-1.058797411861332,-24.799512795318545,-33.718763314408285,12.20144428701359,-5.233518100052362
0.013689499999999999,0.0034223749999999996,4.0,0.7244006457485397,0.172883455937616,0.012637937291205156,0.00047474591782351423,-0.00026994118104722213,0.00025463062771010985,0.06838977669998003,1.3774881135971968,-1.0264607205684158,-1.0253245697474866,4.89780804628035,-4.7772639344508265,22.527143698899874,-7.5811394987827105,1.5012301151219674,-30.133080892639494,-32.4588344402349,18.74823769196574,-6.399038161402316
0.013689499999999999,0.0034223749999999996,4.0,0.7660892199401658,0.21456045835203089,0.011704298856180849,0.0006778528703504876,-0.0003745134228871957,0.00037325045616053046,0.06841810316192333,1.2984625020393366,-1.130024353440707,-1.3780922716357067,4.555178254727166,-4.08884017891418,21.23350199738229,-6.859038367765809,3.0567683443046874,-30.164316233030338,-31.43790942598583,23.239621414583898,-7.611946599031853
0.013689499999999999,0.0034223749999999996,4.0,0.8070492471114269,0.2555797105444316,0.010903182862642984,0.0007630449972924683,-0.0004146220118849506,0.00041605327979122474,0.06841841897236112,1.246124158752527,-1.1680395853862577,-1.7073812790174325,4.637567089630752,-3.86898783492631,21.389260344205855,-6.03615634324022,3.777555185034136,-28.718484946927468,-31.044420527908205,26.026029093123046,-8.415122274664883
0.013689499999999999,0.0034223749999999996,4.0,0.8472553294006794,0.29582707751940945,0.010355828153261073,0.0007751886947613482,-0.00041806872273980454,0.00041610971404558905,0.06841514286996754,1.2206241376724674,-1.1790945491822482,-1.9564207504710411,4.761254664239025,-3.9230207674404496,21.96032409161193,-5.462526748505403,4.0610815470885315,-27.402132751410633,-31.04102771168741,27.721152330280805,-8.822336211327553
0.013689499999999999,0.0034223749999999996,4.0,0.8866686159886731,0.3352568807835015,0.010002158617854867,0.0007490946485809182,-0.000402653117110101,0.0003973503119645241,0.06841463189355287,1.2112849239052064,-1.1825393991430508,-2.1356823044510245,4.824978510810911,-4.05638361991034,22.48121559241634,-5.14163066206002,4.174032290552281,-26.514244001489164,-31.192850035924696,28.770347230950517,-8.999010801363195
0.013689499999999999,0.0034223749999999996,4.0,0.9252652880878012,0.37385645494940867,0.00976902048437553,0.0007047077755285565,-0.0003781846818799007,0.00037105300146153926,0.06841647679502802,1.2092400656708862,-1.185030234031354,-2.2672759519231733,4.841421075628709,-4.1772968477530625,22.84746866863847,-4.981642752421517,4.230143461894592,-25.94987546475266,-31.37831628526077,29.44036187146587,-9.071564537523289
0.013689499999999999,0.0034223749999999996,4.0,0.9630347250479999,0.4116238607189703,0.009607616591860975,0.0006526375150944604,-0.0003499426905632354,0.0003421714911864336,0.06841937576247549,1.2096722371248694,-1.1879389425766642,-2.368052463237326,4.83738050535812,-4.261508527886151,23.081753581121717,-4.908351768987392,4.2647368567049915,-25.572578832639614,-31.552763347661703,29.880599900753534,-9.102117362063119
0.013689499999999999,0.0034223749999999996,4.0,0.9999729258387082,0.4485595143587727,0.009489911943504556,0.0005984286180275013,-0.0003207366691921014,0.0003130011116323141,0.06842253976118008,1.2104508217920635,-1.1911280318647937,-2.4483851082174954,4.8287007119088,-4.310504745142813,23.224709090487398,-4.879908547855941,4.286240923257805,-25.294445318773125,-31.704736471073794,30.17183700366453,-9.114941635166604
0.013689499999999999,0.0034223749999999996,4.0,1.0360785999657611,0.48466393520616863,0.009398800888483846,0.0005450040798880055,-0.00029205909215814635,0.00028469408021765744,0.06842562823755298,1.2107925899635992,-1.1942885147761562,-2.5143695669186994,4.822094569422281,-4.331660221180678,23.304879702720477,-4.8755892453058705,4.296350987501008,-25.067605718488007,-31.83276452094106,30.356628074095376,-9.118445556923287
0.013689499999999999,0.0034223749999999996,4.0,1.0713510745677566,0.5199376254978707,0.009327995978404313,0.0004938840091963429,-0.0002646890060552405,0.0002578350691937842,0.06842856604551083,1.2103386056304255,-1.1970904254202814,-2.569782856483068,4.819572507740026,-4.331429063716103,23.338981359546434,-4.884715465321816,4.294848881450914,-24.867502943177644,-31.939886380530048,30.459683028651025,-9.114421389190936
0.013689499999999999,0.0034223749999999996,4.0,1.1057905031137394,0.5543805614393366,0.0092699635397192,0.00044563637802285934,-0.0002389034241912685,0.00023259877345119798,0.06843132172744115,1.2091222115847917,-1.1994905888236136,-2.617068904470538,4.822107322442479,-4.314981355392918,23.337123157460212,-4.902485247195251,4.282141866929075,-24.68198456262742,-32.029207014381214,30.494875867803916,-9.104249189371552
0.013689499999999999,0.0034223749999999996,4.0,1.1393970058449827,0.5879926685201846,0.0092208086038558,0.0003982641030117131,-0.00021361661831490302,0.0002078765487851162,0.06843392418400712,1.2072009362863552,-1.2014735365600333,-2.657967175255312,4.829584325835623,-4.285117519977663,23.30670313256636,-4.927020014416959,4.259021493923654,-24.504306757007683,-32.10523436434863,30.471583796906483,-9.088605819759277
0.013689499999999999,0.0034223749999999996,4.0,1.1721706384676764,0.6207739051397588,0.009178652385655451,0.0003634635085435533,-0.00019509318690736916,0.00018972558504521203,0.06843636533655659,1.204595869138547,-1.2030046006374375,-2.69372378646401,4.8412065685720505,-4.24325589875712,23.252729662187306,-4.957406931482598,4.226562999239194,-24.329269362974536,-32.171237972356224,30.39618719692499,-9.067769567811242
0.013689499999999999,0.0034223749999999996,4.0,1.2041112350670553,0.6527244396025501,0.009141034917893046,0.0003336290668397412,-0.00017925005549626472,0.00017418978526091418,0.06843880184609864,1.2013284641433521,-1.2040524844740306,-2.7251760887357954,4.8561974458341775,-4.189223308081627,23.177525415936465,-4.993969072841975,4.185898909384401,-24.14892257764332,-32.22797167813259,30.268596902998,-9.042096355218582
0.013689499999999999,0.0034223749999999996,4.0,1.235218630432398,0.68384446154348,0.009107598174817018,0.00030705847390654045,-0.00016517151213486371,0.00016035968654481105,0.06844121383068445,1.1973398570794078,-1.2044981644855846,-2.7528871969667557,4.873912547500513,-4.12242877283346,23.079540921907874,-5.03638904040852,4.1374570815879785,-23.955601967152877,-32.274214339023004,30.08571890632118,-9.011369629088495
0.013689499999999999,0.0034223749999999996,4.0,1.2654926284704353,0.7141342458816115,0.009078118391983385,0.0002849585550601197,-0.00015350355964977768,0.0001488624616558232,0.068443649877092,1.1925809663119398,-1.2042083384277984,-2.777269212807739,4.894355960948933,-4.042391216154306,22.954729202833697,-5.083909633638612,4.0812037933252805,-23.7428673090281,-32.30813158748243,29.842566007606468,-8.975559754274213
0.013689499999999999,0.0034223749999999996,4.0,1.2949331039015446,0.7435940831896289,0.009052599131290848,0.0002675942409934279,-0.00014439120169364427,0.00013983247864112286,0.06844615016179666,1.1870373548431006,-1.2030474963037086,-2.798663695058813,4.91815196050083,-3.948635443578841,22.7988792839117,-5.1355703771062196,4.016869950447335,-23.505169534225132,-32.32878753665694,29.53340344572298,-8.935021910948167
0.013689499999999999,0.0034223749999999996,4.0,1.3235400360646232,0.772224277896325,0.009031339359073708,0.0002551632366658324,-0.00013794812601480535,0.00013336606096617202,0.06844873052610351,1.1807455023018354,-1.2008825093981421,-2.817345789175764,4.946486979039159,-3.8407133287538544,22.608872136410866,-5.190251011946918,3.944089768866079,-23.23693290240995,-32.33622620037943,29.151980376624884,-8.890576747905236
0.013689499999999999,0.0034223749999999996,4.0,1.351313532299448,0.8000251521662305,0.009015171616906275,0.0002478774834074162,-0.00013430061986256312,0.0001295622615754159,0.06845136435676229,1.1737991316952665,-1.1975819489530333,-2.8334797140849357,4.981125821778472,-3.718294464178578,22.38321638176468,-5.2466557459596,3.8623383708070795,-22.931694102117362,-32.33102283318317,28.691239723616754,-8.843464192585554
0.013689499999999999,0.0034223749999999996,4.0,1.3782538431908358,0.8269970441789768,0.009005827985299844,0.00024596404158796223,-0.00013358799752814275,0.0001285201873729683,0.06845396245623586,1.166348653953729,-1.193017737864235,-2.8470524233671854,5.0244048477403345,-3.5812761361749557,22.12249188424976,-5.30336874708585,3.770803291418663,-22.581595486283813,-32.31377444755741,28.143156351147425,-8.79520813915899
0.013689499999999999,0.0034223749999999996,4.0,1.4043613559177277,0.8531403032985609,0.009006409004745385,0.0002496588649888256,-0.00013595848244764383,0.00013033104793934677,0.06845635587769319,1.158588488880919,-1.1870683548662802,-2.857800115262437,5.079057551493456,-3.4297902395124855,21.829840130751265,-5.359085070328013,3.668315202264368,-22.177257741075664,-32.28461928348424,27.498920174437618,-8.747372753757826
0.013689499999999999,0.0034223749999999996,4.0,1.4296365494150878,0.8784552891425644,0.009021872907781302,0.0002591765379198806,-0.00014155005813940434,0.00013505668929923503,0.06845829273526355,1.150726277580128,-1.179620140820905,-2.865144467678434,5.147811142775152,-3.264046312242887,21.51119096110462,-5.413002619684918,3.5533923643420815,-21.70815473155375,-32.242766789110355,26.749499103276793,-8.701203507117233
0.013689499999999999,0.0034223749999999996,4.0,1.4540799059235092,0.9029423782249827,0.009059362438212306,0.0002743115312265976,-0.00015026555537804744,0.00014251735715291325,0.06845946123984299,1.1429350040531656,-1.1705658725784174,-2.868163901524067,5.2327992419543845,-3.0840039940974804,21.174877146368566,-5.465280484294602,3.4244071556429483,-21.16361203033751,-32.18611234446017,25.88653896195422,-8.65720639759733
0.013689499999999999,0.0034223749999999996,4.0,1.4776917897903958,0.9266019777804467,0.009128121352839523,0.000297841769204975,-0.00016362674185049558,0.00015405479703669393,0.06845954490638141,1.1352978700017353,-1.1598024442312713,-2.865625669940478,5.334901527481252,-2.8890458237069163,20.830378353010907,-5.517305589568797,3.2798801923574645,-20.534662878779585,-32.110941717336665,24.903781020697284,-8.614781719838716
0.013689499999999999,0.0034223749999999996,4.0,1.5004723151170172,0.9494345488917596,0.009238800197796675,0.0003285575025349385,-0.00018093849438974424,0.0001689101456753612,0.0684583026583281,1.127759935810705,-1.1472282166946763,-2.856090968434406,5.453144842619929,-2.6772113725591575,20.486925968297363,-5.572177864650552,3.1189065332973853,-19.815435084803877,-32.0123612232839,23.797818811540534,-8.572051375917315
0.013689499999999999,0.0034223749999999996,4.0,1.5224212263435566,0.9714406466730948,0.00940213591252278,0.0003666219061660888,-0.0002021928749854536,0.00018703174840358294,0.06845565121115635,1.120098212687648,-1.1327366374336985,-2.838079392197119,5.584300575673377,-2.4448690282549257,20.15165933950914,-5.63457516153276,2.9416661741833914,-19.00476310867829,-31.88457005544652,22.56927699164194,-8.52596674985677
0.013689499999999999,0.0034223749999999996,4.0,1.5435378139935787,0.9926209836093357,0.00962725244354418,0.0004127400514143104,-0.00022759379334470867,0.00020866286856709336,0.06845171852879693,1.111914898752458,-1.1162001083559812,-2.8102476177939013,5.722752345351303,-2.186317423370171,19.828759258863613,-5.710589037979949,2.749906494609996,-18.105859890542174,-31.72142108577562,21.222811405424476,-8.472658839961301
0.013689499999999999,0.0034223749999999996,4.0,1.5638208808314424,1.0129765111806721,0.0099200437782153,0.00046737098599628017,-0.0002571051381235214,0.00023397075242324343,0.06844684364867826,1.1026492680553106,-1.0974393190027922,-2.7715171908828364,5.860577218554655,-1.8936391078889332,19.520040005856945,-5.807335433674094,2.5472776665205443,-17.124113650493822,-31.51689054808943,19.766372358100742,-8.4078548850752
0.013689499999999999,0.0034223749999999996,4.0,1.5832687589896484,1.032508502310671,0.010282141297744296,0.0005308231182289218,-0.0002904970843688382,0.00026313250474091114,0.06844151902242245,1.091596113098311,-1.0761789674754827,-2.7210984252875527,5.987672624762478,-1.556915046519375,19.22711802896627,-5.932419833685555,2.339460399460424,-16.06380381787503,-31.26546133650216,18.210338058668288,-8.327133024222901
0.013689499999999999,0.0034223749999999996,4.0,1.6018793623542542,1.0512186092712528,0.010710794835207505,0.0006032355576330541,-0.0003273401185529043,0.0002963465757270098,0.0684362949509246,1.0779170235743296,-1.0519993382487987,-2.658399573751738,6.091766451605193,-1.1648504143375016,18.954611148153912,-6.093441995112682,2.1341094594436303,-14.925012442986388,-30.96255401408747,16.56717228579789,-8.225875911048828
0.013689499999999999,0.0034223749999999996,4.0,1.6196502523266445,1.069108869975957,0.011199691071875831,0.0006845830071795766,-0.0003670115191859312,0.0003338286139361739,0.0684316783880454,1.0606373710900154,-1.0243009174975217,-2.5828566511984072,6.158308889693383,-0.7059282001582876,18.713288396341557,-6.297610954121188,1.9406674807166395,-13.701863069952028,-30.60498294397301,14.852042464758297,-8.098976370410023
0.013689499999999999,0.0034223749999999996,4.0,1.6365787060218786,1.0861816390639507,0.011740431953678625,0.0007747118195455047,-0.0004087108322109958,0.000375791959238821,0.06842805546405657,1.038636758404196,-0.9923038137662447,-2.4937519973062057,6.1705638228585045,-0.17024810464868556,18.521778828471387,-6.551274045428276,1.7699693978996116,-12.382907073772376,-30.191287221383902,13.084334307408389,-7.940533220758115
0.013689499999999999,0.0034223749999999996,4.0,1.6526618100254278,1.1024393818998919,0.012325917158427771,0.0008733730132130758,-0.00045147911265374415,0.00042239526691288914,0.06842560292769065,1.0106113106370134,-0.9550863769793921,-2.3901253499982076,6.110438233916285,0.447818355261463,18.40526951175814,-6.858565331758192,1.633040062417122,-10.95472185315572,-29.7222703652607,11.289904417687545,-7.743478296333407
0.013689499999999999,0.0034223749999999996,4.0,1.6678966516902223,1.117884551752998,0.012944946096930855,0.0009801862219548448,-0.000494228062732188,0.00047369057835223375,0.06842448645382085,0.9753567051619817,-0.9117997521660961,-2.2708029867398047,5.961659312388966,1.1461091879184857,18.38928922666965,-7.219829748861144,1.5400003467478531,-9.409049899568862,-29.19862947349126,9.500884621521717,-7.5016596591368225
0.013689499999999999,0.0034223749999999996,4.0,1.6822805894566626,1.1325189222529517,0.013592530165243769,0.001094503743718319,-0.0005358321763634971,0.0005294742081865718,0.06842459030611174,0.9316705061838016,-0.8617631393868208,-2.134806651931405,5.713189874940303,1.9114992374891195,18.490298462540956,-7.626815608923023,1.4957207379016921,-7.753883867247811,-28.623192320609924,7.757536895919729,-7.208910612841996
0.013689499999999999,0.0034223749999999996,4.0,1.6958118957994561,1.1463432060731167,0.014263014395528621,0.0012152262853511251,-0.0005753259096058633,0.0005892260331673934,0.0684257494037047,0.8788461726736289,-0.8047973297468574,-1.9818609086650942,5.364545164461166,2.718056911883541,18.704685489944044,-8.060314109646853,1.4977319473458148,-6.0229629395098145,-27.998262362536167,6.103974807043845,-6.862277111806982
0.013689499999999999,0.0034223749999999996,4.0,1.7084904057754529,1.159356479352008,0.014950361875724343,0.0013407670947318546,-0.0006121979950061943,0.0006521433684720233,0.06842773839427102,0.8169543287977667,-0.7414139886338108,-1.813017491119061,4.928669506540239,3.5285917064676973,19.002722052743295,-8.489559150470695,1.5347883224506833,-4.279149771799203,-27.32573038307893,4.583417028650461,-6.463457828990924
0.013689499999999999,0.0034223749999999996,4.0,1.7203180783779166,1.1715558438218052,0.015646738071674715,0.0014693506286886265,-0.0006466514886924911,0.0007173619264473917,0.06843030566966225,0.7470635643948955,-0.6728907530402277,-1.6310636153781903,4.431335888083642,4.299856835860787,19.33116139174951,-8.876149866603937,1.5885445825874804,-2.6073189535265753,-26.607493003538103,3.232086488557309,-6.019880470671124
0.013689499999999999,0.0034223749999999996,4.0,1.7312991659796848,1.1829364687770114,0.01634168580960363,0.001599642458740862,-0.0006796735468469552,0.0007843054753117159,0.06843320293414681,0.671238444023368,-0.6011649934998269,-1.440513583739233,3.906649593269678,4.990121565122758,19.62459658890084,-9.181662059209431,1.6378090574571385,-1.0979932131821877,-25.846685117906755,2.074028289804243,-5.544458650726818
0.013689499999999999,0.0034223749999999996,4.0,1.7414398446964807,1.1934920665508695,0.017022349051647442,0.0017315292380708763,-0.0007129178738684451,0.0008530535819400386,0.0684362095349991,0.5922865403525002,-0.5285726676782849,-1.247138458785823,3.3902433271557744,5.5666106474605686,19.821236712087277,-9.376231850165903,1.6636905635570842,0.17223147421399182,-25.0492946956803,1.1184380850118796,-5.053933890712858
0.013689499999999999,0.0034223749999999996,4.0,1.7507473824793616,1.2032156853962692,0.01767469664863519,0.0018669644339093232,-0.0007486080380597162,0.0009247142466501571,0.06843914945954198,0.513331224600868,-0.45751640577366176,-1.0571798431399337,2.9126651617547274,6.0104628124184245,19.876993543144184,-9.44487100395881,1.6536616404476947,1.156046448530288,-24.22543344424445,0.3600598558337784,-4.566326802202423
0.013689499999999999,0.0034223749999999996,4.0,1.7592291046384008,1.212100591726048,0.01828526581895112,0.0020111709476279722,-0.0007897577747300889,0.0010019945454349173,0.06844189877349595,0.4373486459403346,-0.39015956424512555,-0.8765010399240389,2.495020750759446,6.318085118136657,19.77331936710449,-9.389499330248961,1.6033365276288134,1.8417473236726425,-23.38963731786995,-0.21788222266940827,-4.098357278388258
0.013689499999999999,0.0034223749999999996,4.0,1.7668914622858132,1.2201410107888655,0.018842803915530212,0.0021747461948702796,-0.0008409353457034548,0.0010902783519766233,0.06844438325641583,0.3667998930222572,-0.32821471740015656,-0.7099121150849261,2.1476589369575856,6.499210265347247,19.517544327188936,-9.22667219620367,1.5159121436129084,2.250060602552966,-22.560002683654222,-0.6393803399074091,-3.6635710805704957
0.013689499999999999,0.0034223749999999996,4.0,1.7737394210970432,1.227332579802439,0.0193393388465333,0.002386844125146663,-0.0009134262191865862,0.0012043752957710025,0.06844656878900912,0.30343131663746836,-0.27285074433363743,-0.5608015036610715,1.8714390398349783,6.572557245605176,19.13714665736189,-8.98220118225752,1.4000509397219572,2.4238610366952558,-21.756196544704455,-0.930523429484801,-3.2714899795569363
0.013689499999999999,0.0034223749999999996,4.0,1.7797762403728694,1.2336724807191817,0.019770501655164033,0.0027069782860617182,-0.0010298401799957752,0.0013748488707908315,0.06844844869082696,0.24824711697826715,-0.22470544039276144,-0.4310851694316704,1.6604511796735666,6.56092714904662,18.671307908682707,-8.685085496237647,1.267232807256301,2.415842029781242,-20.99722033796634,-1.1152302459393635,-2.9276839869298676
0.013689499999999999,0.0034223749999999996,4.0,1.785003585728106,1.2391593088316224,0.020135190077042658,0.003360968111326966,-0.0012768116681670524,0.00171822329820524,0.06845003185825116,0.20161032483439137,-0.1839707013765388,-0.3213983938113415,1.5050430095237732,6.482588975223777,18.15934802025395,-8.358092195658104,1.1293966665521171,2.269310393453118,-20.29624389752237,-1.2039105612468692,-2.63443967607589
0.013689499999999999,0.0034223749999999996,4.0,1.7894218539541384,1.2437927759206073,0.02043480698137934,0.006310932054842065,-0.0024214775190460345,0.00325283323526145,0.06845133387510287,0.16341160594048315,-0.1505137586143735,-0.2314225837202577,1.3943781421094026,6.294542941639843,17.59375841313065,-7.96076382734736,0.9973012154568369,1.9074709288807434,-19.618797335091752,-1.088593828755054,-2.3916793575662414
0.013689499999999999,0.0034223749999999996,4.0,1.7871282788017357,-1.2415758544514077,0.020486062785015413,-1.0308238864667453e-5,3.856549081979176e-6,-1.457208412500276e-6,0.06842793738055399,0.15211039270385004,0.134523746047537,-0.2063099939088305,1.3779662450802135,-6.579913529776978,17.04599739865757,8.11021841002539,0.8585102146943305,-2.867692705873025,-19.12074905271457,2.2707273869785403,-2.2364764597745435
0.013689499999999999,0.0034223749999999996,4.0,1.7823024558426146,-1.2365189666382748,0.02016020699349877,-3.52514857764954e-5,1.3149888758819597e-5,-4.895555825842642e-6,0.06842718020716655,0.19331056367125096,0.17046791734597108,-0.3039804232319729,1.4973873219481373,-6.665314782307177,17.539611712041637,8.412625124989411,0.9949043377100713,-3.0317826685026894,-19.74424234279734,2.1834475175244603,-2.49229165965821
0.013689499999999999,0.0034223749999999996,4.0,1.776667152272045,-1.23060909084741,0.019768905029033546,-5.331780486618957e-5,1.981997345058473e-5,-7.249369538583127e-6,0.06842621384535663,0.24290952534017776,0.21365486714812615,-0.4214087566593855,1.66495143218793,-6.709826682874025,18.01917098675362,8.711073609558806,1.1324443786759486,-3.110243655681389,-20.441307461520847,2.0346823851758997,-2.7973958108638786
0.013689499999999999,0.0034223749999999996,4.0,1.7702214846416124,-1.2238469191952082,0.019311664244905272,-7.338349736240565e-5,2.71702628332028e-5,-9.731109169285181e-6,0.06842501388771285,0.3008414268138248,0.26410359085800184,-0.5585499272023959,1.8914413651949433,-6.687754963260715,18.441005394507478,8.976763451971625,1.2597734221163464,-3.0455516938698888,-21.19566901129365,1.7993634330774053,-3.1512147873112877
0.013689499999999999,0.0034223749999999996,4.0,1.7629631427478822,-1.216234400990209,0.018790871139525336,-9.512355706922699e-5,3.5067916619348255e-5,-1.2245775818833893e-5,0.06842358208915476,0.36648927160788575,0.3214529190676756,-0.7142376147126317,2.185451514239119,-6.572876708715826,18.762063013999857,9.178566466004511,1.3650259053208247,-2.778137391868379,-21.988645124868608,1.4497014511399047,-3.550477419559946
0.013689499999999999,0.0034223749999999996,4.0,1.7548881508226,-1.207774974102954,0.018212379944062808,-0.00011873187043511228,4.3588392675783975e-5,-1.4751107582965467e-5,0.06842196980535667,0.4385411857057887,0.38485302212373024,-0.8859065851129486,2.55053562959304,-6.341836783512688,18.947411265125712,9.286934110243482,1.4378432158484562,-2.254606158574908,-22.800721636661994,0.9564459333505183,-3.988378845441496
0.013689499999999999,0.0034223749999999996,4.0,1.74599090167241,-1.1984735824462904,0.017585554514208318,-0.00014346526404033128,5.2500327117328954e-5,-1.7063525752906867e-5,0.06842029828299293,0.5149429708805459,0.45290968155680994,-1.0695044288756168,2.982173991176999,-5.978540269914073,18.978556517029556,9.27927482496004,1.4719564504567104,-1.439194660465632,-23.613267982516234,0.29204227154450874,-4.454130441633716
0.013689499999999999,0.0034223749999999996,4.0,1.7362645615503614,-1.1883363956476218,0.0169225850503672,-0.00016847781812707644,6.160768811950438e-5,-1.897034560230067e-5,0.0684187626140359,0.5930030285820588,0.5237179110258362,-1.2596918101047188,3.465542658172823,-5.478574477578044,18.860587981110452,9.14549605930668,1.4677042665949884,-0.3248867194450579,-24.410314794076438,-0.5653747092729693,-4.9332469247678095
0.013689499999999999,0.0034223749999999996,4.0,1.7257018466916283,-1.1773702129589234,0.01623711177538815,-0.00019276443587784627,7.076183097585976e-5,-2.023417269921747e-5,0.06841760718618062,0.6696741563621061,0.5950107274770748,-1.4503707564970718,3.9753027834870123,-4.852362534965612,18.624992053441343,8.89185104158527,1.4335139112175892,1.059683918274055,-25.179769982607528,-1.6275718450863135,-5.408816694704601
0.013689499999999999,0.0034223749999999996,4.0,1.714296028063842,-1.1655816390939309,0.015542484549787208,-0.0002152601391274488,7.990701105081545e-5,-2.0637899235714644e-5,0.06841707132493033,0.7419761849361813,0.6644200652644485,-1.6354711905204329,4.478323356774103,-4.125589965029982,18.325579466456084,8.541149491512911,1.3853580780546397,2.6516184430564733,-25.913659152619484,-2.89255627896626,-5.863681434828741
0.013689499999999999,0.0034223749999999996,4.0,1.7020418921308105,-1.1529762267184054,0.01485023245638216,-0.00023498535788965403,8.908806899699358e-5,-2.0054238757644445e-5,0.06841732162168884,0.8074550273654905,0.7298037349291415,-1.8098032258380694,4.93926232324782,-3.3360023986285694,18.02714633315407,8.128431315775952,1.3437467799881984,4.365021000113333,-26.607319316995035,-4.342942671683798,-6.283009103236012
0.013689499999999999,0.0034223749999999996,4.0,1.6889363575237875,-1.1395578277781426,0.014169332873066515,-0.00025116512820946846,9.838788345139661e-5,-1.8508700494162502e-5,0.068418400765434,0.8645359835194681,0.7895521748056467,-1.9697137593546081,5.32755903260608,-2.526929836584377,17.78985245527871,7.693112381154571,1.3288826526754125,6.1094800331955605,-27.257947244328665,-5.947278482729115,-6.656441685281486
0.013689499999999999,0.0034223749999999996,4.0,1.6749785672159907,-1.1253283367006244,0.013506565757962913,-0.00026325372519320184,0.00010781369381198663,-1.6192983630133636e-5,0.0684202190939711,0.9126555346452592,0.8427782396763744,-2.1133314994931647,5.623403206748236,-1.7393773121793408,17.65501200150296,7.270418596453674,1.355691316985127,7.809160899185168,-27.863188046753017,-7.664307474174821,-6.979094523733359
0.013689499999999999,0.0034223749999999996,4.0,1.6601694956180975,-1.1102878563118446,0.012867729668012057,-0.0002708680205035303,0.00011719827406571774,-1.3413179143212222e-5,0.06842259344774465,0.9521446498710887,0.8893301930086885,-2.240346180398522,5.820440737764256,-1.0053257754276173,17.637955374937473,6.885363488639961,1.4307392516779498,9.415137185141084,-28.420355557608346,-9.44898701338924,-7.251179989442209
0.013689499999999999,0.0034223749999999996,4.0,1.6445113961208,-1.0944351782612418,0.012258453766664538,-0.00027371007911120525,0.00012616522213748356,-1.0504491888761625e-5,0.06842532130301035,0.9839591419332085,0.9296465154005527,-2.351458125064411,5.92452704549659,-0.3443221822514085,17.730252247937145,6.551166787036383,1.5522161443211508,10.90705321893515,-28.92630742365034,-11.258229850663737,-7.4767431898177374
0.013689499999999999,0.0034223749999999996,4.0,1.6280068496551807,-1.0777682357017093,0.011687525806040667,-0.0002715483089725358,0.00013415083657910892,-7.755358556919523e-6,0.0684282044790356,1.0092835358459107,0.9644888290752812,-2.4477894405128033,5.949415931469371,0.23621886078670526,17.908965265782353,6.271092648934131,1.712000930627328,12.285856471754688,-29.37875156338704,-13.055458882367926,-7.661416862096692
0.013689499999999999,0.0034223749999999996,4.0,1.6106586883233587,-1.0602847271704328,0.01116349710658263,-0.00026448386425570035,0.00014036271499905345,-5.40347121581252e-6,0.06843113312482192,1.0293782553718982,0.9947368125465682,-2.5304028189630197,5.912322128834252,0.7382285405107967,18.14747292955232,6.042551235970468,1.8993133362560652,13.56288266875773,-29.776117665105616,-14.811452252787639,-7.811635465090322
0.013689499999999999,0.0034223749999999996,4.0,1.5924696554707836,-1.0419823448758192,0.010695359443058185,-0.00025210292984180753,0.0001441333604839444,-3.497988082004658e-6,0.06843404429872506,1.0454001466721732,1.021202498164254,-2.600118091522694,5.830335043415179,1.169451004326234,18.42363310144873,5.860015359331946,2.103059934475201,14.75073347459167,-30.118664572172058,-16.504055226054664,-7.9333949778903845
0.013689499999999999,0.0034223749999999996,4.0,1.5734422288574446,-1.0228590104162019,0.01029103092512918,-0.00023486935026578452,0.00014452002002115027,-2.0978487643626215e-6,0.06843690755588655,1.0583599787559566,1.0445375484273538,-2.6575395260769783,5.718719351161715,1.5403972940502126,18.723165743899706,5.71671820853497,2.3132260006596472,15.858189162136023,-30.40871682764157,-18.11665377393384,-8.031945351821365
0.013689499999999999,0.0034223749999999996,4.0,1.5535785921991547,-1.002912974250122,0.009955466329368785,-0.0002131498280504388,0.00014068273701970687,-1.1600508448374895e-6,0.06843969458293109,1.0691342006692905,1.0652144030222135,-2.703202390774859,5.5905164549874975,1.8621459058801888,19.039204441232602,5.605379655730856,2.521468823081891,16.888554856913057,-30.650472711894345,-19.636325736199097,-8.11198527806939
0.013689499999999999,0.0034223749999999996,4.0,1.5328805757944899,-0.9821428362086725,0.009689449566227193,-0.00018738903075389248,0.0001319345387000755,-5.955189246334935e-7,0.06844235909105971,1.0784743833845392,1.0835498022434158,-2.737749120638654,5.456623274634794,2.1449319140014462,19.369582176877035,5.518557012001551,2.721332639525733,17.84031899212036,-30.84949170380697,-21.052611130037178,-8.177955914160522
0.013689499999999999,0.0034223749999999996,4.0,1.5113495957341312,-0.9605475114576506,0.00948923483682793,-0.00015806899055247824,0.00011787649547428287,-2.951949306608341e-7,0.06844483293489438,1.0870032095161783,1.09974988304288,-2.762062001620478,5.325864000510601,2.397333664990787,19.713422253186163,5.449049590883082,2.908336190673198,18.709025315321277,-31.011944027758595,-22.35699016433306,-8.2342001911838
0.013689499999999999,0.0034223749999999996,4.0,1.2502726579724883,-0.6990855850124368,0.009226976438782761,0.0005349602489752813,-0.0005423928288683023,-6.766695320808456e-6,0.06845230076511273,1.1637720643624105,1.169999240870686,-2.6988415846466056,4.714716265316782,3.9698420621822623,22.629236644782598,4.914696836452739,4.015294882093388,23.356732477276225,-31.61241745406675,-29.411816069606033,-8.730011147410165
0.013689499999999999,0.0034223749999999996,4.0,1.219582789209369,-0.6683807335468487,0.009257230945133635,0.0006144722183115385,-0.0006214826736842301,-6.662178797672564e-6,0.06845204088378451,1.1686314397100541,1.1701871849997225,-2.6751193125622446,4.695812898655553,4.048635495074048,22.78571781482428,4.869700167824382,4.069773105214321,23.59979846338194,-31.620065638870884,-29.677327199757883,-8.765586003869869
0.013689499999999999,0.0034223749999999996,4.0,1.1880593884848758,-0.6368460880655613,0.009292022661235785,0.0006850314488618329,-0.0006914109178730002,-6.366241218821168e-6,0.06845178003381287,1.1726961126482849,1.1695436444464333,-2.648064221519139,4.6791092717454985,4.115259522162081,22.910375726690113,4.829195749310169,4.11602838035507,23.816970922228073,-31.609122379683335,-29.878426168788554,-8.795137652100568
0.013689499999999999,0.0034223749999999996,4.0,1.1557026399479304,-0.6044815741525155,0.009330950317356066,0.0007510465788558012,-0.0007567017265294503,-5.989682668570995e-6,0.06845154159677896,1.176018848471857,1.1681563151612517,-2.617265625156247,4.664769552659424,4.170628466756318,23.00274230659754,4.793562073084693,4.153945411989155,24.012151336840464,-31.578226978099874,-30.016488468518517,-8.81871496464859
0.013689499999999999,0.0034223749999999996,4.0,1.1225125788952035,-0.5712871800543561,0.009376499324418593,0.0008004115044014287,-0.0008051974081790723,-5.508744868371505e-6,0.06845133723617249,1.1785615620211194,1.1659934485496832,-2.5821214580664544,4.653046454070215,4.21522256359092,23.063747599740996,4.762578075492606,4.182561894344479,24.193983882443217,-31.52964884349241,-30.094893513183955,-8.835608348414706
0.013689499999999999,0.0034223749999999996,4.0,1.0884892294468254,-0.5372631293455353,0.009429674420730451,0.0008227100575101874,-0.0008264775526638823,-4.9330387257534305e-6,0.06845118132186491,1.180317637671769,1.1630230335931386,-2.5416862763204344,4.6445013458093865,4.249264814712306,23.090934247910223,4.7362391988682635,4.200742156144533,24.369639305447095,-31.462311412429848,-30.111821247895445,-8.845243501953927
0.013689499999999999,0.0034223749999999996,4.0,1.053632433633861,-0.5024098519940371,0.009493306699805084,0.0008231522661930433,-0.0008258378759858759,-4.3786275867798825e-6,0.06845108829742337,1.1812210646141907,1.1591257164417637,-2.4946352055569707,4.639263282547508,4.271954492287155,23.077233653463605,4.7151223186406535,4.207171861067674,24.542458501557853,-31.370943135384838,-30.058752898951916,-8.846435143615178
0.013689499999999999,0.0034223749999999996,4.0,1.0179420127849734,-0.4667279203917584,0.009571660183826908,0.0008029092114983369,-0.0008044938579198695,-3.921498965591735e-6,0.06845108012530403,1.1812149243958654,1.1541415184562314,-2.4391570581260327,4.6370647175283235,4.281472093962201,23.01323756187693,4.701347667747921,4.200463719694102,24.71704632701376,-31.24962672999448,-29.922389529394824,-8.837528437222423
0.013689499999999999,0.0034223749999999996,4.0,0.9814179152145015,-0.430217983953711,0.00967006047070157,0.0007622414104219211,-0.000762736233148757,-3.624925529268986e-6,0.06845122478091205,1.1803483515113489,1.147899297140451,-2.3726694409655815,4.6377087567307775,4.275504531168439,22.890999683026,4.699406064549772,4.178291500154525,24.909052481933763,-31.098009189714624,-29.68740327815152,-8.816000256885301
0.013689499999999999,0.0034223749999999996,4.0,0.6595890215918353,-0.10935675314544169,0.011272718642749426,-0.0006654644352316327,0.00040151227008314235,2.2178925215820587e-5,0.06854958494329076,1.2863835926905898,0.6603382464095993,-1.3557465806561666,7.030494183128053,3.9692971631889056,26.925266181486943,6.780114502246062,-1.4913177439549379,18.813886376336352,-34.72488072777529,-13.14813187180541,-5.539176439173116
0.013689499999999999,0.0034223749999999996,4.0,0.6154698454009019,-0.06608831861950958,0.009483175242784244,-0.0010322787711704627,0.000460574537349729,3.662909219011096e-5,0.0684961289548206,1.2586963363897987,0.42014872959438054,-1.903383239711145,9.301529226153496,2.960112066199246,21.198177661919612,5.421935872065131,-3.0155397146298597,6.757071866531006,-32.05917065026335,-6.974787944534281,-6.28598951152364
0.013689499999999999,0.0034223749999999996,4.0,0.5699329944666244,-0.021993165385071345,0.00801556906187411,-0.0013566773753939376,0.0005420743294167274,4.595778958113144e-5,0.06838619445095609,1.0201058047137541,0.18959464536021423,-2.363430498911704,9.94374551956215,1.3135154599932974,4.281445327918078,2.167756370352525,-3.0357062504756387,0.9936708053244613,-24.23499843964396,-2.47220624382725,-6.908039269086507
0.013689499999999999,0.0034223749999999996,4.0,0.570049158549084,0.022755708450126567,0.00825984598425476,0.0001375379592914336,0.000973911893295197,-1.1924300822905068e-5,0.06861080792516362,1.0548102184037889,0.035555630930253934,-2.286762082562579,10.303717727832604,-0.7586269046041153,5.115826116529127,-0.4746437230075374,-3.616700143761134,2.4094682567014765,-23.98005342104528,-0.7527216281596575,-6.687017584071473
0.013689499999999999,0.0034223749999999996,4.0,0.6158859063742794,0.06662965005355297,0.010470417061834847,0.0019230478057509208,0.0007292007687278764,-0.0001581179714255584,0.0685111666518866,1.3808738363987951,-0.26730403909611367,-1.6281651523580016,10.114083894843088,-4.281162304412188,22.724972874919867,-3.9828662703279005,-4.463371879777906,-4.396714498179563,-31.25707922195882,2.18133081897214,-5.650712015065182
0.013689499999999999,0.0034223749999999996,4.0,0.6601742792132975,0.1094274873192996,0.01266181152298481,0.0016072580546549302,0.0008747215270505611,-0.00011748736805329294,0.06860550189913149,1.4668516462690462,-0.6489780935240799,-0.9769920270384352,7.487989571879846,-5.8207918305342625,27.34061034425322,-6.7155476035383685,-2.5179295979322998,-19.05403883290643,-33.91331699135466,8.549463631250179,-4.970059973947542
0.013689499999999999,0.0034223749999999996,4.0,0.7031634112805937,0.15175360403052773,0.012978751623013136,0.0011832853446559638,0.0009377427288085687,-3.8951577501969016e-5,0.06858178978858806,1.419013131227189,-0.934016526161323,-0.900295904992609,5.432216457427588,-5.245009905474318,24.11087950858763,-7.675283544675587,0.3225137432435814,-28.47238980371927,-33.217769769934236,15.751206779055671,-5.75473020067117
0.013689499999999999,0.0034223749999999996,4.0,0.7452336489825422,0.19369031996994543,0.012180755805949774,0.0008281310012946109,0.0007862238566019577,-1.5665946149365987e-6,0.06852459733688436,1.3358642472436537,-1.0892794694201866,-1.1949340555812566,4.636460468258672,-4.351723230207346,21.695806653803338,-7.298075536291912,2.4029090142016063,-30.53521070572367,-31.942872925596753,21.25033566463535,-7.0393694824602795
0.013689499999999999,0.0034223749999999996,4.0,0.7865573074669496,0.23505773913070507,0.011273970735790588,0.000565503229253214,0.0005658114236987219,4.13289906506431e-6,0.06848181024173719,1.268585106498994,-1.154255320173796,-1.5509837704287122,4.575365862644904,-3.903635356236781,21.271279837951955,-6.455259615682288,3.4937790306768486,-29.47308278735871,-31.238716686383338,24.78705181230734,-8.069144893321756
0.013689499999999999,0.0034223749999999996,4.0,0.827145471795318,0.27570004225529926,0.01060160459532572,0.000382409197300044,0.00038488040413648365,2.314391288075418e-6,0.06846030843997906,1.2307127543883305,-1.1752967116271054,-1.841307001607465,4.704818798303229,-3.848581927721446,21.715598007014826,-5.742364565381284,3.9522776578947756,-27.98573746611902,-31.064444119914583,26.94697649857832,-8.657096456198001
0.013689499999999999,0.0034223749999999996,4.0,1.553679910578593,1.0027976870223052,0.00976348481032404,0.00017041613989279424,0.00011377661553151611,5.045548967978534e-7,0.06843971834238063,1.107505465487984,-1.1072079581374141,-2.792498030225041,5.791617488305382,-2.031783504221764,19.697596989024436,-5.769940307585337,2.6506805092672483,-17.61232848265415,-31.649195840239013,20.497486980960097,-8.442297997572638
0.013689499999999999,0.0034223749999999996,4.0,1.5735456479761405,1.0227412155640256,0.01009057381852788,0.0001922756957436089,0.00011996050786685511,1.1701364093667842e-6,0.06843693058079994,1.0974541544825311,-1.08725711961645,-2.7480772203406776,5.925500696574069,-1.7169726120843978,19.398940851362966,-5.881476959808714,2.444693401891387,-16.589145375698894,-31.424642387894078,18.988220805460376,-8.370194098465456
0.013689499999999999,0.0034223749999999996,4.0,1.5925752160821223,1.0418619709340542,0.010486087235935925,0.00021012539661003312,0.0001220842901994546,2.2417814877955246e-6,0.06843406161863781,1.0852183057075495,-1.064621543202204,-2.6916664640430352,6.042865989484168,-1.3524373611566007,19.117753396322144,-6.025355413823304,2.237071151070643,-15.487316346835156,-31.150782738615746,17.384468113530907,-8.279937140554813
0.013689499999999999,0.0034223749999999996,4.0,1.6107663482081942,1.060161797484596,0.010945358018373368,0.00022356325919455555,0.0001208112733752306,3.775513696953705e-6,0.06843113622467979,1.0698941830580178,-1.038796003163645,-2.6227129294123728,6.130338728076484,-0.9265933309124968,18.861356794839345,-6.209028313400569,2.0363783907478137,-14.304062445177358,-30.82368844569073,15.699859501762779,-8.166717118824293
0.013689499999999999,0.0034223749999999996,4.0,1.62811645908228,1.0776429010524577,0.011460833555782804,0.00023233798237311815,0.00011688644226724937,5.766700350126924e-6,0.0684281816128124,1.0504369706562064,-1.00908969275169,-2.540598384078209,6.172256047399508,-0.42844329498430794,18.644332911922408,-6.439366935882625,1.8528110810736456,-13.030543587009923,-30.44100853290337,13.951405576347364,-8.025067128473152
0.013689499999999999,0.0034223749999999996,4.0,1.64462276955335,1.0943077255615206,0.012023355572891635,0.0002363794425870305,0.00011104853027283856,8.133165537717463e-6,0.06842525737671368,1.0256684633235447,-0.974655949707532,-2.4444810639996275,6.151123989756927,0.15018068502306473,18.488903697856678,-6.721996678104958,1.697625846299069,-11.653652061407083,-30.002065768779186,12.161202242291562,-7.8487498360559975
0.013689499999999999,0.0034223749999999996,4.0,1.6602821943353328,1.1101587384909923,0.0126272892231969,0.00023578192457588884,0.0001039709787913414,1.0702274431909923e-5,0.06842247672055729,0.9942106727478212,-0.9345467781566189,-2.3333037397133225,6.049022697723671,0.8115600888346828,18.421537391175466,-7.0591294360880585,1.581229421060822,-10.161511968865025,-29.508720201619266,10.35892245195574,-7.6302521187844965
0.013689499999999999,0.0034223749999999996,4.0,1.675092049207641,1.1251981467204766,0.013260890308258751,0.00023076067954741795,9.621583399524645e-5,1.3231038730526774e-5,0.06842003923492898,0.9549387783145444,-0.8880088154459271,-2.2059042994860953,5.851986997856806,1.5484487487215846,18.464476257524716,-7.44780356655904,1.5120337161440458,-8.55242736151378,-28.96173258802659,8.580125001669147,-7.364020714000855
0.013689499999999999,0.0034223749999999996,4.0,1.6890500191972557,1.1394272562907892,0.013920163658620721,0.00022159334279377797,8.819383570189327e-5,1.542048592276231e-5,0.06841815242124734,0.9068190534022771,-0.8345651999693673,-2.06158641698117,5.5535595436788086,2.341470157155293,18.625444789744474,-7.874496520117288,1.4914239110925012,-6.846246993566303,-28.36406752624874,6.8677794848162765,-7.044983454771311
0.013689499999999999,0.0034223749999999996,4.0,1.7021550679388846,1.1528460289857192,0.014599449823558427,0.0002086287983460506,8.013492336615655e-5,1.6988011322081792e-5,0.06841700511888216,0.8494924105792749,-0.7743587085311867,-1.9006617851669714,5.159698435160557,3.1587201961888045,18.888215150928367,-8.314101623501546,1.5125947227199008,-5.091325421087143,-27.717801705849492,5.266357121251231,-6.672293157880457
0.013689499999999999,0.0034223749999999996,4.0,1.7144080286438494,1.165452588269138,0.015291982391856633,0.00019234559111267158,7.210504036865082e-5,1.7741317412748414e-5,0.06841669200865222,0.7835064240860675,-0.7082801265792513,-1.7250096201059637,4.689987729865435,3.9591850972616407,19.210594622079448,-8.731334463130466,1.5604252029002572,-3.3629757035519128,-27.024727470761146,3.816466152850138,-6.250412932765694
0.013689499999999999,0.0034223749999999996,4.0,1.72581200076419,1.177243052811679,0.015988683660654535,0.0001734119117909422,6.407989999718138e-5,1.7629407104297064e-5,0.06841717360809368,0.7104359231719147,-0.6379552105801786,-1.5382966867408925,4.1750262982330195,4.699383474858733,19.53165275672743,-9.08671334584785,1.6145639617906482,-1.7512860308589768,-26.287211884013892,2.548947328490947,-5.7895902600236715
0.013689499999999999,0.0034223749999999996,4.0,1.7363722583610615,1.18821179633987,0.01667783055287788,0.00015267446102822785,5.6040541341124026e-5,1.6738688039863122e-5,0.0684182842778083,0.6327538892747724,-0.5655545323061557,-1.3457340538776483,3.650516766965981,5.341217500814067,19.78596803166562,-9.345074005650751,1.6543713351198304,-0.3422189224334071,-25.509697343177166,1.4807469446135486,-5.304888102085811
0.013689499999999999,0.0034223749999999996,4.0,1.7460956300395076,1.1983521023190762,0.01734580814252713,0.0001310643031151097,4.8034738128701046e-5,1.524314867595963e-5,0.06841978372484409,0.5534782483397457,-0.493485549662409,-1.1534244356748253,3.150256603014979,5.858434027333738,19.919263579597622,-9.483404514851888,1.6637385299736227,0.8007438973996902,-24.700230826561093,0.6137089124864156,-4.813995132988602
0.013689499999999999,0.0034223749999999996,4.0,1.7549895303106804,1.2076570303458232,0.01797866246211716,0.00010947256009551882,4.018143271677667e-5,1.3344018883261579e-5,0.06842142551612197,0.4757096076941484,-0.42406315195060706,-0.9675136040546478,2.7004624275801903,6.239876035224392,19.899766241882396,-9.495200484573669,1.6340950715131948,1.6478851147582696,-23.87131105365862,-0.06373126400791428,-4.334557499093387
0.013689499999999999,0.0034223749999999996,4.0,1.763060943127407,1.2161202516463332,0.01856386286032917,8.86602628879208e-5,3.2639948403700155e-5,1.1227733967165387e-5,0.068423012362522,0.40220266165967394,-0.3592450071656416,-0.7934048064923466,2.3169071038027362,6.48915366649517,19.722311337004992,-9.390315163168884,1.5649758899358273,2.2047916485618897,-23.039635443767317,-0.5728951315789397,-3.881882993738563
0.013689499999999999,0.0034223749999999996,4.0,1.7703156318274038,1.2237366576571376,0.019091699821528196,6.931738077563842e-5,2.5609306874580832e-5,9.0606529271065e-6,0.0684244213345103,0.335077296643533,-0.30047851638705614,-0.6352275916253993,2.0049922570821517,6.621600261229843,19.405555834994093,-9.191173595992762,1.4625724148830805,2.505679546003376,-22.224818279668,-0.940523731164608,-3.4675646719652313
0.013689499999999999,0.0034223749999999996,4.0,1.7767577215852914,1.2305026521035463,0.019555988123612023,5.118949740598317e-5,1.897892146568302e-5,6.871465670913106e-6,0.06842560017568171,0.2757072369667854,-0.2486633072465628,-0.49563161152301527,1.7618805104516295,6.659937574150163,18.98483559165919,-8.927266753147878,1.337237427467716,2.6024984204531796,-21.447510442063443,-1.19489355388101,-3.099117937919346
0.013689499999999999,0.0034223749999999996,4.0,1.7823896556222563,1.2364161427890354,0.019954041259658557,3.455575830919293e-5,1.2853627562371586e-5,4.743640076994138e-6,0.06842654694152497,0.22476298086126248,-0.20420415760793265,-0.3758677470316388,1.5794843450050278,6.629929325273439,18.503812385307274,-8.629777339297165,1.2009067331354888,2.5536236024004038,-20.72757179716067,-1.3627708055649652,-2.780391078140516
0.013689499999999999,0.0034223749999999996,4.0,1.7872124284242727,1.2414763160354818,0.020286093899144597,1.8846793684903897e-5,7.030433883902958e-6,2.6359675297335798e-6,0.06842728631102137,0.18235333876841706,-0.16711802300253367,-0.2760593578236804,1.447323099283824,6.556911208199291,18.007113715513945,-8.327571596187155,1.065070698318393,2.415149148036051,-20.082604145391894,-1.4676970683193626,-2.512393797602216
0.013689499999999999,0.0034223749999999996,4.0,1.7578086255632976,-1.2445,0.007231790867624131,-0.007977541099317751,-0.0,-0.003719988507858114,0.0684475,0.31697247213343394,0.2718332595176871,-0.6107619293788947,1.9462863399611872,-5.2139946043851495,13.99661241304286,8.79098676104299,2.139011610608686,-6.091474117173354,-16.57889437372039,2.685966906940541,-4.085297950569864
0.013689499999999999,0.0034223749999999996,4.0,1.7532831710178431,-1.2399745454545454,0.007231790867624131,-0.004218347874568518,-0.0,-0.001967047918673162,0.0684475,0.34909056695370577,0.3063858753338363,-0.704701196604645,2.1360162367023428,-5.2465066508483975,14.027267500305046,9.10272735651338,2.287106991628221,-6.575147006958211,-16.96321559507988,2.8668952579426534,-4.423123228330562
0.013689499999999999,0.0034223749999999996,4.0,1.7479265105354684,-1.2346178849721707,0.007231790867624131,-0.003395012664629326,-0.0,-0.001583120405049863,0.0684475,0.3869957304029607,0.34750057203329515,-0.817050338796233,2.375296528757538,-5.130030940193006,13.990906380694746,9.316498758918614,2.4414508364385474,-6.823640320900322,-17.40008371815062,2.798793496030555,-4.816747365196086
0.013689499999999999,0.0034223749999999996,4.0,1.7417386441161733,-1.2284300185528756,0.007231790867624131,-0.002996763789065515,-0.0,-0.0013974139045228409,0.0684475,0.4302215483052571,0.3948300384411877,-0.9472779504555121,2.6677062326377152,-4.923634523515044,13.859033877102418,9.488218037483707,2.5912378141824846,-6.960631281520657,-17.880698715768183,2.6249114273745713,-5.258944046820203
0.013689499999999999,0.0034223749999999996,4.0,1.7347195717599582,-1.2214109461966605,0.007231790867624131,-0.0027400776104231648,-0.0,-0.0012777191736793707,0.0684475,0.47795918437547436,0.4476594220099017,-1.0940068211762684,3.0137503149386915,-4.619656842826693,13.608014721815763,9.604610102462905,2.7253115680156363,-6.961638673499947,-18.395599492916126,2.339074747821128,-5.739061882954324
0.013689499999999999,0.0034223749999999996,4.0,1.7268692934668226,-1.213560667903525,0.007231790867624131,-0.0025469860795787414,-0.0,-0.001187679114121744,0.0684475,0.5290138429908982,0.5048412938324083,-1.2548557727990295,3.4091496085930597,-4.209049072129224,13.224491881830433,9.648197878945764,2.8338888870304224,-6.793402368139157,-18.935236286211833,1.921100694819675,-6.243038495623484
0.013689499999999999,0.0034223749999999996,4.0,1.718187809236767,-1.2048791836734694,0.007231790867624131,-0.0023848728686214266,-0.0,-0.0011120844823642514,0.0684475,0.5818212928420862,0.5647918524567029,-1.4264246398563483,3.8434279916041274,-3.689636598856528,12.710514916774503,9.605584686456863,2.9106650256957867,-6.431659097601574,-19.490571154755422,1.350253765868863,-6.754093017299907
0.013689499999999999,0.0034223749999999996,4.0,1.708675119069791,-1.1953664935064934,0.007231790867624131,-0.002239845666409773,-0.0,-0.0010444571873321638,0.0684475,0.6345445368724948,0.6255737782403772,-1.6044761212187395,4.299399320912244,-3.06962216204314,12.086635574039954,9.471456573226767,2.954746444714531,-5.869628905358344,-20.053551663969557,0.6104822543074262,-7.254145765626774
0.013689499999999999,0.0034223749999999996,4.0,1.6983312229658951,-1.1850225974025974,0.007231790867624131,-0.0021047690686135817,-0.0,-0.000981469935342277,0.0684475,0.6852527013595578,0.6850735086829183,-1.7843233475976767,4.754149307895454,-2.3689218479045397,11.391141755223758,9.250910439948402,2.971637690200954,-5.12265313431547,-20.617305525030407,-0.3053756380119023,-7.725786998096403
0.013689499999999999,0.0034223749999999996,4.0,1.6871561209250787,-1.173847495361781,0.007231790867624131,-0.0019758692709908655,-0.0,-0.0009213629725761749,0.0684475,0.7321562315611236,0.7412508532520817,-1.9613616227610975,5.18178422356197,-1.6176573731342851,10.674428175729272,8.959315832894717,2.972593678656104,-4.227196358088128,-21.17598085805696,-1.392933764606176,-8.154377902218078
0.013689499999999999,0.0034223749999999996,4.0,1.675149812947342,-1.1618411873840444,0.007231790867624131,-0.001851167872237574,-0.0,-0.0008632137553548749,0.0684475,0.7738444864154082,0.7924065208168289,-2.13161274022803,5.557572884459012,-0.8518832509315566,9.989273465115144,8.619560896971487,2.972166817377057,-3.233967921932425,-21.72429302326816,-2.635584487050956,-8.52973970183607
0.013689499999999999,0.0034223749999999996,4.0,1.6623122990326855,-1.1490036734693876,0.007231790867624131,-0.0017297272530308015,-0.0,-0.0008065850646076719,0.0684475,0.8094595472330406,0.8373951263829313,-2.2921206070615985,5.862375078597945,-0.10752983096522642,9.379849821539263,8.257390443717362,2.984600381338328,-2.196967631822937,-22.25697417986476,-4.006169813136952,-8.84697545993628
0.013689499999999999,0.0034223749999999996,4.0,1.6486435791811085,-1.1353349536178108,0.007231790867624131,-0.001611264965327526,-0.0,-0.0007513451926490738,0.0684475,0.8387559673215731,0.875722478356813,-2.441078418182727,6.0858692020815806,0.5855886443222662,8.873403590973114,7.8964502270842125,3.0204008045020276,-1.1623275641659432,-22.76837717594086,-5.470627820050154,-9.106270006583612
0.013689499999999999,0.0034223749999999996,4.0,1.6341436533926113,-1.1208350278293135,0.007231790867624131,-0.001495944509513187,-0.0,-0.0006975703809609223,0.0684475,0.8620378448012779,0.9075066684185668,-2.577672844433493,6.2274412408704025,1.2077751915083044,8.477687821196529,7.554813291479288,3.0844398888548787,-0.1610991263205057,-23.2524194351569,-6.992531466652746,-9.31188112972528
0.013689499999999999,0.0034223749999999996,4.0,1.6188125216671938,-1.105503896103896,0.007231790867624131,-0.0013842461851052209,-0.0,-0.0006454845968864063,0.0684475,0.8800109476167207,0.9333329097300992,-2.7017462396101064,6.294617760403436,1.7504399779751056,8.18457474780942,7.2439372775569755,3.176148372238236,0.7918831397130804,-23.702900703666806,-8.537168257967956,-9.470766132641673
0.013689499999999999,0.0034223749999999996,4.0,1.6026501840048561,-1.0893415584415584,0.007231790867624131,-0.0012768633404510728,-0.0,-0.0005954111540697085,0.0684475,0.893611318234476,0.9540635713135285,-2.813436354375346,6.300019067210826,2.214430146396627,7.977412517728708,6.969685811313208,3.291254064925693,1.6940252871360675,-24.114082665704796,-10.074167543418962,-9.59127313213652
0.013689499999999999,0.0034223749999999996,4.0,1.5856566404055983,-1.0723480148423006,0.007231790867624131,-0.001174595822676459,-0.0,-0.0005477230273509037,0.0684475,0.9038606975856834,0.9706619089847461,-2.9129251450080984,6.258249803119742,2.6070042702385647,7.838473681642502,6.734163580320091,3.423883125449828,2.5489147810409287,-24.48135314101835,-11.578436372810543,-9.68213292856957
0.013689499999999999,0.0034223749999999996,4.0,1.56783189086942,-1.0545232653061223,0.007231790867624131,-0.0010782376657571036,-0.0,-0.0005027904808537071,0.0684475,0.9117667029564119,0.9840604206871801,-3.000345559115967,6.183714273771003,2.938786452929667,7.7538042751230645,6.53719974302047,3.568065379444955,3.361087445108137,-24.801813217755655,-13.029843453563915,-9.751779653215955
0.013689499999999999,0.0034223749999999996,4.0,1.5491759353963217,-1.035867309833024,0.007231790867624131,-0.000988476123986731,-0.0,-0.00046093398651838273,0.0684475,0.9182580451882838,0.9950766737569945,-3.0758179499648097,6.0895156504900045,3.221410431491533,7.714771664789454,6.377062966505859,3.7184027761434355,4.1329456257852275,-25.074666809720647,-14.412355789375106,-9.80791842663344
0.013689499999999999,0.0034223749999999996,4.0,1.5296887739863032,-1.0163801484230055,0.007231790867624131,-0.0009058231349912135,-0.0,-0.00042239226478037195,0.0684475,0.9241375610206084,1.0043667797182982,-3.139552551496764,5.987034415896808,3.4659368405394084,7.71709959945434,6.2506658462578555,3.8702091715526556,4.863684856995303,-25.301319400714736,-15.713195462125919,-9.857243587449465
0.013689499999999999,0.0034223749999999996,4.0,1.5093704066393645,-0.9960617810760667,0.007231790867624131,-0.0008305834059768125,-0.0,-0.0003873074029434499,0.0684475,0.9300441192273425,1.0124075225019997,-3.1919567253523855,5.8857290839356295,3.6818688048383783,7.758643904086497,6.153697800356705,4.019509056891699,5.549555271243966,-25.485128271912306,-16.922294168266333,-9.905238140827331
0.013689499999999999,0.0034223749999999996,4.0,1.4882208333555054,-0.9749122077922077,0.007231790867624131,-0.0007628254881852818,-0.0,-0.0003557113669766223,0.0684475,0.9364252591424977,1.019502213294049,-3.2337040078743735,5.792940866692951,3.8766139661344097,7.8370285226474135,6.08094163149418,4.163081654660298,6.184917718323968,-25.630840111959383,-18.032109047024655,-9.956022521353256
0.013689499999999999,0.0034223749999999996,4.0,1.4662400541347262,-0.9529314285714284,0.007231790867624131,-0.0007022314126505872,-0.0,-0.00032745588551597184,0.0684475,0.943527229530617,1.0258063956900918,-3.265742300346746,5.713714218848938,4.055316300813234,7.947964715908186,6.026791514270238,4.298546372355523,6.763806997689851,-25.743891976524566,-19.03777108957787,-10.012260591204456
0.013689499999999999,0.0034223749999999996,4.0,1.4434280689770267,-0.930119443413729,0.007231790867624131,-0.0006463741144658294,-0.0,-0.00030140919960857195,0.0684475,0.9514071122676139,1.0313675296220122,-3.2892359490327068,5.650748620757124,4.2209702407753555,8.084682222981497,5.9858919278002345,4.424410226328807,7.281709357606304,-25.829820370103764,-19.937371822062605,-10.075158847085921
0.013689499999999999,0.0034223749999999996,4.0,1.4197848778824071,-0.9064762523191094,0.007231790867624131,-0.0006053644509258981,-0.0,-0.0002822860794415422,0.0684475,0.9599658745498576,1.0361700719783562,-3.3054510889532076,5.604583261290242,4.3753041657068055,8.238471877129774,5.953191945713216,4.54000983726334,7.738316130863134,-25.893911536901513,-20.73330299117027,-10.144593098553585
0.013689499999999999,0.0034223749999999996,4.0,1.3953104808508672,-0.8820018552875695,0.007231790867624131,-0.0005712600257537149,-0.0,-0.000266382924806779,0.0684475,0.9689954409056382,1.040176531450151,-3.315610448600345,5.574022389440753,4.518411959663539,8.400064154128184,5.925214526157496,4.6453440976876115,8.136431511474143,-25.941034651085854,-21.430192384154406,-10.219366487128365
0.013689499999999999,0.0034223749999999996,4.0,1.3700048778824072,-0.8566962523191094,0.007231790867624131,-0.0005440992896962751,-0.0,-0.0002537176655820683,0.0684475,0.9782305189061856,1.043357831433553,-3.3207618052586416,5.55670583467775,4.650100621278502,8.561436740656498,5.899394087093837,4.740858285298599,8.483210987480222,-25.975579669158204,-22.035977192562907,-10.297564119976352
0.013689499999999999,0.0034223749999999996,4.0,1.3438680689770268,-0.8305594434137291,0.007231790867624131,-0.0005242708454405161,-0.0,-0.0002444715101763083,0.0684475,0.9873970581097098,1.0457112258881585,-3.3217047254519714,5.549699388957486,4.770057727005289,8.717444198893661,5.874285100740909,4.82724263950294,8.788173693066875,-26.00155865434336,-22.56041536009542,-10.37694202846043
0.013689499999999999,0.0034223749999999996,4.0,1.3169000541347262,-0.8035914285714285,0.007231790867624131,-0.0005117207265838222,-0.0,-0.0002386192936426765,0.0684475,0.9962511392776204,1.0472672007422803,-3.318985966125104,5.550021215995564,4.878080194696771,8.866356312231611,5.849407349814941,4.905258509556064,9.061735663141885,-26.022795216613236,-23.01401845692318,-10.455279725551629
0.013689499999999999,0.0034223749999999996,4.0,1.2891008333555056,-0.7757922077922077,0.007231790867624131,-0.000506310878109892,-0.0,-0.00023609663986982473,0.0684475,1.0046033380234853,1.048086691866478,-3.312921912224211,5.555061232877299,4.974250802595765,9.008359355686139,5.8249207762204405,4.975576565378692,9.314287079944119,-26.04253607726653,-23.40670915070138,-10.530637798255983
0.013689499999999999,0.0034223749999999996,4.0,1.2604704066393644,-0.7471617810760667,0.007231790867624131,-0.0005078849551108713,-0.0,-0.000236830644029907,0.0684475,1.0123255507264957,1.0482491851600577,-3.3035917933375902,5.5628498129639725,5.059040026455846,9.142373285823254,5.801246040137344,5.038645728333439,9.554670973403962,-26.061742264872837,-23.745525097103435,-10.601495541297417
0.013689499999999999,0.0034223749999999996,4.0,1.2310087739863034,-0.7177001484230054,0.007231790867624131,-0.000516320784135296,-0.0,-0.00024076433570688246,0.0684475,1.0193426918216042,1.0478355461767992,-3.2908182880505676,5.572101142887735,5.133252226737854,9.264290629204009,5.778793001068958,5.094696797052205,9.787333129965418,-26.077182393032384,-24.03246925729071,-10.66679793993993
0.013689499999999999,0.0034223749999999996,4.0,1.2007159353963217,-0.687407309833024,0.007231790867624131,-0.0005316044684095618,-0.0,-0.00024789123472879573,0.0684475,1.025620130160758,1.0469165751575469,-3.2742383278992566,5.582034275755713,5.197767313807802,9.369555054087725,5.757954338049792,5.143942691581087,10.010861638736095,-26.082484175168567,-24.265483280489896,-10.725976967336798
0.013689499999999999,0.0034223749999999996,4.0,1.1695918908694203,-0.6562832653061225,0.007231790867624131,-0.0005540296307945501,-0.0,-0.0002583482596842852,0.0684475,1.0311566175867166,1.0455546023989424,-3.253469813881114,5.592232174962209,5.2533473820432555,9.456857945240804,5.739184843379298,5.186709770310734,10.221846880857191,-26.07252990475513,-24.44275310193754,-10.778941945272926
0.013689499999999999,0.0034223749999999996,4.0,1.1376366404055982,-0.6243280148423005,0.007231790867624131,-0.0005858348562643085,-0.0,-0.00027317927989017996,0.0684475,1.035975365901854,1.0438051519770475,-3.22817203093784,5.602731588785677,5.30078904602204,9.527170987794722,5.72277850206396,5.223175551031825,10.421407608139198,-26.046187816319524,-24.565379163967293,-10.825907139817499
0.013689499999999999,0.0034223749999999996,4.0,1.1048501840048561,-0.5915415584415583,0.007231790867624131,-0.0006141516647885079,-0.0,-0.0002863836245595229,0.0684475,1.0401023799726163,1.0417030859956595,-3.197872200076398,5.614013574969135,5.340451112268475,9.579806735856403,5.709128947962421,5.253005620110393,10.615538944148632,-26.004064328701897,-24.633825540082626,-10.867019195079521
0.013689499999999999,0.0034223749999999996,4.0,1.0712325216671938,-0.5579238961038959,0.007231790867624131,-0.0006578683226252035,-0.0,-0.00030676903689771576,0.0684475,1.0435450429487942,1.0392460215826465,-3.161729252748598,5.62663817119237,5.373380598774656,9.611155402340524,5.69741244268474,5.2754253186530216,10.81411344299991,-25.94477799200111,-24.64706152357747,-10.902063489845402
0.013689499999999999,0.0034223749999999996,4.0,1.0367836533926111,-0.5234750278293134,0.007231790867624131,-0.000706154973437602,-0.0,-0.00032928547195819346,0.0684475,1.0462950379920817,1.0363986435841022,-3.1184242252364256,5.640871779714346,5.399081773303606,9.615911043941871,5.688072250313206,5.289649054951924,11.023510774966606,-25.863860168496526,-24.596836539700522,-10.930520834666265
0.013689499999999999,0.0034223749999999996,4.0,1.0015035791811084,-0.4881949536178106,0.007231790867624131,-0.0007590167522370408,-0.0,-0.00035393532423606735,0.0684475,1.04836569961032,1.033118527759962,-3.0661350000822614,5.6566243164913885,5.416765683815983,9.588804487143374,5.682396908396505,5.295164195747687,11.250269049750932,-25.755498472142065,-24.47072896248578,-10.951788512239085
0.013689499999999999,0.0034223749999999996,4.0,0.9653922990326855,-0.4520836734693877,0.007231790867624131,-0.0008144046714336831,-0.0,-0.0003797631351267319,0.0684475,1.0498614195589786,1.0293785628877943,-3.0025123708247614,5.673671567375693,5.42532545820095,9.529831195279474,5.6837712583935405,5.29136407376579,11.505887560297923,-25.617994135891042,-24.253948498327603,-10.965035641141489
0.013689499999999999,0.0034223749999999996,4.0,0.9284498129473423,-0.4151411873840446,0.007231790867624131,-0.0008686574847088265,-0.0,-0.00040506163743338447,0.0684475,1.051077205204924,1.0251354418199374,-2.924558966402632,5.691996805769764,5.424177907670319,9.449867823002302,5.698712129439259,5.275888706775025,11.819494108095753,-25.462818146760746,-23.93284148046653,-10.967885512544795
0.013689499999999999,0.0034223749999999996,4.0,0.8906761209250789,-0.37736749536178116,0.007231790867624131,-0.0009154936854353896,-0.0,-0.0004269017165110655,0.0684475,1.0526567449108502,1.0201471476108412,-2.8279788475178473,5.711960411983264,5.414881577828755,9.364359203950885,5.7392224423490745,5.240686143955925,12.250096562772194,-25.316912959849468,-23.4861570203583,-10.952646555939197
0.013689499999999999,0.0034223749999999996,4.0,0.8520712229658952,-0.3387625974025974,0.007231790867624131,-0.0009443551198552175,-0.0,-0.0004403600244063695,0.0684475,1.055899931222208,1.0134549185279835,-2.706012815074556,5.734699203733603,5.404125535808532,9.289795391490506,5.827884100559768,5.163597952971428,12.879267350830492,-25.216439487547277,-22.858044572139693,-10.898297156705027
0.013689499999999999,0.0034223749999999996,4.0,0.8126351190697911,-0.29932649350649343,0.007231790867624131,-0.0009388635641151871,-0.0,-0.0004377992699096084,0.0684475,1.063252409738013,1.0021493807363253,-2.549467949523728,5.7666205764643585,5.408251996146863,9.279034111417722,6.003302539860071,4.989829568901148,13.778612047927341,-25.215803611275955,-21.93175541366084,-10.75645014536551
0.013689499999999999,0.0034223749999999996,4.0,0.7723678092367671,-0.25905918367346925,0.007231790867624131,-0.0008795000609459602,-0.0,-0.0004101176137668893,0.0684475,1.0784549933928678,0.9788518092948273,-2.3515360657874873,5.837036450790256,5.4524902693830155,9.50246352392906,6.312332958794407,4.599756716296107,14.908422580902819,-25.41667516835623,-20.513980184922342,-10.436793167086348
0.013689499999999999,0.0034223749999999996,4.0,0.7312692934668227,-0.21796066790352486,0.007231790867624131,-0.000761257663963735,-0.0,-0.0003549802785354742,0.0684475,1.1045182886135954,0.9283145847110913,-2.1247475456034053,6.035248840683059,5.5366605740450145,10.326856519672234,6.761304851708935,3.7910679037427846,15.80576912448774,-25.970566357956518,-18.337366361278082,-9.82631674442584
0.013689499999999999,0.0034223749999999996,4.0,0.6893395717599581,-0.1760309461966605,0.007231790867624131,-0.0006294339603984315,-0.0,-0.00029350987603661875,0.0684475,1.1365796420919514,0.8277494447251681,-1.9375372040435523,6.542493001500162,5.532474905349669,12.077508810652343,7.205310474602596,2.3731523723504258,15.017094115647831,-26.924461334466137,-15.139658257151156,-8.915645373850579
0.013689499999999999,0.0034223749999999996,4.0,0.6465786441161733,-0.13327001855287568,0.007231790867624131,-0.0005641422527355841,-0.0,-0.0002630638527394156,0.0684475,1.147962819235504,0.6603037225755808,-1.9358730728196845,7.561688061018733,5.098634421782698,13.476816456485269,7.156234525789285,0.4575583437290603,10.299849751301169,-27.64861593529104,-10.9125808782924,-8.019246404747795
0.013689499999999999,0.0034223749999999996,4.0,0.6029865105354685,-0.08967788497217066,0.007231790867624131,-0.0005195507676221953,-0.0,-0.00024227050174253779,0.0684475,1.0775337456541796,0.44148325521069487,-2.187805451849379,8.816728152208448,3.9075600415231233,9.547003273946665,5.71710659734677,-1.2799568254475233,2.6213147178654643,-26.163239001838736,-6.294262974315063,-7.536771326760928
0.013689499999999999,0.0034223749999999996,4.0,0.5585631710178433,-0.045254545454545436,0.007231790867624131,-0.00030880246378677505,-0.0,-0.00014399695372090484,0.0684475,0.8714847035545441,0.22930448408523144,-2.3712724341830755,8.782299240533971,2.1821999030487693,-1.5238677523688684,2.849236318433912,-1.9652532930979185,-1.0284903552876639,-20.765103247108776,-2.57091763633936,-6.817045947436041
0.013689499999999999,0.0034223749999999996,4.0,0.5133086255632978,0.0,0.007231790867624131,-0.0003371584503792353,-0.0,-0.00015721956742350955,0.0684475,0.5897954348189006,0.08375233793197466,-2.1043888926904084,6.441440630866691,0.7350578466498334,-9.295069727567467,0.4596658475871361,-1.5662637692755548,0.8855779796710166,-13.467212453344937,-0.5980297499436824,-4.8751768615911395
0.013689499999999999,0.0034223749999999996,4.0,0.5585631710178433,0.04525454545454546,0.007231790867624131,-0.00042647672942286956,-0.0,-0.00019886936495478133,0.0684475,0.9387773810362448,-0.026292041225525798,-2.2421298160648933,9.513208464693292,-1.3470642969842552,-0.08399308061136061,-1.63705154186942,-2.988249080088644,3.445271286111236,-20.212229142934863,0.03982115074181384,-6.524959384604656
0.013689499999999999,0.0034223749999999996,4.0,0.6029865105354685,0.08967788497217068,0.007231790867624131,-0.00020273591625158884,-0.0,-9.453731033118633e-5,0.0684475,1.233594849296147,-0.30224080671181264,-1.8932466658583862,9.99858048127027,-4.671548028664673,11.431839370379857,-5.209997715721109,-2.9891470563485694,-1.4882352438293796,-24.951644035627925,2.5183785535214773,-7.009433424921701
0.013689499999999999,0.0034223749999999996,4.0,0.6465786441161735,0.1332700185528757,0.007231790867624131,7.669226586707532e-5,0.0,3.576219089507643e-5,0.0684475,1.3441296755632455,-0.6434195669702244,-1.5820680072359752,8.342047405451098,-6.633278982401213,14.115692086375452,-7.923798970202502,-0.6969394188380051,-11.232491282767583,-26.307054834710705,7.151432370801301,-7.645107986613087
0.013689499999999999,0.0034223749999999996,4.0,0.6893395717599583,0.1760309461966605,0.007231790867624131,0.0005134921487638188,0.0,0.00023944532137103457,0.0684475,1.3028923026937922,-0.8990097353872766,-1.6498450578018753,6.712890428349392,-6.674075602274286,11.50290285640415,-8.610499539917688,2.1956465833322087,-16.838712952514864,-25.930562253145375,12.383912134645417,-8.908537011681604
0.013689499999999999,0.0034223749999999996,4.0,0.7312692934668228,0.21796066790352506,0.007231790867624131,0.0009520620515683852,0.0,0.0004439538256850973,0.0684475,1.2139357633086523,-1.0275684606190856,-1.9459909384554177,5.961347604578826,-6.036693558856914,9.362407162532934,-8.006795672028389,4.163360816578787,-17.41040147433236,-25.437584154918095,16.69650134285043,-10.124708421157608
0.013689499999999999,0.0034223749999999996,4.0,0.7723678092367671,0.25905918367346936,0.007231790867624131,0.0012304934759107538,0.0,0.0005737885311269479,0.0684475,1.1420044064119599,-1.0706942121666103,-2.2651423386301404,5.80384591099989,-5.5609503635324815,8.671188177072313,-7.144320299779889,5.078347454340437,-15.984655785749332,-25.27572806482452,19.692477005889693,-10.882193365340328
0.013689499999999999,0.0034223749999999996,4.0,0.8126351190697912,0.2993264935064935,0.007231790867624131,0.0013375733891398238,0.0,0.000623720714700236,0.0684475,1.1006437815000696,-1.0765395241754554,-2.5242143145254166,5.8394994579143695,-5.3757329403405425,8.730902132235464,-6.51161289733218,5.38580805634847,-14.433686851933484,-25.356321318833086,21.617454358093763,-11.225307514262836
0.013689499999999999,0.0034223749999999996,4.0,0.8520712229658951,0.33876259740259734,0.007231790867624131,0.001331405828407955,0.0,0.0006208447338988295,0.0684475,1.081198900667987,-1.072102178582308,-2.7166589136241437,5.881780561239393,-5.357825890581797,8.98731671406461,-6.155666980205265,5.453237588914609,-13.282157563607225,-25.533382972476613,22.828811418638068,-11.335018150154001
0.013689499999999999,0.0034223749999999996,4.0,0.8906761209250788,0.377367495361781,0.007231790867624131,0.0012666878138825896,0.0,0.0005906662281050651,0.0684475,1.0731623903510894,-1.067449423187967,-2.858595367828059,5.892711820814386,-5.395895164781028,9.21448341997752,-5.981113454109348,5.453516642249476,-12.504758802977753,-25.72179142409966,23.599553799197384,-11.346228463063866
0.013689499999999999,0.0034223749999999996,4.0,0.9284498129473423,0.41514118738404454,0.007231790867624131,0.0011776712806683,0.0,0.0005491571369648331,0.0684475,1.0699399886096541,-1.0648529632607109,-2.96616727805027,5.881790725953152,-5.4370390735188865,9.363990840496143,-5.901551105313845,5.442746706825198,-11.971917387856879,-25.889792464927922,24.101202575302157,-11.324537432778342
0.013689499999999999,0.0034223749999999996,4.0,0.9653922990326854,0.45208367346938777,0.007231790867624131,0.0010826199348839922,0.0,0.0005048339665076715,0.0684475,1.0682922125738286,-1.0641056807865932,-3.0505461897397876,5.861841618826272,-5.464422793220816,9.448360044044843,-5.867436892714124,5.432298469533475,-11.58289377811352,-26.03185879531482,24.432987819293178,-11.294140088359752
0.013689499999999999,0.0034223749999999996,4.0,1.0015035791811084,0.4881949536178107,0.007231790867624131,0.0009905818169556565,0.0,0.00046191588727551567,0.0684475,1.0668143070514853,-1.0645533486276122,-3.1186479837252414,5.8399976713544275,-5.475704081618531,9.488081760613692,-5.854919242275938,5.421444726422763,-11.277378528894175,-26.150241834305817,24.649769863990517,-11.261442397777191
0.013689499999999999,0.0034223749999999996,4.0,1.0367836533926111,0.5234750278293134,0.007231790867624131,0.0009058353912813268,0.0,0.0004223979799823124,0.0684475,1.0649447460320796,-1.0656588950454238,-3.174735152862623,5.819346265280647,-5.472936863422753,9.497180171139217,-5.853047741715804,5.407540766282751,-11.022419313687147,-26.248483090921113,24.781890530560133,-11.226887031563397
0.013689499999999999,0.0034223749999999996,4.0,1.0712325216671938,0.557923896103896,0.007231790867624131,0.0008301953028233936,0.0,0.0003871264274708566,0.0684475,1.0624918111123125,-1.06708964342954,-3.2215975540951636,5.801186970161086,-5.458906145167994,9.48357648448914,-5.856844407136326,5.38853899783897,-10.800570626592457,-26.330465033245996,24.847136892859332,-11.189725968000058
0.013689499999999999,0.0034223749999999996,4.0,1.1048501840048561,0.5915415584415583,0.007231790867624131,0.0007632012142250267,0.0,0.00035588657090632365,0.0684475,1.0594157133255828,-1.068667875221977,-3.2612057472323186,5.785886524790656,-5.435680267016919,9.452213509557193,-5.864434124271329,5.363548679004747,-10.60178008343477,-26.40044529919669,24.856805969959012,-11.149435203795402
0.013689499999999999,0.0034223749999999996,4.0,1.1376366404055982,0.6243280148423004,0.007231790867624131,0.0007143601599366031,0.0,0.00033311161325926767,0.0684475,1.055715181896063,-1.0702902951179816,-3.294979785299328,5.773103485002033,-5.404496206180801,9.407453486793864,-5.875176535111936,5.3326245020614005,-10.418686174180399,-26.462284808468528,24.818728598487578,-11.105727987063421
0.013689499999999999,0.0034223749999999996,4.0,1.1695918908694203,0.6562832653061225,0.007231790867624131,0.0006656790864577622,0.0,0.00031041125588887803,0.0684475,1.0513739716657793,-1.071864923819997,-3.323860941109692,5.7620480022326745,-5.364729158827734,9.35317367176826,-5.889743651944651,5.296164898026506,-10.241794930755942,-26.518009391297944,24.734879896177144,-11.05821290025918
0.013689499999999999,0.0034223749999999996,4.0,1.200715935396322,0.6874073098330241,0.007231790867624131,0.0006284813350987401,0.0,0.00029306565956402044,0.0684475,1.0463519157033205,-1.0732842237338298,-3.3483892700453923,5.751913377292473,-5.316097999658177,9.291095584151403,-5.907718262239812,5.254356977731352,-10.064032706383593,-26.567365052429093,24.605320543343197,-11.006270355023831
0.013689499999999999,0.0034223749999999996,4.0,1.2310087739863034,0.7177001484230056,0.007231790867624131,0.0006002688428728416,0.0,0.00027990995838344564,0.0684475,1.040603903346908,-1.0744282191942391,-3.368859248388743,5.7423081716593405,-5.2577923575334715,9.22006442269044,-5.928732996461271,5.206990214347401,-9.879204361565012,-26.6089591065013,24.426678823187714,-10.949298386006744
0.013689499999999999,0.0034223749999999996,4.0,1.2604704066393646,0.7471617810760669,0.007231790867624131,0.0005803982058347004,0.0,0.00027064412816014206,0.0684475,1.0341062762602133,-1.0751769324725755,-3.3854655479914735,5.733438854477033,-5.189128945116927,9.137323071918077,-5.952123371348369,5.153616967034166,-9.682699259610805,-26.641640308628254,24.194643832674636,-10.887055821511192
0.013689499999999999,0.0034223749999999996,4.0,1.2891008333555056,0.7757922077922077,0.007231790867624131,0.0005685780842726524,0.0,0.000265132314955436,0.0684475,1.0268764267182917,-1.0754171591397002,-3.398357602196043,5.726101020931954,-5.109484902426635,9.040241144943582,-5.977161197619925,5.093744945796731,-9.470121197800202,-26.664998956034488,23.904453537038872,-10.819845966728675
0.013689499999999999,0.0034223749999999996,4.0,1.3169000541347262,0.8035914285714285,0.007231790867624131,0.0005646765279238626,0.0,0.0002633129893512721,0.0684475,1.0189849524931947,-1.0750449192781775,-3.4076165628068504,5.721684645617045,-5.018316799201906,8.927329246120102,-6.003158691086643,5.026865442562118,-9.236355696830884,-26.679134570584534,23.550774026302946,-10.74855008817916
0.013689499999999999,0.0034223749999999996,4.0,1.3438680689770266,0.830559443413729,0.007231790867624131,0.0005686407820378917,0.0,0.0002651615514035163,0.0684475,1.0105639823372556,-1.0739705619959623,-3.413200277129017,5.7222166844455735,-4.915278182992359,8.798757718501056,-6.029559951915444,4.952383214845995,-8.97521302116384,-26.684198601976817,23.127456569916184,-10.67459989929157
0.013689499999999999,0.0034223749999999996,4.0,1.3700048778824072,0.8566962523191094,0.007231790867624131,0.0005804382482164354,0.0,0.00027066280022939584,0.0684475,1.0018101915432795,-1.072128145832478,-3.414881542971941,5.730327108915735,-4.8003357925282915,8.656809372152043,-6.056133260148003,4.8695775049015175,-8.679419621809592,-26.6799300110023,22.62746982627503,-10.59990461381726
0.013689499999999999,0.0034223749999999996,4.0,1.3953104808508672,0.8820018552875695,0.007231790867624131,0.0005999849530693953,0.0,0.0002797775783940265,0.0684475,0.9929768462155535,-1.069484997697517,-3.4121914830578324,5.749040348609663,-4.673784985949275,8.50625497503297,-6.083275879010454,4.77765821573047,-8.340918732383885,-26.665205359827798,22.04309494789371,-10.526698564340128
0.013689499999999999,0.0034223749999999996,4.0,1.4197848778824071,0.9064762523191093,0.007231790867624131,0.0006267867675667091,0.0,0.0002922754697465736,0.0684475,0.9843502239445122,-1.0660456206337494,-3.404383633919213,5.7813735274926294,-4.536108708514449,8.354352979431313,-6.112350474375385,4.675909827189415,-7.951576386675605,-26.637638874464603,21.366401899326785,-10.457283354682037
0.013689499999999999,0.0034223749999999996,4.0,1.443428068977027,0.9301194434137291,0.007231790867624131,0.0006605529090765135,0.0,0.0003080208801189408,0.0684475,0.9762103795311307,-1.0618454495916787,-3.390440533736131,5.829790474425385,-4.3877061748498996,8.210213787049565,-6.145894031344812,4.56388308781524,-7.504423268265216,-26.59335638885747,20.59010509081995,-10.393673562240627
0.013689499999999999,0.0034223749999999996,4.0,1.4662400541347262,0.9529314285714284,0.007231790867624131,0.0007098145357822862,0.0,0.00033099195390501535,0.0684475,0.968780827521518,-1.0569318965913914,-3.369140390055426,5.895588153277779,-4.228703472251805,8.083546696884822,-6.187406728241252,4.4416064256124725,-6.995687731168788,-26.527102520680142,19.709201856660954,-10.337194578890255
0.013689499999999999,0.0034223749999999996,4.0,1.4882208333555054,0.9749122077922078,0.007231790867624131,0.0007637531233908332,0.0,0.0003561439303769452,0.0684475,0.9621744792701394,-1.0513319672497246,-3.3391829855422213,5.978312271503599,-4.057501060491077,7.983136748882919,-6.242072596183738,4.309795435691691,-6.424120723776558,-26.432734394145378,18.720218735328814,-10.288107707195296
0.013689499999999999,0.0034223749999999996,4.0,1.5093704066393645,0.9960617810760668,0.007231790867624131,0.0008249308788454921,0.0,0.00038467158625418637,0.0684475,0.9563448224060989,-1.0450088755376328,-3.2993472266580426,6.0753191368699335,-3.8711769211721645,7.915624387110652,-6.3153989350239055,4.170015530910806,-5.793339530794925,-26.30395696372252,17.624149136044316,-10.245334667780746
0.013689499999999999,0.0034223749999999996,4.0,1.5296887739863032,1.0163801484230055,0.007231790867624131,0.0008936907682631579,0.0,0.00041673484926353475,0.0684475,0.95105165060319,-1.0378143330370553,-3.248631826524249,6.181571244074231,-3.6645420526067993,7.885161492601301,-6.413167075394631,4.024747355560606,-5.109569531549408,-26.135055002311752,16.425587696779676,-10.206318599634841
0.013689499999999999,0.0034223749999999996,4.0,1.5491759353963217,1.035867309833024,0.007231790867624131,0.00096998748919057,0.0,0.00045231259452410173,0.0684475,0.9458480274600479,-1.029446005172408,-3.186331812966616,6.28966487758612,-3.4300065112971168,7.894217839996739,-6.540770145527209,3.877346372531234,-4.379487018874618,-25.92146915149106,15.132467326413447,-10.167011250117355
0.013689499999999999,0.0034223749999999996,4.0,1.56783189086942,1.0545232653061223,0.007231790867624131,0.0010535466620890663,0.0,0.0004912768767557683,0.0684475,0.9400896946672915,-1.0194193878542184,-3.1120294384124523,6.389999034551143,-3.157748133938485,7.945367001942915,-6.702674062503141,3.7319471288868185,-3.6078678451666106,-25.660209071182447,13.755550987675834,-10.12194616343796
0.013689499999999999,0.0034223749999999996,4.0,1.585656640405598,1.0723480148423004,0.007231790867624131,0.0011438931538162833,0.0,0.0005334061377356067,0.0684475,0.9329624710244175,-1.0070608487918398,-3.025511712147474,6.470972940043016,-2.8362765393488014,8.043546677389466,-6.902078600341212,3.593389406385027,-2.796034816102147,-25.35013358833478,12.308243549854602,-10.064362346428045
0.013689499999999999,0.0034223749999999996,4.0,1.6026501840048561,1.0893415584415584,0.007231790867624131,0.0012403794874899898,0.0,0.0005783984540349546,0.0684475,0.9235210670182676,-0.9915261634995236,-2.926650806438693,6.519195840516863,-2.453459664254537,8.198073995508679,-7.140764535384976,3.4671801034770273,-1.9415773497208855,-24.99207529821841,10.806965229784241,-9.986375943993888
0.013689499999999999,0.0034223749999999996,4.0,1.6188125216671938,1.105503896103896,0.007231790867624131,0.0013422498708310978,0.0,0.0006259013939260987,0.0684475,0.9107373310372964,-0.9718493393313159,-2.8152974877338397,6.519923057374852,-1.9981526358033386,8.423429305517216,-7.418877366140374,3.3593170681283144,-1.0396597480469951,-24.588755602004362,9.272001304883384,-9.879240125503173
0.013689499999999999,0.0034223749999999996,4.0,1.634143653392611,1.1208350278293133,0.007231790867624131,0.001448736543269395,0.0,0.0006755569447755194,0.0684475,0.8935665734394165,-0.9470301253098876,-2.6912480421015186,6.4581716725016385,-1.462592202046486,8.737606893804706,-7.734216669653348,3.2756010472925214,-0.08633229598087874,-24.144466003869034,7.728435847159778,-9.733772719794157
0.013689499999999999,0.0034223749999999996,4.0,1.6486435791811085,1.1353349536178106,0.007231790867624131,0.0015591679869431602,0.0,0.0007270519726617086,0.0684475,0.8710487794495432,-0.9161691497881477,-2.554344051842421,6.320917060965486,-0.8454647644979556,9.157237544537375,-8.080780469657714,3.220139972539615,0.9161305527832133,-23.664554077931815,6.206523777096428,-9.541057033505098
0.013689499999999999,0.0034223749999999996,4.0,1.6623122990326853,1.1490036734693876,0.007231790867624131,0.001673072142197873,0.0,0.000780166352552657,0.0684475,0.8424540917569868,-0.8786470064185185,-2.4047295673349827,6.100213226315689,-0.15493991919915423,9.690167507535543,-8.446976466328588,3.193286959819791,1.953181679239918,-23.154822234522463,4.740784279855385,-9.293500186135486
0.013689499999999999,0.0034223749999999996,4.0,1.6751498129473423,1.1618411873840446,0.007231790867624131,0.0017902772010177192,0.0,0.0008348199690548584,0.0684475,0.8074547047927084,-0.8343160488956111,-2.243214937976838,5.796261380734833,0.5896480613497552,10.328163242294469,-8.814643378541595,3.1899525552264367,2.9940775123964802,-22.621007499786398,3.367399295589003,-8.98621393596127
0.013689499999999999,0.0034223749999999996,4.0,1.6871561209250787,1.173847495361781,0.007231790867624131,0.0019110371407939854,0.0,0.0008911312537708678,0.0684475,0.7662734137249997,-0.7836467907677388,-2.0716159111241197,5.419023041253556,1.3587548777121707,11.043363754580179,-9.160106024849854,3.1994450447433507,3.993027173804776,-22.068523358150944,2.120178213856578,-8.61846808599691
0.013689499999999999,0.0034223749999999996,4.0,1.6983312229658951,1.1850225974025972,0.007231790867624131,0.002036235033788143,0.0,0.0009495119900589133,0.0684475,0.7197480776953478,-0.7277681731168859,-1.892909850723674,4.987401123232721,2.1165649913764257,11.790892319511816,-9.457621316963023,3.2073699321798985,4.896340835868849,-21.502569612284727,1.0260836302387464,-8.194771055412621
0.013689499999999999,0.0034223749999999996,4.0,1.708675119069791,1.1953664935064934,0.007231790867624131,0.002167757796453007,0.0,0.001010842061511242,0.0684475,0.6692744396824658,-0.6683720944593888,-1.7111091753574592,4.526085200181511,2.8269167414325933,12.517200718219538,-9.684283158049896,3.1990350665772818,5.65347145970681,-20.928564516644546,0.10165201443740013,-7.725120266758789
0.013689499999999999,0.0034223749999999996,4.0,1.718187809236767,1.2048791836734694,0.007231790867624131,0.0023092297952423,0.0,0.0010768115379611838,0.0684475,0.6166353018056344,-0.6075022907564588,-1.5308665403898583,4.061167512100852,3.4593231578417685,13.171086736775058,-9.824641859248885,3.163033758840382,6.2278657373660025,-20.352703344931985,-0.6486315797709412,-7.224201270941233
0.013689499999999999,0.0034223749999999996,4.0,1.7268692934668224,1.2135606679035247,0.007231790867624131,0.002467536032728683,0.0,0.0011506309488347882,0.0684475,0.5637652378292771,-0.5472878980092172,-1.3569305722111584,3.6159950784148904,3.9932637177275234,13.713466375528348,-9.873448406184393,3.0936932804782304,6.603809482890536,-19.782388918038148,-1.2316515012740152,-6.709688358893122
0.013689499999999999,0.0034223749999999996,4.0,1.734719571759958,1.2214109461966602,0.007231790867624131,0.0026561317618511407,0.0,0.0012385745816199162,0.0684475,0.5125160954515416,-0.4896933848210825,-1.1936124220415556,3.2083647378899833,4.41976555556827,14.123074533739233,-9.835819717660176,2.9917414850948796,6.787479865610616,-19.226343558165482,-1.663034664096519,-6.200106222984865
0.013689499999999999,0.0034223749999999996,4.0,1.7417386441161733,1.2284300185528756,0.007231790867624131,0.002906586390581173,0.0,0.001355363493017097,0.0684475,0.46447689137501014,-0.4363391099960396,-1.0443944583507399,2.8494543113536706,4.740181508477328,14.397305013394659,-9.724968732349142,2.863351389033012,6.802442831528124,-18.69435291071116,-1.9630236342767258,-5.712805700386681
0.013689499999999999,0.0034223749999999996,4.0,1.7479265105354682,1.2346178849721705,0.007231790867624131,0.0032946578004866695,0.0,0.0015363241633670375,0.0684475,0.42087438853260484,-0.3884150365327697,-0.9117432434964581,2.544245163926261,4.962804517566157,14.54916690721683,-9.558264130747489,2.718236570880829,6.681325676165199,-18.19672966452711,-2.1513375304160185,-5.262481734807091
0.013689499999999999,0.0034223749999999996,4.0,1.7532831710178431,1.2399745454545454,0.007231790867624131,0.004095718883937156,0.0,0.00190986508122994,0.0684475,0.38255305856371535,-0.34668062305611425,-0.7971190554564705,2.2928631832229347,5.094828107229977,14.602170512251897,-9.349124097828346,2.5675591536895066,6.44845608272258,-17.74365957250364,-2.234087904791705,-4.86042233691244
0.013689499999999999,0.0034223749999999996,4.0,1.7578086255632976,1.2445,0.007231790867624131,0.007749424406210416,0.0,0.0036136159469091706,0.0684475,0.3500151466710397,-0.31152625206319523,-0.7011292942851646,2.092246507618032,5.078802751029089,14.584884281500795,-9.043788644579141,2.4222008787629687,5.9843035300388285,-17.344590330637576,-2.0721696686397792,-4.514447386381
0.013689499999999999,0.0034223749999999996,4.0,1.7555458982905703,-1.2422372727272726,0.007231790867624131,-3.6706686500559616e-5,3.6706686500559616e-5,-0.0,0.0684475,0.0,0.0,0.0,0.0,0.0,0.0,0.0,0.0,0.0,0.0,0.0,0.0
0.013689499999999999,0.0034223749999999996,4.0,1.7506048407766557,-1.237296215213358,0.007231790867624131,-0.0001227341359737782,0.0001227341359737782,-0.0,0.0684475,0.0,0.0,0.0,0.0,0.0,0.0,0.0,0.0,0.0,0.0,0.0,0.0
0.013689499999999999,0.0034223749999999996,4.0,1.7448325773258209,-1.2315239517625232,0.007231790867624131,-0.0001840671713066033,0.0001840671713066033,-0.0,0.0684475,0.0,0.0,0.0,0.0,0.0,0.0,0.0,0.0,0.0,0.0,0.0,0.0
0.013689499999999999,0.0034223749999999996,4.0,1.7382291079380658,-1.2249204823747681,0.007231790867624131,-0.00025224547806839147,0.00025224547806839147,-0.0,0.0684475,0.0,0.0,0.0,0.0,0.0,0.0,0.0,0.0,0.0,0.0,0.0,0.0
0.013689499999999999,0.0034223749999999996,4.0,1.7307944326133904,-1.2174858070500927,0.007231790867624131,-0.0003274298668055121,0.0003274298668055121,-0.0,0.0684475,0.0,0.0,0.0,0.0,0.0,0.0,0.0,0.0,0.0,0.0,0.0,0.0
0.013689499999999999,0.0034223749999999996,4.0,1.7225285513517947,-1.209219925788497,0.007231790867624131,-0.0004096558204654921,0.0004096558204654921,-0.0,0.0684475,0.0,0.0,0.0,0.0,0.0,0.0,0.0,0.0,0.0,0.0,0.0,0.0
0.013689499999999999,0.0034223749999999996,4.0,1.713431464153279,-1.2001228385899814,0.007231790867624131,-0.0004985093122498657,0.0004985093122498657,-0.0,0.0684475,0.0,0.0,0.0,0.0,0.0,0.0,0.0,0.0,0.0,0.0,0.0,0.0
0.013689499999999999,0.0034223749999999996,4.0,1.7035031710178432,-1.1901945454545455,0.007231790867624131,-0.0005934816363472809,0.0005934816363472809,-0.0,0.0684475,0.0,0.0,0.0,0.0,0.0,0.0,0.0,0.0,0.0,0.0,0.0,0.0
0.013689499999999999,0.0034223749999999996,4.0,1.692743671945487,-1.1794350463821892,0.007231790867624131,-0.0006939559128921252,0.0006939559128921252,-0.0,0.0684475,0.0,0.0,0.0,0.0,0.0,0.0,0.0,0.0,0.0,0.0,0.0,0.0
0.013689499999999999,0.0034223749999999996,4.0,1.6811529669362104,-1.1678443413729127,0.007231790867624131,-0.0007992171475191827,0.0007992171475191827,-0.0,0.0684475,0.0,0.0,0.0,0.0,0.0,0.0,0.0,0.0,0.0,0.0,0.0,0.0
0.013689499999999999,0.0034223749999999996,4.0,1.668731055990014,-1.155422430426716,0.007231790867624131,-0.0009084627506798082,0.0009084627506798245,-0.0,0.0684475,0.0,0.0,0.0,0.0,0.0,0.0,0.0,0.0,0.0,0.0,0.0,0.0
0.013689499999999999,0.0034223749999999996,4.0,1.655477939106897,-1.142169313543599,0.007231790867624131,-0.0010208145697264807,0.0010208145697264807,-0.0,0.0684475,0.0,0.0,0.0,0.0,0.0,0.0,0.0,0.0,0.0,0.0,0.0,0.0
0.013689499999999999,0.0034223749999999996,4.0,1.6413936162868599,-1.1280849907235622,0.007231790867624131,-0.0011353329648452015,0.0011353329648451835,-0.0,0.0684475,0.0,0.0,0.0,0.0,0.0,0.0,0.0,0.0,0.0,0.0,0.0,0.0
0.013689499999999999,0.0034223749999999996,4.0,1.6264780875299025,-1.1131694619666048,0.007231790867624131,-0.0012510323676115384,0.0012510323676115384,-0.0,0.0684475,0.0,0.0,0.0,0.0,0.0,0.0,0.0,0.0,0.0,0.0,0.0,0.0
0.013689499999999999,0.0034223749999999996,4.0,1.610731352836025,-1.0974227272727273,0.007231790867624131,-0.0013668967816950768,0.0013668967816950768,-0.0,0.0684475,0.0,0.0,0.0,0.0,0.0,0.0,0.0,0.0,0.0,0.0,0.0,0.0
0.013689499999999999,0.0034223749999999996,4.0,1.5941534122052272,-1.0808447866419295,0.007231790867624131,-0.0014818930088064516,0.0014818930088064516,-0.0,0.0684475,0.0,0.0,0.0,0.0,0.0,0.0,0.0,0.0,0.0,0.0,0.0,0.0
0.013689499999999999,0.0034223749999999996,4.0,1.5767442656375092,-1.0634356400742115,0.007231790867624131,-0.001594979475744195,0.001594979475744195,-0.0,0.0684475,0.0,0.0,0.0,0.0,0.0,0.0,0.0,0.0,0.0,0.0,0.0,0.0
0.013689499999999999,0.0034223749999999996,4.0,1.5585039131328708,-1.0451952875695731,0.007231790867624131,-0.0017051098885225025,0.0017051098885225025,-0.0,0.0684475,0.0,0.0,0.0,0.0,0.0,0.0,0.0,0.0,0.0,0.0,0.0,0.0
0.013689499999999999,0.0034223749999999996,4.0,1.5394323546913125,-1.0261237291280147,0.007231790867624131,-0.0018112331963857848,0.0018112331963857848,-0.0,0.0684475,0.0,0.0,0.0,0.0,0.0,0.0,0.0,0.0,0.0,0.0,0.0,0.0
0.013689499999999999,0.0034223749999999996,4.0,1.5195295903128339,-1.0062209647495362,0.007231790867624131,-0.0019122924441198732,0.0019122924441198732,-0.0,0.0684475,0.0,0.0,0.0,0.0,0.0,0.0,0.0,0.0,0.0,0.0,0.0,0.0
0.013689499999999999,0.0034223749999999996,4.0,1.4987956199974348,-0.9854869944341371,0.007231790867624131,-0.002007220647314079,0.002007220647314079,-0.0,0.0684475,0.0,0.0,0.0,0.0,0.0,0.0,0.0,0.0,0.0,0.0,0.0,0.0
0.013689499999999999,0.0034223749999999996,4.0,1.4772304437451158,-0.9639218181818181,0.007231790867624131,-0.002094913228014796,0.002094913228014796,-0.0,0.0684475,0.0,0.0,0.0,0.0,0.0,0.0,0.0,0.0,0.0,0.0,0.0,0.0
0.013689499999999999,0.0034223749999999996,4.0,1.4548340615558766,-0.9415254359925787,0.007231790867624131,-0.002174093007778677,0.002174093007778699,-0.0,0.0684475,0.0,0.0,0.0,0.0,0.0,0.0,0.0,0.0,0.0,0.0,0.0,0.0
0.013689499999999999,0.0034223749999999996,4.0,1.431606473429717,-0.9182978478664192,0.007231790867624131,-0.002242210283372726,0.0022422102833727043,-0.0,0.0684475,0.0,0.0,0.0,0.0,0.0,0.0,0.0,0.0,0.0,0.0,0.0,0.0
0.013689499999999999,0.0034223749999999996,4.0,1.407547679366637,-0.8942390538033395,0.007231790867624131,-0.002302032183728618,0.0023020321837286077,-0.0,0.0684475,0.0,0.0,0.0,0.0,0.0,0.0,0.0,0.0,0.0,0.0,0.0,0.0
0.013689499999999999,0.0034223749999999996,4.0,1.3826576793666372,-0.8693490538033395,0.007231790867624131,-0.0023524247068090567,0.002352424706809067,-0.0,0.0684475,0.0,0.0,0.0,0.0,0.0,0.0,0.0,0.0,0.0,0.0,0.0,0.0
0.013689499999999999,0.0034223749999999996,4.0,1.3569364734297171,-0.8436278478664192,0.007231790867624131,-0.002392166543142461,0.0023921665431424818,-0.0,0.0684475,0.0,0.0,0.0,0.0,0.0,0.0,0.0,0.0,0.0,0.0,0.0,0.0
0.013689499999999999,0.0034223749999999996,4.0,1.3303840615558766,-0.8170754359925788,0.007231790867624131,-0.002420041958386904,0.002420041958386894,-0.0,0.0684475,0.0,0.0,0.0,0.0,0.0,0.0,0.0,0.0,0.0,0.0,0.0,0.0
0.013689499999999999,0.0034223749999999996,4.0,1.303000443745116,-0.7896918181818181,0.007231790867624131,-0.002434496492477059,0.002434496492477059,-0.0,0.0684475,0.0,0.0,0.0,0.0,0.0,0.0,0.0,0.0,0.0,0.0,0.0,0.0
0.013689499999999999,0.0034223749999999996,4.0,1.274785619997435,-0.7614769944341372,0.007231790867624131,-0.0024335962000052187,0.0024335962000052187,-0.0,0.0684475,0.0,0.0,0.0,0.0,0.0,0.0,0.0,0.0,0.0,0.0,0.0,0.0
0.013689499999999999,0.0034223749999999996,4.0,1.2457395903128339,-0.7324309647495361,0.007231790867624131,-0.0024151893466295444,0.0024151893466295444,-0.0,0.0684475,0.0,0.0,0.0,0.0,0.0,0.0,0.0,0.0,0.0,0.0,0.0,0.0
0.013689499999999999,0.0034223749999999996,4.0,1.2158623546913125,-0.7025537291280147,0.007231790867624131,-0.00237714346278079,0.00237714346278079,-0.0,0.0684475,0.0,0.0,0.0,0.0,0.0,0.0,0.0,0.0,0.0,0.0,0.0,0.0
0.013689499999999999,0.0034223749999999996,4.0,1.185153913132871,-0.6718452875695733,0.007231790867624131,-0.002317512979305824,0.002317512979305815,-0.0,0.0684475,0.0,0.0,0.0,0.0,0.0,0.0,0.0,0.0,0.0,0.0,0.0,0.0
0.013689499999999999,0.0034223749999999996,4.0,1.1536142656375092,-0.6403056400742115,0.007231790867624131,-0.0022347548573378537,0.0022347548573378537,-0.0,0.0684475,0.0,0.0,0.0,0.0,0.0,0.0,0.0,0.0,0.0,0.0,0.0,0.0
0.013689499999999999,0.0034223749999999996,4.0,1.1212434122052273,-0.6079347866419293,0.007231790867624131,-0.0021292566416650375,0.0021292566416650518,-0.0,0.0684475,0.0,0.0,0.0,0.0,0.0,0.0,0.0,0.0,0.0,0.0,0.0,0.0
0.013689499999999999,0.0034223749999999996,4.0,1.088041352836025,-0.5747327272727272,0.007231790867624131,-0.0019925679458346673,0.0019925679458346673,-0.0,0.0684475,0.0,0.0,0.0,0.0,0.0,0.0,0.0,0.0,0.0,0.0,0.0,0.0
0.013689499999999999,0.0034223749999999996,4.0,1.0540080875299025,-0.5406994619666047,0.007231790867624131,-0.001831319162718453,0.0018313191627184469,-0.0,0.0684475,0.0,0.0,0.0,0.0,0.0,0.0,0.0,0.0,0.0,0.0,0.0,0.0
0.013689499999999999,0.0034223749999999996,4.0,1.01914361628686,-0.505834990723562,0.007231790867624131,-0.0016467731500255515,0.001646773150025557,-0.0,0.0684475,0.0,0.0,0.0,0.0,0.0,0.0,0.0,0.0,0.0,0.0,0.0,0.0
0.013689499999999999,0.0034223749999999996,4.0,0.983447939106897,-0.47013931354359917,0.007231790867624131,-0.0014437818192189933,0.0014437818192189933,-0.0,0.0684475,0.0,0.0,0.0,0.0,0.0,0.0,0.0,0.0,0.0,0.0,0.0,0.0
0.013689499999999999,0.0034223749999999996,4.0,0.946921055990014,-0.43361243042671616,0.007231790867624131,-0.001229994072835032,0.001229994072835032,-0.0,0.0684475,0.0,0.0,0.0,0.0,0.0,0.0,0.0,0.0,0.0,0.0,0.0,0.0
0.013689499999999999,0.0034223749999999996,4.0,0.9095629669362105,-0.3962543413729129,0.007231790867624131,-0.001015701290228396,0.0010157012902283916,-0.0,0.0684475,0.0,0.0,0.0,0.0,0.0,0.0,0.0,0.0,0.0,0.0,0.0,0.0
0.013689499999999999,0.0034223749999999996,4.0,0.8713736719454871,-0.3580650463821893,0.007231790867624131,-0.0008148461944438334,0.0008148461944438369,-0.0,0.0684475,0.0,0.0,0.0,0.0,0.0,0.0,0.0,0.0,0.0,0.0,0.0,0.0
0.013689499999999999,0.0034223749999999996,4.0,0.5359358982905705,0.02262727272727273,0.007231790867624131,-0.0,0.0009692860595009444,-0.0,0.0684475,0.0,0.0,0.0,0.0,0.0,0.0,0.0,0.0,0.0,0.0,0.0,0.0
0.013689499999999999,0.0034223749999999996,4.0,0.5807748407766559,0.06746621521335806,0.007231790867624131,0.0011170867197117104,0.0011170867197117104,-0.0,0.0684475,0.0,0.0,0.0,0.0,0.0,0.0,0.0,0.0,0.0,0.0,0.0,0.0
0.013689499999999999,0.0034223749999999996,4.0,0.624782577325821,0.1114739517625232,0.007231790867624131,0.001270109216685843,0.0012701092166858435,-0.0,0.0684475,0.0,0.0,0.0,0.0,0.0,0.0,0.0,0.0,0.0,0.0,0.0,0.0
0.013689499999999999,0.0034223749999999996,4.0,0.6679591079380659,0.15465048237476808,0.007231790867624131,0.0012956720417552996,0.001295672041755299,-0.0,0.0684475,0.0,0.0,0.0,0.0,0.0,0.0,0.0,0.0,0.0,0.0,0.0,0.0
0.013689499999999999,0.0034223749999999996,4.0,0.7103044326133906,0.19699580705009279,0.007231790867624131,0.0011261690045839428,0.0011261690045839428,-0.0,0.0684475,0.0,0.0,0.0,0.0,0.0,0.0,0.0,0.0,0.0,0.0,0.0,0.0
0.013689499999999999,0.0034223749999999996,4.0,0.7518185513517949,0.23850992578849722,0.007231790867624131,0.0008923718608545673,0.0008923718608545709,-0.0,0.0684475,0.0,0.0,0.0,0.0,0.0,0.0,0.0,0.0,0.0,0.0,0.0,0.0
0.013689499999999999,0.0034223749999999996,4.0,0.8713736719454869,0.35806504638218917,0.007231790867624131,0.0007967699124183201,0.0007967699124183222,-0.0,0.0684475,0.0,0.0,0.0,0.0,0.0,0.0,0.0,0.0,0.0,0.0,0.0,0.0
0.013689499999999999,0.0034223749999999996,4.0,0.9095629669362105,0.39625434137291277,0.007231790867624131,0.0009440757587171937,0.0009440757587171923,-0.0,0.0684475,0.0,0.0,0.0,0.0,0.0,0.0,0.0,0.0,0.0,0.0,0.0,0.0
0.013689499999999999,0.0034223749999999996,4.0,0.9469210559900139,0.43361243042671616,0.007231790867624131,0.0011244345401855561,0.0011244345401855579,-0.0,0.0684475,0.0,0.0,0.0,0.0,0.0,0.0,0.0,0.0,0.0,0.0,0.0,0.0
0.013689499999999999,0.0034223749999999996,4.0,0.9834479391068969,0.4701393135435992,0.007231790867624131,0.001315232334219096,0.0013152323342190979,-0.0,0.0684475,0.0,0.0,0.0,0.0,0.0,0.0,0.0,0.0,0.0,0.0,0.0,0.0
0.013689499999999999,0.0034223749999999996,4.0,1.0191436162868597,0.5058349907235621,0.007231790867624131,0.0015026829853251923,0.0015026829853251992,-0.0,0.0684475,0.0,0.0,0.0,0.0,0.0,0.0,0.0,0.0,0.0,0.0,0.0,0.0
0.013689499999999999,0.0034223749999999996,4.0,1.0540080875299025,0.5406994619666048,0.007231790867624131,0.0016787541479753654,0.00167875414797536,-0.0,0.0684475,0.0,0.0,0.0,0.0,0.0,0.0,0.0,0.0,0.0,0.0,0.0,0.0
0.013689499999999999,0.0034223749999999996,4.0,1.088041352836025,0.5747327272727272,0.007231790867624131,0.0018389411708710803,0.0018389411708710683,-0.0,0.0684475,0.0,0.0,0.0,0.0,0.0,0.0,0.0,0.0,0.0,0.0,0.0,0.0
0.013689499999999999,0.0034223749999999996,4.0,1.1212434122052273,0.6079347866419293,0.007231790867624131,0.0019817177903469407,0.0019817177903469407,-0.0,0.0684475,0.0,0.0,0.0,0.0,0.0,0.0,0.0,0.0,0.0,0.0,0.0,0.0
0.013689499999999999,0.0034223749999999996,4.0,1.1536142656375092,0.6403056400742114,0.007231790867624131,0.002099909919806321,0.0020999099198063284,-0.0,0.0684475,0.0,0.0,0.0,0.0,0.0,0.0,0.0,0.0,0.0,0.0,0.0,0.0
0.013689499999999999,0.0034223749999999996,4.0,1.185153913132871,0.6718452875695733,0.007231790867624131,0.002200417930762441,0.002200417930762449,-0.0,0.0684475,0.0,0.0,0.0,0.0,0.0,0.0,0.0,0.0,0.0,0.0,0.0,0.0
0.013689499999999999,0.0034223749999999996,4.0,1.2158623546913125,0.7025537291280148,0.007231790867624131,0.0022817760755341134,0.0022817760755341134,-0.0,0.0684475,0.0,0.0,0.0,0.0,0.0,0.0,0.0,0.0,0.0,0.0,0.0,0.0
0.013689499999999999,0.0034223749999999996,4.0,1.2457395903128339,0.7324309647495362,0.007231790867624131,0.002344322120810927,0.002344322120810927,-0.0,0.0684475,0.0,0.0,0.0,0.0,0.0,0.0,0.0,0.0,0.0,0.0,0.0,0.0
0.013689499999999999,0.0034223749999999996,4.0,1.274785619997435,0.7614769944341373,0.007231790867624131,0.002388714983796302,0.002388714983796302,-0.0,0.0684475,0.0,0.0,0.0,0.0,0.0,0.0,0.0,0.0,0.0,0.0,0.0,0.0
0.013689499999999999,0.0034223749999999996,4.0,1.303000443745116,0.7896918181818181,0.007231790867624131,0.002415721021523292,0.0024157210215232823,-0.0,0.0684475,0.0,0.0,0.0,0.0,0.0,0.0,0.0,0.0,0.0,0.0,0.0,0.0
0.013689499999999999,0.0034223749999999996,4.0,1.3303840615558764,0.8170754359925787,0.007231790867624131,0.0024261738197101333,0.0024261738197101433,-0.0,0.0684475,0.0,0.0,0.0,0.0,0.0,0.0,0.0,0.0,0.0,0.0,0.0,0.0
0.013689499999999999,0.0034223749999999996,4.0,1.356936473429717,0.8436278478664192,0.007231790867624131,0.002420966768462527,0.002420966768462527,-0.0,0.0684475,0.0,0.0,0.0,0.0,0.0,0.0,0.0,0.0,0.0,0.0,0.0,0.0
0.013689499999999999,0.0034223749999999996,4.0,1.3826576793666372,0.8693490538033395,0.007231790867624131,0.002401054228468467,0.002401054228468467,-0.0,0.0684475,0.0,0.0,0.0,0.0,0.0,0.0,0.0,0.0,0.0,0.0,0.0,0.0
0.013689499999999999,0.0034223749999999996,4.0,1.407547679366637,0.8942390538033393,0.007231790867624131,0.002367476707602907,0.002367476707602907,-0.0,0.0684475,0.0,0.0,0.0,0.0,0.0,0.0,0.0,0.0,0.0,0.0,0.0,0.0
0.013689499999999999,0.0034223749999999996,4.0,1.431606473429717,0.9182978478664192,0.007231790867624131,0.0023215693947774016,0.0023215693947774016,-0.0,0.0684475,0.0,0.0,0.0,0.0,0.0,0.0,0.0,0.0,0.0,0.0,0.0,0.0
0.013689499999999999,0.0034223749999999996,4.0,1.4548340615558766,0.9415254359925788,0.007231790867624131,0.00226480283908469,0.002264802839084679,-0.0,0.0684475,0.0,0.0,0.0,0.0,0.0,0.0,0.0,0.0,0.0,0.0,0.0,0.0
0.013689499999999999,0.0034223749999999996,4.0,1.4772304437451158,0.9639218181818181,0.007231790867624131,0.0021942909341637674,0.0021942909341637782,-0.0,0.0684475,0.0,0.0,0.0,0.0,0.0,0.0,0.0,0.0,0.0,0.0,0.0,0.0
0.013689499999999999,0.0034223749999999996,4.0,1.4987956199974348,0.9854869944341373,0.007231790867624131,0.00211300092521483,0.0021130009252148516,-0.0,0.0684475,0.0,0.0,0.0,0.0,0.0,0.0,0.0,0.0,0.0,0.0,0.0,0.0
0.013689499999999999,0.0034223749999999996,4.0,1.5195295903128339,1.0062209647495362,0.007231790867624131,0.0020224642715809733,0.0020224642715809516,-0.0,0.0684475,0.0,0.0,0.0,0.0,0.0,0.0,0.0,0.0,0.0,0.0,0.0,0.0
0.013689499999999999,0.0034223749999999996,4.0,1.5394323546913125,1.0261237291280147,0.007231790867624131,0.0019239898326292085,0.0019239898326292085,-0.0,0.0684475,0.0,0.0,0.0,0.0,0.0,0.0,0.0,0.0,0.0,0.0,0.0,0.0
0.013689499999999999,0.0034223749999999996,4.0,1.5585039131328708,1.0451952875695731,0.007231790867624131,0.0018188262199535668,0.0018188262199535668,-0.0,0.0684475,0.0,0.0,0.0,0.0,0.0,0.0,0.0,0.0,0.0,0.0,0.0,0.0
0.013689499999999999,0.0034223749999999996,4.0,1.576744265637509,1.0634356400742113,0.007231790867624131,0.0017082061015618337,0.0017082061015618337,-0.0,0.0684475,0.0,0.0,0.0,0.0,0.0,0.0,0.0,0.0,0.0,0.0,0.0,0.0
0.013689499999999999,0.0034223749999999996,4.0,1.594153412205227,1.0808447866419293,0.007231790867624131,0.0015933572412361004,0.0015933572412361004,-0.0,0.0684475,0.0,0.0,0.0,0.0,0.0,0.0,0.0,0.0,0.0,0.0,0.0,0.0
0.013689499999999999,0.0034223749999999996,4.0,1.610731352836025,1.0974227272727273,0.007231790867624131,0.0014755016247322331,0.0014755016247322331,-0.0,0.0684475,0.0,0.0,0.0,0.0,0.0,0.0,0.0,0.0,0.0,0.0,0.0,0.0
0.013689499999999999,0.0034223749999999996,4.0,1.6264780875299023,1.1131694619666046,0.007231790867624131,0.0013558488627266906,0.0013558488627266906,-0.0,0.0684475,0.0,0.0,0.0,0.0,0.0,0.0,0.0,0.0,0.0,0.0,0.0,0.0
0.013689499999999999,0.0034223749999999996,4.0,1.6413936162868599,1.128084990723562,0.007231790867624131,0.0012355861336095328,0.0012355861336095144,-0.0,0.0684475,0.0,0.0,0.0,0.0,0.0,0.0,0.0,0.0,0.0,0.0,0.0,0.0
0.013689499999999999,0.0034223749999999996,4.0,1.6554779391068968,1.142169313543599,0.007231790867624131,0.001115865802988671,0.0011158658029886885,-0.0,0.0684475,0.0,0.0,0.0,0.0,0.0,0.0,0.0,0.0,0.0,0.0,0.0,0.0
0.013689499999999999,0.0034223749999999996,4.0,1.668731055990014,1.1554224304267162,0.007231790867624131,0.00099779160457225,0.00099779160457225,-0.0,0.0684475,0.0,0.0,0.0,0.0,0.0,0.0,0.0,0.0,0.0,0.0,0.0,0.0
0.013689499999999999,0.0034223749999999996,4.0,1.6811529669362104,1.1678443413729127,0.007231790867624131,0.0008824043299690617,0.0008824043299690617,-0.0,0.0684475,0.0,0.0,0.0,0.0,0.0,0.0,0.0,0.0,0.0,0.0,0.0,0.0
0.013689499999999999,0.0034223749999999996,4.0,1.692743671945487,1.179435046382189,0.007231790867624131,0.0007706679484663162,0.0007706679484663014,-0.0,0.0684475,0.0,0.0,0.0,0.0,0.0,0.0,0.0,0.0,0.0,0.0,0.0,0.0
0.013689499999999999,0.0034223749999999996,4.0,1.7035031710178432,1.1901945454545453,0.007231790867624131,0.0006634567600075847,0.0006634567600075847,-0.0,0.0684475,0.0,0.0,0.0,0.0,0.0,0.0,0.0,0.0,0.0,0.0,0.0,0.0
0.013689499999999999,0.0034223749999999996,4.0,1.713431464153279,1.2001228385899814,0.007231790867624131,0.0005615434878022875,0.0005615434878023,-0.0,0.0684475,0.0,0.0,0.0,0.0,0.0,0.0,0.0,0.0,0.0,0.0,0.0,0.0
0.013689499999999999,0.0034223749999999996,4.0,1.7225285513517947,1.209219925788497,0.007231790867624131,0.00046558705588762087,0.00046558705588762087,-0.0,0.0684475,0.0,0.0,0.0,0.0,0.0,0.0,0.0,0.0,0.0,0.0,0.0,0.0
0.013689499999999999,0.0034223749999999996,4.0,1.7307944326133902,1.2174858070500925,0.007231790867624131,0.00037611765865281163,0.00037611765865281163,-0.0,0.0684475,0.0,0.0,0.0,0.0,0.0,0.0,0.0,0.0,0.0,0.0,0.0,0.0
0.013689499999999999,0.0034223749999999996,4.0,1.7382291079380656,1.224920482374768,0.007231790867624131,0.00029354045276559207,0.00029354045276559207,-0.0,0.0684475,0.0,0.0,0.0,0.0,0.0,0.0,0.0,0.0,0.0,0.0,0.0,0.0
0.013689499999999999,0.0034223749999999996,4.0,1.7448325773258209,1.2315239517625232,0.007231790867624131,0.0002177341865992299,0.0002177341865992299,-0.0,0.0684475,0.0,0.0,0.0,0.0,0.0,0.0,0.0,0.0,0.0,0.0,0.0,0.0
0.013689499999999999,0.0034223749999999996,4.0,1.7506048407766557,1.237296215213358,0.007231790867624131,0.00014830866990228798,0.00014830866990228798,-0.0,0.0684475,0.0,0.0,0.0,0.0,0.0,0.0,0.0,0.0,0.0,0.0,0.0,0.0
0.013689499999999999,0.0034223749999999996,4.0,1.7555458982905703,1.2422372727272726,0.007231790867624131,8.293011956832794e-5,8.293011956832794e-5,-0.0,0.0684475,0.0,0.0,0.0,0.0,0.0,0.0,0.0,0.0,0.0,0.0,0.0,0.0
