# vtk DataFile Version 4.0
[MyVLM domain - lattices] 
ASCII
DATASET UNSTRUCTURED_GRID
POINTS 302 float
1.2444999999999997 -1.2445 0.0
1.2399745454545452 -1.2399745454545454 0.0
1.2346178849721705 -1.2346178849721707 0.0
1.2284300185528754 -1.2284300185528756 0.0
1.2214109461966602 -1.2214109461966605 0.0
1.2135606679035247 -1.213560667903525 0.0
1.2048791836734691 -1.2048791836734694 0.0
1.1953664935064932 -1.1953664935064934 0.0
1.1850225974025972 -1.1850225974025974 0.0
1.1738474953617808 -1.173847495361781 0.0
1.1618411873840442 -1.1618411873840444 0.0
1.1490036734693874 -1.1490036734693876 0.0
1.1353349536178106 -1.1353349536178108 0.0
1.1208350278293133 -1.1208350278293135 0.0
1.1055038961038959 -1.105503896103896 0.0
1.0893415584415582 -1.0893415584415584 0.0
1.0723480148423004 -1.0723480148423006 0.0
1.054523265306122 -1.0545232653061223 0.0
1.0358673098330238 -1.035867309833024 0.0
1.0163801484230053 -1.0163801484230055 0.0
0.9960617810760664 -0.9960617810760668 0.0
0.9749122077922076 -0.9749122077922077 0.0
0.9529314285714284 -0.9529314285714284 0.0
0.9301194434137288 -0.930119443413729 0.0
0.9064762523191091 -0.9064762523191096 0.0
0.8820018552875695 -0.8820018552875695 0.0
0.8566962523191093 -0.8566962523191094 0.0
0.8305594434137288 -0.8305594434137291 0.0
0.8035914285714284 -0.8035914285714285 0.0
0.7757922077922076 -0.7757922077922077 0.0
0.7471617810760666 -0.7471617810760667 0.0
0.7177001484230053 -0.7177001484230054 0.0
0.6874073098330239 -0.687407309833024 0.0
0.6562832653061222 -0.6562832653061225 0.0
0.6243280148423004 -0.6243280148423005 0.0
0.5915415584415582 -0.5915415584415583 0.0
0.5579238961038958 -0.5579238961038959 0.0
0.5234750278293133 -0.5234750278293134 0.0
0.48819495361781057 -0.48819495361781057 0.0
0.4520836734693877 -0.4520836734693877 0.0
0.4151411873840445 -0.4151411873840446 0.0
0.37736749536178105 -0.37736749536178116 0.0
0.3387625974025974 -0.3387625974025974 0.0
0.2993264935064933 -0.29932649350649343 0.0
0.25905918367346925 -0.25905918367346925 0.0
0.21796066790352486 -0.21796066790352486 0.0
0.17603094619666027 -0.1760309461966605 0.0
0.13327001855287546 -0.13327001855287568 0.0
0.08967788497217066 -0.08967788497217066 0.0
0.045254545454545436 -0.045254545454545436 0.0
0.0 0.0 0.0
0.04525454545454545 0.04525454545454546 0.0
0.08967788497217066 0.08967788497217068 0.0
0.13327001855287568 0.1332700185528757 0.0
0.17603094619666046 0.1760309461966605 0.0
0.21796066790352497 0.21796066790352508 0.0
0.2590591836734693 0.25905918367346936 0.0
0.29932649350649343 0.2993264935064935 0.0
0.3387625974025973 0.33876259740259734 0.0
0.37736749536178094 0.377367495361781 0.0
0.41514118738404443 0.4151411873840445 0.0
0.45208367346938766 0.4520836734693878 0.0
0.48819495361781057 0.4881949536178107 0.0
0.5234750278293133 0.5234750278293134 0.0
0.5579238961038959 0.557923896103896 0.0
0.5915415584415582 0.5915415584415583 0.0
0.6243280148423003 0.6243280148423004 0.0
0.6562832653061222 0.6562832653061225 0.0
0.687407309833024 0.6874073098330241 0.0
0.7177001484230054 0.7177001484230056 0.0
0.7471617810760667 0.7471617810760669 0.0
0.7757922077922076 0.7757922077922077 0.0
0.8035914285714284 0.8035914285714285 0.0
0.8305594434137288 0.830559443413729 0.0
0.8566962523191093 0.8566962523191094 0.0
0.8820018552875692 0.8820018552875695 0.0
0.9064762523191091 0.9064762523191093 0.0
0.9301194434137288 0.9301194434137292 0.0
0.9529314285714284 0.9529314285714284 0.0
0.9749122077922076 0.9749122077922077 0.0
0.9960617810760666 0.9960617810760668 0.0
1.0163801484230053 1.0163801484230055 0.0
1.0358673098330238 1.035867309833024 0.0
1.054523265306122 1.0545232653061223 0.0
1.0723480148423001 1.0723480148423004 0.0
1.0893415584415582 1.0893415584415584 0.0
1.1055038961038959 1.105503896103896 0.0
1.120835027829313 1.1208350278293133 0.0
1.1353349536178106 1.1353349536178106 0.0
1.1490036734693874 1.1490036734693876 0.0
1.1618411873840444 1.1618411873840446 0.0
1.1738474953617808 1.173847495361781 0.0
1.1850225974025972 1.1850225974025972 0.0
1.1953664935064932 1.1953664935064934 0.0
1.2048791836734691 1.2048791836734694 0.0
1.2135606679035245 1.2135606679035247 0.0
1.22141094619666 1.2214109461966602 0.0
1.2284300185528754 1.2284300185528756 0.0
1.2346178849721703 1.2346178849721705 0.0
1.2399745454545452 1.2399745454545454 0.0
1.2444999999999997 1.2445 0.0
1.7422999999999997 -1.2445 0.0
1.7377745454545452 -1.2399745454545454 0.0
1.7324178849721703 -1.2346178849721707 0.0
1.7262300185528754 -1.2284300185528756 0.0
1.7192109461966603 -1.2214109461966605 0.0
1.7113606679035245 -1.213560667903525 0.0
1.7026791836734692 -1.2048791836734694 0.0
1.6931664935064934 -1.1953664935064934 0.0
1.6828225974025972 -1.1850225974025974 0.0
1.6716474953617806 -1.173847495361781 0.0
1.6596411873840444 -1.1618411873840444 0.0
1.6468036734693878 -1.1490036734693876 0.0
1.6331349536178106 -1.1353349536178108 0.0
1.6186350278293133 -1.1208350278293135 0.0
1.603303896103896 -1.105503896103896 0.0
1.5871415584415582 -1.0893415584415584 0.0
1.5701480148423004 -1.0723480148423006 0.0
1.552323265306122 -1.0545232653061223 0.0
1.5336673098330238 -1.035867309833024 0.0
1.5141801484230053 -1.0163801484230055 0.0
1.4938617810760666 -0.9960617810760668 0.0
1.4727122077922075 -0.9749122077922077 0.0
1.4507314285714283 -0.9529314285714284 0.0
1.4279194434137288 -0.930119443413729 0.0
1.4042762523191092 -0.9064762523191096 0.0
1.3798018552875693 -0.8820018552875695 0.0
1.3544962523191093 -0.8566962523191094 0.0
1.328359443413729 -0.8305594434137291 0.0
1.3013914285714283 -0.8035914285714285 0.0
1.2735922077922077 -0.7757922077922077 0.0
1.2449617810760665 -0.7471617810760667 0.0
1.2155001484230055 -0.7177001484230054 0.0
1.1852073098330238 -0.687407309833024 0.0
1.1540832653061224 -0.6562832653061225 0.0
1.1221280148423003 -0.6243280148423005 0.0
1.0893415584415582 -0.5915415584415583 0.0
1.055723896103896 -0.5579238961038959 0.0
1.0212750278293132 -0.5234750278293134 0.0
0.9859949536178108 -0.48819495361781057 0.0
0.9498836734693876 -0.4520836734693877 0.0
0.9129411873840445 -0.4151411873840446 0.0
0.875167495361781 -0.37736749536178116 0.0
0.8365625974025973 -0.3387625974025974 0.0
0.7971264935064933 -0.29932649350649343 0.0
0.7568591836734693 -0.25905918367346925 0.0
0.7157606679035249 -0.21796066790352486 0.0
0.6738309461966603 -0.1760309461966605 0.0
0.6310700185528755 -0.13327001855287568 0.0
0.5874778849721707 -0.08967788497217066 0.0
0.5430545454545455 -0.045254545454545436 0.0
0.4978 0.0 0.0
0.5430545454545455 0.04525454545454546 0.0
0.5874778849721707 0.08967788497217068 0.0
0.6310700185528757 0.1332700185528757 0.0
0.6738309461966605 0.1760309461966605 0.0
0.715760667903525 0.21796066790352508 0.0
0.7568591836734693 0.25905918367346936 0.0
0.7971264935064934 0.2993264935064935 0.0
0.8365625974025973 0.33876259740259734 0.0
0.875167495361781 0.377367495361781 0.0
0.9129411873840445 0.4151411873840445 0.0
0.9498836734693876 0.4520836734693878 0.0
0.9859949536178105 0.4881949536178107 0.0
1.0212750278293132 0.5234750278293134 0.0
1.055723896103896 0.557923896103896 0.0
1.0893415584415582 0.5915415584415583 0.0
1.1221280148423003 0.6243280148423004 0.0
1.1540832653061224 0.6562832653061225 0.0
1.185207309833024 0.6874073098330241 0.0
1.2155001484230055 0.7177001484230056 0.0
1.2449617810760667 0.7471617810760669 0.0
1.2735922077922077 0.7757922077922077 0.0
1.3013914285714283 0.8035914285714285 0.0
1.3283594434137287 0.830559443413729 0.0
1.3544962523191093 0.8566962523191094 0.0
1.3798018552875693 0.8820018552875695 0.0
1.4042762523191092 0.9064762523191093 0.0
1.427919443413729 0.9301194434137292 0.0
1.4507314285714283 0.9529314285714284 0.0
1.4727122077922075 0.9749122077922077 0.0
1.4938617810760666 0.9960617810760668 0.0
1.5141801484230053 1.0163801484230055 0.0
1.5336673098330238 1.035867309833024 0.0
1.552323265306122 1.0545232653061223 0.0
1.5701480148423002 1.0723480148423004 0.0
1.5871415584415582 1.0893415584415584 0.0
1.603303896103896 1.105503896103896 0.0
1.6186350278293131 1.1208350278293133 0.0
1.6331349536178106 1.1353349536178106 0.0
1.6468036734693874 1.1490036734693876 0.0
1.6596411873840444 1.1618411873840446 0.0
1.6716474953617806 1.173847495361781 0.0
1.6828225974025972 1.1850225974025972 0.0
1.6931664935064934 1.1953664935064934 0.0
1.7026791836734692 1.2048791836734694 0.0
1.7113606679035245 1.2135606679035247 0.0
1.71921094619666 1.2214109461966602 0.0
1.7262300185528754 1.2284300185528756 0.0
1.7324178849721703 1.2346178849721705 0.0
1.7377745454545452 1.2399745454545454 0.0
1.7422999999999997 1.2445 0.0
1.6155872727272724 -1.2422372727272726 0.0
1.6106462152133578 -1.237296215213358 0.0
1.604873951762523 -1.2315239517625232 0.0
1.598270482374768 -1.224920482374768 0.0
1.5908358070500925 -1.2174858070500927 0.0
1.582569925788497 -1.2092199257884972 0.0
1.5734728385899812 -1.2001228385899814 0.0
1.5635445454545454 -1.1901945454545453 0.0
1.552785046382189 -1.1794350463821892 0.0
1.5411943413729126 -1.1678443413729127 0.0
1.5287724304267158 -1.155422430426716 0.0
1.5155193135435991 -1.142169313543599 0.0
1.501434990723562 -1.1280849907235622 0.0
1.4865194619666047 -1.1131694619666048 0.0
1.4707727272727271 -1.0974227272727273 0.0
1.4541947866419294 -1.0808447866419293 0.0
1.4367856400742112 -1.0634356400742113 0.0
1.418545287569573 -1.0451952875695731 0.0
1.3994737291280146 -1.0261237291280147 0.0
1.379570964749536 -1.0062209647495362 0.0
1.358836994434137 -0.9854869944341371 0.0
1.337271818181818 -0.9639218181818181 0.0
1.3148754359925787 -0.9415254359925787 0.0
1.291647847866419 -0.9182978478664192 0.0
1.2675890538033394 -0.8942390538033393 0.0
1.2426990538033393 -0.8693490538033395 0.0
1.2169778478664193 -0.8436278478664192 0.0
1.1904254359925788 -0.8170754359925788 0.0
1.163041818181818 -0.7896918181818181 0.0
1.1348269944341371 -0.7614769944341371 0.0
1.105780964749536 -0.7324309647495362 0.0
1.0759037291280147 -0.7025537291280148 0.0
1.0451952875695731 -0.6718452875695733 0.0
1.0136556400742114 -0.6403056400742114 0.0
0.9812847866419293 -0.6079347866419293 0.0
0.9480827272727271 -0.5747327272727272 0.0
0.9140494619666047 -0.5406994619666048 0.0
0.8791849907235622 -0.5058349907235622 0.0
0.8434893135435992 -0.47013931354359917 0.0
0.8069624304267162 -0.43361243042671627 0.0
0.7696043413729128 -0.3962543413729128 0.0
0.7314150463821893 -0.3580650463821894 0.0
0.6923945454545455 -0.3190445454545454 0.0
0.6525428385899814 -0.27919283858998134 0.0
0.6118599257884971 -0.23850992578849706 0.0
0.5703458070500929 -0.19699580705009279 0.0
0.5280004823747682 -0.15465048237476808 0.0
0.4848239517625232 -0.11147395176252317 0.0
0.4408162152133581 -0.06746621521335805 0.0
0.39597727272727273 -0.022627272727272718 0.0
0.39597727272727273 0.02262727272727273 0.0
0.4408162152133581 0.06746621521335806 0.0
0.4848239517625232 0.11147395176252319 0.0
0.528000482374768 0.15465048237476808 0.0
0.5703458070500929 0.19699580705009276 0.0
0.6118599257884971 0.23850992578849717 0.0
0.6525428385899814 0.2791928385899814 0.0
0.6923945454545455 0.3190445454545454 0.0
0.7314150463821891 0.3580650463821891 0.0
0.7696043413729128 0.39625434137291277 0.0
0.8069624304267162 0.43361243042671616 0.0
0.8434893135435992 0.4701393135435992 0.0
0.8791849907235619 0.5058349907235621 0.0
0.9140494619666046 0.5406994619666047 0.0
0.9480827272727271 0.5747327272727272 0.0
0.9812847866419294 0.6079347866419295 0.0
1.0136556400742114 0.6403056400742114 0.0
1.0451952875695731 0.6718452875695732 0.0
1.0759037291280147 0.7025537291280147 0.0
1.105780964749536 0.7324309647495362 0.0
1.1348269944341371 0.7614769944341373 0.0
1.163041818181818 0.789691818181818 0.0
1.1904254359925786 0.8170754359925786 0.0
1.216977847866419 0.843627847866419 0.0
1.2426990538033393 0.8693490538033394 0.0
1.2675890538033392 0.8942390538033393 0.0
1.291647847866419 0.9182978478664192 0.0
1.3148754359925787 0.9415254359925787 0.0
1.3372718181818182 0.9639218181818181 0.0
1.3588369944341372 0.9854869944341373 0.0
1.379570964749536 1.0062209647495362 0.0
1.3994737291280148 1.0261237291280147 0.0
1.418545287569573 1.0451952875695731 0.0
1.4367856400742112 1.0634356400742113 0.0
1.4541947866419291 1.0808447866419293 0.0
1.470772727272727 1.097422727272727 0.0
1.4865194619666047 1.1131694619666048 0.0
1.501434990723562 1.128084990723562 0.0
1.5155193135435991 1.1421693135435993 0.0
1.528772430426716 1.1554224304267162 0.0
1.5411943413729128 1.1678443413729127 0.0
1.5527850463821888 1.179435046382189 0.0
1.5635445454545451 1.1901945454545453 0.0
1.573472838589981 1.2001228385899811 0.0
1.5825699257884969 1.209219925788497 0.0
1.5908358070500925 1.2174858070500927 0.0
1.5982704823747678 1.224920482374768 0.0
1.604873951762523 1.2315239517625232 0.0
1.6106462152133578 1.237296215213358 0.0
1.6155872727272724 1.2422372727272726 0.0

CELLS 200 700
4 0 101 102 1
4 1 102 103 2
4 2 103 104 3
4 3 104 105 4
4 4 105 106 5
4 5 106 107 6
4 6 107 108 7
4 7 108 109 8
4 8 109 110 9
4 9 110 111 10
4 10 111 112 11
4 11 112 113 12
4 12 113 114 13
4 13 114 115 14
4 14 115 116 15
4 15 116 117 16
4 16 117 118 17
4 17 118 119 18
4 18 119 120 19
4 19 120 121 20
4 20 121 122 21
4 21 122 123 22
4 22 123 124 23
4 23 124 125 24
4 24 125 126 25
4 25 126 127 26
4 26 127 128 27
4 27 128 129 28
4 28 129 130 29
4 29 130 131 30
4 30 131 132 31
4 31 132 133 32
4 32 133 134 33
4 33 134 135 34
4 34 135 136 35
4 35 136 137 36
4 36 137 138 37
4 37 138 139 38
4 38 139 140 39
4 39 140 141 40
4 40 141 142 41
4 41 142 143 42
4 42 143 144 43
4 43 144 145 44
4 44 145 146 45
4 45 146 147 46
4 46 147 148 47
4 47 148 149 48
4 48 149 150 49
4 49 150 151 50
4 50 151 152 51
4 51 152 153 52
4 52 153 154 53
4 53 154 155 54
4 54 155 156 55
4 55 156 157 56
4 56 157 158 57
4 57 158 159 58
4 58 159 160 59
4 59 160 161 60
4 60 161 162 61
4 61 162 163 62
4 62 163 164 63
4 63 164 165 64
4 64 165 166 65
4 65 166 167 66
4 66 167 168 67
4 67 168 169 68
4 68 169 170 69
4 69 170 171 70
4 70 171 172 71
4 71 172 173 72
4 72 173 174 73
4 73 174 175 74
4 74 175 176 75
4 75 176 177 76
4 76 177 178 77
4 77 178 179 78
4 78 179 180 79
4 79 180 181 80
4 80 181 182 81
4 81 182 183 82
4 82 183 184 83
4 83 184 185 84
4 84 185 186 85
4 85 186 187 86
4 86 187 188 87
4 87 188 189 88
4 88 189 190 89
4 89 190 191 90
4 90 191 192 91
4 91 192 193 92
4 92 193 194 93
4 93 194 195 94
4 94 195 196 95
4 95 196 197 96
4 96 197 198 97
4 97 198 199 98
4 98 199 200 99
4 99 200 201 100
1 202
1 203
1 204
1 205
1 206
1 207
1 208
1 209
1 210
1 211
1 212
1 213
1 214
1 215
1 216
1 217
1 218
1 219
1 220
1 221
1 222
1 223
1 224
1 225
1 226
1 227
1 228
1 229
1 230
1 231
1 232
1 233
1 234
1 235
1 236
1 237
1 238
1 239
1 240
1 241
1 242
1 243
1 244
1 245
1 246
1 247
1 248
1 249
1 250
1 251
1 252
1 253
1 254
1 255
1 256
1 257
1 258
1 259
1 260
1 261
1 262
1 263
1 264
1 265
1 266
1 267
1 268
1 269
1 270
1 271
1 272
1 273
1 274
1 275
1 276
1 277
1 278
1 279
1 280
1 281
1 282
1 283
1 284
1 285
1 286
1 287
1 288
1 289
1 290
1 291
1 292
1 293
1 294
1 295
1 296
1 297
1 298
1 299
1 300
1 301

CELL_TYPES 200
9
9
9
9
9
9
9
9
9
9
9
9
9
9
9
9
9
9
9
9
9
9
9
9
9
9
9
9
9
9
9
9
9
9
9
9
9
9
9
9
9
9
9
9
9
9
9
9
9
9
9
9
9
9
9
9
9
9
9
9
9
9
9
9
9
9
9
9
9
9
9
9
9
9
9
9
9
9
9
9
9
9
9
9
9
9
9
9
9
9
9
9
9
9
9
9
9
9
9
9
1
1
1
1
1
1
1
1
1
1
1
1
1
1
1
1
1
1
1
1
1
1
1
1
1
1
1
1
1
1
1
1
1
1
1
1
1
1
1
1
1
1
1
1
1
1
1
1
1
1
1
1
1
1
1
1
1
1
1
1
1
1
1
1
1
1
1
1
1
1
1
1
1
1
1
1
1
1
1
1
1
1
1
1
1
1
1
1
1
1
1
1
1
1
1
1
1
1
1
1

CELL_DATA 200

VECTORS Vinf float
8.793598446605131 0.8076881766319275 4.09255389140144
8.797898921725675 0.8235810399055481 4.11387775109306
8.796110067126676 0.8168584704399109 4.104784287672192
8.79692378973715 0.8199884295463563 4.109050221901089
8.795194241759702 0.8136080503463745 4.10048059390083
8.799904796836302 0.8316676020622253 4.125051386814267
8.792783829924986 0.8050990700721741 4.0892566220571105
8.787765059230253 0.7879459857940674 4.067081280212552
8.78398809170477 0.7754708528518677 4.051381029348523
8.777211043593809 0.7532650828361511 4.024145029645116
8.772254023311064 0.736902117729187 4.004620216946751
8.766027722117826 0.7158806324005127 3.980158724050671
8.770323309657499 0.7304220199584961 3.9970062153150145
8.776267859694883 0.7501108050346375 4.020330257873685
8.774241242167875 0.7434825897216797 4.012421332459599
8.77585605120413 0.7487464547157288 4.018691532473714
8.773333225009367 0.7404465675354004 4.008816607456357
8.773205849883482 0.7400021553039551 4.008284695606381
8.77206012940161 0.7361546754837036 4.003728620867879
8.780025813338682 0.7623849511146545 4.0352003799487655
8.781599912402555 0.767524242401123 4.041501857500226
8.780543420073911 0.764034628868103 4.037203274827153
8.77951392864935 0.7606358528137207 4.033039190035016
8.77535704111807 0.747024416923523 4.016621388654858
8.779002759215757 0.7589852213859558 4.0310473816205565
8.77818611597769 0.7562912106513977 4.027770064931065
8.777390990016386 0.7536638975143433 4.02458568678394
8.774069044349119 0.7427467703819275 4.011513568620831
8.773296925780699 0.7401670813560486 4.008445881467015
8.777941021678373 0.7555547952651978 4.026910178523213
8.777121755835935 0.7528430819511414 4.023626066904217
8.782748732325956 0.7712219953536987 4.04607430861488
8.786362025496885 0.7831587791442871 4.061020471315533
8.78570530152075 0.7809554934501648 4.0582319276143615
8.785056981799528 0.7787896990776062 4.0555023329068725
8.784417721984312 0.7766637802124023 4.052833296518475
8.783788952586576 0.7745779752731323 4.050224132995755
8.779404434916898 0.7602288126945496 4.032557375888974
8.778797957656309 0.758230984210968 4.0301217065860335
8.77820209002249 0.7562713623046875 4.027741275887639
8.777618143317625 0.7543516159057617 4.025415636758954
8.773474368808195 0.7407510280609131 4.009152494530827
8.765954468009397 0.7154870629310608 3.979720048766286
8.765419695136472 0.7136234641075134 3.9775764273215835
8.764377925155088 0.7100493311882019 3.973516173820645
8.763951751944944 0.7085345983505249 3.9717809634019443
8.763537142035887 0.7070475816726685 3.9700785057355468
8.763131115195677 0.7055892944335938 3.9684122578908507
8.771206471679136 0.733206033706665 4.000271178941876
8.76598170733206 0.7158523201942444 3.9801900760938236
8.756354245898649 0.6812139749526978 3.9410460071374485
8.7635455462908 0.7070860862731934 3.970127321939618
8.763201091048643 0.7058383822441101 3.968700625162274
8.763607237098142 0.7072916030883789 3.970360286693723
8.764021191356107 0.7087737917900085 3.972057558756024
8.76444658970587 0.7102838754653931 3.973787821989209
8.759494457003996 0.6925650835037231 3.9536879138757293
8.76740923857443 0.7204633355140686 3.9854434953738753
8.767924878356382 0.7222370505332947 3.9875000344325606
8.772361371276304 0.737108051776886 4.0048775152970855
8.772891852614805 0.7388820052146912 4.006977059106976
8.773435446975157 0.740695059299469 4.009128116231114
8.77399030661337 0.7425479888916016 4.011333085756451
8.774558160064146 0.7444390654563904 4.01358849571243
8.775139126536772 0.7463676929473877 4.015894927244336
8.780059966800138 0.7624478936195374 4.035309828977734
8.780681226012632 0.7644955515861511 4.037824057202489
8.78131339287512 0.7665843367576599 4.040397174816281
8.782858166453764 0.771580696105957 4.0465221779157226
8.77722528910391 0.7531835436820984 4.024037830691487
8.778042289969846 0.7558850646018982 4.0273103194047515
8.773378762957975 0.7404343485832214 4.00876335070625
8.774149033782408 0.743005633354187 4.011822737913281
8.777464959380552 0.7539003491401672 4.024874054055363
8.778257701156065 0.7565208077430725 4.028051264743954
8.779071602580473 0.7592074275016785 4.031320832829625
8.772792908904478 0.7385964393615723 4.006616972546727
8.776408288237974 0.7505111694335938 4.020811759095341
8.777395102736875 0.7537795901298523 4.024757884602696
8.77841165995352 0.7571409344673157 4.028835944991261
8.77683934902899 0.7520073056221008 4.022638417940289
8.769258115050718 0.726815402507782 3.9928099589158603
8.770337316749021 0.7304954528808594 3.9971185104657714
8.768200967070982 0.7233486771583557 3.988807581524999
8.77306840157263 0.7396056652069092 4.0078304933120315
8.771482441184446 0.7343905568122864 4.00169176624313
8.771389219520017 0.7340750694274902 4.001323141317517
8.765784177539274 0.7150587439537048 3.9792245404531066
8.764975163695738 0.7122558355331421 3.9759977237989017
8.770367178676054 0.7306475043296814 3.9972860591222346
8.7772875759577 0.7535203695297241 4.02445588276878
8.782187912223264 0.7695838809013367 4.044086493711621
8.784094128367826 0.7757958173751831 4.051788307886273
8.789470526931211 0.7936854362487793 4.0744426028539245
8.794827553985044 0.8123824000358582 4.098907001476437
8.793882343528196 0.8088768720626831 4.0942086951543395
8.797255966422483 0.82122403383255 4.110727198581845
8.793261143920347 0.8065621852874756 4.091115392904431
8.793746742961332 0.8082795143127441 4.093387581567914
8.790336463210508 0.7963192462921143 4.077733941536099
8.793598446605131 0.8076881766319275 4.09255389140144
8.797898921725675 0.8235810399055481 4.11387775109306
8.796110067126676 0.8168584704399109 4.104784287672192
8.79692378973715 0.8199884295463563 4.109050221901089
8.795194241759702 0.8136080503463745 4.10048059390083
8.799904796836302 0.8316676020622253 4.125051386814267
8.792783829924986 0.8050990700721741 4.0892566220571105
8.787765059230253 0.7879459857940674 4.067081280212552
8.78398809170477 0.7754708528518677 4.051381029348523
8.777211043593809 0.7532650828361511 4.024145029645116
8.772254023311064 0.736902117729187 4.004620216946751
8.766027722117826 0.7158806324005127 3.980158724050671
8.770323309657499 0.7304220199584961 3.9970062153150145
8.776267859694883 0.7501108050346375 4.020330257873685
8.774241242167875 0.7434825897216797 4.012421332459599
8.77585605120413 0.7487464547157288 4.018691532473714
8.773333225009367 0.7404465675354004 4.008816607456357
8.773205849883482 0.7400021553039551 4.008284695606381
8.77206012940161 0.7361546754837036 4.003728620867879
8.780025813338682 0.7623849511146545 4.0352003799487655
8.781599912402555 0.767524242401123 4.041501857500226
8.780543420073911 0.764034628868103 4.037203274827153
8.77951392864935 0.7606358528137207 4.033039190035016
8.77535704111807 0.747024416923523 4.016621388654858
8.779002759215757 0.7589852213859558 4.0310473816205565
8.77818611597769 0.7562912106513977 4.027770064931065
8.777390990016386 0.7536638975143433 4.02458568678394
8.774069044349119 0.7427467703819275 4.011513568620831
8.773296925780699 0.7401670813560486 4.008445881467015
8.777941021678373 0.7555547952651978 4.026910178523213
8.777121755835935 0.7528430819511414 4.023626066904217
8.782748732325956 0.7712219953536987 4.04607430861488
8.786362025496885 0.7831587791442871 4.061020471315533
8.78570530152075 0.7809554934501648 4.0582319276143615
8.785056981799528 0.7787896990776062 4.0555023329068725
8.784417721984312 0.7766637802124023 4.052833296518475
8.783788952586576 0.7745779752731323 4.050224132995755
8.779404434916898 0.7602288126945496 4.032557375888974
8.778797957656309 0.758230984210968 4.0301217065860335
8.77820209002249 0.7562713623046875 4.027741275887639
8.777618143317625 0.7543516159057617 4.025415636758954
8.773474368808195 0.7407510280609131 4.009152494530827
8.765954468009397 0.7154870629310608 3.979720048766286
8.765419695136472 0.7136234641075134 3.9775764273215835
8.764377925155088 0.7100493311882019 3.973516173820645
8.763951751944944 0.7085345983505249 3.9717809634019443
8.763537142035887 0.7070475816726685 3.9700785057355468
8.763131115195677 0.7055892944335938 3.9684122578908507
8.771206471679136 0.733206033706665 4.000271178941876
8.76598170733206 0.7158523201942444 3.9801900760938236
8.756354245898649 0.6812139749526978 3.9410460071374485
8.7635455462908 0.7070860862731934 3.970127321939618
8.763201091048643 0.7058383822441101 3.968700625162274
8.763607237098142 0.7072916030883789 3.970360286693723
8.764021191356107 0.7087737917900085 3.972057558756024
8.76444658970587 0.7102838754653931 3.973787821989209
8.759494457003996 0.6925650835037231 3.9536879138757293
8.76740923857443 0.7204633355140686 3.9854434953738753
8.767924878356382 0.7222370505332947 3.9875000344325606
8.772361371276304 0.737108051776886 4.0048775152970855
8.772891852614805 0.7388820052146912 4.006977059106976
8.773435446975157 0.740695059299469 4.009128116231114
8.77399030661337 0.7425479888916016 4.011333085756451
8.774558160064146 0.7444390654563904 4.01358849571243
8.775139126536772 0.7463676929473877 4.015894927244336
8.780059966800138 0.7624478936195374 4.035309828977734
8.780681226012632 0.7644955515861511 4.037824057202489
8.78131339287512 0.7665843367576599 4.040397174816281
8.782858166453764 0.771580696105957 4.0465221779157226
8.77722528910391 0.7531835436820984 4.024037830691487
8.778042289969846 0.7558850646018982 4.0273103194047515
8.773378762957975 0.7404343485832214 4.00876335070625
8.774149033782408 0.743005633354187 4.011822737913281
8.777464959380552 0.7539003491401672 4.024874054055363
8.778257701156065 0.7565208077430725 4.028051264743954
8.779071602580473 0.7592074275016785 4.031320832829625
8.772792908904478 0.7385964393615723 4.006616972546727
8.776408288237974 0.7505111694335938 4.020811759095341
8.777395102736875 0.7537795901298523 4.024757884602696
8.77841165995352 0.7571409344673157 4.028835944991261
8.77683934902899 0.7520073056221008 4.022638417940289
8.769258115050718 0.726815402507782 3.9928099589158603
8.770337316749021 0.7304954528808594 3.9971185104657714
8.768200967070982 0.7233486771583557 3.988807581524999
8.77306840157263 0.7396056652069092 4.0078304933120315
8.771482441184446 0.7343905568122864 4.00169176624313
8.771389219520017 0.7340750694274902 4.001323141317517
8.765784177539274 0.7150587439537048 3.9792245404531066
8.764975163695738 0.7122558355331421 3.9759977237989017
8.770367178676054 0.7306475043296814 3.9972860591222346
8.7772875759577 0.7535203695297241 4.02445588276878
8.782187912223264 0.7695838809013367 4.044086493711621
8.784094128367826 0.7757958173751831 4.051788307886273
8.789470526931211 0.7936854362487793 4.0744426028539245
8.794827553985044 0.8123824000358582 4.098907001476437
8.793882343528196 0.8088768720626831 4.0942086951543395
8.797255966422483 0.82122403383255 4.110727198581845
8.793261143920347 0.8065621852874756 4.091115392904431
8.793746742961332 0.8082795143127441 4.093387581567914
8.790336463210508 0.7963192462921143 4.077733941536099

VECTORS L float
-0.014556376861921464 0.0 0.03121625091793579
-0.02344991565027595 0.0 0.05028850639738218
-0.03233700275369608 0.0 0.06934692619383791
-0.04174753442909281 0.0 0.0895278764974006
-0.051815283883185737 0.0 0.11111823487565921
-0.06252919617996229 0.0 0.13409429394182898
-0.07393696979113958 0.0 0.158558343398605
-0.08599380847695708 0.0 0.184414317399808
-0.09866108874283074 0.0 0.21157938759400824
-0.11192604046195438 0.0 0.24002616835589402
-0.12573416811182148 0.0 0.26963779366031343
-0.14007629883660164 0.0 0.30039459225445725
-0.15479833010593216 0.0 0.33196609019549467
-0.16982734463402704 0.0 0.36419591585943284
-0.18520001452580417 0.0 0.3971627128290578
-0.20077511373472928 0.0 0.43056362087022065
-0.2165804410108409 0.0 0.46445825459476053
-0.23251518722213482 0.0 0.4986304281214438
-0.24858407672037702 0.0 0.5330902728553275
-0.26453355172358767 0.0 0.567294032378207
-0.2804667254255576 0.0 0.6014628336477624
-0.29634716245636095 0.0 0.6355185407610365
-0.3121119160682079 0.0 0.6693261639817703
-0.32782943083834803 0.0 0.703032483179547
-0.3432303399047665 0.0 0.7360598392546198
-0.3584481896207522 0.0 0.7686946232858256
-0.37340461015329063 0.0 0.8007687706239055
-0.3881615991900937 0.0 0.8324152357392134
-0.4026264713282077 0.0 0.8634352541436848
-0.41659484583012274 0.0 0.893390529931311
-0.43027074030382423 0.0 0.9227185802743221
-0.44331552730947493 0.0 0.9506932162845132
-0.4557510033042259 0.0 0.9773611806150871
-0.46763190862888604 0.0 1.0028398643057395
-0.47885330244136787 0.0 1.02690422099437
-0.4893553101759136 0.0 1.0494258492603485
-0.499057460564154 0.0 1.0702321779117545
-0.5080633432272318 0.0 1.089545355608022
-0.516146062627402 0.0 1.1068788032982235
-0.5232649981067204 0.0 1.1221454097002832
-0.5293045024513282 0.0 1.1350971685637419
-0.5342878547845669 0.0 1.1457840021297097
-0.5382865925789947 0.0 1.1543593230031635
-0.5409484361901025 0.0 1.160067665048498
-0.5421639800719082 0.0 1.1626744073152135
-0.5415490233462976 0.0 1.1613556283613278
-0.5383173540248358 0.0 1.1544252911366544
-0.5302831631973325 0.0 1.1371959133063791
-0.508108660268615 0.0 1.089642538316885
-0.38451437180852904 0.0 0.8245937313787762
-0.32592842537614725 0.0 0.698955763809931
-0.4490262318798982 0.0 0.9629398617567715
-0.47090168338404914 0.0 1.0098519188966943
-0.4789788871802279 0.0 1.027173538335966
-0.48229073636398473 0.0 1.0342758218302162
-0.483074068574642 0.0 1.035955683177029
-0.4821976165798882 0.0 1.034076125808785
-0.4797021293644679 0.0 1.0287245362052728
-0.476359611113186 0.0 1.0215564826834693
-0.47186097465479276 0.0 1.0119091256655885
-0.4665055914382992 0.0 1.0004244692958373
-0.4602059771249014 0.0 0.9869149028042148
-0.4530592145586609 0.0 0.9715886210216732
-0.4451414149206031 0.0 0.9546088449026503
-0.43651787581419493 0.0 0.936115605609673
-0.42718878014565687 0.0 0.9161092953863974
-0.4173978427053143 0.0 0.8951125622873067
-0.4070038983638386 0.0 0.8728226767156209
-0.396061429243857 0.0 0.8493564759603582
-0.38473333474235816 0.0 0.8250632989057076
-0.3727576580180731 0.0 0.7993813772926931
-0.3605058382103875 0.0 0.7731072649262754
-0.34776262784130574 0.0 0.7457793621002702
-0.3347372307639688 0.0 0.717846307925536
-0.3215293256768738 0.0 0.6895218640608275
-0.30807514196248836 0.0 0.660669273975521
-0.2944768143432073 0.0 0.6315075662886165
-0.2805055929505475 0.0 0.6015461853240863
-0.2665010709776327 0.0 0.5715133910347424
-0.2523966450573244 0.0 0.5412663520388268
-0.23824701829702002 0.0 0.5109223795287269
-0.22407991536188954 0.0 0.48054092924076824
-0.20978308106876864 0.0 0.4498812691577921
-0.19561083189662198 0.0 0.41948878272893775
-0.18149223172866719 0.0 0.38921134696085125
-0.16761411828049638 0.0 0.3594496366276322
-0.15390145542426265 0.0 0.3300427362338246
-0.14045901322090715 0.0 0.3012153259001789
-0.12726295808098811 0.0 0.27291629432919684
-0.11441542804591537 0.0 0.24536467725752895
-0.10201150510917455 0.0 0.21876437867822102
-0.09009190704480532 0.0 0.19320271813948886
-0.07867862500415047 0.0 0.16872685581757707
-0.06778461333221383 0.0 0.14536457239499703
-0.05746392278375326 0.0 0.12323178008938573
-0.04774142194651341 0.0 0.10238180975926492
-0.03859383391337757 0.0 0.0827647439162347
-0.030019402552978375 0.0 0.06437681652442444
-0.021880268699345756 0.0 0.04692238764835565
-0.013683150475323222 0.0 0.029343610888704307
-0.014556376861921464 0.0 0.03121625091793579
-0.02344991565027595 0.0 0.05028850639738218
-0.03233700275369608 0.0 0.06934692619383791
-0.04174753442909281 0.0 0.0895278764974006
-0.051815283883185737 0.0 0.11111823487565921
-0.06252919617996229 0.0 0.13409429394182898
-0.07393696979113958 0.0 0.158558343398605
-0.08599380847695708 0.0 0.184414317399808
-0.09866108874283074 0.0 0.21157938759400824
-0.11192604046195438 0.0 0.24002616835589402
-0.12573416811182148 0.0 0.26963779366031343
-0.14007629883660164 0.0 0.30039459225445725
-0.15479833010593216 0.0 0.33196609019549467
-0.16982734463402704 0.0 0.36419591585943284
-0.18520001452580417 0.0 0.3971627128290578
-0.20077511373472928 0.0 0.43056362087022065
-0.2165804410108409 0.0 0.46445825459476053
-0.23251518722213482 0.0 0.4986304281214438
-0.24858407672037702 0.0 0.5330902728553275
-0.26453355172358767 0.0 0.567294032378207
-0.2804667254255576 0.0 0.6014628336477624
-0.29634716245636095 0.0 0.6355185407610365
-0.3121119160682079 0.0 0.6693261639817703
-0.32782943083834803 0.0 0.703032483179547
-0.3432303399047665 0.0 0.7360598392546198
-0.3584481896207522 0.0 0.7686946232858256
-0.37340461015329063 0.0 0.8007687706239055
-0.3881615991900937 0.0 0.8324152357392134
-0.4026264713282077 0.0 0.8634352541436848
-0.41659484583012274 0.0 0.893390529931311
-0.43027074030382423 0.0 0.9227185802743221
-0.44331552730947493 0.0 0.9506932162845132
-0.4557510033042259 0.0 0.9773611806150871
-0.46763190862888604 0.0 1.0028398643057395
-0.47885330244136787 0.0 1.02690422099437
-0.4893553101759136 0.0 1.0494258492603485
-0.499057460564154 0.0 1.0702321779117545
-0.5080633432272318 0.0 1.089545355608022
-0.516146062627402 0.0 1.1068788032982235
-0.5232649981067204 0.0 1.1221454097002832
-0.5293045024513282 0.0 1.1350971685637419
-0.5342878547845669 0.0 1.1457840021297097
-0.5382865925789947 0.0 1.1543593230031635
-0.5409484361901025 0.0 1.160067665048498
-0.5421639800719082 0.0 1.1626744073152135
-0.5415490233462976 0.0 1.1613556283613278
-0.5383173540248358 0.0 1.1544252911366544
-0.5302831631973325 0.0 1.1371959133063791
-0.508108660268615 0.0 1.089642538316885
-0.38451437180852904 0.0 0.8245937313787762
-0.32592842537614725 0.0 0.698955763809931
-0.4490262318798982 0.0 0.9629398617567715
-0.47090168338404914 0.0 1.0098519188966943
-0.4789788871802279 0.0 1.027173538335966
-0.48229073636398473 0.0 1.0342758218302162
-0.483074068574642 0.0 1.035955683177029
-0.4821976165798882 0.0 1.034076125808785
-0.4797021293644679 0.0 1.0287245362052728
-0.476359611113186 0.0 1.0215564826834693
-0.47186097465479276 0.0 1.0119091256655885
-0.4665055914382992 0.0 1.0004244692958373
-0.4602059771249014 0.0 0.9869149028042148
-0.4530592145586609 0.0 0.9715886210216732
-0.4451414149206031 0.0 0.9546088449026503
-0.43651787581419493 0.0 0.936115605609673
-0.42718878014565687 0.0 0.9161092953863974
-0.4173978427053143 0.0 0.8951125622873067
-0.4070038983638386 0.0 0.8728226767156209
-0.396061429243857 0.0 0.8493564759603582
-0.38473333474235816 0.0 0.8250632989057076
-0.3727576580180731 0.0 0.7993813772926931
-0.3605058382103875 0.0 0.7731072649262754
-0.34776262784130574 0.0 0.7457793621002702
-0.3347372307639688 0.0 0.717846307925536
-0.3215293256768738 0.0 0.6895218640608275
-0.30807514196248836 0.0 0.660669273975521
-0.2944768143432073 0.0 0.6315075662886165
-0.2805055929505475 0.0 0.6015461853240863
-0.2665010709776327 0.0 0.5715133910347424
-0.2523966450573244 0.0 0.5412663520388268
-0.23824701829702002 0.0 0.5109223795287269
-0.22407991536188954 0.0 0.48054092924076824
-0.20978308106876864 0.0 0.4498812691577921
-0.19561083189662198 0.0 0.41948878272893775
-0.18149223172866719 0.0 0.38921134696085125
-0.16761411828049638 0.0 0.3594496366276322
-0.15390145542426265 0.0 0.3300427362338246
-0.14045901322090715 0.0 0.3012153259001789
-0.12726295808098811 0.0 0.27291629432919684
-0.11441542804591537 0.0 0.24536467725752895
-0.10201150510917455 0.0 0.21876437867822102
-0.09009190704480532 0.0 0.19320271813948886
-0.07867862500415047 0.0 0.16872685581757707
-0.06778461333221383 0.0 0.14536457239499703
-0.05746392278375326 0.0 0.12323178008938573
-0.04774142194651341 0.0 0.10238180975926492
-0.03859383391337757 0.0 0.0827647439162347
-0.030019402552978375 0.0 0.06437681652442444
-0.021880268699345756 0.0 0.04692238764835565
-0.013683150475323222 0.0 0.029343610888704307

SCALARS Gamma float
LOOKUP_TABLE default
0.45028791855139744
0.693131851732248
0.8925515281982603
1.0728534503055867
1.2419951145254202
1.4038157565979206
1.5591739415645707
1.7096813558224362
1.8558442309855516
1.9976671728777677
2.135470960913901
2.269175935955102
2.3993479426778874
2.5250420022957636
2.645080329821168
2.7598230792286182
2.8685446802482364
2.9715706144323133
3.0686592909523327
3.1604431442674885
3.245277492322392
3.323209192507577
3.3945857101778723
3.459429792082364
3.519029490559826
3.572217538483794
3.6194772682314444
3.660874035643088
3.6974004423933367
3.7296085042811193
3.7561843163927193
3.778489465109141
3.795227068694203
3.805731032515094
3.8106274425349516
3.8100543025062827
3.8039916032814727
3.7919822610970364
3.775279281829019
3.753298134998688
3.725704024716279
3.6917608916969806
3.6517783971324524
3.6078680234760716
3.558941265542226
3.5051136922383743
3.446763821891655
3.3852308551493326
3.3244631499679693
3.2675524507065434
3.2642305364288786
3.319449874274046
3.380827080719651
3.4417728002560395
3.499207035398226
3.5517414658868915
3.598324715279853
3.642159837512381
3.679653532684855
3.7122856405455806
3.738849412409546
3.7600009516905137
3.775983643940961
3.7869685005090425
3.793133052317504
3.794977333876315
3.7910445864367404
3.7817200993841236
3.766960457210194
3.7457933791933247
3.720053408436419
3.688469278206322
3.652394437195651
3.6112925891942345
3.5641751184708306
3.5109511113040517
3.4509400386808586
3.3859047034137206
3.314478906009993
3.2365730330245315
3.151832597427074
3.060212708749435
2.9632513382788543
2.860242685802328
2.7519601794252395
2.6375226563466447
2.5176653254916195
2.3924138183960992
2.2629408144849155
2.129673573878861
1.992370862237517
1.8507841205476814
1.7048329321965077
1.5546710356019653
1.3996410731272555
1.2385043708501877
1.0699462939891342
0.8900148992000446
0.6910821547177893
0.4489613732401646
0.45028791855139744
0.693131851732248
0.8925515281982603
1.0728534503055867
1.2419951145254202
1.4038157565979206
1.5591739415645707
1.7096813558224362
1.8558442309855516
1.9976671728777677
2.135470960913901
2.269175935955102
2.3993479426778874
2.5250420022957636
2.645080329821168
2.7598230792286182
2.8685446802482364
2.9715706144323133
3.0686592909523327
3.1604431442674885
3.245277492322392
3.323209192507577
3.3945857101778723
3.459429792082364
3.519029490559826
3.572217538483794
3.6194772682314444
3.660874035643088
3.6974004423933367
3.7296085042811193
3.7561843163927193
3.778489465109141
3.795227068694203
3.805731032515094
3.8106274425349516
3.8100543025062827
3.8039916032814727
3.7919822610970364
3.775279281829019
3.753298134998688
3.725704024716279
3.6917608916969806
3.6517783971324524
3.6078680234760716
3.558941265542226
3.5051136922383743
3.446763821891655
3.3852308551493326
3.3244631499679693
3.2675524507065434
3.2642305364288786
3.319449874274046
3.380827080719651
3.4417728002560395
3.499207035398226
3.5517414658868915
3.598324715279853
3.642159837512381
3.679653532684855
3.7122856405455806
3.738849412409546
3.7600009516905137
3.775983643940961
3.7869685005090425
3.793133052317504
3.794977333876315
3.7910445864367404
3.7817200993841236
3.766960457210194
3.7457933791933247
3.720053408436419
3.688469278206322
3.652394437195651
3.6112925891942345
3.5641751184708306
3.5109511113040517
3.4509400386808586
3.3859047034137206
3.314478906009993
3.2365730330245315
3.151832597427074
3.060212708749435
2.9632513382788543
2.860242685802328
2.7519601794252395
2.6375226563466447
2.5176653254916195
2.3924138183960992
2.2629408144849155
2.129673573878861
1.992370862237517
1.8507841205476814
1.7048329321965077
1.5546710356019653
1.3996410731272555
1.2385043708501877
1.0699462939891342
0.8900148992000446
0.6910821547177893
0.4489613732401646

VECTORS Vvpm float
-0.2694794237613678 0.8076881766319275 -0.1336287260055542
-0.26517894864082336 0.8235810399055481 -0.11230486631393433
-0.2669678032398224 0.8168584704399109 -0.12139832973480223
-0.26615408062934875 0.8199884295463563 -0.11713239550590517
-0.26788362860679626 0.8136080503463745 -0.12570202350616455
-0.26317307353019714 0.8316676020622253 -0.10113123059272766
-0.27029404044151306 0.8050990700721741 -0.13692599534988403
-0.2753128111362457 0.7879459857940674 -0.15910133719444275
-0.2790897786617279 0.7754708528518677 -0.17480158805847168
-0.2858668267726898 0.7532650828361511 -0.20203758776187897
-0.2908238470554352 0.736902117729187 -0.2215624004602432
-0.2970501482486725 0.7158806324005127 -0.24602389335632324
-0.29275456070899963 0.7304220199584961 -0.22917640209198
-0.2868100106716156 0.7501108050346375 -0.20585235953330994
-0.28883662819862366 0.7434825897216797 -0.21376128494739532
-0.2872218191623688 0.7487464547157288 -0.20749108493328097
-0.28974464535713196 0.7404465675354004 -0.21736600995063782
-0.28987202048301697 0.7400021553039551 -0.2178979218006134
-0.2910177409648895 0.7361546754837036 -0.22245399653911593
-0.2830520570278168 0.7623849511146545 -0.19098223745822906
-0.2814779579639435 0.767524242401123 -0.1846807599067688
-0.2825344502925873 0.764034628868103 -0.1889793425798416
-0.2835639417171478 0.7606358528137207 -0.19314342737197876
-0.28772082924842834 0.747024416923523 -0.2095612287521362
-0.2840751111507416 0.7589852213859558 -0.195135235786438
-0.2848917543888092 0.7562912106513977 -0.19841255247592926
-0.2856868803501129 0.7536638975143433 -0.2015969306230545
-0.28900882601737976 0.7427467703819275 -0.21466904878616333
-0.28978094458580017 0.7401670813560486 -0.21773673593997955
-0.2851368486881256 0.7555547952651978 -0.19927243888378143
-0.28595611453056335 0.7528430819511414 -0.2025565505027771
-0.2803291380405426 0.7712219953536987 -0.18010830879211426
-0.27671584486961365 0.7831587791442871 -0.16516214609146118
-0.2773725688457489 0.7809554934501648 -0.16795068979263306
-0.2780208885669708 0.7787896990776062 -0.17068028450012207
-0.2786601483821869 0.7766637802124023 -0.1733493208885193
-0.2792889177799225 0.7745779752731323 -0.17595848441123962
-0.2836734354496002 0.7602288126945496 -0.19362524151802063
-0.2842799127101898 0.758230984210968 -0.196060910820961
-0.2848757803440094 0.7562713623046875 -0.19844134151935577
-0.2854597270488739 0.7543516159057617 -0.20076698064804077
-0.28960350155830383 0.7407510280609131 -0.2170301228761673
-0.29712340235710144 0.7154870629310608 -0.24646256864070895
-0.29765817523002625 0.7136234641075134 -0.24860619008541107
-0.2986999452114105 0.7100493311882019 -0.2526664435863495
-0.29912611842155457 0.7085345983505249 -0.25440165400505066
-0.2995407283306122 0.7070475816726685 -0.25610411167144775
-0.29994675517082214 0.7055892944335938 -0.2577703595161438
-0.29187139868736267 0.733206033706665 -0.2259114384651184
-0.2970961630344391 0.7158523201942444 -0.24599254131317141
-0.30672362446784973 0.6812139749526978 -0.2851366102695465
-0.29953232407569885 0.7070860862731934 -0.2560552954673767
-0.29987677931785583 0.7058383822441101 -0.25748199224472046
-0.2994706332683563 0.7072916030883789 -0.2558223307132721
-0.29905667901039124 0.7087737917900085 -0.25412505865097046
-0.2986312806606293 0.7102838754653931 -0.25239479541778564
-0.30358341336250305 0.6925650835037231 -0.27249470353126526
-0.2956686317920685 0.7204633355140686 -0.24073912203311923
-0.2951529920101166 0.7222370505332947 -0.2386825829744339
-0.2907164990901947 0.737108051776886 -0.22130510210990906
-0.2901860177516937 0.7388820052146912 -0.21920555830001834
-0.28964242339134216 0.740695059299469 -0.21705450117588046
-0.28908756375312805 0.7425479888916016 -0.2148495316505432
-0.2885197103023529 0.7444390654563904 -0.21259412169456485
-0.2879387438297272 0.7463676929473877 -0.21028769016265866
-0.2830179035663605 0.7624478936195374 -0.19087278842926025
-0.2823966443538666 0.7644955515861511 -0.18835856020450592
-0.2817644774913788 0.7665843367576599 -0.1857854425907135
-0.280219703912735 0.771580696105957 -0.17966043949127197
-0.2858525812625885 0.7531835436820984 -0.2021447867155075
-0.2850355803966522 0.7558850646018982 -0.19887229800224304
-0.28969910740852356 0.7404343485832214 -0.21741926670074463
-0.2889288365840912 0.743005633354187 -0.21435987949371338
-0.28561291098594666 0.7539003491401672 -0.20130856335163116
-0.28482016921043396 0.7565208077430725 -0.19813135266304016
-0.284006267786026 0.7592074275016785 -0.1948617845773697
-0.2902849614620209 0.7385964393615723 -0.21956564486026764
-0.2866695821285248 0.7505111694335938 -0.20537085831165316
-0.2856827676296234 0.7537795901298523 -0.2014247328042984
-0.2846662104129791 0.7571409344673157 -0.19734667241573334
-0.28623852133750916 0.7520073056221008 -0.2035441994667053
-0.29381975531578064 0.726815402507782 -0.23337265849113464
-0.2927405536174774 0.7304954528808594 -0.22906410694122314
-0.29487690329551697 0.7233486771583557 -0.23737503588199615
-0.290009468793869 0.7396056652069092 -0.21835212409496307
-0.2915954291820526 0.7343905568122864 -0.22449085116386414
-0.2916886508464813 0.7340750694274902 -0.22485947608947757
-0.29729369282722473 0.7150587439537048 -0.24695807695388794
-0.2981027066707611 0.7122558355331421 -0.25018489360809326
-0.29271069169044495 0.7306475043296814 -0.22889655828475952
-0.2857902944087982 0.7535203695297241 -0.2017267346382141
-0.28088995814323425 0.7695838809013367 -0.18209612369537354
-0.2789837419986725 0.7757958173751831 -0.17439430952072144
-0.2736073434352875 0.7936854362487793 -0.15174001455307007
-0.26825031638145447 0.8123824000358582 -0.12727561593055725
-0.2691955268383026 0.8088768720626831 -0.13197392225265503
-0.2658219039440155 0.82122403383255 -0.11545541882514952
-0.26981672644615173 0.8065621852874756 -0.13506722450256348
-0.2693311274051666 0.8082795143127441 -0.1327950358390808
-0.2727414071559906 0.7963192462921143 -0.14844867587089539
-0.2694794237613678 0.8076881766319275 -0.1336287260055542
-0.26517894864082336 0.8235810399055481 -0.11230486631393433
-0.2669678032398224 0.8168584704399109 -0.12139832973480223
-0.26615408062934875 0.8199884295463563 -0.11713239550590517
-0.26788362860679626 0.8136080503463745 -0.12570202350616455
-0.26317307353019714 0.8316676020622253 -0.10113123059272766
-0.27029404044151306 0.8050990700721741 -0.13692599534988403
-0.2753128111362457 0.7879459857940674 -0.15910133719444275
-0.2790897786617279 0.7754708528518677 -0.17480158805847168
-0.2858668267726898 0.7532650828361511 -0.20203758776187897
-0.2908238470554352 0.736902117729187 -0.2215624004602432
-0.2970501482486725 0.7158806324005127 -0.24602389335632324
-0.29275456070899963 0.7304220199584961 -0.22917640209198
-0.2868100106716156 0.7501108050346375 -0.20585235953330994
-0.28883662819862366 0.7434825897216797 -0.21376128494739532
-0.2872218191623688 0.7487464547157288 -0.20749108493328097
-0.28974464535713196 0.7404465675354004 -0.21736600995063782
-0.28987202048301697 0.7400021553039551 -0.2178979218006134
-0.2910177409648895 0.7361546754837036 -0.22245399653911593
-0.2830520570278168 0.7623849511146545 -0.19098223745822906
-0.2814779579639435 0.767524242401123 -0.1846807599067688
-0.2825344502925873 0.764034628868103 -0.1889793425798416
-0.2835639417171478 0.7606358528137207 -0.19314342737197876
-0.28772082924842834 0.747024416923523 -0.2095612287521362
-0.2840751111507416 0.7589852213859558 -0.195135235786438
-0.2848917543888092 0.7562912106513977 -0.19841255247592926
-0.2856868803501129 0.7536638975143433 -0.2015969306230545
-0.28900882601737976 0.7427467703819275 -0.21466904878616333
-0.28978094458580017 0.7401670813560486 -0.21773673593997955
-0.2851368486881256 0.7555547952651978 -0.19927243888378143
-0.28595611453056335 0.7528430819511414 -0.2025565505027771
-0.2803291380405426 0.7712219953536987 -0.18010830879211426
-0.27671584486961365 0.7831587791442871 -0.16516214609146118
-0.2773725688457489 0.7809554934501648 -0.16795068979263306
-0.2780208885669708 0.7787896990776062 -0.17068028450012207
-0.2786601483821869 0.7766637802124023 -0.1733493208885193
-0.2792889177799225 0.7745779752731323 -0.17595848441123962
-0.2836734354496002 0.7602288126945496 -0.19362524151802063
-0.2842799127101898 0.758230984210968 -0.196060910820961
-0.2848757803440094 0.7562713623046875 -0.19844134151935577
-0.2854597270488739 0.7543516159057617 -0.20076698064804077
-0.28960350155830383 0.7407510280609131 -0.2170301228761673
-0.29712340235710144 0.7154870629310608 -0.24646256864070895
-0.29765817523002625 0.7136234641075134 -0.24860619008541107
-0.2986999452114105 0.7100493311882019 -0.2526664435863495
-0.29912611842155457 0.7085345983505249 -0.25440165400505066
-0.2995407283306122 0.7070475816726685 -0.25610411167144775
-0.29994675517082214 0.7055892944335938 -0.2577703595161438
-0.29187139868736267 0.733206033706665 -0.2259114384651184
-0.2970961630344391 0.7158523201942444 -0.24599254131317141
-0.30672362446784973 0.6812139749526978 -0.2851366102695465
-0.29953232407569885 0.7070860862731934 -0.2560552954673767
-0.29987677931785583 0.7058383822441101 -0.25748199224472046
-0.2994706332683563 0.7072916030883789 -0.2558223307132721
-0.29905667901039124 0.7087737917900085 -0.25412505865097046
-0.2986312806606293 0.7102838754653931 -0.25239479541778564
-0.30358341336250305 0.6925650835037231 -0.27249470353126526
-0.2956686317920685 0.7204633355140686 -0.24073912203311923
-0.2951529920101166 0.7222370505332947 -0.2386825829744339
-0.2907164990901947 0.737108051776886 -0.22130510210990906
-0.2901860177516937 0.7388820052146912 -0.21920555830001834
-0.28964242339134216 0.740695059299469 -0.21705450117588046
-0.28908756375312805 0.7425479888916016 -0.2148495316505432
-0.2885197103023529 0.7444390654563904 -0.21259412169456485
-0.2879387438297272 0.7463676929473877 -0.21028769016265866
-0.2830179035663605 0.7624478936195374 -0.19087278842926025
-0.2823966443538666 0.7644955515861511 -0.18835856020450592
-0.2817644774913788 0.7665843367576599 -0.1857854425907135
-0.280219703912735 0.771580696105957 -0.17966043949127197
-0.2858525812625885 0.7531835436820984 -0.2021447867155075
-0.2850355803966522 0.7558850646018982 -0.19887229800224304
-0.28969910740852356 0.7404343485832214 -0.21741926670074463
-0.2889288365840912 0.743005633354187 -0.21435987949371338
-0.28561291098594666 0.7539003491401672 -0.20130856335163116
-0.28482016921043396 0.7565208077430725 -0.19813135266304016
-0.284006267786026 0.7592074275016785 -0.1948617845773697
-0.2902849614620209 0.7385964393615723 -0.21956564486026764
-0.2866695821285248 0.7505111694335938 -0.20537085831165316
-0.2856827676296234 0.7537795901298523 -0.2014247328042984
-0.2846662104129791 0.7571409344673157 -0.19734667241573334
-0.28623852133750916 0.7520073056221008 -0.2035441994667053
-0.29381975531578064 0.726815402507782 -0.23337265849113464
-0.2927405536174774 0.7304954528808594 -0.22906410694122314
-0.29487690329551697 0.7233486771583557 -0.23737503588199615
-0.290009468793869 0.7396056652069092 -0.21835212409496307
-0.2915954291820526 0.7343905568122864 -0.22449085116386414
-0.2916886508464813 0.7340750694274902 -0.22485947608947757
-0.29729369282722473 0.7150587439537048 -0.24695807695388794
-0.2981027066707611 0.7122558355331421 -0.25018489360809326
-0.29271069169044495 0.7306475043296814 -0.22889655828475952
-0.2857902944087982 0.7535203695297241 -0.2017267346382141
-0.28088995814323425 0.7695838809013367 -0.18209612369537354
-0.2789837419986725 0.7757958173751831 -0.17439430952072144
-0.2736073434352875 0.7936854362487793 -0.15174001455307007
-0.26825031638145447 0.8123824000358582 -0.12727561593055725
-0.2691955268383026 0.8088768720626831 -0.13197392225265503
-0.2658219039440155 0.82122403383255 -0.11545541882514952
-0.26981672644615173 0.8065621852874756 -0.13506722450256348
-0.2693311274051666 0.8082795143127441 -0.1327950358390808
-0.2727414071559906 0.7963192462921143 -0.14844867587089539

VECTORS Vvpm_BBp float
-0.3006872832775116 0.7034945487976074 -0.26010000705718994
-0.30447694659233093 0.6897141933441162 -0.2756636440753937
-0.30818477272987366 0.6756849884986877 -0.29131171107292175
-0.3116312325000763 0.6617149710655212 -0.3067774176597595
-0.3137432038784027 0.6529422998428345 -0.31639963388442993
-0.3163159191608429 0.6412887573242188 -0.32917001843452454
-0.3175443708896637 0.6354172229766846 -0.33558714389801025
-0.3208165466785431 0.6188892126083374 -0.3535652756690979
-0.322128564119339 0.6115090847015381 -0.3615891933441162
-0.32278862595558167 0.6076241135597229 -0.36580759286880493
-0.3218977153301239 0.6126581430435181 -0.3603496551513672
-0.32284995913505554 0.6074028611183167 -0.3660314083099365
-0.32243165373802185 0.6097387671470642 -0.36350104212760925
-0.3216405212879181 0.6141476035118103 -0.3587145209312439
-0.32091614603996277 0.6180481314659119 -0.3544865548610687
-0.3212098777294159 0.6163562536239624 -0.3563307225704193
-0.32262590527534485 0.6086333394050598 -0.36468952894210815
-0.32246145606040955 0.6095441579818726 -0.3637004494667053
-0.32267507910728455 0.6082160472869873 -0.3651474118232727
-0.3218998610973358 0.6125630736351013 -0.36043107509613037
-0.3207857310771942 0.6186349987983704 -0.3538443148136139
-0.3210153877735138 0.6173268556594849 -0.3552703261375427
-0.32064303755760193 0.619331955909729 -0.3530883491039276
-0.32086673378944397 0.6180707216262817 -0.35446232557296753
-0.32249870896339417 0.6095221042633057 -0.3636915981769562
-0.3226630985736847 0.6085065603256226 -0.36479753255844116
-0.32232555747032166 0.6103980541229248 -0.36274996399879456
-0.32205405831336975 0.6118612289428711 -0.3611644506454468
-0.3222251832485199 0.6108202934265137 -0.36229968070983887
-0.32119986414909363 0.6164829134941101 -0.3561563491821289
-0.32137373089790344 0.6154613494873047 -0.3572711646556854
-0.32070305943489075 0.6191293001174927 -0.35327816009521484
-0.31907907128334045 0.62755286693573 -0.3441086709499359
-0.31926867365837097 0.626547634601593 -0.34520670771598816
-0.3194541037082672 0.6255637407302856 -0.34627974033355713
-0.3196351230144501 0.6246017813682556 -0.3473287522792816
-0.3198108375072479 0.623660147190094 -0.3483554720878601
-0.31998077034950256 0.6227388978004456 -0.3493592441082001
-0.31913092732429504 0.6271035671234131 -0.3446120321750641
-0.3193260133266449 0.626086950302124 -0.34571975469589233
-0.3245944678783417 0.5969857573509216 -0.37724247574806213
-0.3242371380329132 0.5991785526275635 -0.37486177682876587
-0.32432451844215393 0.598602294921875 -0.37548762559890747
-0.32440754771232605 0.5980367660522461 -0.37610360980033875
-0.32448723912239075 0.5974828004837036 -0.3767075538635254
-0.32456400990486145 0.5969404578208923 -0.37729912996292114
-0.32463791966438293 0.5964087247848511 -0.37787941098213196
-0.3235394060611725 0.6031754016876221 -0.3705385625362396
-0.3245660364627838 0.5970239043235779 -0.37720987200737
-0.32957735657691956 0.5601020455360413 -0.4172055721282959
-0.3245667517185211 0.5970261096954346 -0.3772064745426178
-0.3235418498516083 0.603184163570404 -0.37052810192108154
-0.32463863492012024 0.596410870552063 -0.3778762221336365
-0.32456347346305847 0.5969412326812744 -0.37729761004447937
-0.32448747754096985 0.5974845290184021 -0.37670469284057617
-0.3244076669216156 0.5980382561683655 -0.37610089778900146
-0.324325829744339 0.5986048579216003 -0.3754836916923523
-0.32423922419548035 0.5991817712783813 -0.37485653162002563
-0.3245972692966461 0.5969871282577515 -0.3772384226322174
-0.31932780146598816 0.6260866522789001 -0.34571561217308044
-0.3191339671611786 0.6271045804023743 -0.3446064591407776
-0.3199840486049652 0.6227419972419739 -0.3493518531322479
-0.319814532995224 0.6236633658409119 -0.3483469486236572
-0.3196391761302948 0.6246051788330078 -0.3473203182220459
-0.3194582760334015 0.6255673170089722 -0.3462710976600647
-0.3192726671695709 0.62655109167099 -0.34519830346107483
-0.3190818727016449 0.6275556087493896 -0.34410202503204346
-0.3207043707370758 0.6191338300704956 -0.35327136516571045
-0.3213745057582855 0.615466296672821 -0.35726505517959595
-0.32119980454444885 0.6164873242378235 -0.3561510741710663
-0.3222247064113617 0.6108205318450928 -0.36229830980300903
-0.3220536410808563 0.6118621230125427 -0.3611631393432617
-0.3223249018192291 0.6103967428207397 -0.3627500534057617
-0.3226625621318817 0.6085071563720703 -0.36479616165161133
-0.3224986493587494 0.6095227003097534 -0.363689661026001
-0.32086679339408875 0.618073046207428 -0.3544584810733795
-0.32064321637153625 0.6193342804908752 -0.3530842065811157
-0.3210161626338959 0.6173302531242371 -0.3552650809288025
-0.3207867443561554 0.6186386346817017 -0.3538387417793274
-0.321900874376297 0.612565279006958 -0.3604266047477722
-0.3226764500141144 0.6082188487052917 -0.36514246463775635
-0.3224628269672394 0.6095472574234009 -0.36369553208351135
-0.32262763381004333 0.6086370944976807 -0.36468368768692017
-0.3212110698223114 0.6163614392280579 -0.35632380843162537
-0.32091739773750305 0.618053138256073 -0.3544798791408539
-0.3216414153575897 0.6141509413719177 -0.3587093949317932
-0.32243266701698303 0.6097429394721985 -0.3634951710700989
-0.3228508532047272 0.6074085235595703 -0.3660244047641754
-0.32189878821372986 0.6126648783683777 -0.3603416383266449
-0.3227897584438324 0.6076297760009766 -0.36580079793930054
-0.3221301734447479 0.6115137338638306 -0.3615829050540924
-0.3208182752132416 0.6188917756080627 -0.35356035828590393
-0.317545622587204 0.6354170441627502 -0.33558401465415955
-0.31631746888160706 0.6412854790687561 -0.32916927337646484
-0.31374451518058777 0.6529372930526733 -0.31639978289604187
-0.311632364988327 0.6617070436477661 -0.30677998065948486
-0.30818548798561096 0.6756757497787476 -0.29131507873535156
-0.30447712540626526 0.6897028684616089 -0.275668203830719
-0.3006875813007355 0.7034822702407837 -0.2601050138473511
-0.2948968708515167 0.7235844135284424 -0.23705701529979706
-0.3006872832775116 0.7034945487976074 -0.26010000705718994
-0.30447694659233093 0.6897141933441162 -0.2756636440753937
-0.30818477272987366 0.6756849884986877 -0.29131171107292175
-0.3116312325000763 0.6617149710655212 -0.3067774176597595
-0.3137432038784027 0.6529422998428345 -0.31639963388442993
-0.3163159191608429 0.6412887573242188 -0.32917001843452454
-0.3175443708896637 0.6354172229766846 -0.33558714389801025
-0.3208165466785431 0.6188892126083374 -0.3535652756690979
-0.322128564119339 0.6115090847015381 -0.3615891933441162
-0.32278862595558167 0.6076241135597229 -0.36580759286880493
-0.3218977153301239 0.6126581430435181 -0.3603496551513672
-0.32284995913505554 0.6074028611183167 -0.3660314083099365
-0.32243165373802185 0.6097387671470642 -0.36350104212760925
-0.3216405212879181 0.6141476035118103 -0.3587145209312439
-0.32091614603996277 0.6180481314659119 -0.3544865548610687
-0.3212098777294159 0.6163562536239624 -0.3563307225704193
-0.32262590527534485 0.6086333394050598 -0.36468952894210815
-0.32246145606040955 0.6095441579818726 -0.3637004494667053
-0.32267507910728455 0.6082160472869873 -0.3651474118232727
-0.3218998610973358 0.6125630736351013 -0.36043107509613037
-0.3207857310771942 0.6186349987983704 -0.3538443148136139
-0.3210153877735138 0.6173268556594849 -0.3552703261375427
-0.32064303755760193 0.619331955909729 -0.3530883491039276
-0.32086673378944397 0.6180707216262817 -0.35446232557296753
-0.32249870896339417 0.6095221042633057 -0.3636915981769562
-0.3226630985736847 0.6085065603256226 -0.36479753255844116
-0.32232555747032166 0.6103980541229248 -0.36274996399879456
-0.32205405831336975 0.6118612289428711 -0.3611644506454468
-0.3222251832485199 0.6108202934265137 -0.36229968070983887
-0.32119986414909363 0.6164829134941101 -0.3561563491821289
-0.32137373089790344 0.6154613494873047 -0.3572711646556854
-0.32070305943489075 0.6191293001174927 -0.35327816009521484
-0.31907907128334045 0.62755286693573 -0.3441086709499359
-0.31926867365837097 0.626547634601593 -0.34520670771598816
-0.3194541037082672 0.6255637407302856 -0.34627974033355713
-0.3196351230144501 0.6246017813682556 -0.3473287522792816
-0.3198108375072479 0.623660147190094 -0.3483554720878601
-0.31998077034950256 0.6227388978004456 -0.3493592441082001
-0.31913092732429504 0.6271035671234131 -0.3446120321750641
-0.3193260133266449 0.626086950302124 -0.34571975469589233
-0.3245944678783417 0.5969857573509216 -0.37724247574806213
-0.3242371380329132 0.5991785526275635 -0.37486177682876587
-0.32432451844215393 0.598602294921875 -0.37548762559890747
-0.32440754771232605 0.5980367660522461 -0.37610360980033875
-0.32448723912239075 0.5974828004837036 -0.3767075538635254
-0.32456400990486145 0.5969404578208923 -0.37729912996292114
-0.32463791966438293 0.5964087247848511 -0.37787941098213196
-0.3235394060611725 0.6031754016876221 -0.3705385625362396
-0.3245660364627838 0.5970239043235779 -0.37720987200737
-0.32957735657691956 0.5601020455360413 -0.4172055721282959
-0.3245667517185211 0.5970261096954346 -0.3772064745426178
-0.3235418498516083 0.603184163570404 -0.37052810192108154
-0.32463863492012024 0.596410870552063 -0.3778762221336365
-0.32456347346305847 0.5969412326812744 -0.37729761004447937
-0.32448747754096985 0.5974845290184021 -0.37670469284057617
-0.3244076669216156 0.5980382561683655 -0.37610089778900146
-0.324325829744339 0.5986048579216003 -0.3754836916923523
-0.32423922419548035 0.5991817712783813 -0.37485653162002563
-0.3245972692966461 0.5969871282577515 -0.3772384226322174
-0.31932780146598816 0.6260866522789001 -0.34571561217308044
-0.3191339671611786 0.6271045804023743 -0.3446064591407776
-0.3199840486049652 0.6227419972419739 -0.3493518531322479
-0.319814532995224 0.6236633658409119 -0.3483469486236572
-0.3196391761302948 0.6246051788330078 -0.3473203182220459
-0.3194582760334015 0.6255673170089722 -0.3462710976600647
-0.3192726671695709 0.62655109167099 -0.34519830346107483
-0.3190818727016449 0.6275556087493896 -0.34410202503204346
-0.3207043707370758 0.6191338300704956 -0.35327136516571045
-0.3213745057582855 0.615466296672821 -0.35726505517959595
-0.32119980454444885 0.6164873242378235 -0.3561510741710663
-0.3222247064113617 0.6108205318450928 -0.36229830980300903
-0.3220536410808563 0.6118621230125427 -0.3611631393432617
-0.3223249018192291 0.6103967428207397 -0.3627500534057617
-0.3226625621318817 0.6085071563720703 -0.36479616165161133
-0.3224986493587494 0.6095227003097534 -0.363689661026001
-0.32086679339408875 0.618073046207428 -0.3544584810733795
-0.32064321637153625 0.6193342804908752 -0.3530842065811157
-0.3210161626338959 0.6173302531242371 -0.3552650809288025
-0.3207867443561554 0.6186386346817017 -0.3538387417793274
-0.321900874376297 0.612565279006958 -0.3604266047477722
-0.3226764500141144 0.6082188487052917 -0.36514246463775635
-0.3224628269672394 0.6095472574234009 -0.36369553208351135
-0.32262763381004333 0.6086370944976807 -0.36468368768692017
-0.3212110698223114 0.6163614392280579 -0.35632380843162537
-0.32091739773750305 0.618053138256073 -0.3544798791408539
-0.3216414153575897 0.6141509413719177 -0.3587093949317932
-0.32243266701698303 0.6097429394721985 -0.3634951710700989
-0.3228508532047272 0.6074085235595703 -0.3660244047641754
-0.32189878821372986 0.6126648783683777 -0.3603416383266449
-0.3227897584438324 0.6076297760009766 -0.36580079793930054
-0.3221301734447479 0.6115137338638306 -0.3615829050540924
-0.3208182752132416 0.6188917756080627 -0.35356035828590393
-0.317545622587204 0.6354170441627502 -0.33558401465415955
-0.31631746888160706 0.6412854790687561 -0.32916927337646484
-0.31374451518058777 0.6529372930526733 -0.31639978289604187
-0.311632364988327 0.6617070436477661 -0.30677998065948486
-0.30818548798561096 0.6756757497787476 -0.29131507873535156
-0.30447712540626526 0.6897028684616089 -0.275668203830719
-0.3006875813007355 0.7034822702407837 -0.2601050138473511
-0.2948968708515167 0.7235844135284424 -0.23705701529979706

VECTORS ftot float
-5.878527439165552 -9.92505696395739 5.65662829453932
-7.8785688663980835 -11.925089479957972 7.755556716840074
-8.931034470152781 -12.977565830260593 9.479175099787124
-9.630695472255127 -13.677246649593899 11.037548382236828
-10.150076758119578 -14.196648870760374 12.499464135057057
-10.522122133056452 -14.568710419150216 13.898088267385514
-10.833172553569199 -14.87982011611363 15.240851218132986
-11.072686583389174 -15.119334497244209 16.54168509131667
-11.247934188423077 -15.294595516638307 17.80497591224951
-11.382929011052356 -15.429581631451027 19.030770536753153
-11.471437202572288 -15.51806969560554 20.221822332374114
-11.533234380920344 -15.579870744393524 21.37745052154706
-11.515968268467027 -15.562599128416368 22.502554112685242
-11.434055767000116 -15.480682584954447 23.58895436432997
-11.344847521275724 -15.391463739299528 24.626454462896135
-11.211520035079293 -15.258131142634051 25.618202908848232
-11.076226388779219 -15.122850306807607 26.55789371547409
-10.917791225974515 -14.96440977155178 27.448374089056824
-10.758553058661118 -14.805165700618614 28.287538277758642
-10.530524130256175 -14.577134912247272 29.080852361778142
-10.31124179912445 -14.35783707276161 29.814076901731994
-10.104085973518643 -14.150678597193025 30.487662312804492
-9.899862990277931 -13.94645423302624 31.104592596323826
-9.726897599139889 -13.773499740541562 31.665048846721966
-9.508783090910967 -13.555387710775301 32.18019418794465
-9.311140935393034 -13.357845505448577 32.63974653745782
-9.116896462326043 -13.163596715309412 33.048232692254224
-8.947894306064805 -12.994589628928859 33.406043797223845
-8.774547946419888 -12.821238614456794 33.721761314697865
-8.554998319993718 -12.60167292632932 34.000109575151946
-8.36287908563255 -12.409548701476655 34.22981862634076
-8.116781590217403 -12.163446016004116 34.4226159664377
-7.855343545616793 -11.90201695198668 34.567286855990865
-7.609735351501533 -11.656408370898106 34.658082452513895
-7.3580145422405625 -11.404687330206656 34.70041430503133
-7.095823604856933 -11.142495767370505 34.69547064314874
-6.818662106085131 -10.865386586300867 34.64302678681267
-6.559463258280284 -10.606183518706777 34.5392423775324
-6.266309532798282 -10.313025942894901 34.39488945706644
-5.952030204165663 -9.998752389405029 34.204922006921066
-5.613549475731943 -9.660276546732039 33.96644261524249
-5.2761894394532 -9.322912866857425 33.673080243958665
-4.951717988610737 -8.998438967796153 33.32752078529775
-4.558155499377411 -8.604873898303197 32.948011390694944
-4.109379184272656 -8.15609475322563 32.52514560323411
-3.5607632383306003 -7.607476120574588 32.059919607014095
-2.813465293240016 -6.86017338048519 31.555606511582155
-1.5780802620099665 -5.624785324801132 31.023781566600377
1.3646396442680633 -2.682085149229974 30.498515994149724
16.776873393565523 12.73005856393178 30.00649712640458
16.67079759593976 -12.623986768917097 26.577106545368522
1.302112845137605 2.7446012975164114 26.99701191599413
-1.5859714274680368 5.632665813791677 27.46363373946304
-2.8257837940136303 6.872481761546824 27.92688817769464
-3.575072179801711 7.621774774517884 28.36344455720383
-4.127932443559352 8.1746378805344 28.762762353948347
-4.605201265061798 8.651909738754625 29.116842305664917
-4.949535624700759 8.996246715487755 29.450032309839415
-5.319996683281585 9.366710754487249 29.73501749542294
-5.64154869011906 9.688266036501254 29.98304638204417
-5.9705532188533725 10.017266172755722 30.18496043843363
-6.276456421935144 10.323163669262582 30.34573768823618
-6.562872028497119 10.609583602064593 30.467208427452302
-6.831831316547433 10.87854715901615 30.550690746953112
-7.08380640100653 11.130463516026822 30.59761402314341
-7.3037564494312806 11.350414408925642 30.61162357353571
-7.549968658130946 11.596627299369825 30.581717924477474
-7.7853169520599455 11.831976193154707 30.510830454496098
-8.01246624322059 12.059122169424393 30.398623567921305
-8.27003428295627 12.316695306105368 30.237704386417242
-8.470418873267384 12.517085136619478 30.04202732687939
-8.697305254661973 12.743985183858506 29.801944005187863
-8.877668526546497 12.924353436032582 29.527704687840835
-9.053590901750002 13.100281004390245 29.21525510688501
-9.25473102488876 13.301425275742796 28.857079896178277
-9.459976122087808 13.506573631136312 28.452760624050125
-9.6957847230379 13.742383293690137 27.996572897655533
-9.867813016850748 13.914396623775064 27.50221778720857
-10.068395159210102 14.114980302603731 26.95927116440607
-10.272408762803115 14.31899681305809 26.36706666704972
-10.488159339561735 14.534761153220366 25.72291155651707
-10.711612546232288 14.75821886543574 25.02645415433832
-10.870019787576862 14.916632573292699 24.2893972856119
-11.033494269208177 15.080112445793464 23.50637372037523
-11.152279827333798 15.198884437140638 22.683288436288066
-11.285422298427681 15.332032111824377 21.813393022497664
-11.379470841213228 15.426092193036505 20.902308948122638
-11.452586737037434 15.499213875806054 19.95021360080529
-11.456007398874538 15.502642079831645 18.966030458359338
-11.400381085246115 15.447010664603258 17.95302064429194
-11.308924521239012 15.355571293787571 16.90932825143349
-11.183387527814222 15.230041514001226 15.833075389674878
-11.011883215720726 15.058520491083534 14.723675107910895
-10.768910147775449 14.815545290052723 13.582266328748036
-10.459734109197464 14.506311825298424 12.403882043048414
-10.076201308909898 14.122760225427685 11.179043894746615
-9.55931974616015 13.605857984252603 9.897780795119978
-8.869400462770379 12.915917682066715 8.530062404413911
-7.819854770503819 11.866361180817794 7.017895996053984
-5.825780918791105 9.872293813774935 5.17744469047177
-5.878527439165552 -9.92505696395739 5.65662829453932
-7.8785688663980835 -11.925089479957972 7.755556716840074
-8.931034470152781 -12.977565830260593 9.479175099787124
-9.630695472255127 -13.677246649593899 11.037548382236828
-10.150076758119578 -14.196648870760374 12.499464135057057
-10.522122133056452 -14.568710419150216 13.898088267385514
-10.833172553569199 -14.87982011611363 15.240851218132986
-11.072686583389174 -15.119334497244209 16.54168509131667
-11.247934188423077 -15.294595516638307 17.80497591224951
-11.382929011052356 -15.429581631451027 19.030770536753153
-11.471437202572288 -15.51806969560554 20.221822332374114
-11.533234380920344 -15.579870744393524 21.37745052154706
-11.515968268467027 -15.562599128416368 22.502554112685242
-11.434055767000116 -15.480682584954447 23.58895436432997
-11.344847521275724 -15.391463739299528 24.626454462896135
-11.211520035079293 -15.258131142634051 25.618202908848232
-11.076226388779219 -15.122850306807607 26.55789371547409
-10.917791225974515 -14.96440977155178 27.448374089056824
-10.758553058661118 -14.805165700618614 28.287538277758642
-10.530524130256175 -14.577134912247272 29.080852361778142
-10.31124179912445 -14.35783707276161 29.814076901731994
-10.104085973518643 -14.150678597193025 30.487662312804492
-9.899862990277931 -13.94645423302624 31.104592596323826
-9.726897599139889 -13.773499740541562 31.665048846721966
-9.508783090910967 -13.555387710775301 32.18019418794465
-9.311140935393034 -13.357845505448577 32.63974653745782
-9.116896462326043 -13.163596715309412 33.048232692254224
-8.947894306064805 -12.994589628928859 33.406043797223845
-8.774547946419888 -12.821238614456794 33.721761314697865
-8.554998319993718 -12.60167292632932 34.000109575151946
-8.36287908563255 -12.409548701476655 34.22981862634076
-8.116781590217403 -12.163446016004116 34.4226159664377
-7.855343545616793 -11.90201695198668 34.567286855990865
-7.609735351501533 -11.656408370898106 34.658082452513895
-7.3580145422405625 -11.404687330206656 34.70041430503133
-7.095823604856933 -11.142495767370505 34.69547064314874
-6.818662106085131 -10.865386586300867 34.64302678681267
-6.559463258280284 -10.606183518706777 34.5392423775324
-6.266309532798282 -10.313025942894901 34.39488945706644
-5.952030204165663 -9.998752389405029 34.204922006921066
-5.613549475731943 -9.660276546732039 33.96644261524249
-5.2761894394532 -9.322912866857425 33.673080243958665
-4.951717988610737 -8.998438967796153 33.32752078529775
-4.558155499377411 -8.604873898303197 32.948011390694944
-4.109379184272656 -8.15609475322563 32.52514560323411
-3.5607632383306003 -7.607476120574588 32.059919607014095
-2.813465293240016 -6.86017338048519 31.555606511582155
-1.5780802620099665 -5.624785324801132 31.023781566600377
1.3646396442680633 -2.682085149229974 30.498515994149724
16.776873393565523 12.73005856393178 30.00649712640458
16.67079759593976 -12.623986768917097 26.577106545368522
1.302112845137605 2.7446012975164114 26.99701191599413
-1.5859714274680368 5.632665813791677 27.46363373946304
-2.8257837940136303 6.872481761546824 27.92688817769464
-3.575072179801711 7.621774774517884 28.36344455720383
-4.127932443559352 8.1746378805344 28.762762353948347
-4.605201265061798 8.651909738754625 29.116842305664917
-4.949535624700759 8.996246715487755 29.450032309839415
-5.319996683281585 9.366710754487249 29.73501749542294
-5.64154869011906 9.688266036501254 29.98304638204417
-5.9705532188533725 10.017266172755722 30.18496043843363
-6.276456421935144 10.323163669262582 30.34573768823618
-6.562872028497119 10.609583602064593 30.467208427452302
-6.831831316547433 10.87854715901615 30.550690746953112
-7.08380640100653 11.130463516026822 30.59761402314341
-7.3037564494312806 11.350414408925642 30.61162357353571
-7.549968658130946 11.596627299369825 30.581717924477474
-7.7853169520599455 11.831976193154707 30.510830454496098
-8.01246624322059 12.059122169424393 30.398623567921305
-8.27003428295627 12.316695306105368 30.237704386417242
-8.470418873267384 12.517085136619478 30.04202732687939
-8.697305254661973 12.743985183858506 29.801944005187863
-8.877668526546497 12.924353436032582 29.527704687840835
-9.053590901750002 13.100281004390245 29.21525510688501
-9.25473102488876 13.301425275742796 28.857079896178277
-9.459976122087808 13.506573631136312 28.452760624050125
-9.6957847230379 13.742383293690137 27.996572897655533
-9.867813016850748 13.914396623775064 27.50221778720857
-10.068395159210102 14.114980302603731 26.95927116440607
-10.272408762803115 14.31899681305809 26.36706666704972
-10.488159339561735 14.534761153220366 25.72291155651707
-10.711612546232288 14.75821886543574 25.02645415433832
-10.870019787576862 14.916632573292699 24.2893972856119
-11.033494269208177 15.080112445793464 23.50637372037523
-11.152279827333798 15.198884437140638 22.683288436288066
-11.285422298427681 15.332032111824377 21.813393022497664
-11.379470841213228 15.426092193036505 20.902308948122638
-11.452586737037434 15.499213875806054 19.95021360080529
-11.456007398874538 15.502642079831645 18.966030458359338
-11.400381085246115 15.447010664603258 17.95302064429194
-11.308924521239012 15.355571293787571 16.90932825143349
-11.183387527814222 15.230041514001226 15.833075389674878
-11.011883215720726 15.058520491083534 14.723675107910895
-10.768910147775449 14.815545290052723 13.582266328748036
-10.459734109197464 14.506311825298424 12.403882043048414
-10.076201308909898 14.122760225427685 11.179043894746615
-9.55931974616015 13.605857984252603 9.897780795119978
-8.869400462770379 12.915917682066715 8.530062404413911
-7.819854770503819 11.866361180817794 7.017895996053984
-5.825780918791105 9.872293813774935 5.17744469047177

VECTORS D float
-0.012046631858229283 -0.0 -0.005617436690466296
-0.01875290285402637 -0.0 -0.008744622213469225
-0.022927045533729665 -0.0 -0.010691056911246501
-0.025851013931339338 -0.0 -0.01205452576725509
-0.02786564336474014 -0.0 -0.01299396290039435
-0.028818441184885725 -0.0 -0.013438259820601624
-0.029115644236352184 -0.0 -0.013576847879527473
-0.02854091113262332 -0.0 -0.013308845431863508
-0.02703572356118451 -0.0 -0.012606964940341867
-0.024740910933452986 -0.0 -0.011536876237999863
-0.02153056659731209 -0.0 -0.010039868088742836
-0.01756825089877239 -0.0 -0.008192209934486003
-0.012182355169528718 -0.0 -0.0056807255099153775
-0.005469670485620732 -0.0 -0.0025505492350293177
0.0018407581592115047 0.0 0.0008583596264516229
0.010251659204656285 0.0 0.004780427195926408
0.01914947982484274 0.0 0.00892954909200881
0.028833360245771173 0.0 0.013445216692944989
0.03893041672799963 0.0 0.01815355145543169
0.050570494089239366 0.0 0.023581408670494408
0.062388361347384735 0.0 0.02909217067602681
0.07425147944467542 0.0 0.03462403349439061
0.08627638847072962 0.0 0.04023134066185685
0.09785453214408767 0.0 0.04563031772396255
0.11050860725101762 0.0 0.051531009853192526
0.12282415392632012 0.0 0.05727384358225141
0.13511802950733734 0.0 0.06300657191408447
0.14685465273680098 0.0 0.06847944920686322
0.1587008757278227 0.0 0.07400343370778847
0.17166159337283307 0.0 0.08004711560084142
0.18388666876094953 0.0 0.08574776187584231
0.1974351727268862 0.0 0.09206553303170195
0.21126094101634021 0.0 0.09851259466495091
0.2244609095082542 0.0 0.10466784106013508
0.23761007945617063 0.0 0.11079939970523006
0.250810308220219 0.0 0.11695476746730372
0.2641622678627403 0.0 0.12318088849998787
0.2766449926874773 0.0 0.12900167868040424
0.2898616035917902 0.0 0.1351646855599402
0.3033822051097886 0.0 0.14146944559064498
0.3172600134032913 0.0 0.14794077387631221
0.3306010998611531 0.0 0.15416182465972114
0.3430101275159347 0.0 0.15994824928540297
0.3574037764295692 0.0 0.16666011800262512
0.3732745948623973 0.0 0.17406080217904035
0.39224721169906246 0.0 0.18290787870521777
0.4180109681922997 0.0 0.19492171566085487
0.4614912776147199 0.0 0.21519691692347842
0.5687305105051463 0.0 0.26520339247495167
1.143744151382794 0.0 0.5333366567597868
1.0803577929451302 0.0 0.5037791123977465
0.506870432889707 0.0 0.23635756454880966
0.40176580506268106 0.0 0.18734647168553648
0.3581457508274314 0.0 0.16700610634650317
0.3323889547829453 0.0 0.15499551510142293
0.3134221719457533 0.0 0.1461511590138775
0.29675855039621013 0.0 0.13838078467272888
0.28451172823130144 0.0 0.1326699977091696
0.2709816820119049 0.0 0.12636083354187388
0.2587588519056312 0.0 0.120661234258991
0.2459385122290073 0.0 0.11468301168763287
0.23355510093303342 0.0 0.10890853216623715
0.22152060235268697 0.0 0.10329675331616614
0.20979255782269238 0.0 0.09782787633664683
0.19837686415978673 0.0 0.09250465095848243
0.18772448775473954 0.0 0.08753736626325931
0.17613670324073322 0.0 0.08213389360332826
0.16469334689188267 0.0 0.07679776890286262
0.15334108263030075 0.0 0.07150412114028767
0.14108462266967695 0.0 0.06578883999877869
0.13024595121197535 0.0 0.06073468449382643
0.11872752925176203 0.0 0.05536355612391826
0.10834953125237592 0.0 0.05052421618048724
0.09810525545743834 0.0 0.04574723192505597
0.08733277678114922 0.0 0.04072394262099093
0.07654793044162456 0.0 0.03569488618084568
0.06523752332412733 0.0 0.030420756725105916
0.05540118887119591 0.0 0.025833998641530135
0.04518989987547196 0.0 0.02107239638319019
0.03513958312666426 0.0 0.016385856716337712
0.025144744042578673 0.0 0.011725186709401713
0.015340992711881737 0.0 0.007153622385250473
0.006992475920037432 0.0 0.003260645070977874
-0.001058439960869868 -0.0 -0.0004935586594508965
-0.008024521748256179 -0.0 -0.0037418959442431948
-0.014784687568766488 -0.0 -0.0068942130367448205
-0.020558711007921678 -0.0 -0.009586684384789348
-0.025602644552463374 -0.0 -0.011938709223834028
-0.029325997671821577 -0.0 -0.013674937297406061
-0.03193712276832454 -0.0 -0.014892524926306104
-0.033766925589796014 -0.0 -0.015745775994871876
-0.03488358974050956 -0.0 -0.016266485039936752
-0.03522715088750297 -0.0 -0.016426690233824294
-0.03465669233957753 -0.0 -0.016160681044266677
-0.03334209393581632 -0.0 -0.015547673741194491
-0.03135956246608605 -0.0 -0.014623204134325983
-0.02850372306111866 -0.0 -0.013291504349328872
-0.02486326272987726 -0.0 -0.011593929817661523
-0.020008038327723125 -0.0 -0.009329901496876026
-0.012681156264442077 -0.0 -0.0059133202803695745
-0.012046631858229283 -0.0 -0.005617436690466296
-0.01875290285402637 -0.0 -0.008744622213469225
-0.022927045533729665 -0.0 -0.010691056911246501
-0.025851013931339338 -0.0 -0.01205452576725509
-0.02786564336474014 -0.0 -0.01299396290039435
-0.028818441184885725 -0.0 -0.013438259820601624
-0.029115644236352184 -0.0 -0.013576847879527473
-0.02854091113262332 -0.0 -0.013308845431863508
-0.02703572356118451 -0.0 -0.012606964940341867
-0.024740910933452986 -0.0 -0.011536876237999863
-0.02153056659731209 -0.0 -0.010039868088742836
-0.01756825089877239 -0.0 -0.008192209934486003
-0.012182355169528718 -0.0 -0.0056807255099153775
-0.005469670485620732 -0.0 -0.0025505492350293177
0.0018407581592115047 0.0 0.0008583596264516229
0.010251659204656285 0.0 0.004780427195926408
0.01914947982484274 0.0 0.00892954909200881
0.028833360245771173 0.0 0.013445216692944989
0.03893041672799963 0.0 0.01815355145543169
0.050570494089239366 0.0 0.023581408670494408
0.062388361347384735 0.0 0.02909217067602681
0.07425147944467542 0.0 0.03462403349439061
0.08627638847072962 0.0 0.04023134066185685
0.09785453214408767 0.0 0.04563031772396255
0.11050860725101762 0.0 0.051531009853192526
0.12282415392632012 0.0 0.05727384358225141
0.13511802950733734 0.0 0.06300657191408447
0.14685465273680098 0.0 0.06847944920686322
0.1587008757278227 0.0 0.07400343370778847
0.17166159337283307 0.0 0.08004711560084142
0.18388666876094953 0.0 0.08574776187584231
0.1974351727268862 0.0 0.09206553303170195
0.21126094101634021 0.0 0.09851259466495091
0.2244609095082542 0.0 0.10466784106013508
0.23761007945617063 0.0 0.11079939970523006
0.250810308220219 0.0 0.11695476746730372
0.2641622678627403 0.0 0.12318088849998787
0.2766449926874773 0.0 0.12900167868040424
0.2898616035917902 0.0 0.1351646855599402
0.3033822051097886 0.0 0.14146944559064498
0.3172600134032913 0.0 0.14794077387631221
0.3306010998611531 0.0 0.15416182465972114
0.3430101275159347 0.0 0.15994824928540297
0.3574037764295692 0.0 0.16666011800262512
0.3732745948623973 0.0 0.17406080217904035
0.39224721169906246 0.0 0.18290787870521777
0.4180109681922997 0.0 0.19492171566085487
0.4614912776147199 0.0 0.21519691692347842
0.5687305105051463 0.0 0.26520339247495167
1.143744151382794 0.0 0.5333366567597868
1.0803577929451302 0.0 0.5037791123977465
0.506870432889707 0.0 0.23635756454880966
0.40176580506268106 0.0 0.18734647168553648
0.3581457508274314 0.0 0.16700610634650317
0.3323889547829453 0.0 0.15499551510142293
0.3134221719457533 0.0 0.1461511590138775
0.29675855039621013 0.0 0.13838078467272888
0.28451172823130144 0.0 0.1326699977091696
0.2709816820119049 0.0 0.12636083354187388
0.2587588519056312 0.0 0.120661234258991
0.2459385122290073 0.0 0.11468301168763287
0.23355510093303342 0.0 0.10890853216623715
0.22152060235268697 0.0 0.10329675331616614
0.20979255782269238 0.0 0.09782787633664683
0.19837686415978673 0.0 0.09250465095848243
0.18772448775473954 0.0 0.08753736626325931
0.17613670324073322 0.0 0.08213389360332826
0.16469334689188267 0.0 0.07679776890286262
0.15334108263030075 0.0 0.07150412114028767
0.14108462266967695 0.0 0.06578883999877869
0.13024595121197535 0.0 0.06073468449382643
0.11872752925176203 0.0 0.05536355612391826
0.10834953125237592 0.0 0.05052421618048724
0.09810525545743834 0.0 0.04574723192505597
0.08733277678114922 0.0 0.04072394262099093
0.07654793044162456 0.0 0.03569488618084568
0.06523752332412733 0.0 0.030420756725105916
0.05540118887119591 0.0 0.025833998641530135
0.04518989987547196 0.0 0.02107239638319019
0.03513958312666426 0.0 0.016385856716337712
0.025144744042578673 0.0 0.011725186709401713
0.015340992711881737 0.0 0.007153622385250473
0.006992475920037432 0.0 0.003260645070977874
-0.001058439960869868 -0.0 -0.0004935586594508965
-0.008024521748256179 -0.0 -0.0037418959442431948
-0.014784687568766488 -0.0 -0.0068942130367448205
-0.020558711007921678 -0.0 -0.009586684384789348
-0.025602644552463374 -0.0 -0.011938709223834028
-0.029325997671821577 -0.0 -0.013674937297406061
-0.03193712276832454 -0.0 -0.014892524926306104
-0.033766925589796014 -0.0 -0.015745775994871876
-0.03488358974050956 -0.0 -0.016266485039936752
-0.03522715088750297 -0.0 -0.016426690233824294
-0.03465669233957753 -0.0 -0.016160681044266677
-0.03334209393581632 -0.0 -0.015547673741194491
-0.03135956246608605 -0.0 -0.014623204134325983
-0.02850372306111866 -0.0 -0.013291504349328872
-0.02486326272987726 -0.0 -0.011593929817661523
-0.020008038327723125 -0.0 -0.009329901496876026
-0.012681156264442077 -0.0 -0.0059133202803695745

VECTORS funs-vector float
0.0 0.0 0.04308551915815139
0.0 0.0 0.0663172025319047
0.0 0.0 0.08523059814998184
0.0 0.0 0.10261968985688602
0.0 0.0 0.11907613051138363
0.0 0.0 0.1310574951803406
0.0 0.0 0.14384743114154802
0.0 0.0 0.15712521070771635
0.0 0.0 0.1702897624846504
0.0 0.0 0.18247656776433183
0.0 0.0 0.19433554879261372
0.0 0.0 0.20632041773255802
0.0 0.0 0.21714223405067723
0.0 0.0 0.22710343894279245
0.0 0.0 0.237704959810118
0.0 0.0 0.2464497185557017
0.0 0.0 0.2533648213724912
0.0 0.0 0.261247601585815
0.0 0.0 0.2681483562045365
0.0 0.0 0.2738804889284152
0.0 0.0 0.2799419040682724
0.0 0.0 0.2857306465498453
0.0 0.0 0.29111643053133407
0.0 0.0 0.2980017510779231
0.0 0.0 0.30416047777794963
0.0 0.0 0.3080728973251823
0.0 0.0 0.3106000065859441
0.0 0.0 0.31203995011476016
0.0 0.0 0.30990834336367434
0.0 0.0 0.31075906849338386
0.0 0.0 0.3098279917780186
0.0 0.0 0.3080494699517913
0.0 0.0 0.30481218386954373
0.0 0.0 0.2998271576667265
0.0 0.0 0.2930554692618321
0.0 0.0 0.28426127407026974
0.0 0.0 0.27309370773988856
0.0 0.0 0.2591566723159853
0.0 0.0 0.23842065612181462
0.0 0.0 0.21506039042502845
0.0 0.0 0.19200316533265754
0.0 0.0 0.17827344826590455
0.0 0.0 0.1698808103228877
0.0 0.0 0.1629096575791797
0.0 0.0 0.1597330708990758
0.0 0.0 0.15233156876296183
0.0 0.0 0.14558579558971346
0.0 0.0 0.13848756124166461
0.0 0.0 0.12829758571308633
0.0 0.0 0.1223206207424607
0.0 0.0 0.13122845071232872
0.0 0.0 0.14230475128150294
0.0 0.0 0.1517249811795758
0.0 0.0 0.16122358714727242
0.0 0.0 0.17133727859918746
0.0 0.0 0.1832635819465138
0.0 0.0 0.1940288495617531
0.0 0.0 0.2041511047177975
0.0 0.0 0.21819398389426364
0.0 0.0 0.23602069378900653
0.0 0.0 0.26333619512911943
0.0 0.0 0.29039539767796574
0.0 0.0 0.3142309697700609
0.0 0.0 0.3313417719852781
0.0 0.0 0.34247180031666163
0.0 0.0 0.347816770862145
0.0 0.0 0.35161191508364403
0.0 0.0 0.3525981388667837
0.0 0.0 0.3486336609020508
0.0 0.0 0.34635038130222223
0.0 0.0 0.3443058422289942
0.0 0.0 0.3412260223942526
0.0 0.0 0.34172890894825647
0.0 0.0 0.33920574318386165
0.0 0.0 0.3361160987734904
0.0 0.0 0.3322254244303417
0.0 0.0 0.3271603823995226
0.0 0.0 0.32142929890502114
0.0 0.0 0.31638659177635464
0.0 0.0 0.31060195042581995
0.0 0.0 0.30425095088380133
0.0 0.0 0.2979518048892672
0.0 0.0 0.29057306326894866
0.0 0.0 0.2824204064197855
0.0 0.0 0.27425179069102656
0.0 0.0 0.26451481414832567
0.0 0.0 0.2533260440200184
0.0 0.0 0.2418013744779903
0.0 0.0 0.22847191602365194
0.0 0.0 0.21478076215673148
0.0 0.0 0.20103067735873487
0.0 0.0 0.18793781019002836
0.0 0.0 0.17391940959426938
0.0 0.0 0.1592217867032773
0.0 0.0 0.14509807741735747
0.0 0.0 0.1284604892357296
0.0 0.0 0.11166324045696287
0.0 0.0 0.09351782202103129
0.0 0.0 0.07322688904296405
0.0 0.0 0.047843410150422386
0.0 0.0 0.04308551915815139
0.0 0.0 0.0663172025319047
0.0 0.0 0.08523059814998184
0.0 0.0 0.10261968985688602
0.0 0.0 0.11907613051138363
0.0 0.0 0.1310574951803406
0.0 0.0 0.14384743114154802
0.0 0.0 0.15712521070771635
0.0 0.0 0.1702897624846504
0.0 0.0 0.18247656776433183
0.0 0.0 0.19433554879261372
0.0 0.0 0.20632041773255802
0.0 0.0 0.21714223405067723
0.0 0.0 0.22710343894279245
0.0 0.0 0.237704959810118
0.0 0.0 0.2464497185557017
0.0 0.0 0.2533648213724912
0.0 0.0 0.261247601585815
0.0 0.0 0.2681483562045365
0.0 0.0 0.2738804889284152
0.0 0.0 0.2799419040682724
0.0 0.0 0.2857306465498453
0.0 0.0 0.29111643053133407
0.0 0.0 0.2980017510779231
0.0 0.0 0.30416047777794963
0.0 0.0 0.3080728973251823
0.0 0.0 0.3106000065859441
0.0 0.0 0.31203995011476016
0.0 0.0 0.30990834336367434
0.0 0.0 0.31075906849338386
0.0 0.0 0.3098279917780186
0.0 0.0 0.3080494699517913
0.0 0.0 0.30481218386954373
0.0 0.0 0.2998271576667265
0.0 0.0 0.2930554692618321
0.0 0.0 0.28426127407026974
0.0 0.0 0.27309370773988856
0.0 0.0 0.2591566723159853
0.0 0.0 0.23842065612181462
0.0 0.0 0.21506039042502845
0.0 0.0 0.19200316533265754
0.0 0.0 0.17827344826590455
0.0 0.0 0.1698808103228877
0.0 0.0 0.1629096575791797
0.0 0.0 0.1597330708990758
0.0 0.0 0.15233156876296183
0.0 0.0 0.14558579558971346
0.0 0.0 0.13848756124166461
0.0 0.0 0.12829758571308633
0.0 0.0 0.1223206207424607
0.0 0.0 0.13122845071232872
0.0 0.0 0.14230475128150294
0.0 0.0 0.1517249811795758
0.0 0.0 0.16122358714727242
0.0 0.0 0.17133727859918746
0.0 0.0 0.1832635819465138
0.0 0.0 0.1940288495617531
0.0 0.0 0.2041511047177975
0.0 0.0 0.21819398389426364
0.0 0.0 0.23602069378900653
0.0 0.0 0.26333619512911943
0.0 0.0 0.29039539767796574
0.0 0.0 0.3142309697700609
0.0 0.0 0.3313417719852781
0.0 0.0 0.34247180031666163
0.0 0.0 0.347816770862145
0.0 0.0 0.35161191508364403
0.0 0.0 0.3525981388667837
0.0 0.0 0.3486336609020508
0.0 0.0 0.34635038130222223
0.0 0.0 0.3443058422289942
0.0 0.0 0.3412260223942526
0.0 0.0 0.34172890894825647
0.0 0.0 0.33920574318386165
0.0 0.0 0.3361160987734904
0.0 0.0 0.3322254244303417
0.0 0.0 0.3271603823995226
0.0 0.0 0.32142929890502114
0.0 0.0 0.31638659177635464
0.0 0.0 0.31060195042581995
0.0 0.0 0.30425095088380133
0.0 0.0 0.2979518048892672
0.0 0.0 0.29057306326894866
0.0 0.0 0.2824204064197855
0.0 0.0 0.27425179069102656
0.0 0.0 0.26451481414832567
0.0 0.0 0.2533260440200184
0.0 0.0 0.2418013744779903
0.0 0.0 0.22847191602365194
0.0 0.0 0.21478076215673148
0.0 0.0 0.20103067735873487
0.0 0.0 0.18793781019002836
0.0 0.0 0.17391940959426938
0.0 0.0 0.1592217867032773
0.0 0.0 0.14509807741735747
0.0 0.0 0.1284604892357296
0.0 0.0 0.11166324045696287
0.0 0.0 0.09351782202103129
0.0 0.0 0.07322688904296405
0.0 0.0 0.047843410150422386

VECTORS S float
-0.0 -0.044915394151435806 0.0
-0.0 -0.06387865556607324 0.0
-0.0 -0.08030344380526158 0.0
-0.0 -0.09600158386730051 0.0
-0.0 -0.11144764446539764 0.0
-0.0 -0.12647802975609854 0.0
-0.0 -0.1415471185049255 0.0
-0.0 -0.15639282519954423 0.0
-0.0 -0.17091866557144608 0.0
-0.0 -0.1852523090348287 0.0
-0.0 -0.19921343564595037 0.0
-0.0 -0.21295688852889247 0.0
-0.0 -0.22565653243816908 0.0
-0.0 -0.23733638390931247 0.0
-0.0 -0.2487620340721852 0.0
-0.0 -0.25928971681554597 0.0
-0.0 -0.26956101899196266 0.0
-0.0 -0.2791753623792669 0.0
-0.0 -0.2885106537100245 0.0
-0.0 -0.2961835820129268 0.0
-0.0 -0.30366212736807957 0.0
-0.0 -0.31104294206910593 0.0
-0.0 -0.3181463069663292 0.0
-0.0 -0.32564948640731683 0.0
-0.0 -0.33175994074997245 0.0
-0.0 -0.3380283348749105 0.0
-0.0 -0.34405441185553365 0.0
-0.0 -0.350438285982559 0.0
-0.0 -0.35642044290635555 0.0
-0.0 -0.36079127321805 0.0
-0.0 -0.3656055652331782 0.0
-0.0 -0.3684653068607655 0.0
-0.0 -0.37043890557357034 0.0
-0.0 -0.37248344900064 0.0
-0.0 -0.3739192839159173 0.0
-0.0 -0.374584660306294 0.0
-0.0 -0.37430027126389404 0.0
-0.0 -0.3741869416407931 0.0
-0.0 -0.3724165690018311 0.0
-0.0 -0.36937877101638655 0.0
-0.0 -0.3649043111261506 0.0
-0.0 -0.35991009990739226 0.0
-0.0 -0.3548633740367596 0.0
-0.0 -0.3464951233370774 0.0
-0.0 -0.3352033888366043 0.0
-0.0 -0.3189793566273087 0.0
-0.0 -0.29334737754674584 0.0
-0.0 -0.24519639324152018 0.0
-0.0 -0.11914717919942365 0.0
0.0 0.5760930139204761 -0.0
-0.0 -0.5712927830515392 0.0
0.0 0.12192435528008626 -0.0
0.0 0.24553992057027738 -0.0
0.0 0.2938736953387343 -0.0
0.0 0.31957889520793537 -0.0
0.0 0.33596548384672714 -0.0
0.0 0.3483891300977913 -0.0
0.0 0.3547769201469582 -0.0
0.0 0.3616009128901683 -0.0
0.0 0.3659615774925543 -0.0
0.0 0.3700627162002077 -0.0
0.0 0.3727826552787625 -0.0
0.0 0.37430689683398155 -0.0
0.0 0.3747536380997821 -0.0
0.0 0.37418016414345895 -0.0
0.0 0.37213986714859515 -0.0
0.0 0.3705731298869594 -0.0
0.0 0.3682589538769874 -0.0
0.0 0.36530504141523995 -0.0
0.0 0.3628699526081613 -0.0
0.0 0.35836948870367924 -0.0
0.0 0.35427285773320155 -0.0
0.0 0.34854415529006405 -0.0
0.0 0.34239954121853255 -0.0
0.0 0.3366005869425867 -0.0
0.0 0.3305652455841572 -0.0
0.0 0.3249137943082261 -0.0
0.0 0.31741500925989846 -0.0
0.0 0.31025826573718185 -0.0
0.0 0.3028406724491159 -0.0
0.0 0.2953226164111458 -0.0
0.0 0.2875957931551263 -0.0
0.0 0.27828403309591604 -0.0
0.0 0.2687992273236703 -0.0
0.0 0.25828290534263465 -0.0
0.0 0.2478014800411095 -0.0
0.0 0.2364994514198729 -0.0
0.0 0.22473745097923442 -0.0
0.0 0.2119012715484882 -0.0
0.0 0.1983012143467 -0.0
0.0 0.18436371812730157 -0.0
0.0 0.17019726800483018 -0.0
0.0 0.1557637714381599 -0.0
0.0 0.14093569199907183 -0.0
0.0 0.12593631734759336 -0.0
0.0 0.1108675980368332 -0.0
0.0 0.09550050165985935 -0.0
0.0 0.07992197329923809 -0.0
0.0 0.0635640680068746 -0.0
0.0 0.044676616913610114 -0.0
-0.0 -0.044915394151435806 0.0
-0.0 -0.06387865556607324 0.0
-0.0 -0.08030344380526158 0.0
-0.0 -0.09600158386730051 0.0
-0.0 -0.11144764446539764 0.0
-0.0 -0.12647802975609854 0.0
-0.0 -0.1415471185049255 0.0
-0.0 -0.15639282519954423 0.0
-0.0 -0.17091866557144608 0.0
-0.0 -0.1852523090348287 0.0
-0.0 -0.19921343564595037 0.0
-0.0 -0.21295688852889247 0.0
-0.0 -0.22565653243816908 0.0
-0.0 -0.23733638390931247 0.0
-0.0 -0.2487620340721852 0.0
-0.0 -0.25928971681554597 0.0
-0.0 -0.26956101899196266 0.0
-0.0 -0.2791753623792669 0.0
-0.0 -0.2885106537100245 0.0
-0.0 -0.2961835820129268 0.0
-0.0 -0.30366212736807957 0.0
-0.0 -0.31104294206910593 0.0
-0.0 -0.3181463069663292 0.0
-0.0 -0.32564948640731683 0.0
-0.0 -0.33175994074997245 0.0
-0.0 -0.3380283348749105 0.0
-0.0 -0.34405441185553365 0.0
-0.0 -0.350438285982559 0.0
-0.0 -0.35642044290635555 0.0
-0.0 -0.36079127321805 0.0
-0.0 -0.3656055652331782 0.0
-0.0 -0.3684653068607655 0.0
-0.0 -0.37043890557357034 0.0
-0.0 -0.37248344900064 0.0
-0.0 -0.3739192839159173 0.0
-0.0 -0.374584660306294 0.0
-0.0 -0.37430027126389404 0.0
-0.0 -0.3741869416407931 0.0
-0.0 -0.3724165690018311 0.0
-0.0 -0.36937877101638655 0.0
-0.0 -0.3649043111261506 0.0
-0.0 -0.35991009990739226 0.0
-0.0 -0.3548633740367596 0.0
-0.0 -0.3464951233370774 0.0
-0.0 -0.3352033888366043 0.0
-0.0 -0.3189793566273087 0.0
-0.0 -0.29334737754674584 0.0
-0.0 -0.24519639324152018 0.0
-0.0 -0.11914717919942365 0.0
0.0 0.5760930139204761 -0.0
-0.0 -0.5712927830515392 0.0
0.0 0.12192435528008626 -0.0
0.0 0.24553992057027738 -0.0
0.0 0.2938736953387343 -0.0
0.0 0.31957889520793537 -0.0
0.0 0.33596548384672714 -0.0
0.0 0.3483891300977913 -0.0
0.0 0.3547769201469582 -0.0
0.0 0.3616009128901683 -0.0
0.0 0.3659615774925543 -0.0
0.0 0.3700627162002077 -0.0
0.0 0.3727826552787625 -0.0
0.0 0.37430689683398155 -0.0
0.0 0.3747536380997821 -0.0
0.0 0.37418016414345895 -0.0
0.0 0.37213986714859515 -0.0
0.0 0.3705731298869594 -0.0
0.0 0.3682589538769874 -0.0
0.0 0.36530504141523995 -0.0
0.0 0.3628699526081613 -0.0
0.0 0.35836948870367924 -0.0
0.0 0.35427285773320155 -0.0
0.0 0.34854415529006405 -0.0
0.0 0.34239954121853255 -0.0
0.0 0.3366005869425867 -0.0
0.0 0.3305652455841572 -0.0
0.0 0.3249137943082261 -0.0
0.0 0.31741500925989846 -0.0
0.0 0.31025826573718185 -0.0
0.0 0.3028406724491159 -0.0
0.0 0.2953226164111458 -0.0
0.0 0.2875957931551263 -0.0
0.0 0.27828403309591604 -0.0
0.0 0.2687992273236703 -0.0
0.0 0.25828290534263465 -0.0
0.0 0.2478014800411095 -0.0
0.0 0.2364994514198729 -0.0
0.0 0.22473745097923442 -0.0
0.0 0.2119012715484882 -0.0
0.0 0.1983012143467 -0.0
0.0 0.18436371812730157 -0.0
0.0 0.17019726800483018 -0.0
0.0 0.1557637714381599 -0.0
0.0 0.14093569199907183 -0.0
0.0 0.12593631734759336 -0.0
0.0 0.1108675980368332 -0.0
0.0 0.09550050165985935 -0.0
0.0 0.07992197329923809 -0.0
0.0 0.0635640680068746 -0.0
0.0 0.044676616913610114 -0.0

VECTORS Vvpm_ApA float
-0.2948971688747406 0.723598301410675 -0.23705171048641205
-0.3006872832775116 0.7034945487976074 -0.26010000705718994
-0.30447694659233093 0.6897141933441162 -0.2756636440753937
-0.30818477272987366 0.6756849884986877 -0.29131171107292175
-0.3116312325000763 0.6617149710655212 -0.3067774176597595
-0.3137432038784027 0.6529422998428345 -0.31639963388442993
-0.3163159191608429 0.6412887573242188 -0.32917001843452454
-0.3175443708896637 0.6354172229766846 -0.33558714389801025
-0.3208165466785431 0.6188892126083374 -0.3535652756690979
-0.322128564119339 0.6115090847015381 -0.3615891933441162
-0.32278862595558167 0.6076241135597229 -0.36580759286880493
-0.3218977153301239 0.6126581430435181 -0.3603496551513672
-0.32284995913505554 0.6074028611183167 -0.3660314083099365
-0.32243165373802185 0.6097387671470642 -0.36350104212760925
-0.3216405212879181 0.6141476035118103 -0.3587145209312439
-0.32091614603996277 0.6180481314659119 -0.3544865548610687
-0.3212098777294159 0.6163562536239624 -0.3563307225704193
-0.32262590527534485 0.6086333394050598 -0.36468952894210815
-0.32246145606040955 0.6095441579818726 -0.3637004494667053
-0.32267507910728455 0.6082160472869873 -0.3651474118232727
-0.3218998610973358 0.6125630736351013 -0.36043107509613037
-0.3207857310771942 0.6186349987983704 -0.3538443148136139
-0.3210153877735138 0.6173268556594849 -0.3552703261375427
-0.32064303755760193 0.619331955909729 -0.3530883491039276
-0.32086673378944397 0.6180707216262817 -0.35446232557296753
-0.32249870896339417 0.6095221042633057 -0.3636915981769562
-0.3226630985736847 0.6085065603256226 -0.36479753255844116
-0.32232555747032166 0.6103980541229248 -0.36274996399879456
-0.32205405831336975 0.6118612289428711 -0.3611644506454468
-0.3222251832485199 0.6108202934265137 -0.36229968070983887
-0.32119986414909363 0.6164829134941101 -0.3561563491821289
-0.32137373089790344 0.6154613494873047 -0.3572711646556854
-0.32070305943489075 0.6191293001174927 -0.35327816009521484
-0.31907907128334045 0.62755286693573 -0.3441086709499359
-0.31926867365837097 0.626547634601593 -0.34520670771598816
-0.3194541037082672 0.6255637407302856 -0.34627974033355713
-0.3196351230144501 0.6246017813682556 -0.3473287522792816
-0.3198108375072479 0.623660147190094 -0.3483554720878601
-0.31998077034950256 0.6227388978004456 -0.3493592441082001
-0.31913092732429504 0.6271035671234131 -0.3446120321750641
-0.3193260133266449 0.626086950302124 -0.34571975469589233
-0.3245944678783417 0.5969857573509216 -0.37724247574806213
-0.3242371380329132 0.5991785526275635 -0.37486177682876587
-0.32432451844215393 0.598602294921875 -0.37548762559890747
-0.32440754771232605 0.5980367660522461 -0.37610360980033875
-0.32448723912239075 0.5974828004837036 -0.3767075538635254
-0.32456400990486145 0.5969404578208923 -0.37729912996292114
-0.32463791966438293 0.5964087247848511 -0.37787941098213196
-0.3235394060611725 0.6031754016876221 -0.3705385625362396
-0.3245660364627838 0.5970239043235779 -0.37720987200737
-0.32957735657691956 0.5601020455360413 -0.4172055721282959
-0.3245667517185211 0.5970261096954346 -0.3772064745426178
-0.3235418498516083 0.603184163570404 -0.37052810192108154
-0.32463863492012024 0.596410870552063 -0.3778762221336365
-0.32456347346305847 0.5969412326812744 -0.37729761004447937
-0.32448747754096985 0.5974845290184021 -0.37670469284057617
-0.3244076669216156 0.5980382561683655 -0.37610089778900146
-0.324325829744339 0.5986048579216003 -0.3754836916923523
-0.32423922419548035 0.5991817712783813 -0.37485653162002563
-0.3245972692966461 0.5969871282577515 -0.3772384226322174
-0.31932780146598816 0.6260866522789001 -0.34571561217308044
-0.3191339671611786 0.6271045804023743 -0.3446064591407776
-0.3199840486049652 0.6227419972419739 -0.3493518531322479
-0.319814532995224 0.6236633658409119 -0.3483469486236572
-0.3196391761302948 0.6246051788330078 -0.3473203182220459
-0.3194582760334015 0.6255673170089722 -0.3462710976600647
-0.3192726671695709 0.62655109167099 -0.34519830346107483
-0.3190818727016449 0.6275556087493896 -0.34410202503204346
-0.3207043707370758 0.6191338300704956 -0.35327136516571045
-0.3213745057582855 0.615466296672821 -0.35726505517959595
-0.32119980454444885 0.6164873242378235 -0.3561510741710663
-0.3222247064113617 0.6108205318450928 -0.36229830980300903
-0.3220536410808563 0.6118621230125427 -0.3611631393432617
-0.3223249018192291 0.6103967428207397 -0.3627500534057617
-0.3226625621318817 0.6085071563720703 -0.36479616165161133
-0.3224986493587494 0.6095227003097534 -0.363689661026001
-0.32086679339408875 0.618073046207428 -0.3544584810733795
-0.32064321637153625 0.6193342804908752 -0.3530842065811157
-0.3210161626338959 0.6173302531242371 -0.3552650809288025
-0.3207867443561554 0.6186386346817017 -0.3538387417793274
-0.321900874376297 0.612565279006958 -0.3604266047477722
-0.3226764500141144 0.6082188487052917 -0.36514246463775635
-0.3224628269672394 0.6095472574234009 -0.36369553208351135
-0.32262763381004333 0.6086370944976807 -0.36468368768692017
-0.3212110698223114 0.6163614392280579 -0.35632380843162537
-0.32091739773750305 0.618053138256073 -0.3544798791408539
-0.3216414153575897 0.614150881767273 -0.3587094247341156
-0.32243266701698303 0.6097429394721985 -0.3634951710700989
-0.3228508532047272 0.6074085235595703 -0.3660244047641754
-0.32189878821372986 0.6126648783683777 -0.3603416383266449
-0.3227897584438324 0.6076297760009766 -0.36580079793930054
-0.3221301734447479 0.6115137338638306 -0.3615829050540924
-0.3208182752132416 0.6188917756080627 -0.35356035828590393
-0.317545622587204 0.6354170441627502 -0.33558401465415955
-0.31631746888160706 0.6412854790687561 -0.32916927337646484
-0.31374451518058777 0.6529372930526733 -0.31639978289604187
-0.311632364988327 0.6617070436477661 -0.30677998065948486
-0.30818548798561096 0.6756757497787476 -0.29131507873535156
-0.30447712540626526 0.6897028684616089 -0.2756681740283966
-0.3006875813007355 0.7034822106361389 -0.2601050138473511
-0.2948971688747406 0.723598301410675 -0.23705171048641205
-0.3006872832775116 0.7034945487976074 -0.26010000705718994
-0.30447694659233093 0.6897141933441162 -0.2756636440753937
-0.30818477272987366 0.6756849884986877 -0.29131171107292175
-0.3116312325000763 0.6617149710655212 -0.3067774176597595
-0.3137432038784027 0.6529422998428345 -0.31639963388442993
-0.3163159191608429 0.6412887573242188 -0.32917001843452454
-0.3175443708896637 0.6354172229766846 -0.33558714389801025
-0.3208165466785431 0.6188892126083374 -0.3535652756690979
-0.322128564119339 0.6115090847015381 -0.3615891933441162
-0.32278862595558167 0.6076241135597229 -0.36580759286880493
-0.3218977153301239 0.6126581430435181 -0.3603496551513672
-0.32284995913505554 0.6074028611183167 -0.3660314083099365
-0.32243165373802185 0.6097387671470642 -0.36350104212760925
-0.3216405212879181 0.6141476035118103 -0.3587145209312439
-0.32091614603996277 0.6180481314659119 -0.3544865548610687
-0.3212098777294159 0.6163562536239624 -0.3563307225704193
-0.32262590527534485 0.6086333394050598 -0.36468952894210815
-0.32246145606040955 0.6095441579818726 -0.3637004494667053
-0.32267507910728455 0.6082160472869873 -0.3651474118232727
-0.3218998610973358 0.6125630736351013 -0.36043107509613037
-0.3207857310771942 0.6186349987983704 -0.3538443148136139
-0.3210153877735138 0.6173268556594849 -0.3552703261375427
-0.32064303755760193 0.619331955909729 -0.3530883491039276
-0.32086673378944397 0.6180707216262817 -0.35446232557296753
-0.32249870896339417 0.6095221042633057 -0.3636915981769562
-0.3226630985736847 0.6085065603256226 -0.36479753255844116
-0.32232555747032166 0.6103980541229248 -0.36274996399879456
-0.32205405831336975 0.6118612289428711 -0.3611644506454468
-0.3222251832485199 0.6108202934265137 -0.36229968070983887
-0.32119986414909363 0.6164829134941101 -0.3561563491821289
-0.32137373089790344 0.6154613494873047 -0.3572711646556854
-0.32070305943489075 0.6191293001174927 -0.35327816009521484
-0.31907907128334045 0.62755286693573 -0.3441086709499359
-0.31926867365837097 0.626547634601593 -0.34520670771598816
-0.3194541037082672 0.6255637407302856 -0.34627974033355713
-0.3196351230144501 0.6246017813682556 -0.3473287522792816
-0.3198108375072479 0.623660147190094 -0.3483554720878601
-0.31998077034950256 0.6227388978004456 -0.3493592441082001
-0.31913092732429504 0.6271035671234131 -0.3446120321750641
-0.3193260133266449 0.626086950302124 -0.34571975469589233
-0.3245944678783417 0.5969857573509216 -0.37724247574806213
-0.3242371380329132 0.5991785526275635 -0.37486177682876587
-0.32432451844215393 0.598602294921875 -0.37548762559890747
-0.32440754771232605 0.5980367660522461 -0.37610360980033875
-0.32448723912239075 0.5974828004837036 -0.3767075538635254
-0.32456400990486145 0.5969404578208923 -0.37729912996292114
-0.32463791966438293 0.5964087247848511 -0.37787941098213196
-0.3235394060611725 0.6031754016876221 -0.3705385625362396
-0.3245660364627838 0.5970239043235779 -0.37720987200737
-0.32957735657691956 0.5601020455360413 -0.4172055721282959
-0.3245667517185211 0.5970261096954346 -0.3772064745426178
-0.3235418498516083 0.603184163570404 -0.37052810192108154
-0.32463863492012024 0.596410870552063 -0.3778762221336365
-0.32456347346305847 0.5969412326812744 -0.37729761004447937
-0.32448747754096985 0.5974845290184021 -0.37670469284057617
-0.3244076669216156 0.5980382561683655 -0.37610089778900146
-0.324325829744339 0.5986048579216003 -0.3754836916923523
-0.32423922419548035 0.5991817712783813 -0.37485653162002563
-0.3245972692966461 0.5969871282577515 -0.3772384226322174
-0.31932780146598816 0.6260866522789001 -0.34571561217308044
-0.3191339671611786 0.6271045804023743 -0.3446064591407776
-0.3199840486049652 0.6227419972419739 -0.3493518531322479
-0.319814532995224 0.6236633658409119 -0.3483469486236572
-0.3196391761302948 0.6246051788330078 -0.3473203182220459
-0.3194582760334015 0.6255673170089722 -0.3462710976600647
-0.3192726671695709 0.62655109167099 -0.34519830346107483
-0.3190818727016449 0.6275556087493896 -0.34410202503204346
-0.3207043707370758 0.6191338300704956 -0.35327136516571045
-0.3213745057582855 0.615466296672821 -0.35726505517959595
-0.32119980454444885 0.6164873242378235 -0.3561510741710663
-0.3222247064113617 0.6108205318450928 -0.36229830980300903
-0.3220536410808563 0.6118621230125427 -0.3611631393432617
-0.3223249018192291 0.6103967428207397 -0.3627500534057617
-0.3226625621318817 0.6085071563720703 -0.36479616165161133
-0.3224986493587494 0.6095227003097534 -0.363689661026001
-0.32086679339408875 0.618073046207428 -0.3544584810733795
-0.32064321637153625 0.6193342804908752 -0.3530842065811157
-0.3210161626338959 0.6173302531242371 -0.3552650809288025
-0.3207867443561554 0.6186386346817017 -0.3538387417793274
-0.321900874376297 0.612565279006958 -0.3604266047477722
-0.3226764500141144 0.6082188487052917 -0.36514246463775635
-0.3224628269672394 0.6095472574234009 -0.36369553208351135
-0.32262763381004333 0.6086370944976807 -0.36468368768692017
-0.3212110698223114 0.6163614392280579 -0.35632380843162537
-0.32091739773750305 0.618053138256073 -0.3544798791408539
-0.3216414153575897 0.614150881767273 -0.3587094247341156
-0.32243266701698303 0.6097429394721985 -0.3634951710700989
-0.3228508532047272 0.6074085235595703 -0.3660244047641754
-0.32189878821372986 0.6126648783683777 -0.3603416383266449
-0.3227897584438324 0.6076297760009766 -0.36580079793930054
-0.3221301734447479 0.6115137338638306 -0.3615829050540924
-0.3208182752132416 0.6188917756080627 -0.35356035828590393
-0.317545622587204 0.6354170441627502 -0.33558401465415955
-0.31631746888160706 0.6412854790687561 -0.32916927337646484
-0.31374451518058777 0.6529372930526733 -0.31639978289604187
-0.311632364988327 0.6617070436477661 -0.30677998065948486
-0.30818548798561096 0.6756757497787476 -0.29131507873535156
-0.30447712540626526 0.6897028684616089 -0.2756681740283966
-0.3006875813007355 0.7034822106361389 -0.2601050138473511

VECTORS Vkin float
-0.0 -0.0 -0.0
-0.0 -0.0 -0.0
-0.0 -0.0 -0.0
-0.0 -0.0 -0.0
-0.0 -0.0 -0.0
-0.0 -0.0 -0.0
-0.0 -0.0 -0.0
-0.0 -0.0 -0.0
-0.0 -0.0 -0.0
-0.0 -0.0 -0.0
-0.0 -0.0 -0.0
-0.0 -0.0 -0.0
-0.0 -0.0 -0.0
-0.0 -0.0 -0.0
-0.0 -0.0 -0.0
-0.0 -0.0 -0.0
-0.0 -0.0 -0.0
-0.0 -0.0 -0.0
-0.0 -0.0 -0.0
-0.0 -0.0 -0.0
-0.0 -0.0 -0.0
-0.0 -0.0 -0.0
-0.0 -0.0 -0.0
-0.0 -0.0 -0.0
-0.0 -0.0 -0.0
-0.0 -0.0 -0.0
-0.0 -0.0 -0.0
-0.0 -0.0 -0.0
-0.0 -0.0 -0.0
-0.0 -0.0 -0.0
-0.0 -0.0 -0.0
-0.0 -0.0 -0.0
-0.0 -0.0 -0.0
-0.0 -0.0 -0.0
-0.0 -0.0 -0.0
-0.0 -0.0 -0.0
-0.0 -0.0 -0.0
-0.0 -0.0 -0.0
-0.0 -0.0 -0.0
-0.0 -0.0 -0.0
-0.0 -0.0 -0.0
-0.0 -0.0 -0.0
-0.0 -0.0 -0.0
-0.0 -0.0 -0.0
-0.0 -0.0 -0.0
-0.0 -0.0 -0.0
-0.0 -0.0 -0.0
-0.0 -0.0 -0.0
-0.0 -0.0 -0.0
-0.0 -0.0 -0.0
-0.0 -0.0 -0.0
-0.0 -0.0 -0.0
-0.0 -0.0 -0.0
-0.0 -0.0 -0.0
-0.0 -0.0 -0.0
-0.0 -0.0 -0.0
-0.0 -0.0 -0.0
-0.0 -0.0 -0.0
-0.0 -0.0 -0.0
-0.0 -0.0 -0.0
-0.0 -0.0 -0.0
-0.0 -0.0 -0.0
-0.0 -0.0 -0.0
-0.0 -0.0 -0.0
-0.0 -0.0 -0.0
-0.0 -0.0 -0.0
-0.0 -0.0 -0.0
-0.0 -0.0 -0.0
-0.0 -0.0 -0.0
-0.0 -0.0 -0.0
-0.0 -0.0 -0.0
-0.0 -0.0 -0.0
-0.0 -0.0 -0.0
-0.0 -0.0 -0.0
-0.0 -0.0 -0.0
-0.0 -0.0 -0.0
-0.0 -0.0 -0.0
-0.0 -0.0 -0.0
-0.0 -0.0 -0.0
-0.0 -0.0 -0.0
-0.0 -0.0 -0.0
-0.0 -0.0 -0.0
-0.0 -0.0 -0.0
-0.0 -0.0 -0.0
-0.0 -0.0 -0.0
-0.0 -0.0 -0.0
-0.0 -0.0 -0.0
-0.0 -0.0 -0.0
-0.0 -0.0 -0.0
-0.0 -0.0 -0.0
-0.0 -0.0 -0.0
-0.0 -0.0 -0.0
-0.0 -0.0 -0.0
-0.0 -0.0 -0.0
-0.0 -0.0 -0.0
-0.0 -0.0 -0.0
-0.0 -0.0 -0.0
-0.0 -0.0 -0.0
-0.0 -0.0 -0.0
-0.0 -0.0 -0.0
-0.0 -0.0 -0.0
-0.0 -0.0 -0.0
-0.0 -0.0 -0.0
-0.0 -0.0 -0.0
-0.0 -0.0 -0.0
-0.0 -0.0 -0.0
-0.0 -0.0 -0.0
-0.0 -0.0 -0.0
-0.0 -0.0 -0.0
-0.0 -0.0 -0.0
-0.0 -0.0 -0.0
-0.0 -0.0 -0.0
-0.0 -0.0 -0.0
-0.0 -0.0 -0.0
-0.0 -0.0 -0.0
-0.0 -0.0 -0.0
-0.0 -0.0 -0.0
-0.0 -0.0 -0.0
-0.0 -0.0 -0.0
-0.0 -0.0 -0.0
-0.0 -0.0 -0.0
-0.0 -0.0 -0.0
-0.0 -0.0 -0.0
-0.0 -0.0 -0.0
-0.0 -0.0 -0.0
-0.0 -0.0 -0.0
-0.0 -0.0 -0.0
-0.0 -0.0 -0.0
-0.0 -0.0 -0.0
-0.0 -0.0 -0.0
-0.0 -0.0 -0.0
-0.0 -0.0 -0.0
-0.0 -0.0 -0.0
-0.0 -0.0 -0.0
-0.0 -0.0 -0.0
-0.0 -0.0 -0.0
-0.0 -0.0 -0.0
-0.0 -0.0 -0.0
-0.0 -0.0 -0.0
-0.0 -0.0 -0.0
-0.0 -0.0 -0.0
-0.0 -0.0 -0.0
-0.0 -0.0 -0.0
-0.0 -0.0 -0.0
-0.0 -0.0 -0.0
-0.0 -0.0 -0.0
-0.0 -0.0 -0.0
-0.0 -0.0 -0.0
-0.0 -0.0 -0.0
-0.0 -0.0 -0.0
-0.0 -0.0 -0.0
-0.0 -0.0 -0.0
-0.0 -0.0 -0.0
-0.0 -0.0 -0.0
-0.0 -0.0 -0.0
-0.0 -0.0 -0.0
-0.0 -0.0 -0.0
-0.0 -0.0 -0.0
-0.0 -0.0 -0.0
-0.0 -0.0 -0.0
-0.0 -0.0 -0.0
-0.0 -0.0 -0.0
-0.0 -0.0 -0.0
-0.0 -0.0 -0.0
-0.0 -0.0 -0.0
-0.0 -0.0 -0.0
-0.0 -0.0 -0.0
-0.0 -0.0 -0.0
-0.0 -0.0 -0.0
-0.0 -0.0 -0.0
-0.0 -0.0 -0.0
-0.0 -0.0 -0.0
-0.0 -0.0 -0.0
-0.0 -0.0 -0.0
-0.0 -0.0 -0.0
-0.0 -0.0 -0.0
-0.0 -0.0 -0.0
-0.0 -0.0 -0.0
-0.0 -0.0 -0.0
-0.0 -0.0 -0.0
-0.0 -0.0 -0.0
-0.0 -0.0 -0.0
-0.0 -0.0 -0.0
-0.0 -0.0 -0.0
-0.0 -0.0 -0.0
-0.0 -0.0 -0.0
-0.0 -0.0 -0.0
-0.0 -0.0 -0.0
-0.0 -0.0 -0.0
-0.0 -0.0 -0.0
-0.0 -0.0 -0.0
-0.0 -0.0 -0.0
-0.0 -0.0 -0.0
-0.0 -0.0 -0.0
-0.0 -0.0 -0.0
-0.0 -0.0 -0.0
-0.0 -0.0 -0.0
-0.0 -0.0 -0.0
-0.0 -0.0 -0.0
-0.0 -0.0 -0.0

VECTORS Funs-vector float
0.0 0.0 0.00019498155851752313
0.0 0.0 0.0003552387381042939
0.0 0.0 0.0005273955561887111
0.0 0.0 0.0007202950282778386
0.0 0.0 0.0009347807625840916
0.0 0.0 0.0011377735776387078
0.0 0.0 0.0013683760437649582
0.0 0.0 0.0016252868548633796
0.0 0.0 0.0019030054722723561
0.0 0.0 0.0021908698712988918
0.0 0.0 0.002494785311737647
0.0 0.0 0.0028201359896466343
0.0 0.0 0.0031485462792833177
0.0 0.0 0.0034817527377272485
0.0 0.0 0.0038418678244635292
0.0 0.0 0.004188054037301147
0.0 0.0 0.00451616448224321
0.0 0.0 0.004873823622638686
0.0 0.0 0.005225450299188936
0.0 0.0 0.005564804383206749
0.0 0.0 0.0059206518153149595
0.0 0.0 0.0062805822584226555
0.0 0.0 0.006640943692443234
0.0 0.0 0.007045712347266581
0.0 0.0 0.00744414429444043
0.0 0.0 0.007795970425054227
0.0 0.0 0.008118093018146678
0.0 0.0 0.008415098006085591
0.0 0.0 0.008615210458489352
0.0 0.0 0.008897164736876077
0.0 0.0 0.00912803847939966
0.0 0.0 0.009331692870978951
0.0 0.0 0.009486987983097779
0.0 0.0 0.009581051919096088
0.0 0.0 0.009608250365952097
0.0 0.0 0.009556199527368034
0.0 0.0 0.00940776916454875
0.0 0.0 0.009143066631714079
0.0 0.0 0.00860967510638565
0.0 0.0 0.007944865480785072
0.0 0.0 0.007252668434575535
0.0 0.0 0.006882228279137069
0.0 0.0 0.006699437285847732
0.0 0.0 0.006559933656532705
0.0 0.0 0.006564792133327313
0.0 0.0 0.006387220285401064
0.0 0.0 0.006225383671174582
0.0 0.0 0.006036968268912711
0.0 0.0 0.005699407209424058
0.0 0.0 0.0055355640914179
0.0 0.0 0.005938683887690658
0.0 0.0 0.006321652281149418
0.0 0.0 0.006614015647110025
0.0 0.0 0.0068940701444759455
0.0 0.0 0.007184124409675451
0.0 0.0 0.007531861212685277
0.0 0.0 0.007813019801848339
0.0 0.0 0.00805092417615544
0.0 0.0 0.008423356483545807
0.0 0.0 0.008915372998066905
0.0 0.0 0.009728293724324724
0.0 0.0 0.0104865495593617
0.0 0.0 0.011086091933040226
0.0 0.0 0.011414349056987629
0.0 0.0 0.011513101343216833
0.0 0.0 0.011403679393318612
0.0 0.0 0.011235846812561987
0.0 0.0 0.010974280174192427
0.0 0.0 0.010561103216740147
0.0 0.0 0.010204047703173798
0.0 0.0 0.009857623183876355
0.0 0.0 0.009485817532153173
0.0 0.0 0.009215750288559733
0.0 0.0 0.008865755689204129
0.0 0.0 0.008505620546869657
0.0 0.0 0.008131016941480025
0.0 0.0 0.007735115439660789
0.0 0.0 0.007332440395871044
0.0 0.0 0.006954423822250894
0.0 0.0 0.0065690987126404265
0.0 0.0 0.006181882585712481
0.0 0.0 0.005806234914283488
0.0 0.0 0.005420918130027277
0.0 0.0 0.0050340730083382945
0.0 0.0 0.004660509762282563
0.0 0.0 0.00427517774295573
0.0 0.0 0.0038837749503497438
0.0 0.0 0.0035061019854874887
0.0 0.0 0.0031229186140803306
0.0 0.0 0.0027572510227876846
0.0 0.0 0.0024136362253419277
0.0 0.0 0.002100224206201109
0.0 0.0 0.0017990043032940885
0.0 0.0 0.0015146275247406127
0.0 0.0 0.0012596666709101356
0.0 0.0 0.0010084505901728224
0.0 0.0 0.0007837723642968957
0.0 0.0 0.0005786757904895384
0.0 0.0 0.0003922515827836994
0.0 0.0 0.00021651317793527293
0.0 0.0 0.00019498155851752313
0.0 0.0 0.0003552387381042939
0.0 0.0 0.0005273955561887111
0.0 0.0 0.0007202950282778386
0.0 0.0 0.0009347807625840916
0.0 0.0 0.0011377735776387078
0.0 0.0 0.0013683760437649582
0.0 0.0 0.0016252868548633796
0.0 0.0 0.0019030054722723561
0.0 0.0 0.0021908698712988918
0.0 0.0 0.002494785311737647
0.0 0.0 0.0028201359896466343
0.0 0.0 0.0031485462792833177
0.0 0.0 0.0034817527377272485
0.0 0.0 0.0038418678244635292
0.0 0.0 0.004188054037301147
0.0 0.0 0.00451616448224321
0.0 0.0 0.004873823622638686
0.0 0.0 0.005225450299188936
0.0 0.0 0.005564804383206749
0.0 0.0 0.0059206518153149595
0.0 0.0 0.0062805822584226555
0.0 0.0 0.006640943692443234
0.0 0.0 0.007045712347266581
0.0 0.0 0.00744414429444043
0.0 0.0 0.007795970425054227
0.0 0.0 0.008118093018146678
0.0 0.0 0.008415098006085591
0.0 0.0 0.008615210458489352
0.0 0.0 0.008897164736876077
0.0 0.0 0.00912803847939966
0.0 0.0 0.009331692870978951
0.0 0.0 0.009486987983097779
0.0 0.0 0.009581051919096088
0.0 0.0 0.009608250365952097
0.0 0.0 0.009556199527368034
0.0 0.0 0.00940776916454875
0.0 0.0 0.009143066631714079
0.0 0.0 0.00860967510638565
0.0 0.0 0.007944865480785072
0.0 0.0 0.007252668434575535
0.0 0.0 0.006882228279137069
0.0 0.0 0.006699437285847732
0.0 0.0 0.006559933656532705
0.0 0.0 0.006564792133327313
0.0 0.0 0.006387220285401064
0.0 0.0 0.006225383671174582
0.0 0.0 0.006036968268912711
0.0 0.0 0.005699407209424058
0.0 0.0 0.0055355640914179
0.0 0.0 0.005938683887690658
0.0 0.0 0.006321652281149418
0.0 0.0 0.006614015647110025
0.0 0.0 0.0068940701444759455
0.0 0.0 0.007184124409675451
0.0 0.0 0.007531861212685277
0.0 0.0 0.007813019801848339
0.0 0.0 0.00805092417615544
0.0 0.0 0.008423356483545807
0.0 0.0 0.008915372998066905
0.0 0.0 0.009728293724324724
0.0 0.0 0.0104865495593617
0.0 0.0 0.011086091933040226
0.0 0.0 0.011414349056987629
0.0 0.0 0.011513101343216833
0.0 0.0 0.011403679393318612
0.0 0.0 0.011235846812561987
0.0 0.0 0.010974280174192427
0.0 0.0 0.010561103216740147
0.0 0.0 0.010204047703173798
0.0 0.0 0.009857623183876355
0.0 0.0 0.009485817532153173
0.0 0.0 0.009215750288559733
0.0 0.0 0.008865755689204129
0.0 0.0 0.008505620546869657
0.0 0.0 0.008131016941480025
0.0 0.0 0.007735115439660789
0.0 0.0 0.007332440395871044
0.0 0.0 0.006954423822250894
0.0 0.0 0.0065690987126404265
0.0 0.0 0.006181882585712481
0.0 0.0 0.005806234914283488
0.0 0.0 0.005420918130027277
0.0 0.0 0.0050340730083382945
0.0 0.0 0.004660509762282563
0.0 0.0 0.00427517774295573
0.0 0.0 0.0038837749503497438
0.0 0.0 0.0035061019854874887
0.0 0.0 0.0031229186140803306
0.0 0.0 0.0027572510227876846
0.0 0.0 0.0024136362253419277
0.0 0.0 0.002100224206201109
0.0 0.0 0.0017990043032940885
0.0 0.0 0.0015146275247406127
0.0 0.0 0.0012596666709101356
0.0 0.0 0.0010084505901728224
0.0 0.0 0.0007837723642968957
0.0 0.0 0.0005786757904895384
0.0 0.0 0.0003922515827836994
0.0 0.0 0.00021651317793527293

VECTORS Ftot float
-0.02660300872015075 -0.044915394151435806 0.025598814227469496
-0.042202818504302325 -0.06387865556607324 0.04154388418391296
-0.05526404828742575 -0.08030344380526158 0.0586558692825914
-0.06759854836043215 -0.09600158386730051 0.07747335073014551
-0.07968092724792589 -0.11144764446539764 0.09812427197526487
-0.09134763736484802 -0.12647802975609854 0.12065603412122734
-0.10305261402749177 -0.1415471185049255 0.14498149551907752
-0.11453471960958041 -0.15639282519954423 0.17110547196794448
-0.12569681230401525 -0.17091866557144608 0.19897242265366635
-0.13666695139540738 -0.1852523090348287 0.2284892921178942
-0.1472647347091336 -0.19921343564595037 0.25959792557157063
-0.15764454973537403 -0.21295688852889247 0.29220238231997125
-0.1669806852754609 -0.22565653243816908 0.3262853646855793
-0.1752970151196478 -0.23733638390931247 0.36164536662440355
-0.18335925636659267 -0.2487620340721852 0.39802107245550944
-0.19052345453007302 -0.25928971681554597 0.4353440480661471
-0.19743096118599818 -0.26956101899196266 0.4733878036867693
-0.20368182697636367 -0.2791753623792669 0.5120756448143888
-0.20965365999237737 -0.2885106537100245 0.5512438243107592
-0.21396305763434834 -0.2961835820129268 0.5908754410487015
-0.21807836407817294 -0.30366212736807957 0.6305550043237893
-0.2220956830116855 -0.31104294206910593 0.6701425742554271
-0.22583552759747821 -0.3181463069663292 0.7095575046436271
-0.22997489869426044 -0.32564948640731683 0.7486628009035097
-0.23272173265374893 -0.33175994074997245 0.7875908491078124
-0.23562403569443205 -0.3380283348749105 0.8259684668680771
-0.2382865806459533 -0.34405441185553365 0.86377534253799
-0.24130694645329273 -0.350438285982559 0.9008946849460767
-0.24392559560038507 -0.35642044290635555 0.9374386878514733
-0.2449332524572897 -0.36079127321805 0.9734376455321523
-0.24638407154287476 -0.3656055652331782 1.0084663421501645
-0.24588035458258872 -0.3684653068607655 1.0427587493162151
-0.24449006228788567 -0.37043890557357034 1.075873775280038
-0.24317099912063178 -0.37248344900064 1.1075077053658746
-0.24124322298519718 -0.3739192839159173 1.1377036206996
-0.2385450019556947 -0.374584660306294 1.1663806167276523
-0.23489519270141385 -0.37430027126389404 1.1934130664117424
-0.23141835053975446 -0.3741869416407931 1.218547034288426
-0.2262844590356118 -0.3724165690018311 1.242043488858164
-0.21988279299693192 -0.36937877101638655 1.263614855290928
-0.2120444890480368 -0.3649043111261506 1.283037942440054
-0.20368675492341368 -0.35991009990739226 1.2999458267894308
-0.19527646506306 -0.3548633740367596 1.3143075722885664
-0.18354465976053325 -0.3464951233370774 1.3267277830511233
-0.16888938520951097 -0.3352033888366043 1.3367352094942542
-0.14930181164723524 -0.3189793566273087 1.3442635070665456
-0.12030638583253613 -0.29334737754674584 1.3493470067975093
-0.06879188558261246 -0.24519639324152018 1.3523928302298576
0.06062185023653145 -0.11914717919942365 1.3548459307918366
0.7592297795742649 0.5760930139204761 1.357930388138563
0.754429367568983 -0.5712927830515392 1.2027348762076775
0.05784420100980878 0.12192435528008626 1.1992974263055811
-0.06913587832136805 0.24553992057027738 1.1971983905822308
-0.12083313635279648 0.2938736953387343 1.194179644682469
-0.14990178158103942 0.31957889520793537 1.1892713369316392
-0.1696518966288888 0.33596548384672714 1.1821068421909064
-0.18543906618367811 0.3483891300977913 1.172456910481514
-0.19519040113316646 0.3547769201469582 1.1613945339144427
-0.20537792910128103 0.3616009128901683 1.1479173162253433
-0.21310212274916165 0.3659615774925543 1.1325703599245798
-0.22056707920929194 0.3700627162002077 1.1151074809834702
-0.22665087619186805 0.3727826552787625 1.095823434970452
-0.23153861220597394 0.37430689683398155 1.0748853743378395
-0.23534885709791067 0.3747536380997821 1.052436721239297
-0.23814101165440815 0.37418016414345895 1.0286202565681555
-0.23946429239091738 0.37213986714859515 1.0036466616496569
-0.24126113946458108 0.3705731298869594 0.977246455890635
-0.24231055147195596 0.3682589538769874 0.9496204456184835
-0.2427203466135563 0.36530504141523995 0.9208605971006459
-0.2436487120726812 0.3628699526081613 0.8908521389044863
-0.24251170680609774 0.35836948870367924 0.8601160617865196
-0.2417783089586255 0.35427285773320155 0.8284708210501937
-0.23941309658892984 0.34854415529006405 0.7963035782807575
-0.2366319753065304 0.34239954121853255 0.7635935398505921
-0.23419654889572455 0.3366005869425867 0.7302458066818185
-0.23152721152086383 0.3305652455841572 0.6963641601563667
-0.22923929101908 0.3249137943082261 0.6619283230137224
-0.2251044040793516 0.31741500925989846 0.6273801839656165
-0.22131117110216078 0.31025826573718185 0.5925857874179327
-0.21725706193066013 0.3028406724491159 0.5576522087551645
-0.21310227425444134 0.2953226164111458 0.5226475662381286
-0.20873892265000782 0.2875957931551263 0.4876945516260187
-0.2027906051487312 0.27828403309591604 0.45314191422877
-0.1966692718574919 0.2687992273236703 0.41899522406948686
-0.18951675347692337 0.25828290534263465 0.38546945101660807
-0.18239880584926288 0.2478014800411095 0.3525554235908874
-0.17446016643218434 0.2364994514198729 0.3204560518490353
-0.1660616577733705 0.22473745097923442 0.2892766166763449
-0.1565889557528097 0.2119012715484882 0.2592413570317908
-0.14635255081423992 0.1983012143467 0.23047215233122287
-0.13577843069897058 0.18436371812730157 0.20301860268334912
-0.12497549678531489 0.17019726800483018 0.17693623309955211
-0.11390577589165346 0.1557637714381599 0.1523001655837528
-0.10244130567179134 0.14093569199907183 0.12920389135073038
-0.09080601671956957 0.12593631734759336 0.10768410634819124
-0.07910098441259947 0.1108675980368332 0.08775860562493895
-0.06709755697449624 0.09550050165985935 0.06947323956690583
-0.05488266528285564 0.07992197329923809 0.052782886706762906
-0.04188830702706889 0.0635640680068746 0.03759248615147963
-0.026364306739765305 0.044676616913610114 0.023430290608334733
-0.02660300872015075 -0.044915394151435806 0.025598814227469496
-0.042202818504302325 -0.06387865556607324 0.04154388418391296
-0.05526404828742575 -0.08030344380526158 0.0586558692825914
-0.06759854836043215 -0.09600158386730051 0.07747335073014551
-0.07968092724792589 -0.11144764446539764 0.09812427197526487
-0.09134763736484802 -0.12647802975609854 0.12065603412122734
-0.10305261402749177 -0.1415471185049255 0.14498149551907752
-0.11453471960958041 -0.15639282519954423 0.17110547196794448
-0.12569681230401525 -0.17091866557144608 0.19897242265366635
-0.13666695139540738 -0.1852523090348287 0.2284892921178942
-0.1472647347091336 -0.19921343564595037 0.25959792557157063
-0.15764454973537403 -0.21295688852889247 0.29220238231997125
-0.1669806852754609 -0.22565653243816908 0.3262853646855793
-0.1752970151196478 -0.23733638390931247 0.36164536662440355
-0.18335925636659267 -0.2487620340721852 0.39802107245550944
-0.19052345453007302 -0.25928971681554597 0.4353440480661471
-0.19743096118599818 -0.26956101899196266 0.4733878036867693
-0.20368182697636367 -0.2791753623792669 0.5120756448143888
-0.20965365999237737 -0.2885106537100245 0.5512438243107592
-0.21396305763434834 -0.2961835820129268 0.5908754410487015
-0.21807836407817294 -0.30366212736807957 0.6305550043237893
-0.2220956830116855 -0.31104294206910593 0.6701425742554271
-0.22583552759747821 -0.3181463069663292 0.7095575046436271
-0.22997489869426044 -0.32564948640731683 0.7486628009035097
-0.23272173265374893 -0.33175994074997245 0.7875908491078124
-0.23562403569443205 -0.3380283348749105 0.8259684668680771
-0.2382865806459533 -0.34405441185553365 0.86377534253799
-0.24130694645329273 -0.350438285982559 0.9008946849460767
-0.24392559560038507 -0.35642044290635555 0.9374386878514733
-0.2449332524572897 -0.36079127321805 0.9734376455321523
-0.24638407154287476 -0.3656055652331782 1.0084663421501645
-0.24588035458258872 -0.3684653068607655 1.0427587493162151
-0.24449006228788567 -0.37043890557357034 1.075873775280038
-0.24317099912063178 -0.37248344900064 1.1075077053658746
-0.24124322298519718 -0.3739192839159173 1.1377036206996
-0.2385450019556947 -0.374584660306294 1.1663806167276523
-0.23489519270141385 -0.37430027126389404 1.1934130664117424
-0.23141835053975446 -0.3741869416407931 1.218547034288426
-0.2262844590356118 -0.3724165690018311 1.242043488858164
-0.21988279299693192 -0.36937877101638655 1.263614855290928
-0.2120444890480368 -0.3649043111261506 1.283037942440054
-0.20368675492341368 -0.35991009990739226 1.2999458267894308
-0.19527646506306 -0.3548633740367596 1.3143075722885664
-0.18354465976053325 -0.3464951233370774 1.3267277830511233
-0.16888938520951097 -0.3352033888366043 1.3367352094942542
-0.14930181164723524 -0.3189793566273087 1.3442635070665456
-0.12030638583253613 -0.29334737754674584 1.3493470067975093
-0.06879188558261246 -0.24519639324152018 1.3523928302298576
0.06062185023653145 -0.11914717919942365 1.3548459307918366
0.7592297795742649 0.5760930139204761 1.357930388138563
0.754429367568983 -0.5712927830515392 1.2027348762076775
0.05784420100980878 0.12192435528008626 1.1992974263055811
-0.06913587832136805 0.24553992057027738 1.1971983905822308
-0.12083313635279648 0.2938736953387343 1.194179644682469
-0.14990178158103942 0.31957889520793537 1.1892713369316392
-0.1696518966288888 0.33596548384672714 1.1821068421909064
-0.18543906618367811 0.3483891300977913 1.172456910481514
-0.19519040113316646 0.3547769201469582 1.1613945339144427
-0.20537792910128103 0.3616009128901683 1.1479173162253433
-0.21310212274916165 0.3659615774925543 1.1325703599245798
-0.22056707920929194 0.3700627162002077 1.1151074809834702
-0.22665087619186805 0.3727826552787625 1.095823434970452
-0.23153861220597394 0.37430689683398155 1.0748853743378395
-0.23534885709791067 0.3747536380997821 1.052436721239297
-0.23814101165440815 0.37418016414345895 1.0286202565681555
-0.23946429239091738 0.37213986714859515 1.0036466616496569
-0.24126113946458108 0.3705731298869594 0.977246455890635
-0.24231055147195596 0.3682589538769874 0.9496204456184835
-0.2427203466135563 0.36530504141523995 0.9208605971006459
-0.2436487120726812 0.3628699526081613 0.8908521389044863
-0.24251170680609774 0.35836948870367924 0.8601160617865196
-0.2417783089586255 0.35427285773320155 0.8284708210501937
-0.23941309658892984 0.34854415529006405 0.7963035782807575
-0.2366319753065304 0.34239954121853255 0.7635935398505921
-0.23419654889572455 0.3366005869425867 0.7302458066818185
-0.23152721152086383 0.3305652455841572 0.6963641601563667
-0.22923929101908 0.3249137943082261 0.6619283230137224
-0.2251044040793516 0.31741500925989846 0.6273801839656165
-0.22131117110216078 0.31025826573718185 0.5925857874179327
-0.21725706193066013 0.3028406724491159 0.5576522087551645
-0.21310227425444134 0.2953226164111458 0.5226475662381286
-0.20873892265000782 0.2875957931551263 0.4876945516260187
-0.2027906051487312 0.27828403309591604 0.45314191422877
-0.1966692718574919 0.2687992273236703 0.41899522406948686
-0.18951675347692337 0.25828290534263465 0.38546945101660807
-0.18239880584926288 0.2478014800411095 0.3525554235908874
-0.17446016643218434 0.2364994514198729 0.3204560518490353
-0.1660616577733705 0.22473745097923442 0.2892766166763449
-0.1565889557528097 0.2119012715484882 0.2592413570317908
-0.14635255081423992 0.1983012143467 0.23047215233122287
-0.13577843069897058 0.18436371812730157 0.20301860268334912
-0.12497549678531489 0.17019726800483018 0.17693623309955211
-0.11390577589165346 0.1557637714381599 0.1523001655837528
-0.10244130567179134 0.14093569199907183 0.12920389135073038
-0.09080601671956957 0.12593631734759336 0.10768410634819124
-0.07910098441259947 0.1108675980368332 0.08775860562493895
-0.06709755697449624 0.09550050165985935 0.06947323956690583
-0.05488266528285564 0.07992197329923809 0.052782886706762906
-0.04188830702706889 0.0635640680068746 0.03759248615147963
-0.026364306739765305 0.044676616913610114 0.023430290608334733

VECTORS Vvpm_AB float
-0.32946380972862244 0.560087263584137 -0.41737961769104004
-0.3294612467288971 0.5600853562355042 -0.4173844754695892
-0.32946839928627014 0.5600885152816772 -0.41737839579582214
-0.3294924199581146 0.5600922107696533 -0.41736659407615667
-0.3295094072818756 0.5600969791412354 -0.4173545837402344
-0.32953163981437683 0.5600997805595398 -0.4173448085784912
-0.3295884430408478 0.5601115822792053 -0.4173103272914887
-0.3295954167842865 0.5601117014884949 -0.4173097610473633
-0.32960453629493713 0.5601136684417725 -0.4173021614551544
-0.32959070801734924 0.5601121783256531 -0.41730752587318426
-0.3295740783214569 0.560107946395874 -0.41731908917427063
-0.32957038283348083 0.5601072907447815 -0.41731724143028265
-0.3295576870441437 0.5601060390472412 -0.4173208475112915
-0.3295471966266632 0.5601051449775696 -0.4173235595226288
-0.3295413553714752 0.5601024031639099 -0.41732949018478394
-0.32953140139579773 0.5601013898849487 -0.41733273863792425
-0.32953545451164246 0.5601018071174622 -0.41732573509216314
-0.3295258581638336 0.5601008534431458 -0.4173291027545929
-0.3295165002346039 0.560099720954895 -0.41733273863792425
-0.32950887084007263 0.5600987672805786 -0.41733413934707647
-0.3295036852359772 0.5600947737693787 -0.41734263300895696
-0.3294982612133026 0.5600945353507996 -0.417344331741333
-0.3294925391674042 0.5600941777229309 -0.41734537482261663
-0.3294943869113922 0.560093879699707 -0.41733950376510615
-0.3294889032840729 0.5600937604904175 -0.4173384904861451
-0.3295787274837494 0.5601091980934143 -0.41728067398071295
-0.3295714557170868 0.5601085424423218 -0.4172833561897277
-0.3295641243457794 0.5601074695587158 -0.417286366224289
-0.3295568525791168 0.560106635093689 -0.4172892272472382
-0.32955649495124817 0.5601012706756592 -0.4172977507114411
-0.32955029606819153 0.5601000189781189 -0.4173007309436798
-0.32954439520835876 0.5600990056991577 -0.41730380058288574
-0.3295440971851349 0.5600988268852234 -0.41729906201362615
-0.32954129576683044 0.5600988268852234 -0.41729941964149475
-0.3295380771160126 0.560099184513092 -0.41729971766471863
-0.3295348584651947 0.5600991249084473 -0.41730022430419916
-0.3295608460903168 0.5601010918617249 -0.41727110743522644
-0.32955536246299744 0.5601004958152771 -0.41727364063262934
-0.3295501172542572 0.5600997805595398 -0.41727596521377563
-0.3295481503009796 0.5601017475128174 -0.41727301478385925
-0.3295455276966095 0.560103714466095 -0.4172705709934234
-0.3295404613018036 0.5601028800010681 -0.41727277636528015
-0.3295358121395111 0.5601027607917786 -0.4172743260860443
-0.32953080534935 0.5601021647453308 -0.41727596521377563
-0.32952603697776794 0.5601021647453308 -0.41727772355079645
-0.32952097058296204 0.5601013898849487 -0.41727942228317266
-0.32951560616493225 0.560100793838501 -0.4172822535037995
-0.32951053977012634 0.560100257396698 -0.41728413105010986
-0.3295353949069977 0.5601048469543457 -0.4172723293304444
-0.3296094238758087 0.5601089000701904 -0.4172206223011017
-0.3296094834804535 0.5601064562797546 -0.4172227382659912
-0.32953551411628723 0.5600983500480652 -0.41727796196937567
-0.329510360956192 0.5600935220718384 -0.4172897934913635
-0.3295154869556427 0.5600939393043518 -0.41728761792182917
-0.32952138781547546 0.5600955486297607 -0.4172848463058471
-0.32952603697776794 0.5600957870483398 -0.4172830879688263
-0.3295309841632843 0.5600959658622742 -0.41728121042251587
-0.3295356333255768 0.5600963830947876 -0.41727957129478455
-0.32954058051109314 0.5600969791412354 -0.41727772355079645
-0.3295459449291229 0.5600976943969727 -0.41727569699287415
-0.3295481503009796 0.5600962042808533 -0.4172779023647309
-0.32954999804496765 0.560093879699707 -0.4172808229923249
-0.32955554127693176 0.5600947737693787 -0.4172782301902771
-0.3295605480670929 0.5600956678390503 -0.41727569699287415
-0.32953503727912903 0.5600898265838623 -0.41730818152427673
-0.3295383155345917 0.5600895881652832 -0.41730755567550665
-0.32954153418540955 0.5600900053977966 -0.4173070192337036
-0.32954445481300354 0.5600900053977966 -0.4173065423965454
-0.32954439520835876 0.5600935220718384 -0.4173083007335663
-0.3295506536960602 0.560094952583313 -0.41730526089668274
-0.3295566141605377 0.5600962042808533 -0.4173021614551544
-0.32955673336982727 0.5600997805595398 -0.41729491949081426
-0.3295641243457794 0.5601010322570801 -0.4172918796539306
-0.3295716345310211 0.5601019859313965 -0.41728872060775757
-0.3295789062976837 0.5601029396057129 -0.4172861278057098
-0.3294890820980072 0.5600897073745728 -0.4173422455787658
-0.3294946253299713 0.5600917339324951 -0.4173413813114166
-0.3294928967952728 0.5600897669792175 -0.41734939813613886
-0.32949820160865784 0.5600897669792175 -0.4173482954502106
-0.3295038640499115 0.560090184211731 -0.4173464477062225
-0.32950904965400696 0.5600934624671936 -0.41733887791633606
-0.3295166790485382 0.560096025466919 -0.4173360764980316
-0.32952603697776794 0.5600970983505249 -0.41733214259147644
-0.32953545451164246 0.5600983500480652 -0.41732877492904663
-0.32953163981437683 0.5600970983505249 -0.4173361659049988
-0.32954123616218567 0.5600982308387756 -0.4173328876495362
-0.329547256231308 0.5601016283035278 -0.4173264503479004
-0.32955774664878845 0.5601040720939636 -0.41732281446456904
-0.32957032322883606 0.5601062178611755 -0.4173181354999542
-0.32957449555397034 0.5601060390472412 -0.4173206090927124
-0.32959064841270447 0.5601083636283875 -0.4173106253147125
-0.32960477471351624 0.5601092576980591 -0.4173060357570649
-0.3295954167842865 0.56010502576828 -0.41731539368629456
-0.32958880066871643 0.5601040720939636 -0.41731688380241394
-0.3295315206050873 0.5600929260253906 -0.4173504114151001
-0.3295096457004547 0.5600888133049011 -0.4173615574836731
-0.3294928967952728 0.5600841045379639 -0.41737341880798345
-0.3294685184955597 0.5600794553756714 -0.4173858761787414
-0.3294614255428314 0.5600764155387878 -0.41739198565483093
-0.32946404814720154 0.560076892375946 -0.4173884093761444
-0.32946380972862244 0.560087263584137 -0.41737961769104004
-0.3294612467288971 0.5600853562355042 -0.4173844754695892
-0.32946839928627014 0.5600885152816772 -0.41737839579582214
-0.3294924199581146 0.5600922107696533 -0.41736659407615667
-0.3295094072818756 0.5600969791412354 -0.4173545837402344
-0.32953163981437683 0.5600997805595398 -0.4173448085784912
-0.3295884430408478 0.5601115822792053 -0.4173103272914887
-0.3295954167842865 0.5601117014884949 -0.4173097610473633
-0.32960453629493713 0.5601136684417725 -0.4173021614551544
-0.32959070801734924 0.5601121783256531 -0.41730752587318426
-0.3295740783214569 0.560107946395874 -0.41731908917427063
-0.32957038283348083 0.5601072907447815 -0.41731724143028265
-0.3295576870441437 0.5601060390472412 -0.4173208475112915
-0.3295471966266632 0.5601051449775696 -0.4173235595226288
-0.3295413553714752 0.5601024031639099 -0.41732949018478394
-0.32953140139579773 0.5601013898849487 -0.41733273863792425
-0.32953545451164246 0.5601018071174622 -0.41732573509216314
-0.3295258581638336 0.5601008534431458 -0.4173291027545929
-0.3295165002346039 0.560099720954895 -0.41733273863792425
-0.32950887084007263 0.5600987672805786 -0.41733413934707647
-0.3295036852359772 0.5600947737693787 -0.41734263300895696
-0.3294982612133026 0.5600945353507996 -0.417344331741333
-0.3294925391674042 0.5600941777229309 -0.41734537482261663
-0.3294943869113922 0.560093879699707 -0.41733950376510615
-0.3294889032840729 0.5600937604904175 -0.4173384904861451
-0.3295787274837494 0.5601091980934143 -0.41728067398071295
-0.3295714557170868 0.5601085424423218 -0.4172833561897277
-0.3295641243457794 0.5601074695587158 -0.417286366224289
-0.3295568525791168 0.560106635093689 -0.4172892272472382
-0.32955649495124817 0.5601012706756592 -0.4172977507114411
-0.32955029606819153 0.5601000189781189 -0.4173007309436798
-0.32954439520835876 0.5600990056991577 -0.41730380058288574
-0.3295440971851349 0.5600988268852234 -0.41729906201362615
-0.32954129576683044 0.5600988268852234 -0.41729941964149475
-0.3295380771160126 0.560099184513092 -0.41729971766471863
-0.3295348584651947 0.5600991249084473 -0.41730022430419916
-0.3295608460903168 0.5601010918617249 -0.41727110743522644
-0.32955536246299744 0.5601004958152771 -0.41727364063262934
-0.3295501172542572 0.5600997805595398 -0.41727596521377563
-0.3295481503009796 0.5601017475128174 -0.41727301478385925
-0.3295455276966095 0.560103714466095 -0.4172705709934234
-0.3295404613018036 0.5601028800010681 -0.41727277636528015
-0.3295358121395111 0.5601027607917786 -0.4172743260860443
-0.32953080534935 0.5601021647453308 -0.41727596521377563
-0.32952603697776794 0.5601021647453308 -0.41727772355079645
-0.32952097058296204 0.5601013898849487 -0.41727942228317266
-0.32951560616493225 0.560100793838501 -0.4172822535037995
-0.32951053977012634 0.560100257396698 -0.41728413105010986
-0.3295353949069977 0.5601048469543457 -0.4172723293304444
-0.3296094238758087 0.5601089000701904 -0.4172206223011017
-0.3296094834804535 0.5601064562797546 -0.4172227382659912
-0.32953551411628723 0.5600983500480652 -0.41727796196937567
-0.329510360956192 0.5600935220718384 -0.4172897934913635
-0.3295154869556427 0.5600939393043518 -0.41728761792182917
-0.32952138781547546 0.5600955486297607 -0.4172848463058471
-0.32952603697776794 0.5600957870483398 -0.4172830879688263
-0.3295309841632843 0.5600959658622742 -0.41728121042251587
-0.3295356333255768 0.5600963830947876 -0.41727957129478455
-0.32954058051109314 0.5600969791412354 -0.41727772355079645
-0.3295459449291229 0.5600976943969727 -0.41727569699287415
-0.3295481503009796 0.5600962042808533 -0.4172779023647309
-0.32954999804496765 0.560093879699707 -0.4172808229923249
-0.32955554127693176 0.5600947737693787 -0.4172782301902771
-0.3295605480670929 0.5600956678390503 -0.41727569699287415
-0.32953503727912903 0.5600898265838623 -0.41730818152427673
-0.3295383155345917 0.5600895881652832 -0.41730755567550665
-0.32954153418540955 0.5600900053977966 -0.4173070192337036
-0.32954445481300354 0.5600900053977966 -0.4173065423965454
-0.32954439520835876 0.5600935220718384 -0.4173083007335663
-0.3295506536960602 0.560094952583313 -0.41730526089668274
-0.3295566141605377 0.5600962042808533 -0.4173021614551544
-0.32955673336982727 0.5600997805595398 -0.41729491949081426
-0.3295641243457794 0.5601010322570801 -0.4172918796539306
-0.3295716345310211 0.5601019859313965 -0.41728872060775757
-0.3295789062976837 0.5601029396057129 -0.4172861278057098
-0.3294890820980072 0.5600897073745728 -0.4173422455787658
-0.3294946253299713 0.5600917339324951 -0.4173413813114166
-0.3294928967952728 0.5600897669792175 -0.41734939813613886
-0.32949820160865784 0.5600897669792175 -0.4173482954502106
-0.3295038640499115 0.560090184211731 -0.4173464477062225
-0.32950904965400696 0.5600934624671936 -0.41733887791633606
-0.3295166790485382 0.560096025466919 -0.4173360764980316
-0.32952603697776794 0.5600970983505249 -0.41733214259147644
-0.32953545451164246 0.5600983500480652 -0.41732877492904663
-0.32953163981437683 0.5600970983505249 -0.4173361659049988
-0.32954123616218567 0.5600982308387756 -0.4173328876495362
-0.329547256231308 0.5601016283035278 -0.4173264503479004
-0.32955774664878845 0.5601040720939636 -0.41732281446456904
-0.32957032322883606 0.5601062178611755 -0.4173181354999542
-0.32957449555397034 0.5601060390472412 -0.4173206090927124
-0.32959064841270447 0.5601083636283875 -0.4173106253147125
-0.32960477471351624 0.5601092576980591 -0.4173060357570649
-0.3295954167842865 0.56010502576828 -0.41731539368629456
-0.32958880066871643 0.5601040720939636 -0.41731688380241394
-0.3295315206050873 0.5600929260253906 -0.4173504114151001
-0.3295096457004547 0.5600888133049011 -0.4173615574836731
-0.3294928967952728 0.5600841045379639 -0.41737341880798345
-0.3294685184955597 0.5600794553756714 -0.4173858761787414
-0.3294614255428314 0.5600764155387878 -0.41739198565483093
-0.32946404814720154 0.560076892375946 -0.4173884093761444