# vtk DataFile Version 4.0
[MyVLM domain - lattices] 
ASCII
DATASET UNSTRUCTURED_GRID
POINTS 302 float
1.2444999999999997 -1.2445 0.0
1.2399745454545452 -1.2399745454545454 0.0
1.2346178849721705 -1.2346178849721707 0.0
1.2284300185528754 -1.2284300185528756 0.0
1.2214109461966602 -1.2214109461966605 0.0
1.2135606679035247 -1.213560667903525 0.0
1.2048791836734691 -1.2048791836734694 0.0
1.1953664935064932 -1.1953664935064934 0.0
1.1850225974025972 -1.1850225974025974 0.0
1.1738474953617808 -1.173847495361781 0.0
1.1618411873840442 -1.1618411873840444 0.0
1.1490036734693874 -1.1490036734693876 0.0
1.1353349536178106 -1.1353349536178108 0.0
1.1208350278293133 -1.1208350278293135 0.0
1.1055038961038959 -1.105503896103896 0.0
1.0893415584415582 -1.0893415584415584 0.0
1.0723480148423004 -1.0723480148423006 0.0
1.054523265306122 -1.0545232653061223 0.0
1.0358673098330238 -1.035867309833024 0.0
1.0163801484230053 -1.0163801484230055 0.0
0.9960617810760664 -0.9960617810760668 0.0
0.9749122077922076 -0.9749122077922077 0.0
0.9529314285714284 -0.9529314285714284 0.0
0.9301194434137288 -0.930119443413729 0.0
0.9064762523191091 -0.9064762523191096 0.0
0.8820018552875695 -0.8820018552875695 0.0
0.8566962523191093 -0.8566962523191094 0.0
0.8305594434137288 -0.8305594434137291 0.0
0.8035914285714284 -0.8035914285714285 0.0
0.7757922077922076 -0.7757922077922077 0.0
0.7471617810760666 -0.7471617810760667 0.0
0.7177001484230053 -0.7177001484230054 0.0
0.6874073098330239 -0.687407309833024 0.0
0.6562832653061222 -0.6562832653061225 0.0
0.6243280148423004 -0.6243280148423005 0.0
0.5915415584415582 -0.5915415584415583 0.0
0.5579238961038958 -0.5579238961038959 0.0
0.5234750278293133 -0.5234750278293134 0.0
0.48819495361781057 -0.48819495361781057 0.0
0.4520836734693877 -0.4520836734693877 0.0
0.4151411873840445 -0.4151411873840446 0.0
0.37736749536178105 -0.37736749536178116 0.0
0.3387625974025974 -0.3387625974025974 0.0
0.2993264935064933 -0.29932649350649343 0.0
0.25905918367346925 -0.25905918367346925 0.0
0.21796066790352486 -0.21796066790352486 0.0
0.17603094619666027 -0.1760309461966605 0.0
0.13327001855287546 -0.13327001855287568 0.0
0.08967788497217066 -0.08967788497217066 0.0
0.045254545454545436 -0.045254545454545436 0.0
0.0 0.0 0.0
0.04525454545454545 0.04525454545454546 0.0
0.08967788497217066 0.08967788497217068 0.0
0.13327001855287568 0.1332700185528757 0.0
0.17603094619666046 0.1760309461966605 0.0
0.21796066790352497 0.21796066790352508 0.0
0.2590591836734693 0.25905918367346936 0.0
0.29932649350649343 0.2993264935064935 0.0
0.3387625974025973 0.33876259740259734 0.0
0.37736749536178094 0.377367495361781 0.0
0.41514118738404443 0.4151411873840445 0.0
0.45208367346938766 0.4520836734693878 0.0
0.48819495361781057 0.4881949536178107 0.0
0.5234750278293133 0.5234750278293134 0.0
0.5579238961038959 0.557923896103896 0.0
0.5915415584415582 0.5915415584415583 0.0
0.6243280148423003 0.6243280148423004 0.0
0.6562832653061222 0.6562832653061225 0.0
0.687407309833024 0.6874073098330241 0.0
0.7177001484230054 0.7177001484230056 0.0
0.7471617810760667 0.7471617810760669 0.0
0.7757922077922076 0.7757922077922077 0.0
0.8035914285714284 0.8035914285714285 0.0
0.8305594434137288 0.830559443413729 0.0
0.8566962523191093 0.8566962523191094 0.0
0.8820018552875692 0.8820018552875695 0.0
0.9064762523191091 0.9064762523191093 0.0
0.9301194434137288 0.9301194434137292 0.0
0.9529314285714284 0.9529314285714284 0.0
0.9749122077922076 0.9749122077922077 0.0
0.9960617810760666 0.9960617810760668 0.0
1.0163801484230053 1.0163801484230055 0.0
1.0358673098330238 1.035867309833024 0.0
1.054523265306122 1.0545232653061223 0.0
1.0723480148423001 1.0723480148423004 0.0
1.0893415584415582 1.0893415584415584 0.0
1.1055038961038959 1.105503896103896 0.0
1.120835027829313 1.1208350278293133 0.0
1.1353349536178106 1.1353349536178106 0.0
1.1490036734693874 1.1490036734693876 0.0
1.1618411873840444 1.1618411873840446 0.0
1.1738474953617808 1.173847495361781 0.0
1.1850225974025972 1.1850225974025972 0.0
1.1953664935064932 1.1953664935064934 0.0
1.2048791836734691 1.2048791836734694 0.0
1.2135606679035245 1.2135606679035247 0.0
1.22141094619666 1.2214109461966602 0.0
1.2284300185528754 1.2284300185528756 0.0
1.2346178849721703 1.2346178849721705 0.0
1.2399745454545452 1.2399745454545454 0.0
1.2444999999999997 1.2445 0.0
1.7422999999999997 -1.2445 0.0
1.7377745454545452 -1.2399745454545454 0.0
1.7324178849721703 -1.2346178849721707 0.0
1.7262300185528754 -1.2284300185528756 0.0
1.7192109461966603 -1.2214109461966605 0.0
1.7113606679035245 -1.213560667903525 0.0
1.7026791836734692 -1.2048791836734694 0.0
1.6931664935064934 -1.1953664935064934 0.0
1.6828225974025972 -1.1850225974025974 0.0
1.6716474953617806 -1.173847495361781 0.0
1.6596411873840444 -1.1618411873840444 0.0
1.6468036734693878 -1.1490036734693876 0.0
1.6331349536178106 -1.1353349536178108 0.0
1.6186350278293133 -1.1208350278293135 0.0
1.603303896103896 -1.105503896103896 0.0
1.5871415584415582 -1.0893415584415584 0.0
1.5701480148423004 -1.0723480148423006 0.0
1.552323265306122 -1.0545232653061223 0.0
1.5336673098330238 -1.035867309833024 0.0
1.5141801484230053 -1.0163801484230055 0.0
1.4938617810760666 -0.9960617810760668 0.0
1.4727122077922075 -0.9749122077922077 0.0
1.4507314285714283 -0.9529314285714284 0.0
1.4279194434137288 -0.930119443413729 0.0
1.4042762523191092 -0.9064762523191096 0.0
1.3798018552875693 -0.8820018552875695 0.0
1.3544962523191093 -0.8566962523191094 0.0
1.328359443413729 -0.8305594434137291 0.0
1.3013914285714283 -0.8035914285714285 0.0
1.2735922077922077 -0.7757922077922077 0.0
1.2449617810760665 -0.7471617810760667 0.0
1.2155001484230055 -0.7177001484230054 0.0
1.1852073098330238 -0.687407309833024 0.0
1.1540832653061224 -0.6562832653061225 0.0
1.1221280148423003 -0.6243280148423005 0.0
1.0893415584415582 -0.5915415584415583 0.0
1.055723896103896 -0.5579238961038959 0.0
1.0212750278293132 -0.5234750278293134 0.0
0.9859949536178108 -0.48819495361781057 0.0
0.9498836734693876 -0.4520836734693877 0.0
0.9129411873840445 -0.4151411873840446 0.0
0.875167495361781 -0.37736749536178116 0.0
0.8365625974025973 -0.3387625974025974 0.0
0.7971264935064933 -0.29932649350649343 0.0
0.7568591836734693 -0.25905918367346925 0.0
0.7157606679035249 -0.21796066790352486 0.0
0.6738309461966603 -0.1760309461966605 0.0
0.6310700185528755 -0.13327001855287568 0.0
0.5874778849721707 -0.08967788497217066 0.0
0.5430545454545455 -0.045254545454545436 0.0
0.4978 0.0 0.0
0.5430545454545455 0.04525454545454546 0.0
0.5874778849721707 0.08967788497217068 0.0
0.6310700185528757 0.1332700185528757 0.0
0.6738309461966605 0.1760309461966605 0.0
0.715760667903525 0.21796066790352508 0.0
0.7568591836734693 0.25905918367346936 0.0
0.7971264935064934 0.2993264935064935 0.0
0.8365625974025973 0.33876259740259734 0.0
0.875167495361781 0.377367495361781 0.0
0.9129411873840445 0.4151411873840445 0.0
0.9498836734693876 0.4520836734693878 0.0
0.9859949536178105 0.4881949536178107 0.0
1.0212750278293132 0.5234750278293134 0.0
1.055723896103896 0.557923896103896 0.0
1.0893415584415582 0.5915415584415583 0.0
1.1221280148423003 0.6243280148423004 0.0
1.1540832653061224 0.6562832653061225 0.0
1.185207309833024 0.6874073098330241 0.0
1.2155001484230055 0.7177001484230056 0.0
1.2449617810760667 0.7471617810760669 0.0
1.2735922077922077 0.7757922077922077 0.0
1.3013914285714283 0.8035914285714285 0.0
1.3283594434137287 0.830559443413729 0.0
1.3544962523191093 0.8566962523191094 0.0
1.3798018552875693 0.8820018552875695 0.0
1.4042762523191092 0.9064762523191093 0.0
1.427919443413729 0.9301194434137292 0.0
1.4507314285714283 0.9529314285714284 0.0
1.4727122077922075 0.9749122077922077 0.0
1.4938617810760666 0.9960617810760668 0.0
1.5141801484230053 1.0163801484230055 0.0
1.5336673098330238 1.035867309833024 0.0
1.552323265306122 1.0545232653061223 0.0
1.5701480148423002 1.0723480148423004 0.0
1.5871415584415582 1.0893415584415584 0.0
1.603303896103896 1.105503896103896 0.0
1.6186350278293131 1.1208350278293133 0.0
1.6331349536178106 1.1353349536178106 0.0
1.6468036734693874 1.1490036734693876 0.0
1.6596411873840444 1.1618411873840446 0.0
1.6716474953617806 1.173847495361781 0.0
1.6828225974025972 1.1850225974025972 0.0
1.6931664935064934 1.1953664935064934 0.0
1.7026791836734692 1.2048791836734694 0.0
1.7113606679035245 1.2135606679035247 0.0
1.71921094619666 1.2214109461966602 0.0
1.7262300185528754 1.2284300185528756 0.0
1.7324178849721703 1.2346178849721705 0.0
1.7377745454545452 1.2399745454545454 0.0
1.7422999999999997 1.2445 0.0
1.6155872727272724 -1.2422372727272726 0.0
1.6106462152133578 -1.237296215213358 0.0
1.604873951762523 -1.2315239517625232 0.0
1.598270482374768 -1.224920482374768 0.0
1.5908358070500925 -1.2174858070500927 0.0
1.582569925788497 -1.2092199257884972 0.0
1.5734728385899812 -1.2001228385899814 0.0
1.5635445454545454 -1.1901945454545453 0.0
1.552785046382189 -1.1794350463821892 0.0
1.5411943413729126 -1.1678443413729127 0.0
1.5287724304267158 -1.155422430426716 0.0
1.5155193135435991 -1.142169313543599 0.0
1.501434990723562 -1.1280849907235622 0.0
1.4865194619666047 -1.1131694619666048 0.0
1.4707727272727271 -1.0974227272727273 0.0
1.4541947866419294 -1.0808447866419293 0.0
1.4367856400742112 -1.0634356400742113 0.0
1.418545287569573 -1.0451952875695731 0.0
1.3994737291280146 -1.0261237291280147 0.0
1.379570964749536 -1.0062209647495362 0.0
1.358836994434137 -0.9854869944341371 0.0
1.337271818181818 -0.9639218181818181 0.0
1.3148754359925787 -0.9415254359925787 0.0
1.291647847866419 -0.9182978478664192 0.0
1.2675890538033394 -0.8942390538033393 0.0
1.2426990538033393 -0.8693490538033395 0.0
1.2169778478664193 -0.8436278478664192 0.0
1.1904254359925788 -0.8170754359925788 0.0
1.163041818181818 -0.7896918181818181 0.0
1.1348269944341371 -0.7614769944341371 0.0
1.105780964749536 -0.7324309647495362 0.0
1.0759037291280147 -0.7025537291280148 0.0
1.0451952875695731 -0.6718452875695733 0.0
1.0136556400742114 -0.6403056400742114 0.0
0.9812847866419293 -0.6079347866419293 0.0
0.9480827272727271 -0.5747327272727272 0.0
0.9140494619666047 -0.5406994619666048 0.0
0.8791849907235622 -0.5058349907235622 0.0
0.8434893135435992 -0.47013931354359917 0.0
0.8069624304267162 -0.43361243042671627 0.0
0.7696043413729128 -0.3962543413729128 0.0
0.7314150463821893 -0.3580650463821894 0.0
0.6923945454545455 -0.3190445454545454 0.0
0.6525428385899814 -0.27919283858998134 0.0
0.6118599257884971 -0.23850992578849706 0.0
0.5703458070500929 -0.19699580705009279 0.0
0.5280004823747682 -0.15465048237476808 0.0
0.4848239517625232 -0.11147395176252317 0.0
0.4408162152133581 -0.06746621521335805 0.0
0.39597727272727273 -0.022627272727272718 0.0
0.39597727272727273 0.02262727272727273 0.0
0.4408162152133581 0.06746621521335806 0.0
0.4848239517625232 0.11147395176252319 0.0
0.528000482374768 0.15465048237476808 0.0
0.5703458070500929 0.19699580705009276 0.0
0.6118599257884971 0.23850992578849717 0.0
0.6525428385899814 0.2791928385899814 0.0
0.6923945454545455 0.3190445454545454 0.0
0.7314150463821891 0.3580650463821891 0.0
0.7696043413729128 0.39625434137291277 0.0
0.8069624304267162 0.43361243042671616 0.0
0.8434893135435992 0.4701393135435992 0.0
0.8791849907235619 0.5058349907235621 0.0
0.9140494619666046 0.5406994619666047 0.0
0.9480827272727271 0.5747327272727272 0.0
0.9812847866419294 0.6079347866419295 0.0
1.0136556400742114 0.6403056400742114 0.0
1.0451952875695731 0.6718452875695732 0.0
1.0759037291280147 0.7025537291280147 0.0
1.105780964749536 0.7324309647495362 0.0
1.1348269944341371 0.7614769944341373 0.0
1.163041818181818 0.789691818181818 0.0
1.1904254359925786 0.8170754359925786 0.0
1.216977847866419 0.843627847866419 0.0
1.2426990538033393 0.8693490538033394 0.0
1.2675890538033392 0.8942390538033393 0.0
1.291647847866419 0.9182978478664192 0.0
1.3148754359925787 0.9415254359925787 0.0
1.3372718181818182 0.9639218181818181 0.0
1.3588369944341372 0.9854869944341373 0.0
1.379570964749536 1.0062209647495362 0.0
1.3994737291280148 1.0261237291280147 0.0
1.418545287569573 1.0451952875695731 0.0
1.4367856400742112 1.0634356400742113 0.0
1.4541947866419291 1.0808447866419293 0.0
1.470772727272727 1.097422727272727 0.0
1.4865194619666047 1.1131694619666048 0.0
1.501434990723562 1.128084990723562 0.0
1.5155193135435991 1.1421693135435993 0.0
1.528772430426716 1.1554224304267162 0.0
1.5411943413729128 1.1678443413729127 0.0
1.5527850463821888 1.179435046382189 0.0
1.5635445454545451 1.1901945454545453 0.0
1.573472838589981 1.2001228385899811 0.0
1.5825699257884969 1.209219925788497 0.0
1.5908358070500925 1.2174858070500927 0.0
1.5982704823747678 1.224920482374768 0.0
1.604873951762523 1.2315239517625232 0.0
1.6106462152133578 1.237296215213358 0.0
1.6155872727272724 1.2422372727272726 0.0

CELLS 200 700
4 0 101 102 1
4 1 102 103 2
4 2 103 104 3
4 3 104 105 4
4 4 105 106 5
4 5 106 107 6
4 6 107 108 7
4 7 108 109 8
4 8 109 110 9
4 9 110 111 10
4 10 111 112 11
4 11 112 113 12
4 12 113 114 13
4 13 114 115 14
4 14 115 116 15
4 15 116 117 16
4 16 117 118 17
4 17 118 119 18
4 18 119 120 19
4 19 120 121 20
4 20 121 122 21
4 21 122 123 22
4 22 123 124 23
4 23 124 125 24
4 24 125 126 25
4 25 126 127 26
4 26 127 128 27
4 27 128 129 28
4 28 129 130 29
4 29 130 131 30
4 30 131 132 31
4 31 132 133 32
4 32 133 134 33
4 33 134 135 34
4 34 135 136 35
4 35 136 137 36
4 36 137 138 37
4 37 138 139 38
4 38 139 140 39
4 39 140 141 40
4 40 141 142 41
4 41 142 143 42
4 42 143 144 43
4 43 144 145 44
4 44 145 146 45
4 45 146 147 46
4 46 147 148 47
4 47 148 149 48
4 48 149 150 49
4 49 150 151 50
4 50 151 152 51
4 51 152 153 52
4 52 153 154 53
4 53 154 155 54
4 54 155 156 55
4 55 156 157 56
4 56 157 158 57
4 57 158 159 58
4 58 159 160 59
4 59 160 161 60
4 60 161 162 61
4 61 162 163 62
4 62 163 164 63
4 63 164 165 64
4 64 165 166 65
4 65 166 167 66
4 66 167 168 67
4 67 168 169 68
4 68 169 170 69
4 69 170 171 70
4 70 171 172 71
4 71 172 173 72
4 72 173 174 73
4 73 174 175 74
4 74 175 176 75
4 75 176 177 76
4 76 177 178 77
4 77 178 179 78
4 78 179 180 79
4 79 180 181 80
4 80 181 182 81
4 81 182 183 82
4 82 183 184 83
4 83 184 185 84
4 84 185 186 85
4 85 186 187 86
4 86 187 188 87
4 87 188 189 88
4 88 189 190 89
4 89 190 191 90
4 90 191 192 91
4 91 192 193 92
4 92 193 194 93
4 93 194 195 94
4 94 195 196 95
4 95 196 197 96
4 96 197 198 97
4 97 198 199 98
4 98 199 200 99
4 99 200 201 100
1 202
1 203
1 204
1 205
1 206
1 207
1 208
1 209
1 210
1 211
1 212
1 213
1 214
1 215
1 216
1 217
1 218
1 219
1 220
1 221
1 222
1 223
1 224
1 225
1 226
1 227
1 228
1 229
1 230
1 231
1 232
1 233
1 234
1 235
1 236
1 237
1 238
1 239
1 240
1 241
1 242
1 243
1 244
1 245
1 246
1 247
1 248
1 249
1 250
1 251
1 252
1 253
1 254
1 255
1 256
1 257
1 258
1 259
1 260
1 261
1 262
1 263
1 264
1 265
1 266
1 267
1 268
1 269
1 270
1 271
1 272
1 273
1 274
1 275
1 276
1 277
1 278
1 279
1 280
1 281
1 282
1 283
1 284
1 285
1 286
1 287
1 288
1 289
1 290
1 291
1 292
1 293
1 294
1 295
1 296
1 297
1 298
1 299
1 300
1 301

CELL_TYPES 200
9
9
9
9
9
9
9
9
9
9
9
9
9
9
9
9
9
9
9
9
9
9
9
9
9
9
9
9
9
9
9
9
9
9
9
9
9
9
9
9
9
9
9
9
9
9
9
9
9
9
9
9
9
9
9
9
9
9
9
9
9
9
9
9
9
9
9
9
9
9
9
9
9
9
9
9
9
9
9
9
9
9
9
9
9
9
9
9
9
9
9
9
9
9
9
9
9
9
9
9
1
1
1
1
1
1
1
1
1
1
1
1
1
1
1
1
1
1
1
1
1
1
1
1
1
1
1
1
1
1
1
1
1
1
1
1
1
1
1
1
1
1
1
1
1
1
1
1
1
1
1
1
1
1
1
1
1
1
1
1
1
1
1
1
1
1
1
1
1
1
1
1
1
1
1
1
1
1
1
1
1
1
1
1
1
1
1
1
1
1
1
1
1
1
1
1
1
1
1
1

CELL_DATA 200

VECTORS Vinf float
8.793598267791197 0.8076863884925842 4.0925506429483
8.797898742911741 0.8235794901847838 4.113874860267789
8.796109828708097 0.8168572187423706 4.104781605463177
8.79692378973715 0.8199876546859741 4.1090481059362
8.79669013952963 0.8191159963607788 4.107862062912137
8.799904737231657 0.8316668868064879 4.125049330454022
8.792783710715696 0.8050982356071472 4.08925486372009
8.787764940020963 0.7879446744918823 4.067079313259274
8.783988151309416 0.7754697799682617 4.051379300813824
8.77721092438452 0.7532644271850586 4.024143703441769
8.77225360607855 0.7369012832641602 4.004619024853856
8.766027722117826 0.7158794403076172 3.9801574127484862
8.77032295202963 0.730420708656311 3.997004248361737
8.776267502067014 0.7501094937324524 4.02032820151344
8.774241242167875 0.7434819340705872 4.012419961552769
8.77585581278555 0.7487454414367676 4.018690042357594
8.773332926986143 0.7404456734657288 4.008814893822819
8.773205671069547 0.7400012016296387 4.008283145885617
8.772059652564451 0.7361538410186768 4.003727086048276
8.780025455710813 0.7623840570449829 4.035198517303616
8.781599673983976 0.7675228118896484 4.041499801139981
8.780543122050688 0.7640330195426941 4.037201233368069
8.779513272998258 0.7606343030929565 4.033037044267804
8.775356802699491 0.7470236420631409 4.016620226364285
8.779002580401823 0.758984386920929 4.0310461746265
8.77818587755911 0.7562904953956604 4.027768813233525
8.777390870807096 0.7536630034446716 4.0245844350864
8.774068865535185 0.7427461743354797 4.0115122871209685
8.773296746966764 0.7401665449142456 4.008444912891537
8.777940783259794 0.7555540204048157 4.026909224848897
8.777121755835935 0.7528422474861145 4.023625590067059
8.782748613116667 0.7712214589118958 4.046073772173077
8.786362025496885 0.7831583023071289 4.0610200242806975
8.785705361125395 0.7809548377990723 4.058231450777203
8.785056981799528 0.7787891030311584 4.055501885872037
8.784417781588957 0.7766631841659546 4.052832909088284
8.783788833377287 0.7745774388313293 4.050223656158597
8.779404434916898 0.7602285742759705 4.032557033162266
8.778798017260954 0.7582309246063232 4.030121483068616
8.778202030417845 0.7562713623046875 4.027741216282994
8.77761832213156 0.7543514370918274 4.025415726165921
8.773474488017484 0.7407509088516235 4.009152375321538
8.765954408404752 0.7154866456985474 3.979719944458157
8.765419575927183 0.7136234045028687 3.977576323013455
8.764377984759733 0.7100493907928467 3.973516322832257
8.763951930758878 0.708534836769104 3.9717811720182006
8.763537082431242 0.7070478200912476 3.97007880375877
8.763131234404966 0.7055892944335938 3.9684123771001407
8.771206352469846 0.7332060933113098 4.000271268348843
8.765981766936704 0.7158520817756653 3.980190120797307
8.756354424712583 0.681213915348053 3.9410459475328032
8.7635455462908 0.7070860862731934 3.970127381544262
8.763201210257932 0.7058383822441101 3.9687007443715636
8.763607415912077 0.7072915434837341 3.970360495309979
8.764021310565397 0.7087739706039429 3.972057797174603
8.76444647049658 0.7102839946746826 3.973788030605465
8.759494337794706 0.6925651431083679 3.9536880628873408
8.767409059760496 0.7204633951187134 3.9854435996820032
8.767924997565672 0.7222368121147156 3.9875000344325606
8.772361371276304 0.737108051776886 4.004877470593602
8.77289179301016 0.7388819456100464 4.006977178316266
8.773435387370512 0.7406952977180481 4.009128235440404
8.773990366218015 0.7425479888916016 4.0113331751634185
8.77455833887808 0.7444390654563904 4.013588689427525
8.775139245746061 0.7463678121566772 4.015895180564076
8.780060205218717 0.7624477744102478 4.03531002269283
8.780681106803343 0.7644957304000854 4.037824295621068
8.781313571689054 0.7665845155715942 4.040397264223248
8.782858464476988 0.7715807557106018 4.046522416334302
8.777225467917845 0.7531836628913879 4.024037920098454
8.778042409179136 0.7558849453926086 4.027310200195462
8.773378882167265 0.7404341697692871 4.008762888770253
8.774148735759184 0.7430052757263184 4.011822141866833
8.777464899775907 0.7538999319076538 4.024873070578725
8.778257462737486 0.7565202116966248 4.02805020676151
8.779071423766538 0.7592068314552307 4.03131989405647
8.772792908904478 0.7385959625244141 4.006615929465443
8.77640810942404 0.7505105137825012 4.020810820322186
8.777394864318296 0.7537790536880493 4.024756886224896
8.778411481139585 0.7571402192115784 4.028834857206494
8.776838991401121 0.7520067691802979 4.022637419562489
8.769257936236784 0.726814866065979 3.9928092287589614
8.770337078330442 0.7304948568344116 3.9971177505065505
8.768200907466337 0.7233483791351318 3.9888068811704223
8.773068103549406 0.7396053671836853 4.007829778056294
8.771482441184446 0.7343900203704834 4.001691065888554
8.771389219520017 0.7340745329856873 4.001322351555974
8.76578399872534 0.715058445930481 3.979223884802014
8.764975104091093 0.7122556567192078 3.9759970681478087
8.770367238280699 0.7306470274925232 3.9972853587676593
8.777287397143766 0.7535198926925659 4.024454973797948
8.782187554595396 0.7695836424827576 4.044085510234982
8.784094247577116 0.7757955193519592 4.051787503223569
8.789470348117277 0.7936850786209106 4.07444179819122
8.794827434775755 0.8123823404312134 4.098906047802121
8.79388240313284 0.8088760375976562 4.094207443456799
8.79725566839926 0.8212230801582336 4.11072526143089
8.793260726687834 0.8065612316131592 4.091113723974377
8.793746623752043 0.808278501033783 4.093385763626248
8.790336403605863 0.7963178753852844 4.077732034187466
8.793598267791197 0.8076863884925842 4.0925506429483
8.797898742911741 0.8235794901847838 4.113874860267789
8.796109828708097 0.8168572187423706 4.104781605463177
8.79692378973715 0.8199876546859741 4.1090481059362
8.79669013952963 0.8191159963607788 4.107862062912137
8.799904737231657 0.8316668868064879 4.125049330454022
8.792783710715696 0.8050982356071472 4.08925486372009
8.787764940020963 0.7879446744918823 4.067079313259274
8.783988151309416 0.7754697799682617 4.051379300813824
8.77721092438452 0.7532644271850586 4.024143703441769
8.77225360607855 0.7369012832641602 4.004619024853856
8.766027722117826 0.7158794403076172 3.9801574127484862
8.77032295202963 0.730420708656311 3.997004248361737
8.776267502067014 0.7501094937324524 4.02032820151344
8.774241242167875 0.7434819340705872 4.012419961552769
8.77585581278555 0.7487454414367676 4.018690042357594
8.773332926986143 0.7404456734657288 4.008814893822819
8.773205671069547 0.7400012016296387 4.008283145885617
8.772059652564451 0.7361538410186768 4.003727086048276
8.780025455710813 0.7623840570449829 4.035198517303616
8.781599673983976 0.7675228118896484 4.041499801139981
8.780543122050688 0.7640330195426941 4.037201233368069
8.779513272998258 0.7606343030929565 4.033037044267804
8.775356802699491 0.7470236420631409 4.016620226364285
8.779002580401823 0.758984386920929 4.0310461746265
8.77818587755911 0.7562904953956604 4.027768813233525
8.777390870807096 0.7536630034446716 4.0245844350864
8.774068865535185 0.7427461743354797 4.0115122871209685
8.773296746966764 0.7401665449142456 4.008444912891537
8.777940783259794 0.7555540204048157 4.026909224848897
8.777121755835935 0.7528422474861145 4.023625590067059
8.782748613116667 0.7712214589118958 4.046073772173077
8.786362025496885 0.7831583023071289 4.0610200242806975
8.785705361125395 0.7809548377990723 4.058231450777203
8.785056981799528 0.7787891030311584 4.055501885872037
8.784417781588957 0.7766631841659546 4.052832909088284
8.783788833377287 0.7745774388313293 4.050223656158597
8.779404434916898 0.7602285742759705 4.032557033162266
8.778798017260954 0.7582309246063232 4.030121483068616
8.778202030417845 0.7562713623046875 4.027741216282994
8.77761832213156 0.7543514370918274 4.025415726165921
8.773474488017484 0.7407509088516235 4.009152375321538
8.765954408404752 0.7154866456985474 3.979719944458157
8.765419575927183 0.7136234045028687 3.977576323013455
8.764377984759733 0.7100493907928467 3.973516322832257
8.763951930758878 0.708534836769104 3.9717811720182006
8.763537082431242 0.7070478200912476 3.97007880375877
8.763131234404966 0.7055892944335938 3.9684123771001407
8.771206352469846 0.7332060933113098 4.000271268348843
8.765981766936704 0.7158520817756653 3.980190120797307
8.756354424712583 0.681213915348053 3.9410459475328032
8.7635455462908 0.7070860862731934 3.970127381544262
8.763201210257932 0.7058383822441101 3.9687007443715636
8.763607415912077 0.7072915434837341 3.970360495309979
8.764021310565397 0.7087739706039429 3.972057797174603
8.76444647049658 0.7102839946746826 3.973788030605465
8.759494337794706 0.6925651431083679 3.9536880628873408
8.767409059760496 0.7204633951187134 3.9854435996820032
8.767924997565672 0.7222368121147156 3.9875000344325606
8.772361371276304 0.737108051776886 4.004877470593602
8.77289179301016 0.7388819456100464 4.006977178316266
8.773435387370512 0.7406952977180481 4.009128235440404
8.773990366218015 0.7425479888916016 4.0113331751634185
8.77455833887808 0.7444390654563904 4.013588689427525
8.775139245746061 0.7463678121566772 4.015895180564076
8.780060205218717 0.7624477744102478 4.03531002269283
8.780681106803343 0.7644957304000854 4.037824295621068
8.781313571689054 0.7665845155715942 4.040397264223248
8.782858464476988 0.7715807557106018 4.046522416334302
8.777225467917845 0.7531836628913879 4.024037920098454
8.778042409179136 0.7558849453926086 4.027310200195462
8.773378882167265 0.7404341697692871 4.008762888770253
8.774148735759184 0.7430052757263184 4.011822141866833
8.777464899775907 0.7538999319076538 4.024873070578725
8.778257462737486 0.7565202116966248 4.02805020676151
8.779071423766538 0.7592068314552307 4.03131989405647
8.772792908904478 0.7385959625244141 4.006615929465443
8.77640810942404 0.7505105137825012 4.020810820322186
8.777394864318296 0.7537790536880493 4.024756886224896
8.778411481139585 0.7571402192115784 4.028834857206494
8.776838991401121 0.7520067691802979 4.022637419562489
8.769257936236784 0.726814866065979 3.9928092287589614
8.770337078330442 0.7304948568344116 3.9971177505065505
8.768200907466337 0.7233483791351318 3.9888068811704223
8.773068103549406 0.7396053671836853 4.007829778056294
8.771482441184446 0.7343900203704834 4.001691065888554
8.771389219520017 0.7340745329856873 4.001322351555974
8.76578399872534 0.715058445930481 3.979223884802014
8.764975104091093 0.7122556567192078 3.9759970681478087
8.770367238280699 0.7306470274925232 3.9972853587676593
8.777287397143766 0.7535198926925659 4.024454973797948
8.782187554595396 0.7695836424827576 4.044085510234982
8.784094247577116 0.7757955193519592 4.051787503223569
8.789470348117277 0.7936850786209106 4.07444179819122
8.794827434775755 0.8123823404312134 4.098906047802121
8.79388240313284 0.8088760375976562 4.094207443456799
8.79725566839926 0.8212230801582336 4.11072526143089
8.793260726687834 0.8065612316131592 4.091113723974377
8.793746623752043 0.808278501033783 4.093385763626248
8.790336403605863 0.7963178753852844 4.077732034187466

VECTORS L float
-0.01455134426170989 0.0 0.031205458471953915
-0.02344248520675429 0.0 0.05027257175982753
-0.032327599967211004 0.0 0.06932676185314858
-0.041736922123596365 0.0 0.0895051183348209
-0.05179771629694477 0.0 0.11108056106538879
-0.0625095017628482 0.0 0.1340520591280324
-0.07391342649632043 0.0 0.15850785463993375
-0.08596642175182238 0.0 0.18435558637822655
-0.09862990752960972 0.0 0.21151251926646586
-0.11189087848551453 0.0 0.23995076325407996
-0.1256949052437804 0.0 0.2695535941680803
-0.1400331322121418 0.0 0.3003020211295681
-0.1547511824514225 0.0 0.3318649817241129
-0.1697759644203307 0.0 0.36408573063558375
-0.1851450089134726 0.0 0.39704475291274594
-0.2007164625558263 0.0 0.4304378430111672
-0.21651752052929582 0.0 0.4643233211866453
-0.2324485853656531 0.0 0.4984875999793
-0.2485137908437638 0.0 0.5329395443065164
-0.2644592615510049 0.0 0.5671347165889774
-0.2803886221982843 0.0 0.6012953407363607
-0.2962652064338676 0.0 0.6353427855036221
-0.31202561413866864 0.0 0.66914108889662
-0.3277395912408568 0.0 0.7028398215409912
-0.3431376240578749 0.0 0.7358610094793199
-0.35835258642712137 0.0 0.7684896015754614
-0.3733064525122966 0.0 0.8005582708834929
-0.3880618306092659 0.0 0.8322012813271789
-0.40252341237953504 0.0 0.8632142435150357
-0.4164904797500658 0.0 0.8931667161503624
-0.4301650079601217 0.0 0.9224918365315304
-0.44320924245582205 0.0 0.9504652876803094
-0.4556448702137535 0.0 0.9771335774680739
-0.4675266122302173 0.0 1.00261405545009
-0.4787497187146803 0.0 1.0266820849756364
-0.4892544592416345 0.0 1.049209573733847
-0.49896056236805303 0.0 1.0700243790596309
-0.5079725505166318 0.0 1.0893506500118082
-0.516061014765992 0.0 1.1066964175708554
-0.5231850513624237 0.0 1.1219739633538663
-0.5292266303644073 0.0 1.1349301713344255
-0.5342120307427733 0.0 1.1456213969473423
-0.5382126785998048 0.0 1.1542008139632682
-0.5408754005467199 0.0 1.1599110396058203
-0.5420936893012868 0.0 1.162523668271168
-0.5414807446606845 0.0 1.1612092042475073
-0.5382519568881545 0.0 1.1542850465244598
-0.530222283394308 0.0 1.137065356147474
-0.508053754170914 0.0 1.089524791810387
-0.38448740020504946 0.0 0.8245358905884567
-0.3259118616280541 0.0 0.6989202427375156
-0.4489771043047778 0.0 0.9628345073319379
-0.4708439475678029 0.0 1.009728104039193
-0.47891630131850166 0.0 1.027039322522368
-0.48222440440481906 0.0 1.0341335724847345
-0.4830046461797119 0.0 1.035806806370663
-0.48212450906818843 0.0 1.0339193462440035
-0.479625534861874 0.0 1.028560278764387
-0.4762803564827036 0.0 1.0213865205799173
-0.47177831292504735 0.0 1.011731857014088
-0.46642045564492535 0.0 1.0002418949977638
-0.46011533029947876 0.0 0.9867205100597735
-0.4529624223015514 0.0 0.9713810493564501
-0.44503835233371747 0.0 0.9543878264718282
-0.43641004669623507 0.0 0.9358843653199757
-0.42707754495909367 0.0 0.9158707507590086
-0.41728572181100254 0.0 0.8948721182535214
-0.406891689905565 0.0 0.8725820449003137
-0.395949066762742 0.0 0.8491155138420013
-0.38462348901535265 0.0 0.8248277339839559
-0.37265051265378785 0.0 0.7991516033174828
-0.3604009590212052 0.0 0.7728823507792564
-0.34766185851157855 0.0 0.7455632615752951
-0.3346385924424262 0.0 0.7176347773623606
-0.32143355751664854 0.0 0.6893164885784601
-0.3079823953917743 0.0 0.6604703783127711
-0.29438706877594806 0.0 0.6313151062985439
-0.2804191613925517 0.0 0.601360832249814
-0.26641846572666683 0.0 0.5713362435023756
-0.2523174956086775 0.0 0.5410966154984491
-0.23817133984806077 0.0 0.5107600865712002
-0.22400793905270014 0.0 0.48038657554759884
-0.20971459727590497 0.0 0.4497344051900532
-0.19554590787342518 0.0 0.4193495527118849
-0.1814311908018935 0.0 0.38908044427095073
-0.16755660323679344 0.0 0.35932629521837783
-0.15384752947598063 0.0 0.32992709166453876
-0.14040903029892432 0.0 0.3011081371780795
-0.12721666632918638 0.0 0.2728170213470955
-0.11437313349878457 0.0 0.24527397630850714
-0.10197322648764422 0.0 0.21868228990944166
-0.0900576911361235 0.0 0.19312934188652917
-0.07864809584134817 0.0 0.1686613858166702
-0.06775768394953167 0.0 0.14530682214747012
-0.05744067307740191 0.0 0.12318192093321548
-0.047721380263480204 0.0 0.10233883023130155
-0.038577173352484076 0.0 0.08272901522809903
-0.030005955796613127 0.0 0.06434797986234075
-0.021870006923629833 0.0 0.04690038119931614
-0.013676299616615683 0.0 0.029328919174794556
-0.01455134426170989 0.0 0.031205458471953915
-0.02344248520675429 0.0 0.05027257175982753
-0.032327599967211004 0.0 0.06932676185314858
-0.041736922123596365 0.0 0.0895051183348209
-0.05179771629694477 0.0 0.11108056106538879
-0.0625095017628482 0.0 0.1340520591280324
-0.07391342649632043 0.0 0.15850785463993375
-0.08596642175182238 0.0 0.18435558637822655
-0.09862990752960972 0.0 0.21151251926646586
-0.11189087848551453 0.0 0.23995076325407996
-0.1256949052437804 0.0 0.2695535941680803
-0.1400331322121418 0.0 0.3003020211295681
-0.1547511824514225 0.0 0.3318649817241129
-0.1697759644203307 0.0 0.36408573063558375
-0.1851450089134726 0.0 0.39704475291274594
-0.2007164625558263 0.0 0.4304378430111672
-0.21651752052929582 0.0 0.4643233211866453
-0.2324485853656531 0.0 0.4984875999793
-0.2485137908437638 0.0 0.5329395443065164
-0.2644592615510049 0.0 0.5671347165889774
-0.2803886221982843 0.0 0.6012953407363607
-0.2962652064338676 0.0 0.6353427855036221
-0.31202561413866864 0.0 0.66914108889662
-0.3277395912408568 0.0 0.7028398215409912
-0.3431376240578749 0.0 0.7358610094793199
-0.35835258642712137 0.0 0.7684896015754614
-0.3733064525122966 0.0 0.8005582708834929
-0.3880618306092659 0.0 0.8322012813271789
-0.40252341237953504 0.0 0.8632142435150357
-0.4164904797500658 0.0 0.8931667161503624
-0.4301650079601217 0.0 0.9224918365315304
-0.44320924245582205 0.0 0.9504652876803094
-0.4556448702137535 0.0 0.9771335774680739
-0.4675266122302173 0.0 1.00261405545009
-0.4787497187146803 0.0 1.0266820849756364
-0.4892544592416345 0.0 1.049209573733847
-0.49896056236805303 0.0 1.0700243790596309
-0.5079725505166318 0.0 1.0893506500118082
-0.516061014765992 0.0 1.1066964175708554
-0.5231850513624237 0.0 1.1219739633538663
-0.5292266303644073 0.0 1.1349301713344255
-0.5342120307427733 0.0 1.1456213969473423
-0.5382126785998048 0.0 1.1542008139632682
-0.5408754005467199 0.0 1.1599110396058203
-0.5420936893012868 0.0 1.162523668271168
-0.5414807446606845 0.0 1.1612092042475073
-0.5382519568881545 0.0 1.1542850465244598
-0.530222283394308 0.0 1.137065356147474
-0.508053754170914 0.0 1.089524791810387
-0.38448740020504946 0.0 0.8245358905884567
-0.3259118616280541 0.0 0.6989202427375156
-0.4489771043047778 0.0 0.9628345073319379
-0.4708439475678029 0.0 1.009728104039193
-0.47891630131850166 0.0 1.027039322522368
-0.48222440440481906 0.0 1.0341335724847345
-0.4830046461797119 0.0 1.035806806370663
-0.48212450906818843 0.0 1.0339193462440035
-0.479625534861874 0.0 1.028560278764387
-0.4762803564827036 0.0 1.0213865205799173
-0.47177831292504735 0.0 1.011731857014088
-0.46642045564492535 0.0 1.0002418949977638
-0.46011533029947876 0.0 0.9867205100597735
-0.4529624223015514 0.0 0.9713810493564501
-0.44503835233371747 0.0 0.9543878264718282
-0.43641004669623507 0.0 0.9358843653199757
-0.42707754495909367 0.0 0.9158707507590086
-0.41728572181100254 0.0 0.8948721182535214
-0.406891689905565 0.0 0.8725820449003137
-0.395949066762742 0.0 0.8491155138420013
-0.38462348901535265 0.0 0.8248277339839559
-0.37265051265378785 0.0 0.7991516033174828
-0.3604009590212052 0.0 0.7728823507792564
-0.34766185851157855 0.0 0.7455632615752951
-0.3346385924424262 0.0 0.7176347773623606
-0.32143355751664854 0.0 0.6893164885784601
-0.3079823953917743 0.0 0.6604703783127711
-0.29438706877594806 0.0 0.6313151062985439
-0.2804191613925517 0.0 0.601360832249814
-0.26641846572666683 0.0 0.5713362435023756
-0.2523174956086775 0.0 0.5410966154984491
-0.23817133984806077 0.0 0.5107600865712002
-0.22400793905270014 0.0 0.48038657554759884
-0.20971459727590497 0.0 0.4497344051900532
-0.19554590787342518 0.0 0.4193495527118849
-0.1814311908018935 0.0 0.38908044427095073
-0.16755660323679344 0.0 0.35932629521837783
-0.15384752947598063 0.0 0.32992709166453876
-0.14040903029892432 0.0 0.3011081371780795
-0.12721666632918638 0.0 0.2728170213470955
-0.11437313349878457 0.0 0.24527397630850714
-0.10197322648764422 0.0 0.21868228990944166
-0.0900576911361235 0.0 0.19312934188652917
-0.07864809584134817 0.0 0.1686613858166702
-0.06775768394953167 0.0 0.14530682214747012
-0.05744067307740191 0.0 0.12318192093321548
-0.047721380263480204 0.0 0.10233883023130155
-0.038577173352484076 0.0 0.08272901522809903
-0.030005955796613127 0.0 0.06434797986234075
-0.021870006923629833 0.0 0.04690038119931614
-0.013676299616615683 0.0 0.029328919174794556

SCALARS Gamma float
LOOKUP_TABLE default
0.4501803535095142
0.6929693568602875
0.892349226581753
1.072624578577456
1.2417892741385037
1.4034991298968789
1.55879445425654
1.7092470890651612
1.8553595235162756
1.997137246551647
2.134898143864416
2.2685606817248747
2.3986945340583667
2.5243536309675347
2.644355335322209
2.759067614895727
2.8677647799003
2.9707634319914833
3.0678281263883385
3.159591869074442
3.2444052344699594
3.322316983036844
3.393674981839811
3.458495964432305
3.5180749657778025
3.571249546807582
3.618500308058559
3.659891655885759
3.696424066112318
3.7286287614464433
3.755206942585954
3.7775171957697093
3.794264587683619
3.8047839285258633
3.8097014274718006
3.8091558320366508
3.8031282335383185
3.7911628160047286
3.7745253357096367
3.7526180289713347
3.7250968199290853
3.691197039326143
3.651241015250496
3.6073526294762654
3.558435865114111
3.504631669406932
3.4463031011448866
3.384792542589141
3.324057053567314
3.2671652295861553
3.263815046257488
3.3189992675177415
3.380346606367789
3.4412622117151694
3.498664377925958
3.5511609907165367
3.597710097985937
3.6415131148207895
3.678962282883057
3.7115378829762498
3.7380150978543827
3.7590808851907647
3.7749880388803283
3.7859186671995357
3.7920479338692115
3.793875250595393
3.7899304466660126
3.7806027910320865
3.7658556704800272
3.7446957713461986
3.718962214206989
3.687387770759264
3.6513112748824006
3.6102173586815467
3.563109633929179
3.509897927743618
3.4499028800964004
3.384885692504808
3.313475863996192
3.2355883170601314
3.15086801322113
3.059268100701721
2.9623301239498607
2.859347319361037
2.7510907110836924
2.6366840568867804
2.5168621945301646
2.3916472257500563
2.2622164761874792
2.1289926352414166
1.9917335084757146
1.8501882736006205
1.7042815298991407
1.554166229089226
1.3991810466180337
1.2380970775713371
1.0695922447548936
0.8897183802027733
0.6908499694476208
0.44880967120498994
0.4501803535095142
0.6929693568602875
0.892349226581753
1.072624578577456
1.2417892741385037
1.4034991298968789
1.55879445425654
1.7092470890651612
1.8553595235162756
1.997137246551647
2.134898143864416
2.2685606817248747
2.3986945340583667
2.5243536309675347
2.644355335322209
2.759067614895727
2.8677647799003
2.9707634319914833
3.0678281263883385
3.159591869074442
3.2444052344699594
3.322316983036844
3.393674981839811
3.458495964432305
3.5180749657778025
3.571249546807582
3.618500308058559
3.659891655885759
3.696424066112318
3.7286287614464433
3.755206942585954
3.7775171957697093
3.794264587683619
3.8047839285258633
3.8097014274718006
3.8091558320366508
3.8031282335383185
3.7911628160047286
3.7745253357096367
3.7526180289713347
3.7250968199290853
3.691197039326143
3.651241015250496
3.6073526294762654
3.558435865114111
3.504631669406932
3.4463031011448866
3.384792542589141
3.324057053567314
3.2671652295861553
3.263815046257488
3.3189992675177415
3.380346606367789
3.4412622117151694
3.498664377925958
3.5511609907165367
3.597710097985937
3.6415131148207895
3.678962282883057
3.7115378829762498
3.7380150978543827
3.7590808851907647
3.7749880388803283
3.7859186671995357
3.7920479338692115
3.793875250595393
3.7899304466660126
3.7806027910320865
3.7658556704800272
3.7446957713461986
3.718962214206989
3.687387770759264
3.6513112748824006
3.6102173586815467
3.563109633929179
3.509897927743618
3.4499028800964004
3.384885692504808
3.313475863996192
3.2355883170601314
3.15086801322113
3.059268100701721
2.9623301239498607
2.859347319361037
2.7510907110836924
2.6366840568867804
2.5168621945301646
2.3916472257500563
2.2622164761874792
2.1289926352414166
1.9917335084757146
1.8501882736006205
1.7042815298991407
1.554166229089226
1.3991810466180337
1.2380970775713371
1.0695922447548936
0.8897183802027733
0.6908499694476208
0.44880967120498994

VECTORS Vvpm float
-0.2694796025753021 0.8076863884925842 -0.13363197445869446
-0.2651791274547577 0.8235794901847838 -0.11230775713920592
-0.2669680416584015 0.8168572187423706 -0.12140101194381714
-0.26615408062934875 0.8199876546859741 -0.11713451147079468
-0.2663877308368683 0.8191159963607788 -0.11832055449485779
-0.2631731331348419 0.8316668868064879 -0.10113328695297241
-0.2702941596508026 0.8050982356071472 -0.1369277536869049
-0.2753129303455353 0.7879446744918823 -0.15910330414772034
-0.27908971905708313 0.7754697799682617 -0.17480331659317017
-0.28586694598197937 0.7532644271850586 -0.20203891396522522
-0.2908242642879486 0.7369012832641602 -0.22156359255313873
-0.2970501482486725 0.7158794403076172 -0.2460252046585083
-0.2927549183368683 0.730420708656311 -0.22917836904525754
-0.28681036829948425 0.7501094937324524 -0.2058544158935547
-0.28883662819862366 0.7434819340705872 -0.21376265585422516
-0.2872220575809479 0.7487454414367676 -0.20749257504940033
-0.28974494338035583 0.7404456734657288 -0.21736772358417514
-0.2898721992969513 0.7400012016296387 -0.21789947152137754
-0.29101821780204773 0.7361538410186768 -0.22245553135871887
-0.2830524146556854 0.7623840570449829 -0.1909841001033783
-0.2814781963825226 0.7675228118896484 -0.18468281626701355
-0.28253474831581116 0.7640330195426941 -0.18898138403892517
-0.28356459736824036 0.7606343030929565 -0.19314557313919067
-0.28772106766700745 0.7470236420631409 -0.20956239104270935
-0.2840752899646759 0.758984386920929 -0.1951364427804947
-0.2848919928073883 0.7562904953956604 -0.19841380417346954
-0.28568699955940247 0.7536630034446716 -0.2015981823205948
-0.2890090048313141 0.7427461743354797 -0.214670330286026
-0.2897811233997345 0.7401665449142456 -0.21773770451545715
-0.2851370871067047 0.7555540204048157 -0.19927339255809784
-0.28595611453056335 0.7528422474861145 -0.2025570273399353
-0.28032925724983215 0.7712214589118958 -0.18010884523391724
-0.27671584486961365 0.7831583023071289 -0.165162593126297
-0.2773725092411041 0.7809548377990723 -0.16795116662979126
-0.2780208885669708 0.7787891030311584 -0.17068073153495789
-0.2786600887775421 0.7766631841659546 -0.17334970831871033
-0.27928903698921204 0.7745774388313293 -0.17595896124839783
-0.2836734354496002 0.7602285742759705 -0.1936255842447281
-0.28427985310554504 0.7582309246063232 -0.1960611343383789
-0.2848758399486542 0.7562713623046875 -0.19844140112400055
-0.2854595482349396 0.7543514370918274 -0.2007668912410736
-0.2896033823490143 0.7407509088516235 -0.21703024208545685
-0.2971234619617462 0.7154866456985474 -0.24646267294883728
-0.2976582944393158 0.7136234045028687 -0.24860629439353943
-0.29869988560676575 0.7100493907928467 -0.25266629457473755
-0.29912593960762024 0.708534836769104 -0.25440144538879395
-0.29954078793525696 0.7070478200912476 -0.2561038136482239
-0.2999466359615326 0.7055892944335938 -0.25777024030685425
-0.2918715178966522 0.7332060933113098 -0.22591134905815125
-0.2970961034297943 0.7158520817756653 -0.24599249660968783
-0.3067234456539154 0.681213915348053 -0.2851366698741913
-0.29953232407569885 0.7070860862731934 -0.25605523586273193
-0.2998766601085663 0.7058383822441101 -0.2574818730354309
-0.299470454454422 0.7072915434837341 -0.2558221220970154
-0.2990565598011017 0.7087739706039429 -0.25412482023239136
-0.2986313998699188 0.7102839946746826 -0.25239458680152893
-0.3035835325717926 0.6925651431083679 -0.2724945545196533
-0.2956688106060028 0.7204633951187134 -0.24073901772499082
-0.295152872800827 0.7222368121147156 -0.2386825829744339
-0.2907164990901947 0.737108051776886 -0.22130514681339264
-0.2901860773563385 0.7388819456100464 -0.21920543909072873
-0.28964248299598694 0.7406952977180481 -0.21705438196659085
-0.2890875041484833 0.7425479888916016 -0.21484944224357605
-0.2885195314884186 0.7444390654563904 -0.2125939279794693
-0.2879386246204376 0.7463678121566772 -0.2102874368429184
-0.28301766514778137 0.7624477744102478 -0.19087259471416473
-0.28239676356315613 0.7644957304000854 -0.18835832178592682
-0.28176429867744446 0.7665845155715942 -0.18578535318374634
-0.2802194058895111 0.7715807557106018 -0.17966020107269287
-0.2858524024486542 0.7531836628913879 -0.20214469730854034
-0.28503546118736267 0.7558849453926086 -0.1988724172115326
-0.289698988199234 0.7404341697692871 -0.21741972863674167
-0.28892913460731506 0.7430052757263184 -0.21436047554016113
-0.28561297059059143 0.7538999319076538 -0.20130954682826996
-0.28482040762901306 0.7565202116966248 -0.19813241064548492
-0.2840064465999603 0.7592068314552307 -0.1948627233505249
-0.2902849614620209 0.7385959625244141 -0.21956668794155124
-0.2866697609424591 0.7505105137825012 -0.20537179708480835
-0.2856830060482025 0.7537790536880493 -0.2014257311820984
-0.28466638922691345 0.7571402192115784 -0.1973477602005005
-0.2862388789653778 0.7520067691802979 -0.2035451978445053
-0.29381993412971497 0.726814866065979 -0.23337338864803314
-0.2927407920360565 0.7304948568344116 -0.22906486690044403
-0.29487696290016174 0.7233483791351318 -0.23737573623657227
-0.2900097668170929 0.7396053671836853 -0.21835283935070038
-0.2915954291820526 0.7343900203704834 -0.22449155151844025
-0.2916886508464813 0.7340745329856873 -0.2248602658510208
-0.29729387164115906 0.715058445930481 -0.24695873260498047
-0.2981027662754059 0.7122556567192078 -0.2501855492591858
-0.29271063208580017 0.7306470274925232 -0.22889725863933563
-0.28579047322273254 0.7535198926925659 -0.20172764360904694
-0.2808903157711029 0.7695836424827576 -0.18209710717201233
-0.27898362278938293 0.7757955193519592 -0.1743951141834259
-0.2736075222492218 0.7936850786209106 -0.15174081921577454
-0.268250435590744 0.8123823404312134 -0.12727656960487366
-0.26919546723365784 0.8088760375976562 -0.1319751739501953
-0.2658222019672394 0.8212230801582336 -0.11545735597610474
-0.26981714367866516 0.8065612316131592 -0.1350688934326172
-0.2693312466144562 0.808278501033783 -0.13279685378074646
-0.2727414667606354 0.7963178753852844 -0.1484505832195282
-0.2694796025753021 0.8076863884925842 -0.13363197445869446
-0.2651791274547577 0.8235794901847838 -0.11230775713920592
-0.2669680416584015 0.8168572187423706 -0.12140101194381714
-0.26615408062934875 0.8199876546859741 -0.11713451147079468
-0.2663877308368683 0.8191159963607788 -0.11832055449485779
-0.2631731331348419 0.8316668868064879 -0.10113328695297241
-0.2702941596508026 0.8050982356071472 -0.1369277536869049
-0.2753129303455353 0.7879446744918823 -0.15910330414772034
-0.27908971905708313 0.7754697799682617 -0.17480331659317017
-0.28586694598197937 0.7532644271850586 -0.20203891396522522
-0.2908242642879486 0.7369012832641602 -0.22156359255313873
-0.2970501482486725 0.7158794403076172 -0.2460252046585083
-0.2927549183368683 0.730420708656311 -0.22917836904525754
-0.28681036829948425 0.7501094937324524 -0.2058544158935547
-0.28883662819862366 0.7434819340705872 -0.21376265585422516
-0.2872220575809479 0.7487454414367676 -0.20749257504940033
-0.28974494338035583 0.7404456734657288 -0.21736772358417514
-0.2898721992969513 0.7400012016296387 -0.21789947152137754
-0.29101821780204773 0.7361538410186768 -0.22245553135871887
-0.2830524146556854 0.7623840570449829 -0.1909841001033783
-0.2814781963825226 0.7675228118896484 -0.18468281626701355
-0.28253474831581116 0.7640330195426941 -0.18898138403892517
-0.28356459736824036 0.7606343030929565 -0.19314557313919067
-0.28772106766700745 0.7470236420631409 -0.20956239104270935
-0.2840752899646759 0.758984386920929 -0.1951364427804947
-0.2848919928073883 0.7562904953956604 -0.19841380417346954
-0.28568699955940247 0.7536630034446716 -0.2015981823205948
-0.2890090048313141 0.7427461743354797 -0.214670330286026
-0.2897811233997345 0.7401665449142456 -0.21773770451545715
-0.2851370871067047 0.7555540204048157 -0.19927339255809784
-0.28595611453056335 0.7528422474861145 -0.2025570273399353
-0.28032925724983215 0.7712214589118958 -0.18010884523391724
-0.27671584486961365 0.7831583023071289 -0.165162593126297
-0.2773725092411041 0.7809548377990723 -0.16795116662979126
-0.2780208885669708 0.7787891030311584 -0.17068073153495789
-0.2786600887775421 0.7766631841659546 -0.17334970831871033
-0.27928903698921204 0.7745774388313293 -0.17595896124839783
-0.2836734354496002 0.7602285742759705 -0.1936255842447281
-0.28427985310554504 0.7582309246063232 -0.1960611343383789
-0.2848758399486542 0.7562713623046875 -0.19844140112400055
-0.2854595482349396 0.7543514370918274 -0.2007668912410736
-0.2896033823490143 0.7407509088516235 -0.21703024208545685
-0.2971234619617462 0.7154866456985474 -0.24646267294883728
-0.2976582944393158 0.7136234045028687 -0.24860629439353943
-0.29869988560676575 0.7100493907928467 -0.25266629457473755
-0.29912593960762024 0.708534836769104 -0.25440144538879395
-0.29954078793525696 0.7070478200912476 -0.2561038136482239
-0.2999466359615326 0.7055892944335938 -0.25777024030685425
-0.2918715178966522 0.7332060933113098 -0.22591134905815125
-0.2970961034297943 0.7158520817756653 -0.24599249660968783
-0.3067234456539154 0.681213915348053 -0.2851366698741913
-0.29953232407569885 0.7070860862731934 -0.25605523586273193
-0.2998766601085663 0.7058383822441101 -0.2574818730354309
-0.299470454454422 0.7072915434837341 -0.2558221220970154
-0.2990565598011017 0.7087739706039429 -0.25412482023239136
-0.2986313998699188 0.7102839946746826 -0.25239458680152893
-0.3035835325717926 0.6925651431083679 -0.2724945545196533
-0.2956688106060028 0.7204633951187134 -0.24073901772499082
-0.295152872800827 0.7222368121147156 -0.2386825829744339
-0.2907164990901947 0.737108051776886 -0.22130514681339264
-0.2901860773563385 0.7388819456100464 -0.21920543909072873
-0.28964248299598694 0.7406952977180481 -0.21705438196659085
-0.2890875041484833 0.7425479888916016 -0.21484944224357605
-0.2885195314884186 0.7444390654563904 -0.2125939279794693
-0.2879386246204376 0.7463678121566772 -0.2102874368429184
-0.28301766514778137 0.7624477744102478 -0.19087259471416473
-0.28239676356315613 0.7644957304000854 -0.18835832178592682
-0.28176429867744446 0.7665845155715942 -0.18578535318374634
-0.2802194058895111 0.7715807557106018 -0.17966020107269287
-0.2858524024486542 0.7531836628913879 -0.20214469730854034
-0.28503546118736267 0.7558849453926086 -0.1988724172115326
-0.289698988199234 0.7404341697692871 -0.21741972863674167
-0.28892913460731506 0.7430052757263184 -0.21436047554016113
-0.28561297059059143 0.7538999319076538 -0.20130954682826996
-0.28482040762901306 0.7565202116966248 -0.19813241064548492
-0.2840064465999603 0.7592068314552307 -0.1948627233505249
-0.2902849614620209 0.7385959625244141 -0.21956668794155124
-0.2866697609424591 0.7505105137825012 -0.20537179708480835
-0.2856830060482025 0.7537790536880493 -0.2014257311820984
-0.28466638922691345 0.7571402192115784 -0.1973477602005005
-0.2862388789653778 0.7520067691802979 -0.2035451978445053
-0.29381993412971497 0.726814866065979 -0.23337338864803314
-0.2927407920360565 0.7304948568344116 -0.22906486690044403
-0.29487696290016174 0.7233483791351318 -0.23737573623657227
-0.2900097668170929 0.7396053671836853 -0.21835283935070038
-0.2915954291820526 0.7343900203704834 -0.22449155151844025
-0.2916886508464813 0.7340745329856873 -0.2248602658510208
-0.29729387164115906 0.715058445930481 -0.24695873260498047
-0.2981027662754059 0.7122556567192078 -0.2501855492591858
-0.29271063208580017 0.7306470274925232 -0.22889725863933563
-0.28579047322273254 0.7535198926925659 -0.20172764360904694
-0.2808903157711029 0.7695836424827576 -0.18209710717201233
-0.27898362278938293 0.7757955193519592 -0.1743951141834259
-0.2736075222492218 0.7936850786209106 -0.15174081921577454
-0.268250435590744 0.8123823404312134 -0.12727656960487366
-0.26919546723365784 0.8088760375976562 -0.1319751739501953
-0.2658222019672394 0.8212230801582336 -0.11545735597610474
-0.26981714367866516 0.8065612316131592 -0.1350688934326172
-0.2693312466144562 0.808278501033783 -0.13279685378074646
-0.2727414667606354 0.7963178753852844 -0.1484505832195282

VECTORS Vvpm_BBp float
-0.30068716406822205 0.7034945487976074 -0.2601003646850586
-0.3044765889644623 0.6897138953208923 -0.27566397190093994
-0.3081847131252289 0.675684928894043 -0.29131197929382324
-0.31163129210472107 0.661715030670166 -0.3067777156829834
-0.3137432634830475 0.6529422402381897 -0.3163999617099762
-0.3163156807422638 0.6412885785102844 -0.3291703760623932
-0.3175441324710846 0.6354170441627502 -0.33558735251426697
-0.3208164870738983 0.6188892126083374 -0.3535654544830322
-0.32212838530540466 0.6115089654922485 -0.36158931255340576
-0.32278868556022644 0.6076240539550781 -0.36580777168273926
-0.32189759612083435 0.6126582026481628 -0.3603498339653015
-0.32284989953041077 0.6074028015136719 -0.3660314083099365
-0.3224315345287323 0.6097387671470642 -0.36350104212760925
-0.3216404616832733 0.6141476035118103 -0.3587145209312439
-0.32091614603996277 0.6180481314659119 -0.3544865548610687
-0.3212098181247711 0.6163561940193176 -0.3563307523727417
-0.3226258456707001 0.608633279800415 -0.36468949913978577
-0.32246139645576477 0.6095442175865173 -0.3637004792690277
-0.32267507910728455 0.6082161068916321 -0.3651474118232727
-0.32189980149269104 0.6125631332397461 -0.36043107509613037
-0.3207857310771942 0.6186349987983704 -0.3538443148136139
-0.3210153877735138 0.6173267960548401 -0.3552703261375427
-0.32064297795295715 0.6193318367004395 -0.35308828949928284
-0.3208666741847992 0.6180707216262817 -0.35446232557296753
-0.32249870896339417 0.6095221042633057 -0.3636915683746338
-0.3226630985736847 0.6085065603256226 -0.36479753255844116
-0.3223254978656769 0.61039799451828 -0.36274993419647217
-0.3220541179180145 0.6118613481521606 -0.3611644506454468
-0.3222251236438751 0.6108202934265137 -0.36229971051216125
-0.3211997449398041 0.6164829134941101 -0.3561563789844513
-0.32137373089790344 0.6154614090919495 -0.3572711944580078
-0.3207031190395355 0.6191294193267822 -0.35327810049057007
-0.31907907128334045 0.6275528073310852 -0.3441086411476135
-0.31926873326301575 0.626547634601593 -0.34520667791366577
-0.3194541037082672 0.6255637407302856 -0.34627971053123474
-0.3196351230144501 0.6246017813682556 -0.347328782081604
-0.3198108375072479 0.623660147190094 -0.3483554720878601
-0.31998082995414734 0.6227389574050903 -0.34935933351516724
-0.31913086771965027 0.6271035671234131 -0.3446120619773865
-0.3193260133266449 0.626086950302124 -0.34571972489356995
-0.3245945870876312 0.5969857573509216 -0.37724244594573975
-0.32423707842826843 0.5991785526275635 -0.37486177682876587
-0.32432469725608826 0.598602294921875 -0.3754875957965851
-0.3244076073169708 0.5980367660522461 -0.37610360980033875
-0.32448723912239075 0.5974827408790588 -0.3767075836658478
-0.32456400990486145 0.596940279006958 -0.37729912996292114
-0.32463791966438293 0.5964087247848511 -0.37787941098213196
-0.3235393464565277 0.6031755208969116 -0.370538592338562
-0.3245662748813629 0.5970240831375122 -0.37720993161201477
-0.32957735657691956 0.5601020455360413 -0.4172055721282959
-0.32456663250923157 0.5970262289047241 -0.3772064745426178
-0.3235417306423187 0.6031839847564697 -0.37052807211875916
-0.3246385157108307 0.596410870552063 -0.37787625193595886
-0.3245634138584137 0.5969412922859192 -0.377297580242157
-0.32448747754096985 0.5974844694137573 -0.37670469284057617
-0.3244076669216156 0.5980382561683655 -0.37610092759132385
-0.3243257701396942 0.5986047983169556 -0.37548378109931946
-0.324239045381546 0.599181592464447 -0.37485647201538086
-0.32459720969200134 0.5969870090484619 -0.3772384524345398
-0.31932780146598816 0.6260865330696106 -0.34571561217308044
-0.3191339671611786 0.6271045804023743 -0.3446064591407776
-0.31998398900032043 0.6227419972419739 -0.34935182332992554
-0.3198145925998688 0.6236633062362671 -0.348347008228302
-0.31963905692100525 0.6246050000190735 -0.34732022881507874
-0.3194582760334015 0.6255673766136169 -0.3462710976600647
-0.3192727267742157 0.62655109167099 -0.34519824385643005
-0.3190818130970001 0.6275554299354553 -0.34410205483436584
-0.3207043707370758 0.6191339492797852 -0.3532712459564209
-0.3213743269443512 0.6154661774635315 -0.35726502537727356
-0.32119980454444885 0.6164872646331787 -0.35615110397338867
-0.32222452759742737 0.6108205318450928 -0.3622983396053314
-0.3220535218715668 0.6118621230125427 -0.3611631393432617
-0.3223249614238739 0.6103968024253845 -0.3627500832080841
-0.32266250252723694 0.6085071563720703 -0.36479616165161133
-0.32249853014945984 0.6095227599143982 -0.3636896312236786
-0.32086673378944397 0.618073046207428 -0.3544584810733795
-0.3206431567668915 0.6193342208862305 -0.35308417677879333
-0.3210161030292511 0.6173303127288818 -0.35526514053344727
-0.3207866847515106 0.6186386346817017 -0.35383880138397217
-0.321900874376297 0.612565279006958 -0.360426664352417
-0.3226764500141144 0.6082189083099365 -0.3651424050331116
-0.3224627673625946 0.6095472574234009 -0.36369553208351135
-0.32262763381004333 0.6086371541023254 -0.36468371748924255
-0.3212111294269562 0.6163613796234131 -0.35632383823394775
-0.3209172785282135 0.6180530786514282 -0.35447990894317627
-0.3216414153575897 0.6141509413719177 -0.3587093949317932
-0.3224327862262726 0.6097431182861328 -0.3634951710700989
-0.32285091280937195 0.6074084043502808 -0.3660244345664978
-0.32189884781837463 0.6126649975776672 -0.3603416681289673
-0.3227897584438324 0.6076297760009766 -0.36580076813697815
-0.3221301734447479 0.611513614654541 -0.3615829050540924
-0.3208182752132416 0.6188918352127075 -0.3535604476928711
-0.317545622587204 0.635417103767395 -0.33558404445648193
-0.31631746888160706 0.6412853002548218 -0.3291693329811096
-0.31374451518058777 0.6529373526573181 -0.31639987230300903
-0.31163230538368225 0.6617069244384766 -0.30677998065948486
-0.30818548798561096 0.6756757497787476 -0.29131513833999634
-0.30447718501091003 0.6897028684616089 -0.275668203830719
-0.30068764090538025 0.7034822106361389 -0.26010507345199585
-0.2948967516422272 0.7235844135284424 -0.23705701529979706
-0.30068716406822205 0.7034945487976074 -0.2601003646850586
-0.3044765889644623 0.6897138953208923 -0.27566397190093994
-0.3081847131252289 0.675684928894043 -0.29131197929382324
-0.31163129210472107 0.661715030670166 -0.3067777156829834
-0.3137432634830475 0.6529422402381897 -0.3163999617099762
-0.3163156807422638 0.6412885785102844 -0.3291703760623932
-0.3175441324710846 0.6354170441627502 -0.33558735251426697
-0.3208164870738983 0.6188892126083374 -0.3535654544830322
-0.32212838530540466 0.6115089654922485 -0.36158931255340576
-0.32278868556022644 0.6076240539550781 -0.36580777168273926
-0.32189759612083435 0.6126582026481628 -0.3603498339653015
-0.32284989953041077 0.6074028015136719 -0.3660314083099365
-0.3224315345287323 0.6097387671470642 -0.36350104212760925
-0.3216404616832733 0.6141476035118103 -0.3587145209312439
-0.32091614603996277 0.6180481314659119 -0.3544865548610687
-0.3212098181247711 0.6163561940193176 -0.3563307523727417
-0.3226258456707001 0.608633279800415 -0.36468949913978577
-0.32246139645576477 0.6095442175865173 -0.3637004792690277
-0.32267507910728455 0.6082161068916321 -0.3651474118232727
-0.32189980149269104 0.6125631332397461 -0.36043107509613037
-0.3207857310771942 0.6186349987983704 -0.3538443148136139
-0.3210153877735138 0.6173267960548401 -0.3552703261375427
-0.32064297795295715 0.6193318367004395 -0.35308828949928284
-0.3208666741847992 0.6180707216262817 -0.35446232557296753
-0.32249870896339417 0.6095221042633057 -0.3636915683746338
-0.3226630985736847 0.6085065603256226 -0.36479753255844116
-0.3223254978656769 0.61039799451828 -0.36274993419647217
-0.3220541179180145 0.6118613481521606 -0.3611644506454468
-0.3222251236438751 0.6108202934265137 -0.36229971051216125
-0.3211997449398041 0.6164829134941101 -0.3561563789844513
-0.32137373089790344 0.6154614090919495 -0.3572711944580078
-0.3207031190395355 0.6191294193267822 -0.35327810049057007
-0.31907907128334045 0.6275528073310852 -0.3441086411476135
-0.31926873326301575 0.626547634601593 -0.34520667791366577
-0.3194541037082672 0.6255637407302856 -0.34627971053123474
-0.3196351230144501 0.6246017813682556 -0.347328782081604
-0.3198108375072479 0.623660147190094 -0.3483554720878601
-0.31998082995414734 0.6227389574050903 -0.34935933351516724
-0.31913086771965027 0.6271035671234131 -0.3446120619773865
-0.3193260133266449 0.626086950302124 -0.34571972489356995
-0.3245945870876312 0.5969857573509216 -0.37724244594573975
-0.32423707842826843 0.5991785526275635 -0.37486177682876587
-0.32432469725608826 0.598602294921875 -0.3754875957965851
-0.3244076073169708 0.5980367660522461 -0.37610360980033875
-0.32448723912239075 0.5974827408790588 -0.3767075836658478
-0.32456400990486145 0.596940279006958 -0.37729912996292114
-0.32463791966438293 0.5964087247848511 -0.37787941098213196
-0.3235393464565277 0.6031755208969116 -0.370538592338562
-0.3245662748813629 0.5970240831375122 -0.37720993161201477
-0.32957735657691956 0.5601020455360413 -0.4172055721282959
-0.32456663250923157 0.5970262289047241 -0.3772064745426178
-0.3235417306423187 0.6031839847564697 -0.37052807211875916
-0.3246385157108307 0.596410870552063 -0.37787625193595886
-0.3245634138584137 0.5969412922859192 -0.377297580242157
-0.32448747754096985 0.5974844694137573 -0.37670469284057617
-0.3244076669216156 0.5980382561683655 -0.37610092759132385
-0.3243257701396942 0.5986047983169556 -0.37548378109931946
-0.324239045381546 0.599181592464447 -0.37485647201538086
-0.32459720969200134 0.5969870090484619 -0.3772384524345398
-0.31932780146598816 0.6260865330696106 -0.34571561217308044
-0.3191339671611786 0.6271045804023743 -0.3446064591407776
-0.31998398900032043 0.6227419972419739 -0.34935182332992554
-0.3198145925998688 0.6236633062362671 -0.348347008228302
-0.31963905692100525 0.6246050000190735 -0.34732022881507874
-0.3194582760334015 0.6255673766136169 -0.3462710976600647
-0.3192727267742157 0.62655109167099 -0.34519824385643005
-0.3190818130970001 0.6275554299354553 -0.34410205483436584
-0.3207043707370758 0.6191339492797852 -0.3532712459564209
-0.3213743269443512 0.6154661774635315 -0.35726502537727356
-0.32119980454444885 0.6164872646331787 -0.35615110397338867
-0.32222452759742737 0.6108205318450928 -0.3622983396053314
-0.3220535218715668 0.6118621230125427 -0.3611631393432617
-0.3223249614238739 0.6103968024253845 -0.3627500832080841
-0.32266250252723694 0.6085071563720703 -0.36479616165161133
-0.32249853014945984 0.6095227599143982 -0.3636896312236786
-0.32086673378944397 0.618073046207428 -0.3544584810733795
-0.3206431567668915 0.6193342208862305 -0.35308417677879333
-0.3210161030292511 0.6173303127288818 -0.35526514053344727
-0.3207866847515106 0.6186386346817017 -0.35383880138397217
-0.321900874376297 0.612565279006958 -0.360426664352417
-0.3226764500141144 0.6082189083099365 -0.3651424050331116
-0.3224627673625946 0.6095472574234009 -0.36369553208351135
-0.32262763381004333 0.6086371541023254 -0.36468371748924255
-0.3212111294269562 0.6163613796234131 -0.35632383823394775
-0.3209172785282135 0.6180530786514282 -0.35447990894317627
-0.3216414153575897 0.6141509413719177 -0.3587093949317932
-0.3224327862262726 0.6097431182861328 -0.3634951710700989
-0.32285091280937195 0.6074084043502808 -0.3660244345664978
-0.32189884781837463 0.6126649975776672 -0.3603416681289673
-0.3227897584438324 0.6076297760009766 -0.36580076813697815
-0.3221301734447479 0.611513614654541 -0.3615829050540924
-0.3208182752132416 0.6188918352127075 -0.3535604476928711
-0.317545622587204 0.635417103767395 -0.33558404445648193
-0.31631746888160706 0.6412853002548218 -0.3291693329811096
-0.31374451518058777 0.6529373526573181 -0.31639987230300903
-0.31163230538368225 0.6617069244384766 -0.30677998065948486
-0.30818548798561096 0.6756757497787476 -0.29131513833999634
-0.30447718501091003 0.6897028684616089 -0.275668203830719
-0.30068764090538025 0.7034822106361389 -0.26010507345199585
-0.2948967516422272 0.7235844135284424 -0.23705701529979706

VECTORS ftot float
-5.874294834636437 -9.920824359428275 5.655698594583184
-7.873814276617519 -11.920334890177408 7.754152250450741
-8.926276349258696 -12.972807709366508 9.477426578769968
-9.62647253510549 -13.673023712444262 11.035570216374513
-10.141362542742707 -14.187934705535001 12.497685081909243
-10.515289264932097 -14.561877551025859 13.895351711860975
-10.82634943943932 -14.872997001983752 15.237571290757975
-11.06591182869519 -15.112559686261903 16.537931761639342
-11.241295965063813 -15.287957293279044 17.800786568185586
-11.376354126340201 -15.423006746738873 19.026190358404968
-11.464930449100489 -15.51156294213374 20.216871440866896
-11.52695630751343 -15.573592614698144 21.37213292864129
-11.509873553573978 -15.556504532238286 22.49690685500068
-11.428050924377054 -15.474677686042794 23.5830046766104
-11.339230227616309 -15.38584645177784 24.620188411616624
-11.206198729651632 -15.252809837206392 25.611673360732006
-11.07091767253019 -15.117541646847235 26.551153164580473
-10.912764362066973 -14.959382907644235 27.441397532790806
-10.753764830012358 -14.800377471969854 28.28035443531377
-10.525831366802528 -14.572442148793625 29.0734946957734
-10.306732713260317 -14.35332799303488 29.806538049782883
-10.099747190455815 -14.146339820267562 30.47995101679727
-9.895562252727828 -13.942153495476136 31.09672087212146
-9.722931524606246 -13.769533666007918 31.656977662332
-9.505264786296799 -13.551869406161133 32.17194430601355
-9.307930291126677 -13.35463491747067 32.63138016978577
-9.113977633330578 -13.160677886313946 33.039788764996274
-8.945389578941985 -12.99208490180604 33.397553022444185
-8.771888592347821 -12.818579260384727 33.71332242252531
-8.5527479239126 -12.59942253638638 33.99164178748875
-8.360901386547392 -12.407571002391496 34.22137111253383
-8.115158515018123 -12.161822940804836 34.41421256649853
-7.8540909665032315 -11.900764372873118 34.55896805723675
-7.608840980522149 -11.655513999918723 34.649896556092116
-7.357489486001094 -11.404162273967186 34.692410678824366
-7.09568053119406 -11.14235269984568 34.68770507517681
-6.818916079276513 -10.865640559492249 34.63556462613479
-6.560243169714102 -10.60696337999045 34.53215980900972
-6.267097345023198 -10.313813704969595 34.38837320676643
-5.952519537178393 -9.99924172241776 34.19904379797836
-5.6132617133609175 -9.659988784361015 33.96119449475946
-5.275643688996432 -9.32236711640066 33.66820681972571
-4.951184489298607 -8.997905524772733 33.32287618385657
-4.557553281527205 -8.60427168045299 32.94355679201908
-4.10917097910469 -8.155886604346433 32.520777416052184
-3.5605803157326843 -7.607293197976674 32.055753434414676
-2.813442448813671 -6.86015052992067 31.551624271365952
-1.5783851648862735 -5.625090227677438 31.019993182552692
1.3640326859324863 -2.682692107565551 30.495006065593998
16.773033543615817 12.726218707842744 30.003150535570878
16.66607401259671 -12.619263185574043 26.57394831042759
1.3009601443924206 2.745754060688625 26.993587114488776
-1.5863881871952037 5.633082573518843 27.459981494969664
-2.8259122552378084 6.872610222771004 27.923007027920786
-3.575060722336112 7.621763317052285 28.35931964482925
-4.127936473436123 8.174641916549383 28.75835036416823
-4.6050559679254945 8.65176437919133 29.112169981629528
-4.949203357187415 8.995914504263123 29.445116411998146
-5.319770389084041 9.366484460289703 29.729763098657788
-5.641485139655491 9.688202486037685 29.977362662781598
-5.971250436024618 10.017963389926967 30.178618568904106
-6.277399492773512 10.324106796389573 30.338744239360373
-6.5637414103110805 10.610452965463347 30.459640156614803
-6.83219406260095 10.87890989893121 30.5427106771368
-7.083535175893924 11.13019224690144 30.589366273538033
-7.302726053516015 11.349384013010377 30.603246298558897
-7.548485498860284 11.595144140099162 30.573249008169917
-7.7833450467776455 11.83000428787241 30.502337455870123
-8.009708332819411 12.056364259023214 30.3902255447312
-8.267051252821627 12.313712275970726 30.2293611486636
-8.467253683382099 12.513920009160877 30.03373267106475
-8.693811686447276 12.740491615643807 29.79372316224748
-8.874404117570862 12.921089027056947 29.5194712745022
-9.049988402829783 13.096678443043189 29.207081964807948
-9.250910559437836 13.29760481029187 28.848980872959594
-9.455926970128296 13.502524479176802 28.444755002827325
-9.691439073701417 13.738037644353657 27.988689095251804
-9.8632102250028 13.909793775638228 27.494472077358907
-10.06370441068691 14.11028955408054 26.951646879072833
-10.267507570544028 14.314095620799 26.35958150624564
-10.483029250856667 14.529631064515298 25.71557943164551
-10.706330974702311 14.752937293905761 25.019273883833087
-10.864483632908335 14.911096418624172 24.282394847245957
-11.027696310731901 15.074314599894503 23.4995678454901
-11.146341756879362 15.1929463666862 22.67667933989469
-11.279168144140991 15.325777957537687 21.807018578339488
-11.372869201166072 15.419490603140147 20.896204025823803
-11.445782235673793 15.49240943686883 19.944386811950448
-11.448853023055868 15.495487704012977 18.960524572288445
-11.393034984307217 15.43966461381481 17.9478445827
-11.30146325905827 15.348110037745005 16.904483672073535
-11.175957228731995 15.222611227195578 15.828546407342111
-11.004346467568096 15.050983749069044 14.71948394573317
-10.761288960396037 14.807924046384963 13.578429217022219
-10.452238997121032 14.498816700947122 12.400385101784357
-10.06854680971158 14.115105720092162 11.175947862480538
-9.551801514420983 13.598339752513438 9.895089540916896
-8.862067367440496 12.90858453044784 8.527808362331616
-7.812913823961031 11.859420234275005 7.016131064746047
-5.819777993232989 9.866290888216819 5.176291519359455
-5.874294834636437 -9.920824359428275 5.655698594583184
-7.873814276617519 -11.920334890177408 7.754152250450741
-8.926276349258696 -12.972807709366508 9.477426578769968
-9.62647253510549 -13.673023712444262 11.035570216374513
-10.141362542742707 -14.187934705535001 12.497685081909243
-10.515289264932097 -14.561877551025859 13.895351711860975
-10.82634943943932 -14.872997001983752 15.237571290757975
-11.06591182869519 -15.112559686261903 16.537931761639342
-11.241295965063813 -15.287957293279044 17.800786568185586
-11.376354126340201 -15.423006746738873 19.026190358404968
-11.464930449100489 -15.51156294213374 20.216871440866896
-11.52695630751343 -15.573592614698144 21.37213292864129
-11.509873553573978 -15.556504532238286 22.49690685500068
-11.428050924377054 -15.474677686042794 23.5830046766104
-11.339230227616309 -15.38584645177784 24.620188411616624
-11.206198729651632 -15.252809837206392 25.611673360732006
-11.07091767253019 -15.117541646847235 26.551153164580473
-10.912764362066973 -14.959382907644235 27.441397532790806
-10.753764830012358 -14.800377471969854 28.28035443531377
-10.525831366802528 -14.572442148793625 29.0734946957734
-10.306732713260317 -14.35332799303488 29.806538049782883
-10.099747190455815 -14.146339820267562 30.47995101679727
-9.895562252727828 -13.942153495476136 31.09672087212146
-9.722931524606246 -13.769533666007918 31.656977662332
-9.505264786296799 -13.551869406161133 32.17194430601355
-9.307930291126677 -13.35463491747067 32.63138016978577
-9.113977633330578 -13.160677886313946 33.039788764996274
-8.945389578941985 -12.99208490180604 33.397553022444185
-8.771888592347821 -12.818579260384727 33.71332242252531
-8.5527479239126 -12.59942253638638 33.99164178748875
-8.360901386547392 -12.407571002391496 34.22137111253383
-8.115158515018123 -12.161822940804836 34.41421256649853
-7.8540909665032315 -11.900764372873118 34.55896805723675
-7.608840980522149 -11.655513999918723 34.649896556092116
-7.357489486001094 -11.404162273967186 34.692410678824366
-7.09568053119406 -11.14235269984568 34.68770507517681
-6.818916079276513 -10.865640559492249 34.63556462613479
-6.560243169714102 -10.60696337999045 34.53215980900972
-6.267097345023198 -10.313813704969595 34.38837320676643
-5.952519537178393 -9.99924172241776 34.19904379797836
-5.6132617133609175 -9.659988784361015 33.96119449475946
-5.275643688996432 -9.32236711640066 33.66820681972571
-4.951184489298607 -8.997905524772733 33.32287618385657
-4.557553281527205 -8.60427168045299 32.94355679201908
-4.10917097910469 -8.155886604346433 32.520777416052184
-3.5605803157326843 -7.607293197976674 32.055753434414676
-2.813442448813671 -6.86015052992067 31.551624271365952
-1.5783851648862735 -5.625090227677438 31.019993182552692
1.3640326859324863 -2.682692107565551 30.495006065593998
16.773033543615817 12.726218707842744 30.003150535570878
16.66607401259671 -12.619263185574043 26.57394831042759
1.3009601443924206 2.745754060688625 26.993587114488776
-1.5863881871952037 5.633082573518843 27.459981494969664
-2.8259122552378084 6.872610222771004 27.923007027920786
-3.575060722336112 7.621763317052285 28.35931964482925
-4.127936473436123 8.174641916549383 28.75835036416823
-4.6050559679254945 8.65176437919133 29.112169981629528
-4.949203357187415 8.995914504263123 29.445116411998146
-5.319770389084041 9.366484460289703 29.729763098657788
-5.641485139655491 9.688202486037685 29.977362662781598
-5.971250436024618 10.017963389926967 30.178618568904106
-6.277399492773512 10.324106796389573 30.338744239360373
-6.5637414103110805 10.610452965463347 30.459640156614803
-6.83219406260095 10.87890989893121 30.5427106771368
-7.083535175893924 11.13019224690144 30.589366273538033
-7.302726053516015 11.349384013010377 30.603246298558897
-7.548485498860284 11.595144140099162 30.573249008169917
-7.7833450467776455 11.83000428787241 30.502337455870123
-8.009708332819411 12.056364259023214 30.3902255447312
-8.267051252821627 12.313712275970726 30.2293611486636
-8.467253683382099 12.513920009160877 30.03373267106475
-8.693811686447276 12.740491615643807 29.79372316224748
-8.874404117570862 12.921089027056947 29.5194712745022
-9.049988402829783 13.096678443043189 29.207081964807948
-9.250910559437836 13.29760481029187 28.848980872959594
-9.455926970128296 13.502524479176802 28.444755002827325
-9.691439073701417 13.738037644353657 27.988689095251804
-9.8632102250028 13.909793775638228 27.494472077358907
-10.06370441068691 14.11028955408054 26.951646879072833
-10.267507570544028 14.314095620799 26.35958150624564
-10.483029250856667 14.529631064515298 25.71557943164551
-10.706330974702311 14.752937293905761 25.019273883833087
-10.864483632908335 14.911096418624172 24.282394847245957
-11.027696310731901 15.074314599894503 23.4995678454901
-11.146341756879362 15.1929463666862 22.67667933989469
-11.279168144140991 15.325777957537687 21.807018578339488
-11.372869201166072 15.419490603140147 20.896204025823803
-11.445782235673793 15.49240943686883 19.944386811950448
-11.448853023055868 15.495487704012977 18.960524572288445
-11.393034984307217 15.43966461381481 17.9478445827
-11.30146325905827 15.348110037745005 16.904483672073535
-11.175957228731995 15.222611227195578 15.828546407342111
-11.004346467568096 15.050983749069044 14.71948394573317
-10.761288960396037 14.807924046384963 13.578429217022219
-10.452238997121032 14.498816700947122 12.400385101784357
-10.06854680971158 14.115105720092162 11.175947862480538
-9.551801514420983 13.598339752513438 9.895089540916896
-8.862067367440496 12.90858453044784 8.527808362331616
-7.812913823961031 11.859420234275005 7.016131064746047
-5.819777993232989 9.866290888216819 5.176291519359455

VECTORS D float
-0.012032509999035459 -0.0 -0.00561085155937683
-0.01873486457436058 -0.0 -0.008736210825521127
-0.02290700570371529 -0.0 -0.010681712185042673
-0.025831985135426738 -0.0 -0.012045652493995578
-0.02781480193516636 -0.0 -0.012970255152432551
-0.02877881616513217 -0.0 -0.013419782370436
-0.029074281360479876 -0.0 -0.013557560053744899
-0.02849822049907408 -0.0 -0.013288938462508011
-0.02699272195099605 -0.0 -0.012586912960197993
-0.024697132819120605 -0.0 -0.011516462168027089
-0.02148629892711974 -0.0 -0.010019225735123465
-0.017525604296625474 -0.0 -0.008172323497310606
-0.01214112991038713 -0.0 -0.005661501855868231
-0.005428989666072539 -0.0 -0.002531579457333973
0.0018765411437519784 0.0 0.0008750455061744876
0.01028343586154319 0.0 0.004795244894383335
0.01918118588079523 0.0 0.008944333868709348
0.028860539338517857 0.0 0.013457890512034477
0.03895343983593288 0.0 0.018164287306975495
0.0505915532083801 0.0 0.023591228699023734
0.06240562336203808 0.0 0.02910022008565485
0.07426489325477303 0.0 0.03463028845676416
0.08628819490235061 0.0 0.0402368460913372
0.09785846320469083 0.0 0.045632150807626476
0.11050199978813105 0.0 0.05152792874264755
0.12280979802176674 0.0 0.057267149314018426
0.13509616074202527 0.0 0.06299637434134506
0.14682243167419728 0.0 0.06846442427861724
0.1586717447501295 0.0 0.07398984970980058
0.17162165709285893 0.0 0.08002849300765125
0.18383920266119222 0.0 0.08572562807002272
0.19737805542826448 0.0 0.09203889879794153
0.21119379325397175 0.0 0.09848128314913052
0.22438419295823925 0.0 0.1046320675453559
0.23752371046298648 0.0 0.11075912518228118
0.2507142670880277 0.0 0.11690998275186505
0.2640566205776241 0.0 0.1231316243618749
0.2765266846436138 0.0 0.12894651073352936
0.28974810682242186 0.0 0.1351117611472079
0.3032841811874778 0.0 0.14142373628498905
0.3171930111635491 0.0 0.14790953021880693
0.3305463444600543 0.0 0.15413629179686342
0.3429572526710466 0.0 0.15992359334030787
0.35735499047894786 0.0 0.16663736874024002
0.3732128610151548 0.0 0.1740320152133038
0.39218660290707386 0.0 0.182879616361362
0.41794654790448044 0.0 0.1948916759873042
0.46141710644478234 0.0 0.2151623303389222
0.568648641291231 0.0 0.2651652162335358
1.1435434091152268 0.0 0.5332430491031049
1.0801274655799304 0.0 0.5036717089834712
0.506770098498021 0.0 0.23631077785359017
0.4016899018007371 0.0 0.1873110774132131
0.35807767184459316 0.0 0.16697436059544632
0.33232310323212366 0.0 0.15496480801897344
0.31335258392886917 0.0 0.14611870958868864
0.29669129360931573 0.0 0.13834942231793712
0.28444823706488503 0.0 0.13264039129204444
0.27091116344582744 0.0 0.12632795019446985
0.2586785907115243 0.0 0.12062380784952628
0.24582761949998624 0.0 0.11463130155885666
0.23343039861236659 0.0 0.10885038251912052
0.2213931382406628 0.0 0.10323731582458935
0.209676999044792 0.0 0.09777399039354484
0.19827815299607995 0.0 0.09245862118690057
0.18764703559892779 0.0 0.08750124972986367
0.17607197707239322 0.0 0.08210371129534828
0.16464251210141817 0.0 0.07677406425076833
0.15331226508381424 0.0 0.07149068329767178
0.14106266188069128 0.0 0.06577859951469554
0.13022942658474346 0.0 0.06072697893360004
0.11871976853668736 0.0 0.05535993724304617
0.10833679655235502 0.0 0.05051827789234319
0.09810077496175548 0.0 0.04574514263560672
0.08733368780277982 0.0 0.040724367437354025
0.07655428442360862 0.0 0.03569784909130462
0.0652505227745607 0.0 0.0304268184683948
0.055419756132519524 0.0 0.025842656697676308
0.04521040093217456 0.0 0.021081956182930885
0.035164091802879285 0.0 0.016397285299748023
0.02517330062045133 0.0 0.011738502860354433
0.015371939239595608 0.0 0.007168052988116757
0.0070272743821619445 0.0 0.003276871860358551
-0.0010200168264059284 -0.0 -0.00047564165760004225
-0.007984653815866936 -0.0 -0.003723305222055284
-0.014741120859095585 -0.0 -0.006873897546384664
-0.020511426343036963 -0.0 -0.009564635183440312
-0.02555396270964564 -0.0 -0.01191600850771502
-0.02927449826484503 -0.0 -0.013650922729542457
-0.031885111642433774 -0.0 -0.014868271739993976
-0.03371562199968172 -0.0 -0.015721852737910737
-0.03483477129875369 -0.0 -0.016243720626686792
-0.035179720710453236 -0.0 -0.016404573179038352
-0.03461112372801487 -0.0 -0.01613943205172352
-0.03330027494487362 -0.0 -0.015528173225461597
-0.031319514200217904 -0.0 -0.014604529321255838
-0.02846761260944416 -0.0 -0.013274665769173615
-0.02483133327190123 -0.0 -0.011579040866886563
-0.01998111980938301 -0.0 -0.009317349185627844
-0.01266084115639662 -0.0 -0.0059038471899117324
-0.012032509999035459 -0.0 -0.00561085155937683
-0.01873486457436058 -0.0 -0.008736210825521127
-0.02290700570371529 -0.0 -0.010681712185042673
-0.025831985135426738 -0.0 -0.012045652493995578
-0.02781480193516636 -0.0 -0.012970255152432551
-0.02877881616513217 -0.0 -0.013419782370436
-0.029074281360479876 -0.0 -0.013557560053744899
-0.02849822049907408 -0.0 -0.013288938462508011
-0.02699272195099605 -0.0 -0.012586912960197993
-0.024697132819120605 -0.0 -0.011516462168027089
-0.02148629892711974 -0.0 -0.010019225735123465
-0.017525604296625474 -0.0 -0.008172323497310606
-0.01214112991038713 -0.0 -0.005661501855868231
-0.005428989666072539 -0.0 -0.002531579457333973
0.0018765411437519784 0.0 0.0008750455061744876
0.01028343586154319 0.0 0.004795244894383335
0.01918118588079523 0.0 0.008944333868709348
0.028860539338517857 0.0 0.013457890512034477
0.03895343983593288 0.0 0.018164287306975495
0.0505915532083801 0.0 0.023591228699023734
0.06240562336203808 0.0 0.02910022008565485
0.07426489325477303 0.0 0.03463028845676416
0.08628819490235061 0.0 0.0402368460913372
0.09785846320469083 0.0 0.045632150807626476
0.11050199978813105 0.0 0.05152792874264755
0.12280979802176674 0.0 0.057267149314018426
0.13509616074202527 0.0 0.06299637434134506
0.14682243167419728 0.0 0.06846442427861724
0.1586717447501295 0.0 0.07398984970980058
0.17162165709285893 0.0 0.08002849300765125
0.18383920266119222 0.0 0.08572562807002272
0.19737805542826448 0.0 0.09203889879794153
0.21119379325397175 0.0 0.09848128314913052
0.22438419295823925 0.0 0.1046320675453559
0.23752371046298648 0.0 0.11075912518228118
0.2507142670880277 0.0 0.11690998275186505
0.2640566205776241 0.0 0.1231316243618749
0.2765266846436138 0.0 0.12894651073352936
0.28974810682242186 0.0 0.1351117611472079
0.3032841811874778 0.0 0.14142373628498905
0.3171930111635491 0.0 0.14790953021880693
0.3305463444600543 0.0 0.15413629179686342
0.3429572526710466 0.0 0.15992359334030787
0.35735499047894786 0.0 0.16663736874024002
0.3732128610151548 0.0 0.1740320152133038
0.39218660290707386 0.0 0.182879616361362
0.41794654790448044 0.0 0.1948916759873042
0.46141710644478234 0.0 0.2151623303389222
0.568648641291231 0.0 0.2651652162335358
1.1435434091152268 0.0 0.5332430491031049
1.0801274655799304 0.0 0.5036717089834712
0.506770098498021 0.0 0.23631077785359017
0.4016899018007371 0.0 0.1873110774132131
0.35807767184459316 0.0 0.16697436059544632
0.33232310323212366 0.0 0.15496480801897344
0.31335258392886917 0.0 0.14611870958868864
0.29669129360931573 0.0 0.13834942231793712
0.28444823706488503 0.0 0.13264039129204444
0.27091116344582744 0.0 0.12632795019446985
0.2586785907115243 0.0 0.12062380784952628
0.24582761949998624 0.0 0.11463130155885666
0.23343039861236659 0.0 0.10885038251912052
0.2213931382406628 0.0 0.10323731582458935
0.209676999044792 0.0 0.09777399039354484
0.19827815299607995 0.0 0.09245862118690057
0.18764703559892779 0.0 0.08750124972986367
0.17607197707239322 0.0 0.08210371129534828
0.16464251210141817 0.0 0.07677406425076833
0.15331226508381424 0.0 0.07149068329767178
0.14106266188069128 0.0 0.06577859951469554
0.13022942658474346 0.0 0.06072697893360004
0.11871976853668736 0.0 0.05535993724304617
0.10833679655235502 0.0 0.05051827789234319
0.09810077496175548 0.0 0.04574514263560672
0.08733368780277982 0.0 0.040724367437354025
0.07655428442360862 0.0 0.03569784909130462
0.0652505227745607 0.0 0.0304268184683948
0.055419756132519524 0.0 0.025842656697676308
0.04521040093217456 0.0 0.021081956182930885
0.035164091802879285 0.0 0.016397285299748023
0.02517330062045133 0.0 0.011738502860354433
0.015371939239595608 0.0 0.007168052988116757
0.0070272743821619445 0.0 0.003276871860358551
-0.0010200168264059284 -0.0 -0.00047564165760004225
-0.007984653815866936 -0.0 -0.003723305222055284
-0.014741120859095585 -0.0 -0.006873897546384664
-0.020511426343036963 -0.0 -0.009564635183440312
-0.02555396270964564 -0.0 -0.01191600850771502
-0.02927449826484503 -0.0 -0.013650922729542457
-0.031885111642433774 -0.0 -0.014868271739993976
-0.03371562199968172 -0.0 -0.015721852737910737
-0.03483477129875369 -0.0 -0.016243720626686792
-0.035179720710453236 -0.0 -0.016404573179038352
-0.03461112372801487 -0.0 -0.01613943205172352
-0.03330027494487362 -0.0 -0.015528173225461597
-0.031319514200217904 -0.0 -0.014604529321255838
-0.02846761260944416 -0.0 -0.013274665769173615
-0.02483133327190123 -0.0 -0.011579040866886563
-0.01998111980938301 -0.0 -0.009317349185627844
-0.01266084115639662 -0.0 -0.0059038471899117324

VECTORS funs-vector float
0.0 0.0 -7.747169693640324e-8
0.0 0.0 -1.4484442009435583e-7
0.0 0.0 -1.6543099593232835e-7
0.0 0.0 -1.753475125099158e-7
0.0 0.0 -1.9473681527932232e-7
0.0 0.0 -1.3869255319966883e-7
0.0 0.0 -5.96338135236155e-8
0.0 0.0 -8.591128487399728e-8
0.0 0.0 -5.715696715924424e-8
0.0 0.0 -9.486242579338401e-8
0.0 0.0 -1.4197305827937362e-7
0.0 0.0 -1.7968338283935747e-7
0.0 0.0 -2.587194749346302e-7
0.0 0.0 -2.2559543566558215e-7
0.0 0.0 -3.3261931197227e-7
0.0 0.0 -3.2277650516024647e-7
0.0 0.0 -2.694153806714895e-7
0.0 0.0 -2.54031425713079e-7
0.0 0.0 -1.4333527722307992e-7
0.0 0.0 -4.8007765036056144e-8
0.0 0.0 -1.1290930372483264e-7
0.0 0.0 -3.832056572667336e-7
0.0 0.0 -3.0672213375220813e-7
0.0 0.0 -3.2700583574296626e-7
0.0 0.0 -4.53355487453874e-7
0.0 0.0 -2.940212262749563e-7
0.0 0.0 -4.2257658414903514e-7
0.0 0.0 -3.34612118861473e-7
0.0 0.0 -7.323518761123442e-9
0.0 0.0 -8.612430429428226e-8
0.0 0.0 -2.513318581133139e-7
0.0 0.0 -1.2205628314115366e-7
0.0 0.0 -1.386504719520913e-7
0.0 0.0 9.516435348835086e-8
0.0 0.0 3.445435936555441e-8
0.0 0.0 2.520184943157554e-7
0.0 0.0 2.8032448604810933e-7
0.0 0.0 8.077895259361867e-7
0.0 0.0 9.768146689091075e-7
0.0 0.0 2.9335501494642813e-7
0.0 0.0 2.2537250417413326e-7
0.0 0.0 2.903269673156088e-7
0.0 0.0 2.5265400826025475e-7
0.0 0.0 5.154806850462345e-7
0.0 0.0 1.1373557397705145e-6
0.0 0.0 1.268911511622471e-6
0.0 0.0 1.1171215380624166e-6
0.0 0.0 9.862776932126591e-7
0.0 0.0 1.160850832672044e-6
0.0 0.0 7.484693844100384e-7
0.0 0.0 6.649072604018744e-7
0.0 0.0 6.857343241118874e-7
0.0 0.0 8.259757735955151e-7
0.0 0.0 8.846067558465621e-7
0.0 0.0 5.737040108432336e-7
0.0 0.0 3.266842040519888e-7
0.0 0.0 4.2387194166725417e-7
0.0 0.0 4.5016446134385756e-7
0.0 0.0 6.124548025096292e-7
0.0 0.0 7.30498979609448e-7
0.0 0.0 8.86109485908161e-7
0.0 0.0 4.0719935738438423e-7
0.0 0.0 3.7828987070104797e-7
0.0 0.0 3.7594713766318166e-7
0.0 0.0 1.2816728526972434e-7
0.0 0.0 1.7257985198491296e-7
0.0 0.0 1.5673555641238973e-7
0.0 0.0 -5.137714835386348e-8
0.0 0.0 1.86235201805506e-8
0.0 0.0 1.5641308369719234e-7
0.0 0.0 3.4680576858776984e-7
0.0 0.0 2.956958256432204e-7
0.0 0.0 4.64472445959142e-7
0.0 0.0 5.15393819258944e-7
0.0 0.0 4.1836509529441023e-7
0.0 0.0 4.4876283440813013e-7
0.0 0.0 4.860701882204345e-7
0.0 0.0 5.340059255393665e-7
0.0 0.0 4.6360288698885843e-7
0.0 0.0 5.675014572210041e-7
0.0 0.0 5.308856055369854e-7
0.0 0.0 3.4327400752235104e-7
0.0 0.0 5.204516187714863e-7
0.0 0.0 5.442324796883277e-7
0.0 0.0 4.921364358458713e-7
0.0 0.0 5.426194553075967e-7
0.0 0.0 6.35866273574431e-7
0.0 0.0 8.810969214840212e-7
0.0 0.0 9.977088343372424e-7
0.0 0.0 1.2271239617172635e-6
0.0 0.0 1.4464735910864466e-6
0.0 0.0 1.6662511816372736e-6
0.0 0.0 1.9653995018131813e-6
0.0 0.0 2.4217365402731427e-6
0.0 0.0 4.140947978212044e-6
0.0 0.0 2.384535185549133e-6
0.0 0.0 1.7247523157560744e-6
0.0 0.0 1.288306791671155e-6
0.0 0.0 8.702954822258462e-7
0.0 0.0 5.502725354166287e-7
0.0 0.0 -7.747169693640324e-8
0.0 0.0 -1.4484442009435583e-7
0.0 0.0 -1.6543099593232835e-7
0.0 0.0 -1.753475125099158e-7
0.0 0.0 -1.9473681527932232e-7
0.0 0.0 -1.3869255319966883e-7
0.0 0.0 -5.96338135236155e-8
0.0 0.0 -8.591128487399728e-8
0.0 0.0 -5.715696715924424e-8
0.0 0.0 -9.486242579338401e-8
0.0 0.0 -1.4197305827937362e-7
0.0 0.0 -1.7968338283935747e-7
0.0 0.0 -2.587194749346302e-7
0.0 0.0 -2.2559543566558215e-7
0.0 0.0 -3.3261931197227e-7
0.0 0.0 -3.2277650516024647e-7
0.0 0.0 -2.694153806714895e-7
0.0 0.0 -2.54031425713079e-7
0.0 0.0 -1.4333527722307992e-7
0.0 0.0 -4.8007765036056144e-8
0.0 0.0 -1.1290930372483264e-7
0.0 0.0 -3.832056572667336e-7
0.0 0.0 -3.0672213375220813e-7
0.0 0.0 -3.2700583574296626e-7
0.0 0.0 -4.53355487453874e-7
0.0 0.0 -2.940212262749563e-7
0.0 0.0 -4.2257658414903514e-7
0.0 0.0 -3.34612118861473e-7
0.0 0.0 -7.323518761123442e-9
0.0 0.0 -8.612430429428226e-8
0.0 0.0 -2.513318581133139e-7
0.0 0.0 -1.2205628314115366e-7
0.0 0.0 -1.386504719520913e-7
0.0 0.0 9.516435348835086e-8
0.0 0.0 3.445435936555441e-8
0.0 0.0 2.520184943157554e-7
0.0 0.0 2.8032448604810933e-7
0.0 0.0 8.077895259361867e-7
0.0 0.0 9.768146689091075e-7
0.0 0.0 2.9335501494642813e-7
0.0 0.0 2.2537250417413326e-7
0.0 0.0 2.903269673156088e-7
0.0 0.0 2.5265400826025475e-7
0.0 0.0 5.154806850462345e-7
0.0 0.0 1.1373557397705145e-6
0.0 0.0 1.268911511622471e-6
0.0 0.0 1.1171215380624166e-6
0.0 0.0 9.862776932126591e-7
0.0 0.0 1.160850832672044e-6
0.0 0.0 7.484693844100384e-7
0.0 0.0 6.649072604018744e-7
0.0 0.0 6.857343241118874e-7
0.0 0.0 8.259757735955151e-7
0.0 0.0 8.846067558465621e-7
0.0 0.0 5.737040108432336e-7
0.0 0.0 3.266842040519888e-7
0.0 0.0 4.2387194166725417e-7
0.0 0.0 4.5016446134385756e-7
0.0 0.0 6.124548025096292e-7
0.0 0.0 7.30498979609448e-7
0.0 0.0 8.86109485908161e-7
0.0 0.0 4.0719935738438423e-7
0.0 0.0 3.7828987070104797e-7
0.0 0.0 3.7594713766318166e-7
0.0 0.0 1.2816728526972434e-7
0.0 0.0 1.7257985198491296e-7
0.0 0.0 1.5673555641238973e-7
0.0 0.0 -5.137714835386348e-8
0.0 0.0 1.86235201805506e-8
0.0 0.0 1.5641308369719234e-7
0.0 0.0 3.4680576858776984e-7
0.0 0.0 2.956958256432204e-7
0.0 0.0 4.64472445959142e-7
0.0 0.0 5.15393819258944e-7
0.0 0.0 4.1836509529441023e-7
0.0 0.0 4.4876283440813013e-7
0.0 0.0 4.860701882204345e-7
0.0 0.0 5.340059255393665e-7
0.0 0.0 4.6360288698885843e-7
0.0 0.0 5.675014572210041e-7
0.0 0.0 5.308856055369854e-7
0.0 0.0 3.4327400752235104e-7
0.0 0.0 5.204516187714863e-7
0.0 0.0 5.442324796883277e-7
0.0 0.0 4.921364358458713e-7
0.0 0.0 5.426194553075967e-7
0.0 0.0 6.35866273574431e-7
0.0 0.0 8.810969214840212e-7
0.0 0.0 9.977088343372424e-7
0.0 0.0 1.2271239617172635e-6
0.0 0.0 1.4464735910864466e-6
0.0 0.0 1.6662511816372736e-6
0.0 0.0 1.9653995018131813e-6
0.0 0.0 2.4217365402731427e-6
0.0 0.0 4.140947978212044e-6
0.0 0.0 2.384535185549133e-6
0.0 0.0 1.7247523157560744e-6
0.0 0.0 1.288306791671155e-6
0.0 0.0 8.702954822258462e-7
0.0 0.0 5.502725354166287e-7

VECTORS S float
-0.0 -0.04489623969203041 0.0
-0.0 -0.06385318684288578 0.0
-0.0 -0.08027400118876213 0.0
-0.0 -0.09597194276589147 0.0
-0.0 -0.11137923584328607 0.0
-0.0 -0.12641871031923088 0.0
-0.0 -0.14148221233423405 0.0
-0.0 -0.15632274725861975 0.0
-0.0 -0.1708444827480366 0.0
-0.0 -0.18517336894405645 0.0
-0.0 -0.19912990510771691 0.0
-0.0 -0.21287107453289447 0.0
-0.0 -0.22556816124587606 0.0
-0.0 -0.23724432201310014 0.0
-0.0 -0.24867124557451317 0.0
-0.0 -0.2591992889797561 0.0
-0.0 -0.2694663934577963 0.0
-0.0 -0.2790815814300384 0.0
-0.0 -0.288417344725478 0.0
-0.0 -0.29608823272120327 0.0
-0.0 -0.3035667622559563 0.0
-0.0 -0.310947572371419 0.0
-0.0 -0.31804819860516903 0.0
-0.0 -0.3255557157492224 0.0
-0.0 -0.33167383236596737 0.0
-0.0 -0.33794708901024634 0.0
-0.0 -0.34397812297985175 0.0
-0.0 -0.3503707384643349 0.0
-0.0 -0.35634651493537606 0.0
-0.0 -0.3607268435937059 0.0
-0.0 -0.365547298989233 0.0
-0.0 -0.3684161393057343 0.0
-0.0 -0.3703999202454664 0.0
-0.0 -0.3724548691519863 0.0
-0.0 -0.373902069182414 0.0
-0.0 -0.374579850710553 0.0
-0.0 -0.37430902035290925 0.0
-0.0 -0.37421445520475577 0.0
-0.0 -0.37244501609880065 0.0
-0.0 -0.3693968481944005 0.0
-0.0 -0.364893441278972 0.0
-0.0 -0.3598890312666976 0.0
-0.0 -0.3548423371222654 0.0
-0.0 -0.34647087364431617 0.0
-0.0 -0.33519483422661006 0.0
-0.0 -0.31897168673368426 0.0
-0.0 -0.2933464004354097 0.0
-0.0 -0.2452096846084333 0.0
-0.0 -0.11917414231563805 0.0
0.0 0.5759192429785559 -0.0
-0.0 -0.5710790194344326 0.0
0.0 0.12197556486986892 -0.0
0.0 0.24555808801597512 -0.0
0.0 0.29387918845984645 -0.0
0.0 0.3195784147995913 -0.0
0.0 0.33596564972095255 -0.0
0.0 0.34838327685921894 -0.0
0.0 0.3547638190305881 -0.0
0.0 0.36159217682576333 -0.0
0.0 0.3659591769569156 -0.0
0.0 0.37008847313585486 -0.0
0.0 0.37281671280666084 -0.0
0.0 0.37433756803920637 -0.0
0.0 0.37476613407933396 -0.0
0.0 0.3741710447095993 -0.0
0.0 0.3721060841178438 -0.0
0.0 0.37052573516098763 -0.0
0.0 0.3681975802091783 -0.0
0.0 0.3652214964806114 -0.0
0.0 0.36278206767014143 -0.0
0.0 0.3582788697539285 -0.0
0.0 0.35417573925909385 -0.0
0.0 0.34845612066035775 -0.0
0.0 0.3423053817610347 -0.0
0.0 0.3365039077607309 -0.0
0.0 0.33046614503145905 -0.0
0.0 0.32481104929053345 -0.0
0.0 0.3173100091565178 -0.0
0.0 0.3101551594295133 -0.0
0.0 0.302737014324254 -0.0
0.0 0.2952183813843139 -0.0
0.0 0.287492870318223 -0.0
0.0 0.27818075084092786 -0.0
0.0 0.26869588217267193 -0.0
0.0 0.25818199648347173 -0.0
0.0 0.24770039828773563 -0.0
0.0 0.23639824157557465 -0.0
0.0 0.22463878711961227 -0.0
0.0 0.2118034803897099 -0.0
0.0 0.19820690931748552 -0.0
0.0 0.18427413598935374 -0.0
0.0 0.17011423379158455 -0.0
0.0 0.15568581216180014 -0.0
0.0 0.14086319346937337 -0.0
0.0 0.12587124854373521 -0.0
0.0 0.11080750803975309 -0.0
0.0 0.09544773064729135 -0.0
0.0 0.07987659673658805 -0.0
0.0 0.06352688771281856 -0.0
0.0 0.044649450946857114 -0.0
-0.0 -0.04489623969203041 0.0
-0.0 -0.06385318684288578 0.0
-0.0 -0.08027400118876213 0.0
-0.0 -0.09597194276589147 0.0
-0.0 -0.11137923584328607 0.0
-0.0 -0.12641871031923088 0.0
-0.0 -0.14148221233423405 0.0
-0.0 -0.15632274725861975 0.0
-0.0 -0.1708444827480366 0.0
-0.0 -0.18517336894405645 0.0
-0.0 -0.19912990510771691 0.0
-0.0 -0.21287107453289447 0.0
-0.0 -0.22556816124587606 0.0
-0.0 -0.23724432201310014 0.0
-0.0 -0.24867124557451317 0.0
-0.0 -0.2591992889797561 0.0
-0.0 -0.2694663934577963 0.0
-0.0 -0.2790815814300384 0.0
-0.0 -0.288417344725478 0.0
-0.0 -0.29608823272120327 0.0
-0.0 -0.3035667622559563 0.0
-0.0 -0.310947572371419 0.0
-0.0 -0.31804819860516903 0.0
-0.0 -0.3255557157492224 0.0
-0.0 -0.33167383236596737 0.0
-0.0 -0.33794708901024634 0.0
-0.0 -0.34397812297985175 0.0
-0.0 -0.3503707384643349 0.0
-0.0 -0.35634651493537606 0.0
-0.0 -0.3607268435937059 0.0
-0.0 -0.365547298989233 0.0
-0.0 -0.3684161393057343 0.0
-0.0 -0.3703999202454664 0.0
-0.0 -0.3724548691519863 0.0
-0.0 -0.373902069182414 0.0
-0.0 -0.374579850710553 0.0
-0.0 -0.37430902035290925 0.0
-0.0 -0.37421445520475577 0.0
-0.0 -0.37244501609880065 0.0
-0.0 -0.3693968481944005 0.0
-0.0 -0.364893441278972 0.0
-0.0 -0.3598890312666976 0.0
-0.0 -0.3548423371222654 0.0
-0.0 -0.34647087364431617 0.0
-0.0 -0.33519483422661006 0.0
-0.0 -0.31897168673368426 0.0
-0.0 -0.2933464004354097 0.0
-0.0 -0.2452096846084333 0.0
-0.0 -0.11917414231563805 0.0
0.0 0.5759192429785559 -0.0
-0.0 -0.5710790194344326 0.0
0.0 0.12197556486986892 -0.0
0.0 0.24555808801597512 -0.0
0.0 0.29387918845984645 -0.0
0.0 0.3195784147995913 -0.0
0.0 0.33596564972095255 -0.0
0.0 0.34838327685921894 -0.0
0.0 0.3547638190305881 -0.0
0.0 0.36159217682576333 -0.0
0.0 0.3659591769569156 -0.0
0.0 0.37008847313585486 -0.0
0.0 0.37281671280666084 -0.0
0.0 0.37433756803920637 -0.0
0.0 0.37476613407933396 -0.0
0.0 0.3741710447095993 -0.0
0.0 0.3721060841178438 -0.0
0.0 0.37052573516098763 -0.0
0.0 0.3681975802091783 -0.0
0.0 0.3652214964806114 -0.0
0.0 0.36278206767014143 -0.0
0.0 0.3582788697539285 -0.0
0.0 0.35417573925909385 -0.0
0.0 0.34845612066035775 -0.0
0.0 0.3423053817610347 -0.0
0.0 0.3365039077607309 -0.0
0.0 0.33046614503145905 -0.0
0.0 0.32481104929053345 -0.0
0.0 0.3173100091565178 -0.0
0.0 0.3101551594295133 -0.0
0.0 0.302737014324254 -0.0
0.0 0.2952183813843139 -0.0
0.0 0.287492870318223 -0.0
0.0 0.27818075084092786 -0.0
0.0 0.26869588217267193 -0.0
0.0 0.25818199648347173 -0.0
0.0 0.24770039828773563 -0.0
0.0 0.23639824157557465 -0.0
0.0 0.22463878711961227 -0.0
0.0 0.2118034803897099 -0.0
0.0 0.19820690931748552 -0.0
0.0 0.18427413598935374 -0.0
0.0 0.17011423379158455 -0.0
0.0 0.15568581216180014 -0.0
0.0 0.14086319346937337 -0.0
0.0 0.12587124854373521 -0.0
0.0 0.11080750803975309 -0.0
0.0 0.09544773064729135 -0.0
0.0 0.07987659673658805 -0.0
0.0 0.06352688771281856 -0.0
0.0 0.044649450946857114 -0.0

VECTORS Vvpm_ApA float
-0.2948969304561615 0.723598062992096 -0.23705200850963593
-0.30068716406822205 0.7034945487976074 -0.2601003646850586
-0.3044765889644623 0.6897138953208923 -0.27566397190093994
-0.3081847131252289 0.675684928894043 -0.29131197929382324
-0.31163129210472107 0.661715030670166 -0.3067777156829834
-0.3137432634830475 0.6529422402381897 -0.3163999617099762
-0.3163156807422638 0.6412885785102844 -0.3291703760623932
-0.3175441324710846 0.6354170441627502 -0.33558735251426697
-0.3208164870738983 0.6188892126083374 -0.3535654544830322
-0.3221283257007599 0.6115089654922485 -0.3615892827510834
-0.32278868556022644 0.6076240539550781 -0.36580777168273926
-0.32189759612083435 0.6126582026481628 -0.3603498339653015
-0.32284989953041077 0.6074028015136719 -0.3660314083099365
-0.3224315345287323 0.6097387671470642 -0.36350104212760925
-0.3216404616832733 0.6141476035118103 -0.3587145209312439
-0.32091614603996277 0.6180481314659119 -0.3544865548610687
-0.3212098181247711 0.6163561940193176 -0.3563307523727417
-0.3226258456707001 0.608633279800415 -0.36468949913978577
-0.32246139645576477 0.6095442175865173 -0.3637004792690277
-0.32267507910728455 0.6082161068916321 -0.3651474118232727
-0.32189980149269104 0.6125631332397461 -0.36043107509613037
-0.3207857310771942 0.6186349987983704 -0.3538443148136139
-0.3210153877735138 0.6173267960548401 -0.3552703261375427
-0.32064297795295715 0.6193318367004395 -0.35308828949928284
-0.3208666741847992 0.6180707216262817 -0.35446232557296753
-0.32249870896339417 0.6095221042633057 -0.3636915683746338
-0.3226630985736847 0.6085065603256226 -0.36479753255844116
-0.3223254978656769 0.61039799451828 -0.36274993419647217
-0.3220541179180145 0.6118613481521606 -0.3611644506454468
-0.3222251236438751 0.6108202934265137 -0.36229971051216125
-0.3211997449398041 0.6164829134941101 -0.3561563789844513
-0.32137373089790344 0.6154614090919495 -0.3572711944580078
-0.3207031190395355 0.6191294193267822 -0.35327810049057007
-0.31907907128334045 0.6275528073310852 -0.3441086411476135
-0.31926873326301575 0.626547634601593 -0.34520667791366577
-0.3194541037082672 0.6255637407302856 -0.34627971053123474
-0.3196351230144501 0.6246017813682556 -0.347328782081604
-0.3198108375072479 0.623660147190094 -0.3483554720878601
-0.31998082995414734 0.6227389574050903 -0.34935933351516724
-0.31913086771965027 0.6271035671234131 -0.3446120619773865
-0.3193260133266449 0.626086950302124 -0.34571972489356995
-0.3245945870876312 0.5969857573509216 -0.37724244594573975
-0.32423707842826843 0.5991785526275635 -0.37486177682876587
-0.32432469725608826 0.598602294921875 -0.3754875957965851
-0.3244076073169708 0.5980367660522461 -0.37610360980033875
-0.32448723912239075 0.5974827408790588 -0.3767075836658478
-0.32456400990486145 0.596940279006958 -0.37729912996292114
-0.32463791966438293 0.5964087247848511 -0.37787941098213196
-0.3235393464565277 0.6031755208969116 -0.370538592338562
-0.3245662748813629 0.5970240831375122 -0.37720993161201477
-0.32957735657691956 0.5601020455360413 -0.4172055721282959
-0.32456663250923157 0.5970262289047241 -0.3772064745426178
-0.3235417306423187 0.6031839847564697 -0.37052807211875916
-0.3246385157108307 0.596410870552063 -0.37787625193595886
-0.3245634138584137 0.5969412922859192 -0.377297580242157
-0.32448747754096985 0.5974844694137573 -0.37670469284057617
-0.3244076669216156 0.5980382561683655 -0.37610092759132385
-0.3243257701396942 0.5986047983169556 -0.37548378109931946
-0.324239045381546 0.599181592464447 -0.37485647201538086
-0.32459720969200134 0.5969870090484619 -0.3772384524345398
-0.31932780146598816 0.6260865330696106 -0.34571561217308044
-0.3191339671611786 0.6271045804023743 -0.3446064591407776
-0.31998398900032043 0.6227419972419739 -0.34935182332992554
-0.3198145925998688 0.6236633062362671 -0.348347008228302
-0.31963905692100525 0.6246050000190735 -0.34732022881507874
-0.3194582760334015 0.6255673766136169 -0.3462710976600647
-0.3192727267742157 0.62655109167099 -0.34519824385643005
-0.3190818130970001 0.6275554299354553 -0.34410205483436584
-0.3207043707370758 0.6191339492797852 -0.3532712459564209
-0.3213743269443512 0.6154661774635315 -0.35726502537727356
-0.32119980454444885 0.6164872646331787 -0.35615110397338867
-0.32222452759742737 0.6108205318450928 -0.3622983396053314
-0.3220535218715668 0.6118621230125427 -0.3611631393432617
-0.3223249614238739 0.6103968024253845 -0.3627500832080841
-0.32266250252723694 0.6085071563720703 -0.36479616165161133
-0.32249853014945984 0.6095227599143982 -0.3636896312236786
-0.32086673378944397 0.618073046207428 -0.3544584810733795
-0.3206431567668915 0.6193342208862305 -0.35308417677879333
-0.3210161030292511 0.6173303127288818 -0.35526514053344727
-0.3207866847515106 0.6186386346817017 -0.35383880138397217
-0.321900874376297 0.612565279006958 -0.360426664352417
-0.3226764500141144 0.6082189083099365 -0.3651424050331116
-0.3224627673625946 0.6095472574234009 -0.36369553208351135
-0.32262763381004333 0.6086371541023254 -0.36468371748924255
-0.3212111294269562 0.6163613796234131 -0.35632383823394775
-0.3209172785282135 0.6180530786514282 -0.35447990894317627
-0.3216414153575897 0.6141509413719177 -0.3587093949317932
-0.3224327862262726 0.6097431182861328 -0.3634951710700989
-0.32285091280937195 0.6074084043502808 -0.3660244345664978
-0.32189884781837463 0.6126649975776672 -0.3603416681289673
-0.3227897584438324 0.6076297760009766 -0.36580076813697815
-0.3221301734447479 0.611513614654541 -0.3615829050540924
-0.3208182752132416 0.6188918352127075 -0.3535604476928711
-0.317545622587204 0.635417103767395 -0.33558404445648193
-0.31631746888160706 0.6412853002548218 -0.3291693329811096
-0.31374451518058777 0.6529373526573181 -0.31639987230300903
-0.31163230538368225 0.6617069244384766 -0.30677998065948486
-0.30818548798561096 0.6756757497787476 -0.29131513833999634
-0.30447718501091003 0.6897028684616089 -0.275668203830719
-0.30068764090538025 0.7034821510314941 -0.26010507345199585
-0.2948969304561615 0.723598062992096 -0.23705200850963593
-0.30068716406822205 0.7034945487976074 -0.2601003646850586
-0.3044765889644623 0.6897138953208923 -0.27566397190093994
-0.3081847131252289 0.675684928894043 -0.29131197929382324
-0.31163129210472107 0.661715030670166 -0.3067777156829834
-0.3137432634830475 0.6529422402381897 -0.3163999617099762
-0.3163156807422638 0.6412885785102844 -0.3291703760623932
-0.3175441324710846 0.6354170441627502 -0.33558735251426697
-0.3208164870738983 0.6188892126083374 -0.3535654544830322
-0.3221283257007599 0.6115089654922485 -0.3615892827510834
-0.32278868556022644 0.6076240539550781 -0.36580777168273926
-0.32189759612083435 0.6126582026481628 -0.3603498339653015
-0.32284989953041077 0.6074028015136719 -0.3660314083099365
-0.3224315345287323 0.6097387671470642 -0.36350104212760925
-0.3216404616832733 0.6141476035118103 -0.3587145209312439
-0.32091614603996277 0.6180481314659119 -0.3544865548610687
-0.3212098181247711 0.6163561940193176 -0.3563307523727417
-0.3226258456707001 0.608633279800415 -0.36468949913978577
-0.32246139645576477 0.6095442175865173 -0.3637004792690277
-0.32267507910728455 0.6082161068916321 -0.3651474118232727
-0.32189980149269104 0.6125631332397461 -0.36043107509613037
-0.3207857310771942 0.6186349987983704 -0.3538443148136139
-0.3210153877735138 0.6173267960548401 -0.3552703261375427
-0.32064297795295715 0.6193318367004395 -0.35308828949928284
-0.3208666741847992 0.6180707216262817 -0.35446232557296753
-0.32249870896339417 0.6095221042633057 -0.3636915683746338
-0.3226630985736847 0.6085065603256226 -0.36479753255844116
-0.3223254978656769 0.61039799451828 -0.36274993419647217
-0.3220541179180145 0.6118613481521606 -0.3611644506454468
-0.3222251236438751 0.6108202934265137 -0.36229971051216125
-0.3211997449398041 0.6164829134941101 -0.3561563789844513
-0.32137373089790344 0.6154614090919495 -0.3572711944580078
-0.3207031190395355 0.6191294193267822 -0.35327810049057007
-0.31907907128334045 0.6275528073310852 -0.3441086411476135
-0.31926873326301575 0.626547634601593 -0.34520667791366577
-0.3194541037082672 0.6255637407302856 -0.34627971053123474
-0.3196351230144501 0.6246017813682556 -0.347328782081604
-0.3198108375072479 0.623660147190094 -0.3483554720878601
-0.31998082995414734 0.6227389574050903 -0.34935933351516724
-0.31913086771965027 0.6271035671234131 -0.3446120619773865
-0.3193260133266449 0.626086950302124 -0.34571972489356995
-0.3245945870876312 0.5969857573509216 -0.37724244594573975
-0.32423707842826843 0.5991785526275635 -0.37486177682876587
-0.32432469725608826 0.598602294921875 -0.3754875957965851
-0.3244076073169708 0.5980367660522461 -0.37610360980033875
-0.32448723912239075 0.5974827408790588 -0.3767075836658478
-0.32456400990486145 0.596940279006958 -0.37729912996292114
-0.32463791966438293 0.5964087247848511 -0.37787941098213196
-0.3235393464565277 0.6031755208969116 -0.370538592338562
-0.3245662748813629 0.5970240831375122 -0.37720993161201477
-0.32957735657691956 0.5601020455360413 -0.4172055721282959
-0.32456663250923157 0.5970262289047241 -0.3772064745426178
-0.3235417306423187 0.6031839847564697 -0.37052807211875916
-0.3246385157108307 0.596410870552063 -0.37787625193595886
-0.3245634138584137 0.5969412922859192 -0.377297580242157
-0.32448747754096985 0.5974844694137573 -0.37670469284057617
-0.3244076669216156 0.5980382561683655 -0.37610092759132385
-0.3243257701396942 0.5986047983169556 -0.37548378109931946
-0.324239045381546 0.599181592464447 -0.37485647201538086
-0.32459720969200134 0.5969870090484619 -0.3772384524345398
-0.31932780146598816 0.6260865330696106 -0.34571561217308044
-0.3191339671611786 0.6271045804023743 -0.3446064591407776
-0.31998398900032043 0.6227419972419739 -0.34935182332992554
-0.3198145925998688 0.6236633062362671 -0.348347008228302
-0.31963905692100525 0.6246050000190735 -0.34732022881507874
-0.3194582760334015 0.6255673766136169 -0.3462710976600647
-0.3192727267742157 0.62655109167099 -0.34519824385643005
-0.3190818130970001 0.6275554299354553 -0.34410205483436584
-0.3207043707370758 0.6191339492797852 -0.3532712459564209
-0.3213743269443512 0.6154661774635315 -0.35726502537727356
-0.32119980454444885 0.6164872646331787 -0.35615110397338867
-0.32222452759742737 0.6108205318450928 -0.3622983396053314
-0.3220535218715668 0.6118621230125427 -0.3611631393432617
-0.3223249614238739 0.6103968024253845 -0.3627500832080841
-0.32266250252723694 0.6085071563720703 -0.36479616165161133
-0.32249853014945984 0.6095227599143982 -0.3636896312236786
-0.32086673378944397 0.618073046207428 -0.3544584810733795
-0.3206431567668915 0.6193342208862305 -0.35308417677879333
-0.3210161030292511 0.6173303127288818 -0.35526514053344727
-0.3207866847515106 0.6186386346817017 -0.35383880138397217
-0.321900874376297 0.612565279006958 -0.360426664352417
-0.3226764500141144 0.6082189083099365 -0.3651424050331116
-0.3224627673625946 0.6095472574234009 -0.36369553208351135
-0.32262763381004333 0.6086371541023254 -0.36468371748924255
-0.3212111294269562 0.6163613796234131 -0.35632383823394775
-0.3209172785282135 0.6180530786514282 -0.35447990894317627
-0.3216414153575897 0.6141509413719177 -0.3587093949317932
-0.3224327862262726 0.6097431182861328 -0.3634951710700989
-0.32285091280937195 0.6074084043502808 -0.3660244345664978
-0.32189884781837463 0.6126649975776672 -0.3603416681289673
-0.3227897584438324 0.6076297760009766 -0.36580076813697815
-0.3221301734447479 0.611513614654541 -0.3615829050540924
-0.3208182752132416 0.6188918352127075 -0.3535604476928711
-0.317545622587204 0.635417103767395 -0.33558404445648193
-0.31631746888160706 0.6412853002548218 -0.3291693329811096
-0.31374451518058777 0.6529373526573181 -0.31639987230300903
-0.31163230538368225 0.6617069244384766 -0.30677998065948486
-0.30818548798561096 0.6756757497787476 -0.29131513833999634
-0.30447718501091003 0.6897028684616089 -0.275668203830719
-0.30068764090538025 0.7034821510314941 -0.26010507345199585

VECTORS Vkin float
-0.0 -0.0 -0.0
-0.0 -0.0 -0.0
-0.0 -0.0 -0.0
-0.0 -0.0 -0.0
-0.0 -0.0 -0.0
-0.0 -0.0 -0.0
-0.0 -0.0 -0.0
-0.0 -0.0 -0.0
-0.0 -0.0 -0.0
-0.0 -0.0 -0.0
-0.0 -0.0 -0.0
-0.0 -0.0 -0.0
-0.0 -0.0 -0.0
-0.0 -0.0 -0.0
-0.0 -0.0 -0.0
-0.0 -0.0 -0.0
-0.0 -0.0 -0.0
-0.0 -0.0 -0.0
-0.0 -0.0 -0.0
-0.0 -0.0 -0.0
-0.0 -0.0 -0.0
-0.0 -0.0 -0.0
-0.0 -0.0 -0.0
-0.0 -0.0 -0.0
-0.0 -0.0 -0.0
-0.0 -0.0 -0.0
-0.0 -0.0 -0.0
-0.0 -0.0 -0.0
-0.0 -0.0 -0.0
-0.0 -0.0 -0.0
-0.0 -0.0 -0.0
-0.0 -0.0 -0.0
-0.0 -0.0 -0.0
-0.0 -0.0 -0.0
-0.0 -0.0 -0.0
-0.0 -0.0 -0.0
-0.0 -0.0 -0.0
-0.0 -0.0 -0.0
-0.0 -0.0 -0.0
-0.0 -0.0 -0.0
-0.0 -0.0 -0.0
-0.0 -0.0 -0.0
-0.0 -0.0 -0.0
-0.0 -0.0 -0.0
-0.0 -0.0 -0.0
-0.0 -0.0 -0.0
-0.0 -0.0 -0.0
-0.0 -0.0 -0.0
-0.0 -0.0 -0.0
-0.0 -0.0 -0.0
-0.0 -0.0 -0.0
-0.0 -0.0 -0.0
-0.0 -0.0 -0.0
-0.0 -0.0 -0.0
-0.0 -0.0 -0.0
-0.0 -0.0 -0.0
-0.0 -0.0 -0.0
-0.0 -0.0 -0.0
-0.0 -0.0 -0.0
-0.0 -0.0 -0.0
-0.0 -0.0 -0.0
-0.0 -0.0 -0.0
-0.0 -0.0 -0.0
-0.0 -0.0 -0.0
-0.0 -0.0 -0.0
-0.0 -0.0 -0.0
-0.0 -0.0 -0.0
-0.0 -0.0 -0.0
-0.0 -0.0 -0.0
-0.0 -0.0 -0.0
-0.0 -0.0 -0.0
-0.0 -0.0 -0.0
-0.0 -0.0 -0.0
-0.0 -0.0 -0.0
-0.0 -0.0 -0.0
-0.0 -0.0 -0.0
-0.0 -0.0 -0.0
-0.0 -0.0 -0.0
-0.0 -0.0 -0.0
-0.0 -0.0 -0.0
-0.0 -0.0 -0.0
-0.0 -0.0 -0.0
-0.0 -0.0 -0.0
-0.0 -0.0 -0.0
-0.0 -0.0 -0.0
-0.0 -0.0 -0.0
-0.0 -0.0 -0.0
-0.0 -0.0 -0.0
-0.0 -0.0 -0.0
-0.0 -0.0 -0.0
-0.0 -0.0 -0.0
-0.0 -0.0 -0.0
-0.0 -0.0 -0.0
-0.0 -0.0 -0.0
-0.0 -0.0 -0.0
-0.0 -0.0 -0.0
-0.0 -0.0 -0.0
-0.0 -0.0 -0.0
-0.0 -0.0 -0.0
-0.0 -0.0 -0.0
-0.0 -0.0 -0.0
-0.0 -0.0 -0.0
-0.0 -0.0 -0.0
-0.0 -0.0 -0.0
-0.0 -0.0 -0.0
-0.0 -0.0 -0.0
-0.0 -0.0 -0.0
-0.0 -0.0 -0.0
-0.0 -0.0 -0.0
-0.0 -0.0 -0.0
-0.0 -0.0 -0.0
-0.0 -0.0 -0.0
-0.0 -0.0 -0.0
-0.0 -0.0 -0.0
-0.0 -0.0 -0.0
-0.0 -0.0 -0.0
-0.0 -0.0 -0.0
-0.0 -0.0 -0.0
-0.0 -0.0 -0.0
-0.0 -0.0 -0.0
-0.0 -0.0 -0.0
-0.0 -0.0 -0.0
-0.0 -0.0 -0.0
-0.0 -0.0 -0.0
-0.0 -0.0 -0.0
-0.0 -0.0 -0.0
-0.0 -0.0 -0.0
-0.0 -0.0 -0.0
-0.0 -0.0 -0.0
-0.0 -0.0 -0.0
-0.0 -0.0 -0.0
-0.0 -0.0 -0.0
-0.0 -0.0 -0.0
-0.0 -0.0 -0.0
-0.0 -0.0 -0.0
-0.0 -0.0 -0.0
-0.0 -0.0 -0.0
-0.0 -0.0 -0.0
-0.0 -0.0 -0.0
-0.0 -0.0 -0.0
-0.0 -0.0 -0.0
-0.0 -0.0 -0.0
-0.0 -0.0 -0.0
-0.0 -0.0 -0.0
-0.0 -0.0 -0.0
-0.0 -0.0 -0.0
-0.0 -0.0 -0.0
-0.0 -0.0 -0.0
-0.0 -0.0 -0.0
-0.0 -0.0 -0.0
-0.0 -0.0 -0.0
-0.0 -0.0 -0.0
-0.0 -0.0 -0.0
-0.0 -0.0 -0.0
-0.0 -0.0 -0.0
-0.0 -0.0 -0.0
-0.0 -0.0 -0.0
-0.0 -0.0 -0.0
-0.0 -0.0 -0.0
-0.0 -0.0 -0.0
-0.0 -0.0 -0.0
-0.0 -0.0 -0.0
-0.0 -0.0 -0.0
-0.0 -0.0 -0.0
-0.0 -0.0 -0.0
-0.0 -0.0 -0.0
-0.0 -0.0 -0.0
-0.0 -0.0 -0.0
-0.0 -0.0 -0.0
-0.0 -0.0 -0.0
-0.0 -0.0 -0.0
-0.0 -0.0 -0.0
-0.0 -0.0 -0.0
-0.0 -0.0 -0.0
-0.0 -0.0 -0.0
-0.0 -0.0 -0.0
-0.0 -0.0 -0.0
-0.0 -0.0 -0.0
-0.0 -0.0 -0.0
-0.0 -0.0 -0.0
-0.0 -0.0 -0.0
-0.0 -0.0 -0.0
-0.0 -0.0 -0.0
-0.0 -0.0 -0.0
-0.0 -0.0 -0.0
-0.0 -0.0 -0.0
-0.0 -0.0 -0.0
-0.0 -0.0 -0.0
-0.0 -0.0 -0.0
-0.0 -0.0 -0.0
-0.0 -0.0 -0.0
-0.0 -0.0 -0.0
-0.0 -0.0 -0.0
-0.0 -0.0 -0.0
-0.0 -0.0 -0.0
-0.0 -0.0 -0.0
-0.0 -0.0 -0.0
-0.0 -0.0 -0.0
-0.0 -0.0 -0.0
-0.0 -0.0 -0.0

VECTORS Funs-vector float
0.0 0.0 -3.505946430449194e-10
0.0 0.0 -7.758823812119171e-10
0.0 0.0 -1.0236649044402055e-9
0.0 0.0 -1.2307768777894365e-9
0.0 0.0 -1.5287381938616131e-9
0.0 0.0 -1.2040572134290649e-9
0.0 0.0 -5.672779915253763e-10
0.0 0.0 -8.88657404888837e-10
0.0 0.0 -6.387349403481462e-10
0.0 0.0 -1.1389474995905534e-9
0.0 0.0 -1.8225811111678424e-9
0.0 0.0 -2.4560418220148006e-9
0.0 0.0 -3.751413186591109e-9
0.0 0.0 -3.458633340841977e-9
0.0 0.0 -5.375905633110258e-9
0.0 0.0 -5.48511661325673e-9
0.0 0.0 -4.802261681663432e-9
0.0 0.0 -4.739198966870877e-9
0.0 0.0 -2.7931976829959057e-9
0.0 0.0 -9.754394055081141e-10
0.0 0.0 -2.3879835935578448e-9
0.0 0.0 -8.423158948533667e-9
0.0 0.0 -6.996940762693275e-9
0.0 0.0 -7.731461463526721e-9
0.0 0.0 -1.1095602196373453e-8
0.0 0.0 -7.440384416413804e-9
0.0 0.0 -1.1044803427791681e-8
0.0 0.0 -9.023824587869858e-9
0.0 0.0 -2.0358811492123622e-10
0.0 0.0 -2.4657755825760777e-9
0.0 0.0 -7.40464687774576e-9
0.0 0.0 -3.6974312840880404e-9
0.0 0.0 -4.315363462712803e-9
0.0 0.0 3.0410007509479415e-9
0.0 0.0 1.1296363511542527e-9
0.0 0.0 8.472272644753153e-9
0.0 0.0 9.656861294011357e-9
0.0 0.0 2.849887442230334e-8
0.0 0.0 3.527402816206575e-8
0.0 0.0 1.0837263557724044e-8
0.0 0.0 8.51315156295999e-9
0.0 0.0 1.1208042948018356e-8
0.0 0.0 9.963689719518517e-9
0.0 0.0 2.0757020457696276e-8
0.0 0.0 4.6743632806995255e-8
0.0 0.0 5.32051065529668e-8
0.0 0.0 4.776915325840059e-8
0.0 0.0 4.299394895019584e-8
0.0 0.0 5.156887066910815e-8
0.0 0.0 3.3871641778119725e-8
0.0 0.0 3.009007583891392e-8
0.0 0.0 3.046260869891163e-8
0.0 0.0 3.6006046257001866e-8
0.0 0.0 3.782660547995803e-8
0.0 0.0 2.40552495167688e-8
0.0 0.0 1.3426235912022363e-8
0.0 0.0 1.706818280464085e-8
0.0 0.0 1.7752732467889996e-8
0.0 0.0 2.3643755155496212e-8
0.0 0.0 2.759364347834507e-8
0.0 0.0 3.2735087353252873e-8
0.0 0.0 1.470449007076528e-8
0.0 0.0 1.3346094711792753e-8
0.0 0.0 1.2950953423565317e-8
0.0 0.0 4.308684518932429e-9
0.0 0.0 5.658281792749868e-9
0.0 0.0 5.0085239617444295e-9
0.0 0.0 -1.5990646530308788e-9
0.0 0.0 5.641592908066813e-10
0.0 0.0 4.608184814019218e-9
0.0 0.0 9.929197142287029e-9
0.0 0.0 8.220113540549866e-9
0.0 0.0 1.2525899816465755e-8
0.0 0.0 1.3470749764985182e-8
0.0 0.0 1.0586980997382309e-8
0.0 0.0 1.0983199782303757e-8
0.0 0.0 1.1492250345493527e-8
0.0 0.0 1.2181735247527524e-8
0.0 0.0 1.0190352705018014e-8
0.0 0.0 1.2002413658192414e-8
0.0 0.0 1.0786728752502466e-8
0.0 0.0 6.6894359924519574e-9
0.0 0.0 9.709522225702772e-9
0.0 0.0 9.700807639897561e-9
0.0 0.0 8.363141979330294e-9
0.0 0.0 8.769998858835115e-9
0.0 0.0 9.748549599919787e-9
0.0 0.0 1.2775839973991683e-8
0.0 0.0 1.363740254999924e-8
0.0 0.0 1.5753220933554444e-8
0.0 0.0 1.7366807416246202e-8
0.0 0.0 1.8620526980427064e-8
0.0 0.0 2.0329888249404876e-8
0.0 0.0 2.303722937366275e-8
0.0 0.0 3.5949574570327345e-8
0.0 0.0 1.8719264806334333e-8
0.0 0.0 1.210616130084187e-8
0.0 0.0 7.971870333931515e-9
0.0 0.0 4.661877417628625e-9
0.0 0.0 2.490233346639954e-9
0.0 0.0 -3.505946430449194e-10
0.0 0.0 -7.758823812119171e-10
0.0 0.0 -1.0236649044402055e-9
0.0 0.0 -1.2307768777894365e-9
0.0 0.0 -1.5287381938616131e-9
0.0 0.0 -1.2040572134290649e-9
0.0 0.0 -5.672779915253763e-10
0.0 0.0 -8.88657404888837e-10
0.0 0.0 -6.387349403481462e-10
0.0 0.0 -1.1389474995905534e-9
0.0 0.0 -1.8225811111678424e-9
0.0 0.0 -2.4560418220148006e-9
0.0 0.0 -3.751413186591109e-9
0.0 0.0 -3.458633340841977e-9
0.0 0.0 -5.375905633110258e-9
0.0 0.0 -5.48511661325673e-9
0.0 0.0 -4.802261681663432e-9
0.0 0.0 -4.739198966870877e-9
0.0 0.0 -2.7931976829959057e-9
0.0 0.0 -9.754394055081141e-10
0.0 0.0 -2.3879835935578448e-9
0.0 0.0 -8.423158948533667e-9
0.0 0.0 -6.996940762693275e-9
0.0 0.0 -7.731461463526721e-9
0.0 0.0 -1.1095602196373453e-8
0.0 0.0 -7.440384416413804e-9
0.0 0.0 -1.1044803427791681e-8
0.0 0.0 -9.023824587869858e-9
0.0 0.0 -2.0358811492123622e-10
0.0 0.0 -2.4657755825760777e-9
0.0 0.0 -7.40464687774576e-9
0.0 0.0 -3.6974312840880404e-9
0.0 0.0 -4.315363462712803e-9
0.0 0.0 3.0410007509479415e-9
0.0 0.0 1.1296363511542527e-9
0.0 0.0 8.472272644753153e-9
0.0 0.0 9.656861294011357e-9
0.0 0.0 2.849887442230334e-8
0.0 0.0 3.527402816206575e-8
0.0 0.0 1.0837263557724044e-8
0.0 0.0 8.51315156295999e-9
0.0 0.0 1.1208042948018356e-8
0.0 0.0 9.963689719518517e-9
0.0 0.0 2.0757020457696276e-8
0.0 0.0 4.6743632806995255e-8
0.0 0.0 5.32051065529668e-8
0.0 0.0 4.776915325840059e-8
0.0 0.0 4.299394895019584e-8
0.0 0.0 5.156887066910815e-8
0.0 0.0 3.3871641778119725e-8
0.0 0.0 3.009007583891392e-8
0.0 0.0 3.046260869891163e-8
0.0 0.0 3.6006046257001866e-8
0.0 0.0 3.782660547995803e-8
0.0 0.0 2.40552495167688e-8
0.0 0.0 1.3426235912022363e-8
0.0 0.0 1.706818280464085e-8
0.0 0.0 1.7752732467889996e-8
0.0 0.0 2.3643755155496212e-8
0.0 0.0 2.759364347834507e-8
0.0 0.0 3.2735087353252873e-8
0.0 0.0 1.470449007076528e-8
0.0 0.0 1.3346094711792753e-8
0.0 0.0 1.2950953423565317e-8
0.0 0.0 4.308684518932429e-9
0.0 0.0 5.658281792749868e-9
0.0 0.0 5.0085239617444295e-9
0.0 0.0 -1.5990646530308788e-9
0.0 0.0 5.641592908066813e-10
0.0 0.0 4.608184814019218e-9
0.0 0.0 9.929197142287029e-9
0.0 0.0 8.220113540549866e-9
0.0 0.0 1.2525899816465755e-8
0.0 0.0 1.3470749764985182e-8
0.0 0.0 1.0586980997382309e-8
0.0 0.0 1.0983199782303757e-8
0.0 0.0 1.1492250345493527e-8
0.0 0.0 1.2181735247527524e-8
0.0 0.0 1.0190352705018014e-8
0.0 0.0 1.2002413658192414e-8
0.0 0.0 1.0786728752502466e-8
0.0 0.0 6.6894359924519574e-9
0.0 0.0 9.709522225702772e-9
0.0 0.0 9.700807639897561e-9
0.0 0.0 8.363141979330294e-9
0.0 0.0 8.769998858835115e-9
0.0 0.0 9.748549599919787e-9
0.0 0.0 1.2775839973991683e-8
0.0 0.0 1.363740254999924e-8
0.0 0.0 1.5753220933554444e-8
0.0 0.0 1.7366807416246202e-8
0.0 0.0 1.8620526980427064e-8
0.0 0.0 2.0329888249404876e-8
0.0 0.0 2.303722937366275e-8
0.0 0.0 3.5949574570327345e-8
0.0 0.0 1.8719264806334333e-8
0.0 0.0 1.210616130084187e-8
0.0 0.0 7.971870333931515e-9
0.0 0.0 4.661877417628625e-9
0.0 0.0 2.490233346639954e-9

VECTORS Ftot float
-0.026583854260745353 -0.04489623969203041 0.025594606912577086
-0.04217734978111487 -0.06385318684288578 0.041536360934306404
-0.0552346056709263 -0.08027400118876213 0.058645049668105916
-0.0675689072590231 -0.09597194276589147 0.07745946584082533
-0.07961251823211113 -0.11137923584328607 0.09811030591295625
-0.09128831792798037 -0.12641871031923088 0.12063227675759641
-0.10298770785680031 -0.14148221233423405 0.14495029458618885
-0.11446464225089648 -0.15632274725861975 0.17106664791571857
-0.12562262948060576 -0.1708444827480366 0.19892560630626788
-0.13658801130463513 -0.18517336894405645 0.2284343010860529
-0.14718120417090014 -0.19912990510771691 0.2595343684329568
-0.15755873650876728 -0.21287107453289447 0.2921296976322575
-0.16689231236180962 -0.22556816124587606 0.32620347986824466
-0.17520495408640321 -0.23724432201310014 0.36155415117824974
-0.18326846776972064 -0.24867124557451317 0.39791979841892045
-0.19043302669428314 -0.2591992889797561 0.43523308790555054
-0.1973363346485006 -0.2694663934577963 0.47326765505535473
-0.20358804602713526 -0.2790815814300384 0.5119454904913344
-0.2095603510078309 -0.288417344725478 0.5511038316134919
-0.2138677083426248 -0.29608823272120327 0.5907259452880012
-0.2179829988362462 -0.3035667622559563 0.6303955608220156
-0.22200031317909463 -0.310947572371419 0.6699730739603863
-0.22573741923631807 -0.31804819860516903 0.7093779349879573
-0.229881128036166 -0.3255557157492224 0.7484719723486177
-0.23263562426974385 -0.33167383236596737 0.7873889382219674
-0.23554278840535464 -0.33794708901024634 0.82575675088948
-0.23821029177027134 -0.34397812297985175 0.863554645224838
-0.2412393989350686 -0.3503707384643349 0.9006657056057961
-0.24385166762940558 -0.35634651493537606 0.9372040932248364
-0.2448688226572069 -0.3607268435937059 0.9731952091580136
-0.24632580529892956 -0.365547298989233 1.0082174646015531
-0.2458311870275575 -0.3684161393057343 1.0425041864782507
-0.24445107695978172 -0.3703999202454664 1.0756148606172045
-0.24314241927197805 -0.3724548691519863 1.1072461229954458
-0.24122600825169388 -0.373902069182414 1.1374412101579177
-0.23854019215360686 -0.374579850710553 1.166119556485712
-0.2349039417904291 -0.37430902035290925 1.193156003421506
-0.231445865873018 -0.37421445520475577 1.2182971607453377
-0.22631290794357012 -0.37244501609880065 1.241808178718063
-0.2199008701749459 -0.3693968481944005 1.2633976996388556
-0.21203361920085814 -0.364893441278972 1.2828397015532325
-0.20366568628271903 -0.3598890312666976 1.299757688744206
-0.19525542592875833 -0.3548423371222654 1.3141244073035763
-0.18352041006777203 -0.34647087364431617 1.3265484083460604
-0.16888082828613193 -0.33519483422661006 1.3365556834844718
-0.14929414175361075 -0.31897168673368426 1.3440888206088693
-0.12030540898367408 -0.2933464004354097 1.3491767225117641
-0.06880517694952559 -0.2452096846084333 1.352227686486396
0.06059488712031705 -0.11917414231563805 1.3546900080439228
0.7590560089101773 0.5759192429785559 1.3577789396915618
0.7542156039518765 -0.5710790194344326 1.2025919517209869
0.057792994193243234 0.12197556486986892 1.199145285185528
-0.06915404576706577 0.24555808801597512 1.1970391814524062
-0.12083862947390864 0.29387918845984645 1.1940136831178143
-0.14990130117269537 0.3195784147995913 1.1890983805037079
-0.16965206225084278 0.33596564972095255 1.1819255159593516
-0.1854332154588727 0.34838327685921894 1.1722687685619406
-0.19517729779698892 0.3547638190305881 1.1612006700564317
-0.20536919303687606 0.36159217682576333 1.1477144707743872
-0.21309972221352297 0.3659591769569156 1.1323556648636144
-0.2205928361449391 0.37008847313585486 1.1148731965566208
-0.22668493168711215 0.37281671280666084 1.095570892578894
-0.23156928406088864 0.37433756803920637 1.0746183651810397
-0.2353613532889254 0.37476613407933396 1.052161816865373
-0.23813189370015514 0.3741710447095993 1.0283429865068763
-0.23943050936016602 0.3721060841178438 1.0033720004888724
-0.24121374473860932 0.37052573516098763 0.9769758295488697
-0.24224917780414687 0.3681975802091783 0.9493561091510818
-0.24263680167892776 0.3652214964806114 0.9206061971396732
-0.24356082713466137 0.36278206767014143 0.8906063334986515
-0.24242108606904442 0.3582788697539285 0.8598785822510829
-0.24168119048451786 0.35417573925909385 0.8282422880223027
-0.23932506195922354 0.34845612066035775 0.7960815394676384
-0.23653781748067076 0.3423053817610347 0.7633799199979674
-0.23409986971386873 0.3365039077607309 0.7300408560158141
-0.2314281109681657 0.33046614503145905 0.6961682274040758
-0.22913654600138736 0.32481104929053345 0.6617419247669387
-0.22499940526003218 0.3173100091565178 0.6272034889474902
-0.22120806479449223 0.3101551594295133 0.5924181996853065
-0.21715340380579828 0.302737014324254 0.5574939007981972
-0.21299803922760938 0.2952183813843139 0.5224985894315547
-0.20863599981310457 0.287492870318223 0.48755462853571563
-0.20268732289374303 0.27818075084092786 0.45301127705041183
-0.1965659246998311 0.26869588217267193 0.4188739110542848
-0.18941584461776045 0.25818199648347173 0.3853571390488955
-0.18229772409588907 0.24770039828773563 0.3524523976719932
-0.17435895581901759 0.23639824157557465 0.32036245648109846
-0.16596299300856998 0.22463878711961227 0.2891921286703645
-0.15649116459403142 0.2118034803897099 0.2591660986175531
-0.14625824514121835 0.19820690931748552 0.23040570456851317
-0.13568884848732596 0.18427413598935374 0.20296043717153095
-0.12489246243487721 0.17011423379158455 0.1768856212598424
-0.11382781655180144 0.15568581216180014 0.15225681263763186
-0.10236880767754654 0.14086319346937337 0.1291673900957466
-0.09074094802227553 0.12587124854373521 0.10765374770775388
-0.07904089446369811 0.11080750803975309 0.08773430091004572
-0.06704478596192824 0.09544773064729135 0.06945434945892542
-0.05483728906851436 0.07987659673658805 0.0527689389954542
-0.04185112673301285 0.06352688771281856 0.0375830320136883
-0.0263371407730123 0.044649450946857114 0.02342507198488282
-0.026583854260745353 -0.04489623969203041 0.025594606912577086
-0.04217734978111487 -0.06385318684288578 0.041536360934306404
-0.0552346056709263 -0.08027400118876213 0.058645049668105916
-0.0675689072590231 -0.09597194276589147 0.07745946584082533
-0.07961251823211113 -0.11137923584328607 0.09811030591295625
-0.09128831792798037 -0.12641871031923088 0.12063227675759641
-0.10298770785680031 -0.14148221233423405 0.14495029458618885
-0.11446464225089648 -0.15632274725861975 0.17106664791571857
-0.12562262948060576 -0.1708444827480366 0.19892560630626788
-0.13658801130463513 -0.18517336894405645 0.2284343010860529
-0.14718120417090014 -0.19912990510771691 0.2595343684329568
-0.15755873650876728 -0.21287107453289447 0.2921296976322575
-0.16689231236180962 -0.22556816124587606 0.32620347986824466
-0.17520495408640321 -0.23724432201310014 0.36155415117824974
-0.18326846776972064 -0.24867124557451317 0.39791979841892045
-0.19043302669428314 -0.2591992889797561 0.43523308790555054
-0.1973363346485006 -0.2694663934577963 0.47326765505535473
-0.20358804602713526 -0.2790815814300384 0.5119454904913344
-0.2095603510078309 -0.288417344725478 0.5511038316134919
-0.2138677083426248 -0.29608823272120327 0.5907259452880012
-0.2179829988362462 -0.3035667622559563 0.6303955608220156
-0.22200031317909463 -0.310947572371419 0.6699730739603863
-0.22573741923631807 -0.31804819860516903 0.7093779349879573
-0.229881128036166 -0.3255557157492224 0.7484719723486177
-0.23263562426974385 -0.33167383236596737 0.7873889382219674
-0.23554278840535464 -0.33794708901024634 0.82575675088948
-0.23821029177027134 -0.34397812297985175 0.863554645224838
-0.2412393989350686 -0.3503707384643349 0.9006657056057961
-0.24385166762940558 -0.35634651493537606 0.9372040932248364
-0.2448688226572069 -0.3607268435937059 0.9731952091580136
-0.24632580529892956 -0.365547298989233 1.0082174646015531
-0.2458311870275575 -0.3684161393057343 1.0425041864782507
-0.24445107695978172 -0.3703999202454664 1.0756148606172045
-0.24314241927197805 -0.3724548691519863 1.1072461229954458
-0.24122600825169388 -0.373902069182414 1.1374412101579177
-0.23854019215360686 -0.374579850710553 1.166119556485712
-0.2349039417904291 -0.37430902035290925 1.193156003421506
-0.231445865873018 -0.37421445520475577 1.2182971607453377
-0.22631290794357012 -0.37244501609880065 1.241808178718063
-0.2199008701749459 -0.3693968481944005 1.2633976996388556
-0.21203361920085814 -0.364893441278972 1.2828397015532325
-0.20366568628271903 -0.3598890312666976 1.299757688744206
-0.19525542592875833 -0.3548423371222654 1.3141244073035763
-0.18352041006777203 -0.34647087364431617 1.3265484083460604
-0.16888082828613193 -0.33519483422661006 1.3365556834844718
-0.14929414175361075 -0.31897168673368426 1.3440888206088693
-0.12030540898367408 -0.2933464004354097 1.3491767225117641
-0.06880517694952559 -0.2452096846084333 1.352227686486396
0.06059488712031705 -0.11917414231563805 1.3546900080439228
0.7590560089101773 0.5759192429785559 1.3577789396915618
0.7542156039518765 -0.5710790194344326 1.2025919517209869
0.057792994193243234 0.12197556486986892 1.199145285185528
-0.06915404576706577 0.24555808801597512 1.1970391814524062
-0.12083862947390864 0.29387918845984645 1.1940136831178143
-0.14990130117269537 0.3195784147995913 1.1890983805037079
-0.16965206225084278 0.33596564972095255 1.1819255159593516
-0.1854332154588727 0.34838327685921894 1.1722687685619406
-0.19517729779698892 0.3547638190305881 1.1612006700564317
-0.20536919303687606 0.36159217682576333 1.1477144707743872
-0.21309972221352297 0.3659591769569156 1.1323556648636144
-0.2205928361449391 0.37008847313585486 1.1148731965566208
-0.22668493168711215 0.37281671280666084 1.095570892578894
-0.23156928406088864 0.37433756803920637 1.0746183651810397
-0.2353613532889254 0.37476613407933396 1.052161816865373
-0.23813189370015514 0.3741710447095993 1.0283429865068763
-0.23943050936016602 0.3721060841178438 1.0033720004888724
-0.24121374473860932 0.37052573516098763 0.9769758295488697
-0.24224917780414687 0.3681975802091783 0.9493561091510818
-0.24263680167892776 0.3652214964806114 0.9206061971396732
-0.24356082713466137 0.36278206767014143 0.8906063334986515
-0.24242108606904442 0.3582788697539285 0.8598785822510829
-0.24168119048451786 0.35417573925909385 0.8282422880223027
-0.23932506195922354 0.34845612066035775 0.7960815394676384
-0.23653781748067076 0.3423053817610347 0.7633799199979674
-0.23409986971386873 0.3365039077607309 0.7300408560158141
-0.2314281109681657 0.33046614503145905 0.6961682274040758
-0.22913654600138736 0.32481104929053345 0.6617419247669387
-0.22499940526003218 0.3173100091565178 0.6272034889474902
-0.22120806479449223 0.3101551594295133 0.5924181996853065
-0.21715340380579828 0.302737014324254 0.5574939007981972
-0.21299803922760938 0.2952183813843139 0.5224985894315547
-0.20863599981310457 0.287492870318223 0.48755462853571563
-0.20268732289374303 0.27818075084092786 0.45301127705041183
-0.1965659246998311 0.26869588217267193 0.4188739110542848
-0.18941584461776045 0.25818199648347173 0.3853571390488955
-0.18229772409588907 0.24770039828773563 0.3524523976719932
-0.17435895581901759 0.23639824157557465 0.32036245648109846
-0.16596299300856998 0.22463878711961227 0.2891921286703645
-0.15649116459403142 0.2118034803897099 0.2591660986175531
-0.14625824514121835 0.19820690931748552 0.23040570456851317
-0.13568884848732596 0.18427413598935374 0.20296043717153095
-0.12489246243487721 0.17011423379158455 0.1768856212598424
-0.11382781655180144 0.15568581216180014 0.15225681263763186
-0.10236880767754654 0.14086319346937337 0.1291673900957466
-0.09074094802227553 0.12587124854373521 0.10765374770775388
-0.07904089446369811 0.11080750803975309 0.08773430091004572
-0.06704478596192824 0.09544773064729135 0.06945434945892542
-0.05483728906851436 0.07987659673658805 0.0527689389954542
-0.04185112673301285 0.06352688771281856 0.0375830320136883
-0.0263371407730123 0.044649450946857114 0.02342507198488282

VECTORS Vvpm_AB float
-0.32946380972862244 0.560087263584137 -0.41737961769104004
-0.3294612467288971 0.5600853562355042 -0.4173844754695892
-0.32946839928627014 0.5600885152816772 -0.41737839579582214
-0.3294924199581146 0.5600922107696533 -0.41736659407615667
-0.3295094668865204 0.5600970387458801 -0.417354553937912
-0.32953163981437683 0.5600998401641846 -0.4173448085784912
-0.3295884430408478 0.5601115822792053 -0.4173103272914887
-0.3295954167842865 0.5601117610931396 -0.41730979084968567
-0.32960453629493713 0.5601136684417725 -0.4173021614551544
-0.32959070801734924 0.5601121783256531 -0.41730752587318426
-0.3295740783214569 0.560107946395874 -0.41731908917427063
-0.32957038283348083 0.5601073503494263 -0.41731727123260504
-0.3295576274394989 0.5601060390472412 -0.41732078790664673
-0.3295471966266632 0.5601051449775696 -0.41732358932495117
-0.32954129576683044 0.5601024031639099 -0.41732949018478394
-0.32953140139579773 0.5601013898849487 -0.41733273863792425
-0.32953545451164246 0.5601018667221069 -0.41732570528984075
-0.3295258581638336 0.5601008534431458 -0.4173291027545929
-0.3295165002346039 0.560099720954895 -0.41733273863792425
-0.32950887084007263 0.5600987672805786 -0.41733413934707647
-0.3295036256313324 0.5600947737693787 -0.41734263300895696
-0.32949820160865784 0.5600945353507996 -0.417344331741333
-0.3294925391674042 0.5600941181182861 -0.41734537482261663
-0.3294943869113922 0.560093879699707 -0.41733950376510615
-0.3294889032840729 0.5600938200950623 -0.4173384904861451
-0.3295787274837494 0.5601091980934143 -0.41728064417839045
-0.3295714557170868 0.5601085424423218 -0.4172833561897277
-0.3295641243457794 0.5601074695587158 -0.417286366224289
-0.3295568525791168 0.560106635093689 -0.4172892272472382
-0.3295564353466034 0.5601012706756592 -0.4172977507114411
-0.32955029606819153 0.5601000189781189 -0.4173007309436798
-0.32954439520835876 0.5600990056991577 -0.41730380058288574
-0.3295440971851349 0.5600988268852234 -0.41729906201362615
-0.32954129576683044 0.5600988268852234 -0.41729941964149475
-0.3295380771160126 0.560099184513092 -0.41729971766471863
-0.3295347988605499 0.5600990653038025 -0.41730022430419916
-0.3295608460903168 0.5601010918617249 -0.41727110743522644
-0.32955530285835266 0.5601004362106323 -0.41727367043495184
-0.3295500576496124 0.5600997805595398 -0.417275995016098
-0.3295481503009796 0.5601017475128174 -0.41727301478385925
-0.3295455276966095 0.560103714466095 -0.4172705709934234
-0.3295404613018036 0.5601028800010681 -0.41727277636528015
-0.3295358121395111 0.5601027607917786 -0.4172742962837219
-0.32953080534935 0.5601021647453308 -0.41727596521377563
-0.32952603697776794 0.5601021647453308 -0.41727769374847407
-0.32952097058296204 0.5601013898849487 -0.41727942228317266
-0.329515665769577 0.560100793838501 -0.4172822535037995
-0.32951053977012634 0.560100257396698 -0.41728413105010986
-0.3295353949069977 0.5601048469543457 -0.4172723293304444
-0.32960936427116394 0.5601089000701904 -0.4172206223011017
-0.3296094834804535 0.5601064562797546 -0.4172227382659912
-0.32953545451164246 0.5600982904434204 -0.4172779321670533
-0.329510360956192 0.5600935220718384 -0.4172897934913635
-0.3295154869556427 0.5600939393043518 -0.41728761792182917
-0.32952138781547546 0.5600955486297607 -0.4172848463058471
-0.32952597737312317 0.5600957274436951 -0.4172830879688263
-0.3295310437679291 0.560096025466919 -0.41728124022483826
-0.3295356333255768 0.5600963830947876 -0.41727954149246216
-0.32954058051109314 0.5600969791412354 -0.41727772355079645
-0.3295459449291229 0.5600976347923279 -0.41727569699287415
-0.3295481503009796 0.5600962042808533 -0.4172779023647309
-0.32954999804496765 0.5600938200950623 -0.4172807931900025
-0.3295557200908661 0.5600947141647339 -0.4172782301902771
-0.32956060767173767 0.5600956082344055 -0.41727569699287415
-0.3295349180698395 0.5600897669792175 -0.4173082113265991
-0.3295383155345917 0.5600895881652832 -0.41730755567550665
-0.32954153418540955 0.5600900053977966 -0.4173070192337036
-0.32954445481300354 0.5600900053977966 -0.4173065423965454
-0.32954439520835876 0.5600935816764832 -0.4173083007335663
-0.3295506536960602 0.560094952583313 -0.41730526089668274
-0.32955655455589294 0.5600963234901428 -0.41730213165283203
-0.32955673336982727 0.5600997805595398 -0.41729491949081426
-0.3295641243457794 0.5601010322570801 -0.4172918796539306
-0.3295716941356659 0.5601019263267517 -0.41728875041007996
-0.3295789062976837 0.5601029396057129 -0.4172861278057098
-0.3294890820980072 0.5600897073745728 -0.4173422455787658
-0.3294946253299713 0.5600917339324951 -0.4173413813114166
-0.3294928967952728 0.5600897073745728 -0.41734942793846125
-0.32949820160865784 0.5600897073745728 -0.4173482954502106
-0.3295038640499115 0.560090184211731 -0.4173464477062225
-0.32950904965400696 0.5600934624671936 -0.41733887791633606
-0.3295166790485382 0.560096025466919 -0.4173360764980316
-0.32952603697776794 0.5600970983505249 -0.41733214259147644
-0.32953545451164246 0.5600983500480652 -0.41732871532440186
-0.32953163981437683 0.5600970983505249 -0.4173361659049988
-0.32954123616218567 0.5600982308387756 -0.4173328876495362
-0.32954731583595276 0.5601016283035278 -0.417326420545578
-0.3295576870441437 0.5601040124893188 -0.41732278466224665
-0.32957032322883606 0.5601062178611755 -0.4173181354999542
-0.3295745551586151 0.5601060390472412 -0.41732057929039
-0.3295905888080597 0.5601083636283875 -0.4173106253147125
-0.3296046555042267 0.5601092576980591 -0.4173060357570649
-0.3295953571796417 0.5601049661636353 -0.41731539368629456
-0.32958880066871643 0.5601040124893188 -0.41731691360473633
-0.32953163981437683 0.5600929260253906 -0.4173504114151001
-0.3295097053050995 0.5600888133049011 -0.4173615574836731
-0.3294928967952728 0.5600841045379639 -0.41737341880798345
-0.3294685184955597 0.5600795149803162 -0.4173859059810638
-0.3294614255428314 0.5600764155387878 -0.41739198565483093
-0.32946404814720154 0.5600769519805908 -0.4173884093761444
-0.32946380972862244 0.560087263584137 -0.41737961769104004
-0.3294612467288971 0.5600853562355042 -0.4173844754695892
-0.32946839928627014 0.5600885152816772 -0.41737839579582214
-0.3294924199581146 0.5600922107696533 -0.41736659407615667
-0.3295094668865204 0.5600970387458801 -0.417354553937912
-0.32953163981437683 0.5600998401641846 -0.4173448085784912
-0.3295884430408478 0.5601115822792053 -0.4173103272914887
-0.3295954167842865 0.5601117610931396 -0.41730979084968567
-0.32960453629493713 0.5601136684417725 -0.4173021614551544
-0.32959070801734924 0.5601121783256531 -0.41730752587318426
-0.3295740783214569 0.560107946395874 -0.41731908917427063
-0.32957038283348083 0.5601073503494263 -0.41731727123260504
-0.3295576274394989 0.5601060390472412 -0.41732078790664673
-0.3295471966266632 0.5601051449775696 -0.41732358932495117
-0.32954129576683044 0.5601024031639099 -0.41732949018478394
-0.32953140139579773 0.5601013898849487 -0.41733273863792425
-0.32953545451164246 0.5601018667221069 -0.41732570528984075
-0.3295258581638336 0.5601008534431458 -0.4173291027545929
-0.3295165002346039 0.560099720954895 -0.41733273863792425
-0.32950887084007263 0.5600987672805786 -0.41733413934707647
-0.3295036256313324 0.5600947737693787 -0.41734263300895696
-0.32949820160865784 0.5600945353507996 -0.417344331741333
-0.3294925391674042 0.5600941181182861 -0.41734537482261663
-0.3294943869113922 0.560093879699707 -0.41733950376510615
-0.3294889032840729 0.5600938200950623 -0.4173384904861451
-0.3295787274837494 0.5601091980934143 -0.41728064417839045
-0.3295714557170868 0.5601085424423218 -0.4172833561897277
-0.3295641243457794 0.5601074695587158 -0.417286366224289
-0.3295568525791168 0.560106635093689 -0.4172892272472382
-0.3295564353466034 0.5601012706756592 -0.4172977507114411
-0.32955029606819153 0.5601000189781189 -0.4173007309436798
-0.32954439520835876 0.5600990056991577 -0.41730380058288574
-0.3295440971851349 0.5600988268852234 -0.41729906201362615
-0.32954129576683044 0.5600988268852234 -0.41729941964149475
-0.3295380771160126 0.560099184513092 -0.41729971766471863
-0.3295347988605499 0.5600990653038025 -0.41730022430419916
-0.3295608460903168 0.5601010918617249 -0.41727110743522644
-0.32955530285835266 0.5601004362106323 -0.41727367043495184
-0.3295500576496124 0.5600997805595398 -0.417275995016098
-0.3295481503009796 0.5601017475128174 -0.41727301478385925
-0.3295455276966095 0.560103714466095 -0.4172705709934234
-0.3295404613018036 0.5601028800010681 -0.41727277636528015
-0.3295358121395111 0.5601027607917786 -0.4172742962837219
-0.32953080534935 0.5601021647453308 -0.41727596521377563
-0.32952603697776794 0.5601021647453308 -0.41727769374847407
-0.32952097058296204 0.5601013898849487 -0.41727942228317266
-0.329515665769577 0.560100793838501 -0.4172822535037995
-0.32951053977012634 0.560100257396698 -0.41728413105010986
-0.3295353949069977 0.5601048469543457 -0.4172723293304444
-0.32960936427116394 0.5601089000701904 -0.4172206223011017
-0.3296094834804535 0.5601064562797546 -0.4172227382659912
-0.32953545451164246 0.5600982904434204 -0.4172779321670533
-0.329510360956192 0.5600935220718384 -0.4172897934913635
-0.3295154869556427 0.5600939393043518 -0.41728761792182917
-0.32952138781547546 0.5600955486297607 -0.4172848463058471
-0.32952597737312317 0.5600957274436951 -0.4172830879688263
-0.3295310437679291 0.560096025466919 -0.41728124022483826
-0.3295356333255768 0.5600963830947876 -0.41727954149246216
-0.32954058051109314 0.5600969791412354 -0.41727772355079645
-0.3295459449291229 0.5600976347923279 -0.41727569699287415
-0.3295481503009796 0.5600962042808533 -0.4172779023647309
-0.32954999804496765 0.5600938200950623 -0.4172807931900025
-0.3295557200908661 0.5600947141647339 -0.4172782301902771
-0.32956060767173767 0.5600956082344055 -0.41727569699287415
-0.3295349180698395 0.5600897669792175 -0.4173082113265991
-0.3295383155345917 0.5600895881652832 -0.41730755567550665
-0.32954153418540955 0.5600900053977966 -0.4173070192337036
-0.32954445481300354 0.5600900053977966 -0.4173065423965454
-0.32954439520835876 0.5600935816764832 -0.4173083007335663
-0.3295506536960602 0.560094952583313 -0.41730526089668274
-0.32955655455589294 0.5600963234901428 -0.41730213165283203
-0.32955673336982727 0.5600997805595398 -0.41729491949081426
-0.3295641243457794 0.5601010322570801 -0.4172918796539306
-0.3295716941356659 0.5601019263267517 -0.41728875041007996
-0.3295789062976837 0.5601029396057129 -0.4172861278057098
-0.3294890820980072 0.5600897073745728 -0.4173422455787658
-0.3294946253299713 0.5600917339324951 -0.4173413813114166
-0.3294928967952728 0.5600897073745728 -0.41734942793846125
-0.32949820160865784 0.5600897073745728 -0.4173482954502106
-0.3295038640499115 0.560090184211731 -0.4173464477062225
-0.32950904965400696 0.5600934624671936 -0.41733887791633606
-0.3295166790485382 0.560096025466919 -0.4173360764980316
-0.32952603697776794 0.5600970983505249 -0.41733214259147644
-0.32953545451164246 0.5600983500480652 -0.41732871532440186
-0.32953163981437683 0.5600970983505249 -0.4173361659049988
-0.32954123616218567 0.5600982308387756 -0.4173328876495362
-0.32954731583595276 0.5601016283035278 -0.417326420545578
-0.3295576870441437 0.5601040124893188 -0.41732278466224665
-0.32957032322883606 0.5601062178611755 -0.4173181354999542
-0.3295745551586151 0.5601060390472412 -0.41732057929039
-0.3295905888080597 0.5601083636283875 -0.4173106253147125
-0.3296046555042267 0.5601092576980591 -0.4173060357570649
-0.3295953571796417 0.5601049661636353 -0.41731539368629456
-0.32958880066871643 0.5601040124893188 -0.41731691360473633
-0.32953163981437683 0.5600929260253906 -0.4173504114151001
-0.3295097053050995 0.5600888133049011 -0.4173615574836731
-0.3294928967952728 0.5600841045379639 -0.41737341880798345
-0.3294685184955597 0.5600795149803162 -0.4173859059810638
-0.3294614255428314 0.5600764155387878 -0.41739198565483093
-0.32946404814720154 0.5600769519805908 -0.4173884093761444