# vtk DataFile Version 4.0
[MyVLM domain - lattices] 
ASCII
DATASET UNSTRUCTURED_GRID
POINTS 302 float
1.2444999999999997 -1.2445 0.0
1.2399745454545452 -1.2399745454545454 0.0
1.2346178849721705 -1.2346178849721707 0.0
1.2284300185528754 -1.2284300185528756 0.0
1.2214109461966602 -1.2214109461966605 0.0
1.2135606679035247 -1.213560667903525 0.0
1.2048791836734691 -1.2048791836734694 0.0
1.1953664935064932 -1.1953664935064934 0.0
1.1850225974025972 -1.1850225974025974 0.0
1.1738474953617808 -1.173847495361781 0.0
1.1618411873840442 -1.1618411873840444 0.0
1.1490036734693874 -1.1490036734693876 0.0
1.1353349536178106 -1.1353349536178108 0.0
1.1208350278293133 -1.1208350278293135 0.0
1.1055038961038959 -1.105503896103896 0.0
1.0893415584415582 -1.0893415584415584 0.0
1.0723480148423004 -1.0723480148423006 0.0
1.054523265306122 -1.0545232653061223 0.0
1.0358673098330238 -1.035867309833024 0.0
1.0163801484230053 -1.0163801484230055 0.0
0.9960617810760664 -0.9960617810760668 0.0
0.9749122077922076 -0.9749122077922077 0.0
0.9529314285714284 -0.9529314285714284 0.0
0.9301194434137288 -0.930119443413729 0.0
0.9064762523191091 -0.9064762523191096 0.0
0.8820018552875695 -0.8820018552875695 0.0
0.8566962523191093 -0.8566962523191094 0.0
0.8305594434137288 -0.8305594434137291 0.0
0.8035914285714284 -0.8035914285714285 0.0
0.7757922077922076 -0.7757922077922077 0.0
0.7471617810760666 -0.7471617810760667 0.0
0.7177001484230053 -0.7177001484230054 0.0
0.6874073098330239 -0.687407309833024 0.0
0.6562832653061222 -0.6562832653061225 0.0
0.6243280148423004 -0.6243280148423005 0.0
0.5915415584415582 -0.5915415584415583 0.0
0.5579238961038958 -0.5579238961038959 0.0
0.5234750278293133 -0.5234750278293134 0.0
0.48819495361781057 -0.48819495361781057 0.0
0.4520836734693877 -0.4520836734693877 0.0
0.4151411873840445 -0.4151411873840446 0.0
0.37736749536178105 -0.37736749536178116 0.0
0.3387625974025974 -0.3387625974025974 0.0
0.2993264935064933 -0.29932649350649343 0.0
0.25905918367346925 -0.25905918367346925 0.0
0.21796066790352486 -0.21796066790352486 0.0
0.17603094619666027 -0.1760309461966605 0.0
0.13327001855287546 -0.13327001855287568 0.0
0.08967788497217066 -0.08967788497217066 0.0
0.045254545454545436 -0.045254545454545436 0.0
0.0 0.0 0.0
0.04525454545454545 0.04525454545454546 0.0
0.08967788497217066 0.08967788497217068 0.0
0.13327001855287568 0.1332700185528757 0.0
0.17603094619666046 0.1760309461966605 0.0
0.21796066790352497 0.21796066790352508 0.0
0.2590591836734693 0.25905918367346936 0.0
0.29932649350649343 0.2993264935064935 0.0
0.3387625974025973 0.33876259740259734 0.0
0.37736749536178094 0.377367495361781 0.0
0.41514118738404443 0.4151411873840445 0.0
0.45208367346938766 0.4520836734693878 0.0
0.48819495361781057 0.4881949536178107 0.0
0.5234750278293133 0.5234750278293134 0.0
0.5579238961038959 0.557923896103896 0.0
0.5915415584415582 0.5915415584415583 0.0
0.6243280148423003 0.6243280148423004 0.0
0.6562832653061222 0.6562832653061225 0.0
0.687407309833024 0.6874073098330241 0.0
0.7177001484230054 0.7177001484230056 0.0
0.7471617810760667 0.7471617810760669 0.0
0.7757922077922076 0.7757922077922077 0.0
0.8035914285714284 0.8035914285714285 0.0
0.8305594434137288 0.830559443413729 0.0
0.8566962523191093 0.8566962523191094 0.0
0.8820018552875692 0.8820018552875695 0.0
0.9064762523191091 0.9064762523191093 0.0
0.9301194434137288 0.9301194434137292 0.0
0.9529314285714284 0.9529314285714284 0.0
0.9749122077922076 0.9749122077922077 0.0
0.9960617810760666 0.9960617810760668 0.0
1.0163801484230053 1.0163801484230055 0.0
1.0358673098330238 1.035867309833024 0.0
1.054523265306122 1.0545232653061223 0.0
1.0723480148423001 1.0723480148423004 0.0
1.0893415584415582 1.0893415584415584 0.0
1.1055038961038959 1.105503896103896 0.0
1.120835027829313 1.1208350278293133 0.0
1.1353349536178106 1.1353349536178106 0.0
1.1490036734693874 1.1490036734693876 0.0
1.1618411873840444 1.1618411873840446 0.0
1.1738474953617808 1.173847495361781 0.0
1.1850225974025972 1.1850225974025972 0.0
1.1953664935064932 1.1953664935064934 0.0
1.2048791836734691 1.2048791836734694 0.0
1.2135606679035245 1.2135606679035247 0.0
1.22141094619666 1.2214109461966602 0.0
1.2284300185528754 1.2284300185528756 0.0
1.2346178849721703 1.2346178849721705 0.0
1.2399745454545452 1.2399745454545454 0.0
1.2444999999999997 1.2445 0.0
1.7422999999999997 -1.2445 0.0
1.7377745454545452 -1.2399745454545454 0.0
1.7324178849721703 -1.2346178849721707 0.0
1.7262300185528754 -1.2284300185528756 0.0
1.7192109461966603 -1.2214109461966605 0.0
1.7113606679035245 -1.213560667903525 0.0
1.7026791836734692 -1.2048791836734694 0.0
1.6931664935064934 -1.1953664935064934 0.0
1.6828225974025972 -1.1850225974025974 0.0
1.6716474953617806 -1.173847495361781 0.0
1.6596411873840444 -1.1618411873840444 0.0
1.6468036734693878 -1.1490036734693876 0.0
1.6331349536178106 -1.1353349536178108 0.0
1.6186350278293133 -1.1208350278293135 0.0
1.603303896103896 -1.105503896103896 0.0
1.5871415584415582 -1.0893415584415584 0.0
1.5701480148423004 -1.0723480148423006 0.0
1.552323265306122 -1.0545232653061223 0.0
1.5336673098330238 -1.035867309833024 0.0
1.5141801484230053 -1.0163801484230055 0.0
1.4938617810760666 -0.9960617810760668 0.0
1.4727122077922075 -0.9749122077922077 0.0
1.4507314285714283 -0.9529314285714284 0.0
1.4279194434137288 -0.930119443413729 0.0
1.4042762523191092 -0.9064762523191096 0.0
1.3798018552875693 -0.8820018552875695 0.0
1.3544962523191093 -0.8566962523191094 0.0
1.328359443413729 -0.8305594434137291 0.0
1.3013914285714283 -0.8035914285714285 0.0
1.2735922077922077 -0.7757922077922077 0.0
1.2449617810760665 -0.7471617810760667 0.0
1.2155001484230055 -0.7177001484230054 0.0
1.1852073098330238 -0.687407309833024 0.0
1.1540832653061224 -0.6562832653061225 0.0
1.1221280148423003 -0.6243280148423005 0.0
1.0893415584415582 -0.5915415584415583 0.0
1.055723896103896 -0.5579238961038959 0.0
1.0212750278293132 -0.5234750278293134 0.0
0.9859949536178108 -0.48819495361781057 0.0
0.9498836734693876 -0.4520836734693877 0.0
0.9129411873840445 -0.4151411873840446 0.0
0.875167495361781 -0.37736749536178116 0.0
0.8365625974025973 -0.3387625974025974 0.0
0.7971264935064933 -0.29932649350649343 0.0
0.7568591836734693 -0.25905918367346925 0.0
0.7157606679035249 -0.21796066790352486 0.0
0.6738309461966603 -0.1760309461966605 0.0
0.6310700185528755 -0.13327001855287568 0.0
0.5874778849721707 -0.08967788497217066 0.0
0.5430545454545455 -0.045254545454545436 0.0
0.4978 0.0 0.0
0.5430545454545455 0.04525454545454546 0.0
0.5874778849721707 0.08967788497217068 0.0
0.6310700185528757 0.1332700185528757 0.0
0.6738309461966605 0.1760309461966605 0.0
0.715760667903525 0.21796066790352508 0.0
0.7568591836734693 0.25905918367346936 0.0
0.7971264935064934 0.2993264935064935 0.0
0.8365625974025973 0.33876259740259734 0.0
0.875167495361781 0.377367495361781 0.0
0.9129411873840445 0.4151411873840445 0.0
0.9498836734693876 0.4520836734693878 0.0
0.9859949536178105 0.4881949536178107 0.0
1.0212750278293132 0.5234750278293134 0.0
1.055723896103896 0.557923896103896 0.0
1.0893415584415582 0.5915415584415583 0.0
1.1221280148423003 0.6243280148423004 0.0
1.1540832653061224 0.6562832653061225 0.0
1.185207309833024 0.6874073098330241 0.0
1.2155001484230055 0.7177001484230056 0.0
1.2449617810760667 0.7471617810760669 0.0
1.2735922077922077 0.7757922077922077 0.0
1.3013914285714283 0.8035914285714285 0.0
1.3283594434137287 0.830559443413729 0.0
1.3544962523191093 0.8566962523191094 0.0
1.3798018552875693 0.8820018552875695 0.0
1.4042762523191092 0.9064762523191093 0.0
1.427919443413729 0.9301194434137292 0.0
1.4507314285714283 0.9529314285714284 0.0
1.4727122077922075 0.9749122077922077 0.0
1.4938617810760666 0.9960617810760668 0.0
1.5141801484230053 1.0163801484230055 0.0
1.5336673098330238 1.035867309833024 0.0
1.552323265306122 1.0545232653061223 0.0
1.5701480148423002 1.0723480148423004 0.0
1.5871415584415582 1.0893415584415584 0.0
1.603303896103896 1.105503896103896 0.0
1.6186350278293131 1.1208350278293133 0.0
1.6331349536178106 1.1353349536178106 0.0
1.6468036734693874 1.1490036734693876 0.0
1.6596411873840444 1.1618411873840446 0.0
1.6716474953617806 1.173847495361781 0.0
1.6828225974025972 1.1850225974025972 0.0
1.6931664935064934 1.1953664935064934 0.0
1.7026791836734692 1.2048791836734694 0.0
1.7113606679035245 1.2135606679035247 0.0
1.71921094619666 1.2214109461966602 0.0
1.7262300185528754 1.2284300185528756 0.0
1.7324178849721703 1.2346178849721705 0.0
1.7377745454545452 1.2399745454545454 0.0
1.7422999999999997 1.2445 0.0
1.6155872727272724 -1.2422372727272726 0.0
1.6106462152133578 -1.237296215213358 0.0
1.604873951762523 -1.2315239517625232 0.0
1.598270482374768 -1.224920482374768 0.0
1.5908358070500925 -1.2174858070500927 0.0
1.582569925788497 -1.2092199257884972 0.0
1.5734728385899812 -1.2001228385899814 0.0
1.5635445454545454 -1.1901945454545453 0.0
1.552785046382189 -1.1794350463821892 0.0
1.5411943413729126 -1.1678443413729127 0.0
1.5287724304267158 -1.155422430426716 0.0
1.5155193135435991 -1.142169313543599 0.0
1.501434990723562 -1.1280849907235622 0.0
1.4865194619666047 -1.1131694619666048 0.0
1.4707727272727271 -1.0974227272727273 0.0
1.4541947866419294 -1.0808447866419293 0.0
1.4367856400742112 -1.0634356400742113 0.0
1.418545287569573 -1.0451952875695731 0.0
1.3994737291280146 -1.0261237291280147 0.0
1.379570964749536 -1.0062209647495362 0.0
1.358836994434137 -0.9854869944341371 0.0
1.337271818181818 -0.9639218181818181 0.0
1.3148754359925787 -0.9415254359925787 0.0
1.291647847866419 -0.9182978478664192 0.0
1.2675890538033394 -0.8942390538033393 0.0
1.2426990538033393 -0.8693490538033395 0.0
1.2169778478664193 -0.8436278478664192 0.0
1.1904254359925788 -0.8170754359925788 0.0
1.163041818181818 -0.7896918181818181 0.0
1.1348269944341371 -0.7614769944341371 0.0
1.105780964749536 -0.7324309647495362 0.0
1.0759037291280147 -0.7025537291280148 0.0
1.0451952875695731 -0.6718452875695733 0.0
1.0136556400742114 -0.6403056400742114 0.0
0.9812847866419293 -0.6079347866419293 0.0
0.9480827272727271 -0.5747327272727272 0.0
0.9140494619666047 -0.5406994619666048 0.0
0.8791849907235622 -0.5058349907235622 0.0
0.8434893135435992 -0.47013931354359917 0.0
0.8069624304267162 -0.43361243042671627 0.0
0.7696043413729128 -0.3962543413729128 0.0
0.7314150463821893 -0.3580650463821894 0.0
0.6923945454545455 -0.3190445454545454 0.0
0.6525428385899814 -0.27919283858998134 0.0
0.6118599257884971 -0.23850992578849706 0.0
0.5703458070500929 -0.19699580705009279 0.0
0.5280004823747682 -0.15465048237476808 0.0
0.4848239517625232 -0.11147395176252317 0.0
0.4408162152133581 -0.06746621521335805 0.0
0.39597727272727273 -0.022627272727272718 0.0
0.39597727272727273 0.02262727272727273 0.0
0.4408162152133581 0.06746621521335806 0.0
0.4848239517625232 0.11147395176252319 0.0
0.528000482374768 0.15465048237476808 0.0
0.5703458070500929 0.19699580705009276 0.0
0.6118599257884971 0.23850992578849717 0.0
0.6525428385899814 0.2791928385899814 0.0
0.6923945454545455 0.3190445454545454 0.0
0.7314150463821891 0.3580650463821891 0.0
0.7696043413729128 0.39625434137291277 0.0
0.8069624304267162 0.43361243042671616 0.0
0.8434893135435992 0.4701393135435992 0.0
0.8791849907235619 0.5058349907235621 0.0
0.9140494619666046 0.5406994619666047 0.0
0.9480827272727271 0.5747327272727272 0.0
0.9812847866419294 0.6079347866419295 0.0
1.0136556400742114 0.6403056400742114 0.0
1.0451952875695731 0.6718452875695732 0.0
1.0759037291280147 0.7025537291280147 0.0
1.105780964749536 0.7324309647495362 0.0
1.1348269944341371 0.7614769944341373 0.0
1.163041818181818 0.789691818181818 0.0
1.1904254359925786 0.8170754359925786 0.0
1.216977847866419 0.843627847866419 0.0
1.2426990538033393 0.8693490538033394 0.0
1.2675890538033392 0.8942390538033393 0.0
1.291647847866419 0.9182978478664192 0.0
1.3148754359925787 0.9415254359925787 0.0
1.3372718181818182 0.9639218181818181 0.0
1.3588369944341372 0.9854869944341373 0.0
1.379570964749536 1.0062209647495362 0.0
1.3994737291280148 1.0261237291280147 0.0
1.418545287569573 1.0451952875695731 0.0
1.4367856400742112 1.0634356400742113 0.0
1.4541947866419291 1.0808447866419293 0.0
1.470772727272727 1.097422727272727 0.0
1.4865194619666047 1.1131694619666048 0.0
1.501434990723562 1.128084990723562 0.0
1.5155193135435991 1.1421693135435993 0.0
1.528772430426716 1.1554224304267162 0.0
1.5411943413729128 1.1678443413729127 0.0
1.5527850463821888 1.179435046382189 0.0
1.5635445454545451 1.1901945454545453 0.0
1.573472838589981 1.2001228385899811 0.0
1.5825699257884969 1.209219925788497 0.0
1.5908358070500925 1.2174858070500927 0.0
1.5982704823747678 1.224920482374768 0.0
1.604873951762523 1.2315239517625232 0.0
1.6106462152133578 1.237296215213358 0.0
1.6155872727272724 1.2422372727272726 0.0

CELLS 200 700
4 0 101 102 1
4 1 102 103 2
4 2 103 104 3
4 3 104 105 4
4 4 105 106 5
4 5 106 107 6
4 6 107 108 7
4 7 108 109 8
4 8 109 110 9
4 9 110 111 10
4 10 111 112 11
4 11 112 113 12
4 12 113 114 13
4 13 114 115 14
4 14 115 116 15
4 15 116 117 16
4 16 117 118 17
4 17 118 119 18
4 18 119 120 19
4 19 120 121 20
4 20 121 122 21
4 21 122 123 22
4 22 123 124 23
4 23 124 125 24
4 24 125 126 25
4 25 126 127 26
4 26 127 128 27
4 27 128 129 28
4 28 129 130 29
4 29 130 131 30
4 30 131 132 31
4 31 132 133 32
4 32 133 134 33
4 33 134 135 34
4 34 135 136 35
4 35 136 137 36
4 36 137 138 37
4 37 138 139 38
4 38 139 140 39
4 39 140 141 40
4 40 141 142 41
4 41 142 143 42
4 42 143 144 43
4 43 144 145 44
4 44 145 146 45
4 45 146 147 46
4 46 147 148 47
4 47 148 149 48
4 48 149 150 49
4 49 150 151 50
4 50 151 152 51
4 51 152 153 52
4 52 153 154 53
4 53 154 155 54
4 54 155 156 55
4 55 156 157 56
4 56 157 158 57
4 57 158 159 58
4 58 159 160 59
4 59 160 161 60
4 60 161 162 61
4 61 162 163 62
4 62 163 164 63
4 63 164 165 64
4 64 165 166 65
4 65 166 167 66
4 66 167 168 67
4 67 168 169 68
4 68 169 170 69
4 69 170 171 70
4 70 171 172 71
4 71 172 173 72
4 72 173 174 73
4 73 174 175 74
4 74 175 176 75
4 75 176 177 76
4 76 177 178 77
4 77 178 179 78
4 78 179 180 79
4 79 180 181 80
4 80 181 182 81
4 81 182 183 82
4 82 183 184 83
4 83 184 185 84
4 84 185 186 85
4 85 186 187 86
4 86 187 188 87
4 87 188 189 88
4 88 189 190 89
4 89 190 191 90
4 90 191 192 91
4 91 192 193 92
4 92 193 194 93
4 93 194 195 94
4 94 195 196 95
4 95 196 197 96
4 96 197 198 97
4 97 198 199 98
4 98 199 200 99
4 99 200 201 100
1 202
1 203
1 204
1 205
1 206
1 207
1 208
1 209
1 210
1 211
1 212
1 213
1 214
1 215
1 216
1 217
1 218
1 219
1 220
1 221
1 222
1 223
1 224
1 225
1 226
1 227
1 228
1 229
1 230
1 231
1 232
1 233
1 234
1 235
1 236
1 237
1 238
1 239
1 240
1 241
1 242
1 243
1 244
1 245
1 246
1 247
1 248
1 249
1 250
1 251
1 252
1 253
1 254
1 255
1 256
1 257
1 258
1 259
1 260
1 261
1 262
1 263
1 264
1 265
1 266
1 267
1 268
1 269
1 270
1 271
1 272
1 273
1 274
1 275
1 276
1 277
1 278
1 279
1 280
1 281
1 282
1 283
1 284
1 285
1 286
1 287
1 288
1 289
1 290
1 291
1 292
1 293
1 294
1 295
1 296
1 297
1 298
1 299
1 300
1 301

CELL_TYPES 200
9
9
9
9
9
9
9
9
9
9
9
9
9
9
9
9
9
9
9
9
9
9
9
9
9
9
9
9
9
9
9
9
9
9
9
9
9
9
9
9
9
9
9
9
9
9
9
9
9
9
9
9
9
9
9
9
9
9
9
9
9
9
9
9
9
9
9
9
9
9
9
9
9
9
9
9
9
9
9
9
9
9
9
9
9
9
9
9
9
9
9
9
9
9
9
9
9
9
9
9
1
1
1
1
1
1
1
1
1
1
1
1
1
1
1
1
1
1
1
1
1
1
1
1
1
1
1
1
1
1
1
1
1
1
1
1
1
1
1
1
1
1
1
1
1
1
1
1
1
1
1
1
1
1
1
1
1
1
1
1
1
1
1
1
1
1
1
1
1
1
1
1
1
1
1
1
1
1
1
1
1
1
1
1
1
1
1
1
1
1
1
1
1
1
1
1
1
1
1
1

CELL_DATA 200

VECTORS Vinf float
8.793598267791197 0.8076863288879395 4.0925506429483
8.797898742911741 0.8235795497894286 4.113874741058499
8.796109947917387 0.8168571591377258 4.104781486253888
8.79692367052786 0.8199874758720398 4.1090479271222655
8.79669002032034 0.8191160559654236 4.107862003307492
8.799904796836302 0.8316668272018432 4.125049330454022
8.792783710715696 0.8050982356071472 4.089254893522412
8.787764999625608 0.7879446148872375 4.067079194049985
8.78398809170477 0.7754696607589722 4.051379300813824
8.77721092438452 0.753264307975769 4.024143703441769
8.772253784892484 0.7369012236595154 4.004619009952695
8.766027722117826 0.7158792614936829 3.9801573978473246
8.77032307123892 0.7304207682609558 3.9970041291524474
8.776267502067014 0.7501095533370972 4.020328335623891
8.77424130177252 0.7434817552566528 4.012419946651608
8.775855753180906 0.7487454414367676 4.018690101962239
8.773332986590788 0.7404455542564392 4.008814834218175
8.773205671069547 0.7400012612342834 4.008283145885617
8.772059712169096 0.736153781414032 4.00372714565292
8.780025515315458 0.7623841762542725 4.035198576908261
8.781599673983976 0.7675228714942932 4.041499771337659
8.780543181655332 0.7640330791473389 4.037201188664586
8.779513392207548 0.7606343030929565 4.033036954860837
8.775356802699491 0.7470237612724304 4.016620211463124
8.779002580401823 0.7589844465255737 4.031046115021855
8.778185937163755 0.7562903761863708 4.027768738727719
8.777390811202451 0.7536630630493164 4.024584464888722
8.77406892513983 0.7427461743354797 4.0115122871209685
8.77329668736212 0.7401665449142456 4.008444972496182
8.777940902469084 0.7555540800094604 4.026909165244252
8.777121755835935 0.7528422474861145 4.023625590067059
8.782748613116667 0.7712213397026062 4.046073742370755
8.78636208510153 0.7831584215164185 4.061019994478375
8.785705361125395 0.7809548377990723 4.058231420974881
8.785056922194883 0.7787890434265137 4.055501856069714
8.784417841193601 0.7766631245613098 4.052832909088284
8.783788892981931 0.7745774388313293 4.050223685960919
8.779404434916898 0.7602285146713257 4.032557033162266
8.778797957656309 0.7582308650016785 4.030121438365132
8.778202030417845 0.7562713027000427 4.027741246085316
8.77761820292227 0.7543516159057617 4.025415785770566
8.773474488017484 0.7407508492469788 4.009152241211087
8.765954169986173 0.7154867649078369 3.979719810347707
8.765419635531828 0.7136232256889343 3.977576233606488
8.764377925155088 0.7100493907928467 3.973516442041547
8.763951930758878 0.7085345387458801 3.9717811720182006
8.763537142035887 0.7070478200912476 3.9700786249448368
8.763131174800321 0.7055894136428833 3.9684123771001407
8.771206412074491 0.733206033706665 4.000271253447682
8.76598170733206 0.7158521413803101 3.9801900909949843
8.756354365107939 0.6812138557434082 3.9410459773351256
8.763545605895445 0.7070860862731934 3.970127441148908
8.763201210257932 0.7058383822441101 3.9687007145692412
8.763607237098142 0.7072914838790894 3.970360495309979
8.764021429774687 0.7087737321853638 3.972057737569959
8.76444658970587 0.7102841734886169 3.973788000803143
8.759494457003996 0.6925652027130127 3.9536880032826964
8.767409059760496 0.7204635143280029 3.985443659286649
8.767924878356382 0.7222369313240051 3.987500079136044
8.772361430880949 0.7371081113815308 4.004877589802891
8.772891852614805 0.7388818860054016 4.00697710381046
8.773435446975157 0.7406952977180481 4.009128250341565
8.773990366218015 0.7425479888916016 4.0113331751634185
8.774558100459501 0.7444391846656799 4.013588704328686
8.775139186141416 0.7463678121566772 4.015895091157109
8.780060264823362 0.7624477744102478 4.035310037593991
8.780681166407987 0.7644957900047302 4.037824265818745
8.781313631293699 0.7665844559669495 4.040397234420926
8.782858345267698 0.7715808749198914 4.046522386531979
8.77722552752249 0.7531835436820984 4.024037875394971
8.778042409179136 0.7558850049972534 4.027310185294301
8.77337870335333 0.7404341697692871 4.008762829165608
8.774148616549894 0.7430053353309631 4.011822156767995
8.777464840171262 0.7538999915122986 4.024872996072919
8.778257462737486 0.7565200924873352 4.028050281267316
8.779071364161894 0.7592068910598755 4.031319879155308
8.772792968509123 0.7385959625244141 4.006615959267766
8.776408049819395 0.7505106329917908 4.020810850124509
8.777394864318296 0.7537790536880493 4.024756901126057
8.778411481139585 0.7571401000022888 4.028834872107655
8.776838991401121 0.7520068883895874 4.022637389760167
8.769257936236784 0.7268147468566895 3.992809154253156
8.770337078330442 0.7304948568344116 3.9971177505065505
8.768201026675627 0.7233483791351318 3.9888068960715835
8.773068103549406 0.7396053671836853 4.007829688649327
8.771482560393736 0.7343899607658386 4.001691021185071
8.771389219520017 0.7340746521949768 4.0013223366548125
8.765783939120695 0.715058445930481 3.979223735790402
8.764975163695738 0.712255597114563 3.9759968297292296
8.770367178676054 0.7306470274925232 3.997285165052564
8.777287516353056 0.7535197734832764 4.024454839687497
8.78218761420004 0.7695838212966919 4.044085391025693
8.784094187972471 0.7757951617240906 4.051787354211957
8.789470467326566 0.793685257434845 4.0744415299703185
8.79632118677847 0.8178463578224182 4.106215216379315
8.79388240313284 0.8088759183883667 4.094207115631253
8.797255847213194 0.8212229609489441 4.110725052814633
8.793260845897123 0.8065611720085144 4.091113574962765
8.793746921775266 0.8082783222198486 4.093385465603024
8.790336403605863 0.796317994594574 4.077731944780499
8.793598267791197 0.8076863288879395 4.0925506429483
8.797898742911741 0.8235795497894286 4.113874741058499
8.796109947917387 0.8168571591377258 4.104781486253888
8.79692367052786 0.8199874758720398 4.1090479271222655
8.79669002032034 0.8191160559654236 4.107862003307492
8.799904796836302 0.8316668272018432 4.125049330454022
8.792783710715696 0.8050982356071472 4.089254893522412
8.787764999625608 0.7879446148872375 4.067079194049985
8.78398809170477 0.7754696607589722 4.051379300813824
8.77721092438452 0.753264307975769 4.024143703441769
8.772253784892484 0.7369012236595154 4.004619009952695
8.766027722117826 0.7158792614936829 3.9801573978473246
8.77032307123892 0.7304207682609558 3.9970041291524474
8.776267502067014 0.7501095533370972 4.020328335623891
8.77424130177252 0.7434817552566528 4.012419946651608
8.775855753180906 0.7487454414367676 4.018690101962239
8.773332986590788 0.7404455542564392 4.008814834218175
8.773205671069547 0.7400012612342834 4.008283145885617
8.772059712169096 0.736153781414032 4.00372714565292
8.780025515315458 0.7623841762542725 4.035198576908261
8.781599673983976 0.7675228714942932 4.041499771337659
8.780543181655332 0.7640330791473389 4.037201188664586
8.779513392207548 0.7606343030929565 4.033036954860837
8.775356802699491 0.7470237612724304 4.016620211463124
8.779002580401823 0.7589844465255737 4.031046115021855
8.778185937163755 0.7562903761863708 4.027768738727719
8.777390811202451 0.7536630630493164 4.024584464888722
8.77406892513983 0.7427461743354797 4.0115122871209685
8.77329668736212 0.7401665449142456 4.008444972496182
8.777940902469084 0.7555540800094604 4.026909165244252
8.777121755835935 0.7528422474861145 4.023625590067059
8.782748613116667 0.7712213397026062 4.046073742370755
8.78636208510153 0.7831584215164185 4.061019994478375
8.785705361125395 0.7809548377990723 4.058231420974881
8.785056922194883 0.7787890434265137 4.055501856069714
8.784417841193601 0.7766631245613098 4.052832909088284
8.783788892981931 0.7745774388313293 4.050223685960919
8.779404434916898 0.7602285146713257 4.032557033162266
8.778797957656309 0.7582308650016785 4.030121438365132
8.778202030417845 0.7562713027000427 4.027741246085316
8.77761820292227 0.7543516159057617 4.025415785770566
8.773474488017484 0.7407508492469788 4.009152241211087
8.765954169986173 0.7154867649078369 3.979719810347707
8.765419635531828 0.7136232256889343 3.977576233606488
8.764377925155088 0.7100493907928467 3.973516442041547
8.763951930758878 0.7085345387458801 3.9717811720182006
8.763537142035887 0.7070478200912476 3.9700786249448368
8.763131174800321 0.7055894136428833 3.9684123771001407
8.771206412074491 0.733206033706665 4.000271253447682
8.76598170733206 0.7158521413803101 3.9801900909949843
8.756354365107939 0.6812138557434082 3.9410459773351256
8.763545605895445 0.7070860862731934 3.970127441148908
8.763201210257932 0.7058383822441101 3.9687007145692412
8.763607237098142 0.7072914838790894 3.970360495309979
8.764021429774687 0.7087737321853638 3.972057737569959
8.76444658970587 0.7102841734886169 3.973788000803143
8.759494457003996 0.6925652027130127 3.9536880032826964
8.767409059760496 0.7204635143280029 3.985443659286649
8.767924878356382 0.7222369313240051 3.987500079136044
8.772361430880949 0.7371081113815308 4.004877589802891
8.772891852614805 0.7388818860054016 4.00697710381046
8.773435446975157 0.7406952977180481 4.009128250341565
8.773990366218015 0.7425479888916016 4.0113331751634185
8.774558100459501 0.7444391846656799 4.013588704328686
8.775139186141416 0.7463678121566772 4.015895091157109
8.780060264823362 0.7624477744102478 4.035310037593991
8.780681166407987 0.7644957900047302 4.037824265818745
8.781313631293699 0.7665844559669495 4.040397234420926
8.782858345267698 0.7715808749198914 4.046522386531979
8.77722552752249 0.7531835436820984 4.024037875394971
8.778042409179136 0.7558850049972534 4.027310185294301
8.77337870335333 0.7404341697692871 4.008762829165608
8.774148616549894 0.7430053353309631 4.011822156767995
8.777464840171262 0.7538999915122986 4.024872996072919
8.778257462737486 0.7565200924873352 4.028050281267316
8.779071364161894 0.7592068910598755 4.031319879155308
8.772792968509123 0.7385959625244141 4.006615959267766
8.776408049819395 0.7505106329917908 4.020810850124509
8.777394864318296 0.7537790536880493 4.024756901126057
8.778411481139585 0.7571401000022888 4.028834872107655
8.776838991401121 0.7520068883895874 4.022637389760167
8.769257936236784 0.7268147468566895 3.992809154253156
8.770337078330442 0.7304948568344116 3.9971177505065505
8.768201026675627 0.7233483791351318 3.9888068960715835
8.773068103549406 0.7396053671836853 4.007829688649327
8.771482560393736 0.7343899607658386 4.001691021185071
8.771389219520017 0.7340746521949768 4.0013223366548125
8.765783939120695 0.715058445930481 3.979223735790402
8.764975163695738 0.712255597114563 3.9759968297292296
8.770367178676054 0.7306470274925232 3.997285165052564
8.777287516353056 0.7535197734832764 4.024454839687497
8.78218761420004 0.7695838212966919 4.044085391025693
8.784094187972471 0.7757951617240906 4.051787354211957
8.789470467326566 0.793685257434845 4.0744415299703185
8.79632118677847 0.8178463578224182 4.106215216379315
8.79388240313284 0.8088759183883667 4.094207115631253
8.797255847213194 0.8212229609489441 4.110725052814633
8.793260845897123 0.8065611720085144 4.091113574962765
8.793746921775266 0.8082783222198486 4.093385465603024
8.790336403605863 0.796317994594574 4.077731944780499

VECTORS L float
-0.014551342742627343 0.0 0.031205455214270882
-0.023442482881963562 0.0 0.05027256677429772
-0.03232759679820075 0.0 0.06932675505718416
-0.04173691832025156 0.0 0.08950511017852164
-0.051797711587390265 0.0 0.11108055096571659
-0.06250949632407672 0.0 0.13405204746454935
-0.07391342012001781 0.0 0.15850784096590861
-0.08596641458934091 0.0 0.18435557101823546
-0.0986298993894406 0.0 0.21151250180981682
-0.11189086937219114 0.0 0.23995074371049493
-0.12569489554571675 0.0 0.26955357337051566
-0.14003312111659305 0.0 0.300301997335087
-0.1547511695252698 0.0 0.331864954003889
-0.16977595143204155 0.0 0.36408570278210783
-0.18514499426921852 0.0 0.39704472150804165
-0.20071644717270548 0.0 0.43043781002195813
-0.21651750443369916 0.0 0.464323286669527
-0.2324485677687532 0.0 0.4984875622426263
-0.24851377249226353 0.0 0.5329395049515971
-0.2644592419040782 0.0 0.5671346744560071
-0.2803886005063239 0.0 0.6012952942178015
-0.2962651851398385 0.0 0.6353427398384293
-0.3120255924200265 0.0 0.6691410423208417
-0.3277395686740732 0.0 0.7028397731463677
-0.3431376011013453 0.0 0.7358609602488833
-0.3583525634133033 0.0 0.7684895522221694
-0.3733064288008221 0.0 0.8005582200340717
-0.3880618067417385 0.0 0.8322012301431011
-0.40252338799859005 0.0 0.8632141912299305
-0.4164904559479997 0.0 0.8931666651066669
-0.4301649842318348 0.0 0.9224917856460548
-0.443209219436813 0.0 0.950465238315885
-0.4556448480223918 0.0 0.9771335298785453
-0.4675265914393688 0.0 1.0026140108639714
-0.4787496994656071 0.0 1.0266820436958657
-0.48925444185520806 0.0 1.0492095364485352
-0.498960546835634 0.0 1.0700243457502507
-0.5079725376612966 0.0 1.0893506224434528
-0.5160610054759596 0.0 1.1066963976483166
-0.5231850452317182 0.0 1.121973950206526
-0.5292266197213606 0.0 1.1349301485103382
-0.5342120363002896 0.0 1.1456214088654746
-0.5382126868325539 0.0 1.1542008316184553
-0.5408754155971972 0.0 1.1599110718816732
-0.5420937098927241 0.0 1.162523712429648
-0.5414807720059325 0.0 1.1612092628895807
-0.5382519925406987 0.0 1.1542851229815876
-0.5302223255563788 0.0 1.1370654465643264
-0.5080538006137582 0.0 1.0895248914073876
-0.38448742859949786 0.0 0.8245359514805478
-0.32591187892109164 0.0 0.6989202798225543
-0.448977153488053 0.0 0.9628346128058121
-0.47084401105609847 0.0 1.0097282401902823
-0.47891637688874217 0.0 1.0270394845832715
-0.4822244931318267 0.0 1.0341337627604164
-0.4830047517508974 0.0 1.0358070327688007
-0.4821246343786871 0.0 1.033919614973235
-0.47962566979629884 0.0 1.028560568132195
-0.47628051044699976 0.0 1.0213868507574162
-0.471778486861558 0.0 1.011732230022139
-0.4664206525257885 0.0 1.0002423172101373
-0.4601155498303141 0.0 0.9867209808451692
-0.4529626777199244 0.0 0.9713815971029186
-0.4450386260272071 0.0 0.9543884134094108
-0.43641035120166294 0.0 0.9358850183339732
-0.4270778817511893 0.0 0.9158714730119886
-0.4172860951493208 0.0 0.8948729188801284
-0.4068921022215379 0.0 0.8725829291147708
-0.3959495238214326 0.0 0.8491164940075265
-0.38462398962516503 0.0 0.8248288075451631
-0.37265106406754966 0.0 0.7991527858281111
-0.36040156174864263 0.0 0.7728836433324171
-0.3476625170739908 0.0 0.7455646738669459
-0.334639311784854 0.0 0.7176363199971753
-0.32143433984409986 0.0 0.6893181662850935
-0.30798324728988175 0.0 0.6604722052141582
-0.2943879930396745 0.0 0.6313170883885018
-0.2804201623142702 0.0 0.6013629787333661
-0.2664195471520618 0.0 0.5713385626266191
-0.2523186624995796 0.0 0.5410991179040641
-0.23817259586026548 0.0 0.5107627800980655
-0.22400929179703755 0.0 0.48038947651719216
-0.20971604796667911 0.0 0.44973751620645785
-0.19554746055909858 0.0 0.4193528824570568
-0.18143285079708282 0.0 0.3890840041421223
-0.16755837478011318 0.0 0.359330094305287
-0.15384941661312426 0.0 0.3299311386432032
-0.14041103725060877 0.0 0.3011124410998559
-0.12721879978092762 0.0 0.2728215965491192
-0.1143753992657445 0.0 0.24527883526143296
-0.10197563703933243 0.0 0.2186874593542193
-0.09006026901515951 0.0 0.19313487016596215
-0.07865087261160107 0.0 0.1686673406196942
-0.0677607066248381 0.0 0.1453133042955832
-0.05744162810569485 0.0 0.12318396899799895
-0.04772796797075199 0.0 0.10235295761513619
-0.03858157119567541 0.0 0.08273844643325816
-0.030009053706548175 0.0 0.06435462335163558
-0.02187215397128908 0.0 0.04690498555788005
-0.013677628525930331 0.0 0.029331769030016542
-0.014551342742627343 0.0 0.031205455214270882
-0.023442482881963562 0.0 0.05027256677429772
-0.03232759679820075 0.0 0.06932675505718416
-0.04173691832025156 0.0 0.08950511017852164
-0.051797711587390265 0.0 0.11108055096571659
-0.06250949632407672 0.0 0.13405204746454935
-0.07391342012001781 0.0 0.15850784096590861
-0.08596641458934091 0.0 0.18435557101823546
-0.0986298993894406 0.0 0.21151250180981682
-0.11189086937219114 0.0 0.23995074371049493
-0.12569489554571675 0.0 0.26955357337051566
-0.14003312111659305 0.0 0.300301997335087
-0.1547511695252698 0.0 0.331864954003889
-0.16977595143204155 0.0 0.36408570278210783
-0.18514499426921852 0.0 0.39704472150804165
-0.20071644717270548 0.0 0.43043781002195813
-0.21651750443369916 0.0 0.464323286669527
-0.2324485677687532 0.0 0.4984875622426263
-0.24851377249226353 0.0 0.5329395049515971
-0.2644592419040782 0.0 0.5671346744560071
-0.2803886005063239 0.0 0.6012952942178015
-0.2962651851398385 0.0 0.6353427398384293
-0.3120255924200265 0.0 0.6691410423208417
-0.3277395686740732 0.0 0.7028397731463677
-0.3431376011013453 0.0 0.7358609602488833
-0.3583525634133033 0.0 0.7684895522221694
-0.3733064288008221 0.0 0.8005582200340717
-0.3880618067417385 0.0 0.8322012301431011
-0.40252338799859005 0.0 0.8632141912299305
-0.4164904559479997 0.0 0.8931666651066669
-0.4301649842318348 0.0 0.9224917856460548
-0.443209219436813 0.0 0.950465238315885
-0.4556448480223918 0.0 0.9771335298785453
-0.4675265914393688 0.0 1.0026140108639714
-0.4787496994656071 0.0 1.0266820436958657
-0.48925444185520806 0.0 1.0492095364485352
-0.498960546835634 0.0 1.0700243457502507
-0.5079725376612966 0.0 1.0893506224434528
-0.5160610054759596 0.0 1.1066963976483166
-0.5231850452317182 0.0 1.121973950206526
-0.5292266197213606 0.0 1.1349301485103382
-0.5342120363002896 0.0 1.1456214088654746
-0.5382126868325539 0.0 1.1542008316184553
-0.5408754155971972 0.0 1.1599110718816732
-0.5420937098927241 0.0 1.162523712429648
-0.5414807720059325 0.0 1.1612092628895807
-0.5382519925406987 0.0 1.1542851229815876
-0.5302223255563788 0.0 1.1370654465643264
-0.5080538006137582 0.0 1.0895248914073876
-0.38448742859949786 0.0 0.8245359514805478
-0.32591187892109164 0.0 0.6989202798225543
-0.448977153488053 0.0 0.9628346128058121
-0.47084401105609847 0.0 1.0097282401902823
-0.47891637688874217 0.0 1.0270394845832715
-0.4822244931318267 0.0 1.0341337627604164
-0.4830047517508974 0.0 1.0358070327688007
-0.4821246343786871 0.0 1.033919614973235
-0.47962566979629884 0.0 1.028560568132195
-0.47628051044699976 0.0 1.0213868507574162
-0.471778486861558 0.0 1.011732230022139
-0.4664206525257885 0.0 1.0002423172101373
-0.4601155498303141 0.0 0.9867209808451692
-0.4529626777199244 0.0 0.9713815971029186
-0.4450386260272071 0.0 0.9543884134094108
-0.43641035120166294 0.0 0.9358850183339732
-0.4270778817511893 0.0 0.9158714730119886
-0.4172860951493208 0.0 0.8948729188801284
-0.4068921022215379 0.0 0.8725829291147708
-0.3959495238214326 0.0 0.8491164940075265
-0.38462398962516503 0.0 0.8248288075451631
-0.37265106406754966 0.0 0.7991527858281111
-0.36040156174864263 0.0 0.7728836433324171
-0.3476625170739908 0.0 0.7455646738669459
-0.334639311784854 0.0 0.7176363199971753
-0.32143433984409986 0.0 0.6893181662850935
-0.30798324728988175 0.0 0.6604722052141582
-0.2943879930396745 0.0 0.6313170883885018
-0.2804201623142702 0.0 0.6013629787333661
-0.2664195471520618 0.0 0.5713385626266191
-0.2523186624995796 0.0 0.5410991179040641
-0.23817259586026548 0.0 0.5107627800980655
-0.22400929179703755 0.0 0.48038947651719216
-0.20971604796667911 0.0 0.44973751620645785
-0.19554746055909858 0.0 0.4193528824570568
-0.18143285079708282 0.0 0.3890840041421223
-0.16755837478011318 0.0 0.359330094305287
-0.15384941661312426 0.0 0.3299311386432032
-0.14041103725060877 0.0 0.3011124410998559
-0.12721879978092762 0.0 0.2728215965491192
-0.1143753992657445 0.0 0.24527883526143296
-0.10197563703933243 0.0 0.2186874593542193
-0.09006026901515951 0.0 0.19313487016596215
-0.07865087261160107 0.0 0.1686673406196942
-0.0677607066248381 0.0 0.1453133042955832
-0.05744162810569485 0.0 0.12318396899799895
-0.04772796797075199 0.0 0.10235295761513619
-0.03858157119567541 0.0 0.08273844643325816
-0.030009053706548175 0.0 0.06435462335163558
-0.02187215397128908 0.0 0.04690498555788005
-0.013677628525930331 0.0 0.029331769030016542

SCALARS Gamma float
LOOKUP_TABLE default
0.45018032323428
0.6929693095002111
0.8923491658499978
1.0726245059098143
1.241789191901092
1.4034990385849415
1.558794353553508
1.7092469774920573
1.855359404048923
1.9971371186510494
2.1348980074440105
2.268560537210026
2.398694381090492
2.524353475033286
2.6443551702587813
2.759067443442161
2.867764599293106
2.9707632466624636
3.0678279358843827
3.1595916730721454
3.2444050299346863
3.322316773447672
3.3936747670034557
3.4584957488483243
3.5180747484177184
3.571249329347424
3.6185000951916755
3.6598914445505004
3.6964238577027424
3.728628552383915
3.755206738794069
3.777516996439026
3.7942643954018833
3.8047837443119557
3.8097012550781613
3.8091556733791565
3.8031280905320526
3.791162686739305
3.774525222788811
3.7526179404668767
3.725096754481435
3.6911969901366852
3.651240995444618
3.607352645696223
3.5584359283757787
3.5046317675096317
3.4463032353388483
3.3847927334715604
3.324057296969817
3.2671655295116073
3.2638154119122653
3.3189997118774066
3.380347137180829
3.4412628452193994
3.4986651278243763
3.551161876990741
3.597711137441959
3.6415143332363886
3.6789636982463283
3.7115395218098683
3.738016977713086
3.759083051238891
3.7749905256424663
3.7859215171573957
3.792051192691234
3.7938789794624848
3.789934700823381
3.7806076387678793
3.765861185147682
3.744702034676975
3.7189693150220817
3.6873958066855255
3.651320355934969
3.610227597580508
3.563121164077202
3.50991087913601
3.449917403716978
3.3849019465743355
3.3134940191236866
3.2356085568120836
3.1508905350964898
3.059293117926697
2.9623578692527714
2.859378045190787
2.7511247006504744
2.636721644882228
2.516903784281551
2.3916933276954957
2.2622677784541723
2.1290501058149065
1.9917985930894666
1.8502633261857002
1.7043709402989964
1.5542805876885468
1.3993755057877966
1.2382098755994542
1.069674893002274
0.8897806957755002
0.6908952326659838
0.4488377116900121
0.45018032323428
0.6929693095002111
0.8923491658499978
1.0726245059098143
1.241789191901092
1.4034990385849415
1.558794353553508
1.7092469774920573
1.855359404048923
1.9971371186510494
2.1348980074440105
2.268560537210026
2.398694381090492
2.524353475033286
2.6443551702587813
2.759067443442161
2.867764599293106
2.9707632466624636
3.0678279358843827
3.1595916730721454
3.2444050299346863
3.322316773447672
3.3936747670034557
3.4584957488483243
3.5180747484177184
3.571249329347424
3.6185000951916755
3.6598914445505004
3.6964238577027424
3.728628552383915
3.755206738794069
3.777516996439026
3.7942643954018833
3.8047837443119557
3.8097012550781613
3.8091556733791565
3.8031280905320526
3.791162686739305
3.774525222788811
3.7526179404668767
3.725096754481435
3.6911969901366852
3.651240995444618
3.607352645696223
3.5584359283757787
3.5046317675096317
3.4463032353388483
3.3847927334715604
3.324057296969817
3.2671655295116073
3.2638154119122653
3.3189997118774066
3.380347137180829
3.4412628452193994
3.4986651278243763
3.551161876990741
3.597711137441959
3.6415143332363886
3.6789636982463283
3.7115395218098683
3.738016977713086
3.759083051238891
3.7749905256424663
3.7859215171573957
3.792051192691234
3.7938789794624848
3.789934700823381
3.7806076387678793
3.765861185147682
3.744702034676975
3.7189693150220817
3.6873958066855255
3.651320355934969
3.610227597580508
3.563121164077202
3.50991087913601
3.449917403716978
3.3849019465743355
3.3134940191236866
3.2356085568120836
3.1508905350964898
3.059293117926697
2.9623578692527714
2.859378045190787
2.7511247006504744
2.636721644882228
2.516903784281551
2.3916933276954957
2.2622677784541723
2.1290501058149065
1.9917985930894666
1.8502633261857002
1.7043709402989964
1.5542805876885468
1.3993755057877966
1.2382098755994542
1.069674893002274
0.8897806957755002
0.6908952326659838
0.4488377116900121

VECTORS Vvpm float
-0.2694796025753021 0.8076863288879395 -0.13363197445869446
-0.2651791274547577 0.8235795497894286 -0.11230787634849548
-0.26696792244911194 0.8168571591377258 -0.12140113115310668
-0.2661541998386383 0.8199874758720398 -0.117134690284729
-0.26638785004615784 0.8191160559654236 -0.11832061409950255
-0.26317307353019714 0.8316668272018432 -0.10113328695297241
-0.2702941596508026 0.8050982356071472 -0.13692772388458252
-0.2753128707408905 0.7879446148872375 -0.1591034233570099
-0.2790897786617279 0.7754696607589722 -0.17480331659317017
-0.28586694598197937 0.753264307975769 -0.20203891396522522
-0.2908240854740143 0.7369012236595154 -0.22156360745429993
-0.2970501482486725 0.7158792614936829 -0.2460252195596695
-0.29275479912757874 0.7304207682609558 -0.22917848825454715
-0.28681036829948425 0.7501095533370972 -0.20585428178310397
-0.2888365685939789 0.7434817552566528 -0.21376267075538635
-0.28722211718559265 0.7487454414367676 -0.20749251544475558
-0.28974488377571106 0.7404455542564392 -0.2173677831888199
-0.2898721992969513 0.7400012612342834 -0.21789947152137754
-0.29101815819740295 0.736153781414032 -0.22245547175407412
-0.28305235505104065 0.7623841762542725 -0.19098404049873352
-0.2814781963825226 0.7675228714942932 -0.18468284606933594
-0.2825346887111664 0.7640330791473389 -0.18898142874240875
-0.2835644781589508 0.7606343030929565 -0.19314566254615784
-0.28772106766700745 0.7470237612724304 -0.20956240594387054
-0.2840752899646759 0.7589844465255737 -0.19513650238513947
-0.28489193320274353 0.7562903761863708 -0.1984138786792755
-0.28568705916404724 0.7536630630493164 -0.2015981525182724
-0.2890089452266693 0.7427461743354797 -0.214670330286026
-0.2897811830043793 0.7401665449142456 -0.21773764491081238
-0.28513696789741516 0.7555540800094604 -0.19927345216274261
-0.28595611453056335 0.7528422474861145 -0.2025570273399353
-0.28032925724983215 0.7712213397026062 -0.18010887503623962
-0.27671578526496887 0.7831584215164185 -0.16516262292861938
-0.2773725092411041 0.7809548377990723 -0.16795119643211365
-0.2780209481716156 0.7787890434265137 -0.17068076133728027
-0.27866002917289734 0.7766631245613098 -0.17334970831871033
-0.27928897738456726 0.7745774388313293 -0.17595893144607544
-0.2836734354496002 0.7602285146713257 -0.1936255842447281
-0.2842799127101898 0.7582308650016785 -0.1960611790418625
-0.2848758399486542 0.7562713027000427 -0.19844137132167816
-0.2854596674442291 0.7543516159057617 -0.20076683163642883
-0.2896033823490143 0.7407508492469788 -0.21703037619590757
-0.2971237003803253 0.7154867649078369 -0.24646280705928802
-0.297658234834671 0.7136232256889343 -0.2486063838005066
-0.2986999452114105 0.7100493907928467 -0.252666175365448
-0.29912593960762024 0.7085345387458801 -0.25440144538879395
-0.2995407283306122 0.7070478200912476 -0.2561039924621582
-0.29994669556617737 0.7055894136428833 -0.25777024030685425
-0.29187145829200745 0.733206033706665 -0.22591136395931244
-0.2970961630344391 0.7158521413803101 -0.24599252641201022
-0.3067235052585602 0.6812138557434082 -0.2851366400718689
-0.2995322644710541 0.7070860862731934 -0.25605517625808716
-0.2998766601085663 0.7058383822441101 -0.2574819028377533
-0.2994706332683563 0.7072914838790894 -0.2558221220970154
-0.29905644059181213 0.7087737321853638 -0.25412487983703613
-0.2986312806606293 0.7102841734886169 -0.2523946166038513
-0.30358341336250305 0.6925652027130127 -0.2724946141242981
-0.2956688106060028 0.7204635143280029 -0.24073895812034604
-0.2951529920101166 0.7222369313240051 -0.23868253827095032
-0.2907164394855499 0.7371081113815308 -0.2213050276041031
-0.2901860177516937 0.7388818860054016 -0.21920551359653476
-0.28964242339134216 0.7406952977180481 -0.21705436706542966
-0.2890875041484833 0.7425479888916016 -0.21484944224357605
-0.2885197699069977 0.7444391846656799 -0.2125939130783081
-0.2879386842250824 0.7463678121566772 -0.21028752624988556
-0.2830176055431366 0.7624477744102478 -0.19087257981300354
-0.28239670395851135 0.7644957900047302 -0.1883583515882492
-0.2817642390727997 0.7665844559669495 -0.18578538298606873
-0.28021952509880066 0.7715808749198914 -0.17966023087501526
-0.2858523428440094 0.7531835436820984 -0.20214474201202393
-0.28503546118736267 0.7558850049972534 -0.1988724321126938
-0.28969916701316833 0.7404341697692871 -0.21741978824138644
-0.2889292538166046 0.7430053353309631 -0.21436046063899994
-0.2856130301952362 0.7538999915122986 -0.20130962133407593
-0.28482040762901306 0.7565200924873352 -0.19813233613967896
-0.2840065062046051 0.7592068910598755 -0.1948627382516861
-0.2902849018573761 0.7385959625244141 -0.21956665813922885
-0.2866698205471039 0.7505106329917908 -0.20537176728248596
-0.2856830060482025 0.7537790536880493 -0.2014257162809372
-0.28466638922691345 0.7571401000022888 -0.1973477452993393
-0.2862388789653778 0.7520068883895874 -0.2035452276468277
-0.29381993412971497 0.7268147468566895 -0.2333734631538391
-0.2927407920360565 0.7304948568344116 -0.22906486690044403
-0.2948768436908722 0.7233483791351318 -0.23737572133541107
-0.2900097668170929 0.7396053671836853 -0.21835292875766754
-0.29159530997276306 0.7343899607658386 -0.22449159622192383
-0.2916886508464813 0.7340746521949768 -0.224860280752182
-0.29729393124580383 0.715058445930481 -0.2469588816165924
-0.2981027066707611 0.712255597114563 -0.2501857876777649
-0.29271069169044495 0.7306470274925232 -0.22889745235443118
-0.285790354013443 0.7535197734832764 -0.20172777771949768
-0.28089025616645813 0.7695838212966919 -0.18209722638130188
-0.2789836823940277 0.7757951617240906 -0.17439526319503784
-0.27360740303993225 0.793685257434845 -0.15174108743667603
-0.26675668358802795 0.8178463578224182 -0.11996740102767946
-0.26919546723365784 0.8088759183883667 -0.13197550177574158
-0.26582202315330505 0.8212229609489441 -0.11545756459236146
-0.2698170244693756 0.8065611720085144 -0.13506904244422913
-0.2693309485912323 0.8082783222198486 -0.13279715180397034
-0.2727414667606354 0.796317994594574 -0.14845067262649536
-0.2694796025753021 0.8076863288879395 -0.13363197445869446
-0.2651791274547577 0.8235795497894286 -0.11230787634849548
-0.26696792244911194 0.8168571591377258 -0.12140113115310668
-0.2661541998386383 0.8199874758720398 -0.117134690284729
-0.26638785004615784 0.8191160559654236 -0.11832061409950255
-0.26317307353019714 0.8316668272018432 -0.10113328695297241
-0.2702941596508026 0.8050982356071472 -0.13692772388458252
-0.2753128707408905 0.7879446148872375 -0.1591034233570099
-0.2790897786617279 0.7754696607589722 -0.17480331659317017
-0.28586694598197937 0.753264307975769 -0.20203891396522522
-0.2908240854740143 0.7369012236595154 -0.22156360745429993
-0.2970501482486725 0.7158792614936829 -0.2460252195596695
-0.29275479912757874 0.7304207682609558 -0.22917848825454715
-0.28681036829948425 0.7501095533370972 -0.20585428178310397
-0.2888365685939789 0.7434817552566528 -0.21376267075538635
-0.28722211718559265 0.7487454414367676 -0.20749251544475558
-0.28974488377571106 0.7404455542564392 -0.2173677831888199
-0.2898721992969513 0.7400012612342834 -0.21789947152137754
-0.29101815819740295 0.736153781414032 -0.22245547175407412
-0.28305235505104065 0.7623841762542725 -0.19098404049873352
-0.2814781963825226 0.7675228714942932 -0.18468284606933594
-0.2825346887111664 0.7640330791473389 -0.18898142874240875
-0.2835644781589508 0.7606343030929565 -0.19314566254615784
-0.28772106766700745 0.7470237612724304 -0.20956240594387054
-0.2840752899646759 0.7589844465255737 -0.19513650238513947
-0.28489193320274353 0.7562903761863708 -0.1984138786792755
-0.28568705916404724 0.7536630630493164 -0.2015981525182724
-0.2890089452266693 0.7427461743354797 -0.214670330286026
-0.2897811830043793 0.7401665449142456 -0.21773764491081238
-0.28513696789741516 0.7555540800094604 -0.19927345216274261
-0.28595611453056335 0.7528422474861145 -0.2025570273399353
-0.28032925724983215 0.7712213397026062 -0.18010887503623962
-0.27671578526496887 0.7831584215164185 -0.16516262292861938
-0.2773725092411041 0.7809548377990723 -0.16795119643211365
-0.2780209481716156 0.7787890434265137 -0.17068076133728027
-0.27866002917289734 0.7766631245613098 -0.17334970831871033
-0.27928897738456726 0.7745774388313293 -0.17595893144607544
-0.2836734354496002 0.7602285146713257 -0.1936255842447281
-0.2842799127101898 0.7582308650016785 -0.1960611790418625
-0.2848758399486542 0.7562713027000427 -0.19844137132167816
-0.2854596674442291 0.7543516159057617 -0.20076683163642883
-0.2896033823490143 0.7407508492469788 -0.21703037619590757
-0.2971237003803253 0.7154867649078369 -0.24646280705928802
-0.297658234834671 0.7136232256889343 -0.2486063838005066
-0.2986999452114105 0.7100493907928467 -0.252666175365448
-0.29912593960762024 0.7085345387458801 -0.25440144538879395
-0.2995407283306122 0.7070478200912476 -0.2561039924621582
-0.29994669556617737 0.7055894136428833 -0.25777024030685425
-0.29187145829200745 0.733206033706665 -0.22591136395931244
-0.2970961630344391 0.7158521413803101 -0.24599252641201022
-0.3067235052585602 0.6812138557434082 -0.2851366400718689
-0.2995322644710541 0.7070860862731934 -0.25605517625808716
-0.2998766601085663 0.7058383822441101 -0.2574819028377533
-0.2994706332683563 0.7072914838790894 -0.2558221220970154
-0.29905644059181213 0.7087737321853638 -0.25412487983703613
-0.2986312806606293 0.7102841734886169 -0.2523946166038513
-0.30358341336250305 0.6925652027130127 -0.2724946141242981
-0.2956688106060028 0.7204635143280029 -0.24073895812034604
-0.2951529920101166 0.7222369313240051 -0.23868253827095032
-0.2907164394855499 0.7371081113815308 -0.2213050276041031
-0.2901860177516937 0.7388818860054016 -0.21920551359653476
-0.28964242339134216 0.7406952977180481 -0.21705436706542966
-0.2890875041484833 0.7425479888916016 -0.21484944224357605
-0.2885197699069977 0.7444391846656799 -0.2125939130783081
-0.2879386842250824 0.7463678121566772 -0.21028752624988556
-0.2830176055431366 0.7624477744102478 -0.19087257981300354
-0.28239670395851135 0.7644957900047302 -0.1883583515882492
-0.2817642390727997 0.7665844559669495 -0.18578538298606873
-0.28021952509880066 0.7715808749198914 -0.17966023087501526
-0.2858523428440094 0.7531835436820984 -0.20214474201202393
-0.28503546118736267 0.7558850049972534 -0.1988724321126938
-0.28969916701316833 0.7404341697692871 -0.21741978824138644
-0.2889292538166046 0.7430053353309631 -0.21436046063899994
-0.2856130301952362 0.7538999915122986 -0.20130962133407593
-0.28482040762901306 0.7565200924873352 -0.19813233613967896
-0.2840065062046051 0.7592068910598755 -0.1948627382516861
-0.2902849018573761 0.7385959625244141 -0.21956665813922885
-0.2866698205471039 0.7505106329917908 -0.20537176728248596
-0.2856830060482025 0.7537790536880493 -0.2014257162809372
-0.28466638922691345 0.7571401000022888 -0.1973477452993393
-0.2862388789653778 0.7520068883895874 -0.2035452276468277
-0.29381993412971497 0.7268147468566895 -0.2333734631538391
-0.2927407920360565 0.7304948568344116 -0.22906486690044403
-0.2948768436908722 0.7233483791351318 -0.23737572133541107
-0.2900097668170929 0.7396053671836853 -0.21835292875766754
-0.29159530997276306 0.7343899607658386 -0.22449159622192383
-0.2916886508464813 0.7340746521949768 -0.224860280752182
-0.29729393124580383 0.715058445930481 -0.2469588816165924
-0.2981027066707611 0.712255597114563 -0.2501857876777649
-0.29271069169044495 0.7306470274925232 -0.22889745235443118
-0.285790354013443 0.7535197734832764 -0.20172777771949768
-0.28089025616645813 0.7695838212966919 -0.18209722638130188
-0.2789836823940277 0.7757951617240906 -0.17439526319503784
-0.27360740303993225 0.793685257434845 -0.15174108743667603
-0.26675668358802795 0.8178463578224182 -0.11996740102767946
-0.26919546723365784 0.8088759183883667 -0.13197550177574158
-0.26582202315330505 0.8212229609489441 -0.11545756459236146
-0.2698170244693756 0.8065611720085144 -0.13506904244422913
-0.2693309485912323 0.8082783222198486 -0.13279715180397034
-0.2727414667606354 0.796317994594574 -0.14845067262649536

VECTORS Vvpm_BBp float
-0.30068716406822205 0.7034946084022522 -0.260100394487381
-0.30447670817375183 0.6897138953208923 -0.2756638526916504
-0.3081846535205841 0.6756849884986877 -0.29131197929382324
-0.31163129210472107 0.661715030670166 -0.3067777156829834
-0.31374332308769226 0.6529422402381897 -0.3163999021053314
-0.31631574034690857 0.6412885785102844 -0.3291703462600708
-0.31754419207572937 0.6354171633720398 -0.3355872929096222
-0.3208164870738983 0.6188892126083374 -0.3535654544830322
-0.3221283257007599 0.6115089654922485 -0.361589252948761
-0.32278862595558167 0.6076240539550781 -0.36580777168273926
-0.3218976557254791 0.6126583218574524 -0.3603498041629791
-0.32284989953041077 0.6074028611183167 -0.3660314083099365
-0.3224315345287323 0.609738826751709 -0.36350104212760925
-0.3216404616832733 0.6141476035118103 -0.3587145507335663
-0.32091620564460754 0.6180481910705566 -0.35448649525642395
-0.3212098777294159 0.6163561940193176 -0.3563307523727417
-0.32262590527534485 0.608633279800415 -0.3646894693374634
-0.32246139645576477 0.6095442175865173 -0.3637004792690277
-0.32267507910728455 0.6082161068916321 -0.3651474416255951
-0.32189980149269104 0.6125630736351013 -0.36043107509613037
-0.32078561186790466 0.6186349391937256 -0.3538443148136139
-0.3210153877735138 0.6173267960548401 -0.35527029633522034
-0.3206430971622467 0.6193318963050842 -0.35308828949928284
-0.3208666741847992 0.6180707216262817 -0.35446232557296753
-0.32249870896339417 0.6095221042633057 -0.3636915683746338
-0.3226630985736847 0.6085066199302673 -0.36479756236076355
-0.3223254978656769 0.6103979349136353 -0.36274993419647217
-0.3220541179180145 0.6118614077568054 -0.3611644208431244
-0.3222251832485199 0.6108203530311584 -0.36229971051216125
-0.32119980454444885 0.6164829134941101 -0.3561563789844513
-0.32137373089790344 0.6154614686965942 -0.3572711944580078
-0.3207031190395355 0.6191294193267822 -0.35327810049057007
-0.3190790116786957 0.6275529265403748 -0.34410861134529114
-0.31926867365837097 0.6265477538108826 -0.34520667791366577
-0.3194541037082672 0.6255637407302856 -0.34627968072891235
-0.31963518261909485 0.6246017813682556 -0.34732872247695923
-0.31981077790260315 0.6236602067947388 -0.3483554720878601
-0.3199808895587921 0.6227389574050903 -0.34935927391052246
-0.31913092732429504 0.6271035671234131 -0.3446120619773865
-0.3193260133266449 0.626086950302124 -0.34571972489356995
-0.32459452748298645 0.5969857573509216 -0.37724244594573975
-0.3242371380329132 0.5991785526275635 -0.3748617470264435
-0.3243246376514435 0.5986023545265198 -0.3754875957965851
-0.3244076073169708 0.5980367660522461 -0.37610360980033875
-0.32448723912239075 0.5974828004837036 -0.3767075836658478
-0.3245640695095062 0.5969403386116028 -0.37729912996292114
-0.32463791966438293 0.5964087247848511 -0.37787938117980957
-0.3235394060611725 0.6031755805015564 -0.3705385625362396
-0.32456615567207336 0.5970239043235779 -0.37720993161201477
-0.32957741618156433 0.5601020455360413 -0.4172056317329407
-0.3245668113231659 0.5970261693000793 -0.3772065043449402
-0.3235418498516083 0.6031840443611145 -0.37052810192108154
-0.3246385157108307 0.5964109301567078 -0.37787631154060364
-0.3245634138584137 0.5969412326812744 -0.377297580242157
-0.32448747754096985 0.5974844694137573 -0.37670472264289856
-0.3244076073169708 0.5980382561683655 -0.37610092759132385
-0.3243257701396942 0.5986049771308899 -0.3754836916923523
-0.324239045381546 0.599181592464447 -0.37485647201538086
-0.3245972692966461 0.5969870686531067 -0.377238392829895
-0.31932780146598816 0.6260865330696106 -0.34571561217308044
-0.3191339671611786 0.627104640007019 -0.3446064889431
-0.31998398900032043 0.6227419376373291 -0.34935182332992554
-0.319814532995224 0.6236633062362671 -0.3483469784259796
-0.31963911652565 0.6246050000190735 -0.34732022881507874
-0.3194582760334015 0.6255673170089722 -0.3462710976600647
-0.3192727267742157 0.62655109167099 -0.34519824385643005
-0.31908175349235535 0.6275554299354553 -0.34410205483436584
-0.3207043707370758 0.6191338896751404 -0.35327136516571045
-0.32137438654899597 0.6154661774635315 -0.35726499557495117
-0.3211997449398041 0.6164873838424683 -0.3561510741710663
-0.32222458720207214 0.6108206510543823 -0.36229830980300903
-0.3220535218715668 0.611862063407898 -0.3611631691455841
-0.3223249018192291 0.6103968024253845 -0.3627500832080841
-0.32266250252723694 0.6085071563720703 -0.36479616165161133
-0.32249853014945984 0.6095227003097534 -0.363689661026001
-0.32086673378944397 0.6180729866027832 -0.3544584810733795
-0.32064321637153625 0.6193342804908752 -0.3530842065811157
-0.3210161626338959 0.6173302531242371 -0.35526514053344727
-0.3207866847515106 0.6186386346817017 -0.35383880138397217
-0.321900874376297 0.6125653386116028 -0.3604266345500946
-0.3226763904094696 0.6082189083099365 -0.3651424050331116
-0.32246270775794983 0.6095471978187561 -0.36369553208351135
-0.32262763381004333 0.6086371541023254 -0.36468368768692017
-0.3212110698223114 0.6163614392280579 -0.35632383823394775
-0.3209172785282135 0.6180530786514282 -0.35447990894317627
-0.3216415345668793 0.6141509413719177 -0.3587093949317932
-0.3224327862262726 0.6097431778907776 -0.36349523067474365
-0.3228508532047272 0.6074084043502808 -0.366024374961853
-0.32189878821372986 0.6126651763916016 -0.36034172773361206
-0.3227897584438324 0.607629656791687 -0.3658008873462677
-0.3221299946308136 0.6115136742591858 -0.36158302426338196
-0.320818156003952 0.618891716003418 -0.3535606265068054
-0.317545622587204 0.6354169249534607 -0.3355841338634491
-0.3163173496723175 0.6412851810455322 -0.32916945219039917
-0.31374433636665344 0.6529371738433838 -0.3163999915122986
-0.3116322457790375 0.6617069244384766 -0.30678021907806396
-0.3081854283809662 0.6756755709648132 -0.2913152575492859
-0.30447712540626526 0.6897027492523193 -0.27566853165626526
-0.3006875813007355 0.7034822702407837 -0.2601053714752197
-0.2948966920375824 0.7235844135284424 -0.23705734312534332
-0.30068716406822205 0.7034946084022522 -0.260100394487381
-0.30447670817375183 0.6897138953208923 -0.2756638526916504
-0.3081846535205841 0.6756849884986877 -0.29131197929382324
-0.31163129210472107 0.661715030670166 -0.3067777156829834
-0.31374332308769226 0.6529422402381897 -0.3163999021053314
-0.31631574034690857 0.6412885785102844 -0.3291703462600708
-0.31754419207572937 0.6354171633720398 -0.3355872929096222
-0.3208164870738983 0.6188892126083374 -0.3535654544830322
-0.3221283257007599 0.6115089654922485 -0.361589252948761
-0.32278862595558167 0.6076240539550781 -0.36580777168273926
-0.3218976557254791 0.6126583218574524 -0.3603498041629791
-0.32284989953041077 0.6074028611183167 -0.3660314083099365
-0.3224315345287323 0.609738826751709 -0.36350104212760925
-0.3216404616832733 0.6141476035118103 -0.3587145507335663
-0.32091620564460754 0.6180481910705566 -0.35448649525642395
-0.3212098777294159 0.6163561940193176 -0.3563307523727417
-0.32262590527534485 0.608633279800415 -0.3646894693374634
-0.32246139645576477 0.6095442175865173 -0.3637004792690277
-0.32267507910728455 0.6082161068916321 -0.3651474416255951
-0.32189980149269104 0.6125630736351013 -0.36043107509613037
-0.32078561186790466 0.6186349391937256 -0.3538443148136139
-0.3210153877735138 0.6173267960548401 -0.35527029633522034
-0.3206430971622467 0.6193318963050842 -0.35308828949928284
-0.3208666741847992 0.6180707216262817 -0.35446232557296753
-0.32249870896339417 0.6095221042633057 -0.3636915683746338
-0.3226630985736847 0.6085066199302673 -0.36479756236076355
-0.3223254978656769 0.6103979349136353 -0.36274993419647217
-0.3220541179180145 0.6118614077568054 -0.3611644208431244
-0.3222251832485199 0.6108203530311584 -0.36229971051216125
-0.32119980454444885 0.6164829134941101 -0.3561563789844513
-0.32137373089790344 0.6154614686965942 -0.3572711944580078
-0.3207031190395355 0.6191294193267822 -0.35327810049057007
-0.3190790116786957 0.6275529265403748 -0.34410861134529114
-0.31926867365837097 0.6265477538108826 -0.34520667791366577
-0.3194541037082672 0.6255637407302856 -0.34627968072891235
-0.31963518261909485 0.6246017813682556 -0.34732872247695923
-0.31981077790260315 0.6236602067947388 -0.3483554720878601
-0.3199808895587921 0.6227389574050903 -0.34935927391052246
-0.31913092732429504 0.6271035671234131 -0.3446120619773865
-0.3193260133266449 0.626086950302124 -0.34571972489356995
-0.32459452748298645 0.5969857573509216 -0.37724244594573975
-0.3242371380329132 0.5991785526275635 -0.3748617470264435
-0.3243246376514435 0.5986023545265198 -0.3754875957965851
-0.3244076073169708 0.5980367660522461 -0.37610360980033875
-0.32448723912239075 0.5974828004837036 -0.3767075836658478
-0.3245640695095062 0.5969403386116028 -0.37729912996292114
-0.32463791966438293 0.5964087247848511 -0.37787938117980957
-0.3235394060611725 0.6031755805015564 -0.3705385625362396
-0.32456615567207336 0.5970239043235779 -0.37720993161201477
-0.32957741618156433 0.5601020455360413 -0.4172056317329407
-0.3245668113231659 0.5970261693000793 -0.3772065043449402
-0.3235418498516083 0.6031840443611145 -0.37052810192108154
-0.3246385157108307 0.5964109301567078 -0.37787631154060364
-0.3245634138584137 0.5969412326812744 -0.377297580242157
-0.32448747754096985 0.5974844694137573 -0.37670472264289856
-0.3244076073169708 0.5980382561683655 -0.37610092759132385
-0.3243257701396942 0.5986049771308899 -0.3754836916923523
-0.324239045381546 0.599181592464447 -0.37485647201538086
-0.3245972692966461 0.5969870686531067 -0.377238392829895
-0.31932780146598816 0.6260865330696106 -0.34571561217308044
-0.3191339671611786 0.627104640007019 -0.3446064889431
-0.31998398900032043 0.6227419376373291 -0.34935182332992554
-0.319814532995224 0.6236633062362671 -0.3483469784259796
-0.31963911652565 0.6246050000190735 -0.34732022881507874
-0.3194582760334015 0.6255673170089722 -0.3462710976600647
-0.3192727267742157 0.62655109167099 -0.34519824385643005
-0.31908175349235535 0.6275554299354553 -0.34410205483436584
-0.3207043707370758 0.6191338896751404 -0.35327136516571045
-0.32137438654899597 0.6154661774635315 -0.35726499557495117
-0.3211997449398041 0.6164873838424683 -0.3561510741710663
-0.32222458720207214 0.6108206510543823 -0.36229830980300903
-0.3220535218715668 0.611862063407898 -0.3611631691455841
-0.3223249018192291 0.6103968024253845 -0.3627500832080841
-0.32266250252723694 0.6085071563720703 -0.36479616165161133
-0.32249853014945984 0.6095227003097534 -0.363689661026001
-0.32086673378944397 0.6180729866027832 -0.3544584810733795
-0.32064321637153625 0.6193342804908752 -0.3530842065811157
-0.3210161626338959 0.6173302531242371 -0.35526514053344727
-0.3207866847515106 0.6186386346817017 -0.35383880138397217
-0.321900874376297 0.6125653386116028 -0.3604266345500946
-0.3226763904094696 0.6082189083099365 -0.3651424050331116
-0.32246270775794983 0.6095471978187561 -0.36369553208351135
-0.32262763381004333 0.6086371541023254 -0.36468368768692017
-0.3212110698223114 0.6163614392280579 -0.35632383823394775
-0.3209172785282135 0.6180530786514282 -0.35447990894317627
-0.3216415345668793 0.6141509413719177 -0.3587093949317932
-0.3224327862262726 0.6097431778907776 -0.36349523067474365
-0.3228508532047272 0.6074084043502808 -0.366024374961853
-0.32189878821372986 0.6126651763916016 -0.36034172773361206
-0.3227897584438324 0.607629656791687 -0.3658008873462677
-0.3221299946308136 0.6115136742591858 -0.36158302426338196
-0.320818156003952 0.618891716003418 -0.3535606265068054
-0.317545622587204 0.6354169249534607 -0.3355841338634491
-0.3163173496723175 0.6412851810455322 -0.32916945219039917
-0.31374433636665344 0.6529371738433838 -0.3163999915122986
-0.3116322457790375 0.6617069244384766 -0.30678021907806396
-0.3081854283809662 0.6756755709648132 -0.2913152575492859
-0.30447712540626526 0.6897027492523193 -0.27566853165626526
-0.3006875813007355 0.7034822702407837 -0.2601053714752197
-0.2948966920375824 0.7235844135284424 -0.23705734312534332

VECTORS ftot float
-5.874293516381501 -9.920823041173339 5.6556983329100285
-7.8738127245227805 -11.920333338082669 7.754151841110837
-8.92627469354138 -12.972806047512375 9.477426013759471
-9.626470848199453 -13.673022025538225 11.03556958829935
-10.141360810466203 -14.187932923106999 12.497684323397992
-10.515287449812181 -14.561875735905947 13.895350922643605
-10.826347553060103 -14.872995115604535 15.237570420376745
-11.065910019825553 -15.112557877392266 16.537930797308253
-11.24129410103859 -15.287955429253824 17.800785535624968
-11.376352247164943 -15.423004867563614 19.02618925295404
-11.464928576457215 -15.511561013202027 20.216870341762295
-11.526954441210481 -15.5735907483952 21.37213167959052
-11.509871827200824 -15.55650268715016 22.496905332576148
-11.42804898907723 -15.474675807031561 23.58300336721526
-11.339228426074015 -15.38584470038644 24.62018688610158
-11.206196839253433 -15.252807946808192 25.611671878842976
-11.070915964346383 -15.117539938663429 26.55115160357639
-10.912762598358448 -14.959381087647 27.441395892616946
-10.753763088420921 -14.800375730378418 28.28035278876811
-10.525829585858133 -14.572440367849234 29.0734930017038
-10.30673112745943 -14.353326401096588 29.80653611148428
-10.099745651256105 -14.146338281067846 30.47994920529354
-9.895560904207208 -13.942152146955511 31.096719015264657
-9.722930176497592 -13.769532317899264 31.656975799013804
-9.505263563444935 -13.551868183309267 32.17194242734319
-9.307929229922504 -13.3546338562665 32.631378290265495
-9.113976499475143 -13.160676752458514 33.03978692517463
-8.945388540857557 -12.992083863721614 33.39755119585923
-8.77188754479555 -12.818578212832454 33.71332062122598
-8.552747144226725 -12.599421756700504 33.99163998054688
-8.360900654515977 -12.40757027036008 34.221369351145555
-8.11515795512473 -12.161822380911437 34.41421084366784
-7.8540905384643365 -11.900763944834223 34.55896639533065
-7.608840752169568 -11.655513771566142 34.6498949639164
-7.357489394199043 -11.404162182165136 34.69240918881161
-7.0956805762846065 -11.142352744936225 34.68770370388626
-6.818916205458765 -10.865640685674501 34.635563390122364
-6.560243525536613 -10.60696373581296 34.53215869175969
-6.267097997643082 -10.313814357589479 34.38837223078342
-5.952520248466566 -9.999242433705934 34.19904303302749
-5.613262554929122 -9.65998966994098 33.961193366711406
-5.275644967952296 -9.322368395356525 33.668206599188636
-4.951186025241923 -8.99790706071605 33.32287601267258
-4.557555073559356 -8.60427347248514 32.94355693220969
-4.1091726117391945 -8.155888236980937 32.52077796282898
-3.5605821488135327 -7.607295031057523 32.055754282326326
-2.8134446296739233 -6.860152710780922 31.55162543121867
-1.5783870420751125 -5.625092104866277 31.01999483237061
1.3640313440005754 -2.682693449497462 30.495008169344235
16.773035589771247 12.726220753998172 30.003153127834658
16.666077833591146 -12.61926700656848 26.57395108985241
1.3009611890902129 2.745753015990833 26.99359049220124
-1.5863876686099818 5.633082048795561 27.45998553922294
-2.8259118232282168 6.872609790761411 27.92301184339274
-3.5750603459713215 7.6217629406874945 28.359325345046095
-4.127936006276821 8.174641455528292 28.758357288498313
-4.605055529782475 8.651764003475302 29.112178310705147
-4.949202652942485 8.995913800018192 29.445125673546297
-5.319769646799371 9.366483718005034 29.729773857257893
-5.641484206283088 9.688201552665282 29.977375120037564
-5.9712496311659935 10.017962585068343 30.178632858261224
-6.277398221345065 10.324105524961126 30.338760704128276
-6.563739775797321 10.610451299214606 30.45965982040565
-6.832192088321149 10.878907924651411 30.542732340470575
-7.083532767991153 11.13018983899867 30.58939104485923
-7.302722782679829 11.34938074217419 30.603274642827895
-7.548481564585551 11.59514020582443 30.573281345317962
-7.7833401952097665 11.82999943630453 30.502374304975703
-8.009702466759045 12.056358392962848 30.390267672119915
-8.267044290370698 12.313705313519797 30.229408758069752
-8.467245386399743 12.513911649751838 30.033786823547015
-8.693802085290983 12.740482014487517 29.793784245588004
-8.874392813580407 12.921077723066494 29.519540302069384
-9.049975531009316 13.096665633649561 29.207159822391986
-9.250895698407756 13.297589949261791 28.849068516592993
-9.45591065051962 13.502508215857045 28.444853489304485
-9.691421195665722 13.738019766317962 27.988799494333033
-9.863190846169129 13.909774453093442 27.494595668596855
-10.063683920437715 14.110269063831344 26.951784882472484
-10.26748654990691 14.314074600161884 26.359735355480822
-10.483008579304428 14.529610386825587 25.715750462605698
-10.70631182738866 14.752918146592112 25.01946404783079
-10.864466727175088 14.911079512890927 24.282605747974984
-11.027683499618131 15.074301788780733 23.49980124332942
-11.146334614233593 15.192939224040433 22.676937705050147
-11.279169113767068 15.325778927163766 21.8073042958834
-11.372880426036158 15.419501828010233 20.896520161539428
-11.445806310730667 15.492433449499286 19.94473695146595
-11.448890806761923 15.495525537869497 18.96091445664449
-11.393086343103686 15.439715972611276 17.948281431440805
-11.301526516676546 15.34817323907493 16.90497835764128
-11.176025042518631 15.222679091132193 15.829117049479015
-11.004392382472805 15.05102965783561 14.720163396154234
-10.761203523917661 14.807838722483286 13.57929864798056
-10.449684735008374 14.496262451109335 12.401863382928076
-10.071406505403928 14.11796541578451 11.176805278169509
-9.55396228374758 13.600500521840038 9.89571777965216
-8.86385458081143 12.910371737682047 8.52828205621857
-7.814420123132013 11.860926533445987 7.016475128222293
-5.820965030546137 9.867477925529966 5.17650466600197
-5.874293516381501 -9.920823041173339 5.6556983329100285
-7.8738127245227805 -11.920333338082669 7.754151841110837
-8.92627469354138 -12.972806047512375 9.477426013759471
-9.626470848199453 -13.673022025538225 11.03556958829935
-10.141360810466203 -14.187932923106999 12.497684323397992
-10.515287449812181 -14.561875735905947 13.895350922643605
-10.826347553060103 -14.872995115604535 15.237570420376745
-11.065910019825553 -15.112557877392266 16.537930797308253
-11.24129410103859 -15.287955429253824 17.800785535624968
-11.376352247164943 -15.423004867563614 19.02618925295404
-11.464928576457215 -15.511561013202027 20.216870341762295
-11.526954441210481 -15.5735907483952 21.37213167959052
-11.509871827200824 -15.55650268715016 22.496905332576148
-11.42804898907723 -15.474675807031561 23.58300336721526
-11.339228426074015 -15.38584470038644 24.62018688610158
-11.206196839253433 -15.252807946808192 25.611671878842976
-11.070915964346383 -15.117539938663429 26.55115160357639
-10.912762598358448 -14.959381087647 27.441395892616946
-10.753763088420921 -14.800375730378418 28.28035278876811
-10.525829585858133 -14.572440367849234 29.0734930017038
-10.30673112745943 -14.353326401096588 29.80653611148428
-10.099745651256105 -14.146338281067846 30.47994920529354
-9.895560904207208 -13.942152146955511 31.096719015264657
-9.722930176497592 -13.769532317899264 31.656975799013804
-9.505263563444935 -13.551868183309267 32.17194242734319
-9.307929229922504 -13.3546338562665 32.631378290265495
-9.113976499475143 -13.160676752458514 33.03978692517463
-8.945388540857557 -12.992083863721614 33.39755119585923
-8.77188754479555 -12.818578212832454 33.71332062122598
-8.552747144226725 -12.599421756700504 33.99163998054688
-8.360900654515977 -12.40757027036008 34.221369351145555
-8.11515795512473 -12.161822380911437 34.41421084366784
-7.8540905384643365 -11.900763944834223 34.55896639533065
-7.608840752169568 -11.655513771566142 34.6498949639164
-7.357489394199043 -11.404162182165136 34.69240918881161
-7.0956805762846065 -11.142352744936225 34.68770370388626
-6.818916205458765 -10.865640685674501 34.635563390122364
-6.560243525536613 -10.60696373581296 34.53215869175969
-6.267097997643082 -10.313814357589479 34.38837223078342
-5.952520248466566 -9.999242433705934 34.19904303302749
-5.613262554929122 -9.65998966994098 33.961193366711406
-5.275644967952296 -9.322368395356525 33.668206599188636
-4.951186025241923 -8.99790706071605 33.32287601267258
-4.557555073559356 -8.60427347248514 32.94355693220969
-4.1091726117391945 -8.155888236980937 32.52077796282898
-3.5605821488135327 -7.607295031057523 32.055754282326326
-2.8134446296739233 -6.860152710780922 31.55162543121867
-1.5783870420751125 -5.625092104866277 31.01999483237061
1.3640313440005754 -2.682693449497462 30.495008169344235
16.773035589771247 12.726220753998172 30.003153127834658
16.666077833591146 -12.61926700656848 26.57395108985241
1.3009611890902129 2.745753015990833 26.99359049220124
-1.5863876686099818 5.633082048795561 27.45998553922294
-2.8259118232282168 6.872609790761411 27.92301184339274
-3.5750603459713215 7.6217629406874945 28.359325345046095
-4.127936006276821 8.174641455528292 28.758357288498313
-4.605055529782475 8.651764003475302 29.112178310705147
-4.949202652942485 8.995913800018192 29.445125673546297
-5.319769646799371 9.366483718005034 29.729773857257893
-5.641484206283088 9.688201552665282 29.977375120037564
-5.9712496311659935 10.017962585068343 30.178632858261224
-6.277398221345065 10.324105524961126 30.338760704128276
-6.563739775797321 10.610451299214606 30.45965982040565
-6.832192088321149 10.878907924651411 30.542732340470575
-7.083532767991153 11.13018983899867 30.58939104485923
-7.302722782679829 11.34938074217419 30.603274642827895
-7.548481564585551 11.59514020582443 30.573281345317962
-7.7833401952097665 11.82999943630453 30.502374304975703
-8.009702466759045 12.056358392962848 30.390267672119915
-8.267044290370698 12.313705313519797 30.229408758069752
-8.467245386399743 12.513911649751838 30.033786823547015
-8.693802085290983 12.740482014487517 29.793784245588004
-8.874392813580407 12.921077723066494 29.519540302069384
-9.049975531009316 13.096665633649561 29.207159822391986
-9.250895698407756 13.297589949261791 28.849068516592993
-9.45591065051962 13.502508215857045 28.444853489304485
-9.691421195665722 13.738019766317962 27.988799494333033
-9.863190846169129 13.909774453093442 27.494595668596855
-10.063683920437715 14.110269063831344 26.951784882472484
-10.26748654990691 14.314074600161884 26.359735355480822
-10.483008579304428 14.529610386825587 25.715750462605698
-10.70631182738866 14.752918146592112 25.01946404783079
-10.864466727175088 14.911079512890927 24.282605747974984
-11.027683499618131 15.074301788780733 23.49980124332942
-11.146334614233593 15.192939224040433 22.676937705050147
-11.279169113767068 15.325778927163766 21.8073042958834
-11.372880426036158 15.419501828010233 20.896520161539428
-11.445806310730667 15.492433449499286 19.94473695146595
-11.448890806761923 15.495525537869497 18.96091445664449
-11.393086343103686 15.439715972611276 17.948281431440805
-11.301526516676546 15.34817323907493 16.90497835764128
-11.176025042518631 15.222679091132193 15.829117049479015
-11.004392382472805 15.05102965783561 14.720163396154234
-10.761203523917661 14.807838722483286 13.57929864798056
-10.449684735008374 14.496262451109335 12.401863382928076
-10.071406505403928 14.11796541578451 11.176805278169509
-9.55396228374758 13.600500521840038 9.89571777965216
-8.86385458081143 12.910371737682047 8.52828205621857
-7.814420123132013 11.860926533445987 7.016475128222293
-5.820965030546137 9.867477925529966 5.17650466600197

VECTORS D float
-0.012032505552415217 -0.0 -0.005610849485883758
-0.018734858585106755 -0.0 -0.008736208032686201
-0.02290699862736797 -0.0 -0.010681708885287727
-0.02583197709825602 -0.0 -0.012045648746201322
-0.02781479304586821 -0.0 -0.012970251007284744
-0.02877880584596873 -0.0 -0.013419777558531062
-0.0290742697922415 -0.0 -0.013557554659386751
-0.028498208950795977 -0.0 -0.013288933077457491
-0.026992709260493113 -0.0 -0.012586907042519286
-0.02469711937048711 -0.0 -0.011516455896826297
-0.021486284585099293 -0.0 -0.010019219047329497
-0.01752558988220209 -0.0 -0.008172316775754595
-0.012141117804257208 -0.0 -0.005661496210687137
-0.0054289729840251155 -0.0 -0.002531571678367506
0.0018765556166327085 0.0 0.0008750522549896076
0.01028345260298657 0.0 0.004795252701046592
0.019181200233147087 0.0 0.008944340561320931
0.02886055464528564 0.0 0.013457897649697513
0.03895345542310603 0.0 0.018164294575393702
0.05059156974733579 0.0 0.02359123641126543
0.062405635209089705 0.0 0.029100225610025746
0.07426490579355291 0.0 0.03463029430369325
0.08628820394614076 0.0 0.04023685030852581
0.09785847251149773 0.0 0.045632155147461814
0.11050200676016354 0.0 0.051527931993759685
0.12280980186236015 0.0 0.05726715110491654
0.13509616666591354 0.0 0.06299637710369953
0.14682243580174617 0.0 0.06846442620332488
0.1586717494903213 0.0 0.07398985192018834
0.17162165561353204 0.0 0.0800284923178298
0.18383920049974592 0.0 0.08572562706212376
0.1973780493700158 0.0 0.09203889597293376
0.21119378438491168 0.0 0.09848127901341988
0.2243841794644547 0.0 0.10463206125310077
0.2375236942237772 0.0 0.11075911760981354
0.25071424818576254 0.0 0.11690997393759403
0.2640566006983692 0.0 0.12313161509202611
0.27652665923483405 0.0 0.1289464988852208
0.28974807396545 0.0 0.13511174582575033
0.30328414878001886 0.0 0.14142372117314278
0.31719296873136443 0.0 0.14790951043235426
0.33054630064361 0.0 0.1541362713649199
0.3429572003321753 0.0 0.15992356893429138
0.3573549333691114 0.0 0.16663734210948591
0.37321281450773724 0.0 0.17403199352653884
0.3921865533917519 0.0 0.18287959327198816
0.41794649030141723 0.0 0.19489164912655468
0.46141706677618677 0.0 0.2151623118411522
0.5686486281209782 0.0 0.26516521009214605
1.143543530107509 0.0 0.5332431055227327
1.0801276557903345 0.0 0.5036717976800393
0.5067701940902609 0.0 0.2363108224289837
0.40168998789526883 0.0 0.18731111755975255
0.3580777658879645 0.0 0.16697440444859057
0.33232320774000224 0.0 0.15496485675179755
0.31335270869960846 0.0 0.14611876777023988
0.29669143656265506 0.0 0.138349488978174
0.2844483997719861 0.0 0.13264046716361166
0.27091134606594763 0.0 0.12632803535163045
0.2586787999049567 0.0 0.12062390539802584
0.24582784611432787 0.0 0.11463140723085961
0.23343066405611074 0.0 0.10885050629757122
0.22139345132480245 0.0 0.1032374618181213
0.20967734074998634 0.0 0.0977741497332938
0.19827853844957008 0.0 0.09245880092681488
0.18764747963015135 0.0 0.08750145678502368
0.17607247613144583 0.0 0.0821039440104064
0.1646430754178058 0.0 0.07677432692951384
0.15331289984212473 0.0 0.07149097929033305
0.1410633676156753 0.0 0.06577892860432323
0.13023021554465058 0.0 0.06072734683164672
0.11872063816878833 0.0 0.05536034275915464
0.10833775996094955 0.0 0.050518727137148764
0.09810183073249505 0.0 0.04574563494958784
0.08733484619755796 0.0 0.04072490760571024
0.07655553573429821 0.0 0.03569843258706191
0.06525186973210145 0.0 0.03042744656501127
0.055421199123904065 0.0 0.02584332957560957
0.04521193274921321 0.0 0.0210826704809469
0.03516570327128654 0.0 0.016398036739807203
0.0251749766448481 0.0 0.011739284403365902
0.015373665110724629 0.0 0.007168857775041209
0.00702904046554276 0.0 0.0032776953985639654
-0.0010182357858383086 -0.0 -0.0004748111447438764
-0.007982872441815312 -0.0 -0.0037224745536929733
-0.014739364987199946 -0.0 -0.006873078769872986
-0.020509711295855233 -0.0 -0.009563835443805376
-0.025552304844499257 -0.0 -0.011915235432501075
-0.02927288126799678 -0.0 -0.013650168711528908
-0.031883505194738135 -0.0 -0.014867522641131075
-0.03371397093844047 -0.0 -0.015721082835409853
-0.034832951245703146 -0.0 -0.016242871922011074
-0.03517741887920426 -0.0 -0.016403499817499174
-0.03460728832196068 -0.0 -0.01613764357250832
-0.03327714513033019 -0.0 -0.015517387615808289
-0.03133537589996475 -0.0 -0.014611925753319144
-0.02847838136250132 -0.0 -0.013279687321192947
-0.024839294399568317 -0.0 -0.011582753201685274
-0.01998704149496761 -0.0 -0.009320110512965128
-0.012664884130486378 -0.0 -0.005905732459691509
-0.012032505552415217 -0.0 -0.005610849485883758
-0.018734858585106755 -0.0 -0.008736208032686201
-0.02290699862736797 -0.0 -0.010681708885287727
-0.02583197709825602 -0.0 -0.012045648746201322
-0.02781479304586821 -0.0 -0.012970251007284744
-0.02877880584596873 -0.0 -0.013419777558531062
-0.0290742697922415 -0.0 -0.013557554659386751
-0.028498208950795977 -0.0 -0.013288933077457491
-0.026992709260493113 -0.0 -0.012586907042519286
-0.02469711937048711 -0.0 -0.011516455896826297
-0.021486284585099293 -0.0 -0.010019219047329497
-0.01752558988220209 -0.0 -0.008172316775754595
-0.012141117804257208 -0.0 -0.005661496210687137
-0.0054289729840251155 -0.0 -0.002531571678367506
0.0018765556166327085 0.0 0.0008750522549896076
0.01028345260298657 0.0 0.004795252701046592
0.019181200233147087 0.0 0.008944340561320931
0.02886055464528564 0.0 0.013457897649697513
0.03895345542310603 0.0 0.018164294575393702
0.05059156974733579 0.0 0.02359123641126543
0.062405635209089705 0.0 0.029100225610025746
0.07426490579355291 0.0 0.03463029430369325
0.08628820394614076 0.0 0.04023685030852581
0.09785847251149773 0.0 0.045632155147461814
0.11050200676016354 0.0 0.051527931993759685
0.12280980186236015 0.0 0.05726715110491654
0.13509616666591354 0.0 0.06299637710369953
0.14682243580174617 0.0 0.06846442620332488
0.1586717494903213 0.0 0.07398985192018834
0.17162165561353204 0.0 0.0800284923178298
0.18383920049974592 0.0 0.08572562706212376
0.1973780493700158 0.0 0.09203889597293376
0.21119378438491168 0.0 0.09848127901341988
0.2243841794644547 0.0 0.10463206125310077
0.2375236942237772 0.0 0.11075911760981354
0.25071424818576254 0.0 0.11690997393759403
0.2640566006983692 0.0 0.12313161509202611
0.27652665923483405 0.0 0.1289464988852208
0.28974807396545 0.0 0.13511174582575033
0.30328414878001886 0.0 0.14142372117314278
0.31719296873136443 0.0 0.14790951043235426
0.33054630064361 0.0 0.1541362713649199
0.3429572003321753 0.0 0.15992356893429138
0.3573549333691114 0.0 0.16663734210948591
0.37321281450773724 0.0 0.17403199352653884
0.3921865533917519 0.0 0.18287959327198816
0.41794649030141723 0.0 0.19489164912655468
0.46141706677618677 0.0 0.2151623118411522
0.5686486281209782 0.0 0.26516521009214605
1.143543530107509 0.0 0.5332431055227327
1.0801276557903345 0.0 0.5036717976800393
0.5067701940902609 0.0 0.2363108224289837
0.40168998789526883 0.0 0.18731111755975255
0.3580777658879645 0.0 0.16697440444859057
0.33232320774000224 0.0 0.15496485675179755
0.31335270869960846 0.0 0.14611876777023988
0.29669143656265506 0.0 0.138349488978174
0.2844483997719861 0.0 0.13264046716361166
0.27091134606594763 0.0 0.12632803535163045
0.2586787999049567 0.0 0.12062390539802584
0.24582784611432787 0.0 0.11463140723085961
0.23343066405611074 0.0 0.10885050629757122
0.22139345132480245 0.0 0.1032374618181213
0.20967734074998634 0.0 0.0977741497332938
0.19827853844957008 0.0 0.09245880092681488
0.18764747963015135 0.0 0.08750145678502368
0.17607247613144583 0.0 0.0821039440104064
0.1646430754178058 0.0 0.07677432692951384
0.15331289984212473 0.0 0.07149097929033305
0.1410633676156753 0.0 0.06577892860432323
0.13023021554465058 0.0 0.06072734683164672
0.11872063816878833 0.0 0.05536034275915464
0.10833775996094955 0.0 0.050518727137148764
0.09810183073249505 0.0 0.04574563494958784
0.08733484619755796 0.0 0.04072490760571024
0.07655553573429821 0.0 0.03569843258706191
0.06525186973210145 0.0 0.03042744656501127
0.055421199123904065 0.0 0.02584332957560957
0.04521193274921321 0.0 0.0210826704809469
0.03516570327128654 0.0 0.016398036739807203
0.0251749766448481 0.0 0.011739284403365902
0.015373665110724629 0.0 0.007168857775041209
0.00702904046554276 0.0 0.0032776953985639654
-0.0010182357858383086 -0.0 -0.0004748111447438764
-0.007982872441815312 -0.0 -0.0037224745536929733
-0.014739364987199946 -0.0 -0.006873078769872986
-0.020509711295855233 -0.0 -0.009563835443805376
-0.025552304844499257 -0.0 -0.011915235432501075
-0.02927288126799678 -0.0 -0.013650168711528908
-0.031883505194738135 -0.0 -0.014867522641131075
-0.03371397093844047 -0.0 -0.015721082835409853
-0.034832951245703146 -0.0 -0.016242871922011074
-0.03517741887920426 -0.0 -0.016403499817499174
-0.03460728832196068 -0.0 -0.01613764357250832
-0.03327714513033019 -0.0 -0.015517387615808289
-0.03133537589996475 -0.0 -0.014611925753319144
-0.02847838136250132 -0.0 -0.013279687321192947
-0.024839294399568317 -0.0 -0.011582753201685274
-0.01998704149496761 -0.0 -0.009320110512965128
-0.012664884130486378 -0.0 -0.005905732459691509

VECTORS funs-vector float
0.0 0.0 1.6077492064942533e-8
0.0 0.0 4.617274029783404e-8
0.0 0.0 1.4037880676069525e-7
0.0 0.0 2.3885183964011963e-7
0.0 0.0 2.1027044251230695e-7
0.0 0.0 3.041096121592091e-7
0.0 0.0 4.239330360695189e-7
0.0 0.0 4.991622921062864e-7
0.0 0.0 4.5901963539243067e-7
0.0 0.0 4.649865220135947e-7
0.0 0.0 4.991348987459791e-7
0.0 0.0 5.682264200986128e-7
0.0 0.0 6.420784989751901e-7
0.0 0.0 6.077575020216584e-7
0.0 0.0 5.550719602741663e-7
0.0 0.0 4.978051193078997e-7
0.0 0.0 5.601736732656225e-7
0.0 0.0 6.485750506354554e-7
0.0 0.0 4.4321399689744644e-7
0.0 0.0 6.848273395638158e-7
0.0 0.0 5.685837953189385e-7
0.0 0.0 6.448867989919648e-7
0.0 0.0 6.809074458208837e-7
0.0 0.0 6.251575722547967e-7
0.0 0.0 6.747110797339868e-7
0.0 0.0 7.929153518013912e-7
0.0 0.0 5.841905616224807e-7
0.0 0.0 5.645939764194323e-7
0.0 0.0 5.394892232340516e-7
0.0 0.0 5.044781058348815e-7
0.0 0.0 1.807374264796057e-7
0.0 0.0 2.0999455653157967e-7
0.0 0.0 1.3787198389019811e-7
0.0 0.0 6.183450357804597e-9
0.0 0.0 8.34359703751695e-8
0.0 0.0 5.995211115429234e-8
0.0 0.0 2.7284748036684254e-8
0.0 0.0 3.0391383373543324e-7
0.0 0.0 5.973786023425666e-7
0.0 0.0 3.43708817044072e-7
0.0 0.0 5.786913445407746e-7
0.0 0.0 1.1332336998489982e-6
0.0 0.0 1.45326822575953e-6
0.0 0.0 1.0067745347700196e-6
0.0 0.0 1.0488661750039025e-6
0.0 0.0 1.3285185024807853e-6
0.0 0.0 1.6412739036943755e-6
0.0 0.0 1.2206842993381628e-6
0.0 0.0 1.1575119665187896e-6
0.0 0.0 1.2639679712575265e-6
0.0 0.0 8.49064711871961e-7
0.0 0.0 3.1724106396392354e-7
0.0 0.0 4.858413094862872e-7
0.0 0.0 1.0160137264847438e-7
0.0 0.0 3.167271380923674e-7
0.0 0.0 3.929708495578862e-7
0.0 0.0 6.548010327895266e-7
0.0 0.0 3.1317062688561825e-7
0.0 0.0 4.995203882045149e-7
0.0 0.0 6.400344496817278e-7
0.0 0.0 8.863587294430631e-7
0.0 0.0 5.662261040645883e-7
0.0 0.0 5.454516043683229e-7
0.0 0.0 3.380597174317369e-7
0.0 0.0 3.227303089013071e-7
0.0 0.0 3.240117294467383e-7
0.0 0.0 2.755476486981935e-7
0.0 0.0 1.5157995779769745e-7
0.0 0.0 8.020379415153336e-8
0.0 0.0 2.2485191018197592e-7
0.0 0.0 -2.8551576811899154e-7
0.0 0.0 -6.020046560644751e-7
0.0 0.0 -9.11693562825762e-7
0.0 0.0 -1.2968982745901902e-6
0.0 0.0 -1.7447220453835732e-6
0.0 0.0 -2.197027033513554e-6
0.0 0.0 -2.6262764239700953e-6
0.0 0.0 -3.0445169876067925e-6
0.0 0.0 -3.598035335854052e-6
0.0 0.0 -4.164588778559681e-6
0.0 0.0 -4.609175387057267e-6
0.0 0.0 -5.295774584433071e-6
0.0 0.0 -5.977090707951698e-6
0.0 0.0 -6.709338297060766e-6
0.0 0.0 -7.421102681219471e-6
0.0 0.0 -8.29991790399473e-6
0.0 0.0 -9.25891319202389e-6
0.0 0.0 -1.0301247792716081e-5
0.0 0.0 -1.1469261448450078e-5
0.0 0.0 -1.29174293429008e-5
0.0 0.0 -1.466227820272211e-5
0.0 0.0 -1.698318401886148e-5
0.0 0.0 -2.027629890509854e-5
0.0 0.0 -2.5942874279846524e-5
0.0 0.0 -4.443099490749414e-5
0.0 0.0 -2.5612321965114283e-5
0.0 0.0 -1.873038246006073e-5
0.0 0.0 -1.4169921148201394e-5
0.0 0.0 -1.028225910282288e-5
0.0 0.0 -6.3578627114550715e-6
0.0 0.0 1.6077492064942533e-8
0.0 0.0 4.617274029783404e-8
0.0 0.0 1.4037880676069525e-7
0.0 0.0 2.3885183964011963e-7
0.0 0.0 2.1027044251230695e-7
0.0 0.0 3.041096121592091e-7
0.0 0.0 4.239330360695189e-7
0.0 0.0 4.991622921062864e-7
0.0 0.0 4.5901963539243067e-7
0.0 0.0 4.649865220135947e-7
0.0 0.0 4.991348987459791e-7
0.0 0.0 5.682264200986128e-7
0.0 0.0 6.420784989751901e-7
0.0 0.0 6.077575020216584e-7
0.0 0.0 5.550719602741663e-7
0.0 0.0 4.978051193078997e-7
0.0 0.0 5.601736732656225e-7
0.0 0.0 6.485750506354554e-7
0.0 0.0 4.4321399689744644e-7
0.0 0.0 6.848273395638158e-7
0.0 0.0 5.685837953189385e-7
0.0 0.0 6.448867989919648e-7
0.0 0.0 6.809074458208837e-7
0.0 0.0 6.251575722547967e-7
0.0 0.0 6.747110797339868e-7
0.0 0.0 7.929153518013912e-7
0.0 0.0 5.841905616224807e-7
0.0 0.0 5.645939764194323e-7
0.0 0.0 5.394892232340516e-7
0.0 0.0 5.044781058348815e-7
0.0 0.0 1.807374264796057e-7
0.0 0.0 2.0999455653157967e-7
0.0 0.0 1.3787198389019811e-7
0.0 0.0 6.183450357804597e-9
0.0 0.0 8.34359703751695e-8
0.0 0.0 5.995211115429234e-8
0.0 0.0 2.7284748036684254e-8
0.0 0.0 3.0391383373543324e-7
0.0 0.0 5.973786023425666e-7
0.0 0.0 3.43708817044072e-7
0.0 0.0 5.786913445407746e-7
0.0 0.0 1.1332336998489982e-6
0.0 0.0 1.45326822575953e-6
0.0 0.0 1.0067745347700196e-6
0.0 0.0 1.0488661750039025e-6
0.0 0.0 1.3285185024807853e-6
0.0 0.0 1.6412739036943755e-6
0.0 0.0 1.2206842993381628e-6
0.0 0.0 1.1575119665187896e-6
0.0 0.0 1.2639679712575265e-6
0.0 0.0 8.49064711871961e-7
0.0 0.0 3.1724106396392354e-7
0.0 0.0 4.858413094862872e-7
0.0 0.0 1.0160137264847438e-7
0.0 0.0 3.167271380923674e-7
0.0 0.0 3.929708495578862e-7
0.0 0.0 6.548010327895266e-7
0.0 0.0 3.1317062688561825e-7
0.0 0.0 4.995203882045149e-7
0.0 0.0 6.400344496817278e-7
0.0 0.0 8.863587294430631e-7
0.0 0.0 5.662261040645883e-7
0.0 0.0 5.454516043683229e-7
0.0 0.0 3.380597174317369e-7
0.0 0.0 3.227303089013071e-7
0.0 0.0 3.240117294467383e-7
0.0 0.0 2.755476486981935e-7
0.0 0.0 1.5157995779769745e-7
0.0 0.0 8.020379415153336e-8
0.0 0.0 2.2485191018197592e-7
0.0 0.0 -2.8551576811899154e-7
0.0 0.0 -6.020046560644751e-7
0.0 0.0 -9.11693562825762e-7
0.0 0.0 -1.2968982745901902e-6
0.0 0.0 -1.7447220453835732e-6
0.0 0.0 -2.197027033513554e-6
0.0 0.0 -2.6262764239700953e-6
0.0 0.0 -3.0445169876067925e-6
0.0 0.0 -3.598035335854052e-6
0.0 0.0 -4.164588778559681e-6
0.0 0.0 -4.609175387057267e-6
0.0 0.0 -5.295774584433071e-6
0.0 0.0 -5.977090707951698e-6
0.0 0.0 -6.709338297060766e-6
0.0 0.0 -7.421102681219471e-6
0.0 0.0 -8.29991790399473e-6
0.0 0.0 -9.25891319202389e-6
0.0 0.0 -1.0301247792716081e-5
0.0 0.0 -1.1469261448450078e-5
0.0 0.0 -1.29174293429008e-5
0.0 0.0 -1.466227820272211e-5
0.0 0.0 -1.698318401886148e-5
0.0 0.0 -2.027629890509854e-5
0.0 0.0 -2.5942874279846524e-5
0.0 0.0 -4.443099490749414e-5
0.0 0.0 -2.5612321965114283e-5
0.0 0.0 -1.873038246006073e-5
0.0 0.0 -1.4169921148201394e-5
0.0 0.0 -1.028225910282288e-5
0.0 0.0 -6.3578627114550715e-6

VECTORS S float
-0.0 -0.04489623372632762 0.0
-0.0 -0.06385317852884123 0.0
-0.0 -0.08027399090543075 0.0
-0.0 -0.09597193092537594 0.0
-0.0 -0.11137922185073024 0.0
-0.0 -0.12641869456129598 0.0
-0.0 -0.14148219438969303 0.0
-0.0 -0.15632272854786017 0.0
-0.0 -0.17084446191736455 0.0
-0.0 -0.18517334638209956 0.0
-0.0 -0.1991298803450292 0.0
-0.0 -0.2128710490229223 0.0
-0.0 -0.22556813449223523 0.0
-0.0 -0.2372442932057314 0.0
-0.0 -0.24867121726793398 0.0
-0.0 -0.25919925685519185 0.0
-0.0 -0.26946636300984783 0.0
-0.0 -0.279081547476251 0.0
-0.0 -0.2884173107868046 0.0
-0.0 -0.2960881965353209 0.0
-0.0 -0.3035667285871408 0.0
-0.0 -0.31094753853860996 0.0
-0.0 -0.3180481678427366 0.0
-0.0 -0.3255556838756319 0.0
-0.0 -0.3316738024374053 0.0
-0.0 -0.3379470621558349 0.0
-0.0 -0.3439780933444889 0.0
-0.0 -0.3503707104692586 0.0
-0.0 -0.35634648581423917 0.0
-0.0 -0.36072682127096656 0.0
-0.0 -0.36554727742239235 0.0
-0.0 -0.36841612234497395 0.0
-0.0 -0.37039990692316477 0.0
-0.0 -0.3724548618549223 0.0
-0.0 -0.37390206617255006 0.0
-0.0 -0.37457985222639173 0.0
-0.0 -0.37430902469974503 0.0
-0.0 -0.3742144677582003 0.0
-0.0 -0.3724450396657401 0.0
-0.0 -0.36939687447115394 0.0
-0.0 -0.36489347473059686 0.0
-0.0 -0.3598890806406583 0.0
-0.0 -0.35484239769388565 0.0
-0.0 -0.34647094580462995 0.0
-0.0 -0.335194901325465 0.0
-0.0 -0.3189717635942541 0.0
-0.0 -0.2933464936910172 0.0
-0.0 -0.2452097664390999 0.0
-0.0 -0.11917420192873494 0.0
0.0 0.5759193355763897 -0.0
-0.0 -0.571079192351799 0.0
0.0 0.12197551846090421 -0.0
0.0 0.2455580651421677 -0.0
0.0 0.2938791699867156 -0.0
0.0 0.3195783990187204 -0.0
0.0 0.33596563077367 -0.0
0.0 0.34838326173014517 -0.0
0.0 0.3547637912579119 -0.0
0.0 0.3615921481699394 -0.0
0.0 0.3659591416999939 -0.0
0.0 0.37008844340237634 -0.0
0.0 0.372816666893752 -0.0
0.0 0.37433750925382714 -0.0
0.0 0.37476606606762924 -0.0
0.0 0.37417096376153697 -0.0
0.0 0.37210597687871577 -0.0
0.0 0.3705256094402532 -0.0
0.0 0.3681974292087636 -0.0
0.0 0.36522131878099157 -0.0
0.0 0.3627818625449698 -0.0
0.0 0.35827863042048064 -0.0
0.0 0.3541754723544304 -0.0
0.0 0.34845581581417545 -0.0
0.0 0.34230504696436115 -0.0
0.0 0.336503531693404 -0.0
0.0 0.33046574699651426 -0.0
0.0 0.3248106265967191 -0.0
0.0 0.317309568370913 -0.0
0.0 0.3101547090378696 -0.0
0.0 0.30273656974674884 -0.0
0.0 0.29521796124741845 -0.0
0.0 0.2874924971914314 -0.0
0.0 0.27818043544832116 -0.0
0.0 0.2686956538177777 -0.0
0.0 0.25818187510460944 -0.0
0.0 0.2477004139591597 -0.0
0.0 0.23639841366553654 -0.0
0.0 0.22463913530097193 -0.0
0.0 0.21180399753009557 -0.0
0.0 0.19820756863674982 -0.0
0.0 0.18427489480398546 -0.0
0.0 0.17011499217800108 -0.0
0.0 0.15568628703731177 -0.0
0.0 0.1408623818095329 -0.0
0.0 0.12584907386404884 -0.0
0.0 0.1108299574467717 -0.0
0.0 0.09546289724353985 -0.0
0.0 0.07988765573621692 -0.0
0.0 0.0635349564460624 -0.0
0.0 0.04465482283026152 -0.0
-0.0 -0.04489623372632762 0.0
-0.0 -0.06385317852884123 0.0
-0.0 -0.08027399090543075 0.0
-0.0 -0.09597193092537594 0.0
-0.0 -0.11137922185073024 0.0
-0.0 -0.12641869456129598 0.0
-0.0 -0.14148219438969303 0.0
-0.0 -0.15632272854786017 0.0
-0.0 -0.17084446191736455 0.0
-0.0 -0.18517334638209956 0.0
-0.0 -0.1991298803450292 0.0
-0.0 -0.2128710490229223 0.0
-0.0 -0.22556813449223523 0.0
-0.0 -0.2372442932057314 0.0
-0.0 -0.24867121726793398 0.0
-0.0 -0.25919925685519185 0.0
-0.0 -0.26946636300984783 0.0
-0.0 -0.279081547476251 0.0
-0.0 -0.2884173107868046 0.0
-0.0 -0.2960881965353209 0.0
-0.0 -0.3035667285871408 0.0
-0.0 -0.31094753853860996 0.0
-0.0 -0.3180481678427366 0.0
-0.0 -0.3255556838756319 0.0
-0.0 -0.3316738024374053 0.0
-0.0 -0.3379470621558349 0.0
-0.0 -0.3439780933444889 0.0
-0.0 -0.3503707104692586 0.0
-0.0 -0.35634648581423917 0.0
-0.0 -0.36072682127096656 0.0
-0.0 -0.36554727742239235 0.0
-0.0 -0.36841612234497395 0.0
-0.0 -0.37039990692316477 0.0
-0.0 -0.3724548618549223 0.0
-0.0 -0.37390206617255006 0.0
-0.0 -0.37457985222639173 0.0
-0.0 -0.37430902469974503 0.0
-0.0 -0.3742144677582003 0.0
-0.0 -0.3724450396657401 0.0
-0.0 -0.36939687447115394 0.0
-0.0 -0.36489347473059686 0.0
-0.0 -0.3598890806406583 0.0
-0.0 -0.35484239769388565 0.0
-0.0 -0.34647094580462995 0.0
-0.0 -0.335194901325465 0.0
-0.0 -0.3189717635942541 0.0
-0.0 -0.2933464936910172 0.0
-0.0 -0.2452097664390999 0.0
-0.0 -0.11917420192873494 0.0
0.0 0.5759193355763897 -0.0
-0.0 -0.571079192351799 0.0
0.0 0.12197551846090421 -0.0
0.0 0.2455580651421677 -0.0
0.0 0.2938791699867156 -0.0
0.0 0.3195783990187204 -0.0
0.0 0.33596563077367 -0.0
0.0 0.34838326173014517 -0.0
0.0 0.3547637912579119 -0.0
0.0 0.3615921481699394 -0.0
0.0 0.3659591416999939 -0.0
0.0 0.37008844340237634 -0.0
0.0 0.372816666893752 -0.0
0.0 0.37433750925382714 -0.0
0.0 0.37476606606762924 -0.0
0.0 0.37417096376153697 -0.0
0.0 0.37210597687871577 -0.0
0.0 0.3705256094402532 -0.0
0.0 0.3681974292087636 -0.0
0.0 0.36522131878099157 -0.0
0.0 0.3627818625449698 -0.0
0.0 0.35827863042048064 -0.0
0.0 0.3541754723544304 -0.0
0.0 0.34845581581417545 -0.0
0.0 0.34230504696436115 -0.0
0.0 0.336503531693404 -0.0
0.0 0.33046574699651426 -0.0
0.0 0.3248106265967191 -0.0
0.0 0.317309568370913 -0.0
0.0 0.3101547090378696 -0.0
0.0 0.30273656974674884 -0.0
0.0 0.29521796124741845 -0.0
0.0 0.2874924971914314 -0.0
0.0 0.27818043544832116 -0.0
0.0 0.2686956538177777 -0.0
0.0 0.25818187510460944 -0.0
0.0 0.2477004139591597 -0.0
0.0 0.23639841366553654 -0.0
0.0 0.22463913530097193 -0.0
0.0 0.21180399753009557 -0.0
0.0 0.19820756863674982 -0.0
0.0 0.18427489480398546 -0.0
0.0 0.17011499217800108 -0.0
0.0 0.15568628703731177 -0.0
0.0 0.1408623818095329 -0.0
0.0 0.12584907386404884 -0.0
0.0 0.1108299574467717 -0.0
0.0 0.09546289724353985 -0.0
0.0 0.07988765573621692 -0.0
0.0 0.0635349564460624 -0.0
0.0 0.04465482283026152 -0.0

VECTORS Vvpm_ApA float
-0.2948968708515167 0.723598062992096 -0.23705202341079712
-0.30068716406822205 0.7034946084022522 -0.260100394487381
-0.30447670817375183 0.6897138953208923 -0.2756638526916504
-0.3081846535205841 0.6756849884986877 -0.29131197929382324
-0.31163129210472107 0.661715030670166 -0.3067777156829834
-0.31374332308769226 0.6529422402381897 -0.3163999021053314
-0.31631574034690857 0.6412885785102844 -0.3291703462600708
-0.31754419207572937 0.6354171633720398 -0.3355872929096222
-0.3208164870738983 0.6188892126083374 -0.3535654544830322
-0.3221283257007599 0.6115089654922485 -0.361589252948761
-0.32278862595558167 0.6076240539550781 -0.36580777168273926
-0.3218976557254791 0.6126583218574524 -0.3603498041629791
-0.32284989953041077 0.6074028611183167 -0.3660314083099365
-0.3224315345287323 0.609738826751709 -0.36350104212760925
-0.3216404616832733 0.6141476035118103 -0.3587145507335663
-0.32091620564460754 0.6180481910705566 -0.35448649525642395
-0.3212098777294159 0.6163561940193176 -0.3563307523727417
-0.32262590527534485 0.608633279800415 -0.3646894693374634
-0.32246139645576477 0.6095442175865173 -0.3637004792690277
-0.32267507910728455 0.6082161068916321 -0.3651474416255951
-0.32189980149269104 0.6125630736351013 -0.36043107509613037
-0.32078561186790466 0.6186349391937256 -0.3538443148136139
-0.3210153877735138 0.6173267960548401 -0.35527029633522034
-0.3206430971622467 0.6193318963050842 -0.35308828949928284
-0.3208666741847992 0.6180707216262817 -0.35446232557296753
-0.32249870896339417 0.6095221042633057 -0.3636915683746338
-0.3226630985736847 0.6085066199302673 -0.36479756236076355
-0.3223254978656769 0.6103979349136353 -0.36274993419647217
-0.3220541179180145 0.6118614077568054 -0.3611644208431244
-0.3222251832485199 0.6108203530311584 -0.36229971051216125
-0.32119980454444885 0.6164829134941101 -0.3561563789844513
-0.32137373089790344 0.6154614686965942 -0.3572711944580078
-0.3207031190395355 0.6191294193267822 -0.35327810049057007
-0.3190790116786957 0.6275529265403748 -0.34410861134529114
-0.31926867365837097 0.6265477538108826 -0.34520667791366577
-0.3194541037082672 0.6255637407302856 -0.34627968072891235
-0.31963518261909485 0.6246017813682556 -0.34732872247695923
-0.31981077790260315 0.6236602067947388 -0.3483554720878601
-0.3199808895587921 0.6227389574050903 -0.34935927391052246
-0.31913092732429504 0.6271035671234131 -0.3446120619773865
-0.3193260133266449 0.626086950302124 -0.34571972489356995
-0.32459452748298645 0.5969857573509216 -0.37724244594573975
-0.3242371380329132 0.5991785526275635 -0.3748617470264435
-0.3243246376514435 0.5986023545265198 -0.3754875957965851
-0.3244076073169708 0.5980367660522461 -0.37610360980033875
-0.32448723912239075 0.5974828004837036 -0.3767075836658478
-0.3245640695095062 0.5969403386116028 -0.37729912996292114
-0.32463791966438293 0.5964087247848511 -0.37787938117980957
-0.3235394060611725 0.6031755805015564 -0.3705385625362396
-0.32456615567207336 0.5970239043235779 -0.37720993161201477
-0.32957741618156433 0.5601020455360413 -0.4172056317329407
-0.3245668113231659 0.5970261693000793 -0.3772065043449402
-0.3235418498516083 0.6031840443611145 -0.37052810192108154
-0.3246385157108307 0.5964109301567078 -0.37787631154060364
-0.3245634138584137 0.5969412326812744 -0.377297580242157
-0.32448747754096985 0.5974844694137573 -0.37670472264289856
-0.3244076073169708 0.5980382561683655 -0.37610092759132385
-0.3243257701396942 0.5986049771308899 -0.3754836916923523
-0.324239045381546 0.599181592464447 -0.37485647201538086
-0.3245972692966461 0.5969870686531067 -0.377238392829895
-0.31932780146598816 0.6260865330696106 -0.34571561217308044
-0.3191339671611786 0.627104640007019 -0.3446064889431
-0.31998398900032043 0.6227419376373291 -0.34935182332992554
-0.319814532995224 0.6236633062362671 -0.3483469784259796
-0.31963911652565 0.6246050000190735 -0.34732022881507874
-0.3194582760334015 0.6255673170089722 -0.3462710976600647
-0.3192727267742157 0.62655109167099 -0.34519824385643005
-0.31908175349235535 0.6275554299354553 -0.34410205483436584
-0.3207043707370758 0.6191338896751404 -0.35327136516571045
-0.32137438654899597 0.6154661774635315 -0.35726499557495117
-0.3211997449398041 0.6164873838424683 -0.3561510741710663
-0.32222458720207214 0.6108206510543823 -0.36229830980300903
-0.3220535218715668 0.611862063407898 -0.3611631691455841
-0.3223249018192291 0.6103968024253845 -0.3627500832080841
-0.32266250252723694 0.6085071563720703 -0.36479616165161133
-0.32249853014945984 0.6095227003097534 -0.363689661026001
-0.32086673378944397 0.6180729866027832 -0.3544584810733795
-0.32064321637153625 0.6193342804908752 -0.3530842065811157
-0.3210161626338959 0.6173302531242371 -0.35526514053344727
-0.3207866847515106 0.6186386346817017 -0.35383880138397217
-0.321900874376297 0.6125653386116028 -0.3604266345500946
-0.3226763904094696 0.6082189083099365 -0.3651424050331116
-0.32246270775794983 0.6095471978187561 -0.36369553208351135
-0.32262763381004333 0.6086371541023254 -0.36468368768692017
-0.3212110698223114 0.6163614392280579 -0.35632383823394775
-0.3209172785282135 0.6180530786514282 -0.35447990894317627
-0.3216415345668793 0.6141509413719177 -0.3587093949317932
-0.3224327862262726 0.6097431778907776 -0.36349523067474365
-0.3228508532047272 0.6074084043502808 -0.366024374961853
-0.32189878821372986 0.6126651763916016 -0.36034172773361206
-0.3227897584438324 0.607629656791687 -0.3658008873462677
-0.3221299946308136 0.6115136742591858 -0.36158302426338196
-0.320818156003952 0.618891716003418 -0.3535606265068054
-0.317545622587204 0.6354169249534607 -0.3355841338634491
-0.3163173496723175 0.6412851810455322 -0.32916945219039917
-0.31374433636665344 0.6529371738433838 -0.3163999915122986
-0.3116322457790375 0.6617069244384766 -0.30678021907806396
-0.3081854283809662 0.6756755709648132 -0.2913152575492859
-0.30447712540626526 0.6897026896476746 -0.27566850185394287
-0.30068764090538025 0.7034822702407837 -0.26010531187057495
-0.2948968708515167 0.723598062992096 -0.23705202341079712
-0.30068716406822205 0.7034946084022522 -0.260100394487381
-0.30447670817375183 0.6897138953208923 -0.2756638526916504
-0.3081846535205841 0.6756849884986877 -0.29131197929382324
-0.31163129210472107 0.661715030670166 -0.3067777156829834
-0.31374332308769226 0.6529422402381897 -0.3163999021053314
-0.31631574034690857 0.6412885785102844 -0.3291703462600708
-0.31754419207572937 0.6354171633720398 -0.3355872929096222
-0.3208164870738983 0.6188892126083374 -0.3535654544830322
-0.3221283257007599 0.6115089654922485 -0.361589252948761
-0.32278862595558167 0.6076240539550781 -0.36580777168273926
-0.3218976557254791 0.6126583218574524 -0.3603498041629791
-0.32284989953041077 0.6074028611183167 -0.3660314083099365
-0.3224315345287323 0.609738826751709 -0.36350104212760925
-0.3216404616832733 0.6141476035118103 -0.3587145507335663
-0.32091620564460754 0.6180481910705566 -0.35448649525642395
-0.3212098777294159 0.6163561940193176 -0.3563307523727417
-0.32262590527534485 0.608633279800415 -0.3646894693374634
-0.32246139645576477 0.6095442175865173 -0.3637004792690277
-0.32267507910728455 0.6082161068916321 -0.3651474416255951
-0.32189980149269104 0.6125630736351013 -0.36043107509613037
-0.32078561186790466 0.6186349391937256 -0.3538443148136139
-0.3210153877735138 0.6173267960548401 -0.35527029633522034
-0.3206430971622467 0.6193318963050842 -0.35308828949928284
-0.3208666741847992 0.6180707216262817 -0.35446232557296753
-0.32249870896339417 0.6095221042633057 -0.3636915683746338
-0.3226630985736847 0.6085066199302673 -0.36479756236076355
-0.3223254978656769 0.6103979349136353 -0.36274993419647217
-0.3220541179180145 0.6118614077568054 -0.3611644208431244
-0.3222251832485199 0.6108203530311584 -0.36229971051216125
-0.32119980454444885 0.6164829134941101 -0.3561563789844513
-0.32137373089790344 0.6154614686965942 -0.3572711944580078
-0.3207031190395355 0.6191294193267822 -0.35327810049057007
-0.3190790116786957 0.6275529265403748 -0.34410861134529114
-0.31926867365837097 0.6265477538108826 -0.34520667791366577
-0.3194541037082672 0.6255637407302856 -0.34627968072891235
-0.31963518261909485 0.6246017813682556 -0.34732872247695923
-0.31981077790260315 0.6236602067947388 -0.3483554720878601
-0.3199808895587921 0.6227389574050903 -0.34935927391052246
-0.31913092732429504 0.6271035671234131 -0.3446120619773865
-0.3193260133266449 0.626086950302124 -0.34571972489356995
-0.32459452748298645 0.5969857573509216 -0.37724244594573975
-0.3242371380329132 0.5991785526275635 -0.3748617470264435
-0.3243246376514435 0.5986023545265198 -0.3754875957965851
-0.3244076073169708 0.5980367660522461 -0.37610360980033875
-0.32448723912239075 0.5974828004837036 -0.3767075836658478
-0.3245640695095062 0.5969403386116028 -0.37729912996292114
-0.32463791966438293 0.5964087247848511 -0.37787938117980957
-0.3235394060611725 0.6031755805015564 -0.3705385625362396
-0.32456615567207336 0.5970239043235779 -0.37720993161201477
-0.32957741618156433 0.5601020455360413 -0.4172056317329407
-0.3245668113231659 0.5970261693000793 -0.3772065043449402
-0.3235418498516083 0.6031840443611145 -0.37052810192108154
-0.3246385157108307 0.5964109301567078 -0.37787631154060364
-0.3245634138584137 0.5969412326812744 -0.377297580242157
-0.32448747754096985 0.5974844694137573 -0.37670472264289856
-0.3244076073169708 0.5980382561683655 -0.37610092759132385
-0.3243257701396942 0.5986049771308899 -0.3754836916923523
-0.324239045381546 0.599181592464447 -0.37485647201538086
-0.3245972692966461 0.5969870686531067 -0.377238392829895
-0.31932780146598816 0.6260865330696106 -0.34571561217308044
-0.3191339671611786 0.627104640007019 -0.3446064889431
-0.31998398900032043 0.6227419376373291 -0.34935182332992554
-0.319814532995224 0.6236633062362671 -0.3483469784259796
-0.31963911652565 0.6246050000190735 -0.34732022881507874
-0.3194582760334015 0.6255673170089722 -0.3462710976600647
-0.3192727267742157 0.62655109167099 -0.34519824385643005
-0.31908175349235535 0.6275554299354553 -0.34410205483436584
-0.3207043707370758 0.6191338896751404 -0.35327136516571045
-0.32137438654899597 0.6154661774635315 -0.35726499557495117
-0.3211997449398041 0.6164873838424683 -0.3561510741710663
-0.32222458720207214 0.6108206510543823 -0.36229830980300903
-0.3220535218715668 0.611862063407898 -0.3611631691455841
-0.3223249018192291 0.6103968024253845 -0.3627500832080841
-0.32266250252723694 0.6085071563720703 -0.36479616165161133
-0.32249853014945984 0.6095227003097534 -0.363689661026001
-0.32086673378944397 0.6180729866027832 -0.3544584810733795
-0.32064321637153625 0.6193342804908752 -0.3530842065811157
-0.3210161626338959 0.6173302531242371 -0.35526514053344727
-0.3207866847515106 0.6186386346817017 -0.35383880138397217
-0.321900874376297 0.6125653386116028 -0.3604266345500946
-0.3226763904094696 0.6082189083099365 -0.3651424050331116
-0.32246270775794983 0.6095471978187561 -0.36369553208351135
-0.32262763381004333 0.6086371541023254 -0.36468368768692017
-0.3212110698223114 0.6163614392280579 -0.35632383823394775
-0.3209172785282135 0.6180530786514282 -0.35447990894317627
-0.3216415345668793 0.6141509413719177 -0.3587093949317932
-0.3224327862262726 0.6097431778907776 -0.36349523067474365
-0.3228508532047272 0.6074084043502808 -0.366024374961853
-0.32189878821372986 0.6126651763916016 -0.36034172773361206
-0.3227897584438324 0.607629656791687 -0.3658008873462677
-0.3221299946308136 0.6115136742591858 -0.36158302426338196
-0.320818156003952 0.618891716003418 -0.3535606265068054
-0.317545622587204 0.6354169249534607 -0.3355841338634491
-0.3163173496723175 0.6412851810455322 -0.32916945219039917
-0.31374433636665344 0.6529371738433838 -0.3163999915122986
-0.3116322457790375 0.6617069244384766 -0.30678021907806396
-0.3081854283809662 0.6756755709648132 -0.2913152575492859
-0.30447712540626526 0.6897026896476746 -0.27566850185394287
-0.30068764090538025 0.7034822702407837 -0.26010531187057495

VECTORS Vkin float
-0.0 -0.0 -0.0
-0.0 -0.0 -0.0
-0.0 -0.0 -0.0
-0.0 -0.0 -0.0
-0.0 -0.0 -0.0
-0.0 -0.0 -0.0
-0.0 -0.0 -0.0
-0.0 -0.0 -0.0
-0.0 -0.0 -0.0
-0.0 -0.0 -0.0
-0.0 -0.0 -0.0
-0.0 -0.0 -0.0
-0.0 -0.0 -0.0
-0.0 -0.0 -0.0
-0.0 -0.0 -0.0
-0.0 -0.0 -0.0
-0.0 -0.0 -0.0
-0.0 -0.0 -0.0
-0.0 -0.0 -0.0
-0.0 -0.0 -0.0
-0.0 -0.0 -0.0
-0.0 -0.0 -0.0
-0.0 -0.0 -0.0
-0.0 -0.0 -0.0
-0.0 -0.0 -0.0
-0.0 -0.0 -0.0
-0.0 -0.0 -0.0
-0.0 -0.0 -0.0
-0.0 -0.0 -0.0
-0.0 -0.0 -0.0
-0.0 -0.0 -0.0
-0.0 -0.0 -0.0
-0.0 -0.0 -0.0
-0.0 -0.0 -0.0
-0.0 -0.0 -0.0
-0.0 -0.0 -0.0
-0.0 -0.0 -0.0
-0.0 -0.0 -0.0
-0.0 -0.0 -0.0
-0.0 -0.0 -0.0
-0.0 -0.0 -0.0
-0.0 -0.0 -0.0
-0.0 -0.0 -0.0
-0.0 -0.0 -0.0
-0.0 -0.0 -0.0
-0.0 -0.0 -0.0
-0.0 -0.0 -0.0
-0.0 -0.0 -0.0
-0.0 -0.0 -0.0
-0.0 -0.0 -0.0
-0.0 -0.0 -0.0
-0.0 -0.0 -0.0
-0.0 -0.0 -0.0
-0.0 -0.0 -0.0
-0.0 -0.0 -0.0
-0.0 -0.0 -0.0
-0.0 -0.0 -0.0
-0.0 -0.0 -0.0
-0.0 -0.0 -0.0
-0.0 -0.0 -0.0
-0.0 -0.0 -0.0
-0.0 -0.0 -0.0
-0.0 -0.0 -0.0
-0.0 -0.0 -0.0
-0.0 -0.0 -0.0
-0.0 -0.0 -0.0
-0.0 -0.0 -0.0
-0.0 -0.0 -0.0
-0.0 -0.0 -0.0
-0.0 -0.0 -0.0
-0.0 -0.0 -0.0
-0.0 -0.0 -0.0
-0.0 -0.0 -0.0
-0.0 -0.0 -0.0
-0.0 -0.0 -0.0
-0.0 -0.0 -0.0
-0.0 -0.0 -0.0
-0.0 -0.0 -0.0
-0.0 -0.0 -0.0
-0.0 -0.0 -0.0
-0.0 -0.0 -0.0
-0.0 -0.0 -0.0
-0.0 -0.0 -0.0
-0.0 -0.0 -0.0
-0.0 -0.0 -0.0
-0.0 -0.0 -0.0
-0.0 -0.0 -0.0
-0.0 -0.0 -0.0
-0.0 -0.0 -0.0
-0.0 -0.0 -0.0
-0.0 -0.0 -0.0
-0.0 -0.0 -0.0
-0.0 -0.0 -0.0
-0.0 -0.0 -0.0
-0.0 -0.0 -0.0
-0.0 -0.0 -0.0
-0.0 -0.0 -0.0
-0.0 -0.0 -0.0
-0.0 -0.0 -0.0
-0.0 -0.0 -0.0
-0.0 -0.0 -0.0
-0.0 -0.0 -0.0
-0.0 -0.0 -0.0
-0.0 -0.0 -0.0
-0.0 -0.0 -0.0
-0.0 -0.0 -0.0
-0.0 -0.0 -0.0
-0.0 -0.0 -0.0
-0.0 -0.0 -0.0
-0.0 -0.0 -0.0
-0.0 -0.0 -0.0
-0.0 -0.0 -0.0
-0.0 -0.0 -0.0
-0.0 -0.0 -0.0
-0.0 -0.0 -0.0
-0.0 -0.0 -0.0
-0.0 -0.0 -0.0
-0.0 -0.0 -0.0
-0.0 -0.0 -0.0
-0.0 -0.0 -0.0
-0.0 -0.0 -0.0
-0.0 -0.0 -0.0
-0.0 -0.0 -0.0
-0.0 -0.0 -0.0
-0.0 -0.0 -0.0
-0.0 -0.0 -0.0
-0.0 -0.0 -0.0
-0.0 -0.0 -0.0
-0.0 -0.0 -0.0
-0.0 -0.0 -0.0
-0.0 -0.0 -0.0
-0.0 -0.0 -0.0
-0.0 -0.0 -0.0
-0.0 -0.0 -0.0
-0.0 -0.0 -0.0
-0.0 -0.0 -0.0
-0.0 -0.0 -0.0
-0.0 -0.0 -0.0
-0.0 -0.0 -0.0
-0.0 -0.0 -0.0
-0.0 -0.0 -0.0
-0.0 -0.0 -0.0
-0.0 -0.0 -0.0
-0.0 -0.0 -0.0
-0.0 -0.0 -0.0
-0.0 -0.0 -0.0
-0.0 -0.0 -0.0
-0.0 -0.0 -0.0
-0.0 -0.0 -0.0
-0.0 -0.0 -0.0
-0.0 -0.0 -0.0
-0.0 -0.0 -0.0
-0.0 -0.0 -0.0
-0.0 -0.0 -0.0
-0.0 -0.0 -0.0
-0.0 -0.0 -0.0
-0.0 -0.0 -0.0
-0.0 -0.0 -0.0
-0.0 -0.0 -0.0
-0.0 -0.0 -0.0
-0.0 -0.0 -0.0
-0.0 -0.0 -0.0
-0.0 -0.0 -0.0
-0.0 -0.0 -0.0
-0.0 -0.0 -0.0
-0.0 -0.0 -0.0
-0.0 -0.0 -0.0
-0.0 -0.0 -0.0
-0.0 -0.0 -0.0
-0.0 -0.0 -0.0
-0.0 -0.0 -0.0
-0.0 -0.0 -0.0
-0.0 -0.0 -0.0
-0.0 -0.0 -0.0
-0.0 -0.0 -0.0
-0.0 -0.0 -0.0
-0.0 -0.0 -0.0
-0.0 -0.0 -0.0
-0.0 -0.0 -0.0
-0.0 -0.0 -0.0
-0.0 -0.0 -0.0
-0.0 -0.0 -0.0
-0.0 -0.0 -0.0
-0.0 -0.0 -0.0
-0.0 -0.0 -0.0
-0.0 -0.0 -0.0
-0.0 -0.0 -0.0
-0.0 -0.0 -0.0
-0.0 -0.0 -0.0
-0.0 -0.0 -0.0
-0.0 -0.0 -0.0
-0.0 -0.0 -0.0
-0.0 -0.0 -0.0
-0.0 -0.0 -0.0
-0.0 -0.0 -0.0
-0.0 -0.0 -0.0
-0.0 -0.0 -0.0
-0.0 -0.0 -0.0
-0.0 -0.0 -0.0
-0.0 -0.0 -0.0

VECTORS Funs-vector float
0.0 0.0 7.275795954480283e-11
0.0 0.0 2.4733169331635784e-10
0.0 0.0 8.686453043352278e-10
0.0 0.0 1.6765183448490924e-9
0.0 0.0 1.650681490542372e-9
0.0 0.0 2.6401228021684828e-9
0.0 0.0 4.032743623674785e-9
0.0 0.0 5.163282888529996e-9
0.0 0.0 5.129591264248751e-9
0.0 0.0 5.58277138879182e-9
0.0 0.0 6.4076512079423275e-9
0.0 0.0 7.766927748592329e-9
0.0 0.0 9.310090585529955e-9
0.0 0.0 9.317610320604706e-9
0.0 0.0 8.971260448846749e-9
0.0 0.0 8.459472998892557e-9
0.0 0.0 9.984955422720698e-9
0.0 0.0 1.2099787265617519e-8
0.0 0.0 8.636982696719975e-9
0.0 0.0 1.3914573454484414e-8
0.0 0.0 1.2025304647112591e-8
0.0 0.0 1.4175114351037414e-8
0.0 0.0 1.5532850547833037e-8
0.0 0.0 1.4780719945068583e-8
0.0 0.0 1.6513146846988618e-8
0.0 0.0 2.006520108028285e-8
0.0 0.0 1.5268877073453562e-8
0.0 0.0 1.522597873595277e-8
0.0 0.0 1.499738002469374e-8
0.0 0.0 1.4443423439003209e-8
0.0 0.0 5.324819665601805e-9
0.0 0.0 6.361331205785876e-9
0.0 0.0 4.291133765610778e-9
0.0 0.0 1.9759370491425544e-10
0.0 0.0 2.7355698049591114e-9
0.0 0.0 2.015449829215003e-9
0.0 0.0 9.399286910209092e-10
0.0 0.0 1.0722102608088412e-8
0.0 0.0 2.157210606386575e-8
0.0 0.0 1.2697458191060371e-8
0.0 0.0 2.1859308624632763e-8
0.0 0.0 4.3748371346578855e-8
0.0 0.0 5.7311236739959504e-8
0.0 0.0 4.0540102123583156e-8
0.0 0.0 4.3106843033959135e-8
0.0 0.0 5.570441109143954e-8
0.0 0.0 7.018239463950744e-8
0.0 0.0 5.321223303661849e-8
0.0 0.0 5.1420547084378225e-8
0.0 0.0 5.720029600836331e-8
0.0 0.0 3.84240375972602e-8
0.0 0.0 1.4092907493402033e-8
0.0 0.0 2.1178859262150886e-8
0.0 0.0 4.3445689443306274e-9
0.0 0.0 1.3280280757224628e-8
0.0 0.0 1.6150518657683197e-8
0.0 0.0 2.636707606632005e-8
0.0 0.0 1.2350229379069219e-8
0.0 0.0 1.9283933615167102e-8
0.0 0.0 2.4176464185916525e-8
0.0 0.0 3.274429502907286e-8
0.0 0.0 2.044714947122641e-8
0.0 0.0 1.924357308089767e-8
0.0 0.0 1.1645774674748522e-8
0.0 0.0 1.0849438550773584e-8
0.0 0.0 1.062319644083452e-8
0.0 0.0 8.805194128868032e-9
0.0 0.0 4.717781355881408e-9
0.0 0.0 2.4296005905364977e-9
0.0 0.0 6.6245043791205185e-9
0.0 0.0 -8.174438275433437e-9
0.0 0.0 -1.6735260344055235e-8
0.0 0.0 -2.458656553391496e-8
0.0 0.0 -3.389678237268135e-8
0.0 0.0 -4.4151243370796274e-8
0.0 0.0 -5.377091190723696e-8
0.0 0.0 -6.209355535921959e-8
0.0 0.0 -6.945147633364964e-8
0.0 0.0 -7.908762034597057e-8
0.0 0.0 -8.807927556928491e-8
0.0 0.0 -9.365091868069793e-8
0.0 0.0 -1.0319961411792087e-7
0.0 0.0 -1.1150833810621639e-7
0.0 0.0 -1.1959227469859568e-7
0.0 0.0 -1.2611083196787417e-7
0.0 0.0 -1.3414607573404465e-7
0.0 0.0 -1.419496177811215e-7
0.0 0.0 -1.4936732852330414e-7
0.0 0.0 -1.5677012164335666e-7
0.0 0.0 -1.6582767893108815e-7
0.0 0.0 -1.7603982775713278e-7
0.0 0.0 -1.8978881438873557e-7
0.0 0.0 -2.097359292458833e-7
0.0 0.0 -2.4678652506499003e-7
0.0 0.0 -3.857269816150788e-7
0.0 0.0 -2.0106385515953575e-7
0.0 0.0 -1.3146990974675315e-7
0.0 0.0 -8.76815792370123e-8
0.0 0.0 -5.507857100563123e-8
0.0 0.0 -2.877221870693002e-8
0.0 0.0 7.275795954480283e-11
0.0 0.0 2.4733169331635784e-10
0.0 0.0 8.686453043352278e-10
0.0 0.0 1.6765183448490924e-9
0.0 0.0 1.650681490542372e-9
0.0 0.0 2.6401228021684828e-9
0.0 0.0 4.032743623674785e-9
0.0 0.0 5.163282888529996e-9
0.0 0.0 5.129591264248751e-9
0.0 0.0 5.58277138879182e-9
0.0 0.0 6.4076512079423275e-9
0.0 0.0 7.766927748592329e-9
0.0 0.0 9.310090585529955e-9
0.0 0.0 9.317610320604706e-9
0.0 0.0 8.971260448846749e-9
0.0 0.0 8.459472998892557e-9
0.0 0.0 9.984955422720698e-9
0.0 0.0 1.2099787265617519e-8
0.0 0.0 8.636982696719975e-9
0.0 0.0 1.3914573454484414e-8
0.0 0.0 1.2025304647112591e-8
0.0 0.0 1.4175114351037414e-8
0.0 0.0 1.5532850547833037e-8
0.0 0.0 1.4780719945068583e-8
0.0 0.0 1.6513146846988618e-8
0.0 0.0 2.006520108028285e-8
0.0 0.0 1.5268877073453562e-8
0.0 0.0 1.522597873595277e-8
0.0 0.0 1.499738002469374e-8
0.0 0.0 1.4443423439003209e-8
0.0 0.0 5.324819665601805e-9
0.0 0.0 6.361331205785876e-9
0.0 0.0 4.291133765610778e-9
0.0 0.0 1.9759370491425544e-10
0.0 0.0 2.7355698049591114e-9
0.0 0.0 2.015449829215003e-9
0.0 0.0 9.399286910209092e-10
0.0 0.0 1.0722102608088412e-8
0.0 0.0 2.157210606386575e-8
0.0 0.0 1.2697458191060371e-8
0.0 0.0 2.1859308624632763e-8
0.0 0.0 4.3748371346578855e-8
0.0 0.0 5.7311236739959504e-8
0.0 0.0 4.0540102123583156e-8
0.0 0.0 4.3106843033959135e-8
0.0 0.0 5.570441109143954e-8
0.0 0.0 7.018239463950744e-8
0.0 0.0 5.321223303661849e-8
0.0 0.0 5.1420547084378225e-8
0.0 0.0 5.720029600836331e-8
0.0 0.0 3.84240375972602e-8
0.0 0.0 1.4092907493402033e-8
0.0 0.0 2.1178859262150886e-8
0.0 0.0 4.3445689443306274e-9
0.0 0.0 1.3280280757224628e-8
0.0 0.0 1.6150518657683197e-8
0.0 0.0 2.636707606632005e-8
0.0 0.0 1.2350229379069219e-8
0.0 0.0 1.9283933615167102e-8
0.0 0.0 2.4176464185916525e-8
0.0 0.0 3.274429502907286e-8
0.0 0.0 2.044714947122641e-8
0.0 0.0 1.924357308089767e-8
0.0 0.0 1.1645774674748522e-8
0.0 0.0 1.0849438550773584e-8
0.0 0.0 1.062319644083452e-8
0.0 0.0 8.805194128868032e-9
0.0 0.0 4.717781355881408e-9
0.0 0.0 2.4296005905364977e-9
0.0 0.0 6.6245043791205185e-9
0.0 0.0 -8.174438275433437e-9
0.0 0.0 -1.6735260344055235e-8
0.0 0.0 -2.458656553391496e-8
0.0 0.0 -3.389678237268135e-8
0.0 0.0 -4.4151243370796274e-8
0.0 0.0 -5.377091190723696e-8
0.0 0.0 -6.209355535921959e-8
0.0 0.0 -6.945147633364964e-8
0.0 0.0 -7.908762034597057e-8
0.0 0.0 -8.807927556928491e-8
0.0 0.0 -9.365091868069793e-8
0.0 0.0 -1.0319961411792087e-7
0.0 0.0 -1.1150833810621639e-7
0.0 0.0 -1.1959227469859568e-7
0.0 0.0 -1.2611083196787417e-7
0.0 0.0 -1.3414607573404465e-7
0.0 0.0 -1.419496177811215e-7
0.0 0.0 -1.4936732852330414e-7
0.0 0.0 -1.5677012164335666e-7
0.0 0.0 -1.6582767893108815e-7
0.0 0.0 -1.7603982775713278e-7
0.0 0.0 -1.8978881438873557e-7
0.0 0.0 -2.097359292458833e-7
0.0 0.0 -2.4678652506499003e-7
0.0 0.0 -3.857269816150788e-7
0.0 0.0 -2.0106385515953575e-7
0.0 0.0 -1.3146990974675315e-7
0.0 0.0 -8.76815792370123e-8
0.0 0.0 -5.507857100563123e-8
0.0 0.0 -2.877221870693002e-8

VECTORS Ftot float
-0.02658384829504256 -0.04489623372632762 0.025594605728387117
-0.04217734146707032 -0.06385317852884123 0.04153635874161152
-0.055234595425568724 -0.08027399090543075 0.05864504617189644
-0.06756889541850758 -0.09597193092537594 0.07745946143232033
-0.07961250463325847 -0.11137922185073024 0.09811029995843183
-0.09128830217004547 -0.12641869456129598 0.12063226990601829
-0.1029876899122593 -0.14148219438969303 0.14495028630652187
-0.11446462354013688 -0.15632272854786017 0.17106663794077798
-0.12562260864993371 -0.17084446191736455 0.19892559476729757
-0.13658798874267825 -0.18517334638209956 0.2284342878136686
-0.14718118013081605 -0.1991298803450292 0.25953435432318617
-0.15755871099879515 -0.2128710490229223 0.2921296805593324
-0.16689228732952702 -0.22556813449223523 0.32620345779320187
-0.1752049244160667 -0.2372442932057314 0.36155413110374035
-0.1832684386525858 -0.24867121726793398 0.3979197737630312
-0.1904329945697189 -0.25919925685519185 0.4352330627230047
-0.1973363042005521 -0.26946636300984783 0.4732676272308478
-0.20358801312346753 -0.279081547476251 0.5119454598923239
-0.20956031706915754 -0.2884173107868046 0.5511037995269908
-0.2138676721567424 -0.2960881965353209 0.5907259108672726
-0.2179829652972342 -0.3035667285871408 0.6303955198278273
-0.2220002793462856 -0.31094753853860996 0.6699730341421226
-0.2257373884738857 -0.3180481678427366 0.7093778926293675
-0.2298810961625755 -0.3255556838756319 0.7484719282938296
-0.23263559434118172 -0.3316738024374053 0.787388892242643
-0.23554276155094314 -0.3379470621558349 0.8257567033270861
-0.2382102621349085 -0.3439780933444889 0.8635545971377713
-0.24123937093999234 -0.3503707104692586 0.900665656346426
-0.24385163850826866 -0.35634648581423917 0.937204043150119
-0.24486880033446767 -0.36072682127096656 0.9731951574244967
-0.2463257837320889 -0.36554727742239235 1.0082174127081787
-0.2458311700667972 -0.36841612234497395 1.0425041342888188
-0.24445106363748012 -0.37039990692316477 1.075614808891965
-0.24314241197491407 -0.3724548618549223 1.107246072117072
-0.24122600524182997 -0.37390206617255006 1.1374411613056794
-0.23854019366944557 -0.37457985222639173 1.1661195103861293
-0.23490394613726484 -0.37430902469974503 1.193155960842277
-0.23144587842646255 -0.3742144677582003 1.2182971213286737
-0.22631293151050957 -0.3724450396657401 1.2418081434740669
-0.2199008964516993 -0.36939687447115394 1.2633976713796689
-0.21203365098999624 -0.36489347473059686 1.2828396589426927
-0.20366573565667967 -0.3598890806406583 1.2997576802303945
-0.1952554865003785 -0.35484239769388565 1.3141244005527468
-0.18352048222808587 -0.34647094580462995 1.3265484139911592
-0.16888089538498685 -0.335194901325465 1.3365557059561868
-0.1492942186141806 -0.3189717635942541 1.344088856161569
-0.12030550223928153 -0.2933464936910172 1.3491767721081422
-0.0688052587801922 -0.2452097664390999 1.352227758405479
0.060594827507220166 -0.11917420192873494 1.3546901014995336
0.7590561015080112 0.5759193355763897 1.3577790570032806
0.7542157768692429 -0.571079192351799 1.2025920775025938
0.05779304060220793 0.12197551846090421 1.1991454352347959
-0.06915402316082958 0.2455580651421677 1.197039357750035
-0.12083861100077774 0.2938791699867156 1.1940138890318623
-0.14990128539182448 0.3195783990187204 1.189098619512214
-0.16965204305128884 0.33596563077367 1.1819258005390405
-0.18543319781603196 0.34838326173014517 1.172269103951409
-0.1951772700243127 0.3547637912579119 1.1612010352958069
-0.2053691643810522 0.3615921481699394 1.1477148861090467
-0.21309968695660128 0.3659591416999939 1.1323561354201648
-0.2205928064114606 0.37008844340237634 1.1148737244409972
-0.2266848857742033 0.372816666893752 1.0955714871427404
-0.23156922639512195 0.37433750925382714 1.07461905892104
-0.2353612852772207 0.37476606606762924 1.0521625631427047
-0.2381318127520928 0.37417096376153697 1.0283438192607879
-0.23943040212103797 0.37210597687871577 1.0033729297970122
-0.2412136190178749 0.3705256094402532 0.976976862890535
-0.24224902680373217 0.3681974292087636 0.9493572560442847
-0.24263662397930794 0.36522131878099157 0.9206074732978596
-0.24356062200948975 0.3627818625449698 0.8906077361494864
-0.24242084852289913 0.35827863042048064 0.8598801326597579
-0.24168092357985432 0.3541754723544304 0.8282439860915718
-0.23932475711304124 0.34845581581417545 0.7960834010040947
-0.23653748105235897 0.34230504696436115 0.7633819549467632
-0.23409949364654187 0.336503531693404 0.7300430738908037
-0.23142771155558353 0.33046574699651426 0.69617063780122
-0.22913612330757302 0.3248106265967191 0.6617445349535129
-0.2249989631903661 0.317309568370913 0.6272063083089757
-0.22120761440284858 0.3101547090378696 0.592421233107566
-0.21715295922829309 0.30273656974674884 0.5574971546438713
-0.21299761921541738 0.29521796124741845 0.5225020645014314
-0.2086356266863129 0.2874924971914314 0.4875583342922332
-0.20268700750113633 0.27818043544832116 0.4530152116050218
-0.1965656963449369 0.2686956538177777 0.418878071312313
-0.18941572323889816 0.25818187510460944 0.38536152958842934
-0.18229773976731312 0.2477004139591597 0.35245701553541403
-0.1743591279089795 0.23639841366553654 0.3203673031993978
-0.16596334209510802 0.22463913530097193 0.28919720566735485
-0.1564916810489244 0.21180399753009557 0.2591714278375903
-0.14625890446048265 0.19820756863674982 0.2304113126203019
-0.1356896079777729 0.18427489480398546 0.20296637651880947
-0.12489322026086265 0.17011499217800108 0.17689199824395108
-0.11382829149080534 0.15568628703731177 0.15226384080219504
-0.1023679949467988 0.1408623818095329 0.12917566072307488
-0.09071877323602505 0.12584907386404884 0.10766658138219067
-0.07906334387071673 0.1108299574467717 0.08774103186181705
-0.06705995255817673 0.09546289724353985 0.06945875911206521
-0.05484834810611649 0.07988765573621692 0.05277187014995031
-0.04185919546625669 0.0635349564460624 0.03758487504491493
-0.02634251265641671 0.04465482283026152 0.023426036570325035
-0.02658384829504256 -0.04489623372632762 0.025594605728387117
-0.04217734146707032 -0.06385317852884123 0.04153635874161152
-0.055234595425568724 -0.08027399090543075 0.05864504617189644
-0.06756889541850758 -0.09597193092537594 0.07745946143232033
-0.07961250463325847 -0.11137922185073024 0.09811029995843183
-0.09128830217004547 -0.12641869456129598 0.12063226990601829
-0.1029876899122593 -0.14148219438969303 0.14495028630652187
-0.11446462354013688 -0.15632272854786017 0.17106663794077798
-0.12562260864993371 -0.17084446191736455 0.19892559476729757
-0.13658798874267825 -0.18517334638209956 0.2284342878136686
-0.14718118013081605 -0.1991298803450292 0.25953435432318617
-0.15755871099879515 -0.2128710490229223 0.2921296805593324
-0.16689228732952702 -0.22556813449223523 0.32620345779320187
-0.1752049244160667 -0.2372442932057314 0.36155413110374035
-0.1832684386525858 -0.24867121726793398 0.3979197737630312
-0.1904329945697189 -0.25919925685519185 0.4352330627230047
-0.1973363042005521 -0.26946636300984783 0.4732676272308478
-0.20358801312346753 -0.279081547476251 0.5119454598923239
-0.20956031706915754 -0.2884173107868046 0.5511037995269908
-0.2138676721567424 -0.2960881965353209 0.5907259108672726
-0.2179829652972342 -0.3035667285871408 0.6303955198278273
-0.2220002793462856 -0.31094753853860996 0.6699730341421226
-0.2257373884738857 -0.3180481678427366 0.7093778926293675
-0.2298810961625755 -0.3255556838756319 0.7484719282938296
-0.23263559434118172 -0.3316738024374053 0.787388892242643
-0.23554276155094314 -0.3379470621558349 0.8257567033270861
-0.2382102621349085 -0.3439780933444889 0.8635545971377713
-0.24123937093999234 -0.3503707104692586 0.900665656346426
-0.24385163850826866 -0.35634648581423917 0.937204043150119
-0.24486880033446767 -0.36072682127096656 0.9731951574244967
-0.2463257837320889 -0.36554727742239235 1.0082174127081787
-0.2458311700667972 -0.36841612234497395 1.0425041342888188
-0.24445106363748012 -0.37039990692316477 1.075614808891965
-0.24314241197491407 -0.3724548618549223 1.107246072117072
-0.24122600524182997 -0.37390206617255006 1.1374411613056794
-0.23854019366944557 -0.37457985222639173 1.1661195103861293
-0.23490394613726484 -0.37430902469974503 1.193155960842277
-0.23144587842646255 -0.3742144677582003 1.2182971213286737
-0.22631293151050957 -0.3724450396657401 1.2418081434740669
-0.2199008964516993 -0.36939687447115394 1.2633976713796689
-0.21203365098999624 -0.36489347473059686 1.2828396589426927
-0.20366573565667967 -0.3598890806406583 1.2997576802303945
-0.1952554865003785 -0.35484239769388565 1.3141244005527468
-0.18352048222808587 -0.34647094580462995 1.3265484139911592
-0.16888089538498685 -0.335194901325465 1.3365557059561868
-0.1492942186141806 -0.3189717635942541 1.344088856161569
-0.12030550223928153 -0.2933464936910172 1.3491767721081422
-0.0688052587801922 -0.2452097664390999 1.352227758405479
0.060594827507220166 -0.11917420192873494 1.3546901014995336
0.7590561015080112 0.5759193355763897 1.3577790570032806
0.7542157768692429 -0.571079192351799 1.2025920775025938
0.05779304060220793 0.12197551846090421 1.1991454352347959
-0.06915402316082958 0.2455580651421677 1.197039357750035
-0.12083861100077774 0.2938791699867156 1.1940138890318623
-0.14990128539182448 0.3195783990187204 1.189098619512214
-0.16965204305128884 0.33596563077367 1.1819258005390405
-0.18543319781603196 0.34838326173014517 1.172269103951409
-0.1951772700243127 0.3547637912579119 1.1612010352958069
-0.2053691643810522 0.3615921481699394 1.1477148861090467
-0.21309968695660128 0.3659591416999939 1.1323561354201648
-0.2205928064114606 0.37008844340237634 1.1148737244409972
-0.2266848857742033 0.372816666893752 1.0955714871427404
-0.23156922639512195 0.37433750925382714 1.07461905892104
-0.2353612852772207 0.37476606606762924 1.0521625631427047
-0.2381318127520928 0.37417096376153697 1.0283438192607879
-0.23943040212103797 0.37210597687871577 1.0033729297970122
-0.2412136190178749 0.3705256094402532 0.976976862890535
-0.24224902680373217 0.3681974292087636 0.9493572560442847
-0.24263662397930794 0.36522131878099157 0.9206074732978596
-0.24356062200948975 0.3627818625449698 0.8906077361494864
-0.24242084852289913 0.35827863042048064 0.8598801326597579
-0.24168092357985432 0.3541754723544304 0.8282439860915718
-0.23932475711304124 0.34845581581417545 0.7960834010040947
-0.23653748105235897 0.34230504696436115 0.7633819549467632
-0.23409949364654187 0.336503531693404 0.7300430738908037
-0.23142771155558353 0.33046574699651426 0.69617063780122
-0.22913612330757302 0.3248106265967191 0.6617445349535129
-0.2249989631903661 0.317309568370913 0.6272063083089757
-0.22120761440284858 0.3101547090378696 0.592421233107566
-0.21715295922829309 0.30273656974674884 0.5574971546438713
-0.21299761921541738 0.29521796124741845 0.5225020645014314
-0.2086356266863129 0.2874924971914314 0.4875583342922332
-0.20268700750113633 0.27818043544832116 0.4530152116050218
-0.1965656963449369 0.2686956538177777 0.418878071312313
-0.18941572323889816 0.25818187510460944 0.38536152958842934
-0.18229773976731312 0.2477004139591597 0.35245701553541403
-0.1743591279089795 0.23639841366553654 0.3203673031993978
-0.16596334209510802 0.22463913530097193 0.28919720566735485
-0.1564916810489244 0.21180399753009557 0.2591714278375903
-0.14625890446048265 0.19820756863674982 0.2304113126203019
-0.1356896079777729 0.18427489480398546 0.20296637651880947
-0.12489322026086265 0.17011499217800108 0.17689199824395108
-0.11382829149080534 0.15568628703731177 0.15226384080219504
-0.1023679949467988 0.1408623818095329 0.12917566072307488
-0.09071877323602505 0.12584907386404884 0.10766658138219067
-0.07906334387071673 0.1108299574467717 0.08774103186181705
-0.06705995255817673 0.09546289724353985 0.06945875911206521
-0.05484834810611649 0.07988765573621692 0.05277187014995031
-0.04185919546625669 0.0635349564460624 0.03758487504491493
-0.02634251265641671 0.04465482283026152 0.023426036570325035

VECTORS Vvpm_AB float
-0.32946380972862244 0.560087263584137 -0.41737961769104004
-0.3294612467288971 0.5600853562355042 -0.4173844754695892
-0.3294684588909149 0.5600885152816772 -0.41737839579582214
-0.3294924199581146 0.5600922107696533 -0.41736659407615667
-0.3295094072818756 0.5600969791412354 -0.4173545837402344
-0.32953163981437683 0.5600998401641846 -0.4173448085784912
-0.3295884430408478 0.5601115822792053 -0.4173103272914887
-0.3295954167842865 0.5601117610931396 -0.41730979084968567
-0.32960453629493713 0.5601136684417725 -0.4173021614551544
-0.32959070801734924 0.5601121783256531 -0.41730752587318426
-0.3295740783214569 0.5601080060005188 -0.417319118976593
-0.32957038283348083 0.5601073503494263 -0.41731727123260504
-0.3295576870441437 0.5601060390472412 -0.4173208475112915
-0.3295471966266632 0.5601051449775696 -0.4173235595226288
-0.3295413553714752 0.5601024031639099 -0.41732946038246155
-0.32953140139579773 0.5601013898849487 -0.41733273863792425
-0.32953545451164246 0.5601018667221069 -0.41732570528984075
-0.3295258581638336 0.5601008534431458 -0.4173291325569153
-0.3295165002346039 0.560099720954895 -0.41733273863792425
-0.32950887084007263 0.5600987672805786 -0.41733413934707647
-0.3295036852359772 0.5600947737693787 -0.41734263300895696
-0.32949820160865784 0.5600945353507996 -0.417344331741333
-0.3294925391674042 0.5600941181182861 -0.41734537482261663
-0.3294943869113922 0.560093879699707 -0.41733950376510615
-0.3294889032840729 0.5600938200950623 -0.4173384904861451
-0.3295787274837494 0.5601091980934143 -0.41728064417839045
-0.3295714557170868 0.5601085424423218 -0.4172833561897277
-0.3295641243457794 0.5601074695587158 -0.417286366224289
-0.3295568525791168 0.560106635093689 -0.4172892272472382
-0.3295564353466034 0.5601012706756592 -0.4172977507114411
-0.32955029606819153 0.5601000189781189 -0.4173007309436798
-0.32954439520835876 0.5600990056991577 -0.41730380058288574
-0.3295440971851349 0.5600988268852234 -0.41729906201362615
-0.32954129576683044 0.5600988268852234 -0.41729941964149475
-0.3295380771160126 0.560099184513092 -0.41729971766471863
-0.3295347988605499 0.5600990653038025 -0.41730022430419916
-0.3295608460903168 0.5601010918617249 -0.41727110743522644
-0.32955530285835266 0.5601004362106323 -0.41727367043495184
-0.3295500576496124 0.5600997805595398 -0.417275995016098
-0.3295481503009796 0.5601017475128174 -0.41727301478385925
-0.32954564690589905 0.5601036548614502 -0.4172705411911011
-0.3295404613018036 0.5601029396057129 -0.41727277636528015
-0.3295358121395111 0.5601027607917786 -0.4172742962837219
-0.32953080534935 0.5601021647453308 -0.41727596521377563
-0.32952603697776794 0.5601021647453308 -0.41727769374847407
-0.32952097058296204 0.5601013898849487 -0.41727942228317266
-0.329515665769577 0.560100793838501 -0.4172822535037995
-0.32951053977012634 0.560100257396698 -0.41728413105010986
-0.3295353949069977 0.5601048469543457 -0.4172723293304444
-0.32960936427116394 0.5601089000701904 -0.4172206223011017
-0.3296094834804535 0.5601064562797546 -0.4172227382659912
-0.32953545451164246 0.5600982904434204 -0.4172779321670533
-0.3295104205608368 0.5600934624671936 -0.4172897934913635
-0.3295154869556427 0.5600939393043518 -0.41728761792182917
-0.32952138781547546 0.5600955486297607 -0.4172848463058471
-0.3295259177684784 0.5600957274436951 -0.4172830879688263
-0.3295309841632843 0.5600959658622742 -0.41728121042251587
-0.3295356333255768 0.5600963830947876 -0.41727954149246216
-0.32954058051109314 0.5600969791412354 -0.41727772355079645
-0.3295459449291229 0.5600976347923279 -0.41727569699287415
-0.3295481503009796 0.5600962042808533 -0.4172779023647309
-0.32954999804496765 0.5600938200950623 -0.4172807931900025
-0.329555481672287 0.5600947141647339 -0.4172782599925995
-0.32956060767173767 0.5600956082344055 -0.41727569699287415
-0.3295349180698395 0.5600897669792175 -0.4173082113265991
-0.3295383155345917 0.5600895881652832 -0.41730755567550665
-0.32954153418540955 0.5600900053977966 -0.4173070192337036
-0.32954445481300354 0.5600900053977966 -0.4173065423965454
-0.32954439520835876 0.5600935220718384 -0.4173083007335663
-0.3295506536960602 0.560094952583313 -0.41730526089668274
-0.3295566141605377 0.5600962042808533 -0.4173021614551544
-0.32955673336982727 0.5600997805595398 -0.41729491949081426
-0.3295641243457794 0.5601010322570801 -0.4172918796539306
-0.3295716345310211 0.5601019859313965 -0.41728872060775757
-0.3295789062976837 0.5601029396057129 -0.4172861278057098
-0.3294890820980072 0.5600897073745728 -0.4173422157764435
-0.3294946253299713 0.5600917339324951 -0.4173413813114166
-0.3294928967952728 0.5600897073745728 -0.41734939813613886
-0.32949820160865784 0.5600897073745728 -0.4173482954502106
-0.3295038640499115 0.560090184211731 -0.4173464477062225
-0.32950910925865173 0.5600934624671936 -0.41733887791633606
-0.3295166790485382 0.560096025466919 -0.4173360764980316
-0.32952603697776794 0.5600970983505249 -0.41733214259147644
-0.32953545451164246 0.56009840965271 -0.41732871532440186
-0.32953163981437683 0.5600970983505249 -0.4173361659049988
-0.32954123616218567 0.5600982308387756 -0.4173328876495362
-0.32954731583595276 0.5601016283035278 -0.417326420545578
-0.32955774664878845 0.5601040720939636 -0.41732281446456904
-0.32957038283348083 0.5601062178611755 -0.41731810569763184
-0.3295745551586151 0.5601060390472412 -0.41732057929039
-0.3295905888080597 0.5601083636283875 -0.4173106551170349
-0.32960471510887146 0.5601091384887695 -0.4173060059547425
-0.3295954167842865 0.56010502576828 -0.41731539368629456
-0.32958880066871643 0.5601039528846741 -0.41731685400009155
-0.3295315206050873 0.5600929260253906 -0.4173504114151001
-0.3295097053050995 0.5600888133049011 -0.4173615574836731
-0.3294928967952728 0.5600841045379639 -0.41737341880798345
-0.32946857810020447 0.5600794553756714 -0.4173859059810638
-0.3294614255428314 0.5600764155387878 -0.41739198565483093
-0.32946404814720154 0.5600769519805908 -0.4173884093761444
-0.32946380972862244 0.560087263584137 -0.41737961769104004
-0.3294612467288971 0.5600853562355042 -0.4173844754695892
-0.3294684588909149 0.5600885152816772 -0.41737839579582214
-0.3294924199581146 0.5600922107696533 -0.41736659407615667
-0.3295094072818756 0.5600969791412354 -0.4173545837402344
-0.32953163981437683 0.5600998401641846 -0.4173448085784912
-0.3295884430408478 0.5601115822792053 -0.4173103272914887
-0.3295954167842865 0.5601117610931396 -0.41730979084968567
-0.32960453629493713 0.5601136684417725 -0.4173021614551544
-0.32959070801734924 0.5601121783256531 -0.41730752587318426
-0.3295740783214569 0.5601080060005188 -0.417319118976593
-0.32957038283348083 0.5601073503494263 -0.41731727123260504
-0.3295576870441437 0.5601060390472412 -0.4173208475112915
-0.3295471966266632 0.5601051449775696 -0.4173235595226288
-0.3295413553714752 0.5601024031639099 -0.41732946038246155
-0.32953140139579773 0.5601013898849487 -0.41733273863792425
-0.32953545451164246 0.5601018667221069 -0.41732570528984075
-0.3295258581638336 0.5601008534431458 -0.4173291325569153
-0.3295165002346039 0.560099720954895 -0.41733273863792425
-0.32950887084007263 0.5600987672805786 -0.41733413934707647
-0.3295036852359772 0.5600947737693787 -0.41734263300895696
-0.32949820160865784 0.5600945353507996 -0.417344331741333
-0.3294925391674042 0.5600941181182861 -0.41734537482261663
-0.3294943869113922 0.560093879699707 -0.41733950376510615
-0.3294889032840729 0.5600938200950623 -0.4173384904861451
-0.3295787274837494 0.5601091980934143 -0.41728064417839045
-0.3295714557170868 0.5601085424423218 -0.4172833561897277
-0.3295641243457794 0.5601074695587158 -0.417286366224289
-0.3295568525791168 0.560106635093689 -0.4172892272472382
-0.3295564353466034 0.5601012706756592 -0.4172977507114411
-0.32955029606819153 0.5601000189781189 -0.4173007309436798
-0.32954439520835876 0.5600990056991577 -0.41730380058288574
-0.3295440971851349 0.5600988268852234 -0.41729906201362615
-0.32954129576683044 0.5600988268852234 -0.41729941964149475
-0.3295380771160126 0.560099184513092 -0.41729971766471863
-0.3295347988605499 0.5600990653038025 -0.41730022430419916
-0.3295608460903168 0.5601010918617249 -0.41727110743522644
-0.32955530285835266 0.5601004362106323 -0.41727367043495184
-0.3295500576496124 0.5600997805595398 -0.417275995016098
-0.3295481503009796 0.5601017475128174 -0.41727301478385925
-0.32954564690589905 0.5601036548614502 -0.4172705411911011
-0.3295404613018036 0.5601029396057129 -0.41727277636528015
-0.3295358121395111 0.5601027607917786 -0.4172742962837219
-0.32953080534935 0.5601021647453308 -0.41727596521377563
-0.32952603697776794 0.5601021647453308 -0.41727769374847407
-0.32952097058296204 0.5601013898849487 -0.41727942228317266
-0.329515665769577 0.560100793838501 -0.4172822535037995
-0.32951053977012634 0.560100257396698 -0.41728413105010986
-0.3295353949069977 0.5601048469543457 -0.4172723293304444
-0.32960936427116394 0.5601089000701904 -0.4172206223011017
-0.3296094834804535 0.5601064562797546 -0.4172227382659912
-0.32953545451164246 0.5600982904434204 -0.4172779321670533
-0.3295104205608368 0.5600934624671936 -0.4172897934913635
-0.3295154869556427 0.5600939393043518 -0.41728761792182917
-0.32952138781547546 0.5600955486297607 -0.4172848463058471
-0.3295259177684784 0.5600957274436951 -0.4172830879688263
-0.3295309841632843 0.5600959658622742 -0.41728121042251587
-0.3295356333255768 0.5600963830947876 -0.41727954149246216
-0.32954058051109314 0.5600969791412354 -0.41727772355079645
-0.3295459449291229 0.5600976347923279 -0.41727569699287415
-0.3295481503009796 0.5600962042808533 -0.4172779023647309
-0.32954999804496765 0.5600938200950623 -0.4172807931900025
-0.329555481672287 0.5600947141647339 -0.4172782599925995
-0.32956060767173767 0.5600956082344055 -0.41727569699287415
-0.3295349180698395 0.5600897669792175 -0.4173082113265991
-0.3295383155345917 0.5600895881652832 -0.41730755567550665
-0.32954153418540955 0.5600900053977966 -0.4173070192337036
-0.32954445481300354 0.5600900053977966 -0.4173065423965454
-0.32954439520835876 0.5600935220718384 -0.4173083007335663
-0.3295506536960602 0.560094952583313 -0.41730526089668274
-0.3295566141605377 0.5600962042808533 -0.4173021614551544
-0.32955673336982727 0.5600997805595398 -0.41729491949081426
-0.3295641243457794 0.5601010322570801 -0.4172918796539306
-0.3295716345310211 0.5601019859313965 -0.41728872060775757
-0.3295789062976837 0.5601029396057129 -0.4172861278057098
-0.3294890820980072 0.5600897073745728 -0.4173422157764435
-0.3294946253299713 0.5600917339324951 -0.4173413813114166
-0.3294928967952728 0.5600897073745728 -0.41734939813613886
-0.32949820160865784 0.5600897073745728 -0.4173482954502106
-0.3295038640499115 0.560090184211731 -0.4173464477062225
-0.32950910925865173 0.5600934624671936 -0.41733887791633606
-0.3295166790485382 0.560096025466919 -0.4173360764980316
-0.32952603697776794 0.5600970983505249 -0.41733214259147644
-0.32953545451164246 0.56009840965271 -0.41732871532440186
-0.32953163981437683 0.5600970983505249 -0.4173361659049988
-0.32954123616218567 0.5600982308387756 -0.4173328876495362
-0.32954731583595276 0.5601016283035278 -0.417326420545578
-0.32955774664878845 0.5601040720939636 -0.41732281446456904
-0.32957038283348083 0.5601062178611755 -0.41731810569763184
-0.3295745551586151 0.5601060390472412 -0.41732057929039
-0.3295905888080597 0.5601083636283875 -0.4173106551170349
-0.32960471510887146 0.5601091384887695 -0.4173060059547425
-0.3295954167842865 0.56010502576828 -0.41731539368629456
-0.32958880066871643 0.5601039528846741 -0.41731685400009155
-0.3295315206050873 0.5600929260253906 -0.4173504114151001
-0.3295097053050995 0.5600888133049011 -0.4173615574836731
-0.3294928967952728 0.5600841045379639 -0.41737341880798345
-0.32946857810020447 0.5600794553756714 -0.4173859059810638
-0.3294614255428314 0.5600764155387878 -0.41739198565483093
-0.32946404814720154 0.5600769519805908 -0.4173884093761444