# vtk DataFile Version 4.0
[MyVLM domain - lattices] 
ASCII
DATASET UNSTRUCTURED_GRID
POINTS 302 float
1.2444999999999997 -1.2445 0.0
1.2399745454545452 -1.2399745454545454 0.0
1.2346178849721705 -1.2346178849721707 0.0
1.2284300185528754 -1.2284300185528756 0.0
1.2214109461966602 -1.2214109461966605 0.0
1.2135606679035247 -1.213560667903525 0.0
1.2048791836734691 -1.2048791836734694 0.0
1.1953664935064932 -1.1953664935064934 0.0
1.1850225974025972 -1.1850225974025974 0.0
1.1738474953617808 -1.173847495361781 0.0
1.1618411873840442 -1.1618411873840444 0.0
1.1490036734693874 -1.1490036734693876 0.0
1.1353349536178106 -1.1353349536178108 0.0
1.1208350278293133 -1.1208350278293135 0.0
1.1055038961038959 -1.105503896103896 0.0
1.0893415584415582 -1.0893415584415584 0.0
1.0723480148423004 -1.0723480148423006 0.0
1.054523265306122 -1.0545232653061223 0.0
1.0358673098330238 -1.035867309833024 0.0
1.0163801484230053 -1.0163801484230055 0.0
0.9960617810760664 -0.9960617810760668 0.0
0.9749122077922076 -0.9749122077922077 0.0
0.9529314285714284 -0.9529314285714284 0.0
0.9301194434137288 -0.930119443413729 0.0
0.9064762523191091 -0.9064762523191096 0.0
0.8820018552875695 -0.8820018552875695 0.0
0.8566962523191093 -0.8566962523191094 0.0
0.8305594434137288 -0.8305594434137291 0.0
0.8035914285714284 -0.8035914285714285 0.0
0.7757922077922076 -0.7757922077922077 0.0
0.7471617810760666 -0.7471617810760667 0.0
0.7177001484230053 -0.7177001484230054 0.0
0.6874073098330239 -0.687407309833024 0.0
0.6562832653061222 -0.6562832653061225 0.0
0.6243280148423004 -0.6243280148423005 0.0
0.5915415584415582 -0.5915415584415583 0.0
0.5579238961038958 -0.5579238961038959 0.0
0.5234750278293133 -0.5234750278293134 0.0
0.48819495361781057 -0.48819495361781057 0.0
0.4520836734693877 -0.4520836734693877 0.0
0.4151411873840445 -0.4151411873840446 0.0
0.37736749536178105 -0.37736749536178116 0.0
0.3387625974025974 -0.3387625974025974 0.0
0.2993264935064933 -0.29932649350649343 0.0
0.25905918367346925 -0.25905918367346925 0.0
0.21796066790352486 -0.21796066790352486 0.0
0.17603094619666027 -0.1760309461966605 0.0
0.13327001855287546 -0.13327001855287568 0.0
0.08967788497217066 -0.08967788497217066 0.0
0.045254545454545436 -0.045254545454545436 0.0
0.0 0.0 0.0
0.04525454545454545 0.04525454545454546 0.0
0.08967788497217066 0.08967788497217068 0.0
0.13327001855287568 0.1332700185528757 0.0
0.17603094619666046 0.1760309461966605 0.0
0.21796066790352497 0.21796066790352508 0.0
0.2590591836734693 0.25905918367346936 0.0
0.29932649350649343 0.2993264935064935 0.0
0.3387625974025973 0.33876259740259734 0.0
0.37736749536178094 0.377367495361781 0.0
0.41514118738404443 0.4151411873840445 0.0
0.45208367346938766 0.4520836734693878 0.0
0.48819495361781057 0.4881949536178107 0.0
0.5234750278293133 0.5234750278293134 0.0
0.5579238961038959 0.557923896103896 0.0
0.5915415584415582 0.5915415584415583 0.0
0.6243280148423003 0.6243280148423004 0.0
0.6562832653061222 0.6562832653061225 0.0
0.687407309833024 0.6874073098330241 0.0
0.7177001484230054 0.7177001484230056 0.0
0.7471617810760667 0.7471617810760669 0.0
0.7757922077922076 0.7757922077922077 0.0
0.8035914285714284 0.8035914285714285 0.0
0.8305594434137288 0.830559443413729 0.0
0.8566962523191093 0.8566962523191094 0.0
0.8820018552875692 0.8820018552875695 0.0
0.9064762523191091 0.9064762523191093 0.0
0.9301194434137288 0.9301194434137292 0.0
0.9529314285714284 0.9529314285714284 0.0
0.9749122077922076 0.9749122077922077 0.0
0.9960617810760666 0.9960617810760668 0.0
1.0163801484230053 1.0163801484230055 0.0
1.0358673098330238 1.035867309833024 0.0
1.054523265306122 1.0545232653061223 0.0
1.0723480148423001 1.0723480148423004 0.0
1.0893415584415582 1.0893415584415584 0.0
1.1055038961038959 1.105503896103896 0.0
1.120835027829313 1.1208350278293133 0.0
1.1353349536178106 1.1353349536178106 0.0
1.1490036734693874 1.1490036734693876 0.0
1.1618411873840444 1.1618411873840446 0.0
1.1738474953617808 1.173847495361781 0.0
1.1850225974025972 1.1850225974025972 0.0
1.1953664935064932 1.1953664935064934 0.0
1.2048791836734691 1.2048791836734694 0.0
1.2135606679035245 1.2135606679035247 0.0
1.22141094619666 1.2214109461966602 0.0
1.2284300185528754 1.2284300185528756 0.0
1.2346178849721703 1.2346178849721705 0.0
1.2399745454545452 1.2399745454545454 0.0
1.2444999999999997 1.2445 0.0
1.7422999999999997 -1.2445 0.0
1.7377745454545452 -1.2399745454545454 0.0
1.7324178849721703 -1.2346178849721707 0.0
1.7262300185528754 -1.2284300185528756 0.0
1.7192109461966603 -1.2214109461966605 0.0
1.7113606679035245 -1.213560667903525 0.0
1.7026791836734692 -1.2048791836734694 0.0
1.6931664935064934 -1.1953664935064934 0.0
1.6828225974025972 -1.1850225974025974 0.0
1.6716474953617806 -1.173847495361781 0.0
1.6596411873840444 -1.1618411873840444 0.0
1.6468036734693878 -1.1490036734693876 0.0
1.6331349536178106 -1.1353349536178108 0.0
1.6186350278293133 -1.1208350278293135 0.0
1.603303896103896 -1.105503896103896 0.0
1.5871415584415582 -1.0893415584415584 0.0
1.5701480148423004 -1.0723480148423006 0.0
1.552323265306122 -1.0545232653061223 0.0
1.5336673098330238 -1.035867309833024 0.0
1.5141801484230053 -1.0163801484230055 0.0
1.4938617810760666 -0.9960617810760668 0.0
1.4727122077922075 -0.9749122077922077 0.0
1.4507314285714283 -0.9529314285714284 0.0
1.4279194434137288 -0.930119443413729 0.0
1.4042762523191092 -0.9064762523191096 0.0
1.3798018552875693 -0.8820018552875695 0.0
1.3544962523191093 -0.8566962523191094 0.0
1.328359443413729 -0.8305594434137291 0.0
1.3013914285714283 -0.8035914285714285 0.0
1.2735922077922077 -0.7757922077922077 0.0
1.2449617810760665 -0.7471617810760667 0.0
1.2155001484230055 -0.7177001484230054 0.0
1.1852073098330238 -0.687407309833024 0.0
1.1540832653061224 -0.6562832653061225 0.0
1.1221280148423003 -0.6243280148423005 0.0
1.0893415584415582 -0.5915415584415583 0.0
1.055723896103896 -0.5579238961038959 0.0
1.0212750278293132 -0.5234750278293134 0.0
0.9859949536178108 -0.48819495361781057 0.0
0.9498836734693876 -0.4520836734693877 0.0
0.9129411873840445 -0.4151411873840446 0.0
0.875167495361781 -0.37736749536178116 0.0
0.8365625974025973 -0.3387625974025974 0.0
0.7971264935064933 -0.29932649350649343 0.0
0.7568591836734693 -0.25905918367346925 0.0
0.7157606679035249 -0.21796066790352486 0.0
0.6738309461966603 -0.1760309461966605 0.0
0.6310700185528755 -0.13327001855287568 0.0
0.5874778849721707 -0.08967788497217066 0.0
0.5430545454545455 -0.045254545454545436 0.0
0.4978 0.0 0.0
0.5430545454545455 0.04525454545454546 0.0
0.5874778849721707 0.08967788497217068 0.0
0.6310700185528757 0.1332700185528757 0.0
0.6738309461966605 0.1760309461966605 0.0
0.715760667903525 0.21796066790352508 0.0
0.7568591836734693 0.25905918367346936 0.0
0.7971264935064934 0.2993264935064935 0.0
0.8365625974025973 0.33876259740259734 0.0
0.875167495361781 0.377367495361781 0.0
0.9129411873840445 0.4151411873840445 0.0
0.9498836734693876 0.4520836734693878 0.0
0.9859949536178105 0.4881949536178107 0.0
1.0212750278293132 0.5234750278293134 0.0
1.055723896103896 0.557923896103896 0.0
1.0893415584415582 0.5915415584415583 0.0
1.1221280148423003 0.6243280148423004 0.0
1.1540832653061224 0.6562832653061225 0.0
1.185207309833024 0.6874073098330241 0.0
1.2155001484230055 0.7177001484230056 0.0
1.2449617810760667 0.7471617810760669 0.0
1.2735922077922077 0.7757922077922077 0.0
1.3013914285714283 0.8035914285714285 0.0
1.3283594434137287 0.830559443413729 0.0
1.3544962523191093 0.8566962523191094 0.0
1.3798018552875693 0.8820018552875695 0.0
1.4042762523191092 0.9064762523191093 0.0
1.427919443413729 0.9301194434137292 0.0
1.4507314285714283 0.9529314285714284 0.0
1.4727122077922075 0.9749122077922077 0.0
1.4938617810760666 0.9960617810760668 0.0
1.5141801484230053 1.0163801484230055 0.0
1.5336673098330238 1.035867309833024 0.0
1.552323265306122 1.0545232653061223 0.0
1.5701480148423002 1.0723480148423004 0.0
1.5871415584415582 1.0893415584415584 0.0
1.603303896103896 1.105503896103896 0.0
1.6186350278293131 1.1208350278293133 0.0
1.6331349536178106 1.1353349536178106 0.0
1.6468036734693874 1.1490036734693876 0.0
1.6596411873840444 1.1618411873840446 0.0
1.6716474953617806 1.173847495361781 0.0
1.6828225974025972 1.1850225974025972 0.0
1.6931664935064934 1.1953664935064934 0.0
1.7026791836734692 1.2048791836734694 0.0
1.7113606679035245 1.2135606679035247 0.0
1.71921094619666 1.2214109461966602 0.0
1.7262300185528754 1.2284300185528756 0.0
1.7324178849721703 1.2346178849721705 0.0
1.7377745454545452 1.2399745454545454 0.0
1.7422999999999997 1.2445 0.0
1.6155872727272724 -1.2422372727272726 0.0
1.6106462152133578 -1.237296215213358 0.0
1.604873951762523 -1.2315239517625232 0.0
1.598270482374768 -1.224920482374768 0.0
1.5908358070500925 -1.2174858070500927 0.0
1.582569925788497 -1.2092199257884972 0.0
1.5734728385899812 -1.2001228385899814 0.0
1.5635445454545454 -1.1901945454545453 0.0
1.552785046382189 -1.1794350463821892 0.0
1.5411943413729126 -1.1678443413729127 0.0
1.5287724304267158 -1.155422430426716 0.0
1.5155193135435991 -1.142169313543599 0.0
1.501434990723562 -1.1280849907235622 0.0
1.4865194619666047 -1.1131694619666048 0.0
1.4707727272727271 -1.0974227272727273 0.0
1.4541947866419294 -1.0808447866419293 0.0
1.4367856400742112 -1.0634356400742113 0.0
1.418545287569573 -1.0451952875695731 0.0
1.3994737291280146 -1.0261237291280147 0.0
1.379570964749536 -1.0062209647495362 0.0
1.358836994434137 -0.9854869944341371 0.0
1.337271818181818 -0.9639218181818181 0.0
1.3148754359925787 -0.9415254359925787 0.0
1.291647847866419 -0.9182978478664192 0.0
1.2675890538033394 -0.8942390538033393 0.0
1.2426990538033393 -0.8693490538033395 0.0
1.2169778478664193 -0.8436278478664192 0.0
1.1904254359925788 -0.8170754359925788 0.0
1.163041818181818 -0.7896918181818181 0.0
1.1348269944341371 -0.7614769944341371 0.0
1.105780964749536 -0.7324309647495362 0.0
1.0759037291280147 -0.7025537291280148 0.0
1.0451952875695731 -0.6718452875695733 0.0
1.0136556400742114 -0.6403056400742114 0.0
0.9812847866419293 -0.6079347866419293 0.0
0.9480827272727271 -0.5747327272727272 0.0
0.9140494619666047 -0.5406994619666048 0.0
0.8791849907235622 -0.5058349907235622 0.0
0.8434893135435992 -0.47013931354359917 0.0
0.8069624304267162 -0.43361243042671627 0.0
0.7696043413729128 -0.3962543413729128 0.0
0.7314150463821893 -0.3580650463821894 0.0
0.6923945454545455 -0.3190445454545454 0.0
0.6525428385899814 -0.27919283858998134 0.0
0.6118599257884971 -0.23850992578849706 0.0
0.5703458070500929 -0.19699580705009279 0.0
0.5280004823747682 -0.15465048237476808 0.0
0.4848239517625232 -0.11147395176252317 0.0
0.4408162152133581 -0.06746621521335805 0.0
0.39597727272727273 -0.022627272727272718 0.0
0.39597727272727273 0.02262727272727273 0.0
0.4408162152133581 0.06746621521335806 0.0
0.4848239517625232 0.11147395176252319 0.0
0.528000482374768 0.15465048237476808 0.0
0.5703458070500929 0.19699580705009276 0.0
0.6118599257884971 0.23850992578849717 0.0
0.6525428385899814 0.2791928385899814 0.0
0.6923945454545455 0.3190445454545454 0.0
0.7314150463821891 0.3580650463821891 0.0
0.7696043413729128 0.39625434137291277 0.0
0.8069624304267162 0.43361243042671616 0.0
0.8434893135435992 0.4701393135435992 0.0
0.8791849907235619 0.5058349907235621 0.0
0.9140494619666046 0.5406994619666047 0.0
0.9480827272727271 0.5747327272727272 0.0
0.9812847866419294 0.6079347866419295 0.0
1.0136556400742114 0.6403056400742114 0.0
1.0451952875695731 0.6718452875695732 0.0
1.0759037291280147 0.7025537291280147 0.0
1.105780964749536 0.7324309647495362 0.0
1.1348269944341371 0.7614769944341373 0.0
1.163041818181818 0.789691818181818 0.0
1.1904254359925786 0.8170754359925786 0.0
1.216977847866419 0.843627847866419 0.0
1.2426990538033393 0.8693490538033394 0.0
1.2675890538033392 0.8942390538033393 0.0
1.291647847866419 0.9182978478664192 0.0
1.3148754359925787 0.9415254359925787 0.0
1.3372718181818182 0.9639218181818181 0.0
1.3588369944341372 0.9854869944341373 0.0
1.379570964749536 1.0062209647495362 0.0
1.3994737291280148 1.0261237291280147 0.0
1.418545287569573 1.0451952875695731 0.0
1.4367856400742112 1.0634356400742113 0.0
1.4541947866419291 1.0808447866419293 0.0
1.470772727272727 1.097422727272727 0.0
1.4865194619666047 1.1131694619666048 0.0
1.501434990723562 1.128084990723562 0.0
1.5155193135435991 1.1421693135435993 0.0
1.528772430426716 1.1554224304267162 0.0
1.5411943413729128 1.1678443413729127 0.0
1.5527850463821888 1.179435046382189 0.0
1.5635445454545451 1.1901945454545453 0.0
1.573472838589981 1.2001228385899811 0.0
1.5825699257884969 1.209219925788497 0.0
1.5908358070500925 1.2174858070500927 0.0
1.5982704823747678 1.224920482374768 0.0
1.604873951762523 1.2315239517625232 0.0
1.6106462152133578 1.237296215213358 0.0
1.6155872727272724 1.2422372727272726 0.0

CELLS 200 700
4 0 101 102 1
4 1 102 103 2
4 2 103 104 3
4 3 104 105 4
4 4 105 106 5
4 5 106 107 6
4 6 107 108 7
4 7 108 109 8
4 8 109 110 9
4 9 110 111 10
4 10 111 112 11
4 11 112 113 12
4 12 113 114 13
4 13 114 115 14
4 14 115 116 15
4 15 116 117 16
4 16 117 118 17
4 17 118 119 18
4 18 119 120 19
4 19 120 121 20
4 20 121 122 21
4 21 122 123 22
4 22 123 124 23
4 23 124 125 24
4 24 125 126 25
4 25 126 127 26
4 26 127 128 27
4 27 128 129 28
4 28 129 130 29
4 29 130 131 30
4 30 131 132 31
4 31 132 133 32
4 32 133 134 33
4 33 134 135 34
4 34 135 136 35
4 35 136 137 36
4 36 137 138 37
4 37 138 139 38
4 38 139 140 39
4 39 140 141 40
4 40 141 142 41
4 41 142 143 42
4 42 143 144 43
4 43 144 145 44
4 44 145 146 45
4 45 146 147 46
4 46 147 148 47
4 47 148 149 48
4 48 149 150 49
4 49 150 151 50
4 50 151 152 51
4 51 152 153 52
4 52 153 154 53
4 53 154 155 54
4 54 155 156 55
4 55 156 157 56
4 56 157 158 57
4 57 158 159 58
4 58 159 160 59
4 59 160 161 60
4 60 161 162 61
4 61 162 163 62
4 62 163 164 63
4 63 164 165 64
4 64 165 166 65
4 65 166 167 66
4 66 167 168 67
4 67 168 169 68
4 68 169 170 69
4 69 170 171 70
4 70 171 172 71
4 71 172 173 72
4 72 173 174 73
4 73 174 175 74
4 74 175 176 75
4 75 176 177 76
4 76 177 178 77
4 77 178 179 78
4 78 179 180 79
4 79 180 181 80
4 80 181 182 81
4 81 182 183 82
4 82 183 184 83
4 83 184 185 84
4 84 185 186 85
4 85 186 187 86
4 86 187 188 87
4 87 188 189 88
4 88 189 190 89
4 89 190 191 90
4 90 191 192 91
4 91 192 193 92
4 92 193 194 93
4 93 194 195 94
4 94 195 196 95
4 95 196 197 96
4 96 197 198 97
4 97 198 199 98
4 98 199 200 99
4 99 200 201 100
1 202
1 203
1 204
1 205
1 206
1 207
1 208
1 209
1 210
1 211
1 212
1 213
1 214
1 215
1 216
1 217
1 218
1 219
1 220
1 221
1 222
1 223
1 224
1 225
1 226
1 227
1 228
1 229
1 230
1 231
1 232
1 233
1 234
1 235
1 236
1 237
1 238
1 239
1 240
1 241
1 242
1 243
1 244
1 245
1 246
1 247
1 248
1 249
1 250
1 251
1 252
1 253
1 254
1 255
1 256
1 257
1 258
1 259
1 260
1 261
1 262
1 263
1 264
1 265
1 266
1 267
1 268
1 269
1 270
1 271
1 272
1 273
1 274
1 275
1 276
1 277
1 278
1 279
1 280
1 281
1 282
1 283
1 284
1 285
1 286
1 287
1 288
1 289
1 290
1 291
1 292
1 293
1 294
1 295
1 296
1 297
1 298
1 299
1 300
1 301

CELL_TYPES 200
9
9
9
9
9
9
9
9
9
9
9
9
9
9
9
9
9
9
9
9
9
9
9
9
9
9
9
9
9
9
9
9
9
9
9
9
9
9
9
9
9
9
9
9
9
9
9
9
9
9
9
9
9
9
9
9
9
9
9
9
9
9
9
9
9
9
9
9
9
9
9
9
9
9
9
9
9
9
9
9
9
9
9
9
9
9
9
9
9
9
9
9
9
9
9
9
9
9
9
9
1
1
1
1
1
1
1
1
1
1
1
1
1
1
1
1
1
1
1
1
1
1
1
1
1
1
1
1
1
1
1
1
1
1
1
1
1
1
1
1
1
1
1
1
1
1
1
1
1
1
1
1
1
1
1
1
1
1
1
1
1
1
1
1
1
1
1
1
1
1
1
1
1
1
1
1
1
1
1
1
1
1
1
1
1
1
1
1
1
1
1
1
1
1
1
1
1
1
1
1

CELL_DATA 200

VECTORS Vinf float
8.793598208186552 0.8076863288879395 4.092550553541333
8.797898802516386 0.8235793113708495 4.113874651651532
8.796109888312742 0.816857099533081 4.1047814564515654
8.79692378973715 0.8199875354766846 4.109047956924588
8.796690199134275 0.8191160559654236 4.107861913900525
8.799904677627012 0.8316668868064879 4.125049270849377
8.79278377032034 0.8050981163978577 4.089254893522412
8.787764999625608 0.7879446148872375 4.067079164247662
8.78398821091406 0.7754696607589722 4.05137924120918
8.77721092438452 0.7532643675804138 4.024143733244092
8.772253665683195 0.7369012832641602 4.004618980150372
8.766027722117826 0.7158793807029724 3.9801574127484862
8.77032295202963 0.7304207682609558 3.9970042334605758
8.776267382857725 0.7501096129417419 4.020328380327374
8.774241242167875 0.7434818744659424 4.012419916849286
8.775855872390196 0.7487453818321228 4.018689923148305
8.773332867381498 0.7404455542564392 4.008814759712369
8.773205671069547 0.7400012016296387 4.008283145885617
8.772059712169096 0.7361538410186768 4.003727056245953
8.780025515315458 0.7623840570449829 4.03519844279781
8.781599614379331 0.767522931098938 4.041499830942303
8.780543122050688 0.7640331387519836 4.037201188664586
8.779513392207548 0.7606343030929565 4.033036984663159
8.775356683490202 0.7470237612724304 4.016620211463124
8.779002640006468 0.7589845061302185 4.0310460703183715
8.77818587755911 0.7562903761863708 4.027768843035847
8.777390811202451 0.7536631226539612 4.024584345679433
8.77406892513983 0.7427459359169006 4.011512406330258
8.773296627757475 0.7401665449142456 4.008444927792699
8.777940783259794 0.7555539011955261 4.026909224848897
8.777121755835935 0.7528423070907593 4.023625649671704
8.782748672721311 0.771221399307251 4.046073652963788
8.786362025496885 0.7831584811210632 4.0610200242806975
8.785705361125395 0.7809547185897827 4.0582313911725585
8.785056862590238 0.7787892818450928 4.055501856069714
8.784417841193601 0.7766631841659546 4.052832819681317
8.783788892981931 0.7745773792266846 4.050223596553952
8.779404375312254 0.7602285742759705 4.032557003359944
8.778797957656309 0.7582308053970337 4.030121423463971
8.778202030417845 0.756271243095398 4.027741201381833
8.77761820292227 0.7543516159057617 4.025415621857793
8.773474368808195 0.7407509088516235 4.009152256112248
8.765954229590818 0.7154868245124817 3.9797198550511905
8.765419695136472 0.7136231660842896 3.977576114397198
8.764377984759733 0.710049569606781 3.9735165016461913
8.763951930758878 0.7085344791412354 3.9717811720182006
8.763537201640531 0.7070478200912476 3.9700786249448368
8.763131174800321 0.7055892944335938 3.9684122578908507
8.77120653128378 0.7332059741020203 4.000271253447682
8.765981766936704 0.7158522009849548 3.9801901655007907
8.756354365107939 0.681213915348053 3.9410459177304813
8.7635455462908 0.7070861458778381 3.970127411346585
8.763201150653288 0.7058385014533997 3.9687007443715636
8.763607296702787 0.7072914838790894 3.9703604655076568
8.764021370170042 0.7087737321853638 3.972057797174603
8.76444658970587 0.7102842330932617 3.973788000803143
8.75949439739935 0.6925652027130127 3.9536880032826964
8.767409178969785 0.7204633355140686 3.985443644385487
8.767924937961027 0.7222369313240051 3.987500049333722
8.772361371276304 0.7371081113815308 4.004877530198247
8.77289191221945 0.7388818264007568 4.006977208118588
8.773435327765867 0.7406952381134033 4.00912819073692
8.773990366218015 0.7425479292869568 4.011333130459935
8.77455821966879 0.7444391846656799 4.013588674526364
8.775139126536772 0.7463678121566772 4.015895061354787
8.780060086009428 0.7624478936195374 4.035310007791669
8.780681166407987 0.7644957304000854 4.03782432542339
8.781313631293699 0.7665845155715942 4.040397204618603
8.782858464476988 0.7715807557106018 4.046522386531979
8.77722552752249 0.7531835436820984 4.024037890296132
8.778042409179136 0.7558849453926086 4.0273101703931395
8.77337870335333 0.740433931350708 4.008762888770253
8.774148676154539 0.7430052757263184 4.011822126965672
8.777464899775907 0.7538998126983643 4.024872966270596
8.778257462737486 0.7565202713012695 4.028050191860348
8.779071423766538 0.7592068314552307 4.031319879155308
8.772792789695188 0.7385959625244141 4.006615959267766
8.77640810942404 0.750510573387146 4.020810820322186
8.777394804713651 0.7537790536880493 4.024756826620251
8.77841154074423 0.7571401596069336 4.0288348125030105
8.776838991401121 0.7520068287849426 4.022637345056683
8.769257995841429 0.7268147468566895 3.992809139351994
8.770336959121153 0.7304948568344116 3.9971176760007445
8.768200967070982 0.7233483791351318 3.988806910972744
8.773068103549406 0.7396054267883301 4.007829718451649
8.77148250078909 0.7343899607658386 4.001690976481587
8.771389219520017 0.7340744733810425 4.0013222621490065
8.765783819911405 0.7150585651397705 3.979223974208981
8.764974984881803 0.7122556567192078 3.9759970085431644
8.770367178676054 0.730647087097168 3.9972853289653365
8.777287277934477 0.7535198926925659 4.024454958896786
8.782187673804685 0.7695835828781128 4.04408548043266
8.784094128367826 0.7757955193519592 4.051787503223569
8.789470348117277 0.7936853170394897 4.074441768388898
8.794827613589689 0.8123824000358582 4.098906107406766
8.793882224318907 0.808876097202301 4.09420732424751
8.797255728003904 0.8212230801582336 4.1107251422216
8.793260726687834 0.8065611720085144 4.091113664369733
8.793746742961332 0.8082783222198486 4.093385584812314
8.790336403605863 0.7963179349899292 4.077731944780499
8.793598208186552 0.8076863288879395 4.092550553541333
8.797898802516386 0.8235793113708495 4.113874651651532
8.796109888312742 0.816857099533081 4.1047814564515654
8.79692378973715 0.8199875354766846 4.109047956924588
8.796690199134275 0.8191160559654236 4.107861913900525
8.799904677627012 0.8316668868064879 4.125049270849377
8.79278377032034 0.8050981163978577 4.089254893522412
8.787764999625608 0.7879446148872375 4.067079164247662
8.78398821091406 0.7754696607589722 4.05137924120918
8.77721092438452 0.7532643675804138 4.024143733244092
8.772253665683195 0.7369012832641602 4.004618980150372
8.766027722117826 0.7158793807029724 3.9801574127484862
8.77032295202963 0.7304207682609558 3.9970042334605758
8.776267382857725 0.7501096129417419 4.020328380327374
8.774241242167875 0.7434818744659424 4.012419916849286
8.775855872390196 0.7487453818321228 4.018689923148305
8.773332867381498 0.7404455542564392 4.008814759712369
8.773205671069547 0.7400012016296387 4.008283145885617
8.772059712169096 0.7361538410186768 4.003727056245953
8.780025515315458 0.7623840570449829 4.03519844279781
8.781599614379331 0.767522931098938 4.041499830942303
8.780543122050688 0.7640331387519836 4.037201188664586
8.779513392207548 0.7606343030929565 4.033036984663159
8.775356683490202 0.7470237612724304 4.016620211463124
8.779002640006468 0.7589845061302185 4.0310460703183715
8.77818587755911 0.7562903761863708 4.027768843035847
8.777390811202451 0.7536631226539612 4.024584345679433
8.77406892513983 0.7427459359169006 4.011512406330258
8.773296627757475 0.7401665449142456 4.008444927792699
8.777940783259794 0.7555539011955261 4.026909224848897
8.777121755835935 0.7528423070907593 4.023625649671704
8.782748672721311 0.771221399307251 4.046073652963788
8.786362025496885 0.7831584811210632 4.0610200242806975
8.785705361125395 0.7809547185897827 4.0582313911725585
8.785056862590238 0.7787892818450928 4.055501856069714
8.784417841193601 0.7766631841659546 4.052832819681317
8.783788892981931 0.7745773792266846 4.050223596553952
8.779404375312254 0.7602285742759705 4.032557003359944
8.778797957656309 0.7582308053970337 4.030121423463971
8.778202030417845 0.756271243095398 4.027741201381833
8.77761820292227 0.7543516159057617 4.025415621857793
8.773474368808195 0.7407509088516235 4.009152256112248
8.765954229590818 0.7154868245124817 3.9797198550511905
8.765419695136472 0.7136231660842896 3.977576114397198
8.764377984759733 0.710049569606781 3.9735165016461913
8.763951930758878 0.7085344791412354 3.9717811720182006
8.763537201640531 0.7070478200912476 3.9700786249448368
8.763131174800321 0.7055892944335938 3.9684122578908507
8.77120653128378 0.7332059741020203 4.000271253447682
8.765981766936704 0.7158522009849548 3.9801901655007907
8.756354365107939 0.681213915348053 3.9410459177304813
8.7635455462908 0.7070861458778381 3.970127411346585
8.763201150653288 0.7058385014533997 3.9687007443715636
8.763607296702787 0.7072914838790894 3.9703604655076568
8.764021370170042 0.7087737321853638 3.972057797174603
8.76444658970587 0.7102842330932617 3.973788000803143
8.75949439739935 0.6925652027130127 3.9536880032826964
8.767409178969785 0.7204633355140686 3.985443644385487
8.767924937961027 0.7222369313240051 3.987500049333722
8.772361371276304 0.7371081113815308 4.004877530198247
8.77289191221945 0.7388818264007568 4.006977208118588
8.773435327765867 0.7406952381134033 4.00912819073692
8.773990366218015 0.7425479292869568 4.011333130459935
8.77455821966879 0.7444391846656799 4.013588674526364
8.775139126536772 0.7463678121566772 4.015895061354787
8.780060086009428 0.7624478936195374 4.035310007791669
8.780681166407987 0.7644957304000854 4.03782432542339
8.781313631293699 0.7665845155715942 4.040397204618603
8.782858464476988 0.7715807557106018 4.046522386531979
8.77722552752249 0.7531835436820984 4.024037890296132
8.778042409179136 0.7558849453926086 4.0273101703931395
8.77337870335333 0.740433931350708 4.008762888770253
8.774148676154539 0.7430052757263184 4.011822126965672
8.777464899775907 0.7538998126983643 4.024872966270596
8.778257462737486 0.7565202713012695 4.028050191860348
8.779071423766538 0.7592068314552307 4.031319879155308
8.772792789695188 0.7385959625244141 4.006615959267766
8.77640810942404 0.750510573387146 4.020810820322186
8.777394804713651 0.7537790536880493 4.024756826620251
8.77841154074423 0.7571401596069336 4.0288348125030105
8.776838991401121 0.7520068287849426 4.022637345056683
8.769257995841429 0.7268147468566895 3.992809139351994
8.770336959121153 0.7304948568344116 3.9971176760007445
8.768200967070982 0.7233483791351318 3.988806910972744
8.773068103549406 0.7396054267883301 4.007829718451649
8.77148250078909 0.7343899607658386 4.001690976481587
8.771389219520017 0.7340744733810425 4.0013222621490065
8.765783819911405 0.7150585651397705 3.979223974208981
8.764974984881803 0.7122556567192078 3.9759970085431644
8.770367178676054 0.730647087097168 3.9972853289653365
8.777287277934477 0.7535198926925659 4.024454958896786
8.782187673804685 0.7695835828781128 4.04408548043266
8.784094128367826 0.7757955193519592 4.051787503223569
8.789470348117277 0.7936853170394897 4.074441768388898
8.794827613589689 0.8123824000358582 4.098906107406766
8.793882224318907 0.808876097202301 4.09420732424751
8.797255728003904 0.8212230801582336 4.1107251422216
8.793260726687834 0.8065611720085144 4.091113664369733
8.793746742961332 0.8082783222198486 4.093385584812314
8.790336403605863 0.7963179349899292 4.077731944780499

VECTORS L float
-0.014551343976864674 0.0 0.031205457861101373
-0.023442484816928948 0.0 0.05027257092384438
-0.03232759939127998 0.0 0.0693267606180605
-0.04173692156165933 0.0 0.08950511712974304
-0.051797715482317486 0.0 0.11108055931841493
-0.06250950109438548 0.0 0.13405205769450948
-0.07391342565876362 0.0 0.15850785284378735
-0.08596642064387651 0.0 0.18435558400222896
-0.09862990672354796 0.0 0.21151251753786085
-0.11189087750944418 0.0 0.23995076116089037
-0.12569490467490155 0.0 0.26955359294811565
-0.1400331311495554 0.0 0.3003020188508442
-0.15475118050018802 0.0 0.3318649775396771
-0.16977596295975883 0.0 0.3640857275033773
-0.18514500664164177 0.0 0.39704474804078893
-0.20071646184119324 0.0 0.4304378414786316
-0.21651751896563468 0.0 0.46432331783336317
-0.23244858302992294 0.0 0.4984875949703106
-0.2485137903970346 0.0 0.5329395433485026
-0.2644592596260879 0.0 0.5671347124609797
-0.2803886185715431 0.0 0.6012953329587891
-0.2962652040750562 0.0 0.6353427804451347
-0.31202561182899896 0.0 0.6691410839435175
-0.3277395886437998 0.0 0.7028398159715846
-0.34313762001827336 0.0 0.7358610008163664
-0.3583525838236894 0.0 0.7684895959923836
-0.37330645039730176 0.0 0.8005582663478719
-0.38806182727771893 0.0 0.8322012741826533
-0.4025234089900351 0.0 0.8632142362462297
-0.41649047611180673 0.0 0.8931667083480905
-0.4301650030931297 0.0 0.9224918260942322
-0.4432092379224356 0.0 0.9504652779584304
-0.4556448648524424 0.0 0.9771335659707052
-0.46752660497570553 0.0 1.0026140398927392
-0.4787497125666009 0.0 1.0266820717910374
-0.48925445297080655 0.0 1.049209560286013
-0.49896055550209995 0.0 1.070024364335547
-0.5079725432077775 0.0 1.0893506343379198
-0.5160610075332066 0.0 1.106696402060097
-0.5231850433945321 0.0 1.1219739462666678
-0.5292266224395518 0.0 1.134930154339518
-0.5342120231355495 0.0 1.1456213806335982
-0.5382126709850269 0.0 1.1542007976333242
-0.5408753948763928 0.0 1.1599110274457645
-0.5420936819656689 0.0 1.1625236525398845
-0.5414807371803633 0.0 1.1612091882059064
-0.5382519505527487 0.0 1.1542850329381382
-0.5302222782294512 0.0 1.1370653450714028
-0.508053750304213 0.0 1.0895247835182198
-0.3844873956267941 0.0 0.8245358807703566
-0.32591186036701275 0.0 0.6989202400332037
-0.44897709411707226 0.0 0.962834485484333
-0.47084394465281887 0.0 1.0097280977879897
-0.47891629859258317 0.0 1.0270393166766167
-0.4822244015120751 0.0 1.0341335662812248
-0.48300463766830526 0.0 1.0358067881178925
-0.48212451369446685 0.0 1.0339193561650897
-0.47962553223057 0.0 1.0285602731215375
-0.47628035459848733 0.0 1.0213865165392026
-0.47177831099987344 0.0 1.0117318528855395
-0.4664204530193942 0.0 1.0002418893672944
-0.460115328779743 0.0 0.9867205068006896
-0.45296242841556844 0.0 0.9713810624680023
-0.44503834999396447 0.0 0.9543878214542121
-0.4364100444680778 0.0 0.9358843605416768
-0.427077541927539 0.0 0.9158707442578186
-0.4172857188906304 0.0 0.894872111990763
-0.40689168760586086 0.0 0.872582039968582
-0.39594906411057845 0.0 0.8491155081544184
-0.38462348650007805 0.0 0.8248277285899321
-0.3726505118007019 0.0 0.7991516014880341
-0.36040095006041956 0.0 0.7728823315627895
-0.34766185603631655 0.0 0.7455632562670786
-0.33463859072922364 0.0 0.7176347736883859
-0.3214335547305562 0.0 0.6893164826036656
-0.30798239344632083 0.0 0.6604703741407327
-0.29438706639893886 0.0 0.6313151012010313
-0.2804191593347415 0.0 0.6013608278368257
-0.2664184622970337 0.0 0.5713362361475036
-0.25231749360037536 0.0 0.5410966111916312
-0.23817133654977315 0.0 0.5107600794979996
-0.22400793696488852 0.0 0.48038657107027233
-0.20971459517716726 0.0 0.4497344006892957
-0.19554590567081115 0.0 0.41934954798836377
-0.1814311890141182 0.0 0.38908044043705425
-0.16755660238159736 0.0 0.3593262933844039
-0.15384752780704886 0.0 0.329927088085503
-0.14040902690283763 0.0 0.30110812989514807
-0.12721666502109222 0.0 0.2728170185418785
-0.11437313221004004 0.0 0.24527397354478556
-0.10197322528075735 0.0 0.2186822873212644
-0.09005769068958157 0.0 0.19312934092891693
-0.07864809481806356 0.0 0.16866138362222927
-0.06775768303002855 0.0 0.1453068201755893
-0.05744067236615499 0.0 0.12318191940794156
-0.04772137933555927 0.0 0.1023388282413687
-0.03857717258255704 0.0 0.08272901357698517
-0.030005955340649735 0.0 0.0643479788845241
-0.021870006455446723 0.0 0.04690038019529422
-0.0136762992942926 0.0 0.02932891848357047
-0.014551343976864674 0.0 0.031205457861101373
-0.023442484816928948 0.0 0.05027257092384438
-0.03232759939127998 0.0 0.0693267606180605
-0.04173692156165933 0.0 0.08950511712974304
-0.051797715482317486 0.0 0.11108055931841493
-0.06250950109438548 0.0 0.13405205769450948
-0.07391342565876362 0.0 0.15850785284378735
-0.08596642064387651 0.0 0.18435558400222896
-0.09862990672354796 0.0 0.21151251753786085
-0.11189087750944418 0.0 0.23995076116089037
-0.12569490467490155 0.0 0.26955359294811565
-0.1400331311495554 0.0 0.3003020188508442
-0.15475118050018802 0.0 0.3318649775396771
-0.16977596295975883 0.0 0.3640857275033773
-0.18514500664164177 0.0 0.39704474804078893
-0.20071646184119324 0.0 0.4304378414786316
-0.21651751896563468 0.0 0.46432331783336317
-0.23244858302992294 0.0 0.4984875949703106
-0.2485137903970346 0.0 0.5329395433485026
-0.2644592596260879 0.0 0.5671347124609797
-0.2803886185715431 0.0 0.6012953329587891
-0.2962652040750562 0.0 0.6353427804451347
-0.31202561182899896 0.0 0.6691410839435175
-0.3277395886437998 0.0 0.7028398159715846
-0.34313762001827336 0.0 0.7358610008163664
-0.3583525838236894 0.0 0.7684895959923836
-0.37330645039730176 0.0 0.8005582663478719
-0.38806182727771893 0.0 0.8322012741826533
-0.4025234089900351 0.0 0.8632142362462297
-0.41649047611180673 0.0 0.8931667083480905
-0.4301650030931297 0.0 0.9224918260942322
-0.4432092379224356 0.0 0.9504652779584304
-0.4556448648524424 0.0 0.9771335659707052
-0.46752660497570553 0.0 1.0026140398927392
-0.4787497125666009 0.0 1.0266820717910374
-0.48925445297080655 0.0 1.049209560286013
-0.49896055550209995 0.0 1.070024364335547
-0.5079725432077775 0.0 1.0893506343379198
-0.5160610075332066 0.0 1.106696402060097
-0.5231850433945321 0.0 1.1219739462666678
-0.5292266224395518 0.0 1.134930154339518
-0.5342120231355495 0.0 1.1456213806335982
-0.5382126709850269 0.0 1.1542007976333242
-0.5408753948763928 0.0 1.1599110274457645
-0.5420936819656689 0.0 1.1625236525398845
-0.5414807371803633 0.0 1.1612091882059064
-0.5382519505527487 0.0 1.1542850329381382
-0.5302222782294512 0.0 1.1370653450714028
-0.508053750304213 0.0 1.0895247835182198
-0.3844873956267941 0.0 0.8245358807703566
-0.32591186036701275 0.0 0.6989202400332037
-0.44897709411707226 0.0 0.962834485484333
-0.47084394465281887 0.0 1.0097280977879897
-0.47891629859258317 0.0 1.0270393166766167
-0.4822244015120751 0.0 1.0341335662812248
-0.48300463766830526 0.0 1.0358067881178925
-0.48212451369446685 0.0 1.0339193561650897
-0.47962553223057 0.0 1.0285602731215375
-0.47628035459848733 0.0 1.0213865165392026
-0.47177831099987344 0.0 1.0117318528855395
-0.4664204530193942 0.0 1.0002418893672944
-0.460115328779743 0.0 0.9867205068006896
-0.45296242841556844 0.0 0.9713810624680023
-0.44503834999396447 0.0 0.9543878214542121
-0.4364100444680778 0.0 0.9358843605416768
-0.427077541927539 0.0 0.9158707442578186
-0.4172857188906304 0.0 0.894872111990763
-0.40689168760586086 0.0 0.872582039968582
-0.39594906411057845 0.0 0.8491155081544184
-0.38462348650007805 0.0 0.8248277285899321
-0.3726505118007019 0.0 0.7991516014880341
-0.36040095006041956 0.0 0.7728823315627895
-0.34766185603631655 0.0 0.7455632562670786
-0.33463859072922364 0.0 0.7176347736883859
-0.3214335547305562 0.0 0.6893164826036656
-0.30798239344632083 0.0 0.6604703741407327
-0.29438706639893886 0.0 0.6313151012010313
-0.2804191593347415 0.0 0.6013608278368257
-0.2664184622970337 0.0 0.5713362361475036
-0.25231749360037536 0.0 0.5410966111916312
-0.23817133654977315 0.0 0.5107600794979996
-0.22400793696488852 0.0 0.48038657107027233
-0.20971459517716726 0.0 0.4497344006892957
-0.19554590567081115 0.0 0.41934954798836377
-0.1814311890141182 0.0 0.38908044043705425
-0.16755660238159736 0.0 0.3593262933844039
-0.15384752780704886 0.0 0.329927088085503
-0.14040902690283763 0.0 0.30110812989514807
-0.12721666502109222 0.0 0.2728170185418785
-0.11437313221004004 0.0 0.24527397354478556
-0.10197322528075735 0.0 0.2186822873212644
-0.09005769068958157 0.0 0.19312934092891693
-0.07864809481806356 0.0 0.16866138362222927
-0.06775768303002855 0.0 0.1453068201755893
-0.05744067236615499 0.0 0.12318191940794156
-0.04772137933555927 0.0 0.1023388282413687
-0.03857717258255704 0.0 0.08272901357698517
-0.030005955340649735 0.0 0.0643479788845241
-0.021870006455446723 0.0 0.04690038019529422
-0.0136762992942926 0.0 0.02932891848357047

SCALARS Gamma float
LOOKUP_TABLE default
0.45018034746480295
0.6929693471063646
0.8923492149506811
1.072624565251442
1.241789259673722
1.4034991152610443
1.5587944398632059
1.7092470723409527
1.8553595071214586
1.9971372314238813
2.1348981278187784
2.268560666115844
2.398694518326403
2.524353617526297
2.6443553165043756
2.7590675922686962
2.86776475559921
2.9707634098319677
3.067828102885911
3.1595918445040425
3.2444052111903057
3.3223169585828365
3.3936749560862394
3.4584959391992367
3.5180749387827492
3.571249522821173
3.6185002835898965
3.6598916373362096
3.6964240432508877
3.7286287357047403
3.7552069160560797
3.7775171601243716
3.794264550876812
3.8047838872357485
3.809701383912331
3.809155784597897
3.803128185195374
3.791162764705497
3.7745252803412237
3.7526179743744725
3.7250967609848424
3.691196978564618
3.6512409572354807
3.6073525709112135
3.5584358263166473
3.5046316234393715
3.4463030457563195
3.384792493071854
3.3240570155094327
3.2671652020656725
3.2638150211361214
3.318999247528374
3.3803465865998414
3.441262191014095
3.498664360380567
3.5511609731324616
3.5977100797378836
3.641513103132049
3.678962271284789
3.711537872884445
3.7380150824697185
3.7590808640919593
3.7749880151538004
3.7859186415222807
3.7920479043408273
3.793875225000679
3.7899304231015845
3.7806027639948327
3.765855643758592
3.7446957434526302
3.7189621862377447
3.687387743762134
3.651311246847203
3.610217327964331
3.5631096070924317
3.5098979021471566
3.4499028554964877
3.3848856662105558
3.3134758348559914
3.235588286613665
3.150867981866662
3.059268069529823
2.9623300940364414
2.8593472926577794
2.7510906837967095
2.6366840295713483
2.5168621686975348
2.391647203728695
2.2622164531509323
2.1289926129679912
1.991733487069072
1.8501882525969684
1.7042815094539303
1.554166208047154
1.399181021650974
1.2380970571203285
1.0695922273743665
0.8897183661437701
0.6908499579780021
0.4488096639757699
0.45018034746480295
0.6929693471063646
0.8923492149506811
1.072624565251442
1.241789259673722
1.4034991152610443
1.5587944398632059
1.7092470723409527
1.8553595071214586
1.9971372314238813
2.1348981278187784
2.268560666115844
2.398694518326403
2.524353617526297
2.6443553165043756
2.7590675922686962
2.86776475559921
2.9707634098319677
3.067828102885911
3.1595918445040425
3.2444052111903057
3.3223169585828365
3.3936749560862394
3.4584959391992367
3.5180749387827492
3.571249522821173
3.6185002835898965
3.6598916373362096
3.6964240432508877
3.7286287357047403
3.7552069160560797
3.7775171601243716
3.794264550876812
3.8047838872357485
3.809701383912331
3.809155784597897
3.803128185195374
3.791162764705497
3.7745252803412237
3.7526179743744725
3.7250967609848424
3.691196978564618
3.6512409572354807
3.6073525709112135
3.5584358263166473
3.5046316234393715
3.4463030457563195
3.384792493071854
3.3240570155094327
3.2671652020656725
3.2638150211361214
3.318999247528374
3.3803465865998414
3.441262191014095
3.498664360380567
3.5511609731324616
3.5977100797378836
3.641513103132049
3.678962271284789
3.711537872884445
3.7380150824697185
3.7590808640919593
3.7749880151538004
3.7859186415222807
3.7920479043408273
3.793875225000679
3.7899304231015845
3.7806027639948327
3.765855643758592
3.7446957434526302
3.7189621862377447
3.687387743762134
3.651311246847203
3.610217327964331
3.5631096070924317
3.5098979021471566
3.4499028554964877
3.3848856662105558
3.3134758348559914
3.235588286613665
3.150867981866662
3.059268069529823
2.9623300940364414
2.8593472926577794
2.7510906837967095
2.6366840295713483
2.5168621686975348
2.391647203728695
2.2622164531509323
2.1289926129679912
1.991733487069072
1.8501882525969684
1.7042815094539303
1.554166208047154
1.399181021650974
1.2380970571203285
1.0695922273743665
0.8897183661437701
0.6908499579780021
0.4488096639757699

VECTORS Vvpm float
-0.2694796621799469 0.8076863288879395 -0.13363206386566162
-0.2651790678501129 0.8235793113708495 -0.11230796575546265
-0.2669679820537567 0.816857099533081 -0.12140116095542906
-0.26615408062934875 0.8199875354766846 -0.11713466048240662
-0.2663876712322235 0.8191160559654236 -0.11832070350646974
-0.2631731927394867 0.8316668868064879 -0.10113334655761719
-0.27029410004615784 0.8050981163978577 -0.13692772388458252
-0.2753128707408905 0.7879446148872375 -0.15910345315933228
-0.27908965945243835 0.7754696607589722 -0.17480337619781494
-0.28586694598197937 0.7532643675804138 -0.20203888416290283
-0.29082420468330383 0.7369012832641602 -0.22156363725662231
-0.2970501482486725 0.7158793807029724 -0.2460252046585083
-0.2927549183368683 0.7304207682609558 -0.22917838394641873
-0.2868104875087738 0.7501096129417419 -0.2058542370796204
-0.28883662819862366 0.7434818744659424 -0.21376270055770874
-0.2872219979763031 0.7487453818321228 -0.20749269425868988
-0.2897450029850006 0.7404455542564392 -0.21736785769462585
-0.2898721992969513 0.7400012016296387 -0.21789947152137754
-0.29101815819740295 0.7361538410186768 -0.22245556116104126
-0.28305235505104065 0.7623840570449829 -0.19098417460918427
-0.28147825598716736 0.767522931098938 -0.18468278646469116
-0.28253474831581116 0.7640331387519836 -0.18898142874240875
-0.2835644781589508 0.7606343030929565 -0.19314563274383545
-0.287721186876297 0.7470237612724304 -0.20956240594387054
-0.28407523036003113 0.7589845061302185 -0.19513654708862305
-0.2848919928073883 0.7562903761863708 -0.19841377437114716
-0.28568705916404724 0.7536631226539612 -0.20159827172756195
-0.2890089452266693 0.7427459359169006 -0.21467021107673645
-0.28978124260902405 0.7401665449142456 -0.21773768961429596
-0.2851370871067047 0.7555539011955261 -0.19927339255809784
-0.28595611453056335 0.7528423070907593 -0.20255696773529053
-0.2803291976451874 0.771221399307251 -0.1801089644432068
-0.27671584486961365 0.7831584811210632 -0.165162593126297
-0.2773725092411041 0.7809547185897827 -0.16795122623443604
-0.2780210077762604 0.7787892818450928 -0.17068076133728027
-0.27866002917289734 0.7766631841659546 -0.1733497977256775
-0.27928897738456726 0.7745773792266846 -0.1759590208530426
-0.283673495054245 0.7602285742759705 -0.19362561404705048
-0.2842799127101898 0.7582308053970337 -0.19606119394302368
-0.2848758399486542 0.756271243095398 -0.19844141602516174
-0.2854596674442291 0.7543516159057617 -0.20076699554920197
-0.28960350155830383 0.7407509088516235 -0.2170303612947464
-0.29712364077568054 0.7154868245124817 -0.24646276235580444
-0.29765817523002625 0.7136231660842896 -0.24860650300979611
-0.29869988560676575 0.710049569606781 -0.2526661157608032
-0.29912593960762024 0.7085344791412354 -0.25440144538879395
-0.2995406687259674 0.7070478200912476 -0.2561039924621582
-0.29994669556617737 0.7055892944335938 -0.2577703595161438
-0.2918713390827179 0.7332059741020203 -0.22591136395931244
-0.2970961034297943 0.7158522009849548 -0.2459924519062042
-0.3067235052585602 0.681213915348053 -0.28513669967651367
-0.29953232407569885 0.7070861458778381 -0.25605520606040955
-0.29987671971321106 0.7058385014533997 -0.2574818730354309
-0.29947057366371155 0.7072914838790894 -0.25582215189933777
-0.2990565001964569 0.7087737321853638 -0.25412482023239136
-0.2986312806606293 0.7102842330932617 -0.2523946166038513
-0.3035834729671478 0.6925652027130127 -0.2724946141242981
-0.29566869139671326 0.7204633355140686 -0.24073897302150724
-0.2951529324054718 0.7222369313240051 -0.2386825680732727
-0.2907164990901947 0.7371081113815308 -0.22130508720874786
-0.29018595814704895 0.7388818264007568 -0.21920540928840634
-0.2896425426006317 0.7406952381134033 -0.2170544266700745
-0.2890875041484833 0.7425479292869568 -0.21484948694705963
-0.28851965069770813 0.7444391846656799 -0.2125939428806305
-0.2879387438297272 0.7463678121566772 -0.21028755605220795
-0.2830177843570709 0.7624478936195374 -0.19087260961532593
-0.28239670395851135 0.7644957304000854 -0.18835829198360443
-0.2817642390727997 0.7665845155715942 -0.1857854127883911
-0.2802194058895111 0.7715807557106018 -0.17966023087501526
-0.2858523428440094 0.7531835436820984 -0.20214472711086273
-0.28503546118736267 0.7558849453926086 -0.19887244701385498
-0.28969916701316833 0.740433931350708 -0.21741972863674167
-0.28892919421195984 0.7430052757263184 -0.21436049044132233
-0.28561297059059143 0.7538998126983643 -0.20130965113639832
-0.28482040762901306 0.7565202713012695 -0.19813242554664612
-0.2840064465999603 0.7592068314552307 -0.1948627382516861
-0.2902850806713104 0.7385959625244141 -0.21956665813922885
-0.2866697609424591 0.750510573387146 -0.20537179708480835
-0.2856830656528473 0.7537790536880493 -0.20142579078674316
-0.2846663296222687 0.7571401596069336 -0.19734780490398407
-0.2862388789653778 0.7520068287849426 -0.20354527235031128
-0.2938198745250702 0.7268147468566895 -0.2333734780550003
-0.29274091124534607 0.7304948568344116 -0.22906494140625
-0.29487690329551697 0.7233483791351318 -0.23737570643424988
-0.2900097668170929 0.7396054267883301 -0.21835289895534515
-0.29159536957740784 0.7343899607658386 -0.2244916409254074
-0.2916886508464813 0.7340744733810425 -0.22486035525798798
-0.2972940504550934 0.7150585651397705 -0.2469586431980133
-0.29810288548469543 0.7122556567192078 -0.25018560886383057
-0.29271069169044495 0.730647087097168 -0.22889728844165802
-0.2857905924320221 0.7535198926925659 -0.20172765851020813
-0.28089019656181335 0.7695835828781128 -0.18209713697433472
-0.2789837419986725 0.7757955193519592 -0.1743951141834259
-0.2736075222492218 0.7936853170394897 -0.15174084901809692
-0.2682502567768097 0.8123824000358582 -0.12727651000022888
-0.26919564604759216 0.808876097202301 -0.13197529315948486
-0.2658221423625946 0.8212230801582336 -0.11545747518539427
-0.26981714367866516 0.8065611720085144 -0.13506895303726196
-0.2693311274051666 0.8082783222198486 -0.1327970325946808
-0.2727414667606354 0.7963179349899292 -0.14845067262649536
-0.2694796621799469 0.8076863288879395 -0.13363206386566162
-0.2651790678501129 0.8235793113708495 -0.11230796575546265
-0.2669679820537567 0.816857099533081 -0.12140116095542906
-0.26615408062934875 0.8199875354766846 -0.11713466048240662
-0.2663876712322235 0.8191160559654236 -0.11832070350646974
-0.2631731927394867 0.8316668868064879 -0.10113334655761719
-0.27029410004615784 0.8050981163978577 -0.13692772388458252
-0.2753128707408905 0.7879446148872375 -0.15910345315933228
-0.27908965945243835 0.7754696607589722 -0.17480337619781494
-0.28586694598197937 0.7532643675804138 -0.20203888416290283
-0.29082420468330383 0.7369012832641602 -0.22156363725662231
-0.2970501482486725 0.7158793807029724 -0.2460252046585083
-0.2927549183368683 0.7304207682609558 -0.22917838394641873
-0.2868104875087738 0.7501096129417419 -0.2058542370796204
-0.28883662819862366 0.7434818744659424 -0.21376270055770874
-0.2872219979763031 0.7487453818321228 -0.20749269425868988
-0.2897450029850006 0.7404455542564392 -0.21736785769462585
-0.2898721992969513 0.7400012016296387 -0.21789947152137754
-0.29101815819740295 0.7361538410186768 -0.22245556116104126
-0.28305235505104065 0.7623840570449829 -0.19098417460918427
-0.28147825598716736 0.767522931098938 -0.18468278646469116
-0.28253474831581116 0.7640331387519836 -0.18898142874240875
-0.2835644781589508 0.7606343030929565 -0.19314563274383545
-0.287721186876297 0.7470237612724304 -0.20956240594387054
-0.28407523036003113 0.7589845061302185 -0.19513654708862305
-0.2848919928073883 0.7562903761863708 -0.19841377437114716
-0.28568705916404724 0.7536631226539612 -0.20159827172756195
-0.2890089452266693 0.7427459359169006 -0.21467021107673645
-0.28978124260902405 0.7401665449142456 -0.21773768961429596
-0.2851370871067047 0.7555539011955261 -0.19927339255809784
-0.28595611453056335 0.7528423070907593 -0.20255696773529053
-0.2803291976451874 0.771221399307251 -0.1801089644432068
-0.27671584486961365 0.7831584811210632 -0.165162593126297
-0.2773725092411041 0.7809547185897827 -0.16795122623443604
-0.2780210077762604 0.7787892818450928 -0.17068076133728027
-0.27866002917289734 0.7766631841659546 -0.1733497977256775
-0.27928897738456726 0.7745773792266846 -0.1759590208530426
-0.283673495054245 0.7602285742759705 -0.19362561404705048
-0.2842799127101898 0.7582308053970337 -0.19606119394302368
-0.2848758399486542 0.756271243095398 -0.19844141602516174
-0.2854596674442291 0.7543516159057617 -0.20076699554920197
-0.28960350155830383 0.7407509088516235 -0.2170303612947464
-0.29712364077568054 0.7154868245124817 -0.24646276235580444
-0.29765817523002625 0.7136231660842896 -0.24860650300979611
-0.29869988560676575 0.710049569606781 -0.2526661157608032
-0.29912593960762024 0.7085344791412354 -0.25440144538879395
-0.2995406687259674 0.7070478200912476 -0.2561039924621582
-0.29994669556617737 0.7055892944335938 -0.2577703595161438
-0.2918713390827179 0.7332059741020203 -0.22591136395931244
-0.2970961034297943 0.7158522009849548 -0.2459924519062042
-0.3067235052585602 0.681213915348053 -0.28513669967651367
-0.29953232407569885 0.7070861458778381 -0.25605520606040955
-0.29987671971321106 0.7058385014533997 -0.2574818730354309
-0.29947057366371155 0.7072914838790894 -0.25582215189933777
-0.2990565001964569 0.7087737321853638 -0.25412482023239136
-0.2986312806606293 0.7102842330932617 -0.2523946166038513
-0.3035834729671478 0.6925652027130127 -0.2724946141242981
-0.29566869139671326 0.7204633355140686 -0.24073897302150724
-0.2951529324054718 0.7222369313240051 -0.2386825680732727
-0.2907164990901947 0.7371081113815308 -0.22130508720874786
-0.29018595814704895 0.7388818264007568 -0.21920540928840634
-0.2896425426006317 0.7406952381134033 -0.2170544266700745
-0.2890875041484833 0.7425479292869568 -0.21484948694705963
-0.28851965069770813 0.7444391846656799 -0.2125939428806305
-0.2879387438297272 0.7463678121566772 -0.21028755605220795
-0.2830177843570709 0.7624478936195374 -0.19087260961532593
-0.28239670395851135 0.7644957304000854 -0.18835829198360443
-0.2817642390727997 0.7665845155715942 -0.1857854127883911
-0.2802194058895111 0.7715807557106018 -0.17966023087501526
-0.2858523428440094 0.7531835436820984 -0.20214472711086273
-0.28503546118736267 0.7558849453926086 -0.19887244701385498
-0.28969916701316833 0.740433931350708 -0.21741972863674167
-0.28892919421195984 0.7430052757263184 -0.21436049044132233
-0.28561297059059143 0.7538998126983643 -0.20130965113639832
-0.28482040762901306 0.7565202713012695 -0.19813242554664612
-0.2840064465999603 0.7592068314552307 -0.1948627382516861
-0.2902850806713104 0.7385959625244141 -0.21956665813922885
-0.2866697609424591 0.750510573387146 -0.20537179708480835
-0.2856830656528473 0.7537790536880493 -0.20142579078674316
-0.2846663296222687 0.7571401596069336 -0.19734780490398407
-0.2862388789653778 0.7520068287849426 -0.20354527235031128
-0.2938198745250702 0.7268147468566895 -0.2333734780550003
-0.29274091124534607 0.7304948568344116 -0.22906494140625
-0.29487690329551697 0.7233483791351318 -0.23737570643424988
-0.2900097668170929 0.7396054267883301 -0.21835289895534515
-0.29159536957740784 0.7343899607658386 -0.2244916409254074
-0.2916886508464813 0.7340744733810425 -0.22486035525798798
-0.2972940504550934 0.7150585651397705 -0.2469586431980133
-0.29810288548469543 0.7122556567192078 -0.25018560886383057
-0.29271069169044495 0.730647087097168 -0.22889728844165802
-0.2857905924320221 0.7535198926925659 -0.20172765851020813
-0.28089019656181335 0.7695835828781128 -0.18209713697433472
-0.2789837419986725 0.7757955193519592 -0.1743951141834259
-0.2736075222492218 0.7936853170394897 -0.15174084901809692
-0.2682502567768097 0.8123824000358582 -0.12727651000022888
-0.26919564604759216 0.808876097202301 -0.13197529315948486
-0.2658221423625946 0.8212230801582336 -0.11545747518539427
-0.26981714367866516 0.8065611720085144 -0.13506895303726196
-0.2693311274051666 0.8082783222198486 -0.1327970325946808
-0.2727414667606354 0.7963179349899292 -0.14845067262649536

VECTORS Vvpm_BBp float
-0.30068716406822205 0.7034946084022522 -0.2601003646850586
-0.3044767677783966 0.6897139549255371 -0.2756638526916504
-0.30818477272987366 0.675684928894043 -0.29131197929382324
-0.3116311728954315 0.661715030670166 -0.3067777156829834
-0.31374332308769226 0.6529422998428345 -0.3163999319076538
-0.3163156807422638 0.6412886381149292 -0.329170286655426
-0.31754419207572937 0.635417103767395 -0.3355872929096222
-0.3208165466785431 0.6188892126083374 -0.35356542468070984
-0.32212838530540466 0.6115090250968933 -0.3615892827510834
-0.32278862595558167 0.6076239943504333 -0.36580777168273926
-0.3218976557254791 0.6126582622528076 -0.3603498339653015
-0.32284989953041077 0.6074028611183167 -0.3660314083099365
-0.3224315345287323 0.609738826751709 -0.36350107192993164
-0.32164040207862854 0.6141476035118103 -0.3587145507335663
-0.320916086435318 0.6180481314659119 -0.35448652505874634
-0.3212098777294159 0.6163561344146729 -0.3563307225704193
-0.3226258456707001 0.608633279800415 -0.36468949913978577
-0.32246139645576477 0.6095442175865173 -0.3637004792690277
-0.32267507910728455 0.6082160472869873 -0.3651474118232727
-0.32189980149269104 0.6125631332397461 -0.36043107509613037
-0.3207857310771942 0.6186350584030151 -0.3538442850112915
-0.3210153877735138 0.6173267960548401 -0.35527029633522034
-0.32064303755760193 0.619331955909729 -0.3530883491039276
-0.3208666741847992 0.6180707216262817 -0.35446232557296753
-0.32249876856803894 0.6095221638679504 -0.3636915683746338
-0.32266315817832947 0.6085065603256226 -0.36479759216308594
-0.3223254978656769 0.61039799451828 -0.36274993419647217
-0.32205405831336975 0.6118614077568054 -0.3611644208431244
-0.3222251832485199 0.6108202934265137 -0.36229968070983887
-0.3211999237537384 0.6164828538894653 -0.3561563789844513
-0.32137373089790344 0.6154614090919495 -0.3572711944580078
-0.3207031190395355 0.6191293597221375 -0.35327810049057007
-0.31907907128334045 0.6275528073310852 -0.3441086411476135
-0.31926873326301575 0.626547634601593 -0.34520670771598816
-0.319454163312912 0.6255638003349304 -0.34627968072891235
-0.3196351230144501 0.6246017217636108 -0.34732866287231445
-0.31981077790260315 0.6236602067947388 -0.3483554720878601
-0.31998082995414734 0.6227390170097351 -0.34935927391052246
-0.31913086771965027 0.6271035671234131 -0.3446120023727417
-0.3193260729312897 0.626086950302124 -0.34571975469589233
-0.32459452748298645 0.5969857573509216 -0.37724244594573975
-0.3242371380329132 0.5991785526275635 -0.37486177682876587
-0.32432469725608826 0.5986023545265198 -0.3754875957965851
-0.3244076073169708 0.5980368256568909 -0.37610363960266113
-0.32448717951774597 0.5974828004837036 -0.3767075836658478
-0.3245640695095062 0.5969403386116028 -0.37729912996292114
-0.32463791966438293 0.5964087247848511 -0.37787938117980957
-0.3235394060611725 0.6031755805015564 -0.370538592338562
-0.32456615567207336 0.5970239043235779 -0.3772099018096924
-0.32957741618156433 0.5601019859313965 -0.4172056317329407
-0.32456663250923157 0.5970262289047241 -0.3772064745426178
-0.3235417902469635 0.6031840443611145 -0.37052810192108154
-0.3246384561061859 0.5964109301567078 -0.37787631154060364
-0.3245634138584137 0.5969412326812744 -0.377297580242157
-0.3244875371456146 0.5974844694137573 -0.37670475244522095
-0.3244076669216156 0.5980382561683655 -0.37610092759132385
-0.324325829744339 0.5986048579216003 -0.3754836916923523
-0.32423916459083557 0.5991817116737366 -0.37485644221305847
-0.3245972692966461 0.5969871282577515 -0.3772384226322174
-0.31932780146598816 0.6260865926742554 -0.34571561217308044
-0.3191339671611786 0.627104640007019 -0.3446064591407776
-0.31998392939567566 0.6227419376373291 -0.3493518531322479
-0.3198144733905792 0.6236633658409119 -0.3483469486236572
-0.31963911652565 0.6246050596237183 -0.34732022881507874
-0.3194582760334015 0.6255673766136169 -0.3462710976600647
-0.3192727267742157 0.62655109167099 -0.34519824385643005
-0.3190818727016449 0.6275555491447449 -0.34410208463668823
-0.3207043707370758 0.6191338300704956 -0.35327136516571045
-0.3213743269443512 0.6154661774635315 -0.35726502537727356
-0.32119980454444885 0.6164873242378235 -0.35615110397338867
-0.3222246468067169 0.6108206510543823 -0.36229830980300903
-0.32205358147621155 0.611862063407898 -0.3611631393432617
-0.3223249614238739 0.6103967428207397 -0.3627500832080841
-0.32266250252723694 0.6085071563720703 -0.36479616165161133
-0.3224986493587494 0.6095225811004639 -0.363689661026001
-0.32086673378944397 0.618073046207428 -0.3544584810733795
-0.3206431567668915 0.6193342804908752 -0.3530842363834381
-0.3210161030292511 0.6173302531242371 -0.35526514053344727
-0.3207866847515106 0.6186386346817017 -0.3538387417793274
-0.321900874376297 0.612565279006958 -0.3604266047477722
-0.3226763904094696 0.6082189083099365 -0.3651424050331116
-0.32246270775794983 0.6095472574234009 -0.36369553208351135
-0.32262763381004333 0.6086371541023254 -0.36468371748924255
-0.3212111294269562 0.6163614392280579 -0.35632380843162537
-0.3209172785282135 0.6180530786514282 -0.35447990894317627
-0.3216414153575897 0.6141510605812073 -0.3587093949317932
-0.3224327862262726 0.609743058681488 -0.3634951710700989
-0.3228508532047272 0.6074084043502808 -0.366024374961853
-0.32189878821372986 0.6126649379730225 -0.3603416383266449
-0.3227897584438324 0.6076298356056213 -0.36580073833465576
-0.3221302330493927 0.611513614654541 -0.3615829050540924
-0.3208182752132416 0.6188918352127075 -0.3535604476928711
-0.317545622587204 0.635417103767395 -0.33558401465415955
-0.31631746888160706 0.6412853598594666 -0.32916927337646484
-0.31374451518058777 0.6529372930526733 -0.31639987230300903
-0.3116322457790375 0.6617069244384766 -0.30678001046180725
-0.30818554759025574 0.6756758093833923 -0.29131513833999634
-0.30447712540626526 0.6897028684616089 -0.27566826343536377
-0.30068764090538025 0.7034823298454285 -0.26010507345199585
-0.2948968708515167 0.7235844731330872 -0.2370570600032806
-0.30068716406822205 0.7034946084022522 -0.2601003646850586
-0.3044767677783966 0.6897139549255371 -0.2756638526916504
-0.30818477272987366 0.675684928894043 -0.29131197929382324
-0.3116311728954315 0.661715030670166 -0.3067777156829834
-0.31374332308769226 0.6529422998428345 -0.3163999319076538
-0.3163156807422638 0.6412886381149292 -0.329170286655426
-0.31754419207572937 0.635417103767395 -0.3355872929096222
-0.3208165466785431 0.6188892126083374 -0.35356542468070984
-0.32212838530540466 0.6115090250968933 -0.3615892827510834
-0.32278862595558167 0.6076239943504333 -0.36580777168273926
-0.3218976557254791 0.6126582622528076 -0.3603498339653015
-0.32284989953041077 0.6074028611183167 -0.3660314083099365
-0.3224315345287323 0.609738826751709 -0.36350107192993164
-0.32164040207862854 0.6141476035118103 -0.3587145507335663
-0.320916086435318 0.6180481314659119 -0.35448652505874634
-0.3212098777294159 0.6163561344146729 -0.3563307225704193
-0.3226258456707001 0.608633279800415 -0.36468949913978577
-0.32246139645576477 0.6095442175865173 -0.3637004792690277
-0.32267507910728455 0.6082160472869873 -0.3651474118232727
-0.32189980149269104 0.6125631332397461 -0.36043107509613037
-0.3207857310771942 0.6186350584030151 -0.3538442850112915
-0.3210153877735138 0.6173267960548401 -0.35527029633522034
-0.32064303755760193 0.619331955909729 -0.3530883491039276
-0.3208666741847992 0.6180707216262817 -0.35446232557296753
-0.32249876856803894 0.6095221638679504 -0.3636915683746338
-0.32266315817832947 0.6085065603256226 -0.36479759216308594
-0.3223254978656769 0.61039799451828 -0.36274993419647217
-0.32205405831336975 0.6118614077568054 -0.3611644208431244
-0.3222251832485199 0.6108202934265137 -0.36229968070983887
-0.3211999237537384 0.6164828538894653 -0.3561563789844513
-0.32137373089790344 0.6154614090919495 -0.3572711944580078
-0.3207031190395355 0.6191293597221375 -0.35327810049057007
-0.31907907128334045 0.6275528073310852 -0.3441086411476135
-0.31926873326301575 0.626547634601593 -0.34520670771598816
-0.319454163312912 0.6255638003349304 -0.34627968072891235
-0.3196351230144501 0.6246017217636108 -0.34732866287231445
-0.31981077790260315 0.6236602067947388 -0.3483554720878601
-0.31998082995414734 0.6227390170097351 -0.34935927391052246
-0.31913086771965027 0.6271035671234131 -0.3446120023727417
-0.3193260729312897 0.626086950302124 -0.34571975469589233
-0.32459452748298645 0.5969857573509216 -0.37724244594573975
-0.3242371380329132 0.5991785526275635 -0.37486177682876587
-0.32432469725608826 0.5986023545265198 -0.3754875957965851
-0.3244076073169708 0.5980368256568909 -0.37610363960266113
-0.32448717951774597 0.5974828004837036 -0.3767075836658478
-0.3245640695095062 0.5969403386116028 -0.37729912996292114
-0.32463791966438293 0.5964087247848511 -0.37787938117980957
-0.3235394060611725 0.6031755805015564 -0.370538592338562
-0.32456615567207336 0.5970239043235779 -0.3772099018096924
-0.32957741618156433 0.5601019859313965 -0.4172056317329407
-0.32456663250923157 0.5970262289047241 -0.3772064745426178
-0.3235417902469635 0.6031840443611145 -0.37052810192108154
-0.3246384561061859 0.5964109301567078 -0.37787631154060364
-0.3245634138584137 0.5969412326812744 -0.377297580242157
-0.3244875371456146 0.5974844694137573 -0.37670475244522095
-0.3244076669216156 0.5980382561683655 -0.37610092759132385
-0.324325829744339 0.5986048579216003 -0.3754836916923523
-0.32423916459083557 0.5991817116737366 -0.37485644221305847
-0.3245972692966461 0.5969871282577515 -0.3772384226322174
-0.31932780146598816 0.6260865926742554 -0.34571561217308044
-0.3191339671611786 0.627104640007019 -0.3446064591407776
-0.31998392939567566 0.6227419376373291 -0.3493518531322479
-0.3198144733905792 0.6236633658409119 -0.3483469486236572
-0.31963911652565 0.6246050596237183 -0.34732022881507874
-0.3194582760334015 0.6255673766136169 -0.3462710976600647
-0.3192727267742157 0.62655109167099 -0.34519824385643005
-0.3190818727016449 0.6275555491447449 -0.34410208463668823
-0.3207043707370758 0.6191338300704956 -0.35327136516571045
-0.3213743269443512 0.6154661774635315 -0.35726502537727356
-0.32119980454444885 0.6164873242378235 -0.35615110397338867
-0.3222246468067169 0.6108206510543823 -0.36229830980300903
-0.32205358147621155 0.611862063407898 -0.3611631393432617
-0.3223249614238739 0.6103967428207397 -0.3627500832080841
-0.32266250252723694 0.6085071563720703 -0.36479616165161133
-0.3224986493587494 0.6095225811004639 -0.363689661026001
-0.32086673378944397 0.618073046207428 -0.3544584810733795
-0.3206431567668915 0.6193342804908752 -0.3530842363834381
-0.3210161030292511 0.6173302531242371 -0.35526514053344727
-0.3207866847515106 0.6186386346817017 -0.3538387417793274
-0.321900874376297 0.612565279006958 -0.3604266047477722
-0.3226763904094696 0.6082189083099365 -0.3651424050331116
-0.32246270775794983 0.6095472574234009 -0.36369553208351135
-0.32262763381004333 0.6086371541023254 -0.36468371748924255
-0.3212111294269562 0.6163614392280579 -0.35632380843162537
-0.3209172785282135 0.6180530786514282 -0.35447990894317627
-0.3216414153575897 0.6141510605812073 -0.3587093949317932
-0.3224327862262726 0.609743058681488 -0.3634951710700989
-0.3228508532047272 0.6074084043502808 -0.366024374961853
-0.32189878821372986 0.6126649379730225 -0.3603416383266449
-0.3227897584438324 0.6076298356056213 -0.36580073833465576
-0.3221302330493927 0.611513614654541 -0.3615829050540924
-0.3208182752132416 0.6188918352127075 -0.3535604476928711
-0.317545622587204 0.635417103767395 -0.33558401465415955
-0.31631746888160706 0.6412853598594666 -0.32916927337646484
-0.31374451518058777 0.6529372930526733 -0.31639987230300903
-0.3116322457790375 0.6617069244384766 -0.30678001046180725
-0.30818554759025574 0.6756758093833923 -0.29131513833999634
-0.30447712540626526 0.6897028684616089 -0.27566826343536377
-0.30068764090538025 0.7034823298454285 -0.26010507345199585
-0.2948968708515167 0.7235844731330872 -0.2370570600032806

VECTORS ftot float
-5.874294643094209 -9.920824117733805 5.655698519568558
-7.873814049954414 -11.920334663514302 7.754152166146193
-8.926276129718769 -12.972807483689763 9.477426438143507
-9.626472333865404 -13.673023511204178 11.035570101196171
-10.141362414450338 -14.187934470802352 12.497684870807433
-10.515289105101147 -14.561877391194907 13.895351585362128
-10.8263492132578 -14.87299677580223 15.237571166355682
-11.065911722071789 -15.112559573500297 16.53793153171149
-11.241295865092376 -15.287957193307607 17.800786426484592
-11.376353951562912 -15.423006571961583 19.026190227654972
-11.46493032687069 -15.511562763615503 20.216871382168513
-11.526956161577349 -15.573592468762065 21.37213279373147
-11.509873439043812 -15.556504355281682 22.49690655707336
-11.428050557856018 -15.474677375810348 23.583004598793934
-11.339230001408254 -15.385846275720676 24.620188150114565
-11.206198585611247 -15.252809693166007 25.611673318106003
-11.070917631795234 -15.117541606112281 26.551152954543987
-10.912764154069897 -14.95938264335845 27.441397302906818
-10.753764710427427 -14.800377414811265 28.280354431226094
-10.525831291791784 -14.572442073782883 29.073494483408712
-10.306732550239067 -14.353327823876224 29.80653767809693
-10.099747042883525 -14.146339672695268 30.47995080543843
-9.895562163197432 -13.94215340594574 31.0967206495302
-9.722931377301666 -13.76953351870334 31.656977444239566
-9.505264780744284 -13.551869400608616 32.17194387767688
-9.30793015970303 -13.354634786047026 32.63137996246989
-9.113977633795137 -13.160677886778505 33.03978855351211
-8.945389231087683 -12.992084553951738 33.39755286211917
-8.771888333424236 -12.818579001461144 33.71332222493228
-8.552747689547402 -12.599422302021182 33.99164156500144
-8.36090095335542 -12.407570569199525 34.22137088323417
-8.115158337820954 -12.161822763607663 34.41421225841308
-7.854090684275405 -11.900764090645291 34.55896773911263
-7.60884082471699 -11.65551389426413 34.649896036035614
-7.3574892434812815 -11.404162031447374 34.6924103023362
-7.095680366093418 -11.142352534745038 34.68770466515953
-6.818915859407907 -10.865640339623642 34.635564208303585
-6.560242960644285 -10.60696317092063 34.532159365626896
-6.267097249869482 -10.31381360981588 34.38837272821316
-5.952519341545299 -9.999241526784667 34.19904332609346
-5.613261631259548 -9.659988702259646 33.96119398529956
-5.275643711936951 -9.322367139341177 33.66820629455866
-4.951184483514402 -8.997905518988532 33.322875682427586
-4.557553578618228 -8.604271977544013 32.94355628583584
-4.109170698881049 -8.155886324122791 32.520777080721885
-3.5605801688968763 -7.607293051140865 32.055753037112346
-2.8134426459244146 -6.860150727031412 31.551623792636665
-1.5783854193329638 -5.625090482124129 31.0199927545693
1.364032467864075 -2.6826923256339623 30.49500573665623
16.773033231651784 12.726218402018041 30.003150125972034
16.66607375911277 -12.619262932090106 26.573948119474395
1.3009602512941663 2.7457538913598505 26.993586565593827
-1.5863881350383302 5.6330825213619695 27.459981344706968
-2.825912235769329 6.872610203302525 27.923006870565175
-3.5750606220744743 7.621763216790647 28.35931951146115
-4.127936424753425 8.174641861728473 28.758349846175747
-4.605055991117536 8.651764464810363 29.112170270769266
-4.94920317414885 8.995914321224557 29.445116323148472
-5.319770304877962 9.366484376083626 29.729763010495873
-5.6414850188082655 9.68820236519046 29.977362586070825
-5.9712505687307 10.017963635210323 30.178618321469628
-6.277399601076743 10.324106904692805 30.338744078982153
-6.563741461289102 10.610453028718174 30.45964058529606
-6.832194100890312 10.878909937220575 30.542710481956735
-7.083535286145834 11.13019235715335 30.589366049083598
-7.302725953041423 11.349383912535785 30.603246104005574
-7.548485371304047 11.595144012542926 30.573248829049508
-7.783345073818959 11.83000431491372 30.502337250351783
-8.00970827821727 12.056364204421072 30.390225341613583
-8.267051229510738 12.313712252659835 30.229360936636443
-8.467253592558432 12.51391985591053 30.033732635623434
-8.693811596614124 12.740491513534238 29.793722362568822
-8.874404060675637 12.921088970161723 29.519471061398992
-9.049988474386339 13.09667857702658 29.207081760308196
-9.250910380474403 13.297604631328436 28.848980668966544
-9.455926860069933 13.502524425407358 28.444754846616473
-9.691438911811982 13.738037482464218 27.988688908259324
-9.863210148566123 13.90979369920155 27.49447187748708
-10.06370440600395 14.11028954939758 26.95164647389443
-10.267507535199462 14.314095585454435 26.359581274811696
-10.483029207566783 14.529631015087945 25.71557902801748
-10.706330882983288 14.75293720218674 25.019273646885434
-10.86448349066885 14.911096276384685 24.282394619864693
-11.027696054162604 15.074314343325208 23.499567642510545
-11.146341612662733 15.192946222469573 22.676679132477936
-11.27916799980946 15.325777819343841 21.807018507496622
-11.372869012772423 15.419490414746498 20.89620382946252
-11.445781914082785 15.492409052851409 19.94438635042128
-11.448852862759008 15.495487543716116 18.960524397181587
-11.393034785316598 15.43966441482419 17.947844413393916
-11.301463045197774 15.348109823884508 16.904483509356456
-11.175957025096956 15.222611073710517 15.82854639797408
-11.00434624696359 15.050983528464542 14.7194837903242
-10.761288762206906 14.80792384819583 13.57842905707621
-10.452238945409484 14.498816649235575 12.400384912001957
-10.068546481281851 14.115105391662434 11.175947707025554
-9.55180118359532 13.598339421687776 9.895089408801326
-8.862066996033608 12.908584215329943 8.527808343139206
-7.8129135215738055 11.85941993188778 7.0161309775609775
-5.819777712298814 9.866290607282643 5.176291464407338
-5.874294643094209 -9.920824117733805 5.655698519568558
-7.873814049954414 -11.920334663514302 7.754152166146193
-8.926276129718769 -12.972807483689763 9.477426438143507
-9.626472333865404 -13.673023511204178 11.035570101196171
-10.141362414450338 -14.187934470802352 12.497684870807433
-10.515289105101147 -14.561877391194907 13.895351585362128
-10.8263492132578 -14.87299677580223 15.237571166355682
-11.065911722071789 -15.112559573500297 16.53793153171149
-11.241295865092376 -15.287957193307607 17.800786426484592
-11.376353951562912 -15.423006571961583 19.026190227654972
-11.46493032687069 -15.511562763615503 20.216871382168513
-11.526956161577349 -15.573592468762065 21.37213279373147
-11.509873439043812 -15.556504355281682 22.49690655707336
-11.428050557856018 -15.474677375810348 23.583004598793934
-11.339230001408254 -15.385846275720676 24.620188150114565
-11.206198585611247 -15.252809693166007 25.611673318106003
-11.070917631795234 -15.117541606112281 26.551152954543987
-10.912764154069897 -14.95938264335845 27.441397302906818
-10.753764710427427 -14.800377414811265 28.280354431226094
-10.525831291791784 -14.572442073782883 29.073494483408712
-10.306732550239067 -14.353327823876224 29.80653767809693
-10.099747042883525 -14.146339672695268 30.47995080543843
-9.895562163197432 -13.94215340594574 31.0967206495302
-9.722931377301666 -13.76953351870334 31.656977444239566
-9.505264780744284 -13.551869400608616 32.17194387767688
-9.30793015970303 -13.354634786047026 32.63137996246989
-9.113977633795137 -13.160677886778505 33.03978855351211
-8.945389231087683 -12.992084553951738 33.39755286211917
-8.771888333424236 -12.818579001461144 33.71332222493228
-8.552747689547402 -12.599422302021182 33.99164156500144
-8.36090095335542 -12.407570569199525 34.22137088323417
-8.115158337820954 -12.161822763607663 34.41421225841308
-7.854090684275405 -11.900764090645291 34.55896773911263
-7.60884082471699 -11.65551389426413 34.649896036035614
-7.3574892434812815 -11.404162031447374 34.6924103023362
-7.095680366093418 -11.142352534745038 34.68770466515953
-6.818915859407907 -10.865640339623642 34.635564208303585
-6.560242960644285 -10.60696317092063 34.532159365626896
-6.267097249869482 -10.31381360981588 34.38837272821316
-5.952519341545299 -9.999241526784667 34.19904332609346
-5.613261631259548 -9.659988702259646 33.96119398529956
-5.275643711936951 -9.322367139341177 33.66820629455866
-4.951184483514402 -8.997905518988532 33.322875682427586
-4.557553578618228 -8.604271977544013 32.94355628583584
-4.109170698881049 -8.155886324122791 32.520777080721885
-3.5605801688968763 -7.607293051140865 32.055753037112346
-2.8134426459244146 -6.860150727031412 31.551623792636665
-1.5783854193329638 -5.625090482124129 31.0199927545693
1.364032467864075 -2.6826923256339623 30.49500573665623
16.773033231651784 12.726218402018041 30.003150125972034
16.66607375911277 -12.619262932090106 26.573948119474395
1.3009602512941663 2.7457538913598505 26.993586565593827
-1.5863881350383302 5.6330825213619695 27.459981344706968
-2.825912235769329 6.872610203302525 27.923006870565175
-3.5750606220744743 7.621763216790647 28.35931951146115
-4.127936424753425 8.174641861728473 28.758349846175747
-4.605055991117536 8.651764464810363 29.112170270769266
-4.94920317414885 8.995914321224557 29.445116323148472
-5.319770304877962 9.366484376083626 29.729763010495873
-5.6414850188082655 9.68820236519046 29.977362586070825
-5.9712505687307 10.017963635210323 30.178618321469628
-6.277399601076743 10.324106904692805 30.338744078982153
-6.563741461289102 10.610453028718174 30.45964058529606
-6.832194100890312 10.878909937220575 30.542710481956735
-7.083535286145834 11.13019235715335 30.589366049083598
-7.302725953041423 11.349383912535785 30.603246104005574
-7.548485371304047 11.595144012542926 30.573248829049508
-7.783345073818959 11.83000431491372 30.502337250351783
-8.00970827821727 12.056364204421072 30.390225341613583
-8.267051229510738 12.313712252659835 30.229360936636443
-8.467253592558432 12.51391985591053 30.033732635623434
-8.693811596614124 12.740491513534238 29.793722362568822
-8.874404060675637 12.921088970161723 29.519471061398992
-9.049988474386339 13.09667857702658 29.207081760308196
-9.250910380474403 13.297604631328436 28.848980668966544
-9.455926860069933 13.502524425407358 28.444754846616473
-9.691438911811982 13.738037482464218 27.988688908259324
-9.863210148566123 13.90979369920155 27.49447187748708
-10.06370440600395 14.11028954939758 26.95164647389443
-10.267507535199462 14.314095585454435 26.359581274811696
-10.483029207566783 14.529631015087945 25.71557902801748
-10.706330882983288 14.75293720218674 25.019273646885434
-10.86448349066885 14.911096276384685 24.282394619864693
-11.027696054162604 15.074314343325208 23.499567642510545
-11.146341612662733 15.192946222469573 22.676679132477936
-11.27916799980946 15.325777819343841 21.807018507496622
-11.372869012772423 15.419490414746498 20.89620382946252
-11.445781914082785 15.492409052851409 19.94438635042128
-11.448852862759008 15.495487543716116 18.960524397181587
-11.393034785316598 15.43966441482419 17.947844413393916
-11.301463045197774 15.348109823884508 16.904483509356456
-11.175957025096956 15.222611073710517 15.82854639797408
-11.00434624696359 15.050983528464542 14.7194837903242
-10.761288762206906 14.80792384819583 13.57842905707621
-10.452238945409484 14.498816649235575 12.400384912001957
-10.068546481281851 14.115105391662434 11.175947707025554
-9.55180118359532 13.598339421687776 9.895089408801326
-8.862066996033608 12.908584215329943 8.527808343139206
-7.8129135215738055 11.85941993188778 7.0161309775609775
-5.819777712298814 9.866290607282643 5.176291464407338

VECTORS D float
-0.012032509417065029 -0.0 -0.005610851287999561
-0.018734863750028617 -0.0 -0.008736210441128819
-0.022907004921162585 -0.0 -0.010681711820132353
-0.025831984284845046 -0.0 -0.01204565209736282
-0.027814801742662817 -0.0 -0.01297025506266667
-0.02877881544602501 -0.0 -0.013419782035110824
-0.029074280046441966 -0.0 -0.013557559440998956
-0.028498220504118554 -0.0 -0.01328893846486029
-0.02699272163986676 -0.0 -0.012586912815116024
-0.024697131696760983 -0.0 -0.011516461644662202
-0.02148629792687185 -0.0 -0.010019225268700215
-0.01752560336445248 -0.0 -0.0081723230626312
-0.012141130200942707 -0.0 -0.005661501991356521
-0.00542898550746208 -0.0 -0.0025315775181420693
0.0018765425279720946 0.0 0.0008750461516469284
0.010283437594666678 0.0 0.00479524570255209
0.019181185043224493 0.0 0.008944333478143699
0.028860540883171866 0.0 0.013457891232318466
0.03895344171957454 0.0 0.018164288185332025
0.050591552807558955 0.0 0.023591228512117764
0.06240562318312675 0.0 0.029100220002227128
0.07426489413971549 0.0 0.03463028886941961
0.08628819463504692 0.0 0.04023684596669144
0.09785846409038414 0.0 0.04563215122063205
0.110501995884424 0.0 0.051527926922319056
0.12280979874408936 0.0 0.057267149650843
0.13509615861488838 0.0 0.06299637334944484
0.1468224377235903 0.0 0.06846442709949552
0.1586717485585034 0.0 0.0739898514856745
0.1716216601645754 0.0 0.08002849444001617
0.1838392105567429 0.0 0.08572563175177848
0.19737805626268343 0.0 0.09203889918703746
0.21119379667673222 0.0 0.09848128474518994
0.2243841906825204 0.0 0.10463206648417077
0.23752371226627225 0.0 0.11075912602316715
0.2507142663674975 0.0 0.11690998241587629
0.26405662128589535 0.0 0.12313162469214722
0.2765266847107582 0.0 0.12894651076483932
0.28974810302575893 0.0 0.1351117593767949
0.3032841804467592 0.0 0.1414237359395863
0.3171930063399655 0.0 0.14790952796953294
0.33054633596721406 0.0 0.15413628783658698
0.34295724528437516 0.0 0.1599235898958464
0.3573549728455645 0.0 0.1666373605176583
0.3732128651963127 0.0 0.17403201716300976
0.39218660158353713 0.0 0.18287961574418668
0.4179465331404363 0.0 0.19489166910271735
0.4614170901880514 0.0 0.215162322758284
0.5686486277372029 0.0 0.2651652099131887
1.143543390419181 0.0 0.5332430403849956
1.0801274528475888 0.0 0.5036717030462827
0.506770093059248 0.0 0.23631077531744865
0.4016899011593825 0.0 0.18731107711414452
0.3580776699511647 0.0 0.1669743597125261
0.3323231045433222 0.0 0.15496480863039536
0.3133525774182492 0.0 0.14611870655273668
0.2966912973017131 0.0 0.1383494240397303
0.28444824165190896 0.0 0.1326403934310088
0.27091116481237837 0.0 0.126327950831703
0.2586785933511964 0.0 0.12062380908042561
0.24582761197196254 0.0 0.11463129804848156
0.23343039318166256 0.0 0.10885037998674163
0.2213931425561714 0.0 0.10323731783694406
0.20967699538601395 0.0 0.09777398868742862
0.1982781470615112 0.0 0.09245861841956571
0.18764703586157877 0.0 0.08750124985233984
0.17607197822811252 0.0 0.08210371183426905
0.164642508960079 0.0 0.07677406278593782
0.15331226408570453 0.0 0.07149068283224558
0.14106266005219362 0.0 0.06577859866205307
0.13022942833197776 0.0 0.06072697974834878
0.11871976207319335 0.0 0.055359934229069416
0.10833679561144419 0.0 0.050518277453589264
0.09810077137829282 0.0 0.04574514096461064
0.08733368954546501 0.0 0.04072436824998147
0.07655428517176713 0.0 0.03569784944017667
0.06525052422513437 0.0 0.030426819144808416
0.05541975581838157 0.0 0.025842656551191376
0.045210397605476474 0.0 0.02108195463166609
0.035164090542099596 0.0 0.0163972847118368
0.02517329820174348 0.0 0.01173850173249244
0.015371938939127337 0.0 0.007168052848006102
0.0070272749370377955 0.0 0.0032768721191014094
-0.0010200144557364862 -0.0 -0.00047564055213872633
-0.00798465315289064 -0.0 -0.0037233049129043604
-0.014741119381556686 -0.0 -0.006873896857396959
-0.02051142512368089 -0.0 -0.00956463461484524
-0.025553961442686624 -0.0 -0.011916007916922329
-0.0292744973818863 -0.0 -0.013650922317812042
-0.031885110376633455 -0.0 -0.014868271149741593
-0.03371562063889361 -0.0 -0.01572185210336482
-0.034834769469653304 -0.0 -0.016243719773763276
-0.035179719451827775 -0.0 -0.016404572592131662
-0.03461112276220618 -0.0 -0.016139431601359534
-0.033300275207187556 -0.0 -0.015528173347780592
-0.03131951254987407 -0.0 -0.014604528551687866
-0.028467611057281943 -0.0 -0.01327466504538849
-0.024831331429648423 -0.0 -0.011579040007829968
-0.019981118657780426 -0.0 -0.00931734864862674
-0.012660840207364856 -0.0 -0.005903846747370953
-0.012032509417065029 -0.0 -0.005610851287999561
-0.018734863750028617 -0.0 -0.008736210441128819
-0.022907004921162585 -0.0 -0.010681711820132353
-0.025831984284845046 -0.0 -0.01204565209736282
-0.027814801742662817 -0.0 -0.01297025506266667
-0.02877881544602501 -0.0 -0.013419782035110824
-0.029074280046441966 -0.0 -0.013557559440998956
-0.028498220504118554 -0.0 -0.01328893846486029
-0.02699272163986676 -0.0 -0.012586912815116024
-0.024697131696760983 -0.0 -0.011516461644662202
-0.02148629792687185 -0.0 -0.010019225268700215
-0.01752560336445248 -0.0 -0.0081723230626312
-0.012141130200942707 -0.0 -0.005661501991356521
-0.00542898550746208 -0.0 -0.0025315775181420693
0.0018765425279720946 0.0 0.0008750461516469284
0.010283437594666678 0.0 0.00479524570255209
0.019181185043224493 0.0 0.008944333478143699
0.028860540883171866 0.0 0.013457891232318466
0.03895344171957454 0.0 0.018164288185332025
0.050591552807558955 0.0 0.023591228512117764
0.06240562318312675 0.0 0.029100220002227128
0.07426489413971549 0.0 0.03463028886941961
0.08628819463504692 0.0 0.04023684596669144
0.09785846409038414 0.0 0.04563215122063205
0.110501995884424 0.0 0.051527926922319056
0.12280979874408936 0.0 0.057267149650843
0.13509615861488838 0.0 0.06299637334944484
0.1468224377235903 0.0 0.06846442709949552
0.1586717485585034 0.0 0.0739898514856745
0.1716216601645754 0.0 0.08002849444001617
0.1838392105567429 0.0 0.08572563175177848
0.19737805626268343 0.0 0.09203889918703746
0.21119379667673222 0.0 0.09848128474518994
0.2243841906825204 0.0 0.10463206648417077
0.23752371226627225 0.0 0.11075912602316715
0.2507142663674975 0.0 0.11690998241587629
0.26405662128589535 0.0 0.12313162469214722
0.2765266847107582 0.0 0.12894651076483932
0.28974810302575893 0.0 0.1351117593767949
0.3032841804467592 0.0 0.1414237359395863
0.3171930063399655 0.0 0.14790952796953294
0.33054633596721406 0.0 0.15413628783658698
0.34295724528437516 0.0 0.1599235898958464
0.3573549728455645 0.0 0.1666373605176583
0.3732128651963127 0.0 0.17403201716300976
0.39218660158353713 0.0 0.18287961574418668
0.4179465331404363 0.0 0.19489166910271735
0.4614170901880514 0.0 0.215162322758284
0.5686486277372029 0.0 0.2651652099131887
1.143543390419181 0.0 0.5332430403849956
1.0801274528475888 0.0 0.5036717030462827
0.506770093059248 0.0 0.23631077531744865
0.4016899011593825 0.0 0.18731107711414452
0.3580776699511647 0.0 0.1669743597125261
0.3323231045433222 0.0 0.15496480863039536
0.3133525774182492 0.0 0.14611870655273668
0.2966912973017131 0.0 0.1383494240397303
0.28444824165190896 0.0 0.1326403934310088
0.27091116481237837 0.0 0.126327950831703
0.2586785933511964 0.0 0.12062380908042561
0.24582761197196254 0.0 0.11463129804848156
0.23343039318166256 0.0 0.10885037998674163
0.2213931425561714 0.0 0.10323731783694406
0.20967699538601395 0.0 0.09777398868742862
0.1982781470615112 0.0 0.09245861841956571
0.18764703586157877 0.0 0.08750124985233984
0.17607197822811252 0.0 0.08210371183426905
0.164642508960079 0.0 0.07677406278593782
0.15331226408570453 0.0 0.07149068283224558
0.14106266005219362 0.0 0.06577859866205307
0.13022942833197776 0.0 0.06072697974834878
0.11871976207319335 0.0 0.055359934229069416
0.10833679561144419 0.0 0.050518277453589264
0.09810077137829282 0.0 0.04574514096461064
0.08733368954546501 0.0 0.04072436824998147
0.07655428517176713 0.0 0.03569784944017667
0.06525052422513437 0.0 0.030426819144808416
0.05541975581838157 0.0 0.025842656551191376
0.045210397605476474 0.0 0.02108195463166609
0.035164090542099596 0.0 0.0163972847118368
0.02517329820174348 0.0 0.01173850173249244
0.015371938939127337 0.0 0.007168052848006102
0.0070272749370377955 0.0 0.0032768721191014094
-0.0010200144557364862 -0.0 -0.00047564055213872633
-0.00798465315289064 -0.0 -0.0037233049129043604
-0.014741119381556686 -0.0 -0.006873896857396959
-0.02051142512368089 -0.0 -0.00956463461484524
-0.025553961442686624 -0.0 -0.011916007916922329
-0.0292744973818863 -0.0 -0.013650922317812042
-0.031885110376633455 -0.0 -0.014868271149741593
-0.03371562063889361 -0.0 -0.01572185210336482
-0.034834769469653304 -0.0 -0.016243719773763276
-0.035179719451827775 -0.0 -0.016404572592131662
-0.03461112276220618 -0.0 -0.016139431601359534
-0.033300275207187556 -0.0 -0.015528173347780592
-0.03131951254987407 -0.0 -0.014604528551687866
-0.028467611057281943 -0.0 -0.01327466504538849
-0.024831331429648423 -0.0 -0.011579040007829968
-0.019981118657780426 -0.0 -0.00931734864862674
-0.012660840207364856 -0.0 -0.005903846747370953

VECTORS funs-vector float
0.0 0.0 1.1680842717318934e-8
0.0 0.0 3.3289976351304845e-8
0.0 0.0 6.953574734196041e-8
0.0 0.0 5.7206647661380644e-8
0.0 0.0 1.214429962653247e-8
0.0 0.0 -7.543194287377863e-8
0.0 0.0 8.422407014243373e-9
0.0 0.0 8.91824485775446e-8
0.0 0.0 1.8281463615659797e-9
0.0 0.0 4.747521648534366e-9
0.0 0.0 3.972061273833047e-8
0.0 0.0 3.7246439629515514e-8
0.0 0.0 -1.5648817514540333e-8
0.0 0.0 9.094889980526044e-8
0.0 0.0 2.986678250170951e-7
0.0 0.0 5.089059782066714e-7
0.0 0.0 5.510599743791484e-7
0.0 0.0 4.616805459146568e-7
0.0 0.0 3.759756724135019e-7
0.0 0.0 4.902755496128853e-7
0.0 0.0 1.506596370084233e-7
0.0 0.0 1.9488501576151154e-7
0.0 0.0 1.4856080099434626e-7
0.0 0.0 1.784377058232746e-8
0.0 0.0 -9.351312257876998e-8
0.0 0.0 -3.4768097443495876e-7
0.0 0.0 -9.177448522347158e-8
0.0 0.0 -2.714323970435958e-7
0.0 0.0 -1.749400062387643e-7
0.0 0.0 -3.077126800638491e-7
0.0 0.0 -2.2715265208200275e-7
0.0 0.0 -4.291866740789954e-9
0.0 0.0 -5.66026480958664e-7
0.0 0.0 -3.264120125705136e-7
0.0 0.0 -5.130916956762701e-7
0.0 0.0 -1.1116381802945733e-7
0.0 0.0 -2.1672269021812762e-7
0.0 0.0 -6.354372310759324e-7
0.0 0.0 -1.0008832201823352e-6
0.0 0.0 -1.3737299220586219e-6
0.0 0.0 -1.0387167547905438e-6
0.0 0.0 -1.096817591417221e-6
0.0 0.0 -1.0939574482646015e-6
0.0 0.0 -1.1118839996594365e-6
0.0 0.0 -1.3553540835108506e-6
0.0 0.0 -1.505975814356217e-6
0.0 0.0 -1.7692002355250804e-6
0.0 0.0 -2.062098273954276e-6
0.0 0.0 -2.1955270067440912e-6
0.0 0.0 -2.1981117144646726e-6
0.0 0.0 -1.5783169932216303e-6
0.0 0.0 -1.4987923261277174e-6
0.0 0.0 -1.2366072907484111e-6
0.0 0.0 -1.178391353949916e-6
0.0 0.0 -1.0368824208936451e-6
0.0 0.0 -1.0159567771304203e-6
0.0 0.0 -1.1725987996349183e-6
0.0 0.0 -1.176616011894732e-6
0.0 0.0 -1.1517869344340237e-6
0.0 0.0 -1.0648333201856988e-6
0.0 0.0 -1.4589016462774786e-6
0.0 0.0 -1.6454220153667103e-6
0.0 0.0 -1.459574045141339e-6
0.0 0.0 -1.5483315361951677e-6
0.0 0.0 -1.3025113903805427e-6
0.0 0.0 -1.154967507814449e-6
0.0 0.0 -1.0572278180182537e-6
0.0 0.0 -1.1686988501806317e-6
0.0 0.0 -1.0734323122495555e-6
0.0 0.0 -1.253603008551223e-6
0.0 0.0 -1.0804790138959936e-6
0.0 0.0 -1.0527372292689177e-6
0.0 0.0 -8.179908493585488e-7
0.0 0.0 -6.470044979778322e-7
0.0 0.0 -4.3040688007584514e-7
0.0 0.0 -3.265728884891609e-7
0.0 0.0 -4.211047917640993e-7
0.0 0.0 -4.437628252741311e-7
0.0 0.0 -5.649920812412679e-7
0.0 0.0 -6.517083464400871e-7
0.0 0.0 -5.909452476451159e-7
0.0 0.0 -6.501421791230399e-7
0.0 0.0 -5.16970499378741e-7
0.0 0.0 -5.003431501842733e-7
0.0 0.0 -4.3640680693422195e-7
0.0 0.0 -4.4969180573223815e-7
0.0 0.0 -4.592114790243201e-7
0.0 0.0 -5.0755655484574e-7
0.0 0.0 -4.236417413236187e-7
0.0 0.0 -3.9371683804099393e-7
0.0 0.0 -3.536031065529891e-7
0.0 0.0 -3.357916553299717e-7
0.0 0.0 -3.2825367539275757e-7
0.0 0.0 -3.100555032114534e-7
0.0 0.0 -3.2666041508119564e-7
0.0 0.0 -3.19512940711258e-7
0.0 0.0 -2.602714649862554e-7
0.0 0.0 -1.9970726841930552e-7
0.0 0.0 -1.4457128246063313e-7
0.0 0.0 -9.14647855636149e-8
0.0 0.0 1.1680842717318934e-8
0.0 0.0 3.3289976351304845e-8
0.0 0.0 6.953574734196041e-8
0.0 0.0 5.7206647661380644e-8
0.0 0.0 1.214429962653247e-8
0.0 0.0 -7.543194287377863e-8
0.0 0.0 8.422407014243373e-9
0.0 0.0 8.91824485775446e-8
0.0 0.0 1.8281463615659797e-9
0.0 0.0 4.747521648534366e-9
0.0 0.0 3.972061273833047e-8
0.0 0.0 3.7246439629515514e-8
0.0 0.0 -1.5648817514540333e-8
0.0 0.0 9.094889980526044e-8
0.0 0.0 2.986678250170951e-7
0.0 0.0 5.089059782066714e-7
0.0 0.0 5.510599743791484e-7
0.0 0.0 4.616805459146568e-7
0.0 0.0 3.759756724135019e-7
0.0 0.0 4.902755496128853e-7
0.0 0.0 1.506596370084233e-7
0.0 0.0 1.9488501576151154e-7
0.0 0.0 1.4856080099434626e-7
0.0 0.0 1.784377058232746e-8
0.0 0.0 -9.351312257876998e-8
0.0 0.0 -3.4768097443495876e-7
0.0 0.0 -9.177448522347158e-8
0.0 0.0 -2.714323970435958e-7
0.0 0.0 -1.749400062387643e-7
0.0 0.0 -3.077126800638491e-7
0.0 0.0 -2.2715265208200275e-7
0.0 0.0 -4.291866740789954e-9
0.0 0.0 -5.66026480958664e-7
0.0 0.0 -3.264120125705136e-7
0.0 0.0 -5.130916956762701e-7
0.0 0.0 -1.1116381802945733e-7
0.0 0.0 -2.1672269021812762e-7
0.0 0.0 -6.354372310759324e-7
0.0 0.0 -1.0008832201823352e-6
0.0 0.0 -1.3737299220586219e-6
0.0 0.0 -1.0387167547905438e-6
0.0 0.0 -1.096817591417221e-6
0.0 0.0 -1.0939574482646015e-6
0.0 0.0 -1.1118839996594365e-6
0.0 0.0 -1.3553540835108506e-6
0.0 0.0 -1.505975814356217e-6
0.0 0.0 -1.7692002355250804e-6
0.0 0.0 -2.062098273954276e-6
0.0 0.0 -2.1955270067440912e-6
0.0 0.0 -2.1981117144646726e-6
0.0 0.0 -1.5783169932216303e-6
0.0 0.0 -1.4987923261277174e-6
0.0 0.0 -1.2366072907484111e-6
0.0 0.0 -1.178391353949916e-6
0.0 0.0 -1.0368824208936451e-6
0.0 0.0 -1.0159567771304203e-6
0.0 0.0 -1.1725987996349183e-6
0.0 0.0 -1.176616011894732e-6
0.0 0.0 -1.1517869344340237e-6
0.0 0.0 -1.0648333201856988e-6
0.0 0.0 -1.4589016462774786e-6
0.0 0.0 -1.6454220153667103e-6
0.0 0.0 -1.459574045141339e-6
0.0 0.0 -1.5483315361951677e-6
0.0 0.0 -1.3025113903805427e-6
0.0 0.0 -1.154967507814449e-6
0.0 0.0 -1.0572278180182537e-6
0.0 0.0 -1.1686988501806317e-6
0.0 0.0 -1.0734323122495555e-6
0.0 0.0 -1.253603008551223e-6
0.0 0.0 -1.0804790138959936e-6
0.0 0.0 -1.0527372292689177e-6
0.0 0.0 -8.179908493585488e-7
0.0 0.0 -6.470044979778322e-7
0.0 0.0 -4.3040688007584514e-7
0.0 0.0 -3.265728884891609e-7
0.0 0.0 -4.211047917640993e-7
0.0 0.0 -4.437628252741311e-7
0.0 0.0 -5.649920812412679e-7
0.0 0.0 -6.517083464400871e-7
0.0 0.0 -5.909452476451159e-7
0.0 0.0 -6.501421791230399e-7
0.0 0.0 -5.16970499378741e-7
0.0 0.0 -5.003431501842733e-7
0.0 0.0 -4.3640680693422195e-7
0.0 0.0 -4.4969180573223815e-7
0.0 0.0 -4.592114790243201e-7
0.0 0.0 -5.0755655484574e-7
0.0 0.0 -4.236417413236187e-7
0.0 0.0 -3.9371683804099393e-7
0.0 0.0 -3.536031065529891e-7
0.0 0.0 -3.357916553299717e-7
0.0 0.0 -3.2825367539275757e-7
0.0 0.0 -3.100555032114534e-7
0.0 0.0 -3.2666041508119564e-7
0.0 0.0 -3.19512940711258e-7
0.0 0.0 -2.602714649862554e-7
0.0 0.0 -1.9970726841930552e-7
0.0 0.0 -1.4457128246063313e-7
0.0 0.0 -9.14647855636149e-8

VECTORS S float
-0.0 -0.04489623859825307 0.0
-0.0 -0.06385318562872848 0.0
-0.0 -0.08027399979230458 0.0
-0.0 -0.09597194135337274 0.0
-0.0 -0.11137923400056945 0.0
-0.0 -0.12641870893166102 0.0
-0.0 -0.14148221018263932 0.0
-0.0 -0.1563227460922254 0.0
-0.0 -0.17084448163084556 0.0
-0.0 -0.1851733668456265 0.0
-0.0 -0.19912990281598658 0.0
-0.0 -0.21287107253813503 0.0
-0.0 -0.22556815868001845 0.0
-0.0 -0.23724431725688563 0.0
-0.0 -0.24867124272901786 0.0
-0.0 -0.25919928653199953 0.0
-0.0 -0.269466392731706 0.0
-0.0 -0.2790815764995346 0.0
-0.0 -0.28841734361161936 0.0
-0.0 -0.2960882311971075 0.0
-0.0 -0.303566758678323 0.0
-0.0 -0.3109475691276651 0.0
-0.0 -0.318048196562803 0.0
-0.0 -0.32555571226647206 0.0
-0.0 -0.3316738322300729 0.0
-0.0 -0.3379470856844917 0.0
-0.0 -0.3439781229919938 0.0
-0.0 -0.3503707290833949 0.0
-0.0 -0.3563465077375022 0.0
-0.0 -0.36072683688373025 0.0
-0.0 -0.36554728622669025 0.0
-0.0 -0.36841613393792894 0.0
-0.0 -0.37039991146139495 0.0
-0.0 -0.3724548657757673 0.0
-0.0 -0.3739020612310487 0.0
-0.0 -0.37457984516025533 0.0
-0.0 -0.3743090127786846 0.0
-0.0 -0.37421444782875696 0.0
-0.0 -0.37244501266267815 0.0
-0.0 -0.36939684096722764 0.0
-0.0 -0.36489343817770015 0.0
-0.0 -0.35988903215231394 0.0
-0.0 -0.354842336894159 0.0
-0.0 -0.34647088560737244 0.0
-0.0 -0.3351948227098343 0.0
-0.0 -0.3189716805768996 0.0
-0.0 -0.293346408864048 0.0
-0.0 -0.2452096957003074 0.0
-0.0 -0.11917415200296512 0.0
0.0 0.575919229138598 -0.0
-0.0 -0.5710790079631323 0.0
0.0 0.12197555734771927 -0.0
0.0 0.24555808574234572 -0.0
0.0 0.29387918762735626 -0.0
0.0 0.31957841059564873 -0.0
0.0 0.3359656474678945 -0.0
0.0 0.348383280306867 -0.0
0.0 0.35476381181226024 -0.0
0.0 0.3615921735749963 -0.0
0.0 0.3659591723920697 -0.0
0.0 0.37008848219723184 -0.0
0.0 0.37281671671762917 -0.0
0.0 0.37433757027084136 -0.0
0.0 0.37476613539835923 -0.0
0.0 0.37417104841601073 -0.0
0.0 0.372106080823638 -0.0
0.0 0.37052573108489617 -0.0
0.0 0.3681975810508133 -0.0
0.0 0.3652214948265576 -0.0
0.0 0.3627820669833645 -0.0
0.0 0.35827886536630565 -0.0
0.0 0.3541757364205274 -0.0
0.0 0.3484561191260065 -0.0
0.0 0.34230538526293297 -0.0
0.0 0.3365039032319533 -0.0
0.0 0.33046614371548433 -0.0
0.0 0.3248110454629506 -0.0
0.0 0.3173100074128455 -0.0
0.0 0.3101551593265783 -0.0
0.0 0.30273701357673155 -0.0
0.0 0.29521838038003073 -0.0
0.0 0.28749286853087963 -0.0
0.0 0.2781807481873143 -0.0
0.0 0.26869587759938846 -0.0
0.0 0.25818199403272013 -0.0
0.0 0.24770039605420002 -0.0
0.0 0.23639823868728685 -0.0
0.0 0.22463878155138822 -0.0
0.0 0.211803478198657 -0.0
0.0 0.19820690676294067 -0.0
0.0 0.18427413342167875 -0.0
0.0 0.17011423207637333 -0.0
0.0 0.15568580987989009 -0.0
0.0 0.14086319158406158 -0.0
0.0 0.12587124809480224 -0.0
0.0 0.1108075054614883 -0.0
0.0 0.0954477283252021 -0.0
0.0 0.0798765947866806 -0.0
0.0 0.06352688609303286 -0.0
0.0 0.044649449675502266 -0.0
-0.0 -0.04489623859825307 0.0
-0.0 -0.06385318562872848 0.0
-0.0 -0.08027399979230458 0.0
-0.0 -0.09597194135337274 0.0
-0.0 -0.11137923400056945 0.0
-0.0 -0.12641870893166102 0.0
-0.0 -0.14148221018263932 0.0
-0.0 -0.1563227460922254 0.0
-0.0 -0.17084448163084556 0.0
-0.0 -0.1851733668456265 0.0
-0.0 -0.19912990281598658 0.0
-0.0 -0.21287107253813503 0.0
-0.0 -0.22556815868001845 0.0
-0.0 -0.23724431725688563 0.0
-0.0 -0.24867124272901786 0.0
-0.0 -0.25919928653199953 0.0
-0.0 -0.269466392731706 0.0
-0.0 -0.2790815764995346 0.0
-0.0 -0.28841734361161936 0.0
-0.0 -0.2960882311971075 0.0
-0.0 -0.303566758678323 0.0
-0.0 -0.3109475691276651 0.0
-0.0 -0.318048196562803 0.0
-0.0 -0.32555571226647206 0.0
-0.0 -0.3316738322300729 0.0
-0.0 -0.3379470856844917 0.0
-0.0 -0.3439781229919938 0.0
-0.0 -0.3503707290833949 0.0
-0.0 -0.3563465077375022 0.0
-0.0 -0.36072683688373025 0.0
-0.0 -0.36554728622669025 0.0
-0.0 -0.36841613393792894 0.0
-0.0 -0.37039991146139495 0.0
-0.0 -0.3724548657757673 0.0
-0.0 -0.3739020612310487 0.0
-0.0 -0.37457984516025533 0.0
-0.0 -0.3743090127786846 0.0
-0.0 -0.37421444782875696 0.0
-0.0 -0.37244501266267815 0.0
-0.0 -0.36939684096722764 0.0
-0.0 -0.36489343817770015 0.0
-0.0 -0.35988903215231394 0.0
-0.0 -0.354842336894159 0.0
-0.0 -0.34647088560737244 0.0
-0.0 -0.3351948227098343 0.0
-0.0 -0.3189716805768996 0.0
-0.0 -0.293346408864048 0.0
-0.0 -0.2452096957003074 0.0
-0.0 -0.11917415200296512 0.0
0.0 0.575919229138598 -0.0
-0.0 -0.5710790079631323 0.0
0.0 0.12197555734771927 -0.0
0.0 0.24555808574234572 -0.0
0.0 0.29387918762735626 -0.0
0.0 0.31957841059564873 -0.0
0.0 0.3359656474678945 -0.0
0.0 0.348383280306867 -0.0
0.0 0.35476381181226024 -0.0
0.0 0.3615921735749963 -0.0
0.0 0.3659591723920697 -0.0
0.0 0.37008848219723184 -0.0
0.0 0.37281671671762917 -0.0
0.0 0.37433757027084136 -0.0
0.0 0.37476613539835923 -0.0
0.0 0.37417104841601073 -0.0
0.0 0.372106080823638 -0.0
0.0 0.37052573108489617 -0.0
0.0 0.3681975810508133 -0.0
0.0 0.3652214948265576 -0.0
0.0 0.3627820669833645 -0.0
0.0 0.35827886536630565 -0.0
0.0 0.3541757364205274 -0.0
0.0 0.3484561191260065 -0.0
0.0 0.34230538526293297 -0.0
0.0 0.3365039032319533 -0.0
0.0 0.33046614371548433 -0.0
0.0 0.3248110454629506 -0.0
0.0 0.3173100074128455 -0.0
0.0 0.3101551593265783 -0.0
0.0 0.30273701357673155 -0.0
0.0 0.29521838038003073 -0.0
0.0 0.28749286853087963 -0.0
0.0 0.2781807481873143 -0.0
0.0 0.26869587759938846 -0.0
0.0 0.25818199403272013 -0.0
0.0 0.24770039605420002 -0.0
0.0 0.23639823868728685 -0.0
0.0 0.22463878155138822 -0.0
0.0 0.211803478198657 -0.0
0.0 0.19820690676294067 -0.0
0.0 0.18427413342167875 -0.0
0.0 0.17011423207637333 -0.0
0.0 0.15568580987989009 -0.0
0.0 0.14086319158406158 -0.0
0.0 0.12587124809480224 -0.0
0.0 0.1108075054614883 -0.0
0.0 0.0954477283252021 -0.0
0.0 0.0798765947866806 -0.0
0.0 0.06352688609303286 -0.0
0.0 0.044649449675502266 -0.0

VECTORS Vvpm_ApA float
-0.2948969900608063 0.723598062992096 -0.2370520383119583
-0.30068716406822205 0.7034946084022522 -0.2601003646850586
-0.3044767677783966 0.6897139549255371 -0.2756638526916504
-0.30818477272987366 0.675684928894043 -0.29131197929382324
-0.3116311728954315 0.661715030670166 -0.3067777156829834
-0.31374332308769226 0.6529422998428345 -0.3163999319076538
-0.3163156807422638 0.6412886381149292 -0.329170286655426
-0.31754419207572937 0.635417103767395 -0.3355872929096222
-0.3208165466785431 0.6188892126083374 -0.35356542468070984
-0.32212838530540466 0.6115090250968933 -0.3615892827510834
-0.32278862595558167 0.6076239943504333 -0.36580777168273926
-0.3218976557254791 0.6126582622528076 -0.3603498339653015
-0.32284989953041077 0.6074028611183167 -0.3660314083099365
-0.3224315345287323 0.609738826751709 -0.36350107192993164
-0.32164040207862854 0.6141476035118103 -0.3587145507335663
-0.320916086435318 0.6180481314659119 -0.35448652505874634
-0.3212098777294159 0.6163561344146729 -0.3563307225704193
-0.3226258456707001 0.608633279800415 -0.36468949913978577
-0.32246139645576477 0.6095442175865173 -0.3637004792690277
-0.32267507910728455 0.6082160472869873 -0.3651474118232727
-0.32189980149269104 0.6125631332397461 -0.36043107509613037
-0.32078567147254944 0.6186349391937256 -0.3538443148136139
-0.3210153877735138 0.6173267960548401 -0.35527029633522034
-0.32064303755760193 0.619331955909729 -0.3530883491039276
-0.3208666741847992 0.6180707216262817 -0.35446232557296753
-0.32249876856803894 0.6095221638679504 -0.3636915683746338
-0.32266315817832947 0.6085065603256226 -0.36479759216308594
-0.3223254978656769 0.61039799451828 -0.36274993419647217
-0.32205405831336975 0.6118614077568054 -0.3611644208431244
-0.3222251832485199 0.6108202934265137 -0.36229968070983887
-0.3211999237537384 0.6164828538894653 -0.3561563789844513
-0.32137373089790344 0.6154614090919495 -0.3572711944580078
-0.3207031190395355 0.6191293597221375 -0.35327810049057007
-0.31907907128334045 0.6275528073310852 -0.3441086411476135
-0.31926873326301575 0.626547634601593 -0.34520670771598816
-0.319454163312912 0.6255638003349304 -0.34627968072891235
-0.3196351230144501 0.6246017217636108 -0.34732866287231445
-0.31981077790260315 0.6236602067947388 -0.3483554720878601
-0.31998082995414734 0.6227390170097351 -0.34935927391052246
-0.31913086771965027 0.6271035671234131 -0.3446120023727417
-0.3193260729312897 0.626086950302124 -0.34571975469589233
-0.32459452748298645 0.5969857573509216 -0.37724244594573975
-0.3242371380329132 0.5991785526275635 -0.37486177682876587
-0.32432469725608826 0.5986023545265198 -0.3754875957965851
-0.3244076073169708 0.5980368256568909 -0.37610363960266113
-0.32448717951774597 0.5974828004837036 -0.3767075836658478
-0.3245640695095062 0.5969403386116028 -0.37729912996292114
-0.32463791966438293 0.5964087247848511 -0.37787938117980957
-0.3235394060611725 0.6031755805015564 -0.370538592338562
-0.32456615567207336 0.5970239043235779 -0.3772099018096924
-0.32957741618156433 0.5601019859313965 -0.4172056317329407
-0.32456663250923157 0.5970262289047241 -0.3772064745426178
-0.3235417902469635 0.6031840443611145 -0.37052810192108154
-0.3246384561061859 0.5964109301567078 -0.37787631154060364
-0.3245634138584137 0.5969412326812744 -0.377297580242157
-0.3244875371456146 0.5974844694137573 -0.37670475244522095
-0.3244076669216156 0.5980382561683655 -0.37610092759132385
-0.324325829744339 0.5986048579216003 -0.3754836916923523
-0.32423916459083557 0.5991817116737366 -0.37485644221305847
-0.3245972692966461 0.5969871282577515 -0.3772384226322174
-0.31932780146598816 0.6260865926742554 -0.34571561217308044
-0.3191339671611786 0.627104640007019 -0.3446064591407776
-0.31998392939567566 0.6227419376373291 -0.3493518531322479
-0.3198144733905792 0.6236633658409119 -0.3483469486236572
-0.31963911652565 0.6246050596237183 -0.34732022881507874
-0.3194582760334015 0.6255673766136169 -0.3462710976600647
-0.3192727267742157 0.62655109167099 -0.34519824385643005
-0.3190818727016449 0.6275555491447449 -0.34410208463668823
-0.3207043707370758 0.6191338300704956 -0.35327136516571045
-0.3213743269443512 0.6154661774635315 -0.35726502537727356
-0.32119980454444885 0.6164873242378235 -0.35615110397338867
-0.3222246468067169 0.6108206510543823 -0.36229830980300903
-0.32205358147621155 0.611862063407898 -0.3611631393432617
-0.3223249614238739 0.6103967428207397 -0.3627500832080841
-0.32266250252723694 0.6085071563720703 -0.36479616165161133
-0.3224986493587494 0.6095225811004639 -0.363689661026001
-0.32086673378944397 0.618073046207428 -0.3544584810733795
-0.3206431567668915 0.6193342804908752 -0.3530842363834381
-0.3210161030292511 0.6173302531242371 -0.35526514053344727
-0.3207866847515106 0.6186386346817017 -0.3538387417793274
-0.321900874376297 0.612565279006958 -0.3604266047477722
-0.3226763904094696 0.6082189083099365 -0.3651424050331116
-0.32246270775794983 0.6095472574234009 -0.36369553208351135
-0.32262763381004333 0.6086371541023254 -0.36468371748924255
-0.3212111294269562 0.6163614392280579 -0.35632380843162537
-0.3209172785282135 0.6180530786514282 -0.35447990894317627
-0.3216414153575897 0.6141510605812073 -0.3587093949317932
-0.3224327862262726 0.609743058681488 -0.3634951710700989
-0.3228508532047272 0.6074084043502808 -0.366024374961853
-0.32189878821372986 0.6126649379730225 -0.3603416383266449
-0.3227897584438324 0.6076298356056213 -0.36580073833465576
-0.3221302330493927 0.611513614654541 -0.3615829050540924
-0.3208182752132416 0.6188918352127075 -0.3535604476928711
-0.317545622587204 0.635417103767395 -0.33558401465415955
-0.31631746888160706 0.6412853598594666 -0.32916927337646484
-0.31374451518058777 0.6529372930526733 -0.31639987230300903
-0.3116322457790375 0.6617069244384766 -0.30678001046180725
-0.30818554759025574 0.6756758093833923 -0.29131513833999634
-0.30447712540626526 0.6897028684616089 -0.27566826343536377
-0.30068764090538025 0.7034823298454285 -0.26010507345199585
-0.2948969900608063 0.723598062992096 -0.2370520383119583
-0.30068716406822205 0.7034946084022522 -0.2601003646850586
-0.3044767677783966 0.6897139549255371 -0.2756638526916504
-0.30818477272987366 0.675684928894043 -0.29131197929382324
-0.3116311728954315 0.661715030670166 -0.3067777156829834
-0.31374332308769226 0.6529422998428345 -0.3163999319076538
-0.3163156807422638 0.6412886381149292 -0.329170286655426
-0.31754419207572937 0.635417103767395 -0.3355872929096222
-0.3208165466785431 0.6188892126083374 -0.35356542468070984
-0.32212838530540466 0.6115090250968933 -0.3615892827510834
-0.32278862595558167 0.6076239943504333 -0.36580777168273926
-0.3218976557254791 0.6126582622528076 -0.3603498339653015
-0.32284989953041077 0.6074028611183167 -0.3660314083099365
-0.3224315345287323 0.609738826751709 -0.36350107192993164
-0.32164040207862854 0.6141476035118103 -0.3587145507335663
-0.320916086435318 0.6180481314659119 -0.35448652505874634
-0.3212098777294159 0.6163561344146729 -0.3563307225704193
-0.3226258456707001 0.608633279800415 -0.36468949913978577
-0.32246139645576477 0.6095442175865173 -0.3637004792690277
-0.32267507910728455 0.6082160472869873 -0.3651474118232727
-0.32189980149269104 0.6125631332397461 -0.36043107509613037
-0.32078567147254944 0.6186349391937256 -0.3538443148136139
-0.3210153877735138 0.6173267960548401 -0.35527029633522034
-0.32064303755760193 0.619331955909729 -0.3530883491039276
-0.3208666741847992 0.6180707216262817 -0.35446232557296753
-0.32249876856803894 0.6095221638679504 -0.3636915683746338
-0.32266315817832947 0.6085065603256226 -0.36479759216308594
-0.3223254978656769 0.61039799451828 -0.36274993419647217
-0.32205405831336975 0.6118614077568054 -0.3611644208431244
-0.3222251832485199 0.6108202934265137 -0.36229968070983887
-0.3211999237537384 0.6164828538894653 -0.3561563789844513
-0.32137373089790344 0.6154614090919495 -0.3572711944580078
-0.3207031190395355 0.6191293597221375 -0.35327810049057007
-0.31907907128334045 0.6275528073310852 -0.3441086411476135
-0.31926873326301575 0.626547634601593 -0.34520670771598816
-0.319454163312912 0.6255638003349304 -0.34627968072891235
-0.3196351230144501 0.6246017217636108 -0.34732866287231445
-0.31981077790260315 0.6236602067947388 -0.3483554720878601
-0.31998082995414734 0.6227390170097351 -0.34935927391052246
-0.31913086771965027 0.6271035671234131 -0.3446120023727417
-0.3193260729312897 0.626086950302124 -0.34571975469589233
-0.32459452748298645 0.5969857573509216 -0.37724244594573975
-0.3242371380329132 0.5991785526275635 -0.37486177682876587
-0.32432469725608826 0.5986023545265198 -0.3754875957965851
-0.3244076073169708 0.5980368256568909 -0.37610363960266113
-0.32448717951774597 0.5974828004837036 -0.3767075836658478
-0.3245640695095062 0.5969403386116028 -0.37729912996292114
-0.32463791966438293 0.5964087247848511 -0.37787938117980957
-0.3235394060611725 0.6031755805015564 -0.370538592338562
-0.32456615567207336 0.5970239043235779 -0.3772099018096924
-0.32957741618156433 0.5601019859313965 -0.4172056317329407
-0.32456663250923157 0.5970262289047241 -0.3772064745426178
-0.3235417902469635 0.6031840443611145 -0.37052810192108154
-0.3246384561061859 0.5964109301567078 -0.37787631154060364
-0.3245634138584137 0.5969412326812744 -0.377297580242157
-0.3244875371456146 0.5974844694137573 -0.37670475244522095
-0.3244076669216156 0.5980382561683655 -0.37610092759132385
-0.324325829744339 0.5986048579216003 -0.3754836916923523
-0.32423916459083557 0.5991817116737366 -0.37485644221305847
-0.3245972692966461 0.5969871282577515 -0.3772384226322174
-0.31932780146598816 0.6260865926742554 -0.34571561217308044
-0.3191339671611786 0.627104640007019 -0.3446064591407776
-0.31998392939567566 0.6227419376373291 -0.3493518531322479
-0.3198144733905792 0.6236633658409119 -0.3483469486236572
-0.31963911652565 0.6246050596237183 -0.34732022881507874
-0.3194582760334015 0.6255673766136169 -0.3462710976600647
-0.3192727267742157 0.62655109167099 -0.34519824385643005
-0.3190818727016449 0.6275555491447449 -0.34410208463668823
-0.3207043707370758 0.6191338300704956 -0.35327136516571045
-0.3213743269443512 0.6154661774635315 -0.35726502537727356
-0.32119980454444885 0.6164873242378235 -0.35615110397338867
-0.3222246468067169 0.6108206510543823 -0.36229830980300903
-0.32205358147621155 0.611862063407898 -0.3611631393432617
-0.3223249614238739 0.6103967428207397 -0.3627500832080841
-0.32266250252723694 0.6085071563720703 -0.36479616165161133
-0.3224986493587494 0.6095225811004639 -0.363689661026001
-0.32086673378944397 0.618073046207428 -0.3544584810733795
-0.3206431567668915 0.6193342804908752 -0.3530842363834381
-0.3210161030292511 0.6173302531242371 -0.35526514053344727
-0.3207866847515106 0.6186386346817017 -0.3538387417793274
-0.321900874376297 0.612565279006958 -0.3604266047477722
-0.3226763904094696 0.6082189083099365 -0.3651424050331116
-0.32246270775794983 0.6095472574234009 -0.36369553208351135
-0.32262763381004333 0.6086371541023254 -0.36468371748924255
-0.3212111294269562 0.6163614392280579 -0.35632380843162537
-0.3209172785282135 0.6180530786514282 -0.35447990894317627
-0.3216414153575897 0.6141510605812073 -0.3587093949317932
-0.3224327862262726 0.609743058681488 -0.3634951710700989
-0.3228508532047272 0.6074084043502808 -0.366024374961853
-0.32189878821372986 0.6126649379730225 -0.3603416383266449
-0.3227897584438324 0.6076298356056213 -0.36580073833465576
-0.3221302330493927 0.611513614654541 -0.3615829050540924
-0.3208182752132416 0.6188918352127075 -0.3535604476928711
-0.317545622587204 0.635417103767395 -0.33558401465415955
-0.31631746888160706 0.6412853598594666 -0.32916927337646484
-0.31374451518058777 0.6529372930526733 -0.31639987230300903
-0.3116322457790375 0.6617069244384766 -0.30678001046180725
-0.30818554759025574 0.6756758093833923 -0.29131513833999634
-0.30447712540626526 0.6897028684616089 -0.27566826343536377
-0.30068764090538025 0.7034823298454285 -0.26010507345199585

VECTORS Vkin float
-0.0 -0.0 -0.0
-0.0 -0.0 -0.0
-0.0 -0.0 -0.0
-0.0 -0.0 -0.0
-0.0 -0.0 -0.0
-0.0 -0.0 -0.0
-0.0 -0.0 -0.0
-0.0 -0.0 -0.0
-0.0 -0.0 -0.0
-0.0 -0.0 -0.0
-0.0 -0.0 -0.0
-0.0 -0.0 -0.0
-0.0 -0.0 -0.0
-0.0 -0.0 -0.0
-0.0 -0.0 -0.0
-0.0 -0.0 -0.0
-0.0 -0.0 -0.0
-0.0 -0.0 -0.0
-0.0 -0.0 -0.0
-0.0 -0.0 -0.0
-0.0 -0.0 -0.0
-0.0 -0.0 -0.0
-0.0 -0.0 -0.0
-0.0 -0.0 -0.0
-0.0 -0.0 -0.0
-0.0 -0.0 -0.0
-0.0 -0.0 -0.0
-0.0 -0.0 -0.0
-0.0 -0.0 -0.0
-0.0 -0.0 -0.0
-0.0 -0.0 -0.0
-0.0 -0.0 -0.0
-0.0 -0.0 -0.0
-0.0 -0.0 -0.0
-0.0 -0.0 -0.0
-0.0 -0.0 -0.0
-0.0 -0.0 -0.0
-0.0 -0.0 -0.0
-0.0 -0.0 -0.0
-0.0 -0.0 -0.0
-0.0 -0.0 -0.0
-0.0 -0.0 -0.0
-0.0 -0.0 -0.0
-0.0 -0.0 -0.0
-0.0 -0.0 -0.0
-0.0 -0.0 -0.0
-0.0 -0.0 -0.0
-0.0 -0.0 -0.0
-0.0 -0.0 -0.0
-0.0 -0.0 -0.0
-0.0 -0.0 -0.0
-0.0 -0.0 -0.0
-0.0 -0.0 -0.0
-0.0 -0.0 -0.0
-0.0 -0.0 -0.0
-0.0 -0.0 -0.0
-0.0 -0.0 -0.0
-0.0 -0.0 -0.0
-0.0 -0.0 -0.0
-0.0 -0.0 -0.0
-0.0 -0.0 -0.0
-0.0 -0.0 -0.0
-0.0 -0.0 -0.0
-0.0 -0.0 -0.0
-0.0 -0.0 -0.0
-0.0 -0.0 -0.0
-0.0 -0.0 -0.0
-0.0 -0.0 -0.0
-0.0 -0.0 -0.0
-0.0 -0.0 -0.0
-0.0 -0.0 -0.0
-0.0 -0.0 -0.0
-0.0 -0.0 -0.0
-0.0 -0.0 -0.0
-0.0 -0.0 -0.0
-0.0 -0.0 -0.0
-0.0 -0.0 -0.0
-0.0 -0.0 -0.0
-0.0 -0.0 -0.0
-0.0 -0.0 -0.0
-0.0 -0.0 -0.0
-0.0 -0.0 -0.0
-0.0 -0.0 -0.0
-0.0 -0.0 -0.0
-0.0 -0.0 -0.0
-0.0 -0.0 -0.0
-0.0 -0.0 -0.0
-0.0 -0.0 -0.0
-0.0 -0.0 -0.0
-0.0 -0.0 -0.0
-0.0 -0.0 -0.0
-0.0 -0.0 -0.0
-0.0 -0.0 -0.0
-0.0 -0.0 -0.0
-0.0 -0.0 -0.0
-0.0 -0.0 -0.0
-0.0 -0.0 -0.0
-0.0 -0.0 -0.0
-0.0 -0.0 -0.0
-0.0 -0.0 -0.0
-0.0 -0.0 -0.0
-0.0 -0.0 -0.0
-0.0 -0.0 -0.0
-0.0 -0.0 -0.0
-0.0 -0.0 -0.0
-0.0 -0.0 -0.0
-0.0 -0.0 -0.0
-0.0 -0.0 -0.0
-0.0 -0.0 -0.0
-0.0 -0.0 -0.0
-0.0 -0.0 -0.0
-0.0 -0.0 -0.0
-0.0 -0.0 -0.0
-0.0 -0.0 -0.0
-0.0 -0.0 -0.0
-0.0 -0.0 -0.0
-0.0 -0.0 -0.0
-0.0 -0.0 -0.0
-0.0 -0.0 -0.0
-0.0 -0.0 -0.0
-0.0 -0.0 -0.0
-0.0 -0.0 -0.0
-0.0 -0.0 -0.0
-0.0 -0.0 -0.0
-0.0 -0.0 -0.0
-0.0 -0.0 -0.0
-0.0 -0.0 -0.0
-0.0 -0.0 -0.0
-0.0 -0.0 -0.0
-0.0 -0.0 -0.0
-0.0 -0.0 -0.0
-0.0 -0.0 -0.0
-0.0 -0.0 -0.0
-0.0 -0.0 -0.0
-0.0 -0.0 -0.0
-0.0 -0.0 -0.0
-0.0 -0.0 -0.0
-0.0 -0.0 -0.0
-0.0 -0.0 -0.0
-0.0 -0.0 -0.0
-0.0 -0.0 -0.0
-0.0 -0.0 -0.0
-0.0 -0.0 -0.0
-0.0 -0.0 -0.0
-0.0 -0.0 -0.0
-0.0 -0.0 -0.0
-0.0 -0.0 -0.0
-0.0 -0.0 -0.0
-0.0 -0.0 -0.0
-0.0 -0.0 -0.0
-0.0 -0.0 -0.0
-0.0 -0.0 -0.0
-0.0 -0.0 -0.0
-0.0 -0.0 -0.0
-0.0 -0.0 -0.0
-0.0 -0.0 -0.0
-0.0 -0.0 -0.0
-0.0 -0.0 -0.0
-0.0 -0.0 -0.0
-0.0 -0.0 -0.0
-0.0 -0.0 -0.0
-0.0 -0.0 -0.0
-0.0 -0.0 -0.0
-0.0 -0.0 -0.0
-0.0 -0.0 -0.0
-0.0 -0.0 -0.0
-0.0 -0.0 -0.0
-0.0 -0.0 -0.0
-0.0 -0.0 -0.0
-0.0 -0.0 -0.0
-0.0 -0.0 -0.0
-0.0 -0.0 -0.0
-0.0 -0.0 -0.0
-0.0 -0.0 -0.0
-0.0 -0.0 -0.0
-0.0 -0.0 -0.0
-0.0 -0.0 -0.0
-0.0 -0.0 -0.0
-0.0 -0.0 -0.0
-0.0 -0.0 -0.0
-0.0 -0.0 -0.0
-0.0 -0.0 -0.0
-0.0 -0.0 -0.0
-0.0 -0.0 -0.0
-0.0 -0.0 -0.0
-0.0 -0.0 -0.0
-0.0 -0.0 -0.0
-0.0 -0.0 -0.0
-0.0 -0.0 -0.0
-0.0 -0.0 -0.0
-0.0 -0.0 -0.0
-0.0 -0.0 -0.0
-0.0 -0.0 -0.0
-0.0 -0.0 -0.0
-0.0 -0.0 -0.0
-0.0 -0.0 -0.0
-0.0 -0.0 -0.0
-0.0 -0.0 -0.0
-0.0 -0.0 -0.0
-0.0 -0.0 -0.0

VECTORS Funs-vector float
0.0 0.0 5.2861122769830055e-11
0.0 0.0 1.7832310078022327e-10
0.0 0.0 4.302779159179082e-10
0.0 0.0 4.015375991917357e-10
0.0 0.0 9.533613174350212e-11
0.0 0.0 -6.548612225011601e-10
0.0 0.0 8.011974838666245e-11
0.0 0.0 9.224939823771659e-10
0.0 0.0 2.0429722136047053e-11
0.0 0.0 5.7000207043275414e-11
0.0 0.0 5.099139187270121e-10
0.0 0.0 5.091111487645157e-10
0.0 0.0 -2.269066926385706e-10
0.0 0.0 1.394349563196241e-9
0.0 0.0 4.8271702368022685e-9
0.0 0.0 8.648115928578043e-9
0.0 0.0 9.82250602272115e-9
0.0 0.0 8.613091707379545e-9
0.0 0.0 7.326698614562148e-9
0.0 0.0 9.96159871825693e-9
0.0 0.0 3.1863870338292478e-9
0.0 0.0 4.283724504891866e-9
0.0 0.0 3.3889667872989675e-9
0.0 0.0 4.2188367772651875e-10
0.0 0.0 -2.288677289651882e-9
0.0 0.0 -8.798276698738382e-9
0.0 0.0 -2.398692182675523e-9
0.0 0.0 -7.319992912152922e-9
0.0 0.0 -4.863195856549675e-9
0.0 0.0 -8.80994533619538e-9
0.0 0.0 -6.69228799180859e-9
0.0 0.0 -1.3001282642845977e-10
0.0 0.0 -1.7617033396762847e-8
0.0 0.0 -1.0430577616090968e-8
0.0 0.0 -1.6822458509872902e-8
0.0 0.0 -3.7370676986796434e-9
0.0 0.0 -7.465851407437425e-9
0.0 0.0 -2.2418272669110755e-8
0.0 0.0 -3.614317435985995e-8
0.0 0.0 -5.074899853067014e-8
0.0 0.0 -3.9236166793822934e-8
0.0 0.0 -4.234253119649952e-8
0.0 0.0 -4.3141419587679605e-8
0.0 0.0 -4.4772577512668684e-8
0.0 0.0 -5.5703041175029216e-8
0.0 0.0 -6.314514679322462e-8
0.0 0.0 -7.565264325865501e-8
0.0 0.0 -8.989126341475604e-8
0.0 0.0 -9.75326416407082e-8
0.0 0.0 -9.947454649641033e-8
0.0 0.0 -7.142601811142978e-8
0.0 0.0 -6.658136036998285e-8
0.0 0.0 -5.390635020517849e-8
0.0 0.0 -5.038910742231393e-8
0.0 0.0 -4.3476191350810557e-8
0.0 0.0 -4.175431562647637e-8
0.0 0.0 -4.721739917473143e-8
0.0 0.0 -4.6401151290900024e-8
0.0 0.0 -4.4464617074546425e-8
0.0 0.0 -4.022268589173894e-8
0.0 0.0 -5.38954537674901e-8
0.0 0.0 -5.941829535928991e-8
0.0 0.0 -5.149388062976971e-8
0.0 0.0 -5.333826913576946e-8
0.0 0.0 -4.37873881127721e-8
0.0 0.0 -3.786729183923216e-8
0.0 0.0 -3.378397972209341e-8
0.0 0.0 -3.637463505156074e-8
0.0 0.0 -3.251731177224634e-8
0.0 0.0 -3.693319133070865e-8
0.0 0.0 -3.093457522567732e-8
0.0 0.0 -2.926527465895184e-8
0.0 0.0 -2.205958936636733e-8
0.0 0.0 -1.6910632924568176e-8
0.0 0.0 -1.0891705622092943e-8
0.0 0.0 -7.992674532620517e-9
0.0 0.0 -9.956261062538661e-9
0.0 0.0 -1.0123110983692202e-8
0.0 0.0 -1.2418966199252938e-8
0.0 0.0 -1.3783353432737207e-8
0.0 0.0 -1.200704262358113e-8
0.0 0.0 -1.2669425584031837e-8
0.0 0.0 -9.644578617315176e-9
0.0 0.0 -8.918491334177004e-9
0.0 0.0 -7.416098100649708e-9
0.0 0.0 -7.268070808230782e-9
0.0 0.0 -7.04023167474552e-9
0.0 0.0 -7.359532378728559e-9
0.0 0.0 -5.790640279586806e-9
0.0 0.0 -5.054345386786031e-9
0.0 0.0 -4.245467799159522e-9
0.0 0.0 -3.752506012767009e-9
0.0 0.0 -3.395421913984749e-9
0.0 0.0 -2.949461936616382e-9
0.0 0.0 -2.8358972421107265e-9
0.0 0.0 -2.508265502841498e-9
0.0 0.0 -1.826864244996697e-9
0.0 0.0 -1.2357618999409373e-9
0.0 0.0 -7.744192756431375e-10
0.0 0.0 -4.1391972957788207e-10
0.0 0.0 5.2861122769830055e-11
0.0 0.0 1.7832310078022327e-10
0.0 0.0 4.302779159179082e-10
0.0 0.0 4.015375991917357e-10
0.0 0.0 9.533613174350212e-11
0.0 0.0 -6.548612225011601e-10
0.0 0.0 8.011974838666245e-11
0.0 0.0 9.224939823771659e-10
0.0 0.0 2.0429722136047053e-11
0.0 0.0 5.7000207043275414e-11
0.0 0.0 5.099139187270121e-10
0.0 0.0 5.091111487645157e-10
0.0 0.0 -2.269066926385706e-10
0.0 0.0 1.394349563196241e-9
0.0 0.0 4.8271702368022685e-9
0.0 0.0 8.648115928578043e-9
0.0 0.0 9.82250602272115e-9
0.0 0.0 8.613091707379545e-9
0.0 0.0 7.326698614562148e-9
0.0 0.0 9.96159871825693e-9
0.0 0.0 3.1863870338292478e-9
0.0 0.0 4.283724504891866e-9
0.0 0.0 3.3889667872989675e-9
0.0 0.0 4.2188367772651875e-10
0.0 0.0 -2.288677289651882e-9
0.0 0.0 -8.798276698738382e-9
0.0 0.0 -2.398692182675523e-9
0.0 0.0 -7.319992912152922e-9
0.0 0.0 -4.863195856549675e-9
0.0 0.0 -8.80994533619538e-9
0.0 0.0 -6.69228799180859e-9
0.0 0.0 -1.3001282642845977e-10
0.0 0.0 -1.7617033396762847e-8
0.0 0.0 -1.0430577616090968e-8
0.0 0.0 -1.6822458509872902e-8
0.0 0.0 -3.7370676986796434e-9
0.0 0.0 -7.465851407437425e-9
0.0 0.0 -2.2418272669110755e-8
0.0 0.0 -3.614317435985995e-8
0.0 0.0 -5.074899853067014e-8
0.0 0.0 -3.9236166793822934e-8
0.0 0.0 -4.234253119649952e-8
0.0 0.0 -4.3141419587679605e-8
0.0 0.0 -4.4772577512668684e-8
0.0 0.0 -5.5703041175029216e-8
0.0 0.0 -6.314514679322462e-8
0.0 0.0 -7.565264325865501e-8
0.0 0.0 -8.989126341475604e-8
0.0 0.0 -9.75326416407082e-8
0.0 0.0 -9.947454649641033e-8
0.0 0.0 -7.142601811142978e-8
0.0 0.0 -6.658136036998285e-8
0.0 0.0 -5.390635020517849e-8
0.0 0.0 -5.038910742231393e-8
0.0 0.0 -4.3476191350810557e-8
0.0 0.0 -4.175431562647637e-8
0.0 0.0 -4.721739917473143e-8
0.0 0.0 -4.6401151290900024e-8
0.0 0.0 -4.4464617074546425e-8
0.0 0.0 -4.022268589173894e-8
0.0 0.0 -5.38954537674901e-8
0.0 0.0 -5.941829535928991e-8
0.0 0.0 -5.149388062976971e-8
0.0 0.0 -5.333826913576946e-8
0.0 0.0 -4.37873881127721e-8
0.0 0.0 -3.786729183923216e-8
0.0 0.0 -3.378397972209341e-8
0.0 0.0 -3.637463505156074e-8
0.0 0.0 -3.251731177224634e-8
0.0 0.0 -3.693319133070865e-8
0.0 0.0 -3.093457522567732e-8
0.0 0.0 -2.926527465895184e-8
0.0 0.0 -2.205958936636733e-8
0.0 0.0 -1.6910632924568176e-8
0.0 0.0 -1.0891705622092943e-8
0.0 0.0 -7.992674532620517e-9
0.0 0.0 -9.956261062538661e-9
0.0 0.0 -1.0123110983692202e-8
0.0 0.0 -1.2418966199252938e-8
0.0 0.0 -1.3783353432737207e-8
0.0 0.0 -1.200704262358113e-8
0.0 0.0 -1.2669425584031837e-8
0.0 0.0 -9.644578617315176e-9
0.0 0.0 -8.918491334177004e-9
0.0 0.0 -7.416098100649708e-9
0.0 0.0 -7.268070808230782e-9
0.0 0.0 -7.04023167474552e-9
0.0 0.0 -7.359532378728559e-9
0.0 0.0 -5.790640279586806e-9
0.0 0.0 -5.054345386786031e-9
0.0 0.0 -4.245467799159522e-9
0.0 0.0 -3.752506012767009e-9
0.0 0.0 -3.395421913984749e-9
0.0 0.0 -2.949461936616382e-9
0.0 0.0 -2.8358972421107265e-9
0.0 0.0 -2.508265502841498e-9
0.0 0.0 -1.826864244996697e-9
0.0 0.0 -1.2357618999409373e-9
0.0 0.0 -7.744192756431375e-10
0.0 0.0 -4.1391972957788207e-10

VECTORS Ftot float
-0.02658385339392971 -0.04489623859825307 0.025594606573101815
-0.04217734856695757 -0.06385318562872848 0.041536360482715556
-0.055234604312442565 -0.08027399979230458 0.05864504879792815
-0.06756890584650438 -0.09597194135337274 0.07745946503238023
-0.0796125172249803 -0.11137923400056945 0.09811030425574828
-0.0912883165404105 -0.12641870893166102 0.12063227565939867
-0.10298770570520559 -0.14148221018263932 0.1449502934027884
-0.11446464114799508 -0.1563227460922254 0.1710666455373687
-0.12562262836341473 -0.17084448163084556 0.19892560472274481
-0.13658800920620517 -0.1851733668456265 0.22843429951622818
-0.14718120260177342 -0.19912990281598658 0.25953436767941546
-0.15755873451400787 -0.21287107253813503 0.29212969578821296
-0.16689231070113075 -0.22556815868001845 0.3262034755483206
-0.17520494846722093 -0.23724431725688563 0.3615541499852352
-0.18326846411366968 -0.24867124272901786 0.3979197941924359
-0.19043302424652658 -0.25919928653199953 0.43523308718118375
-0.19733633392241023 -0.269466392731706 0.47326765131150694
-0.20358804214675114 -0.2790815764995346 0.511945486202629
-0.20956034867746 -0.28841734361161936 0.5511038315338346
-0.21386770681852896 -0.2960882311971075 0.5907259409730974
-0.21798299538841634 -0.303566758678323 0.6303955529610162
-0.2220003099353407 -0.3109475691276651 0.6699730693145542
-0.22573741719395202 -0.318048196562803 0.7093779299102089
-0.22988112455341567 -0.32555571226647206 0.7484719671922166
-0.23263562413384936 -0.3316738322300729 0.7873889277386856
-0.23554278507960003 -0.3379470856844917 0.8257567456432267
-0.2382102917824134 -0.3439781229919938 0.8635546396973168
-0.24123938955412863 -0.3503707290833949 0.9006657012821487
-0.24385166043153167 -0.3563465077375022 0.9372040877319043
-0.24486881594723137 -0.36072683688373025 0.9731952027881068
-0.2463257925363868 -0.36554728622669025 1.0082174578460108
-0.24583118165975218 -0.36841613393792894 1.0425041771454682
-0.24445106817571025 -0.37039991146139495 1.0756148507158954
-0.24314241429318517 -0.3724548657757673 1.1072461063769101
-0.2412260003003286 -0.3739020612310487 1.1374411978142047
-0.23854018660330917 -0.37457984516025533 1.1661195427018896
-0.23490393421620448 -0.3743090127786846 1.1931559890276942
-0.2314458584970193 -0.37421444782875696 1.2182971451027589
-0.22631290450744765 -0.37244501266267815 1.2418081614368919
-0.21990086294777297 -0.36939684096722764 1.2633976822062543
-0.21203361609958626 -0.36489343817770015 1.2828396823090509
-0.2036656871683354 -0.35988903215231394 1.2997576684701853
-0.19525542570065185 -0.354842336894159 1.3141243875291708
-0.1835204220308283 -0.34647088560737244 1.326548387963423
-0.16888081676935618 -0.3351948227098343 1.3365556697028944
-0.14929413559682617 -0.3189716805768996 1.3440888039500931
-0.12030541741231238 -0.293346408864048 1.3491767020408556
-0.06880518804139968 -0.2452096957003074 1.3522276678296867
0.06059487743298999 -0.11917415200296512 1.3546899934314087
0.7590559947923868 0.575919229138598 1.3577789211553521
0.754215592480576 -0.5710790079631323 1.2025919430794867
0.05779299894217579 0.12197555734771927 1.1991452608017816
-0.06915404349343637 0.24555808574234572 1.1970391749021343
-0.1208386286414184 0.29387918762735626 1.1940136763891427
-0.14990129696875285 0.31957841059564873 1.1890983749116204
-0.16965206025005614 0.3359656474678945 1.1819254946706292
-0.18543321639275379 0.348383280306867 1.17226878020482
-0.19517729057866104 0.35476381181226024 1.1612006665525465
-0.205369189786109 0.3615921735749963 1.1477144673709057
-0.2130997176486771 0.3659591723920697 1.1323556619659652
-0.22059284104743174 0.37008848219723184 1.114873187415776
-0.22668493559808048 0.37281671671762917 1.0955708867874314
-0.2315692858593971 0.37433757027084136 1.0746183803049463
-0.23536135460795068 0.37476613539835923 1.0521618101416408
-0.23813189740656654 0.37417104841601073 1.0283429789612426
-0.23943050606596022 0.372106080823638 1.0033719941101584
-0.24121374066251786 0.37052573108489617 0.976975823825032
-0.24224917864578188 0.3681975810508133 0.9493561027545199
-0.24263680002487392 0.3652214948265576 0.920606190986664
-0.24356082644788443 0.3627820669833645 0.8906063272519853
-0.24242108346872418 0.35827886536630565 0.859878581236383
-0.2416811879872262 0.3541757364205274 0.828242265791859
-0.23932506042487237 0.3484561191260065 0.7960815337206679
-0.23653781935093082 0.34230538526293297 0.7633799146529965
-0.2340998651850912 0.3365039032319533 0.7300408508536471
-0.23142810827455365 0.33046614371548433 0.6961682235809094
-0.22913654217380452 0.3248110454629506 0.6617419203458398
-0.22499940351635986 0.3173100074128455 0.627203484388017
-0.2212080646915572 0.3101551593265783 0.5924181907791697
-0.21715340305827577 0.30273701357673155 0.557493895903468
-0.2129980383480297 0.29521838038003073 0.5224985812304921
-0.20863599802576116 0.28749286853087963 0.4875546239182784
-0.20268732024012948 0.2781807481873143 0.4530112728083971
-0.19656592012654764 0.26869587759938846 0.4188739074362251
-0.18941584216700885 0.25818199403272013 0.3853571355241499
-0.18229772176315406 0.24770039605420002 0.352452396527007
-0.17435895293072975 0.23639823868728685 0.3203624534706578
-0.16596298834552425 0.22463878155138822 0.28919212197822575
-0.15649116240297853 0.211803478198657 0.2591660962240665
-0.1462582425866735 0.19820690676294067 0.23040570239504396
-0.13568884591965097 0.18427413342167875 0.2029604352178996
-0.12489246015923489 0.17011423207637333 0.17688562115515366
-0.11382781426989134 0.15568580987989009 0.1522568110300976
-0.10236880579223474 0.14086319158406158 0.12916738857422977
-0.09074094757334256 0.12587124809480224 0.10765374606016097
-0.07904089188543334 0.1108075054614883 0.08773429968968083
-0.06704478363983898 0.0954477283252021 0.06945434853159668
-0.05483728677029815 0.0798765947866806 0.052768938876694135
-0.04185112511322715 0.06352688609303286 0.03758303154666748
-0.026337139501657458 0.044649449675502266 0.023425071736199517
-0.02658385339392971 -0.04489623859825307 0.025594606573101815
-0.04217734856695757 -0.06385318562872848 0.041536360482715556
-0.055234604312442565 -0.08027399979230458 0.05864504879792815
-0.06756890584650438 -0.09597194135337274 0.07745946503238023
-0.0796125172249803 -0.11137923400056945 0.09811030425574828
-0.0912883165404105 -0.12641870893166102 0.12063227565939867
-0.10298770570520559 -0.14148221018263932 0.1449502934027884
-0.11446464114799508 -0.1563227460922254 0.1710666455373687
-0.12562262836341473 -0.17084448163084556 0.19892560472274481
-0.13658800920620517 -0.1851733668456265 0.22843429951622818
-0.14718120260177342 -0.19912990281598658 0.25953436767941546
-0.15755873451400787 -0.21287107253813503 0.29212969578821296
-0.16689231070113075 -0.22556815868001845 0.3262034755483206
-0.17520494846722093 -0.23724431725688563 0.3615541499852352
-0.18326846411366968 -0.24867124272901786 0.3979197941924359
-0.19043302424652658 -0.25919928653199953 0.43523308718118375
-0.19733633392241023 -0.269466392731706 0.47326765131150694
-0.20358804214675114 -0.2790815764995346 0.511945486202629
-0.20956034867746 -0.28841734361161936 0.5511038315338346
-0.21386770681852896 -0.2960882311971075 0.5907259409730974
-0.21798299538841634 -0.303566758678323 0.6303955529610162
-0.2220003099353407 -0.3109475691276651 0.6699730693145542
-0.22573741719395202 -0.318048196562803 0.7093779299102089
-0.22988112455341567 -0.32555571226647206 0.7484719671922166
-0.23263562413384936 -0.3316738322300729 0.7873889277386856
-0.23554278507960003 -0.3379470856844917 0.8257567456432267
-0.2382102917824134 -0.3439781229919938 0.8635546396973168
-0.24123938955412863 -0.3503707290833949 0.9006657012821487
-0.24385166043153167 -0.3563465077375022 0.9372040877319043
-0.24486881594723137 -0.36072683688373025 0.9731952027881068
-0.2463257925363868 -0.36554728622669025 1.0082174578460108
-0.24583118165975218 -0.36841613393792894 1.0425041771454682
-0.24445106817571025 -0.37039991146139495 1.0756148507158954
-0.24314241429318517 -0.3724548657757673 1.1072461063769101
-0.2412260003003286 -0.3739020612310487 1.1374411978142047
-0.23854018660330917 -0.37457984516025533 1.1661195427018896
-0.23490393421620448 -0.3743090127786846 1.1931559890276942
-0.2314458584970193 -0.37421444782875696 1.2182971451027589
-0.22631290450744765 -0.37244501266267815 1.2418081614368919
-0.21990086294777297 -0.36939684096722764 1.2633976822062543
-0.21203361609958626 -0.36489343817770015 1.2828396823090509
-0.2036656871683354 -0.35988903215231394 1.2997576684701853
-0.19525542570065185 -0.354842336894159 1.3141243875291708
-0.1835204220308283 -0.34647088560737244 1.326548387963423
-0.16888081676935618 -0.3351948227098343 1.3365556697028944
-0.14929413559682617 -0.3189716805768996 1.3440888039500931
-0.12030541741231238 -0.293346408864048 1.3491767020408556
-0.06880518804139968 -0.2452096957003074 1.3522276678296867
0.06059487743298999 -0.11917415200296512 1.3546899934314087
0.7590559947923868 0.575919229138598 1.3577789211553521
0.754215592480576 -0.5710790079631323 1.2025919430794867
0.05779299894217579 0.12197555734771927 1.1991452608017816
-0.06915404349343637 0.24555808574234572 1.1970391749021343
-0.1208386286414184 0.29387918762735626 1.1940136763891427
-0.14990129696875285 0.31957841059564873 1.1890983749116204
-0.16965206025005614 0.3359656474678945 1.1819254946706292
-0.18543321639275379 0.348383280306867 1.17226878020482
-0.19517729057866104 0.35476381181226024 1.1612006665525465
-0.205369189786109 0.3615921735749963 1.1477144673709057
-0.2130997176486771 0.3659591723920697 1.1323556619659652
-0.22059284104743174 0.37008848219723184 1.114873187415776
-0.22668493559808048 0.37281671671762917 1.0955708867874314
-0.2315692858593971 0.37433757027084136 1.0746183803049463
-0.23536135460795068 0.37476613539835923 1.0521618101416408
-0.23813189740656654 0.37417104841601073 1.0283429789612426
-0.23943050606596022 0.372106080823638 1.0033719941101584
-0.24121374066251786 0.37052573108489617 0.976975823825032
-0.24224917864578188 0.3681975810508133 0.9493561027545199
-0.24263680002487392 0.3652214948265576 0.920606190986664
-0.24356082644788443 0.3627820669833645 0.8906063272519853
-0.24242108346872418 0.35827886536630565 0.859878581236383
-0.2416811879872262 0.3541757364205274 0.828242265791859
-0.23932506042487237 0.3484561191260065 0.7960815337206679
-0.23653781935093082 0.34230538526293297 0.7633799146529965
-0.2340998651850912 0.3365039032319533 0.7300408508536471
-0.23142810827455365 0.33046614371548433 0.6961682235809094
-0.22913654217380452 0.3248110454629506 0.6617419203458398
-0.22499940351635986 0.3173100074128455 0.627203484388017
-0.2212080646915572 0.3101551593265783 0.5924181907791697
-0.21715340305827577 0.30273701357673155 0.557493895903468
-0.2129980383480297 0.29521838038003073 0.5224985812304921
-0.20863599802576116 0.28749286853087963 0.4875546239182784
-0.20268732024012948 0.2781807481873143 0.4530112728083971
-0.19656592012654764 0.26869587759938846 0.4188739074362251
-0.18941584216700885 0.25818199403272013 0.3853571355241499
-0.18229772176315406 0.24770039605420002 0.352452396527007
-0.17435895293072975 0.23639823868728685 0.3203624534706578
-0.16596298834552425 0.22463878155138822 0.28919212197822575
-0.15649116240297853 0.211803478198657 0.2591660962240665
-0.1462582425866735 0.19820690676294067 0.23040570239504396
-0.13568884591965097 0.18427413342167875 0.2029604352178996
-0.12489246015923489 0.17011423207637333 0.17688562115515366
-0.11382781426989134 0.15568580987989009 0.1522568110300976
-0.10236880579223474 0.14086319158406158 0.12916738857422977
-0.09074094757334256 0.12587124809480224 0.10765374606016097
-0.07904089188543334 0.1108075054614883 0.08773429968968083
-0.06704478363983898 0.0954477283252021 0.06945434853159668
-0.05483728677029815 0.0798765947866806 0.052768938876694135
-0.04185112511322715 0.06352688609303286 0.03758303154666748
-0.026337139501657458 0.044649449675502266 0.023425071736199517

VECTORS Vvpm_AB float
-0.32946375012397766 0.560087263584137 -0.4173796474933624
-0.3294612467288971 0.5600853562355042 -0.4173844754695892
-0.3294684588909149 0.5600885152816772 -0.41737839579582214
-0.3294924199581146 0.5600922107696533 -0.41736659407615667
-0.3295094072818756 0.5600969791412354 -0.41735461354255676
-0.32953163981437683 0.5600998401641846 -0.4173448085784912
-0.3295884430408478 0.5601115822792053 -0.4173103272914887
-0.3295954763889313 0.5601117610931396 -0.41730979084968567
-0.32960453629493713 0.5601136684417725 -0.4173021614551544
-0.32959070801734924 0.5601121783256531 -0.41730752587318426
-0.3295740783214569 0.5601080060005188 -0.417319118976593
-0.32957038283348083 0.5601073503494263 -0.41731727123260504
-0.3295576870441437 0.5601060390472412 -0.4173208177089691
-0.3295471966266632 0.5601051449775696 -0.4173235595226288
-0.3295413553714752 0.5601024031639099 -0.41732946038246155
-0.32953140139579773 0.5601014494895935 -0.41733273863792425
-0.32953545451164246 0.5601018667221069 -0.41732570528984075
-0.3295258581638336 0.5601008534431458 -0.4173291325569153
-0.3295164406299591 0.560099720954895 -0.41733270883560186
-0.32950887084007263 0.5600987672805786 -0.41733413934707647
-0.3295036852359772 0.5600947737693787 -0.41734263300895696
-0.32949820160865784 0.5600945353507996 -0.417344331741333
-0.3294925391674042 0.5600941181182861 -0.41734537482261663
-0.3294943869113922 0.560093879699707 -0.41733950376510615
-0.3294889032840729 0.5600937604904175 -0.4173384904861451
-0.3295787274837494 0.5601091980934143 -0.41728064417839045
-0.3295714557170868 0.5601085424423218 -0.4172833561897277
-0.3295641243457794 0.5601074695587158 -0.417286366224289
-0.3295568525791168 0.560106635093689 -0.4172892272472382
-0.3295564353466034 0.5601012706756592 -0.4172977507114411
-0.32955029606819153 0.5601000189781189 -0.4173007309436798
-0.32954439520835876 0.5600990056991577 -0.41730380058288574
-0.3295440971851349 0.5600988268852234 -0.41729906201362615
-0.3295413553714752 0.5600988268852234 -0.41729938983917236
-0.3295380771160126 0.560099184513092 -0.41729971766471863
-0.3295347988605499 0.5600990653038025 -0.41730022430419916
-0.3295608460903168 0.5601010918617249 -0.41727110743522644
-0.32955530285835266 0.5601004362106323 -0.41727367043495184
-0.3295500576496124 0.5600997805595398 -0.417275995016098
-0.3295481503009796 0.5601017475128174 -0.41727301478385925
-0.3295455276966095 0.560103714466095 -0.4172705709934234
-0.3295404613018036 0.5601028800010681 -0.41727277636528015
-0.3295358121395111 0.5601027607917786 -0.4172742962837219
-0.32953080534935 0.5601021647453308 -0.41727596521377563
-0.32952603697776794 0.5601021647453308 -0.41727769374847407
-0.32952097058296204 0.5601013898849487 -0.41727942228317266
-0.329515665769577 0.560100793838501 -0.4172822535037995
-0.32951053977012634 0.560100257396698 -0.41728413105010986
-0.3295353949069977 0.5601048469543457 -0.4172723293304444
-0.3296094238758087 0.5601089000701904 -0.4172206223011017
-0.3296094834804535 0.5601064562797546 -0.4172227382659912
-0.32953551411628723 0.5600983500480652 -0.41727796196937567
-0.329510360956192 0.5600935220718384 -0.4172897934913635
-0.3295154869556427 0.5600939393043518 -0.41728761792182917
-0.32952138781547546 0.5600955486297607 -0.4172848463058471
-0.32952603697776794 0.5600957870483398 -0.4172830879688263
-0.3295309841632843 0.5600959658622742 -0.41728121042251587
-0.3295356333255768 0.5600963830947876 -0.41727954149246216
-0.32954058051109314 0.5600969791412354 -0.41727772355079645
-0.3295459449291229 0.5600976347923279 -0.41727569699287415
-0.3295481503009796 0.560096263885498 -0.417277842760086
-0.32954999804496765 0.5600938200950623 -0.4172807931900025
-0.32955560088157654 0.5600946545600891 -0.4172782301902771
-0.32956060767173767 0.5600956082344055 -0.41727569699287415
-0.3295349180698395 0.5600897669792175 -0.4173082113265991
-0.3295383155345917 0.5600895881652832 -0.41730755567550665
-0.32954153418540955 0.5600900053977966 -0.4173070192337036
-0.32954445481300354 0.5600900053977966 -0.4173065423965454
-0.32954439520835876 0.5600935816764832 -0.4173083007335663
-0.3295506536960602 0.560094952583313 -0.41730526089668274
-0.3295566141605377 0.5600962042808533 -0.4173021614551544
-0.3295568525791168 0.5600998401641846 -0.41729491949081426
-0.3295641243457794 0.5601010322570801 -0.4172918796539306
-0.3295716345310211 0.5601019859313965 -0.41728872060775757
-0.3295789062976837 0.5601029396057129 -0.4172861278057098
-0.3294890820980072 0.5600897073745728 -0.4173422157764435
-0.3294946253299713 0.5600917339324951 -0.4173413813114166
-0.3294928967952728 0.5600897073745728 -0.41734942793846125
-0.32949820160865784 0.5600897669792175 -0.4173482954502106
-0.3295038640499115 0.560090184211731 -0.4173464477062225
-0.32950910925865173 0.5600934624671936 -0.41733887791633606
-0.3295166790485382 0.560096025466919 -0.4173360764980316
-0.32952603697776794 0.5600970983505249 -0.41733214259147644
-0.32953545451164246 0.5600983500480652 -0.41732871532440186
-0.32953163981437683 0.5600970983505249 -0.4173361659049988
-0.3295411765575409 0.5600982308387756 -0.4173328876495362
-0.32954731583595276 0.5601016283035278 -0.417326420545578
-0.32955774664878845 0.5601040720939636 -0.41732281446456904
-0.32957032322883606 0.5601062178611755 -0.4173181354999542
-0.3295745551586151 0.5601060390472412 -0.41732057929039
-0.3295905888080597 0.5601083636283875 -0.4173106253147125
-0.32960471510887146 0.5601091384887695 -0.4173060059547425
-0.3295953571796417 0.5601049661636353 -0.41731539368629456
-0.32958880066871643 0.5601040124893188 -0.41731691360473633
-0.32953163981437683 0.5600929260253906 -0.4173504114151001
-0.3295097053050995 0.5600888133049011 -0.4173615574836731
-0.3294928967952728 0.5600841045379639 -0.41737341880798345
-0.3294685184955597 0.5600794553756714 -0.4173858761787414
-0.3294614255428314 0.5600764155387878 -0.41739198565483093
-0.32946404814720154 0.5600769519805908 -0.4173884093761444
-0.32946375012397766 0.560087263584137 -0.4173796474933624
-0.3294612467288971 0.5600853562355042 -0.4173844754695892
-0.3294684588909149 0.5600885152816772 -0.41737839579582214
-0.3294924199581146 0.5600922107696533 -0.41736659407615667
-0.3295094072818756 0.5600969791412354 -0.41735461354255676
-0.32953163981437683 0.5600998401641846 -0.4173448085784912
-0.3295884430408478 0.5601115822792053 -0.4173103272914887
-0.3295954763889313 0.5601117610931396 -0.41730979084968567
-0.32960453629493713 0.5601136684417725 -0.4173021614551544
-0.32959070801734924 0.5601121783256531 -0.41730752587318426
-0.3295740783214569 0.5601080060005188 -0.417319118976593
-0.32957038283348083 0.5601073503494263 -0.41731727123260504
-0.3295576870441437 0.5601060390472412 -0.4173208177089691
-0.3295471966266632 0.5601051449775696 -0.4173235595226288
-0.3295413553714752 0.5601024031639099 -0.41732946038246155
-0.32953140139579773 0.5601014494895935 -0.41733273863792425
-0.32953545451164246 0.5601018667221069 -0.41732570528984075
-0.3295258581638336 0.5601008534431458 -0.4173291325569153
-0.3295164406299591 0.560099720954895 -0.41733270883560186
-0.32950887084007263 0.5600987672805786 -0.41733413934707647
-0.3295036852359772 0.5600947737693787 -0.41734263300895696
-0.32949820160865784 0.5600945353507996 -0.417344331741333
-0.3294925391674042 0.5600941181182861 -0.41734537482261663
-0.3294943869113922 0.560093879699707 -0.41733950376510615
-0.3294889032840729 0.5600937604904175 -0.4173384904861451
-0.3295787274837494 0.5601091980934143 -0.41728064417839045
-0.3295714557170868 0.5601085424423218 -0.4172833561897277
-0.3295641243457794 0.5601074695587158 -0.417286366224289
-0.3295568525791168 0.560106635093689 -0.4172892272472382
-0.3295564353466034 0.5601012706756592 -0.4172977507114411
-0.32955029606819153 0.5601000189781189 -0.4173007309436798
-0.32954439520835876 0.5600990056991577 -0.41730380058288574
-0.3295440971851349 0.5600988268852234 -0.41729906201362615
-0.3295413553714752 0.5600988268852234 -0.41729938983917236
-0.3295380771160126 0.560099184513092 -0.41729971766471863
-0.3295347988605499 0.5600990653038025 -0.41730022430419916
-0.3295608460903168 0.5601010918617249 -0.41727110743522644
-0.32955530285835266 0.5601004362106323 -0.41727367043495184
-0.3295500576496124 0.5600997805595398 -0.417275995016098
-0.3295481503009796 0.5601017475128174 -0.41727301478385925
-0.3295455276966095 0.560103714466095 -0.4172705709934234
-0.3295404613018036 0.5601028800010681 -0.41727277636528015
-0.3295358121395111 0.5601027607917786 -0.4172742962837219
-0.32953080534935 0.5601021647453308 -0.41727596521377563
-0.32952603697776794 0.5601021647453308 -0.41727769374847407
-0.32952097058296204 0.5601013898849487 -0.41727942228317266
-0.329515665769577 0.560100793838501 -0.4172822535037995
-0.32951053977012634 0.560100257396698 -0.41728413105010986
-0.3295353949069977 0.5601048469543457 -0.4172723293304444
-0.3296094238758087 0.5601089000701904 -0.4172206223011017
-0.3296094834804535 0.5601064562797546 -0.4172227382659912
-0.32953551411628723 0.5600983500480652 -0.41727796196937567
-0.329510360956192 0.5600935220718384 -0.4172897934913635
-0.3295154869556427 0.5600939393043518 -0.41728761792182917
-0.32952138781547546 0.5600955486297607 -0.4172848463058471
-0.32952603697776794 0.5600957870483398 -0.4172830879688263
-0.3295309841632843 0.5600959658622742 -0.41728121042251587
-0.3295356333255768 0.5600963830947876 -0.41727954149246216
-0.32954058051109314 0.5600969791412354 -0.41727772355079645
-0.3295459449291229 0.5600976347923279 -0.41727569699287415
-0.3295481503009796 0.560096263885498 -0.417277842760086
-0.32954999804496765 0.5600938200950623 -0.4172807931900025
-0.32955560088157654 0.5600946545600891 -0.4172782301902771
-0.32956060767173767 0.5600956082344055 -0.41727569699287415
-0.3295349180698395 0.5600897669792175 -0.4173082113265991
-0.3295383155345917 0.5600895881652832 -0.41730755567550665
-0.32954153418540955 0.5600900053977966 -0.4173070192337036
-0.32954445481300354 0.5600900053977966 -0.4173065423965454
-0.32954439520835876 0.5600935816764832 -0.4173083007335663
-0.3295506536960602 0.560094952583313 -0.41730526089668274
-0.3295566141605377 0.5600962042808533 -0.4173021614551544
-0.3295568525791168 0.5600998401641846 -0.41729491949081426
-0.3295641243457794 0.5601010322570801 -0.4172918796539306
-0.3295716345310211 0.5601019859313965 -0.41728872060775757
-0.3295789062976837 0.5601029396057129 -0.4172861278057098
-0.3294890820980072 0.5600897073745728 -0.4173422157764435
-0.3294946253299713 0.5600917339324951 -0.4173413813114166
-0.3294928967952728 0.5600897073745728 -0.41734942793846125
-0.32949820160865784 0.5600897669792175 -0.4173482954502106
-0.3295038640499115 0.560090184211731 -0.4173464477062225
-0.32950910925865173 0.5600934624671936 -0.41733887791633606
-0.3295166790485382 0.560096025466919 -0.4173360764980316
-0.32952603697776794 0.5600970983505249 -0.41733214259147644
-0.32953545451164246 0.5600983500480652 -0.41732871532440186
-0.32953163981437683 0.5600970983505249 -0.4173361659049988
-0.3295411765575409 0.5600982308387756 -0.4173328876495362
-0.32954731583595276 0.5601016283035278 -0.417326420545578
-0.32955774664878845 0.5601040720939636 -0.41732281446456904
-0.32957032322883606 0.5601062178611755 -0.4173181354999542
-0.3295745551586151 0.5601060390472412 -0.41732057929039
-0.3295905888080597 0.5601083636283875 -0.4173106253147125
-0.32960471510887146 0.5601091384887695 -0.4173060059547425
-0.3295953571796417 0.5601049661636353 -0.41731539368629456
-0.32958880066871643 0.5601040124893188 -0.41731691360473633
-0.32953163981437683 0.5600929260253906 -0.4173504114151001
-0.3295097053050995 0.5600888133049011 -0.4173615574836731
-0.3294928967952728 0.5600841045379639 -0.41737341880798345
-0.3294685184955597 0.5600794553756714 -0.4173858761787414
-0.3294614255428314 0.5600764155387878 -0.41739198565483093
-0.32946404814720154 0.5600769519805908 -0.4173884093761444