# vtk DataFile Version 4.0
[MyVLM domain - lattices] 
ASCII
DATASET UNSTRUCTURED_GRID
POINTS 302 float
1.2444999999999997 -1.2445 0.0
1.2399745454545452 -1.2399745454545454 0.0
1.2346178849721705 -1.2346178849721707 0.0
1.2284300185528754 -1.2284300185528756 0.0
1.2214109461966602 -1.2214109461966605 0.0
1.2135606679035247 -1.213560667903525 0.0
1.2048791836734691 -1.2048791836734694 0.0
1.1953664935064932 -1.1953664935064934 0.0
1.1850225974025972 -1.1850225974025974 0.0
1.1738474953617808 -1.173847495361781 0.0
1.1618411873840442 -1.1618411873840444 0.0
1.1490036734693874 -1.1490036734693876 0.0
1.1353349536178106 -1.1353349536178108 0.0
1.1208350278293133 -1.1208350278293135 0.0
1.1055038961038959 -1.105503896103896 0.0
1.0893415584415582 -1.0893415584415584 0.0
1.0723480148423004 -1.0723480148423006 0.0
1.054523265306122 -1.0545232653061223 0.0
1.0358673098330238 -1.035867309833024 0.0
1.0163801484230053 -1.0163801484230055 0.0
0.9960617810760664 -0.9960617810760668 0.0
0.9749122077922076 -0.9749122077922077 0.0
0.9529314285714284 -0.9529314285714284 0.0
0.9301194434137288 -0.930119443413729 0.0
0.9064762523191091 -0.9064762523191096 0.0
0.8820018552875695 -0.8820018552875695 0.0
0.8566962523191093 -0.8566962523191094 0.0
0.8305594434137288 -0.8305594434137291 0.0
0.8035914285714284 -0.8035914285714285 0.0
0.7757922077922076 -0.7757922077922077 0.0
0.7471617810760666 -0.7471617810760667 0.0
0.7177001484230053 -0.7177001484230054 0.0
0.6874073098330239 -0.687407309833024 0.0
0.6562832653061222 -0.6562832653061225 0.0
0.6243280148423004 -0.6243280148423005 0.0
0.5915415584415582 -0.5915415584415583 0.0
0.5579238961038958 -0.5579238961038959 0.0
0.5234750278293133 -0.5234750278293134 0.0
0.48819495361781057 -0.48819495361781057 0.0
0.4520836734693877 -0.4520836734693877 0.0
0.4151411873840445 -0.4151411873840446 0.0
0.37736749536178105 -0.37736749536178116 0.0
0.3387625974025974 -0.3387625974025974 0.0
0.2993264935064933 -0.29932649350649343 0.0
0.25905918367346925 -0.25905918367346925 0.0
0.21796066790352486 -0.21796066790352486 0.0
0.17603094619666027 -0.1760309461966605 0.0
0.13327001855287546 -0.13327001855287568 0.0
0.08967788497217066 -0.08967788497217066 0.0
0.045254545454545436 -0.045254545454545436 0.0
0.0 0.0 0.0
0.04525454545454545 0.04525454545454546 0.0
0.08967788497217066 0.08967788497217068 0.0
0.13327001855287568 0.1332700185528757 0.0
0.17603094619666046 0.1760309461966605 0.0
0.21796066790352497 0.21796066790352508 0.0
0.2590591836734693 0.25905918367346936 0.0
0.29932649350649343 0.2993264935064935 0.0
0.3387625974025973 0.33876259740259734 0.0
0.37736749536178094 0.377367495361781 0.0
0.41514118738404443 0.4151411873840445 0.0
0.45208367346938766 0.4520836734693878 0.0
0.48819495361781057 0.4881949536178107 0.0
0.5234750278293133 0.5234750278293134 0.0
0.5579238961038959 0.557923896103896 0.0
0.5915415584415582 0.5915415584415583 0.0
0.6243280148423003 0.6243280148423004 0.0
0.6562832653061222 0.6562832653061225 0.0
0.687407309833024 0.6874073098330241 0.0
0.7177001484230054 0.7177001484230056 0.0
0.7471617810760667 0.7471617810760669 0.0
0.7757922077922076 0.7757922077922077 0.0
0.8035914285714284 0.8035914285714285 0.0
0.8305594434137288 0.830559443413729 0.0
0.8566962523191093 0.8566962523191094 0.0
0.8820018552875692 0.8820018552875695 0.0
0.9064762523191091 0.9064762523191093 0.0
0.9301194434137288 0.9301194434137292 0.0
0.9529314285714284 0.9529314285714284 0.0
0.9749122077922076 0.9749122077922077 0.0
0.9960617810760666 0.9960617810760668 0.0
1.0163801484230053 1.0163801484230055 0.0
1.0358673098330238 1.035867309833024 0.0
1.054523265306122 1.0545232653061223 0.0
1.0723480148423001 1.0723480148423004 0.0
1.0893415584415582 1.0893415584415584 0.0
1.1055038961038959 1.105503896103896 0.0
1.120835027829313 1.1208350278293133 0.0
1.1353349536178106 1.1353349536178106 0.0
1.1490036734693874 1.1490036734693876 0.0
1.1618411873840444 1.1618411873840446 0.0
1.1738474953617808 1.173847495361781 0.0
1.1850225974025972 1.1850225974025972 0.0
1.1953664935064932 1.1953664935064934 0.0
1.2048791836734691 1.2048791836734694 0.0
1.2135606679035245 1.2135606679035247 0.0
1.22141094619666 1.2214109461966602 0.0
1.2284300185528754 1.2284300185528756 0.0
1.2346178849721703 1.2346178849721705 0.0
1.2399745454545452 1.2399745454545454 0.0
1.2444999999999997 1.2445 0.0
1.7422999999999997 -1.2445 0.0
1.7377745454545452 -1.2399745454545454 0.0
1.7324178849721703 -1.2346178849721707 0.0
1.7262300185528754 -1.2284300185528756 0.0
1.7192109461966603 -1.2214109461966605 0.0
1.7113606679035245 -1.213560667903525 0.0
1.7026791836734692 -1.2048791836734694 0.0
1.6931664935064934 -1.1953664935064934 0.0
1.6828225974025972 -1.1850225974025974 0.0
1.6716474953617806 -1.173847495361781 0.0
1.6596411873840444 -1.1618411873840444 0.0
1.6468036734693878 -1.1490036734693876 0.0
1.6331349536178106 -1.1353349536178108 0.0
1.6186350278293133 -1.1208350278293135 0.0
1.603303896103896 -1.105503896103896 0.0
1.5871415584415582 -1.0893415584415584 0.0
1.5701480148423004 -1.0723480148423006 0.0
1.552323265306122 -1.0545232653061223 0.0
1.5336673098330238 -1.035867309833024 0.0
1.5141801484230053 -1.0163801484230055 0.0
1.4938617810760666 -0.9960617810760668 0.0
1.4727122077922075 -0.9749122077922077 0.0
1.4507314285714283 -0.9529314285714284 0.0
1.4279194434137288 -0.930119443413729 0.0
1.4042762523191092 -0.9064762523191096 0.0
1.3798018552875693 -0.8820018552875695 0.0
1.3544962523191093 -0.8566962523191094 0.0
1.328359443413729 -0.8305594434137291 0.0
1.3013914285714283 -0.8035914285714285 0.0
1.2735922077922077 -0.7757922077922077 0.0
1.2449617810760665 -0.7471617810760667 0.0
1.2155001484230055 -0.7177001484230054 0.0
1.1852073098330238 -0.687407309833024 0.0
1.1540832653061224 -0.6562832653061225 0.0
1.1221280148423003 -0.6243280148423005 0.0
1.0893415584415582 -0.5915415584415583 0.0
1.055723896103896 -0.5579238961038959 0.0
1.0212750278293132 -0.5234750278293134 0.0
0.9859949536178108 -0.48819495361781057 0.0
0.9498836734693876 -0.4520836734693877 0.0
0.9129411873840445 -0.4151411873840446 0.0
0.875167495361781 -0.37736749536178116 0.0
0.8365625974025973 -0.3387625974025974 0.0
0.7971264935064933 -0.29932649350649343 0.0
0.7568591836734693 -0.25905918367346925 0.0
0.7157606679035249 -0.21796066790352486 0.0
0.6738309461966603 -0.1760309461966605 0.0
0.6310700185528755 -0.13327001855287568 0.0
0.5874778849721707 -0.08967788497217066 0.0
0.5430545454545455 -0.045254545454545436 0.0
0.4978 0.0 0.0
0.5430545454545455 0.04525454545454546 0.0
0.5874778849721707 0.08967788497217068 0.0
0.6310700185528757 0.1332700185528757 0.0
0.6738309461966605 0.1760309461966605 0.0
0.715760667903525 0.21796066790352508 0.0
0.7568591836734693 0.25905918367346936 0.0
0.7971264935064934 0.2993264935064935 0.0
0.8365625974025973 0.33876259740259734 0.0
0.875167495361781 0.377367495361781 0.0
0.9129411873840445 0.4151411873840445 0.0
0.9498836734693876 0.4520836734693878 0.0
0.9859949536178105 0.4881949536178107 0.0
1.0212750278293132 0.5234750278293134 0.0
1.055723896103896 0.557923896103896 0.0
1.0893415584415582 0.5915415584415583 0.0
1.1221280148423003 0.6243280148423004 0.0
1.1540832653061224 0.6562832653061225 0.0
1.185207309833024 0.6874073098330241 0.0
1.2155001484230055 0.7177001484230056 0.0
1.2449617810760667 0.7471617810760669 0.0
1.2735922077922077 0.7757922077922077 0.0
1.3013914285714283 0.8035914285714285 0.0
1.3283594434137287 0.830559443413729 0.0
1.3544962523191093 0.8566962523191094 0.0
1.3798018552875693 0.8820018552875695 0.0
1.4042762523191092 0.9064762523191093 0.0
1.427919443413729 0.9301194434137292 0.0
1.4507314285714283 0.9529314285714284 0.0
1.4727122077922075 0.9749122077922077 0.0
1.4938617810760666 0.9960617810760668 0.0
1.5141801484230053 1.0163801484230055 0.0
1.5336673098330238 1.035867309833024 0.0
1.552323265306122 1.0545232653061223 0.0
1.5701480148423002 1.0723480148423004 0.0
1.5871415584415582 1.0893415584415584 0.0
1.603303896103896 1.105503896103896 0.0
1.6186350278293131 1.1208350278293133 0.0
1.6331349536178106 1.1353349536178106 0.0
1.6468036734693874 1.1490036734693876 0.0
1.6596411873840444 1.1618411873840446 0.0
1.6716474953617806 1.173847495361781 0.0
1.6828225974025972 1.1850225974025972 0.0
1.6931664935064934 1.1953664935064934 0.0
1.7026791836734692 1.2048791836734694 0.0
1.7113606679035245 1.2135606679035247 0.0
1.71921094619666 1.2214109461966602 0.0
1.7262300185528754 1.2284300185528756 0.0
1.7324178849721703 1.2346178849721705 0.0
1.7377745454545452 1.2399745454545454 0.0
1.7422999999999997 1.2445 0.0
1.6155872727272724 -1.2422372727272726 0.0
1.6106462152133578 -1.237296215213358 0.0
1.604873951762523 -1.2315239517625232 0.0
1.598270482374768 -1.224920482374768 0.0
1.5908358070500925 -1.2174858070500927 0.0
1.582569925788497 -1.2092199257884972 0.0
1.5734728385899812 -1.2001228385899814 0.0
1.5635445454545454 -1.1901945454545453 0.0
1.552785046382189 -1.1794350463821892 0.0
1.5411943413729126 -1.1678443413729127 0.0
1.5287724304267158 -1.155422430426716 0.0
1.5155193135435991 -1.142169313543599 0.0
1.501434990723562 -1.1280849907235622 0.0
1.4865194619666047 -1.1131694619666048 0.0
1.4707727272727271 -1.0974227272727273 0.0
1.4541947866419294 -1.0808447866419293 0.0
1.4367856400742112 -1.0634356400742113 0.0
1.418545287569573 -1.0451952875695731 0.0
1.3994737291280146 -1.0261237291280147 0.0
1.379570964749536 -1.0062209647495362 0.0
1.358836994434137 -0.9854869944341371 0.0
1.337271818181818 -0.9639218181818181 0.0
1.3148754359925787 -0.9415254359925787 0.0
1.291647847866419 -0.9182978478664192 0.0
1.2675890538033394 -0.8942390538033393 0.0
1.2426990538033393 -0.8693490538033395 0.0
1.2169778478664193 -0.8436278478664192 0.0
1.1904254359925788 -0.8170754359925788 0.0
1.163041818181818 -0.7896918181818181 0.0
1.1348269944341371 -0.7614769944341371 0.0
1.105780964749536 -0.7324309647495362 0.0
1.0759037291280147 -0.7025537291280148 0.0
1.0451952875695731 -0.6718452875695733 0.0
1.0136556400742114 -0.6403056400742114 0.0
0.9812847866419293 -0.6079347866419293 0.0
0.9480827272727271 -0.5747327272727272 0.0
0.9140494619666047 -0.5406994619666048 0.0
0.8791849907235622 -0.5058349907235622 0.0
0.8434893135435992 -0.47013931354359917 0.0
0.8069624304267162 -0.43361243042671627 0.0
0.7696043413729128 -0.3962543413729128 0.0
0.7314150463821893 -0.3580650463821894 0.0
0.6923945454545455 -0.3190445454545454 0.0
0.6525428385899814 -0.27919283858998134 0.0
0.6118599257884971 -0.23850992578849706 0.0
0.5703458070500929 -0.19699580705009279 0.0
0.5280004823747682 -0.15465048237476808 0.0
0.4848239517625232 -0.11147395176252317 0.0
0.4408162152133581 -0.06746621521335805 0.0
0.39597727272727273 -0.022627272727272718 0.0
0.39597727272727273 0.02262727272727273 0.0
0.4408162152133581 0.06746621521335806 0.0
0.4848239517625232 0.11147395176252319 0.0
0.528000482374768 0.15465048237476808 0.0
0.5703458070500929 0.19699580705009276 0.0
0.6118599257884971 0.23850992578849717 0.0
0.6525428385899814 0.2791928385899814 0.0
0.6923945454545455 0.3190445454545454 0.0
0.7314150463821891 0.3580650463821891 0.0
0.7696043413729128 0.39625434137291277 0.0
0.8069624304267162 0.43361243042671616 0.0
0.8434893135435992 0.4701393135435992 0.0
0.8791849907235619 0.5058349907235621 0.0
0.9140494619666046 0.5406994619666047 0.0
0.9480827272727271 0.5747327272727272 0.0
0.9812847866419294 0.6079347866419295 0.0
1.0136556400742114 0.6403056400742114 0.0
1.0451952875695731 0.6718452875695732 0.0
1.0759037291280147 0.7025537291280147 0.0
1.105780964749536 0.7324309647495362 0.0
1.1348269944341371 0.7614769944341373 0.0
1.163041818181818 0.789691818181818 0.0
1.1904254359925786 0.8170754359925786 0.0
1.216977847866419 0.843627847866419 0.0
1.2426990538033393 0.8693490538033394 0.0
1.2675890538033392 0.8942390538033393 0.0
1.291647847866419 0.9182978478664192 0.0
1.3148754359925787 0.9415254359925787 0.0
1.3372718181818182 0.9639218181818181 0.0
1.3588369944341372 0.9854869944341373 0.0
1.379570964749536 1.0062209647495362 0.0
1.3994737291280148 1.0261237291280147 0.0
1.418545287569573 1.0451952875695731 0.0
1.4367856400742112 1.0634356400742113 0.0
1.4541947866419291 1.0808447866419293 0.0
1.470772727272727 1.097422727272727 0.0
1.4865194619666047 1.1131694619666048 0.0
1.501434990723562 1.128084990723562 0.0
1.5155193135435991 1.1421693135435993 0.0
1.528772430426716 1.1554224304267162 0.0
1.5411943413729128 1.1678443413729127 0.0
1.5527850463821888 1.179435046382189 0.0
1.5635445454545451 1.1901945454545453 0.0
1.573472838589981 1.2001228385899811 0.0
1.5825699257884969 1.209219925788497 0.0
1.5908358070500925 1.2174858070500927 0.0
1.5982704823747678 1.224920482374768 0.0
1.604873951762523 1.2315239517625232 0.0
1.6106462152133578 1.237296215213358 0.0
1.6155872727272724 1.2422372727272726 0.0

CELLS 200 700
4 0 101 102 1
4 1 102 103 2
4 2 103 104 3
4 3 104 105 4
4 4 105 106 5
4 5 106 107 6
4 6 107 108 7
4 7 108 109 8
4 8 109 110 9
4 9 110 111 10
4 10 111 112 11
4 11 112 113 12
4 12 113 114 13
4 13 114 115 14
4 14 115 116 15
4 15 116 117 16
4 16 117 118 17
4 17 118 119 18
4 18 119 120 19
4 19 120 121 20
4 20 121 122 21
4 21 122 123 22
4 22 123 124 23
4 23 124 125 24
4 24 125 126 25
4 25 126 127 26
4 26 127 128 27
4 27 128 129 28
4 28 129 130 29
4 29 130 131 30
4 30 131 132 31
4 31 132 133 32
4 32 133 134 33
4 33 134 135 34
4 34 135 136 35
4 35 136 137 36
4 36 137 138 37
4 37 138 139 38
4 38 139 140 39
4 39 140 141 40
4 40 141 142 41
4 41 142 143 42
4 42 143 144 43
4 43 144 145 44
4 44 145 146 45
4 45 146 147 46
4 46 147 148 47
4 47 148 149 48
4 48 149 150 49
4 49 150 151 50
4 50 151 152 51
4 51 152 153 52
4 52 153 154 53
4 53 154 155 54
4 54 155 156 55
4 55 156 157 56
4 56 157 158 57
4 57 158 159 58
4 58 159 160 59
4 59 160 161 60
4 60 161 162 61
4 61 162 163 62
4 62 163 164 63
4 63 164 165 64
4 64 165 166 65
4 65 166 167 66
4 66 167 168 67
4 67 168 169 68
4 68 169 170 69
4 69 170 171 70
4 70 171 172 71
4 71 172 173 72
4 72 173 174 73
4 73 174 175 74
4 74 175 176 75
4 75 176 177 76
4 76 177 178 77
4 77 178 179 78
4 78 179 180 79
4 79 180 181 80
4 80 181 182 81
4 81 182 183 82
4 82 183 184 83
4 83 184 185 84
4 84 185 186 85
4 85 186 187 86
4 86 187 188 87
4 87 188 189 88
4 88 189 190 89
4 89 190 191 90
4 90 191 192 91
4 91 192 193 92
4 92 193 194 93
4 93 194 195 94
4 94 195 196 95
4 95 196 197 96
4 96 197 198 97
4 97 198 199 98
4 98 199 200 99
4 99 200 201 100
1 202
1 203
1 204
1 205
1 206
1 207
1 208
1 209
1 210
1 211
1 212
1 213
1 214
1 215
1 216
1 217
1 218
1 219
1 220
1 221
1 222
1 223
1 224
1 225
1 226
1 227
1 228
1 229
1 230
1 231
1 232
1 233
1 234
1 235
1 236
1 237
1 238
1 239
1 240
1 241
1 242
1 243
1 244
1 245
1 246
1 247
1 248
1 249
1 250
1 251
1 252
1 253
1 254
1 255
1 256
1 257
1 258
1 259
1 260
1 261
1 262
1 263
1 264
1 265
1 266
1 267
1 268
1 269
1 270
1 271
1 272
1 273
1 274
1 275
1 276
1 277
1 278
1 279
1 280
1 281
1 282
1 283
1 284
1 285
1 286
1 287
1 288
1 289
1 290
1 291
1 292
1 293
1 294
1 295
1 296
1 297
1 298
1 299
1 300
1 301

CELL_TYPES 200
9
9
9
9
9
9
9
9
9
9
9
9
9
9
9
9
9
9
9
9
9
9
9
9
9
9
9
9
9
9
9
9
9
9
9
9
9
9
9
9
9
9
9
9
9
9
9
9
9
9
9
9
9
9
9
9
9
9
9
9
9
9
9
9
9
9
9
9
9
9
9
9
9
9
9
9
9
9
9
9
9
9
9
9
9
9
9
9
9
9
9
9
9
9
9
9
9
9
9
9
1
1
1
1
1
1
1
1
1
1
1
1
1
1
1
1
1
1
1
1
1
1
1
1
1
1
1
1
1
1
1
1
1
1
1
1
1
1
1
1
1
1
1
1
1
1
1
1
1
1
1
1
1
1
1
1
1
1
1
1
1
1
1
1
1
1
1
1
1
1
1
1
1
1
1
1
1
1
1
1
1
1
1
1
1
1
1
1
1
1
1
1
1
1
1
1
1
1
1
1

CELL_DATA 200

VECTORS Vinf float
8.793598208186552 0.8076871037483215 4.092551626424939
8.797898921725675 0.8235798478126527 4.113875784139783
8.796109709498808 0.8168573975563048 4.104782439928204
8.796923610923216 0.8199877142906189 4.1090488509942595
8.795193943736479 0.8136077523231506 4.100479282598645
8.799904737231657 0.8316671252250672 4.12504980729118
8.79278377032034 0.8050983548164368 4.089255310754925
8.787765059230253 0.7879446744918823 4.067079790096432
8.783988151309416 0.7754698991775513 4.05137974784866
8.77721080517523 0.7532644867897034 4.024143882255704
8.77225360607855 0.7369013428688049 4.004619129161984
8.766027602908537 0.7158796191215515 3.980157502155454
8.770323011634275 0.7304208278656006 3.997004322867543
8.77626744246237 0.7501095533370972 4.020328320722729
8.77424130177252 0.7434819340705872 4.012419961552769
8.775855872390196 0.7487453818321228 4.018689982752949
8.773332926986143 0.7404456734657288 4.0088148193170134
8.773205611464903 0.7400012016296387 4.008283145885617
8.772059652564451 0.7361539006233215 4.003727086048276
8.780025515315458 0.7623840570449829 4.03519844279781
8.781599673983976 0.7675227522850037 4.041499711733014
8.780543002841398 0.7640331983566284 4.037201129059941
8.779513451812193 0.7606343030929565 4.033036969761998
8.775356743094846 0.7470237612724304 4.016620196561963
8.779002699611112 0.758984386920929 4.031046100120694
8.77818587755911 0.75629061460495 4.027768783431203
8.777390870807096 0.7536629438400269 4.024584360580594
8.77406892513983 0.7427461743354797 4.0115122871209685
8.773296627757475 0.7401666045188904 4.008444897990376
8.777940783259794 0.7555539011955261 4.026909150343091
8.77712181544058 0.7528421878814697 4.023625515561253
8.782748672721311 0.771221399307251 4.046073652963788
8.786362025496885 0.783158540725708 4.061019994478375
8.785705361125395 0.7809547185897827 4.058231301765591
8.785056862590238 0.7787891626358032 4.055501826267392
8.784417900798246 0.7766632437705994 4.05283273027435
8.783788833377287 0.7745773792266846 4.050223596553952
8.779404315707609 0.7602285146713257 4.032556988458783
8.778798017260954 0.7582307457923889 4.030121363859326
8.7782019708132 0.7562711834907532 4.027741111974866
8.77761808371298 0.7543515563011169 4.025415532450825
8.77347430920355 0.7407508492469788 4.009152271013409
8.765954289195463 0.7154867649078369 3.979719810347707
8.765419456717893 0.7136232852935791 3.9775760398913924
8.764378163573667 0.7100493311882019 3.973516322832257
8.763951811549589 0.7085345387458801 3.971781112413556
8.763537022826597 0.7070477604866028 3.9700786547471587
8.763131174800321 0.705589234828949 3.968412287693173
8.771206412074491 0.7332058548927307 4.000271089534909
8.76598170733206 0.7158522009849548 3.9801901058961455
8.756354245898649 0.681213915348053 3.9410459773351256
8.76354566550009 0.707085907459259 3.9701272325326507
8.763201210257932 0.7058383822441101 3.9687007145692412
8.763607296702787 0.7072916030883789 3.970360346298367
8.764021131751463 0.7087739109992981 3.972057737569959
8.76444647049658 0.7102839350700378 3.973787941198499
8.759494337794706 0.6925652027130127 3.9536878840734073
8.767409059760496 0.7204635143280029 3.985443540077359
8.767924878356382 0.7222371101379395 3.9875000046302382
8.772361430880949 0.7371081113815308 4.004877560000569
8.772891852614805 0.7388819456100464 4.006977059106976
8.773435387370512 0.7406952977180481 4.009128175835759
8.773990366218015 0.7425479888916016 4.011333085756451
8.77455833887808 0.7444391250610352 4.013588540415913
8.775139126536772 0.7463678121566772 4.015895046453625
8.780060086009428 0.7624479532241821 4.035309977989346
8.780681285617277 0.764495849609375 4.037824221115262
8.781313571689054 0.7665843963623047 4.040397145013959
8.782858404872343 0.7715809345245361 4.046522356729657
8.7772254083132 0.7531836628913879 4.024037890296132
8.778042289969846 0.7558848261833191 4.02731005118385
8.77337870335333 0.7404340505599976 4.008762739758641
8.774148676154539 0.7430054545402527 4.011822112064511
8.777464840171262 0.753899872303009 4.024872906665951
8.77825752234213 0.7565203905105591 4.028050147156865
8.779071364161894 0.7592069506645203 4.031319879155308
8.772792908904478 0.7385957837104797 4.0066159443666045
8.776408049819395 0.7505106329917908 4.020810730915219
8.77739504313223 0.7537791132926941 4.0247568415214126
8.77841142153494 0.7571403384208679 4.028834767799527
8.776839051005766 0.7520068287849426 4.022637315254361
8.769257936236784 0.7268147468566895 3.992809124450833
8.770337018725797 0.7304949760437012 3.9971176610995833
8.768200847861692 0.7233482599258423 3.9888068513681
8.773068103549406 0.7396053671836853 4.007829658847005
8.771482560393736 0.7343899011611938 4.001690991382748
8.771389219520017 0.734074592590332 4.001322321753651
8.76578387951605 0.715058445930481 3.9792239444066584
8.764974984881803 0.7122554779052734 3.9759970383454863
8.770367238280699 0.7306472063064575 3.9972854630757872
8.777287456748411 0.7535200119018555 4.024455167513043
8.782187673804685 0.7695840001106262 4.044085748653561
8.784094247577116 0.7757958173751831 4.05178777144447
8.789470467326566 0.7936854958534241 4.074442126016766
8.7948274943804 0.8123825192451477 4.0989065544416015
8.79388252234213 0.8088765144348145 4.094207890491635
8.797255787608549 0.8212236166000366 4.110726125698239
8.793260786292478 0.8065619468688965 4.091114409427792
8.793746862170622 0.8082787394523621 4.093386687498242
8.790336642024442 0.7963187098503113 4.077732987861783
8.793598208186552 0.8076871037483215 4.092551626424939
8.797898921725675 0.8235798478126527 4.113875784139783
8.796109709498808 0.8168573975563048 4.104782439928204
8.796923610923216 0.8199877142906189 4.1090488509942595
8.795193943736479 0.8136077523231506 4.100479282598645
8.799904737231657 0.8316671252250672 4.12504980729118
8.79278377032034 0.8050983548164368 4.089255310754925
8.787765059230253 0.7879446744918823 4.067079790096432
8.783988151309416 0.7754698991775513 4.05137974784866
8.77721080517523 0.7532644867897034 4.024143882255704
8.77225360607855 0.7369013428688049 4.004619129161984
8.766027602908537 0.7158796191215515 3.980157502155454
8.770323011634275 0.7304208278656006 3.997004322867543
8.77626744246237 0.7501095533370972 4.020328320722729
8.77424130177252 0.7434819340705872 4.012419961552769
8.775855872390196 0.7487453818321228 4.018689982752949
8.773332926986143 0.7404456734657288 4.0088148193170134
8.773205611464903 0.7400012016296387 4.008283145885617
8.772059652564451 0.7361539006233215 4.003727086048276
8.780025515315458 0.7623840570449829 4.03519844279781
8.781599673983976 0.7675227522850037 4.041499711733014
8.780543002841398 0.7640331983566284 4.037201129059941
8.779513451812193 0.7606343030929565 4.033036969761998
8.775356743094846 0.7470237612724304 4.016620196561963
8.779002699611112 0.758984386920929 4.031046100120694
8.77818587755911 0.75629061460495 4.027768783431203
8.777390870807096 0.7536629438400269 4.024584360580594
8.77406892513983 0.7427461743354797 4.0115122871209685
8.773296627757475 0.7401666045188904 4.008444897990376
8.777940783259794 0.7555539011955261 4.026909150343091
8.77712181544058 0.7528421878814697 4.023625515561253
8.782748672721311 0.771221399307251 4.046073652963788
8.786362025496885 0.783158540725708 4.061019994478375
8.785705361125395 0.7809547185897827 4.058231301765591
8.785056862590238 0.7787891626358032 4.055501826267392
8.784417900798246 0.7766632437705994 4.05283273027435
8.783788833377287 0.7745773792266846 4.050223596553952
8.779404315707609 0.7602285146713257 4.032556988458783
8.778798017260954 0.7582307457923889 4.030121363859326
8.7782019708132 0.7562711834907532 4.027741111974866
8.77761808371298 0.7543515563011169 4.025415532450825
8.77347430920355 0.7407508492469788 4.009152271013409
8.765954289195463 0.7154867649078369 3.979719810347707
8.765419456717893 0.7136232852935791 3.9775760398913924
8.764378163573667 0.7100493311882019 3.973516322832257
8.763951811549589 0.7085345387458801 3.971781112413556
8.763537022826597 0.7070477604866028 3.9700786547471587
8.763131174800321 0.705589234828949 3.968412287693173
8.771206412074491 0.7332058548927307 4.000271089534909
8.76598170733206 0.7158522009849548 3.9801901058961455
8.756354245898649 0.681213915348053 3.9410459773351256
8.76354566550009 0.707085907459259 3.9701272325326507
8.763201210257932 0.7058383822441101 3.9687007145692412
8.763607296702787 0.7072916030883789 3.970360346298367
8.764021131751463 0.7087739109992981 3.972057737569959
8.76444647049658 0.7102839350700378 3.973787941198499
8.759494337794706 0.6925652027130127 3.9536878840734073
8.767409059760496 0.7204635143280029 3.985443540077359
8.767924878356382 0.7222371101379395 3.9875000046302382
8.772361430880949 0.7371081113815308 4.004877560000569
8.772891852614805 0.7388819456100464 4.006977059106976
8.773435387370512 0.7406952977180481 4.009128175835759
8.773990366218015 0.7425479888916016 4.011333085756451
8.77455833887808 0.7444391250610352 4.013588540415913
8.775139126536772 0.7463678121566772 4.015895046453625
8.780060086009428 0.7624479532241821 4.035309977989346
8.780681285617277 0.764495849609375 4.037824221115262
8.781313571689054 0.7665843963623047 4.040397145013959
8.782858404872343 0.7715809345245361 4.046522356729657
8.7772254083132 0.7531836628913879 4.024037890296132
8.778042289969846 0.7558848261833191 4.02731005118385
8.77337870335333 0.7404340505599976 4.008762739758641
8.774148676154539 0.7430054545402527 4.011822112064511
8.777464840171262 0.753899872303009 4.024872906665951
8.77825752234213 0.7565203905105591 4.028050147156865
8.779071364161894 0.7592069506645203 4.031319879155308
8.772792908904478 0.7385957837104797 4.0066159443666045
8.776408049819395 0.7505106329917908 4.020810730915219
8.77739504313223 0.7537791132926941 4.0247568415214126
8.77841142153494 0.7571403384208679 4.028834767799527
8.776839051005766 0.7520068287849426 4.022637315254361
8.769257936236784 0.7268147468566895 3.992809124450833
8.770337018725797 0.7304949760437012 3.9971176610995833
8.768200847861692 0.7233482599258423 3.9888068513681
8.773068103549406 0.7396053671836853 4.007829658847005
8.771482560393736 0.7343899011611938 4.001690991382748
8.771389219520017 0.734074592590332 4.001322321753651
8.76578387951605 0.715058445930481 3.9792239444066584
8.764974984881803 0.7122554779052734 3.9759970383454863
8.770367238280699 0.7306472063064575 3.9972854630757872
8.777287456748411 0.7535200119018555 4.024455167513043
8.782187673804685 0.7695840001106262 4.044085748653561
8.784094247577116 0.7757958173751831 4.05178777144447
8.789470467326566 0.7936854958534241 4.074442126016766
8.7948274943804 0.8123825192451477 4.0989065544416015
8.79388252234213 0.8088765144348145 4.094207890491635
8.797255787608549 0.8212236166000366 4.110726125698239
8.793260786292478 0.8065619468688965 4.091114409427792
8.793746862170622 0.8082787394523621 4.093386687498242
8.790336642024442 0.7963187098503113 4.077732987861783

VECTORS L float
-0.014550338359321374 0.0 0.03120330130732038
-0.023440812134584054 0.0 0.05026898384497994
-0.03232507744579927 0.0 0.06932135228852399
-0.04173300851830725 0.0 0.08949672558119426
-0.051796651941672135 0.0 0.11107827854814076
-0.06250750917685248 0.0 0.1340477860135749
-0.0739116300487075 0.0 0.15850400214559549
-0.08596476331315997 0.0 0.18435202984503776
-0.09862835804627074 0.0 0.2115091963887222
-0.11188941957949866 0.0 0.23994763462003263
-0.12569352756207364 0.0 0.26955063972012583
-0.14003182844401696 0.0 0.3002992251898016
-0.15474994992616256 0.0 0.33186233856516323
-0.1697748028040285 0.0 0.3640832395413847
-0.1851439144517341 0.0 0.39704240583197337
-0.2007154348257675 0.0 0.43043563903694365
-0.21651655611299386 0.0 0.46432125298921145
-0.23244768098218904 0.0 0.4984856605227025
-0.24851294677938732 0.0 0.5329377342046197
-0.26445847371399356 0.0 0.5671330270670544
-0.2803878888646443 0.0 0.6012937680972946
-0.2962645242127101 0.0 0.6353413224756285
-0.31202498482643753 0.0 0.6691397393321853
-0.3277390067944822 0.0 0.7028385681916963
-0.3431370826152956 0.0 0.7358598483519615
-0.3583520886898307 0.0 0.7684885341743971
-0.3733059945461296 0.0 0.8005572887718785
-0.38806140907301895 0.0 0.83220037733978
-0.40252302537347817 0.0 0.8632134135778685
-0.41649012767573695 0.0 0.8931659611245275
-0.43016468366368854 0.0 0.9224911410755852
-0.44320894691771795 0.0 0.9504646538967999
-0.4556446000745023 0.0 0.9771329981525805
-0.46752636699697 0.0 1.0026135295456937
-0.47874949762135677 0.0 1.026681610839474
-0.4892542568503576 0.0 1.049209139704353
-0.4989603782288566 0.0 1.0700239841718497
-0.5079723831243901 0.0 1.0893502910379875
-0.5160608634301834 0.0 1.1066960930301666
-0.5231849142194358 0.0 1.1219736692497797
-0.5292265072041736 0.0 1.134929907216452
-0.5342119193697381 0.0 1.1456211581070976
-0.5382125774223067 0.0 1.1542005969874232
-0.5408753124680356 0.0 1.1599108507204723
-0.5420936103637993 0.0 1.1625234989891797
-0.5414806747002151 0.0 1.1612090542167963
-0.5382518990095602 0.0 1.1542849224034137
-0.5302222308806983 0.0 1.1370652435316744
-0.508053712682322 0.0 1.0895247028378143
-0.3844873795931087 0.0 0.8245358463860072
-0.325911845312473 0.0 0.6989202077486392
-0.4489770727090653 0.0 0.9628344395747137
-0.47084391556626193 0.0 1.009728035411667
-0.4789162725480788 0.0 1.0270392608239969
-0.48222437817129393 0.0 1.0341335162267582
-0.48300461774758535 0.0 1.0358067453977708
-0.4821244969652556 0.0 1.0339193202891803
-0.47962551828886973 0.0 1.028560243223465
-0.4762803432856023 0.0 1.0213864922786424
-0.47177830228890827 0.0 1.0117318342048143
-0.46642044907818303 0.0 1.0002418809153395
-0.4601153209742561 0.0 0.9867204900617692
-0.4529624236970347 0.0 0.9713810523490739
-0.4450383498194444 0.0 0.9543878210799525
-0.4364100382302071 0.0 0.93588434716452
-0.42707754430261424 0.0 0.9158707493511838
-0.41728572268496117 0.0 0.8948721201277318
-0.4068916917798544 0.0 0.8725820489197401
-0.39594906445533995 0.0 0.8491155088937619
-0.38462349206145285 0.0 0.8248277405163389
-0.3726505185165417 0.0 0.7991516158901991
-0.3604009630152966 0.0 0.772882359344613
-0.34766186239195923 0.0 0.7455632698967984
-0.3346385977892631 0.0 0.7176347888286894
-0.32143356199203793 0.0 0.6893164981759636
-0.30798240078789835 0.0 0.6604703898847964
-0.29438707392611846 0.0 0.6313151173431201
-0.28041916754186325 0.0 0.601360845437055
-0.2664184696437942 0.0 0.5713362519026823
-0.252317501301628 0.0 0.5410966277070208
-0.2381713441347006 0.0 0.5107600957639291
-0.22400794437724317 0.0 0.48038658696611825
-0.20971460252098048 0.0 0.44973441643815393
-0.19554591286823061 0.0 0.41934956342327967
-0.18143119592854492 0.0 0.3890804552650902
-0.16755660805694622 0.0 0.3593263055552288
-0.15384753414377275 0.0 0.3299271016746513
-0.14040903321293688 0.0 0.3011081434271996
-0.1272166709345631 0.0 0.27281703122335776
-0.11437313816119063 0.0 0.2452739863070692
-0.10197323067615228 0.0 0.21868229889172622
-0.09005769594696078 0.0 0.193129352203403
-0.07864809982368647 0.0 0.16866139435682223
-0.06775768771794392 0.0 0.14530683022885627
-0.05744067713807858 0.0 0.1231819296413647
-0.04772138328028595 0.0 0.10233883670086237
-0.03857717608587864 0.0 0.0827290210898826
-0.030005958273100496 0.0 0.06434798517318506
-0.021870009029222204 0.0 0.04690038571477355
-0.013676301177528556 0.0 0.029328922522183012
-0.014550338359321374 0.0 0.03120330130732038
-0.023440812134584054 0.0 0.05026898384497994
-0.03232507744579927 0.0 0.06932135228852399
-0.04173300851830725 0.0 0.08949672558119426
-0.051796651941672135 0.0 0.11107827854814076
-0.06250750917685248 0.0 0.1340477860135749
-0.0739116300487075 0.0 0.15850400214559549
-0.08596476331315997 0.0 0.18435202984503776
-0.09862835804627074 0.0 0.2115091963887222
-0.11188941957949866 0.0 0.23994763462003263
-0.12569352756207364 0.0 0.26955063972012583
-0.14003182844401696 0.0 0.3002992251898016
-0.15474994992616256 0.0 0.33186233856516323
-0.1697748028040285 0.0 0.3640832395413847
-0.1851439144517341 0.0 0.39704240583197337
-0.2007154348257675 0.0 0.43043563903694365
-0.21651655611299386 0.0 0.46432125298921145
-0.23244768098218904 0.0 0.4984856605227025
-0.24851294677938732 0.0 0.5329377342046197
-0.26445847371399356 0.0 0.5671330270670544
-0.2803878888646443 0.0 0.6012937680972946
-0.2962645242127101 0.0 0.6353413224756285
-0.31202498482643753 0.0 0.6691397393321853
-0.3277390067944822 0.0 0.7028385681916963
-0.3431370826152956 0.0 0.7358598483519615
-0.3583520886898307 0.0 0.7684885341743971
-0.3733059945461296 0.0 0.8005572887718785
-0.38806140907301895 0.0 0.83220037733978
-0.40252302537347817 0.0 0.8632134135778685
-0.41649012767573695 0.0 0.8931659611245275
-0.43016468366368854 0.0 0.9224911410755852
-0.44320894691771795 0.0 0.9504646538967999
-0.4556446000745023 0.0 0.9771329981525805
-0.46752636699697 0.0 1.0026135295456937
-0.47874949762135677 0.0 1.026681610839474
-0.4892542568503576 0.0 1.049209139704353
-0.4989603782288566 0.0 1.0700239841718497
-0.5079723831243901 0.0 1.0893502910379875
-0.5160608634301834 0.0 1.1066960930301666
-0.5231849142194358 0.0 1.1219736692497797
-0.5292265072041736 0.0 1.134929907216452
-0.5342119193697381 0.0 1.1456211581070976
-0.5382125774223067 0.0 1.1542005969874232
-0.5408753124680356 0.0 1.1599108507204723
-0.5420936103637993 0.0 1.1625234989891797
-0.5414806747002151 0.0 1.1612090542167963
-0.5382518990095602 0.0 1.1542849224034137
-0.5302222308806983 0.0 1.1370652435316744
-0.508053712682322 0.0 1.0895247028378143
-0.3844873795931087 0.0 0.8245358463860072
-0.325911845312473 0.0 0.6989202077486392
-0.4489770727090653 0.0 0.9628344395747137
-0.47084391556626193 0.0 1.009728035411667
-0.4789162725480788 0.0 1.0270392608239969
-0.48222437817129393 0.0 1.0341335162267582
-0.48300461774758535 0.0 1.0358067453977708
-0.4821244969652556 0.0 1.0339193202891803
-0.47962551828886973 0.0 1.028560243223465
-0.4762803432856023 0.0 1.0213864922786424
-0.47177830228890827 0.0 1.0117318342048143
-0.46642044907818303 0.0 1.0002418809153395
-0.4601153209742561 0.0 0.9867204900617692
-0.4529624236970347 0.0 0.9713810523490739
-0.4450383498194444 0.0 0.9543878210799525
-0.4364100382302071 0.0 0.93588434716452
-0.42707754430261424 0.0 0.9158707493511838
-0.41728572268496117 0.0 0.8948721201277318
-0.4068916917798544 0.0 0.8725820489197401
-0.39594906445533995 0.0 0.8491155088937619
-0.38462349206145285 0.0 0.8248277405163389
-0.3726505185165417 0.0 0.7991516158901991
-0.3604009630152966 0.0 0.772882359344613
-0.34766186239195923 0.0 0.7455632698967984
-0.3346385977892631 0.0 0.7176347888286894
-0.32143356199203793 0.0 0.6893164981759636
-0.30798240078789835 0.0 0.6604703898847964
-0.29438707392611846 0.0 0.6313151173431201
-0.28041916754186325 0.0 0.601360845437055
-0.2664184696437942 0.0 0.5713362519026823
-0.252317501301628 0.0 0.5410966277070208
-0.2381713441347006 0.0 0.5107600957639291
-0.22400794437724317 0.0 0.48038658696611825
-0.20971460252098048 0.0 0.44973441643815393
-0.19554591286823061 0.0 0.41934956342327967
-0.18143119592854492 0.0 0.3890804552650902
-0.16755660805694622 0.0 0.3593263055552288
-0.15384753414377275 0.0 0.3299271016746513
-0.14040903321293688 0.0 0.3011081434271996
-0.1272166709345631 0.0 0.27281703122335776
-0.11437313816119063 0.0 0.2452739863070692
-0.10197323067615228 0.0 0.21868229889172622
-0.09005769594696078 0.0 0.193129352203403
-0.07864809982368647 0.0 0.16866139435682223
-0.06775768771794392 0.0 0.14530683022885627
-0.05744067713807858 0.0 0.1231819296413647
-0.04772138328028595 0.0 0.10233883670086237
-0.03857717608587864 0.0 0.0827290210898826
-0.030005958273100496 0.0 0.06434798517318506
-0.021870009029222204 0.0 0.04690038571477355
-0.013676301177528556 0.0 0.029328922522183012

SCALARS Gamma float
LOOKUP_TABLE default
0.4501599859080351
0.6929358610120859
0.8923016042734083
1.0725569512421276
1.2416689881190381
1.403429783628423
1.5587407103434117
1.709202206745177
1.8553207199257276
1.9971030344148275
2.1348676191163527
2.2685332435633807
2.3986697585277517
2.524331203876585
2.6443350107572434
2.7590491952936684
2.867748100416727
2.970748348971862
3.0678145059515836
3.1595795882121362
3.2443941824675138
3.3223070560435217
3.393666081521186
3.4584880017209105
3.518067852723032
3.5712432043669837
3.6184946605569626
3.6598866377477695
3.6964196099440247
3.72862480853951
3.7552034411518456
3.7775140962749805
3.794261851688825
3.804781507874651
3.8096992946894868
3.8091539472607563
3.803126577044353
3.791161356690683
3.774524046081422
3.752616892709403
3.7250958160746266
3.6911961596545115
3.6512402402653326
3.607351943500033
3.558435277342712
3.504631157884466
3.4463026530394774
3.384792157981806
3.3240567198509217
3.267164954037305
3.2638148098776014
3.318999050088539
3.3803464179139207
3.441262042362429
3.4986642358559394
3.5511608682569453
3.597709992551152
3.641513035710792
3.678962225732759
3.7115378460810478
3.738015062736646
3.7590808610865887
3.774988021367714
3.785918655625588
3.792047931534145
3.7938752600606485
3.789930462168549
3.780602811406874
3.7658556972631567
3.744695802812766
3.7189622445000072
3.687387805313249
3.65131131677583
3.6102174013370587
3.5631096843190333
3.5098979837041724
3.4499029401319166
3.384885751727004
3.3134759257856725
3.235588378312023
3.15086807492953
3.0592681641563715
2.9623301888517863
2.8593473871493327
2.751090778955514
2.636684127648749
2.5168622686116326
2.3916473030448175
2.2622165545319826
2.128992716981993
1.991733593241801
1.8501883584721057
1.704281613979285
1.5541663104920262
1.3991811212406016
1.2380971535073335
1.069592320160106
0.8897184464569767
0.6908500252076322
0.44880970931869385
0.4501599859080351
0.6929358610120859
0.8923016042734083
1.0725569512421276
1.2416689881190381
1.403429783628423
1.5587407103434117
1.709202206745177
1.8553207199257276
1.9971030344148275
2.1348676191163527
2.2685332435633807
2.3986697585277517
2.524331203876585
2.6443350107572434
2.7590491952936684
2.867748100416727
2.970748348971862
3.0678145059515836
3.1595795882121362
3.2443941824675138
3.3223070560435217
3.393666081521186
3.4584880017209105
3.518067852723032
3.5712432043669837
3.6184946605569626
3.6598866377477695
3.6964196099440247
3.72862480853951
3.7552034411518456
3.7775140962749805
3.794261851688825
3.804781507874651
3.8096992946894868
3.8091539472607563
3.803126577044353
3.791161356690683
3.774524046081422
3.752616892709403
3.7250958160746266
3.6911961596545115
3.6512402402653326
3.607351943500033
3.558435277342712
3.504631157884466
3.4463026530394774
3.384792157981806
3.3240567198509217
3.267164954037305
3.2638148098776014
3.318999050088539
3.3803464179139207
3.441262042362429
3.4986642358559394
3.5511608682569453
3.597709992551152
3.641513035710792
3.678962225732759
3.7115378460810478
3.738015062736646
3.7590808610865887
3.774988021367714
3.785918655625588
3.792047931534145
3.7938752600606485
3.789930462168549
3.780602811406874
3.7658556972631567
3.744695802812766
3.7189622445000072
3.687387805313249
3.65131131677583
3.6102174013370587
3.5631096843190333
3.5098979837041724
3.4499029401319166
3.384885751727004
3.3134759257856725
3.235588378312023
3.15086807492953
3.0592681641563715
2.9623301888517863
2.8593473871493327
2.751090778955514
2.636684127648749
2.5168622686116326
2.3916473030448175
2.2622165545319826
2.128992716981993
1.991733593241801
1.8501883584721057
1.704281613979285
1.5541663104920262
1.3991811212406016
1.2380971535073335
1.069592320160106
0.8897184464569767
0.6908500252076322
0.44880970931869385

VECTORS Vvpm float
-0.2694796621799469 0.8076871037483215 -0.13363099098205566
-0.26517894864082336 0.8235798478126527 -0.11230683326721191
-0.26696816086769104 0.8168573975563048 -0.1214001774787903
-0.2661542594432831 0.8199877142906189 -0.117133766412735
-0.26788392663002014 0.8136077523231506 -0.1257033348083496
-0.2631731331348419 0.8316671252250672 -0.10113281011581421
-0.27029410004615784 0.8050983548164368 -0.1369273066520691
-0.2753128111362457 0.7879446744918823 -0.15910282731056213
-0.27908971905708313 0.7754698991775513 -0.17480286955833435
-0.2858670651912689 0.7532644867897034 -0.2020387351512909
-0.2908242642879486 0.7369013428688049 -0.22156348824501038
-0.29705026745796204 0.7158796191215515 -0.24602511525154114
-0.2927548587322235 0.7304208278656006 -0.2291782945394516
-0.28681042790412903 0.7501095533370972 -0.20585429668426514
-0.2888365685939789 0.7434819340705872 -0.21376265585422516
-0.2872219979763031 0.7487453818321228 -0.2074926346540451
-0.28974494338035583 0.7404456734657288 -0.2173677980899811
-0.28987225890159607 0.7400012016296387 -0.21789947152137754
-0.29101821780204773 0.7361539006233215 -0.22245553135871887
-0.28305235505104065 0.7623840570449829 -0.19098417460918427
-0.2814781963825226 0.7675227522850037 -0.1846829056739807
-0.2825348675251007 0.7640331983566284 -0.18898148834705353
-0.28356441855430603 0.7606343030929565 -0.19314564764499664
-0.2877211272716522 0.7470237612724304 -0.20956242084503174
-0.28407517075538635 0.758984386920929 -0.19513651728630066
-0.2848919928073883 0.75629061460495 -0.19841383397579193
-0.28568699955940247 0.7536629438400269 -0.20159825682640076
-0.2890089452266693 0.7427461743354797 -0.214670330286026
-0.28978124260902405 0.7401666045188904 -0.21773771941661835
-0.2851370871067047 0.7555539011955261 -0.1992734670639038
-0.2859560549259186 0.7528421878814697 -0.20255710184574127
-0.2803291976451874 0.771221399307251 -0.1801089644432068
-0.27671584486961365 0.783158540725708 -0.16516262292861938
-0.2773725092411041 0.7809547185897827 -0.1679513156414032
-0.2780210077762604 0.7787891626358032 -0.17068079113960266
-0.27865996956825256 0.7766632437705994 -0.17334988713264465
-0.27928903698921204 0.7745773792266846 -0.1759590208530426
-0.28367355465888977 0.7602285146713257 -0.19362562894821167
-0.28427985310554504 0.7582307457923889 -0.19606125354766846
-0.28487589955329895 0.7562711834907532 -0.1984415054321289
-0.2854597866535187 0.7543515563011169 -0.20076708495616913
-0.2896035611629486 0.7407508492469788 -0.2170303463935852
-0.29712358117103577 0.7154867649078369 -0.24646280705928802
-0.29765841364860535 0.7136232852935791 -0.24860657751560214
-0.2986997067928314 0.7100493311882019 -0.25266629457473755
-0.2991260588169098 0.7085345387458801 -0.2544015049934387
-0.29954084753990173 0.7070477604866028 -0.2561039626598358
-0.29994669556617737 0.705589234828949 -0.2577703297138214
-0.29187145829200745 0.7332058548927307 -0.22591152787208557
-0.2970961630344391 0.7158522009849548 -0.24599251151084903
-0.30672362446784973 0.681213915348053 -0.2851366400718689
-0.2995322048664093 0.707085907459259 -0.25605538487434387
-0.2998766601085663 0.7058383822441101 -0.2574819028377533
-0.29947057366371155 0.7072916030883789 -0.2558222711086273
-0.299056738615036 0.7087739109992981 -0.25412487983703613
-0.2986313998699188 0.7102839350700378 -0.2523946762084961
-0.3035835325717926 0.6925652027130127 -0.27249473333358765
-0.2956688106060028 0.7204635143280029 -0.24073907732963565
-0.2951529920101166 0.7222371101379395 -0.2386826127767563
-0.2907164394855499 0.7371081113815308 -0.22130505740642548
-0.2901860177516937 0.7388819456100464 -0.21920555830001834
-0.28964248299598694 0.7406952977180481 -0.21705444157123568
-0.2890875041484833 0.7425479888916016 -0.2148495316505432
-0.2885195314884186 0.7444391250610352 -0.2125940769910812
-0.2879387438297272 0.7463678121566772 -0.21028757095336914
-0.2830177843570709 0.7624479532241821 -0.19087263941764832
-0.2823965847492218 0.764495849609375 -0.1883583962917328
-0.28176429867744446 0.7665843963623047 -0.1857854723930359
-0.2802194654941559 0.7715809345245361 -0.17966026067733765
-0.28585246205329895 0.7531836628913879 -0.20214472711086273
-0.2850355803966522 0.7558848261833191 -0.19887256622314453
-0.28969916701316833 0.7404340505599976 -0.21741987764835358
-0.28892919421195984 0.7430054545402527 -0.21436050534248352
-0.2856130301952362 0.753899872303009 -0.2013097107410431
-0.2848203480243683 0.7565203905105591 -0.1981324702501297
-0.2840065062046051 0.7592069506645203 -0.1948627382516861
-0.2902849614620209 0.7385957837104797 -0.21956667304039004
-0.2866698205471039 0.7505106329917908 -0.2053718864917755
-0.2856828272342682 0.7537791132926941 -0.20142577588558197
-0.2846664488315582 0.7571403384208679 -0.19734784960746765
-0.28623881936073303 0.7520068287849426 -0.20354530215263367
-0.29381993412971497 0.7268147468566895 -0.2333734929561615
-0.2927408516407013 0.7304949760437012 -0.2290649563074112
-0.2948770225048065 0.7233482599258423 -0.23737576603889465
-0.2900097668170929 0.7396053671836853 -0.21835295855998993
-0.29159530997276306 0.7343899011611938 -0.22449162602424622
-0.2916886508464813 0.734074592590332 -0.2248602956533432
-0.2972939908504486 0.715058445930481 -0.2469586730003357
-0.29810288548469543 0.7122554779052734 -0.2501855790615082
-0.29271063208580017 0.7306472063064575 -0.22889715433120728
-0.28579041361808777 0.7535200119018555 -0.20172744989395142
-0.28089019656181335 0.7695840001106262 -0.18209686875343323
-0.27898362278938293 0.7757958173751831 -0.17439484596252441
-0.27360740303993225 0.7936854958534241 -0.15174049139022827
-0.26825037598609924 0.8123825192451477 -0.12727606296539307
-0.2691953480243683 0.8088765144348145 -0.1319747269153595
-0.26582208275794983 0.8212236166000366 -0.11545649170875551
-0.2698170840740204 0.8065619468688965 -0.13506820797920227
-0.2693310081958771 0.8082787394523621 -0.13279592990875244
-0.2727412283420563 0.7963187098503113 -0.1484496295452118
-0.2694796621799469 0.8076871037483215 -0.13363099098205566
-0.26517894864082336 0.8235798478126527 -0.11230683326721191
-0.26696816086769104 0.8168573975563048 -0.1214001774787903
-0.2661542594432831 0.8199877142906189 -0.117133766412735
-0.26788392663002014 0.8136077523231506 -0.1257033348083496
-0.2631731331348419 0.8316671252250672 -0.10113281011581421
-0.27029410004615784 0.8050983548164368 -0.1369273066520691
-0.2753128111362457 0.7879446744918823 -0.15910282731056213
-0.27908971905708313 0.7754698991775513 -0.17480286955833435
-0.2858670651912689 0.7532644867897034 -0.2020387351512909
-0.2908242642879486 0.7369013428688049 -0.22156348824501038
-0.29705026745796204 0.7158796191215515 -0.24602511525154114
-0.2927548587322235 0.7304208278656006 -0.2291782945394516
-0.28681042790412903 0.7501095533370972 -0.20585429668426514
-0.2888365685939789 0.7434819340705872 -0.21376265585422516
-0.2872219979763031 0.7487453818321228 -0.2074926346540451
-0.28974494338035583 0.7404456734657288 -0.2173677980899811
-0.28987225890159607 0.7400012016296387 -0.21789947152137754
-0.29101821780204773 0.7361539006233215 -0.22245553135871887
-0.28305235505104065 0.7623840570449829 -0.19098417460918427
-0.2814781963825226 0.7675227522850037 -0.1846829056739807
-0.2825348675251007 0.7640331983566284 -0.18898148834705353
-0.28356441855430603 0.7606343030929565 -0.19314564764499664
-0.2877211272716522 0.7470237612724304 -0.20956242084503174
-0.28407517075538635 0.758984386920929 -0.19513651728630066
-0.2848919928073883 0.75629061460495 -0.19841383397579193
-0.28568699955940247 0.7536629438400269 -0.20159825682640076
-0.2890089452266693 0.7427461743354797 -0.214670330286026
-0.28978124260902405 0.7401666045188904 -0.21773771941661835
-0.2851370871067047 0.7555539011955261 -0.1992734670639038
-0.2859560549259186 0.7528421878814697 -0.20255710184574127
-0.2803291976451874 0.771221399307251 -0.1801089644432068
-0.27671584486961365 0.783158540725708 -0.16516262292861938
-0.2773725092411041 0.7809547185897827 -0.1679513156414032
-0.2780210077762604 0.7787891626358032 -0.17068079113960266
-0.27865996956825256 0.7766632437705994 -0.17334988713264465
-0.27928903698921204 0.7745773792266846 -0.1759590208530426
-0.28367355465888977 0.7602285146713257 -0.19362562894821167
-0.28427985310554504 0.7582307457923889 -0.19606125354766846
-0.28487589955329895 0.7562711834907532 -0.1984415054321289
-0.2854597866535187 0.7543515563011169 -0.20076708495616913
-0.2896035611629486 0.7407508492469788 -0.2170303463935852
-0.29712358117103577 0.7154867649078369 -0.24646280705928802
-0.29765841364860535 0.7136232852935791 -0.24860657751560214
-0.2986997067928314 0.7100493311882019 -0.25266629457473755
-0.2991260588169098 0.7085345387458801 -0.2544015049934387
-0.29954084753990173 0.7070477604866028 -0.2561039626598358
-0.29994669556617737 0.705589234828949 -0.2577703297138214
-0.29187145829200745 0.7332058548927307 -0.22591152787208557
-0.2970961630344391 0.7158522009849548 -0.24599251151084903
-0.30672362446784973 0.681213915348053 -0.2851366400718689
-0.2995322048664093 0.707085907459259 -0.25605538487434387
-0.2998766601085663 0.7058383822441101 -0.2574819028377533
-0.29947057366371155 0.7072916030883789 -0.2558222711086273
-0.299056738615036 0.7087739109992981 -0.25412487983703613
-0.2986313998699188 0.7102839350700378 -0.2523946762084961
-0.3035835325717926 0.6925652027130127 -0.27249473333358765
-0.2956688106060028 0.7204635143280029 -0.24073907732963565
-0.2951529920101166 0.7222371101379395 -0.2386826127767563
-0.2907164394855499 0.7371081113815308 -0.22130505740642548
-0.2901860177516937 0.7388819456100464 -0.21920555830001834
-0.28964248299598694 0.7406952977180481 -0.21705444157123568
-0.2890875041484833 0.7425479888916016 -0.2148495316505432
-0.2885195314884186 0.7444391250610352 -0.2125940769910812
-0.2879387438297272 0.7463678121566772 -0.21028757095336914
-0.2830177843570709 0.7624479532241821 -0.19087263941764832
-0.2823965847492218 0.764495849609375 -0.1883583962917328
-0.28176429867744446 0.7665843963623047 -0.1857854723930359
-0.2802194654941559 0.7715809345245361 -0.17966026067733765
-0.28585246205329895 0.7531836628913879 -0.20214472711086273
-0.2850355803966522 0.7558848261833191 -0.19887256622314453
-0.28969916701316833 0.7404340505599976 -0.21741987764835358
-0.28892919421195984 0.7430054545402527 -0.21436050534248352
-0.2856130301952362 0.753899872303009 -0.2013097107410431
-0.2848203480243683 0.7565203905105591 -0.1981324702501297
-0.2840065062046051 0.7592069506645203 -0.1948627382516861
-0.2902849614620209 0.7385957837104797 -0.21956667304039004
-0.2866698205471039 0.7505106329917908 -0.2053718864917755
-0.2856828272342682 0.7537791132926941 -0.20142577588558197
-0.2846664488315582 0.7571403384208679 -0.19734784960746765
-0.28623881936073303 0.7520068287849426 -0.20354530215263367
-0.29381993412971497 0.7268147468566895 -0.2333734929561615
-0.2927408516407013 0.7304949760437012 -0.2290649563074112
-0.2948770225048065 0.7233482599258423 -0.23737576603889465
-0.2900097668170929 0.7396053671836853 -0.21835295855998993
-0.29159530997276306 0.7343899011611938 -0.22449162602424622
-0.2916886508464813 0.734074592590332 -0.2248602956533432
-0.2972939908504486 0.715058445930481 -0.2469586730003357
-0.29810288548469543 0.7122554779052734 -0.2501855790615082
-0.29271063208580017 0.7306472063064575 -0.22889715433120728
-0.28579041361808777 0.7535200119018555 -0.20172744989395142
-0.28089019656181335 0.7695840001106262 -0.18209686875343323
-0.27898362278938293 0.7757958173751831 -0.17439484596252441
-0.27360740303993225 0.7936854958534241 -0.15174049139022827
-0.26825037598609924 0.8123825192451477 -0.12727606296539307
-0.2691953480243683 0.8088765144348145 -0.1319747269153595
-0.26582208275794983 0.8212236166000366 -0.11545649170875551
-0.2698170840740204 0.8065619468688965 -0.13506820797920227
-0.2693310081958771 0.8082787394523621 -0.13279592990875244
-0.2727412283420563 0.7963187098503113 -0.1484496295452118

VECTORS Vvpm_BBp float
-0.3006872832775116 0.7034944891929626 -0.26009994745254517
-0.3044768273830414 0.6897141337394714 -0.27566370368003845
-0.3081847131252289 0.6756850481033325 -0.29131174087524414
-0.3116311728954315 0.6617150902748108 -0.3067775070667267
-0.31374332308769226 0.6529422402381897 -0.3163996636867523
-0.3163159191608429 0.6412888765335083 -0.3291701376438141
-0.3175443708896637 0.6354172825813293 -0.33558717370033264
-0.3208165466785431 0.6188892126083374 -0.3535652756690979
-0.32212862372398376 0.6115090847015381 -0.3615891635417938
-0.3227885663509369 0.6076240539550781 -0.3658076226711273
-0.3218976557254791 0.6126581430435181 -0.3603495955467224
-0.32284989953041077 0.6074028611183167 -0.3660314083099365
-0.3224315941333771 0.609738826751709 -0.36350107192993164
-0.32164058089256287 0.6141476035118103 -0.3587145507335663
-0.32091620564460754 0.6180481314659119 -0.35448652505874634
-0.3212098181247711 0.6163561344146729 -0.3563307225704193
-0.32262590527534485 0.6086333394050598 -0.3646894693374634
-0.32246139645576477 0.6095441579818726 -0.3637004792690277
-0.32267507910728455 0.6082160472869873 -0.3651474416255951
-0.32189980149269104 0.6125631928443909 -0.36043107509613037
-0.3207857310771942 0.6186349391937256 -0.3538443148136139
-0.3210153877735138 0.6173267960548401 -0.3552703261375427
-0.32064303755760193 0.619331955909729 -0.3530883491039276
-0.3208666741847992 0.618070662021637 -0.3544623553752899
-0.32249876856803894 0.6095221638679504 -0.3636915385723114
-0.32266315817832947 0.6085065603256226 -0.36479759216308594
-0.3223254978656769 0.61039799451828 -0.3627499043941498
-0.3220541179180145 0.6118614077568054 -0.36116451025009155
-0.3222251832485199 0.6108203530311584 -0.36229968070983887
-0.3211997449398041 0.6164828538894653 -0.3561564087867737
-0.32137373089790344 0.6154614686965942 -0.3572711944580078
-0.3207031190395355 0.6191294193267822 -0.35327810049057007
-0.3190790116786957 0.6275528073310852 -0.3441086411476135
-0.3192687928676605 0.626547634601593 -0.34520673751831055
-0.319454163312912 0.6255637407302856 -0.34627974033355713
-0.3196352422237396 0.6246017217636108 -0.34732872247695923
-0.3198108375072479 0.623660147190094 -0.3483555018901825
-0.31998077034950256 0.6227388381958008 -0.3493592441082001
-0.3191309869289398 0.6271035671234131 -0.3446120321750641
-0.3193260729312897 0.626086950302124 -0.34571975469589233
-0.3245944678783417 0.5969858169555664 -0.3772425055503845
-0.3242371380329132 0.5991785526275635 -0.37486180663108826
-0.3243246376514435 0.598602294921875 -0.3754875659942627
-0.32440754771232605 0.5980367660522461 -0.37610360980033875
-0.32448723912239075 0.5974828004837036 -0.3767075836658478
-0.32456400990486145 0.5969403982162476 -0.37729915976524353
-0.32463791966438293 0.5964086651802063 -0.37787938117980957
-0.3235394060611725 0.6031754612922668 -0.37053853273391724
-0.32456621527671814 0.5970239043235779 -0.37720993161201477
-0.32957741618156433 0.5601020455360413 -0.4172056317329407
-0.3245667517185211 0.5970261096954346 -0.3772065043449402
-0.3235417306423187 0.6031839847564697 -0.37052807211875916
-0.3246384561061859 0.5964109897613525 -0.37787628173828125
-0.3245633542537689 0.5969412326812744 -0.377297580242157
-0.32448747754096985 0.5974844694137573 -0.37670472264289856
-0.3244076669216156 0.598038375377655 -0.37610089778900146
-0.324325829744339 0.5986049175262451 -0.37548375129699707
-0.32423922419548035 0.5991816520690918 -0.37485647201538086
-0.32459720969200134 0.5969871282577515 -0.3772384226322174
-0.31932780146598816 0.6260865926742554 -0.34571564197540283
-0.31913384795188904 0.6271045804023743 -0.3446064889431
-0.3199838697910309 0.6227419972419739 -0.3493518531322479
-0.3198144733905792 0.6236633658409119 -0.3483469784259796
-0.31963911652565 0.6246052980422974 -0.3473203182220459
-0.3194582760334015 0.6255673766136169 -0.3462710976600647
-0.31927290558815 0.62655109167099 -0.34519827365875244
-0.31908169388771057 0.6275555491447449 -0.3441021144390106
-0.3207043707370758 0.6191338300704956 -0.35327136516571045
-0.3213743269443512 0.6154662370681763 -0.35726499557495117
-0.3211997449398041 0.6164873838424683 -0.3561510741710663
-0.3222246468067169 0.6108205318450928 -0.3622983396053314
-0.3220534026622772 0.6118618845939636 -0.3611631989479065
-0.32232484221458435 0.6103968620300293 -0.3627500832080841
-0.32266244292259216 0.6085071563720703 -0.36479616165161133
-0.3224985897541046 0.6095227003097534 -0.3636896312236786
-0.3208668529987335 0.618073046207428 -0.3544585108757019
-0.3206431567668915 0.6193342208862305 -0.3530842661857605
-0.3210161626338959 0.6173302531242371 -0.35526514053344727
-0.3207866847515106 0.6186386346817017 -0.3538387715816498
-0.3219009339809418 0.6125653386116028 -0.360426664352417
-0.3226764500141144 0.6082189083099365 -0.36514243483543396
-0.3224627673625946 0.6095472574234009 -0.36369556188583374
-0.32262763381004333 0.6086371541023254 -0.36468371748924255
-0.32121118903160095 0.6163614392280579 -0.35632383823394775
-0.3209172785282135 0.6180530786514282 -0.35447990894317627
-0.3216414749622345 0.6141510009765625 -0.3587093949317932
-0.3224327862262726 0.609743058681488 -0.36349520087242126
-0.32285091280937195 0.6074084639549255 -0.3660244047641754
-0.32189878821372986 0.6126648187637329 -0.3603416383266449
-0.3227897584438324 0.6076298356056213 -0.36580073833465576
-0.3221301734447479 0.611513614654541 -0.3615829050540924
-0.320818156003952 0.6188918352127075 -0.3535604476928711
-0.31754568219184875 0.6354170441627502 -0.33558401465415955
-0.31631746888160706 0.641285240650177 -0.32916927337646484
-0.31374457478523254 0.6529372930526733 -0.31639987230300903
-0.311632364988327 0.6617069244384766 -0.30677998065948486
-0.30818554759025574 0.6756757497787476 -0.29131507873535156
-0.30447718501091003 0.6897027492523193 -0.2756682336330414
-0.30068764090538025 0.7034823298454285 -0.26010507345199585
-0.2948968708515167 0.7235844731330872 -0.2370570600032806
-0.3006872832775116 0.7034944891929626 -0.26009994745254517
-0.3044768273830414 0.6897141337394714 -0.27566370368003845
-0.3081847131252289 0.6756850481033325 -0.29131174087524414
-0.3116311728954315 0.6617150902748108 -0.3067775070667267
-0.31374332308769226 0.6529422402381897 -0.3163996636867523
-0.3163159191608429 0.6412888765335083 -0.3291701376438141
-0.3175443708896637 0.6354172825813293 -0.33558717370033264
-0.3208165466785431 0.6188892126083374 -0.3535652756690979
-0.32212862372398376 0.6115090847015381 -0.3615891635417938
-0.3227885663509369 0.6076240539550781 -0.3658076226711273
-0.3218976557254791 0.6126581430435181 -0.3603495955467224
-0.32284989953041077 0.6074028611183167 -0.3660314083099365
-0.3224315941333771 0.609738826751709 -0.36350107192993164
-0.32164058089256287 0.6141476035118103 -0.3587145507335663
-0.32091620564460754 0.6180481314659119 -0.35448652505874634
-0.3212098181247711 0.6163561344146729 -0.3563307225704193
-0.32262590527534485 0.6086333394050598 -0.3646894693374634
-0.32246139645576477 0.6095441579818726 -0.3637004792690277
-0.32267507910728455 0.6082160472869873 -0.3651474416255951
-0.32189980149269104 0.6125631928443909 -0.36043107509613037
-0.3207857310771942 0.6186349391937256 -0.3538443148136139
-0.3210153877735138 0.6173267960548401 -0.3552703261375427
-0.32064303755760193 0.619331955909729 -0.3530883491039276
-0.3208666741847992 0.618070662021637 -0.3544623553752899
-0.32249876856803894 0.6095221638679504 -0.3636915385723114
-0.32266315817832947 0.6085065603256226 -0.36479759216308594
-0.3223254978656769 0.61039799451828 -0.3627499043941498
-0.3220541179180145 0.6118614077568054 -0.36116451025009155
-0.3222251832485199 0.6108203530311584 -0.36229968070983887
-0.3211997449398041 0.6164828538894653 -0.3561564087867737
-0.32137373089790344 0.6154614686965942 -0.3572711944580078
-0.3207031190395355 0.6191294193267822 -0.35327810049057007
-0.3190790116786957 0.6275528073310852 -0.3441086411476135
-0.3192687928676605 0.626547634601593 -0.34520673751831055
-0.319454163312912 0.6255637407302856 -0.34627974033355713
-0.3196352422237396 0.6246017217636108 -0.34732872247695923
-0.3198108375072479 0.623660147190094 -0.3483555018901825
-0.31998077034950256 0.6227388381958008 -0.3493592441082001
-0.3191309869289398 0.6271035671234131 -0.3446120321750641
-0.3193260729312897 0.626086950302124 -0.34571975469589233
-0.3245944678783417 0.5969858169555664 -0.3772425055503845
-0.3242371380329132 0.5991785526275635 -0.37486180663108826
-0.3243246376514435 0.598602294921875 -0.3754875659942627
-0.32440754771232605 0.5980367660522461 -0.37610360980033875
-0.32448723912239075 0.5974828004837036 -0.3767075836658478
-0.32456400990486145 0.5969403982162476 -0.37729915976524353
-0.32463791966438293 0.5964086651802063 -0.37787938117980957
-0.3235394060611725 0.6031754612922668 -0.37053853273391724
-0.32456621527671814 0.5970239043235779 -0.37720993161201477
-0.32957741618156433 0.5601020455360413 -0.4172056317329407
-0.3245667517185211 0.5970261096954346 -0.3772065043449402
-0.3235417306423187 0.6031839847564697 -0.37052807211875916
-0.3246384561061859 0.5964109897613525 -0.37787628173828125
-0.3245633542537689 0.5969412326812744 -0.377297580242157
-0.32448747754096985 0.5974844694137573 -0.37670472264289856
-0.3244076669216156 0.598038375377655 -0.37610089778900146
-0.324325829744339 0.5986049175262451 -0.37548375129699707
-0.32423922419548035 0.5991816520690918 -0.37485647201538086
-0.32459720969200134 0.5969871282577515 -0.3772384226322174
-0.31932780146598816 0.6260865926742554 -0.34571564197540283
-0.31913384795188904 0.6271045804023743 -0.3446064889431
-0.3199838697910309 0.6227419972419739 -0.3493518531322479
-0.3198144733905792 0.6236633658409119 -0.3483469784259796
-0.31963911652565 0.6246052980422974 -0.3473203182220459
-0.3194582760334015 0.6255673766136169 -0.3462710976600647
-0.31927290558815 0.62655109167099 -0.34519827365875244
-0.31908169388771057 0.6275555491447449 -0.3441021144390106
-0.3207043707370758 0.6191338300704956 -0.35327136516571045
-0.3213743269443512 0.6154662370681763 -0.35726499557495117
-0.3211997449398041 0.6164873838424683 -0.3561510741710663
-0.3222246468067169 0.6108205318450928 -0.3622983396053314
-0.3220534026622772 0.6118618845939636 -0.3611631989479065
-0.32232484221458435 0.6103968620300293 -0.3627500832080841
-0.32266244292259216 0.6085071563720703 -0.36479616165161133
-0.3224985897541046 0.6095227003097534 -0.3636896312236786
-0.3208668529987335 0.618073046207428 -0.3544585108757019
-0.3206431567668915 0.6193342208862305 -0.3530842661857605
-0.3210161626338959 0.6173302531242371 -0.35526514053344727
-0.3207866847515106 0.6186386346817017 -0.3538387715816498
-0.3219009339809418 0.6125653386116028 -0.360426664352417
-0.3226764500141144 0.6082189083099365 -0.36514243483543396
-0.3224627673625946 0.6095472574234009 -0.36369556188583374
-0.32262763381004333 0.6086371541023254 -0.36468371748924255
-0.32121118903160095 0.6163614392280579 -0.35632383823394775
-0.3209172785282135 0.6180530786514282 -0.35447990894317627
-0.3216414749622345 0.6141510009765625 -0.3587093949317932
-0.3224327862262726 0.609743058681488 -0.36349520087242126
-0.32285091280937195 0.6074084639549255 -0.3660244047641754
-0.32189878821372986 0.6126648187637329 -0.3603416383266449
-0.3227897584438324 0.6076298356056213 -0.36580073833465576
-0.3221301734447479 0.611513614654541 -0.3615829050540924
-0.320818156003952 0.6188918352127075 -0.3535604476928711
-0.31754568219184875 0.6354170441627502 -0.33558401465415955
-0.31631746888160706 0.641285240650177 -0.32916927337646484
-0.31374457478523254 0.6529372930526733 -0.31639987230300903
-0.311632364988327 0.6617069244384766 -0.30677998065948486
-0.30818554759025574 0.6756757497787476 -0.29131507873535156
-0.30447718501091003 0.6897027492523193 -0.2756682336330414
-0.30068764090538025 0.7034823298454285 -0.26010507345199585
-0.2948968708515167 0.7235844731330872 -0.2370570600032806

VECTORS ftot float
-5.87342789629004 -9.919957370929636 5.65552253173623
-7.8726863963957765 -11.919207009955665 7.753862741050147
-8.924876780206105 -12.971408077888102 9.477014894082131
-9.624604469072708 -13.671155634137348 11.034985605011208
-10.142833290609873 -14.189405346961887 12.496645281838793
-10.51528970713407 -14.561877993227833 13.894752267967531
-10.826288247016333 -14.872935809560765 15.237106779486638
-11.065846172120228 -15.112494085975262 16.537543785447316
-11.241238592208353 -15.287899982850194 17.80045131919356
-11.376307783146459 -15.422960353394991 19.025894724264035
-11.46489511712214 -15.51152761015539 20.216607732011628
-11.5269308340227 -15.573567141207418 21.371895778915835
-11.509857198998343 -15.556488115236213 22.49669255634133
-11.428042393014373 -15.474669154680115 23.582810837439748
-11.339227806310365 -15.385844030471898 24.620012744689298
-11.206201203084134 -15.252812310638895 25.611514311347936
-11.070923577082116 -15.11754755753691 26.551009151914695
-10.9127725106062 -14.959391056183465 27.44126716878668
-10.75377435019412 -14.800387054577959 28.280236911496786
-10.525841899565958 -14.572452681557055 29.073388550917034
-10.306743511907543 -14.35333873539327 29.80644248772893
-10.099757790040135 -14.146350413714519 30.47986504183684
-9.895572362163854 -13.942163604912164 31.09664413370153
-9.722940713395916 -13.769542854797587 31.65690883966231
-9.505273183040508 -13.551877802904839 32.17188263197744
-9.307937723586226 -13.354642349930222 32.63132535171803
-9.113984206914292 -13.160684459897665 33.039739953290336
-8.945395074328088 -12.992090397192142 33.39750965033766
-8.77189324294821 -12.818583910985113 33.713283907534255
-8.552751897319537 -12.599426509793318 33.99160782892724
-8.360904656560056 -12.40757427240416 34.22134084938091
-8.115161341408381 -12.16182576719509 34.414185777323176
-7.854093083155072 -11.900766489524958 34.55894440981947
-7.6088428800965495 -11.655515899493123 34.649875634207795
-7.357490808688904 -11.404163596654996 34.69239245618762
-7.095681758222866 -11.142353926874486 34.687688784894426
-6.81891685478018 -10.865641334995916 34.635550308950016
-6.560243653308959 -10.606963863585307 34.53214719605716
-6.267097784438085 -10.313814144384482 34.38836206041477
-5.9525198129062 -9.999241998145568 34.1990339771787
-5.613262064838021 -9.65998913583812 33.961185818363525
-5.275643841296622 -9.32236726870085 33.66819921664862
-4.951184571439748 -8.997905550625163 33.32286944723241
-4.557553749442893 -8.604272148368679 32.94355086306217
-4.109171119788184 -8.155886745029926 32.52077233588626
-3.5605804550215256 -7.607293337265512 32.05574901327372
-2.813442786603578 -6.8601508738487516 31.551620580011907
-1.5783855488931104 -5.625090611684276 31.019989858348865
1.3640317294702848 -2.6826930640277524 30.49500318125251
16.773030618132054 12.726215788498312 30.00314798225617
16.666072177965862 -12.6192613509432 26.573946513650515
1.3009605822445995 2.745753622836446 26.993585461743518
-1.5863871489706476 5.633081535294287 27.459980062469473
-2.8259112488123614 6.872609216345555 27.92300574061546
-3.5750595352469157 7.6217621299630895 28.35931856490976
-4.127935420508303 8.174640857483348 28.758349048983998
-4.605055086264714 8.65176355995754 29.112169608035945
-4.949202293824189 8.995913440899896 29.44511581065895
-5.319769406703496 9.36648347790916 29.72976266424126
-5.641484184659717 9.688201537180301 29.977362372962514
-5.971250013240863 10.017962967143212 30.17861830196389
-6.277398968977117 10.324106216304555 30.338743809405052
-6.563741080010745 10.610452653578221 30.459640413905664
-6.832193862717158 10.878909705185876 30.542710579792153
-7.083535033872156 11.130192148892448 30.589365682275286
-7.302725787115994 11.349383746610355 30.603246370507225
-7.5484853992797625 11.595144040518642 30.573249126009422
-7.783345051813543 11.830004292908306 30.502337610745048
-8.009708345001275 12.056364265067087 30.390225340185264
-8.267051318767457 12.313712341916554 30.229361387850172
-8.467253956161187 12.513920219513283 30.03373307849152
-8.693811927613826 12.740491856810358 29.793723424902055
-8.874404240284122 12.921089149770207 29.519471592945635
-9.049988790709879 13.09667889335012 29.207082318033812
-9.250910728223184 13.297604979077217 28.848981255985898
-9.455927210099588 13.502524775437012 28.44475546656023
-9.69143931465841 13.73803788531065 27.98868955160259
-9.863210706715194 13.90979431977678 27.494472556516826
-10.063704795102069 14.1102899384957 26.95164716508237
-10.26750807915953 14.314096129414503 26.35958197184209
-10.483029780634196 14.529631588155356 25.71557973541924
-10.706331470131502 14.75293778933495 25.019274366172354
-10.864484149057244 14.911096934773079 24.2823953405858
-11.027696774623852 15.074315063786456 23.499568360769473
-11.14634233958899 15.19294694939583 22.676679855809287
-11.279168660430898 15.325778473827594 21.80701911622228
-11.372869698234606 15.419491100208681 20.896204588938446
-11.445782731673514 15.492409870442136 19.94438710535063
-11.448853632395592 15.495488313352698 18.96052516780564
-11.393035534566506 15.439665113923649 17.947845274321327
-11.301463830523215 15.348110609209948 16.904484316401103
-11.175957933271736 15.222611981885295 15.828547202755194
-11.00434725253181 15.050984534032757 14.71948458484662
-10.761289851439411 14.807924937428334 13.578429835785103
-10.45224010704974 14.498817823150702 12.40038580539828
-10.06854772349101 14.115106633871592 11.175948439695544
-9.551802465577907 13.598340703670361 9.895090114098746
-8.8620686138701 12.908585770740718 8.527808826003493
-7.812915115819414 11.859421526133389 7.016131488599765
-5.8197792698364745 9.866292170956982 5.176291824587652
-5.87342789629004 -9.919957370929636 5.65552253173623
-7.8726863963957765 -11.919207009955665 7.753862741050147
-8.924876780206105 -12.971408077888102 9.477014894082131
-9.624604469072708 -13.671155634137348 11.034985605011208
-10.142833290609873 -14.189405346961887 12.496645281838793
-10.51528970713407 -14.561877993227833 13.894752267967531
-10.826288247016333 -14.872935809560765 15.237106779486638
-11.065846172120228 -15.112494085975262 16.537543785447316
-11.241238592208353 -15.287899982850194 17.80045131919356
-11.376307783146459 -15.422960353394991 19.025894724264035
-11.46489511712214 -15.51152761015539 20.216607732011628
-11.5269308340227 -15.573567141207418 21.371895778915835
-11.509857198998343 -15.556488115236213 22.49669255634133
-11.428042393014373 -15.474669154680115 23.582810837439748
-11.339227806310365 -15.385844030471898 24.620012744689298
-11.206201203084134 -15.252812310638895 25.611514311347936
-11.070923577082116 -15.11754755753691 26.551009151914695
-10.9127725106062 -14.959391056183465 27.44126716878668
-10.75377435019412 -14.800387054577959 28.280236911496786
-10.525841899565958 -14.572452681557055 29.073388550917034
-10.306743511907543 -14.35333873539327 29.80644248772893
-10.099757790040135 -14.146350413714519 30.47986504183684
-9.895572362163854 -13.942163604912164 31.09664413370153
-9.722940713395916 -13.769542854797587 31.65690883966231
-9.505273183040508 -13.551877802904839 32.17188263197744
-9.307937723586226 -13.354642349930222 32.63132535171803
-9.113984206914292 -13.160684459897665 33.039739953290336
-8.945395074328088 -12.992090397192142 33.39750965033766
-8.77189324294821 -12.818583910985113 33.713283907534255
-8.552751897319537 -12.599426509793318 33.99160782892724
-8.360904656560056 -12.40757427240416 34.22134084938091
-8.115161341408381 -12.16182576719509 34.414185777323176
-7.854093083155072 -11.900766489524958 34.55894440981947
-7.6088428800965495 -11.655515899493123 34.649875634207795
-7.357490808688904 -11.404163596654996 34.69239245618762
-7.095681758222866 -11.142353926874486 34.687688784894426
-6.81891685478018 -10.865641334995916 34.635550308950016
-6.560243653308959 -10.606963863585307 34.53214719605716
-6.267097784438085 -10.313814144384482 34.38836206041477
-5.9525198129062 -9.999241998145568 34.1990339771787
-5.613262064838021 -9.65998913583812 33.961185818363525
-5.275643841296622 -9.32236726870085 33.66819921664862
-4.951184571439748 -8.997905550625163 33.32286944723241
-4.557553749442893 -8.604272148368679 32.94355086306217
-4.109171119788184 -8.155886745029926 32.52077233588626
-3.5605804550215256 -7.607293337265512 32.05574901327372
-2.813442786603578 -6.8601508738487516 31.551620580011907
-1.5783855488931104 -5.625090611684276 31.019989858348865
1.3640317294702848 -2.6826930640277524 30.49500318125251
16.773030618132054 12.726215788498312 30.00314798225617
16.666072177965862 -12.6192613509432 26.573946513650515
1.3009605822445995 2.745753622836446 26.993585461743518
-1.5863871489706476 5.633081535294287 27.459980062469473
-2.8259112488123614 6.872609216345555 27.92300574061546
-3.5750595352469157 7.6217621299630895 28.35931856490976
-4.127935420508303 8.174640857483348 28.758349048983998
-4.605055086264714 8.65176355995754 29.112169608035945
-4.949202293824189 8.995913440899896 29.44511581065895
-5.319769406703496 9.36648347790916 29.72976266424126
-5.641484184659717 9.688201537180301 29.977362372962514
-5.971250013240863 10.017962967143212 30.17861830196389
-6.277398968977117 10.324106216304555 30.338743809405052
-6.563741080010745 10.610452653578221 30.459640413905664
-6.832193862717158 10.878909705185876 30.542710579792153
-7.083535033872156 11.130192148892448 30.589365682275286
-7.302725787115994 11.349383746610355 30.603246370507225
-7.5484853992797625 11.595144040518642 30.573249126009422
-7.783345051813543 11.830004292908306 30.502337610745048
-8.009708345001275 12.056364265067087 30.390225340185264
-8.267051318767457 12.313712341916554 30.229361387850172
-8.467253956161187 12.513920219513283 30.03373307849152
-8.693811927613826 12.740491856810358 29.793723424902055
-8.874404240284122 12.921089149770207 29.519471592945635
-9.049988790709879 13.09667889335012 29.207082318033812
-9.250910728223184 13.297604979077217 28.848981255985898
-9.455927210099588 13.502524775437012 28.44475546656023
-9.69143931465841 13.73803788531065 27.98868955160259
-9.863210706715194 13.90979431977678 27.494472556516826
-10.063704795102069 14.1102899384957 26.95164716508237
-10.26750807915953 14.314096129414503 26.35958197184209
-10.483029780634196 14.529631588155356 25.71557973541924
-10.706331470131502 14.75293778933495 25.019274366172354
-10.864484149057244 14.911096934773079 24.2823953405858
-11.027696774623852 15.074315063786456 23.499568360769473
-11.14634233958899 15.19294694939583 22.676679855809287
-11.279168660430898 15.325778473827594 21.80701911622228
-11.372869698234606 15.419491100208681 20.896204588938446
-11.445782731673514 15.492409870442136 19.94438710535063
-11.448853632395592 15.495488313352698 18.96052516780564
-11.393035534566506 15.439665113923649 17.947845274321327
-11.301463830523215 15.348110609209948 16.904484316401103
-11.175957933271736 15.222611981885295 15.828547202755194
-11.00434725253181 15.050984534032757 14.71948458484662
-10.761289851439411 14.807924937428334 13.578429835785103
-10.45224010704974 14.498817823150702 12.40038580539828
-10.06854772349101 14.115106633871592 11.175948439695544
-9.551802465577907 13.598340703670361 9.895090114098746
-8.8620686138701 12.908585770740718 8.527808826003493
-7.812915115819414 11.859421526133389 7.016131488599765
-5.8197792698364745 9.866292170956982 5.176291824587652

VECTORS D float
-0.012029592611343646 -0.0 -0.00560949115915433
-0.018730495975118156 -0.0 -0.008734173714238975
-0.02290086787878502 -0.0 -0.010678850070273272
-0.025822786650065557 -0.0 -0.012041363169828234
-0.027827412070495265 -0.0 -0.012976135355106787
-0.02878081259009737 -0.0 -0.013420713318686201
-0.02907549570353237 -0.0 -0.013558126311209905
-0.028499199792946545 -0.0 -0.013289395114740326
-0.026993630286820888 -0.0 -0.012587336524149291
-0.02469803531447973 -0.0 -0.011516883008524497
-0.021487223034062822 -0.0 -0.010019656653267978
-0.01752655987474189 -0.0 -0.008172769090704256
-0.012142125295514086 -0.0 -0.005661966011575744
-0.005430020486929656 -0.0 -0.0025320601369938334
0.0018754858159776978 0.0 0.000874553398751477
0.010282366099101308 0.0 0.00479474605596428
0.01918011621733404 0.0 0.008943835076445746
0.028859482936268808 0.0 0.01345739790357565
0.03895241025023773 0.0 0.01816380720328112
0.05059055136281222 0.0 0.023590761530763144
0.06240466164161714 0.0 0.029099771628057564
0.07426397804649269 0.0 0.034629861688134235
0.08628733497381484 0.0 0.040236445100075506
0.0978576615060061 0.0 0.045631776969390254
0.11050125284031251 0.0 0.051527580435159516
0.12280911220160565 0.0 0.05726682951082519
0.13509553096335689 0.0 0.06299608067072905
0.14682186193829638 0.0 0.06846415860640351
0.15867122846100565 0.0 0.0739896089602283
0.17162119125819386 0.0 0.08002827578537951
0.18383878202484713 0.0 0.08572543192407371
0.1973776742707767 0.0 0.09203872106128601
0.21119345723595448 0.0 0.09848112646135579
0.22438388702361625 0.0 0.10463192488569827
0.2375234460034167 0.0 0.1107590018627585
0.2507140234469108 0.0 0.11690986914014638
0.26405640972320393 0.0 0.12313152603884402
0.27652650019010977 0.0 0.12894642472144785
0.2897479396187793 0.0 0.13511168317886893
0.3032840338584192 0.0 0.14142366758432076
0.31719287472672764 0.0 0.14790946659727222
0.3305462272074857 0.0 0.15413623712109276
0.34295714825422174 0.0 0.1599235446499428
0.3573548835585576 0.0 0.1666373188824432
0.37321277629578453 0.0 0.17403197570801268
0.392186527106262 0.0 0.18287958101486293
0.4179464755816763 0.0 0.19489164226262679
0.4614170371914954 0.0 0.2151622980455841
0.5686485573133939 0.0 0.2651651770740272
1.143543256111848 0.0 0.5332429777564577
1.0801273662389645 0.0 0.5036716626600181
0.5067700863531646 0.0 0.23631077219035057
0.40168991505761975 0.0 0.18731108359499898
0.358077686109856 0.0 0.16697436724744763
0.3323231267729181 0.0 0.15496481899622616
0.3133525987705132 0.0 0.1461187165094609
0.2966913170084907 0.0 0.1383494332291516
0.2844482624267835 0.0 0.13264040311849187
0.27091118817342696 0.0 0.12632796172513888
0.25867861614910154 0.0 0.12062381971126335
0.24582762855192686 0.0 0.11463130577984589
0.2334304082021024 0.0 0.10885038699088775
0.22139315128916642 0.0 0.10323732190920651
0.20967700341628945 0.0 0.09777399243200756
0.19827814930449178 0.0 0.09245861946548473
0.18764704367676097 0.0 0.08750125349661915
0.17607198112847228 0.0 0.08210371318672902
0.16464251381896997 0.0 0.07677406505167589
0.15331226240738896 0.0 0.07149068204963417
0.1410626629839197 0.0 0.0657786000291394
0.13022942463771559 0.0 0.06072697802568603
0.11871976582653658 0.0 0.055359935979282106
0.10833679712340269 0.0 0.0505182781586271
0.09810077017064445 0.0 0.04574514040147496
0.08733368800695418 0.0 0.040724367532562096
0.07655428394658 0.0 0.03569784886886252
0.0652505222277388 0.0 0.030426818213407564
0.05541975129301513 0.0 0.025842654440978344
0.04521039639955715 0.0 0.021081954069336675
0.03516408673882892 0.0 0.016397282938342556
0.025173294142876744 0.0 0.011738499839811798
0.01537193490962998 0.0 0.007168050969020626
0.00702726999798646 0.0 0.003276869815983948
-0.0010200201003583323 -0.0 -0.0004756431842691206
-0.007984658591517016 -0.0 -0.00372330744897749
-0.014741124383394635 -0.0 -0.0068738991897923
-0.02051142929586801 -0.0 -0.009564636560368043
-0.025553966987592276 -0.0 -0.0119160105025543
-0.029274501988362275 -0.0 -0.013650924465847062
-0.031885114043988985 -0.0 -0.01486827285985756
-0.033715624672357794 -0.0 -0.015721853984200056
-0.03483477436121992 -0.0 -0.016243722054738247
-0.035179724847698025 -0.0 -0.01640457510826728
-0.03461112843582214 -0.0 -0.0161394342470101
-0.03330028052002552 -0.0 -0.015528175825197617
-0.03131951835683498 -0.0 -0.014604531259518211
-0.02846761655228886 -0.0 -0.013274667607752293
-0.02483133850815377 -0.0 -0.011579043308591223
-0.019981124623837398 -0.0 -0.009317351430644794
-0.012660845372694785 -0.0 -0.005903849156003856
-0.012029592611343646 -0.0 -0.00560949115915433
-0.018730495975118156 -0.0 -0.008734173714238975
-0.02290086787878502 -0.0 -0.010678850070273272
-0.025822786650065557 -0.0 -0.012041363169828234
-0.027827412070495265 -0.0 -0.012976135355106787
-0.02878081259009737 -0.0 -0.013420713318686201
-0.02907549570353237 -0.0 -0.013558126311209905
-0.028499199792946545 -0.0 -0.013289395114740326
-0.026993630286820888 -0.0 -0.012587336524149291
-0.02469803531447973 -0.0 -0.011516883008524497
-0.021487223034062822 -0.0 -0.010019656653267978
-0.01752655987474189 -0.0 -0.008172769090704256
-0.012142125295514086 -0.0 -0.005661966011575744
-0.005430020486929656 -0.0 -0.0025320601369938334
0.0018754858159776978 0.0 0.000874553398751477
0.010282366099101308 0.0 0.00479474605596428
0.01918011621733404 0.0 0.008943835076445746
0.028859482936268808 0.0 0.01345739790357565
0.03895241025023773 0.0 0.01816380720328112
0.05059055136281222 0.0 0.023590761530763144
0.06240466164161714 0.0 0.029099771628057564
0.07426397804649269 0.0 0.034629861688134235
0.08628733497381484 0.0 0.040236445100075506
0.0978576615060061 0.0 0.045631776969390254
0.11050125284031251 0.0 0.051527580435159516
0.12280911220160565 0.0 0.05726682951082519
0.13509553096335689 0.0 0.06299608067072905
0.14682186193829638 0.0 0.06846415860640351
0.15867122846100565 0.0 0.0739896089602283
0.17162119125819386 0.0 0.08002827578537951
0.18383878202484713 0.0 0.08572543192407371
0.1973776742707767 0.0 0.09203872106128601
0.21119345723595448 0.0 0.09848112646135579
0.22438388702361625 0.0 0.10463192488569827
0.2375234460034167 0.0 0.1107590018627585
0.2507140234469108 0.0 0.11690986914014638
0.26405640972320393 0.0 0.12313152603884402
0.27652650019010977 0.0 0.12894642472144785
0.2897479396187793 0.0 0.13511168317886893
0.3032840338584192 0.0 0.14142366758432076
0.31719287472672764 0.0 0.14790946659727222
0.3305462272074857 0.0 0.15413623712109276
0.34295714825422174 0.0 0.1599235446499428
0.3573548835585576 0.0 0.1666373188824432
0.37321277629578453 0.0 0.17403197570801268
0.392186527106262 0.0 0.18287958101486293
0.4179464755816763 0.0 0.19489164226262679
0.4614170371914954 0.0 0.2151622980455841
0.5686485573133939 0.0 0.2651651770740272
1.143543256111848 0.0 0.5332429777564577
1.0801273662389645 0.0 0.5036716626600181
0.5067700863531646 0.0 0.23631077219035057
0.40168991505761975 0.0 0.18731108359499898
0.358077686109856 0.0 0.16697436724744763
0.3323231267729181 0.0 0.15496481899622616
0.3133525987705132 0.0 0.1461187165094609
0.2966913170084907 0.0 0.1383494332291516
0.2844482624267835 0.0 0.13264040311849187
0.27091118817342696 0.0 0.12632796172513888
0.25867861614910154 0.0 0.12062381971126335
0.24582762855192686 0.0 0.11463130577984589
0.2334304082021024 0.0 0.10885038699088775
0.22139315128916642 0.0 0.10323732190920651
0.20967700341628945 0.0 0.09777399243200756
0.19827814930449178 0.0 0.09245861946548473
0.18764704367676097 0.0 0.08750125349661915
0.17607198112847228 0.0 0.08210371318672902
0.16464251381896997 0.0 0.07677406505167589
0.15331226240738896 0.0 0.07149068204963417
0.1410626629839197 0.0 0.0657786000291394
0.13022942463771559 0.0 0.06072697802568603
0.11871976582653658 0.0 0.055359935979282106
0.10833679712340269 0.0 0.0505182781586271
0.09810077017064445 0.0 0.04574514040147496
0.08733368800695418 0.0 0.040724367532562096
0.07655428394658 0.0 0.03569784886886252
0.0652505222277388 0.0 0.030426818213407564
0.05541975129301513 0.0 0.025842654440978344
0.04521039639955715 0.0 0.021081954069336675
0.03516408673882892 0.0 0.016397282938342556
0.025173294142876744 0.0 0.011738499839811798
0.01537193490962998 0.0 0.007168050969020626
0.00702726999798646 0.0 0.003276869815983948
-0.0010200201003583323 -0.0 -0.0004756431842691206
-0.007984658591517016 -0.0 -0.00372330744897749
-0.014741124383394635 -0.0 -0.0068738991897923
-0.02051142929586801 -0.0 -0.009564636560368043
-0.025553966987592276 -0.0 -0.0119160105025543
-0.029274501988362275 -0.0 -0.013650924465847062
-0.031885114043988985 -0.0 -0.01486827285985756
-0.033715624672357794 -0.0 -0.015721853984200056
-0.03483477436121992 -0.0 -0.016243722054738247
-0.035179724847698025 -0.0 -0.01640457510826728
-0.03461112843582214 -0.0 -0.0161394342470101
-0.03330028052002552 -0.0 -0.015528175825197617
-0.03131951835683498 -0.0 -0.014604531259518211
-0.02846761655228886 -0.0 -0.013274667607752293
-0.02483133850815377 -0.0 -0.011579043308591223
-0.019981124623837398 -0.0 -0.009317351430644794
-0.012660845372694785 -0.0 -0.005903849156003856

VECTORS funs-vector float
0.0 0.0 0.002758192436757316
0.0 0.0 0.004535194528044075
0.0 0.0 0.006446665013435747
0.0 0.0 0.009152899035668972
0.0 0.0 0.01627564089175335
0.0 0.0 0.009385302156060314
0.0 0.0 0.007274673305056664
0.0 0.0 0.006075682182211947
0.0 0.0 0.005252675668624238
0.0 0.0 0.004630647822476808
0.0 0.0 0.004131035424300289
0.0 0.0 0.0037126244003728615
0.0 0.0 0.0033516563746803485
0.0 0.0 0.003033312201663112
0.0 0.0 0.0027481843610717965
0.0 0.0 0.0024894716256847536
0.0 0.0 0.0022532742523989936
0.0 0.0 0.002036736048713099
0.0 0.0 0.0018379975909352006
0.0 0.0 0.0016557584298062338
0.0 0.0 0.0014887777074389682
0.0 0.0 0.0013359962676069228
0.0 0.0 0.0011962908067033602
0.0 0.0 0.0010696379703267153
0.0 0.0 0.0009545163441612462
0.0 0.0 0.0008500079323690621
0.0 0.0 0.0007553563049711447
0.0 0.0 0.0006700856130469841
0.0 0.0 0.0005932890141215292
0.0 0.0 0.0005244215649895523
0.0 0.0 0.0004625069161286114
0.0 0.0 0.000407266437656388
0.0 0.0 0.0003582129473103506
0.0 0.0 0.00031432950767912825
0.0 0.0 0.0002755605069973461
0.0 0.0 0.00024107253465708512
0.0 0.0 0.0002104314235589817
0.0 0.0 0.00018357691557921189
0.0 0.0 0.00015975038572561704
0.0 0.0 0.00013834375912967871
0.0 0.0 0.00012009729870176117
0.0 0.0 0.00010399347825346635
0.0 0.0 8.936841813584291e-5
0.0 0.0 7.65006909214156e-5
0.0 0.0 6.518821999631801e-5
0.0 0.0 5.578412169429923e-5
0.0 0.0 4.699882498406604e-5
0.0 0.0 3.9320531269285396e-5
0.0 0.0 3.2601032678769584e-5
0.0 0.0 2.686000401297406e-5
0.0 0.0 2.2614281567841367e-5
0.0 0.0 1.891108624557154e-5
0.0 0.0 1.4923530962753585e-5
0.0 0.0 1.1576033858514996e-5
0.0 0.0 8.187561874060314e-6
0.0 0.0 4.857038320629024e-6
0.0 0.0 2.3355749005108093e-6
0.0 0.0 -9.821390730993784e-8
0.0 0.0 -2.1643109510643468e-6
0.0 0.0 -4.18523388067239e-6
0.0 0.0 -6.185813455643215e-6
0.0 0.0 -8.211318885933203e-6
0.0 0.0 -9.655238406609938e-6
0.0 0.0 -1.0549563617830287e-5
0.0 0.0 -1.164896483565124e-5
0.0 0.0 -1.2404530902575644e-5
0.0 0.0 -1.3163583855916018e-5
0.0 0.0 -1.3885063811936898e-5
0.0 0.0 -1.4738459978761145e-5
0.0 0.0 -1.5222446589549779e-5
0.0 0.0 -1.5536520116008685e-5
0.0 0.0 -1.5655732295530555e-5
0.0 0.0 -1.5763385798612195e-5
0.0 0.0 -1.5715593455922775e-5
0.0 0.0 -1.572997803381524e-5
0.0 0.0 -1.572795615151729e-5
0.0 0.0 -1.5403541030810757e-5
0.0 0.0 -1.5050638437359842e-5
0.0 0.0 -1.4647100899429173e-5
0.0 0.0 -1.4314891766983614e-5
0.0 0.0 -1.3980385977612808e-5
0.0 0.0 -1.3616291874866837e-5
0.0 0.0 -1.3207368237612051e-5
0.0 0.0 -1.2708691036261209e-5
0.0 0.0 -1.2240449480187146e-5
0.0 0.0 -1.1673219854008664e-5
0.0 0.0 -1.1110148792232108e-5
0.0 0.0 -1.0527334266379807e-5
0.0 0.0 -9.794110128005041e-6
0.0 0.0 -9.209342203255557e-6
0.0 0.0 -8.407894690779216e-6
0.0 0.0 -7.937871515004895e-6
0.0 0.0 -7.220331877600863e-6
0.0 0.0 -6.723076247474391e-6
0.0 0.0 -6.166998362159991e-6
0.0 0.0 -5.348094731193566e-6
0.0 0.0 -4.456591066121458e-6
0.0 0.0 -3.6783107372106e-6
0.0 0.0 -2.8872053896768865e-6
0.0 0.0 -1.8685986053025203e-6
0.0 0.0 0.002758192436757316
0.0 0.0 0.004535194528044075
0.0 0.0 0.006446665013435747
0.0 0.0 0.009152899035668972
0.0 0.0 0.01627564089175335
0.0 0.0 0.009385302156060314
0.0 0.0 0.007274673305056664
0.0 0.0 0.006075682182211947
0.0 0.0 0.005252675668624238
0.0 0.0 0.004630647822476808
0.0 0.0 0.004131035424300289
0.0 0.0 0.0037126244003728615
0.0 0.0 0.0033516563746803485
0.0 0.0 0.003033312201663112
0.0 0.0 0.0027481843610717965
0.0 0.0 0.0024894716256847536
0.0 0.0 0.0022532742523989936
0.0 0.0 0.002036736048713099
0.0 0.0 0.0018379975909352006
0.0 0.0 0.0016557584298062338
0.0 0.0 0.0014887777074389682
0.0 0.0 0.0013359962676069228
0.0 0.0 0.0011962908067033602
0.0 0.0 0.0010696379703267153
0.0 0.0 0.0009545163441612462
0.0 0.0 0.0008500079323690621
0.0 0.0 0.0007553563049711447
0.0 0.0 0.0006700856130469841
0.0 0.0 0.0005932890141215292
0.0 0.0 0.0005244215649895523
0.0 0.0 0.0004625069161286114
0.0 0.0 0.000407266437656388
0.0 0.0 0.0003582129473103506
0.0 0.0 0.00031432950767912825
0.0 0.0 0.0002755605069973461
0.0 0.0 0.00024107253465708512
0.0 0.0 0.0002104314235589817
0.0 0.0 0.00018357691557921189
0.0 0.0 0.00015975038572561704
0.0 0.0 0.00013834375912967871
0.0 0.0 0.00012009729870176117
0.0 0.0 0.00010399347825346635
0.0 0.0 8.936841813584291e-5
0.0 0.0 7.65006909214156e-5
0.0 0.0 6.518821999631801e-5
0.0 0.0 5.578412169429923e-5
0.0 0.0 4.699882498406604e-5
0.0 0.0 3.9320531269285396e-5
0.0 0.0 3.2601032678769584e-5
0.0 0.0 2.686000401297406e-5
0.0 0.0 2.2614281567841367e-5
0.0 0.0 1.891108624557154e-5
0.0 0.0 1.4923530962753585e-5
0.0 0.0 1.1576033858514996e-5
0.0 0.0 8.187561874060314e-6
0.0 0.0 4.857038320629024e-6
0.0 0.0 2.3355749005108093e-6
0.0 0.0 -9.821390730993784e-8
0.0 0.0 -2.1643109510643468e-6
0.0 0.0 -4.18523388067239e-6
0.0 0.0 -6.185813455643215e-6
0.0 0.0 -8.211318885933203e-6
0.0 0.0 -9.655238406609938e-6
0.0 0.0 -1.0549563617830287e-5
0.0 0.0 -1.164896483565124e-5
0.0 0.0 -1.2404530902575644e-5
0.0 0.0 -1.3163583855916018e-5
0.0 0.0 -1.3885063811936898e-5
0.0 0.0 -1.4738459978761145e-5
0.0 0.0 -1.5222446589549779e-5
0.0 0.0 -1.5536520116008685e-5
0.0 0.0 -1.5655732295530555e-5
0.0 0.0 -1.5763385798612195e-5
0.0 0.0 -1.5715593455922775e-5
0.0 0.0 -1.572997803381524e-5
0.0 0.0 -1.572795615151729e-5
0.0 0.0 -1.5403541030810757e-5
0.0 0.0 -1.5050638437359842e-5
0.0 0.0 -1.4647100899429173e-5
0.0 0.0 -1.4314891766983614e-5
0.0 0.0 -1.3980385977612808e-5
0.0 0.0 -1.3616291874866837e-5
0.0 0.0 -1.3207368237612051e-5
0.0 0.0 -1.2708691036261209e-5
0.0 0.0 -1.2240449480187146e-5
0.0 0.0 -1.1673219854008664e-5
0.0 0.0 -1.1110148792232108e-5
0.0 0.0 -1.0527334266379807e-5
0.0 0.0 -9.794110128005041e-6
0.0 0.0 -9.209342203255557e-6
0.0 0.0 -8.407894690779216e-6
0.0 0.0 -7.937871515004895e-6
0.0 0.0 -7.220331877600863e-6
0.0 0.0 -6.723076247474391e-6
0.0 0.0 -6.166998362159991e-6
0.0 0.0 -5.348094731193566e-6
0.0 0.0 -4.456591066121458e-6
0.0 0.0 -3.6783107372106e-6
0.0 0.0 -2.8872053896768865e-6
0.0 0.0 -1.8685986053025203e-6

VECTORS S float
-0.0 -0.044892316174988386 0.0
-0.0 -0.06384714517147312 0.0
-0.0 -0.08026534045613751 0.0
-0.0 -0.09595883058908815 0.0
-0.0 -0.11139078078775654 0.0
-0.0 -0.12641871415820036 0.0
-0.0 -0.1414816302296736 0.0
-0.0 -0.15632206869607035 0.0
-0.0 -0.1708438422981462 0.0
-0.0 -0.18517281193128168 0.0
-0.0 -0.19912945153295322 0.0
-0.0 -0.21287072634288606 0.0
-0.0 -0.22556792320056437 0.0
-0.0 -0.23724419121765508 0.0
-0.0 -0.24867120644054894 0.0
-0.0 -0.25919933101213916 0.0
-0.0 -0.26946649881435936 0.0
-0.0 -0.2790817334488234 0.0
-0.0 -0.2884175314633089 0.0
-0.0 -0.2960884467297598 0.0
-0.0 -0.3035669894522524 0.0
-0.0 -0.31094780522363785 0.0
-0.0 -0.31804842922147364 0.0
-0.0 -0.3255559330015325 0.0
-0.0 -0.33167403787120664 0.0
-0.0 -0.3379472770931168 0.0
-0.0 -0.34397829479235315 0.0
-0.0 -0.3503708866639888 0.0
-0.0 -0.356346644218443 0.0
-0.0 -0.36072695735404203 0.0
-0.0 -0.3655473953291449 0.0
-0.0 -0.36841622492511805 0.0
-0.0 -0.3703999861242325 0.0
-0.0 -0.372454929853362 0.0
-0.0 -0.3739021125486602 0.0
-0.0 -0.37457989196039304 0.0
-0.0 -0.3743090470681329 0.0
-0.0 -0.37421447226601817 0.0
-0.0 -0.37244503196663475 0.0
-0.0 -0.36939685838047115 0.0
-0.0 -0.3648934545555599 0.0
-0.0 -0.3598890371462309 0.0
-0.0 -0.3548423381417845 0.0
-0.0 -0.3464708924860222 0.0
-0.0 -0.3351948400084928 0.0
-0.0 -0.3189716925740265 0.0
-0.0 -0.2933464151420936 0.0
-0.0 -0.2452097013481106 0.0
-0.0 -0.11917418480488318 0.0
0.0 0.5759191108649506 -0.0
-0.0 -0.5710789364090477 0.0
0.0 0.12197554541901291 -0.0
0.0 0.24555804275755153 -0.0
0.0 0.2938791454241607 -0.0
0.0 0.3195783650252717 -0.0
0.0 0.33596560619491045 -0.0
0.0 0.3483832438708781 -0.0
0.0 0.35476377709568546 -0.0
0.0 0.3615921389010627 -0.0
0.0 0.365959141115069 -0.0
0.0 0.3700884575171719 -0.0
0.0 0.37281669185904825 -0.0
0.0 0.37433755703587596 -0.0
0.0 0.37476612740502646 -0.0
0.0 0.37417104141476604 -0.0
0.0 0.3721060753835311 -0.0
0.0 0.3705257319788672 -0.0
0.0 0.3681975803659158 -0.0
0.0 0.36522149666369746 -0.0
0.0 0.36278206961301324 -0.0
0.0 0.35827887577640766 -0.0
0.0 0.35417574596333606 -0.0
0.0 0.3484561239696908 -0.0
0.0 0.34230539353062084 -0.0
0.0 0.3365039120319459 -0.0
0.0 0.330466152282249 -0.0
0.0 0.3248110549875257 -0.0
0.0 0.3173100215693984 -0.0
0.0 0.3101551678792581 -0.0
0.0 0.30273702508125483 -0.0
0.0 0.29521839202382494 -0.0
0.0 0.28749287997273165 -0.0
0.0 0.27818076047017887 -0.0
0.0 0.2686958904414298 -0.0
0.0 0.2581820063857732 -0.0
0.0 0.2477004066321874 -0.0
0.0 0.23639824919619784 -0.0
0.0 0.22463879340639306 -0.0
0.0 0.21180348871860386 -0.0
0.0 0.1982069157376397 -0.0
0.0 0.1842741428505379 -0.0
0.0 0.17011424222531915 -0.0
0.0 0.15568582028138322 -0.0
0.0 0.1408632019455929 -0.0
0.0 0.12587125828612789 -0.0
0.0 0.1108075152131759 -0.0
0.0 0.09544773732353062 -0.0
0.0 0.0798766044113547 -0.0
0.0 0.06352689463286532 -0.0
0.0 0.044649456751839414 -0.0
-0.0 -0.044892316174988386 0.0
-0.0 -0.06384714517147312 0.0
-0.0 -0.08026534045613751 0.0
-0.0 -0.09595883058908815 0.0
-0.0 -0.11139078078775654 0.0
-0.0 -0.12641871415820036 0.0
-0.0 -0.1414816302296736 0.0
-0.0 -0.15632206869607035 0.0
-0.0 -0.1708438422981462 0.0
-0.0 -0.18517281193128168 0.0
-0.0 -0.19912945153295322 0.0
-0.0 -0.21287072634288606 0.0
-0.0 -0.22556792320056437 0.0
-0.0 -0.23724419121765508 0.0
-0.0 -0.24867120644054894 0.0
-0.0 -0.25919933101213916 0.0
-0.0 -0.26946649881435936 0.0
-0.0 -0.2790817334488234 0.0
-0.0 -0.2884175314633089 0.0
-0.0 -0.2960884467297598 0.0
-0.0 -0.3035669894522524 0.0
-0.0 -0.31094780522363785 0.0
-0.0 -0.31804842922147364 0.0
-0.0 -0.3255559330015325 0.0
-0.0 -0.33167403787120664 0.0
-0.0 -0.3379472770931168 0.0
-0.0 -0.34397829479235315 0.0
-0.0 -0.3503708866639888 0.0
-0.0 -0.356346644218443 0.0
-0.0 -0.36072695735404203 0.0
-0.0 -0.3655473953291449 0.0
-0.0 -0.36841622492511805 0.0
-0.0 -0.3703999861242325 0.0
-0.0 -0.372454929853362 0.0
-0.0 -0.3739021125486602 0.0
-0.0 -0.37457989196039304 0.0
-0.0 -0.3743090470681329 0.0
-0.0 -0.37421447226601817 0.0
-0.0 -0.37244503196663475 0.0
-0.0 -0.36939685838047115 0.0
-0.0 -0.3648934545555599 0.0
-0.0 -0.3598890371462309 0.0
-0.0 -0.3548423381417845 0.0
-0.0 -0.3464708924860222 0.0
-0.0 -0.3351948400084928 0.0
-0.0 -0.3189716925740265 0.0
-0.0 -0.2933464151420936 0.0
-0.0 -0.2452097013481106 0.0
-0.0 -0.11917418480488318 0.0
0.0 0.5759191108649506 -0.0
-0.0 -0.5710789364090477 0.0
0.0 0.12197554541901291 -0.0
0.0 0.24555804275755153 -0.0
0.0 0.2938791454241607 -0.0
0.0 0.3195783650252717 -0.0
0.0 0.33596560619491045 -0.0
0.0 0.3483832438708781 -0.0
0.0 0.35476377709568546 -0.0
0.0 0.3615921389010627 -0.0
0.0 0.365959141115069 -0.0
0.0 0.3700884575171719 -0.0
0.0 0.37281669185904825 -0.0
0.0 0.37433755703587596 -0.0
0.0 0.37476612740502646 -0.0
0.0 0.37417104141476604 -0.0
0.0 0.3721060753835311 -0.0
0.0 0.3705257319788672 -0.0
0.0 0.3681975803659158 -0.0
0.0 0.36522149666369746 -0.0
0.0 0.36278206961301324 -0.0
0.0 0.35827887577640766 -0.0
0.0 0.35417574596333606 -0.0
0.0 0.3484561239696908 -0.0
0.0 0.34230539353062084 -0.0
0.0 0.3365039120319459 -0.0
0.0 0.330466152282249 -0.0
0.0 0.3248110549875257 -0.0
0.0 0.3173100215693984 -0.0
0.0 0.3101551678792581 -0.0
0.0 0.30273702508125483 -0.0
0.0 0.29521839202382494 -0.0
0.0 0.28749287997273165 -0.0
0.0 0.27818076047017887 -0.0
0.0 0.2686958904414298 -0.0
0.0 0.2581820063857732 -0.0
0.0 0.2477004066321874 -0.0
0.0 0.23639824919619784 -0.0
0.0 0.22463879340639306 -0.0
0.0 0.21180348871860386 -0.0
0.0 0.1982069157376397 -0.0
0.0 0.1842741428505379 -0.0
0.0 0.17011424222531915 -0.0
0.0 0.15568582028138322 -0.0
0.0 0.1408632019455929 -0.0
0.0 0.12587125828612789 -0.0
0.0 0.1108075152131759 -0.0
0.0 0.09544773732353062 -0.0
0.0 0.0798766044113547 -0.0
0.0 0.06352689463286532 -0.0
0.0 0.044649456751839414 -0.0

VECTORS Vvpm_ApA float
-0.2948971092700958 0.7235981225967407 -0.23705175518989563
-0.3006872832775116 0.7034944891929626 -0.26009994745254517
-0.3044768273830414 0.6897141337394714 -0.27566370368003845
-0.3081847131252289 0.6756850481033325 -0.29131174087524414
-0.3116311728954315 0.6617150902748108 -0.3067775070667267
-0.31374332308769226 0.6529422402381897 -0.3163996636867523
-0.3163159191608429 0.6412888765335083 -0.3291701376438141
-0.3175443708896637 0.6354172825813293 -0.33558717370033264
-0.3208165466785431 0.6188892126083374 -0.3535652756690979
-0.32212862372398376 0.6115090847015381 -0.3615891635417938
-0.3227885663509369 0.6076240539550781 -0.3658076226711273
-0.3218976557254791 0.6126581430435181 -0.3603495955467224
-0.32284989953041077 0.6074028611183167 -0.3660314083099365
-0.3224315345287323 0.609738826751709 -0.36350107192993164
-0.3216404616832733 0.6141476035118103 -0.3587145507335663
-0.32091620564460754 0.6180481314659119 -0.35448652505874634
-0.3212098181247711 0.6163561344146729 -0.3563307225704193
-0.32262590527534485 0.6086333394050598 -0.3646894693374634
-0.32246139645576477 0.6095441579818726 -0.3637004792690277
-0.32267507910728455 0.6082160472869873 -0.3651474416255951
-0.32189980149269104 0.6125631928443909 -0.36043107509613037
-0.3207857310771942 0.6186349391937256 -0.3538443148136139
-0.3210153877735138 0.6173267960548401 -0.3552703261375427
-0.32064303755760193 0.619331955909729 -0.3530883491039276
-0.3208666741847992 0.618070662021637 -0.3544623553752899
-0.32249876856803894 0.6095221638679504 -0.3636915385723114
-0.32266315817832947 0.6085065603256226 -0.36479759216308594
-0.3223254978656769 0.61039799451828 -0.3627499043941498
-0.3220541179180145 0.6118614077568054 -0.36116451025009155
-0.3222251832485199 0.6108203530311584 -0.36229968070983887
-0.3211997449398041 0.6164828538894653 -0.3561564087867737
-0.32137373089790344 0.6154614686965942 -0.3572711944580078
-0.3207031190395355 0.6191294193267822 -0.35327810049057007
-0.3190790116786957 0.6275528073310852 -0.3441086411476135
-0.3192687928676605 0.626547634601593 -0.34520673751831055
-0.319454163312912 0.6255637407302856 -0.34627974033355713
-0.3196352422237396 0.6246017217636108 -0.34732872247695923
-0.3198108375072479 0.623660147190094 -0.3483555018901825
-0.31998077034950256 0.6227388381958008 -0.3493592441082001
-0.3191309869289398 0.6271035671234131 -0.3446120321750641
-0.3193260729312897 0.626086950302124 -0.34571975469589233
-0.3245944678783417 0.5969858169555664 -0.3772425055503845
-0.3242371380329132 0.5991785526275635 -0.37486180663108826
-0.3243246376514435 0.598602294921875 -0.3754875659942627
-0.32440754771232605 0.5980367660522461 -0.37610360980033875
-0.32448723912239075 0.5974828004837036 -0.3767075836658478
-0.32456400990486145 0.5969403982162476 -0.37729915976524353
-0.32463791966438293 0.5964086651802063 -0.37787938117980957
-0.3235394060611725 0.6031754612922668 -0.37053853273391724
-0.32456621527671814 0.5970239043235779 -0.37720993161201477
-0.32957741618156433 0.5601020455360413 -0.4172056317329407
-0.3245667517185211 0.5970261096954346 -0.3772065043449402
-0.3235417306423187 0.6031839847564697 -0.37052807211875916
-0.3246384561061859 0.5964109897613525 -0.37787628173828125
-0.3245633542537689 0.5969412326812744 -0.377297580242157
-0.32448747754096985 0.5974844694137573 -0.37670472264289856
-0.3244076669216156 0.598038375377655 -0.37610089778900146
-0.324325829744339 0.5986049175262451 -0.37548375129699707
-0.32423922419548035 0.5991816520690918 -0.37485647201538086
-0.32459720969200134 0.5969871282577515 -0.3772384226322174
-0.31932780146598816 0.6260865926742554 -0.34571564197540283
-0.31913384795188904 0.6271045804023743 -0.3446064889431
-0.3199838697910309 0.6227419972419739 -0.3493518531322479
-0.3198144733905792 0.6236633658409119 -0.3483469784259796
-0.31963911652565 0.6246052980422974 -0.3473203182220459
-0.3194582760334015 0.6255673766136169 -0.3462710976600647
-0.31927290558815 0.62655109167099 -0.34519827365875244
-0.31908169388771057 0.6275555491447449 -0.3441021144390106
-0.3207043707370758 0.6191338300704956 -0.35327136516571045
-0.3213743269443512 0.6154662370681763 -0.35726499557495117
-0.3211997449398041 0.6164873838424683 -0.3561510741710663
-0.3222246468067169 0.6108205318450928 -0.3622983396053314
-0.3220534026622772 0.6118618845939636 -0.3611631989479065
-0.32232484221458435 0.6103968620300293 -0.3627500832080841
-0.32266244292259216 0.6085071563720703 -0.36479616165161133
-0.3224985897541046 0.6095227003097534 -0.3636896312236786
-0.3208668529987335 0.618073046207428 -0.3544585108757019
-0.3206431567668915 0.6193342208862305 -0.3530842661857605
-0.3210161626338959 0.6173302531242371 -0.35526514053344727
-0.3207866847515106 0.6186386346817017 -0.3538387715816498
-0.3219009339809418 0.6125653386116028 -0.360426664352417
-0.3226764500141144 0.6082189083099365 -0.36514243483543396
-0.3224627673625946 0.6095472574234009 -0.36369556188583374
-0.32262763381004333 0.6086371541023254 -0.36468371748924255
-0.32121118903160095 0.6163614392280579 -0.35632383823394775
-0.3209172785282135 0.6180530786514282 -0.35447990894317627
-0.3216414749622345 0.6141510009765625 -0.3587093949317932
-0.3224327862262726 0.609743058681488 -0.36349520087242126
-0.32285091280937195 0.6074084639549255 -0.3660244047641754
-0.32189878821372986 0.6126648187637329 -0.3603416383266449
-0.3227897584438324 0.6076298356056213 -0.36580073833465576
-0.3221301734447479 0.611513614654541 -0.3615829050540924
-0.320818156003952 0.6188918352127075 -0.3535604476928711
-0.31754568219184875 0.6354170441627502 -0.33558401465415955
-0.31631746888160706 0.641285240650177 -0.32916927337646484
-0.31374457478523254 0.6529372930526733 -0.31639987230300903
-0.311632364988327 0.6617069244384766 -0.30677998065948486
-0.30818554759025574 0.6756757497787476 -0.29131507873535156
-0.30447718501091003 0.6897027492523193 -0.2756682336330414
-0.300687700510025 0.7034822702407837 -0.2601050138473511
-0.2948971092700958 0.7235981225967407 -0.23705175518989563
-0.3006872832775116 0.7034944891929626 -0.26009994745254517
-0.3044768273830414 0.6897141337394714 -0.27566370368003845
-0.3081847131252289 0.6756850481033325 -0.29131174087524414
-0.3116311728954315 0.6617150902748108 -0.3067775070667267
-0.31374332308769226 0.6529422402381897 -0.3163996636867523
-0.3163159191608429 0.6412888765335083 -0.3291701376438141
-0.3175443708896637 0.6354172825813293 -0.33558717370033264
-0.3208165466785431 0.6188892126083374 -0.3535652756690979
-0.32212862372398376 0.6115090847015381 -0.3615891635417938
-0.3227885663509369 0.6076240539550781 -0.3658076226711273
-0.3218976557254791 0.6126581430435181 -0.3603495955467224
-0.32284989953041077 0.6074028611183167 -0.3660314083099365
-0.3224315345287323 0.609738826751709 -0.36350107192993164
-0.3216404616832733 0.6141476035118103 -0.3587145507335663
-0.32091620564460754 0.6180481314659119 -0.35448652505874634
-0.3212098181247711 0.6163561344146729 -0.3563307225704193
-0.32262590527534485 0.6086333394050598 -0.3646894693374634
-0.32246139645576477 0.6095441579818726 -0.3637004792690277
-0.32267507910728455 0.6082160472869873 -0.3651474416255951
-0.32189980149269104 0.6125631928443909 -0.36043107509613037
-0.3207857310771942 0.6186349391937256 -0.3538443148136139
-0.3210153877735138 0.6173267960548401 -0.3552703261375427
-0.32064303755760193 0.619331955909729 -0.3530883491039276
-0.3208666741847992 0.618070662021637 -0.3544623553752899
-0.32249876856803894 0.6095221638679504 -0.3636915385723114
-0.32266315817832947 0.6085065603256226 -0.36479759216308594
-0.3223254978656769 0.61039799451828 -0.3627499043941498
-0.3220541179180145 0.6118614077568054 -0.36116451025009155
-0.3222251832485199 0.6108203530311584 -0.36229968070983887
-0.3211997449398041 0.6164828538894653 -0.3561564087867737
-0.32137373089790344 0.6154614686965942 -0.3572711944580078
-0.3207031190395355 0.6191294193267822 -0.35327810049057007
-0.3190790116786957 0.6275528073310852 -0.3441086411476135
-0.3192687928676605 0.626547634601593 -0.34520673751831055
-0.319454163312912 0.6255637407302856 -0.34627974033355713
-0.3196352422237396 0.6246017217636108 -0.34732872247695923
-0.3198108375072479 0.623660147190094 -0.3483555018901825
-0.31998077034950256 0.6227388381958008 -0.3493592441082001
-0.3191309869289398 0.6271035671234131 -0.3446120321750641
-0.3193260729312897 0.626086950302124 -0.34571975469589233
-0.3245944678783417 0.5969858169555664 -0.3772425055503845
-0.3242371380329132 0.5991785526275635 -0.37486180663108826
-0.3243246376514435 0.598602294921875 -0.3754875659942627
-0.32440754771232605 0.5980367660522461 -0.37610360980033875
-0.32448723912239075 0.5974828004837036 -0.3767075836658478
-0.32456400990486145 0.5969403982162476 -0.37729915976524353
-0.32463791966438293 0.5964086651802063 -0.37787938117980957
-0.3235394060611725 0.6031754612922668 -0.37053853273391724
-0.32456621527671814 0.5970239043235779 -0.37720993161201477
-0.32957741618156433 0.5601020455360413 -0.4172056317329407
-0.3245667517185211 0.5970261096954346 -0.3772065043449402
-0.3235417306423187 0.6031839847564697 -0.37052807211875916
-0.3246384561061859 0.5964109897613525 -0.37787628173828125
-0.3245633542537689 0.5969412326812744 -0.377297580242157
-0.32448747754096985 0.5974844694137573 -0.37670472264289856
-0.3244076669216156 0.598038375377655 -0.37610089778900146
-0.324325829744339 0.5986049175262451 -0.37548375129699707
-0.32423922419548035 0.5991816520690918 -0.37485647201538086
-0.32459720969200134 0.5969871282577515 -0.3772384226322174
-0.31932780146598816 0.6260865926742554 -0.34571564197540283
-0.31913384795188904 0.6271045804023743 -0.3446064889431
-0.3199838697910309 0.6227419972419739 -0.3493518531322479
-0.3198144733905792 0.6236633658409119 -0.3483469784259796
-0.31963911652565 0.6246052980422974 -0.3473203182220459
-0.3194582760334015 0.6255673766136169 -0.3462710976600647
-0.31927290558815 0.62655109167099 -0.34519827365875244
-0.31908169388771057 0.6275555491447449 -0.3441021144390106
-0.3207043707370758 0.6191338300704956 -0.35327136516571045
-0.3213743269443512 0.6154662370681763 -0.35726499557495117
-0.3211997449398041 0.6164873838424683 -0.3561510741710663
-0.3222246468067169 0.6108205318450928 -0.3622983396053314
-0.3220534026622772 0.6118618845939636 -0.3611631989479065
-0.32232484221458435 0.6103968620300293 -0.3627500832080841
-0.32266244292259216 0.6085071563720703 -0.36479616165161133
-0.3224985897541046 0.6095227003097534 -0.3636896312236786
-0.3208668529987335 0.618073046207428 -0.3544585108757019
-0.3206431567668915 0.6193342208862305 -0.3530842661857605
-0.3210161626338959 0.6173302531242371 -0.35526514053344727
-0.3207866847515106 0.6186386346817017 -0.3538387715816498
-0.3219009339809418 0.6125653386116028 -0.360426664352417
-0.3226764500141144 0.6082189083099365 -0.36514243483543396
-0.3224627673625946 0.6095472574234009 -0.36369556188583374
-0.32262763381004333 0.6086371541023254 -0.36468371748924255
-0.32121118903160095 0.6163614392280579 -0.35632383823394775
-0.3209172785282135 0.6180530786514282 -0.35447990894317627
-0.3216414749622345 0.6141510009765625 -0.3587093949317932
-0.3224327862262726 0.609743058681488 -0.36349520087242126
-0.32285091280937195 0.6074084639549255 -0.3660244047641754
-0.32189878821372986 0.6126648187637329 -0.3603416383266449
-0.3227897584438324 0.6076298356056213 -0.36580073833465576
-0.3221301734447479 0.611513614654541 -0.3615829050540924
-0.320818156003952 0.6188918352127075 -0.3535604476928711
-0.31754568219184875 0.6354170441627502 -0.33558401465415955
-0.31631746888160706 0.641285240650177 -0.32916927337646484
-0.31374457478523254 0.6529372930526733 -0.31639987230300903
-0.311632364988327 0.6617069244384766 -0.30677998065948486
-0.30818554759025574 0.6756757497787476 -0.29131507873535156
-0.30447718501091003 0.6897027492523193 -0.2756682336330414
-0.300687700510025 0.7034822702407837 -0.2601050138473511

VECTORS Vkin float
-0.0 -0.0 -0.0
-0.0 -0.0 -0.0
-0.0 -0.0 -0.0
-0.0 -0.0 -0.0
-0.0 -0.0 -0.0
-0.0 -0.0 -0.0
-0.0 -0.0 -0.0
-0.0 -0.0 -0.0
-0.0 -0.0 -0.0
-0.0 -0.0 -0.0
-0.0 -0.0 -0.0
-0.0 -0.0 -0.0
-0.0 -0.0 -0.0
-0.0 -0.0 -0.0
-0.0 -0.0 -0.0
-0.0 -0.0 -0.0
-0.0 -0.0 -0.0
-0.0 -0.0 -0.0
-0.0 -0.0 -0.0
-0.0 -0.0 -0.0
-0.0 -0.0 -0.0
-0.0 -0.0 -0.0
-0.0 -0.0 -0.0
-0.0 -0.0 -0.0
-0.0 -0.0 -0.0
-0.0 -0.0 -0.0
-0.0 -0.0 -0.0
-0.0 -0.0 -0.0
-0.0 -0.0 -0.0
-0.0 -0.0 -0.0
-0.0 -0.0 -0.0
-0.0 -0.0 -0.0
-0.0 -0.0 -0.0
-0.0 -0.0 -0.0
-0.0 -0.0 -0.0
-0.0 -0.0 -0.0
-0.0 -0.0 -0.0
-0.0 -0.0 -0.0
-0.0 -0.0 -0.0
-0.0 -0.0 -0.0
-0.0 -0.0 -0.0
-0.0 -0.0 -0.0
-0.0 -0.0 -0.0
-0.0 -0.0 -0.0
-0.0 -0.0 -0.0
-0.0 -0.0 -0.0
-0.0 -0.0 -0.0
-0.0 -0.0 -0.0
-0.0 -0.0 -0.0
-0.0 -0.0 -0.0
-0.0 -0.0 -0.0
-0.0 -0.0 -0.0
-0.0 -0.0 -0.0
-0.0 -0.0 -0.0
-0.0 -0.0 -0.0
-0.0 -0.0 -0.0
-0.0 -0.0 -0.0
-0.0 -0.0 -0.0
-0.0 -0.0 -0.0
-0.0 -0.0 -0.0
-0.0 -0.0 -0.0
-0.0 -0.0 -0.0
-0.0 -0.0 -0.0
-0.0 -0.0 -0.0
-0.0 -0.0 -0.0
-0.0 -0.0 -0.0
-0.0 -0.0 -0.0
-0.0 -0.0 -0.0
-0.0 -0.0 -0.0
-0.0 -0.0 -0.0
-0.0 -0.0 -0.0
-0.0 -0.0 -0.0
-0.0 -0.0 -0.0
-0.0 -0.0 -0.0
-0.0 -0.0 -0.0
-0.0 -0.0 -0.0
-0.0 -0.0 -0.0
-0.0 -0.0 -0.0
-0.0 -0.0 -0.0
-0.0 -0.0 -0.0
-0.0 -0.0 -0.0
-0.0 -0.0 -0.0
-0.0 -0.0 -0.0
-0.0 -0.0 -0.0
-0.0 -0.0 -0.0
-0.0 -0.0 -0.0
-0.0 -0.0 -0.0
-0.0 -0.0 -0.0
-0.0 -0.0 -0.0
-0.0 -0.0 -0.0
-0.0 -0.0 -0.0
-0.0 -0.0 -0.0
-0.0 -0.0 -0.0
-0.0 -0.0 -0.0
-0.0 -0.0 -0.0
-0.0 -0.0 -0.0
-0.0 -0.0 -0.0
-0.0 -0.0 -0.0
-0.0 -0.0 -0.0
-0.0 -0.0 -0.0
-0.0 -0.0 -0.0
-0.0 -0.0 -0.0
-0.0 -0.0 -0.0
-0.0 -0.0 -0.0
-0.0 -0.0 -0.0
-0.0 -0.0 -0.0
-0.0 -0.0 -0.0
-0.0 -0.0 -0.0
-0.0 -0.0 -0.0
-0.0 -0.0 -0.0
-0.0 -0.0 -0.0
-0.0 -0.0 -0.0
-0.0 -0.0 -0.0
-0.0 -0.0 -0.0
-0.0 -0.0 -0.0
-0.0 -0.0 -0.0
-0.0 -0.0 -0.0
-0.0 -0.0 -0.0
-0.0 -0.0 -0.0
-0.0 -0.0 -0.0
-0.0 -0.0 -0.0
-0.0 -0.0 -0.0
-0.0 -0.0 -0.0
-0.0 -0.0 -0.0
-0.0 -0.0 -0.0
-0.0 -0.0 -0.0
-0.0 -0.0 -0.0
-0.0 -0.0 -0.0
-0.0 -0.0 -0.0
-0.0 -0.0 -0.0
-0.0 -0.0 -0.0
-0.0 -0.0 -0.0
-0.0 -0.0 -0.0
-0.0 -0.0 -0.0
-0.0 -0.0 -0.0
-0.0 -0.0 -0.0
-0.0 -0.0 -0.0
-0.0 -0.0 -0.0
-0.0 -0.0 -0.0
-0.0 -0.0 -0.0
-0.0 -0.0 -0.0
-0.0 -0.0 -0.0
-0.0 -0.0 -0.0
-0.0 -0.0 -0.0
-0.0 -0.0 -0.0
-0.0 -0.0 -0.0
-0.0 -0.0 -0.0
-0.0 -0.0 -0.0
-0.0 -0.0 -0.0
-0.0 -0.0 -0.0
-0.0 -0.0 -0.0
-0.0 -0.0 -0.0
-0.0 -0.0 -0.0
-0.0 -0.0 -0.0
-0.0 -0.0 -0.0
-0.0 -0.0 -0.0
-0.0 -0.0 -0.0
-0.0 -0.0 -0.0
-0.0 -0.0 -0.0
-0.0 -0.0 -0.0
-0.0 -0.0 -0.0
-0.0 -0.0 -0.0
-0.0 -0.0 -0.0
-0.0 -0.0 -0.0
-0.0 -0.0 -0.0
-0.0 -0.0 -0.0
-0.0 -0.0 -0.0
-0.0 -0.0 -0.0
-0.0 -0.0 -0.0
-0.0 -0.0 -0.0
-0.0 -0.0 -0.0
-0.0 -0.0 -0.0
-0.0 -0.0 -0.0
-0.0 -0.0 -0.0
-0.0 -0.0 -0.0
-0.0 -0.0 -0.0
-0.0 -0.0 -0.0
-0.0 -0.0 -0.0
-0.0 -0.0 -0.0
-0.0 -0.0 -0.0
-0.0 -0.0 -0.0
-0.0 -0.0 -0.0
-0.0 -0.0 -0.0
-0.0 -0.0 -0.0
-0.0 -0.0 -0.0
-0.0 -0.0 -0.0
-0.0 -0.0 -0.0
-0.0 -0.0 -0.0
-0.0 -0.0 -0.0
-0.0 -0.0 -0.0
-0.0 -0.0 -0.0
-0.0 -0.0 -0.0
-0.0 -0.0 -0.0
-0.0 -0.0 -0.0
-0.0 -0.0 -0.0
-0.0 -0.0 -0.0
-0.0 -0.0 -0.0
-0.0 -0.0 -0.0
-0.0 -0.0 -0.0
-0.0 -0.0 -0.0

VECTORS Funs-vector float
0.0 0.0 1.2482074500161616e-5
0.0 0.0 2.4293497308255715e-5
0.0 0.0 3.9891101953083916e-5
0.0 0.0 6.424486060049219e-5
0.0 0.0 0.0001277683103994008
0.0 0.0 8.147835266214393e-5
0.0 0.0 6.920171321697517e-5
0.0 0.0 6.28462252530923e-5
0.0 0.0 5.869918658418936e-5
0.0 0.0 5.559698389309195e-5
0.0 0.0 5.3032224741395195e-5
0.0 0.0 5.0746822842824956e-5
0.0 0.0 4.859876870140875e-5
0.0 0.0 4.6504108928013176e-5
0.0 0.0 4.4417083601998044e-5
0.0 0.0 4.2304944610189216e-5
0.0 0.0 4.016404918533146e-5
0.0 0.0 3.799725703524571e-5
0.0 0.0 3.58173557257794e-5
0.0 0.0 3.364230801459366e-5
0.0 0.0 3.148701322685609e-5
0.0 0.0 2.9366238998052865e-5
0.0 0.0 2.7289768126809347e-5
0.0 0.0 2.5289654934495516e-5
0.0 0.0 2.336121198009639e-5
0.0 0.0 2.1509963256573142e-5
0.0 0.0 1.9742603398504957e-5
0.0 0.0 1.8070878758263166e-5
0.0 0.0 1.6492972289450646e-5
0.0 0.0 1.5014413184797366e-5
0.0 0.0 1.3626208862481346e-5
0.0 0.0 1.2337256459041704e-5
0.0 0.0 1.1149035722199988e-5
0.0 0.0 1.0044478146056393e-5
0.0 0.0 9.0346525484349e-6
0.0 0.0 8.104295068986303e-6
0.0 0.0 7.249124391016235e-6
0.0 0.0 6.4766072051533805e-6
0.0 0.0 5.768790932756377e-6
0.0 0.0 5.110762396642216e-6
0.0 0.0 4.536518373866105e-6
0.0 0.0 4.014657616395664e-6
0.0 0.0 3.524342222635564e-6
0.0 0.0 3.0804770237730617e-6
0.0 0.0 2.67913908753328e-6
0.0 0.0 2.3390126983038223e-6
0.0 0.0 2.0097133544865535e-6
0.0 0.0 1.7140658515549776e-6
0.0 0.0 1.4482467433141762e-6
0.0 0.0 1.2155372725144075e-6
0.0 0.0 1.0233990331337666e-6
0.0 0.0 8.400936049341169e-7
0.0 0.0 6.505485552241418e-7
0.0 0.0 4.950019462259625e-7
0.0 0.0 3.4330219083708355e-7
0.0 0.0 1.9961706601559574e-7
0.0 0.0 9.404731815710325e-8
0.0 0.0 -3.873173852717023e-9
0.0 0.0 -8.355300341778282e-8
0.0 0.0 -1.5809173564966178e-7
0.0 0.0 -2.2851932751162845e-7
0.0 0.0 -2.9652123667796977e-7
0.0 0.0 -3.406375275149502e-7
0.0 0.0 -3.634205274249646e-7
0.0 0.0 -3.916109664282249e-7
0.0 0.0 -4.0670061160895396e-7
0.0 0.0 -4.2064561911732125e-7
0.0 0.0 -4.3215934434159476e-7
0.0 0.0 -4.464697892015127e-7
0.0 0.0 -4.484781295021621e-7
0.0 0.0 -4.4481720060523404e-7
0.0 0.0 -4.352171585438313e-7
0.0 0.0 -4.2510722218188255e-7
0.0 0.0 -4.107554629921002e-7
0.0 0.0 -3.980565788263266e-7
0.0 0.0 -3.8493224334688384e-7
0.0 0.0 -3.6418886412527505e-7
0.0 0.0 -3.4333494064695177e-7
0.0 0.0 -3.2195469109483123e-7
0.0 0.0 -3.027538524763301e-7
0.0 0.0 -2.840586179451278e-7
0.0 0.0 -2.653428775714534e-7
0.0 0.0 -2.46396073757703e-7
0.0 0.0 -2.2652923465402744e-7
0.0 0.0 -2.0800861191607623e-7
0.0 0.0 -1.886665208871919e-7
0.0 0.0 -1.7033115462269552e-7
0.0 0.0 -1.5264556561321118e-7
0.0 0.0 -1.3387294753519413e-7
0.0 0.0 -1.1822505867913155e-7
0.0 0.0 -1.0094777310186991e-7
0.0 0.0 -8.87065241670678e-8
0.0 0.0 -7.4686362777553e-8
0.0 0.0 -6.39545413111794e-8
0.0 0.0 -5.353869902786898e-8
0.0 0.0 -4.198403197792151e-8
0.0 0.0 -3.128113515516942e-8
0.0 0.0 -2.2760895490517403e-8
0.0 0.0 -1.5465779015382092e-8
0.0 0.0 -8.456258051996228e-9
0.0 0.0 1.2482074500161616e-5
0.0 0.0 2.4293497308255715e-5
0.0 0.0 3.9891101953083916e-5
0.0 0.0 6.424486060049219e-5
0.0 0.0 0.0001277683103994008
0.0 0.0 8.147835266214393e-5
0.0 0.0 6.920171321697517e-5
0.0 0.0 6.28462252530923e-5
0.0 0.0 5.869918658418936e-5
0.0 0.0 5.559698389309195e-5
0.0 0.0 5.3032224741395195e-5
0.0 0.0 5.0746822842824956e-5
0.0 0.0 4.859876870140875e-5
0.0 0.0 4.6504108928013176e-5
0.0 0.0 4.4417083601998044e-5
0.0 0.0 4.2304944610189216e-5
0.0 0.0 4.016404918533146e-5
0.0 0.0 3.799725703524571e-5
0.0 0.0 3.58173557257794e-5
0.0 0.0 3.364230801459366e-5
0.0 0.0 3.148701322685609e-5
0.0 0.0 2.9366238998052865e-5
0.0 0.0 2.7289768126809347e-5
0.0 0.0 2.5289654934495516e-5
0.0 0.0 2.336121198009639e-5
0.0 0.0 2.1509963256573142e-5
0.0 0.0 1.9742603398504957e-5
0.0 0.0 1.8070878758263166e-5
0.0 0.0 1.6492972289450646e-5
0.0 0.0 1.5014413184797366e-5
0.0 0.0 1.3626208862481346e-5
0.0 0.0 1.2337256459041704e-5
0.0 0.0 1.1149035722199988e-5
0.0 0.0 1.0044478146056393e-5
0.0 0.0 9.0346525484349e-6
0.0 0.0 8.104295068986303e-6
0.0 0.0 7.249124391016235e-6
0.0 0.0 6.4766072051533805e-6
0.0 0.0 5.768790932756377e-6
0.0 0.0 5.110762396642216e-6
0.0 0.0 4.536518373866105e-6
0.0 0.0 4.014657616395664e-6
0.0 0.0 3.524342222635564e-6
0.0 0.0 3.0804770237730617e-6
0.0 0.0 2.67913908753328e-6
0.0 0.0 2.3390126983038223e-6
0.0 0.0 2.0097133544865535e-6
0.0 0.0 1.7140658515549776e-6
0.0 0.0 1.4482467433141762e-6
0.0 0.0 1.2155372725144075e-6
0.0 0.0 1.0233990331337666e-6
0.0 0.0 8.400936049341169e-7
0.0 0.0 6.505485552241418e-7
0.0 0.0 4.950019462259625e-7
0.0 0.0 3.4330219083708355e-7
0.0 0.0 1.9961706601559574e-7
0.0 0.0 9.404731815710325e-8
0.0 0.0 -3.873173852717023e-9
0.0 0.0 -8.355300341778282e-8
0.0 0.0 -1.5809173564966178e-7
0.0 0.0 -2.2851932751162845e-7
0.0 0.0 -2.9652123667796977e-7
0.0 0.0 -3.406375275149502e-7
0.0 0.0 -3.634205274249646e-7
0.0 0.0 -3.916109664282249e-7
0.0 0.0 -4.0670061160895396e-7
0.0 0.0 -4.2064561911732125e-7
0.0 0.0 -4.3215934434159476e-7
0.0 0.0 -4.464697892015127e-7
0.0 0.0 -4.484781295021621e-7
0.0 0.0 -4.4481720060523404e-7
0.0 0.0 -4.352171585438313e-7
0.0 0.0 -4.2510722218188255e-7
0.0 0.0 -4.107554629921002e-7
0.0 0.0 -3.980565788263266e-7
0.0 0.0 -3.8493224334688384e-7
0.0 0.0 -3.6418886412527505e-7
0.0 0.0 -3.4333494064695177e-7
0.0 0.0 -3.2195469109483123e-7
0.0 0.0 -3.027538524763301e-7
0.0 0.0 -2.840586179451278e-7
0.0 0.0 -2.653428775714534e-7
0.0 0.0 -2.46396073757703e-7
0.0 0.0 -2.2652923465402744e-7
0.0 0.0 -2.0800861191607623e-7
0.0 0.0 -1.886665208871919e-7
0.0 0.0 -1.7033115462269552e-7
0.0 0.0 -1.5264556561321118e-7
0.0 0.0 -1.3387294753519413e-7
0.0 0.0 -1.1822505867913155e-7
0.0 0.0 -1.0094777310186991e-7
0.0 0.0 -8.87065241670678e-8
0.0 0.0 -7.4686362777553e-8
0.0 0.0 -6.39545413111794e-8
0.0 0.0 -5.353869902786898e-8
0.0 0.0 -4.198403197792151e-8
0.0 0.0 -3.128113515516942e-8
0.0 0.0 -2.2760895490517403e-8
0.0 0.0 -1.5465779015382092e-8
0.0 0.0 -8.456258051996228e-9

VECTORS Ftot float
-0.026579930970665022 -0.044892316174988386 0.02559381014816606
-0.04217130810970221 -0.06384714517147312 0.041534810130740965
-0.055225945324584295 -0.08026534045613751 0.058642502218250715
-0.06755579516837282 -0.09595883058908815 0.07745536241136604
-0.0796240640121674 -0.11139078078775654 0.09810214319303398
-0.09128832176694984 -0.12641871415820036 0.12062707269488868
-0.1029871257522399 -0.1414816302296736 0.14494587583438556
-0.11446396310610653 -0.15632206869607035 0.17106263473029745
-0.12562198833309163 -0.1708438422981462 0.1989218598645729
-0.13658745489397842 -0.18517281193128168 0.22843075161150816
-0.14718075059613644 -0.19912945153295322 0.25953098306685785
-0.15755838831875887 -0.21287072634288606 0.2921264560990974
-0.16689207522167665 -0.22556792320056437 0.32620037255358747
-0.17520482329095818 -0.23724419121765508 0.3615511794043909
-0.1832684286357564 -0.24867120644054894 0.3979169592307249
-0.1904330687266662 -0.25919933101213916 0.4352303850929079
-0.19733643989565983 -0.26946649881435936 0.47326508806565726
-0.20358819804592024 -0.2790817334488234 0.5119430584262782
-0.20956053652914958 -0.2884175314633089 0.5511015414079008
-0.21386792235118135 -0.2960884467297598 0.5907237885978175
-0.21798322722302707 -0.3035669894522524 0.6303935397253522
-0.2220005461662174 -0.31094780522363785 0.6699711841637627
-0.22573764985262268 -0.31804842922147364 0.7093761844322608
-0.22988134528847612 -0.3255559330015325 0.7484703451610867
-0.2326358297749831 -0.33167403787120664 0.7873874287871211
-0.2355429764882251 -0.3379472770931168 0.8257553636852222
-0.23821046358277276 -0.34397829479235315 0.8635533694426077
-0.2412395471347226 -0.3503708866639888 0.9006645359461836
-0.2438517969124725 -0.356346644218443 0.9372030225380967
-0.2448689364175431 -0.36072695735404203 0.973194236909907
-0.24632590163884144 -0.3655473953291449 1.0082165729996588
-0.2458312726469413 -0.36841622492511805 1.0425033749580859
-0.24445114283854785 -0.3703999861242325 1.0756141246139361
-0.24314247997335373 -0.372454929853362 1.107245454431392
-0.24122605161794008 -0.3739021125486602 1.1374406127022325
-0.23854023340344688 -0.37457989196039304 1.1661190088444995
-0.23490396850565268 -0.3743090470681329 1.1931555102106939
-0.2314458829342804 -0.37421447226601817 1.2182967157594353
-0.2263129238114042 -0.37244503196663475 1.2418077762090356
-0.21990088036101652 -0.36939685838047115 1.2633973368341005
-0.21203363247744603 -0.3648934545555599 1.2828393738137245
-0.20366569216225236 -0.3598890371462309 1.2997573952281904
-0.19525542916808492 -0.3548423381417845 1.314124141637366
-0.18352042890947806 -0.3464708924860222 1.3265481696029156
-0.16888083406801468 -0.3351948400084928 1.3365554746971924
-0.14929414759395307 -0.3189716925740265 1.3440886352316592
-0.12030542342788389 -0.2933464151420936 1.3491765646660407
-0.0688051936892029 -0.2452097013481106 1.3522275415772587
0.06059484463107195 -0.11917418480488318 1.3546898799118416
0.7590558765187394 0.5759191108649506 1.3577788241424649
0.7542155209264915 -0.5710789364090477 1.2025918704086571
0.057793013644099236 0.12197554541901291 1.1991452117650643
-0.06915400050864223 0.24555804275755153 1.197039119006666
-0.1208385864382229 0.2938791454241607 1.1940136280714446
-0.14990125139837576 0.3195783650252717 1.1890983352229845
-0.16965201897707216 0.33596560619491045 1.1819254619072317
-0.1854331799567649 0.3483832438708781 1.172268753518332
-0.19517725586208626 0.35476377709568546 1.1612006463419569
-0.20536915511217538 0.3615921389010627 1.1477144540037814
-0.21309968613980673 0.365959141115069 1.1323556539160777
-0.22059282052625617 0.3700884575171719 1.1148731866951855
-0.2266849127721538 0.37281669185904825 1.095570877052657
-0.23156927240786834 0.37433755703587596 1.0746183742582804
-0.23536134640315504 0.37476612740502646 1.0521618135119601
-0.23813188892571527 0.37417104141476604 1.0283429666300048
-0.2394305006258533 0.3721060753835311 1.003372002847803
-0.24121374155648886 0.3705257319788672 0.9769758333144607
-0.24224917796088438 0.3681975803659158 0.9493561139714158
-0.242636802047951 0.36522149666369746 0.920606190943396
-0.2435608290775332 0.36278206961301324 0.8906063405454784
-0.24242109387882615 0.35827887577640766 0.8598785939158852
-0.24168119718876002 0.35417574596333606 0.828242295323895
-0.23932506526855657 0.3484561239696908 0.7960815480554256
-0.23653782761861866 0.34230539353062084 0.7633799292301644
-0.23409987398508375 0.3365039120319459 0.7300408657085257
-0.23142811684131834 0.330466152282249 0.6961682387536591
-0.22913655169837963 0.3248110549875257 0.6617419355565276
-0.22499941624884812 0.3173100215693984 0.6272034998780335
-0.22120807324423705 0.3101551678792581 0.5924182059720191
-0.2171534145627991 0.30273702508125483 0.5574939106453634
-0.21299804999182387 0.29521839202382494 0.5224985956037409
-0.20863600946761318 0.28749287997273165 0.4875546379351388
-0.20268733252299403 0.27818076047017887 0.453011286254138
-0.19656593296858896 0.2686958904414298 0.41887392023901054
-0.18941585452006193 0.2581820063857732 0.38535714781611274
-0.18229773244034086 0.2477004066321874 0.3524524063654365
-0.17435896343964077 0.23639824919619784 0.32036246511428323
-0.16596300020052915 0.22463879340639306 0.2891921329246453
-0.1564911729229254 0.21180348871860386 0.25916610675751073
-0.14625825220517963 0.1982069157376397 0.2304057134472116
-0.1356888553485101 0.1842741428505379 0.2029604449075262
-0.12489247030818071 0.17011424222531915 0.17688563014866476
-0.1138278246713845 0.15568582028138322 0.15225681924855497
-0.10236881615376607 0.1408632019455929 0.12916739598184618
-0.0907409576581041 0.12587125828612789 0.10765375381616707
-0.07904090163712094 0.1108075152131759 0.08773430544134415
-0.06704479263816751 0.09544773732353062 0.0694543534821303
-0.05483729678125426 0.0798766044113547 0.05276894186459384
-0.041851133653059605 0.06352689463286532 0.037583034284128757
-0.02633714655022334 0.044649456751839414 0.023425073366179154
-0.026579930970665022 -0.044892316174988386 0.02559381014816606
-0.04217130810970221 -0.06384714517147312 0.041534810130740965
-0.055225945324584295 -0.08026534045613751 0.058642502218250715
-0.06755579516837282 -0.09595883058908815 0.07745536241136604
-0.0796240640121674 -0.11139078078775654 0.09810214319303398
-0.09128832176694984 -0.12641871415820036 0.12062707269488868
-0.1029871257522399 -0.1414816302296736 0.14494587583438556
-0.11446396310610653 -0.15632206869607035 0.17106263473029745
-0.12562198833309163 -0.1708438422981462 0.1989218598645729
-0.13658745489397842 -0.18517281193128168 0.22843075161150816
-0.14718075059613644 -0.19912945153295322 0.25953098306685785
-0.15755838831875887 -0.21287072634288606 0.2921264560990974
-0.16689207522167665 -0.22556792320056437 0.32620037255358747
-0.17520482329095818 -0.23724419121765508 0.3615511794043909
-0.1832684286357564 -0.24867120644054894 0.3979169592307249
-0.1904330687266662 -0.25919933101213916 0.4352303850929079
-0.19733643989565983 -0.26946649881435936 0.47326508806565726
-0.20358819804592024 -0.2790817334488234 0.5119430584262782
-0.20956053652914958 -0.2884175314633089 0.5511015414079008
-0.21386792235118135 -0.2960884467297598 0.5907237885978175
-0.21798322722302707 -0.3035669894522524 0.6303935397253522
-0.2220005461662174 -0.31094780522363785 0.6699711841637627
-0.22573764985262268 -0.31804842922147364 0.7093761844322608
-0.22988134528847612 -0.3255559330015325 0.7484703451610867
-0.2326358297749831 -0.33167403787120664 0.7873874287871211
-0.2355429764882251 -0.3379472770931168 0.8257553636852222
-0.23821046358277276 -0.34397829479235315 0.8635533694426077
-0.2412395471347226 -0.3503708866639888 0.9006645359461836
-0.2438517969124725 -0.356346644218443 0.9372030225380967
-0.2448689364175431 -0.36072695735404203 0.973194236909907
-0.24632590163884144 -0.3655473953291449 1.0082165729996588
-0.2458312726469413 -0.36841622492511805 1.0425033749580859
-0.24445114283854785 -0.3703999861242325 1.0756141246139361
-0.24314247997335373 -0.372454929853362 1.107245454431392
-0.24122605161794008 -0.3739021125486602 1.1374406127022325
-0.23854023340344688 -0.37457989196039304 1.1661190088444995
-0.23490396850565268 -0.3743090470681329 1.1931555102106939
-0.2314458829342804 -0.37421447226601817 1.2182967157594353
-0.2263129238114042 -0.37244503196663475 1.2418077762090356
-0.21990088036101652 -0.36939685838047115 1.2633973368341005
-0.21203363247744603 -0.3648934545555599 1.2828393738137245
-0.20366569216225236 -0.3598890371462309 1.2997573952281904
-0.19525542916808492 -0.3548423381417845 1.314124141637366
-0.18352042890947806 -0.3464708924860222 1.3265481696029156
-0.16888083406801468 -0.3351948400084928 1.3365554746971924
-0.14929414759395307 -0.3189716925740265 1.3440886352316592
-0.12030542342788389 -0.2933464151420936 1.3491765646660407
-0.0688051936892029 -0.2452097013481106 1.3522275415772587
0.06059484463107195 -0.11917418480488318 1.3546898799118416
0.7590558765187394 0.5759191108649506 1.3577788241424649
0.7542155209264915 -0.5710789364090477 1.2025918704086571
0.057793013644099236 0.12197554541901291 1.1991452117650643
-0.06915400050864223 0.24555804275755153 1.197039119006666
-0.1208385864382229 0.2938791454241607 1.1940136280714446
-0.14990125139837576 0.3195783650252717 1.1890983352229845
-0.16965201897707216 0.33596560619491045 1.1819254619072317
-0.1854331799567649 0.3483832438708781 1.172268753518332
-0.19517725586208626 0.35476377709568546 1.1612006463419569
-0.20536915511217538 0.3615921389010627 1.1477144540037814
-0.21309968613980673 0.365959141115069 1.1323556539160777
-0.22059282052625617 0.3700884575171719 1.1148731866951855
-0.2266849127721538 0.37281669185904825 1.095570877052657
-0.23156927240786834 0.37433755703587596 1.0746183742582804
-0.23536134640315504 0.37476612740502646 1.0521618135119601
-0.23813188892571527 0.37417104141476604 1.0283429666300048
-0.2394305006258533 0.3721060753835311 1.003372002847803
-0.24121374155648886 0.3705257319788672 0.9769758333144607
-0.24224917796088438 0.3681975803659158 0.9493561139714158
-0.242636802047951 0.36522149666369746 0.920606190943396
-0.2435608290775332 0.36278206961301324 0.8906063405454784
-0.24242109387882615 0.35827887577640766 0.8598785939158852
-0.24168119718876002 0.35417574596333606 0.828242295323895
-0.23932506526855657 0.3484561239696908 0.7960815480554256
-0.23653782761861866 0.34230539353062084 0.7633799292301644
-0.23409987398508375 0.3365039120319459 0.7300408657085257
-0.23142811684131834 0.330466152282249 0.6961682387536591
-0.22913655169837963 0.3248110549875257 0.6617419355565276
-0.22499941624884812 0.3173100215693984 0.6272034998780335
-0.22120807324423705 0.3101551678792581 0.5924182059720191
-0.2171534145627991 0.30273702508125483 0.5574939106453634
-0.21299804999182387 0.29521839202382494 0.5224985956037409
-0.20863600946761318 0.28749287997273165 0.4875546379351388
-0.20268733252299403 0.27818076047017887 0.453011286254138
-0.19656593296858896 0.2686958904414298 0.41887392023901054
-0.18941585452006193 0.2581820063857732 0.38535714781611274
-0.18229773244034086 0.2477004066321874 0.3524524063654365
-0.17435896343964077 0.23639824919619784 0.32036246511428323
-0.16596300020052915 0.22463879340639306 0.2891921329246453
-0.1564911729229254 0.21180348871860386 0.25916610675751073
-0.14625825220517963 0.1982069157376397 0.2304057134472116
-0.1356888553485101 0.1842741428505379 0.2029604449075262
-0.12489247030818071 0.17011424222531915 0.17688563014866476
-0.1138278246713845 0.15568582028138322 0.15225681924855497
-0.10236881615376607 0.1408632019455929 0.12916739598184618
-0.0907409576581041 0.12587125828612789 0.10765375381616707
-0.07904090163712094 0.1108075152131759 0.08773430544134415
-0.06704479263816751 0.09544773732353062 0.0694543534821303
-0.05483729678125426 0.0798766044113547 0.05276894186459384
-0.041851133653059605 0.06352689463286532 0.037583034284128757
-0.02633714655022334 0.044649456751839414 0.023425073366179154

VECTORS Vvpm_AB float
-0.32946375012397766 0.560087263584137 -0.4173796474933624
-0.3294612467288971 0.5600853562355042 -0.4173844754695892
-0.3294684588909149 0.5600885152816772 -0.41737842559814453
-0.3294925391674042 0.5600922107696533 -0.41736659407615667
-0.3295094072818756 0.5600969195365906 -0.41735461354255676
-0.32953163981437683 0.5600997805595398 -0.4173448085784912
-0.3295884430408478 0.5601115822792053 -0.4173103272914887
-0.3295954167842865 0.5601117014884949 -0.4173097610473633
-0.32960447669029236 0.5601136684417725 -0.41730213165283203
-0.32959064841270447 0.5601121783256531 -0.41730755567550665
-0.3295740783214569 0.5601080060005188 -0.41731908917427063
-0.32957038283348083 0.5601073503494263 -0.41731727123260504
-0.3295576870441437 0.5601060390472412 -0.4173208177089691
-0.3295471966266632 0.5601051449775696 -0.41732358932495117
-0.32954129576683044 0.5601024031639099 -0.41732949018478394
-0.32953140139579773 0.5601014494895935 -0.41733273863792425
-0.3295353949069977 0.5601018667221069 -0.41732570528984075
-0.3295258581638336 0.5601008534431458 -0.4173291027545929
-0.3295164406299591 0.560099720954895 -0.41733270883560186
-0.32950887084007263 0.5600987672805786 -0.41733413934707647
-0.3295036256313324 0.5600947737693787 -0.41734266281127935
-0.3294982612133026 0.5600945353507996 -0.417344331741333
-0.3294925391674042 0.5600941777229309 -0.41734537482261663
-0.3294943869113922 0.560093879699707 -0.41733950376510615
-0.3294889032840729 0.5600937604904175 -0.4173384904861451
-0.3295787274837494 0.5601091980934143 -0.41728064417839045
-0.3295714557170868 0.5601085424423218 -0.4172833561897277
-0.3295641243457794 0.5601074695587158 -0.417286366224289
-0.3295568525791168 0.560106635093689 -0.4172892272472382
-0.3295564353466034 0.560101330280304 -0.4172977507114411
-0.32955029606819153 0.5601000189781189 -0.4173007309436798
-0.32954439520835876 0.5600990056991577 -0.41730380058288574
-0.3295440971851349 0.5600988268852234 -0.41729906201362615
-0.32954129576683044 0.5600988268852234 -0.41729941964149475
-0.3295380771160126 0.5600992441177368 -0.41729971766471863
-0.3295347988605499 0.5600990653038025 -0.41730022430419916
-0.3295608460903168 0.5601010918617249 -0.41727110743522644
-0.32955530285835266 0.5601004362106323 -0.41727367043495184
-0.3295500576496124 0.5600997805595398 -0.417275995016098
-0.3295481503009796 0.5601017475128174 -0.41727301478385925
-0.3295455276966095 0.560103714466095 -0.4172705709934234
-0.3295404613018036 0.5601028800010681 -0.41727277636528015
-0.3295358121395111 0.5601027607917786 -0.4172743260860443
-0.32953080534935 0.5601021647453308 -0.41727596521377563
-0.32952603697776794 0.5601021647453308 -0.41727769374847407
-0.32952097058296204 0.5601013898849487 -0.41727942228317266
-0.32951560616493225 0.560100793838501 -0.4172822535037995
-0.32951053977012634 0.560100257396698 -0.41728413105010986
-0.3295353949069977 0.5601048469543457 -0.4172723293304444
-0.3296094238758087 0.5601089000701904 -0.4172206223011017
-0.3296094834804535 0.5601064562797546 -0.4172227382659912
-0.32953545451164246 0.5600982904434204 -0.4172779321670533
-0.329510360956192 0.5600935220718384 -0.4172897934913635
-0.3295154869556427 0.5600939393043518 -0.41728761792182917
-0.32952138781547546 0.5600955486297607 -0.4172848463058471
-0.32952603697776794 0.5600957870483398 -0.4172830879688263
-0.3295309841632843 0.5600959658622742 -0.41728121042251587
-0.3295356333255768 0.5600963830947876 -0.41727954149246216
-0.32954058051109314 0.5600969791412354 -0.41727772355079645
-0.32954588532447815 0.5600976943969727 -0.41727569699287415
-0.3295481503009796 0.5600962042808533 -0.4172779023647309
-0.32954999804496765 0.560093879699707 -0.4172808229923249
-0.32955554127693176 0.5600947737693787 -0.4172782301902771
-0.3295605480670929 0.5600956678390503 -0.41727569699287415
-0.32953503727912903 0.5600898265838623 -0.41730818152427673
-0.3295383155345917 0.5600895881652832 -0.41730755567550665
-0.32954153418540955 0.5600900053977966 -0.4173070192337036
-0.32954445481300354 0.5600900053977966 -0.4173065423965454
-0.32954445481300354 0.5600936412811279 -0.4173083007335663
-0.3295506536960602 0.560094952583313 -0.41730526089668274
-0.3295566141605377 0.5600962042808533 -0.4173021614551544
-0.32955673336982727 0.5600997805595398 -0.41729491949081426
-0.3295641243457794 0.5601010322570801 -0.4172918796539306
-0.3295716345310211 0.5601019859313965 -0.41728872060775757
-0.3295789062976837 0.5601029396057129 -0.4172861278057098
-0.3294890820980072 0.5600897073745728 -0.4173422157764435
-0.3294946253299713 0.5600917339324951 -0.4173413813114166
-0.32949283719062805 0.5600897669792175 -0.41734939813613886
-0.32949820160865784 0.5600897669792175 -0.4173482954502106
-0.3295038640499115 0.560090184211731 -0.4173464477062225
-0.32950910925865173 0.5600934624671936 -0.41733887791633606
-0.3295166790485382 0.560096025466919 -0.4173360764980316
-0.32952603697776794 0.5600970983505249 -0.41733214259147644
-0.32953545451164246 0.5600983500480652 -0.41732871532440186
-0.32953163981437683 0.5600970983505249 -0.4173361659049988
-0.32954123616218567 0.5600982308387756 -0.4173328876495362
-0.32954731583595276 0.5601016283035278 -0.417326420545578
-0.32955774664878845 0.5601040720939636 -0.41732281446456904
-0.32957032322883606 0.5601062178611755 -0.4173181354999542
-0.32957449555397034 0.5601060390472412 -0.4173206090927124
-0.3295905888080597 0.5601083636283875 -0.4173106253147125
-0.32960471510887146 0.5601091384887695 -0.4173060059547425
-0.3295953571796417 0.5601049661636353 -0.41731539368629456
-0.32958880066871643 0.5601040124893188 -0.41731691360473633
-0.3295315206050873 0.5600929260253906 -0.4173504114151001
-0.3295097053050995 0.5600888133049011 -0.4173615574836731
-0.3294928967952728 0.5600841045379639 -0.41737341880798345
-0.32946857810020447 0.5600795149803162 -0.4173859059810638
-0.3294614255428314 0.5600764155387878 -0.41739198565483093
-0.32946398854255676 0.5600769519805908 -0.4173884093761444
-0.32946375012397766 0.560087263584137 -0.4173796474933624
-0.3294612467288971 0.5600853562355042 -0.4173844754695892
-0.3294684588909149 0.5600885152816772 -0.41737842559814453
-0.3294925391674042 0.5600922107696533 -0.41736659407615667
-0.3295094072818756 0.5600969195365906 -0.41735461354255676
-0.32953163981437683 0.5600997805595398 -0.4173448085784912
-0.3295884430408478 0.5601115822792053 -0.4173103272914887
-0.3295954167842865 0.5601117014884949 -0.4173097610473633
-0.32960447669029236 0.5601136684417725 -0.41730213165283203
-0.32959064841270447 0.5601121783256531 -0.41730755567550665
-0.3295740783214569 0.5601080060005188 -0.41731908917427063
-0.32957038283348083 0.5601073503494263 -0.41731727123260504
-0.3295576870441437 0.5601060390472412 -0.4173208177089691
-0.3295471966266632 0.5601051449775696 -0.41732358932495117
-0.32954129576683044 0.5601024031639099 -0.41732949018478394
-0.32953140139579773 0.5601014494895935 -0.41733273863792425
-0.3295353949069977 0.5601018667221069 -0.41732570528984075
-0.3295258581638336 0.5601008534431458 -0.4173291027545929
-0.3295164406299591 0.560099720954895 -0.41733270883560186
-0.32950887084007263 0.5600987672805786 -0.41733413934707647
-0.3295036256313324 0.5600947737693787 -0.41734266281127935
-0.3294982612133026 0.5600945353507996 -0.417344331741333
-0.3294925391674042 0.5600941777229309 -0.41734537482261663
-0.3294943869113922 0.560093879699707 -0.41733950376510615
-0.3294889032840729 0.5600937604904175 -0.4173384904861451
-0.3295787274837494 0.5601091980934143 -0.41728064417839045
-0.3295714557170868 0.5601085424423218 -0.4172833561897277
-0.3295641243457794 0.5601074695587158 -0.417286366224289
-0.3295568525791168 0.560106635093689 -0.4172892272472382
-0.3295564353466034 0.560101330280304 -0.4172977507114411
-0.32955029606819153 0.5601000189781189 -0.4173007309436798
-0.32954439520835876 0.5600990056991577 -0.41730380058288574
-0.3295440971851349 0.5600988268852234 -0.41729906201362615
-0.32954129576683044 0.5600988268852234 -0.41729941964149475
-0.3295380771160126 0.5600992441177368 -0.41729971766471863
-0.3295347988605499 0.5600990653038025 -0.41730022430419916
-0.3295608460903168 0.5601010918617249 -0.41727110743522644
-0.32955530285835266 0.5601004362106323 -0.41727367043495184
-0.3295500576496124 0.5600997805595398 -0.417275995016098
-0.3295481503009796 0.5601017475128174 -0.41727301478385925
-0.3295455276966095 0.560103714466095 -0.4172705709934234
-0.3295404613018036 0.5601028800010681 -0.41727277636528015
-0.3295358121395111 0.5601027607917786 -0.4172743260860443
-0.32953080534935 0.5601021647453308 -0.41727596521377563
-0.32952603697776794 0.5601021647453308 -0.41727769374847407
-0.32952097058296204 0.5601013898849487 -0.41727942228317266
-0.32951560616493225 0.560100793838501 -0.4172822535037995
-0.32951053977012634 0.560100257396698 -0.41728413105010986
-0.3295353949069977 0.5601048469543457 -0.4172723293304444
-0.3296094238758087 0.5601089000701904 -0.4172206223011017
-0.3296094834804535 0.5601064562797546 -0.4172227382659912
-0.32953545451164246 0.5600982904434204 -0.4172779321670533
-0.329510360956192 0.5600935220718384 -0.4172897934913635
-0.3295154869556427 0.5600939393043518 -0.41728761792182917
-0.32952138781547546 0.5600955486297607 -0.4172848463058471
-0.32952603697776794 0.5600957870483398 -0.4172830879688263
-0.3295309841632843 0.5600959658622742 -0.41728121042251587
-0.3295356333255768 0.5600963830947876 -0.41727954149246216
-0.32954058051109314 0.5600969791412354 -0.41727772355079645
-0.32954588532447815 0.5600976943969727 -0.41727569699287415
-0.3295481503009796 0.5600962042808533 -0.4172779023647309
-0.32954999804496765 0.560093879699707 -0.4172808229923249
-0.32955554127693176 0.5600947737693787 -0.4172782301902771
-0.3295605480670929 0.5600956678390503 -0.41727569699287415
-0.32953503727912903 0.5600898265838623 -0.41730818152427673
-0.3295383155345917 0.5600895881652832 -0.41730755567550665
-0.32954153418540955 0.5600900053977966 -0.4173070192337036
-0.32954445481300354 0.5600900053977966 -0.4173065423965454
-0.32954445481300354 0.5600936412811279 -0.4173083007335663
-0.3295506536960602 0.560094952583313 -0.41730526089668274
-0.3295566141605377 0.5600962042808533 -0.4173021614551544
-0.32955673336982727 0.5600997805595398 -0.41729491949081426
-0.3295641243457794 0.5601010322570801 -0.4172918796539306
-0.3295716345310211 0.5601019859313965 -0.41728872060775757
-0.3295789062976837 0.5601029396057129 -0.4172861278057098
-0.3294890820980072 0.5600897073745728 -0.4173422157764435
-0.3294946253299713 0.5600917339324951 -0.4173413813114166
-0.32949283719062805 0.5600897669792175 -0.41734939813613886
-0.32949820160865784 0.5600897669792175 -0.4173482954502106
-0.3295038640499115 0.560090184211731 -0.4173464477062225
-0.32950910925865173 0.5600934624671936 -0.41733887791633606
-0.3295166790485382 0.560096025466919 -0.4173360764980316
-0.32952603697776794 0.5600970983505249 -0.41733214259147644
-0.32953545451164246 0.5600983500480652 -0.41732871532440186
-0.32953163981437683 0.5600970983505249 -0.4173361659049988
-0.32954123616218567 0.5600982308387756 -0.4173328876495362
-0.32954731583595276 0.5601016283035278 -0.417326420545578
-0.32955774664878845 0.5601040720939636 -0.41732281446456904
-0.32957032322883606 0.5601062178611755 -0.4173181354999542
-0.32957449555397034 0.5601060390472412 -0.4173206090927124
-0.3295905888080597 0.5601083636283875 -0.4173106253147125
-0.32960471510887146 0.5601091384887695 -0.4173060059547425
-0.3295953571796417 0.5601049661636353 -0.41731539368629456
-0.32958880066871643 0.5601040124893188 -0.41731691360473633
-0.3295315206050873 0.5600929260253906 -0.4173504114151001
-0.3295097053050995 0.5600888133049011 -0.4173615574836731
-0.3294928967952728 0.5600841045379639 -0.41737341880798345
-0.32946857810020447 0.5600795149803162 -0.4173859059810638
-0.3294614255428314 0.5600764155387878 -0.41739198565483093
-0.32946398854255676 0.5600769519805908 -0.4173884093761444