# vtk DataFile Version 4.0
[MyVLM domain - lattices] 
ASCII
DATASET UNSTRUCTURED_GRID
POINTS 302 float
1.2444999999999997 -1.2445 0.0
1.2399745454545452 -1.2399745454545454 0.0
1.2346178849721705 -1.2346178849721707 0.0
1.2284300185528754 -1.2284300185528756 0.0
1.2214109461966602 -1.2214109461966605 0.0
1.2135606679035247 -1.213560667903525 0.0
1.2048791836734691 -1.2048791836734694 0.0
1.1953664935064932 -1.1953664935064934 0.0
1.1850225974025972 -1.1850225974025974 0.0
1.1738474953617808 -1.173847495361781 0.0
1.1618411873840442 -1.1618411873840444 0.0
1.1490036734693874 -1.1490036734693876 0.0
1.1353349536178106 -1.1353349536178108 0.0
1.1208350278293133 -1.1208350278293135 0.0
1.1055038961038959 -1.105503896103896 0.0
1.0893415584415582 -1.0893415584415584 0.0
1.0723480148423004 -1.0723480148423006 0.0
1.054523265306122 -1.0545232653061223 0.0
1.0358673098330238 -1.035867309833024 0.0
1.0163801484230053 -1.0163801484230055 0.0
0.9960617810760664 -0.9960617810760668 0.0
0.9749122077922076 -0.9749122077922077 0.0
0.9529314285714284 -0.9529314285714284 0.0
0.9301194434137288 -0.930119443413729 0.0
0.9064762523191091 -0.9064762523191096 0.0
0.8820018552875695 -0.8820018552875695 0.0
0.8566962523191093 -0.8566962523191094 0.0
0.8305594434137288 -0.8305594434137291 0.0
0.8035914285714284 -0.8035914285714285 0.0
0.7757922077922076 -0.7757922077922077 0.0
0.7471617810760666 -0.7471617810760667 0.0
0.7177001484230053 -0.7177001484230054 0.0
0.6874073098330239 -0.687407309833024 0.0
0.6562832653061222 -0.6562832653061225 0.0
0.6243280148423004 -0.6243280148423005 0.0
0.5915415584415582 -0.5915415584415583 0.0
0.5579238961038958 -0.5579238961038959 0.0
0.5234750278293133 -0.5234750278293134 0.0
0.48819495361781057 -0.48819495361781057 0.0
0.4520836734693877 -0.4520836734693877 0.0
0.4151411873840445 -0.4151411873840446 0.0
0.37736749536178105 -0.37736749536178116 0.0
0.3387625974025974 -0.3387625974025974 0.0
0.2993264935064933 -0.29932649350649343 0.0
0.25905918367346925 -0.25905918367346925 0.0
0.21796066790352486 -0.21796066790352486 0.0
0.17603094619666027 -0.1760309461966605 0.0
0.13327001855287546 -0.13327001855287568 0.0
0.08967788497217066 -0.08967788497217066 0.0
0.045254545454545436 -0.045254545454545436 0.0
0.0 0.0 0.0
0.04525454545454545 0.04525454545454546 0.0
0.08967788497217066 0.08967788497217068 0.0
0.13327001855287568 0.1332700185528757 0.0
0.17603094619666046 0.1760309461966605 0.0
0.21796066790352497 0.21796066790352508 0.0
0.2590591836734693 0.25905918367346936 0.0
0.29932649350649343 0.2993264935064935 0.0
0.3387625974025973 0.33876259740259734 0.0
0.37736749536178094 0.377367495361781 0.0
0.41514118738404443 0.4151411873840445 0.0
0.45208367346938766 0.4520836734693878 0.0
0.48819495361781057 0.4881949536178107 0.0
0.5234750278293133 0.5234750278293134 0.0
0.5579238961038959 0.557923896103896 0.0
0.5915415584415582 0.5915415584415583 0.0
0.6243280148423003 0.6243280148423004 0.0
0.6562832653061222 0.6562832653061225 0.0
0.687407309833024 0.6874073098330241 0.0
0.7177001484230054 0.7177001484230056 0.0
0.7471617810760667 0.7471617810760669 0.0
0.7757922077922076 0.7757922077922077 0.0
0.8035914285714284 0.8035914285714285 0.0
0.8305594434137288 0.830559443413729 0.0
0.8566962523191093 0.8566962523191094 0.0
0.8820018552875692 0.8820018552875695 0.0
0.9064762523191091 0.9064762523191093 0.0
0.9301194434137288 0.9301194434137292 0.0
0.9529314285714284 0.9529314285714284 0.0
0.9749122077922076 0.9749122077922077 0.0
0.9960617810760666 0.9960617810760668 0.0
1.0163801484230053 1.0163801484230055 0.0
1.0358673098330238 1.035867309833024 0.0
1.054523265306122 1.0545232653061223 0.0
1.0723480148423001 1.0723480148423004 0.0
1.0893415584415582 1.0893415584415584 0.0
1.1055038961038959 1.105503896103896 0.0
1.120835027829313 1.1208350278293133 0.0
1.1353349536178106 1.1353349536178106 0.0
1.1490036734693874 1.1490036734693876 0.0
1.1618411873840444 1.1618411873840446 0.0
1.1738474953617808 1.173847495361781 0.0
1.1850225974025972 1.1850225974025972 0.0
1.1953664935064932 1.1953664935064934 0.0
1.2048791836734691 1.2048791836734694 0.0
1.2135606679035245 1.2135606679035247 0.0
1.22141094619666 1.2214109461966602 0.0
1.2284300185528754 1.2284300185528756 0.0
1.2346178849721703 1.2346178849721705 0.0
1.2399745454545452 1.2399745454545454 0.0
1.2444999999999997 1.2445 0.0
1.7422999999999997 -1.2445 0.0
1.7377745454545452 -1.2399745454545454 0.0
1.7324178849721703 -1.2346178849721707 0.0
1.7262300185528754 -1.2284300185528756 0.0
1.7192109461966603 -1.2214109461966605 0.0
1.7113606679035245 -1.213560667903525 0.0
1.7026791836734692 -1.2048791836734694 0.0
1.6931664935064934 -1.1953664935064934 0.0
1.6828225974025972 -1.1850225974025974 0.0
1.6716474953617806 -1.173847495361781 0.0
1.6596411873840444 -1.1618411873840444 0.0
1.6468036734693878 -1.1490036734693876 0.0
1.6331349536178106 -1.1353349536178108 0.0
1.6186350278293133 -1.1208350278293135 0.0
1.603303896103896 -1.105503896103896 0.0
1.5871415584415582 -1.0893415584415584 0.0
1.5701480148423004 -1.0723480148423006 0.0
1.552323265306122 -1.0545232653061223 0.0
1.5336673098330238 -1.035867309833024 0.0
1.5141801484230053 -1.0163801484230055 0.0
1.4938617810760666 -0.9960617810760668 0.0
1.4727122077922075 -0.9749122077922077 0.0
1.4507314285714283 -0.9529314285714284 0.0
1.4279194434137288 -0.930119443413729 0.0
1.4042762523191092 -0.9064762523191096 0.0
1.3798018552875693 -0.8820018552875695 0.0
1.3544962523191093 -0.8566962523191094 0.0
1.328359443413729 -0.8305594434137291 0.0
1.3013914285714283 -0.8035914285714285 0.0
1.2735922077922077 -0.7757922077922077 0.0
1.2449617810760665 -0.7471617810760667 0.0
1.2155001484230055 -0.7177001484230054 0.0
1.1852073098330238 -0.687407309833024 0.0
1.1540832653061224 -0.6562832653061225 0.0
1.1221280148423003 -0.6243280148423005 0.0
1.0893415584415582 -0.5915415584415583 0.0
1.055723896103896 -0.5579238961038959 0.0
1.0212750278293132 -0.5234750278293134 0.0
0.9859949536178108 -0.48819495361781057 0.0
0.9498836734693876 -0.4520836734693877 0.0
0.9129411873840445 -0.4151411873840446 0.0
0.875167495361781 -0.37736749536178116 0.0
0.8365625974025973 -0.3387625974025974 0.0
0.7971264935064933 -0.29932649350649343 0.0
0.7568591836734693 -0.25905918367346925 0.0
0.7157606679035249 -0.21796066790352486 0.0
0.6738309461966603 -0.1760309461966605 0.0
0.6310700185528755 -0.13327001855287568 0.0
0.5874778849721707 -0.08967788497217066 0.0
0.5430545454545455 -0.045254545454545436 0.0
0.4978 0.0 0.0
0.5430545454545455 0.04525454545454546 0.0
0.5874778849721707 0.08967788497217068 0.0
0.6310700185528757 0.1332700185528757 0.0
0.6738309461966605 0.1760309461966605 0.0
0.715760667903525 0.21796066790352508 0.0
0.7568591836734693 0.25905918367346936 0.0
0.7971264935064934 0.2993264935064935 0.0
0.8365625974025973 0.33876259740259734 0.0
0.875167495361781 0.377367495361781 0.0
0.9129411873840445 0.4151411873840445 0.0
0.9498836734693876 0.4520836734693878 0.0
0.9859949536178105 0.4881949536178107 0.0
1.0212750278293132 0.5234750278293134 0.0
1.055723896103896 0.557923896103896 0.0
1.0893415584415582 0.5915415584415583 0.0
1.1221280148423003 0.6243280148423004 0.0
1.1540832653061224 0.6562832653061225 0.0
1.185207309833024 0.6874073098330241 0.0
1.2155001484230055 0.7177001484230056 0.0
1.2449617810760667 0.7471617810760669 0.0
1.2735922077922077 0.7757922077922077 0.0
1.3013914285714283 0.8035914285714285 0.0
1.3283594434137287 0.830559443413729 0.0
1.3544962523191093 0.8566962523191094 0.0
1.3798018552875693 0.8820018552875695 0.0
1.4042762523191092 0.9064762523191093 0.0
1.427919443413729 0.9301194434137292 0.0
1.4507314285714283 0.9529314285714284 0.0
1.4727122077922075 0.9749122077922077 0.0
1.4938617810760666 0.9960617810760668 0.0
1.5141801484230053 1.0163801484230055 0.0
1.5336673098330238 1.035867309833024 0.0
1.552323265306122 1.0545232653061223 0.0
1.5701480148423002 1.0723480148423004 0.0
1.5871415584415582 1.0893415584415584 0.0
1.603303896103896 1.105503896103896 0.0
1.6186350278293131 1.1208350278293133 0.0
1.6331349536178106 1.1353349536178106 0.0
1.6468036734693874 1.1490036734693876 0.0
1.6596411873840444 1.1618411873840446 0.0
1.6716474953617806 1.173847495361781 0.0
1.6828225974025972 1.1850225974025972 0.0
1.6931664935064934 1.1953664935064934 0.0
1.7026791836734692 1.2048791836734694 0.0
1.7113606679035245 1.2135606679035247 0.0
1.71921094619666 1.2214109461966602 0.0
1.7262300185528754 1.2284300185528756 0.0
1.7324178849721703 1.2346178849721705 0.0
1.7377745454545452 1.2399745454545454 0.0
1.7422999999999997 1.2445 0.0
1.6155872727272724 -1.2422372727272726 0.0
1.6106462152133578 -1.237296215213358 0.0
1.604873951762523 -1.2315239517625232 0.0
1.598270482374768 -1.224920482374768 0.0
1.5908358070500925 -1.2174858070500927 0.0
1.582569925788497 -1.2092199257884972 0.0
1.5734728385899812 -1.2001228385899814 0.0
1.5635445454545454 -1.1901945454545453 0.0
1.552785046382189 -1.1794350463821892 0.0
1.5411943413729126 -1.1678443413729127 0.0
1.5287724304267158 -1.155422430426716 0.0
1.5155193135435991 -1.142169313543599 0.0
1.501434990723562 -1.1280849907235622 0.0
1.4865194619666047 -1.1131694619666048 0.0
1.4707727272727271 -1.0974227272727273 0.0
1.4541947866419294 -1.0808447866419293 0.0
1.4367856400742112 -1.0634356400742113 0.0
1.418545287569573 -1.0451952875695731 0.0
1.3994737291280146 -1.0261237291280147 0.0
1.379570964749536 -1.0062209647495362 0.0
1.358836994434137 -0.9854869944341371 0.0
1.337271818181818 -0.9639218181818181 0.0
1.3148754359925787 -0.9415254359925787 0.0
1.291647847866419 -0.9182978478664192 0.0
1.2675890538033394 -0.8942390538033393 0.0
1.2426990538033393 -0.8693490538033395 0.0
1.2169778478664193 -0.8436278478664192 0.0
1.1904254359925788 -0.8170754359925788 0.0
1.163041818181818 -0.7896918181818181 0.0
1.1348269944341371 -0.7614769944341371 0.0
1.105780964749536 -0.7324309647495362 0.0
1.0759037291280147 -0.7025537291280148 0.0
1.0451952875695731 -0.6718452875695733 0.0
1.0136556400742114 -0.6403056400742114 0.0
0.9812847866419293 -0.6079347866419293 0.0
0.9480827272727271 -0.5747327272727272 0.0
0.9140494619666047 -0.5406994619666048 0.0
0.8791849907235622 -0.5058349907235622 0.0
0.8434893135435992 -0.47013931354359917 0.0
0.8069624304267162 -0.43361243042671627 0.0
0.7696043413729128 -0.3962543413729128 0.0
0.7314150463821893 -0.3580650463821894 0.0
0.6923945454545455 -0.3190445454545454 0.0
0.6525428385899814 -0.27919283858998134 0.0
0.6118599257884971 -0.23850992578849706 0.0
0.5703458070500929 -0.19699580705009279 0.0
0.5280004823747682 -0.15465048237476808 0.0
0.4848239517625232 -0.11147395176252317 0.0
0.4408162152133581 -0.06746621521335805 0.0
0.39597727272727273 -0.022627272727272718 0.0
0.39597727272727273 0.02262727272727273 0.0
0.4408162152133581 0.06746621521335806 0.0
0.4848239517625232 0.11147395176252319 0.0
0.528000482374768 0.15465048237476808 0.0
0.5703458070500929 0.19699580705009276 0.0
0.6118599257884971 0.23850992578849717 0.0
0.6525428385899814 0.2791928385899814 0.0
0.6923945454545455 0.3190445454545454 0.0
0.7314150463821891 0.3580650463821891 0.0
0.7696043413729128 0.39625434137291277 0.0
0.8069624304267162 0.43361243042671616 0.0
0.8434893135435992 0.4701393135435992 0.0
0.8791849907235619 0.5058349907235621 0.0
0.9140494619666046 0.5406994619666047 0.0
0.9480827272727271 0.5747327272727272 0.0
0.9812847866419294 0.6079347866419295 0.0
1.0136556400742114 0.6403056400742114 0.0
1.0451952875695731 0.6718452875695732 0.0
1.0759037291280147 0.7025537291280147 0.0
1.105780964749536 0.7324309647495362 0.0
1.1348269944341371 0.7614769944341373 0.0
1.163041818181818 0.789691818181818 0.0
1.1904254359925786 0.8170754359925786 0.0
1.216977847866419 0.843627847866419 0.0
1.2426990538033393 0.8693490538033394 0.0
1.2675890538033392 0.8942390538033393 0.0
1.291647847866419 0.9182978478664192 0.0
1.3148754359925787 0.9415254359925787 0.0
1.3372718181818182 0.9639218181818181 0.0
1.3588369944341372 0.9854869944341373 0.0
1.379570964749536 1.0062209647495362 0.0
1.3994737291280148 1.0261237291280147 0.0
1.418545287569573 1.0451952875695731 0.0
1.4367856400742112 1.0634356400742113 0.0
1.4541947866419291 1.0808447866419293 0.0
1.470772727272727 1.097422727272727 0.0
1.4865194619666047 1.1131694619666048 0.0
1.501434990723562 1.128084990723562 0.0
1.5155193135435991 1.1421693135435993 0.0
1.528772430426716 1.1554224304267162 0.0
1.5411943413729128 1.1678443413729127 0.0
1.5527850463821888 1.179435046382189 0.0
1.5635445454545451 1.1901945454545453 0.0
1.573472838589981 1.2001228385899811 0.0
1.5825699257884969 1.209219925788497 0.0
1.5908358070500925 1.2174858070500927 0.0
1.5982704823747678 1.224920482374768 0.0
1.604873951762523 1.2315239517625232 0.0
1.6106462152133578 1.237296215213358 0.0
1.6155872727272724 1.2422372727272726 0.0

CELLS 200 700
4 0 101 102 1
4 1 102 103 2
4 2 103 104 3
4 3 104 105 4
4 4 105 106 5
4 5 106 107 6
4 6 107 108 7
4 7 108 109 8
4 8 109 110 9
4 9 110 111 10
4 10 111 112 11
4 11 112 113 12
4 12 113 114 13
4 13 114 115 14
4 14 115 116 15
4 15 116 117 16
4 16 117 118 17
4 17 118 119 18
4 18 119 120 19
4 19 120 121 20
4 20 121 122 21
4 21 122 123 22
4 22 123 124 23
4 23 124 125 24
4 24 125 126 25
4 25 126 127 26
4 26 127 128 27
4 27 128 129 28
4 28 129 130 29
4 29 130 131 30
4 30 131 132 31
4 31 132 133 32
4 32 133 134 33
4 33 134 135 34
4 34 135 136 35
4 35 136 137 36
4 36 137 138 37
4 37 138 139 38
4 38 139 140 39
4 39 140 141 40
4 40 141 142 41
4 41 142 143 42
4 42 143 144 43
4 43 144 145 44
4 44 145 146 45
4 45 146 147 46
4 46 147 148 47
4 47 148 149 48
4 48 149 150 49
4 49 150 151 50
4 50 151 152 51
4 51 152 153 52
4 52 153 154 53
4 53 154 155 54
4 54 155 156 55
4 55 156 157 56
4 56 157 158 57
4 57 158 159 58
4 58 159 160 59
4 59 160 161 60
4 60 161 162 61
4 61 162 163 62
4 62 163 164 63
4 63 164 165 64
4 64 165 166 65
4 65 166 167 66
4 66 167 168 67
4 67 168 169 68
4 68 169 170 69
4 69 170 171 70
4 70 171 172 71
4 71 172 173 72
4 72 173 174 73
4 73 174 175 74
4 74 175 176 75
4 75 176 177 76
4 76 177 178 77
4 77 178 179 78
4 78 179 180 79
4 79 180 181 80
4 80 181 182 81
4 81 182 183 82
4 82 183 184 83
4 83 184 185 84
4 84 185 186 85
4 85 186 187 86
4 86 187 188 87
4 87 188 189 88
4 88 189 190 89
4 89 190 191 90
4 90 191 192 91
4 91 192 193 92
4 92 193 194 93
4 93 194 195 94
4 94 195 196 95
4 95 196 197 96
4 96 197 198 97
4 97 198 199 98
4 98 199 200 99
4 99 200 201 100
1 202
1 203
1 204
1 205
1 206
1 207
1 208
1 209
1 210
1 211
1 212
1 213
1 214
1 215
1 216
1 217
1 218
1 219
1 220
1 221
1 222
1 223
1 224
1 225
1 226
1 227
1 228
1 229
1 230
1 231
1 232
1 233
1 234
1 235
1 236
1 237
1 238
1 239
1 240
1 241
1 242
1 243
1 244
1 245
1 246
1 247
1 248
1 249
1 250
1 251
1 252
1 253
1 254
1 255
1 256
1 257
1 258
1 259
1 260
1 261
1 262
1 263
1 264
1 265
1 266
1 267
1 268
1 269
1 270
1 271
1 272
1 273
1 274
1 275
1 276
1 277
1 278
1 279
1 280
1 281
1 282
1 283
1 284
1 285
1 286
1 287
1 288
1 289
1 290
1 291
1 292
1 293
1 294
1 295
1 296
1 297
1 298
1 299
1 300
1 301

CELL_TYPES 200
9
9
9
9
9
9
9
9
9
9
9
9
9
9
9
9
9
9
9
9
9
9
9
9
9
9
9
9
9
9
9
9
9
9
9
9
9
9
9
9
9
9
9
9
9
9
9
9
9
9
9
9
9
9
9
9
9
9
9
9
9
9
9
9
9
9
9
9
9
9
9
9
9
9
9
9
9
9
9
9
9
9
9
9
9
9
9
9
9
9
9
9
9
9
9
9
9
9
9
9
1
1
1
1
1
1
1
1
1
1
1
1
1
1
1
1
1
1
1
1
1
1
1
1
1
1
1
1
1
1
1
1
1
1
1
1
1
1
1
1
1
1
1
1
1
1
1
1
1
1
1
1
1
1
1
1
1
1
1
1
1
1
1
1
1
1
1
1
1
1
1
1
1
1
1
1
1
1
1
1
1
1
1
1
1
1
1
1
1
1
1
1
1
1
1
1
1
1
1
1

CELL_DATA 200

VECTORS Vinf float
8.793598208186552 0.8076863884925842 4.092550791959912
8.79789886212103 0.823579430580139 4.113874890070111
8.796109888312742 0.8168572783470154 4.104781754474789
8.796923730132505 0.8199876546859741 4.109048314552457
8.79669025873892 0.8191159963607788 4.107862211923749
8.799904737231657 0.8316669464111327 4.125049419860989
8.79278377032034 0.8050981760025024 4.089254982929379
8.787765059230253 0.7879446744918823 4.067079432468564
8.783988151309416 0.7754697799682617 4.051379449825436
8.77721092438452 0.7532643675804138 4.024143763046414
8.77225360607855 0.7369014024734497 4.004619084458501
8.766027662513181 0.7158795595169067 3.98015745745197
8.770322892424986 0.730420708656311 3.997004352669865
8.77626756167166 0.7501095533370972 4.020328380327374
8.77424130177252 0.7434818148612976 4.012419946651608
8.77585605120413 0.7487453818321228 4.018690057258755
8.773332926986143 0.7404454946517944 4.008814893822819
8.773205551860258 0.7400012612342834 4.008283279996068
8.772059652564451 0.736153781414032 4.003727130751759
8.780025455710813 0.7623839974403381 4.035198711018712
8.781599614379331 0.7675227522850037 4.0414999203492705
8.780543181655332 0.7640330195426941 4.037201263170392
8.779513332602903 0.7606343030929565 4.033037163477093
8.775356802699491 0.7470236420631409 4.01662028596893
8.779002580401823 0.7589846253395081 4.0310463832427565
8.778186056373045 0.7562904357910156 4.027768947343976
8.777390990016386 0.7536630630493164 4.024584509592206
8.77406892513983 0.7427459955215454 4.011512540440709
8.773296627757475 0.7401666641235352 4.008445106606633
8.777940783259794 0.7555540204048157 4.026909239750058
8.777121875045225 0.752842366695404 4.0236257688809935
8.782748553512022 0.7712214589118958 4.046073891382367
8.786362025496885 0.7831583619117737 4.061020203094632
8.78570542073004 0.7809548377990723 4.058231569986493
8.785056981799528 0.7787892818450928 4.055501975279004
8.784417960402891 0.7766631245613098 4.052832968692929
8.783788892981931 0.7745774984359741 4.050223894577176
8.779404434916898 0.7602284550666809 4.032557241778523
8.778798136470243 0.7582309246063232 4.030121572475583
8.778202030417845 0.7562711834907532 4.027741365294606
8.77761820292227 0.7543516159057617 4.025415755968243
8.77347430920355 0.7407510280609131 4.009152598838956
8.765954348800108 0.7154868245124817 3.9797202126790587
8.765419695136472 0.7136233448982239 3.977576531629712
8.764378103969023 0.7100493907928467 3.973516531448514
8.763951811549589 0.7085348963737488 3.9717814104367797
8.763537201640531 0.707047700881958 3.97007892296806
8.763131174800321 0.7055894136428833 3.96841261551872
8.77120653128378 0.7332059741020203 4.000271402459294
8.76598170733206 0.7158521413803101 3.9801900909949843
8.756354245898649 0.6812138557434082 3.9410460369397704
8.76354566550009 0.7070857882499695 3.970127262334973
8.763201210257932 0.7058383822441101 3.9687006847669184
8.763607356307432 0.7072916626930237 3.970360376100689
8.764021429774687 0.7087737321853638 3.972057826976926
8.76444658970587 0.7102841734886169 3.973788060407788
8.759494457003996 0.692565381526947 3.9536881820966308
8.767409178969785 0.7204635143280029 3.9854438977052276
8.767924937961027 0.7222369313240051 3.987500138740689
8.772361371276304 0.7371082305908203 4.004877723913342
8.77289179301016 0.7388819456100464 4.006977223019749
8.773435506579801 0.7406951189041138 4.00912830994621
8.77399030661337 0.7425479888916016 4.011333234768063
8.77455821966879 0.7444392442703247 4.013588853340298
8.775139245746061 0.746367871761322 4.015895180564076
8.780060205218717 0.7624478340148926 4.0353101568032805
8.780681226012632 0.7644957304000854 4.0378242807199065
8.78131351208441 0.7665845155715942 4.040397264223248
8.782858345267698 0.7715807557106018 4.046522475938946
8.77722552752249 0.7531836032867432 4.024038084011227
8.778042349574491 0.7558848261833191 4.027310185294301
8.773378762957975 0.7404340505599976 4.008762844066769
8.774148795363828 0.7430051565170288 4.0118222312738006
8.777464780566618 0.7539001703262329 4.024873159985692
8.778257462737486 0.7565203309059143 4.028050311069638
8.779071364161894 0.759207010269165 4.031319998364598
8.772792849299833 0.7385959625244141 4.0066160188724105
8.776408169028684 0.7505106329917908 4.020810760717541
8.777394983527586 0.7537790536880493 4.0247568415214126
8.778411481139585 0.7571403384208679 4.028834961514622
8.776839051005766 0.7520066499710083 4.022637538771779
8.769257995841429 0.7268149256706238 3.9928092883636057
8.770336959121153 0.7304947972297668 3.997117854814679
8.768201026675627 0.7233482003211975 3.9888069854785506
8.773068103549406 0.7396053671836853 4.007829792957455
8.771482679603025 0.7343900203704834 4.0016910807897155
8.771389219520017 0.734074592590332 4.001322396259457
8.765783939120695 0.7150585055351257 3.9792238400985305
8.764975163695738 0.7122556567192078 3.9759968893338744
8.770367178676054 0.7306471467018127 3.9972852097560465
8.7772875759577 0.7535197138786316 4.024454854588658
8.78218773340933 0.7695836424827576 4.044085420828015
8.78409430718176 0.7757951617240906 4.051787443618924
8.789470348117277 0.7936854362487793 4.074441649179608
8.79632118677847 0.8178463578224182 4.106215365390927
8.79388240313284 0.8088759779930115 4.094207294445187
8.797255847213194 0.8212230205535889 4.110725231628567
8.793260845897123 0.8065611720085144 4.091113723974377
8.793746802565977 0.8082782626152039 4.093385614614636
8.790336463210508 0.7963178753852844 4.077731914978177
8.793598208186552 0.8076863884925842 4.092550791959912
8.79789886212103 0.823579430580139 4.113874890070111
8.796109888312742 0.8168572783470154 4.104781754474789
8.796923730132505 0.8199876546859741 4.109048314552457
8.79669025873892 0.8191159963607788 4.107862211923749
8.799904737231657 0.8316669464111327 4.125049419860989
8.79278377032034 0.8050981760025024 4.089254982929379
8.787765059230253 0.7879446744918823 4.067079432468564
8.783988151309416 0.7754697799682617 4.051379449825436
8.77721092438452 0.7532643675804138 4.024143763046414
8.77225360607855 0.7369014024734497 4.004619084458501
8.766027662513181 0.7158795595169067 3.98015745745197
8.770322892424986 0.730420708656311 3.997004352669865
8.77626756167166 0.7501095533370972 4.020328380327374
8.77424130177252 0.7434818148612976 4.012419946651608
8.77585605120413 0.7487453818321228 4.018690057258755
8.773332926986143 0.7404454946517944 4.008814893822819
8.773205551860258 0.7400012612342834 4.008283279996068
8.772059652564451 0.736153781414032 4.003727130751759
8.780025455710813 0.7623839974403381 4.035198711018712
8.781599614379331 0.7675227522850037 4.0414999203492705
8.780543181655332 0.7640330195426941 4.037201263170392
8.779513332602903 0.7606343030929565 4.033037163477093
8.775356802699491 0.7470236420631409 4.01662028596893
8.779002580401823 0.7589846253395081 4.0310463832427565
8.778186056373045 0.7562904357910156 4.027768947343976
8.777390990016386 0.7536630630493164 4.024584509592206
8.77406892513983 0.7427459955215454 4.011512540440709
8.773296627757475 0.7401666641235352 4.008445106606633
8.777940783259794 0.7555540204048157 4.026909239750058
8.777121875045225 0.752842366695404 4.0236257688809935
8.782748553512022 0.7712214589118958 4.046073891382367
8.786362025496885 0.7831583619117737 4.061020203094632
8.78570542073004 0.7809548377990723 4.058231569986493
8.785056981799528 0.7787892818450928 4.055501975279004
8.784417960402891 0.7766631245613098 4.052832968692929
8.783788892981931 0.7745774984359741 4.050223894577176
8.779404434916898 0.7602284550666809 4.032557241778523
8.778798136470243 0.7582309246063232 4.030121572475583
8.778202030417845 0.7562711834907532 4.027741365294606
8.77761820292227 0.7543516159057617 4.025415755968243
8.77347430920355 0.7407510280609131 4.009152598838956
8.765954348800108 0.7154868245124817 3.9797202126790587
8.765419695136472 0.7136233448982239 3.977576531629712
8.764378103969023 0.7100493907928467 3.973516531448514
8.763951811549589 0.7085348963737488 3.9717814104367797
8.763537201640531 0.707047700881958 3.97007892296806
8.763131174800321 0.7055894136428833 3.96841261551872
8.77120653128378 0.7332059741020203 4.000271402459294
8.76598170733206 0.7158521413803101 3.9801900909949843
8.756354245898649 0.6812138557434082 3.9410460369397704
8.76354566550009 0.7070857882499695 3.970127262334973
8.763201210257932 0.7058383822441101 3.9687006847669184
8.763607356307432 0.7072916626930237 3.970360376100689
8.764021429774687 0.7087737321853638 3.972057826976926
8.76444658970587 0.7102841734886169 3.973788060407788
8.759494457003996 0.692565381526947 3.9536881820966308
8.767409178969785 0.7204635143280029 3.9854438977052276
8.767924937961027 0.7222369313240051 3.987500138740689
8.772361371276304 0.7371082305908203 4.004877723913342
8.77289179301016 0.7388819456100464 4.006977223019749
8.773435506579801 0.7406951189041138 4.00912830994621
8.77399030661337 0.7425479888916016 4.011333234768063
8.77455821966879 0.7444392442703247 4.013588853340298
8.775139245746061 0.746367871761322 4.015895180564076
8.780060205218717 0.7624478340148926 4.0353101568032805
8.780681226012632 0.7644957304000854 4.0378242807199065
8.78131351208441 0.7665845155715942 4.040397264223248
8.782858345267698 0.7715807557106018 4.046522475938946
8.77722552752249 0.7531836032867432 4.024038084011227
8.778042349574491 0.7558848261833191 4.027310185294301
8.773378762957975 0.7404340505599976 4.008762844066769
8.774148795363828 0.7430051565170288 4.0118222312738006
8.777464780566618 0.7539001703262329 4.024873159985692
8.778257462737486 0.7565203309059143 4.028050311069638
8.779071364161894 0.759207010269165 4.031319998364598
8.772792849299833 0.7385959625244141 4.0066160188724105
8.776408169028684 0.7505106329917908 4.020810760717541
8.777394983527586 0.7537790536880493 4.0247568415214126
8.778411481139585 0.7571403384208679 4.028834961514622
8.776839051005766 0.7520066499710083 4.022637538771779
8.769257995841429 0.7268149256706238 3.9928092883636057
8.770336959121153 0.7304947972297668 3.997117854814679
8.768201026675627 0.7233482003211975 3.9888069854785506
8.773068103549406 0.7396053671836853 4.007829792957455
8.771482679603025 0.7343900203704834 4.0016910807897155
8.771389219520017 0.734074592590332 4.001322396259457
8.765783939120695 0.7150585055351257 3.9792238400985305
8.764975163695738 0.7122556567192078 3.9759968893338744
8.770367178676054 0.7306471467018127 3.9972852097560465
8.7772875759577 0.7535197138786316 4.024454854588658
8.78218773340933 0.7695836424827576 4.044085420828015
8.78409430718176 0.7757951617240906 4.051787443618924
8.789470348117277 0.7936854362487793 4.074441649179608
8.79632118677847 0.8178463578224182 4.106215365390927
8.79388240313284 0.8088759779930115 4.094207294445187
8.797255847213194 0.8212230205535889 4.110725231628567
8.793260845897123 0.8065611720085144 4.091113723974377
8.793746802565977 0.8082782626152039 4.093385614614636
8.790336463210508 0.7963178753852844 4.077731914978177

VECTORS L float
-0.01455134348498869 0.0 0.031205456806269925
-0.023442484020470555 0.0 0.05027256921583384
-0.03232759836745228 0.0 0.06932675842245492
-0.041736920051576656 0.0 0.0895051138913603
-0.0517977136120874 0.0 0.11108055530769358
-0.06250949859667511 0.0 0.13405205233815232
-0.0739134228813331 0.0 0.1585078468875684
-0.08596641733103214 0.0 0.18435557689781126
-0.09862990241436462 0.0 0.21151250829678733
-0.11189087311821626 0.0 0.2399507517438717
-0.12569489928837024 0.0 0.26955358139666197
-0.1400331251461813 0.0 0.3003020059765669
-0.1547511744462434 0.0 0.3318649645569509
-0.16977595651970345 0.0 0.364085713692634
-0.18514500020944272 0.0 0.39704473424689357
-0.2007164539855512 0.0 0.43043782463215285
-0.2165175117751781 0.0 0.4643233024133794
-0.23244857593244234 0.0 0.49848757974971425
-0.24851378304613872 0.0 0.5329395275844555
-0.26445925138170484 0.0 0.5671346947808431
-0.2803886119747467 0.0 0.6012953188119136
-0.29626519639841237 0.0 0.6353427639825188
-0.3120256039508353 0.0 0.6691410670487409
-0.3277395815105775 0.0 0.70283980067434
-0.34313761410206867 0.0 0.7358609881290246
-0.3583525767635472 0.0 0.7684895808518598
-0.37330644369192173 0.0 0.800558251968138
-0.3880618213422955 0.0 0.8322012614540966
-0.40252340345294785 0.0 0.8632142243719078
-0.4164904734946747 0.0 0.893166702735633
-0.4301650011354232 0.0 0.9224918218959173
-0.44320923712354887 0.0 0.9504652762452127
-0.4556448658496178 0.0 0.9771335681091547
-0.46752660982574124 0.0 1.0026140502936742
-0.47874971841800457 0.0 1.0266820843394133
-0.4892544623563004 0.0 1.0492095804132693
-0.49896056713090403 0.0 1.0700243892735979
-0.5079725581809243 0.0 1.0893506664479367
-0.5160610268646586 0.0 1.1066964435165294
-0.5231850670339516 0.0 1.1219739969615665
-0.5292266517388142 0.0 1.134930217171989
-0.5342120566714897 0.0 1.1456214525516544
-0.5382127090562739 0.0 1.154200879277377
-0.5408754363419265 0.0 1.1599111163688884
-0.5420937306913377 0.0 1.1625237570324185
-0.5414807910285406 0.0 1.1612093036836955
-0.5382520090403026 0.0 1.1542851583651024
-0.5302223390048415 0.0 1.1370654754046479
-0.508053810400486 0.0 1.0895249123950934
-0.38448742943639663 0.0 0.8245359532752831
-0.3259118824002866 0.0 0.698920287283712
-0.44897716149153455 0.0 0.9628346299693336
-0.4708440171521389 0.0 1.0097282532632832
-0.4789163853431506 0.0 1.027039502713809
-0.48222449870569245 0.0 1.0341337747136101
-0.4830047495406804 0.0 1.035807028028975
-0.4821246414997714 0.0 1.0339196302444496
-0.4796256767056253 0.0 1.0285605829492936
-0.4762805197973473 0.0 1.021386870809301
-0.4717784955527481 0.0 1.0117322486604563
-0.4664206584042205 0.0 1.0002423298164755
-0.460115558541457 0.0 0.9867209995262755
-0.4529626861240652 0.0 0.9713816151256568
-0.4450386336248143 0.0 0.954388429702532
-0.4364103590221784 0.0 0.9358850351051226
-0.4270778891361748 0.0 0.9158714888491409
-0.4172861026124535 0.0 0.8948729348848684
-0.406892108801847 0.0 0.8725829432262893
-0.39594952732784844 0.0 0.8491165015270595
-0.3846239948275435 0.0 0.8248288187016998
-0.3726510700979157 0.0 0.7991527987602728
-0.36040156063353573 0.0 0.7728836409410627
-0.3476625208968112 0.0 0.7455646820650106
-0.3346393152661613 0.0 0.7176363274628629
-0.32143434408603916 0.0 0.6893181753819616
-0.3079832506573777 0.0 0.6604722124357765
-0.29438799642319285 0.0 0.6313170956444802
-0.28042016508893725 0.0 0.6013629846836589
-0.26641954781949856 0.0 0.5713385640579419
-0.2523186638923625 0.0 0.5410991208908967
-0.23817259719975217 0.0 0.5107627829706041
-0.22400929305382958 0.0 0.48038947921239133
-0.20971604913701514 0.0 0.44973751871625156
-0.19554746183801494 0.0 0.4193528851997018
-0.18143285125751155 0.0 0.38908400512951485
-0.16755837574036048 0.0 0.359330096364544
-0.15384941626562817 0.0 0.3299311378979955
-0.14041103807019117 0.0 0.30111244285745603
-0.12721879897425592 0.0 0.27282159481920615
-0.11437539762299144 0.0 0.24527883173853768
-0.10197563494019384 0.0 0.21868745485260202
-0.09006026636332841 0.0 0.19313486447909198
-0.07865086941728577 0.0 0.16866733376946294
-0.06776070213863007 0.0 0.14531329467487905
-0.057441627288174264 0.0 0.12318396724482042
-0.04772795802571197 0.0 0.10235293628792903
-0.03858156467941628 0.0 0.08273843245909535
-0.030009049125752536 0.0 0.06435461352808763
-0.021872151015059894 0.0 0.04690497921822611
-0.013677626669087587 0.0 0.029331765048004436
-0.01455134348498869 0.0 0.031205456806269925
-0.023442484020470555 0.0 0.05027256921583384
-0.03232759836745228 0.0 0.06932675842245492
-0.041736920051576656 0.0 0.0895051138913603
-0.0517977136120874 0.0 0.11108055530769358
-0.06250949859667511 0.0 0.13405205233815232
-0.0739134228813331 0.0 0.1585078468875684
-0.08596641733103214 0.0 0.18435557689781126
-0.09862990241436462 0.0 0.21151250829678733
-0.11189087311821626 0.0 0.2399507517438717
-0.12569489928837024 0.0 0.26955358139666197
-0.1400331251461813 0.0 0.3003020059765669
-0.1547511744462434 0.0 0.3318649645569509
-0.16977595651970345 0.0 0.364085713692634
-0.18514500020944272 0.0 0.39704473424689357
-0.2007164539855512 0.0 0.43043782463215285
-0.2165175117751781 0.0 0.4643233024133794
-0.23244857593244234 0.0 0.49848757974971425
-0.24851378304613872 0.0 0.5329395275844555
-0.26445925138170484 0.0 0.5671346947808431
-0.2803886119747467 0.0 0.6012953188119136
-0.29626519639841237 0.0 0.6353427639825188
-0.3120256039508353 0.0 0.6691410670487409
-0.3277395815105775 0.0 0.70283980067434
-0.34313761410206867 0.0 0.7358609881290246
-0.3583525767635472 0.0 0.7684895808518598
-0.37330644369192173 0.0 0.800558251968138
-0.3880618213422955 0.0 0.8322012614540966
-0.40252340345294785 0.0 0.8632142243719078
-0.4164904734946747 0.0 0.893166702735633
-0.4301650011354232 0.0 0.9224918218959173
-0.44320923712354887 0.0 0.9504652762452127
-0.4556448658496178 0.0 0.9771335681091547
-0.46752660982574124 0.0 1.0026140502936742
-0.47874971841800457 0.0 1.0266820843394133
-0.4892544623563004 0.0 1.0492095804132693
-0.49896056713090403 0.0 1.0700243892735979
-0.5079725581809243 0.0 1.0893506664479367
-0.5160610268646586 0.0 1.1066964435165294
-0.5231850670339516 0.0 1.1219739969615665
-0.5292266517388142 0.0 1.134930217171989
-0.5342120566714897 0.0 1.1456214525516544
-0.5382127090562739 0.0 1.154200879277377
-0.5408754363419265 0.0 1.1599111163688884
-0.5420937306913377 0.0 1.1625237570324185
-0.5414807910285406 0.0 1.1612093036836955
-0.5382520090403026 0.0 1.1542851583651024
-0.5302223390048415 0.0 1.1370654754046479
-0.508053810400486 0.0 1.0895249123950934
-0.38448742943639663 0.0 0.8245359532752831
-0.3259118824002866 0.0 0.698920287283712
-0.44897716149153455 0.0 0.9628346299693336
-0.4708440171521389 0.0 1.0097282532632832
-0.4789163853431506 0.0 1.027039502713809
-0.48222449870569245 0.0 1.0341337747136101
-0.4830047495406804 0.0 1.035807028028975
-0.4821246414997714 0.0 1.0339196302444496
-0.4796256767056253 0.0 1.0285605829492936
-0.4762805197973473 0.0 1.021386870809301
-0.4717784955527481 0.0 1.0117322486604563
-0.4664206584042205 0.0 1.0002423298164755
-0.460115558541457 0.0 0.9867209995262755
-0.4529626861240652 0.0 0.9713816151256568
-0.4450386336248143 0.0 0.954388429702532
-0.4364103590221784 0.0 0.9358850351051226
-0.4270778891361748 0.0 0.9158714888491409
-0.4172861026124535 0.0 0.8948729348848684
-0.406892108801847 0.0 0.8725829432262893
-0.39594952732784844 0.0 0.8491165015270595
-0.3846239948275435 0.0 0.8248288187016998
-0.3726510700979157 0.0 0.7991527987602728
-0.36040156063353573 0.0 0.7728836409410627
-0.3476625208968112 0.0 0.7455646820650106
-0.3346393152661613 0.0 0.7176363274628629
-0.32143434408603916 0.0 0.6893181753819616
-0.3079832506573777 0.0 0.6604722124357765
-0.29438799642319285 0.0 0.6313170956444802
-0.28042016508893725 0.0 0.6013629846836589
-0.26641954781949856 0.0 0.5713385640579419
-0.2523186638923625 0.0 0.5410991208908967
-0.23817259719975217 0.0 0.5107627829706041
-0.22400929305382958 0.0 0.48038947921239133
-0.20971604913701514 0.0 0.44973751871625156
-0.19554746183801494 0.0 0.4193528851997018
-0.18143285125751155 0.0 0.38908400512951485
-0.16755837574036048 0.0 0.359330096364544
-0.15384941626562817 0.0 0.3299311378979955
-0.14041103807019117 0.0 0.30111244285745603
-0.12721879897425592 0.0 0.27282159481920615
-0.11437539762299144 0.0 0.24527883173853768
-0.10197563494019384 0.0 0.21868745485260202
-0.09006026636332841 0.0 0.19313486447909198
-0.07865086941728577 0.0 0.16866733376946294
-0.06776070213863007 0.0 0.14531329467487905
-0.057441627288174264 0.0 0.12318396724482042
-0.04772795802571197 0.0 0.10235293628792903
-0.03858156467941628 0.0 0.08273843245909535
-0.030009049125752536 0.0 0.06435461352808763
-0.021872151015059894 0.0 0.04690497921822611
-0.013677626669087587 0.0 0.029331765048004436

SCALARS Gamma float
LOOKUP_TABLE default
0.45018033898441
0.6929693338241081
0.8923491979763277
1.072624544592193
1.2417892338138041
1.403499083147071
1.5587944016208883
1.7092470305367764
1.8553594593746556
1.997137175707107
2.1348980676029026
2.268560600334812
2.3986944496504483
2.5243535429546315
2.644355240307868
2.7590675167250787
2.867764679807241
2.9707633335187653
3.067828025885484
3.1595917716295707
3.2444051347133396
3.3223168824588147
3.3936748845489855
3.4584958694326655
3.51807487762998
3.571249462093043
3.618500226855926
3.659891584459866
3.696423996844862
3.728628691623904
3.7552068850533633
3.7775171446858744
3.794264547044789
3.804783895130513
3.8097014051887053
3.8091558224063817
3.8031282487512965
3.7911628458700815
3.774525378736524
3.7526180977454717
3.72509691056624
3.6911971662499274
3.6512411749365805
3.607352814784356
3.5584360786683416
3.504631915874654
3.4463033753357966
3.3847928548835853
3.3240573940295914
3.2671655999955282
3.2638154702686637
3.3189997495935466
3.3803471765368345
3.441262882936631
3.4986651803012387
3.5511619373471763
3.597711209372868
3.641514413860699
3.6789637726281565
3.711539597714966
3.7380170516015805
3.7590831217333966
3.7749905935427623
3.785921587541628
3.7920512598464255
3.793879043856637
3.7899347576168245
3.780607692899931
3.7658612391096145
3.7447020908267943
3.7189693618527957
3.6873958499678143
3.651320398449795
3.610227639577054
3.5631211993336747
3.5099109122682774
3.4499174295205948
3.384901962801223
3.3134940329434803
3.2356085722896397
3.1508905490392376
3.059293128038833
2.962357872892104
2.8593780416314103
2.7511246895927455
2.6367216247772243
2.516903755274192
2.3916932893437233
2.2622677283733497
2.1290500426244146
1.9917985143329728
1.8502632292212458
1.7043708180484578
1.5542804214451125
1.3993752018895265
1.2382097089394448
1.069674774680348
0.8897806082513311
0.6908951698466765
0.4488376720903344
0.45018033898441
0.6929693338241081
0.8923491979763277
1.072624544592193
1.2417892338138041
1.403499083147071
1.5587944016208883
1.7092470305367764
1.8553594593746556
1.997137175707107
2.1348980676029026
2.268560600334812
2.3986944496504483
2.5243535429546315
2.644355240307868
2.7590675167250787
2.867764679807241
2.9707633335187653
3.067828025885484
3.1595917716295707
3.2444051347133396
3.3223168824588147
3.3936748845489855
3.4584958694326655
3.51807487762998
3.571249462093043
3.618500226855926
3.659891584459866
3.696423996844862
3.728628691623904
3.7552068850533633
3.7775171446858744
3.794264547044789
3.804783895130513
3.8097014051887053
3.8091558224063817
3.8031282487512965
3.7911628458700815
3.774525378736524
3.7526180977454717
3.72509691056624
3.6911971662499274
3.6512411749365805
3.607352814784356
3.5584360786683416
3.504631915874654
3.4463033753357966
3.3847928548835853
3.3240573940295914
3.2671655999955282
3.2638154702686637
3.3189997495935466
3.3803471765368345
3.441262882936631
3.4986651803012387
3.5511619373471763
3.597711209372868
3.641514413860699
3.6789637726281565
3.711539597714966
3.7380170516015805
3.7590831217333966
3.7749905935427623
3.785921587541628
3.7920512598464255
3.793879043856637
3.7899347576168245
3.780607692899931
3.7658612391096145
3.7447020908267943
3.7189693618527957
3.6873958499678143
3.651320398449795
3.610227639577054
3.5631211993336747
3.5099109122682774
3.4499174295205948
3.384901962801223
3.3134940329434803
3.2356085722896397
3.1508905490392376
3.059293128038833
2.962357872892104
2.8593780416314103
2.7511246895927455
2.6367216247772243
2.516903755274192
2.3916932893437233
2.2622677283733497
2.1290500426244146
1.9917985143329728
1.8502632292212458
1.7043708180484578
1.5542804214451125
1.3993752018895265
1.2382097089394448
1.069674774680348
0.8897806082513311
0.6908951698466765
0.4488376720903344

VECTORS Vvpm float
-0.2694796621799469 0.8076863884925842 -0.13363182544708252
-0.26517900824546814 0.823579430580139 -0.11230772733688353
-0.2669679820537567 0.8168572783470154 -0.12140086293220521
-0.26615414023399353 0.8199876546859741 -0.11713430285453796
-0.26638761162757874 0.8191159963607788 -0.11832040548324585
-0.2631731331348419 0.8316669464111327 -0.10113319754600525
-0.27029410004615784 0.8050981760025024 -0.13692763447761536
-0.2753128111362457 0.7879446744918823 -0.1591031849384308
-0.27908971905708313 0.7754697799682617 -0.17480316758155823
-0.28586694598197937 0.7532643675804138 -0.20203885436058044
-0.2908242642879486 0.7369014024734497 -0.22156353294849396
-0.29705020785331726 0.7158795595169067 -0.24602515995502472
-0.29275497794151306 0.730420708656311 -0.2291782647371292
-0.2868103086948395 0.7501095533370972 -0.2058542370796204
-0.2888365685939789 0.7434818148612976 -0.21376267075538635
-0.2872218191623688 0.7487453818321228 -0.20749256014823914
-0.28974494338035583 0.7404454946517944 -0.21736772358417514
-0.28987231850624084 0.7400012612342834 -0.21789933741092682
-0.29101821780204773 0.736153781414032 -0.2224554866552353
-0.2830524146556854 0.7623839974403381 -0.19098390638828278
-0.28147825598716736 0.7675227522850037 -0.184682697057724
-0.2825346887111664 0.7640330195426941 -0.18898135423660278
-0.2835645377635956 0.7606343030929565 -0.19314545392990112
-0.28772106766700745 0.7470236420631409 -0.20956233143806458
-0.2840752899646759 0.7589846253395081 -0.19513623416423798
-0.284891813993454 0.7562904357910156 -0.1984136700630188
-0.2856868803501129 0.7536630630493164 -0.20159810781478882
-0.2890089452266693 0.7427459955215454 -0.21467007696628573
-0.28978124260902405 0.7401666641235352 -0.21773751080036163
-0.2851370871067047 0.7555540204048157 -0.19927337765693665
-0.2859559953212738 0.752842366695404 -0.20255684852600098
-0.28032931685447693 0.7712214589118958 -0.18010872602462769
-0.27671584486961365 0.7831583619117737 -0.16516241431236267
-0.27737244963645935 0.7809548377990723 -0.1679510474205017
-0.2780208885669708 0.7787892818450928 -0.17068064212799072
-0.2786599099636078 0.7766631245613098 -0.17334964871406555
-0.27928897738456726 0.7745774984359741 -0.17595872282981873
-0.2836734354496002 0.7602284550666809 -0.19362537562847137
-0.2842797338962555 0.7582309246063232 -0.19606104493141174
-0.2848758399486542 0.7562711834907532 -0.1984412521123886
-0.2854596674442291 0.7543516159057617 -0.20076686143875122
-0.2896035611629486 0.7407510280609131 -0.21703001856803894
-0.297123521566391 0.7154868245124817 -0.24646240472793576
-0.29765817523002625 0.7136233448982239 -0.24860608577728271
-0.2986997663974762 0.7100493907928467 -0.25266608595848083
-0.2991260588169098 0.7085348963737488 -0.25440120697021484
-0.2995406687259674 0.707047700881958 -0.2561036944389343
-0.29994669556617737 0.7055894136428833 -0.25777000188827515
-0.2918713390827179 0.7332059741020203 -0.2259112149477005
-0.2970961630344391 0.7158521413803101 -0.24599252641201022
-0.30672362446784973 0.6812138557434082 -0.2851365804672241
-0.2995322048664093 0.7070857882499695 -0.2560553550720215
-0.2998766601085663 0.7058383822441101 -0.2574819326400757
-0.2994705140590668 0.7072916626930237 -0.25582224130630493
-0.29905644059181213 0.7087737321853638 -0.25412479043006897
-0.2986312806606293 0.7102841734886169 -0.25239455699920654
-0.30358341336250305 0.692565381526947 -0.27249443531036377
-0.29566869139671326 0.7204635143280029 -0.24073871970176697
-0.2951529324054718 0.7222369313240051 -0.23868247866630554
-0.2907164990901947 0.7371082305908203 -0.22130489349365234
-0.2901860773563385 0.7388819456100464 -0.21920539438724515
-0.2896423637866974 0.7406951189041138 -0.21705430746078488
-0.28908756375312805 0.7425479888916016 -0.21484938263893127
-0.28851965069770813 0.7444392442703247 -0.21259376406669617
-0.2879386246204376 0.746367871761322 -0.2102874368429184
-0.28301766514778137 0.7624478340148926 -0.190872460603714
-0.2823966443538666 0.7644957304000854 -0.188358336687088
-0.28176435828208923 0.7665845155715942 -0.18578535318374634
-0.28021952509880066 0.7715807557106018 -0.1796601414680481
-0.2858523428440094 0.7531836032867432 -0.2021445333957672
-0.28503552079200745 0.7558848261833191 -0.1988724321126938
-0.28969910740852356 0.7404340505599976 -0.21741977334022525
-0.2889290750026703 0.7430051565170288 -0.21436038613319397
-0.285613089799881 0.7539001703262329 -0.2013094574213028
-0.28482040762901306 0.7565203309059143 -0.19813230633735657
-0.2840065062046051 0.759207010269165 -0.19486261904239655
-0.29028502106666565 0.7385959625244141 -0.21956659853458407
-0.28666970133781433 0.7505106329917908 -0.20537185668945312
-0.28568288683891296 0.7537790536880493 -0.20142577588558197
-0.28466638922691345 0.7571403384208679 -0.19734765589237213
-0.28623881936073303 0.7520066499710083 -0.2035450786352158
-0.2938198745250702 0.7268149256706238 -0.23337332904338837
-0.29274091124534607 0.7304947972297668 -0.22906476259231567
-0.2948768436908722 0.7233482003211975 -0.2373756319284439
-0.2900097668170929 0.7396053671836853 -0.21835282444953918
-0.2915951907634735 0.7343900203704834 -0.22449153661727905
-0.2916886508464813 0.734074592590332 -0.22486022114753723
-0.29729393124580383 0.7150585055351257 -0.24695877730846405
-0.2981027066707611 0.7122556567192078 -0.2501857280731201
-0.29271069169044495 0.7306471467018127 -0.22889740765094754
-0.2857902944087982 0.7535197138786316 -0.2017277628183365
-0.2808901369571686 0.7695836424827576 -0.1820971965789795
-0.27898356318473816 0.7757951617240906 -0.17439517378807068
-0.2736075222492218 0.7936854362487793 -0.15174096822738647
-0.26675668358802795 0.8178463578224182 -0.1199672520160675
-0.26919546723365784 0.8088759779930115 -0.13197532296180725
-0.26582202315330505 0.8212230205535889 -0.11545738577842712
-0.2698170244693756 0.8065611720085144 -0.1350688934326172
-0.26933106780052185 0.8082782626152039 -0.1327970027923584
-0.2727414071559906 0.7963178753852844 -0.14845070242881775
-0.2694796621799469 0.8076863884925842 -0.13363182544708252
-0.26517900824546814 0.823579430580139 -0.11230772733688353
-0.2669679820537567 0.8168572783470154 -0.12140086293220521
-0.26615414023399353 0.8199876546859741 -0.11713430285453796
-0.26638761162757874 0.8191159963607788 -0.11832040548324585
-0.2631731331348419 0.8316669464111327 -0.10113319754600525
-0.27029410004615784 0.8050981760025024 -0.13692763447761536
-0.2753128111362457 0.7879446744918823 -0.1591031849384308
-0.27908971905708313 0.7754697799682617 -0.17480316758155823
-0.28586694598197937 0.7532643675804138 -0.20203885436058044
-0.2908242642879486 0.7369014024734497 -0.22156353294849396
-0.29705020785331726 0.7158795595169067 -0.24602515995502472
-0.29275497794151306 0.730420708656311 -0.2291782647371292
-0.2868103086948395 0.7501095533370972 -0.2058542370796204
-0.2888365685939789 0.7434818148612976 -0.21376267075538635
-0.2872218191623688 0.7487453818321228 -0.20749256014823914
-0.28974494338035583 0.7404454946517944 -0.21736772358417514
-0.28987231850624084 0.7400012612342834 -0.21789933741092682
-0.29101821780204773 0.736153781414032 -0.2224554866552353
-0.2830524146556854 0.7623839974403381 -0.19098390638828278
-0.28147825598716736 0.7675227522850037 -0.184682697057724
-0.2825346887111664 0.7640330195426941 -0.18898135423660278
-0.2835645377635956 0.7606343030929565 -0.19314545392990112
-0.28772106766700745 0.7470236420631409 -0.20956233143806458
-0.2840752899646759 0.7589846253395081 -0.19513623416423798
-0.284891813993454 0.7562904357910156 -0.1984136700630188
-0.2856868803501129 0.7536630630493164 -0.20159810781478882
-0.2890089452266693 0.7427459955215454 -0.21467007696628573
-0.28978124260902405 0.7401666641235352 -0.21773751080036163
-0.2851370871067047 0.7555540204048157 -0.19927337765693665
-0.2859559953212738 0.752842366695404 -0.20255684852600098
-0.28032931685447693 0.7712214589118958 -0.18010872602462769
-0.27671584486961365 0.7831583619117737 -0.16516241431236267
-0.27737244963645935 0.7809548377990723 -0.1679510474205017
-0.2780208885669708 0.7787892818450928 -0.17068064212799072
-0.2786599099636078 0.7766631245613098 -0.17334964871406555
-0.27928897738456726 0.7745774984359741 -0.17595872282981873
-0.2836734354496002 0.7602284550666809 -0.19362537562847137
-0.2842797338962555 0.7582309246063232 -0.19606104493141174
-0.2848758399486542 0.7562711834907532 -0.1984412521123886
-0.2854596674442291 0.7543516159057617 -0.20076686143875122
-0.2896035611629486 0.7407510280609131 -0.21703001856803894
-0.297123521566391 0.7154868245124817 -0.24646240472793576
-0.29765817523002625 0.7136233448982239 -0.24860608577728271
-0.2986997663974762 0.7100493907928467 -0.25266608595848083
-0.2991260588169098 0.7085348963737488 -0.25440120697021484
-0.2995406687259674 0.707047700881958 -0.2561036944389343
-0.29994669556617737 0.7055894136428833 -0.25777000188827515
-0.2918713390827179 0.7332059741020203 -0.2259112149477005
-0.2970961630344391 0.7158521413803101 -0.24599252641201022
-0.30672362446784973 0.6812138557434082 -0.2851365804672241
-0.2995322048664093 0.7070857882499695 -0.2560553550720215
-0.2998766601085663 0.7058383822441101 -0.2574819326400757
-0.2994705140590668 0.7072916626930237 -0.25582224130630493
-0.29905644059181213 0.7087737321853638 -0.25412479043006897
-0.2986312806606293 0.7102841734886169 -0.25239455699920654
-0.30358341336250305 0.692565381526947 -0.27249443531036377
-0.29566869139671326 0.7204635143280029 -0.24073871970176697
-0.2951529324054718 0.7222369313240051 -0.23868247866630554
-0.2907164990901947 0.7371082305908203 -0.22130489349365234
-0.2901860773563385 0.7388819456100464 -0.21920539438724515
-0.2896423637866974 0.7406951189041138 -0.21705430746078488
-0.28908756375312805 0.7425479888916016 -0.21484938263893127
-0.28851965069770813 0.7444392442703247 -0.21259376406669617
-0.2879386246204376 0.746367871761322 -0.2102874368429184
-0.28301766514778137 0.7624478340148926 -0.190872460603714
-0.2823966443538666 0.7644957304000854 -0.188358336687088
-0.28176435828208923 0.7665845155715942 -0.18578535318374634
-0.28021952509880066 0.7715807557106018 -0.1796601414680481
-0.2858523428440094 0.7531836032867432 -0.2021445333957672
-0.28503552079200745 0.7558848261833191 -0.1988724321126938
-0.28969910740852356 0.7404340505599976 -0.21741977334022525
-0.2889290750026703 0.7430051565170288 -0.21436038613319397
-0.285613089799881 0.7539001703262329 -0.2013094574213028
-0.28482040762901306 0.7565203309059143 -0.19813230633735657
-0.2840065062046051 0.759207010269165 -0.19486261904239655
-0.29028502106666565 0.7385959625244141 -0.21956659853458407
-0.28666970133781433 0.7505106329917908 -0.20537185668945312
-0.28568288683891296 0.7537790536880493 -0.20142577588558197
-0.28466638922691345 0.7571403384208679 -0.19734765589237213
-0.28623881936073303 0.7520066499710083 -0.2035450786352158
-0.2938198745250702 0.7268149256706238 -0.23337332904338837
-0.29274091124534607 0.7304947972297668 -0.22906476259231567
-0.2948768436908722 0.7233482003211975 -0.2373756319284439
-0.2900097668170929 0.7396053671836853 -0.21835282444953918
-0.2915951907634735 0.7343900203704834 -0.22449153661727905
-0.2916886508464813 0.734074592590332 -0.22486022114753723
-0.29729393124580383 0.7150585055351257 -0.24695877730846405
-0.2981027066707611 0.7122556567192078 -0.2501857280731201
-0.29271069169044495 0.7306471467018127 -0.22889740765094754
-0.2857902944087982 0.7535197138786316 -0.2017277628183365
-0.2808901369571686 0.7695836424827576 -0.1820971965789795
-0.27898356318473816 0.7757951617240906 -0.17439517378807068
-0.2736075222492218 0.7936854362487793 -0.15174096822738647
-0.26675668358802795 0.8178463578224182 -0.1199672520160675
-0.26919546723365784 0.8088759779930115 -0.13197532296180725
-0.26582202315330505 0.8212230205535889 -0.11545738577842712
-0.2698170244693756 0.8065611720085144 -0.1350688934326172
-0.26933106780052185 0.8082782626152039 -0.1327970027923584
-0.2727414071559906 0.7963178753852844 -0.14845070242881775

VECTORS Vvpm_BBp float
-0.30068716406822205 0.7034945487976074 -0.26010042428970337
-0.3044768273830414 0.6897138953208923 -0.275663822889328
-0.3081847131252289 0.6756849884986877 -0.29131197929382324
-0.31163135170936584 0.661715030670166 -0.3067777454853058
-0.31374332308769226 0.6529422402381897 -0.3163999319076538
-0.31631574034690857 0.6412885785102844 -0.329170286655426
-0.3175441324710846 0.6354171633720398 -0.3355873227119446
-0.3208164870738983 0.6188892126083374 -0.35356542468070984
-0.3221283257007599 0.6115090250968933 -0.36158931255340576
-0.3227887451648712 0.6076240539550781 -0.36580777168273926
-0.32189759612083435 0.6126583218574524 -0.3603498041629791
-0.32284989953041077 0.6074028611183167 -0.36603137850761414
-0.3224315345287323 0.6097387671470642 -0.36350101232528687
-0.3216404616832733 0.6141476035118103 -0.3587145209312439
-0.32091620564460754 0.6180481314659119 -0.35448652505874634
-0.3212098181247711 0.6163561344146729 -0.3563307523727417
-0.3226259648799896 0.6086333394050598 -0.3646894693374634
-0.32246139645576477 0.6095441579818726 -0.3637004792690277
-0.32267507910728455 0.6082160472869873 -0.3651474118232727
-0.32189974188804626 0.6125630736351013 -0.36043113470077515
-0.3207857310771942 0.6186350584030151 -0.3538443148136139
-0.32101544737815857 0.6173267960548401 -0.3552703261375427
-0.32064303755760193 0.6193318963050842 -0.3530883193016052
-0.32086673378944397 0.6180707216262817 -0.35446226596832275
-0.3224988281726837 0.6095222234725952 -0.3636915683746338
-0.3226630389690399 0.6085066795349121 -0.36479759216308594
-0.3223254978656769 0.61039799451828 -0.3627499043941498
-0.322053998708725 0.6118613481521606 -0.3611644208431244
-0.3222251832485199 0.6108202934265137 -0.36229968070983887
-0.32119980454444885 0.6164828538894653 -0.3561563491821289
-0.3213736116886139 0.6154613494873047 -0.3572711944580078
-0.3207031190395355 0.6191293597221375 -0.35327810049057007
-0.3190790116786957 0.62755286693573 -0.3441086411476135
-0.31926867365837097 0.626547634601593 -0.34520667791366577
-0.319454163312912 0.6255637407302856 -0.34627974033355713
-0.31963518261909485 0.6246016621589661 -0.34732869267463684
-0.31981077790260315 0.6236600875854492 -0.3483555018901825
-0.31998082995414734 0.6227390170097351 -0.34935927391052246
-0.31913092732429504 0.6271035671234131 -0.3446120321750641
-0.3193260133266449 0.626086950302124 -0.34571972489356995
-0.3245944678783417 0.5969857573509216 -0.37724244594573975
-0.32423707842826843 0.5991784930229187 -0.37486177682876587
-0.32432469725608826 0.5986023545265198 -0.3754875957965851
-0.3244076073169708 0.5980368852615356 -0.3761036694049835
-0.3244870603084564 0.5974826812744141 -0.37670764327049255
-0.3245639503002167 0.5969403386116028 -0.37729915976524353
-0.32463786005973816 0.5964086651802063 -0.37787938117980957
-0.3235393464565277 0.6031755208969116 -0.3705385625362396
-0.32456621527671814 0.5970240831375122 -0.37720987200737
-0.32957735657691956 0.5601020455360413 -0.4172055721282959
-0.3245667517185211 0.5970261693000793 -0.3772065043449402
-0.3235417306423187 0.6031839847564697 -0.37052810192108154
-0.32463857531547546 0.596410870552063 -0.37787628173828125
-0.3245634138584137 0.5969412326812744 -0.377297580242157
-0.3244875371456146 0.5974844694137573 -0.37670469284057617
-0.3244076073169708 0.5980381965637207 -0.37610092759132385
-0.324325829744339 0.598604679107666 -0.37548375129699707
-0.32423922419548035 0.599181592464447 -0.37485647201538086
-0.3245972692966461 0.5969871282577515 -0.3772384226322174
-0.31932780146598816 0.6260865926742554 -0.34571564197540283
-0.3191339671611786 0.627104640007019 -0.3446064591407776
-0.31998398900032043 0.6227419972419739 -0.34935182332992554
-0.3198145925998688 0.6236633658409119 -0.3483469784259796
-0.31963911652565 0.624605119228363 -0.34732019901275635
-0.3194582760334015 0.6255673170089722 -0.3462710976600647
-0.3192727863788605 0.6265510320663452 -0.34519824385643005
-0.3190818130970001 0.6275554299354553 -0.34410202503204346
-0.3207043707370758 0.6191338300704956 -0.35327136516571045
-0.3213742673397064 0.6154661774635315 -0.35726499557495117
-0.32119986414909363 0.6164873838424683 -0.3561510741710663
-0.3222246468067169 0.6108206510543823 -0.3622983396053314
-0.3220535218715668 0.6118621826171875 -0.3611631989479065
-0.3223249614238739 0.6103967428207397 -0.3627500534057617
-0.32266250252723694 0.6085071563720703 -0.36479616165161133
-0.3224986493587494 0.6095226407051086 -0.363689661026001
-0.32086679339408875 0.618073046207428 -0.3544585108757019
-0.3206431567668915 0.6193342208862305 -0.3530842363834381
-0.3210160434246063 0.6173303127288818 -0.3552651107311249
-0.3207866847515106 0.6186386346817017 -0.35383880138397217
-0.3219009339809418 0.612565279006958 -0.3604266345500946
-0.3226764500141144 0.6082189679145813 -0.3651423752307892
-0.3224627673625946 0.6095472574234009 -0.36369556188583374
-0.32262763381004333 0.6086371541023254 -0.36468368768692017
-0.3212111294269562 0.6163613796234131 -0.35632380843162537
-0.3209172785282135 0.6180530786514282 -0.35447990894317627
-0.3216414749622345 0.6141509413719177 -0.3587093949317932
-0.3224327266216278 0.6097429990768433 -0.3634951710700989
-0.3228509724140167 0.6074084043502808 -0.3660244047641754
-0.32189878821372986 0.6126651167869568 -0.36034178733825684
-0.3227897584438324 0.6076295971870422 -0.3658009171485901
-0.3221299946308136 0.6115136742591858 -0.36158302426338196
-0.3208180367946625 0.618891716003418 -0.35356059670448303
-0.3175455629825592 0.6354169249534607 -0.3355841636657715
-0.31631729006767273 0.6412851810455322 -0.3291693925857544
-0.3137443959712982 0.6529372334480286 -0.3163999915122986
-0.3116321861743927 0.6617067456245422 -0.3067801594734192
-0.3081854283809662 0.675675630569458 -0.2913152575492859
-0.30447718501091003 0.6897026896476746 -0.27566850185394287
-0.30068764090538025 0.7034822106361389 -0.26010531187057495
-0.2948967516422272 0.7235842943191528 -0.237057238817215
-0.30068716406822205 0.7034945487976074 -0.26010042428970337
-0.3044768273830414 0.6897138953208923 -0.275663822889328
-0.3081847131252289 0.6756849884986877 -0.29131197929382324
-0.31163135170936584 0.661715030670166 -0.3067777454853058
-0.31374332308769226 0.6529422402381897 -0.3163999319076538
-0.31631574034690857 0.6412885785102844 -0.329170286655426
-0.3175441324710846 0.6354171633720398 -0.3355873227119446
-0.3208164870738983 0.6188892126083374 -0.35356542468070984
-0.3221283257007599 0.6115090250968933 -0.36158931255340576
-0.3227887451648712 0.6076240539550781 -0.36580777168273926
-0.32189759612083435 0.6126583218574524 -0.3603498041629791
-0.32284989953041077 0.6074028611183167 -0.36603137850761414
-0.3224315345287323 0.6097387671470642 -0.36350101232528687
-0.3216404616832733 0.6141476035118103 -0.3587145209312439
-0.32091620564460754 0.6180481314659119 -0.35448652505874634
-0.3212098181247711 0.6163561344146729 -0.3563307523727417
-0.3226259648799896 0.6086333394050598 -0.3646894693374634
-0.32246139645576477 0.6095441579818726 -0.3637004792690277
-0.32267507910728455 0.6082160472869873 -0.3651474118232727
-0.32189974188804626 0.6125630736351013 -0.36043113470077515
-0.3207857310771942 0.6186350584030151 -0.3538443148136139
-0.32101544737815857 0.6173267960548401 -0.3552703261375427
-0.32064303755760193 0.6193318963050842 -0.3530883193016052
-0.32086673378944397 0.6180707216262817 -0.35446226596832275
-0.3224988281726837 0.6095222234725952 -0.3636915683746338
-0.3226630389690399 0.6085066795349121 -0.36479759216308594
-0.3223254978656769 0.61039799451828 -0.3627499043941498
-0.322053998708725 0.6118613481521606 -0.3611644208431244
-0.3222251832485199 0.6108202934265137 -0.36229968070983887
-0.32119980454444885 0.6164828538894653 -0.3561563491821289
-0.3213736116886139 0.6154613494873047 -0.3572711944580078
-0.3207031190395355 0.6191293597221375 -0.35327810049057007
-0.3190790116786957 0.62755286693573 -0.3441086411476135
-0.31926867365837097 0.626547634601593 -0.34520667791366577
-0.319454163312912 0.6255637407302856 -0.34627974033355713
-0.31963518261909485 0.6246016621589661 -0.34732869267463684
-0.31981077790260315 0.6236600875854492 -0.3483555018901825
-0.31998082995414734 0.6227390170097351 -0.34935927391052246
-0.31913092732429504 0.6271035671234131 -0.3446120321750641
-0.3193260133266449 0.626086950302124 -0.34571972489356995
-0.3245944678783417 0.5969857573509216 -0.37724244594573975
-0.32423707842826843 0.5991784930229187 -0.37486177682876587
-0.32432469725608826 0.5986023545265198 -0.3754875957965851
-0.3244076073169708 0.5980368852615356 -0.3761036694049835
-0.3244870603084564 0.5974826812744141 -0.37670764327049255
-0.3245639503002167 0.5969403386116028 -0.37729915976524353
-0.32463786005973816 0.5964086651802063 -0.37787938117980957
-0.3235393464565277 0.6031755208969116 -0.3705385625362396
-0.32456621527671814 0.5970240831375122 -0.37720987200737
-0.32957735657691956 0.5601020455360413 -0.4172055721282959
-0.3245667517185211 0.5970261693000793 -0.3772065043449402
-0.3235417306423187 0.6031839847564697 -0.37052810192108154
-0.32463857531547546 0.596410870552063 -0.37787628173828125
-0.3245634138584137 0.5969412326812744 -0.377297580242157
-0.3244875371456146 0.5974844694137573 -0.37670469284057617
-0.3244076073169708 0.5980381965637207 -0.37610092759132385
-0.324325829744339 0.598604679107666 -0.37548375129699707
-0.32423922419548035 0.599181592464447 -0.37485647201538086
-0.3245972692966461 0.5969871282577515 -0.3772384226322174
-0.31932780146598816 0.6260865926742554 -0.34571564197540283
-0.3191339671611786 0.627104640007019 -0.3446064591407776
-0.31998398900032043 0.6227419972419739 -0.34935182332992554
-0.3198145925998688 0.6236633658409119 -0.3483469784259796
-0.31963911652565 0.624605119228363 -0.34732019901275635
-0.3194582760334015 0.6255673170089722 -0.3462710976600647
-0.3192727863788605 0.6265510320663452 -0.34519824385643005
-0.3190818130970001 0.6275554299354553 -0.34410202503204346
-0.3207043707370758 0.6191338300704956 -0.35327136516571045
-0.3213742673397064 0.6154661774635315 -0.35726499557495117
-0.32119986414909363 0.6164873838424683 -0.3561510741710663
-0.3222246468067169 0.6108206510543823 -0.3622983396053314
-0.3220535218715668 0.6118621826171875 -0.3611631989479065
-0.3223249614238739 0.6103967428207397 -0.3627500534057617
-0.32266250252723694 0.6085071563720703 -0.36479616165161133
-0.3224986493587494 0.6095226407051086 -0.363689661026001
-0.32086679339408875 0.618073046207428 -0.3544585108757019
-0.3206431567668915 0.6193342208862305 -0.3530842363834381
-0.3210160434246063 0.6173303127288818 -0.3552651107311249
-0.3207866847515106 0.6186386346817017 -0.35383880138397217
-0.3219009339809418 0.612565279006958 -0.3604266345500946
-0.3226764500141144 0.6082189679145813 -0.3651423752307892
-0.3224627673625946 0.6095472574234009 -0.36369556188583374
-0.32262763381004333 0.6086371541023254 -0.36468368768692017
-0.3212111294269562 0.6163613796234131 -0.35632380843162537
-0.3209172785282135 0.6180530786514282 -0.35447990894317627
-0.3216414749622345 0.6141509413719177 -0.3587093949317932
-0.3224327266216278 0.6097429990768433 -0.3634951710700989
-0.3228509724140167 0.6074084043502808 -0.3660244047641754
-0.32189878821372986 0.6126651167869568 -0.36034178733825684
-0.3227897584438324 0.6076295971870422 -0.3658009171485901
-0.3221299946308136 0.6115136742591858 -0.36158302426338196
-0.3208180367946625 0.618891716003418 -0.35356059670448303
-0.3175455629825592 0.6354169249534607 -0.3355841636657715
-0.31631729006767273 0.6412851810455322 -0.3291693925857544
-0.3137443959712982 0.6529372334480286 -0.3163999915122986
-0.3116321861743927 0.6617067456245422 -0.3067801594734192
-0.3081854283809662 0.675675630569458 -0.2913152575492859
-0.30447718501091003 0.6897026896476746 -0.27566850185394287
-0.30068764090538025 0.7034822106361389 -0.26010531187057495
-0.2948967516422272 0.7235842943191528 -0.237057238817215

VECTORS ftot float
-5.874294142900798 -9.920823667692636 5.655698469040642
-7.873813463667345 -11.920334077227233 7.754152051345753
-8.926275431973139 -12.97280679208095 9.477426331529298
-9.626471512240316 -13.673022689579089 11.035569922635798
-10.141361477643002 -14.187933590283796 12.497684685654123
-10.51528817175883 -14.561876401563929 13.895351269441202
-10.826348287362315 -14.872995849906744 15.23757083582546
-11.065910641580633 -15.112558555435667 16.537931199385998
-11.24129472940771 -15.287956113911216 17.800785949317998
-11.376352936513126 -15.423005556911797 19.02618974609225
-11.464929265242773 -15.511561758276024 20.21687078173414
-11.526955169449586 -15.573591551336774 21.372132109684664
-11.50987237432945 -15.55650329056732 22.49690596350211
-11.428049670410132 -15.474676432075873 23.583003915907724
-11.339229185498592 -15.385845459811014 24.620187491541735
-11.206197725589153 -15.252808833143911 25.61167251223401
-11.070916778026467 -15.117540752343512 26.551152299467237
-10.91276335623984 -14.959381901817103 27.44139668168154
-10.753764025639502 -14.80037673002334 28.280353765703325
-10.525830370721183 -14.572441152712281 29.073493853546566
-10.306731855801509 -14.35332713557607 29.80653718757523
-10.099746498476552 -14.146339128288297 30.479950147489603
-9.895561555562725 -13.94215279831103 31.096720031225004
-9.722930981233095 -13.769533122634767 31.65697684123872
-9.505264142587972 -13.551868762452303 32.171943544140916
-9.30792972323547 -13.354634349579467 32.63137943759328
-9.113977248968865 -13.160677501952238 33.03978806315689
-8.945388978886035 -12.99208430175009 33.397552405105344
-8.771888078367398 -12.818578746404304 33.71332182384158
-8.552747892442543 -12.599422555066713 33.99164123173307
-8.360901155950891 -12.407570771794997 34.22137061527541
-8.115158476320495 -12.161822902107204 34.41421212497694
-7.854090934684544 -11.90076434105443 34.55896770599216
-7.608841178219341 -11.655514197615915 34.64989626745339
-7.357489848358685 -11.404162636324777 34.6924104862297
-7.095681228429865 -11.142353397081484 34.68770499194156
-6.818916571399481 -10.865641051615217 34.63556475762154
-6.560243832471153 -10.6069640427475 34.53216006713804
-6.267098423364206 -10.313814783310603 34.388373578650985
-5.952520637577409 -9.999242822816777 34.19904439239855
-5.613263201555216 -9.659990272555314 33.96119527814378
-5.275645096913882 -9.322368524318108 33.66820791673883
-4.951185853523898 -8.997906888998026 33.32287756403772
-4.5575548239022 -8.604273222827986 32.943558393654286
-4.1091726594639235 -8.155888284705666 32.52077926182237
-3.56058193894366 -7.607294821187651 32.05575556466039
-2.813444195180905 -6.860152276287903 31.551626641227216
-1.5783865189784843 -5.625091581769649 31.019995881748198
1.364031909546624 -2.6826928839514133 30.495009008240785
16.77303642435688 12.726221594723139 30.0031535652905
16.666078354404604 -12.619267527381945 26.573951533432613
1.30096079518141 2.7457534098996357 26.99359077889305
-1.5863878301192873 5.6330822164429275 27.459985829013203
-2.8259120086429865 6.872609926025468 27.92301227312544
-3.5750602348246088 7.621762829540783 28.35932574393945
-4.127935947555773 8.17464138453082 28.758357175474675
-4.605055347373264 8.65176382106609 29.11217885747424
-4.949202401886358 8.995913492673354 29.445126248038424
-5.319769790389233 9.366483861594897 29.729774422656448
-5.641484257181673 9.688201603563867 29.977375697014526
-5.971249761984798 10.017962715887148 30.17863321270238
-6.2773984228401805 10.324105726456242 30.338761239977714
-6.563740002681767 10.61045152609905 30.459660336535336
-6.832192175812468 10.87890801214273 30.54273287548098
-7.083532975770859 11.130190046778376 30.58939155532676
-7.302722994113463 11.349380953607824 30.60327513230771
-7.548481946415328 11.595140587654207 30.573281777022252
-7.783340496533708 11.829999737628471 30.502374716449797
-8.009702682867706 12.05635860907151 30.39026787355028
-8.267044363734929 12.313705386884026 30.229409184880932
-8.467245802298379 12.513912065650473 30.033787179520626
-8.693802429996941 12.740482346917057 29.793783980121678
-8.874392996472366 12.921077849669926 29.519540586878524
-9.049975654344209 13.096665694557617 29.207160112628927
-9.250896062230394 13.297590313084429 28.849068784586546
-9.455910880793926 13.502508446131348 28.444853741154585
-9.691421576283425 13.738020146935666 27.98879969047528
-9.863191344915242 13.909774895550669 27.49459575358628
-10.063684259059382 14.110269402453008 26.951784803846856
-10.26748666631565 14.314074716570621 26.359735473130986
-10.483008721129847 14.529610528651007 25.715750568589158
-10.706312023642209 14.752918342845659 25.0194641246964
-10.864467019084092 14.911079804799929 24.28260577563869
-11.027683783964367 15.074301960549656 23.499801298061154
-11.146334946184984 15.192939555991822 22.67693762099695
-11.27916948079422 15.325779300328604 21.807304279851234
-11.372880771980476 15.419502173954548 20.89651994104611
-11.445806621577518 15.492433822772549 19.944736954087315
-11.448891126122449 15.495525807079558 18.960914153644676
-11.393086656704192 15.439716286211786 17.948280951113478
-11.301526821586837 15.348173543985222 16.904977758994082
-11.176025294514265 15.222679343127824 15.829116312430038
-11.004392646259877 15.051029921622687 14.720162466898422
-10.761204045168322 14.807839187445596 13.579297173650826
-10.449689454157898 14.49626715798399 12.401860936496552
-10.071402002126494 14.117960918644279 11.176804070600097
-9.553959014701793 13.600497252794248 9.8957168802451
-8.863851968535705 12.910369125406321 8.528281341591256
-7.814417975112744 11.860924385426719 7.01647468900602
-5.8209633787766215 9.86747627376045 5.176504364989404
-5.874294142900798 -9.920823667692636 5.655698469040642
-7.873813463667345 -11.920334077227233 7.754152051345753
-8.926275431973139 -12.97280679208095 9.477426331529298
-9.626471512240316 -13.673022689579089 11.035569922635798
-10.141361477643002 -14.187933590283796 12.497684685654123
-10.51528817175883 -14.561876401563929 13.895351269441202
-10.826348287362315 -14.872995849906744 15.23757083582546
-11.065910641580633 -15.112558555435667 16.537931199385998
-11.24129472940771 -15.287956113911216 17.800785949317998
-11.376352936513126 -15.423005556911797 19.02618974609225
-11.464929265242773 -15.511561758276024 20.21687078173414
-11.526955169449586 -15.573591551336774 21.372132109684664
-11.50987237432945 -15.55650329056732 22.49690596350211
-11.428049670410132 -15.474676432075873 23.583003915907724
-11.339229185498592 -15.385845459811014 24.620187491541735
-11.206197725589153 -15.252808833143911 25.61167251223401
-11.070916778026467 -15.117540752343512 26.551152299467237
-10.91276335623984 -14.959381901817103 27.44139668168154
-10.753764025639502 -14.80037673002334 28.280353765703325
-10.525830370721183 -14.572441152712281 29.073493853546566
-10.306731855801509 -14.35332713557607 29.80653718757523
-10.099746498476552 -14.146339128288297 30.479950147489603
-9.895561555562725 -13.94215279831103 31.096720031225004
-9.722930981233095 -13.769533122634767 31.65697684123872
-9.505264142587972 -13.551868762452303 32.171943544140916
-9.30792972323547 -13.354634349579467 32.63137943759328
-9.113977248968865 -13.160677501952238 33.03978806315689
-8.945388978886035 -12.99208430175009 33.397552405105344
-8.771888078367398 -12.818578746404304 33.71332182384158
-8.552747892442543 -12.599422555066713 33.99164123173307
-8.360901155950891 -12.407570771794997 34.22137061527541
-8.115158476320495 -12.161822902107204 34.41421212497694
-7.854090934684544 -11.90076434105443 34.55896770599216
-7.608841178219341 -11.655514197615915 34.64989626745339
-7.357489848358685 -11.404162636324777 34.6924104862297
-7.095681228429865 -11.142353397081484 34.68770499194156
-6.818916571399481 -10.865641051615217 34.63556475762154
-6.560243832471153 -10.6069640427475 34.53216006713804
-6.267098423364206 -10.313814783310603 34.388373578650985
-5.952520637577409 -9.999242822816777 34.19904439239855
-5.613263201555216 -9.659990272555314 33.96119527814378
-5.275645096913882 -9.322368524318108 33.66820791673883
-4.951185853523898 -8.997906888998026 33.32287756403772
-4.5575548239022 -8.604273222827986 32.943558393654286
-4.1091726594639235 -8.155888284705666 32.52077926182237
-3.56058193894366 -7.607294821187651 32.05575556466039
-2.813444195180905 -6.860152276287903 31.551626641227216
-1.5783865189784843 -5.625091581769649 31.019995881748198
1.364031909546624 -2.6826928839514133 30.495009008240785
16.77303642435688 12.726221594723139 30.0031535652905
16.666078354404604 -12.619267527381945 26.573951533432613
1.30096079518141 2.7457534098996357 26.99359077889305
-1.5863878301192873 5.6330822164429275 27.459985829013203
-2.8259120086429865 6.872609926025468 27.92301227312544
-3.5750602348246088 7.621762829540783 28.35932574393945
-4.127935947555773 8.17464138453082 28.758357175474675
-4.605055347373264 8.65176382106609 29.11217885747424
-4.949202401886358 8.995913492673354 29.445126248038424
-5.319769790389233 9.366483861594897 29.729774422656448
-5.641484257181673 9.688201603563867 29.977375697014526
-5.971249761984798 10.017962715887148 30.17863321270238
-6.2773984228401805 10.324105726456242 30.338761239977714
-6.563740002681767 10.61045152609905 30.459660336535336
-6.832192175812468 10.87890801214273 30.54273287548098
-7.083532975770859 11.130190046778376 30.58939155532676
-7.302722994113463 11.349380953607824 30.60327513230771
-7.548481946415328 11.595140587654207 30.573281777022252
-7.783340496533708 11.829999737628471 30.502374716449797
-8.009702682867706 12.05635860907151 30.39026787355028
-8.267044363734929 12.313705386884026 30.229409184880932
-8.467245802298379 12.513912065650473 30.033787179520626
-8.693802429996941 12.740482346917057 29.793783980121678
-8.874392996472366 12.921077849669926 29.519540586878524
-9.049975654344209 13.096665694557617 29.207160112628927
-9.250896062230394 13.297590313084429 28.849068784586546
-9.455910880793926 13.502508446131348 28.444853741154585
-9.691421576283425 13.738020146935666 27.98879969047528
-9.863191344915242 13.909774895550669 27.49459575358628
-10.063684259059382 14.110269402453008 26.951784803846856
-10.26748666631565 14.314074716570621 26.359735473130986
-10.483008721129847 14.529610528651007 25.715750568589158
-10.706312023642209 14.752918342845659 25.0194641246964
-10.864467019084092 14.911079804799929 24.28260577563869
-11.027683783964367 15.074301960549656 23.499801298061154
-11.146334946184984 15.192939555991822 22.67693762099695
-11.27916948079422 15.325779300328604 21.807304279851234
-11.372880771980476 15.419502173954548 20.89651994104611
-11.445806621577518 15.492433822772549 19.944736954087315
-11.448891126122449 15.495525807079558 18.960914153644676
-11.393086656704192 15.439716286211786 17.948280951113478
-11.301526821586837 15.348173543985222 16.904977758994082
-11.176025294514265 15.222679343127824 15.829116312430038
-11.004392646259877 15.051029921622687 14.720162466898422
-10.761204045168322 14.807839187445596 13.579297173650826
-10.449689454157898 14.49626715798399 12.401860936496552
-10.071402002126494 14.117960918644279 11.176804070600097
-9.553959014701793 13.600497252794248 9.8957168802451
-8.863851968535705 12.910369125406321 8.528281341591256
-7.814417975112744 11.860924385426719 7.01647468900602
-5.8209633787766215 9.86747627376045 5.176504364989404

VECTORS D float
-0.012032507645338468 -0.0 -0.005610850461829898
-0.01873486140594624 -0.0 -0.008736209348065257
-0.022907001627433518 -0.0 -0.010681710284241266
-0.02583198002788178 -0.0 -0.012045650112308251
-0.02781479625869462 -0.0 -0.012970252505450305
-0.028778809840938793 -0.0 -0.013419779421416195
-0.029074274016115606 -0.0 -0.013557556629011593
-0.028498212640474672 -0.0 -0.013288934797982925
-0.026992713257658087 -0.0 -0.012586908906427925
-0.02469712390098857 -0.0 -0.011516458009433824
-0.02148628968474006 -0.0 -0.01001922142533104
-0.017525595806710106 -0.0 -0.008172319538398053
-0.012141120816608076 -0.0 -0.005661497615369417
-0.0054289783419676834 -0.0 -0.0025315741768171577
0.0018765492827805216 0.0 0.0008750493014658274
0.010283444353847614 0.0 0.004795248854409924
0.01918119307098237 0.0 0.008944337221548675
0.028860548669973313 0.0 0.013457894863363616
0.03895344771325154 0.0 0.018164290980229515
0.05059156327782671 0.0 0.0235912333944838
0.06240563127338835 0.0 0.029100223774778063
0.07426489842956113 0.0 0.034630290869807484
0.08628820061823722 0.0 0.0402368487566989
0.09785846632148683 0.0 0.045632152261012325
0.11050200558671026 0.0 0.05152793144656945
0.12280980272902196 0.0 0.057267151509047584
0.13509616196763904 0.0 0.06299637491285814
0.14682243858954463 0.0 0.06846442750329665
0.15867175011179754 0.0 0.07398985220998745
0.17162165173846894 0.0 0.0800284905108582
0.18383920263024306 0.0 0.0857256280555909
0.19737805126825247 0.0 0.09203889685809606
0.21119378988016232 0.0 0.09848128157589733
0.2243841842363 0.0 0.10463206347824881
0.2375236982858894 0.0 0.11075911950400753
0.25071424676325565 0.0 0.11690997327426819
0.2640566083873957 0.0 0.12313161867747804
0.2765266689257886 0.0 0.1289465034041871
0.2897480799808143 0.0 0.13511174863076075
0.30328415620753046 0.0 0.14142372463664832
0.31719297632336296 0.0 0.14790951397256133
0.3305463160362612 0.0 0.15413627854263104
0.3429572293277852 0.0 0.15992358245516633
0.35735496416686247 0.0 0.1666373564707131
0.3732128333449352 0.0 0.1740320023104685
0.3921865812141455 0.0 0.18287960624578337
0.41794652538034555 0.0 0.19489166548412762
0.4614171030275474 0.0 0.21516232874543934
0.5686486630311504 0.0 0.2651652263710267
1.1435435687132014 0.0 0.5332431235248627
1.0801276828387059 0.0 0.503671810292902
0.506770184594998 0.0 0.23631081800126988
0.4016899869507741 0.0 0.18731111711932744
0.35807776641386535 0.0 0.1669744046938222
0.3323232179742187 0.0 0.15496486152409109
0.3133527089027395 0.0 0.14611876786496145
0.29669145102886774 0.0 0.13834949572387975
0.2844484165819882 0.0 0.13264047500224438
0.2709113498730232 0.0 0.1263280371268989
0.25867880667351933 0.0 0.12062390855425843
0.2458278471599881 0.0 0.11463140771845898
0.23343066549100705 0.0 0.10885050696667435
0.2213934517244432 0.0 0.10323746200447684
0.2096773453336167 0.0 0.09777415187067573
0.19827853928501749 0.0 0.0924588013163904
0.18764748008297724 0.0 0.08750145699617985
0.17607247139311252 0.0 0.08210394180088527
0.16464307261969507 0.0 0.07677432562473338
0.1533128968019957 0.0 0.07149097787269759
0.14106337065662378 0.0 0.06577893002234078
0.13023020966766122 0.0 0.06072734409116157
0.11872062747112437 0.0 0.055360337770752
0.10833775885153694 0.0 0.05051872661982116
0.09810183099022182 0.0 0.0457456350697678
0.0873348412327461 0.0 0.04072490529058045
0.07655553346596938 0.0 0.035698431529322804
0.06525186411660275 0.0 0.030427443946461213
0.05542119052118226 0.0 0.02584332556409451
0.045211925973481934 0.0 0.021082667321371516
0.03516570220207434 0.0 0.016398036241225364
0.025174975102673865 0.0 0.011739283684238246
0.015373662543092107 0.0 0.007168856577734501
0.0070290361900374075 0.0 0.003277693404863077
-0.0010182395753224104 -0.0 -0.00047481291180933346
-0.007982877622417032 -0.0 -0.0037224769694472297
-0.014739369958969403 -0.0 -0.006873081088247162
-0.020509716947069198 -0.0 -0.009563838079009726
-0.025552308532173083 -0.0 -0.01191523715209162
-0.029272886439918034 -0.0 -0.013650171123235393
-0.031883510863342096 -0.0 -0.014867525284444509
-0.03371397669842592 -0.0 -0.015721085521335186
-0.034832956713611155 -0.0 -0.016242874471738455
-0.03517742480210563 -0.0 -0.016403502579393443
-0.034607297766664734 -0.0 -0.016137647976646147
-0.03327718691707296 -0.0 -0.015517407101286448
-0.03133535049302364 -0.0 -0.014611913905867935
-0.02847836493309154 -0.0 -0.01327967966003335
-0.024839282815950714 -0.0 -0.011582747800155677
-0.019987032944986858 -0.0 -0.009320106526043627
-0.012664878512321252 -0.0 -0.005905729839898085
-0.012032507645338468 -0.0 -0.005610850461829898
-0.01873486140594624 -0.0 -0.008736209348065257
-0.022907001627433518 -0.0 -0.010681710284241266
-0.02583198002788178 -0.0 -0.012045650112308251
-0.02781479625869462 -0.0 -0.012970252505450305
-0.028778809840938793 -0.0 -0.013419779421416195
-0.029074274016115606 -0.0 -0.013557556629011593
-0.028498212640474672 -0.0 -0.013288934797982925
-0.026992713257658087 -0.0 -0.012586908906427925
-0.02469712390098857 -0.0 -0.011516458009433824
-0.02148628968474006 -0.0 -0.01001922142533104
-0.017525595806710106 -0.0 -0.008172319538398053
-0.012141120816608076 -0.0 -0.005661497615369417
-0.0054289783419676834 -0.0 -0.0025315741768171577
0.0018765492827805216 0.0 0.0008750493014658274
0.010283444353847614 0.0 0.004795248854409924
0.01918119307098237 0.0 0.008944337221548675
0.028860548669973313 0.0 0.013457894863363616
0.03895344771325154 0.0 0.018164290980229515
0.05059156327782671 0.0 0.0235912333944838
0.06240563127338835 0.0 0.029100223774778063
0.07426489842956113 0.0 0.034630290869807484
0.08628820061823722 0.0 0.0402368487566989
0.09785846632148683 0.0 0.045632152261012325
0.11050200558671026 0.0 0.05152793144656945
0.12280980272902196 0.0 0.057267151509047584
0.13509616196763904 0.0 0.06299637491285814
0.14682243858954463 0.0 0.06846442750329665
0.15867175011179754 0.0 0.07398985220998745
0.17162165173846894 0.0 0.0800284905108582
0.18383920263024306 0.0 0.0857256280555909
0.19737805126825247 0.0 0.09203889685809606
0.21119378988016232 0.0 0.09848128157589733
0.2243841842363 0.0 0.10463206347824881
0.2375236982858894 0.0 0.11075911950400753
0.25071424676325565 0.0 0.11690997327426819
0.2640566083873957 0.0 0.12313161867747804
0.2765266689257886 0.0 0.1289465034041871
0.2897480799808143 0.0 0.13511174863076075
0.30328415620753046 0.0 0.14142372463664832
0.31719297632336296 0.0 0.14790951397256133
0.3305463160362612 0.0 0.15413627854263104
0.3429572293277852 0.0 0.15992358245516633
0.35735496416686247 0.0 0.1666373564707131
0.3732128333449352 0.0 0.1740320023104685
0.3921865812141455 0.0 0.18287960624578337
0.41794652538034555 0.0 0.19489166548412762
0.4614171030275474 0.0 0.21516232874543934
0.5686486630311504 0.0 0.2651652263710267
1.1435435687132014 0.0 0.5332431235248627
1.0801276828387059 0.0 0.503671810292902
0.506770184594998 0.0 0.23631081800126988
0.4016899869507741 0.0 0.18731111711932744
0.35807776641386535 0.0 0.1669744046938222
0.3323232179742187 0.0 0.15496486152409109
0.3133527089027395 0.0 0.14611876786496145
0.29669145102886774 0.0 0.13834949572387975
0.2844484165819882 0.0 0.13264047500224438
0.2709113498730232 0.0 0.1263280371268989
0.25867880667351933 0.0 0.12062390855425843
0.2458278471599881 0.0 0.11463140771845898
0.23343066549100705 0.0 0.10885050696667435
0.2213934517244432 0.0 0.10323746200447684
0.2096773453336167 0.0 0.09777415187067573
0.19827853928501749 0.0 0.0924588013163904
0.18764748008297724 0.0 0.08750145699617985
0.17607247139311252 0.0 0.08210394180088527
0.16464307261969507 0.0 0.07677432562473338
0.1533128968019957 0.0 0.07149097787269759
0.14106337065662378 0.0 0.06577893002234078
0.13023020966766122 0.0 0.06072734409116157
0.11872062747112437 0.0 0.055360337770752
0.10833775885153694 0.0 0.05051872661982116
0.09810183099022182 0.0 0.0457456350697678
0.0873348412327461 0.0 0.04072490529058045
0.07655553346596938 0.0 0.035698431529322804
0.06525186411660275 0.0 0.030427443946461213
0.05542119052118226 0.0 0.02584332556409451
0.045211925973481934 0.0 0.021082667321371516
0.03516570220207434 0.0 0.016398036241225364
0.025174975102673865 0.0 0.011739283684238246
0.015373662543092107 0.0 0.007168856577734501
0.0070290361900374075 0.0 0.003277693404863077
-0.0010182395753224104 -0.0 -0.00047481291180933346
-0.007982877622417032 -0.0 -0.0037224769694472297
-0.014739369958969403 -0.0 -0.006873081088247162
-0.020509716947069198 -0.0 -0.009563838079009726
-0.025552308532173083 -0.0 -0.01191523715209162
-0.029272886439918034 -0.0 -0.013650171123235393
-0.031883510863342096 -0.0 -0.014867525284444509
-0.03371397669842592 -0.0 -0.015721085521335186
-0.034832956713611155 -0.0 -0.016242874471738455
-0.03517742480210563 -0.0 -0.016403502579393443
-0.034607297766664734 -0.0 -0.016137647976646147
-0.03327718691707296 -0.0 -0.015517407101286448
-0.03133535049302364 -0.0 -0.014611913905867935
-0.02847836493309154 -0.0 -0.01327967966003335
-0.024839282815950714 -0.0 -0.011582747800155677
-0.019987032944986858 -0.0 -0.009320106526043627
-0.012664878512321252 -0.0 -0.005905729839898085

VECTORS funs-vector float
0.0 0.0 6.60093177693646e-8
0.0 0.0 6.986332627563613e-8
0.0 0.0 1.0069552949041531e-7
0.0 0.0 1.210432394316286e-7
0.0 0.0 1.5659390390448446e-7
0.0 0.0 2.5976369661345255e-7
0.0 0.0 2.1205083071281072e-7
0.0 0.0 7.667849095066068e-8
0.0 0.0 3.0258429458998856e-8
0.0 0.0 5.620171382826235e-8
0.0 0.0 3.336751578072755e-8
0.0 0.0 -8.481573068117795e-8
0.0 0.0 -1.3824828215547316e-7
0.0 0.0 -2.52587387127402e-7
0.0 0.0 -8.946082759435247e-8
0.0 0.0 -6.038517855441489e-8
0.0 0.0 -3.0867391067410866e-9
0.0 0.0 -1.2122715340658701e-7
0.0 0.0 -1.6330870134983022e-7
0.0 0.0 -1.847437054245596e-7
0.0 0.0 -4.398590311376957e-7
0.0 0.0 -3.721712392813392e-7
0.0 0.0 -4.232175647509643e-7
0.0 0.0 -2.9888571036322414e-7
0.0 0.0 -6.789447355841234e-7
0.0 0.0 5.255800643185053e-9
0.0 0.0 1.175544006380072e-7
0.0 0.0 3.870982177225167e-8
0.0 0.0 2.4956000030132686e-7
0.0 0.0 2.9403282039456e-7
0.0 0.0 3.211122984484147e-7
0.0 0.0 3.5681804178011594e-7
0.0 0.0 1.8492296372972888e-7
0.0 0.0 1.9920788025212296e-7
0.0 0.0 3.061547427695257e-7
0.0 0.0 -2.4495250918541648e-8
0.0 0.0 7.254692943351158e-8
0.0 0.0 -1.624407042816694e-7
0.0 0.0 -2.2620169398185846e-7
0.0 0.0 -1.6811599579114048e-7
0.0 0.0 -8.795851804486371e-8
0.0 0.0 -6.369052388518785e-7
0.0 0.0 -9.505318210110339e-7
0.0 0.0 -1.4470568413829912e-6
0.0 0.0 -1.6154373392913101e-6
0.0 0.0 -1.3524855901891899e-6
0.0 0.0 -1.2852975469389676e-6
0.0 0.0 -1.5737564793157208e-6
0.0 0.0 -1.4029677085535372e-6
0.0 0.0 -9.982790487583772e-7
0.0 0.0 -8.196705549452916e-7
0.0 0.0 -7.044278895953294e-7
0.0 0.0 -4.5108472205997297e-7
0.0 0.0 -8.457223014023511e-7
0.0 0.0 -1.1855036554855114e-6
0.0 0.0 -1.2919281218159995e-6
0.0 0.0 -1.7798536695388314e-6
0.0 0.0 -1.7981813894865892e-6
0.0 0.0 -1.6579222184211846e-6
0.0 0.0 -1.9437615405722273e-6
0.0 0.0 -1.9566278895281774e-6
0.0 0.0 -2.178739081996768e-6
0.0 0.0 -2.854633062296133e-6
0.0 0.0 -3.2628979372940527e-6
0.0 0.0 -3.2895924665477997e-6
0.0 0.0 -3.69931333468995e-6
0.0 0.0 -4.199432411992763e-6
0.0 0.0 -4.9020495764425104e-6
0.0 0.0 -5.76268245631375e-6
0.0 0.0 -5.820150241995429e-6
0.0 0.0 -6.3738333709166425e-6
0.0 0.0 -7.223599917500163e-6
0.0 0.0 -8.211674819397723e-6
0.0 0.0 -9.267190252030975e-6
0.0 0.0 -1.0058742904303393e-5
0.0 0.0 -1.1046265073068966e-5
0.0 0.0 -1.2215265850944561e-5
0.0 0.0 -1.3478531687124736e-5
0.0 0.0 -1.483262411415932e-5
0.0 0.0 -1.649159635131913e-5
0.0 0.0 -1.8294760809309007e-5
0.0 0.0 -2.0042604856743405e-5
0.0 0.0 -2.214896449327275e-5
0.0 0.0 -2.448209255396189e-5
0.0 0.0 -2.6963839806755512e-5
0.0 0.0 -2.9696680667515554e-5
0.0 0.0 -3.2733438485815284e-5
0.0 0.0 -3.621170428338226e-5
0.0 0.0 -4.004641410724411e-5
0.0 0.0 -4.469822840100983e-5
0.0 0.0 -5.04700360902565e-5
0.0 0.0 -5.800128711283297e-5
0.0 0.0 -6.900754163006377e-5
0.0 0.0 -8.815008191605373e-5
0.0 0.0 -0.00014954650258596825
0.0 0.0 -8.66897984069097e-5
0.0 0.0 -6.35376962078867e-5
0.0 0.0 -4.797385333255024e-5
0.0 0.0 -3.4847617980560144e-5
0.0 0.0 -2.160953450968219e-5
0.0 0.0 6.60093177693646e-8
0.0 0.0 6.986332627563613e-8
0.0 0.0 1.0069552949041531e-7
0.0 0.0 1.210432394316286e-7
0.0 0.0 1.5659390390448446e-7
0.0 0.0 2.5976369661345255e-7
0.0 0.0 2.1205083071281072e-7
0.0 0.0 7.667849095066068e-8
0.0 0.0 3.0258429458998856e-8
0.0 0.0 5.620171382826235e-8
0.0 0.0 3.336751578072755e-8
0.0 0.0 -8.481573068117795e-8
0.0 0.0 -1.3824828215547316e-7
0.0 0.0 -2.52587387127402e-7
0.0 0.0 -8.946082759435247e-8
0.0 0.0 -6.038517855441489e-8
0.0 0.0 -3.0867391067410866e-9
0.0 0.0 -1.2122715340658701e-7
0.0 0.0 -1.6330870134983022e-7
0.0 0.0 -1.847437054245596e-7
0.0 0.0 -4.398590311376957e-7
0.0 0.0 -3.721712392813392e-7
0.0 0.0 -4.232175647509643e-7
0.0 0.0 -2.9888571036322414e-7
0.0 0.0 -6.789447355841234e-7
0.0 0.0 5.255800643185053e-9
0.0 0.0 1.175544006380072e-7
0.0 0.0 3.870982177225167e-8
0.0 0.0 2.4956000030132686e-7
0.0 0.0 2.9403282039456e-7
0.0 0.0 3.211122984484147e-7
0.0 0.0 3.5681804178011594e-7
0.0 0.0 1.8492296372972888e-7
0.0 0.0 1.9920788025212296e-7
0.0 0.0 3.061547427695257e-7
0.0 0.0 -2.4495250918541648e-8
0.0 0.0 7.254692943351158e-8
0.0 0.0 -1.624407042816694e-7
0.0 0.0 -2.2620169398185846e-7
0.0 0.0 -1.6811599579114048e-7
0.0 0.0 -8.795851804486371e-8
0.0 0.0 -6.369052388518785e-7
0.0 0.0 -9.505318210110339e-7
0.0 0.0 -1.4470568413829912e-6
0.0 0.0 -1.6154373392913101e-6
0.0 0.0 -1.3524855901891899e-6
0.0 0.0 -1.2852975469389676e-6
0.0 0.0 -1.5737564793157208e-6
0.0 0.0 -1.4029677085535372e-6
0.0 0.0 -9.982790487583772e-7
0.0 0.0 -8.196705549452916e-7
0.0 0.0 -7.044278895953294e-7
0.0 0.0 -4.5108472205997297e-7
0.0 0.0 -8.457223014023511e-7
0.0 0.0 -1.1855036554855114e-6
0.0 0.0 -1.2919281218159995e-6
0.0 0.0 -1.7798536695388314e-6
0.0 0.0 -1.7981813894865892e-6
0.0 0.0 -1.6579222184211846e-6
0.0 0.0 -1.9437615405722273e-6
0.0 0.0 -1.9566278895281774e-6
0.0 0.0 -2.178739081996768e-6
0.0 0.0 -2.854633062296133e-6
0.0 0.0 -3.2628979372940527e-6
0.0 0.0 -3.2895924665477997e-6
0.0 0.0 -3.69931333468995e-6
0.0 0.0 -4.199432411992763e-6
0.0 0.0 -4.9020495764425104e-6
0.0 0.0 -5.76268245631375e-6
0.0 0.0 -5.820150241995429e-6
0.0 0.0 -6.3738333709166425e-6
0.0 0.0 -7.223599917500163e-6
0.0 0.0 -8.211674819397723e-6
0.0 0.0 -9.267190252030975e-6
0.0 0.0 -1.0058742904303393e-5
0.0 0.0 -1.1046265073068966e-5
0.0 0.0 -1.2215265850944561e-5
0.0 0.0 -1.3478531687124736e-5
0.0 0.0 -1.483262411415932e-5
0.0 0.0 -1.649159635131913e-5
0.0 0.0 -1.8294760809309007e-5
0.0 0.0 -2.0042604856743405e-5
0.0 0.0 -2.214896449327275e-5
0.0 0.0 -2.448209255396189e-5
0.0 0.0 -2.6963839806755512e-5
0.0 0.0 -2.9696680667515554e-5
0.0 0.0 -3.2733438485815284e-5
0.0 0.0 -3.621170428338226e-5
0.0 0.0 -4.004641410724411e-5
0.0 0.0 -4.469822840100983e-5
0.0 0.0 -5.04700360902565e-5
0.0 0.0 -5.800128711283297e-5
0.0 0.0 -6.900754163006377e-5
0.0 0.0 -8.815008191605373e-5
0.0 0.0 -0.00014954650258596825
0.0 0.0 -8.66897984069097e-5
0.0 0.0 -6.35376962078867e-5
0.0 0.0 -4.797385333255024e-5
0.0 0.0 -3.4847617980560144e-5
0.0 0.0 -2.160953450968219e-5

VECTORS S float
-0.0 -0.044896236561612214 0.0
-0.0 -0.0638531824881877 0.0
-0.0 -0.08027399551272163 0.0
-0.0 -0.0959719355863268 0.0
-0.0 -0.11137922708825378 0.0
-0.0 -0.12641870034019528 0.0
-0.0 -0.14148220137488243 0.0
-0.0 -0.15632273556147064 0.0
-0.0 -0.17084446956848073 0.0
-0.0 -0.18517335465862614 0.0
-0.0 -0.19912988990992703 0.0
-0.0 -0.21287105999810574 0.0
-0.0 -0.22556814324173924 0.0
-0.0 -0.23724430278836806 0.0
-0.0 -0.24867122954201043 0.0
-0.0 -0.25919927191717657 0.0
-0.0 -0.2694663775134915 0.0
-0.0 -0.2790815626653722 0.0
-0.0 -0.2884173302670465 0.0
-0.0 -0.29608821248245665 0.0
-0.0 -0.30356674412106843 0.0
-0.0 -0.3109475571611756 0.0
-0.0 -0.318048182701449 0.0
-0.0 -0.32555570290214714 0.0
-0.0 -0.33167381661158196 0.0
-0.0 -0.337947074639417 0.0
-0.0 -0.34397811293386316 0.0
-0.0 -0.3503707222820171 0.0
-0.0 -0.3563465006471208 0.0
-0.0 -0.3607268441285318 0.0
-0.0 -0.36554729219548365 0.0
-0.0 -0.3684161381334732 0.0
-0.0 -0.37039991925514015 0.0
-0.0 -0.37245487546944955 0.0
-0.0 -0.37390208106283535 0.0
-0.0 -0.37457987414999083 0.0
-0.0 -0.3743090373059886 0.0
-0.0 -0.3742144785868736 0.0
-0.0 -0.3724450550390749 0.0
-0.0 -0.36939688884587585 0.0
-0.0 -0.3648934974935651 0.0
-0.0 -0.35988908561920707 0.0
-0.0 -0.3548423909219958 0.0
-0.0 -0.346470935751608 0.0
-0.0 -0.3351949032868805 0.0
-0.0 -0.31897175479446876 0.0
-0.0 -0.29334647511169265 0.0
-0.0 -0.2452097436362018 0.0
-0.0 -0.11917417680529079 0.0
0.0 0.575919373623016 -0.0
-0.0 -0.5710792159209757 0.0
0.0 0.12197553595964869 -0.0
0.0 0.24555807245027406 -0.0
0.0 0.29387917577073214 -0.0
0.0 0.3195783943583697 -0.0
0.0 0.33596562785577927 -0.0
0.0 0.34838325438501694 -0.0
0.0 0.35476377913742896 -0.0
0.0 0.3615921537132114 -0.0
0.0 0.3659591436226214 -0.0
0.0 0.3700884482351482 -0.0
0.0 0.3728166741699986 -0.0
0.0 0.37433751725832715 -0.0
0.0 0.37476606908160615 -0.0
0.0 0.374170970746605 -0.0
0.0 0.3721059838108754 -0.0
0.0 0.37052562164171937 -0.0
0.0 0.3681974385871834 -0.0
0.0 0.3652213253275364 -0.0
0.0 0.3627818647063998 -0.0
0.0 0.358278642327836 -0.0
0.0 0.3541754815957126 -0.0
0.0 0.3484558192284187 -0.0
0.0 0.3423050485563034 -0.0
0.0 0.3365035409001552 -0.0
0.0 0.330465752632339 -0.0
0.0 0.3248106355957362 -0.0
0.0 0.3173095784642406 -0.0
0.0 0.3101547164810377 -0.0
0.0 0.302736572208744 -0.0
0.0 0.2952179641290794 -0.0
0.0 0.28749250101585594 -0.0
0.0 0.27818044089416255 -0.0
0.0 0.26869565687951574 -0.0
0.0 0.25818188074563986 -0.0
0.0 0.24770041999037581 -0.0
0.0 0.23639841896925443 -0.0
0.0 0.22463914071340652 -0.0
0.0 0.2118040012098525 -0.0
0.0 0.1982075726626007 -0.0
0.0 0.1842748984648323 -0.0
0.0 0.170114994994078 -0.0
0.0 0.15568628976589788 -0.0
0.0 0.1408623862325753 -0.0
0.0 0.12584911472670693 -0.0
0.0 0.11082992214296936 -0.0
0.0 0.09546287429787093 -0.0
0.0 0.07988763957180368 -0.0
0.0 0.06353494493985247 -0.0
0.0 0.04465481535525365 -0.0
-0.0 -0.044896236561612214 0.0
-0.0 -0.0638531824881877 0.0
-0.0 -0.08027399551272163 0.0
-0.0 -0.0959719355863268 0.0
-0.0 -0.11137922708825378 0.0
-0.0 -0.12641870034019528 0.0
-0.0 -0.14148220137488243 0.0
-0.0 -0.15632273556147064 0.0
-0.0 -0.17084446956848073 0.0
-0.0 -0.18517335465862614 0.0
-0.0 -0.19912988990992703 0.0
-0.0 -0.21287105999810574 0.0
-0.0 -0.22556814324173924 0.0
-0.0 -0.23724430278836806 0.0
-0.0 -0.24867122954201043 0.0
-0.0 -0.25919927191717657 0.0
-0.0 -0.2694663775134915 0.0
-0.0 -0.2790815626653722 0.0
-0.0 -0.2884173302670465 0.0
-0.0 -0.29608821248245665 0.0
-0.0 -0.30356674412106843 0.0
-0.0 -0.3109475571611756 0.0
-0.0 -0.318048182701449 0.0
-0.0 -0.32555570290214714 0.0
-0.0 -0.33167381661158196 0.0
-0.0 -0.337947074639417 0.0
-0.0 -0.34397811293386316 0.0
-0.0 -0.3503707222820171 0.0
-0.0 -0.3563465006471208 0.0
-0.0 -0.3607268441285318 0.0
-0.0 -0.36554729219548365 0.0
-0.0 -0.3684161381334732 0.0
-0.0 -0.37039991925514015 0.0
-0.0 -0.37245487546944955 0.0
-0.0 -0.37390208106283535 0.0
-0.0 -0.37457987414999083 0.0
-0.0 -0.3743090373059886 0.0
-0.0 -0.3742144785868736 0.0
-0.0 -0.3724450550390749 0.0
-0.0 -0.36939688884587585 0.0
-0.0 -0.3648934974935651 0.0
-0.0 -0.35988908561920707 0.0
-0.0 -0.3548423909219958 0.0
-0.0 -0.346470935751608 0.0
-0.0 -0.3351949032868805 0.0
-0.0 -0.31897175479446876 0.0
-0.0 -0.29334647511169265 0.0
-0.0 -0.2452097436362018 0.0
-0.0 -0.11917417680529079 0.0
0.0 0.575919373623016 -0.0
-0.0 -0.5710792159209757 0.0
0.0 0.12197553595964869 -0.0
0.0 0.24555807245027406 -0.0
0.0 0.29387917577073214 -0.0
0.0 0.3195783943583697 -0.0
0.0 0.33596562785577927 -0.0
0.0 0.34838325438501694 -0.0
0.0 0.35476377913742896 -0.0
0.0 0.3615921537132114 -0.0
0.0 0.3659591436226214 -0.0
0.0 0.3700884482351482 -0.0
0.0 0.3728166741699986 -0.0
0.0 0.37433751725832715 -0.0
0.0 0.37476606908160615 -0.0
0.0 0.374170970746605 -0.0
0.0 0.3721059838108754 -0.0
0.0 0.37052562164171937 -0.0
0.0 0.3681974385871834 -0.0
0.0 0.3652213253275364 -0.0
0.0 0.3627818647063998 -0.0
0.0 0.358278642327836 -0.0
0.0 0.3541754815957126 -0.0
0.0 0.3484558192284187 -0.0
0.0 0.3423050485563034 -0.0
0.0 0.3365035409001552 -0.0
0.0 0.330465752632339 -0.0
0.0 0.3248106355957362 -0.0
0.0 0.3173095784642406 -0.0
0.0 0.3101547164810377 -0.0
0.0 0.302736572208744 -0.0
0.0 0.2952179641290794 -0.0
0.0 0.28749250101585594 -0.0
0.0 0.27818044089416255 -0.0
0.0 0.26869565687951574 -0.0
0.0 0.25818188074563986 -0.0
0.0 0.24770041999037581 -0.0
0.0 0.23639841896925443 -0.0
0.0 0.22463914071340652 -0.0
0.0 0.2118040012098525 -0.0
0.0 0.1982075726626007 -0.0
0.0 0.1842748984648323 -0.0
0.0 0.170114994994078 -0.0
0.0 0.15568628976589788 -0.0
0.0 0.1408623862325753 -0.0
0.0 0.12584911472670693 -0.0
0.0 0.11082992214296936 -0.0
0.0 0.09546287429787093 -0.0
0.0 0.07988763957180368 -0.0
0.0 0.06353494493985247 -0.0
0.0 0.04465481535525365 -0.0

VECTORS Vvpm_ApA float
-0.2948969304561615 0.723598062992096 -0.23705200850963593
-0.30068716406822205 0.7034945487976074 -0.26010042428970337
-0.3044768273830414 0.6897138953208923 -0.275663822889328
-0.3081847131252289 0.6756849884986877 -0.29131197929382324
-0.31163135170936584 0.661715030670166 -0.3067777454853058
-0.31374332308769226 0.6529422402381897 -0.3163999319076538
-0.31631574034690857 0.6412885785102844 -0.329170286655426
-0.3175441324710846 0.6354171633720398 -0.3355873227119446
-0.3208164870738983 0.6188892126083374 -0.35356542468070984
-0.3221283257007599 0.6115090250968933 -0.36158931255340576
-0.3227887451648712 0.6076240539550781 -0.36580777168273926
-0.32189759612083435 0.6126583218574524 -0.3603498041629791
-0.32284989953041077 0.6074028611183167 -0.36603137850761414
-0.3224315345287323 0.6097387671470642 -0.36350101232528687
-0.3216404616832733 0.6141476035118103 -0.3587145209312439
-0.32091620564460754 0.6180481314659119 -0.35448652505874634
-0.3212098181247711 0.6163561344146729 -0.3563307523727417
-0.3226259648799896 0.6086333394050598 -0.3646894693374634
-0.32246139645576477 0.6095441579818726 -0.3637004792690277
-0.32267507910728455 0.6082160472869873 -0.3651474118232727
-0.32189974188804626 0.6125630736351013 -0.36043113470077515
-0.3207857310771942 0.6186350584030151 -0.3538443148136139
-0.32101544737815857 0.6173267960548401 -0.3552703261375427
-0.32064303755760193 0.6193318963050842 -0.3530883193016052
-0.32086673378944397 0.6180707216262817 -0.35446226596832275
-0.3224988281726837 0.6095222234725952 -0.3636915683746338
-0.3226630389690399 0.6085066795349121 -0.36479759216308594
-0.3223254978656769 0.61039799451828 -0.3627499043941498
-0.322053998708725 0.6118613481521606 -0.3611644208431244
-0.3222251832485199 0.6108202934265137 -0.36229968070983887
-0.32119980454444885 0.6164828538894653 -0.3561563491821289
-0.3213736116886139 0.6154613494873047 -0.3572711944580078
-0.3207031190395355 0.6191293597221375 -0.35327810049057007
-0.3190790116786957 0.62755286693573 -0.3441086411476135
-0.31926867365837097 0.626547634601593 -0.34520667791366577
-0.319454163312912 0.6255637407302856 -0.34627974033355713
-0.31963518261909485 0.6246016621589661 -0.34732869267463684
-0.31981077790260315 0.6236600875854492 -0.3483555018901825
-0.31998082995414734 0.6227390170097351 -0.34935927391052246
-0.31913092732429504 0.6271035671234131 -0.3446120321750641
-0.3193260133266449 0.626086950302124 -0.34571972489356995
-0.3245944678783417 0.5969857573509216 -0.37724244594573975
-0.32423707842826843 0.5991784930229187 -0.37486177682876587
-0.32432469725608826 0.5986023545265198 -0.3754875957965851
-0.3244076073169708 0.5980368852615356 -0.3761036694049835
-0.3244870603084564 0.5974826812744141 -0.37670764327049255
-0.3245639503002167 0.5969403386116028 -0.37729915976524353
-0.32463786005973816 0.5964086651802063 -0.37787938117980957
-0.3235393464565277 0.6031755208969116 -0.3705385625362396
-0.32456621527671814 0.5970240831375122 -0.37720987200737
-0.32957735657691956 0.5601020455360413 -0.4172055721282959
-0.3245667517185211 0.5970261693000793 -0.3772065043449402
-0.3235417306423187 0.6031839847564697 -0.37052810192108154
-0.32463857531547546 0.596410870552063 -0.37787628173828125
-0.3245634138584137 0.5969412326812744 -0.377297580242157
-0.3244875371456146 0.5974844694137573 -0.37670469284057617
-0.3244076073169708 0.5980381965637207 -0.37610092759132385
-0.324325829744339 0.598604679107666 -0.37548375129699707
-0.32423922419548035 0.599181592464447 -0.37485647201538086
-0.3245972692966461 0.5969871282577515 -0.3772384226322174
-0.31932780146598816 0.6260865926742554 -0.34571564197540283
-0.3191339671611786 0.627104640007019 -0.3446064591407776
-0.31998398900032043 0.6227419972419739 -0.34935182332992554
-0.3198145925998688 0.6236633658409119 -0.3483469784259796
-0.31963911652565 0.624605119228363 -0.34732019901275635
-0.3194582760334015 0.6255673170089722 -0.3462710976600647
-0.3192727863788605 0.6265510320663452 -0.34519824385643005
-0.3190818130970001 0.6275554299354553 -0.34410202503204346
-0.3207043707370758 0.6191338300704956 -0.35327136516571045
-0.3213742673397064 0.6154661774635315 -0.35726499557495117
-0.32119986414909363 0.6164873838424683 -0.3561510741710663
-0.3222246468067169 0.6108206510543823 -0.3622983396053314
-0.3220535218715668 0.6118621826171875 -0.3611631989479065
-0.3223249614238739 0.6103967428207397 -0.3627500534057617
-0.32266250252723694 0.6085071563720703 -0.36479616165161133
-0.3224986493587494 0.6095226407051086 -0.363689661026001
-0.32086679339408875 0.618073046207428 -0.3544585108757019
-0.3206431567668915 0.6193342208862305 -0.3530842363834381
-0.3210160434246063 0.6173303127288818 -0.3552651107311249
-0.3207866847515106 0.6186386346817017 -0.35383880138397217
-0.3219009339809418 0.612565279006958 -0.3604266345500946
-0.3226764500141144 0.6082189679145813 -0.3651423752307892
-0.3224627673625946 0.6095472574234009 -0.36369556188583374
-0.32262763381004333 0.6086371541023254 -0.36468368768692017
-0.3212111294269562 0.6163613796234131 -0.35632380843162537
-0.3209172785282135 0.6180530786514282 -0.35447990894317627
-0.3216414749622345 0.6141509413719177 -0.3587093949317932
-0.3224327266216278 0.6097429990768433 -0.3634951710700989
-0.3228509724140167 0.6074084043502808 -0.3660244047641754
-0.32189878821372986 0.6126651167869568 -0.36034178733825684
-0.3227897584438324 0.6076295971870422 -0.3658009171485901
-0.3221299946308136 0.6115136742591858 -0.36158302426338196
-0.3208180367946625 0.618891716003418 -0.35356059670448303
-0.3175455629825592 0.6354169249534607 -0.3355841636657715
-0.31631729006767273 0.6412851810455322 -0.3291693925857544
-0.3137443959712982 0.6529372334480286 -0.3163999915122986
-0.3116321861743927 0.6617067456245422 -0.3067801594734192
-0.3081854283809662 0.675675630569458 -0.2913152575492859
-0.30447712540626526 0.6897026896476746 -0.27566850185394287
-0.3006875813007355 0.7034821510314941 -0.2601053714752197
-0.2948969304561615 0.723598062992096 -0.23705200850963593
-0.30068716406822205 0.7034945487976074 -0.26010042428970337
-0.3044768273830414 0.6897138953208923 -0.275663822889328
-0.3081847131252289 0.6756849884986877 -0.29131197929382324
-0.31163135170936584 0.661715030670166 -0.3067777454853058
-0.31374332308769226 0.6529422402381897 -0.3163999319076538
-0.31631574034690857 0.6412885785102844 -0.329170286655426
-0.3175441324710846 0.6354171633720398 -0.3355873227119446
-0.3208164870738983 0.6188892126083374 -0.35356542468070984
-0.3221283257007599 0.6115090250968933 -0.36158931255340576
-0.3227887451648712 0.6076240539550781 -0.36580777168273926
-0.32189759612083435 0.6126583218574524 -0.3603498041629791
-0.32284989953041077 0.6074028611183167 -0.36603137850761414
-0.3224315345287323 0.6097387671470642 -0.36350101232528687
-0.3216404616832733 0.6141476035118103 -0.3587145209312439
-0.32091620564460754 0.6180481314659119 -0.35448652505874634
-0.3212098181247711 0.6163561344146729 -0.3563307523727417
-0.3226259648799896 0.6086333394050598 -0.3646894693374634
-0.32246139645576477 0.6095441579818726 -0.3637004792690277
-0.32267507910728455 0.6082160472869873 -0.3651474118232727
-0.32189974188804626 0.6125630736351013 -0.36043113470077515
-0.3207857310771942 0.6186350584030151 -0.3538443148136139
-0.32101544737815857 0.6173267960548401 -0.3552703261375427
-0.32064303755760193 0.6193318963050842 -0.3530883193016052
-0.32086673378944397 0.6180707216262817 -0.35446226596832275
-0.3224988281726837 0.6095222234725952 -0.3636915683746338
-0.3226630389690399 0.6085066795349121 -0.36479759216308594
-0.3223254978656769 0.61039799451828 -0.3627499043941498
-0.322053998708725 0.6118613481521606 -0.3611644208431244
-0.3222251832485199 0.6108202934265137 -0.36229968070983887
-0.32119980454444885 0.6164828538894653 -0.3561563491821289
-0.3213736116886139 0.6154613494873047 -0.3572711944580078
-0.3207031190395355 0.6191293597221375 -0.35327810049057007
-0.3190790116786957 0.62755286693573 -0.3441086411476135
-0.31926867365837097 0.626547634601593 -0.34520667791366577
-0.319454163312912 0.6255637407302856 -0.34627974033355713
-0.31963518261909485 0.6246016621589661 -0.34732869267463684
-0.31981077790260315 0.6236600875854492 -0.3483555018901825
-0.31998082995414734 0.6227390170097351 -0.34935927391052246
-0.31913092732429504 0.6271035671234131 -0.3446120321750641
-0.3193260133266449 0.626086950302124 -0.34571972489356995
-0.3245944678783417 0.5969857573509216 -0.37724244594573975
-0.32423707842826843 0.5991784930229187 -0.37486177682876587
-0.32432469725608826 0.5986023545265198 -0.3754875957965851
-0.3244076073169708 0.5980368852615356 -0.3761036694049835
-0.3244870603084564 0.5974826812744141 -0.37670764327049255
-0.3245639503002167 0.5969403386116028 -0.37729915976524353
-0.32463786005973816 0.5964086651802063 -0.37787938117980957
-0.3235393464565277 0.6031755208969116 -0.3705385625362396
-0.32456621527671814 0.5970240831375122 -0.37720987200737
-0.32957735657691956 0.5601020455360413 -0.4172055721282959
-0.3245667517185211 0.5970261693000793 -0.3772065043449402
-0.3235417306423187 0.6031839847564697 -0.37052810192108154
-0.32463857531547546 0.596410870552063 -0.37787628173828125
-0.3245634138584137 0.5969412326812744 -0.377297580242157
-0.3244875371456146 0.5974844694137573 -0.37670469284057617
-0.3244076073169708 0.5980381965637207 -0.37610092759132385
-0.324325829744339 0.598604679107666 -0.37548375129699707
-0.32423922419548035 0.599181592464447 -0.37485647201538086
-0.3245972692966461 0.5969871282577515 -0.3772384226322174
-0.31932780146598816 0.6260865926742554 -0.34571564197540283
-0.3191339671611786 0.627104640007019 -0.3446064591407776
-0.31998398900032043 0.6227419972419739 -0.34935182332992554
-0.3198145925998688 0.6236633658409119 -0.3483469784259796
-0.31963911652565 0.624605119228363 -0.34732019901275635
-0.3194582760334015 0.6255673170089722 -0.3462710976600647
-0.3192727863788605 0.6265510320663452 -0.34519824385643005
-0.3190818130970001 0.6275554299354553 -0.34410202503204346
-0.3207043707370758 0.6191338300704956 -0.35327136516571045
-0.3213742673397064 0.6154661774635315 -0.35726499557495117
-0.32119986414909363 0.6164873838424683 -0.3561510741710663
-0.3222246468067169 0.6108206510543823 -0.3622983396053314
-0.3220535218715668 0.6118621826171875 -0.3611631989479065
-0.3223249614238739 0.6103967428207397 -0.3627500534057617
-0.32266250252723694 0.6085071563720703 -0.36479616165161133
-0.3224986493587494 0.6095226407051086 -0.363689661026001
-0.32086679339408875 0.618073046207428 -0.3544585108757019
-0.3206431567668915 0.6193342208862305 -0.3530842363834381
-0.3210160434246063 0.6173303127288818 -0.3552651107311249
-0.3207866847515106 0.6186386346817017 -0.35383880138397217
-0.3219009339809418 0.612565279006958 -0.3604266345500946
-0.3226764500141144 0.6082189679145813 -0.3651423752307892
-0.3224627673625946 0.6095472574234009 -0.36369556188583374
-0.32262763381004333 0.6086371541023254 -0.36468368768692017
-0.3212111294269562 0.6163613796234131 -0.35632380843162537
-0.3209172785282135 0.6180530786514282 -0.35447990894317627
-0.3216414749622345 0.6141509413719177 -0.3587093949317932
-0.3224327266216278 0.6097429990768433 -0.3634951710700989
-0.3228509724140167 0.6074084043502808 -0.3660244047641754
-0.32189878821372986 0.6126651167869568 -0.36034178733825684
-0.3227897584438324 0.6076295971870422 -0.3658009171485901
-0.3221299946308136 0.6115136742591858 -0.36158302426338196
-0.3208180367946625 0.618891716003418 -0.35356059670448303
-0.3175455629825592 0.6354169249534607 -0.3355841636657715
-0.31631729006767273 0.6412851810455322 -0.3291693925857544
-0.3137443959712982 0.6529372334480286 -0.3163999915122986
-0.3116321861743927 0.6617067456245422 -0.3067801594734192
-0.3081854283809662 0.675675630569458 -0.2913152575492859
-0.30447712540626526 0.6897026896476746 -0.27566850185394287
-0.3006875813007355 0.7034821510314941 -0.2601053714752197

VECTORS Vkin float
-0.0 -0.0 -0.0
-0.0 -0.0 -0.0
-0.0 -0.0 -0.0
-0.0 -0.0 -0.0
-0.0 -0.0 -0.0
-0.0 -0.0 -0.0
-0.0 -0.0 -0.0
-0.0 -0.0 -0.0
-0.0 -0.0 -0.0
-0.0 -0.0 -0.0
-0.0 -0.0 -0.0
-0.0 -0.0 -0.0
-0.0 -0.0 -0.0
-0.0 -0.0 -0.0
-0.0 -0.0 -0.0
-0.0 -0.0 -0.0
-0.0 -0.0 -0.0
-0.0 -0.0 -0.0
-0.0 -0.0 -0.0
-0.0 -0.0 -0.0
-0.0 -0.0 -0.0
-0.0 -0.0 -0.0
-0.0 -0.0 -0.0
-0.0 -0.0 -0.0
-0.0 -0.0 -0.0
-0.0 -0.0 -0.0
-0.0 -0.0 -0.0
-0.0 -0.0 -0.0
-0.0 -0.0 -0.0
-0.0 -0.0 -0.0
-0.0 -0.0 -0.0
-0.0 -0.0 -0.0
-0.0 -0.0 -0.0
-0.0 -0.0 -0.0
-0.0 -0.0 -0.0
-0.0 -0.0 -0.0
-0.0 -0.0 -0.0
-0.0 -0.0 -0.0
-0.0 -0.0 -0.0
-0.0 -0.0 -0.0
-0.0 -0.0 -0.0
-0.0 -0.0 -0.0
-0.0 -0.0 -0.0
-0.0 -0.0 -0.0
-0.0 -0.0 -0.0
-0.0 -0.0 -0.0
-0.0 -0.0 -0.0
-0.0 -0.0 -0.0
-0.0 -0.0 -0.0
-0.0 -0.0 -0.0
-0.0 -0.0 -0.0
-0.0 -0.0 -0.0
-0.0 -0.0 -0.0
-0.0 -0.0 -0.0
-0.0 -0.0 -0.0
-0.0 -0.0 -0.0
-0.0 -0.0 -0.0
-0.0 -0.0 -0.0
-0.0 -0.0 -0.0
-0.0 -0.0 -0.0
-0.0 -0.0 -0.0
-0.0 -0.0 -0.0
-0.0 -0.0 -0.0
-0.0 -0.0 -0.0
-0.0 -0.0 -0.0
-0.0 -0.0 -0.0
-0.0 -0.0 -0.0
-0.0 -0.0 -0.0
-0.0 -0.0 -0.0
-0.0 -0.0 -0.0
-0.0 -0.0 -0.0
-0.0 -0.0 -0.0
-0.0 -0.0 -0.0
-0.0 -0.0 -0.0
-0.0 -0.0 -0.0
-0.0 -0.0 -0.0
-0.0 -0.0 -0.0
-0.0 -0.0 -0.0
-0.0 -0.0 -0.0
-0.0 -0.0 -0.0
-0.0 -0.0 -0.0
-0.0 -0.0 -0.0
-0.0 -0.0 -0.0
-0.0 -0.0 -0.0
-0.0 -0.0 -0.0
-0.0 -0.0 -0.0
-0.0 -0.0 -0.0
-0.0 -0.0 -0.0
-0.0 -0.0 -0.0
-0.0 -0.0 -0.0
-0.0 -0.0 -0.0
-0.0 -0.0 -0.0
-0.0 -0.0 -0.0
-0.0 -0.0 -0.0
-0.0 -0.0 -0.0
-0.0 -0.0 -0.0
-0.0 -0.0 -0.0
-0.0 -0.0 -0.0
-0.0 -0.0 -0.0
-0.0 -0.0 -0.0
-0.0 -0.0 -0.0
-0.0 -0.0 -0.0
-0.0 -0.0 -0.0
-0.0 -0.0 -0.0
-0.0 -0.0 -0.0
-0.0 -0.0 -0.0
-0.0 -0.0 -0.0
-0.0 -0.0 -0.0
-0.0 -0.0 -0.0
-0.0 -0.0 -0.0
-0.0 -0.0 -0.0
-0.0 -0.0 -0.0
-0.0 -0.0 -0.0
-0.0 -0.0 -0.0
-0.0 -0.0 -0.0
-0.0 -0.0 -0.0
-0.0 -0.0 -0.0
-0.0 -0.0 -0.0
-0.0 -0.0 -0.0
-0.0 -0.0 -0.0
-0.0 -0.0 -0.0
-0.0 -0.0 -0.0
-0.0 -0.0 -0.0
-0.0 -0.0 -0.0
-0.0 -0.0 -0.0
-0.0 -0.0 -0.0
-0.0 -0.0 -0.0
-0.0 -0.0 -0.0
-0.0 -0.0 -0.0
-0.0 -0.0 -0.0
-0.0 -0.0 -0.0
-0.0 -0.0 -0.0
-0.0 -0.0 -0.0
-0.0 -0.0 -0.0
-0.0 -0.0 -0.0
-0.0 -0.0 -0.0
-0.0 -0.0 -0.0
-0.0 -0.0 -0.0
-0.0 -0.0 -0.0
-0.0 -0.0 -0.0
-0.0 -0.0 -0.0
-0.0 -0.0 -0.0
-0.0 -0.0 -0.0
-0.0 -0.0 -0.0
-0.0 -0.0 -0.0
-0.0 -0.0 -0.0
-0.0 -0.0 -0.0
-0.0 -0.0 -0.0
-0.0 -0.0 -0.0
-0.0 -0.0 -0.0
-0.0 -0.0 -0.0
-0.0 -0.0 -0.0
-0.0 -0.0 -0.0
-0.0 -0.0 -0.0
-0.0 -0.0 -0.0
-0.0 -0.0 -0.0
-0.0 -0.0 -0.0
-0.0 -0.0 -0.0
-0.0 -0.0 -0.0
-0.0 -0.0 -0.0
-0.0 -0.0 -0.0
-0.0 -0.0 -0.0
-0.0 -0.0 -0.0
-0.0 -0.0 -0.0
-0.0 -0.0 -0.0
-0.0 -0.0 -0.0
-0.0 -0.0 -0.0
-0.0 -0.0 -0.0
-0.0 -0.0 -0.0
-0.0 -0.0 -0.0
-0.0 -0.0 -0.0
-0.0 -0.0 -0.0
-0.0 -0.0 -0.0
-0.0 -0.0 -0.0
-0.0 -0.0 -0.0
-0.0 -0.0 -0.0
-0.0 -0.0 -0.0
-0.0 -0.0 -0.0
-0.0 -0.0 -0.0
-0.0 -0.0 -0.0
-0.0 -0.0 -0.0
-0.0 -0.0 -0.0
-0.0 -0.0 -0.0
-0.0 -0.0 -0.0
-0.0 -0.0 -0.0
-0.0 -0.0 -0.0
-0.0 -0.0 -0.0
-0.0 -0.0 -0.0
-0.0 -0.0 -0.0
-0.0 -0.0 -0.0
-0.0 -0.0 -0.0
-0.0 -0.0 -0.0
-0.0 -0.0 -0.0
-0.0 -0.0 -0.0
-0.0 -0.0 -0.0
-0.0 -0.0 -0.0
-0.0 -0.0 -0.0
-0.0 -0.0 -0.0
-0.0 -0.0 -0.0
-0.0 -0.0 -0.0

VECTORS Funs-vector float
0.0 0.0 2.9872216714172147e-10
0.0 0.0 3.742341190279507e-10
0.0 0.0 6.230904855068844e-10
0.0 0.0 8.496112558012732e-10
0.0 0.0 1.2293057246587301e-9
0.0 0.0 2.255134435690622e-9
0.0 0.0 2.0171738522208426e-9
0.0 0.0 7.931543437971611e-10
0.0 0.0 3.381410367991571e-10
0.0 0.0 6.747750850987359e-10
0.0 0.0 4.2835594813262085e-10
0.0 0.0 -1.159322461687809e-9
0.0 0.0 -2.0045898316415878e-9
0.0 0.0 -3.872450504229211e-9
0.0 0.0 -1.4458961031320989e-9
0.0 0.0 -1.0261581645134204e-9
0.0 0.0 -5.50203514611866e-11
0.0 0.0 -2.261608376083742e-9
0.0 0.0 -3.182423022864647e-9
0.0 0.0 -3.753690471850855e-9
0.0 0.0 -9.302830813613923e-9
0.0 0.0 -8.180613842966917e-9
0.0 0.0 -9.6544328055767e-9
0.0 0.0 -7.066611965568816e-9
0.0 0.0 -1.6616763021159763e-8
0.0 0.0 1.3300120435781802e-10
0.0 0.0 3.0724969054621074e-9
0.0 0.0 1.043927048096894e-9
0.0 0.0 6.937573546039e-9
0.0 0.0 8.418285116446706e-9
0.0 0.0 9.460492577267358e-9
0.0 0.0 1.0809031345638307e-8
0.0 0.0 5.75555055717068e-9
0.0 0.0 6.365737707823645e-9
0.0 0.0 1.0037729125693492e-8
0.0 0.0 -8.234730742558476e-10
0.0 0.0 2.4991596157804717e-9
0.0 0.0 -5.730920102026079e-9
0.0 0.0 -8.16843274142672e-9
0.0 0.0 -6.210622835237808e-9
0.0 0.0 -3.322517971361383e-9
0.0 0.0 -2.458766175554633e-8
0.0 0.0 -3.7485271649944036e-8
0.0 0.0 -5.8269086177966226e-8
0.0 0.0 -6.639207696422091e-8
0.0 0.0 -5.6709344409176946e-8
0.0 0.0 -5.4960515405391304e-8
0.0 0.0 -6.860340266983093e-8
0.0 0.0 -6.232451084933846e-8
0.0 0.0 -4.5176664588356365e-8
0.0 0.0 -3.70938183865242e-8
0.0 0.0 -3.129303930517753e-8
0.0 0.0 -1.9663745460253545e-8
0.0 0.0 -3.616387013700108e-8
0.0 0.0 -4.970783835697815e-8
0.0 0.0 -5.3096328288089385e-8
0.0 0.0 -7.166991916876504e-8
0.0 0.0 -7.091326809983354e-8
0.0 0.0 -6.40039180664132e-8
0.0 0.0 -7.342304979829585e-8
0.0 0.0 -7.228269858308919e-8
0.0 0.0 -7.867705736030303e-8
0.0 0.0 -1.0071166628441692e-7
0.0 0.0 -1.1240314123525009e-7
0.0 0.0 -1.1058840876892152e-7
0.0 0.0 -1.2128737536049582e-7
0.0 0.0 -1.3419391453112123e-7
0.0 0.0 -1.5257160929027608e-7
0.0 0.0 -1.7456800949443022e-7
0.0 0.0 -1.714711284152954e-7
0.0 0.0 -1.8248556922692162e-7
0.0 0.0 -2.008104489273483e-7
0.0 0.0 -2.2145256840966302e-7
0.0 0.0 -2.4221478070713754e-7
0.0 0.0 -2.5454255429811664e-7
0.0 0.0 -2.7035067711392154e-7
0.0 0.0 -2.888078647854654e-7
0.0 0.0 -3.074720647942696e-7
0.0 0.0 -3.260326359181438e-7
0.0 0.0 -3.4879022560004604e-7
0.0 0.0 -3.71719670647918e-7
0.0 0.0 -3.905734759205793e-7
0.0 0.0 -4.1321009536173136e-7
0.0 0.0 -4.36387167895901e-7
0.0 0.0 -4.582111873595106e-7
0.0 0.0 -4.799677803990012e-7
0.0 0.0 -5.018406572518758e-7
0.0 0.0 -5.250670247840503e-7
0.0 0.0 -5.473832154921619e-7
0.0 0.0 -5.738141290584821e-7
0.0 0.0 -6.059587969470899e-7
0.0 0.0 -6.481703019845847e-7
0.0 0.0 -7.138068410066707e-7
0.0 0.0 -8.385444174609713e-7
0.0 0.0 -1.2982856038600113e-6
0.0 0.0 -6.805390426700608e-7
0.0 0.0 -4.4597568703038635e-7
0.0 0.0 -2.9685579604066724e-7
0.0 0.0 -1.866668581413646e-7
0.0 0.0 -9.779296617199714e-8
0.0 0.0 2.9872216714172147e-10
0.0 0.0 3.742341190279507e-10
0.0 0.0 6.230904855068844e-10
0.0 0.0 8.496112558012732e-10
0.0 0.0 1.2293057246587301e-9
0.0 0.0 2.255134435690622e-9
0.0 0.0 2.0171738522208426e-9
0.0 0.0 7.931543437971611e-10
0.0 0.0 3.381410367991571e-10
0.0 0.0 6.747750850987359e-10
0.0 0.0 4.2835594813262085e-10
0.0 0.0 -1.159322461687809e-9
0.0 0.0 -2.0045898316415878e-9
0.0 0.0 -3.872450504229211e-9
0.0 0.0 -1.4458961031320989e-9
0.0 0.0 -1.0261581645134204e-9
0.0 0.0 -5.50203514611866e-11
0.0 0.0 -2.261608376083742e-9
0.0 0.0 -3.182423022864647e-9
0.0 0.0 -3.753690471850855e-9
0.0 0.0 -9.302830813613923e-9
0.0 0.0 -8.180613842966917e-9
0.0 0.0 -9.6544328055767e-9
0.0 0.0 -7.066611965568816e-9
0.0 0.0 -1.6616763021159763e-8
0.0 0.0 1.3300120435781802e-10
0.0 0.0 3.0724969054621074e-9
0.0 0.0 1.043927048096894e-9
0.0 0.0 6.937573546039e-9
0.0 0.0 8.418285116446706e-9
0.0 0.0 9.460492577267358e-9
0.0 0.0 1.0809031345638307e-8
0.0 0.0 5.75555055717068e-9
0.0 0.0 6.365737707823645e-9
0.0 0.0 1.0037729125693492e-8
0.0 0.0 -8.234730742558476e-10
0.0 0.0 2.4991596157804717e-9
0.0 0.0 -5.730920102026079e-9
0.0 0.0 -8.16843274142672e-9
0.0 0.0 -6.210622835237808e-9
0.0 0.0 -3.322517971361383e-9
0.0 0.0 -2.458766175554633e-8
0.0 0.0 -3.7485271649944036e-8
0.0 0.0 -5.8269086177966226e-8
0.0 0.0 -6.639207696422091e-8
0.0 0.0 -5.6709344409176946e-8
0.0 0.0 -5.4960515405391304e-8
0.0 0.0 -6.860340266983093e-8
0.0 0.0 -6.232451084933846e-8
0.0 0.0 -4.5176664588356365e-8
0.0 0.0 -3.70938183865242e-8
0.0 0.0 -3.129303930517753e-8
0.0 0.0 -1.9663745460253545e-8
0.0 0.0 -3.616387013700108e-8
0.0 0.0 -4.970783835697815e-8
0.0 0.0 -5.3096328288089385e-8
0.0 0.0 -7.166991916876504e-8
0.0 0.0 -7.091326809983354e-8
0.0 0.0 -6.40039180664132e-8
0.0 0.0 -7.342304979829585e-8
0.0 0.0 -7.228269858308919e-8
0.0 0.0 -7.867705736030303e-8
0.0 0.0 -1.0071166628441692e-7
0.0 0.0 -1.1240314123525009e-7
0.0 0.0 -1.1058840876892152e-7
0.0 0.0 -1.2128737536049582e-7
0.0 0.0 -1.3419391453112123e-7
0.0 0.0 -1.5257160929027608e-7
0.0 0.0 -1.7456800949443022e-7
0.0 0.0 -1.714711284152954e-7
0.0 0.0 -1.8248556922692162e-7
0.0 0.0 -2.008104489273483e-7
0.0 0.0 -2.2145256840966302e-7
0.0 0.0 -2.4221478070713754e-7
0.0 0.0 -2.5454255429811664e-7
0.0 0.0 -2.7035067711392154e-7
0.0 0.0 -2.888078647854654e-7
0.0 0.0 -3.074720647942696e-7
0.0 0.0 -3.260326359181438e-7
0.0 0.0 -3.4879022560004604e-7
0.0 0.0 -3.71719670647918e-7
0.0 0.0 -3.905734759205793e-7
0.0 0.0 -4.1321009536173136e-7
0.0 0.0 -4.36387167895901e-7
0.0 0.0 -4.582111873595106e-7
0.0 0.0 -4.799677803990012e-7
0.0 0.0 -5.018406572518758e-7
0.0 0.0 -5.250670247840503e-7
0.0 0.0 -5.473832154921619e-7
0.0 0.0 -5.738141290584821e-7
0.0 0.0 -6.059587969470899e-7
0.0 0.0 -6.481703019845847e-7
0.0 0.0 -7.138068410066707e-7
0.0 0.0 -8.385444174609713e-7
0.0 0.0 -1.2982856038600113e-6
0.0 0.0 -6.805390426700608e-7
0.0 0.0 -4.4597568703038635e-7
0.0 0.0 -2.9685579604066724e-7
0.0 0.0 -1.866668581413646e-7
0.0 0.0 -9.779296617199714e-8

VECTORS Ftot float
-0.026583851130327157 -0.044896236561612214 0.025594606344440024
-0.042177345426416796 -0.0638531824881877 0.04153635986776859
-0.0552345999948858 -0.08027399551272163 0.05864504813821367
-0.06756890007945844 -0.0959719355863268 0.07745946377905205
-0.07961250987078203 -0.11137922708825378 0.09811030280224328
-0.0912883084376139 -0.12641870034019528 0.1206322729167361
-0.1029876968974487 -0.14148220137488243 0.1449502902585568
-0.11446462997150682 -0.15632273556147064 0.17106664209982836
-0.1256226156720227 -0.17084446956848073 0.19892559939035942
-0.13658799701920482 -0.18517335465862614 0.22843429373443785
-0.14718118897311028 -0.19912988990992703 0.2595343599713309
-0.15755872095289142 -0.21287105999810574 0.29212968643816883
-0.1668922952628515 -0.22556814324173924 0.32620346694158153
-0.17520493486167116 -0.23724430278836806 0.36155413951581683
-0.18326845092666222 -0.24867122954201043 0.39791978354835944
-0.19043300963170362 -0.25919927191717657 0.43523307348656287
-0.19733631870419577 -0.2694663775134915 0.473267639634928
-0.20358802726246902 -0.2790815626653722 0.5119454746130778
-0.2095603353328872 -0.2884173302670465 0.551103818564685
-0.21386768810387813 -0.29608821248245665 0.5907259281753269
-0.21798298070135835 -0.30356674412106843 0.6303955425866916
-0.22200029796885126 -0.3109475571611756 0.6699730548523263
-0.2257374033325981 -0.318048182701449 0.7093779158054399
-0.22988111518909074 -0.32555570290214714 0.7484719529353525
-0.23263560851535842 -0.33167381661158196 0.787388919575594
-0.23554277403452523 -0.337947074639417 0.8257567323609074
-0.23821028172428269 -0.34397811293386316 0.8635546268809963
-0.2412393827527508 -0.3503707222820171 0.9006656889573932
-0.24385165334115033 -0.3563465006471208 0.9372040765818954
-0.24486882175620583 -0.3607268441285318 0.9731951932464912
-0.24632579850518016 -0.36554729219548365 1.0082174499515082
-0.24583118585529645 -0.3684161381334732 1.0425041731033087
-0.24445107596945548 -0.37039991925514015 1.0756148496850522
-0.2431424255894413 -0.37245487546944955 1.1072461137719232
-0.24122602013211525 -0.37390208106283535 1.137441203843421
-0.23854021559304467 -0.37457987414999083 1.1661195536875375
-0.2349039587435084 -0.3743090373059886 1.193156007951076
-0.2314458892551359 -0.3742144785868736 1.2182971698521239
-0.22631294688384437 -0.3724450550390749 1.2418081921472903
-0.21990091082642121 -0.36939688884587585 1.2633977215982148
-0.2120336754154512 -0.3648934974935651 1.2828397311445503
-0.2036657406352285 -0.35988908561920707 1.2997577310942854
-0.19525547972848867 -0.3548423909219958 1.3141244617325434
-0.1835204721750639 -0.346470935751608 1.3265484728396015
-0.16888089734640238 -0.3351949032868805 1.336555759342887
-0.14929420981439526 -0.31897175479446876 1.344088909929479
-0.12030548365995702 -0.29334647511169265 1.34917682384923
-0.0688052359772941 -0.2452097436362018 1.352227804150087
0.0605948526306643 -0.11917417680529079 1.35469013876612
0.7590561392768048 0.575919373623016 1.3577790768001459
0.7542158004384194 -0.5710792159209757 1.2025920975766142
0.05779302310346345 0.12197553595964869 1.1991454479706034
-0.06915403020136474 0.24555807245027406 1.1970393703826105
-0.12083861892928527 0.29387917577073214 1.1940139074076312
-0.14990128073147377 0.3195783943583697 1.1890986362377014
-0.16965204063794093 0.33596562785577927 1.1819257958939366
-0.18543319047090373 0.34838325438501694 1.1722691259683296
-0.1951772601236372 0.35476377913742896 1.1612010579515382
-0.20536916992432414 0.3615921537132114 1.1477149079362001
-0.21309968887922875 0.3659591436226214 1.1323561572147147
-0.22059281124423244 0.3700884482351482 1.1148737375349347
-0.22668489305044986 0.3728166741699986 1.0955715064929497
-0.23156923439962201 0.37433751725832715 1.0746190771301336
-0.2353612882911976 0.37476606908160615 1.0521625815732079
-0.23813181973716083 0.374170970746605 1.028343836421513
-0.23943040905319762 0.3721059838108754 1.0033729458453209
-0.24121363121934108 0.37052562164171937 0.9769768766857537
-0.24224903618215196 0.3681974385871834 0.9493572688510227
-0.24263663052585271 0.3652213253275364 0.9206074793997572
-0.2435606241709197 0.3627818647063998 0.8906077487240404
-0.24242086043025451 0.358278642327836 0.8598801428514343
-0.24168093316241135 0.3541754815957126 0.8282439787118145
-0.23932476204527428 0.3484558192284187 0.7960834086848319
-0.23653748427593943 0.3423050485563034 0.7633819625326307
-0.23409950285329306 0.3365035409001552 0.7300430806725422
-0.2314277171914083 0.330465752632339 0.6961706439650994
-0.22913613230659013 0.3248106355957362 0.6617445395909415
-0.224998974567755 0.3173095784642406 0.6272063102477534
-0.22120762184601664 0.3101547164810377 0.5924212313793135
-0.21715296169028822 0.302736572208744 0.5574971571321221
-0.21299762209707834 0.2952179641290794 0.5225020666548423
-0.20863563051073747 0.28749250101585594 0.4875583357901258
-0.20268701294697772 0.27818044089416255 0.4530152121211146
-0.19656570141333735 0.26869565687951574 0.4188780722878925
-0.18941572887992858 0.25818188074563986 0.38536152816006763
-0.18229774569932988 0.24770041999037581 0.3524570152762968
-0.1743591332126974 0.23639841896925443 0.32036729981898576
-0.16596334660236425 0.22463914071340652 0.28919720570536445
-0.156491685414174 0.2118040012098525 0.2591714236959708
-0.14625890848633352 0.1982075726626007 0.23041130645409313
-0.13568961163861976 0.1842748984648323 0.20296636933126685
-0.12489322307693956 0.170114994994078 0.17689199000735353
-0.11382829421939142 0.15568628976589788 0.1522638311900695
-0.10236799990529484 0.1408623862325753 0.12917564669823292
-0.09071881420524724 0.12584911472670693 0.10766656014353397
-0.07906330851873561 0.11082992214296936 0.0877410223820611
-0.06705992961250781 0.09546287429787093 0.069458752799062
-0.05484833194170326 0.07988763957180368 0.05277186572793195
-0.04185918396004676 0.06353494493985247 0.03758487269218248
-0.026342505181408838 0.04465481535525365 0.023426035208106353
-0.026583851130327157 -0.044896236561612214 0.025594606344440024
-0.042177345426416796 -0.0638531824881877 0.04153635986776859
-0.0552345999948858 -0.08027399551272163 0.05864504813821367
-0.06756890007945844 -0.0959719355863268 0.07745946377905205
-0.07961250987078203 -0.11137922708825378 0.09811030280224328
-0.0912883084376139 -0.12641870034019528 0.1206322729167361
-0.1029876968974487 -0.14148220137488243 0.1449502902585568
-0.11446462997150682 -0.15632273556147064 0.17106664209982836
-0.1256226156720227 -0.17084446956848073 0.19892559939035942
-0.13658799701920482 -0.18517335465862614 0.22843429373443785
-0.14718118897311028 -0.19912988990992703 0.2595343599713309
-0.15755872095289142 -0.21287105999810574 0.29212968643816883
-0.1668922952628515 -0.22556814324173924 0.32620346694158153
-0.17520493486167116 -0.23724430278836806 0.36155413951581683
-0.18326845092666222 -0.24867122954201043 0.39791978354835944
-0.19043300963170362 -0.25919927191717657 0.43523307348656287
-0.19733631870419577 -0.2694663775134915 0.473267639634928
-0.20358802726246902 -0.2790815626653722 0.5119454746130778
-0.2095603353328872 -0.2884173302670465 0.551103818564685
-0.21386768810387813 -0.29608821248245665 0.5907259281753269
-0.21798298070135835 -0.30356674412106843 0.6303955425866916
-0.22200029796885126 -0.3109475571611756 0.6699730548523263
-0.2257374033325981 -0.318048182701449 0.7093779158054399
-0.22988111518909074 -0.32555570290214714 0.7484719529353525
-0.23263560851535842 -0.33167381661158196 0.787388919575594
-0.23554277403452523 -0.337947074639417 0.8257567323609074
-0.23821028172428269 -0.34397811293386316 0.8635546268809963
-0.2412393827527508 -0.3503707222820171 0.9006656889573932
-0.24385165334115033 -0.3563465006471208 0.9372040765818954
-0.24486882175620583 -0.3607268441285318 0.9731951932464912
-0.24632579850518016 -0.36554729219548365 1.0082174499515082
-0.24583118585529645 -0.3684161381334732 1.0425041731033087
-0.24445107596945548 -0.37039991925514015 1.0756148496850522
-0.2431424255894413 -0.37245487546944955 1.1072461137719232
-0.24122602013211525 -0.37390208106283535 1.137441203843421
-0.23854021559304467 -0.37457987414999083 1.1661195536875375
-0.2349039587435084 -0.3743090373059886 1.193156007951076
-0.2314458892551359 -0.3742144785868736 1.2182971698521239
-0.22631294688384437 -0.3724450550390749 1.2418081921472903
-0.21990091082642121 -0.36939688884587585 1.2633977215982148
-0.2120336754154512 -0.3648934974935651 1.2828397311445503
-0.2036657406352285 -0.35988908561920707 1.2997577310942854
-0.19525547972848867 -0.3548423909219958 1.3141244617325434
-0.1835204721750639 -0.346470935751608 1.3265484728396015
-0.16888089734640238 -0.3351949032868805 1.336555759342887
-0.14929420981439526 -0.31897175479446876 1.344088909929479
-0.12030548365995702 -0.29334647511169265 1.34917682384923
-0.0688052359772941 -0.2452097436362018 1.352227804150087
0.0605948526306643 -0.11917417680529079 1.35469013876612
0.7590561392768048 0.575919373623016 1.3577790768001459
0.7542158004384194 -0.5710792159209757 1.2025920975766142
0.05779302310346345 0.12197553595964869 1.1991454479706034
-0.06915403020136474 0.24555807245027406 1.1970393703826105
-0.12083861892928527 0.29387917577073214 1.1940139074076312
-0.14990128073147377 0.3195783943583697 1.1890986362377014
-0.16965204063794093 0.33596562785577927 1.1819257958939366
-0.18543319047090373 0.34838325438501694 1.1722691259683296
-0.1951772601236372 0.35476377913742896 1.1612010579515382
-0.20536916992432414 0.3615921537132114 1.1477149079362001
-0.21309968887922875 0.3659591436226214 1.1323561572147147
-0.22059281124423244 0.3700884482351482 1.1148737375349347
-0.22668489305044986 0.3728166741699986 1.0955715064929497
-0.23156923439962201 0.37433751725832715 1.0746190771301336
-0.2353612882911976 0.37476606908160615 1.0521625815732079
-0.23813181973716083 0.374170970746605 1.028343836421513
-0.23943040905319762 0.3721059838108754 1.0033729458453209
-0.24121363121934108 0.37052562164171937 0.9769768766857537
-0.24224903618215196 0.3681974385871834 0.9493572688510227
-0.24263663052585271 0.3652213253275364 0.9206074793997572
-0.2435606241709197 0.3627818647063998 0.8906077487240404
-0.24242086043025451 0.358278642327836 0.8598801428514343
-0.24168093316241135 0.3541754815957126 0.8282439787118145
-0.23932476204527428 0.3484558192284187 0.7960834086848319
-0.23653748427593943 0.3423050485563034 0.7633819625326307
-0.23409950285329306 0.3365035409001552 0.7300430806725422
-0.2314277171914083 0.330465752632339 0.6961706439650994
-0.22913613230659013 0.3248106355957362 0.6617445395909415
-0.224998974567755 0.3173095784642406 0.6272063102477534
-0.22120762184601664 0.3101547164810377 0.5924212313793135
-0.21715296169028822 0.302736572208744 0.5574971571321221
-0.21299762209707834 0.2952179641290794 0.5225020666548423
-0.20863563051073747 0.28749250101585594 0.4875583357901258
-0.20268701294697772 0.27818044089416255 0.4530152121211146
-0.19656570141333735 0.26869565687951574 0.4188780722878925
-0.18941572887992858 0.25818188074563986 0.38536152816006763
-0.18229774569932988 0.24770041999037581 0.3524570152762968
-0.1743591332126974 0.23639841896925443 0.32036729981898576
-0.16596334660236425 0.22463914071340652 0.28919720570536445
-0.156491685414174 0.2118040012098525 0.2591714236959708
-0.14625890848633352 0.1982075726626007 0.23041130645409313
-0.13568961163861976 0.1842748984648323 0.20296636933126685
-0.12489322307693956 0.170114994994078 0.17689199000735353
-0.11382829421939142 0.15568628976589788 0.1522638311900695
-0.10236799990529484 0.1408623862325753 0.12917564669823292
-0.09071881420524724 0.12584911472670693 0.10766656014353397
-0.07906330851873561 0.11082992214296936 0.0877410223820611
-0.06705992961250781 0.09546287429787093 0.069458752799062
-0.05484833194170326 0.07988763957180368 0.05277186572793195
-0.04185918396004676 0.06353494493985247 0.03758487269218248
-0.026342505181408838 0.04465481535525365 0.023426035208106353

VECTORS Vvpm_AB float
-0.32946380972862244 0.560087263584137 -0.41737961769104004
-0.3294612467288971 0.5600853562355042 -0.4173844754695892
-0.32946839928627014 0.5600885152816772 -0.41737839579582214
-0.3294924199581146 0.5600922107696533 -0.41736659407615667
-0.3295094072818756 0.5600969791412354 -0.4173545837402344
-0.32953163981437683 0.5600998401641846 -0.4173448383808136
-0.3295884430408478 0.5601115822792053 -0.4173103272914887
-0.3295954167842865 0.5601117014884949 -0.4173097610473633
-0.32960453629493713 0.5601136088371277 -0.41730213165283203
-0.32959070801734924 0.5601121783256531 -0.41730752587318426
-0.3295740783214569 0.560107946395874 -0.41731908917427063
-0.3295702040195465 0.5601071119308472 -0.41731724143028265
-0.3295576870441437 0.5601060390472412 -0.4173208177089691
-0.3295471966266632 0.5601051449775696 -0.41732358932495117
-0.3295413553714752 0.5601024031639099 -0.41732946038246155
-0.32953140139579773 0.5601013898849487 -0.41733273863792425
-0.32953545451164246 0.5601018667221069 -0.41732570528984075
-0.3295258581638336 0.5601008534431458 -0.4173291027545929
-0.3295164406299591 0.560099720954895 -0.41733270883560186
-0.32950887084007263 0.5600987672805786 -0.41733413934707647
-0.3295036256313324 0.5600947737693787 -0.41734263300895696
-0.32949820160865784 0.5600945353507996 -0.417344331741333
-0.3294925391674042 0.5600941181182861 -0.41734537482261663
-0.3294943869113922 0.560093879699707 -0.41733950376510615
-0.3294889032840729 0.5600938200950623 -0.4173384904861451
-0.3295787274837494 0.5601091980934143 -0.41728064417839045
-0.3295714557170868 0.5601085424423218 -0.4172833561897277
-0.3295641243457794 0.5601074695587158 -0.417286366224289
-0.3295568525791168 0.560106635093689 -0.4172892272472382
-0.32955649495124817 0.560101330280304 -0.4172977209091187
-0.32955029606819153 0.5601000189781189 -0.4173007309436798
-0.32954439520835876 0.5600990056991577 -0.41730380058288574
-0.3295440971851349 0.5600988268852234 -0.41729906201362615
-0.32954129576683044 0.5600988268852234 -0.41729941964149475
-0.3295380771160126 0.560099184513092 -0.41729971766471863
-0.3295347988605499 0.5600990653038025 -0.41730022430419916
-0.3295608460903168 0.5601010918617249 -0.41727110743522644
-0.32955530285835266 0.5601004362106323 -0.41727367043495184
-0.3295500576496124 0.5600997805595398 -0.417275995016098
-0.3295481503009796 0.5601017475128174 -0.41727301478385925
-0.3295455276966095 0.560103714466095 -0.4172705709934234
-0.3295404613018036 0.5601028800010681 -0.41727277636528015
-0.3295358121395111 0.5601027607917786 -0.4172742962837219
-0.32953080534935 0.5601021647453308 -0.41727596521377563
-0.32952603697776794 0.5601021647453308 -0.41727769374847407
-0.32952097058296204 0.5601013898849487 -0.41727942228317266
-0.329515665769577 0.560100793838501 -0.4172822535037995
-0.32951053977012634 0.560100257396698 -0.41728413105010986
-0.3295353949069977 0.5601048469543457 -0.4172723293304444
-0.3296094238758087 0.5601089000701904 -0.4172206223011017
-0.3296094834804535 0.5601064562797546 -0.4172227382659912
-0.32953545451164246 0.5600982904434204 -0.4172779321670533
-0.329510360956192 0.5600935220718384 -0.4172897934913635
-0.3295154273509979 0.5600939393043518 -0.41728764772415156
-0.32952138781547546 0.5600955486297607 -0.4172848463058471
-0.32952603697776794 0.5600957870483398 -0.4172830879688263
-0.3295309841632843 0.5600959658622742 -0.41728121042251587
-0.3295356333255768 0.5600963830947876 -0.41727957129478455
-0.32954058051109314 0.5600969791412354 -0.41727772355079645
-0.3295459449291229 0.5600976347923279 -0.41727569699287415
-0.3295481503009796 0.560096263885498 -0.4172779023647309
-0.32954999804496765 0.5600938200950623 -0.4172807931900025
-0.329555481672287 0.5600947141647339 -0.4172782599925995
-0.32956060767173767 0.5600956082344055 -0.41727569699287415
-0.3295349180698395 0.5600897669792175 -0.4173082113265991
-0.3295383155345917 0.5600895881652832 -0.41730755567550665
-0.32954153418540955 0.5600900053977966 -0.4173070192337036
-0.32954445481300354 0.5600900053977966 -0.4173065423965454
-0.32954439520835876 0.5600935816764832 -0.4173083007335663
-0.3295506536960602 0.560094952583313 -0.41730526089668274
-0.3295566141605377 0.5600962042808533 -0.4173021614551544
-0.3295568525791168 0.5600998401641846 -0.41729491949081426
-0.3295641243457794 0.5601010322570801 -0.4172919094562531
-0.3295716941356659 0.5601019263267517 -0.41728875041007996
-0.3295789062976837 0.5601029396057129 -0.4172861278057098
-0.3294890820980072 0.5600897073745728 -0.4173422157764435
-0.3294946253299713 0.5600917339324951 -0.4173413813114166
-0.3294928967952728 0.5600897073745728 -0.41734942793846125
-0.32949820160865784 0.5600897669792175 -0.4173482954502106
-0.3295038640499115 0.560090184211731 -0.4173464477062225
-0.32950910925865173 0.5600934624671936 -0.41733887791633606
-0.3295166790485382 0.560096025466919 -0.4173360764980316
-0.32952603697776794 0.5600970983505249 -0.41733214259147644
-0.32953545451164246 0.5600983500480652 -0.41732877492904663
-0.32953163981437683 0.5600970983505249 -0.4173361659049988
-0.3295411765575409 0.5600982308387756 -0.4173328876495362
-0.32954731583595276 0.5601016283035278 -0.417326420545578
-0.3295576870441437 0.5601040124893188 -0.41732278466224665
-0.32957032322883606 0.5601062178611755 -0.4173181354999542
-0.3295745551586151 0.5601060390472412 -0.41732057929039
-0.3295905888080597 0.5601083636283875 -0.4173106551170349
-0.32960471510887146 0.5601091384887695 -0.4173060059547425
-0.3295954167842865 0.56010502576828 -0.41731539368629456
-0.32958880066871643 0.5601040720939636 -0.41731688380241394
-0.32953163981437683 0.5600929260253906 -0.4173504114151001
-0.3295096457004547 0.5600888133049011 -0.4173615574836731
-0.3294928967952728 0.5600841045379639 -0.41737341880798345
-0.32946857810020447 0.5600795149803162 -0.4173859059810638
-0.3294614255428314 0.5600763559341431 -0.41739198565483093
-0.32946404814720154 0.5600769519805908 -0.4173884093761444
-0.32946380972862244 0.560087263584137 -0.41737961769104004
-0.3294612467288971 0.5600853562355042 -0.4173844754695892
-0.32946839928627014 0.5600885152816772 -0.41737839579582214
-0.3294924199581146 0.5600922107696533 -0.41736659407615667
-0.3295094072818756 0.5600969791412354 -0.4173545837402344
-0.32953163981437683 0.5600998401641846 -0.4173448383808136
-0.3295884430408478 0.5601115822792053 -0.4173103272914887
-0.3295954167842865 0.5601117014884949 -0.4173097610473633
-0.32960453629493713 0.5601136088371277 -0.41730213165283203
-0.32959070801734924 0.5601121783256531 -0.41730752587318426
-0.3295740783214569 0.560107946395874 -0.41731908917427063
-0.3295702040195465 0.5601071119308472 -0.41731724143028265
-0.3295576870441437 0.5601060390472412 -0.4173208177089691
-0.3295471966266632 0.5601051449775696 -0.41732358932495117
-0.3295413553714752 0.5601024031639099 -0.41732946038246155
-0.32953140139579773 0.5601013898849487 -0.41733273863792425
-0.32953545451164246 0.5601018667221069 -0.41732570528984075
-0.3295258581638336 0.5601008534431458 -0.4173291027545929
-0.3295164406299591 0.560099720954895 -0.41733270883560186
-0.32950887084007263 0.5600987672805786 -0.41733413934707647
-0.3295036256313324 0.5600947737693787 -0.41734263300895696
-0.32949820160865784 0.5600945353507996 -0.417344331741333
-0.3294925391674042 0.5600941181182861 -0.41734537482261663
-0.3294943869113922 0.560093879699707 -0.41733950376510615
-0.3294889032840729 0.5600938200950623 -0.4173384904861451
-0.3295787274837494 0.5601091980934143 -0.41728064417839045
-0.3295714557170868 0.5601085424423218 -0.4172833561897277
-0.3295641243457794 0.5601074695587158 -0.417286366224289
-0.3295568525791168 0.560106635093689 -0.4172892272472382
-0.32955649495124817 0.560101330280304 -0.4172977209091187
-0.32955029606819153 0.5601000189781189 -0.4173007309436798
-0.32954439520835876 0.5600990056991577 -0.41730380058288574
-0.3295440971851349 0.5600988268852234 -0.41729906201362615
-0.32954129576683044 0.5600988268852234 -0.41729941964149475
-0.3295380771160126 0.560099184513092 -0.41729971766471863
-0.3295347988605499 0.5600990653038025 -0.41730022430419916
-0.3295608460903168 0.5601010918617249 -0.41727110743522644
-0.32955530285835266 0.5601004362106323 -0.41727367043495184
-0.3295500576496124 0.5600997805595398 -0.417275995016098
-0.3295481503009796 0.5601017475128174 -0.41727301478385925
-0.3295455276966095 0.560103714466095 -0.4172705709934234
-0.3295404613018036 0.5601028800010681 -0.41727277636528015
-0.3295358121395111 0.5601027607917786 -0.4172742962837219
-0.32953080534935 0.5601021647453308 -0.41727596521377563
-0.32952603697776794 0.5601021647453308 -0.41727769374847407
-0.32952097058296204 0.5601013898849487 -0.41727942228317266
-0.329515665769577 0.560100793838501 -0.4172822535037995
-0.32951053977012634 0.560100257396698 -0.41728413105010986
-0.3295353949069977 0.5601048469543457 -0.4172723293304444
-0.3296094238758087 0.5601089000701904 -0.4172206223011017
-0.3296094834804535 0.5601064562797546 -0.4172227382659912
-0.32953545451164246 0.5600982904434204 -0.4172779321670533
-0.329510360956192 0.5600935220718384 -0.4172897934913635
-0.3295154273509979 0.5600939393043518 -0.41728764772415156
-0.32952138781547546 0.5600955486297607 -0.4172848463058471
-0.32952603697776794 0.5600957870483398 -0.4172830879688263
-0.3295309841632843 0.5600959658622742 -0.41728121042251587
-0.3295356333255768 0.5600963830947876 -0.41727957129478455
-0.32954058051109314 0.5600969791412354 -0.41727772355079645
-0.3295459449291229 0.5600976347923279 -0.41727569699287415
-0.3295481503009796 0.560096263885498 -0.4172779023647309
-0.32954999804496765 0.5600938200950623 -0.4172807931900025
-0.329555481672287 0.5600947141647339 -0.4172782599925995
-0.32956060767173767 0.5600956082344055 -0.41727569699287415
-0.3295349180698395 0.5600897669792175 -0.4173082113265991
-0.3295383155345917 0.5600895881652832 -0.41730755567550665
-0.32954153418540955 0.5600900053977966 -0.4173070192337036
-0.32954445481300354 0.5600900053977966 -0.4173065423965454
-0.32954439520835876 0.5600935816764832 -0.4173083007335663
-0.3295506536960602 0.560094952583313 -0.41730526089668274
-0.3295566141605377 0.5600962042808533 -0.4173021614551544
-0.3295568525791168 0.5600998401641846 -0.41729491949081426
-0.3295641243457794 0.5601010322570801 -0.4172919094562531
-0.3295716941356659 0.5601019263267517 -0.41728875041007996
-0.3295789062976837 0.5601029396057129 -0.4172861278057098
-0.3294890820980072 0.5600897073745728 -0.4173422157764435
-0.3294946253299713 0.5600917339324951 -0.4173413813114166
-0.3294928967952728 0.5600897073745728 -0.41734942793846125
-0.32949820160865784 0.5600897669792175 -0.4173482954502106
-0.3295038640499115 0.560090184211731 -0.4173464477062225
-0.32950910925865173 0.5600934624671936 -0.41733887791633606
-0.3295166790485382 0.560096025466919 -0.4173360764980316
-0.32952603697776794 0.5600970983505249 -0.41733214259147644
-0.32953545451164246 0.5600983500480652 -0.41732877492904663
-0.32953163981437683 0.5600970983505249 -0.4173361659049988
-0.3295411765575409 0.5600982308387756 -0.4173328876495362
-0.32954731583595276 0.5601016283035278 -0.417326420545578
-0.3295576870441437 0.5601040124893188 -0.41732278466224665
-0.32957032322883606 0.5601062178611755 -0.4173181354999542
-0.3295745551586151 0.5601060390472412 -0.41732057929039
-0.3295905888080597 0.5601083636283875 -0.4173106551170349
-0.32960471510887146 0.5601091384887695 -0.4173060059547425
-0.3295954167842865 0.56010502576828 -0.41731539368629456
-0.32958880066871643 0.5601040720939636 -0.41731688380241394
-0.32953163981437683 0.5600929260253906 -0.4173504114151001
-0.3295096457004547 0.5600888133049011 -0.4173615574836731
-0.3294928967952728 0.5600841045379639 -0.41737341880798345
-0.32946857810020447 0.5600795149803162 -0.4173859059810638
-0.3294614255428314 0.5600763559341431 -0.41739198565483093
-0.32946404814720154 0.5600769519805908 -0.4173884093761444